[package] /private/var/folders/sl/yxxj_m9n37sgntkntqw0x8yw0000gn/T/places-art-style-hero-34z1v64z (assets: /private/var/folders/sl/yxxj_m9n37sgntkntqw0x8yw0000gn/T/places-art-style-hero-34z1v64z/assets/levels)
[package] asset root: /private/var/folders/sl/yxxj_m9n37sgntkntqw0x8yw0000gn/T/places-art-style-hero-34z1v64z/assets
[settings] quality high (saved high) [startup override] | lighting high | bloom on | reflections full | lightmaps full | vsync off | filtering high | window Windowed 640 x 360
[assets] 204 placeable asset(s) of 352 catalog entries; themes: office, pool, home, outdoor, winter
[renderer] wgpu | adapter: Apple M2 Pro | backend: Metal | device type: IntegratedGpu | surface format: Bgra8UnormSrgb | present mode: Fifo | alpha mode: Opaque | depth format: Depth32Float | drawable: 1280x720
[wgpu] texture filtering: world presets low 4x / medium 8x / high 16x requested | anisotropy supported
[wgpu] present mode Immediate (immediate)
[window] logical 640x360 | drawable 1280x720 pixels | backing scale 2.0x
[wgpu] world pipeline for surface format Bgra8UnormSrgb
[wgpu] post targets: scene 1280x720, bloom 320x180, presented 1280x720
[startup] total 235.1 ms
[startup]   package root: +0.1 ms (0.1 ms)
[startup]   settings: +0.7 ms (0.8 ms)
[startup]   window: +101.2 ms (102.0 ms)
[startup]   asset catalog: +1.5 ms (103.5 ms)
[startup]   renderer device: +9.4 ms (112.9 ms)
[startup]   input responsive: +55.4 ms (168.4 ms)
[startup]   first scene attempted: +27.4 ms (195.8 ms)
[startup]   first UI attempted: +0.0 ms (195.8 ms)
[startup]   first presented: +39.2 ms (235.1 ms)
[loading] package identity level=art_style_hero variant=full sha256=3eeecc62e7fbf242037e6c25dab73329974e6653ac16808dbba3365638da432a source=/var/folders/sl/yxxj_m9n37sgntkntqw0x8yw0000gn/T/places-art-style-hero-34z1v64z/assets/levels/art_style_hero.placesmap
[loading] compiled-cache miss level=art_style_hero variant=full
[lightmaps] atlas array: 2 page(s) in 4 layer(s), 1024-texel edge, 33554432 bytes resident
[wgpu] world upload: 312 vertices, 480 indices, 14 draws in 1 chunk(s) (neutral mesh: 312 vertices, 480 indices, 14 ranges)
[wgpu] textures: 10 unique, 9 uploaded, 3 cache hits, 1 fallbacks, 0 missing of 14 draws (53127840 bytes resident, max edge 1024px, high filtering)
[wgpu] materials: 11 resolved (6 response, 1 reflection-eligible), 2 normal maps (2 uploaded, 0 cache hits), 13 opaque / 0 cutout / 1 translucent of 14 draws (enabled response, high level)
[wgpu] decals: 0 draw(s), 0 chunk(s), 1 sheet(s) (0 external, 0 diagnostic)
[wgpu] sky `outdoor:tex_sky_stars_01`: 1024x512 uploaded
[wgpu] uploaded 1 packaged reflection probe(s) at 64 texels, 7 mip level(s)
[loading] committed art_style_hero
[props] 16 models cached (0 failed), 5300 triangles, 3856 KiB of textures, 21 draw call(s)
[level] 312 static vertices, 15900 prop vertices, 21 prop draw call(s), built in 0.2 ms (lighting 0.0 + props 0.0 + surfaces 0.0)
[spatial] 14 static batch(es) (floor 4 / ceiling 1 / wall 7 / light 2 / prop box 0 / decal 0), 21 prop batch(es)
[lighting] baked 3 room(s) / 3 baseline area(s) from 4 fixture(s): 14 wall + 36 slab + 222 prop blocker(s), baselines 0.31..0.41 (avg 0.37)
[lightmaps] 2 page(s), 5354 chart(s), 203798 chart texels, 2097152 page texels (32768 KiB), filled in 0.0 ms
[dynamic] 0 object(s): 0 draw call(s), 0 vertices (the demonstration path; never part of the static bake); doors: 0/0
[lighting-sequence] frame=1 action=Spawn { key: 1000, model: "home:dining_chair", character: false, position: [1.2, 0.0, 3.4], yaw: 0.0, scale: 1.0 } applied=true
[lighting-sequence] frame=1 action=Spawn { key: 1001, model: "home:dining_chair", character: false, position: [2.05, 0.0, 3.4], yaw: 0.0, scale: 1.0 } applied=true
[lighting-sequence] frame=1 action=Spawn { key: 1002, model: "home:dining_chair", character: false, position: [2.9, 0.0, 3.4], yaw: 0.0, scale: 1.0 } applied=true
[lighting-sequence] frame=1 action=Spawn { key: 1003, model: "home:dining_chair", character: false, position: [3.75, 0.0, 3.4], yaw: 0.0, scale: 1.0 } applied=true
[lighting-sequence] frame=1 action=Spawn { key: 1004, model: "home:dining_chair", character: false, position: [4.6, 0.0, 3.4], yaw: 0.0, scale: 1.0 } applied=true
[lighting-sequence] frame=1 action=Spawn { key: 1005, model: "home:dining_chair", character: false, position: [5.45, 0.0, 3.4], yaw: 0.0, scale: 1.0 } applied=true
[lighting-sequence] frame=1 action=Spawn { key: 1006, model: "home:dining_chair", character: false, position: [6.3, 0.0, 3.4], yaw: 0.0, scale: 1.0 } applied=true
[lighting-sequence] frame=1 action=Spawn { key: 1007, model: "home:dining_chair", character: false, position: [7.15, 0.0, 3.4], yaw: 0.0, scale: 1.0 } applied=true
[lighting-sequence] frame=1 action=Spawn { key: 1008, model: "home:dining_chair", character: false, position: [1.2, 0.0, 3.95], yaw: 0.0, scale: 1.0 } applied=true
[lighting-sequence] frame=1 action=Spawn { key: 1009, model: "home:dining_chair", character: false, position: [2.05, 0.0, 3.95], yaw: 0.0, scale: 1.0 } applied=true
[lighting-sequence] frame=1 action=Spawn { key: 1010, model: "home:dining_chair", character: false, position: [2.9, 0.0, 3.95], yaw: 0.0, scale: 1.0 } applied=true
[lighting-sequence] frame=1 action=Spawn { key: 1011, model: "home:dining_chair", character: false, position: [3.75, 0.0, 3.95], yaw: 0.0, scale: 1.0 } applied=true
[lighting-sequence] frame=1 action=Spawn { key: 1012, model: "home:dining_chair", character: false, position: [4.6, 0.0, 3.95], yaw: 0.0, scale: 1.0 } applied=true
[lighting-sequence] frame=1 action=Spawn { key: 1013, model: "home:dining_chair", character: false, position: [5.45, 0.0, 3.95], yaw: 0.0, scale: 1.0 } applied=true
[lighting-sequence] frame=1 action=Spawn { key: 1014, model: "home:dining_chair", character: false, position: [6.3, 0.0, 3.95], yaw: 0.0, scale: 1.0 } applied=true
[lighting-sequence] frame=1 action=Spawn { key: 1015, model: "home:dining_chair", character: false, position: [7.15, 0.0, 3.95], yaw: 0.0, scale: 1.0 } applied=true
[lighting-sequence] frame=1 action=Spawn { key: 1016, model: "home:dining_chair", character: false, position: [1.2, 0.0, 4.5], yaw: 0.0, scale: 1.0 } applied=true
[lighting-sequence] frame=1 action=Spawn { key: 1017, model: "home:dining_chair", character: false, position: [2.05, 0.0, 4.5], yaw: 0.0, scale: 1.0 } applied=true
[lighting-sequence] frame=1 action=Spawn { key: 1018, model: "home:dining_chair", character: false, position: [2.9, 0.0, 4.5], yaw: 0.0, scale: 1.0 } applied=true
[lighting-sequence] frame=1 action=Spawn { key: 1019, model: "home:dining_chair", character: false, position: [3.75, 0.0, 4.5], yaw: 0.0, scale: 1.0 } applied=true
[lighting-sequence] frame=1 action=Spawn { key: 1020, model: "home:dining_chair", character: false, position: [4.6, 0.0, 4.5], yaw: 0.0, scale: 1.0 } applied=true
[lighting-sequence] frame=1 action=Spawn { key: 1021, model: "home:dining_chair", character: false, position: [5.45, 0.0, 4.5], yaw: 0.0, scale: 1.0 } applied=true
[lighting-sequence] frame=1 action=Spawn { key: 1022, model: "home:dining_chair", character: false, position: [6.3, 0.0, 4.5], yaw: 0.0, scale: 1.0 } applied=true
[lighting-sequence] frame=1 action=Spawn { key: 1023, model: "home:dining_chair", character: false, position: [7.15, 0.0, 4.5], yaw: 0.0, scale: 1.0 } applied=true
[lighting-sequence] frame=1 action=Spawn { key: 1024, model: "home:dining_chair", character: false, position: [1.2, 0.0, 5.05], yaw: 0.0, scale: 1.0 } applied=true
[lighting-sequence] frame=1 action=Spawn { key: 1025, model: "home:dining_chair", character: false, position: [2.05, 0.0, 5.05], yaw: 0.0, scale: 1.0 } applied=true
[lighting-sequence] frame=1 action=Spawn { key: 1026, model: "home:dining_chair", character: false, position: [2.9, 0.0, 5.05], yaw: 0.0, scale: 1.0 } applied=true
[lighting-sequence] frame=1 action=Spawn { key: 1027, model: "home:dining_chair", character: false, position: [3.75, 0.0, 5.05], yaw: 0.0, scale: 1.0 } applied=true
[lighting-sequence] frame=1 action=Spawn { key: 1028, model: "home:dining_chair", character: false, position: [4.6, 0.0, 5.05], yaw: 0.0, scale: 1.0 } applied=true
[lighting-sequence] frame=1 action=Spawn { key: 1029, model: "home:dining_chair", character: false, position: [5.45, 0.0, 5.05], yaw: 0.0, scale: 1.0 } applied=true
[lighting-sequence] frame=1 action=Spawn { key: 1030, model: "home:dining_chair", character: false, position: [6.3, 0.0, 5.05], yaw: 0.0, scale: 1.0 } applied=true
[characters] `home:dining_chair` spawns through the dynamic path: the runtime model `environment/home/props/models/dining_chair.glb` carries no skin or animation; it cannot be posed
[lighting-sequence] frame=130 action=Move { key: 1000, position: [1.24, 0.0, 3.4], yaw: 0.0 } applied=true
[lighting-sequence] frame=131 action=Move { key: 1000, position: [1.244, 0.0, 3.4], yaw: 0.0 } applied=true
[lighting-sequence] frame=132 action=Move { key: 1000, position: [1.248, 0.0, 3.4], yaw: 0.0 } applied=true
[lighting-sequence] frame=133 action=Move { key: 1000, position: [1.252, 0.0, 3.4], yaw: 0.0 } applied=true
[lighting-sequence] frame=134 action=Move { key: 1000, position: [1.256, 0.0, 3.4], yaw: 0.0 } applied=true
[lighting-sequence] frame=135 action=Move { key: 1000, position: [1.26, 0.0, 3.4], yaw: 0.0 } applied=true
[lighting-sequence] frame=136 action=Move { key: 1000, position: [1.264, 0.0, 3.4], yaw: 0.0 } applied=true
[lighting-sequence] frame=137 action=Move { key: 1000, position: [1.268, 0.0, 3.4], yaw: 0.0 } applied=true
[lighting-sequence] frame=138 action=Move { key: 1000, position: [1.272, 0.0, 3.4], yaw: 0.0 } applied=true
[lighting-sequence] frame=139 action=Move { key: 1000, position: [1.276, 0.0, 3.4], yaw: 0.0 } applied=true
[lighting-sequence] frame=140 action=Move { key: 1000, position: [1.2, 0.0, 3.4], yaw: 0.0 } applied=true
[lighting-sequence] frame=141 action=Move { key: 1000, position: [1.204, 0.0, 3.4], yaw: 0.0 } applied=true
[lighting-sequence] frame=142 action=Move { key: 1000, position: [1.208, 0.0, 3.4], yaw: 0.0 } applied=true
[lighting-sequence] frame=143 action=Move { key: 1000, position: [1.212, 0.0, 3.4], yaw: 0.0 } applied=true
[lighting-sequence] frame=144 action=Move { key: 1000, position: [1.216, 0.0, 3.4], yaw: 0.0 } applied=true
[lighting-sequence] frame=145 action=Move { key: 1000, position: [1.22, 0.0, 3.4], yaw: 0.0 } applied=true
[lighting-sequence] frame=146 action=Move { key: 1000, position: [1.224, 0.0, 3.4], yaw: 0.0 } applied=true
[lighting-sequence] frame=147 action=Move { key: 1000, position: [1.228, 0.0, 3.4], yaw: 0.0 } applied=true
[lighting-sequence] frame=148 action=Move { key: 1000, position: [1.232, 0.0, 3.4], yaw: 0.0 } applied=true
[lighting-sequence] frame=149 action=Move { key: 1000, position: [1.236, 0.0, 3.4], yaw: 0.0 } applied=true
[lighting-sequence] frame=150 action=Move { key: 1000, position: [1.24, 0.0, 3.4], yaw: 0.0 } applied=true
[lighting-sequence] frame=151 action=Move { key: 1000, position: [1.244, 0.0, 3.4], yaw: 0.0 } applied=true
[lighting-sequence] frame=152 action=Move { key: 1000, position: [1.248, 0.0, 3.4], yaw: 0.0 } applied=true
[lighting-sequence] frame=153 action=Move { key: 1000, position: [1.252, 0.0, 3.4], yaw: 0.0 } applied=true
[lighting-sequence] frame=154 action=Move { key: 1000, position: [1.256, 0.0, 3.4], yaw: 0.0 } applied=true
[lighting-sequence] frame=155 action=Move { key: 1000, position: [1.26, 0.0, 3.4], yaw: 0.0 } applied=true
[lighting-sequence] frame=156 action=Move { key: 1000, position: [1.264, 0.0, 3.4], yaw: 0.0 } applied=true
[lighting-sequence] frame=157 action=Move { key: 1000, position: [1.268, 0.0, 3.4], yaw: 0.0 } applied=true
[lighting-sequence] frame=158 action=Move { key: 1000, position: [1.272, 0.0, 3.4], yaw: 0.0 } applied=true
[lighting-sequence] frame=159 action=Move { key: 1000, position: [1.276, 0.0, 3.4], yaw: 0.0 } applied=true
[lighting-sequence] frame=160 action=Move { key: 1000, position: [1.2, 0.0, 3.4], yaw: 0.0 } applied=true
[lighting-sequence] frame=161 action=Move { key: 1000, position: [1.204, 0.0, 3.4], yaw: 0.0 } applied=true
[lighting-sequence] frame=162 action=Move { key: 1000, position: [1.208, 0.0, 3.4], yaw: 0.0 } applied=true
[lighting-sequence] frame=163 action=Move { key: 1000, position: [1.212, 0.0, 3.4], yaw: 0.0 } applied=true
[lighting-sequence] frame=164 action=Move { key: 1000, position: [1.216, 0.0, 3.4], yaw: 0.0 } applied=true
[lighting-sequence] frame=165 action=Move { key: 1000, position: [1.22, 0.0, 3.4], yaw: 0.0 } applied=true
[lighting-sequence] frame=166 action=Move { key: 1000, position: [1.224, 0.0, 3.4], yaw: 0.0 } applied=true
[lighting-sequence] frame=167 action=Move { key: 1000, position: [1.228, 0.0, 3.4], yaw: 0.0 } applied=true
[lighting-sequence] frame=168 action=Move { key: 1000, position: [1.232, 0.0, 3.4], yaw: 0.0 } applied=true
[lighting-sequence] frame=169 action=Move { key: 1000, position: [1.236, 0.0, 3.4], yaw: 0.0 } applied=true
[lighting-sequence] frame=170 action=Move { key: 1000, position: [1.24, 0.0, 3.4], yaw: 0.0 } applied=true
[lighting-sequence] frame=171 action=Move { key: 1000, position: [1.244, 0.0, 3.4], yaw: 0.0 } applied=true
[lighting-sequence] frame=172 action=Move { key: 1000, position: [1.248, 0.0, 3.4], yaw: 0.0 } applied=true
[lighting-sequence] frame=173 action=Move { key: 1000, position: [1.252, 0.0, 3.4], yaw: 0.0 } applied=true
[lighting-sequence] frame=174 action=Move { key: 1000, position: [1.256, 0.0, 3.4], yaw: 0.0 } applied=true
[lighting-sequence] frame=175 action=Move { key: 1000, position: [1.26, 0.0, 3.4], yaw: 0.0 } applied=true
[lighting-sequence] frame=176 action=Move { key: 1000, position: [1.264, 0.0, 3.4], yaw: 0.0 } applied=true
[lighting-sequence] frame=177 action=Move { key: 1000, position: [1.268, 0.0, 3.4], yaw: 0.0 } applied=true
[lighting-sequence] frame=178 action=Move { key: 1000, position: [1.272, 0.0, 3.4], yaw: 0.0 } applied=true
[lighting-sequence] frame=179 action=Move { key: 1000, position: [1.276, 0.0, 3.4], yaw: 0.0 } applied=true
[lighting-sequence] frame=180 action=Move { key: 1000, position: [1.2, 0.0, 3.4], yaw: 0.0 } applied=true
[lighting-sequence] frame=181 action=Move { key: 1000, position: [1.204, 0.0, 3.4], yaw: 0.0 } applied=true
[lighting-sequence] frame=182 action=Move { key: 1000, position: [1.208, 0.0, 3.4], yaw: 0.0 } applied=true
[lighting-sequence] frame=183 action=Move { key: 1000, position: [1.212, 0.0, 3.4], yaw: 0.0 } applied=true
[lighting-sequence] frame=184 action=Move { key: 1000, position: [1.216, 0.0, 3.4], yaw: 0.0 } applied=true
[lighting-sequence] frame=185 action=Move { key: 1000, position: [1.22, 0.0, 3.4], yaw: 0.0 } applied=true
[lighting-sequence] frame=186 action=Move { key: 1000, position: [1.224, 0.0, 3.4], yaw: 0.0 } applied=true
[lighting-sequence] frame=187 action=Move { key: 1000, position: [1.228, 0.0, 3.4], yaw: 0.0 } applied=true
[lighting-sequence] frame=188 action=Move { key: 1000, position: [1.232, 0.0, 3.4], yaw: 0.0 } applied=true
[lighting-sequence] frame=189 action=Move { key: 1000, position: [1.236, 0.0, 3.4], yaw: 0.0 } applied=true
[lighting-sequence] frame=190 action=Move { key: 1000, position: [1.24, 0.0, 3.4], yaw: 0.0 } applied=true
[lighting-sequence] frame=191 action=Move { key: 1000, position: [1.244, 0.0, 3.4], yaw: 0.0 } applied=true
[lighting-sequence] frame=192 action=Move { key: 1000, position: [1.248, 0.0, 3.4], yaw: 0.0 } applied=true
[lighting-sequence] frame=193 action=Move { key: 1000, position: [1.252, 0.0, 3.4], yaw: 0.0 } applied=true
[lighting-sequence] frame=194 action=Move { key: 1000, position: [1.256, 0.0, 3.4], yaw: 0.0 } applied=true
[lighting-sequence] frame=195 action=Move { key: 1000, position: [1.26, 0.0, 3.4], yaw: 0.0 } applied=true
[lighting-sequence] frame=196 action=Move { key: 1000, position: [1.264, 0.0, 3.4], yaw: 0.0 } applied=true
[lighting-sequence] frame=197 action=Move { key: 1000, position: [1.268, 0.0, 3.4], yaw: 0.0 } applied=true
[lighting-sequence] frame=198 action=Move { key: 1000, position: [1.272, 0.0, 3.4], yaw: 0.0 } applied=true
[lighting-sequence] frame=199 action=Move { key: 1000, position: [1.276, 0.0, 3.4], yaw: 0.0 } applied=true
[lighting-sequence] frame=200 action=Move { key: 1000, position: [1.2, 0.0, 3.4], yaw: 0.0 } applied=true
[lighting-sequence] frame=201 action=Move { key: 1000, position: [1.204, 0.0, 3.4], yaw: 0.0 } applied=true
[lighting-sequence] frame=202 action=Move { key: 1000, position: [1.208, 0.0, 3.4], yaw: 0.0 } applied=true
[lighting-sequence] frame=203 action=Move { key: 1000, position: [1.212, 0.0, 3.4], yaw: 0.0 } applied=true
[lighting-sequence] frame=204 action=Move { key: 1000, position: [1.216, 0.0, 3.4], yaw: 0.0 } applied=true
[lighting-sequence] frame=205 action=Move { key: 1000, position: [1.22, 0.0, 3.4], yaw: 0.0 } applied=true
[lighting-sequence] frame=206 action=Move { key: 1000, position: [1.224, 0.0, 3.4], yaw: 0.0 } applied=true
[lighting-sequence] frame=207 action=Move { key: 1000, position: [1.228, 0.0, 3.4], yaw: 0.0 } applied=true
[lighting-sequence] frame=208 action=Move { key: 1000, position: [1.232, 0.0, 3.4], yaw: 0.0 } applied=true
[lighting-sequence] frame=209 action=Move { key: 1000, position: [1.236, 0.0, 3.4], yaw: 0.0 } applied=true
[lighting-sequence] frame=210 action=Move { key: 1000, position: [1.24, 0.0, 3.4], yaw: 0.0 } applied=true
[lighting-sequence] frame=211 action=Move { key: 1000, position: [1.244, 0.0, 3.4], yaw: 0.0 } applied=true
[lighting-sequence] frame=212 action=Move { key: 1000, position: [1.248, 0.0, 3.4], yaw: 0.0 } applied=true
[lighting-sequence] frame=213 action=Move { key: 1000, position: [1.252, 0.0, 3.4], yaw: 0.0 } applied=true
[lighting-sequence] frame=214 action=Move { key: 1000, position: [1.256, 0.0, 3.4], yaw: 0.0 } applied=true
[lighting-sequence] frame=215 action=Move { key: 1000, position: [1.26, 0.0, 3.4], yaw: 0.0 } applied=true
[lighting-sequence] frame=216 action=Move { key: 1000, position: [1.264, 0.0, 3.4], yaw: 0.0 } applied=true
[lighting-sequence] frame=217 action=Move { key: 1000, position: [1.268, 0.0, 3.4], yaw: 0.0 } applied=true
[lighting-sequence] frame=218 action=Move { key: 1000, position: [1.272, 0.0, 3.4], yaw: 0.0 } applied=true
[lighting-sequence] frame=219 action=Move { key: 1000, position: [1.276, 0.0, 3.4], yaw: 0.0 } applied=true
[lighting-sequence] frame=220 action=Move { key: 1000, position: [1.2, 0.0, 3.4], yaw: 0.0 } applied=true
[lighting-sequence] frame=221 action=Move { key: 1000, position: [1.204, 0.0, 3.4], yaw: 0.0 } applied=true
[lighting-sequence] frame=222 action=Move { key: 1000, position: [1.208, 0.0, 3.4], yaw: 0.0 } applied=true
[lighting-sequence] frame=223 action=Move { key: 1000, position: [1.212, 0.0, 3.4], yaw: 0.0 } applied=true
[lighting-sequence] frame=224 action=Move { key: 1000, position: [1.216, 0.0, 3.4], yaw: 0.0 } applied=true
[lighting-sequence] frame=225 action=Move { key: 1000, position: [1.22, 0.0, 3.4], yaw: 0.0 } applied=true
[lighting-sequence] frame=226 action=Move { key: 1000, position: [1.224, 0.0, 3.4], yaw: 0.0 } applied=true
[lighting-sequence] frame=227 action=Move { key: 1000, position: [1.228, 0.0, 3.4], yaw: 0.0 } applied=true
[lighting-sequence] frame=228 action=Move { key: 1000, position: [1.232, 0.0, 3.4], yaw: 0.0 } applied=true
[lighting-sequence] frame=229 action=Move { key: 1000, position: [1.236, 0.0, 3.4], yaw: 0.0 } applied=true
[lighting-sequence] frame=230 action=Move { key: 1000, position: [1.24, 0.0, 3.4], yaw: 0.0 } applied=true
[lighting-sequence] frame=231 action=Move { key: 1000, position: [1.244, 0.0, 3.4], yaw: 0.0 } applied=true
[lighting-sequence] frame=232 action=Move { key: 1000, position: [1.248, 0.0, 3.4], yaw: 0.0 } applied=true
[lighting-sequence] frame=233 action=Move { key: 1000, position: [1.252, 0.0, 3.4], yaw: 0.0 } applied=true
[lighting-sequence] frame=234 action=Move { key: 1000, position: [1.256, 0.0, 3.4], yaw: 0.0 } applied=true
[lighting-sequence] frame=235 action=Move { key: 1000, position: [1.26, 0.0, 3.4], yaw: 0.0 } applied=true
[lighting-sequence] frame=236 action=Move { key: 1000, position: [1.264, 0.0, 3.4], yaw: 0.0 } applied=true
[lighting-sequence] frame=237 action=Move { key: 1000, position: [1.268, 0.0, 3.4], yaw: 0.0 } applied=true
[lighting-sequence] frame=238 action=Move { key: 1000, position: [1.272, 0.0, 3.4], yaw: 0.0 } applied=true
[lighting-sequence] frame=239 action=Move { key: 1000, position: [1.276, 0.0, 3.4], yaw: 0.0 } applied=true
[lighting-sequence] frame=240 action=Move { key: 1000, position: [1.2, 0.0, 3.4], yaw: 0.0 } applied=true
[lighting-sequence] frame=241 action=Move { key: 1000, position: [1.204, 0.0, 3.4], yaw: 0.0 } applied=true
[lighting-sequence] frame=242 action=Move { key: 1000, position: [1.208, 0.0, 3.4], yaw: 0.0 } applied=true
[lighting-sequence] frame=243 action=Move { key: 1000, position: [1.212, 0.0, 3.4], yaw: 0.0 } applied=true
[lighting-sequence] frame=244 action=Move { key: 1000, position: [1.216, 0.0, 3.4], yaw: 0.0 } applied=true
[lighting-sequence] frame=245 action=Move { key: 1000, position: [1.22, 0.0, 3.4], yaw: 0.0 } applied=true
[lighting-sequence] frame=246 action=Move { key: 1000, position: [1.224, 0.0, 3.4], yaw: 0.0 } applied=true
[lighting-sequence] frame=247 action=Move { key: 1000, position: [1.228, 0.0, 3.4], yaw: 0.0 } applied=true
[lighting-sequence] frame=248 action=Move { key: 1000, position: [1.232, 0.0, 3.4], yaw: 0.0 } applied=true
[lighting-sequence] frame=249 action=Move { key: 1000, position: [1.236, 0.0, 3.4], yaw: 0.0 } applied=true
[lighting-sequence] frame=250 action=Move { key: 1000, position: [1.24, 0.0, 3.4], yaw: 0.0 } applied=true
[lighting-sequence] frame=251 action=Move { key: 1000, position: [1.244, 0.0, 3.4], yaw: 0.0 } applied=true
[lighting-sequence] frame=252 action=Move { key: 1000, position: [1.248, 0.0, 3.4], yaw: 0.0 } applied=true
[lighting-sequence] frame=253 action=Move { key: 1000, position: [1.252, 0.0, 3.4], yaw: 0.0 } applied=true
[lighting-sequence] frame=254 action=Move { key: 1000, position: [1.256, 0.0, 3.4], yaw: 0.0 } applied=true
[lighting-sequence] frame=255 action=Move { key: 1000, position: [1.26, 0.0, 3.4], yaw: 0.0 } applied=true
[lighting-sequence] frame=256 action=Move { key: 1000, position: [1.264, 0.0, 3.4], yaw: 0.0 } applied=true
[lighting-sequence] frame=257 action=Move { key: 1000, position: [1.268, 0.0, 3.4], yaw: 0.0 } applied=true
[lighting-sequence] frame=258 action=Move { key: 1000, position: [1.272, 0.0, 3.4], yaw: 0.0 } applied=true
[lighting-sequence] frame=259 action=Move { key: 1000, position: [1.276, 0.0, 3.4], yaw: 0.0 } applied=true
[lighting-sequence] frame=260 action=Move { key: 1000, position: [1.2, 0.0, 3.4], yaw: 0.0 } applied=true
[lighting-sequence] frame=261 action=Move { key: 1000, position: [1.204, 0.0, 3.4], yaw: 0.0 } applied=true
[lighting-sequence] frame=262 action=Move { key: 1000, position: [1.208, 0.0, 3.4], yaw: 0.0 } applied=true
[lighting-sequence] frame=263 action=Move { key: 1000, position: [1.212, 0.0, 3.4], yaw: 0.0 } applied=true
[lighting-sequence] frame=264 action=Move { key: 1000, position: [1.216, 0.0, 3.4], yaw: 0.0 } applied=true
[lighting-sequence] frame=265 action=Move { key: 1000, position: [1.22, 0.0, 3.4], yaw: 0.0 } applied=true
[lighting-sequence] frame=266 action=Move { key: 1000, position: [1.224, 0.0, 3.4], yaw: 0.0 } applied=true
[lighting-sequence] frame=267 action=Move { key: 1000, position: [1.228, 0.0, 3.4], yaw: 0.0 } applied=true
[lighting-sequence] frame=268 action=Move { key: 1000, position: [1.232, 0.0, 3.4], yaw: 0.0 } applied=true
[lighting-sequence] frame=269 action=Move { key: 1000, position: [1.236, 0.0, 3.4], yaw: 0.0 } applied=true
[lighting-sequence] frame=270 action=Move { key: 1000, position: [1.24, 0.0, 3.4], yaw: 0.0 } applied=true
[lighting-sequence] frame=271 action=Move { key: 1000, position: [1.244, 0.0, 3.4], yaw: 0.0 } applied=true
[lighting-sequence] frame=272 action=Move { key: 1000, position: [1.248, 0.0, 3.4], yaw: 0.0 } applied=true
[lighting-sequence] frame=273 action=Move { key: 1000, position: [1.252, 0.0, 3.4], yaw: 0.0 } applied=true
[lighting-sequence] frame=274 action=Move { key: 1000, position: [1.256, 0.0, 3.4], yaw: 0.0 } applied=true
[lighting-sequence] frame=275 action=Move { key: 1000, position: [1.26, 0.0, 3.4], yaw: 0.0 } applied=true
[lighting-sequence] frame=276 action=Move { key: 1000, position: [1.264, 0.0, 3.4], yaw: 0.0 } applied=true
[lighting-sequence] frame=277 action=Move { key: 1000, position: [1.268, 0.0, 3.4], yaw: 0.0 } applied=true
[lighting-sequence] frame=278 action=Move { key: 1000, position: [1.272, 0.0, 3.4], yaw: 0.0 } applied=true
[lighting-sequence] frame=279 action=Move { key: 1000, position: [1.276, 0.0, 3.4], yaw: 0.0 } applied=true
[lighting-sequence] frame=280 action=Move { key: 1000, position: [1.2, 0.0, 3.4], yaw: 0.0 } applied=true
[lighting-sequence] frame=281 action=Move { key: 1000, position: [1.204, 0.0, 3.4], yaw: 0.0 } applied=true
[lighting-sequence] frame=282 action=Move { key: 1000, position: [1.208, 0.0, 3.4], yaw: 0.0 } applied=true
[lighting-sequence] frame=283 action=Move { key: 1000, position: [1.212, 0.0, 3.4], yaw: 0.0 } applied=true
[lighting-sequence] frame=284 action=Move { key: 1000, position: [1.216, 0.0, 3.4], yaw: 0.0 } applied=true
[lighting-sequence] frame=285 action=Move { key: 1000, position: [1.22, 0.0, 3.4], yaw: 0.0 } applied=true
[lighting-sequence] frame=286 action=Move { key: 1000, position: [1.224, 0.0, 3.4], yaw: 0.0 } applied=true
[lighting-sequence] frame=287 action=Move { key: 1000, position: [1.228, 0.0, 3.4], yaw: 0.0 } applied=true
[lighting-sequence] frame=288 action=Move { key: 1000, position: [1.232, 0.0, 3.4], yaw: 0.0 } applied=true
[lighting-sequence] frame=289 action=Move { key: 1000, position: [1.236, 0.0, 3.4], yaw: 0.0 } applied=true
[lighting-sequence] frame=290 action=Move { key: 1000, position: [1.24, 0.0, 3.4], yaw: 0.0 } applied=true
[lighting-sequence] frame=291 action=Move { key: 1000, position: [1.244, 0.0, 3.4], yaw: 0.0 } applied=true
[lighting-sequence] frame=292 action=Move { key: 1000, position: [1.248, 0.0, 3.4], yaw: 0.0 } applied=true
[lighting-sequence] frame=293 action=Move { key: 1000, position: [1.252, 0.0, 3.4], yaw: 0.0 } applied=true
[lighting-sequence] frame=294 action=Move { key: 1000, position: [1.256, 0.0, 3.4], yaw: 0.0 } applied=true
[lighting-sequence] frame=295 action=Move { key: 1000, position: [1.26, 0.0, 3.4], yaw: 0.0 } applied=true
[lighting-sequence] frame=296 action=Move { key: 1000, position: [1.264, 0.0, 3.4], yaw: 0.0 } applied=true
[lighting-sequence] frame=297 action=Move { key: 1000, position: [1.268, 0.0, 3.4], yaw: 0.0 } applied=true
[lighting-sequence] frame=298 action=Move { key: 1000, position: [1.272, 0.0, 3.4], yaw: 0.0 } applied=true
[lighting-sequence] frame=299 action=Move { key: 1000, position: [1.276, 0.0, 3.4], yaw: 0.0 } applied=true
[lighting-sequence] frame=300 action=Move { key: 1000, position: [1.2, 0.0, 3.4], yaw: 0.0 } applied=true
[lighting-sequence] frame=301 action=Move { key: 1000, position: [1.204, 0.0, 3.4], yaw: 0.0 } applied=true
[lighting-sequence] frame=302 action=Move { key: 1000, position: [1.208, 0.0, 3.4], yaw: 0.0 } applied=true
[lighting-sequence] frame=303 action=Move { key: 1000, position: [1.212, 0.0, 3.4], yaw: 0.0 } applied=true
[lighting-sequence] frame=304 action=Move { key: 1000, position: [1.216, 0.0, 3.4], yaw: 0.0 } applied=true
[lighting-sequence] frame=305 action=Move { key: 1000, position: [1.22, 0.0, 3.4], yaw: 0.0 } applied=true
[lighting-sequence] frame=306 action=Move { key: 1000, position: [1.224, 0.0, 3.4], yaw: 0.0 } applied=true
[lighting-sequence] frame=307 action=Move { key: 1000, position: [1.228, 0.0, 3.4], yaw: 0.0 } applied=true
[lighting-sequence] frame=308 action=Move { key: 1000, position: [1.232, 0.0, 3.4], yaw: 0.0 } applied=true
[lighting-sequence] frame=309 action=Move { key: 1000, position: [1.236, 0.0, 3.4], yaw: 0.0 } applied=true
[lighting-sequence] frame=310 action=Move { key: 1000, position: [1.24, 0.0, 3.4], yaw: 0.0 } applied=true
[lighting-sequence] frame=311 action=Move { key: 1000, position: [1.244, 0.0, 3.4], yaw: 0.0 } applied=true
[lighting-sequence] frame=312 action=Move { key: 1000, position: [1.248, 0.0, 3.4], yaw: 0.0 } applied=true
[lighting-sequence] frame=313 action=Move { key: 1000, position: [1.252, 0.0, 3.4], yaw: 0.0 } applied=true
[lighting-sequence] frame=314 action=Move { key: 1000, position: [1.256, 0.0, 3.4], yaw: 0.0 } applied=true
[lighting-sequence] frame=315 action=Move { key: 1000, position: [1.26, 0.0, 3.4], yaw: 0.0 } applied=true
[lighting-sequence] frame=316 action=Move { key: 1000, position: [1.264, 0.0, 3.4], yaw: 0.0 } applied=true
[lighting-sequence] frame=317 action=Move { key: 1000, position: [1.268, 0.0, 3.4], yaw: 0.0 } applied=true
[lighting-sequence] frame=318 action=Move { key: 1000, position: [1.272, 0.0, 3.4], yaw: 0.0 } applied=true
[lighting-sequence] frame=319 action=Move { key: 1000, position: [1.276, 0.0, 3.4], yaw: 0.0 } applied=true
[lighting-sequence] frame=320 action=Move { key: 1000, position: [1.2, 0.0, 3.4], yaw: 0.0 } applied=true
[lighting-sequence] frame=321 action=Move { key: 1000, position: [1.204, 0.0, 3.4], yaw: 0.0 } applied=true
[lighting-sequence] frame=322 action=Move { key: 1000, position: [1.208, 0.0, 3.4], yaw: 0.0 } applied=true
[lighting-sequence] frame=323 action=Move { key: 1000, position: [1.212, 0.0, 3.4], yaw: 0.0 } applied=true
[lighting-sequence] frame=324 action=Move { key: 1000, position: [1.216, 0.0, 3.4], yaw: 0.0 } applied=true
[lighting-sequence] frame=325 action=Move { key: 1000, position: [1.22, 0.0, 3.4], yaw: 0.0 } applied=true
[lighting-sequence] frame=326 action=Move { key: 1000, position: [1.224, 0.0, 3.4], yaw: 0.0 } applied=true
[lighting-sequence] frame=327 action=Move { key: 1000, position: [1.228, 0.0, 3.4], yaw: 0.0 } applied=true
[lighting-sequence] frame=328 action=Move { key: 1000, position: [1.232, 0.0, 3.4], yaw: 0.0 } applied=true
[lighting-sequence] frame=329 action=Move { key: 1000, position: [1.236, 0.0, 3.4], yaw: 0.0 } applied=true
[lighting-sequence] frame=330 action=Move { key: 1000, position: [1.24, 0.0, 3.4], yaw: 0.0 } applied=true
[lighting-sequence] frame=331 action=Move { key: 1000, position: [1.244, 0.0, 3.4], yaw: 0.0 } applied=true
[lighting-sequence] frame=332 action=Move { key: 1000, position: [1.248, 0.0, 3.4], yaw: 0.0 } applied=true
[lighting-sequence] frame=333 action=Move { key: 1000, position: [1.252, 0.0, 3.4], yaw: 0.0 } applied=true
[lighting-sequence] frame=334 action=Move { key: 1000, position: [1.256, 0.0, 3.4], yaw: 0.0 } applied=true
[lighting-sequence] frame=335 action=Move { key: 1000, position: [1.26, 0.0, 3.4], yaw: 0.0 } applied=true
[lighting-sequence] frame=336 action=Move { key: 1000, position: [1.264, 0.0, 3.4], yaw: 0.0 } applied=true
[lighting-sequence] frame=337 action=Move { key: 1000, position: [1.268, 0.0, 3.4], yaw: 0.0 } applied=true
[lighting-sequence] frame=338 action=Move { key: 1000, position: [1.272, 0.0, 3.4], yaw: 0.0 } applied=true
[lighting-sequence] frame=339 action=Move { key: 1000, position: [1.276, 0.0, 3.4], yaw: 0.0 } applied=true
[lighting-sequence] frame=340 action=Move { key: 1000, position: [1.2, 0.0, 3.4], yaw: 0.0 } applied=true
[lighting-sequence] frame=341 action=Move { key: 1000, position: [1.204, 0.0, 3.4], yaw: 0.0 } applied=true
[lighting-sequence] frame=342 action=Move { key: 1000, position: [1.208, 0.0, 3.4], yaw: 0.0 } applied=true
[lighting-sequence] frame=343 action=Move { key: 1000, position: [1.212, 0.0, 3.4], yaw: 0.0 } applied=true
[lighting-sequence] frame=344 action=Move { key: 1000, position: [1.216, 0.0, 3.4], yaw: 0.0 } applied=true
[lighting-sequence] frame=345 action=Move { key: 1000, position: [1.22, 0.0, 3.4], yaw: 0.0 } applied=true
[lighting-sequence] frame=346 action=Move { key: 1000, position: [1.224, 0.0, 3.4], yaw: 0.0 } applied=true
[lighting-sequence] frame=347 action=Move { key: 1000, position: [1.228, 0.0, 3.4], yaw: 0.0 } applied=true
[lighting-sequence] frame=348 action=Move { key: 1000, position: [1.232, 0.0, 3.4], yaw: 0.0 } applied=true
[lighting-sequence] frame=349 action=Move { key: 1000, position: [1.236, 0.0, 3.4], yaw: 0.0 } applied=true
[lighting-sequence] frame=350 action=Move { key: 1000, position: [1.24, 0.0, 3.4], yaw: 0.0 } applied=true
[lighting-sequence] frame=351 action=Move { key: 1000, position: [1.244, 0.0, 3.4], yaw: 0.0 } applied=true
[lighting-sequence] frame=352 action=Move { key: 1000, position: [1.248, 0.0, 3.4], yaw: 0.0 } applied=true
[lighting-sequence] frame=353 action=Move { key: 1000, position: [1.252, 0.0, 3.4], yaw: 0.0 } applied=true
[lighting-sequence] frame=354 action=Move { key: 1000, position: [1.256, 0.0, 3.4], yaw: 0.0 } applied=true
[lighting-sequence] frame=355 action=Move { key: 1000, position: [1.26, 0.0, 3.4], yaw: 0.0 } applied=true
[lighting-sequence] frame=356 action=Move { key: 1000, position: [1.264, 0.0, 3.4], yaw: 0.0 } applied=true
[lighting-sequence] frame=357 action=Move { key: 1000, position: [1.268, 0.0, 3.4], yaw: 0.0 } applied=true
[lighting-sequence] frame=358 action=Move { key: 1000, position: [1.272, 0.0, 3.4], yaw: 0.0 } applied=true
[lighting-sequence] frame=359 action=Move { key: 1000, position: [1.276, 0.0, 3.4], yaw: 0.0 } applied=true
[lighting-sequence] frame=360 action=Move { key: 1000, position: [1.2, 0.0, 3.4], yaw: 0.0 } applied=true
[lighting-sequence] frame=361 action=Move { key: 1000, position: [1.204, 0.0, 3.4], yaw: 0.0 } applied=true
[lighting-sequence] frame=362 action=Move { key: 1000, position: [1.208, 0.0, 3.4], yaw: 0.0 } applied=true
[lighting-sequence] frame=363 action=Move { key: 1000, position: [1.212, 0.0, 3.4], yaw: 0.0 } applied=true
[lighting-sequence] frame=364 action=Move { key: 1000, position: [1.216, 0.0, 3.4], yaw: 0.0 } applied=true
[lighting-sequence] frame=365 action=Move { key: 1000, position: [1.22, 0.0, 3.4], yaw: 0.0 } applied=true
[lighting-sequence] frame=366 action=Move { key: 1000, position: [1.224, 0.0, 3.4], yaw: 0.0 } applied=true
[lighting-sequence] frame=367 action=Move { key: 1000, position: [1.228, 0.0, 3.4], yaw: 0.0 } applied=true
[lighting-sequence] frame=368 action=Move { key: 1000, position: [1.232, 0.0, 3.4], yaw: 0.0 } applied=true
[lighting-sequence] frame=369 action=Move { key: 1000, position: [1.236, 0.0, 3.4], yaw: 0.0 } applied=true
[lighting-sequence] frame=370 action=Move { key: 1000, position: [1.24, 0.0, 3.4], yaw: 0.0 } applied=true
[lighting-sequence] frame=371 action=Move { key: 1000, position: [1.244, 0.0, 3.4], yaw: 0.0 } applied=true
[lighting-sequence] frame=372 action=Move { key: 1000, position: [1.248, 0.0, 3.4], yaw: 0.0 } applied=true
[lighting-sequence] frame=373 action=Move { key: 1000, position: [1.252, 0.0, 3.4], yaw: 0.0 } applied=true
[lighting-sequence] frame=374 action=Move { key: 1000, position: [1.256, 0.0, 3.4], yaw: 0.0 } applied=true
[lighting-sequence] frame=375 action=Move { key: 1000, position: [1.26, 0.0, 3.4], yaw: 0.0 } applied=true
[lighting-sequence] frame=376 action=Move { key: 1000, position: [1.264, 0.0, 3.4], yaw: 0.0 } applied=true
[lighting-sequence] frame=377 action=Move { key: 1000, position: [1.268, 0.0, 3.4], yaw: 0.0 } applied=true
[lighting-sequence] frame=378 action=Move { key: 1000, position: [1.272, 0.0, 3.4], yaw: 0.0 } applied=true
[lighting-sequence] frame=379 action=Move { key: 1000, position: [1.276, 0.0, 3.4], yaw: 0.0 } applied=true
[lighting-sequence] frame=380 action=Move { key: 1000, position: [1.2, 0.0, 3.4], yaw: 0.0 } applied=true
[lighting-sequence] frame=381 action=Move { key: 1000, position: [1.204, 0.0, 3.4], yaw: 0.0 } applied=true
[lighting-sequence] frame=382 action=Move { key: 1000, position: [1.208, 0.0, 3.4], yaw: 0.0 } applied=true
[lighting-sequence] frame=383 action=Move { key: 1000, position: [1.212, 0.0, 3.4], yaw: 0.0 } applied=true
[lighting-sequence] frame=384 action=Move { key: 1000, position: [1.216, 0.0, 3.4], yaw: 0.0 } applied=true
[lighting-sequence] frame=385 action=Move { key: 1000, position: [1.22, 0.0, 3.4], yaw: 0.0 } applied=true
[lighting-sequence] frame=386 action=Move { key: 1000, position: [1.224, 0.0, 3.4], yaw: 0.0 } applied=true
[lighting-sequence] frame=387 action=Move { key: 1000, position: [1.228, 0.0, 3.4], yaw: 0.0 } applied=true
[lighting-sequence] frame=388 action=Move { key: 1000, position: [1.232, 0.0, 3.4], yaw: 0.0 } applied=true
[lighting-sequence] frame=389 action=Move { key: 1000, position: [1.236, 0.0, 3.4], yaw: 0.0 } applied=true
[lighting-sequence] frame=390 action=Move { key: 1000, position: [1.24, 0.0, 3.4], yaw: 0.0 } applied=true
[lighting-sequence] frame=391 action=Move { key: 1000, position: [1.244, 0.0, 3.4], yaw: 0.0 } applied=true
[lighting-sequence] frame=392 action=Move { key: 1000, position: [1.248, 0.0, 3.4], yaw: 0.0 } applied=true
[lighting-sequence] frame=393 action=Move { key: 1000, position: [1.252, 0.0, 3.4], yaw: 0.0 } applied=true
[lighting-sequence] frame=394 action=Move { key: 1000, position: [1.256, 0.0, 3.4], yaw: 0.0 } applied=true
[lighting-sequence] frame=395 action=Move { key: 1000, position: [1.26, 0.0, 3.4], yaw: 0.0 } applied=true
[lighting-sequence] frame=396 action=Move { key: 1000, position: [1.264, 0.0, 3.4], yaw: 0.0 } applied=true
[lighting-sequence] frame=397 action=Move { key: 1000, position: [1.268, 0.0, 3.4], yaw: 0.0 } applied=true
[lighting-sequence] frame=398 action=Move { key: 1000, position: [1.272, 0.0, 3.4], yaw: 0.0 } applied=true
[lighting-sequence] frame=399 action=Move { key: 1000, position: [1.276, 0.0, 3.4], yaw: 0.0 } applied=true
[lighting-sequence] frame=400 action=Move { key: 1000, position: [1.2, 0.0, 3.4], yaw: 0.0 } applied=true
[lighting-sequence] frame=401 action=Move { key: 1000, position: [1.204, 0.0, 3.4], yaw: 0.0 } applied=true
[lighting-sequence] frame=402 action=Move { key: 1000, position: [1.208, 0.0, 3.4], yaw: 0.0 } applied=true
[lighting-sequence] frame=403 action=Move { key: 1000, position: [1.212, 0.0, 3.4], yaw: 0.0 } applied=true
[lighting-sequence] frame=404 action=Move { key: 1000, position: [1.216, 0.0, 3.4], yaw: 0.0 } applied=true
[lighting-sequence] frame=405 action=Move { key: 1000, position: [1.22, 0.0, 3.4], yaw: 0.0 } applied=true
[lighting-sequence] frame=406 action=Move { key: 1000, position: [1.224, 0.0, 3.4], yaw: 0.0 } applied=true
[lighting-sequence] frame=407 action=Move { key: 1000, position: [1.228, 0.0, 3.4], yaw: 0.0 } applied=true
[lighting-sequence] frame=408 action=Move { key: 1000, position: [1.232, 0.0, 3.4], yaw: 0.0 } applied=true
[lighting-sequence] frame=409 action=Move { key: 1000, position: [1.236, 0.0, 3.4], yaw: 0.0 } applied=true
[lighting-sequence] frame=410 action=Move { key: 1000, position: [1.24, 0.0, 3.4], yaw: 0.0 } applied=true
[lighting-sequence] frame=411 action=Move { key: 1000, position: [1.244, 0.0, 3.4], yaw: 0.0 } applied=true
[lighting-sequence] frame=412 action=Move { key: 1000, position: [1.248, 0.0, 3.4], yaw: 0.0 } applied=true
[lighting-sequence] frame=413 action=Move { key: 1000, position: [1.252, 0.0, 3.4], yaw: 0.0 } applied=true
[lighting-sequence] frame=414 action=Move { key: 1000, position: [1.256, 0.0, 3.4], yaw: 0.0 } applied=true
[lighting-sequence] frame=415 action=Move { key: 1000, position: [1.26, 0.0, 3.4], yaw: 0.0 } applied=true
[lighting-sequence] frame=416 action=Move { key: 1000, position: [1.264, 0.0, 3.4], yaw: 0.0 } applied=true
[lighting-sequence] frame=417 action=Move { key: 1000, position: [1.268, 0.0, 3.4], yaw: 0.0 } applied=true
[lighting-sequence] frame=418 action=Move { key: 1000, position: [1.272, 0.0, 3.4], yaw: 0.0 } applied=true
[lighting-sequence] frame=419 action=Move { key: 1000, position: [1.276, 0.0, 3.4], yaw: 0.0 } applied=true
[lighting-sequence] frame=420 action=Move { key: 1000, position: [1.2, 0.0, 3.4], yaw: 0.0 } applied=true
[lighting-sequence] frame=421 action=Move { key: 1000, position: [1.204, 0.0, 3.4], yaw: 0.0 } applied=true
[lighting-sequence] frame=422 action=Move { key: 1000, position: [1.208, 0.0, 3.4], yaw: 0.0 } applied=true
[lighting-sequence] frame=423 action=Move { key: 1000, position: [1.212, 0.0, 3.4], yaw: 0.0 } applied=true
[lighting-sequence] frame=424 action=Move { key: 1000, position: [1.216, 0.0, 3.4], yaw: 0.0 } applied=true
[lighting-sequence] frame=425 action=Move { key: 1000, position: [1.22, 0.0, 3.4], yaw: 0.0 } applied=true
[lighting-sequence] frame=426 action=Move { key: 1000, position: [1.224, 0.0, 3.4], yaw: 0.0 } applied=true
[lighting-sequence] frame=427 action=Move { key: 1000, position: [1.228, 0.0, 3.4], yaw: 0.0 } applied=true
[lighting-sequence] frame=428 action=Move { key: 1000, position: [1.232, 0.0, 3.4], yaw: 0.0 } applied=true
[lighting-sequence] frame=429 action=Move { key: 1000, position: [1.236, 0.0, 3.4], yaw: 0.0 } applied=true
[lighting-sequence] frame=430 action=Move { key: 1000, position: [1.24, 0.0, 3.4], yaw: 0.0 } applied=true
[lighting-sequence] frame=431 action=Move { key: 1000, position: [1.244, 0.0, 3.4], yaw: 0.0 } applied=true
[lighting-sequence] frame=432 action=Move { key: 1000, position: [1.248, 0.0, 3.4], yaw: 0.0 } applied=true
[lighting-sequence] frame=433 action=Move { key: 1000, position: [1.252, 0.0, 3.4], yaw: 0.0 } applied=true
[lighting-sequence] frame=434 action=Move { key: 1000, position: [1.256, 0.0, 3.4], yaw: 0.0 } applied=true
[lighting-sequence] frame=435 action=Move { key: 1000, position: [1.26, 0.0, 3.4], yaw: 0.0 } applied=true
[lighting-sequence] frame=436 action=Move { key: 1000, position: [1.264, 0.0, 3.4], yaw: 0.0 } applied=true
[lighting-sequence] frame=437 action=Move { key: 1000, position: [1.268, 0.0, 3.4], yaw: 0.0 } applied=true
[lighting-sequence] frame=438 action=Move { key: 1000, position: [1.272, 0.0, 3.4], yaw: 0.0 } applied=true
[lighting-sequence] frame=439 action=Move { key: 1000, position: [1.276, 0.0, 3.4], yaw: 0.0 } applied=true
[lighting-sequence] frame=440 action=Move { key: 1000, position: [1.2, 0.0, 3.4], yaw: 0.0 } applied=true
[lighting-sequence] frame=441 action=Move { key: 1000, position: [1.204, 0.0, 3.4], yaw: 0.0 } applied=true
[lighting-sequence] frame=442 action=Move { key: 1000, position: [1.208, 0.0, 3.4], yaw: 0.0 } applied=true
[lighting-sequence] frame=443 action=Move { key: 1000, position: [1.212, 0.0, 3.4], yaw: 0.0 } applied=true
[lighting-sequence] frame=444 action=Move { key: 1000, position: [1.216, 0.0, 3.4], yaw: 0.0 } applied=true
[lighting-sequence] frame=445 action=Move { key: 1000, position: [1.22, 0.0, 3.4], yaw: 0.0 } applied=true
[lighting-sequence] frame=446 action=Move { key: 1000, position: [1.224, 0.0, 3.4], yaw: 0.0 } applied=true
[lighting-sequence] frame=447 action=Move { key: 1000, position: [1.228, 0.0, 3.4], yaw: 0.0 } applied=true
[lighting-sequence] frame=448 action=Move { key: 1000, position: [1.232, 0.0, 3.4], yaw: 0.0 } applied=true
[lighting-sequence] frame=449 action=Move { key: 1000, position: [1.236, 0.0, 3.4], yaw: 0.0 } applied=true
[lighting-sequence] frame=450 action=Move { key: 1000, position: [1.24, 0.0, 3.4], yaw: 0.0 } applied=true
[lighting-sequence] frame=451 action=Move { key: 1000, position: [1.244, 0.0, 3.4], yaw: 0.0 } applied=true
[lighting-sequence] frame=452 action=Move { key: 1000, position: [1.248, 0.0, 3.4], yaw: 0.0 } applied=true
[lighting-sequence] frame=453 action=Move { key: 1000, position: [1.252, 0.0, 3.4], yaw: 0.0 } applied=true
[lighting-sequence] frame=454 action=Move { key: 1000, position: [1.256, 0.0, 3.4], yaw: 0.0 } applied=true
[lighting-sequence] frame=455 action=Move { key: 1000, position: [1.26, 0.0, 3.4], yaw: 0.0 } applied=true
[lighting-sequence] frame=456 action=Move { key: 1000, position: [1.264, 0.0, 3.4], yaw: 0.0 } applied=true
[lighting-sequence] frame=457 action=Move { key: 1000, position: [1.268, 0.0, 3.4], yaw: 0.0 } applied=true
[lighting-sequence] frame=458 action=Move { key: 1000, position: [1.272, 0.0, 3.4], yaw: 0.0 } applied=true
[lighting-sequence] frame=459 action=Move { key: 1000, position: [1.276, 0.0, 3.4], yaw: 0.0 } applied=true
[lighting-sequence] frame=460 action=Move { key: 1000, position: [1.2, 0.0, 3.4], yaw: 0.0 } applied=true
[lighting-sequence] frame=461 action=Move { key: 1000, position: [1.204, 0.0, 3.4], yaw: 0.0 } applied=true
[lighting-sequence] frame=462 action=Move { key: 1000, position: [1.208, 0.0, 3.4], yaw: 0.0 } applied=true
[lighting-sequence] frame=463 action=Move { key: 1000, position: [1.212, 0.0, 3.4], yaw: 0.0 } applied=true
[lighting-sequence] frame=464 action=Move { key: 1000, position: [1.216, 0.0, 3.4], yaw: 0.0 } applied=true
[lighting-sequence] frame=465 action=Move { key: 1000, position: [1.22, 0.0, 3.4], yaw: 0.0 } applied=true
[lighting-sequence] frame=466 action=Move { key: 1000, position: [1.224, 0.0, 3.4], yaw: 0.0 } applied=true
[lighting-sequence] frame=467 action=Move { key: 1000, position: [1.228, 0.0, 3.4], yaw: 0.0 } applied=true
[lighting-sequence] frame=468 action=Move { key: 1000, position: [1.232, 0.0, 3.4], yaw: 0.0 } applied=true
[lighting-sequence] frame=469 action=Move { key: 1000, position: [1.236, 0.0, 3.4], yaw: 0.0 } applied=true
[lighting-sequence] frame=470 action=Move { key: 1000, position: [1.24, 0.0, 3.4], yaw: 0.0 } applied=true
[lighting-sequence] frame=471 action=Move { key: 1000, position: [1.244, 0.0, 3.4], yaw: 0.0 } applied=true
[lighting-sequence] frame=472 action=Move { key: 1000, position: [1.248, 0.0, 3.4], yaw: 0.0 } applied=true
[lighting-sequence] frame=473 action=Move { key: 1000, position: [1.252, 0.0, 3.4], yaw: 0.0 } applied=true
[lighting-sequence] frame=474 action=Move { key: 1000, position: [1.256, 0.0, 3.4], yaw: 0.0 } applied=true
[lighting-sequence] frame=475 action=Move { key: 1000, position: [1.26, 0.0, 3.4], yaw: 0.0 } applied=true
[lighting-sequence] frame=476 action=Move { key: 1000, position: [1.264, 0.0, 3.4], yaw: 0.0 } applied=true
[lighting-sequence] frame=477 action=Move { key: 1000, position: [1.268, 0.0, 3.4], yaw: 0.0 } applied=true
[lighting-sequence] frame=478 action=Move { key: 1000, position: [1.272, 0.0, 3.4], yaw: 0.0 } applied=true
[lighting-sequence] frame=479 action=Move { key: 1000, position: [1.276, 0.0, 3.4], yaw: 0.0 } applied=true
[lighting-sequence] frame=480 action=Move { key: 1000, position: [1.2, 0.0, 3.4], yaw: 0.0 } applied=true
[lighting-sequence] frame=481 action=Move { key: 1000, position: [1.204, 0.0, 3.4], yaw: 0.0 } applied=true
[lighting-sequence] frame=482 action=Move { key: 1000, position: [1.208, 0.0, 3.4], yaw: 0.0 } applied=true
[lighting-sequence] frame=483 action=Move { key: 1000, position: [1.212, 0.0, 3.4], yaw: 0.0 } applied=true
[lighting-sequence] frame=484 action=Move { key: 1000, position: [1.216, 0.0, 3.4], yaw: 0.0 } applied=true
[lighting-sequence] frame=485 action=Move { key: 1000, position: [1.22, 0.0, 3.4], yaw: 0.0 } applied=true
[lighting-sequence] frame=486 action=Move { key: 1000, position: [1.224, 0.0, 3.4], yaw: 0.0 } applied=true
[lighting-sequence] frame=487 action=Move { key: 1000, position: [1.228, 0.0, 3.4], yaw: 0.0 } applied=true
[lighting-sequence] frame=488 action=Move { key: 1000, position: [1.232, 0.0, 3.4], yaw: 0.0 } applied=true
[lighting-sequence] frame=489 action=Move { key: 1000, position: [1.236, 0.0, 3.4], yaw: 0.0 } applied=true
[lighting-sequence] frame=490 action=Move { key: 1000, position: [1.24, 0.0, 3.4], yaw: 0.0 } applied=true
[lighting-sequence] frame=491 action=Move { key: 1000, position: [1.244, 0.0, 3.4], yaw: 0.0 } applied=true
[lighting-sequence] frame=492 action=Move { key: 1000, position: [1.248, 0.0, 3.4], yaw: 0.0 } applied=true
[lighting-sequence] frame=493 action=Move { key: 1000, position: [1.252, 0.0, 3.4], yaw: 0.0 } applied=true
[lighting-sequence] frame=494 action=Move { key: 1000, position: [1.256, 0.0, 3.4], yaw: 0.0 } applied=true
[lighting-sequence] frame=495 action=Move { key: 1000, position: [1.26, 0.0, 3.4], yaw: 0.0 } applied=true
[lighting-sequence] frame=496 action=Move { key: 1000, position: [1.264, 0.0, 3.4], yaw: 0.0 } applied=true
[lighting-sequence] frame=497 action=Move { key: 1000, position: [1.268, 0.0, 3.4], yaw: 0.0 } applied=true
[lighting-sequence] frame=498 action=Move { key: 1000, position: [1.272, 0.0, 3.4], yaw: 0.0 } applied=true
[lighting-sequence] frame=499 action=Move { key: 1000, position: [1.276, 0.0, 3.4], yaw: 0.0 } applied=true
[lighting-sequence] frame=500 action=Move { key: 1000, position: [1.2, 0.0, 3.4], yaw: 0.0 } applied=true
[lighting-sequence] frame=501 action=Move { key: 1000, position: [1.204, 0.0, 3.4], yaw: 0.0 } applied=true
[lighting-sequence] frame=502 action=Move { key: 1000, position: [1.208, 0.0, 3.4], yaw: 0.0 } applied=true
[lighting-sequence] frame=503 action=Move { key: 1000, position: [1.212, 0.0, 3.4], yaw: 0.0 } applied=true
[lighting-sequence] frame=504 action=Move { key: 1000, position: [1.216, 0.0, 3.4], yaw: 0.0 } applied=true
[lighting-sequence] frame=505 action=Move { key: 1000, position: [1.22, 0.0, 3.4], yaw: 0.0 } applied=true
[lighting-sequence] frame=506 action=Move { key: 1000, position: [1.224, 0.0, 3.4], yaw: 0.0 } applied=true
[lighting-sequence] frame=507 action=Move { key: 1000, position: [1.228, 0.0, 3.4], yaw: 0.0 } applied=true
[lighting-sequence] frame=508 action=Move { key: 1000, position: [1.232, 0.0, 3.4], yaw: 0.0 } applied=true
[lighting-sequence] frame=509 action=Move { key: 1000, position: [1.236, 0.0, 3.4], yaw: 0.0 } applied=true
[lighting-sequence] frame=510 action=Move { key: 1000, position: [1.24, 0.0, 3.4], yaw: 0.0 } applied=true
[lighting-sequence] frame=511 action=Move { key: 1000, position: [1.244, 0.0, 3.4], yaw: 0.0 } applied=true
[lighting-sequence] frame=512 action=Move { key: 1000, position: [1.248, 0.0, 3.4], yaw: 0.0 } applied=true
[lighting-sequence] frame=513 action=Move { key: 1000, position: [1.252, 0.0, 3.4], yaw: 0.0 } applied=true
[lighting-sequence] frame=514 action=Move { key: 1000, position: [1.256, 0.0, 3.4], yaw: 0.0 } applied=true
[lighting-sequence] frame=515 action=Move { key: 1000, position: [1.26, 0.0, 3.4], yaw: 0.0 } applied=true
[lighting-sequence] frame=516 action=Move { key: 1000, position: [1.264, 0.0, 3.4], yaw: 0.0 } applied=true
[lighting-sequence] frame=517 action=Move { key: 1000, position: [1.268, 0.0, 3.4], yaw: 0.0 } applied=true
[lighting-sequence] frame=518 action=Move { key: 1000, position: [1.272, 0.0, 3.4], yaw: 0.0 } applied=true
[lighting-sequence] frame=519 action=Move { key: 1000, position: [1.276, 0.0, 3.4], yaw: 0.0 } applied=true
[lighting-sequence] frame=520 action=Move { key: 1000, position: [1.2, 0.0, 3.4], yaw: 0.0 } applied=true
[lighting-sequence] frame=521 action=Move { key: 1000, position: [1.204, 0.0, 3.4], yaw: 0.0 } applied=true
[lighting-sequence] frame=522 action=Move { key: 1000, position: [1.208, 0.0, 3.4], yaw: 0.0 } applied=true
[lighting-sequence] frame=523 action=Move { key: 1000, position: [1.212, 0.0, 3.4], yaw: 0.0 } applied=true
[lighting-sequence] frame=524 action=Move { key: 1000, position: [1.216, 0.0, 3.4], yaw: 0.0 } applied=true
[lighting-sequence] frame=525 action=Move { key: 1000, position: [1.22, 0.0, 3.4], yaw: 0.0 } applied=true
[lighting-sequence] frame=526 action=Move { key: 1000, position: [1.224, 0.0, 3.4], yaw: 0.0 } applied=true
[lighting-sequence] frame=527 action=Move { key: 1000, position: [1.228, 0.0, 3.4], yaw: 0.0 } applied=true
[lighting-sequence] frame=528 action=Move { key: 1000, position: [1.232, 0.0, 3.4], yaw: 0.0 } applied=true
[lighting-sequence] frame=529 action=Move { key: 1000, position: [1.236, 0.0, 3.4], yaw: 0.0 } applied=true
[lighting-sequence] frame=530 action=Move { key: 1000, position: [1.24, 0.0, 3.4], yaw: 0.0 } applied=true
[lighting-sequence] frame=531 action=Move { key: 1000, position: [1.244, 0.0, 3.4], yaw: 0.0 } applied=true
[lighting-sequence] frame=532 action=Move { key: 1000, position: [1.248, 0.0, 3.4], yaw: 0.0 } applied=true
[lighting-sequence] frame=533 action=Move { key: 1000, position: [1.252, 0.0, 3.4], yaw: 0.0 } applied=true
[lighting-sequence] frame=534 action=Move { key: 1000, position: [1.256, 0.0, 3.4], yaw: 0.0 } applied=true
[lighting-sequence] frame=535 action=Move { key: 1000, position: [1.26, 0.0, 3.4], yaw: 0.0 } applied=true
[lighting-sequence] frame=536 action=Move { key: 1000, position: [1.264, 0.0, 3.4], yaw: 0.0 } applied=true
[lighting-sequence] frame=537 action=Move { key: 1000, position: [1.268, 0.0, 3.4], yaw: 0.0 } applied=true
[lighting-sequence] frame=538 action=Move { key: 1000, position: [1.272, 0.0, 3.4], yaw: 0.0 } applied=true
[lighting-sequence] frame=539 action=Move { key: 1000, position: [1.276, 0.0, 3.4], yaw: 0.0 } applied=true
[lighting-sequence] frame=540 action=Move { key: 1000, position: [1.2, 0.0, 3.4], yaw: 0.0 } applied=true
[lighting-sequence] frame=541 action=Move { key: 1000, position: [1.204, 0.0, 3.4], yaw: 0.0 } applied=true
[lighting-sequence] frame=542 action=Move { key: 1000, position: [1.208, 0.0, 3.4], yaw: 0.0 } applied=true
[lighting-sequence] frame=543 action=Move { key: 1000, position: [1.212, 0.0, 3.4], yaw: 0.0 } applied=true
[lighting-sequence] frame=544 action=Move { key: 1000, position: [1.216, 0.0, 3.4], yaw: 0.0 } applied=true
[lighting-sequence] frame=545 action=Move { key: 1000, position: [1.22, 0.0, 3.4], yaw: 0.0 } applied=true
[lighting-sequence] frame=546 action=Move { key: 1000, position: [1.224, 0.0, 3.4], yaw: 0.0 } applied=true
[lighting-sequence] frame=547 action=Move { key: 1000, position: [1.228, 0.0, 3.4], yaw: 0.0 } applied=true
[lighting-sequence] frame=548 action=Move { key: 1000, position: [1.232, 0.0, 3.4], yaw: 0.0 } applied=true
[lighting-sequence] frame=549 action=Move { key: 1000, position: [1.236, 0.0, 3.4], yaw: 0.0 } applied=true
[lighting-sequence] frame=550 action=Move { key: 1000, position: [1.24, 0.0, 3.4], yaw: 0.0 } applied=true
[lighting-sequence] frame=551 action=Move { key: 1000, position: [1.244, 0.0, 3.4], yaw: 0.0 } applied=true
[lighting-sequence] frame=552 action=Move { key: 1000, position: [1.248, 0.0, 3.4], yaw: 0.0 } applied=true
[lighting-sequence] frame=553 action=Move { key: 1000, position: [1.252, 0.0, 3.4], yaw: 0.0 } applied=true
[lighting-sequence] frame=554 action=Move { key: 1000, position: [1.256, 0.0, 3.4], yaw: 0.0 } applied=true
[lighting-sequence] frame=555 action=Move { key: 1000, position: [1.26, 0.0, 3.4], yaw: 0.0 } applied=true
[lighting-sequence] frame=556 action=Move { key: 1000, position: [1.264, 0.0, 3.4], yaw: 0.0 } applied=true
[lighting-sequence] frame=557 action=Move { key: 1000, position: [1.268, 0.0, 3.4], yaw: 0.0 } applied=true
[lighting-sequence] frame=558 action=Move { key: 1000, position: [1.272, 0.0, 3.4], yaw: 0.0 } applied=true
[lighting-sequence] frame=559 action=Move { key: 1000, position: [1.276, 0.0, 3.4], yaw: 0.0 } applied=true
[lighting-sequence] frame=560 action=Move { key: 1000, position: [1.2, 0.0, 3.4], yaw: 0.0 } applied=true
[lighting-sequence] frame=561 action=Move { key: 1000, position: [1.204, 0.0, 3.4], yaw: 0.0 } applied=true
[lighting-sequence] frame=562 action=Move { key: 1000, position: [1.208, 0.0, 3.4], yaw: 0.0 } applied=true
[lighting-sequence] frame=563 action=Move { key: 1000, position: [1.212, 0.0, 3.4], yaw: 0.0 } applied=true
[lighting-sequence] frame=564 action=Move { key: 1000, position: [1.216, 0.0, 3.4], yaw: 0.0 } applied=true
[lighting-sequence] frame=565 action=Move { key: 1000, position: [1.22, 0.0, 3.4], yaw: 0.0 } applied=true
[lighting-sequence] frame=566 action=Move { key: 1000, position: [1.224, 0.0, 3.4], yaw: 0.0 } applied=true
[lighting-sequence] frame=567 action=Move { key: 1000, position: [1.228, 0.0, 3.4], yaw: 0.0 } applied=true
[lighting-sequence] frame=568 action=Move { key: 1000, position: [1.232, 0.0, 3.4], yaw: 0.0 } applied=true
[lighting-sequence] frame=569 action=Move { key: 1000, position: [1.236, 0.0, 3.4], yaw: 0.0 } applied=true
[lighting-sequence] frame=570 action=Move { key: 1000, position: [1.24, 0.0, 3.4], yaw: 0.0 } applied=true
[lighting-sequence] frame=571 action=Move { key: 1000, position: [1.244, 0.0, 3.4], yaw: 0.0 } applied=true
[lighting-sequence] frame=572 action=Move { key: 1000, position: [1.248, 0.0, 3.4], yaw: 0.0 } applied=true
[lighting-sequence] frame=573 action=Move { key: 1000, position: [1.252, 0.0, 3.4], yaw: 0.0 } applied=true
[lighting-sequence] frame=574 action=Move { key: 1000, position: [1.256, 0.0, 3.4], yaw: 0.0 } applied=true
[lighting-sequence] frame=575 action=Move { key: 1000, position: [1.26, 0.0, 3.4], yaw: 0.0 } applied=true
[lighting-sequence] frame=576 action=Move { key: 1000, position: [1.264, 0.0, 3.4], yaw: 0.0 } applied=true
[lighting-sequence] frame=577 action=Move { key: 1000, position: [1.268, 0.0, 3.4], yaw: 0.0 } applied=true
[lighting-sequence] frame=578 action=Move { key: 1000, position: [1.272, 0.0, 3.4], yaw: 0.0 } applied=true
[lighting-sequence] frame=579 action=Move { key: 1000, position: [1.276, 0.0, 3.4], yaw: 0.0 } applied=true
[lighting-sequence] frame=580 action=Move { key: 1000, position: [1.2, 0.0, 3.4], yaw: 0.0 } applied=true
[lighting-sequence] frame=581 action=Move { key: 1000, position: [1.204, 0.0, 3.4], yaw: 0.0 } applied=true
[lighting-sequence] frame=582 action=Move { key: 1000, position: [1.208, 0.0, 3.4], yaw: 0.0 } applied=true
[lighting-sequence] frame=583 action=Move { key: 1000, position: [1.212, 0.0, 3.4], yaw: 0.0 } applied=true
[lighting-sequence] frame=584 action=Move { key: 1000, position: [1.216, 0.0, 3.4], yaw: 0.0 } applied=true
[lighting-sequence] frame=585 action=Move { key: 1000, position: [1.22, 0.0, 3.4], yaw: 0.0 } applied=true
[lighting-sequence] frame=586 action=Move { key: 1000, position: [1.224, 0.0, 3.4], yaw: 0.0 } applied=true
[lighting-sequence] frame=587 action=Move { key: 1000, position: [1.228, 0.0, 3.4], yaw: 0.0 } applied=true
[lighting-sequence] frame=588 action=Move { key: 1000, position: [1.232, 0.0, 3.4], yaw: 0.0 } applied=true
[lighting-sequence] frame=589 action=Move { key: 1000, position: [1.236, 0.0, 3.4], yaw: 0.0 } applied=true
[lighting-sequence] frame=590 action=Move { key: 1000, position: [1.24, 0.0, 3.4], yaw: 0.0 } applied=true
[lighting-sequence] frame=591 action=Move { key: 1000, position: [1.244, 0.0, 3.4], yaw: 0.0 } applied=true
[lighting-sequence] frame=592 action=Move { key: 1000, position: [1.248, 0.0, 3.4], yaw: 0.0 } applied=true
[lighting-sequence] frame=593 action=Move { key: 1000, position: [1.252, 0.0, 3.4], yaw: 0.0 } applied=true
[lighting-sequence] frame=594 action=Move { key: 1000, position: [1.256, 0.0, 3.4], yaw: 0.0 } applied=true
[lighting-sequence] frame=595 action=Move { key: 1000, position: [1.26, 0.0, 3.4], yaw: 0.0 } applied=true
[lighting-sequence] frame=596 action=Move { key: 1000, position: [1.264, 0.0, 3.4], yaw: 0.0 } applied=true
[lighting-sequence] frame=597 action=Move { key: 1000, position: [1.268, 0.0, 3.4], yaw: 0.0 } applied=true
[lighting-sequence] frame=598 action=Move { key: 1000, position: [1.272, 0.0, 3.4], yaw: 0.0 } applied=true
[lighting-sequence] frame=599 action=Move { key: 1000, position: [1.276, 0.0, 3.4], yaw: 0.0 } applied=true
[lighting-sequence] frame=600 action=Move { key: 1000, position: [1.2, 0.0, 3.4], yaw: 0.0 } applied=true
[lighting-sequence] frame=601 action=Move { key: 1000, position: [1.204, 0.0, 3.4], yaw: 0.0 } applied=true
[lighting-sequence] frame=602 action=Move { key: 1000, position: [1.208, 0.0, 3.4], yaw: 0.0 } applied=true
[lighting-sequence] frame=603 action=Move { key: 1000, position: [1.212, 0.0, 3.4], yaw: 0.0 } applied=true
[lighting-sequence] frame=604 action=Move { key: 1000, position: [1.216, 0.0, 3.4], yaw: 0.0 } applied=true
[lighting-sequence] frame=605 action=Move { key: 1000, position: [1.22, 0.0, 3.4], yaw: 0.0 } applied=true
[lighting-sequence] frame=606 action=Move { key: 1000, position: [1.224, 0.0, 3.4], yaw: 0.0 } applied=true
[lighting-sequence] frame=607 action=Move { key: 1000, position: [1.228, 0.0, 3.4], yaw: 0.0 } applied=true
[lighting-sequence] frame=608 action=Move { key: 1000, position: [1.232, 0.0, 3.4], yaw: 0.0 } applied=true
[lighting-sequence] frame=609 action=Move { key: 1000, position: [1.236, 0.0, 3.4], yaw: 0.0 } applied=true
[lighting-sequence] frame=610 action=Move { key: 1000, position: [1.24, 0.0, 3.4], yaw: 0.0 } applied=true
[lighting-sequence] frame=611 action=Move { key: 1000, position: [1.244, 0.0, 3.4], yaw: 0.0 } applied=true
[lighting-sequence] frame=612 action=Move { key: 1000, position: [1.248, 0.0, 3.4], yaw: 0.0 } applied=true
[lighting-sequence] frame=613 action=Move { key: 1000, position: [1.252, 0.0, 3.4], yaw: 0.0 } applied=true
[lighting-sequence] frame=614 action=Move { key: 1000, position: [1.256, 0.0, 3.4], yaw: 0.0 } applied=true
[lighting-sequence] frame=615 action=Move { key: 1000, position: [1.26, 0.0, 3.4], yaw: 0.0 } applied=true
[lighting-sequence] frame=616 action=Move { key: 1000, position: [1.264, 0.0, 3.4], yaw: 0.0 } applied=true
[lighting-sequence] frame=617 action=Move { key: 1000, position: [1.268, 0.0, 3.4], yaw: 0.0 } applied=true
[lighting-sequence] frame=618 action=Move { key: 1000, position: [1.272, 0.0, 3.4], yaw: 0.0 } applied=true
[lighting-sequence] frame=619 action=Move { key: 1000, position: [1.276, 0.0, 3.4], yaw: 0.0 } applied=true
[lighting-sequence] frame=620 action=Move { key: 1000, position: [1.2, 0.0, 3.4], yaw: 0.0 } applied=true
[lighting-sequence] frame=621 action=Move { key: 1000, position: [1.204, 0.0, 3.4], yaw: 0.0 } applied=true
[lighting-sequence] frame=622 action=Move { key: 1000, position: [1.208, 0.0, 3.4], yaw: 0.0 } applied=true
[lighting-sequence] frame=623 action=Move { key: 1000, position: [1.212, 0.0, 3.4], yaw: 0.0 } applied=true
[lighting-sequence] frame=624 action=Move { key: 1000, position: [1.216, 0.0, 3.4], yaw: 0.0 } applied=true
[lighting-sequence] frame=625 action=Move { key: 1000, position: [1.22, 0.0, 3.4], yaw: 0.0 } applied=true
[lighting-sequence] frame=626 action=Move { key: 1000, position: [1.224, 0.0, 3.4], yaw: 0.0 } applied=true
[lighting-sequence] frame=627 action=Move { key: 1000, position: [1.228, 0.0, 3.4], yaw: 0.0 } applied=true
[lighting-sequence] frame=628 action=Move { key: 1000, position: [1.232, 0.0, 3.4], yaw: 0.0 } applied=true
[lighting-sequence] frame=629 action=Move { key: 1000, position: [1.236, 0.0, 3.4], yaw: 0.0 } applied=true
[lighting-sequence] frame=630 action=Move { key: 1000, position: [1.24, 0.0, 3.4], yaw: 0.0 } applied=true
[lighting-sequence] frame=631 action=Move { key: 1000, position: [1.244, 0.0, 3.4], yaw: 0.0 } applied=true
[lighting-sequence] frame=632 action=Move { key: 1000, position: [1.248, 0.0, 3.4], yaw: 0.0 } applied=true
[lighting-sequence] frame=633 action=Move { key: 1000, position: [1.252, 0.0, 3.4], yaw: 0.0 } applied=true
[lighting-sequence] frame=634 action=Move { key: 1000, position: [1.256, 0.0, 3.4], yaw: 0.0 } applied=true
[lighting-sequence] frame=635 action=Move { key: 1000, position: [1.26, 0.0, 3.4], yaw: 0.0 } applied=true
[lighting-sequence] frame=636 action=Move { key: 1000, position: [1.264, 0.0, 3.4], yaw: 0.0 } applied=true
[lighting-sequence] frame=637 action=Move { key: 1000, position: [1.268, 0.0, 3.4], yaw: 0.0 } applied=true
[lighting-sequence] frame=638 action=Move { key: 1000, position: [1.272, 0.0, 3.4], yaw: 0.0 } applied=true
[lighting-sequence] frame=639 action=Move { key: 1000, position: [1.276, 0.0, 3.4], yaw: 0.0 } applied=true
[lighting-sequence] frame=640 action=Move { key: 1000, position: [1.2, 0.0, 3.4], yaw: 0.0 } applied=true
[lighting-sequence] frame=641 action=Move { key: 1000, position: [1.204, 0.0, 3.4], yaw: 0.0 } applied=true
[lighting-sequence] frame=642 action=Move { key: 1000, position: [1.208, 0.0, 3.4], yaw: 0.0 } applied=true
[lighting-sequence] frame=643 action=Move { key: 1000, position: [1.212, 0.0, 3.4], yaw: 0.0 } applied=true
[lighting-sequence] frame=644 action=Move { key: 1000, position: [1.216, 0.0, 3.4], yaw: 0.0 } applied=true
[lighting-sequence] frame=645 action=Move { key: 1000, position: [1.22, 0.0, 3.4], yaw: 0.0 } applied=true
[lighting-sequence] frame=646 action=Move { key: 1000, position: [1.224, 0.0, 3.4], yaw: 0.0 } applied=true
[lighting-sequence] frame=647 action=Move { key: 1000, position: [1.228, 0.0, 3.4], yaw: 0.0 } applied=true
[lighting-sequence] frame=648 action=Move { key: 1000, position: [1.232, 0.0, 3.4], yaw: 0.0 } applied=true
[lighting-sequence] frame=649 action=Move { key: 1000, position: [1.236, 0.0, 3.4], yaw: 0.0 } applied=true
[lighting-sequence] frame=650 action=Move { key: 1000, position: [1.24, 0.0, 3.4], yaw: 0.0 } applied=true
[lighting-sequence] frame=651 action=Move { key: 1000, position: [1.244, 0.0, 3.4], yaw: 0.0 } applied=true
[lighting-sequence] frame=652 action=Move { key: 1000, position: [1.248, 0.0, 3.4], yaw: 0.0 } applied=true
[lighting-sequence] frame=653 action=Move { key: 1000, position: [1.252, 0.0, 3.4], yaw: 0.0 } applied=true
[lighting-sequence] frame=654 action=Move { key: 1000, position: [1.256, 0.0, 3.4], yaw: 0.0 } applied=true
[lighting-sequence] frame=655 action=Move { key: 1000, position: [1.26, 0.0, 3.4], yaw: 0.0 } applied=true
[lighting-sequence] frame=656 action=Move { key: 1000, position: [1.264, 0.0, 3.4], yaw: 0.0 } applied=true
[lighting-sequence] frame=657 action=Move { key: 1000, position: [1.268, 0.0, 3.4], yaw: 0.0 } applied=true
[lighting-sequence] frame=658 action=Move { key: 1000, position: [1.272, 0.0, 3.4], yaw: 0.0 } applied=true
[lighting-sequence] frame=659 action=Move { key: 1000, position: [1.276, 0.0, 3.4], yaw: 0.0 } applied=true
[lighting-sequence] frame=660 action=Move { key: 1000, position: [1.2, 0.0, 3.4], yaw: 0.0 } applied=true
[lighting-sequence] frame=661 action=Move { key: 1000, position: [1.204, 0.0, 3.4], yaw: 0.0 } applied=true
[lighting-sequence] frame=662 action=Move { key: 1000, position: [1.208, 0.0, 3.4], yaw: 0.0 } applied=true
[lighting-sequence] frame=663 action=Move { key: 1000, position: [1.212, 0.0, 3.4], yaw: 0.0 } applied=true
[lighting-sequence] frame=664 action=Move { key: 1000, position: [1.216, 0.0, 3.4], yaw: 0.0 } applied=true
[lighting-sequence] frame=665 action=Move { key: 1000, position: [1.22, 0.0, 3.4], yaw: 0.0 } applied=true
[lighting-sequence] frame=666 action=Move { key: 1000, position: [1.224, 0.0, 3.4], yaw: 0.0 } applied=true
[lighting-sequence] frame=667 action=Move { key: 1000, position: [1.228, 0.0, 3.4], yaw: 0.0 } applied=true
[lighting-sequence] frame=668 action=Move { key: 1000, position: [1.232, 0.0, 3.4], yaw: 0.0 } applied=true
[lighting-sequence] frame=669 action=Move { key: 1000, position: [1.236, 0.0, 3.4], yaw: 0.0 } applied=true
[lighting-sequence] frame=670 action=Move { key: 1000, position: [1.24, 0.0, 3.4], yaw: 0.0 } applied=true
[lighting-sequence] frame=671 action=Move { key: 1000, position: [1.244, 0.0, 3.4], yaw: 0.0 } applied=true
[lighting-sequence] frame=672 action=Move { key: 1000, position: [1.248, 0.0, 3.4], yaw: 0.0 } applied=true
[lighting-sequence] frame=673 action=Move { key: 1000, position: [1.252, 0.0, 3.4], yaw: 0.0 } applied=true
[lighting-sequence] frame=674 action=Move { key: 1000, position: [1.256, 0.0, 3.4], yaw: 0.0 } applied=true
[lighting-sequence] frame=675 action=Move { key: 1000, position: [1.26, 0.0, 3.4], yaw: 0.0 } applied=true
[lighting-sequence] frame=676 action=Move { key: 1000, position: [1.264, 0.0, 3.4], yaw: 0.0 } applied=true
[lighting-sequence] frame=677 action=Move { key: 1000, position: [1.268, 0.0, 3.4], yaw: 0.0 } applied=true
[lighting-sequence] frame=678 action=Move { key: 1000, position: [1.272, 0.0, 3.4], yaw: 0.0 } applied=true
[lighting-sequence] frame=679 action=Move { key: 1000, position: [1.276, 0.0, 3.4], yaw: 0.0 } applied=true
[lighting-sequence] frame=680 action=Move { key: 1000, position: [1.2, 0.0, 3.4], yaw: 0.0 } applied=true
[lighting-sequence] frame=681 action=Move { key: 1000, position: [1.204, 0.0, 3.4], yaw: 0.0 } applied=true
[lighting-sequence] frame=682 action=Move { key: 1000, position: [1.208, 0.0, 3.4], yaw: 0.0 } applied=true
[lighting-sequence] frame=683 action=Move { key: 1000, position: [1.212, 0.0, 3.4], yaw: 0.0 } applied=true
[lighting-sequence] frame=684 action=Move { key: 1000, position: [1.216, 0.0, 3.4], yaw: 0.0 } applied=true
[lighting-sequence] frame=685 action=Move { key: 1000, position: [1.22, 0.0, 3.4], yaw: 0.0 } applied=true
[lighting-sequence] frame=686 action=Move { key: 1000, position: [1.224, 0.0, 3.4], yaw: 0.0 } applied=true
[lighting-sequence] frame=687 action=Move { key: 1000, position: [1.228, 0.0, 3.4], yaw: 0.0 } applied=true
[lighting-sequence] frame=688 action=Move { key: 1000, position: [1.232, 0.0, 3.4], yaw: 0.0 } applied=true
[lighting-sequence] frame=689 action=Move { key: 1000, position: [1.236, 0.0, 3.4], yaw: 0.0 } applied=true
[lighting-sequence] frame=690 action=Move { key: 1000, position: [1.24, 0.0, 3.4], yaw: 0.0 } applied=true
[lighting-sequence] frame=691 action=Move { key: 1000, position: [1.244, 0.0, 3.4], yaw: 0.0 } applied=true
[lighting-sequence] frame=692 action=Move { key: 1000, position: [1.248, 0.0, 3.4], yaw: 0.0 } applied=true
[lighting-sequence] frame=693 action=Move { key: 1000, position: [1.252, 0.0, 3.4], yaw: 0.0 } applied=true
[lighting-sequence] frame=694 action=Move { key: 1000, position: [1.256, 0.0, 3.4], yaw: 0.0 } applied=true
[lighting-sequence] frame=695 action=Move { key: 1000, position: [1.26, 0.0, 3.4], yaw: 0.0 } applied=true
[lighting-sequence] frame=696 action=Move { key: 1000, position: [1.264, 0.0, 3.4], yaw: 0.0 } applied=true
[lighting-sequence] frame=697 action=Move { key: 1000, position: [1.268, 0.0, 3.4], yaw: 0.0 } applied=true
[lighting-sequence] frame=698 action=Move { key: 1000, position: [1.272, 0.0, 3.4], yaw: 0.0 } applied=true
[lighting-sequence] frame=699 action=Move { key: 1000, position: [1.276, 0.0, 3.4], yaw: 0.0 } applied=true
[lighting-sequence] frame=700 action=Move { key: 1000, position: [1.2, 0.0, 3.4], yaw: 0.0 } applied=true
[lighting-sequence] frame=701 action=Move { key: 1000, position: [1.204, 0.0, 3.4], yaw: 0.0 } applied=true
[lighting-sequence] frame=702 action=Move { key: 1000, position: [1.208, 0.0, 3.4], yaw: 0.0 } applied=true
[lighting-sequence] frame=703 action=Move { key: 1000, position: [1.212, 0.0, 3.4], yaw: 0.0 } applied=true
[lighting-sequence] frame=704 action=Move { key: 1000, position: [1.216, 0.0, 3.4], yaw: 0.0 } applied=true
[lighting-sequence] frame=705 action=Move { key: 1000, position: [1.22, 0.0, 3.4], yaw: 0.0 } applied=true
[lighting-sequence] frame=706 action=Move { key: 1000, position: [1.224, 0.0, 3.4], yaw: 0.0 } applied=true
[lighting-sequence] frame=707 action=Move { key: 1000, position: [1.228, 0.0, 3.4], yaw: 0.0 } applied=true
[lighting-sequence] frame=708 action=Move { key: 1000, position: [1.232, 0.0, 3.4], yaw: 0.0 } applied=true
[lighting-sequence] frame=709 action=Move { key: 1000, position: [1.236, 0.0, 3.4], yaw: 0.0 } applied=true
[lighting-sequence] frame=710 action=Move { key: 1000, position: [1.24, 0.0, 3.4], yaw: 0.0 } applied=true
[lighting-sequence] frame=711 action=Move { key: 1000, position: [1.244, 0.0, 3.4], yaw: 0.0 } applied=true
[lighting-sequence] frame=712 action=Move { key: 1000, position: [1.248, 0.0, 3.4], yaw: 0.0 } applied=true
[lighting-sequence] frame=713 action=Move { key: 1000, position: [1.252, 0.0, 3.4], yaw: 0.0 } applied=true
[lighting-sequence] frame=714 action=Move { key: 1000, position: [1.256, 0.0, 3.4], yaw: 0.0 } applied=true
[lighting-sequence] frame=715 action=Move { key: 1000, position: [1.26, 0.0, 3.4], yaw: 0.0 } applied=true
[lighting-sequence] frame=716 action=Move { key: 1000, position: [1.264, 0.0, 3.4], yaw: 0.0 } applied=true
[lighting-sequence] frame=717 action=Move { key: 1000, position: [1.268, 0.0, 3.4], yaw: 0.0 } applied=true
[lighting-sequence] frame=718 action=Move { key: 1000, position: [1.272, 0.0, 3.4], yaw: 0.0 } applied=true
[lighting-sequence] frame=719 action=Move { key: 1000, position: [1.276, 0.0, 3.4], yaw: 0.0 } applied=true
[lighting-sequence] frame=720 action=Move { key: 1000, position: [1.2, 0.0, 3.4], yaw: 0.0 } applied=true
[lighting-sequence] frame=721 action=Move { key: 1000, position: [1.204, 0.0, 3.4], yaw: 0.0 } applied=true
[lighting-sequence] frame=722 action=Move { key: 1000, position: [1.208, 0.0, 3.4], yaw: 0.0 } applied=true
[lighting-sequence] frame=723 action=Move { key: 1000, position: [1.212, 0.0, 3.4], yaw: 0.0 } applied=true
[lighting-sequence] frame=724 action=Move { key: 1000, position: [1.216, 0.0, 3.4], yaw: 0.0 } applied=true
[lighting-sequence] frame=725 action=Move { key: 1000, position: [1.22, 0.0, 3.4], yaw: 0.0 } applied=true
[lighting-sequence] frame=726 action=Move { key: 1000, position: [1.224, 0.0, 3.4], yaw: 0.0 } applied=true
[lighting-sequence] frame=727 action=Move { key: 1000, position: [1.228, 0.0, 3.4], yaw: 0.0 } applied=true
[lighting-sequence] frame=728 action=Move { key: 1000, position: [1.232, 0.0, 3.4], yaw: 0.0 } applied=true
[lighting-sequence] frame=729 action=Move { key: 1000, position: [1.236, 0.0, 3.4], yaw: 0.0 } applied=true
[lighting-sequence] frame=730 action=Move { key: 1000, position: [1.24, 0.0, 3.4], yaw: 0.0 } applied=true
[lighting-sequence] frame=731 action=Move { key: 1000, position: [1.244, 0.0, 3.4], yaw: 0.0 } applied=true
[lighting-sequence] frame=732 action=Move { key: 1000, position: [1.248, 0.0, 3.4], yaw: 0.0 } applied=true
[lighting-sequence] frame=733 action=Move { key: 1000, position: [1.252, 0.0, 3.4], yaw: 0.0 } applied=true
[lighting-sequence] frame=734 action=Move { key: 1000, position: [1.256, 0.0, 3.4], yaw: 0.0 } applied=true
[lighting-sequence] frame=735 action=Move { key: 1000, position: [1.26, 0.0, 3.4], yaw: 0.0 } applied=true
[lighting-sequence] frame=736 action=Move { key: 1000, position: [1.264, 0.0, 3.4], yaw: 0.0 } applied=true
[lighting-sequence] frame=737 action=Move { key: 1000, position: [1.268, 0.0, 3.4], yaw: 0.0 } applied=true
[lighting-sequence] frame=738 action=Move { key: 1000, position: [1.272, 0.0, 3.4], yaw: 0.0 } applied=true
[lighting-sequence] frame=739 action=Move { key: 1000, position: [1.276, 0.0, 3.4], yaw: 0.0 } applied=true
[lighting-sequence] frame=740 action=Move { key: 1000, position: [1.2, 0.0, 3.4], yaw: 0.0 } applied=true
[lighting-sequence] frame=741 action=Move { key: 1000, position: [1.204, 0.0, 3.4], yaw: 0.0 } applied=true
[lighting-sequence] frame=742 action=Move { key: 1000, position: [1.208, 0.0, 3.4], yaw: 0.0 } applied=true
[lighting-sequence] frame=743 action=Move { key: 1000, position: [1.212, 0.0, 3.4], yaw: 0.0 } applied=true
[lighting-sequence] frame=744 action=Move { key: 1000, position: [1.216, 0.0, 3.4], yaw: 0.0 } applied=true
[lighting-sequence] frame=745 action=Move { key: 1000, position: [1.22, 0.0, 3.4], yaw: 0.0 } applied=true
[lighting-sequence] frame=746 action=Move { key: 1000, position: [1.224, 0.0, 3.4], yaw: 0.0 } applied=true
[lighting-sequence] frame=747 action=Move { key: 1000, position: [1.228, 0.0, 3.4], yaw: 0.0 } applied=true
[lighting-sequence] frame=748 action=Move { key: 1000, position: [1.232, 0.0, 3.4], yaw: 0.0 } applied=true
[lighting-sequence] frame=749 action=Move { key: 1000, position: [1.236, 0.0, 3.4], yaw: 0.0 } applied=true
[lighting-sequence] frame=750 action=Move { key: 1000, position: [1.24, 0.0, 3.4], yaw: 0.0 } applied=true
[lighting-sequence] frame=751 action=Move { key: 1000, position: [1.244, 0.0, 3.4], yaw: 0.0 } applied=true
[lighting-sequence] frame=752 action=Move { key: 1000, position: [1.248, 0.0, 3.4], yaw: 0.0 } applied=true
[lighting-sequence] frame=753 action=Move { key: 1000, position: [1.252, 0.0, 3.4], yaw: 0.0 } applied=true
[lighting-sequence] frame=754 action=Move { key: 1000, position: [1.256, 0.0, 3.4], yaw: 0.0 } applied=true
[lighting-sequence] frame=755 action=Move { key: 1000, position: [1.26, 0.0, 3.4], yaw: 0.0 } applied=true
[lighting-sequence] frame=756 action=Move { key: 1000, position: [1.264, 0.0, 3.4], yaw: 0.0 } applied=true
[lighting-sequence] frame=757 action=Move { key: 1000, position: [1.268, 0.0, 3.4], yaw: 0.0 } applied=true
[lighting-sequence] frame=758 action=Move { key: 1000, position: [1.272, 0.0, 3.4], yaw: 0.0 } applied=true
[lighting-sequence] frame=759 action=Move { key: 1000, position: [1.276, 0.0, 3.4], yaw: 0.0 } applied=true
[lighting-sequence] frame=760 action=Move { key: 1000, position: [1.2, 0.0, 3.4], yaw: 0.0 } applied=true
[lighting-sequence] frame=761 action=Move { key: 1000, position: [1.204, 0.0, 3.4], yaw: 0.0 } applied=true
[lighting-sequence] frame=762 action=Move { key: 1000, position: [1.208, 0.0, 3.4], yaw: 0.0 } applied=true
[lighting-sequence] frame=763 action=Move { key: 1000, position: [1.212, 0.0, 3.4], yaw: 0.0 } applied=true
[lighting-sequence] frame=764 action=Move { key: 1000, position: [1.216, 0.0, 3.4], yaw: 0.0 } applied=true
[lighting-sequence] frame=765 action=Move { key: 1000, position: [1.22, 0.0, 3.4], yaw: 0.0 } applied=true
[lighting-sequence] frame=766 action=Move { key: 1000, position: [1.224, 0.0, 3.4], yaw: 0.0 } applied=true
[lighting-sequence] frame=767 action=Move { key: 1000, position: [1.228, 0.0, 3.4], yaw: 0.0 } applied=true
[lighting-sequence] frame=768 action=Move { key: 1000, position: [1.232, 0.0, 3.4], yaw: 0.0 } applied=true
[lighting-sequence] frame=769 action=Move { key: 1000, position: [1.236, 0.0, 3.4], yaw: 0.0 } applied=true
[lighting-sequence] frame=770 action=Move { key: 1000, position: [1.24, 0.0, 3.4], yaw: 0.0 } applied=true
[lighting-sequence] frame=771 action=Move { key: 1000, position: [1.244, 0.0, 3.4], yaw: 0.0 } applied=true
[lighting-sequence] frame=772 action=Move { key: 1000, position: [1.248, 0.0, 3.4], yaw: 0.0 } applied=true
[lighting-sequence] frame=773 action=Move { key: 1000, position: [1.252, 0.0, 3.4], yaw: 0.0 } applied=true
[lighting-sequence] frame=774 action=Move { key: 1000, position: [1.256, 0.0, 3.4], yaw: 0.0 } applied=true
[lighting-sequence] frame=775 action=Move { key: 1000, position: [1.26, 0.0, 3.4], yaw: 0.0 } applied=true
[lighting-sequence] frame=776 action=Move { key: 1000, position: [1.264, 0.0, 3.4], yaw: 0.0 } applied=true
[lighting-sequence] frame=777 action=Move { key: 1000, position: [1.268, 0.0, 3.4], yaw: 0.0 } applied=true
[lighting-sequence] frame=778 action=Move { key: 1000, position: [1.272, 0.0, 3.4], yaw: 0.0 } applied=true
[lighting-sequence] frame=779 action=Move { key: 1000, position: [1.276, 0.0, 3.4], yaw: 0.0 } applied=true
[lighting-sequence] frame=780 action=Move { key: 1000, position: [1.2, 0.0, 3.4], yaw: 0.0 } applied=true
[lighting-sequence] frame=781 action=Move { key: 1000, position: [1.204, 0.0, 3.4], yaw: 0.0 } applied=true
[lighting-sequence] frame=782 action=Move { key: 1000, position: [1.208, 0.0, 3.4], yaw: 0.0 } applied=true
[lighting-sequence] frame=783 action=Move { key: 1000, position: [1.212, 0.0, 3.4], yaw: 0.0 } applied=true
[lighting-sequence] frame=784 action=Move { key: 1000, position: [1.216, 0.0, 3.4], yaw: 0.0 } applied=true
[lighting-sequence] frame=785 action=Move { key: 1000, position: [1.22, 0.0, 3.4], yaw: 0.0 } applied=true
[lighting-sequence] frame=786 action=Move { key: 1000, position: [1.224, 0.0, 3.4], yaw: 0.0 } applied=true
[lighting-sequence] frame=787 action=Move { key: 1000, position: [1.228, 0.0, 3.4], yaw: 0.0 } applied=true
[lighting-sequence] frame=788 action=Move { key: 1000, position: [1.232, 0.0, 3.4], yaw: 0.0 } applied=true
[lighting-sequence] frame=789 action=Move { key: 1000, position: [1.236, 0.0, 3.4], yaw: 0.0 } applied=true
[lighting-sequence] frame=790 action=Move { key: 1000, position: [1.24, 0.0, 3.4], yaw: 0.0 } applied=true
[lighting-sequence] frame=791 action=Move { key: 1000, position: [1.244, 0.0, 3.4], yaw: 0.0 } applied=true
[lighting-sequence] frame=792 action=Move { key: 1000, position: [1.248, 0.0, 3.4], yaw: 0.0 } applied=true
[lighting-sequence] frame=793 action=Move { key: 1000, position: [1.252, 0.0, 3.4], yaw: 0.0 } applied=true
[lighting-sequence] frame=794 action=Move { key: 1000, position: [1.256, 0.0, 3.4], yaw: 0.0 } applied=true
[lighting-sequence] frame=795 action=Move { key: 1000, position: [1.26, 0.0, 3.4], yaw: 0.0 } applied=true
[lighting-sequence] frame=796 action=Move { key: 1000, position: [1.264, 0.0, 3.4], yaw: 0.0 } applied=true
[lighting-sequence] frame=797 action=Move { key: 1000, position: [1.268, 0.0, 3.4], yaw: 0.0 } applied=true
[lighting-sequence] frame=798 action=Move { key: 1000, position: [1.272, 0.0, 3.4], yaw: 0.0 } applied=true
[lighting-sequence] frame=799 action=Move { key: 1000, position: [1.276, 0.0, 3.4], yaw: 0.0 } applied=true
[lighting-sequence] frame=800 action=Move { key: 1000, position: [1.2, 0.0, 3.4], yaw: 0.0 } applied=true
[lighting-sequence] frame=801 action=Move { key: 1000, position: [1.204, 0.0, 3.4], yaw: 0.0 } applied=true
[lighting-sequence] frame=802 action=Move { key: 1000, position: [1.208, 0.0, 3.4], yaw: 0.0 } applied=true
[lighting-sequence] frame=803 action=Move { key: 1000, position: [1.212, 0.0, 3.4], yaw: 0.0 } applied=true
[lighting-sequence] frame=804 action=Move { key: 1000, position: [1.216, 0.0, 3.4], yaw: 0.0 } applied=true
[lighting-sequence] frame=805 action=Move { key: 1000, position: [1.22, 0.0, 3.4], yaw: 0.0 } applied=true
[lighting-sequence] frame=806 action=Move { key: 1000, position: [1.224, 0.0, 3.4], yaw: 0.0 } applied=true
[lighting-sequence] frame=807 action=Move { key: 1000, position: [1.228, 0.0, 3.4], yaw: 0.0 } applied=true
[lighting-sequence] frame=808 action=Move { key: 1000, position: [1.232, 0.0, 3.4], yaw: 0.0 } applied=true
[lighting-sequence] frame=809 action=Move { key: 1000, position: [1.236, 0.0, 3.4], yaw: 0.0 } applied=true
[lighting-sequence] frame=810 action=Move { key: 1000, position: [1.24, 0.0, 3.4], yaw: 0.0 } applied=true
[lighting-sequence] frame=811 action=Move { key: 1000, position: [1.244, 0.0, 3.4], yaw: 0.0 } applied=true
[lighting-sequence] frame=812 action=Move { key: 1000, position: [1.248, 0.0, 3.4], yaw: 0.0 } applied=true
[lighting-sequence] frame=813 action=Move { key: 1000, position: [1.252, 0.0, 3.4], yaw: 0.0 } applied=true
[lighting-sequence] frame=814 action=Move { key: 1000, position: [1.256, 0.0, 3.4], yaw: 0.0 } applied=true
[lighting-sequence] frame=815 action=Move { key: 1000, position: [1.26, 0.0, 3.4], yaw: 0.0 } applied=true
[lighting-sequence] frame=816 action=Move { key: 1000, position: [1.264, 0.0, 3.4], yaw: 0.0 } applied=true
[lighting-sequence] frame=817 action=Move { key: 1000, position: [1.268, 0.0, 3.4], yaw: 0.0 } applied=true
[lighting-sequence] frame=818 action=Move { key: 1000, position: [1.272, 0.0, 3.4], yaw: 0.0 } applied=true
[lighting-sequence] frame=819 action=Move { key: 1000, position: [1.276, 0.0, 3.4], yaw: 0.0 } applied=true
[lighting-sequence] frame=820 action=Move { key: 1000, position: [1.2, 0.0, 3.4], yaw: 0.0 } applied=true
[lighting-sequence] frame=821 action=Move { key: 1000, position: [1.204, 0.0, 3.4], yaw: 0.0 } applied=true
[lighting-sequence] frame=822 action=Move { key: 1000, position: [1.208, 0.0, 3.4], yaw: 0.0 } applied=true
[lighting-sequence] frame=823 action=Move { key: 1000, position: [1.212, 0.0, 3.4], yaw: 0.0 } applied=true
[lighting-sequence] frame=824 action=Move { key: 1000, position: [1.216, 0.0, 3.4], yaw: 0.0 } applied=true
[lighting-sequence] frame=825 action=Move { key: 1000, position: [1.22, 0.0, 3.4], yaw: 0.0 } applied=true
[lighting-sequence] frame=826 action=Move { key: 1000, position: [1.224, 0.0, 3.4], yaw: 0.0 } applied=true
[lighting-sequence] frame=827 action=Move { key: 1000, position: [1.228, 0.0, 3.4], yaw: 0.0 } applied=true
[lighting-sequence] frame=828 action=Move { key: 1000, position: [1.232, 0.0, 3.4], yaw: 0.0 } applied=true
[lighting-sequence] frame=829 action=Move { key: 1000, position: [1.236, 0.0, 3.4], yaw: 0.0 } applied=true
[lighting-sequence] frame=830 action=Move { key: 1000, position: [1.24, 0.0, 3.4], yaw: 0.0 } applied=true
[lighting-sequence] frame=831 action=Move { key: 1000, position: [1.244, 0.0, 3.4], yaw: 0.0 } applied=true
[lighting-sequence] frame=832 action=Move { key: 1000, position: [1.248, 0.0, 3.4], yaw: 0.0 } applied=true
[lighting-sequence] frame=833 action=Move { key: 1000, position: [1.252, 0.0, 3.4], yaw: 0.0 } applied=true
[lighting-sequence] frame=834 action=Move { key: 1000, position: [1.256, 0.0, 3.4], yaw: 0.0 } applied=true
[lighting-sequence] frame=835 action=Move { key: 1000, position: [1.26, 0.0, 3.4], yaw: 0.0 } applied=true
[lighting-sequence] frame=836 action=Move { key: 1000, position: [1.264, 0.0, 3.4], yaw: 0.0 } applied=true
[lighting-sequence] frame=837 action=Move { key: 1000, position: [1.268, 0.0, 3.4], yaw: 0.0 } applied=true
[lighting-sequence] frame=838 action=Move { key: 1000, position: [1.272, 0.0, 3.4], yaw: 0.0 } applied=true
[lighting-sequence] frame=839 action=Move { key: 1000, position: [1.276, 0.0, 3.4], yaw: 0.0 } applied=true
[lighting-sequence] frame=840 action=Move { key: 1000, position: [1.2, 0.0, 3.4], yaw: 0.0 } applied=true
[lighting-sequence] frame=841 action=Move { key: 1000, position: [1.204, 0.0, 3.4], yaw: 0.0 } applied=true
[lighting-sequence] frame=842 action=Move { key: 1000, position: [1.208, 0.0, 3.4], yaw: 0.0 } applied=true
[lighting-sequence] frame=843 action=Move { key: 1000, position: [1.212, 0.0, 3.4], yaw: 0.0 } applied=true
[lighting-sequence] frame=844 action=Move { key: 1000, position: [1.216, 0.0, 3.4], yaw: 0.0 } applied=true
[lighting-sequence] frame=845 action=Move { key: 1000, position: [1.22, 0.0, 3.4], yaw: 0.0 } applied=true
[lighting-sequence] frame=846 action=Move { key: 1000, position: [1.224, 0.0, 3.4], yaw: 0.0 } applied=true
[lighting-sequence] frame=847 action=Move { key: 1000, position: [1.228, 0.0, 3.4], yaw: 0.0 } applied=true
[lighting-sequence] frame=848 action=Move { key: 1000, position: [1.232, 0.0, 3.4], yaw: 0.0 } applied=true
[lighting-sequence] frame=849 action=Move { key: 1000, position: [1.236, 0.0, 3.4], yaw: 0.0 } applied=true
[lighting-sequence] frame=850 action=Move { key: 1000, position: [1.24, 0.0, 3.4], yaw: 0.0 } applied=true
[lighting-sequence] frame=851 action=Move { key: 1000, position: [1.244, 0.0, 3.4], yaw: 0.0 } applied=true
[lighting-sequence] frame=852 action=Move { key: 1000, position: [1.248, 0.0, 3.4], yaw: 0.0 } applied=true
[lighting-sequence] frame=853 action=Move { key: 1000, position: [1.252, 0.0, 3.4], yaw: 0.0 } applied=true
[lighting-sequence] frame=854 action=Move { key: 1000, position: [1.256, 0.0, 3.4], yaw: 0.0 } applied=true
[lighting-sequence] frame=855 action=Move { key: 1000, position: [1.26, 0.0, 3.4], yaw: 0.0 } applied=true
[lighting-sequence] frame=856 action=Move { key: 1000, position: [1.264, 0.0, 3.4], yaw: 0.0 } applied=true
[lighting-sequence] frame=857 action=Move { key: 1000, position: [1.268, 0.0, 3.4], yaw: 0.0 } applied=true
[lighting-sequence] frame=858 action=Move { key: 1000, position: [1.272, 0.0, 3.4], yaw: 0.0 } applied=true
[lighting-sequence] frame=859 action=Move { key: 1000, position: [1.276, 0.0, 3.4], yaw: 0.0 } applied=true
[lighting-sequence] frame=860 action=Move { key: 1000, position: [1.2, 0.0, 3.4], yaw: 0.0 } applied=true
[lighting-sequence] frame=861 action=Move { key: 1000, position: [1.204, 0.0, 3.4], yaw: 0.0 } applied=true
[lighting-sequence] frame=862 action=Move { key: 1000, position: [1.208, 0.0, 3.4], yaw: 0.0 } applied=true
[lighting-sequence] frame=863 action=Move { key: 1000, position: [1.212, 0.0, 3.4], yaw: 0.0 } applied=true
[lighting-sequence] frame=864 action=Move { key: 1000, position: [1.216, 0.0, 3.4], yaw: 0.0 } applied=true
[lighting-sequence] frame=865 action=Move { key: 1000, position: [1.22, 0.0, 3.4], yaw: 0.0 } applied=true
[lighting-sequence] frame=866 action=Move { key: 1000, position: [1.224, 0.0, 3.4], yaw: 0.0 } applied=true
[lighting-sequence] frame=867 action=Move { key: 1000, position: [1.228, 0.0, 3.4], yaw: 0.0 } applied=true
[lighting-sequence] frame=868 action=Move { key: 1000, position: [1.232, 0.0, 3.4], yaw: 0.0 } applied=true
[lighting-sequence] frame=869 action=Move { key: 1000, position: [1.236, 0.0, 3.4], yaw: 0.0 } applied=true
[lighting-sequence] frame=870 action=Move { key: 1000, position: [1.24, 0.0, 3.4], yaw: 0.0 } applied=true
[lighting-sequence] frame=871 action=Move { key: 1000, position: [1.244, 0.0, 3.4], yaw: 0.0 } applied=true
[lighting-sequence] frame=872 action=Move { key: 1000, position: [1.248, 0.0, 3.4], yaw: 0.0 } applied=true
[lighting-sequence] frame=873 action=Move { key: 1000, position: [1.252, 0.0, 3.4], yaw: 0.0 } applied=true
[lighting-sequence] frame=874 action=Move { key: 1000, position: [1.256, 0.0, 3.4], yaw: 0.0 } applied=true
[lighting-sequence] frame=875 action=Move { key: 1000, position: [1.26, 0.0, 3.4], yaw: 0.0 } applied=true
[lighting-sequence] frame=876 action=Move { key: 1000, position: [1.264, 0.0, 3.4], yaw: 0.0 } applied=true
[lighting-sequence] frame=877 action=Move { key: 1000, position: [1.268, 0.0, 3.4], yaw: 0.0 } applied=true
[lighting-sequence] frame=878 action=Move { key: 1000, position: [1.272, 0.0, 3.4], yaw: 0.0 } applied=true
[lighting-sequence] frame=879 action=Move { key: 1000, position: [1.276, 0.0, 3.4], yaw: 0.0 } applied=true
[lighting-sequence] frame=880 action=Move { key: 1000, position: [1.2, 0.0, 3.4], yaw: 0.0 } applied=true
[lighting-sequence] frame=881 action=Move { key: 1000, position: [1.204, 0.0, 3.4], yaw: 0.0 } applied=true
[lighting-sequence] frame=882 action=Move { key: 1000, position: [1.208, 0.0, 3.4], yaw: 0.0 } applied=true
[lighting-sequence] frame=883 action=Move { key: 1000, position: [1.212, 0.0, 3.4], yaw: 0.0 } applied=true
[lighting-sequence] frame=884 action=Move { key: 1000, position: [1.216, 0.0, 3.4], yaw: 0.0 } applied=true
[lighting-sequence] frame=885 action=Move { key: 1000, position: [1.22, 0.0, 3.4], yaw: 0.0 } applied=true
[lighting-sequence] frame=886 action=Move { key: 1000, position: [1.224, 0.0, 3.4], yaw: 0.0 } applied=true
[lighting-sequence] frame=887 action=Move { key: 1000, position: [1.228, 0.0, 3.4], yaw: 0.0 } applied=true
[lighting-sequence] frame=888 action=Move { key: 1000, position: [1.232, 0.0, 3.4], yaw: 0.0 } applied=true
[lighting-sequence] frame=889 action=Move { key: 1000, position: [1.236, 0.0, 3.4], yaw: 0.0 } applied=true
[lighting-sequence] frame=890 action=Move { key: 1000, position: [1.24, 0.0, 3.4], yaw: 0.0 } applied=true
[lighting-sequence] frame=891 action=Move { key: 1000, position: [1.244, 0.0, 3.4], yaw: 0.0 } applied=true
[lighting-sequence] frame=892 action=Move { key: 1000, position: [1.248, 0.0, 3.4], yaw: 0.0 } applied=true
[lighting-sequence] frame=893 action=Move { key: 1000, position: [1.252, 0.0, 3.4], yaw: 0.0 } applied=true
[lighting-sequence] frame=894 action=Move { key: 1000, position: [1.256, 0.0, 3.4], yaw: 0.0 } applied=true
[lighting-sequence] frame=895 action=Move { key: 1000, position: [1.26, 0.0, 3.4], yaw: 0.0 } applied=true
[lighting-sequence] frame=896 action=Move { key: 1000, position: [1.264, 0.0, 3.4], yaw: 0.0 } applied=true
[lighting-sequence] frame=897 action=Move { key: 1000, position: [1.268, 0.0, 3.4], yaw: 0.0 } applied=true
[lighting-sequence] frame=898 action=Move { key: 1000, position: [1.272, 0.0, 3.4], yaw: 0.0 } applied=true
[lighting-sequence] frame=899 action=Move { key: 1000, position: [1.276, 0.0, 3.4], yaw: 0.0 } applied=true
[lighting-sequence] frame=900 action=Move { key: 1000, position: [1.2, 0.0, 3.4], yaw: 0.0 } applied=true
[lighting-sequence] frame=901 action=Move { key: 1000, position: [1.204, 0.0, 3.4], yaw: 0.0 } applied=true
[lighting-sequence] frame=902 action=Move { key: 1000, position: [1.208, 0.0, 3.4], yaw: 0.0 } applied=true
[lighting-sequence] frame=903 action=Move { key: 1000, position: [1.212, 0.0, 3.4], yaw: 0.0 } applied=true
[lighting-sequence] frame=904 action=Move { key: 1000, position: [1.216, 0.0, 3.4], yaw: 0.0 } applied=true
[lighting-sequence] frame=905 action=Move { key: 1000, position: [1.22, 0.0, 3.4], yaw: 0.0 } applied=true
[lighting-sequence] frame=906 action=Move { key: 1000, position: [1.224, 0.0, 3.4], yaw: 0.0 } applied=true
[lighting-sequence] frame=907 action=Move { key: 1000, position: [1.228, 0.0, 3.4], yaw: 0.0 } applied=true
[lighting-sequence] frame=908 action=Move { key: 1000, position: [1.232, 0.0, 3.4], yaw: 0.0 } applied=true
[lighting-sequence] frame=909 action=Move { key: 1000, position: [1.236, 0.0, 3.4], yaw: 0.0 } applied=true
[lighting-sequence] frame=910 action=Move { key: 1000, position: [1.24, 0.0, 3.4], yaw: 0.0 } applied=true
[lighting-sequence] frame=911 action=Move { key: 1000, position: [1.244, 0.0, 3.4], yaw: 0.0 } applied=true
[lighting-sequence] frame=912 action=Move { key: 1000, position: [1.248, 0.0, 3.4], yaw: 0.0 } applied=true
[lighting-sequence] frame=913 action=Move { key: 1000, position: [1.252, 0.0, 3.4], yaw: 0.0 } applied=true
[lighting-sequence] frame=914 action=Move { key: 1000, position: [1.256, 0.0, 3.4], yaw: 0.0 } applied=true
[lighting-sequence] frame=915 action=Move { key: 1000, position: [1.26, 0.0, 3.4], yaw: 0.0 } applied=true
[lighting-sequence] frame=916 action=Move { key: 1000, position: [1.264, 0.0, 3.4], yaw: 0.0 } applied=true
[lighting-sequence] frame=917 action=Move { key: 1000, position: [1.268, 0.0, 3.4], yaw: 0.0 } applied=true
[lighting-sequence] frame=918 action=Move { key: 1000, position: [1.272, 0.0, 3.4], yaw: 0.0 } applied=true
[lighting-sequence] frame=919 action=Move { key: 1000, position: [1.276, 0.0, 3.4], yaw: 0.0 } applied=true
[lighting-sequence] frame=920 action=Move { key: 1000, position: [1.2, 0.0, 3.4], yaw: 0.0 } applied=true
[lighting-sequence] frame=921 action=Move { key: 1000, position: [1.204, 0.0, 3.4], yaw: 0.0 } applied=true
[lighting-sequence] frame=922 action=Move { key: 1000, position: [1.208, 0.0, 3.4], yaw: 0.0 } applied=true
[lighting-sequence] frame=923 action=Move { key: 1000, position: [1.212, 0.0, 3.4], yaw: 0.0 } applied=true
[lighting-sequence] frame=924 action=Move { key: 1000, position: [1.216, 0.0, 3.4], yaw: 0.0 } applied=true
[lighting-sequence] frame=925 action=Move { key: 1000, position: [1.22, 0.0, 3.4], yaw: 0.0 } applied=true
[lighting-sequence] frame=926 action=Move { key: 1000, position: [1.224, 0.0, 3.4], yaw: 0.0 } applied=true
[lighting-sequence] frame=927 action=Move { key: 1000, position: [1.228, 0.0, 3.4], yaw: 0.0 } applied=true
[lighting-sequence] frame=928 action=Move { key: 1000, position: [1.232, 0.0, 3.4], yaw: 0.0 } applied=true
[lighting-sequence] frame=929 action=Move { key: 1000, position: [1.236, 0.0, 3.4], yaw: 0.0 } applied=true
[lighting-sequence] frame=930 action=Move { key: 1000, position: [1.24, 0.0, 3.4], yaw: 0.0 } applied=true
[lighting-sequence] frame=931 action=Move { key: 1000, position: [1.244, 0.0, 3.4], yaw: 0.0 } applied=true
[lighting-sequence] frame=932 action=Move { key: 1000, position: [1.248, 0.0, 3.4], yaw: 0.0 } applied=true
[lighting-sequence] frame=933 action=Move { key: 1000, position: [1.252, 0.0, 3.4], yaw: 0.0 } applied=true
[lighting-sequence] frame=934 action=Move { key: 1000, position: [1.256, 0.0, 3.4], yaw: 0.0 } applied=true
[lighting-sequence] frame=935 action=Move { key: 1000, position: [1.26, 0.0, 3.4], yaw: 0.0 } applied=true
[lighting-sequence] frame=936 action=Move { key: 1000, position: [1.264, 0.0, 3.4], yaw: 0.0 } applied=true
[lighting-sequence] frame=937 action=Move { key: 1000, position: [1.268, 0.0, 3.4], yaw: 0.0 } applied=true
[lighting-sequence] frame=938 action=Move { key: 1000, position: [1.272, 0.0, 3.4], yaw: 0.0 } applied=true
[lighting-sequence] frame=939 action=Move { key: 1000, position: [1.276, 0.0, 3.4], yaw: 0.0 } applied=true
[lighting-sequence] frame=940 action=Move { key: 1000, position: [1.2, 0.0, 3.4], yaw: 0.0 } applied=true
[lighting-sequence] frame=941 action=Move { key: 1000, position: [1.204, 0.0, 3.4], yaw: 0.0 } applied=true
[lighting-sequence] frame=942 action=Move { key: 1000, position: [1.208, 0.0, 3.4], yaw: 0.0 } applied=true
[lighting-sequence] frame=943 action=Move { key: 1000, position: [1.212, 0.0, 3.4], yaw: 0.0 } applied=true
[lighting-sequence] frame=944 action=Move { key: 1000, position: [1.216, 0.0, 3.4], yaw: 0.0 } applied=true
[lighting-sequence] frame=945 action=Move { key: 1000, position: [1.22, 0.0, 3.4], yaw: 0.0 } applied=true
[lighting-sequence] frame=946 action=Move { key: 1000, position: [1.224, 0.0, 3.4], yaw: 0.0 } applied=true
[lighting-sequence] frame=947 action=Move { key: 1000, position: [1.228, 0.0, 3.4], yaw: 0.0 } applied=true
[lighting-sequence] frame=948 action=Move { key: 1000, position: [1.232, 0.0, 3.4], yaw: 0.0 } applied=true
[lighting-sequence] frame=949 action=Move { key: 1000, position: [1.236, 0.0, 3.4], yaw: 0.0 } applied=true
[lighting-sequence] frame=950 action=Move { key: 1000, position: [1.24, 0.0, 3.4], yaw: 0.0 } applied=true
[lighting-sequence] frame=951 action=Move { key: 1000, position: [1.244, 0.0, 3.4], yaw: 0.0 } applied=true
[lighting-sequence] frame=952 action=Move { key: 1000, position: [1.248, 0.0, 3.4], yaw: 0.0 } applied=true
[lighting-sequence] frame=953 action=Move { key: 1000, position: [1.252, 0.0, 3.4], yaw: 0.0 } applied=true
[lighting-sequence] frame=954 action=Move { key: 1000, position: [1.256, 0.0, 3.4], yaw: 0.0 } applied=true
[lighting-sequence] frame=955 action=Move { key: 1000, position: [1.26, 0.0, 3.4], yaw: 0.0 } applied=true
[lighting-sequence] frame=956 action=Move { key: 1000, position: [1.264, 0.0, 3.4], yaw: 0.0 } applied=true
[lighting-sequence] frame=957 action=Move { key: 1000, position: [1.268, 0.0, 3.4], yaw: 0.0 } applied=true
[lighting-sequence] frame=958 action=Move { key: 1000, position: [1.272, 0.0, 3.4], yaw: 0.0 } applied=true
[lighting-sequence] frame=959 action=Move { key: 1000, position: [1.276, 0.0, 3.4], yaw: 0.0 } applied=true
[lighting-sequence] frame=960 action=Move { key: 1000, position: [1.2, 0.0, 3.4], yaw: 0.0 } applied=true
[lighting-sequence] frame=961 action=Move { key: 1000, position: [1.204, 0.0, 3.4], yaw: 0.0 } applied=true
[lighting-sequence] frame=962 action=Move { key: 1000, position: [1.208, 0.0, 3.4], yaw: 0.0 } applied=true
[lighting-sequence] frame=963 action=Move { key: 1000, position: [1.212, 0.0, 3.4], yaw: 0.0 } applied=true
[lighting-sequence] frame=964 action=Move { key: 1000, position: [1.216, 0.0, 3.4], yaw: 0.0 } applied=true
[lighting-sequence] frame=965 action=Move { key: 1000, position: [1.22, 0.0, 3.4], yaw: 0.0 } applied=true
[lighting-sequence] frame=966 action=Move { key: 1000, position: [1.224, 0.0, 3.4], yaw: 0.0 } applied=true
[lighting-sequence] frame=967 action=Move { key: 1000, position: [1.228, 0.0, 3.4], yaw: 0.0 } applied=true
[lighting-sequence] frame=968 action=Move { key: 1000, position: [1.232, 0.0, 3.4], yaw: 0.0 } applied=true
[lighting-sequence] frame=969 action=Move { key: 1000, position: [1.236, 0.0, 3.4], yaw: 0.0 } applied=true
[lighting-sequence] frame=970 action=Move { key: 1000, position: [1.24, 0.0, 3.4], yaw: 0.0 } applied=true
[lighting-sequence] frame=971 action=Move { key: 1000, position: [1.244, 0.0, 3.4], yaw: 0.0 } applied=true
[lighting-sequence] frame=972 action=Move { key: 1000, position: [1.248, 0.0, 3.4], yaw: 0.0 } applied=true
[lighting-sequence] frame=973 action=Move { key: 1000, position: [1.252, 0.0, 3.4], yaw: 0.0 } applied=true
[lighting-sequence] frame=974 action=Move { key: 1000, position: [1.256, 0.0, 3.4], yaw: 0.0 } applied=true
[lighting-sequence] frame=975 action=Move { key: 1000, position: [1.26, 0.0, 3.4], yaw: 0.0 } applied=true
[lighting-sequence] frame=976 action=Move { key: 1000, position: [1.264, 0.0, 3.4], yaw: 0.0 } applied=true
[lighting-sequence] frame=977 action=Move { key: 1000, position: [1.268, 0.0, 3.4], yaw: 0.0 } applied=true
[lighting-sequence] frame=978 action=Move { key: 1000, position: [1.272, 0.0, 3.4], yaw: 0.0 } applied=true
[lighting-sequence] frame=979 action=Move { key: 1000, position: [1.276, 0.0, 3.4], yaw: 0.0 } applied=true
[lighting-sequence] frame=980 action=Move { key: 1000, position: [1.2, 0.0, 3.4], yaw: 0.0 } applied=true
[lighting-sequence] frame=981 action=Move { key: 1000, position: [1.204, 0.0, 3.4], yaw: 0.0 } applied=true
[lighting-sequence] frame=982 action=Move { key: 1000, position: [1.208, 0.0, 3.4], yaw: 0.0 } applied=true
[lighting-sequence] frame=983 action=Move { key: 1000, position: [1.212, 0.0, 3.4], yaw: 0.0 } applied=true
[lighting-sequence] frame=984 action=Move { key: 1000, position: [1.216, 0.0, 3.4], yaw: 0.0 } applied=true
[lighting-sequence] frame=985 action=Move { key: 1000, position: [1.22, 0.0, 3.4], yaw: 0.0 } applied=true
[lighting-sequence] frame=986 action=Move { key: 1000, position: [1.224, 0.0, 3.4], yaw: 0.0 } applied=true
[lighting-sequence] frame=987 action=Move { key: 1000, position: [1.228, 0.0, 3.4], yaw: 0.0 } applied=true
[lighting-sequence] frame=988 action=Move { key: 1000, position: [1.232, 0.0, 3.4], yaw: 0.0 } applied=true
[lighting-sequence] frame=989 action=Move { key: 1000, position: [1.236, 0.0, 3.4], yaw: 0.0 } applied=true
[lighting-sequence] frame=990 action=Move { key: 1000, position: [1.24, 0.0, 3.4], yaw: 0.0 } applied=true
[lighting-sequence] frame=991 action=Move { key: 1000, position: [1.244, 0.0, 3.4], yaw: 0.0 } applied=true
[lighting-sequence] frame=992 action=Move { key: 1000, position: [1.248, 0.0, 3.4], yaw: 0.0 } applied=true
[lighting-sequence] frame=993 action=Move { key: 1000, position: [1.252, 0.0, 3.4], yaw: 0.0 } applied=true
[lighting-sequence] frame=994 action=Move { key: 1000, position: [1.256, 0.0, 3.4], yaw: 0.0 } applied=true
[lighting-sequence] frame=995 action=Move { key: 1000, position: [1.26, 0.0, 3.4], yaw: 0.0 } applied=true
[lighting-sequence] frame=996 action=Move { key: 1000, position: [1.264, 0.0, 3.4], yaw: 0.0 } applied=true
[lighting-sequence] frame=997 action=Move { key: 1000, position: [1.268, 0.0, 3.4], yaw: 0.0 } applied=true
[lighting-sequence] frame=998 action=Move { key: 1000, position: [1.272, 0.0, 3.4], yaw: 0.0 } applied=true
[lighting-sequence] frame=999 action=Move { key: 1000, position: [1.276, 0.0, 3.4], yaw: 0.0 } applied=true
[lighting-sequence] frame=1000 action=Move { key: 1000, position: [1.2, 0.0, 3.4], yaw: 0.0 } applied=true
[lighting-sequence] frame=1001 action=Move { key: 1000, position: [1.204, 0.0, 3.4], yaw: 0.0 } applied=true
[lighting-sequence] frame=1002 action=Move { key: 1000, position: [1.208, 0.0, 3.4], yaw: 0.0 } applied=true
[lighting-sequence] frame=1003 action=Move { key: 1000, position: [1.212, 0.0, 3.4], yaw: 0.0 } applied=true
[lighting-sequence] frame=1004 action=Move { key: 1000, position: [1.216, 0.0, 3.4], yaw: 0.0 } applied=true
[lighting-sequence] frame=1005 action=Move { key: 1000, position: [1.22, 0.0, 3.4], yaw: 0.0 } applied=true
[lighting-sequence] frame=1006 action=Move { key: 1000, position: [1.224, 0.0, 3.4], yaw: 0.0 } applied=true
[lighting-sequence] frame=1007 action=Move { key: 1000, position: [1.228, 0.0, 3.4], yaw: 0.0 } applied=true
[lighting-sequence] frame=1008 action=Move { key: 1000, position: [1.232, 0.0, 3.4], yaw: 0.0 } applied=true
[lighting-sequence] frame=1009 action=Move { key: 1000, position: [1.236, 0.0, 3.4], yaw: 0.0 } applied=true
[lighting-sequence] frame=1010 action=Move { key: 1000, position: [1.24, 0.0, 3.4], yaw: 0.0 } applied=true
[lighting-sequence] frame=1011 action=Move { key: 1000, position: [1.244, 0.0, 3.4], yaw: 0.0 } applied=true
[lighting-sequence] frame=1012 action=Move { key: 1000, position: [1.248, 0.0, 3.4], yaw: 0.0 } applied=true
[lighting-sequence] frame=1013 action=Move { key: 1000, position: [1.252, 0.0, 3.4], yaw: 0.0 } applied=true
[lighting-sequence] frame=1014 action=Move { key: 1000, position: [1.256, 0.0, 3.4], yaw: 0.0 } applied=true
[lighting-sequence] frame=1015 action=Move { key: 1000, position: [1.26, 0.0, 3.4], yaw: 0.0 } applied=true
[lighting-sequence] frame=1016 action=Move { key: 1000, position: [1.264, 0.0, 3.4], yaw: 0.0 } applied=true
[lighting-sequence] frame=1017 action=Move { key: 1000, position: [1.268, 0.0, 3.4], yaw: 0.0 } applied=true
[lighting-sequence] frame=1018 action=Move { key: 1000, position: [1.272, 0.0, 3.4], yaw: 0.0 } applied=true
[lighting-sequence] frame=1019 action=Move { key: 1000, position: [1.276, 0.0, 3.4], yaw: 0.0 } applied=true
[lighting-sequence] frame=1020 action=Move { key: 1000, position: [1.2, 0.0, 3.4], yaw: 0.0 } applied=true
[lighting-sequence] frame=1021 action=Move { key: 1000, position: [1.204, 0.0, 3.4], yaw: 0.0 } applied=true
[lighting-sequence] frame=1022 action=Move { key: 1000, position: [1.208, 0.0, 3.4], yaw: 0.0 } applied=true
[lighting-sequence] frame=1023 action=Move { key: 1000, position: [1.212, 0.0, 3.4], yaw: 0.0 } applied=true
[lighting-sequence] frame=1024 action=Move { key: 1000, position: [1.216, 0.0, 3.4], yaw: 0.0 } applied=true
[lighting-sequence] frame=1025 action=Move { key: 1000, position: [1.22, 0.0, 3.4], yaw: 0.0 } applied=true
[lighting-sequence] frame=1026 action=Move { key: 1000, position: [1.224, 0.0, 3.4], yaw: 0.0 } applied=true
[lighting-sequence] frame=1027 action=Move { key: 1000, position: [1.228, 0.0, 3.4], yaw: 0.0 } applied=true
[lighting-sequence] frame=1028 action=Move { key: 1000, position: [1.232, 0.0, 3.4], yaw: 0.0 } applied=true
[lighting-sequence] frame=1029 action=Move { key: 1000, position: [1.236, 0.0, 3.4], yaw: 0.0 } applied=true
[lighting-sequence] frame=1030 action=Move { key: 1000, position: [1.24, 0.0, 3.4], yaw: 0.0 } applied=true
[lighting-sequence] frame=1031 action=Move { key: 1000, position: [1.244, 0.0, 3.4], yaw: 0.0 } applied=true
[lighting-sequence] frame=1032 action=Move { key: 1000, position: [1.248, 0.0, 3.4], yaw: 0.0 } applied=true
[lighting-sequence] frame=1033 action=Move { key: 1000, position: [1.252, 0.0, 3.4], yaw: 0.0 } applied=true
[lighting-sequence] frame=1034 action=Move { key: 1000, position: [1.256, 0.0, 3.4], yaw: 0.0 } applied=true
[lighting-sequence] frame=1035 action=Move { key: 1000, position: [1.26, 0.0, 3.4], yaw: 0.0 } applied=true
[lighting-sequence] frame=1036 action=Move { key: 1000, position: [1.264, 0.0, 3.4], yaw: 0.0 } applied=true
[lighting-sequence] frame=1037 action=Move { key: 1000, position: [1.268, 0.0, 3.4], yaw: 0.0 } applied=true
[lighting-sequence] frame=1038 action=Move { key: 1000, position: [1.272, 0.0, 3.4], yaw: 0.0 } applied=true
[lighting-sequence] frame=1039 action=Move { key: 1000, position: [1.276, 0.0, 3.4], yaw: 0.0 } applied=true
[lighting-sequence] frame=1040 action=Move { key: 1000, position: [1.2, 0.0, 3.4], yaw: 0.0 } applied=true
[lighting-sequence] frame=1041 action=Move { key: 1000, position: [1.204, 0.0, 3.4], yaw: 0.0 } applied=true
[lighting-sequence] frame=1042 action=Move { key: 1000, position: [1.208, 0.0, 3.4], yaw: 0.0 } applied=true
[lighting-sequence] frame=1043 action=Move { key: 1000, position: [1.212, 0.0, 3.4], yaw: 0.0 } applied=true
[lighting-sequence] frame=1044 action=Move { key: 1000, position: [1.216, 0.0, 3.4], yaw: 0.0 } applied=true
[lighting-sequence] frame=1045 action=Move { key: 1000, position: [1.22, 0.0, 3.4], yaw: 0.0 } applied=true
[lighting-sequence] frame=1046 action=Move { key: 1000, position: [1.224, 0.0, 3.4], yaw: 0.0 } applied=true
[lighting-sequence] frame=1047 action=Move { key: 1000, position: [1.228, 0.0, 3.4], yaw: 0.0 } applied=true
[lighting-sequence] frame=1048 action=Move { key: 1000, position: [1.232, 0.0, 3.4], yaw: 0.0 } applied=true
[lighting-sequence] frame=1049 action=Move { key: 1000, position: [1.236, 0.0, 3.4], yaw: 0.0 } applied=true
[lighting-sequence] frame=1050 action=Move { key: 1000, position: [1.24, 0.0, 3.4], yaw: 0.0 } applied=true
[lighting-sequence] frame=1051 action=Move { key: 1000, position: [1.244, 0.0, 3.4], yaw: 0.0 } applied=true
[lighting-sequence] frame=1052 action=Move { key: 1000, position: [1.248, 0.0, 3.4], yaw: 0.0 } applied=true
[lighting-sequence] frame=1053 action=Move { key: 1000, position: [1.252, 0.0, 3.4], yaw: 0.0 } applied=true
[lighting-sequence] frame=1054 action=Move { key: 1000, position: [1.256, 0.0, 3.4], yaw: 0.0 } applied=true
[lighting-sequence] frame=1055 action=Move { key: 1000, position: [1.26, 0.0, 3.4], yaw: 0.0 } applied=true
[lighting-sequence] frame=1056 action=Move { key: 1000, position: [1.264, 0.0, 3.4], yaw: 0.0 } applied=true
[lighting-sequence] frame=1057 action=Move { key: 1000, position: [1.268, 0.0, 3.4], yaw: 0.0 } applied=true
[lighting-sequence] frame=1058 action=Move { key: 1000, position: [1.272, 0.0, 3.4], yaw: 0.0 } applied=true
[lighting-sequence] frame=1059 action=Move { key: 1000, position: [1.276, 0.0, 3.4], yaw: 0.0 } applied=true
[lighting-sequence] frame=1060 action=Move { key: 1000, position: [1.2, 0.0, 3.4], yaw: 0.0 } applied=true
[lighting-sequence] frame=1061 action=Move { key: 1000, position: [1.204, 0.0, 3.4], yaw: 0.0 } applied=true
[lighting-sequence] frame=1062 action=Move { key: 1000, position: [1.208, 0.0, 3.4], yaw: 0.0 } applied=true
[lighting-sequence] frame=1063 action=Move { key: 1000, position: [1.212, 0.0, 3.4], yaw: 0.0 } applied=true
[lighting-sequence] frame=1064 action=Move { key: 1000, position: [1.216, 0.0, 3.4], yaw: 0.0 } applied=true
[lighting-sequence] frame=1065 action=Move { key: 1000, position: [1.22, 0.0, 3.4], yaw: 0.0 } applied=true
[lighting-sequence] frame=1066 action=Move { key: 1000, position: [1.224, 0.0, 3.4], yaw: 0.0 } applied=true
[lighting-sequence] frame=1067 action=Move { key: 1000, position: [1.228, 0.0, 3.4], yaw: 0.0 } applied=true
[lighting-sequence] frame=1068 action=Move { key: 1000, position: [1.232, 0.0, 3.4], yaw: 0.0 } applied=true
[lighting-sequence] frame=1069 action=Move { key: 1000, position: [1.236, 0.0, 3.4], yaw: 0.0 } applied=true
[lighting-sequence] frame=1070 action=Move { key: 1000, position: [1.24, 0.0, 3.4], yaw: 0.0 } applied=true
[lighting-sequence] frame=1071 action=Move { key: 1000, position: [1.244, 0.0, 3.4], yaw: 0.0 } applied=true
[lighting-sequence] frame=1072 action=Move { key: 1000, position: [1.248, 0.0, 3.4], yaw: 0.0 } applied=true
[lighting-sequence] frame=1073 action=Move { key: 1000, position: [1.252, 0.0, 3.4], yaw: 0.0 } applied=true
[lighting-sequence] frame=1074 action=Move { key: 1000, position: [1.256, 0.0, 3.4], yaw: 0.0 } applied=true
[lighting-sequence] frame=1075 action=Move { key: 1000, position: [1.26, 0.0, 3.4], yaw: 0.0 } applied=true
[lighting-sequence] frame=1076 action=Move { key: 1000, position: [1.264, 0.0, 3.4], yaw: 0.0 } applied=true
[lighting-sequence] frame=1077 action=Move { key: 1000, position: [1.268, 0.0, 3.4], yaw: 0.0 } applied=true
[lighting-sequence] frame=1078 action=Move { key: 1000, position: [1.272, 0.0, 3.4], yaw: 0.0 } applied=true
[lighting-sequence] frame=1079 action=Move { key: 1000, position: [1.276, 0.0, 3.4], yaw: 0.0 } applied=true
[lighting-sequence] frame=1080 action=Move { key: 1000, position: [1.2, 0.0, 3.4], yaw: 0.0 } applied=true
[lighting-sequence] frame=1081 action=Move { key: 1000, position: [1.204, 0.0, 3.4], yaw: 0.0 } applied=true
[lighting-sequence] frame=1082 action=Move { key: 1000, position: [1.208, 0.0, 3.4], yaw: 0.0 } applied=true
[lighting-sequence] frame=1083 action=Move { key: 1000, position: [1.212, 0.0, 3.4], yaw: 0.0 } applied=true
[lighting-sequence] frame=1084 action=Move { key: 1000, position: [1.216, 0.0, 3.4], yaw: 0.0 } applied=true
[lighting-sequence] frame=1085 action=Move { key: 1000, position: [1.22, 0.0, 3.4], yaw: 0.0 } applied=true
[lighting-sequence] frame=1086 action=Move { key: 1000, position: [1.224, 0.0, 3.4], yaw: 0.0 } applied=true
[lighting-sequence] frame=1087 action=Move { key: 1000, position: [1.228, 0.0, 3.4], yaw: 0.0 } applied=true
[lighting-sequence] frame=1088 action=Move { key: 1000, position: [1.232, 0.0, 3.4], yaw: 0.0 } applied=true
[lighting-sequence] frame=1089 action=Move { key: 1000, position: [1.236, 0.0, 3.4], yaw: 0.0 } applied=true
[lighting-sequence] frame=1090 action=Move { key: 1000, position: [1.24, 0.0, 3.4], yaw: 0.0 } applied=true
[lighting-sequence] frame=1091 action=Move { key: 1000, position: [1.244, 0.0, 3.4], yaw: 0.0 } applied=true
[lighting-sequence] frame=1092 action=Move { key: 1000, position: [1.248, 0.0, 3.4], yaw: 0.0 } applied=true
[lighting-sequence] frame=1093 action=Move { key: 1000, position: [1.252, 0.0, 3.4], yaw: 0.0 } applied=true
[lighting-sequence] frame=1094 action=Move { key: 1000, position: [1.256, 0.0, 3.4], yaw: 0.0 } applied=true
[lighting-sequence] frame=1095 action=Move { key: 1000, position: [1.26, 0.0, 3.4], yaw: 0.0 } applied=true
[lighting-sequence] frame=1096 action=Move { key: 1000, position: [1.264, 0.0, 3.4], yaw: 0.0 } applied=true
[lighting-sequence] frame=1097 action=Move { key: 1000, position: [1.268, 0.0, 3.4], yaw: 0.0 } applied=true
[lighting-sequence] frame=1098 action=Move { key: 1000, position: [1.272, 0.0, 3.4], yaw: 0.0 } applied=true
[lighting-sequence] frame=1099 action=Move { key: 1000, position: [1.276, 0.0, 3.4], yaw: 0.0 } applied=true
[lighting-sequence] frame=1100 action=Move { key: 1000, position: [1.2, 0.0, 3.4], yaw: 0.0 } applied=true
[lighting-sequence] frame=1101 action=Move { key: 1000, position: [1.204, 0.0, 3.4], yaw: 0.0 } applied=true
[lighting-sequence] frame=1102 action=Move { key: 1000, position: [1.208, 0.0, 3.4], yaw: 0.0 } applied=true
[lighting-sequence] frame=1103 action=Move { key: 1000, position: [1.212, 0.0, 3.4], yaw: 0.0 } applied=true
[lighting-sequence] frame=1104 action=Move { key: 1000, position: [1.216, 0.0, 3.4], yaw: 0.0 } applied=true
[lighting-sequence] frame=1105 action=Move { key: 1000, position: [1.22, 0.0, 3.4], yaw: 0.0 } applied=true
[lighting-sequence] frame=1106 action=Move { key: 1000, position: [1.224, 0.0, 3.4], yaw: 0.0 } applied=true
[lighting-sequence] frame=1107 action=Move { key: 1000, position: [1.228, 0.0, 3.4], yaw: 0.0 } applied=true
[lighting-sequence] frame=1108 action=Move { key: 1000, position: [1.232, 0.0, 3.4], yaw: 0.0 } applied=true
[lighting-sequence] frame=1109 action=Move { key: 1000, position: [1.236, 0.0, 3.4], yaw: 0.0 } applied=true
[lighting-sequence] frame=1110 action=Move { key: 1000, position: [1.24, 0.0, 3.4], yaw: 0.0 } applied=true
[lighting-sequence] frame=1111 action=Move { key: 1000, position: [1.244, 0.0, 3.4], yaw: 0.0 } applied=true
[lighting-sequence] frame=1112 action=Move { key: 1000, position: [1.248, 0.0, 3.4], yaw: 0.0 } applied=true
[lighting-sequence] frame=1113 action=Move { key: 1000, position: [1.252, 0.0, 3.4], yaw: 0.0 } applied=true
[lighting-sequence] frame=1114 action=Move { key: 1000, position: [1.256, 0.0, 3.4], yaw: 0.0 } applied=true
[lighting-sequence] frame=1115 action=Move { key: 1000, position: [1.26, 0.0, 3.4], yaw: 0.0 } applied=true
[lighting-sequence] frame=1116 action=Move { key: 1000, position: [1.264, 0.0, 3.4], yaw: 0.0 } applied=true
[lighting-sequence] frame=1117 action=Move { key: 1000, position: [1.268, 0.0, 3.4], yaw: 0.0 } applied=true
[lighting-sequence] frame=1118 action=Move { key: 1000, position: [1.272, 0.0, 3.4], yaw: 0.0 } applied=true
[lighting-sequence] frame=1119 action=Move { key: 1000, position: [1.276, 0.0, 3.4], yaw: 0.0 } applied=true
[lighting-sequence] frame=1120 action=Move { key: 1000, position: [1.2, 0.0, 3.4], yaw: 0.0 } applied=true
BENCH_SUMMARY {"level":"art_style_hero","frames":1000,"swap_interval":0,"update_mean_ms":7.934,"render_mean_ms":0.281,"swap_mean_ms":0.008,"frame_mean_ms":8.223,"loop_mean_ms":8.317,"frame_median_ms":8.241,"loop_median_ms":8.337,"frame_p95_ms":8.369,"frame_p99_ms":8.961,"loop_p95_ms":8.474,"loop_p99_ms":9.065,"frame_min_ms":1.003,"frame_max_ms":17.879,"loop_min_ms":1.233,"loop_max_ms":18.115,"fps_median":119.94,"fps_p95":118.01,"fps_p99":110.32,"fps_1pct_low":110.32,"fps_mean":120.23,"measured_fps_mean":121.61,"worst_fps":55.20,"total_vertices":30036,"visible_vertices":10688,"culled_vertices":19348,"total_batches":67,"visible_batches":17,"draw_calls":17,"vbo_bytes":1264944,"index_bytes":33984,"texture_binds":13,"material_changes":15,"reflection_passes":0}
BENCH_SUMMARY {"level":"art_style_hero","frames":1000,"swap_interval":0,"update_mean_ms":7.934,"render_mean_ms":0.281,"swap_mean_ms":0.008,"frame_mean_ms":8.223,"loop_mean_ms":8.317,"frame_median_ms":8.241,"loop_median_ms":8.337,"frame_p95_ms":8.369,"frame_p99_ms":8.961,"loop_p95_ms":8.474,"loop_p99_ms":9.065,"frame_min_ms":1.003,"frame_max_ms":17.879,"loop_min_ms":1.233,"loop_max_ms":18.115,"fps_median":119.94,"fps_p95":118.01,"fps_p99":110.32,"fps_1pct_low":110.32,"fps_mean":120.23,"measured_fps_mean":121.61,"worst_fps":55.20,"total_vertices":30036,"visible_vertices":10688,"culled_vertices":19348,"total_batches":67,"visible_batches":17,"draw_calls":17,"vbo_bytes":1264944,"index_bytes":33984,"texture_binds":13,"material_changes":15,"reflection_passes":0}
        9.39 real         8.77 user         0.89 sys
           454721536  maximum resident set size
                   0  average shared memory size
                   0  average unshared data size
                   0  average unshared stack size
               31777  page reclaims
                   6  page faults
                   0  swaps
                   0  block input operations
                   0  block output operations
                   0  messages sent
                   0  messages received
                   0  signals received
                   1  voluntary context switches
               52344  involuntary context switches
        130337657958  instructions retired
         32321303712  cycles elapsed
           513279344  peak memory footprint
