[package] /private/var/folders/sl/yxxj_m9n37sgntkntqw0x8yw0000gn/T/places-art-style-hero-do4kiu5t (assets: /private/var/folders/sl/yxxj_m9n37sgntkntqw0x8yw0000gn/T/places-art-style-hero-do4kiu5t/assets/levels)
[package] asset root: /private/var/folders/sl/yxxj_m9n37sgntkntqw0x8yw0000gn/T/places-art-style-hero-do4kiu5t/assets
[settings] quality high (saved high) [startup override] | lighting high | bloom off | reflections full | lightmaps full | vsync off | filtering high | window Windowed 640 x 360
[assets] 204 placeable asset(s) of 352 catalog entries; themes: office, pool, home, outdoor, winter
[renderer] wgpu | adapter: Apple M2 Pro | backend: Metal | device type: IntegratedGpu | surface format: Bgra8UnormSrgb | present mode: Fifo | alpha mode: Opaque | depth format: Depth32Float | drawable: 1280x720
[wgpu] texture filtering: world presets low 4x / medium 8x / high 16x requested | anisotropy supported
[wgpu] present mode Immediate (immediate)
[window] logical 640x360 | drawable 1280x720 pixels | backing scale 2.0x
[wgpu] world pipeline for surface format Bgra8UnormSrgb
[wgpu] post targets: scene 1280x720, bloom 320x180, presented 1280x720
[loading] package identity level=art_style_hero variant=full sha256=39956cded886988164e4a74789cc06fae800a9da3873615195cfc9ac14a8a6a2 source=/var/folders/sl/yxxj_m9n37sgntkntqw0x8yw0000gn/T/places-art-style-hero-do4kiu5t/assets/levels/art_style_hero.placesmap
[loading] compiled-cache miss level=art_style_hero variant=full
[lightmaps] atlas array: 2 page(s) in 4 layer(s), 1024-texel edge, 33554432 bytes resident
[wgpu] world upload: 456 vertices, 696 indices, 21 draws in 1 chunk(s) (neutral mesh: 456 vertices, 696 indices, 21 ranges)
[wgpu] textures: 14 unique, 13 uploaded, 6 cache hits, 1 fallbacks, 0 missing of 21 draws (75497456 bytes resident, max edge 1024px, high filtering)
[wgpu] materials: 17 resolved (11 response, 3 reflection-eligible), 2 normal maps (2 uploaded, 0 cache hits), 18 opaque / 0 cutout / 3 translucent of 21 draws (enabled response, high level)
[wgpu] decals: 0 draw(s), 0 chunk(s), 1 sheet(s) (0 external, 0 diagnostic)
[wgpu] sky `outdoor:tex_sky_stars_01`: 1024x512 uploaded
[wgpu] uploaded 2 packaged reflection probe(s) at 64 texels, 7 mip level(s)
[loading] committed art_style_hero
[props] 16 models cached (0 failed), 5300 triangles, 3856 KiB of textures, 21 draw call(s)
[level] 456 static vertices, 16524 prop vertices, 21 prop draw call(s), built in 0.5 ms (lighting 0.0 + props 0.0 + surfaces 0.0)
[spatial] 21 static batch(es) (floor 9 / ceiling 1 / wall 9 / light 2 / prop box 0 / decal 0), 21 prop batch(es)
[lighting] baked 3 room(s) / 3 baseline area(s) from 5 fixture(s): 14 wall + 91 slab + 223 prop blocker(s), baselines 0.35..0.41 (avg 0.39)
[lightmaps] 2 page(s), 5598 chart(s), 214709 chart texels, 2097152 page texels (32768 KiB), filled in 0.0 ms
[dynamic] 0 object(s): 0 draw call(s), 0 vertices (the demonstration path; never part of the static bake); doors: 0/0
PLACES_CAPTURE: wrote /private/var/folders/sl/yxxj_m9n37sgntkntqw0x8yw0000gn/T/places-stage5-gpu-capture-bf50xaew/frame-1.png
[lighting-sequence] capture_attempt ready_frame=1 path=/private/var/folders/sl/yxxj_m9n37sgntkntqw0x8yw0000gn/T/places-stage5-gpu-capture-bf50xaew/frame-1.png
PLACES_CAPTURE: wrote /private/var/folders/sl/yxxj_m9n37sgntkntqw0x8yw0000gn/T/places-stage5-gpu-capture-bf50xaew/frame-2.png
[lighting-sequence] capture_attempt ready_frame=2 path=/private/var/folders/sl/yxxj_m9n37sgntkntqw0x8yw0000gn/T/places-stage5-gpu-capture-bf50xaew/frame-2.png
[characters] `home:dining_chair` spawns through the dynamic path: the runtime model `environment/home/props/models/dining_chair.glb` carries no skin or animation; it cannot be posed
PLACES_CAPTURE: wrote /private/var/folders/sl/yxxj_m9n37sgntkntqw0x8yw0000gn/T/places-stage5-gpu-capture-bf50xaew/frame-3.png
[lighting-sequence] capture_attempt ready_frame=3 path=/private/var/folders/sl/yxxj_m9n37sgntkntqw0x8yw0000gn/T/places-stage5-gpu-capture-bf50xaew/frame-3.png
PLACES_CAPTURE: wrote /private/var/folders/sl/yxxj_m9n37sgntkntqw0x8yw0000gn/T/places-stage5-gpu-capture-bf50xaew/frame-4.png
[lighting-sequence] capture_attempt ready_frame=4 path=/private/var/folders/sl/yxxj_m9n37sgntkntqw0x8yw0000gn/T/places-stage5-gpu-capture-bf50xaew/frame-4.png
PLACES_CAPTURE: wrote /private/var/folders/sl/yxxj_m9n37sgntkntqw0x8yw0000gn/T/places-stage5-gpu-capture-bf50xaew/frame-5.png
[lighting-sequence] capture_attempt ready_frame=5 path=/private/var/folders/sl/yxxj_m9n37sgntkntqw0x8yw0000gn/T/places-stage5-gpu-capture-bf50xaew/frame-5.png
PLACES_CAPTURE: wrote /private/var/folders/sl/yxxj_m9n37sgntkntqw0x8yw0000gn/T/places-stage5-gpu-capture-bf50xaew/frame-6.png
[lighting-sequence] capture_attempt ready_frame=6 path=/private/var/folders/sl/yxxj_m9n37sgntkntqw0x8yw0000gn/T/places-stage5-gpu-capture-bf50xaew/frame-6.png
PLACES_CAPTURE: wrote /private/var/folders/sl/yxxj_m9n37sgntkntqw0x8yw0000gn/T/places-stage5-gpu-capture-bf50xaew/frame-7.png
[lighting-sequence] capture_attempt ready_frame=7 path=/private/var/folders/sl/yxxj_m9n37sgntkntqw0x8yw0000gn/T/places-stage5-gpu-capture-bf50xaew/frame-7.png
PLACES_CAPTURE: wrote /private/var/folders/sl/yxxj_m9n37sgntkntqw0x8yw0000gn/T/places-stage5-gpu-capture-bf50xaew/frame-8.png
[lighting-sequence] capture_attempt ready_frame=8 path=/private/var/folders/sl/yxxj_m9n37sgntkntqw0x8yw0000gn/T/places-stage5-gpu-capture-bf50xaew/frame-8.png
PLACES_CAPTURE: wrote /private/var/folders/sl/yxxj_m9n37sgntkntqw0x8yw0000gn/T/places-stage5-gpu-capture-bf50xaew/frame-9.png
[lighting-sequence] capture_attempt ready_frame=9 path=/private/var/folders/sl/yxxj_m9n37sgntkntqw0x8yw0000gn/T/places-stage5-gpu-capture-bf50xaew/frame-9.png
PLACES_CAPTURE: wrote /private/var/folders/sl/yxxj_m9n37sgntkntqw0x8yw0000gn/T/places-stage5-gpu-capture-bf50xaew/frame-10.png
[lighting-sequence] capture_attempt ready_frame=10 path=/private/var/folders/sl/yxxj_m9n37sgntkntqw0x8yw0000gn/T/places-stage5-gpu-capture-bf50xaew/frame-10.png
PLACES_CAPTURE: wrote /private/var/folders/sl/yxxj_m9n37sgntkntqw0x8yw0000gn/T/places-stage5-gpu-capture-bf50xaew/frame-11.png
[lighting-sequence] capture_attempt ready_frame=11 path=/private/var/folders/sl/yxxj_m9n37sgntkntqw0x8yw0000gn/T/places-stage5-gpu-capture-bf50xaew/frame-11.png
PLACES_CAPTURE: wrote /private/var/folders/sl/yxxj_m9n37sgntkntqw0x8yw0000gn/T/places-stage5-gpu-capture-bf50xaew/frame-12.png
[lighting-sequence] capture_attempt ready_frame=12 path=/private/var/folders/sl/yxxj_m9n37sgntkntqw0x8yw0000gn/T/places-stage5-gpu-capture-bf50xaew/frame-12.png
PLACES_CAPTURE: wrote /private/var/folders/sl/yxxj_m9n37sgntkntqw0x8yw0000gn/T/places-stage5-gpu-capture-bf50xaew/frame-13.png
[lighting-sequence] capture_attempt ready_frame=13 path=/private/var/folders/sl/yxxj_m9n37sgntkntqw0x8yw0000gn/T/places-stage5-gpu-capture-bf50xaew/frame-13.png
PLACES_CAPTURE: wrote /private/var/folders/sl/yxxj_m9n37sgntkntqw0x8yw0000gn/T/places-stage5-gpu-capture-bf50xaew/frame-14.png
[lighting-sequence] capture_attempt ready_frame=14 path=/private/var/folders/sl/yxxj_m9n37sgntkntqw0x8yw0000gn/T/places-stage5-gpu-capture-bf50xaew/frame-14.png
PLACES_CAPTURE: wrote /private/var/folders/sl/yxxj_m9n37sgntkntqw0x8yw0000gn/T/places-stage5-gpu-capture-bf50xaew/frame-15.png
[lighting-sequence] capture_attempt ready_frame=15 path=/private/var/folders/sl/yxxj_m9n37sgntkntqw0x8yw0000gn/T/places-stage5-gpu-capture-bf50xaew/frame-15.png
PLACES_CAPTURE: wrote /private/var/folders/sl/yxxj_m9n37sgntkntqw0x8yw0000gn/T/places-stage5-gpu-capture-bf50xaew/frame-16.png
[lighting-sequence] capture_attempt ready_frame=16 path=/private/var/folders/sl/yxxj_m9n37sgntkntqw0x8yw0000gn/T/places-stage5-gpu-capture-bf50xaew/frame-16.png
PLACES_CAPTURE: wrote /private/var/folders/sl/yxxj_m9n37sgntkntqw0x8yw0000gn/T/places-stage5-gpu-capture-bf50xaew/frame-17.png
[lighting-sequence] capture_attempt ready_frame=17 path=/private/var/folders/sl/yxxj_m9n37sgntkntqw0x8yw0000gn/T/places-stage5-gpu-capture-bf50xaew/frame-17.png
PLACES_CAPTURE: wrote /private/var/folders/sl/yxxj_m9n37sgntkntqw0x8yw0000gn/T/places-stage5-gpu-capture-bf50xaew/frame-18.png
[lighting-sequence] capture_attempt ready_frame=18 path=/private/var/folders/sl/yxxj_m9n37sgntkntqw0x8yw0000gn/T/places-stage5-gpu-capture-bf50xaew/frame-18.png
PLACES_CAPTURE: wrote /private/var/folders/sl/yxxj_m9n37sgntkntqw0x8yw0000gn/T/places-stage5-gpu-capture-bf50xaew/frame-19.png
[lighting-sequence] capture_attempt ready_frame=19 path=/private/var/folders/sl/yxxj_m9n37sgntkntqw0x8yw0000gn/T/places-stage5-gpu-capture-bf50xaew/frame-19.png
PLACES_CAPTURE: wrote /private/var/folders/sl/yxxj_m9n37sgntkntqw0x8yw0000gn/T/places-stage5-gpu-capture-bf50xaew/frame-20.png
[lighting-sequence] capture_attempt ready_frame=20 path=/private/var/folders/sl/yxxj_m9n37sgntkntqw0x8yw0000gn/T/places-stage5-gpu-capture-bf50xaew/frame-20.png
PLACES_CAPTURE: wrote /private/var/folders/sl/yxxj_m9n37sgntkntqw0x8yw0000gn/T/places-stage5-gpu-capture-bf50xaew/frame-21.png
[lighting-sequence] capture_attempt ready_frame=21 path=/private/var/folders/sl/yxxj_m9n37sgntkntqw0x8yw0000gn/T/places-stage5-gpu-capture-bf50xaew/frame-21.png
PLACES_CAPTURE: wrote /private/var/folders/sl/yxxj_m9n37sgntkntqw0x8yw0000gn/T/places-stage5-gpu-capture-bf50xaew/frame-22.png
[lighting-sequence] capture_attempt ready_frame=22 path=/private/var/folders/sl/yxxj_m9n37sgntkntqw0x8yw0000gn/T/places-stage5-gpu-capture-bf50xaew/frame-22.png
PLACES_CAPTURE: wrote /private/var/folders/sl/yxxj_m9n37sgntkntqw0x8yw0000gn/T/places-stage5-gpu-capture-bf50xaew/frame-23.png
[lighting-sequence] capture_attempt ready_frame=23 path=/private/var/folders/sl/yxxj_m9n37sgntkntqw0x8yw0000gn/T/places-stage5-gpu-capture-bf50xaew/frame-23.png
PLACES_CAPTURE: wrote /private/var/folders/sl/yxxj_m9n37sgntkntqw0x8yw0000gn/T/places-stage5-gpu-capture-bf50xaew/frame-24.png
[lighting-sequence] capture_attempt ready_frame=24 path=/private/var/folders/sl/yxxj_m9n37sgntkntqw0x8yw0000gn/T/places-stage5-gpu-capture-bf50xaew/frame-24.png
PLACES_CAPTURE: wrote /private/var/folders/sl/yxxj_m9n37sgntkntqw0x8yw0000gn/T/places-stage5-gpu-capture-bf50xaew/frame-25.png
[lighting-sequence] capture_attempt ready_frame=25 path=/private/var/folders/sl/yxxj_m9n37sgntkntqw0x8yw0000gn/T/places-stage5-gpu-capture-bf50xaew/frame-25.png
PLACES_CAPTURE: wrote /private/var/folders/sl/yxxj_m9n37sgntkntqw0x8yw0000gn/T/places-stage5-gpu-capture-bf50xaew/frame-26.png
[lighting-sequence] capture_attempt ready_frame=26 path=/private/var/folders/sl/yxxj_m9n37sgntkntqw0x8yw0000gn/T/places-stage5-gpu-capture-bf50xaew/frame-26.png
PLACES_CAPTURE: wrote /private/var/folders/sl/yxxj_m9n37sgntkntqw0x8yw0000gn/T/places-stage5-gpu-capture-bf50xaew/frame-27.png
[lighting-sequence] capture_attempt ready_frame=27 path=/private/var/folders/sl/yxxj_m9n37sgntkntqw0x8yw0000gn/T/places-stage5-gpu-capture-bf50xaew/frame-27.png
PLACES_CAPTURE: wrote /private/var/folders/sl/yxxj_m9n37sgntkntqw0x8yw0000gn/T/places-stage5-gpu-capture-bf50xaew/frame-28.png
[lighting-sequence] capture_attempt ready_frame=28 path=/private/var/folders/sl/yxxj_m9n37sgntkntqw0x8yw0000gn/T/places-stage5-gpu-capture-bf50xaew/frame-28.png
PLACES_CAPTURE: wrote /private/var/folders/sl/yxxj_m9n37sgntkntqw0x8yw0000gn/T/places-stage5-gpu-capture-bf50xaew/frame-29.png
[lighting-sequence] capture_attempt ready_frame=29 path=/private/var/folders/sl/yxxj_m9n37sgntkntqw0x8yw0000gn/T/places-stage5-gpu-capture-bf50xaew/frame-29.png
PLACES_CAPTURE: wrote /private/var/folders/sl/yxxj_m9n37sgntkntqw0x8yw0000gn/T/places-stage5-gpu-capture-bf50xaew/frame-30.png
[lighting-sequence] capture_attempt ready_frame=30 path=/private/var/folders/sl/yxxj_m9n37sgntkntqw0x8yw0000gn/T/places-stage5-gpu-capture-bf50xaew/frame-30.png
PLACES_CAPTURE: wrote /private/var/folders/sl/yxxj_m9n37sgntkntqw0x8yw0000gn/T/places-stage5-gpu-capture-bf50xaew/frame-31.png
[lighting-sequence] capture_attempt ready_frame=31 path=/private/var/folders/sl/yxxj_m9n37sgntkntqw0x8yw0000gn/T/places-stage5-gpu-capture-bf50xaew/frame-31.png
PLACES_CAPTURE: wrote /private/var/folders/sl/yxxj_m9n37sgntkntqw0x8yw0000gn/T/places-stage5-gpu-capture-bf50xaew/frame-32.png
[lighting-sequence] capture_attempt ready_frame=32 path=/private/var/folders/sl/yxxj_m9n37sgntkntqw0x8yw0000gn/T/places-stage5-gpu-capture-bf50xaew/frame-32.png
PLACES_CAPTURE: wrote /private/var/folders/sl/yxxj_m9n37sgntkntqw0x8yw0000gn/T/places-stage5-gpu-capture-bf50xaew/frame-33.png
[lighting-sequence] capture_attempt ready_frame=33 path=/private/var/folders/sl/yxxj_m9n37sgntkntqw0x8yw0000gn/T/places-stage5-gpu-capture-bf50xaew/frame-33.png
PLACES_CAPTURE: wrote /private/var/folders/sl/yxxj_m9n37sgntkntqw0x8yw0000gn/T/places-stage5-gpu-capture-bf50xaew/frame-34.png
[lighting-sequence] capture_attempt ready_frame=34 path=/private/var/folders/sl/yxxj_m9n37sgntkntqw0x8yw0000gn/T/places-stage5-gpu-capture-bf50xaew/frame-34.png
PLACES_CAPTURE: wrote /private/var/folders/sl/yxxj_m9n37sgntkntqw0x8yw0000gn/T/places-stage5-gpu-capture-bf50xaew/frame-35.png
[lighting-sequence] capture_attempt ready_frame=35 path=/private/var/folders/sl/yxxj_m9n37sgntkntqw0x8yw0000gn/T/places-stage5-gpu-capture-bf50xaew/frame-35.png
PLACES_CAPTURE: wrote /private/var/folders/sl/yxxj_m9n37sgntkntqw0x8yw0000gn/T/places-stage5-gpu-capture-bf50xaew/frame-36.png
[lighting-sequence] capture_attempt ready_frame=36 path=/private/var/folders/sl/yxxj_m9n37sgntkntqw0x8yw0000gn/T/places-stage5-gpu-capture-bf50xaew/frame-36.png
PLACES_CAPTURE: wrote /private/var/folders/sl/yxxj_m9n37sgntkntqw0x8yw0000gn/T/places-stage5-gpu-capture-bf50xaew/frame-37.png
[lighting-sequence] capture_attempt ready_frame=37 path=/private/var/folders/sl/yxxj_m9n37sgntkntqw0x8yw0000gn/T/places-stage5-gpu-capture-bf50xaew/frame-37.png
PLACES_CAPTURE: wrote /private/var/folders/sl/yxxj_m9n37sgntkntqw0x8yw0000gn/T/places-stage5-gpu-capture-bf50xaew/frame-38.png
[lighting-sequence] capture_attempt ready_frame=38 path=/private/var/folders/sl/yxxj_m9n37sgntkntqw0x8yw0000gn/T/places-stage5-gpu-capture-bf50xaew/frame-38.png
PLACES_CAPTURE: wrote /private/var/folders/sl/yxxj_m9n37sgntkntqw0x8yw0000gn/T/places-stage5-gpu-capture-bf50xaew/frame-39.png
[lighting-sequence] capture_attempt ready_frame=39 path=/private/var/folders/sl/yxxj_m9n37sgntkntqw0x8yw0000gn/T/places-stage5-gpu-capture-bf50xaew/frame-39.png
PLACES_CAPTURE: wrote /private/var/folders/sl/yxxj_m9n37sgntkntqw0x8yw0000gn/T/places-stage5-gpu-capture-bf50xaew/frame-40.png
[lighting-sequence] capture_attempt ready_frame=40 path=/private/var/folders/sl/yxxj_m9n37sgntkntqw0x8yw0000gn/T/places-stage5-gpu-capture-bf50xaew/frame-40.png
PLACES_CAPTURE: wrote /private/var/folders/sl/yxxj_m9n37sgntkntqw0x8yw0000gn/T/places-stage5-gpu-capture-bf50xaew/frame-41.png
[lighting-sequence] capture_attempt ready_frame=41 path=/private/var/folders/sl/yxxj_m9n37sgntkntqw0x8yw0000gn/T/places-stage5-gpu-capture-bf50xaew/frame-41.png
PLACES_CAPTURE: wrote /private/var/folders/sl/yxxj_m9n37sgntkntqw0x8yw0000gn/T/places-stage5-gpu-capture-bf50xaew/frame-42.png
[lighting-sequence] capture_attempt ready_frame=42 path=/private/var/folders/sl/yxxj_m9n37sgntkntqw0x8yw0000gn/T/places-stage5-gpu-capture-bf50xaew/frame-42.png
PLACES_CAPTURE: wrote /private/var/folders/sl/yxxj_m9n37sgntkntqw0x8yw0000gn/T/places-stage5-gpu-capture-bf50xaew/frame-43.png
[lighting-sequence] capture_attempt ready_frame=43 path=/private/var/folders/sl/yxxj_m9n37sgntkntqw0x8yw0000gn/T/places-stage5-gpu-capture-bf50xaew/frame-43.png
PLACES_CAPTURE: wrote /private/var/folders/sl/yxxj_m9n37sgntkntqw0x8yw0000gn/T/places-stage5-gpu-capture-bf50xaew/frame-44.png
[lighting-sequence] capture_attempt ready_frame=44 path=/private/var/folders/sl/yxxj_m9n37sgntkntqw0x8yw0000gn/T/places-stage5-gpu-capture-bf50xaew/frame-44.png
PLACES_CAPTURE: wrote /private/var/folders/sl/yxxj_m9n37sgntkntqw0x8yw0000gn/T/places-stage5-gpu-capture-bf50xaew/frame-45.png
[lighting-sequence] capture_attempt ready_frame=45 path=/private/var/folders/sl/yxxj_m9n37sgntkntqw0x8yw0000gn/T/places-stage5-gpu-capture-bf50xaew/frame-45.png
PLACES_CAPTURE: wrote /private/var/folders/sl/yxxj_m9n37sgntkntqw0x8yw0000gn/T/places-stage5-gpu-capture-bf50xaew/frame-46.png
[lighting-sequence] capture_attempt ready_frame=46 path=/private/var/folders/sl/yxxj_m9n37sgntkntqw0x8yw0000gn/T/places-stage5-gpu-capture-bf50xaew/frame-46.png
PLACES_CAPTURE: wrote /private/var/folders/sl/yxxj_m9n37sgntkntqw0x8yw0000gn/T/places-stage5-gpu-capture-bf50xaew/frame-47.png
[lighting-sequence] capture_attempt ready_frame=47 path=/private/var/folders/sl/yxxj_m9n37sgntkntqw0x8yw0000gn/T/places-stage5-gpu-capture-bf50xaew/frame-47.png
PLACES_CAPTURE: wrote /private/var/folders/sl/yxxj_m9n37sgntkntqw0x8yw0000gn/T/places-stage5-gpu-capture-bf50xaew/frame-48.png
[lighting-sequence] capture_attempt ready_frame=48 path=/private/var/folders/sl/yxxj_m9n37sgntkntqw0x8yw0000gn/T/places-stage5-gpu-capture-bf50xaew/frame-48.png
PLACES_CAPTURE: wrote /private/var/folders/sl/yxxj_m9n37sgntkntqw0x8yw0000gn/T/places-stage5-gpu-capture-bf50xaew/frame-49.png
[lighting-sequence] capture_attempt ready_frame=49 path=/private/var/folders/sl/yxxj_m9n37sgntkntqw0x8yw0000gn/T/places-stage5-gpu-capture-bf50xaew/frame-49.png
PLACES_CAPTURE: wrote /private/var/folders/sl/yxxj_m9n37sgntkntqw0x8yw0000gn/T/places-stage5-gpu-capture-bf50xaew/frame-50.png
[lighting-sequence] capture_attempt ready_frame=50 path=/private/var/folders/sl/yxxj_m9n37sgntkntqw0x8yw0000gn/T/places-stage5-gpu-capture-bf50xaew/frame-50.png
PLACES_CAPTURE: wrote /private/var/folders/sl/yxxj_m9n37sgntkntqw0x8yw0000gn/T/places-stage5-gpu-capture-bf50xaew/frame-51.png
[lighting-sequence] capture_attempt ready_frame=51 path=/private/var/folders/sl/yxxj_m9n37sgntkntqw0x8yw0000gn/T/places-stage5-gpu-capture-bf50xaew/frame-51.png
PLACES_CAPTURE: wrote /private/var/folders/sl/yxxj_m9n37sgntkntqw0x8yw0000gn/T/places-stage5-gpu-capture-bf50xaew/frame-52.png
[lighting-sequence] capture_attempt ready_frame=52 path=/private/var/folders/sl/yxxj_m9n37sgntkntqw0x8yw0000gn/T/places-stage5-gpu-capture-bf50xaew/frame-52.png
PLACES_CAPTURE: wrote /private/var/folders/sl/yxxj_m9n37sgntkntqw0x8yw0000gn/T/places-stage5-gpu-capture-bf50xaew/frame-53.png
[lighting-sequence] capture_attempt ready_frame=53 path=/private/var/folders/sl/yxxj_m9n37sgntkntqw0x8yw0000gn/T/places-stage5-gpu-capture-bf50xaew/frame-53.png
PLACES_CAPTURE: wrote /private/var/folders/sl/yxxj_m9n37sgntkntqw0x8yw0000gn/T/places-stage5-gpu-capture-bf50xaew/frame-54.png
[lighting-sequence] capture_attempt ready_frame=54 path=/private/var/folders/sl/yxxj_m9n37sgntkntqw0x8yw0000gn/T/places-stage5-gpu-capture-bf50xaew/frame-54.png
PLACES_CAPTURE: wrote /private/var/folders/sl/yxxj_m9n37sgntkntqw0x8yw0000gn/T/places-stage5-gpu-capture-bf50xaew/frame-55.png
[lighting-sequence] capture_attempt ready_frame=55 path=/private/var/folders/sl/yxxj_m9n37sgntkntqw0x8yw0000gn/T/places-stage5-gpu-capture-bf50xaew/frame-55.png
PLACES_CAPTURE: wrote /private/var/folders/sl/yxxj_m9n37sgntkntqw0x8yw0000gn/T/places-stage5-gpu-capture-bf50xaew/frame-56.png
[lighting-sequence] capture_attempt ready_frame=56 path=/private/var/folders/sl/yxxj_m9n37sgntkntqw0x8yw0000gn/T/places-stage5-gpu-capture-bf50xaew/frame-56.png
PLACES_CAPTURE: wrote /private/var/folders/sl/yxxj_m9n37sgntkntqw0x8yw0000gn/T/places-stage5-gpu-capture-bf50xaew/frame-57.png
[lighting-sequence] capture_attempt ready_frame=57 path=/private/var/folders/sl/yxxj_m9n37sgntkntqw0x8yw0000gn/T/places-stage5-gpu-capture-bf50xaew/frame-57.png
PLACES_CAPTURE: wrote /private/var/folders/sl/yxxj_m9n37sgntkntqw0x8yw0000gn/T/places-stage5-gpu-capture-bf50xaew/frame-58.png
[lighting-sequence] capture_attempt ready_frame=58 path=/private/var/folders/sl/yxxj_m9n37sgntkntqw0x8yw0000gn/T/places-stage5-gpu-capture-bf50xaew/frame-58.png
PLACES_CAPTURE: wrote /private/var/folders/sl/yxxj_m9n37sgntkntqw0x8yw0000gn/T/places-stage5-gpu-capture-bf50xaew/frame-59.png
[lighting-sequence] capture_attempt ready_frame=59 path=/private/var/folders/sl/yxxj_m9n37sgntkntqw0x8yw0000gn/T/places-stage5-gpu-capture-bf50xaew/frame-59.png
PLACES_CAPTURE: wrote /private/var/folders/sl/yxxj_m9n37sgntkntqw0x8yw0000gn/T/places-stage5-gpu-capture-bf50xaew/frame-60.png
[lighting-sequence] capture_attempt ready_frame=60 path=/private/var/folders/sl/yxxj_m9n37sgntkntqw0x8yw0000gn/T/places-stage5-gpu-capture-bf50xaew/frame-60.png
PLACES_CAPTURE: wrote /private/var/folders/sl/yxxj_m9n37sgntkntqw0x8yw0000gn/T/places-stage5-gpu-capture-bf50xaew/frame-61.png
[lighting-sequence] capture_attempt ready_frame=61 path=/private/var/folders/sl/yxxj_m9n37sgntkntqw0x8yw0000gn/T/places-stage5-gpu-capture-bf50xaew/frame-61.png
PLACES_CAPTURE: wrote /private/var/folders/sl/yxxj_m9n37sgntkntqw0x8yw0000gn/T/places-stage5-gpu-capture-bf50xaew/frame-62.png
[lighting-sequence] capture_attempt ready_frame=62 path=/private/var/folders/sl/yxxj_m9n37sgntkntqw0x8yw0000gn/T/places-stage5-gpu-capture-bf50xaew/frame-62.png
PLACES_CAPTURE: wrote /private/var/folders/sl/yxxj_m9n37sgntkntqw0x8yw0000gn/T/places-stage5-gpu-capture-bf50xaew/frame-63.png
[lighting-sequence] capture_attempt ready_frame=63 path=/private/var/folders/sl/yxxj_m9n37sgntkntqw0x8yw0000gn/T/places-stage5-gpu-capture-bf50xaew/frame-63.png
PLACES_CAPTURE: wrote /private/var/folders/sl/yxxj_m9n37sgntkntqw0x8yw0000gn/T/places-stage5-gpu-capture-bf50xaew/frame-64.png
[lighting-sequence] capture_attempt ready_frame=64 path=/private/var/folders/sl/yxxj_m9n37sgntkntqw0x8yw0000gn/T/places-stage5-gpu-capture-bf50xaew/frame-64.png
PLACES_CAPTURE: wrote /private/var/folders/sl/yxxj_m9n37sgntkntqw0x8yw0000gn/T/places-stage5-gpu-capture-bf50xaew/frame-65.png
[lighting-sequence] capture_attempt ready_frame=65 path=/private/var/folders/sl/yxxj_m9n37sgntkntqw0x8yw0000gn/T/places-stage5-gpu-capture-bf50xaew/frame-65.png
PLACES_CAPTURE: wrote /private/var/folders/sl/yxxj_m9n37sgntkntqw0x8yw0000gn/T/places-stage5-gpu-capture-bf50xaew/frame-66.png
[lighting-sequence] capture_attempt ready_frame=66 path=/private/var/folders/sl/yxxj_m9n37sgntkntqw0x8yw0000gn/T/places-stage5-gpu-capture-bf50xaew/frame-66.png
PLACES_CAPTURE: wrote /private/var/folders/sl/yxxj_m9n37sgntkntqw0x8yw0000gn/T/places-stage5-gpu-capture-bf50xaew/frame-67.png
[lighting-sequence] capture_attempt ready_frame=67 path=/private/var/folders/sl/yxxj_m9n37sgntkntqw0x8yw0000gn/T/places-stage5-gpu-capture-bf50xaew/frame-67.png
PLACES_CAPTURE: wrote /private/var/folders/sl/yxxj_m9n37sgntkntqw0x8yw0000gn/T/places-stage5-gpu-capture-bf50xaew/frame-68.png
[lighting-sequence] capture_attempt ready_frame=68 path=/private/var/folders/sl/yxxj_m9n37sgntkntqw0x8yw0000gn/T/places-stage5-gpu-capture-bf50xaew/frame-68.png
PLACES_CAPTURE: wrote /private/var/folders/sl/yxxj_m9n37sgntkntqw0x8yw0000gn/T/places-stage5-gpu-capture-bf50xaew/frame-69.png
[lighting-sequence] capture_attempt ready_frame=69 path=/private/var/folders/sl/yxxj_m9n37sgntkntqw0x8yw0000gn/T/places-stage5-gpu-capture-bf50xaew/frame-69.png
PLACES_CAPTURE: wrote /private/var/folders/sl/yxxj_m9n37sgntkntqw0x8yw0000gn/T/places-stage5-gpu-capture-bf50xaew/frame-70.png
[lighting-sequence] capture_attempt ready_frame=70 path=/private/var/folders/sl/yxxj_m9n37sgntkntqw0x8yw0000gn/T/places-stage5-gpu-capture-bf50xaew/frame-70.png
PLACES_CAPTURE: wrote /private/var/folders/sl/yxxj_m9n37sgntkntqw0x8yw0000gn/T/places-stage5-gpu-capture-bf50xaew/frame-71.png
[lighting-sequence] capture_attempt ready_frame=71 path=/private/var/folders/sl/yxxj_m9n37sgntkntqw0x8yw0000gn/T/places-stage5-gpu-capture-bf50xaew/frame-71.png
PLACES_CAPTURE: wrote /private/var/folders/sl/yxxj_m9n37sgntkntqw0x8yw0000gn/T/places-stage5-gpu-capture-bf50xaew/frame-72.png
[lighting-sequence] capture_attempt ready_frame=72 path=/private/var/folders/sl/yxxj_m9n37sgntkntqw0x8yw0000gn/T/places-stage5-gpu-capture-bf50xaew/frame-72.png
PLACES_CAPTURE: wrote /private/var/folders/sl/yxxj_m9n37sgntkntqw0x8yw0000gn/T/places-stage5-gpu-capture-bf50xaew/frame-73.png
[lighting-sequence] capture_attempt ready_frame=73 path=/private/var/folders/sl/yxxj_m9n37sgntkntqw0x8yw0000gn/T/places-stage5-gpu-capture-bf50xaew/frame-73.png
PLACES_CAPTURE: wrote /private/var/folders/sl/yxxj_m9n37sgntkntqw0x8yw0000gn/T/places-stage5-gpu-capture-bf50xaew/frame-74.png
[lighting-sequence] capture_attempt ready_frame=74 path=/private/var/folders/sl/yxxj_m9n37sgntkntqw0x8yw0000gn/T/places-stage5-gpu-capture-bf50xaew/frame-74.png
PLACES_CAPTURE: wrote /private/var/folders/sl/yxxj_m9n37sgntkntqw0x8yw0000gn/T/places-stage5-gpu-capture-bf50xaew/frame-75.png
[lighting-sequence] capture_attempt ready_frame=75 path=/private/var/folders/sl/yxxj_m9n37sgntkntqw0x8yw0000gn/T/places-stage5-gpu-capture-bf50xaew/frame-75.png
PLACES_CAPTURE: wrote /private/var/folders/sl/yxxj_m9n37sgntkntqw0x8yw0000gn/T/places-stage5-gpu-capture-bf50xaew/frame-76.png
[lighting-sequence] capture_attempt ready_frame=76 path=/private/var/folders/sl/yxxj_m9n37sgntkntqw0x8yw0000gn/T/places-stage5-gpu-capture-bf50xaew/frame-76.png
PLACES_CAPTURE: wrote /private/var/folders/sl/yxxj_m9n37sgntkntqw0x8yw0000gn/T/places-stage5-gpu-capture-bf50xaew/frame-77.png
[lighting-sequence] capture_attempt ready_frame=77 path=/private/var/folders/sl/yxxj_m9n37sgntkntqw0x8yw0000gn/T/places-stage5-gpu-capture-bf50xaew/frame-77.png
PLACES_CAPTURE: wrote /private/var/folders/sl/yxxj_m9n37sgntkntqw0x8yw0000gn/T/places-stage5-gpu-capture-bf50xaew/frame-78.png
[lighting-sequence] capture_attempt ready_frame=78 path=/private/var/folders/sl/yxxj_m9n37sgntkntqw0x8yw0000gn/T/places-stage5-gpu-capture-bf50xaew/frame-78.png
PLACES_CAPTURE: wrote /private/var/folders/sl/yxxj_m9n37sgntkntqw0x8yw0000gn/T/places-stage5-gpu-capture-bf50xaew/frame-79.png
[lighting-sequence] capture_attempt ready_frame=79 path=/private/var/folders/sl/yxxj_m9n37sgntkntqw0x8yw0000gn/T/places-stage5-gpu-capture-bf50xaew/frame-79.png
PLACES_CAPTURE: wrote /private/var/folders/sl/yxxj_m9n37sgntkntqw0x8yw0000gn/T/places-stage5-gpu-capture-bf50xaew/frame-80.png
[lighting-sequence] capture_attempt ready_frame=80 path=/private/var/folders/sl/yxxj_m9n37sgntkntqw0x8yw0000gn/T/places-stage5-gpu-capture-bf50xaew/frame-80.png
PLACES_CAPTURE: wrote /private/var/folders/sl/yxxj_m9n37sgntkntqw0x8yw0000gn/T/places-stage5-gpu-capture-bf50xaew/frame-81.png
[lighting-sequence] capture_attempt ready_frame=81 path=/private/var/folders/sl/yxxj_m9n37sgntkntqw0x8yw0000gn/T/places-stage5-gpu-capture-bf50xaew/frame-81.png
PLACES_CAPTURE: wrote /private/var/folders/sl/yxxj_m9n37sgntkntqw0x8yw0000gn/T/places-stage5-gpu-capture-bf50xaew/frame-82.png
[lighting-sequence] capture_attempt ready_frame=82 path=/private/var/folders/sl/yxxj_m9n37sgntkntqw0x8yw0000gn/T/places-stage5-gpu-capture-bf50xaew/frame-82.png
PLACES_CAPTURE: wrote /private/var/folders/sl/yxxj_m9n37sgntkntqw0x8yw0000gn/T/places-stage5-gpu-capture-bf50xaew/frame-83.png
[lighting-sequence] capture_attempt ready_frame=83 path=/private/var/folders/sl/yxxj_m9n37sgntkntqw0x8yw0000gn/T/places-stage5-gpu-capture-bf50xaew/frame-83.png
PLACES_CAPTURE: wrote /private/var/folders/sl/yxxj_m9n37sgntkntqw0x8yw0000gn/T/places-stage5-gpu-capture-bf50xaew/frame-84.png
[lighting-sequence] capture_attempt ready_frame=84 path=/private/var/folders/sl/yxxj_m9n37sgntkntqw0x8yw0000gn/T/places-stage5-gpu-capture-bf50xaew/frame-84.png
PLACES_CAPTURE: wrote /private/var/folders/sl/yxxj_m9n37sgntkntqw0x8yw0000gn/T/places-stage5-gpu-capture-bf50xaew/frame-85.png
[lighting-sequence] capture_attempt ready_frame=85 path=/private/var/folders/sl/yxxj_m9n37sgntkntqw0x8yw0000gn/T/places-stage5-gpu-capture-bf50xaew/frame-85.png
PLACES_CAPTURE: wrote /private/var/folders/sl/yxxj_m9n37sgntkntqw0x8yw0000gn/T/places-stage5-gpu-capture-bf50xaew/frame-86.png
[lighting-sequence] capture_attempt ready_frame=86 path=/private/var/folders/sl/yxxj_m9n37sgntkntqw0x8yw0000gn/T/places-stage5-gpu-capture-bf50xaew/frame-86.png
PLACES_CAPTURE: wrote /private/var/folders/sl/yxxj_m9n37sgntkntqw0x8yw0000gn/T/places-stage5-gpu-capture-bf50xaew/frame-87.png
[lighting-sequence] capture_attempt ready_frame=87 path=/private/var/folders/sl/yxxj_m9n37sgntkntqw0x8yw0000gn/T/places-stage5-gpu-capture-bf50xaew/frame-87.png
PLACES_CAPTURE: wrote /private/var/folders/sl/yxxj_m9n37sgntkntqw0x8yw0000gn/T/places-stage5-gpu-capture-bf50xaew/frame-88.png
[lighting-sequence] capture_attempt ready_frame=88 path=/private/var/folders/sl/yxxj_m9n37sgntkntqw0x8yw0000gn/T/places-stage5-gpu-capture-bf50xaew/frame-88.png
PLACES_CAPTURE: wrote /private/var/folders/sl/yxxj_m9n37sgntkntqw0x8yw0000gn/T/places-stage5-gpu-capture-bf50xaew/frame-89.png
[lighting-sequence] capture_attempt ready_frame=89 path=/private/var/folders/sl/yxxj_m9n37sgntkntqw0x8yw0000gn/T/places-stage5-gpu-capture-bf50xaew/frame-89.png
PLACES_CAPTURE: wrote /private/var/folders/sl/yxxj_m9n37sgntkntqw0x8yw0000gn/T/places-stage5-gpu-capture-bf50xaew/frame-90.png
[lighting-sequence] capture_attempt ready_frame=90 path=/private/var/folders/sl/yxxj_m9n37sgntkntqw0x8yw0000gn/T/places-stage5-gpu-capture-bf50xaew/frame-90.png
PLACES_CAPTURE: wrote /private/var/folders/sl/yxxj_m9n37sgntkntqw0x8yw0000gn/T/places-stage5-gpu-capture-bf50xaew/frame-91.png
[lighting-sequence] capture_attempt ready_frame=91 path=/private/var/folders/sl/yxxj_m9n37sgntkntqw0x8yw0000gn/T/places-stage5-gpu-capture-bf50xaew/frame-91.png
PLACES_CAPTURE: wrote /private/var/folders/sl/yxxj_m9n37sgntkntqw0x8yw0000gn/T/places-stage5-gpu-capture-bf50xaew/frame-92.png
[lighting-sequence] capture_attempt ready_frame=92 path=/private/var/folders/sl/yxxj_m9n37sgntkntqw0x8yw0000gn/T/places-stage5-gpu-capture-bf50xaew/frame-92.png
PLACES_CAPTURE: wrote /private/var/folders/sl/yxxj_m9n37sgntkntqw0x8yw0000gn/T/places-stage5-gpu-capture-bf50xaew/frame-93.png
[lighting-sequence] capture_attempt ready_frame=93 path=/private/var/folders/sl/yxxj_m9n37sgntkntqw0x8yw0000gn/T/places-stage5-gpu-capture-bf50xaew/frame-93.png
PLACES_CAPTURE: wrote /private/var/folders/sl/yxxj_m9n37sgntkntqw0x8yw0000gn/T/places-stage5-gpu-capture-bf50xaew/frame-94.png
[lighting-sequence] capture_attempt ready_frame=94 path=/private/var/folders/sl/yxxj_m9n37sgntkntqw0x8yw0000gn/T/places-stage5-gpu-capture-bf50xaew/frame-94.png
PLACES_CAPTURE: wrote /private/var/folders/sl/yxxj_m9n37sgntkntqw0x8yw0000gn/T/places-stage5-gpu-capture-bf50xaew/frame-95.png
[lighting-sequence] capture_attempt ready_frame=95 path=/private/var/folders/sl/yxxj_m9n37sgntkntqw0x8yw0000gn/T/places-stage5-gpu-capture-bf50xaew/frame-95.png
PLACES_CAPTURE: wrote /private/var/folders/sl/yxxj_m9n37sgntkntqw0x8yw0000gn/T/places-stage5-gpu-capture-bf50xaew/frame-96.png
[lighting-sequence] capture_attempt ready_frame=96 path=/private/var/folders/sl/yxxj_m9n37sgntkntqw0x8yw0000gn/T/places-stage5-gpu-capture-bf50xaew/frame-96.png
PLACES_CAPTURE: wrote /private/var/folders/sl/yxxj_m9n37sgntkntqw0x8yw0000gn/T/places-stage5-gpu-capture-bf50xaew/frame-97.png
[lighting-sequence] capture_attempt ready_frame=97 path=/private/var/folders/sl/yxxj_m9n37sgntkntqw0x8yw0000gn/T/places-stage5-gpu-capture-bf50xaew/frame-97.png
PLACES_CAPTURE: wrote /private/var/folders/sl/yxxj_m9n37sgntkntqw0x8yw0000gn/T/places-stage5-gpu-capture-bf50xaew/frame-98.png
[lighting-sequence] capture_attempt ready_frame=98 path=/private/var/folders/sl/yxxj_m9n37sgntkntqw0x8yw0000gn/T/places-stage5-gpu-capture-bf50xaew/frame-98.png
PLACES_CAPTURE: wrote /private/var/folders/sl/yxxj_m9n37sgntkntqw0x8yw0000gn/T/places-stage5-gpu-capture-bf50xaew/frame-99.png
[lighting-sequence] capture_attempt ready_frame=99 path=/private/var/folders/sl/yxxj_m9n37sgntkntqw0x8yw0000gn/T/places-stage5-gpu-capture-bf50xaew/frame-99.png
PLACES_CAPTURE: wrote /private/var/folders/sl/yxxj_m9n37sgntkntqw0x8yw0000gn/T/places-stage5-gpu-capture-bf50xaew/frame-100.png
[lighting-sequence] capture_attempt ready_frame=100 path=/private/var/folders/sl/yxxj_m9n37sgntkntqw0x8yw0000gn/T/places-stage5-gpu-capture-bf50xaew/frame-100.png
PLACES_CAPTURE: wrote /private/var/folders/sl/yxxj_m9n37sgntkntqw0x8yw0000gn/T/places-stage5-gpu-capture-bf50xaew/frame-101.png
[lighting-sequence] capture_attempt ready_frame=101 path=/private/var/folders/sl/yxxj_m9n37sgntkntqw0x8yw0000gn/T/places-stage5-gpu-capture-bf50xaew/frame-101.png
PLACES_CAPTURE: wrote /private/var/folders/sl/yxxj_m9n37sgntkntqw0x8yw0000gn/T/places-stage5-gpu-capture-bf50xaew/frame-102.png
[lighting-sequence] capture_attempt ready_frame=102 path=/private/var/folders/sl/yxxj_m9n37sgntkntqw0x8yw0000gn/T/places-stage5-gpu-capture-bf50xaew/frame-102.png
PLACES_CAPTURE: wrote /private/var/folders/sl/yxxj_m9n37sgntkntqw0x8yw0000gn/T/places-stage5-gpu-capture-bf50xaew/frame-103.png
[lighting-sequence] capture_attempt ready_frame=103 path=/private/var/folders/sl/yxxj_m9n37sgntkntqw0x8yw0000gn/T/places-stage5-gpu-capture-bf50xaew/frame-103.png
PLACES_CAPTURE: wrote /private/var/folders/sl/yxxj_m9n37sgntkntqw0x8yw0000gn/T/places-stage5-gpu-capture-bf50xaew/frame-104.png
[lighting-sequence] capture_attempt ready_frame=104 path=/private/var/folders/sl/yxxj_m9n37sgntkntqw0x8yw0000gn/T/places-stage5-gpu-capture-bf50xaew/frame-104.png
PLACES_CAPTURE: wrote /private/var/folders/sl/yxxj_m9n37sgntkntqw0x8yw0000gn/T/places-stage5-gpu-capture-bf50xaew/frame-105.png
[lighting-sequence] capture_attempt ready_frame=105 path=/private/var/folders/sl/yxxj_m9n37sgntkntqw0x8yw0000gn/T/places-stage5-gpu-capture-bf50xaew/frame-105.png
PLACES_CAPTURE: wrote /private/var/folders/sl/yxxj_m9n37sgntkntqw0x8yw0000gn/T/places-stage5-gpu-capture-bf50xaew/frame-106.png
[lighting-sequence] capture_attempt ready_frame=106 path=/private/var/folders/sl/yxxj_m9n37sgntkntqw0x8yw0000gn/T/places-stage5-gpu-capture-bf50xaew/frame-106.png
PLACES_CAPTURE: wrote /private/var/folders/sl/yxxj_m9n37sgntkntqw0x8yw0000gn/T/places-stage5-gpu-capture-bf50xaew/frame-107.png
[lighting-sequence] capture_attempt ready_frame=107 path=/private/var/folders/sl/yxxj_m9n37sgntkntqw0x8yw0000gn/T/places-stage5-gpu-capture-bf50xaew/frame-107.png
PLACES_CAPTURE: wrote /private/var/folders/sl/yxxj_m9n37sgntkntqw0x8yw0000gn/T/places-stage5-gpu-capture-bf50xaew/frame-108.png
[lighting-sequence] capture_attempt ready_frame=108 path=/private/var/folders/sl/yxxj_m9n37sgntkntqw0x8yw0000gn/T/places-stage5-gpu-capture-bf50xaew/frame-108.png
PLACES_CAPTURE: wrote /private/var/folders/sl/yxxj_m9n37sgntkntqw0x8yw0000gn/T/places-stage5-gpu-capture-bf50xaew/frame-109.png
[lighting-sequence] capture_attempt ready_frame=109 path=/private/var/folders/sl/yxxj_m9n37sgntkntqw0x8yw0000gn/T/places-stage5-gpu-capture-bf50xaew/frame-109.png
PLACES_CAPTURE: wrote /private/var/folders/sl/yxxj_m9n37sgntkntqw0x8yw0000gn/T/places-stage5-gpu-capture-bf50xaew/frame-110.png
[lighting-sequence] capture_attempt ready_frame=110 path=/private/var/folders/sl/yxxj_m9n37sgntkntqw0x8yw0000gn/T/places-stage5-gpu-capture-bf50xaew/frame-110.png
PLACES_CAPTURE: wrote /private/var/folders/sl/yxxj_m9n37sgntkntqw0x8yw0000gn/T/places-stage5-gpu-capture-bf50xaew/frame-111.png
[lighting-sequence] capture_attempt ready_frame=111 path=/private/var/folders/sl/yxxj_m9n37sgntkntqw0x8yw0000gn/T/places-stage5-gpu-capture-bf50xaew/frame-111.png
PLACES_CAPTURE: wrote /private/var/folders/sl/yxxj_m9n37sgntkntqw0x8yw0000gn/T/places-stage5-gpu-capture-bf50xaew/frame-112.png
[lighting-sequence] capture_attempt ready_frame=112 path=/private/var/folders/sl/yxxj_m9n37sgntkntqw0x8yw0000gn/T/places-stage5-gpu-capture-bf50xaew/frame-112.png
PLACES_CAPTURE: wrote /private/var/folders/sl/yxxj_m9n37sgntkntqw0x8yw0000gn/T/places-stage5-gpu-capture-bf50xaew/frame-113.png
[lighting-sequence] capture_attempt ready_frame=113 path=/private/var/folders/sl/yxxj_m9n37sgntkntqw0x8yw0000gn/T/places-stage5-gpu-capture-bf50xaew/frame-113.png
PLACES_CAPTURE: wrote /private/var/folders/sl/yxxj_m9n37sgntkntqw0x8yw0000gn/T/places-stage5-gpu-capture-bf50xaew/frame-114.png
[lighting-sequence] capture_attempt ready_frame=114 path=/private/var/folders/sl/yxxj_m9n37sgntkntqw0x8yw0000gn/T/places-stage5-gpu-capture-bf50xaew/frame-114.png
PLACES_CAPTURE: wrote /private/var/folders/sl/yxxj_m9n37sgntkntqw0x8yw0000gn/T/places-stage5-gpu-capture-bf50xaew/frame-115.png
[lighting-sequence] capture_attempt ready_frame=115 path=/private/var/folders/sl/yxxj_m9n37sgntkntqw0x8yw0000gn/T/places-stage5-gpu-capture-bf50xaew/frame-115.png
PLACES_CAPTURE: wrote /private/var/folders/sl/yxxj_m9n37sgntkntqw0x8yw0000gn/T/places-stage5-gpu-capture-bf50xaew/frame-116.png
[lighting-sequence] capture_attempt ready_frame=116 path=/private/var/folders/sl/yxxj_m9n37sgntkntqw0x8yw0000gn/T/places-stage5-gpu-capture-bf50xaew/frame-116.png
PLACES_CAPTURE: wrote /private/var/folders/sl/yxxj_m9n37sgntkntqw0x8yw0000gn/T/places-stage5-gpu-capture-bf50xaew/frame-117.png
[lighting-sequence] capture_attempt ready_frame=117 path=/private/var/folders/sl/yxxj_m9n37sgntkntqw0x8yw0000gn/T/places-stage5-gpu-capture-bf50xaew/frame-117.png
PLACES_CAPTURE: wrote /private/var/folders/sl/yxxj_m9n37sgntkntqw0x8yw0000gn/T/places-stage5-gpu-capture-bf50xaew/frame-118.png
[lighting-sequence] capture_attempt ready_frame=118 path=/private/var/folders/sl/yxxj_m9n37sgntkntqw0x8yw0000gn/T/places-stage5-gpu-capture-bf50xaew/frame-118.png
PLACES_CAPTURE: wrote /private/var/folders/sl/yxxj_m9n37sgntkntqw0x8yw0000gn/T/places-stage5-gpu-capture-bf50xaew/frame-119.png
[lighting-sequence] capture_attempt ready_frame=119 path=/private/var/folders/sl/yxxj_m9n37sgntkntqw0x8yw0000gn/T/places-stage5-gpu-capture-bf50xaew/frame-119.png
PLACES_CAPTURE: wrote /private/var/folders/sl/yxxj_m9n37sgntkntqw0x8yw0000gn/T/places-stage5-gpu-capture-bf50xaew/frame-120.png
[lighting-sequence] capture_attempt ready_frame=120 path=/private/var/folders/sl/yxxj_m9n37sgntkntqw0x8yw0000gn/T/places-stage5-gpu-capture-bf50xaew/frame-120.png
PLACES_CAPTURE: wrote /private/var/folders/sl/yxxj_m9n37sgntkntqw0x8yw0000gn/T/places-stage5-gpu-capture-bf50xaew/frame-121.png
[lighting-sequence] capture_attempt ready_frame=121 path=/private/var/folders/sl/yxxj_m9n37sgntkntqw0x8yw0000gn/T/places-stage5-gpu-capture-bf50xaew/frame-121.png
PLACES_CAPTURE: wrote /private/var/folders/sl/yxxj_m9n37sgntkntqw0x8yw0000gn/T/places-stage5-gpu-capture-bf50xaew/frame-122.png
[lighting-sequence] capture_attempt ready_frame=122 path=/private/var/folders/sl/yxxj_m9n37sgntkntqw0x8yw0000gn/T/places-stage5-gpu-capture-bf50xaew/frame-122.png
PLACES_CAPTURE: wrote /private/var/folders/sl/yxxj_m9n37sgntkntqw0x8yw0000gn/T/places-stage5-gpu-capture-bf50xaew/frame-123.png
[lighting-sequence] capture_attempt ready_frame=123 path=/private/var/folders/sl/yxxj_m9n37sgntkntqw0x8yw0000gn/T/places-stage5-gpu-capture-bf50xaew/frame-123.png
PLACES_CAPTURE: wrote /private/var/folders/sl/yxxj_m9n37sgntkntqw0x8yw0000gn/T/places-stage5-gpu-capture-bf50xaew/frame-124.png
[lighting-sequence] capture_attempt ready_frame=124 path=/private/var/folders/sl/yxxj_m9n37sgntkntqw0x8yw0000gn/T/places-stage5-gpu-capture-bf50xaew/frame-124.png
PLACES_CAPTURE: wrote /private/var/folders/sl/yxxj_m9n37sgntkntqw0x8yw0000gn/T/places-stage5-gpu-capture-bf50xaew/frame-125.png
[lighting-sequence] capture_attempt ready_frame=125 path=/private/var/folders/sl/yxxj_m9n37sgntkntqw0x8yw0000gn/T/places-stage5-gpu-capture-bf50xaew/frame-125.png
PLACES_CAPTURE: wrote /private/var/folders/sl/yxxj_m9n37sgntkntqw0x8yw0000gn/T/places-stage5-gpu-capture-bf50xaew/frame-126.png
[lighting-sequence] capture_attempt ready_frame=126 path=/private/var/folders/sl/yxxj_m9n37sgntkntqw0x8yw0000gn/T/places-stage5-gpu-capture-bf50xaew/frame-126.png
PLACES_CAPTURE: wrote /private/var/folders/sl/yxxj_m9n37sgntkntqw0x8yw0000gn/T/places-stage5-gpu-capture-bf50xaew/frame-127.png
[lighting-sequence] capture_attempt ready_frame=127 path=/private/var/folders/sl/yxxj_m9n37sgntkntqw0x8yw0000gn/T/places-stage5-gpu-capture-bf50xaew/frame-127.png
PLACES_CAPTURE: wrote /private/var/folders/sl/yxxj_m9n37sgntkntqw0x8yw0000gn/T/places-stage5-gpu-capture-bf50xaew/frame-128.png
[lighting-sequence] capture_attempt ready_frame=128 path=/private/var/folders/sl/yxxj_m9n37sgntkntqw0x8yw0000gn/T/places-stage5-gpu-capture-bf50xaew/frame-128.png
PLACES_CAPTURE: wrote /private/var/folders/sl/yxxj_m9n37sgntkntqw0x8yw0000gn/T/places-stage5-gpu-capture-bf50xaew/frame-129.png
[lighting-sequence] capture_attempt ready_frame=129 path=/private/var/folders/sl/yxxj_m9n37sgntkntqw0x8yw0000gn/T/places-stage5-gpu-capture-bf50xaew/frame-129.png
PLACES_CAPTURE: wrote /private/var/folders/sl/yxxj_m9n37sgntkntqw0x8yw0000gn/T/places-stage5-gpu-capture-bf50xaew/frame-130.png
[lighting-sequence] capture_attempt ready_frame=130 path=/private/var/folders/sl/yxxj_m9n37sgntkntqw0x8yw0000gn/T/places-stage5-gpu-capture-bf50xaew/frame-130.png
PLACES_CAPTURE: wrote /private/var/folders/sl/yxxj_m9n37sgntkntqw0x8yw0000gn/T/places-stage5-gpu-capture-bf50xaew/frame-131.png
[lighting-sequence] capture_attempt ready_frame=131 path=/private/var/folders/sl/yxxj_m9n37sgntkntqw0x8yw0000gn/T/places-stage5-gpu-capture-bf50xaew/frame-131.png
PLACES_CAPTURE: wrote /private/var/folders/sl/yxxj_m9n37sgntkntqw0x8yw0000gn/T/places-stage5-gpu-capture-bf50xaew/frame-132.png
[lighting-sequence] capture_attempt ready_frame=132 path=/private/var/folders/sl/yxxj_m9n37sgntkntqw0x8yw0000gn/T/places-stage5-gpu-capture-bf50xaew/frame-132.png
PLACES_CAPTURE: wrote /private/var/folders/sl/yxxj_m9n37sgntkntqw0x8yw0000gn/T/places-stage5-gpu-capture-bf50xaew/frame-133.png
[lighting-sequence] capture_attempt ready_frame=133 path=/private/var/folders/sl/yxxj_m9n37sgntkntqw0x8yw0000gn/T/places-stage5-gpu-capture-bf50xaew/frame-133.png
PLACES_CAPTURE: wrote /private/var/folders/sl/yxxj_m9n37sgntkntqw0x8yw0000gn/T/places-stage5-gpu-capture-bf50xaew/frame-134.png
[lighting-sequence] capture_attempt ready_frame=134 path=/private/var/folders/sl/yxxj_m9n37sgntkntqw0x8yw0000gn/T/places-stage5-gpu-capture-bf50xaew/frame-134.png
PLACES_CAPTURE: wrote /private/var/folders/sl/yxxj_m9n37sgntkntqw0x8yw0000gn/T/places-stage5-gpu-capture-bf50xaew/frame-135.png
[lighting-sequence] capture_attempt ready_frame=135 path=/private/var/folders/sl/yxxj_m9n37sgntkntqw0x8yw0000gn/T/places-stage5-gpu-capture-bf50xaew/frame-135.png
PLACES_CAPTURE: wrote /private/var/folders/sl/yxxj_m9n37sgntkntqw0x8yw0000gn/T/places-stage5-gpu-capture-bf50xaew/frame-136.png
[lighting-sequence] capture_attempt ready_frame=136 path=/private/var/folders/sl/yxxj_m9n37sgntkntqw0x8yw0000gn/T/places-stage5-gpu-capture-bf50xaew/frame-136.png
PLACES_CAPTURE: wrote /private/var/folders/sl/yxxj_m9n37sgntkntqw0x8yw0000gn/T/places-stage5-gpu-capture-bf50xaew/frame-137.png
[lighting-sequence] capture_attempt ready_frame=137 path=/private/var/folders/sl/yxxj_m9n37sgntkntqw0x8yw0000gn/T/places-stage5-gpu-capture-bf50xaew/frame-137.png
PLACES_CAPTURE: wrote /private/var/folders/sl/yxxj_m9n37sgntkntqw0x8yw0000gn/T/places-stage5-gpu-capture-bf50xaew/frame-138.png
[lighting-sequence] capture_attempt ready_frame=138 path=/private/var/folders/sl/yxxj_m9n37sgntkntqw0x8yw0000gn/T/places-stage5-gpu-capture-bf50xaew/frame-138.png
PLACES_CAPTURE: wrote /private/var/folders/sl/yxxj_m9n37sgntkntqw0x8yw0000gn/T/places-stage5-gpu-capture-bf50xaew/frame-139.png
[lighting-sequence] capture_attempt ready_frame=139 path=/private/var/folders/sl/yxxj_m9n37sgntkntqw0x8yw0000gn/T/places-stage5-gpu-capture-bf50xaew/frame-139.png
PLACES_CAPTURE: wrote /private/var/folders/sl/yxxj_m9n37sgntkntqw0x8yw0000gn/T/places-stage5-gpu-capture-bf50xaew/frame-140.png
[lighting-sequence] capture_attempt ready_frame=140 path=/private/var/folders/sl/yxxj_m9n37sgntkntqw0x8yw0000gn/T/places-stage5-gpu-capture-bf50xaew/frame-140.png
PLACES_CAPTURE: wrote /private/var/folders/sl/yxxj_m9n37sgntkntqw0x8yw0000gn/T/places-stage5-gpu-capture-bf50xaew/frame-141.png
[lighting-sequence] capture_attempt ready_frame=141 path=/private/var/folders/sl/yxxj_m9n37sgntkntqw0x8yw0000gn/T/places-stage5-gpu-capture-bf50xaew/frame-141.png
PLACES_CAPTURE: wrote /private/var/folders/sl/yxxj_m9n37sgntkntqw0x8yw0000gn/T/places-stage5-gpu-capture-bf50xaew/frame-142.png
[lighting-sequence] capture_attempt ready_frame=142 path=/private/var/folders/sl/yxxj_m9n37sgntkntqw0x8yw0000gn/T/places-stage5-gpu-capture-bf50xaew/frame-142.png
PLACES_CAPTURE: wrote /private/var/folders/sl/yxxj_m9n37sgntkntqw0x8yw0000gn/T/places-stage5-gpu-capture-bf50xaew/frame-143.png
[lighting-sequence] capture_attempt ready_frame=143 path=/private/var/folders/sl/yxxj_m9n37sgntkntqw0x8yw0000gn/T/places-stage5-gpu-capture-bf50xaew/frame-143.png
PLACES_CAPTURE: wrote /private/var/folders/sl/yxxj_m9n37sgntkntqw0x8yw0000gn/T/places-stage5-gpu-capture-bf50xaew/frame-144.png
[lighting-sequence] capture_attempt ready_frame=144 path=/private/var/folders/sl/yxxj_m9n37sgntkntqw0x8yw0000gn/T/places-stage5-gpu-capture-bf50xaew/frame-144.png
PLACES_CAPTURE: wrote /private/var/folders/sl/yxxj_m9n37sgntkntqw0x8yw0000gn/T/places-stage5-gpu-capture-bf50xaew/frame-145.png
[lighting-sequence] capture_attempt ready_frame=145 path=/private/var/folders/sl/yxxj_m9n37sgntkntqw0x8yw0000gn/T/places-stage5-gpu-capture-bf50xaew/frame-145.png
PLACES_CAPTURE: wrote /private/var/folders/sl/yxxj_m9n37sgntkntqw0x8yw0000gn/T/places-stage5-gpu-capture-bf50xaew/frame-146.png
[lighting-sequence] capture_attempt ready_frame=146 path=/private/var/folders/sl/yxxj_m9n37sgntkntqw0x8yw0000gn/T/places-stage5-gpu-capture-bf50xaew/frame-146.png
PLACES_CAPTURE: wrote /private/var/folders/sl/yxxj_m9n37sgntkntqw0x8yw0000gn/T/places-stage5-gpu-capture-bf50xaew/frame-147.png
[lighting-sequence] capture_attempt ready_frame=147 path=/private/var/folders/sl/yxxj_m9n37sgntkntqw0x8yw0000gn/T/places-stage5-gpu-capture-bf50xaew/frame-147.png
PLACES_CAPTURE: wrote /private/var/folders/sl/yxxj_m9n37sgntkntqw0x8yw0000gn/T/places-stage5-gpu-capture-bf50xaew/frame-148.png
[lighting-sequence] capture_attempt ready_frame=148 path=/private/var/folders/sl/yxxj_m9n37sgntkntqw0x8yw0000gn/T/places-stage5-gpu-capture-bf50xaew/frame-148.png
PLACES_CAPTURE: wrote /private/var/folders/sl/yxxj_m9n37sgntkntqw0x8yw0000gn/T/places-stage5-gpu-capture-bf50xaew/frame-149.png
[lighting-sequence] capture_attempt ready_frame=149 path=/private/var/folders/sl/yxxj_m9n37sgntkntqw0x8yw0000gn/T/places-stage5-gpu-capture-bf50xaew/frame-149.png
PLACES_CAPTURE: wrote /private/var/folders/sl/yxxj_m9n37sgntkntqw0x8yw0000gn/T/places-stage5-gpu-capture-bf50xaew/frame-150.png
[lighting-sequence] capture_attempt ready_frame=150 path=/private/var/folders/sl/yxxj_m9n37sgntkntqw0x8yw0000gn/T/places-stage5-gpu-capture-bf50xaew/frame-150.png
PLACES_CAPTURE: wrote /private/var/folders/sl/yxxj_m9n37sgntkntqw0x8yw0000gn/T/places-stage5-gpu-capture-bf50xaew/frame-151.png
[lighting-sequence] capture_attempt ready_frame=151 path=/private/var/folders/sl/yxxj_m9n37sgntkntqw0x8yw0000gn/T/places-stage5-gpu-capture-bf50xaew/frame-151.png
PLACES_CAPTURE: wrote /private/var/folders/sl/yxxj_m9n37sgntkntqw0x8yw0000gn/T/places-stage5-gpu-capture-bf50xaew/frame-152.png
[lighting-sequence] capture_attempt ready_frame=152 path=/private/var/folders/sl/yxxj_m9n37sgntkntqw0x8yw0000gn/T/places-stage5-gpu-capture-bf50xaew/frame-152.png
PLACES_CAPTURE: wrote /private/var/folders/sl/yxxj_m9n37sgntkntqw0x8yw0000gn/T/places-stage5-gpu-capture-bf50xaew/frame-153.png
[lighting-sequence] capture_attempt ready_frame=153 path=/private/var/folders/sl/yxxj_m9n37sgntkntqw0x8yw0000gn/T/places-stage5-gpu-capture-bf50xaew/frame-153.png
PLACES_CAPTURE: wrote /private/var/folders/sl/yxxj_m9n37sgntkntqw0x8yw0000gn/T/places-stage5-gpu-capture-bf50xaew/frame-154.png
[lighting-sequence] capture_attempt ready_frame=154 path=/private/var/folders/sl/yxxj_m9n37sgntkntqw0x8yw0000gn/T/places-stage5-gpu-capture-bf50xaew/frame-154.png
PLACES_CAPTURE: wrote /private/var/folders/sl/yxxj_m9n37sgntkntqw0x8yw0000gn/T/places-stage5-gpu-capture-bf50xaew/frame-155.png
[lighting-sequence] capture_attempt ready_frame=155 path=/private/var/folders/sl/yxxj_m9n37sgntkntqw0x8yw0000gn/T/places-stage5-gpu-capture-bf50xaew/frame-155.png
PLACES_CAPTURE: wrote /private/var/folders/sl/yxxj_m9n37sgntkntqw0x8yw0000gn/T/places-stage5-gpu-capture-bf50xaew/frame-156.png
[lighting-sequence] capture_attempt ready_frame=156 path=/private/var/folders/sl/yxxj_m9n37sgntkntqw0x8yw0000gn/T/places-stage5-gpu-capture-bf50xaew/frame-156.png
PLACES_CAPTURE: wrote /private/var/folders/sl/yxxj_m9n37sgntkntqw0x8yw0000gn/T/places-stage5-gpu-capture-bf50xaew/frame-157.png
[lighting-sequence] capture_attempt ready_frame=157 path=/private/var/folders/sl/yxxj_m9n37sgntkntqw0x8yw0000gn/T/places-stage5-gpu-capture-bf50xaew/frame-157.png
PLACES_CAPTURE: wrote /private/var/folders/sl/yxxj_m9n37sgntkntqw0x8yw0000gn/T/places-stage5-gpu-capture-bf50xaew/frame-158.png
[lighting-sequence] capture_attempt ready_frame=158 path=/private/var/folders/sl/yxxj_m9n37sgntkntqw0x8yw0000gn/T/places-stage5-gpu-capture-bf50xaew/frame-158.png
PLACES_CAPTURE: wrote /private/var/folders/sl/yxxj_m9n37sgntkntqw0x8yw0000gn/T/places-stage5-gpu-capture-bf50xaew/frame-159.png
[lighting-sequence] capture_attempt ready_frame=159 path=/private/var/folders/sl/yxxj_m9n37sgntkntqw0x8yw0000gn/T/places-stage5-gpu-capture-bf50xaew/frame-159.png
PLACES_CAPTURE: wrote /private/var/folders/sl/yxxj_m9n37sgntkntqw0x8yw0000gn/T/places-stage5-gpu-capture-bf50xaew/frame-160.png
[lighting-sequence] capture_attempt ready_frame=160 path=/private/var/folders/sl/yxxj_m9n37sgntkntqw0x8yw0000gn/T/places-stage5-gpu-capture-bf50xaew/frame-160.png
PLACES_CAPTURE: wrote /private/var/folders/sl/yxxj_m9n37sgntkntqw0x8yw0000gn/T/places-stage5-gpu-capture-bf50xaew/frame-161.png
[lighting-sequence] capture_attempt ready_frame=161 path=/private/var/folders/sl/yxxj_m9n37sgntkntqw0x8yw0000gn/T/places-stage5-gpu-capture-bf50xaew/frame-161.png
PLACES_CAPTURE: wrote /private/var/folders/sl/yxxj_m9n37sgntkntqw0x8yw0000gn/T/places-stage5-gpu-capture-bf50xaew/frame-162.png
[lighting-sequence] capture_attempt ready_frame=162 path=/private/var/folders/sl/yxxj_m9n37sgntkntqw0x8yw0000gn/T/places-stage5-gpu-capture-bf50xaew/frame-162.png
PLACES_CAPTURE: wrote /private/var/folders/sl/yxxj_m9n37sgntkntqw0x8yw0000gn/T/places-stage5-gpu-capture-bf50xaew/frame-163.png
[lighting-sequence] capture_attempt ready_frame=163 path=/private/var/folders/sl/yxxj_m9n37sgntkntqw0x8yw0000gn/T/places-stage5-gpu-capture-bf50xaew/frame-163.png
PLACES_CAPTURE: wrote /private/var/folders/sl/yxxj_m9n37sgntkntqw0x8yw0000gn/T/places-stage5-gpu-capture-bf50xaew/frame-164.png
[lighting-sequence] capture_attempt ready_frame=164 path=/private/var/folders/sl/yxxj_m9n37sgntkntqw0x8yw0000gn/T/places-stage5-gpu-capture-bf50xaew/frame-164.png
PLACES_CAPTURE: wrote /private/var/folders/sl/yxxj_m9n37sgntkntqw0x8yw0000gn/T/places-stage5-gpu-capture-bf50xaew/frame-165.png
[lighting-sequence] capture_attempt ready_frame=165 path=/private/var/folders/sl/yxxj_m9n37sgntkntqw0x8yw0000gn/T/places-stage5-gpu-capture-bf50xaew/frame-165.png
PLACES_CAPTURE: wrote /private/var/folders/sl/yxxj_m9n37sgntkntqw0x8yw0000gn/T/places-stage5-gpu-capture-bf50xaew/frame-166.png
[lighting-sequence] capture_attempt ready_frame=166 path=/private/var/folders/sl/yxxj_m9n37sgntkntqw0x8yw0000gn/T/places-stage5-gpu-capture-bf50xaew/frame-166.png
PLACES_CAPTURE: wrote /private/var/folders/sl/yxxj_m9n37sgntkntqw0x8yw0000gn/T/places-stage5-gpu-capture-bf50xaew/frame-167.png
[lighting-sequence] capture_attempt ready_frame=167 path=/private/var/folders/sl/yxxj_m9n37sgntkntqw0x8yw0000gn/T/places-stage5-gpu-capture-bf50xaew/frame-167.png
PLACES_CAPTURE: wrote /private/var/folders/sl/yxxj_m9n37sgntkntqw0x8yw0000gn/T/places-stage5-gpu-capture-bf50xaew/frame-168.png
[lighting-sequence] capture_attempt ready_frame=168 path=/private/var/folders/sl/yxxj_m9n37sgntkntqw0x8yw0000gn/T/places-stage5-gpu-capture-bf50xaew/frame-168.png
PLACES_CAPTURE: wrote /private/var/folders/sl/yxxj_m9n37sgntkntqw0x8yw0000gn/T/places-stage5-gpu-capture-bf50xaew/frame-169.png
[lighting-sequence] capture_attempt ready_frame=169 path=/private/var/folders/sl/yxxj_m9n37sgntkntqw0x8yw0000gn/T/places-stage5-gpu-capture-bf50xaew/frame-169.png
PLACES_CAPTURE: wrote /private/var/folders/sl/yxxj_m9n37sgntkntqw0x8yw0000gn/T/places-stage5-gpu-capture-bf50xaew/frame-170.png
[lighting-sequence] capture_attempt ready_frame=170 path=/private/var/folders/sl/yxxj_m9n37sgntkntqw0x8yw0000gn/T/places-stage5-gpu-capture-bf50xaew/frame-170.png
PLACES_CAPTURE: wrote /private/var/folders/sl/yxxj_m9n37sgntkntqw0x8yw0000gn/T/places-stage5-gpu-capture-bf50xaew/frame-171.png
[lighting-sequence] capture_attempt ready_frame=171 path=/private/var/folders/sl/yxxj_m9n37sgntkntqw0x8yw0000gn/T/places-stage5-gpu-capture-bf50xaew/frame-171.png
PLACES_CAPTURE: wrote /private/var/folders/sl/yxxj_m9n37sgntkntqw0x8yw0000gn/T/places-stage5-gpu-capture-bf50xaew/frame-172.png
[lighting-sequence] capture_attempt ready_frame=172 path=/private/var/folders/sl/yxxj_m9n37sgntkntqw0x8yw0000gn/T/places-stage5-gpu-capture-bf50xaew/frame-172.png
PLACES_CAPTURE: wrote /private/var/folders/sl/yxxj_m9n37sgntkntqw0x8yw0000gn/T/places-stage5-gpu-capture-bf50xaew/frame-173.png
[lighting-sequence] capture_attempt ready_frame=173 path=/private/var/folders/sl/yxxj_m9n37sgntkntqw0x8yw0000gn/T/places-stage5-gpu-capture-bf50xaew/frame-173.png
PLACES_CAPTURE: wrote /private/var/folders/sl/yxxj_m9n37sgntkntqw0x8yw0000gn/T/places-stage5-gpu-capture-bf50xaew/frame-174.png
[lighting-sequence] capture_attempt ready_frame=174 path=/private/var/folders/sl/yxxj_m9n37sgntkntqw0x8yw0000gn/T/places-stage5-gpu-capture-bf50xaew/frame-174.png
PLACES_CAPTURE: wrote /private/var/folders/sl/yxxj_m9n37sgntkntqw0x8yw0000gn/T/places-stage5-gpu-capture-bf50xaew/frame-175.png
[lighting-sequence] capture_attempt ready_frame=175 path=/private/var/folders/sl/yxxj_m9n37sgntkntqw0x8yw0000gn/T/places-stage5-gpu-capture-bf50xaew/frame-175.png
PLACES_CAPTURE: wrote /private/var/folders/sl/yxxj_m9n37sgntkntqw0x8yw0000gn/T/places-stage5-gpu-capture-bf50xaew/frame-176.png
[lighting-sequence] capture_attempt ready_frame=176 path=/private/var/folders/sl/yxxj_m9n37sgntkntqw0x8yw0000gn/T/places-stage5-gpu-capture-bf50xaew/frame-176.png
PLACES_CAPTURE: wrote /private/var/folders/sl/yxxj_m9n37sgntkntqw0x8yw0000gn/T/places-stage5-gpu-capture-bf50xaew/frame-177.png
[lighting-sequence] capture_attempt ready_frame=177 path=/private/var/folders/sl/yxxj_m9n37sgntkntqw0x8yw0000gn/T/places-stage5-gpu-capture-bf50xaew/frame-177.png
PLACES_CAPTURE: wrote /private/var/folders/sl/yxxj_m9n37sgntkntqw0x8yw0000gn/T/places-stage5-gpu-capture-bf50xaew/frame-178.png
[lighting-sequence] capture_attempt ready_frame=178 path=/private/var/folders/sl/yxxj_m9n37sgntkntqw0x8yw0000gn/T/places-stage5-gpu-capture-bf50xaew/frame-178.png
PLACES_CAPTURE: wrote /private/var/folders/sl/yxxj_m9n37sgntkntqw0x8yw0000gn/T/places-stage5-gpu-capture-bf50xaew/frame-179.png
[lighting-sequence] capture_attempt ready_frame=179 path=/private/var/folders/sl/yxxj_m9n37sgntkntqw0x8yw0000gn/T/places-stage5-gpu-capture-bf50xaew/frame-179.png
PLACES_CAPTURE: wrote /private/var/folders/sl/yxxj_m9n37sgntkntqw0x8yw0000gn/T/places-stage5-gpu-capture-bf50xaew/frame-180.png
[lighting-sequence] capture_attempt ready_frame=180 path=/private/var/folders/sl/yxxj_m9n37sgntkntqw0x8yw0000gn/T/places-stage5-gpu-capture-bf50xaew/frame-180.png
PLACES_CAPTURE: wrote /private/var/folders/sl/yxxj_m9n37sgntkntqw0x8yw0000gn/T/places-stage5-gpu-capture-bf50xaew/frame-181.png
[lighting-sequence] capture_attempt ready_frame=181 path=/private/var/folders/sl/yxxj_m9n37sgntkntqw0x8yw0000gn/T/places-stage5-gpu-capture-bf50xaew/frame-181.png
PLACES_CAPTURE: wrote /private/var/folders/sl/yxxj_m9n37sgntkntqw0x8yw0000gn/T/places-stage5-gpu-capture-bf50xaew/frame-182.png
[lighting-sequence] capture_attempt ready_frame=182 path=/private/var/folders/sl/yxxj_m9n37sgntkntqw0x8yw0000gn/T/places-stage5-gpu-capture-bf50xaew/frame-182.png
PLACES_CAPTURE: wrote /private/var/folders/sl/yxxj_m9n37sgntkntqw0x8yw0000gn/T/places-stage5-gpu-capture-bf50xaew/frame-183.png
[lighting-sequence] capture_attempt ready_frame=183 path=/private/var/folders/sl/yxxj_m9n37sgntkntqw0x8yw0000gn/T/places-stage5-gpu-capture-bf50xaew/frame-183.png
PLACES_CAPTURE: wrote /private/var/folders/sl/yxxj_m9n37sgntkntqw0x8yw0000gn/T/places-stage5-gpu-capture-bf50xaew/frame-184.png
[lighting-sequence] capture_attempt ready_frame=184 path=/private/var/folders/sl/yxxj_m9n37sgntkntqw0x8yw0000gn/T/places-stage5-gpu-capture-bf50xaew/frame-184.png
PLACES_CAPTURE: wrote /private/var/folders/sl/yxxj_m9n37sgntkntqw0x8yw0000gn/T/places-stage5-gpu-capture-bf50xaew/frame-185.png
[lighting-sequence] capture_attempt ready_frame=185 path=/private/var/folders/sl/yxxj_m9n37sgntkntqw0x8yw0000gn/T/places-stage5-gpu-capture-bf50xaew/frame-185.png
PLACES_CAPTURE: wrote /private/var/folders/sl/yxxj_m9n37sgntkntqw0x8yw0000gn/T/places-stage5-gpu-capture-bf50xaew/frame-186.png
[lighting-sequence] capture_attempt ready_frame=186 path=/private/var/folders/sl/yxxj_m9n37sgntkntqw0x8yw0000gn/T/places-stage5-gpu-capture-bf50xaew/frame-186.png
PLACES_CAPTURE: wrote /private/var/folders/sl/yxxj_m9n37sgntkntqw0x8yw0000gn/T/places-stage5-gpu-capture-bf50xaew/frame-187.png
[lighting-sequence] capture_attempt ready_frame=187 path=/private/var/folders/sl/yxxj_m9n37sgntkntqw0x8yw0000gn/T/places-stage5-gpu-capture-bf50xaew/frame-187.png
PLACES_CAPTURE: wrote /private/var/folders/sl/yxxj_m9n37sgntkntqw0x8yw0000gn/T/places-stage5-gpu-capture-bf50xaew/frame-188.png
[lighting-sequence] capture_attempt ready_frame=188 path=/private/var/folders/sl/yxxj_m9n37sgntkntqw0x8yw0000gn/T/places-stage5-gpu-capture-bf50xaew/frame-188.png
PLACES_CAPTURE: wrote /private/var/folders/sl/yxxj_m9n37sgntkntqw0x8yw0000gn/T/places-stage5-gpu-capture-bf50xaew/frame-189.png
[lighting-sequence] capture_attempt ready_frame=189 path=/private/var/folders/sl/yxxj_m9n37sgntkntqw0x8yw0000gn/T/places-stage5-gpu-capture-bf50xaew/frame-189.png
PLACES_CAPTURE: wrote /private/var/folders/sl/yxxj_m9n37sgntkntqw0x8yw0000gn/T/places-stage5-gpu-capture-bf50xaew/frame-190.png
[lighting-sequence] capture_attempt ready_frame=190 path=/private/var/folders/sl/yxxj_m9n37sgntkntqw0x8yw0000gn/T/places-stage5-gpu-capture-bf50xaew/frame-190.png
PLACES_CAPTURE: wrote /private/var/folders/sl/yxxj_m9n37sgntkntqw0x8yw0000gn/T/places-stage5-gpu-capture-bf50xaew/frame-191.png
[lighting-sequence] capture_attempt ready_frame=191 path=/private/var/folders/sl/yxxj_m9n37sgntkntqw0x8yw0000gn/T/places-stage5-gpu-capture-bf50xaew/frame-191.png
PLACES_CAPTURE: wrote /private/var/folders/sl/yxxj_m9n37sgntkntqw0x8yw0000gn/T/places-stage5-gpu-capture-bf50xaew/frame-192.png
[lighting-sequence] capture_attempt ready_frame=192 path=/private/var/folders/sl/yxxj_m9n37sgntkntqw0x8yw0000gn/T/places-stage5-gpu-capture-bf50xaew/frame-192.png
PLACES_CAPTURE: wrote /private/var/folders/sl/yxxj_m9n37sgntkntqw0x8yw0000gn/T/places-stage5-gpu-capture-bf50xaew/frame-193.png
[lighting-sequence] capture_attempt ready_frame=193 path=/private/var/folders/sl/yxxj_m9n37sgntkntqw0x8yw0000gn/T/places-stage5-gpu-capture-bf50xaew/frame-193.png
PLACES_CAPTURE: wrote /private/var/folders/sl/yxxj_m9n37sgntkntqw0x8yw0000gn/T/places-stage5-gpu-capture-bf50xaew/frame-194.png
[lighting-sequence] capture_attempt ready_frame=194 path=/private/var/folders/sl/yxxj_m9n37sgntkntqw0x8yw0000gn/T/places-stage5-gpu-capture-bf50xaew/frame-194.png
PLACES_CAPTURE: wrote /private/var/folders/sl/yxxj_m9n37sgntkntqw0x8yw0000gn/T/places-stage5-gpu-capture-bf50xaew/frame-195.png
[lighting-sequence] capture_attempt ready_frame=195 path=/private/var/folders/sl/yxxj_m9n37sgntkntqw0x8yw0000gn/T/places-stage5-gpu-capture-bf50xaew/frame-195.png
PLACES_CAPTURE: wrote /private/var/folders/sl/yxxj_m9n37sgntkntqw0x8yw0000gn/T/places-stage5-gpu-capture-bf50xaew/frame-196.png
[lighting-sequence] capture_attempt ready_frame=196 path=/private/var/folders/sl/yxxj_m9n37sgntkntqw0x8yw0000gn/T/places-stage5-gpu-capture-bf50xaew/frame-196.png
PLACES_CAPTURE: wrote /private/var/folders/sl/yxxj_m9n37sgntkntqw0x8yw0000gn/T/places-stage5-gpu-capture-bf50xaew/frame-197.png
[lighting-sequence] capture_attempt ready_frame=197 path=/private/var/folders/sl/yxxj_m9n37sgntkntqw0x8yw0000gn/T/places-stage5-gpu-capture-bf50xaew/frame-197.png
PLACES_CAPTURE: wrote /private/var/folders/sl/yxxj_m9n37sgntkntqw0x8yw0000gn/T/places-stage5-gpu-capture-bf50xaew/frame-198.png
[lighting-sequence] capture_attempt ready_frame=198 path=/private/var/folders/sl/yxxj_m9n37sgntkntqw0x8yw0000gn/T/places-stage5-gpu-capture-bf50xaew/frame-198.png
PLACES_CAPTURE: wrote /private/var/folders/sl/yxxj_m9n37sgntkntqw0x8yw0000gn/T/places-stage5-gpu-capture-bf50xaew/frame-199.png
[lighting-sequence] capture_attempt ready_frame=199 path=/private/var/folders/sl/yxxj_m9n37sgntkntqw0x8yw0000gn/T/places-stage5-gpu-capture-bf50xaew/frame-199.png
PLACES_CAPTURE: wrote /private/var/folders/sl/yxxj_m9n37sgntkntqw0x8yw0000gn/T/places-stage5-gpu-capture-bf50xaew/frame-200.png
[lighting-sequence] capture_attempt ready_frame=200 path=/private/var/folders/sl/yxxj_m9n37sgntkntqw0x8yw0000gn/T/places-stage5-gpu-capture-bf50xaew/frame-200.png
PLACES_CAPTURE: wrote /private/var/folders/sl/yxxj_m9n37sgntkntqw0x8yw0000gn/T/places-stage5-gpu-capture-bf50xaew/frame-201.png
[lighting-sequence] capture_attempt ready_frame=201 path=/private/var/folders/sl/yxxj_m9n37sgntkntqw0x8yw0000gn/T/places-stage5-gpu-capture-bf50xaew/frame-201.png
PLACES_CAPTURE: wrote /private/var/folders/sl/yxxj_m9n37sgntkntqw0x8yw0000gn/T/places-stage5-gpu-capture-bf50xaew/frame-202.png
[lighting-sequence] capture_attempt ready_frame=202 path=/private/var/folders/sl/yxxj_m9n37sgntkntqw0x8yw0000gn/T/places-stage5-gpu-capture-bf50xaew/frame-202.png
PLACES_CAPTURE: wrote /private/var/folders/sl/yxxj_m9n37sgntkntqw0x8yw0000gn/T/places-stage5-gpu-capture-bf50xaew/frame-203.png
[lighting-sequence] capture_attempt ready_frame=203 path=/private/var/folders/sl/yxxj_m9n37sgntkntqw0x8yw0000gn/T/places-stage5-gpu-capture-bf50xaew/frame-203.png
PLACES_CAPTURE: wrote /private/var/folders/sl/yxxj_m9n37sgntkntqw0x8yw0000gn/T/places-stage5-gpu-capture-bf50xaew/frame-204.png
[lighting-sequence] capture_attempt ready_frame=204 path=/private/var/folders/sl/yxxj_m9n37sgntkntqw0x8yw0000gn/T/places-stage5-gpu-capture-bf50xaew/frame-204.png
PLACES_CAPTURE: wrote /private/var/folders/sl/yxxj_m9n37sgntkntqw0x8yw0000gn/T/places-stage5-gpu-capture-bf50xaew/frame-205.png
[lighting-sequence] capture_attempt ready_frame=205 path=/private/var/folders/sl/yxxj_m9n37sgntkntqw0x8yw0000gn/T/places-stage5-gpu-capture-bf50xaew/frame-205.png
PLACES_CAPTURE: wrote /private/var/folders/sl/yxxj_m9n37sgntkntqw0x8yw0000gn/T/places-stage5-gpu-capture-bf50xaew/frame-206.png
[lighting-sequence] capture_attempt ready_frame=206 path=/private/var/folders/sl/yxxj_m9n37sgntkntqw0x8yw0000gn/T/places-stage5-gpu-capture-bf50xaew/frame-206.png
PLACES_CAPTURE: wrote /private/var/folders/sl/yxxj_m9n37sgntkntqw0x8yw0000gn/T/places-stage5-gpu-capture-bf50xaew/frame-207.png
[lighting-sequence] capture_attempt ready_frame=207 path=/private/var/folders/sl/yxxj_m9n37sgntkntqw0x8yw0000gn/T/places-stage5-gpu-capture-bf50xaew/frame-207.png
PLACES_CAPTURE: wrote /private/var/folders/sl/yxxj_m9n37sgntkntqw0x8yw0000gn/T/places-stage5-gpu-capture-bf50xaew/frame-208.png
[lighting-sequence] capture_attempt ready_frame=208 path=/private/var/folders/sl/yxxj_m9n37sgntkntqw0x8yw0000gn/T/places-stage5-gpu-capture-bf50xaew/frame-208.png
PLACES_CAPTURE: wrote /private/var/folders/sl/yxxj_m9n37sgntkntqw0x8yw0000gn/T/places-stage5-gpu-capture-bf50xaew/frame-209.png
[lighting-sequence] capture_attempt ready_frame=209 path=/private/var/folders/sl/yxxj_m9n37sgntkntqw0x8yw0000gn/T/places-stage5-gpu-capture-bf50xaew/frame-209.png
PLACES_CAPTURE: wrote /private/var/folders/sl/yxxj_m9n37sgntkntqw0x8yw0000gn/T/places-stage5-gpu-capture-bf50xaew/frame-210.png
[lighting-sequence] capture_attempt ready_frame=210 path=/private/var/folders/sl/yxxj_m9n37sgntkntqw0x8yw0000gn/T/places-stage5-gpu-capture-bf50xaew/frame-210.png
PLACES_CAPTURE: wrote /private/var/folders/sl/yxxj_m9n37sgntkntqw0x8yw0000gn/T/places-stage5-gpu-capture-bf50xaew/frame-211.png
[lighting-sequence] capture_attempt ready_frame=211 path=/private/var/folders/sl/yxxj_m9n37sgntkntqw0x8yw0000gn/T/places-stage5-gpu-capture-bf50xaew/frame-211.png
PLACES_CAPTURE: wrote /private/var/folders/sl/yxxj_m9n37sgntkntqw0x8yw0000gn/T/places-stage5-gpu-capture-bf50xaew/frame-212.png
[lighting-sequence] capture_attempt ready_frame=212 path=/private/var/folders/sl/yxxj_m9n37sgntkntqw0x8yw0000gn/T/places-stage5-gpu-capture-bf50xaew/frame-212.png
PLACES_CAPTURE: wrote /private/var/folders/sl/yxxj_m9n37sgntkntqw0x8yw0000gn/T/places-stage5-gpu-capture-bf50xaew/frame-213.png
[lighting-sequence] capture_attempt ready_frame=213 path=/private/var/folders/sl/yxxj_m9n37sgntkntqw0x8yw0000gn/T/places-stage5-gpu-capture-bf50xaew/frame-213.png
PLACES_CAPTURE: wrote /private/var/folders/sl/yxxj_m9n37sgntkntqw0x8yw0000gn/T/places-stage5-gpu-capture-bf50xaew/frame-214.png
[lighting-sequence] capture_attempt ready_frame=214 path=/private/var/folders/sl/yxxj_m9n37sgntkntqw0x8yw0000gn/T/places-stage5-gpu-capture-bf50xaew/frame-214.png
PLACES_CAPTURE: wrote /private/var/folders/sl/yxxj_m9n37sgntkntqw0x8yw0000gn/T/places-stage5-gpu-capture-bf50xaew/frame-215.png
[lighting-sequence] capture_attempt ready_frame=215 path=/private/var/folders/sl/yxxj_m9n37sgntkntqw0x8yw0000gn/T/places-stage5-gpu-capture-bf50xaew/frame-215.png
PLACES_CAPTURE: wrote /private/var/folders/sl/yxxj_m9n37sgntkntqw0x8yw0000gn/T/places-stage5-gpu-capture-bf50xaew/frame-216.png
[lighting-sequence] capture_attempt ready_frame=216 path=/private/var/folders/sl/yxxj_m9n37sgntkntqw0x8yw0000gn/T/places-stage5-gpu-capture-bf50xaew/frame-216.png
PLACES_CAPTURE: wrote /private/var/folders/sl/yxxj_m9n37sgntkntqw0x8yw0000gn/T/places-stage5-gpu-capture-bf50xaew/frame-217.png
[lighting-sequence] capture_attempt ready_frame=217 path=/private/var/folders/sl/yxxj_m9n37sgntkntqw0x8yw0000gn/T/places-stage5-gpu-capture-bf50xaew/frame-217.png
PLACES_CAPTURE: wrote /private/var/folders/sl/yxxj_m9n37sgntkntqw0x8yw0000gn/T/places-stage5-gpu-capture-bf50xaew/frame-218.png
[lighting-sequence] capture_attempt ready_frame=218 path=/private/var/folders/sl/yxxj_m9n37sgntkntqw0x8yw0000gn/T/places-stage5-gpu-capture-bf50xaew/frame-218.png
PLACES_CAPTURE: wrote /private/var/folders/sl/yxxj_m9n37sgntkntqw0x8yw0000gn/T/places-stage5-gpu-capture-bf50xaew/frame-219.png
[lighting-sequence] capture_attempt ready_frame=219 path=/private/var/folders/sl/yxxj_m9n37sgntkntqw0x8yw0000gn/T/places-stage5-gpu-capture-bf50xaew/frame-219.png
PLACES_CAPTURE: wrote /private/var/folders/sl/yxxj_m9n37sgntkntqw0x8yw0000gn/T/places-stage5-gpu-capture-bf50xaew/frame-220.png
[lighting-sequence] capture_attempt ready_frame=220 path=/private/var/folders/sl/yxxj_m9n37sgntkntqw0x8yw0000gn/T/places-stage5-gpu-capture-bf50xaew/frame-220.png
PLACES_CAPTURE: wrote /private/var/folders/sl/yxxj_m9n37sgntkntqw0x8yw0000gn/T/places-stage5-gpu-capture-bf50xaew/frame-221.png
[lighting-sequence] capture_attempt ready_frame=221 path=/private/var/folders/sl/yxxj_m9n37sgntkntqw0x8yw0000gn/T/places-stage5-gpu-capture-bf50xaew/frame-221.png
PLACES_CAPTURE: wrote /private/var/folders/sl/yxxj_m9n37sgntkntqw0x8yw0000gn/T/places-stage5-gpu-capture-bf50xaew/frame-222.png
[lighting-sequence] capture_attempt ready_frame=222 path=/private/var/folders/sl/yxxj_m9n37sgntkntqw0x8yw0000gn/T/places-stage5-gpu-capture-bf50xaew/frame-222.png
PLACES_CAPTURE: wrote /private/var/folders/sl/yxxj_m9n37sgntkntqw0x8yw0000gn/T/places-stage5-gpu-capture-bf50xaew/frame-223.png
[lighting-sequence] capture_attempt ready_frame=223 path=/private/var/folders/sl/yxxj_m9n37sgntkntqw0x8yw0000gn/T/places-stage5-gpu-capture-bf50xaew/frame-223.png
PLACES_CAPTURE: wrote /private/var/folders/sl/yxxj_m9n37sgntkntqw0x8yw0000gn/T/places-stage5-gpu-capture-bf50xaew/frame-224.png
[lighting-sequence] capture_attempt ready_frame=224 path=/private/var/folders/sl/yxxj_m9n37sgntkntqw0x8yw0000gn/T/places-stage5-gpu-capture-bf50xaew/frame-224.png
PLACES_CAPTURE: wrote /private/var/folders/sl/yxxj_m9n37sgntkntqw0x8yw0000gn/T/places-stage5-gpu-capture-bf50xaew/frame-225.png
[lighting-sequence] capture_attempt ready_frame=225 path=/private/var/folders/sl/yxxj_m9n37sgntkntqw0x8yw0000gn/T/places-stage5-gpu-capture-bf50xaew/frame-225.png
PLACES_CAPTURE: wrote /private/var/folders/sl/yxxj_m9n37sgntkntqw0x8yw0000gn/T/places-stage5-gpu-capture-bf50xaew/frame-226.png
[lighting-sequence] capture_attempt ready_frame=226 path=/private/var/folders/sl/yxxj_m9n37sgntkntqw0x8yw0000gn/T/places-stage5-gpu-capture-bf50xaew/frame-226.png
PLACES_CAPTURE: wrote /private/var/folders/sl/yxxj_m9n37sgntkntqw0x8yw0000gn/T/places-stage5-gpu-capture-bf50xaew/frame-227.png
[lighting-sequence] capture_attempt ready_frame=227 path=/private/var/folders/sl/yxxj_m9n37sgntkntqw0x8yw0000gn/T/places-stage5-gpu-capture-bf50xaew/frame-227.png
PLACES_CAPTURE: wrote /private/var/folders/sl/yxxj_m9n37sgntkntqw0x8yw0000gn/T/places-stage5-gpu-capture-bf50xaew/frame-228.png
[lighting-sequence] capture_attempt ready_frame=228 path=/private/var/folders/sl/yxxj_m9n37sgntkntqw0x8yw0000gn/T/places-stage5-gpu-capture-bf50xaew/frame-228.png
PLACES_CAPTURE: wrote /private/var/folders/sl/yxxj_m9n37sgntkntqw0x8yw0000gn/T/places-stage5-gpu-capture-bf50xaew/frame-229.png
[lighting-sequence] capture_attempt ready_frame=229 path=/private/var/folders/sl/yxxj_m9n37sgntkntqw0x8yw0000gn/T/places-stage5-gpu-capture-bf50xaew/frame-229.png
PLACES_CAPTURE: wrote /private/var/folders/sl/yxxj_m9n37sgntkntqw0x8yw0000gn/T/places-stage5-gpu-capture-bf50xaew/frame-230.png
[lighting-sequence] capture_attempt ready_frame=230 path=/private/var/folders/sl/yxxj_m9n37sgntkntqw0x8yw0000gn/T/places-stage5-gpu-capture-bf50xaew/frame-230.png
PLACES_CAPTURE: wrote /private/var/folders/sl/yxxj_m9n37sgntkntqw0x8yw0000gn/T/places-stage5-gpu-capture-bf50xaew/frame-231.png
[lighting-sequence] capture_attempt ready_frame=231 path=/private/var/folders/sl/yxxj_m9n37sgntkntqw0x8yw0000gn/T/places-stage5-gpu-capture-bf50xaew/frame-231.png
PLACES_CAPTURE: wrote /private/var/folders/sl/yxxj_m9n37sgntkntqw0x8yw0000gn/T/places-stage5-gpu-capture-bf50xaew/frame-232.png
[lighting-sequence] capture_attempt ready_frame=232 path=/private/var/folders/sl/yxxj_m9n37sgntkntqw0x8yw0000gn/T/places-stage5-gpu-capture-bf50xaew/frame-232.png
PLACES_CAPTURE: wrote /private/var/folders/sl/yxxj_m9n37sgntkntqw0x8yw0000gn/T/places-stage5-gpu-capture-bf50xaew/frame-233.png
[lighting-sequence] capture_attempt ready_frame=233 path=/private/var/folders/sl/yxxj_m9n37sgntkntqw0x8yw0000gn/T/places-stage5-gpu-capture-bf50xaew/frame-233.png
PLACES_CAPTURE: wrote /private/var/folders/sl/yxxj_m9n37sgntkntqw0x8yw0000gn/T/places-stage5-gpu-capture-bf50xaew/frame-234.png
[lighting-sequence] capture_attempt ready_frame=234 path=/private/var/folders/sl/yxxj_m9n37sgntkntqw0x8yw0000gn/T/places-stage5-gpu-capture-bf50xaew/frame-234.png
PLACES_CAPTURE: wrote /private/var/folders/sl/yxxj_m9n37sgntkntqw0x8yw0000gn/T/places-stage5-gpu-capture-bf50xaew/frame-235.png
[lighting-sequence] capture_attempt ready_frame=235 path=/private/var/folders/sl/yxxj_m9n37sgntkntqw0x8yw0000gn/T/places-stage5-gpu-capture-bf50xaew/frame-235.png
PLACES_CAPTURE: wrote /private/var/folders/sl/yxxj_m9n37sgntkntqw0x8yw0000gn/T/places-stage5-gpu-capture-bf50xaew/frame-236.png
[lighting-sequence] capture_attempt ready_frame=236 path=/private/var/folders/sl/yxxj_m9n37sgntkntqw0x8yw0000gn/T/places-stage5-gpu-capture-bf50xaew/frame-236.png
PLACES_CAPTURE: wrote /private/var/folders/sl/yxxj_m9n37sgntkntqw0x8yw0000gn/T/places-stage5-gpu-capture-bf50xaew/frame-237.png
[lighting-sequence] capture_attempt ready_frame=237 path=/private/var/folders/sl/yxxj_m9n37sgntkntqw0x8yw0000gn/T/places-stage5-gpu-capture-bf50xaew/frame-237.png
PLACES_CAPTURE: wrote /private/var/folders/sl/yxxj_m9n37sgntkntqw0x8yw0000gn/T/places-stage5-gpu-capture-bf50xaew/frame-238.png
[lighting-sequence] capture_attempt ready_frame=238 path=/private/var/folders/sl/yxxj_m9n37sgntkntqw0x8yw0000gn/T/places-stage5-gpu-capture-bf50xaew/frame-238.png
PLACES_CAPTURE: wrote /private/var/folders/sl/yxxj_m9n37sgntkntqw0x8yw0000gn/T/places-stage5-gpu-capture-bf50xaew/frame-239.png
[lighting-sequence] capture_attempt ready_frame=239 path=/private/var/folders/sl/yxxj_m9n37sgntkntqw0x8yw0000gn/T/places-stage5-gpu-capture-bf50xaew/frame-239.png
PLACES_CAPTURE: wrote /private/var/folders/sl/yxxj_m9n37sgntkntqw0x8yw0000gn/T/places-stage5-gpu-capture-bf50xaew/frame-240.png
[lighting-sequence] capture_attempt ready_frame=240 path=/private/var/folders/sl/yxxj_m9n37sgntkntqw0x8yw0000gn/T/places-stage5-gpu-capture-bf50xaew/frame-240.png
PLACES_CAPTURE: wrote /private/var/folders/sl/yxxj_m9n37sgntkntqw0x8yw0000gn/T/places-stage5-gpu-capture-bf50xaew/frame-241.png
[lighting-sequence] capture_attempt ready_frame=241 path=/private/var/folders/sl/yxxj_m9n37sgntkntqw0x8yw0000gn/T/places-stage5-gpu-capture-bf50xaew/frame-241.png
PLACES_CAPTURE: wrote /private/var/folders/sl/yxxj_m9n37sgntkntqw0x8yw0000gn/T/places-stage5-gpu-capture-bf50xaew/frame-242.png
[lighting-sequence] capture_attempt ready_frame=242 path=/private/var/folders/sl/yxxj_m9n37sgntkntqw0x8yw0000gn/T/places-stage5-gpu-capture-bf50xaew/frame-242.png
PLACES_CAPTURE: wrote /private/var/folders/sl/yxxj_m9n37sgntkntqw0x8yw0000gn/T/places-stage5-gpu-capture-bf50xaew/frame-243.png
[lighting-sequence] capture_attempt ready_frame=243 path=/private/var/folders/sl/yxxj_m9n37sgntkntqw0x8yw0000gn/T/places-stage5-gpu-capture-bf50xaew/frame-243.png
PLACES_CAPTURE: wrote /private/var/folders/sl/yxxj_m9n37sgntkntqw0x8yw0000gn/T/places-stage5-gpu-capture-bf50xaew/frame-244.png
[lighting-sequence] capture_attempt ready_frame=244 path=/private/var/folders/sl/yxxj_m9n37sgntkntqw0x8yw0000gn/T/places-stage5-gpu-capture-bf50xaew/frame-244.png
PLACES_CAPTURE: wrote /private/var/folders/sl/yxxj_m9n37sgntkntqw0x8yw0000gn/T/places-stage5-gpu-capture-bf50xaew/frame-245.png
[lighting-sequence] capture_attempt ready_frame=245 path=/private/var/folders/sl/yxxj_m9n37sgntkntqw0x8yw0000gn/T/places-stage5-gpu-capture-bf50xaew/frame-245.png
PLACES_CAPTURE: wrote /private/var/folders/sl/yxxj_m9n37sgntkntqw0x8yw0000gn/T/places-stage5-gpu-capture-bf50xaew/frame-246.png
[lighting-sequence] capture_attempt ready_frame=246 path=/private/var/folders/sl/yxxj_m9n37sgntkntqw0x8yw0000gn/T/places-stage5-gpu-capture-bf50xaew/frame-246.png
PLACES_CAPTURE: wrote /private/var/folders/sl/yxxj_m9n37sgntkntqw0x8yw0000gn/T/places-stage5-gpu-capture-bf50xaew/frame-247.png
[lighting-sequence] capture_attempt ready_frame=247 path=/private/var/folders/sl/yxxj_m9n37sgntkntqw0x8yw0000gn/T/places-stage5-gpu-capture-bf50xaew/frame-247.png
PLACES_CAPTURE: wrote /private/var/folders/sl/yxxj_m9n37sgntkntqw0x8yw0000gn/T/places-stage5-gpu-capture-bf50xaew/frame-248.png
[lighting-sequence] capture_attempt ready_frame=248 path=/private/var/folders/sl/yxxj_m9n37sgntkntqw0x8yw0000gn/T/places-stage5-gpu-capture-bf50xaew/frame-248.png
PLACES_CAPTURE: wrote /private/var/folders/sl/yxxj_m9n37sgntkntqw0x8yw0000gn/T/places-stage5-gpu-capture-bf50xaew/frame-249.png
[lighting-sequence] capture_attempt ready_frame=249 path=/private/var/folders/sl/yxxj_m9n37sgntkntqw0x8yw0000gn/T/places-stage5-gpu-capture-bf50xaew/frame-249.png
PLACES_CAPTURE: wrote /private/var/folders/sl/yxxj_m9n37sgntkntqw0x8yw0000gn/T/places-stage5-gpu-capture-bf50xaew/frame-250.png
[lighting-sequence] capture_attempt ready_frame=250 path=/private/var/folders/sl/yxxj_m9n37sgntkntqw0x8yw0000gn/T/places-stage5-gpu-capture-bf50xaew/frame-250.png
PLACES_CAPTURE: wrote /private/var/folders/sl/yxxj_m9n37sgntkntqw0x8yw0000gn/T/places-stage5-gpu-capture-bf50xaew/frame-251.png
[lighting-sequence] capture_attempt ready_frame=251 path=/private/var/folders/sl/yxxj_m9n37sgntkntqw0x8yw0000gn/T/places-stage5-gpu-capture-bf50xaew/frame-251.png
PLACES_CAPTURE: wrote /private/var/folders/sl/yxxj_m9n37sgntkntqw0x8yw0000gn/T/places-stage5-gpu-capture-bf50xaew/frame-252.png
[lighting-sequence] capture_attempt ready_frame=252 path=/private/var/folders/sl/yxxj_m9n37sgntkntqw0x8yw0000gn/T/places-stage5-gpu-capture-bf50xaew/frame-252.png
PLACES_CAPTURE: wrote /private/var/folders/sl/yxxj_m9n37sgntkntqw0x8yw0000gn/T/places-stage5-gpu-capture-bf50xaew/frame-253.png
[lighting-sequence] capture_attempt ready_frame=253 path=/private/var/folders/sl/yxxj_m9n37sgntkntqw0x8yw0000gn/T/places-stage5-gpu-capture-bf50xaew/frame-253.png
PLACES_CAPTURE: wrote /private/var/folders/sl/yxxj_m9n37sgntkntqw0x8yw0000gn/T/places-stage5-gpu-capture-bf50xaew/frame-254.png
[lighting-sequence] capture_attempt ready_frame=254 path=/private/var/folders/sl/yxxj_m9n37sgntkntqw0x8yw0000gn/T/places-stage5-gpu-capture-bf50xaew/frame-254.png
PLACES_CAPTURE: wrote /private/var/folders/sl/yxxj_m9n37sgntkntqw0x8yw0000gn/T/places-stage5-gpu-capture-bf50xaew/frame-255.png
[lighting-sequence] capture_attempt ready_frame=255 path=/private/var/folders/sl/yxxj_m9n37sgntkntqw0x8yw0000gn/T/places-stage5-gpu-capture-bf50xaew/frame-255.png
PLACES_CAPTURE: wrote /private/var/folders/sl/yxxj_m9n37sgntkntqw0x8yw0000gn/T/places-stage5-gpu-capture-bf50xaew/frame-256.png
[lighting-sequence] capture_attempt ready_frame=256 path=/private/var/folders/sl/yxxj_m9n37sgntkntqw0x8yw0000gn/T/places-stage5-gpu-capture-bf50xaew/frame-256.png
PLACES_CAPTURE: wrote /private/var/folders/sl/yxxj_m9n37sgntkntqw0x8yw0000gn/T/places-stage5-gpu-capture-bf50xaew/frame-257.png
[lighting-sequence] capture_attempt ready_frame=257 path=/private/var/folders/sl/yxxj_m9n37sgntkntqw0x8yw0000gn/T/places-stage5-gpu-capture-bf50xaew/frame-257.png
PLACES_CAPTURE: wrote /private/var/folders/sl/yxxj_m9n37sgntkntqw0x8yw0000gn/T/places-stage5-gpu-capture-bf50xaew/frame-258.png
[lighting-sequence] capture_attempt ready_frame=258 path=/private/var/folders/sl/yxxj_m9n37sgntkntqw0x8yw0000gn/T/places-stage5-gpu-capture-bf50xaew/frame-258.png
PLACES_CAPTURE: wrote /private/var/folders/sl/yxxj_m9n37sgntkntqw0x8yw0000gn/T/places-stage5-gpu-capture-bf50xaew/frame-259.png
[lighting-sequence] capture_attempt ready_frame=259 path=/private/var/folders/sl/yxxj_m9n37sgntkntqw0x8yw0000gn/T/places-stage5-gpu-capture-bf50xaew/frame-259.png
PLACES_CAPTURE: wrote /private/var/folders/sl/yxxj_m9n37sgntkntqw0x8yw0000gn/T/places-stage5-gpu-capture-bf50xaew/frame-260.png
[lighting-sequence] capture_attempt ready_frame=260 path=/private/var/folders/sl/yxxj_m9n37sgntkntqw0x8yw0000gn/T/places-stage5-gpu-capture-bf50xaew/frame-260.png
PLACES_CAPTURE: wrote /private/var/folders/sl/yxxj_m9n37sgntkntqw0x8yw0000gn/T/places-stage5-gpu-capture-bf50xaew/frame-261.png
[lighting-sequence] capture_attempt ready_frame=261 path=/private/var/folders/sl/yxxj_m9n37sgntkntqw0x8yw0000gn/T/places-stage5-gpu-capture-bf50xaew/frame-261.png
PLACES_CAPTURE: wrote /private/var/folders/sl/yxxj_m9n37sgntkntqw0x8yw0000gn/T/places-stage5-gpu-capture-bf50xaew/frame-262.png
[lighting-sequence] capture_attempt ready_frame=262 path=/private/var/folders/sl/yxxj_m9n37sgntkntqw0x8yw0000gn/T/places-stage5-gpu-capture-bf50xaew/frame-262.png
PLACES_CAPTURE: wrote /private/var/folders/sl/yxxj_m9n37sgntkntqw0x8yw0000gn/T/places-stage5-gpu-capture-bf50xaew/frame-263.png
[lighting-sequence] capture_attempt ready_frame=263 path=/private/var/folders/sl/yxxj_m9n37sgntkntqw0x8yw0000gn/T/places-stage5-gpu-capture-bf50xaew/frame-263.png
PLACES_CAPTURE: wrote /private/var/folders/sl/yxxj_m9n37sgntkntqw0x8yw0000gn/T/places-stage5-gpu-capture-bf50xaew/frame-264.png
[lighting-sequence] capture_attempt ready_frame=264 path=/private/var/folders/sl/yxxj_m9n37sgntkntqw0x8yw0000gn/T/places-stage5-gpu-capture-bf50xaew/frame-264.png
PLACES_CAPTURE: wrote /private/var/folders/sl/yxxj_m9n37sgntkntqw0x8yw0000gn/T/places-stage5-gpu-capture-bf50xaew/frame-265.png
[lighting-sequence] capture_attempt ready_frame=265 path=/private/var/folders/sl/yxxj_m9n37sgntkntqw0x8yw0000gn/T/places-stage5-gpu-capture-bf50xaew/frame-265.png
PLACES_CAPTURE: wrote /private/var/folders/sl/yxxj_m9n37sgntkntqw0x8yw0000gn/T/places-stage5-gpu-capture-bf50xaew/frame-266.png
[lighting-sequence] capture_attempt ready_frame=266 path=/private/var/folders/sl/yxxj_m9n37sgntkntqw0x8yw0000gn/T/places-stage5-gpu-capture-bf50xaew/frame-266.png
PLACES_CAPTURE: wrote /private/var/folders/sl/yxxj_m9n37sgntkntqw0x8yw0000gn/T/places-stage5-gpu-capture-bf50xaew/frame-267.png
[lighting-sequence] capture_attempt ready_frame=267 path=/private/var/folders/sl/yxxj_m9n37sgntkntqw0x8yw0000gn/T/places-stage5-gpu-capture-bf50xaew/frame-267.png
PLACES_CAPTURE: wrote /private/var/folders/sl/yxxj_m9n37sgntkntqw0x8yw0000gn/T/places-stage5-gpu-capture-bf50xaew/frame-268.png
[lighting-sequence] capture_attempt ready_frame=268 path=/private/var/folders/sl/yxxj_m9n37sgntkntqw0x8yw0000gn/T/places-stage5-gpu-capture-bf50xaew/frame-268.png
PLACES_CAPTURE: wrote /private/var/folders/sl/yxxj_m9n37sgntkntqw0x8yw0000gn/T/places-stage5-gpu-capture-bf50xaew/frame-269.png
[lighting-sequence] capture_attempt ready_frame=269 path=/private/var/folders/sl/yxxj_m9n37sgntkntqw0x8yw0000gn/T/places-stage5-gpu-capture-bf50xaew/frame-269.png
PLACES_CAPTURE: wrote /private/var/folders/sl/yxxj_m9n37sgntkntqw0x8yw0000gn/T/places-stage5-gpu-capture-bf50xaew/frame-270.png
[lighting-sequence] capture_attempt ready_frame=270 path=/private/var/folders/sl/yxxj_m9n37sgntkntqw0x8yw0000gn/T/places-stage5-gpu-capture-bf50xaew/frame-270.png
PLACES_CAPTURE: wrote /private/var/folders/sl/yxxj_m9n37sgntkntqw0x8yw0000gn/T/places-stage5-gpu-capture-bf50xaew/frame-271.png
[lighting-sequence] capture_attempt ready_frame=271 path=/private/var/folders/sl/yxxj_m9n37sgntkntqw0x8yw0000gn/T/places-stage5-gpu-capture-bf50xaew/frame-271.png
PLACES_CAPTURE: wrote /private/var/folders/sl/yxxj_m9n37sgntkntqw0x8yw0000gn/T/places-stage5-gpu-capture-bf50xaew/frame-272.png
[lighting-sequence] capture_attempt ready_frame=272 path=/private/var/folders/sl/yxxj_m9n37sgntkntqw0x8yw0000gn/T/places-stage5-gpu-capture-bf50xaew/frame-272.png
PLACES_CAPTURE: wrote /private/var/folders/sl/yxxj_m9n37sgntkntqw0x8yw0000gn/T/places-stage5-gpu-capture-bf50xaew/frame-273.png
[lighting-sequence] capture_attempt ready_frame=273 path=/private/var/folders/sl/yxxj_m9n37sgntkntqw0x8yw0000gn/T/places-stage5-gpu-capture-bf50xaew/frame-273.png
PLACES_CAPTURE: wrote /private/var/folders/sl/yxxj_m9n37sgntkntqw0x8yw0000gn/T/places-stage5-gpu-capture-bf50xaew/frame-274.png
[lighting-sequence] capture_attempt ready_frame=274 path=/private/var/folders/sl/yxxj_m9n37sgntkntqw0x8yw0000gn/T/places-stage5-gpu-capture-bf50xaew/frame-274.png
PLACES_CAPTURE: wrote /private/var/folders/sl/yxxj_m9n37sgntkntqw0x8yw0000gn/T/places-stage5-gpu-capture-bf50xaew/frame-275.png
[lighting-sequence] capture_attempt ready_frame=275 path=/private/var/folders/sl/yxxj_m9n37sgntkntqw0x8yw0000gn/T/places-stage5-gpu-capture-bf50xaew/frame-275.png
PLACES_CAPTURE: wrote /private/var/folders/sl/yxxj_m9n37sgntkntqw0x8yw0000gn/T/places-stage5-gpu-capture-bf50xaew/frame-276.png
[lighting-sequence] capture_attempt ready_frame=276 path=/private/var/folders/sl/yxxj_m9n37sgntkntqw0x8yw0000gn/T/places-stage5-gpu-capture-bf50xaew/frame-276.png
PLACES_CAPTURE: wrote /private/var/folders/sl/yxxj_m9n37sgntkntqw0x8yw0000gn/T/places-stage5-gpu-capture-bf50xaew/frame-277.png
[lighting-sequence] capture_attempt ready_frame=277 path=/private/var/folders/sl/yxxj_m9n37sgntkntqw0x8yw0000gn/T/places-stage5-gpu-capture-bf50xaew/frame-277.png
PLACES_CAPTURE: wrote /private/var/folders/sl/yxxj_m9n37sgntkntqw0x8yw0000gn/T/places-stage5-gpu-capture-bf50xaew/frame-278.png
[lighting-sequence] capture_attempt ready_frame=278 path=/private/var/folders/sl/yxxj_m9n37sgntkntqw0x8yw0000gn/T/places-stage5-gpu-capture-bf50xaew/frame-278.png
PLACES_CAPTURE: wrote /private/var/folders/sl/yxxj_m9n37sgntkntqw0x8yw0000gn/T/places-stage5-gpu-capture-bf50xaew/frame-279.png
[lighting-sequence] capture_attempt ready_frame=279 path=/private/var/folders/sl/yxxj_m9n37sgntkntqw0x8yw0000gn/T/places-stage5-gpu-capture-bf50xaew/frame-279.png
PLACES_CAPTURE: wrote /private/var/folders/sl/yxxj_m9n37sgntkntqw0x8yw0000gn/T/places-stage5-gpu-capture-bf50xaew/frame-280.png
[lighting-sequence] capture_attempt ready_frame=280 path=/private/var/folders/sl/yxxj_m9n37sgntkntqw0x8yw0000gn/T/places-stage5-gpu-capture-bf50xaew/frame-280.png
PLACES_CAPTURE: wrote /private/var/folders/sl/yxxj_m9n37sgntkntqw0x8yw0000gn/T/places-stage5-gpu-capture-bf50xaew/frame-281.png
[lighting-sequence] capture_attempt ready_frame=281 path=/private/var/folders/sl/yxxj_m9n37sgntkntqw0x8yw0000gn/T/places-stage5-gpu-capture-bf50xaew/frame-281.png
PLACES_CAPTURE: wrote /private/var/folders/sl/yxxj_m9n37sgntkntqw0x8yw0000gn/T/places-stage5-gpu-capture-bf50xaew/frame-282.png
[lighting-sequence] capture_attempt ready_frame=282 path=/private/var/folders/sl/yxxj_m9n37sgntkntqw0x8yw0000gn/T/places-stage5-gpu-capture-bf50xaew/frame-282.png
PLACES_CAPTURE: wrote /private/var/folders/sl/yxxj_m9n37sgntkntqw0x8yw0000gn/T/places-stage5-gpu-capture-bf50xaew/frame-283.png
[lighting-sequence] capture_attempt ready_frame=283 path=/private/var/folders/sl/yxxj_m9n37sgntkntqw0x8yw0000gn/T/places-stage5-gpu-capture-bf50xaew/frame-283.png
PLACES_CAPTURE: wrote /private/var/folders/sl/yxxj_m9n37sgntkntqw0x8yw0000gn/T/places-stage5-gpu-capture-bf50xaew/frame-284.png
[lighting-sequence] capture_attempt ready_frame=284 path=/private/var/folders/sl/yxxj_m9n37sgntkntqw0x8yw0000gn/T/places-stage5-gpu-capture-bf50xaew/frame-284.png
PLACES_CAPTURE: wrote /private/var/folders/sl/yxxj_m9n37sgntkntqw0x8yw0000gn/T/places-stage5-gpu-capture-bf50xaew/frame-285.png
[lighting-sequence] capture_attempt ready_frame=285 path=/private/var/folders/sl/yxxj_m9n37sgntkntqw0x8yw0000gn/T/places-stage5-gpu-capture-bf50xaew/frame-285.png
PLACES_CAPTURE: wrote /private/var/folders/sl/yxxj_m9n37sgntkntqw0x8yw0000gn/T/places-stage5-gpu-capture-bf50xaew/frame-286.png
[lighting-sequence] capture_attempt ready_frame=286 path=/private/var/folders/sl/yxxj_m9n37sgntkntqw0x8yw0000gn/T/places-stage5-gpu-capture-bf50xaew/frame-286.png
PLACES_CAPTURE: wrote /private/var/folders/sl/yxxj_m9n37sgntkntqw0x8yw0000gn/T/places-stage5-gpu-capture-bf50xaew/frame-287.png
[lighting-sequence] capture_attempt ready_frame=287 path=/private/var/folders/sl/yxxj_m9n37sgntkntqw0x8yw0000gn/T/places-stage5-gpu-capture-bf50xaew/frame-287.png
PLACES_CAPTURE: wrote /private/var/folders/sl/yxxj_m9n37sgntkntqw0x8yw0000gn/T/places-stage5-gpu-capture-bf50xaew/frame-288.png
[lighting-sequence] capture_attempt ready_frame=288 path=/private/var/folders/sl/yxxj_m9n37sgntkntqw0x8yw0000gn/T/places-stage5-gpu-capture-bf50xaew/frame-288.png
PLACES_CAPTURE: wrote /private/var/folders/sl/yxxj_m9n37sgntkntqw0x8yw0000gn/T/places-stage5-gpu-capture-bf50xaew/frame-289.png
[lighting-sequence] capture_attempt ready_frame=289 path=/private/var/folders/sl/yxxj_m9n37sgntkntqw0x8yw0000gn/T/places-stage5-gpu-capture-bf50xaew/frame-289.png
PLACES_CAPTURE: wrote /private/var/folders/sl/yxxj_m9n37sgntkntqw0x8yw0000gn/T/places-stage5-gpu-capture-bf50xaew/frame-290.png
[lighting-sequence] capture_attempt ready_frame=290 path=/private/var/folders/sl/yxxj_m9n37sgntkntqw0x8yw0000gn/T/places-stage5-gpu-capture-bf50xaew/frame-290.png
PLACES_CAPTURE: wrote /private/var/folders/sl/yxxj_m9n37sgntkntqw0x8yw0000gn/T/places-stage5-gpu-capture-bf50xaew/frame-291.png
[lighting-sequence] capture_attempt ready_frame=291 path=/private/var/folders/sl/yxxj_m9n37sgntkntqw0x8yw0000gn/T/places-stage5-gpu-capture-bf50xaew/frame-291.png
PLACES_CAPTURE: wrote /private/var/folders/sl/yxxj_m9n37sgntkntqw0x8yw0000gn/T/places-stage5-gpu-capture-bf50xaew/frame-292.png
[lighting-sequence] capture_attempt ready_frame=292 path=/private/var/folders/sl/yxxj_m9n37sgntkntqw0x8yw0000gn/T/places-stage5-gpu-capture-bf50xaew/frame-292.png
PLACES_CAPTURE: wrote /private/var/folders/sl/yxxj_m9n37sgntkntqw0x8yw0000gn/T/places-stage5-gpu-capture-bf50xaew/frame-293.png
[lighting-sequence] capture_attempt ready_frame=293 path=/private/var/folders/sl/yxxj_m9n37sgntkntqw0x8yw0000gn/T/places-stage5-gpu-capture-bf50xaew/frame-293.png
PLACES_CAPTURE: wrote /private/var/folders/sl/yxxj_m9n37sgntkntqw0x8yw0000gn/T/places-stage5-gpu-capture-bf50xaew/frame-294.png
[lighting-sequence] capture_attempt ready_frame=294 path=/private/var/folders/sl/yxxj_m9n37sgntkntqw0x8yw0000gn/T/places-stage5-gpu-capture-bf50xaew/frame-294.png
PLACES_CAPTURE: wrote /private/var/folders/sl/yxxj_m9n37sgntkntqw0x8yw0000gn/T/places-stage5-gpu-capture-bf50xaew/frame-295.png
[lighting-sequence] capture_attempt ready_frame=295 path=/private/var/folders/sl/yxxj_m9n37sgntkntqw0x8yw0000gn/T/places-stage5-gpu-capture-bf50xaew/frame-295.png
PLACES_CAPTURE: wrote /private/var/folders/sl/yxxj_m9n37sgntkntqw0x8yw0000gn/T/places-stage5-gpu-capture-bf50xaew/frame-296.png
[lighting-sequence] capture_attempt ready_frame=296 path=/private/var/folders/sl/yxxj_m9n37sgntkntqw0x8yw0000gn/T/places-stage5-gpu-capture-bf50xaew/frame-296.png
PLACES_CAPTURE: wrote /private/var/folders/sl/yxxj_m9n37sgntkntqw0x8yw0000gn/T/places-stage5-gpu-capture-bf50xaew/frame-297.png
[lighting-sequence] capture_attempt ready_frame=297 path=/private/var/folders/sl/yxxj_m9n37sgntkntqw0x8yw0000gn/T/places-stage5-gpu-capture-bf50xaew/frame-297.png
PLACES_CAPTURE: wrote /private/var/folders/sl/yxxj_m9n37sgntkntqw0x8yw0000gn/T/places-stage5-gpu-capture-bf50xaew/frame-298.png
[lighting-sequence] capture_attempt ready_frame=298 path=/private/var/folders/sl/yxxj_m9n37sgntkntqw0x8yw0000gn/T/places-stage5-gpu-capture-bf50xaew/frame-298.png
PLACES_CAPTURE: wrote /private/var/folders/sl/yxxj_m9n37sgntkntqw0x8yw0000gn/T/places-stage5-gpu-capture-bf50xaew/frame-299.png
[lighting-sequence] capture_attempt ready_frame=299 path=/private/var/folders/sl/yxxj_m9n37sgntkntqw0x8yw0000gn/T/places-stage5-gpu-capture-bf50xaew/frame-299.png
PLACES_CAPTURE: wrote /private/var/folders/sl/yxxj_m9n37sgntkntqw0x8yw0000gn/T/places-stage5-gpu-capture-bf50xaew/frame-300.png
[lighting-sequence] capture_attempt ready_frame=300 path=/private/var/folders/sl/yxxj_m9n37sgntkntqw0x8yw0000gn/T/places-stage5-gpu-capture-bf50xaew/frame-300.png
PLACES_CAPTURE: wrote /private/var/folders/sl/yxxj_m9n37sgntkntqw0x8yw0000gn/T/places-stage5-gpu-capture-bf50xaew/frame-301.png
[lighting-sequence] capture_attempt ready_frame=301 path=/private/var/folders/sl/yxxj_m9n37sgntkntqw0x8yw0000gn/T/places-stage5-gpu-capture-bf50xaew/frame-301.png
PLACES_CAPTURE: wrote /private/var/folders/sl/yxxj_m9n37sgntkntqw0x8yw0000gn/T/places-stage5-gpu-capture-bf50xaew/frame-302.png
[lighting-sequence] capture_attempt ready_frame=302 path=/private/var/folders/sl/yxxj_m9n37sgntkntqw0x8yw0000gn/T/places-stage5-gpu-capture-bf50xaew/frame-302.png
PLACES_CAPTURE: wrote /private/var/folders/sl/yxxj_m9n37sgntkntqw0x8yw0000gn/T/places-stage5-gpu-capture-bf50xaew/frame-303.png
[lighting-sequence] capture_attempt ready_frame=303 path=/private/var/folders/sl/yxxj_m9n37sgntkntqw0x8yw0000gn/T/places-stage5-gpu-capture-bf50xaew/frame-303.png
PLACES_CAPTURE: wrote /private/var/folders/sl/yxxj_m9n37sgntkntqw0x8yw0000gn/T/places-stage5-gpu-capture-bf50xaew/frame-304.png
[lighting-sequence] capture_attempt ready_frame=304 path=/private/var/folders/sl/yxxj_m9n37sgntkntqw0x8yw0000gn/T/places-stage5-gpu-capture-bf50xaew/frame-304.png
PLACES_CAPTURE: wrote /private/var/folders/sl/yxxj_m9n37sgntkntqw0x8yw0000gn/T/places-stage5-gpu-capture-bf50xaew/frame-305.png
[lighting-sequence] capture_attempt ready_frame=305 path=/private/var/folders/sl/yxxj_m9n37sgntkntqw0x8yw0000gn/T/places-stage5-gpu-capture-bf50xaew/frame-305.png
PLACES_CAPTURE: wrote /private/var/folders/sl/yxxj_m9n37sgntkntqw0x8yw0000gn/T/places-stage5-gpu-capture-bf50xaew/frame-306.png
[lighting-sequence] capture_attempt ready_frame=306 path=/private/var/folders/sl/yxxj_m9n37sgntkntqw0x8yw0000gn/T/places-stage5-gpu-capture-bf50xaew/frame-306.png
PLACES_CAPTURE: wrote /private/var/folders/sl/yxxj_m9n37sgntkntqw0x8yw0000gn/T/places-stage5-gpu-capture-bf50xaew/frame-307.png
[lighting-sequence] capture_attempt ready_frame=307 path=/private/var/folders/sl/yxxj_m9n37sgntkntqw0x8yw0000gn/T/places-stage5-gpu-capture-bf50xaew/frame-307.png
PLACES_CAPTURE: wrote /private/var/folders/sl/yxxj_m9n37sgntkntqw0x8yw0000gn/T/places-stage5-gpu-capture-bf50xaew/frame-308.png
[lighting-sequence] capture_attempt ready_frame=308 path=/private/var/folders/sl/yxxj_m9n37sgntkntqw0x8yw0000gn/T/places-stage5-gpu-capture-bf50xaew/frame-308.png
PLACES_CAPTURE: wrote /private/var/folders/sl/yxxj_m9n37sgntkntqw0x8yw0000gn/T/places-stage5-gpu-capture-bf50xaew/frame-309.png
[lighting-sequence] capture_attempt ready_frame=309 path=/private/var/folders/sl/yxxj_m9n37sgntkntqw0x8yw0000gn/T/places-stage5-gpu-capture-bf50xaew/frame-309.png
PLACES_CAPTURE: wrote /private/var/folders/sl/yxxj_m9n37sgntkntqw0x8yw0000gn/T/places-stage5-gpu-capture-bf50xaew/frame-310.png
[lighting-sequence] capture_attempt ready_frame=310 path=/private/var/folders/sl/yxxj_m9n37sgntkntqw0x8yw0000gn/T/places-stage5-gpu-capture-bf50xaew/frame-310.png
PLACES_CAPTURE: wrote /private/var/folders/sl/yxxj_m9n37sgntkntqw0x8yw0000gn/T/places-stage5-gpu-capture-bf50xaew/frame-311.png
[lighting-sequence] capture_attempt ready_frame=311 path=/private/var/folders/sl/yxxj_m9n37sgntkntqw0x8yw0000gn/T/places-stage5-gpu-capture-bf50xaew/frame-311.png
PLACES_CAPTURE: wrote /private/var/folders/sl/yxxj_m9n37sgntkntqw0x8yw0000gn/T/places-stage5-gpu-capture-bf50xaew/frame-312.png
[lighting-sequence] capture_attempt ready_frame=312 path=/private/var/folders/sl/yxxj_m9n37sgntkntqw0x8yw0000gn/T/places-stage5-gpu-capture-bf50xaew/frame-312.png
PLACES_CAPTURE: wrote /private/var/folders/sl/yxxj_m9n37sgntkntqw0x8yw0000gn/T/places-stage5-gpu-capture-bf50xaew/frame-313.png
[lighting-sequence] capture_attempt ready_frame=313 path=/private/var/folders/sl/yxxj_m9n37sgntkntqw0x8yw0000gn/T/places-stage5-gpu-capture-bf50xaew/frame-313.png
PLACES_CAPTURE: wrote /private/var/folders/sl/yxxj_m9n37sgntkntqw0x8yw0000gn/T/places-stage5-gpu-capture-bf50xaew/frame-314.png
[lighting-sequence] capture_attempt ready_frame=314 path=/private/var/folders/sl/yxxj_m9n37sgntkntqw0x8yw0000gn/T/places-stage5-gpu-capture-bf50xaew/frame-314.png
PLACES_CAPTURE: wrote /private/var/folders/sl/yxxj_m9n37sgntkntqw0x8yw0000gn/T/places-stage5-gpu-capture-bf50xaew/frame-315.png
[lighting-sequence] capture_attempt ready_frame=315 path=/private/var/folders/sl/yxxj_m9n37sgntkntqw0x8yw0000gn/T/places-stage5-gpu-capture-bf50xaew/frame-315.png
PLACES_CAPTURE: wrote /private/var/folders/sl/yxxj_m9n37sgntkntqw0x8yw0000gn/T/places-stage5-gpu-capture-bf50xaew/frame-316.png
[lighting-sequence] capture_attempt ready_frame=316 path=/private/var/folders/sl/yxxj_m9n37sgntkntqw0x8yw0000gn/T/places-stage5-gpu-capture-bf50xaew/frame-316.png
PLACES_CAPTURE: wrote /private/var/folders/sl/yxxj_m9n37sgntkntqw0x8yw0000gn/T/places-stage5-gpu-capture-bf50xaew/frame-317.png
[lighting-sequence] capture_attempt ready_frame=317 path=/private/var/folders/sl/yxxj_m9n37sgntkntqw0x8yw0000gn/T/places-stage5-gpu-capture-bf50xaew/frame-317.png
PLACES_CAPTURE: wrote /private/var/folders/sl/yxxj_m9n37sgntkntqw0x8yw0000gn/T/places-stage5-gpu-capture-bf50xaew/frame-318.png
[lighting-sequence] capture_attempt ready_frame=318 path=/private/var/folders/sl/yxxj_m9n37sgntkntqw0x8yw0000gn/T/places-stage5-gpu-capture-bf50xaew/frame-318.png
PLACES_CAPTURE: wrote /private/var/folders/sl/yxxj_m9n37sgntkntqw0x8yw0000gn/T/places-stage5-gpu-capture-bf50xaew/frame-319.png
[lighting-sequence] capture_attempt ready_frame=319 path=/private/var/folders/sl/yxxj_m9n37sgntkntqw0x8yw0000gn/T/places-stage5-gpu-capture-bf50xaew/frame-319.png
PLACES_CAPTURE: wrote /private/var/folders/sl/yxxj_m9n37sgntkntqw0x8yw0000gn/T/places-stage5-gpu-capture-bf50xaew/frame-320.png
[lighting-sequence] capture_attempt ready_frame=320 path=/private/var/folders/sl/yxxj_m9n37sgntkntqw0x8yw0000gn/T/places-stage5-gpu-capture-bf50xaew/frame-320.png
PLACES_CAPTURE: wrote /private/var/folders/sl/yxxj_m9n37sgntkntqw0x8yw0000gn/T/places-stage5-gpu-capture-bf50xaew/frame-321.png
[lighting-sequence] capture_attempt ready_frame=321 path=/private/var/folders/sl/yxxj_m9n37sgntkntqw0x8yw0000gn/T/places-stage5-gpu-capture-bf50xaew/frame-321.png
PLACES_CAPTURE: wrote /private/var/folders/sl/yxxj_m9n37sgntkntqw0x8yw0000gn/T/places-stage5-gpu-capture-bf50xaew/frame-322.png
[lighting-sequence] capture_attempt ready_frame=322 path=/private/var/folders/sl/yxxj_m9n37sgntkntqw0x8yw0000gn/T/places-stage5-gpu-capture-bf50xaew/frame-322.png
PLACES_CAPTURE: wrote /private/var/folders/sl/yxxj_m9n37sgntkntqw0x8yw0000gn/T/places-stage5-gpu-capture-bf50xaew/frame-323.png
[lighting-sequence] capture_attempt ready_frame=323 path=/private/var/folders/sl/yxxj_m9n37sgntkntqw0x8yw0000gn/T/places-stage5-gpu-capture-bf50xaew/frame-323.png
PLACES_CAPTURE: wrote /private/var/folders/sl/yxxj_m9n37sgntkntqw0x8yw0000gn/T/places-stage5-gpu-capture-bf50xaew/frame-324.png
[lighting-sequence] capture_attempt ready_frame=324 path=/private/var/folders/sl/yxxj_m9n37sgntkntqw0x8yw0000gn/T/places-stage5-gpu-capture-bf50xaew/frame-324.png
PLACES_CAPTURE: wrote /private/var/folders/sl/yxxj_m9n37sgntkntqw0x8yw0000gn/T/places-stage5-gpu-capture-bf50xaew/frame-325.png
[lighting-sequence] capture_attempt ready_frame=325 path=/private/var/folders/sl/yxxj_m9n37sgntkntqw0x8yw0000gn/T/places-stage5-gpu-capture-bf50xaew/frame-325.png
PLACES_CAPTURE: wrote /private/var/folders/sl/yxxj_m9n37sgntkntqw0x8yw0000gn/T/places-stage5-gpu-capture-bf50xaew/frame-326.png
[lighting-sequence] capture_attempt ready_frame=326 path=/private/var/folders/sl/yxxj_m9n37sgntkntqw0x8yw0000gn/T/places-stage5-gpu-capture-bf50xaew/frame-326.png
PLACES_CAPTURE: wrote /private/var/folders/sl/yxxj_m9n37sgntkntqw0x8yw0000gn/T/places-stage5-gpu-capture-bf50xaew/frame-327.png
[lighting-sequence] capture_attempt ready_frame=327 path=/private/var/folders/sl/yxxj_m9n37sgntkntqw0x8yw0000gn/T/places-stage5-gpu-capture-bf50xaew/frame-327.png
PLACES_CAPTURE: wrote /private/var/folders/sl/yxxj_m9n37sgntkntqw0x8yw0000gn/T/places-stage5-gpu-capture-bf50xaew/frame-328.png
[lighting-sequence] capture_attempt ready_frame=328 path=/private/var/folders/sl/yxxj_m9n37sgntkntqw0x8yw0000gn/T/places-stage5-gpu-capture-bf50xaew/frame-328.png
PLACES_CAPTURE: wrote /private/var/folders/sl/yxxj_m9n37sgntkntqw0x8yw0000gn/T/places-stage5-gpu-capture-bf50xaew/frame-329.png
[lighting-sequence] capture_attempt ready_frame=329 path=/private/var/folders/sl/yxxj_m9n37sgntkntqw0x8yw0000gn/T/places-stage5-gpu-capture-bf50xaew/frame-329.png
PLACES_CAPTURE: wrote /private/var/folders/sl/yxxj_m9n37sgntkntqw0x8yw0000gn/T/places-stage5-gpu-capture-bf50xaew/frame-330.png
[lighting-sequence] capture_attempt ready_frame=330 path=/private/var/folders/sl/yxxj_m9n37sgntkntqw0x8yw0000gn/T/places-stage5-gpu-capture-bf50xaew/frame-330.png
PLACES_CAPTURE: wrote /private/var/folders/sl/yxxj_m9n37sgntkntqw0x8yw0000gn/T/places-stage5-gpu-capture-bf50xaew/frame-331.png
[lighting-sequence] capture_attempt ready_frame=331 path=/private/var/folders/sl/yxxj_m9n37sgntkntqw0x8yw0000gn/T/places-stage5-gpu-capture-bf50xaew/frame-331.png
PLACES_CAPTURE: wrote /private/var/folders/sl/yxxj_m9n37sgntkntqw0x8yw0000gn/T/places-stage5-gpu-capture-bf50xaew/frame-332.png
[lighting-sequence] capture_attempt ready_frame=332 path=/private/var/folders/sl/yxxj_m9n37sgntkntqw0x8yw0000gn/T/places-stage5-gpu-capture-bf50xaew/frame-332.png
PLACES_CAPTURE: wrote /private/var/folders/sl/yxxj_m9n37sgntkntqw0x8yw0000gn/T/places-stage5-gpu-capture-bf50xaew/frame-333.png
[lighting-sequence] capture_attempt ready_frame=333 path=/private/var/folders/sl/yxxj_m9n37sgntkntqw0x8yw0000gn/T/places-stage5-gpu-capture-bf50xaew/frame-333.png
PLACES_CAPTURE: wrote /private/var/folders/sl/yxxj_m9n37sgntkntqw0x8yw0000gn/T/places-stage5-gpu-capture-bf50xaew/frame-334.png
[lighting-sequence] capture_attempt ready_frame=334 path=/private/var/folders/sl/yxxj_m9n37sgntkntqw0x8yw0000gn/T/places-stage5-gpu-capture-bf50xaew/frame-334.png
PLACES_CAPTURE: wrote /private/var/folders/sl/yxxj_m9n37sgntkntqw0x8yw0000gn/T/places-stage5-gpu-capture-bf50xaew/frame-335.png
[lighting-sequence] capture_attempt ready_frame=335 path=/private/var/folders/sl/yxxj_m9n37sgntkntqw0x8yw0000gn/T/places-stage5-gpu-capture-bf50xaew/frame-335.png
PLACES_CAPTURE: wrote /private/var/folders/sl/yxxj_m9n37sgntkntqw0x8yw0000gn/T/places-stage5-gpu-capture-bf50xaew/frame-336.png
[lighting-sequence] capture_attempt ready_frame=336 path=/private/var/folders/sl/yxxj_m9n37sgntkntqw0x8yw0000gn/T/places-stage5-gpu-capture-bf50xaew/frame-336.png
PLACES_CAPTURE: wrote /private/var/folders/sl/yxxj_m9n37sgntkntqw0x8yw0000gn/T/places-stage5-gpu-capture-bf50xaew/frame-337.png
[lighting-sequence] capture_attempt ready_frame=337 path=/private/var/folders/sl/yxxj_m9n37sgntkntqw0x8yw0000gn/T/places-stage5-gpu-capture-bf50xaew/frame-337.png
PLACES_CAPTURE: wrote /private/var/folders/sl/yxxj_m9n37sgntkntqw0x8yw0000gn/T/places-stage5-gpu-capture-bf50xaew/frame-338.png
[lighting-sequence] capture_attempt ready_frame=338 path=/private/var/folders/sl/yxxj_m9n37sgntkntqw0x8yw0000gn/T/places-stage5-gpu-capture-bf50xaew/frame-338.png
PLACES_CAPTURE: wrote /private/var/folders/sl/yxxj_m9n37sgntkntqw0x8yw0000gn/T/places-stage5-gpu-capture-bf50xaew/frame-339.png
[lighting-sequence] capture_attempt ready_frame=339 path=/private/var/folders/sl/yxxj_m9n37sgntkntqw0x8yw0000gn/T/places-stage5-gpu-capture-bf50xaew/frame-339.png
PLACES_CAPTURE: wrote /private/var/folders/sl/yxxj_m9n37sgntkntqw0x8yw0000gn/T/places-stage5-gpu-capture-bf50xaew/frame-340.png
[lighting-sequence] capture_attempt ready_frame=340 path=/private/var/folders/sl/yxxj_m9n37sgntkntqw0x8yw0000gn/T/places-stage5-gpu-capture-bf50xaew/frame-340.png
PLACES_CAPTURE: wrote /private/var/folders/sl/yxxj_m9n37sgntkntqw0x8yw0000gn/T/places-stage5-gpu-capture-bf50xaew/frame-341.png
[lighting-sequence] capture_attempt ready_frame=341 path=/private/var/folders/sl/yxxj_m9n37sgntkntqw0x8yw0000gn/T/places-stage5-gpu-capture-bf50xaew/frame-341.png
PLACES_CAPTURE: wrote /private/var/folders/sl/yxxj_m9n37sgntkntqw0x8yw0000gn/T/places-stage5-gpu-capture-bf50xaew/frame-342.png
[lighting-sequence] capture_attempt ready_frame=342 path=/private/var/folders/sl/yxxj_m9n37sgntkntqw0x8yw0000gn/T/places-stage5-gpu-capture-bf50xaew/frame-342.png
PLACES_CAPTURE: wrote /private/var/folders/sl/yxxj_m9n37sgntkntqw0x8yw0000gn/T/places-stage5-gpu-capture-bf50xaew/frame-343.png
[lighting-sequence] capture_attempt ready_frame=343 path=/private/var/folders/sl/yxxj_m9n37sgntkntqw0x8yw0000gn/T/places-stage5-gpu-capture-bf50xaew/frame-343.png
PLACES_CAPTURE: wrote /private/var/folders/sl/yxxj_m9n37sgntkntqw0x8yw0000gn/T/places-stage5-gpu-capture-bf50xaew/frame-344.png
[lighting-sequence] capture_attempt ready_frame=344 path=/private/var/folders/sl/yxxj_m9n37sgntkntqw0x8yw0000gn/T/places-stage5-gpu-capture-bf50xaew/frame-344.png
PLACES_CAPTURE: wrote /private/var/folders/sl/yxxj_m9n37sgntkntqw0x8yw0000gn/T/places-stage5-gpu-capture-bf50xaew/frame-345.png
[lighting-sequence] capture_attempt ready_frame=345 path=/private/var/folders/sl/yxxj_m9n37sgntkntqw0x8yw0000gn/T/places-stage5-gpu-capture-bf50xaew/frame-345.png
PLACES_CAPTURE: wrote /private/var/folders/sl/yxxj_m9n37sgntkntqw0x8yw0000gn/T/places-stage5-gpu-capture-bf50xaew/frame-346.png
[lighting-sequence] capture_attempt ready_frame=346 path=/private/var/folders/sl/yxxj_m9n37sgntkntqw0x8yw0000gn/T/places-stage5-gpu-capture-bf50xaew/frame-346.png
PLACES_CAPTURE: wrote /private/var/folders/sl/yxxj_m9n37sgntkntqw0x8yw0000gn/T/places-stage5-gpu-capture-bf50xaew/frame-347.png
[lighting-sequence] capture_attempt ready_frame=347 path=/private/var/folders/sl/yxxj_m9n37sgntkntqw0x8yw0000gn/T/places-stage5-gpu-capture-bf50xaew/frame-347.png
PLACES_CAPTURE: wrote /private/var/folders/sl/yxxj_m9n37sgntkntqw0x8yw0000gn/T/places-stage5-gpu-capture-bf50xaew/frame-348.png
[lighting-sequence] capture_attempt ready_frame=348 path=/private/var/folders/sl/yxxj_m9n37sgntkntqw0x8yw0000gn/T/places-stage5-gpu-capture-bf50xaew/frame-348.png
PLACES_CAPTURE: wrote /private/var/folders/sl/yxxj_m9n37sgntkntqw0x8yw0000gn/T/places-stage5-gpu-capture-bf50xaew/frame-349.png
[lighting-sequence] capture_attempt ready_frame=349 path=/private/var/folders/sl/yxxj_m9n37sgntkntqw0x8yw0000gn/T/places-stage5-gpu-capture-bf50xaew/frame-349.png
PLACES_CAPTURE: wrote /private/var/folders/sl/yxxj_m9n37sgntkntqw0x8yw0000gn/T/places-stage5-gpu-capture-bf50xaew/frame-350.png
[lighting-sequence] capture_attempt ready_frame=350 path=/private/var/folders/sl/yxxj_m9n37sgntkntqw0x8yw0000gn/T/places-stage5-gpu-capture-bf50xaew/frame-350.png
PLACES_CAPTURE: wrote /private/var/folders/sl/yxxj_m9n37sgntkntqw0x8yw0000gn/T/places-stage5-gpu-capture-bf50xaew/frame-351.png
[lighting-sequence] capture_attempt ready_frame=351 path=/private/var/folders/sl/yxxj_m9n37sgntkntqw0x8yw0000gn/T/places-stage5-gpu-capture-bf50xaew/frame-351.png
PLACES_CAPTURE: wrote /private/var/folders/sl/yxxj_m9n37sgntkntqw0x8yw0000gn/T/places-stage5-gpu-capture-bf50xaew/frame-352.png
[lighting-sequence] capture_attempt ready_frame=352 path=/private/var/folders/sl/yxxj_m9n37sgntkntqw0x8yw0000gn/T/places-stage5-gpu-capture-bf50xaew/frame-352.png
PLACES_CAPTURE: wrote /private/var/folders/sl/yxxj_m9n37sgntkntqw0x8yw0000gn/T/places-stage5-gpu-capture-bf50xaew/frame-353.png
[lighting-sequence] capture_attempt ready_frame=353 path=/private/var/folders/sl/yxxj_m9n37sgntkntqw0x8yw0000gn/T/places-stage5-gpu-capture-bf50xaew/frame-353.png
PLACES_CAPTURE: wrote /private/var/folders/sl/yxxj_m9n37sgntkntqw0x8yw0000gn/T/places-stage5-gpu-capture-bf50xaew/frame-354.png
[lighting-sequence] capture_attempt ready_frame=354 path=/private/var/folders/sl/yxxj_m9n37sgntkntqw0x8yw0000gn/T/places-stage5-gpu-capture-bf50xaew/frame-354.png
PLACES_CAPTURE: wrote /private/var/folders/sl/yxxj_m9n37sgntkntqw0x8yw0000gn/T/places-stage5-gpu-capture-bf50xaew/frame-355.png
[lighting-sequence] capture_attempt ready_frame=355 path=/private/var/folders/sl/yxxj_m9n37sgntkntqw0x8yw0000gn/T/places-stage5-gpu-capture-bf50xaew/frame-355.png
PLACES_CAPTURE: wrote /private/var/folders/sl/yxxj_m9n37sgntkntqw0x8yw0000gn/T/places-stage5-gpu-capture-bf50xaew/frame-356.png
[lighting-sequence] capture_attempt ready_frame=356 path=/private/var/folders/sl/yxxj_m9n37sgntkntqw0x8yw0000gn/T/places-stage5-gpu-capture-bf50xaew/frame-356.png
PLACES_CAPTURE: wrote /private/var/folders/sl/yxxj_m9n37sgntkntqw0x8yw0000gn/T/places-stage5-gpu-capture-bf50xaew/frame-357.png
[lighting-sequence] capture_attempt ready_frame=357 path=/private/var/folders/sl/yxxj_m9n37sgntkntqw0x8yw0000gn/T/places-stage5-gpu-capture-bf50xaew/frame-357.png
PLACES_CAPTURE: wrote /private/var/folders/sl/yxxj_m9n37sgntkntqw0x8yw0000gn/T/places-stage5-gpu-capture-bf50xaew/frame-358.png
[lighting-sequence] capture_attempt ready_frame=358 path=/private/var/folders/sl/yxxj_m9n37sgntkntqw0x8yw0000gn/T/places-stage5-gpu-capture-bf50xaew/frame-358.png
PLACES_CAPTURE: wrote /private/var/folders/sl/yxxj_m9n37sgntkntqw0x8yw0000gn/T/places-stage5-gpu-capture-bf50xaew/frame-359.png
[lighting-sequence] capture_attempt ready_frame=359 path=/private/var/folders/sl/yxxj_m9n37sgntkntqw0x8yw0000gn/T/places-stage5-gpu-capture-bf50xaew/frame-359.png
PLACES_CAPTURE: wrote /private/var/folders/sl/yxxj_m9n37sgntkntqw0x8yw0000gn/T/places-stage5-gpu-capture-bf50xaew/frame-360.png
[lighting-sequence] capture_attempt ready_frame=360 path=/private/var/folders/sl/yxxj_m9n37sgntkntqw0x8yw0000gn/T/places-stage5-gpu-capture-bf50xaew/frame-360.png
PLACES_CAPTURE: wrote /private/var/folders/sl/yxxj_m9n37sgntkntqw0x8yw0000gn/T/places-stage5-gpu-capture-bf50xaew/frame-361.png
[lighting-sequence] capture_attempt ready_frame=361 path=/private/var/folders/sl/yxxj_m9n37sgntkntqw0x8yw0000gn/T/places-stage5-gpu-capture-bf50xaew/frame-361.png
PLACES_CAPTURE: wrote /private/var/folders/sl/yxxj_m9n37sgntkntqw0x8yw0000gn/T/places-stage5-gpu-capture-bf50xaew/frame-362.png
[lighting-sequence] capture_attempt ready_frame=362 path=/private/var/folders/sl/yxxj_m9n37sgntkntqw0x8yw0000gn/T/places-stage5-gpu-capture-bf50xaew/frame-362.png
PLACES_CAPTURE: wrote /private/var/folders/sl/yxxj_m9n37sgntkntqw0x8yw0000gn/T/places-stage5-gpu-capture-bf50xaew/frame-363.png
[lighting-sequence] capture_attempt ready_frame=363 path=/private/var/folders/sl/yxxj_m9n37sgntkntqw0x8yw0000gn/T/places-stage5-gpu-capture-bf50xaew/frame-363.png
PLACES_CAPTURE: wrote /private/var/folders/sl/yxxj_m9n37sgntkntqw0x8yw0000gn/T/places-stage5-gpu-capture-bf50xaew/frame-364.png
[lighting-sequence] capture_attempt ready_frame=364 path=/private/var/folders/sl/yxxj_m9n37sgntkntqw0x8yw0000gn/T/places-stage5-gpu-capture-bf50xaew/frame-364.png
PLACES_CAPTURE: wrote /private/var/folders/sl/yxxj_m9n37sgntkntqw0x8yw0000gn/T/places-stage5-gpu-capture-bf50xaew/frame-365.png
[lighting-sequence] capture_attempt ready_frame=365 path=/private/var/folders/sl/yxxj_m9n37sgntkntqw0x8yw0000gn/T/places-stage5-gpu-capture-bf50xaew/frame-365.png
PLACES_CAPTURE: wrote /private/var/folders/sl/yxxj_m9n37sgntkntqw0x8yw0000gn/T/places-stage5-gpu-capture-bf50xaew/frame-366.png
[lighting-sequence] capture_attempt ready_frame=366 path=/private/var/folders/sl/yxxj_m9n37sgntkntqw0x8yw0000gn/T/places-stage5-gpu-capture-bf50xaew/frame-366.png
PLACES_CAPTURE: wrote /private/var/folders/sl/yxxj_m9n37sgntkntqw0x8yw0000gn/T/places-stage5-gpu-capture-bf50xaew/frame-367.png
[lighting-sequence] capture_attempt ready_frame=367 path=/private/var/folders/sl/yxxj_m9n37sgntkntqw0x8yw0000gn/T/places-stage5-gpu-capture-bf50xaew/frame-367.png
PLACES_CAPTURE: wrote /private/var/folders/sl/yxxj_m9n37sgntkntqw0x8yw0000gn/T/places-stage5-gpu-capture-bf50xaew/frame-368.png
[lighting-sequence] capture_attempt ready_frame=368 path=/private/var/folders/sl/yxxj_m9n37sgntkntqw0x8yw0000gn/T/places-stage5-gpu-capture-bf50xaew/frame-368.png
PLACES_CAPTURE: wrote /private/var/folders/sl/yxxj_m9n37sgntkntqw0x8yw0000gn/T/places-stage5-gpu-capture-bf50xaew/frame-369.png
[lighting-sequence] capture_attempt ready_frame=369 path=/private/var/folders/sl/yxxj_m9n37sgntkntqw0x8yw0000gn/T/places-stage5-gpu-capture-bf50xaew/frame-369.png
PLACES_CAPTURE: wrote /private/var/folders/sl/yxxj_m9n37sgntkntqw0x8yw0000gn/T/places-stage5-gpu-capture-bf50xaew/frame-370.png
[lighting-sequence] capture_attempt ready_frame=370 path=/private/var/folders/sl/yxxj_m9n37sgntkntqw0x8yw0000gn/T/places-stage5-gpu-capture-bf50xaew/frame-370.png
PLACES_CAPTURE: wrote /private/var/folders/sl/yxxj_m9n37sgntkntqw0x8yw0000gn/T/places-stage5-gpu-capture-bf50xaew/frame-371.png
[lighting-sequence] capture_attempt ready_frame=371 path=/private/var/folders/sl/yxxj_m9n37sgntkntqw0x8yw0000gn/T/places-stage5-gpu-capture-bf50xaew/frame-371.png
PLACES_CAPTURE: wrote /private/var/folders/sl/yxxj_m9n37sgntkntqw0x8yw0000gn/T/places-stage5-gpu-capture-bf50xaew/frame-372.png
[lighting-sequence] capture_attempt ready_frame=372 path=/private/var/folders/sl/yxxj_m9n37sgntkntqw0x8yw0000gn/T/places-stage5-gpu-capture-bf50xaew/frame-372.png
PLACES_CAPTURE: wrote /private/var/folders/sl/yxxj_m9n37sgntkntqw0x8yw0000gn/T/places-stage5-gpu-capture-bf50xaew/frame-373.png
[lighting-sequence] capture_attempt ready_frame=373 path=/private/var/folders/sl/yxxj_m9n37sgntkntqw0x8yw0000gn/T/places-stage5-gpu-capture-bf50xaew/frame-373.png
PLACES_CAPTURE: wrote /private/var/folders/sl/yxxj_m9n37sgntkntqw0x8yw0000gn/T/places-stage5-gpu-capture-bf50xaew/frame-374.png
[lighting-sequence] capture_attempt ready_frame=374 path=/private/var/folders/sl/yxxj_m9n37sgntkntqw0x8yw0000gn/T/places-stage5-gpu-capture-bf50xaew/frame-374.png
PLACES_CAPTURE: wrote /private/var/folders/sl/yxxj_m9n37sgntkntqw0x8yw0000gn/T/places-stage5-gpu-capture-bf50xaew/frame-375.png
[lighting-sequence] capture_attempt ready_frame=375 path=/private/var/folders/sl/yxxj_m9n37sgntkntqw0x8yw0000gn/T/places-stage5-gpu-capture-bf50xaew/frame-375.png
PLACES_CAPTURE: wrote /private/var/folders/sl/yxxj_m9n37sgntkntqw0x8yw0000gn/T/places-stage5-gpu-capture-bf50xaew/frame-376.png
[lighting-sequence] capture_attempt ready_frame=376 path=/private/var/folders/sl/yxxj_m9n37sgntkntqw0x8yw0000gn/T/places-stage5-gpu-capture-bf50xaew/frame-376.png
PLACES_CAPTURE: wrote /private/var/folders/sl/yxxj_m9n37sgntkntqw0x8yw0000gn/T/places-stage5-gpu-capture-bf50xaew/frame-377.png
[lighting-sequence] capture_attempt ready_frame=377 path=/private/var/folders/sl/yxxj_m9n37sgntkntqw0x8yw0000gn/T/places-stage5-gpu-capture-bf50xaew/frame-377.png
PLACES_CAPTURE: wrote /private/var/folders/sl/yxxj_m9n37sgntkntqw0x8yw0000gn/T/places-stage5-gpu-capture-bf50xaew/frame-378.png
[lighting-sequence] capture_attempt ready_frame=378 path=/private/var/folders/sl/yxxj_m9n37sgntkntqw0x8yw0000gn/T/places-stage5-gpu-capture-bf50xaew/frame-378.png
PLACES_CAPTURE: wrote /private/var/folders/sl/yxxj_m9n37sgntkntqw0x8yw0000gn/T/places-stage5-gpu-capture-bf50xaew/frame-379.png
[lighting-sequence] capture_attempt ready_frame=379 path=/private/var/folders/sl/yxxj_m9n37sgntkntqw0x8yw0000gn/T/places-stage5-gpu-capture-bf50xaew/frame-379.png
PLACES_CAPTURE: wrote /private/var/folders/sl/yxxj_m9n37sgntkntqw0x8yw0000gn/T/places-stage5-gpu-capture-bf50xaew/frame-380.png
[lighting-sequence] capture_attempt ready_frame=380 path=/private/var/folders/sl/yxxj_m9n37sgntkntqw0x8yw0000gn/T/places-stage5-gpu-capture-bf50xaew/frame-380.png
PLACES_CAPTURE: wrote /private/var/folders/sl/yxxj_m9n37sgntkntqw0x8yw0000gn/T/places-stage5-gpu-capture-bf50xaew/frame-381.png
[lighting-sequence] capture_attempt ready_frame=381 path=/private/var/folders/sl/yxxj_m9n37sgntkntqw0x8yw0000gn/T/places-stage5-gpu-capture-bf50xaew/frame-381.png
PLACES_CAPTURE: wrote /private/var/folders/sl/yxxj_m9n37sgntkntqw0x8yw0000gn/T/places-stage5-gpu-capture-bf50xaew/frame-382.png
[lighting-sequence] capture_attempt ready_frame=382 path=/private/var/folders/sl/yxxj_m9n37sgntkntqw0x8yw0000gn/T/places-stage5-gpu-capture-bf50xaew/frame-382.png
PLACES_CAPTURE: wrote /private/var/folders/sl/yxxj_m9n37sgntkntqw0x8yw0000gn/T/places-stage5-gpu-capture-bf50xaew/frame-383.png
[lighting-sequence] capture_attempt ready_frame=383 path=/private/var/folders/sl/yxxj_m9n37sgntkntqw0x8yw0000gn/T/places-stage5-gpu-capture-bf50xaew/frame-383.png
PLACES_CAPTURE: wrote /private/var/folders/sl/yxxj_m9n37sgntkntqw0x8yw0000gn/T/places-stage5-gpu-capture-bf50xaew/frame-384.png
[lighting-sequence] capture_attempt ready_frame=384 path=/private/var/folders/sl/yxxj_m9n37sgntkntqw0x8yw0000gn/T/places-stage5-gpu-capture-bf50xaew/frame-384.png
PLACES_CAPTURE: wrote /private/var/folders/sl/yxxj_m9n37sgntkntqw0x8yw0000gn/T/places-stage5-gpu-capture-bf50xaew/frame-385.png
[lighting-sequence] capture_attempt ready_frame=385 path=/private/var/folders/sl/yxxj_m9n37sgntkntqw0x8yw0000gn/T/places-stage5-gpu-capture-bf50xaew/frame-385.png
PLACES_CAPTURE: wrote /private/var/folders/sl/yxxj_m9n37sgntkntqw0x8yw0000gn/T/places-stage5-gpu-capture-bf50xaew/frame-386.png
[lighting-sequence] capture_attempt ready_frame=386 path=/private/var/folders/sl/yxxj_m9n37sgntkntqw0x8yw0000gn/T/places-stage5-gpu-capture-bf50xaew/frame-386.png
PLACES_CAPTURE: wrote /private/var/folders/sl/yxxj_m9n37sgntkntqw0x8yw0000gn/T/places-stage5-gpu-capture-bf50xaew/frame-387.png
[lighting-sequence] capture_attempt ready_frame=387 path=/private/var/folders/sl/yxxj_m9n37sgntkntqw0x8yw0000gn/T/places-stage5-gpu-capture-bf50xaew/frame-387.png
PLACES_CAPTURE: wrote /private/var/folders/sl/yxxj_m9n37sgntkntqw0x8yw0000gn/T/places-stage5-gpu-capture-bf50xaew/frame-388.png
[lighting-sequence] capture_attempt ready_frame=388 path=/private/var/folders/sl/yxxj_m9n37sgntkntqw0x8yw0000gn/T/places-stage5-gpu-capture-bf50xaew/frame-388.png
PLACES_CAPTURE: wrote /private/var/folders/sl/yxxj_m9n37sgntkntqw0x8yw0000gn/T/places-stage5-gpu-capture-bf50xaew/frame-389.png
[lighting-sequence] capture_attempt ready_frame=389 path=/private/var/folders/sl/yxxj_m9n37sgntkntqw0x8yw0000gn/T/places-stage5-gpu-capture-bf50xaew/frame-389.png
PLACES_CAPTURE: wrote /private/var/folders/sl/yxxj_m9n37sgntkntqw0x8yw0000gn/T/places-stage5-gpu-capture-bf50xaew/frame-390.png
[lighting-sequence] capture_attempt ready_frame=390 path=/private/var/folders/sl/yxxj_m9n37sgntkntqw0x8yw0000gn/T/places-stage5-gpu-capture-bf50xaew/frame-390.png
PLACES_CAPTURE: wrote /private/var/folders/sl/yxxj_m9n37sgntkntqw0x8yw0000gn/T/places-stage5-gpu-capture-bf50xaew/frame-391.png
[lighting-sequence] capture_attempt ready_frame=391 path=/private/var/folders/sl/yxxj_m9n37sgntkntqw0x8yw0000gn/T/places-stage5-gpu-capture-bf50xaew/frame-391.png
PLACES_CAPTURE: wrote /private/var/folders/sl/yxxj_m9n37sgntkntqw0x8yw0000gn/T/places-stage5-gpu-capture-bf50xaew/frame-392.png
[lighting-sequence] capture_attempt ready_frame=392 path=/private/var/folders/sl/yxxj_m9n37sgntkntqw0x8yw0000gn/T/places-stage5-gpu-capture-bf50xaew/frame-392.png
PLACES_CAPTURE: wrote /private/var/folders/sl/yxxj_m9n37sgntkntqw0x8yw0000gn/T/places-stage5-gpu-capture-bf50xaew/frame-393.png
[lighting-sequence] capture_attempt ready_frame=393 path=/private/var/folders/sl/yxxj_m9n37sgntkntqw0x8yw0000gn/T/places-stage5-gpu-capture-bf50xaew/frame-393.png
PLACES_CAPTURE: wrote /private/var/folders/sl/yxxj_m9n37sgntkntqw0x8yw0000gn/T/places-stage5-gpu-capture-bf50xaew/frame-394.png
[lighting-sequence] capture_attempt ready_frame=394 path=/private/var/folders/sl/yxxj_m9n37sgntkntqw0x8yw0000gn/T/places-stage5-gpu-capture-bf50xaew/frame-394.png
PLACES_CAPTURE: wrote /private/var/folders/sl/yxxj_m9n37sgntkntqw0x8yw0000gn/T/places-stage5-gpu-capture-bf50xaew/frame-395.png
[lighting-sequence] capture_attempt ready_frame=395 path=/private/var/folders/sl/yxxj_m9n37sgntkntqw0x8yw0000gn/T/places-stage5-gpu-capture-bf50xaew/frame-395.png
PLACES_CAPTURE: wrote /private/var/folders/sl/yxxj_m9n37sgntkntqw0x8yw0000gn/T/places-stage5-gpu-capture-bf50xaew/frame-396.png
[lighting-sequence] capture_attempt ready_frame=396 path=/private/var/folders/sl/yxxj_m9n37sgntkntqw0x8yw0000gn/T/places-stage5-gpu-capture-bf50xaew/frame-396.png
PLACES_CAPTURE: wrote /private/var/folders/sl/yxxj_m9n37sgntkntqw0x8yw0000gn/T/places-stage5-gpu-capture-bf50xaew/frame-397.png
[lighting-sequence] capture_attempt ready_frame=397 path=/private/var/folders/sl/yxxj_m9n37sgntkntqw0x8yw0000gn/T/places-stage5-gpu-capture-bf50xaew/frame-397.png
PLACES_CAPTURE: wrote /private/var/folders/sl/yxxj_m9n37sgntkntqw0x8yw0000gn/T/places-stage5-gpu-capture-bf50xaew/frame-398.png
[lighting-sequence] capture_attempt ready_frame=398 path=/private/var/folders/sl/yxxj_m9n37sgntkntqw0x8yw0000gn/T/places-stage5-gpu-capture-bf50xaew/frame-398.png
PLACES_CAPTURE: wrote /private/var/folders/sl/yxxj_m9n37sgntkntqw0x8yw0000gn/T/places-stage5-gpu-capture-bf50xaew/frame-399.png
[lighting-sequence] capture_attempt ready_frame=399 path=/private/var/folders/sl/yxxj_m9n37sgntkntqw0x8yw0000gn/T/places-stage5-gpu-capture-bf50xaew/frame-399.png
PLACES_CAPTURE: wrote /private/var/folders/sl/yxxj_m9n37sgntkntqw0x8yw0000gn/T/places-stage5-gpu-capture-bf50xaew/frame-400.png
[lighting-sequence] capture_attempt ready_frame=400 path=/private/var/folders/sl/yxxj_m9n37sgntkntqw0x8yw0000gn/T/places-stage5-gpu-capture-bf50xaew/frame-400.png
PLACES_CAPTURE: wrote /private/var/folders/sl/yxxj_m9n37sgntkntqw0x8yw0000gn/T/places-stage5-gpu-capture-bf50xaew/frame-401.png
[lighting-sequence] capture_attempt ready_frame=401 path=/private/var/folders/sl/yxxj_m9n37sgntkntqw0x8yw0000gn/T/places-stage5-gpu-capture-bf50xaew/frame-401.png
PLACES_CAPTURE: wrote /private/var/folders/sl/yxxj_m9n37sgntkntqw0x8yw0000gn/T/places-stage5-gpu-capture-bf50xaew/frame-402.png
[lighting-sequence] capture_attempt ready_frame=402 path=/private/var/folders/sl/yxxj_m9n37sgntkntqw0x8yw0000gn/T/places-stage5-gpu-capture-bf50xaew/frame-402.png
PLACES_CAPTURE: wrote /private/var/folders/sl/yxxj_m9n37sgntkntqw0x8yw0000gn/T/places-stage5-gpu-capture-bf50xaew/frame-403.png
[lighting-sequence] capture_attempt ready_frame=403 path=/private/var/folders/sl/yxxj_m9n37sgntkntqw0x8yw0000gn/T/places-stage5-gpu-capture-bf50xaew/frame-403.png
PLACES_CAPTURE: wrote /private/var/folders/sl/yxxj_m9n37sgntkntqw0x8yw0000gn/T/places-stage5-gpu-capture-bf50xaew/frame-404.png
[lighting-sequence] capture_attempt ready_frame=404 path=/private/var/folders/sl/yxxj_m9n37sgntkntqw0x8yw0000gn/T/places-stage5-gpu-capture-bf50xaew/frame-404.png
PLACES_CAPTURE: wrote /private/var/folders/sl/yxxj_m9n37sgntkntqw0x8yw0000gn/T/places-stage5-gpu-capture-bf50xaew/frame-405.png
[lighting-sequence] capture_attempt ready_frame=405 path=/private/var/folders/sl/yxxj_m9n37sgntkntqw0x8yw0000gn/T/places-stage5-gpu-capture-bf50xaew/frame-405.png
PLACES_CAPTURE: wrote /private/var/folders/sl/yxxj_m9n37sgntkntqw0x8yw0000gn/T/places-stage5-gpu-capture-bf50xaew/frame-406.png
[lighting-sequence] capture_attempt ready_frame=406 path=/private/var/folders/sl/yxxj_m9n37sgntkntqw0x8yw0000gn/T/places-stage5-gpu-capture-bf50xaew/frame-406.png
PLACES_CAPTURE: wrote /private/var/folders/sl/yxxj_m9n37sgntkntqw0x8yw0000gn/T/places-stage5-gpu-capture-bf50xaew/frame-407.png
[lighting-sequence] capture_attempt ready_frame=407 path=/private/var/folders/sl/yxxj_m9n37sgntkntqw0x8yw0000gn/T/places-stage5-gpu-capture-bf50xaew/frame-407.png
PLACES_CAPTURE: wrote /private/var/folders/sl/yxxj_m9n37sgntkntqw0x8yw0000gn/T/places-stage5-gpu-capture-bf50xaew/frame-408.png
[lighting-sequence] capture_attempt ready_frame=408 path=/private/var/folders/sl/yxxj_m9n37sgntkntqw0x8yw0000gn/T/places-stage5-gpu-capture-bf50xaew/frame-408.png
PLACES_CAPTURE: wrote /private/var/folders/sl/yxxj_m9n37sgntkntqw0x8yw0000gn/T/places-stage5-gpu-capture-bf50xaew/frame-409.png
[lighting-sequence] capture_attempt ready_frame=409 path=/private/var/folders/sl/yxxj_m9n37sgntkntqw0x8yw0000gn/T/places-stage5-gpu-capture-bf50xaew/frame-409.png
PLACES_CAPTURE: wrote /private/var/folders/sl/yxxj_m9n37sgntkntqw0x8yw0000gn/T/places-stage5-gpu-capture-bf50xaew/frame-410.png
[lighting-sequence] capture_attempt ready_frame=410 path=/private/var/folders/sl/yxxj_m9n37sgntkntqw0x8yw0000gn/T/places-stage5-gpu-capture-bf50xaew/frame-410.png
PLACES_CAPTURE: wrote /private/var/folders/sl/yxxj_m9n37sgntkntqw0x8yw0000gn/T/places-stage5-gpu-capture-bf50xaew/frame-411.png
[lighting-sequence] capture_attempt ready_frame=411 path=/private/var/folders/sl/yxxj_m9n37sgntkntqw0x8yw0000gn/T/places-stage5-gpu-capture-bf50xaew/frame-411.png
PLACES_CAPTURE: wrote /private/var/folders/sl/yxxj_m9n37sgntkntqw0x8yw0000gn/T/places-stage5-gpu-capture-bf50xaew/frame-412.png
[lighting-sequence] capture_attempt ready_frame=412 path=/private/var/folders/sl/yxxj_m9n37sgntkntqw0x8yw0000gn/T/places-stage5-gpu-capture-bf50xaew/frame-412.png
PLACES_CAPTURE: wrote /private/var/folders/sl/yxxj_m9n37sgntkntqw0x8yw0000gn/T/places-stage5-gpu-capture-bf50xaew/frame-413.png
[lighting-sequence] capture_attempt ready_frame=413 path=/private/var/folders/sl/yxxj_m9n37sgntkntqw0x8yw0000gn/T/places-stage5-gpu-capture-bf50xaew/frame-413.png
PLACES_CAPTURE: wrote /private/var/folders/sl/yxxj_m9n37sgntkntqw0x8yw0000gn/T/places-stage5-gpu-capture-bf50xaew/frame-414.png
[lighting-sequence] capture_attempt ready_frame=414 path=/private/var/folders/sl/yxxj_m9n37sgntkntqw0x8yw0000gn/T/places-stage5-gpu-capture-bf50xaew/frame-414.png
PLACES_CAPTURE: wrote /private/var/folders/sl/yxxj_m9n37sgntkntqw0x8yw0000gn/T/places-stage5-gpu-capture-bf50xaew/frame-415.png
[lighting-sequence] capture_attempt ready_frame=415 path=/private/var/folders/sl/yxxj_m9n37sgntkntqw0x8yw0000gn/T/places-stage5-gpu-capture-bf50xaew/frame-415.png
PLACES_CAPTURE: wrote /private/var/folders/sl/yxxj_m9n37sgntkntqw0x8yw0000gn/T/places-stage5-gpu-capture-bf50xaew/frame-416.png
[lighting-sequence] capture_attempt ready_frame=416 path=/private/var/folders/sl/yxxj_m9n37sgntkntqw0x8yw0000gn/T/places-stage5-gpu-capture-bf50xaew/frame-416.png
PLACES_CAPTURE: wrote /private/var/folders/sl/yxxj_m9n37sgntkntqw0x8yw0000gn/T/places-stage5-gpu-capture-bf50xaew/frame-417.png
[lighting-sequence] capture_attempt ready_frame=417 path=/private/var/folders/sl/yxxj_m9n37sgntkntqw0x8yw0000gn/T/places-stage5-gpu-capture-bf50xaew/frame-417.png
PLACES_CAPTURE: wrote /private/var/folders/sl/yxxj_m9n37sgntkntqw0x8yw0000gn/T/places-stage5-gpu-capture-bf50xaew/frame-418.png
[lighting-sequence] capture_attempt ready_frame=418 path=/private/var/folders/sl/yxxj_m9n37sgntkntqw0x8yw0000gn/T/places-stage5-gpu-capture-bf50xaew/frame-418.png
PLACES_CAPTURE: wrote /private/var/folders/sl/yxxj_m9n37sgntkntqw0x8yw0000gn/T/places-stage5-gpu-capture-bf50xaew/frame-419.png
[lighting-sequence] capture_attempt ready_frame=419 path=/private/var/folders/sl/yxxj_m9n37sgntkntqw0x8yw0000gn/T/places-stage5-gpu-capture-bf50xaew/frame-419.png
PLACES_CAPTURE: wrote /private/var/folders/sl/yxxj_m9n37sgntkntqw0x8yw0000gn/T/places-stage5-gpu-capture-bf50xaew/frame-420.png
[lighting-sequence] capture_attempt ready_frame=420 path=/private/var/folders/sl/yxxj_m9n37sgntkntqw0x8yw0000gn/T/places-stage5-gpu-capture-bf50xaew/frame-420.png
PLACES_CAPTURE: wrote /private/var/folders/sl/yxxj_m9n37sgntkntqw0x8yw0000gn/T/places-stage5-gpu-capture-bf50xaew/frame-421.png
[lighting-sequence] capture_attempt ready_frame=421 path=/private/var/folders/sl/yxxj_m9n37sgntkntqw0x8yw0000gn/T/places-stage5-gpu-capture-bf50xaew/frame-421.png
PLACES_CAPTURE: wrote /private/var/folders/sl/yxxj_m9n37sgntkntqw0x8yw0000gn/T/places-stage5-gpu-capture-bf50xaew/frame-422.png
[lighting-sequence] capture_attempt ready_frame=422 path=/private/var/folders/sl/yxxj_m9n37sgntkntqw0x8yw0000gn/T/places-stage5-gpu-capture-bf50xaew/frame-422.png
PLACES_CAPTURE: wrote /private/var/folders/sl/yxxj_m9n37sgntkntqw0x8yw0000gn/T/places-stage5-gpu-capture-bf50xaew/frame-423.png
[lighting-sequence] capture_attempt ready_frame=423 path=/private/var/folders/sl/yxxj_m9n37sgntkntqw0x8yw0000gn/T/places-stage5-gpu-capture-bf50xaew/frame-423.png
PLACES_CAPTURE: wrote /private/var/folders/sl/yxxj_m9n37sgntkntqw0x8yw0000gn/T/places-stage5-gpu-capture-bf50xaew/frame-424.png
[lighting-sequence] capture_attempt ready_frame=424 path=/private/var/folders/sl/yxxj_m9n37sgntkntqw0x8yw0000gn/T/places-stage5-gpu-capture-bf50xaew/frame-424.png
PLACES_CAPTURE: wrote /private/var/folders/sl/yxxj_m9n37sgntkntqw0x8yw0000gn/T/places-stage5-gpu-capture-bf50xaew/frame-425.png
[lighting-sequence] capture_attempt ready_frame=425 path=/private/var/folders/sl/yxxj_m9n37sgntkntqw0x8yw0000gn/T/places-stage5-gpu-capture-bf50xaew/frame-425.png
PLACES_CAPTURE: wrote /private/var/folders/sl/yxxj_m9n37sgntkntqw0x8yw0000gn/T/places-stage5-gpu-capture-bf50xaew/frame-426.png
[lighting-sequence] capture_attempt ready_frame=426 path=/private/var/folders/sl/yxxj_m9n37sgntkntqw0x8yw0000gn/T/places-stage5-gpu-capture-bf50xaew/frame-426.png
PLACES_CAPTURE: wrote /private/var/folders/sl/yxxj_m9n37sgntkntqw0x8yw0000gn/T/places-stage5-gpu-capture-bf50xaew/frame-427.png
[lighting-sequence] capture_attempt ready_frame=427 path=/private/var/folders/sl/yxxj_m9n37sgntkntqw0x8yw0000gn/T/places-stage5-gpu-capture-bf50xaew/frame-427.png
PLACES_CAPTURE: wrote /private/var/folders/sl/yxxj_m9n37sgntkntqw0x8yw0000gn/T/places-stage5-gpu-capture-bf50xaew/frame-428.png
[lighting-sequence] capture_attempt ready_frame=428 path=/private/var/folders/sl/yxxj_m9n37sgntkntqw0x8yw0000gn/T/places-stage5-gpu-capture-bf50xaew/frame-428.png
PLACES_CAPTURE: wrote /private/var/folders/sl/yxxj_m9n37sgntkntqw0x8yw0000gn/T/places-stage5-gpu-capture-bf50xaew/frame-429.png
[lighting-sequence] capture_attempt ready_frame=429 path=/private/var/folders/sl/yxxj_m9n37sgntkntqw0x8yw0000gn/T/places-stage5-gpu-capture-bf50xaew/frame-429.png
PLACES_CAPTURE: wrote /private/var/folders/sl/yxxj_m9n37sgntkntqw0x8yw0000gn/T/places-stage5-gpu-capture-bf50xaew/frame-430.png
[lighting-sequence] capture_attempt ready_frame=430 path=/private/var/folders/sl/yxxj_m9n37sgntkntqw0x8yw0000gn/T/places-stage5-gpu-capture-bf50xaew/frame-430.png
PLACES_CAPTURE: wrote /private/var/folders/sl/yxxj_m9n37sgntkntqw0x8yw0000gn/T/places-stage5-gpu-capture-bf50xaew/frame-431.png
[lighting-sequence] capture_attempt ready_frame=431 path=/private/var/folders/sl/yxxj_m9n37sgntkntqw0x8yw0000gn/T/places-stage5-gpu-capture-bf50xaew/frame-431.png
PLACES_CAPTURE: wrote /private/var/folders/sl/yxxj_m9n37sgntkntqw0x8yw0000gn/T/places-stage5-gpu-capture-bf50xaew/frame-432.png
[lighting-sequence] capture_attempt ready_frame=432 path=/private/var/folders/sl/yxxj_m9n37sgntkntqw0x8yw0000gn/T/places-stage5-gpu-capture-bf50xaew/frame-432.png
PLACES_CAPTURE: wrote /private/var/folders/sl/yxxj_m9n37sgntkntqw0x8yw0000gn/T/places-stage5-gpu-capture-bf50xaew/frame-433.png
[lighting-sequence] capture_attempt ready_frame=433 path=/private/var/folders/sl/yxxj_m9n37sgntkntqw0x8yw0000gn/T/places-stage5-gpu-capture-bf50xaew/frame-433.png
PLACES_CAPTURE: wrote /private/var/folders/sl/yxxj_m9n37sgntkntqw0x8yw0000gn/T/places-stage5-gpu-capture-bf50xaew/frame-434.png
[lighting-sequence] capture_attempt ready_frame=434 path=/private/var/folders/sl/yxxj_m9n37sgntkntqw0x8yw0000gn/T/places-stage5-gpu-capture-bf50xaew/frame-434.png
PLACES_CAPTURE: wrote /private/var/folders/sl/yxxj_m9n37sgntkntqw0x8yw0000gn/T/places-stage5-gpu-capture-bf50xaew/frame-435.png
[lighting-sequence] capture_attempt ready_frame=435 path=/private/var/folders/sl/yxxj_m9n37sgntkntqw0x8yw0000gn/T/places-stage5-gpu-capture-bf50xaew/frame-435.png
PLACES_CAPTURE: wrote /private/var/folders/sl/yxxj_m9n37sgntkntqw0x8yw0000gn/T/places-stage5-gpu-capture-bf50xaew/frame-436.png
[lighting-sequence] capture_attempt ready_frame=436 path=/private/var/folders/sl/yxxj_m9n37sgntkntqw0x8yw0000gn/T/places-stage5-gpu-capture-bf50xaew/frame-436.png
PLACES_CAPTURE: wrote /private/var/folders/sl/yxxj_m9n37sgntkntqw0x8yw0000gn/T/places-stage5-gpu-capture-bf50xaew/frame-437.png
[lighting-sequence] capture_attempt ready_frame=437 path=/private/var/folders/sl/yxxj_m9n37sgntkntqw0x8yw0000gn/T/places-stage5-gpu-capture-bf50xaew/frame-437.png
PLACES_CAPTURE: wrote /private/var/folders/sl/yxxj_m9n37sgntkntqw0x8yw0000gn/T/places-stage5-gpu-capture-bf50xaew/frame-438.png
[lighting-sequence] capture_attempt ready_frame=438 path=/private/var/folders/sl/yxxj_m9n37sgntkntqw0x8yw0000gn/T/places-stage5-gpu-capture-bf50xaew/frame-438.png
PLACES_CAPTURE: wrote /private/var/folders/sl/yxxj_m9n37sgntkntqw0x8yw0000gn/T/places-stage5-gpu-capture-bf50xaew/frame-439.png
[lighting-sequence] capture_attempt ready_frame=439 path=/private/var/folders/sl/yxxj_m9n37sgntkntqw0x8yw0000gn/T/places-stage5-gpu-capture-bf50xaew/frame-439.png
PLACES_CAPTURE: wrote /private/var/folders/sl/yxxj_m9n37sgntkntqw0x8yw0000gn/T/places-stage5-gpu-capture-bf50xaew/frame-440.png
[lighting-sequence] capture_attempt ready_frame=440 path=/private/var/folders/sl/yxxj_m9n37sgntkntqw0x8yw0000gn/T/places-stage5-gpu-capture-bf50xaew/frame-440.png
PLACES_CAPTURE: wrote /private/var/folders/sl/yxxj_m9n37sgntkntqw0x8yw0000gn/T/places-stage5-gpu-capture-bf50xaew/frame-441.png
[lighting-sequence] capture_attempt ready_frame=441 path=/private/var/folders/sl/yxxj_m9n37sgntkntqw0x8yw0000gn/T/places-stage5-gpu-capture-bf50xaew/frame-441.png
PLACES_CAPTURE: wrote /private/var/folders/sl/yxxj_m9n37sgntkntqw0x8yw0000gn/T/places-stage5-gpu-capture-bf50xaew/frame-442.png
[lighting-sequence] capture_attempt ready_frame=442 path=/private/var/folders/sl/yxxj_m9n37sgntkntqw0x8yw0000gn/T/places-stage5-gpu-capture-bf50xaew/frame-442.png
PLACES_CAPTURE: wrote /private/var/folders/sl/yxxj_m9n37sgntkntqw0x8yw0000gn/T/places-stage5-gpu-capture-bf50xaew/frame-443.png
[lighting-sequence] capture_attempt ready_frame=443 path=/private/var/folders/sl/yxxj_m9n37sgntkntqw0x8yw0000gn/T/places-stage5-gpu-capture-bf50xaew/frame-443.png
PLACES_CAPTURE: wrote /private/var/folders/sl/yxxj_m9n37sgntkntqw0x8yw0000gn/T/places-stage5-gpu-capture-bf50xaew/frame-444.png
[lighting-sequence] capture_attempt ready_frame=444 path=/private/var/folders/sl/yxxj_m9n37sgntkntqw0x8yw0000gn/T/places-stage5-gpu-capture-bf50xaew/frame-444.png
PLACES_CAPTURE: wrote /private/var/folders/sl/yxxj_m9n37sgntkntqw0x8yw0000gn/T/places-stage5-gpu-capture-bf50xaew/frame-445.png
[lighting-sequence] capture_attempt ready_frame=445 path=/private/var/folders/sl/yxxj_m9n37sgntkntqw0x8yw0000gn/T/places-stage5-gpu-capture-bf50xaew/frame-445.png
PLACES_CAPTURE: wrote /private/var/folders/sl/yxxj_m9n37sgntkntqw0x8yw0000gn/T/places-stage5-gpu-capture-bf50xaew/frame-446.png
[lighting-sequence] capture_attempt ready_frame=446 path=/private/var/folders/sl/yxxj_m9n37sgntkntqw0x8yw0000gn/T/places-stage5-gpu-capture-bf50xaew/frame-446.png
PLACES_CAPTURE: wrote /private/var/folders/sl/yxxj_m9n37sgntkntqw0x8yw0000gn/T/places-stage5-gpu-capture-bf50xaew/frame-447.png
[lighting-sequence] capture_attempt ready_frame=447 path=/private/var/folders/sl/yxxj_m9n37sgntkntqw0x8yw0000gn/T/places-stage5-gpu-capture-bf50xaew/frame-447.png
PLACES_CAPTURE: wrote /private/var/folders/sl/yxxj_m9n37sgntkntqw0x8yw0000gn/T/places-stage5-gpu-capture-bf50xaew/frame-448.png
[lighting-sequence] capture_attempt ready_frame=448 path=/private/var/folders/sl/yxxj_m9n37sgntkntqw0x8yw0000gn/T/places-stage5-gpu-capture-bf50xaew/frame-448.png
PLACES_CAPTURE: wrote /private/var/folders/sl/yxxj_m9n37sgntkntqw0x8yw0000gn/T/places-stage5-gpu-capture-bf50xaew/frame-449.png
[lighting-sequence] capture_attempt ready_frame=449 path=/private/var/folders/sl/yxxj_m9n37sgntkntqw0x8yw0000gn/T/places-stage5-gpu-capture-bf50xaew/frame-449.png
PLACES_CAPTURE: wrote /private/var/folders/sl/yxxj_m9n37sgntkntqw0x8yw0000gn/T/places-stage5-gpu-capture-bf50xaew/frame-450.png
[lighting-sequence] capture_attempt ready_frame=450 path=/private/var/folders/sl/yxxj_m9n37sgntkntqw0x8yw0000gn/T/places-stage5-gpu-capture-bf50xaew/frame-450.png
PLACES_CAPTURE: wrote /private/var/folders/sl/yxxj_m9n37sgntkntqw0x8yw0000gn/T/places-stage5-gpu-capture-bf50xaew/frame-451.png
[lighting-sequence] capture_attempt ready_frame=451 path=/private/var/folders/sl/yxxj_m9n37sgntkntqw0x8yw0000gn/T/places-stage5-gpu-capture-bf50xaew/frame-451.png
PLACES_CAPTURE: wrote /private/var/folders/sl/yxxj_m9n37sgntkntqw0x8yw0000gn/T/places-stage5-gpu-capture-bf50xaew/frame-452.png
[lighting-sequence] capture_attempt ready_frame=452 path=/private/var/folders/sl/yxxj_m9n37sgntkntqw0x8yw0000gn/T/places-stage5-gpu-capture-bf50xaew/frame-452.png
PLACES_CAPTURE: wrote /private/var/folders/sl/yxxj_m9n37sgntkntqw0x8yw0000gn/T/places-stage5-gpu-capture-bf50xaew/frame-453.png
[lighting-sequence] capture_attempt ready_frame=453 path=/private/var/folders/sl/yxxj_m9n37sgntkntqw0x8yw0000gn/T/places-stage5-gpu-capture-bf50xaew/frame-453.png
PLACES_CAPTURE: wrote /private/var/folders/sl/yxxj_m9n37sgntkntqw0x8yw0000gn/T/places-stage5-gpu-capture-bf50xaew/frame-454.png
[lighting-sequence] capture_attempt ready_frame=454 path=/private/var/folders/sl/yxxj_m9n37sgntkntqw0x8yw0000gn/T/places-stage5-gpu-capture-bf50xaew/frame-454.png
PLACES_CAPTURE: wrote /private/var/folders/sl/yxxj_m9n37sgntkntqw0x8yw0000gn/T/places-stage5-gpu-capture-bf50xaew/frame-455.png
[lighting-sequence] capture_attempt ready_frame=455 path=/private/var/folders/sl/yxxj_m9n37sgntkntqw0x8yw0000gn/T/places-stage5-gpu-capture-bf50xaew/frame-455.png
PLACES_CAPTURE: wrote /private/var/folders/sl/yxxj_m9n37sgntkntqw0x8yw0000gn/T/places-stage5-gpu-capture-bf50xaew/frame-456.png
[lighting-sequence] capture_attempt ready_frame=456 path=/private/var/folders/sl/yxxj_m9n37sgntkntqw0x8yw0000gn/T/places-stage5-gpu-capture-bf50xaew/frame-456.png
PLACES_CAPTURE: wrote /private/var/folders/sl/yxxj_m9n37sgntkntqw0x8yw0000gn/T/places-stage5-gpu-capture-bf50xaew/frame-457.png
[lighting-sequence] capture_attempt ready_frame=457 path=/private/var/folders/sl/yxxj_m9n37sgntkntqw0x8yw0000gn/T/places-stage5-gpu-capture-bf50xaew/frame-457.png
PLACES_CAPTURE: wrote /private/var/folders/sl/yxxj_m9n37sgntkntqw0x8yw0000gn/T/places-stage5-gpu-capture-bf50xaew/frame-458.png
[lighting-sequence] capture_attempt ready_frame=458 path=/private/var/folders/sl/yxxj_m9n37sgntkntqw0x8yw0000gn/T/places-stage5-gpu-capture-bf50xaew/frame-458.png
PLACES_CAPTURE: wrote /private/var/folders/sl/yxxj_m9n37sgntkntqw0x8yw0000gn/T/places-stage5-gpu-capture-bf50xaew/frame-459.png
[lighting-sequence] capture_attempt ready_frame=459 path=/private/var/folders/sl/yxxj_m9n37sgntkntqw0x8yw0000gn/T/places-stage5-gpu-capture-bf50xaew/frame-459.png
PLACES_CAPTURE: wrote /private/var/folders/sl/yxxj_m9n37sgntkntqw0x8yw0000gn/T/places-stage5-gpu-capture-bf50xaew/frame-460.png
[lighting-sequence] capture_attempt ready_frame=460 path=/private/var/folders/sl/yxxj_m9n37sgntkntqw0x8yw0000gn/T/places-stage5-gpu-capture-bf50xaew/frame-460.png
PLACES_CAPTURE: wrote /private/var/folders/sl/yxxj_m9n37sgntkntqw0x8yw0000gn/T/places-stage5-gpu-capture-bf50xaew/frame-461.png
[lighting-sequence] capture_attempt ready_frame=461 path=/private/var/folders/sl/yxxj_m9n37sgntkntqw0x8yw0000gn/T/places-stage5-gpu-capture-bf50xaew/frame-461.png
PLACES_CAPTURE: wrote /private/var/folders/sl/yxxj_m9n37sgntkntqw0x8yw0000gn/T/places-stage5-gpu-capture-bf50xaew/frame-462.png
[lighting-sequence] capture_attempt ready_frame=462 path=/private/var/folders/sl/yxxj_m9n37sgntkntqw0x8yw0000gn/T/places-stage5-gpu-capture-bf50xaew/frame-462.png
PLACES_CAPTURE: wrote /private/var/folders/sl/yxxj_m9n37sgntkntqw0x8yw0000gn/T/places-stage5-gpu-capture-bf50xaew/frame-463.png
[lighting-sequence] capture_attempt ready_frame=463 path=/private/var/folders/sl/yxxj_m9n37sgntkntqw0x8yw0000gn/T/places-stage5-gpu-capture-bf50xaew/frame-463.png
PLACES_CAPTURE: wrote /private/var/folders/sl/yxxj_m9n37sgntkntqw0x8yw0000gn/T/places-stage5-gpu-capture-bf50xaew/frame-464.png
[lighting-sequence] capture_attempt ready_frame=464 path=/private/var/folders/sl/yxxj_m9n37sgntkntqw0x8yw0000gn/T/places-stage5-gpu-capture-bf50xaew/frame-464.png
PLACES_CAPTURE: wrote /private/var/folders/sl/yxxj_m9n37sgntkntqw0x8yw0000gn/T/places-stage5-gpu-capture-bf50xaew/frame-465.png
[lighting-sequence] capture_attempt ready_frame=465 path=/private/var/folders/sl/yxxj_m9n37sgntkntqw0x8yw0000gn/T/places-stage5-gpu-capture-bf50xaew/frame-465.png
PLACES_CAPTURE: wrote /private/var/folders/sl/yxxj_m9n37sgntkntqw0x8yw0000gn/T/places-stage5-gpu-capture-bf50xaew/frame-466.png
[lighting-sequence] capture_attempt ready_frame=466 path=/private/var/folders/sl/yxxj_m9n37sgntkntqw0x8yw0000gn/T/places-stage5-gpu-capture-bf50xaew/frame-466.png
PLACES_CAPTURE: wrote /private/var/folders/sl/yxxj_m9n37sgntkntqw0x8yw0000gn/T/places-stage5-gpu-capture-bf50xaew/frame-467.png
[lighting-sequence] capture_attempt ready_frame=467 path=/private/var/folders/sl/yxxj_m9n37sgntkntqw0x8yw0000gn/T/places-stage5-gpu-capture-bf50xaew/frame-467.png
PLACES_CAPTURE: wrote /private/var/folders/sl/yxxj_m9n37sgntkntqw0x8yw0000gn/T/places-stage5-gpu-capture-bf50xaew/frame-468.png
[lighting-sequence] capture_attempt ready_frame=468 path=/private/var/folders/sl/yxxj_m9n37sgntkntqw0x8yw0000gn/T/places-stage5-gpu-capture-bf50xaew/frame-468.png
PLACES_CAPTURE: wrote /private/var/folders/sl/yxxj_m9n37sgntkntqw0x8yw0000gn/T/places-stage5-gpu-capture-bf50xaew/frame-469.png
[lighting-sequence] capture_attempt ready_frame=469 path=/private/var/folders/sl/yxxj_m9n37sgntkntqw0x8yw0000gn/T/places-stage5-gpu-capture-bf50xaew/frame-469.png
PLACES_CAPTURE: wrote /private/var/folders/sl/yxxj_m9n37sgntkntqw0x8yw0000gn/T/places-stage5-gpu-capture-bf50xaew/frame-470.png
[lighting-sequence] capture_attempt ready_frame=470 path=/private/var/folders/sl/yxxj_m9n37sgntkntqw0x8yw0000gn/T/places-stage5-gpu-capture-bf50xaew/frame-470.png
PLACES_CAPTURE: wrote /private/var/folders/sl/yxxj_m9n37sgntkntqw0x8yw0000gn/T/places-stage5-gpu-capture-bf50xaew/frame-471.png
[lighting-sequence] capture_attempt ready_frame=471 path=/private/var/folders/sl/yxxj_m9n37sgntkntqw0x8yw0000gn/T/places-stage5-gpu-capture-bf50xaew/frame-471.png
PLACES_CAPTURE: wrote /private/var/folders/sl/yxxj_m9n37sgntkntqw0x8yw0000gn/T/places-stage5-gpu-capture-bf50xaew/frame-472.png
[lighting-sequence] capture_attempt ready_frame=472 path=/private/var/folders/sl/yxxj_m9n37sgntkntqw0x8yw0000gn/T/places-stage5-gpu-capture-bf50xaew/frame-472.png
PLACES_CAPTURE: wrote /private/var/folders/sl/yxxj_m9n37sgntkntqw0x8yw0000gn/T/places-stage5-gpu-capture-bf50xaew/frame-473.png
[lighting-sequence] capture_attempt ready_frame=473 path=/private/var/folders/sl/yxxj_m9n37sgntkntqw0x8yw0000gn/T/places-stage5-gpu-capture-bf50xaew/frame-473.png
PLACES_CAPTURE: wrote /private/var/folders/sl/yxxj_m9n37sgntkntqw0x8yw0000gn/T/places-stage5-gpu-capture-bf50xaew/frame-474.png
[lighting-sequence] capture_attempt ready_frame=474 path=/private/var/folders/sl/yxxj_m9n37sgntkntqw0x8yw0000gn/T/places-stage5-gpu-capture-bf50xaew/frame-474.png
PLACES_CAPTURE: wrote /private/var/folders/sl/yxxj_m9n37sgntkntqw0x8yw0000gn/T/places-stage5-gpu-capture-bf50xaew/frame-475.png
[lighting-sequence] capture_attempt ready_frame=475 path=/private/var/folders/sl/yxxj_m9n37sgntkntqw0x8yw0000gn/T/places-stage5-gpu-capture-bf50xaew/frame-475.png
PLACES_CAPTURE: wrote /private/var/folders/sl/yxxj_m9n37sgntkntqw0x8yw0000gn/T/places-stage5-gpu-capture-bf50xaew/frame-476.png
[lighting-sequence] capture_attempt ready_frame=476 path=/private/var/folders/sl/yxxj_m9n37sgntkntqw0x8yw0000gn/T/places-stage5-gpu-capture-bf50xaew/frame-476.png
PLACES_CAPTURE: wrote /private/var/folders/sl/yxxj_m9n37sgntkntqw0x8yw0000gn/T/places-stage5-gpu-capture-bf50xaew/frame-477.png
[lighting-sequence] capture_attempt ready_frame=477 path=/private/var/folders/sl/yxxj_m9n37sgntkntqw0x8yw0000gn/T/places-stage5-gpu-capture-bf50xaew/frame-477.png
PLACES_CAPTURE: wrote /private/var/folders/sl/yxxj_m9n37sgntkntqw0x8yw0000gn/T/places-stage5-gpu-capture-bf50xaew/frame-478.png
[lighting-sequence] capture_attempt ready_frame=478 path=/private/var/folders/sl/yxxj_m9n37sgntkntqw0x8yw0000gn/T/places-stage5-gpu-capture-bf50xaew/frame-478.png
PLACES_CAPTURE: wrote /private/var/folders/sl/yxxj_m9n37sgntkntqw0x8yw0000gn/T/places-stage5-gpu-capture-bf50xaew/frame-479.png
[lighting-sequence] capture_attempt ready_frame=479 path=/private/var/folders/sl/yxxj_m9n37sgntkntqw0x8yw0000gn/T/places-stage5-gpu-capture-bf50xaew/frame-479.png
PLACES_CAPTURE: wrote /private/var/folders/sl/yxxj_m9n37sgntkntqw0x8yw0000gn/T/places-stage5-gpu-capture-bf50xaew/frame-480.png
[lighting-sequence] capture_attempt ready_frame=480 path=/private/var/folders/sl/yxxj_m9n37sgntkntqw0x8yw0000gn/T/places-stage5-gpu-capture-bf50xaew/frame-480.png
PLACES_CAPTURE: wrote /private/var/folders/sl/yxxj_m9n37sgntkntqw0x8yw0000gn/T/places-stage5-gpu-capture-bf50xaew/frame-481.png
[lighting-sequence] capture_attempt ready_frame=481 path=/private/var/folders/sl/yxxj_m9n37sgntkntqw0x8yw0000gn/T/places-stage5-gpu-capture-bf50xaew/frame-481.png
PLACES_CAPTURE: wrote /private/var/folders/sl/yxxj_m9n37sgntkntqw0x8yw0000gn/T/places-stage5-gpu-capture-bf50xaew/frame-482.png
[lighting-sequence] capture_attempt ready_frame=482 path=/private/var/folders/sl/yxxj_m9n37sgntkntqw0x8yw0000gn/T/places-stage5-gpu-capture-bf50xaew/frame-482.png
PLACES_CAPTURE: wrote /private/var/folders/sl/yxxj_m9n37sgntkntqw0x8yw0000gn/T/places-stage5-gpu-capture-bf50xaew/frame-483.png
[lighting-sequence] capture_attempt ready_frame=483 path=/private/var/folders/sl/yxxj_m9n37sgntkntqw0x8yw0000gn/T/places-stage5-gpu-capture-bf50xaew/frame-483.png
PLACES_CAPTURE: wrote /private/var/folders/sl/yxxj_m9n37sgntkntqw0x8yw0000gn/T/places-stage5-gpu-capture-bf50xaew/frame-484.png
[lighting-sequence] capture_attempt ready_frame=484 path=/private/var/folders/sl/yxxj_m9n37sgntkntqw0x8yw0000gn/T/places-stage5-gpu-capture-bf50xaew/frame-484.png
PLACES_CAPTURE: wrote /private/var/folders/sl/yxxj_m9n37sgntkntqw0x8yw0000gn/T/places-stage5-gpu-capture-bf50xaew/frame-485.png
[lighting-sequence] capture_attempt ready_frame=485 path=/private/var/folders/sl/yxxj_m9n37sgntkntqw0x8yw0000gn/T/places-stage5-gpu-capture-bf50xaew/frame-485.png
PLACES_CAPTURE: wrote /private/var/folders/sl/yxxj_m9n37sgntkntqw0x8yw0000gn/T/places-stage5-gpu-capture-bf50xaew/frame-486.png
[lighting-sequence] capture_attempt ready_frame=486 path=/private/var/folders/sl/yxxj_m9n37sgntkntqw0x8yw0000gn/T/places-stage5-gpu-capture-bf50xaew/frame-486.png
PLACES_CAPTURE: wrote /private/var/folders/sl/yxxj_m9n37sgntkntqw0x8yw0000gn/T/places-stage5-gpu-capture-bf50xaew/frame-487.png
[lighting-sequence] capture_attempt ready_frame=487 path=/private/var/folders/sl/yxxj_m9n37sgntkntqw0x8yw0000gn/T/places-stage5-gpu-capture-bf50xaew/frame-487.png
PLACES_CAPTURE: wrote /private/var/folders/sl/yxxj_m9n37sgntkntqw0x8yw0000gn/T/places-stage5-gpu-capture-bf50xaew/frame-488.png
[lighting-sequence] capture_attempt ready_frame=488 path=/private/var/folders/sl/yxxj_m9n37sgntkntqw0x8yw0000gn/T/places-stage5-gpu-capture-bf50xaew/frame-488.png
PLACES_CAPTURE: wrote /private/var/folders/sl/yxxj_m9n37sgntkntqw0x8yw0000gn/T/places-stage5-gpu-capture-bf50xaew/frame-489.png
[lighting-sequence] capture_attempt ready_frame=489 path=/private/var/folders/sl/yxxj_m9n37sgntkntqw0x8yw0000gn/T/places-stage5-gpu-capture-bf50xaew/frame-489.png
PLACES_CAPTURE: wrote /private/var/folders/sl/yxxj_m9n37sgntkntqw0x8yw0000gn/T/places-stage5-gpu-capture-bf50xaew/frame-490.png
[lighting-sequence] capture_attempt ready_frame=490 path=/private/var/folders/sl/yxxj_m9n37sgntkntqw0x8yw0000gn/T/places-stage5-gpu-capture-bf50xaew/frame-490.png
PLACES_CAPTURE: wrote /private/var/folders/sl/yxxj_m9n37sgntkntqw0x8yw0000gn/T/places-stage5-gpu-capture-bf50xaew/frame-491.png
[lighting-sequence] capture_attempt ready_frame=491 path=/private/var/folders/sl/yxxj_m9n37sgntkntqw0x8yw0000gn/T/places-stage5-gpu-capture-bf50xaew/frame-491.png
PLACES_CAPTURE: wrote /private/var/folders/sl/yxxj_m9n37sgntkntqw0x8yw0000gn/T/places-stage5-gpu-capture-bf50xaew/frame-492.png
[lighting-sequence] capture_attempt ready_frame=492 path=/private/var/folders/sl/yxxj_m9n37sgntkntqw0x8yw0000gn/T/places-stage5-gpu-capture-bf50xaew/frame-492.png
PLACES_CAPTURE: wrote /private/var/folders/sl/yxxj_m9n37sgntkntqw0x8yw0000gn/T/places-stage5-gpu-capture-bf50xaew/frame-493.png
[lighting-sequence] capture_attempt ready_frame=493 path=/private/var/folders/sl/yxxj_m9n37sgntkntqw0x8yw0000gn/T/places-stage5-gpu-capture-bf50xaew/frame-493.png
PLACES_CAPTURE: wrote /private/var/folders/sl/yxxj_m9n37sgntkntqw0x8yw0000gn/T/places-stage5-gpu-capture-bf50xaew/frame-494.png
[lighting-sequence] capture_attempt ready_frame=494 path=/private/var/folders/sl/yxxj_m9n37sgntkntqw0x8yw0000gn/T/places-stage5-gpu-capture-bf50xaew/frame-494.png
PLACES_CAPTURE: wrote /private/var/folders/sl/yxxj_m9n37sgntkntqw0x8yw0000gn/T/places-stage5-gpu-capture-bf50xaew/frame-495.png
[lighting-sequence] capture_attempt ready_frame=495 path=/private/var/folders/sl/yxxj_m9n37sgntkntqw0x8yw0000gn/T/places-stage5-gpu-capture-bf50xaew/frame-495.png
PLACES_CAPTURE: wrote /private/var/folders/sl/yxxj_m9n37sgntkntqw0x8yw0000gn/T/places-stage5-gpu-capture-bf50xaew/frame-496.png
[lighting-sequence] capture_attempt ready_frame=496 path=/private/var/folders/sl/yxxj_m9n37sgntkntqw0x8yw0000gn/T/places-stage5-gpu-capture-bf50xaew/frame-496.png
PLACES_CAPTURE: wrote /private/var/folders/sl/yxxj_m9n37sgntkntqw0x8yw0000gn/T/places-stage5-gpu-capture-bf50xaew/frame-497.png
[lighting-sequence] capture_attempt ready_frame=497 path=/private/var/folders/sl/yxxj_m9n37sgntkntqw0x8yw0000gn/T/places-stage5-gpu-capture-bf50xaew/frame-497.png
PLACES_CAPTURE: wrote /private/var/folders/sl/yxxj_m9n37sgntkntqw0x8yw0000gn/T/places-stage5-gpu-capture-bf50xaew/frame-498.png
[lighting-sequence] capture_attempt ready_frame=498 path=/private/var/folders/sl/yxxj_m9n37sgntkntqw0x8yw0000gn/T/places-stage5-gpu-capture-bf50xaew/frame-498.png
PLACES_CAPTURE: wrote /private/var/folders/sl/yxxj_m9n37sgntkntqw0x8yw0000gn/T/places-stage5-gpu-capture-bf50xaew/frame-499.png
[lighting-sequence] capture_attempt ready_frame=499 path=/private/var/folders/sl/yxxj_m9n37sgntkntqw0x8yw0000gn/T/places-stage5-gpu-capture-bf50xaew/frame-499.png
PLACES_CAPTURE: wrote /private/var/folders/sl/yxxj_m9n37sgntkntqw0x8yw0000gn/T/places-stage5-gpu-capture-bf50xaew/frame-500.png
[lighting-sequence] capture_attempt ready_frame=500 path=/private/var/folders/sl/yxxj_m9n37sgntkntqw0x8yw0000gn/T/places-stage5-gpu-capture-bf50xaew/frame-500.png
PLACES_CAPTURE: wrote /private/var/folders/sl/yxxj_m9n37sgntkntqw0x8yw0000gn/T/places-stage5-gpu-capture-bf50xaew/frame-501.png
[lighting-sequence] capture_attempt ready_frame=501 path=/private/var/folders/sl/yxxj_m9n37sgntkntqw0x8yw0000gn/T/places-stage5-gpu-capture-bf50xaew/frame-501.png
PLACES_CAPTURE: wrote /private/var/folders/sl/yxxj_m9n37sgntkntqw0x8yw0000gn/T/places-stage5-gpu-capture-bf50xaew/frame-502.png
[lighting-sequence] capture_attempt ready_frame=502 path=/private/var/folders/sl/yxxj_m9n37sgntkntqw0x8yw0000gn/T/places-stage5-gpu-capture-bf50xaew/frame-502.png
PLACES_CAPTURE: wrote /private/var/folders/sl/yxxj_m9n37sgntkntqw0x8yw0000gn/T/places-stage5-gpu-capture-bf50xaew/frame-503.png
[lighting-sequence] capture_attempt ready_frame=503 path=/private/var/folders/sl/yxxj_m9n37sgntkntqw0x8yw0000gn/T/places-stage5-gpu-capture-bf50xaew/frame-503.png
PLACES_CAPTURE: wrote /private/var/folders/sl/yxxj_m9n37sgntkntqw0x8yw0000gn/T/places-stage5-gpu-capture-bf50xaew/frame-504.png
[lighting-sequence] capture_attempt ready_frame=504 path=/private/var/folders/sl/yxxj_m9n37sgntkntqw0x8yw0000gn/T/places-stage5-gpu-capture-bf50xaew/frame-504.png
PLACES_CAPTURE: wrote /private/var/folders/sl/yxxj_m9n37sgntkntqw0x8yw0000gn/T/places-stage5-gpu-capture-bf50xaew/frame-505.png
[lighting-sequence] capture_attempt ready_frame=505 path=/private/var/folders/sl/yxxj_m9n37sgntkntqw0x8yw0000gn/T/places-stage5-gpu-capture-bf50xaew/frame-505.png
PLACES_CAPTURE: wrote /private/var/folders/sl/yxxj_m9n37sgntkntqw0x8yw0000gn/T/places-stage5-gpu-capture-bf50xaew/frame-506.png
[lighting-sequence] capture_attempt ready_frame=506 path=/private/var/folders/sl/yxxj_m9n37sgntkntqw0x8yw0000gn/T/places-stage5-gpu-capture-bf50xaew/frame-506.png
PLACES_CAPTURE: wrote /private/var/folders/sl/yxxj_m9n37sgntkntqw0x8yw0000gn/T/places-stage5-gpu-capture-bf50xaew/frame-507.png
[lighting-sequence] capture_attempt ready_frame=507 path=/private/var/folders/sl/yxxj_m9n37sgntkntqw0x8yw0000gn/T/places-stage5-gpu-capture-bf50xaew/frame-507.png
PLACES_CAPTURE: wrote /private/var/folders/sl/yxxj_m9n37sgntkntqw0x8yw0000gn/T/places-stage5-gpu-capture-bf50xaew/frame-508.png
[lighting-sequence] capture_attempt ready_frame=508 path=/private/var/folders/sl/yxxj_m9n37sgntkntqw0x8yw0000gn/T/places-stage5-gpu-capture-bf50xaew/frame-508.png
PLACES_CAPTURE: wrote /private/var/folders/sl/yxxj_m9n37sgntkntqw0x8yw0000gn/T/places-stage5-gpu-capture-bf50xaew/frame-509.png
[lighting-sequence] capture_attempt ready_frame=509 path=/private/var/folders/sl/yxxj_m9n37sgntkntqw0x8yw0000gn/T/places-stage5-gpu-capture-bf50xaew/frame-509.png
PLACES_CAPTURE: wrote /private/var/folders/sl/yxxj_m9n37sgntkntqw0x8yw0000gn/T/places-stage5-gpu-capture-bf50xaew/frame-510.png
[lighting-sequence] capture_attempt ready_frame=510 path=/private/var/folders/sl/yxxj_m9n37sgntkntqw0x8yw0000gn/T/places-stage5-gpu-capture-bf50xaew/frame-510.png
PLACES_CAPTURE: wrote /private/var/folders/sl/yxxj_m9n37sgntkntqw0x8yw0000gn/T/places-stage5-gpu-capture-bf50xaew/frame-511.png
[lighting-sequence] capture_attempt ready_frame=511 path=/private/var/folders/sl/yxxj_m9n37sgntkntqw0x8yw0000gn/T/places-stage5-gpu-capture-bf50xaew/frame-511.png
PLACES_CAPTURE: wrote /private/var/folders/sl/yxxj_m9n37sgntkntqw0x8yw0000gn/T/places-stage5-gpu-capture-bf50xaew/frame-512.png
[lighting-sequence] capture_attempt ready_frame=512 path=/private/var/folders/sl/yxxj_m9n37sgntkntqw0x8yw0000gn/T/places-stage5-gpu-capture-bf50xaew/frame-512.png
PLACES_CAPTURE: wrote /private/var/folders/sl/yxxj_m9n37sgntkntqw0x8yw0000gn/T/places-stage5-gpu-capture-bf50xaew/frame-513.png
[lighting-sequence] capture_attempt ready_frame=513 path=/private/var/folders/sl/yxxj_m9n37sgntkntqw0x8yw0000gn/T/places-stage5-gpu-capture-bf50xaew/frame-513.png
PLACES_CAPTURE: wrote /private/var/folders/sl/yxxj_m9n37sgntkntqw0x8yw0000gn/T/places-stage5-gpu-capture-bf50xaew/frame-514.png
[lighting-sequence] capture_attempt ready_frame=514 path=/private/var/folders/sl/yxxj_m9n37sgntkntqw0x8yw0000gn/T/places-stage5-gpu-capture-bf50xaew/frame-514.png
PLACES_CAPTURE: wrote /private/var/folders/sl/yxxj_m9n37sgntkntqw0x8yw0000gn/T/places-stage5-gpu-capture-bf50xaew/frame-515.png
[lighting-sequence] capture_attempt ready_frame=515 path=/private/var/folders/sl/yxxj_m9n37sgntkntqw0x8yw0000gn/T/places-stage5-gpu-capture-bf50xaew/frame-515.png
PLACES_CAPTURE: wrote /private/var/folders/sl/yxxj_m9n37sgntkntqw0x8yw0000gn/T/places-stage5-gpu-capture-bf50xaew/frame-516.png
[lighting-sequence] capture_attempt ready_frame=516 path=/private/var/folders/sl/yxxj_m9n37sgntkntqw0x8yw0000gn/T/places-stage5-gpu-capture-bf50xaew/frame-516.png
PLACES_CAPTURE: wrote /private/var/folders/sl/yxxj_m9n37sgntkntqw0x8yw0000gn/T/places-stage5-gpu-capture-bf50xaew/frame-517.png
[lighting-sequence] capture_attempt ready_frame=517 path=/private/var/folders/sl/yxxj_m9n37sgntkntqw0x8yw0000gn/T/places-stage5-gpu-capture-bf50xaew/frame-517.png
PLACES_CAPTURE: wrote /private/var/folders/sl/yxxj_m9n37sgntkntqw0x8yw0000gn/T/places-stage5-gpu-capture-bf50xaew/frame-518.png
[lighting-sequence] capture_attempt ready_frame=518 path=/private/var/folders/sl/yxxj_m9n37sgntkntqw0x8yw0000gn/T/places-stage5-gpu-capture-bf50xaew/frame-518.png
PLACES_CAPTURE: wrote /private/var/folders/sl/yxxj_m9n37sgntkntqw0x8yw0000gn/T/places-stage5-gpu-capture-bf50xaew/frame-519.png
[lighting-sequence] capture_attempt ready_frame=519 path=/private/var/folders/sl/yxxj_m9n37sgntkntqw0x8yw0000gn/T/places-stage5-gpu-capture-bf50xaew/frame-519.png
PLACES_CAPTURE: wrote /private/var/folders/sl/yxxj_m9n37sgntkntqw0x8yw0000gn/T/places-stage5-gpu-capture-bf50xaew/frame-520.png
[lighting-sequence] capture_attempt ready_frame=520 path=/private/var/folders/sl/yxxj_m9n37sgntkntqw0x8yw0000gn/T/places-stage5-gpu-capture-bf50xaew/frame-520.png
PLACES_CAPTURE: wrote /private/var/folders/sl/yxxj_m9n37sgntkntqw0x8yw0000gn/T/places-stage5-gpu-capture-bf50xaew/frame-521.png
[lighting-sequence] capture_attempt ready_frame=521 path=/private/var/folders/sl/yxxj_m9n37sgntkntqw0x8yw0000gn/T/places-stage5-gpu-capture-bf50xaew/frame-521.png
PLACES_CAPTURE: wrote /private/var/folders/sl/yxxj_m9n37sgntkntqw0x8yw0000gn/T/places-stage5-gpu-capture-bf50xaew/frame-522.png
[lighting-sequence] capture_attempt ready_frame=522 path=/private/var/folders/sl/yxxj_m9n37sgntkntqw0x8yw0000gn/T/places-stage5-gpu-capture-bf50xaew/frame-522.png
PLACES_CAPTURE: wrote /private/var/folders/sl/yxxj_m9n37sgntkntqw0x8yw0000gn/T/places-stage5-gpu-capture-bf50xaew/frame-523.png
[lighting-sequence] capture_attempt ready_frame=523 path=/private/var/folders/sl/yxxj_m9n37sgntkntqw0x8yw0000gn/T/places-stage5-gpu-capture-bf50xaew/frame-523.png
PLACES_CAPTURE: wrote /private/var/folders/sl/yxxj_m9n37sgntkntqw0x8yw0000gn/T/places-stage5-gpu-capture-bf50xaew/frame-524.png
[lighting-sequence] capture_attempt ready_frame=524 path=/private/var/folders/sl/yxxj_m9n37sgntkntqw0x8yw0000gn/T/places-stage5-gpu-capture-bf50xaew/frame-524.png
PLACES_CAPTURE: wrote /private/var/folders/sl/yxxj_m9n37sgntkntqw0x8yw0000gn/T/places-stage5-gpu-capture-bf50xaew/frame-525.png
[lighting-sequence] capture_attempt ready_frame=525 path=/private/var/folders/sl/yxxj_m9n37sgntkntqw0x8yw0000gn/T/places-stage5-gpu-capture-bf50xaew/frame-525.png
PLACES_CAPTURE: wrote /private/var/folders/sl/yxxj_m9n37sgntkntqw0x8yw0000gn/T/places-stage5-gpu-capture-bf50xaew/frame-526.png
[lighting-sequence] capture_attempt ready_frame=526 path=/private/var/folders/sl/yxxj_m9n37sgntkntqw0x8yw0000gn/T/places-stage5-gpu-capture-bf50xaew/frame-526.png
PLACES_CAPTURE: wrote /private/var/folders/sl/yxxj_m9n37sgntkntqw0x8yw0000gn/T/places-stage5-gpu-capture-bf50xaew/frame-527.png
[lighting-sequence] capture_attempt ready_frame=527 path=/private/var/folders/sl/yxxj_m9n37sgntkntqw0x8yw0000gn/T/places-stage5-gpu-capture-bf50xaew/frame-527.png
PLACES_CAPTURE: wrote /private/var/folders/sl/yxxj_m9n37sgntkntqw0x8yw0000gn/T/places-stage5-gpu-capture-bf50xaew/frame-528.png
[lighting-sequence] capture_attempt ready_frame=528 path=/private/var/folders/sl/yxxj_m9n37sgntkntqw0x8yw0000gn/T/places-stage5-gpu-capture-bf50xaew/frame-528.png
PLACES_CAPTURE: wrote /private/var/folders/sl/yxxj_m9n37sgntkntqw0x8yw0000gn/T/places-stage5-gpu-capture-bf50xaew/frame-529.png
[lighting-sequence] capture_attempt ready_frame=529 path=/private/var/folders/sl/yxxj_m9n37sgntkntqw0x8yw0000gn/T/places-stage5-gpu-capture-bf50xaew/frame-529.png
PLACES_CAPTURE: wrote /private/var/folders/sl/yxxj_m9n37sgntkntqw0x8yw0000gn/T/places-stage5-gpu-capture-bf50xaew/frame-530.png
[lighting-sequence] capture_attempt ready_frame=530 path=/private/var/folders/sl/yxxj_m9n37sgntkntqw0x8yw0000gn/T/places-stage5-gpu-capture-bf50xaew/frame-530.png
PLACES_CAPTURE: wrote /private/var/folders/sl/yxxj_m9n37sgntkntqw0x8yw0000gn/T/places-stage5-gpu-capture-bf50xaew/frame-531.png
[lighting-sequence] capture_attempt ready_frame=531 path=/private/var/folders/sl/yxxj_m9n37sgntkntqw0x8yw0000gn/T/places-stage5-gpu-capture-bf50xaew/frame-531.png
PLACES_CAPTURE: wrote /private/var/folders/sl/yxxj_m9n37sgntkntqw0x8yw0000gn/T/places-stage5-gpu-capture-bf50xaew/frame-532.png
[lighting-sequence] capture_attempt ready_frame=532 path=/private/var/folders/sl/yxxj_m9n37sgntkntqw0x8yw0000gn/T/places-stage5-gpu-capture-bf50xaew/frame-532.png
PLACES_CAPTURE: wrote /private/var/folders/sl/yxxj_m9n37sgntkntqw0x8yw0000gn/T/places-stage5-gpu-capture-bf50xaew/frame-533.png
[lighting-sequence] capture_attempt ready_frame=533 path=/private/var/folders/sl/yxxj_m9n37sgntkntqw0x8yw0000gn/T/places-stage5-gpu-capture-bf50xaew/frame-533.png
PLACES_CAPTURE: wrote /private/var/folders/sl/yxxj_m9n37sgntkntqw0x8yw0000gn/T/places-stage5-gpu-capture-bf50xaew/frame-534.png
[lighting-sequence] capture_attempt ready_frame=534 path=/private/var/folders/sl/yxxj_m9n37sgntkntqw0x8yw0000gn/T/places-stage5-gpu-capture-bf50xaew/frame-534.png
PLACES_CAPTURE: wrote /private/var/folders/sl/yxxj_m9n37sgntkntqw0x8yw0000gn/T/places-stage5-gpu-capture-bf50xaew/frame-535.png
[lighting-sequence] capture_attempt ready_frame=535 path=/private/var/folders/sl/yxxj_m9n37sgntkntqw0x8yw0000gn/T/places-stage5-gpu-capture-bf50xaew/frame-535.png
PLACES_CAPTURE: wrote /private/var/folders/sl/yxxj_m9n37sgntkntqw0x8yw0000gn/T/places-stage5-gpu-capture-bf50xaew/frame-536.png
[lighting-sequence] capture_attempt ready_frame=536 path=/private/var/folders/sl/yxxj_m9n37sgntkntqw0x8yw0000gn/T/places-stage5-gpu-capture-bf50xaew/frame-536.png
PLACES_CAPTURE: wrote /private/var/folders/sl/yxxj_m9n37sgntkntqw0x8yw0000gn/T/places-stage5-gpu-capture-bf50xaew/frame-537.png
[lighting-sequence] capture_attempt ready_frame=537 path=/private/var/folders/sl/yxxj_m9n37sgntkntqw0x8yw0000gn/T/places-stage5-gpu-capture-bf50xaew/frame-537.png
PLACES_CAPTURE: wrote /private/var/folders/sl/yxxj_m9n37sgntkntqw0x8yw0000gn/T/places-stage5-gpu-capture-bf50xaew/frame-538.png
[lighting-sequence] capture_attempt ready_frame=538 path=/private/var/folders/sl/yxxj_m9n37sgntkntqw0x8yw0000gn/T/places-stage5-gpu-capture-bf50xaew/frame-538.png
PLACES_CAPTURE: wrote /private/var/folders/sl/yxxj_m9n37sgntkntqw0x8yw0000gn/T/places-stage5-gpu-capture-bf50xaew/frame-539.png
[lighting-sequence] capture_attempt ready_frame=539 path=/private/var/folders/sl/yxxj_m9n37sgntkntqw0x8yw0000gn/T/places-stage5-gpu-capture-bf50xaew/frame-539.png
PLACES_CAPTURE: wrote /private/var/folders/sl/yxxj_m9n37sgntkntqw0x8yw0000gn/T/places-stage5-gpu-capture-bf50xaew/frame-540.png
[lighting-sequence] capture_attempt ready_frame=540 path=/private/var/folders/sl/yxxj_m9n37sgntkntqw0x8yw0000gn/T/places-stage5-gpu-capture-bf50xaew/frame-540.png
PLACES_CAPTURE: wrote /private/var/folders/sl/yxxj_m9n37sgntkntqw0x8yw0000gn/T/places-stage5-gpu-capture-bf50xaew/frame-541.png
[lighting-sequence] capture_attempt ready_frame=541 path=/private/var/folders/sl/yxxj_m9n37sgntkntqw0x8yw0000gn/T/places-stage5-gpu-capture-bf50xaew/frame-541.png
PLACES_CAPTURE: wrote /private/var/folders/sl/yxxj_m9n37sgntkntqw0x8yw0000gn/T/places-stage5-gpu-capture-bf50xaew/frame-542.png
[lighting-sequence] capture_attempt ready_frame=542 path=/private/var/folders/sl/yxxj_m9n37sgntkntqw0x8yw0000gn/T/places-stage5-gpu-capture-bf50xaew/frame-542.png
PLACES_CAPTURE: wrote /private/var/folders/sl/yxxj_m9n37sgntkntqw0x8yw0000gn/T/places-stage5-gpu-capture-bf50xaew/frame-543.png
[lighting-sequence] capture_attempt ready_frame=543 path=/private/var/folders/sl/yxxj_m9n37sgntkntqw0x8yw0000gn/T/places-stage5-gpu-capture-bf50xaew/frame-543.png
PLACES_CAPTURE: wrote /private/var/folders/sl/yxxj_m9n37sgntkntqw0x8yw0000gn/T/places-stage5-gpu-capture-bf50xaew/frame-544.png
[lighting-sequence] capture_attempt ready_frame=544 path=/private/var/folders/sl/yxxj_m9n37sgntkntqw0x8yw0000gn/T/places-stage5-gpu-capture-bf50xaew/frame-544.png
PLACES_CAPTURE: wrote /private/var/folders/sl/yxxj_m9n37sgntkntqw0x8yw0000gn/T/places-stage5-gpu-capture-bf50xaew/frame-545.png
[lighting-sequence] capture_attempt ready_frame=545 path=/private/var/folders/sl/yxxj_m9n37sgntkntqw0x8yw0000gn/T/places-stage5-gpu-capture-bf50xaew/frame-545.png
PLACES_CAPTURE: wrote /private/var/folders/sl/yxxj_m9n37sgntkntqw0x8yw0000gn/T/places-stage5-gpu-capture-bf50xaew/frame-546.png
[lighting-sequence] capture_attempt ready_frame=546 path=/private/var/folders/sl/yxxj_m9n37sgntkntqw0x8yw0000gn/T/places-stage5-gpu-capture-bf50xaew/frame-546.png
PLACES_CAPTURE: wrote /private/var/folders/sl/yxxj_m9n37sgntkntqw0x8yw0000gn/T/places-stage5-gpu-capture-bf50xaew/frame-547.png
[lighting-sequence] capture_attempt ready_frame=547 path=/private/var/folders/sl/yxxj_m9n37sgntkntqw0x8yw0000gn/T/places-stage5-gpu-capture-bf50xaew/frame-547.png
PLACES_CAPTURE: wrote /private/var/folders/sl/yxxj_m9n37sgntkntqw0x8yw0000gn/T/places-stage5-gpu-capture-bf50xaew/frame-548.png
[lighting-sequence] capture_attempt ready_frame=548 path=/private/var/folders/sl/yxxj_m9n37sgntkntqw0x8yw0000gn/T/places-stage5-gpu-capture-bf50xaew/frame-548.png
PLACES_CAPTURE: wrote /private/var/folders/sl/yxxj_m9n37sgntkntqw0x8yw0000gn/T/places-stage5-gpu-capture-bf50xaew/frame-549.png
[lighting-sequence] capture_attempt ready_frame=549 path=/private/var/folders/sl/yxxj_m9n37sgntkntqw0x8yw0000gn/T/places-stage5-gpu-capture-bf50xaew/frame-549.png
PLACES_CAPTURE: wrote /private/var/folders/sl/yxxj_m9n37sgntkntqw0x8yw0000gn/T/places-stage5-gpu-capture-bf50xaew/frame-550.png
[lighting-sequence] capture_attempt ready_frame=550 path=/private/var/folders/sl/yxxj_m9n37sgntkntqw0x8yw0000gn/T/places-stage5-gpu-capture-bf50xaew/frame-550.png
PLACES_CAPTURE: wrote /private/var/folders/sl/yxxj_m9n37sgntkntqw0x8yw0000gn/T/places-stage5-gpu-capture-bf50xaew/frame-551.png
[lighting-sequence] capture_attempt ready_frame=551 path=/private/var/folders/sl/yxxj_m9n37sgntkntqw0x8yw0000gn/T/places-stage5-gpu-capture-bf50xaew/frame-551.png
PLACES_CAPTURE: wrote /private/var/folders/sl/yxxj_m9n37sgntkntqw0x8yw0000gn/T/places-stage5-gpu-capture-bf50xaew/frame-552.png
[lighting-sequence] capture_attempt ready_frame=552 path=/private/var/folders/sl/yxxj_m9n37sgntkntqw0x8yw0000gn/T/places-stage5-gpu-capture-bf50xaew/frame-552.png
PLACES_CAPTURE: wrote /private/var/folders/sl/yxxj_m9n37sgntkntqw0x8yw0000gn/T/places-stage5-gpu-capture-bf50xaew/frame-553.png
[lighting-sequence] capture_attempt ready_frame=553 path=/private/var/folders/sl/yxxj_m9n37sgntkntqw0x8yw0000gn/T/places-stage5-gpu-capture-bf50xaew/frame-553.png
PLACES_CAPTURE: wrote /private/var/folders/sl/yxxj_m9n37sgntkntqw0x8yw0000gn/T/places-stage5-gpu-capture-bf50xaew/frame-554.png
[lighting-sequence] capture_attempt ready_frame=554 path=/private/var/folders/sl/yxxj_m9n37sgntkntqw0x8yw0000gn/T/places-stage5-gpu-capture-bf50xaew/frame-554.png
PLACES_CAPTURE: wrote /private/var/folders/sl/yxxj_m9n37sgntkntqw0x8yw0000gn/T/places-stage5-gpu-capture-bf50xaew/frame-555.png
[lighting-sequence] capture_attempt ready_frame=555 path=/private/var/folders/sl/yxxj_m9n37sgntkntqw0x8yw0000gn/T/places-stage5-gpu-capture-bf50xaew/frame-555.png
PLACES_CAPTURE: wrote /private/var/folders/sl/yxxj_m9n37sgntkntqw0x8yw0000gn/T/places-stage5-gpu-capture-bf50xaew/frame-556.png
[lighting-sequence] capture_attempt ready_frame=556 path=/private/var/folders/sl/yxxj_m9n37sgntkntqw0x8yw0000gn/T/places-stage5-gpu-capture-bf50xaew/frame-556.png
PLACES_CAPTURE: wrote /private/var/folders/sl/yxxj_m9n37sgntkntqw0x8yw0000gn/T/places-stage5-gpu-capture-bf50xaew/frame-557.png
[lighting-sequence] capture_attempt ready_frame=557 path=/private/var/folders/sl/yxxj_m9n37sgntkntqw0x8yw0000gn/T/places-stage5-gpu-capture-bf50xaew/frame-557.png
PLACES_CAPTURE: wrote /private/var/folders/sl/yxxj_m9n37sgntkntqw0x8yw0000gn/T/places-stage5-gpu-capture-bf50xaew/frame-558.png
[lighting-sequence] capture_attempt ready_frame=558 path=/private/var/folders/sl/yxxj_m9n37sgntkntqw0x8yw0000gn/T/places-stage5-gpu-capture-bf50xaew/frame-558.png
PLACES_CAPTURE: wrote /private/var/folders/sl/yxxj_m9n37sgntkntqw0x8yw0000gn/T/places-stage5-gpu-capture-bf50xaew/frame-559.png
[lighting-sequence] capture_attempt ready_frame=559 path=/private/var/folders/sl/yxxj_m9n37sgntkntqw0x8yw0000gn/T/places-stage5-gpu-capture-bf50xaew/frame-559.png
PLACES_CAPTURE: wrote /private/var/folders/sl/yxxj_m9n37sgntkntqw0x8yw0000gn/T/places-stage5-gpu-capture-bf50xaew/frame-560.png
[lighting-sequence] capture_attempt ready_frame=560 path=/private/var/folders/sl/yxxj_m9n37sgntkntqw0x8yw0000gn/T/places-stage5-gpu-capture-bf50xaew/frame-560.png
PLACES_CAPTURE: wrote /private/var/folders/sl/yxxj_m9n37sgntkntqw0x8yw0000gn/T/places-stage5-gpu-capture-bf50xaew/frame-561.png
[lighting-sequence] capture_attempt ready_frame=561 path=/private/var/folders/sl/yxxj_m9n37sgntkntqw0x8yw0000gn/T/places-stage5-gpu-capture-bf50xaew/frame-561.png
PLACES_CAPTURE: wrote /private/var/folders/sl/yxxj_m9n37sgntkntqw0x8yw0000gn/T/places-stage5-gpu-capture-bf50xaew/frame-562.png
[lighting-sequence] capture_attempt ready_frame=562 path=/private/var/folders/sl/yxxj_m9n37sgntkntqw0x8yw0000gn/T/places-stage5-gpu-capture-bf50xaew/frame-562.png
PLACES_CAPTURE: wrote /private/var/folders/sl/yxxj_m9n37sgntkntqw0x8yw0000gn/T/places-stage5-gpu-capture-bf50xaew/frame-563.png
[lighting-sequence] capture_attempt ready_frame=563 path=/private/var/folders/sl/yxxj_m9n37sgntkntqw0x8yw0000gn/T/places-stage5-gpu-capture-bf50xaew/frame-563.png
PLACES_CAPTURE: wrote /private/var/folders/sl/yxxj_m9n37sgntkntqw0x8yw0000gn/T/places-stage5-gpu-capture-bf50xaew/frame-564.png
[lighting-sequence] capture_attempt ready_frame=564 path=/private/var/folders/sl/yxxj_m9n37sgntkntqw0x8yw0000gn/T/places-stage5-gpu-capture-bf50xaew/frame-564.png
PLACES_CAPTURE: wrote /private/var/folders/sl/yxxj_m9n37sgntkntqw0x8yw0000gn/T/places-stage5-gpu-capture-bf50xaew/frame-565.png
[lighting-sequence] capture_attempt ready_frame=565 path=/private/var/folders/sl/yxxj_m9n37sgntkntqw0x8yw0000gn/T/places-stage5-gpu-capture-bf50xaew/frame-565.png
PLACES_CAPTURE: wrote /private/var/folders/sl/yxxj_m9n37sgntkntqw0x8yw0000gn/T/places-stage5-gpu-capture-bf50xaew/frame-566.png
[lighting-sequence] capture_attempt ready_frame=566 path=/private/var/folders/sl/yxxj_m9n37sgntkntqw0x8yw0000gn/T/places-stage5-gpu-capture-bf50xaew/frame-566.png
PLACES_CAPTURE: wrote /private/var/folders/sl/yxxj_m9n37sgntkntqw0x8yw0000gn/T/places-stage5-gpu-capture-bf50xaew/frame-567.png
[lighting-sequence] capture_attempt ready_frame=567 path=/private/var/folders/sl/yxxj_m9n37sgntkntqw0x8yw0000gn/T/places-stage5-gpu-capture-bf50xaew/frame-567.png
PLACES_CAPTURE: wrote /private/var/folders/sl/yxxj_m9n37sgntkntqw0x8yw0000gn/T/places-stage5-gpu-capture-bf50xaew/frame-568.png
[lighting-sequence] capture_attempt ready_frame=568 path=/private/var/folders/sl/yxxj_m9n37sgntkntqw0x8yw0000gn/T/places-stage5-gpu-capture-bf50xaew/frame-568.png
PLACES_CAPTURE: wrote /private/var/folders/sl/yxxj_m9n37sgntkntqw0x8yw0000gn/T/places-stage5-gpu-capture-bf50xaew/frame-569.png
[lighting-sequence] capture_attempt ready_frame=569 path=/private/var/folders/sl/yxxj_m9n37sgntkntqw0x8yw0000gn/T/places-stage5-gpu-capture-bf50xaew/frame-569.png
PLACES_CAPTURE: wrote /private/var/folders/sl/yxxj_m9n37sgntkntqw0x8yw0000gn/T/places-stage5-gpu-capture-bf50xaew/frame-570.png
[lighting-sequence] capture_attempt ready_frame=570 path=/private/var/folders/sl/yxxj_m9n37sgntkntqw0x8yw0000gn/T/places-stage5-gpu-capture-bf50xaew/frame-570.png
PLACES_CAPTURE: wrote /private/var/folders/sl/yxxj_m9n37sgntkntqw0x8yw0000gn/T/places-stage5-gpu-capture-bf50xaew/frame-571.png
[lighting-sequence] capture_attempt ready_frame=571 path=/private/var/folders/sl/yxxj_m9n37sgntkntqw0x8yw0000gn/T/places-stage5-gpu-capture-bf50xaew/frame-571.png
PLACES_CAPTURE: wrote /private/var/folders/sl/yxxj_m9n37sgntkntqw0x8yw0000gn/T/places-stage5-gpu-capture-bf50xaew/frame-572.png
[lighting-sequence] capture_attempt ready_frame=572 path=/private/var/folders/sl/yxxj_m9n37sgntkntqw0x8yw0000gn/T/places-stage5-gpu-capture-bf50xaew/frame-572.png
PLACES_CAPTURE: wrote /private/var/folders/sl/yxxj_m9n37sgntkntqw0x8yw0000gn/T/places-stage5-gpu-capture-bf50xaew/frame-573.png
[lighting-sequence] capture_attempt ready_frame=573 path=/private/var/folders/sl/yxxj_m9n37sgntkntqw0x8yw0000gn/T/places-stage5-gpu-capture-bf50xaew/frame-573.png
PLACES_CAPTURE: wrote /private/var/folders/sl/yxxj_m9n37sgntkntqw0x8yw0000gn/T/places-stage5-gpu-capture-bf50xaew/frame-574.png
[lighting-sequence] capture_attempt ready_frame=574 path=/private/var/folders/sl/yxxj_m9n37sgntkntqw0x8yw0000gn/T/places-stage5-gpu-capture-bf50xaew/frame-574.png
PLACES_CAPTURE: wrote /private/var/folders/sl/yxxj_m9n37sgntkntqw0x8yw0000gn/T/places-stage5-gpu-capture-bf50xaew/frame-575.png
[lighting-sequence] capture_attempt ready_frame=575 path=/private/var/folders/sl/yxxj_m9n37sgntkntqw0x8yw0000gn/T/places-stage5-gpu-capture-bf50xaew/frame-575.png
PLACES_CAPTURE: wrote /private/var/folders/sl/yxxj_m9n37sgntkntqw0x8yw0000gn/T/places-stage5-gpu-capture-bf50xaew/frame-576.png
[lighting-sequence] capture_attempt ready_frame=576 path=/private/var/folders/sl/yxxj_m9n37sgntkntqw0x8yw0000gn/T/places-stage5-gpu-capture-bf50xaew/frame-576.png
PLACES_CAPTURE: wrote /private/var/folders/sl/yxxj_m9n37sgntkntqw0x8yw0000gn/T/places-stage5-gpu-capture-bf50xaew/frame-577.png
[lighting-sequence] capture_attempt ready_frame=577 path=/private/var/folders/sl/yxxj_m9n37sgntkntqw0x8yw0000gn/T/places-stage5-gpu-capture-bf50xaew/frame-577.png
PLACES_CAPTURE: wrote /private/var/folders/sl/yxxj_m9n37sgntkntqw0x8yw0000gn/T/places-stage5-gpu-capture-bf50xaew/frame-578.png
[lighting-sequence] capture_attempt ready_frame=578 path=/private/var/folders/sl/yxxj_m9n37sgntkntqw0x8yw0000gn/T/places-stage5-gpu-capture-bf50xaew/frame-578.png
PLACES_CAPTURE: wrote /private/var/folders/sl/yxxj_m9n37sgntkntqw0x8yw0000gn/T/places-stage5-gpu-capture-bf50xaew/frame-579.png
[lighting-sequence] capture_attempt ready_frame=579 path=/private/var/folders/sl/yxxj_m9n37sgntkntqw0x8yw0000gn/T/places-stage5-gpu-capture-bf50xaew/frame-579.png
PLACES_CAPTURE: wrote /private/var/folders/sl/yxxj_m9n37sgntkntqw0x8yw0000gn/T/places-stage5-gpu-capture-bf50xaew/frame-580.png
[lighting-sequence] capture_attempt ready_frame=580 path=/private/var/folders/sl/yxxj_m9n37sgntkntqw0x8yw0000gn/T/places-stage5-gpu-capture-bf50xaew/frame-580.png
PLACES_CAPTURE: wrote /private/var/folders/sl/yxxj_m9n37sgntkntqw0x8yw0000gn/T/places-stage5-gpu-capture-bf50xaew/frame-581.png
[lighting-sequence] capture_attempt ready_frame=581 path=/private/var/folders/sl/yxxj_m9n37sgntkntqw0x8yw0000gn/T/places-stage5-gpu-capture-bf50xaew/frame-581.png
PLACES_CAPTURE: wrote /private/var/folders/sl/yxxj_m9n37sgntkntqw0x8yw0000gn/T/places-stage5-gpu-capture-bf50xaew/frame-582.png
[lighting-sequence] capture_attempt ready_frame=582 path=/private/var/folders/sl/yxxj_m9n37sgntkntqw0x8yw0000gn/T/places-stage5-gpu-capture-bf50xaew/frame-582.png
PLACES_CAPTURE: wrote /private/var/folders/sl/yxxj_m9n37sgntkntqw0x8yw0000gn/T/places-stage5-gpu-capture-bf50xaew/frame-583.png
[lighting-sequence] capture_attempt ready_frame=583 path=/private/var/folders/sl/yxxj_m9n37sgntkntqw0x8yw0000gn/T/places-stage5-gpu-capture-bf50xaew/frame-583.png
PLACES_CAPTURE: wrote /private/var/folders/sl/yxxj_m9n37sgntkntqw0x8yw0000gn/T/places-stage5-gpu-capture-bf50xaew/frame-584.png
[lighting-sequence] capture_attempt ready_frame=584 path=/private/var/folders/sl/yxxj_m9n37sgntkntqw0x8yw0000gn/T/places-stage5-gpu-capture-bf50xaew/frame-584.png
PLACES_CAPTURE: wrote /private/var/folders/sl/yxxj_m9n37sgntkntqw0x8yw0000gn/T/places-stage5-gpu-capture-bf50xaew/frame-585.png
[lighting-sequence] capture_attempt ready_frame=585 path=/private/var/folders/sl/yxxj_m9n37sgntkntqw0x8yw0000gn/T/places-stage5-gpu-capture-bf50xaew/frame-585.png
PLACES_CAPTURE: wrote /private/var/folders/sl/yxxj_m9n37sgntkntqw0x8yw0000gn/T/places-stage5-gpu-capture-bf50xaew/frame-586.png
[lighting-sequence] capture_attempt ready_frame=586 path=/private/var/folders/sl/yxxj_m9n37sgntkntqw0x8yw0000gn/T/places-stage5-gpu-capture-bf50xaew/frame-586.png
PLACES_CAPTURE: wrote /private/var/folders/sl/yxxj_m9n37sgntkntqw0x8yw0000gn/T/places-stage5-gpu-capture-bf50xaew/frame-587.png
[lighting-sequence] capture_attempt ready_frame=587 path=/private/var/folders/sl/yxxj_m9n37sgntkntqw0x8yw0000gn/T/places-stage5-gpu-capture-bf50xaew/frame-587.png
PLACES_CAPTURE: wrote /private/var/folders/sl/yxxj_m9n37sgntkntqw0x8yw0000gn/T/places-stage5-gpu-capture-bf50xaew/frame-588.png
[lighting-sequence] capture_attempt ready_frame=588 path=/private/var/folders/sl/yxxj_m9n37sgntkntqw0x8yw0000gn/T/places-stage5-gpu-capture-bf50xaew/frame-588.png
PLACES_CAPTURE: wrote /private/var/folders/sl/yxxj_m9n37sgntkntqw0x8yw0000gn/T/places-stage5-gpu-capture-bf50xaew/frame-589.png
[lighting-sequence] capture_attempt ready_frame=589 path=/private/var/folders/sl/yxxj_m9n37sgntkntqw0x8yw0000gn/T/places-stage5-gpu-capture-bf50xaew/frame-589.png
PLACES_CAPTURE: wrote /private/var/folders/sl/yxxj_m9n37sgntkntqw0x8yw0000gn/T/places-stage5-gpu-capture-bf50xaew/frame-590.png
[lighting-sequence] capture_attempt ready_frame=590 path=/private/var/folders/sl/yxxj_m9n37sgntkntqw0x8yw0000gn/T/places-stage5-gpu-capture-bf50xaew/frame-590.png
PLACES_CAPTURE: wrote /private/var/folders/sl/yxxj_m9n37sgntkntqw0x8yw0000gn/T/places-stage5-gpu-capture-bf50xaew/frame-591.png
[lighting-sequence] capture_attempt ready_frame=591 path=/private/var/folders/sl/yxxj_m9n37sgntkntqw0x8yw0000gn/T/places-stage5-gpu-capture-bf50xaew/frame-591.png
PLACES_CAPTURE: wrote /private/var/folders/sl/yxxj_m9n37sgntkntqw0x8yw0000gn/T/places-stage5-gpu-capture-bf50xaew/frame-592.png
[lighting-sequence] capture_attempt ready_frame=592 path=/private/var/folders/sl/yxxj_m9n37sgntkntqw0x8yw0000gn/T/places-stage5-gpu-capture-bf50xaew/frame-592.png
PLACES_CAPTURE: wrote /private/var/folders/sl/yxxj_m9n37sgntkntqw0x8yw0000gn/T/places-stage5-gpu-capture-bf50xaew/frame-593.png
[lighting-sequence] capture_attempt ready_frame=593 path=/private/var/folders/sl/yxxj_m9n37sgntkntqw0x8yw0000gn/T/places-stage5-gpu-capture-bf50xaew/frame-593.png
PLACES_CAPTURE: wrote /private/var/folders/sl/yxxj_m9n37sgntkntqw0x8yw0000gn/T/places-stage5-gpu-capture-bf50xaew/frame-594.png
[lighting-sequence] capture_attempt ready_frame=594 path=/private/var/folders/sl/yxxj_m9n37sgntkntqw0x8yw0000gn/T/places-stage5-gpu-capture-bf50xaew/frame-594.png
PLACES_CAPTURE: wrote /private/var/folders/sl/yxxj_m9n37sgntkntqw0x8yw0000gn/T/places-stage5-gpu-capture-bf50xaew/frame-595.png
[lighting-sequence] capture_attempt ready_frame=595 path=/private/var/folders/sl/yxxj_m9n37sgntkntqw0x8yw0000gn/T/places-stage5-gpu-capture-bf50xaew/frame-595.png
PLACES_CAPTURE: wrote /private/var/folders/sl/yxxj_m9n37sgntkntqw0x8yw0000gn/T/places-stage5-gpu-capture-bf50xaew/frame-596.png
[lighting-sequence] capture_attempt ready_frame=596 path=/private/var/folders/sl/yxxj_m9n37sgntkntqw0x8yw0000gn/T/places-stage5-gpu-capture-bf50xaew/frame-596.png
PLACES_CAPTURE: wrote /private/var/folders/sl/yxxj_m9n37sgntkntqw0x8yw0000gn/T/places-stage5-gpu-capture-bf50xaew/frame-597.png
[lighting-sequence] capture_attempt ready_frame=597 path=/private/var/folders/sl/yxxj_m9n37sgntkntqw0x8yw0000gn/T/places-stage5-gpu-capture-bf50xaew/frame-597.png
PLACES_CAPTURE: wrote /private/var/folders/sl/yxxj_m9n37sgntkntqw0x8yw0000gn/T/places-stage5-gpu-capture-bf50xaew/frame-598.png
[lighting-sequence] capture_attempt ready_frame=598 path=/private/var/folders/sl/yxxj_m9n37sgntkntqw0x8yw0000gn/T/places-stage5-gpu-capture-bf50xaew/frame-598.png
PLACES_CAPTURE: wrote /private/var/folders/sl/yxxj_m9n37sgntkntqw0x8yw0000gn/T/places-stage5-gpu-capture-bf50xaew/frame-599.png
[lighting-sequence] capture_attempt ready_frame=599 path=/private/var/folders/sl/yxxj_m9n37sgntkntqw0x8yw0000gn/T/places-stage5-gpu-capture-bf50xaew/frame-599.png
PLACES_CAPTURE: wrote /private/var/folders/sl/yxxj_m9n37sgntkntqw0x8yw0000gn/T/places-stage5-gpu-capture-bf50xaew/frame-600.png
[lighting-sequence] capture_attempt ready_frame=600 path=/private/var/folders/sl/yxxj_m9n37sgntkntqw0x8yw0000gn/T/places-stage5-gpu-capture-bf50xaew/frame-600.png
PLACES_CAPTURE: wrote /private/var/folders/sl/yxxj_m9n37sgntkntqw0x8yw0000gn/T/places-stage5-gpu-capture-bf50xaew/frame-601.png
[lighting-sequence] capture_attempt ready_frame=601 path=/private/var/folders/sl/yxxj_m9n37sgntkntqw0x8yw0000gn/T/places-stage5-gpu-capture-bf50xaew/frame-601.png
PLACES_CAPTURE: wrote /private/var/folders/sl/yxxj_m9n37sgntkntqw0x8yw0000gn/T/places-stage5-gpu-capture-bf50xaew/frame-602.png
[lighting-sequence] capture_attempt ready_frame=602 path=/private/var/folders/sl/yxxj_m9n37sgntkntqw0x8yw0000gn/T/places-stage5-gpu-capture-bf50xaew/frame-602.png
PLACES_CAPTURE: wrote /private/var/folders/sl/yxxj_m9n37sgntkntqw0x8yw0000gn/T/places-stage5-gpu-capture-bf50xaew/frame-603.png
[lighting-sequence] capture_attempt ready_frame=603 path=/private/var/folders/sl/yxxj_m9n37sgntkntqw0x8yw0000gn/T/places-stage5-gpu-capture-bf50xaew/frame-603.png
PLACES_CAPTURE: wrote /private/var/folders/sl/yxxj_m9n37sgntkntqw0x8yw0000gn/T/places-stage5-gpu-capture-bf50xaew/frame-604.png
[lighting-sequence] capture_attempt ready_frame=604 path=/private/var/folders/sl/yxxj_m9n37sgntkntqw0x8yw0000gn/T/places-stage5-gpu-capture-bf50xaew/frame-604.png
PLACES_CAPTURE: wrote /private/var/folders/sl/yxxj_m9n37sgntkntqw0x8yw0000gn/T/places-stage5-gpu-capture-bf50xaew/frame-605.png
[lighting-sequence] capture_attempt ready_frame=605 path=/private/var/folders/sl/yxxj_m9n37sgntkntqw0x8yw0000gn/T/places-stage5-gpu-capture-bf50xaew/frame-605.png
PLACES_CAPTURE: wrote /private/var/folders/sl/yxxj_m9n37sgntkntqw0x8yw0000gn/T/places-stage5-gpu-capture-bf50xaew/frame-606.png
[lighting-sequence] capture_attempt ready_frame=606 path=/private/var/folders/sl/yxxj_m9n37sgntkntqw0x8yw0000gn/T/places-stage5-gpu-capture-bf50xaew/frame-606.png
PLACES_CAPTURE: wrote /private/var/folders/sl/yxxj_m9n37sgntkntqw0x8yw0000gn/T/places-stage5-gpu-capture-bf50xaew/frame-607.png
[lighting-sequence] capture_attempt ready_frame=607 path=/private/var/folders/sl/yxxj_m9n37sgntkntqw0x8yw0000gn/T/places-stage5-gpu-capture-bf50xaew/frame-607.png
PLACES_CAPTURE: wrote /private/var/folders/sl/yxxj_m9n37sgntkntqw0x8yw0000gn/T/places-stage5-gpu-capture-bf50xaew/frame-608.png
[lighting-sequence] capture_attempt ready_frame=608 path=/private/var/folders/sl/yxxj_m9n37sgntkntqw0x8yw0000gn/T/places-stage5-gpu-capture-bf50xaew/frame-608.png
PLACES_CAPTURE: wrote /private/var/folders/sl/yxxj_m9n37sgntkntqw0x8yw0000gn/T/places-stage5-gpu-capture-bf50xaew/frame-609.png
[lighting-sequence] capture_attempt ready_frame=609 path=/private/var/folders/sl/yxxj_m9n37sgntkntqw0x8yw0000gn/T/places-stage5-gpu-capture-bf50xaew/frame-609.png
PLACES_CAPTURE: wrote /private/var/folders/sl/yxxj_m9n37sgntkntqw0x8yw0000gn/T/places-stage5-gpu-capture-bf50xaew/frame-610.png
[lighting-sequence] capture_attempt ready_frame=610 path=/private/var/folders/sl/yxxj_m9n37sgntkntqw0x8yw0000gn/T/places-stage5-gpu-capture-bf50xaew/frame-610.png
PLACES_CAPTURE: wrote /private/var/folders/sl/yxxj_m9n37sgntkntqw0x8yw0000gn/T/places-stage5-gpu-capture-bf50xaew/frame-611.png
[lighting-sequence] capture_attempt ready_frame=611 path=/private/var/folders/sl/yxxj_m9n37sgntkntqw0x8yw0000gn/T/places-stage5-gpu-capture-bf50xaew/frame-611.png
PLACES_CAPTURE: wrote /private/var/folders/sl/yxxj_m9n37sgntkntqw0x8yw0000gn/T/places-stage5-gpu-capture-bf50xaew/frame-612.png
[lighting-sequence] capture_attempt ready_frame=612 path=/private/var/folders/sl/yxxj_m9n37sgntkntqw0x8yw0000gn/T/places-stage5-gpu-capture-bf50xaew/frame-612.png
PLACES_CAPTURE: wrote /private/var/folders/sl/yxxj_m9n37sgntkntqw0x8yw0000gn/T/places-stage5-gpu-capture-bf50xaew/frame-613.png
[lighting-sequence] capture_attempt ready_frame=613 path=/private/var/folders/sl/yxxj_m9n37sgntkntqw0x8yw0000gn/T/places-stage5-gpu-capture-bf50xaew/frame-613.png
PLACES_CAPTURE: wrote /private/var/folders/sl/yxxj_m9n37sgntkntqw0x8yw0000gn/T/places-stage5-gpu-capture-bf50xaew/frame-614.png
[lighting-sequence] capture_attempt ready_frame=614 path=/private/var/folders/sl/yxxj_m9n37sgntkntqw0x8yw0000gn/T/places-stage5-gpu-capture-bf50xaew/frame-614.png
PLACES_CAPTURE: wrote /private/var/folders/sl/yxxj_m9n37sgntkntqw0x8yw0000gn/T/places-stage5-gpu-capture-bf50xaew/frame-615.png
[lighting-sequence] capture_attempt ready_frame=615 path=/private/var/folders/sl/yxxj_m9n37sgntkntqw0x8yw0000gn/T/places-stage5-gpu-capture-bf50xaew/frame-615.png
PLACES_CAPTURE: wrote /private/var/folders/sl/yxxj_m9n37sgntkntqw0x8yw0000gn/T/places-stage5-gpu-capture-bf50xaew/frame-616.png
[lighting-sequence] capture_attempt ready_frame=616 path=/private/var/folders/sl/yxxj_m9n37sgntkntqw0x8yw0000gn/T/places-stage5-gpu-capture-bf50xaew/frame-616.png
PLACES_CAPTURE: wrote /private/var/folders/sl/yxxj_m9n37sgntkntqw0x8yw0000gn/T/places-stage5-gpu-capture-bf50xaew/frame-617.png
[lighting-sequence] capture_attempt ready_frame=617 path=/private/var/folders/sl/yxxj_m9n37sgntkntqw0x8yw0000gn/T/places-stage5-gpu-capture-bf50xaew/frame-617.png
PLACES_CAPTURE: wrote /private/var/folders/sl/yxxj_m9n37sgntkntqw0x8yw0000gn/T/places-stage5-gpu-capture-bf50xaew/frame-618.png
[lighting-sequence] capture_attempt ready_frame=618 path=/private/var/folders/sl/yxxj_m9n37sgntkntqw0x8yw0000gn/T/places-stage5-gpu-capture-bf50xaew/frame-618.png
PLACES_CAPTURE: wrote /private/var/folders/sl/yxxj_m9n37sgntkntqw0x8yw0000gn/T/places-stage5-gpu-capture-bf50xaew/frame-619.png
[lighting-sequence] capture_attempt ready_frame=619 path=/private/var/folders/sl/yxxj_m9n37sgntkntqw0x8yw0000gn/T/places-stage5-gpu-capture-bf50xaew/frame-619.png
PLACES_CAPTURE: wrote /private/var/folders/sl/yxxj_m9n37sgntkntqw0x8yw0000gn/T/places-stage5-gpu-capture-bf50xaew/frame-620.png
[lighting-sequence] capture_attempt ready_frame=620 path=/private/var/folders/sl/yxxj_m9n37sgntkntqw0x8yw0000gn/T/places-stage5-gpu-capture-bf50xaew/frame-620.png
PLACES_CAPTURE: wrote /private/var/folders/sl/yxxj_m9n37sgntkntqw0x8yw0000gn/T/places-stage5-gpu-capture-bf50xaew/frame-621.png
[lighting-sequence] capture_attempt ready_frame=621 path=/private/var/folders/sl/yxxj_m9n37sgntkntqw0x8yw0000gn/T/places-stage5-gpu-capture-bf50xaew/frame-621.png
PLACES_CAPTURE: wrote /private/var/folders/sl/yxxj_m9n37sgntkntqw0x8yw0000gn/T/places-stage5-gpu-capture-bf50xaew/frame-622.png
[lighting-sequence] capture_attempt ready_frame=622 path=/private/var/folders/sl/yxxj_m9n37sgntkntqw0x8yw0000gn/T/places-stage5-gpu-capture-bf50xaew/frame-622.png
PLACES_CAPTURE: wrote /private/var/folders/sl/yxxj_m9n37sgntkntqw0x8yw0000gn/T/places-stage5-gpu-capture-bf50xaew/frame-623.png
[lighting-sequence] capture_attempt ready_frame=623 path=/private/var/folders/sl/yxxj_m9n37sgntkntqw0x8yw0000gn/T/places-stage5-gpu-capture-bf50xaew/frame-623.png
PLACES_CAPTURE: wrote /private/var/folders/sl/yxxj_m9n37sgntkntqw0x8yw0000gn/T/places-stage5-gpu-capture-bf50xaew/frame-624.png
[lighting-sequence] capture_attempt ready_frame=624 path=/private/var/folders/sl/yxxj_m9n37sgntkntqw0x8yw0000gn/T/places-stage5-gpu-capture-bf50xaew/frame-624.png
PLACES_CAPTURE: wrote /private/var/folders/sl/yxxj_m9n37sgntkntqw0x8yw0000gn/T/places-stage5-gpu-capture-bf50xaew/frame-625.png
[lighting-sequence] capture_attempt ready_frame=625 path=/private/var/folders/sl/yxxj_m9n37sgntkntqw0x8yw0000gn/T/places-stage5-gpu-capture-bf50xaew/frame-625.png
PLACES_CAPTURE: wrote /private/var/folders/sl/yxxj_m9n37sgntkntqw0x8yw0000gn/T/places-stage5-gpu-capture-bf50xaew/frame-626.png
[lighting-sequence] capture_attempt ready_frame=626 path=/private/var/folders/sl/yxxj_m9n37sgntkntqw0x8yw0000gn/T/places-stage5-gpu-capture-bf50xaew/frame-626.png
PLACES_CAPTURE: wrote /private/var/folders/sl/yxxj_m9n37sgntkntqw0x8yw0000gn/T/places-stage5-gpu-capture-bf50xaew/frame-627.png
[lighting-sequence] capture_attempt ready_frame=627 path=/private/var/folders/sl/yxxj_m9n37sgntkntqw0x8yw0000gn/T/places-stage5-gpu-capture-bf50xaew/frame-627.png
PLACES_CAPTURE: wrote /private/var/folders/sl/yxxj_m9n37sgntkntqw0x8yw0000gn/T/places-stage5-gpu-capture-bf50xaew/frame-628.png
[lighting-sequence] capture_attempt ready_frame=628 path=/private/var/folders/sl/yxxj_m9n37sgntkntqw0x8yw0000gn/T/places-stage5-gpu-capture-bf50xaew/frame-628.png
PLACES_CAPTURE: wrote /private/var/folders/sl/yxxj_m9n37sgntkntqw0x8yw0000gn/T/places-stage5-gpu-capture-bf50xaew/frame-629.png
[lighting-sequence] capture_attempt ready_frame=629 path=/private/var/folders/sl/yxxj_m9n37sgntkntqw0x8yw0000gn/T/places-stage5-gpu-capture-bf50xaew/frame-629.png
PLACES_CAPTURE: wrote /private/var/folders/sl/yxxj_m9n37sgntkntqw0x8yw0000gn/T/places-stage5-gpu-capture-bf50xaew/frame-630.png
[lighting-sequence] capture_attempt ready_frame=630 path=/private/var/folders/sl/yxxj_m9n37sgntkntqw0x8yw0000gn/T/places-stage5-gpu-capture-bf50xaew/frame-630.png
PLACES_CAPTURE: wrote /private/var/folders/sl/yxxj_m9n37sgntkntqw0x8yw0000gn/T/places-stage5-gpu-capture-bf50xaew/frame-631.png
[lighting-sequence] capture_attempt ready_frame=631 path=/private/var/folders/sl/yxxj_m9n37sgntkntqw0x8yw0000gn/T/places-stage5-gpu-capture-bf50xaew/frame-631.png
PLACES_CAPTURE: wrote /private/var/folders/sl/yxxj_m9n37sgntkntqw0x8yw0000gn/T/places-stage5-gpu-capture-bf50xaew/frame-632.png
[lighting-sequence] capture_attempt ready_frame=632 path=/private/var/folders/sl/yxxj_m9n37sgntkntqw0x8yw0000gn/T/places-stage5-gpu-capture-bf50xaew/frame-632.png
PLACES_CAPTURE: wrote /private/var/folders/sl/yxxj_m9n37sgntkntqw0x8yw0000gn/T/places-stage5-gpu-capture-bf50xaew/frame-633.png
[lighting-sequence] capture_attempt ready_frame=633 path=/private/var/folders/sl/yxxj_m9n37sgntkntqw0x8yw0000gn/T/places-stage5-gpu-capture-bf50xaew/frame-633.png
PLACES_CAPTURE: wrote /private/var/folders/sl/yxxj_m9n37sgntkntqw0x8yw0000gn/T/places-stage5-gpu-capture-bf50xaew/frame-634.png
[lighting-sequence] capture_attempt ready_frame=634 path=/private/var/folders/sl/yxxj_m9n37sgntkntqw0x8yw0000gn/T/places-stage5-gpu-capture-bf50xaew/frame-634.png
PLACES_CAPTURE: wrote /private/var/folders/sl/yxxj_m9n37sgntkntqw0x8yw0000gn/T/places-stage5-gpu-capture-bf50xaew/frame-635.png
[lighting-sequence] capture_attempt ready_frame=635 path=/private/var/folders/sl/yxxj_m9n37sgntkntqw0x8yw0000gn/T/places-stage5-gpu-capture-bf50xaew/frame-635.png
PLACES_CAPTURE: wrote /private/var/folders/sl/yxxj_m9n37sgntkntqw0x8yw0000gn/T/places-stage5-gpu-capture-bf50xaew/frame-636.png
[lighting-sequence] capture_attempt ready_frame=636 path=/private/var/folders/sl/yxxj_m9n37sgntkntqw0x8yw0000gn/T/places-stage5-gpu-capture-bf50xaew/frame-636.png
PLACES_CAPTURE: wrote /private/var/folders/sl/yxxj_m9n37sgntkntqw0x8yw0000gn/T/places-stage5-gpu-capture-bf50xaew/frame-637.png
[lighting-sequence] capture_attempt ready_frame=637 path=/private/var/folders/sl/yxxj_m9n37sgntkntqw0x8yw0000gn/T/places-stage5-gpu-capture-bf50xaew/frame-637.png
PLACES_CAPTURE: wrote /private/var/folders/sl/yxxj_m9n37sgntkntqw0x8yw0000gn/T/places-stage5-gpu-capture-bf50xaew/frame-638.png
[lighting-sequence] capture_attempt ready_frame=638 path=/private/var/folders/sl/yxxj_m9n37sgntkntqw0x8yw0000gn/T/places-stage5-gpu-capture-bf50xaew/frame-638.png
PLACES_CAPTURE: wrote /private/var/folders/sl/yxxj_m9n37sgntkntqw0x8yw0000gn/T/places-stage5-gpu-capture-bf50xaew/frame-639.png
[lighting-sequence] capture_attempt ready_frame=639 path=/private/var/folders/sl/yxxj_m9n37sgntkntqw0x8yw0000gn/T/places-stage5-gpu-capture-bf50xaew/frame-639.png
PLACES_CAPTURE: wrote /private/var/folders/sl/yxxj_m9n37sgntkntqw0x8yw0000gn/T/places-stage5-gpu-capture-bf50xaew/frame-640.png
[lighting-sequence] capture_attempt ready_frame=640 path=/private/var/folders/sl/yxxj_m9n37sgntkntqw0x8yw0000gn/T/places-stage5-gpu-capture-bf50xaew/frame-640.png
PLACES_CAPTURE: wrote /private/var/folders/sl/yxxj_m9n37sgntkntqw0x8yw0000gn/T/places-stage5-gpu-capture-bf50xaew/frame-641.png
[lighting-sequence] capture_attempt ready_frame=641 path=/private/var/folders/sl/yxxj_m9n37sgntkntqw0x8yw0000gn/T/places-stage5-gpu-capture-bf50xaew/frame-641.png
PLACES_CAPTURE: wrote /private/var/folders/sl/yxxj_m9n37sgntkntqw0x8yw0000gn/T/places-stage5-gpu-capture-bf50xaew/frame-642.png
[lighting-sequence] capture_attempt ready_frame=642 path=/private/var/folders/sl/yxxj_m9n37sgntkntqw0x8yw0000gn/T/places-stage5-gpu-capture-bf50xaew/frame-642.png
PLACES_CAPTURE: wrote /private/var/folders/sl/yxxj_m9n37sgntkntqw0x8yw0000gn/T/places-stage5-gpu-capture-bf50xaew/frame-643.png
[lighting-sequence] capture_attempt ready_frame=643 path=/private/var/folders/sl/yxxj_m9n37sgntkntqw0x8yw0000gn/T/places-stage5-gpu-capture-bf50xaew/frame-643.png
PLACES_CAPTURE: wrote /private/var/folders/sl/yxxj_m9n37sgntkntqw0x8yw0000gn/T/places-stage5-gpu-capture-bf50xaew/frame-644.png
[lighting-sequence] capture_attempt ready_frame=644 path=/private/var/folders/sl/yxxj_m9n37sgntkntqw0x8yw0000gn/T/places-stage5-gpu-capture-bf50xaew/frame-644.png
PLACES_CAPTURE: wrote /private/var/folders/sl/yxxj_m9n37sgntkntqw0x8yw0000gn/T/places-stage5-gpu-capture-bf50xaew/frame-645.png
[lighting-sequence] capture_attempt ready_frame=645 path=/private/var/folders/sl/yxxj_m9n37sgntkntqw0x8yw0000gn/T/places-stage5-gpu-capture-bf50xaew/frame-645.png
PLACES_CAPTURE: wrote /private/var/folders/sl/yxxj_m9n37sgntkntqw0x8yw0000gn/T/places-stage5-gpu-capture-bf50xaew/frame-646.png
[lighting-sequence] capture_attempt ready_frame=646 path=/private/var/folders/sl/yxxj_m9n37sgntkntqw0x8yw0000gn/T/places-stage5-gpu-capture-bf50xaew/frame-646.png
PLACES_CAPTURE: wrote /private/var/folders/sl/yxxj_m9n37sgntkntqw0x8yw0000gn/T/places-stage5-gpu-capture-bf50xaew/frame-647.png
[lighting-sequence] capture_attempt ready_frame=647 path=/private/var/folders/sl/yxxj_m9n37sgntkntqw0x8yw0000gn/T/places-stage5-gpu-capture-bf50xaew/frame-647.png
PLACES_CAPTURE: wrote /private/var/folders/sl/yxxj_m9n37sgntkntqw0x8yw0000gn/T/places-stage5-gpu-capture-bf50xaew/frame-648.png
[lighting-sequence] capture_attempt ready_frame=648 path=/private/var/folders/sl/yxxj_m9n37sgntkntqw0x8yw0000gn/T/places-stage5-gpu-capture-bf50xaew/frame-648.png
PLACES_CAPTURE: wrote /private/var/folders/sl/yxxj_m9n37sgntkntqw0x8yw0000gn/T/places-stage5-gpu-capture-bf50xaew/frame-649.png
[lighting-sequence] capture_attempt ready_frame=649 path=/private/var/folders/sl/yxxj_m9n37sgntkntqw0x8yw0000gn/T/places-stage5-gpu-capture-bf50xaew/frame-649.png
PLACES_CAPTURE: wrote /private/var/folders/sl/yxxj_m9n37sgntkntqw0x8yw0000gn/T/places-stage5-gpu-capture-bf50xaew/frame-650.png
[lighting-sequence] capture_attempt ready_frame=650 path=/private/var/folders/sl/yxxj_m9n37sgntkntqw0x8yw0000gn/T/places-stage5-gpu-capture-bf50xaew/frame-650.png
PLACES_CAPTURE: wrote /private/var/folders/sl/yxxj_m9n37sgntkntqw0x8yw0000gn/T/places-stage5-gpu-capture-bf50xaew/frame-651.png
[lighting-sequence] capture_attempt ready_frame=651 path=/private/var/folders/sl/yxxj_m9n37sgntkntqw0x8yw0000gn/T/places-stage5-gpu-capture-bf50xaew/frame-651.png
PLACES_CAPTURE: wrote /private/var/folders/sl/yxxj_m9n37sgntkntqw0x8yw0000gn/T/places-stage5-gpu-capture-bf50xaew/frame-652.png
[lighting-sequence] capture_attempt ready_frame=652 path=/private/var/folders/sl/yxxj_m9n37sgntkntqw0x8yw0000gn/T/places-stage5-gpu-capture-bf50xaew/frame-652.png
PLACES_CAPTURE: wrote /private/var/folders/sl/yxxj_m9n37sgntkntqw0x8yw0000gn/T/places-stage5-gpu-capture-bf50xaew/frame-653.png
[lighting-sequence] capture_attempt ready_frame=653 path=/private/var/folders/sl/yxxj_m9n37sgntkntqw0x8yw0000gn/T/places-stage5-gpu-capture-bf50xaew/frame-653.png
PLACES_CAPTURE: wrote /private/var/folders/sl/yxxj_m9n37sgntkntqw0x8yw0000gn/T/places-stage5-gpu-capture-bf50xaew/frame-654.png
[lighting-sequence] capture_attempt ready_frame=654 path=/private/var/folders/sl/yxxj_m9n37sgntkntqw0x8yw0000gn/T/places-stage5-gpu-capture-bf50xaew/frame-654.png
PLACES_CAPTURE: wrote /private/var/folders/sl/yxxj_m9n37sgntkntqw0x8yw0000gn/T/places-stage5-gpu-capture-bf50xaew/frame-655.png
[lighting-sequence] capture_attempt ready_frame=655 path=/private/var/folders/sl/yxxj_m9n37sgntkntqw0x8yw0000gn/T/places-stage5-gpu-capture-bf50xaew/frame-655.png
PLACES_CAPTURE: wrote /private/var/folders/sl/yxxj_m9n37sgntkntqw0x8yw0000gn/T/places-stage5-gpu-capture-bf50xaew/frame-656.png
[lighting-sequence] capture_attempt ready_frame=656 path=/private/var/folders/sl/yxxj_m9n37sgntkntqw0x8yw0000gn/T/places-stage5-gpu-capture-bf50xaew/frame-656.png
PLACES_CAPTURE: wrote /private/var/folders/sl/yxxj_m9n37sgntkntqw0x8yw0000gn/T/places-stage5-gpu-capture-bf50xaew/frame-657.png
[lighting-sequence] capture_attempt ready_frame=657 path=/private/var/folders/sl/yxxj_m9n37sgntkntqw0x8yw0000gn/T/places-stage5-gpu-capture-bf50xaew/frame-657.png
PLACES_CAPTURE: wrote /private/var/folders/sl/yxxj_m9n37sgntkntqw0x8yw0000gn/T/places-stage5-gpu-capture-bf50xaew/frame-658.png
[lighting-sequence] capture_attempt ready_frame=658 path=/private/var/folders/sl/yxxj_m9n37sgntkntqw0x8yw0000gn/T/places-stage5-gpu-capture-bf50xaew/frame-658.png
PLACES_CAPTURE: wrote /private/var/folders/sl/yxxj_m9n37sgntkntqw0x8yw0000gn/T/places-stage5-gpu-capture-bf50xaew/frame-659.png
[lighting-sequence] capture_attempt ready_frame=659 path=/private/var/folders/sl/yxxj_m9n37sgntkntqw0x8yw0000gn/T/places-stage5-gpu-capture-bf50xaew/frame-659.png
PLACES_CAPTURE: wrote /private/var/folders/sl/yxxj_m9n37sgntkntqw0x8yw0000gn/T/places-stage5-gpu-capture-bf50xaew/frame-660.png
[lighting-sequence] capture_attempt ready_frame=660 path=/private/var/folders/sl/yxxj_m9n37sgntkntqw0x8yw0000gn/T/places-stage5-gpu-capture-bf50xaew/frame-660.png
PLACES_CAPTURE: wrote /private/var/folders/sl/yxxj_m9n37sgntkntqw0x8yw0000gn/T/places-stage5-gpu-capture-bf50xaew/frame-661.png
[lighting-sequence] capture_attempt ready_frame=661 path=/private/var/folders/sl/yxxj_m9n37sgntkntqw0x8yw0000gn/T/places-stage5-gpu-capture-bf50xaew/frame-661.png
PLACES_CAPTURE: wrote /private/var/folders/sl/yxxj_m9n37sgntkntqw0x8yw0000gn/T/places-stage5-gpu-capture-bf50xaew/frame-662.png
[lighting-sequence] capture_attempt ready_frame=662 path=/private/var/folders/sl/yxxj_m9n37sgntkntqw0x8yw0000gn/T/places-stage5-gpu-capture-bf50xaew/frame-662.png
PLACES_CAPTURE: wrote /private/var/folders/sl/yxxj_m9n37sgntkntqw0x8yw0000gn/T/places-stage5-gpu-capture-bf50xaew/frame-663.png
[lighting-sequence] capture_attempt ready_frame=663 path=/private/var/folders/sl/yxxj_m9n37sgntkntqw0x8yw0000gn/T/places-stage5-gpu-capture-bf50xaew/frame-663.png
PLACES_CAPTURE: wrote /private/var/folders/sl/yxxj_m9n37sgntkntqw0x8yw0000gn/T/places-stage5-gpu-capture-bf50xaew/frame-664.png
[lighting-sequence] capture_attempt ready_frame=664 path=/private/var/folders/sl/yxxj_m9n37sgntkntqw0x8yw0000gn/T/places-stage5-gpu-capture-bf50xaew/frame-664.png
PLACES_CAPTURE: wrote /private/var/folders/sl/yxxj_m9n37sgntkntqw0x8yw0000gn/T/places-stage5-gpu-capture-bf50xaew/frame-665.png
[lighting-sequence] capture_attempt ready_frame=665 path=/private/var/folders/sl/yxxj_m9n37sgntkntqw0x8yw0000gn/T/places-stage5-gpu-capture-bf50xaew/frame-665.png
PLACES_CAPTURE: wrote /private/var/folders/sl/yxxj_m9n37sgntkntqw0x8yw0000gn/T/places-stage5-gpu-capture-bf50xaew/frame-666.png
[lighting-sequence] capture_attempt ready_frame=666 path=/private/var/folders/sl/yxxj_m9n37sgntkntqw0x8yw0000gn/T/places-stage5-gpu-capture-bf50xaew/frame-666.png
PLACES_CAPTURE: wrote /private/var/folders/sl/yxxj_m9n37sgntkntqw0x8yw0000gn/T/places-stage5-gpu-capture-bf50xaew/frame-667.png
[lighting-sequence] capture_attempt ready_frame=667 path=/private/var/folders/sl/yxxj_m9n37sgntkntqw0x8yw0000gn/T/places-stage5-gpu-capture-bf50xaew/frame-667.png
PLACES_CAPTURE: wrote /private/var/folders/sl/yxxj_m9n37sgntkntqw0x8yw0000gn/T/places-stage5-gpu-capture-bf50xaew/frame-668.png
[lighting-sequence] capture_attempt ready_frame=668 path=/private/var/folders/sl/yxxj_m9n37sgntkntqw0x8yw0000gn/T/places-stage5-gpu-capture-bf50xaew/frame-668.png
PLACES_CAPTURE: wrote /private/var/folders/sl/yxxj_m9n37sgntkntqw0x8yw0000gn/T/places-stage5-gpu-capture-bf50xaew/frame-669.png
[lighting-sequence] capture_attempt ready_frame=669 path=/private/var/folders/sl/yxxj_m9n37sgntkntqw0x8yw0000gn/T/places-stage5-gpu-capture-bf50xaew/frame-669.png
PLACES_CAPTURE: wrote /private/var/folders/sl/yxxj_m9n37sgntkntqw0x8yw0000gn/T/places-stage5-gpu-capture-bf50xaew/frame-670.png
[lighting-sequence] capture_attempt ready_frame=670 path=/private/var/folders/sl/yxxj_m9n37sgntkntqw0x8yw0000gn/T/places-stage5-gpu-capture-bf50xaew/frame-670.png
PLACES_CAPTURE: wrote /private/var/folders/sl/yxxj_m9n37sgntkntqw0x8yw0000gn/T/places-stage5-gpu-capture-bf50xaew/frame-671.png
[lighting-sequence] capture_attempt ready_frame=671 path=/private/var/folders/sl/yxxj_m9n37sgntkntqw0x8yw0000gn/T/places-stage5-gpu-capture-bf50xaew/frame-671.png
PLACES_CAPTURE: wrote /private/var/folders/sl/yxxj_m9n37sgntkntqw0x8yw0000gn/T/places-stage5-gpu-capture-bf50xaew/frame-672.png
[lighting-sequence] capture_attempt ready_frame=672 path=/private/var/folders/sl/yxxj_m9n37sgntkntqw0x8yw0000gn/T/places-stage5-gpu-capture-bf50xaew/frame-672.png
PLACES_CAPTURE: wrote /private/var/folders/sl/yxxj_m9n37sgntkntqw0x8yw0000gn/T/places-stage5-gpu-capture-bf50xaew/frame-673.png
[lighting-sequence] capture_attempt ready_frame=673 path=/private/var/folders/sl/yxxj_m9n37sgntkntqw0x8yw0000gn/T/places-stage5-gpu-capture-bf50xaew/frame-673.png
PLACES_CAPTURE: wrote /private/var/folders/sl/yxxj_m9n37sgntkntqw0x8yw0000gn/T/places-stage5-gpu-capture-bf50xaew/frame-674.png
[lighting-sequence] capture_attempt ready_frame=674 path=/private/var/folders/sl/yxxj_m9n37sgntkntqw0x8yw0000gn/T/places-stage5-gpu-capture-bf50xaew/frame-674.png
PLACES_CAPTURE: wrote /private/var/folders/sl/yxxj_m9n37sgntkntqw0x8yw0000gn/T/places-stage5-gpu-capture-bf50xaew/frame-675.png
[lighting-sequence] capture_attempt ready_frame=675 path=/private/var/folders/sl/yxxj_m9n37sgntkntqw0x8yw0000gn/T/places-stage5-gpu-capture-bf50xaew/frame-675.png
PLACES_CAPTURE: wrote /private/var/folders/sl/yxxj_m9n37sgntkntqw0x8yw0000gn/T/places-stage5-gpu-capture-bf50xaew/frame-676.png
[lighting-sequence] capture_attempt ready_frame=676 path=/private/var/folders/sl/yxxj_m9n37sgntkntqw0x8yw0000gn/T/places-stage5-gpu-capture-bf50xaew/frame-676.png
PLACES_CAPTURE: wrote /private/var/folders/sl/yxxj_m9n37sgntkntqw0x8yw0000gn/T/places-stage5-gpu-capture-bf50xaew/frame-677.png
[lighting-sequence] capture_attempt ready_frame=677 path=/private/var/folders/sl/yxxj_m9n37sgntkntqw0x8yw0000gn/T/places-stage5-gpu-capture-bf50xaew/frame-677.png
PLACES_CAPTURE: wrote /private/var/folders/sl/yxxj_m9n37sgntkntqw0x8yw0000gn/T/places-stage5-gpu-capture-bf50xaew/frame-678.png
[lighting-sequence] capture_attempt ready_frame=678 path=/private/var/folders/sl/yxxj_m9n37sgntkntqw0x8yw0000gn/T/places-stage5-gpu-capture-bf50xaew/frame-678.png
PLACES_CAPTURE: wrote /private/var/folders/sl/yxxj_m9n37sgntkntqw0x8yw0000gn/T/places-stage5-gpu-capture-bf50xaew/frame-679.png
[lighting-sequence] capture_attempt ready_frame=679 path=/private/var/folders/sl/yxxj_m9n37sgntkntqw0x8yw0000gn/T/places-stage5-gpu-capture-bf50xaew/frame-679.png
PLACES_CAPTURE: wrote /private/var/folders/sl/yxxj_m9n37sgntkntqw0x8yw0000gn/T/places-stage5-gpu-capture-bf50xaew/frame-680.png
[lighting-sequence] capture_attempt ready_frame=680 path=/private/var/folders/sl/yxxj_m9n37sgntkntqw0x8yw0000gn/T/places-stage5-gpu-capture-bf50xaew/frame-680.png
PLACES_CAPTURE: wrote /private/var/folders/sl/yxxj_m9n37sgntkntqw0x8yw0000gn/T/places-stage5-gpu-capture-bf50xaew/frame-681.png
[lighting-sequence] capture_attempt ready_frame=681 path=/private/var/folders/sl/yxxj_m9n37sgntkntqw0x8yw0000gn/T/places-stage5-gpu-capture-bf50xaew/frame-681.png
PLACES_CAPTURE: wrote /private/var/folders/sl/yxxj_m9n37sgntkntqw0x8yw0000gn/T/places-stage5-gpu-capture-bf50xaew/frame-682.png
[lighting-sequence] capture_attempt ready_frame=682 path=/private/var/folders/sl/yxxj_m9n37sgntkntqw0x8yw0000gn/T/places-stage5-gpu-capture-bf50xaew/frame-682.png
PLACES_CAPTURE: wrote /private/var/folders/sl/yxxj_m9n37sgntkntqw0x8yw0000gn/T/places-stage5-gpu-capture-bf50xaew/frame-683.png
[lighting-sequence] capture_attempt ready_frame=683 path=/private/var/folders/sl/yxxj_m9n37sgntkntqw0x8yw0000gn/T/places-stage5-gpu-capture-bf50xaew/frame-683.png
PLACES_CAPTURE: wrote /private/var/folders/sl/yxxj_m9n37sgntkntqw0x8yw0000gn/T/places-stage5-gpu-capture-bf50xaew/frame-684.png
[lighting-sequence] capture_attempt ready_frame=684 path=/private/var/folders/sl/yxxj_m9n37sgntkntqw0x8yw0000gn/T/places-stage5-gpu-capture-bf50xaew/frame-684.png
PLACES_CAPTURE: wrote /private/var/folders/sl/yxxj_m9n37sgntkntqw0x8yw0000gn/T/places-stage5-gpu-capture-bf50xaew/frame-685.png
[lighting-sequence] capture_attempt ready_frame=685 path=/private/var/folders/sl/yxxj_m9n37sgntkntqw0x8yw0000gn/T/places-stage5-gpu-capture-bf50xaew/frame-685.png
PLACES_CAPTURE: wrote /private/var/folders/sl/yxxj_m9n37sgntkntqw0x8yw0000gn/T/places-stage5-gpu-capture-bf50xaew/frame-686.png
[lighting-sequence] capture_attempt ready_frame=686 path=/private/var/folders/sl/yxxj_m9n37sgntkntqw0x8yw0000gn/T/places-stage5-gpu-capture-bf50xaew/frame-686.png
PLACES_CAPTURE: wrote /private/var/folders/sl/yxxj_m9n37sgntkntqw0x8yw0000gn/T/places-stage5-gpu-capture-bf50xaew/frame-687.png
[lighting-sequence] capture_attempt ready_frame=687 path=/private/var/folders/sl/yxxj_m9n37sgntkntqw0x8yw0000gn/T/places-stage5-gpu-capture-bf50xaew/frame-687.png
PLACES_CAPTURE: wrote /private/var/folders/sl/yxxj_m9n37sgntkntqw0x8yw0000gn/T/places-stage5-gpu-capture-bf50xaew/frame-688.png
[lighting-sequence] capture_attempt ready_frame=688 path=/private/var/folders/sl/yxxj_m9n37sgntkntqw0x8yw0000gn/T/places-stage5-gpu-capture-bf50xaew/frame-688.png
PLACES_CAPTURE: wrote /private/var/folders/sl/yxxj_m9n37sgntkntqw0x8yw0000gn/T/places-stage5-gpu-capture-bf50xaew/frame-689.png
[lighting-sequence] capture_attempt ready_frame=689 path=/private/var/folders/sl/yxxj_m9n37sgntkntqw0x8yw0000gn/T/places-stage5-gpu-capture-bf50xaew/frame-689.png
PLACES_CAPTURE: wrote /private/var/folders/sl/yxxj_m9n37sgntkntqw0x8yw0000gn/T/places-stage5-gpu-capture-bf50xaew/frame-690.png
[lighting-sequence] capture_attempt ready_frame=690 path=/private/var/folders/sl/yxxj_m9n37sgntkntqw0x8yw0000gn/T/places-stage5-gpu-capture-bf50xaew/frame-690.png
PLACES_CAPTURE: wrote /private/var/folders/sl/yxxj_m9n37sgntkntqw0x8yw0000gn/T/places-stage5-gpu-capture-bf50xaew/frame-691.png
[lighting-sequence] capture_attempt ready_frame=691 path=/private/var/folders/sl/yxxj_m9n37sgntkntqw0x8yw0000gn/T/places-stage5-gpu-capture-bf50xaew/frame-691.png
PLACES_CAPTURE: wrote /private/var/folders/sl/yxxj_m9n37sgntkntqw0x8yw0000gn/T/places-stage5-gpu-capture-bf50xaew/frame-692.png
[lighting-sequence] capture_attempt ready_frame=692 path=/private/var/folders/sl/yxxj_m9n37sgntkntqw0x8yw0000gn/T/places-stage5-gpu-capture-bf50xaew/frame-692.png
PLACES_CAPTURE: wrote /private/var/folders/sl/yxxj_m9n37sgntkntqw0x8yw0000gn/T/places-stage5-gpu-capture-bf50xaew/frame-693.png
[lighting-sequence] capture_attempt ready_frame=693 path=/private/var/folders/sl/yxxj_m9n37sgntkntqw0x8yw0000gn/T/places-stage5-gpu-capture-bf50xaew/frame-693.png
PLACES_CAPTURE: wrote /private/var/folders/sl/yxxj_m9n37sgntkntqw0x8yw0000gn/T/places-stage5-gpu-capture-bf50xaew/frame-694.png
[lighting-sequence] capture_attempt ready_frame=694 path=/private/var/folders/sl/yxxj_m9n37sgntkntqw0x8yw0000gn/T/places-stage5-gpu-capture-bf50xaew/frame-694.png
PLACES_CAPTURE: wrote /private/var/folders/sl/yxxj_m9n37sgntkntqw0x8yw0000gn/T/places-stage5-gpu-capture-bf50xaew/frame-695.png
[lighting-sequence] capture_attempt ready_frame=695 path=/private/var/folders/sl/yxxj_m9n37sgntkntqw0x8yw0000gn/T/places-stage5-gpu-capture-bf50xaew/frame-695.png
PLACES_CAPTURE: wrote /private/var/folders/sl/yxxj_m9n37sgntkntqw0x8yw0000gn/T/places-stage5-gpu-capture-bf50xaew/frame-696.png
[lighting-sequence] capture_attempt ready_frame=696 path=/private/var/folders/sl/yxxj_m9n37sgntkntqw0x8yw0000gn/T/places-stage5-gpu-capture-bf50xaew/frame-696.png
PLACES_CAPTURE: wrote /private/var/folders/sl/yxxj_m9n37sgntkntqw0x8yw0000gn/T/places-stage5-gpu-capture-bf50xaew/frame-697.png
[lighting-sequence] capture_attempt ready_frame=697 path=/private/var/folders/sl/yxxj_m9n37sgntkntqw0x8yw0000gn/T/places-stage5-gpu-capture-bf50xaew/frame-697.png
PLACES_CAPTURE: wrote /private/var/folders/sl/yxxj_m9n37sgntkntqw0x8yw0000gn/T/places-stage5-gpu-capture-bf50xaew/frame-698.png
[lighting-sequence] capture_attempt ready_frame=698 path=/private/var/folders/sl/yxxj_m9n37sgntkntqw0x8yw0000gn/T/places-stage5-gpu-capture-bf50xaew/frame-698.png
PLACES_CAPTURE: wrote /private/var/folders/sl/yxxj_m9n37sgntkntqw0x8yw0000gn/T/places-stage5-gpu-capture-bf50xaew/frame-699.png
[lighting-sequence] capture_attempt ready_frame=699 path=/private/var/folders/sl/yxxj_m9n37sgntkntqw0x8yw0000gn/T/places-stage5-gpu-capture-bf50xaew/frame-699.png
PLACES_CAPTURE: wrote /private/var/folders/sl/yxxj_m9n37sgntkntqw0x8yw0000gn/T/places-stage5-gpu-capture-bf50xaew/frame-700.png
[lighting-sequence] capture_attempt ready_frame=700 path=/private/var/folders/sl/yxxj_m9n37sgntkntqw0x8yw0000gn/T/places-stage5-gpu-capture-bf50xaew/frame-700.png
PLACES_CAPTURE: wrote /private/var/folders/sl/yxxj_m9n37sgntkntqw0x8yw0000gn/T/places-stage5-gpu-capture-bf50xaew/frame-701.png
[lighting-sequence] capture_attempt ready_frame=701 path=/private/var/folders/sl/yxxj_m9n37sgntkntqw0x8yw0000gn/T/places-stage5-gpu-capture-bf50xaew/frame-701.png
PLACES_CAPTURE: wrote /private/var/folders/sl/yxxj_m9n37sgntkntqw0x8yw0000gn/T/places-stage5-gpu-capture-bf50xaew/frame-702.png
[lighting-sequence] capture_attempt ready_frame=702 path=/private/var/folders/sl/yxxj_m9n37sgntkntqw0x8yw0000gn/T/places-stage5-gpu-capture-bf50xaew/frame-702.png
PLACES_CAPTURE: wrote /private/var/folders/sl/yxxj_m9n37sgntkntqw0x8yw0000gn/T/places-stage5-gpu-capture-bf50xaew/frame-703.png
[lighting-sequence] capture_attempt ready_frame=703 path=/private/var/folders/sl/yxxj_m9n37sgntkntqw0x8yw0000gn/T/places-stage5-gpu-capture-bf50xaew/frame-703.png
PLACES_CAPTURE: wrote /private/var/folders/sl/yxxj_m9n37sgntkntqw0x8yw0000gn/T/places-stage5-gpu-capture-bf50xaew/frame-704.png
[lighting-sequence] capture_attempt ready_frame=704 path=/private/var/folders/sl/yxxj_m9n37sgntkntqw0x8yw0000gn/T/places-stage5-gpu-capture-bf50xaew/frame-704.png
PLACES_CAPTURE: wrote /private/var/folders/sl/yxxj_m9n37sgntkntqw0x8yw0000gn/T/places-stage5-gpu-capture-bf50xaew/frame-705.png
[lighting-sequence] capture_attempt ready_frame=705 path=/private/var/folders/sl/yxxj_m9n37sgntkntqw0x8yw0000gn/T/places-stage5-gpu-capture-bf50xaew/frame-705.png
PLACES_CAPTURE: wrote /private/var/folders/sl/yxxj_m9n37sgntkntqw0x8yw0000gn/T/places-stage5-gpu-capture-bf50xaew/frame-706.png
[lighting-sequence] capture_attempt ready_frame=706 path=/private/var/folders/sl/yxxj_m9n37sgntkntqw0x8yw0000gn/T/places-stage5-gpu-capture-bf50xaew/frame-706.png
PLACES_CAPTURE: wrote /private/var/folders/sl/yxxj_m9n37sgntkntqw0x8yw0000gn/T/places-stage5-gpu-capture-bf50xaew/frame-707.png
[lighting-sequence] capture_attempt ready_frame=707 path=/private/var/folders/sl/yxxj_m9n37sgntkntqw0x8yw0000gn/T/places-stage5-gpu-capture-bf50xaew/frame-707.png
PLACES_CAPTURE: wrote /private/var/folders/sl/yxxj_m9n37sgntkntqw0x8yw0000gn/T/places-stage5-gpu-capture-bf50xaew/frame-708.png
[lighting-sequence] capture_attempt ready_frame=708 path=/private/var/folders/sl/yxxj_m9n37sgntkntqw0x8yw0000gn/T/places-stage5-gpu-capture-bf50xaew/frame-708.png
PLACES_CAPTURE: wrote /private/var/folders/sl/yxxj_m9n37sgntkntqw0x8yw0000gn/T/places-stage5-gpu-capture-bf50xaew/frame-709.png
[lighting-sequence] capture_attempt ready_frame=709 path=/private/var/folders/sl/yxxj_m9n37sgntkntqw0x8yw0000gn/T/places-stage5-gpu-capture-bf50xaew/frame-709.png
PLACES_CAPTURE: wrote /private/var/folders/sl/yxxj_m9n37sgntkntqw0x8yw0000gn/T/places-stage5-gpu-capture-bf50xaew/frame-710.png
[lighting-sequence] capture_attempt ready_frame=710 path=/private/var/folders/sl/yxxj_m9n37sgntkntqw0x8yw0000gn/T/places-stage5-gpu-capture-bf50xaew/frame-710.png
PLACES_CAPTURE: wrote /private/var/folders/sl/yxxj_m9n37sgntkntqw0x8yw0000gn/T/places-stage5-gpu-capture-bf50xaew/frame-711.png
[lighting-sequence] capture_attempt ready_frame=711 path=/private/var/folders/sl/yxxj_m9n37sgntkntqw0x8yw0000gn/T/places-stage5-gpu-capture-bf50xaew/frame-711.png
PLACES_CAPTURE: wrote /private/var/folders/sl/yxxj_m9n37sgntkntqw0x8yw0000gn/T/places-stage5-gpu-capture-bf50xaew/frame-712.png
[lighting-sequence] capture_attempt ready_frame=712 path=/private/var/folders/sl/yxxj_m9n37sgntkntqw0x8yw0000gn/T/places-stage5-gpu-capture-bf50xaew/frame-712.png
PLACES_CAPTURE: wrote /private/var/folders/sl/yxxj_m9n37sgntkntqw0x8yw0000gn/T/places-stage5-gpu-capture-bf50xaew/frame-713.png
[lighting-sequence] capture_attempt ready_frame=713 path=/private/var/folders/sl/yxxj_m9n37sgntkntqw0x8yw0000gn/T/places-stage5-gpu-capture-bf50xaew/frame-713.png
PLACES_CAPTURE: wrote /private/var/folders/sl/yxxj_m9n37sgntkntqw0x8yw0000gn/T/places-stage5-gpu-capture-bf50xaew/frame-714.png
[lighting-sequence] capture_attempt ready_frame=714 path=/private/var/folders/sl/yxxj_m9n37sgntkntqw0x8yw0000gn/T/places-stage5-gpu-capture-bf50xaew/frame-714.png
PLACES_CAPTURE: wrote /private/var/folders/sl/yxxj_m9n37sgntkntqw0x8yw0000gn/T/places-stage5-gpu-capture-bf50xaew/frame-715.png
[lighting-sequence] capture_attempt ready_frame=715 path=/private/var/folders/sl/yxxj_m9n37sgntkntqw0x8yw0000gn/T/places-stage5-gpu-capture-bf50xaew/frame-715.png
PLACES_CAPTURE: wrote /private/var/folders/sl/yxxj_m9n37sgntkntqw0x8yw0000gn/T/places-stage5-gpu-capture-bf50xaew/frame-716.png
[lighting-sequence] capture_attempt ready_frame=716 path=/private/var/folders/sl/yxxj_m9n37sgntkntqw0x8yw0000gn/T/places-stage5-gpu-capture-bf50xaew/frame-716.png
PLACES_CAPTURE: wrote /private/var/folders/sl/yxxj_m9n37sgntkntqw0x8yw0000gn/T/places-stage5-gpu-capture-bf50xaew/frame-717.png
[lighting-sequence] capture_attempt ready_frame=717 path=/private/var/folders/sl/yxxj_m9n37sgntkntqw0x8yw0000gn/T/places-stage5-gpu-capture-bf50xaew/frame-717.png
PLACES_CAPTURE: wrote /private/var/folders/sl/yxxj_m9n37sgntkntqw0x8yw0000gn/T/places-stage5-gpu-capture-bf50xaew/frame-718.png
[lighting-sequence] capture_attempt ready_frame=718 path=/private/var/folders/sl/yxxj_m9n37sgntkntqw0x8yw0000gn/T/places-stage5-gpu-capture-bf50xaew/frame-718.png
PLACES_CAPTURE: wrote /private/var/folders/sl/yxxj_m9n37sgntkntqw0x8yw0000gn/T/places-stage5-gpu-capture-bf50xaew/frame-719.png
[lighting-sequence] capture_attempt ready_frame=719 path=/private/var/folders/sl/yxxj_m9n37sgntkntqw0x8yw0000gn/T/places-stage5-gpu-capture-bf50xaew/frame-719.png
PLACES_CAPTURE: wrote /private/var/folders/sl/yxxj_m9n37sgntkntqw0x8yw0000gn/T/places-stage5-gpu-capture-bf50xaew/frame-720.png
[lighting-sequence] capture_attempt ready_frame=720 path=/private/var/folders/sl/yxxj_m9n37sgntkntqw0x8yw0000gn/T/places-stage5-gpu-capture-bf50xaew/frame-720.png
PLACES_CAPTURE: wrote /private/var/folders/sl/yxxj_m9n37sgntkntqw0x8yw0000gn/T/places-stage5-gpu-capture-bf50xaew/frame-721.png
[lighting-sequence] capture_attempt ready_frame=721 path=/private/var/folders/sl/yxxj_m9n37sgntkntqw0x8yw0000gn/T/places-stage5-gpu-capture-bf50xaew/frame-721.png
PLACES_CAPTURE: wrote /private/var/folders/sl/yxxj_m9n37sgntkntqw0x8yw0000gn/T/places-stage5-gpu-capture-bf50xaew/frame-722.png
[lighting-sequence] capture_attempt ready_frame=722 path=/private/var/folders/sl/yxxj_m9n37sgntkntqw0x8yw0000gn/T/places-stage5-gpu-capture-bf50xaew/frame-722.png
PLACES_CAPTURE: wrote /private/var/folders/sl/yxxj_m9n37sgntkntqw0x8yw0000gn/T/places-stage5-gpu-capture-bf50xaew/frame-723.png
[lighting-sequence] capture_attempt ready_frame=723 path=/private/var/folders/sl/yxxj_m9n37sgntkntqw0x8yw0000gn/T/places-stage5-gpu-capture-bf50xaew/frame-723.png
PLACES_CAPTURE: wrote /private/var/folders/sl/yxxj_m9n37sgntkntqw0x8yw0000gn/T/places-stage5-gpu-capture-bf50xaew/frame-724.png
[lighting-sequence] capture_attempt ready_frame=724 path=/private/var/folders/sl/yxxj_m9n37sgntkntqw0x8yw0000gn/T/places-stage5-gpu-capture-bf50xaew/frame-724.png
PLACES_CAPTURE: wrote /private/var/folders/sl/yxxj_m9n37sgntkntqw0x8yw0000gn/T/places-stage5-gpu-capture-bf50xaew/frame-725.png
[lighting-sequence] capture_attempt ready_frame=725 path=/private/var/folders/sl/yxxj_m9n37sgntkntqw0x8yw0000gn/T/places-stage5-gpu-capture-bf50xaew/frame-725.png
PLACES_CAPTURE: wrote /private/var/folders/sl/yxxj_m9n37sgntkntqw0x8yw0000gn/T/places-stage5-gpu-capture-bf50xaew/frame-726.png
[lighting-sequence] capture_attempt ready_frame=726 path=/private/var/folders/sl/yxxj_m9n37sgntkntqw0x8yw0000gn/T/places-stage5-gpu-capture-bf50xaew/frame-726.png
PLACES_CAPTURE: wrote /private/var/folders/sl/yxxj_m9n37sgntkntqw0x8yw0000gn/T/places-stage5-gpu-capture-bf50xaew/frame-727.png
[lighting-sequence] capture_attempt ready_frame=727 path=/private/var/folders/sl/yxxj_m9n37sgntkntqw0x8yw0000gn/T/places-stage5-gpu-capture-bf50xaew/frame-727.png
PLACES_CAPTURE: wrote /private/var/folders/sl/yxxj_m9n37sgntkntqw0x8yw0000gn/T/places-stage5-gpu-capture-bf50xaew/frame-728.png
[lighting-sequence] capture_attempt ready_frame=728 path=/private/var/folders/sl/yxxj_m9n37sgntkntqw0x8yw0000gn/T/places-stage5-gpu-capture-bf50xaew/frame-728.png
PLACES_CAPTURE: wrote /private/var/folders/sl/yxxj_m9n37sgntkntqw0x8yw0000gn/T/places-stage5-gpu-capture-bf50xaew/frame-729.png
[lighting-sequence] capture_attempt ready_frame=729 path=/private/var/folders/sl/yxxj_m9n37sgntkntqw0x8yw0000gn/T/places-stage5-gpu-capture-bf50xaew/frame-729.png
PLACES_CAPTURE: wrote /private/var/folders/sl/yxxj_m9n37sgntkntqw0x8yw0000gn/T/places-stage5-gpu-capture-bf50xaew/frame-730.png
[lighting-sequence] capture_attempt ready_frame=730 path=/private/var/folders/sl/yxxj_m9n37sgntkntqw0x8yw0000gn/T/places-stage5-gpu-capture-bf50xaew/frame-730.png
PLACES_CAPTURE: wrote /private/var/folders/sl/yxxj_m9n37sgntkntqw0x8yw0000gn/T/places-stage5-gpu-capture-bf50xaew/frame-731.png
[lighting-sequence] capture_attempt ready_frame=731 path=/private/var/folders/sl/yxxj_m9n37sgntkntqw0x8yw0000gn/T/places-stage5-gpu-capture-bf50xaew/frame-731.png
PLACES_CAPTURE: wrote /private/var/folders/sl/yxxj_m9n37sgntkntqw0x8yw0000gn/T/places-stage5-gpu-capture-bf50xaew/frame-732.png
[lighting-sequence] capture_attempt ready_frame=732 path=/private/var/folders/sl/yxxj_m9n37sgntkntqw0x8yw0000gn/T/places-stage5-gpu-capture-bf50xaew/frame-732.png
PLACES_CAPTURE: wrote /private/var/folders/sl/yxxj_m9n37sgntkntqw0x8yw0000gn/T/places-stage5-gpu-capture-bf50xaew/frame-733.png
[lighting-sequence] capture_attempt ready_frame=733 path=/private/var/folders/sl/yxxj_m9n37sgntkntqw0x8yw0000gn/T/places-stage5-gpu-capture-bf50xaew/frame-733.png
PLACES_CAPTURE: wrote /private/var/folders/sl/yxxj_m9n37sgntkntqw0x8yw0000gn/T/places-stage5-gpu-capture-bf50xaew/frame-734.png
[lighting-sequence] capture_attempt ready_frame=734 path=/private/var/folders/sl/yxxj_m9n37sgntkntqw0x8yw0000gn/T/places-stage5-gpu-capture-bf50xaew/frame-734.png
PLACES_CAPTURE: wrote /private/var/folders/sl/yxxj_m9n37sgntkntqw0x8yw0000gn/T/places-stage5-gpu-capture-bf50xaew/frame-735.png
[lighting-sequence] capture_attempt ready_frame=735 path=/private/var/folders/sl/yxxj_m9n37sgntkntqw0x8yw0000gn/T/places-stage5-gpu-capture-bf50xaew/frame-735.png
PLACES_CAPTURE: wrote /private/var/folders/sl/yxxj_m9n37sgntkntqw0x8yw0000gn/T/places-stage5-gpu-capture-bf50xaew/frame-736.png
[lighting-sequence] capture_attempt ready_frame=736 path=/private/var/folders/sl/yxxj_m9n37sgntkntqw0x8yw0000gn/T/places-stage5-gpu-capture-bf50xaew/frame-736.png
PLACES_CAPTURE: wrote /private/var/folders/sl/yxxj_m9n37sgntkntqw0x8yw0000gn/T/places-stage5-gpu-capture-bf50xaew/frame-737.png
[lighting-sequence] capture_attempt ready_frame=737 path=/private/var/folders/sl/yxxj_m9n37sgntkntqw0x8yw0000gn/T/places-stage5-gpu-capture-bf50xaew/frame-737.png
PLACES_CAPTURE: wrote /private/var/folders/sl/yxxj_m9n37sgntkntqw0x8yw0000gn/T/places-stage5-gpu-capture-bf50xaew/frame-738.png
[lighting-sequence] capture_attempt ready_frame=738 path=/private/var/folders/sl/yxxj_m9n37sgntkntqw0x8yw0000gn/T/places-stage5-gpu-capture-bf50xaew/frame-738.png
PLACES_CAPTURE: wrote /private/var/folders/sl/yxxj_m9n37sgntkntqw0x8yw0000gn/T/places-stage5-gpu-capture-bf50xaew/frame-739.png
[lighting-sequence] capture_attempt ready_frame=739 path=/private/var/folders/sl/yxxj_m9n37sgntkntqw0x8yw0000gn/T/places-stage5-gpu-capture-bf50xaew/frame-739.png
PLACES_CAPTURE: wrote /private/var/folders/sl/yxxj_m9n37sgntkntqw0x8yw0000gn/T/places-stage5-gpu-capture-bf50xaew/frame-740.png
[lighting-sequence] capture_attempt ready_frame=740 path=/private/var/folders/sl/yxxj_m9n37sgntkntqw0x8yw0000gn/T/places-stage5-gpu-capture-bf50xaew/frame-740.png
PLACES_CAPTURE: wrote /private/var/folders/sl/yxxj_m9n37sgntkntqw0x8yw0000gn/T/places-stage5-gpu-capture-bf50xaew/frame-741.png
[lighting-sequence] capture_attempt ready_frame=741 path=/private/var/folders/sl/yxxj_m9n37sgntkntqw0x8yw0000gn/T/places-stage5-gpu-capture-bf50xaew/frame-741.png
PLACES_CAPTURE: wrote /private/var/folders/sl/yxxj_m9n37sgntkntqw0x8yw0000gn/T/places-stage5-gpu-capture-bf50xaew/frame-742.png
[lighting-sequence] capture_attempt ready_frame=742 path=/private/var/folders/sl/yxxj_m9n37sgntkntqw0x8yw0000gn/T/places-stage5-gpu-capture-bf50xaew/frame-742.png
PLACES_CAPTURE: wrote /private/var/folders/sl/yxxj_m9n37sgntkntqw0x8yw0000gn/T/places-stage5-gpu-capture-bf50xaew/frame-743.png
[lighting-sequence] capture_attempt ready_frame=743 path=/private/var/folders/sl/yxxj_m9n37sgntkntqw0x8yw0000gn/T/places-stage5-gpu-capture-bf50xaew/frame-743.png
PLACES_CAPTURE: wrote /private/var/folders/sl/yxxj_m9n37sgntkntqw0x8yw0000gn/T/places-stage5-gpu-capture-bf50xaew/frame-744.png
[lighting-sequence] capture_attempt ready_frame=744 path=/private/var/folders/sl/yxxj_m9n37sgntkntqw0x8yw0000gn/T/places-stage5-gpu-capture-bf50xaew/frame-744.png
PLACES_CAPTURE: wrote /private/var/folders/sl/yxxj_m9n37sgntkntqw0x8yw0000gn/T/places-stage5-gpu-capture-bf50xaew/frame-745.png
[lighting-sequence] capture_attempt ready_frame=745 path=/private/var/folders/sl/yxxj_m9n37sgntkntqw0x8yw0000gn/T/places-stage5-gpu-capture-bf50xaew/frame-745.png
PLACES_CAPTURE: wrote /private/var/folders/sl/yxxj_m9n37sgntkntqw0x8yw0000gn/T/places-stage5-gpu-capture-bf50xaew/frame-746.png
[lighting-sequence] capture_attempt ready_frame=746 path=/private/var/folders/sl/yxxj_m9n37sgntkntqw0x8yw0000gn/T/places-stage5-gpu-capture-bf50xaew/frame-746.png
PLACES_CAPTURE: wrote /private/var/folders/sl/yxxj_m9n37sgntkntqw0x8yw0000gn/T/places-stage5-gpu-capture-bf50xaew/frame-747.png
[lighting-sequence] capture_attempt ready_frame=747 path=/private/var/folders/sl/yxxj_m9n37sgntkntqw0x8yw0000gn/T/places-stage5-gpu-capture-bf50xaew/frame-747.png
PLACES_CAPTURE: wrote /private/var/folders/sl/yxxj_m9n37sgntkntqw0x8yw0000gn/T/places-stage5-gpu-capture-bf50xaew/frame-748.png
[lighting-sequence] capture_attempt ready_frame=748 path=/private/var/folders/sl/yxxj_m9n37sgntkntqw0x8yw0000gn/T/places-stage5-gpu-capture-bf50xaew/frame-748.png
PLACES_CAPTURE: wrote /private/var/folders/sl/yxxj_m9n37sgntkntqw0x8yw0000gn/T/places-stage5-gpu-capture-bf50xaew/frame-749.png
[lighting-sequence] capture_attempt ready_frame=749 path=/private/var/folders/sl/yxxj_m9n37sgntkntqw0x8yw0000gn/T/places-stage5-gpu-capture-bf50xaew/frame-749.png
PLACES_CAPTURE: wrote /private/var/folders/sl/yxxj_m9n37sgntkntqw0x8yw0000gn/T/places-stage5-gpu-capture-bf50xaew/frame-750.png
[lighting-sequence] capture_attempt ready_frame=750 path=/private/var/folders/sl/yxxj_m9n37sgntkntqw0x8yw0000gn/T/places-stage5-gpu-capture-bf50xaew/frame-750.png
PLACES_CAPTURE: wrote /private/var/folders/sl/yxxj_m9n37sgntkntqw0x8yw0000gn/T/places-stage5-gpu-capture-bf50xaew/frame-751.png
[lighting-sequence] capture_attempt ready_frame=751 path=/private/var/folders/sl/yxxj_m9n37sgntkntqw0x8yw0000gn/T/places-stage5-gpu-capture-bf50xaew/frame-751.png
PLACES_CAPTURE: wrote /private/var/folders/sl/yxxj_m9n37sgntkntqw0x8yw0000gn/T/places-stage5-gpu-capture-bf50xaew/frame-752.png
[lighting-sequence] capture_attempt ready_frame=752 path=/private/var/folders/sl/yxxj_m9n37sgntkntqw0x8yw0000gn/T/places-stage5-gpu-capture-bf50xaew/frame-752.png
PLACES_CAPTURE: wrote /private/var/folders/sl/yxxj_m9n37sgntkntqw0x8yw0000gn/T/places-stage5-gpu-capture-bf50xaew/frame-753.png
[lighting-sequence] capture_attempt ready_frame=753 path=/private/var/folders/sl/yxxj_m9n37sgntkntqw0x8yw0000gn/T/places-stage5-gpu-capture-bf50xaew/frame-753.png
PLACES_CAPTURE: wrote /private/var/folders/sl/yxxj_m9n37sgntkntqw0x8yw0000gn/T/places-stage5-gpu-capture-bf50xaew/frame-754.png
[lighting-sequence] capture_attempt ready_frame=754 path=/private/var/folders/sl/yxxj_m9n37sgntkntqw0x8yw0000gn/T/places-stage5-gpu-capture-bf50xaew/frame-754.png
PLACES_CAPTURE: wrote /private/var/folders/sl/yxxj_m9n37sgntkntqw0x8yw0000gn/T/places-stage5-gpu-capture-bf50xaew/frame-755.png
[lighting-sequence] capture_attempt ready_frame=755 path=/private/var/folders/sl/yxxj_m9n37sgntkntqw0x8yw0000gn/T/places-stage5-gpu-capture-bf50xaew/frame-755.png
PLACES_CAPTURE: wrote /private/var/folders/sl/yxxj_m9n37sgntkntqw0x8yw0000gn/T/places-stage5-gpu-capture-bf50xaew/frame-756.png
[lighting-sequence] capture_attempt ready_frame=756 path=/private/var/folders/sl/yxxj_m9n37sgntkntqw0x8yw0000gn/T/places-stage5-gpu-capture-bf50xaew/frame-756.png
PLACES_CAPTURE: wrote /private/var/folders/sl/yxxj_m9n37sgntkntqw0x8yw0000gn/T/places-stage5-gpu-capture-bf50xaew/frame-757.png
[lighting-sequence] capture_attempt ready_frame=757 path=/private/var/folders/sl/yxxj_m9n37sgntkntqw0x8yw0000gn/T/places-stage5-gpu-capture-bf50xaew/frame-757.png
PLACES_CAPTURE: wrote /private/var/folders/sl/yxxj_m9n37sgntkntqw0x8yw0000gn/T/places-stage5-gpu-capture-bf50xaew/frame-758.png
[lighting-sequence] capture_attempt ready_frame=758 path=/private/var/folders/sl/yxxj_m9n37sgntkntqw0x8yw0000gn/T/places-stage5-gpu-capture-bf50xaew/frame-758.png
PLACES_CAPTURE: wrote /private/var/folders/sl/yxxj_m9n37sgntkntqw0x8yw0000gn/T/places-stage5-gpu-capture-bf50xaew/frame-759.png
[lighting-sequence] capture_attempt ready_frame=759 path=/private/var/folders/sl/yxxj_m9n37sgntkntqw0x8yw0000gn/T/places-stage5-gpu-capture-bf50xaew/frame-759.png
PLACES_CAPTURE: wrote /private/var/folders/sl/yxxj_m9n37sgntkntqw0x8yw0000gn/T/places-stage5-gpu-capture-bf50xaew/frame-760.png
[lighting-sequence] capture_attempt ready_frame=760 path=/private/var/folders/sl/yxxj_m9n37sgntkntqw0x8yw0000gn/T/places-stage5-gpu-capture-bf50xaew/frame-760.png
PLACES_CAPTURE: wrote /private/var/folders/sl/yxxj_m9n37sgntkntqw0x8yw0000gn/T/places-stage5-gpu-capture-bf50xaew/frame-761.png
[lighting-sequence] capture_attempt ready_frame=761 path=/private/var/folders/sl/yxxj_m9n37sgntkntqw0x8yw0000gn/T/places-stage5-gpu-capture-bf50xaew/frame-761.png
PLACES_CAPTURE: wrote /private/var/folders/sl/yxxj_m9n37sgntkntqw0x8yw0000gn/T/places-stage5-gpu-capture-bf50xaew/frame-762.png
[lighting-sequence] capture_attempt ready_frame=762 path=/private/var/folders/sl/yxxj_m9n37sgntkntqw0x8yw0000gn/T/places-stage5-gpu-capture-bf50xaew/frame-762.png
PLACES_CAPTURE: wrote /private/var/folders/sl/yxxj_m9n37sgntkntqw0x8yw0000gn/T/places-stage5-gpu-capture-bf50xaew/frame-763.png
[lighting-sequence] capture_attempt ready_frame=763 path=/private/var/folders/sl/yxxj_m9n37sgntkntqw0x8yw0000gn/T/places-stage5-gpu-capture-bf50xaew/frame-763.png
PLACES_CAPTURE: wrote /private/var/folders/sl/yxxj_m9n37sgntkntqw0x8yw0000gn/T/places-stage5-gpu-capture-bf50xaew/frame-764.png
[lighting-sequence] capture_attempt ready_frame=764 path=/private/var/folders/sl/yxxj_m9n37sgntkntqw0x8yw0000gn/T/places-stage5-gpu-capture-bf50xaew/frame-764.png
PLACES_CAPTURE: wrote /private/var/folders/sl/yxxj_m9n37sgntkntqw0x8yw0000gn/T/places-stage5-gpu-capture-bf50xaew/frame-765.png
[lighting-sequence] capture_attempt ready_frame=765 path=/private/var/folders/sl/yxxj_m9n37sgntkntqw0x8yw0000gn/T/places-stage5-gpu-capture-bf50xaew/frame-765.png
PLACES_CAPTURE: wrote /private/var/folders/sl/yxxj_m9n37sgntkntqw0x8yw0000gn/T/places-stage5-gpu-capture-bf50xaew/frame-766.png
[lighting-sequence] capture_attempt ready_frame=766 path=/private/var/folders/sl/yxxj_m9n37sgntkntqw0x8yw0000gn/T/places-stage5-gpu-capture-bf50xaew/frame-766.png
PLACES_CAPTURE: wrote /private/var/folders/sl/yxxj_m9n37sgntkntqw0x8yw0000gn/T/places-stage5-gpu-capture-bf50xaew/frame-767.png
[lighting-sequence] capture_attempt ready_frame=767 path=/private/var/folders/sl/yxxj_m9n37sgntkntqw0x8yw0000gn/T/places-stage5-gpu-capture-bf50xaew/frame-767.png
PLACES_CAPTURE: wrote /private/var/folders/sl/yxxj_m9n37sgntkntqw0x8yw0000gn/T/places-stage5-gpu-capture-bf50xaew/frame-768.png
[lighting-sequence] capture_attempt ready_frame=768 path=/private/var/folders/sl/yxxj_m9n37sgntkntqw0x8yw0000gn/T/places-stage5-gpu-capture-bf50xaew/frame-768.png
PLACES_CAPTURE: wrote /private/var/folders/sl/yxxj_m9n37sgntkntqw0x8yw0000gn/T/places-stage5-gpu-capture-bf50xaew/frame-769.png
[lighting-sequence] capture_attempt ready_frame=769 path=/private/var/folders/sl/yxxj_m9n37sgntkntqw0x8yw0000gn/T/places-stage5-gpu-capture-bf50xaew/frame-769.png
PLACES_CAPTURE: wrote /private/var/folders/sl/yxxj_m9n37sgntkntqw0x8yw0000gn/T/places-stage5-gpu-capture-bf50xaew/frame-770.png
[lighting-sequence] capture_attempt ready_frame=770 path=/private/var/folders/sl/yxxj_m9n37sgntkntqw0x8yw0000gn/T/places-stage5-gpu-capture-bf50xaew/frame-770.png
PLACES_CAPTURE: wrote /private/var/folders/sl/yxxj_m9n37sgntkntqw0x8yw0000gn/T/places-stage5-gpu-capture-bf50xaew/frame-771.png
[lighting-sequence] capture_attempt ready_frame=771 path=/private/var/folders/sl/yxxj_m9n37sgntkntqw0x8yw0000gn/T/places-stage5-gpu-capture-bf50xaew/frame-771.png
PLACES_CAPTURE: wrote /private/var/folders/sl/yxxj_m9n37sgntkntqw0x8yw0000gn/T/places-stage5-gpu-capture-bf50xaew/frame-772.png
[lighting-sequence] capture_attempt ready_frame=772 path=/private/var/folders/sl/yxxj_m9n37sgntkntqw0x8yw0000gn/T/places-stage5-gpu-capture-bf50xaew/frame-772.png
PLACES_CAPTURE: wrote /private/var/folders/sl/yxxj_m9n37sgntkntqw0x8yw0000gn/T/places-stage5-gpu-capture-bf50xaew/frame-773.png
[lighting-sequence] capture_attempt ready_frame=773 path=/private/var/folders/sl/yxxj_m9n37sgntkntqw0x8yw0000gn/T/places-stage5-gpu-capture-bf50xaew/frame-773.png
PLACES_CAPTURE: wrote /private/var/folders/sl/yxxj_m9n37sgntkntqw0x8yw0000gn/T/places-stage5-gpu-capture-bf50xaew/frame-774.png
[lighting-sequence] capture_attempt ready_frame=774 path=/private/var/folders/sl/yxxj_m9n37sgntkntqw0x8yw0000gn/T/places-stage5-gpu-capture-bf50xaew/frame-774.png
PLACES_CAPTURE: wrote /private/var/folders/sl/yxxj_m9n37sgntkntqw0x8yw0000gn/T/places-stage5-gpu-capture-bf50xaew/frame-775.png
[lighting-sequence] capture_attempt ready_frame=775 path=/private/var/folders/sl/yxxj_m9n37sgntkntqw0x8yw0000gn/T/places-stage5-gpu-capture-bf50xaew/frame-775.png
PLACES_CAPTURE: wrote /private/var/folders/sl/yxxj_m9n37sgntkntqw0x8yw0000gn/T/places-stage5-gpu-capture-bf50xaew/frame-776.png
[lighting-sequence] capture_attempt ready_frame=776 path=/private/var/folders/sl/yxxj_m9n37sgntkntqw0x8yw0000gn/T/places-stage5-gpu-capture-bf50xaew/frame-776.png
PLACES_CAPTURE: wrote /private/var/folders/sl/yxxj_m9n37sgntkntqw0x8yw0000gn/T/places-stage5-gpu-capture-bf50xaew/frame-777.png
[lighting-sequence] capture_attempt ready_frame=777 path=/private/var/folders/sl/yxxj_m9n37sgntkntqw0x8yw0000gn/T/places-stage5-gpu-capture-bf50xaew/frame-777.png
PLACES_CAPTURE: wrote /private/var/folders/sl/yxxj_m9n37sgntkntqw0x8yw0000gn/T/places-stage5-gpu-capture-bf50xaew/frame-778.png
[lighting-sequence] capture_attempt ready_frame=778 path=/private/var/folders/sl/yxxj_m9n37sgntkntqw0x8yw0000gn/T/places-stage5-gpu-capture-bf50xaew/frame-778.png
PLACES_CAPTURE: wrote /private/var/folders/sl/yxxj_m9n37sgntkntqw0x8yw0000gn/T/places-stage5-gpu-capture-bf50xaew/frame-779.png
[lighting-sequence] capture_attempt ready_frame=779 path=/private/var/folders/sl/yxxj_m9n37sgntkntqw0x8yw0000gn/T/places-stage5-gpu-capture-bf50xaew/frame-779.png
PLACES_CAPTURE: wrote /private/var/folders/sl/yxxj_m9n37sgntkntqw0x8yw0000gn/T/places-stage5-gpu-capture-bf50xaew/frame-780.png
[lighting-sequence] capture_attempt ready_frame=780 path=/private/var/folders/sl/yxxj_m9n37sgntkntqw0x8yw0000gn/T/places-stage5-gpu-capture-bf50xaew/frame-780.png
PLACES_CAPTURE: wrote /private/var/folders/sl/yxxj_m9n37sgntkntqw0x8yw0000gn/T/places-stage5-gpu-capture-bf50xaew/frame-781.png
[lighting-sequence] capture_attempt ready_frame=781 path=/private/var/folders/sl/yxxj_m9n37sgntkntqw0x8yw0000gn/T/places-stage5-gpu-capture-bf50xaew/frame-781.png
PLACES_CAPTURE: wrote /private/var/folders/sl/yxxj_m9n37sgntkntqw0x8yw0000gn/T/places-stage5-gpu-capture-bf50xaew/frame-782.png
[lighting-sequence] capture_attempt ready_frame=782 path=/private/var/folders/sl/yxxj_m9n37sgntkntqw0x8yw0000gn/T/places-stage5-gpu-capture-bf50xaew/frame-782.png
PLACES_CAPTURE: wrote /private/var/folders/sl/yxxj_m9n37sgntkntqw0x8yw0000gn/T/places-stage5-gpu-capture-bf50xaew/frame-783.png
[lighting-sequence] capture_attempt ready_frame=783 path=/private/var/folders/sl/yxxj_m9n37sgntkntqw0x8yw0000gn/T/places-stage5-gpu-capture-bf50xaew/frame-783.png
PLACES_CAPTURE: wrote /private/var/folders/sl/yxxj_m9n37sgntkntqw0x8yw0000gn/T/places-stage5-gpu-capture-bf50xaew/frame-784.png
[lighting-sequence] capture_attempt ready_frame=784 path=/private/var/folders/sl/yxxj_m9n37sgntkntqw0x8yw0000gn/T/places-stage5-gpu-capture-bf50xaew/frame-784.png
PLACES_CAPTURE: wrote /private/var/folders/sl/yxxj_m9n37sgntkntqw0x8yw0000gn/T/places-stage5-gpu-capture-bf50xaew/frame-785.png
[lighting-sequence] capture_attempt ready_frame=785 path=/private/var/folders/sl/yxxj_m9n37sgntkntqw0x8yw0000gn/T/places-stage5-gpu-capture-bf50xaew/frame-785.png
PLACES_CAPTURE: wrote /private/var/folders/sl/yxxj_m9n37sgntkntqw0x8yw0000gn/T/places-stage5-gpu-capture-bf50xaew/frame-786.png
[lighting-sequence] capture_attempt ready_frame=786 path=/private/var/folders/sl/yxxj_m9n37sgntkntqw0x8yw0000gn/T/places-stage5-gpu-capture-bf50xaew/frame-786.png
PLACES_CAPTURE: wrote /private/var/folders/sl/yxxj_m9n37sgntkntqw0x8yw0000gn/T/places-stage5-gpu-capture-bf50xaew/frame-787.png
[lighting-sequence] capture_attempt ready_frame=787 path=/private/var/folders/sl/yxxj_m9n37sgntkntqw0x8yw0000gn/T/places-stage5-gpu-capture-bf50xaew/frame-787.png
PLACES_CAPTURE: wrote /private/var/folders/sl/yxxj_m9n37sgntkntqw0x8yw0000gn/T/places-stage5-gpu-capture-bf50xaew/frame-788.png
[lighting-sequence] capture_attempt ready_frame=788 path=/private/var/folders/sl/yxxj_m9n37sgntkntqw0x8yw0000gn/T/places-stage5-gpu-capture-bf50xaew/frame-788.png
PLACES_CAPTURE: wrote /private/var/folders/sl/yxxj_m9n37sgntkntqw0x8yw0000gn/T/places-stage5-gpu-capture-bf50xaew/frame-789.png
[lighting-sequence] capture_attempt ready_frame=789 path=/private/var/folders/sl/yxxj_m9n37sgntkntqw0x8yw0000gn/T/places-stage5-gpu-capture-bf50xaew/frame-789.png
PLACES_CAPTURE: wrote /private/var/folders/sl/yxxj_m9n37sgntkntqw0x8yw0000gn/T/places-stage5-gpu-capture-bf50xaew/frame-790.png
[lighting-sequence] capture_attempt ready_frame=790 path=/private/var/folders/sl/yxxj_m9n37sgntkntqw0x8yw0000gn/T/places-stage5-gpu-capture-bf50xaew/frame-790.png
PLACES_CAPTURE: wrote /private/var/folders/sl/yxxj_m9n37sgntkntqw0x8yw0000gn/T/places-stage5-gpu-capture-bf50xaew/frame-791.png
[lighting-sequence] capture_attempt ready_frame=791 path=/private/var/folders/sl/yxxj_m9n37sgntkntqw0x8yw0000gn/T/places-stage5-gpu-capture-bf50xaew/frame-791.png
PLACES_CAPTURE: wrote /private/var/folders/sl/yxxj_m9n37sgntkntqw0x8yw0000gn/T/places-stage5-gpu-capture-bf50xaew/frame-792.png
[lighting-sequence] capture_attempt ready_frame=792 path=/private/var/folders/sl/yxxj_m9n37sgntkntqw0x8yw0000gn/T/places-stage5-gpu-capture-bf50xaew/frame-792.png
PLACES_CAPTURE: wrote /private/var/folders/sl/yxxj_m9n37sgntkntqw0x8yw0000gn/T/places-stage5-gpu-capture-bf50xaew/frame-793.png
[lighting-sequence] capture_attempt ready_frame=793 path=/private/var/folders/sl/yxxj_m9n37sgntkntqw0x8yw0000gn/T/places-stage5-gpu-capture-bf50xaew/frame-793.png
PLACES_CAPTURE: wrote /private/var/folders/sl/yxxj_m9n37sgntkntqw0x8yw0000gn/T/places-stage5-gpu-capture-bf50xaew/frame-794.png
[lighting-sequence] capture_attempt ready_frame=794 path=/private/var/folders/sl/yxxj_m9n37sgntkntqw0x8yw0000gn/T/places-stage5-gpu-capture-bf50xaew/frame-794.png
PLACES_CAPTURE: wrote /private/var/folders/sl/yxxj_m9n37sgntkntqw0x8yw0000gn/T/places-stage5-gpu-capture-bf50xaew/frame-795.png
[lighting-sequence] capture_attempt ready_frame=795 path=/private/var/folders/sl/yxxj_m9n37sgntkntqw0x8yw0000gn/T/places-stage5-gpu-capture-bf50xaew/frame-795.png
PLACES_CAPTURE: wrote /private/var/folders/sl/yxxj_m9n37sgntkntqw0x8yw0000gn/T/places-stage5-gpu-capture-bf50xaew/frame-796.png
[lighting-sequence] capture_attempt ready_frame=796 path=/private/var/folders/sl/yxxj_m9n37sgntkntqw0x8yw0000gn/T/places-stage5-gpu-capture-bf50xaew/frame-796.png
PLACES_CAPTURE: wrote /private/var/folders/sl/yxxj_m9n37sgntkntqw0x8yw0000gn/T/places-stage5-gpu-capture-bf50xaew/frame-797.png
[lighting-sequence] capture_attempt ready_frame=797 path=/private/var/folders/sl/yxxj_m9n37sgntkntqw0x8yw0000gn/T/places-stage5-gpu-capture-bf50xaew/frame-797.png
PLACES_CAPTURE: wrote /private/var/folders/sl/yxxj_m9n37sgntkntqw0x8yw0000gn/T/places-stage5-gpu-capture-bf50xaew/frame-798.png
[lighting-sequence] capture_attempt ready_frame=798 path=/private/var/folders/sl/yxxj_m9n37sgntkntqw0x8yw0000gn/T/places-stage5-gpu-capture-bf50xaew/frame-798.png
PLACES_CAPTURE: wrote /private/var/folders/sl/yxxj_m9n37sgntkntqw0x8yw0000gn/T/places-stage5-gpu-capture-bf50xaew/frame-799.png
[lighting-sequence] capture_attempt ready_frame=799 path=/private/var/folders/sl/yxxj_m9n37sgntkntqw0x8yw0000gn/T/places-stage5-gpu-capture-bf50xaew/frame-799.png
PLACES_CAPTURE: wrote /private/var/folders/sl/yxxj_m9n37sgntkntqw0x8yw0000gn/T/places-stage5-gpu-capture-bf50xaew/frame-800.png
[lighting-sequence] capture_attempt ready_frame=800 path=/private/var/folders/sl/yxxj_m9n37sgntkntqw0x8yw0000gn/T/places-stage5-gpu-capture-bf50xaew/frame-800.png
PLACES_CAPTURE: wrote /private/var/folders/sl/yxxj_m9n37sgntkntqw0x8yw0000gn/T/places-stage5-gpu-capture-bf50xaew/frame-801.png
[lighting-sequence] capture_attempt ready_frame=801 path=/private/var/folders/sl/yxxj_m9n37sgntkntqw0x8yw0000gn/T/places-stage5-gpu-capture-bf50xaew/frame-801.png
PLACES_CAPTURE: wrote /private/var/folders/sl/yxxj_m9n37sgntkntqw0x8yw0000gn/T/places-stage5-gpu-capture-bf50xaew/frame-802.png
[lighting-sequence] capture_attempt ready_frame=802 path=/private/var/folders/sl/yxxj_m9n37sgntkntqw0x8yw0000gn/T/places-stage5-gpu-capture-bf50xaew/frame-802.png
PLACES_CAPTURE: wrote /private/var/folders/sl/yxxj_m9n37sgntkntqw0x8yw0000gn/T/places-stage5-gpu-capture-bf50xaew/frame-803.png
[lighting-sequence] capture_attempt ready_frame=803 path=/private/var/folders/sl/yxxj_m9n37sgntkntqw0x8yw0000gn/T/places-stage5-gpu-capture-bf50xaew/frame-803.png
PLACES_CAPTURE: wrote /private/var/folders/sl/yxxj_m9n37sgntkntqw0x8yw0000gn/T/places-stage5-gpu-capture-bf50xaew/frame-804.png
[lighting-sequence] capture_attempt ready_frame=804 path=/private/var/folders/sl/yxxj_m9n37sgntkntqw0x8yw0000gn/T/places-stage5-gpu-capture-bf50xaew/frame-804.png
PLACES_CAPTURE: wrote /private/var/folders/sl/yxxj_m9n37sgntkntqw0x8yw0000gn/T/places-stage5-gpu-capture-bf50xaew/frame-805.png
[lighting-sequence] capture_attempt ready_frame=805 path=/private/var/folders/sl/yxxj_m9n37sgntkntqw0x8yw0000gn/T/places-stage5-gpu-capture-bf50xaew/frame-805.png
PLACES_CAPTURE: wrote /private/var/folders/sl/yxxj_m9n37sgntkntqw0x8yw0000gn/T/places-stage5-gpu-capture-bf50xaew/frame-806.png
[lighting-sequence] capture_attempt ready_frame=806 path=/private/var/folders/sl/yxxj_m9n37sgntkntqw0x8yw0000gn/T/places-stage5-gpu-capture-bf50xaew/frame-806.png
PLACES_CAPTURE: wrote /private/var/folders/sl/yxxj_m9n37sgntkntqw0x8yw0000gn/T/places-stage5-gpu-capture-bf50xaew/frame-807.png
[lighting-sequence] capture_attempt ready_frame=807 path=/private/var/folders/sl/yxxj_m9n37sgntkntqw0x8yw0000gn/T/places-stage5-gpu-capture-bf50xaew/frame-807.png
PLACES_CAPTURE: wrote /private/var/folders/sl/yxxj_m9n37sgntkntqw0x8yw0000gn/T/places-stage5-gpu-capture-bf50xaew/frame-808.png
[lighting-sequence] capture_attempt ready_frame=808 path=/private/var/folders/sl/yxxj_m9n37sgntkntqw0x8yw0000gn/T/places-stage5-gpu-capture-bf50xaew/frame-808.png
PLACES_CAPTURE: wrote /private/var/folders/sl/yxxj_m9n37sgntkntqw0x8yw0000gn/T/places-stage5-gpu-capture-bf50xaew/frame-809.png
[lighting-sequence] capture_attempt ready_frame=809 path=/private/var/folders/sl/yxxj_m9n37sgntkntqw0x8yw0000gn/T/places-stage5-gpu-capture-bf50xaew/frame-809.png
PLACES_CAPTURE: wrote /private/var/folders/sl/yxxj_m9n37sgntkntqw0x8yw0000gn/T/places-stage5-gpu-capture-bf50xaew/frame-810.png
[lighting-sequence] capture_attempt ready_frame=810 path=/private/var/folders/sl/yxxj_m9n37sgntkntqw0x8yw0000gn/T/places-stage5-gpu-capture-bf50xaew/frame-810.png
PLACES_CAPTURE: wrote /private/var/folders/sl/yxxj_m9n37sgntkntqw0x8yw0000gn/T/places-stage5-gpu-capture-bf50xaew/frame-811.png
[lighting-sequence] capture_attempt ready_frame=811 path=/private/var/folders/sl/yxxj_m9n37sgntkntqw0x8yw0000gn/T/places-stage5-gpu-capture-bf50xaew/frame-811.png
PLACES_CAPTURE: wrote /private/var/folders/sl/yxxj_m9n37sgntkntqw0x8yw0000gn/T/places-stage5-gpu-capture-bf50xaew/frame-812.png
[lighting-sequence] capture_attempt ready_frame=812 path=/private/var/folders/sl/yxxj_m9n37sgntkntqw0x8yw0000gn/T/places-stage5-gpu-capture-bf50xaew/frame-812.png
PLACES_CAPTURE: wrote /private/var/folders/sl/yxxj_m9n37sgntkntqw0x8yw0000gn/T/places-stage5-gpu-capture-bf50xaew/frame-813.png
[lighting-sequence] capture_attempt ready_frame=813 path=/private/var/folders/sl/yxxj_m9n37sgntkntqw0x8yw0000gn/T/places-stage5-gpu-capture-bf50xaew/frame-813.png
PLACES_CAPTURE: wrote /private/var/folders/sl/yxxj_m9n37sgntkntqw0x8yw0000gn/T/places-stage5-gpu-capture-bf50xaew/frame-814.png
[lighting-sequence] capture_attempt ready_frame=814 path=/private/var/folders/sl/yxxj_m9n37sgntkntqw0x8yw0000gn/T/places-stage5-gpu-capture-bf50xaew/frame-814.png
PLACES_CAPTURE: wrote /private/var/folders/sl/yxxj_m9n37sgntkntqw0x8yw0000gn/T/places-stage5-gpu-capture-bf50xaew/frame-815.png
[lighting-sequence] capture_attempt ready_frame=815 path=/private/var/folders/sl/yxxj_m9n37sgntkntqw0x8yw0000gn/T/places-stage5-gpu-capture-bf50xaew/frame-815.png
PLACES_CAPTURE: wrote /private/var/folders/sl/yxxj_m9n37sgntkntqw0x8yw0000gn/T/places-stage5-gpu-capture-bf50xaew/frame-816.png
[lighting-sequence] capture_attempt ready_frame=816 path=/private/var/folders/sl/yxxj_m9n37sgntkntqw0x8yw0000gn/T/places-stage5-gpu-capture-bf50xaew/frame-816.png
PLACES_CAPTURE: wrote /private/var/folders/sl/yxxj_m9n37sgntkntqw0x8yw0000gn/T/places-stage5-gpu-capture-bf50xaew/frame-817.png
[lighting-sequence] capture_attempt ready_frame=817 path=/private/var/folders/sl/yxxj_m9n37sgntkntqw0x8yw0000gn/T/places-stage5-gpu-capture-bf50xaew/frame-817.png
PLACES_CAPTURE: wrote /private/var/folders/sl/yxxj_m9n37sgntkntqw0x8yw0000gn/T/places-stage5-gpu-capture-bf50xaew/frame-818.png
[lighting-sequence] capture_attempt ready_frame=818 path=/private/var/folders/sl/yxxj_m9n37sgntkntqw0x8yw0000gn/T/places-stage5-gpu-capture-bf50xaew/frame-818.png
PLACES_CAPTURE: wrote /private/var/folders/sl/yxxj_m9n37sgntkntqw0x8yw0000gn/T/places-stage5-gpu-capture-bf50xaew/frame-819.png
[lighting-sequence] capture_attempt ready_frame=819 path=/private/var/folders/sl/yxxj_m9n37sgntkntqw0x8yw0000gn/T/places-stage5-gpu-capture-bf50xaew/frame-819.png
PLACES_CAPTURE: wrote /private/var/folders/sl/yxxj_m9n37sgntkntqw0x8yw0000gn/T/places-stage5-gpu-capture-bf50xaew/frame-820.png
[lighting-sequence] capture_attempt ready_frame=820 path=/private/var/folders/sl/yxxj_m9n37sgntkntqw0x8yw0000gn/T/places-stage5-gpu-capture-bf50xaew/frame-820.png
PLACES_CAPTURE: wrote /private/var/folders/sl/yxxj_m9n37sgntkntqw0x8yw0000gn/T/places-stage5-gpu-capture-bf50xaew/frame-821.png
[lighting-sequence] capture_attempt ready_frame=821 path=/private/var/folders/sl/yxxj_m9n37sgntkntqw0x8yw0000gn/T/places-stage5-gpu-capture-bf50xaew/frame-821.png
PLACES_CAPTURE: wrote /private/var/folders/sl/yxxj_m9n37sgntkntqw0x8yw0000gn/T/places-stage5-gpu-capture-bf50xaew/frame-822.png
[lighting-sequence] capture_attempt ready_frame=822 path=/private/var/folders/sl/yxxj_m9n37sgntkntqw0x8yw0000gn/T/places-stage5-gpu-capture-bf50xaew/frame-822.png
PLACES_CAPTURE: wrote /private/var/folders/sl/yxxj_m9n37sgntkntqw0x8yw0000gn/T/places-stage5-gpu-capture-bf50xaew/frame-823.png
[lighting-sequence] capture_attempt ready_frame=823 path=/private/var/folders/sl/yxxj_m9n37sgntkntqw0x8yw0000gn/T/places-stage5-gpu-capture-bf50xaew/frame-823.png
PLACES_CAPTURE: wrote /private/var/folders/sl/yxxj_m9n37sgntkntqw0x8yw0000gn/T/places-stage5-gpu-capture-bf50xaew/frame-824.png
[lighting-sequence] capture_attempt ready_frame=824 path=/private/var/folders/sl/yxxj_m9n37sgntkntqw0x8yw0000gn/T/places-stage5-gpu-capture-bf50xaew/frame-824.png
PLACES_CAPTURE: wrote /private/var/folders/sl/yxxj_m9n37sgntkntqw0x8yw0000gn/T/places-stage5-gpu-capture-bf50xaew/frame-825.png
[lighting-sequence] capture_attempt ready_frame=825 path=/private/var/folders/sl/yxxj_m9n37sgntkntqw0x8yw0000gn/T/places-stage5-gpu-capture-bf50xaew/frame-825.png
PLACES_CAPTURE: wrote /private/var/folders/sl/yxxj_m9n37sgntkntqw0x8yw0000gn/T/places-stage5-gpu-capture-bf50xaew/frame-826.png
[lighting-sequence] capture_attempt ready_frame=826 path=/private/var/folders/sl/yxxj_m9n37sgntkntqw0x8yw0000gn/T/places-stage5-gpu-capture-bf50xaew/frame-826.png
PLACES_CAPTURE: wrote /private/var/folders/sl/yxxj_m9n37sgntkntqw0x8yw0000gn/T/places-stage5-gpu-capture-bf50xaew/frame-827.png
[lighting-sequence] capture_attempt ready_frame=827 path=/private/var/folders/sl/yxxj_m9n37sgntkntqw0x8yw0000gn/T/places-stage5-gpu-capture-bf50xaew/frame-827.png
PLACES_CAPTURE: wrote /private/var/folders/sl/yxxj_m9n37sgntkntqw0x8yw0000gn/T/places-stage5-gpu-capture-bf50xaew/frame-828.png
[lighting-sequence] capture_attempt ready_frame=828 path=/private/var/folders/sl/yxxj_m9n37sgntkntqw0x8yw0000gn/T/places-stage5-gpu-capture-bf50xaew/frame-828.png
PLACES_CAPTURE: wrote /private/var/folders/sl/yxxj_m9n37sgntkntqw0x8yw0000gn/T/places-stage5-gpu-capture-bf50xaew/frame-829.png
[lighting-sequence] capture_attempt ready_frame=829 path=/private/var/folders/sl/yxxj_m9n37sgntkntqw0x8yw0000gn/T/places-stage5-gpu-capture-bf50xaew/frame-829.png
PLACES_CAPTURE: wrote /private/var/folders/sl/yxxj_m9n37sgntkntqw0x8yw0000gn/T/places-stage5-gpu-capture-bf50xaew/frame-830.png
[lighting-sequence] capture_attempt ready_frame=830 path=/private/var/folders/sl/yxxj_m9n37sgntkntqw0x8yw0000gn/T/places-stage5-gpu-capture-bf50xaew/frame-830.png
PLACES_CAPTURE: wrote /private/var/folders/sl/yxxj_m9n37sgntkntqw0x8yw0000gn/T/places-stage5-gpu-capture-bf50xaew/frame-831.png
[lighting-sequence] capture_attempt ready_frame=831 path=/private/var/folders/sl/yxxj_m9n37sgntkntqw0x8yw0000gn/T/places-stage5-gpu-capture-bf50xaew/frame-831.png
PLACES_CAPTURE: wrote /private/var/folders/sl/yxxj_m9n37sgntkntqw0x8yw0000gn/T/places-stage5-gpu-capture-bf50xaew/frame-832.png
[lighting-sequence] capture_attempt ready_frame=832 path=/private/var/folders/sl/yxxj_m9n37sgntkntqw0x8yw0000gn/T/places-stage5-gpu-capture-bf50xaew/frame-832.png
PLACES_CAPTURE: wrote /private/var/folders/sl/yxxj_m9n37sgntkntqw0x8yw0000gn/T/places-stage5-gpu-capture-bf50xaew/frame-833.png
[lighting-sequence] capture_attempt ready_frame=833 path=/private/var/folders/sl/yxxj_m9n37sgntkntqw0x8yw0000gn/T/places-stage5-gpu-capture-bf50xaew/frame-833.png
PLACES_CAPTURE: wrote /private/var/folders/sl/yxxj_m9n37sgntkntqw0x8yw0000gn/T/places-stage5-gpu-capture-bf50xaew/frame-834.png
[lighting-sequence] capture_attempt ready_frame=834 path=/private/var/folders/sl/yxxj_m9n37sgntkntqw0x8yw0000gn/T/places-stage5-gpu-capture-bf50xaew/frame-834.png
PLACES_CAPTURE: wrote /private/var/folders/sl/yxxj_m9n37sgntkntqw0x8yw0000gn/T/places-stage5-gpu-capture-bf50xaew/frame-835.png
[lighting-sequence] capture_attempt ready_frame=835 path=/private/var/folders/sl/yxxj_m9n37sgntkntqw0x8yw0000gn/T/places-stage5-gpu-capture-bf50xaew/frame-835.png
PLACES_CAPTURE: wrote /private/var/folders/sl/yxxj_m9n37sgntkntqw0x8yw0000gn/T/places-stage5-gpu-capture-bf50xaew/frame-836.png
[lighting-sequence] capture_attempt ready_frame=836 path=/private/var/folders/sl/yxxj_m9n37sgntkntqw0x8yw0000gn/T/places-stage5-gpu-capture-bf50xaew/frame-836.png
PLACES_CAPTURE: wrote /private/var/folders/sl/yxxj_m9n37sgntkntqw0x8yw0000gn/T/places-stage5-gpu-capture-bf50xaew/frame-837.png
[lighting-sequence] capture_attempt ready_frame=837 path=/private/var/folders/sl/yxxj_m9n37sgntkntqw0x8yw0000gn/T/places-stage5-gpu-capture-bf50xaew/frame-837.png
PLACES_CAPTURE: wrote /private/var/folders/sl/yxxj_m9n37sgntkntqw0x8yw0000gn/T/places-stage5-gpu-capture-bf50xaew/frame-838.png
[lighting-sequence] capture_attempt ready_frame=838 path=/private/var/folders/sl/yxxj_m9n37sgntkntqw0x8yw0000gn/T/places-stage5-gpu-capture-bf50xaew/frame-838.png
PLACES_CAPTURE: wrote /private/var/folders/sl/yxxj_m9n37sgntkntqw0x8yw0000gn/T/places-stage5-gpu-capture-bf50xaew/frame-839.png
[lighting-sequence] capture_attempt ready_frame=839 path=/private/var/folders/sl/yxxj_m9n37sgntkntqw0x8yw0000gn/T/places-stage5-gpu-capture-bf50xaew/frame-839.png
PLACES_CAPTURE: wrote /private/var/folders/sl/yxxj_m9n37sgntkntqw0x8yw0000gn/T/places-stage5-gpu-capture-bf50xaew/frame-840.png
[lighting-sequence] capture_attempt ready_frame=840 path=/private/var/folders/sl/yxxj_m9n37sgntkntqw0x8yw0000gn/T/places-stage5-gpu-capture-bf50xaew/frame-840.png
BENCH_SUMMARY {"level":"art_style_hero","frames":720,"swap_interval":0,"update_mean_ms":0.052,"render_mean_ms":0.051,"swap_mean_ms":53.787,"frame_mean_ms":53.890,"loop_mean_ms":53.985,"frame_median_ms":53.479,"loop_median_ms":53.570,"frame_p95_ms":56.427,"frame_p99_ms":57.512,"loop_p95_ms":56.526,"loop_p99_ms":57.729,"frame_min_ms":51.989,"frame_max_ms":64.772,"loop_min_ms":52.094,"loop_max_ms":64.879,"fps_median":18.67,"fps_p95":17.69,"fps_p99":17.32,"fps_1pct_low":17.32,"fps_mean":18.52,"measured_fps_mean":18.56,"worst_fps":15.41,"total_vertices":0,"visible_vertices":0,"culled_vertices":0,"total_batches":0,"visible_batches":0,"draw_calls":0,"vbo_bytes":0,"index_bytes":0,"texture_binds":0,"material_changes":0,"reflection_passes":0}
BENCH_SUMMARY {"level":"art_style_hero","frames":720,"swap_interval":0,"update_mean_ms":0.052,"render_mean_ms":0.051,"swap_mean_ms":53.787,"frame_mean_ms":53.890,"loop_mean_ms":53.985,"frame_median_ms":53.479,"loop_median_ms":53.570,"frame_p95_ms":56.427,"frame_p99_ms":57.512,"loop_p95_ms":56.526,"loop_p99_ms":57.729,"frame_min_ms":51.989,"frame_max_ms":64.772,"loop_min_ms":52.094,"loop_max_ms":64.879,"fps_median":18.67,"fps_p95":17.69,"fps_p99":17.32,"fps_1pct_low":17.32,"fps_mean":18.52,"measured_fps_mean":18.56,"worst_fps":15.41,"total_vertices":0,"visible_vertices":0,"culled_vertices":0,"total_batches":0,"visible_batches":0,"draw_calls":0,"vbo_bytes":0,"index_bytes":0,"texture_binds":0,"material_changes":0,"reflection_passes":0}
       46.03 real        43.95 user         1.34 sys
           540852224  maximum resident set size
                   0  average shared memory size
                   0  average unshared data size
                   0  average unshared stack size
              224567  page reclaims
                  46  page faults
                   0  swaps
                   0  block input operations
                   0  block output operations
                   0  messages sent
                   0  messages received
                   0  signals received
                 120  voluntary context switches
               15161  involuntary context switches
        410106681445  instructions retired
        156093686425  cycles elapsed
           643253664  peak memory footprint
