frame,update_ms,render_ms,swap_ms,frame_ms,loop_ms,total_vertices,visible_vertices,culled_vertices,total_batches,visible_batches,draw_calls,vbo_bytes,index_bytes,texture_binds,material_changes,reflection_passes
1,0.857,0.316,0.011,1.184,1.184,16644,23067,0,36,33,33,1264944,33984,29,31,0
2,0.493,0.972,0.011,1.476,1.336,16644,23067,0,36,33,33,1264944,33984,29,31,0
3,0.455,3.148,0.008,3.610,1.619,16644,23067,0,36,33,33,1264944,33984,29,31,0
4,0.465,6.421,0.009,6.895,3.753,16644,23067,0,36,33,33,1264944,33984,29,31,0
5,0.482,7.325,0.009,7.816,7.038,16644,23067,0,36,33,33,1264944,33984,29,31,0
6,0.478,0.645,0.011,1.134,7.952,16644,23067,0,36,33,33,1264944,33984,29,31,0
7,0.495,0.270,0.009,0.773,1.282,16644,23067,0,36,33,33,1264944,33984,29,31,0
8,0.471,4.663,0.008,5.142,0.891,16644,23067,0,36,33,33,1264944,33984,29,31,0
9,0.472,0.227,0.007,0.707,5.286,16644,23067,0,36,33,33,1264944,33984,29,31,0
10,0.488,1.085,0.009,1.582,0.826,16644,23067,0,36,33,33,1264944,33984,29,31,0
11,0.453,2.439,0.009,2.901,1.724,16644,23067,0,36,33,33,1264944,33984,29,31,0
12,0.733,3.043,0.007,3.783,3.048,16644,23067,0,36,33,33,1264944,33984,29,31,0
13,0.479,3.269,0.012,3.760,3.926,16644,23067,0,36,33,33,1264944,33984,29,31,0
14,0.480,12.474,0.007,12.962,3.907,16644,23067,0,36,33,33,1264944,33984,29,31,0
15,0.552,7.185,0.015,7.751,13.103,16644,23067,0,36,33,33,1264944,33984,29,31,0
16,0.541,0.627,0.009,1.176,7.911,16644,23067,0,36,33,33,1264944,33984,29,31,0
17,0.550,0.297,0.007,0.854,1.328,16644,23067,0,36,33,33,1264944,33984,29,31,0
18,0.820,0.317,0.011,1.148,1.001,16644,23067,0,36,33,33,1264944,33984,29,31,0
19,0.557,0.331,0.012,0.899,1.305,16644,23067,0,36,33,33,1264944,33984,29,31,0
20,0.563,2.731,0.007,3.300,1.049,16644,23067,0,36,33,33,1264944,33984,29,31,0
21,0.515,3.219,0.009,3.743,3.453,16644,23067,0,36,33,33,1264944,33984,29,31,0
22,0.838,12.330,0.012,13.180,3.913,16644,23067,0,36,33,33,1264944,33984,29,31,0
23,0.851,6.742,0.008,7.601,13.352,16644,23067,0,36,33,33,1264944,33984,29,31,0
24,0.577,0.546,0.010,1.133,7.757,16644,23067,0,36,33,33,1264944,33984,29,31,0
25,0.563,0.308,0.010,0.881,1.297,16644,23067,0,36,33,33,1264944,33984,29,31,0
26,0.814,0.314,0.007,1.135,1.029,16644,23067,0,36,33,33,1264944,33984,29,31,0
27,0.566,0.317,0.010,0.893,1.283,16644,23067,0,36,33,33,1264944,33984,29,31,0
28,0.606,0.407,0.010,1.023,1.037,16644,23067,0,36,33,33,1264944,33984,29,31,0
29,0.576,1.705,0.022,2.303,1.192,16644,23067,0,36,33,33,1264944,33984,29,31,0
30,0.537,2.807,0.007,3.351,2.465,16644,23067,0,36,33,33,1264944,33984,29,31,0
31,0.704,12.912,0.014,13.631,3.517,16644,23067,0,36,33,33,1264944,33984,29,31,0
32,0.864,6.878,0.051,7.793,13.825,16644,23067,0,36,33,33,1264944,33984,29,31,0
33,0.586,0.398,0.012,0.997,7.974,16644,23067,0,36,33,33,1264944,33984,29,31,0
34,0.589,0.320,0.011,0.919,1.166,16644,23067,0,36,33,33,1264944,33984,29,31,0
35,0.884,0.346,0.013,1.243,1.083,16644,23067,0,36,33,33,1264944,33984,29,31,0
36,0.625,0.325,0.012,0.961,1.404,16644,23067,0,36,33,33,1264944,33984,29,31,0
37,0.623,11.305,0.009,11.937,1.126,16644,23067,0,36,33,33,1264944,33984,29,31,0
38,0.611,7.619,0.013,8.242,12.119,16644,23067,0,36,33,33,1264944,33984,29,31,0
39,0.647,7.156,0.011,7.814,8.427,16644,23067,0,36,33,33,1264944,33984,29,31,0
40,0.649,0.457,0.015,1.122,8.000,16644,23067,0,36,33,33,1264944,33984,29,31,0
41,0.661,0.320,0.008,0.988,1.311,16644,23067,0,36,33,33,1264944,33984,29,31,0
42,0.613,0.304,0.010,0.927,1.161,16644,23067,0,36,33,33,1264944,33984,29,31,0
43,0.615,0.359,0.011,0.985,1.098,16644,23067,0,36,33,33,1264944,33984,29,31,0
44,0.624,1.576,0.010,2.210,1.148,16644,23067,0,36,33,33,1264944,33984,29,31,0
45,0.599,0.285,0.012,0.896,2.381,16644,23067,0,36,33,33,1264944,33984,29,31,0
46,0.572,2.786,0.011,3.369,1.071,16644,23067,0,36,33,33,1264944,33984,29,31,0
47,0.583,12.238,0.011,12.832,3.547,16644,23067,0,36,33,33,1264944,33984,29,31,0
48,0.637,7.447,0.011,8.096,13.029,16644,23067,0,36,33,33,1264944,33984,29,31,0
49,0.645,0.377,0.011,1.033,8.284,16644,23067,0,36,33,33,1264944,33984,29,31,0
50,0.649,0.340,0.011,1.000,1.212,16644,23067,0,36,33,33,1264944,33984,29,31,0
51,0.649,0.313,0.009,0.970,1.183,16644,23067,0,36,33,33,1264944,33984,29,31,0
52,0.643,0.303,0.010,0.956,1.106,16644,23067,0,36,33,33,1264944,33984,29,31,0
53,0.678,0.314,0.012,1.004,1.080,16644,23067,0,36,33,33,1264944,33984,29,31,0
54,0.599,3.855,0.013,4.467,1.136,16644,23067,0,36,33,33,1264944,33984,29,31,0
55,0.605,14.374,0.009,14.988,4.596,16644,23067,0,36,33,33,1264944,33984,29,31,0
56,0.905,7.044,0.013,7.961,15.132,16644,23067,0,36,33,33,1264944,33984,29,31,0
57,0.911,0.264,0.009,1.184,8.097,16644,23067,0,36,33,33,1264944,33984,29,31,0
58,0.623,0.299,0.012,0.933,1.332,16644,23067,0,36,33,33,1264944,33984,29,31,0
59,0.646,0.384,0.011,1.041,1.067,16644,23067,0,36,33,33,1264944,33984,29,31,0
60,10.914,0.978,0.012,11.904,6.744,16750,23167,0,36,33,33,1273000,34824,29,31,0
61,1.337,0.317,0.014,1.668,12.009,16750,23167,0,36,33,33,1273000,34824,29,31,0
62,5.070,5.333,0.009,10.411,1.777,16750,23167,0,36,33,33,1273000,34824,29,31,0
63,0.427,7.897,0.009,8.332,10.530,16750,23167,0,36,33,33,1273000,34824,29,31,0
64,0.470,7.386,0.011,7.867,8.434,16750,23167,0,36,33,33,1273000,34824,29,31,0
65,0.542,7.846,0.011,8.399,7.986,16750,23167,0,36,33,33,1273000,34824,29,31,0
66,0.499,2.839,0.008,3.347,8.522,16750,23167,0,36,33,33,1273000,34824,29,31,0
67,0.479,12.973,0.010,13.462,3.461,16750,23167,0,36,33,33,1273000,34824,29,31,0
68,0.534,7.605,0.015,8.154,13.588,16750,23167,0,36,33,33,1273000,34824,29,31,0
69,0.589,0.571,0.018,1.179,8.284,16750,23167,0,36,33,33,1273000,34824,29,31,0
70,0.595,0.338,0.009,0.943,1.307,16750,23167,0,36,33,33,1273000,34824,29,31,0
71,0.558,0.389,0.015,0.962,1.058,16750,23167,0,36,33,33,1273000,34824,29,31,0
72,0.530,0.261,0.006,0.797,1.097,16750,23167,0,36,33,33,1273000,34824,29,31,0
73,0.525,3.610,0.009,4.144,0.916,16750,23167,0,36,33,33,1273000,34824,29,31,0
74,0.544,16.300,0.010,16.853,4.278,16750,23167,0,36,33,33,1273000,34824,29,31,0
75,0.576,6.829,0.011,7.416,16.996,16750,23167,0,36,33,33,1273000,34824,29,31,0
76,0.580,7.237,0.010,7.827,7.579,16750,23167,0,36,33,33,1273000,34824,29,31,0
77,0.616,7.799,0.011,8.425,7.978,16750,23167,0,36,33,33,1273000,34824,29,31,0
78,0.653,7.730,0.014,8.397,8.572,16750,23167,0,36,33,33,1273000,34824,29,31,0
79,0.617,7.265,0.010,7.892,8.539,16750,23167,0,36,33,33,1273000,34824,29,31,0
80,0.627,0.560,0.014,1.201,8.035,16750,23167,0,36,33,33,1273000,34824,29,31,0
81,0.632,0.331,0.011,0.974,1.350,16750,23167,0,36,33,33,1273000,34824,29,31,0
82,0.626,0.328,0.013,0.966,1.104,16750,23167,0,36,33,33,1273000,34824,29,31,0
83,0.596,0.296,0.009,0.902,1.102,16750,23167,0,36,33,33,1273000,34824,29,31,0
84,0.627,0.318,0.011,0.957,1.031,16750,23167,0,36,33,33,1273000,34824,29,31,0
85,0.594,3.320,0.011,3.925,1.093,16750,23167,0,36,33,33,1273000,34824,29,31,0
86,0.614,14.801,0.014,15.428,4.077,16750,23167,0,36,33,33,1273000,34824,29,31,0
87,0.680,7.165,0.014,7.859,15.594,16750,23167,0,36,33,33,1273000,34824,29,31,0
88,0.687,0.405,0.018,1.110,8.017,16750,23167,0,36,33,33,1273000,34824,29,31,0
89,0.685,0.362,0.013,1.061,1.273,16750,23167,0,36,33,33,1273000,34824,29,31,0
90,0.703,0.364,0.011,1.078,1.216,16750,23167,0,36,33,33,1273000,34824,29,31,0
91,0.725,0.396,0.013,1.135,1.230,16750,23167,0,36,33,33,1273000,34824,29,31,0
92,0.633,11.086,0.011,11.730,1.266,16750,23167,0,36,33,33,1273000,34824,29,31,0
93,1.000,7.546,0.010,8.556,11.902,16750,23167,0,36,33,33,1273000,34824,29,31,0
94,0.682,6.965,0.012,7.659,8.722,16750,23167,0,36,33,33,1273000,34824,29,31,0
95,0.669,0.491,0.014,1.175,7.820,16750,23167,0,36,33,33,1273000,34824,29,31,0
96,0.660,0.377,0.012,1.049,1.334,16750,23167,0,36,33,33,1273000,34824,29,31,0
97,0.964,0.292,0.012,1.268,1.208,16750,23167,0,36,33,33,1273000,34824,29,31,0
98,0.687,0.446,0.015,1.148,1.421,16750,23167,0,36,33,33,1273000,34824,29,31,0
99,0.735,10.680,0.015,11.430,1.316,16750,23167,0,36,33,33,1273000,34824,29,31,0
100,0.713,7.630,0.015,8.358,11.600,16750,23167,0,36,33,33,1273000,34824,29,31,0
101,0.697,7.119,0.018,7.835,8.518,16750,23167,0,36,33,33,1273000,34824,29,31,0
102,0.671,0.321,0.021,1.013,7.998,16750,23167,0,36,33,33,1273000,34824,29,31,0
103,0.669,0.372,0.013,1.054,1.175,16750,23167,0,36,33,33,1273000,34824,29,31,0
104,0.664,0.408,0.022,1.094,1.219,16750,23167,0,36,33,33,1273000,34824,29,31,0
105,0.702,0.362,0.017,1.081,1.246,16750,23167,0,36,33,33,1273000,34824,29,31,0
106,0.700,0.419,0.016,1.136,1.227,16750,23167,0,36,33,33,1273000,34824,29,31,0
107,0.669,3.411,0.025,4.104,1.285,16750,23167,0,36,33,33,1273000,34824,29,31,0
108,0.705,14.044,0.018,14.766,4.268,16750,23167,0,36,33,33,1273000,34824,29,31,0
109,0.673,7.089,0.022,7.783,14.925,16750,23167,0,36,33,33,1273000,34824,29,31,0
110,0.779,0.339,0.011,1.130,7.969,16750,23167,0,36,33,33,1273000,34824,29,31,0
111,0.740,0.326,0.013,1.078,1.305,16750,23167,0,36,33,33,1273000,34824,29,31,0
112,0.676,0.307,0.011,0.994,1.248,16750,23167,0,36,33,33,1273000,34824,29,31,0
113,0.697,0.511,0.014,1.221,1.149,16750,23167,0,36,33,33,1273000,34824,29,31,0
114,0.710,0.340,0.012,1.062,1.394,16750,23167,0,36,33,33,1273000,34824,29,31,0
115,0.706,1.169,0.012,1.887,1.219,16750,23167,0,36,33,33,1273000,34824,29,31,0
116,0.648,3.084,0.012,3.744,2.041,16750,23167,0,36,33,33,1273000,34824,29,31,0
117,0.679,12.374,0.014,13.068,3.905,16750,23167,0,36,33,33,1273000,34824,29,31,0
118,0.810,6.888,0.015,7.713,13.248,16750,23167,0,36,33,33,1273000,34824,29,31,0
119,0.766,0.489,0.013,1.267,7.892,16750,23167,0,36,33,33,1273000,34824,29,31,0
120,0.746,0.308,0.010,1.063,1.463,16750,23167,0,36,33,33,1273000,34824,29,31,0
121,0.667,0.308,0.036,1.011,1.219,16750,23167,0,36,33,33,1273000,34824,29,31,0
122,0.688,0.463,0.012,1.163,1.168,16750,23167,0,36,33,33,1273000,34824,29,31,0
123,0.683,10.813,0.016,11.511,1.327,16750,23167,0,36,33,33,1273000,34824,29,31,0
124,0.693,8.055,0.015,8.763,11.671,16750,23167,0,36,33,33,1273000,34824,29,31,0
125,0.818,6.563,0.010,7.391,8.953,16750,23167,0,36,33,33,1273000,34824,29,31,0
126,0.762,0.346,0.012,1.121,7.573,16750,23167,0,36,33,33,1273000,34824,29,31,0
127,0.774,0.376,0.012,1.162,1.291,16750,23167,0,36,33,33,1273000,34824,29,31,0
128,0.764,0.437,0.013,1.214,1.330,16750,23167,0,36,33,33,1273000,34824,29,31,0
129,0.797,0.391,0.013,1.201,1.378,16750,23167,0,36,33,33,1273000,34824,29,31,0
130,0.665,10.631,0.024,11.319,1.375,16750,23167,0,36,33,33,1273000,34824,29,31,0
131,0.766,7.906,0.014,8.686,11.526,16750,23167,0,36,33,33,1273000,34824,29,31,0
132,0.769,6.620,0.011,7.400,8.890,16750,23167,0,36,33,33,1273000,34824,29,31,0
133,0.773,0.331,0.012,1.115,7.589,16750,23167,0,36,33,33,1273000,34824,29,31,0
134,0.768,0.404,0.012,1.184,1.288,16750,23167,0,36,33,33,1273000,34824,29,31,0
135,0.773,0.419,0.015,1.207,1.357,16750,23167,0,36,33,33,1273000,34824,29,31,0
136,0.799,0.384,0.013,1.196,1.381,16750,23167,0,36,33,33,1273000,34824,29,31,0
137,0.718,10.514,0.013,11.245,1.363,16750,23167,0,36,33,33,1273000,34824,29,31,0
138,0.797,7.982,0.010,8.790,11.435,16750,23167,0,36,33,33,1273000,34824,29,31,0
139,0.720,6.599,0.018,7.337,8.969,16750,23167,0,36,33,33,1273000,34824,29,31,0
140,0.666,0.400,0.015,1.080,7.502,16750,23167,0,36,33,33,1273000,34824,29,31,0
141,0.638,0.370,0.016,1.024,1.230,16750,23167,0,36,33,33,1273000,34824,29,31,0
142,0.643,0.395,0.017,1.055,1.172,16750,23167,0,36,33,33,1273000,34824,29,31,0
143,0.642,0.371,0.010,1.023,1.200,16750,23167,0,36,33,33,1273000,34824,29,31,0
144,0.759,0.281,0.029,1.070,1.156,16750,23167,0,36,33,33,1273000,34824,29,31,0
145,0.597,3.090,0.012,3.698,1.199,16750,23167,0,36,33,33,1273000,34824,29,31,0
146,0.612,14.706,0.013,15.331,3.851,16750,23167,0,36,33,33,1273000,34824,29,31,0
147,0.633,7.146,0.008,7.788,15.485,16750,23167,0,36,33,33,1273000,34824,29,31,0
148,0.655,0.813,0.015,1.483,7.935,16750,23167,0,36,33,33,1273000,34824,29,31,0
149,0.708,0.413,0.013,1.134,1.647,16750,23167,0,36,33,33,1273000,34824,29,31,0
150,0.635,0.330,0.012,0.977,1.271,16750,23167,0,36,33,33,1273000,34824,29,31,0
151,0.665,0.427,0.014,1.106,1.119,16750,23167,0,36,33,33,1273000,34824,29,31,0
152,0.626,0.313,0.012,0.951,1.255,16750,23167,0,36,33,33,1273000,34824,29,31,0
153,0.614,3.739,0.008,4.361,1.090,16750,23167,0,36,33,33,1273000,34824,29,31,0
154,0.641,13.652,0.012,14.305,4.511,16750,23167,0,36,33,33,1273000,34824,29,31,0
155,0.617,7.216,0.013,7.846,14.474,16750,23167,0,36,33,33,1273000,34824,29,31,0
156,0.685,0.468,0.011,1.165,8.003,16750,23167,0,36,33,33,1273000,34824,29,31,0
157,0.658,0.369,0.007,1.035,1.323,16750,23167,0,36,33,33,1273000,34824,29,31,0
158,0.629,0.327,0.010,0.967,1.169,16750,23167,0,36,33,33,1273000,34824,29,31,0
159,0.637,0.315,0.010,0.962,1.100,16750,23167,0,36,33,33,1273000,34824,29,31,0
160,0.634,0.287,0.010,0.931,1.085,16750,23167,0,36,33,33,1273000,34824,29,31,0
161,0.601,10.256,0.013,10.870,1.063,16750,23167,0,36,33,33,1273000,34824,29,31,0
162,0.630,7.999,0.023,8.652,11.020,16750,23167,0,36,33,33,1273000,34824,29,31,0
163,0.945,7.013,0.008,7.965,8.815,16750,23167,0,36,33,33,1273000,34824,29,31,0
164,0.676,0.894,0.012,1.581,8.131,16750,23167,0,36,33,33,1273000,34824,29,31,0
165,0.957,0.324,0.009,1.291,1.737,16750,23167,0,36,33,33,1273000,34824,29,31,0
166,0.674,0.323,0.038,1.035,1.449,16750,23167,0,36,33,33,1273000,34824,29,31,0
167,0.683,0.314,0.022,1.020,1.177,16750,23167,0,36,33,33,1273000,34824,29,31,0
168,0.590,4.153,0.010,4.754,1.161,16750,23167,0,36,33,33,1273000,34824,29,31,0
169,0.674,13.641,0.011,14.326,4.924,16750,23167,0,36,33,33,1273000,34824,29,31,0
170,0.684,7.149,0.009,7.843,14.519,16750,23167,0,36,33,33,1273000,34824,29,31,0
171,0.920,0.307,0.012,1.239,8.013,16750,23167,0,36,33,33,1273000,34824,29,31,0
172,0.677,0.355,0.012,1.045,1.390,16750,23167,0,36,33,33,1273000,34824,29,31,0
173,0.718,0.409,0.009,1.135,1.200,16750,23167,0,36,33,33,1273000,34824,29,31,0
174,0.693,0.365,0.013,1.072,1.291,16750,23167,0,36,33,33,1273000,34824,29,31,0
175,0.690,0.298,0.016,1.004,1.231,16750,23167,0,36,33,33,1273000,34824,29,31,0
176,0.673,9.669,0.013,10.355,1.145,16750,23167,0,36,33,33,1273000,34824,29,31,0
177,0.931,7.855,0.011,8.797,10.520,16750,23167,0,36,33,33,1273000,34824,29,31,0
178,0.933,7.031,0.013,7.976,8.967,16750,23167,0,36,33,33,1273000,34824,29,31,0
179,0.712,0.812,0.015,1.539,8.148,16750,23167,0,36,33,33,1273000,34824,29,31,0
180,0.673,0.364,29.301,30.338,1.694,16750,23167,0,36,33,33,1273000,34824,29,31,0
181,0.547,0.306,0.011,0.865,30.450,16750,23167,0,36,33,33,1273000,34824,29,31,0
182,0.537,0.899,0.007,1.443,0.992,16750,23167,0,36,33,33,1273000,34824,29,31,0
183,0.520,0.287,0.009,0.815,1.571,16750,23167,0,36,33,33,1273000,34824,29,31,0
184,0.541,4.471,0.008,5.019,0.931,16750,23167,0,36,33,33,1273000,34824,29,31,0
185,0.834,3.416,0.009,4.260,5.137,16750,23167,0,36,33,33,1273000,34824,29,31,0
186,0.585,3.789,0.011,4.384,4.385,16750,23167,0,36,33,33,1273000,34824,29,31,0
187,0.542,7.328,0.013,7.883,4.508,16750,23167,0,36,33,33,1273000,34824,29,31,0
188,0.884,0.319,0.011,1.213,8.027,16750,23167,0,36,33,33,1273000,34824,29,31,0
189,0.606,0.310,0.007,0.923,1.347,16750,23167,0,36,33,33,1273000,34824,29,31,0
190,0.594,0.252,0.010,0.856,1.054,16750,23167,0,36,33,33,1273000,34824,29,31,0
191,0.527,0.250,0.009,0.785,0.978,16750,23167,0,36,33,33,1273000,34824,29,31,0
192,0.551,0.294,0.011,0.856,0.929,16750,23167,0,36,33,33,1273000,34824,29,31,0
193,0.556,0.294,0.008,0.858,0.982,16750,23167,0,36,33,33,1273000,34824,29,31,0
194,0.514,1.596,0.010,2.120,0.976,16750,23167,0,36,33,33,1273000,34824,29,31,0
195,0.549,0.261,0.012,0.822,2.250,16750,23167,0,36,33,33,1273000,34824,29,31,0
196,0.539,0.413,0.008,0.960,0.935,16750,23167,0,36,33,33,1273000,34824,29,31,0
197,0.825,0.270,0.010,1.105,1.075,16750,23167,0,36,33,33,1273000,34824,29,31,0
198,0.583,1.553,0.013,2.149,1.234,16750,23167,0,36,33,33,1273000,34824,29,31,0
199,0.561,5.677,0.016,6.254,2.273,16750,23167,0,36,33,33,1273000,34824,29,31,0
200,0.605,12.614,0.011,13.229,6.386,16750,23167,0,36,33,33,1273000,34824,29,31,0
201,0.591,7.330,0.011,7.932,13.362,16750,23167,0,36,33,33,1273000,34824,29,31,0
202,0.578,0.786,0.011,1.376,8.070,16750,23167,0,36,33,33,1273000,34824,29,31,0
203,0.597,1.595,0.010,2.201,1.519,16750,23167,0,36,33,33,1273000,34824,29,31,0
204,0.594,0.696,0.014,1.304,2.350,16750,23167,0,36,33,33,1273000,34824,29,31,0
205,0.597,1.641,0.008,2.246,1.436,16750,23167,0,36,33,33,1273000,34824,29,31,0
206,0.605,4.701,0.028,5.333,2.385,16750,23167,0,36,33,33,1273000,34824,29,31,0
207,0.868,11.315,0.027,12.211,5.535,16750,23167,0,36,33,33,1273000,34824,29,31,0
208,0.711,6.899,0.015,7.625,12.375,16750,23167,0,36,33,33,1273000,34824,29,31,0
209,0.667,0.546,0.017,1.230,7.767,16750,23167,0,36,33,33,1273000,34824,29,31,0
210,0.658,1.692,0.010,2.361,1.379,16750,23167,0,36,33,33,1273000,34824,29,31,0
211,0.663,0.750,0.014,1.427,2.511,16750,23167,0,36,33,33,1273000,34824,29,31,0
212,0.662,1.732,0.015,2.408,1.580,16750,23167,0,36,33,33,1273000,34824,29,31,0
213,0.645,5.315,0.018,5.977,2.557,16750,23167,0,36,33,33,1273000,34824,29,31,0
214,0.665,10.529,0.015,11.209,6.134,16750,23167,0,36,33,33,1273000,34824,29,31,0
215,0.691,6.905,0.012,7.608,11.360,16750,23167,0,36,33,33,1273000,34824,29,31,0
216,0.654,0.608,0.014,1.276,7.748,16750,23167,0,36,33,33,1273000,34824,29,31,0
217,0.641,1.469,0.009,2.119,1.421,16750,23167,0,36,33,33,1273000,34824,29,31,0
218,0.635,0.714,0.011,1.360,2.264,16750,23167,0,36,33,33,1273000,34824,29,31,0
219,0.651,1.594,0.010,2.255,1.498,16750,23167,0,36,33,33,1273000,34824,29,31,0
220,0.696,3.493,0.018,4.208,2.402,16750,23167,0,36,33,33,1273000,34824,29,31,0
221,0.675,12.722,0.014,13.410,4.355,16750,23167,0,36,33,33,1273000,34824,29,31,0
222,0.772,7.010,0.012,7.793,13.595,16750,23167,0,36,33,33,1273000,34824,29,31,0
223,0.695,0.691,0.009,1.395,7.973,16750,23167,0,36,33,33,1273000,34824,29,31,0
224,0.714,1.419,0.010,2.143,1.551,16750,23167,0,36,33,33,1273000,34824,29,31,0
225,0.711,0.416,0.012,1.139,2.325,16750,23167,0,36,33,33,1273000,34824,29,31,0
226,0.703,0.352,0.016,1.071,1.288,16750,23167,0,36,33,33,1273000,34824,29,31,0
227,0.675,4.926,0.013,5.614,1.218,16750,23167,0,36,33,33,1273000,34824,29,31,0
228,0.753,12.200,0.018,12.970,5.797,16750,23167,0,36,33,33,1273000,34824,29,31,0
229,0.719,7.246,0.015,7.979,13.150,16750,23167,0,36,33,33,1273000,34824,29,31,0
230,0.689,0.357,0.013,1.059,8.155,16750,23167,0,36,33,33,1273000,34824,29,31,0
231,0.697,0.335,0.021,1.053,1.214,16750,23167,0,36,33,33,1273000,34824,29,31,0
232,0.663,0.391,0.009,1.063,1.202,16750,23167,0,36,33,33,1273000,34824,29,31,0
233,0.705,0.355,0.011,1.071,1.225,16750,23167,0,36,33,33,1273000,34824,29,31,0
234,0.699,0.365,0.014,1.079,1.226,16750,23167,0,36,33,33,1273000,34824,29,31,0
235,0.814,3.870,0.014,4.698,1.235,16750,23167,0,36,33,33,1273000,34824,29,31,0
236,0.739,13.147,0.014,13.900,4.863,16750,23167,0,36,33,33,1273000,34824,29,31,0
237,0.988,7.137,0.012,8.136,14.067,16750,23167,0,36,33,33,1273000,34824,29,31,0
238,0.685,0.417,0.014,1.116,8.297,16750,23167,0,36,33,33,1273000,34824,29,31,0
239,0.699,0.338,0.034,1.072,1.267,16750,23167,0,36,33,33,1273000,34824,29,31,0
240,22.240,0.822,0.015,23.077,5.390,16644,23067,0,36,33,33,1264944,33984,29,31,0
241,1.276,0.250,0.010,1.536,23.185,16644,23067,0,36,33,33,1264944,33984,29,31,0
242,6.942,0.588,0.014,7.544,1.622,16644,23067,0,36,33,33,1264944,33984,29,31,0
243,0.468,3.657,0.009,4.135,7.646,16644,23067,0,36,33,33,1264944,33984,29,31,0
244,0.456,7.651,0.010,8.117,4.244,16644,23067,0,36,33,33,1264944,33984,29,31,0
245,0.462,7.900,0.009,8.371,8.223,16644,23067,0,36,33,33,1264944,33984,29,31,0
246,0.476,0.744,0.012,1.232,8.465,16644,23067,0,36,33,33,1264944,33984,29,31,0
247,0.480,0.261,0.009,0.750,1.335,16644,23067,0,36,33,33,1264944,33984,29,31,0
248,0.464,1.228,0.011,1.703,0.831,16644,23067,0,36,33,33,1264944,33984,29,31,0
249,0.525,2.677,0.016,3.218,1.796,16644,23067,0,36,33,33,1264944,33984,29,31,0
250,0.463,0.542,0.009,1.014,3.323,16644,23067,0,36,33,33,1264944,33984,29,31,0
251,0.431,2.952,0.007,3.391,1.113,16644,23067,0,36,33,33,1264944,33984,29,31,0
252,0.462,12.854,0.006,13.322,3.499,16644,23067,0,36,33,33,1264944,33984,29,31,0
253,0.448,7.491,0.009,7.948,13.427,16644,23067,0,36,33,33,1264944,33984,29,31,0
254,0.518,0.608,0.010,1.137,8.059,16644,23067,0,36,33,33,1264944,33984,29,31,0
255,0.509,0.251,0.007,0.768,1.241,16644,23067,0,36,33,33,1264944,33984,29,31,0
256,0.512,0.564,0.017,1.092,0.867,16644,23067,0,36,33,33,1264944,33984,29,31,0
257,0.561,0.455,0.009,1.025,1.201,16644,23067,0,36,33,33,1264944,33984,29,31,0
258,0.537,3.336,0.008,3.881,1.142,16644,23067,0,36,33,33,1264944,33984,29,31,0
259,0.492,2.859,0.015,3.366,4.001,16644,23067,0,36,33,33,1264944,33984,29,31,0
260,0.511,12.729,0.020,13.260,3.479,16644,23067,0,36,33,33,1264944,33984,29,31,0
261,0.560,7.340,0.010,7.909,13.391,16644,23067,0,36,33,33,1264944,33984,29,31,0
262,0.569,0.542,0.013,1.124,8.027,16644,23067,0,36,33,33,1264944,33984,29,31,0
263,0.586,0.284,0.014,0.884,1.244,16644,23067,0,36,33,33,1264944,33984,29,31,0
264,0.556,0.385,0.013,0.954,0.993,16644,23067,0,36,33,33,1264944,33984,29,31,0
265,0.545,1.676,0.009,2.230,1.062,16644,23067,0,36,33,33,1264944,33984,29,31,0
266,0.541,3.352,0.017,3.910,2.349,16644,23067,0,36,33,33,1264944,33984,29,31,0
267,0.539,14.978,0.010,15.528,4.043,16644,23067,0,36,33,33,1264944,33984,29,31,0
268,0.581,7.400,0.012,7.994,15.662,16644,23067,0,36,33,33,1264944,33984,29,31,0
269,0.634,0.492,0.017,1.144,8.127,16644,23067,0,36,33,33,1264944,33984,29,31,0
270,0.597,0.326,0.009,0.932,1.275,16644,23067,0,36,33,33,1264944,33984,29,31,0
271,0.627,0.293,0.010,0.930,1.057,16644,23067,0,36,33,33,1264944,33984,29,31,0
272,0.572,0.484,0.012,1.068,1.056,16644,23067,0,36,33,33,1264944,33984,29,31,0
273,0.628,1.924,0.009,2.561,1.187,16644,23067,0,36,33,33,1264944,33984,29,31,0
274,0.600,0.290,0.011,0.900,2.696,16644,23067,0,36,33,33,1264944,33984,29,31,0
275,0.570,3.022,0.009,3.600,1.031,16644,23067,0,36,33,33,1264944,33984,29,31,0
276,0.592,12.654,0.010,13.256,3.738,16644,23067,0,36,33,33,1264944,33984,29,31,0
277,0.650,7.274,0.014,7.937,13.397,16644,23067,0,36,33,33,1264944,33984,29,31,0
278,0.648,0.408,0.012,1.068,8.078,16644,23067,0,36,33,33,1264944,33984,29,31,0
279,0.654,0.338,0.010,1.002,1.204,16644,23067,0,36,33,33,1264944,33984,29,31,0
280,0.631,0.329,0.009,0.969,1.140,16644,23067,0,36,33,33,1264944,33984,29,31,0
281,0.645,0.345,0.009,0.999,1.097,16644,23067,0,36,33,33,1264944,33984,29,31,0
282,0.670,0.479,0.012,1.162,1.135,16644,23067,0,36,33,33,1264944,33984,29,31,0
283,0.650,1.646,0.009,2.304,1.298,16644,23067,0,36,33,33,1264944,33984,29,31,0
284,0.585,3.182,0.014,3.781,2.437,16644,23067,0,36,33,33,1264944,33984,29,31,0
285,0.652,12.200,0.012,12.864,3.924,16644,23067,0,36,33,33,1264944,33984,29,31,0
286,0.629,7.242,0.011,7.882,13.012,16644,23067,0,36,33,33,1264944,33984,29,31,0
287,0.632,0.417,0.009,1.058,8.029,16644,23067,0,36,33,33,1264944,33984,29,31,0
288,0.647,0.329,0.013,0.989,1.195,16644,23067,0,36,33,33,1264944,33984,29,31,0
289,0.647,0.331,0.011,0.989,1.126,16644,23067,0,36,33,33,1264944,33984,29,31,0
290,0.643,0.328,0.008,0.979,1.121,16644,23067,0,36,33,33,1264944,33984,29,31,0
291,0.647,0.290,0.012,0.948,1.102,16644,23067,0,36,33,33,1264944,33984,29,31,0
292,0.625,0.327,0.012,0.964,1.071,16644,23067,0,36,33,33,1264944,33984,29,31,0
293,0.633,2.964,0.009,3.607,1.084,16644,23067,0,36,33,33,1264944,33984,29,31,0
294,0.666,13.942,0.009,14.617,3.757,16644,23067,0,36,33,33,1264944,33984,29,31,0
295,0.639,7.367,0.013,8.019,14.761,16644,23067,0,36,33,33,1264944,33984,29,31,0
296,0.699,0.299,0.011,1.009,8.200,16644,23067,0,36,33,33,1264944,33984,29,31,0
297,0.679,0.321,0.011,1.011,1.155,16644,23067,0,36,33,33,1264944,33984,29,31,0
298,0.661,0.314,0.008,0.983,1.150,16644,23067,0,36,33,33,1264944,33984,29,31,0
299,0.638,0.355,0.007,1.000,1.113,16644,23067,0,36,33,33,1264944,33984,29,31,0
300,0.761,0.316,0.009,1.087,1.127,16644,23067,0,36,33,33,1264944,33984,29,31,0
301,0.610,0.297,0.014,0.921,1.219,16644,23067,0,36,33,33,1264944,33984,29,31,0
302,0.635,2.903,0.019,3.557,1.048,16644,23067,0,36,33,33,1264944,33984,29,31,0
303,0.621,13.842,0.010,14.472,3.696,16644,23067,0,36,33,33,1264944,33984,29,31,0
304,0.905,7.153,0.011,8.069,14.616,16644,23067,0,36,33,33,1264944,33984,29,31,0
305,0.691,0.558,0.014,1.263,8.223,16644,23067,0,36,33,33,1264944,33984,29,31,0
306,1.081,0.366,0.023,1.469,1.426,16644,23067,0,36,33,33,1264944,33984,29,31,0
307,0.715,0.292,0.012,1.020,1.622,16644,23067,0,36,33,33,1264944,33984,29,31,0
308,0.701,0.400,0.022,1.124,1.169,16644,23067,0,36,33,33,1264944,33984,29,31,0
309,0.675,0.379,0.010,1.064,1.281,16644,23067,0,36,33,33,1264944,33984,29,31,0
310,0.667,9.189,0.024,9.880,1.220,16644,23067,0,36,33,33,1264944,33984,29,31,0
311,0.908,7.398,0.013,8.319,10.020,16644,23067,0,36,33,33,1264944,33984,29,31,0
312,0.699,7.146,0.011,7.856,8.472,16644,23067,0,36,33,33,1264944,33984,29,31,0
313,0.973,0.305,0.017,1.295,8.022,16644,23067,0,36,33,33,1264944,33984,29,31,0
314,0.691,0.463,0.020,1.174,1.445,16644,23067,0,36,33,33,1264944,33984,29,31,0
315,0.752,0.358,0.012,1.122,1.345,16644,23067,0,36,33,33,1264944,33984,29,31,0
316,0.723,0.406,0.016,1.144,1.282,16644,23067,0,36,33,33,1264944,33984,29,31,0
317,0.775,0.749,0.012,1.536,1.297,16644,23067,0,36,33,33,1264944,33984,29,31,0
318,0.731,0.356,0.015,1.103,1.690,16644,23067,0,36,33,33,1264944,33984,29,31,0
319,0.735,2.754,0.008,3.497,1.258,16644,23067,0,36,33,33,1264944,33984,29,31,0
320,0.924,12.323,0.014,13.261,3.642,16644,23067,0,36,33,33,1264944,33984,29,31,0
321,0.956,6.896,0.013,7.865,13.415,16644,23067,0,36,33,33,1264944,33984,29,31,0
322,0.698,0.353,0.015,1.066,8.026,16644,23067,0,36,33,33,1264944,33984,29,31,0
323,0.715,0.363,0.013,1.091,1.222,16644,23067,0,36,33,33,1264944,33984,29,31,0
324,0.986,0.347,0.011,1.345,1.239,16644,23067,0,36,33,33,1264944,33984,29,31,0
325,0.714,0.376,0.021,1.112,1.504,16644,23067,0,36,33,33,1264944,33984,29,31,0
326,0.779,0.835,0.013,1.627,1.275,16644,23067,0,36,33,33,1264944,33984,29,31,0
327,0.705,0.309,0.015,1.029,1.784,16644,23067,0,36,33,33,1264944,33984,29,31,0
328,0.688,2.580,0.010,3.278,1.171,16644,23067,0,36,33,33,1264944,33984,29,31,0
329,0.985,12.513,0.012,13.511,3.446,16644,23067,0,36,33,33,1264944,33984,29,31,0
330,0.924,6.987,0.011,7.922,13.672,16644,23067,0,36,33,33,1264944,33984,29,31,0
331,0.986,0.278,0.012,1.276,8.070,16644,23067,0,36,33,33,1264944,33984,29,31,0
332,0.698,0.310,0.014,1.022,1.427,16644,23067,0,36,33,33,1264944,33984,29,31,0
333,0.718,0.375,0.010,1.104,1.166,16644,23067,0,36,33,33,1264944,33984,29,31,0
334,0.695,0.423,0.011,1.130,1.252,16644,23067,0,36,33,33,1264944,33984,29,31,0
335,0.737,1.044,0.013,1.794,1.283,16644,23067,0,36,33,33,1264944,33984,29,31,0
336,0.690,0.315,0.009,1.015,1.947,16644,23067,0,36,33,33,1264944,33984,29,31,0
337,0.683,2.467,0.016,3.165,1.164,16644,23067,0,36,33,33,1264944,33984,29,31,0
338,0.691,12.494,0.008,13.193,3.323,16644,23067,0,36,33,33,1264944,33984,29,31,0
339,0.927,7.171,0.011,8.109,13.359,16644,23067,0,36,33,33,1264944,33984,29,31,0
340,0.683,0.304,0.011,0.999,8.269,16644,23067,0,36,33,33,1264944,33984,29,31,0
341,0.803,0.371,0.014,1.188,1.153,16644,23067,0,36,33,33,1264944,33984,29,31,0
342,0.873,0.365,0.012,1.250,1.365,16644,23067,0,36,33,33,1264944,33984,29,31,0
343,0.690,0.384,0.016,1.090,1.412,16644,23067,0,36,33,33,1264944,33984,29,31,0
344,0.745,1.079,0.013,1.837,1.246,16644,23067,0,36,33,33,1264944,33984,29,31,0
345,0.694,0.300,0.011,1.005,1.993,16644,23067,0,36,33,33,1264944,33984,29,31,0
346,0.687,3.058,0.011,3.757,1.156,16644,23067,0,36,33,33,1264944,33984,29,31,0
347,0.914,11.708,0.012,12.633,3.915,16644,23067,0,36,33,33,1264944,33984,29,31,0
348,0.899,7.279,0.011,8.189,12.793,16644,23067,0,36,33,33,1264944,33984,29,31,0
349,0.944,0.341,0.012,1.297,8.363,16644,23067,0,36,33,33,1264944,33984,29,31,0
350,0.818,0.313,0.019,1.150,1.461,16644,23067,0,36,33,33,1264944,33984,29,31,0
351,0.678,0.531,0.012,1.221,1.297,16644,23067,0,36,33,33,1264944,33984,29,31,0
352,0.740,0.350,0.012,1.102,1.374,16644,23067,0,36,33,33,1264944,33984,29,31,0
353,0.707,0.921,0.012,1.640,1.253,16644,23067,0,36,33,33,1264944,33984,29,31,0
354,0.684,0.385,0.014,1.083,1.793,16644,23067,0,36,33,33,1264944,33984,29,31,0
355,0.799,1.836,0.011,2.646,1.232,16644,23067,0,36,33,33,1264944,33984,29,31,0
356,0.729,13.130,0.015,13.874,2.806,16644,23067,0,36,33,33,1264944,33984,29,31,0
357,0.958,6.967,0.012,7.937,14.074,16644,23067,0,36,33,33,1264944,33984,29,31,0
358,0.799,0.429,0.015,1.242,8.115,16644,23067,0,36,33,33,1264944,33984,29,31,0
359,0.836,0.353,0.010,1.199,1.419,16644,23067,0,36,33,33,1264944,33984,29,31,0
360,0.808,0.429,46.954,48.191,1.380,16644,23067,0,36,33,33,1264944,33984,29,31,0
361,0.548,0.292,0.010,0.850,48.299,16644,23067,0,36,33,33,1264944,33984,29,31,0
362,0.516,5.882,0.008,6.407,0.951,16644,23067,0,36,33,33,1264944,33984,29,31,0
363,0.540,7.634,0.008,8.182,6.524,16644,23067,0,36,33,33,1264944,33984,29,31,0
364,0.551,0.982,0.012,1.545,8.297,16644,23067,0,36,33,33,1264944,33984,29,31,0
365,0.549,0.299,0.005,0.853,1.658,16644,23067,0,36,33,33,1264944,33984,29,31,0
366,0.530,0.459,0.011,1.000,0.973,16644,23067,0,36,33,33,1264944,33984,29,31,0
367,0.821,0.319,0.010,1.150,1.107,16644,23067,0,36,33,33,1264944,33984,29,31,0
368,0.559,4.618,0.014,5.191,1.252,16644,23067,0,36,33,33,1264944,33984,29,31,0
369,0.533,14.126,0.013,14.672,5.310,16644,23067,0,36,33,33,1264944,33984,29,31,0
370,1.131,6.688,0.008,7.828,14.789,16644,23067,0,36,33,33,1264944,33984,29,31,0
371,0.884,0.608,0.011,1.504,7.957,16644,23067,0,36,33,33,1264944,33984,29,31,0
372,0.630,0.331,0.011,0.972,1.633,16644,23067,0,36,33,33,1264944,33984,29,31,0
373,0.617,0.315,0.012,0.944,1.100,16644,23067,0,36,33,33,1264944,33984,29,31,0
374,0.608,0.430,0.011,1.048,1.062,16644,23067,0,36,33,33,1264944,33984,29,31,0
375,0.574,5.226,0.010,5.810,1.172,16644,23067,0,36,33,33,1264944,33984,29,31,0
376,0.577,13.932,0.007,14.516,5.943,16644,23067,0,36,33,33,1264944,33984,29,31,0
377,0.608,7.230,0.009,7.847,14.656,16644,23067,0,36,33,33,1264944,33984,29,31,0
378,0.632,0.817,0.013,1.462,8.011,16644,23067,0,36,33,33,1264944,33984,29,31,0
379,0.646,0.334,0.011,0.991,1.605,16644,23067,0,36,33,33,1264944,33984,29,31,0
380,0.611,0.313,0.012,0.937,1.130,16644,23067,0,36,33,33,1264944,33984,29,31,0
381,0.907,0.325,0.011,1.243,1.052,16644,23067,0,36,33,33,1264944,33984,29,31,0
382,0.647,4.617,0.009,5.273,1.371,16644,23067,0,36,33,33,1264944,33984,29,31,0
383,0.605,15.167,0.011,15.784,5.409,16644,23067,0,36,33,33,1264944,33984,29,31,0
384,0.928,5.587,0.009,6.524,15.931,16644,23067,0,36,33,33,1264944,33984,29,31,0
385,0.669,0.499,0.012,1.180,6.667,16644,23067,0,36,33,33,1264944,33984,29,31,0
386,0.648,2.902,0.010,3.560,1.323,16644,23067,0,36,33,33,1264944,33984,29,31,0
387,0.750,0.420,0.008,1.179,3.709,16644,23067,0,36,33,33,1264944,33984,29,31,0
388,0.697,2.388,0.014,3.099,1.315,16644,23067,0,36,33,33,1264944,33984,29,31,0
389,0.650,6.428,0.012,7.090,3.250,16644,23067,0,36,33,33,1264944,33984,29,31,0
390,0.724,7.692,0.012,8.428,7.245,16644,23067,0,36,33,33,1264944,33984,29,31,0
391,0.952,6.851,0.010,7.812,8.593,16644,23067,0,36,33,33,1264944,33984,29,31,0
392,0.719,0.676,0.012,1.407,7.976,16644,23067,0,36,33,33,1264944,33984,29,31,0
393,0.760,1.248,0.013,2.021,1.569,16644,23067,0,36,33,33,1264944,33984,29,31,0
394,0.937,1.798,0.010,2.745,2.179,16644,23067,0,36,33,33,1264944,33984,29,31,0
395,0.726,6.496,0.015,7.236,2.901,16644,23067,0,36,33,33,1264944,33984,29,31,0
396,0.926,10.280,0.015,11.222,7.397,16644,23067,0,36,33,33,1264944,33984,29,31,0
397,1.032,6.762,0.013,7.807,11.399,16644,23067,0,36,33,33,1264944,33984,29,31,0
398,0.986,0.398,0.015,1.399,8.004,16644,23067,0,36,33,33,1264944,33984,29,31,0
399,0.886,1.240,0.016,2.143,1.568,16644,23067,0,36,33,33,1264944,33984,29,31,0
400,0.831,2.180,0.014,3.025,2.330,16644,23067,0,36,33,33,1264944,33984,29,31,0
401,0.789,4.925,0.019,5.733,3.198,16644,23067,0,36,33,33,1264944,33984,29,31,0
402,1.018,12.618,0.017,13.654,5.916,16644,23067,0,36,33,33,1264944,33984,29,31,0
403,0.958,5.290,0.016,6.265,13.845,16644,23067,0,36,33,33,1264944,33984,29,31,0
404,0.967,0.418,0.019,1.404,6.470,16644,23067,0,36,33,33,1264944,33984,29,31,0
405,1.021,1.049,0.023,2.093,1.607,16644,23067,0,36,33,33,1264944,33984,29,31,0
406,1.108,0.970,0.016,2.094,2.312,16644,23067,0,36,33,33,1264944,33984,29,31,0
407,0.938,0.426,0.011,1.376,2.305,16644,23067,0,36,33,33,1264944,33984,29,31,0
408,0.831,2.924,0.016,3.772,1.553,16644,23067,0,36,33,33,1264944,33984,29,31,0
409,0.936,12.764,0.030,13.730,3.962,16644,23067,0,36,33,33,1264944,33984,29,31,0
410,1.108,6.529,0.021,7.659,14.027,16644,23067,0,36,33,33,1264944,33984,29,31,0
411,0.962,0.385,0.021,1.368,7.887,16644,23067,0,36,33,33,1264944,33984,29,31,0
412,0.984,1.225,0.024,2.233,1.559,16644,23067,0,36,33,33,1264944,33984,29,31,0
413,1.072,0.559,0.015,1.646,2.475,16644,23067,0,36,33,33,1264944,33984,29,31,0
414,0.947,0.439,0.023,1.409,1.855,16644,23067,0,36,33,33,1264944,33984,29,31,0
415,0.985,4.607,0.015,5.608,1.602,16644,23067,0,36,33,33,1264944,33984,29,31,0
416,0.834,10.889,0.020,11.742,5.806,16644,23067,0,36,33,33,1264944,33984,29,31,0
417,0.973,6.485,0.013,7.471,11.988,16644,23067,0,36,33,33,1264944,33984,29,31,0
418,0.953,0.414,0.014,1.380,7.684,16644,23067,0,36,33,33,1264944,33984,29,31,0
419,0.925,0.418,0.014,1.356,1.580,16644,23067,0,36,33,33,1264944,33984,29,31,0
420,24.307,1.146,0.016,25.469,5.608,16644,23067,0,36,33,33,1264944,33984,29,31,0
421,1.360,0.266,0.010,1.636,25.650,16644,23067,0,36,33,33,1264944,33984,29,31,0
422,3.613,0.534,0.009,4.156,1.730,16644,23067,0,36,33,33,1264944,33984,29,31,0
423,0.467,0.408,0.009,0.884,4.260,16644,23067,0,36,33,33,1264944,33984,29,31,0
424,0.430,8.343,0.011,8.784,0.968,16644,23067,0,36,33,33,1264944,33984,29,31,0
425,0.464,7.073,0.012,7.550,8.886,16644,23067,0,36,33,33,1264944,33984,29,31,0
426,0.482,7.642,0.009,8.132,7.660,16644,23067,0,36,33,33,1264944,33984,29,31,0
427,0.488,0.646,0.008,1.142,8.236,16644,23067,0,36,33,33,1264944,33984,29,31,0
428,0.464,0.255,0.008,0.728,1.240,16644,23067,0,36,33,33,1264944,33984,29,31,0
429,0.488,1.728,0.007,2.223,0.823,16644,23067,0,36,33,33,1264944,33984,29,31,0
430,0.455,0.666,0.005,1.125,2.329,16644,23067,0,36,33,33,1264944,33984,29,31,0
431,0.458,11.002,0.017,11.477,1.215,16644,23067,0,36,33,33,1264944,33984,29,31,0
432,0.501,7.797,0.008,8.306,11.585,16644,23067,0,36,33,33,1264944,33984,29,31,0
433,0.485,7.178,0.010,7.673,8.418,16644,23067,0,36,33,33,1264944,33984,29,31,0
434,0.522,7.704,0.010,8.236,7.791,16644,23067,0,36,33,33,1264944,33984,29,31,0
435,0.546,7.747,0.011,8.304,8.364,16644,23067,0,36,33,33,1264944,33984,29,31,0
436,0.583,7.953,0.012,8.548,8.438,16644,23067,0,36,33,33,1264944,33984,29,31,0
437,0.632,7.627,0.014,8.274,8.683,16644,23067,0,36,33,33,1264944,33984,29,31,0
438,0.595,0.741,0.009,1.345,8.420,16644,23067,0,36,33,33,1264944,33984,29,31,0
439,0.623,0.369,0.017,1.008,1.474,16644,23067,0,36,33,33,1264944,33984,29,31,0
440,0.626,0.428,0.012,1.066,1.138,16644,23067,0,36,33,33,1264944,33984,29,31,0
441,0.608,1.688,0.013,2.309,1.185,16644,23067,0,36,33,33,1264944,33984,29,31,0
442,0.650,3.537,0.008,4.195,2.431,16644,23067,0,36,33,33,1264944,33984,29,31,0
443,0.596,13.981,0.012,14.589,4.317,16644,23067,0,36,33,33,1264944,33984,29,31,0
444,0.658,7.235,0.011,7.904,14.741,16644,23067,0,36,33,33,1264944,33984,29,31,0
445,0.644,0.813,0.013,1.471,8.057,16644,23067,0,36,33,33,1264944,33984,29,31,0
446,0.661,0.312,0.011,0.984,1.620,16644,23067,0,36,33,33,1264944,33984,29,31,0
447,0.629,0.359,0.017,1.005,1.117,16644,23067,0,36,33,33,1264944,33984,29,31,0
448,0.661,3.690,0.011,4.362,1.127,16644,23067,0,36,33,33,1264944,33984,29,31,0
449,0.642,3.654,0.010,4.306,4.507,16644,23067,0,36,33,33,1264944,33984,29,31,0
450,0.656,11.557,0.012,12.226,4.449,16644,23067,0,36,33,33,1264944,33984,29,31,0
451,0.645,7.363,0.014,8.022,12.374,16644,23067,0,36,33,33,1264944,33984,29,31,0
452,0.723,0.564,0.013,1.300,8.174,16644,23067,0,36,33,33,1264944,33984,29,31,0
453,0.742,0.377,0.013,1.132,1.455,16644,23067,0,36,33,33,1264944,33984,29,31,0
454,0.985,0.371,0.018,1.374,1.284,16644,23067,0,36,33,33,1264944,33984,29,31,0
455,0.665,0.683,0.013,1.361,1.509,16644,23067,0,36,33,33,1264944,33984,29,31,0
456,0.646,10.342,0.012,11.000,1.497,16644,23067,0,36,33,33,1264944,33984,29,31,0
457,0.728,7.212,0.017,7.957,11.174,16644,23067,0,36,33,33,1264944,33984,29,31,0
458,0.735,7.461,0.012,8.207,8.120,16644,23067,0,36,33,33,1264944,33984,29,31,0
459,0.786,0.324,0.012,1.123,8.380,16644,23067,0,36,33,33,1264944,33984,29,31,0
460,0.715,0.377,0.010,1.102,1.269,16644,23067,0,36,33,33,1264944,33984,29,31,0
461,0.710,0.389,0.010,1.109,1.272,16644,23067,0,36,33,33,1264944,33984,29,31,0
462,0.736,2.193,0.013,2.942,1.257,16644,23067,0,36,33,33,1264944,33984,29,31,0
463,0.731,0.334,0.016,1.081,3.102,16644,23067,0,36,33,33,1264944,33984,29,31,0
464,0.690,2.965,0.009,3.665,1.242,16644,23067,0,36,33,33,1264944,33984,29,31,0
465,0.728,11.993,0.016,12.737,3.841,16644,23067,0,36,33,33,1264944,33984,29,31,0
466,0.781,7.288,0.011,8.080,12.904,16644,23067,0,36,33,33,1264944,33984,29,31,0
467,0.833,0.370,0.014,1.217,8.278,16644,23067,0,36,33,33,1264944,33984,29,31,0
468,0.814,0.408,0.015,1.237,1.385,16644,23067,0,36,33,33,1264944,33984,29,31,0
469,0.811,0.431,0.012,1.253,1.411,16644,23067,0,36,33,33,1264944,33984,29,31,0
470,0.823,0.389,0.038,1.250,1.426,16644,23067,0,36,33,33,1264944,33984,29,31,0
471,0.690,10.337,0.012,11.039,1.399,16644,23067,0,36,33,33,1264944,33984,29,31,0
472,0.718,7.359,0.013,8.090,11.204,16644,23067,0,36,33,33,1264944,33984,29,31,0
473,0.800,7.191,0.012,8.002,8.289,16644,23067,0,36,33,33,1264944,33984,29,31,0
474,0.965,0.361,0.019,1.345,8.182,16644,23067,0,36,33,33,1264944,33984,29,31,0
475,0.842,0.412,0.014,1.268,1.532,16644,23067,0,36,33,33,1264944,33984,29,31,0
476,0.783,0.682,0.012,1.477,1.449,16644,23067,0,36,33,33,1264944,33984,29,31,0
477,0.879,1.486,0.015,2.380,1.675,16644,23067,0,36,33,33,1264944,33984,29,31,0
478,0.809,0.371,0.011,1.191,2.567,16644,23067,0,36,33,33,1264944,33984,29,31,0
479,0.993,2.305,0.021,3.319,1.364,16644,23067,0,36,33,33,1264944,33984,29,31,0
480,0.851,12.238,0.014,13.102,3.500,16644,23067,0,36,33,33,1264944,33984,29,31,0
481,0.988,6.742,0.013,7.743,13.300,16644,23067,0,36,33,33,1264944,33984,29,31,0
482,0.804,0.334,0.012,1.150,7.926,16644,23067,0,36,33,33,1264944,33984,29,31,0
483,0.803,0.390,0.014,1.207,1.323,16644,23067,0,36,33,33,1264944,33984,29,31,0
484,1.056,0.460,0.010,1.526,1.378,16644,23067,0,36,33,33,1264944,33984,29,31,0
485,0.847,1.341,0.017,2.205,1.699,16644,23067,0,36,33,33,1264944,33984,29,31,0
486,0.825,0.398,0.020,1.243,2.389,16644,23067,0,36,33,33,1264944,33984,29,31,0
487,0.797,3.418,0.012,4.227,1.405,16644,23067,0,36,33,33,1264944,33984,29,31,0
488,0.963,11.591,0.013,12.568,4.405,16644,23067,0,36,33,33,1264944,33984,29,31,0
489,0.806,7.102,0.009,7.916,12.740,16644,23067,0,36,33,33,1264944,33984,29,31,0
490,0.951,0.345,0.015,1.311,8.105,16644,23067,0,36,33,33,1264944,33984,29,31,0
491,0.829,0.431,0.018,1.279,1.503,16644,23067,0,36,33,33,1264944,33984,29,31,0
492,0.840,0.693,0.012,1.545,1.454,16644,23067,0,36,33,33,1264944,33984,29,31,0
493,0.812,0.419,0.018,1.249,1.721,16644,23067,0,36,33,33,1264944,33984,29,31,0
494,0.711,3.200,0.012,3.923,1.428,16644,23067,0,36,33,33,1264944,33984,29,31,0
495,0.703,14.149,0.014,14.866,4.082,16644,23067,0,36,33,33,1264944,33984,29,31,0
496,0.936,6.936,0.013,7.885,15.062,16644,23067,0,36,33,33,1264944,33984,29,31,0
497,0.834,0.454,0.015,1.303,8.069,16644,23067,0,36,33,33,1264944,33984,29,31,0
498,0.846,0.396,0.013,1.255,1.473,16644,23067,0,36,33,33,1264944,33984,29,31,0
499,1.045,0.410,0.009,1.465,1.428,16644,23067,0,36,33,33,1264944,33984,29,31,0
500,0.827,0.419,0.023,1.270,1.643,16644,23067,0,36,33,33,1264944,33984,29,31,0
501,0.795,9.990,0.042,10.826,1.425,16644,23067,0,36,33,33,1264944,33984,29,31,0
502,0.978,7.238,0.009,8.224,11.012,16644,23067,0,36,33,33,1264944,33984,29,31,0
503,0.815,7.010,0.014,7.838,8.411,16644,23067,0,36,33,33,1264944,33984,29,31,0
504,0.951,0.355,0.015,1.321,8.015,16644,23067,0,36,33,33,1264944,33984,29,31,0
505,0.820,0.451,0.013,1.285,1.494,16644,23067,0,36,33,33,1264944,33984,29,31,0
506,0.792,0.408,0.015,1.215,1.467,16644,23067,0,36,33,33,1264944,33984,29,31,0
507,0.863,2.987,0.013,3.862,1.377,16644,23067,0,36,33,33,1264944,33984,29,31,0
508,0.807,3.509,0.015,4.331,4.048,16644,23067,0,36,33,33,1264944,33984,29,31,0
509,0.839,11.237,0.012,12.087,4.521,16644,23067,0,36,33,33,1264944,33984,29,31,0
510,0.797,7.045,0.019,7.862,12.271,16644,23067,0,36,33,33,1264944,33984,29,31,0
511,1.016,0.380,0.013,1.409,8.040,16644,23067,0,36,33,33,1264944,33984,29,31,0
512,0.793,0.424,0.012,1.228,1.590,16644,23067,0,36,33,33,1264944,33984,29,31,0
513,0.843,3.253,0.013,4.109,1.402,16644,23067,0,36,33,33,1264944,33984,29,31,0
514,0.801,0.388,0.017,1.206,4.291,16644,23067,0,36,33,33,1264944,33984,29,31,0
515,0.978,2.064,0.013,3.054,1.384,16644,23067,0,36,33,33,1264944,33984,29,31,0
516,0.821,12.574,0.016,13.411,3.248,16644,23067,0,36,33,33,1264944,33984,29,31,0
517,0.971,6.676,0.013,7.660,13.591,16644,23067,0,36,33,33,1264944,33984,29,31,0
518,0.805,0.339,0.012,1.156,7.845,16644,23067,0,36,33,33,1264944,33984,29,31,0
519,1.015,0.444,0.016,1.474,1.324,16644,23067,0,36,33,33,1264944,33984,29,31,0
520,0.799,0.589,0.014,1.402,1.655,16644,23067,0,36,33,33,1264944,33984,29,31,0
521,0.829,1.477,0.015,2.321,1.576,16644,23067,0,36,33,33,1264944,33984,29,31,0
522,0.784,0.345,0.014,1.143,2.494,16644,23067,0,36,33,33,1264944,33984,29,31,0
523,0.731,2.891,0.011,3.633,1.310,16644,23067,0,36,33,33,1264944,33984,29,31,0
524,0.853,12.241,0.013,13.106,3.795,16644,23067,0,36,33,33,1264944,33984,29,31,0
525,0.973,6.702,0.010,7.685,13.294,16644,23067,0,36,33,33,1264944,33984,29,31,0
526,0.799,0.324,0.012,1.134,7.864,16644,23067,0,36,33,33,1264944,33984,29,31,0
527,0.792,0.384,0.016,1.192,1.312,16644,23067,0,36,33,33,1264944,33984,29,31,0
528,1.043,0.622,0.009,1.674,1.375,16644,23067,0,36,33,33,1264944,33984,29,31,0
529,0.814,0.405,0.013,1.233,1.850,16644,23067,0,36,33,33,1264944,33984,29,31,0
530,0.814,3.370,0.009,4.193,1.409,16644,23067,0,36,33,33,1264944,33984,29,31,0
531,0.820,13.991,0.024,14.835,4.399,16644,23067,0,36,33,33,1264944,33984,29,31,0
532,0.971,6.950,0.027,7.948,15.007,16644,23067,0,36,33,33,1264944,33984,29,31,0
533,1.063,0.400,0.015,1.478,8.161,16644,23067,0,36,33,33,1264944,33984,29,31,0
534,0.901,0.359,0.012,1.271,1.697,16644,23067,0,36,33,33,1264944,33984,29,31,0
535,0.794,0.670,0.011,1.475,1.441,16644,23067,0,36,33,33,1264944,33984,29,31,0
536,0.820,0.346,0.015,1.182,1.657,16644,23067,0,36,33,33,1264944,33984,29,31,0
537,0.802,9.502,0.012,10.317,1.347,16644,23067,0,36,33,33,1264944,33984,29,31,0
538,0.954,7.870,0.016,8.840,10.510,16644,23067,0,36,33,33,1264944,33984,29,31,0
539,1.078,6.585,0.018,7.681,9.018,16644,23067,0,36,33,33,1264944,33984,29,31,0
540,0.955,0.526,106.371,107.852,7.893,16644,23067,0,36,33,33,1264944,33984,29,31,0
541,0.489,0.290,0.015,0.794,107.944,16644,23067,0,36,33,33,1264944,33984,29,31,0
542,0.484,1.047,0.010,1.540,0.883,16644,23067,0,36,33,33,1264944,33984,29,31,0
543,0.839,13.010,0.010,13.859,1.646,16644,23067,0,36,33,33,1264944,33984,29,31,0
544,0.494,7.637,0.006,8.138,13.971,16644,23067,0,36,33,33,1264944,33984,29,31,0
545,0.495,0.631,0.010,1.136,8.238,16644,23067,0,36,33,33,1264944,33984,29,31,0
546,0.508,0.268,0.009,0.785,1.243,16644,23067,0,36,33,33,1264944,33984,29,31,0
547,0.477,0.624,0.010,1.111,0.873,16644,23067,0,36,33,33,1264944,33984,29,31,0
548,0.493,1.175,0.009,1.677,1.201,16644,23067,0,36,33,33,1264944,33984,29,31,0
549,0.516,2.682,0.005,3.203,1.786,16644,23067,0,36,33,33,1264944,33984,29,31,0
550,0.467,3.951,0.008,4.427,3.308,16644,23067,0,36,33,33,1264944,33984,29,31,0
551,0.497,11.765,0.008,12.270,4.539,16644,23067,0,36,33,33,1264944,33984,29,31,0
552,0.516,7.398,0.007,7.921,12.384,16644,23067,0,36,33,33,1264944,33984,29,31,0
553,0.559,0.519,0.017,1.095,8.042,16644,23067,0,36,33,33,1264944,33984,29,31,0
554,0.542,0.330,0.022,0.894,1.210,16644,23067,0,36,33,33,1264944,33984,29,31,0
555,0.533,0.296,0.013,0.843,0.995,16644,23067,0,36,33,33,1264944,33984,29,31,0
556,0.558,0.464,0.008,1.031,0.949,16644,23067,0,36,33,33,1264944,33984,29,31,0
557,0.533,3.185,0.013,3.731,1.131,16644,23067,0,36,33,33,1264944,33984,29,31,0
558,0.499,2.952,0.010,3.461,3.855,16644,23067,0,36,33,33,1264944,33984,29,31,0
559,0.523,12.921,0.009,13.453,3.575,16644,23067,0,36,33,33,1264944,33984,29,31,0
560,0.558,7.327,0.013,7.899,13.572,16644,23067,0,36,33,33,1264944,33984,29,31,0
561,0.819,0.269,0.011,1.098,8.031,16644,23067,0,36,33,33,1264944,33984,29,31,0
562,0.578,0.577,0.010,1.166,1.221,16644,23067,0,36,33,33,1264944,33984,29,31,0
563,0.557,0.523,0.009,1.088,1.280,16644,23067,0,36,33,33,1264944,33984,29,31,0
564,0.556,0.474,0.008,1.039,1.208,16644,23067,0,36,33,33,1264944,33984,29,31,0
565,0.610,2.851,0.012,3.473,1.153,16644,23067,0,36,33,33,1264944,33984,29,31,0
566,0.691,3.182,0.010,3.883,3.786,16644,23067,0,36,33,33,1264944,33984,29,31,0
567,0.581,12.453,0.009,13.044,4.005,16644,23067,0,36,33,33,1264944,33984,29,31,0
568,0.904,6.435,0.011,7.350,13.192,16644,23067,0,36,33,33,1264944,33984,29,31,0
569,0.863,0.273,0.013,1.150,7.490,16644,23067,0,36,33,33,1264944,33984,29,31,0
570,0.619,0.456,0.013,1.088,1.295,16644,23067,0,36,33,33,1264944,33984,29,31,0
571,0.590,0.535,0.008,1.133,1.222,16644,23067,0,36,33,33,1264944,33984,29,31,0
572,0.628,0.559,0.011,1.199,1.259,16644,23067,0,36,33,33,1264944,33984,29,31,0
573,0.632,2.708,0.009,3.349,1.328,16644,23067,0,36,33,33,1264944,33984,29,31,0
574,0.595,3.545,0.011,4.151,3.489,16644,23067,0,36,33,33,1264944,33984,29,31,0
575,0.780,11.718,0.011,12.509,4.281,16644,23067,0,36,33,33,1264944,33984,29,31,0
576,0.904,6.950,0.011,7.865,12.661,16644,23067,0,36,33,33,1264944,33984,29,31,0
577,0.641,0.433,0.012,1.086,8.015,16644,23067,0,36,33,33,1264944,33984,29,31,0
578,0.629,0.300,0.013,0.942,1.217,16644,23067,0,36,33,33,1264944,33984,29,31,0
579,0.906,0.334,0.011,1.250,1.064,16644,23067,0,36,33,33,1264944,33984,29,31,0
580,0.639,0.342,0.011,0.992,1.383,16644,23067,0,36,33,33,1264944,33984,29,31,0
581,0.619,11.368,0.009,11.995,1.115,16644,23067,0,36,33,33,1264944,33984,29,31,0
582,0.629,7.837,0.012,8.478,12.143,16644,23067,0,36,33,33,1264944,33984,29,31,0
583,0.936,6.985,0.010,7.931,8.608,16644,23067,0,36,33,33,1264944,33984,29,31,0
584,0.721,0.801,0.012,1.534,8.086,16644,23067,0,36,33,33,1264944,33984,29,31,0
585,0.986,0.363,0.016,1.365,1.686,16644,23067,0,36,33,33,1264944,33984,29,31,0
586,0.682,0.364,0.018,1.064,1.533,16644,23067,0,36,33,33,1264944,33984,29,31,0
587,0.731,2.457,0.009,3.198,1.207,16644,23067,0,36,33,33,1264944,33984,29,31,0
588,0.684,2.979,0.012,3.676,3.352,16644,23067,0,36,33,33,1264944,33984,29,31,0
589,0.928,12.745,0.009,13.682,3.844,16644,23067,0,36,33,33,1264944,33984,29,31,0
590,0.967,6.391,0.015,7.372,13.842,16644,23067,0,36,33,33,1264944,33984,29,31,0
591,0.732,0.326,0.012,1.071,7.540,16644,23067,0,36,33,33,1264944,33984,29,31,0
592,0.714,0.402,0.024,1.140,1.228,16644,23067,0,36,33,33,1264944,33984,29,31,0
593,0.716,0.350,0.015,1.081,1.290,16644,23067,0,36,33,33,1264944,33984,29,31,0
594,1.072,0.355,0.015,1.442,1.219,16644,23067,0,36,33,33,1264944,33984,29,31,0
595,0.736,1.863,0.011,2.609,1.582,16644,23067,0,36,33,33,1264944,33984,29,31,0
596,0.722,3.200,0.010,3.932,2.757,16644,23067,0,36,33,33,1264944,33984,29,31,0
597,0.960,12.454,0.009,13.423,4.093,16644,23067,0,36,33,33,1264944,33984,29,31,0
598,0.940,6.381,0.011,7.332,13.605,16644,23067,0,36,33,33,1264944,33984,29,31,0
599,0.869,0.285,0.014,1.167,7.490,16644,23067,0,36,33,33,1264944,33984,29,31,0
600,18.990,1.222,0.016,20.228,5.658,16644,23067,0,36,33,33,1264944,33984,29,31,0
601,1.202,0.238,0.010,1.450,20.338,16644,23067,0,36,33,33,1264944,33984,29,31,0
602,1.282,2.031,0.007,3.320,1.574,16644,23067,0,36,33,33,1264944,33984,29,31,0
603,0.440,7.305,0.009,7.753,3.431,16644,23067,0,36,33,33,1264944,33984,29,31,0
604,0.424,7.647,0.009,8.079,7.865,16644,23067,0,36,33,33,1264944,33984,29,31,0
605,0.427,7.957,0.009,8.393,8.179,16644,23067,0,36,33,33,1264944,33984,29,31,0
606,0.451,7.608,0.009,8.067,8.503,16644,23067,0,36,33,33,1264944,33984,29,31,0
607,0.466,7.693,0.008,8.166,8.176,16644,23067,0,36,33,33,1264944,33984,29,31,0
608,0.546,0.641,0.011,1.198,8.290,16644,23067,0,36,33,33,1264944,33984,29,31,0
609,0.544,0.298,0.011,0.852,1.313,16644,23067,0,36,33,33,1264944,33984,29,31,0
610,0.513,5.688,0.010,6.212,0.947,16644,23067,0,36,33,33,1264944,33984,29,31,0
611,0.498,3.190,0.014,3.701,6.326,16644,23067,0,36,33,33,1264944,33984,29,31,0
612,0.525,12.273,0.009,12.806,3.815,16644,23067,0,36,33,33,1264944,33984,29,31,0
613,0.565,7.553,0.007,8.125,12.935,16644,23067,0,36,33,33,1264944,33984,29,31,0
614,0.601,0.520,0.012,1.133,8.244,16644,23067,0,36,33,33,1264944,33984,29,31,0
615,0.586,0.300,0.010,0.896,1.262,16644,23067,0,36,33,33,1264944,33984,29,31,0
616,0.591,0.319,0.011,0.921,1.003,16644,23067,0,36,33,33,1264944,33984,29,31,0
617,0.530,4.254,0.014,4.797,1.031,16644,23067,0,36,33,33,1264944,33984,29,31,0
618,0.579,3.032,0.012,3.623,4.923,16644,23067,0,36,33,33,1264944,33984,29,31,0
619,0.575,12.723,0.014,13.312,3.779,16644,23067,0,36,33,33,1264944,33984,29,31,0
620,0.593,7.356,0.018,7.968,13.443,16644,23067,0,36,33,33,1264944,33984,29,31,0
621,0.623,0.485,0.014,1.122,8.106,16644,23067,0,36,33,33,1264944,33984,29,31,0
622,0.612,0.325,0.021,0.957,1.244,16644,23067,0,36,33,33,1264944,33984,29,31,0
623,0.620,2.959,0.010,3.588,1.072,16644,23067,0,36,33,33,1264944,33984,29,31,0
624,0.633,1.190,0.016,1.839,3.730,16644,23067,0,36,33,33,1264944,33984,29,31,0
625,0.568,3.654,0.013,4.235,1.963,16644,23067,0,36,33,33,1264944,33984,29,31,0
626,0.697,11.888,0.014,12.599,4.382,16644,23067,0,36,33,33,1264944,33984,29,31,0
627,0.647,7.334,0.009,7.990,12.756,16644,23067,0,36,33,33,1264944,33984,29,31,0
628,0.629,0.461,0.008,1.098,8.132,16644,23067,0,36,33,33,1264944,33984,29,31,0
629,0.668,0.314,0.012,0.993,1.231,16644,23067,0,36,33,33,1264944,33984,29,31,0
630,0.657,0.331,0.027,1.015,1.108,16644,23067,0,36,33,33,1264944,33984,29,31,0
631,0.648,3.973,0.013,4.634,1.142,16644,23067,0,36,33,33,1264944,33984,29,31,0
632,0.639,3.078,0.010,3.727,4.785,16644,23067,0,36,33,33,1264944,33984,29,31,0
633,0.628,12.308,0.011,12.947,3.882,16644,23067,0,36,33,33,1264944,33984,29,31,0
634,0.689,7.174,0.012,7.875,13.106,16644,23067,0,36,33,33,1264944,33984,29,31,0
635,0.694,0.379,0.013,1.086,8.022,16644,23067,0,36,33,33,1264944,33984,29,31,0
636,0.706,0.337,0.015,1.057,1.236,16644,23067,0,36,33,33,1264944,33984,29,31,0
637,0.728,0.329,0.012,1.069,1.205,16644,23067,0,36,33,33,1264944,33984,29,31,0
638,0.618,3.665,0.016,4.300,1.204,16644,23067,0,36,33,33,1264944,33984,29,31,0
639,0.627,2.779,0.012,3.418,4.433,16644,23067,0,36,33,33,1264944,33984,29,31,0
640,0.642,13.056,0.012,13.711,3.563,16644,23067,0,36,33,33,1264944,33984,29,31,0
641,0.698,6.931,0.011,7.640,13.874,16644,23067,0,36,33,33,1264944,33984,29,31,0
642,0.981,0.301,0.013,1.295,7.811,16644,23067,0,36,33,33,1264944,33984,29,31,0
643,0.703,0.513,0.032,1.248,1.438,16644,23067,0,36,33,33,1264944,33984,29,31,0
644,0.692,0.412,0.015,1.120,1.387,16644,23067,0,36,33,33,1264944,33984,29,31,0
645,0.759,3.462,0.016,4.237,1.262,16644,23067,0,36,33,33,1264944,33984,29,31,0
646,0.724,3.337,0.009,4.070,4.415,16644,23067,0,36,33,33,1264944,33984,29,31,0
647,0.907,11.636,0.014,12.558,4.225,16644,23067,0,36,33,33,1264944,33984,29,31,0
648,0.968,6.848,0.010,7.826,12.748,16644,23067,0,36,33,33,1264944,33984,29,31,0
649,0.821,0.342,0.016,1.179,8.013,16644,23067,0,36,33,33,1264944,33984,29,31,0
650,0.777,0.432,0.019,1.227,1.357,16644,23067,0,36,33,33,1264944,33984,29,31,0
651,0.895,1.980,0.016,2.891,1.421,16644,23067,0,36,33,33,1264944,33984,29,31,0
652,0.895,1.497,0.016,2.409,3.076,16644,23067,0,36,33,33,1264944,33984,29,31,0
653,0.699,3.854,0.013,4.566,2.577,16644,23067,0,36,33,33,1264944,33984,29,31,0
654,0.765,11.292,0.015,12.071,4.742,16644,23067,0,36,33,33,1264944,33984,29,31,0
655,0.944,6.990,0.012,7.946,12.251,16644,23067,0,36,33,33,1264944,33984,29,31,0
656,1.092,0.366,0.015,1.473,8.163,16644,23067,0,36,33,33,1264944,33984,29,31,0
657,0.788,0.459,0.017,1.264,1.655,16644,23067,0,36,33,33,1264944,33984,29,31,0
658,0.863,2.133,0.013,3.009,1.447,16644,23067,0,36,33,33,1264944,33984,29,31,0
659,0.783,0.565,0.014,1.361,3.179,16644,23067,0,36,33,33,1264944,33984,29,31,0
660,0.697,2.985,0.011,3.694,1.512,16644,23067,0,36,33,33,1264944,33984,29,31,0
661,0.737,12.548,0.012,13.297,3.849,16644,23067,0,36,33,33,1264944,33984,29,31,0
662,0.963,6.793,0.015,7.772,13.484,16644,23067,0,36,33,33,1264944,33984,29,31,0
663,0.838,0.357,0.013,1.208,7.957,16644,23067,0,36,33,33,1264944,33984,29,31,0
664,0.812,0.434,0.016,1.262,1.378,16644,23067,0,36,33,33,1264944,33984,29,31,0
665,0.829,1.760,0.013,2.602,1.430,16644,23067,0,36,33,33,1264944,33984,29,31,0
666,0.873,1.522,0.015,2.410,2.791,16644,23067,0,36,33,33,1264944,33984,29,31,0
667,0.787,3.338,0.010,4.136,2.582,16644,23067,0,36,33,33,1264944,33984,29,31,0
668,1.001,11.664,0.013,12.677,4.348,16644,23067,0,36,33,33,1264944,33984,29,31,0
669,0.995,6.855,0.016,7.866,12.862,16644,23067,0,36,33,33,1264944,33984,29,31,0
670,0.971,0.455,0.022,1.448,8.091,16644,23067,0,36,33,33,1264944,33984,29,31,0
671,0.932,0.412,0.015,1.360,1.675,16644,23067,0,36,33,33,1264944,33984,29,31,0
672,0.976,1.595,0.015,2.587,1.532,16644,23067,0,36,33,33,1264944,33984,29,31,0
673,0.866,1.288,0.015,2.169,2.768,16644,23067,0,36,33,33,1264944,33984,29,31,0
674,0.826,3.671,0.009,4.506,2.345,16644,23067,0,36,33,33,1264944,33984,29,31,0
675,0.994,11.016,0.018,12.028,4.690,16644,23067,0,36,33,33,1264944,33984,29,31,0
676,0.809,7.208,0.018,8.036,12.239,16644,23067,0,36,33,33,1264944,33984,29,31,0
677,0.939,0.422,0.015,1.376,8.244,16644,23067,0,36,33,33,1264944,33984,29,31,0
678,1.092,0.456,0.020,1.568,1.567,16644,23067,0,36,33,33,1264944,33984,29,31,0
679,0.790,2.035,0.017,2.843,1.763,16644,23067,0,36,33,33,1264944,33984,29,31,0
680,0.836,0.455,0.012,1.303,3.022,16644,23067,0,36,33,33,1264944,33984,29,31,0
681,0.794,3.365,0.012,4.172,1.482,16644,23067,0,36,33,33,1264944,33984,29,31,0
682,0.994,11.933,0.014,12.941,4.372,16644,23067,0,36,33,33,1264944,33984,29,31,0
683,1.002,6.781,0.027,7.809,13.177,16644,23067,0,36,33,33,1264944,33984,29,31,0
684,0.933,0.432,0.018,1.382,8.028,16644,23067,0,36,33,33,1264944,33984,29,31,0
685,1.102,0.424,0.013,1.539,1.583,16644,23067,0,36,33,33,1264944,33984,29,31,0
686,0.951,0.795,0.017,1.763,1.758,16644,23067,0,36,33,33,1264944,33984,29,31,0
687,0.981,0.421,0.024,1.426,1.965,16644,23067,0,36,33,33,1264944,33984,29,31,0
688,0.913,0.404,0.014,1.332,1.616,16644,23067,0,36,33,33,1264944,33984,29,31,0
689,0.892,2.373,0.015,3.280,1.529,16644,23067,0,36,33,33,1264944,33984,29,31,0
690,1.018,12.059,0.014,13.091,3.466,16644,23067,0,36,33,33,1264944,33984,29,31,0
691,1.080,6.594,0.017,7.691,13.316,16644,23067,0,36,33,33,1264944,33984,29,31,0
692,1.043,0.433,0.015,1.490,7.914,16644,23067,0,36,33,33,1264944,33984,29,31,0
693,0.930,0.414,0.023,1.368,1.693,16644,23067,0,36,33,33,1264944,33984,29,31,0
694,0.919,0.589,0.017,1.525,1.568,16644,23067,0,36,33,33,1264944,33984,29,31,0
695,0.817,0.375,0.016,1.207,1.699,16644,23067,0,36,33,33,1264944,33984,29,31,0
696,0.814,0.505,0.017,1.336,1.379,16644,23067,0,36,33,33,1264944,33984,29,31,0
697,0.809,3.167,0.011,3.987,1.508,16644,23067,0,36,33,33,1264944,33984,29,31,0
698,0.824,12.370,0.013,13.206,4.178,16644,23067,0,36,33,33,1264944,33984,29,31,0
699,0.958,6.787,0.016,7.761,13.411,16644,23067,0,36,33,33,1264944,33984,29,31,0
700,1.210,0.350,0.010,1.570,7.972,16644,23067,0,36,33,33,1264944,33984,29,31,0
701,0.818,0.372,0.014,1.204,1.743,16644,23067,0,36,33,33,1264944,33984,29,31,0
702,0.841,0.863,0.034,1.738,1.385,16644,23067,0,36,33,33,1264944,33984,29,31,0
703,1.085,0.631,0.013,1.729,1.968,16644,23067,0,36,33,33,1264944,33984,29,31,0
704,0.837,0.347,0.012,1.196,1.912,16644,23067,0,36,33,33,1264944,33984,29,31,0
705,0.720,2.905,0.012,3.638,1.355,16644,23067,0,36,33,33,1264944,33984,29,31,0
706,0.943,11.865,0.015,12.823,3.877,16644,23067,0,36,33,33,1264944,33984,29,31,0
707,0.962,6.892,0.012,7.866,13.002,16644,23067,0,36,33,33,1264944,33984,29,31,0
708,0.789,0.392,0.017,1.197,8.060,16644,23067,0,36,33,33,1264944,33984,29,31,0
709,0.944,0.400,0.014,1.357,1.371,16644,23067,0,36,33,33,1264944,33984,29,31,0
710,0.805,0.388,0.009,1.202,1.542,16644,23067,0,36,33,33,1264944,33984,29,31,0
711,0.825,0.456,0.015,1.297,1.385,16644,23067,0,36,33,33,1264944,33984,29,31,0
712,0.803,10.136,0.015,10.954,1.470,16644,23067,0,36,33,33,1264944,33984,29,31,0
713,0.824,7.737,0.015,8.576,11.137,16644,23067,0,36,33,33,1264944,33984,29,31,0
714,0.874,6.464,0.012,7.349,8.748,16644,23067,0,36,33,33,1264944,33984,29,31,0
715,0.797,0.341,0.014,1.151,7.527,16644,23067,0,36,33,33,1264944,33984,29,31,0
716,0.816,0.418,0.010,1.244,1.327,16644,23067,0,36,33,33,1264944,33984,29,31,0
717,0.779,0.412,0.010,1.202,1.420,16644,23067,0,36,33,33,1264944,33984,29,31,0
718,0.858,1.812,0.016,2.686,1.370,16644,23067,0,36,33,33,1264944,33984,29,31,0
719,0.856,0.440,0.015,1.310,2.866,16644,23067,0,36,33,33,1264944,33984,29,31,0
720,0.866,2.692,59.639,63.196,1.482,16644,23067,0,36,33,33,1264944,33984,29,31,0
721,0.686,0.410,0.016,1.112,63.307,16644,23067,0,36,33,33,1264944,33984,29,31,0
722,0.587,0.985,0.013,1.584,1.219,16644,23067,0,36,33,33,1264944,33984,29,31,0
723,0.498,4.301,0.013,4.811,1.703,16644,23067,0,36,33,33,1264944,33984,29,31,0
724,0.876,10.682,0.009,11.568,4.941,16644,23067,0,36,33,33,1264944,33984,29,31,0
725,0.871,7.469,0.009,8.349,11.689,16644,23067,0,36,33,33,1264944,33984,29,31,0
726,0.830,0.398,0.014,1.242,8.478,16644,23067,0,36,33,33,1264944,33984,29,31,0
727,0.584,0.362,0.014,0.960,1.375,16644,23067,0,36,33,33,1264944,33984,29,31,0
728,0.572,0.315,0.011,0.898,1.069,16644,23067,0,36,33,33,1264944,33984,29,31,0
729,0.543,4.220,0.009,4.772,1.016,16644,23067,0,36,33,33,1264944,33984,29,31,0
730,0.539,3.451,0.012,4.002,4.904,16644,23067,0,36,33,33,1264944,33984,29,31,0
731,0.901,11.891,0.009,12.801,4.134,16644,23067,0,36,33,33,1264944,33984,29,31,0
732,0.906,6.955,0.009,7.870,12.940,16644,23067,0,36,33,33,1264944,33984,29,31,0
733,0.618,0.600,0.012,1.230,8.008,16644,23067,0,36,33,33,1264944,33984,29,31,0
734,0.874,0.334,0.010,1.217,1.362,16644,23067,0,36,33,33,1264944,33984,29,31,0
735,0.596,2.185,0.009,2.790,1.344,16644,23067,0,36,33,33,1264944,33984,29,31,0
736,0.635,1.975,0.011,2.621,2.933,16644,23067,0,36,33,33,1264944,33984,29,31,0
737,0.585,3.468,0.008,4.061,2.754,16644,23067,0,36,33,33,1264944,33984,29,31,0
738,0.821,11.794,0.012,12.627,4.199,16644,23067,0,36,33,33,1264944,33984,29,31,0
739,0.635,7.227,0.010,7.872,12.770,16644,23067,0,36,33,33,1264944,33984,29,31,0
740,0.648,0.451,0.012,1.111,8.016,16644,23067,0,36,33,33,1264944,33984,29,31,0
741,0.623,0.329,0.012,0.964,1.257,16644,23067,0,36,33,33,1264944,33984,29,31,0
742,0.878,0.402,0.012,1.292,1.081,16644,23067,0,36,33,33,1264944,33984,29,31,0
743,0.646,3.457,0.013,4.115,1.422,16644,23067,0,36,33,33,1264944,33984,29,31,0
744,0.627,3.276,0.009,3.912,4.268,16644,23067,0,36,33,33,1264944,33984,29,31,0
745,0.944,12.226,0.010,13.180,4.048,16644,23067,0,36,33,33,1264944,33984,29,31,0
746,0.932,6.789,0.009,7.729,13.322,16644,23067,0,36,33,33,1264944,33984,29,31,0
747,0.679,0.472,0.011,1.162,7.875,16644,23067,0,36,33,33,1264944,33984,29,31,0
748,0.650,0.363,0.009,1.023,1.295,16644,23067,0,36,33,33,1264944,33984,29,31,0
749,0.644,0.317,0.014,0.975,1.162,16644,23067,0,36,33,33,1264944,33984,29,31,0
750,0.791,0.371,0.011,1.173,1.098,16644,23067,0,36,33,33,1264944,33984,29,31,0
751,0.660,2.313,0.008,2.981,1.304,16644,23067,0,36,33,33,1264944,33984,29,31,0
752,0.638,3.136,0.011,3.785,3.114,16644,23067,0,36,33,33,1264944,33984,29,31,0
753,0.666,12.767,0.010,13.443,3.933,16644,23067,0,36,33,33,1264944,33984,29,31,0
754,0.976,6.765,0.008,7.749,13.602,16644,23067,0,36,33,33,1264944,33984,29,31,0
755,0.994,0.279,0.012,1.285,7.908,16644,23067,0,36,33,33,1264944,33984,29,31,0
756,0.709,0.350,0.014,1.073,1.436,16644,23067,0,36,33,33,1264944,33984,29,31,0
757,0.698,0.411,0.011,1.120,1.229,16644,23067,0,36,33,33,1264944,33984,29,31,0
758,0.662,2.276,0.009,2.947,1.246,16644,23067,0,36,33,33,1264944,33984,29,31,0
759,0.634,0.285,0.010,0.929,3.097,16644,23067,0,36,33,33,1264944,33984,29,31,0
760,0.610,2.641,0.012,3.263,1.067,16644,23067,0,36,33,33,1264944,33984,29,31,0
761,0.632,13.045,0.014,13.691,3.412,16644,23067,0,36,33,33,1264944,33984,29,31,0
762,0.978,6.708,0.011,7.697,13.850,16644,23067,0,36,33,33,1264944,33984,29,31,0
763,0.700,0.583,0.012,1.295,7.862,16644,23067,0,36,33,33,1264944,33984,29,31,0
764,0.807,0.356,0.012,1.174,1.447,16644,23067,0,36,33,33,1264944,33984,29,31,0
765,0.715,0.353,0.013,1.081,1.326,16644,23067,0,36,33,33,1264944,33984,29,31,0
766,0.737,0.418,0.016,1.170,1.252,16644,23067,0,36,33,33,1264944,33984,29,31,0
767,0.719,10.771,0.014,11.505,1.310,16644,23067,0,36,33,33,1264944,33984,29,31,0
768,0.716,7.929,0.014,8.659,11.663,16644,23067,0,36,33,33,1264944,33984,29,31,0
769,0.991,6.445,0.014,7.450,8.819,16644,23067,0,36,33,33,1264944,33984,29,31,0
770,0.785,0.330,0.015,1.130,7.641,16644,23067,0,36,33,33,1264944,33984,29,31,0
771,0.793,0.491,0.018,1.302,1.307,16644,23067,0,36,33,33,1264944,33984,29,31,0
772,0.854,0.395,0.009,1.258,1.482,16644,23067,0,36,33,33,1264944,33984,29,31,0
773,0.861,0.348,0.017,1.226,1.412,16644,23067,0,36,33,33,1264944,33984,29,31,0
774,0.700,10.501,0.015,11.216,1.382,16644,23067,0,36,33,33,1264944,33984,29,31,0
775,0.701,7.897,0.014,8.612,11.378,16644,23067,0,36,33,33,1264944,33984,29,31,0
776,0.972,6.431,0.013,7.416,8.803,16644,23067,0,36,33,33,1264944,33984,29,31,0
777,1.095,0.345,0.015,1.455,7.598,16644,23067,0,36,33,33,1264944,33984,29,31,0
778,0.811,0.548,0.015,1.374,1.639,16644,23067,0,36,33,33,1264944,33984,29,31,0
779,0.807,0.419,0.009,1.234,1.550,16644,23067,0,36,33,33,1264944,33984,29,31,0
780,11.104,1.828,0.014,12.947,4.996,16750,23167,0,36,33,33,1273000,34824,29,31,0
781,1.264,6.195,0.011,7.469,13.058,16750,23167,0,36,33,33,1273000,34824,29,31,0
782,3.485,4.727,0.008,8.220,7.568,16750,23167,0,36,33,33,1273000,34824,29,31,0
783,0.441,8.125,0.009,8.574,8.326,16750,23167,0,36,33,33,1273000,34824,29,31,0
784,0.455,7.162,0.008,7.625,8.677,16750,23167,0,36,33,33,1273000,34824,29,31,0
785,0.442,7.816,0.007,8.265,7.732,16750,23167,0,36,33,33,1273000,34824,29,31,0
786,0.492,7.966,0.010,8.468,8.379,16750,23167,0,36,33,33,1273000,34824,29,31,0
787,0.500,7.668,0.013,8.181,8.605,16750,23167,0,36,33,33,1273000,34824,29,31,0
788,0.588,7.816,0.018,8.422,8.320,16750,23167,0,36,33,33,1273000,34824,29,31,0
789,0.571,7.219,0.011,7.802,8.549,16750,23167,0,36,33,33,1273000,34824,29,31,0
790,0.597,0.504,0.012,1.114,7.934,16750,23167,0,36,33,33,1273000,34824,29,31,0
791,0.600,0.314,0.011,0.924,1.244,16750,23167,0,36,33,33,1273000,34824,29,31,0
792,0.588,0.344,0.014,0.946,1.054,16750,23167,0,36,33,33,1273000,34824,29,31,0
793,0.559,0.316,0.013,0.889,1.074,16750,23167,0,36,33,33,1273000,34824,29,31,0
794,0.556,0.343,0.024,0.923,1.006,16750,23167,0,36,33,33,1273000,34824,29,31,0
795,0.548,0.275,0.025,0.848,1.047,16750,23167,0,36,33,33,1273000,34824,29,31,0
796,0.518,3.503,0.007,4.028,0.963,16750,23167,0,36,33,33,1273000,34824,29,31,0
797,0.578,14.061,0.007,14.646,4.157,16750,23167,0,36,33,33,1273000,34824,29,31,0
798,0.586,7.300,0.010,7.897,14.776,16750,23167,0,36,33,33,1273000,34824,29,31,0
799,0.652,0.573,0.013,1.237,8.037,16750,23167,0,36,33,33,1273000,34824,29,31,0
800,0.629,0.321,0.011,0.961,1.374,16750,23167,0,36,33,33,1273000,34824,29,31,0
801,0.617,0.336,0.014,0.968,1.096,16750,23167,0,36,33,33,1273000,34824,29,31,0
802,0.652,0.361,0.009,1.022,1.127,16750,23167,0,36,33,33,1273000,34824,29,31,0
803,0.593,0.291,0.015,0.899,1.154,16750,23167,0,36,33,33,1273000,34824,29,31,0
804,0.581,10.617,0.009,11.207,1.035,16750,23167,0,36,33,33,1273000,34824,29,31,0
805,0.620,8.092,0.011,8.723,11.360,16750,23167,0,36,33,33,1273000,34824,29,31,0
806,0.643,6.872,0.010,7.525,8.872,16750,23167,0,36,33,33,1273000,34824,29,31,0
807,0.643,0.798,0.012,1.453,7.680,16750,23167,0,36,33,33,1273000,34824,29,31,0
808,0.622,0.327,0.010,0.959,1.595,16750,23167,0,36,33,33,1273000,34824,29,31,0
809,0.620,0.321,0.012,0.953,1.095,16750,23167,0,36,33,33,1273000,34824,29,31,0
810,0.604,0.296,0.029,0.929,1.090,16750,23167,0,36,33,33,1273000,34824,29,31,0
811,0.614,0.323,0.010,0.948,1.072,16750,23167,0,36,33,33,1273000,34824,29,31,0
812,0.595,3.424,0.010,4.028,1.091,16750,23167,0,36,33,33,1273000,34824,29,31,0
813,0.596,14.198,0.014,14.807,4.175,16750,23167,0,36,33,33,1273000,34824,29,31,0
814,0.671,7.306,0.011,7.988,14.965,16750,23167,0,36,33,33,1273000,34824,29,31,0
815,0.939,0.346,0.018,1.303,8.146,16750,23167,0,36,33,33,1273000,34824,29,31,0
816,0.688,0.358,0.011,1.057,1.458,16750,23167,0,36,33,33,1273000,34824,29,31,0
817,0.674,0.351,0.010,1.035,1.217,16750,23167,0,36,33,33,1273000,34824,29,31,0
818,0.698,0.350,0.009,1.057,1.189,16750,23167,0,36,33,33,1273000,34824,29,31,0
819,0.609,10.760,0.014,11.383,1.212,16750,23167,0,36,33,33,1273000,34824,29,31,0
820,0.918,7.560,0.018,8.496,11.537,16750,23167,0,36,33,33,1273000,34824,29,31,0
821,0.672,7.216,0.011,7.899,8.657,16750,23167,0,36,33,33,1273000,34824,29,31,0
822,0.942,0.351,0.008,1.301,8.060,16750,23167,0,36,33,33,1273000,34824,29,31,0
823,0.696,0.326,0.019,1.041,1.456,16750,23167,0,36,33,33,1273000,34824,29,31,0
824,0.671,0.297,0.009,0.977,1.188,16750,23167,0,36,33,33,1273000,34824,29,31,0
825,0.661,0.279,0.010,0.949,1.123,16750,23167,0,36,33,33,1273000,34824,29,31,0
826,0.655,0.320,0.010,0.985,1.124,16750,23167,0,36,33,33,1273000,34824,29,31,0
827,0.646,3.340,0.012,3.998,1.137,16750,23167,0,36,33,33,1273000,34824,29,31,0
828,0.646,14.222,0.011,14.879,4.159,16750,23167,0,36,33,33,1273000,34824,29,31,0
829,0.934,6.992,0.011,7.937,15.036,16750,23167,0,36,33,33,1273000,34824,29,31,0
830,0.897,0.305,0.008,1.210,8.102,16750,23167,0,36,33,33,1273000,34824,29,31,0
831,0.656,0.313,0.021,0.991,1.364,16750,23167,0,36,33,33,1273000,34824,29,31,0
832,0.687,0.351,0.015,1.053,1.144,16750,23167,0,36,33,33,1273000,34824,29,31,0
833,0.658,0.314,0.011,0.982,1.199,16750,23167,0,36,33,33,1273000,34824,29,31,0
834,0.652,0.337,0.018,1.007,1.122,16750,23167,0,36,33,33,1273000,34824,29,31,0
835,0.687,9.866,0.015,10.567,1.163,16750,23167,0,36,33,33,1273000,34824,29,31,0
836,0.670,8.091,0.012,8.772,10.736,16750,23167,0,36,33,33,1273000,34824,29,31,0
837,0.672,6.868,0.013,7.553,8.931,16750,23167,0,36,33,33,1273000,34824,29,31,0
838,0.796,0.366,0.014,1.176,7.741,16750,23167,0,36,33,33,1273000,34824,29,31,0
839,0.689,0.370,0.015,1.073,1.347,16750,23167,0,36,33,33,1273000,34824,29,31,0
840,0.702,0.358,0.012,1.071,1.232,16750,23167,0,36,33,33,1273000,34824,29,31,0
841,0.706,0.373,0.019,1.098,1.227,16750,23167,0,36,33,33,1273000,34824,29,31,0
842,0.652,10.801,0.010,11.463,1.261,16750,23167,0,36,33,33,1273000,34824,29,31,0
843,0.676,8.463,0.011,9.149,11.625,16750,23167,0,36,33,33,1273000,34824,29,31,0
844,0.694,6.566,0.013,7.272,9.305,16750,23167,0,36,33,33,1273000,34824,29,31,0
845,0.775,0.967,0.012,1.754,7.457,16750,23167,0,36,33,33,1273000,34824,29,31,0
846,0.770,0.403,0.014,1.187,1.938,16750,23167,0,36,33,33,1273000,34824,29,31,0
847,0.800,0.404,0.010,1.214,1.355,16750,23167,0,36,33,33,1273000,34824,29,31,0
848,0.674,11.172,0.014,11.859,1.383,16750,23167,0,36,33,33,1273000,34824,29,31,0
849,0.767,7.578,0.013,8.357,12.053,16750,23167,0,36,33,33,1273000,34824,29,31,0
850,0.815,7.067,0.013,7.894,8.535,16750,23167,0,36,33,33,1273000,34824,29,31,0
851,0.965,0.333,0.011,1.310,8.073,16750,23167,0,36,33,33,1273000,34824,29,31,0
852,0.756,0.452,0.012,1.219,1.477,16750,23167,0,36,33,33,1273000,34824,29,31,0
853,0.787,0.402,0.011,1.200,1.397,16750,23167,0,36,33,33,1273000,34824,29,31,0
854,0.781,0.391,0.014,1.186,1.369,16750,23167,0,36,33,33,1273000,34824,29,31,0
855,0.737,3.630,0.011,4.378,1.363,16750,23167,0,36,33,33,1273000,34824,29,31,0
856,0.705,14.199,0.021,14.925,4.536,16750,23167,0,36,33,33,1273000,34824,29,31,0
857,0.956,6.758,0.014,7.728,15.116,16750,23167,0,36,33,33,1273000,34824,29,31,0
858,0.950,0.333,0.010,1.293,7.904,16750,23167,0,36,33,33,1273000,34824,29,31,0
859,0.773,0.355,0.038,1.166,1.461,16750,23167,0,36,33,33,1273000,34824,29,31,0
860,0.768,0.345,0.016,1.129,1.333,16750,23167,0,36,33,33,1273000,34824,29,31,0
861,0.742,11.762,0.017,12.521,1.310,16750,23167,0,36,33,33,1273000,34824,29,31,0
862,0.743,8.151,0.015,8.910,12.700,16750,23167,0,36,33,33,1273000,34824,29,31,0
863,0.891,6.419,0.012,7.322,9.118,16750,23167,0,36,33,33,1273000,34824,29,31,0
864,1.024,0.439,0.019,1.483,7.539,16750,23167,0,36,33,33,1273000,34824,29,31,0
865,0.905,0.456,0.014,1.375,1.703,16750,23167,0,36,33,33,1273000,34824,29,31,0
866,0.775,0.374,0.014,1.163,1.550,16750,23167,0,36,33,33,1273000,34824,29,31,0
867,0.775,0.371,0.021,1.167,1.331,16750,23167,0,36,33,33,1273000,34824,29,31,0
868,0.765,9.822,0.016,10.603,1.344,16750,23167,0,36,33,33,1273000,34824,29,31,0
869,0.757,7.984,0.023,8.764,10.796,16750,23167,0,36,33,33,1273000,34824,29,31,0
870,0.892,6.531,0.013,7.436,8.982,16750,23167,0,36,33,33,1273000,34824,29,31,0
871,1.028,0.390,0.013,1.431,7.651,16750,23167,0,36,33,33,1273000,34824,29,31,0
872,0.881,0.391,0.011,1.283,1.641,16750,23167,0,36,33,33,1273000,34824,29,31,0
873,0.883,0.388,0.014,1.285,1.491,16750,23167,0,36,33,33,1273000,34824,29,31,0
874,0.774,0.344,0.014,1.132,1.454,16750,23167,0,36,33,33,1273000,34824,29,31,0
875,0.742,9.842,0.016,10.600,1.305,16750,23167,0,36,33,33,1273000,34824,29,31,0
876,0.749,7.977,0.015,8.741,10.798,16750,23167,0,36,33,33,1273000,34824,29,31,0
877,0.914,6.529,0.011,7.454,8.974,16750,23167,0,36,33,33,1273000,34824,29,31,0
878,1.025,0.380,0.015,1.420,7.656,16750,23167,0,36,33,33,1273000,34824,29,31,0
879,0.878,0.392,0.016,1.286,1.620,16750,23167,0,36,33,33,1273000,34824,29,31,0
880,0.833,0.346,0.009,1.188,1.483,16750,23167,0,36,33,33,1273000,34824,29,31,0
881,0.774,0.342,0.013,1.128,1.358,16750,23167,0,36,33,33,1273000,34824,29,31,0
882,0.766,9.933,0.010,10.709,1.299,16750,23167,0,36,33,33,1273000,34824,29,31,0
883,0.954,7.940,0.015,8.909,10.895,16750,23167,0,36,33,33,1273000,34824,29,31,0
884,0.890,6.361,0.010,7.261,9.123,16750,23167,0,36,33,33,1273000,34824,29,31,0
885,0.895,0.387,0.013,1.294,7.467,16750,23167,0,36,33,33,1273000,34824,29,31,0
886,0.865,0.402,0.024,1.291,1.511,16750,23167,0,36,33,33,1273000,34824,29,31,0
887,0.867,0.423,0.018,1.308,1.478,16750,23167,0,36,33,33,1273000,34824,29,31,0
888,0.972,0.407,0.014,1.393,1.521,16750,23167,0,36,33,33,1273000,34824,29,31,0
889,0.802,9.763,0.013,10.578,1.563,16750,23167,0,36,33,33,1273000,34824,29,31,0
890,1.062,7.533,0.013,8.607,10.802,16750,23167,0,36,33,33,1273000,34824,29,31,0
891,1.041,6.373,0.014,7.428,8.842,16750,23167,0,36,33,33,1273000,34824,29,31,0
892,1.012,0.427,0.011,1.450,7.639,16750,23167,0,36,33,33,1273000,34824,29,31,0
893,0.883,0.376,0.012,1.271,1.655,16750,23167,0,36,33,33,1273000,34824,29,31,0
894,0.860,0.405,0.014,1.279,1.468,16750,23167,0,36,33,33,1273000,34824,29,31,0
895,0.874,0.406,0.021,1.301,1.480,16750,23167,0,36,33,33,1273000,34824,29,31,0
896,0.805,9.651,0.010,10.466,1.492,16750,23167,0,36,33,33,1273000,34824,29,31,0
897,1.043,7.767,0.012,8.822,10.691,16750,23167,0,36,33,33,1273000,34824,29,31,0
898,0.900,6.461,0.017,7.378,9.035,16750,23167,0,36,33,33,1273000,34824,29,31,0
899,1.034,0.456,0.016,1.507,7.594,16750,23167,0,36,33,33,1273000,34824,29,31,0
900,0.927,0.451,33.224,34.603,1.716,16750,23167,0,36,33,33,1273000,34824,29,31,0
901,0.581,0.308,0.009,0.898,34.722,16750,23167,0,36,33,33,1273000,34824,29,31,0
902,0.845,1.459,0.012,2.316,1.026,16750,23167,0,36,33,33,1273000,34824,29,31,0
903,0.541,5.145,0.007,5.694,2.445,16750,23167,0,36,33,33,1273000,34824,29,31,0
904,0.872,7.697,0.011,8.580,5.819,16750,23167,0,36,33,33,1273000,34824,29,31,0
905,0.614,7.157,0.009,7.780,8.714,16750,23167,0,36,33,33,1273000,34824,29,31,0
906,0.904,0.296,0.010,1.211,7.930,16750,23167,0,36,33,33,1273000,34824,29,31,0
907,0.644,0.357,0.015,1.016,1.353,16750,23167,0,36,33,33,1273000,34824,29,31,0
908,0.597,0.379,0.014,0.990,1.143,16750,23167,0,36,33,33,1273000,34824,29,31,0
909,0.584,0.306,0.022,0.912,1.120,16750,23167,0,36,33,33,1273000,34824,29,31,0
910,0.568,0.278,0.013,0.858,1.039,16750,23167,0,36,33,33,1273000,34824,29,31,0
911,0.579,0.485,0.014,1.079,0.981,16750,23167,0,36,33,33,1273000,34824,29,31,0
912,0.582,0.834,0.013,1.429,1.240,16750,23167,0,36,33,33,1273000,34824,29,31,0
913,0.719,0.281,0.007,1.006,1.564,16750,23167,0,36,33,33,1273000,34824,29,31,0
914,0.532,3.695,0.011,4.237,1.127,16750,23167,0,36,33,33,1273000,34824,29,31,0
915,0.564,19.081,0.010,19.655,4.365,16750,23167,0,36,33,33,1273000,34824,29,31,0
916,0.852,6.475,0.009,7.336,19.803,16750,23167,0,36,33,33,1273000,34824,29,31,0
917,0.598,3.209,0.011,3.817,7.474,16750,23167,0,36,33,33,1273000,34824,29,31,0
918,0.604,12.746,0.010,13.361,3.965,16750,23167,0,36,33,33,1273000,34824,29,31,0
919,0.897,6.995,0.013,7.906,13.507,16750,23167,0,36,33,33,1273000,34824,29,31,0
920,0.696,0.741,0.009,1.446,8.058,16750,23167,0,36,33,33,1273000,34824,29,31,0
921,0.715,0.347,0.007,1.069,1.618,16750,23167,0,36,33,33,1273000,34824,29,31,0
922,0.954,0.363,0.008,1.326,1.228,16750,23167,0,36,33,33,1273000,34824,29,31,0
923,0.694,0.384,0.011,1.089,1.471,16750,23167,0,36,33,33,1273000,34824,29,31,0
924,0.684,4.187,0.012,4.883,1.239,16750,23167,0,36,33,33,1273000,34824,29,31,0
925,0.939,13.909,0.011,14.859,5.039,16750,23167,0,36,33,33,1273000,34824,29,31,0
926,0.703,6.770,0.009,7.482,15.031,16750,23167,0,36,33,33,1273000,34824,29,31,0
927,0.676,0.505,0.012,1.193,7.646,16750,23167,0,36,33,33,1273000,34824,29,31,0
928,0.688,0.365,0.013,1.066,1.352,16750,23167,0,36,33,33,1273000,34824,29,31,0
929,0.922,0.296,0.011,1.228,1.222,16750,23167,0,36,33,33,1273000,34824,29,31,0
930,0.716,0.396,0.018,1.130,1.392,16750,23167,0,36,33,33,1273000,34824,29,31,0
931,0.675,10.563,0.014,11.252,1.291,16750,23167,0,36,33,33,1273000,34824,29,31,0
932,0.690,8.143,0.009,8.842,11.416,16750,23167,0,36,33,33,1273000,34824,29,31,0
933,0.996,6.484,0.013,7.493,8.996,16750,23167,0,36,33,33,1273000,34824,29,31,0
934,0.899,0.345,0.018,1.262,7.672,16750,23167,0,36,33,33,1273000,34824,29,31,0
935,0.681,0.323,0.010,1.014,1.424,16750,23167,0,36,33,33,1273000,34824,29,31,0
936,0.661,0.288,0.012,0.961,1.170,16750,23167,0,36,33,33,1273000,34824,29,31,0
937,0.687,0.411,0.015,1.113,1.107,16750,23167,0,36,33,33,1273000,34824,29,31,0
938,0.659,11.050,0.012,11.721,1.272,16750,23167,0,36,33,33,1273000,34824,29,31,0
939,0.950,7.410,0.018,8.378,11.884,16750,23167,0,36,33,33,1273000,34824,29,31,0
940,0.787,7.071,0.013,7.871,8.527,16750,23167,0,36,33,33,1273000,34824,29,31,0
941,0.933,0.360,0.013,1.306,8.058,16750,23167,0,36,33,33,1273000,34824,29,31,0
942,0.797,0.372,0.020,1.188,1.493,16750,23167,0,36,33,33,1273000,34824,29,31,0
943,0.749,0.422,0.014,1.185,1.361,16750,23167,0,36,33,33,1273000,34824,29,31,0
944,0.826,0.361,0.012,1.199,1.368,16750,23167,0,36,33,33,1273000,34824,29,31,0
945,0.651,3.780,0.014,4.444,1.362,16750,23167,0,36,33,33,1273000,34824,29,31,0
946,0.834,14.206,0.013,15.054,4.609,16750,23167,0,36,33,33,1273000,34824,29,31,0
947,1.030,6.805,0.015,7.850,15.231,16750,23167,0,36,33,33,1273000,34824,29,31,0
948,0.960,0.360,0.015,1.335,8.066,16750,23167,0,36,33,33,1273000,34824,29,31,0
949,0.737,0.402,0.015,1.153,1.509,16750,23167,0,36,33,33,1273000,34824,29,31,0
950,0.781,0.391,0.012,1.184,1.337,16750,23167,0,36,33,33,1273000,34824,29,31,0
951,0.797,0.438,0.012,1.247,1.353,16750,23167,0,36,33,33,1273000,34824,29,31,0
952,0.778,3.750,0.015,4.543,1.438,16750,23167,0,36,33,33,1273000,34824,29,31,0
953,0.684,14.033,0.014,14.732,4.702,16750,23167,0,36,33,33,1273000,34824,29,31,0
954,0.809,6.857,0.014,7.679,14.911,16750,23167,0,36,33,33,1273000,34824,29,31,0
955,0.936,0.438,0.013,1.386,7.865,16750,23167,0,36,33,33,1273000,34824,29,31,0
956,0.801,0.412,0.015,1.228,1.568,16750,23167,0,36,33,33,1273000,34824,29,31,0
957,0.783,0.388,0.020,1.191,1.397,16750,23167,0,36,33,33,1273000,34824,29,31,0
958,0.799,0.400,0.010,1.208,1.375,16750,23167,0,36,33,33,1273000,34824,29,31,0
959,0.711,10.222,0.012,10.944,1.377,16750,23167,0,36,33,33,1273000,34824,29,31,0
960,21.504,0.882,0.014,22.399,5.414,16644,23067,0,36,33,33,1264944,33984,29,31,0
961,1.363,0.283,0.013,1.659,22.500,16644,23067,0,36,33,33,1264944,33984,29,31,0
962,4.056,0.554,0.017,4.626,1.768,16644,23067,0,36,33,33,1264944,33984,29,31,0
963,0.468,2.315,0.012,2.796,4.752,16644,23067,0,36,33,33,1264944,33984,29,31,0
964,0.435,7.048,0.007,7.490,2.925,16644,23067,0,36,33,33,1264944,33984,29,31,0
965,0.447,7.800,0.014,8.261,7.596,16644,23067,0,36,33,33,1264944,33984,29,31,0
966,0.434,7.802,0.008,8.244,8.361,16644,23067,0,36,33,33,1264944,33984,29,31,0
967,0.475,7.965,0.010,8.449,8.352,16644,23067,0,36,33,33,1264944,33984,29,31,0
968,0.506,7.558,0.010,8.074,8.559,16644,23067,0,36,33,33,1264944,33984,29,31,0
969,0.533,0.611,0.009,1.153,8.192,16644,23067,0,36,33,33,1264944,33984,29,31,0
970,0.553,0.399,0.008,0.960,1.260,16644,23067,0,36,33,33,1264944,33984,29,31,0
971,0.503,0.449,0.009,0.961,1.068,16644,23067,0,36,33,33,1264944,33984,29,31,0
972,0.505,3.162,0.009,3.676,1.057,16644,23067,0,36,33,33,1264944,33984,29,31,0
973,0.502,0.439,0.012,0.953,3.778,16644,23067,0,36,33,33,1264944,33984,29,31,0
974,0.477,2.871,0.008,3.356,1.048,16644,23067,0,36,33,33,1264944,33984,29,31,0
975,0.503,12.904,0.007,13.414,3.475,16644,23067,0,36,33,33,1264944,33984,29,31,0
976,0.510,7.473,0.009,7.993,13.541,16644,23067,0,36,33,33,1264944,33984,29,31,0
977,0.561,0.512,0.012,1.085,8.117,16644,23067,0,36,33,33,1264944,33984,29,31,0
978,0.606,0.381,0.010,0.997,1.202,16644,23067,0,36,33,33,1264944,33984,29,31,0
979,0.591,0.296,0.013,0.900,1.124,16644,23067,0,36,33,33,1264944,33984,29,31,0
980,0.549,2.908,0.010,3.467,1.006,16644,23067,0,36,33,33,1264944,33984,29,31,0
981,0.614,0.735,0.013,1.362,3.604,16644,23067,0,36,33,33,1264944,33984,29,31,0
982,0.580,1.612,0.012,2.204,1.484,16644,23067,0,36,33,33,1264944,33984,29,31,0
983,0.584,14.068,0.015,14.668,2.340,16644,23067,0,36,33,33,1264944,33984,29,31,0
984,0.625,7.148,0.007,7.781,14.817,16644,23067,0,36,33,33,1264944,33984,29,31,0
985,0.608,0.464,0.011,1.083,7.917,16644,23067,0,36,33,33,1264944,33984,29,31,0
986,0.607,0.359,0.009,0.974,1.216,16644,23067,0,36,33,33,1264944,33984,29,31,0
987,0.603,0.327,0.016,0.947,1.105,16644,23067,0,36,33,33,1264944,33984,29,31,0
988,0.630,0.496,0.009,1.136,1.061,16644,23067,0,36,33,33,1264944,33984,29,31,0
989,0.601,11.806,0.010,12.418,1.261,16644,23067,0,36,33,33,1264944,33984,29,31,0
990,0.601,7.496,0.010,8.107,12.554,16644,23067,0,36,33,33,1264944,33984,29,31,0
991,0.610,7.219,0.012,7.841,8.237,16644,23067,0,36,33,33,1264944,33984,29,31,0
992,0.646,0.420,0.013,1.080,7.988,16644,23067,0,36,33,33,1264944,33984,29,31,0
993,0.646,0.355,0.014,1.016,1.214,16644,23067,0,36,33,33,1264944,33984,29,31,0
994,0.656,0.341,0.010,1.007,1.144,16644,23067,0,36,33,33,1264944,33984,29,31,0
995,0.659,0.381,0.018,1.057,1.125,16644,23067,0,36,33,33,1264944,33984,29,31,0
996,0.650,11.604,0.009,12.262,1.195,16644,23067,0,36,33,33,1264944,33984,29,31,0
997,0.645,7.918,0.009,8.573,12.408,16644,23067,0,36,33,33,1264944,33984,29,31,0
998,0.959,6.341,0.009,7.309,8.742,16644,23067,0,36,33,33,1264944,33984,29,31,0
999,0.908,0.505,0.033,1.446,7.454,16644,23067,0,36,33,33,1264944,33984,29,31,0
1000,0.903,0.800,0.012,1.715,1.631,16644,23067,0,36,33,33,1264944,33984,29,31,0
1001,0.712,0.382,0.015,1.109,1.869,16644,23067,0,36,33,33,1264944,33984,29,31,0
1002,0.696,1.383,0.010,2.089,1.255,16644,23067,0,36,33,33,1264944,33984,29,31,0
1003,0.606,0.374,0.013,0.993,2.233,16644,23067,0,36,33,33,1264944,33984,29,31,0
1004,0.624,2.949,0.009,3.582,1.126,16644,23067,0,36,33,33,1264944,33984,29,31,0
1005,0.933,12.437,0.010,13.379,3.728,16644,23067,0,36,33,33,1264944,33984,29,31,0
1006,0.876,6.991,0.015,7.881,13.549,16644,23067,0,36,33,33,1264944,33984,29,31,0
1007,0.680,0.297,0.010,0.987,8.037,16644,23067,0,36,33,33,1264944,33984,29,31,0
1008,0.942,0.365,0.009,1.315,1.126,16644,23067,0,36,33,33,1264944,33984,29,31,0
1009,0.686,0.404,0.013,1.103,1.471,16644,23067,0,36,33,33,1264944,33984,29,31,0
1010,0.729,2.386,0.017,3.131,1.255,16644,23067,0,36,33,33,1264944,33984,29,31,0
1011,0.698,0.311,0.011,1.019,3.303,16644,23067,0,36,33,33,1264944,33984,29,31,0
1012,0.800,3.134,0.012,3.946,1.176,16644,23067,0,36,33,33,1264944,33984,29,31,0
1013,0.712,12.033,0.012,12.756,4.106,16644,23067,0,36,33,33,1264944,33984,29,31,0
1014,0.990,6.861,0.008,7.858,12.919,16644,23067,0,36,33,33,1264944,33984,29,31,0
1015,0.707,0.597,0.011,1.314,8.020,16644,23067,0,36,33,33,1264944,33984,29,31,0
1016,0.707,0.371,0.008,1.087,1.494,16644,23067,0,36,33,33,1264944,33984,29,31,0
1017,0.700,0.349,0.016,1.065,1.242,16644,23067,0,36,33,33,1264944,33984,29,31,0
1018,0.981,0.398,0.014,1.393,1.197,16644,23067,0,36,33,33,1264944,33984,29,31,0
1019,0.747,1.781,0.015,2.544,1.537,16644,23067,0,36,33,33,1264944,33984,29,31,0
1020,0.696,3.118,0.011,3.825,2.688,16644,23067,0,36,33,33,1264944,33984,29,31,0
1021,0.720,12.307,0.016,13.043,3.996,16644,23067,0,36,33,33,1264944,33984,29,31,0
1022,0.842,6.927,0.012,7.781,13.239,16644,23067,0,36,33,33,1264944,33984,29,31,0
1023,0.802,0.349,0.022,1.173,7.967,16644,23067,0,36,33,33,1264944,33984,29,31,0
1024,0.823,0.441,0.016,1.280,1.353,16644,23067,0,36,33,33,1264944,33984,29,31,0
1025,0.800,0.423,0.013,1.236,1.456,16644,23067,0,36,33,33,1264944,33984,29,31,0
1026,0.742,0.431,0.013,1.186,1.439,16644,23067,0,36,33,33,1264944,33984,29,31,0
1027,0.821,1.839,0.015,2.676,1.351,16644,23067,0,36,33,33,1264944,33984,29,31,0
1028,0.728,2.951,0.011,3.690,2.841,16644,23067,0,36,33,33,1264944,33984,29,31,0
1029,0.769,12.044,0.010,12.823,3.869,16644,23067,0,36,33,33,1264944,33984,29,31,0
1030,0.797,7.133,0.016,7.946,13.015,16644,23067,0,36,33,33,1264944,33984,29,31,0
1031,0.833,0.421,0.014,1.268,8.133,16644,23067,0,36,33,33,1264944,33984,29,31,0
1032,0.814,0.427,0.014,1.254,1.464,16644,23067,0,36,33,33,1264944,33984,29,31,0
1033,0.811,0.540,0.018,1.369,1.430,16644,23067,0,36,33,33,1264944,33984,29,31,0
1034,0.829,0.342,0.016,1.187,1.542,16644,23067,0,36,33,33,1264944,33984,29,31,0
1035,0.716,0.370,0.012,1.098,1.335,16644,23067,0,36,33,33,1264944,33984,29,31,0
1036,0.736,2.554,0.011,3.301,1.256,16644,23067,0,36,33,33,1264944,33984,29,31,0
1037,0.693,13.734,0.013,14.439,3.459,16644,23067,0,36,33,33,1264944,33984,29,31,0
1038,0.798,7.125,0.012,7.934,14.623,16644,23067,0,36,33,33,1264944,33984,29,31,0
1039,0.802,0.546,0.016,1.364,8.125,16644,23067,0,36,33,33,1264944,33984,29,31,0
1040,0.857,0.407,0.014,1.278,1.538,16644,23067,0,36,33,33,1264944,33984,29,31,0
1041,1.019,0.463,0.016,1.499,1.449,16644,23067,0,36,33,33,1264944,33984,29,31,0
1042,0.728,0.400,0.011,1.139,1.672,16644,23067,0,36,33,33,1264944,33984,29,31,0
1043,0.731,9.848,0.013,10.592,1.291,16644,23067,0,36,33,33,1264944,33984,29,31,0
1044,0.953,7.444,0.022,8.419,10.760,16644,23067,0,36,33,33,1264944,33984,29,31,0
1045,0.794,7.297,0.012,8.103,8.613,16644,23067,0,36,33,33,1264944,33984,29,31,0
1046,0.811,0.676,0.013,1.500,8.277,16644,23067,0,36,33,33,1264944,33984,29,31,0
1047,0.978,0.374,0.011,1.363,1.679,16644,23067,0,36,33,33,1264944,33984,29,31,0
1048,0.812,0.763,0.017,1.592,1.538,16644,23067,0,36,33,33,1264944,33984,29,31,0
1049,0.854,0.660,0.012,1.526,1.770,16644,23067,0,36,33,33,1264944,33984,29,31,0
1050,0.694,0.322,0.011,1.027,1.679,16644,23067,0,36,33,33,1264944,33984,29,31,0
1051,0.685,3.583,0.009,4.276,1.176,16644,23067,0,36,33,33,1264944,33984,29,31,0
1052,0.962,11.565,0.027,12.553,4.436,16644,23067,0,36,33,33,1264944,33984,29,31,0
1053,0.900,7.058,0.011,7.969,12.709,16644,23067,0,36,33,33,1264944,33984,29,31,0
1054,1.070,0.343,0.009,1.422,8.158,16644,23067,0,36,33,33,1264944,33984,29,31,0
1055,0.704,0.358,0.012,1.074,1.581,16644,23067,0,36,33,33,1264944,33984,29,31,0
1056,0.709,0.407,0.011,1.127,1.230,16644,23067,0,36,33,33,1264944,33984,29,31,0
1057,0.751,1.570,0.021,2.343,1.307,16644,23067,0,36,33,33,1264944,33984,29,31,0
1058,0.732,0.413,0.013,1.158,2.512,16644,23067,0,36,33,33,1264944,33984,29,31,0
1059,0.682,3.128,0.010,3.820,1.311,16644,23067,0,36,33,33,1264944,33984,29,31,0
1060,0.915,12.279,0.018,13.213,3.980,16644,23067,0,36,33,33,1264944,33984,29,31,0
1061,0.981,6.895,0.017,7.893,13.399,16644,23067,0,36,33,33,1264944,33984,29,31,0
1062,0.785,0.336,0.016,1.137,8.080,16644,23067,0,36,33,33,1264944,33984,29,31,0
1063,0.805,0.398,0.016,1.220,1.299,16644,23067,0,36,33,33,1264944,33984,29,31,0
1064,0.981,0.429,0.032,1.442,1.387,16644,23067,0,36,33,33,1264944,33984,29,31,0
1065,0.836,2.887,0.014,3.736,1.609,16644,23067,0,36,33,33,1264944,33984,29,31,0
1066,0.731,4.098,0.015,4.844,3.897,16644,23067,0,36,33,33,1264944,33984,29,31,0
1067,0.988,10.733,0.034,11.755,5.027,16644,23067,0,36,33,33,1264944,33984,29,31,0
1068,0.811,7.006,0.010,7.827,11.950,16644,23067,0,36,33,33,1264944,33984,29,31,0
1069,0.935,0.368,0.016,1.319,8.007,16644,23067,0,36,33,33,1264944,33984,29,31,0
1070,0.784,0.480,0.016,1.279,1.494,16644,23067,0,36,33,33,1264944,33984,29,31,0
1071,0.826,1.966,0.015,2.807,1.459,16644,23067,0,36,33,33,1264944,33984,29,31,0
1072,0.844,1.429,0.014,2.288,2.991,16644,23067,0,36,33,33,1264944,33984,29,31,0
1073,1.044,2.976,0.010,4.030,2.473,16644,23067,0,36,33,33,1264944,33984,29,31,0
1074,0.833,11.851,0.012,12.696,4.225,16644,23067,0,36,33,33,1264944,33984,29,31,0
1075,1.077,6.650,0.016,7.742,12.916,16644,23067,0,36,33,33,1264944,33984,29,31,0
1076,0.929,0.391,0.016,1.336,7.953,16644,23067,0,36,33,33,1264944,33984,29,31,0
1077,0.990,0.983,0.035,2.007,1.532,16644,23067,0,36,33,33,1264944,33984,29,31,0
1078,1.189,1.507,0.015,2.712,2.253,16644,23067,0,36,33,33,1264944,33984,29,31,0
1079,0.867,0.401,0.022,1.290,2.905,16644,23067,0,36,33,33,1264944,33984,29,31,0
1080,0.788,2.847,119.271,122.906,1.459,16644,23067,0,36,33,33,1264944,33984,29,31,0
1081,0.505,0.320,0.013,0.837,123.006,16644,23067,0,36,33,33,1264944,33984,29,31,0
1082,0.450,1.403,0.009,1.863,0.930,16644,23067,0,36,33,33,1264944,33984,29,31,0
1083,0.483,2.433,0.008,2.924,1.967,16644,23067,0,36,33,33,1264944,33984,29,31,0
1084,0.485,0.756,0.009,1.250,3.033,16644,23067,0,36,33,33,1264944,33984,29,31,0
1085,0.429,3.898,0.011,4.338,1.350,16644,23067,0,36,33,33,1264944,33984,29,31,0
1086,0.803,10.289,0.009,11.101,4.433,16644,23067,0,36,33,33,1264944,33984,29,31,0
1087,0.833,7.247,0.009,8.088,11.220,16644,23067,0,36,33,33,1264944,33984,29,31,0
1088,0.502,0.601,0.007,1.110,8.200,16644,23067,0,36,33,33,1264944,33984,29,31,0
1089,0.468,0.280,0.010,0.758,1.207,16644,23067,0,36,33,33,1264944,33984,29,31,0
1090,0.759,3.731,0.009,4.499,0.845,16644,23067,0,36,33,33,1264944,33984,29,31,0
1091,0.468,0.651,0.008,1.127,4.607,16644,23067,0,36,33,33,1264944,33984,29,31,0
1092,0.498,1.073,0.010,1.581,1.227,16644,23067,0,36,33,33,1264944,33984,29,31,0
1093,0.491,1.265,0.009,1.765,1.684,16644,23067,0,36,33,33,1264944,33984,29,31,0
1094,0.491,3.054,0.008,3.553,1.868,16644,23067,0,36,33,33,1264944,33984,29,31,0
1095,0.476,0.624,0.008,1.108,3.673,16644,23067,0,36,33,33,1264944,33984,29,31,0
1096,0.460,3.135,0.007,3.601,1.210,16644,23067,0,36,33,33,1264944,33984,29,31,0
1097,0.519,12.709,0.006,13.233,3.724,16644,23067,0,36,33,33,1264944,33984,29,31,0
1098,0.527,7.369,0.006,7.901,13.354,16644,23067,0,36,33,33,1264944,33984,29,31,0
1099,0.824,0.259,0.007,1.091,8.016,16644,23067,0,36,33,33,1264944,33984,29,31,0
1100,0.548,0.275,0.009,0.833,1.203,16644,23067,0,36,33,33,1264944,33984,29,31,0
1101,0.514,0.266,0.010,0.790,0.948,16644,23067,0,36,33,33,1264944,33984,29,31,0
1102,0.500,0.259,0.010,0.769,0.886,16644,23067,0,36,33,33,1264944,33984,29,31,0
1103,0.523,2.385,0.035,2.943,0.875,16644,23067,0,36,33,33,1264944,33984,29,31,0
1104,0.521,0.533,0.009,1.063,3.073,16644,23067,0,36,33,33,1264944,33984,29,31,0
1105,0.521,2.802,0.009,3.332,1.176,16644,23067,0,36,33,33,1264944,33984,29,31,0
1106,0.823,12.849,0.007,13.678,3.455,16644,23067,0,36,33,33,1264944,33984,29,31,0
1107,0.835,6.972,0.011,7.817,13.802,16644,23067,0,36,33,33,1264944,33984,29,31,0
1108,0.572,0.442,0.010,1.025,7.947,16644,23067,0,36,33,33,1264944,33984,29,31,0
1109,0.615,0.306,0.009,0.930,1.154,16644,23067,0,36,33,33,1264944,33984,29,31,0
1110,0.572,0.288,0.009,0.869,1.052,16644,23067,0,36,33,33,1264944,33984,29,31,0
1111,0.547,0.259,0.009,0.815,0.982,16644,23067,0,36,33,33,1264944,33984,29,31,0
1112,0.830,0.273,0.008,1.111,0.925,16644,23067,0,36,33,33,1264944,33984,29,31,0
1113,0.587,2.478,0.007,3.072,1.229,16644,23067,0,36,33,33,1264944,33984,29,31,0
1114,0.541,3.005,0.006,3.553,3.198,16644,23067,0,36,33,33,1264944,33984,29,31,0
1115,0.826,12.540,0.007,13.374,3.678,16644,23067,0,36,33,33,1264944,33984,29,31,0
1116,0.865,6.693,0.010,7.568,13.496,16644,23067,0,36,33,33,1264944,33984,29,31,0
1117,0.909,0.244,0.011,1.164,7.704,16644,23067,0,36,33,33,1264944,33984,29,31,0
1118,0.661,0.424,0.011,1.096,1.298,16644,23067,0,36,33,33,1264944,33984,29,31,0
1119,0.607,1.511,0.027,2.144,1.244,16644,23067,0,36,33,33,1264944,33984,29,31,0
1120,0.819,0.496,0.016,1.330,2.304,16644,23067,0,36,33,33,1264944,33984,29,31,0
1121,0.654,1.415,0.011,2.080,1.477,16644,23067,0,36,33,33,1264944,33984,29,31,0
1122,0.555,2.770,0.010,3.335,2.219,16644,23067,0,36,33,33,1264944,33984,29,31,0
1123,0.861,12.268,0.010,13.139,3.464,16644,23067,0,36,33,33,1264944,33984,29,31,0
1124,0.905,6.962,0.011,7.878,13.284,16644,23067,0,36,33,33,1264944,33984,29,31,0
1125,0.624,0.427,0.010,1.062,8.017,16644,23067,0,36,33,33,1264944,33984,29,31,0
1126,0.931,0.279,0.007,1.217,1.197,16644,23067,0,36,33,33,1264944,33984,29,31,0
1127,0.618,0.327,0.009,0.954,1.350,16644,23067,0,36,33,33,1264944,33984,29,31,0
1128,0.646,0.407,0.007,1.060,1.082,16644,23067,0,36,33,33,1264944,33984,29,31,0
1129,0.656,0.646,0.012,1.314,1.204,16644,23067,0,36,33,33,1264944,33984,29,31,0
1130,0.645,1.105,0.009,1.759,1.455,16644,23067,0,36,33,33,1264944,33984,29,31,0
1131,0.633,2.826,0.011,3.470,1.907,16644,23067,0,36,33,33,1264944,33984,29,31,0
1132,0.918,12.862,0.013,13.793,3.614,16644,23067,0,36,33,33,1264944,33984,29,31,0
1133,0.651,7.110,0.011,7.772,13.938,16644,23067,0,36,33,33,1264944,33984,29,31,0
1134,0.630,0.716,0.013,1.359,7.919,16644,23067,0,36,33,33,1264944,33984,29,31,0
1135,0.694,0.351,0.011,1.055,1.511,16644,23067,0,36,33,33,1264944,33984,29,31,0
1136,0.703,0.316,0.011,1.030,1.203,16644,23067,0,36,33,33,1264944,33984,29,31,0
1137,0.654,0.349,0.010,1.012,1.166,16644,23067,0,36,33,33,1264944,33984,29,31,0
1138,0.622,3.224,0.009,3.855,1.144,16644,23067,0,36,33,33,1264944,33984,29,31,0
1139,0.621,15.230,0.012,15.863,4.002,16644,23067,0,36,33,33,1264944,33984,29,31,0
1140,11.473,1.054,0.016,12.543,7.971,16750,23167,0,36,33,33,1273000,34824,29,31,0
1141,1.262,0.327,0.012,1.601,12.647,16750,23167,0,36,33,33,1273000,34824,29,31,0
1142,2.292,0.305,0.008,2.604,1.727,16750,23167,0,36,33,33,1273000,34824,29,31,0
1143,0.464,7.687,0.010,8.161,2.718,16750,23167,0,36,33,33,1273000,34824,29,31,0
1144,0.463,7.264,0.009,7.737,8.273,16750,23167,0,36,33,33,1273000,34824,29,31,0
1145,0.519,8.175,0.010,8.704,7.844,16750,23167,0,36,33,33,1273000,34824,29,31,0
1146,0.479,7.815,0.015,8.309,8.813,16750,23167,0,36,33,33,1273000,34824,29,31,0
1147,0.494,7.818,0.014,8.326,8.430,16750,23167,0,36,33,33,1273000,34824,29,31,0
1148,0.508,8.803,0.014,9.325,8.456,16750,23167,0,36,33,33,1273000,34824,29,31,0
1149,0.559,6.812,0.010,7.381,9.467,16750,23167,0,36,33,33,1273000,34824,29,31,0
1150,0.545,7.331,0.010,7.886,7.510,16750,23167,0,36,33,33,1273000,34824,29,31,0
1151,0.583,7.039,0.018,7.640,8.014,16750,23167,0,36,33,33,1273000,34824,29,31,0
1152,0.527,7.878,0.025,8.430,7.779,16750,23167,0,36,33,33,1273000,34824,29,31,0
1153,0.700,7.374,0.015,8.088,8.604,16750,23167,0,36,33,33,1273000,34824,29,31,0
1154,1.035,1.168,0.021,2.225,8.248,16750,23167,0,36,33,33,1273000,34824,29,31,0
1155,0.684,13.877,0.013,14.574,2.382,16750,23167,0,36,33,33,1273000,34824,29,31,0
1156,0.770,6.982,0.015,7.767,14.746,16750,23167,0,36,33,33,1273000,34824,29,31,0
1157,0.729,0.459,0.017,1.205,7.947,16750,23167,0,36,33,33,1273000,34824,29,31,0
1158,0.740,0.370,0.016,1.127,1.360,16750,23167,0,36,33,33,1273000,34824,29,31,0
1159,0.766,0.396,0.017,1.180,1.297,16750,23167,0,36,33,33,1273000,34824,29,31,0
1160,0.671,1.173,0.018,1.863,1.325,16750,23167,0,36,33,33,1273000,34824,29,31,0
1161,0.698,0.430,0.020,1.149,2.032,16750,23167,0,36,33,33,1273000,34824,29,31,0
1162,0.657,0.402,0.012,1.071,1.303,16750,23167,0,36,33,33,1273000,34824,29,31,0
1163,0.745,0.888,0.015,1.647,1.215,16750,23167,0,36,33,33,1273000,34824,29,31,0
1164,0.653,13.987,0.016,14.656,1.791,16750,23167,0,36,33,33,1273000,34824,29,31,0
1165,0.665,7.945,0.021,8.631,14.831,16750,23167,0,36,33,33,1273000,34824,29,31,0
1166,0.762,0.496,0.015,1.274,8.809,16750,23167,0,36,33,33,1273000,34824,29,31,0
1167,0.731,0.397,0.021,1.149,1.445,16750,23167,0,36,33,33,1273000,34824,29,31,0
1168,0.652,0.322,0.012,0.986,1.306,16750,23167,0,36,33,33,1273000,34824,29,31,0
1169,0.665,0.461,0.009,1.135,1.106,16750,23167,0,36,33,33,1273000,34824,29,31,0
1170,0.637,10.097,0.012,10.746,1.289,16750,23167,0,36,33,33,1273000,34824,29,31,0
1171,0.754,8.729,0.020,9.503,10.924,16750,23167,0,36,33,33,1273000,34824,29,31,0
1172,0.738,6.218,0.012,6.968,9.669,16750,23167,0,36,33,33,1273000,34824,29,31,0
1173,0.731,0.457,0.015,1.202,7.143,16750,23167,0,36,33,33,1273000,34824,29,31,0
1174,0.698,0.427,0.015,1.140,1.352,16750,23167,0,36,33,33,1273000,34824,29,31,0
1175,0.707,0.392,0.015,1.115,1.302,16750,23167,0,36,33,33,1273000,34824,29,31,0
1176,0.718,0.372,0.011,1.102,1.279,16750,23167,0,36,33,33,1273000,34824,29,31,0
1177,0.735,0.481,0.061,1.276,1.247,16750,23167,0,36,33,33,1273000,34824,29,31,0
1178,0.904,9.044,0.019,9.967,1.597,16750,23167,0,36,33,33,1273000,34824,29,31,0
1179,0.753,7.898,0.015,8.666,10.133,16750,23167,0,36,33,33,1273000,34824,29,31,0
1180,0.732,6.723,0.012,7.467,8.835,16750,23167,0,36,33,33,1273000,34824,29,31,0
1181,0.715,0.699,0.009,1.423,7.618,16750,23167,0,36,33,33,1273000,34824,29,31,0
1182,0.713,0.397,0.012,1.122,1.587,16750,23167,0,36,33,33,1273000,34824,29,31,0
1183,0.706,0.398,0.019,1.123,1.272,16750,23167,0,36,33,33,1273000,34824,29,31,0
1184,0.704,0.363,0.012,1.079,1.275,16750,23167,0,36,33,33,1273000,34824,29,31,0
1185,0.679,0.365,0.010,1.054,1.229,16750,23167,0,36,33,33,1273000,34824,29,31,0
1186,0.749,1.992,0.013,2.755,1.234,16750,23167,0,36,33,33,1273000,34824,29,31,0
1187,0.660,15.024,0.020,15.704,2.918,16750,23167,0,36,33,33,1273000,34824,29,31,0
1188,0.755,6.987,0.022,7.764,15.891,16750,23167,0,36,33,33,1273000,34824,29,31,0
1189,0.688,0.508,0.013,1.209,7.923,16750,23167,0,36,33,33,1273000,34824,29,31,0
1190,0.685,0.421,0.016,1.122,1.374,16750,23167,0,36,33,33,1273000,34824,29,31,0
1191,0.943,0.455,0.012,1.410,1.285,16750,23167,0,36,33,33,1273000,34824,29,31,0
1192,0.752,0.437,0.023,1.212,1.572,16750,23167,0,36,33,33,1273000,34824,29,31,0
1193,0.724,2.201,0.012,2.936,1.361,16750,23167,0,36,33,33,1273000,34824,29,31,0
1194,0.728,7.167,0.014,7.909,3.095,16750,23167,0,36,33,33,1273000,34824,29,31,0
1195,0.997,7.636,0.015,8.648,8.068,16750,23167,0,36,33,33,1273000,34824,29,31,0
1196,0.962,6.733,0.015,7.709,8.836,16750,23167,0,36,33,33,1273000,34824,29,31,0
1197,1.049,0.370,0.014,1.432,7.914,16750,23167,0,36,33,33,1273000,34824,29,31,0
1198,0.796,0.357,0.016,1.169,1.616,16750,23167,0,36,33,33,1273000,34824,29,31,0
1199,0.688,0.411,0.015,1.113,1.339,16750,23167,0,36,33,33,1273000,34824,29,31,0
1200,0.721,0.406,0.018,1.145,1.282,16750,23167,0,36,33,33,1273000,34824,29,31,0
1201,0.738,1.976,0.012,2.726,1.295,16750,23167,0,36,33,33,1273000,34824,29,31,0
1202,1.001,7.383,0.017,8.401,2.882,16750,23167,0,36,33,33,1273000,34824,29,31,0
1203,0.683,8.325,0.018,9.026,8.578,16750,23167,0,36,33,33,1273000,34824,29,31,0
1204,0.994,6.003,0.014,7.011,9.205,16750,23167,0,36,33,33,1273000,34824,29,31,0
1205,0.780,0.652,0.014,1.446,7.199,16750,23167,0,36,33,33,1273000,34824,29,31,0
1206,0.798,0.417,0.014,1.230,1.633,16750,23167,0,36,33,33,1273000,34824,29,31,0
1207,1.013,0.317,0.015,1.345,1.412,16750,23167,0,36,33,33,1273000,34824,29,31,0
1208,0.708,0.333,0.015,1.055,1.501,16750,23167,0,36,33,33,1273000,34824,29,31,0
1209,0.691,0.325,0.017,1.033,1.199,16750,23167,0,36,33,33,1273000,34824,29,31,0
1210,0.685,3.047,0.014,3.746,1.176,16750,23167,0,36,33,33,1273000,34824,29,31,0
1211,0.713,13.842,0.019,14.574,3.925,16750,23167,0,36,33,33,1273000,34824,29,31,0
1212,0.794,6.896,0.015,7.706,14.763,16750,23167,0,36,33,33,1273000,34824,29,31,0
1213,0.783,0.822,0.016,1.621,7.895,16750,23167,0,36,33,33,1273000,34824,29,31,0
1214,0.809,0.519,0.015,1.343,1.809,16750,23167,0,36,33,33,1273000,34824,29,31,0
1215,0.799,0.431,0.010,1.239,1.533,16750,23167,0,36,33,33,1273000,34824,29,31,0
1216,0.814,0.382,0.019,1.215,1.406,16750,23167,0,36,33,33,1273000,34824,29,31,0
1217,0.713,4.697,0.015,5.425,1.392,16750,23167,0,36,33,33,1273000,34824,29,31,0
1218,0.703,12.372,0.015,13.089,5.596,16750,23167,0,36,33,33,1273000,34824,29,31,0
1219,0.764,6.920,0.014,7.698,13.272,16750,23167,0,36,33,33,1273000,34824,29,31,0
1220,0.779,0.643,0.014,1.437,7.876,16750,23167,0,36,33,33,1273000,34824,29,31,0
1221,0.781,1.698,0.011,2.490,1.619,16750,23167,0,36,33,33,1273000,34824,29,31,0
1222,0.947,0.591,0.017,1.555,2.742,16750,23167,0,36,33,33,1273000,34824,29,31,0
1223,0.768,1.828,0.012,2.608,1.749,16750,23167,0,36,33,33,1273000,34824,29,31,0
1224,0.785,5.340,0.014,6.139,2.799,16750,23167,0,36,33,33,1273000,34824,29,31,0
1225,1.035,9.328,0.017,10.380,6.331,16750,23167,0,36,33,33,1273000,34824,29,31,0
1226,0.808,6.629,0.012,7.449,10.565,16750,23167,0,36,33,33,1273000,34824,29,31,0
1227,0.976,0.419,0.016,1.411,7.653,16750,23167,0,36,33,33,1273000,34824,29,31,0
1228,0.831,1.498,0.023,2.352,1.583,16750,23167,0,36,33,33,1273000,34824,29,31,0
1229,0.844,0.419,0.019,1.282,2.538,16750,23167,0,36,33,33,1273000,34824,29,31,0
1230,0.820,1.367,0.012,2.199,1.463,16750,23167,0,36,33,33,1273000,34824,29,31,0
1231,0.809,4.878,0.025,5.713,2.376,16750,23167,0,36,33,33,1273000,34824,29,31,0
1232,0.948,10.372,0.013,11.333,5.934,16750,23167,0,36,33,33,1273000,34824,29,31,0
1233,1.129,6.659,0.017,7.804,11.548,16750,23167,0,36,33,33,1273000,34824,29,31,0
1234,0.952,0.459,0.016,1.427,8.034,16750,23167,0,36,33,33,1273000,34824,29,31,0
1235,0.961,1.421,0.010,2.392,1.632,16750,23167,0,36,33,33,1273000,34824,29,31,0
1236,1.078,0.489,0.017,1.583,2.597,16750,23167,0,36,33,33,1273000,34824,29,31,0
1237,0.814,0.374,0.012,1.200,1.797,16750,23167,0,36,33,33,1273000,34824,29,31,0
1238,0.887,2.998,0.017,3.902,1.373,16750,23167,0,36,33,33,1273000,34824,29,31,0
1239,0.906,12.886,0.027,13.819,4.111,16750,23167,0,36,33,33,1273000,34824,29,31,0
1240,0.980,6.720,0.025,7.725,14.029,16750,23167,0,36,33,33,1273000,34824,29,31,0
1241,1.105,0.494,0.025,1.624,7.964,16750,23167,0,36,33,33,1273000,34824,29,31,0
1242,0.902,0.434,0.016,1.351,1.841,16750,23167,0,36,33,33,1273000,34824,29,31,0
1243,0.940,0.474,0.020,1.434,1.550,16750,23167,0,36,33,33,1273000,34824,29,31,0
1244,0.901,0.413,0.014,1.328,1.631,16750,23167,0,36,33,33,1273000,34824,29,31,0
1245,1.000,3.068,0.014,4.083,1.512,16750,23167,0,36,33,33,1273000,34824,29,31,0
1246,0.810,13.369,0.012,14.191,4.271,16750,23167,0,36,33,33,1273000,34824,29,31,0
1247,0.791,7.356,0.018,8.165,14.368,16750,23167,0,36,33,33,1273000,34824,29,31,0
1248,0.924,0.505,0.016,1.446,8.381,16750,23167,0,36,33,33,1273000,34824,29,31,0
1249,1.059,1.316,0.014,2.389,1.656,16750,23167,0,36,33,33,1273000,34824,29,31,0
1250,0.810,0.609,0.019,1.437,2.568,16750,23167,0,36,33,33,1273000,34824,29,31,0
1251,0.796,1.011,0.014,1.822,1.623,16750,23167,0,36,33,33,1273000,34824,29,31,0
1252,0.776,5.699,0.018,6.493,2.006,16750,23167,0,36,33,33,1273000,34824,29,31,0
1253,1.049,9.167,0.014,10.230,6.683,16750,23167,0,36,33,33,1273000,34824,29,31,0
1254,1.152,6.938,0.017,8.107,10.450,16750,23167,0,36,33,33,1273000,34824,29,31,0
1255,0.897,0.481,0.014,1.392,8.317,16750,23167,0,36,33,33,1273000,34824,29,31,0
1256,0.966,1.131,0.015,2.113,1.607,16750,23167,0,36,33,33,1273000,34824,29,31,0
1257,1.085,0.468,0.020,1.573,2.325,16750,23167,0,36,33,33,1273000,34824,29,31,0
1258,0.815,0.379,0.011,1.204,1.775,16750,23167,0,36,33,33,1273000,34824,29,31,0
1259,0.867,3.033,0.011,3.911,1.377,16750,23167,0,36,33,33,1273000,34824,29,31,0
1260,0.825,12.992,40.318,54.135,4.116,16750,23167,0,36,33,33,1273000,34824,29,31,0
1261,0.664,0.400,0.012,1.075,54.255,16750,23167,0,36,33,33,1273000,34824,29,31,0
1262,0.630,1.345,0.016,1.991,1.207,16750,23167,0,36,33,33,1273000,34824,29,31,0
1263,0.678,1.365,0.012,2.055,2.156,16750,23167,0,36,33,33,1273000,34824,29,31,0
1264,0.730,6.611,0.015,7.356,2.221,16750,23167,0,36,33,33,1273000,34824,29,31,0
1265,0.640,4.295,0.012,4.947,7.496,16750,23167,0,36,33,33,1273000,34824,29,31,0
1266,0.636,11.114,0.016,11.767,5.093,16750,23167,0,36,33,33,1273000,34824,29,31,0
1267,0.818,6.853,0.014,7.684,11.908,16750,23167,0,36,33,33,1273000,34824,29,31,0
1268,0.643,4.224,0.018,4.886,7.825,16750,23167,0,36,33,33,1273000,34824,29,31,0
1269,0.669,11.369,0.011,12.049,5.036,16750,23167,0,36,33,33,1273000,34824,29,31,0
1270,0.638,7.220,0.014,7.872,12.200,16750,23167,0,36,33,33,1273000,34824,29,31,0
1271,0.932,0.374,0.011,1.317,8.057,16750,23167,0,36,33,33,1273000,34824,29,31,0
1272,0.715,0.365,0.015,1.095,1.475,16750,23167,0,36,33,33,1273000,34824,29,31,0
1273,0.732,0.374,0.013,1.120,1.254,16750,23167,0,36,33,33,1273000,34824,29,31,0
1274,0.647,0.346,0.013,1.006,1.282,16750,23167,0,36,33,33,1273000,34824,29,31,0
1275,0.621,0.310,0.015,0.945,1.156,16750,23167,0,36,33,33,1273000,34824,29,31,0
1276,0.615,10.109,0.017,10.741,1.075,16750,23167,0,36,33,33,1273000,34824,29,31,0
1277,0.889,7.457,0.011,8.358,10.989,16750,23167,0,36,33,33,1273000,34824,29,31,0
1278,0.952,6.510,0.010,7.471,8.603,16750,23167,0,36,33,33,1273000,34824,29,31,0
1279,0.671,0.736,0.011,1.418,7.708,16750,23167,0,36,33,33,1273000,34824,29,31,0
1280,0.697,0.394,0.011,1.103,1.675,16750,23167,0,36,33,33,1273000,34824,29,31,0
1281,0.677,0.350,0.011,1.038,1.333,16750,23167,0,36,33,33,1273000,34824,29,31,0
1282,0.811,0.358,0.015,1.184,1.249,16750,23167,0,36,33,33,1273000,34824,29,31,0
1283,0.598,7.334,0.011,7.943,1.398,16750,23167,0,36,33,33,1273000,34824,29,31,0
1284,0.642,10.768,0.015,11.425,8.195,16750,23167,0,36,33,33,1273000,34824,29,31,0
1285,0.671,6.805,0.012,7.488,11.680,16750,23167,0,36,33,33,1273000,34824,29,31,0
1286,0.952,0.545,0.008,1.505,7.725,16750,23167,0,36,33,33,1273000,34824,29,31,0
1287,0.695,1.546,0.010,2.250,1.759,16750,23167,0,36,33,33,1273000,34824,29,31,0
1288,0.693,0.650,0.013,1.355,2.500,16750,23167,0,36,33,33,1273000,34824,29,31,0
1289,0.671,1.686,0.013,2.370,1.595,16750,23167,0,36,33,33,1273000,34824,29,31,0
1290,0.679,7.454,0.012,8.145,2.622,16750,23167,0,36,33,33,1273000,34824,29,31,0
1291,0.674,7.648,0.012,8.334,8.399,16750,23167,0,36,33,33,1273000,34824,29,31,0
1292,0.672,7.025,0.013,7.710,8.577,16750,23167,0,36,33,33,1273000,34824,29,31,0
1293,0.764,0.527,0.012,1.304,7.986,16750,23167,0,36,33,33,1273000,34824,29,31,0
1294,0.712,1.631,0.012,2.355,1.574,16750,23167,0,36,33,33,1273000,34824,29,31,0
1295,0.842,0.655,0.011,1.509,2.621,16750,23167,0,36,33,33,1273000,34824,29,31,0
1296,0.701,1.793,0.012,2.506,1.757,16750,23167,0,36,33,33,1273000,34824,29,31,0
1297,0.697,6.841,0.012,7.550,2.748,16750,23167,0,36,33,33,1273000,34824,29,31,0
1298,0.680,8.152,0.014,8.847,7.794,16750,23167,0,36,33,33,1273000,34824,29,31,0
1299,0.768,6.738,0.012,7.518,9.179,16750,23167,0,36,33,33,1273000,34824,29,31,0
1300,0.768,0.681,0.016,1.465,7.797,16750,23167,0,36,33,33,1273000,34824,29,31,0
1301,0.775,1.872,0.016,2.662,1.749,16750,23167,0,36,33,33,1273000,34824,29,31,0
1302,0.914,0.741,0.014,1.668,2.937,16750,23167,0,36,33,33,1273000,34824,29,31,0
1303,0.767,1.997,0.015,2.779,1.946,16750,23167,0,36,33,33,1273000,34824,29,31,0
1304,0.769,6.380,0.012,7.161,3.061,16750,23167,0,36,33,33,1273000,34824,29,31,0
1305,0.791,7.081,0.011,7.883,7.434,16750,23167,0,36,33,33,1273000,34824,29,31,0
1306,0.769,6.948,0.015,7.733,8.161,16750,23167,0,36,33,33,1273000,34824,29,31,0
1307,0.772,0.751,0.014,1.538,8.023,16750,23167,0,36,33,33,1273000,34824,29,31,0
1308,0.880,1.800,0.013,2.693,1.848,16750,23167,0,36,33,33,1273000,34824,29,31,0
1309,0.995,0.679,0.020,1.694,3.016,16750,23167,0,36,33,33,1273000,34824,29,31,0
1310,0.833,1.879,0.014,2.727,2.028,16750,23167,0,36,33,33,1273000,34824,29,31,0
1311,0.785,6.691,0.011,7.487,3.032,16750,23167,0,36,33,33,1273000,34824,29,31,0
1312,0.832,6.627,0.015,7.474,7.770,16750,23167,0,36,33,33,1273000,34824,29,31,0
1313,0.880,6.831,0.014,7.725,7.801,16750,23167,0,36,33,33,1273000,34824,29,31,0
1314,0.914,0.599,0.015,1.528,7.995,16750,23167,0,36,33,33,1273000,34824,29,31,0
1315,0.950,1.935,0.019,2.904,1.884,16750,23167,0,36,33,33,1273000,34824,29,31,0
1316,0.897,11.099,0.021,12.017,3.236,16750,23167,0,36,33,33,1273000,34824,29,31,0
1317,0.896,6.734,0.021,7.651,12.360,16750,23167,0,36,33,33,1273000,34824,29,31,0
1318,0.911,6.782,0.019,7.712,7.993,16750,23167,0,36,33,33,1273000,34824,29,31,0
1319,1.058,0.414,0.014,1.487,8.024,16750,23167,0,36,33,33,1273000,34824,29,31,0
1320,21.698,1.065,0.018,22.781,5.676,16644,23067,0,36,33,33,1264944,33984,29,31,0
1321,1.178,1.880,0.024,3.081,22.934,16644,23067,0,36,33,33,1264944,33984,29,31,0
1322,2.077,0.413,0.010,2.500,3.314,16644,23067,0,36,33,33,1264944,33984,29,31,0
1323,0.532,4.620,0.015,5.168,2.648,16644,23067,0,36,33,33,1264944,33984,29,31,0
1324,0.592,8.058,0.019,8.670,5.427,16644,23067,0,36,33,33,1264944,33984,29,31,0
1325,0.558,6.903,0.013,7.473,8.890,16644,23067,0,36,33,33,1264944,33984,29,31,0
1326,0.563,7.537,0.010,8.110,7.620,16644,23067,0,36,33,33,1264944,33984,29,31,0
1327,0.527,0.532,0.011,1.071,8.346,16644,23067,0,36,33,33,1264944,33984,29,31,0
1328,0.536,14.839,0.014,15.388,1.214,16644,23067,0,36,33,33,1264944,33984,29,31,0
1329,0.628,7.142,0.015,7.785,15.547,16644,23067,0,36,33,33,1264944,33984,29,31,0
1330,0.595,0.624,0.011,1.231,7.941,16644,23067,0,36,33,33,1264944,33984,29,31,0
1331,0.611,0.457,0.014,1.082,1.409,16644,23067,0,36,33,33,1264944,33984,29,31,0
1332,0.559,1.488,0.011,2.059,1.237,16644,23067,0,36,33,33,1264944,33984,29,31,0
1333,0.570,2.894,0.010,3.474,2.228,16644,23067,0,36,33,33,1264944,33984,29,31,0
1334,0.545,0.560,0.015,1.120,3.631,16644,23067,0,36,33,33,1264944,33984,29,31,0
1335,0.603,1.675,0.013,2.291,1.285,16644,23067,0,36,33,33,1264944,33984,29,31,0
1336,0.534,3.910,0.015,4.458,2.439,16644,23067,0,36,33,33,1264944,33984,29,31,0
1337,0.588,0.594,0.016,1.198,4.644,16644,23067,0,36,33,33,1264944,33984,29,31,0
1338,0.574,15.247,0.014,15.836,1.352,16644,23067,0,36,33,33,1264944,33984,29,31,0
1339,0.474,7.026,0.010,7.510,15.975,16644,23067,0,36,33,33,1264944,33984,29,31,0
1340,0.437,2.347,0.014,2.798,7.634,16644,23067,0,36,33,33,1264944,33984,29,31,0
1341,0.489,13.224,0.009,13.722,2.922,16644,23067,0,36,33,33,1264944,33984,29,31,0
1342,0.458,7.616,0.023,8.097,13.849,16644,23067,0,36,33,33,1264944,33984,29,31,0
1343,0.622,0.347,0.012,0.981,8.298,16644,23067,0,36,33,33,1264944,33984,29,31,0
1344,0.596,0.250,0.011,0.856,1.162,16644,23067,0,36,33,33,1264944,33984,29,31,0
1345,0.456,0.254,0.007,0.718,0.976,16644,23067,0,36,33,33,1264944,33984,29,31,0
1346,0.462,0.379,0.007,0.848,0.821,16644,23067,0,36,33,33,1264944,33984,29,31,0
1347,0.428,2.672,0.010,3.110,0.954,16644,23067,0,36,33,33,1264944,33984,29,31,0
1348,0.505,0.545,0.008,1.058,3.265,16644,23067,0,36,33,33,1264944,33984,29,31,0
1349,0.405,2.599,0.009,3.014,1.188,16644,23067,0,36,33,33,1264944,33984,29,31,0
1350,0.610,12.967,0.006,13.583,3.212,16644,23067,0,36,33,33,1264944,33984,29,31,0
1351,0.453,7.396,0.006,7.856,13.711,16644,23067,0,36,33,33,1264944,33984,29,31,0
1352,0.459,0.673,0.009,1.141,7.993,16644,23067,0,36,33,33,1264944,33984,29,31,0
1353,0.477,0.278,0.007,0.762,1.268,16644,23067,0,36,33,33,1264944,33984,29,31,0
1354,0.455,0.230,0.006,0.690,0.886,16644,23067,0,36,33,33,1264944,33984,29,31,0
1355,0.440,0.275,0.011,0.726,0.798,16644,23067,0,36,33,33,1264944,33984,29,31,0
1356,0.456,2.229,0.006,2.691,0.844,16644,23067,0,36,33,33,1264944,33984,29,31,0
1357,0.447,1.265,0.005,1.717,2.816,16644,23067,0,36,33,33,1264944,33984,29,31,0
1358,0.453,2.351,0.009,2.812,1.840,16644,23067,0,36,33,33,1264944,33984,29,31,0
1359,0.468,13.478,0.013,13.960,2.936,16644,23067,0,36,33,33,1264944,33984,29,31,0
1360,0.701,7.128,0.011,7.840,14.177,16644,23067,0,36,33,33,1264944,33984,29,31,0
1361,0.709,0.310,0.020,1.039,8.057,16644,23067,0,36,33,33,1264944,33984,29,31,0
1362,0.704,0.379,0.018,1.100,1.233,16644,23067,0,36,33,33,1264944,33984,29,31,0
1363,0.708,0.398,0.012,1.117,1.290,16644,23067,0,36,33,33,1264944,33984,29,31,0
1364,0.711,0.378,0.010,1.099,1.319,16644,23067,0,36,33,33,1264944,33984,29,31,0
1365,0.753,0.381,0.022,1.156,1.302,16644,23067,0,36,33,33,1264944,33984,29,31,0
1366,0.713,9.495,0.010,10.218,1.353,16644,23067,0,36,33,33,1264944,33984,29,31,0
1367,0.712,8.058,0.021,8.791,10.442,16644,23067,0,36,33,33,1264944,33984,29,31,0
1368,0.716,6.605,0.009,7.330,9.010,16644,23067,0,36,33,33,1264944,33984,29,31,0
1369,0.733,0.326,0.010,1.068,7.556,16644,23067,0,36,33,33,1264944,33984,29,31,0
1370,0.692,0.371,0.014,1.078,1.265,16644,23067,0,36,33,33,1264944,33984,29,31,0
1371,0.697,0.303,0.008,1.008,1.273,16644,23067,0,36,33,33,1264944,33984,29,31,0
1372,0.688,0.332,0.010,1.029,1.216,16644,23067,0,36,33,33,1264944,33984,29,31,0
1373,0.740,0.353,0.013,1.105,1.233,16644,23067,0,36,33,33,1264944,33984,29,31,0
1374,0.686,0.349,0.012,1.047,1.298,16644,23067,0,36,33,33,1264944,33984,29,31,0
1375,0.642,2.156,0.010,2.808,1.258,16644,23067,0,36,33,33,1264944,33984,29,31,0
1376,0.653,14.071,0.012,14.736,3.016,16644,23067,0,36,33,33,1264944,33984,29,31,0
1377,0.751,6.955,0.011,7.717,14.939,16644,23067,0,36,33,33,1264944,33984,29,31,0
1378,0.699,0.327,0.021,1.047,7.917,16644,23067,0,36,33,33,1264944,33984,29,31,0
1379,0.695,1.398,0.014,2.106,1.241,16644,23067,0,36,33,33,1264944,33984,29,31,0
1380,0.698,0.559,0.015,1.272,2.318,16644,23067,0,36,33,33,1264944,33984,29,31,0
1381,0.712,1.754,0.013,2.480,1.471,16644,23067,0,36,33,33,1264944,33984,29,31,0
1382,0.704,5.789,0.014,6.508,2.677,16644,23067,0,36,33,33,1264944,33984,29,31,0
1383,0.711,9.956,0.013,10.681,6.725,16644,23067,0,36,33,33,1264944,33984,29,31,0
1384,0.684,7.107,0.011,7.802,10.889,16644,23067,0,36,33,33,1264944,33984,29,31,0
1385,0.787,0.373,0.013,1.173,8.037,16644,23067,0,36,33,33,1264944,33984,29,31,0
1386,0.834,1.368,0.014,2.216,1.415,16644,23067,0,36,33,33,1264944,33984,29,31,0
1387,0.823,0.341,0.016,1.180,2.473,16644,23067,0,36,33,33,1264944,33984,29,31,0
1388,0.801,1.205,0.013,2.018,1.404,16644,23067,0,36,33,33,1264944,33984,29,31,0
1389,0.787,4.892,0.028,5.706,2.243,16644,23067,0,36,33,33,1264944,33984,29,31,0
1390,0.809,10.810,0.012,11.631,5.943,16644,23067,0,36,33,33,1264944,33984,29,31,0
1391,0.781,7.052,0.019,7.852,11.877,16644,23067,0,36,33,33,1264944,33984,29,31,0
1392,0.821,0.339,0.013,1.172,8.095,16644,23067,0,36,33,33,1264944,33984,29,31,0
1393,0.796,1.548,0.016,2.360,1.395,16644,23067,0,36,33,33,1264944,33984,29,31,0
1394,0.873,0.343,0.015,1.231,2.604,16644,23067,0,36,33,33,1264944,33984,29,31,0
1395,0.799,1.483,0.015,2.296,1.467,16644,23067,0,36,33,33,1264944,33984,29,31,0
1396,0.775,5.317,0.013,6.105,2.531,16644,23067,0,36,33,33,1264944,33984,29,31,0
1397,0.779,10.007,0.025,10.811,6.343,16644,23067,0,36,33,33,1264944,33984,29,31,0
1398,0.913,7.100,0.014,8.027,11.097,16644,23067,0,36,33,33,1264944,33984,29,31,0
1399,0.964,0.501,0.012,1.477,8.310,16644,23067,0,36,33,33,1264944,33984,29,31,0
1400,0.929,1.202,0.013,2.145,1.749,16644,23067,0,36,33,33,1264944,33984,29,31,0
1401,0.995,0.398,0.022,1.415,2.435,16644,23067,0,36,33,33,1264944,33984,29,31,0
1402,0.810,1.410,0.014,2.234,1.674,16644,23067,0,36,33,33,1264944,33984,29,31,0
1403,0.804,4.216,0.013,5.034,2.465,16644,23067,0,36,33,33,1264944,33984,29,31,0
1404,0.938,10.334,0.011,11.282,5.311,16644,23067,0,36,33,33,1264944,33984,29,31,0
1405,0.967,6.937,0.014,7.919,11.557,16644,23067,0,36,33,33,1264944,33984,29,31,0
1406,0.937,0.408,0.024,1.368,8.199,16644,23067,0,36,33,33,1264944,33984,29,31,0
1407,0.940,0.425,0.017,1.381,1.638,16644,23067,0,36,33,33,1264944,33984,29,31,0
1408,0.945,0.421,0.017,1.383,1.647,16644,23067,0,36,33,33,1264944,33984,29,31,0
1409,0.922,0.453,0.015,1.390,1.641,16644,23067,0,36,33,33,1264944,33984,29,31,0
1410,0.860,0.368,0.021,1.250,1.666,16644,23067,0,36,33,33,1264944,33984,29,31,0
1411,0.824,4.443,0.016,5.283,1.467,16644,23067,0,36,33,33,1264944,33984,29,31,0
1412,0.813,10.194,0.034,11.041,5.528,16644,23067,0,36,33,33,1264944,33984,29,31,0
1413,0.798,7.289,0.016,8.102,11.306,16644,23067,0,36,33,33,1264944,33984,29,31,0
1414,0.937,0.455,0.012,1.404,8.381,16644,23067,0,36,33,33,1264944,33984,29,31,0
1415,0.865,1.363,0.012,2.241,1.666,16644,23067,0,36,33,33,1264944,33984,29,31,0
1416,0.818,0.461,0.015,1.294,2.485,16644,23067,0,36,33,33,1264944,33984,29,31,0
1417,0.869,1.079,0.015,1.963,1.525,16644,23067,0,36,33,33,1264944,33984,29,31,0
1418,0.836,4.935,0.019,5.789,2.190,16644,23067,0,36,33,33,1264944,33984,29,31,0
1419,0.822,10.054,0.016,10.892,6.025,16644,23067,0,36,33,33,1264944,33984,29,31,0
1420,0.902,6.842,0.013,7.757,11.185,16644,23067,0,36,33,33,1264944,33984,29,31,0
1421,0.923,0.401,0.016,1.339,8.039,16644,23067,0,36,33,33,1264944,33984,29,31,0
1422,0.771,0.381,0.019,1.171,1.586,16644,23067,0,36,33,33,1264944,33984,29,31,0
1423,0.851,0.566,0.015,1.431,1.388,16644,23067,0,36,33,33,1264944,33984,29,31,0
1424,0.843,3.415,0.015,4.274,1.669,16644,23067,0,36,33,33,1264944,33984,29,31,0
1425,0.849,4.949,0.011,5.809,4.491,16644,23067,0,36,33,33,1264944,33984,29,31,0
1426,0.940,8.789,0.012,9.741,6.039,16644,23067,0,36,33,33,1264944,33984,29,31,0
1427,0.934,6.875,0.015,7.823,10.023,16644,23067,0,36,33,33,1264944,33984,29,31,0
1428,0.942,0.420,0.016,1.378,8.108,16644,23067,0,36,33,33,1264944,33984,29,31,0
1429,0.924,0.464,0.017,1.405,1.638,16644,23067,0,36,33,33,1264944,33984,29,31,0
1430,0.964,0.505,0.021,1.489,1.663,16644,23067,0,36,33,33,1264944,33984,29,31,0
1431,0.915,1.746,0.014,2.675,1.762,16644,23067,0,36,33,33,1264944,33984,29,31,0
1432,0.786,3.070,0.022,3.878,2.904,16644,23067,0,36,33,33,1264944,33984,29,31,0
1433,0.902,12.131,0.031,13.064,4.137,16644,23067,0,36,33,33,1264944,33984,29,31,0
1434,0.986,6.673,0.022,7.680,13.348,16644,23067,0,36,33,33,1264944,33984,29,31,0
1435,0.929,0.416,0.020,1.365,7.957,16644,23067,0,36,33,33,1264944,33984,29,31,0
1436,0.962,0.513,0.019,1.494,1.617,16644,23067,0,36,33,33,1264944,33984,29,31,0
1437,0.961,0.499,0.014,1.473,1.751,16644,23067,0,36,33,33,1264944,33984,29,31,0
1438,0.848,0.750,0.015,1.613,1.704,16644,23067,0,36,33,33,1264944,33984,29,31,0
1439,0.807,0.357,0.015,1.179,1.837,16644,23067,0,36,33,33,1264944,33984,29,31,0
1440,0.817,2.407,60.826,64.050,1.400,16644,23067,0,36,33,33,1264944,33984,29,31,0
1441,0.662,0.398,0.014,1.073,64.196,16644,23067,0,36,33,33,1264944,33984,29,31,0
1442,0.602,0.294,0.013,0.909,1.229,16644,23067,0,36,33,33,1264944,33984,29,31,0
1443,0.510,3.492,0.011,4.013,1.050,16644,23067,0,36,33,33,1264944,33984,29,31,0
1444,0.539,11.557,0.012,12.108,4.177,16644,23067,0,36,33,33,1264944,33984,29,31,0
1445,0.605,7.447,0.012,8.064,12.265,16644,23067,0,36,33,33,1264944,33984,29,31,0
1446,0.616,0.562,0.014,1.192,8.236,16644,23067,0,36,33,33,1264944,33984,29,31,0
1447,0.588,0.315,0.011,0.914,1.343,16644,23067,0,36,33,33,1264944,33984,29,31,0
1448,0.590,0.331,0.014,0.934,1.068,16644,23067,0,36,33,33,1264944,33984,29,31,0
1449,0.581,0.358,0.012,0.951,1.067,16644,23067,0,36,33,33,1264944,33984,29,31,0
1450,0.595,3.111,0.011,3.717,1.102,16644,23067,0,36,33,33,1264944,33984,29,31,0
1451,0.568,3.412,0.018,3.998,3.888,16644,23067,0,36,33,33,1264944,33984,29,31,0
1452,0.624,12.050,0.010,12.684,4.186,16644,23067,0,36,33,33,1264944,33984,29,31,0
1453,0.591,7.158,0.007,7.756,12.871,16644,23067,0,36,33,33,1264944,33984,29,31,0
1454,0.575,0.837,0.017,1.428,7.923,16644,23067,0,36,33,33,1264944,33984,29,31,0
1455,0.637,0.321,0.012,0.971,1.591,16644,23067,0,36,33,33,1264944,33984,29,31,0
1456,0.620,0.270,0.013,0.904,1.137,16644,23067,0,36,33,33,1264944,33984,29,31,0
1457,0.620,0.396,0.015,1.031,1.063,16644,23067,0,36,33,33,1264944,33984,29,31,0
1458,0.626,2.365,0.009,3.000,1.207,16644,23067,0,36,33,33,1264944,33984,29,31,0
1459,0.593,3.267,0.011,3.872,3.171,16644,23067,0,36,33,33,1264944,33984,29,31,0
1460,0.636,12.400,0.011,13.047,4.045,16644,23067,0,36,33,33,1264944,33984,29,31,0
1461,0.630,7.196,0.012,7.838,13.237,16644,23067,0,36,33,33,1264944,33984,29,31,0
1462,0.650,0.428,0.012,1.090,8.029,16644,23067,0,36,33,33,1264944,33984,29,31,0
1463,0.651,0.352,0.011,1.013,1.264,16644,23067,0,36,33,33,1264944,33984,29,31,0
1464,0.659,0.344,0.010,1.013,1.195,16644,23067,0,36,33,33,1264944,33984,29,31,0
1465,0.679,0.328,0.015,1.022,1.184,16644,23067,0,36,33,33,1264944,33984,29,31,0
1466,0.640,11.242,0.014,11.895,1.184,16644,23067,0,36,33,33,1264944,33984,29,31,0
1467,0.660,8.020,0.013,8.693,12.090,16644,23067,0,36,33,33,1264944,33984,29,31,0
1468,0.664,6.546,0.010,7.220,8.885,16644,23067,0,36,33,33,1264944,33984,29,31,0
1469,0.710,0.320,0.016,1.046,7.430,16644,23067,0,36,33,33,1264944,33984,29,31,0
1470,0.729,0.394,0.026,1.149,1.234,16644,23067,0,36,33,33,1264944,33984,29,31,0
1471,0.687,0.350,0.010,1.047,1.350,16644,23067,0,36,33,33,1264944,33984,29,31,0
1472,0.662,1.847,0.012,2.520,1.236,16644,23067,0,36,33,33,1264944,33984,29,31,0
1473,0.681,0.640,0.012,1.333,2.711,16644,23067,0,36,33,33,1264944,33984,29,31,0
1474,0.611,3.337,0.008,3.956,1.511,16644,23067,0,36,33,33,1264944,33984,29,31,0
1475,0.665,12.433,0.013,13.111,4.142,16644,23067,0,36,33,33,1264944,33984,29,31,0
1476,0.704,6.988,0.012,7.704,13.316,16644,23067,0,36,33,33,1264944,33984,29,31,0
1477,0.712,0.426,0.015,1.152,7.916,16644,23067,0,36,33,33,1264944,33984,29,31,0
1478,0.756,0.349,0.011,1.116,1.343,16644,23067,0,36,33,33,1264944,33984,29,31,0
1479,0.699,0.339,0.012,1.050,1.321,16644,23067,0,36,33,33,1264944,33984,29,31,0
1480,0.749,0.413,0.009,1.171,1.246,16644,23067,0,36,33,33,1264944,33984,29,31,0
1481,0.715,10.835,0.018,11.568,1.353,16644,23067,0,36,33,33,1264944,33984,29,31,0
1482,0.738,7.938,0.012,8.688,11.779,16644,23067,0,36,33,33,1264944,33984,29,31,0
1483,0.716,6.491,0.026,7.233,8.898,16644,23067,0,36,33,33,1264944,33984,29,31,0
1484,0.794,0.324,0.024,1.142,7.463,16644,23067,0,36,33,33,1264944,33984,29,31,0
1485,0.746,0.367,0.009,1.123,1.362,16644,23067,0,36,33,33,1264944,33984,29,31,0
1486,0.688,0.332,0.013,1.034,1.340,16644,23067,0,36,33,33,1264944,33984,29,31,0
1487,0.909,0.451,0.017,1.377,1.226,16644,23067,0,36,33,33,1264944,33984,29,31,0
1488,0.745,10.572,0.013,11.331,1.566,16644,23067,0,36,33,33,1264944,33984,29,31,0
1489,0.731,7.816,0.023,8.570,11.535,16644,23067,0,36,33,33,1264944,33984,29,31,0
1490,0.755,6.512,0.014,7.280,8.776,16644,23067,0,36,33,33,1264944,33984,29,31,0
1491,0.824,0.357,0.017,1.197,7.517,16644,23067,0,36,33,33,1264944,33984,29,31,0
1492,0.810,0.648,0.020,1.478,1.432,16644,23067,0,36,33,33,1264944,33984,29,31,0
1493,0.721,0.362,0.010,1.093,1.698,16644,23067,0,36,33,33,1264944,33984,29,31,0
1494,0.731,2.682,0.009,3.421,1.287,16644,23067,0,36,33,33,1264944,33984,29,31,0
1495,0.707,3.335,0.015,4.056,3.631,16644,23067,0,36,33,33,1264944,33984,29,31,0
1496,0.717,12.206,0.013,12.936,4.266,16644,23067,0,36,33,33,1264944,33984,29,31,0
1497,0.852,6.737,0.013,7.602,13.171,16644,23067,0,36,33,33,1264944,33984,29,31,0
1498,0.792,0.400,0.013,1.206,7.827,16644,23067,0,36,33,33,1264944,33984,29,31,0
1499,0.842,0.400,0.012,1.254,1.431,16644,23067,0,36,33,33,1264944,33984,29,31,0
1500,21.147,1.198,0.015,22.359,5.689,16644,23067,0,36,33,33,1264944,33984,29,31,0
1501,1.746,0.284,0.011,2.041,22.516,16644,23067,0,36,33,33,1264944,33984,29,31,0
1502,3.500,0.561,0.011,4.073,2.179,16644,23067,0,36,33,33,1264944,33984,29,31,0
1503,0.451,6.639,0.009,7.100,4.209,16644,23067,0,36,33,33,1264944,33984,29,31,0
1504,0.422,7.673,0.008,8.104,7.242,16644,23067,0,36,33,33,1264944,33984,29,31,0
1505,0.451,7.360,0.009,7.820,8.243,16644,23067,0,36,33,33,1264944,33984,29,31,0
1506,0.478,7.582,0.007,8.068,7.949,16644,23067,0,36,33,33,1264944,33984,29,31,0
1507,0.505,0.653,0.010,1.167,8.204,16644,23067,0,36,33,33,1264944,33984,29,31,0
1508,0.501,0.254,0.009,0.765,1.306,16644,23067,0,36,33,33,1264944,33984,29,31,0
1509,0.494,0.405,0.009,0.908,0.892,16644,23067,0,36,33,33,1264944,33984,29,31,0
1510,0.459,2.922,0.009,3.390,1.037,16644,23067,0,36,33,33,1264944,33984,29,31,0
1511,0.487,1.112,0.010,1.609,3.526,16644,23067,0,36,33,33,1264944,33984,29,31,0
1512,0.463,2.723,0.009,3.194,1.747,16644,23067,0,36,33,33,1264944,33984,29,31,0
1513,0.473,13.135,0.010,13.619,3.328,16644,23067,0,36,33,33,1264944,33984,29,31,0
1514,0.488,7.369,0.006,7.864,13.760,16644,23067,0,36,33,33,1264944,33984,29,31,0
1515,0.505,0.609,0.009,1.123,8.021,16644,23067,0,36,33,33,1264944,33984,29,31,0
1516,0.528,0.279,0.015,0.822,1.267,16644,23067,0,36,33,33,1264944,33984,29,31,0
1517,0.520,0.234,0.009,0.763,0.961,16644,23067,0,36,33,33,1264944,33984,29,31,0
1518,0.499,1.073,0.007,1.579,0.890,16644,23067,0,36,33,33,1264944,33984,29,31,0
1519,0.541,2.760,0.014,3.315,1.724,16644,23067,0,36,33,33,1264944,33984,29,31,0
1520,0.597,1.450,0.018,2.065,3.468,16644,23067,0,36,33,33,1264944,33984,29,31,0
1521,0.640,14.366,0.012,15.018,2.250,16644,23067,0,36,33,33,1264944,33984,29,31,0
1522,0.637,6.754,0.008,7.398,15.198,16644,23067,0,36,33,33,1264944,33984,29,31,0
1523,0.587,0.417,0.008,1.012,7.579,16644,23067,0,36,33,33,1264944,33984,29,31,0
1524,0.617,0.336,0.019,0.972,1.169,16644,23067,0,36,33,33,1264944,33984,29,31,0
1525,0.635,0.316,0.012,0.964,1.159,16644,23067,0,36,33,33,1264944,33984,29,31,0
1526,0.602,0.313,0.011,0.926,1.121,16644,23067,0,36,33,33,1264944,33984,29,31,0
1527,0.606,3.100,0.009,3.715,1.066,16644,23067,0,36,33,33,1264944,33984,29,31,0
1528,0.543,2.961,0.010,3.515,3.881,16644,23067,0,36,33,33,1264944,33984,29,31,0
1529,0.567,12.616,0.010,13.194,3.677,16644,23067,0,36,33,33,1264944,33984,29,31,0
1530,0.608,7.226,0.013,7.847,13.359,16644,23067,0,36,33,33,1264944,33984,29,31,0
1531,0.648,0.336,0.013,0.996,8.044,16644,23067,0,36,33,33,1264944,33984,29,31,0
1532,0.671,0.335,0.012,1.018,1.173,16644,23067,0,36,33,33,1264944,33984,29,31,0
1533,0.647,0.339,0.009,0.995,1.193,16644,23067,0,36,33,33,1264944,33984,29,31,0
1534,0.586,0.313,0.013,0.913,1.152,16644,23067,0,36,33,33,1264944,33984,29,31,0
1535,0.657,0.363,0.016,1.036,1.077,16644,23067,0,36,33,33,1264944,33984,29,31,0
1536,0.606,1.729,0.013,2.349,1.194,16644,23067,0,36,33,33,1264944,33984,29,31,0
1537,0.602,3.193,0.010,3.805,2.503,16644,23067,0,36,33,33,1264944,33984,29,31,0
1538,0.608,12.333,0.012,12.952,3.983,16644,23067,0,36,33,33,1264944,33984,29,31,0
1539,0.684,7.101,0.011,7.797,13.139,16644,23067,0,36,33,33,1264944,33984,29,31,0
1540,0.615,0.627,0.008,1.250,7.989,16644,23067,0,36,33,33,1264944,33984,29,31,0
1541,0.630,0.326,0.015,0.970,1.431,16644,23067,0,36,33,33,1264944,33984,29,31,0
1542,0.638,0.281,0.014,0.933,1.137,16644,23067,0,36,33,33,1264944,33984,29,31,0
1543,0.613,0.386,0.015,1.013,1.112,16644,23067,0,36,33,33,1264944,33984,29,31,0
1544,0.689,0.349,0.011,1.049,1.196,16644,23067,0,36,33,33,1264944,33984,29,31,0
1545,0.660,1.207,0.011,1.879,1.222,16644,23067,0,36,33,33,1264944,33984,29,31,0
1546,0.633,3.072,0.011,3.716,2.048,16644,23067,0,36,33,33,1264944,33984,29,31,0
1547,0.631,12.386,0.009,13.026,3.891,16644,23067,0,36,33,33,1264944,33984,29,31,0
1548,0.620,7.133,0.009,7.762,13.223,16644,23067,0,36,33,33,1264944,33984,29,31,0
1549,0.617,0.410,0.012,1.039,7.948,16644,23067,0,36,33,33,1264944,33984,29,31,0
1550,0.648,0.322,0.014,0.983,1.233,16644,23067,0,36,33,33,1264944,33984,29,31,0
1551,0.633,0.375,0.012,1.019,1.155,16644,23067,0,36,33,33,1264944,33984,29,31,0
1552,0.666,0.341,0.024,1.030,1.210,16644,23067,0,36,33,33,1264944,33984,29,31,0
1553,0.630,0.339,0.010,0.978,1.203,16644,23067,0,36,33,33,1264944,33984,29,31,0
1554,0.655,3.422,0.007,4.083,1.142,16644,23067,0,36,33,33,1264944,33984,29,31,0
1555,0.631,14.297,0.011,14.940,4.273,16644,23067,0,36,33,33,1264944,33984,29,31,0
1556,0.617,7.228,0.012,7.858,15.138,16644,23067,0,36,33,33,1264944,33984,29,31,0
1557,0.690,0.295,0.013,0.998,8.065,16644,23067,0,36,33,33,1264944,33984,29,31,0
1558,0.703,0.339,0.008,1.051,1.195,16644,23067,0,36,33,33,1264944,33984,29,31,0
1559,0.701,0.378,0.022,1.102,1.247,16644,23067,0,36,33,33,1264944,33984,29,31,0
1560,0.643,0.451,0.008,1.101,1.279,16644,23067,0,36,33,33,1264944,33984,29,31,0
1561,0.634,2.709,0.018,3.361,1.279,16644,23067,0,36,33,33,1264944,33984,29,31,0
1562,0.626,2.996,0.008,3.630,3.562,16644,23067,0,36,33,33,1264944,33984,29,31,0
1563,0.641,12.066,0.011,12.718,3.811,16644,23067,0,36,33,33,1264944,33984,29,31,0
1564,0.692,7.142,0.013,7.847,12.919,16644,23067,0,36,33,33,1264944,33984,29,31,0
1565,0.678,0.637,0.011,1.326,8.043,16644,23067,0,36,33,33,1264944,33984,29,31,0
1566,0.716,0.353,0.020,1.088,1.527,16644,23067,0,36,33,33,1264944,33984,29,31,0
1567,0.724,0.348,0.010,1.082,1.279,16644,23067,0,36,33,33,1264944,33984,29,31,0
1568,0.704,0.391,0.012,1.107,1.275,16644,23067,0,36,33,33,1264944,33984,29,31,0
1569,0.690,10.674,0.023,11.386,1.303,16644,23067,0,36,33,33,1264944,33984,29,31,0
1570,0.697,7.478,0.011,8.186,11.593,16644,23067,0,36,33,33,1264944,33984,29,31,0
1571,0.689,7.355,0.014,8.059,8.383,16644,23067,0,36,33,33,1264944,33984,29,31,0
1572,0.781,0.709,0.016,1.505,8.292,16644,23067,0,36,33,33,1264944,33984,29,31,0
1573,0.855,0.394,0.017,1.266,1.737,16644,23067,0,36,33,33,1264944,33984,29,31,0
1574,0.785,0.347,0.011,1.143,1.489,16644,23067,0,36,33,33,1264944,33984,29,31,0
1575,0.743,0.368,0.014,1.125,1.335,16644,23067,0,36,33,33,1264944,33984,29,31,0
1576,0.718,1.005,0.013,1.737,1.309,16644,23067,0,36,33,33,1264944,33984,29,31,0
1577,0.667,3.029,0.014,3.710,1.929,16644,23067,0,36,33,33,1264944,33984,29,31,0
1578,0.726,12.354,0.020,13.100,3.924,16644,23067,0,36,33,33,1264944,33984,29,31,0
1579,0.782,6.998,0.011,7.791,13.345,16644,23067,0,36,33,33,1264944,33984,29,31,0
1580,0.794,0.346,0.013,1.153,8.036,16644,23067,0,36,33,33,1264944,33984,29,31,0
1581,0.802,0.753,0.012,1.567,1.380,16644,23067,0,36,33,33,1264944,33984,29,31,0
1582,0.823,0.451,0.013,1.286,1.788,16644,23067,0,36,33,33,1264944,33984,29,31,0
1583,0.873,0.695,0.019,1.587,1.528,16644,23067,0,36,33,33,1264944,33984,29,31,0
1584,0.824,0.552,0.021,1.398,1.812,16644,23067,0,36,33,33,1264944,33984,29,31,0
1585,0.811,2.690,0.016,3.517,1.623,16644,23067,0,36,33,33,1264944,33984,29,31,0
1586,0.815,12.379,0.014,13.208,3.757,16644,23067,0,36,33,33,1264944,33984,29,31,0
1587,0.797,6.906,0.009,7.712,13.455,16644,23067,0,36,33,33,1264944,33984,29,31,0
1588,0.797,0.371,0.011,1.179,7.948,16644,23067,0,36,33,33,1264944,33984,29,31,0
1589,0.927,0.702,0.016,1.646,1.440,16644,23067,0,36,33,33,1264944,33984,29,31,0
1590,0.819,0.430,0.014,1.263,1.872,16644,23067,0,36,33,33,1264944,33984,29,31,0
1591,0.846,0.431,0.018,1.295,1.489,16644,23067,0,36,33,33,1264944,33984,29,31,0
1592,0.818,0.699,0.015,1.532,1.516,16644,23067,0,36,33,33,1264944,33984,29,31,0
1593,0.805,2.917,0.011,3.733,1.737,16644,23067,0,36,33,33,1264944,33984,29,31,0
1594,0.827,12.317,0.011,13.155,3.978,16644,23067,0,36,33,33,1264944,33984,29,31,0
1595,0.798,7.026,0.014,7.837,13.401,16644,23067,0,36,33,33,1264944,33984,29,31,0
1596,0.803,0.365,0.016,1.184,8.089,16644,23067,0,36,33,33,1264944,33984,29,31,0
1597,0.783,0.441,0.021,1.245,1.402,16644,23067,0,36,33,33,1264944,33984,29,31,0
1598,0.819,0.643,0.024,1.487,1.468,16644,23067,0,36,33,33,1264944,33984,29,31,0
1599,1.001,1.395,0.019,2.415,1.738,16644,23067,0,36,33,33,1264944,33984,29,31,0
1600,0.837,0.384,0.022,1.243,2.675,16644,23067,0,36,33,33,1264944,33984,29,31,0
1601,0.798,2.050,0.015,2.863,1.461,16644,23067,0,36,33,33,1264944,33984,29,31,0
1602,0.811,12.334,0.014,13.159,3.123,16644,23067,0,36,33,33,1264944,33984,29,31,0
1603,0.814,6.830,0.012,7.656,13.394,16644,23067,0,36,33,33,1264944,33984,29,31,0
1604,0.806,0.356,0.017,1.179,7.885,16644,23067,0,36,33,33,1264944,33984,29,31,0
1605,0.789,0.593,0.019,1.401,1.407,16644,23067,0,36,33,33,1264944,33984,29,31,0
1606,0.934,0.579,0.053,1.566,1.630,16644,23067,0,36,33,33,1264944,33984,29,31,0
1607,0.886,2.345,0.017,3.248,1.793,16644,23067,0,36,33,33,1264944,33984,29,31,0
1608,0.812,3.350,0.011,4.172,3.499,16644,23067,0,36,33,33,1264944,33984,29,31,0
1609,0.835,11.671,0.017,12.523,4.408,16644,23067,0,36,33,33,1264944,33984,29,31,0
1610,0.797,6.981,0.017,7.795,12.777,16644,23067,0,36,33,33,1264944,33984,29,31,0
1611,0.795,0.363,0.021,1.179,8.047,16644,23067,0,36,33,33,1264944,33984,29,31,0
1612,0.924,0.454,0.014,1.392,1.425,16644,23067,0,36,33,33,1264944,33984,29,31,0
1613,0.840,0.431,0.012,1.283,1.652,16644,23067,0,36,33,33,1264944,33984,29,31,0
1614,0.852,2.551,0.012,3.414,1.518,16644,23067,0,36,33,33,1264944,33984,29,31,0
1615,0.802,3.051,0.016,3.869,3.640,16644,23067,0,36,33,33,1264944,33984,29,31,0
1616,0.837,12.371,0.013,13.222,4.157,16644,23067,0,36,33,33,1264944,33984,29,31,0
1617,0.824,6.479,0.011,7.314,13.450,16644,23067,0,36,33,33,1264944,33984,29,31,0
1618,0.917,0.408,0.014,1.338,7.598,16644,23067,0,36,33,33,1264944,33984,29,31,0
1619,0.922,0.433,0.013,1.368,1.586,16644,23067,0,36,33,33,1264944,33984,29,31,0
1620,0.806,1.986,109.378,112.169,1.593,16644,23067,0,36,33,33,1264944,33984,29,31,0
1621,0.483,0.307,0.009,0.799,112.298,16644,23067,0,36,33,33,1264944,33984,29,31,0
1622,0.454,7.628,0.008,8.090,0.917,16644,23067,0,36,33,33,1264944,33984,29,31,0
1623,0.479,7.563,0.006,8.048,8.237,16644,23067,0,36,33,33,1264944,33984,29,31,0
1624,0.464,0.781,0.011,1.256,8.179,16644,23067,0,36,33,33,1264944,33984,29,31,0
1625,0.481,0.267,0.010,0.757,1.393,16644,23067,0,36,33,33,1264944,33984,29,31,0
1626,0.448,5.354,0.009,5.812,0.864,16644,23067,0,36,33,33,1264944,33984,29,31,0
1627,0.454,4.218,0.013,4.685,5.951,16644,23067,0,36,33,33,1264944,33984,29,31,0
1628,0.498,11.707,0.009,12.213,4.835,16644,23067,0,36,33,33,1264944,33984,29,31,0
1629,0.504,7.407,0.011,7.922,12.366,16644,23067,0,36,33,33,1264944,33984,29,31,0
1630,0.519,0.514,0.011,1.045,8.081,16644,23067,0,36,33,33,1264944,33984,29,31,0
1631,0.521,0.298,0.011,0.830,1.183,16644,23067,0,36,33,33,1264944,33984,29,31,0
1632,0.527,0.282,0.009,0.818,0.971,16644,23067,0,36,33,33,1264944,33984,29,31,0
1633,0.512,3.049,0.011,3.572,0.950,16644,23067,0,36,33,33,1264944,33984,29,31,0
1634,0.515,0.475,0.010,1.000,3.726,16644,23067,0,36,33,33,1264944,33984,29,31,0
1635,0.495,3.492,0.007,3.993,1.141,16644,23067,0,36,33,33,1264944,33984,29,31,0
1636,0.549,12.381,0.008,12.938,4.154,16644,23067,0,36,33,33,1264944,33984,29,31,0
1637,0.548,7.367,0.008,7.923,13.091,16644,23067,0,36,33,33,1264944,33984,29,31,0
1638,0.562,0.552,0.010,1.124,8.085,16644,23067,0,36,33,33,1264944,33984,29,31,0
1639,0.565,0.334,0.011,0.910,1.281,16644,23067,0,36,33,33,1264944,33984,29,31,0
1640,0.556,0.362,0.014,0.932,1.052,16644,23067,0,36,33,33,1264944,33984,29,31,0
1641,0.551,3.061,0.011,3.623,1.080,16644,23067,0,36,33,33,1264944,33984,29,31,0
1642,0.542,0.311,0.009,0.862,3.785,16644,23067,0,36,33,33,1264944,33984,29,31,0
1643,0.563,3.449,0.011,4.024,1.043,16644,23067,0,36,33,33,1264944,33984,29,31,0
1644,0.550,12.223,0.012,12.785,4.148,16644,23067,0,36,33,33,1264944,33984,29,31,0
1645,0.591,7.226,0.012,7.829,12.934,16644,23067,0,36,33,33,1264944,33984,29,31,0
1646,0.596,0.682,0.011,1.290,7.970,16644,23067,0,36,33,33,1264944,33984,29,31,0
1647,0.603,0.315,0.011,0.929,1.412,16644,23067,0,36,33,33,1264944,33984,29,31,0
1648,0.597,0.295,0.011,0.904,1.055,16644,23067,0,36,33,33,1264944,33984,29,31,0
1649,0.573,0.312,0.010,0.895,1.013,16644,23067,0,36,33,33,1264944,33984,29,31,0
1650,0.609,2.885,0.009,3.504,1.012,16644,23067,0,36,33,33,1264944,33984,29,31,0
1651,0.580,3.352,0.015,3.947,3.636,16644,23067,0,36,33,33,1264944,33984,29,31,0
1652,0.598,12.524,0.009,13.131,4.088,16644,23067,0,36,33,33,1264944,33984,29,31,0
1653,0.617,7.362,0.010,7.989,13.269,16644,23067,0,36,33,33,1264944,33984,29,31,0
1654,0.639,0.826,0.010,1.475,8.134,16644,23067,0,36,33,33,1264944,33984,29,31,0
1655,0.656,0.351,0.011,1.018,1.619,16644,23067,0,36,33,33,1264944,33984,29,31,0
1656,0.634,0.284,0.009,0.927,1.152,16644,23067,0,36,33,33,1264944,33984,29,31,0
1657,0.643,0.477,0.012,1.132,1.062,16644,23067,0,36,33,33,1264944,33984,29,31,0
1658,0.653,2.227,0.009,2.889,1.273,16644,23067,0,36,33,33,1264944,33984,29,31,0
1659,0.639,3.041,0.008,3.688,3.035,16644,23067,0,36,33,33,1264944,33984,29,31,0
1660,0.681,12.218,0.011,12.910,3.833,16644,23067,0,36,33,33,1264944,33984,29,31,0
1661,0.643,7.208,0.012,7.862,13.055,16644,23067,0,36,33,33,1264944,33984,29,31,0
1662,0.690,0.360,0.014,1.064,8.033,16644,23067,0,36,33,33,1264944,33984,29,31,0
1663,0.721,0.357,0.013,1.091,1.217,16644,23067,0,36,33,33,1264944,33984,29,31,0
1664,0.675,0.400,0.009,1.084,1.256,16644,23067,0,36,33,33,1264944,33984,29,31,0
1665,0.639,0.412,0.013,1.064,1.221,16644,23067,0,36,33,33,1264944,33984,29,31,0
1666,0.720,2.445,0.013,3.177,1.211,16644,23067,0,36,33,33,1264944,33984,29,31,0
1667,0.631,2.958,0.010,3.600,3.323,16644,23067,0,36,33,33,1264944,33984,29,31,0
1668,0.636,12.617,0.012,13.265,3.747,16644,23067,0,36,33,33,1264944,33984,29,31,0
1669,0.713,7.158,0.012,7.883,13.420,16644,23067,0,36,33,33,1264944,33984,29,31,0
1670,0.704,0.591,0.014,1.309,8.034,16644,23067,0,36,33,33,1264944,33984,29,31,0
1671,0.719,0.407,0.027,1.153,1.462,16644,23067,0,36,33,33,1264944,33984,29,31,0
1672,0.741,0.356,0.016,1.113,1.311,16644,23067,0,36,33,33,1264944,33984,29,31,0
1673,0.759,0.364,0.014,1.137,1.262,16644,23067,0,36,33,33,1264944,33984,29,31,0
1674,0.712,10.569,0.011,11.292,1.274,16644,23067,0,36,33,33,1264944,33984,29,31,0
1675,0.720,7.621,0.012,8.353,11.463,16644,23067,0,36,33,33,1264944,33984,29,31,0
1676,0.693,7.496,0.012,8.201,8.523,16644,23067,0,36,33,33,1264944,33984,29,31,0
1677,0.812,0.687,0.015,1.515,8.386,16644,23067,0,36,33,33,1264944,33984,29,31,0
1678,0.830,0.419,0.020,1.269,1.690,16644,23067,0,36,33,33,1264944,33984,29,31,0
1679,0.823,0.375,0.012,1.210,1.443,16644,23067,0,36,33,33,1264944,33984,29,31,0
1680,18.936,1.172,0.011,20.119,5.303,16644,23067,0,36,33,33,1264944,33984,29,31,0
1681,6.218,0.459,0.012,6.689,20.225,16644,23067,0,36,33,33,1264944,33984,29,31,0
1682,1.285,7.981,0.010,9.276,6.792,16644,23067,0,36,33,33,1264944,33984,29,31,0
1683,0.477,7.654,0.008,8.140,9.402,16644,23067,0,36,33,33,1264944,33984,29,31,0
1684,0.454,7.961,0.007,8.422,8.250,16644,23067,0,36,33,33,1264944,33984,29,31,0
1685,0.454,7.233,0.008,7.695,8.527,16644,23067,0,36,33,33,1264944,33984,29,31,0
1686,0.495,7.862,0.008,8.365,7.802,16644,23067,0,36,33,33,1264944,33984,29,31,0
1687,0.489,3.064,0.022,3.575,8.479,16644,23067,0,36,33,33,1264944,33984,29,31,0
1688,0.513,13.005,0.010,13.529,3.682,16644,23067,0,36,33,33,1264944,33984,29,31,0
1689,0.570,7.322,0.010,7.902,13.648,16644,23067,0,36,33,33,1264944,33984,29,31,0
1690,0.572,0.626,0.014,1.211,8.034,16644,23067,0,36,33,33,1264944,33984,29,31,0
1691,0.577,0.346,0.009,0.931,1.332,16644,23067,0,36,33,33,1264944,33984,29,31,0
1692,0.557,0.281,0.010,0.848,1.051,16644,23067,0,36,33,33,1264944,33984,29,31,0
1693,0.543,0.339,0.013,0.895,0.950,16644,23067,0,36,33,33,1264944,33984,29,31,0
1694,0.601,3.221,0.011,3.834,1.010,16644,23067,0,36,33,33,1264944,33984,29,31,0
1695,0.559,4.157,0.010,4.726,3.982,16644,23067,0,36,33,33,1264944,33984,29,31,0
1696,0.568,11.435,0.014,12.017,4.854,16644,23067,0,36,33,33,1264944,33984,29,31,0
1697,0.624,7.110,0.008,7.742,12.149,16644,23067,0,36,33,33,1264944,33984,29,31,0
1698,0.586,0.530,0.011,1.127,7.872,16644,23067,0,36,33,33,1264944,33984,29,31,0
1699,0.601,0.319,0.007,0.927,1.256,16644,23067,0,36,33,33,1264944,33984,29,31,0
1700,0.592,0.311,0.011,0.914,1.050,16644,23067,0,36,33,33,1264944,33984,29,31,0
1701,0.576,1.520,0.012,2.107,1.024,16644,23067,0,36,33,33,1264944,33984,29,31,0
1702,0.583,3.524,0.009,4.116,2.242,16644,23067,0,36,33,33,1264944,33984,29,31,0
1703,0.571,14.796,0.011,15.378,4.246,16644,23067,0,36,33,33,1264944,33984,29,31,0
1704,0.629,7.342,0.013,7.985,15.522,16644,23067,0,36,33,33,1264944,33984,29,31,0
1705,0.677,0.423,0.011,1.111,8.145,16644,23067,0,36,33,33,1264944,33984,29,31,0
1706,0.646,0.334,0.012,0.992,1.244,16644,23067,0,36,33,33,1264944,33984,29,31,0
1707,0.656,0.311,0.013,0.980,1.128,16644,23067,0,36,33,33,1264944,33984,29,31,0
1708,0.642,0.344,0.012,0.998,1.099,16644,23067,0,36,33,33,1264944,33984,29,31,0
1709,0.614,11.899,0.017,12.531,1.128,16644,23067,0,36,33,33,1264944,33984,29,31,0
1710,0.652,7.306,0.014,7.971,12.664,16644,23067,0,36,33,33,1264944,33984,29,31,0
1711,0.615,7.314,0.019,7.948,8.123,16644,23067,0,36,33,33,1264944,33984,29,31,0
1712,0.689,0.434,0.017,1.139,8.110,16644,23067,0,36,33,33,1264944,33984,29,31,0
1713,0.676,0.374,0.015,1.065,1.285,16644,23067,0,36,33,33,1264944,33984,29,31,0
1714,0.656,0.332,0.015,1.003,1.203,16644,23067,0,36,33,33,1264944,33984,29,31,0
1715,0.656,0.363,0.014,1.033,1.122,16644,23067,0,36,33,33,1264944,33984,29,31,0
1716,0.685,2.262,0.011,2.958,1.167,16644,23067,0,36,33,33,1264944,33984,29,31,0
1717,0.641,3.464,0.012,4.116,3.092,16644,23067,0,36,33,33,1264944,33984,29,31,0
1718,0.677,12.203,0.009,12.889,4.260,16644,23067,0,36,33,33,1264944,33984,29,31,0
1719,0.712,7.036,0.013,7.762,13.058,16644,23067,0,36,33,33,1264944,33984,29,31,0
1720,0.704,0.376,0.014,1.094,7.920,16644,23067,0,36,33,33,1264944,33984,29,31,0
1721,0.719,0.384,0.014,1.117,1.244,16644,23067,0,36,33,33,1264944,33984,29,31,0
1722,0.685,0.452,0.034,1.170,1.273,16644,23067,0,36,33,33,1264944,33984,29,31,0
1723,0.760,2.194,0.012,2.966,1.327,16644,23067,0,36,33,33,1264944,33984,29,31,0
1724,0.746,0.335,0.012,1.093,3.133,16644,23067,0,36,33,33,1264944,33984,29,31,0
1725,0.693,3.014,0.009,3.716,1.238,16644,23067,0,36,33,33,1264944,33984,29,31,0
1726,0.668,12.421,0.013,13.102,3.885,16644,23067,0,36,33,33,1264944,33984,29,31,0
1727,0.691,7.201,0.013,7.906,13.275,16644,23067,0,36,33,33,1264944,33984,29,31,0
1728,0.687,0.433,0.014,1.133,8.070,16644,23067,0,36,33,33,1264944,33984,29,31,0
1729,0.720,0.369,0.012,1.101,1.280,16644,23067,0,36,33,33,1264944,33984,29,31,0
1730,0.726,0.358,0.016,1.100,1.253,16644,23067,0,36,33,33,1264944,33984,29,31,0
1731,0.815,0.585,0.026,1.426,1.238,16644,23067,0,36,33,33,1264944,33984,29,31,0
1732,0.803,0.519,0.021,1.344,1.601,16644,23067,0,36,33,33,1264944,33984,29,31,0
1733,0.701,4.583,0.009,5.294,1.507,16644,23067,0,36,33,33,1264944,33984,29,31,0
1734,0.643,12.386,0.014,13.043,5.425,16644,23067,0,36,33,33,1264944,33984,29,31,0
1735,0.748,6.896,0.014,7.658,13.215,16644,23067,0,36,33,33,1264944,33984,29,31,0
1736,0.730,0.385,0.013,1.129,7.822,16644,23067,0,36,33,33,1264944,33984,29,31,0
1737,0.729,0.382,0.011,1.121,1.288,16644,23067,0,36,33,33,1264944,33984,29,31,0
1738,0.707,0.366,0.016,1.088,1.272,16644,23067,0,36,33,33,1264944,33984,29,31,0
1739,0.725,2.314,0.018,3.057,1.240,16644,23067,0,36,33,33,1264944,33984,29,31,0
1740,0.776,0.351,0.014,1.141,3.209,16644,23067,0,36,33,33,1264944,33984,29,31,0
1741,0.663,3.128,0.011,3.802,1.291,16644,23067,0,36,33,33,1264944,33984,29,31,0
1742,0.658,12.196,0.013,12.867,3.952,16644,23067,0,36,33,33,1264944,33984,29,31,0
1743,0.710,7.119,0.023,7.851,13.027,16644,23067,0,36,33,33,1264944,33984,29,31,0
1744,0.701,0.303,0.014,1.018,8.009,16644,23067,0,36,33,33,1264944,33984,29,31,0
1745,0.693,0.382,0.013,1.088,1.164,16644,23067,0,36,33,33,1264944,33984,29,31,0
1746,0.720,0.358,0.012,1.089,1.255,16644,23067,0,36,33,33,1264944,33984,29,31,0
1747,0.743,0.393,0.014,1.150,1.228,16644,23067,0,36,33,33,1264944,33984,29,31,0
1748,0.792,2.205,0.012,3.009,1.302,16644,23067,0,36,33,33,1264944,33984,29,31,0
1749,0.629,3.249,0.012,3.890,3.148,16644,23067,0,36,33,33,1264944,33984,29,31,0
1750,0.710,12.311,0.014,13.035,4.061,16644,23067,0,36,33,33,1264944,33984,29,31,0
1751,0.697,7.104,0.013,7.815,13.211,16644,23067,0,36,33,33,1264944,33984,29,31,0
1752,0.700,0.443,0.014,1.156,7.973,16644,23067,0,36,33,33,1264944,33984,29,31,0
1753,0.732,0.396,0.011,1.139,1.309,16644,23067,0,36,33,33,1264944,33984,29,31,0
1754,0.746,0.398,0.015,1.158,1.308,16644,23067,0,36,33,33,1264944,33984,29,31,0
1755,0.718,2.338,0.012,3.067,1.311,16644,23067,0,36,33,33,1264944,33984,29,31,0
1756,0.702,0.343,0.011,1.056,3.232,16644,23067,0,36,33,33,1264944,33984,29,31,0
1757,0.681,2.850,0.010,3.540,1.203,16644,23067,0,36,33,33,1264944,33984,29,31,0
1758,0.725,12.420,0.013,13.158,3.701,16644,23067,0,36,33,33,1264944,33984,29,31,0
1759,0.819,6.873,0.019,7.711,13.345,16644,23067,0,36,33,33,1264944,33984,29,31,0
1760,0.793,0.328,0.014,1.135,7.897,16644,23067,0,36,33,33,1264944,33984,29,31,0
1761,0.838,0.402,0.016,1.256,1.306,16644,23067,0,36,33,33,1264944,33984,29,31,0
1762,0.783,0.416,0.010,1.209,1.442,16644,23067,0,36,33,33,1264944,33984,29,31,0
1763,0.813,0.371,0.027,1.211,1.384,16644,23067,0,36,33,33,1264944,33984,29,31,0
1764,0.719,1.747,0.012,2.478,1.347,16644,23067,0,36,33,33,1264944,33984,29,31,0
1765,0.680,2.824,0.010,3.514,2.635,16644,23067,0,36,33,33,1264944,33984,29,31,0
1766,0.681,12.800,0.015,13.496,3.675,16644,23067,0,36,33,33,1264944,33984,29,31,0
1767,0.800,6.926,0.016,7.742,13.694,16644,23067,0,36,33,33,1264944,33984,29,31,0
1768,0.821,0.371,0.020,1.212,7.929,16644,23067,0,36,33,33,1264944,33984,29,31,0
1769,0.835,0.440,0.011,1.285,1.399,16644,23067,0,36,33,33,1264944,33984,29,31,0
1770,0.801,0.538,0.011,1.350,1.466,16644,23067,0,36,33,33,1264944,33984,29,31,0
1771,0.871,1.491,0.015,2.377,1.537,16644,23067,0,36,33,33,1264944,33984,29,31,0
1772,0.806,0.354,0.027,1.186,2.562,16644,23067,0,36,33,33,1264944,33984,29,31,0
1773,0.741,2.936,0.014,3.691,1.351,16644,23067,0,36,33,33,1264944,33984,29,31,0
1774,0.722,12.325,0.014,13.062,3.857,16644,23067,0,36,33,33,1264944,33984,29,31,0
1775,0.876,6.895,0.017,7.788,13.255,16644,23067,0,36,33,33,1264944,33984,29,31,0
1776,0.810,0.354,0.014,1.178,7.972,16644,23067,0,36,33,33,1264944,33984,29,31,0
1777,0.800,0.673,0.018,1.492,1.354,16644,23067,0,36,33,33,1264944,33984,29,31,0
1778,0.847,0.487,0.010,1.345,1.661,16644,23067,0,36,33,33,1264944,33984,29,31,0
1779,0.806,1.400,0.016,2.223,1.519,16644,23067,0,36,33,33,1264944,33984,29,31,0
1780,0.718,0.331,0.011,1.060,2.371,16644,23067,0,36,33,33,1264944,33984,29,31,0
1781,0.671,2.862,0.015,3.548,1.214,16644,23067,0,36,33,33,1264944,33984,29,31,0
1782,0.706,12.465,0.016,13.188,3.704,16644,23067,0,36,33,33,1264944,33984,29,31,0
1783,0.828,6.979,0.012,7.820,13.372,16644,23067,0,36,33,33,1264944,33984,29,31,0
1784,0.790,0.331,0.013,1.135,7.991,16644,23067,0,36,33,33,1264944,33984,29,31,0
1785,0.786,0.411,0.010,1.208,1.301,16644,23067,0,36,33,33,1264944,33984,29,31,0
1786,0.804,0.515,0.012,1.331,1.373,16644,23067,0,36,33,33,1264944,33984,29,31,0
1787,0.858,2.217,0.014,3.089,1.507,16644,23067,0,36,33,33,1264944,33984,29,31,0
1788,0.841,0.365,0.016,1.222,3.270,16644,23067,0,36,33,33,1264944,33984,29,31,0
1789,0.818,2.179,0.015,3.013,1.386,16644,23067,0,36,33,33,1264944,33984,29,31,0
1790,0.837,12.385,0.011,13.233,3.197,16644,23067,0,36,33,33,1264944,33984,29,31,0
1791,0.823,6.838,0.011,7.673,13.412,16644,23067,0,36,33,33,1264944,33984,29,31,0
1792,0.798,0.329,0.012,1.139,7.861,16644,23067,0,36,33,33,1264944,33984,29,31,0
1793,0.804,0.421,0.014,1.239,1.328,16644,23067,0,36,33,33,1264944,33984,29,31,0
1794,0.768,0.406,0.014,1.187,1.403,16644,23067,0,36,33,33,1264944,33984,29,31,0
1795,0.811,1.766,0.019,2.596,1.359,16644,23067,0,36,33,33,1264944,33984,29,31,0
1796,0.810,0.358,0.014,1.183,2.781,16644,23067,0,36,33,33,1264944,33984,29,31,0
1797,0.781,2.403,0.010,3.195,1.350,16644,23067,0,36,33,33,1264944,33984,29,31,0
1798,0.793,12.739,0.012,13.543,3.373,16644,23067,0,36,33,33,1264944,33984,29,31,0
1799,0.813,7.055,0.016,7.883,13.730,16644,23067,0,36,33,33,1264944,33984,29,31,0
1800,0.794,0.341,49.941,51.076,8.068,16644,23067,0,36,33,33,1264944,33984,29,31,0
1801,0.616,0.394,0.014,1.025,51.187,16644,23067,0,36,33,33,1264944,33984,29,31,0
1802,0.533,5.290,0.011,5.834,1.138,16644,23067,0,36,33,33,1264944,33984,29,31,0
1803,0.555,7.605,0.009,8.169,5.953,16644,23067,0,36,33,33,1264944,33984,29,31,0
1804,0.545,0.687,0.012,1.243,8.282,16644,23067,0,36,33,33,1264944,33984,29,31,0
1805,0.558,0.333,0.011,0.902,1.365,16644,23067,0,36,33,33,1264944,33984,29,31,0
1806,0.579,0.323,0.010,0.912,1.004,16644,23067,0,36,33,33,1264944,33984,29,31,0
1807,0.537,4.512,0.014,5.063,1.015,16644,23067,0,36,33,33,1264944,33984,29,31,0
1808,0.529,3.646,0.010,4.186,5.183,16644,23067,0,36,33,33,1264944,33984,29,31,0
1809,0.566,11.858,0.012,12.437,4.307,16644,23067,0,36,33,33,1264944,33984,29,31,0
1810,0.580,7.184,0.010,7.774,12.568,16644,23067,0,36,33,33,1264944,33984,29,31,0
1811,0.577,0.859,0.013,1.449,7.908,16644,23067,0,36,33,33,1264944,33984,29,31,0
1812,0.642,0.332,0.009,0.983,1.584,16644,23067,0,36,33,33,1264944,33984,29,31,0
1813,0.606,0.276,0.014,0.895,1.113,16644,23067,0,36,33,33,1264944,33984,29,31,0
1814,0.611,0.367,0.025,1.003,1.009,16644,23067,0,36,33,33,1264944,33984,29,31,0
1815,0.593,11.568,0.013,12.174,1.136,16644,23067,0,36,33,33,1264944,33984,29,31,0
1816,0.659,7.845,0.011,8.515,12.317,16644,23067,0,36,33,33,1264944,33984,29,31,0
1817,0.686,6.687,0.009,7.381,8.665,16644,23067,0,36,33,33,1264944,33984,29,31,0
1818,0.642,0.505,0.014,1.160,7.528,16644,23067,0,36,33,33,1264944,33984,29,31,0
1819,0.635,0.377,0.012,1.025,1.301,16644,23067,0,36,33,33,1264944,33984,29,31,0
1820,0.639,0.342,0.012,0.992,1.168,16644,23067,0,36,33,33,1264944,33984,29,31,0
1821,0.658,0.346,0.009,1.013,1.111,16644,23067,0,36,33,33,1264944,33984,29,31,0
1822,0.670,2.826,0.012,3.508,1.137,16644,23067,0,36,33,33,1264944,33984,29,31,0
1823,0.652,3.298,0.013,3.963,3.655,16644,23067,0,36,33,33,1264944,33984,29,31,0
1824,0.691,12.177,0.012,12.880,4.120,16644,23067,0,36,33,33,1264944,33984,29,31,0
1825,0.646,7.118,0.014,7.778,13.030,16644,23067,0,36,33,33,1264944,33984,29,31,0
1826,0.719,0.431,0.012,1.163,7.938,16644,23067,0,36,33,33,1264944,33984,29,31,0
1827,0.729,0.391,0.014,1.134,1.317,16644,23067,0,36,33,33,1264944,33984,29,31,0
1828,0.715,0.356,0.011,1.082,1.300,16644,23067,0,36,33,33,1264944,33984,29,31,0
1829,0.677,0.398,0.015,1.090,1.208,16644,23067,0,36,33,33,1264944,33984,29,31,0
1830,0.708,2.203,0.018,2.929,1.220,16644,23067,0,36,33,33,1264944,33984,29,31,0
1831,0.619,3.960,0.011,4.590,3.073,16644,23067,0,36,33,33,1264944,33984,29,31,0
1832,0.696,11.841,0.013,12.551,4.746,16644,23067,0,36,33,33,1264944,33984,29,31,0
1833,0.761,6.788,0.012,7.560,12.716,16644,23067,0,36,33,33,1264944,33984,29,31,0
1834,0.707,0.473,0.012,1.191,7.730,16644,23067,0,36,33,33,1264944,33984,29,31,0
1835,0.723,0.359,0.009,1.091,1.339,16644,23067,0,36,33,33,1264944,33984,29,31,0
1836,0.705,0.345,0.013,1.063,1.245,16644,23067,0,36,33,33,1264944,33984,29,31,0
1837,0.746,0.376,0.015,1.136,1.198,16644,23067,0,36,33,33,1264944,33984,29,31,0
1838,0.640,11.118,0.012,11.771,1.281,16644,23067,0,36,33,33,1264944,33984,29,31,0
1839,0.757,7.844,0.013,8.614,11.939,16644,23067,0,36,33,33,1264944,33984,29,31,0
1840,0.735,6.633,0.010,7.379,8.777,16644,23067,0,36,33,33,1264944,33984,29,31,0
1841,0.721,0.404,0.014,1.139,7.546,16644,23067,0,36,33,33,1264944,33984,29,31,0
1842,0.689,0.347,0.015,1.051,1.310,16644,23067,0,36,33,33,1264944,33984,29,31,0
1843,0.722,2.420,0.012,3.154,1.197,16644,23067,0,36,33,33,1264944,33984,29,31,0
1844,0.776,1.573,0.031,2.380,3.312,16644,23067,0,36,33,33,1264944,33984,29,31,0
1845,0.729,3.851,0.023,4.603,2.537,16644,23067,0,36,33,33,1264944,33984,29,31,0
1846,0.742,11.363,0.021,12.127,4.769,16644,23067,0,36,33,33,1264944,33984,29,31,0
1847,0.799,6.889,0.014,7.702,12.322,16644,23067,0,36,33,33,1264944,33984,29,31,0
1848,0.790,0.458,0.014,1.263,7.883,16644,23067,0,36,33,33,1264944,33984,29,31,0
1849,0.795,0.371,0.013,1.179,1.438,16644,23067,0,36,33,33,1264944,33984,29,31,0
1850,0.831,2.425,0.015,3.271,1.348,16644,23067,0,36,33,33,1264944,33984,29,31,0
1851,0.831,0.879,0.015,1.725,3.444,16644,23067,0,36,33,33,1264944,33984,29,31,0
1852,0.743,3.033,0.010,3.786,1.903,16644,23067,0,36,33,33,1264944,33984,29,31,0
1853,0.732,12.446,0.019,13.197,3.952,16644,23067,0,36,33,33,1264944,33984,29,31,0
1854,0.824,6.859,0.021,7.704,13.388,16644,23067,0,36,33,33,1264944,33984,29,31,0
1855,0.842,0.351,0.014,1.206,7.903,16644,23067,0,36,33,33,1264944,33984,29,31,0
1856,0.807,0.422,0.015,1.244,1.380,16644,23067,0,36,33,33,1264944,33984,29,31,0
1857,0.785,0.417,0.012,1.213,1.416,16644,23067,0,36,33,33,1264944,33984,29,31,0
1858,1.039,1.921,0.017,2.977,1.460,16644,23067,0,36,33,33,1264944,33984,29,31,0
1859,0.856,0.385,0.012,1.254,3.171,16644,23067,0,36,33,33,1264944,33984,29,31,0
1860,11.605,1.160,0.007,12.771,8.586,16750,23167,0,36,33,33,1273000,34824,29,31,0
1861,1.404,0.381,0.008,1.794,12.900,16750,23167,0,36,33,33,1273000,34824,29,31,0
1862,6.147,0.256,0.008,6.411,1.907,16750,23167,0,36,33,33,1273000,34824,29,31,0
1863,0.441,2.545,0.006,2.992,6.519,16750,23167,0,36,33,33,1273000,34824,29,31,0
1864,0.516,8.347,0.009,8.872,3.156,16750,23167,0,36,33,33,1273000,34824,29,31,0
1865,0.489,6.937,0.008,7.433,8.981,16750,23167,0,36,33,33,1273000,34824,29,31,0
1866,0.459,8.159,0.011,8.629,7.544,16750,23167,0,36,33,33,1273000,34824,29,31,0
1867,0.494,1.951,0.009,2.453,8.745,16750,23167,0,36,33,33,1273000,34824,29,31,0
1868,0.542,13.910,0.011,14.463,2.584,16750,23167,0,36,33,33,1273000,34824,29,31,0
1869,0.511,7.200,0.011,7.722,14.584,16750,23167,0,36,33,33,1273000,34824,29,31,0
1870,0.549,7.508,0.010,8.067,7.854,16750,23167,0,36,33,33,1273000,34824,29,31,0
1871,0.540,7.600,0.011,8.151,8.198,16750,23167,0,36,33,33,1273000,34824,29,31,0
1872,0.563,7.805,0.011,8.378,8.284,16750,23167,0,36,33,33,1273000,34824,29,31,0
1873,0.562,7.372,0.011,7.945,8.517,16750,23167,0,36,33,33,1273000,34824,29,31,0
1874,0.609,0.545,0.019,1.172,8.097,16750,23167,0,36,33,33,1273000,34824,29,31,0
1875,0.645,0.351,0.012,1.008,1.309,16750,23167,0,36,33,33,1273000,34824,29,31,0
1876,0.619,0.334,0.012,0.965,1.150,16750,23167,0,36,33,33,1273000,34824,29,31,0
1877,0.617,0.348,0.011,0.976,1.098,16750,23167,0,36,33,33,1273000,34824,29,31,0
1878,0.587,0.263,0.010,0.860,1.108,16750,23167,0,36,33,33,1273000,34824,29,31,0
1879,0.545,3.177,0.014,3.736,0.988,16750,23167,0,36,33,33,1273000,34824,29,31,0
1880,0.541,15.239,0.011,15.790,3.869,16750,23167,0,36,33,33,1273000,34824,29,31,0
1881,0.660,7.240,0.011,7.912,15.935,16750,23167,0,36,33,33,1273000,34824,29,31,0
1882,0.621,0.598,0.010,1.228,8.056,16750,23167,0,36,33,33,1273000,34824,29,31,0
1883,0.640,0.354,0.009,1.003,1.369,16750,23167,0,36,33,33,1273000,34824,29,31,0
1884,0.653,0.386,0.009,1.049,1.144,16750,23167,0,36,33,33,1273000,34824,29,31,0
1885,0.663,0.347,0.016,1.025,1.201,16750,23167,0,36,33,33,1273000,34824,29,31,0
1886,0.654,0.363,0.012,1.029,1.160,16750,23167,0,36,33,33,1273000,34824,29,31,0
1887,0.589,0.281,0.011,0.881,1.171,16750,23167,0,36,33,33,1273000,34824,29,31,0
1888,0.593,1.330,0.011,1.934,0.998,16750,23167,0,36,33,33,1273000,34824,29,31,0
1889,0.613,0.352,0.010,0.974,2.078,16750,23167,0,36,33,33,1273000,34824,29,31,0
1890,0.585,0.331,0.012,0.928,1.104,16750,23167,0,36,33,33,1273000,34824,29,31,0
1891,0.554,0.268,0.010,0.832,1.059,16750,23167,0,36,33,33,1273000,34824,29,31,0
1892,0.567,0.393,0.009,0.970,0.949,16750,23167,0,36,33,33,1273000,34824,29,31,0
1893,0.590,0.299,0.011,0.900,1.101,16750,23167,0,36,33,33,1273000,34824,29,31,0
1894,0.555,10.133,0.015,10.703,1.026,16750,23167,0,36,33,33,1273000,34824,29,31,0
1895,0.608,7.493,0.011,8.112,10.837,16750,23167,0,36,33,33,1273000,34824,29,31,0
1896,0.616,7.088,0.010,7.714,8.264,16750,23167,0,36,33,33,1273000,34824,29,31,0
1897,0.594,3.171,0.010,3.776,7.864,16750,23167,0,36,33,33,1273000,34824,29,31,0
1898,0.601,12.784,0.011,13.397,3.924,16750,23167,0,36,33,33,1273000,34824,29,31,0
1899,0.705,7.014,0.013,7.732,13.546,16750,23167,0,36,33,33,1273000,34824,29,31,0
1900,0.659,0.442,0.024,1.125,7.894,16750,23167,0,36,33,33,1273000,34824,29,31,0
1901,0.721,0.369,0.050,1.141,1.291,16750,23167,0,36,33,33,1273000,34824,29,31,0
1902,0.712,0.421,0.013,1.146,1.289,16750,23167,0,36,33,33,1273000,34824,29,31,0
1903,0.719,0.381,0.009,1.109,1.305,16750,23167,0,36,33,33,1273000,34824,29,31,0
1904,0.610,10.852,0.010,11.472,1.251,16750,23167,0,36,33,33,1273000,34824,29,31,0
1905,0.685,7.789,0.016,8.490,11.634,16750,23167,0,36,33,33,1273000,34824,29,31,0
1906,0.678,7.052,0.012,7.742,8.658,16750,23167,0,36,33,33,1273000,34824,29,31,0
1907,0.692,0.405,0.014,1.110,7.903,16750,23167,0,36,33,33,1273000,34824,29,31,0
1908,0.683,0.357,0.011,1.052,1.263,16750,23167,0,36,33,33,1273000,34824,29,31,0
1909,0.666,0.358,0.010,1.034,1.206,16750,23167,0,36,33,33,1273000,34824,29,31,0
1910,0.703,0.364,0.017,1.085,1.183,16750,23167,0,36,33,33,1273000,34824,29,31,0
1911,0.669,0.338,0.017,1.024,1.236,16750,23167,0,36,33,33,1273000,34824,29,31,0
1912,0.660,9.933,0.013,10.606,1.182,16750,23167,0,36,33,33,1273000,34824,29,31,0
1913,0.671,7.687,0.014,8.372,10.764,16750,23167,0,36,33,33,1273000,34824,29,31,0
1914,0.679,7.176,0.014,7.869,8.543,16750,23167,0,36,33,33,1273000,34824,29,31,0
1915,0.667,0.471,0.014,1.152,8.021,16750,23167,0,36,33,33,1273000,34824,29,31,0
1916,0.680,0.354,0.011,1.046,1.310,16750,23167,0,36,33,33,1273000,34824,29,31,0
1917,0.662,0.353,0.012,1.028,1.204,16750,23167,0,36,33,33,1273000,34824,29,31,0
1918,0.673,0.371,0.009,1.053,1.171,16750,23167,0,36,33,33,1273000,34824,29,31,0
1919,0.681,11.041,0.011,11.733,1.221,16750,23167,0,36,33,33,1273000,34824,29,31,0
1920,0.668,7.687,0.012,8.367,11.896,16750,23167,0,36,33,33,1273000,34824,29,31,0
1921,0.785,6.971,0.012,7.768,8.545,16750,23167,0,36,33,33,1273000,34824,29,31,0
1922,0.796,0.413,0.026,1.235,7.949,16750,23167,0,36,33,33,1273000,34824,29,31,0
1923,0.811,0.403,0.015,1.230,1.406,16750,23167,0,36,33,33,1273000,34824,29,31,0
1924,0.753,0.347,0.023,1.122,1.407,16750,23167,0,36,33,33,1273000,34824,29,31,0
1925,0.788,0.333,0.019,1.140,1.302,16750,23167,0,36,33,33,1273000,34824,29,31,0
1926,0.641,10.487,0.009,11.138,1.298,16750,23167,0,36,33,33,1273000,34824,29,31,0
1927,0.764,7.634,0.014,8.412,11.323,16750,23167,0,36,33,33,1273000,34824,29,31,0
1928,0.765,7.100,0.010,7.875,8.614,16750,23167,0,36,33,33,1273000,34824,29,31,0
1929,0.766,0.345,0.011,1.122,8.055,16750,23167,0,36,33,33,1273000,34824,29,31,0
1930,0.755,0.345,0.015,1.115,1.306,16750,23167,0,36,33,33,1273000,34824,29,31,0
1931,0.783,0.448,0.020,1.251,1.288,16750,23167,0,36,33,33,1273000,34824,29,31,0
1932,0.795,0.356,0.026,1.178,1.416,16750,23167,0,36,33,33,1273000,34824,29,31,0
1933,0.758,10.528,0.011,11.296,1.346,16750,23167,0,36,33,33,1273000,34824,29,31,0
1934,0.751,7.924,0.015,8.690,11.482,16750,23167,0,36,33,33,1273000,34824,29,31,0
1935,0.791,6.597,0.011,7.399,8.881,16750,23167,0,36,33,33,1273000,34824,29,31,0
1936,0.766,0.338,0.014,1.118,7.577,16750,23167,0,36,33,33,1273000,34824,29,31,0
1937,0.753,0.322,0.009,1.084,1.298,16750,23167,0,36,33,33,1273000,34824,29,31,0
1938,0.745,0.330,0.019,1.093,1.266,16750,23167,0,36,33,33,1273000,34824,29,31,0
1939,0.755,0.373,0.011,1.139,1.268,16750,23167,0,36,33,33,1273000,34824,29,31,0
1940,0.780,0.308,0.012,1.100,1.309,16750,23167,0,36,33,33,1273000,34824,29,31,0
1941,0.668,0.845,0.012,1.525,1.253,16750,23167,0,36,33,33,1273000,34824,29,31,0
1942,0.648,3.147,0.011,3.806,1.670,16750,23167,0,36,33,33,1273000,34824,29,31,0
1943,0.687,12.484,0.013,13.184,3.966,16750,23167,0,36,33,33,1273000,34824,29,31,0
1944,0.777,7.020,0.009,7.806,13.385,16750,23167,0,36,33,33,1273000,34824,29,31,0
1945,0.755,0.339,0.011,1.105,7.997,16750,23167,0,36,33,33,1273000,34824,29,31,0
1946,0.768,0.381,0.012,1.161,1.277,16750,23167,0,36,33,33,1273000,34824,29,31,0
1947,0.764,0.381,0.012,1.157,1.334,16750,23167,0,36,33,33,1273000,34824,29,31,0
1948,0.773,0.334,0.011,1.118,1.322,16750,23167,0,36,33,33,1273000,34824,29,31,0
1949,0.733,10.544,0.010,11.287,1.290,16750,23167,0,36,33,33,1273000,34824,29,31,0
1950,0.748,8.077,0.013,8.838,11.476,16750,23167,0,36,33,33,1273000,34824,29,31,0
1951,0.815,6.681,0.023,7.518,9.022,16750,23167,0,36,33,33,1273000,34824,29,31,0
1952,0.905,0.483,0.017,1.405,7.742,16750,23167,0,36,33,33,1273000,34824,29,31,0
1953,0.876,0.385,0.015,1.276,1.621,16750,23167,0,36,33,33,1273000,34824,29,31,0
1954,0.746,0.372,0.011,1.128,1.457,16750,23167,0,36,33,33,1273000,34824,29,31,0
1955,0.792,0.380,0.010,1.181,1.301,16750,23167,0,36,33,33,1273000,34824,29,31,0
1956,0.780,10.073,0.016,10.868,1.350,16750,23167,0,36,33,33,1273000,34824,29,31,0
1957,0.771,7.939,0.015,8.726,11.051,16750,23167,0,36,33,33,1273000,34824,29,31,0
1958,0.772,6.696,0.018,7.485,8.904,16750,23167,0,36,33,33,1273000,34824,29,31,0
1959,0.884,0.385,0.014,1.284,7.705,16750,23167,0,36,33,33,1273000,34824,29,31,0
1960,0.752,0.323,0.019,1.095,1.481,16750,23167,0,36,33,33,1273000,34824,29,31,0
1961,0.733,0.365,0.012,1.110,1.279,16750,23167,0,36,33,33,1273000,34824,29,31,0
1962,0.784,0.366,0.012,1.163,1.287,16750,23167,0,36,33,33,1273000,34824,29,31,0
1963,0.748,10.283,0.015,11.046,1.345,16750,23167,0,36,33,33,1273000,34824,29,31,0
1964,0.766,7.947,0.047,8.760,11.223,16750,23167,0,36,33,33,1273000,34824,29,31,0
1965,0.777,6.603,0.012,7.392,8.958,16750,23167,0,36,33,33,1273000,34824,29,31,0
1966,0.890,0.379,0.015,1.284,7.605,16750,23167,0,36,33,33,1273000,34824,29,31,0
1967,0.859,0.397,0.016,1.272,1.478,16750,23167,0,36,33,33,1273000,34824,29,31,0
1968,0.800,0.379,0.011,1.191,1.471,16750,23167,0,36,33,33,1273000,34824,29,31,0
1969,0.812,0.354,0.014,1.179,1.361,16750,23167,0,36,33,33,1273000,34824,29,31,0
1970,0.767,10.133,0.013,10.913,1.345,16750,23167,0,36,33,33,1273000,34824,29,31,0
1971,0.774,8.015,0.017,8.806,11.103,16750,23167,0,36,33,33,1273000,34824,29,31,0
1972,0.915,6.392,0.014,7.322,9.033,16750,23167,0,36,33,33,1273000,34824,29,31,0
1973,0.909,0.464,0.014,1.387,7.531,16750,23167,0,36,33,33,1273000,34824,29,31,0
1974,0.903,0.412,0.018,1.333,1.591,16750,23167,0,36,33,33,1273000,34824,29,31,0
1975,0.864,0.429,0.017,1.310,1.535,16750,23167,0,36,33,33,1273000,34824,29,31,0
1976,0.804,0.324,0.012,1.140,1.506,16750,23167,0,36,33,33,1273000,34824,29,31,0
1977,0.739,9.885,0.014,10.638,1.311,16750,23167,0,36,33,33,1273000,34824,29,31,0
1978,0.889,7.907,0.010,8.806,10.858,16750,23167,0,36,33,33,1273000,34824,29,31,0
1979,0.889,6.484,0.011,7.384,9.030,16750,23167,0,36,33,33,1273000,34824,29,31,0
1980,0.892,0.411,34.142,35.445,7.587,16750,23167,0,36,33,33,1273000,34824,29,31,0
1981,0.609,0.371,0.014,0.994,35.565,16750,23167,0,36,33,33,1273000,34824,29,31,0
1982,0.615,1.595,0.012,2.222,1.124,16750,23167,0,36,33,33,1273000,34824,29,31,0
1983,0.587,3.414,0.012,4.014,2.365,16750,23167,0,36,33,33,1273000,34824,29,31,0
1984,0.587,6.352,0.014,6.952,4.142,16750,23167,0,36,33,33,1273000,34824,29,31,0
1985,0.583,7.157,0.011,7.750,7.086,16750,23167,0,36,33,33,1273000,34824,29,31,0
1986,0.628,0.593,0.011,1.232,7.900,16750,23167,0,36,33,33,1273000,34824,29,31,0
1987,0.654,0.363,0.013,1.029,1.378,16750,23167,0,36,33,33,1273000,34824,29,31,0
1988,0.615,0.357,0.011,0.983,1.173,16750,23167,0,36,33,33,1273000,34824,29,31,0
1989,0.579,0.330,0.015,0.924,1.106,16750,23167,0,36,33,33,1273000,34824,29,31,0
1990,0.578,0.304,0.013,0.895,1.056,16750,23167,0,36,33,33,1273000,34824,29,31,0
1991,0.571,0.333,0.023,0.927,1.017,16750,23167,0,36,33,33,1273000,34824,29,31,0
1992,0.607,0.935,0.009,1.551,1.061,16750,23167,0,36,33,33,1273000,34824,29,31,0
1993,0.561,0.303,0.011,0.876,1.696,16750,23167,0,36,33,33,1273000,34824,29,31,0
1994,0.594,0.288,0.009,0.891,1.019,16750,23167,0,36,33,33,1273000,34824,29,31,0
1995,0.570,0.387,0.011,0.968,1.012,16750,23167,0,36,33,33,1273000,34824,29,31,0
1996,0.569,0.297,0.007,0.873,1.087,16750,23167,0,36,33,33,1273000,34824,29,31,0
1997,0.591,0.363,0.010,0.964,1.004,16750,23167,0,36,33,33,1273000,34824,29,31,0
1998,0.554,0.329,0.010,0.893,1.088,16750,23167,0,36,33,33,1273000,34824,29,31,0
1999,0.527,4.228,0.012,4.766,1.007,16750,23167,0,36,33,33,1273000,34824,29,31,0
2000,0.576,14.726,0.010,15.311,4.909,16750,23167,0,36,33,33,1273000,34824,29,31,0
2001,0.618,5.900,0.009,6.527,15.446,16750,23167,0,36,33,33,1273000,34824,29,31,0
2002,0.642,0.846,0.014,1.502,6.659,16750,23167,0,36,33,33,1273000,34824,29,31,0
2003,0.631,1.522,0.007,2.160,1.653,16750,23167,0,36,33,33,1273000,34824,29,31,0
2004,0.628,0.651,0.011,1.291,2.306,16750,23167,0,36,33,33,1273000,34824,29,31,0
2005,0.588,1.641,0.008,2.236,1.421,16750,23167,0,36,33,33,1273000,34824,29,31,0
2006,0.642,5.047,0.010,5.699,2.375,16750,23167,0,36,33,33,1273000,34824,29,31,0
2007,0.652,11.141,0.011,11.804,5.848,16750,23167,0,36,33,33,1273000,34824,29,31,0
2008,0.660,6.986,0.010,7.656,11.956,16750,23167,0,36,33,33,1273000,34824,29,31,0
2009,0.643,0.577,0.014,1.234,7.796,16750,23167,0,36,33,33,1273000,34824,29,31,0
2010,0.653,1.749,0.009,2.411,1.375,16750,23167,0,36,33,33,1273000,34824,29,31,0
2011,0.658,0.715,0.012,1.384,2.563,16750,23167,0,36,33,33,1273000,34824,29,31,0
2012,0.664,1.761,0.009,2.434,1.546,16750,23167,0,36,33,33,1273000,34824,29,31,0
2013,0.638,5.118,0.013,5.769,2.576,16750,23167,0,36,33,33,1273000,34824,29,31,0
2014,0.640,10.649,0.015,11.304,5.932,16750,23167,0,36,33,33,1273000,34824,29,31,0
2015,0.720,6.998,0.011,7.729,11.463,16750,23167,0,36,33,33,1273000,34824,29,31,0
2016,0.704,0.520,0.015,1.238,7.883,16750,23167,0,36,33,33,1273000,34824,29,31,0
2017,0.689,1.516,0.011,2.217,1.397,16750,23167,0,36,33,33,1273000,34824,29,31,0
2018,0.709,0.551,0.015,1.275,2.368,16750,23167,0,36,33,33,1273000,34824,29,31,0
2019,0.749,1.452,0.012,2.213,1.435,16750,23167,0,36,33,33,1273000,34824,29,31,0
2020,0.750,4.363,0.014,5.127,2.392,16750,23167,0,36,33,33,1273000,34824,29,31,0
2021,0.676,12.849,0.008,13.533,5.286,16750,23167,0,36,33,33,1273000,34824,29,31,0
2022,0.663,5.803,0.012,6.478,13.709,16750,23167,0,36,33,33,1273000,34824,29,31,0
2023,0.666,0.449,0.014,1.128,6.645,16750,23167,0,36,33,33,1273000,34824,29,31,0
2024,0.717,1.402,0.008,2.127,1.290,16750,23167,0,36,33,33,1273000,34824,29,31,0
2025,0.676,0.385,0.019,1.081,2.287,16750,23167,0,36,33,33,1273000,34824,29,31,0
2026,0.707,1.697,0.013,2.418,1.243,16750,23167,0,36,33,33,1273000,34824,29,31,0
2027,0.693,3.552,0.009,4.255,2.582,16750,23167,0,36,33,33,1273000,34824,29,31,0
2028,0.778,12.786,0.012,13.576,4.444,16750,23167,0,36,33,33,1273000,34824,29,31,0
2029,0.784,7.265,0.016,8.065,13.750,16750,23167,0,36,33,33,1273000,34824,29,31,0
2030,0.806,0.514,0.021,1.341,8.259,16750,23167,0,36,33,33,1273000,34824,29,31,0
2031,0.848,1.419,0.009,2.276,1.530,16750,23167,0,36,33,33,1273000,34824,29,31,0
2032,0.829,0.562,0.016,1.408,2.457,16750,23167,0,36,33,33,1273000,34824,29,31,0
2033,0.769,1.664,0.015,2.447,1.588,16750,23167,0,36,33,33,1273000,34824,29,31,0
2034,0.840,3.759,0.015,4.613,2.631,16750,23167,0,36,33,33,1273000,34824,29,31,0
2035,0.801,11.343,0.013,12.157,4.798,16750,23167,0,36,33,33,1273000,34824,29,31,0
2036,0.774,6.958,0.021,7.754,12.342,16750,23167,0,36,33,33,1273000,34824,29,31,0
2037,0.891,0.448,0.016,1.355,7.955,16750,23167,0,36,33,33,1273000,34824,29,31,0
2038,0.943,1.270,0.012,2.225,1.575,16750,23167,0,36,33,33,1273000,34824,29,31,0
2039,0.823,0.622,0.027,1.472,2.413,16750,23167,0,36,33,33,1273000,34824,29,31,0
2040,20.599,0.905,0.019,21.523,5.536,16644,23067,0,36,33,33,1264944,33984,29,31,0
2041,1.357,0.248,0.011,1.616,21.634,16644,23067,0,36,33,33,1264944,33984,29,31,0
2042,3.515,0.558,0.011,4.084,1.716,16644,23067,0,36,33,33,1264944,33984,29,31,0
2043,0.504,2.975,0.010,3.489,4.232,16644,23067,0,36,33,33,1264944,33984,29,31,0
2044,0.453,7.802,0.010,8.264,3.603,16644,23067,0,36,33,33,1264944,33984,29,31,0
2045,0.462,7.434,0.010,7.906,8.363,16644,23067,0,36,33,33,1264944,33984,29,31,0
2046,0.472,7.748,0.014,8.234,8.009,16644,23067,0,36,33,33,1264944,33984,29,31,0
2047,0.502,0.547,0.012,1.060,8.337,16644,23067,0,36,33,33,1264944,33984,29,31,0
2048,0.468,0.400,0.010,0.878,1.159,16644,23067,0,36,33,33,1264944,33984,29,31,0
2049,0.490,1.140,0.009,1.639,0.967,16644,23067,0,36,33,33,1264944,33984,29,31,0
2050,0.483,4.044,0.010,4.537,1.746,16644,23067,0,36,33,33,1264944,33984,29,31,0
2051,0.482,2.586,0.007,3.075,4.659,16644,23067,0,36,33,33,1264944,33984,29,31,0
2052,0.500,12.819,0.009,13.329,3.190,16644,23067,0,36,33,33,1264944,33984,29,31,0
2053,0.510,7.517,0.012,8.038,13.441,16644,23067,0,36,33,33,1264944,33984,29,31,0
2054,0.566,0.585,0.009,1.160,8.157,16644,23067,0,36,33,33,1264944,33984,29,31,0
2055,0.531,0.273,0.008,0.813,1.270,16644,23067,0,36,33,33,1264944,33984,29,31,0
2056,0.523,0.491,0.012,1.026,0.921,16644,23067,0,36,33,33,1264944,33984,29,31,0
2057,0.519,4.685,0.011,5.216,1.128,16644,23067,0,36,33,33,1264944,33984,29,31,0
2058,0.537,3.706,0.011,4.254,5.331,16644,23067,0,36,33,33,1264944,33984,29,31,0
2059,0.543,11.721,0.009,12.273,4.380,16644,23067,0,36,33,33,1264944,33984,29,31,0
2060,0.529,7.438,0.012,7.979,12.391,16644,23067,0,36,33,33,1264944,33984,29,31,0
2061,0.605,7.741,0.012,8.358,8.117,16644,23067,0,36,33,33,1264944,33984,29,31,0
2062,0.571,7.510,0.011,8.092,8.487,16644,23067,0,36,33,33,1264944,33984,29,31,0
2063,0.638,7.766,0.012,8.417,8.230,16644,23067,0,36,33,33,1264944,33984,29,31,0
2064,0.646,7.207,0.011,7.865,8.577,16644,23067,0,36,33,33,1264944,33984,29,31,0
2065,0.633,0.737,0.011,1.382,8.006,16644,23067,0,36,33,33,1264944,33984,29,31,0
2066,0.644,0.452,0.010,1.106,1.524,16644,23067,0,36,33,33,1264944,33984,29,31,0
2067,0.646,0.770,0.013,1.429,1.244,16644,23067,0,36,33,33,1264944,33984,29,31,0
2068,0.659,3.479,0.019,4.158,1.564,16644,23067,0,36,33,33,1264944,33984,29,31,0
2069,0.653,2.960,0.012,3.625,4.308,16644,23067,0,36,33,33,1264944,33984,29,31,0
2070,0.661,12.167,0.012,12.840,3.773,16644,23067,0,36,33,33,1264944,33984,29,31,0
2071,0.708,7.203,0.012,7.923,13.003,16644,23067,0,36,33,33,1264944,33984,29,31,0
2072,0.710,0.661,0.020,1.391,8.073,16644,23067,0,36,33,33,1264944,33984,29,31,0
2073,0.779,0.372,0.010,1.161,1.547,16644,23067,0,36,33,33,1264944,33984,29,31,0
2074,0.714,0.362,0.015,1.091,1.317,16644,23067,0,36,33,33,1264944,33984,29,31,0
2075,0.700,0.385,0.014,1.098,1.230,16644,23067,0,36,33,33,1264944,33984,29,31,0
2076,0.722,10.873,0.010,11.605,1.236,16644,23067,0,36,33,33,1264944,33984,29,31,0
2077,0.726,7.205,0.012,7.943,11.761,16644,23067,0,36,33,33,1264944,33984,29,31,0
2078,0.712,7.382,0.012,8.106,8.111,16644,23067,0,36,33,33,1264944,33984,29,31,0
2079,0.704,0.471,0.013,1.188,8.273,16644,23067,0,36,33,33,1264944,33984,29,31,0
2080,0.757,0.388,0.012,1.158,1.345,16644,23067,0,36,33,33,1264944,33984,29,31,0
2081,0.719,0.365,0.015,1.099,1.308,16644,23067,0,36,33,33,1264944,33984,29,31,0
2082,0.710,0.414,0.018,1.143,1.253,16644,23067,0,36,33,33,1264944,33984,29,31,0
2083,0.768,2.245,0.012,3.024,1.293,16644,23067,0,36,33,33,1264944,33984,29,31,0
2084,0.691,3.389,0.009,4.088,3.191,16644,23067,0,36,33,33,1264944,33984,29,31,0
2085,0.725,11.894,0.011,12.630,4.257,16644,23067,0,36,33,33,1264944,33984,29,31,0
2086,0.731,7.286,0.027,8.045,12.787,16644,23067,0,36,33,33,1264944,33984,29,31,0
2087,0.833,0.389,0.017,1.239,8.235,16644,23067,0,36,33,33,1264944,33984,29,31,0
2088,0.818,0.425,0.014,1.257,1.407,16644,23067,0,36,33,33,1264944,33984,29,31,0
2089,0.718,0.726,0.014,1.457,1.455,16644,23067,0,36,33,33,1264944,33984,29,31,0
2090,0.747,2.457,0.014,3.217,1.619,16644,23067,0,36,33,33,1264944,33984,29,31,0
2091,0.699,2.990,0.013,3.701,3.368,16644,23067,0,36,33,33,1264944,33984,29,31,0
2092,0.708,12.121,0.009,12.838,3.872,16644,23067,0,36,33,33,1264944,33984,29,31,0
2093,0.789,7.323,0.015,8.126,13.025,16644,23067,0,36,33,33,1264944,33984,29,31,0
2094,0.827,0.391,0.019,1.237,8.312,16644,23067,0,36,33,33,1264944,33984,29,31,0
2095,0.838,0.403,0.012,1.253,1.408,16644,23067,0,36,33,33,1264944,33984,29,31,0
2096,0.809,0.401,0.085,1.295,1.433,16644,23067,0,36,33,33,1264944,33984,29,31,0
2097,0.773,0.370,0.021,1.163,1.464,16644,23067,0,36,33,33,1264944,33984,29,31,0
2098,0.705,10.286,0.018,11.008,1.315,16644,23067,0,36,33,33,1264944,33984,29,31,0
2099,0.711,7.384,0.025,8.120,11.173,16644,23067,0,36,33,33,1264944,33984,29,31,0
2100,0.801,7.206,0.011,8.018,8.303,16644,23067,0,36,33,33,1264944,33984,29,31,0
2101,0.801,0.340,0.021,1.161,8.207,16644,23067,0,36,33,33,1264944,33984,29,31,0
2102,0.787,0.408,0.023,1.218,1.346,16644,23067,0,36,33,33,1264944,33984,29,31,0
2103,0.787,0.816,0.024,1.627,1.388,16644,23067,0,36,33,33,1264944,33984,29,31,0
2104,1.000,1.663,0.019,2.682,1.819,16644,23067,0,36,33,33,1264944,33984,29,31,0
2105,0.832,0.404,0.035,1.271,2.881,16644,23067,0,36,33,33,1264944,33984,29,31,0
2106,0.827,2.410,0.017,3.254,1.441,16644,23067,0,36,33,33,1264944,33984,29,31,0
2107,0.857,12.012,0.012,12.881,3.434,16644,23067,0,36,33,33,1264944,33984,29,31,0
2108,0.791,7.154,0.011,7.957,13.081,16644,23067,0,36,33,33,1264944,33984,29,31,0
2109,0.949,0.419,0.016,1.384,8.172,16644,23067,0,36,33,33,1264944,33984,29,31,0
2110,0.934,0.469,0.021,1.424,1.583,16644,23067,0,36,33,33,1264944,33984,29,31,0
2111,0.831,0.403,0.014,1.248,1.595,16644,23067,0,36,33,33,1264944,33984,29,31,0
2112,0.813,0.855,0.012,1.680,1.421,16644,23067,0,36,33,33,1264944,33984,29,31,0
2113,0.834,0.610,0.019,1.463,1.857,16644,23067,0,36,33,33,1264944,33984,29,31,0
2114,0.813,3.400,0.012,4.225,1.635,16644,23067,0,36,33,33,1264944,33984,29,31,0
2115,0.819,11.463,0.021,12.303,4.414,16644,23067,0,36,33,33,1264944,33984,29,31,0
2116,0.819,7.152,0.013,7.984,12.503,16644,23067,0,36,33,33,1264944,33984,29,31,0
2117,0.852,0.362,0.017,1.231,8.170,16644,23067,0,36,33,33,1264944,33984,29,31,0
2118,0.808,0.437,0.012,1.257,1.413,16644,23067,0,36,33,33,1264944,33984,29,31,0
2119,0.822,0.487,0.012,1.321,1.431,16644,23067,0,36,33,33,1264944,33984,29,31,0
2120,0.821,0.443,0.010,1.274,1.491,16644,23067,0,36,33,33,1264944,33984,29,31,0
2121,0.856,1.278,0.014,2.148,1.445,16644,23067,0,36,33,33,1264944,33984,29,31,0
2122,0.808,2.959,0.015,3.782,2.327,16644,23067,0,36,33,33,1264944,33984,29,31,0
2123,0.821,12.179,0.009,13.009,3.967,16644,23067,0,36,33,33,1264944,33984,29,31,0
2124,0.806,7.007,0.013,7.826,13.199,16644,23067,0,36,33,33,1264944,33984,29,31,0
2125,0.811,0.356,0.016,1.183,8.010,16644,23067,0,36,33,33,1264944,33984,29,31,0
2126,0.801,0.432,0.015,1.249,1.357,16644,23067,0,36,33,33,1264944,33984,29,31,0
2127,0.800,0.435,0.020,1.255,1.424,16644,23067,0,36,33,33,1264944,33984,29,31,0
2128,0.829,2.014,0.015,2.859,1.435,16644,23067,0,36,33,33,1264944,33984,29,31,0
2129,0.807,0.399,0.014,1.219,3.043,16644,23067,0,36,33,33,1264944,33984,29,31,0
2130,0.811,2.426,0.012,3.249,1.396,16644,23067,0,36,33,33,1264944,33984,29,31,0
2131,0.824,12.187,0.023,13.033,3.450,16644,23067,0,36,33,33,1264944,33984,29,31,0
2132,0.800,7.046,0.017,7.864,13.210,16644,23067,0,36,33,33,1264944,33984,29,31,0
2133,0.912,0.418,0.024,1.354,8.074,16644,23067,0,36,33,33,1264944,33984,29,31,0
2134,0.960,0.483,0.016,1.459,1.554,16644,23067,0,36,33,33,1264944,33984,29,31,0
2135,0.802,0.429,0.015,1.247,1.651,16644,23067,0,36,33,33,1264944,33984,29,31,0
2136,0.927,0.966,0.014,1.907,1.430,16644,23067,0,36,33,33,1264944,33984,29,31,0
2137,0.829,0.393,0.015,1.238,2.076,16644,23067,0,36,33,33,1264944,33984,29,31,0
2138,0.798,3.070,0.015,3.882,1.411,16644,23067,0,36,33,33,1264944,33984,29,31,0
2139,0.823,12.091,0.015,12.930,4.079,16644,23067,0,36,33,33,1264944,33984,29,31,0
2140,0.951,6.840,0.013,7.804,13.139,16644,23067,0,36,33,33,1264944,33984,29,31,0
2141,0.931,0.399,0.024,1.355,8.017,16644,23067,0,36,33,33,1264944,33984,29,31,0
2142,0.947,0.414,0.017,1.378,1.551,16644,23067,0,36,33,33,1264944,33984,29,31,0
2143,0.803,0.456,0.011,1.270,1.565,16644,23067,0,36,33,33,1264944,33984,29,31,0
2144,0.819,0.415,0.014,1.248,1.443,16644,23067,0,36,33,33,1264944,33984,29,31,0
2145,0.815,3.570,0.011,4.396,1.416,16644,23067,0,36,33,33,1264944,33984,29,31,0
2146,0.815,13.728,0.021,14.564,4.571,16644,23067,0,36,33,33,1264944,33984,29,31,0
2147,0.928,6.905,0.016,7.849,14.773,16644,23067,0,36,33,33,1264944,33984,29,31,0
2148,0.934,0.419,0.016,1.370,8.102,16644,23067,0,36,33,33,1264944,33984,29,31,0
2149,0.808,0.678,0.016,1.502,1.544,16644,23067,0,36,33,33,1264944,33984,29,31,0
2150,0.801,0.411,0.012,1.224,1.670,16644,23067,0,36,33,33,1264944,33984,29,31,0
2151,0.866,2.705,0.014,3.585,1.394,16644,23067,0,36,33,33,1264944,33984,29,31,0
2152,0.783,3.330,0.010,4.123,3.772,16644,23067,0,36,33,33,1264944,33984,29,31,0
2153,0.821,11.522,0.018,12.361,4.319,16644,23067,0,36,33,33,1264944,33984,29,31,0
2154,0.930,6.894,0.023,7.848,12.567,16644,23067,0,36,33,33,1264944,33984,29,31,0
2155,0.944,0.407,0.019,1.370,8.057,16644,23067,0,36,33,33,1264944,33984,29,31,0
2156,0.930,0.457,0.012,1.398,1.556,16644,23067,0,36,33,33,1264944,33984,29,31,0
2157,0.965,0.502,0.016,1.484,1.596,16644,23067,0,36,33,33,1264944,33984,29,31,0
2158,0.870,2.135,0.011,3.015,1.678,16644,23067,0,36,33,33,1264944,33984,29,31,0
2159,0.827,3.205,0.018,4.050,3.207,16644,23067,0,36,33,33,1264944,33984,29,31,0
2160,0.867,12.206,115.796,128.869,4.260,16644,23067,0,36,33,33,1264944,33984,29,31,0
2161,0.513,0.347,0.012,0.872,128.971,16644,23067,0,36,33,33,1264944,33984,29,31,0
2162,0.447,1.721,0.011,2.180,0.969,16644,23067,0,36,33,33,1264944,33984,29,31,0
2163,0.467,12.912,0.011,13.389,2.276,16644,23067,0,36,33,33,1264944,33984,29,31,0
2164,0.458,7.720,0.009,8.187,13.489,16644,23067,0,36,33,33,1264944,33984,29,31,0
2165,0.505,0.649,0.010,1.164,8.287,16644,23067,0,36,33,33,1264944,33984,29,31,0
2166,0.500,0.287,0.011,0.798,1.272,16644,23067,0,36,33,33,1264944,33984,29,31,0
2167,0.465,5.708,0.013,6.185,0.890,16644,23067,0,36,33,33,1264944,33984,29,31,0
2168,0.471,3.665,0.008,4.144,6.298,16644,23067,0,36,33,33,1264944,33984,29,31,0
2169,0.522,12.073,0.009,12.605,4.255,16644,23067,0,36,33,33,1264944,33984,29,31,0
2170,0.537,7.267,0.010,7.814,12.719,16644,23067,0,36,33,33,1264944,33984,29,31,0
2171,0.536,0.659,0.013,1.208,7.936,16644,23067,0,36,33,33,1264944,33984,29,31,0
2172,0.550,0.289,0.010,0.849,1.324,16644,23067,0,36,33,33,1264944,33984,29,31,0
2173,0.536,0.253,0.013,0.802,0.961,16644,23067,0,36,33,33,1264944,33984,29,31,0
2174,0.540,0.283,0.009,0.831,0.898,16644,23067,0,36,33,33,1264944,33984,29,31,0
2175,0.527,3.351,0.011,3.889,0.930,16644,23067,0,36,33,33,1264944,33984,29,31,0
2176,0.525,3.581,0.013,4.120,4.009,16644,23067,0,36,33,33,1264944,33984,29,31,0
2177,0.554,12.209,0.012,12.774,4.238,16644,23067,0,36,33,33,1264944,33984,29,31,0
2178,0.546,7.440,0.008,7.993,12.893,16644,23067,0,36,33,33,1264944,33984,29,31,0
2179,0.566,0.537,0.013,1.117,8.124,16644,23067,0,36,33,33,1264944,33984,29,31,0
2180,0.604,0.321,0.011,0.936,1.246,16644,23067,0,36,33,33,1264944,33984,29,31,0
2181,0.601,0.349,0.012,0.962,1.061,16644,23067,0,36,33,33,1264944,33984,29,31,0
2182,0.578,2.896,0.011,3.485,1.074,16644,23067,0,36,33,33,1264944,33984,29,31,0
2183,0.579,0.314,0.012,0.905,3.628,16644,23067,0,36,33,33,1264944,33984,29,31,0
2184,0.569,3.542,0.007,4.119,1.026,16644,23067,0,36,33,33,1264944,33984,29,31,0
2185,0.589,12.242,0.009,12.840,4.257,16644,23067,0,36,33,33,1264944,33984,29,31,0
2186,0.574,7.259,0.010,7.843,12.970,16644,23067,0,36,33,33,1264944,33984,29,31,0
2187,0.625,0.432,0.013,1.069,7.988,16644,23067,0,36,33,33,1264944,33984,29,31,0
2188,0.633,0.344,0.010,0.987,1.208,16644,23067,0,36,33,33,1264944,33984,29,31,0
2189,0.623,0.321,0.012,0.956,1.115,16644,23067,0,36,33,33,1264944,33984,29,31,0
2190,0.630,0.319,0.011,0.959,1.088,16644,23067,0,36,33,33,1264944,33984,29,31,0
2191,0.633,3.205,0.012,3.850,1.077,16644,23067,0,36,33,33,1264944,33984,29,31,0
2192,0.589,2.784,0.010,3.383,3.981,16644,23067,0,36,33,33,1264944,33984,29,31,0
2193,0.600,12.676,0.012,13.287,3.509,16644,23067,0,36,33,33,1264944,33984,29,31,0
2194,0.645,7.196,0.011,7.852,13.431,16644,23067,0,36,33,33,1264944,33984,29,31,0
2195,0.641,0.414,0.011,1.066,8.007,16644,23067,0,36,33,33,1264944,33984,29,31,0
2196,0.651,0.342,0.006,0.999,1.196,16644,23067,0,36,33,33,1264944,33984,29,31,0
2197,0.642,0.312,0.011,0.965,1.134,16644,23067,0,36,33,33,1264944,33984,29,31,0
2198,0.657,0.340,0.012,1.008,1.085,16644,23067,0,36,33,33,1264944,33984,29,31,0
2199,0.636,2.806,0.011,3.454,1.138,16644,23067,0,36,33,33,1264944,33984,29,31,0
2200,0.612,3.308,0.009,3.929,3.597,16644,23067,0,36,33,33,1264944,33984,29,31,0
2201,0.634,12.262,0.008,12.905,4.091,16644,23067,0,36,33,33,1264944,33984,29,31,0
2202,0.623,7.251,0.011,7.885,13.074,16644,23067,0,36,33,33,1264944,33984,29,31,0
2203,0.699,0.404,0.013,1.116,8.049,16644,23067,0,36,33,33,1264944,33984,29,31,0
2204,0.666,0.354,0.011,1.031,1.280,16644,23067,0,36,33,33,1264944,33984,29,31,0
2205,0.642,0.367,0.009,1.018,1.173,16644,23067,0,36,33,33,1264944,33984,29,31,0
2206,0.672,0.363,0.014,1.050,1.154,16644,23067,0,36,33,33,1264944,33984,29,31,0
2207,0.660,11.573,0.015,12.248,1.184,16644,23067,0,36,33,33,1264944,33984,29,31,0
2208,0.715,7.744,0.012,8.470,12.415,16644,23067,0,36,33,33,1264944,33984,29,31,0
2209,0.732,6.900,0.013,7.646,8.635,16644,23067,0,36,33,33,1264944,33984,29,31,0
2210,0.687,0.409,0.013,1.109,7.812,16644,23067,0,36,33,33,1264944,33984,29,31,0
2211,0.710,0.385,0.014,1.109,1.254,16644,23067,0,36,33,33,1264944,33984,29,31,0
2212,0.718,0.381,0.017,1.115,1.265,16644,23067,0,36,33,33,1264944,33984,29,31,0
2213,0.754,3.249,0.012,4.015,1.254,16644,23067,0,36,33,33,1264944,33984,29,31,0
2214,0.700,3.069,0.010,3.779,4.177,16644,23067,0,36,33,33,1264944,33984,29,31,0
2215,0.683,12.640,0.012,13.335,3.937,16644,23067,0,36,33,33,1264944,33984,29,31,0
2216,0.729,6.864,0.011,7.604,13.485,16644,23067,0,36,33,33,1264944,33984,29,31,0
2217,0.805,0.470,0.021,1.296,7.788,16644,23067,0,36,33,33,1264944,33984,29,31,0
2218,0.860,0.397,0.013,1.269,1.473,16644,23067,0,36,33,33,1264944,33984,29,31,0
2219,0.723,0.343,0.016,1.082,1.418,16644,23067,0,36,33,33,1264944,33984,29,31,0
2220,0.758,2.967,0.015,3.739,1.233,16644,23067,0,36,33,33,1264944,33984,29,31,0
2221,0.684,3.412,0.020,4.116,3.901,16644,23067,0,36,33,33,1264944,33984,29,31,0
2222,0.713,12.713,0.018,13.445,4.271,16644,23067,0,36,33,33,1264944,33984,29,31,0
2223,0.816,6.369,0.012,7.197,13.632,16644,23067,0,36,33,33,1264944,33984,29,31,0
2224,0.798,0.350,0.014,1.162,7.393,16644,23067,0,36,33,33,1264944,33984,29,31,0
2225,0.800,0.450,0.010,1.260,1.327,16644,23067,0,36,33,33,1264944,33984,29,31,0
2226,0.821,0.402,0.022,1.245,1.438,16644,23067,0,36,33,33,1264944,33984,29,31,0
2227,0.715,0.389,0.015,1.120,1.404,16644,23067,0,36,33,33,1264944,33984,29,31,0
2228,0.729,1.753,0.015,2.498,1.260,16644,23067,0,36,33,33,1264944,33984,29,31,0
2229,0.707,3.270,0.014,3.990,2.640,16644,23067,0,36,33,33,1264944,33984,29,31,0
2230,0.729,12.315,0.014,13.058,4.152,16644,23067,0,36,33,33,1264944,33984,29,31,0
2231,0.825,6.760,0.014,7.599,13.260,16644,23067,0,36,33,33,1264944,33984,29,31,0
2232,0.800,0.336,0.014,1.150,7.785,16644,23067,0,36,33,33,1264944,33984,29,31,0
2233,0.817,0.406,0.015,1.238,1.323,16644,23067,0,36,33,33,1264944,33984,29,31,0
2234,0.781,0.362,0.014,1.157,1.407,16644,23067,0,36,33,33,1264944,33984,29,31,0
2235,0.717,2.271,0.015,3.003,1.309,16644,23067,0,36,33,33,1264944,33984,29,31,0
2236,0.733,0.421,0.012,1.165,3.151,16644,23067,0,36,33,33,1264944,33984,29,31,0
2237,0.709,2.746,0.011,3.465,1.320,16644,23067,0,36,33,33,1264944,33984,29,31,0
2238,0.778,12.279,0.014,13.070,3.638,16644,23067,0,36,33,33,1264944,33984,29,31,0
2239,0.802,6.939,0.013,7.754,13.259,16644,23067,0,36,33,33,1264944,33984,29,31,0
2240,0.801,0.419,0.018,1.238,7.945,16644,23067,0,36,33,33,1264944,33984,29,31,0
2241,0.832,0.450,0.011,1.292,1.413,16644,23067,0,36,33,33,1264944,33984,29,31,0
2242,0.801,0.416,0.009,1.226,1.464,16644,23067,0,36,33,33,1264944,33984,29,31,0
2243,0.832,0.540,0.013,1.385,1.400,16644,23067,0,36,33,33,1264944,33984,29,31,0
2244,0.816,1.346,0.018,2.179,1.555,16644,23067,0,36,33,33,1264944,33984,29,31,0
2245,0.804,2.937,0.014,3.755,2.353,16644,23067,0,36,33,33,1264944,33984,29,31,0
2246,0.823,12.207,0.013,13.043,3.948,16644,23067,0,36,33,33,1264944,33984,29,31,0
2247,0.804,6.969,0.010,7.784,13.216,16644,23067,0,36,33,33,1264944,33984,29,31,0
2248,0.796,0.363,0.013,1.173,7.966,16644,23067,0,36,33,33,1264944,33984,29,31,0
2249,0.803,0.408,0.018,1.230,1.340,16644,23067,0,36,33,33,1264944,33984,29,31,0
2250,0.790,0.383,0.012,1.185,1.405,16644,23067,0,36,33,33,1264944,33984,29,31,0
2251,0.796,0.397,0.014,1.207,1.354,16644,23067,0,36,33,33,1264944,33984,29,31,0
2252,0.798,10.727,0.009,11.535,1.375,16644,23067,0,36,33,33,1264944,33984,29,31,0
2253,0.809,7.987,0.015,8.812,11.713,16644,23067,0,36,33,33,1264944,33984,29,31,0
2254,0.785,6.291,0.018,7.094,8.996,16644,23067,0,36,33,33,1264944,33984,29,31,0
2255,0.907,6.853,0.017,7.778,7.299,16644,23067,0,36,33,33,1264944,33984,29,31,0
2256,0.945,7.656,0.017,8.618,7.980,16644,23067,0,36,33,33,1264944,33984,29,31,0
2257,0.980,7.211,0.026,8.217,8.831,16644,23067,0,36,33,33,1264944,33984,29,31,0
2258,0.944,6.867,0.020,7.831,8.428,16644,23067,0,36,33,33,1264944,33984,29,31,0
2259,1.107,0.519,0.033,1.658,8.089,16644,23067,0,36,33,33,1264944,33984,29,31,0
2260,1.005,0.495,0.021,1.521,1.898,16644,23067,0,36,33,33,1264944,33984,29,31,0
2261,0.981,0.546,0.021,1.548,1.721,16644,23067,0,36,33,33,1264944,33984,29,31,0
2262,1.030,1.548,0.021,2.599,1.757,16644,23067,0,36,33,33,1264944,33984,29,31,0
2263,0.987,2.036,0.017,3.040,2.812,16644,23067,0,36,33,33,1264944,33984,29,31,0
2264,0.966,13.147,0.014,14.126,3.245,16644,23067,0,36,33,33,1264944,33984,29,31,0
2265,0.940,6.464,0.019,7.423,14.345,16644,23067,0,36,33,33,1264944,33984,29,31,0
2266,0.957,0.405,0.041,1.403,7.638,16644,23067,0,36,33,33,1264944,33984,29,31,0
2267,0.958,0.483,0.017,1.457,1.612,16644,23067,0,36,33,33,1264944,33984,29,31,0
2268,0.948,0.605,0.012,1.565,1.671,16644,23067,0,36,33,33,1264944,33984,29,31,0
2269,0.987,1.988,0.019,2.994,1.765,16644,23067,0,36,33,33,1264944,33984,29,31,0
2270,0.848,3.135,0.012,3.994,3.205,16644,23067,0,36,33,33,1264944,33984,29,31,0
2271,0.861,11.996,0.015,12.872,4.179,16644,23067,0,36,33,33,1264944,33984,29,31,0
2272,0.960,6.725,0.016,7.702,13.092,16644,23067,0,36,33,33,1264944,33984,29,31,0
2273,0.943,0.426,0.017,1.385,7.917,16644,23067,0,36,33,33,1264944,33984,29,31,0
2274,0.958,0.470,0.015,1.443,1.580,16644,23067,0,36,33,33,1264944,33984,29,31,0
2275,0.966,1.813,0.019,2.798,1.641,16644,23067,0,36,33,33,1264944,33984,29,31,0
2276,0.989,0.461,0.022,1.472,3.001,16644,23067,0,36,33,33,1264944,33984,29,31,0
2277,0.787,3.091,0.021,3.899,1.644,16644,23067,0,36,33,33,1264944,33984,29,31,0
2278,0.808,12.378,0.016,13.203,4.086,16644,23067,0,36,33,33,1264944,33984,29,31,0
2279,0.959,6.816,0.024,7.799,13.410,16644,23067,0,36,33,33,1264944,33984,29,31,0
2280,0.938,0.390,0.016,1.343,8.027,16644,23067,0,36,33,33,1264944,33984,29,31,0
2281,0.956,0.454,0.016,1.426,1.530,16644,23067,0,36,33,33,1264944,33984,29,31,0
2282,0.925,0.694,0.019,1.637,1.633,16644,23067,0,36,33,33,1264944,33984,29,31,0
2283,1.014,1.658,0.016,2.688,1.841,16644,23067,0,36,33,33,1264944,33984,29,31,0
2284,0.921,3.272,0.011,4.204,2.895,16644,23067,0,36,33,33,1264944,33984,29,31,0
2285,0.921,11.975,0.017,12.912,4.415,16644,23067,0,36,33,33,1264944,33984,29,31,0
2286,0.969,6.697,0.015,7.681,13.128,16644,23067,0,36,33,33,1264944,33984,29,31,0
2287,0.918,0.389,0.017,1.325,7.902,16644,23067,0,36,33,33,1264944,33984,29,31,0
2288,0.930,0.844,0.021,1.796,1.515,16644,23067,0,36,33,33,1264944,33984,29,31,0
2289,0.988,0.742,0.015,1.745,1.995,16644,23067,0,36,33,33,1264944,33984,29,31,0
2290,0.942,0.452,0.020,1.414,1.947,16644,23067,0,36,33,33,1264944,33984,29,31,0
2291,0.969,2.176,0.016,3.162,1.622,16644,23067,0,36,33,33,1264944,33984,29,31,0
2292,0.912,13.841,0.015,14.769,3.377,16644,23067,0,36,33,33,1264944,33984,29,31,0
2293,0.953,6.637,0.013,7.603,14.977,16644,23067,0,36,33,33,1264944,33984,29,31,0
2294,1.095,0.479,0.017,1.590,7.878,16644,23067,0,36,33,33,1264944,33984,29,31,0
2295,0.959,0.433,0.016,1.408,1.785,16644,23067,0,36,33,33,1264944,33984,29,31,0
2296,0.965,0.561,0.026,1.552,1.604,16644,23067,0,36,33,33,1264944,33984,29,31,0
2297,0.998,1.570,0.022,2.590,1.742,16644,23067,0,36,33,33,1264944,33984,29,31,0
2298,0.929,2.656,0.018,3.603,2.959,16644,23067,0,36,33,33,1264944,33984,29,31,0
2299,0.927,12.345,0.018,13.289,3.815,16644,23067,0,36,33,33,1264944,33984,29,31,0
2300,0.939,6.703,0.014,7.657,13.507,16644,23067,0,36,33,33,1264944,33984,29,31,0
2301,1.080,0.527,0.019,1.627,7.858,16644,23067,0,36,33,33,1264944,33984,29,31,0
2302,1.047,0.458,0.016,1.520,1.877,16644,23067,0,36,33,33,1264944,33984,29,31,0
2303,0.938,0.530,0.016,1.484,1.722,16644,23067,0,36,33,33,1264944,33984,29,31,0
2304,0.955,0.423,0.014,1.392,1.681,16644,23067,0,36,33,33,1264944,33984,29,31,0
2305,0.934,0.422,0.015,1.371,1.593,16644,23067,0,36,33,33,1264944,33984,29,31,0
2306,0.894,2.469,0.012,3.376,1.572,16644,23067,0,36,33,33,1264944,33984,29,31,0
2307,0.987,12.332,0.015,13.334,3.579,16644,23067,0,36,33,33,1264944,33984,29,31,0
2308,0.948,6.651,0.015,7.615,13.547,16644,23067,0,36,33,33,1264944,33984,29,31,0
2309,0.943,0.435,0.025,1.403,7.856,16644,23067,0,36,33,33,1264944,33984,29,31,0
2310,0.921,0.523,0.013,1.457,1.597,16644,23067,0,36,33,33,1264944,33984,29,31,0
2311,0.906,0.529,0.015,1.450,1.644,16644,23067,0,36,33,33,1264944,33984,29,31,0
2312,0.826,0.367,0.017,1.210,1.626,16644,23067,0,36,33,33,1264944,33984,29,31,0
2313,0.819,0.455,0.014,1.288,1.381,16644,23067,0,36,33,33,1264944,33984,29,31,0
2314,0.822,2.899,0.011,3.733,1.459,16644,23067,0,36,33,33,1264944,33984,29,31,0
2315,0.810,12.425,0.032,13.268,3.923,16644,23067,0,36,33,33,1264944,33984,29,31,0
2316,0.794,6.995,0.017,7.806,13.466,16644,23067,0,36,33,33,1264944,33984,29,31,0
2317,0.925,0.405,0.020,1.350,8.018,16644,23067,0,36,33,33,1264944,33984,29,31,0
2318,0.795,0.558,0.022,1.375,1.519,16644,23067,0,36,33,33,1264944,33984,29,31,0
2319,0.829,0.446,0.013,1.288,1.563,16644,23067,0,36,33,33,1264944,33984,29,31,0
2320,0.819,0.432,0.013,1.265,1.461,16644,23067,0,36,33,33,1264944,33984,29,31,0
2321,0.811,10.111,0.010,10.933,1.435,16644,23067,0,36,33,33,1264944,33984,29,31,0
2322,0.853,7.183,0.010,8.046,11.114,16644,23067,0,36,33,33,1264944,33984,29,31,0
2323,0.800,6.976,0.009,7.786,8.252,16644,23067,0,36,33,33,1264944,33984,29,31,0
2324,0.789,0.379,0.016,1.184,7.983,16644,23067,0,36,33,33,1264944,33984,29,31,0
2325,0.955,0.463,0.022,1.440,1.379,16644,23067,0,36,33,33,1264944,33984,29,31,0
2326,0.804,0.573,0.009,1.387,1.634,16644,23067,0,36,33,33,1264944,33984,29,31,0
2327,0.794,0.427,0.021,1.242,1.556,16644,23067,0,36,33,33,1264944,33984,29,31,0
2328,0.812,10.145,0.016,10.972,1.423,16644,23067,0,36,33,33,1264944,33984,29,31,0
2329,0.861,7.565,0.014,8.439,11.155,16644,23067,0,36,33,33,1264944,33984,29,31,0
2330,0.883,6.667,0.017,7.567,8.618,16644,23067,0,36,33,33,1264944,33984,29,31,0
2331,0.914,0.396,0.015,1.324,7.788,16644,23067,0,36,33,33,1264944,33984,29,31,0
2332,0.894,0.499,0.020,1.412,1.516,16644,23067,0,36,33,33,1264944,33984,29,31,0
2333,0.825,0.432,0.010,1.267,1.593,16644,23067,0,36,33,33,1264944,33984,29,31,0
2334,0.829,0.428,0.014,1.271,1.450,16644,23067,0,36,33,33,1264944,33984,29,31,0
2335,0.801,9.594,0.025,10.421,1.440,16644,23067,0,36,33,33,1264944,33984,29,31,0
2336,0.849,7.863,0.015,8.727,10.614,16644,23067,0,36,33,33,1264944,33984,29,31,0
2337,0.862,6.595,0.015,7.473,8.913,16644,23067,0,36,33,33,1264944,33984,29,31,0
2338,0.929,0.368,0.024,1.322,7.697,16644,23067,0,36,33,33,1264944,33984,29,31,0
2339,0.816,0.385,0.016,1.217,1.510,16644,23067,0,36,33,33,1264944,33984,29,31,0
2340,0.770,0.676,0.016,1.462,1.388,16644,23067,0,36,33,33,1264944,33984,29,31,0
2341,0.875,2.316,0.014,3.205,1.643,16644,23067,0,36,33,33,1264944,33984,29,31,0
2342,0.805,3.262,0.011,4.078,3.383,16644,23067,0,36,33,33,1264944,33984,29,31,0
2343,0.834,12.087,0.015,12.936,4.259,16644,23067,0,36,33,33,1264944,33984,29,31,0
2344,0.962,6.883,0.014,7.859,13.164,16644,23067,0,36,33,33,1264944,33984,29,31,0
2345,0.929,0.376,0.017,1.322,8.069,16644,23067,0,36,33,33,1264944,33984,29,31,0
2346,0.916,0.419,0.021,1.356,1.521,16644,23067,0,36,33,33,1264944,33984,29,31,0
2347,0.857,0.457,0.012,1.326,1.549,16644,23067,0,36,33,33,1264944,33984,29,31,0
2348,0.854,0.404,0.014,1.271,1.514,16644,23067,0,36,33,33,1264944,33984,29,31,0
2349,0.778,1.991,0.011,2.780,1.444,16644,23067,0,36,33,33,1264944,33984,29,31,0
2350,0.811,15.246,0.027,16.084,2.956,16644,23067,0,36,33,33,1264944,33984,29,31,0
2351,0.979,6.746,0.011,7.736,16.301,16644,23067,0,36,33,33,1264944,33984,29,31,0
2352,0.907,0.415,0.044,1.366,7.956,16644,23067,0,36,33,33,1264944,33984,29,31,0
2353,0.934,0.639,0.016,1.589,1.569,16644,23067,0,36,33,33,1264944,33984,29,31,0
2354,0.984,0.521,0.016,1.522,1.796,16644,23067,0,36,33,33,1264944,33984,29,31,0
2355,0.840,0.428,0.015,1.284,1.718,16644,23067,0,36,33,33,1264944,33984,29,31,0
2356,0.833,9.380,0.016,10.229,1.479,16644,23067,0,36,33,33,1264944,33984,29,31,0
2357,0.841,7.991,0.015,8.848,10.423,16644,23067,0,36,33,33,1264944,33984,29,31,0
2358,0.819,6.750,0.018,7.587,9.034,16644,23067,0,36,33,33,1264944,33984,29,31,0
2359,0.929,0.657,0.016,1.603,7.803,16644,23067,0,36,33,33,1264944,33984,29,31,0
2360,0.943,0.484,0.014,1.440,1.819,16644,23067,0,36,33,33,1264944,33984,29,31,0
2361,0.943,0.504,0.017,1.463,1.726,16644,23067,0,36,33,33,1264944,33984,29,31,0
2362,0.846,10.245,0.025,11.116,1.639,16644,23067,0,36,33,33,1264944,33984,29,31,0
2363,0.859,7.866,0.017,8.743,11.302,16644,23067,0,36,33,33,1264944,33984,29,31,0
2364,0.998,6.221,0.016,7.234,8.946,16644,23067,0,36,33,33,1264944,33984,29,31,0
2365,0.929,0.407,0.016,1.352,7.444,16644,23067,0,36,33,33,1264944,33984,29,31,0
2366,0.930,0.526,0.025,1.482,1.548,16644,23067,0,36,33,33,1264944,33984,29,31,0
2367,0.914,1.574,0.016,2.503,1.687,16644,23067,0,36,33,33,1264944,33984,29,31,0
2368,0.868,0.895,0.014,1.776,2.688,16644,23067,0,36,33,33,1264944,33984,29,31,0
2369,0.824,3.525,0.009,4.358,1.944,16644,23067,0,36,33,33,1264944,33984,29,31,0
2370,0.821,12.026,0.019,12.865,4.554,16644,23067,0,36,33,33,1264944,33984,29,31,0
2371,0.985,6.759,0.017,7.761,13.092,16644,23067,0,36,33,33,1264944,33984,29,31,0
2372,0.929,0.392,0.016,1.337,7.986,16644,23067,0,36,33,33,1264944,33984,29,31,0
2373,0.917,0.592,0.027,1.535,1.540,16644,23067,0,36,33,33,1264944,33984,29,31,0
2374,0.977,0.527,0.015,1.519,1.734,16644,23067,0,36,33,33,1264944,33984,29,31,0
2375,1.024,1.511,0.021,2.555,1.721,16644,23067,0,36,33,33,1264944,33984,29,31,0
2376,0.927,2.811,0.020,3.758,2.765,16644,23067,0,36,33,33,1264944,33984,29,31,0
2377,0.982,12.276,0.016,13.274,3.987,16644,23067,0,36,33,33,1264944,33984,29,31,0
2378,0.985,6.817,0.020,7.822,13.489,16644,23067,0,36,33,33,1264944,33984,29,31,0
2379,0.963,0.400,0.028,1.391,8.052,16644,23067,0,36,33,33,1264944,33984,29,31,0
2380,0.958,0.396,0.016,1.371,1.580,16644,23067,0,36,33,33,1264944,33984,29,31,0
2381,0.938,0.628,0.027,1.593,1.570,16644,23067,0,36,33,33,1264944,33984,29,31,0
2382,0.957,0.419,0.022,1.398,1.798,16644,23067,0,36,33,33,1264944,33984,29,31,0
2383,0.862,0.389,0.012,1.262,1.592,16644,23067,0,36,33,33,1264944,33984,29,31,0
2384,0.801,3.155,0.018,3.974,1.429,16644,23067,0,36,33,33,1264944,33984,29,31,0
2385,0.844,12.112,0.016,12.973,4.174,16644,23067,0,36,33,33,1264944,33984,29,31,0
2386,0.959,6.548,0.017,7.525,13.220,16644,23067,0,36,33,33,1264944,33984,29,31,0
2387,0.916,0.428,0.015,1.359,7.731,16644,23067,0,36,33,33,1264944,33984,29,31,0
2388,0.920,0.653,0.026,1.598,1.550,16644,23067,0,36,33,33,1264944,33984,29,31,0
2389,0.952,0.370,0.014,1.336,1.794,16644,23067,0,36,33,33,1264944,33984,29,31,0
2390,0.889,0.428,0.021,1.338,1.512,16644,23067,0,36,33,33,1264944,33984,29,31,0
2391,0.823,0.752,0.018,1.593,1.522,16644,23067,0,36,33,33,1264944,33984,29,31,0
2392,0.798,3.423,0.015,4.237,1.747,16644,23067,0,36,33,33,1264944,33984,29,31,0
2393,0.818,11.789,0.017,12.624,4.416,16644,23067,0,36,33,33,1264944,33984,29,31,0
2394,0.914,6.814,0.013,7.741,12.831,16644,23067,0,36,33,33,1264944,33984,29,31,0
2395,0.804,0.322,0.014,1.140,7.920,16644,23067,0,36,33,33,1264944,33984,29,31,0
2396,0.831,0.444,0.014,1.288,1.310,16644,23067,0,36,33,33,1264944,33984,29,31,0
2397,0.792,0.399,0.010,1.201,1.470,16644,23067,0,36,33,33,1264944,33984,29,31,0
2398,0.816,0.417,0.010,1.244,1.373,16644,23067,0,36,33,33,1264944,33984,29,31,0
2399,0.783,10.507,0.016,11.307,1.409,16644,23067,0,36,33,33,1264944,33984,29,31,0
2400,0.825,7.689,0.020,8.534,11.499,16644,23067,0,36,33,33,1264944,33984,29,31,0
2401,0.841,6.423,0.014,7.279,8.720,16644,23067,0,36,33,33,1264944,33984,29,31,0
2402,0.801,0.325,0.016,1.142,7.459,16644,23067,0,36,33,33,1264944,33984,29,31,0
2403,0.774,0.382,0.013,1.170,1.317,16644,23067,0,36,33,33,1264944,33984,29,31,0
2404,0.784,0.400,0.014,1.199,1.342,16644,23067,0,36,33,33,1264944,33984,29,31,0
2405,0.807,3.452,0.011,4.270,1.361,16644,23067,0,36,33,33,1264944,33984,29,31,0
2406,0.782,2.764,0.017,3.563,4.445,16644,23067,0,36,33,33,1264944,33984,29,31,0
2407,0.829,12.275,0.016,13.119,3.751,16644,23067,0,36,33,33,1264944,33984,29,31,0
2408,0.942,6.806,0.023,7.771,13.333,16644,23067,0,36,33,33,1264944,33984,29,31,0
2409,0.954,0.412,0.017,1.382,7.991,16644,23067,0,36,33,33,1264944,33984,29,31,0
2410,0.948,0.446,0.023,1.418,1.582,16644,23067,0,36,33,33,1264944,33984,29,31,0
2411,0.965,0.515,0.013,1.492,1.619,16644,23067,0,36,33,33,1264944,33984,29,31,0
2412,0.858,2.266,0.015,3.138,1.687,16644,23067,0,36,33,33,1264944,33984,29,31,0
2413,0.800,4.217,0.018,5.035,3.316,16644,23067,0,36,33,33,1264944,33984,29,31,0
2414,0.793,11.206,0.013,12.012,5.226,16644,23067,0,36,33,33,1264944,33984,29,31,0
2415,0.914,6.780,0.016,7.710,12.233,16644,23067,0,36,33,33,1264944,33984,29,31,0
2416,0.935,0.392,0.014,1.341,7.930,16644,23067,0,36,33,33,1264944,33984,29,31,0
2417,0.945,0.488,0.014,1.447,1.531,16644,23067,0,36,33,33,1264944,33984,29,31,0
2418,0.950,0.526,0.014,1.490,1.642,16644,23067,0,36,33,33,1264944,33984,29,31,0
2419,0.974,1.663,0.014,2.652,1.699,16644,23067,0,36,33,33,1264944,33984,29,31,0
2420,0.932,3.262,0.013,4.207,2.862,16644,23067,0,36,33,33,1264944,33984,29,31,0
