rust	Set up job	﻿2026-10-08T15:15:51.2488610Z Current runner version: '2.337.0'
rust	Set up job	2026-10-08T15:15:51.2504830Z ##[group]Runner Image Provisioner
rust	Set up job	2026-10-08T15:15:51.2505410Z Hosted Compute Agent
rust	Set up job	2026-10-08T15:15:51.2505780Z Version: 20260828.587
rust	Set up job	2026-10-08T15:15:51.2506180Z Commit: abac92662cab4cc7352de4f9f9d2e2419aad9c29
rust	Set up job	2026-10-08T15:15:51.2506680Z Build Date: 2026-08-28T16:44:25Z
rust	Set up job	2026-10-08T15:15:51.2507130Z Worker ID: {d0b815a7-f877-4ed5-8e65-456925361f30}
rust	Set up job	2026-10-08T15:15:51.2507720Z Azure Region: westus
rust	Set up job	2026-10-08T15:15:51.2510260Z ##[endgroup]
rust	Set up job	2026-10-08T15:15:51.2513530Z ##[group]Operating System
rust	Set up job	2026-10-08T15:15:51.2514650Z macOS
rust	Set up job	2026-10-08T15:15:51.2515000Z 15.7.9
rust	Set up job	2026-10-08T15:15:51.2515340Z 24G830
rust	Set up job	2026-10-08T15:15:51.2515690Z ##[endgroup]
rust	Set up job	2026-10-08T15:15:51.2516070Z ##[group]Runner Image
rust	Set up job	2026-10-08T15:15:51.2517120Z Image: macos-15-arm64
rust	Set up job	2026-10-08T15:15:51.2517610Z Version: 20260907.0337.1
rust	Set up job	2026-10-08T15:15:51.2518360Z Included Software: https://github.com/actions/runner-images/blob/macos-15-arm64/20260907.0337/images/macos/macos-15-arm64-Readme.md
rust	Set up job	2026-10-08T15:15:51.2519570Z Image Release: https://github.com/actions/runner-images/releases/tag/macos-15-arm64%2F20260907.0337
rust	Set up job	2026-10-08T15:15:51.2520220Z ##[endgroup]
rust	Set up job	2026-10-08T15:15:51.2521000Z ##[group]GITHUB_TOKEN Permissions
rust	Set up job	2026-10-08T15:15:51.2522890Z Contents: read
rust	Set up job	2026-10-08T15:15:51.2523290Z Metadata: read
rust	Set up job	2026-10-08T15:15:51.2523650Z ##[endgroup]
rust	Set up job	2026-10-08T15:15:51.2525180Z Secret source: Actions
rust	Set up job	2026-10-08T15:15:51.2525760Z Cache mode: write
rust	Set up job	2026-10-08T15:15:51.2526230Z Prepare workflow directory
rust	Set up job	2026-10-08T15:15:51.2982170Z Prepare all required actions
rust	Set up job	2026-10-08T15:15:51.3021300Z Getting action download info
rust	Set up job	2026-10-08T15:15:51.7311850Z Download action repository 'actions/checkout@3d3c42e5aac5ba805825da76410c181273ba90b1' (SHA:3d3c42e5aac5ba805825da76410c181273ba90b1)
rust	Set up job	2026-10-08T15:15:52.0400140Z Complete job name: rust
rust	Check out source	﻿2026-10-08T15:15:52.0916340Z ##[group]Run actions/checkout@3d3c42e5aac5ba805825da76410c181273ba90b1
rust	Check out source	2026-10-08T15:15:52.0917130Z with:
rust	Check out source	2026-10-08T15:15:52.0917460Z   lfs: true
rust	Check out source	2026-10-08T15:15:52.0917800Z   persist-credentials: false
rust	Check out source	2026-10-08T15:15:52.0918240Z   repository: csd113/Places
rust	Check out source	2026-10-08T15:15:52.0921190Z   token: ***
rust	Check out source	2026-10-08T15:15:52.0921510Z   ssh-strict: true
rust	Check out source	2026-10-08T15:15:52.0921830Z   ssh-user: git
rust	Check out source	2026-10-08T15:15:52.0922140Z   clean: true
rust	Check out source	2026-10-08T15:15:52.0922470Z   sparse-checkout-cone-mode: true
rust	Check out source	2026-10-08T15:15:52.0922860Z   fetch-depth: 1
rust	Check out source	2026-10-08T15:15:52.0923180Z   fetch-tags: false
rust	Check out source	2026-10-08T15:15:52.0923510Z   show-progress: true
rust	Check out source	2026-10-08T15:15:52.0923850Z   submodules: false
rust	Check out source	2026-10-08T15:15:52.0924510Z   set-safe-directory: true
rust	Check out source	2026-10-08T15:15:52.0924920Z   allow-unsafe-pr-checkout: false
rust	Check out source	2026-10-08T15:15:52.0925800Z ##[endgroup]
rust	Check out source	2026-10-08T15:15:52.5657650Z Syncing repository: csd113/Places
rust	Check out source	2026-10-08T15:15:52.5683350Z ##[group]Getting Git version info
rust	Check out source	2026-10-08T15:15:52.5687140Z Working directory is '/Users/runner/work/Places/Places'
rust	Check out source	2026-10-08T15:15:52.5689890Z [command]/opt/homebrew/bin/git version
rust	Check out source	2026-10-08T15:15:52.6281900Z git version 2.55.0
rust	Check out source	2026-10-08T15:15:52.6320570Z [command]/opt/homebrew/bin/git lfs version
rust	Check out source	2026-10-08T15:15:52.7811710Z git-lfs/3.8.0 (GitHub; darwin arm64; go 1.27.0)
rust	Check out source	2026-10-08T15:15:52.8020980Z ##[endgroup]
rust	Check out source	2026-10-08T15:15:52.8027060Z Copying '/Users/runner/.gitconfig' to '/Users/runner/work/_temp/914a8934-f048-495a-b253-0e2a211f26cb/.gitconfig'
rust	Check out source	2026-10-08T15:15:52.8028230Z Temporarily overriding HOME='/Users/runner/work/_temp/914a8934-f048-495a-b253-0e2a211f26cb' before making global git config changes
rust	Check out source	2026-10-08T15:15:52.8029740Z Adding repository directory to the temporary git global config as a safe directory
rust	Check out source	2026-10-08T15:15:52.8031030Z [command]/opt/homebrew/bin/git config --global --add safe.directory /Users/runner/work/Places/Places
rust	Check out source	2026-10-08T15:15:52.8046220Z Deleting the contents of '/Users/runner/work/Places/Places'
rust	Check out source	2026-10-08T15:15:52.8050200Z ##[group]Determining repository object format
rust	Check out source	2026-10-08T15:15:52.8053270Z ##[endgroup]
rust	Check out source	2026-10-08T15:15:52.8054180Z ##[group]Initializing the repository
rust	Check out source	2026-10-08T15:15:52.8055400Z [command]/opt/homebrew/bin/git init /Users/runner/work/Places/Places
rust	Check out source	2026-10-08T15:15:52.8250360Z hint: Using 'master' as the name for the initial branch. This default branch name
rust	Check out source	2026-10-08T15:15:52.8268060Z hint: will change to "main" in Git 3.0. To configure the initial branch name
rust	Check out source	2026-10-08T15:15:52.8354790Z hint: to use in all of your new repositories, which will suppress this warning,
rust	Check out source	2026-10-08T15:15:52.8387430Z hint: call:
rust	Check out source	2026-10-08T15:15:52.8473900Z hint:
rust	Check out source	2026-10-08T15:15:52.8517850Z hint: 	git config --global init.defaultBranch <name>
rust	Check out source	2026-10-08T15:15:52.8523940Z hint:
rust	Check out source	2026-10-08T15:15:52.8555160Z hint: Names commonly chosen instead of 'master' are 'main', 'trunk' and
rust	Check out source	2026-10-08T15:15:52.8556240Z hint: 'development'. The just-created branch can be renamed via this command:
rust	Check out source	2026-10-08T15:15:52.8561530Z hint:
rust	Check out source	2026-10-08T15:15:52.8563520Z hint: 	git branch -m <name>
rust	Check out source	2026-10-08T15:15:52.8564050Z hint:
rust	Check out source	2026-10-08T15:15:52.8564660Z hint: Disable this message with "git config set advice.defaultBranchName false"
rust	Check out source	2026-10-08T15:15:52.8565440Z Initialized empty Git repository in /Users/runner/work/Places/Places/.git/
rust	Check out source	2026-10-08T15:15:52.8567210Z [command]/opt/homebrew/bin/git remote add origin https://github.com/csd113/Places
rust	Check out source	2026-10-08T15:15:52.8569330Z ##[endgroup]
rust	Check out source	2026-10-08T15:15:52.8571630Z ##[group]Disabling automatic garbage collection
rust	Check out source	2026-10-08T15:15:52.8572340Z [command]/opt/homebrew/bin/git config --local gc.auto 0
rust	Check out source	2026-10-08T15:15:52.8574450Z ##[endgroup]
rust	Check out source	2026-10-08T15:15:52.8575100Z ##[group]Setting up auth
rust	Check out source	2026-10-08T15:15:52.8580830Z Removing SSH command configuration
rust	Check out source	2026-10-08T15:15:52.8581780Z [command]/opt/homebrew/bin/git config --local --name-only --get-regexp core\.sshCommand
rust	Check out source	2026-10-08T15:15:52.8589420Z [command]/opt/homebrew/bin/git submodule foreach --recursive sh -c "git config --local --name-only --get-regexp 'core\.sshCommand' && git config --local --unset-all 'core.sshCommand' || :"
rust	Check out source	2026-10-08T15:15:52.9916680Z Removing HTTP extra header
rust	Check out source	2026-10-08T15:15:52.9920400Z [command]/opt/homebrew/bin/git config --local --name-only --get-regexp http\.https\:\/\/github\.com\/\.extraheader
rust	Check out source	2026-10-08T15:15:52.9996130Z [command]/opt/homebrew/bin/git submodule foreach --recursive sh -c "git config --local --name-only --get-regexp 'http\.https\:\/\/github\.com\/\.extraheader' && git config --local --unset-all 'http.https://github.com/.extraheader' || :"
rust	Check out source	2026-10-08T15:15:53.0895550Z Removing includeIf entries pointing to credentials config files
rust	Check out source	2026-10-08T15:15:53.0897930Z [command]/opt/homebrew/bin/git config --local --name-only --get-regexp ^includeIf\.gitdir:
rust	Check out source	2026-10-08T15:15:53.0956000Z [command]/opt/homebrew/bin/git submodule foreach --recursive git config --local --show-origin --name-only --get-regexp remote.origin.url
rust	Check out source	2026-10-08T15:15:53.2632580Z [command]/opt/homebrew/bin/git config --file /Users/runner/work/_temp/git-credentials-1e3f72a4-91e4-41e9-8fa3-6b9c57ad19db.config http.https://github.com/.extraheader AUTHORIZATION: basic ***
rust	Check out source	2026-10-08T15:15:53.2635710Z [command]/opt/homebrew/bin/git config --local includeIf.gitdir:/Users/runner/work/Places/Places/.git.path /Users/runner/work/_temp/git-credentials-1e3f72a4-91e4-41e9-8fa3-6b9c57ad19db.config
rust	Check out source	2026-10-08T15:15:53.2690180Z [command]/opt/homebrew/bin/git config --local includeIf.gitdir:/Users/runner/work/Places/Places/.git/worktrees/*.path /Users/runner/work/_temp/git-credentials-1e3f72a4-91e4-41e9-8fa3-6b9c57ad19db.config
rust	Check out source	2026-10-08T15:15:53.2770430Z [command]/opt/homebrew/bin/git config --local includeIf.gitdir:/github/workspace/.git.path /github/runner_temp/git-credentials-1e3f72a4-91e4-41e9-8fa3-6b9c57ad19db.config
rust	Check out source	2026-10-08T15:15:53.2852150Z [command]/opt/homebrew/bin/git config --local includeIf.gitdir:/github/workspace/.git/worktrees/*.path /github/runner_temp/git-credentials-1e3f72a4-91e4-41e9-8fa3-6b9c57ad19db.config
rust	Check out source	2026-10-08T15:15:53.2951320Z ##[endgroup]
rust	Check out source	2026-10-08T15:15:53.2952730Z [command]/opt/homebrew/bin/git lfs install --local
rust	Check out source	2026-10-08T15:15:53.4553150Z Updated Git hooks.
rust	Check out source	2026-10-08T15:15:53.4559210Z Git LFS initialized.
rust	Check out source	2026-10-08T15:15:53.4583450Z ##[group]Fetching the repository
rust	Check out source	2026-10-08T15:15:53.4588490Z [command]/opt/homebrew/bin/git -c protocol.version=2 fetch --no-tags --prune --no-recurse-submodules --depth=1 origin +c6b1efe85a87a969ae7c2405e284f9ea5ceada96:refs/remotes/origin/Art-style
rust	Check out source	2026-10-08T15:16:09.5960710Z From https://github.com/csd113/Places
rust	Check out source	2026-10-08T15:16:09.5967650Z  * [new ref]         c6b1efe85a87a969ae7c2405e284f9ea5ceada96 -> origin/Art-style
rust	Check out source	2026-10-08T15:16:09.6059940Z [command]/opt/homebrew/bin/git branch --list --remote origin/Art-style
rust	Check out source	2026-10-08T15:16:09.6133860Z   origin/Art-style
rust	Check out source	2026-10-08T15:16:09.6152620Z [command]/opt/homebrew/bin/git rev-parse refs/remotes/origin/Art-style
rust	Check out source	2026-10-08T15:16:09.6243680Z c6b1efe85a87a969ae7c2405e284f9ea5ceada96
rust	Check out source	2026-10-08T15:16:09.6252620Z ##[endgroup]
rust	Check out source	2026-10-08T15:16:09.6254700Z ##[group]Determining the checkout info
rust	Check out source	2026-10-08T15:16:09.6267330Z ##[endgroup]
rust	Check out source	2026-10-08T15:16:09.6270830Z ##[group]Fetching LFS objects
rust	Check out source	2026-10-08T15:16:09.6277950Z [command]/opt/homebrew/bin/git lfs fetch origin refs/remotes/origin/Art-style
rust	Check out source	2026-10-08T15:16:09.7934450Z Fetching reference refs/remotes/origin/Art-style
rust	Check out source	2026-10-08T15:16:24.4313300Z ##[endgroup]
rust	Check out source	2026-10-08T15:16:24.4325450Z [command]/opt/homebrew/bin/git sparse-checkout disable
rust	Check out source	2026-10-08T15:16:24.5127270Z [command]/opt/homebrew/bin/git config --local --unset-all extensions.worktreeConfig
rust	Check out source	2026-10-08T15:16:24.5256230Z ##[group]Checking out the ref
rust	Check out source	2026-10-08T15:16:24.5257450Z [command]/opt/homebrew/bin/git checkout --progress --force -B Art-style refs/remotes/origin/Art-style
rust	Check out source	2026-10-08T15:16:25.8201100Z Updating files:   4% (159/3954)
rust	Check out source	2026-10-08T15:16:26.0966430Z Updating files:   5% (198/3954)
rust	Check out source	2026-10-08T15:16:26.1721970Z Updating files:   6% (238/3954)
rust	Check out source	2026-10-08T15:16:26.1940660Z Updating files:   7% (277/3954)
rust	Check out source	2026-10-08T15:16:26.2288880Z Updating files:   8% (317/3954)
rust	Check out source	2026-10-08T15:16:26.2443980Z Updating files:   9% (356/3954)
rust	Check out source	2026-10-08T15:16:26.3155540Z Updating files:  10% (396/3954)
rust	Check out source	2026-10-08T15:16:26.3380180Z Updating files:  11% (435/3954)
rust	Check out source	2026-10-08T15:16:26.3643300Z Updating files:  12% (475/3954)
rust	Check out source	2026-10-08T15:16:26.9067580Z Updating files:  13% (515/3954)
rust	Check out source	2026-10-08T15:16:27.6564700Z Updating files:  13% (532/3954)
rust	Check out source	2026-10-08T15:16:28.5908940Z Updating files:  13% (534/3954)
rust	Check out source	2026-10-08T15:16:28.5954260Z Updating files:  13% (540/3954)
rust	Check out source	2026-10-08T15:16:29.5766410Z Updating files:  14% (554/3954)
rust	Check out source	2026-10-08T15:16:29.7785910Z Updating files:  14% (572/3954)
rust	Check out source	2026-10-08T15:16:29.7895540Z Updating files:  15% (594/3954)
rust	Check out source	2026-10-08T15:16:29.8117270Z Updating files:  16% (633/3954)
rust	Check out source	2026-10-08T15:16:29.8389520Z Updating files:  17% (673/3954)
rust	Check out source	2026-10-08T15:16:29.8502350Z Updating files:  18% (712/3954)
rust	Check out source	2026-10-08T15:16:29.9043460Z Updating files:  19% (752/3954)
rust	Check out source	2026-10-08T15:16:29.9147990Z Updating files:  20% (791/3954)
rust	Check out source	2026-10-08T15:16:29.9744510Z Updating files:  21% (831/3954)
rust	Check out source	2026-10-08T15:16:30.0196420Z Updating files:  22% (870/3954)
rust	Check out source	2026-10-08T15:16:30.0558300Z Updating files:  23% (910/3954)
rust	Check out source	2026-10-08T15:16:30.0714110Z Updating files:  24% (949/3954)
rust	Check out source	2026-10-08T15:16:30.0933920Z Updating files:  25% (989/3954)
rust	Check out source	2026-10-08T15:16:30.1010510Z Updating files:  26% (1029/3954)
rust	Check out source	2026-10-08T15:16:30.1788020Z Updating files:  27% (1068/3954)
rust	Check out source	2026-10-08T15:16:30.2048320Z Updating files:  28% (1108/3954)
rust	Check out source	2026-10-08T15:16:30.2371650Z Updating files:  29% (1147/3954)
rust	Check out source	2026-10-08T15:16:30.2654560Z Updating files:  30% (1187/3954)
rust	Check out source	2026-10-08T15:16:30.2748300Z Updating files:  31% (1226/3954)
rust	Check out source	2026-10-08T15:16:30.2927770Z Updating files:  32% (1266/3954)
rust	Check out source	2026-10-08T15:16:30.3678710Z Updating files:  33% (1305/3954)
rust	Check out source	2026-10-08T15:16:30.4000950Z Updating files:  34% (1345/3954)
rust	Check out source	2026-10-08T15:16:30.4350930Z Updating files:  35% (1384/3954)
rust	Check out source	2026-10-08T15:16:30.4732430Z Updating files:  36% (1424/3954)
rust	Check out source	2026-10-08T15:16:30.4775810Z Updating files:  37% (1463/3954)
rust	Check out source	2026-10-08T15:16:30.5010640Z Updating files:  38% (1503/3954)
rust	Check out source	2026-10-08T15:16:30.5119800Z Updating files:  39% (1543/3954)
rust	Check out source	2026-10-08T15:16:30.5281810Z Updating files:  40% (1582/3954)
rust	Check out source	2026-10-08T15:16:30.5312380Z Updating files:  41% (1622/3954)
rust	Check out source	2026-10-08T15:16:30.5406320Z Updating files:  42% (1661/3954)
rust	Check out source	2026-10-08T15:16:30.5535750Z Updating files:  43% (1701/3954)
rust	Check out source	2026-10-08T15:16:30.5560920Z Updating files:  43% (1737/3954)
rust	Check out source	2026-10-08T15:16:30.5852170Z Updating files:  44% (1740/3954)
rust	Check out source	2026-10-08T15:16:30.6280400Z Updating files:  45% (1780/3954)
rust	Check out source	2026-10-08T15:16:30.6677520Z Updating files:  46% (1819/3954)
rust	Check out source	2026-10-08T15:16:30.6991750Z Updating files:  47% (1859/3954)
rust	Check out source	2026-10-08T15:16:30.7354480Z Updating files:  48% (1898/3954)
rust	Check out source	2026-10-08T15:16:30.7555980Z Updating files:  49% (1938/3954)
rust	Check out source	2026-10-08T15:16:30.8044790Z Updating files:  50% (1977/3954)
rust	Check out source	2026-10-08T15:16:30.8211500Z Updating files:  51% (2017/3954)
rust	Check out source	2026-10-08T15:16:30.8357780Z Updating files:  52% (2057/3954)
rust	Check out source	2026-10-08T15:16:30.8646520Z Updating files:  53% (2096/3954)
rust	Check out source	2026-10-08T15:16:30.9089710Z Updating files:  54% (2136/3954)
rust	Check out source	2026-10-08T15:16:30.9441670Z Updating files:  55% (2175/3954)
rust	Check out source	2026-10-08T15:16:30.9950140Z Updating files:  56% (2215/3954)
rust	Check out source	2026-10-08T15:16:31.0111110Z Updating files:  57% (2254/3954)
rust	Check out source	2026-10-08T15:16:31.0453870Z Updating files:  58% (2294/3954)
rust	Check out source	2026-10-08T15:16:31.1650750Z Updating files:  59% (2333/3954)
rust	Check out source	2026-10-08T15:16:31.2406290Z Updating files:  60% (2373/3954)
rust	Check out source	2026-10-08T15:16:31.2933100Z Updating files:  61% (2412/3954)
rust	Check out source	2026-10-08T15:16:31.2997020Z Updating files:  62% (2452/3954)
rust	Check out source	2026-10-08T15:16:31.3231400Z Updating files:  63% (2492/3954)
rust	Check out source	2026-10-08T15:16:31.3310370Z Updating files:  64% (2531/3954)
rust	Check out source	2026-10-08T15:16:31.3595960Z Updating files:  65% (2571/3954)
rust	Check out source	2026-10-08T15:16:31.3901090Z Updating files:  66% (2610/3954)
rust	Check out source	2026-10-08T15:16:31.3980380Z Updating files:  67% (2650/3954)
rust	Check out source	2026-10-08T15:16:31.4066110Z Updating files:  68% (2689/3954)
rust	Check out source	2026-10-08T15:16:31.4288290Z Updating files:  69% (2729/3954)
rust	Check out source	2026-10-08T15:16:31.5624630Z Updating files:  70% (2768/3954)
rust	Check out source	2026-10-08T15:16:31.5881010Z Updating files:  70% (2805/3954)
rust	Check out source	2026-10-08T15:16:31.9271470Z Updating files:  71% (2808/3954)
rust	Check out source	2026-10-08T15:16:32.0135600Z Updating files:  72% (2847/3954)
rust	Check out source	2026-10-08T15:16:32.0284260Z Updating files:  73% (2887/3954)
rust	Check out source	2026-10-08T15:16:32.0461730Z Updating files:  74% (2926/3954)
rust	Check out source	2026-10-08T15:16:32.0652240Z Updating files:  75% (2966/3954)
rust	Check out source	2026-10-08T15:16:32.0842430Z Updating files:  76% (3006/3954)
rust	Check out source	2026-10-08T15:16:32.1063450Z Updating files:  77% (3045/3954)
rust	Check out source	2026-10-08T15:16:32.1205700Z Updating files:  78% (3085/3954)
rust	Check out source	2026-10-08T15:16:32.1332760Z Updating files:  79% (3124/3954)
rust	Check out source	2026-10-08T15:16:32.3720220Z Updating files:  80% (3164/3954)
rust	Check out source	2026-10-08T15:16:32.4955890Z Updating files:  81% (3203/3954)
rust	Check out source	2026-10-08T15:16:32.5606040Z Updating files:  82% (3243/3954)
rust	Check out source	2026-10-08T15:16:32.6435240Z Updating files:  82% (3264/3954)
rust	Check out source	2026-10-08T15:16:32.7716040Z Updating files:  83% (3282/3954)
rust	Check out source	2026-10-08T15:16:32.8098450Z Updating files:  84% (3322/3954)
rust	Check out source	2026-10-08T15:16:32.8614680Z Updating files:  85% (3361/3954)
rust	Check out source	2026-10-08T15:16:32.8907150Z Updating files:  86% (3401/3954)
rust	Check out source	2026-10-08T15:16:33.0536410Z Updating files:  87% (3440/3954)
rust	Check out source	2026-10-08T15:16:33.1830000Z Updating files:  88% (3480/3954)
rust	Check out source	2026-10-08T15:16:33.2789960Z Updating files:  89% (3520/3954)
rust	Check out source	2026-10-08T15:16:33.2999170Z Updating files:  90% (3559/3954)
rust	Check out source	2026-10-08T15:16:33.3130720Z Updating files:  91% (3599/3954)
rust	Check out source	2026-10-08T15:16:33.3225700Z Updating files:  92% (3638/3954)
rust	Check out source	2026-10-08T15:16:33.3339830Z Updating files:  93% (3678/3954)
rust	Check out source	2026-10-08T15:16:33.3469480Z Updating files:  94% (3717/3954)
rust	Check out source	2026-10-08T15:16:33.4009460Z Updating files:  95% (3757/3954)
rust	Check out source	2026-10-08T15:16:33.4064910Z Updating files:  96% (3796/3954)
rust	Check out source	2026-10-08T15:16:33.4108870Z Updating files:  97% (3836/3954)
rust	Check out source	2026-10-08T15:16:33.4192290Z Updating files:  98% (3875/3954)
rust	Check out source	2026-10-08T15:16:33.4284670Z Updating files:  99% (3915/3954)
rust	Check out source	2026-10-08T15:16:33.4285230Z Updating files: 100% (3954/3954)
rust	Check out source	2026-10-08T15:16:33.4285720Z Updating files: 100% (3954/3954), done.
rust	Check out source	2026-10-08T15:16:33.4511620Z Switched to a new branch 'Art-style'
rust	Check out source	2026-10-08T15:16:33.4522230Z branch 'Art-style' set up to track 'origin/Art-style'.
rust	Check out source	2026-10-08T15:16:33.6296680Z ##[endgroup]
rust	Check out source	2026-10-08T15:16:33.6491190Z [command]/opt/homebrew/bin/git log -1 --format=%H
rust	Check out source	2026-10-08T15:16:33.6684890Z c6b1efe85a87a969ae7c2405e284f9ea5ceada96
rust	Check out source	2026-10-08T15:16:33.6778390Z ##[group]Removing auth
rust	Check out source	2026-10-08T15:16:33.6782900Z Removing SSH command configuration
rust	Check out source	2026-10-08T15:16:33.6820050Z [command]/opt/homebrew/bin/git config --local --name-only --get-regexp core\.sshCommand
rust	Check out source	2026-10-08T15:16:33.6939880Z [command]/opt/homebrew/bin/git submodule foreach --recursive sh -c "git config --local --name-only --get-regexp 'core\.sshCommand' && git config --local --unset-all 'core.sshCommand' || :"
rust	Check out source	2026-10-08T15:16:33.8602410Z Removing HTTP extra header
rust	Check out source	2026-10-08T15:16:33.8637000Z [command]/opt/homebrew/bin/git config --local --name-only --get-regexp http\.https\:\/\/github\.com\/\.extraheader
rust	Check out source	2026-10-08T15:16:33.8725610Z [command]/opt/homebrew/bin/git submodule foreach --recursive sh -c "git config --local --name-only --get-regexp 'http\.https\:\/\/github\.com\/\.extraheader' && git config --local --unset-all 'http.https://github.com/.extraheader' || :"
rust	Check out source	2026-10-08T15:16:34.0730130Z Removing includeIf entries pointing to credentials config files
rust	Check out source	2026-10-08T15:16:34.0732160Z [command]/opt/homebrew/bin/git config --local --name-only --get-regexp ^includeIf\.gitdir:
rust	Check out source	2026-10-08T15:16:34.0800570Z includeif.gitdir:/Users/runner/work/Places/Places/.git.path
rust	Check out source	2026-10-08T15:16:34.0829040Z includeif.gitdir:/Users/runner/work/Places/Places/.git/worktrees/*.path
rust	Check out source	2026-10-08T15:16:34.0836330Z includeif.gitdir:/github/workspace/.git.path
rust	Check out source	2026-10-08T15:16:34.0841270Z includeif.gitdir:/github/workspace/.git/worktrees/*.path
rust	Check out source	2026-10-08T15:16:34.0876980Z [command]/opt/homebrew/bin/git config --local --get-all includeif.gitdir:/Users/runner/work/Places/Places/.git.path
rust	Check out source	2026-10-08T15:16:34.0884810Z /Users/runner/work/_temp/git-credentials-1e3f72a4-91e4-41e9-8fa3-6b9c57ad19db.config
rust	Check out source	2026-10-08T15:16:34.0887850Z [command]/opt/homebrew/bin/git config --local --unset includeif.gitdir:/Users/runner/work/Places/Places/.git.path \/Users\/runner\/work\/_temp\/git\-credentials\-1e3f72a4\-91e4\-41e9\-8fa3\-6b9c57ad19db\.config
rust	Check out source	2026-10-08T15:16:34.0992290Z [command]/opt/homebrew/bin/git config --local --get-all includeif.gitdir:/Users/runner/work/Places/Places/.git/worktrees/*.path
rust	Check out source	2026-10-08T15:16:34.1079760Z /Users/runner/work/_temp/git-credentials-1e3f72a4-91e4-41e9-8fa3-6b9c57ad19db.config
rust	Check out source	2026-10-08T15:16:34.1090320Z [command]/opt/homebrew/bin/git config --local --unset includeif.gitdir:/Users/runner/work/Places/Places/.git/worktrees/*.path \/Users\/runner\/work\/_temp\/git\-credentials\-1e3f72a4\-91e4\-41e9\-8fa3\-6b9c57ad19db\.config
rust	Check out source	2026-10-08T15:16:34.1229650Z [command]/opt/homebrew/bin/git config --local --get-all includeif.gitdir:/github/workspace/.git.path
rust	Check out source	2026-10-08T15:16:34.1236280Z /github/runner_temp/git-credentials-1e3f72a4-91e4-41e9-8fa3-6b9c57ad19db.config
rust	Check out source	2026-10-08T15:16:34.1311550Z [command]/opt/homebrew/bin/git config --local --unset includeif.gitdir:/github/workspace/.git.path \/github\/runner_temp\/git\-credentials\-1e3f72a4\-91e4\-41e9\-8fa3\-6b9c57ad19db\.config
rust	Check out source	2026-10-08T15:16:34.1313460Z [command]/opt/homebrew/bin/git config --local --get-all includeif.gitdir:/github/workspace/.git/worktrees/*.path
rust	Check out source	2026-10-08T15:16:34.1558200Z /github/runner_temp/git-credentials-1e3f72a4-91e4-41e9-8fa3-6b9c57ad19db.config
rust	Check out source	2026-10-08T15:16:34.1710610Z [command]/opt/homebrew/bin/git config --local --unset includeif.gitdir:/github/workspace/.git/worktrees/*.path \/github\/runner_temp\/git\-credentials\-1e3f72a4\-91e4\-41e9\-8fa3\-6b9c57ad19db\.config
rust	Check out source	2026-10-08T15:16:34.1781440Z [command]/opt/homebrew/bin/git submodule foreach --recursive git config --local --show-origin --name-only --get-regexp remote.origin.url
rust	Check out source	2026-10-08T15:16:34.2889260Z Removing credentials config '/Users/runner/work/_temp/git-credentials-1e3f72a4-91e4-41e9-8fa3-6b9c57ad19db.config'
rust	Check out source	2026-10-08T15:16:34.2899720Z ##[endgroup]
rust	Verify bundled map archives	﻿2026-10-08T15:16:34.3386210Z ##[group]Run for package in assets/levels/*.placesmap; do
rust	Verify bundled map archives	2026-10-08T15:16:34.3386830Z ^[[36;1mfor package in assets/levels/*.placesmap; do^[[0m
rust	Verify bundled map archives	2026-10-08T15:16:34.3387130Z ^[[36;1m  unzip -tq "$package"^[[0m
rust	Verify bundled map archives	2026-10-08T15:16:34.3387450Z ^[[36;1mdone^[[0m
rust	Verify bundled map archives	2026-10-08T15:16:34.3726930Z shell: /bin/bash -e {0}
rust	Verify bundled map archives	2026-10-08T15:16:34.3727310Z ##[endgroup]
rust	Verify bundled map archives	2026-10-08T15:16:37.4749020Z No errors detected in compressed data of assets/levels/lantern_hollow.placesmap.
rust	Verify bundled map archives	2026-10-08T15:16:39.2736940Z No errors detected in compressed data of assets/levels/model_zoo.placesmap.
rust	Verify bundled map archives	2026-10-08T15:16:40.1792490Z No errors detected in compressed data of assets/levels/movement_test.placesmap.
rust	Verify bundled map archives	2026-10-08T15:16:42.9289190Z No errors detected in compressed data of assets/levels/places_demo.placesmap.
rust	Verify bundled map archives	2026-10-08T15:16:44.5773120Z No errors detected in compressed data of assets/levels/winter.placesmap.
rust	Install native build dependencies	﻿2026-10-08T15:16:44.5968200Z ##[group]Run brew install sdl3 pkg-config
rust	Install native build dependencies	2026-10-08T15:16:44.5968620Z ^[[36;1mbrew install sdl3 pkg-config^[[0m
rust	Install native build dependencies	2026-10-08T15:16:44.6034850Z shell: /bin/bash -e {0}
rust	Install native build dependencies	2026-10-08T15:16:44.6035590Z ##[endgroup]
rust	Install native build dependencies	2026-10-08T15:16:46.6137280Z ^[[33mWarning:^[[0m pkgconf 3.0.7 is already installed and up-to-date.
rust	Install native build dependencies	2026-10-08T15:16:46.6137960Z To reinstall 3.0.7, run:
rust	Install native build dependencies	2026-10-08T15:16:46.6138200Z   brew reinstall pkgconf
rust	Install native build dependencies	2026-10-08T15:16:47.6532990Z ^[[32m==>^[[0m ^[[1mDownloading bottle manifests^[[0m
rust	Install native build dependencies	2026-10-08T15:16:47.6662060Z ✔︎ Bottle Manifest sdl3 (3.4.16)
rust	Install native build dependencies	2026-10-08T15:16:47.6662600Z ^[[34m==>^[[0m ^[[1mWould install 1 formula:^[[0m
rust	Install native build dependencies	2026-10-08T15:16:47.6662970Z sdl3
rust	Install native build dependencies	2026-10-08T15:16:47.7134230Z ^[[32m==>^[[0m ^[[1mFetching downloads for: ^[[32msdl3^[[39m^[[0m
rust	Install native build dependencies	2026-10-08T15:16:48.0857560Z ✔︎ Bottle sdl3 (3.4.16)
rust	Install native build dependencies	2026-10-08T15:16:48.0909290Z ^[[34m==>^[[0m ^[[1mPouring sdl3--3.4.16.arm64_sequoia.bottle.tar.gz^[[0m
rust	Install native build dependencies	2026-10-08T15:16:48.2418460Z 🍺  /opt/homebrew/Cellar/sdl3/3.4.16: 103 files, 6.3MB
rust	Select repository toolchain	﻿2026-10-08T15:16:48.2562270Z ##[group]Run rustup show active-toolchain
rust	Select repository toolchain	2026-10-08T15:16:48.2562800Z ^[[36;1mrustup show active-toolchain^[[0m
rust	Select repository toolchain	2026-10-08T15:16:48.2604140Z shell: /bin/bash -e {0}
rust	Select repository toolchain	2026-10-08T15:16:48.2604520Z ##[endgroup]
rust	Select repository toolchain	2026-10-08T15:16:48.4036960Z info: syncing channel updates for 1.99.0-aarch64-apple-darwin
rust	Select repository toolchain	2026-10-08T15:16:48.5556220Z info: latest update on 2026-10-01 for version 1.99.0 (b940084d7 2026-09-28)
rust	Select repository toolchain	2026-10-08T15:16:48.5559630Z info: downloading 5 components
rust	Select repository toolchain	2026-10-08T15:16:55.7928470Z 1.99.0-aarch64-apple-darwin (overridden by '/Users/runner/work/Places/Places/rust-toolchain.toml')
rust	Format, check, lint and test	﻿2026-10-08T15:16:55.8183940Z ##[group]Run sh tools/check-rust.sh
rust	Format, check, lint and test	2026-10-08T15:16:55.8185260Z ^[[36;1msh tools/check-rust.sh^[[0m
rust	Format, check, lint and test	2026-10-08T15:16:55.8253180Z shell: /bin/bash -e {0}
rust	Format, check, lint and test	2026-10-08T15:16:55.8253500Z ##[endgroup]
rust	Format, check, lint and test	2026-10-08T15:16:58.4904500Z     Updating crates.io index
rust	Format, check, lint and test	2026-10-08T15:16:58.8566960Z  Downloading crates ...
rust	Format, check, lint and test	2026-10-08T15:16:58.9078050Z   Downloaded adler2 v2.0.1
rust	Format, check, lint and test	2026-10-08T15:16:58.9155910Z   Downloaded zmij v1.0.23
rust	Format, check, lint and test	2026-10-08T15:16:58.9202660Z   Downloaded arrayvec v0.7.8
rust	Format, check, lint and test	2026-10-08T15:16:58.9266920Z   Downloaded autocfg v1.5.1
rust	Format, check, lint and test	2026-10-08T15:16:58.9337460Z   Downloaded allocator-api2 v0.2.21
rust	Format, check, lint and test	2026-10-08T15:16:58.9446220Z   Downloaded libloading v0.8.9
rust	Format, check, lint and test	2026-10-08T15:16:58.9561270Z   Downloaded bit-set v0.10.0
rust	Format, check, lint and test	2026-10-08T15:16:58.9562110Z   Downloaded ash v0.38.0+1.3.281
rust	Format, check, lint and test	2026-10-08T15:16:58.9975580Z   Downloaded equivalent v1.0.2
rust	Format, check, lint and test	2026-10-08T15:16:59.0107460Z   Downloaded miniz_oxide v0.9.1
rust	Format, check, lint and test	2026-10-08T15:16:59.0206790Z   Downloaded crypto-common v0.1.7
rust	Format, check, lint and test	2026-10-08T15:16:59.0208440Z   Downloaded objc2-encode v4.1.0
rust	Format, check, lint and test	2026-10-08T15:16:59.0212830Z   Downloaded generic-array v0.14.7
rust	Format, check, lint and test	2026-10-08T15:16:59.0215660Z   Downloaded bit-vec v0.9.1
rust	Format, check, lint and test	2026-10-08T15:16:59.0226310Z   Downloaded bitflags v2.13.2
rust	Format, check, lint and test	2026-10-08T15:16:59.0416850Z   Downloaded document-features v0.2.12
rust	Format, check, lint and test	2026-10-08T15:16:59.0473350Z   Downloaded gpu-allocator v0.28.0
rust	Format, check, lint and test	2026-10-08T15:16:59.0601500Z   Downloaded indexmap v2.14.2
rust	Format, check, lint and test	2026-10-08T15:16:59.1171590Z   Downloaded codespan-reporting v0.13.1
rust	Format, check, lint and test	2026-10-08T15:16:59.1376880Z   Downloaded foldhash v0.2.0
rust	Format, check, lint and test	2026-10-08T15:16:59.1457850Z   Downloaded digest v0.10.7
rust	Format, check, lint and test	2026-10-08T15:16:59.1470710Z   Downloaded flate2 v1.1.10
rust	Format, check, lint and test	2026-10-08T15:16:59.1565300Z   Downloaded log v0.4.34
rust	Format, check, lint and test	2026-10-08T15:16:59.1607070Z   Downloaded memchr v2.8.3
rust	Format, check, lint and test	2026-10-08T15:16:59.1733190Z   Downloaded naga-types v30.0.1
rust	Format, check, lint and test	2026-10-08T15:16:59.1771990Z   Downloaded dispatch2 v0.3.1
rust	Format, check, lint and test	2026-10-08T15:16:59.1823860Z   Downloaded scopeguard v1.2.0
rust	Format, check, lint and test	2026-10-08T15:16:59.1840150Z   Downloaded block-buffer v0.10.4
rust	Format, check, lint and test	2026-10-08T15:16:59.1858820Z   Downloaded bytemuck_derive v1.12.1
rust	Format, check, lint and test	2026-10-08T15:16:59.1878480Z   Downloaded libm v0.2.16
rust	Format, check, lint and test	2026-10-08T15:16:59.2243290Z   Downloaded num-traits v0.2.19
rust	Format, check, lint and test	2026-10-08T15:16:59.2293650Z   Downloaded objc2-core-foundation v0.3.2
rust	Format, check, lint and test	2026-10-08T15:16:59.2452110Z   Downloaded cfg-if v1.0.5
rust	Format, check, lint and test	2026-10-08T15:16:59.2486130Z   Downloaded hashbrown v0.16.1
rust	Format, check, lint and test	2026-10-08T15:16:59.2636750Z   Downloaded itoa v1.0.18
rust	Format, check, lint and test	2026-10-08T15:16:59.2667450Z   Downloaded lock_api v0.4.14
rust	Format, check, lint and test	2026-10-08T15:16:59.2691460Z   Downloaded miniz_oxide v0.8.9
rust	Format, check, lint and test	2026-10-08T15:16:59.2771690Z   Downloaded objc2-io-surface v0.3.2
rust	Format, check, lint and test	2026-10-08T15:16:59.2809670Z   Downloaded bytemuck v1.25.2
rust	Format, check, lint and test	2026-10-08T15:16:59.2938470Z   Downloaded cfg_aliases v0.2.2
rust	Format, check, lint and test	2026-10-08T15:16:59.2978080Z   Downloaded cpufeatures v0.2.17
rust	Format, check, lint and test	2026-10-08T15:16:59.3025370Z   Downloaded profiling v1.0.18
rust	Format, check, lint and test	2026-10-08T15:16:59.3058760Z   Downloaded simd-adler32 v0.3.10
rust	Format, check, lint and test	2026-10-08T15:16:59.3117780Z   Downloaded raw-window-handle v0.6.2
rust	Format, check, lint and test	2026-10-08T15:16:59.3156230Z   Downloaded parking_lot v0.12.5
rust	Format, check, lint and test	2026-10-08T15:16:59.3211770Z   Downloaded pollster v1.0.1
rust	Format, check, lint and test	2026-10-08T15:16:59.3241390Z   Downloaded thiserror-impl v2.0.21
rust	Format, check, lint and test	2026-10-08T15:16:59.3284500Z   Downloaded version_check v0.9.5
rust	Format, check, lint and test	2026-10-08T15:16:59.3319440Z   Downloaded crc32fast v1.5.2
rust	Format, check, lint and test	2026-10-08T15:16:59.3350620Z   Downloaded fdeflate v0.3.7
rust	Format, check, lint and test	2026-10-08T15:16:59.3392640Z   Downloaded half v2.7.1
rust	Format, check, lint and test	2026-10-08T15:16:59.3448340Z   Downloaded litrs v1.0.0
rust	Format, check, lint and test	2026-10-08T15:16:59.3573030Z   Downloaded pkg-config v0.3.34
rust	Format, check, lint and test	2026-10-08T15:16:59.3633710Z   Downloaded raw-window-metal v1.1.0
rust	Format, check, lint and test	2026-10-08T15:16:59.3660150Z   Downloaded renderdoc-sys v1.1.0
rust	Format, check, lint and test	2026-10-08T15:16:59.3671710Z   Downloaded rustc-hash v1.1.0
rust	Format, check, lint and test	2026-10-08T15:16:59.3697380Z   Downloaded serde_derive v1.0.229
rust	Format, check, lint and test	2026-10-08T15:16:59.3781630Z   Downloaded spirv v0.4.0+sdk-1.4.341.0
rust	Format, check, lint and test	2026-10-08T15:16:59.3818590Z   Downloaded block2 v0.6.2
rust	Format, check, lint and test	2026-10-08T15:16:59.3852210Z   Downloaded static_assertions v1.1.0
rust	Format, check, lint and test	2026-10-08T15:16:59.3877570Z   Downloaded thiserror v2.0.21
rust	Format, check, lint and test	2026-10-08T15:16:59.4086710Z   Downloaded objc2-quartz-core v0.3.2
rust	Format, check, lint and test	2026-10-08T15:16:59.4184380Z   Downloaded presser v0.3.1
rust	Format, check, lint and test	2026-10-08T15:16:59.4229890Z   Downloaded sha2 v0.10.9
rust	Format, check, lint and test	2026-10-08T15:16:59.4314280Z   Downloaded wgpu-core-deps-apple v30.0.1
rust	Format, check, lint and test	2026-10-08T15:16:59.4348260Z   Downloaded wgpu-naga-bridge v30.0.1
rust	Format, check, lint and test	2026-10-08T15:16:59.4369510Z   Downloaded objc2-metal v0.3.2
rust	Format, check, lint and test	2026-10-08T15:16:59.4597250Z   Downloaded once_cell v1.21.4
rust	Format, check, lint and test	2026-10-08T15:16:59.4678590Z   Downloaded ordered-float v5.5.0
rust	Format, check, lint and test	2026-10-08T15:16:59.4715560Z   Downloaded parking_lot_core v0.9.12
rust	Format, check, lint and test	2026-10-08T15:16:59.4787280Z   Downloaded proc-macro2 v1.0.107
rust	Format, check, lint and test	2026-10-08T15:16:59.4884670Z   Downloaded quote v1.0.47
rust	Format, check, lint and test	2026-10-08T15:16:59.4946440Z   Downloaded serde_core v1.0.229
rust	Format, check, lint and test	2026-10-08T15:16:59.5044710Z   Downloaded smallvec v1.16.1
rust	Format, check, lint and test	2026-10-08T15:16:59.5088490Z   Downloaded typenum v1.20.1
rust	Format, check, lint and test	2026-10-08T15:16:59.5225160Z   Downloaded objc2-core-graphics v0.3.2
rust	Format, check, lint and test	2026-10-08T15:16:59.5360950Z   Downloaded unicode-ident v1.0.26
rust	Format, check, lint and test	2026-10-08T15:16:59.5429760Z   Downloaded serde v1.0.229
rust	Format, check, lint and test	2026-10-08T15:16:59.5567220Z   Downloaded typed-path v0.12.3
rust	Format, check, lint and test	2026-10-08T15:16:59.5737580Z   Downloaded hashbrown v0.17.1
rust	Format, check, lint and test	2026-10-08T15:16:59.5898730Z   Downloaded objc2-foundation v0.3.2
rust	Format, check, lint and test	2026-10-08T15:16:59.6468800Z   Downloaded serde_json v1.0.151
rust	Format, check, lint and test	2026-10-08T15:16:59.6809000Z   Downloaded zip v8.6.0
rust	Format, check, lint and test	2026-10-08T15:16:59.6986940Z   Downloaded wgpu-types v30.0.1
rust	Format, check, lint and test	2026-10-08T15:16:59.7194750Z   Downloaded objc2 v0.6.4
rust	Format, check, lint and test	2026-10-08T15:16:59.7398030Z   Downloaded png v0.18.1
rust	Format, check, lint and test	2026-10-08T15:16:59.7466200Z   Downloaded zerocopy-derive v0.8.58
rust	Format, check, lint and test	2026-10-08T15:16:59.7749310Z   Downloaded wgpu v30.0.1
rust	Format, check, lint and test	2026-10-08T15:16:59.8106000Z   Downloaded vcpkg v0.2.15
rust	Format, check, lint and test	2026-10-08T15:16:59.9570970Z   Downloaded zlib-rs v0.6.8
rust	Format, check, lint and test	2026-10-08T15:16:59.9699190Z   Downloaded syn v3.0.6
rust	Format, check, lint and test	2026-10-08T15:17:00.0001230Z   Downloaded unicode-width v0.2.2
rust	Format, check, lint and test	2026-10-08T15:17:00.0071750Z   Downloaded zerocopy v0.8.58
rust	Format, check, lint and test	2026-10-08T15:17:00.0951340Z   Downloaded syn v2.0.119
rust	Format, check, lint and test	2026-10-08T15:17:00.1342110Z   Downloaded wgpu-core v30.0.1
rust	Format, check, lint and test	2026-10-08T15:17:00.1683000Z   Downloaded glam v0.29.3
rust	Format, check, lint and test	2026-10-08T15:17:00.2274050Z   Downloaded wgpu-hal v30.0.1
rust	Format, check, lint and test	2026-10-08T15:17:00.2463260Z   Downloaded sdl3-sys v0.7.1+SDL-3.4.16
rust	Format, check, lint and test	2026-10-08T15:17:00.2776230Z   Downloaded naga v30.0.1
rust	Format, check, lint and test	2026-10-08T15:17:00.3211800Z   Downloaded libc v0.2.189
rust	Format, check, lint and test	2026-10-08T15:17:00.4192340Z   Downloaded sdl3 v0.20.0
rust	Format, check, lint and test	2026-10-08T15:17:00.5411070Z    Compiling proc-macro2 v1.0.107
rust	Format, check, lint and test	2026-10-08T15:17:00.5424650Z    Compiling unicode-ident v1.0.26
rust	Format, check, lint and test	2026-10-08T15:17:00.5454200Z    Compiling quote v1.0.47
rust	Format, check, lint and test	2026-10-08T15:17:00.8309440Z     Checking bitflags v2.13.2
rust	Format, check, lint and test	2026-10-08T15:17:01.0228180Z     Checking cfg-if v1.0.5
rust	Format, check, lint and test	2026-10-08T15:17:01.0669810Z    Compiling cfg_aliases v0.2.2
rust	Format, check, lint and test	2026-10-08T15:17:01.1180090Z    Compiling objc2 v0.6.4
rust	Format, check, lint and test	2026-10-08T15:17:03.6892900Z     Checking objc2-encode v4.1.0
rust	Format, check, lint and test	2026-10-08T15:17:03.7154310Z    Compiling libc v0.2.189
rust	Format, check, lint and test	2026-10-08T15:17:04.0655050Z     Checking foldhash v0.2.0
rust	Format, check, lint and test	2026-10-08T15:17:04.1509550Z     Checking hashbrown v0.17.1
rust	Format, check, lint and test	2026-10-08T15:17:04.6880620Z    Compiling autocfg v1.5.1
rust	Format, check, lint and test	2026-10-08T15:17:04.7805460Z    Compiling syn v3.0.6
rust	Format, check, lint and test	2026-10-08T15:17:04.9216150Z    Compiling libm v0.2.16
rust	Format, check, lint and test	2026-10-08T15:17:05.0498220Z     Checking equivalent v1.0.2
rust	Format, check, lint and test	2026-10-08T15:17:05.1007850Z    Compiling thiserror v2.0.21
rust	Format, check, lint and test	2026-10-08T15:17:05.2381990Z     Checking indexmap v2.14.2
rust	Format, check, lint and test	2026-10-08T15:17:05.4470810Z    Compiling num-traits v0.2.19
rust	Format, check, lint and test	2026-10-08T15:17:05.6090770Z     Checking objc2-core-foundation v0.3.2
rust	Format, check, lint and test	2026-10-08T15:17:05.8322860Z    Compiling syn v2.0.119
rust	Format, check, lint and test	2026-10-08T15:17:07.2271350Z    Compiling zerocopy v0.8.58
rust	Format, check, lint and test	2026-10-08T15:17:07.4574900Z    Compiling thiserror-impl v2.0.21
rust	Format, check, lint and test	2026-10-08T15:17:07.6015970Z    Compiling vcpkg v0.2.15
rust	Format, check, lint and test	2026-10-08T15:17:08.1589770Z    Compiling pkg-config v0.3.34
rust	Format, check, lint and test	2026-10-08T15:17:08.7434260Z     Checking rustc-hash v1.1.0
rust	Format, check, lint and test	2026-10-08T15:17:08.8011050Z     Checking naga-types v30.0.1
rust	Format, check, lint and test	2026-10-08T15:17:08.8832900Z    Compiling bytemuck_derive v1.12.1
rust	Format, check, lint and test	2026-10-08T15:17:09.4038500Z    Compiling zerocopy-derive v0.8.58
rust	Format, check, lint and test	2026-10-08T15:17:09.8328430Z     Checking objc2-foundation v0.3.2
rust	Format, check, lint and test	2026-10-08T15:17:09.9994780Z     Checking block2 v0.6.2
rust	Format, check, lint and test	2026-10-08T15:17:10.1603010Z    Compiling naga v30.0.1
rust	Format, check, lint and test	2026-10-08T15:17:10.4296490Z     Checking raw-window-handle v0.6.2
rust	Format, check, lint and test	2026-10-08T15:17:10.5539910Z     Checking bit-vec v0.9.1
rust	Format, check, lint and test	2026-10-08T15:17:10.6870940Z    Compiling parking_lot_core v0.9.12
rust	Format, check, lint and test	2026-10-08T15:17:10.8989220Z     Checking unicode-width v0.2.2
rust	Format, check, lint and test	2026-10-08T15:17:11.0525370Z     Checking log v0.4.34
rust	Format, check, lint and test	2026-10-08T15:17:11.1294190Z    Compiling version_check v0.9.5
rust	Format, check, lint and test	2026-10-08T15:17:11.3675880Z    Compiling generic-array v0.14.7
rust	Format, check, lint and test	2026-10-08T15:17:11.7289730Z     Checking codespan-reporting v0.13.1
rust	Format, check, lint and test	2026-10-08T15:17:11.9390830Z     Checking objc2-metal v0.3.2
rust	Format, check, lint and test	2026-10-08T15:17:12.5352940Z     Checking bit-set v0.10.0
rust	Format, check, lint and test	2026-10-08T15:17:12.8488060Z     Checking bytemuck v1.25.2
rust	Format, check, lint and test	2026-10-08T15:17:13.3626260Z     Checking objc2-core-graphics v0.3.2
rust	Format, check, lint and test	2026-10-08T15:17:14.2684670Z     Checking static_assertions v1.1.0
rust	Format, check, lint and test	2026-10-08T15:17:14.5122850Z     Checking arrayvec v0.7.8
rust	Format, check, lint and test	2026-10-08T15:17:14.8789330Z     Checking simd-adler32 v0.3.10
rust	Format, check, lint and test	2026-10-08T15:17:15.1238450Z     Checking once_cell v1.21.4
rust	Format, check, lint and test	2026-10-08T15:17:15.4617810Z     Checking scopeguard v1.2.0
rust	Format, check, lint and test	2026-10-08T15:17:15.5744790Z     Checking smallvec v1.16.1
rust	Format, check, lint and test	2026-10-08T15:17:17.2030640Z     Checking lock_api v0.4.14
rust	Format, check, lint and test	2026-10-08T15:17:17.6812990Z     Checking wgpu-types v30.0.1
rust	Format, check, lint and test	2026-10-08T15:17:18.4671540Z     Checking half v2.7.1
rust	Format, check, lint and test	2026-10-08T15:17:19.6220710Z     Checking objc2-quartz-core v0.3.2
rust	Format, check, lint and test	2026-10-08T15:17:20.2832130Z    Compiling sdl3-sys v0.7.1+SDL-3.4.16
rust	Format, check, lint and test	2026-10-08T15:17:20.6820590Z    Compiling wgpu-hal v30.0.1
rust	Format, check, lint and test	2026-10-08T15:17:21.2327240Z    Compiling crc32fast v1.5.2
rust	Format, check, lint and test	2026-10-08T15:17:21.4967640Z     Checking adler2 v2.0.1
rust	Format, check, lint and test	2026-10-08T15:17:21.7706170Z     Checking typenum v1.20.1
rust	Format, check, lint and test	2026-10-08T15:17:21.9507250Z     Checking raw-window-metal v1.1.0
rust	Format, check, lint and test	2026-10-08T15:17:22.0797780Z     Checking parking_lot v0.12.5
rust	Format, check, lint and test	2026-10-08T15:17:22.4962420Z     Checking libloading v0.8.9
rust	Format, check, lint and test	2026-10-08T15:17:22.5660290Z     Checking profiling v1.0.18
rust	Format, check, lint and test	2026-10-08T15:17:22.6006550Z    Compiling serde_core v1.0.229
rust	Format, check, lint and test	2026-10-08T15:17:23.0718350Z     Checking miniz_oxide v0.9.1
rust	Format, check, lint and test	2026-10-08T15:17:23.4292410Z    Compiling wgpu-core v30.0.1
rust	Format, check, lint and test	2026-10-08T15:17:23.7888090Z    Compiling litrs v1.0.0
rust	Format, check, lint and test	2026-10-08T15:17:24.3944820Z     Checking zlib-rs v0.6.8
rust	Format, check, lint and test	2026-10-08T15:17:25.1319910Z    Compiling zmij v1.0.23
rust	Format, check, lint and test	2026-10-08T15:17:25.4319660Z    Compiling sdl3 v0.20.0
rust	Format, check, lint and test	2026-10-08T15:17:25.5014970Z     Checking flate2 v1.1.10
rust	Format, check, lint and test	2026-10-08T15:17:25.7287330Z    Compiling document-features v0.2.12
rust	Format, check, lint and test	2026-10-08T15:17:25.7972090Z     Checking block-buffer v0.10.4
rust	Format, check, lint and test	2026-10-08T15:17:25.8835050Z     Checking crypto-common v0.1.7
rust	Format, check, lint and test	2026-10-08T15:17:26.2274400Z    Compiling wgpu v30.0.1
rust	Format, check, lint and test	2026-10-08T15:17:26.6008590Z    Compiling serde v1.0.229
rust	Format, check, lint and test	2026-10-08T15:17:26.6474890Z     Checking wgpu-naga-bridge v30.0.1
rust	Format, check, lint and test	2026-10-08T15:17:26.8494660Z    Compiling serde_json v1.0.151
rust	Format, check, lint and test	2026-10-08T15:17:27.0407490Z     Checking memchr v2.8.3
rust	Format, check, lint and test	2026-10-08T15:17:27.3808830Z     Checking digest v0.10.7
rust	Format, check, lint and test	2026-10-08T15:17:27.7511250Z     Checking miniz_oxide v0.8.9
rust	Format, check, lint and test	2026-10-08T15:17:28.0400970Z     Checking fdeflate v0.3.7
rust	Format, check, lint and test	2026-10-08T15:17:28.2557910Z    Compiling serde_derive v1.0.229
rust	Format, check, lint and test	2026-10-08T15:17:28.3484930Z     Checking wgpu-core-deps-apple v30.0.1
rust	Format, check, lint and test	2026-10-08T15:17:30.2764870Z     Checking cpufeatures v0.2.17
rust	Format, check, lint and test	2026-10-08T15:17:30.3281550Z     Checking itoa v1.0.18
rust	Format, check, lint and test	2026-10-08T15:17:30.4502800Z     Checking typed-path v0.12.3
rust	Format, check, lint and test	2026-10-08T15:17:31.3810870Z     Checking zip v8.6.0
rust	Format, check, lint and test	2026-10-08T15:17:32.0322340Z     Checking sha2 v0.10.9
rust	Format, check, lint and test	2026-10-08T15:17:32.1364830Z     Checking png v0.18.1
rust	Format, check, lint and test	2026-10-08T15:17:32.7950490Z     Checking pollster v1.0.1
rust	Format, check, lint and test	2026-10-08T15:17:32.8477940Z     Checking glam v0.29.3
rust	Format, check, lint and test	2026-10-08T15:17:36.1201940Z     Checking places v0.8.0 (/Users/runner/work/Places/Places)
rust	Format, check, lint and test	2026-10-08T15:18:07.3788810Z     Finished `dev` profile [optimized + debuginfo] target(s) in 1m 08s
rust	Format, check, lint and test	2026-10-08T15:18:07.9599700Z     Checking places v0.8.0 (/Users/runner/work/Places/Places)
rust	Format, check, lint and test	2026-10-08T15:18:47.0235880Z     Finished `dev` profile [optimized + debuginfo] target(s) in 39.36s
rust	Format, check, lint and test	2026-10-08T15:18:47.3366450Z    Compiling proc-macro2 v1.0.107
rust	Format, check, lint and test	2026-10-08T15:18:47.3368130Z    Compiling unicode-ident v1.0.26
rust	Format, check, lint and test	2026-10-08T15:18:47.3368900Z    Compiling quote v1.0.47
rust	Format, check, lint and test	2026-10-08T15:18:47.4587500Z    Compiling objc2 v0.6.4
rust	Format, check, lint and test	2026-10-08T15:18:47.6995590Z    Compiling libc v0.2.189
rust	Format, check, lint and test	2026-10-08T15:18:47.7290240Z    Compiling cfg_aliases v0.2.2
rust	Format, check, lint and test	2026-10-08T15:18:47.7778850Z    Compiling thiserror v2.0.21
rust	Format, check, lint and test	2026-10-08T15:18:48.0960250Z    Compiling libm v0.2.16
rust	Format, check, lint and test	2026-10-08T15:18:48.2475430Z    Compiling autocfg v1.5.1
rust	Format, check, lint and test	2026-10-08T15:18:48.5810110Z    Compiling syn v3.0.6
rust	Format, check, lint and test	2026-10-08T15:18:48.6435330Z    Compiling syn v2.0.119
rust	Format, check, lint and test	2026-10-08T15:18:48.6538410Z    Compiling num-traits v0.2.19
rust	Format, check, lint and test	2026-10-08T15:18:48.8615740Z    Compiling zerocopy v0.8.58
rust	Format, check, lint and test	2026-10-08T15:18:49.3477550Z    Compiling naga v30.0.1
rust	Format, check, lint and test	2026-10-08T15:18:49.6562680Z    Compiling parking_lot_core v0.9.12
rust	Format, check, lint and test	2026-10-08T15:18:49.9311460Z     Checking bitflags v2.13.2
rust	Format, check, lint and test	2026-10-08T15:18:50.1038900Z    Compiling version_check v0.9.5
rust	Format, check, lint and test	2026-10-08T15:18:50.4205570Z     Checking cfg-if v1.0.5
rust	Format, check, lint and test	2026-10-08T15:18:50.4704880Z    Compiling generic-array v0.14.7
rust	Format, check, lint and test	2026-10-08T15:18:50.7179870Z    Compiling vcpkg v0.2.15
rust	Format, check, lint and test	2026-10-08T15:18:51.3745490Z    Compiling thiserror-impl v2.0.21
rust	Format, check, lint and test	2026-10-08T15:18:51.4088130Z    Compiling bytemuck_derive v1.12.1
rust	Format, check, lint and test	2026-10-08T15:18:52.7322760Z    Compiling pkg-config v0.3.34
rust	Format, check, lint and test	2026-10-08T15:18:52.9136720Z    Compiling zerocopy-derive v0.8.58
rust	Format, check, lint and test	2026-10-08T15:18:52.9898610Z     Checking objc2-encode v4.1.0
rust	Format, check, lint and test	2026-10-08T15:18:53.2767340Z    Compiling wgpu-hal v30.0.1
rust	Format, check, lint and test	2026-10-08T15:18:53.6087650Z    Compiling crc32fast v1.5.2
rust	Format, check, lint and test	2026-10-08T15:18:53.9246000Z     Checking foldhash v0.2.0
rust	Format, check, lint and test	2026-10-08T15:18:54.2440180Z     Checking hashbrown v0.17.1
rust	Format, check, lint and test	2026-10-08T15:18:54.5047020Z    Compiling serde_core v1.0.229
rust	Format, check, lint and test	2026-10-08T15:18:54.8847350Z     Checking equivalent v1.0.2
rust	Format, check, lint and test	2026-10-08T15:18:54.9453580Z     Checking objc2-core-foundation v0.3.2
rust	Format, check, lint and test	2026-10-08T15:18:54.9790790Z     Checking indexmap v2.14.2
rust	Format, check, lint and test	2026-10-08T15:18:54.9923910Z    Compiling sdl3-sys v0.7.1+SDL-3.4.16
rust	Format, check, lint and test	2026-10-08T15:18:56.4094940Z    Compiling wgpu-core v30.0.1
rust	Format, check, lint and test	2026-10-08T15:18:56.9606980Z    Compiling zmij v1.0.23
rust	Format, check, lint and test	2026-10-08T15:18:57.4049290Z     Checking rustc-hash v1.1.0
rust	Format, check, lint and test	2026-10-08T15:18:57.5057580Z    Compiling litrs v1.0.0
rust	Format, check, lint and test	2026-10-08T15:18:58.0514530Z     Checking naga-types v30.0.1
rust	Format, check, lint and test	2026-10-08T15:18:58.2866310Z    Compiling document-features v0.2.12
rust	Format, check, lint and test	2026-10-08T15:18:58.8586440Z     Checking objc2-foundation v0.3.2
rust	Format, check, lint and test	2026-10-08T15:19:00.6428690Z     Checking block2 v0.6.2
rust	Format, check, lint and test	2026-10-08T15:19:00.9698930Z     Checking raw-window-handle v0.6.2
rust	Format, check, lint and test	2026-10-08T15:19:01.0279200Z     Checking bit-vec v0.9.1
rust	Format, check, lint and test	2026-10-08T15:19:01.1750370Z     Checking unicode-width v0.2.2
rust	Format, check, lint and test	2026-10-08T15:19:01.2943070Z     Checking log v0.4.34
rust	Format, check, lint and test	2026-10-08T15:19:01.4128180Z     Checking codespan-reporting v0.13.1
rust	Format, check, lint and test	2026-10-08T15:19:01.4432360Z     Checking bit-set v0.10.0
rust	Format, check, lint and test	2026-10-08T15:19:01.5825030Z     Checking objc2-metal v0.3.2
rust	Format, check, lint and test	2026-10-08T15:19:02.3204730Z    Compiling sdl3 v0.20.0
rust	Format, check, lint and test	2026-10-08T15:19:02.7058710Z     Checking objc2-core-graphics v0.3.2
rust	Format, check, lint and test	2026-10-08T15:19:03.0012370Z     Checking bytemuck v1.25.2
rust	Format, check, lint and test	2026-10-08T15:19:03.1249590Z     Checking half v2.7.1
rust	Format, check, lint and test	2026-10-08T15:19:03.2674250Z    Compiling wgpu v30.0.1
rust	Format, check, lint and test	2026-10-08T15:19:03.5555450Z     Checking static_assertions v1.1.0
rust	Format, check, lint and test	2026-10-08T15:19:03.6083590Z    Compiling serde v1.0.229
rust	Format, check, lint and test	2026-10-08T15:19:03.7882110Z     Checking arrayvec v0.7.8
rust	Format, check, lint and test	2026-10-08T15:19:04.0067040Z     Checking simd-adler32 v0.3.10
rust	Format, check, lint and test	2026-10-08T15:19:04.0847910Z    Compiling serde_json v1.0.151
rust	Format, check, lint and test	2026-10-08T15:19:04.1530990Z     Checking once_cell v1.21.4
rust	Format, check, lint and test	2026-10-08T15:19:04.3236420Z     Checking scopeguard v1.2.0
rust	Format, check, lint and test	2026-10-08T15:19:04.3442170Z     Checking smallvec v1.16.1
rust	Format, check, lint and test	2026-10-08T15:19:04.3866750Z     Checking lock_api v0.4.14
rust	Format, check, lint and test	2026-10-08T15:19:05.3211340Z     Checking wgpu-types v30.0.1
rust	Format, check, lint and test	2026-10-08T15:19:05.4325850Z     Checking objc2-quartz-core v0.3.2
rust	Format, check, lint and test	2026-10-08T15:19:06.9871460Z    Compiling serde_derive v1.0.229
rust	Format, check, lint and test	2026-10-08T15:19:08.1361950Z     Checking typenum v1.20.1
rust	Format, check, lint and test	2026-10-08T15:19:09.2082420Z     Checking adler2 v2.0.1
rust	Format, check, lint and test	2026-10-08T15:19:09.7859010Z     Checking raw-window-metal v1.1.0
rust	Format, check, lint and test	2026-10-08T15:19:09.9219000Z     Checking parking_lot v0.12.5
rust	Format, check, lint and test	2026-10-08T15:19:10.1873200Z     Checking libloading v0.8.9
rust	Format, check, lint and test	2026-10-08T15:19:10.5811450Z     Checking profiling v1.0.18
rust	Format, check, lint and test	2026-10-08T15:19:10.7589540Z     Checking miniz_oxide v0.9.1
rust	Format, check, lint and test	2026-10-08T15:19:11.9027340Z     Checking wgpu-naga-bridge v30.0.1
rust	Format, check, lint and test	2026-10-08T15:19:13.7154480Z     Checking zlib-rs v0.6.8
rust	Format, check, lint and test	2026-10-08T15:19:13.9725190Z     Checking wgpu-core-deps-apple v30.0.1
rust	Format, check, lint and test	2026-10-08T15:19:14.6158320Z     Checking flate2 v1.1.10
rust	Format, check, lint and test	2026-10-08T15:19:14.9156930Z     Checking block-buffer v0.10.4
rust	Format, check, lint and test	2026-10-08T15:19:15.0086320Z     Checking crypto-common v0.1.7
rust	Format, check, lint and test	2026-10-08T15:19:16.2398180Z     Checking memchr v2.8.3
rust	Format, check, lint and test	2026-10-08T15:19:17.4130220Z     Checking digest v0.10.7
rust	Format, check, lint and test	2026-10-08T15:19:18.9667200Z     Checking miniz_oxide v0.8.9
rust	Format, check, lint and test	2026-10-08T15:19:19.3639250Z     Checking fdeflate v0.3.7
rust	Format, check, lint and test	2026-10-08T15:19:20.1516780Z     Checking cpufeatures v0.2.17
rust	Format, check, lint and test	2026-10-08T15:19:23.3713850Z     Checking itoa v1.0.18
rust	Format, check, lint and test	2026-10-08T15:19:23.4892450Z     Checking typed-path v0.12.3
rust	Format, check, lint and test	2026-10-08T15:19:24.7126050Z     Checking zip v8.6.0
rust	Format, check, lint and test	2026-10-08T15:19:25.5304100Z     Checking sha2 v0.10.9
rust	Format, check, lint and test	2026-10-08T15:19:25.6608350Z     Checking png v0.18.1
rust	Format, check, lint and test	2026-10-08T15:19:26.6524520Z     Checking glam v0.29.3
rust	Format, check, lint and test	2026-10-08T15:19:26.9895840Z     Checking pollster v1.0.1
rust	Format, check, lint and test	2026-10-08T15:19:30.5712070Z     Checking places v0.8.0 (/Users/runner/work/Places/Places)
rust	Format, check, lint and test	2026-10-08T15:20:29.3550440Z     Finished `release` profile [optimized] target(s) in 1m 42s
rust	Format, check, lint and test	2026-10-08T15:20:29.7855410Z    Compiling bitflags v2.13.2
rust	Format, check, lint and test	2026-10-08T15:20:29.7883620Z    Compiling cfg-if v1.0.5
rust	Format, check, lint and test	2026-10-08T15:20:29.7908270Z    Compiling objc2-encode v4.1.0
rust	Format, check, lint and test	2026-10-08T15:20:29.9059130Z    Compiling foldhash v0.2.0
rust	Format, check, lint and test	2026-10-08T15:20:30.1732290Z    Compiling objc2 v0.6.4
rust	Format, check, lint and test	2026-10-08T15:20:30.3124500Z    Compiling hashbrown v0.17.1
rust	Format, check, lint and test	2026-10-08T15:20:30.6809970Z    Compiling equivalent v1.0.2
rust	Format, check, lint and test	2026-10-08T15:20:30.7393810Z    Compiling libc v0.2.189
rust	Format, check, lint and test	2026-10-08T15:20:30.9549060Z    Compiling indexmap v2.14.2
rust	Format, check, lint and test	2026-10-08T15:20:31.3783870Z    Compiling objc2-core-foundation v0.3.2
rust	Format, check, lint and test	2026-10-08T15:20:31.6962370Z    Compiling thiserror v2.0.21
rust	Format, check, lint and test	2026-10-08T15:20:31.7888280Z    Compiling libm v0.2.16
rust	Format, check, lint and test	2026-10-08T15:20:32.3257330Z    Compiling rustc-hash v1.1.0
rust	Format, check, lint and test	2026-10-08T15:20:32.4064020Z    Compiling objc2-foundation v0.3.2
rust	Format, check, lint and test	2026-10-08T15:20:32.5807210Z    Compiling naga-types v30.0.1
rust	Format, check, lint and test	2026-10-08T15:20:32.7445990Z    Compiling num-traits v0.2.19
rust	Format, check, lint and test	2026-10-08T15:20:33.5845120Z    Compiling zerocopy v0.8.58
rust	Format, check, lint and test	2026-10-08T15:20:34.2815530Z    Compiling block2 v0.6.2
rust	Format, check, lint and test	2026-10-08T15:20:34.5862700Z    Compiling unicode-width v0.2.2
rust	Format, check, lint and test	2026-10-08T15:20:34.8364130Z    Compiling log v0.4.34
rust	Format, check, lint and test	2026-10-08T15:20:35.0761330Z    Compiling raw-window-handle v0.6.2
rust	Format, check, lint and test	2026-10-08T15:20:35.4028890Z    Compiling bit-vec v0.9.1
rust	Format, check, lint and test	2026-10-08T15:20:35.7231620Z    Compiling bit-set v0.10.0
rust	Format, check, lint and test	2026-10-08T15:20:35.8969050Z    Compiling codespan-reporting v0.13.1
rust	Format, check, lint and test	2026-10-08T15:20:37.1093770Z    Compiling bytemuck v1.25.2
rust	Format, check, lint and test	2026-10-08T15:20:37.3904790Z    Compiling objc2-metal v0.3.2
rust	Format, check, lint and test	2026-10-08T15:20:37.4930900Z    Compiling objc2-core-graphics v0.3.2
rust	Format, check, lint and test	2026-10-08T15:20:37.8938780Z    Compiling half v2.7.1
rust	Format, check, lint and test	2026-10-08T15:20:37.9039000Z    Compiling once_cell v1.21.4
rust	Format, check, lint and test	2026-10-08T15:20:38.1484110Z    Compiling simd-adler32 v0.3.10
rust	Format, check, lint and test	2026-10-08T15:20:38.3679580Z    Compiling scopeguard v1.2.0
rust	Format, check, lint and test	2026-10-08T15:20:38.4199290Z    Compiling smallvec v1.16.1
rust	Format, check, lint and test	2026-10-08T15:20:38.4639640Z    Compiling unicode-ident v1.0.26
rust	Format, check, lint and test	2026-10-08T15:20:38.6019020Z    Compiling static_assertions v1.1.0
rust	Format, check, lint and test	2026-10-08T15:20:38.6731460Z    Compiling arrayvec v0.7.8
rust	Format, check, lint and test	2026-10-08T15:20:38.6833630Z    Compiling wgpu-types v30.0.1
rust	Format, check, lint and test	2026-10-08T15:20:39.0113560Z    Compiling naga v30.0.1
rust	Format, check, lint and test	2026-10-08T15:20:43.5866660Z    Compiling objc2-quartz-core v0.3.2
rust	Format, check, lint and test	2026-10-08T15:20:44.0851200Z    Compiling parking_lot_core v0.9.12
rust	Format, check, lint and test	2026-10-08T15:20:44.2842000Z    Compiling lock_api v0.4.14
rust	Format, check, lint and test	2026-10-08T15:20:44.4456690Z    Compiling typenum v1.20.1
rust	Format, check, lint and test	2026-10-08T15:20:44.4566680Z    Compiling adler2 v2.0.1
rust	Format, check, lint and test	2026-10-08T15:20:44.5606790Z    Compiling parking_lot v0.12.5
rust	Format, check, lint and test	2026-10-08T15:20:44.9433290Z    Compiling generic-array v0.14.7
rust	Format, check, lint and test	2026-10-08T15:20:45.3780020Z    Compiling raw-window-metal v1.1.0
rust	Format, check, lint and test	2026-10-08T15:20:45.5601670Z    Compiling libloading v0.8.9
rust	Format, check, lint and test	2026-10-08T15:20:45.6365830Z    Compiling profiling v1.0.18
rust	Format, check, lint and test	2026-10-08T15:20:45.6794930Z    Compiling wgpu-naga-bridge v30.0.1
rust	Format, check, lint and test	2026-10-08T15:20:45.7013480Z    Compiling crc32fast v1.5.2
rust	Format, check, lint and test	2026-10-08T15:20:45.7930530Z    Compiling wgpu-hal v30.0.1
rust	Format, check, lint and test	2026-10-08T15:20:45.9555370Z    Compiling miniz_oxide v0.9.1
rust	Format, check, lint and test	2026-10-08T15:20:47.5992660Z    Compiling zlib-rs v0.6.8
rust	Format, check, lint and test	2026-10-08T15:20:54.5251490Z    Compiling flate2 v1.1.10
rust	Format, check, lint and test	2026-10-08T15:20:55.1336660Z    Compiling wgpu-core-deps-apple v30.0.1
rust	Format, check, lint and test	2026-10-08T15:20:55.1946250Z    Compiling serde_core v1.0.229
rust	Format, check, lint and test	2026-10-08T15:20:55.2065470Z    Compiling block-buffer v0.10.4
rust	Format, check, lint and test	2026-10-08T15:20:55.3091450Z    Compiling crypto-common v0.1.7
rust	Format, check, lint and test	2026-10-08T15:20:55.4134750Z    Compiling memchr v2.8.3
rust	Format, check, lint and test	2026-10-08T15:20:56.2816490Z    Compiling digest v0.10.7
rust	Format, check, lint and test	2026-10-08T15:20:56.4344970Z    Compiling wgpu-core v30.0.1
rust	Format, check, lint and test	2026-10-08T15:20:57.4392410Z    Compiling zmij v1.0.23
rust	Format, check, lint and test	2026-10-08T15:20:57.8863280Z    Compiling sdl3-sys v0.7.1+SDL-3.4.16
rust	Format, check, lint and test	2026-10-08T15:21:01.2512830Z    Compiling miniz_oxide v0.8.9
rust	Format, check, lint and test	2026-10-08T15:21:03.7292160Z    Compiling fdeflate v0.3.7
rust	Format, check, lint and test	2026-10-08T15:21:05.1280360Z    Compiling cpufeatures v0.2.17
rust	Format, check, lint and test	2026-10-08T15:21:05.2570470Z    Compiling typed-path v0.12.3
rust	Format, check, lint and test	2026-10-08T15:21:11.1753610Z    Compiling itoa v1.0.18
rust	Format, check, lint and test	2026-10-08T15:21:11.5604500Z    Compiling serde_json v1.0.151
rust	Format, check, lint and test	2026-10-08T15:21:16.2957020Z    Compiling zip v8.6.0
rust	Format, check, lint and test	2026-10-08T15:21:19.7179520Z    Compiling serde v1.0.229
rust	Format, check, lint and test	2026-10-08T15:21:20.5090240Z    Compiling sha2 v0.10.9
rust	Format, check, lint and test	2026-10-08T15:21:22.0214340Z    Compiling wgpu v30.0.1
rust	Format, check, lint and test	2026-10-08T15:21:36.3211180Z    Compiling png v0.18.1
rust	Format, check, lint and test	2026-10-08T15:21:38.1280870Z    Compiling sdl3 v0.20.0
rust	Format, check, lint and test	2026-10-08T15:21:39.9763870Z    Compiling pollster v1.0.1
rust	Format, check, lint and test	2026-10-08T15:21:40.1125340Z    Compiling glam v0.29.3
rust	Format, check, lint and test	2026-10-08T15:21:44.2643840Z    Compiling places v0.8.0 (/Users/runner/work/Places/Places)
rust	Format, check, lint and test	2026-10-08T15:26:12.2885190Z     Finished `test` profile [optimized + debuginfo] target(s) in 5m 42s
rust	Format, check, lint and test	2026-10-08T15:26:12.3245570Z      Running unittests src/lib.rs (target/debug/deps/places-c6e7f0f5bbc582ac)
rust	Format, check, lint and test	2026-10-08T15:26:12.4341980Z
rust	Format, check, lint and test	2026-10-08T15:26:12.4342990Z running 2126 tests
rust	Format, check, lint and test	2026-10-08T15:26:12.4541100Z test ai::tests::a_doorless_prey_never_requests_a_closed_door ... ok
rust	Format, check, lint and test	2026-10-08T15:26:12.4542740Z test ai::tests::a_door_capable_agent_requests_and_crosses_a_closed_door ... ok
rust	Format, check, lint and test	2026-10-08T15:26:12.4544090Z test ai::tests::a_fleeing_rat_moves_away_and_keeps_clear_of_the_wall ... ok
rust	Format, check, lint and test	2026-10-08T15:26:12.4544980Z test ai::tests::a_catch_fires_once_and_freezes_the_prey ... ok
rust	Format, check, lint and test	2026-10-08T15:26:12.4545510Z test ai::tests::a_wanderer_with_no_route_still_returns_to_its_post ... ok
rust	Format, check, lint and test	2026-10-08T15:26:12.4546240Z test ai::tests::hearing_finds_a_threat_out_of_sight ... ok
rust	Format, check, lint and test	2026-10-08T15:26:12.4546880Z test ai::tests::a_scripted_agent_yields_locomotion ... ok
rust	Format, check, lint and test	2026-10-08T15:26:12.4552080Z test ai::tests::an_unreachable_investigate_goal_times_out_without_query_spam ... ok
rust	Format, check, lint and test	2026-10-08T15:26:12.4553020Z test ai::tests::the_animation_bridge_maps_states_to_gaits ... ok
rust	Format, check, lint and test	2026-10-08T15:26:12.4553480Z test ai::tests::removing_an_agent_releases_its_state ... ok
rust	Format, check, lint and test	2026-10-08T15:26:12.4560930Z test ai::tests::sight_requires_range_fov_and_line_of_sight ... ok
rust	Format, check, lint and test	2026-10-08T15:26:12.5008470Z test architecture_audit::test_a_ramp_arriving_at_a_platform_closes_its_sides ... ok
rust	Format, check, lint and test	2026-10-08T15:26:12.5124370Z test architecture_audit::test_arc_end_caps_face_outward_for_both_sweep_signs ... ok
rust	Format, check, lint and test	2026-10-08T15:26:12.5226120Z test architecture_audit::test_arc_wall_faces_have_smooth_radial_normals ... ok
rust	Format, check, lint and test	2026-10-08T15:26:12.5346350Z test architecture_audit::test_arc_wall_uvs_tile_by_arc_length_at_world_scale ... ok
rust	Format, check, lint and test	2026-10-08T15:26:12.5451670Z test architecture_audit::test_architecture_geometry_sweep_is_structurally_sound ... ok
rust	Format, check, lint and test	2026-10-08T15:26:12.5553900Z test architecture_audit::test_architecture_overlap_rules ... ok
rust	Format, check, lint and test	2026-10-08T15:26:12.7919880Z test ai::tests::the_shared_mover_climbs_the_demo_home_staircase_to_the_balcony ... ok
rust	Format, check, lint and test	2026-10-08T15:26:12.8023700Z test architecture_audit::test_architecture_uvs_stay_at_world_scale ... ok
rust	Format, check, lint and test	2026-10-08T15:26:12.8126330Z test architecture_audit::test_architecture_validation_boundaries ... ok
rust	Format, check, lint and test	2026-10-08T15:26:12.8230670Z test architecture_audit::test_archway_openings_stay_clear_for_every_configuration ... ok
rust	Format, check, lint and test	2026-10-08T15:26:12.8334270Z test architecture_audit::test_archway_openings_transmit_light ... ok
rust	Format, check, lint and test	2026-10-08T15:26:12.8441800Z test architecture_audit::test_archway_soffit_shading_follows_the_segment_slope ... ok
rust	Format, check, lint and test	2026-10-08T15:26:12.8552650Z test architecture_audit::test_arriving_at_a_platform_is_not_walled_off_by_its_rim ... ok
rust	Format, check, lint and test	2026-10-08T15:26:12.8886750Z test architecture_audit::test_cased_archway_never_shares_a_plane_with_its_wall ... ok
rust	Format, check, lint and test	2026-10-08T15:26:12.9000370Z test architecture_audit::test_column_default_height_resolves_the_local_ceiling_and_region_floor ... ok
rust	Format, check, lint and test	2026-10-08T15:26:12.9109190Z test architecture_audit::test_column_shadow_is_local ... ok
rust	Format, check, lint and test	2026-10-08T15:26:12.9215910Z test architecture_audit::test_every_home_baseboard_stands_proud_of_its_wall ... ok
rust	Format, check, lint and test	2026-10-08T15:26:12.9320790Z test architecture_audit::test_every_material_bearing_field_is_discovered ... ok
rust	Format, check, lint and test	2026-10-08T15:26:12.9427520Z test architecture_audit::test_guardrail_follows_a_stair_flight_as_a_handrail ... ok
rust	Format, check, lint and test	2026-10-08T15:26:12.9532050Z test architecture_audit::test_guardrails_work_at_every_orientation ... ok
rust	Format, check, lint and test	2026-10-08T15:26:12.9663790Z test architecture_audit::test_half_wall_caps_and_end_materials ... ok
rust	Format, check, lint and test	2026-10-08T15:26:12.9772700Z test architecture_audit::test_half_walls_and_guardrails_occlude_without_black_bands ... ok
rust	Format, check, lint and test	2026-10-08T15:26:12.9884150Z test architecture_audit::test_loader_and_controller_agree_on_the_walkable_riser_limit ... ok
rust	Format, check, lint and test	2026-10-08T15:26:12.9987750Z test architecture_audit::test_loader_rejects_baseboards_and_thresholds_buried_in_walls ... ok
rust	Format, check, lint and test	2026-10-08T15:26:13.0091680Z test architecture_audit::test_pillar_body_normals_are_smooth_radial_and_seamless ... ok
rust	Format, check, lint and test	2026-10-08T15:26:13.0194370Z test architecture_audit::test_ramp_faces_wind_out_of_their_solid_in_every_orientation ... ok
rust	Format, check, lint and test	2026-10-08T15:26:13.0296320Z test architecture_audit::test_ramp_side_skirt_gradient_follows_height_not_run ... ok
rust	Format, check, lint and test	2026-10-08T15:26:13.0398630Z test architecture_audit::test_ramp_sweep_is_monotone_in_every_orientation ... ok
rust	Format, check, lint and test	2026-10-08T15:26:13.0501740Z test architecture_audit::test_room_floor_grid_is_continuous_around_cell_boundaries ... ok
rust	Format, check, lint and test	2026-10-08T15:26:13.0605160Z test architecture_audit::test_rotated_guardrail_posts_keep_a_real_uv_axis ... ok
rust	Format, check, lint and test	2026-10-08T15:26:13.0708770Z test architecture_audit::test_rotated_trim_keeps_its_length_and_plane ... ok
rust	Format, check, lint and test	2026-10-08T15:26:13.0811980Z test architecture_audit::test_stair_faces_wind_out_of_their_solid_on_both_axes ... ok
rust	Format, check, lint and test	2026-10-08T15:26:13.0917410Z test architecture_audit::test_stair_sweep_steps_exactly_once_per_tread ... ok
rust	Format, check, lint and test	2026-10-08T15:26:13.1021110Z test architecture_audit::test_the_demo_stair_handrails_follow_the_nosing_line ... ok
rust	Format, check, lint and test	2026-10-08T15:26:13.1122530Z test ai::tests::the_shared_mover_climbs_the_demo_shower_steps_and_returns ... ok
rust	Format, check, lint and test	2026-10-08T15:26:41.2186770Z test architecture_audit::test_the_prepared_demo_validates_and_emits_no_zero_area_triangles ... ok
rust	Format, check, lint and test	2026-10-08T15:26:41.2293490Z test architecture_audit::test_walkable_floor_matches_surface_atlas_around_ramp_and_region_edges ... ok
rust	Format, check, lint and test	2026-10-08T15:26:41.2426950Z test architecture_audit::test_walking_surfaces_may_not_span_rooms_with_different_floors ... ok
rust	Format, check, lint and test	2026-10-08T15:26:41.2548800Z test architecture_audit::test_z_axis_and_floating_box_caps_face_out_of_their_solid ... ok
rust	Format, check, lint and test	2026-10-08T15:26:41.2653430Z test assets::tests::catalog_rejects_an_emissive_mask_without_a_png_file ... ok
rust	Format, check, lint and test	2026-10-08T15:26:41.2759500Z test assets::tests::catalog_rejects_emission_outside_material_definitions ... ok
rust	Format, check, lint and test	2026-10-08T15:26:41.2861180Z test assets::tests::catalog_rejects_emissive_masks_that_are_not_loadable_textures ... ok
rust	Format, check, lint and test	2026-10-08T15:26:41.2966050Z test assets::tests::catalog_rejects_malformed_emission_values ... ok
rust	Format, check, lint and test	2026-10-08T15:26:41.3070740Z test assets::tests::catalog_rejects_non_finite_emission_values ... ok
rust	Format, check, lint and test	2026-10-08T15:26:41.3173480Z test assets::tests::duplicate_logical_ids_are_rejected ... ok
rust	Format, check, lint and test	2026-10-08T15:26:41.3275980Z test assets::tests::emissive_materials_parse_and_are_exposed_only_through_material_accessors ... ok
rust	Format, check, lint and test	2026-10-08T15:26:41.3397630Z test assets::tests::every_file_asset_exists_exactly_once ... ok
rust	Format, check, lint and test	2026-10-08T15:26:41.5696300Z test architecture_audit::test_the_shipped_demo_emits_no_zero_area_triangles ... ok
rust	Format, check, lint and test	2026-10-08T15:26:41.5796890Z test assets::tests::future_themes_and_classes_parse_without_an_engine_change ... ok
rust	Format, check, lint and test	2026-10-08T15:26:41.5927520Z test assets::tests::level_material_references_cover_floor_regions_too ... ok
rust	Format, check, lint and test	2026-10-08T15:26:41.6046660Z test assets::tests::levels_only_reference_catalog_ids ... ok
rust	Format, check, lint and test	2026-10-08T15:26:41.6168670Z test assets::tests::malformed_catalog_entries_are_rejected_with_a_useful_message ... ok
rust	Format, check, lint and test	2026-10-08T15:26:42.3386000Z test assets::tests::every_shipped_sheet_satisfies_its_texture_kind_contract ... ok
rust	Format, check, lint and test	2026-10-08T15:26:42.3488560Z test assets::tests::shipped_catalog_classifies_environments_themes_and_entities ... ok
rust	Format, check, lint and test	2026-10-08T15:26:42.3590230Z test assets::tests::shipped_texture_policy_accepts_the_upgraded_art_and_rejects_breaches ... ok
rust	Format, check, lint and test	2026-10-08T15:26:42.3692420Z test assets::tests::spooner_man_is_an_entity_not_a_theme ... ok
rust	Format, check, lint and test	2026-10-08T15:26:42.3794070Z test assets::tests::the_shared_white_sheet_is_a_committed_opaque_white_png ... ok
rust	Format, check, lint and test	2026-10-08T15:26:42.3898440Z test bench::lighting_sequence::tests::preparation_cannot_repeat_actions_and_captures ... ok
rust	Format, check, lint and test	2026-10-08T15:26:42.4000310Z test bench::tests::a_failed_csv_write_disables_the_stream_and_keeps_frame_samples ... ok
rust	Format, check, lint and test	2026-10-08T15:26:42.4102470Z test bench::tests::a_huge_warmup_counter_never_overflows_or_records ... ok
rust	Format, check, lint and test	2026-10-08T15:26:42.4203900Z test bench::tests::a_scripted_window_cycle_selects_actions_by_frame ... ok
rust	Format, check, lint and test	2026-10-08T15:26:42.4306450Z test bench::tests::disabled_bench_records_nothing_and_holds_no_file ... ok
rust	Format, check, lint and test	2026-10-08T15:26:42.4408640Z test bench::tests::excluded_loading_intervals_do_not_become_one_long_cadence_sample ... ok
rust	Format, check, lint and test	2026-10-08T15:26:42.4511200Z test bench::tests::frame_limits_and_completion_are_exact ... ok
rust	Format, check, lint and test	2026-10-08T15:26:42.4614930Z test bench::tests::parse_camera_accepts_yaw_and_optional_pitch ... ok
rust	Format, check, lint and test	2026-10-08T15:26:42.4717660Z test bench::tests::parse_vsync_override_maps_human_words ... ok
rust	Format, check, lint and test	2026-10-08T15:26:42.4821810Z test bench::tests::parse_window_action_accepts_the_documented_set ... ok
rust	Format, check, lint and test	2026-10-08T15:26:42.4934070Z test bench::tests::timing_summary_handles_empty_and_single_samples ... ok
rust	Format, check, lint and test	2026-10-08T15:26:42.5036560Z test bench::tests::timing_summary_percentiles_use_nearest_rank ... ok
rust	Format, check, lint and test	2026-10-08T15:26:42.5138530Z test collision::movement::tests::a_fifty_metre_sweep_cannot_cross_a_thin_wall_and_keeps_the_tangent ... ok
rust	Format, check, lint and test	2026-10-08T15:26:42.5241480Z test collision::movement::tests::a_rotated_thin_door_uses_its_actual_oriented_rectangle ... ok
rust	Format, check, lint and test	2026-10-08T15:26:42.5344350Z test collision::movement::tests::independent_corner_planes_cannot_introduce_new_penetration ... ok
rust	Format, check, lint and test	2026-10-08T15:26:42.5446660Z test collision::tests::a_solid_glass_opening_blocks_and_a_visual_pane_does_not ... ok
rust	Format, check, lint and test	2026-10-08T15:26:42.5549100Z test collision::tests::a_solid_void_wall_is_a_real_barrier_and_a_sight_only_one_is_not ... ok
rust	Format, check, lint and test	2026-10-08T15:26:42.5651130Z test collision::tests::highest_support_top_allows_one_walkable_step ... ok
rust	Format, check, lint and test	2026-10-08T15:26:42.5752890Z test collision::tests::indexed_queries_match_the_linear_scan_for_random_probes ... ok
rust	Format, check, lint and test	2026-10-08T15:26:42.5855950Z test collision::tests::test_a_rim_blocks_cliffs_but_never_a_walkable_step ... ok
rust	Format, check, lint and test	2026-10-08T15:26:42.5965390Z test collision::tests::test_architecture_pieces_block_and_trim_never_does ... ok
rust	Format, check, lint and test	2026-10-08T15:26:42.6067880Z test collision::tests::test_below_zero_rooms_and_gable_rooms_collide_at_their_own_geometry ... ok
rust	Format, check, lint and test	2026-10-08T15:26:42.6170830Z test collision::tests::test_collision_stops_player_at_wall ... ok
rust	Format, check, lint and test	2026-10-08T15:26:42.6272680Z test collision::tests::test_corner_collision_stops_both_axes ... ok
rust	Format, check, lint and test	2026-10-08T15:26:42.6381960Z test collision::tests::test_doorway_header_never_blocks_the_player ... ok
rust	Format, check, lint and test	2026-10-08T15:26:42.6496000Z test collision::tests::test_doorway_wall_lets_the_player_pass_through ... ok
rust	Format, check, lint and test	2026-10-08T15:26:42.6597600Z test collision::tests::test_player_band_follows_the_foot_height ... ok
rust	Format, check, lint and test	2026-10-08T15:26:42.6714180Z test collision::tests::test_ray_aabb_entry_hits_faces_and_misses_cleanly ... ok
rust	Format, check, lint and test	2026-10-08T15:26:42.6815690Z test collision::tests::test_recess_rims_block_from_below_but_not_from_above ... ok
rust	Format, check, lint and test	2026-10-08T15:26:42.6925790Z test collision::tests::test_segment_overlaps_aabb_catches_fast_thin_crossings ... ok
rust	Format, check, lint and test	2026-10-08T15:26:42.7045880Z test collision::tests::test_shallow_recesses_have_no_collision_rims ... ok
rust	Format, check, lint and test	2026-10-08T15:26:42.7149130Z test collision::tests::test_showcase_level_collision_matches_the_solid_flags ... ok
rust	Format, check, lint and test	2026-10-08T15:26:42.7250720Z test collision::tests::test_solid_prop_blocks_the_player ... ok
rust	Format, check, lint and test	2026-10-08T15:26:42.7352430Z test collision::tests::test_the_floating_demo_duck_has_no_collision_box ... ok
rust	Format, check, lint and test	2026-10-08T15:26:42.7455050Z test collision::tests::test_variable_height_wall_collision ... ok
rust	Format, check, lint and test	2026-10-08T15:26:42.7621620Z test collision::tests::test_wall_aabb_creation ... ok
rust	Format, check, lint and test	2026-10-08T15:26:42.7723120Z test collision::tests::test_wall_sliding_allows_tangential_motion ... ok
rust	Format, check, lint and test	2026-10-08T15:26:42.7825450Z test collision::tests::test_window_with_sill_blocks_the_player ... ok
rust	Format, check, lint and test	2026-10-08T15:26:42.7928280Z test collision::tests::the_sink_deck_blocks_the_floor_and_supports_the_counter ... ok
rust	Format, check, lint and test	2026-10-08T15:26:42.8028900Z test collision_index::tests::a_large_sparse_world_stays_within_the_cell_budget ... ok
rust	Format, check, lint and test	2026-10-08T15:26:42.8130580Z test collision_index::tests::an_empty_index_visits_every_box ... ok
rust	Format, check, lint and test	2026-10-08T15:26:42.8231470Z test collision_index::tests::disc_queries_match_the_linear_scan ... ok
rust	Format, check, lint and test	2026-10-08T15:26:42.8332960Z test collision_index::tests::disc_queries_visit_each_box_at_most_once ... ok
rust	Format, check, lint and test	2026-10-08T15:26:42.8436380Z test collision_index::tests::non_finite_boxes_do_not_panic_or_drop_real_ones ... ok
rust	Format, check, lint and test	2026-10-08T15:26:42.8538900Z test collision_index::tests::point_queries_match_the_linear_scan ... ok
rust	Format, check, lint and test	2026-10-08T15:26:42.8639860Z test collision_index::tests::ray_queries_are_a_superset_of_the_segment ... ok
rust	Format, check, lint and test	2026-10-08T15:26:42.8742880Z test compiler::diagnostics::tests::diagnostic_outputs_refuse_to_replace_existing_evidence ... ok
rust	Format, check, lint and test	2026-10-08T15:26:42.8845450Z test compiler::diagnostics::tests::package_export_preserves_saved_coefficients_and_switchable_identity ... ok
rust	Format, check, lint and test	2026-10-08T15:26:42.8951460Z test compiler::diagnostics::tests::package_probe_export_preserves_stored_labels_and_f32_data ... ok
rust	Format, check, lint and test	2026-10-08T15:26:42.9053670Z test compiler::probes::tests::solved_probe_round_trips_into_runtime_entity_lighting ... ok
rust	Format, check, lint and test	2026-10-08T15:26:42.9156120Z test compiler::probes::tests::validity_reasons_identify_real_air_constraints_independently_of_energy ... ok
rust	Format, check, lint and test	2026-10-08T15:26:42.9289230Z test compiler::probes::tests::wall_labels_use_height_and_preserve_clear_openings ... ok
rust	Format, check, lint and test	2026-10-08T15:26:42.9391530Z test compiler::probes::tests::world_offsets_floor_regions_and_real_vertical_spans_bound_probes ... ok
rust	Format, check, lint and test	2026-10-08T15:26:42.9491980Z test compiler::tests::full_eight_page_atlas_includes_its_container_in_the_record_budget ... ok
rust	Format, check, lint and test	2026-10-08T15:26:42.9592590Z test compiler::tests::maintained_dense_props_fit_the_runtime_record_budget ... ok
rust	Format, check, lint and test	2026-10-08T15:26:42.9693530Z test assets::tests::renderer_and_catalog_agree_on_surface_and_decal_ids ... ok
rust	Format, check, lint and test	2026-10-08T15:26:42.9797050Z test compiler::tests::packaged_probes_round_trip_a_full_mip_chain ... ok
rust	Format, check, lint and test	2026-10-08T15:26:42.9896660Z test compiler::tests::performance::catalogue_bytes_and_each_referenced_image_class_are_build_inputs ... ok
rust	Format, check, lint and test	2026-10-08T15:26:43.0000550Z test compiler::tests::material_transport::offline_materials_include_real_glass_coverage_and_wall_reflectance ... ok
rust	Format, check, lint and test	2026-10-08T15:26:43.1423670Z test compiler::tests::performance::changed_catalogue_invalidates_both_package_and_prepared_stage ... ok
rust	Format, check, lint and test	2026-10-08T15:26:43.3074060Z test compiler::tests::performance::failed_source_and_invalid_worker_budget_preserve_last_valid_package ... ok
rust	Format, check, lint and test	2026-10-08T15:26:51.7508120Z test compiler::tests::performance::corrupt_cached_lighting_rebuilds_both_unchanged_and_metadata_only_inputs ... ok
rust	Format, check, lint and test	2026-10-08T15:26:51.7623390Z test compiler::tests::two_builds_package_identical_probe_bytes ... ok
rust	Format, check, lint and test	2026-10-08T15:26:51.7728180Z test display::tests::an_unknown_work_area_offers_every_common_mode ... ok
rust	Format, check, lint and test	2026-10-08T15:26:51.7832350Z test display::tests::fitting_keeps_the_aspect_and_never_leaves_the_work_area ... ok
rust	Format, check, lint and test	2026-10-08T15:26:51.7974760Z test display::tests::stepping_wraps_in_both_directions_and_starts_from_a_missing_size ... ok
rust	Format, check, lint and test	2026-10-08T15:26:51.8094990Z test display::tests::the_current_size_is_always_representable ... ok
rust	Format, check, lint and test	2026-10-08T15:26:51.8227090Z test display::tests::the_resolution_row_describes_the_mode_in_force ... ok
rust	Format, check, lint and test	2026-10-08T15:26:51.8331540Z test display::tests::the_standard_modes_fit_the_standard_desktop ... ok
rust	Format, check, lint and test	2026-10-08T15:26:51.8442310Z test door::tests::a_blocked_leaf_holds_and_resumes_when_clear ... ok
rust	Format, check, lint and test	2026-10-08T15:26:51.8543020Z test door::tests::a_collider_follows_the_current_angle ... ok
rust	Format, check, lint and test	2026-10-08T15:26:51.8643880Z test door::tests::a_left_swing_opens_toward_negative_z ... ok
rust	Format, check, lint and test	2026-10-08T15:26:51.8746330Z test door::tests::a_reversing_leaf_flips_direction_once_per_obstruction ... ok
rust	Format, check, lint and test	2026-10-08T15:26:51.8851720Z test door::tests::a_right_swing_opens_negative ... ok
rust	Format, check, lint and test	2026-10-08T15:26:51.8953610Z test door::tests::a_toggle_from_mid_travel_reverses_without_snapping ... ok
rust	Format, check, lint and test	2026-10-08T15:26:51.9054050Z test door::tests::an_initially_open_door_starts_at_its_swing ... ok
rust	Format, check, lint and test	2026-10-08T15:26:51.9154680Z test door::tests::the_swing_direction_is_signed_by_the_authored_swing ... ok
rust	Format, check, lint and test	2026-10-08T15:26:51.9256750Z test entities::components::tests::a_disabled_proximity_fade_holds_max_opacity ... ok
rust	Format, check, lint and test	2026-10-08T15:26:51.9358470Z test entities::components::tests::a_fade_without_proximity_fields_keeps_the_historical_cycle_bits ... ok
rust	Format, check, lint and test	2026-10-08T15:26:51.9458650Z test entities::components::tests::a_proximity_fade_ignores_the_cycle ... ok
rust	Format, check, lint and test	2026-10-08T15:26:51.9560750Z test entities::components::tests::a_stale_handle_reads_nothing_from_any_table ... ok
rust	Format, check, lint and test	2026-10-08T15:26:51.9662020Z test entities::components::tests::default_fade_phase_is_stable_and_instance_dependent ... ok
rust	Format, check, lint and test	2026-10-08T15:26:51.9763330Z test entities::components::tests::fade_opacity_cycles_between_min_and_max ... ok
rust	Format, check, lint and test	2026-10-08T15:26:51.9871460Z test entities::components::tests::fade_opacity_is_deterministic_and_bounded ... ok
rust	Format, check, lint and test	2026-10-08T15:26:51.9971830Z test entities::components::tests::iteration_yields_live_handles_in_slot_order ... ok
rust	Format, check, lint and test	2026-10-08T15:26:52.0074090Z test entities::components::tests::material_variants_select_by_name ... ok
rust	Format, check, lint and test	2026-10-08T15:26:52.0175740Z test entities::components::tests::proximity_fade_is_frame_rate_independent ... ok
rust	Format, check, lint and test	2026-10-08T15:26:52.0278420Z test entities::components::tests::proximity_hysteresis_holds_the_direction_between_the_radii ... ok
rust	Format, check, lint and test	2026-10-08T15:26:52.0381720Z test entities::components::tests::removing_a_handle_clears_every_component_kind ... ok
rust	Format, check, lint and test	2026-10-08T15:26:52.0481460Z test entities::components::tests::state_values_expose_their_kind ... ok
rust	Format, check, lint and test	2026-10-08T15:26:52.0584690Z test entities::components::tests::state_writes_report_only_real_changes ... ok
rust	Format, check, lint and test	2026-10-08T15:26:52.0685140Z test entities::events::tests::a_full_queue_refuses_rather_than_grows ... ok
rust	Format, check, lint and test	2026-10-08T15:26:52.0787180Z test entities::events::tests::a_missing_flag_is_neither_true_nor_false ... ok
rust	Format, check, lint and test	2026-10-08T15:26:52.0888170Z test entities::events::tests::authored_event_kinds_map_to_their_runtime_mirror ... ok
rust	Format, check, lint and test	2026-10-08T15:26:52.0990140Z test entities::events::tests::clear_resets_records_and_the_drop_counter ... ok
rust	Format, check, lint and test	2026-10-08T15:26:52.1093800Z test entities::events::tests::drain_stale_keeps_only_the_current_generation_in_order ... ok
rust	Format, check, lint and test	2026-10-08T15:26:52.1216290Z test entities::events::tests::event_kind_names_round_trip ... ok
rust	Format, check, lint and test	2026-10-08T15:26:52.1315930Z test entities::events::tests::every_condition_is_false_for_an_unknown_target ... ok
rust	Format, check, lint and test	2026-10-08T15:26:52.1419780Z test entities::events::tests::flag_conditions_mirror_their_component ... ok
rust	Format, check, lint and test	2026-10-08T15:26:52.1519250Z test entities::events::tests::queue_pops_in_push_order ... ok
rust	Format, check, lint and test	2026-10-08T15:26:52.1621340Z test entities::events::tests::state_conditions_compare_exactly_on_the_variant ... ok
rust	Format, check, lint and test	2026-10-08T15:26:52.1721720Z test entities::id::tests::a_removed_slot_never_resolves_again_even_when_reused ... ok
rust	Format, check, lint and test	2026-10-08T15:26:52.1823800Z test entities::id::tests::clearing_the_store_advances_the_world_generation ... ok
rust	Format, check, lint and test	2026-10-08T15:26:52.1924020Z test entities::id::tests::names_bind_authored_ids_to_handles ... ok
rust	Format, check, lint and test	2026-10-08T15:26:52.2024470Z test entities::id::tests::removing_twice_is_a_no_op_and_handles_lists_are_in_slot_order ... ok
rust	Format, check, lint and test	2026-10-08T15:26:52.2126080Z test entities::sequences::tests::a_looping_sequence_restarts_at_step_zero ... ok
rust	Format, check, lint and test	2026-10-08T15:26:52.2228770Z test entities::sequences::tests::a_sequence_walks_its_steps_and_completes ... ok
rust	Format, check, lint and test	2026-10-08T15:26:52.2331590Z test entities::sequences::tests::only_delayed_steps_are_classified_as_delayed ... ok
rust	Format, check, lint and test	2026-10-08T15:26:52.2469500Z test entities::sequences::tests::stopping_a_run_ends_it_without_completing ... ok
rust	Format, check, lint and test	2026-10-08T15:26:52.2574490Z test entities::spawn::tests::an_at_most_one_group_admits_one_member_until_released ... ok
rust	Format, check, lint and test	2026-10-08T15:26:52.2585250Z test entities::spawn::tests::an_unbounded_group_admits_many_members_and_releases_only_its_own ... ok
rust	Format, check, lint and test	2026-10-08T15:26:52.2704540Z test entities::spawn::tests::duplicate_and_empty_group_ids_are_skipped ... ok
rust	Format, check, lint and test	2026-10-08T15:26:52.2814240Z test entities::spawn::tests::reset_drops_membership_without_forgetting_the_groups ... ok
rust	Format, check, lint and test	2026-10-08T15:26:52.2946520Z test entities::tests::a_binding_cued_animation_rebuilds_the_renderer_handoff ... ok
rust	Format, check, lint and test	2026-10-08T15:26:52.3049140Z test entities::tests::a_cycle_fade_without_proximity_fields_keeps_the_exact_cycle ... ok
rust	Format, check, lint and test	2026-10-08T15:26:52.3150500Z test entities::tests::a_despawned_entity_leaves_no_binding_or_group_behind ... ok
rust	Format, check, lint and test	2026-10-08T15:26:52.3255840Z test entities::tests::a_despawned_sequence_owner_is_cancelled_without_hanging ... ok
rust	Format, check, lint and test	2026-10-08T15:26:52.3357320Z test entities::tests::a_fade_only_entity_rebuilds_its_frame_without_routes ... ok
rust	Format, check, lint and test	2026-10-08T15:26:52.3461780Z test entities::tests::a_hidden_proximity_ghost_keeps_updating_and_returns ... ok
rust	Format, check, lint and test	2026-10-08T15:26:52.3564450Z test entities::tests::a_leaf_hinged_on_the_opening_edge_swings_and_a_real_wall_still_blocks_it ... ok
rust	Format, check, lint and test	2026-10-08T15:26:52.3668530Z test entities::tests::a_level_resolves_every_authored_object_into_one_entity ... ok
rust	Format, check, lint and test	2026-10-08T15:26:52.3771840Z test entities::tests::a_locked_door_refuses_to_open_and_unlock_allows_it ... ok
rust	Format, check, lint and test	2026-10-08T15:26:52.3874070Z test entities::tests::a_mismatched_generation_record_is_dropped_even_without_a_clear ... ok
rust	Format, check, lint and test	2026-10-08T15:26:52.3995470Z test entities::tests::a_move_object_walks_a_runtime_entity_respecting_walls ... ok
rust	Format, check, lint and test	2026-10-08T15:26:52.4098010Z test entities::tests::a_proximity_fade_carries_its_opacity_into_the_glow_cue ... ok
rust	Format, check, lint and test	2026-10-08T15:26:52.4212290Z test entities::tests::a_proximity_fade_hides_as_the_player_approaches_and_returns ... ok
rust	Format, check, lint and test	2026-10-08T15:26:52.4314910Z test entities::tests::a_proximity_fade_is_frame_rate_independent_everywhere ... ok
rust	Format, check, lint and test	2026-10-08T15:26:52.4417290Z test entities::tests::a_route_turn_reorients_the_live_aim_bounds ... ok
rust	Format, check, lint and test	2026-10-08T15:26:52.4528520Z test entities::tests::a_self_referential_chain_is_cut_at_the_depth_limit ... ok
rust	Format, check, lint and test	2026-10-08T15:26:52.4631120Z test entities::tests::a_sequence_runs_its_steps_and_emits_completion_once ... ok
rust	Format, check, lint and test	2026-10-08T15:26:52.4732480Z test entities::tests::a_stale_event_from_an_old_world_never_fires_in_the_new_one ... ok
rust	Format, check, lint and test	2026-10-08T15:26:52.4833790Z test entities::tests::a_static_prop_cannot_be_despawned ... ok
rust	Format, check, lint and test	2026-10-08T15:26:52.4946020Z test entities::tests::a_stop_step_completes_the_run_and_clears_the_controller ... ok
rust	Format, check, lint and test	2026-10-08T15:26:52.5046460Z test entities::tests::a_switch_with_opposite_conditions_toggles_one_steam_emitter_per_press ... ok
rust	Format, check, lint and test	2026-10-08T15:26:52.5154620Z test entities::tests::a_timer_fires_its_binding_and_a_reset_re_arms_it ... ok
rust	Format, check, lint and test	2026-10-08T15:26:52.5255110Z test entities::tests::a_wait_animation_step_completes_on_the_renderer_notification ... ok
rust	Format, check, lint and test	2026-10-08T15:26:52.5356000Z test entities::tests::a_water_volume_reports_its_authored_index_and_disables_sampling ... ok
rust	Format, check, lint and test	2026-10-08T15:26:52.5468100Z test entities::tests::an_action_chain_reaches_a_door_and_a_light_through_conditions ... ok
rust	Format, check, lint and test	2026-10-08T15:26:52.5569120Z test entities::tests::an_ai_agents_frame_yaw_is_radians_and_turns_the_short_way ... ok
rust	Format, check, lint and test	2026-10-08T15:26:52.5671180Z test entities::tests::an_interact_event_runs_the_actors_own_bindings ... ok
rust	Format, check, lint and test	2026-10-08T15:26:52.5772310Z test entities::tests::an_invalid_spawn_target_is_reported_not_ignored ... ok
rust	Format, check, lint and test	2026-10-08T15:26:52.5874210Z test entities::tests::an_omitted_fade_phase_resolves_per_instance ... ok
rust	Format, check, lint and test	2026-10-08T15:26:52.5975860Z test entities::tests::entity_frames_carry_fade_opacity_and_glow_cue ... ok
rust	Format, check, lint and test	2026-10-08T15:26:52.6077180Z test entities::tests::light_switches_report_changed_fixtures_once ... ok
rust	Format, check, lint and test	2026-10-08T15:26:52.6178130Z test entities::tests::pre_pump_refusals_are_reported_by_the_tick ... ok
rust	Format, check, lint and test	2026-10-08T15:26:52.6279030Z test entities::tests::spawning_is_group_bounded_named_and_released ... ok
rust	Format, check, lint and test	2026-10-08T15:26:52.6380030Z test entities::tests::volume_edges_fire_enter_and_exit_once_per_crossing ... ok
rust	Format, check, lint and test	2026-10-08T15:26:52.6482190Z test entities::timers::tests::a_large_delta_does_not_burst_fire_a_repeating_timer ... ok
rust	Format, check, lint and test	2026-10-08T15:26:52.6583330Z test entities::timers::tests::a_large_delta_still_fires_a_one_shot_only_once ... ok
rust	Format, check, lint and test	2026-10-08T15:26:52.6684590Z test entities::timers::tests::a_non_finite_or_negative_delta_is_ignored ... ok
rust	Format, check, lint and test	2026-10-08T15:26:52.6785930Z test entities::timers::tests::a_one_shot_timer_fires_exactly_once_after_its_full_period ... ok
rust	Format, check, lint and test	2026-10-08T15:26:52.6887280Z test entities::timers::tests::a_repeating_timer_re_arms_and_fires_again ... ok
rust	Format, check, lint and test	2026-10-08T15:26:52.6988270Z test entities::timers::tests::a_zero_delta_changes_nothing ... ok
rust	Format, check, lint and test	2026-10-08T15:26:52.7118610Z test entities::timers::tests::an_empty_world_has_no_timers ... ok
rust	Format, check, lint and test	2026-10-08T15:26:52.7238640Z test entities::timers::tests::degenerate_definitions_never_arm ... ok
rust	Format, check, lint and test	2026-10-08T15:26:52.7339610Z test entities::timers::tests::due_timers_fire_in_index_order ... ok
rust	Format, check, lint and test	2026-10-08T15:26:52.7445790Z test entities::timers::tests::from_level_resolves_authored_timers_and_drops_degenerate_ones ... ok
rust	Format, check, lint and test	2026-10-08T15:26:52.7546220Z test entities::timers::tests::reset_discards_a_manual_override ... ok
rust	Format, check, lint and test	2026-10-08T15:26:52.7647280Z test entities::timers::tests::start_overrides_period_and_repeat ... ok
rust	Format, check, lint and test	2026-10-08T15:26:52.7766980Z test entities::timers::tests::stop_reports_whether_it_was_running_and_reset_restores_autostart ... ok
rust	Format, check, lint and test	2026-10-08T15:26:52.7869220Z test entity::tests::a_face_step_turns_to_the_authored_yaw ... ok
rust	Format, check, lint and test	2026-10-08T15:26:52.7971150Z test entity::tests::a_fast_move_cannot_tunnel_through_a_wall_or_leave_the_floor ... ok
rust	Format, check, lint and test	2026-10-08T15:26:52.8074160Z test entity::tests::a_move_route_walks_to_the_waypoint_at_the_authored_speed ... ok
rust	Format, check, lint and test	2026-10-08T15:26:52.8177690Z test entity::tests::a_one_shot_route_holds_a_final_play_clip_but_settles_after_a_walk ... ok
rust	Format, check, lint and test	2026-10-08T15:26:52.8279450Z test entity::tests::a_play_step_sets_its_clip_and_a_looping_route_restarts ... ok
rust	Format, check, lint and test	2026-10-08T15:26:52.8406890Z test entity::tests::angle_helpers_wrap_the_short_way ... ok
rust	Format, check, lint and test	2026-10-08T15:26:52.8507540Z test entity::tests::nominal_step_rounding_is_tolerated_but_larger_steps_block ... ok
rust	Format, check, lint and test	2026-10-08T15:26:52.8608370Z test fog_void_audit::fog_void_validation_scene_is_inside_the_shader_budget ... ok
rust	Format, check, lint and test	2026-10-08T15:26:52.8710550Z test fog_void_audit::fog_void_validation_scene_keeps_the_void_flags_independent ... ok
rust	Format, check, lint and test	2026-10-08T15:26:52.8810580Z test fog_void_audit::fog_void_validation_scene_resolves_its_regions ... ok
rust	Format, check, lint and test	2026-10-08T15:26:52.8911070Z test fog_void_audit::fog_void_validation_scene_round_trips_through_a_package ... ok
rust	Format, check, lint and test	2026-10-08T15:26:52.9012230Z test font::tests::test_char_uv_bounds ... ok
rust	Format, check, lint and test	2026-10-08T15:26:52.9113110Z test font::tests::test_font_atlas_generation ... ok
rust	Format, check, lint and test	2026-10-08T15:26:53.7719000Z test compiler::tests::performance::metadata_navigation_reuse_has_no_orphans_and_matches_clean_at_one_and_many_workers ... ok
rust	Format, check, lint and test	2026-10-08T15:26:54.0528550Z test game::showcase_audit::showcase_all_five_forest_trails_reach_the_seated_skeleton_clearing ... ok
rust	Format, check, lint and test	2026-10-08T15:26:54.2557150Z test game::showcase_audit::showcase_all_four_cottages_allow_road_entry_bedroom_and_return ... ok
rust	Format, check, lint and test	2026-10-08T15:26:54.8892250Z test game::showcase_audit::showcase_both_road_gates_and_their_rock_joints_are_closed ... ok
rust	Format, check, lint and test	2026-10-08T15:26:55.0561360Z test game::showcase_audit::showcase_each_porch_walks_its_real_two_level_stoop ... ok
rust	Format, check, lint and test	2026-10-08T15:26:55.2774720Z test game::showcase_audit::showcase_every_front_door_blocks_closed_and_allows_open_passage ... ok
rust	Format, check, lint and test	2026-10-08T15:26:55.4940310Z test game::showcase_audit::showcase_facades_keep_the_camera_out_of_their_cladding ... ok
rust	Format, check, lint and test	2026-10-08T15:26:55.6231530Z test game::showcase_audit::showcase_84_jump_challenges_cannot_escape_visible_rock_or_gate_edges ... ok
rust	Format, check, lint and test	2026-10-08T15:26:55.6406220Z test game::showcase_audit::showcase_large_decorative_props_block_the_player ... ok
rust	Format, check, lint and test	2026-10-08T15:26:55.6684290Z test game::showcase_audit::showcase_pond_supports_real_crouched_swimming_and_a_safe_exit ... ok
rust	Format, check, lint and test	2026-10-08T15:26:55.6785800Z test game::tests::a_closed_destination_entrance_blocks_and_an_open_one_passes ... ok
rust	Format, check, lint and test	2026-10-08T15:26:55.6888520Z test game::tests::a_crouch_toggle_in_water_does_not_fabricate_a_trigger_crossing ... ok
rust	Format, check, lint and test	2026-10-08T15:26:55.6991400Z test game::tests::a_disabled_interactable_is_not_aimable_until_enabled ... ok
rust	Format, check, lint and test	2026-10-08T15:26:55.7096170Z test game::tests::a_door_blocks_the_player_when_closed_and_passes_when_open ... ok
rust	Format, check, lint and test	2026-10-08T15:26:55.7198270Z test game::tests::a_fading_entity_changes_opacity_between_ticks ... ok
rust	Format, check, lint and test	2026-10-08T15:26:55.7301390Z test game::tests::a_fast_fall_through_a_thin_trigger_band_is_caught ... ok
rust	Format, check, lint and test	2026-10-08T15:26:55.7402690Z test game::tests::a_closed_source_entrance_blocks_and_an_open_one_passes ... ok
rust	Format, check, lint and test	2026-10-08T15:26:55.7504020Z test game::tests::a_floor_rim_never_drags_a_surface_swimmer_down ... ok
rust	Format, check, lint and test	2026-10-08T15:26:55.7605320Z test game::tests::a_high_walled_pool_cannot_be_exited ... ok
rust	Format, check, lint and test	2026-10-08T15:26:55.7706680Z test game::tests::a_ladder_never_attaches_from_its_exit_side ... ok
rust	Format, check, lint and test	2026-10-08T15:26:55.7808770Z test game::tests::a_ladder_obstruction_holds_the_climber_in_place ... ok
rust	Format, check, lint and test	2026-10-08T15:26:55.7911110Z test game::tests::a_locked_door_refuses_interaction_until_unlocked_by_a_binding ... ok
rust	Format, check, lint and test	2026-10-08T15:26:55.8014190Z test game::tests::a_manual_door_is_an_interaction_target_and_an_external_one_is_not ... ok
rust	Format, check, lint and test	2026-10-08T15:26:55.8116300Z test game::tests::a_mid_depth_pool_wades_and_recovers_from_a_crouch ... ok
rust	Format, check, lint and test	2026-10-08T15:26:55.8218860Z test game::tests::a_once_volume_binding_fires_once_and_re_arms_on_reset ... ok
rust	Format, check, lint and test	2026-10-08T15:26:55.8320870Z test game::tests::a_one_shot_timer_fires_exactly_once ... ok
rust	Format, check, lint and test	2026-10-08T15:26:55.8422360Z test game::tests::a_programmatic_animation_without_a_clip_is_unsupported_not_a_panic ... ok
rust	Format, check, lint and test	2026-10-08T15:26:55.8524270Z test game::tests::a_prop_underside_blocks_the_head_and_a_crouch_fits_under ... ok
rust	Format, check, lint and test	2026-10-08T15:26:55.8626460Z test game::tests::a_repeating_timer_fires_again_each_period ... ok
rust	Format, check, lint and test	2026-10-08T15:26:55.8727930Z test game::tests::a_route_moves_the_entity_and_its_live_anchor_follows ... ok
rust	Format, check, lint and test	2026-10-08T15:26:55.8833730Z test game::tests::a_route_never_walks_the_entity_through_a_wall ... ok
rust	Format, check, lint and test	2026-10-08T15:26:55.8934750Z test game::tests::a_route_turn_reorients_the_live_aim_bounds ... ok
rust	Format, check, lint and test	2026-10-08T15:26:55.9047710Z test game::tests::a_frame_hitch_does_not_tunnel_or_launch ... ok
rust	Format, check, lint and test	2026-10-08T15:26:55.9149040Z test game::tests::a_second_sequence_replaces_the_first_on_the_same_entity ... ok
rust	Format, check, lint and test	2026-10-08T15:26:55.9266110Z test game::tests::a_shallow_pool_still_lets_the_swimmer_submerge ... ok
rust	Format, check, lint and test	2026-10-08T15:26:55.9374900Z test game::tests::a_solid_edge_prop_is_never_a_water_exit ... ok
rust	Format, check, lint and test	2026-10-08T15:26:55.9480180Z test game::tests::a_spawned_entity_despawns_when_its_lifetime_elapses ... ok
rust	Format, check, lint and test	2026-10-08T15:26:55.9581690Z test game::tests::a_swept_crossing_of_two_trigger_bands_fires_each_exactly_once ... ok
rust	Format, check, lint and test	2026-10-08T15:26:55.9690890Z test game::tests::a_scripted_interact_press_closes_the_open_hall_door ... ok
rust	Format, check, lint and test	2026-10-08T15:26:55.9792220Z test game::tests::a_switch_sets_a_switchable_fixture_light_off ... ok
rust	Format, check, lint and test	2026-10-08T15:26:55.9893620Z test game::tests::a_switch_toggles_a_switchable_light_fixture ... ok
rust	Format, check, lint and test	2026-10-08T15:26:56.0015780Z test game::tests::airborne_support_never_reaches_up_to_a_prop_top ... ok
rust	Format, check, lint and test	2026-10-08T15:26:56.0128440Z test game::tests::an_at_most_one_spawn_group_admits_one_member_and_releases_it ... ok
rust	Format, check, lint and test	2026-10-08T15:26:56.0247040Z test game::tests::an_interact_starts_a_sequence_that_completes_once ... ok
rust	Format, check, lint and test	2026-10-08T15:26:56.0372790Z test game::tests::an_object_state_binding_runs_only_when_its_condition_holds ... ok
rust	Format, check, lint and test	2026-10-08T15:26:56.0509240Z test game::tests::area_triggers_enter_once_rearm_and_honour_cooldown_and_once ... ok
rust	Format, check, lint and test	2026-10-08T15:26:56.0611720Z test game::tests::blocked_uncrouch_keeps_the_crouched_body ... ok
rust	Format, check, lint and test	2026-10-08T15:26:56.0718530Z test game::tests::capture_demo_stair_inventory ... ignored, developer diagnostic; writes CSVs when PLACES_STAIR_TRACE_DIR is set
rust	Format, check, lint and test	2026-10-08T15:26:56.0831570Z test game::tests::capture_stairs_walk_trace ... ignored, developer diagnostic; writes a CSV when PLACES_STAIRS_TRACE is set
rust	Format, check, lint and test	2026-10-08T15:26:56.0945540Z test game::tests::ceiling_bump_clamps_the_head_and_zeroes_upward_velocity ... ok
rust	Format, check, lint and test	2026-10-08T15:26:56.1047910Z test game::tests::crouch_eye_eases_smoothly_and_snaps_at_the_exact_ends ... ok
rust	Format, check, lint and test	2026-10-08T15:26:56.1149250Z test game::tests::crouch_toggles_and_anchors_the_feet ... ok
rust	Format, check, lint and test	2026-10-08T15:26:56.1251220Z test game::tests::crouched_eye_height_and_occlusion_respect_geometry ... ok
rust	Format, check, lint and test	2026-10-08T15:26:56.1353210Z test game::tests::a_swimmer_over_the_walk_in_step_stands_up_continuously ... ok
rust	Format, check, lint and test	2026-10-08T15:26:56.1503620Z test game::tests::demo_home_encounter_survives_external_despawn_and_absence ... ok
rust	Format, check, lint and test	2026-10-08T15:26:56.1805160Z test game::tests::demo_home_hall_door_blocks_closed_and_passes_open ... ok
rust	Format, check, lint and test	2026-10-08T15:26:56.2258850Z test game::tests::demo_home_encounter_repeats_end_to_end ... ok
rust	Format, check, lint and test	2026-10-08T15:26:56.2663530Z test game::tests::demo_home_lower_floor_corridor_legs_are_flat ... ok
rust	Format, check, lint and test	2026-10-08T15:26:56.3097660Z test game::tests::demo_home_staircase_audit_up_down_diagonal_and_stops ... ok
rust	Format, check, lint and test	2026-10-08T15:26:56.3406790Z test game::tests::demo_hot_tub_water_is_circular_and_the_basin_exits ... ok
rust	Format, check, lint and test	2026-10-08T15:26:56.3510690Z test game::tests::demo_home_staircase_sides_are_solid_and_rails_guard_the_lane ... ok
rust	Format, check, lint and test	2026-10-08T15:26:56.3714850Z test game::tests::demo_house_guards_wake_once_per_entry_without_restarting_mid_clip ... ok
rust	Format, check, lint and test	2026-10-08T15:26:56.3851080Z test game::tests::demo_house_guards_rearm_after_exit_and_completion ... ok
rust	Format, check, lint and test	2026-10-08T15:26:56.4654120Z test game::tests::demo_night_route_is_a_thirty_second_walk_from_the_front_door ... ok
rust	Format, check, lint and test	2026-10-08T15:26:56.5356070Z test game::tests::demo_night_route_walks_out_of_one_house_and_into_the_other ... ok
rust	Format, check, lint and test	2026-10-08T15:26:56.6081170Z test game::tests::demo_office_floor_door_and_stair_hall_steps_walk_both_ways ... ok
rust	Format, check, lint and test	2026-10-08T15:26:56.6486220Z test game::tests::demo_office_steps_diagonal_and_stop_on_a_step ... ok
rust	Format, check, lint and test	2026-10-08T15:26:56.6692940Z test game::tests::demo_pool_basin_drops_from_the_step_and_wades_back_out ... ok
rust	Format, check, lint and test	2026-10-08T15:26:56.7241720Z test game::tests::demo_pool_walk_in_step_up_down_and_diagonal ... ok
rust	Format, check, lint and test	2026-10-08T15:26:56.7603680Z test game::tests::demo_night_route_containment_holds_walking_and_jumping ... ok
rust	Format, check, lint and test	2026-10-08T15:26:56.7805680Z test game::tests::demo_sauna_door_toggles_only_itself ... ok
rust	Format, check, lint and test	2026-10-08T15:26:56.7965440Z test game::tests::demo_sauna_door_passes_open_and_blocks_closed ... ok
rust	Format, check, lint and test	2026-10-08T15:26:56.8207560Z test game::tests::demo_sauna_steam_switch_bound_protrudes_from_the_wall ... ok
rust	Format, check, lint and test	2026-10-08T15:26:56.8312210Z test game::tests::demo_sauna_steam_switch_toggles_only_the_steam ... ok
rust	Format, check, lint and test	2026-10-08T15:26:56.8645650Z test game::tests::demo_sauna_landing_steps_from_three_sides_and_diagonal ... ok
rust	Format, check, lint and test	2026-10-08T15:26:56.8847660Z test game::tests::demo_sauna_switch_toggles_only_its_lamp ... ok
rust	Format, check, lint and test	2026-10-08T15:26:56.9451760Z test game::tests::demo_sauna_switch_aim_respects_occlusion_and_reach ... ok
rust	Format, check, lint and test	2026-10-08T15:26:56.9553130Z test game::tests::despawning_a_sequence_owner_cancels_it_without_completing ... ok
rust	Format, check, lint and test	2026-10-08T15:26:56.9655670Z test game::tests::dispatch_reports_missing_targets_unsupported_actions_and_stops_after_reset ... ok
rust	Format, check, lint and test	2026-10-08T15:26:56.9959070Z test game::tests::entering_the_pool_never_snaps_the_eye ... ok
rust	Format, check, lint and test	2026-10-08T15:26:57.1397560Z test game::tests::every_demo_door_completes_a_full_close_and_a_full_open ... ok
rust	Format, check, lint and test	2026-10-08T15:26:57.1503440Z test game::tests::every_demo_door_frames_the_wall_it_sits_in ... ok
rust	Format, check, lint and test	2026-10-08T15:26:57.2002770Z test game::tests::demo_spoonerman_completes_six_seated_destinations_without_blocking ... ok
rust	Format, check, lint and test	2026-10-08T15:26:57.2105530Z test game::tests::explicit_targets_can_be_label_only_props ... ok
rust	Format, check, lint and test	2026-10-08T15:26:57.2213270Z test game::tests::exiting_the_demo_pool_is_a_bounded_climb ... ok
rust	Format, check, lint and test	2026-10-08T15:26:57.2315700Z test game::tests::falling_into_deep_water_switches_to_swimming ... ok
rust	Format, check, lint and test	2026-10-08T15:26:57.2417760Z test game::tests::gameplay_consumes_fast_taps_once_without_a_held_frame ... ok
rust	Format, check, lint and test	2026-10-08T15:26:57.2519080Z test game::tests::grounded_player_never_falls_through_the_floor ... ok
rust	Format, check, lint and test	2026-10-08T15:26:57.2621030Z test game::tests::holding_jump_across_a_reset_does_not_launch_or_stick ... ok
rust	Format, check, lint and test	2026-10-08T15:26:57.2722640Z test game::tests::holding_jump_rises_to_the_float_line_and_stabilizes ... ok
rust	Format, check, lint and test	2026-10-08T15:26:57.2822650Z test game::tests::ice::entering_and_leaving_ice_restores_normal_input_and_friction ... ok
rust	Format, check, lint and test	2026-10-08T15:26:57.2924480Z test game::tests::ice::ice_coasts_brakes_and_turns_with_bounded_controllable_speed ... ok
rust	Format, check, lint and test	2026-10-08T15:26:57.3025220Z test game::tests::ice::ice_motion_is_consistent_across_frame_rates ... ok
rust	Format, check, lint and test	2026-10-08T15:26:57.3129950Z test game::tests::falling_into_deep_water_starts_swimming_near_the_surface ... ok
rust	Format, check, lint and test	2026-10-08T15:26:57.3231740Z test game::tests::ice::ice_wall_collision_spends_momentum_without_vertical_recovery ... ok
rust	Format, check, lint and test	2026-10-08T15:26:57.3332900Z test game::tests::ice::liquid_water_materials_and_non_ice_worlds_keep_their_old_behavior ... ok
rust	Format, check, lint and test	2026-10-08T15:26:57.3434780Z test game::tests::ice::jumping_keeps_ice_momentum_landing_resumes_traction_and_reset_clears_it ... ok
rust	Format, check, lint and test	2026-10-08T15:26:57.3535550Z test game::tests::interaction_press_latches_once_and_never_fires_while_paused ... ok
rust	Format, check, lint and test	2026-10-08T15:26:57.3637040Z test game::tests::interaction_targeting_is_nearest_in_reach_and_duplicates_are_independent ... ok
rust	Format, check, lint and test	2026-10-08T15:26:57.3738470Z test game::tests::jump_apex_is_frame_rate_independent ... ok
rust	Format, check, lint and test	2026-10-08T15:26:57.3839860Z test game::tests::jump_starts_only_while_grounded_and_never_double_jumps ... ok
rust	Format, check, lint and test	2026-10-08T15:26:57.3940440Z test game::tests::ice::snow_overrides_and_slopes_sample_the_actual_support_material ... ok
rust	Format, check, lint and test	2026-10-08T15:26:57.4041770Z test game::tests::jumping_through_the_demo_doorway_never_teleports_or_clips ... ok
rust	Format, check, lint and test	2026-10-08T15:26:57.4142500Z test game::tests::labels_reset_on_level_load_and_survive_reset_to_start ... ok
rust	Format, check, lint and test	2026-10-08T15:26:57.4243480Z test game::tests::landing_on_a_staircase_uses_the_rendered_tread ... ok
rust	Format, check, lint and test	2026-10-08T15:26:57.4345540Z test game::tests::locomotion_states_follow_walking_jumping_and_water ... ok
rust	Format, check, lint and test	2026-10-08T15:26:57.4447420Z test game::tests::mouse_motion_is_consumed_but_not_applied_outside_playing ... ok
rust	Format, check, lint and test	2026-10-08T15:26:57.4549170Z test game::tests::mouse_motion_turns_the_camera_by_sensitivity_and_is_consumed_once ... ok
rust	Format, check, lint and test	2026-10-08T15:26:57.4651120Z test game::tests::jumping_onto_the_demo_kitchen_counter_run_lands_walks_and_leaves ... ok
rust	Format, check, lint and test	2026-10-08T15:26:57.4753970Z test game::tests::movement_diagnostics::diagnostic_closed_door_blocks_then_opens_for_ordinary_movement ... ok
rust	Format, check, lint and test	2026-10-08T15:26:57.4853680Z test game::tests::movement_diagnostics::diagnostic_crouch_passage_clears_smoothly_and_blocks_standing ... ok
rust	Format, check, lint and test	2026-10-08T15:26:57.4957000Z test game::tests::movement_diagnostics::diagnostic_doorway_jump_has_no_horizontal_blip_or_sideways_push ... ok
rust	Format, check, lint and test	2026-10-08T15:26:57.5076230Z test game::tests::movement_diagnostics::diagnostic_header_requires_crouch_and_refuses_standing_on_the_step ... ok
rust	Format, check, lint and test	2026-10-08T15:26:57.5178700Z test game::tests::movement_diagnostics::diagnostic_jump_lands_on_desk_and_head_collision_consumes_rise ... ok
rust	Format, check, lint and test	2026-10-08T15:26:57.5494730Z test game::tests::movement_diagnostics::diagnostic_ledges_fall_land_and_have_no_off_room_plane ... ok
rust	Format, check, lint and test	2026-10-08T15:26:57.6384100Z test game::tests::movement_diagnostics::diagnostic_pool_surfaces_and_exits_flat_and_raised_rims_without_reentry ... ok
rust	Format, check, lint and test	2026-10-08T15:26:57.8073100Z test game::tests::movement_diagnostics::diagnostic_props_and_opposing_walls_do_not_tunnel_or_jitter ... ok
rust	Format, check, lint and test	2026-10-08T15:26:58.1354020Z test game::tests::movement_diagnostics::diagnostic_steps_accept_the_limit_and_refuse_above_it ... ok
rust	Format, check, lint and test	2026-10-08T15:26:58.2006220Z test game::tests::movement_diagnostics::diagnostic_too_high_jump_cannot_leave_the_body_inside_the_ledge_face ... ok
rust	Format, check, lint and test	2026-10-08T15:26:58.3388980Z test game::tests::movement_diagnostics::diagnostic_stairs_and_ramps_join_their_landings_at_all_frame_patterns ... ok
rust	Format, check, lint and test	2026-10-08T15:26:58.3491290Z test game::tests::movement_diagnostics::movement_map_is_valid_and_rejects_over_limit_slopes ... ok
rust	Format, check, lint and test	2026-10-08T15:26:58.3596470Z test game::tests::movement_performance::measure_controller_hot_path ... ignored, opt-in before/after movement hot-path measurement
rust	Format, check, lint and test	2026-10-08T15:26:58.3696220Z test game::tests::movement_regression::a_floating_room_floor_blocks_both_a_jump_from_below_and_side_entry ... ok
rust	Format, check, lint and test	2026-10-08T15:26:58.3797810Z test game::tests::movement_regression::a_room_ceiling_is_support_from_above_and_never_a_downward_clamp ... ok
rust	Format, check, lint and test	2026-10-08T15:26:58.3899210Z test game::tests::movement_regression::air_spawn_requires_actual_support_instead_of_an_xz_floor ... ok
rust	Format, check, lint and test	2026-10-08T15:26:58.4001360Z test game::tests::movement_regression::airborne_side_contact_never_steps_or_becomes_ground_and_slides ... ok
rust	Format, check, lint and test	2026-10-08T15:26:58.4103400Z test game::tests::movement_regression::ceiling_impact_is_found_when_the_jump_apex_is_between_clear_endpoints ... ok
rust	Format, check, lint and test	2026-10-08T15:26:58.4205640Z test game::tests::movement_regression::ceilings_stop_upward_velocity_preserve_lateral_motion_and_then_fall_at_every_rate ... ok
rust	Format, check, lint and test	2026-10-08T15:26:58.4309140Z test game::tests::movement_regression::falling_body_edge_cannot_enter_a_prop_when_center_misses_top ... ok
rust	Format, check, lint and test	2026-10-08T15:26:58.4411850Z test game::tests::movement_regression::floor_two_walls_and_ceiling_corner_remain_nonpenetrating ... ok
rust	Format, check, lint and test	2026-10-08T15:26:58.4513700Z test game::tests::movement_regression::grounded_floor_region_steps_never_embed_the_body_in_their_rims ... ok
rust	Format, check, lint and test	2026-10-08T15:26:58.4636180Z test game::tests::movement_regression::landing_on_a_room_roof_edge_uses_the_whole_body_disc ... ok
rust	Format, check, lint and test	2026-10-08T15:26:58.4737990Z test game::tests::movement_regression::ledge_departure_and_fall_distance_are_equivalent_across_frame_rates ... ok
rust	Format, check, lint and test	2026-10-08T15:26:58.4843080Z test game::tests::movement_regression::low_ceiling_covers_the_body_disc_at_its_edge ... ok
rust	Format, check, lint and test	2026-10-08T15:26:58.4944910Z test game::tests::movement_regression::narrow_passage_crouch_and_stand_clearance_remain_physical ... ok
rust	Format, check, lint and test	2026-10-08T15:26:58.5046470Z test game::tests::movement_regression::pit_stacked_balcony_jump_never_produces_vertical_teleport ... ok
rust	Format, check, lint and test	2026-10-08T15:26:58.5147750Z test game::tests::movement_regression::real_solid_step_at_maximum_height_is_traversable ... ok
rust	Format, check, lint and test	2026-10-08T15:26:58.5272110Z test game::tests::movement_regression::repeated_jump_cycles_preserve_apex_and_land_at_every_frame_pattern ... ok
rust	Format, check, lint and test	2026-10-08T15:26:58.5373240Z test game::tests::movement_regression::side_entry_into_a_low_room_ceiling_is_blocked_without_a_vertical_teleport ... ok
rust	Format, check, lint and test	2026-10-08T15:26:58.5475650Z test game::tests::movement_regression::spawn_across_a_gabled_roof_uses_separate_bounded_recovery ... ok
rust	Format, check, lint and test	2026-10-08T15:26:58.5578780Z test game::tests::movement_regression::spawn_overlap_recovery_is_clear_bounded_and_deterministic ... ok
rust	Format, check, lint and test	2026-10-08T15:26:58.5702530Z test game::tests::movement_regression::stacked_storey_ceiling_below_feet_cannot_teleport_a_jump ... ok
rust	Format, check, lint and test	2026-10-08T15:26:58.5803930Z test game::tests::movement_regression::steps_require_ground_and_full_head_clearance ... ok
rust	Format, check, lint and test	2026-10-08T15:26:58.5905080Z test game::tests::movement_regression::thin_floor_and_overhead_slab_cannot_be_tunnelled_through ... ok
rust	Format, check, lint and test	2026-10-08T15:26:58.6006480Z test game::tests::non_finite_mouse_motion_never_reaches_the_camera ... ok
rust	Format, check, lint and test	2026-10-08T15:26:58.6107920Z test game::tests::off_room_spawn_stands_on_the_ground_plane ... ok
rust	Format, check, lint and test	2026-10-08T15:26:58.6209110Z test game::tests::play_animation_can_pose_a_prop_with_no_interaction_of_its_own ... ok
rust	Format, check, lint and test	2026-10-08T15:26:58.6310230Z test game::tests::play_animation_sets_a_pose_override_that_reset_clears ... ok
rust	Format, check, lint and test	2026-10-08T15:26:58.6411280Z test game::tests::prop_tops_are_left_by_falling_and_rejoined_by_a_bounded_step ... ok
rust	Format, check, lint and test	2026-10-08T15:26:58.6512260Z test game::tests::releasing_jump_descends_in_water ... ok
rust	Format, check, lint and test	2026-10-08T15:26:58.6613430Z test game::tests::repeated_jumps_onto_a_prop_top_land_and_stand_stably ... ok
rust	Format, check, lint and test	2026-10-08T15:26:58.6714620Z test game::tests::repeated_jumps_under_the_demo_header_stay_bounded ... ok
rust	Format, check, lint and test	2026-10-08T15:26:58.6816650Z test game::tests::repeated_pool_entry_and_exit_stays_bounded ... ok
rust	Format, check, lint and test	2026-10-08T15:26:58.6920420Z test game::tests::reset_clears_toggle_scrubs_and_playing_animations ... ok
rust	Format, check, lint and test	2026-10-08T15:26:58.7022500Z test game::tests::reset_to_spawn_restores_a_routed_entitys_authored_anchor_and_bounds ... ok
rust	Format, check, lint and test	2026-10-08T15:26:58.7124230Z test game::tests::reset_to_start_clears_state_and_never_sweeps_the_teleport ... ok
rust	Format, check, lint and test	2026-10-08T15:26:58.7225410Z test game::tests::self_referential_actions_dispatch_once_and_terminate ... ok
rust	Format, check, lint and test	2026-10-08T15:26:58.7326490Z test game::tests::shallow_water_is_walked_and_can_still_jump ... ok
rust	Format, check, lint and test	2026-10-08T15:26:58.7428000Z test game::tests::sinking_in_deep_water_is_frame_rate_independent ... ok
rust	Format, check, lint and test	2026-10-08T15:26:58.7537290Z test game::tests::movement_diagnostics::measured_lane_has_equal_cardinal_and_diagonal_speed_with_irregular_frames ... ok
rust	Format, check, lint and test	2026-10-08T15:26:58.7642860Z test game::tests::stance_changes_in_water_do_not_move_the_eye ... ok
rust	Format, check, lint and test	2026-10-08T15:26:58.7744030Z test game::tests::stance_changes_on_stairs_in_air_and_on_ladders_anchor_the_feet ... ok
rust	Format, check, lint and test	2026-10-08T15:26:58.7845280Z test game::tests::stepping_under_a_header_requires_clearance_at_the_destination ... ok
rust	Format, check, lint and test	2026-10-08T15:26:58.7947600Z test game::tests::swimming_to_a_shallow_step_stands_up_and_walks ... ok
rust	Format, check, lint and test	2026-10-08T15:26:58.8049820Z test game::tests::test_controller_cannot_climb_a_tall_step_or_a_wall ... ok
rust	Format, check, lint and test	2026-10-08T15:26:58.8152460Z test game::tests::test_controller_climbs_a_maximum_slope_ramp_at_low_frame_rates ... ok
rust	Format, check, lint and test	2026-10-08T15:26:58.8253790Z test game::tests::test_controller_climbs_a_staircase_of_floor_regions ... ok
rust	Format, check, lint and test	2026-10-08T15:26:58.8355360Z test game::tests::test_controller_climbs_an_exact_limit_riser_at_an_elevated_floor ... ok
rust	Format, check, lint and test	2026-10-08T15:26:58.8456700Z test game::tests::test_controller_climbs_the_home_staircase_and_the_ramp ... ok
rust	Format, check, lint and test	2026-10-08T15:26:58.8558760Z test game::tests::test_controller_descends_a_maximum_slope_ramp_without_stalling ... ok
rust	Format, check, lint and test	2026-10-08T15:26:58.8660550Z test game::tests::test_controller_steps_down_into_a_shallow_recess_and_back_out ... ok
rust	Format, check, lint and test	2026-10-08T15:26:58.8761880Z test game::tests::test_controller_traverses_the_home_split_level_both_ways ... ok
rust	Format, check, lint and test	2026-10-08T15:26:58.8876100Z test game::tests::test_controller_walks_a_staircase_smoothly_down ... ok
rust	Format, check, lint and test	2026-10-08T15:26:58.8977880Z test game::tests::test_controller_walks_a_staircase_smoothly_up ... ok
rust	Format, check, lint and test	2026-10-08T15:26:58.9079900Z test game::tests::test_controller_walks_off_a_deep_edge_and_falls ... ok
rust	Format, check, lint and test	2026-10-08T15:26:58.9181820Z test game::tests::test_controller_walks_off_the_last_floor_and_falls_into_the_void ... ok
rust	Format, check, lint and test	2026-10-08T15:26:58.9284320Z test game::tests::test_escape_pause_toggle ... ok
rust	Format, check, lint and test	2026-10-08T15:26:58.9386290Z test game::tests::test_invert_look_flips_vertical_look_only ... ok
rust	Format, check, lint and test	2026-10-08T15:26:58.9488560Z test game::tests::test_menu_state_transitions ... ok
rust	Format, check, lint and test	2026-10-08T15:26:58.9590490Z test game::tests::test_paused_gameplay_does_not_move_or_turn ... ok
rust	Format, check, lint and test	2026-10-08T15:26:58.9733130Z test game::tests::test_pitch_movement_and_clamping ... ok
rust	Format, check, lint and test	2026-10-08T15:26:58.9838870Z test game::tests::test_sim_delta_is_clamped ... ok
rust	Format, check, lint and test	2026-10-08T15:26:58.9839300Z test game::tests::test_spawn_position_resolves_the_local_floor ... ok
rust	Format, check, lint and test	2026-10-08T15:26:59.0066900Z test game::tests::test_walk_surface_stays_between_the_treads_it_connects ... ok
rust	Format, check, lint and test	2026-10-08T15:26:59.0067460Z test game::tests::standing_jump_lands_on_the_demo_desk_top ... ok
rust	Format, check, lint and test	2026-10-08T15:26:59.0176950Z test game::tests::the_demo_authors_entity_and_duplicate_prop_labels ... ok
rust	Format, check, lint and test	2026-10-08T15:26:59.0286700Z test game::tests::the_counter_jump_lands_at_30_60_and_144_fps ... ok
rust	Format, check, lint and test	2026-10-08T15:26:59.0408070Z test game::tests::the_demo_pool_exits_over_the_deck_rim_and_re_enters_cleanly ... ok
rust	Format, check, lint and test	2026-10-08T15:26:59.0509220Z test game::tests::the_demo_pool_ladder_climbs_from_the_water_to_the_deck ... ok
rust	Format, check, lint and test	2026-10-08T15:26:59.0610970Z test game::tests::the_demo_pool_ladder_exit_never_puts_the_camera_inside_geometry ... ok
rust	Format, check, lint and test	2026-10-08T15:26:59.0732010Z test game::tests::the_demo_sauna_chain_runs_end_to_end ... ok
rust	Format, check, lint and test	2026-10-08T15:26:59.0833280Z test game::tests::the_demo_staircase_joins_the_hall_and_the_balcony ... ok
rust	Format, check, lint and test	2026-10-08T15:26:59.0934350Z test game::tests::the_entity_showcase_runs_two_independent_rat_routes ... ok
rust	Format, check, lint and test	2026-10-08T15:26:59.1036290Z test game::tests::the_halloween_fixture_runs_jumping_pumpkins_fading_ghosts_and_wandering_skeletons ... ok
rust	Format, check, lint and test	2026-10-08T15:26:59.1138290Z test game::tests::the_jump_never_mantles_onto_the_pool_guardrail ... ok
rust	Format, check, lint and test	2026-10-08T15:26:59.1239780Z test game::tests::the_pit_carpet_hole_is_a_real_fall ... ok
rust	Format, check, lint and test	2026-10-08T15:26:59.1342350Z test game::tests::the_pit_carpet_holes_reset_and_the_carpet_is_safe ... ok
rust	Format, check, lint and test	2026-10-08T15:26:59.1445810Z test game::tests::the_pool_ladder_releases_on_backing_away_and_jump ... ok
rust	Format, check, lint and test	2026-10-08T15:26:59.1557590Z test game::tests::the_water_exit_step_up_only_applies_at_the_surface ... ok
rust	Format, check, lint and test	2026-10-08T15:26:59.1694730Z test game::tests::toggle_animation_flips_one_instance_and_composes_with_a_label ... ok
rust	Format, check, lint and test	2026-10-08T15:26:59.1804640Z test game::tests::toggle_animation_rejects_a_missing_clip_or_target ... ok
rust	Format, check, lint and test	2026-10-08T15:26:59.1929900Z test game::tests::wading_uses_the_stance_eye_offset_on_the_real_step ... ok
rust	Format, check, lint and test	2026-10-08T15:26:59.2055040Z test game::tests::walkable_ceiling_follows_the_room_profile ... ok
rust	Format, check, lint and test	2026-10-08T15:26:59.2157920Z test game::tests::walking_is_classified_at_every_frame_rate ... ok
rust	Format, check, lint and test	2026-10-08T15:26:59.2261880Z test game::tests::walking_off_the_demo_deck_falls_into_the_pool_and_swims ... ok
rust	Format, check, lint and test	2026-10-08T15:26:59.2362140Z test game::tests::walking_on_a_prop_top_stays_on_the_top ... ok
rust	Format, check, lint and test	2026-10-08T15:26:59.2477560Z test game::tests::water_transitions_hold_at_30_60_and_144_fps ... ok
rust	Format, check, lint and test	2026-10-08T15:26:59.2578990Z test game::tests::winter::winter_all_entrances_and_operable_doors_work ... ok
rust	Format, check, lint and test	2026-10-08T15:26:59.2699220Z test game::tests::the_demo_pool_exit_never_puts_the_camera_inside_geometry ... ok
rust	Format, check, lint and test	2026-10-08T15:26:59.2803680Z test game::tests::winter::winter_boundary_jumps_cannot_escape_or_fall_through ... ok
rust	Format, check, lint and test	2026-10-08T15:26:59.2904960Z test game::tests::winter::winter_forest_spine_and_cottage_paths_stay_clear ... ok
rust	Format, check, lint and test	2026-10-08T15:26:59.3010350Z test game::tests::winter::winter_lodge_stairs_ramp_shelter_and_interior_are_connected ... ok
rust	Format, check, lint and test	2026-10-08T15:26:59.3112770Z test game::tests::winter::winter_pond_is_walkable_jumpable_and_returns_to_snow ... ok
rust	Format, check, lint and test	2026-10-08T15:26:59.3221540Z test geometry_check::tests::a_coplanar_gap_is_a_review_warning_and_a_covered_gap_is_not ... ok
rust	Format, check, lint and test	2026-10-08T15:26:59.3333040Z test geometry_check::tests::a_correct_shared_edge_and_a_perpendicular_corner_are_not_joints ... ok
rust	Format, check, lint and test	2026-10-08T15:26:59.3434720Z test geometry_check::tests::a_doorway_lintel_participates_in_the_joint ... ok
rust	Format, check, lint and test	2026-10-08T15:26:59.3537180Z test geometry_check::tests::a_rigid_wall_step_is_an_auto_repairable_error ... ok
rust	Format, check, lint and test	2026-10-08T15:26:59.3639000Z test game::tests::winter::winter_visible_rocks_and_railings_block_walks ... ok
rust	Format, check, lint and test	2026-10-08T15:26:59.3740420Z test geometry_check::tests::a_thickness_transition_is_review_only ... ok
rust	Format, check, lint and test	2026-10-08T15:26:59.3852340Z test geometry_check::tests::checker_arguments_and_reports_are_stable ... ok
rust	Format, check, lint and test	2026-10-08T15:26:59.3953030Z test geometry_check::tests::ambiguous_authority_and_oversized_shifts_are_review_only ... ok
rust	Format, check, lint and test	2026-10-08T15:26:59.4054350Z test geometry_check::tests::duplicate_placements_and_dressing_layers_are_reported ... ok
rust	Format, check, lint and test	2026-10-08T15:26:59.4155690Z test geometry_check::tests::large_coordinates_and_small_features_keep_the_classification ... ok
rust	Format, check, lint and test	2026-10-08T15:26:59.4263220Z test geometry_check::tests::curved_primitives_generate_tight_collision_and_material_variety ... ok
rust	Format, check, lint and test	2026-10-08T15:26:59.4364410Z test geometry_check::tests::repair_arguments_are_stable ... ok
rust	Format, check, lint and test	2026-10-08T15:26:59.4465290Z test geometry_check::tests::the_authority_can_be_either_side ... ok
rust	Format, check, lint and test	2026-10-08T15:26:59.4569150Z test geometry_check::tests::rendering_diagnostic_panels_do_not_overlap_the_base_wall ... ok
rust	Format, check, lint and test	2026-10-08T15:26:59.4671580Z test geometry_check::tests::the_emitted_matcher_flags_a_missing_or_undeclared_joint_face ... ok
rust	Format, check, lint and test	2026-10-08T15:26:59.4773440Z test geometry_check::tests::the_broken_fixture_reports_its_planted_defects ... ok
rust	Format, check, lint and test	2026-10-08T15:26:59.4874300Z test geometry_check::tests::the_invalid_fixture_is_rejected_and_the_checker_still_names_the_problems ... ok
rust	Format, check, lint and test	2026-10-08T15:26:59.4977020Z test geometry_check::tests::the_maintained_clean_levels_have_no_wall_joints ... ok
rust	Format, check, lint and test	2026-10-08T15:26:59.5079910Z test geometry_check::tests::the_plane_tolerance_boundary_is_one_millimetre ... ok
rust	Format, check, lint and test	2026-10-08T15:26:59.5182360Z test geometry_check::tests::the_intentional_fixture_is_clean ... ok
rust	Format, check, lint and test	2026-10-08T15:26:59.5284680Z test geometry_check::tests::the_planner_repairs_the_fixture_with_the_coupled_edits ... ok
rust	Format, check, lint and test	2026-10-08T15:26:59.5399290Z test geometry_check::tests::walking_crouching_and_landing_at_curved_surfaces ... ok
rust	Format, check, lint and test	2026-10-08T15:26:59.5500500Z test geometry_check::tests::water_basin_skirts_do_not_duplicate_the_divider_faces ... ok
rust	Format, check, lint and test	2026-10-08T15:26:59.5605420Z test gltf::tests::a_gltf_mask_material_parses_as_cutout_with_its_cutoff ... ok
rust	Format, check, lint and test	2026-10-08T15:26:59.5707390Z test gltf::tests::a_missing_or_malformed_clip_marker_keeps_the_clip_defaults ... ok
rust	Format, check, lint and test	2026-10-08T15:26:59.5809180Z test gltf::tests::a_primitive_without_a_material_uses_the_default_slot ... ok
rust	Format, check, lint and test	2026-10-08T15:26:59.5910870Z test gltf::tests::accessor_data_accepts_a_nonzero_offset_that_ends_at_the_view_end ... ok
rust	Format, check, lint and test	2026-10-08T15:26:59.6012500Z test gltf::tests::accessor_data_accepts_a_nonzero_view_offset_with_an_exact_end ... ok
rust	Format, check, lint and test	2026-10-08T15:26:59.6124630Z test gltf::tests::accessor_data_decodes_a_mat4_with_a_nonzero_offset_and_exact_end ... ok
rust	Format, check, lint and test	2026-10-08T15:26:59.6225620Z test gltf::tests::accessor_data_decodes_valid_interleaving ... ok
rust	Format, check, lint and test	2026-10-08T15:26:59.6334610Z test gltf::tests::accessor_data_rejects_a_stride_smaller_than_the_element ... ok
rust	Format, check, lint and test	2026-10-08T15:26:59.6435990Z test gltf::tests::accessor_data_rejects_a_stride_that_is_not_a_multiple_of_four ... ok
rust	Format, check, lint and test	2026-10-08T15:26:59.6538870Z test gltf::tests::accessor_data_rejects_a_view_that_extends_past_the_binary ... ok
rust	Format, check, lint and test	2026-10-08T15:26:59.6640810Z test gltf::tests::accessor_data_rejects_a_zero_count ... ok
rust	Format, check, lint and test	2026-10-08T15:26:59.6743660Z test gltf::tests::accessor_data_rejects_an_element_that_crosses_its_view ... ok
rust	Format, check, lint and test	2026-10-08T15:26:59.6844100Z test gltf::tests::accessor_data_rejects_negative_byte_fields ... ok
rust	Format, check, lint and test	2026-10-08T15:26:59.6945420Z test gltf::tests::accessor_data_rejects_overflowing_metadata_without_panicking ... ok
rust	Format, check, lint and test	2026-10-08T15:26:59.7046300Z test gltf::tests::an_animated_unskinned_prop_parses_as_a_rigid_animated_model ... ok
rust	Format, check, lint and test	2026-10-08T15:26:59.7148190Z test gltf::tests::assigns_materials_and_textures_per_primitive ... ok
rust	Format, check, lint and test	2026-10-08T15:26:59.7249060Z test gltf::tests::emissive_materials_carry_factor_strength_and_mask ... ok
rust	Format, check, lint and test	2026-10-08T15:26:59.7350580Z test gltf::tests::every_shipped_prop_model_parses_as_real_geometry ... ok
rust	Format, check, lint and test	2026-10-08T15:26:59.7352850Z test gltf::tests::morph_tangent_deltas_are_vec3_without_handedness ... ok
rust	Format, check, lint and test	2026-10-08T15:26:59.7452810Z test gltf::tests::nested_node_transforms_compose ... ok
rust	Format, check, lint and test	2026-10-08T15:26:59.7555800Z test gltf::tests::node_transforms_move_only_the_meshes_below_them ... ok
rust	Format, check, lint and test	2026-10-08T15:26:59.7682370Z test gltf::tests::opaque_gltf_alpha_modes_stay_opaque_and_blend_imports_as_blend ... ok
rust	Format, check, lint and test	2026-10-08T15:26:59.7785060Z test gltf::tests::over_budget_models_still_load ... ok
rust	Format, check, lint and test	2026-10-08T15:26:59.7893550Z test gltf::tests::over_ceiling_models_fail ... ok
rust	Format, check, lint and test	2026-10-08T15:26:59.7994760Z test gltf::tests::parses_a_skinned_model_into_bind_pose_geometry_and_a_retained_rig ... ok
rust	Format, check, lint and test	2026-10-08T15:26:59.8109150Z test gltf::tests::parses_animation_clips_with_linear_and_step_samplers ... ok
rust	Format, check, lint and test	2026-10-08T15:26:59.8210340Z test gltf::tests::parses_normalised_colours_and_16_bit_indices ... ok
rust	Format, check, lint and test	2026-10-08T15:26:59.8311710Z test gltf::tests::parses_the_shipped_chair_asset ... ok
rust	Format, check, lint and test	2026-10-08T15:26:59.8414540Z test gltf::tests::parses_the_shipped_spoonerman_bind_pose_and_skeleton ... ok
rust	Format, check, lint and test	2026-10-08T15:26:59.8517100Z test gltf::tests::primitives_that_share_every_attribute_share_one_vertex_block ... ok
rust	Format, check, lint and test	2026-10-08T15:26:59.8619800Z test gltf::tests::reflected_static_node_keeps_geometric_and_imported_normals_on_the_same_side ... ok
rust	Format, check, lint and test	2026-10-08T15:26:59.8722020Z test gltf::tests::rejects_a_count_larger_than_the_buffer_can_hold ... ok
rust	Format, check, lint and test	2026-10-08T15:26:59.8824880Z test gltf::tests::rejects_attribute_count_mismatches ... ok
rust	Format, check, lint and test	2026-10-08T15:26:59.8934340Z test gltf::tests::rejects_joint_attributes_without_skin_and_unsupported_interpolation ... ok
rust	Format, check, lint and test	2026-10-08T15:26:59.9035700Z test gltf::tests::rejects_malformed_assets_with_actionable_messages ... ok
rust	Format, check, lint and test	2026-10-08T15:26:59.9135970Z test gltf::tests::rejects_malformed_skins ... ok
rust	Format, check, lint and test	2026-10-08T15:26:59.9269810Z test gltf::tests::rejects_models_over_the_primitive_material_and_image_ceilings ... ok
rust	Format, check, lint and test	2026-10-08T15:26:59.9371240Z test gltf::tests::rejects_models_over_the_vertex_ceiling ... ok
rust	Format, check, lint and test	2026-10-08T15:26:59.9476020Z test gltf::tests::rejects_node_cycles_and_dangling_references ... ok
rust	Format, check, lint and test	2026-10-08T15:26:59.9578680Z test gltf::tests::rejects_non_finite_transformed_geometry ... ok
rust	Format, check, lint and test	2026-10-08T15:26:59.9680500Z test gltf::tests::rejects_second_texture_coordinate_sets ... ok
rust	Format, check, lint and test	2026-10-08T15:26:59.9782880Z test gltf::tests::rejects_textures_above_the_prop_edge_limit ... ok
rust	Format, check, lint and test	2026-10-08T15:26:59.9885480Z test gltf::tests::rejects_truncated_and_oversized_containers ... ok
rust	Format, check, lint and test	2026-10-08T15:26:59.9988530Z test gltf::tests::rejects_unsupported_images_extensions_and_sparse_data ... ok
rust	Format, check, lint and test	2026-10-08T15:27:00.0090650Z test gltf::tests::rejects_unsupported_primitive_shapes ... ok
rust	Format, check, lint and test	2026-10-08T15:27:00.0197330Z test gltf::tests::rejects_zero_stride_accessors_that_claim_many_elements ... ok
rust	Format, check, lint and test	2026-10-08T15:27:00.0324520Z test gltf::tests::scalar_response_has_compatible_defaults_and_rejects_invalid_controls ... ok
rust	Format, check, lint and test	2026-10-08T15:27:00.0498960Z test gltf::tests::surface_normals_apply_default_morph_before_node_transform ... ok
rust	Format, check, lint and test	2026-10-08T15:27:00.0698860Z test gltf::tests::surface_normals_reject_wrong_counts_zero_nonfinite_and_singular_transforms ... ok
rust	Format, check, lint and test	2026-10-08T15:27:00.0808240Z test gltf::tests::surface_normals_skin_with_weighted_inverse_transpose_and_normalize_after_blend ... ok
rust	Format, check, lint and test	2026-10-08T15:27:00.0909880Z test gltf::tests::surface_normals_use_inverse_transpose_under_nonuniform_node_scale_and_yaw ... ok
rust	Format, check, lint and test	2026-10-08T15:27:00.1012220Z test gltf::tests::the_shipped_entity_rigs_face_plus_z_in_the_bind_pose ... ok
rust	Format, check, lint and test	2026-10-08T15:27:00.1114070Z test gltf::tests::untextured_materials_multiply_their_base_color_factor ... ok
rust	Format, check, lint and test	2026-10-08T15:27:00.1215800Z test input::tests::a_complete_tap_retains_one_press_until_consumed_or_cleared ... ok
rust	Format, check, lint and test	2026-10-08T15:27:00.1316610Z test input::tests::clear_gameplay_inputs_discards_mouse_motion_too ... ok
rust	Format, check, lint and test	2026-10-08T15:27:00.1418650Z test input::tests::e_is_a_gameplay_binding_not_a_menu_key ... ok
rust	Format, check, lint and test	2026-10-08T15:27:00.1520690Z test input::tests::interact_rebinding_repeat_suppression_and_release_all ... ok
rust	Format, check, lint and test	2026-10-08T15:27:00.1622080Z test input::tests::mouse_motion_accumulates_and_is_consumed_exactly_once ... ok
rust	Format, check, lint and test	2026-10-08T15:27:00.1724610Z test input::tests::move_script_holds_controls_with_one_press_edge_per_range ... ok
rust	Format, check, lint and test	2026-10-08T15:27:00.1825180Z test input::tests::move_script_leaves_unscripted_controls_alone ... ok
rust	Format, check, lint and test	2026-10-08T15:27:00.1927660Z test input::tests::move_script_parses_ranges_and_rejects_malformed_entries ... ok
rust	Format, check, lint and test	2026-10-08T15:27:00.2029700Z test input::tests::non_finite_mouse_motion_is_ignored ... ok
rust	Format, check, lint and test	2026-10-08T15:27:00.2130410Z test input::tests::old_non_wasd_keys_do_not_drive_controls ... ok
rust	Format, check, lint and test	2026-10-08T15:27:00.2231330Z test input::tests::reserved_keys_are_not_gameplay_bindings ... ok
rust	Format, check, lint and test	2026-10-08T15:27:00.2332650Z test input::tests::space_is_a_gameplay_binding_not_a_menu_key ... ok
rust	Format, check, lint and test	2026-10-08T15:27:00.2432630Z test input::tests::test_default_bindings_map_wasd_and_arrows ... ok
rust	Format, check, lint and test	2026-10-08T15:27:00.2534230Z test input::tests::test_diagonal_movement_combinations ... ok
rust	Format, check, lint and test	2026-10-08T15:27:00.2634960Z test input::tests::test_held_keys_survive_repeat_events_and_release_individually ... ok
rust	Format, check, lint and test	2026-10-08T15:27:00.2736000Z test input::tests::test_menu_nav_uses_wasd_and_arrows ... ok
rust	Format, check, lint and test	2026-10-08T15:27:00.2836880Z test input::tests::test_simultaneous_movement_and_looking ... ok
rust	Format, check, lint and test	2026-10-08T15:27:00.2938730Z test interact::tests::door_targets_use_the_oriented_leaf_for_aim_entry ... ok
rust	Format, check, lint and test	2026-10-08T15:27:00.3045140Z test interact::tests::labels_render_through_the_ui_text_pipeline_and_respect_occlusion ... ok
rust	Format, check, lint and test	2026-10-08T15:27:00.3147170Z test interact::tests::nearest_target_respects_reach_and_occlusion ... ok
rust	Format, check, lint and test	2026-10-08T15:27:00.3249140Z test interact::tests::projection_maps_the_view_to_the_reference_space ... ok
rust	Format, check, lint and test	2026-10-08T15:27:00.3351500Z test interact::tests::rotated_half_extents_are_conservative ... ok
rust	Format, check, lint and test	2026-10-08T15:27:00.3453850Z test interact::tests::view_direction_matches_camera_conventions ... ok
rust	Format, check, lint and test	2026-10-08T15:27:00.3567600Z test level::tests::a_level_without_shine_keeps_every_override_empty ... ok
rust	Format, check, lint and test	2026-10-08T15:27:00.3669560Z test level::tests::a_sight_ray_through_a_void_wall_is_blocked_and_front_facing_per_mode ... ok
rust	Format, check, lint and test	2026-10-08T15:27:00.3773280Z test level::tests::a_sink_collider_is_its_standable_deck_not_the_faucet_post ... ok
rust	Format, check, lint and test	2026-10-08T15:27:00.3879820Z test level::tests::every_authored_shine_survives_a_json_round_trip ... ok
rust	Format, check, lint and test	2026-10-08T15:27:00.3982010Z test level::tests::fog_regions_parse_defaults_and_fogless_levels_serialize_without_the_key ... ok
rust	Format, check, lint and test	2026-10-08T15:27:00.4083920Z test level::tests::material_references_carry_the_surface_override ... ok
rust	Format, check, lint and test	2026-10-08T15:27:00.4185720Z test level::tests::raised_region_keeps_its_height_through_the_room_edge_tolerance ... ok
rust	Format, check, lint and test	2026-10-08T15:27:00.4285820Z test level::tests::stair_treads_share_exact_boundaries_with_risers_and_landing ... ok
rust	Format, check, lint and test	2026-10-08T15:27:00.4386280Z test level::tests::test_a_door_resolves_the_wall_opening_it_fills ... ok
rust	Format, check, lint and test	2026-10-08T15:27:00.4487510Z test level::tests::test_a_room_without_elevation_gets_flat_ceiling_and_the_default_height ... ok
rust	Format, check, lint and test	2026-10-08T15:27:00.4587820Z test level::tests::test_action_defs_parse_as_tagged_objects ... ok
rust	Format, check, lint and test	2026-10-08T15:27:00.4688260Z test level::tests::test_architecture_solids_cover_walls_piers_rails_and_not_trim ... ok
rust	Format, check, lint and test	2026-10-08T15:27:00.4788980Z test level::tests::test_area_triggers_resolve_ids_and_bounds ... ok
rust	Format, check, lint and test	2026-10-08T15:27:00.4889640Z test level::tests::test_ceiling_grid_decals_snap_in_the_rooms_own_frame ... ok
rust	Format, check, lint and test	2026-10-08T15:27:00.5004950Z test level::tests::test_ceiling_tile_frame_round_trips_and_rotates ... ok
rust	Format, check, lint and test	2026-10-08T15:27:00.5106900Z test level::tests::test_ceiling_uvs_follow_the_room_tile_frame ... ok
rust	Format, check, lint and test	2026-10-08T15:27:00.5208280Z test level::tests::test_circular_water_volumes_are_discs_not_bounding_boxes ... ok
rust	Format, check, lint and test	2026-10-08T15:27:00.5311870Z test level::tests::test_collision_aabbs_for_z_axis_wall_follow_depth ... ok
rust	Format, check, lint and test	2026-10-08T15:27:00.5412670Z test level::tests::test_collision_aabbs_include_solid_props_only ... ok
rust	Format, check, lint and test	2026-10-08T15:27:00.5515580Z test level::tests::test_estimate_geometry_accounts_for_openings_and_props ... ok
rust	Format, check, lint and test	2026-10-08T15:27:00.5616640Z test level::tests::test_estimate_geometry_accounts_for_regions_and_gables ... ok
rust	Format, check, lint and test	2026-10-08T15:27:00.5727970Z test level::tests::test_estimate_geometry_saturates_on_extreme_input ... ok
rust	Format, check, lint and test	2026-10-08T15:27:00.5849880Z test level::tests::test_estimate_geometry_scales_with_rooms_not_area ... ok
rust	Format, check, lint and test	2026-10-08T15:27:00.5951210Z test level::tests::test_fade_proximity_fields_resolve_defaults ... ok
rust	Format, check, lint and test	2026-10-08T15:27:00.6076580Z test level::tests::test_fade_proximity_rejects_malformed_contracts ... ok
rust	Format, check, lint and test	2026-10-08T15:27:00.6178270Z test level::tests::test_floor_grid_cuts_at_region_edges_and_carries_offsets ... ok
rust	Format, check, lint and test	2026-10-08T15:27:00.6280920Z test level::tests::test_floor_region_offsets_resolve_inside_outside_and_last_wins ... ok
rust	Format, check, lint and test	2026-10-08T15:27:00.6383240Z test level::tests::test_floor_region_rims_are_solid_only_for_unwalkable_steps ... ok
rust	Format, check, lint and test	2026-10-08T15:27:00.6484780Z test level::tests::test_gable_ceiling_interpolates_eave_to_ridge_on_both_axes ... ok
rust	Format, check, lint and test	2026-10-08T15:27:00.6595960Z test level::tests::test_gable_room_helpers_report_the_ridge ... ok
rust	Format, check, lint and test	2026-10-08T15:27:00.6698350Z test level::tests::test_grid_alignment_counts_and_periods_match ... ok
rust	Format, check, lint and test	2026-10-08T15:27:00.6798530Z test level::tests::test_grid_alignment_leaves_round_downlights_and_gable_ceilings_alone ... ok
rust	Format, check, lint and test	2026-10-08T15:27:00.6901130Z test level::tests::test_grid_alignment_none_keeps_the_authored_position ... ok
rust	Format, check, lint and test	2026-10-08T15:27:00.7005680Z test level::tests::test_grid_alignment_snaps_a_fluorescent_panel_to_cell_centres ... ok
rust	Format, check, lint and test	2026-10-08T15:27:00.7121460Z test level::tests::test_grid_alignment_uses_the_panel_module_not_the_sheet_repeat ... ok
rust	Format, check, lint and test	2026-10-08T15:27:00.7223780Z test level::tests::test_grid_alignment_without_a_ceiling_period_stays_put ... ok
rust	Format, check, lint and test	2026-10-08T15:27:00.7326450Z test level::tests::test_malformed_area_triggers_are_skipped_at_resolution ... ok
rust	Format, check, lint and test	2026-10-08T15:27:00.7428480Z test level::tests::test_malformed_gable_profiles_degrade_to_the_eave_plane ... ok
rust	Format, check, lint and test	2026-10-08T15:27:00.7540950Z test level::tests::test_parse_multi_room_level_with_walls ... ok
rust	Format, check, lint and test	2026-10-08T15:27:00.7642860Z test level::tests::test_parse_single_room_level ... ok
rust	Format, check, lint and test	2026-10-08T15:27:00.7745340Z test level::tests::test_parse_sky_defaults_brightness_and_ambient ... ok
rust	Format, check, lint and test	2026-10-08T15:27:00.7847320Z test level::tests::test_parse_variable_wall_properties ... ok
rust	Format, check, lint and test	2026-10-08T15:27:00.7949440Z test level::tests::test_parse_wall_with_doorway_opening ... ok
rust	Format, check, lint and test	2026-10-08T15:27:00.8051290Z test level::tests::test_prop_float_is_optional_and_defaults_fill_in ... ok
rust	Format, check, lint and test	2026-10-08T15:27:00.8164520Z test level::tests::test_prop_instance_ids_default_deterministically ... ok
rust	Format, check, lint and test	2026-10-08T15:27:00.8265630Z test level::tests::test_ramp_offset_is_linear_and_signed ... ok
rust	Format, check, lint and test	2026-10-08T15:27:00.8367190Z test level::tests::test_room_elevation_moves_floor_and_ceiling_together ... ok
rust	Format, check, lint and test	2026-10-08T15:27:00.8469380Z test level::tests::test_round_pool_and_proximity_fade_fixture_validates ... ok
rust	Format, check, lint and test	2026-10-08T15:27:00.8571330Z test level::tests::test_round_primitives_parse_with_sensible_defaults ... ok
rust	Format, check, lint and test	2026-10-08T15:27:00.8673060Z test level::tests::test_staircase_offset_steps_over_its_risers ... ok
rust	Format, check, lint and test	2026-10-08T15:27:00.8775720Z test level::tests::test_the_raised_floor_area_budget_accepts_its_limit_and_rejects_one_over ... ok
rust	Format, check, lint and test	2026-10-08T15:27:00.8877830Z test level::tests::test_the_raised_vertex_budget_rejects_an_over_budget_estimate ... ok
rust	Format, check, lint and test	2026-10-08T15:27:00.8996500Z test level::tests::test_walkable_floor_follows_ramps_and_stairs ... ok
rust	Format, check, lint and test	2026-10-08T15:27:00.9098900Z test level::tests::test_walkable_floor_matches_the_surface_queries ... ok
rust	Format, check, lint and test	2026-10-08T15:27:00.9220840Z test level::tests::test_wall_axis_and_length_helpers ... ok
rust	Format, check, lint and test	2026-10-08T15:27:00.9322120Z test level::tests::test_wall_solid_slices_clamps_oversized_opening ... ok
rust	Format, check, lint and test	2026-10-08T15:27:00.9423400Z test level::tests::test_wall_solid_slices_ignores_out_of_range_openings ... ok
rust	Format, check, lint and test	2026-10-08T15:27:00.9525310Z test level::tests::test_wall_solid_slices_with_doorway ... ok
rust	Format, check, lint and test	2026-10-08T15:27:00.9627510Z test level::tests::test_wall_solid_slices_with_opening_flush_to_wall_end ... ok
rust	Format, check, lint and test	2026-10-08T15:27:00.9729380Z test level::tests::test_wall_solid_slices_with_two_openings ... ok
rust	Format, check, lint and test	2026-10-08T15:27:00.9830710Z test level::tests::test_wall_solid_slices_with_window_above_floor ... ok
rust	Format, check, lint and test	2026-10-08T15:27:00.9931860Z test level::tests::test_wall_solid_slices_without_openings_is_one_full_slice ... ok
rust	Format, check, lint and test	2026-10-08T15:27:01.0032940Z test level::tests::test_wall_solid_slices_z_axis_wall ... ok
rust	Format, check, lint and test	2026-10-08T15:27:01.0134980Z test level::tests::test_water_contains_disc_requires_one_volume_to_hold_the_whole_disc ... ok
rust	Format, check, lint and test	2026-10-08T15:27:01.0257550Z test level::tests::test_water_shape_validation_names_bad_combinations ... ok
rust	Format, check, lint and test	2026-10-08T15:27:01.0359920Z test level::tests::test_water_volumes_resolve_surface_bottom_and_the_dry_default ... ok
rust	Format, check, lint and test	2026-10-08T15:27:01.0462860Z test level::tests::the_shipped_demo_counters_are_clear_above_their_tops ... ok
rust	Format, check, lint and test	2026-10-08T15:27:01.0565010Z test level::tests::the_switchable_fixture_material_base_starts_after_the_family_sheets ... ok
rust	Format, check, lint and test	2026-10-08T15:27:01.0667370Z test level::tests::void_wall_face_modes_carry_the_authored_winding_and_normal ... ok
rust	Format, check, lint and test	2026-10-08T15:27:01.0790420Z test level::tests::void_walls_parse_defaults_and_a_solid_box_reaches_collision ... ok
rust	Format, check, lint and test	2026-10-08T15:27:01.0893410Z test level::tests::wall_face_shine_resolves_face_then_wall_then_material ... ok
rust	Format, check, lint and test	2026-10-08T15:27:01.0997030Z test level::tests::zero_axis_cells_produce_one_finite_origin ... ok
rust	Format, check, lint and test	2026-10-08T15:27:01.1099990Z test level::wall_ceiling_tests::a_containing_closed_room_keeps_overlap_precedence ... ok
rust	Format, check, lint and test	2026-10-08T15:27:01.1204510Z test level::wall_ceiling_tests::a_real_gap_cannot_select_a_nearby_roof ... ok
rust	Format, check, lint and test	2026-10-08T15:27:01.1345810Z test level::wall_ceiling_tests::adjacent_roof_collision_spans_cannot_borrow_a_neighbours_endpoint_height ... ok
rust	Format, check, lint and test	2026-10-08T15:27:01.1448620Z test level::wall_ceiling_tests::adjacent_roof_mesh_join_retains_both_exact_endpoint_heights ... ok
rust	Format, check, lint and test	2026-10-08T15:27:01.1548220Z test level::wall_ceiling_tests::adjacent_roofs_resolve_each_sample_and_split_every_ridge_and_room_transition ... ok
rust	Format, check, lint and test	2026-10-08T15:27:01.1648390Z test level::wall_ceiling_tests::an_internal_roof_gap_is_not_a_corner_extension ... ok
rust	Format, check, lint and test	2026-10-08T15:27:01.1749520Z test level::wall_ceiling_tests::boundary_gable_mesh_keeps_both_rake_edges ... ok
rust	Format, check, lint and test	2026-10-08T15:27:01.1850010Z test level::wall_ceiling_tests::boundary_gable_profiles_and_collision_reach_the_ridge ... ok
rust	Format, check, lint and test	2026-10-08T15:27:01.1951600Z test level::wall_ceiling_tests::descending_roof_spans_keep_each_exact_face_height_across_wall_thickness ... ok
rust	Format, check, lint and test	2026-10-08T15:27:01.2051940Z test level::wall_ceiling_tests::exposed_wall_caps_keep_the_parent_above_neighbours_and_real_room_ownership_below ... ok
rust	Format, check, lint and test	2026-10-08T15:27:01.2152150Z test level::wall_ceiling_tests::outer_roof_corner_extensions_are_bounded_by_wall_thickness ... ok
rust	Format, check, lint and test	2026-10-08T15:27:01.2252390Z test level::wall_ceiling_tests::rigid_boundary_wall_caps_keep_only_the_area_outside_real_roof_coverage ... ok
rust	Format, check, lint and test	2026-10-08T15:27:01.2373990Z test lighting::bake::light_index_tests::spatial_light_samples_match_full_candidates_exactly ... ok
rust	Format, check, lint and test	2026-10-08T15:27:12.6367320Z test architecture_audit::test_architecture_stress_builds_with_bounded_geometry has been running for over 60 seconds
rust	Format, check, lint and test	2026-10-08T15:27:59.1189600Z test geometry_check::tests::the_shipped_demo_reports_only_the_confirmed_wall_step has been running for over 60 seconds
rust	Format, check, lint and test	2026-10-08T15:27:59.3011120Z test architecture_audit::test_architecture_stress_builds_with_bounded_geometry ... ok
rust	Format, check, lint and test	2026-10-08T15:27:59.3114360Z test lighting::bake::room_index_tests::nonfinite_room_bounds_keep_linear_candidates_above_index_threshold ... ok
rust	Format, check, lint and test	2026-10-08T15:27:59.3271970Z test lighting::bake::room_index_tests::spatial_room_queries_match_linear_reference ... ok
rust	Format, check, lint and test	2026-10-08T15:27:59.3373510Z test lighting::directional::tests::authoring_rejects_invalid_vectors_energy_and_duplicate_ids ... ok
rust	Format, check, lint and test	2026-10-08T15:27:59.3480820Z test lighting::directional::tests::inactive_or_unbaked_sources_contribute_nothing ... ok
rust	Format, check, lint and test	2026-10-08T15:27:59.3582480Z test lighting::directional::tests::vertex_fallback_and_compiled_record_preserve_closed_roof_isolation ... ok
rust	Format, check, lint and test	2026-10-08T15:27:59.3659340Z test lighting::light::tests::a_black_light_is_inactive ... ok
rust	Format, check, lint and test	2026-10-08T15:27:59.3760610Z test lighting::light::tests::a_disabled_light_is_inactive_but_keeps_its_values ... ok
rust	Format, check, lint and test	2026-10-08T15:27:59.3861960Z test lighting::light::tests::a_line_is_a_thin_rectangle_along_its_local_x_axis ... ok
rust	Format, check, lint and test	2026-10-08T15:27:59.3964160Z test lighting::light::tests::a_point_light_carries_the_documented_defaults ... ok
rust	Format, check, lint and test	2026-10-08T15:27:59.4066600Z test lighting::light::tests::a_point_shape_has_no_extent ... ok
rust	Format, check, lint and test	2026-10-08T15:27:59.4190780Z test lighting::light::tests::a_quarter_turn_swaps_the_world_extents ... ok
rust	Format, check, lint and test	2026-10-08T15:27:59.4303350Z test lighting::light::tests::a_rectangle_keeps_its_authored_axes_and_edge_lengths ... ok
rust	Format, check, lint and test	2026-10-08T15:27:59.4404860Z test lighting::light::tests::every_curve_starts_full_and_ends_empty ... ok
rust	Format, check, lint and test	2026-10-08T15:27:59.4514460Z test lighting::light::tests::falloff_names_round_trip_and_parse_case_insensitively ... ok
rust	Format, check, lint and test	2026-10-08T15:27:59.4616080Z test lighting::light::tests::fixture_distribution_audit_report ... ignored, developer measurement: prints per-family fixture pool profiles
rust	Format, check, lint and test	2026-10-08T15:27:59.4724430Z test lighting::light::tests::sanitizing_a_source_clamps_range_intensity_colour_and_position ... ok
rust	Format, check, lint and test	2026-10-08T15:27:59.4825720Z test lighting::light::tests::sanitizing_clamps_extents_and_never_produces_nan ... ok
rust	Format, check, lint and test	2026-10-08T15:27:59.4928830Z test lighting::light::tests::the_smooth_curve_is_exactly_the_historical_pool_curve ... ok
rust	Format, check, lint and test	2026-10-08T15:27:59.5030130Z test lighting::light::tests::validity_rejects_missing_and_absurd_dimensions ... ok
rust	Format, check, lint and test	2026-10-08T15:27:59.5131280Z test lighting::lightmap::tests::a_page_encodes_as_a_tone_mapped_decodable_png ... ok
rust	Format, check, lint and test	2026-10-08T15:27:59.5251300Z test lighting::lightmap::tests::a_two_page_allocator_still_reports_the_same_overflow ... ok
rust	Format, check, lint and test	2026-10-08T15:27:59.5371130Z test lighting::lightmap::tests::an_oversized_patch_is_clamped_to_a_page_not_dropped ... ok
rust	Format, check, lint and test	2026-10-08T15:27:59.7322120Z test lighting::bake::range_audit::baked_light_range_audit_report has been running for over 60 seconds
rust	Format, check, lint and test	2026-10-08T15:28:11.3515060Z test geometry_check::tests::the_shipped_demo_reports_only_the_confirmed_wall_step ... ok
rust	Format, check, lint and test	2026-10-08T15:28:11.3617990Z test lighting::lightmap::tests::architecture_free_space_keeps_prop_charts_within_the_existing_budget ... ok
rust	Format, check, lint and test	2026-10-08T15:28:11.3838450Z test lighting::lightmap::tests::assemble_rejects_wrong_length_and_non_finite_texel_runs ... ok
rust	Format, check, lint and test	2026-10-08T15:28:11.3940120Z test lighting::lightmap::tests::assemble_writes_charts_at_their_offsets_and_dilates_their_own_gutters ... ok
rust	Format, check, lint and test	2026-10-08T15:28:11.4043430Z test lighting::lightmap::tests::chart_endpoints_and_bake_samples_map_to_texel_centres ... ok
rust	Format, check, lint and test	2026-10-08T15:28:11.4145570Z test lighting::lightmap::tests::chart_texels_are_clamped_to_the_usable_edge ... ok
rust	Format, check, lint and test	2026-10-08T15:28:11.4249750Z test lighting::lightmap::tests::chart_texels_match_the_density_and_are_profile_specific ... ok
rust	Format, check, lint and test	2026-10-08T15:28:11.4361430Z test lighting::lightmap::tests::chart_uvs_stay_inside_the_chart ... ok
rust	Format, check, lint and test	2026-10-08T15:28:11.4464510Z test lighting::lightmap::tests::content_key_is_canonical_over_reordered_json_fields ... ok
rust	Format, check, lint and test	2026-10-08T15:28:11.4567250Z test lighting::lightmap::tests::content_key_is_stable_and_changes_with_the_inputs ... ok
rust	Format, check, lint and test	2026-10-08T15:28:11.4670240Z test lighting::lightmap::tests::degenerate_quads_are_rejected ... ok
rust	Format, check, lint and test	2026-10-08T15:28:11.4870740Z test lighting::lightmap::tests::inclusive_density_keeps_fractional_spans_and_thin_axes ... ok
rust	Format, check, lint and test	2026-10-08T15:28:11.4905990Z test lighting::lightmap::tests::layout_validation_rejects_overflow_and_out_of_page_charts ... ok
rust	Format, check, lint and test	2026-10-08T15:28:11.5007300Z test lighting::lightmap::tests::measure_demo_chart_statistics ... ignored, developer measurement: prints places_demo's chart statistics
rust	Format, check, lint and test	2026-10-08T15:28:11.5110950Z test lighting::lightmap::tests::memory_cache_evicts_the_least_recently_used_entry_without_invalidating_owners ... ok
rust	Format, check, lint and test	2026-10-08T15:28:11.5214520Z test lighting::lightmap::tests::memory_cache_rejects_a_key_mismatch_and_unsafe_keys ... ok
rust	Format, check, lint and test	2026-10-08T15:28:11.5332450Z test lighting::lightmap::tests::memory_cache_returns_the_same_allocation_and_clears ... ok
rust	Format, check, lint and test	2026-10-08T15:28:11.5432360Z test lighting::lightmap::tests::normalized_keeps_the_signed_moment ... ok
rust	Format, check, lint and test	2026-10-08T15:28:11.5536710Z test lighting::lightmap::tests::overflow_is_reported_not_hidden ... ok
rust	Format, check, lint and test	2026-10-08T15:28:11.5652300Z test lighting::lightmap::tests::packing_is_deterministic_and_disjoint ... ok
rust	Format, check, lint and test	2026-10-08T15:28:11.5757220Z test lighting::lightmap::tests::patch_axes_follow_the_quad_winding ... ok
rust	Format, check, lint and test	2026-10-08T15:28:11.5858200Z test lighting::lightmap::tests::patch_extents_are_axis_lengths ... ok
rust	Format, check, lint and test	2026-10-08T15:28:11.5981620Z test lighting::lightmap::tests::patch_local_round_trip ... ok
rust	Format, check, lint and test	2026-10-08T15:28:11.6082660Z test lighting::lightmap::tests::plan_fails_over_on_a_visible_malformed_quad ... ok
rust	Format, check, lint and test	2026-10-08T15:28:11.6183760Z test lighting::lightmap::tests::plan_reports_page_overflow ... ok
rust	Format, check, lint and test	2026-10-08T15:28:11.6290270Z test lighting::lightmap::tests::plan_skips_an_invisible_sliver_and_keeps_the_rest ... ok
rust	Format, check, lint and test	2026-10-08T15:28:11.6391210Z test lighting::lightmap::tests::plan_stamps_a_folded_triangle_without_a_phantom_corner ... ok
rust	Format, check, lint and test	2026-10-08T15:28:11.6492240Z test lighting::lightmap::tests::plan_stamps_the_six_vertices_with_the_chart_mapping ... ok
rust	Format, check, lint and test	2026-10-08T15:28:11.6593370Z test lighting::lightmap::tests::plus_is_an_exact_component_wise_sum_for_switchable_layers ... ok
rust	Format, check, lint and test	2026-10-08T15:28:17.0627440Z test lighting::lightmap::tests::reordering_equivalent_lights_does_not_change_the_bake ... ok
rust	Format, check, lint and test	2026-10-08T15:28:17.0731250Z test lighting::lightmap::tests::switchable_groups_follow_the_base_layers_in_a_dense_pair_layout ... ok
rust	Format, check, lint and test	2026-10-08T15:28:17.0839030Z test lighting::lightmap::tests::the_format_version_is_current_and_is_part_of_every_key_prefix ... ok
rust	Format, check, lint and test	2026-10-08T15:28:17.0873510Z test lighting::lightmap::tests::the_moment_representation_is_smooth_across_the_historical_octahedral_seam ... ok
rust	Format, check, lint and test	2026-10-08T15:28:17.0954490Z test lighting::lightmap::tests::the_packer_uses_best_short_side_fit ... ok
rust	Format, check, lint and test	2026-10-08T15:28:59.4719460Z test lighting::lightmap::tests::an_unrelated_distant_room_does_not_darken_a_lit_room has been running for over 60 seconds
rust	Format, check, lint and test	2026-10-08T15:29:17.1868710Z test lighting::lightmap::tests::the_pit_bakes_into_the_shipped_page_budget_at_full has been running for over 60 seconds
rust	Format, check, lint and test	2026-10-08T15:29:22.5079400Z test lighting::lightmap::tests::the_pit_bakes_into_the_shipped_page_budget_at_full ... ok
rust	Format, check, lint and test	2026-10-08T15:29:22.5181650Z test lighting::lightmap::tests::the_sharp_moment_reconstruction_is_exact_for_one_shared_direction ... ok
rust	Format, check, lint and test	2026-10-08T15:29:24.3761690Z test lighting::lightmap::tests::an_unrelated_distant_room_does_not_darken_a_lit_room ... ok
rust	Format, check, lint and test	2026-10-08T15:29:24.3864910Z test lighting::lightmap::tests::the_shipped_page_budget_is_used_when_genuinely_needed ... ok
rust	Format, check, lint and test	2026-10-08T15:30:22.6878850Z test lighting::lightmap::tests::the_shipped_demo_fits_the_page_budget_at_both_profiles has been running for over 60 seconds
rust	Format, check, lint and test	2026-10-08T15:30:24.5237380Z test lighting::lightmap::tests::the_three_storey_tower_needs_the_raised_page_budget has been running for over 60 seconds
rust	Format, check, lint and test	2026-10-08T15:31:15.9847140Z test lighting::lightmap::tests::the_three_storey_tower_needs_the_raised_page_budget ... ok
rust	Format, check, lint and test	2026-10-08T15:31:15.9958620Z test lighting::lightmap::tests::transport_receivers_span_each_patch_and_meet_on_a_shared_edge ... ok
rust	Format, check, lint and test	2026-10-08T15:31:16.0059570Z test lighting::occlusion::tests::a_concave_model_does_not_fill_its_own_opening ... ok
rust	Format, check, lint and test	2026-10-08T15:31:16.0162230Z test lighting::occlusion::tests::a_desk_derives_a_thin_top_and_legs_not_one_oversized_box ... ok
rust	Format, check, lint and test	2026-10-08T15:31:16.0291270Z test lighting::occlusion::tests::a_failed_asset_falls_back_to_the_placeholder_box_occluder ... ok
rust	Format, check, lint and test	2026-10-08T15:31:16.0392200Z test lighting::occlusion::tests::a_finer_cell_separates_detail_a_coarse_cell_merges ... ok
rust	Format, check, lint and test	2026-10-08T15:31:16.0495370Z test lighting::occlusion::tests::a_flat_quad_gets_a_minimum_thickness ... ok
rust	Format, check, lint and test	2026-10-08T15:31:16.0604700Z test lighting::occlusion::tests::a_level_without_props_does_no_loading ... ok
rust	Format, check, lint and test	2026-10-08T15:31:16.0707880Z test lighting::occlusion::tests::a_loadable_model_never_also_contributes_a_placeholder_box ... ok
rust	Format, check, lint and test	2026-10-08T15:31:16.0815010Z test lighting::occlusion::tests::a_model_too_detailed_for_the_cap_is_re_ground_at_a_coarser_cell ... ok
rust	Format, check, lint and test	2026-10-08T15:31:16.0846490Z test lighting::occlusion::tests::a_multi_primitive_model_occludes_every_primitive ... ok
rust	Format, check, lint and test	2026-10-08T15:31:16.0851930Z test lighting::occlusion::tests::a_parallel_segment_is_inside_the_rectangle_it_lies_in ... ok
rust	Format, check, lint and test	2026-10-08T15:31:16.0852670Z test lighting::occlusion::tests::a_prop_receives_the_shadow_of_a_nearby_prop ... ok
rust	Format, check, lint and test	2026-10-08T15:31:16.0853270Z test lighting::occlusion::tests::a_prop_receives_the_shadow_of_a_nearby_wall ... ok
rust	Format, check, lint and test	2026-10-08T15:31:16.0853960Z test lighting::occlusion::tests::a_props_far_side_is_shaded_by_its_own_body ... ok
rust	Format, check, lint and test	2026-10-08T15:31:16.0873650Z test lighting::occlusion::tests::a_solid_box_merges_into_one_occluder ... ok
rust	Format, check, lint and test	2026-10-08T15:31:16.0875130Z test lighting::occlusion::tests::a_vertical_panel_still_occludes ... ok
rust	Format, check, lint and test	2026-10-08T15:31:16.0890060Z test lighting::occlusion::tests::a_z_axis_aligned_panel_inside_the_bounds_still_occludes ... ok
rust	Format, check, lint and test	2026-10-08T15:31:16.0890910Z test lighting::occlusion::tests::an_axis_aligned_panel_inside_the_bounds_still_occludes ... ok
rust	Format, check, lint and test	2026-10-08T15:31:16.0891630Z test lighting::occlusion::tests::an_axis_aligned_panel_on_the_max_edge_still_occludes ... ok
rust	Format, check, lint and test	2026-10-08T15:31:16.0908330Z test lighting::occlusion::tests::an_empty_model_contributes_nothing ... ok
rust	Format, check, lint and test	2026-10-08T15:31:16.0922520Z test lighting::occlusion::tests::an_unknown_model_still_shades_like_the_box_it_draws ... ok
rust	Format, check, lint and test	2026-10-08T15:31:16.0923820Z test lighting::occlusion::tests::boxes_never_leave_the_model_bounds ... ok
rust	Format, check, lint and test	2026-10-08T15:31:16.0925180Z test lighting::occlusion::tests::fully_claimed_actors_leave_no_immutable_voxel_caster ... ok
rust	Format, check, lint and test	2026-10-08T15:31:16.0927030Z test lighting::occlusion::tests::measure_demo_level_box_totals ... ignored, developer measurement: prints per-level occlusion box counts
rust	Format, check, lint and test	2026-10-08T15:31:16.0928660Z test lighting::occlusion::tests::measure_receiver_self_shadowing ... ok
rust	Format, check, lint and test	2026-10-08T15:31:16.2582840Z test lighting::occlusion::tests::shipped_models_stay_within_the_box_cap_on_a_finer_grid ... ok
rust	Format, check, lint and test	2026-10-08T15:31:16.2686100Z test lighting::occlusion::tests::the_historical_cell_reproduces_the_historical_boxes ... ok
rust	Format, check, lint and test	2026-10-08T15:31:16.2714090Z test lighting::occlusion::tests::the_instance_transform_matches_the_renderers_matrix ... ok
rust	Format, check, lint and test	2026-10-08T15:31:16.2714860Z test lighting::occlusion::tests::the_model_cache_is_keyed_by_the_grid_cell ... ok
rust	Format, check, lint and test	2026-10-08T15:31:16.2716170Z test lighting::occlusion::tests::the_placeholder_box_matches_the_drawn_prop_box ... ok
rust	Format, check, lint and test	2026-10-08T15:31:16.2717190Z test lighting::occlusion::tests::winding_does_not_remove_an_occluder ... ok
rust	Format, check, lint and test	2026-10-08T15:31:16.2718700Z test lighting::probes::tests::a_round_trip_preserves_every_probe_value ... ok
rust	Format, check, lint and test	2026-10-08T15:31:16.2720210Z test lighting::probes::tests::a_version_1_probe_field_is_rejected ... ok
rust	Format, check, lint and test	2026-10-08T15:31:16.2721190Z test lighting::probes::tests::an_inconsistent_grid_is_rejected_by_the_codec ... ok
rust	Format, check, lint and test	2026-10-08T15:31:16.2828880Z test lighting::probes::tests::exact_centres_hdr_and_signed_moments_survive_without_conversion ... ok
rust	Format, check, lint and test	2026-10-08T15:31:16.2932820Z test lighting::probes::tests::interpolation_mixes_only_the_requested_room_and_falls_back ... ok
rust	Format, check, lint and test	2026-10-08T15:31:16.3035380Z test lighting::probes::tests::linear_hdr_precision_and_signed_moments_survive_without_gamma_or_exposure ... ok
rust	Format, check, lint and test	2026-10-08T15:31:16.3137670Z test lighting::probes::tests::malformed_data_is_rejected_and_never_poisoned_or_sanitized_to_black ... ok
rust	Format, check, lint and test	2026-10-08T15:31:16.3238930Z test lighting::probes::tests::malformed_energy_and_corrupted_records_are_rejected_without_repair ... ok
rust	Format, check, lint and test	2026-10-08T15:31:16.3341500Z test lighting::probes::tests::malformed_selected_direct_or_source_identity_is_rejected ... ok
rust	Format, check, lint and test	2026-10-08T15:31:16.3446390Z test lighting::probes::tests::nonfinite_headers_and_probe_values_cannot_be_written ... ok
rust	Format, check, lint and test	2026-10-08T15:31:16.3548520Z test lighting::probes::tests::raw_shipped_payload_agrees_bit_for_bit_with_runtime_decode ... ok
rust	Format, check, lint and test	2026-10-08T15:31:16.3677740Z test lighting::probes::tests::selected_direct_is_subtracted_with_identical_visible_interpolation_weights ... ok
rust	Format, check, lint and test	2026-10-08T15:31:16.3798990Z test lighting::probes::tests::shifted_non_integral_grid_centres_resolve_exactly_in_world_space ... ok
rust	Format, check, lint and test	2026-10-08T15:31:16.3858330Z test lighting::probes::tests::sparse_neighbours_blend_without_nearest_probe_snaps ... ok
rust	Format, check, lint and test	2026-10-08T15:31:16.3870060Z test lighting::probes::tests::the_display_and_direction_paths_follow_the_moment_representation ... ok
rust	Format, check, lint and test	2026-10-08T15:31:16.3870840Z test lighting::probes::tests::version_three_preserves_selected_source_ids_and_direct_coefficients ... ok
rust	Format, check, lint and test	2026-10-08T15:31:16.3871550Z test lighting::probes::tests::weights_are_normalized_and_movement_is_continuous_in_three_dimensions ... ok
rust	Format, check, lint and test	2026-10-08T15:31:16.3872170Z test lighting::tests::a_blue_fixture_lights_geometry_blue ... ok
rust	Format, check, lint and test	2026-10-08T15:31:16.3872680Z test lighting::tests::a_colour_that_emits_nothing_is_dark_but_valid ... ok
rust	Format, check, lint and test	2026-10-08T15:31:16.3873220Z test lighting::tests::a_disabled_fixture_keeps_its_emission_but_casts_no_light ... ok
rust	Format, check, lint and test	2026-10-08T15:31:16.3873810Z test lighting::tests::a_fixture_can_author_an_independent_emissive_strength ... ok
rust	Format, check, lint and test	2026-10-08T15:31:16.3882350Z test lighting::tests::a_fixture_can_author_its_own_pool_shape ... ok
rust	Format, check, lint and test	2026-10-08T15:31:16.3892890Z test lighting::tests::a_fixture_pool_reaches_its_whole_ceiling_without_a_ring ... ok
rust	Format, check, lint and test	2026-10-08T15:31:16.3893560Z test lighting::tests::a_floor_texel_under_a_prop_is_darker_than_open_floor_beside_it ... ok
rust	Format, check, lint and test	2026-10-08T15:31:16.3894250Z test lighting::tests::a_light_attached_to_another_prop_still_sees_this_prop_as_an_occluder ... ok
rust	Format, check, lint and test	2026-10-08T15:31:16.3894890Z test lighting::tests::a_lit_corner_does_not_transmit_diagonally ... ok
rust	Format, check, lint and test	2026-10-08T15:31:16.3895460Z test lighting::tests::a_missing_intensity_behaves_as_a_standard_fixture ... ok
rust	Format, check, lint and test	2026-10-08T15:31:16.3896010Z test lighting::tests::a_narrow_corridor_keeps_one_baseline_across_the_zone_grid ... ok
rust	Format, check, lint and test	2026-10-08T15:31:16.3896580Z test lighting::tests::a_prop_against_a_wall_still_occludes ... ok
rust	Format, check, lint and test	2026-10-08T15:31:16.3897070Z test lighting::tests::a_prop_light_is_placed_by_the_props_own_transform ... ok
rust	Format, check, lint and test	2026-10-08T15:31:16.3897660Z test lighting::tests::a_prop_light_lights_its_room_and_a_disabled_one_does_not ... ok
rust	Format, check, lint and test	2026-10-08T15:31:16.3898290Z test lighting::tests::a_prop_over_a_raised_floor_region_occludes_from_its_own_base ... ok
rust	Format, check, lint and test	2026-10-08T15:31:16.3898830Z test lighting::tests::a_props_own_light_lights_around_its_body ... ok
rust	Format, check, lint and test	2026-10-08T15:31:16.3899360Z test lighting::tests::a_props_own_light_reaches_the_ceiling_above_it ... ok
rust	Format, check, lint and test	2026-10-08T15:31:16.3899850Z test lighting::tests::a_red_fixture_lights_geometry_red ... ok
rust	Format, check, lint and test	2026-10-08T15:31:16.3900370Z test lighting::tests::a_room_without_fixtures_is_dim_but_never_black ... ok
rust	Format, check, lint and test	2026-10-08T15:31:16.3901000Z test lighting::tests::a_rotated_prop_occludes_its_rotated_footprint_not_its_bounding_box ... ok
rust	Format, check, lint and test	2026-10-08T15:31:16.3901560Z test lighting::tests::a_scaled_prop_occludes_proportionally ... ok
rust	Format, check, lint and test	2026-10-08T15:31:16.3902130Z test lighting::tests::a_static_prop_blocks_light_and_leaves_the_covered_side_darker ... ok
rust	Format, check, lint and test	2026-10-08T15:31:16.3902720Z test lighting::tests::a_wall_fixture_needs_a_height_and_validation_says_so ... ok
rust	Format, check, lint and test	2026-10-08T15:31:16.3903280Z test lighting::tests::a_window_jamb_does_not_transmit_beside_itself ... ok
rust	Format, check, lint and test	2026-10-08T15:31:16.3903770Z test lighting::tests::bake_terms_reproduce_the_sample_paths ... ok
rust	Format, check, lint and test	2026-10-08T15:31:16.3904290Z test lighting::tests::brighter_fixtures_raise_the_room_baseline ... ok
rust	Format, check, lint and test	2026-10-08T15:31:16.3904880Z test lighting::tests::brightness_changes_smoothly_instead_of_in_bands ... ok
rust	Format, check, lint and test	2026-10-08T15:31:16.3905420Z test lighting::tests::brightness_saturates_instead_of_growing_without_bound ... ok
rust	Format, check, lint and test	2026-10-08T15:31:16.3906310Z test lighting::tests::coloured_accumulation_stays_finite_and_bounded ... ok
rust	Format, check, lint and test	2026-10-08T15:31:16.3906840Z test lighting::tests::elevated_room_fixtures_hang_from_their_own_ceiling ... ok
rust	Format, check, lint and test	2026-10-08T15:31:16.3907420Z test lighting::tests::fixture_families_own_their_footprint_and_mount ... ok
rust	Format, check, lint and test	2026-10-08T15:31:16.3907970Z test lighting::tests::fixture_panel_follows_a_gable_eave_and_ridge ... ok
rust	Format, check, lint and test	2026-10-08T15:31:16.3908440Z test lighting::tests::fixture_plane_follows_the_room_ceiling ... ok
rust	Format, check, lint and test	2026-10-08T15:31:16.3908990Z test lighting::tests::helper_curves_are_monotonic_and_numerically_safe ... ok
rust	Format, check, lint and test	2026-10-08T15:31:16.3909540Z test lighting::tests::higher_ceilings_lower_the_effective_illumination ... ok
rust	Format, check, lint and test	2026-10-08T15:31:16.3910120Z test lighting::tests::intensities_multiply_the_authored_colour_per_channel ... ok
rust	Format, check, lint and test	2026-10-08T15:31:16.3910610Z test lighting::tests::larger_rooms_are_dimmer_for_the_same_lights ... ok
rust	Format, check, lint and test	2026-10-08T15:31:16.3911190Z test lighting::tests::levels_without_a_colour_use_the_documented_default ... ok
rust	Format, check, lint and test	2026-10-08T15:31:16.3911780Z test lighting::tests::lightmap_texel_with_no_room_resolves_by_containment ... ok
rust	Format, check, lint and test	2026-10-08T15:31:16.3912410Z test lighting::tests::lightmap_texels_evaluate_point_rect_and_line_sources_like_the_vertex_path ... ok
rust	Format, check, lint and test	2026-10-08T15:31:16.3913040Z test lighting::tests::lightmap_texels_match_the_vertex_path_exactly ... ok
rust	Format, check, lint and test	2026-10-08T15:31:16.3913560Z test lighting::tests::lightmap_texels_respect_range_falloff_colour_and_enabled ... ok
rust	Format, check, lint and test	2026-10-08T15:31:16.3928690Z test lighting::tests::local_pools_scale_with_fixture_intensity ... ok
rust	Format, check, lint and test	2026-10-08T15:31:16.3931510Z test lighting::tests::malformed_inputs_stay_finite_and_never_panic ... ok
rust	Format, check, lint and test	2026-10-08T15:31:16.3932800Z test lighting::tests::malformed_prop_lights_are_rejected_or_skipped_without_panicking ... ok
rust	Format, check, lint and test	2026-10-08T15:31:16.3934150Z test lighting::tests::more_lights_raise_the_room_baseline ... ok
rust	Format, check, lint and test	2026-10-08T15:31:16.3935110Z test lighting::tests::multiple_props_stack_their_shadows ... ok
rust	Format, check, lint and test	2026-10-08T15:31:16.3936290Z test lighting::tests::negative_fixture_brightness_is_sanitized_to_no_light ... ok
rust	Format, check, lint and test	2026-10-08T15:31:16.3937420Z test lighting::tests::openings_blend_between_differently_lit_rooms ... ok
rust	Format, check, lint and test	2026-10-08T15:31:16.3938550Z test lighting::tests::openings_do_not_blend_through_solid_walls ... ok
rust	Format, check, lint and test	2026-10-08T15:31:16.3939800Z test lighting::tests::overlapping_rooms_own_lights_deterministically_and_only_once ... ok
rust	Format, check, lint and test	2026-10-08T15:31:16.3940950Z test lighting::tests::pool_terms_reproduce_the_pool_cap ... ok
rust	Format, check, lint and test	2026-10-08T15:31:16.3959990Z test lighting::tests::probe_visibility_checks_short_walls_inside_one_air_region ... ok
rust	Format, check, lint and test	2026-10-08T15:31:16.3961780Z test lighting::tests::prop_emission_is_never_illumination ... ok
rust	Format, check, lint and test	2026-10-08T15:31:16.3968180Z test lighting::tests::prop_occluders_do_not_create_a_dark_hole_outside_their_footprint ... ok
rust	Format, check, lint and test	2026-10-08T15:31:16.3968740Z test lighting::tests::prop_occluders_do_not_split_a_room_into_baseline_zones ... ok
rust	Format, check, lint and test	2026-10-08T15:31:16.3969270Z test lighting::tests::sample_points_use_the_smaller_overlapping_room ... ok
rust	Format, check, lint and test	2026-10-08T15:31:16.3991750Z test lighting::tests::samples_under_a_fixture_are_brighter_than_distant_samples ... ok
rust	Format, check, lint and test	2026-10-08T15:31:16.3993690Z test lighting::tests::summaries_describe_the_bake ... ok
rust	Format, check, lint and test	2026-10-08T15:31:17.0698150Z test lighting::tests::the_demo_exit_sign_and_ball_light_really_illuminate ... ok
rust	Format, check, lint and test	2026-10-08T15:31:17.0800000Z test lighting::tests::the_lightmap_content_key_covers_the_occluder_set ... ok
rust	Format, check, lint and test	2026-10-08T15:31:17.0902080Z test lighting::tests::the_occlusion_fingerprint_tracks_the_solids_the_bake_uses ... ok
rust	Format, check, lint and test	2026-10-08T15:31:17.4306180Z test lighting::tests::the_shipped_levels_bake_bounded_prop_occlusion ... ok
rust	Format, check, lint and test	2026-10-08T15:31:17.4419210Z test lighting::tests::three_arbitrary_colours_accumulate_independently ... ok
rust	Format, check, lint and test	2026-10-08T15:31:17.4520980Z test lighting::tests::vertically_offset_samples_follow_their_true_position ... ok
rust	Format, check, lint and test	2026-10-08T15:31:17.4623120Z test lighting::tests::warm_and_cool_fixtures_mix_without_losing_either_colour ... ok
rust	Format, check, lint and test	2026-10-08T15:31:17.4726200Z test lighting::tests::write_lighting_candidate_sweep ... ignored, developer report; writes target/diagnostics/lighting
rust	Format, check, lint and test	2026-10-08T15:31:17.4829470Z test lighting::tests::write_lighting_developer_report ... ignored, developer report; writes target/diagnostics/lighting
rust	Format, check, lint and test	2026-10-08T15:31:17.4929250Z test lighting::tests::zones_in_room_describes_uniform_and_partitioned_rooms ... ok
rust	Format, check, lint and test	2026-10-08T15:31:17.5031520Z test lighting::transport::coverage::continuity::a_thin_caster_between_receiver_centres_is_detected ... ok
rust	Format, check, lint and test	2026-10-08T15:31:17.5155650Z test lighting::transport::coverage::continuity::canonical_surface_axes_ignore_triangle_orientation ... ok
rust	Format, check, lint and test	2026-10-08T15:31:17.5258590Z test lighting::transport::coverage::continuity::coplanar_support_crosses_t_junctions_but_keeps_a_hard_fold ... ok
rust	Format, check, lint and test	2026-10-08T15:31:17.5361130Z test lighting::transport::coverage::continuity::diagonal_footprints_remain_inside_real_boundaries_at_multiple_scales ... ok
rust	Format, check, lint and test	2026-10-08T15:31:17.5461680Z test lighting::transport::coverage::continuity::physical_support_cannot_jump_a_real_gap_or_material_boundary ... ok
rust	Format, check, lint and test	2026-10-08T15:31:17.5562320Z test lighting::transport::coverage::continuity::production_triangle_frames_share_the_same_direct_footprint ... ok
rust	Format, check, lint and test	2026-10-08T15:31:17.5664570Z test lighting::transport::coverage::continuity::shared_bevel_filter_connections_ignore_chart_insets_and_keep_real_occlusion ... ok
rust	Format, check, lint and test	2026-10-08T15:31:17.5765480Z test lighting::transport::diagnostics::tests::diagnostic_chart_offsets_cover_exact_sample_counts ... ok
rust	Format, check, lint and test	2026-10-08T15:31:17.5867780Z test lighting::transport::diagnostics::tests::diagnostic_quality_scopes_are_distinct_and_restore ... ok
rust	Format, check, lint and test	2026-10-08T15:31:17.5969490Z test lighting::transport::diagnostics::tests::diagnostic_stage_names_and_semantics_are_explicit ... ok
rust	Format, check, lint and test	2026-10-08T15:31:17.6087120Z test lighting::transport::diagnostics::tests::diagnostic_stage_rejects_truncated_and_excess_values ... ok
rust	Format, check, lint and test	2026-10-08T15:31:17.6188700Z test lighting::transport::tests::a_cancelled_solve_reports_a_fill_failure ... ok
rust	Format, check, lint and test	2026-10-08T15:31:17.6291680Z test lighting::transport::tests::a_chart_brighter_than_its_target_is_untouched ... ok
rust	Format, check, lint and test	2026-10-08T15:31:17.6418350Z test lighting::transport::tests::a_chart_fill_preserves_the_tall_chamber_pool_contrast ... ok
rust	Format, check, lint and test	2026-10-08T15:31:17.6520790Z test lighting::transport::tests::a_diffuse_bounce_reaches_a_surface_the_light_cannot_see ... ok
rust	Format, check, lint and test	2026-10-08T15:31:17.6622250Z test lighting::transport::tests::a_nonzero_sky_ambient_lights_an_open_receiver_and_zero_is_unchanged ... ok
rust	Format, check, lint and test	2026-10-08T15:31:17.6723780Z test lighting::transport::tests::a_parallel_solve_is_identical_to_the_serial_solve ... ok
rust	Format, check, lint and test	2026-10-08T15:31:17.6825150Z test lighting::transport::tests::a_sealed_room_blocks_every_direct_path_and_almost_the_whole_bounce_path ... ok
rust	Format, check, lint and test	2026-10-08T15:31:17.6926510Z test lighting::transport::tests::a_sealed_wall_blocks_direct_light_and_an_opening_admits_it ... ok
rust	Format, check, lint and test	2026-10-08T15:31:17.7027590Z test lighting::transport::tests::a_transmissive_triangle_is_skipped_by_visibility_and_by_the_nearest_hit ... ok
rust	Format, check, lint and test	2026-10-08T15:31:17.7129110Z test lighting::transport::tests::a_water_surface_transmits_attenuates_and_tints_while_an_opaque_barrier_blocks ... ok
rust	Format, check, lint and test	2026-10-08T15:31:17.7230170Z test lighting::transport::tests::a_water_target_is_attenuated_with_the_direct_light ... ok
rust	Format, check, lint and test	2026-10-08T15:31:17.7331990Z test lighting::transport::tests::an_extended_emitter_produces_a_partial_soft_visibility_transition ... ok
rust	Format, check, lint and test	2026-10-08T15:31:17.7433080Z test lighting::transport::tests::bounce_strength_follows_the_source_albedo ... ok
rust	Format, check, lint and test	2026-10-08T15:31:17.7534070Z test lighting::transport::tests::corner_ray_origin_stays_on_the_charts_owning_side_and_surface ... ok
rust	Format, check, lint and test	2026-10-08T15:31:17.7640890Z test lighting::transport::tests::fill::a_second_bounce_cannot_repeat_a_single_reflection_path ... ok
rust	Format, check, lint and test	2026-10-08T15:31:17.7742770Z test lighting::transport::tests::fill::authored_support_is_continuous_and_excludes_switchable_lights ... ok
rust	Format, check, lint and test	2026-10-08T15:31:17.7856530Z test lighting::transport::tests::fill::baseline_response_is_continuous_and_preserves_half_the_gradient ... ok
rust	Format, check, lint and test	2026-10-08T15:31:17.7987610Z test lighting::transport::tests::fill::coloured_fill_preserves_moments_and_has_finite_probes_and_texels ... ok
rust	Format, check, lint and test	2026-10-08T15:31:17.8088820Z test lighting::transport::tests::fill::diffuse_hemisphere_preserves_the_cosine_integral ... ok
rust	Format, check, lint and test	2026-10-08T15:31:17.8190110Z test lighting::transport::tests::fill::maintained_hallway_recessed_and_hanging_fixtures_cast_direct_pools ... ok
rust	Format, check, lint and test	2026-10-08T15:31:17.8293670Z test lighting::transport::tests::fill::opposing_tangential_emitters_cannot_light_a_floor ... ok
rust	Format, check, lint and test	2026-10-08T15:31:17.8294480Z test lighting::transport::tests::fill::package_round_trip_preserves_independent_surface_energy ... ok
rust	Format, check, lint and test	2026-10-08T15:31:17.8295210Z test lighting::transport::tests::fill::splitting_a_chart_cannot_change_its_baseline_correction ... ok
rust	Format, check, lint and test	2026-10-08T15:31:17.8316570Z test lighting::transport::tests::full_occlusion_reads_zero_in_the_solved_atlas ... ok
rust	Format, check, lint and test	2026-10-08T15:31:17.8416660Z test lighting::transport::tests::grazing_ray_cancellation_does_not_invent_a_blocker_two_metres_away ... ok
rust	Format, check, lint and test	2026-10-08T15:31:17.8517950Z test lighting::transport::tests::oblique_starting_surface_has_no_positive_self_hit ... ok
rust	Format, check, lint and test	2026-10-08T15:31:17.8619220Z test lighting::transport::tests::performance::accelerated_tree_preserves_original_identity_at_edges_and_coincident_faces ... ok
rust	Format, check, lint and test	2026-10-08T15:31:17.8719610Z test lighting::transport::tests::performance::all_worker_budgets_preserve_lightmaps_switchable_layers_and_probe_bits ... ok
rust	Format, check, lint and test	2026-10-08T15:31:17.8821610Z test lighting::transport::tests::performance::cancellation_and_worker_failure_cannot_return_partial_results ... ok
rust	Format, check, lint and test	2026-10-08T15:31:17.8923210Z test lighting::transport::tests::performance::canonical_leaf_eligibility_preserves_exact_boundary_visibility ... ok
rust	Format, check, lint and test	2026-10-08T15:31:17.9024800Z test lighting::transport::tests::performance::conservative_nearest_bounds_retain_grazing_corner_candidates ... ok
rust	Format, check, lint and test	2026-10-08T15:31:17.9126210Z test lighting::transport::tests::performance::distance_pruning_preserves_cache_connectivity_and_tie_order ... ok
rust	Format, check, lint and test	2026-10-08T15:31:17.9228170Z test lighting::transport::tests::performance::parallel_nearest_candidate_bounds_do_not_limit_travel_distance ... ok
rust	Format, check, lint and test	2026-10-08T15:31:17.9329810Z test lighting::transport::tests::performance::prepared_ray_preserves_watertight_distance_bits ... ok
rust	Format, check, lint and test	2026-10-08T15:31:17.9431010Z test lighting::transport::tests::performance::representative_map_ray_benchmark ... ignored, release ray-kernel profiling on real representative map geometry
rust	Format, check, lint and test	2026-10-08T15:31:17.9550660Z test lighting::transport::tests::performance::reused_bvh_entries_preserve_nearest_hits_and_opaque_visibility ... ok
rust	Format, check, lint and test	2026-10-08T15:31:17.9673130Z test lighting::transport::tests::performance::shared_layers_match_independent_reference_for_sky_water_darkness_and_all_bounce_orders ... ok
rust	Format, check, lint and test	2026-10-08T15:31:18.1090250Z test lighting::transport::tests::performance::shared_stencils_preserve_interpolation_and_fallback_bits ... ok
rust	Format, check, lint and test	2026-10-08T15:31:18.1193060Z test lighting::transport::tests::perpendicular_corner_and_long_grazing_rays_do_not_self_occlude ... ok
rust	Format, check, lint and test	2026-10-08T15:31:18.1311720Z test lighting::transport::tests::probes::a_capped_lattice_covers_low_air_spaces_and_uses_world_coordinates ... ok
rust	Format, check, lint and test	2026-10-08T15:31:18.1413350Z test lighting::transport::tests::probes::closed_solid_and_surface_clearance_reject_embedded_probes ... ok
rust	Format, check, lint and test	2026-10-08T15:31:18.1514730Z test lighting::transport::tests::probes::enclosed_dark_room_and_wall_separation_preserve_darkness ... ok
rust	Format, check, lint and test	2026-10-08T15:31:18.1697200Z test lighting::transport::tests::probes::escaping_probe_rays_see_authored_linear_hdr_sky ... ok
rust	Format, check, lint and test	2026-10-08T15:31:18.1812670Z test lighting::transport::tests::probes::invalid_runtime_source_mapping_and_switchable_selection_fail_the_solve ... ok
rust	Format, check, lint and test	2026-10-08T15:31:18.1917550Z test lighting::transport::tests::probes::invalid_transport_input_and_overflow_fail_before_probe_compression ... ok
rust	Format, check, lint and test	2026-10-08T15:31:18.2020620Z test lighting::transport::tests::probes::neighboring_probes_share_a_smooth_diffuse_estimator ... ok
rust	Format, check, lint and test	2026-10-08T15:31:18.2125110Z test lighting::transport::tests::probes::neutral_probe_diffuse_illumination_is_comparable_to_nearby_static_surface ... ok
rust	Format, check, lint and test	2026-10-08T15:31:18.2241240Z test lighting::transport::tests::probes::parallel_receiver_work_is_bounded_exactly_once_and_ordered ... ok
rust	Format, check, lint and test	2026-10-08T15:31:18.2343940Z test lighting::transport::tests::probes::probe_bakes_are_bit_identical_across_workers_and_repeated_builds ... ok
rust	Format, check, lint and test	2026-10-08T15:31:18.2446340Z test lighting::transport::tests::probes::recovery_fill_is_visibility_gated_across_a_sealed_wall ... ok
rust	Format, check, lint and test	2026-10-08T15:31:18.2549150Z test lighting::transport::tests::probes::selected_runtime_source_sidecar_preserves_combined_energy_and_unselected_lights ... ok
rust	Format, check, lint and test	2026-10-08T15:31:18.2651570Z test lighting::transport::tests::probes::sky_is_injected_once_across_diffuse_orders ... ok
rust	Format, check, lint and test	2026-10-08T15:31:18.2753970Z test lighting::transport::tests::probes::switchable_atlas_layers_do_not_duplicate_the_base_sky ... ok
rust	Format, check, lint and test	2026-10-08T15:31:18.2857340Z test lighting::transport::tests::quality::a_ceiling_shields_the_interior_from_pitched_roof_triangles ... ok
rust	Format, check, lint and test	2026-10-08T15:31:18.2960340Z test lighting::transport::tests::quality::a_tilted_shading_normal_does_not_gather_light_from_its_own_backface ... ok
rust	Format, check, lint and test	2026-10-08T15:31:18.3062330Z test lighting::transport::tests::quality::adaptive_coverage_reduces_diagonal_shadow_error_without_softening_interiors ... ok
rust	Format, check, lint and test	2026-10-08T15:31:18.3121910Z test lighting::transport::tests::quality::alpha_transport_keeps_serial_parallel_and_independent_light_layers_identical ... ok
rust	Format, check, lint and test	2026-10-08T15:31:18.3224710Z test lighting::transport::tests::quality::an_opaque_backface_blocks_light_without_emitting_front_light ... ok
rust	Format, check, lint and test	2026-10-08T15:31:18.3343260Z test lighting::transport::tests::quality::blend_attenuates_a_real_surface_bounce_without_changing_cache_connectivity ... ok
rust	Format, check, lint and test	2026-10-08T15:31:18.3445960Z test lighting::transport::tests::quality::blend_attenuates_global_direct_and_escaping_sky_without_an_ambient_lift ... ok
rust	Format, check, lint and test	2026-10-08T15:31:18.3549070Z test lighting::transport::tests::quality::blend_transport_multiplies_layers_and_counts_a_shared_diagonal_once ... ok
rust	Format, check, lint and test	2026-10-08T15:31:18.3681820Z test lighting::transport::tests::quality::closed_corners_and_a_ceiling_block_directional_light_at_multiple_scales ... ok
rust	Format, check, lint and test	2026-10-08T15:31:18.3784360Z test lighting::transport::tests::quality::coplanar_triangle_diagonal_does_not_select_a_different_bounce_field ... ok
rust	Format, check, lint and test	2026-10-08T15:31:18.3889480Z test lighting::transport::tests::quality::cutout_transport_uses_numeric_texel_coverage_and_keeps_solid_pixels ... ok
rust	Format, check, lint and test	2026-10-08T15:31:18.4010180Z test lighting::transport::tests::quality::direct_light_is_invariant_at_a_coplanar_chart_seam ... ok
rust	Format, check, lint and test	2026-10-08T15:31:18.4116490Z test lighting::transport::tests::quality::direct_shadow_coverage_does_not_depend_on_a_chart_boundary ... ok
rust	Format, check, lint and test	2026-10-08T15:31:18.4219040Z test lighting::transport::tests::quality::directional_source_has_constant_direction_and_no_distance_falloff ... ok
rust	Format, check, lint and test	2026-10-08T15:31:18.4322000Z test lighting::transport::tests::quality::finite_source_integrates_per_tap_cosines_instead_of_normalizing_their_mean ... ok
rust	Format, check, lint and test	2026-10-08T15:31:18.4424940Z test lighting::transport::tests::quality::invalid_alpha_tables_and_nonpositive_chart_densities_are_rejected ... ok
rust	Format, check, lint and test	2026-10-08T15:31:18.7670780Z test lighting::transport::tests::quality::medium_and_high_bounce_fields_remain_continuous_across_subdivisions ... ok
rust	Format, check, lint and test	2026-10-08T15:31:19.5471500Z test lighting::transport::tests::quality::rectangular_window_surrounds_keep_lighting_when_subdivided ... ok
rust	Format, check, lint and test	2026-10-08T15:31:19.5576390Z test lighting::transport::tests::quality::shared_model_edges_keep_the_receiver_faces_normals_and_albedo ... ok
rust	Format, check, lint and test	2026-10-08T15:31:19.5680580Z test lighting::transport::tests::quality::smooth_model_normals_drive_integration_without_moving_visibility_origins ... ok
rust	Format, check, lint and test	2026-10-08T15:31:19.5779210Z test lighting::transport::tests::quality::transport_alpha_matches_clamp_repeat_vertex_factors_and_cutoff_equality ... ok
rust	Format, check, lint and test	2026-10-08T15:31:19.7894300Z test lighting::transport::tests::quality::vertical_and_horizontal_wall_strips_have_the_same_lighting_as_one_wall ... ok
rust	Format, check, lint and test	2026-10-08T15:31:19.7994630Z test lighting::transport::tests::reordering_charts_does_not_change_the_indirect_field ... ok
rust	Format, check, lint and test	2026-10-08T15:31:19.8096460Z test lighting::transport::tests::shared_triangle_edges_and_t_junctions_are_watertight ... ok
rust	Format, check, lint and test	2026-10-08T15:31:19.8196970Z test lighting::transport::tests::stair_joint_blocks_even_submillimetre_hits ... ok
rust	Format, check, lint and test	2026-10-08T15:31:19.8299410Z test lighting::transport::tests::stair_shared_edge_distinguishes_entering_solid_from_departing ... ok
rust	Format, check, lint and test	2026-10-08T15:31:19.8400910Z test lighting::transport::tests::subdivided_coplanar_surfaces_keep_their_bounce_cache_light ... ok
rust	Format, check, lint and test	2026-10-08T15:31:19.8502500Z test lighting::transport::tests::switchable_fixtures_are_excluded_from_the_moving_object_field ... ok
rust	Format, check, lint and test	2026-10-08T15:31:19.8604290Z test lighting::transport::tests::the_bvh_agrees_with_a_linear_scan ... ok
rust	Format, check, lint and test	2026-10-08T15:31:19.8706120Z test lighting::transport::tests::the_chart_fill_reaches_the_probe_field_with_the_same_target ... ok
rust	Format, check, lint and test	2026-10-08T15:31:19.8808530Z test lighting::transport::tests::the_chart_fill_restores_the_authored_baseline_and_keeps_dark_rooms_dark ... ok
rust	Format, check, lint and test	2026-10-08T15:31:19.8908780Z test lighting::transport::tests::the_emitter_shapes_sample_their_own_extents ... ok
rust	Format, check, lint and test	2026-10-08T15:31:19.8909690Z test lighting::transport::tests::the_moment_reconstruction_is_exact_for_a_single_light ... ok
rust	Format, check, lint and test	2026-10-08T15:31:19.8910310Z test lighting::transport::tests::the_probe_fill_preserves_a_rooms_internal_structure ... ok
rust	Format, check, lint and test	2026-10-08T15:31:19.8911440Z test lighting::transport::tests::the_solver_fingerprint_is_stable_and_distinct_from_the_lighting_model ... ok
rust	Format, check, lint and test	2026-10-08T15:31:19.8912110Z test lighting::transport::tests::the_spatial_fill_includes_ceilings_and_preserves_their_physical_gradients ... ok
rust	Format, check, lint and test	2026-10-08T15:31:19.8915410Z test lighting::transport::tests::the_tone_map_preserves_the_calibrated_range_and_compresses_highlights ... ok
rust	Format, check, lint and test	2026-10-08T15:31:19.8917280Z test lighting::visibility::tests::a_baseboard_against_its_wall_does_not_shadow_the_open_floor ... ok
rust	Format, check, lint and test	2026-10-08T15:31:19.8917930Z test lighting::visibility::tests::a_degenerate_oriented_box_is_rejected ... ok
rust	Format, check, lint and test	2026-10-08T15:31:19.8919530Z test lighting::visibility::tests::a_flush_sconce_keeps_its_pool_under_soft_sampling ... ok
rust	Format, check, lint and test	2026-10-08T15:31:19.8920900Z test lighting::visibility::tests::a_gable_ceiling_body_sits_above_the_slope ... ok
rust	Format, check, lint and test	2026-10-08T15:31:19.8922130Z test lighting::visibility::tests::a_lowered_basin_is_not_sealed_from_its_room ... ok
rust	Format, check, lint and test	2026-10-08T15:31:19.8923320Z test lighting::visibility::tests::a_point_emitter_has_no_penumbra ... ok
rust	Format, check, lint and test	2026-10-08T15:31:19.8924300Z test lighting::visibility::tests::a_raised_platform_does_not_isolate_the_room_above_it ... ok
rust	Format, check, lint and test	2026-10-08T15:31:19.8924820Z test lighting::visibility::tests::a_room_is_not_blocked_by_its_own_floor_or_ceiling ... ok
rust	Format, check, lint and test	2026-10-08T15:31:19.8925370Z test lighting::visibility::tests::a_sample_an_ulp_below_its_own_floor_is_still_lit ... ok
rust	Format, check, lint and test	2026-10-08T15:31:19.8925870Z test lighting::visibility::tests::a_site_radius_covers_the_emitter_extent_beyond_the_range ... ok
rust	Format, check, lint and test	2026-10-08T15:31:19.8926360Z test lighting::visibility::tests::a_site_that_never_registered_blocks_nothing ... ok
rust	Format, check, lint and test	2026-10-08T15:31:19.8926860Z test lighting::visibility::tests::a_slanted_segment_to_the_ceiling_is_not_blocked_by_that_ceiling ... ok
rust	Format, check, lint and test	2026-10-08T15:31:19.8927400Z test lighting::visibility::tests::a_surface_mounted_fixture_is_not_blocked_by_its_own_wall ... ok
rust	Format, check, lint and test	2026-10-08T15:31:19.8927900Z test lighting::visibility::tests::a_threshold_height_step_shadows_only_its_own_footprint ... ok
rust	Format, check, lint and test	2026-10-08T15:31:19.8937500Z test lighting::visibility::tests::a_vent_transmits_through_its_hole_and_blocks_around_it ... ok
rust	Format, check, lint and test	2026-10-08T15:31:19.8938060Z test lighting::visibility::tests::a_wall_shadow_starts_at_the_wall_base_and_only_brightens_outward ... ok
rust	Format, check, lint and test	2026-10-08T15:31:19.8938570Z test lighting::visibility::tests::a_yawed_box_blocks_only_its_rotated_volume ... ok
rust	Format, check, lint and test	2026-10-08T15:31:19.8938990Z test lighting::visibility::tests::abutting_wall_pieces_leave_no_seam ... ok
rust	Format, check, lint and test	2026-10-08T15:31:19.8939800Z test lighting::visibility::tests::an_axis_aligned_oriented_box_behaves_like_a_plain_box ... ok
rust	Format, check, lint and test	2026-10-08T15:31:19.8940320Z test lighting::visibility::tests::bounded_segment_index_falls_back_without_losing_solid_hits ... ok
rust	Format, check, lint and test	2026-10-08T15:31:19.8940810Z test lighting::visibility::tests::doorway_span_passes_but_the_header_blocks ... ok
rust	Format, check, lint and test	2026-10-08T15:31:19.8941240Z test lighting::visibility::tests::floors_and_ceilings_block_vertical_light ... ok
rust	Format, check, lint and test	2026-10-08T15:31:19.8941720Z test lighting::visibility::tests::hard_sampling_reproduces_occludes_exactly_over_a_level ... ok
rust	Format, check, lint and test	2026-10-08T15:31:19.8942320Z test lighting::visibility::tests::measure_home_corridor_bake ... ignored, developer measurement, run with --ignored --nocapture
rust	Format, check, lint and test	2026-10-08T15:31:19.8942870Z test lighting::visibility::tests::occluders_rebuild_deterministically ... ok
rust	Format, check, lint and test	2026-10-08T15:31:19.8943270Z test lighting::visibility::tests::segment_is_blocked_by_a_solid_wall ... ok
rust	Format, check, lint and test	2026-10-08T15:31:19.8943680Z test lighting::visibility::tests::soft_sampling_resolves_a_real_penumbra ... ok
rust	Format, check, lint and test	2026-10-08T15:31:19.8944100Z test lighting::visibility::tests::the_seam_beside_an_opening_is_airtight ... ok
rust	Format, check, lint and test	2026-10-08T15:31:19.8944540Z test lighting::visibility::tests::the_shared_walk_matches_the_per_tap_definition ... ok
rust	Format, check, lint and test	2026-10-08T15:31:19.8944990Z test lighting::visibility::tests::the_tap_table_is_bounded_and_ordered_by_cost ... ok
rust	Format, check, lint and test	2026-10-08T15:31:19.8945450Z test lighting::visibility::tests::wall_connectivity_is_blind_to_horizontal_solids ... ok
rust	Format, check, lint and test	2026-10-08T15:31:19.8946160Z test lighting::visibility::tests::zero_gap_stacking_still_isolates_without_swallowing_fixtures ... ok
rust	Format, check, lint and test	2026-10-08T15:31:19.9010050Z test lighting_audit::budget_estimate_bounds_generated_geometry_for_opening_heavy_walls ... ok
rust	Format, check, lint and test	2026-10-08T15:31:20.1456190Z test lighting_audit::deterministic_fuzz_levels_bake_and_build_within_budget ... ok
rust	Format, check, lint and test	2026-10-08T15:31:20.1562640Z test lighting_audit::draw_calls_do_not_scale_with_fixture_count_and_batching_is_stable ... ok
rust	Format, check, lint and test	2026-10-08T15:31:43.3153280Z test lighting_audit::geometry_storage_does_not_over_reserve_wildly ... ok
rust	Format, check, lint and test	2026-10-08T15:32:29.2928600Z test lighting_audit::group_r_repeated_builds_are_bit_identical ... ok
rust	Format, check, lint and test	2026-10-08T15:32:57.0374900Z test lighting_audit::lighting_benchmark_report ... ok
rust	Format, check, lint and test	2026-10-08T15:32:57.1207610Z test lighting_audit::merged_floor_and_ceiling_quads_keep_exact_samples_and_tile_the_room ... ok
rust	Format, check, lint and test	2026-10-08T15:32:57.1314390Z test lighting_audit::merged_wall_strips_share_exact_edges ... ok
rust	Format, check, lint and test	2026-10-08T15:32:57.1424540Z test lighting_audit::regression_fractional_rotations_agree_between_bake_and_panel_geometry ... ok
rust	Format, check, lint and test	2026-10-08T15:32:57.1532000Z test lighting_audit::regression_invalid_openings_do_not_create_phantom_doorways ... ok
rust	Format, check, lint and test	2026-10-08T15:32:57.1665610Z test lighting_audit::regression_raised_walls_do_not_blend_through_their_openings ... ok
rust	Format, check, lint and test	2026-10-08T15:32:57.1766490Z test lighting_audit::regression_wall_reveals_take_light_from_both_rooms ... ok
rust	Format, check, lint and test	2026-10-08T15:32:57.1868880Z test lighting_audit::ten_chairs_in_different_lighting_stay_one_batch ... ok
rust	Format, check, lint and test	2026-10-08T15:32:57.1970810Z test lighting_audit_cases::group_a_larger_area_lowers_the_baseline_and_stays_continuous ... ok
rust	Format, check, lint and test	2026-10-08T15:32:57.2929490Z test lighting_audit_cases::group_a_room_area_extremes_stay_inside_the_budget ... ok
rust	Format, check, lint and test	2026-10-08T15:32:57.3031860Z test lighting_audit_cases::group_b_a_zero_intensity_fixture_behaves_like_no_fixture ... ok
rust	Format, check, lint and test	2026-10-08T15:32:57.3135430Z test lighting_audit_cases::group_b_zero_light_rooms_stay_at_minimum_ambient_and_render ... ok
rust	Format, check, lint and test	2026-10-08T15:32:57.3237580Z test lighting_audit_cases::group_c_dense_fixture_grids_saturate_without_overflow_or_geometry_explosion ... ok
rust	Format, check, lint and test	2026-10-08T15:32:57.3340330Z test lighting_audit_cases::group_d_intensity_boundaries_are_sanitized_deterministically ... ok
rust	Format, check, lint and test	2026-10-08T15:32:57.3443220Z test lighting_audit_cases::group_d_intensity_inputs_brighten_monotonically_up_to_the_clamp ... ok
rust	Format, check, lint and test	2026-10-08T15:32:57.3546730Z test lighting_audit_cases::group_d_loader_rejects_invalid_intensities ... ok
rust	Format, check, lint and test	2026-10-08T15:32:57.3657040Z test lighting_audit_cases::group_e_ceiling_height_correction_is_monotonic_bounded_and_safe ... ok
rust	Format, check, lint and test	2026-10-08T15:32:57.3763420Z test lighting_audit_cases::group_e_taller_rooms_stay_dim_but_valid_and_lower_rooms_stay_bounded ... ok
rust	Format, check, lint and test	2026-10-08T15:32:57.3877420Z test lighting_audit_cases::group_f_duplicate_and_overlapping_fixtures_count_once_each_and_saturate ... ok
rust	Format, check, lint and test	2026-10-08T15:32:57.3980950Z test lighting_audit_cases::group_f_fixture_ownership_follows_the_epsilon_boundary_exactly ... ok
rust	Format, check, lint and test	2026-10-08T15:32:57.4084330Z test lighting_audit_cases::group_f_fixture_placement_variants_are_all_deterministic ... ok
rust	Format, check, lint and test	2026-10-08T15:32:57.4216250Z test lighting_audit_cases::group_f_rotation_swaps_the_panel_pool_orientation ... ok
rust	Format, check, lint and test	2026-10-08T15:32:57.4327220Z test lighting_audit_cases::group_g_equal_area_overlaps_resolve_by_level_order ... ok
rust	Format, check, lint and test	2026-10-08T15:32:57.4429200Z test lighting_audit_cases::group_g_props_inside_overlapping_rooms_are_lit_by_the_smallest_room ... ok
rust	Format, check, lint and test	2026-10-08T15:32:57.4530830Z test lighting_audit_cases::group_g_smallest_containing_room_wins_for_every_lookup ... ok
rust	Format, check, lint and test	2026-10-08T15:32:57.4632200Z test lighting_audit_cases::group_g_three_overlapping_rooms_order_by_area_strictly ... ok
rust	Format, check, lint and test	2026-10-08T15:32:57.4745800Z test lighting_audit_cases::group_h_doorway_transition_is_smooth_and_symmetric ... ok
rust	Format, check, lint and test	2026-10-08T15:32:57.4847230Z test lighting_audit_cases::group_h_opening_variants_blend_or_do_not_without_artifacts ... ok
rust	Format, check, lint and test	2026-10-08T15:32:57.4949720Z test lighting_audit_cases::group_h_two_openings_between_the_same_rooms_stay_bounded ... ok
rust	Format, check, lint and test	2026-10-08T15:32:57.5054610Z test lighting_audit_cases::group_h_vertical_fade_above_the_header_and_non_connecting_openings ... ok
rust	Format, check, lint and test	2026-10-08T15:32:57.5156780Z test lighting_audit_cases::group_i_propagation_is_one_hop_only ... ok
rust	Format, check, lint and test	2026-10-08T15:32:57.5258140Z test lighting_audit_cases::group_j_pools_fall_off_monotonically_and_reach_the_room_baseline ... ok
rust	Format, check, lint and test	2026-10-08T15:32:57.5360520Z test lighting_audit_cases::group_k_local_pool_saturation_is_capped_and_finite ... ok
rust	Format, check, lint and test	2026-10-08T15:32:57.5463230Z test lighting_audit_cases::group_l_lighting_multiplies_materials_instead_of_replacing_them ... ok
rust	Format, check, lint and test	2026-10-08T15:32:57.5565740Z test lighting_audit_cases::group_m_n_real_props_are_lit_from_their_transformed_world_position ... ok
rust	Format, check, lint and test	2026-10-08T15:32:57.5668420Z test lighting_audit_cases::group_n_extreme_prop_offsets_are_lit_without_correction_or_rejection ... ok
rust	Format, check, lint and test	2026-10-08T15:32:57.5770340Z test lighting_audit_cases::group_o_fixtures_outside_rooms_are_defined_and_isolated ... ok
rust	Format, check, lint and test	2026-10-08T15:32:57.5872920Z test lighting_audit_cases::group_p_degenerate_levels_never_panic_and_never_emit_bad_vertices ... ok
rust	Format, check, lint and test	2026-10-08T15:32:57.5974640Z test lighting_audit_cases::group_q_coloured_fixtures_tint_floor_and_wall_geometry ... ok
rust	Format, check, lint and test	2026-10-08T15:32:57.6076080Z test lighting_audit_cases::group_q_default_and_explicit_colours_bake_identically ... ok
rust	Format, check, lint and test	2026-10-08T15:32:57.6178980Z test lighting_audit_cases::group_q_mixed_colours_stay_distinct_and_bounded ... ok
rust	Format, check, lint and test	2026-10-08T15:32:57.6292400Z test lighting_audit_cases::group_q_tall_coloured_rooms_keep_the_height_response ... ok
rust	Format, check, lint and test	2026-10-08T15:32:57.6293190Z test lighting_isolation::a_dark_room_stays_dark_and_does_not_darken_its_neighbour ... ok
rust	Format, check, lint and test	2026-10-08T15:32:57.6394460Z test lighting_isolation::a_doorway_transmits_light_where_the_aperture_is ... ok
rust	Format, check, lint and test	2026-10-08T15:32:57.6496490Z test lighting_isolation::a_lit_corner_has_no_artificial_collapse ... ok
rust	Format, check, lint and test	2026-10-08T15:32:57.6598480Z test lighting_isolation::a_window_transmits_over_its_sill_but_not_under_it ... ok
rust	Format, check, lint and test	2026-10-08T15:32:57.6700520Z test lighting_isolation::an_interior_stub_blocks_a_pool_inside_one_room ... ok
rust	Format, check, lint and test	2026-10-08T15:32:57.6809020Z test lighting_isolation::an_opaque_wall_blocks_a_white_fixture_pool ... ok
rust	Format, check, lint and test	2026-10-08T15:32:57.6929400Z test lighting_isolation::an_opaque_wall_blocks_colour_not_only_brightness ... ok
rust	Format, check, lint and test	2026-10-08T15:32:57.7051250Z test lighting_isolation::an_unlit_room_is_exactly_ambient_everywhere ... ok
rust	Format, check, lint and test	2026-10-08T15:32:57.7153810Z test lighting_isolation::emitted_wall_faces_are_lit_by_the_room_they_open_into ... ok
rust	Format, check, lint and test	2026-10-08T15:32:57.7257180Z test lighting_isolation::every_fixture_contributes_independently_near_a_coloured_corner ... ok
rust	Format, check, lint and test	2026-10-08T15:32:57.7359650Z test lighting_isolation::isolation_geometry_bakes_safe_vertices ... ok
rust	Format, check, lint and test	2026-10-08T15:32:57.7483600Z test lighting_isolation::two_coloured_rooms_keep_their_own_light ... ok
rust	Format, check, lint and test	2026-10-08T15:32:57.7592000Z test lighting_leak_audit::the_exact_reference_keeps_a_home_junction_endpoint_outside_the_wall ... ok
rust	Format, check, lint and test	2026-10-08T15:33:03.9613040Z test lighting_leak_audit::the_shipped_demos_fixture_pools_are_occlusion_exact ... ok
rust	Format, check, lint and test	2026-10-08T15:33:04.1502440Z test lighting_leak_audit::the_shipped_demos_wall_faces_open_into_their_own_room ... ok
rust	Format, check, lint and test	2026-10-08T15:33:04.1602230Z test lighting_partition_audit::tests::a_partitioned_room_bakes_deterministically ... ok
rust	Format, check, lint and test	2026-10-08T15:33:04.1703950Z test lighting_partition_audit::tests::case_1_a_solid_partition_isolates_the_unlit_side ... ok
rust	Format, check, lint and test	2026-10-08T15:33:04.1805490Z test lighting_partition_audit::tests::case_2_a_doorway_transmits_a_bounded_amount ... ok
rust	Format, check, lint and test	2026-10-08T15:33:04.1905690Z test lighting_partition_audit::tests::case_3_fixtures_on_both_sides_keep_their_own_colour ... ok
rust	Format, check, lint and test	2026-10-08T15:33:04.2007240Z test lighting_partition_audit::tests::case_4_an_open_room_keeps_one_uniform_baseline ... ok
rust	Format, check, lint and test	2026-10-08T15:33:04.2107790Z test lighting_partition_audit::tests::case_5_a_fixture_against_the_partition_does_not_teleport_its_baseline ... ok
rust	Format, check, lint and test	2026-10-08T15:33:04.2208720Z test lighting_partition_audit::tests::case_6_a_wall_below_the_ceiling_is_not_a_partition ... ok
rust	Format, check, lint and test	2026-10-08T15:33:04.2310300Z test lighting_partition_audit::tests::case_6_b_a_stub_partition_does_not_divide_the_room ... ok
rust	Format, check, lint and test	2026-10-08T15:33:04.2410880Z test lighting_partition_audit::tests::case_6_c_a_window_does_not_connect_baselines ... ok
rust	Format, check, lint and test	2026-10-08T15:33:04.2512270Z test lighting_partition_audit::tests::case_6_d_two_doors_transmit_separately_and_stay_bounded ... ok
rust	Format, check, lint and test	2026-10-08T15:33:04.2659020Z test lighting_partition_audit::tests::case_6_e_an_edge_wall_does_not_erase_the_room ... ok
rust	Format, check, lint and test	2026-10-08T15:33:04.2662660Z test lighting_partition_audit::tests::case_6_f_baking_a_partitioned_level_is_deterministic ... ok
rust	Format, check, lint and test	2026-10-08T15:33:04.2764660Z test lighting_partition_audit::tests::case_6_g_malformed_dimensions_stay_finite ... ok
rust	Format, check, lint and test	2026-10-08T15:33:12.7622630Z test lighting_repair_regression::a_doorway_transmits_and_the_wall_beside_it_does_not ... ok
rust	Format, check, lint and test	2026-10-08T15:33:12.7723920Z test lighting_repair_regression::an_adjacent_corner_is_lit_and_clean ... ok
rust	Format, check, lint and test	2026-10-08T15:33:17.7544920Z test lighting_repair_regression::every_solved_value_is_finite_and_non_negative ... ok
rust	Format, check, lint and test	2026-10-08T15:33:17.7653200Z test lighting_repair_regression::maintained_transport_stage_audit ... ignored, stage audit of maintained packages; run with PLACES_VERBOSE=1
rust	Format, check, lint and test	2026-10-08T15:33:17.7657120Z test lighting_repair_regression::several_light_fixtures_contribute_independently ... ok
rust	Format, check, lint and test	2026-10-08T15:33:17.7657850Z test lighting_repair_regression::water_transmits_light_into_the_basin_and_the_opaque_control_blocks ... ok
rust	Format, check, lint and test	2026-10-08T15:33:17.7669630Z test lighting_vertical_audit::tests::a_floor_slab_does_not_mix_colours_between_storeys ... ok
rust	Format, check, lint and test	2026-10-08T15:33:17.7718590Z test lighting_vertical_audit::tests::a_gable_ridge_is_lit_by_its_own_fixture ... ok
rust	Format, check, lint and test	2026-10-08T15:33:17.7720530Z test lighting_vertical_audit::tests::a_height_above_every_room_falls_back_to_the_flat_lookup ... ok
rust	Format, check, lint and test	2026-10-08T15:33:17.7721300Z test lighting_vertical_audit::tests::a_lit_lower_storey_stays_sealed_from_the_upper_one ... ok
rust	Format, check, lint and test	2026-10-08T15:33:17.7721970Z test lighting_vertical_audit::tests::a_lit_upper_storey_stays_sealed_from_the_lower_one ... ok
rust	Format, check, lint and test	2026-10-08T15:33:17.7722710Z test lighting_vertical_audit::tests::a_lowered_basin_and_a_raised_platform_stay_connected_to_their_room ... ok
rust	Format, check, lint and test	2026-10-08T15:33:17.7723440Z test lighting_vertical_audit::tests::a_raised_neighbour_keeps_its_own_light_behind_the_shared_wall ... ok
rust	Format, check, lint and test	2026-10-08T15:33:17.7724180Z test lighting_vertical_audit::tests::a_stacked_room_does_not_change_the_lower_rooms_baseline ... ok
rust	Format, check, lint and test	2026-10-08T15:33:17.7841520Z test lighting_vertical_audit::tests::an_open_side_of_an_upper_floor_transmits_light ... ok
rust	Format, check, lint and test	2026-10-08T15:33:17.7925350Z test lighting_vertical_audit::tests::stacked_rooms_bake_deterministically ... ok
rust	Format, check, lint and test	2026-10-08T15:33:17.7925950Z test lighting_vertical_audit::tests::two_bakes_of_a_stacked_level_are_identical ... ok
rust	Format, check, lint and test	2026-10-08T15:33:17.8028240Z test lighting_vertical_audit::tests::upper_floor_occlusion_follows_its_own_footprint ... ok
rust	Format, check, lint and test	2026-10-08T15:33:17.8130190Z test loader::tests::a_fog_region_error_names_the_index_and_id ... ok
rust	Format, check, lint and test	2026-10-08T15:33:18.0477870Z test loader::tests::an_ai_only_edit_reuses_the_prepared_lighting ... ok
rust	Format, check, lint and test	2026-10-08T15:33:18.0639120Z test loader::tests::display_metadata_reuse_keeps_every_physical_dependency_in_the_stage_key ... ok
rust	Format, check, lint and test	2026-10-08T15:33:24.6819630Z test loader::tests::every_checked_in_level_parses_and_validates_against_the_final_schema ... ok
rust	Format, check, lint and test	2026-10-08T15:33:24.6921780Z test loader::tests::fog_regions_and_void_walls_round_trip_through_semantics_json ... ok
rust	Format, check, lint and test	2026-10-08T15:33:24.7064010Z test loader::tests::fog_regions_at_the_cap_and_at_every_bound_are_accepted ... ok
rust	Format, check, lint and test	2026-10-08T15:33:24.7165500Z test loader::tests::fog_regions_beyond_every_bound_are_named_errors ... ok
rust	Format, check, lint and test	2026-10-08T15:33:24.7267040Z test loader::tests::route_sampling_rejects_counts_that_lose_adjacent_float_indices ... ok
rust	Format, check, lint and test	2026-10-08T15:33:24.8113520Z test loader::tests::test_authoring_sources_are_skipped_silently ... ok
rust	Format, check, lint and test	2026-10-08T15:33:24.8125250Z test loader::tests::test_ceiling_light_colour_is_optional_validated_and_round_trips ... ok
rust	Format, check, lint and test	2026-10-08T15:33:24.8227230Z test loader::tests::test_ceiling_light_intensity_is_optional_and_sanitized ... ok
rust	Format, check, lint and test	2026-10-08T15:33:24.8327640Z test loader::tests::test_ceiling_tile_frame_validation ... ok
rust	Format, check, lint and test	2026-10-08T15:33:25.1489380Z test loader::tests::test_custom_packages_are_discovered_loaded_and_sources_rejected ... ok
rust	Format, check, lint and test	2026-10-08T15:33:25.3571630Z test loader::tests::test_damaged_material_variants_resolve ... ok
rust	Format, check, lint and test	2026-10-08T15:33:25.3591210Z test loader::tests::test_decals_parse_with_defaults_and_validate ... ok
rust	Format, check, lint and test	2026-10-08T15:33:25.4006650Z test loader::tests::test_fixture_sheets_resolve_one_sheet_per_family_from_the_catalog ... ok
rust	Format, check, lint and test	2026-10-08T15:33:25.4106930Z test loader::tests::test_fixtures_without_a_sheet_resolve_to_nothing ... ok
rust	Format, check, lint and test	2026-10-08T15:33:25.4208430Z test loader::tests::test_levels_load_without_bindings_or_volumes ... ok
rust	Format, check, lint and test	2026-10-08T15:33:25.4409700Z test loader::tests::test_missing_pack_materials_use_the_diagnostic_texture_with_an_error ... ok
rust	Format, check, lint and test	2026-10-08T15:33:25.4512220Z test loader::tests::test_parse_hex_color ... ok
rust	Format, check, lint and test	2026-10-08T15:33:25.4613540Z test loader::tests::test_parse_materials_json ... ok
rust	Format, check, lint and test	2026-10-08T15:33:25.4715330Z test loader::tests::test_prepare_level_generates_office_baseboards_around_floor_openings ... ok
rust	Format, check, lint and test	2026-10-08T15:33:25.4814660Z test loader::tests::test_prepare_level_lets_an_authored_run_suppress_the_generated_one ... ok
rust	Format, check, lint and test	2026-10-08T15:33:25.4916170Z test loader::tests::test_prepare_level_skips_a_face_whose_floor_changes_along_the_run ... ok
rust	Format, check, lint and test	2026-10-08T15:33:25.5017790Z test loader::tests::test_prepare_level_skips_faces_that_front_no_walkable_floor ... ok
rust	Format, check, lint and test	2026-10-08T15:33:26.7673050Z test loader::tests::test_prepared_demo_aligns_panels_and_gains_office_baseboards ... ok
rust	Format, check, lint and test	2026-10-08T15:33:51.1261970Z test loader::tests::test_prepared_demo_baseboard_geometry_sits_at_floor_level ... ok
rust	Format, check, lint and test	2026-10-08T15:33:51.1402430Z test loader::tests::test_prop_catalog_falls_back_for_unknown_model ... ok
rust	Format, check, lint and test	2026-10-08T15:33:51.1505730Z test loader::tests::test_prop_catalog_from_json_str ... ok
rust	Format, check, lint and test	2026-10-08T15:33:51.1607600Z test loader::tests::test_rendering_diagnostic_level_shows_every_decal_sheet ... ok
rust	Format, check, lint and test	2026-10-08T15:33:51.1709500Z test loader::tests::test_round_dimension_diagnostics_name_the_constraint ... ok
rust	Format, check, lint and test	2026-10-08T15:33:51.3243320Z test loader::tests::test_shipped_prop_catalog_covers_shipped_levels ... ok
rust	Format, check, lint and test	2026-10-08T15:33:51.3354360Z test loader::tests::test_shipped_prop_catalog_parses ... ok
rust	Format, check, lint and test	2026-10-08T15:33:51.3456240Z test loader::tests::test_shipped_test_room_demonstrates_openings_and_props ... ok
rust	Format, check, lint and test	2026-10-08T15:33:51.3559530Z test loader::tests::test_the_decal_count_is_bounded ... ok
rust	Format, check, lint and test	2026-10-08T15:33:52.6618790Z test loader::tests::test_the_default_level_is_the_shipped_demo ... ok
rust	Format, check, lint and test	2026-10-08T15:33:53.8861210Z test loader::tests::test_the_demo_loads_every_fixture_family_with_its_sheet ... ok
rust	Format, check, lint and test	2026-10-08T15:33:54.9562530Z test loader::tests::test_the_embedded_demo_is_always_listed_and_loadable ... ok
rust	Format, check, lint and test	2026-10-08T15:34:18.4731610Z test loader::tests::test_the_official_demo_exercises_every_showcased_feature ... ok
rust	Format, check, lint and test	2026-10-08T15:34:18.5071750Z test loader::tests::test_the_shipped_demo_duck_validates ... ok
rust	Format, check, lint and test	2026-10-08T15:34:18.5175920Z test loader::tests::test_valid_round_primitives_pass_validation ... ok
rust	Format, check, lint and test	2026-10-08T15:34:18.5278680Z test loader::tests::test_validate_accepts_a_clear_entity_route ... ok
rust	Format, check, lint and test	2026-10-08T15:34:18.5380520Z test loader::tests::test_validate_accepts_a_label_only_target ... ok
rust	Format, check, lint and test	2026-10-08T15:34:18.5577070Z test loader::tests::test_validate_accepts_a_level_without_any_shine ... ok
rust	Format, check, lint and test	2026-10-08T15:34:18.5678970Z test loader::tests::test_validate_accepts_every_new_feature ... ok
rust	Format, check, lint and test	2026-10-08T15:34:57.9999350Z test loader::tests::test_validate_accepts_every_raised_element_cap_at_its_limit ... ok
rust	Format, check, lint and test	2026-10-08T15:34:58.0101440Z test loader::tests::test_validate_accepts_every_shine_value_in_range ... ok
rust	Format, check, lint and test	2026-10-08T15:34:58.0204030Z test loader::tests::test_validate_accepts_fade_and_glow_components ... ok
rust	Format, check, lint and test	2026-10-08T15:34:58.0304860Z test loader::tests::test_validate_accepts_flat_and_vertical_rooms ... ok
rust	Format, check, lint and test	2026-10-08T15:34:58.0406830Z test loader::tests::test_validate_accepts_moderately_large_level ... ok
rust	Format, check, lint and test	2026-10-08T15:34:58.0508330Z test loader::tests::test_validate_accepts_sunk_and_intersecting_props ... ok
rust	Format, check, lint and test	2026-10-08T15:34:58.0531690Z test loader::tests::test_validate_accepts_the_demo_duck_and_the_contract_boundaries ... ok
rust	Format, check, lint and test	2026-10-08T15:34:58.0532350Z test loader::tests::test_validate_accepts_the_home_showcase_fixture ... ok
rust	Format, check, lint and test	2026-10-08T15:34:58.0532950Z test loader::tests::test_validate_accepts_valid_door_and_window ... ok
rust	Format, check, lint and test	2026-10-08T15:34:58.0534350Z test loader::tests::test_validate_ladders_accepts_the_demo_and_rejects_bad_reach ... ok
rust	Format, check, lint and test	2026-10-08T15:34:58.0534940Z test loader::tests::test_validate_level_invalid_version ... ok
rust	Format, check, lint and test	2026-10-08T15:34:58.0535470Z test loader::tests::test_validate_level_preserves_overlapping_geometry ... ok
rust	Format, check, lint and test	2026-10-08T15:34:58.0535960Z test loader::tests::test_validate_level_rejects_malformed_decals ... ok
rust	Format, check, lint and test	2026-10-08T15:34:58.0536860Z test loader::tests::test_validate_level_success ... ok
rust	Format, check, lint and test	2026-10-08T15:34:58.0537330Z test loader::tests::test_validate_permits_overlapping_rooms_within_budget ... ok
rust	Format, check, lint and test	2026-10-08T15:34:58.0537820Z test loader::tests::test_validate_rejects_a_decal_that_straddles_a_height_change ... ok
rust	Format, check, lint and test	2026-10-08T15:34:58.0538480Z test loader::tests::test_validate_rejects_a_route_on_a_floating_prop ... ok
rust	Format, check, lint and test	2026-10-08T15:34:58.0539000Z test loader::tests::test_validate_rejects_a_threshold_over_an_elevation_change ... ok
rust	Format, check, lint and test	2026-10-08T15:34:58.0539480Z test loader::tests::test_validate_rejects_action_target_mismatches ... ok
rust	Format, check, lint and test	2026-10-08T15:34:58.0540060Z test loader::tests::test_validate_rejects_bad_component_values ... ok
rust	Format, check, lint and test	2026-10-08T15:34:58.0540470Z test loader::tests::test_validate_rejects_bindings_that_cannot_fire ... ok
rust	Format, check, lint and test	2026-10-08T15:34:58.0541240Z test loader::tests::test_validate_rejects_ceiling_decals_on_a_gable ... ok
rust	Format, check, lint and test	2026-10-08T15:34:58.0541700Z test loader::tests::test_validate_rejects_door_beyond_wall ... ok
rust	Format, check, lint and test	2026-10-08T15:34:58.0542230Z test loader::tests::test_validate_rejects_duplicate_and_malformed_instance_ids ... ok
rust	Format, check, lint and test	2026-10-08T15:34:58.0542750Z test loader::tests::test_validate_rejects_duplicate_component_kinds ... ok
rust	Format, check, lint and test	2026-10-08T15:34:58.0543260Z test loader::tests::test_validate_rejects_duplicate_ids_across_kinds ... ok
rust	Format, check, lint and test	2026-10-08T15:34:58.0544160Z test loader::tests::test_validate_rejects_huge_geometry_without_overflowing ... ok
rust	Format, check, lint and test	2026-10-08T15:34:58.0544640Z test loader::tests::test_validate_rejects_impossible_gable_definitions ... ok
rust	Format, check, lint and test	2026-10-08T15:34:58.0546680Z test loader::tests::test_validate_rejects_invalid_opening_numbers ... ok
rust	Format, check, lint and test	2026-10-08T15:34:58.0547530Z test loader::tests::test_validate_rejects_invalid_props ... ok
rust	Format, check, lint and test	2026-10-08T15:34:58.0547970Z test loader::tests::test_validate_rejects_invented_state_writes ... ok
rust	Format, check, lint and test	2026-10-08T15:34:58.0548420Z test loader::tests::test_validate_rejects_malformed_archways ... ok
rust	Format, check, lint and test	2026-10-08T15:34:58.0549020Z test loader::tests::test_validate_rejects_malformed_entity_routes ... ok
rust	Format, check, lint and test	2026-10-08T15:34:58.0649110Z test loader::tests::test_validate_rejects_malformed_float_props ... ok
rust	Format, check, lint and test	2026-10-08T15:34:58.0673510Z test loader::tests::test_validate_rejects_malformed_floor_regions ... ok
rust	Format, check, lint and test	2026-10-08T15:34:58.0776540Z test loader::tests::test_validate_rejects_malformed_ramps ... ok
rust	Format, check, lint and test	2026-10-08T15:34:58.0896230Z test loader::tests::test_validate_rejects_malformed_sequences ... ok
rust	Format, check, lint and test	2026-10-08T15:34:58.0998830Z test loader::tests::test_validate_rejects_malformed_shine_by_surface_name ... ok
rust	Format, check, lint and test	2026-10-08T15:34:58.1100520Z test loader::tests::test_validate_rejects_malformed_spawns ... ok
rust	Format, check, lint and test	2026-10-08T15:34:58.1210820Z test loader::tests::test_validate_rejects_malformed_staircases ... ok
rust	Format, check, lint and test	2026-10-08T15:34:58.1312040Z test loader::tests::test_validate_rejects_malformed_trim_and_rails ... ok
rust	Format, check, lint and test	2026-10-08T15:34:58.1414030Z test loader::tests::test_validate_rejects_malformed_volumes ... ok
rust	Format, check, lint and test	2026-10-08T15:34:58.1515420Z test loader::tests::test_validate_rejects_non_finite_room_elevation ... ok
rust	Format, check, lint and test	2026-10-08T15:34:58.2059360Z test loader::tests::test_validate_rejects_one_over_every_raised_element_cap ... ok
rust	Format, check, lint and test	2026-10-08T15:34:58.2160880Z test loader::tests::test_validate_rejects_oversized_or_malformed_bindings ... ok
rust	Format, check, lint and test	2026-10-08T15:34:58.2216240Z test loader::tests::test_validate_rejects_pathological_huge_room ... ok
rust	Format, check, lint and test	2026-10-08T15:34:58.2329120Z test loader::tests::test_validate_rejects_shadowed_water_and_effect_ids ... ok
rust	Format, check, lint and test	2026-10-08T15:34:58.5933330Z test loader::tests::test_validate_rejects_too_many_distinct_materials_by_name ... ok
rust	Format, check, lint and test	2026-10-08T15:34:58.6034750Z test loader::tests::test_validate_rejects_too_many_floor_patches ... ok
rust	Format, check, lint and test	2026-10-08T15:34:58.6136360Z test loader::tests::test_validate_rejects_too_many_floor_regions ... ok
rust	Format, check, lint and test	2026-10-08T15:35:02.9722640Z test loader::tests::test_validate_rejects_too_many_rooms ... ok
rust	Format, check, lint and test	2026-10-08T15:35:02.9824920Z test loader::tests::test_validate_rejects_too_many_sequence_steps ... ok
rust	Format, check, lint and test	2026-10-08T15:35:02.9894310Z test loader::tests::test_validate_rejects_too_many_wall_openings ... ok
rust	Format, check, lint and test	2026-10-08T15:35:02.9996450Z test loader::tests::test_validate_rejects_unknown_action_targets ... ok
rust	Format, check, lint and test	2026-10-08T15:35:03.0097820Z test loader::tests::test_validate_rejects_unknown_condition_targets_and_states ... ok
rust	Format, check, lint and test	2026-10-08T15:35:03.0198930Z test loader::tests::test_validate_rejects_walking_surfaces_that_overlap ... ok
rust	Format, check, lint and test	2026-10-08T15:35:03.0300130Z test loader::tests::test_validate_rejects_window_and_unknown_opening_beyond_wall ... ok
rust	Format, check, lint and test	2026-10-08T15:35:03.0401690Z test loader::tests::test_validate_rejects_zero_delay_cycles_but_allows_delayed_ones ... ok
rust	Format, check, lint and test	2026-10-08T15:35:03.0502930Z test loader::tests::test_validate_sky_bounds_and_identifiers ... ok
rust	Format, check, lint and test	2026-10-08T15:35:03.0604750Z test loader::tests::test_validate_water_accepts_a_valid_volume_and_rejects_bad_ones ... ok
rust	Format, check, lint and test	2026-10-08T15:35:03.0686490Z test loader::tests::test_vertical_diagnostic_level_exercises_the_new_geometry ... ok
rust	Format, check, lint and test	2026-10-08T15:35:03.0687680Z test loader::tests::test_vertical_room_fields_round_trip ... ok
rust	Format, check, lint and test	2026-10-08T15:35:03.0688920Z test loader::tests::the_geometry_revision_is_part_of_both_build_fingerprints ... ok
rust	Format, check, lint and test	2026-10-08T15:35:03.0828290Z test loader::tests::validate_routes_uses_the_runtime_minimum_disc_radius ... ok
rust	Format, check, lint and test	2026-10-08T15:35:03.0929780Z test loader::tests::void_walls_at_the_cap_are_accepted_and_one_over_is_rejected ... ok
rust	Format, check, lint and test	2026-10-08T15:35:03.0930300Z test loader::tests::void_walls_reject_named_bounds_ids_and_materials ... ok
rust	Format, check, lint and test	2026-10-08T15:35:03.1040530Z test loading::cache_tests::byte_budget_evicts_old_records_and_oversized_entries_are_not_retained ... ok
rust	Format, check, lint and test	2026-10-08T15:35:03.1162400Z test loading::cache_tests::cache_hits_reuse_the_exact_records_and_lru_eviction_keeps_displayed_arcs_alive ... ok
rust	Format, check, lint and test	2026-10-08T15:35:03.1270640Z test loading::cache_tests::cancelled_preparation_keeps_displayed_weak_identity_without_retaining_records ... ok
rust	Format, check, lint and test	2026-10-08T15:35:03.1373310Z test loading::cache_tests::package_hash_and_quality_are_the_prepared_identity ... ok
rust	Format, check, lint and test	2026-10-08T15:35:03.1482030Z test loading::cache_tests::repeated_quality_cycles_reuse_records_and_stay_bounded ... ok
rust	Format, check, lint and test	2026-10-08T15:35:03.1585510Z test loading::cache_tests::weak_identities_never_retain_an_unreferenced_world ... ok
rust	Format, check, lint and test	2026-10-08T15:35:03.1687300Z test loading::tests::a_package_key_changes_with_the_package_bytes ... ok
rust	Format, check, lint and test	2026-10-08T15:35:03.1805830Z test loading::tests::an_unsupported_variant_names_the_package_and_what_it_provides ... ok
rust	Format, check, lint and test	2026-10-08T15:35:03.1909620Z test loading::tests::cancelled_completion_cannot_activate_and_worker_can_retry ... ok
rust	Format, check, lint and test	2026-10-08T15:35:03.2020930Z test loading::tests::failed_preparation_leaves_worker_available_for_retry ... ok
rust	Format, check, lint and test	2026-10-08T15:35:03.2128470Z test loading::tests::same_preparation_compares_captured_content_not_only_the_level_name ... ok
rust	Format, check, lint and test	2026-10-08T15:35:03.2230820Z test loading::tests::shutdown_does_not_join_a_live_preparation ... ok
rust	Format, check, lint and test	2026-10-08T15:35:03.2342730Z test loading::tests::source_identity_changes_when_a_package_is_replaced_in_place ... ok
rust	Format, check, lint and test	2026-10-08T15:35:03.2448510Z test loading::tests::superseded_completion_is_discarded_and_only_latest_pending_runs ... ok
rust	Format, check, lint and test	2026-10-08T15:35:03.2556390Z test logging::tests::only_an_explicit_truthy_value_enables_telemetry ... ok
rust	Format, check, lint and test	2026-10-08T15:35:03.2682300Z test logging::tests::worker_panic_messages_preserve_string_payloads ... ok
rust	Format, check, lint and test	2026-10-08T15:35:03.2793130Z test materials::builtin::tests::embedded_sheets_preserve_all_legacy_pixels_and_dimensions ... ok
rust	Format, check, lint and test	2026-10-08T15:35:03.2794510Z test materials::color::tests::colour_mips_average_energy_and_preserve_coverage ... ok
rust	Format, check, lint and test	2026-10-08T15:35:03.2795300Z test materials::color::tests::transfer_and_fractional_light_have_one_decode_and_one_encode ... ok
rust	Format, check, lint and test	2026-10-08T15:35:03.2796060Z test materials::emission::tests::a_default_material_is_not_emissive ... ok
rust	Format, check, lint and test	2026-10-08T15:35:03.2796730Z test materials::emission::tests::a_mask_survives_sanitizing_and_is_optional ... ok
rust	Format, check, lint and test	2026-10-08T15:35:03.2797370Z test materials::emission::tests::a_zero_intensity_or_black_colour_is_not_emissive ... ok
rust	Format, check, lint and test	2026-10-08T15:35:03.2798110Z test materials::emission::tests::colour_and_intensity_multiply_into_the_uploaded_value ... ok
rust	Format, check, lint and test	2026-10-08T15:35:03.2798700Z test materials::emission::tests::emission_is_clamped_to_the_documented_maximum ... ok
rust	Format, check, lint and test	2026-10-08T15:35:03.2799300Z test materials::emission::tests::sanitize_clamps_and_never_produces_nan ... ok
rust	Format, check, lint and test	2026-10-08T15:35:03.2799890Z test materials::image::content_revision_tests::encoded_changes_replace_cache_revision_without_mutating_old_owner ... ok
rust	Format, check, lint and test	2026-10-08T15:35:03.2800650Z test materials::image::content_revision_tests::replacing_file_bytes_refreshes_without_timestamp_identity ... ok
rust	Format, check, lint and test	2026-10-08T15:35:03.2803060Z test materials::image::content_revision_tests::same_pack_path_with_new_bytes_uses_new_cpu_and_gpu_identity ... ok
rust	Format, check, lint and test	2026-10-08T15:35:03.2803780Z test materials::image::tests::a_fully_transparent_decal_sheet_keeps_its_alpha_when_scaled ... ok
rust	Format, check, lint and test	2026-10-08T15:35:03.2905310Z test materials::image::tests::a_power_of_two_sheet_halves_exactly ... ok
rust	Format, check, lint and test	2026-10-08T15:35:03.2905880Z test materials::image::tests::a_zero_budget_or_zero_sized_image_is_refused ... ok
rust	Format, check, lint and test	2026-10-08T15:35:03.3005960Z test materials::image::tests::an_image_within_budget_is_left_alone ... ok
rust	Format, check, lint and test	2026-10-08T15:35:03.3108130Z test materials::image::tests::downscaling_averages_the_covered_texels ... ok
rust	Format, check, lint and test	2026-10-08T15:35:03.3210790Z test materials::image::tests::downscaling_is_deterministic_and_never_leaves_a_stale_buffer ... ok
rust	Format, check, lint and test	2026-10-08T15:35:03.5352640Z test materials::image::tests::larger_panorama_decoding_is_exclusive_to_valid_skies ... ok
rust	Format, check, lint and test	2026-10-08T15:35:03.5458510Z test materials::image::tests::non_power_of_two_edges_keep_their_aspect_and_round_up ... ok
rust	Format, check, lint and test	2026-10-08T15:35:03.5571060Z test materials::image::tests::prefetch_is_identical_serial_and_parallel ... ok
rust	Format, check, lint and test	2026-10-08T15:35:03.5673410Z test materials::image::tests::retention_budget_preserves_under_budget_deduplication ... ok
rust	Format, check, lint and test	2026-10-08T15:35:03.5781740Z test materials::image::tests::retention_budget_releases_only_cache_ownership ... ok
rust	Format, check, lint and test	2026-10-08T15:35:03.5883810Z test materials::reflection::tests::a_zero_strength_material_never_reflects ... ok
rust	Format, check, lint and test	2026-10-08T15:35:03.5985150Z test materials::reflection::tests::mode_names_round_trip_case_insensitively ... ok
rust	Format, check, lint and test	2026-10-08T15:35:03.6086270Z test materials::reflection::tests::only_planar_needs_the_reflection_pass ... ok
rust	Format, check, lint and test	2026-10-08T15:35:03.6212970Z test materials::reflection::tests::sanitize_clamps_and_drops_non_finite_strengths ... ok
rust	Format, check, lint and test	2026-10-08T15:35:03.6314160Z test materials::reflection::tests::the_default_is_no_reflection ... ok
rust	Format, check, lint and test	2026-10-08T15:35:03.6415130Z test materials::response::tests::a_fully_matte_material_keeps_its_roughness ... ok
rust	Format, check, lint and test	2026-10-08T15:35:03.6516090Z test materials::response::tests::a_normal_map_alone_activates_the_response_without_a_sheen ... ok
rust	Format, check, lint and test	2026-10-08T15:35:03.6623130Z test materials::response::tests::a_sheen_alone_activates_the_response_without_a_normal_map ... ok
rust	Format, check, lint and test	2026-10-08T15:35:03.6725020Z test materials::response::tests::a_zero_opacity_blend_material_is_not_drawn_translucent ... ok
rust	Format, check, lint and test	2026-10-08T15:35:03.6775800Z test materials::response::tests::alpha_classification_separates_the_three_passes ... ok
rust	Format, check, lint and test	2026-10-08T15:35:03.6777090Z test materials::response::tests::alpha_mode_round_trips_through_its_names ... ok
rust	Format, check, lint and test	2026-10-08T15:35:03.6887270Z test materials::response::tests::alpha_sanitize_clamps_and_neutralises_nan ... ok
rust	Format, check, lint and test	2026-10-08T15:35:03.7019230Z test materials::response::tests::default_response_is_inactive_and_matches_the_flat_look ... ok
rust	Format, check, lint and test	2026-10-08T15:35:03.7120480Z test materials::response::tests::opaque_alpha_is_the_default_state ... ok
rust	Format, check, lint and test	2026-10-08T15:35:03.7197710Z test materials::response::tests::sanitize_clamps_every_field_and_neutralises_nan ... ok
rust	Format, check, lint and test	2026-10-08T15:35:03.7297930Z test materials::tests::a_material_without_response_fields_keeps_the_default_surface_look ... ok
rust	Format, check, lint and test	2026-10-08T15:35:03.7419360Z test materials::tests::a_normal_map_resolves_into_the_texture_table_at_its_authored_strength ... ok
rust	Format, check, lint and test	2026-10-08T15:35:03.7529810Z test materials::tests::a_normal_map_that_cannot_resolve_degrades_the_whole_material ... ok
rust	Format, check, lint and test	2026-10-08T15:35:03.7652140Z test materials::tests::a_shiny_material_is_not_a_mirror_without_a_reflection_mode ... ok
rust	Format, check, lint and test	2026-10-08T15:35:03.8959130Z test materials::tests::a_table_past_the_former_u16_material_boundary_keeps_indices_distinct ... ok
rust	Format, check, lint and test	2026-10-08T15:35:03.9663580Z test materials::tests::a_translucent_emissive_material_keeps_both_properties ... ok
rust	Format, check, lint and test	2026-10-08T15:35:04.0372730Z test materials::tests::alpha_modes_resolve_to_the_three_draw_passes ... ok
rust	Format, check, lint and test	2026-10-08T15:35:04.0472400Z test materials::tests::an_opacity_or_cutoff_without_a_mode_is_a_catalog_error ... ok
rust	Format, check, lint and test	2026-10-08T15:35:04.0573320Z test materials::tests::an_unknown_alpha_mode_is_rejected_by_name ... ok
rust	Format, check, lint and test	2026-10-08T15:35:04.0674880Z test materials::tests::cache_decodes_each_key_once_and_reuses_the_buffer ... ok
rust	Format, check, lint and test	2026-10-08T15:35:04.0774980Z test materials::tests::catalog_rejects_materials_with_dangling_or_non_png_textures ... ok
rust	Format, check, lint and test	2026-10-08T15:35:04.0875180Z test materials::tests::catalog_rejects_materials_without_a_texture_and_bad_material_metadata ... ok
rust	Format, check, lint and test	2026-10-08T15:35:04.0976920Z test materials::tests::decode_png_accepts_rgb_grayscale_palette_and_sixteen_bit_images ... ok
rust	Format, check, lint and test	2026-10-08T15:35:04.1077190Z test materials::tests::decode_png_round_trips_rgba_exactly ... ok
rust	Format, check, lint and test	2026-10-08T15:35:04.1278980Z test materials::tests::emissive_catalog_material_resolves_colour_intensity_and_shared_mask ... ok
rust	Format, check, lint and test	2026-10-08T15:35:04.1626190Z test materials::tests::emissive_material_without_a_mask_has_no_mask_index ... ok
rust	Format, check, lint and test	2026-10-08T15:35:04.1727540Z test materials::tests::every_shipped_material_resolves_to_a_png_texture ... ok
rust	Format, check, lint and test	2026-10-08T15:35:04.1828800Z test materials::tests::ice_traction_is_a_validated_material_property_separate_from_visual_response ... ok
rust	Format, check, lint and test	2026-10-08T15:35:04.1930260Z test materials::tests::malformed_and_truncated_pngs_are_errors_not_panics ... ok
rust	Format, check, lint and test	2026-10-08T15:35:04.2339850Z test materials::tests::material_id_in_the_wrong_type_is_reported ... ok
rust	Format, check, lint and test	2026-10-08T15:35:04.3105350Z test materials::tests::materials_without_emission_stay_non_emissive ... ok
rust	Format, check, lint and test	2026-10-08T15:35:04.3469960Z test materials::tests::missing_emissive_mask_falls_back_to_the_diagnostic_texture ... ok
rust	Format, check, lint and test	2026-10-08T15:35:04.3498260Z test materials::tests::missing_png_falls_back_to_the_diagnostic_and_names_both_ids ... ok
rust	Format, check, lint and test	2026-10-08T15:35:04.5722780Z test materials::tests::one_over_the_material_budget_is_rejected_by_name ... ok
rust	Format, check, lint and test	2026-10-08T15:35:04.5824460Z test materials::tests::opening_glass_materials_are_referenced_by_the_material_scan ... ok
rust	Format, check, lint and test	2026-10-08T15:35:04.5926210Z test materials::tests::oversized_pngs_are_rejected_with_a_clear_message ... ok
rust	Format, check, lint and test	2026-10-08T15:35:04.6129470Z test materials::tests::pack_material_emission_resolves_pack_local_and_catalog_masks ... ok
rust	Format, check, lint and test	2026-10-08T15:35:04.6232340Z test materials::tests::pack_material_ranges_are_checked_before_float_rounding ... ok
rust	Format, check, lint and test	2026-10-08T15:35:04.6332860Z test materials::tests::pack_material_without_a_texture_is_a_context_rich_error ... ok
rust	Format, check, lint and test	2026-10-08T15:35:04.6434410Z test materials::tests::pack_materials_accept_shine ... ok
rust	Format, check, lint and test	2026-10-08T15:35:04.6536520Z test materials::tests::pack_materials_can_author_ice_traction ... ok
rust	Format, check, lint and test	2026-10-08T15:35:04.6643640Z test materials::tests::pack_materials_may_author_response_and_alpha_fields ... ok
rust	Format, check, lint and test	2026-10-08T15:35:04.6845910Z test materials::tests::pack_materials_may_reuse_a_catalog_texture_or_name_a_missing_file ... ok
rust	Format, check, lint and test	2026-10-08T15:35:04.6948980Z test materials::tests::pack_materials_parse_both_shapes_and_decode_from_pack_bytes ... ok
rust	Format, check, lint and test	2026-10-08T15:35:04.7049260Z test materials::tests::pool_tiles_keep_a_restrained_visible_sheen ... ok
rust	Format, check, lint and test	2026-10-08T15:35:04.7106860Z test materials::tests::referenced_ids_are_deterministic_and_cover_faces_patches_and_regions ... ok
rust	Format, check, lint and test	2026-10-08T15:35:04.7208010Z test materials::tests::sheen_without_an_authored_glossiness_keeps_the_documented_default ... ok
rust	Format, check, lint and test	2026-10-08T15:35:04.7310360Z test materials::tests::shine_outside_the_unit_range_is_a_named_catalog_error ... ok
rust	Format, check, lint and test	2026-10-08T15:35:04.7431270Z test materials::tests::shine_resolves_to_its_inverse_roughness ... ok
rust	Format, check, lint and test	2026-10-08T15:35:04.8324070Z test materials::tests::shipped_materials_resolve_through_the_catalog ... ok
rust	Format, check, lint and test	2026-10-08T15:35:04.8924100Z test materials::tests::specular_strength_and_colour_are_the_product_the_shader_uploads ... ok
rust	Format, check, lint and test	2026-10-08T15:35:04.9025940Z test materials::tests::the_decoded_texture_budget_accepts_its_limit_and_rejects_one_over ... ok
rust	Format, check, lint and test	2026-10-08T15:35:04.9135290Z test materials::tests::the_level_material_cap_fits_the_widened_index_with_room_to_spare ... ok
rust	Format, check, lint and test	2026-10-08T15:35:05.1928360Z test materials::tests::the_shipped_glass_and_response_materials_resolve_with_their_pngs ... ok
rust	Format, check, lint and test	2026-10-08T15:35:05.2349930Z test materials::tests::two_materials_sharing_a_texture_share_one_resolved_texture ... ok
rust	Format, check, lint and test	2026-10-08T15:35:05.3083400Z test materials::tests::unknown_material_uses_the_diagnostic_texture_with_a_useful_error ... ok
rust	Format, check, lint and test	2026-10-08T15:35:05.3190050Z test nav::query::tests::navigation_rings_visit_each_in_grid_cell_once_in_the_existing_tie_order ... ok
rust	Format, check, lint and test	2026-10-08T15:35:05.3319000Z test nav::tests::a_flat_room_bakes_and_paths_straight ... ok
rust	Format, check, lint and test	2026-10-08T15:35:05.3419370Z test nav::tests::a_grid_beyond_the_cell_budget_is_rejected ... ok
rust	Format, check, lint and test	2026-10-08T15:35:05.3521740Z test nav::tests::a_staircase_connects_two_levels_and_a_cliff_does_not ... ok
rust	Format, check, lint and test	2026-10-08T15:35:05.3623820Z test nav::tests::a_walk_proxy_adds_a_surface_the_level_does_not_author ... ok
rust	Format, check, lint and test	2026-10-08T15:35:05.3731260Z test nav::tests::an_empty_level_bakes_an_empty_record ... ok
rust	Format, check, lint and test	2026-10-08T15:35:05.3832680Z test nav::tests::capture_demo_transition_class_matrix ... ignored, developer capture: Demo stair inventory
rust	Format, check, lint and test	2026-10-08T15:35:05.3934660Z test nav::tests::doors_block_unless_open_or_openable ... ok
rust	Format, check, lint and test	2026-10-08T15:35:05.4036840Z test nav::tests::headroom_and_narrow_passages_use_the_agent_body ... ok
rust	Format, check, lint and test	2026-10-08T15:35:05.4138840Z test nav::tests::huge_nearest_radius_finishes_after_the_grid_is_exhausted ... ok
rust	Format, check, lint and test	2026-10-08T15:35:05.4239650Z test nav::tests::nearest_never_snaps_through_a_wall_or_floor ... ok
rust	Format, check, lint and test	2026-10-08T15:35:05.4360820Z test nav::tests::parallel_and_serial_bakes_are_identical ... ok
rust	Format, check, lint and test	2026-10-08T15:35:05.4461580Z test nav::tests::region_labels_are_one_walkable_component_per_class ... ok
rust	Format, check, lint and test	2026-10-08T15:35:05.6376050Z test nav::tests::the_demo_bakes_three_classes_six_portals_and_the_frozen_grid ... ok
rust	Format, check, lint and test	2026-10-08T15:35:05.9247700Z test nav::tests::the_demo_home_staircase_connects_the_lower_floor_to_the_balcony_by_class ... ok
rust	Format, check, lint and test	2026-10-08T15:35:06.3630690Z test nav::tests::the_demo_office_steps_connect_the_hall_pool_hall_and_sauna_landing ... ok
rust	Format, check, lint and test	2026-10-08T15:35:06.7283170Z test nav::tests::the_demo_shower_sauna_door_gates_the_bay_to_sauna_route ... ok
rust	Format, check, lint and test	2026-10-08T15:35:07.0199790Z test nav::tests::the_demo_shower_steps_are_a_rat_negative_control_and_a_walker_route ... ok
rust	Format, check, lint and test	2026-10-08T15:35:07.3325650Z test nav::tests::the_demo_shower_steps_connect_the_pool_deck_to_the_bay ... ok
rust	Format, check, lint and test	2026-10-08T15:35:07.3428720Z test nav::tests::the_step_slope_relationship_is_consistent ... ok
rust	Format, check, lint and test	2026-10-08T15:35:07.3530650Z test package::collision::tests::from_compiled_matches_from_level ... ok
rust	Format, check, lint and test	2026-10-08T15:35:07.3632040Z test package::collision::tests::rejects_a_truncated_record ... ok
rust	Format, check, lint and test	2026-10-08T15:35:07.3734920Z test package::collision::tests::rejects_a_zero_sized_ramp ... ok
rust	Format, check, lint and test	2026-10-08T15:35:07.3837550Z test package::collision::tests::rejects_inverted_wall_bounds ... ok
rust	Format, check, lint and test	2026-10-08T15:35:07.3940420Z test package::collision::tests::rejects_non_finite_wall_values ... ok
rust	Format, check, lint and test	2026-10-08T15:35:07.4042380Z test package::collision::tests::rejects_out_of_range_counts ... ok
rust	Format, check, lint and test	2026-10-08T15:35:07.4144600Z test package::collision::tests::rejects_the_wrong_magic_and_version ... ok
rust	Format, check, lint and test	2026-10-08T15:35:07.4270840Z test package::collision::tests::rejects_trailing_bytes ... ok
rust	Format, check, lint and test	2026-10-08T15:35:07.4372750Z test package::collision::tests::round_trips_a_circular_water_volume ... ok
rust	Format, check, lint and test	2026-10-08T15:35:07.4475540Z test package::collision::tests::round_trips_every_static_section ... ok
rust	Format, check, lint and test	2026-10-08T15:35:07.4579750Z test package::lightmaps::tests::a_round_trip_preserves_hdr_texels_and_switchable_groups ... ok
rust	Format, check, lint and test	2026-10-08T15:35:07.4636190Z test package::lightmaps::tests::a_version_2_lightmap_record_is_rejected ... ok
rust	Format, check, lint and test	2026-10-08T15:35:07.4760380Z test package::manifest::tests::an_absent_probe_level_field_reads_as_one_level ... ok
rust	Format, check, lint and test	2026-10-08T15:35:07.4861520Z test package::manifest::tests::probe_levels_are_bounded_by_the_edge_and_the_packaging_cap ... ok
rust	Format, check, lint and test	2026-10-08T15:35:07.4975710Z test package::navigation::tests::rejects_a_cell_referencing_an_unknown_portal ... ok
rust	Format, check, lint and test	2026-10-08T15:35:07.5077100Z test package::navigation::tests::rejects_a_class_with_a_bad_profile ... ok
rust	Format, check, lint and test	2026-10-08T15:35:07.5178800Z test package::navigation::tests::rejects_a_mask_of_the_wrong_length ... ok
rust	Format, check, lint and test	2026-10-08T15:35:07.5285180Z test package::navigation::tests::rejects_a_walkable_cell_without_a_surface ... ok
rust	Format, check, lint and test	2026-10-08T15:35:07.5388760Z test package::navigation::tests::rejects_the_wrong_magic_and_version ... ok
rust	Format, check, lint and test	2026-10-08T15:35:07.5503430Z test package::navigation::tests::rejects_truncation_and_trailing_bytes ... ok
rust	Format, check, lint and test	2026-10-08T15:35:07.5604160Z test package::navigation::tests::round_trips_every_section ... ok
rust	Format, check, lint and test	2026-10-08T15:35:07.5674670Z test package::props::legacy_tests::legacy_prop_records_default_to_static_casters ... ok
rust	Format, check, lint and test	2026-10-08T15:35:07.5675680Z test package::props::legacy_tests::legacy_v3_submesh_keeps_alpha_emission_and_explicit_matte_response ... ok
rust	Format, check, lint and test	2026-10-08T15:35:07.5778080Z test package::props::legacy_tests::static_caster_metadata_round_trips_and_rejects_invalid_markers ... ok
rust	Format, check, lint and test	2026-10-08T15:35:07.5880160Z test package::tests::a_mesh_material_past_the_former_u16_boundary_round_trips ... ok
rust	Format, check, lint and test	2026-10-08T15:35:09.7568670Z test package::tests::archive_publication_is_atomic_and_deterministic_for_collections ... ok
rust	Format, check, lint and test	2026-10-08T15:35:09.7668590Z test package::tests::archive_publication_never_follows_a_temporary_symlink ... ok
rust	Format, check, lint and test	2026-10-08T15:35:09.7768850Z test package::tests::archive_publication_preserves_a_preexisting_temporary_file ... ok
rust	Format, check, lint and test	2026-10-08T15:35:09.7869860Z test package::tests::archives_round_trip_deterministically_and_reject_traversal ... ok
rust	Format, check, lint and test	2026-10-08T15:35:09.7970220Z test package::tests::binary_primitives_round_trip_and_reject_truncation ... ok
rust	Format, check, lint and test	2026-10-08T15:35:10.0356230Z test package::tests::compiler_builds_validates_reuses_and_keeps_failed_outputs ... ok
rust	Format, check, lint and test	2026-10-08T15:35:10.2708730Z test package::tests::compiler_rebuilds_a_corrupted_package_and_keeps_inputs_read_only ... ok
rust	Format, check, lint and test	2026-10-08T15:35:10.2819060Z test package::tests::f16_bit_conversion_handles_boundary_values ... ok
rust	Format, check, lint and test	2026-10-08T15:35:10.2932860Z test package::tests::f16_round_trip_is_stable_across_a_value_sweep ... ok
rust	Format, check, lint and test	2026-10-08T15:35:10.3034440Z test package::tests::ktx2_rejects_unsupported_subset_violations ... ok
rust	Format, check, lint and test	2026-10-08T15:35:10.3136040Z test package::tests::ktx2_round_trips_a_2d_array_and_a_cube ... ok
rust	Format, check, lint and test	2026-10-08T15:35:10.3237170Z test package::tests::ktx2_round_trips_an_rgba8_cube_with_mip_chain ... ok
rust	Format, check, lint and test	2026-10-08T15:35:10.3338450Z test package::tests::ktx2_round_trips_rgba16f_arrays ... ok
rust	Format, check, lint and test	2026-10-08T15:35:10.5495470Z test package::tests::lighting_records_round_trip_sample_for_sample ... ok
rust	Format, check, lint and test	2026-10-08T15:35:10.9430190Z test package::tests::lightmap_records_round_trip_charts_and_pages ... ok
rust	Format, check, lint and test	2026-10-08T15:35:10.9535230Z test package::tests::manifests_reject_wrong_versions_capabilities_and_shapes ... ok
rust	Format, check, lint and test	2026-10-08T15:35:10.9636450Z test package::tests::mesh_records_round_trip_and_reject_malformed_input ... ok
rust	Format, check, lint and test	2026-10-08T15:35:10.9757050Z test package::tests::one_planar_material_on_two_floor_levels_keeps_both_routes ... ok
rust	Format, check, lint and test	2026-10-08T15:35:10.9858070Z test package::tests::probe_captures_are_required_when_the_geometry_routes_probes ... ok
rust	Format, check, lint and test	2026-10-08T15:35:10.9976080Z test package::tests::prop_records_round_trip_every_alpha_mode ... ok
rust	Format, check, lint and test	2026-10-08T15:35:11.0077250Z test package::tests::prop_records_round_trip_with_textures_reattached_at_load ... ok
rust	Format, check, lint and test	2026-10-08T15:35:11.0178860Z test package::tests::the_mesh_material_budget_mirrors_the_level_budget ... ok
rust	Format, check, lint and test	2026-10-08T15:35:11.0280340Z test package::world::tests::a_level_count_mismatch_is_refused ... ok
rust	Format, check, lint and test	2026-10-08T15:35:11.0336630Z test package::world::tests::a_multi_level_cube_splits_into_its_whole_chain ... ok
rust	Format, check, lint and test	2026-10-08T15:35:11.0345840Z test package::world::tests::a_positions_record_must_match_its_payload ... ok
rust	Format, check, lint and test	2026-10-08T15:35:11.0362210Z test package::world::tests::a_version_one_positions_record_is_refused ... ok
rust	Format, check, lint and test	2026-10-08T15:35:11.0362840Z test package::world::tests::a_wrong_level_byte_length_is_refused ... ok
rust	Format, check, lint and test	2026-10-08T15:35:11.0363380Z test package::world::tests::irradiance_labels_must_reference_a_packaged_room ... ok
rust	Format, check, lint and test	2026-10-08T15:35:11.0400640Z test package::world::tests::legacy_display_probe_decodes_rgb_once_and_keeps_numeric_alpha ... ok
rust	Format, check, lint and test	2026-10-08T15:35:11.0401330Z test package::world::tests::selected_probe_source_ids_must_reference_packaged_lighting ... ok
rust	Format, check, lint and test	2026-10-08T15:35:11.0401900Z test perf::actions::tests::script_validation_is_bounded_and_strict ... ok
rust	Format, check, lint and test	2026-10-08T15:35:11.0402490Z test perf::tests::devfreq_load_rejects_non_finite_counters_and_bounds_large_ratios ... ok
rust	Format, check, lint and test	2026-10-08T15:35:11.0403080Z test perf::tests::test_calculate_cpu_percentage ... ok
rust	Format, check, lint and test	2026-10-08T15:35:11.0403910Z test perf::tests::test_gpu_sampler_never_uses_clock_frequency ... ok
rust	Format, check, lint and test	2026-10-08T15:35:11.0419070Z test perf::tests::test_parse_debugfs_utilization ... ok
rust	Format, check, lint and test	2026-10-08T15:35:11.0422230Z test perf::tests::test_parse_devfreq_load ... ok
rust	Format, check, lint and test	2026-10-08T15:35:11.0422630Z test perf::tests::test_parse_drm_busy_percent ... ok
rust	Format, check, lint and test	2026-10-08T15:35:11.0423020Z test perf::tests::test_parse_proc_stat_valid ... ok
rust	Format, check, lint and test	2026-10-08T15:35:11.0523760Z test perf::tests::test_perf_overlay_defaults_and_toggle ... ok
rust	Format, check, lint and test	2026-10-08T15:35:11.0626240Z test perf::tests::test_perf_overlay_text_format_and_caching ... ok
rust	Format, check, lint and test	2026-10-08T15:35:11.0744570Z test perf::tests::test_sample_gpu_from_paths_with_mock_devfreq_load ... ok
rust	Format, check, lint and test	2026-10-08T15:35:11.0847820Z test perf::tests::test_startup_timeline_accumulates_deltas_and_reports_once ... ok
rust	Format, check, lint and test	2026-10-08T15:35:11.0955590Z test perf::tests::test_startup_timeline_capacity_is_bounded ... ok
rust	Format, check, lint and test	2026-10-08T15:35:11.1076950Z test props::tests::a_missing_model_is_reported_once_and_never_retried ... ok
rust	Format, check, lint and test	2026-10-08T15:35:11.1179700Z test props::tests::a_native_256_prop_texture_is_unremarkable ... ok
rust	Format, check, lint and test	2026-10-08T15:35:11.1288860Z test props::tests::a_normal_256_collection_fits_the_desktop_pack_budget_with_headroom ... ok
rust	Format, check, lint and test	2026-10-08T15:35:11.1401440Z test props::tests::a_pathological_texture_pack_is_still_rejected ... ok
rust	Format, check, lint and test	2026-10-08T15:35:11.1503840Z test props::tests::art_budget_warnings_name_the_broken_budget_and_never_fail_a_load ... ok
rust	Format, check, lint and test	2026-10-08T15:35:11.1629750Z test props::tests::assets_are_shared_between_instances ... ok
rust	Format, check, lint and test	2026-10-08T15:35:11.1791970Z test props::tests::shipped_prop_assets_match_the_catalogue_and_budgets ... ok
rust	Format, check, lint and test	2026-10-08T15:35:11.1912660Z test props::tests::texture_bytes_sums_every_texture_in_the_model ... ok
rust	Format, check, lint and test	2026-10-08T15:35:11.2013860Z test quality::tests::a_failed_request_is_held_until_the_request_changes ... ok
rust	Format, check, lint and test	2026-10-08T15:35:11.2115310Z test quality::tests::a_prop_sheet_is_smaller_than_a_surface_sheet_under_every_level ... ok
rust	Format, check, lint and test	2026-10-08T15:35:11.2217510Z test quality::tests::a_stale_install_never_wins_over_a_newer_selection ... ok
rust	Format, check, lint and test	2026-10-08T15:35:11.2320090Z test quality::tests::advanced_quality_names_labels_and_parse_round_trip ... ok
rust	Format, check, lint and test	2026-10-08T15:35:11.2421300Z test quality::tests::an_image_already_within_budget_is_never_copied ... ok
rust	Format, check, lint and test	2026-10-08T15:35:11.2543750Z test quality::tests::budgets_are_power_of_two_so_downscaling_is_a_clean_halving_chain ... ok
rust	Format, check, lint and test	2026-10-08T15:35:11.2645670Z test quality::tests::every_graphics_spec_names_its_expected_configuration ... ok
rust	Format, check, lint and test	2026-10-08T15:35:11.2741140Z test quality::tests::every_quality_transition_is_scheduled ... ok
rust	Format, check, lint and test	2026-10-08T15:35:11.2747470Z test quality::tests::fitting_is_deterministic_for_the_same_input ... ok
rust	Format, check, lint and test	2026-10-08T15:35:11.2747910Z test quality::tests::high_and_medium_keep_a_native_256_prop_texture_exactly ... ok
rust	Format, check, lint and test	2026-10-08T15:35:11.2748350Z test quality::tests::high_uploads_a_shipped_surface_sheet_exactly_as_decoded ... ok
rust	Format, check, lint and test	2026-10-08T15:35:11.2748800Z test quality::tests::lightmap_configs_are_the_documented_low_medium_high_values ... ok
rust	Format, check, lint and test	2026-10-08T15:35:11.2749280Z test quality::tests::lightmap_quality_bakes_match_the_validated_configurations ... ok
rust	Format, check, lint and test	2026-10-08T15:35:11.2749700Z test quality::tests::low_and_high_delegate_to_the_validated_profiles ... ok
rust	Format, check, lint and test	2026-10-08T15:35:11.2750120Z test quality::tests::low_halves_a_native_prop_texture_to_the_documented_budget ... ok
rust	Format, check, lint and test	2026-10-08T15:35:11.2750540Z test quality::tests::low_quarters_the_same_sheet_to_the_documented_budget ... ok
rust	Format, check, lint and test	2026-10-08T15:35:11.2750930Z test quality::tests::medium_budgets_are_the_documented_intermediate ... ok
rust	Format, check, lint and test	2026-10-08T15:35:11.2883180Z test quality::tests::medium_halves_the_same_sheet_to_the_documented_budget ... ok
rust	Format, check, lint and test	2026-10-08T15:35:11.2990280Z test quality::tests::names_round_trip_and_parse_is_forgiving_about_case ... ok
rust	Format, check, lint and test	2026-10-08T15:35:11.3091640Z test quality::tests::only_low_reserves_the_optional_feature_hook ... ok
rust	Format, check, lint and test	2026-10-08T15:35:11.3193440Z test quality::tests::reflection_quality_gates_are_exact ... ok
rust	Format, check, lint and test	2026-10-08T15:35:11.3295820Z test quality::tests::repeated_quality_cycles_end_settled_at_the_last_selection ... ok
rust	Format, check, lint and test	2026-10-08T15:35:11.3397560Z test quality::tests::returning_to_the_resident_configuration_cancels_a_stale_install ... ok
rust	Format, check, lint and test	2026-10-08T15:35:11.3498500Z test quality::tests::shadow_quality_scales_with_the_level ... ok
rust	Format, check, lint and test	2026-10-08T15:35:11.3599360Z test quality::tests::surface_response_is_drawn_except_on_low ... ok
rust	Format, check, lint and test	2026-10-08T15:35:11.3866180Z test quality::tests::switching_levels_changes_every_derived_decision ... ok
rust	Format, check, lint and test	2026-10-08T15:35:11.3869330Z test quality::tests::the_advanced_preset_table_is_exact ... ok
rust	Format, check, lint and test	2026-10-08T15:35:11.3874660Z test quality::tests::the_default_level_is_high ... ok
rust	Format, check, lint and test	2026-10-08T15:35:11.3878680Z test quality::tests::the_profile_mapping_is_the_content_key_boundary ... ok
rust	Format, check, lint and test	2026-10-08T15:35:11.5037560Z test render::boundary_tests::engine_modules_do_not_import_a_renderer_backend ... ok
rust	Format, check, lint and test	2026-10-08T15:35:11.5173660Z test render::boundary_tests::only_the_wgpu_backend_and_facade_name_wgpu ... ok
rust	Format, check, lint and test	2026-10-08T15:35:11.5275490Z test render::boundary_tests::the_engine_bootstrap_owns_no_platform_gpu_calls ... ok
rust	Format, check, lint and test	2026-10-08T15:35:11.5380710Z test render::boundary_tests::the_neutral_layer_does_not_depend_on_the_backend ... ok
rust	Format, check, lint and test	2026-10-08T15:35:11.5482510Z test render::boundary_tests::the_player_never_invokes_static_preparation ... ok
rust	Format, check, lint and test	2026-10-08T15:35:11.5583230Z test render::common::animation::tests::a_flicker_is_at_rest_most_of_the_time ... ok
rust	Format, check, lint and test	2026-10-08T15:35:11.5683930Z test render::common::animation::tests::a_non_finite_time_is_the_identity ... ok
rust	Format, check, lint and test	2026-10-08T15:35:11.5784730Z test render::common::animation::tests::a_pulse_is_a_slow_breath_and_is_not_always_dim ... ok
rust	Format, check, lint and test	2026-10-08T15:35:11.5880970Z test render::common::animation::tests::an_animation_stays_within_its_bounds ... ok
rust	Format, check, lint and test	2026-10-08T15:35:11.5981790Z test render::common::animation::tests::both_effects_start_at_full_brightness ... ok
rust	Format, check, lint and test	2026-10-08T15:35:11.6082700Z test render::common::animation::tests::effect_names_round_trip ... ok
rust	Format, check, lint and test	2026-10-08T15:35:11.6184250Z test render::common::animation::tests::no_animation_is_exactly_the_identity ... ok
rust	Format, check, lint and test	2026-10-08T15:35:11.6287360Z test render::common::animation::tests::sanitize_clamps_every_field ... ok
rust	Format, check, lint and test	2026-10-08T15:35:14.7787050Z test render::common::api::tests::a_bake_settings_change_is_a_new_cache_entry ... ok
rust	Format, check, lint and test	2026-10-08T15:35:16.5353560Z test render::common::api::tests::a_cached_atlas_activates_without_a_fill ... ok
rust	Format, check, lint and test	2026-10-08T15:35:16.5454970Z test render::common::api::tests::a_cancelled_fill_reports_cancelled_not_a_failure ... ok
rust	Format, check, lint and test	2026-10-08T15:35:20.3516990Z test render::common::api::tests::a_worker_fill_is_byte_identical_to_the_inline_fill ... ok
rust	Format, check, lint and test	2026-10-08T15:35:20.3629490Z test render::common::api::tests::failed_atlas_plan_rebuilds_fully_lit_static_props ... ok
rust	Format, check, lint and test	2026-10-08T15:35:20.3729960Z test render::common::api::tests::invalid_chart_layouts_are_rejected_by_the_fill ... ok
rust	Format, check, lint and test	2026-10-08T15:35:20.3833680Z test render::common::api::tests::the_fill_request_is_send_and_sync ... ok
rust	Format, check, lint and test	2026-10-08T15:35:20.3935080Z test render::common::api::tests::the_lightmap_setting_owns_the_build_configuration ... ok
rust	Format, check, lint and test	2026-10-08T15:35:20.4036790Z test render::common::api::tests::the_renderer_vertex_lit_entry_point_is_quality_independent ... ok
rust	Format, check, lint and test	2026-10-08T15:35:20.4138160Z test render::common::api::tests::the_transition_status_is_idle_by_default ... ok
rust	Format, check, lint and test	2026-10-08T15:35:27.6430760Z test render::common::api::tests::transport_workers_match_serial_and_handle_cancellation ... ok
rust	Format, check, lint and test	2026-10-08T15:35:27.6532030Z test render::common::architecture::tests::guardrail_posts_are_even_and_never_crowded ... ok
rust	Format, check, lint and test	2026-10-08T15:35:27.6633990Z test render::common::atmosphere::tests::a_preset_change_only_changes_the_uploaded_count ... ok
rust	Format, check, lint and test	2026-10-08T15:35:27.6735420Z test render::common::atmosphere::tests::a_region_contributes_only_inside_its_own_bounds ... ok
rust	Format, check, lint and test	2026-10-08T15:35:27.6836620Z test render::common::atmosphere::tests::a_zero_density_fog_is_exactly_off ... ok
rust	Format, check, lint and test	2026-10-08T15:35:27.6950730Z test render::common::atmosphere::tests::a_zero_global_density_with_regions_still_mixes_the_layer ... ok
rust	Format, check, lint and test	2026-10-08T15:35:27.7052060Z test render::common::atmosphere::tests::regions_never_sum_and_ties_keep_the_lowest_authoring_index ... ok
rust	Format, check, lint and test	2026-10-08T15:35:27.7153800Z test render::common::atmosphere::tests::resolution_fills_omitted_fields_from_the_global_atmosphere ... ok
rust	Format, check, lint and test	2026-10-08T15:35:27.7256670Z test render::common::atmosphere::tests::the_amount_is_bounded_for_extreme_inputs ... ok
rust	Format, check, lint and test	2026-10-08T15:35:27.7358400Z test render::common::atmosphere::tests::the_ground_layer_fades_to_zero_at_the_top ... ok
rust	Format, check, lint and test	2026-10-08T15:35:27.7460860Z test render::common::atmosphere::tests::the_height_term_only_ever_thickens_the_air ... ok
rust	Format, check, lint and test	2026-10-08T15:35:27.7562200Z test render::common::atmosphere::tests::the_horizontal_edge_ramps_inside_the_box_and_zero_is_hard ... ok
rust	Format, check, lint and test	2026-10-08T15:35:27.7683810Z test render::common::atmosphere::tests::the_quality_presets_upload_two_eight_and_sixteen_regions ... ok
rust	Format, check, lint and test	2026-10-08T15:35:27.7788330Z test render::common::atmosphere::tests::the_shipped_fog_is_invisible_up_close_and_subtle_far_away ... ok
rust	Format, check, lint and test	2026-10-08T15:35:27.7889090Z test render::common::character::tests::a_clipped_rig_maps_states_to_clips_by_name ... ok
rust	Format, check, lint and test	2026-10-08T15:35:27.7990290Z test render::common::character::tests::a_frame_opacity_and_glow_drive_the_attached_light_set ... ok
rust	Format, check, lint and test	2026-10-08T15:35:27.8091310Z test render::common::character::tests::a_named_node_resolves_case_insensitively_from_the_current_pose ... ok
rust	Format, check, lint and test	2026-10-08T15:35:27.8206400Z test render::common::character::tests::a_one_shot_holds_its_last_pose_while_the_next_cue_fades_in ... ok
rust	Format, check, lint and test	2026-10-08T15:35:27.8307600Z test render::common::character::tests::a_runtime_character_spawns_from_a_catalogue_model_and_animates ... ok
rust	Format, check, lint and test	2026-10-08T15:35:27.8407900Z test render::common::character::tests::a_runtime_placement_matches_the_placed_prop_composition ... ok
rust	Format, check, lint and test	2026-10-08T15:35:27.8509000Z test render::common::character::tests::a_runtime_spawn_refuses_unusable_models_and_placements ... ok
rust	Format, check, lint and test	2026-10-08T15:35:27.8609000Z test render::common::character::tests::a_runtime_spawn_replaces_a_live_instance_id ... ok
rust	Format, check, lint and test	2026-10-08T15:35:27.8731020Z test render::common::character::tests::a_skinned_vertex_follows_its_joint_delta ... ok
rust	Format, check, lint and test	2026-10-08T15:35:27.8832340Z test render::common::character::tests::a_state_change_crossfades_between_clips ... ok
rust	Format, check, lint and test	2026-10-08T15:35:27.8932510Z test render::common::character::tests::a_walk_cue_uses_a_declared_locomotion_kind_when_no_walk_clip_exists ... ok
rust	Format, check, lint and test	2026-10-08T15:35:27.9033120Z test render::common::character::tests::a_walk_cue_uses_declared_reference_speeds_and_prefers_run ... ok
rust	Format, check, lint and test	2026-10-08T15:35:27.9133880Z test render::common::character::tests::an_unclassifiable_rig_stays_at_rest ... ok
rust	Format, check, lint and test	2026-10-08T15:35:27.9234430Z test render::common::character::tests::bounds_centre_is_transformed_to_world_space_exactly_once ... ok
rust	Format, check, lint and test	2026-10-08T15:35:27.9335260Z test render::common::character::tests::character_lighting_matches_rigid_models_and_refreshes_after_movement_and_quality_changes ... ok
rust	Format, check, lint and test	2026-10-08T15:35:27.9436580Z test render::common::character::tests::clip_sampling_interpolates_linearly_and_holds_step_keys ... ok
rust	Format, check, lint and test	2026-10-08T15:35:27.9536750Z test render::common::character::tests::cubic_spline_sampling_hits_endpoints_tangents_and_midpoints ... ok
rust	Format, check, lint and test	2026-10-08T15:35:27.9637380Z test render::common::character::tests::cue_completion_does_not_leak_and_can_restart ... ok
rust	Format, check, lint and test	2026-10-08T15:35:27.9738740Z test render::common::character::tests::explicit_clips_hold_once_pause_and_resume ... ok
rust	Format, check, lint and test	2026-10-08T15:35:27.9839870Z test render::common::character::tests::linear_rotation_keys_take_the_shortest_arc ... ok
rust	Format, check, lint and test	2026-10-08T15:35:27.9940980Z test render::common::character::tests::morph_weight_channels_animate_the_target_weights ... ok
rust	Format, check, lint and test	2026-10-08T15:35:28.0042170Z test render::common::character::tests::phase_advances_only_with_speed ... ok
rust	Format, check, lint and test	2026-10-08T15:35:28.0143400Z test render::common::character::tests::runtime_characters_move_despawn_and_bump_the_generation ... ok
rust	Format, check, lint and test	2026-10-08T15:35:28.0244510Z test render::common::character::tests::skinned_normals_follow_the_inverse_transpose_of_the_weighted_pose ... ok
rust	Format, check, lint and test	2026-10-08T15:35:28.0345610Z test render::common::character::tests::state_weights_converge_without_resetting ... ok
rust	Format, check, lint and test	2026-10-08T15:35:28.0446650Z test render::common::character::tests::switching_states_keeps_matrices_finite_and_rigid ... ok
rust	Format, check, lint and test	2026-10-08T15:35:28.0555930Z test render::common::character::tests::the_character_budget_is_shared_across_placed_and_runtime ... ok
rust	Format, check, lint and test	2026-10-08T15:35:28.0657010Z test render::common::character::tests::the_pose_is_frame_rate_independent ... ok
rust	Format, check, lint and test	2026-10-08T15:35:28.0758530Z test render::common::character::tests::updating_never_reallocates_the_pose_buffers ... ok
rust	Format, check, lint and test	2026-10-08T15:35:28.0868820Z test render::common::doors::tests::a_sauna_door_adds_a_blended_glass_slot ... ok
rust	Format, check, lint and test	2026-10-08T15:35:28.0997290Z test render::common::doors::tests::a_small_leaf_still_builds_a_closed_slab ... ok
rust	Format, check, lint and test	2026-10-08T15:35:28.1115730Z test render::common::doors::tests::a_wall_depth_frame_puts_a_casing_on_both_faces ... ok
rust	Format, check, lint and test	2026-10-08T15:35:28.2356730Z test render::common::doors::tests::an_interior_door_builds_a_frame_and_a_leaf ... ok
rust	Format, check, lint and test	2026-10-08T15:35:28.3920080Z test render::common::doors::tests::every_submesh_samples_its_own_material_slot ... ok
rust	Format, check, lint and test	2026-10-08T15:35:28.5527070Z test render::common::doors::tests::no_two_frame_faces_share_a_plane ... ok
rust	Format, check, lint and test	2026-10-08T15:35:28.7207880Z test render::common::doors::tests::the_leaf_bakes_face_shades_into_its_vertices ... ok
rust	Format, check, lint and test	2026-10-08T15:35:28.7314710Z test render::common::dynamic::tests::a_dynamic_mesh_keeps_model_space_vertices_and_albedo_colours ... ok
rust	Format, check, lint and test	2026-10-08T15:35:28.7434820Z test render::common::dynamic::tests::a_floating_duck_spawns_at_the_water_surface_at_rest ... ok
rust	Format, check, lint and test	2026-10-08T15:35:28.7564290Z test render::common::dynamic::tests::a_floating_ducks_pose_stays_inside_its_envelope_all_cycle ... ok
rust	Format, check, lint and test	2026-10-08T15:35:28.7668870Z test render::common::dynamic::tests::a_level_that_places_a_model_statically_does_not_re_decode_it_for_dynamics ... ok
rust	Format, check, lint and test	2026-10-08T15:35:28.7789620Z test render::common::dynamic::tests::a_level_with_no_machine_spawns_nothing ... ok
rust	Format, check, lint and test	2026-10-08T15:35:28.7903860Z test render::common::dynamic::tests::a_level_without_floats_spawns_none ... ok
rust	Format, check, lint and test	2026-10-08T15:35:28.8012410Z test render::common::dynamic::tests::a_light_probe_tracks_small_movement_and_stays_stable_when_stationary ... ok
rust	Format, check, lint and test	2026-10-08T15:35:28.8128390Z test render::common::dynamic::tests::a_model_with_nothing_drawable_never_spawns ... ok
rust	Format, check, lint and test	2026-10-08T15:35:28.8252990Z test render::common::dynamic::tests::a_non_finite_clock_is_read_as_zero ... ok
rust	Format, check, lint and test	2026-10-08T15:35:28.8369230Z test render::common::dynamic::tests::a_probe_is_baked_light_and_never_allows_black_or_overbright ... ok
rust	Format, check, lint and test	2026-10-08T15:35:28.8470990Z test render::common::dynamic::tests::a_transform_is_translation_yaw_then_uniform_scale ... ok
rust	Format, check, lint and test	2026-10-08T15:35:28.8471870Z test render::common::dynamic::tests::an_emissive_dynamic_object_routes_emission_independently_of_light ... ok
rust	Format, check, lint and test	2026-10-08T15:35:28.8573170Z test render::common::dynamic::tests::an_oriented_spawn_pitches_and_spins_about_the_named_axis ... ok
rust	Format, check, lint and test	2026-10-08T15:35:28.8674520Z test render::common::dynamic::tests::clearing_and_respawning_floats_is_idempotent ... ok
rust	Format, check, lint and test	2026-10-08T15:35:28.8775940Z test render::common::dynamic::tests::distinct_mesh_budget_is_enforced_and_meshes_stay_registered ... ok
rust	Format, check, lint and test	2026-10-08T15:35:28.8877430Z test render::common::dynamic::tests::model_space_normals_and_scalar_response_survive_dynamic_upload_input ... ok
rust	Format, check, lint and test	2026-10-08T15:35:28.8978770Z test render::common::dynamic::tests::set_transform_updates_only_the_named_object ... ok
rust	Format, check, lint and test	2026-10-08T15:35:28.9080200Z test render::common::dynamic::tests::spawn_is_bounded_deterministic_and_ordered ... ok
rust	Format, check, lint and test	2026-10-08T15:35:28.9182090Z test render::common::dynamic::tests::spawning_two_objects_of_one_model_shares_one_mesh ... ok
rust	Format, check, lint and test	2026-10-08T15:35:28.9283630Z test render::common::dynamic::tests::spinning_advances_the_default_yaw_and_wraps_deterministically ... ok
rust	Format, check, lint and test	2026-10-08T15:35:28.9385110Z test render::common::dynamic::tests::stationary_models_follow_replaced_fields_and_low_medium_high_cycles ... ok
rust	Format, check, lint and test	2026-10-08T15:35:28.9486510Z test render::common::dynamic::tests::the_demo_drum_spins_inside_a_stationary_machine_body ... ok
rust	Format, check, lint and test	2026-10-08T15:35:28.9587830Z test render::common::dynamic::tests::the_demo_follows_a_rotated_machine ... ok
rust	Format, check, lint and test	2026-10-08T15:35:28.9689240Z test render::common::dynamic::tests::the_demo_places_the_drum_inside_the_machines_cavity ... ok
rust	Format, check, lint and test	2026-10-08T15:35:28.9790950Z test render::common::dynamic::tests::the_demo_scales_the_drum_with_the_machine ... ok
rust	Format, check, lint and test	2026-10-08T15:35:28.9892970Z test render::common::dynamic::tests::the_demo_scene_draws_one_call_per_primitive_and_never_touches_static_geometry ... ok
rust	Format, check, lint and test	2026-10-08T15:35:28.9995340Z test render::common::dynamic::tests::two_floats_with_different_phases_bob_independently ... ok
rust	Format, check, lint and test	2026-10-08T15:35:29.0096820Z test render::common::dynamic_lights::tests::grounding_follows_actual_bounds_floor_and_source_direction ... ok
rust	Format, check, lint and test	2026-10-08T15:35:29.0202840Z test render::common::dynamic_lights::tests::ill_formed_values_are_refused_without_touching_the_set ... ok
rust	Format, check, lint and test	2026-10-08T15:35:29.0304450Z test render::common::dynamic_lights::tests::practical_selection_is_stable_bounded_and_excludes_switchable_sources ... ok
rust	Format, check, lint and test	2026-10-08T15:35:29.0406290Z test render::common::dynamic_lights::tests::replacement_keeps_insertion_order_and_removal_shifts_it ... ok
rust	Format, check, lint and test	2026-10-08T15:35:29.0508650Z test render::common::dynamic_lights::tests::the_budget_refuses_new_keys_and_keeps_replacements ... ok
rust	Format, check, lint and test	2026-10-08T15:35:29.0610540Z test render::common::dynamic_lights::tests::zero_intensity_and_zero_frame_lights_are_storable_but_removable ... ok
rust	Format, check, lint and test	2026-10-08T15:35:29.0712490Z test render::common::dynamic_visibility::tests::alpha_geometry_and_shared_mesh_instances_preserve_throughput ... ok
rust	Format, check, lint and test	2026-10-08T15:35:29.0814340Z test render::common::dynamic_visibility::tests::motion_changes_visibility_without_rebuilding_meshes_or_self_blocking ... ok
rust	Format, check, lint and test	2026-10-08T15:35:29.0917190Z test render::common::dynamic_visibility::tests::neighbor_motion_invalidates_stationary_receiver_support_without_ambient_rescue ... ok
rust	Format, check, lint and test	2026-10-08T15:35:29.1018750Z test render::common::effects::tests::a_degenerate_emitter_never_produces_nan ... ok
rust	Format, check, lint and test	2026-10-08T15:35:29.1120790Z test render::common::effects::tests::a_disabled_emitter_draws_nothing_and_re_enables_at_the_live_clock ... ok
rust	Format, check, lint and test	2026-10-08T15:35:29.1242910Z test render::common::effects::tests::a_fully_transparent_material_produces_invisible_particles ... ok
rust	Format, check, lint and test	2026-10-08T15:35:29.1344750Z test render::common::effects::tests::a_table_without_decoded_images_skips_emitters_instead_of_drawing_them ... ok
rust	Format, check, lint and test	2026-10-08T15:35:29.1446290Z test render::common::effects::tests::alpha_fades_to_zero_at_both_ends_of_the_life ... ok
rust	Format, check, lint and test	2026-10-08T15:35:29.1608480Z test render::common::effects::tests::an_empty_level_produces_nothing ... ok
rust	Format, check, lint and test	2026-10-08T15:35:29.2458310Z test render::common::effects::tests::an_unvalidated_level_still_stays_inside_the_budget ... ok
rust	Format, check, lint and test	2026-10-08T15:35:29.3305840Z test render::common::effects::tests::clear_and_clear_all_release_their_lists ... ok
rust	Format, check, lint and test	2026-10-08T15:35:29.4164140Z test render::common::effects::tests::different_particles_do_not_share_a_phase ... ok
rust	Format, check, lint and test	2026-10-08T15:35:29.5921640Z test render::common::effects::tests::distinct_materials_form_distinct_contiguous_groups ... ok
rust	Format, check, lint and test	2026-10-08T15:35:29.6794900Z test render::common::effects::tests::drift_keeps_every_centre_inside_the_authored_bounds_at_every_clock ... ok
rust	Format, check, lint and test	2026-10-08T15:35:29.7665600Z test render::common::effects::tests::emitters_sharing_a_material_form_one_draw_group ... ok
rust	Format, check, lint and test	2026-10-08T15:35:29.8569910Z test render::common::effects::tests::positions_stay_inside_the_emitter_volume ... ok
rust	Format, check, lint and test	2026-10-08T15:35:29.9374280Z test render::common::effects::tests::the_clock_advances_the_pose ... ok
rust	Format, check, lint and test	2026-10-08T15:35:30.0171620Z test render::common::effects::tests::the_default_steam_material_resolves_with_its_tiling_and_opacity ... ok
rust	Format, check, lint and test	2026-10-08T15:35:30.0976010Z test render::common::effects::tests::the_pose_is_a_pure_function_of_the_clock ... ok
rust	Format, check, lint and test	2026-10-08T15:35:30.1868610Z test render::common::effects::tests::the_scene_never_exceeds_the_level_particle_budget ... ok
rust	Format, check, lint and test	2026-10-08T15:35:31.0745960Z test render::common::effects::tests::the_shipped_demo_resolves_its_authored_plumes ... ok
rust	Format, check, lint and test	2026-10-08T15:35:31.1830920Z test render::common::effects::tests::update_reports_each_live_emitter_once_per_clock_change ... ok
rust	Format, check, lint and test	2026-10-08T15:35:31.1932610Z test render::common::fixtures::tests::a_fixtures_pool_falls_off_monotonically_from_its_drawn_centre ... ok
rust	Format, check, lint and test	2026-10-08T15:35:31.2051220Z test render::common::fixtures::tests::emitter_planes_and_drawn_faces_share_their_centre_and_extents ... ok
rust	Format, check, lint and test	2026-10-08T15:35:31.2153130Z test render::common::fixtures::tests::every_luminous_face_points_into_its_room ... ok
rust	Format, check, lint and test	2026-10-08T15:35:31.2255230Z test render::common::fixtures::tests::only_the_luminous_face_is_emissive ... ok
rust	Format, check, lint and test	2026-10-08T15:35:31.2401300Z test render::common::fixtures::tests::the_wall_lens_sits_on_the_front_face_at_the_authored_point ... ok
rust	Format, check, lint and test	2026-10-08T15:35:31.2653890Z test render::common::framebuffer::tests::a_smaller_than_reference_drawable_is_never_upscaled ... ok
rust	Format, check, lint and test	2026-10-08T15:35:31.2756560Z test render::common::framebuffer::tests::an_empty_drawable_stays_empty ... ok
rust	Format, check, lint and test	2026-10-08T15:35:31.2857870Z test render::common::framebuffer::tests::high_renders_at_the_drawable_resolution ... ok
rust	Format, check, lint and test	2026-10-08T15:35:31.2959460Z test render::common::framebuffer::tests::low_caps_the_scene_width_at_the_reference_and_keeps_the_aspect ... ok
rust	Format, check, lint and test	2026-10-08T15:35:31.3060670Z test render::common::framebuffer::tests::low_is_the_identity_on_the_reference_device ... ok
rust	Format, check, lint and test	2026-10-08T15:35:31.3160790Z test render::common::framebuffer::tests::medium_follows_low_when_low_is_already_above_half ... ok
rust	Format, check, lint and test	2026-10-08T15:35:31.3262190Z test render::common::framebuffer::tests::medium_halves_a_large_drawable_and_keeps_the_aspect ... ok
rust	Format, check, lint and test	2026-10-08T15:35:31.3363960Z test render::common::framebuffer::tests::medium_is_between_low_and_the_drawable_on_a_large_drawable ... ok
rust	Format, check, lint and test	2026-10-08T15:35:31.3466480Z test render::common::framebuffer::tests::tiny_drawables_still_produce_a_drawable_target ... ok
rust	Format, check, lint and test	2026-10-08T15:35:31.3580240Z test render::common::light_transport::tests::a_prop_sample_clamps_to_the_runtime_sheet_edges ... ok
rust	Format, check, lint and test	2026-10-08T15:35:31.3682180Z test render::common::light_transport::tests::a_solid_texture_reads_its_colour ... ok
rust	Format, check, lint and test	2026-10-08T15:35:31.3784710Z test render::common::light_transport::tests::a_water_volume_transmits_and_attenuates_by_submerged_depth ... ok
rust	Format, check, lint and test	2026-10-08T15:35:31.3916030Z test render::common::light_transport::tests::alpha_prop_cards_preserve_covered_pixels_and_opaque_fallbacks ... ok
rust	Format, check, lint and test	2026-10-08T15:35:31.4046960Z test render::common::light_transport::tests::architecture_bounce_albedo_excludes_vertex_tint_and_lighting ... ok
rust	Format, check, lint and test	2026-10-08T15:35:31.4175730Z test render::common::light_transport::tests::architecture_panes_keep_glass_transmission_and_grille_slats ... ok
rust	Format, check, lint and test	2026-10-08T15:35:31.4278100Z test render::common::light_transport::tests::enclosed_bounds_edges_do_not_blacken_a_supported_receiver ... ok
rust	Format, check, lint and test	2026-10-08T15:35:31.4379680Z test render::common::light_transport::tests::entity_visibility_keeps_blend_throughput_and_water_depth ... ok
rust	Format, check, lint and test	2026-10-08T15:35:31.4509380Z test render::common::light_transport::tests::interior_anchor_lattice_handles_thin_axes_and_nonuniform_transforms ... ok
rust	Format, check, lint and test	2026-10-08T15:35:31.4611040Z test render::common::light_transport::tests::legacy_combined_probe_fields_keep_the_existing_entity_path ... ok
rust	Format, check, lint and test	2026-10-08T15:35:31.4712750Z test render::common::light_transport::tests::rotated_nonuniform_bounds_sample_the_world_field_in_the_right_axes ... ok
rust	Format, check, lint and test	2026-10-08T15:35:31.4818890Z test render::common::light_transport::tests::spatial_samples_remove_only_selected_coefficients_and_follow_transforms ... ok
rust	Format, check, lint and test	2026-10-08T15:35:31.4920610Z test render::common::light_transport::tests::switchable_direct_joins_the_reserved_slot_without_subtracting_base_energy ... ok
rust	Format, check, lint and test	2026-10-08T15:35:31.5022030Z test render::common::light_transport::tests::valid_dark_spatial_samples_stay_dark_without_a_brightness_floor ... ok
rust	Format, check, lint and test	2026-10-08T15:35:31.5124620Z test render::common::light_transport::tests::void_wall_faces_block_the_prepared_transport_solve ... ok
rust	Format, check, lint and test	2026-10-08T15:35:31.5227310Z test render::common::postprocess::tests::a_tiny_scene_still_gets_a_one_texel_target ... ok
rust	Format, check, lint and test	2026-10-08T15:35:31.5328850Z test render::common::postprocess::tests::bloom_is_an_independent_choice_on_every_level ... ok
rust	Format, check, lint and test	2026-10-08T15:35:31.5430470Z test render::common::postprocess::tests::bloom_targets_are_a_quarter_of_the_scene ... ok
rust	Format, check, lint and test	2026-10-08T15:35:31.5570940Z test render::common::postprocess::tests::the_tone_and_grade_stack_is_the_documented_low_medium_high_mapping ... ok
rust	Format, check, lint and test	2026-10-08T15:35:31.5694240Z test render::common::postprocess::tests::the_tone_knee_leaves_the_common_range_alone ... ok
rust	Format, check, lint and test	2026-10-08T15:35:31.5795590Z test render::common::probe_filter::tests::a_bright_texel_spreads_over_later_levels ... ok
rust	Format, check, lint and test	2026-10-08T15:35:31.5897000Z test render::common::probe_filter::tests::a_constant_cube_prefilters_to_a_constant_chain ... ok
rust	Format, check, lint and test	2026-10-08T15:35:31.5998340Z test render::common::probe_filter::tests::an_odd_face_or_level_shape_is_refused ... ok
rust	Format, check, lint and test	2026-10-08T15:35:31.6099610Z test render::common::probe_filter::tests::hdr_filter_preserves_energy_above_one_and_is_repeatable ... ok
rust	Format, check, lint and test	2026-10-08T15:35:31.6202210Z test render::common::probe_filter::tests::mip_levels_follow_the_face_edge ... ok
rust	Format, check, lint and test	2026-10-08T15:35:31.6304170Z test render::common::probe_filter::tests::the_chain_edges_halve_to_one_texel ... ok
rust	Format, check, lint and test	2026-10-08T15:35:31.6406010Z test render::common::probe_filter::tests::the_face_convention_maps_each_direction_to_its_own_face ... ok
rust	Format, check, lint and test	2026-10-08T15:35:31.6506800Z test render::common::probe_filter::tests::two_prefilters_of_the_same_cube_are_byte_identical ... ok
rust	Format, check, lint and test	2026-10-08T15:35:31.6608820Z test render::common::props::lighting_reuse_tests::deferred_static_lighting_preserves_geometry_budgets_and_animated_colours ... ok
rust	Format, check, lint and test	2026-10-08T15:35:31.6714400Z test render::common::props::lighting_reuse_tests::seam_vertices_keep_exact_colours_and_uvs_across_instances ... ok
rust	Format, check, lint and test	2026-10-08T15:35:31.6829240Z test render::common::props::lighting_reuse_tests::triangle_attributes_preserve_flat_normals_uvs_and_mirrored_handedness ... ok
rust	Format, check, lint and test	2026-10-08T15:35:31.6931300Z test render::common::reflections::tests::a_planar_distance_is_signed ... ok
rust	Format, check, lint and test	2026-10-08T15:35:31.7032690Z test render::common::reflections::tests::a_thin_vertical_range_still_contributes_a_probe ... ok
rust	Format, check, lint and test	2026-10-08T15:35:31.7149510Z test render::common::reflections::tests::mirroring_twice_is_the_identity ... ok
rust	Format, check, lint and test	2026-10-08T15:35:31.7250920Z test render::common::reflections::tests::one_planar_material_keeps_every_plane_it_appears_on ... ok
rust	Format, check, lint and test	2026-10-08T15:35:31.7356300Z test render::common::reflections::tests::only_off_disables_the_planar_pass ... ok
rust	Format, check, lint and test	2026-10-08T15:35:31.7458560Z test render::common::reflections::tests::plane_routes_stop_before_the_u16_index_would_wrap ... ok
rust	Format, check, lint and test	2026-10-08T15:35:31.7560200Z test render::common::reflections::tests::the_mirror_matrix_reflects_points_and_fixes_the_plane ... ok
rust	Format, check, lint and test	2026-10-08T15:35:31.7698380Z test render::common::reflections::tests::the_planar_target_is_half_the_scene ... ok
rust	Format, check, lint and test	2026-10-08T15:35:31.7699100Z test render::common::snow::tests::camera_motion_preserves_world_positions_and_fades_wraps ... ok
rust	Format, check, lint and test	2026-10-08T15:35:31.7800340Z test render::common::snow::tests::ceilings_suppress_indoor_flakes_but_keep_outside_and_above_roof ... ok
rust	Format, check, lint and test	2026-10-08T15:35:31.7921170Z test render::common::snow::tests::extinction_culls_are_not_misreported_as_roof_suppression ... ok
rust	Format, check, lint and test	2026-10-08T15:35:31.8022360Z test render::common::snow::tests::fall_is_downward_varied_and_frame_rate_independent ... ok
rust	Format, check, lint and test	2026-10-08T15:35:31.8123950Z test render::common::snow::tests::quality_budgets_culling_and_scratch_capacity_stay_bounded ... ok
rust	Format, check, lint and test	2026-10-08T15:35:31.8225570Z test render::common::snow::tests::severe_streaks_and_quality_prefixes_use_bounded_retained_storage ... ok
rust	Format, check, lint and test	2026-10-08T15:35:31.8327310Z test render::common::storm::tests::indoor_and_gable_sightlines_stay_clear_but_outdoor_door_views_white_out ... ok
rust	Format, check, lint and test	2026-10-08T15:35:31.8441170Z test render::common::storm::tests::overlap_is_unioned_and_parallel_boundary_rays_are_finite ... ok
rust	Format, check, lint and test	2026-10-08T15:35:31.8542710Z test render::common::storm::tests::whiteout_extinction_is_short_range_and_independent_of_quality ... ok
rust	Format, check, lint and test	2026-10-08T15:35:31.8644290Z test render::common::wall_coverage_tests::parallel_doorway_covers_only_the_header_at_the_opening ... ok
rust	Format, check, lint and test	2026-10-08T15:35:31.8746180Z test render::common::wall_coverage_tests::perpendicular_doorway_keeps_the_open_aperture_out_of_coverage ... ok
rust	Format, check, lint and test	2026-10-08T15:35:31.8848110Z test render::common::water::tests::a_circle_is_a_closed_upward_fan_within_its_radius ... ok
rust	Format, check, lint and test	2026-10-08T15:35:31.8950400Z test render::common::water::tests::a_fan_triangle_preserves_the_volume_opacity ... ok
rust	Format, check, lint and test	2026-10-08T15:35:31.9052120Z test render::tests::a_broken_model_falls_back_to_the_placeholder_box_without_panicking ... ok
rust	Format, check, lint and test	2026-10-08T15:35:31.9164800Z test render::tests::a_camera_inside_a_batch_never_culls_it ... ok
rust	Format, check, lint and test	2026-10-08T15:35:31.9273010Z test render::tests::a_catalogued_png_decal_draws_from_its_own_sheet ... ok
rust	Format, check, lint and test	2026-10-08T15:35:31.9374800Z test render::tests::a_coalesced_unit_keeps_the_cap_corner_under_its_earliest_member ... ok
rust	Format, check, lint and test	2026-10-08T15:35:31.9481580Z test render::tests::a_fixture_face_can_glow_independently_of_its_light ... ok
rust	Format, check, lint and test	2026-10-08T15:35:31.9583110Z test render::tests::a_fixture_face_is_texture_first_and_never_repainted_by_the_light_colour ... ok
rust	Format, check, lint and test	2026-10-08T15:35:31.9695010Z test render::tests::a_floating_duck_never_becomes_a_character ... ok
rust	Format, check, lint and test	2026-10-08T15:35:31.9796550Z test render::tests::a_floating_prop_is_skipped_by_the_static_path_and_never_drops_a_box ... ok
rust	Format, check, lint and test	2026-10-08T15:35:31.9898000Z test render::tests::a_floor_decal_stays_flat_and_rotates_in_its_plane ... ok
rust	Format, check, lint and test	2026-10-08T15:35:31.9999530Z test render::tests::a_floor_patch_keeps_its_exact_edges_without_a_second_slab ... ok
rust	Format, check, lint and test	2026-10-08T15:35:32.0111880Z test render::tests::a_full_height_partition_does_not_emit_the_wall_face_hidden_behind_it ... ok
rust	Format, check, lint and test	2026-10-08T15:35:32.0227430Z test render::tests::a_glowing_placed_character_produces_one_keyed_attached_light ... ok
rust	Format, check, lint and test	2026-10-08T15:35:32.2400790Z test render::tests::a_lightmapped_build_keeps_its_architectural_vertex_colours_independent_of_fixture_brightness ... ok
rust	Format, check, lint and test	2026-10-08T15:35:32.3587410Z test render::tests::a_mesh_past_the_former_material_boundary_batches_without_aliasing ... ok
rust	Format, check, lint and test	2026-10-08T15:35:32.3689530Z test render::tests::a_per_surface_shine_override_reaches_the_batch_key ... ok
rust	Format, check, lint and test	2026-10-08T15:35:32.3791320Z test render::tests::a_placed_spooner_man_becomes_a_character_and_a_chair_does_not ... ok
rust	Format, check, lint and test	2026-10-08T15:35:32.3905840Z test render::tests::a_range_bounds_is_never_empty_and_never_contains_nan ... ok
rust	Format, check, lint and test	2026-10-08T15:35:32.4007580Z test render::tests::a_room_without_fixtures_stays_visible_and_within_range ... ok
rust	Format, check, lint and test	2026-10-08T15:35:32.4130050Z test render::tests::a_roomless_moving_object_reads_the_environment_not_a_rooms_probe ... ok
rust	Format, check, lint and test	2026-10-08T15:35:32.4233430Z test render::tests::a_runtime_emission_scale_multiplies_every_primitive_emission ... ok
rust	Format, check, lint and test	2026-10-08T15:35:32.4340430Z test render::tests::a_runtime_transform_moves_the_object_without_touching_its_mesh ... ok
rust	Format, check, lint and test	2026-10-08T15:35:32.4455490Z test render::tests::a_scrub_cue_reverses_from_the_current_pose_and_holds_its_ends ... ok
rust	Format, check, lint and test	2026-10-08T15:35:33.1541060Z test render::tests::a_second_bake_of_the_same_level_is_bit_identical ... ok
rust	Format, check, lint and test	2026-10-08T15:35:33.1647350Z test render::tests::a_second_instance_of_a_multi_material_prop_still_batches ... ok
rust	Format, check, lint and test	2026-10-08T15:35:33.1773510Z test render::tests::a_single_range_larger_than_the_index_space_is_split_not_wrapped ... ok
rust	Format, check, lint and test	2026-10-08T15:35:33.1874790Z test render::tests::a_small_level_stays_a_small_number_of_batches ... ok
rust	Format, check, lint and test	2026-10-08T15:35:33.1976660Z test render::tests::a_switchable_fixture_owns_its_luminous_face_material ... ok
rust	Format, check, lint and test	2026-10-08T15:35:33.9487680Z test render::tests::a_tall_chamber_receives_per_texel_light_from_a_directional_ceiling_fixture ... ok
rust	Format, check, lint and test	2026-10-08T15:35:33.9600450Z test render::tests::a_tall_chamber_with_lightmaps_off_is_still_lit_by_its_panel ... ok
rust	Format, check, lint and test	2026-10-08T15:35:33.9701630Z test render::tests::a_two_material_prop_becomes_two_draw_ranges_with_two_textures ... ok
rust	Format, check, lint and test	2026-10-08T15:35:33.9802880Z test render::tests::a_vertex_lit_build_is_identical_across_quality_levels ... ok
rust	Format, check, lint and test	2026-10-08T15:35:33.9904390Z test render::tests::a_wall_decal_lies_on_its_wall_plane_lifted_by_the_decal_offset ... ok
rust	Format, check, lint and test	2026-10-08T15:35:34.0030680Z test render::tests::a_wall_end_abutting_an_opening_keeps_its_exposed_reveal ... ok
rust	Format, check, lint and test	2026-10-08T15:35:34.0031380Z test render::tests::a_wall_with_no_twin_is_emitted_exactly_as_authored ... ok
rust	Format, check, lint and test	2026-10-08T15:35:34.3465190Z test render::tests::a_warm_lightmap_cache_reproduces_the_cold_atlas_exactly ... ok
rust	Format, check, lint and test	2026-10-08T15:35:34.3567450Z test render::tests::a_water_volume_draws_one_translucent_surface_quad ... ok
rust	Format, check, lint and test	2026-10-08T15:35:34.3668870Z test render::tests::a_water_volume_honours_its_opacity_and_material ... ok
rust	Format, check, lint and test	2026-10-08T15:35:34.3770810Z test render::tests::an_empty_material_id_emits_a_bare_key_not_an_arbitrary_material ... ok
rust	Format, check, lint and test	2026-10-08T15:35:34.3872400Z test render::tests::an_entity_frame_yaw_rotates_the_model_front_from_plus_z_towards_plus_x ... ok
rust	Format, check, lint and test	2026-10-08T15:35:34.3973920Z test render::tests::an_idle_rigid_prop_holds_its_bind_pose ... ok
rust	Format, check, lint and test	2026-10-08T15:35:34.4075340Z test render::tests::an_occluding_void_wall_blocks_a_baked_light_pool ... ok
rust	Format, check, lint and test	2026-10-08T15:35:34.4176640Z test render::tests::an_open_ceiling_room_emits_every_surface_but_the_ceiling ... ok
rust	Format, check, lint and test	2026-10-08T15:35:34.4278080Z test render::tests::an_overlay_only_covers_a_hole_when_it_is_solid_there ... ok
rust	Format, check, lint and test	2026-10-08T15:35:34.4379460Z test render::tests::atlas_overflow_rebuilds_with_vertex_lighting ... ok
rust	Format, check, lint and test	2026-10-08T15:36:33.4149040Z test lighting::lightmap::tests::the_shipped_demo_fits_the_page_budget_at_both_profiles ... ok
rust	Format, check, lint and test	2026-10-08T15:36:33.4254100Z test render::tests::ceiling_bounded_wall_faces_and_endcaps_follow_roof_across_thickness ... ok
rust	Format, check, lint and test	2026-10-08T15:36:34.3515180Z test render::tests::ceiling_lightmap_edges_stop_at_wall_air_faces_instead_of_buried_texels ... ok
rust	Format, check, lint and test	2026-10-08T15:36:34.3616950Z test render::tests::coincident_overlay_walls_become_one_surface_with_material_runs ... ok
rust	Format, check, lint and test	2026-10-08T15:36:34.3718290Z test render::tests::decal_rotation_is_a_pure_in_plane_spin ... ok
rust	Format, check, lint and test	2026-10-08T15:36:34.3820580Z test render::tests::decals_are_lit_by_the_rooms_own_baked_light ... ok
rust	Format, check, lint and test	2026-10-08T15:36:34.3921860Z test render::tests::decals_are_the_last_static_kind_and_keep_the_world_families ... ok
rust	Format, check, lint and test	2026-10-08T15:36:34.4022960Z test render::tests::decals_tucked_into_a_corner_keep_their_offsets ... ok
rust	Format, check, lint and test	2026-10-08T15:36:34.4218290Z test render::tests::atlas_texels_carry_the_solver_values_and_dilated_borders has been running for over 60 seconds
rust	Format, check, lint and test	2026-10-08T15:37:34.3764040Z test render::tests::demo_lightmap_low_end_distribution_at_reported_spots has been running for over 60 seconds
rust	Format, check, lint and test	2026-10-08T15:37:51.4675920Z test lighting::bake::range_audit::baked_light_range_audit_report ... ok
rust	Format, check, lint and test	2026-10-08T15:37:51.4777720Z test render::tests::doorway_lintel_and_coplanar_wall_slices_keep_the_parent_room ... ok
rust	Format, check, lint and test	2026-10-08T15:37:51.4879500Z test render::tests::emission_routing_follows_the_surface_kind ... ok
rust	Format, check, lint and test	2026-10-08T15:37:51.4960750Z test render::tests::entity_fallback_reasons_are_explicit_and_environment_dependent ... ok
rust	Format, check, lint and test	2026-10-08T15:37:51.5064220Z test render::tests::entity_probe_blending_crosses_open_doorways_but_not_solid_walls ... ok
rust	Format, check, lint and test	2026-10-08T15:37:51.5167430Z test render::tests::entity_probes_reject_room_labels_below_floors_and_above_ceilings ... ok
rust	Format, check, lint and test	2026-10-08T15:37:51.5237340Z test render::tests::every_decal_material_resolves_to_one_sheet_slot ... ok
rust	Format, check, lint and test	2026-10-08T15:37:51.5267220Z test render::tests::every_decal_surface_lifts_its_marking_by_the_shared_offset ... ok
rust	Format, check, lint and test	2026-10-08T15:37:51.5368940Z test render::tests::every_fixture_family_has_a_stable_sheet_slot ... ok
rust	Format, check, lint and test	2026-10-08T15:38:16.2558610Z test render::tests::every_level_shares_the_patch_set_at_different_densities ... ok
rust	Format, check, lint and test	2026-10-08T15:39:16.3436760Z test render::tests::every_lightmapped_vertex_uv_lands_on_its_own_chart_corner has been running for over 60 seconds
rust	Format, check, lint and test	2026-10-08T15:42:08.1881600Z test render::tests::every_lightmapped_vertex_uv_lands_on_its_own_chart_corner ... ok
rust	Format, check, lint and test	2026-10-08T15:42:08.2445950Z test render::tests::atlas_texels_carry_the_solver_values_and_dilated_borders ... ok
rust	Format, check, lint and test	2026-10-08T15:42:08.2490730Z test render::tests::every_range_bounds_contains_its_own_vertices ... ok
rust	Format, check, lint and test	2026-10-08T15:42:08.2543660Z test render::tests::every_range_is_indexed_correctly_and_keeps_its_own_vertex_block ... ok
rust	Format, check, lint and test	2026-10-08T15:42:08.5461700Z test render::tests::demo_lightmap_low_end_distribution_at_reported_spots ... ok
rust	Format, check, lint and test	2026-10-08T15:42:08.5566120Z test render::tests::external_decal_sheets_pin_their_world_orientation ... ok
rust	Format, check, lint and test	2026-10-08T15:42:08.5680810Z test render::tests::extreemely_distant_geometry_is_culled_by_the_far_plane ... ok
rust	Format, check, lint and test	2026-10-08T15:42:08.5793730Z test render::tests::fixture_faces_carry_their_own_family_sheet_and_the_housing_stays_bare ... ok
rust	Format, check, lint and test	2026-10-08T15:42:08.5847120Z test render::tests::fixture_sheets_are_fitted_once_and_keep_their_aspect ... ok
rust	Format, check, lint and test	2026-10-08T15:42:08.5849270Z test render::tests::floors_are_lit_by_the_baseline_and_the_local_fixture_pool ... ok
rust	Format, check, lint and test	2026-10-08T15:42:08.5850660Z test render::tests::generated_decal_atlas_cells_match_their_sheet_slots ... ok
rust	Format, check, lint and test	2026-10-08T15:42:08.5852500Z test render::tests::graphics_rebuild_preserves_each_characters_live_playback_by_instance_id ... ok
rust	Format, check, lint and test	2026-10-08T15:42:08.5854120Z test render::tests::indexing_shrinks_static_geometry_without_losing_triangles ... ok
rust	Format, check, lint and test	2026-10-08T15:42:08.8634430Z test render::tests::every_window_cap_spans_its_opening_in_world_space ... ok
rust	Format, check, lint and test	2026-10-08T15:42:09.1230310Z test render::tests::lightmapped_vertex_colours_carry_tint_and_face_shade_only ... ok
rust	Format, check, lint and test	2026-10-08T15:42:09.1353820Z test render::tests::looking_straight_up_or_down_still_sees_the_room_shell ... ok
rust	Format, check, lint and test	2026-10-08T15:42:09.2181730Z test render::tests::every_material_property_resolves_into_the_renderers_per_material_state ... ok
rust	Format, check, lint and test	2026-10-08T15:42:09.2283250Z test render::tests::malformed_decals_never_emit_geometry ... ok
rust	Format, check, lint and test	2026-10-08T15:42:09.2386460Z test render::tests::malformed_geometry_never_reaches_the_vertex_buffer ... ok
rust	Format, check, lint and test	2026-10-08T15:42:09.2489580Z test render::tests::material_ids_resolve_to_their_own_keys_tiling_and_tint ... ok
rust	Format, check, lint and test	2026-10-08T15:42:09.2608700Z test render::tests::negative_and_extreme_level_coordinates_still_batch_and_cull ... ok
rust	Format, check, lint and test	2026-10-08T15:42:09.4636400Z test render::tests::non_indexed_submission_duplicates_prop_vertices ... ok
rust	Format, check, lint and test	2026-10-08T15:42:09.4737570Z test render::tests::overlapping_rooms_and_sunken_props_keep_every_cell_cullable ... ok
rust	Format, check, lint and test	2026-10-08T15:42:09.4838580Z test render::tests::perpendicular_walls_share_exactly_one_bottom_cap_at_their_corner ... ok
rust	Format, check, lint and test	2026-10-08T15:42:09.4939480Z test render::tests::perpendicular_walls_share_exactly_one_top_cap_at_their_corner ... ok
rust	Format, check, lint and test	2026-10-08T15:42:09.5040690Z test render::tests::placeholder_prop_box_faces_point_out_of_the_box ... ok
rust	Format, check, lint and test	2026-10-08T15:42:09.5141820Z test render::tests::placeholder_prop_boxes_receive_the_environment_lighting ... ok
rust	Format, check, lint and test	2026-10-08T15:42:09.5242930Z test render::tests::prepared_blend_decals_read_the_probe_field_and_cutout_decals_do_not ... ok
rust	Format, check, lint and test	2026-10-08T15:42:09.5376500Z test render::tests::prop_transforms_follow_position_rotation_scale_and_vertical_offset ... ok
rust	Format, check, lint and test	2026-10-08T15:42:09.5377280Z test render::tests::props_intersecting_a_wall_keep_their_own_cell_bounds ... ok
rust	Format, check, lint and test	2026-10-08T15:42:09.5478790Z test render::tests::real_prop_geometry_replaces_the_placeholder_box ... ok
rust	Format, check, lint and test	2026-10-08T15:42:09.5611710Z test render::tests::real_props_are_lit_per_vertex_and_stay_batched ... ok
rust	Format, check, lint and test	2026-10-08T15:42:09.5754500Z test render::tests::repeated_instances_share_one_batch_and_reuse_the_model ... ok
rust	Format, check, lint and test	2026-10-08T15:42:09.5856680Z test render::tests::room_material_overrides_pick_the_damaged_sheets_for_that_room_only ... ok
rust	Format, check, lint and test	2026-10-08T15:42:09.5958010Z test render::tests::rotated_decals_keep_the_full_normal_offset ... ok
rust	Format, check, lint and test	2026-10-08T15:42:09.6059790Z test render::tests::surface_shine_quantises_to_whole_percent_and_inverts_the_roughness ... ok
rust	Format, check, lint and test	2026-10-08T15:42:09.6162450Z test render::tests::test_a_resize_updates_scene_and_bloom_targets ... ok
rust	Format, check, lint and test	2026-10-08T15:42:09.6264620Z test render::tests::test_build_geometry_from_test_room ... ok
rust	Format, check, lint and test	2026-10-08T15:42:09.6371480Z test render::tests::maintained_demo_step_risers_meet_their_treads_without_gaps ... ok
rust	Format, check, lint and test	2026-10-08T15:42:09.6475580Z test render::tests::test_carpet_png_has_no_metre_checker ... ok
rust	Format, check, lint and test	2026-10-08T15:42:09.6586060Z test render::tests::test_drawable_aspect_ratio ... ok
rust	Format, check, lint and test	2026-10-08T15:42:09.6688290Z test render::tests::test_elevated_room_shifts_floor_and_ceiling_together ... ok
rust	Format, check, lint and test	2026-10-08T15:42:09.6808730Z test render::tests::test_floor_geometry_does_not_scale_with_room_area ... ok
rust	Format, check, lint and test	2026-10-08T15:42:09.6911040Z test render::tests::test_framebuffer_size_changes_update_scale ... ok
rust	Format, check, lint and test	2026-10-08T15:42:09.7028910Z test render::tests::test_gable_ceiling_is_real_sloped_geometry ... ok
rust	Format, check, lint and test	2026-10-08T15:42:09.7132350Z test render::tests::test_gable_eave_wall_keeps_the_ceiling_strip_its_flat_top_does_not_reach ... ok
rust	Format, check, lint and test	2026-10-08T15:42:09.7247650Z test render::tests::test_gable_end_wall_follows_the_sloped_ceiling ... ok
rust	Format, check, lint and test	2026-10-08T15:42:09.7349770Z test render::tests::test_geometry_without_openings_contains_floor_ceiling_and_wall_batches ... ok
rust	Format, check, lint and test	2026-10-08T15:42:09.7451930Z test render::tests::test_hidpi_1080p_window_renders_through_the_drawable_path ... ok
rust	Format, check, lint and test	2026-10-08T15:42:09.7554170Z test render::tests::test_hidpi_uses_physical_pixels_not_logical_size ... ok
rust	Format, check, lint and test	2026-10-08T15:42:09.7655600Z test render::tests::test_horizontal_decals_follow_the_real_surface_height ... ok
rust	Format, check, lint and test	2026-10-08T15:42:09.7758280Z test render::tests::test_prop_batch_is_populated_for_one_prop ... ok
rust	Format, check, lint and test	2026-10-08T15:42:09.7861860Z test render::tests::test_prop_catalog_supplies_size_and_colour ... ok
rust	Format, check, lint and test	2026-10-08T15:42:09.7961560Z test render::tests::test_props_stand_on_the_local_walkable_floor ... ok
rust	Format, check, lint and test	2026-10-08T15:42:09.8063090Z test render::tests::test_props_with_invalid_extents_are_skipped ... ok
rust	Format, check, lint and test	2026-10-08T15:42:09.8164990Z test render::tests::test_recessed_region_emits_a_lowered_slab_and_real_transition_faces ... ok
rust	Format, check, lint and test	2026-10-08T15:42:09.8267490Z test render::tests::test_shallow_region_transition_faces_still_render ... ok
rust	Format, check, lint and test	2026-10-08T15:42:09.9126980Z test render::tests::test_shipped_surface_textures_tile ... ok
rust	Format, check, lint and test	2026-10-08T15:42:10.0616010Z test render::tests::test_shipped_texture_assets_are_opaque_and_within_budget ... ok
rust	Format, check, lint and test	2026-10-08T15:42:10.0718130Z test render::tests::test_taller_displays_preserve_horizontal_view ... ok
rust	Format, check, lint and test	2026-10-08T15:42:10.0878300Z test render::tests::test_the_home_showcase_architecture_is_well_formed ... ok
rust	Format, check, lint and test	2026-10-08T15:42:25.3900830Z test render::tests::test_the_home_showcase_bakes_lightmaps_with_every_surface_vertex_charted ... ok
rust	Format, check, lint and test	2026-10-08T15:42:25.4125850Z test render::tests::test_the_home_showcase_draws_every_architectural_material ... ok
rust	Format, check, lint and test	2026-10-08T15:42:25.4225580Z test render::tests::test_ui_viewport_baseline_is_identity ... ok
rust	Format, check, lint and test	2026-10-08T15:42:25.4326720Z test render::tests::test_ui_viewport_is_uniform_and_centred ... ok
rust	Format, check, lint and test	2026-10-08T15:42:25.4427940Z test render::tests::test_vertical_diagnostic_geometry_has_no_degenerate_or_misoriented_faces ... ok
rust	Format, check, lint and test	2026-10-08T15:42:25.4529420Z test render::tests::test_vertical_fov_baseline_is_identity ... ok
rust	Format, check, lint and test	2026-10-08T15:42:25.4631210Z test render::tests::test_vertical_fov_handles_degenerate_aspects ... ok
rust	Format, check, lint and test	2026-10-08T15:42:25.4733390Z test render::tests::test_wall_with_doorway_emits_more_wall_quads ... ok
rust	Format, check, lint and test	2026-10-08T15:42:25.4835450Z test render::tests::test_wall_with_window_emits_sill_and_header_faces ... ok
rust	Format, check, lint and test	2026-10-08T15:42:25.4937430Z test render::tests::test_wall_without_openings_emits_four_faces ... ok
rust	Format, check, lint and test	2026-10-08T15:42:25.5039360Z test render::tests::test_walls_follow_the_local_ceiling_when_their_origin_is_not_at_zero ... ok
rust	Format, check, lint and test	2026-10-08T15:42:25.5151330Z test render::tests::test_wider_displays_expand_horizontally ... ok
rust	Format, check, lint and test	2026-10-08T15:42:25.5279970Z test render::tests::test_world_faces_wind_outward ... ok
rust	Format, check, lint and test	2026-10-08T15:42:25.5413160Z test render::tests::test_z_axis_wall_geometry_runs_along_z ... ok
rust	Format, check, lint and test	2026-10-08T15:42:25.5515030Z test render::tests::test_zero_sized_drawable_is_empty_and_safe ... ok
rust	Format, check, lint and test	2026-10-08T15:42:25.5627210Z test render::tests::the_cutout_and_translucent_materials_are_built_but_never_blended_together ... ok
rust	Format, check, lint and test	2026-10-08T15:42:25.5728750Z test render::tests::the_decal_depth_bias_is_deterministic_and_sub_visible ... ok
rust	Format, check, lint and test	2026-10-08T15:42:32.6607860Z test render::tests::test_build_geometry_from_the_shipped_demo ... ok
rust	Format, check, lint and test	2026-10-08T15:42:48.1568120Z test render::tests::the_demo_authors_water_over_the_basin_and_the_walk_in_step ... ok
rust	Format, check, lint and test	2026-10-08T15:42:48.1769680Z test render::tests::the_demo_bakes_lightmaps_with_every_surface_vertex_charted ... ok
rust	Format, check, lint and test	2026-10-08T15:42:48.1870320Z test render::tests::the_demo_glazes_every_window_and_classifies_the_panes_translucent ... ok
rust	Format, check, lint and test	2026-10-08T15:42:49.0979160Z test render::tests::the_demo_routes_its_reflective_materials_to_a_plane_and_a_probe ... ok
rust	Format, check, lint and test	2026-10-08T15:42:53.9245150Z test render::tests::lightmaps_off_reproduces_the_historical_vertex_lit_mesh ... ok
rust	Format, check, lint and test	2026-10-08T15:42:53.9354520Z test render::tests::the_dynamic_demonstration_drum_spins_inside_the_static_machine ... ok
rust	Format, check, lint and test	2026-10-08T15:43:10.5241050Z test render::tests::the_demos_matte_linoleum_keeps_its_probe_and_its_material_default ... ok
rust	Format, check, lint and test	2026-10-08T15:43:10.5378000Z test render::tests::the_neutral_resolver_applies_material_defaults ... ok
rust	Format, check, lint and test	2026-10-08T15:43:10.5478560Z test render::tests::the_neutral_resolver_lets_the_shine_override_win_and_keeps_the_material_otherwise ... ok
rust	Format, check, lint and test	2026-10-08T15:43:10.5582210Z test render::tests::the_neutral_resolver_treats_a_fixture_or_decal_key_as_plain ... ok
rust	Format, check, lint and test	2026-10-08T15:43:10.5684620Z test render::tests::the_neutral_resolver_zeroes_the_response_and_reflection_strength_on_a_gated_profile ... ok
rust	Format, check, lint and test	2026-10-08T15:43:10.5786860Z test render::tests::the_office_panel_emits_a_real_housing_and_one_emissive_diffuser ... ok
rust	Format, check, lint and test	2026-10-08T15:43:10.5889320Z test render::tests::the_opaque_cutout_and_translucent_passes_are_decided_by_the_material ... ok
rust	Format, check, lint and test	2026-10-08T15:43:10.5990990Z test render::tests::the_packer_keeps_every_range_inside_16_bit_indices ... ok
rust	Format, check, lint and test	2026-10-08T15:43:10.7766000Z test render::tests::the_places_demo_level_places_its_animated_props_once ... ok
rust	Format, check, lint and test	2026-10-08T15:43:10.7867100Z test render::tests::the_post_process_fallback_is_the_historical_presentation ... ok
rust	Format, check, lint and test	2026-10-08T15:43:10.7968940Z test render::tests::the_real_prop_batches_carry_bounds_and_split_by_cell ... ok
rust	Format, check, lint and test	2026-10-08T15:43:10.8070200Z test render::tests::the_round_diffuser_ring_has_no_uv_seam ... ok
rust	Format, check, lint and test	2026-10-08T15:43:11.5011420Z test render::tests::the_runtime_spawn_api_replaces_moves_and_despawns_by_key ... ok
rust	Format, check, lint and test	2026-10-08T15:43:11.5087100Z test render::tests::the_same_level_always_splits_into_the_same_batches ... ok
rust	Format, check, lint and test	2026-10-08T15:43:11.5087930Z test render::tests::the_scene_projection_uses_the_full_depth_buffer ... ok
rust	Format, check, lint and test	2026-10-08T15:43:11.5088500Z test render::tests::the_scene_target_size_follows_the_drawable_and_the_level ... ok
rust	Format, check, lint and test	2026-10-08T15:43:11.5089300Z test render::tests::the_sheet_ghost_asset_classifies_a_blended_submesh_translucent ... ok
rust	Format, check, lint and test	2026-10-08T15:43:19.6477210Z test render::tests::the_dynamic_demonstration_machine_stays_a_static_prop ... ok
rust	Format, check, lint and test	2026-10-08T15:43:19.6578860Z test render::tests::the_shipped_mannequin_selects_its_poses_through_cues ... ok
rust	Format, check, lint and test	2026-10-08T15:43:19.8395010Z test render::tests::the_shipped_night_route_does_not_hide_dark_compiler_data ... ok
rust	Format, check, lint and test	2026-10-08T15:43:19.8503290Z test render::tests::the_shipped_rat_walks_and_runs_with_declared_reference_speeds ... ok
rust	Format, check, lint and test	2026-10-08T15:43:19.8605510Z test render::tests::the_shipped_skeleton_sits_through_its_pose_cues ... ok
rust	Format, check, lint and test	2026-10-08T15:43:20.2933040Z test render::tests::the_showcase_level_renders_every_core_prop_with_real_geometry ... ok
rust	Format, check, lint and test	2026-10-08T15:43:20.4373770Z test render::tests::the_static_path_still_bakes_the_spooner_man_bind_pose ... ok
rust	Format, check, lint and test	2026-10-08T15:43:20.8279140Z test render::tests::the_stress_level_batches_repeats_into_one_draw_per_model_and_cell ... ok
rust	Format, check, lint and test	2026-10-08T15:43:20.8381750Z test render::tests::the_surface_frame_follows_the_uv_orientation_and_flips_with_mirrored_uvs ... ok
rust	Format, check, lint and test	2026-10-08T15:43:20.8481040Z test render::tests::the_unit_quantiser_clamps_instead_of_wrapping ... ok
rust	Format, check, lint and test	2026-10-08T15:43:20.8580920Z test render::tests::the_unit_quantiser_is_accurate_at_the_lighting_extremes_and_in_between ... ok
rust	Format, check, lint and test	2026-10-08T15:43:20.8682870Z test render::tests::the_unit_quantiser_preserves_alpha_for_props_and_the_hud ... ok
rust	Format, check, lint and test	2026-10-08T15:43:20.8783650Z test render::tests::turning_the_camera_away_rejects_an_entire_cluster ... ok
rust	Format, check, lint and test	2026-10-08T15:43:20.8884920Z test render::tests::two_placed_characters_follow_independent_entity_frames ... ok
rust	Format, check, lint and test	2026-10-08T15:43:20.8985640Z test render::tests::unknown_decal_materials_are_skipped_without_failing_the_build ... ok
rust	Format, check, lint and test	2026-10-08T15:43:20.9087550Z test render::tests::valid_dark_probes_are_not_replaced_by_authored_brightness ... ok
rust	Format, check, lint and test	2026-10-08T15:43:20.9187840Z test render::tests::vertically_offset_props_sample_their_true_world_position ... ok
rust	Format, check, lint and test	2026-10-08T15:43:20.9291060Z test render::tests::void_walls_emit_their_faces_as_ordinary_material_geometry ... ok
rust	Format, check, lint and test	2026-10-08T15:43:20.9393550Z test render::tests::wall_faces_vary_with_the_baked_lighting ... ok
rust	Format, check, lint and test	2026-10-08T15:43:20.9495050Z test render::tests::wall_material_and_face_overrides_apply_only_to_the_faces_they_name ... ok
rust	Format, check, lint and test	2026-10-08T15:43:20.9598460Z test render::tests::wall_reveals_and_ends_face_out_of_the_solid_on_both_axes ... ok
rust	Format, check, lint and test	2026-10-08T15:43:20.9700380Z test render::tests::water_is_ordered_with_the_other_translucent_surfaces ... ok
rust	Format, check, lint and test	2026-10-08T15:43:20.9801940Z test render::wgpu::character::tests::a_blended_character_material_selects_the_translucent_pass ... ok
rust	Format, check, lint and test	2026-10-08T15:43:20.9930100Z test render::wgpu::character::tests::an_empty_scene_reports_nothing ... ok
rust	Format, check, lint and test	2026-10-08T15:43:21.0031620Z test render::wgpu::decals::tests::a_blend_catalog_decal_sheet_draws_on_the_soft_edge_pipeline ... ok
rust	Format, check, lint and test	2026-10-08T15:43:21.0133160Z test render::wgpu::decals::tests::a_decal_range_packs_one_draw_with_its_sheet_and_bounds ... ok
rust	Format, check, lint and test	2026-10-08T15:43:21.0253770Z test render::wgpu::decals::tests::a_range_samples_its_atlas_cell_or_the_whole_external_sheet ... ok
rust	Format, check, lint and test	2026-10-08T15:43:21.0377070Z test render::wgpu::decals::tests::an_empty_or_decal_less_mesh_packs_no_draws_and_no_chunks ... ok
rust	Format, check, lint and test	2026-10-08T15:43:21.0479670Z test render::wgpu::decals::tests::decal_sheets_decode_authored_srgb_before_linear_shading ... ok
rust	Format, check, lint and test	2026-10-08T15:43:21.0582530Z test render::wgpu::decals::tests::decal_vertices_reach_the_gpu_layout_field_for_field ... ok
rust	Format, check, lint and test	2026-10-08T15:43:21.0684990Z test render::wgpu::decals::tests::sheet_indices_address_the_atlas_then_each_external_sheet ... ok
rust	Format, check, lint and test	2026-10-08T15:43:21.0783930Z test render::wgpu::decals::tests::storm_camera_layout_and_decal_shader_validate ... ok
rust	Format, check, lint and test	2026-10-08T15:43:21.0884310Z test render::wgpu::decals::tests::the_decal_fragment_tests_texture_alpha_and_converts_the_product_once ... ok
rust	Format, check, lint and test	2026-10-08T15:43:21.0985580Z test render::wgpu::decals::tests::the_decal_shader_declares_the_camera_and_the_sheet_bindings ... ok
rust	Format, check, lint and test	2026-10-08T15:43:21.1085770Z test render::wgpu::decals::tests::the_depth_bias_maps_gl_polygon_offset_towards_the_camera ... ok
rust	Format, check, lint and test	2026-10-08T15:43:21.1186870Z test render::wgpu::decals::tests::the_generated_atlas_fits_every_level_budget ... ok
rust	Format, check, lint and test	2026-10-08T15:43:21.1307800Z test render::wgpu::decals::tests::the_mip_chain_stops_at_one_by_one_and_halves_every_level ... ok
rust	Format, check, lint and test	2026-10-08T15:43:21.1408600Z test render::wgpu::diagnostics::tests::absent_data_is_rejected_instead_of_relabelled ... ok
rust	Format, check, lint and test	2026-10-08T15:43:21.1508890Z test render::wgpu::diagnostics::tests::capture_submission_retains_scene_counts_and_their_scope ... ok
rust	Format, check, lint and test	2026-10-08T15:43:21.1609680Z test render::wgpu::diagnostics::tests::composed_diagnostic_shader_parses_and_validates ... ok
rust	Format, check, lint and test	2026-10-08T15:43:21.1710330Z test render::wgpu::diagnostics::tests::final_mode_retains_the_production_body_and_wire_layout ... ok
rust	Format, check, lint and test	2026-10-08T15:43:21.1811340Z test render::wgpu::diagnostics::tests::supported_modes_round_trip_and_cycle_once ... ok
rust	Format, check, lint and test	2026-10-08T15:43:21.1911620Z test render::wgpu::dynamic::tests::an_empty_scene_reports_nothing ... ok
rust	Format, check, lint and test	2026-10-08T15:43:21.2012610Z test render::wgpu::effects::tests::no_pattern_exceeds_the_u16_index_limit ... ok
rust	Format, check, lint and test	2026-10-08T15:43:21.2114030Z test render::wgpu::effects::tests::the_blend_state_is_the_world_translucent_state ... ok
rust	Format, check, lint and test	2026-10-08T15:43:21.2215720Z test render::wgpu::effects::tests::the_index_pattern_addresses_every_quad_vertex ... ok
rust	Format, check, lint and test	2026-10-08T15:43:21.2317230Z test render::wgpu::effects::tests::the_shader_declares_the_camera_and_the_sheet_bindings ... ok
rust	Format, check, lint and test	2026-10-08T15:43:21.2418820Z test render::wgpu::effects::tests::the_vertex_layout_matches_the_shader_locations ... ok
rust	Format, check, lint and test	2026-10-08T15:43:21.2520510Z test render::wgpu::environment::tests::a_disabled_atlas_sets_the_switch_to_zero ... ok
rust	Format, check, lint and test	2026-10-08T15:43:21.2622410Z test render::wgpu::environment::tests::a_lightmap_selection_reaches_the_uniform_bits ... ok
rust	Format, check, lint and test	2026-10-08T15:43:21.2724900Z test render::wgpu::environment::tests::a_probe_chain_length_reaches_the_uniform_bits ... ok
rust	Format, check, lint and test	2026-10-08T15:43:21.2828060Z test render::wgpu::environment::tests::the_static_environment_is_unit_scale_and_fogged ... ok
rust	Format, check, lint and test	2026-10-08T15:43:21.2932140Z test render::wgpu::lightmap::tests::a_page_set_that_cannot_share_one_array_reports_no_pages ... ok
rust	Format, check, lint and test	2026-10-08T15:43:21.3076530Z test render::wgpu::lightmap::tests::a_signed_direction_moment_round_trips_through_the_half_floats ... ok
rust	Format, check, lint and test	2026-10-08T15:43:21.3179720Z test render::wgpu::lightmap::tests::a_truncated_page_is_padded_with_the_neutral_texel ... ok
rust	Format, check, lint and test	2026-10-08T15:43:21.3281790Z test render::wgpu::lightmap::tests::an_upload_fallback_never_rebakes_a_plan_failure ... ok
rust	Format, check, lint and test	2026-10-08T15:43:21.3384040Z test render::wgpu::lightmap::tests::hdr_pages_encode_irradiance_and_the_signed_moment_in_half_floats ... ok
rust	Format, check, lint and test	2026-10-08T15:43:21.3487360Z test render::wgpu::lightmap::tests::no_atlas_reports_zero_pages_and_the_full_capacity ... ok
rust	Format, check, lint and test	2026-10-08T15:43:21.3589690Z test render::wgpu::lightmap::tests::switchable_groups_extend_the_layer_layout_in_group_order ... ok
rust	Format, check, lint and test	2026-10-08T15:43:21.3691210Z test render::wgpu::lightmap::tests::switchable_groups_that_disagree_with_the_base_are_rejected ... ok
rust	Format, check, lint and test	2026-10-08T15:43:21.3793530Z test render::wgpu::lightmap::tests::the_page_budget_is_eight_at_every_profile ... ok
rust	Format, check, lint and test	2026-10-08T15:43:21.3896140Z test render::wgpu::lightmap::tests::the_page_format_is_raw_rgba16_float_linear ... ok
rust	Format, check, lint and test	2026-10-08T15:43:21.3998450Z test render::wgpu::lightmap::tests::the_white_fallback_is_unit_irradiance_zero_direction_and_reserved_alpha ... ok
rust	Format, check, lint and test	2026-10-08T15:43:21.4099950Z test render::wgpu::lightmap::tests::upload_stats_count_pages_texels_and_the_exact_layer_bytes ... ok
rust	Format, check, lint and test	2026-10-08T15:43:21.4201330Z test render::wgpu::material::tests::a_gated_material_never_sets_a_reflection_mode ... ok
rust	Format, check, lint and test	2026-10-08T15:43:21.4303110Z test render::wgpu::material::tests::a_normal_mapped_reflective_state_sets_its_bits ... ok
rust	Format, check, lint and test	2026-10-08T15:43:21.4405150Z test render::wgpu::material::tests::a_numeric_shine_override_that_matches_no_other_still_splits ... ok
rust	Format, check, lint and test	2026-10-08T15:43:21.4510930Z test render::wgpu::material::tests::a_plain_state_packs_to_a_gated_opaque_record ... ok
rust	Format, check, lint and test	2026-10-08T15:43:21.4613260Z test render::wgpu::material::tests::a_stale_normal_index_falls_back_with_the_gate_off ... ok
rust	Format, check, lint and test	2026-10-08T15:43:21.4715560Z test render::wgpu::material::tests::equal_identities_dedupe_and_overrides_do_not ... ok
rust	Format, check, lint and test	2026-10-08T15:43:21.4820550Z test render::wgpu::material::tests::one_material_on_two_planes_resolves_two_material_states ... ok
rust	Format, check, lint and test	2026-10-08T15:43:21.4922110Z test render::wgpu::material::tests::the_flag_bits_are_the_documented_ones ... ok
rust	Format, check, lint and test	2026-10-08T15:43:21.5024430Z test render::wgpu::material::tests::the_key_is_material_and_shine_only ... ok
rust	Format, check, lint and test	2026-10-08T15:43:21.5126320Z test render::wgpu::material::tests::the_material_uniform_layout_matches_the_declared_offsets ... ok
rust	Format, check, lint and test	2026-10-08T15:43:21.5227820Z test render::wgpu::material::tests::the_profile_gate_clears_the_response_and_reflection_eligibility ... ok
rust	Format, check, lint and test	2026-10-08T15:43:21.5329390Z test render::wgpu::material::tests::the_reflection_mode_rule_matches_the_reference_gates ... ok
rust	Format, check, lint and test	2026-10-08T15:43:21.5436620Z test render::wgpu::postprocess::tests::identity_settings_take_the_present_copy ... ok
rust	Format, check, lint and test	2026-10-08T15:43:21.5573550Z test render::wgpu::postprocess::tests::resolve_maths_mirror_the_shader ... ok
rust	Format, check, lint and test	2026-10-08T15:43:21.5686910Z test render::wgpu::postprocess::tests::target_sizes_follow_the_level_and_never_upscale ... ok
rust	Format, check, lint and test	2026-10-08T15:43:21.5688430Z test render::wgpu::postprocess::tests::the_bloom_chain_retains_linear_hdr ... ok
rust	Format, check, lint and test	2026-10-08T15:43:21.5820840Z test render::wgpu::postprocess::tests::the_blur_kernel_is_the_reference_five_tap ... ok
rust	Format, check, lint and test	2026-10-08T15:43:21.5927840Z test render::wgpu::postprocess::tests::the_blur_steps_one_source_texel ... ok
rust	Format, check, lint and test	2026-10-08T15:43:21.6030910Z test render::wgpu::postprocess::tests::the_default_stats_are_an_empty_uncreated_set ... ok
rust	Format, check, lint and test	2026-10-08T15:43:21.6166950Z test render::wgpu::postprocess::tests::the_present_quad_is_the_reference_data ... ok
rust	Format, check, lint and test	2026-10-08T15:43:21.6268570Z test render::wgpu::postprocess::tests::the_present_wgsl_is_the_reference_copy ... ok
rust	Format, check, lint and test	2026-10-08T15:43:21.6369920Z test render::wgpu::postprocess::tests::the_resolve_wgsl_is_the_reference_expression ... ok
rust	Format, check, lint and test	2026-10-08T15:43:21.6471120Z test render::wgpu::postprocess::tests::the_scene_target_retains_linear_hdr ... ok
rust	Format, check, lint and test	2026-10-08T15:43:21.6590650Z test render::wgpu::postprocess::tests::the_uniform_layouts_are_aligned_slots ... ok
rust	Format, check, lint and test	2026-10-08T15:43:21.6693740Z test render::wgpu::postprocess::tests::the_wgsl_declares_the_bindings_the_layouts_use ... ok
rust	Format, check, lint and test	2026-10-08T15:43:21.6816130Z test render::wgpu::props::tests::an_empty_batch_list_uploads_nothing ... ok
rust	Format, check, lint and test	2026-10-08T15:43:21.6929940Z test render::wgpu::props::tests::invalid_prop_texture_indices_cannot_sample_another_models_sheet ... ok
rust	Format, check, lint and test	2026-10-08T15:43:21.7036800Z test render::wgpu::props::tests::the_world_vertex_carries_the_prop_vertex_field_for_field ... ok
rust	Format, check, lint and test	2026-10-08T15:43:21.7139190Z test render::wgpu::props::tests::untextured_snow_does_not_sample_the_canonical_models_atlas ... ok
rust	Format, check, lint and test	2026-10-08T15:43:21.7241660Z test render::wgpu::reflections::tests::a_capture_frame_extracts_a_matching_frustum ... ok
rust	Format, check, lint and test	2026-10-08T15:43:21.7343200Z test render::wgpu::reflections::tests::a_packaged_chain_covers_every_packaged_level ... ok
rust	Format, check, lint and test	2026-10-08T15:43:21.7445630Z test render::wgpu::reflections::tests::a_probe_bakes_above_the_surface_that_asked_for_it ... ok
rust	Format, check, lint and test	2026-10-08T15:43:21.7549460Z test render::wgpu::reflections::tests::a_probe_face_looks_along_its_direction ... ok
rust	Format, check, lint and test	2026-10-08T15:43:21.7661650Z test render::wgpu::reflections::tests::probe_mip_edges_halve_to_one_texel ... ok
rust	Format, check, lint and test	2026-10-08T15:43:21.7763820Z test render::wgpu::reflections::tests::the_cube_round_trip_matches_the_reference_face_convention ... ignored, requires a GPU adapter
rust	Format, check, lint and test	2026-10-08T15:43:21.7866570Z test render::wgpu::reflections::tests::the_planar_matrix_is_the_reference_mirror_composition ... ok
rust	Format, check, lint and test	2026-10-08T15:43:21.7968710Z test render::wgpu::reflections::tests::the_planar_target_is_half_the_render_size ... ok
rust	Format, check, lint and test	2026-10-08T15:43:21.8069130Z test render::wgpu::reflections::tests::the_probe_face_set_is_the_reference_cube ... ok
rust	Format, check, lint and test	2026-10-08T15:43:21.8169560Z test render::wgpu::reflections::tests::the_probe_face_size_follows_the_reflections_setting ... ok
rust	Format, check, lint and test	2026-10-08T15:43:21.8270860Z test render::wgpu::reflections::tests::the_probe_projection_is_ninety_degrees_square ... ok
rust	Format, check, lint and test	2026-10-08T15:43:21.8373130Z test render::wgpu::reflections::tests::the_reflection_format_preserves_linear_hdr ... ok
rust	Format, check, lint and test	2026-10-08T15:43:21.8475390Z test render::wgpu::renderer::entity_lighting_tests::compiled_demo_probe_to_pixel_comparison ... ignored, requires a native GPU adapter; explicit compiled-demo diagnostic
rust	Format, check, lint and test	2026-10-08T15:43:21.8577400Z test render::wgpu::renderer::entity_lighting_tests::compiled_environment_neutral_entities_and_quality_restoration ... ignored, requires native GPU; actual demo environment and compiled quality transitions
rust	Format, check, lint and test	2026-10-08T15:43:21.8680670Z test render::wgpu::renderer::entity_lighting_tests::directional_entity_irradiance_reaches_real_rendered_pixels ... ignored, requires a native GPU adapter; run explicitly on a desktop host
rust	Format, check, lint and test	2026-10-08T15:43:21.8783840Z test render::wgpu::renderer::entity_lighting_tests::entity_resources_restore_after_quality_cycles_and_map_reloads ... ignored, requires a native GPU adapter; run explicitly on a desktop host
rust	Format, check, lint and test	2026-10-08T15:43:21.8885950Z test render::wgpu::renderer::low_lighting_tests::high_on_medium_off_high_and_repeated_toggles_install_real_resources ... ignored, requires a native GPU adapter; run explicitly on a desktop host
rust	Format, check, lint and test	2026-10-08T15:43:21.8987900Z test render::wgpu::renderer::low_lighting_tests::lighting_only_change_rebuilds_material_response_without_refitting_textures ... ok
rust	Format, check, lint and test	2026-10-08T15:43:21.9128690Z test render::wgpu::renderer::low_lighting_tests::override_matches_actual_low_static_dynamic_and_material_paths ... ignored, requires a native GPU adapter; run explicitly on a desktop host
rust	Format, check, lint and test	2026-10-08T15:43:21.9233380Z test render::wgpu::renderer::tests::a_bloom_only_change_is_zero_work ... ok
rust	Format, check, lint and test	2026-10-08T15:43:21.9335460Z test render::wgpu::renderer::tests::a_combined_change_is_classified_in_one_diff ... ok
rust	Format, check, lint and test	2026-10-08T15:43:21.9437420Z test render::wgpu::renderer::tests::a_filtering_only_change_is_zero_work ... ok
rust	Format, check, lint and test	2026-10-08T15:43:21.9540320Z test render::wgpu::renderer::tests::a_forced_first_upload_asks_for_everything ... ok
rust	Format, check, lint and test	2026-10-08T15:43:21.9643480Z test render::wgpu::renderer::tests::a_lightmap_only_change_needs_one_build_and_no_texture_refit ... ok
rust	Format, check, lint and test	2026-10-08T15:43:21.9746920Z test render::wgpu::renderer::tests::a_packaged_probe_chain_uploads_and_reads_back_every_level ... ignored, requires a GPU adapter
rust	Format, check, lint and test	2026-10-08T15:43:21.9850550Z test render::wgpu::renderer::tests::a_quality_only_change_reuses_the_retained_build ... ok
rust	Format, check, lint and test	2026-10-08T15:43:21.9953760Z test render::wgpu::renderer::tests::a_reflection_only_change_needs_no_build_and_no_texture_refit ... ok
rust	Format, check, lint and test	2026-10-08T15:43:22.0056450Z test render::wgpu::renderer::tests::an_unchanged_configuration_has_an_empty_delta ... ok
rust	Format, check, lint and test	2026-10-08T15:43:22.0157620Z test render::wgpu::renderer::tests::every_override_combination_is_classified_once ... ok
rust	Format, check, lint and test	2026-10-08T15:43:22.0271600Z test render::wgpu::renderer::tests::packaged_probe_mips_follow_the_capture_face_size ... ok
rust	Format, check, lint and test	2026-10-08T15:43:22.0378320Z test render::wgpu::sky::tests::storm_sky_uniform_and_shader_match_and_calm_keeps_zero_blend ... ok
rust	Format, check, lint and test	2026-10-08T15:43:22.0481510Z test render::wgpu::surface::tests::a_surface_without_an_srgb_format_falls_back_to_what_it_reports ... ok
rust	Format, check, lint and test	2026-10-08T15:43:22.0583950Z test render::wgpu::surface::tests::a_surface_without_immediate_keeps_the_synchronized_path ... ok
rust	Format, check, lint and test	2026-10-08T15:43:22.0698730Z test render::wgpu::surface::tests::an_opaque_surface_is_preferred_with_a_defined_fallback ... ok
rust	Format, check, lint and test	2026-10-08T15:43:22.0809230Z test render::wgpu::surface::tests::target_encoding_keeps_hdr_linear_and_encodes_only_raw_display ... ok
rust	Format, check, lint and test	2026-10-08T15:43:22.0923680Z test render::wgpu::surface::tests::the_clear_colours_are_the_reference_display_value_in_both_spaces ... ok
rust	Format, check, lint and test	2026-10-08T15:43:22.1025770Z test render::wgpu::surface::tests::the_depth_format_really_is_a_depth_format ... ok
rust	Format, check, lint and test	2026-10-08T15:43:22.1128140Z test render::wgpu::surface::tests::the_native_backend_is_the_one_this_platform_ships ... ok
rust	Format, check, lint and test	2026-10-08T15:43:22.1231010Z test render::wgpu::surface::tests::the_preferred_srgb_format_wins_when_supported ... ok
rust	Format, check, lint and test	2026-10-08T15:43:22.1333380Z test render::wgpu::surface::tests::the_recovery_policy_covers_every_surface_status ... ok
rust	Format, check, lint and test	2026-10-08T15:43:22.1434670Z test render::wgpu::surface::tests::the_second_preference_is_used_without_the_first ... ok
rust	Format, check, lint and test	2026-10-08T15:43:22.1537090Z test render::wgpu::surface::tests::vsync_selects_the_synchronized_path ... ok
rust	Format, check, lint and test	2026-10-08T15:43:22.1639370Z test render::wgpu::texture::image_identity_tests::embedded_identity_tracks_dimensions_and_every_channel ... ok
rust	Format, check, lint and test	2026-10-08T15:43:22.1741870Z test render::wgpu::texture::tests::a_constant_image_has_a_constant_chain ... ok
rust	Format, check, lint and test	2026-10-08T15:43:22.1844560Z test render::wgpu::texture::tests::a_wrap_selects_the_matching_sampler_policy_at_every_level ... ok
rust	Format, check, lint and test	2026-10-08T15:43:22.1948400Z test render::wgpu::texture::tests::an_unsupported_adapter_clamps_only_the_world_presets_to_one ... ok
rust	Format, check, lint and test	2026-10-08T15:43:22.2051390Z test render::wgpu::texture::tests::each_filtering_level_selects_its_own_linear_policy_and_anisotropy ... ok
rust	Format, check, lint and test	2026-10-08T15:43:22.2159810Z test render::wgpu::texture::tests::every_policy_has_a_distinct_stable_label ... ok
rust	Format, check, lint and test	2026-10-08T15:43:22.2261430Z test render::wgpu::texture::tests::halving_an_odd_image_clamps_the_edge_block ... ok
rust	Format, check, lint and test	2026-10-08T15:43:22.2368080Z test render::wgpu::texture::tests::halving_averages_each_two_by_two_block ... ok
rust	Format, check, lint and test	2026-10-08T15:43:22.2470670Z test render::wgpu::texture::tests::halving_one_by_one_is_idempotent ... ok
rust	Format, check, lint and test	2026-10-08T15:43:22.2574810Z test render::wgpu::texture::tests::prepared_textures_match_the_serial_fit_and_chain ... ok
rust	Format, check, lint and test	2026-10-08T15:43:22.2677750Z test render::wgpu::texture::tests::rows_are_tightly_packed_and_never_padded ... ok
rust	Format, check, lint and test	2026-10-08T15:43:22.2780810Z test render::wgpu::texture::tests::semantic_selects_decode_independently_of_quality ... ok
rust	Format, check, lint and test	2026-10-08T15:43:22.2882790Z test render::wgpu::texture::tests::the_embedded_fallback_is_the_committed_asset ... ok
rust	Format, check, lint and test	2026-10-08T15:43:22.2985100Z test render::wgpu::texture::tests::the_fallback_is_the_committed_white_sheet ... ok
rust	Format, check, lint and test	2026-10-08T15:43:22.3087340Z test render::wgpu::texture::tests::the_fallback_sheet_binds_the_same_clamped_nearest_policy_at_every_level ... ok
rust	Format, check, lint and test	2026-10-08T15:43:22.3189900Z test render::wgpu::texture::tests::the_filtering_setting_parses_the_three_levels ... ok
rust	Format, check, lint and test	2026-10-08T15:43:22.3292900Z test render::wgpu::texture::tests::the_mip_chain_stops_at_one_by_one_and_halves_every_level ... ok
rust	Format, check, lint and test	2026-10-08T15:43:22.3422810Z test render::wgpu::texture::tests::the_mip_count_is_the_full_chain_down_to_one_texel ... ok
rust	Format, check, lint and test	2026-10-08T15:43:22.3525670Z test render::wgpu::texture::tests::the_parallel_preparation_matches_the_serial_chain_in_request_order ... ok
rust	Format, check, lint and test	2026-10-08T15:43:22.3627800Z test render::wgpu::texture::tests::the_repeating_policies_repeat_and_the_clamped_policies_clamp ... ok
rust	Format, check, lint and test	2026-10-08T15:43:22.3730880Z test render::wgpu::texture::tests::the_resident_byte_count_covers_every_level ... ok
rust	Format, check, lint and test	2026-10-08T15:43:22.3834370Z test render::wgpu::texture::tests::the_row_slice_halving_matches_the_reference_on_ragged_and_degenerate_input ... ok
rust	Format, check, lint and test	2026-10-08T15:43:22.3945650Z test render::wgpu::texture::tests::the_row_slice_halving_matches_the_texel_reference_on_every_shape ... ok
rust	Format, check, lint and test	2026-10-08T15:43:22.4083640Z test render::wgpu::texture::tests::the_specialized_policies_never_take_a_world_preset ... ok
rust	Format, check, lint and test	2026-10-08T15:43:22.4218360Z test render::wgpu::texture::tests::the_srgb_sample_round_trip_is_measured_on_this_adapter ... ignored, requires a GPU adapter
rust	Format, check, lint and test	2026-10-08T15:43:22.4325470Z test render::wgpu::texture::tests::the_texture_key_separates_semantic_class_and_level ... ok
rust	Format, check, lint and test	2026-10-08T15:43:22.4437490Z test render::wgpu::ui::tests::a_zero_size_drawable_or_empty_list_draws_nothing ... ok
rust	Format, check, lint and test	2026-10-08T15:43:22.4538960Z test render::wgpu::ui::tests::the_blend_is_the_reference_blend_func_on_colour_and_alpha ... ok
rust	Format, check, lint and test	2026-10-08T15:43:22.4675820Z test render::wgpu::ui::tests::the_camera_uniform_matches_the_ui_shader_layout ... ok
rust	Format, check, lint and test	2026-10-08T15:43:22.4777130Z test render::wgpu::ui::tests::the_clip_correction_touches_z_alone ... ok
rust	Format, check, lint and test	2026-10-08T15:43:22.4877640Z test render::wgpu::ui::tests::the_font_atlas_is_display_space_nearest_and_clamped ... ok
rust	Format, check, lint and test	2026-10-08T15:43:22.4979120Z test render::wgpu::ui::tests::the_ui_ortho_maps_the_reference_corners_top_left_first ... ok
rust	Format, check, lint and test	2026-10-08T15:43:22.5082280Z test render::wgpu::ui::tests::the_ui_shader_is_the_plain_ui_contract ... ok
rust	Format, check, lint and test	2026-10-08T15:43:22.5184110Z test render::wgpu::ui::tests::the_ui_viewport_is_the_neutral_centred_region_as_f32 ... ok
rust	Format, check, lint and test	2026-10-08T15:43:22.5285450Z test render::wgpu::world::tests::a_diagnostic_change_uploads_even_when_the_camera_is_still ... ok
rust	Format, check, lint and test	2026-10-08T15:43:22.5386690Z test render::wgpu::world::tests::a_drawable_size_change_only_changes_the_projection ... ok
rust	Format, check, lint and test	2026-10-08T15:43:22.5529790Z test render::wgpu::world::tests::a_flat_normal_map_leaves_the_geometric_normal_unchanged ... ok
rust	Format, check, lint and test	2026-10-08T15:43:22.5530770Z test render::wgpu::world::tests::a_floor_quad_is_front_facing_from_above_and_back_facing_from_below ... ok
rust	Format, check, lint and test	2026-10-08T15:43:22.5632200Z test render::wgpu::world::tests::a_known_tangent_space_sample_reconstructs_the_expected_world_normal ... ok
rust	Format, check, lint and test	2026-10-08T15:43:22.5753950Z test render::wgpu::world::tests::a_packed_draw_keeps_its_range_material_key ... ok
rust	Format, check, lint and test	2026-10-08T15:43:22.5880230Z test render::wgpu::world::tests::a_per_surface_shine_override_reaches_the_draw ... ok
rust	Format, check, lint and test	2026-10-08T15:43:22.5982230Z test render::wgpu::world::tests::a_renderer_neutral_vertex_converts_field_for_field ... ok
rust	Format, check, lint and test	2026-10-08T15:43:22.6084020Z test render::wgpu::world::tests::a_shipped_material_resolves_through_its_texture_slot ... ok
rust	Format, check, lint and test	2026-10-08T15:43:22.6186200Z test render::wgpu::world::tests::a_still_camera_skips_the_uniform_write_but_an_eye_move_does_not ... ok
rust	Format, check, lint and test	2026-10-08T15:43:22.6298660Z test render::wgpu::world::tests::a_wall_face_is_front_facing_from_the_room_it_looks_into ... ok
rust	Format, check, lint and test	2026-10-08T15:43:22.6400280Z test render::wgpu::world::tests::a_zero_opacity_blend_material_stays_opaque ... ok
rust	Format, check, lint and test	2026-10-08T15:43:22.6502760Z test render::wgpu::world::tests::a_zero_strength_gates_the_normal_map_entirely ... ok
rust	Format, check, lint and test	2026-10-08T15:43:22.6604880Z test render::wgpu::world::tests::alpha_never_passes_through_the_colour_transfer_functions ... ok
rust	Format, check, lint and test	2026-10-08T15:43:22.6707470Z test render::wgpu::world::tests::an_empty_material_key_never_indexes_the_texture_table ... ok
rust	Format, check, lint and test	2026-10-08T15:43:22.6827510Z test render::wgpu::world::tests::an_empty_or_decal_only_world_packs_to_nothing ... ok
rust	Format, check, lint and test	2026-10-08T15:43:22.6930640Z test render::wgpu::world::tests::authored_midgrey_is_decoded_before_the_linear_factor ... ok
rust	Format, check, lint and test	2026-10-08T15:43:22.7032900Z test render::wgpu::world::tests::bright_irradiance_cannot_trigger_an_unlit_bypass ... ok
rust	Format, check, lint and test	2026-10-08T15:43:22.7134520Z test render::wgpu::world::tests::empty_model_alpha_classes_do_not_count_object_vertices ... ok
rust	Format, check, lint and test	2026-10-08T15:43:22.7237320Z test render::wgpu::world::tests::fog_regions_pack_in_authoring_order_bounded_by_the_preset_cap ... ok
rust	Format, check, lint and test	2026-10-08T15:43:22.7345160Z test render::wgpu::world::tests::light_is_not_display_mapped_before_albedo ... ok
rust	Format, check, lint and test	2026-10-08T15:43:22.7491080Z test render::wgpu::world::tests::normal_transform_is_perpendicular_after_rotation_and_nonuniform_scale ... ok
rust	Format, check, lint and test	2026-10-08T15:43:22.7613180Z test render::wgpu::world::tests::odd_triangle_indices_upload_without_changing_draw_counts ... ignored, requires a GPU adapter
rust	Format, check, lint and test	2026-10-08T15:43:22.7719120Z test render::wgpu::world::tests::only_architectural_surfaces_with_a_real_material_resolve_a_base_texture ... ok
rust	Format, check, lint and test	2026-10-08T15:43:22.7819170Z test render::wgpu::world::tests::packing_covers_every_selected_index_exactly_once ... ok
rust	Format, check, lint and test	2026-10-08T15:43:22.7920610Z test render::wgpu::world::tests::sheen_and_emission_accumulate_in_linear_energy ... ok
rust	Format, check, lint and test	2026-10-08T15:43:22.8049140Z test render::wgpu::world::tests::strength_scaling_happens_before_the_final_normalization ... ok
rust	Format, check, lint and test	2026-10-08T15:43:22.8149450Z test render::wgpu::world::tests::the_camera_uniform_matches_the_wgsl_uniform_layout ... ok
rust	Format, check, lint and test	2026-10-08T15:43:22.8251010Z test render::wgpu::world::tests::the_clip_correction_maps_gl_depth_onto_the_wgpu_range ... ok
rust	Format, check, lint and test	2026-10-08T15:43:22.8352450Z test render::wgpu::world::tests::the_clip_correction_never_mirrors_x_or_y ... ok
rust	Format, check, lint and test	2026-10-08T15:43:22.8454860Z test render::wgpu::world::tests::the_draw_bounds_come_from_the_neutral_range ... ok
rust	Format, check, lint and test	2026-10-08T15:43:22.8557870Z test render::wgpu::world::tests::the_dynamic_lights_uniform_matches_the_wgsl_layout ... ok
rust	Format, check, lint and test	2026-10-08T15:43:22.8673370Z test render::wgpu::world::tests::the_environment_uniform_matches_the_wgsl_layout ... ok
rust	Format, check, lint and test	2026-10-08T15:43:22.8773640Z test render::wgpu::world::tests::the_family_breakdown_counts_draws_per_surface_kind ... ok
rust	Format, check, lint and test	2026-10-08T15:43:22.8875920Z test render::wgpu::world::tests::the_five_pipelines_declare_the_reference_material_states ... ok
rust	Format, check, lint and test	2026-10-08T15:43:22.8996810Z test render::wgpu::world::tests::the_fog_layer_is_evaluated_per_fragment_from_the_world_position ... ok
rust	Format, check, lint and test	2026-10-08T15:43:22.8998430Z test render::wgpu::world::tests::the_fog_region_uniform_matches_the_wgsl_layout ... ok
rust	Format, check, lint and test	2026-10-08T15:43:22.8999640Z test render::wgpu::world::tests::the_fog_term_is_the_reference_formula ... ok
rust	Format, check, lint and test	2026-10-08T15:43:22.9001070Z test render::wgpu::world::tests::the_light_seam_reconstructs_and_selects_groups_like_the_reference ... ok
rust	Format, check, lint and test	2026-10-08T15:43:22.9002630Z test render::wgpu::world::tests::the_lightmap_and_probe_words_pack_into_the_switchable_word ... ok
rust	Format, check, lint and test	2026-10-08T15:43:22.9004280Z test render::wgpu::world::tests::the_moment_reconstruction_interpolates_smoothly_across_the_old_octahedral_seam ... ok
rust	Format, check, lint and test	2026-10-08T15:43:22.9005930Z test render::wgpu::world::tests::the_planar_sampling_is_the_reference_projection_with_the_capture_flip ... ok
rust	Format, check, lint and test	2026-10-08T15:43:22.9008840Z test render::wgpu::world::tests::the_sheen_matches_the_reference_equation_and_gate ... ok
rust	Format, check, lint and test	2026-10-08T15:43:22.9010260Z test render::wgpu::world::tests::the_sheen_matches_the_reference_formula_on_a_tilted_normal ... ok
rust	Format, check, lint and test	2026-10-08T15:43:22.9011980Z test render::wgpu::world::tests::the_sheen_uses_the_prepared_material_normal ... ok
rust	Format, check, lint and test	2026-10-08T15:43:32.8043730Z test render::tests::the_demo_bakes_inside_the_page_budget_on_every_level has been running for over 60 seconds
rust	Format, check, lint and test	2026-10-08T15:43:34.4606890Z test render::tests::the_shipped_demo_and_the_rendering_fixture_resolve_their_stain_overlays ... ok
rust	Format, check, lint and test	2026-10-08T15:43:46.1126620Z test render::wgpu::world::tests::the_shipped_demo_resolves_every_architectural_draw_to_a_base_texture ... ok
rust	Format, check, lint and test	2026-10-08T15:43:57.3456210Z test render::wgpu::world::tests::the_shipped_demo_uploads_every_static_world_index_exactly_once ... ok
rust	Format, check, lint and test	2026-10-08T15:44:11.5347670Z test render::wgpu::world::tests::the_vertex_lit_bake_dims_the_material_factor_and_subdivides_the_grid ... ok
rust	Format, check, lint and test	2026-10-08T15:44:11.5450490Z test render::wgpu::world::tests::the_world_draw_set_includes_cutout_and_translucent_materials ... ok
rust	Format, check, lint and test	2026-10-08T15:44:11.5551360Z test render::wgpu::world::tests::the_world_draw_set_keeps_every_static_family_but_decals ... ok
rust	Format, check, lint and test	2026-10-08T15:44:11.5657120Z test render::wgpu::world::tests::the_world_frame_uses_the_places_camera_and_full_depth_range ... ok
rust	Format, check, lint and test	2026-10-08T15:44:11.5762650Z test render::wgpu::world::tests::the_world_shader_assembles_linear_light_and_only_encodes_raw_display_targets ... ok
rust	Format, check, lint and test	2026-10-08T15:44:11.5920610Z test render::wgpu::world::tests::the_world_shader_binds_a_base_texture_and_sampler_at_group_one ... ok
rust	Format, check, lint and test	2026-10-08T15:44:11.5976810Z test render::wgpu::world::tests::the_world_shader_binds_the_material_at_group_two ... ok
rust	Format, check, lint and test	2026-10-08T15:44:13.0783590Z test render::wgpu::world::tests::the_world_shader_compiles_against_the_five_group_layout_when_an_adapter_is_available ... ok
rust	Format, check, lint and test	2026-10-08T15:44:13.0885130Z test render::wgpu::world::tests::the_world_shader_declares_the_lightmap_light_seam ... ok
rust	Format, check, lint and test	2026-10-08T15:44:13.0985430Z test render::wgpu::world::tests::the_world_shader_declares_the_material_uniform_layout ... ok
rust	Format, check, lint and test	2026-10-08T15:44:13.1097960Z test render::wgpu::world::tests::the_world_shader_has_the_two_fragment_entry_points ... ok
rust	Format, check, lint and test	2026-10-08T15:44:13.1198740Z test render::wgpu::world::tests::the_world_shader_is_valid_wgsl ... ok
rust	Format, check, lint and test	2026-10-08T15:44:13.1320370Z test render::wgpu::world::tests::the_world_shader_uses_shared_material_response_math ... ok
rust	Format, check, lint and test	2026-10-08T15:44:13.1421630Z test render::wgpu::world::tests::the_world_vertex_preserves_linear_hdr_with_the_declared_attributes ... ok
rust	Format, check, lint and test	2026-10-08T15:44:13.1523040Z test render::wgpu::world::tests::translucent_characters_sort_farthest_first_with_an_index_tie_break ... ok
rust	Format, check, lint and test	2026-10-08T15:44:13.1624440Z test render::wgpu::world::tests::translucent_draws_sort_farthest_first_and_skip_opaque_ranges ... ok
rust	Format, check, lint and test	2026-10-08T15:44:13.1725420Z test render::wgpu::world::tests::translucent_order_ignores_empty_ranges ... ok
rust	Format, check, lint and test	2026-10-08T15:44:13.1826200Z test render::wgpu::world::tests::translucent_ties_keep_the_packed_order ... ok
rust	Format, check, lint and test	2026-10-08T15:44:13.1927150Z test render::wgpu::world::tests::update_lights_writes_the_uniform_contents_when_an_adapter_is_available ... ok
rust	Format, check, lint and test	2026-10-08T15:44:13.2034650Z test render::wgpu::world::tests::vertex_illumination_and_alpha_retain_their_numeric_range ... ok
rust	Format, check, lint and test	2026-10-08T15:44:13.2148810Z test settings::low_lighting_tests::live_high_on_medium_off_high_preserves_selected_quality ... ok
rust	Format, check, lint and test	2026-10-08T15:44:13.2293840Z test settings::low_lighting_tests::low_override_dominates_startup_lighting_overrides_without_erasing_them ... ok
rust	Format, check, lint and test	2026-10-08T15:44:13.2294860Z test settings::low_lighting_tests::low_to_medium_and_high_keeps_override_until_explicitly_disabled ... ok
rust	Format, check, lint and test	2026-10-08T15:44:13.2417100Z test settings::low_lighting_tests::old_settings_default_off_and_saved_opt_in_survives_launch ... ok
rust	Format, check, lint and test	2026-10-08T15:44:13.2528270Z test settings::low_lighting_tests::repeated_toggles_restore_advanced_preferences_and_cancel_stale_installs ... ok
rust	Format, check, lint and test	2026-10-08T15:44:13.2652270Z test settings::tests::a_missing_interact_binding_defaults_on_load ... ok
rust	Format, check, lint and test	2026-10-08T15:44:13.2764780Z test settings::tests::a_missing_interact_binding_never_overwrites_a_customized_e_binding ... ok
rust	Format, check, lint and test	2026-10-08T15:44:13.2876880Z test settings::tests::a_missing_jump_binding_defaults_on_load ... ok
rust	Format, check, lint and test	2026-10-08T15:44:13.2984650Z test settings::tests::a_quality_reached_through_low_is_the_same_configuration_as_a_direct_launch ... ok
rust	Format, check, lint and test	2026-10-08T15:44:13.3085500Z test settings::tests::a_saved_quality_restarts_as_the_same_graphics_configuration ... ok
rust	Format, check, lint and test	2026-10-08T15:44:13.3186610Z test settings::tests::mouse_sensitivity_is_sanitized_into_its_documented_range ... ok
rust	Format, check, lint and test	2026-10-08T15:44:13.3287630Z test settings::tests::re_selecting_the_stored_quality_is_still_an_explicit_request ... ok
rust	Format, check, lint and test	2026-10-08T15:44:13.3397600Z test settings::tests::test_a_valid_settings_file_is_not_renamed ... ok
rust	Format, check, lint and test	2026-10-08T15:44:13.3498530Z test settings::tests::test_action_labels_are_player_facing ... ok
rust	Format, check, lint and test	2026-10-08T15:44:13.3621750Z test settings::tests::test_adopting_the_real_window_size_never_invents_a_larger_one ... ok
rust	Format, check, lint and test	2026-10-08T15:44:13.3732850Z test settings::tests::test_advanced_overrides_never_change_the_quality_label ... ok
rust	Format, check, lint and test	2026-10-08T15:44:13.3833820Z test settings::tests::test_advanced_overrides_persist_round_trip ... ok
rust	Format, check, lint and test	2026-10-08T15:44:13.3934650Z test settings::tests::test_advanced_setters_clear_their_startup_override ... ok
rust	Format, check, lint and test	2026-10-08T15:44:13.4035770Z test settings::tests::test_bench_graphics_cycle_grammar ... ok
rust	Format, check, lint and test	2026-10-08T15:44:13.4143090Z test settings::tests::test_binding_conflict_detection ... ok
rust	Format, check, lint and test	2026-10-08T15:44:13.4244060Z test settings::tests::test_default_action_map_is_wasd_and_arrows_only ... ok
rust	Format, check, lint and test	2026-10-08T15:44:13.4345490Z test settings::tests::test_default_wasd_and_arrow_bindings ... ok
rust	Format, check, lint and test	2026-10-08T15:44:13.4447110Z test settings::tests::test_display_values_are_sanitized ... ok
rust	Format, check, lint and test	2026-10-08T15:44:13.4548000Z test settings::tests::test_ensure_saved_writes_defaults_only_once ... ok
rust	Format, check, lint and test	2026-10-08T15:44:13.4656850Z test settings::tests::test_graphics_settings_are_independent ... ok
rust	Format, check, lint and test	2026-10-08T15:44:13.4789770Z test settings::tests::test_malformed_settings_file_is_preserved_and_recovered ... ok
rust	Format, check, lint and test	2026-10-08T15:44:13.4911120Z test settings::tests::test_missing_advanced_keys_derive_from_the_saved_quality ... ok
rust	Format, check, lint and test	2026-10-08T15:44:13.5012270Z test settings::tests::test_missing_or_invalid_preferences_fallback ... ok
rust	Format, check, lint and test	2026-10-08T15:44:13.5131880Z test settings::tests::test_new_preferences_persist_round_trip ... ok
rust	Format, check, lint and test	2026-10-08T15:44:13.5249140Z test settings::tests::test_quality_and_filtering_persist_round_trip ... ok
rust	Format, check, lint and test	2026-10-08T15:44:13.5354410Z test settings::tests::test_quality_and_texture_filtering_are_independent ... ok
rust	Format, check, lint and test	2026-10-08T15:44:13.5455260Z test settings::tests::test_quality_cascades_the_advanced_presets_and_requests_one_graphics_apply ... ok
rust	Format, check, lint and test	2026-10-08T15:44:13.5560140Z test settings::tests::test_quality_defaults_validates_and_round_trips ... ok
rust	Format, check, lint and test	2026-10-08T15:44:13.5660780Z test settings::tests::test_reselecting_the_same_value_is_inert ... ok
rust	Format, check, lint and test	2026-10-08T15:44:13.5761380Z test settings::tests::test_reset_to_defaults_restores_wasd_and_arrows ... ok
rust	Format, check, lint and test	2026-10-08T15:44:13.5861780Z test settings::tests::test_restore_defaults_resets_display_and_graphics ... ok
rust	Format, check, lint and test	2026-10-08T15:44:13.5962360Z test settings::tests::test_sanitize_repairs_reserved_empty_and_duplicate_bindings ... ok
rust	Format, check, lint and test	2026-10-08T15:44:13.6062650Z test settings::tests::test_settings_bounds_sanitization ... ok
rust	Format, check, lint and test	2026-10-08T15:44:13.6162960Z test settings::tests::test_settings_files_without_newer_fields_receive_defaults ... ok
rust	Format, check, lint and test	2026-10-08T15:44:13.6262940Z test settings::tests::test_settings_persistence ... ok
rust	Format, check, lint and test	2026-10-08T15:44:13.6363870Z test settings::tests::test_startup_overrides_outrank_saved_values_until_changed ... ok
rust	Format, check, lint and test	2026-10-08T15:44:13.6464260Z test settings::tests::test_texture_filtering_defaults_and_unknown_values ... ok
rust	Format, check, lint and test	2026-10-08T15:44:13.6564480Z test settings::tests::test_texture_filtering_step_cycles_low_medium_high_both_ways ... ok
rust	Format, check, lint and test	2026-10-08T15:44:13.6665210Z test settings::tests::test_the_default_window_is_1920x1080 ... ok
rust	Format, check, lint and test	2026-10-08T15:44:13.6765640Z test settings::tests::test_the_quality_preset_mapping_table_is_exact ... ok
rust	Format, check, lint and test	2026-10-08T15:44:13.6866400Z test spatial::tests::a_box_far_outside_the_lateral_planes_is_culled ... ok
rust	Format, check, lint and test	2026-10-08T15:44:13.6968130Z test spatial::tests::a_box_straight_ahead_is_visible_and_the_same_box_behind_is_culled ... ok
rust	Format, check, lint and test	2026-10-08T15:44:13.7069110Z test spatial::tests::a_box_the_camera_is_inside_is_never_culled ... ok
rust	Format, check, lint and test	2026-10-08T15:44:13.7169950Z test spatial::tests::a_box_touching_a_plane_is_kept ... ok
rust	Format, check, lint and test	2026-10-08T15:44:13.7270870Z test spatial::tests::a_huge_box_crossing_the_frustum_is_never_culled ... ok
rust	Format, check, lint and test	2026-10-08T15:44:13.7371750Z test spatial::tests::a_per_axis_grid_keys_each_axis_independently ... ok
rust	Format, check, lint and test	2026-10-08T15:44:13.7483820Z test spatial::tests::a_range_is_split_before_it_overflows_16_bit_indices ... ok
rust	Format, check, lint and test	2026-10-08T15:44:13.7585180Z test spatial::tests::a_trailing_partial_quad_is_kept_rather_than_dropped ... ok
rust	Format, check, lint and test	2026-10-08T15:44:13.7686380Z test spatial::tests::a_zero_area_box_is_treated_as_invisible ... ok
rust	Format, check, lint and test	2026-10-08T15:44:13.7793990Z test spatial::tests::add_run_keeps_a_prop_box_in_one_piece_across_a_cell_boundary ... ok
rust	Format, check, lint and test	2026-10-08T15:44:13.7895000Z test spatial::tests::bounds_union_and_centre ... ok
rust	Format, check, lint and test	2026-10-08T15:44:13.7996250Z test spatial::tests::cell_order_is_sorted_rather_than_insertion_order ... ok
rust	Format, check, lint and test	2026-10-08T15:44:13.8096400Z test spatial::tests::cells_are_stable_for_negative_and_extreme_coordinates ... ok
rust	Format, check, lint and test	2026-10-08T15:44:13.8209160Z test spatial::tests::empty_bounds_are_empty_and_never_grow_from_non_finite_input ... ok
rust	Format, check, lint and test	2026-10-08T15:44:13.8316040Z test spatial::tests::indexed_draining_is_deterministic ... ok
rust	Format, check, lint and test	2026-10-08T15:44:13.8417040Z test spatial::tests::indexing_keeps_triangles_in_the_same_winding ... ok
rust	Format, check, lint and test	2026-10-08T15:44:13.8519410Z test spatial::tests::indexing_never_merges_vertices_that_differ_in_any_attribute ... ok
rust	Format, check, lint and test	2026-10-08T15:44:13.8625260Z test spatial::tests::indexing_never_merges_vertices_that_differ_in_baked_lighting ... ok
rust	Format, check, lint and test	2026-10-08T15:44:13.8740010Z test spatial::tests::indexing_turns_six_vertices_per_quad_into_four ... ok
rust	Format, check, lint and test	2026-10-08T15:44:13.8841050Z test spatial::tests::pitch_and_yaw_rotate_the_visible_set ... ok
rust	Format, check, lint and test	2026-10-08T15:44:13.8941300Z test spatial::tests::quads_are_routed_to_their_own_cells_and_keep_every_vertex ... ok
rust	Format, check, lint and test	2026-10-08T15:44:13.9042050Z test spatial::tests::the_adaptive_grid_keeps_the_cell_count_bounded ... ok
rust	Format, check, lint and test	2026-10-08T15:44:13.9142970Z test spatial::tests::the_explicit_override_is_not_clamped_to_the_adaptive_range ... ok
rust	Format, check, lint and test	2026-10-08T15:44:13.9244060Z test static_prop_lighting_tests::adjacent_model_charts_assemble_with_their_own_single_texel_gutters_and_preserve_neighbor_colors ... ok
rust	Format, check, lint and test	2026-10-08T15:44:13.9345340Z test static_prop_lighting_tests::adjacent_sloping_wall_charts_match_one_continuous_surface_without_erasing_shadows ... ok
rust	Format, check, lint and test	2026-10-08T15:44:14.0405230Z test static_prop_lighting_tests::animated_sheet_ghosts_keep_probe_lighting_and_do_not_receive_static_atlas_coordinates ... ok
rust	Format, check, lint and test	2026-10-08T15:44:14.0511910Z test static_prop_lighting_tests::bundled_static_models_fit_medium_and_full_atlas_plans ... ignored, explicit bundled-map atlas planning preflight; no lightmap fill
rust	Format, check, lint and test	2026-10-08T15:44:14.0639230Z test static_prop_lighting_tests::emitted_gable_wall_vertices_bake_at_their_actual_world_positions ... ok
rust	Format, check, lint and test	2026-10-08T15:44:14.3836180Z test static_prop_lighting_tests::existing_house_furniture_receives_surface_shadows_with_neutral_albedo ... ok
rust	Format, check, lint and test	2026-10-08T15:44:14.3958750Z test static_prop_lighting_tests::folded_architecture_triangles_sample_only_real_geometry_and_preserve_kind ... ok
rust	Format, check, lint and test	2026-10-08T15:44:14.4060330Z test static_prop_lighting_tests::gable_trapezoid_chart_matches_native_triangle_interpolation_and_inverse ... ok
rust	Format, check, lint and test	2026-10-08T15:44:14.9354720Z test static_prop_lighting_tests::legacy_low_and_repeated_medium_high_builds_keep_their_distinct_lighting_contracts ... ok
rust	Format, check, lint and test	2026-10-08T15:44:15.4298720Z test static_prop_lighting_tests::model_lightmap_coordinates_normals_and_shading_survive_package_roundtrip ... ok
rust	Format, check, lint and test	2026-10-08T15:44:15.7574590Z test static_prop_lighting_tests::nearby_real_prop_geometry_casts_a_shadow_onto_a_static_stump ... ok
rust	Format, check, lint and test	2026-10-08T15:44:25.8027530Z test static_prop_lighting_tests::real_dense_showcase_metadata_exceeds_material_budget_and_loads_under_its_own_limit ... ok
rust	Format, check, lint and test	2026-10-08T15:44:37.4476940Z test static_prop_lighting_tests::real_full_demo_atlas_loads_with_its_ktx_container_overhead ... ok
rust	Format, check, lint and test	2026-10-08T15:44:37.6477880Z test static_prop_lighting_tests::rotated_scaled_static_models_have_valid_normals_and_independent_atlas_seams ... ok
rust	Format, check, lint and test	2026-10-08T15:44:37.8712270Z test static_prop_lighting_tests::static_prop_albedo_stays_neutral_while_hdr_illumination_changes ... ok
rust	Format, check, lint and test	2026-10-08T15:44:38.0604680Z test static_prop_lighting_tests::static_stump_faces_receive_directional_light_and_self_occlude ... ok
rust	Format, check, lint and test	2026-10-08T15:44:38.6239910Z test static_prop_lighting_tests::static_stumps_and_pond_rocks_receive_shadows_from_architecture ... ok
rust	Format, check, lint and test	2026-10-08T15:44:38.6340370Z test static_prop_lighting_tests::strongly_tapered_planar_quads_are_valid_but_real_bowties_and_folded_planes_are_rejected ... ok
rust	Format, check, lint and test	2026-10-08T15:44:38.6441980Z test static_prop_lighting_tests::thousands_of_model_charts_pack_deterministically_without_gutter_overlap_or_extra_page_budgets ... ok
rust	Format, check, lint and test	2026-10-08T15:44:38.6543670Z test static_prop_lighting_tests::valid_authored_model_normals_survive_nonuniform_node_transforms ... ok
rust	Format, check, lint and test	2026-10-08T15:44:39.8009760Z test static_prop_lighting_tests::winter_string_bulbs_bake_warm_prop_illumination_and_respect_opaque_walls ... ok
rust	Format, check, lint and test	2026-10-08T15:44:39.8112720Z test surface_audit::a_chain_of_doorways_has_one_floor_owner_per_threshold ... ok
rust	Format, check, lint and test	2026-10-08T15:44:39.8215220Z test surface_audit::a_coalesced_groups_interior_step_emits_no_cap_pair ... ok
rust	Format, check, lint and test	2026-10-08T15:44:39.8336160Z test surface_audit::a_doorway_close_to_a_room_corner_is_clean ... ok
rust	Format, check, lint and test	2026-10-08T15:44:39.8439080Z test surface_audit::a_doorway_threshold_is_covered_by_exactly_one_floor_surface ... ok
rust	Format, check, lint and test	2026-10-08T15:44:39.8541920Z test surface_audit::a_raised_threshold_region_does_not_duplicate_the_floor ... ok
rust	Format, check, lint and test	2026-10-08T15:44:39.8644300Z test surface_audit::a_same_material_doorway_is_owned_by_exactly_one_floor_surface ... ok
rust	Format, check, lint and test	2026-10-08T15:44:39.8746670Z test surface_audit::a_sill_over_a_lower_floor_keeps_its_exposed_ledge ... ok
rust	Format, check, lint and test	2026-10-08T15:44:39.8850390Z test surface_audit::a_wall_end_abutting_another_wall_emits_no_hidden_face ... ok
rust	Format, check, lint and test	2026-10-08T15:44:39.8971480Z test surface_audit::adjacent_rooms_with_different_floor_materials_do_not_overlap ... ok
rust	Format, check, lint and test	2026-10-08T15:44:39.9073220Z test surface_audit::coincident_walls_with_different_vertical_extents_emit_one_surface ... ok
rust	Format, check, lint and test	2026-10-08T15:44:39.9175880Z test surface_audit::decals_are_offset_from_the_surface_they_mark_by_the_shared_bias ... ok
rust	Format, check, lint and test	2026-10-08T15:44:39.9277840Z test surface_audit::different_floor_materials_transition_at_the_shared_boundary ... ok
rust	Format, check, lint and test	2026-10-08T15:44:39.9380280Z test surface_audit::different_room_dimensions_still_own_the_threshold_once ... ok
rust	Format, check, lint and test	2026-10-08T15:44:39.9482210Z test surface_audit::doorways_work_on_both_wall_orientations ... ok
rust	Format, check, lint and test	2026-10-08T15:44:57.4274020Z test render::wgpu::world::tests::the_vertex_lit_build_matches_the_reference_mesh has been running for over 60 seconds
rust	Format, check, lint and test	2026-10-08T15:45:03.4971680Z test surface_audit::every_shipped_demo_decal_owns_its_depth_plane ... ok
rust	Format, check, lint and test	2026-10-08T15:45:03.5073440Z test surface_audit::intentionally_overlapping_rooms_still_emit_both_floors ... ok
rust	Format, check, lint and test	2026-10-08T15:45:03.5184000Z test surface_audit::multiple_doorways_keep_one_floor_owner_each ... ok
rust	Format, check, lint and test	2026-10-08T15:45:03.5291270Z test surface_audit::multiple_openings_on_one_wall_keep_one_surface_per_span ... ok
rust	Format, check, lint and test	2026-10-08T15:45:03.7565180Z test render::wgpu::world::tests::the_vertex_lit_build_matches_the_reference_mesh ... ok
rust	Format, check, lint and test	2026-10-08T15:45:03.7666480Z test surface_audit::the_decal_depth_solution_is_sub_visible_and_resolvable_where_it_matters ... ok
rust	Format, check, lint and test	2026-10-08T15:45:03.7776710Z test surface_audit::the_home_showcase_has_no_coincident_architecture_surfaces ... ok
rust	Format, check, lint and test	2026-10-08T15:45:25.1951370Z test surface_audit::places_demo_doorway_thresholds_are_owned_once ... ok
rust	Format, check, lint and test	2026-10-08T15:45:25.2052970Z test surface_audit::wide_and_narrow_doorways_are_clean ... ok
rust	Format, check, lint and test	2026-10-08T15:45:25.2174510Z test surface_audit::z_axis_wall_caps_face_out_of_the_wall_solid ... ok
rust	Format, check, lint and test	2026-10-08T15:45:25.2276820Z test test_support::fixture_coordinates_preserve_the_exact_integer_boundary ... ok
rust	Format, check, lint and test	2026-10-08T15:45:25.2384920Z test ui::tests::bloom_toggles_immediately_and_independently_of_the_quality_level ... ok
rust	Format, check, lint and test	2026-10-08T15:45:25.2486620Z test ui::tests::display_and_vsync_changes_ask_the_window_backend_to_reapply ... ok
rust	Format, check, lint and test	2026-10-08T15:45:25.2588320Z test ui::tests::enter_toggles_the_advanced_group_and_left_right_is_ignored ... ok
rust	Format, check, lint and test	2026-10-08T15:45:25.2690520Z test ui::tests::every_page_generates_exactly_the_rows_it_declares ... ok
rust	Format, check, lint and test	2026-10-08T15:45:25.2792670Z test ui::tests::every_screen_draws_inside_the_reference_frame ... ok
rust	Format, check, lint and test	2026-10-08T15:45:25.2917880Z test ui::tests::every_settings_row_activates_without_breaking_the_settings ... ok
rust	Format, check, lint and test	2026-10-08T15:45:25.3019870Z test ui::tests::fit_text_truncates_without_exceeding_its_budget ... ok
rust	Format, check, lint and test	2026-10-08T15:45:25.3122840Z test ui::tests::low_lighting_toggle_is_live_and_advanced_rows_explain_the_override ... ok
rust	Format, check, lint and test	2026-10-08T15:45:25.3203920Z test ui::tests::restore_defaults_resets_every_persisted_preference_and_requests_every_apply ... ok
rust	Format, check, lint and test	2026-10-08T15:45:25.3312660Z test ui::tests::status_messages_carry_their_own_error_flag ... ok
rust	Format, check, lint and test	2026-10-08T15:45:25.3421670Z test ui::tests::text_width_counts_every_glyph_including_spaces_and_unknowns ... ok
rust	Format, check, lint and test	2026-10-08T15:45:25.3525740Z test ui::tests::the_advanced_group_starts_collapsed ... ok
rust	Format, check, lint and test	2026-10-08T15:45:25.3627760Z test ui::tests::the_advanced_selectors_cycle_all_three_values ... ok
rust	Format, check, lint and test	2026-10-08T15:45:25.3730010Z test ui::tests::the_controls_page_shows_jump_and_mouse_sensitivity ... ok
rust	Format, check, lint and test	2026-10-08T15:45:25.3877810Z test ui::tests::the_controls_page_shows_the_authoritative_bindings ... ok
rust	Format, check, lint and test	2026-10-08T15:45:25.4012960Z test ui::tests::the_expanded_advanced_rows_show_only_player_facing_values ... ok
rust	Format, check, lint and test	2026-10-08T15:45:25.4214180Z test ui::tests::the_filtering_selector_cycles_low_medium_high_independently ... ok
rust	Format, check, lint and test	2026-10-08T15:45:25.4324280Z test ui::tests::the_menu_shows_effective_values_not_stale_saved_ones ... ok
rust	Format, check, lint and test	2026-10-08T15:45:25.4458390Z test ui::tests::the_quality_selector_cycles_low_medium_high_and_requests_a_graphics ... ok
rust	Format, check, lint and test	2026-10-08T15:45:25.4594660Z test ui::tests::the_rebind_prompt_fits_the_panel_for_every_action ... ok
rust	Format, check, lint and test	2026-10-08T15:45:25.4720430Z test ui::tests::the_startup_screen_carries_the_preparation_status_not_the_menu ... ok
rust	Format, check, lint and test	2026-10-08T15:45:25.4821030Z test ui::tests::vsync_is_applied_immediately_rather_than_at_restart ... ok
rust	Format, check, lint and test	2026-10-08T15:45:25.4922380Z test weather::tests::defaults_are_opt_in_and_round_trip_in_semantics ... ok
rust	Format, check, lint and test	2026-10-08T15:45:25.5022600Z test weather::tests::invalid_configuration_is_rejected_by_loader ... ok
rust	Format, check, lint and test	2026-10-08T15:45:25.5124610Z test zoo_audit::collision_and_routes_work_kilometres_from_the_origin ... ok
rust	Format, check, lint and test	2026-10-08T15:45:26.7664990Z test zoo_audit::the_2026_raised_caps_accept_content_past_their_former_boundary ... ok
rust	Format, check, lint and test	2026-10-08T15:45:34.3674150Z test zoo_audit::the_beyond_former_limits_fixture_carries_content_the_old_caps_refused ... ok
rust	Format, check, lint and test	2026-10-08T15:45:34.3776480Z test zoo_audit::the_beyond_former_limits_package_loads_through_the_reader ... ok
rust	Format, check, lint and test	2026-10-08T15:45:34.3911730Z test zoo_audit::the_dense_capacity_fixture_holds_and_collides_at_scale ... ok
rust	Format, check, lint and test	2026-10-08T15:45:34.4863920Z test zoo_audit::the_raised_caps_accept_content_past_the_old_boundary ... ok
rust	Format, check, lint and test	2026-10-08T15:45:34.4993080Z test zoo_audit::the_zoo_contains_every_required_demonstration ... ok
rust	Format, check, lint and test	2026-10-08T15:45:34.5094690Z test zoo_audit::the_zoo_displays_every_catalogued_placeable ... ok
rust	Format, check, lint and test	2026-10-08T15:45:34.5196180Z test zoo_audit::the_zoo_instance_ids_are_stable_and_unique ... ok
rust	Format, check, lint and test	2026-10-08T15:45:34.5304110Z test zoo_audit::the_zoo_is_well_lit_by_its_own_fixtures ... ok
rust	Format, check, lint and test	2026-10-08T15:45:34.7651730Z test zoo_audit::the_zoo_light_props_really_illuminate ... ok
rust	Format, check, lint and test	2026-10-08T15:45:34.7753820Z test zoo_audit::the_zoo_spawn_is_clear_and_on_the_floor ... ok
rust	Format, check, lint and test	2026-10-08T15:46:03.8110330Z test surface_audit::the_shipped_demo_has_no_coincident_architecture_surfaces has been running for over 60 seconds
rust	Format, check, lint and test	2026-10-08T15:46:13.4561780Z test surface_audit::the_shipped_demo_has_no_coincident_architecture_surfaces ... ok
rust	Format, check, lint and test	2026-10-08T15:47:19.9106000Z test render::tests::the_demo_bakes_inside_the_page_budget_on_every_level ... ok
rust	Format, check, lint and test	2026-10-08T15:47:19.9115430Z
rust	Format, check, lint and test	2026-10-08T15:47:19.9122440Z test result: ok. 2103 passed; 0 failed; 23 ignored; 0 measured; 0 filtered out; finished in 1267.18s
rust	Format, check, lint and test	2026-10-08T15:47:19.9130610Z
rust	Format, check, lint and test	2026-10-08T15:47:19.9861190Z      Running unittests src/main.rs (target/debug/deps/places-d1239b9fb84a3555)
rust	Format, check, lint and test	2026-10-08T15:47:20.0437360Z
rust	Format, check, lint and test	2026-10-08T15:47:20.0439160Z running 0 tests
rust	Format, check, lint and test	2026-10-08T15:47:20.0440370Z
rust	Format, check, lint and test	2026-10-08T15:47:20.0440720Z test result: ok. 0 passed; 0 failed; 0 ignored; 0 measured; 0 filtered out; finished in 0.00s
rust	Format, check, lint and test	2026-10-08T15:47:20.0441080Z
rust	Format, check, lint and test	2026-10-08T15:47:20.0449610Z      Running unittests src/bin/places-compile.rs (target/debug/deps/places_compile-cae78844452c7830)
rust	Format, check, lint and test	2026-10-08T15:47:20.0637700Z
rust	Format, check, lint and test	2026-10-08T15:47:20.0640020Z running 1 test
rust	Format, check, lint and test	2026-10-08T15:47:20.0641150Z test tests::explicit_worker_budget_is_positive_and_bounded ... ok
rust	Format, check, lint and test	2026-10-08T15:47:20.0641850Z
rust	Format, check, lint and test	2026-10-08T15:47:20.0642360Z test result: ok. 1 passed; 0 failed; 0 ignored; 0 measured; 0 filtered out; finished in 0.00s
rust	Format, check, lint and test	2026-10-08T15:47:20.0643230Z
rust	Format, check, lint and test	2026-10-08T15:47:20.0646910Z      Running tests/command_line.rs (target/debug/deps/command_line-db6de7a96527da6d)
rust	Format, check, lint and test	2026-10-08T15:47:20.0782780Z
rust	Format, check, lint and test	2026-10-08T15:47:20.0783770Z running 1 test
rust	Format, check, lint and test	2026-10-08T15:47:20.1267780Z test non_unicode_arguments_return_an_error_before_startup ... ok
rust	Format, check, lint and test	2026-10-08T15:47:20.1268230Z
rust	Format, check, lint and test	2026-10-08T15:47:20.1269590Z test result: ok. 1 passed; 0 failed; 0 ignored; 0 measured; 0 filtered out; finished in 0.05s
rust	Format, check, lint and test	2026-10-08T15:47:20.1270490Z
rust	Format, check, lint and test	2026-10-08T15:47:20.1271080Z      Running tests/list_levels.rs (target/debug/deps/list_levels-7e203986b745b87e)
rust	Format, check, lint and test	2026-10-08T15:47:20.1450350Z
rust	Format, check, lint and test	2026-10-08T15:47:20.1451090Z running 3 tests
rust	Format, check, lint and test	2026-10-08T15:47:20.3391270Z test repository_layout_lists_only_packages ... ok
rust	Format, check, lint and test	2026-10-08T15:47:20.3438370Z test packaged_layout_lists_only_packages ... ok
rust	Format, check, lint and test	2026-10-08T15:47:20.4840220Z test another_working_directory_lists_the_same_packages ... ok
rust	Format, check, lint and test	2026-10-08T15:47:20.4941010Z      Running tests/macos_cpu_port.rs (target/debug/deps/macos_cpu_port-78f981ad94bf156f)
rust	Format, check, lint and test	2026-10-08T15:47:20.4941460Z
rust	Format, check, lint and test	2026-10-08T15:47:20.4941790Z test result: ok. 3 passed; 0 failed; 0 ignored; 0 measured; 0 filtered out; finished in 0.34s
rust	Format, check, lint and test	2026-10-08T15:47:20.4942260Z
rust	Format, check, lint and test	2026-10-08T15:47:20.5199900Z
rust	Format, check, lint and test	2026-10-08T15:47:20.5201930Z running 1 test
rust	Format, check, lint and test	2026-10-08T15:47:20.5204420Z test repeated_cpu_samples_do_not_accumulate_host_port_references ... ok
rust	Format, check, lint and test	2026-10-08T15:47:20.5205020Z
rust	Format, check, lint and test	2026-10-08T15:47:20.5205430Z test result: ok. 1 passed; 0 failed; 0 ignored; 0 measured; 0 filtered out; finished in 0.00s
rust	Format, check, lint and test	2026-10-08T15:47:20.5205890Z
rust	Format, check, lint and test	2026-10-08T15:47:20.5210520Z    Doc-tests places
rust	Format, check, lint and test	2026-10-08T15:47:24.2092530Z
rust	Format, check, lint and test	2026-10-08T15:47:24.2095190Z running 0 tests
rust	Format, check, lint and test	2026-10-08T15:47:24.2095800Z
rust	Format, check, lint and test	2026-10-08T15:47:24.2096110Z test result: ok. 0 passed; 0 failed; 0 ignored; 0 measured; 0 filtered out; finished in 0.00s
rust	Format, check, lint and test	2026-10-08T15:47:24.2096520Z
rust	Check patch whitespace	﻿2026-10-08T15:47:24.2640310Z ##[group]Run git diff --check
rust	Check patch whitespace	2026-10-08T15:47:24.2641890Z ^[[36;1mgit diff --check^[[0m
rust	Check patch whitespace	2026-10-08T15:47:24.3030930Z shell: /bin/bash -e {0}
rust	Check patch whitespace	2026-10-08T15:47:24.3032110Z ##[endgroup]
rust	Post Check out source	﻿2026-10-08T15:47:24.9573390Z Post job cleanup.
rust	Post Check out source	2026-10-08T15:47:25.4560200Z [command]/opt/homebrew/bin/git version
rust	Post Check out source	2026-10-08T15:47:25.4706880Z git version 2.55.0
rust	Post Check out source	2026-10-08T15:47:25.4737310Z Copying '/Users/runner/.gitconfig' to '/Users/runner/work/_temp/b112386f-57c3-4e9d-a9d7-6a20c1a8cf11/.gitconfig'
rust	Post Check out source	2026-10-08T15:47:25.4754120Z Temporarily overriding HOME='/Users/runner/work/_temp/b112386f-57c3-4e9d-a9d7-6a20c1a8cf11' before making global git config changes
rust	Post Check out source	2026-10-08T15:47:25.4755210Z Adding repository directory to the temporary git global config as a safe directory
rust	Post Check out source	2026-10-08T15:47:25.4763460Z [command]/opt/homebrew/bin/git config --global --add safe.directory /Users/runner/work/Places/Places
rust	Post Check out source	2026-10-08T15:47:25.4921470Z Removing SSH command configuration
rust	Post Check out source	2026-10-08T15:47:25.4923070Z [command]/opt/homebrew/bin/git config --local --name-only --get-regexp core\.sshCommand
rust	Post Check out source	2026-10-08T15:47:25.5019670Z [command]/opt/homebrew/bin/git submodule foreach --recursive sh -c "git config --local --name-only --get-regexp 'core\.sshCommand' && git config --local --unset-all 'core.sshCommand' || :"
rust	Post Check out source	2026-10-08T15:47:25.6655370Z Removing HTTP extra header
rust	Post Check out source	2026-10-08T15:47:25.6661700Z [command]/opt/homebrew/bin/git config --local --name-only --get-regexp http\.https\:\/\/github\.com\/\.extraheader
rust	Post Check out source	2026-10-08T15:47:25.6755010Z [command]/opt/homebrew/bin/git submodule foreach --recursive sh -c "git config --local --name-only --get-regexp 'http\.https\:\/\/github\.com\/\.extraheader' && git config --local --unset-all 'http.https://github.com/.extraheader' || :"
rust	Post Check out source	2026-10-08T15:47:25.7683830Z Removing includeIf entries pointing to credentials config files
rust	Post Check out source	2026-10-08T15:47:25.7734280Z [command]/opt/homebrew/bin/git config --local --name-only --get-regexp ^includeIf\.gitdir:
rust	Post Check out source	2026-10-08T15:47:25.8038760Z [command]/opt/homebrew/bin/git submodule foreach --recursive git config --local --show-origin --name-only --get-regexp remote.origin.url
rust	Complete job	﻿2026-10-08T15:47:26.0136260Z Cleaning up orphan processes
