frame,update_ms,render_ms,swap_ms,frame_ms,loop_ms,total_vertices,visible_vertices,culled_vertices,total_batches,visible_batches,draw_calls,vbo_bytes,index_bytes,texture_binds,material_changes,reflection_passes
1,1.514,0.654,0.000,2.168,2.168,697965,1781607,0,811,761,761,44669760,1412988,394,422,0
2,1.544,0.617,0.000,2.161,2.354,697965,1781607,0,811,761,761,44669760,1412988,394,422,0
3,1.514,0.664,0.000,2.177,2.291,697965,1781607,0,811,761,761,44669760,1412988,394,422,0
4,1.497,0.627,0.000,2.123,2.305,697965,1781607,0,811,761,761,44669760,1412988,394,422,0
5,1.514,0.656,0.000,2.170,2.246,697965,1781607,0,811,761,761,44669760,1412988,394,422,0
6,1.526,0.661,0.000,2.187,2.292,697965,1781607,0,811,761,761,44669760,1412988,394,422,0
7,1.484,0.663,0.000,2.147,2.308,697965,1781607,0,811,761,761,44669760,1412988,394,422,0
8,1.509,0.648,0.000,2.158,2.269,697965,1781607,0,811,761,761,44669760,1412988,394,422,0
9,1.541,0.641,0.000,2.182,2.282,697965,1781607,0,811,761,761,44669760,1412988,394,422,0
10,1.508,0.656,0.000,2.164,2.307,697965,1781607,0,811,761,761,44669760,1412988,394,422,0
11,1.482,0.669,0.000,2.150,2.283,697965,1781607,0,811,761,761,44669760,1412988,394,422,0
12,1.484,0.653,0.000,2.137,2.273,697965,1781607,0,811,761,761,44669760,1412988,394,422,0
13,1.512,0.654,0.000,2.166,2.257,697965,1781607,0,811,761,761,44669760,1412988,394,422,0
14,1.519,0.666,0.000,2.185,2.286,697965,1781607,0,811,761,761,44669760,1412988,394,422,0
15,1.523,0.668,0.000,2.191,2.304,697965,1781607,0,811,761,761,44669760,1412988,394,422,0
16,1.512,0.665,0.000,2.177,2.311,697965,1781607,0,811,761,761,44669760,1412988,394,422,0
17,1.548,0.643,0.000,2.191,2.297,697965,1781607,0,811,761,761,44669760,1412988,394,422,0
18,1.487,0.680,0.000,2.167,2.312,697965,1781607,0,811,761,761,44669760,1412988,394,422,0
19,1.502,0.670,0.000,2.171,2.288,697965,1781607,0,811,761,761,44669760,1412988,394,422,0
20,1.545,0.664,0.000,2.209,2.292,697965,1781607,0,811,761,761,44669760,1412988,394,422,0
21,1.505,0.658,0.000,2.163,2.330,697965,1781607,0,811,761,761,44669760,1412988,394,422,0
22,1.511,0.666,0.000,2.177,2.284,697965,1781607,0,811,761,761,44669760,1412988,394,422,0
23,1.513,0.676,0.000,2.189,2.299,697965,1781607,0,811,761,761,44669760,1412988,394,422,0
24,1.500,0.660,0.000,2.161,2.314,697965,1781607,0,811,761,761,44669760,1412988,394,422,0
25,1.462,0.673,0.000,2.135,2.280,697965,1781607,0,811,761,761,44669760,1412988,394,422,0
26,1.538,0.631,0.000,2.168,2.257,697965,1781607,0,811,761,761,44669760,1412988,394,422,0
27,1.513,0.667,0.000,2.181,2.288,697965,1781607,0,811,761,761,44669760,1412988,394,422,0
28,1.483,0.651,0.000,2.134,2.301,697965,1781607,0,811,761,761,44669760,1412988,394,422,0
29,1.493,0.673,0.000,2.167,2.255,697965,1781607,0,811,761,761,44669760,1412988,394,422,0
30,1.509,0.666,0.000,2.175,2.287,697965,1781607,0,811,761,761,44669760,1412988,394,422,0
31,1.478,0.696,0.000,2.174,2.295,697965,1781607,0,811,761,761,44669760,1412988,394,422,0
32,1.494,0.668,0.000,2.162,2.295,697965,1781607,0,811,761,761,44669760,1412988,394,422,0
33,1.506,0.668,0.000,2.174,2.280,697965,1781607,0,811,761,761,44669760,1412988,394,422,0
34,1.500,0.675,0.000,2.175,2.295,697965,1781607,0,811,761,761,44669760,1412988,394,422,0
35,1.468,0.678,0.000,2.146,2.296,697965,1781607,0,811,761,761,44669760,1412988,394,422,0
36,1.500,0.663,0.000,2.162,2.265,697965,1781607,0,811,761,761,44669760,1412988,394,422,0
37,1.509,0.678,0.000,2.186,2.286,697965,1781607,0,811,761,761,44669760,1412988,394,422,0
38,1.510,0.662,0.000,2.171,2.306,697965,1781607,0,811,761,761,44669760,1412988,394,422,0
39,1.477,0.676,0.000,2.153,2.291,697965,1781607,0,811,761,761,44669760,1412988,394,422,0
40,1.422,0.637,0.000,2.058,2.263,697965,1781607,0,811,761,761,44669760,1412988,394,422,0
41,1.503,0.663,0.000,2.166,2.247,697965,1781607,0,811,761,761,44669760,1412988,394,422,0
42,1.447,0.688,0.000,2.134,2.298,697965,1781607,0,811,761,761,44669760,1412988,394,422,0
43,1.472,0.671,0.000,2.143,2.260,697965,1781607,0,811,761,761,44669760,1412988,394,422,0
44,1.549,0.641,0.000,2.190,2.269,697965,1781607,0,811,761,761,44669760,1412988,394,422,0
45,1.479,0.676,0.000,2.155,2.330,697965,1781607,0,811,761,761,44669760,1412988,394,422,0
46,1.475,0.663,0.000,2.138,2.259,697965,1781607,0,811,761,761,44669760,1412988,394,422,0
47,1.517,0.658,0.000,2.175,2.251,697965,1781607,0,811,761,761,44669760,1412988,394,422,0
48,1.521,0.656,0.000,2.177,2.286,697965,1781607,0,811,761,761,44669760,1412988,394,422,0
49,1.496,0.674,0.000,2.170,2.301,697965,1781607,0,811,761,761,44669760,1412988,394,422,0
50,1.492,0.682,0.000,2.174,2.275,697965,1781607,0,811,761,761,44669760,1412988,394,422,0
51,1.481,0.672,0.000,2.153,2.275,697965,1781607,0,811,761,761,44669760,1412988,394,422,0
52,1.498,0.669,0.000,2.167,2.256,697965,1781607,0,811,761,761,44669760,1412988,394,422,0
53,1.482,0.678,0.000,2.160,2.267,697965,1781607,0,811,761,761,44669760,1412988,394,422,0
54,1.512,0.664,0.000,2.176,2.256,697965,1781607,0,811,761,761,44669760,1412988,394,422,0
55,1.494,0.669,0.000,2.163,2.274,697965,1781607,0,811,761,761,44669760,1412988,394,422,0
56,1.483,0.666,0.000,2.149,2.256,697965,1781607,0,811,761,761,44669760,1412988,394,422,0
57,1.468,0.663,0.000,2.131,2.244,697965,1781607,0,811,761,761,44669760,1412988,394,422,0
58,1.456,0.645,0.000,2.101,2.225,697965,1781607,0,811,761,761,44669760,1412988,394,422,0
59,1.495,0.660,0.000,2.156,2.199,697965,1781607,0,811,761,761,44669760,1412988,394,422,0
60,1.494,0.662,0.000,2.156,2.251,697965,1781607,0,811,761,761,44669760,1412988,394,422,0
61,1.463,0.662,0.000,2.125,2.250,697965,1781607,0,811,761,761,44669760,1412988,394,422,0
62,1.484,0.667,0.000,2.151,2.218,697965,1781607,0,811,761,761,44669760,1412988,394,422,0
63,1.510,0.662,0.000,2.172,2.248,697965,1781607,0,811,761,761,44669760,1412988,394,422,0
64,1.488,0.672,0.000,2.161,2.266,697965,1781607,0,811,761,761,44669760,1412988,394,422,0
65,1.477,0.679,0.000,2.156,2.258,697965,1781607,0,811,761,761,44669760,1412988,394,422,0
66,1.513,0.687,0.000,2.200,2.252,697965,1781607,0,811,761,761,44669760,1412988,394,422,0
67,1.501,0.686,0.000,2.187,2.294,697965,1781607,0,811,761,761,44669760,1412988,394,422,0
68,1.461,0.672,0.000,2.133,2.283,697965,1781607,0,811,761,761,44669760,1412988,394,422,0
69,1.451,0.690,0.000,2.141,2.228,697965,1781607,0,811,761,761,44669760,1412988,394,422,0
70,1.470,0.676,0.000,2.146,2.234,697965,1781607,0,811,761,761,44669760,1412988,394,422,0
71,1.501,0.670,0.000,2.171,2.241,697965,1781607,0,811,761,761,44669760,1412988,394,422,0
72,1.483,0.664,0.000,2.148,2.266,697965,1781607,0,811,761,761,44669760,1412988,394,422,0
73,1.458,0.673,0.000,2.131,2.242,697965,1781607,0,811,761,761,44669760,1412988,394,422,0
74,1.483,0.654,0.000,2.138,2.227,697965,1781607,0,811,761,761,44669760,1412988,394,422,0
75,1.497,0.647,0.000,2.145,2.231,697965,1781607,0,811,761,761,44669760,1412988,394,422,0
76,1.481,0.664,0.000,2.145,2.239,697965,1781607,0,811,761,761,44669760,1412988,394,422,0
77,1.472,0.674,0.000,2.146,2.241,697965,1781607,0,811,761,761,44669760,1412988,394,422,0
78,1.461,0.672,0.000,2.134,2.242,697965,1781607,0,811,761,761,44669760,1412988,394,422,0
79,1.487,0.654,0.000,2.141,2.231,697965,1781607,0,811,761,761,44669760,1412988,394,422,0
80,1.486,0.679,0.000,2.165,2.237,697965,1781607,0,811,761,761,44669760,1412988,394,422,0
81,1.462,0.683,0.000,2.144,2.262,697965,1781607,0,811,761,761,44669760,1412988,394,422,0
82,1.463,0.637,0.000,2.100,2.243,697965,1781607,0,811,761,761,44669760,1412988,394,422,0
83,1.529,0.673,0.000,2.202,2.195,697965,1781607,0,811,761,761,44669760,1412988,394,422,0
84,1.474,0.683,0.000,2.158,2.296,697965,1781607,0,811,761,761,44669760,1412988,394,422,0
85,1.459,0.671,0.000,2.130,2.259,697965,1781607,0,811,761,761,44669760,1412988,394,422,0
86,1.464,0.666,0.000,2.130,2.224,697965,1781607,0,811,761,761,44669760,1412988,394,422,0
87,1.481,0.671,0.000,2.152,2.227,697965,1781607,0,811,761,761,44669760,1412988,394,422,0
88,1.493,0.688,0.000,2.182,2.247,697965,1781607,0,811,761,761,44669760,1412988,394,422,0
89,1.456,0.676,0.000,2.132,2.276,697965,1781607,0,811,761,761,44669760,1412988,394,422,0
90,1.482,0.670,0.000,2.151,2.230,697965,1781607,0,811,761,761,44669760,1412988,394,422,0
91,1.523,0.687,0.000,2.209,2.319,697965,1781607,0,811,761,761,44669760,1412988,394,422,0
92,1.514,0.668,0.000,2.183,2.303,697965,1781607,0,811,761,761,44669760,1412988,394,422,0
93,1.472,0.677,0.000,2.150,2.278,697965,1781607,0,811,761,761,44669760,1412988,394,422,0
94,1.477,0.673,0.000,2.150,2.247,697965,1781607,0,811,761,761,44669760,1412988,394,422,0
95,1.472,0.686,0.000,2.158,2.248,697965,1781607,0,811,761,761,44669760,1412988,394,422,0
96,1.487,0.665,0.000,2.152,2.255,697965,1781607,0,811,761,761,44669760,1412988,394,422,0
97,1.432,0.690,0.000,2.122,2.248,697965,1781607,0,811,761,761,44669760,1412988,394,422,0
98,1.462,0.667,0.000,2.129,2.215,697965,1781607,0,811,761,761,44669760,1412988,394,422,0
99,1.502,0.679,0.000,2.181,2.229,697965,1781607,0,811,761,761,44669760,1412988,394,422,0
100,1.464,0.650,0.000,2.114,2.275,697965,1781607,0,811,761,761,44669760,1412988,394,422,0
101,1.454,0.681,0.000,2.135,2.209,697965,1781607,0,811,761,761,44669760,1412988,394,422,0
102,1.481,0.676,0.000,2.158,2.231,697965,1781607,0,811,761,761,44669760,1412988,394,422,0
103,1.542,0.656,0.000,2.198,2.252,697965,1781607,0,811,761,761,44669760,1412988,394,422,0
104,1.494,0.646,0.000,2.139,2.293,697965,1781607,0,811,761,761,44669760,1412988,394,422,0
105,1.450,0.676,0.000,2.125,2.238,697965,1781607,0,811,761,761,44669760,1412988,394,422,0
106,1.467,0.679,0.000,2.145,2.221,697965,1781607,0,811,761,761,44669760,1412988,394,422,0
107,1.502,0.670,0.000,2.172,2.243,697965,1781607,0,811,761,761,44669760,1412988,394,422,0
108,1.500,0.690,0.000,2.190,2.266,697965,1781607,0,811,761,761,44669760,1412988,394,422,0
109,1.485,0.673,0.000,2.159,2.283,697965,1781607,0,811,761,761,44669760,1412988,394,422,0
110,1.480,0.678,0.000,2.158,2.256,697965,1781607,0,811,761,761,44669760,1412988,394,422,0
111,1.507,0.654,0.000,2.161,2.253,697965,1781607,0,811,761,761,44669760,1412988,394,422,0
112,1.471,0.657,0.000,2.128,2.255,697965,1781607,0,811,761,761,44669760,1412988,394,422,0
113,1.485,0.676,0.000,2.160,2.222,697965,1781607,0,811,761,761,44669760,1412988,394,422,0
114,1.480,0.676,0.000,2.156,2.254,697965,1781607,0,811,761,761,44669760,1412988,394,422,0
115,1.506,0.671,0.000,2.176,2.251,697965,1781607,0,811,761,761,44669760,1412988,394,422,0
116,1.497,0.677,0.000,2.174,2.275,697965,1781607,0,811,761,761,44669760,1412988,394,422,0
117,1.469,0.659,0.000,2.128,2.268,697965,1781607,0,811,761,761,44669760,1412988,394,422,0
118,1.488,0.682,0.000,2.170,2.223,697965,1781607,0,811,761,761,44669760,1412988,394,422,0
119,1.521,0.879,0.000,2.401,2.264,697965,1781607,0,811,761,761,44669760,1412988,394,422,0
120,1.857,1.200,0.000,3.057,2.533,697965,1781607,0,811,761,761,44669760,1412988,394,422,0
121,1.830,0.824,0.000,2.654,3.174,697965,1781607,0,811,761,761,44669760,1412988,394,422,0
122,1.639,0.745,0.000,2.384,2.748,697965,1781607,0,811,761,761,44669760,1412988,394,422,0
123,1.619,0.772,0.000,2.391,2.481,697965,1781607,0,811,761,761,44669760,1412988,394,422,0
124,1.705,0.731,0.000,2.436,2.485,697965,1781607,0,811,761,761,44669760,1412988,394,422,0
125,1.597,0.739,0.000,2.336,2.532,697965,1781607,0,811,761,761,44669760,1412988,394,422,0
126,1.615,0.674,0.000,2.289,2.434,697965,1781607,0,811,761,761,44669760,1412988,394,422,0
127,1.555,0.693,0.000,2.248,2.385,697965,1781607,0,811,761,761,44669760,1412988,394,422,0
128,1.583,0.703,0.000,2.286,2.350,697965,1781607,0,811,761,761,44669760,1412988,394,422,0
129,1.589,0.710,0.000,2.300,2.384,697965,1781607,0,811,761,761,44669760,1412988,394,422,0
130,1.569,0.695,0.000,2.265,2.404,697965,1781607,0,811,761,761,44669760,1412988,394,422,0
131,1.569,0.879,0.000,2.448,2.373,697965,1781607,0,811,761,761,44669760,1412988,394,422,0
132,1.597,0.777,0.000,2.375,2.549,697965,1781607,0,811,761,761,44669760,1412988,394,422,0
133,1.611,1.083,0.000,2.694,2.479,697965,1781607,0,811,761,761,44669760,1412988,394,422,0
134,1.859,0.936,0.000,2.796,2.838,697965,1781607,0,811,761,761,44669760,1412988,394,422,0
135,1.743,0.858,0.000,2.601,2.902,697965,1781607,0,811,761,761,44669760,1412988,394,422,0
136,1.684,0.777,0.000,2.461,2.700,697965,1781607,0,811,761,761,44669760,1412988,394,422,0
137,1.688,0.743,0.000,2.430,2.596,697965,1781607,0,811,761,761,44669760,1412988,394,422,0
138,1.599,0.723,0.000,2.322,2.533,697965,1781607,0,811,761,761,44669760,1412988,394,422,0
139,1.562,0.760,0.000,2.322,2.421,697965,1781607,0,811,761,761,44669760,1412988,394,422,0
140,1.609,0.765,0.000,2.375,2.424,697965,1781607,0,811,761,761,44669760,1412988,394,422,0
141,1.639,0.748,0.000,2.387,2.470,697965,1781607,0,811,761,761,44669760,1412988,394,422,0
142,1.617,0.723,0.000,2.340,2.482,697965,1781607,0,811,761,761,44669760,1412988,394,422,0
143,1.644,0.803,0.000,2.447,2.448,697965,1781607,0,811,761,761,44669760,1412988,394,422,0
144,1.537,0.742,0.000,2.280,2.543,697965,1781607,0,811,761,761,44669760,1412988,394,422,0
145,1.513,0.741,0.000,2.254,2.377,697965,1781607,0,811,761,761,44669760,1412988,394,422,0
146,1.535,0.746,0.000,2.281,2.349,697965,1781607,0,811,761,761,44669760,1412988,394,422,0
147,1.566,0.685,0.000,2.252,2.381,697965,1781607,0,811,761,761,44669760,1412988,394,422,0
148,1.550,0.697,0.000,2.247,2.337,697965,1781607,0,811,761,761,44669760,1412988,394,422,0
149,1.545,0.722,0.000,2.266,2.440,697965,1781607,0,811,761,761,44669760,1412988,394,422,0
150,1.583,0.693,0.000,2.276,2.379,697965,1781607,0,811,761,761,44669760,1412988,394,422,0
151,1.528,0.691,0.000,2.219,2.392,697965,1781607,0,811,761,761,44669760,1412988,394,422,0
152,1.609,0.681,0.000,2.290,2.315,697965,1781607,0,811,761,761,44669760,1412988,394,422,0
153,1.560,0.696,0.000,2.256,2.391,697965,1781607,0,811,761,761,44669760,1412988,394,422,0
154,1.544,0.724,0.000,2.267,2.353,697965,1781607,0,811,761,761,44669760,1412988,394,422,0
155,1.564,0.723,0.000,2.287,2.364,697965,1781607,0,811,761,761,44669760,1412988,394,422,0
156,1.588,0.705,0.000,2.292,2.380,697965,1781607,0,811,761,761,44669760,1412988,394,422,0
157,1.541,0.723,0.000,2.265,2.392,697965,1781607,0,811,761,761,44669760,1412988,394,422,0
158,1.676,0.722,0.000,2.398,2.374,697965,1781607,0,811,761,761,44669760,1412988,394,422,0
159,1.601,0.737,0.000,2.338,2.499,697965,1781607,0,811,761,761,44669760,1412988,394,422,0
160,1.562,0.711,0.000,2.273,2.432,697965,1781607,0,811,761,761,44669760,1412988,394,422,0
161,1.550,0.718,0.000,2.268,2.379,697965,1781607,0,811,761,761,44669760,1412988,394,422,0
162,1.519,0.722,0.000,2.241,2.366,697965,1781607,0,811,761,761,44669760,1412988,394,422,0
163,1.578,0.697,0.000,2.275,2.334,697965,1781607,0,811,761,761,44669760,1412988,394,422,0
164,1.499,0.703,0.000,2.202,2.372,697965,1781607,0,811,761,761,44669760,1412988,394,422,0
165,1.533,0.721,0.000,2.254,2.304,697965,1781607,0,811,761,761,44669760,1412988,394,422,0
166,1.542,0.704,0.000,2.246,2.352,697965,1781607,0,811,761,761,44669760,1412988,394,422,0
167,1.537,0.725,0.000,2.262,2.343,697965,1781607,0,811,761,761,44669760,1412988,394,422,0
168,1.519,0.696,0.000,2.214,2.360,697965,1781607,0,811,761,761,44669760,1412988,394,422,0
169,1.531,0.711,0.000,2.242,2.312,697965,1781607,0,811,761,761,44669760,1412988,394,422,0
170,1.509,0.722,0.000,2.231,2.336,697965,1781607,0,811,761,761,44669760,1412988,394,422,0
171,1.496,0.763,0.000,2.259,2.326,697965,1781607,0,811,761,761,44669760,1412988,394,422,0
172,1.619,0.763,0.000,2.383,2.374,697965,1781607,0,811,761,761,44669760,1412988,394,422,0
173,1.561,0.705,0.000,2.265,2.495,697965,1781607,0,811,761,761,44669760,1412988,394,422,0
174,1.547,0.703,0.000,2.249,2.363,697965,1781607,0,811,761,761,44669760,1412988,394,422,0
175,1.562,0.699,0.000,2.261,2.349,697965,1781607,0,811,761,761,44669760,1412988,394,422,0
176,1.488,0.698,0.000,2.186,2.363,697965,1781607,0,811,761,761,44669760,1412988,394,422,0
177,1.512,0.702,0.000,2.214,2.284,697965,1781607,0,811,761,761,44669760,1412988,394,422,0
178,1.487,0.741,0.000,2.228,2.311,697965,1781607,0,811,761,761,44669760,1412988,394,422,0
179,1.666,0.713,0.000,2.379,2.357,697965,1781607,0,811,761,761,44669760,1412988,394,422,0
180,1.513,0.687,0.000,2.200,2.483,697965,1781607,0,811,761,761,44669760,1412988,394,422,0
181,1.532,0.735,0.000,2.267,2.296,697965,1781607,0,811,761,761,44669760,1412988,394,422,0
182,1.520,0.698,0.000,2.218,2.390,697965,1781607,0,811,761,761,44669760,1412988,394,422,0
183,1.506,0.673,0.000,2.178,2.314,697965,1781607,0,811,761,761,44669760,1412988,394,422,0
184,1.521,0.661,0.000,2.183,2.275,697965,1781607,0,811,761,761,44669760,1412988,394,422,0
185,1.503,0.714,0.000,2.216,2.285,697965,1781607,0,811,761,761,44669760,1412988,394,422,0
186,1.513,0.671,0.000,2.184,2.311,697965,1781607,0,811,761,761,44669760,1412988,394,422,0
187,1.504,0.692,0.000,2.197,2.285,697965,1781607,0,811,761,761,44669760,1412988,394,422,0
188,1.481,0.698,0.000,2.179,2.296,697965,1781607,0,811,761,761,44669760,1412988,394,422,0
189,1.548,0.680,0.000,2.228,2.279,697965,1781607,0,811,761,761,44669760,1412988,394,422,0
190,1.561,0.665,0.000,2.226,2.324,697965,1781607,0,811,761,761,44669760,1412988,394,422,0
191,1.496,0.696,0.000,2.192,2.323,697965,1781607,0,811,761,761,44669760,1412988,394,422,0
192,1.520,0.681,0.000,2.201,2.287,697965,1781607,0,811,761,761,44669760,1412988,394,422,0
193,1.547,0.683,0.000,2.230,2.296,697965,1781607,0,811,761,761,44669760,1412988,394,422,0
194,1.536,0.694,0.000,2.229,2.326,697965,1781607,0,811,761,761,44669760,1412988,394,422,0
195,1.523,0.682,0.000,2.205,2.327,697965,1781607,0,811,761,761,44669760,1412988,394,422,0
196,1.535,0.687,0.000,2.223,2.302,697965,1781607,0,811,761,761,44669760,1412988,394,422,0
197,1.543,0.660,0.000,2.203,2.318,697965,1781607,0,811,761,761,44669760,1412988,394,422,0
198,1.535,0.676,0.000,2.211,2.301,697965,1781607,0,811,761,761,44669760,1412988,394,422,0
199,1.481,0.686,0.000,2.168,2.308,697965,1781607,0,811,761,761,44669760,1412988,394,422,0
200,1.496,0.686,0.000,2.182,2.263,697965,1781607,0,811,761,761,44669760,1412988,394,422,0
201,1.490,0.696,0.000,2.186,2.277,697965,1781607,0,811,761,761,44669760,1412988,394,422,0
202,1.492,0.679,0.000,2.171,2.282,697965,1781607,0,811,761,761,44669760,1412988,394,422,0
203,1.491,0.689,0.000,2.181,2.263,697965,1781607,0,811,761,761,44669760,1412988,394,422,0
204,1.543,0.648,0.000,2.192,2.274,697965,1781607,0,811,761,761,44669760,1412988,394,422,0
205,1.510,0.664,0.000,2.174,2.287,697965,1781607,0,811,761,761,44669760,1412988,394,422,0
206,1.486,0.680,0.000,2.166,2.267,697965,1781607,0,811,761,761,44669760,1412988,394,422,0
207,1.527,0.684,0.000,2.211,2.258,697965,1781607,0,811,761,761,44669760,1412988,394,422,0
208,1.489,0.673,0.000,2.162,2.307,697965,1781607,0,811,761,761,44669760,1412988,394,422,0
209,1.484,0.650,0.000,2.134,2.257,697965,1781607,0,811,761,761,44669760,1412988,394,422,0
210,1.505,0.661,0.000,2.166,2.229,697965,1781607,0,811,761,761,44669760,1412988,394,422,0
211,1.517,0.681,0.000,2.198,2.260,697965,1781607,0,811,761,761,44669760,1412988,394,422,0
212,1.525,0.671,0.000,2.196,2.295,697965,1781607,0,811,761,761,44669760,1412988,394,422,0
213,1.516,0.684,0.000,2.200,2.295,697965,1781607,0,811,761,761,44669760,1412988,394,422,0
214,1.548,0.667,0.000,2.215,2.296,697965,1781607,0,811,761,761,44669760,1412988,394,422,0
215,1.504,0.680,0.000,2.184,2.307,697965,1781607,0,811,761,761,44669760,1412988,394,422,0
216,1.470,0.680,0.000,2.150,2.279,697965,1781607,0,811,761,761,44669760,1412988,394,422,0
217,1.510,0.689,0.000,2.198,2.246,697965,1781607,0,811,761,761,44669760,1412988,394,422,0
218,1.524,0.670,0.000,2.195,2.291,697965,1781607,0,811,761,761,44669760,1412988,394,422,0
219,1.512,0.672,0.000,2.184,2.290,697965,1781607,0,811,761,761,44669760,1412988,394,422,0
220,1.481,0.666,0.000,2.147,2.277,697965,1781607,0,811,761,761,44669760,1412988,394,422,0
221,1.508,0.685,0.000,2.193,2.238,697965,1781607,0,811,761,761,44669760,1412988,394,422,0
222,1.501,0.662,0.000,2.164,2.293,697965,1781607,0,811,761,761,44669760,1412988,394,422,0
223,1.491,0.676,0.000,2.167,2.258,697965,1781607,0,811,761,761,44669760,1412988,394,422,0
224,1.497,0.670,0.000,2.167,2.267,697965,1781607,0,811,761,761,44669760,1412988,394,422,0
225,1.490,0.688,0.000,2.177,2.262,697965,1781607,0,811,761,761,44669760,1412988,394,422,0
226,1.516,0.669,0.000,2.186,2.271,697965,1781607,0,811,761,761,44669760,1412988,394,422,0
227,1.498,0.674,0.000,2.172,2.280,697965,1781607,0,811,761,761,44669760,1412988,394,422,0
228,1.508,0.689,0.000,2.197,2.278,697965,1781607,0,811,761,761,44669760,1412988,394,422,0
229,1.533,0.657,0.000,2.190,2.289,697965,1781607,0,811,761,761,44669760,1412988,394,422,0
230,1.517,0.673,0.000,2.190,2.286,697965,1781607,0,811,761,761,44669760,1412988,394,422,0
231,1.496,0.684,0.000,2.180,2.284,697965,1781607,0,811,761,761,44669760,1412988,394,422,0
232,1.490,0.684,0.000,2.174,2.276,697965,1781607,0,811,761,761,44669760,1412988,394,422,0
233,1.516,0.671,0.000,2.188,2.267,697965,1781607,0,811,761,761,44669760,1412988,394,422,0
234,1.490,0.653,0.000,2.143,2.281,697965,1781607,0,811,761,761,44669760,1412988,394,422,0
235,1.466,0.676,0.000,2.142,2.235,697965,1781607,0,811,761,761,44669760,1412988,394,422,0
236,1.526,0.675,0.000,2.201,2.236,697965,1781607,0,811,761,761,44669760,1412988,394,422,0
237,1.520,0.642,0.000,2.162,2.295,697965,1781607,0,811,761,761,44669760,1412988,394,422,0
238,1.502,0.670,0.000,2.172,2.257,697965,1781607,0,811,761,761,44669760,1412988,394,422,0
239,1.535,0.685,0.000,2.220,2.267,697965,1781607,0,811,761,761,44669760,1412988,394,422,0
240,1.545,0.651,0.000,2.196,2.314,697965,1781607,0,811,761,761,44669760,1412988,394,422,0
241,1.539,0.676,0.000,2.215,2.291,697965,1781607,0,811,761,761,44669760,1412988,394,422,0
242,1.493,0.668,0.000,2.161,2.308,697965,1781607,0,811,761,761,44669760,1412988,394,422,0
243,1.480,0.674,0.000,2.153,2.255,697965,1781607,0,811,761,761,44669760,1412988,394,422,0
244,1.519,0.674,0.000,2.193,2.247,697965,1781607,0,811,761,761,44669760,1412988,394,422,0
245,1.514,0.690,0.000,2.203,2.287,697965,1781607,0,811,761,761,44669760,1412988,394,422,0
246,1.492,0.668,0.000,2.160,2.297,697965,1781607,0,811,761,761,44669760,1412988,394,422,0
247,1.515,0.671,0.000,2.186,2.255,697965,1781607,0,811,761,761,44669760,1412988,394,422,0
248,1.552,0.665,0.000,2.217,2.279,697965,1781607,0,811,761,761,44669760,1412988,394,422,0
249,1.506,0.691,0.000,2.197,2.310,697965,1781607,0,811,761,761,44669760,1412988,394,422,0
250,1.546,0.694,0.000,2.240,2.292,697965,1781607,0,811,761,761,44669760,1412988,394,422,0
251,1.513,0.676,0.000,2.189,2.336,697965,1781607,0,811,761,761,44669760,1412988,394,422,0
252,1.496,0.676,0.000,2.171,2.284,697965,1781607,0,811,761,761,44669760,1412988,394,422,0
253,1.524,0.645,0.000,2.170,2.266,697965,1781607,0,811,761,761,44669760,1412988,394,422,0
254,1.539,0.675,0.000,2.214,2.262,697965,1781607,0,811,761,761,44669760,1412988,394,422,0
255,1.547,0.659,0.000,2.205,2.310,697965,1781607,0,811,761,761,44669760,1412988,394,422,0
256,1.534,0.682,0.000,2.216,2.304,697965,1781607,0,811,761,761,44669760,1412988,394,422,0
257,1.524,0.677,0.000,2.201,2.309,697965,1781607,0,811,761,761,44669760,1412988,394,422,0
258,1.501,0.678,0.000,2.179,2.300,697965,1781607,0,811,761,761,44669760,1412988,394,422,0
259,1.500,0.672,0.000,2.172,2.272,697965,1781607,0,811,761,761,44669760,1412988,394,422,0
260,1.489,0.663,0.000,2.152,2.269,697965,1781607,0,811,761,761,44669760,1412988,394,422,0
261,1.519,0.671,0.000,2.190,2.247,697965,1781607,0,811,761,761,44669760,1412988,394,422,0
262,1.578,0.677,0.000,2.256,2.288,697965,1781607,0,811,761,761,44669760,1412988,394,422,0
263,1.621,0.676,0.000,2.297,2.362,697965,1781607,0,811,761,761,44669760,1412988,394,422,0
264,1.561,0.672,0.000,2.233,2.400,697965,1781607,0,811,761,761,44669760,1412988,394,422,0
265,1.527,0.669,0.000,2.195,2.330,697965,1781607,0,811,761,761,44669760,1412988,394,422,0
266,1.519,0.688,0.000,2.207,2.291,697965,1781607,0,811,761,761,44669760,1412988,394,422,0
267,1.563,0.668,0.000,2.231,2.303,697965,1781607,0,811,761,761,44669760,1412988,394,422,0
268,1.543,0.656,0.000,2.199,2.328,697965,1781607,0,811,761,761,44669760,1412988,394,422,0
269,1.499,0.672,0.000,2.172,2.293,697965,1781607,0,811,761,761,44669760,1412988,394,422,0
270,1.553,0.660,0.000,2.213,2.270,697965,1781607,0,811,761,761,44669760,1412988,394,422,0
271,1.504,0.689,0.000,2.193,2.310,697965,1781607,0,811,761,761,44669760,1412988,394,422,0
272,1.547,0.680,0.000,2.227,2.288,697965,1781607,0,811,761,761,44669760,1412988,394,422,0
273,1.526,0.679,0.000,2.205,2.337,697965,1781607,0,811,761,761,44669760,1412988,394,422,0
274,1.539,0.671,0.000,2.210,2.308,697965,1781607,0,811,761,761,44669760,1412988,394,422,0
275,1.523,0.675,0.000,2.198,2.304,697965,1781607,0,811,761,761,44669760,1412988,394,422,0
276,1.511,0.670,0.000,2.182,2.294,697965,1781607,0,811,761,761,44669760,1412988,394,422,0
277,1.529,0.672,0.000,2.202,2.276,697965,1781607,0,811,761,761,44669760,1412988,394,422,0
278,1.528,0.654,0.000,2.182,2.296,697965,1781607,0,811,761,761,44669760,1412988,394,422,0
279,1.498,0.689,0.000,2.188,2.277,697965,1781607,0,811,761,761,44669760,1412988,394,422,0
280,1.541,0.656,0.000,2.198,2.286,697965,1781607,0,811,761,761,44669760,1412988,394,422,0
281,1.514,0.672,0.000,2.186,2.301,697965,1781607,0,811,761,761,44669760,1412988,394,422,0
282,1.521,0.651,0.000,2.172,2.281,697965,1781607,0,811,761,761,44669760,1412988,394,422,0
283,1.493,0.686,0.000,2.179,2.267,697965,1781607,0,811,761,761,44669760,1412988,394,422,0
284,1.553,0.670,0.000,2.223,2.279,697965,1781607,0,811,761,761,44669760,1412988,394,422,0
285,1.552,0.634,0.000,2.186,2.317,697965,1781607,0,811,761,761,44669760,1412988,394,422,0
286,1.495,0.679,0.000,2.175,2.280,697965,1781607,0,811,761,761,44669760,1412988,394,422,0
287,1.511,0.691,0.000,2.202,2.275,697965,1781607,0,811,761,761,44669760,1412988,394,422,0
288,1.511,0.671,0.000,2.182,2.297,697965,1781607,0,811,761,761,44669760,1412988,394,422,0
289,1.539,0.678,0.000,2.217,2.278,697965,1781607,0,811,761,761,44669760,1412988,394,422,0
290,1.527,0.679,0.000,2.206,2.315,697965,1781607,0,811,761,761,44669760,1412988,394,422,0
291,1.520,0.673,0.000,2.194,2.301,697965,1781607,0,811,761,761,44669760,1412988,394,422,0
292,1.508,0.674,0.000,2.181,2.288,697965,1781607,0,811,761,761,44669760,1412988,394,422,0
293,1.499,0.676,0.000,2.175,2.279,697965,1781607,0,811,761,761,44669760,1412988,394,422,0
294,1.511,0.675,0.000,2.187,2.268,697965,1781607,0,811,761,761,44669760,1412988,394,422,0
295,1.512,0.674,0.000,2.186,2.284,697965,1781607,0,811,761,761,44669760,1412988,394,422,0
296,1.480,0.680,0.000,2.160,2.280,697965,1781607,0,811,761,761,44669760,1412988,394,422,0
297,1.494,0.685,0.000,2.179,2.255,697965,1781607,0,811,761,761,44669760,1412988,394,422,0
298,1.521,0.674,0.000,2.195,2.276,697965,1781607,0,811,761,761,44669760,1412988,394,422,0
299,1.488,0.685,0.000,2.173,2.291,697965,1781607,0,811,761,761,44669760,1412988,394,422,0
300,1.537,0.661,0.000,2.198,2.269,697965,1781607,0,811,761,761,44669760,1412988,394,422,0
301,1.515,0.682,0.000,2.197,2.298,697965,1781607,0,811,761,761,44669760,1412988,394,422,0
302,1.501,0.654,0.000,2.155,2.290,697965,1781607,0,811,761,761,44669760,1412988,394,422,0
303,1.510,0.659,0.000,2.169,2.251,697965,1781607,0,811,761,761,44669760,1412988,394,422,0
304,1.488,0.685,0.000,2.174,2.265,697965,1781607,0,811,761,761,44669760,1412988,394,422,0
305,1.505,0.682,0.000,2.187,2.268,697965,1781607,0,811,761,761,44669760,1412988,394,422,0
306,1.493,0.653,0.000,2.146,2.281,697965,1781607,0,811,761,761,44669760,1412988,394,422,0
307,1.496,0.647,0.000,2.143,2.243,697965,1781607,0,811,761,761,44669760,1412988,394,422,0
308,1.509,0.680,0.000,2.189,2.238,697965,1781607,0,811,761,761,44669760,1412988,394,422,0
309,1.529,0.656,0.000,2.185,2.285,697965,1781607,0,811,761,761,44669760,1412988,394,422,0
310,1.542,0.666,0.000,2.208,2.281,697965,1781607,0,811,761,761,44669760,1412988,394,422,0
311,1.508,0.670,0.000,2.178,2.300,697965,1781607,0,811,761,761,44669760,1412988,394,422,0
312,1.529,0.649,0.000,2.178,2.275,697965,1781607,0,811,761,761,44669760,1412988,394,422,0
313,1.441,0.685,0.000,2.126,2.276,697965,1781607,0,811,761,761,44669760,1412988,394,422,0
314,1.505,0.673,0.000,2.179,2.219,697965,1781607,0,811,761,761,44669760,1412988,394,422,0
315,1.502,0.666,0.000,2.168,2.276,697965,1781607,0,811,761,761,44669760,1412988,394,422,0
316,1.486,0.658,0.000,2.144,2.262,697965,1781607,0,811,761,761,44669760,1412988,394,422,0
317,1.531,0.683,0.000,2.214,2.238,697965,1781607,0,811,761,761,44669760,1412988,394,422,0
318,1.482,0.670,0.000,2.153,2.311,697965,1781607,0,811,761,761,44669760,1412988,394,422,0
319,1.488,0.676,0.000,2.164,2.260,697965,1781607,0,811,761,761,44669760,1412988,394,422,0
320,1.531,0.669,0.000,2.200,2.258,697965,1781607,0,811,761,761,44669760,1412988,394,422,0
321,1.511,0.685,0.000,2.195,2.295,697965,1781607,0,811,761,761,44669760,1412988,394,422,0
322,1.490,0.667,0.000,2.157,2.290,697965,1781607,0,811,761,761,44669760,1412988,394,422,0
323,1.480,0.686,0.000,2.167,2.252,697965,1781607,0,811,761,761,44669760,1412988,394,422,0
324,1.482,0.686,0.000,2.168,2.261,697965,1781607,0,811,761,761,44669760,1412988,394,422,0
325,1.502,0.674,0.000,2.176,2.262,697965,1781607,0,811,761,761,44669760,1412988,394,422,0
326,1.463,0.666,0.000,2.129,2.271,697965,1781607,0,811,761,761,44669760,1412988,394,422,0
327,1.512,0.670,0.000,2.182,2.227,697965,1781607,0,811,761,761,44669760,1412988,394,422,0
328,1.510,0.660,0.000,2.170,2.275,697965,1781607,0,811,761,761,44669760,1412988,394,422,0
329,1.497,0.689,0.000,2.186,2.265,697965,1781607,0,811,761,761,44669760,1412988,394,422,0
330,1.504,0.695,0.000,2.199,2.281,697965,1781607,0,811,761,761,44669760,1412988,394,422,0
331,1.511,0.675,0.000,2.187,2.292,697965,1781607,0,811,761,761,44669760,1412988,394,422,0
332,1.500,0.656,0.000,2.156,2.284,697965,1781607,0,811,761,761,44669760,1412988,394,422,0
333,1.484,0.671,0.000,2.155,2.250,697965,1781607,0,811,761,761,44669760,1412988,394,422,0
334,1.487,0.673,0.000,2.160,2.248,697965,1781607,0,811,761,761,44669760,1412988,394,422,0
335,1.504,0.664,0.000,2.168,2.256,697965,1781607,0,811,761,761,44669760,1412988,394,422,0
336,1.495,0.682,0.000,2.177,2.261,697965,1781607,0,811,761,761,44669760,1412988,394,422,0
337,1.504,0.675,0.000,2.179,2.274,697965,1781607,0,811,761,761,44669760,1412988,394,422,0
338,1.528,0.678,0.000,2.205,2.274,697965,1781607,0,811,761,761,44669760,1412988,394,422,0
339,1.486,0.682,0.000,2.168,2.299,697965,1781607,0,811,761,761,44669760,1412988,394,422,0
340,1.476,0.682,0.000,2.157,2.264,697965,1781607,0,811,761,761,44669760,1412988,394,422,0
341,1.471,0.650,0.000,2.122,2.252,697965,1781607,0,811,761,761,44669760,1412988,394,422,0
342,1.494,0.676,0.000,2.169,2.219,697965,1781607,0,811,761,761,44669760,1412988,394,422,0
343,1.480,0.679,0.000,2.159,2.266,697965,1781607,0,811,761,761,44669760,1412988,394,422,0
344,1.492,0.678,0.000,2.171,2.253,697965,1781607,0,811,761,761,44669760,1412988,394,422,0
345,1.484,0.685,0.000,2.169,2.264,697965,1781607,0,811,761,761,44669760,1412988,394,422,0
346,1.500,0.690,0.000,2.191,2.265,697965,1781607,0,811,761,761,44669760,1412988,394,422,0
347,1.504,0.648,0.000,2.152,2.285,697965,1781607,0,811,761,761,44669760,1412988,394,422,0
348,1.478,0.640,0.000,2.117,2.246,697965,1781607,0,811,761,761,44669760,1412988,394,422,0
349,1.477,0.738,0.000,2.215,2.214,697965,1781607,0,811,761,761,44669760,1412988,394,422,0
350,1.487,0.685,0.000,2.172,2.307,697965,1781607,0,811,761,761,44669760,1412988,394,422,0
351,1.430,0.647,0.000,2.077,2.266,697965,1781607,0,811,761,761,44669760,1412988,394,422,0
352,1.376,0.662,0.000,2.038,2.174,697965,1781607,0,811,761,761,44669760,1412988,394,422,0
353,1.499,0.647,0.000,2.146,2.133,697965,1781607,0,811,761,761,44669760,1412988,394,422,0
354,1.394,0.642,0.000,2.036,2.241,697965,1781607,0,811,761,761,44669760,1412988,394,422,0
355,1.476,0.643,0.000,2.119,2.130,697965,1781607,0,811,761,761,44669760,1412988,394,422,0
356,1.428,0.663,0.000,2.090,2.212,697965,1781607,0,811,761,761,44669760,1412988,394,422,0
357,1.500,0.668,0.000,2.168,2.186,697965,1781607,0,811,761,761,44669760,1412988,394,422,0
358,1.486,0.697,0.000,2.183,2.264,697965,1781607,0,811,761,761,44669760,1412988,394,422,0
359,1.475,0.669,0.000,2.143,2.276,697965,1781607,0,811,761,761,44669760,1412988,394,422,0
360,1.372,0.674,0.000,2.047,2.238,697965,1781607,0,811,761,761,44669760,1412988,394,422,0
361,1.462,0.668,0.000,2.129,2.140,697965,1781607,0,811,761,761,44669760,1412988,394,422,0
362,1.473,0.661,0.000,2.134,2.223,697965,1781607,0,811,761,761,44669760,1412988,394,422,0
363,1.482,0.772,0.000,2.254,2.228,697965,1781607,0,811,761,761,44669760,1412988,394,422,0
364,1.578,0.683,0.000,2.261,2.364,697965,1781607,0,811,761,761,44669760,1412988,394,422,0
365,1.456,0.645,0.000,2.101,2.357,697965,1781607,0,811,761,761,44669760,1412988,394,422,0
366,1.362,0.668,0.000,2.031,2.195,697965,1781607,0,811,761,761,44669760,1412988,394,422,0
367,1.424,0.645,0.000,2.069,2.124,697965,1781607,0,811,761,761,44669760,1412988,394,422,0
368,1.383,0.657,0.000,2.040,2.168,697965,1781607,0,811,761,761,44669760,1412988,394,422,0
369,1.364,0.656,0.000,2.020,2.133,697965,1781607,0,811,761,761,44669760,1412988,394,422,0
370,1.405,0.649,0.000,2.054,2.113,697965,1781607,0,811,761,761,44669760,1412988,394,422,0
371,1.459,0.671,0.000,2.130,2.150,697965,1781607,0,811,761,761,44669760,1412988,394,422,0
372,1.515,0.664,0.000,2.179,2.226,697965,1781607,0,811,761,761,44669760,1412988,394,422,0
373,1.507,0.658,0.000,2.165,2.271,697965,1781607,0,811,761,761,44669760,1412988,394,422,0
374,1.496,0.656,0.000,2.152,2.262,697965,1781607,0,811,761,761,44669760,1412988,394,422,0
375,1.490,0.698,0.000,2.189,2.248,697965,1781607,0,811,761,761,44669760,1412988,394,422,0
376,1.484,0.659,0.000,2.143,2.281,697965,1781607,0,811,761,761,44669760,1412988,394,422,0
377,1.480,0.659,0.000,2.140,2.241,697965,1781607,0,811,761,761,44669760,1412988,394,422,0
378,1.462,0.680,0.000,2.142,2.235,697965,1781607,0,811,761,761,44669760,1412988,394,422,0
379,1.470,0.673,0.000,2.143,2.237,697965,1781607,0,811,761,761,44669760,1412988,394,422,0
380,1.470,0.645,0.000,2.115,2.238,697965,1781607,0,811,761,761,44669760,1412988,394,422,0
381,1.502,0.665,0.000,2.167,2.210,697965,1781607,0,811,761,761,44669760,1412988,394,422,0
382,1.494,0.663,0.000,2.158,2.263,697965,1781607,0,811,761,761,44669760,1412988,394,422,0
383,1.507,0.655,0.000,2.162,2.253,697965,1781607,0,811,761,761,44669760,1412988,394,422,0
384,1.508,0.679,0.000,2.187,2.256,697965,1781607,0,811,761,761,44669760,1412988,394,422,0
385,1.533,0.687,0.000,2.220,2.285,697965,1781607,0,811,761,761,44669760,1412988,394,422,0
386,1.487,0.699,0.000,2.186,2.314,697965,1781607,0,811,761,761,44669760,1412988,394,422,0
387,1.474,0.698,0.000,2.172,2.282,697965,1781607,0,811,761,761,44669760,1412988,394,422,0
388,1.481,0.680,0.000,2.161,2.269,697965,1781607,0,811,761,761,44669760,1412988,394,422,0
389,1.633,0.761,0.000,2.395,2.350,697965,1781607,0,811,761,761,44669760,1412988,394,422,0
390,1.524,0.715,0.000,2.239,2.489,697965,1781607,0,811,761,761,44669760,1412988,394,422,0
391,1.558,0.683,0.000,2.242,2.334,697965,1781607,0,811,761,761,44669760,1412988,394,422,0
392,1.587,0.709,0.000,2.296,2.340,697965,1781607,0,811,761,761,44669760,1412988,394,422,0
393,1.456,0.657,0.000,2.113,2.395,697965,1781607,0,811,761,761,44669760,1412988,394,422,0
394,1.498,0.705,0.000,2.203,2.209,697965,1781607,0,811,761,761,44669760,1412988,394,422,0
395,1.536,0.746,0.000,2.282,2.297,697965,1781607,0,811,761,761,44669760,1412988,394,422,0
396,1.535,0.683,0.000,2.218,2.377,697965,1781607,0,811,761,761,44669760,1412988,394,422,0
397,1.473,0.684,0.000,2.157,2.314,697965,1781607,0,811,761,761,44669760,1412988,394,422,0
398,1.443,0.651,0.000,2.094,2.251,697965,1781607,0,811,761,761,44669760,1412988,394,422,0
399,1.406,0.651,0.000,2.057,2.189,697965,1781607,0,811,761,761,44669760,1412988,394,422,0
400,1.374,0.634,0.000,2.008,2.150,697965,1781607,0,811,761,761,44669760,1412988,394,422,0
401,1.370,0.628,0.000,1.998,2.101,697965,1781607,0,811,761,761,44669760,1412988,394,422,0
402,1.388,0.681,0.000,2.070,2.094,697965,1781607,0,811,761,761,44669760,1412988,394,422,0
403,1.486,0.699,0.000,2.185,2.181,697965,1781607,0,811,761,761,44669760,1412988,394,422,0
404,1.373,0.652,0.000,2.026,2.284,697965,1781607,0,811,761,761,44669760,1412988,394,422,0
405,1.452,0.648,0.000,2.100,2.119,697965,1781607,0,811,761,761,44669760,1412988,394,422,0
406,1.381,0.666,0.000,2.047,2.196,697965,1781607,0,811,761,761,44669760,1412988,394,422,0
407,1.447,0.652,0.000,2.099,2.140,697965,1781607,0,811,761,761,44669760,1412988,394,422,0
408,1.370,0.665,0.000,2.035,2.202,697965,1781607,0,811,761,761,44669760,1412988,394,422,0
409,1.371,0.663,0.000,2.034,2.131,697965,1781607,0,811,761,761,44669760,1412988,394,422,0
410,1.396,0.651,0.000,2.047,2.141,697965,1781607,0,811,761,761,44669760,1412988,394,422,0
411,1.483,0.717,0.000,2.201,2.144,697965,1781607,0,811,761,761,44669760,1412988,394,422,0
412,1.587,0.670,0.000,2.257,2.300,697965,1781607,0,811,761,761,44669760,1412988,394,422,0
413,1.505,0.689,0.000,2.194,2.353,697965,1781607,0,811,761,761,44669760,1412988,394,422,0
414,1.502,0.687,0.000,2.189,2.290,697965,1781607,0,811,761,761,44669760,1412988,394,422,0
415,1.517,0.657,0.000,2.174,2.287,697965,1781607,0,811,761,761,44669760,1412988,394,422,0
416,1.453,0.652,0.000,2.105,2.267,697965,1781607,0,811,761,761,44669760,1412988,394,422,0
417,1.456,0.656,0.000,2.112,2.203,697965,1781607,0,811,761,761,44669760,1412988,394,422,0
418,1.529,0.628,0.000,2.156,2.212,697965,1781607,0,811,761,761,44669760,1412988,394,422,0
419,1.533,0.664,0.000,2.196,2.286,697965,1781607,0,811,761,761,44669760,1412988,394,422,0
420,1.474,0.651,0.000,2.125,2.414,697965,1781607,0,811,761,761,44669760,1412988,394,422,0
421,1.448,0.677,0.000,2.125,2.315,697965,1781607,0,811,761,761,44669760,1412988,394,422,0
422,1.458,0.656,0.000,2.113,2.324,697965,1781607,0,811,761,761,44669760,1412988,394,422,0
423,1.493,0.637,0.000,2.131,2.269,697965,1781607,0,811,761,761,44669760,1412988,394,422,0
424,1.431,0.648,0.000,2.079,2.279,697965,1781607,0,811,761,761,44669760,1412988,394,422,0
425,1.462,0.647,0.000,2.109,2.236,697965,1781607,0,811,761,761,44669760,1412988,394,422,0
426,1.433,0.637,0.000,2.070,2.203,697965,1781607,0,811,761,761,44669760,1412988,394,422,0
427,1.446,0.641,0.000,2.087,2.206,697965,1781607,0,811,761,761,44669760,1412988,394,422,0
428,1.424,0.653,0.000,2.077,2.182,697965,1781607,0,811,761,761,44669760,1412988,394,422,0
429,1.523,0.674,0.000,2.197,2.245,697965,1781607,0,811,761,761,44669760,1412988,394,422,0
430,1.608,0.691,0.000,2.298,2.433,697965,1781607,0,811,761,761,44669760,1412988,394,422,0
431,1.553,0.670,0.000,2.223,2.497,697965,1781607,0,811,761,761,44669760,1412988,394,422,0
432,1.537,0.757,0.000,2.293,2.375,697965,1781607,0,811,761,761,44669760,1412988,394,422,0
433,1.590,0.759,0.000,2.349,2.592,697965,1781607,0,811,761,761,44669760,1412988,394,422,0
434,1.598,0.736,0.000,2.333,2.457,697965,1781607,0,811,761,761,44669760,1412988,394,422,0
435,1.620,0.737,0.000,2.357,2.507,697965,1781607,0,811,761,761,44669760,1412988,394,422,0
436,1.591,0.766,0.000,2.357,2.553,697965,1781607,0,811,761,761,44669760,1412988,394,422,0
437,1.569,0.731,0.000,2.300,2.616,697965,1781607,0,811,761,761,44669760,1412988,394,422,0
438,1.540,0.756,0.000,2.296,2.434,697965,1781607,0,811,761,761,44669760,1412988,394,422,0
439,1.567,0.701,0.000,2.269,2.454,697965,1781607,0,811,761,761,44669760,1412988,394,422,0
440,1.622,0.699,0.000,2.321,2.430,697965,1781607,0,811,761,761,44669760,1412988,394,422,0
441,1.587,0.699,0.000,2.286,2.424,697965,1781607,0,811,761,761,44669760,1412988,394,422,0
442,1.612,0.722,0.000,2.334,2.574,697965,1781607,0,811,761,761,44669760,1412988,394,422,0
443,1.638,0.717,0.000,2.355,2.536,697965,1781607,0,811,761,761,44669760,1412988,394,422,0
444,1.604,0.750,0.000,2.355,2.513,697965,1781607,0,811,761,761,44669760,1412988,394,422,0
445,1.494,0.669,0.000,2.163,2.467,697965,1781607,0,811,761,761,44669760,1412988,394,422,0
446,1.571,0.705,0.000,2.276,2.296,697965,1781607,0,811,761,761,44669760,1412988,394,422,0
447,1.502,0.685,0.000,2.187,2.426,697965,1781607,0,811,761,761,44669760,1412988,394,422,0
448,1.476,0.666,0.000,2.141,2.355,697965,1781607,0,811,761,761,44669760,1412988,394,422,0
449,1.521,0.651,0.000,2.172,2.302,697965,1781607,0,811,761,761,44669760,1412988,394,422,0
450,1.537,0.682,0.000,2.220,2.412,697965,1781607,0,811,761,761,44669760,1412988,394,422,0
451,1.634,0.649,0.000,2.283,2.589,697965,1781607,0,811,761,761,44669760,1412988,394,422,0
452,1.456,0.683,0.000,2.140,2.512,697965,1781607,0,811,761,761,44669760,1412988,394,422,0
453,1.439,0.660,0.000,2.099,2.237,697965,1781607,0,811,761,761,44669760,1412988,394,422,0
454,1.448,0.681,0.000,2.128,2.279,697965,1781607,0,811,761,761,44669760,1412988,394,422,0
455,1.543,0.704,0.000,2.247,2.251,697965,1781607,0,811,761,761,44669760,1412988,394,422,0
456,1.544,0.700,0.000,2.244,2.413,697965,1781607,0,811,761,761,44669760,1412988,394,422,0
457,1.543,0.710,0.000,2.253,2.338,697965,1781607,0,811,761,761,44669760,1412988,394,422,0
458,1.429,0.725,0.000,2.154,2.351,697965,1781607,0,811,761,761,44669760,1412988,394,422,0
459,1.428,0.690,0.000,2.118,2.252,697965,1781607,0,811,761,761,44669760,1412988,394,422,0
460,1.505,0.672,0.000,2.177,2.253,697965,1781607,0,811,761,761,44669760,1412988,394,422,0
461,1.557,0.676,0.000,2.233,2.383,697965,1781607,0,811,761,761,44669760,1412988,394,422,0
462,1.495,0.660,0.000,2.155,2.359,697965,1781607,0,811,761,761,44669760,1412988,394,422,0
463,1.475,0.697,0.000,2.172,2.361,697965,1781607,0,811,761,761,44669760,1412988,394,422,0
464,1.454,0.655,0.000,2.109,2.319,697965,1781607,0,811,761,761,44669760,1412988,394,422,0
465,1.434,0.666,0.000,2.099,2.206,697965,1781607,0,811,761,761,44669760,1412988,394,422,0
466,1.439,0.651,0.000,2.090,2.243,697965,1781607,0,811,761,761,44669760,1412988,394,422,0
467,1.487,0.673,0.000,2.160,2.186,697965,1781607,0,811,761,761,44669760,1412988,394,422,0
468,1.540,0.724,0.000,2.264,2.258,697965,1781607,0,811,761,761,44669760,1412988,394,422,0
469,1.541,0.705,0.000,2.246,2.411,697965,1781607,0,811,761,761,44669760,1412988,394,422,0
470,1.531,0.706,0.000,2.237,2.358,697965,1781607,0,811,761,761,44669760,1412988,394,422,0
471,1.448,0.682,0.000,2.130,2.380,697965,1781607,0,811,761,761,44669760,1412988,394,422,0
472,1.548,0.710,0.000,2.257,2.286,697965,1781607,0,811,761,761,44669760,1412988,394,422,0
473,1.556,0.689,0.000,2.245,2.352,697965,1781607,0,811,761,761,44669760,1412988,394,422,0
474,1.516,0.697,0.000,2.214,2.342,697965,1781607,0,811,761,761,44669760,1412988,394,422,0
475,1.537,0.706,0.000,2.243,2.309,697965,1781607,0,811,761,761,44669760,1412988,394,422,0
476,1.560,0.730,0.000,2.290,2.369,697965,1781607,0,811,761,761,44669760,1412988,394,422,0
477,1.426,0.681,0.000,2.107,2.388,697965,1781607,0,811,761,761,44669760,1412988,394,422,0
478,1.444,0.653,0.000,2.097,2.204,697965,1781607,0,811,761,761,44669760,1412988,394,422,0
479,1.443,0.670,0.000,2.113,2.195,697965,1781607,0,811,761,761,44669760,1412988,394,422,0
480,1.573,0.698,0.000,2.271,2.242,697965,1781607,0,811,761,761,44669760,1412988,394,422,0
481,1.430,0.680,0.000,2.110,2.442,697965,1781607,0,811,761,761,44669760,1412988,394,422,0
482,1.387,0.677,0.000,2.064,2.290,697965,1781607,0,811,761,761,44669760,1412988,394,422,0
483,1.419,0.686,0.000,2.105,2.191,697965,1781607,0,811,761,761,44669760,1412988,394,422,0
484,1.517,0.743,0.000,2.260,2.207,697965,1781607,0,811,761,761,44669760,1412988,394,422,0
485,1.496,0.707,0.000,2.203,2.375,697965,1781607,0,811,761,761,44669760,1412988,394,422,0
486,1.547,0.696,0.000,2.243,2.325,697965,1781607,0,811,761,761,44669760,1412988,394,422,0
487,1.579,0.728,0.000,2.307,2.339,697965,1781607,0,811,761,761,44669760,1412988,394,422,0
488,1.520,0.657,0.000,2.176,2.405,697965,1781607,0,811,761,761,44669760,1412988,394,422,0
489,1.498,0.655,0.000,2.154,2.335,697965,1781607,0,811,761,761,44669760,1412988,394,422,0
490,1.494,0.682,0.000,2.177,2.246,697965,1781607,0,811,761,761,44669760,1412988,394,422,0
491,1.529,0.702,0.000,2.231,2.272,697965,1781607,0,811,761,761,44669760,1412988,394,422,0
492,1.539,0.659,0.000,2.198,2.329,697965,1781607,0,811,761,761,44669760,1412988,394,422,0
493,1.535,0.671,0.000,2.207,2.427,697965,1781607,0,811,761,761,44669760,1412988,394,422,0
494,1.575,0.709,0.000,2.284,2.451,697965,1781607,0,811,761,761,44669760,1412988,394,422,0
495,1.504,0.688,0.000,2.192,2.382,697965,1781607,0,811,761,761,44669760,1412988,394,422,0
496,1.478,0.655,0.000,2.133,2.361,697965,1781607,0,811,761,761,44669760,1412988,394,422,0
497,1.467,0.678,0.000,2.145,2.233,697965,1781607,0,811,761,761,44669760,1412988,394,422,0
498,1.480,0.676,0.000,2.157,2.241,697965,1781607,0,811,761,761,44669760,1412988,394,422,0
499,1.509,0.670,0.000,2.179,2.253,697965,1781607,0,811,761,761,44669760,1412988,394,422,0
500,1.408,0.665,0.000,2.073,2.281,697965,1781607,0,811,761,761,44669760,1412988,394,422,0
501,1.419,0.669,0.000,2.089,2.180,697965,1781607,0,811,761,761,44669760,1412988,394,422,0
502,1.553,0.720,0.000,2.274,2.185,697965,1781607,0,811,761,761,44669760,1412988,394,422,0
503,1.414,0.697,0.000,2.111,2.374,697965,1781607,0,811,761,761,44669760,1412988,394,422,0
504,1.532,0.720,0.000,2.252,2.209,697965,1781607,0,811,761,761,44669760,1412988,394,422,0
505,1.408,0.695,0.000,2.102,2.355,697965,1781607,0,811,761,761,44669760,1412988,394,422,0
506,1.543,0.718,0.000,2.261,2.197,697965,1781607,0,811,761,761,44669760,1412988,394,422,0
507,1.466,0.649,0.000,2.115,2.359,697965,1781607,0,811,761,761,44669760,1412988,394,422,0
508,1.609,0.733,0.000,2.342,2.220,697965,1781607,0,811,761,761,44669760,1412988,394,422,0
509,1.564,0.681,0.000,2.245,2.517,697965,1781607,0,811,761,761,44669760,1412988,394,422,0
510,1.558,0.652,0.000,2.210,2.347,697965,1781607,0,811,761,761,44669760,1412988,394,422,0
511,1.496,0.655,0.000,2.151,2.359,697965,1781607,0,811,761,761,44669760,1412988,394,422,0
512,1.617,0.697,0.000,2.314,2.249,697965,1781607,0,811,761,761,44669760,1412988,394,422,0
513,1.600,0.755,0.000,2.355,2.494,697965,1781607,0,811,761,761,44669760,1412988,394,422,0
514,1.584,0.782,0.000,2.366,2.581,697965,1781607,0,811,761,761,44669760,1412988,394,422,0
515,1.577,0.745,0.000,2.322,2.472,697965,1781607,0,811,761,761,44669760,1412988,394,422,0
516,1.454,0.719,0.000,2.174,2.421,697965,1781607,0,811,761,761,44669760,1412988,394,422,0
517,1.501,0.688,0.000,2.188,2.275,697965,1781607,0,811,761,761,44669760,1412988,394,422,0
518,1.529,0.756,0.000,2.285,2.290,697965,1781607,0,811,761,761,44669760,1412988,394,422,0
519,1.718,0.727,0.000,2.445,2.419,697965,1781607,0,811,761,761,44669760,1412988,394,422,0
520,1.709,0.685,0.000,2.394,2.546,697965,1781607,0,811,761,761,44669760,1412988,394,422,0
521,1.611,0.719,0.000,2.330,2.489,697965,1781607,0,811,761,761,44669760,1412988,394,422,0
522,1.549,0.715,0.000,2.263,2.436,697965,1781607,0,811,761,761,44669760,1412988,394,422,0
523,1.559,0.688,0.000,2.248,2.360,697965,1781607,0,811,761,761,44669760,1412988,394,422,0
524,1.626,0.674,0.000,2.300,2.346,697965,1781607,0,811,761,761,44669760,1412988,394,422,0
525,1.733,0.727,0.000,2.460,2.396,697965,1781607,0,811,761,761,44669760,1412988,394,422,0
526,1.612,0.716,0.000,2.328,2.556,697965,1781607,0,811,761,761,44669760,1412988,394,422,0
527,1.587,0.722,0.000,2.309,2.429,697965,1781607,0,811,761,761,44669760,1412988,394,422,0
528,1.592,0.690,0.000,2.282,2.407,697965,1781607,0,811,761,761,44669760,1412988,394,422,0
529,1.529,0.701,0.000,2.230,2.380,697965,1781607,0,811,761,761,44669760,1412988,394,422,0
530,1.617,0.690,0.000,2.307,2.343,697965,1781607,0,811,761,761,44669760,1412988,394,422,0
531,1.760,0.679,0.000,2.439,2.467,697965,1781607,0,811,761,761,44669760,1412988,394,422,0
532,1.760,0.711,0.000,2.470,2.696,697965,1781607,0,811,761,761,44669760,1412988,394,422,0
533,1.637,0.697,0.000,2.334,2.585,697965,1781607,0,811,761,761,44669760,1412988,394,422,0
534,1.548,0.673,0.000,2.220,2.429,697965,1781607,0,811,761,761,44669760,1412988,394,422,0
535,1.561,0.678,0.000,2.239,2.318,697965,1781607,0,811,761,761,44669760,1412988,394,422,0
536,1.554,0.683,0.000,2.237,2.334,697965,1781607,0,811,761,761,44669760,1412988,394,422,0
537,1.549,0.657,0.000,2.206,2.331,697965,1781607,0,811,761,761,44669760,1412988,394,422,0
538,1.475,0.650,0.000,2.125,2.304,697965,1781607,0,811,761,761,44669760,1412988,394,422,0
539,1.494,0.648,0.000,2.142,2.222,697965,1781607,0,811,761,761,44669760,1412988,394,422,0
540,1.513,0.651,0.000,2.164,2.274,697965,1781607,0,811,761,761,44669760,1412988,394,422,0
541,1.489,0.651,0.000,2.140,2.261,697965,1781607,0,811,761,761,44669760,1412988,394,422,0
542,1.470,0.647,0.000,2.117,2.312,697965,1781607,0,811,761,761,44669760,1412988,394,422,0
543,1.457,0.699,0.000,2.156,2.209,697965,1781607,0,811,761,761,44669760,1412988,394,422,0
544,1.522,0.668,0.000,2.190,2.250,697965,1781607,0,811,761,761,44669760,1412988,394,422,0
545,1.568,0.687,0.000,2.255,2.286,697965,1781607,0,811,761,761,44669760,1412988,394,422,0
546,1.565,0.632,0.000,2.197,2.405,697965,1781607,0,811,761,761,44669760,1412988,394,422,0
547,1.444,0.636,0.000,2.080,2.293,697965,1781607,0,811,761,761,44669760,1412988,394,422,0
548,1.494,0.637,0.000,2.131,2.177,697965,1781607,0,811,761,761,44669760,1412988,394,422,0
549,1.436,0.640,0.000,2.076,2.223,697965,1781607,0,811,761,761,44669760,1412988,394,422,0
550,1.443,0.659,0.000,2.102,2.171,697965,1781607,0,811,761,761,44669760,1412988,394,422,0
551,1.469,0.647,0.000,2.116,2.196,697965,1781607,0,811,761,761,44669760,1412988,394,422,0
552,1.443,0.637,0.000,2.080,2.214,697965,1781607,0,811,761,761,44669760,1412988,394,422,0
553,1.465,0.663,0.000,2.129,2.175,697965,1781607,0,811,761,761,44669760,1412988,394,422,0
554,1.436,0.655,0.000,2.092,2.223,697965,1781607,0,811,761,761,44669760,1412988,394,422,0
555,1.417,0.716,0.000,2.133,2.188,697965,1781607,0,811,761,761,44669760,1412988,394,422,0
556,1.629,0.699,0.000,2.329,2.247,697965,1781607,0,811,761,761,44669760,1412988,394,422,0
557,1.532,0.705,0.000,2.237,2.428,697965,1781607,0,811,761,761,44669760,1412988,394,422,0
558,1.440,0.690,0.000,2.130,2.333,697965,1781607,0,811,761,761,44669760,1412988,394,422,0
559,1.509,0.682,0.000,2.191,2.233,697965,1781607,0,811,761,761,44669760,1412988,394,422,0
560,1.424,0.646,0.000,2.070,2.286,697965,1781607,0,811,761,761,44669760,1412988,394,422,0
561,1.441,0.681,0.000,2.123,2.211,697965,1781607,0,811,761,761,44669760,1412988,394,422,0
562,1.486,0.696,0.000,2.181,2.228,697965,1781607,0,811,761,761,44669760,1412988,394,422,0
563,1.462,0.644,0.000,2.106,2.280,697965,1781607,0,811,761,761,44669760,1412988,394,422,0
564,1.474,0.645,0.000,2.118,2.201,697965,1781607,0,811,761,761,44669760,1412988,394,422,0
565,1.468,0.693,0.000,2.162,2.212,697965,1781607,0,811,761,761,44669760,1412988,394,422,0
566,1.450,0.640,0.000,2.089,2.258,697965,1781607,0,811,761,761,44669760,1412988,394,422,0
567,1.460,0.665,0.000,2.126,2.184,697965,1781607,0,811,761,761,44669760,1412988,394,422,0
568,1.443,0.645,0.000,2.088,2.221,697965,1781607,0,811,761,761,44669760,1412988,394,422,0
569,1.445,0.664,0.000,2.110,2.183,697965,1781607,0,811,761,761,44669760,1412988,394,422,0
570,1.426,0.656,0.000,2.082,2.210,697965,1781607,0,811,761,761,44669760,1412988,394,422,0
571,1.449,0.645,0.000,2.095,2.174,697965,1781607,0,811,761,761,44669760,1412988,394,422,0
572,1.409,0.646,0.000,2.055,2.234,697965,1781607,0,811,761,761,44669760,1412988,394,422,0
573,1.447,0.649,0.000,2.097,2.152,697965,1781607,0,811,761,761,44669760,1412988,394,422,0
574,1.514,0.637,0.000,2.151,2.193,697965,1781607,0,811,761,761,44669760,1412988,394,422,0
575,1.432,0.629,0.000,2.061,2.246,697965,1781607,0,811,761,761,44669760,1412988,394,422,0
576,1.453,0.632,0.000,2.085,2.154,697965,1781607,0,811,761,761,44669760,1412988,394,422,0
577,1.405,0.648,0.000,2.053,2.181,697965,1781607,0,811,761,761,44669760,1412988,394,422,0
578,1.419,0.635,0.000,2.054,2.148,697965,1781607,0,811,761,761,44669760,1412988,394,422,0
579,1.465,0.633,0.000,2.098,2.148,697965,1781607,0,811,761,761,44669760,1412988,394,422,0
580,1.469,0.641,0.000,2.110,2.195,697965,1781607,0,811,761,761,44669760,1412988,394,422,0
581,1.433,0.641,0.000,2.074,2.245,697965,1781607,0,811,761,761,44669760,1412988,394,422,0
582,1.408,0.639,0.000,2.048,2.167,697965,1781607,0,811,761,761,44669760,1412988,394,422,0
583,1.595,0.642,0.000,2.237,2.144,697965,1781607,0,811,761,761,44669760,1412988,394,422,0
584,1.519,0.669,0.000,2.187,2.332,697965,1781607,0,811,761,761,44669760,1412988,394,422,0
585,1.505,0.648,0.000,2.153,2.283,697965,1781607,0,811,761,761,44669760,1412988,394,422,0
586,1.552,0.661,0.000,2.213,2.251,697965,1781607,0,811,761,761,44669760,1412988,394,422,0
587,1.518,0.656,0.000,2.175,2.309,697965,1781607,0,811,761,761,44669760,1412988,394,422,0
588,1.516,0.674,0.000,2.190,2.270,697965,1781607,0,811,761,761,44669760,1412988,394,422,0
589,1.533,0.677,0.000,2.210,2.285,697965,1781607,0,811,761,761,44669760,1412988,394,422,0
590,1.549,0.664,0.000,2.213,2.303,697965,1781607,0,811,761,761,44669760,1412988,394,422,0
591,1.466,0.667,0.000,2.132,2.307,697965,1781607,0,811,761,761,44669760,1412988,394,422,0
592,1.549,0.672,0.000,2.221,2.250,697965,1781607,0,811,761,761,44669760,1412988,394,422,0
593,1.567,0.689,0.000,2.256,2.314,697965,1781607,0,811,761,761,44669760,1412988,394,422,0
594,1.520,0.671,0.000,2.191,2.351,697965,1781607,0,811,761,761,44669760,1412988,394,422,0
595,1.531,0.681,0.000,2.211,2.286,697965,1781607,0,811,761,761,44669760,1412988,394,422,0
596,1.535,0.636,0.000,2.171,2.307,697965,1781607,0,811,761,761,44669760,1412988,394,422,0
597,1.521,0.665,0.000,2.186,2.274,697965,1781607,0,811,761,761,44669760,1412988,394,422,0
598,1.522,0.648,0.000,2.169,2.280,697965,1781607,0,811,761,761,44669760,1412988,394,422,0
599,1.540,0.667,0.000,2.207,2.262,697965,1781607,0,811,761,761,44669760,1412988,394,422,0
600,1.576,0.663,0.000,2.239,2.303,697965,1781607,0,811,761,761,44669760,1412988,394,422,0
601,1.542,0.666,0.000,2.208,2.333,697965,1781607,0,811,761,761,44669760,1412988,394,422,0
602,1.557,0.657,0.000,2.214,2.304,697965,1781607,0,811,761,761,44669760,1412988,394,422,0
603,1.574,0.664,0.000,2.237,2.308,697965,1781607,0,811,761,761,44669760,1412988,394,422,0
604,1.461,0.676,0.000,2.137,2.332,697965,1781607,0,811,761,761,44669760,1412988,394,422,0
605,1.494,0.675,0.000,2.169,2.234,697965,1781607,0,811,761,761,44669760,1412988,394,422,0
606,1.532,0.674,0.000,2.207,2.265,697965,1781607,0,811,761,761,44669760,1412988,394,422,0
607,1.522,0.657,0.000,2.179,2.300,697965,1781607,0,811,761,761,44669760,1412988,394,422,0
608,1.512,0.669,0.000,2.181,2.276,697965,1781607,0,811,761,761,44669760,1412988,394,422,0
609,1.548,0.665,0.000,2.213,2.275,697965,1781607,0,811,761,761,44669760,1412988,394,422,0
610,1.564,0.634,0.000,2.199,2.305,697965,1781607,0,811,761,761,44669760,1412988,394,422,0
611,1.547,0.660,0.000,2.207,2.295,697965,1781607,0,811,761,761,44669760,1412988,394,422,0
612,1.518,0.652,0.000,2.170,2.303,697965,1781607,0,811,761,761,44669760,1412988,394,422,0
613,1.539,0.657,0.000,2.196,2.263,697965,1781607,0,811,761,761,44669760,1412988,394,422,0
614,1.537,0.653,0.000,2.190,2.291,697965,1781607,0,811,761,761,44669760,1412988,394,422,0
615,1.510,0.651,0.000,2.162,2.285,697965,1781607,0,811,761,761,44669760,1412988,394,422,0
616,1.557,0.649,0.000,2.206,2.259,697965,1781607,0,811,761,761,44669760,1412988,394,422,0
617,1.557,0.679,0.000,2.235,2.299,697965,1781607,0,811,761,761,44669760,1412988,394,422,0
618,1.489,0.661,0.000,2.150,2.331,697965,1781607,0,811,761,761,44669760,1412988,394,422,0
619,1.512,0.661,0.000,2.172,2.248,697965,1781607,0,811,761,761,44669760,1412988,394,422,0
620,1.535,0.662,0.000,2.197,2.268,697965,1781607,0,811,761,761,44669760,1412988,394,422,0
621,1.541,0.681,0.000,2.222,2.293,697965,1781607,0,811,761,761,44669760,1412988,394,422,0
622,1.520,0.655,0.000,2.175,2.319,697965,1781607,0,811,761,761,44669760,1412988,394,422,0
623,1.540,0.678,0.000,2.218,2.268,697965,1781607,0,811,761,761,44669760,1412988,394,422,0
624,1.530,0.667,0.000,2.197,2.312,697965,1781607,0,811,761,761,44669760,1412988,394,422,0
625,1.497,0.681,0.000,2.178,2.295,697965,1781607,0,811,761,761,44669760,1412988,394,422,0
626,1.489,0.669,0.000,2.158,2.273,697965,1781607,0,811,761,761,44669760,1412988,394,422,0
627,1.552,0.658,0.000,2.210,2.252,697965,1781607,0,811,761,761,44669760,1412988,394,422,0
628,1.526,0.670,0.000,2.196,2.306,697965,1781607,0,811,761,761,44669760,1412988,394,422,0
629,1.533,0.656,0.000,2.188,2.296,697965,1781607,0,811,761,761,44669760,1412988,394,422,0
630,1.586,0.664,0.000,2.250,2.291,697965,1781607,0,811,761,761,44669760,1412988,394,422,0
631,1.535,0.647,0.000,2.182,2.350,697965,1781607,0,811,761,761,44669760,1412988,394,422,0
632,1.511,0.669,0.000,2.179,2.280,697965,1781607,0,811,761,761,44669760,1412988,394,422,0
633,1.512,0.670,0.000,2.182,2.276,697965,1781607,0,811,761,761,44669760,1412988,394,422,0
634,1.559,0.623,0.000,2.183,2.280,697965,1781607,0,811,761,761,44669760,1412988,394,422,0
635,1.538,0.659,0.000,2.197,2.276,697965,1781607,0,811,761,761,44669760,1412988,394,422,0
636,1.529,0.665,0.000,2.195,2.295,697965,1781607,0,811,761,761,44669760,1412988,394,422,0
637,1.543,0.675,0.000,2.218,2.290,697965,1781607,0,811,761,761,44669760,1412988,394,422,0
638,1.569,0.626,0.000,2.196,2.321,697965,1781607,0,811,761,761,44669760,1412988,394,422,0
639,1.513,0.671,0.000,2.184,2.292,697965,1781607,0,811,761,761,44669760,1412988,394,422,0
640,1.517,0.642,0.000,2.159,2.282,697965,1781607,0,811,761,761,44669760,1412988,394,422,0
641,1.571,0.627,0.000,2.198,2.253,697965,1781607,0,811,761,761,44669760,1412988,394,422,0
642,1.544,0.639,0.000,2.184,2.296,697965,1781607,0,811,761,761,44669760,1412988,394,422,0
643,1.532,0.661,0.000,2.193,2.279,697965,1781607,0,811,761,761,44669760,1412988,394,422,0
644,1.541,0.664,0.000,2.204,2.290,697965,1781607,0,811,761,761,44669760,1412988,394,422,0
645,1.563,0.628,0.000,2.192,2.299,697965,1781607,0,811,761,761,44669760,1412988,394,422,0
646,1.477,0.634,0.000,2.111,2.288,697965,1781607,0,811,761,761,44669760,1412988,394,422,0
647,2.062,0.698,0.000,2.760,2.209,697965,1781607,0,811,761,761,44669760,1412988,394,422,0
648,1.560,0.681,0.000,2.242,2.870,697965,1781607,0,811,761,761,44669760,1412988,394,422,0
649,1.586,0.650,0.000,2.236,2.337,697965,1781607,0,811,761,761,44669760,1412988,394,422,0
650,1.547,0.668,0.000,2.216,2.331,697965,1781607,0,811,761,761,44669760,1412988,394,422,0
651,1.560,0.670,0.000,2.230,2.309,697965,1781607,0,811,761,761,44669760,1412988,394,422,0
652,1.562,0.657,0.000,2.220,2.326,697965,1781607,0,811,761,761,44669760,1412988,394,422,0
653,1.579,0.665,0.000,2.244,2.316,697965,1781607,0,811,761,761,44669760,1412988,394,422,0
654,1.538,0.669,0.000,2.207,2.339,697965,1781607,0,811,761,761,44669760,1412988,394,422,0
655,1.583,0.664,0.000,2.247,2.300,697965,1781607,0,811,761,761,44669760,1412988,394,422,0
656,1.582,0.639,0.000,2.221,2.342,697965,1781607,0,811,761,761,44669760,1412988,394,422,0
657,1.515,0.672,0.000,2.186,2.316,697965,1781607,0,811,761,761,44669760,1412988,394,422,0
658,1.538,0.639,0.000,2.178,2.279,697965,1781607,0,811,761,761,44669760,1412988,394,422,0
659,1.588,0.638,0.000,2.225,2.276,697965,1781607,0,811,761,761,44669760,1412988,394,422,0
660,1.447,0.637,0.000,2.084,2.326,697965,1781607,0,811,761,761,44669760,1412988,394,422,0
661,1.444,0.665,0.000,2.109,2.180,697965,1781607,0,811,761,761,44669760,1412988,394,422,0
662,1.545,0.663,0.000,2.208,2.206,697965,1781607,0,811,761,761,44669760,1412988,394,422,0
663,1.539,0.670,0.000,2.209,2.302,697965,1781607,0,811,761,761,44669760,1412988,394,422,0
664,1.492,0.671,0.000,2.163,2.304,697965,1781607,0,811,761,761,44669760,1412988,394,422,0
665,1.481,0.672,0.000,2.152,2.261,697965,1781607,0,811,761,761,44669760,1412988,394,422,0
666,1.508,0.681,0.000,2.188,2.246,697965,1781607,0,811,761,761,44669760,1412988,394,422,0
667,1.537,0.670,0.000,2.207,2.286,697965,1781607,0,811,761,761,44669760,1412988,394,422,0
668,1.523,0.675,0.000,2.198,2.301,697965,1781607,0,811,761,761,44669760,1412988,394,422,0
669,1.531,0.675,0.000,2.206,2.290,697965,1781607,0,811,761,761,44669760,1412988,394,422,0
670,1.567,0.656,0.000,2.223,2.304,697965,1781607,0,811,761,761,44669760,1412988,394,422,0
671,1.509,0.692,0.000,2.201,2.317,697965,1781607,0,811,761,761,44669760,1412988,394,422,0
672,1.555,0.708,0.000,2.263,2.296,697965,1781607,0,811,761,761,44669760,1412988,394,422,0
673,1.599,0.683,0.000,2.283,2.360,697965,1781607,0,811,761,761,44669760,1412988,394,422,0
674,1.572,0.672,0.000,2.244,2.376,697965,1781607,0,811,761,761,44669760,1412988,394,422,0
675,1.446,0.691,0.000,2.137,2.337,697965,1781607,0,811,761,761,44669760,1412988,394,422,0
676,1.518,0.651,0.000,2.170,2.232,697965,1781607,0,811,761,761,44669760,1412988,394,422,0
677,1.588,0.913,0.000,2.501,2.263,697965,1781607,0,811,761,761,44669760,1412988,394,422,0
678,1.514,0.712,0.000,2.226,2.594,697965,1781607,0,811,761,761,44669760,1412988,394,422,0
679,1.605,0.664,0.000,2.269,2.320,697965,1781607,0,811,761,761,44669760,1412988,394,422,0
680,1.486,0.704,0.000,2.190,2.364,697965,1781607,0,811,761,761,44669760,1412988,394,422,0
681,1.556,0.734,0.000,2.290,2.296,697965,1781607,0,811,761,761,44669760,1412988,394,422,0
682,1.609,0.724,0.000,2.332,2.395,697965,1781607,0,811,761,761,44669760,1412988,394,422,0
683,1.551,0.661,0.000,2.212,2.443,697965,1781607,0,811,761,761,44669760,1412988,394,422,0
684,1.579,0.664,0.000,2.243,2.305,697965,1781607,0,811,761,761,44669760,1412988,394,422,0
685,1.537,0.688,0.000,2.225,2.337,697965,1781607,0,811,761,761,44669760,1412988,394,422,0
686,1.489,0.696,0.000,2.185,2.320,697965,1781607,0,811,761,761,44669760,1412988,394,422,0
687,1.571,0.660,0.000,2.231,2.279,697965,1781607,0,811,761,761,44669760,1412988,394,422,0
688,1.620,0.645,0.000,2.265,2.328,697965,1781607,0,811,761,761,44669760,1412988,394,422,0
689,1.534,0.677,0.000,2.211,2.358,697965,1781607,0,811,761,761,44669760,1412988,394,422,0
690,1.519,0.679,0.000,2.197,2.304,697965,1781607,0,811,761,761,44669760,1412988,394,422,0
691,1.522,0.673,0.000,2.195,2.296,697965,1781607,0,811,761,761,44669760,1412988,394,422,0
692,1.510,0.690,0.000,2.199,2.293,697965,1781607,0,811,761,761,44669760,1412988,394,422,0
693,1.490,0.650,0.000,2.139,2.294,697965,1781607,0,811,761,761,44669760,1412988,394,422,0
694,1.377,0.664,0.000,2.040,2.233,697965,1781607,0,811,761,761,44669760,1412988,394,422,0
695,1.467,0.678,0.000,2.145,2.144,697965,1781607,0,811,761,761,44669760,1412988,394,422,0
696,1.511,0.671,0.000,2.181,2.240,697965,1781607,0,811,761,761,44669760,1412988,394,422,0
697,1.426,0.654,0.000,2.080,2.276,697965,1781607,0,811,761,761,44669760,1412988,394,422,0
698,1.420,0.644,0.000,2.064,2.175,697965,1781607,0,811,761,761,44669760,1412988,394,422,0
699,1.432,0.657,0.000,2.089,2.164,697965,1781607,0,811,761,761,44669760,1412988,394,422,0
700,1.419,0.658,0.000,2.077,2.201,697965,1781607,0,811,761,761,44669760,1412988,394,422,0
701,1.511,0.656,0.000,2.167,2.176,697965,1781607,0,811,761,761,44669760,1412988,394,422,0
702,1.404,0.652,0.000,2.056,2.261,697965,1781607,0,811,761,761,44669760,1412988,394,422,0
703,1.525,0.679,0.000,2.203,2.157,697965,1781607,0,811,761,761,44669760,1412988,394,422,0
704,1.490,0.692,0.000,2.183,2.300,697965,1781607,0,811,761,761,44669760,1412988,394,422,0
705,1.479,0.638,0.000,2.117,2.278,697965,1781607,0,811,761,761,44669760,1412988,394,422,0
706,1.491,0.684,0.000,2.175,2.214,697965,1781607,0,811,761,761,44669760,1412988,394,422,0
707,1.547,0.664,0.000,2.212,2.269,697965,1781607,0,811,761,761,44669760,1412988,394,422,0
708,1.518,0.691,0.000,2.208,2.304,697965,1781607,0,811,761,761,44669760,1412988,394,422,0
709,1.483,0.685,0.000,2.167,2.303,697965,1781607,0,811,761,761,44669760,1412988,394,422,0
710,1.494,0.681,0.000,2.175,2.263,697965,1781607,0,811,761,761,44669760,1412988,394,422,0
711,1.537,0.661,0.000,2.198,2.270,697965,1781607,0,811,761,761,44669760,1412988,394,422,0
712,1.511,0.683,0.000,2.194,2.293,697965,1781607,0,811,761,761,44669760,1412988,394,422,0
713,1.492,0.694,0.000,2.185,2.289,697965,1781607,0,811,761,761,44669760,1412988,394,422,0
714,1.536,0.681,0.000,2.217,2.279,697965,1781607,0,811,761,761,44669760,1412988,394,422,0
715,1.496,0.687,0.000,2.183,2.314,697965,1781607,0,811,761,761,44669760,1412988,394,422,0
716,1.458,0.688,0.000,2.146,2.275,697965,1781607,0,811,761,761,44669760,1412988,394,422,0
717,1.549,0.691,0.000,2.240,2.243,697965,1781607,0,811,761,761,44669760,1412988,394,422,0
718,1.503,0.673,0.000,2.176,2.335,697965,1781607,0,811,761,761,44669760,1412988,394,422,0
719,1.515,0.673,0.000,2.188,2.269,697965,1781607,0,811,761,761,44669760,1412988,394,422,0
720,1.484,0.657,0.000,2.141,2.286,697965,1781607,0,811,761,761,44669760,1412988,394,422,0
721,1.516,0.668,0.000,2.185,2.237,697965,1781607,0,811,761,761,44669760,1412988,394,422,0
722,1.523,0.686,0.000,2.209,2.279,697965,1781607,0,811,761,761,44669760,1412988,394,422,0
723,1.517,0.688,0.000,2.205,2.306,697965,1781607,0,811,761,761,44669760,1412988,394,422,0
724,1.510,0.683,0.000,2.193,2.302,697965,1781607,0,811,761,761,44669760,1412988,394,422,0
725,1.478,0.683,0.000,2.161,2.286,697965,1781607,0,811,761,761,44669760,1412988,394,422,0
726,1.491,0.669,0.000,2.160,2.257,697965,1781607,0,811,761,761,44669760,1412988,394,422,0
727,1.499,0.684,0.000,2.183,2.255,697965,1781607,0,811,761,761,44669760,1412988,394,422,0
728,1.496,0.684,0.000,2.180,2.276,697965,1781607,0,811,761,761,44669760,1412988,394,422,0
729,1.521,0.681,0.000,2.203,2.289,697965,1781607,0,811,761,761,44669760,1412988,394,422,0
730,1.465,0.697,0.000,2.162,2.297,697965,1781607,0,811,761,761,44669760,1412988,394,422,0
731,1.478,0.680,0.000,2.158,2.259,697965,1781607,0,811,761,761,44669760,1412988,394,422,0
732,1.504,0.672,0.000,2.175,2.253,697965,1781607,0,811,761,761,44669760,1412988,394,422,0
733,1.494,0.668,0.000,2.163,2.269,697965,1781607,0,811,761,761,44669760,1412988,394,422,0
734,1.488,0.660,0.000,2.149,2.258,697965,1781607,0,811,761,761,44669760,1412988,394,422,0
735,1.497,0.710,0.000,2.207,2.245,697965,1781607,0,811,761,761,44669760,1412988,394,422,0
736,1.528,0.667,0.000,2.195,2.314,697965,1781607,0,811,761,761,44669760,1412988,394,422,0
737,1.407,0.654,0.000,2.062,2.291,697965,1781607,0,811,761,761,44669760,1412988,394,422,0
738,1.406,0.679,0.000,2.085,2.165,697965,1781607,0,811,761,761,44669760,1412988,394,422,0
739,1.477,0.690,0.000,2.168,2.181,697965,1781607,0,811,761,761,44669760,1412988,394,422,0
740,1.544,0.659,0.000,2.203,2.267,697965,1781607,0,811,761,761,44669760,1412988,394,422,0
741,1.508,0.638,0.000,2.146,2.302,697965,1781607,0,811,761,761,44669760,1412988,394,422,0
742,1.472,0.690,0.000,2.162,2.241,697965,1781607,0,811,761,761,44669760,1412988,394,422,0
743,1.481,0.686,0.000,2.167,2.258,697965,1781607,0,811,761,761,44669760,1412988,394,422,0
744,1.497,0.661,0.000,2.158,2.260,697965,1781607,0,811,761,761,44669760,1412988,394,422,0
745,1.462,0.701,0.000,2.163,2.252,697965,1781607,0,811,761,761,44669760,1412988,394,422,0
746,1.450,0.677,0.000,2.127,2.261,697965,1781607,0,811,761,761,44669760,1412988,394,422,0
747,1.496,0.651,0.000,2.148,2.221,697965,1781607,0,811,761,761,44669760,1412988,394,422,0
748,1.503,0.692,0.000,2.195,2.245,697965,1781607,0,811,761,761,44669760,1412988,394,422,0
749,1.473,0.687,0.000,2.160,2.291,697965,1781607,0,811,761,761,44669760,1412988,394,422,0
750,1.492,0.669,0.000,2.161,2.254,697965,1781607,0,811,761,761,44669760,1412988,394,422,0
751,1.499,0.678,0.000,2.177,2.253,697965,1781607,0,811,761,761,44669760,1412988,394,422,0
752,1.534,0.679,0.000,2.214,2.272,697965,1781607,0,811,761,761,44669760,1412988,394,422,0
753,1.495,0.682,0.000,2.177,2.310,697965,1781607,0,811,761,761,44669760,1412988,394,422,0
754,1.494,0.679,0.000,2.173,2.273,697965,1781607,0,811,761,761,44669760,1412988,394,422,0
755,1.538,0.675,0.000,2.213,2.269,697965,1781607,0,811,761,761,44669760,1412988,394,422,0
756,1.510,0.677,0.000,2.187,2.305,697965,1781607,0,811,761,761,44669760,1412988,394,422,0
757,1.479,0.694,0.000,2.174,2.282,697965,1781607,0,811,761,761,44669760,1412988,394,422,0
758,1.514,0.686,0.000,2.200,2.266,697965,1781607,0,811,761,761,44669760,1412988,394,422,0
759,1.506,0.666,0.000,2.172,2.294,697965,1781607,0,811,761,761,44669760,1412988,394,422,0
760,1.502,0.678,0.000,2.181,2.267,697965,1781607,0,811,761,761,44669760,1412988,394,422,0
761,1.531,0.673,0.000,2.203,2.274,697965,1781607,0,811,761,761,44669760,1412988,394,422,0
762,1.539,0.667,0.000,2.206,2.299,697965,1781607,0,811,761,761,44669760,1412988,394,422,0
763,1.503,0.684,0.000,2.186,2.302,697965,1781607,0,811,761,761,44669760,1412988,394,422,0
764,1.480,0.687,0.000,2.166,2.281,697965,1781607,0,811,761,761,44669760,1412988,394,422,0
765,1.470,0.656,0.000,2.127,2.258,697965,1781607,0,811,761,761,44669760,1412988,394,422,0
766,1.489,0.672,0.000,2.161,2.223,697965,1781607,0,811,761,761,44669760,1412988,394,422,0
767,1.484,0.669,0.000,2.154,2.256,697965,1781607,0,811,761,761,44669760,1412988,394,422,0
768,1.459,0.689,0.000,2.149,2.247,697965,1781607,0,811,761,761,44669760,1412988,394,422,0
769,1.488,0.685,0.000,2.174,2.242,697965,1781607,0,811,761,761,44669760,1412988,394,422,0
770,1.510,0.674,0.000,2.184,2.267,697965,1781607,0,811,761,761,44669760,1412988,394,422,0
771,1.502,0.675,0.000,2.178,2.281,697965,1781607,0,811,761,761,44669760,1412988,394,422,0
772,1.453,0.684,0.000,2.137,2.280,697965,1781607,0,811,761,761,44669760,1412988,394,422,0
773,1.494,0.678,0.000,2.173,2.229,697965,1781607,0,811,761,761,44669760,1412988,394,422,0
774,1.530,0.674,0.000,2.204,2.267,697965,1781607,0,811,761,761,44669760,1412988,394,422,0
775,1.505,0.691,0.000,2.196,2.297,697965,1781607,0,811,761,761,44669760,1412988,394,422,0
776,1.488,0.677,0.000,2.165,2.288,697965,1781607,0,811,761,761,44669760,1412988,394,422,0
777,1.525,0.654,0.000,2.179,2.261,697965,1781607,0,811,761,761,44669760,1412988,394,422,0
778,1.495,0.674,0.000,2.169,2.270,697965,1781607,0,811,761,761,44669760,1412988,394,422,0
779,1.487,0.675,0.000,2.162,2.261,697965,1781607,0,811,761,761,44669760,1412988,394,422,0
780,1.490,0.677,0.000,2.167,2.255,697965,1781607,0,811,761,761,44669760,1412988,394,422,0
781,1.531,0.681,0.000,2.212,2.261,697965,1781607,0,811,761,761,44669760,1412988,394,422,0
782,1.511,0.686,0.000,2.197,2.307,697965,1781607,0,811,761,761,44669760,1412988,394,422,0
783,1.451,0.687,0.000,2.139,2.292,697965,1781607,0,811,761,761,44669760,1412988,394,422,0
784,1.479,0.668,0.000,2.147,2.233,697965,1781607,0,811,761,761,44669760,1412988,394,422,0
785,1.542,0.673,0.000,2.216,2.243,697965,1781607,0,811,761,761,44669760,1412988,394,422,0
786,1.495,0.689,0.000,2.185,2.310,697965,1781607,0,811,761,761,44669760,1412988,394,422,0
787,1.486,0.670,0.000,2.156,2.278,697965,1781607,0,811,761,761,44669760,1412988,394,422,0
788,1.513,0.681,0.000,2.193,2.251,697965,1781607,0,811,761,761,44669760,1412988,394,422,0
789,1.485,0.684,0.000,2.169,2.288,697965,1781607,0,811,761,761,44669760,1412988,394,422,0
790,1.510,0.671,0.000,2.181,2.261,697965,1781607,0,811,761,761,44669760,1412988,394,422,0
791,1.518,0.680,0.000,2.198,2.275,697965,1781607,0,811,761,761,44669760,1412988,394,422,0
792,1.540,0.683,0.000,2.223,2.290,697965,1781607,0,811,761,761,44669760,1412988,394,422,0
793,1.450,0.648,0.000,2.099,2.314,697965,1781607,0,811,761,761,44669760,1412988,394,422,0
794,1.377,0.662,0.000,2.039,2.192,697965,1781607,0,811,761,761,44669760,1412988,394,422,0
795,1.384,0.654,0.000,2.038,2.131,697965,1781607,0,811,761,761,44669760,1412988,394,422,0
796,1.397,0.637,0.000,2.034,2.133,697965,1781607,0,811,761,761,44669760,1412988,394,422,0
797,1.405,0.667,0.000,2.072,2.130,697965,1781607,0,811,761,761,44669760,1412988,394,422,0
798,1.446,0.666,0.000,2.111,2.165,697965,1781607,0,811,761,761,44669760,1412988,394,422,0
799,1.515,0.660,0.000,2.174,2.206,697965,1781607,0,811,761,761,44669760,1412988,394,422,0
800,1.383,0.687,0.000,2.071,2.273,697965,1781607,0,811,761,761,44669760,1412988,394,422,0
801,1.486,0.683,0.000,2.169,2.170,697965,1781607,0,811,761,761,44669760,1412988,394,422,0
802,1.476,0.724,0.000,2.200,2.263,697965,1781607,0,811,761,761,44669760,1412988,394,422,0
803,1.509,0.661,0.000,2.170,2.293,697965,1781607,0,811,761,761,44669760,1412988,394,422,0
804,1.440,0.678,0.000,2.118,2.265,697965,1781607,0,811,761,761,44669760,1412988,394,422,0
805,1.472,0.682,0.000,2.154,2.213,697965,1781607,0,811,761,761,44669760,1412988,394,422,0
806,1.463,0.669,0.000,2.132,2.246,697965,1781607,0,811,761,761,44669760,1412988,394,422,0
807,1.424,0.644,0.000,2.069,2.227,697965,1781607,0,811,761,761,44669760,1412988,394,422,0
808,1.444,0.658,0.000,2.102,2.162,697965,1781607,0,811,761,761,44669760,1412988,394,422,0
809,1.477,0.676,0.000,2.153,2.203,697965,1781607,0,811,761,761,44669760,1412988,394,422,0
810,1.499,0.656,0.000,2.155,2.253,697965,1781607,0,811,761,761,44669760,1412988,394,422,0
811,1.534,0.672,0.000,2.205,2.247,697965,1781607,0,811,761,761,44669760,1412988,394,422,0
812,1.503,0.648,0.000,2.151,2.298,697965,1781607,0,811,761,761,44669760,1412988,394,422,0
813,1.504,0.644,0.000,2.149,2.247,697965,1781607,0,811,761,761,44669760,1412988,394,422,0
814,1.515,0.656,0.000,2.171,2.244,697965,1781607,0,811,761,761,44669760,1412988,394,422,0
815,1.459,0.672,0.000,2.131,2.267,697965,1781607,0,811,761,761,44669760,1412988,394,422,0
816,1.449,0.676,0.000,2.125,2.225,697965,1781607,0,811,761,761,44669760,1412988,394,422,0
817,1.475,0.651,0.000,2.127,2.218,697965,1781607,0,811,761,761,44669760,1412988,394,422,0
818,1.475,0.679,0.000,2.153,2.226,697965,1781607,0,811,761,761,44669760,1412988,394,422,0
819,1.539,0.676,0.000,2.215,2.248,697965,1781607,0,811,761,761,44669760,1412988,394,422,0
820,1.492,0.647,0.000,2.139,2.310,697965,1781607,0,811,761,761,44669760,1412988,394,422,0
821,1.503,0.657,0.000,2.160,2.233,697965,1781607,0,811,761,761,44669760,1412988,394,422,0
822,1.475,0.679,0.000,2.154,2.254,697965,1781607,0,811,761,761,44669760,1412988,394,422,0
823,1.481,0.657,0.000,2.139,2.248,697965,1781607,0,811,761,761,44669760,1412988,394,422,0
824,1.507,0.671,0.000,2.178,2.233,697965,1781607,0,811,761,761,44669760,1412988,394,422,0
825,1.467,0.680,0.000,2.147,2.273,697965,1781607,0,811,761,761,44669760,1412988,394,422,0
826,1.531,0.681,0.000,2.212,2.242,697965,1781607,0,811,761,761,44669760,1412988,394,422,0
827,1.482,0.673,0.000,2.155,2.308,697965,1781607,0,811,761,761,44669760,1412988,394,422,0
828,1.494,0.673,0.000,2.168,2.250,697965,1781607,0,811,761,761,44669760,1412988,394,422,0
829,1.472,0.674,0.000,2.146,2.263,697965,1781607,0,811,761,761,44669760,1412988,394,422,0
830,1.474,0.682,0.000,2.156,2.242,697965,1781607,0,811,761,761,44669760,1412988,394,422,0
831,1.504,0.657,0.000,2.160,2.249,697965,1781607,0,811,761,761,44669760,1412988,394,422,0
832,1.476,0.663,0.000,2.140,2.255,697965,1781607,0,811,761,761,44669760,1412988,394,422,0
833,1.464,0.649,0.000,2.113,2.236,697965,1781607,0,811,761,761,44669760,1412988,394,422,0
834,1.445,0.663,0.000,2.108,2.207,697965,1781607,0,811,761,761,44669760,1412988,394,422,0
835,1.469,0.674,0.000,2.143,2.203,697965,1781607,0,811,761,761,44669760,1412988,394,422,0
836,1.504,0.665,0.000,2.169,2.237,697965,1781607,0,811,761,761,44669760,1412988,394,422,0
837,1.490,0.687,0.000,2.177,2.263,697965,1781607,0,811,761,761,44669760,1412988,394,422,0
838,1.486,0.678,0.000,2.164,2.272,697965,1781607,0,811,761,761,44669760,1412988,394,422,0
839,1.535,0.663,0.000,2.198,2.257,697965,1781607,0,811,761,761,44669760,1412988,394,422,0
840,1.513,0.671,0.000,2.184,2.293,697965,1781607,0,811,761,761,44669760,1412988,394,422,0
841,1.451,0.698,0.000,2.149,2.280,697965,1781607,0,811,761,761,44669760,1412988,394,422,0
842,1.499,0.676,0.000,2.175,2.242,697965,1781607,0,811,761,761,44669760,1412988,394,422,0
843,1.539,0.665,0.000,2.203,2.271,697965,1781607,0,811,761,761,44669760,1412988,394,422,0
844,1.508,0.684,0.000,2.193,2.299,697965,1781607,0,811,761,761,44669760,1412988,394,422,0
845,1.519,0.683,0.000,2.202,2.287,697965,1781607,0,811,761,761,44669760,1412988,394,422,0
846,1.537,0.675,0.000,2.213,2.303,697965,1781607,0,811,761,761,44669760,1412988,394,422,0
847,1.492,0.668,0.000,2.160,2.308,697965,1781607,0,811,761,761,44669760,1412988,394,422,0
848,1.439,0.668,0.000,2.106,2.253,697965,1781607,0,811,761,761,44669760,1412988,394,422,0
849,1.465,0.671,0.000,2.137,2.203,697965,1781607,0,811,761,761,44669760,1412988,394,422,0
850,1.502,0.641,0.000,2.143,2.230,697965,1781607,0,811,761,761,44669760,1412988,394,422,0
851,1.403,0.628,0.000,2.031,2.238,697965,1781607,0,811,761,761,44669760,1412988,394,422,0
852,1.360,0.632,0.000,1.992,2.126,697965,1781607,0,811,761,761,44669760,1412988,394,422,0
853,1.465,0.639,0.000,2.104,2.085,697965,1781607,0,811,761,761,44669760,1412988,394,422,0
854,1.472,0.664,0.000,2.136,2.199,697965,1781607,0,811,761,761,44669760,1412988,394,422,0
855,1.534,0.675,0.000,2.208,2.231,697965,1781607,0,811,761,761,44669760,1412988,394,422,0
856,1.512,0.680,0.000,2.192,2.302,697965,1781607,0,811,761,761,44669760,1412988,394,422,0
857,1.488,0.668,0.000,2.155,2.289,697965,1781607,0,811,761,761,44669760,1412988,394,422,0
858,1.470,0.658,0.000,2.128,2.252,697965,1781607,0,811,761,761,44669760,1412988,394,422,0
859,1.498,0.639,0.000,2.138,2.223,697965,1781607,0,811,761,761,44669760,1412988,394,422,0
860,1.468,0.673,0.000,2.141,2.234,697965,1781607,0,811,761,761,44669760,1412988,394,422,0
861,1.442,0.663,0.000,2.105,2.235,697965,1781607,0,811,761,761,44669760,1412988,394,422,0
862,1.481,0.626,0.000,2.107,2.203,697965,1781607,0,811,761,761,44669760,1412988,394,422,0
863,1.467,0.679,0.000,2.147,2.213,697965,1781607,0,811,761,761,44669760,1412988,394,422,0
864,1.509,0.676,0.000,2.184,2.242,697965,1781607,0,811,761,761,44669760,1412988,394,422,0
865,1.525,0.667,0.000,2.192,2.277,697965,1781607,0,811,761,761,44669760,1412988,394,422,0
866,1.478,0.668,0.000,2.145,2.287,697965,1781607,0,811,761,761,44669760,1412988,394,422,0
867,1.503,0.692,0.000,2.195,2.238,697965,1781607,0,811,761,761,44669760,1412988,394,422,0
868,1.494,0.658,0.000,2.153,2.288,697965,1781607,0,811,761,761,44669760,1412988,394,422,0
869,1.592,0.680,0.000,2.272,2.247,697965,1781607,0,811,761,761,44669760,1412988,394,422,0
870,1.507,0.654,0.000,2.161,2.369,697965,1781607,0,811,761,761,44669760,1412988,394,422,0
871,1.447,0.656,0.000,2.103,2.257,697965,1781607,0,811,761,761,44669760,1412988,394,422,0
872,1.480,0.679,0.000,2.160,2.195,697965,1781607,0,811,761,761,44669760,1412988,394,422,0
873,1.503,0.646,0.000,2.149,2.254,697965,1781607,0,811,761,761,44669760,1412988,394,422,0
874,1.471,0.650,0.000,2.121,2.245,697965,1781607,0,811,761,761,44669760,1412988,394,422,0
875,1.485,0.674,0.000,2.159,2.214,697965,1781607,0,811,761,761,44669760,1412988,394,422,0
876,1.489,0.673,0.000,2.162,2.250,697965,1781607,0,811,761,761,44669760,1412988,394,422,0
877,1.474,0.647,0.000,2.121,2.261,697965,1781607,0,811,761,761,44669760,1412988,394,422,0
878,1.462,0.678,0.000,2.140,2.217,697965,1781607,0,811,761,761,44669760,1412988,394,422,0
879,1.493,0.677,0.000,2.171,2.236,697965,1781607,0,811,761,761,44669760,1412988,394,422,0
880,1.536,0.678,0.000,2.214,2.265,697965,1781607,0,811,761,761,44669760,1412988,394,422,0
881,1.469,0.686,0.000,2.155,2.309,697965,1781607,0,811,761,761,44669760,1412988,394,422,0
882,1.482,0.683,0.000,2.165,2.249,697965,1781607,0,811,761,761,44669760,1412988,394,422,0
883,1.482,0.683,0.000,2.166,2.259,697965,1781607,0,811,761,761,44669760,1412988,394,422,0
884,1.502,0.657,0.000,2.159,2.261,697965,1781607,0,811,761,761,44669760,1412988,394,422,0
885,1.473,0.648,0.000,2.122,2.255,697965,1781607,0,811,761,761,44669760,1412988,394,422,0
886,1.484,0.675,0.000,2.158,2.223,697965,1781607,0,811,761,761,44669760,1412988,394,422,0
887,1.493,0.674,0.000,2.167,2.251,697965,1781607,0,811,761,761,44669760,1412988,394,422,0
888,1.520,0.651,0.000,2.171,2.262,697965,1781607,0,811,761,761,44669760,1412988,394,422,0
889,1.450,0.689,0.000,2.139,2.265,697965,1781607,0,811,761,761,44669760,1412988,394,422,0
890,1.456,0.658,0.000,2.114,2.233,697965,1781607,0,811,761,761,44669760,1412988,394,422,0
891,1.476,0.640,0.000,2.116,2.210,697965,1781607,0,811,761,761,44669760,1412988,394,422,0
892,1.463,0.652,0.000,2.114,2.211,697965,1781607,0,811,761,761,44669760,1412988,394,422,0
893,1.479,0.678,0.000,2.158,2.208,697965,1781607,0,811,761,761,44669760,1412988,394,422,0
894,1.487,0.683,0.000,2.170,2.253,697965,1781607,0,811,761,761,44669760,1412988,394,422,0
895,1.498,0.673,0.000,2.172,2.262,697965,1781607,0,811,761,761,44669760,1412988,394,422,0
896,1.453,0.667,0.000,2.121,2.264,697965,1781607,0,811,761,761,44669760,1412988,394,422,0
897,1.487,0.681,0.000,2.168,2.215,697965,1781607,0,811,761,761,44669760,1412988,394,422,0
898,1.464,0.676,0.000,2.140,2.264,697965,1781607,0,811,761,761,44669760,1412988,394,422,0
899,1.528,0.657,0.000,2.184,2.235,697965,1781607,0,811,761,761,44669760,1412988,394,422,0
900,1.543,0.665,0.000,2.209,2.278,697965,1781607,0,811,761,761,44669760,1412988,394,422,0
901,1.513,0.674,0.000,2.187,2.304,697965,1781607,0,811,761,761,44669760,1412988,394,422,0
902,1.481,0.673,0.000,2.154,2.283,697965,1781607,0,811,761,761,44669760,1412988,394,422,0
903,1.506,0.687,0.000,2.194,2.251,697965,1781607,0,811,761,761,44669760,1412988,394,422,0
904,1.507,0.672,0.000,2.179,2.287,697965,1781607,0,811,761,761,44669760,1412988,394,422,0
905,1.461,0.690,0.000,2.152,2.274,697965,1781607,0,811,761,761,44669760,1412988,394,422,0
906,1.485,0.670,0.000,2.155,2.246,697965,1781607,0,811,761,761,44669760,1412988,394,422,0
907,1.487,0.685,0.000,2.171,2.249,697965,1781607,0,811,761,761,44669760,1412988,394,422,0
908,1.486,0.699,0.000,2.185,2.267,697965,1781607,0,811,761,761,44669760,1412988,394,422,0
909,1.473,0.687,0.000,2.160,2.279,697965,1781607,0,811,761,761,44669760,1412988,394,422,0
910,1.474,0.675,0.000,2.149,2.253,697965,1781607,0,811,761,761,44669760,1412988,394,422,0
911,1.524,0.684,0.000,2.208,2.248,697965,1781607,0,811,761,761,44669760,1412988,394,422,0
912,1.449,0.685,0.000,2.135,2.301,697965,1781607,0,811,761,761,44669760,1412988,394,422,0
913,1.453,0.670,0.000,2.123,2.230,697965,1781607,0,811,761,761,44669760,1412988,394,422,0
914,1.462,0.662,0.000,2.124,2.218,697965,1781607,0,811,761,761,44669760,1412988,394,422,0
915,1.431,0.684,0.000,2.115,2.219,697965,1781607,0,811,761,761,44669760,1412988,394,422,0
916,1.461,0.651,0.000,2.112,2.212,697965,1781607,0,811,761,761,44669760,1412988,394,422,0
917,1.465,0.639,0.000,2.104,2.205,697965,1781607,0,811,761,761,44669760,1412988,394,422,0
918,1.433,0.683,0.000,2.116,2.198,697965,1781607,0,811,761,761,44669760,1412988,394,422,0
919,1.488,0.679,0.000,2.167,2.211,697965,1781607,0,811,761,761,44669760,1412988,394,422,0
920,1.488,0.666,0.000,2.155,2.259,697965,1781607,0,811,761,761,44669760,1412988,394,422,0
921,1.470,0.658,0.000,2.128,2.246,697965,1781607,0,811,761,761,44669760,1412988,394,422,0
922,1.484,0.687,0.000,2.171,2.222,697965,1781607,0,811,761,761,44669760,1412988,394,422,0
923,1.497,0.687,0.000,2.184,2.264,697965,1781607,0,811,761,761,44669760,1412988,394,422,0
924,1.518,0.672,0.000,2.190,2.277,697965,1781607,0,811,761,761,44669760,1412988,394,422,0
925,1.456,0.650,0.000,2.107,2.289,697965,1781607,0,811,761,761,44669760,1412988,394,422,0
926,1.472,0.665,0.000,2.137,2.200,697965,1781607,0,811,761,761,44669760,1412988,394,422,0
927,1.466,0.676,0.000,2.142,2.234,697965,1781607,0,811,761,761,44669760,1412988,394,422,0
928,1.459,0.682,0.000,2.141,2.237,697965,1781607,0,811,761,761,44669760,1412988,394,422,0
929,1.498,0.650,0.000,2.148,2.236,697965,1781607,0,811,761,761,44669760,1412988,394,422,0
930,1.483,0.687,0.000,2.170,2.246,697965,1781607,0,811,761,761,44669760,1412988,394,422,0
931,1.505,0.664,0.000,2.169,2.264,697965,1781607,0,811,761,761,44669760,1412988,394,422,0
932,1.544,0.669,0.000,2.214,2.265,697965,1781607,0,811,761,761,44669760,1412988,394,422,0
933,1.470,0.673,0.000,2.143,2.313,697965,1781607,0,811,761,761,44669760,1412988,394,422,0
934,1.478,0.654,0.000,2.132,2.236,697965,1781607,0,811,761,761,44669760,1412988,394,422,0
935,1.502,0.683,0.000,2.186,2.224,697965,1781607,0,811,761,761,44669760,1412988,394,422,0
936,1.524,0.686,0.000,2.210,2.282,697965,1781607,0,811,761,761,44669760,1412988,394,422,0
937,1.462,0.688,0.000,2.150,2.305,697965,1781607,0,811,761,761,44669760,1412988,394,422,0
938,1.456,0.667,0.000,2.123,2.242,697965,1781607,0,811,761,761,44669760,1412988,394,422,0
939,1.511,0.676,0.000,2.187,2.217,697965,1781607,0,811,761,761,44669760,1412988,394,422,0
940,1.489,0.675,0.000,2.163,2.280,697965,1781607,0,811,761,761,44669760,1412988,394,422,0
941,1.484,0.694,0.000,2.178,2.266,697965,1781607,0,811,761,761,44669760,1412988,394,422,0
942,1.470,0.682,0.000,2.153,2.273,697965,1781607,0,811,761,761,44669760,1412988,394,422,0
943,1.498,0.679,0.000,2.177,2.247,697965,1781607,0,811,761,761,44669760,1412988,394,422,0
944,1.491,0.690,0.000,2.181,2.271,697965,1781607,0,811,761,761,44669760,1412988,394,422,0
945,1.492,0.674,0.000,2.166,2.274,697965,1781607,0,811,761,761,44669760,1412988,394,422,0
946,1.493,0.678,0.000,2.171,2.259,697965,1781607,0,811,761,761,44669760,1412988,394,422,0
947,1.501,0.682,0.000,2.183,2.266,697965,1781607,0,811,761,761,44669760,1412988,394,422,0
948,1.484,0.681,0.000,2.164,2.278,697965,1781607,0,811,761,761,44669760,1412988,394,422,0
949,1.466,0.673,0.000,2.139,2.260,697965,1781607,0,811,761,761,44669760,1412988,394,422,0
950,1.479,0.667,0.000,2.146,2.234,697965,1781607,0,811,761,761,44669760,1412988,394,422,0
951,1.489,0.666,0.000,2.154,2.241,697965,1781607,0,811,761,761,44669760,1412988,394,422,0
952,1.465,0.683,0.000,2.148,2.248,697965,1781607,0,811,761,761,44669760,1412988,394,422,0
953,1.481,0.674,0.000,2.154,2.242,697965,1781607,0,811,761,761,44669760,1412988,394,422,0
954,1.477,0.700,0.000,2.178,2.249,697965,1781607,0,811,761,761,44669760,1412988,394,422,0
955,1.489,0.671,0.000,2.161,2.273,697965,1781607,0,811,761,761,44669760,1412988,394,422,0
956,1.473,0.678,0.000,2.151,2.253,697965,1781607,0,811,761,761,44669760,1412988,394,422,0
957,1.474,0.688,0.000,2.162,2.244,697965,1781607,0,811,761,761,44669760,1412988,394,422,0
958,1.504,0.671,0.000,2.175,2.258,697965,1781607,0,811,761,761,44669760,1412988,394,422,0
959,1.471,0.675,0.000,2.146,2.274,697965,1781607,0,811,761,761,44669760,1412988,394,422,0
960,1.458,0.660,0.000,2.119,2.242,697965,1781607,0,811,761,761,44669760,1412988,394,422,0
961,1.456,0.647,0.000,2.103,2.214,697965,1781607,0,811,761,761,44669760,1412988,394,422,0
962,1.483,0.684,0.000,2.167,2.196,697965,1781607,0,811,761,761,44669760,1412988,394,422,0
963,1.485,0.688,0.000,2.173,2.260,697965,1781607,0,811,761,761,44669760,1412988,394,422,0
964,1.485,0.675,0.000,2.161,2.268,697965,1781607,0,811,761,761,44669760,1412988,394,422,0
965,1.551,0.694,0.000,2.245,2.255,697965,1781607,0,811,761,761,44669760,1412988,394,422,0
966,1.512,0.683,0.000,2.196,2.340,697965,1781607,0,811,761,761,44669760,1412988,394,422,0
967,1.508,0.680,0.000,2.187,2.290,697965,1781607,0,811,761,761,44669760,1412988,394,422,0
968,1.484,0.681,0.000,2.165,2.280,697965,1781607,0,811,761,761,44669760,1412988,394,422,0
969,1.570,0.713,0.000,2.283,2.262,697965,1781607,0,811,761,761,44669760,1412988,394,422,0
970,1.447,0.668,0.000,2.115,2.380,697965,1781607,0,811,761,761,44669760,1412988,394,422,0
971,1.468,0.700,0.000,2.168,2.213,697965,1781607,0,811,761,761,44669760,1412988,394,422,0
972,1.477,0.687,0.000,2.165,2.262,697965,1781607,0,811,761,761,44669760,1412988,394,422,0
973,1.534,0.646,0.000,2.179,2.259,697965,1781607,0,811,761,761,44669760,1412988,394,422,0
974,1.528,0.684,0.000,2.211,2.273,697965,1781607,0,811,761,761,44669760,1412988,394,422,0
975,1.470,0.678,0.000,2.148,2.307,697965,1781607,0,811,761,761,44669760,1412988,394,422,0
976,1.529,0.676,0.000,2.205,2.241,697965,1781607,0,811,761,761,44669760,1412988,394,422,0
977,1.548,0.661,0.000,2.209,2.302,697965,1781607,0,811,761,761,44669760,1412988,394,422,0
978,1.531,0.688,0.000,2.219,2.304,697965,1781607,0,811,761,761,44669760,1412988,394,422,0
979,1.486,0.688,0.000,2.174,2.313,697965,1781607,0,811,761,761,44669760,1412988,394,422,0
980,1.493,0.683,0.000,2.176,2.268,697965,1781607,0,811,761,761,44669760,1412988,394,422,0
981,1.516,0.689,0.000,2.205,2.271,697965,1781607,0,811,761,761,44669760,1412988,394,422,0
982,1.488,0.674,0.000,2.162,2.298,697965,1781607,0,811,761,761,44669760,1412988,394,422,0
983,1.495,0.684,0.000,2.179,2.257,697965,1781607,0,811,761,761,44669760,1412988,394,422,0
984,1.548,0.652,0.000,2.200,2.273,697965,1781607,0,811,761,761,44669760,1412988,394,422,0
985,1.533,0.665,0.000,2.198,2.293,697965,1781607,0,811,761,761,44669760,1412988,394,422,0
986,1.491,0.663,0.000,2.155,2.291,697965,1781607,0,811,761,761,44669760,1412988,394,422,0
987,1.548,0.654,0.000,2.201,2.251,697965,1781607,0,811,761,761,44669760,1412988,394,422,0
988,1.551,0.663,0.000,2.214,2.298,697965,1781607,0,811,761,761,44669760,1412988,394,422,0
989,1.500,0.685,0.000,2.185,2.309,697965,1781607,0,811,761,761,44669760,1412988,394,422,0
990,1.498,0.675,0.000,2.173,2.279,697965,1781607,0,811,761,761,44669760,1412988,394,422,0
991,1.529,0.677,0.000,2.206,2.265,697965,1781607,0,811,761,761,44669760,1412988,394,422,0
992,1.496,0.680,0.000,2.176,2.301,697965,1781607,0,811,761,761,44669760,1412988,394,422,0
993,1.482,0.666,0.000,2.148,2.273,697965,1781607,0,811,761,761,44669760,1412988,394,422,0
994,1.523,0.666,0.000,2.189,2.240,697965,1781607,0,811,761,761,44669760,1412988,394,422,0
995,1.528,0.666,0.000,2.194,2.287,697965,1781607,0,811,761,761,44669760,1412988,394,422,0
996,1.499,0.685,0.000,2.184,2.288,697965,1781607,0,811,761,761,44669760,1412988,394,422,0
997,1.466,0.675,0.000,2.141,2.279,697965,1781607,0,811,761,761,44669760,1412988,394,422,0
998,1.557,0.678,0.000,2.235,2.236,697965,1781607,0,811,761,761,44669760,1412988,394,422,0
999,1.519,0.669,0.000,2.188,2.329,697965,1781607,0,811,761,761,44669760,1412988,394,422,0
1000,1.487,0.682,0.000,2.170,2.285,697965,1781607,0,811,761,761,44669760,1412988,394,422,0
1001,1.456,0.659,0.000,2.114,2.264,697965,1781607,0,811,761,761,44669760,1412988,394,422,0
1002,1.499,0.667,0.000,2.166,2.206,697965,1781607,0,811,761,761,44669760,1412988,394,422,0
1003,1.509,0.675,0.000,2.184,2.261,697965,1781607,0,811,761,761,44669760,1412988,394,422,0
1004,1.458,0.668,0.000,2.126,2.278,697965,1781607,0,811,761,761,44669760,1412988,394,422,0
1005,1.473,0.660,0.000,2.133,2.220,697965,1781607,0,811,761,761,44669760,1412988,394,422,0
1006,1.539,0.674,0.000,2.213,2.228,697965,1781607,0,811,761,761,44669760,1412988,394,422,0
1007,1.557,0.680,0.000,2.236,2.308,697965,1781607,0,811,761,761,44669760,1412988,394,422,0
1008,1.499,0.674,0.000,2.174,2.329,697965,1781607,0,811,761,761,44669760,1412988,394,422,0
1009,1.524,0.674,0.000,2.198,2.268,697965,1781607,0,811,761,761,44669760,1412988,394,422,0
1010,1.533,0.681,0.000,2.215,2.292,697965,1781607,0,811,761,761,44669760,1412988,394,422,0
1011,1.499,0.662,0.000,2.161,2.311,697965,1781607,0,811,761,761,44669760,1412988,394,422,0
1012,1.479,0.663,0.000,2.142,2.256,697965,1781607,0,811,761,761,44669760,1412988,394,422,0
1013,1.527,0.678,0.000,2.205,2.235,697965,1781607,0,811,761,761,44669760,1412988,394,422,0
1014,1.519,0.675,0.000,2.194,2.303,697965,1781607,0,811,761,761,44669760,1412988,394,422,0
1015,1.468,0.681,0.000,2.149,2.288,697965,1781607,0,811,761,761,44669760,1412988,394,422,0
1016,1.531,0.674,0.000,2.205,2.242,697965,1781607,0,811,761,761,44669760,1412988,394,422,0
1017,1.518,0.664,0.000,2.182,2.299,697965,1781607,0,811,761,761,44669760,1412988,394,422,0
1018,1.518,0.672,0.000,2.190,2.276,697965,1781607,0,811,761,761,44669760,1412988,394,422,0
1019,1.516,0.665,0.000,2.181,2.283,697965,1781607,0,811,761,761,44669760,1412988,394,422,0
1020,1.526,0.673,0.000,2.198,2.275,697965,1781607,0,811,761,761,44669760,1412988,394,422,0
1021,1.476,0.658,0.000,2.135,2.292,697965,1781607,0,811,761,761,44669760,1412988,394,422,0
1022,1.452,0.678,0.000,2.130,2.228,697965,1781607,0,811,761,761,44669760,1412988,394,422,0
1023,1.472,0.709,0.000,2.181,2.224,697965,1781607,0,811,761,761,44669760,1412988,394,422,0
1024,1.623,0.688,0.000,2.312,2.287,697965,1781607,0,811,761,761,44669760,1412988,394,422,0
1025,1.537,0.694,0.000,2.230,2.414,697965,1781607,0,811,761,761,44669760,1412988,394,422,0
1026,1.524,0.716,0.000,2.239,2.328,697965,1781607,0,811,761,761,44669760,1412988,394,422,0
1027,1.516,0.672,0.000,2.188,2.335,697965,1781607,0,811,761,761,44669760,1412988,394,422,0
1028,1.498,0.688,0.000,2.186,2.284,697965,1781607,0,811,761,761,44669760,1412988,394,422,0
1029,1.481,0.698,0.000,2.179,2.288,697965,1781607,0,811,761,761,44669760,1412988,394,422,0
1030,1.515,0.655,0.000,2.170,2.276,697965,1781607,0,811,761,761,44669760,1412988,394,422,0
1031,1.520,0.679,0.000,2.198,2.267,697965,1781607,0,811,761,761,44669760,1412988,394,422,0
1032,1.494,0.690,0.000,2.184,2.293,697965,1781607,0,811,761,761,44669760,1412988,394,422,0
1033,1.474,0.677,0.000,2.151,2.280,697965,1781607,0,811,761,761,44669760,1412988,394,422,0
1034,1.498,0.663,0.000,2.161,2.247,697965,1781607,0,811,761,761,44669760,1412988,394,422,0
1035,1.588,0.648,0.000,2.236,2.255,697965,1781607,0,811,761,761,44669760,1412988,394,422,0
1036,1.520,0.661,0.000,2.181,2.333,697965,1781607,0,811,761,761,44669760,1412988,394,422,0
1037,1.492,0.695,0.000,2.187,2.279,697965,1781607,0,811,761,761,44669760,1412988,394,422,0
1038,1.523,0.676,0.000,2.199,2.279,697965,1781607,0,811,761,761,44669760,1412988,394,422,0
1039,1.506,0.683,0.000,2.190,2.294,697965,1781607,0,811,761,761,44669760,1412988,394,422,0
1040,1.476,0.686,0.000,2.162,2.285,697965,1781607,0,811,761,761,44669760,1412988,394,422,0
1041,1.491,0.684,0.000,2.175,2.256,697965,1781607,0,811,761,761,44669760,1412988,394,422,0
1042,1.596,0.662,0.000,2.259,2.269,697965,1781607,0,811,761,761,44669760,1412988,394,422,0
1043,1.471,0.688,0.000,2.159,2.351,697965,1781607,0,811,761,761,44669760,1412988,394,422,0
1044,1.486,0.682,0.000,2.168,2.253,697965,1781607,0,811,761,761,44669760,1412988,394,422,0
1045,1.479,0.677,0.000,2.156,2.265,697965,1781607,0,811,761,761,44669760,1412988,394,422,0
1046,1.502,0.666,0.000,2.168,2.250,697965,1781607,0,811,761,761,44669760,1412988,394,422,0
1047,1.536,0.655,0.000,2.191,2.263,697965,1781607,0,811,761,761,44669760,1412988,394,422,0
1048,1.476,0.671,0.000,2.147,2.286,697965,1781607,0,811,761,761,44669760,1412988,394,422,0
1049,1.525,0.679,0.000,2.204,2.240,697965,1781607,0,811,761,761,44669760,1412988,394,422,0
1050,1.488,0.684,0.000,2.171,2.300,697965,1781607,0,811,761,761,44669760,1412988,394,422,0
1051,1.516,0.681,0.000,2.197,2.265,697965,1781607,0,811,761,761,44669760,1412988,394,422,0
1052,1.507,0.665,0.000,2.172,2.288,697965,1781607,0,811,761,761,44669760,1412988,394,422,0
1053,1.517,0.689,0.000,2.206,2.267,697965,1781607,0,811,761,761,44669760,1412988,394,422,0
1054,1.495,0.672,0.000,2.167,2.298,697965,1781607,0,811,761,761,44669760,1412988,394,422,0
1055,1.497,0.683,0.000,2.180,2.260,697965,1781607,0,811,761,761,44669760,1412988,394,422,0
1056,1.507,0.676,0.000,2.183,2.275,697965,1781607,0,811,761,761,44669760,1412988,394,422,0
1057,1.505,0.684,0.000,2.188,2.281,697965,1781607,0,811,761,761,44669760,1412988,394,422,0
1058,1.525,0.664,0.000,2.189,2.282,697965,1781607,0,811,761,761,44669760,1412988,394,422,0
1059,1.503,0.686,0.000,2.190,2.284,697965,1781607,0,811,761,761,44669760,1412988,394,422,0
1060,1.515,0.690,0.000,2.206,2.285,697965,1781607,0,811,761,761,44669760,1412988,394,422,0
1061,1.486,0.679,0.000,2.164,2.304,697965,1781607,0,811,761,761,44669760,1412988,394,422,0
1062,1.499,0.688,0.000,2.187,2.259,697965,1781607,0,811,761,761,44669760,1412988,394,422,0
1063,1.527,0.679,0.000,2.206,2.280,697965,1781607,0,811,761,761,44669760,1412988,394,422,0
1064,1.492,0.672,0.000,2.164,2.301,697965,1781607,0,811,761,761,44669760,1412988,394,422,0
1065,1.471,0.685,0.000,2.156,2.260,697965,1781607,0,811,761,761,44669760,1412988,394,422,0
1066,1.502,0.682,0.000,2.184,2.249,697965,1781607,0,811,761,761,44669760,1412988,394,422,0
1067,1.500,0.690,0.000,2.190,2.278,697965,1781607,0,811,761,761,44669760,1412988,394,422,0
1068,1.483,0.685,0.000,2.168,2.284,697965,1781607,0,811,761,761,44669760,1412988,394,422,0
1069,1.475,0.689,0.000,2.164,2.261,697965,1781607,0,811,761,761,44669760,1412988,394,422,0
1070,1.522,0.654,0.000,2.176,2.264,697965,1781607,0,811,761,761,44669760,1412988,394,422,0
1071,1.507,0.684,0.000,2.191,2.271,697965,1781607,0,811,761,761,44669760,1412988,394,422,0
1072,1.473,0.687,0.000,2.161,2.284,697965,1781607,0,811,761,761,44669760,1412988,394,422,0
1073,1.479,0.643,0.000,2.121,2.254,697965,1781607,0,811,761,761,44669760,1412988,394,422,0
1074,1.481,0.689,0.000,2.170,2.217,697965,1781607,0,811,761,761,44669760,1412988,394,422,0
1075,1.474,0.691,0.000,2.165,2.266,697965,1781607,0,811,761,761,44669760,1412988,394,422,0
1076,1.467,0.692,0.000,2.159,2.260,697965,1781607,0,811,761,761,44669760,1412988,394,422,0
1077,1.485,0.681,0.000,2.166,2.254,697965,1781607,0,811,761,761,44669760,1412988,394,422,0
1078,1.539,0.688,0.000,2.227,2.260,697965,1781607,0,811,761,761,44669760,1412988,394,422,0
1079,1.494,0.661,0.000,2.155,2.322,697965,1781607,0,811,761,761,44669760,1412988,394,422,0
1080,1.453,0.678,0.000,2.131,2.252,697965,1781607,0,811,761,761,44669760,1412988,394,422,0
1081,1.467,0.660,0.000,2.126,2.227,697965,1781607,0,811,761,761,44669760,1412988,394,422,0
1082,1.544,0.662,0.000,2.205,2.226,697965,1781607,0,811,761,761,44669760,1412988,394,422,0
1083,1.518,0.673,0.000,2.191,2.301,697965,1781607,0,811,761,761,44669760,1412988,394,422,0
1084,1.480,0.676,0.000,2.156,2.285,697965,1781607,0,811,761,761,44669760,1412988,394,422,0
1085,1.511,0.672,0.000,2.183,2.250,697965,1781607,0,811,761,761,44669760,1412988,394,422,0
1086,1.519,0.668,0.000,2.187,2.275,697965,1781607,0,811,761,761,44669760,1412988,394,422,0
1087,1.469,0.669,0.000,2.139,2.284,697965,1781607,0,811,761,761,44669760,1412988,394,422,0
1088,1.470,0.684,0.000,2.154,2.234,697965,1781607,0,811,761,761,44669760,1412988,394,422,0
1089,1.538,0.691,0.000,2.228,2.253,697965,1781607,0,811,761,761,44669760,1412988,394,422,0
1090,1.503,0.689,0.000,2.192,2.321,697965,1781607,0,811,761,761,44669760,1412988,394,422,0
1091,1.483,0.673,0.000,2.156,2.286,697965,1781607,0,811,761,761,44669760,1412988,394,422,0
1092,1.474,0.692,0.000,2.165,2.255,697965,1781607,0,811,761,761,44669760,1412988,394,422,0
1093,1.500,0.681,0.000,2.181,2.264,697965,1781607,0,811,761,761,44669760,1412988,394,422,0
1094,1.495,0.680,0.000,2.175,2.276,697965,1781607,0,811,761,761,44669760,1412988,394,422,0
1095,1.465,0.683,0.000,2.148,2.270,697965,1781607,0,811,761,761,44669760,1412988,394,422,0
1096,1.494,0.689,0.000,2.183,2.242,697965,1781607,0,811,761,761,44669760,1412988,394,422,0
1097,1.497,0.679,0.000,2.176,2.276,697965,1781607,0,811,761,761,44669760,1412988,394,422,0
1098,1.488,0.659,0.000,2.147,2.272,697965,1781607,0,811,761,761,44669760,1412988,394,422,0
1099,1.475,0.679,0.000,2.153,2.242,697965,1781607,0,811,761,761,44669760,1412988,394,422,0
1100,1.486,0.687,0.000,2.172,2.246,697965,1781607,0,811,761,761,44669760,1412988,394,422,0
1101,1.511,0.679,0.000,2.191,2.268,697965,1781607,0,811,761,761,44669760,1412988,394,422,0
1102,1.464,0.683,0.000,2.147,2.284,697965,1781607,0,811,761,761,44669760,1412988,394,422,0
1103,1.453,0.679,0.000,2.132,2.244,697965,1781607,0,811,761,761,44669760,1412988,394,422,0
1104,1.502,0.696,0.000,2.199,2.225,697965,1781607,0,811,761,761,44669760,1412988,394,422,0
1105,1.486,0.685,0.000,2.171,2.291,697965,1781607,0,811,761,761,44669760,1412988,394,422,0
1106,1.473,0.681,0.000,2.154,2.268,697965,1781607,0,811,761,761,44669760,1412988,394,422,0
1107,1.543,0.717,0.000,2.260,2.260,697965,1781607,0,811,761,761,44669760,1412988,394,422,0
1108,1.519,0.672,0.000,2.191,2.356,697965,1781607,0,811,761,761,44669760,1412988,394,422,0
1109,1.489,0.663,0.000,2.153,2.285,697965,1781607,0,811,761,761,44669760,1412988,394,422,0
1110,1.478,0.705,0.000,2.183,2.247,697965,1781607,0,811,761,761,44669760,1412988,394,422,0
1111,1.525,0.675,0.000,2.200,2.282,697965,1781607,0,811,761,761,44669760,1412988,394,422,0
1112,1.482,0.657,0.000,2.139,2.293,697965,1781607,0,811,761,761,44669760,1412988,394,422,0
1113,1.473,0.664,0.000,2.137,2.234,697965,1781607,0,811,761,761,44669760,1412988,394,422,0
1114,1.476,0.691,0.000,2.167,2.238,697965,1781607,0,811,761,761,44669760,1412988,394,422,0
1115,1.503,0.677,0.000,2.180,2.258,697965,1781607,0,811,761,761,44669760,1412988,394,422,0
1116,1.479,0.666,0.000,2.145,2.275,697965,1781607,0,811,761,761,44669760,1412988,394,422,0
1117,1.466,0.675,0.000,2.141,2.240,697965,1781607,0,811,761,761,44669760,1412988,394,422,0
1118,1.482,0.687,0.000,2.168,2.239,697965,1781607,0,811,761,761,44669760,1412988,394,422,0
1119,1.534,0.676,0.000,2.210,2.262,697965,1781607,0,811,761,761,44669760,1412988,394,422,0
1120,1.488,0.669,0.000,2.157,2.303,697965,1781607,0,811,761,761,44669760,1412988,394,422,0
1121,1.445,0.695,0.000,2.140,2.252,697965,1781607,0,811,761,761,44669760,1412988,394,422,0
1122,1.486,0.680,0.000,2.165,2.234,697965,1781607,0,811,761,761,44669760,1412988,394,422,0
1123,1.528,0.675,0.000,2.203,2.258,697965,1781607,0,811,761,761,44669760,1412988,394,422,0
1124,1.509,0.707,0.000,2.216,2.298,697965,1781607,0,811,761,761,44669760,1412988,394,422,0
1125,1.557,0.711,0.000,2.268,2.321,697965,1781607,0,811,761,761,44669760,1412988,394,422,0
1126,1.520,0.674,0.000,2.194,2.367,697965,1781607,0,811,761,761,44669760,1412988,394,422,0
1127,1.724,0.661,0.000,2.385,2.292,697965,1781607,0,811,761,761,44669760,1412988,394,422,0
1128,1.491,0.686,0.000,2.177,2.482,697965,1781607,0,811,761,761,44669760,1412988,394,422,0
1129,1.505,0.689,0.000,2.194,2.273,697965,1781607,0,811,761,761,44669760,1412988,394,422,0
1130,1.524,0.632,0.000,2.156,2.287,697965,1781607,0,811,761,761,44669760,1412988,394,422,0
1131,1.543,0.675,0.000,2.218,2.253,697965,1781607,0,811,761,761,44669760,1412988,394,422,0
1132,1.534,0.694,0.000,2.229,2.311,697965,1781607,0,811,761,761,44669760,1412988,394,422,0
1133,1.490,0.704,0.000,2.194,2.324,697965,1781607,0,811,761,761,44669760,1412988,394,422,0
1134,1.487,0.667,0.000,2.155,2.290,697965,1781607,0,811,761,761,44669760,1412988,394,422,0
1135,1.512,0.676,0.000,2.188,2.249,697965,1781607,0,811,761,761,44669760,1412988,394,422,0
1136,1.474,0.677,0.000,2.151,2.285,697965,1781607,0,811,761,761,44669760,1412988,394,422,0
1137,1.527,0.690,0.000,2.217,2.246,697965,1781607,0,811,761,761,44669760,1412988,394,422,0
1138,1.470,0.692,0.000,2.163,2.309,697965,1781607,0,811,761,761,44669760,1412988,394,422,0
1139,1.475,0.638,0.000,2.113,2.257,697965,1781607,0,811,761,761,44669760,1412988,394,422,0
1140,1.516,0.660,0.000,2.176,2.208,697965,1781607,0,811,761,761,44669760,1412988,394,422,0
1141,1.515,0.686,0.000,2.201,2.275,697965,1781607,0,811,761,761,44669760,1412988,394,422,0
1142,1.489,0.676,0.000,2.165,2.304,697965,1781607,0,811,761,761,44669760,1412988,394,422,0
1143,1.488,0.691,0.000,2.180,2.258,697965,1781607,0,811,761,761,44669760,1412988,394,422,0
1144,1.495,0.675,0.000,2.170,2.273,697965,1781607,0,811,761,761,44669760,1412988,394,422,0
1145,1.491,0.663,0.000,2.154,2.265,697965,1781607,0,811,761,761,44669760,1412988,394,422,0
1146,1.494,0.688,0.000,2.182,2.249,697965,1781607,0,811,761,761,44669760,1412988,394,422,0
1147,1.491,0.687,0.000,2.179,2.279,697965,1781607,0,811,761,761,44669760,1412988,394,422,0
1148,1.480,0.684,0.000,2.164,2.273,697965,1781607,0,811,761,761,44669760,1412988,394,422,0
1149,1.457,0.679,0.000,2.136,2.259,697965,1781607,0,811,761,761,44669760,1412988,394,422,0
1150,1.491,0.677,0.000,2.169,2.230,697965,1781607,0,811,761,761,44669760,1412988,394,422,0
1151,1.512,0.665,0.000,2.178,2.262,697965,1781607,0,811,761,761,44669760,1412988,394,422,0
1152,1.502,0.694,0.000,2.196,2.269,697965,1781607,0,811,761,761,44669760,1412988,394,422,0
1153,1.495,0.681,0.000,2.176,2.291,697965,1781607,0,811,761,761,44669760,1412988,394,422,0
1154,1.493,0.689,0.000,2.182,2.270,697965,1781607,0,811,761,761,44669760,1412988,394,422,0
1155,1.493,0.674,0.000,2.168,2.275,697965,1781607,0,811,761,761,44669760,1412988,394,422,0
1156,1.487,0.664,0.000,2.151,2.263,697965,1781607,0,811,761,761,44669760,1412988,394,422,0
1157,1.497,0.667,0.000,2.164,2.244,697965,1781607,0,811,761,761,44669760,1412988,394,422,0
1158,1.490,0.678,0.000,2.168,2.256,697965,1781607,0,811,761,761,44669760,1412988,394,422,0
1159,1.497,0.671,0.000,2.167,2.265,697965,1781607,0,811,761,761,44669760,1412988,394,422,0
1160,1.484,0.677,0.000,2.161,2.265,697965,1781607,0,811,761,761,44669760,1412988,394,422,0
1161,1.490,0.674,0.000,2.163,2.261,697965,1781607,0,811,761,761,44669760,1412988,394,422,0
1162,1.513,0.650,0.000,2.163,2.258,697965,1781607,0,811,761,761,44669760,1412988,394,422,0
1163,1.508,0.685,0.000,2.193,2.261,697965,1781607,0,811,761,761,44669760,1412988,394,422,0
1164,1.505,0.654,0.000,2.160,2.288,697965,1781607,0,811,761,761,44669760,1412988,394,422,0
1165,1.496,0.657,0.000,2.153,2.253,697965,1781607,0,811,761,761,44669760,1412988,394,422,0
1166,1.502,0.670,0.000,2.171,2.246,697965,1781607,0,811,761,761,44669760,1412988,394,422,0
1167,1.521,0.658,0.000,2.179,2.265,697965,1781607,0,811,761,761,44669760,1412988,394,422,0
1168,1.511,0.670,0.000,2.181,2.272,697965,1781607,0,811,761,761,44669760,1412988,394,422,0
1169,1.466,0.685,0.000,2.151,2.274,697965,1781607,0,811,761,761,44669760,1412988,394,422,0
1170,1.556,0.667,0.000,2.223,2.248,697965,1781607,0,811,761,761,44669760,1412988,394,422,0
1171,1.480,0.665,0.000,2.145,2.319,697965,1781607,0,811,761,761,44669760,1412988,394,422,0
1172,1.484,0.674,0.000,2.158,2.246,697965,1781607,0,811,761,761,44669760,1412988,394,422,0
1173,1.506,0.611,0.000,2.117,2.977,697965,1781607,0,811,761,761,44669760,1412988,394,422,0
1174,1.424,0.679,0.000,2.104,2.213,697965,1781607,0,811,761,761,44669760,1412988,394,422,0
1175,1.463,0.695,0.000,2.158,2.207,697965,1781607,0,811,761,761,44669760,1412988,394,422,0
1176,1.423,0.651,0.000,2.074,2.257,697965,1781607,0,811,761,761,44669760,1412988,394,422,0
1177,1.424,0.649,0.000,2.072,2.170,697965,1781607,0,811,761,761,44669760,1412988,394,422,0
1178,1.425,0.642,0.000,2.067,2.168,697965,1781607,0,811,761,761,44669760,1412988,394,422,0
1179,1.434,0.657,0.000,2.091,2.161,697965,1781607,0,811,761,761,44669760,1412988,394,422,0
1180,1.376,0.664,0.000,2.040,2.190,697965,1781607,0,811,761,761,44669760,1412988,394,422,0
1181,1.479,0.681,0.000,2.159,2.135,697965,1781607,0,811,761,761,44669760,1412988,394,422,0
1182,1.489,0.673,0.000,2.162,2.253,697965,1781607,0,811,761,761,44669760,1412988,394,422,0
1183,1.482,0.688,0.000,2.170,2.256,697965,1781607,0,811,761,761,44669760,1412988,394,422,0
1184,1.461,0.673,0.000,2.134,2.268,697965,1781607,0,811,761,761,44669760,1412988,394,422,0
1185,1.494,0.653,0.000,2.148,2.228,697965,1781607,0,811,761,761,44669760,1412988,394,422,0
1186,1.486,0.680,0.000,2.166,2.242,697965,1781607,0,811,761,761,44669760,1412988,394,422,0
1187,1.460,0.697,0.000,2.158,2.260,697965,1781607,0,811,761,761,44669760,1412988,394,422,0
1188,1.525,0.662,0.000,2.187,2.251,697965,1781607,0,811,761,761,44669760,1412988,394,422,0
1189,1.478,0.670,0.000,2.149,2.281,697965,1781607,0,811,761,761,44669760,1412988,394,422,0
1190,1.522,0.678,0.000,2.200,2.247,697965,1781607,0,811,761,761,44669760,1412988,394,422,0
1191,1.475,0.664,0.000,2.139,2.294,697965,1781607,0,811,761,761,44669760,1412988,394,422,0
1192,1.485,0.658,0.000,2.142,2.236,697965,1781607,0,811,761,761,44669760,1412988,394,422,0
1193,1.533,0.674,0.000,2.208,2.237,697965,1781607,0,811,761,761,44669760,1412988,394,422,0
1194,1.498,0.683,0.000,2.181,2.299,697965,1781607,0,811,761,761,44669760,1412988,394,422,0
1195,1.511,0.668,0.000,2.179,2.275,697965,1781607,0,811,761,761,44669760,1412988,394,422,0
1196,1.486,0.665,0.000,2.150,2.273,697965,1781607,0,811,761,761,44669760,1412988,394,422,0
1197,1.502,0.681,0.000,2.184,2.243,697965,1781607,0,811,761,761,44669760,1412988,394,422,0
1198,1.483,0.688,0.000,2.171,2.277,697965,1781607,0,811,761,761,44669760,1412988,394,422,0
1199,1.527,0.668,0.000,2.195,2.265,697965,1781607,0,811,761,761,44669760,1412988,394,422,0
1200,1.420,0.656,0.000,2.076,2.289,697965,1781607,0,811,761,761,44669760,1412988,394,422,0
