frame,update_ms,render_ms,swap_ms,frame_ms,loop_ms,total_vertices,visible_vertices,culled_vertices,total_batches,visible_batches,draw_calls,vbo_bytes,index_bytes,texture_binds,material_changes,reflection_passes
1,1.363,0.925,0.000,2.288,2.288,474845,674558,0,415,274,274,30390080,975714,148,166,0
2,1.379,0.533,0.000,1.912,2.488,474845,674558,0,415,274,274,30390080,975714,148,166,0
3,1.461,0.492,0.000,1.953,2.030,474845,674558,0,415,274,274,30390080,975714,148,166,0
4,1.292,0.575,0.000,1.866,2.061,474845,674558,0,415,274,274,30390080,975714,148,166,0
5,1.182,0.899,0.000,2.080,1.978,474845,674558,0,415,274,274,30390080,975714,148,166,0
6,1.226,1.062,0.000,2.288,2.215,474845,674558,0,415,274,274,30390080,975714,148,166,0
7,1.249,0.755,0.000,2.005,2.470,474845,674558,0,415,274,274,30390080,975714,148,166,0
8,1.313,0.737,0.000,2.051,2.130,474845,674558,0,415,274,274,30390080,975714,148,166,0
9,1.419,0.494,0.000,1.913,2.154,474845,674558,0,415,274,274,30390080,975714,148,166,0
10,1.478,0.496,0.000,1.975,2.039,474845,674558,0,415,274,274,30390080,975714,148,166,0
11,1.319,0.615,0.000,1.934,2.088,474845,674558,0,415,274,274,30390080,975714,148,166,0
12,1.246,0.936,0.000,2.182,2.057,474845,674558,0,415,274,274,30390080,975714,148,166,0
13,1.248,0.962,0.000,2.211,2.342,474845,674558,0,415,274,274,30390080,975714,148,166,0
14,1.317,1.002,0.000,2.320,2.376,474845,674558,0,415,274,274,30390080,975714,148,166,0
15,1.327,0.635,0.000,1.962,2.465,474845,674558,0,415,274,274,30390080,975714,148,166,0
16,1.359,0.474,0.000,1.833,2.081,474845,674558,0,415,274,274,30390080,975714,148,166,0
17,1.428,0.483,0.000,1.910,1.941,474845,674558,0,415,274,274,30390080,975714,148,166,0
18,1.252,0.881,0.000,2.133,2.019,474845,674558,0,415,274,274,30390080,975714,148,166,0
19,1.224,0.942,0.000,2.166,2.246,474845,674558,0,415,274,274,30390080,975714,148,166,0
20,1.225,1.091,0.000,2.316,2.302,474845,674558,0,415,274,274,30390080,975714,148,166,0
21,1.252,0.868,0.000,2.121,2.449,474845,674558,0,415,274,274,30390080,975714,148,166,0
22,1.294,0.847,0.000,2.141,2.249,474845,674558,0,415,274,274,30390080,975714,148,166,0
23,1.356,0.482,0.000,1.837,2.281,474845,674558,0,415,274,274,30390080,975714,148,166,0
24,1.487,0.494,0.000,1.981,1.941,474845,674558,0,415,274,274,30390080,975714,148,166,0
25,1.326,0.594,0.000,1.920,2.087,474845,674558,0,415,274,274,30390080,975714,148,166,0
26,1.179,1.023,0.000,2.202,2.026,474845,674558,0,415,274,274,30390080,975714,148,166,0
27,1.244,0.974,0.000,2.219,2.322,474845,674558,0,415,274,274,30390080,975714,148,166,0
28,1.249,0.837,0.001,2.087,2.361,474845,674558,0,415,274,274,30390080,975714,148,166,0
29,1.337,0.770,0.000,2.107,2.218,474845,674558,0,415,274,274,30390080,975714,148,166,0
30,1.416,0.492,0.000,1.909,2.227,474845,674558,0,415,274,274,30390080,975714,148,166,0
31,1.463,0.497,0.000,1.960,2.019,474845,674558,0,415,274,274,30390080,975714,148,166,0
32,1.214,0.654,0.000,1.868,2.064,474845,674558,0,415,274,274,30390080,975714,148,166,0
33,1.240,1.061,0.000,2.301,1.985,474845,674558,0,415,274,274,30390080,975714,148,166,0
34,1.223,0.866,0.000,2.089,2.430,474845,674558,0,415,274,274,30390080,975714,148,166,0
35,1.323,1.006,0.000,2.329,2.248,474845,674558,0,415,274,274,30390080,975714,148,166,0
36,1.328,0.684,0.000,2.012,2.479,474845,674558,0,415,274,274,30390080,975714,148,166,0
37,1.382,0.485,0.000,1.867,2.137,474845,674558,0,415,274,274,30390080,975714,148,166,0
38,1.456,0.490,0.000,1.946,1.976,474845,674558,0,415,274,274,30390080,975714,148,166,0
39,1.258,0.668,0.000,1.926,2.053,474845,674558,0,415,274,274,30390080,975714,148,166,0
40,1.227,1.042,0.000,2.269,2.048,474845,674558,0,415,274,274,30390080,975714,148,166,0
41,1.260,1.094,0.000,2.353,2.407,474845,674558,0,415,274,274,30390080,975714,148,166,0
42,1.252,0.746,0.000,1.999,2.484,474845,674558,0,415,274,274,30390080,975714,148,166,0
43,1.337,0.798,0.000,2.135,2.124,474845,674558,0,415,274,274,30390080,975714,148,166,0
44,1.438,0.486,0.000,1.923,2.276,474845,674558,0,415,274,274,30390080,975714,148,166,0
45,1.475,0.477,0.000,1.951,2.030,474845,674558,0,415,274,274,30390080,975714,148,166,0
46,1.311,0.741,0.000,2.053,2.072,474845,674558,0,415,274,274,30390080,975714,148,166,0
47,1.368,0.847,0.000,2.216,2.164,474845,674558,0,415,274,274,30390080,975714,148,166,0
48,1.171,1.116,0.000,2.287,2.310,474845,674558,0,415,274,274,30390080,975714,148,166,0
49,1.270,0.760,0.000,2.030,2.401,474845,674558,0,415,274,274,30390080,975714,148,166,0
50,1.316,0.861,0.000,2.176,2.133,474845,674558,0,415,274,274,30390080,975714,148,166,0
51,1.323,0.467,0.000,1.790,2.307,474845,674558,0,415,274,274,30390080,975714,148,166,0
52,1.532,0.471,0.000,2.003,1.879,474845,674558,0,415,274,274,30390080,975714,148,166,0
53,1.239,0.904,0.000,2.142,2.086,474845,674558,0,415,274,274,30390080,975714,148,166,0
54,1.211,0.904,0.000,2.115,2.250,474845,674558,0,415,274,274,30390080,975714,148,166,0
55,1.238,0.891,0.000,2.129,2.216,474845,674558,0,415,274,274,30390080,975714,148,166,0
56,1.287,0.855,0.000,2.142,2.222,474845,674558,0,415,274,274,30390080,975714,148,166,0
57,1.424,0.610,0.000,2.034,2.295,474845,674558,0,415,274,274,30390080,975714,148,166,0
58,1.410,0.466,0.000,1.876,2.125,474845,674558,0,415,274,274,30390080,975714,148,166,0
59,1.430,0.539,0.000,1.968,1.961,474845,674558,0,415,274,274,30390080,975714,148,166,0
60,1.174,0.904,0.000,2.078,2.054,474845,674558,0,415,274,274,30390080,975714,148,166,0
61,1.222,0.942,0.000,2.164,2.163,474845,674558,0,415,274,274,30390080,975714,148,166,0
62,1.258,0.938,0.000,2.196,2.268,474845,674558,0,415,274,274,30390080,975714,148,166,0
63,1.319,0.608,0.000,1.927,2.296,474845,674558,0,415,274,274,30390080,975714,148,166,0
64,1.356,0.439,0.000,1.795,2.023,474845,674558,0,415,274,274,30390080,975714,148,166,0
65,1.324,0.554,0.000,1.878,1.877,474845,674558,0,415,274,274,30390080,975714,148,166,0
66,1.210,1.054,0.000,2.264,1.967,474845,674558,0,415,274,274,30390080,975714,148,166,0
67,1.232,0.933,0.000,2.166,2.362,474845,674558,0,415,274,274,30390080,975714,148,166,0
68,1.261,0.894,0.000,2.155,2.273,474845,674558,0,415,274,274,30390080,975714,148,166,0
69,1.351,0.588,0.000,1.939,2.264,474845,674558,0,415,274,274,30390080,975714,148,166,0
70,1.438,0.483,0.000,1.922,2.018,474845,674558,0,415,274,274,30390080,975714,148,166,0
71,1.323,0.589,0.000,1.912,2.003,474845,674558,0,415,274,274,30390080,975714,148,166,0
72,1.228,0.924,0.000,2.152,2.031,474845,674558,0,415,274,274,30390080,975714,148,166,0
73,1.245,1.138,0.000,2.383,2.234,474845,674558,0,415,274,274,30390080,975714,148,166,0
74,1.240,0.789,0.000,2.030,2.509,474845,674558,0,415,274,274,30390080,975714,148,166,0
75,1.314,1.899,0.000,3.213,2.141,474845,674558,0,415,274,274,30390080,975714,148,166,0
76,1.402,0.687,0.000,2.089,3.330,474845,674558,0,415,274,274,30390080,975714,148,166,0
77,1.248,0.440,0.000,1.688,2.198,474845,674558,0,415,274,274,30390080,975714,148,166,0
78,1.372,0.438,0.000,1.810,1.804,474845,674558,0,415,274,274,30390080,975714,148,166,0
79,1.431,0.469,0.000,1.899,1.894,474845,674558,0,415,274,274,30390080,975714,148,166,0
80,1.208,0.861,0.000,2.069,1.986,474845,674558,0,415,274,274,30390080,975714,148,166,0
81,1.254,0.992,0.000,2.246,2.175,474845,674558,0,415,274,274,30390080,975714,148,166,0
82,1.303,1.224,0.000,2.527,2.354,474845,674558,0,415,274,274,30390080,975714,148,166,0
83,1.388,0.615,0.000,2.004,3.027,474845,674558,0,415,274,274,30390080,975714,148,166,0
84,1.237,0.901,0.000,2.138,2.120,474845,674558,0,415,274,274,30390080,975714,148,166,0
85,1.299,0.764,0.000,2.063,2.243,474845,674558,0,415,274,274,30390080,975714,148,166,0
86,1.369,0.454,0.000,1.823,2.157,474845,674558,0,415,274,274,30390080,975714,148,166,0
87,1.434,0.482,0.000,1.916,1.903,474845,674558,0,415,274,274,30390080,975714,148,166,0
88,1.197,0.891,0.000,2.089,1.999,474845,674558,0,415,274,274,30390080,975714,148,166,0
89,1.300,1.100,0.000,2.400,2.189,474845,674558,0,415,274,274,30390080,975714,148,166,0
90,1.369,0.966,0.000,2.335,2.522,474845,674558,0,415,274,274,30390080,975714,148,166,0
91,1.286,0.781,0.000,2.067,2.468,474845,674558,0,415,274,274,30390080,975714,148,166,0
92,1.368,0.866,0.000,2.235,2.173,474845,674558,0,415,274,274,30390080,975714,148,166,0
93,1.444,0.491,0.000,1.935,2.444,474845,674558,0,415,274,274,30390080,975714,148,166,0
94,1.506,0.455,0.000,1.961,2.025,474845,674558,0,415,274,274,30390080,975714,148,166,0
95,1.417,0.533,0.000,1.950,2.045,474845,674558,0,415,274,274,30390080,975714,148,166,0
96,1.454,0.822,0.000,2.276,2.035,474845,674558,0,415,274,274,30390080,975714,148,166,0
97,1.627,0.665,0.000,2.292,2.792,474845,674558,0,415,274,274,30390080,975714,148,166,0
98,1.636,0.590,0.000,2.227,2.650,474845,674558,0,415,274,274,30390080,975714,148,166,0
99,1.749,0.603,0.000,2.353,3.448,474845,674558,0,415,274,274,30390080,975714,148,166,0
100,1.616,0.709,0.000,2.325,2.460,474845,674558,0,415,274,274,30390080,975714,148,166,0
101,1.634,0.542,0.000,2.176,2.422,474845,674558,0,415,274,274,30390080,975714,148,166,0
102,1.498,0.549,0.000,2.047,2.272,474845,674558,0,415,274,274,30390080,975714,148,166,0
103,1.322,0.773,0.000,2.094,2.139,474845,674558,0,415,274,274,30390080,975714,148,166,0
104,1.316,0.914,0.000,2.231,2.196,474845,674558,0,415,274,274,30390080,975714,148,166,0
105,1.299,1.096,0.000,2.395,2.325,474845,674558,0,415,274,274,30390080,975714,148,166,0
106,1.488,0.949,0.000,2.437,2.503,474845,674558,0,415,274,274,30390080,975714,148,166,0
107,1.664,0.661,0.000,2.325,3.904,474845,674558,0,415,274,274,30390080,975714,148,166,0
108,1.435,0.579,0.000,2.014,2.407,474845,674558,0,415,274,274,30390080,975714,148,166,0
109,1.349,0.804,0.000,2.153,2.101,474845,674558,0,415,274,274,30390080,975714,148,166,0
110,1.764,0.815,0.000,2.579,3.136,474845,674558,0,415,274,274,30390080,975714,148,166,0
111,1.583,0.592,0.000,2.176,2.683,474845,674558,0,415,274,274,30390080,975714,148,166,0
112,1.414,0.564,0.000,1.979,2.272,474845,674558,0,415,274,274,30390080,975714,148,166,0
113,1.264,0.649,0.000,1.913,2.075,474845,674558,0,415,274,274,30390080,975714,148,166,0
114,1.299,0.735,0.000,2.035,2.044,474845,674558,0,415,274,274,30390080,975714,148,166,0
115,3.481,0.725,0.000,4.206,2.128,474845,674558,0,415,274,274,30390080,975714,148,166,0
116,1.578,0.547,0.000,2.125,4.322,474845,674558,0,415,274,274,30390080,975714,148,166,0
117,1.386,0.616,0.000,2.003,2.216,474845,674558,0,415,274,274,30390080,975714,148,166,0
118,1.229,0.467,0.000,1.696,2.088,474845,674558,0,415,274,274,30390080,975714,148,166,0
119,1.305,0.895,0.000,2.200,1.810,474845,674558,0,415,274,274,30390080,975714,148,166,0
120,1.406,0.518,0.000,1.924,2.333,474845,674558,0,415,274,274,30390080,975714,148,166,0
121,1.549,0.464,0.000,2.013,2.011,474845,674558,0,415,274,274,30390080,975714,148,166,0
122,1.378,0.550,0.000,1.928,2.104,474845,674558,0,415,274,274,30390080,975714,148,166,0
123,1.283,0.924,0.000,2.207,2.018,474845,674558,0,415,274,274,30390080,975714,148,166,0
124,1.283,1.167,0.000,2.450,2.306,474845,674558,0,415,274,274,30390080,975714,148,166,0
125,1.511,0.509,0.000,2.020,3.643,474845,674558,0,415,274,274,30390080,975714,148,166,0
126,1.340,0.625,0.000,1.965,2.107,474845,674558,0,415,274,274,30390080,975714,148,166,0
127,1.242,0.928,0.000,2.170,2.048,474845,674558,0,415,274,274,30390080,975714,148,166,0
128,1.324,0.840,0.000,2.163,2.273,474845,674558,0,415,274,274,30390080,975714,148,166,0
129,1.670,0.642,0.000,2.311,2.267,474845,674558,0,415,274,274,30390080,975714,148,166,0
130,1.514,0.552,0.000,2.066,4.179,474845,674558,0,415,274,274,30390080,975714,148,166,0
131,1.615,0.678,0.000,2.292,4.308,474845,674558,0,415,274,274,30390080,975714,148,166,0
132,1.442,0.515,0.000,1.958,2.377,474845,674558,0,415,274,274,30390080,975714,148,166,0
133,1.317,0.636,0.000,1.954,2.048,474845,674558,0,415,274,274,30390080,975714,148,166,0
134,1.241,0.676,0.000,1.917,2.039,474845,674558,0,415,274,274,30390080,975714,148,166,0
135,1.310,0.797,0.000,2.107,2.017,474845,674558,0,415,274,274,30390080,975714,148,166,0
136,1.468,0.466,0.000,1.934,2.292,474845,674558,0,415,274,274,30390080,975714,148,166,0
137,1.578,0.567,0.000,2.146,6.405,474845,674558,0,415,274,274,30390080,975714,148,166,0
138,1.441,0.446,0.000,1.886,2.236,474845,674558,0,415,274,274,30390080,975714,148,166,0
139,1.358,0.550,0.000,1.908,1.974,474845,674558,0,415,274,274,30390080,975714,148,166,0
140,1.225,0.407,0.000,1.631,2.012,474845,674558,0,415,274,274,30390080,975714,148,166,0
141,1.282,0.455,0.000,1.738,1.738,474845,674558,0,415,274,274,30390080,975714,148,166,0
142,1.375,0.439,0.000,1.814,1.823,474845,674558,0,415,274,274,30390080,975714,148,166,0
143,1.277,0.570,0.000,1.847,1.898,474845,674558,0,415,274,274,30390080,975714,148,166,0
144,1.242,0.374,0.000,1.615,1.946,474845,674558,0,415,274,274,30390080,975714,148,166,0
145,2.241,0.575,0.000,2.816,1.710,474845,674558,0,415,274,274,30390080,975714,148,166,0
146,1.566,0.768,0.000,2.334,3.809,474845,674558,0,415,274,274,30390080,975714,148,166,0
147,1.250,0.410,0.000,1.660,2.446,474845,674558,0,415,274,274,30390080,975714,148,166,0
148,1.391,0.447,0.000,1.838,1.753,474845,674558,0,415,274,274,30390080,975714,148,166,0
149,1.411,0.421,0.000,1.832,1.924,474845,674558,0,415,274,274,30390080,975714,148,166,0
150,1.306,0.535,0.000,1.842,1.917,474845,674558,0,415,274,274,30390080,975714,148,166,0
151,1.246,0.444,0.000,1.690,1.936,474845,674558,0,415,274,274,30390080,975714,148,166,0
152,1.337,0.407,0.000,1.744,1.805,474845,674558,0,415,274,274,30390080,975714,148,166,0
153,1.618,0.498,0.000,2.116,5.093,474845,674558,0,415,274,274,30390080,975714,148,166,0
154,1.574,0.533,0.000,2.106,4.478,474845,674558,0,415,274,274,30390080,975714,148,166,0
155,1.479,0.464,0.000,1.943,2.192,474845,674558,0,415,274,274,30390080,975714,148,166,0
156,1.247,0.554,0.000,1.801,2.037,474845,674558,0,415,274,274,30390080,975714,148,166,0
157,1.207,0.364,0.000,1.571,1.885,474845,674558,0,415,274,274,30390080,975714,148,166,0
158,1.424,0.458,0.000,1.882,1.670,474845,674558,0,415,274,274,30390080,975714,148,166,0
159,1.409,0.464,0.000,1.873,1.976,474845,674558,0,415,274,274,30390080,975714,148,166,0
160,1.218,0.573,0.000,1.791,1.962,474845,674558,0,415,274,274,30390080,975714,148,166,0
161,1.235,0.369,0.000,1.603,1.918,474845,674558,0,415,274,274,30390080,975714,148,166,0
162,1.435,0.448,0.000,1.883,1.687,474845,674558,0,415,274,274,30390080,975714,148,166,0
163,1.452,0.503,0.000,1.955,3.322,474845,674558,0,415,274,274,30390080,975714,148,166,0
164,1.575,0.421,0.000,1.997,2.111,474845,674558,0,415,274,274,30390080,975714,148,166,0
165,1.445,0.450,0.000,1.896,2.084,474845,674558,0,415,274,274,30390080,975714,148,166,0
166,1.272,0.499,0.000,1.771,1.983,474845,674558,0,415,274,274,30390080,975714,148,166,0
167,1.212,0.394,0.000,1.606,1.863,474845,674558,0,415,274,274,30390080,975714,148,166,0
168,1.364,0.411,0.000,1.775,1.699,474845,674558,0,415,274,274,30390080,975714,148,166,0
169,1.341,0.463,0.000,1.804,1.858,474845,674558,0,415,274,274,30390080,975714,148,166,0
170,1.234,0.515,0.000,1.749,1.887,474845,674558,0,415,274,274,30390080,975714,148,166,0
171,1.300,0.548,0.000,1.848,1.851,474845,674558,0,415,274,274,30390080,975714,148,166,0
172,1.445,0.411,0.000,1.855,1.935,474845,674558,0,415,274,274,30390080,975714,148,166,0
173,1.666,0.460,0.000,2.126,2.369,474845,674558,0,415,274,274,30390080,975714,148,166,0
174,1.361,0.473,0.000,1.833,2.210,474845,674558,0,415,274,274,30390080,975714,148,166,0
175,1.206,0.503,0.000,1.709,1.920,474845,674558,0,415,274,274,30390080,975714,148,166,0
176,1.332,0.578,0.000,1.910,1.818,474845,674558,0,415,274,274,30390080,975714,148,166,0
177,1.387,0.403,0.000,1.790,1.992,474845,674558,0,415,274,274,30390080,975714,148,166,0
178,1.291,0.527,0.000,1.818,1.871,474845,674558,0,415,274,274,30390080,975714,148,166,0
179,1.226,0.596,0.000,1.822,1.945,474845,674558,0,415,274,274,30390080,975714,148,166,0
180,1.313,0.517,0.000,1.830,1.919,474845,674558,0,415,274,274,30390080,975714,148,166,0
181,1.399,0.433,0.000,1.832,1.914,474845,674558,0,415,274,274,30390080,975714,148,166,0
182,2.154,0.423,0.000,2.577,1.917,474845,674558,0,415,274,274,30390080,975714,148,166,0
183,1.311,0.478,0.000,1.789,2.671,474845,674558,0,415,274,274,30390080,975714,148,166,0
184,1.206,0.596,0.000,1.802,1.878,474845,674558,0,415,274,274,30390080,975714,148,166,0
185,1.338,0.456,0.000,1.795,1.911,474845,674558,0,415,274,274,30390080,975714,148,166,0
186,1.418,1.014,0.000,2.431,1.879,474845,674558,0,415,274,274,30390080,975714,148,166,0
187,1.571,0.434,0.000,2.005,2.567,474845,674558,0,415,274,274,30390080,975714,148,166,0
188,1.381,0.508,0.000,1.889,2.090,474845,674558,0,415,274,274,30390080,975714,148,166,0
189,1.191,0.482,0.000,1.673,1.971,474845,674558,0,415,274,274,30390080,975714,148,166,0
190,1.317,0.513,0.000,1.830,1.776,474845,674558,0,415,274,274,30390080,975714,148,166,0
191,1.444,0.410,0.000,1.853,1.912,474845,674558,0,415,274,274,30390080,975714,148,166,0
192,1.319,0.516,0.000,1.835,1.935,474845,674558,0,415,274,274,30390080,975714,148,166,0
193,1.211,0.619,0.000,1.830,1.944,474845,674558,0,415,274,274,30390080,975714,148,166,0
194,1.321,0.494,0.000,1.815,1.923,474845,674558,0,415,274,274,30390080,975714,148,166,0
195,1.479,0.518,0.000,1.997,1.895,474845,674558,0,415,274,274,30390080,975714,148,166,0
196,1.598,0.568,0.000,2.166,2.744,474845,674558,0,415,274,274,30390080,975714,148,166,0
197,1.559,0.563,0.000,2.122,2.270,474845,674558,0,415,274,274,30390080,975714,148,166,0
198,1.356,0.544,0.000,1.900,2.205,474845,674558,0,415,274,274,30390080,975714,148,166,0
199,1.227,0.535,0.000,1.763,1.983,474845,674558,0,415,274,274,30390080,975714,148,166,0
200,1.279,0.474,0.000,1.753,1.859,474845,674558,0,415,274,274,30390080,975714,148,166,0
201,1.468,0.416,0.000,1.884,1.834,474845,674558,0,415,274,274,30390080,975714,148,166,0
202,1.246,0.534,0.000,1.779,1.968,474845,674558,0,415,274,274,30390080,975714,148,166,0
203,1.359,0.532,0.000,1.891,1.873,474845,674558,0,415,274,274,30390080,975714,148,166,0
204,3.688,0.729,0.000,4.418,2.402,474845,674558,0,415,274,274,30390080,975714,148,166,0
205,1.922,0.503,0.000,2.425,4.643,474845,674558,0,415,274,274,30390080,975714,148,166,0
206,1.596,0.660,0.005,2.261,2.531,474845,674558,0,415,274,274,30390080,975714,148,166,0
207,1.569,0.541,0.000,2.110,2.368,474845,674558,0,415,274,274,30390080,975714,148,166,0
208,1.523,0.546,0.000,2.069,2.194,474845,674558,0,415,274,274,30390080,975714,148,166,0
209,1.416,0.582,0.000,1.999,2.164,474845,674558,0,415,274,274,30390080,975714,148,166,0
210,1.222,0.390,0.000,1.613,2.087,474845,674558,0,415,274,274,30390080,975714,148,166,0
211,1.362,0.423,0.000,1.785,1.765,474845,674558,0,415,274,274,30390080,975714,148,166,0
212,1.405,0.456,0.000,1.861,1.865,474845,674558,0,415,274,274,30390080,975714,148,166,0
213,1.232,0.592,0.000,1.824,1.943,474845,674558,0,415,274,274,30390080,975714,148,166,0
214,1.199,0.403,0.000,1.602,1.927,474845,674558,0,415,274,274,30390080,975714,148,166,0
215,1.449,0.549,0.000,1.998,1.679,474845,674558,0,415,274,274,30390080,975714,148,166,0
216,1.693,0.634,0.000,2.328,2.558,474845,674558,0,415,274,274,30390080,975714,148,166,0
217,1.559,0.508,0.000,2.067,2.415,474845,674558,0,415,274,274,30390080,975714,148,166,0
218,1.457,0.481,0.000,1.938,2.154,474845,674558,0,415,274,274,30390080,975714,148,166,0
219,1.289,0.433,0.000,1.723,2.022,474845,674558,0,415,274,274,30390080,975714,148,166,0
220,1.352,0.561,0.000,1.913,1.822,474845,674558,0,415,274,274,30390080,975714,148,166,0
221,1.515,0.629,0.000,2.144,2.000,474845,674558,0,415,274,274,30390080,975714,148,166,0
222,1.516,0.580,0.000,2.096,2.241,474845,674558,0,415,274,274,30390080,975714,148,166,0
223,1.390,0.522,0.000,1.913,2.185,474845,674558,0,415,274,274,30390080,975714,148,166,0
224,1.385,0.602,0.000,1.987,2.006,474845,674558,0,415,274,274,30390080,975714,148,166,0
225,1.372,0.515,0.000,1.888,2.081,474845,674558,0,415,274,274,30390080,975714,148,166,0
226,1.371,0.616,0.000,1.987,1.995,474845,674558,0,415,274,274,30390080,975714,148,166,0
227,1.382,0.555,0.000,1.938,2.072,474845,674558,0,415,274,274,30390080,975714,148,166,0
228,1.380,0.538,0.000,1.919,2.036,474845,674558,0,415,274,274,30390080,975714,148,166,0
229,1.289,0.546,0.000,1.835,2.005,474845,674558,0,415,274,274,30390080,975714,148,166,0
230,1.307,0.691,0.000,1.998,1.939,474845,674558,0,415,274,274,30390080,975714,148,166,0
231,1.424,0.552,0.000,1.975,2.099,474845,674558,0,415,274,274,30390080,975714,148,166,0
232,1.389,0.562,0.000,1.951,2.057,474845,674558,0,415,274,274,30390080,975714,148,166,0
233,1.395,0.603,0.000,1.999,2.056,474845,674558,0,415,274,274,30390080,975714,148,166,0
234,1.289,0.583,0.000,1.872,2.080,474845,674558,0,415,274,274,30390080,975714,148,166,0
235,1.625,0.621,0.000,2.246,4.692,474845,674558,0,415,274,274,30390080,975714,148,166,0
236,1.505,0.487,0.000,1.992,2.333,474845,674558,0,415,274,274,30390080,975714,148,166,0
237,1.453,0.475,0.000,1.928,2.077,474845,674558,0,415,274,274,30390080,975714,148,166,0
238,1.269,0.604,0.000,1.873,2.014,474845,674558,0,415,274,274,30390080,975714,148,166,0
239,1.293,0.399,0.000,1.692,1.960,474845,674558,0,415,274,274,30390080,975714,148,166,0
240,1.495,0.457,0.000,1.952,1.783,474845,674558,0,415,274,274,30390080,975714,148,166,0
241,1.461,0.437,0.000,1.898,2.038,474845,674558,0,415,274,274,30390080,975714,148,166,0
242,1.274,0.562,0.000,1.836,1.986,474845,674558,0,415,274,274,30390080,975714,148,166,0
243,1.273,0.522,0.000,1.794,1.928,474845,674558,0,415,274,274,30390080,975714,148,166,0
244,1.442,0.474,0.000,1.917,1.955,474845,674558,0,415,274,274,30390080,975714,148,166,0
245,1.400,0.432,0.000,1.832,1.996,474845,674558,0,415,274,274,30390080,975714,148,166,0
246,1.295,0.548,0.000,1.843,1.921,474845,674558,0,415,274,274,30390080,975714,148,166,0
247,1.288,0.541,0.000,1.829,1.939,474845,674558,0,415,274,274,30390080,975714,148,166,0
248,1.414,0.502,0.000,1.916,1.926,474845,674558,0,415,274,274,30390080,975714,148,166,0
249,1.399,0.410,0.000,1.809,1.998,474845,674558,0,415,274,274,30390080,975714,148,166,0
250,1.226,0.568,0.000,1.794,1.890,474845,674558,0,415,274,274,30390080,975714,148,166,0
251,1.257,0.582,0.000,1.838,1.877,474845,674558,0,415,274,274,30390080,975714,148,166,0
252,1.359,0.521,0.000,1.880,1.929,474845,674558,0,415,274,274,30390080,975714,148,166,0
253,1.484,0.429,0.000,1.913,1.962,474845,674558,0,415,274,274,30390080,975714,148,166,0
254,1.505,0.415,0.000,1.919,3.286,474845,674558,0,415,274,274,30390080,975714,148,166,0
255,1.543,0.519,0.000,2.062,2.010,474845,674558,0,415,274,274,30390080,975714,148,166,0
256,1.748,0.519,0.000,2.267,2.151,474845,674558,0,415,274,274,30390080,975714,148,166,0
257,1.524,0.679,0.000,2.203,2.358,474845,674558,0,415,274,274,30390080,975714,148,166,0
258,1.402,0.680,0.000,2.082,2.292,474845,674558,0,415,274,274,30390080,975714,148,166,0
259,1.283,0.426,0.000,1.709,2.186,474845,674558,0,415,274,274,30390080,975714,148,166,0
260,1.426,0.451,0.000,1.877,1.802,474845,674558,0,415,274,274,30390080,975714,148,166,0
261,1.478,0.476,0.000,1.953,1.959,474845,674558,0,415,274,274,30390080,975714,148,166,0
262,1.346,0.561,0.000,1.907,2.038,474845,674558,0,415,274,274,30390080,975714,148,166,0
263,1.267,0.513,0.000,1.780,1.990,474845,674558,0,415,274,274,30390080,975714,148,166,0
264,1.343,0.572,0.000,1.915,1.889,474845,674558,0,415,274,274,30390080,975714,148,166,0
265,1.489,0.410,0.000,1.899,1.992,474845,674558,0,415,274,274,30390080,975714,148,166,0
266,1.427,0.468,0.000,1.895,1.997,474845,674558,0,415,274,274,30390080,975714,148,166,0
267,1.507,0.561,0.000,2.069,1.977,474845,674558,0,415,274,274,30390080,975714,148,166,0
268,1.339,0.626,0.000,1.965,2.164,474845,674558,0,415,274,274,30390080,975714,148,166,0
269,2.212,0.962,0.000,3.175,2.074,474845,674558,0,415,274,274,30390080,975714,148,166,0
270,1.663,0.751,0.000,2.414,3.589,474845,674558,0,415,274,274,30390080,975714,148,166,0
271,1.306,0.607,0.000,1.913,2.499,474845,674558,0,415,274,274,30390080,975714,148,166,0
272,1.300,0.444,0.000,1.743,2.070,474845,674558,0,415,274,274,30390080,975714,148,166,0
273,1.463,0.453,0.000,1.916,1.822,474845,674558,0,415,274,274,30390080,975714,148,166,0
274,1.446,0.497,0.000,1.943,2.003,474845,674558,0,415,274,274,30390080,975714,148,166,0
275,1.325,0.558,0.000,1.883,2.031,474845,674558,0,415,274,274,30390080,975714,148,166,0
276,1.224,0.621,0.000,1.845,1.975,474845,674558,0,415,274,274,30390080,975714,148,166,0
277,1.433,0.447,0.000,1.880,1.941,474845,674558,0,415,274,274,30390080,975714,148,166,0
278,1.432,0.407,0.000,1.839,1.965,474845,674558,0,415,274,274,30390080,975714,148,166,0
279,1.317,0.641,0.000,1.959,1.921,474845,674558,0,415,274,274,30390080,975714,148,166,0
280,1.277,0.565,0.000,1.842,2.090,474845,674558,0,415,274,274,30390080,975714,148,166,0
281,1.306,0.664,0.000,1.970,1.949,474845,674558,0,415,274,274,30390080,975714,148,166,0
282,1.435,0.427,0.000,1.862,2.052,474845,674558,0,415,274,274,30390080,975714,148,166,0
283,1.377,0.453,0.000,1.831,1.942,474845,674558,0,415,274,274,30390080,975714,148,166,0
284,1.243,0.693,0.000,1.936,1.914,474845,674558,0,415,274,274,30390080,975714,148,166,0
285,1.283,0.659,0.000,1.941,2.113,474845,674558,0,415,274,274,30390080,975714,148,166,0
286,1.364,0.493,0.000,1.857,2.039,474845,674558,0,415,274,274,30390080,975714,148,166,0
287,1.467,0.425,0.000,1.892,1.938,474845,674558,0,415,274,274,30390080,975714,148,166,0
288,1.316,0.645,0.000,1.961,1.975,474845,674558,0,415,274,274,30390080,975714,148,166,0
289,1.227,0.605,0.000,1.832,2.059,474845,674558,0,415,274,274,30390080,975714,148,166,0
290,1.296,0.612,0.000,1.908,1.932,474845,674558,0,415,274,274,30390080,975714,148,166,0
291,1.452,0.413,0.000,1.865,1.989,474845,674558,0,415,274,274,30390080,975714,148,166,0
292,1.336,0.478,0.000,1.814,1.944,474845,674558,0,415,274,274,30390080,975714,148,166,0
293,1.231,0.636,0.000,1.867,1.903,474845,674558,0,415,274,274,30390080,975714,148,166,0
294,1.346,0.630,0.000,1.976,1.964,474845,674558,0,415,274,274,30390080,975714,148,166,0
295,1.436,0.467,0.000,1.902,2.056,474845,674558,0,415,274,274,30390080,975714,148,166,0
296,1.689,0.453,0.000,2.142,2.480,474845,674558,0,415,274,274,30390080,975714,148,166,0
297,1.524,0.428,0.000,1.952,2.231,474845,674558,0,415,274,274,30390080,975714,148,166,0
298,1.275,0.829,0.000,2.103,2.032,474845,674558,0,415,274,274,30390080,975714,148,166,0
299,1.240,0.783,0.000,2.023,2.217,474845,674558,0,415,274,274,30390080,975714,148,166,0
300,1.277,0.758,0.000,2.035,2.170,474845,674558,0,415,274,274,30390080,975714,148,166,0
301,1.337,0.792,0.000,2.129,2.134,474845,674558,0,415,274,274,30390080,975714,148,166,0
302,1.478,0.426,0.000,1.904,2.211,474845,674558,0,415,274,274,30390080,975714,148,166,0
303,1.455,0.483,0.000,1.938,1.988,474845,674558,0,415,274,274,30390080,975714,148,166,0
304,1.247,0.753,0.000,2.000,2.020,474845,674558,0,415,274,274,30390080,975714,148,166,0
305,1.283,0.851,0.000,2.133,2.088,474845,674558,0,415,274,274,30390080,975714,148,166,0
306,1.271,0.850,0.000,2.121,2.279,474845,674558,0,415,274,274,30390080,975714,148,166,0
307,1.332,0.551,0.000,1.884,2.210,474845,674558,0,415,274,274,30390080,975714,148,166,0
308,1.469,0.406,0.000,1.876,1.962,474845,674558,0,415,274,274,30390080,975714,148,166,0
309,1.272,0.560,0.000,1.832,1.954,474845,674558,0,415,274,274,30390080,975714,148,166,0
310,1.234,0.950,0.000,2.184,1.916,474845,674558,0,415,274,274,30390080,975714,148,166,0
311,1.268,0.820,0.000,2.088,2.336,474845,674558,0,415,274,274,30390080,975714,148,166,0
312,1.379,0.593,0.000,1.972,2.178,474845,674558,0,415,274,274,30390080,975714,148,166,0
313,1.598,0.477,0.000,2.075,4.752,474845,674558,0,415,274,274,30390080,975714,148,166,0
314,1.386,0.448,0.000,1.834,2.155,474845,674558,0,415,274,274,30390080,975714,148,166,0
315,1.231,0.541,0.000,1.772,1.915,474845,674558,0,415,274,274,30390080,975714,148,166,0
316,1.240,0.348,0.000,1.588,1.925,474845,674558,0,415,274,274,30390080,975714,148,166,0
317,1.429,0.408,0.000,1.837,1.668,474845,674558,0,415,274,274,30390080,975714,148,166,0
318,1.418,0.476,0.000,1.894,1.917,474845,674558,0,415,274,274,30390080,975714,148,166,0
319,1.243,0.847,0.000,2.090,1.974,474845,674558,0,415,274,274,30390080,975714,148,166,0
320,1.278,0.864,0.000,2.142,2.206,474845,674558,0,415,274,274,30390080,975714,148,166,0
321,1.338,0.725,0.000,2.063,2.249,474845,674558,0,415,274,274,30390080,975714,148,166,0
322,1.429,0.414,0.000,1.843,2.146,474845,674558,0,415,274,274,30390080,975714,148,166,0
323,1.576,0.694,0.000,2.271,1.921,474845,674558,0,415,274,274,30390080,975714,148,166,0
324,1.608,0.574,0.000,2.181,3.446,474845,674558,0,415,274,274,30390080,975714,148,166,0
325,1.509,0.639,0.000,2.148,2.279,474845,674558,0,415,274,274,30390080,975714,148,166,0
326,1.715,0.461,0.000,2.177,2.275,474845,674558,0,415,274,274,30390080,975714,148,166,0
327,1.432,0.494,0.000,1.927,2.263,474845,674558,0,415,274,274,30390080,975714,148,166,0
328,1.294,0.853,0.000,2.148,2.016,474845,674558,0,415,274,274,30390080,975714,148,166,0
329,1.362,0.889,0.000,2.251,2.258,474845,674558,0,415,274,274,30390080,975714,148,166,0
330,1.332,0.751,0.000,2.083,2.420,474845,674558,0,415,274,274,30390080,975714,148,166,0
331,1.431,0.705,0.000,2.136,2.195,474845,674558,0,415,274,274,30390080,975714,148,166,0
332,1.467,0.453,0.000,1.919,2.222,474845,674558,0,415,274,274,30390080,975714,148,166,0
333,1.526,0.439,0.000,1.965,2.001,474845,674558,0,415,274,274,30390080,975714,148,166,0
334,1.578,0.556,0.000,2.134,2.508,474845,674558,0,415,274,274,30390080,975714,148,166,0
335,1.562,0.639,0.000,2.201,2.219,474845,674558,0,415,274,274,30390080,975714,148,166,0
336,1.423,1.010,0.000,2.433,2.305,474845,674558,0,415,274,274,30390080,975714,148,166,0
337,1.306,0.782,0.000,2.089,2.528,474845,674558,0,415,274,274,30390080,975714,148,166,0
338,1.301,0.701,0.000,2.003,2.231,474845,674558,0,415,274,274,30390080,975714,148,166,0
339,1.341,1.160,0.000,2.501,2.105,474845,674558,0,415,274,274,30390080,975714,148,166,0
340,1.423,0.513,0.000,1.936,2.623,474845,674558,0,415,274,274,30390080,975714,148,166,0
341,1.431,0.446,0.000,1.877,2.019,474845,674558,0,415,274,274,30390080,975714,148,166,0
342,1.495,0.472,0.000,1.967,1.966,474845,674558,0,415,274,274,30390080,975714,148,166,0
343,1.478,0.646,0.000,2.124,4.138,474845,674558,0,415,274,274,30390080,975714,148,166,0
344,1.488,0.885,0.000,2.374,3.159,474845,674558,0,415,274,274,30390080,975714,148,166,0
345,1.242,0.471,0.000,1.712,2.461,474845,674558,0,415,274,274,30390080,975714,148,166,0
346,1.331,0.455,0.000,1.786,1.824,474845,674558,0,415,274,274,30390080,975714,148,166,0
347,1.421,0.446,0.000,1.868,1.869,474845,674558,0,415,274,274,30390080,975714,148,166,0
348,1.349,0.513,0.000,1.862,1.949,474845,674558,0,415,274,274,30390080,975714,148,166,0
349,1.202,0.999,0.000,2.200,1.953,474845,674558,0,415,274,274,30390080,975714,148,166,0
350,1.315,0.686,0.000,2.001,2.320,474845,674558,0,415,274,274,30390080,975714,148,166,0
351,1.341,1.249,0.000,2.590,2.100,474845,674558,0,415,274,274,30390080,975714,148,166,0
352,1.286,0.741,0.000,2.027,5.939,474845,674558,0,415,274,274,30390080,975714,148,166,0
353,1.258,0.353,0.000,1.611,2.215,474845,674558,0,415,274,274,30390080,975714,148,166,0
354,1.347,0.405,0.000,1.752,1.690,474845,674558,0,415,274,274,30390080,975714,148,166,0
355,1.291,0.541,0.000,1.832,1.852,474845,674558,0,415,274,274,30390080,975714,148,166,0
356,1.311,0.424,0.000,1.734,1.918,474845,674558,0,415,274,274,30390080,975714,148,166,0
357,1.364,0.770,0.000,2.133,1.842,474845,674558,0,415,274,274,30390080,975714,148,166,0
358,1.430,0.434,0.000,1.864,2.212,474845,674558,0,415,274,274,30390080,975714,148,166,0
359,1.520,0.471,0.000,1.991,1.958,474845,674558,0,415,274,274,30390080,975714,148,166,0
360,1.244,0.838,0.000,2.083,2.076,474845,674558,0,415,274,274,30390080,975714,148,166,0
361,1.260,0.776,0.000,2.036,2.188,474845,674558,0,415,274,274,30390080,975714,148,166,0
362,1.262,0.786,0.000,2.048,2.209,474845,674558,0,415,274,274,30390080,975714,148,166,0
363,1.361,0.637,0.000,1.997,2.136,474845,674558,0,415,274,274,30390080,975714,148,166,0
364,1.455,0.423,0.000,1.878,2.079,474845,674558,0,415,274,274,30390080,975714,148,166,0
365,1.554,0.545,0.000,2.099,7.903,474845,674558,0,415,274,274,30390080,975714,148,166,0
366,1.487,0.423,0.000,1.910,2.187,474845,674558,0,415,274,274,30390080,975714,148,166,0
367,1.319,0.555,0.000,1.874,1.995,474845,674558,0,415,274,274,30390080,975714,148,166,0
368,1.242,0.378,0.000,1.620,1.963,474845,674558,0,415,274,274,30390080,975714,148,166,0
369,1.337,0.412,0.000,1.748,1.714,474845,674558,0,415,274,274,30390080,975714,148,166,0
370,1.448,0.438,0.000,1.886,1.841,474845,674558,0,415,274,274,30390080,975714,148,166,0
371,1.256,0.806,0.000,2.062,1.969,474845,674558,0,415,274,274,30390080,975714,148,166,0
372,1.266,0.770,0.000,2.036,2.152,474845,674558,0,415,274,274,30390080,975714,148,166,0
373,1.307,0.871,0.000,2.177,2.168,474845,674558,0,415,274,274,30390080,975714,148,166,0
374,1.358,0.597,0.000,1.955,2.267,474845,674558,0,415,274,274,30390080,975714,148,166,0
375,1.782,0.741,0.003,2.526,7.132,474845,674558,0,415,274,274,30390080,975714,148,166,0
376,1.475,0.486,0.000,1.961,2.618,474845,674558,0,415,274,274,30390080,975714,148,166,0
377,1.295,0.596,0.000,1.892,2.046,474845,674558,0,415,274,274,30390080,975714,148,166,0
378,1.256,0.447,0.000,1.703,1.994,474845,674558,0,415,274,274,30390080,975714,148,166,0
379,1.349,0.422,0.000,1.771,1.792,474845,674558,0,415,274,274,30390080,975714,148,166,0
380,1.426,0.422,0.000,1.848,1.856,474845,674558,0,415,274,274,30390080,975714,148,166,0
381,1.230,0.598,0.000,1.828,1.927,474845,674558,0,415,274,274,30390080,975714,148,166,0
382,1.254,0.382,0.000,1.637,1.937,474845,674558,0,415,274,274,30390080,975714,148,166,0
383,1.406,0.404,0.000,1.811,1.727,474845,674558,0,415,274,274,30390080,975714,148,166,0
384,1.434,0.461,0.000,1.895,1.892,474845,674558,0,415,274,274,30390080,975714,148,166,0
385,1.245,0.797,0.000,2.043,1.977,474845,674558,0,415,274,274,30390080,975714,148,166,0
386,1.209,0.778,0.000,1.987,2.148,474845,674558,0,415,274,274,30390080,975714,148,166,0
387,1.280,0.825,0.000,2.104,2.075,474845,674558,0,415,274,274,30390080,975714,148,166,0
388,1.540,0.656,0.000,2.196,9.048,474845,674558,0,415,274,274,30390080,975714,148,166,0
389,1.259,0.567,0.000,1.827,2.286,474845,674558,0,415,274,274,30390080,975714,148,166,0
390,1.260,0.364,0.000,1.625,1.933,474845,674558,0,415,274,274,30390080,975714,148,166,0
391,1.388,0.413,0.000,1.802,1.705,474845,674558,0,415,274,274,30390080,975714,148,166,0
392,1.307,0.499,0.000,1.805,1.882,474845,674558,0,415,274,274,30390080,975714,148,166,0
393,1.206,0.365,0.000,1.571,1.897,474845,674558,0,415,274,274,30390080,975714,148,166,0
394,1.365,0.411,0.000,1.776,1.666,474845,674558,0,415,274,274,30390080,975714,148,166,0
395,1.343,0.427,0.000,1.770,1.860,474845,674558,0,415,274,274,30390080,975714,148,166,0
396,1.240,0.410,0.000,1.650,1.853,474845,674558,0,415,274,274,30390080,975714,148,166,0
397,1.468,0.511,0.000,1.979,3.084,474845,674558,0,415,274,274,30390080,975714,148,166,0
398,1.220,0.404,0.000,1.625,2.061,474845,674558,0,415,274,274,30390080,975714,148,166,0
399,1.301,0.410,0.000,1.712,1.736,474845,674558,0,415,274,274,30390080,975714,148,166,0
400,1.447,0.414,0.000,1.861,1.800,474845,674558,0,415,274,274,30390080,975714,148,166,0
401,1.254,0.827,0.000,2.081,1.948,474845,674558,0,415,274,274,30390080,975714,148,166,0
402,1.206,0.855,0.000,2.062,2.172,474845,674558,0,415,274,274,30390080,975714,148,166,0
403,1.278,0.764,0.000,2.042,2.204,474845,674558,0,415,274,274,30390080,975714,148,166,0
404,1.314,0.679,0.000,1.993,2.142,474845,674558,0,415,274,274,30390080,975714,148,166,0
405,1.403,0.399,0.000,1.802,2.071,474845,674558,0,415,274,274,30390080,975714,148,166,0
406,1.474,0.422,0.000,1.896,1.884,474845,674558,0,415,274,274,30390080,975714,148,166,0
407,1.295,0.839,0.000,2.135,1.978,474845,674558,0,415,274,274,30390080,975714,148,166,0
408,1.267,0.739,0.000,2.006,2.237,474845,674558,0,415,274,274,30390080,975714,148,166,0
409,1.306,0.798,0.000,2.105,2.100,474845,674558,0,415,274,274,30390080,975714,148,166,0
410,1.424,0.429,0.000,1.853,2.182,474845,674558,0,415,274,274,30390080,975714,148,166,0
411,1.385,0.408,0.000,1.793,1.936,474845,674558,0,415,274,274,30390080,975714,148,166,0
412,1.413,0.508,0.000,1.921,2.277,474845,674558,0,415,274,274,30390080,975714,148,166,0
413,1.205,0.988,0.000,2.192,2.014,474845,674558,0,415,274,274,30390080,975714,148,166,0
414,1.253,0.772,0.000,2.025,2.344,474845,674558,0,415,274,274,30390080,975714,148,166,0
415,1.341,0.544,0.000,1.885,2.118,474845,674558,0,415,274,274,30390080,975714,148,166,0
416,1.474,0.397,0.000,1.871,1.965,474845,674558,0,415,274,274,30390080,975714,148,166,0
417,1.276,0.547,0.000,1.824,1.952,474845,674558,0,415,274,274,30390080,975714,148,166,0
418,1.210,0.944,0.000,2.154,1.913,474845,674558,0,415,274,274,30390080,975714,148,166,0
419,1.262,0.792,0.000,2.054,2.313,474845,674558,0,415,274,274,30390080,975714,148,166,0
420,1.342,0.581,0.000,1.923,2.148,474845,674558,0,415,274,274,30390080,975714,148,166,0
421,1.539,0.388,0.000,1.927,2.275,474845,674558,0,415,274,274,30390080,975714,148,166,0
422,1.386,0.452,0.000,1.838,2.011,474845,674558,0,415,274,274,30390080,975714,148,166,0
423,1.206,0.759,0.000,1.965,1.919,474845,674558,0,415,274,274,30390080,975714,148,166,0
424,1.258,0.764,0.000,2.022,2.068,474845,674558,0,415,274,274,30390080,975714,148,166,0
425,1.316,0.829,0.000,2.145,2.117,474845,674558,0,415,274,274,30390080,975714,148,166,0
426,1.378,0.411,0.000,1.789,2.224,474845,674558,0,415,274,274,30390080,975714,148,166,0
427,1.425,0.426,0.000,1.852,1.871,474845,674558,0,415,274,274,30390080,975714,148,166,0
428,1.226,0.693,0.000,1.919,1.935,474845,674558,0,415,274,274,30390080,975714,148,166,0
429,1.268,0.911,0.000,2.179,2.049,474845,674558,0,415,274,274,30390080,975714,148,166,0
430,1.335,0.664,0.000,1.999,2.284,474845,674558,0,415,274,274,30390080,975714,148,166,0
431,1.419,0.417,0.000,1.836,2.081,474845,674558,0,415,274,274,30390080,975714,148,166,0
432,1.844,0.612,0.000,2.456,1.916,474845,674558,0,415,274,274,30390080,975714,148,166,0
433,1.448,0.469,0.000,1.917,2.571,474845,674558,0,415,274,274,30390080,975714,148,166,0
434,1.255,0.750,0.000,2.005,2.019,474845,674558,0,415,274,274,30390080,975714,148,166,0
435,1.248,0.823,0.000,2.071,2.148,474845,674558,0,415,274,274,30390080,975714,148,166,0
436,1.346,0.830,0.000,2.176,2.171,474845,674558,0,415,274,274,30390080,975714,148,166,0
437,1.448,0.438,0.000,1.885,2.270,474845,674558,0,415,274,274,30390080,975714,148,166,0
438,1.428,0.447,0.000,1.875,1.973,474845,674558,0,415,274,274,30390080,975714,148,166,0
439,1.255,0.788,0.000,2.043,1.960,474845,674558,0,415,274,274,30390080,975714,148,166,0
440,1.201,0.728,0.000,1.929,2.134,474845,674558,0,415,274,274,30390080,975714,148,166,0
441,1.351,0.649,0.000,2.000,2.447,474845,674558,0,415,274,274,30390080,975714,148,166,0
442,1.351,0.676,0.000,2.027,2.098,474845,674558,0,415,274,274,30390080,975714,148,166,0
443,1.357,0.430,0.000,1.788,2.109,474845,674558,0,415,274,274,30390080,975714,148,166,0
444,1.409,0.488,0.000,1.897,1.875,474845,674558,0,415,274,274,30390080,975714,148,166,0
445,1.210,0.923,0.000,2.133,2.000,474845,674558,0,415,274,274,30390080,975714,148,166,0
446,1.254,0.791,0.000,2.045,2.259,474845,674558,0,415,274,274,30390080,975714,148,166,0
447,1.898,0.617,0.000,2.515,2.140,474845,674558,0,415,274,274,30390080,975714,148,166,0
448,1.328,0.608,0.000,1.936,2.624,474845,674558,0,415,274,274,30390080,975714,148,166,0
449,1.359,0.436,0.000,1.795,2.019,474845,674558,0,415,274,274,30390080,975714,148,166,0
450,1.404,0.478,0.000,1.882,1.881,474845,674558,0,415,274,274,30390080,975714,148,166,0
451,1.201,0.953,0.000,2.154,1.971,474845,674558,0,415,274,274,30390080,975714,148,166,0
452,1.325,0.759,0.000,2.084,2.284,474845,674558,0,415,274,274,30390080,975714,148,166,0
453,1.354,0.765,0.000,2.119,2.200,474845,674558,0,415,274,274,30390080,975714,148,166,0
454,1.435,0.454,0.000,1.889,2.469,474845,674558,0,415,274,274,30390080,975714,148,166,0
455,1.513,0.396,0.000,1.909,1.973,474845,674558,0,415,274,274,30390080,975714,148,166,0
456,1.311,0.570,0.000,1.881,1.990,474845,674558,0,415,274,274,30390080,975714,148,166,0
457,1.271,0.959,0.000,2.230,1.970,474845,674558,0,415,274,274,30390080,975714,148,166,0
458,1.254,0.793,0.000,2.047,2.359,474845,674558,0,415,274,274,30390080,975714,148,166,0
459,1.732,0.647,0.000,2.379,2.838,474845,674558,0,415,274,274,30390080,975714,148,166,0
460,1.703,0.669,0.000,2.372,3.938,474845,674558,0,415,274,274,30390080,975714,148,166,0
461,1.632,0.720,0.000,2.352,2.719,474845,674558,0,415,274,274,30390080,975714,148,166,0
462,1.725,0.628,0.000,2.354,2.761,474845,674558,0,415,274,274,30390080,975714,148,166,0
463,1.739,0.626,0.000,2.365,2.841,474845,674558,0,415,274,274,30390080,975714,148,166,0
464,1.657,0.534,0.000,2.191,2.948,474845,674558,0,415,274,274,30390080,975714,148,166,0
465,1.618,0.984,0.000,2.602,2.841,474845,674558,0,415,274,274,30390080,975714,148,166,0
466,1.634,0.890,0.000,2.523,3.106,474845,674558,0,415,274,274,30390080,975714,148,166,0
467,1.514,0.860,0.000,2.374,5.033,474845,674558,0,415,274,274,30390080,975714,148,166,0
468,1.583,0.558,0.000,2.141,4.449,474845,674558,0,415,274,274,30390080,975714,148,166,0
469,1.431,0.520,0.000,1.951,2.224,474845,674558,0,415,274,274,30390080,975714,148,166,0
470,1.403,0.496,0.000,1.899,2.039,474845,674558,0,415,274,274,30390080,975714,148,166,0
471,1.242,0.482,0.000,1.724,1.987,474845,674558,0,415,274,274,30390080,975714,148,166,0
472,1.316,0.461,0.000,1.777,1.935,474845,674558,0,415,274,274,30390080,975714,148,166,0
473,1.461,0.425,0.000,1.887,1.855,474845,674558,0,415,274,274,30390080,975714,148,166,0
474,1.402,0.446,0.000,1.848,1.979,474845,674558,0,415,274,274,30390080,975714,148,166,0
475,1.260,0.689,0.000,1.950,1.939,474845,674558,0,415,274,274,30390080,975714,148,166,0
476,1.511,0.576,0.000,2.088,2.056,474845,674558,0,415,274,274,30390080,975714,148,166,0
477,1.545,0.522,0.000,2.067,2.206,474845,674558,0,415,274,274,30390080,975714,148,166,0
478,1.651,0.736,0.000,2.388,4.455,474845,674558,0,415,274,274,30390080,975714,148,166,0
479,1.513,0.531,0.000,2.044,2.476,474845,674558,0,415,274,274,30390080,975714,148,166,0
480,1.438,0.514,0.000,1.951,2.131,474845,674558,0,415,274,274,30390080,975714,148,166,0
481,1.292,0.431,0.000,1.723,2.041,474845,674558,0,415,274,274,30390080,975714,148,166,0
482,1.375,0.460,0.000,1.835,1.829,474845,674558,0,415,274,274,30390080,975714,148,166,0
483,1.420,0.429,0.000,1.849,1.921,474845,674558,0,415,274,274,30390080,975714,148,166,0
484,1.391,0.475,0.000,1.867,1.935,474845,674558,0,415,274,274,30390080,975714,148,166,0
485,1.260,0.466,0.000,1.726,1.949,474845,674558,0,415,274,274,30390080,975714,148,166,0
486,1.410,0.588,0.000,1.997,1.827,474845,674558,0,415,274,274,30390080,975714,148,166,0
487,1.499,0.560,0.000,2.059,2.079,474845,674558,0,415,274,274,30390080,975714,148,166,0
488,1.440,0.659,0.000,2.099,3.420,474845,674558,0,415,274,274,30390080,975714,148,166,0
489,1.364,0.502,0.000,1.865,2.232,474845,674558,0,415,274,274,30390080,975714,148,166,0
490,2.071,0.581,0.000,2.653,1.946,474845,674558,0,415,274,274,30390080,975714,148,166,0
491,1.959,0.714,0.000,2.673,4.618,474845,674558,0,415,274,274,30390080,975714,148,166,0
492,1.403,0.526,0.000,1.929,2.772,474845,674558,0,415,274,274,30390080,975714,148,166,0
493,1.366,0.623,0.000,1.989,2.010,474845,674558,0,415,274,274,30390080,975714,148,166,0
494,1.393,0.440,0.000,1.834,2.078,474845,674558,0,415,274,274,30390080,975714,148,166,0
495,1.334,0.465,0.000,1.799,1.915,474845,674558,0,415,274,274,30390080,975714,148,166,0
496,1.414,0.513,0.000,1.927,1.885,474845,674558,0,415,274,274,30390080,975714,148,166,0
497,1.728,0.946,0.000,2.674,4.382,474845,674558,0,415,274,274,30390080,975714,148,166,0
498,1.680,0.758,0.000,2.438,3.792,474845,674558,0,415,274,274,30390080,975714,148,166,0
499,1.487,0.574,0.000,2.062,2.521,474845,674558,0,415,274,274,30390080,975714,148,166,0
500,1.375,0.562,0.000,1.937,2.147,474845,674558,0,415,274,274,30390080,975714,148,166,0
501,1.254,0.596,0.000,1.850,2.025,474845,674558,0,415,274,274,30390080,975714,148,166,0
502,1.293,0.387,0.000,1.680,2.015,474845,674558,0,415,274,274,30390080,975714,148,166,0
503,1.494,0.441,0.000,1.934,1.769,474845,674558,0,415,274,274,30390080,975714,148,166,0
504,1.372,0.466,0.000,1.839,2.020,474845,674558,0,415,274,274,30390080,975714,148,166,0
505,1.234,0.893,0.000,2.127,1.927,474845,674558,0,415,274,274,30390080,975714,148,166,0
506,1.354,0.914,0.000,2.268,2.230,474845,674558,0,415,274,274,30390080,975714,148,166,0
507,1.358,0.694,0.000,2.052,2.421,474845,674558,0,415,274,274,30390080,975714,148,166,0
508,1.384,0.702,0.000,2.085,2.153,474845,674558,0,415,274,274,30390080,975714,148,166,0
509,1.474,0.424,0.000,1.898,2.167,474845,674558,0,415,274,274,30390080,975714,148,166,0
510,1.439,0.452,0.000,1.891,1.981,474845,674558,0,415,274,274,30390080,975714,148,166,0
511,1.439,0.756,0.000,2.195,1.974,474845,674558,0,415,274,274,30390080,975714,148,166,0
512,1.689,0.884,0.000,2.573,2.776,474845,674558,0,415,274,274,30390080,975714,148,166,0
513,1.654,0.652,0.000,2.306,2.667,474845,674558,0,415,274,274,30390080,975714,148,166,0
514,1.434,0.723,0.000,2.157,2.604,474845,674558,0,415,274,274,30390080,975714,148,166,0
515,1.451,0.976,0.000,2.427,2.262,474845,674558,0,415,274,274,30390080,975714,148,166,0
516,1.420,0.964,0.000,2.384,2.535,474845,674558,0,415,274,274,30390080,975714,148,166,0
517,1.430,0.986,0.000,2.416,2.493,474845,674558,0,415,274,274,30390080,975714,148,166,0
518,1.446,1.154,0.002,2.601,2.521,474845,674558,0,415,274,274,30390080,975714,148,166,0
519,1.595,0.665,0.000,2.260,3.835,474845,674558,0,415,274,274,30390080,975714,148,166,0
520,1.593,0.534,0.000,2.127,2.351,474845,674558,0,415,274,274,30390080,975714,148,166,0
521,1.363,0.663,0.000,2.026,2.213,474845,674558,0,415,274,274,30390080,975714,148,166,0
522,1.320,0.665,0.000,1.986,2.123,474845,674558,0,415,274,274,30390080,975714,148,166,0
523,1.602,0.890,0.000,2.493,2.899,474845,674558,0,415,274,274,30390080,975714,148,166,0
524,1.551,0.625,0.000,2.175,2.986,474845,674558,0,415,274,274,30390080,975714,148,166,0
525,1.321,0.610,0.000,1.931,2.263,474845,674558,0,415,274,274,30390080,975714,148,166,0
526,1.271,0.641,0.000,1.912,2.075,474845,674558,0,415,274,274,30390080,975714,148,166,0
527,1.454,0.557,0.000,2.011,2.009,474845,674558,0,415,274,274,30390080,975714,148,166,0
528,1.527,0.418,0.000,1.945,2.091,474845,674558,0,415,274,274,30390080,975714,148,166,0
529,1.374,0.489,0.000,1.864,2.032,474845,674558,0,415,274,274,30390080,975714,148,166,0
530,1.237,0.902,0.000,2.140,1.949,474845,674558,0,415,274,274,30390080,975714,148,166,0
531,1.300,0.732,0.000,2.032,2.269,474845,674558,0,415,274,274,30390080,975714,148,166,0
532,1.366,0.806,0.000,2.172,2.132,474845,674558,0,415,274,274,30390080,975714,148,166,0
533,1.468,0.409,0.000,1.877,2.273,474845,674558,0,415,274,274,30390080,975714,148,166,0
534,1.532,0.586,0.000,2.117,1.958,474845,674558,0,415,274,274,30390080,975714,148,166,0
535,1.480,0.829,0.000,2.309,4.163,474845,674558,0,415,274,274,30390080,975714,148,166,0
536,1.286,0.430,0.000,1.716,2.422,474845,674558,0,415,274,274,30390080,975714,148,166,0
537,1.471,0.430,0.000,1.901,1.821,474845,674558,0,415,274,274,30390080,975714,148,166,0
538,1.403,0.495,0.000,1.898,1.982,474845,674558,0,415,274,274,30390080,975714,148,166,0
539,1.444,0.418,0.000,1.863,2.628,474845,674558,0,415,274,274,30390080,975714,148,166,0
540,1.348,0.623,0.000,1.970,1.949,474845,674558,0,415,274,274,30390080,975714,148,166,0
541,1.313,0.909,0.000,2.221,2.066,474845,674558,0,415,274,274,30390080,975714,148,166,0
542,1.331,0.717,0.000,2.048,2.356,474845,674558,0,415,274,274,30390080,975714,148,166,0
543,1.396,0.809,0.000,2.205,2.138,474845,674558,0,415,274,274,30390080,975714,148,166,0
544,1.472,0.406,0.000,1.878,2.295,474845,674558,0,415,274,274,30390080,975714,148,166,0
545,1.487,0.412,0.000,1.898,1.964,474845,674558,0,415,274,274,30390080,975714,148,166,0
546,1.312,0.705,0.000,2.018,1.980,474845,674558,0,415,274,274,30390080,975714,148,166,0
547,1.437,0.542,0.000,1.979,2.817,474845,674558,0,415,274,274,30390080,975714,148,166,0
548,1.260,0.879,0.000,2.139,2.065,474845,674558,0,415,274,274,30390080,975714,148,166,0
549,1.330,0.696,0.000,2.027,2.276,474845,674558,0,415,274,274,30390080,975714,148,166,0
550,1.623,2.218,0.000,3.842,2.122,474845,674558,0,415,274,274,30390080,975714,148,166,0
551,1.547,0.830,0.000,2.377,5.976,474845,674558,0,415,274,274,30390080,975714,148,166,0
552,1.336,0.475,0.000,1.811,2.467,474845,674558,0,415,274,274,30390080,975714,148,166,0
553,1.416,0.458,0.000,1.873,1.914,474845,674558,0,415,274,274,30390080,975714,148,166,0
554,1.434,0.446,0.000,1.880,1.958,474845,674558,0,415,274,274,30390080,975714,148,166,0
555,1.338,0.522,0.000,1.860,1.966,474845,674558,0,415,274,274,30390080,975714,148,166,0
556,1.324,0.449,0.000,1.773,1.967,474845,674558,0,415,274,274,30390080,975714,148,166,0
557,1.390,0.752,0.000,2.143,1.877,474845,674558,0,415,274,274,30390080,975714,148,166,0
558,1.456,0.408,0.000,1.865,2.241,474845,674558,0,415,274,274,30390080,975714,148,166,0
559,1.467,0.459,0.000,1.926,1.964,474845,674558,0,415,274,274,30390080,975714,148,166,0
560,1.289,0.838,0.000,2.127,2.012,474845,674558,0,415,274,274,30390080,975714,148,166,0
561,1.264,0.741,0.000,2.005,2.241,474845,674558,0,415,274,274,30390080,975714,148,166,0
562,1.295,0.819,0.000,2.114,2.166,474845,674558,0,415,274,274,30390080,975714,148,166,0
563,1.341,0.753,0.000,2.094,2.221,474845,674558,0,415,274,274,30390080,975714,148,166,0
564,1.463,0.487,0.000,1.950,4.015,474845,674558,0,415,274,274,30390080,975714,148,166,0
565,1.569,0.474,0.000,2.043,2.653,474845,674558,0,415,274,274,30390080,975714,148,166,0
566,1.265,0.567,0.000,1.833,2.127,474845,674558,0,415,274,274,30390080,975714,148,166,0
567,1.280,0.354,0.000,1.634,1.934,474845,674558,0,415,274,274,30390080,975714,148,166,0
568,1.425,0.418,0.000,1.843,1.715,474845,674558,0,415,274,274,30390080,975714,148,166,0
569,1.420,0.480,0.000,1.901,1.924,474845,674558,0,415,274,274,30390080,975714,148,166,0
570,1.261,1.056,0.000,2.317,1.983,474845,674558,0,415,274,274,30390080,975714,148,166,0
571,1.487,0.775,0.000,2.263,2.464,474845,674558,0,415,274,274,30390080,975714,148,166,0
572,1.419,0.913,0.000,2.332,2.363,474845,674558,0,415,274,274,30390080,975714,148,166,0
573,1.408,0.690,0.000,2.097,2.484,474845,674558,0,415,274,274,30390080,975714,148,166,0
574,1.383,1.153,0.003,2.538,2.200,474845,674558,0,415,274,274,30390080,975714,148,166,0
575,1.750,0.890,0.000,2.641,6.173,474845,674558,0,415,274,274,30390080,975714,148,166,0
576,1.356,0.631,0.000,1.988,2.753,474845,674558,0,415,274,274,30390080,975714,148,166,0
577,1.273,0.477,0.000,1.750,2.145,474845,674558,0,415,274,274,30390080,975714,148,166,0
578,1.427,0.512,0.000,1.938,1.863,474845,674558,0,415,274,274,30390080,975714,148,166,0
579,1.635,0.787,0.000,2.422,3.496,474845,674558,0,415,274,274,30390080,975714,148,166,0
580,1.337,0.489,0.000,1.826,2.519,474845,674558,0,415,274,274,30390080,975714,148,166,0
581,1.430,0.510,0.000,1.940,1.921,474845,674558,0,415,274,274,30390080,975714,148,166,0
582,1.738,0.656,0.000,2.395,4.019,474845,674558,0,415,274,274,30390080,975714,148,166,0
583,1.371,0.556,0.000,1.928,2.483,474845,674558,0,415,274,274,30390080,975714,148,166,0
584,1.506,0.623,0.000,2.129,2.319,474845,674558,0,415,274,274,30390080,975714,148,166,0
585,1.703,0.549,0.000,2.252,3.442,474845,674558,0,415,274,274,30390080,975714,148,166,0
586,1.497,0.468,0.000,1.965,2.338,474845,674558,0,415,274,274,30390080,975714,148,166,0
587,1.325,0.637,0.000,1.962,2.047,474845,674558,0,415,274,274,30390080,975714,148,166,0
588,1.548,0.546,0.004,2.098,2.850,474845,674558,0,415,274,274,30390080,975714,148,166,0
589,1.355,0.734,0.000,2.088,2.189,474845,674558,0,415,274,274,30390080,975714,148,166,0
590,1.613,0.634,0.000,2.247,3.128,474845,674558,0,415,274,274,30390080,975714,148,166,0
591,1.428,0.810,0.000,2.239,2.345,474845,674558,0,415,274,274,30390080,975714,148,166,0
592,1.691,0.591,0.000,2.282,3.084,474845,674558,0,415,274,274,30390080,975714,148,166,0
593,1.427,0.507,0.000,1.933,2.385,474845,674558,0,415,274,274,30390080,975714,148,166,0
594,1.719,0.538,0.000,2.256,2.524,474845,674558,0,415,274,274,30390080,975714,148,166,0
595,1.644,1.032,0.000,2.676,4.627,474845,674558,0,415,274,274,30390080,975714,148,166,0
596,1.350,0.708,0.000,2.057,2.767,474845,674558,0,415,274,274,30390080,975714,148,166,0
597,1.265,0.474,0.000,1.739,2.144,474845,674558,0,415,274,274,30390080,975714,148,166,0
598,1.561,0.606,0.000,2.168,1.823,474845,674558,0,415,274,274,30390080,975714,148,166,0
599,1.730,0.733,0.000,2.463,4.712,474845,674558,0,415,274,274,30390080,975714,148,166,0
600,1.589,0.513,0.000,2.102,2.548,474845,674558,0,415,274,274,30390080,975714,148,166,0
601,1.430,0.518,0.000,1.948,2.184,474845,674558,0,415,274,274,30390080,975714,148,166,0
602,1.301,0.619,0.000,1.919,2.038,474845,674558,0,415,274,274,30390080,975714,148,166,0
603,1.387,0.478,0.000,1.864,2.008,474845,674558,0,415,274,274,30390080,975714,148,166,0
604,1.566,0.906,0.000,2.473,3.063,474845,674558,0,415,274,274,30390080,975714,148,166,0
605,1.632,0.754,0.000,2.385,2.977,474845,674558,0,415,274,274,30390080,975714,148,166,0
606,1.386,0.666,0.000,2.052,2.480,474845,674558,0,415,274,274,30390080,975714,148,166,0
607,1.386,0.435,0.000,1.821,2.155,474845,674558,0,415,274,274,30390080,975714,148,166,0
608,1.551,0.598,0.000,2.150,1.919,474845,674558,0,415,274,274,30390080,975714,148,166,0
609,1.573,0.614,0.000,2.187,2.564,474845,674558,0,415,274,274,30390080,975714,148,166,0
610,1.509,0.519,0.000,2.028,2.287,474845,674558,0,415,274,274,30390080,975714,148,166,0
611,1.469,0.605,0.000,2.075,3.484,474845,674558,0,415,274,274,30390080,975714,148,166,0
612,1.559,0.504,0.000,2.063,2.201,474845,674558,0,415,274,274,30390080,975714,148,166,0
613,1.660,0.540,0.000,2.200,2.161,474845,674558,0,415,274,274,30390080,975714,148,166,0
614,1.495,0.771,0.001,2.267,3.470,474845,674558,0,415,274,274,30390080,975714,148,166,0
615,1.463,0.500,0.000,1.962,2.386,474845,674558,0,415,274,274,30390080,975714,148,166,0
616,1.711,0.520,0.000,2.231,2.075,474845,674558,0,415,274,274,30390080,975714,148,166,0
617,1.733,0.674,0.000,2.407,4.132,474845,674558,0,415,274,274,30390080,975714,148,166,0
618,1.448,0.579,0.000,2.028,2.497,474845,674558,0,415,274,274,30390080,975714,148,166,0
619,1.311,0.482,0.000,1.793,2.119,474845,674558,0,415,274,274,30390080,975714,148,166,0
620,1.436,0.476,0.000,1.912,1.901,474845,674558,0,415,274,274,30390080,975714,148,166,0
621,1.543,0.414,0.000,1.957,1.993,474845,674558,0,415,274,274,30390080,975714,148,166,0
622,1.545,0.591,0.000,2.135,5.481,474845,674558,0,415,274,274,30390080,975714,148,166,0
623,1.392,0.591,0.000,1.983,2.238,474845,674558,0,415,274,274,30390080,975714,148,166,0
624,1.277,0.380,0.000,1.657,2.109,474845,674558,0,415,274,274,30390080,975714,148,166,0
625,1.444,0.403,0.000,1.847,1.752,474845,674558,0,415,274,274,30390080,975714,148,166,0
626,1.406,0.620,0.000,2.026,1.924,474845,674558,0,415,274,274,30390080,975714,148,166,0
627,1.646,0.908,0.000,2.554,3.938,474845,674558,0,415,274,274,30390080,975714,148,166,0
628,1.368,0.414,0.000,1.783,2.651,474845,674558,0,415,274,274,30390080,975714,148,166,0
629,1.538,0.457,0.000,1.995,1.887,474845,674558,0,415,274,274,30390080,975714,148,166,0
630,1.448,0.430,0.000,1.879,2.087,474845,674558,0,415,274,274,30390080,975714,148,166,0
631,1.357,0.514,0.000,1.871,1.960,474845,674558,0,415,274,274,30390080,975714,148,166,0
632,1.313,0.474,0.000,1.787,1.961,474845,674558,0,415,274,274,30390080,975714,148,166,0
633,1.431,0.447,0.000,1.878,1.903,474845,674558,0,415,274,274,30390080,975714,148,166,0
634,1.516,0.408,0.000,1.923,1.955,474845,674558,0,415,274,274,30390080,975714,148,166,0
635,1.358,0.484,0.000,1.843,2.010,474845,674558,0,415,274,274,30390080,975714,148,166,0
636,1.249,0.433,0.000,1.682,1.935,474845,674558,0,415,274,274,30390080,975714,148,166,0
637,1.367,0.639,0.000,2.006,1.779,474845,674558,0,415,274,274,30390080,975714,148,166,0
638,1.607,0.517,0.000,2.123,4.997,474845,674558,0,415,274,274,30390080,975714,148,166,0
639,1.650,0.418,0.000,2.067,2.209,474845,674558,0,415,274,274,30390080,975714,148,166,0
640,1.397,0.475,0.000,1.871,2.152,474845,674558,0,415,274,274,30390080,975714,148,166,0
641,1.279,0.602,0.000,1.881,1.960,474845,674558,0,415,274,274,30390080,975714,148,166,0
642,1.278,0.367,0.000,1.645,2.009,474845,674558,0,415,274,274,30390080,975714,148,166,0
643,1.475,0.395,0.000,1.871,1.732,474845,674558,0,415,274,274,30390080,975714,148,166,0
644,1.463,0.450,0.000,1.913,1.955,474845,674558,0,415,274,274,30390080,975714,148,166,0
645,1.252,0.845,0.000,2.097,1.997,474845,674558,0,415,274,274,30390080,975714,148,166,0
646,1.305,0.836,0.000,2.141,2.198,474845,674558,0,415,274,274,30390080,975714,148,166,0
647,1.321,0.853,0.000,2.174,2.238,474845,674558,0,415,274,274,30390080,975714,148,166,0
648,1.429,0.594,0.000,2.024,2.265,474845,674558,0,415,274,274,30390080,975714,148,166,0
649,1.600,0.511,0.000,2.111,4.510,474845,674558,0,415,274,274,30390080,975714,148,166,0
650,1.396,0.438,0.000,1.834,2.203,474845,674558,0,415,274,274,30390080,975714,148,166,0
651,1.254,0.408,0.000,1.662,1.927,474845,674558,0,415,274,274,30390080,975714,148,166,0
652,1.380,0.388,0.000,1.768,1.789,474845,674558,0,415,274,274,30390080,975714,148,166,0
653,1.467,0.392,0.000,1.859,1.854,474845,674558,0,415,274,274,30390080,975714,148,166,0
654,1.334,0.520,0.000,1.854,1.942,474845,674558,0,415,274,274,30390080,975714,148,166,0
655,1.586,0.564,0.000,2.150,5.619,474845,674558,0,415,274,274,30390080,975714,148,166,0
656,1.462,0.462,0.000,1.924,2.249,474845,674558,0,415,274,274,30390080,975714,148,166,0
657,1.230,0.449,0.000,1.680,2.027,474845,674558,0,415,274,274,30390080,975714,148,166,0
658,1.443,0.408,0.000,1.851,1.786,474845,674558,0,415,274,274,30390080,975714,148,166,0
659,1.452,0.431,0.000,1.883,1.941,474845,674558,0,415,274,274,30390080,975714,148,166,0
660,1.338,0.496,0.000,1.834,1.967,474845,674558,0,415,274,274,30390080,975714,148,166,0
661,1.250,0.960,0.000,2.211,1.923,474845,674558,0,415,274,274,30390080,975714,148,166,0
662,1.280,0.745,0.000,2.026,2.304,474845,674558,0,415,274,274,30390080,975714,148,166,0
663,1.345,0.854,0.000,2.200,2.121,474845,674558,0,415,274,274,30390080,975714,148,166,0
664,1.431,0.441,0.000,1.872,2.308,474845,674558,0,415,274,274,30390080,975714,148,166,0
665,1.476,0.414,0.000,1.889,1.954,474845,674558,0,415,274,274,30390080,975714,148,166,0
666,1.251,1.317,0.000,2.567,1.976,474845,674558,0,415,274,274,30390080,975714,148,166,0
667,1.367,0.409,0.000,1.776,3.979,474845,674558,0,415,274,274,30390080,975714,148,166,0
668,1.421,0.400,0.000,1.822,1.863,474845,674558,0,415,274,274,30390080,975714,148,166,0
669,1.254,0.784,0.000,2.038,1.904,474845,674558,0,415,274,274,30390080,975714,148,166,0
670,1.245,0.812,0.000,2.058,2.134,474845,674558,0,415,274,274,30390080,975714,148,166,0
671,1.293,0.799,0.000,2.092,2.215,474845,674558,0,415,274,274,30390080,975714,148,166,0
672,1.342,0.542,0.000,1.884,2.185,474845,674558,0,415,274,274,30390080,975714,148,166,0
673,1.530,0.410,0.000,1.940,1.963,474845,674558,0,415,274,274,30390080,975714,148,166,0
674,1.352,0.481,0.000,1.833,2.023,474845,674558,0,415,274,274,30390080,975714,148,166,0
675,1.231,0.898,0.000,2.129,1.931,474845,674558,0,415,274,274,30390080,975714,148,166,0
676,1.505,0.697,0.000,2.202,5.436,474845,674558,0,415,274,274,30390080,975714,148,166,0
677,1.313,0.442,0.000,1.756,2.295,474845,674558,0,415,274,274,30390080,975714,148,166,0
678,1.607,0.533,0.000,2.140,4.169,474845,674558,0,415,274,274,30390080,975714,148,166,0
679,1.575,0.470,0.000,2.046,2.228,474845,674558,0,415,274,274,30390080,975714,148,166,0
680,1.488,0.454,0.000,1.943,2.133,474845,674558,0,415,274,274,30390080,975714,148,166,0
681,1.254,0.445,0.000,1.699,2.029,474845,674558,0,415,274,274,30390080,975714,148,166,0
682,1.326,0.426,0.000,1.751,1.802,474845,674558,0,415,274,274,30390080,975714,148,166,0
683,1.494,0.416,0.000,1.911,1.838,474845,674558,0,415,274,274,30390080,975714,148,166,0
684,1.446,0.695,0.000,2.141,1.993,474845,674558,0,415,274,274,30390080,975714,148,166,0
685,1.630,0.610,0.000,2.241,3.596,474845,674558,0,415,274,274,30390080,975714,148,166,0
686,1.460,0.455,0.000,1.914,2.331,474845,674558,0,415,274,274,30390080,975714,148,166,0
687,1.435,0.576,0.000,2.011,1.996,474845,674558,0,415,274,274,30390080,975714,148,166,0
688,1.561,0.681,0.000,2.242,2.289,474845,674558,0,415,274,274,30390080,975714,148,166,0
689,1.502,0.766,0.000,2.268,2.674,474845,674558,0,415,274,274,30390080,975714,148,166,0
690,1.307,0.807,0.000,2.114,2.352,474845,674558,0,415,274,274,30390080,975714,148,166,0
691,1.300,0.629,0.000,1.928,2.209,474845,674558,0,415,274,274,30390080,975714,148,166,0
692,1.402,0.840,0.000,2.241,2.039,474845,674558,0,415,274,274,30390080,975714,148,166,0
693,1.480,0.423,0.000,1.903,2.339,474845,674558,0,415,274,274,30390080,975714,148,166,0
694,1.457,0.480,0.000,1.937,1.987,474845,674558,0,415,274,274,30390080,975714,148,166,0
695,1.303,0.655,0.000,1.958,2.021,474845,674558,0,415,274,274,30390080,975714,148,166,0
696,1.410,0.807,0.000,2.217,2.494,474845,674558,0,415,274,274,30390080,975714,148,166,0
697,1.237,0.861,0.000,2.098,2.319,474845,674558,0,415,274,274,30390080,975714,148,166,0
698,1.447,0.836,0.000,2.284,2.826,474845,674558,0,415,274,274,30390080,975714,148,166,0
699,1.599,0.526,0.000,2.126,3.434,474845,674558,0,415,274,274,30390080,975714,148,166,0
700,1.460,0.493,0.000,1.953,2.221,474845,674558,0,415,274,274,30390080,975714,148,166,0
701,1.194,0.934,0.000,2.128,2.039,474845,674558,0,415,274,274,30390080,975714,148,166,0
702,1.666,0.830,0.000,2.497,2.430,474845,674558,0,415,274,274,30390080,975714,148,166,0
703,1.751,0.678,0.000,2.429,3.716,474845,674558,0,415,274,274,30390080,975714,148,166,0
704,1.491,0.503,0.000,1.994,2.516,474845,674558,0,415,274,274,30390080,975714,148,166,0
705,1.297,0.546,0.000,1.843,2.082,474845,674558,0,415,274,274,30390080,975714,148,166,0
706,1.276,0.552,0.000,1.828,1.934,474845,674558,0,415,274,274,30390080,975714,148,166,0
707,1.371,0.934,0.000,2.304,1.924,474845,674558,0,415,274,274,30390080,975714,148,166,0
708,1.419,0.460,0.000,1.879,2.389,474845,674558,0,415,274,274,30390080,975714,148,166,0
709,2.471,0.475,0.000,2.946,1.961,474845,674558,0,415,274,274,30390080,975714,148,166,0
710,1.566,0.572,0.000,2.138,4.603,474845,674558,0,415,274,274,30390080,975714,148,166,0
711,1.264,0.417,0.000,1.681,2.240,474845,674558,0,415,274,274,30390080,975714,148,166,0
712,1.364,0.411,0.000,1.775,1.785,474845,674558,0,415,274,274,30390080,975714,148,166,0
713,1.381,0.443,0.000,1.824,1.856,474845,674558,0,415,274,274,30390080,975714,148,166,0
714,1.533,0.606,0.000,2.139,5.177,474845,674558,0,415,274,274,30390080,975714,148,166,0
715,1.420,0.499,0.000,1.919,2.245,474845,674558,0,415,274,274,30390080,975714,148,166,0
716,1.263,0.645,0.000,1.909,2.004,474845,674558,0,415,274,274,30390080,975714,148,166,0
717,1.573,0.501,0.000,2.075,3.401,474845,674558,0,415,274,274,30390080,975714,148,166,0
718,1.327,0.548,0.000,1.875,2.164,474845,674558,0,415,274,274,30390080,975714,148,166,0
719,1.248,0.418,0.000,1.666,1.964,474845,674558,0,415,274,274,30390080,975714,148,166,0
720,1.503,0.526,0.000,2.029,1.767,474845,674558,0,415,274,274,30390080,975714,148,166,0
721,1.727,0.593,0.000,2.320,2.602,474845,674558,0,415,274,274,30390080,975714,148,166,0
722,1.780,0.720,0.000,2.500,2.546,474845,674558,0,415,274,274,30390080,975714,148,166,0
723,1.540,0.488,0.000,2.028,2.605,474845,674558,0,415,274,274,30390080,975714,148,166,0
724,1.517,0.456,0.000,1.973,2.109,474845,674558,0,415,274,274,30390080,975714,148,166,0
725,1.441,0.473,0.000,1.914,2.064,474845,674558,0,415,274,274,30390080,975714,148,166,0
726,1.289,0.811,0.000,2.101,1.995,474845,674558,0,415,274,274,30390080,975714,148,166,0
727,1.325,0.731,0.000,2.056,2.205,474845,674558,0,415,274,274,30390080,975714,148,166,0
728,1.459,0.844,0.000,2.303,2.152,474845,674558,0,415,274,274,30390080,975714,148,166,0
729,1.920,0.726,0.000,2.647,4.752,474845,674558,0,415,274,274,30390080,975714,148,166,0
730,1.514,0.501,0.000,2.015,2.745,474845,674558,0,415,274,274,30390080,975714,148,166,0
731,1.458,0.474,0.000,1.932,2.096,474845,674558,0,415,274,274,30390080,975714,148,166,0
732,1.387,0.495,0.000,1.882,2.011,474845,674558,0,415,274,274,30390080,975714,148,166,0
733,1.276,0.409,0.000,1.685,1.978,474845,674558,0,415,274,274,30390080,975714,148,166,0
734,1.650,0.532,0.000,2.182,3.401,474845,674558,0,415,274,274,30390080,975714,148,166,0
735,1.555,0.530,0.000,2.084,4.160,474845,674558,0,415,274,274,30390080,975714,148,166,0
736,1.561,0.518,0.000,2.079,2.188,474845,674558,0,415,274,274,30390080,975714,148,166,0
737,1.422,0.542,0.000,1.964,2.181,474845,674558,0,415,274,274,30390080,975714,148,166,0
738,1.293,0.477,0.000,1.770,2.056,474845,674558,0,415,274,274,30390080,975714,148,166,0
739,1.390,0.583,0.000,1.973,1.862,474845,674558,0,415,274,274,30390080,975714,148,166,0
740,1.460,0.419,0.000,1.879,2.050,474845,674558,0,415,274,274,30390080,975714,148,166,0
741,1.735,0.622,0.000,2.357,3.270,474845,674558,0,415,274,274,30390080,975714,148,166,0
742,1.519,0.591,0.000,2.110,2.463,474845,674558,0,415,274,274,30390080,975714,148,166,0
743,1.461,0.536,0.000,1.997,2.196,474845,674558,0,415,274,274,30390080,975714,148,166,0
744,1.644,0.501,0.000,2.145,2.083,474845,674558,0,415,274,274,30390080,975714,148,166,0
745,1.664,0.525,0.000,2.189,3.443,474845,674558,0,415,274,274,30390080,975714,148,166,0
746,1.446,0.598,0.000,2.044,2.280,474845,674558,0,415,274,274,30390080,975714,148,166,0
747,1.455,0.523,0.000,1.978,2.135,474845,674558,0,415,274,274,30390080,975714,148,166,0
748,1.820,0.496,0.000,2.317,2.270,474845,674558,0,415,274,274,30390080,975714,148,166,0
749,1.734,0.762,0.000,2.497,2.484,474845,674558,0,415,274,274,30390080,975714,148,166,0
750,1.409,0.670,0.000,2.079,2.591,474845,674558,0,415,274,274,30390080,975714,148,166,0
751,1.271,0.892,0.000,2.163,2.171,474845,674558,0,415,274,274,30390080,975714,148,166,0
752,1.344,0.774,0.000,2.119,2.258,474845,674558,0,415,274,274,30390080,975714,148,166,0
753,1.403,0.914,0.000,2.317,2.231,474845,674558,0,415,274,274,30390080,975714,148,166,0
754,1.812,0.667,0.000,2.479,4.689,474845,674558,0,415,274,274,30390080,975714,148,166,0
755,1.595,0.504,0.000,2.100,2.599,474845,674558,0,415,274,274,30390080,975714,148,166,0
756,1.490,0.409,0.000,1.899,2.187,474845,674558,0,415,274,274,30390080,975714,148,166,0
757,1.316,0.552,0.000,1.868,1.981,474845,674558,0,415,274,274,30390080,975714,148,166,0
758,1.282,0.603,0.000,1.886,1.955,474845,674558,0,415,274,274,30390080,975714,148,166,0
759,1.392,0.638,0.000,2.030,1.999,474845,674558,0,415,274,274,30390080,975714,148,166,0
760,1.481,0.452,0.000,1.933,2.110,474845,674558,0,415,274,274,30390080,975714,148,166,0
761,1.571,0.553,0.000,2.124,2.017,474845,674558,0,415,274,274,30390080,975714,148,166,0
762,1.677,0.743,0.000,2.420,4.353,474845,674558,0,415,274,274,30390080,975714,148,166,0
763,1.318,0.416,0.000,1.733,2.510,474845,674558,0,415,274,274,30390080,975714,148,166,0
764,1.441,0.436,0.000,1.877,1.839,474845,674558,0,415,274,274,30390080,975714,148,166,0
765,1.566,0.610,0.000,2.176,1.967,474845,674558,0,415,274,274,30390080,975714,148,166,0
766,1.759,0.615,0.000,2.374,5.731,474845,674558,0,415,274,274,30390080,975714,148,166,0
767,1.633,0.498,0.000,2.131,4.569,474845,674558,0,415,274,274,30390080,975714,148,166,0
768,1.551,0.533,0.000,2.084,2.224,474845,674558,0,415,274,274,30390080,975714,148,166,0
769,1.442,0.492,0.000,1.934,2.166,474845,674558,0,415,274,274,30390080,975714,148,166,0
770,1.440,0.487,0.000,1.928,3.724,474845,674558,0,415,274,274,30390080,975714,148,166,0
771,1.501,0.493,0.000,1.994,2.037,474845,674558,0,415,274,274,30390080,975714,148,166,0
772,1.601,0.716,0.000,2.317,2.847,474845,674558,0,415,274,274,30390080,975714,148,166,0
773,1.760,0.995,0.001,2.755,2.958,474845,674558,0,415,274,274,30390080,975714,148,166,0
774,1.726,0.640,0.000,2.366,3.640,474845,674558,0,415,274,274,30390080,975714,148,166,0
775,1.501,0.648,0.000,2.148,2.456,474845,674558,0,415,274,274,30390080,975714,148,166,0
776,1.352,0.636,0.000,1.988,2.249,474845,674558,0,415,274,274,30390080,975714,148,166,0
777,1.403,0.395,0.000,1.798,2.082,474845,674558,0,415,274,274,30390080,975714,148,166,0
778,1.543,0.414,0.000,1.958,1.886,474845,674558,0,415,274,274,30390080,975714,148,166,0
779,1.497,0.465,0.000,1.962,2.041,474845,674558,0,415,274,274,30390080,975714,148,166,0
780,1.385,0.555,0.000,1.940,2.044,474845,674558,0,415,274,274,30390080,975714,148,166,0
781,1.347,0.430,0.000,1.777,2.030,474845,674558,0,415,274,274,30390080,975714,148,166,0
782,1.488,0.683,0.000,2.172,1.870,474845,674558,0,415,274,274,30390080,975714,148,166,0
783,1.792,0.795,0.000,2.586,4.072,474845,674558,0,415,274,274,30390080,975714,148,166,0
784,1.490,0.538,0.000,2.028,2.668,474845,674558,0,415,274,274,30390080,975714,148,166,0
785,1.351,0.614,0.000,1.965,2.108,474845,674558,0,415,274,274,30390080,975714,148,166,0
786,1.320,0.440,0.000,1.760,2.073,474845,674558,0,415,274,274,30390080,975714,148,166,0
787,1.508,0.548,0.000,2.057,1.847,474845,674558,0,415,274,274,30390080,975714,148,166,0
788,1.557,0.444,0.000,2.001,2.155,474845,674558,0,415,274,274,30390080,975714,148,166,0
789,1.410,0.477,0.000,1.887,2.089,474845,674558,0,415,274,274,30390080,975714,148,166,0
790,1.297,0.857,0.000,2.154,1.987,474845,674558,0,415,274,274,30390080,975714,148,166,0
791,1.330,0.755,0.000,2.085,2.255,474845,674558,0,415,274,274,30390080,975714,148,166,0
792,2.226,0.842,0.000,3.067,2.181,474845,674558,0,415,274,274,30390080,975714,148,166,0
793,1.785,0.830,0.000,2.615,4.353,474845,674558,0,415,274,274,30390080,975714,148,166,0
794,1.548,0.488,0.000,2.036,2.709,474845,674558,0,415,274,274,30390080,975714,148,166,0
795,1.474,0.513,0.000,1.987,2.122,474845,674558,0,415,274,274,30390080,975714,148,166,0
796,1.339,0.613,0.000,1.952,2.094,474845,674558,0,415,274,274,30390080,975714,148,166,0
797,1.311,0.757,0.000,2.069,2.047,474845,674558,0,415,274,274,30390080,975714,148,166,0
798,1.414,0.769,0.000,2.184,2.173,474845,674558,0,415,274,274,30390080,975714,148,166,0
799,1.521,0.428,0.000,1.949,2.277,474845,674558,0,415,274,274,30390080,975714,148,166,0
800,1.524,0.450,0.000,1.974,2.027,474845,674558,0,415,274,274,30390080,975714,148,166,0
801,1.313,0.803,0.000,2.116,2.051,474845,674558,0,415,274,274,30390080,975714,148,166,0
802,1.659,0.808,0.000,2.467,2.609,474845,674558,0,415,274,274,30390080,975714,148,166,0
803,1.732,0.586,0.000,2.318,3.544,474845,674558,0,415,274,274,30390080,975714,148,166,0
804,1.564,0.417,0.000,1.980,2.417,474845,674558,0,415,274,274,30390080,975714,148,166,0
805,1.441,0.471,0.000,1.912,2.074,474845,674558,0,415,274,274,30390080,975714,148,166,0
806,1.296,0.787,0.000,2.083,2.010,474845,674558,0,415,274,274,30390080,975714,148,166,0
807,1.386,0.887,0.000,2.273,2.187,474845,674558,0,415,274,274,30390080,975714,148,166,0
808,1.407,0.888,0.000,2.295,2.394,474845,674558,0,415,274,274,30390080,975714,148,166,0
809,1.518,0.621,0.000,2.138,2.407,474845,674558,0,415,274,274,30390080,975714,148,166,0
810,1.780,0.799,0.000,2.579,3.008,474845,674558,0,415,274,274,30390080,975714,148,166,0
811,1.635,0.613,0.000,2.248,3.139,474845,674558,0,415,274,274,30390080,975714,148,166,0
812,1.336,0.436,0.000,1.772,2.341,474845,674558,0,415,274,274,30390080,975714,148,166,0
813,1.449,0.425,0.000,1.875,1.880,474845,674558,0,415,274,274,30390080,975714,148,166,0
814,1.522,0.462,0.000,1.984,1.958,474845,674558,0,415,274,274,30390080,975714,148,166,0
815,1.504,0.473,0.000,1.977,2.072,474845,674558,0,415,274,274,30390080,975714,148,166,0
816,1.323,0.773,0.000,2.096,2.065,474845,674558,0,415,274,274,30390080,975714,148,166,0
817,1.680,0.734,0.005,2.419,2.886,474845,674558,0,415,274,274,30390080,975714,148,166,0
818,1.675,0.580,0.000,2.256,2.518,474845,674558,0,415,274,274,30390080,975714,148,166,0
819,1.386,0.700,0.000,2.087,2.350,474845,674558,0,415,274,274,30390080,975714,148,166,0
820,1.442,0.853,0.000,2.295,2.185,474845,674558,0,415,274,274,30390080,975714,148,166,0
821,1.428,0.739,0.000,2.167,2.394,474845,674558,0,415,274,274,30390080,975714,148,166,0
822,1.739,0.886,0.000,2.626,3.061,474845,674558,0,415,274,274,30390080,975714,148,166,0
823,1.831,0.714,0.000,2.545,3.752,474845,674558,0,415,274,274,30390080,975714,148,166,0
824,1.638,0.559,0.000,2.198,2.646,474845,674558,0,415,274,274,30390080,975714,148,166,0
825,1.530,0.490,0.000,2.020,2.280,474845,674558,0,415,274,274,30390080,975714,148,166,0
826,1.366,0.594,0.000,1.960,2.099,474845,674558,0,415,274,274,30390080,975714,148,166,0
827,1.350,0.454,0.000,1.804,2.047,474845,674558,0,415,274,274,30390080,975714,148,166,0
828,1.539,1.209,0.000,2.748,1.908,474845,674558,0,415,274,274,30390080,975714,148,166,0
829,1.701,0.641,0.000,2.341,4.061,474845,674558,0,415,274,274,30390080,975714,148,166,0
830,1.411,0.524,0.000,1.934,2.421,474845,674558,0,415,274,274,30390080,975714,148,166,0
831,1.315,0.422,0.000,1.737,2.023,474845,674558,0,415,274,274,30390080,975714,148,166,0
832,1.424,0.589,0.000,2.013,1.836,474845,674558,0,415,274,274,30390080,975714,148,166,0
833,1.512,0.406,0.000,1.918,2.089,474845,674558,0,415,274,274,30390080,975714,148,166,0
834,1.534,0.475,0.000,2.009,1.996,474845,674558,0,415,274,274,30390080,975714,148,166,0
835,1.268,0.802,0.000,2.069,2.108,474845,674558,0,415,274,274,30390080,975714,148,166,0
836,1.346,1.768,0.000,3.114,2.164,474845,674558,0,415,274,274,30390080,975714,148,166,0
837,1.623,0.495,0.000,2.118,4.616,474845,674558,0,415,274,274,30390080,975714,148,166,0
838,1.499,0.412,0.000,1.911,2.214,474845,674558,0,415,274,274,30390080,975714,148,166,0
839,1.432,0.479,0.000,1.912,1.993,474845,674558,0,415,274,274,30390080,975714,148,166,0
840,1.661,0.643,0.000,2.304,6.077,474845,674558,0,415,274,274,30390080,975714,148,166,0
841,1.494,0.454,0.000,1.949,2.402,474845,674558,0,415,274,274,30390080,975714,148,166,0
842,1.297,0.582,0.000,1.878,2.037,474845,674558,0,415,274,274,30390080,975714,148,166,0
843,1.306,0.402,0.000,1.707,1.980,474845,674558,0,415,274,274,30390080,975714,148,166,0
844,1.501,0.440,0.000,1.941,1.786,474845,674558,0,415,274,274,30390080,975714,148,166,0
845,2.622,0.677,0.000,3.298,2.371,474845,674558,0,415,274,274,30390080,975714,148,166,0
846,1.627,0.490,0.000,2.117,3.410,474845,674558,0,415,274,274,30390080,975714,148,166,0
847,1.531,0.581,0.000,2.112,2.220,474845,674558,0,415,274,274,30390080,975714,148,166,0
848,1.631,0.711,0.000,2.342,4.387,474845,674558,0,415,274,274,30390080,975714,148,166,0
849,1.419,0.586,0.000,2.005,2.440,474845,674558,0,415,274,274,30390080,975714,148,166,0
850,1.373,0.621,0.000,1.994,2.236,474845,674558,0,415,274,274,30390080,975714,148,166,0
851,1.306,0.402,0.000,1.708,2.089,474845,674558,0,415,274,274,30390080,975714,148,166,0
852,1.478,0.432,0.000,1.911,1.791,474845,674558,0,415,274,274,30390080,975714,148,166,0
853,1.437,0.475,0.000,1.912,1.994,474845,674558,0,415,274,274,30390080,975714,148,166,0
854,1.431,0.597,0.000,2.028,2.009,474845,674558,0,415,274,274,30390080,975714,148,166,0
855,1.328,0.676,0.000,2.004,2.131,474845,674558,0,415,274,274,30390080,975714,148,166,0
856,1.393,0.917,0.000,2.310,2.114,474845,674558,0,415,274,274,30390080,975714,148,166,0
857,1.555,0.535,0.000,2.090,2.410,474845,674558,0,415,274,274,30390080,975714,148,166,0
858,1.552,0.428,0.000,1.980,2.181,474845,674558,0,415,274,274,30390080,975714,148,166,0
859,1.715,0.632,0.000,2.347,2.118,474845,674558,0,415,274,274,30390080,975714,148,166,0
860,1.413,0.713,0.000,2.126,2.436,474845,674558,0,415,274,274,30390080,975714,148,166,0
861,1.320,0.900,0.000,2.220,2.277,474845,674558,0,415,274,274,30390080,975714,148,166,0
862,1.359,0.848,0.000,2.207,2.319,474845,674558,0,415,274,274,30390080,975714,148,166,0
863,1.381,0.877,0.000,2.258,2.303,474845,674558,0,415,274,274,30390080,975714,148,166,0
864,1.524,0.775,0.000,2.300,2.501,474845,674558,0,415,274,274,30390080,975714,148,166,0
865,1.533,0.846,0.000,2.379,2.422,474845,674558,0,415,274,274,30390080,975714,148,166,0
866,1.473,0.649,0.000,2.121,2.505,474845,674558,0,415,274,274,30390080,975714,148,166,0
867,1.494,0.468,0.000,1.963,2.211,474845,674558,0,415,274,274,30390080,975714,148,166,0
868,1.557,0.501,0.000,2.058,2.054,474845,674558,0,415,274,274,30390080,975714,148,166,0
869,1.335,0.561,0.000,1.897,2.140,474845,674558,0,415,274,274,30390080,975714,148,166,0
870,1.346,0.899,0.000,2.245,1.989,474845,674558,0,415,274,274,30390080,975714,148,166,0
871,1.807,0.679,0.000,2.487,8.239,474845,674558,0,415,274,274,30390080,975714,148,166,0
872,1.523,0.490,0.000,2.014,2.583,474845,674558,0,415,274,274,30390080,975714,148,166,0
873,1.296,0.578,0.000,1.874,2.101,474845,674558,0,415,274,274,30390080,975714,148,166,0
874,1.322,0.413,0.000,1.735,1.981,474845,674558,0,415,274,274,30390080,975714,148,166,0
875,1.497,0.459,0.000,1.956,1.824,474845,674558,0,415,274,274,30390080,975714,148,166,0
876,1.605,0.551,0.000,2.156,4.408,474845,674558,0,415,274,274,30390080,975714,148,166,0
877,1.617,0.461,0.000,2.078,2.782,474845,674558,0,415,274,274,30390080,975714,148,166,0
878,1.379,0.563,0.000,1.942,2.166,474845,674558,0,415,274,274,30390080,975714,148,166,0
879,1.282,0.397,0.000,1.679,2.037,474845,674558,0,415,274,274,30390080,975714,148,166,0
880,1.421,0.404,0.000,1.825,1.778,474845,674558,0,415,274,274,30390080,975714,148,166,0
881,1.410,0.456,0.000,1.866,1.908,474845,674558,0,415,274,274,30390080,975714,148,166,0
882,1.316,0.619,0.000,1.935,1.948,474845,674558,0,415,274,274,30390080,975714,148,166,0
883,1.296,0.673,0.000,1.969,2.034,474845,674558,0,415,274,274,30390080,975714,148,166,0
884,1.643,1.301,0.000,2.944,2.064,474845,674558,0,415,274,274,30390080,975714,148,166,0
885,1.629,0.708,0.000,2.337,6.690,474845,674558,0,415,274,274,30390080,975714,148,166,0
886,1.775,0.734,0.000,2.509,3.462,474845,674558,0,415,274,274,30390080,975714,148,166,0
887,1.596,0.489,0.000,2.085,2.598,474845,674558,0,415,274,274,30390080,975714,148,166,0
888,1.473,0.453,0.000,1.926,2.167,474845,674558,0,415,274,274,30390080,975714,148,166,0
889,1.306,0.554,0.000,1.860,2.012,474845,674558,0,415,274,274,30390080,975714,148,166,0
890,1.293,0.408,0.000,1.701,1.956,474845,674558,0,415,274,274,30390080,975714,148,166,0
891,1.456,0.444,0.000,1.900,1.797,474845,674558,0,415,274,274,30390080,975714,148,166,0
892,1.464,0.465,0.000,1.929,1.982,474845,674558,0,415,274,274,30390080,975714,148,166,0
893,1.563,0.579,0.000,2.141,2.242,474845,674558,0,415,274,274,30390080,975714,148,166,0
894,1.351,0.601,0.000,1.951,2.241,474845,674558,0,415,274,274,30390080,975714,148,166,0
895,1.714,0.634,0.000,2.348,3.009,474845,674558,0,415,274,274,30390080,975714,148,166,0
896,1.491,0.567,0.000,2.058,2.454,474845,674558,0,415,274,274,30390080,975714,148,166,0
897,1.442,0.605,0.000,2.047,2.150,474845,674558,0,415,274,274,30390080,975714,148,166,0
898,1.414,0.664,0.000,2.078,2.148,474845,674558,0,415,274,274,30390080,975714,148,166,0
899,1.474,0.753,0.000,2.227,2.168,474845,674558,0,415,274,274,30390080,975714,148,166,0
900,1.404,0.537,0.000,1.941,2.318,474845,674558,0,415,274,274,30390080,975714,148,166,0
901,1.485,0.547,0.000,2.032,2.019,474845,674558,0,415,274,274,30390080,975714,148,166,0
902,1.765,0.714,0.000,2.479,5.976,474845,674558,0,415,274,274,30390080,975714,148,166,0
903,1.604,0.428,0.000,2.031,2.574,474845,674558,0,415,274,274,30390080,975714,148,166,0
904,1.531,0.460,0.000,1.991,2.121,474845,674558,0,415,274,274,30390080,975714,148,166,0
905,1.399,0.516,0.000,1.915,2.074,474845,674558,0,415,274,274,30390080,975714,148,166,0
906,1.313,0.494,0.000,1.807,2.010,474845,674558,0,415,274,274,30390080,975714,148,166,0
907,1.440,0.466,0.000,1.906,1.914,474845,674558,0,415,274,274,30390080,975714,148,166,0
908,1.557,0.857,0.000,2.414,5.901,474845,674558,0,415,274,274,30390080,975714,148,166,0
909,1.330,0.611,0.000,1.941,2.572,474845,674558,0,415,274,274,30390080,975714,148,166,0
910,1.330,0.416,0.000,1.746,2.061,474845,674558,0,415,274,274,30390080,975714,148,166,0
911,1.462,0.423,0.000,1.886,1.828,474845,674558,0,415,274,274,30390080,975714,148,166,0
912,1.383,0.478,0.000,1.861,1.970,474845,674558,0,415,274,274,30390080,975714,148,166,0
913,1.309,0.566,0.000,1.875,1.951,474845,674558,0,415,274,274,30390080,975714,148,166,0
914,1.369,0.428,0.000,1.797,1.966,474845,674558,0,415,274,274,30390080,975714,148,166,0
915,1.485,0.475,0.000,1.960,1.881,474845,674558,0,415,274,274,30390080,975714,148,166,0
916,1.663,0.752,0.000,2.416,3.276,474845,674558,0,415,274,274,30390080,975714,148,166,0
917,1.444,0.606,0.000,2.050,2.531,474845,674558,0,415,274,274,30390080,975714,148,166,0
918,1.637,0.484,0.000,2.121,2.161,474845,674558,0,415,274,274,30390080,975714,148,166,0
919,1.559,0.445,0.004,2.008,2.207,474845,674558,0,415,274,274,30390080,975714,148,166,0
920,1.503,0.490,0.000,1.993,2.094,474845,674558,0,415,274,274,30390080,975714,148,166,0
921,1.551,0.483,0.000,2.034,2.468,474845,674558,0,415,274,274,30390080,975714,148,166,0
922,1.579,0.516,0.000,2.095,2.350,474845,674558,0,415,274,274,30390080,975714,148,166,0
923,1.561,0.509,0.000,2.069,3.690,474845,674558,0,415,274,274,30390080,975714,148,166,0
924,1.530,0.440,0.000,1.970,2.155,474845,674558,0,415,274,274,30390080,975714,148,166,0
925,1.392,0.494,0.000,1.885,2.055,474845,674558,0,415,274,274,30390080,975714,148,166,0
926,1.318,0.832,0.000,2.150,1.974,474845,674558,0,415,274,274,30390080,975714,148,166,0
927,1.337,0.876,0.000,2.214,2.242,474845,674558,0,415,274,274,30390080,975714,148,166,0
928,1.865,0.603,0.000,2.467,2.313,474845,674558,0,415,274,274,30390080,975714,148,166,0
929,1.594,0.716,0.000,2.309,3.101,474845,674558,0,415,274,274,30390080,975714,148,166,0
930,1.421,0.597,0.000,2.018,2.458,474845,674558,0,415,274,274,30390080,975714,148,166,0
931,1.406,0.786,0.000,2.191,2.129,474845,674558,0,415,274,274,30390080,975714,148,166,0
932,1.653,0.593,0.000,2.247,2.289,474845,674558,0,415,274,274,30390080,975714,148,166,0
933,1.782,0.805,0.000,2.587,4.302,474845,674558,0,415,274,274,30390080,975714,148,166,0
934,1.483,0.579,0.000,2.062,2.693,474845,674558,0,415,274,274,30390080,975714,148,166,0
935,1.338,0.661,0.000,1.999,2.156,474845,674558,0,415,274,274,30390080,975714,148,166,0
936,1.348,0.430,0.000,1.778,2.095,474845,674558,0,415,274,274,30390080,975714,148,166,0
937,1.429,0.464,0.000,1.893,1.886,474845,674558,0,415,274,274,30390080,975714,148,166,0
938,1.730,0.597,0.000,2.326,1.975,474845,674558,0,415,274,274,30390080,975714,148,166,0
939,1.739,1.053,0.000,2.793,3.877,474845,674558,0,415,274,274,30390080,975714,148,166,0
940,1.512,0.738,0.000,2.250,2.931,474845,674558,0,415,274,274,30390080,975714,148,166,0
941,1.374,0.456,0.000,1.830,2.354,474845,674558,0,415,274,274,30390080,975714,148,166,0
942,1.426,0.469,0.000,1.894,1.928,474845,674558,0,415,274,274,30390080,975714,148,166,0
943,1.540,0.466,0.000,2.006,1.976,474845,674558,0,415,274,274,30390080,975714,148,166,0
944,1.395,0.513,0.000,1.907,2.094,474845,674558,0,415,274,274,30390080,975714,148,166,0
945,1.684,0.805,0.000,2.489,4.401,474845,674558,0,415,274,274,30390080,975714,148,166,0
946,1.367,0.453,0.000,1.820,2.589,474845,674558,0,415,274,274,30390080,975714,148,166,0
947,1.449,0.457,0.000,1.907,1.910,474845,674558,0,415,274,274,30390080,975714,148,166,0
948,1.485,0.443,0.000,1.927,1.994,474845,674558,0,415,274,274,30390080,975714,148,166,0
949,1.382,0.464,0.000,1.846,2.009,474845,674558,0,415,274,274,30390080,975714,148,166,0
950,1.289,0.839,0.000,2.128,1.938,474845,674558,0,415,274,274,30390080,975714,148,166,0
951,1.335,0.880,0.000,2.215,2.217,474845,674558,0,415,274,274,30390080,975714,148,166,0
952,1.521,0.842,0.000,2.364,2.325,474845,674558,0,415,274,274,30390080,975714,148,166,0
953,1.713,0.661,0.000,2.374,4.780,474845,674558,0,415,274,274,30390080,975714,148,166,0
954,1.458,0.562,0.000,2.020,2.464,474845,674558,0,415,274,274,30390080,975714,148,166,0
955,1.466,0.490,0.000,1.956,2.117,474845,674558,0,415,274,274,30390080,975714,148,166,0
956,1.421,0.553,0.000,1.974,2.047,474845,674558,0,415,274,274,30390080,975714,148,166,0
957,1.429,0.492,0.000,1.921,2.067,474845,674558,0,415,274,274,30390080,975714,148,166,0
958,1.384,0.863,0.000,2.248,2.004,474845,674558,0,415,274,274,30390080,975714,148,166,0
959,1.557,0.778,0.000,2.335,2.333,474845,674558,0,415,274,274,30390080,975714,148,166,0
960,1.694,0.476,0.000,2.170,2.440,474845,674558,0,415,274,274,30390080,975714,148,166,0
961,1.494,0.457,0.000,1.951,2.256,474845,674558,0,415,274,274,30390080,975714,148,166,0
962,1.535,0.485,0.000,2.020,2.033,474845,674558,0,415,274,274,30390080,975714,148,166,0
963,1.570,0.463,0.000,2.033,2.559,474845,674558,0,415,274,274,30390080,975714,148,166,0
964,1.595,0.596,0.000,2.191,2.318,474845,674558,0,415,274,274,30390080,975714,148,166,0
965,1.328,0.848,0.000,2.175,2.303,474845,674558,0,415,274,274,30390080,975714,148,166,0
966,1.326,0.918,0.000,2.244,2.273,474845,674558,0,415,274,274,30390080,975714,148,166,0
967,1.351,0.765,0.000,2.116,2.337,474845,674558,0,415,274,274,30390080,975714,148,166,0
968,1.445,0.833,0.000,2.278,2.221,474845,674558,0,415,274,274,30390080,975714,148,166,0
969,1.603,0.470,0.000,2.073,2.383,474845,674558,0,415,274,274,30390080,975714,148,166,0
970,1.624,0.453,0.000,2.077,2.165,474845,674558,0,415,274,274,30390080,975714,148,166,0
971,1.427,0.479,0.000,1.907,2.156,474845,674558,0,415,274,274,30390080,975714,148,166,0
972,1.664,0.601,0.000,2.265,5.299,474845,674558,0,415,274,274,30390080,975714,148,166,0
973,1.582,0.466,0.000,2.048,2.366,474845,674558,0,415,274,274,30390080,975714,148,166,0
974,1.265,0.632,0.000,1.897,2.137,474845,674558,0,415,274,274,30390080,975714,148,166,0
975,1.352,0.359,0.000,1.711,1.993,474845,674558,0,415,274,274,30390080,975714,148,166,0
976,1.468,0.447,0.000,1.915,1.792,474845,674558,0,415,274,274,30390080,975714,148,166,0
977,1.503,0.457,0.000,1.959,1.996,474845,674558,0,415,274,274,30390080,975714,148,166,0
978,1.500,0.546,0.000,2.046,4.070,474845,674558,0,415,274,274,30390080,975714,148,166,0
979,1.415,0.412,0.000,1.827,2.149,474845,674558,0,415,274,274,30390080,975714,148,166,0
980,1.482,0.498,0.000,1.981,1.908,474845,674558,0,415,274,274,30390080,975714,148,166,0
981,1.482,0.539,0.000,2.021,2.064,474845,674558,0,415,274,274,30390080,975714,148,166,0
982,1.267,0.892,0.000,2.159,2.114,474845,674558,0,415,274,274,30390080,975714,148,166,0
983,1.295,0.907,0.000,2.202,2.255,474845,674558,0,415,274,274,30390080,975714,148,166,0
984,1.689,0.598,0.000,2.287,5.835,474845,674558,0,415,274,274,30390080,975714,148,166,0
985,1.469,0.521,0.000,1.990,2.389,474845,674558,0,415,274,274,30390080,975714,148,166,0
986,1.264,0.353,0.000,1.617,2.085,474845,674558,0,415,274,274,30390080,975714,148,166,0
987,1.496,0.432,0.000,1.928,1.715,474845,674558,0,415,274,274,30390080,975714,148,166,0
988,1.388,0.462,0.000,1.850,2.009,474845,674558,0,415,274,274,30390080,975714,148,166,0
989,1.272,0.555,0.000,1.827,1.942,474845,674558,0,415,274,274,30390080,975714,148,166,0
990,1.657,0.574,0.000,2.232,5.790,474845,674558,0,415,274,274,30390080,975714,148,166,0
991,1.560,0.490,0.000,2.051,2.349,474845,674558,0,415,274,274,30390080,975714,148,166,0
992,1.251,0.570,0.000,1.821,2.142,474845,674558,0,415,274,274,30390080,975714,148,166,0
993,1.305,0.391,0.000,1.697,1.918,474845,674558,0,415,274,274,30390080,975714,148,166,0
994,1.525,0.533,0.000,2.059,1.779,474845,674558,0,415,274,274,30390080,975714,148,166,0
995,1.754,0.684,0.000,2.439,4.319,474845,674558,0,415,274,274,30390080,975714,148,166,0
996,1.385,0.565,0.000,1.949,2.525,474845,674558,0,415,274,274,30390080,975714,148,166,0
997,1.286,0.416,0.000,1.703,2.042,474845,674558,0,415,274,274,30390080,975714,148,166,0
998,1.412,0.439,0.000,1.850,1.810,474845,674558,0,415,274,274,30390080,975714,148,166,0
999,1.444,0.469,0.000,1.913,1.931,474845,674558,0,415,274,274,30390080,975714,148,166,0
1000,1.315,0.546,0.000,1.860,2.002,474845,674558,0,415,274,274,30390080,975714,148,166,0
1001,1.304,0.658,0.000,1.962,1.946,474845,674558,0,415,274,274,30390080,975714,148,166,0
1002,1.670,0.699,0.000,2.369,3.832,474845,674558,0,415,274,274,30390080,975714,148,166,0
1003,1.477,0.481,0.000,1.958,2.461,474845,674558,0,415,274,274,30390080,975714,148,166,0
1004,1.483,0.597,0.000,2.081,2.052,474845,674558,0,415,274,274,30390080,975714,148,166,0
1005,1.420,0.566,0.000,1.986,2.175,474845,674558,0,415,274,274,30390080,975714,148,166,0
1006,1.495,0.843,0.000,2.339,2.074,474845,674558,0,415,274,274,30390080,975714,148,166,0
1007,1.799,0.638,0.000,2.437,2.466,474845,674558,0,415,274,274,30390080,975714,148,166,0
1008,1.803,0.790,0.000,2.593,6.262,474845,674558,0,415,274,274,30390080,975714,148,166,0
1009,1.446,0.547,0.000,1.993,2.692,474845,674558,0,415,274,274,30390080,975714,148,166,0
1010,1.333,0.508,0.000,1.841,2.087,474845,674558,0,415,274,274,30390080,975714,148,166,0
1011,1.449,0.464,0.000,1.913,1.943,474845,674558,0,415,274,274,30390080,975714,148,166,0
1012,1.542,0.458,0.000,2.000,2.004,474845,674558,0,415,274,274,30390080,975714,148,166,0
1013,1.587,0.610,0.000,2.198,2.081,474845,674558,0,415,274,274,30390080,975714,148,166,0
1014,1.538,0.837,0.000,2.376,4.287,474845,674558,0,415,274,274,30390080,975714,148,166,0
1015,1.463,0.740,0.001,2.203,2.470,474845,674558,0,415,274,274,30390080,975714,148,166,0
1016,1.425,0.426,0.000,1.851,2.312,474845,674558,0,415,274,274,30390080,975714,148,166,0
1017,1.518,0.451,0.000,1.969,1.947,474845,674558,0,415,274,274,30390080,975714,148,166,0
1018,1.468,0.455,0.000,1.923,2.048,474845,674558,0,415,274,274,30390080,975714,148,166,0
1019,1.736,0.624,0.000,2.360,6.254,474845,674558,0,415,274,274,30390080,975714,148,166,0
1020,1.537,0.425,0.000,1.961,2.451,474845,674558,0,415,274,274,30390080,975714,148,166,0
1021,1.419,0.496,0.000,1.916,2.047,474845,674558,0,415,274,274,30390080,975714,148,166,0
1022,1.281,0.640,0.000,1.921,2.019,474845,674558,0,415,274,274,30390080,975714,148,166,0
1023,1.333,0.430,0.000,1.763,2.008,474845,674558,0,415,274,274,30390080,975714,148,166,0
1024,1.604,0.591,0.000,2.195,1.845,474845,674558,0,415,274,274,30390080,975714,148,166,0
1025,1.627,0.766,0.000,2.393,5.676,474845,674558,0,415,274,274,30390080,975714,148,166,0
1026,1.495,0.456,0.000,1.951,2.525,474845,674558,0,415,274,274,30390080,975714,148,166,0
1027,1.434,0.423,0.000,1.857,2.029,474845,674558,0,415,274,274,30390080,975714,148,166,0
1028,1.427,0.491,0.000,1.919,1.937,474845,674558,0,415,274,274,30390080,975714,148,166,0
1029,1.305,0.476,0.000,1.781,2.002,474845,674558,0,415,274,274,30390080,975714,148,166,0
1030,1.392,0.481,0.000,1.873,1.889,474845,674558,0,415,274,274,30390080,975714,148,166,0
1031,1.537,0.490,0.000,2.026,1.967,474845,674558,0,415,274,274,30390080,975714,148,166,0
1032,1.526,0.492,0.000,2.019,2.119,474845,674558,0,415,274,274,30390080,975714,148,166,0
1033,1.418,0.620,0.000,2.038,2.105,474845,674558,0,415,274,274,30390080,975714,148,166,0
1034,1.408,0.721,0.001,2.130,2.137,474845,674558,0,415,274,274,30390080,975714,148,166,0
1035,1.427,0.739,0.000,2.166,2.262,474845,674558,0,415,274,274,30390080,975714,148,166,0
1036,1.574,0.671,0.000,2.245,2.260,474845,674558,0,415,274,274,30390080,975714,148,166,0
1037,1.643,0.493,0.000,2.136,2.354,474845,674558,0,415,274,274,30390080,975714,148,166,0
1038,1.570,0.489,0.000,2.059,2.224,474845,674558,0,415,274,274,30390080,975714,148,166,0
1039,1.612,0.500,0.000,2.112,2.147,474845,674558,0,415,274,274,30390080,975714,148,166,0
1040,1.730,0.880,0.000,2.610,4.640,474845,674558,0,415,274,274,30390080,975714,148,166,0
1041,1.436,0.713,0.000,2.149,2.712,474845,674558,0,415,274,274,30390080,975714,148,166,0
1042,1.459,0.496,0.000,1.955,2.254,474845,674558,0,415,274,274,30390080,975714,148,166,0
1043,1.475,0.491,0.000,1.966,2.068,474845,674558,0,415,274,274,30390080,975714,148,166,0
1044,1.534,0.457,0.000,1.991,2.053,474845,674558,0,415,274,274,30390080,975714,148,166,0
1045,1.550,0.732,0.000,2.282,4.565,474845,674558,0,415,274,274,30390080,975714,148,166,0
1046,1.433,0.589,0.000,2.022,2.377,474845,674558,0,415,274,274,30390080,975714,148,166,0
1047,1.495,0.451,0.000,1.946,2.119,474845,674558,0,415,274,274,30390080,975714,148,166,0
1048,1.573,0.595,0.000,2.168,2.036,474845,674558,0,415,274,274,30390080,975714,148,166,0
1049,1.400,0.938,0.000,2.338,2.266,474845,674558,0,415,274,274,30390080,975714,148,166,0
1050,1.353,0.850,0.000,2.203,2.435,474845,674558,0,415,274,274,30390080,975714,148,166,0
1051,1.704,0.628,0.000,2.332,4.484,474845,674558,0,415,274,274,30390080,975714,148,166,0
1052,1.611,0.653,0.000,2.264,2.449,474845,674558,0,415,274,274,30390080,975714,148,166,0
1053,1.724,0.483,0.000,2.206,2.365,474845,674558,0,415,274,274,30390080,975714,148,166,0
1054,1.577,0.474,0.000,2.050,2.303,474845,674558,0,415,274,274,30390080,975714,148,166,0
1055,1.529,0.609,0.000,2.138,2.136,474845,674558,0,415,274,274,30390080,975714,148,166,0
1056,1.691,0.929,0.000,2.620,4.116,474845,674558,0,415,274,274,30390080,975714,148,166,0
1057,1.435,0.509,0.000,1.944,2.730,474845,674558,0,415,274,274,30390080,975714,148,166,0
1058,1.421,0.466,0.000,1.888,2.058,474845,674558,0,415,274,274,30390080,975714,148,166,0
1059,1.495,0.484,0.000,1.979,1.973,474845,674558,0,415,274,274,30390080,975714,148,166,0
1060,1.455,0.498,0.000,1.954,2.067,474845,674558,0,415,274,274,30390080,975714,148,166,0
1061,1.315,0.617,0.000,1.931,2.043,474845,674558,0,415,274,274,30390080,975714,148,166,0
1062,1.324,0.848,0.000,2.172,2.024,474845,674558,0,415,274,274,30390080,975714,148,166,0
1063,1.460,0.913,0.000,2.373,2.283,474845,674558,0,415,274,274,30390080,975714,148,166,0
1064,1.452,0.678,0.000,2.129,2.496,474845,674558,0,415,274,274,30390080,975714,148,166,0
1065,1.745,0.644,0.000,2.388,4.654,474845,674558,0,415,274,274,30390080,975714,148,166,0
1066,1.527,0.440,0.000,1.967,2.468,474845,674558,0,415,274,274,30390080,975714,148,166,0
1067,1.384,0.491,0.000,1.876,2.049,474845,674558,0,415,274,274,30390080,975714,148,166,0
1068,1.315,0.500,0.000,1.815,1.965,474845,674558,0,415,274,274,30390080,975714,148,166,0
1069,1.440,0.467,0.000,1.907,1.920,474845,674558,0,415,274,274,30390080,975714,148,166,0
1070,1.875,0.741,0.000,2.617,4.820,474845,674558,0,415,274,274,30390080,975714,148,166,0
1071,1.573,0.469,0.000,2.042,2.724,474845,674558,0,415,274,274,30390080,975714,148,166,0
1072,1.514,0.439,0.000,1.953,2.122,474845,674558,0,415,274,274,30390080,975714,148,166,0
1073,1.394,0.475,0.000,1.869,2.035,474845,674558,0,415,274,274,30390080,975714,148,166,0
1074,1.321,0.596,0.000,1.917,1.967,474845,674558,0,415,274,274,30390080,975714,148,166,0
1075,1.328,0.391,0.000,1.719,2.112,474845,674558,0,415,274,274,30390080,975714,148,166,0
1076,1.480,0.440,0.000,1.919,1.803,474845,674558,0,415,274,274,30390080,975714,148,166,0
1077,1.737,0.816,0.000,2.554,3.336,474845,674558,0,415,274,274,30390080,975714,148,166,0
1078,1.384,0.436,0.000,1.821,2.656,474845,674558,0,415,274,274,30390080,975714,148,166,0
1079,1.494,0.455,0.000,1.949,1.922,474845,674558,0,415,274,274,30390080,975714,148,166,0
1080,1.592,0.493,0.000,2.085,2.040,474845,674558,0,415,274,274,30390080,975714,148,166,0
1081,1.882,0.771,0.000,2.654,5.648,474845,674558,0,415,274,274,30390080,975714,148,166,0
1082,1.633,0.477,0.000,2.110,2.745,474845,674558,0,415,274,274,30390080,975714,148,166,0
1083,1.611,0.852,0.000,2.463,4.199,474845,674558,0,415,274,274,30390080,975714,148,166,0
1084,1.334,0.616,0.000,1.950,2.562,474845,674558,0,415,274,274,30390080,975714,148,166,0
1085,1.320,0.425,0.000,1.745,2.041,474845,674558,0,415,274,274,30390080,975714,148,166,0
1086,1.476,0.441,0.000,1.917,1.845,474845,674558,0,415,274,274,30390080,975714,148,166,0
1087,1.455,0.450,0.000,1.905,2.000,474845,674558,0,415,274,274,30390080,975714,148,166,0
1088,1.283,0.556,0.000,1.839,1.988,474845,674558,0,415,274,274,30390080,975714,148,166,0
1089,1.280,0.385,0.000,1.665,1.933,474845,674558,0,415,274,274,30390080,975714,148,166,0
1090,1.457,0.420,0.000,1.878,1.742,474845,674558,0,415,274,274,30390080,975714,148,166,0
1091,1.618,0.866,0.000,2.484,3.865,474845,674558,0,415,274,274,30390080,975714,148,166,0
1092,1.336,0.596,0.000,1.932,2.584,474845,674558,0,415,274,274,30390080,975714,148,166,0
1093,1.306,0.378,0.000,1.684,2.036,474845,674558,0,415,274,274,30390080,975714,148,166,0
1094,1.465,0.422,0.000,1.887,1.767,474845,674558,0,415,274,274,30390080,975714,148,166,0
1095,1.382,0.487,0.000,1.869,1.969,474845,674558,0,415,274,274,30390080,975714,148,166,0
1096,1.182,0.765,0.000,1.947,1.967,474845,674558,0,415,274,274,30390080,975714,148,166,0
1097,1.265,0.846,0.000,2.111,2.038,474845,674558,0,415,274,274,30390080,975714,148,166,0
1098,1.815,0.896,0.000,2.711,4.321,474845,674558,0,415,274,274,30390080,975714,148,166,0
1099,1.941,1.017,0.000,2.958,3.340,474845,674558,0,415,274,274,30390080,975714,148,166,0
1100,1.740,0.669,0.000,2.408,4.237,474845,674558,0,415,274,274,30390080,975714,148,166,0
1101,1.501,0.532,0.000,2.033,2.508,474845,674558,0,415,274,274,30390080,975714,148,166,0
1102,1.405,0.589,0.000,1.994,2.122,474845,674558,0,415,274,274,30390080,975714,148,166,0
1103,1.338,0.419,0.000,1.758,2.089,474845,674558,0,415,274,274,30390080,975714,148,166,0
1104,1.411,0.572,0.000,1.982,1.844,474845,674558,0,415,274,274,30390080,975714,148,166,0
1105,1.399,0.642,0.000,2.041,2.064,474845,674558,0,415,274,274,30390080,975714,148,166,0
1106,1.655,0.536,0.000,2.191,2.133,474845,674558,0,415,274,274,30390080,975714,148,166,0
1107,1.410,0.637,0.000,2.047,2.276,474845,674558,0,415,274,274,30390080,975714,148,166,0
1108,1.354,0.474,0.000,1.828,2.140,474845,674558,0,415,274,274,30390080,975714,148,166,0
1109,1.476,0.810,0.000,2.286,1.919,474845,674558,0,415,274,274,30390080,975714,148,166,0
1110,1.564,0.831,0.000,2.394,2.389,474845,674558,0,415,274,274,30390080,975714,148,166,0
1111,1.767,0.776,0.000,2.544,5.133,474845,674558,0,415,274,274,30390080,975714,148,166,0
1112,1.792,0.605,0.000,2.397,2.696,474845,674558,0,415,274,274,30390080,975714,148,166,0
1113,1.550,0.544,0.000,2.094,2.490,474845,674558,0,415,274,274,30390080,975714,148,166,0
1114,1.494,0.513,0.000,2.007,2.188,474845,674558,0,415,274,274,30390080,975714,148,166,0
1115,1.473,0.527,0.000,2.000,2.089,474845,674558,0,415,274,274,30390080,975714,148,166,0
1116,1.569,0.598,0.000,2.167,4.357,474845,674558,0,415,274,274,30390080,975714,148,166,0
1117,1.435,0.483,0.000,1.918,2.284,474845,674558,0,415,274,274,30390080,975714,148,166,0
1118,1.497,0.454,0.000,1.951,2.008,474845,674558,0,415,274,274,30390080,975714,148,166,0
1119,1.458,0.486,0.000,1.944,2.031,474845,674558,0,415,274,274,30390080,975714,148,166,0
1120,1.271,0.627,0.000,1.898,2.032,474845,674558,0,415,274,274,30390080,975714,148,166,0
1121,1.799,0.613,0.000,2.412,3.689,474845,674558,0,415,274,274,30390080,975714,148,166,0
1122,1.506,0.555,0.000,2.062,2.524,474845,674558,0,415,274,274,30390080,975714,148,166,0
1123,1.465,0.539,0.000,2.004,2.165,474845,674558,0,415,274,274,30390080,975714,148,166,0
1124,1.410,0.542,0.000,1.952,2.091,474845,674558,0,415,274,274,30390080,975714,148,166,0
1125,1.377,0.663,0.000,2.040,2.047,474845,674558,0,415,274,274,30390080,975714,148,166,0
1126,1.340,0.428,0.000,1.769,2.145,474845,674558,0,415,274,274,30390080,975714,148,166,0
1127,1.440,0.586,0.000,2.025,1.846,474845,674558,0,415,274,274,30390080,975714,148,166,0
1128,4.106,0.709,0.000,4.814,2.110,474845,674558,0,415,274,274,30390080,975714,148,166,0
1129,1.791,0.681,0.000,2.472,4.937,474845,674558,0,415,274,274,30390080,975714,148,166,0
1130,1.599,0.572,0.000,2.172,2.568,474845,674558,0,415,274,274,30390080,975714,148,166,0
1131,1.381,0.623,0.000,2.004,2.259,474845,674558,0,415,274,274,30390080,975714,148,166,0
1132,1.362,0.449,0.000,1.811,2.097,474845,674558,0,415,274,274,30390080,975714,148,166,0
1133,1.464,0.459,0.000,1.923,1.924,474845,674558,0,415,274,274,30390080,975714,148,166,0
1134,1.597,0.439,0.000,2.036,2.014,474845,674558,0,415,274,274,30390080,975714,148,166,0
1135,1.436,0.467,0.000,1.904,2.118,474845,674558,0,415,274,274,30390080,975714,148,166,0
1136,1.329,0.847,0.000,2.176,1.998,474845,674558,0,415,274,274,30390080,975714,148,166,0
1137,1.349,0.940,0.000,2.289,2.270,474845,674558,0,415,274,274,30390080,975714,148,166,0
1138,1.355,2.216,0.000,3.571,2.385,474845,674558,0,415,274,274,30390080,975714,148,166,0
1139,1.829,0.570,0.000,2.400,3.973,474845,674558,0,415,274,274,30390080,975714,148,166,0
1140,1.454,0.496,0.000,1.950,2.511,474845,674558,0,415,274,274,30390080,975714,148,166,0
1141,1.428,0.569,0.000,1.997,2.036,474845,674558,0,415,274,274,30390080,975714,148,166,0
1142,1.401,0.498,0.000,1.899,2.092,474845,674558,0,415,274,274,30390080,975714,148,166,0
1143,1.454,0.930,0.000,2.384,1.993,474845,674558,0,415,274,274,30390080,975714,148,166,0
1144,1.542,0.793,0.000,2.334,2.498,474845,674558,0,415,274,274,30390080,975714,148,166,0
1145,1.635,0.688,0.000,2.323,2.437,474845,674558,0,415,274,274,30390080,975714,148,166,0
1146,1.754,0.731,0.000,2.485,4.382,474845,674558,0,415,274,274,30390080,975714,148,166,0
1147,1.573,0.474,0.000,2.048,2.591,474845,674558,0,415,274,274,30390080,975714,148,166,0
1148,1.311,0.614,0.000,1.925,2.136,474845,674558,0,415,274,274,30390080,975714,148,166,0
1149,1.312,0.433,0.000,1.745,2.020,474845,674558,0,415,274,274,30390080,975714,148,166,0
1150,1.471,0.464,0.000,1.935,1.829,474845,674558,0,415,274,274,30390080,975714,148,166,0
1151,1.568,0.453,0.000,2.022,2.013,474845,674558,0,415,274,274,30390080,975714,148,166,0
1152,1.413,0.634,0.000,2.047,2.107,474845,674558,0,415,274,274,30390080,975714,148,166,0
1153,1.724,1.145,0.000,2.869,4.723,474845,674558,0,415,274,274,30390080,975714,148,166,0
1154,1.646,0.672,0.000,2.318,2.981,474845,674558,0,415,274,274,30390080,975714,148,166,0
1155,1.401,0.651,0.000,2.052,2.426,474845,674558,0,415,274,274,30390080,975714,148,166,0
1156,1.303,0.478,0.000,1.781,2.153,474845,674558,0,415,274,274,30390080,975714,148,166,0
1157,1.586,0.545,0.000,2.131,1.886,474845,674558,0,415,274,274,30390080,975714,148,166,0
1158,1.860,0.625,0.003,2.489,4.338,474845,674558,0,415,274,274,30390080,975714,148,166,0
1159,1.712,0.450,0.000,2.162,2.602,474845,674558,0,415,274,274,30390080,975714,148,166,0
1160,1.442,0.500,0.000,1.942,2.248,474845,674558,0,415,274,274,30390080,975714,148,166,0
1161,1.291,0.469,0.000,1.761,2.039,474845,674558,0,415,274,274,30390080,975714,148,166,0
1162,1.404,0.435,0.000,1.839,1.870,474845,674558,0,415,274,274,30390080,975714,148,166,0
1163,1.526,0.429,0.000,1.956,1.919,474845,674558,0,415,274,274,30390080,975714,148,166,0
1164,1.369,0.536,0.000,1.905,2.039,474845,674558,0,415,274,274,30390080,975714,148,166,0
1165,1.720,0.823,0.000,2.544,4.142,474845,674558,0,415,274,274,30390080,975714,148,166,0
1166,1.500,0.497,0.000,1.997,2.648,474845,674558,0,415,274,274,30390080,975714,148,166,0
1167,1.407,0.443,0.000,1.850,2.107,474845,674558,0,415,274,274,30390080,975714,148,166,0
1168,1.503,0.436,0.000,1.938,1.933,474845,674558,0,415,274,274,30390080,975714,148,166,0
1169,1.352,0.546,0.000,1.898,2.022,474845,674558,0,415,274,274,30390080,975714,148,166,0
1170,1.291,0.882,0.000,2.173,1.999,474845,674558,0,415,274,274,30390080,975714,148,166,0
1171,1.691,0.669,0.000,2.360,5.765,474845,674558,0,415,274,274,30390080,975714,148,166,0
1172,1.604,0.556,0.000,2.160,2.471,474845,674558,0,415,274,274,30390080,975714,148,166,0
1173,1.313,0.615,0.000,1.927,2.257,474845,674558,0,415,274,274,30390080,975714,148,166,0
1174,1.338,0.413,0.000,1.751,2.038,474845,674558,0,415,274,274,30390080,975714,148,166,0
1175,1.522,0.451,0.000,1.973,1.833,474845,674558,0,415,274,274,30390080,975714,148,166,0
1176,1.482,0.419,0.000,1.901,2.055,474845,674558,0,415,274,274,30390080,975714,148,166,0
1177,1.300,0.601,0.000,1.901,1.980,474845,674558,0,415,274,274,30390080,975714,148,166,0
1178,1.317,0.850,0.000,2.167,1.997,474845,674558,0,415,274,274,30390080,975714,148,166,0
1179,1.535,2.675,0.000,4.211,2.262,474845,674558,0,415,274,274,30390080,975714,148,166,0
1180,1.697,0.568,0.000,2.265,4.321,474845,674558,0,415,274,274,30390080,975714,148,166,0
1181,1.471,0.502,0.000,1.973,2.356,474845,674558,0,415,274,274,30390080,975714,148,166,0
1182,1.401,0.553,0.000,1.954,2.066,474845,674558,0,415,274,274,30390080,975714,148,166,0
1183,1.350,0.598,0.000,1.948,2.058,474845,674558,0,415,274,274,30390080,975714,148,166,0
1184,1.473,0.573,0.000,2.047,2.053,474845,674558,0,415,274,274,30390080,975714,148,166,0
1185,1.545,0.404,0.000,1.949,2.128,474845,674558,0,415,274,274,30390080,975714,148,166,0
1186,1.528,0.454,0.000,1.982,2.036,474845,674558,0,415,274,274,30390080,975714,148,166,0
1187,1.765,0.619,0.000,2.383,4.979,474845,674558,0,415,274,274,30390080,975714,148,166,0
1188,1.684,0.476,0.000,2.160,2.485,474845,674558,0,415,274,274,30390080,975714,148,166,0
1189,1.418,0.611,0.000,2.029,2.263,474845,674558,0,415,274,274,30390080,975714,148,166,0
1190,1.305,0.393,0.000,1.698,2.127,474845,674558,0,415,274,274,30390080,975714,148,166,0
1191,1.460,0.406,0.000,1.866,1.796,474845,674558,0,415,274,274,30390080,975714,148,166,0
1192,1.480,0.423,0.000,1.903,1.953,474845,674558,0,415,274,274,30390080,975714,148,166,0
1193,1.347,0.650,0.000,1.998,1.992,474845,674558,0,415,274,274,30390080,975714,148,166,0
1194,1.328,1.512,0.000,2.840,2.090,474845,674558,0,415,274,274,30390080,975714,148,166,0
1195,1.678,0.705,0.000,2.383,4.232,474845,674558,0,415,274,274,30390080,975714,148,166,0
1196,1.615,0.437,0.000,2.052,2.463,474845,674558,0,415,274,274,30390080,975714,148,166,0
1197,1.469,0.468,0.000,1.937,2.133,474845,674558,0,415,274,274,30390080,975714,148,166,0
1198,1.346,0.744,0.000,2.091,2.018,474845,674558,0,415,274,274,30390080,975714,148,166,0
1199,1.511,0.752,0.000,2.264,2.717,474845,674558,0,415,274,274,30390080,975714,148,166,0
1200,1.783,0.671,0.000,2.455,2.851,474845,674558,0,415,274,274,30390080,975714,148,166,0
