frame,update_ms,render_ms,swap_ms,frame_ms,loop_ms,total_vertices,visible_vertices,culled_vertices,total_batches,visible_batches,draw_calls,vbo_bytes,index_bytes,texture_binds,material_changes,reflection_passes
1,1.153,0.211,0.000,1.365,1.365,97878,9602,88276,247,25,25,6264192,254736,17,17,0
2,1.134,0.224,0.000,1.358,1.560,97878,9602,88276,247,25,25,6264192,254736,17,17,0
3,1.086,0.242,0.000,1.327,1.506,97878,9602,88276,247,25,25,6264192,254736,17,17,0
4,1.084,0.214,0.000,1.298,1.469,97878,9602,88276,247,25,25,6264192,254736,17,17,0
5,1.110,0.232,0.000,1.342,1.440,97878,9602,88276,247,25,25,6264192,254736,17,17,0
6,1.100,0.227,0.000,1.327,1.481,97878,9602,88276,247,25,25,6264192,254736,17,17,0
7,1.124,0.203,0.000,1.327,1.462,97878,9602,88276,247,25,25,6264192,254736,17,17,0
8,1.131,0.217,0.000,1.348,1.473,97878,9602,88276,247,25,25,6264192,254736,17,17,0
9,1.105,0.207,0.000,1.311,1.487,97878,9602,88276,247,25,25,6264192,254736,17,17,0
10,1.105,0.216,0.000,1.322,1.456,97878,9602,88276,247,25,25,6264192,254736,17,17,0
11,1.121,0.212,0.000,1.333,1.458,97878,9602,88276,247,25,25,6264192,254736,17,17,0
12,1.085,0.200,0.000,1.286,1.475,97878,9602,88276,247,25,25,6264192,254736,17,17,0
13,1.133,0.202,0.000,1.335,1.425,97878,9602,88276,247,25,25,6264192,254736,17,17,0
14,1.135,0.206,0.000,1.340,1.475,97878,9602,88276,247,25,25,6264192,254736,17,17,0
15,1.099,0.245,0.000,1.345,1.483,97878,9602,88276,247,25,25,6264192,254736,17,17,0
16,1.110,0.207,0.000,1.317,1.483,97878,9602,88276,247,25,25,6264192,254736,17,17,0
17,1.125,0.213,0.000,1.338,1.465,97878,9602,88276,247,25,25,6264192,254736,17,17,0
18,1.110,0.227,0.000,1.337,1.487,97878,9602,88276,247,25,25,6264192,254736,17,17,0
19,1.125,0.230,0.000,1.354,1.478,97878,9602,88276,247,25,25,6264192,254736,17,17,0
20,1.033,0.237,0.000,1.270,1.502,97878,9602,88276,247,25,25,6264192,254736,17,17,0
21,1.068,0.241,0.000,1.309,1.407,97878,9602,88276,247,25,25,6264192,254736,17,17,0
22,1.101,0.209,0.000,1.310,1.453,97878,9602,88276,247,25,25,6264192,254736,17,17,0
23,1.132,0.192,0.000,1.324,1.450,97878,9602,88276,247,25,25,6264192,254736,17,17,0
24,1.144,0.222,0.000,1.366,1.456,97878,9602,88276,247,25,25,6264192,254736,17,17,0
25,1.115,0.189,0.000,1.304,1.514,97878,9602,88276,247,25,25,6264192,254736,17,17,0
26,1.105,0.248,0.000,1.353,1.448,97878,9602,88276,247,25,25,6264192,254736,17,17,0
27,1.071,0.242,0.000,1.313,1.495,97878,9602,88276,247,25,25,6264192,254736,17,17,0
28,1.104,0.212,0.000,1.315,1.454,97878,9602,88276,247,25,25,6264192,254736,17,17,0
29,1.116,0.199,0.000,1.315,1.452,97878,9602,88276,247,25,25,6264192,254736,17,17,0
30,1.098,0.210,0.000,1.308,1.455,97878,9602,88276,247,25,25,6264192,254736,17,17,0
31,1.118,0.226,0.000,1.344,1.449,97878,9602,88276,247,25,25,6264192,254736,17,17,0
32,1.050,0.207,0.000,1.257,1.482,97878,9602,88276,247,25,25,6264192,254736,17,17,0
33,1.043,0.236,0.000,1.279,1.401,97878,9602,88276,247,25,25,6264192,254736,17,17,0
34,1.119,0.213,0.000,1.332,1.424,97878,9602,88276,247,25,25,6264192,254736,17,17,0
35,1.098,0.219,0.000,1.318,1.472,97878,9602,88276,247,25,25,6264192,254736,17,17,0
36,1.102,0.211,0.000,1.313,1.457,97878,9602,88276,247,25,25,6264192,254736,17,17,0
37,1.110,0.206,0.000,1.316,1.453,97878,9602,88276,247,25,25,6264192,254736,17,17,0
38,1.081,0.244,0.000,1.325,1.458,97878,9602,88276,247,25,25,6264192,254736,17,17,0
39,1.084,0.221,0.000,1.306,1.465,97878,9602,88276,247,25,25,6264192,254736,17,17,0
40,1.104,0.224,0.000,1.328,1.446,97878,9602,88276,247,25,25,6264192,254736,17,17,0
41,1.123,0.198,0.000,1.320,1.469,97878,9602,88276,247,25,25,6264192,254736,17,17,0
42,1.098,0.210,0.000,1.308,1.463,97878,9602,88276,247,25,25,6264192,254736,17,17,0
43,1.090,0.224,0.000,1.314,1.449,97878,9602,88276,247,25,25,6264192,254736,17,17,0
44,1.114,0.224,0.000,1.338,1.457,97878,9602,88276,247,25,25,6264192,254736,17,17,0
45,1.106,0.209,0.000,1.315,1.483,97878,9602,88276,247,25,25,6264192,254736,17,17,0
46,1.125,0.194,0.000,1.319,1.455,97878,9602,88276,247,25,25,6264192,254736,17,17,0
47,1.127,0.227,0.000,1.353,1.459,97878,9602,88276,247,25,25,6264192,254736,17,17,0
48,1.071,0.223,0.000,1.294,1.503,97878,9602,88276,247,25,25,6264192,254736,17,17,0
49,1.097,0.222,0.000,1.318,1.407,97878,9602,88276,247,25,25,6264192,254736,17,17,0
50,1.105,0.239,0.000,1.344,1.431,97878,9602,88276,247,25,25,6264192,254736,17,17,0
51,1.095,0.217,0.000,1.311,1.457,97878,9602,88276,247,25,25,6264192,254736,17,17,0
52,1.122,0.208,0.000,1.330,1.426,97878,9602,88276,247,25,25,6264192,254736,17,17,0
53,1.133,0.212,0.000,1.345,1.444,97878,9602,88276,247,25,25,6264192,254736,17,17,0
54,1.090,0.222,0.000,1.312,1.458,97878,9602,88276,247,25,25,6264192,254736,17,17,0
55,1.103,0.228,0.000,1.331,1.424,97878,9602,88276,247,25,25,6264192,254736,17,17,0
56,1.089,0.227,0.000,1.315,1.446,97878,9602,88276,247,25,25,6264192,254736,17,17,0
57,1.109,0.232,0.000,1.341,1.428,97878,9602,88276,247,25,25,6264192,254736,17,17,0
58,1.101,0.203,0.000,1.304,1.452,97878,9602,88276,247,25,25,6264192,254736,17,17,0
59,1.121,0.226,0.000,1.347,1.420,97878,9602,88276,247,25,25,6264192,254736,17,17,0
60,1.086,0.226,0.000,1.312,1.459,97878,9602,88276,247,25,25,6264192,254736,17,17,0
61,1.100,0.225,0.000,1.325,1.426,97878,9602,88276,247,25,25,6264192,254736,17,17,0
62,1.097,0.218,0.000,1.315,1.430,97878,9602,88276,247,25,25,6264192,254736,17,17,0
63,1.117,0.230,0.000,1.347,1.426,97878,9602,88276,247,25,25,6264192,254736,17,17,0
64,1.101,0.211,0.000,1.311,1.461,97878,9602,88276,247,25,25,6264192,254736,17,17,0
65,1.108,0.231,0.000,1.339,1.427,97878,9602,88276,247,25,25,6264192,254736,17,17,0
66,1.066,0.226,0.000,1.292,1.456,97878,9602,88276,247,25,25,6264192,254736,17,17,0
67,1.101,0.230,0.000,1.331,1.402,97878,9602,88276,247,25,25,6264192,254736,17,17,0
68,1.079,0.222,0.000,1.301,1.444,97878,9602,88276,247,25,25,6264192,254736,17,17,0
69,1.096,0.228,0.000,1.325,1.414,97878,9602,88276,247,25,25,6264192,254736,17,17,0
70,1.112,0.234,0.000,1.347,1.437,97878,9602,88276,247,25,25,6264192,254736,17,17,0
71,1.107,0.219,0.000,1.325,1.459,97878,9602,88276,247,25,25,6264192,254736,17,17,0
72,1.089,0.232,0.000,1.321,1.437,97878,9602,88276,247,25,25,6264192,254736,17,17,0
73,1.087,0.236,0.000,1.323,1.434,97878,9602,88276,247,25,25,6264192,254736,17,17,0
74,1.088,0.224,0.000,1.312,1.438,97878,9602,88276,247,25,25,6264192,254736,17,17,0
75,1.111,0.227,0.000,1.338,1.418,97878,9602,88276,247,25,25,6264192,254736,17,17,0
76,1.107,0.205,0.000,1.312,1.449,97878,9602,88276,247,25,25,6264192,254736,17,17,0
77,1.121,0.221,0.000,1.342,1.424,97878,9602,88276,247,25,25,6264192,254736,17,17,0
78,1.083,0.244,0.000,1.327,1.452,97878,9602,88276,247,25,25,6264192,254736,17,17,0
79,1.089,0.232,0.000,1.321,1.437,97878,9602,88276,247,25,25,6264192,254736,17,17,0
80,1.082,0.225,0.000,1.308,1.432,97878,9602,88276,247,25,25,6264192,254736,17,17,0
81,1.118,0.227,0.000,1.346,1.421,97878,9602,88276,247,25,25,6264192,254736,17,17,0
82,1.130,0.198,0.000,1.328,1.457,97878,9602,88276,247,25,25,6264192,254736,17,17,0
83,1.133,0.222,0.000,1.355,1.439,97878,9602,88276,247,25,25,6264192,254736,17,17,0
84,1.087,0.193,0.000,1.280,1.467,97878,9602,88276,247,25,25,6264192,254736,17,17,0
85,1.090,0.209,0.000,1.299,1.388,97878,9602,88276,247,25,25,6264192,254736,17,17,0
86,1.065,0.215,0.000,1.280,1.410,97878,9602,88276,247,25,25,6264192,254736,17,17,0
87,1.126,0.223,0.000,1.350,1.393,97878,9602,88276,247,25,25,6264192,254736,17,17,0
88,1.088,0.202,0.000,1.290,1.462,97878,9602,88276,247,25,25,6264192,254736,17,17,0
89,1.094,0.217,0.000,1.311,1.403,97878,9602,88276,247,25,25,6264192,254736,17,17,0
90,1.105,0.217,0.000,1.322,1.420,97878,9602,88276,247,25,25,6264192,254736,17,17,0
91,1.086,0.228,0.000,1.314,1.435,97878,9602,88276,247,25,25,6264192,254736,17,17,0
92,1.079,0.199,0.000,1.278,1.422,97878,9602,88276,247,25,25,6264192,254736,17,17,0
93,1.103,0.241,0.000,1.344,1.385,97878,9602,88276,247,25,25,6264192,254736,17,17,0
94,1.130,0.221,0.000,1.351,1.455,97878,9602,88276,247,25,25,6264192,254736,17,17,0
95,1.094,0.234,0.000,1.328,1.470,97878,9602,88276,247,25,25,6264192,254736,17,17,0
96,1.079,0.246,0.000,1.325,1.441,97878,9602,88276,247,25,25,6264192,254736,17,17,0
97,1.136,0.223,0.000,1.359,1.441,97878,9602,88276,247,25,25,6264192,254736,17,17,0
98,1.114,0.247,0.000,1.361,1.485,97878,9602,88276,247,25,25,6264192,254736,17,17,0
99,1.129,0.206,0.000,1.335,1.473,97878,9602,88276,247,25,25,6264192,254736,17,17,0
100,1.116,0.204,0.000,1.320,1.449,97878,9602,88276,247,25,25,6264192,254736,17,17,0
101,1.095,0.218,0.000,1.314,1.434,97878,9602,88276,247,25,25,6264192,254736,17,17,0
102,1.095,0.228,0.000,1.322,1.425,97878,9602,88276,247,25,25,6264192,254736,17,17,0
103,1.096,0.210,0.000,1.307,1.437,97878,9602,88276,247,25,25,6264192,254736,17,17,0
104,1.094,0.230,0.000,1.324,1.420,97878,9602,88276,247,25,25,6264192,254736,17,17,0
105,1.125,0.225,0.000,1.350,1.429,97878,9602,88276,247,25,25,6264192,254736,17,17,0
106,1.106,0.192,0.000,1.297,1.468,97878,9602,88276,247,25,25,6264192,254736,17,17,0
107,1.102,0.230,0.000,1.332,1.408,97878,9602,88276,247,25,25,6264192,254736,17,17,0
108,1.094,0.224,0.000,1.318,1.438,97878,9602,88276,247,25,25,6264192,254736,17,17,0
109,1.092,0.235,0.000,1.327,1.431,97878,9602,88276,247,25,25,6264192,254736,17,17,0
110,1.095,0.223,0.000,1.317,1.440,97878,9602,88276,247,25,25,6264192,254736,17,17,0
111,1.107,0.223,0.000,1.330,1.430,97878,9602,88276,247,25,25,6264192,254736,17,17,0
112,1.094,0.228,0.000,1.322,1.442,97878,9602,88276,247,25,25,6264192,254736,17,17,0
113,1.090,0.236,0.000,1.326,1.435,97878,9602,88276,247,25,25,6264192,254736,17,17,0
114,1.087,0.227,0.000,1.314,1.439,97878,9602,88276,247,25,25,6264192,254736,17,17,0
115,1.084,0.249,0.000,1.334,1.430,97878,9602,88276,247,25,25,6264192,254736,17,17,0
116,1.082,0.230,0.000,1.312,1.445,97878,9602,88276,247,25,25,6264192,254736,17,17,0
117,1.125,0.226,0.000,1.351,1.427,97878,9602,88276,247,25,25,6264192,254736,17,17,0
118,1.131,0.199,0.000,1.331,1.461,97878,9602,88276,247,25,25,6264192,254736,17,17,0
119,1.128,0.230,0.000,1.358,1.447,97878,9602,88276,247,25,25,6264192,254736,17,17,0
120,1.109,0.215,0.000,1.324,1.472,97878,9602,88276,247,25,25,6264192,254736,17,17,0
121,1.106,0.222,0.000,1.329,1.434,97878,9602,88276,247,25,25,6264192,254736,17,17,0
122,1.113,0.202,0.000,1.316,1.435,97878,9602,88276,247,25,25,6264192,254736,17,17,0
123,1.110,0.205,0.000,1.315,1.424,97878,9602,88276,247,25,25,6264192,254736,17,17,0
124,1.084,0.240,0.000,1.324,1.426,97878,9602,88276,247,25,25,6264192,254736,17,17,0
125,1.097,0.227,0.000,1.324,1.431,97878,9602,88276,247,25,25,6264192,254736,17,17,0
126,1.090,0.231,0.000,1.322,1.438,97878,9602,88276,247,25,25,6264192,254736,17,17,0
127,1.086,0.223,0.000,1.309,1.433,97878,9602,88276,247,25,25,6264192,254736,17,17,0
128,1.098,0.231,0.000,1.329,1.419,97878,9602,88276,247,25,25,6264192,254736,17,17,0
129,1.104,0.212,0.000,1.316,1.439,97878,9602,88276,247,25,25,6264192,254736,17,17,0
130,1.067,0.197,0.000,1.263,1.431,97878,9602,88276,247,25,25,6264192,254736,17,17,0
131,1.087,0.210,0.000,1.297,1.375,97878,9602,88276,247,25,25,6264192,254736,17,17,0
132,1.073,0.217,0.000,1.290,1.408,97878,9602,88276,247,25,25,6264192,254736,17,17,0
133,1.090,0.223,0.000,1.313,1.402,97878,9602,88276,247,25,25,6264192,254736,17,17,0
134,1.105,0.204,0.000,1.310,1.426,97878,9602,88276,247,25,25,6264192,254736,17,17,0
135,1.097,0.220,0.000,1.317,1.426,97878,9602,88276,247,25,25,6264192,254736,17,17,0
136,1.082,0.224,0.000,1.305,1.430,97878,9602,88276,247,25,25,6264192,254736,17,17,0
137,1.089,0.210,0.000,1.299,1.410,97878,9602,88276,247,25,25,6264192,254736,17,17,0
138,1.100,0.228,0.000,1.328,1.406,97878,9602,88276,247,25,25,6264192,254736,17,17,0
139,1.082,0.232,0.000,1.314,1.441,97878,9602,88276,247,25,25,6264192,254736,17,17,0
140,1.112,0.223,0.000,1.335,1.425,97878,9602,88276,247,25,25,6264192,254736,17,17,0
141,1.120,0.234,0.000,1.354,1.448,97878,9602,88276,247,25,25,6264192,254736,17,17,0
142,1.076,0.228,0.000,1.304,1.465,97878,9602,88276,247,25,25,6264192,254736,17,17,0
143,1.105,0.235,0.000,1.340,1.414,97878,9602,88276,247,25,25,6264192,254736,17,17,0
144,1.076,0.217,0.000,1.293,1.453,97878,9602,88276,247,25,25,6264192,254736,17,17,0
145,1.101,0.215,0.000,1.316,1.397,97878,9602,88276,247,25,25,6264192,254736,17,17,0
146,1.102,0.216,0.000,1.318,1.428,97878,9602,88276,247,25,25,6264192,254736,17,17,0
147,1.085,0.211,0.000,1.296,1.436,97878,9602,88276,247,25,25,6264192,254736,17,17,0
148,1.136,0.275,0.000,1.412,1.410,97878,9602,88276,247,25,25,6264192,254736,17,17,0
149,1.137,0.229,0.000,1.367,1.523,97878,9602,88276,247,25,25,6264192,254736,17,17,0
150,1.110,0.235,0.000,1.345,1.480,97878,9602,88276,247,25,25,6264192,254736,17,17,0
151,1.143,0.210,0.000,1.353,1.458,97878,9602,88276,247,25,25,6264192,254736,17,17,0
152,1.110,0.234,0.000,1.344,1.470,97878,9602,88276,247,25,25,6264192,254736,17,17,0
153,1.100,0.241,0.000,1.341,1.455,97878,9602,88276,247,25,25,6264192,254736,17,17,0
154,1.095,0.233,0.000,1.328,1.454,97878,9602,88276,247,25,25,6264192,254736,17,17,0
155,1.092,0.213,0.000,1.304,1.440,97878,9602,88276,247,25,25,6264192,254736,17,17,0
156,1.089,0.220,0.000,1.309,1.415,97878,9602,88276,247,25,25,6264192,254736,17,17,0
157,1.128,0.204,0.000,1.333,1.419,97878,9602,88276,247,25,25,6264192,254736,17,17,0
158,1.116,0.223,0.000,1.339,1.444,97878,9602,88276,247,25,25,6264192,254736,17,17,0
159,1.080,0.215,0.000,1.296,1.448,97878,9602,88276,247,25,25,6264192,254736,17,17,0
160,1.071,0.197,0.000,1.269,1.409,97878,9602,88276,247,25,25,6264192,254736,17,17,0
161,1.079,0.216,0.000,1.295,1.379,97878,9602,88276,247,25,25,6264192,254736,17,17,0
162,1.108,0.216,0.000,1.325,1.404,97878,9602,88276,247,25,25,6264192,254736,17,17,0
163,1.098,0.215,0.000,1.313,1.436,97878,9602,88276,247,25,25,6264192,254736,17,17,0
164,1.104,0.230,0.000,1.334,1.426,97878,9602,88276,247,25,25,6264192,254736,17,17,0
165,1.078,0.217,0.000,1.296,1.446,97878,9602,88276,247,25,25,6264192,254736,17,17,0
166,1.103,0.225,0.000,1.328,1.390,97878,9602,88276,247,25,25,6264192,254736,17,17,0
167,1.101,0.223,0.000,1.324,1.439,97878,9602,88276,247,25,25,6264192,254736,17,17,0
168,1.108,0.236,0.000,1.344,1.439,97878,9602,88276,247,25,25,6264192,254736,17,17,0
169,1.121,0.205,0.000,1.326,1.456,97878,9602,88276,247,25,25,6264192,254736,17,17,0
170,1.102,0.205,0.000,1.307,1.438,97878,9602,88276,247,25,25,6264192,254736,17,17,0
171,1.086,0.217,0.000,1.303,1.418,97878,9602,88276,247,25,25,6264192,254736,17,17,0
172,1.108,0.239,0.000,1.347,1.413,97878,9602,88276,247,25,25,6264192,254736,17,17,0
173,1.088,0.234,0.000,1.322,1.459,97878,9602,88276,247,25,25,6264192,254736,17,17,0
174,1.093,0.217,0.000,1.310,1.435,97878,9602,88276,247,25,25,6264192,254736,17,17,0
175,1.102,0.222,0.000,1.324,1.425,97878,9602,88276,247,25,25,6264192,254736,17,17,0
176,1.107,0.220,0.000,1.327,1.436,97878,9602,88276,247,25,25,6264192,254736,17,17,0
177,1.096,0.222,0.000,1.319,1.439,97878,9602,88276,247,25,25,6264192,254736,17,17,0
178,1.097,0.218,0.000,1.316,1.429,97878,9602,88276,247,25,25,6264192,254736,17,17,0
179,1.097,0.247,0.000,1.345,1.429,97878,9602,88276,247,25,25,6264192,254736,17,17,0
180,1.077,0.240,0.000,1.316,1.455,97878,9602,88276,247,25,25,6264192,254736,17,17,0
181,1.117,0.209,0.000,1.327,1.430,97878,9602,88276,247,25,25,6264192,254736,17,17,0
182,1.101,0.201,0.000,1.302,1.441,97878,9602,88276,247,25,25,6264192,254736,17,17,0
183,1.106,0.245,0.000,1.352,1.416,97878,9602,88276,247,25,25,6264192,254736,17,17,0
184,1.099,0.230,0.000,1.329,1.466,97878,9602,88276,247,25,25,6264192,254736,17,17,0
185,1.090,0.223,0.000,1.313,1.443,97878,9602,88276,247,25,25,6264192,254736,17,17,0
186,1.078,0.233,0.000,1.310,1.426,97878,9602,88276,247,25,25,6264192,254736,17,17,0
187,1.109,0.233,0.000,1.342,1.422,97878,9602,88276,247,25,25,6264192,254736,17,17,0
188,1.093,0.223,0.000,1.316,1.453,97878,9602,88276,247,25,25,6264192,254736,17,17,0
189,1.098,0.242,0.000,1.340,1.428,97878,9602,88276,247,25,25,6264192,254736,17,17,0
190,1.129,0.221,0.000,1.350,1.451,97878,9602,88276,247,25,25,6264192,254736,17,17,0
191,1.092,0.214,0.000,1.307,1.464,97878,9602,88276,247,25,25,6264192,254736,17,17,0
192,1.108,0.227,0.000,1.335,1.419,97878,9602,88276,247,25,25,6264192,254736,17,17,0
193,1.097,0.219,0.000,1.316,1.447,97878,9602,88276,247,25,25,6264192,254736,17,17,0
194,1.105,0.222,0.000,1.328,1.429,97878,9602,88276,247,25,25,6264192,254736,17,17,0
195,1.078,0.223,0.000,1.301,1.445,97878,9602,88276,247,25,25,6264192,254736,17,17,0
196,1.086,0.201,0.000,1.287,1.414,97878,9602,88276,247,25,25,6264192,254736,17,17,0
197,1.075,0.220,0.000,1.295,1.398,97878,9602,88276,247,25,25,6264192,254736,17,17,0
198,1.111,0.223,0.000,1.335,1.400,97878,9602,88276,247,25,25,6264192,254736,17,17,0
199,1.112,0.216,0.000,1.328,1.449,97878,9602,88276,247,25,25,6264192,254736,17,17,0
200,1.074,0.210,0.000,1.284,1.439,97878,9602,88276,247,25,25,6264192,254736,17,17,0
201,1.094,0.233,0.000,1.327,1.392,97878,9602,88276,247,25,25,6264192,254736,17,17,0
202,1.094,0.233,0.000,1.327,1.437,97878,9602,88276,247,25,25,6264192,254736,17,17,0
203,1.086,0.228,0.000,1.313,1.437,97878,9602,88276,247,25,25,6264192,254736,17,17,0
204,1.093,0.233,0.000,1.326,1.423,97878,9602,88276,247,25,25,6264192,254736,17,17,0
205,1.121,0.204,0.000,1.325,1.436,97878,9602,88276,247,25,25,6264192,254736,17,17,0
206,1.097,0.214,0.000,1.312,1.439,97878,9602,88276,247,25,25,6264192,254736,17,17,0
207,1.067,0.215,0.000,1.283,1.422,97878,9602,88276,247,25,25,6264192,254736,17,17,0
208,1.074,0.228,0.000,1.302,1.395,97878,9602,88276,247,25,25,6264192,254736,17,17,0
209,1.088,0.213,0.000,1.301,1.408,97878,9602,88276,247,25,25,6264192,254736,17,17,0
210,1.106,0.208,0.000,1.314,1.415,97878,9602,88276,247,25,25,6264192,254736,17,17,0
211,1.117,0.227,0.000,1.344,1.423,97878,9602,88276,247,25,25,6264192,254736,17,17,0
212,1.085,0.229,0.000,1.314,1.454,97878,9602,88276,247,25,25,6264192,254736,17,17,0
213,1.091,0.246,0.000,1.337,1.427,97878,9602,88276,247,25,25,6264192,254736,17,17,0
214,1.075,0.211,0.000,1.287,1.449,97878,9602,88276,247,25,25,6264192,254736,17,17,0
215,1.083,0.230,0.000,1.313,1.399,97878,9602,88276,247,25,25,6264192,254736,17,17,0
216,1.094,0.223,0.000,1.318,1.422,97878,9602,88276,247,25,25,6264192,254736,17,17,0
217,1.130,0.220,0.000,1.351,1.428,97878,9602,88276,247,25,25,6264192,254736,17,17,0
218,1.094,0.227,0.000,1.321,1.463,97878,9602,88276,247,25,25,6264192,254736,17,17,0
219,1.072,0.215,0.000,1.287,1.431,97878,9602,88276,247,25,25,6264192,254736,17,17,0
220,1.084,0.222,0.000,1.306,1.396,97878,9602,88276,247,25,25,6264192,254736,17,17,0
221,1.086,0.218,0.000,1.304,1.418,97878,9602,88276,247,25,25,6264192,254736,17,17,0
222,1.146,0.209,0.000,1.356,1.418,97878,9602,88276,247,25,25,6264192,254736,17,17,0
223,1.073,0.226,0.000,1.299,1.466,97878,9602,88276,247,25,25,6264192,254736,17,17,0
224,1.105,0.228,0.000,1.334,1.409,97878,9602,88276,247,25,25,6264192,254736,17,17,0
225,1.129,0.222,0.000,1.351,1.445,97878,9602,88276,247,25,25,6264192,254736,17,17,0
226,1.096,0.227,0.000,1.323,1.462,97878,9602,88276,247,25,25,6264192,254736,17,17,0
227,1.090,0.225,0.000,1.314,1.438,97878,9602,88276,247,25,25,6264192,254736,17,17,0
228,1.111,0.228,0.000,1.339,1.425,97878,9602,88276,247,25,25,6264192,254736,17,17,0
229,1.094,0.194,0.000,1.289,1.443,97878,9602,88276,247,25,25,6264192,254736,17,17,0
230,1.077,0.229,0.000,1.305,1.397,97878,9602,88276,247,25,25,6264192,254736,17,17,0
231,1.073,0.223,0.000,1.296,1.418,97878,9602,88276,247,25,25,6264192,254736,17,17,0
232,1.130,0.230,0.000,1.360,1.403,97878,9602,88276,247,25,25,6264192,254736,17,17,0
233,1.098,0.211,0.000,1.310,1.474,97878,9602,88276,247,25,25,6264192,254736,17,17,0
234,1.097,0.222,0.000,1.319,1.420,97878,9602,88276,247,25,25,6264192,254736,17,17,0
235,1.090,0.225,0.000,1.315,1.432,97878,9602,88276,247,25,25,6264192,254736,17,17,0
236,1.085,0.241,0.000,1.326,1.425,97878,9602,88276,247,25,25,6264192,254736,17,17,0
237,1.133,0.221,0.000,1.355,1.435,97878,9602,88276,247,25,25,6264192,254736,17,17,0
238,1.100,0.223,0.000,1.323,1.466,97878,9602,88276,247,25,25,6264192,254736,17,17,0
239,1.098,0.226,0.000,1.324,1.434,97878,9602,88276,247,25,25,6264192,254736,17,17,0
240,1.100,0.213,0.000,1.314,1.433,97878,9602,88276,247,25,25,6264192,254736,17,17,0
241,1.101,0.249,0.000,1.350,1.422,97878,9602,88276,247,25,25,6264192,254736,17,17,0
242,1.095,0.233,0.000,1.329,1.457,97878,9602,88276,247,25,25,6264192,254736,17,17,0
243,1.093,0.222,0.000,1.315,1.441,97878,9602,88276,247,25,25,6264192,254736,17,17,0
244,1.084,0.222,0.000,1.307,1.434,97878,9602,88276,247,25,25,6264192,254736,17,17,0
245,1.145,0.198,0.000,1.343,1.417,97878,9602,88276,247,25,25,6264192,254736,17,17,0
246,1.129,0.213,0.000,1.342,1.452,97878,9602,88276,247,25,25,6264192,254736,17,17,0
247,1.084,0.232,0.000,1.316,1.453,97878,9602,88276,247,25,25,6264192,254736,17,17,0
248,1.091,0.226,0.000,1.317,1.428,97878,9602,88276,247,25,25,6264192,254736,17,17,0
249,1.085,0.218,0.000,1.304,1.430,97878,9602,88276,247,25,25,6264192,254736,17,17,0
250,1.118,0.247,0.000,1.365,1.411,97878,9602,88276,247,25,25,6264192,254736,17,17,0
251,1.114,0.226,0.000,1.340,1.473,97878,9602,88276,247,25,25,6264192,254736,17,17,0
252,1.076,0.241,0.000,1.317,1.451,97878,9602,88276,247,25,25,6264192,254736,17,17,0
253,1.098,0.219,0.000,1.317,1.428,97878,9602,88276,247,25,25,6264192,254736,17,17,0
254,1.088,0.218,0.000,1.306,1.422,97878,9602,88276,247,25,25,6264192,254736,17,17,0
255,1.090,0.235,0.000,1.325,1.414,97878,9602,88276,247,25,25,6264192,254736,17,17,0
256,1.104,0.245,0.000,1.349,1.438,97878,9602,88276,247,25,25,6264192,254736,17,17,0
257,1.095,0.216,0.000,1.312,1.459,97878,9602,88276,247,25,25,6264192,254736,17,17,0
258,1.095,0.224,0.000,1.319,1.427,97878,9602,88276,247,25,25,6264192,254736,17,17,0
259,1.087,0.281,0.000,1.368,1.430,97878,9602,88276,247,25,25,6264192,254736,17,17,0
260,1.160,0.250,0.000,1.410,1.496,97878,9602,88276,247,25,25,6264192,254736,17,17,0
261,1.120,0.230,0.000,1.351,1.522,97878,9602,88276,247,25,25,6264192,254736,17,17,0
262,1.129,0.228,0.000,1.357,1.461,97878,9602,88276,247,25,25,6264192,254736,17,17,0
263,1.140,0.233,0.000,1.374,1.465,97878,9602,88276,247,25,25,6264192,254736,17,17,0
264,1.079,0.223,0.000,1.302,1.489,97878,9602,88276,247,25,25,6264192,254736,17,17,0
265,1.108,0.252,0.000,1.360,1.413,97878,9602,88276,247,25,25,6264192,254736,17,17,0
266,1.109,0.224,0.000,1.333,1.471,97878,9602,88276,247,25,25,6264192,254736,17,17,0
267,1.087,0.219,0.000,1.307,1.443,97878,9602,88276,247,25,25,6264192,254736,17,17,0
268,1.114,0.236,0.000,1.349,1.420,97878,9602,88276,247,25,25,6264192,254736,17,17,0
269,1.113,0.226,0.000,1.339,1.463,97878,9602,88276,247,25,25,6264192,254736,17,17,0
270,1.113,0.251,0.000,1.364,1.450,97878,9602,88276,247,25,25,6264192,254736,17,17,0
271,1.124,0.242,0.000,1.366,1.476,97878,9602,88276,247,25,25,6264192,254736,17,17,0
272,1.114,0.228,0.000,1.342,1.479,97878,9602,88276,247,25,25,6264192,254736,17,17,0
273,1.111,0.236,0.000,1.347,1.453,97878,9602,88276,247,25,25,6264192,254736,17,17,0
274,1.129,0.213,0.000,1.343,1.461,97878,9602,88276,247,25,25,6264192,254736,17,17,0
275,1.070,0.207,0.000,1.277,1.451,97878,9602,88276,247,25,25,6264192,254736,17,17,0
276,1.092,0.226,0.000,1.319,1.385,97878,9602,88276,247,25,25,6264192,254736,17,17,0
277,1.088,0.232,0.000,1.320,1.430,97878,9602,88276,247,25,25,6264192,254736,17,17,0
278,1.090,0.224,0.000,1.314,1.432,97878,9602,88276,247,25,25,6264192,254736,17,17,0
279,1.129,0.227,0.000,1.356,1.425,97878,9602,88276,247,25,25,6264192,254736,17,17,0
280,1.117,0.222,0.000,1.340,1.467,97878,9602,88276,247,25,25,6264192,254736,17,17,0
281,1.076,0.224,0.000,1.300,1.448,97878,9602,88276,247,25,25,6264192,254736,17,17,0
282,1.086,0.229,0.000,1.316,1.414,97878,9602,88276,247,25,25,6264192,254736,17,17,0
283,1.065,0.219,0.000,1.284,1.427,97878,9602,88276,247,25,25,6264192,254736,17,17,0
284,1.033,0.209,0.000,1.242,1.388,97878,9602,88276,247,25,25,6264192,254736,17,17,0
285,1.046,0.206,0.000,1.252,1.351,97878,9602,88276,247,25,25,6264192,254736,17,17,0
286,1.083,0.207,0.000,1.290,1.359,97878,9602,88276,247,25,25,6264192,254736,17,17,0
287,1.081,0.216,0.000,1.297,1.400,97878,9602,88276,247,25,25,6264192,254736,17,17,0
288,1.076,0.209,0.000,1.285,1.400,97878,9602,88276,247,25,25,6264192,254736,17,17,0
289,1.052,0.213,0.000,1.265,1.390,97878,9602,88276,247,25,25,6264192,254736,17,17,0
290,1.069,0.212,0.000,1.281,1.380,97878,9602,88276,247,25,25,6264192,254736,17,17,0
291,1.152,0.239,0.000,1.391,1.388,97878,9602,88276,247,25,25,6264192,254736,17,17,0
292,1.108,0.208,0.000,1.317,1.500,97878,9602,88276,247,25,25,6264192,254736,17,17,0
293,1.018,0.224,0.000,1.242,1.443,97878,9602,88276,247,25,25,6264192,254736,17,17,0
294,1.105,0.216,0.000,1.321,1.337,97878,9602,88276,247,25,25,6264192,254736,17,17,0
295,1.078,0.231,0.000,1.309,1.432,97878,9602,88276,247,25,25,6264192,254736,17,17,0
296,1.123,0.223,0.000,1.346,1.419,97878,9602,88276,247,25,25,6264192,254736,17,17,0
297,1.103,0.205,0.000,1.308,1.459,97878,9602,88276,247,25,25,6264192,254736,17,17,0
298,1.106,0.223,0.000,1.329,1.418,97878,9602,88276,247,25,25,6264192,254736,17,17,0
299,1.033,0.210,0.000,1.243,1.435,97878,9602,88276,247,25,25,6264192,254736,17,17,0
300,1.015,0.220,0.000,1.235,1.351,97878,9602,88276,247,25,25,6264192,254736,17,17,0
301,1.187,0.282,0.000,1.470,1.350,97878,9602,88276,247,25,25,6264192,254736,17,17,0
302,1.173,0.360,0.000,1.533,1.591,97878,9602,88276,247,25,25,6264192,254736,17,17,0
303,1.153,0.271,0.000,1.425,1.656,97878,9602,88276,247,25,25,6264192,254736,17,17,0
304,1.153,0.251,0.000,1.404,1.535,97878,9602,88276,247,25,25,6264192,254736,17,17,0
305,1.096,0.246,0.000,1.341,1.515,97878,9602,88276,247,25,25,6264192,254736,17,17,0
306,1.104,0.243,0.000,1.347,1.452,97878,9602,88276,247,25,25,6264192,254736,17,17,0
307,1.133,0.219,0.000,1.352,1.455,97878,9602,88276,247,25,25,6264192,254736,17,17,0
308,1.143,0.222,0.000,1.364,1.464,97878,9602,88276,247,25,25,6264192,254736,17,17,0
309,1.126,0.220,0.000,1.346,1.478,97878,9602,88276,247,25,25,6264192,254736,17,17,0
310,1.108,0.231,0.000,1.339,1.448,97878,9602,88276,247,25,25,6264192,254736,17,17,0
311,1.105,0.224,0.000,1.329,1.449,97878,9602,88276,247,25,25,6264192,254736,17,17,0
312,1.087,0.220,0.000,1.307,1.441,97878,9602,88276,247,25,25,6264192,254736,17,17,0
313,1.040,0.202,0.000,1.242,1.420,97878,9602,88276,247,25,25,6264192,254736,17,17,0
314,1.041,0.203,0.000,1.245,1.352,97878,9602,88276,247,25,25,6264192,254736,17,17,0
315,1.062,0.187,0.000,1.249,1.349,97878,9602,88276,247,25,25,6264192,254736,17,17,0
316,1.041,0.226,0.000,1.267,1.360,97878,9602,88276,247,25,25,6264192,254736,17,17,0
317,1.018,0.223,0.000,1.241,1.373,97878,9602,88276,247,25,25,6264192,254736,17,17,0
318,1.016,0.248,0.000,1.264,1.349,97878,9602,88276,247,25,25,6264192,254736,17,17,0
319,1.051,0.237,0.000,1.288,1.387,97878,9602,88276,247,25,25,6264192,254736,17,17,0
320,1.037,0.203,0.000,1.240,1.398,97878,9602,88276,247,25,25,6264192,254736,17,17,0
321,1.038,0.246,0.000,1.284,1.352,97878,9602,88276,247,25,25,6264192,254736,17,17,0
322,1.075,0.259,0.000,1.335,1.402,97878,9602,88276,247,25,25,6264192,254736,17,17,0
323,1.076,0.215,0.000,1.291,1.442,97878,9602,88276,247,25,25,6264192,254736,17,17,0
324,1.039,0.213,0.000,1.252,1.406,97878,9602,88276,247,25,25,6264192,254736,17,17,0
325,1.052,0.204,0.000,1.256,1.364,97878,9602,88276,247,25,25,6264192,254736,17,17,0
326,1.053,0.208,0.000,1.261,1.362,97878,9602,88276,247,25,25,6264192,254736,17,17,0
327,1.034,0.210,0.000,1.244,1.372,97878,9602,88276,247,25,25,6264192,254736,17,17,0
328,1.020,0.248,0.000,1.268,1.359,97878,9602,88276,247,25,25,6264192,254736,17,17,0
329,1.047,0.244,0.000,1.291,1.384,97878,9602,88276,247,25,25,6264192,254736,17,17,0
330,1.042,0.237,0.000,1.279,1.404,97878,9602,88276,247,25,25,6264192,254736,17,17,0
331,1.037,0.246,0.000,1.283,1.392,97878,9602,88276,247,25,25,6264192,254736,17,17,0
332,1.050,0.213,0.000,1.264,1.399,97878,9602,88276,247,25,25,6264192,254736,17,17,0
333,1.049,0.230,0.000,1.279,1.374,97878,9602,88276,247,25,25,6264192,254736,17,17,0
334,1.028,0.206,0.000,1.234,1.385,97878,9602,88276,247,25,25,6264192,254736,17,17,0
335,1.050,0.233,0.000,1.283,1.346,97878,9602,88276,247,25,25,6264192,254736,17,17,0
336,1.117,0.249,0.000,1.365,1.391,97878,9602,88276,247,25,25,6264192,254736,17,17,0
337,1.132,0.233,0.000,1.365,1.477,97878,9602,88276,247,25,25,6264192,254736,17,17,0
338,1.116,0.232,0.000,1.348,1.476,97878,9602,88276,247,25,25,6264192,254736,17,17,0
339,1.104,0.238,0.000,1.342,1.457,97878,9602,88276,247,25,25,6264192,254736,17,17,0
340,1.101,0.236,0.000,1.337,1.448,97878,9602,88276,247,25,25,6264192,254736,17,17,0
341,1.100,0.229,0.000,1.328,1.446,97878,9602,88276,247,25,25,6264192,254736,17,17,0
342,1.126,0.216,0.000,1.341,1.452,97878,9602,88276,247,25,25,6264192,254736,17,17,0
343,1.121,0.226,0.000,1.347,1.453,97878,9602,88276,247,25,25,6264192,254736,17,17,0
344,1.101,0.225,0.000,1.326,1.459,97878,9602,88276,247,25,25,6264192,254736,17,17,0
345,1.116,0.225,0.000,1.341,1.437,97878,9602,88276,247,25,25,6264192,254736,17,17,0
346,1.106,0.241,0.000,1.347,1.452,97878,9602,88276,247,25,25,6264192,254736,17,17,0
347,1.080,0.226,0.000,1.307,1.450,97878,9602,88276,247,25,25,6264192,254736,17,17,0
348,1.141,0.194,0.000,1.335,1.412,97878,9602,88276,247,25,25,6264192,254736,17,17,0
349,1.135,0.215,0.000,1.350,1.443,97878,9602,88276,247,25,25,6264192,254736,17,17,0
350,1.110,0.212,0.000,1.322,1.459,97878,9602,88276,247,25,25,6264192,254736,17,17,0
351,1.139,0.211,0.000,1.350,1.434,97878,9602,88276,247,25,25,6264192,254736,17,17,0
352,1.120,0.220,0.000,1.340,1.462,97878,9602,88276,247,25,25,6264192,254736,17,17,0
353,1.117,0.235,0.000,1.352,1.453,97878,9602,88276,247,25,25,6264192,254736,17,17,0
354,1.110,0.232,0.000,1.342,1.462,97878,9602,88276,247,25,25,6264192,254736,17,17,0
355,1.122,0.192,0.000,1.314,1.454,97878,9602,88276,247,25,25,6264192,254736,17,17,0
356,1.140,0.226,0.000,1.365,1.423,97878,9602,88276,247,25,25,6264192,254736,17,17,0
357,1.091,0.231,0.000,1.322,1.472,97878,9602,88276,247,25,25,6264192,254736,17,17,0
358,1.126,0.220,0.000,1.347,1.435,97878,9602,88276,247,25,25,6264192,254736,17,17,0
359,1.128,0.227,0.000,1.355,1.458,97878,9602,88276,247,25,25,6264192,254736,17,17,0
360,1.111,0.209,0.000,1.320,1.465,97878,9602,88276,247,25,25,6264192,254736,17,17,0
361,1.099,0.228,0.000,1.327,1.430,97878,9602,88276,247,25,25,6264192,254736,17,17,0
362,1.124,0.232,0.000,1.356,1.441,97878,9602,88276,247,25,25,6264192,254736,17,17,0
363,1.089,0.228,0.000,1.317,1.467,97878,9602,88276,247,25,25,6264192,254736,17,17,0
364,1.091,0.221,0.000,1.313,1.422,97878,9602,88276,247,25,25,6264192,254736,17,17,0
365,1.097,0.222,0.000,1.318,1.428,97878,9602,88276,247,25,25,6264192,254736,17,17,0
366,1.119,0.223,0.000,1.342,1.430,97878,9602,88276,247,25,25,6264192,254736,17,17,0
367,1.112,0.212,0.000,1.324,1.452,97878,9602,88276,247,25,25,6264192,254736,17,17,0
368,1.133,0.208,0.000,1.341,1.434,97878,9602,88276,247,25,25,6264192,254736,17,17,0
369,1.085,0.255,0.000,1.340,1.455,97878,9602,88276,247,25,25,6264192,254736,17,17,0
370,1.096,0.227,0.000,1.323,1.449,97878,9602,88276,247,25,25,6264192,254736,17,17,0
371,1.116,0.221,0.000,1.337,1.431,97878,9602,88276,247,25,25,6264192,254736,17,17,0
372,1.100,0.231,0.000,1.332,1.448,97878,9602,88276,247,25,25,6264192,254736,17,17,0
373,1.125,0.221,0.000,1.346,1.445,97878,9602,88276,247,25,25,6264192,254736,17,17,0
374,1.088,0.210,0.000,1.298,1.455,97878,9602,88276,247,25,25,6264192,254736,17,17,0
375,1.094,0.222,0.000,1.316,1.408,97878,9602,88276,247,25,25,6264192,254736,17,17,0
376,1.115,0.232,0.000,1.348,1.431,97878,9602,88276,247,25,25,6264192,254736,17,17,0
377,1.094,0.211,0.000,1.305,1.458,97878,9602,88276,247,25,25,6264192,254736,17,17,0
378,1.136,0.207,0.000,1.343,1.413,97878,9602,88276,247,25,25,6264192,254736,17,17,0
379,1.113,0.216,0.000,1.329,1.458,97878,9602,88276,247,25,25,6264192,254736,17,17,0
380,1.113,0.219,0.000,1.332,1.427,97878,9602,88276,247,25,25,6264192,254736,17,17,0
381,1.143,0.245,0.000,1.388,1.441,97878,9602,88276,247,25,25,6264192,254736,17,17,0
382,1.108,0.250,0.000,1.358,1.493,97878,9602,88276,247,25,25,6264192,254736,17,17,0
383,1.124,0.214,0.000,1.338,1.470,97878,9602,88276,247,25,25,6264192,254736,17,17,0
384,1.125,0.226,0.000,1.351,1.450,97878,9602,88276,247,25,25,6264192,254736,17,17,0
385,1.134,0.222,0.000,1.356,1.461,97878,9602,88276,247,25,25,6264192,254736,17,17,0
386,1.151,0.248,0.000,1.399,1.469,97878,9602,88276,247,25,25,6264192,254736,17,17,0
387,1.121,0.246,0.000,1.368,1.513,97878,9602,88276,247,25,25,6264192,254736,17,17,0
388,1.125,0.252,0.000,1.377,1.480,97878,9602,88276,247,25,25,6264192,254736,17,17,0
389,1.170,0.218,0.000,1.388,1.487,97878,9602,88276,247,25,25,6264192,254736,17,17,0
390,1.122,0.246,0.000,1.368,1.513,97878,9602,88276,247,25,25,6264192,254736,17,17,0
391,1.097,0.210,0.000,1.307,1.480,97878,9602,88276,247,25,25,6264192,254736,17,17,0
392,1.073,0.235,0.000,1.309,1.412,97878,9602,88276,247,25,25,6264192,254736,17,17,0
393,1.093,0.218,0.000,1.311,1.415,97878,9602,88276,247,25,25,6264192,254736,17,17,0
394,1.120,0.222,0.000,1.342,1.424,97878,9602,88276,247,25,25,6264192,254736,17,17,0
395,1.138,0.198,0.000,1.336,1.453,97878,9602,88276,247,25,25,6264192,254736,17,17,0
396,1.126,0.217,0.000,1.344,1.448,97878,9602,88276,247,25,25,6264192,254736,17,17,0
397,1.089,0.217,0.000,1.307,1.457,97878,9602,88276,247,25,25,6264192,254736,17,17,0
398,1.113,0.231,0.000,1.344,1.417,97878,9602,88276,247,25,25,6264192,254736,17,17,0
399,1.115,0.237,0.000,1.352,1.454,97878,9602,88276,247,25,25,6264192,254736,17,17,0
400,1.084,0.220,0.000,1.304,1.465,97878,9602,88276,247,25,25,6264192,254736,17,17,0
401,1.173,0.205,0.000,1.379,1.415,97878,9602,88276,247,25,25,6264192,254736,17,17,0
402,1.153,0.207,0.000,1.360,1.489,97878,9602,88276,247,25,25,6264192,254736,17,17,0
403,1.127,0.245,0.000,1.372,1.472,97878,9602,88276,247,25,25,6264192,254736,17,17,0
404,1.173,0.283,0.000,1.456,1.499,97878,9602,88276,247,25,25,6264192,254736,17,17,0
405,1.169,0.231,0.000,1.400,1.577,97878,9602,88276,247,25,25,6264192,254736,17,17,0
406,1.160,0.242,0.000,1.402,1.509,97878,9602,88276,247,25,25,6264192,254736,17,17,0
407,1.128,0.245,0.000,1.373,1.512,97878,9602,88276,247,25,25,6264192,254736,17,17,0
408,1.125,0.230,0.000,1.355,1.480,97878,9602,88276,247,25,25,6264192,254736,17,17,0
409,1.111,0.247,0.000,1.358,1.469,97878,9602,88276,247,25,25,6264192,254736,17,17,0
410,1.109,0.230,0.000,1.340,1.469,97878,9602,88276,247,25,25,6264192,254736,17,17,0
411,1.120,0.223,0.000,1.343,1.451,97878,9602,88276,247,25,25,6264192,254736,17,17,0
412,1.130,0.222,0.000,1.352,1.457,97878,9602,88276,247,25,25,6264192,254736,17,17,0
413,1.129,0.234,0.000,1.363,1.468,97878,9602,88276,247,25,25,6264192,254736,17,17,0
414,1.083,0.222,0.000,1.305,1.474,97878,9602,88276,247,25,25,6264192,254736,17,17,0
415,1.120,0.232,0.000,1.352,1.417,97878,9602,88276,247,25,25,6264192,254736,17,17,0
416,1.128,0.235,0.000,1.362,1.465,97878,9602,88276,247,25,25,6264192,254736,17,17,0
417,1.111,0.252,0.000,1.363,1.473,97878,9602,88276,247,25,25,6264192,254736,17,17,0
418,1.144,0.225,0.000,1.369,1.472,97878,9602,88276,247,25,25,6264192,254736,17,17,0
419,1.135,0.227,0.000,1.363,1.481,97878,9602,88276,247,25,25,6264192,254736,17,17,0
420,1.099,0.225,0.000,1.324,1.471,97878,9602,88276,247,25,25,6264192,254736,17,17,0
421,1.110,0.255,0.000,1.365,1.435,97878,9602,88276,247,25,25,6264192,254736,17,17,0
422,1.100,0.231,0.000,1.331,1.475,97878,9602,88276,247,25,25,6264192,254736,17,17,0
423,1.093,0.218,0.000,1.312,1.444,97878,9602,88276,247,25,25,6264192,254736,17,17,0
424,1.155,0.223,0.000,1.378,1.428,97878,9602,88276,247,25,25,6264192,254736,17,17,0
425,1.125,0.211,0.000,1.336,1.488,97878,9602,88276,247,25,25,6264192,254736,17,17,0
426,1.097,0.240,0.000,1.337,1.449,97878,9602,88276,247,25,25,6264192,254736,17,17,0
427,1.091,0.238,0.000,1.328,1.440,97878,9602,88276,247,25,25,6264192,254736,17,17,0
428,1.107,0.226,0.000,1.333,1.438,97878,9602,88276,247,25,25,6264192,254736,17,17,0
429,1.106,0.226,0.000,1.333,1.442,97878,9602,88276,247,25,25,6264192,254736,17,17,0
430,1.153,0.235,0.000,1.388,1.443,97878,9602,88276,247,25,25,6264192,254736,17,17,0
431,1.128,0.228,0.000,1.355,1.499,97878,9602,88276,247,25,25,6264192,254736,17,17,0
432,1.109,0.230,0.000,1.339,1.470,97878,9602,88276,247,25,25,6264192,254736,17,17,0
433,1.104,0.246,0.000,1.350,1.441,97878,9602,88276,247,25,25,6264192,254736,17,17,0
434,1.099,0.233,0.000,1.332,1.462,97878,9602,88276,247,25,25,6264192,254736,17,17,0
435,1.140,0.192,0.000,1.332,1.444,97878,9602,88276,247,25,25,6264192,254736,17,17,0
436,1.117,0.201,0.000,1.319,1.439,97878,9602,88276,247,25,25,6264192,254736,17,17,0
437,1.117,0.250,0.000,1.367,1.428,97878,9602,88276,247,25,25,6264192,254736,17,17,0
438,1.088,0.232,0.000,1.320,1.479,97878,9602,88276,247,25,25,6264192,254736,17,17,0
439,1.078,0.239,0.000,1.317,1.444,97878,9602,88276,247,25,25,6264192,254736,17,17,0
440,1.132,0.227,0.000,1.359,1.431,97878,9602,88276,247,25,25,6264192,254736,17,17,0
441,1.125,0.218,0.000,1.343,1.476,97878,9602,88276,247,25,25,6264192,254736,17,17,0
442,1.136,0.232,0.000,1.368,1.451,97878,9602,88276,247,25,25,6264192,254736,17,17,0
443,1.094,0.247,0.000,1.341,1.480,97878,9602,88276,247,25,25,6264192,254736,17,17,0
444,1.115,0.254,0.000,1.369,1.448,97878,9602,88276,247,25,25,6264192,254736,17,17,0
445,1.101,0.204,0.000,1.304,1.480,97878,9602,88276,247,25,25,6264192,254736,17,17,0
446,1.108,0.232,0.000,1.341,1.412,97878,9602,88276,247,25,25,6264192,254736,17,17,0
447,1.115,0.194,0.000,1.309,1.451,97878,9602,88276,247,25,25,6264192,254736,17,17,0
448,1.111,0.205,0.000,1.316,1.422,97878,9602,88276,247,25,25,6264192,254736,17,17,0
449,1.086,0.237,0.000,1.322,1.426,97878,9602,88276,247,25,25,6264192,254736,17,17,0
450,1.100,0.229,0.000,1.329,1.420,97878,9602,88276,247,25,25,6264192,254736,17,17,0
451,1.093,0.225,0.000,1.318,1.442,97878,9602,88276,247,25,25,6264192,254736,17,17,0
452,1.147,0.238,0.000,1.385,1.429,97878,9602,88276,247,25,25,6264192,254736,17,17,0
453,1.098,0.225,0.000,1.324,1.496,97878,9602,88276,247,25,25,6264192,254736,17,17,0
454,1.111,0.225,0.000,1.335,1.427,97878,9602,88276,247,25,25,6264192,254736,17,17,0
455,1.109,0.240,0.000,1.348,1.448,97878,9602,88276,247,25,25,6264192,254736,17,17,0
456,1.088,0.224,0.000,1.312,1.459,97878,9602,88276,247,25,25,6264192,254736,17,17,0
457,1.097,0.223,0.000,1.320,1.425,97878,9602,88276,247,25,25,6264192,254736,17,17,0
458,1.127,0.225,0.000,1.352,1.433,97878,9602,88276,247,25,25,6264192,254736,17,17,0
459,1.114,0.229,0.000,1.343,1.463,97878,9602,88276,247,25,25,6264192,254736,17,17,0
460,1.117,0.236,0.000,1.353,1.453,97878,9602,88276,247,25,25,6264192,254736,17,17,0
461,1.103,0.237,0.000,1.340,1.462,97878,9602,88276,247,25,25,6264192,254736,17,17,0
462,1.089,0.192,0.000,1.281,1.452,97878,9602,88276,247,25,25,6264192,254736,17,17,0
463,1.112,0.241,0.000,1.352,1.388,97878,9602,88276,247,25,25,6264192,254736,17,17,0
464,1.155,0.255,0.000,1.410,1.460,97878,9602,88276,247,25,25,6264192,254736,17,17,0
465,1.110,0.213,0.000,1.323,1.517,97878,9602,88276,247,25,25,6264192,254736,17,17,0
466,1.097,0.229,0.000,1.326,1.437,97878,9602,88276,247,25,25,6264192,254736,17,17,0
467,1.081,0.195,0.000,1.275,1.432,97878,9602,88276,247,25,25,6264192,254736,17,17,0
468,1.051,0.218,0.000,1.269,1.371,97878,9602,88276,247,25,25,6264192,254736,17,17,0
469,1.068,0.198,0.000,1.266,1.375,97878,9602,88276,247,25,25,6264192,254736,17,17,0
470,1.114,0.206,0.000,1.320,1.366,97878,9602,88276,247,25,25,6264192,254736,17,17,0
471,1.122,0.225,0.000,1.347,1.428,97878,9602,88276,247,25,25,6264192,254736,17,17,0
472,1.094,0.247,0.000,1.341,1.458,97878,9602,88276,247,25,25,6264192,254736,17,17,0
473,1.079,0.215,0.000,1.293,1.452,97878,9602,88276,247,25,25,6264192,254736,17,17,0
474,1.098,0.237,0.000,1.335,1.402,97878,9602,88276,247,25,25,6264192,254736,17,17,0
475,1.118,0.241,0.000,1.359,1.446,97878,9602,88276,247,25,25,6264192,254736,17,17,0
476,1.115,0.223,0.000,1.338,1.469,97878,9602,88276,247,25,25,6264192,254736,17,17,0
477,1.114,0.224,0.000,1.338,1.451,97878,9602,88276,247,25,25,6264192,254736,17,17,0
478,1.088,0.249,0.000,1.338,1.450,97878,9602,88276,247,25,25,6264192,254736,17,17,0
479,1.096,0.227,0.000,1.324,1.448,97878,9602,88276,247,25,25,6264192,254736,17,17,0
480,1.087,0.241,0.000,1.328,1.438,97878,9602,88276,247,25,25,6264192,254736,17,17,0
481,1.115,0.243,0.000,1.358,1.439,97878,9602,88276,247,25,25,6264192,254736,17,17,0
482,1.118,0.213,0.000,1.332,1.467,97878,9602,88276,247,25,25,6264192,254736,17,17,0
483,1.108,0.210,0.000,1.318,1.435,97878,9602,88276,247,25,25,6264192,254736,17,17,0
484,1.086,0.246,0.000,1.332,1.426,97878,9602,88276,247,25,25,6264192,254736,17,17,0
485,1.079,0.233,0.000,1.312,1.443,97878,9602,88276,247,25,25,6264192,254736,17,17,0
486,1.143,0.229,0.000,1.372,1.417,97878,9602,88276,247,25,25,6264192,254736,17,17,0
487,1.113,0.252,0.000,1.365,1.484,97878,9602,88276,247,25,25,6264192,254736,17,17,0
488,1.130,0.214,0.000,1.343,1.486,97878,9602,88276,247,25,25,6264192,254736,17,17,0
489,1.098,0.250,0.000,1.348,1.454,97878,9602,88276,247,25,25,6264192,254736,17,17,0
490,1.142,0.245,0.000,1.387,1.468,97878,9602,88276,247,25,25,6264192,254736,17,17,0
491,1.131,0.224,0.000,1.355,1.501,97878,9602,88276,247,25,25,6264192,254736,17,17,0
492,1.089,0.239,0.000,1.328,1.471,97878,9602,88276,247,25,25,6264192,254736,17,17,0
493,1.152,0.240,0.000,1.392,1.433,97878,9602,88276,247,25,25,6264192,254736,17,17,0
494,1.121,0.214,0.000,1.335,1.507,97878,9602,88276,247,25,25,6264192,254736,17,17,0
495,1.091,0.218,0.000,1.309,1.446,97878,9602,88276,247,25,25,6264192,254736,17,17,0
496,1.102,0.236,0.000,1.338,1.420,97878,9602,88276,247,25,25,6264192,254736,17,17,0
497,1.091,0.258,0.000,1.349,1.444,97878,9602,88276,247,25,25,6264192,254736,17,17,0
498,1.112,0.247,0.000,1.359,1.467,97878,9602,88276,247,25,25,6264192,254736,17,17,0
499,1.116,0.233,0.000,1.350,1.471,97878,9602,88276,247,25,25,6264192,254736,17,17,0
500,1.114,0.234,0.000,1.348,1.462,97878,9602,88276,247,25,25,6264192,254736,17,17,0
501,1.086,0.234,0.000,1.320,1.458,97878,9602,88276,247,25,25,6264192,254736,17,17,0
502,1.101,0.232,0.000,1.333,1.432,97878,9602,88276,247,25,25,6264192,254736,17,17,0
503,1.085,0.233,0.000,1.318,1.444,97878,9602,88276,247,25,25,6264192,254736,17,17,0
504,1.120,0.219,0.000,1.339,1.427,97878,9602,88276,247,25,25,6264192,254736,17,17,0
505,1.078,0.223,0.000,1.301,1.450,97878,9602,88276,247,25,25,6264192,254736,17,17,0
506,1.103,0.210,0.000,1.313,1.411,97878,9602,88276,247,25,25,6264192,254736,17,17,0
507,1.095,0.221,0.000,1.316,1.424,97878,9602,88276,247,25,25,6264192,254736,17,17,0
508,1.081,0.243,0.000,1.323,1.427,97878,9602,88276,247,25,25,6264192,254736,17,17,0
509,1.077,0.231,0.000,1.308,1.427,97878,9602,88276,247,25,25,6264192,254736,17,17,0
510,1.116,0.217,0.000,1.333,1.417,97878,9602,88276,247,25,25,6264192,254736,17,17,0
511,1.100,0.221,0.000,1.321,1.444,97878,9602,88276,247,25,25,6264192,254736,17,17,0
512,1.092,0.223,0.000,1.314,1.430,97878,9602,88276,247,25,25,6264192,254736,17,17,0
513,1.090,0.239,0.000,1.328,1.426,97878,9602,88276,247,25,25,6264192,254736,17,17,0
514,1.089,0.221,0.000,1.309,1.443,97878,9602,88276,247,25,25,6264192,254736,17,17,0
515,1.116,0.273,0.000,1.389,1.413,97878,9602,88276,247,25,25,6264192,254736,17,17,0
516,1.111,0.233,0.000,1.344,1.499,97878,9602,88276,247,25,25,6264192,254736,17,17,0
517,1.108,0.231,0.000,1.338,1.456,97878,9602,88276,247,25,25,6264192,254736,17,17,0
518,1.091,0.223,0.000,1.314,1.449,97878,9602,88276,247,25,25,6264192,254736,17,17,0
519,1.088,0.203,0.000,1.291,1.423,97878,9602,88276,247,25,25,6264192,254736,17,17,0
520,1.128,0.204,0.000,1.333,1.401,97878,9602,88276,247,25,25,6264192,254736,17,17,0
521,1.113,0.237,0.000,1.350,1.442,97878,9602,88276,247,25,25,6264192,254736,17,17,0
522,1.129,0.198,0.000,1.327,1.457,97878,9602,88276,247,25,25,6264192,254736,17,17,0
523,1.094,0.215,0.000,1.309,1.435,97878,9602,88276,247,25,25,6264192,254736,17,17,0
524,1.093,0.200,0.000,1.294,1.420,97878,9602,88276,247,25,25,6264192,254736,17,17,0
525,1.102,0.213,0.000,1.315,1.399,97878,9602,88276,247,25,25,6264192,254736,17,17,0
526,1.087,0.200,0.000,1.287,1.421,97878,9602,88276,247,25,25,6264192,254736,17,17,0
527,1.106,0.234,0.000,1.340,1.395,97878,9602,88276,247,25,25,6264192,254736,17,17,0
528,1.130,0.208,0.000,1.337,1.452,97878,9602,88276,247,25,25,6264192,254736,17,17,0
529,1.118,0.227,0.000,1.345,1.445,97878,9602,88276,247,25,25,6264192,254736,17,17,0
530,1.087,0.230,0.000,1.317,1.457,97878,9602,88276,247,25,25,6264192,254736,17,17,0
531,1.085,0.221,0.000,1.307,1.429,97878,9602,88276,247,25,25,6264192,254736,17,17,0
532,1.103,0.228,0.000,1.331,1.416,97878,9602,88276,247,25,25,6264192,254736,17,17,0
533,1.113,0.233,0.000,1.346,1.440,97878,9602,88276,247,25,25,6264192,254736,17,17,0
534,1.110,0.207,0.000,1.317,1.460,97878,9602,88276,247,25,25,6264192,254736,17,17,0
535,1.088,0.228,0.000,1.316,1.429,97878,9602,88276,247,25,25,6264192,254736,17,17,0
536,1.081,0.231,0.000,1.312,1.426,97878,9602,88276,247,25,25,6264192,254736,17,17,0
537,1.105,0.220,0.000,1.325,1.433,97878,9602,88276,247,25,25,6264192,254736,17,17,0
538,1.086,0.220,0.000,1.306,1.437,97878,9602,88276,247,25,25,6264192,254736,17,17,0
539,1.111,0.228,0.000,1.340,1.412,97878,9602,88276,247,25,25,6264192,254736,17,17,0
540,1.104,0.218,0.000,1.322,1.449,97878,9602,88276,247,25,25,6264192,254736,17,17,0
541,1.090,0.231,0.000,1.321,1.434,97878,9602,88276,247,25,25,6264192,254736,17,17,0
542,1.080,0.241,0.000,1.322,1.434,97878,9602,88276,247,25,25,6264192,254736,17,17,0
543,1.097,0.244,0.000,1.341,1.423,97878,9602,88276,247,25,25,6264192,254736,17,17,0
544,1.090,0.203,0.000,1.293,1.452,97878,9602,88276,247,25,25,6264192,254736,17,17,0
545,1.099,0.205,0.000,1.304,1.402,97878,9602,88276,247,25,25,6264192,254736,17,17,0
546,1.099,0.211,0.000,1.310,1.413,97878,9602,88276,247,25,25,6264192,254736,17,17,0
547,1.093,0.229,0.000,1.322,1.411,97878,9602,88276,247,25,25,6264192,254736,17,17,0
548,1.094,0.239,0.000,1.333,1.428,97878,9602,88276,247,25,25,6264192,254736,17,17,0
549,1.072,0.213,0.000,1.285,1.443,97878,9602,88276,247,25,25,6264192,254736,17,17,0
550,1.076,0.232,0.000,1.308,1.394,97878,9602,88276,247,25,25,6264192,254736,17,17,0
551,1.109,0.201,0.000,1.310,1.420,97878,9602,88276,247,25,25,6264192,254736,17,17,0
552,1.114,0.217,0.000,1.331,1.420,97878,9602,88276,247,25,25,6264192,254736,17,17,0
553,1.090,0.224,0.000,1.314,1.443,97878,9602,88276,247,25,25,6264192,254736,17,17,0
554,1.092,0.234,0.000,1.326,1.415,97878,9602,88276,247,25,25,6264192,254736,17,17,0
555,1.113,0.231,0.000,1.343,1.431,97878,9602,88276,247,25,25,6264192,254736,17,17,0
556,1.071,0.231,0.000,1.301,1.451,97878,9602,88276,247,25,25,6264192,254736,17,17,0
557,1.115,0.225,0.000,1.340,1.412,97878,9602,88276,247,25,25,6264192,254736,17,17,0
558,1.115,0.224,0.000,1.339,1.452,97878,9602,88276,247,25,25,6264192,254736,17,17,0
559,1.087,0.230,0.000,1.317,1.444,97878,9602,88276,247,25,25,6264192,254736,17,17,0
560,1.091,0.224,0.000,1.315,1.429,97878,9602,88276,247,25,25,6264192,254736,17,17,0
561,1.085,0.222,0.000,1.307,1.424,97878,9602,88276,247,25,25,6264192,254736,17,17,0
562,1.069,0.219,0.000,1.288,1.418,97878,9602,88276,247,25,25,6264192,254736,17,17,0
563,1.119,0.226,0.000,1.346,1.399,97878,9602,88276,247,25,25,6264192,254736,17,17,0
564,1.107,0.201,0.000,1.308,1.455,97878,9602,88276,247,25,25,6264192,254736,17,17,0
565,1.052,0.253,0.000,1.304,1.418,97878,9602,88276,247,25,25,6264192,254736,17,17,0
566,1.160,0.267,0.000,1.427,1.423,97878,9602,88276,247,25,25,6264192,254736,17,17,0
567,1.127,0.250,0.000,1.378,1.547,97878,9602,88276,247,25,25,6264192,254736,17,17,0
568,1.135,0.237,0.000,1.372,1.490,97878,9602,88276,247,25,25,6264192,254736,17,17,0
569,1.144,0.228,0.000,1.373,1.482,97878,9602,88276,247,25,25,6264192,254736,17,17,0
570,1.108,0.232,0.000,1.340,1.483,97878,9602,88276,247,25,25,6264192,254736,17,17,0
571,1.118,0.235,0.000,1.353,1.451,97878,9602,88276,247,25,25,6264192,254736,17,17,0
572,1.092,0.248,0.000,1.339,1.466,97878,9602,88276,247,25,25,6264192,254736,17,17,0
573,1.085,0.229,0.000,1.314,1.450,97878,9602,88276,247,25,25,6264192,254736,17,17,0
574,1.147,0.242,0.000,1.389,1.428,97878,9602,88276,247,25,25,6264192,254736,17,17,0
575,1.134,0.220,0.000,1.354,1.504,97878,9602,88276,247,25,25,6264192,254736,17,17,0
576,1.090,0.226,0.000,1.316,1.468,97878,9602,88276,247,25,25,6264192,254736,17,17,0
577,1.096,0.220,0.000,1.316,1.419,97878,9602,88276,247,25,25,6264192,254736,17,17,0
578,1.092,0.232,0.000,1.325,1.427,97878,9602,88276,247,25,25,6264192,254736,17,17,0
579,1.099,0.216,0.000,1.314,1.430,97878,9602,88276,247,25,25,6264192,254736,17,17,0
580,1.125,0.239,0.000,1.364,1.427,97878,9602,88276,247,25,25,6264192,254736,17,17,0
581,1.114,0.215,0.000,1.329,1.472,97878,9602,88276,247,25,25,6264192,254736,17,17,0
582,1.092,0.242,0.000,1.334,1.439,97878,9602,88276,247,25,25,6264192,254736,17,17,0
583,1.119,0.250,0.000,1.369,1.451,97878,9602,88276,247,25,25,6264192,254736,17,17,0
584,1.084,0.230,0.000,1.313,1.481,97878,9602,88276,247,25,25,6264192,254736,17,17,0
585,1.107,0.233,0.000,1.340,1.441,97878,9602,88276,247,25,25,6264192,254736,17,17,0
586,1.075,0.202,0.000,1.277,1.450,97878,9602,88276,247,25,25,6264192,254736,17,17,0
587,1.119,0.230,0.000,1.348,1.390,97878,9602,88276,247,25,25,6264192,254736,17,17,0
588,1.093,0.223,0.000,1.317,1.460,97878,9602,88276,247,25,25,6264192,254736,17,17,0
589,1.087,0.220,0.000,1.307,1.425,97878,9602,88276,247,25,25,6264192,254736,17,17,0
590,1.102,0.217,0.000,1.319,1.421,97878,9602,88276,247,25,25,6264192,254736,17,17,0
591,1.118,0.204,0.000,1.322,1.431,97878,9602,88276,247,25,25,6264192,254736,17,17,0
592,1.113,0.224,0.000,1.337,1.429,97878,9602,88276,247,25,25,6264192,254736,17,17,0
593,1.096,0.207,0.000,1.303,1.448,97878,9602,88276,247,25,25,6264192,254736,17,17,0
594,1.092,0.221,0.000,1.313,1.416,97878,9602,88276,247,25,25,6264192,254736,17,17,0
595,1.079,0.193,0.000,1.272,1.423,97878,9602,88276,247,25,25,6264192,254736,17,17,0
596,1.119,0.232,0.000,1.351,1.382,97878,9602,88276,247,25,25,6264192,254736,17,17,0
597,1.102,0.191,0.000,1.294,1.461,97878,9602,88276,247,25,25,6264192,254736,17,17,0
598,1.116,0.215,0.000,1.331,1.403,97878,9602,88276,247,25,25,6264192,254736,17,17,0
599,1.128,0.206,0.000,1.333,1.445,97878,9602,88276,247,25,25,6264192,254736,17,17,0
600,1.107,0.245,0.000,1.351,1.445,97878,9602,88276,247,25,25,6264192,254736,17,17,0
601,1.086,0.219,0.000,1.304,1.455,97878,9602,88276,247,25,25,6264192,254736,17,17,0
602,1.084,0.217,0.000,1.301,1.415,97878,9602,88276,247,25,25,6264192,254736,17,17,0
603,1.135,0.223,0.000,1.359,1.408,97878,9602,88276,247,25,25,6264192,254736,17,17,0
604,1.133,0.220,0.000,1.353,1.471,97878,9602,88276,247,25,25,6264192,254736,17,17,0
605,1.099,0.234,0.000,1.334,1.468,97878,9602,88276,247,25,25,6264192,254736,17,17,0
606,1.127,0.219,0.000,1.346,1.445,97878,9602,88276,247,25,25,6264192,254736,17,17,0
607,1.089,0.234,0.000,1.323,1.456,97878,9602,88276,247,25,25,6264192,254736,17,17,0
608,1.090,0.225,0.000,1.314,1.433,97878,9602,88276,247,25,25,6264192,254736,17,17,0
609,1.117,0.222,0.000,1.339,1.424,97878,9602,88276,247,25,25,6264192,254736,17,17,0
610,1.106,0.215,0.000,1.321,1.450,97878,9602,88276,247,25,25,6264192,254736,17,17,0
611,1.086,0.231,0.000,1.317,1.432,97878,9602,88276,247,25,25,6264192,254736,17,17,0
612,1.087,0.212,0.000,1.300,1.430,97878,9602,88276,247,25,25,6264192,254736,17,17,0
613,1.103,0.247,0.000,1.350,1.410,97878,9602,88276,247,25,25,6264192,254736,17,17,0
614,1.096,0.252,0.000,1.348,1.459,97878,9602,88276,247,25,25,6264192,254736,17,17,0
615,1.151,0.251,0.000,1.402,1.456,97878,9602,88276,247,25,25,6264192,254736,17,17,0
616,1.102,0.233,0.000,1.335,1.517,97878,9602,88276,247,25,25,6264192,254736,17,17,0
617,1.108,0.226,0.000,1.334,1.447,97878,9602,88276,247,25,25,6264192,254736,17,17,0
618,1.092,0.204,0.000,1.297,1.444,97878,9602,88276,247,25,25,6264192,254736,17,17,0
619,1.104,0.226,0.000,1.330,1.409,97878,9602,88276,247,25,25,6264192,254736,17,17,0
620,1.104,0.242,0.000,1.347,1.437,97878,9602,88276,247,25,25,6264192,254736,17,17,0
621,1.144,0.205,0.000,1.349,1.466,97878,9602,88276,247,25,25,6264192,254736,17,17,0
622,1.110,0.230,0.000,1.340,1.455,97878,9602,88276,247,25,25,6264192,254736,17,17,0
623,1.101,0.244,0.000,1.345,1.449,97878,9602,88276,247,25,25,6264192,254736,17,17,0
624,1.092,0.224,0.000,1.316,1.458,97878,9602,88276,247,25,25,6264192,254736,17,17,0
625,1.079,0.221,0.000,1.300,1.427,97878,9602,88276,247,25,25,6264192,254736,17,17,0
626,1.090,0.233,0.000,1.323,1.410,97878,9602,88276,247,25,25,6264192,254736,17,17,0
627,1.109,0.190,0.000,1.299,1.436,97878,9602,88276,247,25,25,6264192,254736,17,17,0
628,1.087,0.240,0.000,1.326,1.403,97878,9602,88276,247,25,25,6264192,254736,17,17,0
629,1.079,0.208,0.000,1.287,1.437,97878,9602,88276,247,25,25,6264192,254736,17,17,0
630,1.087,0.239,0.000,1.327,1.399,97878,9602,88276,247,25,25,6264192,254736,17,17,0
631,1.080,0.258,0.000,1.338,1.436,97878,9602,88276,247,25,25,6264192,254736,17,17,0
632,1.089,0.231,0.000,1.319,1.447,97878,9602,88276,247,25,25,6264192,254736,17,17,0
633,1.135,0.226,0.000,1.361,1.426,97878,9602,88276,247,25,25,6264192,254736,17,17,0
634,1.094,0.230,0.000,1.325,1.481,97878,9602,88276,247,25,25,6264192,254736,17,17,0
635,1.086,0.215,0.000,1.301,1.436,97878,9602,88276,247,25,25,6264192,254736,17,17,0
636,1.032,0.209,0.000,1.241,1.416,97878,9602,88276,247,25,25,6264192,254736,17,17,0
637,1.003,0.212,0.000,1.215,1.350,97878,9602,88276,247,25,25,6264192,254736,17,17,0
638,1.029,0.203,0.000,1.233,1.327,97878,9602,88276,247,25,25,6264192,254736,17,17,0
639,1.011,0.200,0.000,1.212,1.344,97878,9602,88276,247,25,25,6264192,254736,17,17,0
640,1.018,0.202,0.000,1.221,1.321,97878,9602,88276,247,25,25,6264192,254736,17,17,0
641,1.012,0.206,0.000,1.218,1.328,97878,9602,88276,247,25,25,6264192,254736,17,17,0
642,1.001,0.271,0.000,1.272,1.329,97878,9602,88276,247,25,25,6264192,254736,17,17,0
643,1.039,0.212,0.000,1.250,1.370,97878,9602,88276,247,25,25,6264192,254736,17,17,0
644,1.081,0.231,0.000,1.312,1.363,97878,9602,88276,247,25,25,6264192,254736,17,17,0
645,1.101,0.203,0.000,1.304,1.424,97878,9602,88276,247,25,25,6264192,254736,17,17,0
646,1.106,0.207,0.000,1.313,1.412,97878,9602,88276,247,25,25,6264192,254736,17,17,0
647,1.088,0.225,0.000,1.312,1.426,97878,9602,88276,247,25,25,6264192,254736,17,17,0
648,1.093,0.205,0.000,1.298,1.425,97878,9602,88276,247,25,25,6264192,254736,17,17,0
649,1.094,0.252,0.000,1.346,1.405,97878,9602,88276,247,25,25,6264192,254736,17,17,0
650,1.100,0.222,0.000,1.322,1.453,97878,9602,88276,247,25,25,6264192,254736,17,17,0
651,1.093,0.219,0.000,1.312,1.432,97878,9602,88276,247,25,25,6264192,254736,17,17,0
652,1.093,0.234,0.000,1.327,1.423,97878,9602,88276,247,25,25,6264192,254736,17,17,0
653,1.087,0.202,0.000,1.289,1.437,97878,9602,88276,247,25,25,6264192,254736,17,17,0
654,1.091,0.222,0.000,1.313,1.398,97878,9602,88276,247,25,25,6264192,254736,17,17,0
655,1.074,0.198,0.000,1.272,1.425,97878,9602,88276,247,25,25,6264192,254736,17,17,0
656,1.085,0.202,0.000,1.287,1.381,97878,9602,88276,247,25,25,6264192,254736,17,17,0
657,1.094,0.224,0.000,1.318,1.396,97878,9602,88276,247,25,25,6264192,254736,17,17,0
658,1.099,0.228,0.000,1.326,1.425,97878,9602,88276,247,25,25,6264192,254736,17,17,0
659,1.103,0.256,0.000,1.359,1.438,97878,9602,88276,247,25,25,6264192,254736,17,17,0
660,1.064,0.226,0.000,1.290,1.469,97878,9602,88276,247,25,25,6264192,254736,17,17,0
661,1.075,0.210,0.000,1.285,1.400,97878,9602,88276,247,25,25,6264192,254736,17,17,0
662,1.112,0.208,0.000,1.321,1.396,97878,9602,88276,247,25,25,6264192,254736,17,17,0
663,1.095,0.194,0.000,1.289,1.431,97878,9602,88276,247,25,25,6264192,254736,17,17,0
664,1.103,0.203,0.000,1.306,1.397,97878,9602,88276,247,25,25,6264192,254736,17,17,0
665,1.107,0.210,0.000,1.317,1.415,97878,9602,88276,247,25,25,6264192,254736,17,17,0
666,1.078,0.233,0.000,1.311,1.426,97878,9602,88276,247,25,25,6264192,254736,17,17,0
667,1.079,0.207,0.000,1.285,1.414,97878,9602,88276,247,25,25,6264192,254736,17,17,0
668,1.100,0.212,0.000,1.311,1.393,97878,9602,88276,247,25,25,6264192,254736,17,17,0
669,1.100,0.225,0.000,1.325,1.424,97878,9602,88276,247,25,25,6264192,254736,17,17,0
670,1.081,0.225,0.000,1.306,1.437,97878,9602,88276,247,25,25,6264192,254736,17,17,0
671,1.086,0.235,0.000,1.320,1.415,97878,9602,88276,247,25,25,6264192,254736,17,17,0
672,1.096,0.226,0.000,1.322,1.431,97878,9602,88276,247,25,25,6264192,254736,17,17,0
673,1.080,0.226,0.000,1.307,1.433,97878,9602,88276,247,25,25,6264192,254736,17,17,0
674,1.113,0.201,0.000,1.314,1.412,97878,9602,88276,247,25,25,6264192,254736,17,17,0
675,1.107,0.224,0.000,1.332,1.422,97878,9602,88276,247,25,25,6264192,254736,17,17,0
676,1.066,0.198,0.000,1.265,1.442,97878,9602,88276,247,25,25,6264192,254736,17,17,0
677,1.097,0.219,0.000,1.316,1.373,97878,9602,88276,247,25,25,6264192,254736,17,17,0
678,1.087,0.220,0.000,1.307,1.427,97878,9602,88276,247,25,25,6264192,254736,17,17,0
679,1.091,0.199,0.000,1.291,1.418,97878,9602,88276,247,25,25,6264192,254736,17,17,0
680,1.130,0.232,0.000,1.362,1.401,97878,9602,88276,247,25,25,6264192,254736,17,17,0
681,1.093,0.230,0.000,1.323,1.470,97878,9602,88276,247,25,25,6264192,254736,17,17,0
682,1.083,0.222,0.000,1.305,1.436,97878,9602,88276,247,25,25,6264192,254736,17,17,0
683,1.076,0.237,0.000,1.314,1.429,97878,9602,88276,247,25,25,6264192,254736,17,17,0
684,1.087,0.226,0.000,1.312,1.426,97878,9602,88276,247,25,25,6264192,254736,17,17,0
685,1.104,0.213,0.000,1.316,1.422,97878,9602,88276,247,25,25,6264192,254736,17,17,0
686,1.103,0.215,0.000,1.318,1.430,97878,9602,88276,247,25,25,6264192,254736,17,17,0
687,1.101,0.229,0.000,1.330,1.423,97878,9602,88276,247,25,25,6264192,254736,17,17,0
688,1.090,0.247,0.000,1.336,1.440,97878,9602,88276,247,25,25,6264192,254736,17,17,0
689,1.082,0.229,0.000,1.311,1.438,97878,9602,88276,247,25,25,6264192,254736,17,17,0
690,1.074,0.241,0.000,1.314,1.421,97878,9602,88276,247,25,25,6264192,254736,17,17,0
691,1.113,0.225,0.000,1.339,1.421,97878,9602,88276,247,25,25,6264192,254736,17,17,0
692,1.123,0.225,0.000,1.348,1.448,97878,9602,88276,247,25,25,6264192,254736,17,17,0
693,1.078,0.221,0.000,1.299,1.461,97878,9602,88276,247,25,25,6264192,254736,17,17,0
694,1.069,0.215,0.000,1.284,1.410,97878,9602,88276,247,25,25,6264192,254736,17,17,0
695,1.091,0.226,0.000,1.317,1.394,97878,9602,88276,247,25,25,6264192,254736,17,17,0
696,1.101,0.212,0.000,1.313,1.418,97878,9602,88276,247,25,25,6264192,254736,17,17,0
697,1.107,0.202,0.000,1.309,1.420,97878,9602,88276,247,25,25,6264192,254736,17,17,0
698,1.105,0.206,0.000,1.310,1.421,97878,9602,88276,247,25,25,6264192,254736,17,17,0
699,1.088,0.243,0.000,1.331,1.420,97878,9602,88276,247,25,25,6264192,254736,17,17,0
700,1.078,0.230,0.000,1.309,1.435,97878,9602,88276,247,25,25,6264192,254736,17,17,0
701,1.081,0.197,0.000,1.278,1.416,97878,9602,88276,247,25,25,6264192,254736,17,17,0
702,1.089,0.219,0.000,1.308,1.387,97878,9602,88276,247,25,25,6264192,254736,17,17,0
703,1.112,0.221,0.000,1.333,1.419,97878,9602,88276,247,25,25,6264192,254736,17,17,0
704,1.114,0.212,0.000,1.326,1.444,97878,9602,88276,247,25,25,6264192,254736,17,17,0
705,1.088,0.236,0.000,1.325,1.439,97878,9602,88276,247,25,25,6264192,254736,17,17,0
706,1.086,0.222,0.000,1.308,1.427,97878,9602,88276,247,25,25,6264192,254736,17,17,0
707,1.087,0.218,0.000,1.305,1.419,97878,9602,88276,247,25,25,6264192,254736,17,17,0
708,1.093,0.217,0.000,1.310,1.416,97878,9602,88276,247,25,25,6264192,254736,17,17,0
709,1.113,0.223,0.000,1.336,1.421,97878,9602,88276,247,25,25,6264192,254736,17,17,0
710,1.120,0.208,0.000,1.327,1.445,97878,9602,88276,247,25,25,6264192,254736,17,17,0
711,1.102,0.226,0.000,1.328,1.442,97878,9602,88276,247,25,25,6264192,254736,17,17,0
712,1.093,0.237,0.000,1.330,1.437,97878,9602,88276,247,25,25,6264192,254736,17,17,0
713,1.036,0.231,0.000,1.267,1.439,97878,9602,88276,247,25,25,6264192,254736,17,17,0
714,1.089,0.225,0.000,1.315,1.380,97878,9602,88276,247,25,25,6264192,254736,17,17,0
715,1.099,0.203,0.000,1.302,1.416,97878,9602,88276,247,25,25,6264192,254736,17,17,0
716,1.080,0.212,0.000,1.292,1.414,97878,9602,88276,247,25,25,6264192,254736,17,17,0
717,1.087,0.238,0.000,1.325,1.404,97878,9602,88276,247,25,25,6264192,254736,17,17,0
718,1.086,0.238,0.000,1.324,1.437,97878,9602,88276,247,25,25,6264192,254736,17,17,0
719,1.077,0.213,0.000,1.289,1.436,97878,9602,88276,247,25,25,6264192,254736,17,17,0
720,1.084,0.223,0.000,1.307,1.398,97878,9602,88276,247,25,25,6264192,254736,17,17,0
721,1.098,0.209,0.000,1.308,1.415,97878,9602,88276,247,25,25,6264192,254736,17,17,0
722,1.092,0.194,0.000,1.286,1.417,97878,9602,88276,247,25,25,6264192,254736,17,17,0
723,1.091,0.230,0.000,1.321,1.393,97878,9602,88276,247,25,25,6264192,254736,17,17,0
724,1.078,0.225,0.000,1.304,1.430,97878,9602,88276,247,25,25,6264192,254736,17,17,0
725,1.087,0.215,0.000,1.302,1.416,97878,9602,88276,247,25,25,6264192,254736,17,17,0
726,1.097,0.231,0.000,1.327,1.416,97878,9602,88276,247,25,25,6264192,254736,17,17,0
727,1.107,0.224,0.000,1.332,1.437,97878,9602,88276,247,25,25,6264192,254736,17,17,0
728,1.098,0.214,0.000,1.312,1.441,97878,9602,88276,247,25,25,6264192,254736,17,17,0
729,1.096,0.225,0.000,1.321,1.423,97878,9602,88276,247,25,25,6264192,254736,17,17,0
730,1.068,0.214,0.000,1.282,1.432,97878,9602,88276,247,25,25,6264192,254736,17,17,0
731,1.136,0.221,0.000,1.358,1.386,97878,9602,88276,247,25,25,6264192,254736,17,17,0
732,1.115,0.214,0.000,1.329,1.479,97878,9602,88276,247,25,25,6264192,254736,17,17,0
733,1.095,0.230,0.000,1.325,1.441,97878,9602,88276,247,25,25,6264192,254736,17,17,0
734,1.085,0.231,0.000,1.316,1.436,97878,9602,88276,247,25,25,6264192,254736,17,17,0
735,1.122,0.249,0.000,1.372,1.425,97878,9602,88276,247,25,25,6264192,254736,17,17,0
736,1.101,0.227,0.000,1.329,1.479,97878,9602,88276,247,25,25,6264192,254736,17,17,0
737,1.089,0.223,0.000,1.312,1.441,97878,9602,88276,247,25,25,6264192,254736,17,17,0
738,1.117,0.202,0.000,1.318,1.419,97878,9602,88276,247,25,25,6264192,254736,17,17,0
739,1.093,0.205,0.000,1.298,1.430,97878,9602,88276,247,25,25,6264192,254736,17,17,0
740,1.106,0.224,0.000,1.329,1.407,97878,9602,88276,247,25,25,6264192,254736,17,17,0
741,1.095,0.207,0.000,1.303,1.438,97878,9602,88276,247,25,25,6264192,254736,17,17,0
742,1.095,0.219,0.000,1.315,1.414,97878,9602,88276,247,25,25,6264192,254736,17,17,0
743,1.074,0.215,0.000,1.290,1.427,97878,9602,88276,247,25,25,6264192,254736,17,17,0
744,1.119,0.220,0.000,1.339,1.402,97878,9602,88276,247,25,25,6264192,254736,17,17,0
745,1.125,0.224,0.000,1.349,1.448,97878,9602,88276,247,25,25,6264192,254736,17,17,0
746,1.107,0.227,0.000,1.335,1.460,97878,9602,88276,247,25,25,6264192,254736,17,17,0
747,1.100,0.240,0.000,1.340,1.447,97878,9602,88276,247,25,25,6264192,254736,17,17,0
748,1.095,0.220,0.000,1.315,1.441,97878,9602,88276,247,25,25,6264192,254736,17,17,0
749,1.089,0.230,0.000,1.319,1.430,97878,9602,88276,247,25,25,6264192,254736,17,17,0
750,1.103,0.214,0.000,1.317,1.432,97878,9602,88276,247,25,25,6264192,254736,17,17,0
751,1.097,0.227,0.000,1.324,1.429,97878,9602,88276,247,25,25,6264192,254736,17,17,0
752,1.022,0.211,0.000,1.233,1.433,97878,9602,88276,247,25,25,6264192,254736,17,17,0
753,1.094,0.236,0.000,1.331,1.343,97878,9602,88276,247,25,25,6264192,254736,17,17,0
754,1.086,0.246,0.000,1.333,1.434,97878,9602,88276,247,25,25,6264192,254736,17,17,0
755,1.097,0.204,0.000,1.302,1.441,97878,9602,88276,247,25,25,6264192,254736,17,17,0
756,1.108,0.212,0.000,1.321,1.413,97878,9602,88276,247,25,25,6264192,254736,17,17,0
757,1.089,0.236,0.000,1.325,1.432,97878,9602,88276,247,25,25,6264192,254736,17,17,0
758,1.085,0.238,0.000,1.323,1.435,97878,9602,88276,247,25,25,6264192,254736,17,17,0
759,1.076,0.236,0.000,1.312,1.433,97878,9602,88276,247,25,25,6264192,254736,17,17,0
760,1.110,0.235,0.000,1.345,1.416,97878,9602,88276,247,25,25,6264192,254736,17,17,0
761,1.078,0.206,0.000,1.284,1.452,97878,9602,88276,247,25,25,6264192,254736,17,17,0
762,1.098,0.204,0.000,1.302,1.394,97878,9602,88276,247,25,25,6264192,254736,17,17,0
763,1.073,0.243,0.000,1.316,1.412,97878,9602,88276,247,25,25,6264192,254736,17,17,0
764,1.071,0.213,0.000,1.284,1.423,97878,9602,88276,247,25,25,6264192,254736,17,17,0
765,1.074,0.226,0.000,1.300,1.390,97878,9602,88276,247,25,25,6264192,254736,17,17,0
766,1.064,0.249,0.000,1.313,1.410,97878,9602,88276,247,25,25,6264192,254736,17,17,0
767,1.113,0.205,0.000,1.318,1.414,97878,9602,88276,247,25,25,6264192,254736,17,17,0
768,1.109,0.201,0.000,1.310,1.430,97878,9602,88276,247,25,25,6264192,254736,17,17,0
769,1.079,0.209,0.000,1.289,1.421,97878,9602,88276,247,25,25,6264192,254736,17,17,0
770,1.101,0.231,0.000,1.331,1.403,97878,9602,88276,247,25,25,6264192,254736,17,17,0
771,1.081,0.193,0.000,1.274,1.443,97878,9602,88276,247,25,25,6264192,254736,17,17,0
772,1.105,0.239,0.000,1.344,1.382,97878,9602,88276,247,25,25,6264192,254736,17,17,0
773,1.183,0.265,0.000,1.448,1.462,97878,9602,88276,247,25,25,6264192,254736,17,17,0
774,1.150,0.246,0.000,1.396,1.560,97878,9602,88276,247,25,25,6264192,254736,17,17,0
775,1.108,0.245,0.000,1.353,1.507,97878,9602,88276,247,25,25,6264192,254736,17,17,0
776,1.107,0.231,0.000,1.338,1.465,97878,9602,88276,247,25,25,6264192,254736,17,17,0
777,1.110,0.253,0.000,1.364,1.450,97878,9602,88276,247,25,25,6264192,254736,17,17,0
778,1.113,0.222,0.000,1.336,1.475,97878,9602,88276,247,25,25,6264192,254736,17,17,0
779,1.116,0.227,0.000,1.343,1.448,97878,9602,88276,247,25,25,6264192,254736,17,17,0
780,1.094,0.215,0.000,1.310,1.468,97878,9602,88276,247,25,25,6264192,254736,17,17,0
781,1.111,0.244,0.000,1.355,1.422,97878,9602,88276,247,25,25,6264192,254736,17,17,0
782,1.083,0.231,0.000,1.314,1.468,97878,9602,88276,247,25,25,6264192,254736,17,17,0
783,1.090,0.223,0.000,1.313,1.426,97878,9602,88276,247,25,25,6264192,254736,17,17,0
784,1.114,0.204,0.000,1.318,1.422,97878,9602,88276,247,25,25,6264192,254736,17,17,0
785,1.115,0.232,0.000,1.347,1.429,97878,9602,88276,247,25,25,6264192,254736,17,17,0
786,1.085,0.247,0.000,1.332,1.461,97878,9602,88276,247,25,25,6264192,254736,17,17,0
787,1.085,0.254,0.000,1.340,1.443,97878,9602,88276,247,25,25,6264192,254736,17,17,0
788,1.082,0.239,0.000,1.321,1.450,97878,9602,88276,247,25,25,6264192,254736,17,17,0
789,1.080,0.243,0.000,1.323,1.432,97878,9602,88276,247,25,25,6264192,254736,17,17,0
790,1.105,0.235,0.000,1.339,1.434,97878,9602,88276,247,25,25,6264192,254736,17,17,0
791,1.112,0.230,0.000,1.342,1.453,97878,9602,88276,247,25,25,6264192,254736,17,17,0
792,1.083,0.209,0.000,1.292,1.452,97878,9602,88276,247,25,25,6264192,254736,17,17,0
793,1.082,0.241,0.000,1.323,1.401,97878,9602,88276,247,25,25,6264192,254736,17,17,0
794,1.090,0.236,0.000,1.325,1.426,97878,9602,88276,247,25,25,6264192,254736,17,17,0
795,1.079,0.233,0.000,1.313,1.436,97878,9602,88276,247,25,25,6264192,254736,17,17,0
796,1.104,0.209,0.000,1.312,1.426,97878,9602,88276,247,25,25,6264192,254736,17,17,0
797,1.131,0.203,0.000,1.334,1.425,97878,9602,88276,247,25,25,6264192,254736,17,17,0
798,1.099,0.247,0.000,1.347,1.439,97878,9602,88276,247,25,25,6264192,254736,17,17,0
799,1.084,0.236,0.000,1.321,1.456,97878,9602,88276,247,25,25,6264192,254736,17,17,0
800,1.076,0.238,0.000,1.314,1.422,97878,9602,88276,247,25,25,6264192,254736,17,17,0
801,1.072,0.243,0.000,1.315,1.422,97878,9602,88276,247,25,25,6264192,254736,17,17,0
802,1.101,0.215,0.000,1.316,1.427,97878,9602,88276,247,25,25,6264192,254736,17,17,0
803,1.110,0.203,0.000,1.313,1.426,97878,9602,88276,247,25,25,6264192,254736,17,17,0
804,1.088,0.219,0.000,1.307,1.425,97878,9602,88276,247,25,25,6264192,254736,17,17,0
805,1.098,0.238,0.000,1.336,1.414,97878,9602,88276,247,25,25,6264192,254736,17,17,0
806,1.111,0.235,0.000,1.346,1.445,97878,9602,88276,247,25,25,6264192,254736,17,17,0
807,1.121,0.201,0.000,1.322,1.461,97878,9602,88276,247,25,25,6264192,254736,17,17,0
808,1.119,0.232,0.000,1.351,1.432,97878,9602,88276,247,25,25,6264192,254736,17,17,0
809,1.099,0.213,0.000,1.312,1.462,97878,9602,88276,247,25,25,6264192,254736,17,17,0
810,1.093,0.239,0.000,1.332,1.423,97878,9602,88276,247,25,25,6264192,254736,17,17,0
811,1.089,0.232,0.000,1.320,1.444,97878,9602,88276,247,25,25,6264192,254736,17,17,0
812,1.087,0.220,0.000,1.307,1.426,97878,9602,88276,247,25,25,6264192,254736,17,17,0
813,1.073,0.232,0.000,1.305,1.418,97878,9602,88276,247,25,25,6264192,254736,17,17,0
814,1.114,0.205,0.000,1.319,1.418,97878,9602,88276,247,25,25,6264192,254736,17,17,0
815,1.097,0.248,0.000,1.345,1.427,97878,9602,88276,247,25,25,6264192,254736,17,17,0
816,1.080,0.236,0.000,1.316,1.455,97878,9602,88276,247,25,25,6264192,254736,17,17,0
817,1.098,0.244,0.000,1.342,1.429,97878,9602,88276,247,25,25,6264192,254736,17,17,0
818,1.075,0.237,0.000,1.312,1.453,97878,9602,88276,247,25,25,6264192,254736,17,17,0
819,1.109,0.220,0.000,1.329,1.416,97878,9602,88276,247,25,25,6264192,254736,17,17,0
820,1.111,0.202,0.000,1.313,1.439,97878,9602,88276,247,25,25,6264192,254736,17,17,0
821,1.134,0.227,0.000,1.361,1.417,97878,9602,88276,247,25,25,6264192,254736,17,17,0
822,1.085,0.234,0.000,1.319,1.470,97878,9602,88276,247,25,25,6264192,254736,17,17,0
823,1.080,0.240,0.000,1.320,1.429,97878,9602,88276,247,25,25,6264192,254736,17,17,0
824,1.084,0.227,0.000,1.312,1.423,97878,9602,88276,247,25,25,6264192,254736,17,17,0
825,1.127,0.224,0.000,1.351,1.422,97878,9602,88276,247,25,25,6264192,254736,17,17,0
826,1.106,0.210,0.000,1.316,1.461,97878,9602,88276,247,25,25,6264192,254736,17,17,0
827,1.081,0.220,0.000,1.302,1.425,97878,9602,88276,247,25,25,6264192,254736,17,17,0
828,1.088,0.243,0.000,1.331,1.403,97878,9602,88276,247,25,25,6264192,254736,17,17,0
829,1.095,0.235,0.000,1.330,1.441,97878,9602,88276,247,25,25,6264192,254736,17,17,0
830,1.097,0.253,0.000,1.350,1.433,97878,9602,88276,247,25,25,6264192,254736,17,17,0
831,1.119,0.227,0.000,1.346,1.464,97878,9602,88276,247,25,25,6264192,254736,17,17,0
832,1.097,0.229,0.000,1.327,1.457,97878,9602,88276,247,25,25,6264192,254736,17,17,0
833,1.081,0.220,0.000,1.302,1.436,97878,9602,88276,247,25,25,6264192,254736,17,17,0
834,1.081,0.241,0.000,1.321,1.403,97878,9602,88276,247,25,25,6264192,254736,17,17,0
835,1.092,0.220,0.000,1.312,1.431,97878,9602,88276,247,25,25,6264192,254736,17,17,0
836,1.098,0.221,0.000,1.319,1.425,97878,9602,88276,247,25,25,6264192,254736,17,17,0
837,1.113,0.233,0.000,1.346,1.429,97878,9602,88276,247,25,25,6264192,254736,17,17,0
838,1.094,0.198,0.000,1.293,1.457,97878,9602,88276,247,25,25,6264192,254736,17,17,0
839,1.091,0.246,0.000,1.338,1.405,97878,9602,88276,247,25,25,6264192,254736,17,17,0
840,1.119,0.242,0.000,1.361,1.446,97878,9602,88276,247,25,25,6264192,254736,17,17,0
841,1.088,0.220,0.000,1.307,1.471,97878,9602,88276,247,25,25,6264192,254736,17,17,0
842,1.121,0.231,0.000,1.353,1.419,97878,9602,88276,247,25,25,6264192,254736,17,17,0
843,1.097,0.207,0.000,1.304,1.465,97878,9602,88276,247,25,25,6264192,254736,17,17,0
844,1.084,0.204,0.000,1.288,1.415,97878,9602,88276,247,25,25,6264192,254736,17,17,0
845,1.092,0.244,0.000,1.336,1.400,97878,9602,88276,247,25,25,6264192,254736,17,17,0
846,1.110,0.246,0.000,1.356,1.447,97878,9602,88276,247,25,25,6264192,254736,17,17,0
847,1.155,0.227,0.000,1.382,1.462,97878,9602,88276,247,25,25,6264192,254736,17,17,0
848,1.151,0.229,0.000,1.380,1.478,97878,9602,88276,247,25,25,6264192,254736,17,17,0
849,1.061,0.206,0.000,1.266,1.493,97878,9602,88276,247,25,25,6264192,254736,17,17,0
850,1.058,0.214,0.000,1.271,1.379,97878,9602,88276,247,25,25,6264192,254736,17,17,0
851,1.028,0.250,0.000,1.278,1.378,97878,9602,88276,247,25,25,6264192,254736,17,17,0
852,1.071,0.246,0.000,1.317,1.384,97878,9602,88276,247,25,25,6264192,254736,17,17,0
853,1.114,0.223,0.000,1.338,1.419,97878,9602,88276,247,25,25,6264192,254736,17,17,0
854,1.132,0.229,0.000,1.361,1.444,97878,9602,88276,247,25,25,6264192,254736,17,17,0
855,1.061,0.205,0.000,1.266,1.469,97878,9602,88276,247,25,25,6264192,254736,17,17,0
856,1.115,0.220,0.000,1.335,1.376,97878,9602,88276,247,25,25,6264192,254736,17,17,0
857,1.097,0.253,0.000,1.349,1.442,97878,9602,88276,247,25,25,6264192,254736,17,17,0
858,1.093,0.232,0.000,1.324,1.454,97878,9602,88276,247,25,25,6264192,254736,17,17,0
859,1.106,0.225,0.000,1.331,1.431,97878,9602,88276,247,25,25,6264192,254736,17,17,0
860,1.140,0.234,0.000,1.374,1.442,97878,9602,88276,247,25,25,6264192,254736,17,17,0
861,1.136,0.205,0.000,1.341,1.479,97878,9602,88276,247,25,25,6264192,254736,17,17,0
862,1.095,0.249,0.000,1.344,1.448,97878,9602,88276,247,25,25,6264192,254736,17,17,0
863,1.107,0.238,0.000,1.346,1.455,97878,9602,88276,247,25,25,6264192,254736,17,17,0
864,1.080,0.235,0.000,1.315,1.458,97878,9602,88276,247,25,25,6264192,254736,17,17,0
865,1.116,0.221,0.000,1.337,1.422,97878,9602,88276,247,25,25,6264192,254736,17,17,0
866,1.136,0.216,0.000,1.352,1.448,97878,9602,88276,247,25,25,6264192,254736,17,17,0
867,1.114,0.196,0.000,1.310,1.464,97878,9602,88276,247,25,25,6264192,254736,17,17,0
868,1.113,0.226,0.000,1.339,1.418,97878,9602,88276,247,25,25,6264192,254736,17,17,0
869,1.092,0.236,0.000,1.328,1.450,97878,9602,88276,247,25,25,6264192,254736,17,17,0
870,1.087,0.221,0.000,1.307,1.439,97878,9602,88276,247,25,25,6264192,254736,17,17,0
871,1.081,0.223,0.000,1.304,1.418,97878,9602,88276,247,25,25,6264192,254736,17,17,0
872,1.110,0.222,0.000,1.333,1.408,97878,9602,88276,247,25,25,6264192,254736,17,17,0
873,1.081,0.234,0.000,1.314,1.446,97878,9602,88276,247,25,25,6264192,254736,17,17,0
874,1.074,0.224,0.000,1.299,1.427,97878,9602,88276,247,25,25,6264192,254736,17,17,0
875,1.094,0.237,0.000,1.332,1.411,97878,9602,88276,247,25,25,6264192,254736,17,17,0
876,1.092,0.235,0.000,1.327,1.431,97878,9602,88276,247,25,25,6264192,254736,17,17,0
877,1.125,0.217,0.000,1.341,1.440,97878,9602,88276,247,25,25,6264192,254736,17,17,0
878,1.148,0.213,0.000,1.360,1.452,97878,9602,88276,247,25,25,6264192,254736,17,17,0
879,1.097,0.240,0.000,1.337,1.463,97878,9602,88276,247,25,25,6264192,254736,17,17,0
880,1.082,0.249,0.000,1.331,1.447,97878,9602,88276,247,25,25,6264192,254736,17,17,0
881,1.121,0.261,0.000,1.382,1.455,97878,9602,88276,247,25,25,6264192,254736,17,17,0
882,1.101,0.226,0.000,1.328,1.487,97878,9602,88276,247,25,25,6264192,254736,17,17,0
883,1.122,0.218,0.000,1.340,1.431,97878,9602,88276,247,25,25,6264192,254736,17,17,0
884,1.102,0.228,0.000,1.330,1.448,97878,9602,88276,247,25,25,6264192,254736,17,17,0
885,1.099,0.222,0.000,1.321,1.444,97878,9602,88276,247,25,25,6264192,254736,17,17,0
886,1.086,0.220,0.000,1.306,1.434,97878,9602,88276,247,25,25,6264192,254736,17,17,0
887,1.087,0.244,0.000,1.331,1.417,97878,9602,88276,247,25,25,6264192,254736,17,17,0
888,1.095,0.229,0.000,1.324,1.440,97878,9602,88276,247,25,25,6264192,254736,17,17,0
889,1.121,0.213,0.000,1.334,1.436,97878,9602,88276,247,25,25,6264192,254736,17,17,0
890,1.082,0.225,0.000,1.307,1.438,97878,9602,88276,247,25,25,6264192,254736,17,17,0
891,1.117,0.237,0.000,1.354,1.417,97878,9602,88276,247,25,25,6264192,254736,17,17,0
892,1.098,0.254,0.000,1.352,1.465,97878,9602,88276,247,25,25,6264192,254736,17,17,0
893,1.099,0.243,0.000,1.342,1.460,97878,9602,88276,247,25,25,6264192,254736,17,17,0
894,1.096,0.221,0.000,1.317,1.452,97878,9602,88276,247,25,25,6264192,254736,17,17,0
895,1.109,0.235,0.000,1.344,1.430,97878,9602,88276,247,25,25,6264192,254736,17,17,0
896,1.096,0.226,0.000,1.322,1.454,97878,9602,88276,247,25,25,6264192,254736,17,17,0
897,1.097,0.233,0.000,1.330,1.433,97878,9602,88276,247,25,25,6264192,254736,17,17,0
898,1.109,0.228,0.000,1.337,1.448,97878,9602,88276,247,25,25,6264192,254736,17,17,0
899,1.103,0.231,0.000,1.334,1.453,97878,9602,88276,247,25,25,6264192,254736,17,17,0
900,1.131,0.231,0.000,1.361,1.442,97878,9602,88276,247,25,25,6264192,254736,17,17,0
901,1.113,0.204,0.000,1.317,1.471,97878,9602,88276,247,25,25,6264192,254736,17,17,0
902,1.089,0.228,0.000,1.317,1.427,97878,9602,88276,247,25,25,6264192,254736,17,17,0
903,1.083,0.260,0.000,1.343,1.430,97878,9602,88276,247,25,25,6264192,254736,17,17,0
904,1.115,0.253,0.000,1.368,1.468,97878,9602,88276,247,25,25,6264192,254736,17,17,0
905,1.105,0.253,0.000,1.358,1.477,97878,9602,88276,247,25,25,6264192,254736,17,17,0
906,1.138,0.240,0.000,1.378,1.455,97878,9602,88276,247,25,25,6264192,254736,17,17,0
907,1.108,0.230,0.000,1.338,1.491,97878,9602,88276,247,25,25,6264192,254736,17,17,0
908,1.119,0.218,0.000,1.337,1.449,97878,9602,88276,247,25,25,6264192,254736,17,17,0
909,1.108,0.241,0.000,1.350,1.443,97878,9602,88276,247,25,25,6264192,254736,17,17,0
910,1.099,0.234,0.000,1.334,1.463,97878,9602,88276,247,25,25,6264192,254736,17,17,0
911,1.114,0.225,0.000,1.339,1.444,97878,9602,88276,247,25,25,6264192,254736,17,17,0
912,1.122,0.213,0.000,1.335,1.450,97878,9602,88276,247,25,25,6264192,254736,17,17,0
913,1.082,0.223,0.000,1.305,1.444,97878,9602,88276,247,25,25,6264192,254736,17,17,0
914,1.078,0.225,0.000,1.304,1.418,97878,9602,88276,247,25,25,6264192,254736,17,17,0
915,1.100,0.242,0.000,1.342,1.413,97878,9602,88276,247,25,25,6264192,254736,17,17,0
916,1.079,0.218,0.000,1.296,1.453,97878,9602,88276,247,25,25,6264192,254736,17,17,0
917,1.096,0.230,0.000,1.325,1.411,97878,9602,88276,247,25,25,6264192,254736,17,17,0
918,1.124,0.210,0.000,1.334,1.438,97878,9602,88276,247,25,25,6264192,254736,17,17,0
919,1.117,0.222,0.000,1.339,1.449,97878,9602,88276,247,25,25,6264192,254736,17,17,0
920,1.097,0.226,0.000,1.323,1.448,97878,9602,88276,247,25,25,6264192,254736,17,17,0
921,1.087,0.213,0.000,1.300,1.436,97878,9602,88276,247,25,25,6264192,254736,17,17,0
922,1.085,0.252,0.000,1.338,1.413,97878,9602,88276,247,25,25,6264192,254736,17,17,0
923,1.125,0.209,0.000,1.334,1.445,97878,9602,88276,247,25,25,6264192,254736,17,17,0
924,1.182,0.220,0.000,1.402,1.446,97878,9602,88276,247,25,25,6264192,254736,17,17,0
925,1.178,0.237,0.000,1.415,1.513,97878,9602,88276,247,25,25,6264192,254736,17,17,0
926,1.191,0.227,0.000,1.419,1.516,97878,9602,88276,247,25,25,6264192,254736,17,17,0
927,1.098,0.218,0.000,1.317,1.508,97878,9602,88276,247,25,25,6264192,254736,17,17,0
928,1.097,0.218,0.000,1.315,1.408,97878,9602,88276,247,25,25,6264192,254736,17,17,0
929,1.119,0.215,0.000,1.334,1.409,97878,9602,88276,247,25,25,6264192,254736,17,17,0
930,1.116,0.212,0.000,1.328,1.435,97878,9602,88276,247,25,25,6264192,254736,17,17,0
931,1.101,0.243,0.000,1.344,1.436,97878,9602,88276,247,25,25,6264192,254736,17,17,0
932,1.110,0.229,0.000,1.339,1.456,97878,9602,88276,247,25,25,6264192,254736,17,17,0
933,1.079,0.238,0.000,1.317,1.450,97878,9602,88276,247,25,25,6264192,254736,17,17,0
934,1.072,0.235,0.000,1.308,1.424,97878,9602,88276,247,25,25,6264192,254736,17,17,0
935,1.122,0.224,0.000,1.346,1.415,97878,9602,88276,247,25,25,6264192,254736,17,17,0
936,1.101,0.208,0.000,1.309,1.457,97878,9602,88276,247,25,25,6264192,254736,17,17,0
937,1.095,0.243,0.000,1.338,1.420,97878,9602,88276,247,25,25,6264192,254736,17,17,0
938,1.123,0.272,0.000,1.395,1.453,97878,9602,88276,247,25,25,6264192,254736,17,17,0
939,1.191,0.261,0.000,1.452,1.512,97878,9602,88276,247,25,25,6264192,254736,17,17,0
940,1.144,0.226,0.000,1.370,1.566,97878,9602,88276,247,25,25,6264192,254736,17,17,0
941,1.120,0.217,0.000,1.337,1.480,97878,9602,88276,247,25,25,6264192,254736,17,17,0
942,1.099,0.234,0.000,1.334,1.451,97878,9602,88276,247,25,25,6264192,254736,17,17,0
943,1.105,0.247,0.000,1.352,1.446,97878,9602,88276,247,25,25,6264192,254736,17,17,0
944,1.080,0.234,0.000,1.313,1.463,97878,9602,88276,247,25,25,6264192,254736,17,17,0
945,1.099,0.235,0.000,1.334,1.422,97878,9602,88276,247,25,25,6264192,254736,17,17,0
946,1.144,0.214,0.000,1.358,1.446,97878,9602,88276,247,25,25,6264192,254736,17,17,0
947,1.118,0.223,0.000,1.341,1.470,97878,9602,88276,247,25,25,6264192,254736,17,17,0
948,1.138,0.248,0.000,1.386,1.446,97878,9602,88276,247,25,25,6264192,254736,17,17,0
949,1.098,0.225,0.000,1.324,1.496,97878,9602,88276,247,25,25,6264192,254736,17,17,0
950,1.093,0.226,0.000,1.319,1.439,97878,9602,88276,247,25,25,6264192,254736,17,17,0
951,1.124,0.256,0.000,1.380,1.429,97878,9602,88276,247,25,25,6264192,254736,17,17,0
952,1.111,0.226,0.000,1.337,1.490,97878,9602,88276,247,25,25,6264192,254736,17,17,0
953,1.104,0.227,0.000,1.331,1.449,97878,9602,88276,247,25,25,6264192,254736,17,17,0
954,1.088,0.224,0.000,1.312,1.442,97878,9602,88276,247,25,25,6264192,254736,17,17,0
955,1.089,0.223,0.000,1.312,1.424,97878,9602,88276,247,25,25,6264192,254736,17,17,0
956,1.112,0.249,0.000,1.361,1.423,97878,9602,88276,247,25,25,6264192,254736,17,17,0
957,1.105,0.229,0.000,1.334,1.471,97878,9602,88276,247,25,25,6264192,254736,17,17,0
958,1.099,0.211,0.000,1.311,1.440,97878,9602,88276,247,25,25,6264192,254736,17,17,0
959,1.115,0.225,0.000,1.340,1.421,97878,9602,88276,247,25,25,6264192,254736,17,17,0
960,1.107,0.231,0.000,1.338,1.450,97878,9602,88276,247,25,25,6264192,254736,17,17,0
961,1.118,0.239,0.000,1.358,1.452,97878,9602,88276,247,25,25,6264192,254736,17,17,0
962,1.092,0.227,0.000,1.318,1.470,97878,9602,88276,247,25,25,6264192,254736,17,17,0
963,1.097,0.226,0.000,1.323,1.430,97878,9602,88276,247,25,25,6264192,254736,17,17,0
964,1.129,0.208,0.000,1.337,1.432,97878,9602,88276,247,25,25,6264192,254736,17,17,0
965,1.104,0.221,0.000,1.325,1.447,97878,9602,88276,247,25,25,6264192,254736,17,17,0
966,1.081,0.222,0.000,1.304,1.435,97878,9602,88276,247,25,25,6264192,254736,17,17,0
967,1.102,0.229,0.000,1.330,1.417,97878,9602,88276,247,25,25,6264192,254736,17,17,0
968,1.089,0.224,0.000,1.313,1.445,97878,9602,88276,247,25,25,6264192,254736,17,17,0
969,1.110,0.240,0.000,1.349,1.423,97878,9602,88276,247,25,25,6264192,254736,17,17,0
970,1.105,0.224,0.000,1.329,1.461,97878,9602,88276,247,25,25,6264192,254736,17,17,0
971,1.107,0.232,0.000,1.339,1.440,97878,9602,88276,247,25,25,6264192,254736,17,17,0
972,1.023,0.207,0.000,1.230,1.447,97878,9602,88276,247,25,25,6264192,254736,17,17,0
973,0.991,0.199,0.000,1.191,1.329,97878,9602,88276,247,25,25,6264192,254736,17,17,0
974,1.012,0.202,0.000,1.214,1.288,97878,9602,88276,247,25,25,6264192,254736,17,17,0
975,1.158,0.240,0.000,1.398,1.308,97878,9602,88276,247,25,25,6264192,254736,17,17,0
976,1.116,0.229,0.000,1.345,1.512,97878,9602,88276,247,25,25,6264192,254736,17,17,0
977,1.087,0.198,0.000,1.284,1.458,97878,9602,88276,247,25,25,6264192,254736,17,17,0
978,1.094,0.230,0.000,1.324,1.394,97878,9602,88276,247,25,25,6264192,254736,17,17,0
979,1.109,0.221,0.000,1.330,1.433,97878,9602,88276,247,25,25,6264192,254736,17,17,0
980,1.094,0.218,0.000,1.312,1.439,97878,9602,88276,247,25,25,6264192,254736,17,17,0
981,1.137,0.202,0.000,1.339,1.420,97878,9602,88276,247,25,25,6264192,254736,17,17,0
982,1.116,0.233,0.000,1.349,1.449,97878,9602,88276,247,25,25,6264192,254736,17,17,0
983,1.089,0.237,0.000,1.326,1.461,97878,9602,88276,247,25,25,6264192,254736,17,17,0
984,1.078,0.229,0.000,1.307,1.441,97878,9602,88276,247,25,25,6264192,254736,17,17,0
985,1.108,0.228,0.000,1.337,1.417,97878,9602,88276,247,25,25,6264192,254736,17,17,0
986,1.127,0.210,0.000,1.337,1.447,97878,9602,88276,247,25,25,6264192,254736,17,17,0
987,1.093,0.200,0.000,1.293,1.447,97878,9602,88276,247,25,25,6264192,254736,17,17,0
988,1.098,0.233,0.000,1.331,1.403,97878,9602,88276,247,25,25,6264192,254736,17,17,0
989,1.095,0.222,0.000,1.317,1.441,97878,9602,88276,247,25,25,6264192,254736,17,17,0
990,1.078,0.243,0.000,1.321,1.428,97878,9602,88276,247,25,25,6264192,254736,17,17,0
991,1.087,0.206,0.000,1.293,1.432,97878,9602,88276,247,25,25,6264192,254736,17,17,0
992,1.115,0.225,0.000,1.340,1.403,97878,9602,88276,247,25,25,6264192,254736,17,17,0
993,1.099,0.207,0.000,1.306,1.451,97878,9602,88276,247,25,25,6264192,254736,17,17,0
994,1.108,0.201,0.000,1.309,1.397,97878,9602,88276,247,25,25,6264192,254736,17,17,0
995,1.099,0.250,0.000,1.349,1.419,97878,9602,88276,247,25,25,6264192,254736,17,17,0
996,1.080,0.216,0.000,1.296,1.461,97878,9602,88276,247,25,25,6264192,254736,17,17,0
997,1.092,0.245,0.000,1.337,1.405,97878,9602,88276,247,25,25,6264192,254736,17,17,0
998,1.087,0.202,0.000,1.290,1.449,97878,9602,88276,247,25,25,6264192,254736,17,17,0
999,1.114,0.228,0.000,1.341,1.405,97878,9602,88276,247,25,25,6264192,254736,17,17,0
1000,1.110,0.203,0.000,1.313,1.454,97878,9602,88276,247,25,25,6264192,254736,17,17,0
1001,1.098,0.227,0.000,1.325,1.423,97878,9602,88276,247,25,25,6264192,254736,17,17,0
1002,1.087,0.245,0.000,1.333,1.440,97878,9602,88276,247,25,25,6264192,254736,17,17,0
1003,1.073,0.236,0.000,1.309,1.442,97878,9602,88276,247,25,25,6264192,254736,17,17,0
1004,1.093,0.203,0.000,1.295,1.420,97878,9602,88276,247,25,25,6264192,254736,17,17,0
1005,1.091,0.204,0.000,1.295,1.407,97878,9602,88276,247,25,25,6264192,254736,17,17,0
1006,1.042,0.212,0.000,1.255,1.408,97878,9602,88276,247,25,25,6264192,254736,17,17,0
1007,1.073,0.212,0.000,1.285,1.364,97878,9602,88276,247,25,25,6264192,254736,17,17,0
1008,1.086,0.231,0.000,1.317,1.396,97878,9602,88276,247,25,25,6264192,254736,17,17,0
1009,1.066,0.218,0.000,1.284,1.424,97878,9602,88276,247,25,25,6264192,254736,17,17,0
1010,1.031,0.211,0.000,1.243,1.391,97878,9602,88276,247,25,25,6264192,254736,17,17,0
1011,1.069,0.201,0.000,1.269,1.354,97878,9602,88276,247,25,25,6264192,254736,17,17,0
1012,1.049,0.205,0.000,1.254,1.383,97878,9602,88276,247,25,25,6264192,254736,17,17,0
1013,1.012,0.207,0.000,1.219,1.361,97878,9602,88276,247,25,25,6264192,254736,17,17,0
1014,1.064,0.238,0.000,1.302,1.322,97878,9602,88276,247,25,25,6264192,254736,17,17,0
1015,1.145,0.234,0.000,1.379,1.421,97878,9602,88276,247,25,25,6264192,254736,17,17,0
1016,1.115,0.194,0.000,1.309,1.488,97878,9602,88276,247,25,25,6264192,254736,17,17,0
1017,1.098,0.211,0.000,1.309,1.420,97878,9602,88276,247,25,25,6264192,254736,17,17,0
1018,1.064,0.218,0.000,1.282,1.419,97878,9602,88276,247,25,25,6264192,254736,17,17,0
1019,1.069,0.222,0.000,1.291,1.387,97878,9602,88276,247,25,25,6264192,254736,17,17,0
1020,1.159,0.373,0.000,1.533,1.413,97878,9602,88276,247,25,25,6264192,254736,17,17,0
1021,1.287,0.344,0.000,1.632,1.669,97878,9602,88276,247,25,25,6264192,254736,17,17,0
1022,1.257,0.427,0.000,1.685,1.747,97878,9602,88276,247,25,25,6264192,254736,17,17,0
1023,1.307,0.332,0.000,1.639,1.795,97878,9602,88276,247,25,25,6264192,254736,17,17,0
1024,1.205,0.290,0.000,1.495,1.745,97878,9602,88276,247,25,25,6264192,254736,17,17,0
1025,1.173,0.263,0.000,1.436,1.605,97878,9602,88276,247,25,25,6264192,254736,17,17,0
1026,1.170,0.247,0.000,1.418,1.553,97878,9602,88276,247,25,25,6264192,254736,17,17,0
1027,1.156,0.245,0.000,1.401,1.528,97878,9602,88276,247,25,25,6264192,254736,17,17,0
1028,1.177,0.235,0.000,1.412,1.513,97878,9602,88276,247,25,25,6264192,254736,17,17,0
1029,1.166,0.252,0.000,1.418,1.530,97878,9602,88276,247,25,25,6264192,254736,17,17,0
1030,1.122,0.259,0.000,1.382,1.526,97878,9602,88276,247,25,25,6264192,254736,17,17,0
1031,1.157,0.227,0.000,1.384,1.491,97878,9602,88276,247,25,25,6264192,254736,17,17,0
1032,1.150,0.226,0.000,1.376,1.489,97878,9602,88276,247,25,25,6264192,254736,17,17,0
1033,1.160,0.238,0.000,1.398,1.489,97878,9602,88276,247,25,25,6264192,254736,17,17,0
1034,1.169,0.235,0.000,1.404,1.507,97878,9602,88276,247,25,25,6264192,254736,17,17,0
1035,1.134,0.220,0.000,1.354,1.510,97878,9602,88276,247,25,25,6264192,254736,17,17,0
1036,1.133,0.246,0.000,1.379,1.465,97878,9602,88276,247,25,25,6264192,254736,17,17,0
1037,1.145,0.231,0.000,1.376,1.490,97878,9602,88276,247,25,25,6264192,254736,17,17,0
1038,1.155,0.218,0.000,1.373,1.490,97878,9602,88276,247,25,25,6264192,254736,17,17,0
1039,1.149,0.235,0.000,1.384,1.483,97878,9602,88276,247,25,25,6264192,254736,17,17,0
1040,1.119,0.234,0.000,1.353,1.498,97878,9602,88276,247,25,25,6264192,254736,17,17,0
1041,1.111,0.243,0.000,1.354,1.464,97878,9602,88276,247,25,25,6264192,254736,17,17,0
1042,1.102,0.228,0.000,1.331,1.465,97878,9602,88276,247,25,25,6264192,254736,17,17,0
1043,1.140,0.219,0.000,1.359,1.443,97878,9602,88276,247,25,25,6264192,254736,17,17,0
1044,1.125,0.210,0.000,1.335,1.471,97878,9602,88276,247,25,25,6264192,254736,17,17,0
1045,1.120,0.231,0.000,1.351,1.444,97878,9602,88276,247,25,25,6264192,254736,17,17,0
1046,1.118,0.227,0.000,1.345,1.464,97878,9602,88276,247,25,25,6264192,254736,17,17,0
1047,1.093,0.211,0.000,1.304,1.459,97878,9602,88276,247,25,25,6264192,254736,17,17,0
1048,1.058,0.214,0.000,1.271,1.420,97878,9602,88276,247,25,25,6264192,254736,17,17,0
1049,1.046,0.209,0.000,1.254,1.379,97878,9602,88276,247,25,25,6264192,254736,17,17,0
1050,1.150,0.217,0.000,1.367,1.361,97878,9602,88276,247,25,25,6264192,254736,17,17,0
1051,1.139,0.229,0.000,1.369,1.478,97878,9602,88276,247,25,25,6264192,254736,17,17,0
1052,1.080,0.229,0.000,1.309,1.480,97878,9602,88276,247,25,25,6264192,254736,17,17,0
1053,1.097,0.217,0.000,1.314,1.414,97878,9602,88276,247,25,25,6264192,254736,17,17,0
1054,1.110,0.251,0.000,1.361,1.425,97878,9602,88276,247,25,25,6264192,254736,17,17,0
1055,1.139,0.226,0.000,1.365,1.473,97878,9602,88276,247,25,25,6264192,254736,17,17,0
1056,1.148,0.213,0.000,1.361,1.477,97878,9602,88276,247,25,25,6264192,254736,17,17,0
1057,1.175,0.248,0.000,1.423,1.467,97878,9602,88276,247,25,25,6264192,254736,17,17,0
1058,1.143,0.254,0.000,1.398,1.546,97878,9602,88276,247,25,25,6264192,254736,17,17,0
1059,1.139,0.228,0.000,1.367,1.503,97878,9602,88276,247,25,25,6264192,254736,17,17,0
1060,1.108,0.233,0.000,1.341,1.483,97878,9602,88276,247,25,25,6264192,254736,17,17,0
1061,1.154,0.220,0.000,1.373,1.449,97878,9602,88276,247,25,25,6264192,254736,17,17,0
1062,1.134,0.217,0.000,1.351,1.482,97878,9602,88276,247,25,25,6264192,254736,17,17,0
1063,1.114,0.227,0.000,1.341,1.457,97878,9602,88276,247,25,25,6264192,254736,17,17,0
1064,1.077,0.213,0.000,1.291,1.452,97878,9602,88276,247,25,25,6264192,254736,17,17,0
1065,1.098,0.244,0.000,1.343,1.401,97878,9602,88276,247,25,25,6264192,254736,17,17,0
1066,1.113,0.227,0.000,1.340,1.449,97878,9602,88276,247,25,25,6264192,254736,17,17,0
1067,1.103,0.201,0.000,1.305,1.443,97878,9602,88276,247,25,25,6264192,254736,17,17,0
1068,1.094,0.207,0.000,1.301,1.418,97878,9602,88276,247,25,25,6264192,254736,17,17,0
1069,1.097,0.222,0.000,1.320,1.410,97878,9602,88276,247,25,25,6264192,254736,17,17,0
1070,1.078,0.235,0.000,1.312,1.429,97878,9602,88276,247,25,25,6264192,254736,17,17,0
1071,1.092,0.213,0.000,1.305,1.420,97878,9602,88276,247,25,25,6264192,254736,17,17,0
1072,1.141,0.226,0.000,1.368,1.414,97878,9602,88276,247,25,25,6264192,254736,17,17,0
1073,1.119,0.231,0.000,1.351,1.479,97878,9602,88276,247,25,25,6264192,254736,17,17,0
1074,1.142,0.219,0.000,1.360,1.458,97878,9602,88276,247,25,25,6264192,254736,17,17,0
1075,1.117,0.239,0.000,1.356,1.466,97878,9602,88276,247,25,25,6264192,254736,17,17,0
1076,1.076,0.212,0.000,1.288,1.467,97878,9602,88276,247,25,25,6264192,254736,17,17,0
1077,1.045,0.208,0.000,1.253,1.395,97878,9602,88276,247,25,25,6264192,254736,17,17,0
1078,1.081,0.214,0.000,1.295,1.395,97878,9602,88276,247,25,25,6264192,254736,17,17,0
1079,1.106,0.209,0.000,1.315,1.407,97878,9602,88276,247,25,25,6264192,254736,17,17,0
1080,1.102,0.242,0.000,1.344,1.420,97878,9602,88276,247,25,25,6264192,254736,17,17,0
1081,1.096,0.251,0.000,1.347,1.454,97878,9602,88276,247,25,25,6264192,254736,17,17,0
1082,1.098,0.214,0.000,1.312,1.445,97878,9602,88276,247,25,25,6264192,254736,17,17,0
1083,1.109,0.228,0.000,1.337,1.427,97878,9602,88276,247,25,25,6264192,254736,17,17,0
1084,1.118,0.227,0.000,1.346,1.448,97878,9602,88276,247,25,25,6264192,254736,17,17,0
1085,1.115,0.203,0.000,1.318,1.455,97878,9602,88276,247,25,25,6264192,254736,17,17,0
1086,1.138,0.241,0.000,1.379,1.430,97878,9602,88276,247,25,25,6264192,254736,17,17,0
1087,1.228,0.260,0.000,1.488,1.477,97878,9602,88276,247,25,25,6264192,254736,17,17,0
1088,1.143,0.249,0.000,1.392,1.594,97878,9602,88276,247,25,25,6264192,254736,17,17,0
1089,1.111,0.243,0.000,1.354,1.496,97878,9602,88276,247,25,25,6264192,254736,17,17,0
1090,1.131,0.233,0.000,1.364,1.462,97878,9602,88276,247,25,25,6264192,254736,17,17,0
1091,1.114,0.234,0.000,1.347,1.473,97878,9602,88276,247,25,25,6264192,254736,17,17,0
1092,1.088,0.208,0.000,1.296,1.457,97878,9602,88276,247,25,25,6264192,254736,17,17,0
1093,1.096,0.236,0.000,1.332,1.407,97878,9602,88276,247,25,25,6264192,254736,17,17,0
1094,1.081,0.227,0.000,1.308,1.436,97878,9602,88276,247,25,25,6264192,254736,17,17,0
1095,1.096,0.232,0.000,1.328,1.417,97878,9602,88276,247,25,25,6264192,254736,17,17,0
1096,1.114,0.219,0.000,1.333,1.429,97878,9602,88276,247,25,25,6264192,254736,17,17,0
1097,1.099,0.214,0.000,1.313,1.444,97878,9602,88276,247,25,25,6264192,254736,17,17,0
1098,1.104,0.232,0.000,1.335,1.424,97878,9602,88276,247,25,25,6264192,254736,17,17,0
1099,1.084,0.224,0.000,1.309,1.447,97878,9602,88276,247,25,25,6264192,254736,17,17,0
1100,1.108,0.228,0.000,1.336,1.418,97878,9602,88276,247,25,25,6264192,254736,17,17,0
1101,1.103,0.218,0.000,1.322,1.449,97878,9602,88276,247,25,25,6264192,254736,17,17,0
1102,1.117,0.205,0.000,1.322,1.430,97878,9602,88276,247,25,25,6264192,254736,17,17,0
1103,1.102,0.241,0.000,1.344,1.431,97878,9602,88276,247,25,25,6264192,254736,17,17,0
1104,1.097,0.222,0.000,1.319,1.452,97878,9602,88276,247,25,25,6264192,254736,17,17,0
1105,1.091,0.244,0.000,1.335,1.430,97878,9602,88276,247,25,25,6264192,254736,17,17,0
1106,1.088,0.231,0.000,1.318,1.444,97878,9602,88276,247,25,25,6264192,254736,17,17,0
1107,1.092,0.244,0.000,1.336,1.431,97878,9602,88276,247,25,25,6264192,254736,17,17,0
1108,1.108,0.217,0.000,1.325,1.446,97878,9602,88276,247,25,25,6264192,254736,17,17,0
1109,1.103,0.231,0.000,1.334,1.436,97878,9602,88276,247,25,25,6264192,254736,17,17,0
1110,1.094,0.221,0.000,1.316,1.444,97878,9602,88276,247,25,25,6264192,254736,17,17,0
1111,1.114,0.232,0.000,1.346,1.431,97878,9602,88276,247,25,25,6264192,254736,17,17,0
1112,1.095,0.234,0.000,1.329,1.459,97878,9602,88276,247,25,25,6264192,254736,17,17,0
1113,1.128,0.236,0.000,1.364,1.438,97878,9602,88276,247,25,25,6264192,254736,17,17,0
1114,1.108,0.223,0.000,1.332,1.477,97878,9602,88276,247,25,25,6264192,254736,17,17,0
1115,1.093,0.246,0.000,1.339,1.440,97878,9602,88276,247,25,25,6264192,254736,17,17,0
1116,1.080,0.237,0.000,1.317,1.450,97878,9602,88276,247,25,25,6264192,254736,17,17,0
1117,1.098,0.240,0.000,1.337,1.427,97878,9602,88276,247,25,25,6264192,254736,17,17,0
1118,1.090,0.229,0.000,1.319,1.449,97878,9602,88276,247,25,25,6264192,254736,17,17,0
1119,1.113,0.187,0.000,1.301,1.429,97878,9602,88276,247,25,25,6264192,254736,17,17,0
1120,1.105,0.201,0.000,1.306,1.409,97878,9602,88276,247,25,25,6264192,254736,17,17,0
1121,1.066,0.218,0.000,1.284,1.418,97878,9602,88276,247,25,25,6264192,254736,17,17,0
1122,1.079,0.217,0.000,1.296,1.394,97878,9602,88276,247,25,25,6264192,254736,17,17,0
1123,1.108,0.213,0.000,1.320,1.405,97878,9602,88276,247,25,25,6264192,254736,17,17,0
1124,1.090,0.243,0.000,1.333,1.431,97878,9602,88276,247,25,25,6264192,254736,17,17,0
1125,1.144,0.248,0.000,1.392,1.450,97878,9602,88276,247,25,25,6264192,254736,17,17,0
1126,1.098,0.193,0.000,1.291,1.504,97878,9602,88276,247,25,25,6264192,254736,17,17,0
1127,1.107,0.222,0.000,1.329,1.397,97878,9602,88276,247,25,25,6264192,254736,17,17,0
1128,1.086,0.198,0.000,1.285,1.439,97878,9602,88276,247,25,25,6264192,254736,17,17,0
1129,1.093,0.205,0.000,1.297,1.395,97878,9602,88276,247,25,25,6264192,254736,17,17,0
1130,1.099,0.238,0.000,1.337,1.411,97878,9602,88276,247,25,25,6264192,254736,17,17,0
1131,1.084,0.210,0.000,1.294,1.448,97878,9602,88276,247,25,25,6264192,254736,17,17,0
1132,1.109,0.210,0.000,1.319,1.400,97878,9602,88276,247,25,25,6264192,254736,17,17,0
1133,1.125,0.257,0.000,1.382,1.430,97878,9602,88276,247,25,25,6264192,254736,17,17,0
1134,1.080,0.237,0.000,1.317,1.489,97878,9602,88276,247,25,25,6264192,254736,17,17,0
1135,1.086,0.203,0.000,1.289,1.426,97878,9602,88276,247,25,25,6264192,254736,17,17,0
1136,1.099,0.217,0.000,1.316,1.398,97878,9602,88276,247,25,25,6264192,254736,17,17,0
1137,1.116,0.228,0.000,1.344,1.428,97878,9602,88276,247,25,25,6264192,254736,17,17,0
1138,1.088,0.273,0.000,1.361,1.452,97878,9602,88276,247,25,25,6264192,254736,17,17,0
1139,1.226,0.225,0.000,1.451,1.483,97878,9602,88276,247,25,25,6264192,254736,17,17,0
1140,1.124,0.243,0.000,1.367,1.560,97878,9602,88276,247,25,25,6264192,254736,17,17,0
1141,1.081,0.227,0.000,1.308,1.477,97878,9602,88276,247,25,25,6264192,254736,17,17,0
1142,1.141,0.243,0.000,1.384,1.413,97878,9602,88276,247,25,25,6264192,254736,17,17,0
1143,1.127,0.238,0.000,1.365,1.495,97878,9602,88276,247,25,25,6264192,254736,17,17,0
1144,1.093,0.245,0.000,1.337,1.478,97878,9602,88276,247,25,25,6264192,254736,17,17,0
1145,1.099,0.249,0.000,1.348,1.451,97878,9602,88276,247,25,25,6264192,254736,17,17,0
1146,1.101,0.235,0.000,1.336,1.457,97878,9602,88276,247,25,25,6264192,254736,17,17,0
1147,1.084,0.240,0.000,1.325,1.450,97878,9602,88276,247,25,25,6264192,254736,17,17,0
1148,1.139,0.228,0.000,1.366,1.436,97878,9602,88276,247,25,25,6264192,254736,17,17,0
1149,1.092,0.225,0.000,1.318,1.475,97878,9602,88276,247,25,25,6264192,254736,17,17,0
1150,1.066,0.229,0.000,1.295,1.428,97878,9602,88276,247,25,25,6264192,254736,17,17,0
1151,1.096,0.228,0.000,1.324,1.406,97878,9602,88276,247,25,25,6264192,254736,17,17,0
1152,1.080,0.224,0.000,1.304,1.435,97878,9602,88276,247,25,25,6264192,254736,17,17,0
1153,1.109,0.213,0.000,1.322,1.413,97878,9602,88276,247,25,25,6264192,254736,17,17,0
1154,1.132,0.213,0.000,1.345,1.434,97878,9602,88276,247,25,25,6264192,254736,17,17,0
1155,1.097,0.240,0.000,1.337,1.456,97878,9602,88276,247,25,25,6264192,254736,17,17,0
1156,1.085,0.223,0.000,1.308,1.446,97878,9602,88276,247,25,25,6264192,254736,17,17,0
1157,1.092,0.226,0.000,1.318,1.417,97878,9602,88276,247,25,25,6264192,254736,17,17,0
1158,1.113,0.244,0.000,1.357,1.420,97878,9602,88276,247,25,25,6264192,254736,17,17,0
1159,1.100,0.253,0.000,1.353,1.470,97878,9602,88276,247,25,25,6264192,254736,17,17,0
1160,1.121,0.229,0.000,1.350,1.459,97878,9602,88276,247,25,25,6264192,254736,17,17,0
1161,1.083,0.200,0.000,1.283,1.463,97878,9602,88276,247,25,25,6264192,254736,17,17,0
1162,1.111,0.231,0.000,1.342,1.393,97878,9602,88276,247,25,25,6264192,254736,17,17,0
1163,1.097,0.226,0.000,1.323,1.448,97878,9602,88276,247,25,25,6264192,254736,17,17,0
1164,1.094,0.227,0.000,1.321,1.432,97878,9602,88276,247,25,25,6264192,254736,17,17,0
1165,1.104,0.247,0.000,1.351,1.433,97878,9602,88276,247,25,25,6264192,254736,17,17,0
1166,1.061,0.241,0.000,1.302,1.460,97878,9602,88276,247,25,25,6264192,254736,17,17,0
1167,1.022,0.193,0.000,1.215,1.400,97878,9602,88276,247,25,25,6264192,254736,17,17,0
1168,1.101,0.197,0.000,1.298,1.306,97878,9602,88276,247,25,25,6264192,254736,17,17,0
1169,1.081,0.248,0.000,1.329,1.408,97878,9602,88276,247,25,25,6264192,254736,17,17,0
1170,1.099,0.243,0.000,1.341,1.445,97878,9602,88276,247,25,25,6264192,254736,17,17,0
1171,1.127,0.238,0.000,1.366,1.454,97878,9602,88276,247,25,25,6264192,254736,17,17,0
1172,1.120,0.211,0.000,1.331,1.475,97878,9602,88276,247,25,25,6264192,254736,17,17,0
1173,1.109,0.220,0.000,1.328,1.442,97878,9602,88276,247,25,25,6264192,254736,17,17,0
1174,1.104,0.233,0.000,1.337,1.438,97878,9602,88276,247,25,25,6264192,254736,17,17,0
1175,1.088,0.239,0.000,1.326,1.449,97878,9602,88276,247,25,25,6264192,254736,17,17,0
1176,1.101,0.219,0.000,1.320,1.437,97878,9602,88276,247,25,25,6264192,254736,17,17,0
1177,1.116,0.224,0.000,1.341,1.429,97878,9602,88276,247,25,25,6264192,254736,17,17,0
1178,1.122,0.231,0.000,1.352,1.452,97878,9602,88276,247,25,25,6264192,254736,17,17,0
1179,1.091,0.231,0.000,1.321,1.463,97878,9602,88276,247,25,25,6264192,254736,17,17,0
1180,1.087,0.234,0.000,1.321,1.427,97878,9602,88276,247,25,25,6264192,254736,17,17,0
1181,1.070,0.230,0.000,1.300,1.433,97878,9602,88276,247,25,25,6264192,254736,17,17,0
1182,1.101,0.243,0.000,1.344,1.409,97878,9602,88276,247,25,25,6264192,254736,17,17,0
1183,1.099,0.238,0.000,1.338,1.452,97878,9602,88276,247,25,25,6264192,254736,17,17,0
1184,1.106,0.211,0.000,1.317,1.447,97878,9602,88276,247,25,25,6264192,254736,17,17,0
1185,1.108,0.229,0.000,1.337,1.424,97878,9602,88276,247,25,25,6264192,254736,17,17,0
1186,1.082,0.221,0.000,1.303,1.448,97878,9602,88276,247,25,25,6264192,254736,17,17,0
1187,1.093,0.218,0.000,1.311,1.411,97878,9602,88276,247,25,25,6264192,254736,17,17,0
1188,1.107,0.233,0.000,1.340,1.423,97878,9602,88276,247,25,25,6264192,254736,17,17,0
1189,1.100,0.206,0.000,1.307,1.451,97878,9602,88276,247,25,25,6264192,254736,17,17,0
1190,1.083,0.236,0.000,1.319,1.415,97878,9602,88276,247,25,25,6264192,254736,17,17,0
1191,1.085,0.240,0.000,1.326,1.422,97878,9602,88276,247,25,25,6264192,254736,17,17,0
1192,1.140,0.241,0.000,1.381,1.456,97878,9602,88276,247,25,25,6264192,254736,17,17,0
1193,1.112,0.238,0.000,1.350,1.494,97878,9602,88276,247,25,25,6264192,254736,17,17,0
1194,1.134,0.240,0.000,1.374,1.462,97878,9602,88276,247,25,25,6264192,254736,17,17,0
1195,1.120,0.219,0.000,1.339,1.490,97878,9602,88276,247,25,25,6264192,254736,17,17,0
1196,1.095,0.212,0.000,1.307,1.452,97878,9602,88276,247,25,25,6264192,254736,17,17,0
1197,1.072,0.254,0.000,1.326,1.422,97878,9602,88276,247,25,25,6264192,254736,17,17,0
1198,1.078,0.222,0.000,1.300,1.429,97878,9602,88276,247,25,25,6264192,254736,17,17,0
1199,1.116,0.215,0.000,1.332,1.411,97878,9602,88276,247,25,25,6264192,254736,17,17,0
1200,1.552,0.251,0.000,1.803,1.440,97878,9602,88276,247,25,25,6264192,254736,17,17,0
