frame,update_ms,render_ms,swap_ms,frame_ms,loop_ms,total_vertices,visible_vertices,culled_vertices,total_batches,visible_batches,draw_calls,vbo_bytes,index_bytes,texture_binds,material_changes,reflection_passes
1,1.527,0.620,0.000,2.147,2.147,697965,1781607,0,811,761,761,44669760,1412988,394,422,0
2,1.520,0.658,0.000,2.178,2.330,697965,1781607,0,811,761,761,44669760,1412988,394,422,0
3,1.537,0.658,0.000,2.195,2.314,697965,1781607,0,811,761,761,44669760,1412988,394,422,0
4,1.517,0.637,0.000,2.153,2.327,697965,1781607,0,811,761,761,44669760,1412988,394,422,0
5,1.502,0.624,0.000,2.126,2.279,697965,1781607,0,811,761,761,44669760,1412988,394,422,0
6,1.517,0.627,0.000,2.145,2.251,697965,1781607,0,811,761,761,44669760,1412988,394,422,0
7,1.539,0.650,0.000,2.189,2.268,697965,1781607,0,811,761,761,44669760,1412988,394,422,0
8,1.487,0.626,0.000,2.113,2.311,697965,1781607,0,811,761,761,44669760,1412988,394,422,0
9,1.459,0.639,0.000,2.099,2.250,697965,1781607,0,811,761,761,44669760,1412988,394,422,0
10,1.539,0.689,0.000,2.228,2.249,697965,1781607,0,811,761,761,44669760,1412988,394,422,0
11,1.499,0.637,0.000,2.136,2.366,697965,1781607,0,811,761,761,44669760,1412988,394,422,0
12,1.461,0.644,0.000,2.105,2.271,697965,1781607,0,811,761,761,44669760,1412988,394,422,0
13,1.505,0.654,0.000,2.160,2.235,697965,1781607,0,811,761,761,44669760,1412988,394,422,0
14,1.526,0.653,0.000,2.178,2.298,697965,1781607,0,811,761,761,44669760,1412988,394,422,0
15,1.519,0.641,0.000,2.160,2.314,697965,1781607,0,811,761,761,44669760,1412988,394,422,0
16,1.496,0.635,0.000,2.131,2.295,697965,1781607,0,811,761,761,44669760,1412988,394,422,0
17,1.504,0.655,0.000,2.159,2.255,697965,1781607,0,811,761,761,44669760,1412988,394,422,0
18,1.493,0.640,0.000,2.133,2.282,697965,1781607,0,811,761,761,44669760,1412988,394,422,0
19,1.569,0.665,0.000,2.235,2.261,697965,1781607,0,811,761,761,44669760,1412988,394,422,0
20,1.528,0.646,0.000,2.174,2.361,697965,1781607,0,811,761,761,44669760,1412988,394,422,0
21,1.508,0.643,0.000,2.150,2.310,697965,1781607,0,811,761,761,44669760,1412988,394,422,0
22,1.528,0.665,0.000,2.193,2.272,697965,1781607,0,811,761,761,44669760,1412988,394,422,0
23,1.567,0.657,0.000,2.224,2.320,697965,1781607,0,811,761,761,44669760,1412988,394,422,0
24,1.486,0.635,0.000,2.121,2.357,697965,1781607,0,811,761,761,44669760,1412988,394,422,0
25,1.532,0.667,0.000,2.199,2.253,697965,1781607,0,811,761,761,44669760,1412988,394,422,0
26,1.549,0.663,0.000,2.212,2.350,697965,1781607,0,811,761,761,44669760,1412988,394,422,0
27,1.499,0.656,0.000,2.155,2.363,697965,1781607,0,811,761,761,44669760,1412988,394,422,0
28,1.517,0.641,0.000,2.158,2.285,697965,1781607,0,811,761,761,44669760,1412988,394,422,0
29,1.535,0.672,0.000,2.208,2.277,697965,1781607,0,811,761,761,44669760,1412988,394,422,0
30,1.523,0.651,0.000,2.173,2.335,697965,1781607,0,811,761,761,44669760,1412988,394,422,0
31,1.518,0.666,0.000,2.184,2.297,697965,1781607,0,811,761,761,44669760,1412988,394,422,0
32,1.534,0.645,0.000,2.179,2.309,697965,1781607,0,811,761,761,44669760,1412988,394,422,0
33,1.522,0.668,0.000,2.189,2.307,697965,1781607,0,811,761,761,44669760,1412988,394,422,0
34,1.513,0.650,0.000,2.163,2.318,697965,1781607,0,811,761,761,44669760,1412988,394,422,0
35,1.509,0.659,0.000,2.167,2.286,697965,1781607,0,811,761,761,44669760,1412988,394,422,0
36,1.538,0.618,0.000,2.156,2.285,697965,1781607,0,811,761,761,44669760,1412988,394,422,0
37,1.500,0.655,0.000,2.155,2.274,697965,1781607,0,811,761,761,44669760,1412988,394,422,0
38,1.541,0.641,0.000,2.182,2.282,697965,1781607,0,811,761,761,44669760,1412988,394,422,0
39,1.481,0.629,0.000,2.111,2.313,697965,1781607,0,811,761,761,44669760,1412988,394,422,0
40,1.471,0.628,0.000,2.099,2.257,697965,1781607,0,811,761,761,44669760,1412988,394,422,0
41,1.459,0.635,0.000,2.094,2.232,697965,1781607,0,811,761,761,44669760,1412988,394,422,0
42,1.498,0.649,0.000,2.147,2.216,697965,1781607,0,811,761,761,44669760,1412988,394,422,0
43,1.511,0.661,0.000,2.172,2.265,697965,1781607,0,811,761,761,44669760,1412988,394,422,0
44,1.505,0.651,0.000,2.156,2.302,697965,1781607,0,811,761,761,44669760,1412988,394,422,0
45,1.519,0.651,0.000,2.170,2.316,697965,1781607,0,811,761,761,44669760,1412988,394,422,0
46,1.486,0.619,0.000,2.105,2.282,697965,1781607,0,811,761,761,44669760,1412988,394,422,0
47,1.490,0.657,0.000,2.147,2.206,697965,1781607,0,811,761,761,44669760,1412988,394,422,0
48,1.478,0.642,0.000,2.120,2.243,697965,1781607,0,811,761,761,44669760,1412988,394,422,0
49,1.527,0.646,0.000,2.173,2.224,697965,1781607,0,811,761,761,44669760,1412988,394,422,0
50,1.524,0.690,0.000,2.214,2.291,697965,1781607,0,811,761,761,44669760,1412988,394,422,0
51,1.548,0.661,0.000,2.208,2.327,697965,1781607,0,811,761,761,44669760,1412988,394,422,0
52,1.496,0.624,0.000,2.120,2.312,697965,1781607,0,811,761,761,44669760,1412988,394,422,0
53,1.509,0.637,0.000,2.146,2.221,697965,1781607,0,811,761,761,44669760,1412988,394,422,0
54,1.500,0.642,0.000,2.141,2.243,697965,1781607,0,811,761,761,44669760,1412988,394,422,0
55,1.583,0.640,0.000,2.223,2.239,697965,1781607,0,811,761,761,44669760,1412988,394,422,0
56,1.488,0.602,0.000,2.090,2.322,697965,1781607,0,811,761,761,44669760,1412988,394,422,0
57,1.498,0.614,0.000,2.113,2.193,697965,1781607,0,811,761,761,44669760,1412988,394,422,0
58,1.514,0.640,0.000,2.154,2.209,697965,1781607,0,811,761,761,44669760,1412988,394,422,0
59,1.520,0.621,0.000,2.141,2.257,697965,1781607,0,811,761,761,44669760,1412988,394,422,0
60,1.483,0.632,0.000,2.115,2.232,697965,1781607,0,811,761,761,44669760,1412988,394,422,0
61,1.513,0.646,0.000,2.158,2.208,697965,1781607,0,811,761,761,44669760,1412988,394,422,0
62,1.544,0.664,0.000,2.207,2.279,697965,1781607,0,811,761,761,44669760,1412988,394,422,0
63,1.519,0.678,0.000,2.196,2.320,697965,1781607,0,811,761,761,44669760,1412988,394,422,0
64,1.507,0.644,0.000,2.152,2.306,697965,1781607,0,811,761,761,44669760,1412988,394,422,0
65,1.517,0.651,0.000,2.168,2.253,697965,1781607,0,811,761,761,44669760,1412988,394,422,0
66,1.529,0.669,0.000,2.198,2.278,697965,1781607,0,811,761,761,44669760,1412988,394,422,0
67,1.499,0.647,0.000,2.147,2.302,697965,1781607,0,811,761,761,44669760,1412988,394,422,0
68,1.525,0.656,0.000,2.182,2.243,697965,1781607,0,811,761,761,44669760,1412988,394,422,0
69,1.513,0.641,0.000,2.154,2.277,697965,1781607,0,811,761,761,44669760,1412988,394,422,0
70,1.491,0.646,0.000,2.138,2.258,697965,1781607,0,811,761,761,44669760,1412988,394,422,0
71,1.512,0.647,0.000,2.159,2.245,697965,1781607,0,811,761,761,44669760,1412988,394,422,0
72,1.477,0.627,0.000,2.104,2.262,697965,1781607,0,811,761,761,44669760,1412988,394,422,0
73,1.497,0.622,0.000,2.118,2.196,697965,1781607,0,811,761,761,44669760,1412988,394,422,0
74,1.554,0.632,0.000,2.187,2.227,697965,1781607,0,811,761,761,44669760,1412988,394,422,0
75,1.520,0.662,0.000,2.182,2.296,697965,1781607,0,811,761,761,44669760,1412988,394,422,0
76,1.498,0.660,0.000,2.157,2.290,697965,1781607,0,811,761,761,44669760,1412988,394,422,0
77,1.520,0.648,0.000,2.168,2.262,697965,1781607,0,811,761,761,44669760,1412988,394,422,0
78,1.535,0.657,0.000,2.192,2.262,697965,1781607,0,811,761,761,44669760,1412988,394,422,0
79,1.526,0.640,0.000,2.166,2.288,697965,1781607,0,811,761,761,44669760,1412988,394,422,0
80,1.549,0.665,0.000,2.213,2.263,697965,1781607,0,811,761,761,44669760,1412988,394,422,0
81,1.507,0.623,0.000,2.130,2.310,697965,1781607,0,811,761,761,44669760,1412988,394,422,0
82,1.462,0.614,0.000,2.076,2.234,697965,1781607,0,811,761,761,44669760,1412988,394,422,0
83,1.482,0.646,0.000,2.128,2.164,697965,1781607,0,811,761,761,44669760,1412988,394,422,0
84,1.519,0.640,0.000,2.159,2.229,697965,1781607,0,811,761,761,44669760,1412988,394,422,0
85,1.482,0.621,0.000,2.103,2.257,697965,1781607,0,811,761,761,44669760,1412988,394,422,0
86,1.472,0.628,0.000,2.100,2.210,697965,1781607,0,811,761,761,44669760,1412988,394,422,0
87,1.515,0.655,0.000,2.170,2.191,697965,1781607,0,811,761,761,44669760,1412988,394,422,0
88,1.531,0.647,0.000,2.178,2.268,697965,1781607,0,811,761,761,44669760,1412988,394,422,0
89,1.498,0.646,0.000,2.144,2.303,697965,1781607,0,811,761,761,44669760,1412988,394,422,0
90,1.510,0.646,0.000,2.156,2.250,697965,1781607,0,811,761,761,44669760,1412988,394,422,0
91,1.455,0.623,0.000,2.078,2.272,697965,1781607,0,811,761,761,44669760,1412988,394,422,0
92,1.504,0.640,0.000,2.144,2.181,697965,1781607,0,811,761,761,44669760,1412988,394,422,0
93,1.480,0.631,0.000,2.111,2.235,697965,1781607,0,811,761,761,44669760,1412988,394,422,0
94,1.502,0.648,0.000,2.150,2.213,697965,1781607,0,811,761,761,44669760,1412988,394,422,0
95,1.539,0.639,0.000,2.179,2.260,697965,1781607,0,811,761,761,44669760,1412988,394,422,0
96,1.528,0.658,0.000,2.186,2.282,697965,1781607,0,811,761,761,44669760,1412988,394,422,0
97,1.518,0.645,0.000,2.163,2.280,697965,1781607,0,811,761,761,44669760,1412988,394,422,0
98,1.494,0.626,0.000,2.120,2.259,697965,1781607,0,811,761,761,44669760,1412988,394,422,0
99,1.524,0.633,0.000,2.157,2.219,697965,1781607,0,811,761,761,44669760,1412988,394,422,0
100,1.472,0.634,0.000,2.106,2.271,697965,1781607,0,811,761,761,44669760,1412988,394,422,0
101,1.481,0.640,0.000,2.121,2.211,697965,1781607,0,811,761,761,44669760,1412988,394,422,0
102,1.506,0.629,0.000,2.135,2.214,697965,1781607,0,811,761,761,44669760,1412988,394,422,0
103,1.480,0.659,0.000,2.139,2.234,697965,1781607,0,811,761,761,44669760,1412988,394,422,0
104,1.518,0.638,0.000,2.156,2.236,697965,1781607,0,811,761,761,44669760,1412988,394,422,0
105,1.530,0.653,0.000,2.183,2.258,697965,1781607,0,811,761,761,44669760,1412988,394,422,0
106,1.539,0.647,0.000,2.186,2.280,697965,1781607,0,811,761,761,44669760,1412988,394,422,0
107,1.540,0.635,0.000,2.175,2.279,697965,1781607,0,811,761,761,44669760,1412988,394,422,0
108,1.499,0.684,0.000,2.183,2.279,697965,1781607,0,811,761,761,44669760,1412988,394,422,0
109,1.506,0.657,0.000,2.163,2.293,697965,1781607,0,811,761,761,44669760,1412988,394,422,0
110,1.478,0.644,0.000,2.122,2.266,697965,1781607,0,811,761,761,44669760,1412988,394,422,0
111,1.490,0.636,0.000,2.126,2.213,697965,1781607,0,811,761,761,44669760,1412988,394,422,0
112,1.488,0.626,0.000,2.114,2.223,697965,1781607,0,811,761,761,44669760,1412988,394,422,0
113,1.473,0.630,0.000,2.103,2.222,697965,1781607,0,811,761,761,44669760,1412988,394,422,0
114,1.493,0.654,0.000,2.147,2.193,697965,1781607,0,811,761,761,44669760,1412988,394,422,0
115,1.524,0.632,0.000,2.156,2.245,697965,1781607,0,811,761,761,44669760,1412988,394,422,0
116,1.501,0.672,0.000,2.173,2.256,697965,1781607,0,811,761,761,44669760,1412988,394,422,0
117,1.444,0.645,0.000,2.089,2.275,697965,1781607,0,811,761,761,44669760,1412988,394,422,0
118,1.487,0.630,0.000,2.118,2.185,697965,1781607,0,811,761,761,44669760,1412988,394,422,0
119,1.506,0.618,0.000,2.124,2.214,697965,1781607,0,811,761,761,44669760,1412988,394,422,0
120,1.478,0.652,0.000,2.130,2.230,697965,1781607,0,811,761,761,44669760,1412988,394,422,0
121,1.640,0.795,0.000,2.435,2.224,697965,1781607,0,811,761,761,44669760,1412988,394,422,0
122,1.651,0.663,0.000,2.314,2.538,697965,1781607,0,811,761,761,44669760,1412988,394,422,0
123,1.511,0.665,0.000,2.176,2.414,697965,1781607,0,811,761,761,44669760,1412988,394,422,0
124,1.491,0.644,0.000,2.135,2.281,697965,1781607,0,811,761,761,44669760,1412988,394,422,0
125,1.644,0.685,0.000,2.329,2.243,697965,1781607,0,811,761,761,44669760,1412988,394,422,0
126,1.487,0.649,0.000,2.136,2.434,697965,1781607,0,811,761,761,44669760,1412988,394,422,0
127,1.497,0.638,0.000,2.135,2.239,697965,1781607,0,811,761,761,44669760,1412988,394,422,0
128,1.526,0.671,0.000,2.197,2.231,697965,1781607,0,811,761,761,44669760,1412988,394,422,0
129,1.564,0.711,0.000,2.276,2.305,697965,1781607,0,811,761,761,44669760,1412988,394,422,0
130,1.476,0.659,0.000,2.135,2.394,697965,1781607,0,811,761,761,44669760,1412988,394,422,0
131,1.577,0.660,0.000,2.237,2.236,697965,1781607,0,811,761,761,44669760,1412988,394,422,0
132,1.590,0.656,0.000,2.246,2.345,697965,1781607,0,811,761,761,44669760,1412988,394,422,0
133,1.489,0.638,0.000,2.126,2.350,697965,1781607,0,811,761,761,44669760,1412988,394,422,0
134,1.505,0.635,0.000,2.140,2.235,697965,1781607,0,811,761,761,44669760,1412988,394,422,0
135,1.504,0.634,0.000,2.139,2.240,697965,1781607,0,811,761,761,44669760,1412988,394,422,0
136,1.537,0.614,0.000,2.151,2.231,697965,1781607,0,811,761,761,44669760,1412988,394,422,0
137,1.540,0.622,0.000,2.162,2.267,697965,1781607,0,811,761,761,44669760,1412988,394,422,0
138,1.506,0.638,0.000,2.144,2.260,697965,1781607,0,811,761,761,44669760,1412988,394,422,0
139,1.499,0.633,0.000,2.131,2.247,697965,1781607,0,811,761,761,44669760,1412988,394,422,0
140,1.553,0.632,0.000,2.185,2.227,697965,1781607,0,811,761,761,44669760,1412988,394,422,0
141,1.516,0.642,0.000,2.159,2.278,697965,1781607,0,811,761,761,44669760,1412988,394,422,0
142,1.516,0.645,0.000,2.160,2.264,697965,1781607,0,811,761,761,44669760,1412988,394,422,0
143,1.515,0.630,0.000,2.146,2.263,697965,1781607,0,811,761,761,44669760,1412988,394,422,0
144,1.487,0.632,0.000,2.120,2.245,697965,1781607,0,811,761,761,44669760,1412988,394,422,0
145,1.488,0.643,0.000,2.130,2.213,697965,1781607,0,811,761,761,44669760,1412988,394,422,0
146,1.520,0.638,0.000,2.158,2.223,697965,1781607,0,811,761,761,44669760,1412988,394,422,0
147,1.504,0.643,0.000,2.148,2.253,697965,1781607,0,811,761,761,44669760,1412988,394,422,0
148,1.462,0.627,0.000,2.089,2.252,697965,1781607,0,811,761,761,44669760,1412988,394,422,0
149,1.514,0.628,0.000,2.141,2.190,697965,1781607,0,811,761,761,44669760,1412988,394,422,0
150,1.496,0.633,0.000,2.130,2.231,697965,1781607,0,811,761,761,44669760,1412988,394,422,0
151,1.594,1.047,0.000,2.642,2.230,697965,1781607,0,811,761,761,44669760,1412988,394,422,0
152,1.477,0.614,0.000,2.091,2.743,697965,1781607,0,811,761,761,44669760,1412988,394,422,0
153,1.497,0.674,0.000,2.171,2.195,697965,1781607,0,811,761,761,44669760,1412988,394,422,0
154,1.515,0.656,0.000,2.171,2.264,697965,1781607,0,811,761,761,44669760,1412988,394,422,0
155,1.541,0.636,0.000,2.176,2.270,697965,1781607,0,811,761,761,44669760,1412988,394,422,0
156,1.502,0.627,0.000,2.129,2.273,697965,1781607,0,811,761,761,44669760,1412988,394,422,0
157,1.465,0.620,0.000,2.085,2.233,697965,1781607,0,811,761,761,44669760,1412988,394,422,0
158,1.510,0.620,0.000,2.130,2.179,697965,1781607,0,811,761,761,44669760,1412988,394,422,0
159,1.522,0.643,0.000,2.166,2.235,697965,1781607,0,811,761,761,44669760,1412988,394,422,0
160,1.481,0.611,0.000,2.091,2.269,697965,1781607,0,811,761,761,44669760,1412988,394,422,0
161,1.504,0.648,0.000,2.152,2.182,697965,1781607,0,811,761,761,44669760,1412988,394,422,0
162,1.497,0.648,0.000,2.145,2.257,697965,1781607,0,811,761,761,44669760,1412988,394,422,0
163,1.484,0.638,0.000,2.121,2.249,697965,1781607,0,811,761,761,44669760,1412988,394,422,0
164,1.482,0.633,0.000,2.115,2.215,697965,1781607,0,811,761,761,44669760,1412988,394,422,0
165,1.514,0.627,0.000,2.140,2.208,697965,1781607,0,811,761,761,44669760,1412988,394,422,0
166,1.519,0.634,0.000,2.153,2.236,697965,1781607,0,811,761,761,44669760,1412988,394,422,0
167,1.519,0.627,0.000,2.146,2.250,697965,1781607,0,811,761,761,44669760,1412988,394,422,0
168,1.580,0.679,0.000,2.259,2.238,697965,1781607,0,811,761,761,44669760,1412988,394,422,0
169,1.543,0.675,0.000,2.218,2.357,697965,1781607,0,811,761,761,44669760,1412988,394,422,0
170,1.528,0.689,0.000,2.218,2.327,697965,1781607,0,811,761,761,44669760,1412988,394,422,0
171,1.523,0.646,0.000,2.169,2.318,697965,1781607,0,811,761,761,44669760,1412988,394,422,0
172,1.512,0.661,0.000,2.174,2.261,697965,1781607,0,811,761,761,44669760,1412988,394,422,0
173,1.505,0.632,0.000,2.137,2.270,697965,1781607,0,811,761,761,44669760,1412988,394,422,0
174,1.475,0.673,0.000,2.148,2.235,697965,1781607,0,811,761,761,44669760,1412988,394,422,0
175,1.503,0.647,0.000,2.150,2.238,697965,1781607,0,811,761,761,44669760,1412988,394,422,0
176,1.529,0.640,0.000,2.169,2.245,697965,1781607,0,811,761,761,44669760,1412988,394,422,0
177,1.483,0.635,0.000,2.117,2.265,697965,1781607,0,811,761,761,44669760,1412988,394,422,0
178,1.479,0.643,0.000,2.122,2.209,697965,1781607,0,811,761,761,44669760,1412988,394,422,0
179,1.548,0.647,0.000,2.195,2.217,697965,1781607,0,811,761,761,44669760,1412988,394,422,0
180,1.481,0.637,0.000,2.117,2.287,697965,1781607,0,811,761,761,44669760,1412988,394,422,0
181,1.472,0.644,0.000,2.116,2.222,697965,1781607,0,811,761,761,44669760,1412988,394,422,0
182,1.477,0.627,0.000,2.104,2.227,697965,1781607,0,811,761,761,44669760,1412988,394,422,0
183,1.496,0.647,0.000,2.143,2.196,697965,1781607,0,811,761,761,44669760,1412988,394,422,0
184,1.550,0.677,0.000,2.227,2.246,697965,1781607,0,811,761,761,44669760,1412988,394,422,0
185,1.506,0.649,0.000,2.155,2.329,697965,1781607,0,811,761,761,44669760,1412988,394,422,0
186,1.485,0.663,0.000,2.148,2.253,697965,1781607,0,811,761,761,44669760,1412988,394,422,0
187,1.493,0.616,0.000,2.109,2.238,697965,1781607,0,811,761,761,44669760,1412988,394,422,0
188,1.628,0.690,0.000,2.318,2.206,697965,1781607,0,811,761,761,44669760,1412988,394,422,0
189,1.507,0.683,0.000,2.190,2.410,697965,1781607,0,811,761,761,44669760,1412988,394,422,0
190,1.558,0.680,0.000,2.238,2.299,697965,1781607,0,811,761,761,44669760,1412988,394,422,0
191,1.495,0.649,0.000,2.144,2.339,697965,1781607,0,811,761,761,44669760,1412988,394,422,0
192,1.489,0.651,0.000,2.140,2.242,697965,1781607,0,811,761,761,44669760,1412988,394,422,0
193,1.508,0.641,0.000,2.149,2.241,697965,1781607,0,811,761,761,44669760,1412988,394,422,0
194,1.527,0.619,0.000,2.146,2.244,697965,1781607,0,811,761,761,44669760,1412988,394,422,0
195,1.549,0.686,0.000,2.235,2.237,697965,1781607,0,811,761,761,44669760,1412988,394,422,0
196,1.507,0.643,0.000,2.151,2.326,697965,1781607,0,811,761,761,44669760,1412988,394,422,0
197,1.496,0.635,0.000,2.131,2.245,697965,1781607,0,811,761,761,44669760,1412988,394,422,0
198,1.485,0.654,0.000,2.140,2.235,697965,1781607,0,811,761,761,44669760,1412988,394,422,0
199,1.534,0.672,0.000,2.206,2.240,697965,1781607,0,811,761,761,44669760,1412988,394,422,0
200,1.545,0.631,0.000,2.176,2.299,697965,1781607,0,811,761,761,44669760,1412988,394,422,0
201,1.484,0.613,0.000,2.097,2.270,697965,1781607,0,811,761,761,44669760,1412988,394,422,0
202,1.529,0.639,0.000,2.168,2.196,697965,1781607,0,811,761,761,44669760,1412988,394,422,0
203,1.504,0.639,0.000,2.142,2.267,697965,1781607,0,811,761,761,44669760,1412988,394,422,0
204,1.477,0.645,0.000,2.122,2.243,697965,1781607,0,811,761,761,44669760,1412988,394,422,0
205,1.504,0.626,0.000,2.130,2.218,697965,1781607,0,811,761,761,44669760,1412988,394,422,0
206,1.486,0.634,0.000,2.119,2.226,697965,1781607,0,811,761,761,44669760,1412988,394,422,0
207,1.468,0.642,0.000,2.110,2.222,697965,1781607,0,811,761,761,44669760,1412988,394,422,0
208,1.480,0.670,0.000,2.151,2.199,697965,1781607,0,811,761,761,44669760,1412988,394,422,0
209,1.494,0.648,0.000,2.143,2.248,697965,1781607,0,811,761,761,44669760,1412988,394,422,0
210,1.462,0.654,0.000,2.116,2.245,697965,1781607,0,811,761,761,44669760,1412988,394,422,0
211,1.510,0.652,0.000,2.162,2.224,697965,1781607,0,811,761,761,44669760,1412988,394,422,0
212,1.520,0.644,0.000,2.165,2.253,697965,1781607,0,811,761,761,44669760,1412988,394,422,0
213,1.492,0.670,0.000,2.163,2.272,697965,1781607,0,811,761,761,44669760,1412988,394,422,0
214,1.522,0.644,0.000,2.166,2.262,697965,1781607,0,811,761,761,44669760,1412988,394,422,0
215,1.487,0.645,0.000,2.132,2.263,697965,1781607,0,811,761,761,44669760,1412988,394,422,0
216,1.490,0.649,0.000,2.139,2.229,697965,1781607,0,811,761,761,44669760,1412988,394,422,0
217,1.496,0.634,0.000,2.129,2.230,697965,1781607,0,811,761,761,44669760,1412988,394,422,0
218,1.479,0.638,0.000,2.117,2.232,697965,1781607,0,811,761,761,44669760,1412988,394,422,0
219,1.526,0.672,0.000,2.198,2.218,697965,1781607,0,811,761,761,44669760,1412988,394,422,0
220,1.490,0.618,0.000,2.108,2.290,697965,1781607,0,811,761,761,44669760,1412988,394,422,0
221,1.497,0.631,0.000,2.128,2.205,697965,1781607,0,811,761,761,44669760,1412988,394,422,0
222,1.498,0.623,0.000,2.121,2.221,697965,1781607,0,811,761,761,44669760,1412988,394,422,0
223,1.482,0.641,0.000,2.123,2.212,697965,1781607,0,811,761,761,44669760,1412988,394,422,0
224,1.493,0.617,0.000,2.109,2.217,697965,1781607,0,811,761,761,44669760,1412988,394,422,0
225,1.460,0.614,0.000,2.074,2.214,697965,1781607,0,811,761,761,44669760,1412988,394,422,0
226,1.508,0.634,0.000,2.142,2.164,697965,1781607,0,811,761,761,44669760,1412988,394,422,0
227,1.464,0.641,0.000,2.106,2.239,697965,1781607,0,811,761,761,44669760,1412988,394,422,0
228,1.498,0.652,0.000,2.150,2.237,697965,1781607,0,811,761,761,44669760,1412988,394,422,0
229,1.481,0.659,0.000,2.140,2.257,697965,1781607,0,811,761,761,44669760,1412988,394,422,0
230,1.515,0.646,0.000,2.161,2.228,697965,1781607,0,811,761,761,44669760,1412988,394,422,0
231,1.522,0.620,0.000,2.142,2.255,697965,1781607,0,811,761,761,44669760,1412988,394,422,0
232,1.494,0.653,0.000,2.146,2.241,697965,1781607,0,811,761,761,44669760,1412988,394,422,0
233,1.524,0.657,0.000,2.181,2.248,697965,1781607,0,811,761,761,44669760,1412988,394,422,0
234,1.491,0.637,0.000,2.128,2.275,697965,1781607,0,811,761,761,44669760,1412988,394,422,0
235,1.518,0.627,0.000,2.145,2.229,697965,1781607,0,811,761,761,44669760,1412988,394,422,0
236,1.489,0.645,0.000,2.135,2.239,697965,1781607,0,811,761,761,44669760,1412988,394,422,0
237,1.473,0.589,0.000,2.061,2.232,697965,1781607,0,811,761,761,44669760,1412988,394,422,0
238,1.528,0.627,0.000,2.155,2.154,697965,1781607,0,811,761,761,44669760,1412988,394,422,0
239,1.518,0.639,0.000,2.157,2.253,697965,1781607,0,811,761,761,44669760,1412988,394,422,0
240,1.501,0.639,0.000,2.139,2.258,697965,1781607,0,811,761,761,44669760,1412988,394,422,0
241,1.485,0.641,0.000,2.126,2.236,697965,1781607,0,811,761,761,44669760,1412988,394,422,0
242,1.523,0.639,0.000,2.162,2.220,697965,1781607,0,811,761,761,44669760,1412988,394,422,0
243,1.468,0.629,0.000,2.097,2.260,697965,1781607,0,811,761,761,44669760,1412988,394,422,0
244,1.513,0.644,0.000,2.157,2.197,697965,1781607,0,811,761,761,44669760,1412988,394,422,0
245,1.514,0.638,0.000,2.152,2.247,697965,1781607,0,811,761,761,44669760,1412988,394,422,0
246,1.509,0.628,0.000,2.136,2.255,697965,1781607,0,811,761,761,44669760,1412988,394,422,0
247,1.464,0.630,0.000,2.094,2.240,697965,1781607,0,811,761,761,44669760,1412988,394,422,0
248,1.497,0.634,0.000,2.131,2.183,697965,1781607,0,811,761,761,44669760,1412988,394,422,0
249,1.522,0.641,0.000,2.163,2.237,697965,1781607,0,811,761,761,44669760,1412988,394,422,0
250,1.453,0.623,0.000,2.075,2.264,697965,1781607,0,811,761,761,44669760,1412988,394,422,0
251,1.482,0.624,0.000,2.106,2.163,697965,1781607,0,811,761,761,44669760,1412988,394,422,0
252,1.506,0.639,0.000,2.145,2.210,697965,1781607,0,811,761,761,44669760,1412988,394,422,0
253,1.483,0.654,0.000,2.137,2.243,697965,1781607,0,811,761,761,44669760,1412988,394,422,0
254,1.471,0.616,0.000,2.087,2.238,697965,1781607,0,811,761,761,44669760,1412988,394,422,0
255,1.459,0.619,0.000,2.078,2.178,697965,1781607,0,811,761,761,44669760,1412988,394,422,0
256,1.494,0.640,0.000,2.134,2.171,697965,1781607,0,811,761,761,44669760,1412988,394,422,0
257,1.499,0.647,0.000,2.146,2.236,697965,1781607,0,811,761,761,44669760,1412988,394,422,0
258,1.496,0.663,0.000,2.159,2.252,697965,1781607,0,811,761,761,44669760,1412988,394,422,0
259,1.524,0.666,0.000,2.190,2.256,697965,1781607,0,811,761,761,44669760,1412988,394,422,0
260,1.524,0.640,0.000,2.164,2.286,697965,1781607,0,811,761,761,44669760,1412988,394,422,0
261,1.490,0.634,0.000,2.124,2.268,697965,1781607,0,811,761,761,44669760,1412988,394,422,0
262,1.483,0.623,0.000,2.106,2.229,697965,1781607,0,811,761,761,44669760,1412988,394,422,0
263,1.493,0.643,0.000,2.136,2.202,697965,1781607,0,811,761,761,44669760,1412988,394,422,0
264,1.479,0.590,0.000,2.069,2.231,697965,1781607,0,811,761,761,44669760,1412988,394,422,0
265,1.495,0.622,0.000,2.117,2.166,697965,1781607,0,811,761,761,44669760,1412988,394,422,0
266,1.509,0.651,0.000,2.160,2.207,697965,1781607,0,811,761,761,44669760,1412988,394,422,0
267,1.519,0.628,0.000,2.148,2.265,697965,1781607,0,811,761,761,44669760,1412988,394,422,0
268,1.463,0.640,0.000,2.103,2.249,697965,1781607,0,811,761,761,44669760,1412988,394,422,0
269,1.503,0.660,0.000,2.163,2.207,697965,1781607,0,811,761,761,44669760,1412988,394,422,0
270,1.463,0.636,0.000,2.100,2.253,697965,1781607,0,811,761,761,44669760,1412988,394,422,0
271,1.500,0.641,0.000,2.141,2.199,697965,1781607,0,811,761,761,44669760,1412988,394,422,0
272,1.401,0.619,0.000,2.020,2.239,697965,1781607,0,811,761,761,44669760,1412988,394,422,0
273,1.396,0.627,0.000,2.023,2.133,697965,1781607,0,811,761,761,44669760,1412988,394,422,0
274,1.525,0.635,0.000,2.160,2.120,697965,1781607,0,811,761,761,44669760,1412988,394,422,0
275,1.497,0.629,0.000,2.127,2.270,697965,1781607,0,811,761,761,44669760,1412988,394,422,0
276,1.483,0.631,0.000,2.114,2.218,697965,1781607,0,811,761,761,44669760,1412988,394,422,0
277,1.509,0.617,0.000,2.126,2.206,697965,1781607,0,811,761,761,44669760,1412988,394,422,0
278,1.501,0.618,0.000,2.119,2.224,697965,1781607,0,811,761,761,44669760,1412988,394,422,0
279,1.480,0.614,0.000,2.094,2.209,697965,1781607,0,811,761,761,44669760,1412988,394,422,0
280,1.519,0.653,0.000,2.171,2.184,697965,1781607,0,811,761,761,44669760,1412988,394,422,0
281,1.482,0.648,0.000,2.130,2.268,697965,1781607,0,811,761,761,44669760,1412988,394,422,0
282,1.469,0.649,0.000,2.118,2.224,697965,1781607,0,811,761,761,44669760,1412988,394,422,0
283,1.515,0.661,0.000,2.176,2.225,697965,1781607,0,811,761,761,44669760,1412988,394,422,0
284,1.482,0.626,0.000,2.108,2.280,697965,1781607,0,811,761,761,44669760,1412988,394,422,0
285,1.481,0.628,0.000,2.109,2.197,697965,1781607,0,811,761,761,44669760,1412988,394,422,0
286,1.498,0.625,0.000,2.123,2.216,697965,1781607,0,811,761,761,44669760,1412988,394,422,0
287,1.473,0.648,0.000,2.122,2.218,697965,1781607,0,811,761,761,44669760,1412988,394,422,0
288,1.450,0.645,0.000,2.095,2.223,697965,1781607,0,811,761,761,44669760,1412988,394,422,0
289,1.484,0.625,0.000,2.109,2.186,697965,1781607,0,811,761,761,44669760,1412988,394,422,0
290,1.502,0.631,0.000,2.133,2.206,697965,1781607,0,811,761,761,44669760,1412988,394,422,0
291,1.457,0.638,0.000,2.096,2.230,697965,1781607,0,811,761,761,44669760,1412988,394,422,0
292,1.529,0.651,0.000,2.179,2.195,697965,1781607,0,811,761,761,44669760,1412988,394,422,0
293,1.514,0.628,0.000,2.143,2.274,697965,1781607,0,811,761,761,44669760,1412988,394,422,0
294,1.519,0.632,0.000,2.151,2.247,697965,1781607,0,811,761,761,44669760,1412988,394,422,0
295,1.450,0.641,0.000,2.091,2.245,697965,1781607,0,811,761,761,44669760,1412988,394,422,0
296,1.508,0.631,0.000,2.138,2.184,697965,1781607,0,811,761,761,44669760,1412988,394,422,0
297,1.506,0.635,0.000,2.142,2.234,697965,1781607,0,811,761,761,44669760,1412988,394,422,0
298,1.465,0.631,0.000,2.096,2.239,697965,1781607,0,811,761,761,44669760,1412988,394,422,0
299,1.520,0.651,0.000,2.171,2.198,697965,1781607,0,811,761,761,44669760,1412988,394,422,0
300,1.380,0.610,0.000,1.990,2.265,697965,1781607,0,811,761,761,44669760,1412988,394,422,0
301,1.417,0.612,0.000,2.029,2.085,697965,1781607,0,811,761,761,44669760,1412988,394,422,0
302,1.412,0.612,0.000,2.025,2.122,697965,1781607,0,811,761,761,44669760,1412988,394,422,0
303,1.430,0.607,0.000,2.037,2.126,697965,1781607,0,811,761,761,44669760,1412988,394,422,0
304,1.442,0.604,0.000,2.047,2.135,697965,1781607,0,811,761,761,44669760,1412988,394,422,0
305,1.520,0.611,0.000,2.131,2.147,697965,1781607,0,811,761,761,44669760,1412988,394,422,0
306,1.571,0.648,0.000,2.218,2.229,697965,1781607,0,811,761,761,44669760,1412988,394,422,0
307,1.451,0.653,0.000,2.104,2.322,697965,1781607,0,811,761,761,44669760,1412988,394,422,0
308,1.470,0.612,0.000,2.083,2.196,697965,1781607,0,811,761,761,44669760,1412988,394,422,0
309,1.511,0.632,0.000,2.144,2.183,697965,1781607,0,811,761,761,44669760,1412988,394,422,0
310,1.485,0.636,0.000,2.122,2.243,697965,1781607,0,811,761,761,44669760,1412988,394,422,0
311,1.487,0.623,0.000,2.110,2.216,697965,1781607,0,811,761,761,44669760,1412988,394,422,0
312,1.476,0.621,0.000,2.096,2.210,697965,1781607,0,811,761,761,44669760,1412988,394,422,0
313,1.480,0.618,0.000,2.099,2.195,697965,1781607,0,811,761,761,44669760,1412988,394,422,0
314,1.497,0.640,0.000,2.137,2.188,697965,1781607,0,811,761,761,44669760,1412988,394,422,0
315,1.496,0.630,0.000,2.126,2.234,697965,1781607,0,811,761,761,44669760,1412988,394,422,0
316,1.481,0.615,0.000,2.096,2.217,697965,1781607,0,811,761,761,44669760,1412988,394,422,0
317,1.477,0.622,0.000,2.100,2.188,697965,1781607,0,811,761,761,44669760,1412988,394,422,0
318,1.465,0.629,0.000,2.094,2.196,697965,1781607,0,811,761,761,44669760,1412988,394,422,0
319,1.510,0.623,0.000,2.132,2.210,697965,1781607,0,811,761,761,44669760,1412988,394,422,0
320,1.485,0.638,0.000,2.124,2.222,697965,1781607,0,811,761,761,44669760,1412988,394,422,0
321,1.492,0.627,0.000,2.119,2.226,697965,1781607,0,811,761,761,44669760,1412988,394,422,0
322,1.452,0.617,0.000,2.069,2.212,697965,1781607,0,811,761,761,44669760,1412988,394,422,0
323,1.495,0.647,0.000,2.142,2.159,697965,1781607,0,811,761,761,44669760,1412988,394,422,0
324,1.485,0.644,0.000,2.128,2.239,697965,1781607,0,811,761,761,44669760,1412988,394,422,0
325,1.428,0.633,0.000,2.060,2.233,697965,1781607,0,811,761,761,44669760,1412988,394,422,0
326,1.418,0.625,0.000,2.043,2.154,697965,1781607,0,811,761,761,44669760,1412988,394,422,0
327,1.483,0.620,0.000,2.103,2.137,697965,1781607,0,811,761,761,44669760,1412988,394,422,0
328,1.427,0.624,0.000,2.050,2.192,697965,1781607,0,811,761,761,44669760,1412988,394,422,0
329,1.488,0.609,0.000,2.097,2.156,697965,1781607,0,811,761,761,44669760,1412988,394,422,0
330,1.466,0.637,0.000,2.102,2.188,697965,1781607,0,811,761,761,44669760,1412988,394,422,0
331,1.475,0.622,0.000,2.097,2.198,697965,1781607,0,811,761,761,44669760,1412988,394,422,0
332,1.460,0.612,0.000,2.071,2.194,697965,1781607,0,811,761,761,44669760,1412988,394,422,0
333,1.488,0.614,0.000,2.103,2.171,697965,1781607,0,811,761,761,44669760,1412988,394,422,0
334,1.487,0.640,0.000,2.127,2.197,697965,1781607,0,811,761,761,44669760,1412988,394,422,0
335,1.501,0.614,0.000,2.115,2.220,697965,1781607,0,811,761,761,44669760,1412988,394,422,0
336,1.483,0.624,0.000,2.107,2.213,697965,1781607,0,811,761,761,44669760,1412988,394,422,0
337,1.495,0.629,0.000,2.124,2.212,697965,1781607,0,811,761,761,44669760,1412988,394,422,0
338,1.471,0.634,0.000,2.105,2.218,697965,1781607,0,811,761,761,44669760,1412988,394,422,0
339,1.523,0.647,0.000,2.170,2.206,697965,1781607,0,811,761,761,44669760,1412988,394,422,0
340,1.512,0.651,0.000,2.163,2.283,697965,1781607,0,811,761,761,44669760,1412988,394,422,0
341,1.508,0.649,0.000,2.157,2.270,697965,1781607,0,811,761,761,44669760,1412988,394,422,0
342,1.488,0.633,0.000,2.121,2.250,697965,1781607,0,811,761,761,44669760,1412988,394,422,0
343,1.497,0.631,0.000,2.128,2.217,697965,1781607,0,811,761,761,44669760,1412988,394,422,0
344,1.462,0.641,0.000,2.103,2.223,697965,1781607,0,811,761,761,44669760,1412988,394,422,0
345,1.472,0.631,0.000,2.103,2.194,697965,1781607,0,811,761,761,44669760,1412988,394,422,0
346,1.533,0.646,0.000,2.179,2.197,697965,1781607,0,811,761,761,44669760,1412988,394,422,0
347,1.518,0.660,0.000,2.177,2.291,697965,1781607,0,811,761,761,44669760,1412988,394,422,0
348,1.503,0.622,0.000,2.126,2.290,697965,1781607,0,811,761,761,44669760,1412988,394,422,0
349,1.498,0.633,0.000,2.131,2.234,697965,1781607,0,811,761,761,44669760,1412988,394,422,0
350,1.507,0.627,0.000,2.133,2.225,697965,1781607,0,811,761,761,44669760,1412988,394,422,0
351,1.498,0.651,0.000,2.148,2.231,697965,1781607,0,811,761,761,44669760,1412988,394,422,0
352,1.544,0.646,0.000,2.190,2.258,697965,1781607,0,811,761,761,44669760,1412988,394,422,0
353,1.473,0.627,0.000,2.100,2.294,697965,1781607,0,811,761,761,44669760,1412988,394,422,0
354,1.492,0.643,0.000,2.136,2.191,697965,1781607,0,811,761,761,44669760,1412988,394,422,0
355,1.492,0.622,0.000,2.114,2.234,697965,1781607,0,811,761,761,44669760,1412988,394,422,0
356,1.464,0.621,0.000,2.085,2.217,697965,1781607,0,811,761,761,44669760,1412988,394,422,0
357,1.488,0.652,0.000,2.139,2.175,697965,1781607,0,811,761,761,44669760,1412988,394,422,0
358,1.539,0.629,0.000,2.168,2.240,697965,1781607,0,811,761,761,44669760,1412988,394,422,0
359,1.491,0.628,0.000,2.120,2.263,697965,1781607,0,811,761,761,44669760,1412988,394,422,0
360,1.471,0.628,0.000,2.099,2.223,697965,1781607,0,811,761,761,44669760,1412988,394,422,0
361,1.503,0.641,0.000,2.144,2.189,697965,1781607,0,811,761,761,44669760,1412988,394,422,0
362,1.493,0.645,0.000,2.138,2.243,697965,1781607,0,811,761,761,44669760,1412988,394,422,0
363,1.499,0.654,0.000,2.153,2.247,697965,1781607,0,811,761,761,44669760,1412988,394,422,0
364,1.534,0.644,0.000,2.177,2.266,697965,1781607,0,811,761,761,44669760,1412988,394,422,0
365,1.482,0.643,0.000,2.126,2.271,697965,1781607,0,811,761,761,44669760,1412988,394,422,0
366,1.478,0.648,0.000,2.126,2.232,697965,1781607,0,811,761,761,44669760,1412988,394,422,0
367,1.571,0.666,0.000,2.238,2.225,697965,1781607,0,811,761,761,44669760,1412988,394,422,0
368,1.536,0.656,0.000,2.192,2.340,697965,1781607,0,811,761,761,44669760,1412988,394,422,0
369,1.492,0.641,0.000,2.133,2.282,697965,1781607,0,811,761,761,44669760,1412988,394,422,0
370,1.512,0.641,0.000,2.153,2.233,697965,1781607,0,811,761,761,44669760,1412988,394,422,0
371,1.491,0.615,0.000,2.107,2.257,697965,1781607,0,811,761,761,44669760,1412988,394,422,0
372,1.477,0.652,0.000,2.128,2.216,697965,1781607,0,811,761,761,44669760,1412988,394,422,0
373,1.507,0.638,0.000,2.144,2.216,697965,1781607,0,811,761,761,44669760,1412988,394,422,0
374,1.498,0.745,0.000,2.243,2.236,697965,1781607,0,811,761,761,44669760,1412988,394,422,0
375,1.559,0.657,0.000,2.216,2.337,697965,1781607,0,811,761,761,44669760,1412988,394,422,0
376,1.458,0.672,0.000,2.131,2.309,697965,1781607,0,811,761,761,44669760,1412988,394,422,0
377,1.523,0.635,0.000,2.159,2.243,697965,1781607,0,811,761,761,44669760,1412988,394,422,0
378,1.513,0.656,0.000,2.170,2.250,697965,1781607,0,811,761,761,44669760,1412988,394,422,0
379,1.512,0.634,0.000,2.146,2.262,697965,1781607,0,811,761,761,44669760,1412988,394,422,0
380,1.528,0.641,0.000,2.170,2.234,697965,1781607,0,811,761,761,44669760,1412988,394,422,0
381,1.500,0.624,0.000,2.124,2.277,697965,1781607,0,811,761,761,44669760,1412988,394,422,0
382,1.469,0.620,0.000,2.089,2.236,697965,1781607,0,811,761,761,44669760,1412988,394,422,0
383,1.504,0.610,0.000,2.114,2.176,697965,1781607,0,811,761,761,44669760,1412988,394,422,0
384,1.484,0.637,0.000,2.121,2.221,697965,1781607,0,811,761,761,44669760,1412988,394,422,0
385,1.549,0.658,0.000,2.208,2.243,697965,1781607,0,811,761,761,44669760,1412988,394,422,0
386,1.518,0.645,0.000,2.164,2.313,697965,1781607,0,811,761,761,44669760,1412988,394,422,0
387,1.499,0.631,0.000,2.130,2.266,697965,1781607,0,811,761,761,44669760,1412988,394,422,0
388,1.512,0.647,0.000,2.159,2.218,697965,1781607,0,811,761,761,44669760,1412988,394,422,0
389,1.578,0.719,0.000,2.297,2.259,697965,1781607,0,811,761,761,44669760,1412988,394,422,0
390,1.472,0.669,0.000,2.141,2.399,697965,1781607,0,811,761,761,44669760,1412988,394,422,0
391,1.507,0.646,0.000,2.154,2.257,697965,1781607,0,811,761,761,44669760,1412988,394,422,0
392,1.506,0.611,0.000,2.117,2.255,697965,1781607,0,811,761,761,44669760,1412988,394,422,0
393,1.517,0.643,0.000,2.159,2.208,697965,1781607,0,811,761,761,44669760,1412988,394,422,0
394,1.526,0.628,0.000,2.155,2.251,697965,1781607,0,811,761,761,44669760,1412988,394,422,0
395,1.492,0.649,0.000,2.141,2.253,697965,1781607,0,811,761,761,44669760,1412988,394,422,0
396,1.544,0.673,0.000,2.217,2.244,697965,1781607,0,811,761,761,44669760,1412988,394,422,0
397,1.537,0.661,0.000,2.198,2.314,697965,1781607,0,811,761,761,44669760,1412988,394,422,0
398,1.513,0.636,0.000,2.150,2.294,697965,1781607,0,811,761,761,44669760,1412988,394,422,0
399,1.549,0.641,0.000,2.190,2.244,697965,1781607,0,811,761,761,44669760,1412988,394,422,0
400,1.538,0.631,0.000,2.168,2.287,697965,1781607,0,811,761,761,44669760,1412988,394,422,0
401,1.482,0.649,0.000,2.131,2.277,697965,1781607,0,811,761,761,44669760,1412988,394,422,0
402,1.511,0.659,0.000,2.170,2.236,697965,1781607,0,811,761,761,44669760,1412988,394,422,0
403,1.515,0.631,0.000,2.146,2.269,697965,1781607,0,811,761,761,44669760,1412988,394,422,0
404,1.528,0.638,0.000,2.166,2.237,697965,1781607,0,811,761,761,44669760,1412988,394,422,0
405,1.524,0.632,0.000,2.156,2.262,697965,1781607,0,811,761,761,44669760,1412988,394,422,0
406,1.550,0.639,0.000,2.189,2.258,697965,1781607,0,811,761,761,44669760,1412988,394,422,0
407,1.457,0.633,0.000,2.090,2.286,697965,1781607,0,811,761,761,44669760,1412988,394,422,0
408,1.498,0.636,0.000,2.135,2.199,697965,1781607,0,811,761,761,44669760,1412988,394,422,0
409,1.513,0.639,0.000,2.152,2.224,697965,1781607,0,811,761,761,44669760,1412988,394,422,0
410,1.510,0.620,0.000,2.131,2.266,697965,1781607,0,811,761,761,44669760,1412988,394,422,0
411,1.524,0.639,0.000,2.163,2.230,697965,1781607,0,811,761,761,44669760,1412988,394,422,0
412,1.485,0.645,0.000,2.130,2.265,697965,1781607,0,811,761,761,44669760,1412988,394,422,0
413,1.527,0.642,0.000,2.170,2.229,697965,1781607,0,811,761,761,44669760,1412988,394,422,0
414,1.473,0.647,0.000,2.120,2.263,697965,1781607,0,811,761,761,44669760,1412988,394,422,0
415,1.508,0.638,0.000,2.146,2.234,697965,1781607,0,811,761,761,44669760,1412988,394,422,0
416,1.509,0.653,0.000,2.163,2.245,697965,1781607,0,811,761,761,44669760,1412988,394,422,0
417,1.504,0.632,0.000,2.136,2.260,697965,1781607,0,811,761,761,44669760,1412988,394,422,0
418,1.508,0.641,0.000,2.149,2.244,697965,1781607,0,811,761,761,44669760,1412988,394,422,0
419,1.480,0.619,0.000,2.099,2.239,697965,1781607,0,811,761,761,44669760,1412988,394,422,0
420,1.529,0.626,0.000,2.155,2.196,697965,1781607,0,811,761,761,44669760,1412988,394,422,0
421,1.491,0.642,0.000,2.133,2.255,697965,1781607,0,811,761,761,44669760,1412988,394,422,0
422,1.565,0.659,0.000,2.224,2.242,697965,1781607,0,811,761,761,44669760,1412988,394,422,0
423,1.513,0.639,0.000,2.151,2.328,697965,1781607,0,811,761,761,44669760,1412988,394,422,0
424,1.510,0.642,0.000,2.152,2.243,697965,1781607,0,811,761,761,44669760,1412988,394,422,0
425,1.622,0.729,0.000,2.352,2.252,697965,1781607,0,811,761,761,44669760,1412988,394,422,0
426,1.493,0.671,0.000,2.164,2.455,697965,1781607,0,811,761,761,44669760,1412988,394,422,0
427,1.504,0.650,0.000,2.155,2.262,697965,1781607,0,811,761,761,44669760,1412988,394,422,0
428,1.518,0.628,0.000,2.146,2.246,697965,1781607,0,811,761,761,44669760,1412988,394,422,0
429,1.542,0.642,0.000,2.184,2.244,697965,1781607,0,811,761,761,44669760,1412988,394,422,0
430,1.528,0.634,0.000,2.162,2.284,697965,1781607,0,811,761,761,44669760,1412988,394,422,0
431,1.497,0.619,0.000,2.117,2.258,697965,1781607,0,811,761,761,44669760,1412988,394,422,0
432,1.480,0.627,0.000,2.108,2.213,697965,1781607,0,811,761,761,44669760,1412988,394,422,0
433,1.521,0.635,0.000,2.155,2.197,697965,1781607,0,811,761,761,44669760,1412988,394,422,0
434,1.507,0.620,0.000,2.128,2.249,697965,1781607,0,811,761,761,44669760,1412988,394,422,0
435,1.498,0.639,0.000,2.137,2.229,697965,1781607,0,811,761,761,44669760,1412988,394,422,0
436,1.506,0.645,0.000,2.151,2.237,697965,1781607,0,811,761,761,44669760,1412988,394,422,0
437,1.511,0.629,0.000,2.140,2.246,697965,1781607,0,811,761,761,44669760,1412988,394,422,0
438,1.523,0.625,0.000,2.148,2.231,697965,1781607,0,811,761,761,44669760,1412988,394,422,0
439,1.525,0.620,0.000,2.145,2.241,697965,1781607,0,811,761,761,44669760,1412988,394,422,0
440,1.494,0.614,0.000,2.108,2.246,697965,1781607,0,811,761,761,44669760,1412988,394,422,0
441,1.499,0.641,0.000,2.140,2.201,697965,1781607,0,811,761,761,44669760,1412988,394,422,0
442,1.496,0.621,0.000,2.117,2.240,697965,1781607,0,811,761,761,44669760,1412988,394,422,0
443,1.530,0.635,0.000,2.165,2.215,697965,1781607,0,811,761,761,44669760,1412988,394,422,0
444,1.487,0.649,0.000,2.136,2.269,697965,1781607,0,811,761,761,44669760,1412988,394,422,0
445,1.476,0.617,0.000,2.093,2.225,697965,1781607,0,811,761,761,44669760,1412988,394,422,0
446,1.532,0.634,0.000,2.166,2.193,697965,1781607,0,811,761,761,44669760,1412988,394,422,0
447,1.502,0.639,0.000,2.140,2.267,697965,1781607,0,811,761,761,44669760,1412988,394,422,0
448,1.475,0.648,0.000,2.123,2.242,697965,1781607,0,811,761,761,44669760,1412988,394,422,0
449,1.571,0.644,0.000,2.216,2.223,697965,1781607,0,811,761,761,44669760,1412988,394,422,0
450,1.507,0.653,0.000,2.159,2.309,697965,1781607,0,811,761,761,44669760,1412988,394,422,0
451,1.515,0.641,0.000,2.156,2.255,697965,1781607,0,811,761,761,44669760,1412988,394,422,0
452,1.502,0.648,0.000,2.151,2.251,697965,1781607,0,811,761,761,44669760,1412988,394,422,0
453,1.500,0.635,0.000,2.135,2.256,697965,1781607,0,811,761,761,44669760,1412988,394,422,0
454,1.497,0.665,0.000,2.162,2.235,697965,1781607,0,811,761,761,44669760,1412988,394,422,0
455,1.522,0.644,0.000,2.166,2.272,697965,1781607,0,811,761,761,44669760,1412988,394,422,0
456,1.486,0.638,0.000,2.124,2.266,697965,1781607,0,811,761,761,44669760,1412988,394,422,0
457,1.483,0.636,0.000,2.120,2.228,697965,1781607,0,811,761,761,44669760,1412988,394,422,0
458,1.505,0.606,0.000,2.110,2.209,697965,1781607,0,811,761,761,44669760,1412988,394,422,0
459,1.538,0.613,0.000,2.151,2.206,697965,1781607,0,811,761,761,44669760,1412988,394,422,0
460,1.488,0.623,0.000,2.111,2.256,697965,1781607,0,811,761,761,44669760,1412988,394,422,0
461,1.483,0.631,0.000,2.114,2.199,697965,1781607,0,811,761,761,44669760,1412988,394,422,0
462,1.516,0.634,0.000,2.150,2.213,697965,1781607,0,811,761,761,44669760,1412988,394,422,0
463,1.511,0.643,0.000,2.154,2.253,697965,1781607,0,811,761,761,44669760,1412988,394,422,0
464,1.499,0.617,0.000,2.116,2.246,697965,1781607,0,811,761,761,44669760,1412988,394,422,0
465,1.506,0.627,0.000,2.133,2.214,697965,1781607,0,811,761,761,44669760,1412988,394,422,0
466,1.501,0.640,0.000,2.140,2.236,697965,1781607,0,811,761,761,44669760,1412988,394,422,0
467,1.521,0.631,0.000,2.152,2.252,697965,1781607,0,811,761,761,44669760,1412988,394,422,0
468,1.513,0.650,0.000,2.163,2.247,697965,1781607,0,811,761,761,44669760,1412988,394,422,0
469,1.538,0.637,0.000,2.175,2.272,697965,1781607,0,811,761,761,44669760,1412988,394,422,0
470,1.496,0.661,0.000,2.157,2.276,697965,1781607,0,811,761,761,44669760,1412988,394,422,0
471,1.467,0.631,0.000,2.097,2.272,697965,1781607,0,811,761,761,44669760,1412988,394,422,0
472,1.473,0.623,0.000,2.096,2.204,697965,1781607,0,811,761,761,44669760,1412988,394,422,0
473,1.461,0.603,0.000,2.064,2.187,697965,1781607,0,811,761,761,44669760,1412988,394,422,0
474,1.446,0.597,0.000,2.042,2.150,697965,1781607,0,811,761,761,44669760,1412988,394,422,0
475,1.548,0.632,0.000,2.179,2.127,697965,1781607,0,811,761,761,44669760,1412988,394,422,0
476,1.482,0.624,0.000,2.106,2.275,697965,1781607,0,811,761,761,44669760,1412988,394,422,0
477,1.507,0.625,0.000,2.132,2.196,697965,1781607,0,811,761,761,44669760,1412988,394,422,0
478,1.499,0.660,0.000,2.159,2.236,697965,1781607,0,811,761,761,44669760,1412988,394,422,0
479,1.490,0.615,0.000,2.104,2.261,697965,1781607,0,811,761,761,44669760,1412988,394,422,0
480,1.478,0.616,0.000,2.095,2.203,697965,1781607,0,811,761,761,44669760,1412988,394,422,0
481,1.505,0.614,0.000,2.119,2.189,697965,1781607,0,811,761,761,44669760,1412988,394,422,0
482,1.534,0.610,0.000,2.144,2.217,697965,1781607,0,811,761,761,44669760,1412988,394,422,0
483,1.495,0.662,0.000,2.157,2.247,697965,1781607,0,811,761,761,44669760,1412988,394,422,0
484,1.513,0.607,0.000,2.120,2.249,697965,1781607,0,811,761,761,44669760,1412988,394,422,0
485,1.502,0.624,0.000,2.126,2.216,697965,1781607,0,811,761,761,44669760,1412988,394,422,0
486,1.526,0.644,0.000,2.170,2.215,697965,1781607,0,811,761,761,44669760,1412988,394,422,0
487,1.510,0.670,0.000,2.180,2.264,697965,1781607,0,811,761,761,44669760,1412988,394,422,0
488,1.507,0.635,0.000,2.142,2.279,697965,1781607,0,811,761,761,44669760,1412988,394,422,0
489,1.479,0.633,0.000,2.112,2.236,697965,1781607,0,811,761,761,44669760,1412988,394,422,0
490,1.482,0.646,0.000,2.128,2.218,697965,1781607,0,811,761,761,44669760,1412988,394,422,0
491,1.503,0.604,0.000,2.107,2.220,697965,1781607,0,811,761,761,44669760,1412988,394,422,0
492,1.537,0.635,0.000,2.171,2.202,697965,1781607,0,811,761,761,44669760,1412988,394,422,0
493,1.524,0.664,0.000,2.188,2.287,697965,1781607,0,811,761,761,44669760,1412988,394,422,0
494,1.500,0.632,0.000,2.132,2.299,697965,1781607,0,811,761,761,44669760,1412988,394,422,0
495,1.486,0.625,0.000,2.110,2.228,697965,1781607,0,811,761,761,44669760,1412988,394,422,0
496,1.512,0.641,0.000,2.153,2.202,697965,1781607,0,811,761,761,44669760,1412988,394,422,0
497,1.526,0.656,0.000,2.181,2.253,697965,1781607,0,811,761,761,44669760,1412988,394,422,0
498,1.488,0.620,0.000,2.108,2.285,697965,1781607,0,811,761,761,44669760,1412988,394,422,0
499,1.528,0.650,0.000,2.178,2.199,697965,1781607,0,811,761,761,44669760,1412988,394,422,0
500,1.536,0.633,0.000,2.169,2.270,697965,1781607,0,811,761,761,44669760,1412988,394,422,0
501,1.613,0.686,0.000,2.299,2.286,697965,1781607,0,811,761,761,44669760,1412988,394,422,0
502,1.578,0.674,0.000,2.252,2.425,697965,1781607,0,811,761,761,44669760,1412988,394,422,0
503,1.535,0.641,0.000,2.175,2.379,697965,1781607,0,811,761,761,44669760,1412988,394,422,0
504,1.563,0.658,0.000,2.221,2.263,697965,1781607,0,811,761,761,44669760,1412988,394,422,0
505,1.560,0.658,0.000,2.218,2.328,697965,1781607,0,811,761,761,44669760,1412988,394,422,0
506,1.546,0.673,0.000,2.220,2.333,697965,1781607,0,811,761,761,44669760,1412988,394,422,0
507,1.475,0.650,0.000,2.125,2.341,697965,1781607,0,811,761,761,44669760,1412988,394,422,0
508,1.528,0.660,0.000,2.187,2.226,697965,1781607,0,811,761,761,44669760,1412988,394,422,0
509,1.538,0.658,0.000,2.195,2.287,697965,1781607,0,811,761,761,44669760,1412988,394,422,0
510,1.541,0.656,0.000,2.197,2.294,697965,1781607,0,811,761,761,44669760,1412988,394,422,0
511,1.548,0.659,0.000,2.207,2.291,697965,1781607,0,811,761,761,44669760,1412988,394,422,0
512,1.482,0.638,0.000,2.121,2.308,697965,1781607,0,811,761,761,44669760,1412988,394,422,0
513,1.479,0.617,0.000,2.096,2.224,697965,1781607,0,811,761,761,44669760,1412988,394,422,0
514,1.527,0.681,0.000,2.208,2.187,697965,1781607,0,811,761,761,44669760,1412988,394,422,0
515,1.533,0.644,0.000,2.177,2.300,697965,1781607,0,811,761,761,44669760,1412988,394,422,0
516,1.506,0.643,0.000,2.150,2.272,697965,1781607,0,811,761,761,44669760,1412988,394,422,0
517,1.549,0.637,0.000,2.186,2.242,697965,1781607,0,811,761,761,44669760,1412988,394,422,0
518,1.515,0.629,0.000,2.144,2.280,697965,1781607,0,811,761,761,44669760,1412988,394,422,0
519,1.532,0.642,0.000,2.174,2.246,697965,1781607,0,811,761,761,44669760,1412988,394,422,0
520,1.494,0.629,0.000,2.123,2.276,697965,1781607,0,811,761,761,44669760,1412988,394,422,0
521,1.512,0.606,0.000,2.118,2.214,697965,1781607,0,811,761,761,44669760,1412988,394,422,0
522,1.529,0.641,0.000,2.170,2.217,697965,1781607,0,811,761,761,44669760,1412988,394,422,0
523,1.549,0.636,0.000,2.185,2.269,697965,1781607,0,811,761,761,44669760,1412988,394,422,0
524,1.480,0.641,0.000,2.121,2.279,697965,1781607,0,811,761,761,44669760,1412988,394,422,0
525,1.531,0.668,0.000,2.200,2.223,697965,1781607,0,811,761,761,44669760,1412988,394,422,0
526,1.545,0.646,0.000,2.191,2.291,697965,1781607,0,811,761,761,44669760,1412988,394,422,0
527,1.531,0.621,0.000,2.151,2.284,697965,1781607,0,811,761,761,44669760,1412988,394,422,0
528,1.541,0.630,0.000,2.171,2.252,697965,1781607,0,811,761,761,44669760,1412988,394,422,0
529,1.462,0.630,0.000,2.091,2.264,697965,1781607,0,811,761,761,44669760,1412988,394,422,0
530,1.511,0.660,0.000,2.171,2.192,697965,1781607,0,811,761,761,44669760,1412988,394,422,0
531,1.475,0.652,0.000,2.127,2.261,697965,1781607,0,811,761,761,44669760,1412988,394,422,0
532,1.530,0.634,0.000,2.164,2.223,697965,1781607,0,811,761,761,44669760,1412988,394,422,0
533,1.487,0.672,0.000,2.159,2.260,697965,1781607,0,811,761,761,44669760,1412988,394,422,0
534,1.534,0.669,0.000,2.203,2.259,697965,1781607,0,811,761,761,44669760,1412988,394,422,0
535,1.543,0.646,0.000,2.189,2.319,697965,1781607,0,811,761,761,44669760,1412988,394,422,0
536,1.529,0.664,0.000,2.193,2.292,697965,1781607,0,811,761,761,44669760,1412988,394,422,0
537,1.535,0.649,0.000,2.184,2.286,697965,1781607,0,811,761,761,44669760,1412988,394,422,0
538,1.506,0.649,0.000,2.155,2.274,697965,1781607,0,811,761,761,44669760,1412988,394,422,0
539,1.547,0.646,0.000,2.193,2.257,697965,1781607,0,811,761,761,44669760,1412988,394,422,0
540,1.484,0.642,0.000,2.126,2.294,697965,1781607,0,811,761,761,44669760,1412988,394,422,0
541,1.510,0.635,0.000,2.145,2.236,697965,1781607,0,811,761,761,44669760,1412988,394,422,0
542,1.556,0.654,0.000,2.209,2.248,697965,1781607,0,811,761,761,44669760,1412988,394,422,0
543,1.548,0.663,0.000,2.211,2.306,697965,1781607,0,811,761,761,44669760,1412988,394,422,0
544,1.492,0.651,0.000,2.143,2.301,697965,1781607,0,811,761,761,44669760,1412988,394,422,0
545,1.510,0.637,0.000,2.147,2.244,697965,1781607,0,811,761,761,44669760,1412988,394,422,0
546,1.497,0.633,0.000,2.130,2.282,697965,1781607,0,811,761,761,44669760,1412988,394,422,0
547,1.472,0.642,0.000,2.115,2.232,697965,1781607,0,811,761,761,44669760,1412988,394,422,0
548,1.535,0.666,0.000,2.202,2.216,697965,1781607,0,811,761,761,44669760,1412988,394,422,0
549,1.508,0.632,0.000,2.140,2.303,697965,1781607,0,811,761,761,44669760,1412988,394,422,0
550,1.510,0.613,0.000,2.122,2.232,697965,1781607,0,811,761,761,44669760,1412988,394,422,0
551,1.536,0.654,0.000,2.190,2.215,697965,1781607,0,811,761,761,44669760,1412988,394,422,0
552,1.534,0.647,0.000,2.181,2.291,697965,1781607,0,811,761,761,44669760,1412988,394,422,0
553,1.526,0.651,0.000,2.176,2.288,697965,1781607,0,811,761,761,44669760,1412988,394,422,0
554,1.487,0.633,0.000,2.120,2.281,697965,1781607,0,811,761,761,44669760,1412988,394,422,0
555,1.530,0.652,0.000,2.182,2.231,697965,1781607,0,811,761,761,44669760,1412988,394,422,0
556,1.511,0.644,0.000,2.155,2.286,697965,1781607,0,811,761,761,44669760,1412988,394,422,0
557,1.510,0.631,0.000,2.141,2.248,697965,1781607,0,811,761,761,44669760,1412988,394,422,0
558,1.518,0.637,0.000,2.154,2.232,697965,1781607,0,811,761,761,44669760,1412988,394,422,0
559,1.541,0.655,0.000,2.196,2.256,697965,1781607,0,811,761,761,44669760,1412988,394,422,0
560,1.505,0.662,0.000,2.167,2.305,697965,1781607,0,811,761,761,44669760,1412988,394,422,0
561,1.540,0.636,0.000,2.176,2.273,697965,1781607,0,811,761,761,44669760,1412988,394,422,0
562,1.518,0.640,0.000,2.158,2.277,697965,1781607,0,811,761,761,44669760,1412988,394,422,0
563,1.492,0.622,0.000,2.115,2.253,697965,1781607,0,811,761,761,44669760,1412988,394,422,0
564,1.521,0.655,0.000,2.176,2.203,697965,1781607,0,811,761,761,44669760,1412988,394,422,0
565,1.521,0.641,0.000,2.162,2.273,697965,1781607,0,811,761,761,44669760,1412988,394,422,0
566,1.523,0.633,0.000,2.156,2.266,697965,1781607,0,811,761,761,44669760,1412988,394,422,0
567,1.534,0.694,0.000,2.228,2.265,697965,1781607,0,811,761,761,44669760,1412988,394,422,0
568,1.513,0.638,0.000,2.151,2.326,697965,1781607,0,811,761,761,44669760,1412988,394,422,0
569,1.500,0.648,0.000,2.148,2.257,697965,1781607,0,811,761,761,44669760,1412988,394,422,0
570,1.542,0.680,0.000,2.222,2.250,697965,1781607,0,811,761,761,44669760,1412988,394,422,0
571,1.488,0.641,0.000,2.129,2.328,697965,1781607,0,811,761,761,44669760,1412988,394,422,0
572,1.503,0.639,0.000,2.142,2.221,697965,1781607,0,811,761,761,44669760,1412988,394,422,0
573,1.542,0.627,0.000,2.169,2.234,697965,1781607,0,811,761,761,44669760,1412988,394,422,0
574,1.531,0.632,0.000,2.163,2.271,697965,1781607,0,811,761,761,44669760,1412988,394,422,0
575,1.480,0.624,0.000,2.104,2.266,697965,1781607,0,811,761,761,44669760,1412988,394,422,0
576,1.516,0.648,0.000,2.164,2.202,697965,1781607,0,811,761,761,44669760,1412988,394,422,0
577,1.544,0.644,0.000,2.188,2.264,697965,1781607,0,811,761,761,44669760,1412988,394,422,0
578,1.531,0.657,0.000,2.188,2.291,697965,1781607,0,811,761,761,44669760,1412988,394,422,0
579,1.508,0.628,0.000,2.136,2.288,697965,1781607,0,811,761,761,44669760,1412988,394,422,0
580,1.496,0.625,0.000,2.122,2.248,697965,1781607,0,811,761,761,44669760,1412988,394,422,0
581,1.500,0.666,0.000,2.167,2.211,697965,1781607,0,811,761,761,44669760,1412988,394,422,0
582,1.558,0.653,0.000,2.211,2.269,697965,1781607,0,811,761,761,44669760,1412988,394,422,0
583,1.499,0.651,0.000,2.150,2.309,697965,1781607,0,811,761,761,44669760,1412988,394,422,0
584,1.488,0.644,0.000,2.132,2.254,697965,1781607,0,811,761,761,44669760,1412988,394,422,0
585,1.504,0.630,0.000,2.133,2.223,697965,1781607,0,811,761,761,44669760,1412988,394,422,0
586,1.521,0.628,0.000,2.149,2.227,697965,1781607,0,811,761,761,44669760,1412988,394,422,0
587,1.538,0.650,0.000,2.188,2.250,697965,1781607,0,811,761,761,44669760,1412988,394,422,0
588,1.488,0.610,0.000,2.098,2.292,697965,1781607,0,811,761,761,44669760,1412988,394,422,0
589,1.494,0.633,0.000,2.128,2.191,697965,1781607,0,811,761,761,44669760,1412988,394,422,0
590,1.531,0.615,0.000,2.145,2.230,697965,1781607,0,811,761,761,44669760,1412988,394,422,0
591,1.471,0.646,0.000,2.117,2.243,697965,1781607,0,811,761,761,44669760,1412988,394,422,0
592,1.521,0.648,0.000,2.170,2.239,697965,1781607,0,811,761,761,44669760,1412988,394,422,0
593,1.524,0.657,0.000,2.181,2.264,697965,1781607,0,811,761,761,44669760,1412988,394,422,0
594,1.514,0.647,0.000,2.160,2.270,697965,1781607,0,811,761,761,44669760,1412988,394,422,0
595,1.528,0.624,0.000,2.152,2.264,697965,1781607,0,811,761,761,44669760,1412988,394,422,0
596,1.496,0.651,0.000,2.147,2.257,697965,1781607,0,811,761,761,44669760,1412988,394,422,0
597,1.488,0.641,0.000,2.129,2.250,697965,1781607,0,811,761,761,44669760,1412988,394,422,0
598,1.526,0.652,0.000,2.179,2.221,697965,1781607,0,811,761,761,44669760,1412988,394,422,0
599,1.525,0.657,0.000,2.182,2.277,697965,1781607,0,811,761,761,44669760,1412988,394,422,0
600,1.496,0.652,0.000,2.147,2.285,697965,1781607,0,811,761,761,44669760,1412988,394,422,0
601,1.479,0.646,0.000,2.126,2.253,697965,1781607,0,811,761,761,44669760,1412988,394,422,0
602,1.513,0.626,0.000,2.140,2.217,697965,1781607,0,811,761,761,44669760,1412988,394,422,0
603,1.517,0.620,0.000,2.136,2.232,697965,1781607,0,811,761,761,44669760,1412988,394,422,0
604,1.491,0.643,0.000,2.134,2.234,697965,1781607,0,811,761,761,44669760,1412988,394,422,0
605,1.487,0.653,0.000,2.140,2.224,697965,1781607,0,811,761,761,44669760,1412988,394,422,0
606,1.485,0.637,0.000,2.122,2.236,697965,1781607,0,811,761,761,44669760,1412988,394,422,0
607,1.480,0.641,0.000,2.121,2.229,697965,1781607,0,811,761,761,44669760,1412988,394,422,0
608,1.474,0.622,0.000,2.097,2.210,697965,1781607,0,811,761,761,44669760,1412988,394,422,0
609,1.497,0.634,0.000,2.132,2.194,697965,1781607,0,811,761,761,44669760,1412988,394,422,0
610,1.534,0.627,0.000,2.161,2.237,697965,1781607,0,811,761,761,44669760,1412988,394,422,0
611,1.499,0.618,0.000,2.117,2.268,697965,1781607,0,811,761,761,44669760,1412988,394,422,0
612,1.511,0.632,0.000,2.143,2.207,697965,1781607,0,811,761,761,44669760,1412988,394,422,0
613,1.525,0.640,0.000,2.165,2.250,697965,1781607,0,811,761,761,44669760,1412988,394,422,0
614,1.484,0.653,0.000,2.137,2.267,697965,1781607,0,811,761,761,44669760,1412988,394,422,0
615,1.490,0.645,0.000,2.135,2.232,697965,1781607,0,811,761,761,44669760,1412988,394,422,0
616,1.493,0.637,0.000,2.130,2.226,697965,1781607,0,811,761,761,44669760,1412988,394,422,0
617,1.523,0.628,0.000,2.151,2.222,697965,1781607,0,811,761,761,44669760,1412988,394,422,0
618,1.487,0.650,0.000,2.137,2.255,697965,1781607,0,811,761,761,44669760,1412988,394,422,0
619,1.534,0.632,0.000,2.167,2.230,697965,1781607,0,811,761,761,44669760,1412988,394,422,0
620,1.530,0.628,0.000,2.158,2.269,697965,1781607,0,811,761,761,44669760,1412988,394,422,0
621,1.532,0.630,0.000,2.163,2.257,697965,1781607,0,811,761,761,44669760,1412988,394,422,0
622,1.470,0.647,0.000,2.117,2.269,697965,1781607,0,811,761,761,44669760,1412988,394,422,0
623,1.513,0.641,0.000,2.154,2.228,697965,1781607,0,811,761,761,44669760,1412988,394,422,0
624,1.561,0.672,0.000,2.233,2.247,697965,1781607,0,811,761,761,44669760,1412988,394,422,0
625,1.550,0.659,0.000,2.208,2.334,697965,1781607,0,811,761,761,44669760,1412988,394,422,0
626,1.508,0.619,0.000,2.127,2.300,697965,1781607,0,811,761,761,44669760,1412988,394,422,0
627,1.541,0.630,0.000,2.171,2.222,697965,1781607,0,811,761,761,44669760,1412988,394,422,0
628,1.541,0.634,0.000,2.175,2.270,697965,1781607,0,811,761,761,44669760,1412988,394,422,0
629,1.473,0.654,0.000,2.128,2.279,697965,1781607,0,811,761,761,44669760,1412988,394,422,0
630,1.503,0.622,0.000,2.126,2.214,697965,1781607,0,811,761,761,44669760,1412988,394,422,0
631,1.517,0.619,0.000,2.136,2.218,697965,1781607,0,811,761,761,44669760,1412988,394,422,0
632,1.516,0.633,0.000,2.149,2.237,697965,1781607,0,811,761,761,44669760,1412988,394,422,0
633,1.507,0.659,0.000,2.166,2.264,697965,1781607,0,811,761,761,44669760,1412988,394,422,0
634,1.502,0.628,0.000,2.130,2.258,697965,1781607,0,811,761,761,44669760,1412988,394,422,0
635,1.524,0.613,0.000,2.136,2.230,697965,1781607,0,811,761,761,44669760,1412988,394,422,0
636,1.479,0.622,0.000,2.101,2.230,697965,1781607,0,811,761,761,44669760,1412988,394,422,0
637,1.495,0.645,0.000,2.140,2.205,697965,1781607,0,811,761,761,44669760,1412988,394,422,0
638,1.517,0.633,0.000,2.150,2.243,697965,1781607,0,811,761,761,44669760,1412988,394,422,0
639,2.099,0.867,0.000,2.966,2.240,697965,1781607,0,811,761,761,44669760,1412988,394,422,0
640,1.482,0.599,0.000,2.080,3.080,697965,1781607,0,811,761,761,44669760,1412988,394,422,0
641,1.497,0.656,0.000,2.154,2.180,697965,1781607,0,811,761,761,44669760,1412988,394,422,0
642,1.525,0.652,0.000,2.177,2.244,697965,1781607,0,811,761,761,44669760,1412988,394,422,0
643,1.535,0.639,0.000,2.174,2.274,697965,1781607,0,811,761,761,44669760,1412988,394,422,0
644,1.522,0.647,0.000,2.169,2.277,697965,1781607,0,811,761,761,44669760,1412988,394,422,0
645,1.506,0.637,0.000,2.144,2.256,697965,1781607,0,811,761,761,44669760,1412988,394,422,0
646,1.569,0.628,0.000,2.197,2.247,697965,1781607,0,811,761,761,44669760,1412988,394,422,0
647,1.472,0.628,0.000,2.099,2.304,697965,1781607,0,811,761,761,44669760,1412988,394,422,0
648,1.489,0.635,0.000,2.124,2.200,697965,1781607,0,811,761,761,44669760,1412988,394,422,0
649,1.512,0.623,0.000,2.135,2.216,697965,1781607,0,811,761,761,44669760,1412988,394,422,0
650,1.495,0.631,0.000,2.126,2.240,697965,1781607,0,811,761,761,44669760,1412988,394,422,0
651,1.495,0.651,0.000,2.146,2.230,697965,1781607,0,811,761,761,44669760,1412988,394,422,0
652,1.516,0.684,0.000,2.200,2.248,697965,1781607,0,811,761,761,44669760,1412988,394,422,0
653,1.542,0.637,0.000,2.179,2.300,697965,1781607,0,811,761,761,44669760,1412988,394,422,0
654,1.531,0.630,0.000,2.161,2.274,697965,1781607,0,811,761,761,44669760,1412988,394,422,0
655,1.499,0.623,0.000,2.122,2.265,697965,1781607,0,811,761,761,44669760,1412988,394,422,0
656,1.496,0.623,0.000,2.119,2.220,697965,1781607,0,811,761,761,44669760,1412988,394,422,0
657,1.497,0.638,0.000,2.135,2.218,697965,1781607,0,811,761,761,44669760,1412988,394,422,0
658,1.498,0.636,0.000,2.133,2.226,697965,1781607,0,811,761,761,44669760,1412988,394,422,0
659,1.500,0.628,0.000,2.128,2.227,697965,1781607,0,811,761,761,44669760,1412988,394,422,0
660,1.505,0.634,0.000,2.139,2.232,697965,1781607,0,811,761,761,44669760,1412988,394,422,0
661,1.495,0.643,0.000,2.138,2.233,697965,1781607,0,811,761,761,44669760,1412988,394,422,0
662,1.465,0.630,0.000,2.095,2.238,697965,1781607,0,811,761,761,44669760,1412988,394,422,0
663,1.502,0.646,0.000,2.148,2.182,697965,1781607,0,811,761,761,44669760,1412988,394,422,0
664,1.532,0.644,0.000,2.176,2.254,697965,1781607,0,811,761,761,44669760,1412988,394,422,0
665,1.479,0.634,0.000,2.113,2.273,697965,1781607,0,811,761,761,44669760,1412988,394,422,0
666,1.506,0.633,0.000,2.139,2.213,697965,1781607,0,811,761,761,44669760,1412988,394,422,0
667,1.514,0.682,0.000,2.196,2.230,697965,1781607,0,811,761,761,44669760,1412988,394,422,0
668,1.501,0.624,0.000,2.125,2.289,697965,1781607,0,811,761,761,44669760,1412988,394,422,0
669,1.426,0.628,0.000,2.054,2.224,697965,1781607,0,811,761,761,44669760,1412988,394,422,0
670,1.466,0.632,0.000,2.098,2.150,697965,1781607,0,811,761,761,44669760,1412988,394,422,0
671,1.531,0.611,0.000,2.142,2.193,697965,1781607,0,811,761,761,44669760,1412988,394,422,0
672,1.478,0.617,0.000,2.095,2.239,697965,1781607,0,811,761,761,44669760,1412988,394,422,0
673,1.482,0.613,0.000,2.095,2.199,697965,1781607,0,811,761,761,44669760,1412988,394,422,0
674,1.399,0.611,0.000,2.010,2.231,697965,1781607,0,811,761,761,44669760,1412988,394,422,0
675,1.432,0.611,0.000,2.043,2.112,697965,1781607,0,811,761,761,44669760,1412988,394,422,0
676,1.445,0.611,0.000,2.055,2.141,697965,1781607,0,811,761,761,44669760,1412988,394,422,0
677,1.416,0.613,0.000,2.030,2.167,697965,1781607,0,811,761,761,44669760,1412988,394,422,0
678,1.440,0.615,0.000,2.055,2.140,697965,1781607,0,811,761,761,44669760,1412988,394,422,0
679,1.438,0.606,0.000,2.044,2.153,697965,1781607,0,811,761,761,44669760,1412988,394,422,0
680,1.421,0.601,0.000,2.022,2.150,697965,1781607,0,811,761,761,44669760,1412988,394,422,0
681,1.446,0.614,0.000,2.059,2.132,697965,1781607,0,811,761,761,44669760,1412988,394,422,0
682,1.425,0.611,0.000,2.036,2.162,697965,1781607,0,811,761,761,44669760,1412988,394,422,0
683,1.415,0.598,0.000,2.013,2.157,697965,1781607,0,811,761,761,44669760,1412988,394,422,0
684,1.513,0.664,0.000,2.177,2.121,697965,1781607,0,811,761,761,44669760,1412988,394,422,0
685,1.501,0.667,0.000,2.168,2.278,697965,1781607,0,811,761,761,44669760,1412988,394,422,0
686,1.498,0.686,0.000,2.184,2.272,697965,1781607,0,811,761,761,44669760,1412988,394,422,0
687,1.522,0.672,0.000,2.194,2.283,697965,1781607,0,811,761,761,44669760,1412988,394,422,0
688,1.579,0.664,0.000,2.243,2.290,697965,1781607,0,811,761,761,44669760,1412988,394,422,0
689,1.528,0.677,0.000,2.205,2.343,697965,1781607,0,811,761,761,44669760,1412988,394,422,0
690,1.542,0.681,0.000,2.223,2.315,697965,1781607,0,811,761,761,44669760,1412988,394,422,0
691,1.512,0.671,0.000,2.183,2.321,697965,1781607,0,811,761,761,44669760,1412988,394,422,0
692,1.493,0.656,0.000,2.149,2.290,697965,1781607,0,811,761,761,44669760,1412988,394,422,0
693,1.524,0.672,0.000,2.196,2.253,697965,1781607,0,811,761,761,44669760,1412988,394,422,0
694,1.514,0.657,0.000,2.170,2.297,697965,1781607,0,811,761,761,44669760,1412988,394,422,0
695,1.510,0.633,0.000,2.143,2.268,697965,1781607,0,811,761,761,44669760,1412988,394,422,0
696,1.533,0.676,0.000,2.209,2.239,697965,1781607,0,811,761,761,44669760,1412988,394,422,0
697,1.546,0.646,0.000,2.192,2.307,697965,1781607,0,811,761,761,44669760,1412988,394,422,0
698,1.526,0.679,0.000,2.205,2.294,697965,1781607,0,811,761,761,44669760,1412988,394,422,0
699,1.530,0.655,0.000,2.185,2.309,697965,1781607,0,811,761,761,44669760,1412988,394,422,0
700,1.488,0.665,0.000,2.153,2.286,697965,1781607,0,811,761,761,44669760,1412988,394,422,0
701,1.530,0.707,0.000,2.238,2.256,697965,1781607,0,811,761,761,44669760,1412988,394,422,0
702,1.576,0.673,0.000,2.249,2.341,697965,1781607,0,811,761,761,44669760,1412988,394,422,0
703,1.492,0.640,0.000,2.132,2.355,697965,1781607,0,811,761,761,44669760,1412988,394,422,0
704,1.502,0.651,0.000,2.154,2.229,697965,1781607,0,811,761,761,44669760,1412988,394,422,0
705,1.532,0.658,0.000,2.190,2.248,697965,1781607,0,811,761,761,44669760,1412988,394,422,0
706,1.546,0.672,0.000,2.218,2.284,697965,1781607,0,811,761,761,44669760,1412988,394,422,0
707,1.541,0.637,0.000,2.178,2.319,697965,1781607,0,811,761,761,44669760,1412988,394,422,0
708,1.507,0.683,0.000,2.190,2.273,697965,1781607,0,811,761,761,44669760,1412988,394,422,0
709,1.510,0.667,0.000,2.177,2.285,697965,1781607,0,811,761,761,44669760,1412988,394,422,0
710,1.538,0.654,0.000,2.193,2.275,697965,1781607,0,811,761,761,44669760,1412988,394,422,0
711,1.500,0.656,0.000,2.155,2.287,697965,1781607,0,811,761,761,44669760,1412988,394,422,0
712,1.511,0.654,0.000,2.166,2.255,697965,1781607,0,811,761,761,44669760,1412988,394,422,0
713,1.471,0.660,0.000,2.132,2.267,697965,1781607,0,811,761,761,44669760,1412988,394,422,0
714,1.535,0.652,0.000,2.187,2.228,697965,1781607,0,811,761,761,44669760,1412988,394,422,0
715,1.509,0.639,0.000,2.147,2.278,697965,1781607,0,811,761,761,44669760,1412988,394,422,0
716,1.528,0.654,0.000,2.182,2.247,697965,1781607,0,811,761,761,44669760,1412988,394,422,0
717,1.517,0.663,0.000,2.181,2.281,697965,1781607,0,811,761,761,44669760,1412988,394,422,0
718,1.488,0.642,0.000,2.130,2.277,697965,1781607,0,811,761,761,44669760,1412988,394,422,0
719,1.564,0.665,0.000,2.229,2.234,697965,1781607,0,811,761,761,44669760,1412988,394,422,0
720,1.500,0.666,0.000,2.166,2.328,697965,1781607,0,811,761,761,44669760,1412988,394,422,0
721,1.502,0.653,0.000,2.155,2.267,697965,1781607,0,811,761,761,44669760,1412988,394,422,0
722,1.446,0.638,0.000,2.084,2.252,697965,1781607,0,811,761,761,44669760,1412988,394,422,0
723,1.461,0.665,0.000,2.126,2.180,697965,1781607,0,811,761,761,44669760,1412988,394,422,0
724,1.531,0.661,0.000,2.192,2.227,697965,1781607,0,811,761,761,44669760,1412988,394,422,0
725,1.545,0.703,0.000,2.249,2.312,697965,1781607,0,811,761,761,44669760,1412988,394,422,0
726,1.537,0.659,0.000,2.196,2.355,697965,1781607,0,811,761,761,44669760,1412988,394,422,0
727,1.508,0.678,0.000,2.186,2.293,697965,1781607,0,811,761,761,44669760,1412988,394,422,0
728,1.527,0.656,0.000,2.183,2.285,697965,1781607,0,811,761,761,44669760,1412988,394,422,0
729,1.496,0.649,0.000,2.145,2.298,697965,1781607,0,811,761,761,44669760,1412988,394,422,0
730,1.473,0.684,0.000,2.158,2.243,697965,1781607,0,811,761,761,44669760,1412988,394,422,0
731,1.494,0.667,0.000,2.161,2.264,697965,1781607,0,811,761,761,44669760,1412988,394,422,0
732,1.487,0.643,0.000,2.130,2.268,697965,1781607,0,811,761,761,44669760,1412988,394,422,0
733,1.502,0.641,0.000,2.143,2.232,697965,1781607,0,811,761,761,44669760,1412988,394,422,0
734,1.547,0.671,0.000,2.218,2.260,697965,1781607,0,811,761,761,44669760,1412988,394,422,0
735,1.480,0.634,0.000,2.115,2.326,697965,1781607,0,811,761,761,44669760,1412988,394,422,0
736,1.587,0.708,0.000,2.295,2.208,697965,1781607,0,811,761,761,44669760,1412988,394,422,0
737,1.644,0.953,0.000,2.597,2.398,697965,1781607,0,811,761,761,44669760,1412988,394,422,0
738,1.531,0.690,0.000,2.221,2.703,697965,1781607,0,811,761,761,44669760,1412988,394,422,0
739,1.533,0.753,0.000,2.286,2.328,697965,1781607,0,811,761,761,44669760,1412988,394,422,0
740,1.600,0.760,0.000,2.360,2.403,697965,1781607,0,811,761,761,44669760,1412988,394,422,0
741,1.561,0.741,0.000,2.302,2.473,697965,1781607,0,811,761,761,44669760,1412988,394,422,0
742,1.574,0.737,0.000,2.311,2.403,697965,1781607,0,811,761,761,44669760,1412988,394,422,0
743,1.591,0.731,0.000,2.323,2.427,697965,1781607,0,811,761,761,44669760,1412988,394,422,0
744,1.564,0.694,0.000,2.257,2.424,697965,1781607,0,811,761,761,44669760,1412988,394,422,0
745,1.551,0.700,0.000,2.251,2.358,697965,1781607,0,811,761,761,44669760,1412988,394,422,0
746,1.524,0.712,0.000,2.236,2.347,697965,1781607,0,811,761,761,44669760,1412988,394,422,0
747,1.641,0.901,0.000,2.542,2.350,697965,1781607,0,811,761,761,44669760,1412988,394,422,0
748,1.584,0.685,0.000,2.270,2.658,697965,1781607,0,811,761,761,44669760,1412988,394,422,0
749,1.556,0.748,0.000,2.304,2.377,697965,1781607,0,811,761,761,44669760,1412988,394,422,0
750,1.565,0.743,0.000,2.307,2.403,697965,1781607,0,811,761,761,44669760,1412988,394,422,0
751,1.552,0.737,0.000,2.289,2.409,697965,1781607,0,811,761,761,44669760,1412988,394,422,0
752,1.492,0.755,0.000,2.247,2.407,697965,1781607,0,811,761,761,44669760,1412988,394,422,0
753,1.606,0.749,0.000,2.355,2.347,697965,1781607,0,811,761,761,44669760,1412988,394,422,0
754,1.687,0.984,0.000,2.671,2.465,697965,1781607,0,811,761,761,44669760,1412988,394,422,0
755,1.606,0.793,0.000,2.399,2.780,697965,1781607,0,811,761,761,44669760,1412988,394,422,0
756,1.569,0.660,0.000,2.229,2.501,697965,1781607,0,811,761,761,44669760,1412988,394,422,0
757,1.587,0.743,0.000,2.330,2.323,697965,1781607,0,811,761,761,44669760,1412988,394,422,0
758,1.556,0.704,0.000,2.260,2.435,697965,1781607,0,811,761,761,44669760,1412988,394,422,0
759,1.594,0.891,0.000,2.485,2.374,697965,1781607,0,811,761,761,44669760,1412988,394,422,0
760,1.513,0.609,0.000,2.123,2.585,697965,1781607,0,811,761,761,44669760,1412988,394,422,0
761,1.467,0.704,0.000,2.171,2.217,697965,1781607,0,811,761,761,44669760,1412988,394,422,0
762,1.510,0.680,0.000,2.190,2.268,697965,1781607,0,811,761,761,44669760,1412988,394,422,0
763,1.536,0.665,0.000,2.201,2.287,697965,1781607,0,811,761,761,44669760,1412988,394,422,0
764,1.494,0.693,0.000,2.187,2.297,697965,1781607,0,811,761,761,44669760,1412988,394,422,0
765,1.518,0.693,0.000,2.211,2.286,697965,1781607,0,811,761,761,44669760,1412988,394,422,0
766,1.518,0.720,0.000,2.238,2.317,697965,1781607,0,811,761,761,44669760,1412988,394,422,0
767,1.542,0.709,0.000,2.251,2.344,697965,1781607,0,811,761,761,44669760,1412988,394,422,0
768,1.509,0.690,0.000,2.200,2.350,697965,1781607,0,811,761,761,44669760,1412988,394,422,0
769,1.479,0.689,0.000,2.169,2.300,697965,1781607,0,811,761,761,44669760,1412988,394,422,0
770,1.483,0.705,0.000,2.188,2.267,697965,1781607,0,811,761,761,44669760,1412988,394,422,0
771,1.502,0.674,0.000,2.175,2.288,697965,1781607,0,811,761,761,44669760,1412988,394,422,0
772,1.504,0.678,0.000,2.181,2.274,697965,1781607,0,811,761,761,44669760,1412988,394,422,0
773,1.440,0.669,0.000,2.109,2.285,697965,1781607,0,811,761,761,44669760,1412988,394,422,0
774,1.470,0.720,0.000,2.189,2.206,697965,1781607,0,811,761,761,44669760,1412988,394,422,0
775,1.588,0.708,0.000,2.295,2.301,697965,1781607,0,811,761,761,44669760,1412988,394,422,0
776,1.548,0.716,0.000,2.264,2.409,697965,1781607,0,811,761,761,44669760,1412988,394,422,0
777,1.617,0.923,0.000,2.539,2.363,697965,1781607,0,811,761,761,44669760,1412988,394,422,0
778,1.567,0.685,0.000,2.252,2.645,697965,1781607,0,811,761,761,44669760,1412988,394,422,0
779,1.486,0.691,0.000,2.177,2.364,697965,1781607,0,811,761,761,44669760,1412988,394,422,0
780,1.460,0.648,0.000,2.108,2.270,697965,1781607,0,811,761,761,44669760,1412988,394,422,0
781,1.500,0.637,0.000,2.137,2.201,697965,1781607,0,811,761,761,44669760,1412988,394,422,0
782,1.497,0.638,0.000,2.136,2.230,697965,1781607,0,811,761,761,44669760,1412988,394,422,0
783,1.491,0.636,0.000,2.127,2.227,697965,1781607,0,811,761,761,44669760,1412988,394,422,0
784,1.553,0.662,0.000,2.215,2.233,697965,1781607,0,811,761,761,44669760,1412988,394,422,0
785,1.581,0.653,0.000,2.234,2.303,697965,1781607,0,811,761,761,44669760,1412988,394,422,0
786,1.580,0.708,0.000,2.288,2.352,697965,1781607,0,811,761,761,44669760,1412988,394,422,0
787,1.618,0.675,0.000,2.294,2.401,697965,1781607,0,811,761,761,44669760,1412988,394,422,0
788,1.511,0.674,0.000,2.185,2.405,697965,1781607,0,811,761,761,44669760,1412988,394,422,0
789,1.518,0.669,0.000,2.187,2.274,697965,1781607,0,811,761,761,44669760,1412988,394,422,0
790,1.599,0.666,0.000,2.265,2.300,697965,1781607,0,811,761,761,44669760,1412988,394,422,0
791,1.549,0.661,0.000,2.210,2.382,697965,1781607,0,811,761,761,44669760,1412988,394,422,0
792,1.497,0.655,0.000,2.152,2.306,697965,1781607,0,811,761,761,44669760,1412988,394,422,0
793,1.487,0.622,0.000,2.109,2.255,697965,1781607,0,811,761,761,44669760,1412988,394,422,0
794,1.487,0.631,0.000,2.118,2.199,697965,1781607,0,811,761,761,44669760,1412988,394,422,0
795,1.534,0.637,0.000,2.171,2.211,697965,1781607,0,811,761,761,44669760,1412988,394,422,0
796,1.542,0.649,0.000,2.191,2.268,697965,1781607,0,811,761,761,44669760,1412988,394,422,0
797,1.485,0.629,0.000,2.114,2.293,697965,1781607,0,811,761,761,44669760,1412988,394,422,0
798,1.567,0.644,0.000,2.211,2.201,697965,1781607,0,811,761,761,44669760,1412988,394,422,0
799,1.520,0.661,0.000,2.181,2.303,697965,1781607,0,811,761,761,44669760,1412988,394,422,0
800,1.530,0.653,0.000,2.183,2.279,697965,1781607,0,811,761,761,44669760,1412988,394,422,0
801,1.519,0.653,0.000,2.172,2.284,697965,1781607,0,811,761,761,44669760,1412988,394,422,0
802,1.526,0.698,0.000,2.224,2.276,697965,1781607,0,811,761,761,44669760,1412988,394,422,0
803,1.544,0.693,0.000,2.237,2.356,697965,1781607,0,811,761,761,44669760,1412988,394,422,0
804,1.483,0.645,0.000,2.128,2.346,697965,1781607,0,811,761,761,44669760,1412988,394,422,0
805,1.543,0.644,0.000,2.186,2.225,697965,1781607,0,811,761,761,44669760,1412988,394,422,0
806,1.534,0.646,0.000,2.180,2.276,697965,1781607,0,811,761,761,44669760,1412988,394,422,0
807,1.488,0.644,0.000,2.132,2.287,697965,1781607,0,811,761,761,44669760,1412988,394,422,0
808,1.559,0.649,0.000,2.209,2.241,697965,1781607,0,811,761,761,44669760,1412988,394,422,0
809,1.518,0.679,0.000,2.196,2.312,697965,1781607,0,811,761,761,44669760,1412988,394,422,0
810,1.493,0.642,0.000,2.135,2.312,697965,1781607,0,811,761,761,44669760,1412988,394,422,0
811,1.532,0.669,0.000,2.201,2.232,697965,1781607,0,811,761,761,44669760,1412988,394,422,0
812,1.483,0.638,0.000,2.121,2.309,697965,1781607,0,811,761,761,44669760,1412988,394,422,0
813,1.529,0.655,0.000,2.184,2.226,697965,1781607,0,811,761,761,44669760,1412988,394,422,0
814,1.506,0.649,0.000,2.155,2.293,697965,1781607,0,811,761,761,44669760,1412988,394,422,0
815,1.490,0.653,0.000,2.142,2.246,697965,1781607,0,811,761,761,44669760,1412988,394,422,0
816,1.552,0.639,0.000,2.191,2.239,697965,1781607,0,811,761,761,44669760,1412988,394,422,0
817,1.477,0.644,0.000,2.122,2.287,697965,1781607,0,811,761,761,44669760,1412988,394,422,0
818,1.468,0.636,0.000,2.104,2.232,697965,1781607,0,811,761,761,44669760,1412988,394,422,0
819,1.505,0.631,0.000,2.135,2.192,697965,1781607,0,811,761,761,44669760,1412988,394,422,0
820,1.515,0.624,0.000,2.138,2.234,697965,1781607,0,811,761,761,44669760,1412988,394,422,0
821,1.510,0.620,0.000,2.130,2.238,697965,1781607,0,811,761,761,44669760,1412988,394,422,0
822,1.504,0.635,0.000,2.139,2.218,697965,1781607,0,811,761,761,44669760,1412988,394,422,0
823,1.574,0.701,0.000,2.275,2.239,697965,1781607,0,811,761,761,44669760,1412988,394,422,0
824,1.492,0.681,0.000,2.173,2.372,697965,1781607,0,811,761,761,44669760,1412988,394,422,0
825,1.477,0.650,0.000,2.128,2.263,697965,1781607,0,811,761,761,44669760,1412988,394,422,0
826,1.493,0.661,0.000,2.153,2.230,697965,1781607,0,811,761,761,44669760,1412988,394,422,0
827,1.554,0.754,0.000,2.308,2.251,697965,1781607,0,811,761,761,44669760,1412988,394,422,0
828,1.524,0.701,0.000,2.226,2.426,697965,1781607,0,811,761,761,44669760,1412988,394,422,0
829,1.519,0.668,0.000,2.186,2.338,697965,1781607,0,811,761,761,44669760,1412988,394,422,0
830,1.487,0.653,0.000,2.140,2.287,697965,1781607,0,811,761,761,44669760,1412988,394,422,0
831,1.556,0.685,0.000,2.241,2.236,697965,1781607,0,811,761,761,44669760,1412988,394,422,0
832,1.515,0.682,0.000,2.197,2.347,697965,1781607,0,811,761,761,44669760,1412988,394,422,0
833,1.548,0.672,0.000,2.220,2.310,697965,1781607,0,811,761,761,44669760,1412988,394,422,0
834,1.491,0.660,0.000,2.151,2.321,697965,1781607,0,811,761,761,44669760,1412988,394,422,0
835,1.522,0.631,0.000,2.153,2.243,697965,1781607,0,811,761,761,44669760,1412988,394,422,0
836,1.525,0.632,0.000,2.157,2.248,697965,1781607,0,811,761,761,44669760,1412988,394,422,0
837,1.545,0.640,0.000,2.185,2.256,697965,1781607,0,811,761,761,44669760,1412988,394,422,0
838,1.491,0.649,0.000,2.140,2.287,697965,1781607,0,811,761,761,44669760,1412988,394,422,0
839,1.493,0.637,0.000,2.130,2.230,697965,1781607,0,811,761,761,44669760,1412988,394,422,0
840,1.529,0.650,0.000,2.179,2.227,697965,1781607,0,811,761,761,44669760,1412988,394,422,0
841,1.461,0.628,0.000,2.088,2.281,697965,1781607,0,811,761,761,44669760,1412988,394,422,0
842,1.524,0.644,0.000,2.168,2.177,697965,1781607,0,811,761,761,44669760,1412988,394,422,0
843,1.539,0.653,0.000,2.192,2.264,697965,1781607,0,811,761,761,44669760,1412988,394,422,0
844,1.507,0.647,0.000,2.154,2.311,697965,1781607,0,811,761,761,44669760,1412988,394,422,0
845,1.519,0.646,0.000,2.165,2.263,697965,1781607,0,811,761,761,44669760,1412988,394,422,0
846,1.482,0.644,0.000,2.127,2.281,697965,1781607,0,811,761,761,44669760,1412988,394,422,0
847,1.492,0.657,0.000,2.149,2.230,697965,1781607,0,811,761,761,44669760,1412988,394,422,0
848,1.544,0.639,0.000,2.183,2.247,697965,1781607,0,811,761,761,44669760,1412988,394,422,0
849,1.498,0.663,0.000,2.161,2.284,697965,1781607,0,811,761,761,44669760,1412988,394,422,0
850,1.525,0.644,0.000,2.170,2.264,697965,1781607,0,811,761,761,44669760,1412988,394,422,0
851,1.524,0.646,0.000,2.170,2.267,697965,1781607,0,811,761,761,44669760,1412988,394,422,0
852,1.511,0.655,0.000,2.166,2.259,697965,1781607,0,811,761,761,44669760,1412988,394,422,0
853,1.532,0.625,0.000,2.157,2.256,697965,1781607,0,811,761,761,44669760,1412988,394,422,0
854,1.485,0.631,0.000,2.117,2.261,697965,1781607,0,811,761,761,44669760,1412988,394,422,0
855,1.489,0.650,0.000,2.140,2.219,697965,1781607,0,811,761,761,44669760,1412988,394,422,0
856,1.482,0.637,0.000,2.119,2.227,697965,1781607,0,811,761,761,44669760,1412988,394,422,0
857,1.504,0.637,0.000,2.142,2.210,697965,1781607,0,811,761,761,44669760,1412988,394,422,0
858,1.506,0.630,0.000,2.136,2.237,697965,1781607,0,811,761,761,44669760,1412988,394,422,0
859,1.470,0.627,0.000,2.097,2.241,697965,1781607,0,811,761,761,44669760,1412988,394,422,0
860,1.492,0.632,0.000,2.124,2.186,697965,1781607,0,811,761,761,44669760,1412988,394,422,0
861,1.505,0.625,0.000,2.131,2.215,697965,1781607,0,811,761,761,44669760,1412988,394,422,0
862,1.539,0.630,0.000,2.168,2.233,697965,1781607,0,811,761,761,44669760,1412988,394,422,0
863,1.486,0.634,0.000,2.120,2.258,697965,1781607,0,811,761,761,44669760,1412988,394,422,0
864,1.520,0.631,0.000,2.151,2.217,697965,1781607,0,811,761,761,44669760,1412988,394,422,0
865,1.470,0.647,0.000,2.117,2.250,697965,1781607,0,811,761,761,44669760,1412988,394,422,0
866,1.502,0.654,0.000,2.155,2.227,697965,1781607,0,811,761,761,44669760,1412988,394,422,0
867,1.643,1.034,0.000,2.677,2.249,697965,1781607,0,811,761,761,44669760,1412988,394,422,0
868,1.797,1.236,0.005,3.038,2.812,697965,1781607,0,811,761,761,44669760,1412988,394,422,0
869,1.748,0.865,0.000,2.613,3.160,697965,1781607,0,811,761,761,44669760,1412988,394,422,0
870,1.649,0.820,0.000,2.469,2.705,697965,1781607,0,811,761,761,44669760,1412988,394,422,0
871,1.609,0.631,0.000,2.240,2.563,697965,1781607,0,811,761,761,44669760,1412988,394,422,0
872,1.548,0.739,0.000,2.287,2.336,697965,1781607,0,811,761,761,44669760,1412988,394,422,0
873,1.660,1.420,0.000,3.080,2.390,697965,1781607,0,811,761,761,44669760,1412988,394,422,0
874,1.600,0.952,0.000,2.552,3.184,697965,1781607,0,811,761,761,44669760,1412988,394,422,0
875,1.571,0.697,0.000,2.268,2.642,697965,1781607,0,811,761,761,44669760,1412988,394,422,0
876,1.546,0.762,0.000,2.309,2.374,697965,1781607,0,811,761,761,44669760,1412988,394,422,0
877,1.535,0.714,0.000,2.249,2.407,697965,1781607,0,811,761,761,44669760,1412988,394,422,0
878,1.631,0.887,0.000,2.518,2.368,697965,1781607,0,811,761,761,44669760,1412988,394,422,0
879,1.523,0.612,0.000,2.135,2.616,697965,1781607,0,811,761,761,44669760,1412988,394,422,0
880,1.541,0.734,0.000,2.275,2.231,697965,1781607,0,811,761,761,44669760,1412988,394,422,0
881,1.535,0.680,0.000,2.215,2.372,697965,1781607,0,811,761,761,44669760,1412988,394,422,0
882,1.560,0.707,0.000,2.267,2.304,697965,1781607,0,811,761,761,44669760,1412988,394,422,0
883,1.587,0.728,0.000,2.315,2.378,697965,1781607,0,811,761,761,44669760,1412988,394,422,0
884,1.571,0.680,0.000,2.251,2.412,697965,1781607,0,811,761,761,44669760,1412988,394,422,0
885,1.534,0.693,0.000,2.226,2.347,697965,1781607,0,811,761,761,44669760,1412988,394,422,0
886,1.480,0.700,0.000,2.179,2.324,697965,1781607,0,811,761,761,44669760,1412988,394,422,0
887,1.496,0.693,0.000,2.190,2.277,697965,1781607,0,811,761,761,44669760,1412988,394,422,0
888,1.517,0.682,0.000,2.200,2.299,697965,1781607,0,811,761,761,44669760,1412988,394,422,0
889,1.529,0.672,0.000,2.200,2.300,697965,1781607,0,811,761,761,44669760,1412988,394,422,0
890,1.500,0.664,0.000,2.164,2.299,697965,1781607,0,811,761,761,44669760,1412988,394,422,0
891,1.515,0.658,0.000,2.173,2.265,697965,1781607,0,811,761,761,44669760,1412988,394,422,0
892,1.486,0.663,0.000,2.149,2.280,697965,1781607,0,811,761,761,44669760,1412988,394,422,0
893,1.558,0.709,0.000,2.267,2.253,697965,1781607,0,811,761,761,44669760,1412988,394,422,0
894,1.533,0.698,0.000,2.231,2.370,697965,1781607,0,811,761,761,44669760,1412988,394,422,0
895,1.543,0.697,0.000,2.240,2.343,697965,1781607,0,811,761,761,44669760,1412988,394,422,0
896,1.524,0.653,0.000,2.177,2.344,697965,1781607,0,811,761,761,44669760,1412988,394,422,0
897,1.519,0.673,0.000,2.192,2.286,697965,1781607,0,811,761,761,44669760,1412988,394,422,0
898,1.547,0.668,0.000,2.215,2.295,697965,1781607,0,811,761,761,44669760,1412988,394,422,0
899,1.543,0.669,0.000,2.211,2.304,697965,1781607,0,811,761,761,44669760,1412988,394,422,0
900,1.516,0.655,0.000,2.171,2.300,697965,1781607,0,811,761,761,44669760,1412988,394,422,0
901,1.553,0.670,0.000,2.222,2.265,697965,1781607,0,811,761,761,44669760,1412988,394,422,0
902,1.548,0.677,0.000,2.225,2.311,697965,1781607,0,811,761,761,44669760,1412988,394,422,0
903,1.497,0.648,0.000,2.145,2.316,697965,1781607,0,811,761,761,44669760,1412988,394,422,0
904,1.560,0.646,0.000,2.207,2.239,697965,1781607,0,811,761,761,44669760,1412988,394,422,0
905,1.501,0.671,0.000,2.173,2.305,697965,1781607,0,811,761,761,44669760,1412988,394,422,0
906,1.481,0.634,0.000,2.115,2.284,697965,1781607,0,811,761,761,44669760,1412988,394,422,0
907,1.547,0.680,0.000,2.227,2.203,697965,1781607,0,811,761,761,44669760,1412988,394,422,0
908,1.522,0.653,0.000,2.175,2.316,697965,1781607,0,811,761,761,44669760,1412988,394,422,0
909,1.524,0.649,0.000,2.173,2.269,697965,1781607,0,811,761,761,44669760,1412988,394,422,0
910,1.498,0.646,0.000,2.144,2.264,697965,1781607,0,811,761,761,44669760,1412988,394,422,0
911,1.542,0.668,0.000,2.210,2.262,697965,1781607,0,811,761,761,44669760,1412988,394,422,0
912,1.503,0.665,0.000,2.168,2.313,697965,1781607,0,811,761,761,44669760,1412988,394,422,0
913,1.514,0.652,0.000,2.167,2.270,697965,1781607,0,811,761,761,44669760,1412988,394,422,0
914,1.511,0.650,0.000,2.161,2.259,697965,1781607,0,811,761,761,44669760,1412988,394,422,0
915,1.552,0.656,0.000,2.208,2.263,697965,1781607,0,811,761,761,44669760,1412988,394,422,0
916,1.522,0.660,0.000,2.182,2.309,697965,1781607,0,811,761,761,44669760,1412988,394,422,0
917,1.528,0.652,0.000,2.180,2.273,697965,1781607,0,811,761,761,44669760,1412988,394,422,0
918,1.515,0.660,0.000,2.175,2.271,697965,1781607,0,811,761,761,44669760,1412988,394,422,0
919,1.503,0.674,0.000,2.178,2.271,697965,1781607,0,811,761,761,44669760,1412988,394,422,0
920,1.486,0.653,0.000,2.139,2.273,697965,1781607,0,811,761,761,44669760,1412988,394,422,0
921,1.498,0.679,0.000,2.177,2.243,697965,1781607,0,811,761,761,44669760,1412988,394,422,0
922,1.506,0.638,0.000,2.145,2.285,697965,1781607,0,811,761,761,44669760,1412988,394,422,0
923,1.510,0.709,0.000,2.219,2.252,697965,1781607,0,811,761,761,44669760,1412988,394,422,0
924,1.488,0.631,0.000,2.119,2.323,697965,1781607,0,811,761,761,44669760,1412988,394,422,0
925,1.506,0.630,0.000,2.136,2.206,697965,1781607,0,811,761,761,44669760,1412988,394,422,0
926,1.554,0.637,0.000,2.191,2.230,697965,1781607,0,811,761,761,44669760,1412988,394,422,0
927,1.497,0.640,0.000,2.137,2.295,697965,1781607,0,811,761,761,44669760,1412988,394,422,0
928,1.489,0.690,0.000,2.180,2.242,697965,1781607,0,811,761,761,44669760,1412988,394,422,0
929,1.520,0.661,0.000,2.181,2.280,697965,1781607,0,811,761,761,44669760,1412988,394,422,0
930,1.523,0.668,0.000,2.190,2.299,697965,1781607,0,811,761,761,44669760,1412988,394,422,0
931,1.500,0.674,0.000,2.174,2.294,697965,1781607,0,811,761,761,44669760,1412988,394,422,0
932,1.515,0.661,0.000,2.176,2.265,697965,1781607,0,811,761,761,44669760,1412988,394,422,0
933,1.494,0.679,0.000,2.173,2.269,697965,1781607,0,811,761,761,44669760,1412988,394,422,0
934,1.534,0.657,0.000,2.191,2.263,697965,1781607,0,811,761,761,44669760,1412988,394,422,0
935,1.499,0.648,0.000,2.148,2.284,697965,1781607,0,811,761,761,44669760,1412988,394,422,0
936,1.500,0.676,0.000,2.176,2.246,697965,1781607,0,811,761,761,44669760,1412988,394,422,0
937,1.467,0.678,0.000,2.145,2.282,697965,1781607,0,811,761,761,44669760,1412988,394,422,0
938,1.496,0.649,0.000,2.144,2.235,697965,1781607,0,811,761,761,44669760,1412988,394,422,0
939,1.528,0.628,0.000,2.156,2.240,697965,1781607,0,811,761,761,44669760,1412988,394,422,0
940,1.508,0.639,0.000,2.147,2.255,697965,1781607,0,811,761,761,44669760,1412988,394,422,0
941,1.490,0.662,0.000,2.152,2.247,697965,1781607,0,811,761,761,44669760,1412988,394,422,0
942,1.435,0.638,0.000,2.074,2.251,697965,1781607,0,811,761,761,44669760,1412988,394,422,0
943,1.529,0.635,0.000,2.164,2.165,697965,1781607,0,811,761,761,44669760,1412988,394,422,0
944,1.493,0.645,0.000,2.138,2.266,697965,1781607,0,811,761,761,44669760,1412988,394,422,0
945,1.482,0.686,0.000,2.169,2.238,697965,1781607,0,811,761,761,44669760,1412988,394,422,0
946,1.512,0.658,0.000,2.170,2.257,697965,1781607,0,811,761,761,44669760,1412988,394,422,0
947,1.532,0.660,0.000,2.193,2.266,697965,1781607,0,811,761,761,44669760,1412988,394,422,0
948,1.523,0.700,0.000,2.222,2.305,697965,1781607,0,811,761,761,44669760,1412988,394,422,0
949,1.456,0.635,0.000,2.091,2.315,697965,1781607,0,811,761,761,44669760,1412988,394,422,0
950,1.512,0.647,0.000,2.158,2.191,697965,1781607,0,811,761,761,44669760,1412988,394,422,0
951,1.460,0.619,0.000,2.079,2.245,697965,1781607,0,811,761,761,44669760,1412988,394,422,0
952,1.513,0.637,0.000,2.150,2.177,697965,1781607,0,811,761,761,44669760,1412988,394,422,0
953,1.552,0.646,0.000,2.198,2.253,697965,1781607,0,811,761,761,44669760,1412988,394,422,0
954,1.453,0.632,0.000,2.085,2.309,697965,1781607,0,811,761,761,44669760,1412988,394,422,0
955,1.482,0.664,0.000,2.147,2.172,697965,1781607,0,811,761,761,44669760,1412988,394,422,0
956,1.518,0.654,0.000,2.172,2.237,697965,1781607,0,811,761,761,44669760,1412988,394,422,0
957,1.497,0.639,0.000,2.136,2.274,697965,1781607,0,811,761,761,44669760,1412988,394,422,0
958,1.491,0.637,0.000,2.128,2.235,697965,1781607,0,811,761,761,44669760,1412988,394,422,0
959,1.529,0.647,0.000,2.175,2.243,697965,1781607,0,811,761,761,44669760,1412988,394,422,0
960,1.499,0.649,0.000,2.148,2.283,697965,1781607,0,811,761,761,44669760,1412988,394,422,0
961,1.532,0.661,0.000,2.193,2.236,697965,1781607,0,811,761,761,44669760,1412988,394,422,0
962,1.517,0.642,0.000,2.160,2.289,697965,1781607,0,811,761,761,44669760,1412988,394,422,0
963,1.519,0.630,0.000,2.149,2.248,697965,1781607,0,811,761,761,44669760,1412988,394,422,0
964,1.531,0.630,0.000,2.161,2.241,697965,1781607,0,811,761,761,44669760,1412988,394,422,0
965,1.490,0.623,0.000,2.113,2.267,697965,1781607,0,811,761,761,44669760,1412988,394,422,0
966,1.477,0.654,0.000,2.131,2.211,697965,1781607,0,811,761,761,44669760,1412988,394,422,0
967,1.494,0.642,0.000,2.136,2.226,697965,1781607,0,811,761,761,44669760,1412988,394,422,0
968,1.523,0.679,0.000,2.203,2.239,697965,1781607,0,811,761,761,44669760,1412988,394,422,0
969,1.470,0.643,0.000,2.114,2.304,697965,1781607,0,811,761,761,44669760,1412988,394,422,0
970,1.523,0.634,0.000,2.157,2.209,697965,1781607,0,811,761,761,44669760,1412988,394,422,0
971,1.478,0.631,0.000,2.109,2.250,697965,1781607,0,811,761,761,44669760,1412988,394,422,0
972,1.472,0.645,0.000,2.117,2.212,697965,1781607,0,811,761,761,44669760,1412988,394,422,0
973,1.495,0.620,0.000,2.115,2.213,697965,1781607,0,811,761,761,44669760,1412988,394,422,0
974,1.485,0.638,0.000,2.123,2.214,697965,1781607,0,811,761,761,44669760,1412988,394,422,0
975,1.524,0.671,0.000,2.194,2.220,697965,1781607,0,811,761,761,44669760,1412988,394,422,0
976,1.515,0.649,0.000,2.164,2.290,697965,1781607,0,811,761,761,44669760,1412988,394,422,0
977,1.503,0.654,0.000,2.157,2.254,697965,1781607,0,811,761,761,44669760,1412988,394,422,0
978,1.528,0.639,0.000,2.167,2.251,697965,1781607,0,811,761,761,44669760,1412988,394,422,0
979,1.488,0.663,0.000,2.151,2.264,697965,1781607,0,811,761,761,44669760,1412988,394,422,0
980,1.491,0.645,0.000,2.135,2.241,697965,1781607,0,811,761,761,44669760,1412988,394,422,0
981,1.514,0.653,0.000,2.166,2.235,697965,1781607,0,811,761,761,44669760,1412988,394,422,0
982,1.492,0.647,0.000,2.139,2.270,697965,1781607,0,811,761,761,44669760,1412988,394,422,0
983,1.474,0.639,0.000,2.113,2.230,697965,1781607,0,811,761,761,44669760,1412988,394,422,0
984,1.490,0.640,0.000,2.129,2.208,697965,1781607,0,811,761,761,44669760,1412988,394,422,0
985,1.488,0.681,0.000,2.170,2.227,697965,1781607,0,811,761,761,44669760,1412988,394,422,0
986,1.491,0.642,0.000,2.133,2.278,697965,1781607,0,811,761,761,44669760,1412988,394,422,0
987,1.515,0.642,0.000,2.158,2.227,697965,1781607,0,811,761,761,44669760,1412988,394,422,0
988,1.499,0.639,0.000,2.138,2.256,697965,1781607,0,811,761,761,44669760,1412988,394,422,0
989,1.481,0.642,0.000,2.123,2.237,697965,1781607,0,811,761,761,44669760,1412988,394,422,0
990,1.482,0.656,0.000,2.138,2.226,697965,1781607,0,811,761,761,44669760,1412988,394,422,0
991,1.481,0.632,0.000,2.113,2.225,697965,1781607,0,811,761,761,44669760,1412988,394,422,0
992,1.516,0.639,0.000,2.155,2.212,697965,1781607,0,811,761,761,44669760,1412988,394,422,0
993,1.517,0.633,0.000,2.150,2.257,697965,1781607,0,811,761,761,44669760,1412988,394,422,0
994,1.496,0.658,0.000,2.154,2.251,697965,1781607,0,811,761,761,44669760,1412988,394,422,0
995,1.499,0.643,0.000,2.142,2.263,697965,1781607,0,811,761,761,44669760,1412988,394,422,0
996,1.523,0.633,0.000,2.156,2.243,697965,1781607,0,811,761,761,44669760,1412988,394,422,0
997,1.478,0.633,0.000,2.112,2.256,697965,1781607,0,811,761,761,44669760,1412988,394,422,0
998,1.474,0.639,0.000,2.113,2.218,697965,1781607,0,811,761,761,44669760,1412988,394,422,0
999,1.492,0.637,0.000,2.129,2.205,697965,1781607,0,811,761,761,44669760,1412988,394,422,0
1000,1.512,0.638,0.000,2.149,2.222,697965,1781607,0,811,761,761,44669760,1412988,394,422,0
1001,1.488,0.644,0.000,2.132,2.266,697965,1781607,0,811,761,761,44669760,1412988,394,422,0
1002,1.478,0.650,0.000,2.128,2.232,697965,1781607,0,811,761,761,44669760,1412988,394,422,0
1003,1.510,0.629,0.000,2.140,2.218,697965,1781607,0,811,761,761,44669760,1412988,394,422,0
1004,1.478,0.646,0.000,2.125,2.240,697965,1781607,0,811,761,761,44669760,1412988,394,422,0
1005,1.494,0.633,0.000,2.127,2.215,697965,1781607,0,811,761,761,44669760,1412988,394,422,0
1006,1.515,0.641,0.000,2.156,2.229,697965,1781607,0,811,761,761,44669760,1412988,394,422,0
1007,1.485,0.621,0.000,2.105,2.249,697965,1781607,0,811,761,761,44669760,1412988,394,422,0
1008,1.492,0.644,0.000,2.136,2.210,697965,1781607,0,811,761,761,44669760,1412988,394,422,0
1009,1.512,0.643,0.000,2.155,2.222,697965,1781607,0,811,761,761,44669760,1412988,394,422,0
1010,1.510,0.633,0.000,2.143,2.250,697965,1781607,0,811,761,761,44669760,1412988,394,422,0
1011,1.491,0.625,0.000,2.117,2.240,697965,1781607,0,811,761,761,44669760,1412988,394,422,0
1012,1.515,0.617,0.000,2.132,2.208,697965,1781607,0,811,761,761,44669760,1412988,394,422,0
1013,1.502,0.651,0.000,2.153,2.231,697965,1781607,0,811,761,761,44669760,1412988,394,422,0
1014,1.465,0.618,0.000,2.084,2.244,697965,1781607,0,811,761,761,44669760,1412988,394,422,0
1015,1.509,0.656,0.000,2.166,2.187,697965,1781607,0,811,761,761,44669760,1412988,394,422,0
1016,1.489,0.650,0.000,2.139,2.255,697965,1781607,0,811,761,761,44669760,1412988,394,422,0
1017,1.496,0.641,0.000,2.137,2.236,697965,1781607,0,811,761,761,44669760,1412988,394,422,0
1018,1.443,0.630,0.000,2.073,2.236,697965,1781607,0,811,761,761,44669760,1412988,394,422,0
1019,1.543,0.663,0.000,2.206,2.174,697965,1781607,0,811,761,761,44669760,1412988,394,422,0
1020,1.528,0.655,0.000,2.183,2.298,697965,1781607,0,811,761,761,44669760,1412988,394,422,0
1021,1.484,0.650,0.000,2.134,2.273,697965,1781607,0,811,761,761,44669760,1412988,394,422,0
1022,1.500,0.647,0.000,2.147,2.237,697965,1781607,0,811,761,761,44669760,1412988,394,422,0
1023,1.490,0.633,0.000,2.123,2.248,697965,1781607,0,811,761,761,44669760,1412988,394,422,0
1024,1.488,0.636,0.000,2.124,2.212,697965,1781607,0,811,761,761,44669760,1412988,394,422,0
1025,1.497,0.635,0.000,2.132,2.214,697965,1781607,0,811,761,761,44669760,1412988,394,422,0
1026,1.500,0.643,0.000,2.143,2.233,697965,1781607,0,811,761,761,44669760,1412988,394,422,0
1027,1.478,0.645,0.000,2.123,2.250,697965,1781607,0,811,761,761,44669760,1412988,394,422,0
1028,1.509,0.629,0.000,2.137,2.233,697965,1781607,0,811,761,761,44669760,1412988,394,422,0
1029,1.517,0.635,0.000,2.152,2.227,697965,1781607,0,811,761,761,44669760,1412988,394,422,0
1030,1.539,0.645,0.000,2.185,2.252,697965,1781607,0,811,761,761,44669760,1412988,394,422,0
1031,1.466,0.634,0.000,2.101,2.289,697965,1781607,0,811,761,761,44669760,1412988,394,422,0
1032,1.519,0.640,0.000,2.159,2.211,697965,1781607,0,811,761,761,44669760,1412988,394,422,0
1033,1.511,0.620,0.000,2.131,2.258,697965,1781607,0,811,761,761,44669760,1412988,394,422,0
1034,1.488,0.614,0.000,2.102,2.222,697965,1781607,0,811,761,761,44669760,1412988,394,422,0
1035,1.524,0.635,0.000,2.158,2.197,697965,1781607,0,811,761,761,44669760,1412988,394,422,0
1036,1.474,0.646,0.000,2.120,2.269,697965,1781607,0,811,761,761,44669760,1412988,394,422,0
1037,1.518,0.677,0.000,2.195,2.220,697965,1781607,0,811,761,761,44669760,1412988,394,422,0
1038,1.534,0.663,0.000,2.197,2.292,697965,1781607,0,811,761,761,44669760,1412988,394,422,0
1039,1.523,0.665,0.000,2.188,2.288,697965,1781607,0,811,761,761,44669760,1412988,394,422,0
1040,1.520,0.641,0.000,2.161,2.285,697965,1781607,0,811,761,761,44669760,1412988,394,422,0
1041,1.457,0.636,0.000,2.092,2.258,697965,1781607,0,811,761,761,44669760,1412988,394,422,0
1042,1.605,0.652,0.000,2.257,2.185,697965,1781607,0,811,761,761,44669760,1412988,394,422,0
1043,1.610,0.644,0.000,2.254,2.362,697965,1781607,0,811,761,761,44669760,1412988,394,422,0
1044,1.477,0.626,0.000,2.104,2.354,697965,1781607,0,811,761,761,44669760,1412988,394,422,0
1045,1.526,0.652,0.000,2.178,2.190,697965,1781607,0,811,761,761,44669760,1412988,394,422,0
1046,1.505,0.621,0.000,2.126,2.269,697965,1781607,0,811,761,761,44669760,1412988,394,422,0
1047,1.503,0.625,0.000,2.128,2.223,697965,1781607,0,811,761,761,44669760,1412988,394,422,0
1048,1.484,0.634,0.000,2.118,2.217,697965,1781607,0,811,761,761,44669760,1412988,394,422,0
1049,1.519,0.646,0.000,2.165,2.209,697965,1781607,0,811,761,761,44669760,1412988,394,422,0
1050,1.553,0.664,0.000,2.217,2.266,697965,1781607,0,811,761,761,44669760,1412988,394,422,0
1051,1.478,0.647,0.000,2.126,2.310,697965,1781607,0,811,761,761,44669760,1412988,394,422,0
1052,1.527,0.648,0.000,2.175,2.235,697965,1781607,0,811,761,761,44669760,1412988,394,422,0
1053,1.494,0.640,0.000,2.134,2.278,697965,1781607,0,811,761,761,44669760,1412988,394,422,0
1054,1.532,0.659,0.000,2.191,2.221,697965,1781607,0,811,761,761,44669760,1412988,394,422,0
1055,1.555,0.645,0.000,2.200,2.283,697965,1781607,0,811,761,761,44669760,1412988,394,422,0
1056,1.502,0.632,0.000,2.134,2.296,697965,1781607,0,811,761,761,44669760,1412988,394,422,0
1057,1.505,0.623,0.000,2.128,2.240,697965,1781607,0,811,761,761,44669760,1412988,394,422,0
1058,1.544,0.691,0.000,2.235,2.217,697965,1781607,0,811,761,761,44669760,1412988,394,422,0
1059,1.542,0.640,0.000,2.181,2.339,697965,1781607,0,811,761,761,44669760,1412988,394,422,0
1060,1.566,0.656,0.000,2.222,2.290,697965,1781607,0,811,761,761,44669760,1412988,394,422,0
1061,1.543,0.663,0.000,2.206,2.318,697965,1781607,0,811,761,761,44669760,1412988,394,422,0
1062,1.572,0.668,0.000,2.241,2.322,697965,1781607,0,811,761,761,44669760,1412988,394,422,0
1063,1.525,0.650,0.000,2.174,2.349,697965,1781607,0,811,761,761,44669760,1412988,394,422,0
1064,1.512,0.653,0.000,2.165,2.278,697965,1781607,0,811,761,761,44669760,1412988,394,422,0
1065,1.513,0.647,0.000,2.161,2.254,697965,1781607,0,811,761,761,44669760,1412988,394,422,0
1066,1.505,0.620,0.000,2.125,2.251,697965,1781607,0,811,761,761,44669760,1412988,394,422,0
1067,1.508,0.631,0.000,2.139,2.223,697965,1781607,0,811,761,761,44669760,1412988,394,422,0
1068,1.496,0.638,0.000,2.134,2.231,697965,1781607,0,811,761,761,44669760,1412988,394,422,0
1069,1.518,0.669,0.000,2.187,2.236,697965,1781607,0,811,761,761,44669760,1412988,394,422,0
1070,1.561,0.667,0.000,2.227,2.280,697965,1781607,0,811,761,761,44669760,1412988,394,422,0
1071,1.538,0.654,0.000,2.193,2.318,697965,1781607,0,811,761,761,44669760,1412988,394,422,0
1072,1.557,0.660,0.000,2.217,2.284,697965,1781607,0,811,761,761,44669760,1412988,394,422,0
1073,1.494,0.642,0.000,2.136,2.330,697965,1781607,0,811,761,761,44669760,1412988,394,422,0
1074,1.485,0.666,0.000,2.151,2.238,697965,1781607,0,811,761,761,44669760,1412988,394,422,0
1075,1.543,0.680,0.000,2.224,2.252,697965,1781607,0,811,761,761,44669760,1412988,394,422,0
1076,1.523,0.653,0.000,2.176,2.320,697965,1781607,0,811,761,761,44669760,1412988,394,422,0
1077,1.540,0.658,0.000,2.198,2.263,697965,1781607,0,811,761,761,44669760,1412988,394,422,0
1078,1.488,0.643,0.000,2.131,2.289,697965,1781607,0,811,761,761,44669760,1412988,394,422,0
1079,1.519,0.633,0.000,2.151,2.235,697965,1781607,0,811,761,761,44669760,1412988,394,422,0
1080,1.498,0.643,0.000,2.140,2.253,697965,1781607,0,811,761,761,44669760,1412988,394,422,0
1081,1.542,0.652,0.000,2.194,2.247,697965,1781607,0,811,761,761,44669760,1412988,394,422,0
1082,1.534,0.648,0.000,2.182,2.286,697965,1781607,0,811,761,761,44669760,1412988,394,422,0
1083,1.511,0.633,0.000,2.143,2.275,697965,1781607,0,811,761,761,44669760,1412988,394,422,0
1084,1.540,0.654,0.000,2.194,2.252,697965,1781607,0,811,761,761,44669760,1412988,394,422,0
1085,1.528,0.639,0.000,2.167,2.302,697965,1781607,0,811,761,761,44669760,1412988,394,422,0
1086,1.522,0.637,0.000,2.158,2.269,697965,1781607,0,811,761,761,44669760,1412988,394,422,0
1087,1.520,0.668,0.000,2.188,2.254,697965,1781607,0,811,761,761,44669760,1412988,394,422,0
1088,1.521,0.645,0.000,2.167,2.278,697965,1781607,0,811,761,761,44669760,1412988,394,422,0
1089,1.520,0.645,0.000,2.165,2.259,697965,1781607,0,811,761,761,44669760,1412988,394,422,0
1090,1.545,0.651,0.000,2.197,2.266,697965,1781607,0,811,761,761,44669760,1412988,394,422,0
1091,1.522,0.655,0.000,2.178,2.309,697965,1781607,0,811,761,761,44669760,1412988,394,422,0
1092,1.475,0.631,0.000,2.106,2.282,697965,1781607,0,811,761,761,44669760,1412988,394,422,0
1093,1.528,0.649,0.000,2.177,2.202,697965,1781607,0,811,761,761,44669760,1412988,394,422,0
1094,1.508,0.652,0.000,2.160,2.271,697965,1781607,0,811,761,761,44669760,1412988,394,422,0
1095,1.520,0.640,0.000,2.160,2.252,697965,1781607,0,811,761,761,44669760,1412988,394,422,0
1096,1.455,0.662,0.000,2.117,2.265,697965,1781607,0,811,761,761,44669760,1412988,394,422,0
1097,1.509,0.653,0.000,2.162,2.210,697965,1781607,0,811,761,761,44669760,1412988,394,422,0
1098,1.498,0.639,0.000,2.137,2.251,697965,1781607,0,811,761,761,44669760,1412988,394,422,0
1099,1.524,0.649,0.000,2.172,2.234,697965,1781607,0,811,761,761,44669760,1412988,394,422,0
1100,1.540,0.647,0.000,2.187,2.276,697965,1781607,0,811,761,761,44669760,1412988,394,422,0
1101,1.522,0.637,0.000,2.159,2.290,697965,1781607,0,811,761,761,44669760,1412988,394,422,0
1102,1.479,0.628,0.000,2.108,2.259,697965,1781607,0,811,761,761,44669760,1412988,394,422,0
1103,1.501,0.627,0.000,2.128,2.194,697965,1781607,0,811,761,761,44669760,1412988,394,422,0
1104,1.521,0.635,0.000,2.156,2.231,697965,1781607,0,811,761,761,44669760,1412988,394,422,0
1105,1.539,0.665,0.000,2.204,2.257,697965,1781607,0,811,761,761,44669760,1412988,394,422,0
1106,1.489,0.620,0.000,2.109,2.295,697965,1781607,0,811,761,761,44669760,1412988,394,422,0
1107,1.500,0.636,0.000,2.136,2.214,697965,1781607,0,811,761,761,44669760,1412988,394,422,0
1108,1.501,0.636,0.000,2.137,2.229,697965,1781607,0,811,761,761,44669760,1412988,394,422,0
1109,1.555,0.628,0.000,2.182,2.234,697965,1781607,0,811,761,761,44669760,1412988,394,422,0
1110,1.502,0.647,0.000,2.149,2.287,697965,1781607,0,811,761,761,44669760,1412988,394,422,0
1111,1.482,0.647,0.000,2.129,2.252,697965,1781607,0,811,761,761,44669760,1412988,394,422,0
1112,1.569,0.648,0.000,2.217,2.233,697965,1781607,0,811,761,761,44669760,1412988,394,422,0
1113,1.525,0.646,0.000,2.171,2.320,697965,1781607,0,811,761,761,44669760,1412988,394,422,0
1114,1.542,0.666,0.000,2.208,2.266,697965,1781607,0,811,761,761,44669760,1412988,394,422,0
1115,1.552,0.674,0.000,2.226,2.298,697965,1781607,0,811,761,761,44669760,1412988,394,422,0
1116,1.530,0.622,0.000,2.153,2.336,697965,1781607,0,811,761,761,44669760,1412988,394,422,0
1117,1.529,0.648,0.000,2.177,2.243,697965,1781607,0,811,761,761,44669760,1412988,394,422,0
1118,1.505,0.657,0.000,2.163,2.269,697965,1781607,0,811,761,761,44669760,1412988,394,422,0
1119,1.524,0.620,0.000,2.144,2.261,697965,1781607,0,811,761,761,44669760,1412988,394,422,0
1120,1.475,0.639,0.000,2.114,2.239,697965,1781607,0,811,761,761,44669760,1412988,394,422,0
1121,1.491,0.628,0.000,2.119,2.205,697965,1781607,0,811,761,761,44669760,1412988,394,422,0
1122,1.512,0.622,0.000,2.135,2.209,697965,1781607,0,811,761,761,44669760,1412988,394,422,0
1123,1.501,0.628,0.000,2.130,2.226,697965,1781607,0,811,761,761,44669760,1412988,394,422,0
1124,1.486,0.630,0.000,2.117,2.229,697965,1781607,0,811,761,761,44669760,1412988,394,422,0
1125,1.483,0.632,0.000,2.115,2.224,697965,1781607,0,811,761,761,44669760,1412988,394,422,0
1126,1.544,0.649,0.000,2.193,2.205,697965,1781607,0,811,761,761,44669760,1412988,394,422,0
1127,1.521,0.674,0.000,2.196,2.291,697965,1781607,0,811,761,761,44669760,1412988,394,422,0
1128,1.483,0.620,0.000,2.103,2.295,697965,1781607,0,811,761,761,44669760,1412988,394,422,0
1129,1.501,0.633,0.000,2.134,2.205,697965,1781607,0,811,761,761,44669760,1412988,394,422,0
1130,1.531,0.646,0.000,2.177,2.220,697965,1781607,0,811,761,761,44669760,1412988,394,422,0
1131,1.510,0.635,0.000,2.146,2.271,697965,1781607,0,811,761,761,44669760,1412988,394,422,0
1132,1.496,0.636,0.000,2.132,2.244,697965,1781607,0,811,761,761,44669760,1412988,394,422,0
1133,1.507,0.646,0.000,2.153,2.235,697965,1781607,0,811,761,761,44669760,1412988,394,422,0
1134,1.520,0.638,0.000,2.158,2.243,697965,1781607,0,811,761,761,44669760,1412988,394,422,0
1135,1.505,0.636,0.000,2.141,2.249,697965,1781607,0,811,761,761,44669760,1412988,394,422,0
1136,1.471,0.642,0.000,2.113,2.241,697965,1781607,0,811,761,761,44669760,1412988,394,422,0
1137,1.522,0.656,0.000,2.178,2.206,697965,1781607,0,811,761,761,44669760,1412988,394,422,0
1138,1.508,0.635,0.000,2.143,2.268,697965,1781607,0,811,761,761,44669760,1412988,394,422,0
1139,1.478,0.629,0.000,2.107,2.239,697965,1781607,0,811,761,761,44669760,1412988,394,422,0
1140,1.468,0.641,0.000,2.109,2.214,697965,1781607,0,811,761,761,44669760,1412988,394,422,0
1141,1.512,0.617,0.000,2.129,2.196,697965,1781607,0,811,761,761,44669760,1412988,394,422,0
1142,1.547,0.628,0.000,2.175,2.229,697965,1781607,0,811,761,761,44669760,1412988,394,422,0
1143,1.484,0.627,0.000,2.111,2.279,697965,1781607,0,811,761,761,44669760,1412988,394,422,0
1144,1.505,0.630,0.000,2.135,2.207,697965,1781607,0,811,761,761,44669760,1412988,394,422,0
1145,1.482,0.631,0.000,2.113,2.237,697965,1781607,0,811,761,761,44669760,1412988,394,422,0
1146,1.512,0.625,0.000,2.137,2.210,697965,1781607,0,811,761,761,44669760,1412988,394,422,0
1147,1.507,0.620,0.000,2.127,2.240,697965,1781607,0,811,761,761,44669760,1412988,394,422,0
1148,1.466,0.630,0.000,2.096,2.228,697965,1781607,0,811,761,761,44669760,1412988,394,422,0
1149,1.511,0.648,0.000,2.159,2.194,697965,1781607,0,811,761,761,44669760,1412988,394,422,0
1150,1.497,0.645,0.000,2.143,2.250,697965,1781607,0,811,761,761,44669760,1412988,394,422,0
1151,1.511,0.636,0.000,2.146,2.232,697965,1781607,0,811,761,761,44669760,1412988,394,422,0
1152,1.475,0.655,0.000,2.130,2.245,697965,1781607,0,811,761,761,44669760,1412988,394,422,0
1153,1.506,0.632,0.000,2.138,2.228,697965,1781607,0,811,761,761,44669760,1412988,394,422,0
1154,1.495,0.634,0.000,2.129,2.230,697965,1781607,0,811,761,761,44669760,1412988,394,422,0
1155,1.553,0.632,0.000,2.185,2.217,697965,1781607,0,811,761,761,44669760,1412988,394,422,0
1156,1.504,0.632,0.000,2.136,2.276,697965,1781607,0,811,761,761,44669760,1412988,394,422,0
1157,1.522,0.612,0.000,2.134,2.231,697965,1781607,0,811,761,761,44669760,1412988,394,422,0
1158,1.526,0.610,0.000,2.136,2.225,697965,1781607,0,811,761,761,44669760,1412988,394,422,0
1159,1.531,0.648,0.000,2.179,2.245,697965,1781607,0,811,761,761,44669760,1412988,394,422,0
1160,1.514,0.667,0.000,2.182,2.288,697965,1781607,0,811,761,761,44669760,1412988,394,422,0
1161,1.556,0.653,0.000,2.209,2.281,697965,1781607,0,811,761,761,44669760,1412988,394,422,0
1162,1.496,0.643,0.000,2.139,2.315,697965,1781607,0,811,761,761,44669760,1412988,394,422,0
1163,1.467,0.658,0.000,2.125,2.231,697965,1781607,0,811,761,761,44669760,1412988,394,422,0
1164,1.513,0.616,0.000,2.129,2.215,697965,1781607,0,811,761,761,44669760,1412988,394,422,0
1165,1.542,0.639,0.000,2.181,2.226,697965,1781607,0,811,761,761,44669760,1412988,394,422,0
1166,1.545,0.627,0.000,2.172,2.278,697965,1781607,0,811,761,761,44669760,1412988,394,422,0
1167,1.473,0.618,0.000,2.091,2.270,697965,1781607,0,811,761,761,44669760,1412988,394,422,0
1168,1.487,0.620,0.000,2.107,2.190,697965,1781607,0,811,761,761,44669760,1412988,394,422,0
1169,1.512,0.622,0.000,2.134,2.200,697965,1781607,0,811,761,761,44669760,1412988,394,422,0
1170,1.490,0.632,0.000,2.122,2.224,697965,1781607,0,811,761,761,44669760,1412988,394,422,0
1171,1.510,0.628,0.000,2.139,2.212,697965,1781607,0,811,761,761,44669760,1412988,394,422,0
1172,1.550,0.631,0.000,2.181,2.233,697965,1781607,0,811,761,761,44669760,1412988,394,422,0
1173,1.488,0.618,0.000,2.105,2.285,697965,1781607,0,811,761,761,44669760,1412988,394,422,0
1174,1.486,0.628,0.000,2.114,2.198,697965,1781607,0,811,761,761,44669760,1412988,394,422,0
1175,1.530,0.633,0.000,2.163,2.206,697965,1781607,0,811,761,761,44669760,1412988,394,422,0
1176,1.477,0.639,0.000,2.117,2.279,697965,1781607,0,811,761,761,44669760,1412988,394,422,0
1177,1.516,0.661,0.000,2.177,2.224,697965,1781607,0,811,761,761,44669760,1412988,394,422,0
1178,1.530,0.651,0.000,2.182,2.270,697965,1781607,0,811,761,761,44669760,1412988,394,422,0
1179,1.509,0.628,0.000,2.136,2.274,697965,1781607,0,811,761,761,44669760,1412988,394,422,0
1180,1.506,0.657,0.000,2.163,2.235,697965,1781607,0,811,761,761,44669760,1412988,394,422,0
1181,1.541,0.666,0.000,2.207,2.262,697965,1781607,0,811,761,761,44669760,1412988,394,422,0
1182,1.503,0.659,0.000,2.162,2.301,697965,1781607,0,811,761,761,44669760,1412988,394,422,0
1183,1.516,0.640,0.000,2.156,2.252,697965,1781607,0,811,761,761,44669760,1412988,394,422,0
1184,1.536,0.640,0.000,2.176,2.245,697965,1781607,0,811,761,761,44669760,1412988,394,422,0
1185,1.511,0.634,0.000,2.145,2.280,697965,1781607,0,811,761,761,44669760,1412988,394,422,0
1186,1.503,0.646,0.000,2.150,2.242,697965,1781607,0,811,761,761,44669760,1412988,394,422,0
1187,1.470,0.659,0.000,2.129,2.244,697965,1781607,0,811,761,761,44669760,1412988,394,422,0
1188,1.502,0.646,0.000,2.149,2.222,697965,1781607,0,811,761,761,44669760,1412988,394,422,0
1189,1.552,0.643,0.000,2.195,2.238,697965,1781607,0,811,761,761,44669760,1412988,394,422,0
1190,1.529,0.645,0.000,2.175,2.287,697965,1781607,0,811,761,761,44669760,1412988,394,422,0
1191,1.528,0.637,0.000,2.165,2.280,697965,1781607,0,811,761,761,44669760,1412988,394,422,0
1192,1.468,0.620,0.000,2.088,2.263,697965,1781607,0,811,761,761,44669760,1412988,394,422,0
1193,1.545,0.664,0.000,2.209,2.177,697965,1781607,0,811,761,761,44669760,1412988,394,422,0
1194,1.518,0.659,0.000,2.177,2.302,697965,1781607,0,811,761,761,44669760,1412988,394,422,0
1195,1.522,0.632,0.000,2.153,2.277,697965,1781607,0,811,761,761,44669760,1412988,394,422,0
1196,1.470,0.633,0.000,2.103,2.247,697965,1781607,0,811,761,761,44669760,1412988,394,422,0
1197,1.496,0.629,0.000,2.125,2.208,697965,1781607,0,811,761,761,44669760,1412988,394,422,0
1198,1.501,0.623,0.000,2.123,2.216,697965,1781607,0,811,761,761,44669760,1412988,394,422,0
1199,1.536,0.622,0.000,2.158,2.215,697965,1781607,0,811,761,761,44669760,1412988,394,422,0
1200,1.488,0.652,0.000,2.140,2.257,697965,1781607,0,811,761,761,44669760,1412988,394,422,0
