frame,update_ms,render_ms,swap_ms,frame_ms,loop_ms,total_vertices,visible_vertices,culled_vertices,total_batches,visible_batches,draw_calls,vbo_bytes,index_bytes,texture_binds,material_changes,reflection_passes
1,1.141,0.225,0.000,1.366,1.366,97878,9602,88276,247,25,25,6264192,254736,17,17,0
2,1.108,0.227,0.000,1.335,1.567,97878,9602,88276,247,25,25,6264192,254736,17,17,0
3,1.128,0.204,0.000,1.333,1.485,97878,9602,88276,247,25,25,6264192,254736,17,17,0
4,1.107,0.241,0.000,1.348,1.482,97878,9602,88276,247,25,25,6264192,254736,17,17,0
5,1.139,0.232,0.000,1.370,1.496,97878,9602,88276,247,25,25,6264192,254736,17,17,0
6,1.106,0.213,0.000,1.318,1.510,97878,9602,88276,247,25,25,6264192,254736,17,17,0
7,1.166,0.231,0.000,1.396,1.461,97878,9602,88276,247,25,25,6264192,254736,17,17,0
8,1.105,0.229,0.000,1.334,1.539,97878,9602,88276,247,25,25,6264192,254736,17,17,0
9,1.101,0.237,0.000,1.338,1.476,97878,9602,88276,247,25,25,6264192,254736,17,17,0
10,1.099,0.207,0.000,1.306,1.479,97878,9602,88276,247,25,25,6264192,254736,17,17,0
11,1.117,0.223,0.000,1.341,1.453,97878,9602,88276,247,25,25,6264192,254736,17,17,0
12,1.094,0.204,0.000,1.299,1.480,97878,9602,88276,247,25,25,6264192,254736,17,17,0
13,1.125,0.212,0.000,1.337,1.440,97878,9602,88276,247,25,25,6264192,254736,17,17,0
14,1.125,0.231,0.000,1.356,1.478,97878,9602,88276,247,25,25,6264192,254736,17,17,0
15,1.100,0.221,0.000,1.321,1.498,97878,9602,88276,247,25,25,6264192,254736,17,17,0
16,1.114,0.215,0.000,1.329,1.470,97878,9602,88276,247,25,25,6264192,254736,17,17,0
17,1.107,0.207,0.000,1.314,1.476,97878,9602,88276,247,25,25,6264192,254736,17,17,0
18,1.108,0.193,0.000,1.301,1.462,97878,9602,88276,247,25,25,6264192,254736,17,17,0
19,1.099,0.233,0.000,1.332,1.446,97878,9602,88276,247,25,25,6264192,254736,17,17,0
20,1.095,0.200,0.000,1.295,1.475,97878,9602,88276,247,25,25,6264192,254736,17,17,0
21,1.044,0.225,0.000,1.268,1.441,97878,9602,88276,247,25,25,6264192,254736,17,17,0
22,1.136,0.218,0.000,1.354,1.412,97878,9602,88276,247,25,25,6264192,254736,17,17,0
23,1.140,0.230,0.000,1.370,1.498,97878,9602,88276,247,25,25,6264192,254736,17,17,0
24,1.124,0.233,0.000,1.357,1.513,97878,9602,88276,247,25,25,6264192,254736,17,17,0
25,1.135,0.201,0.000,1.336,1.488,97878,9602,88276,247,25,25,6264192,254736,17,17,0
26,1.096,0.227,0.000,1.323,1.482,97878,9602,88276,247,25,25,6264192,254736,17,17,0
27,1.119,0.212,0.000,1.331,1.469,97878,9602,88276,247,25,25,6264192,254736,17,17,0
28,1.125,0.205,0.000,1.330,1.468,97878,9602,88276,247,25,25,6264192,254736,17,17,0
29,1.127,0.224,0.000,1.352,1.474,97878,9602,88276,247,25,25,6264192,254736,17,17,0
30,1.082,0.220,0.000,1.301,1.493,97878,9602,88276,247,25,25,6264192,254736,17,17,0
31,1.111,0.218,0.000,1.329,1.449,97878,9602,88276,247,25,25,6264192,254736,17,17,0
32,1.078,0.245,0.000,1.323,1.480,97878,9602,88276,247,25,25,6264192,254736,17,17,0
33,1.131,0.193,0.000,1.325,1.465,97878,9602,88276,247,25,25,6264192,254736,17,17,0
34,1.104,0.219,0.000,1.323,1.472,97878,9602,88276,247,25,25,6264192,254736,17,17,0
35,1.099,0.203,0.000,1.302,1.465,97878,9602,88276,247,25,25,6264192,254736,17,17,0
36,1.130,0.223,0.000,1.353,1.445,97878,9602,88276,247,25,25,6264192,254736,17,17,0
37,1.100,0.212,0.000,1.312,1.496,97878,9602,88276,247,25,25,6264192,254736,17,17,0
38,1.081,0.260,0.000,1.341,1.453,97878,9602,88276,247,25,25,6264192,254736,17,17,0
39,1.138,0.228,0.000,1.367,1.479,97878,9602,88276,247,25,25,6264192,254736,17,17,0
40,1.106,0.213,0.000,1.320,1.508,97878,9602,88276,247,25,25,6264192,254736,17,17,0
41,1.113,0.229,0.000,1.342,1.462,97878,9602,88276,247,25,25,6264192,254736,17,17,0
42,1.122,0.229,0.000,1.351,1.486,97878,9602,88276,247,25,25,6264192,254736,17,17,0
43,1.083,0.219,0.000,1.302,1.498,97878,9602,88276,247,25,25,6264192,254736,17,17,0
44,1.093,0.220,0.000,1.313,1.445,97878,9602,88276,247,25,25,6264192,254736,17,17,0
45,1.136,0.212,0.000,1.348,1.453,97878,9602,88276,247,25,25,6264192,254736,17,17,0
46,1.117,0.213,0.000,1.330,1.493,97878,9602,88276,247,25,25,6264192,254736,17,17,0
47,1.119,0.217,0.000,1.336,1.472,97878,9602,88276,247,25,25,6264192,254736,17,17,0
48,1.115,0.205,0.000,1.321,1.487,97878,9602,88276,247,25,25,6264192,254736,17,17,0
49,1.086,0.200,0.000,1.287,1.428,97878,9602,88276,247,25,25,6264192,254736,17,17,0
50,1.104,0.224,0.000,1.327,1.398,97878,9602,88276,247,25,25,6264192,254736,17,17,0
51,1.109,0.221,0.000,1.331,1.443,97878,9602,88276,247,25,25,6264192,254736,17,17,0
52,1.117,0.228,0.000,1.345,1.444,97878,9602,88276,247,25,25,6264192,254736,17,17,0
53,1.133,0.228,0.000,1.360,1.462,97878,9602,88276,247,25,25,6264192,254736,17,17,0
54,1.095,0.209,0.000,1.304,1.478,97878,9602,88276,247,25,25,6264192,254736,17,17,0
55,1.107,0.218,0.000,1.325,1.417,97878,9602,88276,247,25,25,6264192,254736,17,17,0
56,1.118,0.222,0.000,1.340,1.440,97878,9602,88276,247,25,25,6264192,254736,17,17,0
57,1.126,0.207,0.000,1.334,1.457,97878,9602,88276,247,25,25,6264192,254736,17,17,0
58,1.095,0.199,0.000,1.293,1.447,97878,9602,88276,247,25,25,6264192,254736,17,17,0
59,1.115,0.229,0.000,1.344,1.407,97878,9602,88276,247,25,25,6264192,254736,17,17,0
60,1.088,0.230,0.000,1.319,1.456,97878,9602,88276,247,25,25,6264192,254736,17,17,0
61,1.092,0.223,0.000,1.315,1.430,97878,9602,88276,247,25,25,6264192,254736,17,17,0
62,1.138,0.218,0.000,1.356,1.427,97878,9602,88276,247,25,25,6264192,254736,17,17,0
63,1.128,0.228,0.000,1.356,1.470,97878,9602,88276,247,25,25,6264192,254736,17,17,0
64,1.111,0.220,0.000,1.331,1.472,97878,9602,88276,247,25,25,6264192,254736,17,17,0
65,1.102,0.203,0.000,1.305,1.446,97878,9602,88276,247,25,25,6264192,254736,17,17,0
66,1.104,0.227,0.000,1.332,1.427,97878,9602,88276,247,25,25,6264192,254736,17,17,0
67,1.114,0.217,0.000,1.332,1.449,97878,9602,88276,247,25,25,6264192,254736,17,17,0
68,1.119,0.202,0.000,1.321,1.449,97878,9602,88276,247,25,25,6264192,254736,17,17,0
69,1.113,0.232,0.000,1.346,1.435,97878,9602,88276,247,25,25,6264192,254736,17,17,0
70,1.119,0.227,0.000,1.346,1.459,97878,9602,88276,247,25,25,6264192,254736,17,17,0
71,1.137,0.218,0.000,1.355,1.462,97878,9602,88276,247,25,25,6264192,254736,17,17,0
72,1.085,0.246,0.000,1.331,1.471,97878,9602,88276,247,25,25,6264192,254736,17,17,0
73,1.085,0.251,0.000,1.336,1.436,97878,9602,88276,247,25,25,6264192,254736,17,17,0
74,1.130,0.201,0.000,1.331,1.453,97878,9602,88276,247,25,25,6264192,254736,17,17,0
75,1.133,0.199,0.000,1.332,1.445,97878,9602,88276,247,25,25,6264192,254736,17,17,0
76,1.120,0.233,0.000,1.353,1.444,97878,9602,88276,247,25,25,6264192,254736,17,17,0
77,1.120,0.228,0.000,1.347,1.467,97878,9602,88276,247,25,25,6264192,254736,17,17,0
78,1.110,0.240,0.000,1.350,1.463,97878,9602,88276,247,25,25,6264192,254736,17,17,0
79,1.087,0.226,0.000,1.313,1.465,97878,9602,88276,247,25,25,6264192,254736,17,17,0
80,1.112,0.226,0.000,1.338,1.432,97878,9602,88276,247,25,25,6264192,254736,17,17,0
81,1.108,0.221,0.000,1.329,1.454,97878,9602,88276,247,25,25,6264192,254736,17,17,0
82,1.121,0.210,0.000,1.332,1.443,97878,9602,88276,247,25,25,6264192,254736,17,17,0
83,1.079,0.210,0.000,1.290,1.447,97878,9602,88276,247,25,25,6264192,254736,17,17,0
84,1.112,0.223,0.000,1.335,1.400,97878,9602,88276,247,25,25,6264192,254736,17,17,0
85,1.088,0.223,0.000,1.311,1.452,97878,9602,88276,247,25,25,6264192,254736,17,17,0
86,1.115,0.224,0.000,1.339,1.429,97878,9602,88276,247,25,25,6264192,254736,17,17,0
87,1.110,0.231,0.000,1.341,1.451,97878,9602,88276,247,25,25,6264192,254736,17,17,0
88,1.110,0.230,0.000,1.340,1.457,97878,9602,88276,247,25,25,6264192,254736,17,17,0
89,1.109,0.245,0.000,1.354,1.455,97878,9602,88276,247,25,25,6264192,254736,17,17,0
90,1.097,0.219,0.000,1.316,1.468,97878,9602,88276,247,25,25,6264192,254736,17,17,0
91,1.120,0.219,0.000,1.339,1.429,97878,9602,88276,247,25,25,6264192,254736,17,17,0
92,1.124,0.209,0.000,1.333,1.454,97878,9602,88276,247,25,25,6264192,254736,17,17,0
93,1.102,0.217,0.000,1.319,1.447,97878,9602,88276,247,25,25,6264192,254736,17,17,0
94,1.133,0.263,0.000,1.396,1.428,97878,9602,88276,247,25,25,6264192,254736,17,17,0
95,1.189,0.251,0.000,1.440,1.526,97878,9602,88276,247,25,25,6264192,254736,17,17,0
96,1.116,0.251,0.000,1.367,1.560,97878,9602,88276,247,25,25,6264192,254736,17,17,0
97,1.107,0.255,0.000,1.362,1.482,97878,9602,88276,247,25,25,6264192,254736,17,17,0
98,1.124,0.227,0.000,1.352,1.483,97878,9602,88276,247,25,25,6264192,254736,17,17,0
99,1.120,0.226,0.000,1.346,1.461,97878,9602,88276,247,25,25,6264192,254736,17,17,0
100,1.107,0.242,0.000,1.349,1.455,97878,9602,88276,247,25,25,6264192,254736,17,17,0
101,1.121,0.222,0.000,1.343,1.465,97878,9602,88276,247,25,25,6264192,254736,17,17,0
102,1.092,0.247,0.000,1.339,1.457,97878,9602,88276,247,25,25,6264192,254736,17,17,0
103,1.107,0.241,0.000,1.349,1.453,97878,9602,88276,247,25,25,6264192,254736,17,17,0
104,1.144,0.227,0.000,1.371,1.465,97878,9602,88276,247,25,25,6264192,254736,17,17,0
105,1.129,0.211,0.000,1.339,1.487,97878,9602,88276,247,25,25,6264192,254736,17,17,0
106,1.108,0.215,0.000,1.323,1.453,97878,9602,88276,247,25,25,6264192,254736,17,17,0
107,1.116,0.251,0.000,1.367,1.433,97878,9602,88276,247,25,25,6264192,254736,17,17,0
108,1.110,0.255,0.000,1.365,1.484,97878,9602,88276,247,25,25,6264192,254736,17,17,0
109,1.123,0.227,0.000,1.350,1.481,97878,9602,88276,247,25,25,6264192,254736,17,17,0
110,1.115,0.216,0.000,1.332,1.467,97878,9602,88276,247,25,25,6264192,254736,17,17,0
111,1.108,0.204,0.000,1.312,1.442,97878,9602,88276,247,25,25,6264192,254736,17,17,0
112,1.079,0.217,0.000,1.296,1.431,97878,9602,88276,247,25,25,6264192,254736,17,17,0
113,1.069,0.222,0.000,1.291,1.406,97878,9602,88276,247,25,25,6264192,254736,17,17,0
114,1.058,0.212,0.000,1.270,1.402,97878,9602,88276,247,25,25,6264192,254736,17,17,0
115,1.093,0.220,0.000,1.313,1.387,97878,9602,88276,247,25,25,6264192,254736,17,17,0
116,1.101,0.210,0.000,1.311,1.427,97878,9602,88276,247,25,25,6264192,254736,17,17,0
117,1.114,0.203,0.000,1.317,1.420,97878,9602,88276,247,25,25,6264192,254736,17,17,0
118,1.106,0.220,0.000,1.325,1.436,97878,9602,88276,247,25,25,6264192,254736,17,17,0
119,1.097,0.209,0.000,1.306,1.438,97878,9602,88276,247,25,25,6264192,254736,17,17,0
120,1.090,0.211,0.000,1.301,1.484,97878,9602,88276,247,25,25,6264192,254736,17,17,0
121,1.093,0.228,0.000,1.321,1.415,97878,9602,88276,247,25,25,6264192,254736,17,17,0
122,1.145,0.213,0.000,1.359,1.440,97878,9602,88276,247,25,25,6264192,254736,17,17,0
123,1.096,0.206,0.000,1.303,1.512,97878,9602,88276,247,25,25,6264192,254736,17,17,0
124,1.094,0.214,0.000,1.309,1.420,97878,9602,88276,247,25,25,6264192,254736,17,17,0
125,1.101,0.212,0.000,1.312,1.424,97878,9602,88276,247,25,25,6264192,254736,17,17,0
126,1.100,0.216,0.000,1.316,1.430,97878,9602,88276,247,25,25,6264192,254736,17,17,0
127,1.116,0.212,0.000,1.328,1.423,97878,9602,88276,247,25,25,6264192,254736,17,17,0
128,1.122,0.215,0.000,1.337,1.440,97878,9602,88276,247,25,25,6264192,254736,17,17,0
129,1.099,0.220,0.000,1.319,1.447,97878,9602,88276,247,25,25,6264192,254736,17,17,0
130,1.125,0.249,0.000,1.374,1.435,97878,9602,88276,247,25,25,6264192,254736,17,17,0
131,1.089,0.210,0.000,1.299,1.487,97878,9602,88276,247,25,25,6264192,254736,17,17,0
132,1.125,0.226,0.000,1.351,1.412,97878,9602,88276,247,25,25,6264192,254736,17,17,0
133,1.119,0.224,0.000,1.343,1.468,97878,9602,88276,247,25,25,6264192,254736,17,17,0
134,1.115,0.236,0.000,1.350,1.457,97878,9602,88276,247,25,25,6264192,254736,17,17,0
135,1.096,0.237,0.000,1.333,1.462,97878,9602,88276,247,25,25,6264192,254736,17,17,0
136,1.118,0.244,0.000,1.362,1.449,97878,9602,88276,247,25,25,6264192,254736,17,17,0
137,1.103,0.253,0.000,1.355,1.475,97878,9602,88276,247,25,25,6264192,254736,17,17,0
138,1.103,0.228,0.000,1.331,1.466,97878,9602,88276,247,25,25,6264192,254736,17,17,0
139,1.119,0.225,0.000,1.344,1.447,97878,9602,88276,247,25,25,6264192,254736,17,17,0
140,1.090,0.226,0.000,1.317,1.459,97878,9602,88276,247,25,25,6264192,254736,17,17,0
141,1.110,0.205,0.000,1.316,1.435,97878,9602,88276,247,25,25,6264192,254736,17,17,0
142,1.108,0.230,0.000,1.338,1.427,97878,9602,88276,247,25,25,6264192,254736,17,17,0
143,1.099,0.235,0.000,1.334,1.449,97878,9602,88276,247,25,25,6264192,254736,17,17,0
144,1.115,0.236,0.000,1.350,1.449,97878,9602,88276,247,25,25,6264192,254736,17,17,0
145,1.124,0.219,0.000,1.344,1.465,97878,9602,88276,247,25,25,6264192,254736,17,17,0
146,1.105,0.234,0.000,1.339,1.458,97878,9602,88276,247,25,25,6264192,254736,17,17,0
147,1.116,0.219,0.000,1.334,1.464,97878,9602,88276,247,25,25,6264192,254736,17,17,0
148,1.111,0.241,0.000,1.352,1.448,97878,9602,88276,247,25,25,6264192,254736,17,17,0
149,1.099,0.226,0.000,1.326,1.464,97878,9602,88276,247,25,25,6264192,254736,17,17,0
150,1.132,0.222,0.000,1.354,1.436,97878,9602,88276,247,25,25,6264192,254736,17,17,0
151,1.112,0.207,0.000,1.319,1.467,97878,9602,88276,247,25,25,6264192,254736,17,17,0
152,1.101,0.235,0.000,1.336,1.431,97878,9602,88276,247,25,25,6264192,254736,17,17,0
153,1.131,0.238,0.000,1.369,1.452,97878,9602,88276,247,25,25,6264192,254736,17,17,0
154,1.103,0.231,0.000,1.335,1.487,97878,9602,88276,247,25,25,6264192,254736,17,17,0
155,1.078,0.241,0.000,1.318,1.448,97878,9602,88276,247,25,25,6264192,254736,17,17,0
156,1.130,0.223,0.000,1.353,1.431,97878,9602,88276,247,25,25,6264192,254736,17,17,0
157,1.119,0.216,0.000,1.335,1.466,97878,9602,88276,247,25,25,6264192,254736,17,17,0
158,1.088,0.225,0.000,1.313,1.449,97878,9602,88276,247,25,25,6264192,254736,17,17,0
159,1.092,0.210,0.000,1.302,1.425,97878,9602,88276,247,25,25,6264192,254736,17,17,0
160,1.096,0.228,0.000,1.324,1.416,97878,9602,88276,247,25,25,6264192,254736,17,17,0
161,1.107,0.231,0.000,1.339,1.433,97878,9602,88276,247,25,25,6264192,254736,17,17,0
162,1.111,0.214,0.000,1.325,1.452,97878,9602,88276,247,25,25,6264192,254736,17,17,0
163,1.123,0.217,0.000,1.340,1.438,97878,9602,88276,247,25,25,6264192,254736,17,17,0
164,1.085,0.210,0.000,1.295,1.453,97878,9602,88276,247,25,25,6264192,254736,17,17,0
165,1.124,0.243,0.000,1.366,1.408,97878,9602,88276,247,25,25,6264192,254736,17,17,0
166,1.083,0.231,0.000,1.315,1.474,97878,9602,88276,247,25,25,6264192,254736,17,17,0
167,1.117,0.206,0.000,1.323,1.428,97878,9602,88276,247,25,25,6264192,254736,17,17,0
168,1.107,0.206,0.000,1.314,1.434,97878,9602,88276,247,25,25,6264192,254736,17,17,0
169,1.109,0.196,0.000,1.305,1.426,97878,9602,88276,247,25,25,6264192,254736,17,17,0
170,1.115,0.232,0.000,1.347,1.413,97878,9602,88276,247,25,25,6264192,254736,17,17,0
171,1.087,0.232,0.000,1.319,1.464,97878,9602,88276,247,25,25,6264192,254736,17,17,0
172,1.116,0.235,0.000,1.351,1.428,97878,9602,88276,247,25,25,6264192,254736,17,17,0
173,1.135,0.243,0.000,1.377,1.458,97878,9602,88276,247,25,25,6264192,254736,17,17,0
174,1.110,0.213,0.000,1.323,1.489,97878,9602,88276,247,25,25,6264192,254736,17,17,0
175,1.078,0.230,0.000,1.309,1.433,97878,9602,88276,247,25,25,6264192,254736,17,17,0
176,1.093,0.236,0.000,1.328,1.418,97878,9602,88276,247,25,25,6264192,254736,17,17,0
177,1.100,0.223,0.000,1.323,1.442,97878,9602,88276,247,25,25,6264192,254736,17,17,0
178,1.108,0.250,0.000,1.357,1.437,97878,9602,88276,247,25,25,6264192,254736,17,17,0
179,1.145,0.213,0.000,1.358,1.471,97878,9602,88276,247,25,25,6264192,254736,17,17,0
180,1.129,0.216,0.000,1.345,1.468,97878,9602,88276,247,25,25,6264192,254736,17,17,0
181,1.096,0.227,0.000,1.323,1.459,97878,9602,88276,247,25,25,6264192,254736,17,17,0
182,1.096,0.229,0.000,1.325,1.438,97878,9602,88276,247,25,25,6264192,254736,17,17,0
183,1.083,0.221,0.000,1.304,1.437,97878,9602,88276,247,25,25,6264192,254736,17,17,0
184,1.133,0.221,0.000,1.354,1.414,97878,9602,88276,247,25,25,6264192,254736,17,17,0
185,1.108,0.227,0.000,1.335,1.470,97878,9602,88276,247,25,25,6264192,254736,17,17,0
186,1.153,0.246,0.000,1.399,1.449,97878,9602,88276,247,25,25,6264192,254736,17,17,0
187,1.098,0.236,0.000,1.334,1.511,97878,9602,88276,247,25,25,6264192,254736,17,17,0
188,1.091,0.242,0.000,1.333,1.451,97878,9602,88276,247,25,25,6264192,254736,17,17,0
189,1.093,0.227,0.000,1.320,1.448,97878,9602,88276,247,25,25,6264192,254736,17,17,0
190,1.113,0.212,0.000,1.324,1.432,97878,9602,88276,247,25,25,6264192,254736,17,17,0
191,1.059,0.206,0.000,1.264,1.442,97878,9602,88276,247,25,25,6264192,254736,17,17,0
192,1.066,0.206,0.000,1.272,1.375,97878,9602,88276,247,25,25,6264192,254736,17,17,0
193,1.024,0.212,0.000,1.235,1.381,97878,9602,88276,247,25,25,6264192,254736,17,17,0
194,1.011,0.266,0.000,1.277,1.350,97878,9602,88276,247,25,25,6264192,254736,17,17,0
195,1.067,0.211,0.000,1.278,1.399,97878,9602,88276,247,25,25,6264192,254736,17,17,0
196,1.029,0.214,0.000,1.243,1.385,97878,9602,88276,247,25,25,6264192,254736,17,17,0
197,1.047,0.199,0.000,1.246,1.351,97878,9602,88276,247,25,25,6264192,254736,17,17,0
198,1.046,0.207,0.000,1.253,1.362,97878,9602,88276,247,25,25,6264192,254736,17,17,0
199,1.019,0.217,0.000,1.236,1.377,97878,9602,88276,247,25,25,6264192,254736,17,17,0
200,1.024,0.229,0.000,1.252,1.350,97878,9602,88276,247,25,25,6264192,254736,17,17,0
201,1.013,0.189,0.000,1.201,1.363,97878,9602,88276,247,25,25,6264192,254736,17,17,0
202,1.048,0.213,0.000,1.261,1.316,97878,9602,88276,247,25,25,6264192,254736,17,17,0
203,1.041,0.206,0.000,1.246,1.371,97878,9602,88276,247,25,25,6264192,254736,17,17,0
204,1.018,0.206,0.000,1.224,1.359,97878,9602,88276,247,25,25,6264192,254736,17,17,0
205,1.012,0.216,0.000,1.228,1.335,97878,9602,88276,247,25,25,6264192,254736,17,17,0
206,1.022,0.242,0.000,1.264,1.334,97878,9602,88276,247,25,25,6264192,254736,17,17,0
207,1.065,0.262,0.000,1.326,1.390,97878,9602,88276,247,25,25,6264192,254736,17,17,0
208,1.062,0.230,0.000,1.291,1.466,97878,9602,88276,247,25,25,6264192,254736,17,17,0
209,1.065,0.220,0.000,1.285,1.439,97878,9602,88276,247,25,25,6264192,254736,17,17,0
210,1.072,0.240,0.000,1.312,1.401,97878,9602,88276,247,25,25,6264192,254736,17,17,0
211,1.094,0.226,0.000,1.320,1.418,97878,9602,88276,247,25,25,6264192,254736,17,17,0
212,1.096,0.239,0.000,1.335,1.433,97878,9602,88276,247,25,25,6264192,254736,17,17,0
213,1.088,0.249,0.000,1.337,1.440,97878,9602,88276,247,25,25,6264192,254736,17,17,0
214,1.117,0.232,0.000,1.349,1.447,97878,9602,88276,247,25,25,6264192,254736,17,17,0
215,1.118,0.228,0.000,1.346,1.457,97878,9602,88276,247,25,25,6264192,254736,17,17,0
216,1.128,0.212,0.000,1.340,1.456,97878,9602,88276,247,25,25,6264192,254736,17,17,0
217,1.095,0.230,0.000,1.324,1.451,97878,9602,88276,247,25,25,6264192,254736,17,17,0
218,1.087,0.251,0.000,1.338,1.438,97878,9602,88276,247,25,25,6264192,254736,17,17,0
219,1.092,0.238,0.000,1.330,1.449,97878,9602,88276,247,25,25,6264192,254736,17,17,0
220,1.114,0.223,0.000,1.337,1.444,97878,9602,88276,247,25,25,6264192,254736,17,17,0
221,1.124,0.206,0.000,1.329,1.450,97878,9602,88276,247,25,25,6264192,254736,17,17,0
222,1.144,0.254,0.000,1.397,1.450,97878,9602,88276,247,25,25,6264192,254736,17,17,0
223,1.209,0.245,0.000,1.454,1.889,97878,9602,88276,247,25,25,6264192,254736,17,17,0
224,1.123,0.243,0.000,1.366,1.567,97878,9602,88276,247,25,25,6264192,254736,17,17,0
225,1.132,0.254,0.000,1.387,1.477,97878,9602,88276,247,25,25,6264192,254736,17,17,0
226,1.126,0.219,0.000,1.345,1.496,97878,9602,88276,247,25,25,6264192,254736,17,17,0
227,1.115,0.210,0.000,1.325,1.454,97878,9602,88276,247,25,25,6264192,254736,17,17,0
228,1.069,0.247,0.000,1.316,1.436,97878,9602,88276,247,25,25,6264192,254736,17,17,0
229,1.123,0.221,0.000,1.344,1.423,97878,9602,88276,247,25,25,6264192,254736,17,17,0
230,1.120,0.255,0.000,1.376,1.452,97878,9602,88276,247,25,25,6264192,254736,17,17,0
231,1.137,0.212,0.000,1.349,1.491,97878,9602,88276,247,25,25,6264192,254736,17,17,0
232,1.135,0.219,0.000,1.354,1.461,97878,9602,88276,247,25,25,6264192,254736,17,17,0
233,1.107,0.233,0.000,1.340,1.467,97878,9602,88276,247,25,25,6264192,254736,17,17,0
234,1.138,0.241,0.000,1.378,1.448,97878,9602,88276,247,25,25,6264192,254736,17,17,0
235,1.083,0.245,0.000,1.328,1.492,97878,9602,88276,247,25,25,6264192,254736,17,17,0
236,1.135,0.232,0.000,1.367,1.440,97878,9602,88276,247,25,25,6264192,254736,17,17,0
237,1.122,0.216,0.000,1.337,1.481,97878,9602,88276,247,25,25,6264192,254736,17,17,0
238,1.139,0.222,0.000,1.361,1.451,97878,9602,88276,247,25,25,6264192,254736,17,17,0
239,1.111,0.224,0.000,1.335,1.479,97878,9602,88276,247,25,25,6264192,254736,17,17,0
240,1.095,0.223,0.000,1.318,1.448,97878,9602,88276,247,25,25,6264192,254736,17,17,0
241,1.104,0.226,0.000,1.330,1.433,97878,9602,88276,247,25,25,6264192,254736,17,17,0
242,1.130,0.220,0.000,1.350,1.443,97878,9602,88276,247,25,25,6264192,254736,17,17,0
243,1.152,0.235,0.000,1.388,1.447,97878,9602,88276,247,25,25,6264192,254736,17,17,0
244,1.143,0.210,0.000,1.352,1.514,97878,9602,88276,247,25,25,6264192,254736,17,17,0
245,1.087,0.231,0.000,1.318,1.466,97878,9602,88276,247,25,25,6264192,254736,17,17,0
246,1.100,0.253,0.000,1.353,1.427,97878,9602,88276,247,25,25,6264192,254736,17,17,0
247,1.083,0.214,0.000,1.297,1.465,97878,9602,88276,247,25,25,6264192,254736,17,17,0
248,1.126,0.248,0.000,1.374,1.406,97878,9602,88276,247,25,25,6264192,254736,17,17,0
249,1.142,0.236,0.000,1.378,1.487,97878,9602,88276,247,25,25,6264192,254736,17,17,0
250,1.115,0.205,0.000,1.320,1.495,97878,9602,88276,247,25,25,6264192,254736,17,17,0
251,1.080,0.206,0.000,1.286,1.432,97878,9602,88276,247,25,25,6264192,254736,17,17,0
252,1.115,0.214,0.000,1.329,1.394,97878,9602,88276,247,25,25,6264192,254736,17,17,0
253,1.138,0.253,0.000,1.392,1.426,97878,9602,88276,247,25,25,6264192,254736,17,17,0
254,1.105,0.235,0.000,1.340,1.502,97878,9602,88276,247,25,25,6264192,254736,17,17,0
255,1.172,0.206,0.000,1.378,1.450,97878,9602,88276,247,25,25,6264192,254736,17,17,0
256,1.128,0.218,0.000,1.346,1.487,97878,9602,88276,247,25,25,6264192,254736,17,17,0
257,1.101,0.206,0.000,1.306,1.457,97878,9602,88276,247,25,25,6264192,254736,17,17,0
258,1.110,0.251,0.000,1.361,1.419,97878,9602,88276,247,25,25,6264192,254736,17,17,0
259,1.101,0.224,0.000,1.325,1.465,97878,9602,88276,247,25,25,6264192,254736,17,17,0
260,1.142,0.224,0.000,1.366,1.426,97878,9602,88276,247,25,25,6264192,254736,17,17,0
261,1.141,0.222,0.000,1.363,1.477,97878,9602,88276,247,25,25,6264192,254736,17,17,0
262,1.135,0.249,0.000,1.384,1.470,97878,9602,88276,247,25,25,6264192,254736,17,17,0
263,1.099,0.247,0.000,1.347,1.498,97878,9602,88276,247,25,25,6264192,254736,17,17,0
264,1.089,0.233,0.000,1.322,1.464,97878,9602,88276,247,25,25,6264192,254736,17,17,0
265,1.094,0.217,0.000,1.311,1.432,97878,9602,88276,247,25,25,6264192,254736,17,17,0
266,1.122,0.214,0.000,1.336,1.427,97878,9602,88276,247,25,25,6264192,254736,17,17,0
267,1.089,0.212,0.000,1.301,1.449,97878,9602,88276,247,25,25,6264192,254736,17,17,0
268,1.076,0.213,0.000,1.289,1.412,97878,9602,88276,247,25,25,6264192,254736,17,17,0
269,1.032,0.219,0.000,1.252,1.395,97878,9602,88276,247,25,25,6264192,254736,17,17,0
270,1.035,0.207,0.000,1.242,1.366,97878,9602,88276,247,25,25,6264192,254736,17,17,0
271,1.170,0.255,0.000,1.425,1.356,97878,9602,88276,247,25,25,6264192,254736,17,17,0
272,1.066,0.223,0.000,1.289,1.549,97878,9602,88276,247,25,25,6264192,254736,17,17,0
273,1.074,0.210,0.000,1.283,1.405,97878,9602,88276,247,25,25,6264192,254736,17,17,0
274,1.056,0.217,0.000,1.274,1.396,97878,9602,88276,247,25,25,6264192,254736,17,17,0
275,1.079,0.217,0.000,1.296,1.388,97878,9602,88276,247,25,25,6264192,254736,17,17,0
276,1.100,0.209,0.000,1.309,1.405,97878,9602,88276,247,25,25,6264192,254736,17,17,0
277,1.173,0.240,0.000,1.413,1.418,97878,9602,88276,247,25,25,6264192,254736,17,17,0
278,1.125,0.233,0.000,1.357,1.528,97878,9602,88276,247,25,25,6264192,254736,17,17,0
279,1.076,0.200,0.000,1.276,1.470,97878,9602,88276,247,25,25,6264192,254736,17,17,0
280,1.065,0.211,0.000,1.276,1.369,97878,9602,88276,247,25,25,6264192,254736,17,17,0
281,1.064,0.219,0.000,1.283,1.379,97878,9602,88276,247,25,25,6264192,254736,17,17,0
282,1.078,0.224,0.000,1.303,1.402,97878,9602,88276,247,25,25,6264192,254736,17,17,0
283,1.094,0.214,0.000,1.308,1.398,97878,9602,88276,247,25,25,6264192,254736,17,17,0
284,1.149,0.210,0.000,1.358,1.421,97878,9602,88276,247,25,25,6264192,254736,17,17,0
285,1.139,0.229,0.000,1.368,1.471,97878,9602,88276,247,25,25,6264192,254736,17,17,0
286,1.104,0.260,0.000,1.364,1.467,97878,9602,88276,247,25,25,6264192,254736,17,17,0
287,1.086,0.231,0.000,1.317,1.500,97878,9602,88276,247,25,25,6264192,254736,17,17,0
288,1.362,0.480,0.000,1.842,1.549,97878,9602,88276,247,25,25,6264192,254736,17,17,0
289,1.248,0.394,0.000,1.643,1.959,97878,9602,88276,247,25,25,6264192,254736,17,17,0
290,1.360,0.341,0.000,1.701,1.762,97878,9602,88276,247,25,25,6264192,254736,17,17,0
291,1.262,0.263,0.000,1.525,1.807,97878,9602,88276,247,25,25,6264192,254736,17,17,0
292,1.180,0.275,0.000,1.456,1.638,97878,9602,88276,247,25,25,6264192,254736,17,17,0
293,1.229,0.236,0.000,1.465,1.584,97878,9602,88276,247,25,25,6264192,254736,17,17,0
294,1.193,0.247,0.000,1.440,1.581,97878,9602,88276,247,25,25,6264192,254736,17,17,0
295,1.172,0.255,0.000,1.427,1.553,97878,9602,88276,247,25,25,6264192,254736,17,17,0
296,1.191,0.219,0.000,1.409,1.543,97878,9602,88276,247,25,25,6264192,254736,17,17,0
297,1.152,0.266,0.000,1.418,1.522,97878,9602,88276,247,25,25,6264192,254736,17,17,0
298,1.196,0.221,0.000,1.417,1.530,97878,9602,88276,247,25,25,6264192,254736,17,17,0
299,1.161,0.222,0.000,1.383,1.520,97878,9602,88276,247,25,25,6264192,254736,17,17,0
300,1.186,0.223,0.000,1.409,1.500,97878,9602,88276,247,25,25,6264192,254736,17,17,0
301,1.134,0.242,0.000,1.376,1.523,97878,9602,88276,247,25,25,6264192,254736,17,17,0
302,1.154,0.240,0.000,1.394,1.491,97878,9602,88276,247,25,25,6264192,254736,17,17,0
303,1.134,0.216,0.000,1.350,1.505,97878,9602,88276,247,25,25,6264192,254736,17,17,0
304,1.186,0.224,0.000,1.410,1.465,97878,9602,88276,247,25,25,6264192,254736,17,17,0
305,1.198,0.253,0.000,1.451,1.522,97878,9602,88276,247,25,25,6264192,254736,17,17,0
306,1.151,0.214,0.000,1.365,1.569,97878,9602,88276,247,25,25,6264192,254736,17,17,0
307,1.119,0.241,0.000,1.360,1.481,97878,9602,88276,247,25,25,6264192,254736,17,17,0
308,1.150,0.250,0.000,1.400,1.474,97878,9602,88276,247,25,25,6264192,254736,17,17,0
309,1.163,0.237,0.000,1.401,1.507,97878,9602,88276,247,25,25,6264192,254736,17,17,0
310,1.181,0.231,0.000,1.413,1.511,97878,9602,88276,247,25,25,6264192,254736,17,17,0
311,1.181,0.208,0.000,1.389,1.530,97878,9602,88276,247,25,25,6264192,254736,17,17,0
312,1.142,0.234,0.000,1.376,1.504,97878,9602,88276,247,25,25,6264192,254736,17,17,0
313,1.136,0.220,0.000,1.356,1.489,97878,9602,88276,247,25,25,6264192,254736,17,17,0
314,1.103,0.250,0.000,1.353,1.466,97878,9602,88276,247,25,25,6264192,254736,17,17,0
315,1.155,0.242,0.000,1.396,1.464,97878,9602,88276,247,25,25,6264192,254736,17,17,0
316,1.177,0.214,0.000,1.391,1.509,97878,9602,88276,247,25,25,6264192,254736,17,17,0
317,1.149,0.213,0.000,1.363,1.500,97878,9602,88276,247,25,25,6264192,254736,17,17,0
318,1.136,0.260,0.000,1.396,1.474,97878,9602,88276,247,25,25,6264192,254736,17,17,0
319,1.126,0.237,0.000,1.363,1.509,97878,9602,88276,247,25,25,6264192,254736,17,17,0
320,1.144,0.244,0.000,1.388,1.476,97878,9602,88276,247,25,25,6264192,254736,17,17,0
321,1.144,0.244,0.000,1.388,1.498,97878,9602,88276,247,25,25,6264192,254736,17,17,0
322,1.151,0.214,0.000,1.365,1.500,97878,9602,88276,247,25,25,6264192,254736,17,17,0
323,1.189,0.234,0.000,1.423,1.492,97878,9602,88276,247,25,25,6264192,254736,17,17,0
324,1.149,0.239,0.000,1.387,1.535,97878,9602,88276,247,25,25,6264192,254736,17,17,0
325,1.105,0.224,0.000,1.329,1.503,97878,9602,88276,247,25,25,6264192,254736,17,17,0
326,1.179,0.236,0.000,1.415,1.442,97878,9602,88276,247,25,25,6264192,254736,17,17,0
327,1.099,0.227,0.000,1.325,1.527,97878,9602,88276,247,25,25,6264192,254736,17,17,0
328,1.156,0.240,0.000,1.396,1.434,97878,9602,88276,247,25,25,6264192,254736,17,17,0
329,1.125,0.260,0.000,1.385,1.506,97878,9602,88276,247,25,25,6264192,254736,17,17,0
330,1.143,0.222,0.000,1.365,1.498,97878,9602,88276,247,25,25,6264192,254736,17,17,0
331,1.132,0.226,0.000,1.357,1.478,97878,9602,88276,247,25,25,6264192,254736,17,17,0
332,1.163,0.206,0.000,1.369,1.470,97878,9602,88276,247,25,25,6264192,254736,17,17,0
333,1.136,0.224,0.000,1.361,1.478,97878,9602,88276,247,25,25,6264192,254736,17,17,0
334,1.133,0.231,0.000,1.363,1.473,97878,9602,88276,247,25,25,6264192,254736,17,17,0
335,1.146,0.245,0.000,1.390,1.473,97878,9602,88276,247,25,25,6264192,254736,17,17,0
336,1.142,0.238,0.000,1.380,1.503,97878,9602,88276,247,25,25,6264192,254736,17,17,0
337,1.130,0.208,0.000,1.338,1.490,97878,9602,88276,247,25,25,6264192,254736,17,17,0
338,1.172,0.211,0.000,1.383,1.448,97878,9602,88276,247,25,25,6264192,254736,17,17,0
339,1.142,0.211,0.000,1.353,1.497,97878,9602,88276,247,25,25,6264192,254736,17,17,0
340,1.152,0.233,0.000,1.386,1.464,97878,9602,88276,247,25,25,6264192,254736,17,17,0
341,1.140,0.245,0.000,1.384,1.494,97878,9602,88276,247,25,25,6264192,254736,17,17,0
342,1.154,0.244,0.000,1.398,1.500,97878,9602,88276,247,25,25,6264192,254736,17,17,0
343,1.153,0.241,0.000,1.395,1.516,97878,9602,88276,247,25,25,6264192,254736,17,17,0
344,1.129,0.221,0.000,1.350,1.507,97878,9602,88276,247,25,25,6264192,254736,17,17,0
345,1.138,0.236,0.000,1.374,1.459,97878,9602,88276,247,25,25,6264192,254736,17,17,0
346,1.121,0.255,0.000,1.376,1.487,97878,9602,88276,247,25,25,6264192,254736,17,17,0
347,1.095,0.241,0.000,1.336,1.486,97878,9602,88276,247,25,25,6264192,254736,17,17,0
348,1.097,0.236,0.000,1.333,1.450,97878,9602,88276,247,25,25,6264192,254736,17,17,0
349,1.145,0.219,0.000,1.364,1.444,97878,9602,88276,247,25,25,6264192,254736,17,17,0
350,1.159,0.197,0.000,1.356,1.478,97878,9602,88276,247,25,25,6264192,254736,17,17,0
351,1.116,0.250,0.000,1.366,1.468,97878,9602,88276,247,25,25,6264192,254736,17,17,0
352,1.107,0.231,0.000,1.338,1.478,97878,9602,88276,247,25,25,6264192,254736,17,17,0
353,1.092,0.231,0.000,1.323,1.454,97878,9602,88276,247,25,25,6264192,254736,17,17,0
354,1.105,0.240,0.000,1.346,1.440,97878,9602,88276,247,25,25,6264192,254736,17,17,0
355,1.132,0.228,0.000,1.360,1.453,97878,9602,88276,247,25,25,6264192,254736,17,17,0
356,1.133,0.188,0.000,1.321,1.473,97878,9602,88276,247,25,25,6264192,254736,17,17,0
357,1.122,0.251,0.000,1.373,1.434,97878,9602,88276,247,25,25,6264192,254736,17,17,0
358,1.124,0.253,0.000,1.376,1.483,97878,9602,88276,247,25,25,6264192,254736,17,17,0
359,1.101,0.223,0.000,1.325,1.489,97878,9602,88276,247,25,25,6264192,254736,17,17,0
360,1.122,0.225,0.000,1.347,1.437,97878,9602,88276,247,25,25,6264192,254736,17,17,0
361,1.136,0.227,0.000,1.362,1.458,97878,9602,88276,247,25,25,6264192,254736,17,17,0
362,1.150,0.227,0.000,1.377,1.477,97878,9602,88276,247,25,25,6264192,254736,17,17,0
363,1.102,0.239,0.000,1.340,1.490,97878,9602,88276,247,25,25,6264192,254736,17,17,0
364,1.118,0.252,0.000,1.371,1.456,97878,9602,88276,247,25,25,6264192,254736,17,17,0
365,1.089,0.240,0.000,1.329,1.485,97878,9602,88276,247,25,25,6264192,254736,17,17,0
366,1.122,0.241,0.000,1.363,1.428,97878,9602,88276,247,25,25,6264192,254736,17,17,0
367,1.131,0.207,0.000,1.338,1.477,97878,9602,88276,247,25,25,6264192,254736,17,17,0
368,1.134,0.220,0.000,1.353,1.452,97878,9602,88276,247,25,25,6264192,254736,17,17,0
369,1.118,0.226,0.000,1.344,1.467,97878,9602,88276,247,25,25,6264192,254736,17,17,0
370,1.100,0.228,0.000,1.328,1.454,97878,9602,88276,247,25,25,6264192,254736,17,17,0
371,1.074,0.220,0.000,1.294,1.436,97878,9602,88276,247,25,25,6264192,254736,17,17,0
372,1.140,0.217,0.000,1.357,1.407,97878,9602,88276,247,25,25,6264192,254736,17,17,0
373,1.151,0.209,0.000,1.360,1.465,97878,9602,88276,247,25,25,6264192,254736,17,17,0
374,1.152,0.222,0.000,1.374,1.468,97878,9602,88276,247,25,25,6264192,254736,17,17,0
375,1.118,0.241,0.000,1.359,1.486,97878,9602,88276,247,25,25,6264192,254736,17,17,0
376,1.099,0.198,0.000,1.296,1.472,97878,9602,88276,247,25,25,6264192,254736,17,17,0
377,1.122,0.231,0.000,1.352,1.400,97878,9602,88276,247,25,25,6264192,254736,17,17,0
378,1.120,0.232,0.000,1.352,1.469,97878,9602,88276,247,25,25,6264192,254736,17,17,0
379,1.114,0.206,0.000,1.321,1.466,97878,9602,88276,247,25,25,6264192,254736,17,17,0
380,1.117,0.228,0.000,1.345,1.434,97878,9602,88276,247,25,25,6264192,254736,17,17,0
381,1.135,0.221,0.000,1.356,1.457,97878,9602,88276,247,25,25,6264192,254736,17,17,0
382,1.110,0.254,0.000,1.365,1.469,97878,9602,88276,247,25,25,6264192,254736,17,17,0
383,1.084,0.239,0.000,1.323,1.478,97878,9602,88276,247,25,25,6264192,254736,17,17,0
384,1.164,0.220,0.000,1.384,1.436,97878,9602,88276,247,25,25,6264192,254736,17,17,0
385,1.150,0.215,0.000,1.364,1.499,97878,9602,88276,247,25,25,6264192,254736,17,17,0
386,1.133,0.213,0.000,1.346,1.484,97878,9602,88276,247,25,25,6264192,254736,17,17,0
387,1.129,0.242,0.000,1.371,1.455,97878,9602,88276,247,25,25,6264192,254736,17,17,0
388,1.087,0.231,0.000,1.319,1.486,97878,9602,88276,247,25,25,6264192,254736,17,17,0
389,1.103,0.227,0.000,1.329,1.434,97878,9602,88276,247,25,25,6264192,254736,17,17,0
390,1.146,0.231,0.000,1.377,1.455,97878,9602,88276,247,25,25,6264192,254736,17,17,0
391,1.067,0.243,0.000,1.310,1.485,97878,9602,88276,247,25,25,6264192,254736,17,17,0
392,1.070,0.214,0.000,1.285,1.423,97878,9602,88276,247,25,25,6264192,254736,17,17,0
393,1.079,0.278,0.000,1.357,1.381,97878,9602,88276,247,25,25,6264192,254736,17,17,0
394,1.122,0.422,0.002,1.547,1.450,97878,9602,88276,247,25,25,6264192,254736,17,17,0
395,1.389,0.375,0.000,1.764,1.670,97878,9602,88276,247,25,25,6264192,254736,17,17,0
396,1.211,0.285,0.000,1.496,1.884,97878,9602,88276,247,25,25,6264192,254736,17,17,0
397,1.226,0.271,0.000,1.498,1.615,97878,9602,88276,247,25,25,6264192,254736,17,17,0
398,1.148,0.244,0.000,1.393,1.608,97878,9602,88276,247,25,25,6264192,254736,17,17,0
399,1.112,0.257,0.000,1.369,1.509,97878,9602,88276,247,25,25,6264192,254736,17,17,0
400,1.095,0.268,0.000,1.363,1.480,97878,9602,88276,247,25,25,6264192,254736,17,17,0
401,1.089,0.225,0.000,1.313,1.469,97878,9602,88276,247,25,25,6264192,254736,17,17,0
402,1.091,0.256,0.000,1.347,1.418,97878,9602,88276,247,25,25,6264192,254736,17,17,0
403,1.190,0.263,0.000,1.452,1.458,97878,9602,88276,247,25,25,6264192,254736,17,17,0
404,1.140,0.277,0.000,1.417,1.562,97878,9602,88276,247,25,25,6264192,254736,17,17,0
405,1.204,0.250,0.000,1.454,1.530,97878,9602,88276,247,25,25,6264192,254736,17,17,0
406,1.189,0.233,0.000,1.421,1.561,97878,9602,88276,247,25,25,6264192,254736,17,17,0
407,1.176,0.236,0.000,1.412,1.536,97878,9602,88276,247,25,25,6264192,254736,17,17,0
408,1.166,0.254,0.000,1.420,1.523,97878,9602,88276,247,25,25,6264192,254736,17,17,0
409,1.164,0.257,0.000,1.421,1.530,97878,9602,88276,247,25,25,6264192,254736,17,17,0
410,1.199,0.252,0.000,1.451,1.536,97878,9602,88276,247,25,25,6264192,254736,17,17,0
411,1.154,0.244,0.000,1.399,1.566,97878,9602,88276,247,25,25,6264192,254736,17,17,0
412,1.163,0.218,0.000,1.381,1.512,97878,9602,88276,247,25,25,6264192,254736,17,17,0
413,1.144,0.280,0.000,1.425,1.495,97878,9602,88276,247,25,25,6264192,254736,17,17,0
414,1.148,0.263,0.000,1.411,1.540,97878,9602,88276,247,25,25,6264192,254736,17,17,0
415,1.148,0.259,0.000,1.407,1.520,97878,9602,88276,247,25,25,6264192,254736,17,17,0
416,1.165,0.243,0.000,1.408,1.522,97878,9602,88276,247,25,25,6264192,254736,17,17,0
417,1.129,0.257,0.000,1.385,1.522,97878,9602,88276,247,25,25,6264192,254736,17,17,0
418,1.152,0.254,0.000,1.406,1.497,97878,9602,88276,247,25,25,6264192,254736,17,17,0
419,1.145,0.268,0.000,1.414,1.516,97878,9602,88276,247,25,25,6264192,254736,17,17,0
420,1.160,0.248,0.000,1.408,1.518,97878,9602,88276,247,25,25,6264192,254736,17,17,0
421,1.135,0.230,0.000,1.365,1.522,97878,9602,88276,247,25,25,6264192,254736,17,17,0
422,1.153,0.247,0.000,1.400,1.481,97878,9602,88276,247,25,25,6264192,254736,17,17,0
423,1.131,0.243,0.000,1.374,1.509,97878,9602,88276,247,25,25,6264192,254736,17,17,0
424,1.133,0.263,0.000,1.396,1.492,97878,9602,88276,247,25,25,6264192,254736,17,17,0
425,1.152,0.266,0.000,1.418,1.507,97878,9602,88276,247,25,25,6264192,254736,17,17,0
426,1.193,0.238,0.000,1.432,1.527,97878,9602,88276,247,25,25,6264192,254736,17,17,0
427,1.127,0.259,0.000,1.386,1.544,97878,9602,88276,247,25,25,6264192,254736,17,17,0
428,1.107,0.265,0.000,1.373,1.497,97878,9602,88276,247,25,25,6264192,254736,17,17,0
429,1.150,0.244,0.000,1.394,1.483,97878,9602,88276,247,25,25,6264192,254736,17,17,0
430,1.126,0.254,0.000,1.380,1.504,97878,9602,88276,247,25,25,6264192,254736,17,17,0
431,1.164,0.225,0.000,1.388,1.489,97878,9602,88276,247,25,25,6264192,254736,17,17,0
432,1.167,0.220,0.000,1.387,1.502,97878,9602,88276,247,25,25,6264192,254736,17,17,0
433,1.116,0.255,0.000,1.371,1.497,97878,9602,88276,247,25,25,6264192,254736,17,17,0
434,1.119,0.245,0.000,1.364,1.481,97878,9602,88276,247,25,25,6264192,254736,17,17,0
435,1.143,0.261,0.000,1.404,1.476,97878,9602,88276,247,25,25,6264192,254736,17,17,0
436,1.135,0.226,0.000,1.361,1.518,97878,9602,88276,247,25,25,6264192,254736,17,17,0
437,1.127,0.240,0.000,1.368,1.470,97878,9602,88276,247,25,25,6264192,254736,17,17,0
438,1.157,0.231,0.000,1.387,1.481,97878,9602,88276,247,25,25,6264192,254736,17,17,0
439,1.107,0.241,0.000,1.348,1.521,97878,9602,88276,247,25,25,6264192,254736,17,17,0
440,1.139,0.262,0.000,1.401,1.465,97878,9602,88276,247,25,25,6264192,254736,17,17,0
441,1.110,0.240,0.000,1.350,1.511,97878,9602,88276,247,25,25,6264192,254736,17,17,0
442,1.146,0.224,0.000,1.371,1.458,97878,9602,88276,247,25,25,6264192,254736,17,17,0
443,1.126,0.227,0.000,1.354,1.483,97878,9602,88276,247,25,25,6264192,254736,17,17,0
444,1.138,0.243,0.000,1.381,1.459,97878,9602,88276,247,25,25,6264192,254736,17,17,0
445,1.141,0.253,0.000,1.394,1.494,97878,9602,88276,247,25,25,6264192,254736,17,17,0
446,1.118,0.235,0.000,1.353,1.503,97878,9602,88276,247,25,25,6264192,254736,17,17,0
447,1.147,0.218,0.000,1.366,1.461,97878,9602,88276,247,25,25,6264192,254736,17,17,0
448,1.147,0.248,0.000,1.396,1.476,97878,9602,88276,247,25,25,6264192,254736,17,17,0
449,1.122,0.236,0.000,1.359,1.510,97878,9602,88276,247,25,25,6264192,254736,17,17,0
450,1.105,0.241,0.000,1.347,1.468,97878,9602,88276,247,25,25,6264192,254736,17,17,0
451,1.120,0.264,0.000,1.385,1.453,97878,9602,88276,247,25,25,6264192,254736,17,17,0
452,1.114,0.249,0.000,1.363,1.494,97878,9602,88276,247,25,25,6264192,254736,17,17,0
453,1.113,0.240,0.000,1.353,1.474,97878,9602,88276,247,25,25,6264192,254736,17,17,0
454,1.153,0.230,0.000,1.383,1.465,97878,9602,88276,247,25,25,6264192,254736,17,17,0
455,1.118,0.227,0.000,1.344,1.489,97878,9602,88276,247,25,25,6264192,254736,17,17,0
456,1.133,0.208,0.000,1.341,1.459,97878,9602,88276,247,25,25,6264192,254736,17,17,0
457,1.106,0.210,0.000,1.317,1.451,97878,9602,88276,247,25,25,6264192,254736,17,17,0
458,1.068,0.213,0.000,1.281,1.435,97878,9602,88276,247,25,25,6264192,254736,17,17,0
459,1.073,0.219,0.000,1.293,1.394,97878,9602,88276,247,25,25,6264192,254736,17,17,0
460,1.143,0.244,0.000,1.387,1.403,97878,9602,88276,247,25,25,6264192,254736,17,17,0
461,1.146,0.234,0.000,1.380,1.497,97878,9602,88276,247,25,25,6264192,254736,17,17,0
462,1.151,0.221,0.000,1.372,1.489,97878,9602,88276,247,25,25,6264192,254736,17,17,0
463,1.143,0.240,0.000,1.384,1.484,97878,9602,88276,247,25,25,6264192,254736,17,17,0
464,1.141,0.236,0.000,1.377,1.496,97878,9602,88276,247,25,25,6264192,254736,17,17,0
465,1.131,0.239,0.000,1.370,1.487,97878,9602,88276,247,25,25,6264192,254736,17,17,0
466,1.125,0.251,0.000,1.375,1.483,97878,9602,88276,247,25,25,6264192,254736,17,17,0
467,1.124,0.243,0.000,1.367,1.487,97878,9602,88276,247,25,25,6264192,254736,17,17,0
468,1.143,0.234,0.000,1.377,1.476,97878,9602,88276,247,25,25,6264192,254736,17,17,0
469,1.084,0.228,0.000,1.312,1.487,97878,9602,88276,247,25,25,6264192,254736,17,17,0
470,1.096,0.220,0.000,1.316,1.425,97878,9602,88276,247,25,25,6264192,254736,17,17,0
471,1.087,0.222,0.000,1.309,1.427,97878,9602,88276,247,25,25,6264192,254736,17,17,0
472,1.087,0.229,0.000,1.316,1.415,97878,9602,88276,247,25,25,6264192,254736,17,17,0
473,1.100,0.211,0.000,1.311,1.424,97878,9602,88276,247,25,25,6264192,254736,17,17,0
474,1.098,0.204,0.000,1.302,1.419,97878,9602,88276,247,25,25,6264192,254736,17,17,0
475,1.147,0.244,0.000,1.391,1.409,97878,9602,88276,247,25,25,6264192,254736,17,17,0
476,1.100,0.226,0.000,1.326,1.499,97878,9602,88276,247,25,25,6264192,254736,17,17,0
477,1.094,0.211,0.000,1.305,1.436,97878,9602,88276,247,25,25,6264192,254736,17,17,0
478,1.123,0.241,0.000,1.364,1.413,97878,9602,88276,247,25,25,6264192,254736,17,17,0
479,1.142,0.229,0.000,1.372,1.474,97878,9602,88276,247,25,25,6264192,254736,17,17,0
480,1.132,0.195,0.000,1.327,1.484,97878,9602,88276,247,25,25,6264192,254736,17,17,0
481,1.148,0.246,0.000,1.394,1.439,97878,9602,88276,247,25,25,6264192,254736,17,17,0
482,1.148,0.242,0.000,1.390,1.509,97878,9602,88276,247,25,25,6264192,254736,17,17,0
483,1.126,0.265,0.000,1.391,1.501,97878,9602,88276,247,25,25,6264192,254736,17,17,0
484,1.201,0.258,0.000,1.458,1.489,97878,9602,88276,247,25,25,6264192,254736,17,17,0
485,1.160,0.250,0.000,1.410,1.559,97878,9602,88276,247,25,25,6264192,254736,17,17,0
486,1.132,0.244,0.000,1.376,1.505,97878,9602,88276,247,25,25,6264192,254736,17,17,0
487,1.062,0.222,0.005,1.289,1.482,97878,9602,88276,247,25,25,6264192,254736,17,17,0
488,1.160,0.246,0.000,1.406,1.393,97878,9602,88276,247,25,25,6264192,254736,17,17,0
489,1.109,0.235,0.000,1.344,1.499,97878,9602,88276,247,25,25,6264192,254736,17,17,0
490,1.131,0.228,0.000,1.359,1.433,97878,9602,88276,247,25,25,6264192,254736,17,17,0
491,1.095,0.209,0.000,1.304,1.450,97878,9602,88276,247,25,25,6264192,254736,17,17,0
492,1.098,0.221,0.000,1.319,1.397,97878,9602,88276,247,25,25,6264192,254736,17,17,0
493,1.133,0.231,0.000,1.364,1.408,97878,9602,88276,247,25,25,6264192,254736,17,17,0
494,1.092,0.230,0.000,1.323,1.456,97878,9602,88276,247,25,25,6264192,254736,17,17,0
495,1.130,0.242,0.000,1.372,1.423,97878,9602,88276,247,25,25,6264192,254736,17,17,0
496,1.141,0.229,0.000,1.370,1.483,97878,9602,88276,247,25,25,6264192,254736,17,17,0
497,1.124,0.230,0.000,1.354,1.479,97878,9602,88276,247,25,25,6264192,254736,17,17,0
498,1.118,0.221,0.000,1.339,1.466,97878,9602,88276,247,25,25,6264192,254736,17,17,0
499,1.149,0.294,0.000,1.443,1.448,97878,9602,88276,247,25,25,6264192,254736,17,17,0
500,1.164,0.241,0.000,1.405,1.549,97878,9602,88276,247,25,25,6264192,254736,17,17,0
501,1.165,0.235,0.000,1.400,1.519,97878,9602,88276,247,25,25,6264192,254736,17,17,0
502,1.138,0.212,0.000,1.350,1.515,97878,9602,88276,247,25,25,6264192,254736,17,17,0
503,1.144,0.246,0.000,1.390,1.457,97878,9602,88276,247,25,25,6264192,254736,17,17,0
504,1.141,0.233,0.000,1.373,1.494,97878,9602,88276,247,25,25,6264192,254736,17,17,0
505,1.132,0.221,0.000,1.353,1.480,97878,9602,88276,247,25,25,6264192,254736,17,17,0
506,1.147,0.259,0.000,1.406,1.461,97878,9602,88276,247,25,25,6264192,254736,17,17,0
507,1.152,0.226,0.000,1.377,1.516,97878,9602,88276,247,25,25,6264192,254736,17,17,0
508,1.186,0.203,0.000,1.390,1.488,97878,9602,88276,247,25,25,6264192,254736,17,17,0
509,1.107,0.229,0.000,1.336,1.494,97878,9602,88276,247,25,25,6264192,254736,17,17,0
510,1.149,0.250,0.000,1.399,1.445,97878,9602,88276,247,25,25,6264192,254736,17,17,0
511,1.129,0.241,0.000,1.370,1.497,97878,9602,88276,247,25,25,6264192,254736,17,17,0
512,1.170,0.239,0.000,1.409,1.483,97878,9602,88276,247,25,25,6264192,254736,17,17,0
513,1.131,0.229,0.000,1.359,1.519,97878,9602,88276,247,25,25,6264192,254736,17,17,0
514,1.144,0.228,0.000,1.372,1.474,97878,9602,88276,247,25,25,6264192,254736,17,17,0
515,1.092,0.240,0.000,1.331,1.484,97878,9602,88276,247,25,25,6264192,254736,17,17,0
516,1.146,0.236,0.000,1.382,1.443,97878,9602,88276,247,25,25,6264192,254736,17,17,0
517,1.099,0.233,0.000,1.332,1.493,97878,9602,88276,247,25,25,6264192,254736,17,17,0
518,1.115,0.229,0.000,1.344,1.440,97878,9602,88276,247,25,25,6264192,254736,17,17,0
519,1.127,0.220,0.000,1.347,1.455,97878,9602,88276,247,25,25,6264192,254736,17,17,0
520,1.107,0.219,0.000,1.325,1.461,97878,9602,88276,247,25,25,6264192,254736,17,17,0
521,1.106,0.228,0.000,1.334,1.432,97878,9602,88276,247,25,25,6264192,254736,17,17,0
522,1.110,0.236,0.000,1.346,1.440,97878,9602,88276,247,25,25,6264192,254736,17,17,0
523,1.113,0.236,0.000,1.349,1.459,97878,9602,88276,247,25,25,6264192,254736,17,17,0
524,1.125,0.230,0.000,1.355,1.461,97878,9602,88276,247,25,25,6264192,254736,17,17,0
525,1.116,0.219,0.000,1.336,1.465,97878,9602,88276,247,25,25,6264192,254736,17,17,0
526,1.126,0.244,0.000,1.370,1.448,97878,9602,88276,247,25,25,6264192,254736,17,17,0
527,1.108,0.239,0.000,1.347,1.480,97878,9602,88276,247,25,25,6264192,254736,17,17,0
528,1.098,0.226,0.000,1.324,1.456,97878,9602,88276,247,25,25,6264192,254736,17,17,0
529,1.119,0.247,0.000,1.367,1.436,97878,9602,88276,247,25,25,6264192,254736,17,17,0
530,1.136,0.205,0.000,1.341,1.477,97878,9602,88276,247,25,25,6264192,254736,17,17,0
531,1.111,0.192,0.000,1.304,1.449,97878,9602,88276,247,25,25,6264192,254736,17,17,0
532,1.128,0.247,0.000,1.375,1.413,97878,9602,88276,247,25,25,6264192,254736,17,17,0
533,1.122,0.245,0.000,1.367,1.487,97878,9602,88276,247,25,25,6264192,254736,17,17,0
534,1.101,0.231,0.000,1.332,1.477,97878,9602,88276,247,25,25,6264192,254736,17,17,0
535,1.150,0.211,0.000,1.361,1.436,97878,9602,88276,247,25,25,6264192,254736,17,17,0
536,1.119,0.236,0.000,1.355,1.469,97878,9602,88276,247,25,25,6264192,254736,17,17,0
537,1.093,0.234,0.000,1.327,1.479,97878,9602,88276,247,25,25,6264192,254736,17,17,0
538,1.103,0.224,0.000,1.327,1.438,97878,9602,88276,247,25,25,6264192,254736,17,17,0
539,1.091,0.243,0.000,1.334,1.436,97878,9602,88276,247,25,25,6264192,254736,17,17,0
540,1.101,0.236,0.000,1.338,1.441,97878,9602,88276,247,25,25,6264192,254736,17,17,0
541,1.139,0.226,0.000,1.365,1.449,97878,9602,88276,247,25,25,6264192,254736,17,17,0
542,1.133,0.231,0.000,1.364,1.481,97878,9602,88276,247,25,25,6264192,254736,17,17,0
543,1.092,0.238,0.000,1.330,1.479,97878,9602,88276,247,25,25,6264192,254736,17,17,0
544,1.110,0.244,0.000,1.354,1.437,97878,9602,88276,247,25,25,6264192,254736,17,17,0
545,1.113,0.255,0.000,1.368,1.467,97878,9602,88276,247,25,25,6264192,254736,17,17,0
546,1.112,0.237,0.000,1.349,1.476,97878,9602,88276,247,25,25,6264192,254736,17,17,0
547,1.134,0.212,0.000,1.346,1.460,97878,9602,88276,247,25,25,6264192,254736,17,17,0
548,1.135,0.234,0.000,1.370,1.459,97878,9602,88276,247,25,25,6264192,254736,17,17,0
549,1.089,0.197,0.000,1.286,1.482,97878,9602,88276,247,25,25,6264192,254736,17,17,0
550,1.129,0.211,0.000,1.340,1.396,97878,9602,88276,247,25,25,6264192,254736,17,17,0
551,1.100,0.216,0.000,1.316,1.448,97878,9602,88276,247,25,25,6264192,254736,17,17,0
552,1.126,0.216,0.000,1.343,1.429,97878,9602,88276,247,25,25,6264192,254736,17,17,0
553,1.102,0.206,0.000,1.308,1.458,97878,9602,88276,247,25,25,6264192,254736,17,17,0
554,1.129,0.236,0.000,1.365,1.418,97878,9602,88276,247,25,25,6264192,254736,17,17,0
555,1.092,0.250,0.000,1.342,1.469,97878,9602,88276,247,25,25,6264192,254736,17,17,0
556,1.113,0.247,0.000,1.361,1.450,97878,9602,88276,247,25,25,6264192,254736,17,17,0
557,1.079,0.247,0.000,1.326,1.472,97878,9602,88276,247,25,25,6264192,254736,17,17,0
558,1.139,0.219,0.000,1.359,1.439,97878,9602,88276,247,25,25,6264192,254736,17,17,0
559,1.132,0.204,0.000,1.336,1.466,97878,9602,88276,247,25,25,6264192,254736,17,17,0
560,0.999,0.252,0.000,1.250,1.445,97878,9602,88276,247,25,25,6264192,254736,17,17,0
561,1.027,0.255,0.000,1.282,1.352,97878,9602,88276,247,25,25,6264192,254736,17,17,0
562,1.090,0.231,0.000,1.321,1.393,97878,9602,88276,247,25,25,6264192,254736,17,17,0
563,1.122,0.243,0.000,1.365,1.430,97878,9602,88276,247,25,25,6264192,254736,17,17,0
564,1.126,0.214,0.000,1.340,1.479,97878,9602,88276,247,25,25,6264192,254736,17,17,0
565,1.127,0.232,0.000,1.359,1.450,97878,9602,88276,247,25,25,6264192,254736,17,17,0
566,1.099,0.233,0.000,1.332,1.470,97878,9602,88276,247,25,25,6264192,254736,17,17,0
567,1.102,0.224,0.000,1.326,1.442,97878,9602,88276,247,25,25,6264192,254736,17,17,0
568,1.112,0.252,0.000,1.364,1.442,97878,9602,88276,247,25,25,6264192,254736,17,17,0
569,1.109,0.227,0.000,1.336,1.476,97878,9602,88276,247,25,25,6264192,254736,17,17,0
570,1.127,0.215,0.000,1.342,1.446,97878,9602,88276,247,25,25,6264192,254736,17,17,0
571,1.147,0.229,0.000,1.376,1.454,97878,9602,88276,247,25,25,6264192,254736,17,17,0
572,1.086,0.216,0.000,1.302,1.489,97878,9602,88276,247,25,25,6264192,254736,17,17,0
573,1.112,0.246,0.000,1.357,1.411,97878,9602,88276,247,25,25,6264192,254736,17,17,0
574,1.085,0.231,0.000,1.316,1.469,97878,9602,88276,247,25,25,6264192,254736,17,17,0
575,1.109,0.227,0.000,1.336,1.428,97878,9602,88276,247,25,25,6264192,254736,17,17,0
576,1.155,0.229,0.000,1.384,1.451,97878,9602,88276,247,25,25,6264192,254736,17,17,0
577,1.127,0.230,0.000,1.357,1.494,97878,9602,88276,247,25,25,6264192,254736,17,17,0
578,1.094,0.227,0.000,1.321,1.470,97878,9602,88276,247,25,25,6264192,254736,17,17,0
579,1.112,0.223,0.000,1.335,1.431,97878,9602,88276,247,25,25,6264192,254736,17,17,0
580,1.116,0.230,0.000,1.346,1.449,97878,9602,88276,247,25,25,6264192,254736,17,17,0
581,1.168,0.214,0.000,1.382,1.445,97878,9602,88276,247,25,25,6264192,254736,17,17,0
582,1.136,0.220,0.000,1.356,1.492,97878,9602,88276,247,25,25,6264192,254736,17,17,0
583,1.123,0.220,0.000,1.343,1.467,97878,9602,88276,247,25,25,6264192,254736,17,17,0
584,1.133,0.241,0.000,1.373,1.459,97878,9602,88276,247,25,25,6264192,254736,17,17,0
585,1.075,0.216,0.000,1.291,1.501,97878,9602,88276,247,25,25,6264192,254736,17,17,0
586,1.066,0.216,0.000,1.282,1.398,97878,9602,88276,247,25,25,6264192,254736,17,17,0
587,1.109,0.242,0.000,1.351,1.391,97878,9602,88276,247,25,25,6264192,254736,17,17,0
588,1.130,0.215,0.000,1.346,1.456,97878,9602,88276,247,25,25,6264192,254736,17,17,0
589,1.099,0.220,0.000,1.319,1.453,97878,9602,88276,247,25,25,6264192,254736,17,17,0
590,1.113,0.241,0.000,1.354,1.429,97878,9602,88276,247,25,25,6264192,254736,17,17,0
591,1.103,0.264,0.000,1.367,1.462,97878,9602,88276,247,25,25,6264192,254736,17,17,0
592,1.107,0.249,0.000,1.356,1.479,97878,9602,88276,247,25,25,6264192,254736,17,17,0
593,1.139,0.229,0.000,1.368,1.467,97878,9602,88276,247,25,25,6264192,254736,17,17,0
594,1.134,0.227,0.000,1.361,1.477,97878,9602,88276,247,25,25,6264192,254736,17,17,0
595,1.118,0.242,0.000,1.361,1.473,97878,9602,88276,247,25,25,6264192,254736,17,17,0
596,1.136,0.244,0.000,1.380,1.473,97878,9602,88276,247,25,25,6264192,254736,17,17,0
597,1.080,0.217,0.000,1.297,1.491,97878,9602,88276,247,25,25,6264192,254736,17,17,0
598,1.094,0.214,0.000,1.308,1.405,97878,9602,88276,247,25,25,6264192,254736,17,17,0
599,1.103,0.234,0.000,1.337,1.415,97878,9602,88276,247,25,25,6264192,254736,17,17,0
600,1.092,0.230,0.000,1.322,1.448,97878,9602,88276,247,25,25,6264192,254736,17,17,0
601,1.100,0.244,0.000,1.344,1.433,97878,9602,88276,247,25,25,6264192,254736,17,17,0
602,1.114,0.252,0.000,1.367,1.449,97878,9602,88276,247,25,25,6264192,254736,17,17,0
603,1.087,0.218,0.000,1.306,1.480,97878,9602,88276,247,25,25,6264192,254736,17,17,0
604,1.091,0.234,0.000,1.325,1.416,97878,9602,88276,247,25,25,6264192,254736,17,17,0
605,1.128,0.220,0.000,1.349,1.436,97878,9602,88276,247,25,25,6264192,254736,17,17,0
606,1.101,0.230,0.000,1.332,1.450,97878,9602,88276,247,25,25,6264192,254736,17,17,0
607,1.096,0.235,0.000,1.332,1.441,97878,9602,88276,247,25,25,6264192,254736,17,17,0
608,1.110,0.237,0.000,1.347,1.442,97878,9602,88276,247,25,25,6264192,254736,17,17,0
609,1.054,0.233,0.000,1.287,1.458,97878,9602,88276,247,25,25,6264192,254736,17,17,0
610,1.047,0.216,0.000,1.263,1.399,97878,9602,88276,247,25,25,6264192,254736,17,17,0
611,1.128,0.244,0.000,1.372,1.376,97878,9602,88276,247,25,25,6264192,254736,17,17,0
612,1.074,0.225,0.000,1.299,1.481,97878,9602,88276,247,25,25,6264192,254736,17,17,0
613,1.103,0.205,0.000,1.308,1.414,97878,9602,88276,247,25,25,6264192,254736,17,17,0
614,1.145,0.251,0.000,1.395,1.419,97878,9602,88276,247,25,25,6264192,254736,17,17,0
615,1.119,0.238,0.000,1.357,1.504,97878,9602,88276,247,25,25,6264192,254736,17,17,0
616,1.164,0.221,0.000,1.385,1.466,97878,9602,88276,247,25,25,6264192,254736,17,17,0
617,1.123,0.231,0.000,1.354,1.499,97878,9602,88276,247,25,25,6264192,254736,17,17,0
618,1.119,0.251,0.000,1.369,1.465,97878,9602,88276,247,25,25,6264192,254736,17,17,0
619,1.093,0.225,0.000,1.318,1.477,97878,9602,88276,247,25,25,6264192,254736,17,17,0
620,1.124,0.240,0.000,1.364,1.430,97878,9602,88276,247,25,25,6264192,254736,17,17,0
621,1.111,0.237,0.000,1.347,1.475,97878,9602,88276,247,25,25,6264192,254736,17,17,0
622,1.149,0.204,0.000,1.353,1.460,97878,9602,88276,247,25,25,6264192,254736,17,17,0
623,1.139,0.227,0.000,1.366,1.456,97878,9602,88276,247,25,25,6264192,254736,17,17,0
624,1.082,0.225,0.000,1.307,1.477,97878,9602,88276,247,25,25,6264192,254736,17,17,0
625,1.086,0.235,0.000,1.321,1.418,97878,9602,88276,247,25,25,6264192,254736,17,17,0
626,1.123,0.234,0.000,1.358,1.433,97878,9602,88276,247,25,25,6264192,254736,17,17,0
627,1.102,0.208,0.000,1.309,1.468,97878,9602,88276,247,25,25,6264192,254736,17,17,0
628,1.145,0.220,0.000,1.365,1.419,97878,9602,88276,247,25,25,6264192,254736,17,17,0
629,1.104,0.234,0.000,1.338,1.469,97878,9602,88276,247,25,25,6264192,254736,17,17,0
630,1.112,0.216,0.000,1.328,1.449,97878,9602,88276,247,25,25,6264192,254736,17,17,0
631,1.109,0.203,0.000,1.312,1.438,97878,9602,88276,247,25,25,6264192,254736,17,17,0
632,1.120,0.233,0.000,1.353,1.422,97878,9602,88276,247,25,25,6264192,254736,17,17,0
633,1.131,0.203,0.000,1.334,1.462,97878,9602,88276,247,25,25,6264192,254736,17,17,0
634,1.086,0.208,0.000,1.294,1.458,97878,9602,88276,247,25,25,6264192,254736,17,17,0
635,1.022,0.207,0.000,1.228,1.403,97878,9602,88276,247,25,25,6264192,254736,17,17,0
636,1.031,0.210,0.000,1.240,1.339,97878,9602,88276,247,25,25,6264192,254736,17,17,0
637,1.036,0.223,0.000,1.259,1.349,97878,9602,88276,247,25,25,6264192,254736,17,17,0
638,1.019,0.222,0.000,1.241,1.374,97878,9602,88276,247,25,25,6264192,254736,17,17,0
639,1.041,0.206,0.000,1.247,1.353,97878,9602,88276,247,25,25,6264192,254736,17,17,0
640,1.059,0.231,0.000,1.290,1.359,97878,9602,88276,247,25,25,6264192,254736,17,17,0
641,1.021,0.208,0.000,1.229,1.400,97878,9602,88276,247,25,25,6264192,254736,17,17,0
642,1.099,0.263,0.000,1.362,1.344,97878,9602,88276,247,25,25,6264192,254736,17,17,0
643,1.193,0.321,0.000,1.514,1.487,97878,9602,88276,247,25,25,6264192,254736,17,17,0
644,1.234,0.265,0.000,1.499,1.639,97878,9602,88276,247,25,25,6264192,254736,17,17,0
645,1.132,0.248,0.000,1.381,1.611,97878,9602,88276,247,25,25,6264192,254736,17,17,0
646,1.137,0.251,0.000,1.387,1.491,97878,9602,88276,247,25,25,6264192,254736,17,17,0
647,1.110,0.259,0.000,1.369,1.501,97878,9602,88276,247,25,25,6264192,254736,17,17,0
648,1.139,0.234,0.000,1.373,1.480,97878,9602,88276,247,25,25,6264192,254736,17,17,0
649,1.113,0.206,0.000,1.319,1.479,97878,9602,88276,247,25,25,6264192,254736,17,17,0
650,1.136,0.240,0.000,1.377,1.431,97878,9602,88276,247,25,25,6264192,254736,17,17,0
651,1.137,0.241,0.000,1.378,1.488,97878,9602,88276,247,25,25,6264192,254736,17,17,0
652,1.139,0.260,0.000,1.399,1.486,97878,9602,88276,247,25,25,6264192,254736,17,17,0
653,1.119,0.253,0.000,1.372,1.507,97878,9602,88276,247,25,25,6264192,254736,17,17,0
654,1.134,0.226,0.000,1.360,1.485,97878,9602,88276,247,25,25,6264192,254736,17,17,0
655,1.109,0.241,0.000,1.349,1.472,97878,9602,88276,247,25,25,6264192,254736,17,17,0
656,1.137,0.211,0.000,1.348,1.456,97878,9602,88276,247,25,25,6264192,254736,17,17,0
657,1.131,0.236,0.000,1.367,1.463,97878,9602,88276,247,25,25,6264192,254736,17,17,0
658,1.106,0.229,0.000,1.336,1.480,97878,9602,88276,247,25,25,6264192,254736,17,17,0
659,1.090,0.241,0.000,1.331,1.449,97878,9602,88276,247,25,25,6264192,254736,17,17,0
660,1.117,0.262,0.000,1.379,1.441,97878,9602,88276,247,25,25,6264192,254736,17,17,0
661,1.129,0.194,0.000,1.324,1.492,97878,9602,88276,247,25,25,6264192,254736,17,17,0
662,1.133,0.232,0.000,1.365,1.433,97878,9602,88276,247,25,25,6264192,254736,17,17,0
663,1.094,0.238,0.000,1.332,1.476,97878,9602,88276,247,25,25,6264192,254736,17,17,0
664,1.092,0.218,0.000,1.310,1.446,97878,9602,88276,247,25,25,6264192,254736,17,17,0
665,1.107,0.261,0.000,1.368,1.421,97878,9602,88276,247,25,25,6264192,254736,17,17,0
666,1.124,0.251,0.000,1.375,1.470,97878,9602,88276,247,25,25,6264192,254736,17,17,0
667,1.148,0.240,0.000,1.388,1.484,97878,9602,88276,247,25,25,6264192,254736,17,17,0
668,1.130,0.238,0.000,1.367,1.500,97878,9602,88276,247,25,25,6264192,254736,17,17,0
669,1.099,0.239,0.000,1.338,1.477,97878,9602,88276,247,25,25,6264192,254736,17,17,0
670,1.116,0.243,0.000,1.359,1.449,97878,9602,88276,247,25,25,6264192,254736,17,17,0
671,1.117,0.247,0.000,1.364,1.465,97878,9602,88276,247,25,25,6264192,254736,17,17,0
672,1.116,0.249,0.000,1.364,1.479,97878,9602,88276,247,25,25,6264192,254736,17,17,0
673,1.123,0.223,0.000,1.346,1.476,97878,9602,88276,247,25,25,6264192,254736,17,17,0
674,1.122,0.212,0.000,1.334,1.451,97878,9602,88276,247,25,25,6264192,254736,17,17,0
675,1.104,0.225,0.000,1.329,1.448,97878,9602,88276,247,25,25,6264192,254736,17,17,0
676,1.123,0.252,0.000,1.374,1.443,97878,9602,88276,247,25,25,6264192,254736,17,17,0
677,1.087,0.257,0.000,1.343,1.484,97878,9602,88276,247,25,25,6264192,254736,17,17,0
678,1.126,0.246,0.000,1.372,1.461,97878,9602,88276,247,25,25,6264192,254736,17,17,0
679,1.112,0.231,0.000,1.342,1.480,97878,9602,88276,247,25,25,6264192,254736,17,17,0
680,1.128,0.237,0.000,1.365,1.454,97878,9602,88276,247,25,25,6264192,254736,17,17,0
681,1.109,0.208,0.000,1.317,1.477,97878,9602,88276,247,25,25,6264192,254736,17,17,0
682,1.118,0.238,0.000,1.356,1.426,97878,9602,88276,247,25,25,6264192,254736,17,17,0
683,1.132,0.247,0.000,1.378,1.469,97878,9602,88276,247,25,25,6264192,254736,17,17,0
684,1.126,0.212,0.000,1.338,1.490,97878,9602,88276,247,25,25,6264192,254736,17,17,0
685,1.115,0.237,0.000,1.352,1.450,97878,9602,88276,247,25,25,6264192,254736,17,17,0
686,1.123,0.236,0.000,1.360,1.461,97878,9602,88276,247,25,25,6264192,254736,17,17,0
687,1.088,0.238,0.000,1.326,1.472,97878,9602,88276,247,25,25,6264192,254736,17,17,0
688,1.098,0.231,0.000,1.329,1.432,97878,9602,88276,247,25,25,6264192,254736,17,17,0
689,1.112,0.251,0.000,1.363,1.439,97878,9602,88276,247,25,25,6264192,254736,17,17,0
690,1.143,0.213,0.000,1.356,1.475,97878,9602,88276,247,25,25,6264192,254736,17,17,0
691,1.129,0.215,0.000,1.344,1.470,97878,9602,88276,247,25,25,6264192,254736,17,17,0
692,1.089,0.248,0.000,1.337,1.455,97878,9602,88276,247,25,25,6264192,254736,17,17,0
693,1.085,0.225,0.000,1.310,1.443,97878,9602,88276,247,25,25,6264192,254736,17,17,0
694,1.128,0.238,0.000,1.366,1.428,97878,9602,88276,247,25,25,6264192,254736,17,17,0
695,1.108,0.238,0.000,1.347,1.479,97878,9602,88276,247,25,25,6264192,254736,17,17,0
696,1.145,0.223,0.000,1.368,1.458,97878,9602,88276,247,25,25,6264192,254736,17,17,0
697,1.132,0.239,0.000,1.371,1.478,97878,9602,88276,247,25,25,6264192,254736,17,17,0
698,1.096,0.235,0.000,1.331,1.482,97878,9602,88276,247,25,25,6264192,254736,17,17,0
699,1.107,0.243,0.000,1.350,1.440,97878,9602,88276,247,25,25,6264192,254736,17,17,0
700,1.131,0.224,0.000,1.356,1.460,97878,9602,88276,247,25,25,6264192,254736,17,17,0
701,1.105,0.247,0.000,1.352,1.467,97878,9602,88276,247,25,25,6264192,254736,17,17,0
702,1.132,0.217,0.000,1.349,1.465,97878,9602,88276,247,25,25,6264192,254736,17,17,0
703,1.103,0.221,0.000,1.324,1.459,97878,9602,88276,247,25,25,6264192,254736,17,17,0
704,1.053,0.213,0.000,1.266,1.436,97878,9602,88276,247,25,25,6264192,254736,17,17,0
705,1.078,0.227,0.000,1.305,1.375,97878,9602,88276,247,25,25,6264192,254736,17,17,0
706,1.090,0.221,0.000,1.311,1.416,97878,9602,88276,247,25,25,6264192,254736,17,17,0
707,1.129,0.245,0.000,1.375,1.418,97878,9602,88276,247,25,25,6264192,254736,17,17,0
708,1.136,0.212,0.000,1.347,1.486,97878,9602,88276,247,25,25,6264192,254736,17,17,0
709,1.079,0.233,0.000,1.313,1.459,97878,9602,88276,247,25,25,6264192,254736,17,17,0
710,1.091,0.221,0.000,1.311,1.424,97878,9602,88276,247,25,25,6264192,254736,17,17,0
711,1.105,0.229,0.000,1.334,1.422,97878,9602,88276,247,25,25,6264192,254736,17,17,0
712,1.093,0.208,0.000,1.301,1.445,97878,9602,88276,247,25,25,6264192,254736,17,17,0
713,1.078,0.231,0.000,1.309,1.411,97878,9602,88276,247,25,25,6264192,254736,17,17,0
714,1.159,0.236,0.000,1.395,1.415,97878,9602,88276,247,25,25,6264192,254736,17,17,0
715,1.075,0.222,0.000,1.297,1.504,97878,9602,88276,247,25,25,6264192,254736,17,17,0
716,1.111,0.248,0.000,1.358,1.408,97878,9602,88276,247,25,25,6264192,254736,17,17,0
717,1.110,0.240,0.000,1.350,1.469,97878,9602,88276,247,25,25,6264192,254736,17,17,0
718,1.102,0.221,0.000,1.323,1.461,97878,9602,88276,247,25,25,6264192,254736,17,17,0
719,1.139,0.222,0.000,1.361,1.432,97878,9602,88276,247,25,25,6264192,254736,17,17,0
720,1.123,0.216,0.000,1.339,1.471,97878,9602,88276,247,25,25,6264192,254736,17,17,0
721,1.114,0.233,0.000,1.347,1.451,97878,9602,88276,247,25,25,6264192,254736,17,17,0
722,1.135,0.244,0.000,1.380,1.455,97878,9602,88276,247,25,25,6264192,254736,17,17,0
723,1.088,0.240,0.000,1.328,1.493,97878,9602,88276,247,25,25,6264192,254736,17,17,0
724,1.124,0.236,0.000,1.359,1.437,97878,9602,88276,247,25,25,6264192,254736,17,17,0
725,1.147,0.205,0.000,1.351,1.468,97878,9602,88276,247,25,25,6264192,254736,17,17,0
726,1.132,0.232,0.000,1.364,1.465,97878,9602,88276,247,25,25,6264192,254736,17,17,0
727,1.101,0.234,0.000,1.334,1.474,97878,9602,88276,247,25,25,6264192,254736,17,17,0
728,1.108,0.246,0.000,1.354,1.445,97878,9602,88276,247,25,25,6264192,254736,17,17,0
729,1.094,0.243,0.000,1.337,1.465,97878,9602,88276,247,25,25,6264192,254736,17,17,0
730,1.121,0.238,0.000,1.359,1.450,97878,9602,88276,247,25,25,6264192,254736,17,17,0
731,1.127,0.215,0.000,1.342,1.470,97878,9602,88276,247,25,25,6264192,254736,17,17,0
732,1.104,0.216,0.000,1.321,1.467,97878,9602,88276,247,25,25,6264192,254736,17,17,0
733,1.131,0.230,0.000,1.361,1.432,97878,9602,88276,247,25,25,6264192,254736,17,17,0
734,1.128,0.240,0.000,1.368,1.470,97878,9602,88276,247,25,25,6264192,254736,17,17,0
735,1.101,0.233,0.000,1.334,1.479,97878,9602,88276,247,25,25,6264192,254736,17,17,0
736,1.132,0.219,0.000,1.351,1.447,97878,9602,88276,247,25,25,6264192,254736,17,17,0
737,1.111,0.229,0.000,1.340,1.466,97878,9602,88276,247,25,25,6264192,254736,17,17,0
738,1.120,0.247,0.000,1.367,1.452,97878,9602,88276,247,25,25,6264192,254736,17,17,0
739,1.106,0.232,0.000,1.338,1.477,97878,9602,88276,247,25,25,6264192,254736,17,17,0
740,1.094,0.264,0.000,1.358,1.448,97878,9602,88276,247,25,25,6264192,254736,17,17,0
741,1.096,0.229,0.000,1.326,1.468,97878,9602,88276,247,25,25,6264192,254736,17,17,0
742,1.109,0.226,0.000,1.335,1.436,97878,9602,88276,247,25,25,6264192,254736,17,17,0
743,1.124,0.228,0.000,1.352,1.447,97878,9602,88276,247,25,25,6264192,254736,17,17,0
744,1.087,0.247,0.000,1.334,1.461,97878,9602,88276,247,25,25,6264192,254736,17,17,0
745,1.120,0.254,0.000,1.374,1.446,97878,9602,88276,247,25,25,6264192,254736,17,17,0
746,1.103,0.229,0.000,1.332,1.480,97878,9602,88276,247,25,25,6264192,254736,17,17,0
747,1.112,0.207,0.000,1.319,1.446,97878,9602,88276,247,25,25,6264192,254736,17,17,0
748,1.127,0.231,0.000,1.358,1.430,97878,9602,88276,247,25,25,6264192,254736,17,17,0
749,1.143,0.203,0.000,1.345,1.467,97878,9602,88276,247,25,25,6264192,254736,17,17,0
750,1.123,0.308,0.000,1.431,1.455,97878,9602,88276,247,25,25,6264192,254736,17,17,0
751,1.257,0.291,0.000,1.548,1.545,97878,9602,88276,247,25,25,6264192,254736,17,17,0
752,1.155,0.274,0.000,1.428,1.668,97878,9602,88276,247,25,25,6264192,254736,17,17,0
753,1.135,0.219,0.000,1.354,1.541,97878,9602,88276,247,25,25,6264192,254736,17,17,0
754,1.141,0.216,0.000,1.357,1.464,97878,9602,88276,247,25,25,6264192,254736,17,17,0
755,1.127,0.249,0.000,1.376,1.472,97878,9602,88276,247,25,25,6264192,254736,17,17,0
756,1.120,0.245,0.000,1.365,1.490,97878,9602,88276,247,25,25,6264192,254736,17,17,0
757,1.110,0.250,0.000,1.360,1.477,97878,9602,88276,247,25,25,6264192,254736,17,17,0
758,1.145,0.219,0.000,1.364,1.472,97878,9602,88276,247,25,25,6264192,254736,17,17,0
759,1.132,0.216,0.000,1.348,1.476,97878,9602,88276,247,25,25,6264192,254736,17,17,0
760,1.111,0.232,0.000,1.343,1.458,97878,9602,88276,247,25,25,6264192,254736,17,17,0
761,1.086,0.220,0.000,1.306,1.455,97878,9602,88276,247,25,25,6264192,254736,17,17,0
762,1.134,0.222,0.000,1.356,1.416,97878,9602,88276,247,25,25,6264192,254736,17,17,0
763,1.110,0.226,0.000,1.336,1.469,97878,9602,88276,247,25,25,6264192,254736,17,17,0
764,1.107,0.232,0.000,1.339,1.454,97878,9602,88276,247,25,25,6264192,254736,17,17,0
765,1.118,0.213,0.000,1.331,1.450,97878,9602,88276,247,25,25,6264192,254736,17,17,0
766,1.095,0.225,0.000,1.320,1.444,97878,9602,88276,247,25,25,6264192,254736,17,17,0
767,1.104,0.254,0.000,1.358,1.434,97878,9602,88276,247,25,25,6264192,254736,17,17,0
768,1.123,0.238,0.000,1.362,1.470,97878,9602,88276,247,25,25,6264192,254736,17,17,0
769,1.089,0.240,0.000,1.329,1.467,97878,9602,88276,247,25,25,6264192,254736,17,17,0
770,1.108,0.240,0.000,1.349,1.441,97878,9602,88276,247,25,25,6264192,254736,17,17,0
771,1.135,0.215,0.000,1.350,1.463,97878,9602,88276,247,25,25,6264192,254736,17,17,0
772,1.094,0.197,0.000,1.291,1.463,97878,9602,88276,247,25,25,6264192,254736,17,17,0
773,1.107,0.251,0.000,1.357,1.401,97878,9602,88276,247,25,25,6264192,254736,17,17,0
774,1.118,0.222,0.000,1.340,1.463,97878,9602,88276,247,25,25,6264192,254736,17,17,0
775,1.092,0.237,0.000,1.329,1.454,97878,9602,88276,247,25,25,6264192,254736,17,17,0
776,1.124,0.235,0.000,1.359,1.438,97878,9602,88276,247,25,25,6264192,254736,17,17,0
777,1.099,0.214,0.000,1.312,1.472,97878,9602,88276,247,25,25,6264192,254736,17,17,0
778,1.109,0.233,0.000,1.342,1.426,97878,9602,88276,247,25,25,6264192,254736,17,17,0
779,1.044,0.208,0.000,1.252,1.451,97878,9602,88276,247,25,25,6264192,254736,17,17,0
780,1.064,0.255,0.000,1.319,1.378,97878,9602,88276,247,25,25,6264192,254736,17,17,0
781,1.152,0.230,0.000,1.382,1.440,97878,9602,88276,247,25,25,6264192,254736,17,17,0
782,1.144,0.228,0.000,1.371,1.491,97878,9602,88276,247,25,25,6264192,254736,17,17,0
783,1.110,0.224,0.000,1.334,1.482,97878,9602,88276,247,25,25,6264192,254736,17,17,0
784,1.093,0.240,0.000,1.333,1.443,97878,9602,88276,247,25,25,6264192,254736,17,17,0
785,1.125,0.223,0.000,1.348,1.439,97878,9602,88276,247,25,25,6264192,254736,17,17,0
786,1.100,0.222,0.000,1.322,1.460,97878,9602,88276,247,25,25,6264192,254736,17,17,0
787,1.091,0.234,0.000,1.325,1.429,97878,9602,88276,247,25,25,6264192,254736,17,17,0
788,1.127,0.234,0.000,1.360,1.437,97878,9602,88276,247,25,25,6264192,254736,17,17,0
789,1.128,0.237,0.000,1.365,1.470,97878,9602,88276,247,25,25,6264192,254736,17,17,0
790,1.122,0.252,0.000,1.374,1.477,97878,9602,88276,247,25,25,6264192,254736,17,17,0
791,1.139,0.254,0.000,1.393,1.486,97878,9602,88276,247,25,25,6264192,254736,17,17,0
792,1.115,0.247,0.000,1.362,1.501,97878,9602,88276,247,25,25,6264192,254736,17,17,0
793,1.128,0.224,0.000,1.352,1.474,97878,9602,88276,247,25,25,6264192,254736,17,17,0
794,1.098,0.217,0.000,1.315,1.467,97878,9602,88276,247,25,25,6264192,254736,17,17,0
795,1.121,0.214,0.000,1.335,1.427,97878,9602,88276,247,25,25,6264192,254736,17,17,0
796,1.164,0.264,0.000,1.428,1.432,97878,9602,88276,247,25,25,6264192,254736,17,17,0
797,1.106,0.242,0.000,1.348,1.540,97878,9602,88276,247,25,25,6264192,254736,17,17,0
798,1.137,0.217,0.000,1.354,1.457,97878,9602,88276,247,25,25,6264192,254736,17,17,0
799,1.059,0.211,0.000,1.270,1.469,97878,9602,88276,247,25,25,6264192,254736,17,17,0
800,1.052,0.210,0.000,1.261,1.381,97878,9602,88276,247,25,25,6264192,254736,17,17,0
801,1.049,0.222,0.000,1.271,1.370,97878,9602,88276,247,25,25,6264192,254736,17,17,0
802,1.084,0.221,0.000,1.305,1.379,97878,9602,88276,247,25,25,6264192,254736,17,17,0
803,1.030,0.230,0.000,1.260,1.412,97878,9602,88276,247,25,25,6264192,254736,17,17,0
804,1.050,0.213,0.000,1.263,1.371,97878,9602,88276,247,25,25,6264192,254736,17,17,0
805,1.065,0.234,0.000,1.300,1.357,97878,9602,88276,247,25,25,6264192,254736,17,17,0
806,1.146,0.236,0.000,1.383,1.410,97878,9602,88276,247,25,25,6264192,254736,17,17,0
807,1.105,0.254,0.000,1.359,1.492,97878,9602,88276,247,25,25,6264192,254736,17,17,0
808,1.109,0.239,0.000,1.348,1.469,97878,9602,88276,247,25,25,6264192,254736,17,17,0
809,1.112,0.224,0.000,1.336,1.460,97878,9602,88276,247,25,25,6264192,254736,17,17,0
810,1.126,0.207,0.000,1.333,1.447,97878,9602,88276,247,25,25,6264192,254736,17,17,0
811,1.130,0.216,0.000,1.346,1.439,97878,9602,88276,247,25,25,6264192,254736,17,17,0
812,1.163,0.227,0.000,1.390,1.458,97878,9602,88276,247,25,25,6264192,254736,17,17,0
813,1.107,0.237,0.000,1.344,1.494,97878,9602,88276,247,25,25,6264192,254736,17,17,0
814,1.099,0.248,0.000,1.347,1.452,97878,9602,88276,247,25,25,6264192,254736,17,17,0
815,1.099,0.247,0.000,1.346,1.461,97878,9602,88276,247,25,25,6264192,254736,17,17,0
816,1.184,0.213,0.000,1.397,1.458,97878,9602,88276,247,25,25,6264192,254736,17,17,0
817,1.139,0.227,0.000,1.365,1.505,97878,9602,88276,247,25,25,6264192,254736,17,17,0
818,1.087,0.207,0.000,1.294,1.475,97878,9602,88276,247,25,25,6264192,254736,17,17,0
819,1.113,0.213,0.000,1.325,1.404,97878,9602,88276,247,25,25,6264192,254736,17,17,0
820,1.094,0.234,0.000,1.327,1.436,97878,9602,88276,247,25,25,6264192,254736,17,17,0
821,1.106,0.212,0.000,1.318,1.436,97878,9602,88276,247,25,25,6264192,254736,17,17,0
822,1.154,0.236,0.000,1.390,1.428,97878,9602,88276,247,25,25,6264192,254736,17,17,0
823,1.087,0.229,0.000,1.317,1.498,97878,9602,88276,247,25,25,6264192,254736,17,17,0
824,1.105,0.218,0.000,1.324,1.427,97878,9602,88276,247,25,25,6264192,254736,17,17,0
825,1.105,0.220,0.000,1.324,1.434,97878,9602,88276,247,25,25,6264192,254736,17,17,0
826,1.094,0.227,0.000,1.321,1.437,97878,9602,88276,247,25,25,6264192,254736,17,17,0
827,1.093,0.238,0.000,1.331,1.425,97878,9602,88276,247,25,25,6264192,254736,17,17,0
828,1.151,0.234,0.000,1.385,1.442,97878,9602,88276,247,25,25,6264192,254736,17,17,0
829,1.127,0.208,0.000,1.335,1.494,97878,9602,88276,247,25,25,6264192,254736,17,17,0
830,1.110,0.219,0.000,1.329,1.444,97878,9602,88276,247,25,25,6264192,254736,17,17,0
831,1.097,0.222,0.000,1.318,1.432,97878,9602,88276,247,25,25,6264192,254736,17,17,0
832,1.112,0.252,0.000,1.364,1.424,97878,9602,88276,247,25,25,6264192,254736,17,17,0
833,1.131,0.241,0.000,1.372,1.475,97878,9602,88276,247,25,25,6264192,254736,17,17,0
834,1.138,0.237,0.000,1.375,1.489,97878,9602,88276,247,25,25,6264192,254736,17,17,0
835,1.096,0.222,0.000,1.318,1.485,97878,9602,88276,247,25,25,6264192,254736,17,17,0
836,1.097,0.253,0.000,1.351,1.430,97878,9602,88276,247,25,25,6264192,254736,17,17,0
837,1.081,0.244,0.000,1.325,1.458,97878,9602,88276,247,25,25,6264192,254736,17,17,0
838,1.084,0.223,0.000,1.307,1.435,97878,9602,88276,247,25,25,6264192,254736,17,17,0
839,1.111,0.215,0.000,1.326,1.417,97878,9602,88276,247,25,25,6264192,254736,17,17,0
840,1.128,0.227,0.000,1.355,1.440,97878,9602,88276,247,25,25,6264192,254736,17,17,0
841,1.084,0.243,0.000,1.327,1.486,97878,9602,88276,247,25,25,6264192,254736,17,17,0
842,1.117,0.236,0.000,1.354,1.436,97878,9602,88276,247,25,25,6264192,254736,17,17,0
843,1.086,0.249,0.000,1.335,1.470,97878,9602,88276,247,25,25,6264192,254736,17,17,0
844,1.123,0.221,0.000,1.343,1.448,97878,9602,88276,247,25,25,6264192,254736,17,17,0
845,1.106,0.234,0.000,1.340,1.449,97878,9602,88276,247,25,25,6264192,254736,17,17,0
846,1.094,0.228,0.000,1.322,1.446,97878,9602,88276,247,25,25,6264192,254736,17,17,0
847,1.057,0.218,0.000,1.275,1.428,97878,9602,88276,247,25,25,6264192,254736,17,17,0
848,1.096,0.220,0.000,1.316,1.387,97878,9602,88276,247,25,25,6264192,254736,17,17,0
849,1.095,0.214,0.000,1.309,1.428,97878,9602,88276,247,25,25,6264192,254736,17,17,0
850,1.106,0.222,0.000,1.328,1.423,97878,9602,88276,247,25,25,6264192,254736,17,17,0
851,1.127,0.221,0.000,1.349,1.442,97878,9602,88276,247,25,25,6264192,254736,17,17,0
852,1.121,0.200,0.000,1.321,1.466,97878,9602,88276,247,25,25,6264192,254736,17,17,0
853,1.091,0.224,0.000,1.315,1.431,97878,9602,88276,247,25,25,6264192,254736,17,17,0
854,1.113,0.255,0.000,1.369,1.428,97878,9602,88276,247,25,25,6264192,254736,17,17,0
855,1.083,0.239,0.000,1.322,1.480,97878,9602,88276,247,25,25,6264192,254736,17,17,0
856,1.104,0.247,0.000,1.351,1.431,97878,9602,88276,247,25,25,6264192,254736,17,17,0
857,1.101,0.197,0.000,1.298,1.464,97878,9602,88276,247,25,25,6264192,254736,17,17,0
858,1.110,0.235,0.000,1.345,1.408,97878,9602,88276,247,25,25,6264192,254736,17,17,0
859,1.098,0.224,0.000,1.323,1.456,97878,9602,88276,247,25,25,6264192,254736,17,17,0
860,1.087,0.230,0.000,1.317,1.433,97878,9602,88276,247,25,25,6264192,254736,17,17,0
861,1.095,0.203,0.000,1.298,1.423,97878,9602,88276,247,25,25,6264192,254736,17,17,0
862,1.150,0.227,0.000,1.377,1.406,97878,9602,88276,247,25,25,6264192,254736,17,17,0
863,1.102,0.220,0.000,1.322,1.483,97878,9602,88276,247,25,25,6264192,254736,17,17,0
864,1.109,0.224,0.000,1.333,1.434,97878,9602,88276,247,25,25,6264192,254736,17,17,0
865,1.103,0.228,0.000,1.331,1.444,97878,9602,88276,247,25,25,6264192,254736,17,17,0
866,1.106,0.219,0.000,1.325,1.442,97878,9602,88276,247,25,25,6264192,254736,17,17,0
867,1.109,0.232,0.000,1.341,1.434,97878,9602,88276,247,25,25,6264192,254736,17,17,0
868,1.127,0.213,0.000,1.340,1.455,97878,9602,88276,247,25,25,6264192,254736,17,17,0
869,1.104,0.219,0.000,1.323,1.451,97878,9602,88276,247,25,25,6264192,254736,17,17,0
870,1.088,0.237,0.000,1.325,1.434,97878,9602,88276,247,25,25,6264192,254736,17,17,0
871,1.078,0.238,0.000,1.316,1.436,97878,9602,88276,247,25,25,6264192,254736,17,17,0
872,1.109,0.246,0.000,1.355,1.428,97878,9602,88276,247,25,25,6264192,254736,17,17,0
873,1.094,0.229,0.000,1.323,1.466,97878,9602,88276,247,25,25,6264192,254736,17,17,0
874,1.130,0.192,0.000,1.322,1.434,97878,9602,88276,247,25,25,6264192,254736,17,17,0
875,1.102,0.233,0.000,1.335,1.435,97878,9602,88276,247,25,25,6264192,254736,17,17,0
876,1.089,0.214,0.000,1.303,1.440,97878,9602,88276,247,25,25,6264192,254736,17,17,0
877,1.157,0.248,0.000,1.405,1.415,97878,9602,88276,247,25,25,6264192,254736,17,17,0
878,1.105,0.232,0.000,1.338,1.519,97878,9602,88276,247,25,25,6264192,254736,17,17,0
879,1.116,0.235,0.000,1.351,1.448,97878,9602,88276,247,25,25,6264192,254736,17,17,0
880,1.140,0.209,0.000,1.349,1.463,97878,9602,88276,247,25,25,6264192,254736,17,17,0
881,1.095,0.227,0.000,1.322,1.459,97878,9602,88276,247,25,25,6264192,254736,17,17,0
882,1.073,0.241,0.000,1.314,1.435,97878,9602,88276,247,25,25,6264192,254736,17,17,0
883,1.078,0.240,0.000,1.317,1.426,97878,9602,88276,247,25,25,6264192,254736,17,17,0
884,1.104,0.226,0.000,1.330,1.424,97878,9602,88276,247,25,25,6264192,254736,17,17,0
885,1.084,0.213,0.000,1.297,1.442,97878,9602,88276,247,25,25,6264192,254736,17,17,0
886,1.146,0.208,0.000,1.354,1.408,97878,9602,88276,247,25,25,6264192,254736,17,17,0
887,1.116,0.217,0.000,1.333,1.462,97878,9602,88276,247,25,25,6264192,254736,17,17,0
888,1.107,0.226,0.000,1.333,1.442,97878,9602,88276,247,25,25,6264192,254736,17,17,0
889,1.090,0.232,0.000,1.322,1.444,97878,9602,88276,247,25,25,6264192,254736,17,17,0
890,1.085,0.234,0.000,1.318,1.427,97878,9602,88276,247,25,25,6264192,254736,17,17,0
891,1.106,0.227,0.000,1.334,1.429,97878,9602,88276,247,25,25,6264192,254736,17,17,0
892,1.118,0.215,0.000,1.333,1.447,97878,9602,88276,247,25,25,6264192,254736,17,17,0
893,1.084,0.221,0.000,1.305,1.446,97878,9602,88276,247,25,25,6264192,254736,17,17,0
894,1.096,0.225,0.000,1.321,1.411,97878,9602,88276,247,25,25,6264192,254736,17,17,0
895,1.100,0.251,0.000,1.351,1.431,97878,9602,88276,247,25,25,6264192,254736,17,17,0
896,1.112,0.258,0.000,1.369,1.464,97878,9602,88276,247,25,25,6264192,254736,17,17,0
897,1.113,0.220,0.000,1.333,1.480,97878,9602,88276,247,25,25,6264192,254736,17,17,0
898,1.121,0.231,0.000,1.352,1.440,97878,9602,88276,247,25,25,6264192,254736,17,17,0
899,1.074,0.234,0.000,1.308,1.464,97878,9602,88276,247,25,25,6264192,254736,17,17,0
900,1.087,0.224,0.000,1.311,1.420,97878,9602,88276,247,25,25,6264192,254736,17,17,0
901,1.084,0.191,0.000,1.275,1.419,97878,9602,88276,247,25,25,6264192,254736,17,17,0
902,1.111,0.237,0.000,1.348,1.383,97878,9602,88276,247,25,25,6264192,254736,17,17,0
903,1.141,0.192,0.000,1.333,1.460,97878,9602,88276,247,25,25,6264192,254736,17,17,0
904,1.133,0.229,0.000,1.362,1.446,97878,9602,88276,247,25,25,6264192,254736,17,17,0
905,1.083,0.236,0.000,1.319,1.472,97878,9602,88276,247,25,25,6264192,254736,17,17,0
906,1.102,0.214,0.000,1.316,1.430,97878,9602,88276,247,25,25,6264192,254736,17,17,0
907,1.104,0.244,0.000,1.348,1.429,97878,9602,88276,247,25,25,6264192,254736,17,17,0
908,1.103,0.220,0.000,1.323,1.455,97878,9602,88276,247,25,25,6264192,254736,17,17,0
909,1.121,0.226,0.000,1.347,1.434,97878,9602,88276,247,25,25,6264192,254736,17,17,0
910,1.119,0.226,0.000,1.345,1.461,97878,9602,88276,247,25,25,6264192,254736,17,17,0
911,1.084,0.244,0.000,1.327,1.457,97878,9602,88276,247,25,25,6264192,254736,17,17,0
912,1.095,0.221,0.000,1.316,1.440,97878,9602,88276,247,25,25,6264192,254736,17,17,0
913,1.102,0.218,0.000,1.321,1.422,97878,9602,88276,247,25,25,6264192,254736,17,17,0
914,1.130,0.236,0.000,1.366,1.434,97878,9602,88276,247,25,25,6264192,254736,17,17,0
915,1.113,0.232,0.000,1.346,1.476,97878,9602,88276,247,25,25,6264192,254736,17,17,0
916,1.144,0.235,0.000,1.380,1.451,97878,9602,88276,247,25,25,6264192,254736,17,17,0
917,1.108,0.228,0.000,1.336,1.489,97878,9602,88276,247,25,25,6264192,254736,17,17,0
918,1.101,0.229,0.000,1.331,1.442,97878,9602,88276,247,25,25,6264192,254736,17,17,0
919,1.085,0.227,0.000,1.312,1.443,97878,9602,88276,247,25,25,6264192,254736,17,17,0
920,1.121,0.227,0.000,1.348,1.425,97878,9602,88276,247,25,25,6264192,254736,17,17,0
921,1.109,0.235,0.000,1.344,1.459,97878,9602,88276,247,25,25,6264192,254736,17,17,0
922,1.109,0.240,0.000,1.349,1.456,97878,9602,88276,247,25,25,6264192,254736,17,17,0
923,1.093,0.230,0.000,1.322,1.457,97878,9602,88276,247,25,25,6264192,254736,17,17,0
924,1.082,0.229,0.000,1.312,1.435,97878,9602,88276,247,25,25,6264192,254736,17,17,0
925,1.105,0.234,0.000,1.339,1.417,97878,9602,88276,247,25,25,6264192,254736,17,17,0
926,1.119,0.236,0.000,1.355,1.450,97878,9602,88276,247,25,25,6264192,254736,17,17,0
927,1.107,0.224,0.000,1.331,1.467,97878,9602,88276,247,25,25,6264192,254736,17,17,0
928,1.105,0.224,0.000,1.329,1.444,97878,9602,88276,247,25,25,6264192,254736,17,17,0
929,1.078,0.218,0.000,1.296,1.438,97878,9602,88276,247,25,25,6264192,254736,17,17,0
930,1.132,0.241,0.000,1.373,1.407,97878,9602,88276,247,25,25,6264192,254736,17,17,0
931,1.131,0.236,0.000,1.366,1.487,97878,9602,88276,247,25,25,6264192,254736,17,17,0
932,1.115,0.223,0.000,1.338,1.476,97878,9602,88276,247,25,25,6264192,254736,17,17,0
933,1.110,0.236,0.000,1.346,1.444,97878,9602,88276,247,25,25,6264192,254736,17,17,0
934,1.096,0.226,0.000,1.322,1.458,97878,9602,88276,247,25,25,6264192,254736,17,17,0
935,1.092,0.240,0.000,1.332,1.436,97878,9602,88276,247,25,25,6264192,254736,17,17,0
936,1.109,0.221,0.000,1.330,1.442,97878,9602,88276,247,25,25,6264192,254736,17,17,0
937,1.119,0.208,0.000,1.327,1.440,97878,9602,88276,247,25,25,6264192,254736,17,17,0
938,1.117,0.209,0.000,1.326,1.445,97878,9602,88276,247,25,25,6264192,254736,17,17,0
939,1.111,0.216,0.000,1.327,1.438,97878,9602,88276,247,25,25,6264192,254736,17,17,0
940,1.110,0.248,0.000,1.358,1.437,97878,9602,88276,247,25,25,6264192,254736,17,17,0
941,1.081,0.239,0.000,1.320,1.473,97878,9602,88276,247,25,25,6264192,254736,17,17,0
942,1.094,0.233,0.000,1.327,1.432,97878,9602,88276,247,25,25,6264192,254736,17,17,0
943,1.107,0.220,0.000,1.327,1.437,97878,9602,88276,247,25,25,6264192,254736,17,17,0
944,1.125,0.225,0.000,1.350,1.437,97878,9602,88276,247,25,25,6264192,254736,17,17,0
945,1.084,0.238,0.000,1.323,1.463,97878,9602,88276,247,25,25,6264192,254736,17,17,0
946,1.089,0.230,0.000,1.319,1.432,97878,9602,88276,247,25,25,6264192,254736,17,17,0
947,1.090,0.230,0.000,1.320,1.430,97878,9602,88276,247,25,25,6264192,254736,17,17,0
948,1.112,0.211,0.000,1.324,1.426,97878,9602,88276,247,25,25,6264192,254736,17,17,0
949,1.099,0.230,0.000,1.329,1.439,97878,9602,88276,247,25,25,6264192,254736,17,17,0
950,1.106,0.227,0.000,1.334,1.442,97878,9602,88276,247,25,25,6264192,254736,17,17,0
951,1.111,0.226,0.000,1.338,1.446,97878,9602,88276,247,25,25,6264192,254736,17,17,0
952,1.093,0.232,0.000,1.325,1.450,97878,9602,88276,247,25,25,6264192,254736,17,17,0
953,1.110,0.220,0.000,1.330,1.437,97878,9602,88276,247,25,25,6264192,254736,17,17,0
954,1.146,0.206,0.000,1.352,1.438,97878,9602,88276,247,25,25,6264192,254736,17,17,0
955,1.101,0.225,0.000,1.326,1.468,97878,9602,88276,247,25,25,6264192,254736,17,17,0
956,1.069,0.213,0.000,1.281,1.431,97878,9602,88276,247,25,25,6264192,254736,17,17,0
957,1.066,0.216,0.000,1.281,1.394,97878,9602,88276,247,25,25,6264192,254736,17,17,0
958,1.054,0.228,0.000,1.282,1.395,97878,9602,88276,247,25,25,6264192,254736,17,17,0
959,1.042,0.218,0.000,1.260,1.387,97878,9602,88276,247,25,25,6264192,254736,17,17,0
960,1.070,0.208,0.000,1.278,1.364,97878,9602,88276,247,25,25,6264192,254736,17,17,0
961,1.036,0.205,0.000,1.241,1.385,97878,9602,88276,247,25,25,6264192,254736,17,17,0
962,1.103,0.199,0.000,1.302,1.349,97878,9602,88276,247,25,25,6264192,254736,17,17,0
963,1.065,0.225,0.000,1.290,1.412,97878,9602,88276,247,25,25,6264192,254736,17,17,0
964,1.095,0.220,0.000,1.315,1.397,97878,9602,88276,247,25,25,6264192,254736,17,17,0
965,1.020,0.234,0.000,1.255,1.426,97878,9602,88276,247,25,25,6264192,254736,17,17,0
966,1.053,0.209,0.000,1.263,1.361,97878,9602,88276,247,25,25,6264192,254736,17,17,0
967,1.046,0.207,0.000,1.253,1.376,97878,9602,88276,247,25,25,6264192,254736,17,17,0
968,1.025,0.204,0.000,1.229,1.363,97878,9602,88276,247,25,25,6264192,254736,17,17,0
969,1.015,0.265,0.000,1.281,1.339,97878,9602,88276,247,25,25,6264192,254736,17,17,0
970,1.064,0.289,0.000,1.353,1.407,97878,9602,88276,247,25,25,6264192,254736,17,17,0
971,1.048,0.251,0.000,1.299,1.471,97878,9602,88276,247,25,25,6264192,254736,17,17,0
972,1.070,0.223,0.000,1.294,1.410,97878,9602,88276,247,25,25,6264192,254736,17,17,0
973,1.058,0.221,0.000,1.279,1.406,97878,9602,88276,247,25,25,6264192,254736,17,17,0
974,1.045,0.212,0.000,1.257,1.391,97878,9602,88276,247,25,25,6264192,254736,17,17,0
975,1.035,0.216,0.000,1.251,1.365,97878,9602,88276,247,25,25,6264192,254736,17,17,0
976,1.060,0.233,0.000,1.292,1.367,97878,9602,88276,247,25,25,6264192,254736,17,17,0
977,1.079,0.439,0.000,1.518,1.404,97878,9602,88276,247,25,25,6264192,254736,17,17,0
978,1.108,0.326,0.000,1.435,1.647,97878,9602,88276,247,25,25,6264192,254736,17,17,0
979,1.078,0.227,0.000,1.304,1.545,97878,9602,88276,247,25,25,6264192,254736,17,17,0
980,1.035,0.223,0.000,1.258,1.421,97878,9602,88276,247,25,25,6264192,254736,17,17,0
981,1.026,0.233,0.000,1.259,1.374,97878,9602,88276,247,25,25,6264192,254736,17,17,0
982,1.044,0.203,0.000,1.247,1.372,97878,9602,88276,247,25,25,6264192,254736,17,17,0
983,1.053,0.239,0.000,1.292,1.361,97878,9602,88276,247,25,25,6264192,254736,17,17,0
984,1.068,0.214,0.000,1.282,1.407,97878,9602,88276,247,25,25,6264192,254736,17,17,0
985,1.045,0.204,0.000,1.249,1.393,97878,9602,88276,247,25,25,6264192,254736,17,17,0
986,1.247,0.408,0.000,1.656,1.363,97878,9602,88276,247,25,25,6264192,254736,17,17,0
987,1.195,0.317,0.000,1.512,1.775,97878,9602,88276,247,25,25,6264192,254736,17,17,0
988,1.136,0.295,0.000,1.430,1.622,97878,9602,88276,247,25,25,6264192,254736,17,17,0
989,1.114,0.371,0.004,1.489,1.528,97878,9602,88276,247,25,25,6264192,254736,17,17,0
990,1.250,0.298,0.000,1.548,1.604,97878,9602,88276,247,25,25,6264192,254736,17,17,0
991,1.235,0.273,0.000,1.508,1.662,97878,9602,88276,247,25,25,6264192,254736,17,17,0
992,1.150,0.229,0.000,1.379,1.623,97878,9602,88276,247,25,25,6264192,254736,17,17,0
993,1.099,0.247,0.000,1.346,1.503,97878,9602,88276,247,25,25,6264192,254736,17,17,0
994,1.112,0.242,0.000,1.354,1.465,97878,9602,88276,247,25,25,6264192,254736,17,17,0
995,1.131,0.208,0.000,1.338,1.465,97878,9602,88276,247,25,25,6264192,254736,17,17,0
996,1.131,0.234,0.000,1.365,1.452,97878,9602,88276,247,25,25,6264192,254736,17,17,0
997,1.084,0.261,0.000,1.345,1.473,97878,9602,88276,247,25,25,6264192,254736,17,17,0
998,1.090,0.220,0.000,1.310,1.456,97878,9602,88276,247,25,25,6264192,254736,17,17,0
999,1.064,0.218,0.000,1.282,1.422,97878,9602,88276,247,25,25,6264192,254736,17,17,0
1000,1.096,0.214,0.000,1.310,1.396,97878,9602,88276,247,25,25,6264192,254736,17,17,0
1001,1.076,0.207,0.000,1.283,1.416,97878,9602,88276,247,25,25,6264192,254736,17,17,0
1002,1.080,0.213,0.000,1.293,1.391,97878,9602,88276,247,25,25,6264192,254736,17,17,0
1003,1.052,0.233,0.000,1.285,1.403,97878,9602,88276,247,25,25,6264192,254736,17,17,0
1004,1.060,0.284,0.000,1.344,1.390,97878,9602,88276,247,25,25,6264192,254736,17,17,0
1005,1.094,0.235,0.000,1.329,1.459,97878,9602,88276,247,25,25,6264192,254736,17,17,0
1006,1.084,0.216,0.000,1.300,1.441,97878,9602,88276,247,25,25,6264192,254736,17,17,0
1007,1.097,0.217,0.000,1.314,1.409,97878,9602,88276,247,25,25,6264192,254736,17,17,0
1008,1.155,0.214,0.000,1.370,1.422,97878,9602,88276,247,25,25,6264192,254736,17,17,0
1009,1.082,0.223,0.000,1.305,1.480,97878,9602,88276,247,25,25,6264192,254736,17,17,0
1010,1.075,0.221,0.000,1.297,1.416,97878,9602,88276,247,25,25,6264192,254736,17,17,0
1011,1.069,0.228,0.000,1.297,1.409,97878,9602,88276,247,25,25,6264192,254736,17,17,0
1012,1.061,0.213,0.000,1.274,1.404,97878,9602,88276,247,25,25,6264192,254736,17,17,0
1013,1.085,0.214,0.000,1.299,1.388,97878,9602,88276,247,25,25,6264192,254736,17,17,0
1014,1.086,0.208,0.000,1.294,1.414,97878,9602,88276,247,25,25,6264192,254736,17,17,0
1015,1.066,0.212,0.000,1.277,1.409,97878,9602,88276,247,25,25,6264192,254736,17,17,0
1016,1.038,0.219,0.000,1.257,1.389,97878,9602,88276,247,25,25,6264192,254736,17,17,0
1017,1.046,0.218,0.000,1.265,1.373,97878,9602,88276,247,25,25,6264192,254736,17,17,0
1018,1.051,0.231,0.000,1.282,2.255,97878,9602,88276,247,25,25,6264192,254736,17,17,0
1019,1.076,0.210,0.000,1.286,1.407,97878,9602,88276,247,25,25,6264192,254736,17,17,0
1020,1.100,0.229,0.000,1.330,1.395,97878,9602,88276,247,25,25,6264192,254736,17,17,0
1021,1.046,0.209,0.000,1.255,1.443,97878,9602,88276,247,25,25,6264192,254736,17,17,0
1022,1.053,0.219,0.000,1.272,1.362,97878,9602,88276,247,25,25,6264192,254736,17,17,0
1023,1.027,0.216,0.000,1.243,1.382,97878,9602,88276,247,25,25,6264192,254736,17,17,0
1024,1.044,0.206,0.000,1.250,1.357,97878,9602,88276,247,25,25,6264192,254736,17,17,0
1025,1.088,0.213,0.000,1.301,1.361,97878,9602,88276,247,25,25,6264192,254736,17,17,0
1026,1.062,0.221,0.000,1.283,1.408,97878,9602,88276,247,25,25,6264192,254736,17,17,0
1027,1.057,0.211,0.000,1.269,1.386,97878,9602,88276,247,25,25,6264192,254736,17,17,0
1028,1.062,0.218,0.000,1.280,1.381,97878,9602,88276,247,25,25,6264192,254736,17,17,0
1029,1.057,0.210,0.000,1.266,1.391,97878,9602,88276,247,25,25,6264192,254736,17,17,0
1030,1.059,0.207,0.000,1.266,1.400,97878,9602,88276,247,25,25,6264192,254736,17,17,0
1031,1.066,0.208,0.000,1.275,1.378,97878,9602,88276,247,25,25,6264192,254736,17,17,0
1032,1.025,0.214,0.000,1.239,1.390,97878,9602,88276,247,25,25,6264192,254736,17,17,0
1033,1.046,0.219,0.000,1.264,1.355,97878,9602,88276,247,25,25,6264192,254736,17,17,0
1034,1.039,0.215,0.000,1.254,1.375,97878,9602,88276,247,25,25,6264192,254736,17,17,0
1035,1.053,0.211,0.000,1.263,1.358,97878,9602,88276,247,25,25,6264192,254736,17,17,0
1036,1.063,0.208,0.000,1.272,1.374,97878,9602,88276,247,25,25,6264192,254736,17,17,0
1037,1.050,0.204,0.000,1.254,1.383,97878,9602,88276,247,25,25,6264192,254736,17,17,0
1038,1.013,0.211,0.000,1.224,1.367,97878,9602,88276,247,25,25,6264192,254736,17,17,0
1039,1.064,0.227,0.000,1.291,1.332,97878,9602,88276,247,25,25,6264192,254736,17,17,0
1040,1.035,0.223,0.000,1.259,1.395,97878,9602,88276,247,25,25,6264192,254736,17,17,0
1041,1.061,0.211,0.000,1.272,1.366,97878,9602,88276,247,25,25,6264192,254736,17,17,0
1042,1.080,0.216,0.000,1.296,1.379,97878,9602,88276,247,25,25,6264192,254736,17,17,0
1043,1.087,0.215,0.000,1.302,1.405,97878,9602,88276,247,25,25,6264192,254736,17,17,0
1044,1.103,0.211,0.000,1.314,1.413,97878,9602,88276,247,25,25,6264192,254736,17,17,0
1045,1.036,0.215,0.000,1.250,1.423,97878,9602,88276,247,25,25,6264192,254736,17,17,0
1046,1.024,0.220,0.000,1.244,1.358,97878,9602,88276,247,25,25,6264192,254736,17,17,0
1047,1.060,0.208,0.000,1.269,1.359,97878,9602,88276,247,25,25,6264192,254736,17,17,0
1048,1.062,0.223,0.000,1.285,1.381,97878,9602,88276,247,25,25,6264192,254736,17,17,0
1049,1.103,0.258,0.000,1.361,1.393,97878,9602,88276,247,25,25,6264192,254736,17,17,0
1050,1.167,0.278,0.000,1.445,1.493,97878,9602,88276,247,25,25,6264192,254736,17,17,0
1051,1.130,0.286,0.000,1.416,1.546,97878,9602,88276,247,25,25,6264192,254736,17,17,0
1052,1.170,0.245,0.000,1.415,1.522,97878,9602,88276,247,25,25,6264192,254736,17,17,0
1053,1.135,0.239,0.000,1.374,1.513,97878,9602,88276,247,25,25,6264192,254736,17,17,0
1054,1.122,0.236,0.000,1.358,1.474,97878,9602,88276,247,25,25,6264192,254736,17,17,0
1055,1.100,0.235,0.000,1.335,1.457,97878,9602,88276,247,25,25,6264192,254736,17,17,0
1056,1.111,0.233,0.000,1.344,1.427,97878,9602,88276,247,25,25,6264192,254736,17,17,0
1057,1.111,0.238,0.000,1.350,1.440,97878,9602,88276,247,25,25,6264192,254736,17,17,0
1058,1.085,0.224,0.000,1.309,1.438,97878,9602,88276,247,25,25,6264192,254736,17,17,0
1059,1.115,0.239,0.000,1.354,1.405,97878,9602,88276,247,25,25,6264192,254736,17,17,0
1060,1.069,0.214,0.000,1.283,1.445,97878,9602,88276,247,25,25,6264192,254736,17,17,0
1061,1.082,0.228,0.000,1.309,1.377,97878,9602,88276,247,25,25,6264192,254736,17,17,0
1062,1.109,0.230,0.000,1.339,1.402,97878,9602,88276,247,25,25,6264192,254736,17,17,0
1063,1.097,0.211,0.000,1.308,1.435,97878,9602,88276,247,25,25,6264192,254736,17,17,0
1064,1.156,0.220,0.000,1.376,1.417,97878,9602,88276,247,25,25,6264192,254736,17,17,0
1065,1.141,0.211,0.000,1.352,1.485,97878,9602,88276,247,25,25,6264192,254736,17,17,0
1066,1.124,0.244,0.000,1.369,1.460,97878,9602,88276,247,25,25,6264192,254736,17,17,0
1067,1.104,0.232,0.000,1.336,1.483,97878,9602,88276,247,25,25,6264192,254736,17,17,0
1068,1.090,0.260,0.000,1.350,1.449,97878,9602,88276,247,25,25,6264192,254736,17,17,0
1069,1.076,0.223,0.000,1.300,1.461,97878,9602,88276,247,25,25,6264192,254736,17,17,0
1070,1.148,0.232,0.000,1.381,1.410,97878,9602,88276,247,25,25,6264192,254736,17,17,0
1071,1.135,0.241,0.000,1.376,1.492,97878,9602,88276,247,25,25,6264192,254736,17,17,0
1072,1.131,0.220,0.000,1.350,1.489,97878,9602,88276,247,25,25,6264192,254736,17,17,0
1073,1.100,0.231,0.000,1.331,1.463,97878,9602,88276,247,25,25,6264192,254736,17,17,0
1074,1.099,0.251,0.000,1.350,1.442,97878,9602,88276,247,25,25,6264192,254736,17,17,0
1075,1.111,0.232,0.000,1.343,1.466,97878,9602,88276,247,25,25,6264192,254736,17,17,0
1076,1.136,0.252,0.000,1.388,1.451,97878,9602,88276,247,25,25,6264192,254736,17,17,0
1077,1.125,0.232,0.000,1.357,1.495,97878,9602,88276,247,25,25,6264192,254736,17,17,0
1078,1.141,0.232,0.000,1.373,1.463,97878,9602,88276,247,25,25,6264192,254736,17,17,0
1079,1.124,0.223,0.000,1.347,1.485,97878,9602,88276,247,25,25,6264192,254736,17,17,0
1080,1.070,0.210,0.000,1.280,1.458,97878,9602,88276,247,25,25,6264192,254736,17,17,0
1081,1.134,0.199,0.000,1.333,1.390,97878,9602,88276,247,25,25,6264192,254736,17,17,0
1082,1.134,0.219,0.000,1.354,1.445,97878,9602,88276,247,25,25,6264192,254736,17,17,0
1083,1.122,0.211,0.000,1.333,1.467,97878,9602,88276,247,25,25,6264192,254736,17,17,0
1084,1.117,0.214,0.000,1.331,1.444,97878,9602,88276,247,25,25,6264192,254736,17,17,0
1085,1.097,0.202,0.000,1.300,1.439,97878,9602,88276,247,25,25,6264192,254736,17,17,0
1086,1.140,0.226,0.000,1.365,1.413,97878,9602,88276,247,25,25,6264192,254736,17,17,0
1087,1.129,0.207,0.000,1.336,1.476,97878,9602,88276,247,25,25,6264192,254736,17,17,0
1088,1.124,0.230,0.000,1.354,1.448,97878,9602,88276,247,25,25,6264192,254736,17,17,0
1089,1.130,0.217,0.000,1.346,1.468,97878,9602,88276,247,25,25,6264192,254736,17,17,0
1090,1.090,0.222,0.000,1.313,1.454,97878,9602,88276,247,25,25,6264192,254736,17,17,0
1091,1.109,0.242,0.000,1.351,1.425,97878,9602,88276,247,25,25,6264192,254736,17,17,0
1092,1.097,0.237,0.000,1.334,1.461,97878,9602,88276,247,25,25,6264192,254736,17,17,0
1093,1.131,0.245,0.000,1.376,1.448,97878,9602,88276,247,25,25,6264192,254736,17,17,0
1094,1.124,0.242,0.000,1.366,1.488,97878,9602,88276,247,25,25,6264192,254736,17,17,0
1095,1.115,0.232,0.000,1.347,1.474,97878,9602,88276,247,25,25,6264192,254736,17,17,0
1096,1.097,0.240,0.000,1.337,1.460,97878,9602,88276,247,25,25,6264192,254736,17,17,0
1097,1.112,0.241,0.000,1.353,1.449,97878,9602,88276,247,25,25,6264192,254736,17,17,0
1098,1.097,0.290,0.000,1.387,1.464,97878,9602,88276,247,25,25,6264192,254736,17,17,0
1099,1.168,0.288,0.000,1.456,1.504,97878,9602,88276,247,25,25,6264192,254736,17,17,0
1100,1.141,0.233,0.000,1.375,1.569,97878,9602,88276,247,25,25,6264192,254736,17,17,0
1101,1.133,0.256,0.000,1.389,1.487,97878,9602,88276,247,25,25,6264192,254736,17,17,0
1102,1.125,0.239,0.000,1.364,1.499,97878,9602,88276,247,25,25,6264192,254736,17,17,0
1103,1.106,0.237,0.000,1.344,1.474,97878,9602,88276,247,25,25,6264192,254736,17,17,0
1104,1.147,0.245,0.000,1.392,1.457,97878,9602,88276,247,25,25,6264192,254736,17,17,0
1105,1.113,0.240,0.000,1.353,1.503,97878,9602,88276,247,25,25,6264192,254736,17,17,0
1106,1.108,0.218,0.000,1.326,1.465,97878,9602,88276,247,25,25,6264192,254736,17,17,0
1107,1.117,0.224,0.000,1.341,1.443,97878,9602,88276,247,25,25,6264192,254736,17,17,0
1108,1.098,0.256,0.000,1.354,1.452,97878,9602,88276,247,25,25,6264192,254736,17,17,0
1109,1.088,0.234,0.000,1.322,1.465,97878,9602,88276,247,25,25,6264192,254736,17,17,0
1110,1.153,0.245,0.000,1.398,1.432,97878,9602,88276,247,25,25,6264192,254736,17,17,0
1111,1.121,0.234,0.000,1.355,1.512,97878,9602,88276,247,25,25,6264192,254736,17,17,0
1112,1.107,0.230,0.000,1.337,1.466,97878,9602,88276,247,25,25,6264192,254736,17,17,0
1113,1.096,0.251,0.000,1.348,1.449,97878,9602,88276,247,25,25,6264192,254736,17,17,0
1114,1.096,0.239,0.000,1.334,1.460,97878,9602,88276,247,25,25,6264192,254736,17,17,0
1115,1.123,0.230,0.000,1.353,1.448,97878,9602,88276,247,25,25,6264192,254736,17,17,0
1116,1.162,0.217,0.000,1.379,1.465,97878,9602,88276,247,25,25,6264192,254736,17,17,0
1117,1.163,0.241,0.000,1.404,1.496,97878,9602,88276,247,25,25,6264192,254736,17,17,0
1118,1.127,0.238,0.000,1.365,1.518,97878,9602,88276,247,25,25,6264192,254736,17,17,0
1119,1.135,0.228,0.000,1.363,1.479,97878,9602,88276,247,25,25,6264192,254736,17,17,0
1120,1.078,0.262,0.000,1.341,1.475,97878,9602,88276,247,25,25,6264192,254736,17,17,0
1121,1.097,0.248,0.000,1.346,1.452,97878,9602,88276,247,25,25,6264192,254736,17,17,0
1122,1.103,0.247,0.000,1.350,1.457,97878,9602,88276,247,25,25,6264192,254736,17,17,0
1123,1.150,0.241,0.000,1.391,1.461,97878,9602,88276,247,25,25,6264192,254736,17,17,0
1124,1.128,0.210,0.000,1.338,1.500,97878,9602,88276,247,25,25,6264192,254736,17,17,0
1125,1.106,0.235,0.000,1.341,1.442,97878,9602,88276,247,25,25,6264192,254736,17,17,0
1126,1.112,0.252,0.000,1.364,1.445,97878,9602,88276,247,25,25,6264192,254736,17,17,0
1127,1.090,0.217,0.000,1.307,1.473,97878,9602,88276,247,25,25,6264192,254736,17,17,0
1128,1.098,0.213,0.000,1.310,1.419,97878,9602,88276,247,25,25,6264192,254736,17,17,0
1129,1.130,0.231,0.000,1.361,1.421,97878,9602,88276,247,25,25,6264192,254736,17,17,0
1130,1.095,0.235,0.000,1.330,1.471,97878,9602,88276,247,25,25,6264192,254736,17,17,0
1131,1.105,0.245,0.000,1.350,1.441,97878,9602,88276,247,25,25,6264192,254736,17,17,0
1132,1.087,0.232,0.000,1.319,1.463,97878,9602,88276,247,25,25,6264192,254736,17,17,0
1133,1.082,0.234,0.000,1.315,1.429,97878,9602,88276,247,25,25,6264192,254736,17,17,0
1134,1.127,0.253,0.000,1.380,1.426,97878,9602,88276,247,25,25,6264192,254736,17,17,0
1135,1.135,0.210,0.000,1.346,1.492,97878,9602,88276,247,25,25,6264192,254736,17,17,0
1136,1.093,0.234,0.000,1.327,1.459,97878,9602,88276,247,25,25,6264192,254736,17,17,0
1137,1.084,0.219,0.000,1.303,1.437,97878,9602,88276,247,25,25,6264192,254736,17,17,0
1138,1.073,0.215,0.000,1.288,1.413,97878,9602,88276,247,25,25,6264192,254736,17,17,0
1139,1.126,0.212,0.000,1.338,1.399,97878,9602,88276,247,25,25,6264192,254736,17,17,0
1140,1.119,0.239,0.000,1.357,1.451,97878,9602,88276,247,25,25,6264192,254736,17,17,0
1141,1.115,0.240,0.000,1.355,1.470,97878,9602,88276,247,25,25,6264192,254736,17,17,0
1142,1.105,0.226,0.000,1.331,1.471,97878,9602,88276,247,25,25,6264192,254736,17,17,0
1143,1.094,0.224,0.000,1.318,1.444,97878,9602,88276,247,25,25,6264192,254736,17,17,0
1144,1.086,0.243,0.000,1.329,1.429,97878,9602,88276,247,25,25,6264192,254736,17,17,0
1145,1.155,0.213,0.000,1.368,1.434,97878,9602,88276,247,25,25,6264192,254736,17,17,0
1146,1.148,0.248,0.000,1.397,1.475,97878,9602,88276,247,25,25,6264192,254736,17,17,0
1147,1.095,0.241,0.000,1.337,1.503,97878,9602,88276,247,25,25,6264192,254736,17,17,0
1148,1.112,0.233,0.000,1.345,1.449,97878,9602,88276,247,25,25,6264192,254736,17,17,0
1149,1.089,0.244,0.000,1.334,1.460,97878,9602,88276,247,25,25,6264192,254736,17,17,0
1150,1.102,0.259,0.000,1.361,1.436,97878,9602,88276,247,25,25,6264192,254736,17,17,0
1151,1.120,0.198,0.000,1.318,1.470,97878,9602,88276,247,25,25,6264192,254736,17,17,0
1152,1.123,0.219,0.000,1.342,1.430,97878,9602,88276,247,25,25,6264192,254736,17,17,0
1153,1.098,0.230,0.000,1.328,1.449,97878,9602,88276,247,25,25,6264192,254736,17,17,0
1154,1.099,0.226,0.000,1.325,1.437,97878,9602,88276,247,25,25,6264192,254736,17,17,0
1155,1.098,0.221,0.000,1.319,1.434,97878,9602,88276,247,25,25,6264192,254736,17,17,0
1156,1.079,0.232,0.000,1.311,1.433,97878,9602,88276,247,25,25,6264192,254736,17,17,0
1157,1.106,0.240,0.000,1.345,1.423,97878,9602,88276,247,25,25,6264192,254736,17,17,0
1158,1.114,0.241,0.000,1.354,1.458,97878,9602,88276,247,25,25,6264192,254736,17,17,0
1159,1.098,0.228,0.000,1.326,1.465,97878,9602,88276,247,25,25,6264192,254736,17,17,0
1160,1.107,0.254,0.000,1.362,1.444,97878,9602,88276,247,25,25,6264192,254736,17,17,0
1161,1.092,0.237,0.000,1.329,1.473,97878,9602,88276,247,25,25,6264192,254736,17,17,0
1162,1.104,0.237,0.000,1.340,1.437,97878,9602,88276,247,25,25,6264192,254736,17,17,0
1163,1.106,0.211,0.000,1.317,1.452,97878,9602,88276,247,25,25,6264192,254736,17,17,0
1164,1.135,0.216,0.000,1.351,1.426,97878,9602,88276,247,25,25,6264192,254736,17,17,0
1165,1.087,0.241,0.000,1.328,1.466,97878,9602,88276,247,25,25,6264192,254736,17,17,0
1166,1.103,0.234,0.000,1.337,1.443,97878,9602,88276,247,25,25,6264192,254736,17,17,0
1167,1.101,0.232,0.000,1.333,1.446,97878,9602,88276,247,25,25,6264192,254736,17,17,0
1168,1.103,0.214,0.000,1.317,1.440,97878,9602,88276,247,25,25,6264192,254736,17,17,0
1169,1.124,0.233,0.000,1.356,1.433,97878,9602,88276,247,25,25,6264192,254736,17,17,0
1170,1.117,0.223,0.000,1.340,1.467,97878,9602,88276,247,25,25,6264192,254736,17,17,0
1171,1.086,0.204,0.000,1.291,1.451,97878,9602,88276,247,25,25,6264192,254736,17,17,0
1172,1.114,0.234,0.000,1.348,1.402,97878,9602,88276,247,25,25,6264192,254736,17,17,0
1173,1.098,0.212,0.000,1.311,1.460,97878,9602,88276,247,25,25,6264192,254736,17,17,0
1174,1.119,0.213,0.000,1.332,1.423,97878,9602,88276,247,25,25,6264192,254736,17,17,0
1175,1.107,0.208,0.000,1.315,1.443,97878,9602,88276,247,25,25,6264192,254736,17,17,0
1176,1.093,0.248,0.000,1.341,1.429,97878,9602,88276,247,25,25,6264192,254736,17,17,0
1177,1.069,0.233,0.000,1.302,1.458,97878,9602,88276,247,25,25,6264192,254736,17,17,0
1178,1.091,0.233,0.000,1.325,1.416,97878,9602,88276,247,25,25,6264192,254736,17,17,0
1179,1.107,0.237,0.000,1.344,1.435,97878,9602,88276,247,25,25,6264192,254736,17,17,0
1180,1.130,0.212,0.000,1.342,1.454,97878,9602,88276,247,25,25,6264192,254736,17,17,0
1181,1.128,0.232,0.000,1.360,1.454,97878,9602,88276,247,25,25,6264192,254736,17,17,0
1182,1.084,0.230,0.000,1.314,1.473,97878,9602,88276,247,25,25,6264192,254736,17,17,0
1183,1.092,0.236,0.000,1.328,1.421,97878,9602,88276,247,25,25,6264192,254736,17,17,0
1184,1.091,0.239,0.000,1.330,1.442,97878,9602,88276,247,25,25,6264192,254736,17,17,0
1185,1.096,0.206,0.000,1.302,1.440,97878,9602,88276,247,25,25,6264192,254736,17,17,0
1186,1.114,0.218,0.000,1.332,1.416,97878,9602,88276,247,25,25,6264192,254736,17,17,0
1187,1.099,0.230,0.000,1.328,1.443,97878,9602,88276,247,25,25,6264192,254736,17,17,0
1188,1.086,0.227,0.000,1.313,1.442,97878,9602,88276,247,25,25,6264192,254736,17,17,0
1189,1.096,0.232,0.000,1.329,1.427,97878,9602,88276,247,25,25,6264192,254736,17,17,0
1190,1.110,0.253,0.000,1.363,1.431,97878,9602,88276,247,25,25,6264192,254736,17,17,0
1191,1.129,0.238,0.000,1.367,1.476,97878,9602,88276,247,25,25,6264192,254736,17,17,0
1192,1.110,0.208,0.000,1.318,1.479,97878,9602,88276,247,25,25,6264192,254736,17,17,0
1193,1.112,0.241,0.000,1.353,1.430,97878,9602,88276,247,25,25,6264192,254736,17,17,0
1194,1.095,0.230,0.000,1.325,1.461,97878,9602,88276,247,25,25,6264192,254736,17,17,0
1195,1.114,0.251,0.000,1.365,1.439,97878,9602,88276,247,25,25,6264192,254736,17,17,0
1196,1.108,0.237,0.000,1.344,1.475,97878,9602,88276,247,25,25,6264192,254736,17,17,0
1197,1.094,0.231,0.000,1.325,1.455,97878,9602,88276,247,25,25,6264192,254736,17,17,0
1198,1.107,0.246,0.000,1.353,1.438,97878,9602,88276,247,25,25,6264192,254736,17,17,0
1199,1.091,0.220,0.000,1.312,1.458,97878,9602,88276,247,25,25,6264192,254736,17,17,0
1200,1.094,0.239,0.000,1.334,1.424,97878,9602,88276,247,25,25,6264192,254736,17,17,0
