frame,update_ms,render_ms,swap_ms,frame_ms,loop_ms,total_vertices,visible_vertices,culled_vertices,total_batches,visible_batches,draw_calls,vbo_bytes,index_bytes,texture_binds,material_changes,reflection_passes
1,1.094,0.235,0.000,1.328,1.328,97878,9602,88276,247,25,25,6264192,254736,17,17,0
2,1.097,0.342,0.000,1.438,1.555,97878,9602,88276,247,25,25,6264192,254736,17,17,0
3,1.068,0.282,0.000,1.350,1.590,97878,9602,88276,247,25,25,6264192,254736,17,17,0
4,1.071,0.252,0.000,1.322,1.494,97878,9602,88276,247,25,25,6264192,254736,17,17,0
5,1.112,0.276,0.000,1.388,1.446,97878,9602,88276,247,25,25,6264192,254736,17,17,0
6,1.036,0.272,0.000,1.308,1.531,97878,9602,88276,247,25,25,6264192,254736,17,17,0
7,1.080,0.243,0.000,1.323,1.444,97878,9602,88276,247,25,25,6264192,254736,17,17,0
8,1.074,0.273,0.000,1.347,1.469,97878,9602,88276,247,25,25,6264192,254736,17,17,0
9,1.083,0.262,0.000,1.345,1.487,97878,9602,88276,247,25,25,6264192,254736,17,17,0
10,1.081,0.277,0.000,1.358,1.493,97878,9602,88276,247,25,25,6264192,254736,17,17,0
11,1.086,0.260,0.000,1.346,1.510,97878,9602,88276,247,25,25,6264192,254736,17,17,0
12,1.061,0.189,0.000,1.250,1.487,97878,9602,88276,247,25,25,6264192,254736,17,17,0
13,1.130,0.317,0.000,1.447,1.378,97878,9602,88276,247,25,25,6264192,254736,17,17,0
14,1.079,0.263,0.000,1.342,1.598,97878,9602,88276,247,25,25,6264192,254736,17,17,0
15,1.064,0.266,0.000,1.331,1.488,97878,9602,88276,247,25,25,6264192,254736,17,17,0
16,1.077,0.212,0.000,1.289,1.469,97878,9602,88276,247,25,25,6264192,254736,17,17,0
17,1.063,0.262,0.000,1.325,1.419,97878,9602,88276,247,25,25,6264192,254736,17,17,0
18,1.056,0.344,0.000,1.400,1.481,97878,9602,88276,247,25,25,6264192,254736,17,17,0
19,1.081,0.314,0.000,1.395,1.555,97878,9602,88276,247,25,25,6264192,254736,17,17,0
20,1.099,0.268,0.000,1.367,1.554,97878,9602,88276,247,25,25,6264192,254736,17,17,0
21,1.052,0.269,0.000,1.321,1.515,97878,9602,88276,247,25,25,6264192,254736,17,17,0
22,1.079,0.208,0.000,1.286,1.466,97878,9602,88276,247,25,25,6264192,254736,17,17,0
23,1.062,0.257,0.000,1.319,1.411,97878,9602,88276,247,25,25,6264192,254736,17,17,0
24,1.096,0.331,0.000,1.427,1.467,97878,9602,88276,247,25,25,6264192,254736,17,17,0
25,1.068,0.206,0.000,1.274,1.570,97878,9602,88276,247,25,25,6264192,254736,17,17,0
26,1.079,0.251,0.000,1.330,1.399,97878,9602,88276,247,25,25,6264192,254736,17,17,0
27,1.106,0.333,0.000,1.439,1.480,97878,9602,88276,247,25,25,6264192,254736,17,17,0
28,1.079,0.251,0.000,1.330,1.571,97878,9602,88276,247,25,25,6264192,254736,17,17,0
29,1.063,0.257,0.000,1.319,1.459,97878,9602,88276,247,25,25,6264192,254736,17,17,0
30,1.062,0.265,0.000,1.327,1.467,97878,9602,88276,247,25,25,6264192,254736,17,17,0
31,1.074,0.286,0.000,1.360,1.476,97878,9602,88276,247,25,25,6264192,254736,17,17,0
32,1.083,0.203,0.000,1.286,1.505,97878,9602,88276,247,25,25,6264192,254736,17,17,0
33,1.069,0.231,0.000,1.300,1.402,97878,9602,88276,247,25,25,6264192,254736,17,17,0
34,1.102,0.248,0.000,1.350,1.423,97878,9602,88276,247,25,25,6264192,254736,17,17,0
35,1.103,0.250,0.000,1.352,1.488,97878,9602,88276,247,25,25,6264192,254736,17,17,0
36,1.129,0.238,0.000,1.368,1.493,97878,9602,88276,247,25,25,6264192,254736,17,17,0
37,1.097,0.214,0.000,1.311,1.510,97878,9602,88276,247,25,25,6264192,254736,17,17,0
38,1.093,0.249,0.000,1.342,1.446,97878,9602,88276,247,25,25,6264192,254736,17,17,0
39,1.052,0.333,0.000,1.385,1.485,97878,9602,88276,247,25,25,6264192,254736,17,17,0
40,1.081,0.234,0.000,1.315,1.537,97878,9602,88276,247,25,25,6264192,254736,17,17,0
41,1.106,0.195,0.000,1.301,1.458,97878,9602,88276,247,25,25,6264192,254736,17,17,0
42,1.042,0.238,0.000,1.280,1.427,97878,9602,88276,247,25,25,6264192,254736,17,17,0
43,1.079,0.324,0.000,1.402,1.411,97878,9602,88276,247,25,25,6264192,254736,17,17,0
44,1.048,0.253,0.000,1.301,1.548,97878,9602,88276,247,25,25,6264192,254736,17,17,0
45,1.071,0.202,0.000,1.273,1.445,97878,9602,88276,247,25,25,6264192,254736,17,17,0
46,1.074,0.247,0.000,1.322,1.391,97878,9602,88276,247,25,25,6264192,254736,17,17,0
47,1.129,0.336,0.000,1.465,1.452,97878,9602,88276,247,25,25,6264192,254736,17,17,0
48,1.067,0.198,0.000,1.265,1.610,97878,9602,88276,247,25,25,6264192,254736,17,17,0
49,1.062,0.268,0.000,1.330,1.369,97878,9602,88276,247,25,25,6264192,254736,17,17,0
50,1.101,0.349,0.000,1.451,1.431,97878,9602,88276,247,25,25,6264192,254736,17,17,0
51,1.118,0.300,0.000,1.418,1.579,97878,9602,88276,247,25,25,6264192,254736,17,17,0
52,1.088,0.215,0.000,1.303,1.536,97878,9602,88276,247,25,25,6264192,254736,17,17,0
53,1.102,0.274,0.000,1.376,1.400,97878,9602,88276,247,25,25,6264192,254736,17,17,0
54,1.114,0.335,0.000,1.450,1.501,97878,9602,88276,247,25,25,6264192,254736,17,17,0
55,1.095,0.266,0.000,1.361,1.563,97878,9602,88276,247,25,25,6264192,254736,17,17,0
56,1.088,0.253,0.000,1.341,1.468,97878,9602,88276,247,25,25,6264192,254736,17,17,0
57,1.098,0.253,0.000,1.351,1.452,97878,9602,88276,247,25,25,6264192,254736,17,17,0
58,1.060,0.181,0.000,1.241,1.461,97878,9602,88276,247,25,25,6264192,254736,17,17,0
59,1.116,0.325,0.000,1.441,1.335,97878,9602,88276,247,25,25,6264192,254736,17,17,0
60,1.076,0.284,0.000,1.360,1.550,97878,9602,88276,247,25,25,6264192,254736,17,17,0
61,1.080,0.194,0.000,1.274,1.466,97878,9602,88276,247,25,25,6264192,254736,17,17,0
62,1.062,0.306,0.000,1.368,1.376,97878,9602,88276,247,25,25,6264192,254736,17,17,0
63,1.098,0.266,0.000,1.365,1.476,97878,9602,88276,247,25,25,6264192,254736,17,17,0
64,1.094,0.262,0.000,1.355,1.472,97878,9602,88276,247,25,25,6264192,254736,17,17,0
65,1.089,0.195,0.000,1.284,1.461,97878,9602,88276,247,25,25,6264192,254736,17,17,0
66,1.096,0.326,0.000,1.421,1.389,97878,9602,88276,247,25,25,6264192,254736,17,17,0
67,1.086,0.267,0.000,1.353,1.529,97878,9602,88276,247,25,25,6264192,254736,17,17,0
68,1.074,0.179,0.000,1.253,1.461,97878,9602,88276,247,25,25,6264192,254736,17,17,0
69,1.098,0.301,0.000,1.400,1.346,97878,9602,88276,247,25,25,6264192,254736,17,17,0
70,1.076,0.277,0.000,1.354,1.513,97878,9602,88276,247,25,25,6264192,254736,17,17,0
71,1.092,0.199,0.000,1.291,1.454,97878,9602,88276,247,25,25,6264192,254736,17,17,0
72,1.087,0.275,0.000,1.362,1.379,97878,9602,88276,247,25,25,6264192,254736,17,17,0
73,1.070,0.310,0.000,1.379,1.473,97878,9602,88276,247,25,25,6264192,254736,17,17,0
74,1.124,0.281,0.000,1.406,1.489,97878,9602,88276,247,25,25,6264192,254736,17,17,0
75,1.082,0.281,0.000,1.363,1.519,97878,9602,88276,247,25,25,6264192,254736,17,17,0
76,1.052,0.199,0.000,1.251,1.470,97878,9602,88276,247,25,25,6264192,254736,17,17,0
77,1.075,0.226,0.000,1.301,1.348,97878,9602,88276,247,25,25,6264192,254736,17,17,0
78,1.106,0.282,0.000,1.388,1.403,97878,9602,88276,247,25,25,6264192,254736,17,17,0
79,1.109,0.254,0.000,1.363,1.498,97878,9602,88276,247,25,25,6264192,254736,17,17,0
80,1.101,0.266,0.000,1.367,1.471,97878,9602,88276,247,25,25,6264192,254736,17,17,0
81,1.056,0.274,0.000,1.330,1.475,97878,9602,88276,247,25,25,6264192,254736,17,17,0
82,1.079,0.266,0.000,1.344,1.436,97878,9602,88276,247,25,25,6264192,254736,17,17,0
83,1.079,0.219,0.000,1.298,1.462,97878,9602,88276,247,25,25,6264192,254736,17,17,0
84,1.076,0.277,0.000,1.352,1.394,97878,9602,88276,247,25,25,6264192,254736,17,17,0
85,1.057,0.312,0.000,1.369,1.467,97878,9602,88276,247,25,25,6264192,254736,17,17,0
86,1.039,0.174,0.000,1.213,1.485,97878,9602,88276,247,25,25,6264192,254736,17,17,0
87,1.123,0.318,0.000,1.441,1.315,97878,9602,88276,247,25,25,6264192,254736,17,17,0
88,1.054,0.290,0.000,1.344,1.556,97878,9602,88276,247,25,25,6264192,254736,17,17,0
89,1.056,0.279,0.000,1.335,1.454,97878,9602,88276,247,25,25,6264192,254736,17,17,0
90,1.087,0.184,0.000,1.270,1.442,97878,9602,88276,247,25,25,6264192,254736,17,17,0
91,1.074,0.294,0.000,1.368,1.385,97878,9602,88276,247,25,25,6264192,254736,17,17,0
92,1.072,0.290,0.000,1.363,1.479,97878,9602,88276,247,25,25,6264192,254736,17,17,0
93,1.121,0.215,0.000,1.336,1.483,97878,9602,88276,247,25,25,6264192,254736,17,17,0
94,1.079,0.326,0.000,1.405,1.447,97878,9602,88276,247,25,25,6264192,254736,17,17,0
95,1.073,0.244,0.000,1.317,1.519,97878,9602,88276,247,25,25,6264192,254736,17,17,0
96,1.113,0.317,0.000,1.430,1.423,97878,9602,88276,247,25,25,6264192,254736,17,17,0
97,1.208,0.331,0.000,1.539,1.546,97878,9602,88276,247,25,25,6264192,254736,17,17,0
98,1.101,0.290,0.000,1.391,1.675,97878,9602,88276,247,25,25,6264192,254736,17,17,0
99,1.110,0.275,0.000,1.385,1.504,97878,9602,88276,247,25,25,6264192,254736,17,17,0
100,1.099,0.221,0.000,1.320,1.493,97878,9602,88276,247,25,25,6264192,254736,17,17,0
101,1.091,0.279,0.000,1.369,1.425,97878,9602,88276,247,25,25,6264192,254736,17,17,0
102,1.098,0.366,0.000,1.464,1.481,97878,9602,88276,247,25,25,6264192,254736,17,17,0
103,1.144,0.298,0.000,1.443,1.591,97878,9602,88276,247,25,25,6264192,254736,17,17,0
104,1.220,0.239,0.000,1.459,1.570,97878,9602,88276,247,25,25,6264192,254736,17,17,0
105,1.107,0.273,0.000,1.381,1.572,97878,9602,88276,247,25,25,6264192,254736,17,17,0
106,1.132,0.216,0.000,1.348,1.495,97878,9602,88276,247,25,25,6264192,254736,17,17,0
107,1.084,0.323,0.000,1.407,1.442,97878,9602,88276,247,25,25,6264192,254736,17,17,0
108,1.123,0.347,0.000,1.469,1.516,97878,9602,88276,247,25,25,6264192,254736,17,17,0
109,1.191,0.340,0.000,1.530,1.576,97878,9602,88276,247,25,25,6264192,254736,17,17,0
110,1.106,0.292,0.000,1.398,1.638,97878,9602,88276,247,25,25,6264192,254736,17,17,0
111,1.078,0.278,0.000,1.356,1.512,97878,9602,88276,247,25,25,6264192,254736,17,17,0
112,1.113,0.255,0.000,1.368,1.467,97878,9602,88276,247,25,25,6264192,254736,17,17,0
113,1.062,0.276,0.000,1.338,1.476,97878,9602,88276,247,25,25,6264192,254736,17,17,0
114,1.075,0.193,0.000,1.269,1.452,97878,9602,88276,247,25,25,6264192,254736,17,17,0
115,1.119,0.358,0.000,1.476,1.384,97878,9602,88276,247,25,25,6264192,254736,17,17,0
116,1.090,0.228,0.000,1.318,1.591,97878,9602,88276,247,25,25,6264192,254736,17,17,0
117,1.113,0.325,0.000,1.437,1.412,97878,9602,88276,247,25,25,6264192,254736,17,17,0
118,1.095,0.373,0.000,1.468,1.544,97878,9602,88276,247,25,25,6264192,254736,17,17,0
119,1.139,0.316,0.000,1.455,1.595,97878,9602,88276,247,25,25,6264192,254736,17,17,0
120,1.091,0.272,0.000,1.363,1.569,97878,9602,88276,247,25,25,6264192,254736,17,17,0
121,1.102,0.212,0.000,1.315,1.459,97878,9602,88276,247,25,25,6264192,254736,17,17,0
122,1.084,0.323,0.000,1.407,1.422,97878,9602,88276,247,25,25,6264192,254736,17,17,0
123,1.078,0.280,0.000,1.358,1.528,97878,9602,88276,247,25,25,6264192,254736,17,17,0
124,1.073,0.199,0.000,1.272,1.468,97878,9602,88276,247,25,25,6264192,254736,17,17,0
125,1.139,0.312,0.000,1.451,1.369,97878,9602,88276,247,25,25,6264192,254736,17,17,0
126,1.083,0.292,0.000,1.375,1.567,97878,9602,88276,247,25,25,6264192,254736,17,17,0
127,1.078,0.216,0.000,1.293,1.487,97878,9602,88276,247,25,25,6264192,254736,17,17,0
128,1.065,0.253,0.000,1.319,1.386,97878,9602,88276,247,25,25,6264192,254736,17,17,0
129,1.085,0.355,0.000,1.440,1.426,97878,9602,88276,247,25,25,6264192,254736,17,17,0
130,1.112,0.267,0.000,1.379,1.567,97878,9602,88276,247,25,25,6264192,254736,17,17,0
131,1.109,0.285,0.000,1.394,1.496,97878,9602,88276,247,25,25,6264192,254736,17,17,0
132,1.088,0.274,0.000,1.362,1.503,97878,9602,88276,247,25,25,6264192,254736,17,17,0
133,1.080,0.274,0.000,1.354,1.472,97878,9602,88276,247,25,25,6264192,254736,17,17,0
134,1.097,0.180,0.000,1.277,1.465,97878,9602,88276,247,25,25,6264192,254736,17,17,0
135,1.109,0.329,0.000,1.438,1.379,97878,9602,88276,247,25,25,6264192,254736,17,17,0
136,1.073,0.287,0.000,1.360,1.546,97878,9602,88276,247,25,25,6264192,254736,17,17,0
137,1.072,0.189,0.000,1.261,1.472,97878,9602,88276,247,25,25,6264192,254736,17,17,0
138,1.097,0.334,0.000,1.431,1.361,97878,9602,88276,247,25,25,6264192,254736,17,17,0
139,1.111,0.301,0.000,1.412,1.538,97878,9602,88276,247,25,25,6264192,254736,17,17,0
140,1.084,0.192,0.000,1.276,1.535,97878,9602,88276,247,25,25,6264192,254736,17,17,0
141,1.096,0.315,0.000,1.411,1.374,97878,9602,88276,247,25,25,6264192,254736,17,17,0
142,1.054,0.205,0.000,1.259,1.520,97878,9602,88276,247,25,25,6264192,254736,17,17,0
143,1.151,0.366,0.000,1.517,1.363,97878,9602,88276,247,25,25,6264192,254736,17,17,0
144,1.047,0.248,0.000,1.295,1.632,97878,9602,88276,247,25,25,6264192,254736,17,17,0
145,1.074,0.198,0.000,1.273,1.400,97878,9602,88276,247,25,25,6264192,254736,17,17,0
146,1.082,0.346,0.000,1.428,1.374,97878,9602,88276,247,25,25,6264192,254736,17,17,0
147,1.103,0.278,0.000,1.381,1.557,97878,9602,88276,247,25,25,6264192,254736,17,17,0
148,1.102,0.254,0.000,1.356,1.494,97878,9602,88276,247,25,25,6264192,254736,17,17,0
149,1.086,0.204,0.000,1.290,1.470,97878,9602,88276,247,25,25,6264192,254736,17,17,0
150,1.064,0.257,0.000,1.321,1.393,97878,9602,88276,247,25,25,6264192,254736,17,17,0
151,1.066,0.242,0.000,1.308,1.438,97878,9602,88276,247,25,25,6264192,254736,17,17,0
152,1.080,0.333,0.000,1.413,1.428,97878,9602,88276,247,25,25,6264192,254736,17,17,0
153,1.101,0.280,0.000,1.381,1.525,97878,9602,88276,247,25,25,6264192,254736,17,17,0
154,1.076,0.196,0.000,1.272,1.489,97878,9602,88276,247,25,25,6264192,254736,17,17,0
155,1.107,0.259,0.000,1.366,1.365,97878,9602,88276,247,25,25,6264192,254736,17,17,0
156,1.155,0.363,0.000,1.519,1.471,97878,9602,88276,247,25,25,6264192,254736,17,17,0
157,1.102,0.298,0.000,1.400,1.630,97878,9602,88276,247,25,25,6264192,254736,17,17,0
158,1.081,0.221,0.000,1.302,1.510,97878,9602,88276,247,25,25,6264192,254736,17,17,0
159,1.118,0.317,0.000,1.435,1.408,97878,9602,88276,247,25,25,6264192,254736,17,17,0
160,1.099,0.290,0.000,1.390,1.556,97878,9602,88276,247,25,25,6264192,254736,17,17,0
161,1.100,0.207,0.000,1.306,1.501,97878,9602,88276,247,25,25,6264192,254736,17,17,0
162,1.081,0.265,0.000,1.346,1.413,97878,9602,88276,247,25,25,6264192,254736,17,17,0
163,1.089,0.250,0.000,1.339,1.453,97878,9602,88276,247,25,25,6264192,254736,17,17,0
164,1.110,0.345,0.000,1.456,1.449,97878,9602,88276,247,25,25,6264192,254736,17,17,0
165,1.072,0.277,0.000,1.350,1.574,97878,9602,88276,247,25,25,6264192,254736,17,17,0
166,1.091,0.251,0.000,1.342,1.458,97878,9602,88276,247,25,25,6264192,254736,17,17,0
167,1.115,0.261,0.000,1.376,1.437,97878,9602,88276,247,25,25,6264192,254736,17,17,0
168,1.148,0.282,0.000,1.430,1.476,97878,9602,88276,247,25,25,6264192,254736,17,17,0
169,1.072,0.301,0.000,1.374,1.546,97878,9602,88276,247,25,25,6264192,254736,17,17,0
170,1.080,0.273,0.000,1.353,1.488,97878,9602,88276,247,25,25,6264192,254736,17,17,0
171,1.027,0.191,0.000,1.219,1.470,97878,9602,88276,247,25,25,6264192,254736,17,17,0
172,1.088,0.308,0.000,1.396,1.322,97878,9602,88276,247,25,25,6264192,254736,17,17,0
173,1.099,0.314,0.000,1.413,1.515,97878,9602,88276,247,25,25,6264192,254736,17,17,0
174,1.136,0.309,0.000,1.445,1.540,97878,9602,88276,247,25,25,6264192,254736,17,17,0
175,1.180,0.274,0.000,1.454,1.574,97878,9602,88276,247,25,25,6264192,254736,17,17,0
176,1.086,0.292,0.000,1.378,1.569,97878,9602,88276,247,25,25,6264192,254736,17,17,0
177,1.124,0.223,0.000,1.347,1.500,97878,9602,88276,247,25,25,6264192,254736,17,17,0
178,1.115,0.288,0.000,1.403,1.442,97878,9602,88276,247,25,25,6264192,254736,17,17,0
179,1.091,0.343,0.000,1.433,1.514,97878,9602,88276,247,25,25,6264192,254736,17,17,0
180,1.115,0.304,0.000,1.420,1.553,97878,9602,88276,247,25,25,6264192,254736,17,17,0
181,1.091,0.302,0.000,1.393,1.544,97878,9602,88276,247,25,25,6264192,254736,17,17,0
182,1.077,0.218,0.000,1.295,1.513,97878,9602,88276,247,25,25,6264192,254736,17,17,0
183,1.110,0.338,0.000,1.448,1.394,97878,9602,88276,247,25,25,6264192,254736,17,17,0
184,1.090,0.277,0.000,1.367,1.562,97878,9602,88276,247,25,25,6264192,254736,17,17,0
185,1.046,0.256,0.000,1.302,1.479,97878,9602,88276,247,25,25,6264192,254736,17,17,0
186,1.017,0.202,0.000,1.219,1.416,97878,9602,88276,247,25,25,6264192,254736,17,17,0
187,1.077,0.248,0.000,1.325,1.314,97878,9602,88276,247,25,25,6264192,254736,17,17,0
188,1.101,0.342,0.000,1.443,1.440,97878,9602,88276,247,25,25,6264192,254736,17,17,0
189,1.085,0.281,0.000,1.365,1.566,97878,9602,88276,247,25,25,6264192,254736,17,17,0
190,1.104,0.287,0.000,1.391,1.476,97878,9602,88276,247,25,25,6264192,254736,17,17,0
191,1.131,0.278,0.000,1.409,1.512,97878,9602,88276,247,25,25,6264192,254736,17,17,0
192,1.121,0.242,0.000,1.363,1.523,97878,9602,88276,247,25,25,6264192,254736,17,17,0
193,1.016,0.174,0.000,1.190,1.465,97878,9602,88276,247,25,25,6264192,254736,17,17,0
194,1.103,0.350,0.000,1.453,1.295,97878,9602,88276,247,25,25,6264192,254736,17,17,0
195,1.107,0.314,0.000,1.421,1.585,97878,9602,88276,247,25,25,6264192,254736,17,17,0
196,1.075,0.276,0.000,1.350,1.523,97878,9602,88276,247,25,25,6264192,254736,17,17,0
197,1.022,0.242,0.000,1.264,1.447,97878,9602,88276,247,25,25,6264192,254736,17,17,0
198,1.083,0.315,0.000,1.398,1.357,97878,9602,88276,247,25,25,6264192,254736,17,17,0
199,1.126,0.298,0.000,1.424,1.499,97878,9602,88276,247,25,25,6264192,254736,17,17,0
200,1.063,0.189,0.000,1.252,1.524,97878,9602,88276,247,25,25,6264192,254736,17,17,0
201,1.084,0.336,0.000,1.420,1.340,97878,9602,88276,247,25,25,6264192,254736,17,17,0
202,1.135,0.292,0.000,1.428,1.540,97878,9602,88276,247,25,25,6264192,254736,17,17,0
203,1.116,0.270,0.000,1.386,1.521,97878,9602,88276,247,25,25,6264192,254736,17,17,0
204,1.062,0.195,0.000,1.257,1.480,97878,9602,88276,247,25,25,6264192,254736,17,17,0
205,1.098,0.354,0.000,1.452,1.365,97878,9602,88276,247,25,25,6264192,254736,17,17,0
206,1.111,0.300,0.000,1.412,1.572,97878,9602,88276,247,25,25,6264192,254736,17,17,0
207,1.104,0.262,0.000,1.366,1.519,97878,9602,88276,247,25,25,6264192,254736,17,17,0
208,1.108,0.269,0.000,1.377,1.475,97878,9602,88276,247,25,25,6264192,254736,17,17,0
209,1.081,0.271,0.000,1.352,1.486,97878,9602,88276,247,25,25,6264192,254736,17,17,0
210,1.098,0.283,0.000,1.382,1.461,97878,9602,88276,247,25,25,6264192,254736,17,17,0
211,1.106,0.259,0.000,1.365,1.501,97878,9602,88276,247,25,25,6264192,254736,17,17,0
212,1.117,0.222,0.000,1.340,1.462,97878,9602,88276,247,25,25,6264192,254736,17,17,0
213,1.087,0.317,0.000,1.404,1.456,97878,9602,88276,247,25,25,6264192,254736,17,17,0
214,1.118,0.326,0.000,1.444,1.516,97878,9602,88276,247,25,25,6264192,254736,17,17,0
215,1.071,0.257,0.000,1.327,1.555,97878,9602,88276,247,25,25,6264192,254736,17,17,0
216,1.109,0.246,0.000,1.355,1.444,97878,9602,88276,247,25,25,6264192,254736,17,17,0
217,1.087,0.245,0.000,1.332,1.455,97878,9602,88276,247,25,25,6264192,254736,17,17,0
218,1.107,0.270,0.000,1.377,1.440,97878,9602,88276,247,25,25,6264192,254736,17,17,0
219,1.095,0.256,0.000,1.351,1.486,97878,9602,88276,247,25,25,6264192,254736,17,17,0
220,1.079,0.202,0.000,1.280,1.439,97878,9602,88276,247,25,25,6264192,254736,17,17,0
221,1.115,0.285,0.000,1.401,1.380,97878,9602,88276,247,25,25,6264192,254736,17,17,0
222,1.109,0.279,0.000,1.388,1.505,97878,9602,88276,247,25,25,6264192,254736,17,17,0
223,1.099,0.206,0.000,1.306,1.494,97878,9602,88276,247,25,25,6264192,254736,17,17,0
224,1.073,0.309,0.000,1.382,1.402,97878,9602,88276,247,25,25,6264192,254736,17,17,0
225,1.064,0.274,0.000,1.338,1.497,97878,9602,88276,247,25,25,6264192,254736,17,17,0
226,1.087,0.268,0.000,1.355,1.449,97878,9602,88276,247,25,25,6264192,254736,17,17,0
227,1.093,0.276,0.000,1.369,1.476,97878,9602,88276,247,25,25,6264192,254736,17,17,0
228,1.114,0.208,0.000,1.321,1.480,97878,9602,88276,247,25,25,6264192,254736,17,17,0
229,1.078,0.326,0.000,1.404,1.416,97878,9602,88276,247,25,25,6264192,254736,17,17,0
230,1.074,0.320,0.000,1.394,1.517,97878,9602,88276,247,25,25,6264192,254736,17,17,0
231,1.135,0.259,0.000,1.394,1.512,97878,9602,88276,247,25,25,6264192,254736,17,17,0
232,1.087,0.238,0.000,1.325,1.506,97878,9602,88276,247,25,25,6264192,254736,17,17,0
233,1.098,0.269,0.000,1.367,1.427,97878,9602,88276,247,25,25,6264192,254736,17,17,0
234,1.153,0.295,0.000,1.448,1.491,97878,9602,88276,247,25,25,6264192,254736,17,17,0
235,1.091,0.290,0.000,1.381,1.558,97878,9602,88276,247,25,25,6264192,254736,17,17,0
236,1.094,0.303,0.000,1.396,1.486,97878,9602,88276,247,25,25,6264192,254736,17,17,0
237,1.066,0.274,0.000,1.340,1.512,97878,9602,88276,247,25,25,6264192,254736,17,17,0
238,1.081,0.291,0.000,1.373,1.445,97878,9602,88276,247,25,25,6264192,254736,17,17,0
239,1.100,0.250,0.000,1.351,1.484,97878,9602,88276,247,25,25,6264192,254736,17,17,0
240,1.077,0.289,0.000,1.366,1.457,97878,9602,88276,247,25,25,6264192,254736,17,17,0
241,1.097,0.256,0.000,1.354,1.475,97878,9602,88276,247,25,25,6264192,254736,17,17,0
242,1.086,0.247,0.000,1.332,1.462,97878,9602,88276,247,25,25,6264192,254736,17,17,0
243,1.085,0.308,0.000,1.393,1.435,97878,9602,88276,247,25,25,6264192,254736,17,17,0
244,1.080,0.282,0.000,1.362,1.522,97878,9602,88276,247,25,25,6264192,254736,17,17,0
245,1.075,0.296,0.000,1.371,1.472,97878,9602,88276,247,25,25,6264192,254736,17,17,0
246,1.091,0.207,0.000,1.298,1.484,97878,9602,88276,247,25,25,6264192,254736,17,17,0
247,1.086,0.329,0.000,1.415,1.392,97878,9602,88276,247,25,25,6264192,254736,17,17,0
248,1.064,0.188,0.000,1.252,1.538,97878,9602,88276,247,25,25,6264192,254736,17,17,0
249,1.098,0.326,0.000,1.425,1.349,97878,9602,88276,247,25,25,6264192,254736,17,17,0
250,1.054,0.191,0.000,1.244,1.537,97878,9602,88276,247,25,25,6264192,254736,17,17,0
251,1.090,0.312,0.000,1.402,1.335,97878,9602,88276,247,25,25,6264192,254736,17,17,0
252,1.073,0.251,0.000,1.324,1.506,97878,9602,88276,247,25,25,6264192,254736,17,17,0
253,1.109,0.280,0.000,1.389,1.431,97878,9602,88276,247,25,25,6264192,254736,17,17,0
254,1.095,0.245,0.000,1.340,1.495,97878,9602,88276,247,25,25,6264192,254736,17,17,0
255,1.044,0.206,0.000,1.250,1.438,97878,9602,88276,247,25,25,6264192,254736,17,17,0
256,1.081,0.257,0.000,1.338,1.358,97878,9602,88276,247,25,25,6264192,254736,17,17,0
257,1.110,0.366,0.000,1.476,1.445,97878,9602,88276,247,25,25,6264192,254736,17,17,0
258,1.068,0.282,0.000,1.350,1.590,97878,9602,88276,247,25,25,6264192,254736,17,17,0
259,1.089,0.240,0.000,1.329,1.460,97878,9602,88276,247,25,25,6264192,254736,17,17,0
260,1.066,0.281,0.000,1.347,1.433,97878,9602,88276,247,25,25,6264192,254736,17,17,0
261,1.094,0.236,0.000,1.330,1.455,97878,9602,88276,247,25,25,6264192,254736,17,17,0
262,1.099,0.295,0.000,1.394,1.440,97878,9602,88276,247,25,25,6264192,254736,17,17,0
263,1.088,0.201,0.000,1.289,1.503,97878,9602,88276,247,25,25,6264192,254736,17,17,0
264,1.095,0.337,0.000,1.432,1.380,97878,9602,88276,247,25,25,6264192,254736,17,17,0
265,1.094,0.202,0.000,1.296,1.540,97878,9602,88276,247,25,25,6264192,254736,17,17,0
266,1.062,0.244,0.000,1.306,1.396,97878,9602,88276,247,25,25,6264192,254736,17,17,0
267,1.086,0.313,0.000,1.399,1.412,97878,9602,88276,247,25,25,6264192,254736,17,17,0
268,1.073,0.263,0.000,1.336,1.511,97878,9602,88276,247,25,25,6264192,254736,17,17,0
269,1.102,0.312,0.000,1.413,1.442,97878,9602,88276,247,25,25,6264192,254736,17,17,0
270,1.102,0.205,0.000,1.307,1.530,97878,9602,88276,247,25,25,6264192,254736,17,17,0
271,1.122,0.255,0.000,1.377,1.407,97878,9602,88276,247,25,25,6264192,254736,17,17,0
272,1.073,0.315,0.000,1.388,1.483,97878,9602,88276,247,25,25,6264192,254736,17,17,0
273,1.093,0.293,0.000,1.386,1.492,97878,9602,88276,247,25,25,6264192,254736,17,17,0
274,1.085,0.252,0.000,1.337,1.492,97878,9602,88276,247,25,25,6264192,254736,17,17,0
275,1.149,0.299,0.000,1.448,1.434,97878,9602,88276,247,25,25,6264192,254736,17,17,0
276,1.108,0.211,0.000,1.319,1.570,97878,9602,88276,247,25,25,6264192,254736,17,17,0
277,1.102,0.318,0.000,1.420,1.426,97878,9602,88276,247,25,25,6264192,254736,17,17,0
278,1.073,0.190,0.000,1.263,1.525,97878,9602,88276,247,25,25,6264192,254736,17,17,0
279,1.086,0.349,0.000,1.436,1.365,97878,9602,88276,247,25,25,6264192,254736,17,17,0
280,1.060,0.253,0.000,1.313,1.553,97878,9602,88276,247,25,25,6264192,254736,17,17,0
281,1.080,0.281,0.000,1.362,1.424,97878,9602,88276,247,25,25,6264192,254736,17,17,0
282,1.144,0.294,0.000,1.439,1.476,97878,9602,88276,247,25,25,6264192,254736,17,17,0
283,1.104,0.260,0.000,1.364,1.548,97878,9602,88276,247,25,25,6264192,254736,17,17,0
284,1.091,0.201,0.000,1.292,1.461,97878,9602,88276,247,25,25,6264192,254736,17,17,0
285,1.073,0.255,0.000,1.329,1.405,97878,9602,88276,247,25,25,6264192,254736,17,17,0
286,1.077,0.268,0.000,1.345,1.425,97878,9602,88276,247,25,25,6264192,254736,17,17,0
287,1.088,0.325,0.000,1.414,1.457,97878,9602,88276,247,25,25,6264192,254736,17,17,0
288,1.085,0.263,0.000,1.348,1.520,97878,9602,88276,247,25,25,6264192,254736,17,17,0
289,1.064,0.211,0.000,1.275,1.465,97878,9602,88276,247,25,25,6264192,254736,17,17,0
290,1.096,0.324,0.000,1.420,1.380,97878,9602,88276,247,25,25,6264192,254736,17,17,0
291,1.086,0.298,0.000,1.384,1.527,97878,9602,88276,247,25,25,6264192,254736,17,17,0
292,1.096,0.245,0.000,1.342,1.500,97878,9602,88276,247,25,25,6264192,254736,17,17,0
293,1.097,0.209,0.000,1.305,1.455,97878,9602,88276,247,25,25,6264192,254736,17,17,0
294,1.100,0.291,0.000,1.391,1.408,97878,9602,88276,247,25,25,6264192,254736,17,17,0
295,1.081,0.329,0.000,1.410,1.508,97878,9602,88276,247,25,25,6264192,254736,17,17,0
296,1.064,0.270,0.000,1.334,1.520,97878,9602,88276,247,25,25,6264192,254736,17,17,0
297,1.105,0.192,0.000,1.297,1.441,97878,9602,88276,247,25,25,6264192,254736,17,17,0
298,1.062,0.252,0.000,1.314,1.403,97878,9602,88276,247,25,25,6264192,254736,17,17,0
299,1.074,0.330,0.000,1.404,1.429,97878,9602,88276,247,25,25,6264192,254736,17,17,0
300,1.088,0.292,0.000,1.381,1.506,97878,9602,88276,247,25,25,6264192,254736,17,17,0
301,1.110,0.271,0.000,1.381,1.492,97878,9602,88276,247,25,25,6264192,254736,17,17,0
302,1.095,0.202,0.000,1.297,1.485,97878,9602,88276,247,25,25,6264192,254736,17,17,0
303,1.060,0.244,0.000,1.304,1.401,97878,9602,88276,247,25,25,6264192,254736,17,17,0
304,1.099,0.317,0.000,1.416,1.411,97878,9602,88276,247,25,25,6264192,254736,17,17,0
305,1.099,0.289,0.000,1.388,1.526,97878,9602,88276,247,25,25,6264192,254736,17,17,0
306,1.077,0.277,0.000,1.354,1.490,97878,9602,88276,247,25,25,6264192,254736,17,17,0
307,1.100,0.279,0.000,1.379,1.461,97878,9602,88276,247,25,25,6264192,254736,17,17,0
308,1.099,0.271,0.000,1.370,1.491,97878,9602,88276,247,25,25,6264192,254736,17,17,0
309,1.095,0.200,0.000,1.295,1.473,97878,9602,88276,247,25,25,6264192,254736,17,17,0
310,1.061,0.313,0.000,1.374,1.392,97878,9602,88276,247,25,25,6264192,254736,17,17,0
311,1.068,0.184,0.000,1.252,1.486,97878,9602,88276,247,25,25,6264192,254736,17,17,0
312,1.090,0.310,0.000,1.400,1.353,97878,9602,88276,247,25,25,6264192,254736,17,17,0
313,1.099,0.286,0.000,1.385,1.512,97878,9602,88276,247,25,25,6264192,254736,17,17,0
314,1.100,0.192,0.000,1.292,1.499,97878,9602,88276,247,25,25,6264192,254736,17,17,0
315,1.073,0.254,0.000,1.327,1.395,97878,9602,88276,247,25,25,6264192,254736,17,17,0
316,1.085,0.244,0.000,1.329,1.444,97878,9602,88276,247,25,25,6264192,254736,17,17,0
317,1.120,0.360,0.000,1.480,1.431,97878,9602,88276,247,25,25,6264192,254736,17,17,0
318,1.050,0.257,0.000,1.307,1.592,97878,9602,88276,247,25,25,6264192,254736,17,17,0
319,1.057,0.174,0.000,1.231,1.411,97878,9602,88276,247,25,25,6264192,254736,17,17,0
320,1.017,0.236,0.000,1.254,1.329,97878,9602,88276,247,25,25,6264192,254736,17,17,0
321,1.024,0.231,0.000,1.255,1.358,97878,9602,88276,247,25,25,6264192,254736,17,17,0
322,1.052,0.244,0.000,1.296,1.363,97878,9602,88276,247,25,25,6264192,254736,17,17,0
323,1.052,0.232,0.000,1.284,1.397,97878,9602,88276,247,25,25,6264192,254736,17,17,0
324,1.027,0.303,0.000,1.330,1.387,97878,9602,88276,247,25,25,6264192,254736,17,17,0
325,1.076,0.269,0.000,1.345,1.441,97878,9602,88276,247,25,25,6264192,254736,17,17,0
326,1.054,0.184,0.000,1.238,1.454,97878,9602,88276,247,25,25,6264192,254736,17,17,0
327,1.090,0.252,0.000,1.342,1.337,97878,9602,88276,247,25,25,6264192,254736,17,17,0
328,1.099,0.308,0.000,1.408,1.438,97878,9602,88276,247,25,25,6264192,254736,17,17,0
329,1.084,0.261,0.000,1.345,1.512,97878,9602,88276,247,25,25,6264192,254736,17,17,0
330,1.090,0.265,0.000,1.355,1.452,97878,9602,88276,247,25,25,6264192,254736,17,17,0
331,1.034,0.189,0.000,1.223,1.457,97878,9602,88276,247,25,25,6264192,254736,17,17,0
332,1.088,0.322,0.000,1.410,1.330,97878,9602,88276,247,25,25,6264192,254736,17,17,0
333,1.093,0.281,0.000,1.374,1.515,97878,9602,88276,247,25,25,6264192,254736,17,17,0
334,1.071,0.276,0.000,1.347,1.484,97878,9602,88276,247,25,25,6264192,254736,17,17,0
335,1.081,0.195,0.000,1.276,1.457,97878,9602,88276,247,25,25,6264192,254736,17,17,0
336,1.046,0.232,0.000,1.278,1.381,97878,9602,88276,247,25,25,6264192,254736,17,17,0
337,1.033,0.235,0.000,1.267,1.384,97878,9602,88276,247,25,25,6264192,254736,17,17,0
338,1.134,0.324,0.000,1.458,1.374,97878,9602,88276,247,25,25,6264192,254736,17,17,0
339,1.162,0.284,0.000,1.447,1.587,97878,9602,88276,247,25,25,6264192,254736,17,17,0
340,1.098,0.313,0.000,1.411,1.560,97878,9602,88276,247,25,25,6264192,254736,17,17,0
341,1.082,0.271,0.000,1.353,1.527,97878,9602,88276,247,25,25,6264192,254736,17,17,0
342,1.094,0.296,0.000,1.389,1.475,97878,9602,88276,247,25,25,6264192,254736,17,17,0
343,1.067,0.249,0.000,1.316,1.501,97878,9602,88276,247,25,25,6264192,254736,17,17,0
344,1.100,0.310,0.000,1.410,1.412,97878,9602,88276,247,25,25,6264192,254736,17,17,0
345,1.142,0.300,0.000,1.442,1.527,97878,9602,88276,247,25,25,6264192,254736,17,17,0
346,1.097,0.282,0.000,1.379,1.561,97878,9602,88276,247,25,25,6264192,254736,17,17,0
347,1.078,0.206,0.000,1.284,1.492,97878,9602,88276,247,25,25,6264192,254736,17,17,0
348,1.113,0.345,0.000,1.458,1.391,97878,9602,88276,247,25,25,6264192,254736,17,17,0
349,1.053,0.285,0.000,1.338,1.560,97878,9602,88276,247,25,25,6264192,254736,17,17,0
350,1.087,0.190,0.000,1.277,1.451,97878,9602,88276,247,25,25,6264192,254736,17,17,0
351,1.085,0.344,0.000,1.429,1.370,97878,9602,88276,247,25,25,6264192,254736,17,17,0
352,1.090,0.289,0.000,1.379,1.543,97878,9602,88276,247,25,25,6264192,254736,17,17,0
353,1.114,0.218,0.000,1.332,1.487,97878,9602,88276,247,25,25,6264192,254736,17,17,0
354,1.064,0.325,0.000,1.389,1.429,97878,9602,88276,247,25,25,6264192,254736,17,17,0
355,1.050,0.179,0.000,1.229,1.495,97878,9602,88276,247,25,25,6264192,254736,17,17,0
356,1.115,0.335,0.000,1.449,1.327,97878,9602,88276,247,25,25,6264192,254736,17,17,0
357,1.068,0.202,0.000,1.270,1.565,97878,9602,88276,247,25,25,6264192,254736,17,17,0
358,1.127,0.358,0.000,1.485,1.375,97878,9602,88276,247,25,25,6264192,254736,17,17,0
359,1.104,0.264,0.000,1.368,1.600,97878,9602,88276,247,25,25,6264192,254736,17,17,0
360,1.119,0.284,0.000,1.403,1.482,97878,9602,88276,247,25,25,6264192,254736,17,17,0
361,1.105,0.259,0.000,1.364,1.513,97878,9602,88276,247,25,25,6264192,254736,17,17,0
362,1.088,0.269,0.000,1.357,1.476,97878,9602,88276,247,25,25,6264192,254736,17,17,0
363,1.095,0.262,0.000,1.357,1.467,97878,9602,88276,247,25,25,6264192,254736,17,17,0
364,1.057,0.273,0.000,1.331,1.475,97878,9602,88276,247,25,25,6264192,254736,17,17,0
365,1.062,0.245,0.000,1.307,1.433,97878,9602,88276,247,25,25,6264192,254736,17,17,0
366,1.088,0.192,0.000,1.280,1.420,97878,9602,88276,247,25,25,6264192,254736,17,17,0
367,1.076,0.367,0.000,1.442,1.375,97878,9602,88276,247,25,25,6264192,254736,17,17,0
368,1.115,0.284,0.000,1.400,1.573,97878,9602,88276,247,25,25,6264192,254736,17,17,0
369,1.080,0.192,0.000,1.272,1.517,97878,9602,88276,247,25,25,6264192,254736,17,17,0
370,1.058,0.262,0.000,1.320,1.367,97878,9602,88276,247,25,25,6264192,254736,17,17,0
371,1.082,0.246,0.000,1.327,1.432,97878,9602,88276,247,25,25,6264192,254736,17,17,0
372,1.084,0.317,0.000,1.401,1.434,97878,9602,88276,247,25,25,6264192,254736,17,17,0
373,1.098,0.273,0.000,1.371,1.514,97878,9602,88276,247,25,25,6264192,254736,17,17,0
374,1.086,0.212,0.000,1.298,1.481,97878,9602,88276,247,25,25,6264192,254736,17,17,0
375,1.071,0.298,0.000,1.369,1.388,97878,9602,88276,247,25,25,6264192,254736,17,17,0
376,1.119,0.375,0.000,1.494,1.465,97878,9602,88276,247,25,25,6264192,254736,17,17,0
377,1.077,0.286,0.000,1.363,1.608,97878,9602,88276,247,25,25,6264192,254736,17,17,0
378,1.071,0.255,0.000,1.327,1.473,97878,9602,88276,247,25,25,6264192,254736,17,17,0
379,1.080,0.238,0.000,1.317,1.435,97878,9602,88276,247,25,25,6264192,254736,17,17,0
380,1.121,0.271,0.000,1.393,1.420,97878,9602,88276,247,25,25,6264192,254736,17,17,0
381,1.098,0.281,0.000,1.379,1.502,97878,9602,88276,247,25,25,6264192,254736,17,17,0
382,1.087,0.211,0.000,1.298,1.495,97878,9602,88276,247,25,25,6264192,254736,17,17,0
383,1.119,0.330,0.000,1.448,1.405,97878,9602,88276,247,25,25,6264192,254736,17,17,0
384,1.086,0.277,0.000,1.363,1.559,97878,9602,88276,247,25,25,6264192,254736,17,17,0
385,1.020,0.181,0.000,1.201,1.472,97878,9602,88276,247,25,25,6264192,254736,17,17,0
386,1.049,0.251,0.000,1.300,1.296,97878,9602,88276,247,25,25,6264192,254736,17,17,0
387,1.117,0.285,0.000,1.403,1.389,97878,9602,88276,247,25,25,6264192,254736,17,17,0
388,1.150,0.300,0.000,1.450,1.509,97878,9602,88276,247,25,25,6264192,254736,17,17,0
389,1.088,0.212,0.000,1.300,1.556,97878,9602,88276,247,25,25,6264192,254736,17,17,0
390,1.098,0.262,0.000,1.361,1.405,97878,9602,88276,247,25,25,6264192,254736,17,17,0
391,1.086,0.312,0.000,1.398,1.480,97878,9602,88276,247,25,25,6264192,254736,17,17,0
392,1.067,0.259,0.000,1.325,1.508,97878,9602,88276,247,25,25,6264192,254736,17,17,0
393,1.092,0.274,0.000,1.366,1.445,97878,9602,88276,247,25,25,6264192,254736,17,17,0
394,1.061,0.246,0.000,1.307,1.475,97878,9602,88276,247,25,25,6264192,254736,17,17,0
395,1.068,0.197,0.000,1.265,1.410,97878,9602,88276,247,25,25,6264192,254736,17,17,0
396,1.112,0.346,0.000,1.458,1.366,97878,9602,88276,247,25,25,6264192,254736,17,17,0
397,1.095,0.288,0.000,1.383,1.574,97878,9602,88276,247,25,25,6264192,254736,17,17,0
398,1.116,0.242,0.000,1.358,1.502,97878,9602,88276,247,25,25,6264192,254736,17,17,0
399,1.091,0.208,0.000,1.299,1.468,97878,9602,88276,247,25,25,6264192,254736,17,17,0
400,1.090,0.255,0.000,1.344,1.404,97878,9602,88276,247,25,25,6264192,254736,17,17,0
401,1.135,0.357,0.000,1.492,1.454,97878,9602,88276,247,25,25,6264192,254736,17,17,0
402,1.084,0.203,0.000,1.287,1.608,97878,9602,88276,247,25,25,6264192,254736,17,17,0
403,1.092,0.256,0.000,1.347,1.380,97878,9602,88276,247,25,25,6264192,254736,17,17,0
404,1.110,0.340,0.000,1.450,1.452,97878,9602,88276,247,25,25,6264192,254736,17,17,0
405,1.060,0.276,0.000,1.336,1.562,97878,9602,88276,247,25,25,6264192,254736,17,17,0
406,1.096,0.277,0.000,1.374,1.449,97878,9602,88276,247,25,25,6264192,254736,17,17,0
407,1.071,0.210,0.000,1.281,1.486,97878,9602,88276,247,25,25,6264192,254736,17,17,0
408,1.088,0.333,0.000,1.421,1.392,97878,9602,88276,247,25,25,6264192,254736,17,17,0
409,1.083,0.271,0.000,1.354,1.531,97878,9602,88276,247,25,25,6264192,254736,17,17,0
410,1.078,0.259,0.000,1.337,1.465,97878,9602,88276,247,25,25,6264192,254736,17,17,0
411,1.108,0.186,0.000,1.295,1.442,97878,9602,88276,247,25,25,6264192,254736,17,17,0
412,1.077,0.253,0.000,1.329,1.389,97878,9602,88276,247,25,25,6264192,254736,17,17,0
413,1.097,0.318,0.000,1.415,1.435,97878,9602,88276,247,25,25,6264192,254736,17,17,0
414,1.119,0.286,0.000,1.405,1.532,97878,9602,88276,247,25,25,6264192,254736,17,17,0
415,1.084,0.205,0.000,1.288,1.509,97878,9602,88276,247,25,25,6264192,254736,17,17,0
416,1.102,0.291,0.000,1.393,1.382,97878,9602,88276,247,25,25,6264192,254736,17,17,0
417,1.075,0.330,0.000,1.405,1.507,97878,9602,88276,247,25,25,6264192,254736,17,17,0
418,1.058,0.263,0.000,1.321,1.513,97878,9602,88276,247,25,25,6264192,254736,17,17,0
419,1.102,0.268,0.000,1.370,1.427,97878,9602,88276,247,25,25,6264192,254736,17,17,0
420,1.094,0.269,0.000,1.363,1.478,97878,9602,88276,247,25,25,6264192,254736,17,17,0
421,1.082,0.266,0.000,1.348,1.473,97878,9602,88276,247,25,25,6264192,254736,17,17,0
422,1.047,0.184,0.000,1.231,1.459,97878,9602,88276,247,25,25,6264192,254736,17,17,0
423,1.125,0.289,0.000,1.414,1.331,97878,9602,88276,247,25,25,6264192,254736,17,17,0
424,1.106,0.295,0.000,1.401,1.525,97878,9602,88276,247,25,25,6264192,254736,17,17,0
425,1.085,0.191,0.000,1.276,1.516,97878,9602,88276,247,25,25,6264192,254736,17,17,0
426,1.081,0.266,0.000,1.347,1.379,97878,9602,88276,247,25,25,6264192,254736,17,17,0
427,1.090,0.233,0.000,1.323,1.462,97878,9602,88276,247,25,25,6264192,254736,17,17,0
428,1.063,0.241,0.000,1.305,1.426,97878,9602,88276,247,25,25,6264192,254736,17,17,0
429,1.101,0.346,0.000,1.447,1.407,97878,9602,88276,247,25,25,6264192,254736,17,17,0
430,1.070,0.262,0.000,1.332,1.559,97878,9602,88276,247,25,25,6264192,254736,17,17,0
431,1.096,0.277,0.000,1.373,1.434,97878,9602,88276,247,25,25,6264192,254736,17,17,0
432,1.049,0.275,0.000,1.324,1.480,97878,9602,88276,247,25,25,6264192,254736,17,17,0
433,1.128,0.289,0.000,1.418,1.451,97878,9602,88276,247,25,25,6264192,254736,17,17,0
434,1.102,0.289,0.000,1.391,1.540,97878,9602,88276,247,25,25,6264192,254736,17,17,0
435,1.085,0.285,0.000,1.370,1.496,97878,9602,88276,247,25,25,6264192,254736,17,17,0
436,1.100,0.213,0.000,1.313,1.484,97878,9602,88276,247,25,25,6264192,254736,17,17,0
437,1.070,0.253,0.000,1.323,1.406,97878,9602,88276,247,25,25,6264192,254736,17,17,0
438,1.153,0.354,0.000,1.508,1.429,97878,9602,88276,247,25,25,6264192,254736,17,17,0
439,1.203,0.317,0.000,1.520,1.622,97878,9602,88276,247,25,25,6264192,254736,17,17,0
440,1.105,0.264,0.000,1.368,1.632,97878,9602,88276,247,25,25,6264192,254736,17,17,0
441,1.078,0.269,0.000,1.348,1.465,97878,9602,88276,247,25,25,6264192,254736,17,17,0
442,1.092,0.298,0.000,1.390,1.453,97878,9602,88276,247,25,25,6264192,254736,17,17,0
443,1.121,0.247,0.000,1.368,1.499,97878,9602,88276,247,25,25,6264192,254736,17,17,0
444,1.081,0.199,0.000,1.280,1.476,97878,9602,88276,247,25,25,6264192,254736,17,17,0
445,1.095,0.350,0.000,1.445,1.381,97878,9602,88276,247,25,25,6264192,254736,17,17,0
446,1.118,0.279,0.000,1.397,1.553,97878,9602,88276,247,25,25,6264192,254736,17,17,0
447,1.122,0.306,0.000,1.428,1.512,97878,9602,88276,247,25,25,6264192,254736,17,17,0
448,1.150,0.259,0.000,1.409,1.542,97878,9602,88276,247,25,25,6264192,254736,17,17,0
449,1.084,0.283,0.000,1.367,1.523,97878,9602,88276,247,25,25,6264192,254736,17,17,0
450,1.089,0.190,0.000,1.279,1.475,97878,9602,88276,247,25,25,6264192,254736,17,17,0
451,1.084,0.255,0.000,1.339,1.388,97878,9602,88276,247,25,25,6264192,254736,17,17,0
452,1.084,0.326,0.000,1.409,1.442,97878,9602,88276,247,25,25,6264192,254736,17,17,0
453,1.096,0.296,0.000,1.392,1.523,97878,9602,88276,247,25,25,6264192,254736,17,17,0
454,1.101,0.214,0.000,1.314,1.501,97878,9602,88276,247,25,25,6264192,254736,17,17,0
455,1.065,0.258,0.000,1.323,1.409,97878,9602,88276,247,25,25,6264192,254736,17,17,0
456,1.108,0.307,0.000,1.416,1.427,97878,9602,88276,247,25,25,6264192,254736,17,17,0
457,1.106,0.280,0.000,1.387,1.528,97878,9602,88276,247,25,25,6264192,254736,17,17,0
458,1.066,0.197,0.000,1.264,1.498,97878,9602,88276,247,25,25,6264192,254736,17,17,0
459,1.013,0.231,0.000,1.243,1.358,97878,9602,88276,247,25,25,6264192,254736,17,17,0
460,1.016,0.230,0.000,1.246,1.346,97878,9602,88276,247,25,25,6264192,254736,17,17,0
461,1.133,0.310,0.000,1.443,1.344,97878,9602,88276,247,25,25,6264192,254736,17,17,0
462,1.100,0.300,0.000,1.400,1.556,97878,9602,88276,247,25,25,6264192,254736,17,17,0
463,1.101,0.210,0.000,1.312,1.509,97878,9602,88276,247,25,25,6264192,254736,17,17,0
464,1.074,0.255,0.000,1.328,1.409,97878,9602,88276,247,25,25,6264192,254736,17,17,0
465,1.120,0.334,0.000,1.455,1.437,97878,9602,88276,247,25,25,6264192,254736,17,17,0
466,1.081,0.200,0.000,1.281,1.570,97878,9602,88276,247,25,25,6264192,254736,17,17,0
467,1.069,0.222,0.000,1.291,1.383,97878,9602,88276,247,25,25,6264192,254736,17,17,0
468,1.124,0.313,0.000,1.438,1.397,97878,9602,88276,247,25,25,6264192,254736,17,17,0
469,1.064,0.293,0.000,1.357,1.549,97878,9602,88276,247,25,25,6264192,254736,17,17,0
470,1.079,0.200,0.000,1.279,1.464,97878,9602,88276,247,25,25,6264192,254736,17,17,0
471,1.079,0.280,0.000,1.359,1.376,97878,9602,88276,247,25,25,6264192,254736,17,17,0
472,1.114,0.323,0.000,1.436,1.476,97878,9602,88276,247,25,25,6264192,254736,17,17,0
473,1.078,0.284,0.000,1.363,1.551,97878,9602,88276,247,25,25,6264192,254736,17,17,0
474,1.078,0.280,0.000,1.358,1.477,97878,9602,88276,247,25,25,6264192,254736,17,17,0
475,1.101,0.198,0.000,1.299,1.471,97878,9602,88276,247,25,25,6264192,254736,17,17,0
476,1.066,0.264,0.000,1.330,1.394,97878,9602,88276,247,25,25,6264192,254736,17,17,0
477,1.066,0.322,0.000,1.388,1.442,97878,9602,88276,247,25,25,6264192,254736,17,17,0
478,1.042,0.266,0.000,1.308,1.499,97878,9602,88276,247,25,25,6264192,254736,17,17,0
479,1.099,0.250,0.000,1.349,1.415,97878,9602,88276,247,25,25,6264192,254736,17,17,0
480,1.110,0.198,0.000,1.309,1.459,97878,9602,88276,247,25,25,6264192,254736,17,17,0
481,1.087,0.321,0.000,1.408,1.413,97878,9602,88276,247,25,25,6264192,254736,17,17,0
482,1.091,0.274,0.000,1.365,1.516,97878,9602,88276,247,25,25,6264192,254736,17,17,0
483,1.072,0.266,0.000,1.338,1.472,97878,9602,88276,247,25,25,6264192,254736,17,17,0
484,1.060,0.179,0.000,1.239,1.440,97878,9602,88276,247,25,25,6264192,254736,17,17,0
485,1.104,0.242,0.000,1.346,1.345,97878,9602,88276,247,25,25,6264192,254736,17,17,0
486,1.111,0.321,0.000,1.431,1.452,97878,9602,88276,247,25,25,6264192,254736,17,17,0
487,1.094,0.277,0.000,1.371,1.547,97878,9602,88276,247,25,25,6264192,254736,17,17,0
488,1.092,0.222,0.000,1.314,1.488,97878,9602,88276,247,25,25,6264192,254736,17,17,0
489,1.112,0.248,0.000,1.359,1.404,97878,9602,88276,247,25,25,6264192,254736,17,17,0
490,1.123,0.331,0.000,1.454,1.465,97878,9602,88276,247,25,25,6264192,254736,17,17,0
491,1.086,0.281,0.000,1.367,1.562,97878,9602,88276,247,25,25,6264192,254736,17,17,0
492,1.104,0.236,0.000,1.340,1.469,97878,9602,88276,247,25,25,6264192,254736,17,17,0
493,1.091,0.249,0.000,1.339,1.438,97878,9602,88276,247,25,25,6264192,254736,17,17,0
494,1.127,0.263,0.000,1.389,1.450,97878,9602,88276,247,25,25,6264192,254736,17,17,0
495,1.088,0.177,0.000,1.265,1.499,97878,9602,88276,247,25,25,6264192,254736,17,17,0
496,1.069,0.275,0.000,1.344,1.364,97878,9602,88276,247,25,25,6264192,254736,17,17,0
497,1.119,0.332,0.000,1.451,1.458,97878,9602,88276,247,25,25,6264192,254736,17,17,0
498,1.138,0.262,0.000,1.400,1.564,97878,9602,88276,247,25,25,6264192,254736,17,17,0
499,1.102,0.261,0.000,1.363,1.508,97878,9602,88276,247,25,25,6264192,254736,17,17,0
500,1.057,0.246,0.000,1.303,1.470,97878,9602,88276,247,25,25,6264192,254736,17,17,0
501,1.099,0.186,0.000,1.284,1.396,97878,9602,88276,247,25,25,6264192,254736,17,17,0
502,1.088,0.266,0.000,1.354,1.398,97878,9602,88276,247,25,25,6264192,254736,17,17,0
503,1.103,0.319,0.000,1.422,1.465,97878,9602,88276,247,25,25,6264192,254736,17,17,0
504,1.083,0.284,0.000,1.368,1.547,97878,9602,88276,247,25,25,6264192,254736,17,17,0
505,1.089,0.257,0.000,1.346,1.475,97878,9602,88276,247,25,25,6264192,254736,17,17,0
506,1.067,0.210,0.000,1.277,1.465,97878,9602,88276,247,25,25,6264192,254736,17,17,0
507,1.078,0.314,0.000,1.391,1.379,97878,9602,88276,247,25,25,6264192,254736,17,17,0
508,1.100,0.293,0.000,1.393,1.495,97878,9602,88276,247,25,25,6264192,254736,17,17,0
509,1.081,0.265,0.000,1.345,1.503,97878,9602,88276,247,25,25,6264192,254736,17,17,0
510,1.091,0.289,0.000,1.380,1.453,97878,9602,88276,247,25,25,6264192,254736,17,17,0
511,1.027,0.195,0.000,1.222,1.492,97878,9602,88276,247,25,25,6264192,254736,17,17,0
512,1.040,0.332,0.000,1.373,1.319,97878,9602,88276,247,25,25,6264192,254736,17,17,0
513,0.999,0.182,0.000,1.181,1.486,97878,9602,88276,247,25,25,6264192,254736,17,17,0
514,1.034,0.233,0.000,1.267,1.285,97878,9602,88276,247,25,25,6264192,254736,17,17,0
515,1.012,0.296,0.000,1.308,1.378,97878,9602,88276,247,25,25,6264192,254736,17,17,0
516,1.036,0.294,0.000,1.330,1.448,97878,9602,88276,247,25,25,6264192,254736,17,17,0
517,1.061,0.268,0.000,1.329,1.457,97878,9602,88276,247,25,25,6264192,254736,17,17,0
518,1.005,0.264,0.000,1.269,1.439,97878,9602,88276,247,25,25,6264192,254736,17,17,0
519,1.083,0.188,0.000,1.271,1.381,97878,9602,88276,247,25,25,6264192,254736,17,17,0
520,1.111,0.333,0.000,1.445,1.367,97878,9602,88276,247,25,25,6264192,254736,17,17,0
521,1.062,0.283,0.000,1.345,1.554,97878,9602,88276,247,25,25,6264192,254736,17,17,0
522,1.096,0.266,0.000,1.362,1.452,97878,9602,88276,247,25,25,6264192,254736,17,17,0
523,1.099,0.201,0.000,1.300,1.470,97878,9602,88276,247,25,25,6264192,254736,17,17,0
524,1.063,0.319,0.000,1.383,1.399,97878,9602,88276,247,25,25,6264192,254736,17,17,0
525,1.087,0.297,0.000,1.384,1.492,97878,9602,88276,247,25,25,6264192,254736,17,17,0
526,1.094,0.276,0.000,1.370,1.496,97878,9602,88276,247,25,25,6264192,254736,17,17,0
527,1.073,0.197,0.000,1.270,1.483,97878,9602,88276,247,25,25,6264192,254736,17,17,0
528,1.084,0.334,0.000,1.418,1.370,97878,9602,88276,247,25,25,6264192,254736,17,17,0
529,1.065,0.295,0.000,1.360,1.529,97878,9602,88276,247,25,25,6264192,254736,17,17,0
530,1.064,0.271,0.000,1.335,1.468,97878,9602,88276,247,25,25,6264192,254736,17,17,0
531,1.042,0.202,0.000,1.244,1.444,97878,9602,88276,247,25,25,6264192,254736,17,17,0
532,1.123,0.347,0.000,1.470,1.354,97878,9602,88276,247,25,25,6264192,254736,17,17,0
533,1.075,0.289,0.000,1.364,1.596,97878,9602,88276,247,25,25,6264192,254736,17,17,0
534,1.099,0.261,0.000,1.360,1.481,97878,9602,88276,247,25,25,6264192,254736,17,17,0
535,1.085,0.282,0.000,1.367,1.474,97878,9602,88276,247,25,25,6264192,254736,17,17,0
536,1.136,0.212,0.000,1.349,1.478,97878,9602,88276,247,25,25,6264192,254736,17,17,0
537,1.112,0.374,0.000,1.486,1.461,97878,9602,88276,247,25,25,6264192,254736,17,17,0
538,1.179,0.320,0.000,1.499,1.590,97878,9602,88276,247,25,25,6264192,254736,17,17,0
539,1.164,0.293,0.000,1.457,1.604,97878,9602,88276,247,25,25,6264192,254736,17,17,0
540,1.131,0.250,0.000,1.381,1.575,97878,9602,88276,247,25,25,6264192,254736,17,17,0
541,1.205,0.295,0.000,1.501,1.493,97878,9602,88276,247,25,25,6264192,254736,17,17,0
542,1.141,0.286,0.000,1.427,1.627,97878,9602,88276,247,25,25,6264192,254736,17,17,0
543,1.134,0.256,0.000,1.390,1.524,97878,9602,88276,247,25,25,6264192,254736,17,17,0
544,1.075,0.216,0.000,1.291,1.481,97878,9602,88276,247,25,25,6264192,254736,17,17,0
545,1.052,0.251,0.000,1.303,1.378,97878,9602,88276,247,25,25,6264192,254736,17,17,0
546,1.074,0.304,0.000,1.378,1.396,97878,9602,88276,247,25,25,6264192,254736,17,17,0
547,1.102,0.272,0.000,1.374,1.470,97878,9602,88276,247,25,25,6264192,254736,17,17,0
548,1.090,0.251,0.000,1.341,1.466,97878,9602,88276,247,25,25,6264192,254736,17,17,0
549,1.063,0.305,0.000,1.368,1.442,97878,9602,88276,247,25,25,6264192,254736,17,17,0
550,1.137,0.286,0.000,1.422,1.482,97878,9602,88276,247,25,25,6264192,254736,17,17,0
551,1.143,0.286,0.000,1.429,1.531,97878,9602,88276,247,25,25,6264192,254736,17,17,0
552,1.113,0.298,0.000,1.411,1.531,97878,9602,88276,247,25,25,6264192,254736,17,17,0
553,1.099,0.270,0.000,1.369,1.518,97878,9602,88276,247,25,25,6264192,254736,17,17,0
554,1.066,0.208,0.000,1.273,1.481,97878,9602,88276,247,25,25,6264192,254736,17,17,0
555,1.121,0.345,0.000,1.466,1.370,97878,9602,88276,247,25,25,6264192,254736,17,17,0
556,1.076,0.281,0.000,1.357,1.581,97878,9602,88276,247,25,25,6264192,254736,17,17,0
557,1.091,0.242,0.000,1.333,1.459,97878,9602,88276,247,25,25,6264192,254736,17,17,0
558,1.104,0.318,0.000,1.421,1.422,97878,9602,88276,247,25,25,6264192,254736,17,17,0
559,1.074,0.269,0.000,1.343,1.530,97878,9602,88276,247,25,25,6264192,254736,17,17,0
560,1.050,0.196,0.000,1.247,1.454,97878,9602,88276,247,25,25,6264192,254736,17,17,0
561,1.126,0.310,0.000,1.436,1.350,97878,9602,88276,247,25,25,6264192,254736,17,17,0
562,1.111,0.304,0.000,1.416,1.550,97878,9602,88276,247,25,25,6264192,254736,17,17,0
563,1.090,0.268,0.000,1.359,1.521,97878,9602,88276,247,25,25,6264192,254736,17,17,0
564,1.095,0.209,0.000,1.304,1.476,97878,9602,88276,247,25,25,6264192,254736,17,17,0
565,1.104,0.321,0.000,1.425,1.402,97878,9602,88276,247,25,25,6264192,254736,17,17,0
566,1.106,0.289,0.000,1.395,1.539,97878,9602,88276,247,25,25,6264192,254736,17,17,0
567,1.112,0.206,0.000,1.318,1.501,97878,9602,88276,247,25,25,6264192,254736,17,17,0
568,1.083,0.271,0.000,1.354,1.413,97878,9602,88276,247,25,25,6264192,254736,17,17,0
569,1.104,0.341,0.000,1.445,1.472,97878,9602,88276,247,25,25,6264192,254736,17,17,0
570,1.092,0.296,0.000,1.388,1.556,97878,9602,88276,247,25,25,6264192,254736,17,17,0
571,1.090,0.205,0.000,1.296,1.500,97878,9602,88276,247,25,25,6264192,254736,17,17,0
572,1.064,0.330,0.000,1.395,1.401,97878,9602,88276,247,25,25,6264192,254736,17,17,0
573,1.101,0.297,0.000,1.398,1.511,97878,9602,88276,247,25,25,6264192,254736,17,17,0
574,1.081,0.258,0.000,1.339,1.512,97878,9602,88276,247,25,25,6264192,254736,17,17,0
575,1.077,0.195,0.000,1.272,1.449,97878,9602,88276,247,25,25,6264192,254736,17,17,0
576,1.074,0.335,0.000,1.409,1.367,97878,9602,88276,247,25,25,6264192,254736,17,17,0
577,1.099,0.270,0.000,1.369,1.518,97878,9602,88276,247,25,25,6264192,254736,17,17,0
578,1.087,0.279,0.000,1.366,1.473,97878,9602,88276,247,25,25,6264192,254736,17,17,0
579,1.065,0.178,0.000,1.244,1.467,97878,9602,88276,247,25,25,6264192,254736,17,17,0
580,1.117,0.369,0.000,1.486,1.345,97878,9602,88276,247,25,25,6264192,254736,17,17,0
581,1.092,0.262,0.000,1.355,1.600,97878,9602,88276,247,25,25,6264192,254736,17,17,0
582,1.087,0.285,0.000,1.373,1.463,97878,9602,88276,247,25,25,6264192,254736,17,17,0
583,1.106,0.291,0.000,1.398,1.483,97878,9602,88276,247,25,25,6264192,254736,17,17,0
584,1.102,0.218,0.000,1.320,1.516,97878,9602,88276,247,25,25,6264192,254736,17,17,0
585,1.081,0.284,0.000,1.364,1.423,97878,9602,88276,247,25,25,6264192,254736,17,17,0
586,1.102,0.353,0.000,1.455,1.481,97878,9602,88276,247,25,25,6264192,254736,17,17,0
587,1.123,0.293,0.000,1.416,1.567,97878,9602,88276,247,25,25,6264192,254736,17,17,0
588,1.096,0.290,0.000,1.386,1.518,97878,9602,88276,247,25,25,6264192,254736,17,17,0
589,1.124,0.217,0.000,1.341,1.495,97878,9602,88276,247,25,25,6264192,254736,17,17,0
590,1.066,0.262,0.000,1.328,1.436,97878,9602,88276,247,25,25,6264192,254736,17,17,0
591,1.091,0.342,0.000,1.432,1.442,97878,9602,88276,247,25,25,6264192,254736,17,17,0
592,1.080,0.301,0.000,1.382,1.550,97878,9602,88276,247,25,25,6264192,254736,17,17,0
593,1.071,0.268,0.000,1.339,1.501,97878,9602,88276,247,25,25,6264192,254736,17,17,0
594,1.108,0.268,0.000,1.376,1.453,97878,9602,88276,247,25,25,6264192,254736,17,17,0
595,1.063,0.207,0.000,1.270,1.494,97878,9602,88276,247,25,25,6264192,254736,17,17,0
596,1.100,0.317,0.000,1.417,1.365,97878,9602,88276,247,25,25,6264192,254736,17,17,0
597,1.090,0.256,0.000,1.346,1.524,97878,9602,88276,247,25,25,6264192,254736,17,17,0
598,1.066,0.184,0.000,1.250,1.452,97878,9602,88276,247,25,25,6264192,254736,17,17,0
599,1.099,0.366,0.000,1.466,1.353,97878,9602,88276,247,25,25,6264192,254736,17,17,0
600,1.087,0.286,0.000,1.373,1.582,97878,9602,88276,247,25,25,6264192,254736,17,17,0
601,1.096,0.269,0.000,1.365,1.489,97878,9602,88276,247,25,25,6264192,254736,17,17,0
602,1.071,0.198,0.000,1.269,1.468,97878,9602,88276,247,25,25,6264192,254736,17,17,0
603,1.074,0.254,0.000,1.328,1.372,97878,9602,88276,247,25,25,6264192,254736,17,17,0
604,1.128,0.295,0.000,1.424,1.444,97878,9602,88276,247,25,25,6264192,254736,17,17,0
605,1.061,0.179,0.000,1.239,1.534,97878,9602,88276,247,25,25,6264192,254736,17,17,0
606,1.103,0.349,0.000,1.451,1.341,97878,9602,88276,247,25,25,6264192,254736,17,17,0
607,1.083,0.280,0.000,1.363,1.561,97878,9602,88276,247,25,25,6264192,254736,17,17,0
608,1.074,0.252,0.000,1.325,1.473,97878,9602,88276,247,25,25,6264192,254736,17,17,0
609,1.087,0.266,0.000,1.352,1.434,97878,9602,88276,247,25,25,6264192,254736,17,17,0
610,1.098,0.236,0.000,1.334,1.458,97878,9602,88276,247,25,25,6264192,254736,17,17,0
611,1.075,0.274,0.000,1.349,1.444,97878,9602,88276,247,25,25,6264192,254736,17,17,0
612,1.099,0.262,0.000,1.361,1.454,97878,9602,88276,247,25,25,6264192,254736,17,17,0
613,1.048,0.194,0.000,1.242,1.462,97878,9602,88276,247,25,25,6264192,254736,17,17,0
614,1.120,0.332,0.000,1.452,1.346,97878,9602,88276,247,25,25,6264192,254736,17,17,0
615,1.081,0.283,0.000,1.364,1.563,97878,9602,88276,247,25,25,6264192,254736,17,17,0
616,1.095,0.271,0.000,1.366,1.476,97878,9602,88276,247,25,25,6264192,254736,17,17,0
617,1.095,0.260,0.000,1.356,1.479,97878,9602,88276,247,25,25,6264192,254736,17,17,0
618,1.058,0.210,0.000,1.268,1.470,97878,9602,88276,247,25,25,6264192,254736,17,17,0
619,1.071,0.315,0.000,1.386,1.363,97878,9602,88276,247,25,25,6264192,254736,17,17,0
620,1.084,0.275,0.000,1.359,1.500,97878,9602,88276,247,25,25,6264192,254736,17,17,0
621,1.114,0.268,0.000,1.382,1.467,97878,9602,88276,247,25,25,6264192,254736,17,17,0
622,1.067,0.264,0.000,1.331,1.491,97878,9602,88276,247,25,25,6264192,254736,17,17,0
623,1.095,0.262,0.000,1.357,1.449,97878,9602,88276,247,25,25,6264192,254736,17,17,0
624,1.078,0.201,0.000,1.278,1.465,97878,9602,88276,247,25,25,6264192,254736,17,17,0
625,1.058,0.244,0.000,1.301,1.380,97878,9602,88276,247,25,25,6264192,254736,17,17,0
626,1.085,0.294,0.000,1.379,1.415,97878,9602,88276,247,25,25,6264192,254736,17,17,0
627,1.090,0.250,0.000,1.341,1.493,97878,9602,88276,247,25,25,6264192,254736,17,17,0
628,1.078,0.203,0.000,1.281,1.450,97878,9602,88276,247,25,25,6264192,254736,17,17,0
629,1.069,0.335,0.000,1.404,1.377,97878,9602,88276,247,25,25,6264192,254736,17,17,0
630,1.064,0.281,0.000,1.345,1.516,97878,9602,88276,247,25,25,6264192,254736,17,17,0
631,1.101,0.272,0.000,1.373,1.452,97878,9602,88276,247,25,25,6264192,254736,17,17,0
632,1.083,0.295,0.000,1.378,1.472,97878,9602,88276,247,25,25,6264192,254736,17,17,0
633,1.113,0.280,0.000,1.393,1.488,97878,9602,88276,247,25,25,6264192,254736,17,17,0
634,1.073,0.280,0.000,1.353,1.517,97878,9602,88276,247,25,25,6264192,254736,17,17,0
635,1.097,0.251,0.000,1.348,1.462,97878,9602,88276,247,25,25,6264192,254736,17,17,0
636,1.065,0.191,0.000,1.256,1.441,97878,9602,88276,247,25,25,6264192,254736,17,17,0
637,1.067,0.270,0.000,1.337,1.360,97878,9602,88276,247,25,25,6264192,254736,17,17,0
638,1.099,0.335,0.000,1.435,1.455,97878,9602,88276,247,25,25,6264192,254736,17,17,0
639,1.129,0.265,0.000,1.394,1.557,97878,9602,88276,247,25,25,6264192,254736,17,17,0
640,1.101,0.274,0.000,1.375,1.498,97878,9602,88276,247,25,25,6264192,254736,17,17,0
641,1.072,0.273,0.000,1.345,1.488,97878,9602,88276,247,25,25,6264192,254736,17,17,0
642,1.077,0.196,0.000,1.273,1.457,97878,9602,88276,247,25,25,6264192,254736,17,17,0
643,1.061,0.293,0.000,1.353,1.377,97878,9602,88276,247,25,25,6264192,254736,17,17,0
644,1.107,0.299,0.000,1.406,1.461,97878,9602,88276,247,25,25,6264192,254736,17,17,0
645,1.067,0.287,0.000,1.354,1.523,97878,9602,88276,247,25,25,6264192,254736,17,17,0
646,1.082,0.269,0.000,1.351,1.462,97878,9602,88276,247,25,25,6264192,254736,17,17,0
647,1.104,0.204,0.000,1.307,1.458,97878,9602,88276,247,25,25,6264192,254736,17,17,0
648,1.088,0.240,0.000,1.327,1.405,97878,9602,88276,247,25,25,6264192,254736,17,17,0
649,1.099,0.296,0.000,1.394,1.438,97878,9602,88276,247,25,25,6264192,254736,17,17,0
650,1.094,0.297,0.000,1.391,1.499,97878,9602,88276,247,25,25,6264192,254736,17,17,0
651,1.128,0.232,0.000,1.360,1.504,97878,9602,88276,247,25,25,6264192,254736,17,17,0
652,1.112,0.336,0.000,1.448,1.450,97878,9602,88276,247,25,25,6264192,254736,17,17,0
653,1.072,0.267,0.000,1.339,1.562,97878,9602,88276,247,25,25,6264192,254736,17,17,0
654,1.108,0.264,0.000,1.372,1.447,97878,9602,88276,247,25,25,6264192,254736,17,17,0
655,1.071,0.193,0.000,1.264,1.478,97878,9602,88276,247,25,25,6264192,254736,17,17,0
656,1.094,0.295,0.000,1.390,1.354,97878,9602,88276,247,25,25,6264192,254736,17,17,0
657,1.104,0.282,0.000,1.386,1.501,97878,9602,88276,247,25,25,6264192,254736,17,17,0
658,1.110,0.204,0.000,1.314,1.491,97878,9602,88276,247,25,25,6264192,254736,17,17,0
659,1.076,0.271,0.000,1.347,1.401,97878,9602,88276,247,25,25,6264192,254736,17,17,0
660,1.072,0.327,0.000,1.399,1.463,97878,9602,88276,247,25,25,6264192,254736,17,17,0
661,1.068,0.189,0.000,1.257,1.523,97878,9602,88276,247,25,25,6264192,254736,17,17,0
662,1.088,0.248,0.000,1.336,1.351,97878,9602,88276,247,25,25,6264192,254736,17,17,0
663,1.103,0.288,0.000,1.391,1.443,97878,9602,88276,247,25,25,6264192,254736,17,17,0
664,1.086,0.288,0.000,1.374,1.508,97878,9602,88276,247,25,25,6264192,254736,17,17,0
665,1.085,0.186,0.000,1.271,1.485,97878,9602,88276,247,25,25,6264192,254736,17,17,0
666,1.056,0.257,0.000,1.313,1.364,97878,9602,88276,247,25,25,6264192,254736,17,17,0
667,1.084,0.282,0.000,1.365,1.423,97878,9602,88276,247,25,25,6264192,254736,17,17,0
668,1.092,0.296,0.000,1.388,1.480,97878,9602,88276,247,25,25,6264192,254736,17,17,0
669,1.114,0.211,0.000,1.325,1.503,97878,9602,88276,247,25,25,6264192,254736,17,17,0
670,1.120,0.351,0.000,1.470,1.436,97878,9602,88276,247,25,25,6264192,254736,17,17,0
671,1.076,0.282,0.000,1.357,1.585,97878,9602,88276,247,25,25,6264192,254736,17,17,0
672,1.083,0.203,0.000,1.285,1.467,97878,9602,88276,247,25,25,6264192,254736,17,17,0
673,1.106,0.293,0.000,1.399,1.373,97878,9602,88276,247,25,25,6264192,254736,17,17,0
674,1.090,0.304,0.000,1.395,1.504,97878,9602,88276,247,25,25,6264192,254736,17,17,0
675,1.083,0.258,0.000,1.341,1.500,97878,9602,88276,247,25,25,6264192,254736,17,17,0
676,1.085,0.261,0.000,1.346,1.457,97878,9602,88276,247,25,25,6264192,254736,17,17,0
677,1.070,0.175,0.000,1.244,1.455,97878,9602,88276,247,25,25,6264192,254736,17,17,0
678,1.104,0.354,0.000,1.459,1.342,97878,9602,88276,247,25,25,6264192,254736,17,17,0
679,1.071,0.311,0.000,1.382,1.576,97878,9602,88276,247,25,25,6264192,254736,17,17,0
680,1.088,0.258,0.000,1.346,1.490,97878,9602,88276,247,25,25,6264192,254736,17,17,0
681,1.129,0.219,0.000,1.348,1.459,97878,9602,88276,247,25,25,6264192,254736,17,17,0
682,1.053,0.233,0.000,1.286,1.447,97878,9602,88276,247,25,25,6264192,254736,17,17,0
683,1.118,0.348,0.000,1.466,1.423,97878,9602,88276,247,25,25,6264192,254736,17,17,0
684,1.064,0.265,0.000,1.329,1.572,97878,9602,88276,247,25,25,6264192,254736,17,17,0
685,1.112,0.243,0.000,1.354,1.435,97878,9602,88276,247,25,25,6264192,254736,17,17,0
686,1.107,0.280,0.000,1.388,1.459,97878,9602,88276,247,25,25,6264192,254736,17,17,0
687,1.103,0.273,0.000,1.377,1.502,97878,9602,88276,247,25,25,6264192,254736,17,17,0
688,1.029,0.185,0.000,1.213,1.485,97878,9602,88276,247,25,25,6264192,254736,17,17,0
689,1.113,0.314,0.000,1.427,1.322,97878,9602,88276,247,25,25,6264192,254736,17,17,0
690,1.075,0.269,0.000,1.344,1.543,97878,9602,88276,247,25,25,6264192,254736,17,17,0
691,1.090,0.202,0.000,1.292,1.454,97878,9602,88276,247,25,25,6264192,254736,17,17,0
692,1.062,0.250,0.000,1.312,1.398,97878,9602,88276,247,25,25,6264192,254736,17,17,0
693,1.075,0.256,0.000,1.331,1.423,97878,9602,88276,247,25,25,6264192,254736,17,17,0
694,1.095,0.334,0.000,1.430,1.453,97878,9602,88276,247,25,25,6264192,254736,17,17,0
695,1.106,0.281,0.000,1.387,1.553,97878,9602,88276,247,25,25,6264192,254736,17,17,0
696,1.075,0.247,0.000,1.321,1.506,97878,9602,88276,247,25,25,6264192,254736,17,17,0
697,1.064,0.233,0.000,1.297,1.430,97878,9602,88276,247,25,25,6264192,254736,17,17,0
698,1.072,0.270,0.000,1.341,1.397,97878,9602,88276,247,25,25,6264192,254736,17,17,0
699,1.099,0.246,0.000,1.344,1.451,97878,9602,88276,247,25,25,6264192,254736,17,17,0
700,1.044,0.185,0.000,1.229,1.439,97878,9602,88276,247,25,25,6264192,254736,17,17,0
701,1.125,0.340,0.000,1.465,1.335,97878,9602,88276,247,25,25,6264192,254736,17,17,0
702,1.096,0.228,0.000,1.325,1.577,97878,9602,88276,247,25,25,6264192,254736,17,17,0
703,1.106,0.296,0.000,1.402,1.431,97878,9602,88276,247,25,25,6264192,254736,17,17,0
704,1.084,0.207,0.000,1.291,1.513,97878,9602,88276,247,25,25,6264192,254736,17,17,0
705,1.069,0.283,0.000,1.352,1.392,97878,9602,88276,247,25,25,6264192,254736,17,17,0
706,1.083,0.308,0.000,1.391,1.460,97878,9602,88276,247,25,25,6264192,254736,17,17,0
707,1.092,0.280,0.000,1.372,1.504,97878,9602,88276,247,25,25,6264192,254736,17,17,0
708,1.081,0.265,0.000,1.347,1.474,97878,9602,88276,247,25,25,6264192,254736,17,17,0
709,1.084,0.196,0.000,1.280,1.466,97878,9602,88276,247,25,25,6264192,254736,17,17,0
710,1.089,0.315,0.000,1.404,1.391,97878,9602,88276,247,25,25,6264192,254736,17,17,0
711,1.059,0.292,0.000,1.351,1.518,97878,9602,88276,247,25,25,6264192,254736,17,17,0
712,1.076,0.209,0.000,1.285,1.462,97878,9602,88276,247,25,25,6264192,254736,17,17,0
713,1.065,0.251,0.000,1.315,1.393,97878,9602,88276,247,25,25,6264192,254736,17,17,0
714,1.104,0.311,0.000,1.415,1.422,97878,9602,88276,247,25,25,6264192,254736,17,17,0
715,1.109,0.283,0.000,1.391,1.526,97878,9602,88276,247,25,25,6264192,254736,17,17,0
716,1.088,0.270,0.000,1.359,1.496,97878,9602,88276,247,25,25,6264192,254736,17,17,0
717,1.099,0.280,0.000,1.379,1.469,97878,9602,88276,247,25,25,6264192,254736,17,17,0
718,1.108,0.239,0.000,1.346,1.493,97878,9602,88276,247,25,25,6264192,254736,17,17,0
719,1.098,0.198,0.000,1.296,1.462,97878,9602,88276,247,25,25,6264192,254736,17,17,0
720,1.107,0.314,0.000,1.421,1.402,97878,9602,88276,247,25,25,6264192,254736,17,17,0
721,1.112,0.292,0.000,1.404,1.549,97878,9602,88276,247,25,25,6264192,254736,17,17,0
722,1.086,0.268,0.000,1.354,1.518,97878,9602,88276,247,25,25,6264192,254736,17,17,0
723,1.060,0.180,0.000,1.241,1.462,97878,9602,88276,247,25,25,6264192,254736,17,17,0
724,1.089,0.283,0.000,1.372,1.335,97878,9602,88276,247,25,25,6264192,254736,17,17,0
725,1.095,0.281,0.000,1.377,1.485,97878,9602,88276,247,25,25,6264192,254736,17,17,0
726,1.118,0.201,0.000,1.319,1.489,97878,9602,88276,247,25,25,6264192,254736,17,17,0
727,1.098,0.343,0.000,1.442,1.418,97878,9602,88276,247,25,25,6264192,254736,17,17,0
728,1.071,0.178,0.000,1.249,1.559,97878,9602,88276,247,25,25,6264192,254736,17,17,0
729,1.090,0.249,0.000,1.339,1.350,97878,9602,88276,247,25,25,6264192,254736,17,17,0
730,1.087,0.261,0.000,1.348,1.450,97878,9602,88276,247,25,25,6264192,254736,17,17,0
731,1.111,0.288,0.000,1.399,1.453,97878,9602,88276,247,25,25,6264192,254736,17,17,0
732,1.078,0.267,0.000,1.345,1.519,97878,9602,88276,247,25,25,6264192,254736,17,17,0
733,1.074,0.182,0.000,1.257,1.453,97878,9602,88276,247,25,25,6264192,254736,17,17,0
734,1.075,0.251,0.000,1.326,1.345,97878,9602,88276,247,25,25,6264192,254736,17,17,0
735,1.102,0.268,0.000,1.369,1.436,97878,9602,88276,247,25,25,6264192,254736,17,17,0
736,1.098,0.335,0.000,1.433,1.482,97878,9602,88276,247,25,25,6264192,254736,17,17,0
737,1.055,0.296,0.000,1.351,1.554,97878,9602,88276,247,25,25,6264192,254736,17,17,0
738,1.065,0.230,0.000,1.296,1.461,97878,9602,88276,247,25,25,6264192,254736,17,17,0
739,1.071,0.200,0.000,1.271,1.408,97878,9602,88276,247,25,25,6264192,254736,17,17,0
740,1.125,0.327,0.000,1.452,1.366,97878,9602,88276,247,25,25,6264192,254736,17,17,0
741,1.098,0.306,0.000,1.403,1.567,97878,9602,88276,247,25,25,6264192,254736,17,17,0
742,1.131,0.275,0.000,1.406,1.509,97878,9602,88276,247,25,25,6264192,254736,17,17,0
743,1.163,0.330,0.000,1.494,1.506,97878,9602,88276,247,25,25,6264192,254736,17,17,0
744,1.142,0.294,0.000,1.436,1.619,97878,9602,88276,247,25,25,6264192,254736,17,17,0
745,1.071,0.262,0.000,1.333,1.554,97878,9602,88276,247,25,25,6264192,254736,17,17,0
746,1.033,0.250,0.000,1.283,1.451,97878,9602,88276,247,25,25,6264192,254736,17,17,0
747,1.082,0.196,0.000,1.278,1.389,97878,9602,88276,247,25,25,6264192,254736,17,17,0
748,1.138,0.328,0.000,1.466,1.388,97878,9602,88276,247,25,25,6264192,254736,17,17,0
749,1.137,0.221,0.000,1.358,1.579,97878,9602,88276,247,25,25,6264192,254736,17,17,0
750,1.098,0.287,0.000,1.385,1.455,97878,9602,88276,247,25,25,6264192,254736,17,17,0
751,1.083,0.362,0.000,1.445,1.493,97878,9602,88276,247,25,25,6264192,254736,17,17,0
752,1.156,0.286,0.000,1.442,1.573,97878,9602,88276,247,25,25,6264192,254736,17,17,0
753,1.119,0.278,0.000,1.397,1.563,97878,9602,88276,247,25,25,6264192,254736,17,17,0
754,1.100,0.271,0.000,1.371,1.510,97878,9602,88276,247,25,25,6264192,254736,17,17,0
755,1.093,0.218,0.000,1.311,1.484,97878,9602,88276,247,25,25,6264192,254736,17,17,0
756,1.104,0.273,0.000,1.377,1.411,97878,9602,88276,247,25,25,6264192,254736,17,17,0
757,1.065,0.338,0.000,1.404,1.506,97878,9602,88276,247,25,25,6264192,254736,17,17,0
758,1.088,0.313,0.000,1.401,1.519,97878,9602,88276,247,25,25,6264192,254736,17,17,0
759,1.109,0.260,0.000,1.369,1.518,97878,9602,88276,247,25,25,6264192,254736,17,17,0
760,1.121,0.206,0.000,1.327,1.477,97878,9602,88276,247,25,25,6264192,254736,17,17,0
761,1.121,0.312,0.000,1.434,1.415,97878,9602,88276,247,25,25,6264192,254736,17,17,0
762,1.063,0.189,0.000,1.252,1.544,97878,9602,88276,247,25,25,6264192,254736,17,17,0
763,1.117,0.328,0.000,1.445,1.353,97878,9602,88276,247,25,25,6264192,254736,17,17,0
764,1.097,0.288,0.000,1.385,1.559,97878,9602,88276,247,25,25,6264192,254736,17,17,0
765,1.098,0.197,0.000,1.295,1.491,97878,9602,88276,247,25,25,6264192,254736,17,17,0
766,1.455,0.579,0.001,2.035,1.388,97878,9602,88276,247,25,25,6264192,254736,17,17,0
767,1.343,0.394,0.005,1.742,2.157,97878,9602,88276,247,25,25,6264192,254736,17,17,0
768,1.309,0.325,0.000,1.634,1.854,97878,9602,88276,247,25,25,6264192,254736,17,17,0
769,1.182,0.334,0.000,1.516,1.740,97878,9602,88276,247,25,25,6264192,254736,17,17,0
770,1.160,0.276,0.000,1.436,1.625,97878,9602,88276,247,25,25,6264192,254736,17,17,0
771,1.143,0.281,0.000,1.424,1.541,97878,9602,88276,247,25,25,6264192,254736,17,17,0
772,1.133,0.291,0.000,1.424,1.538,97878,9602,88276,247,25,25,6264192,254736,17,17,0
773,1.146,0.301,0.000,1.447,1.521,97878,9602,88276,247,25,25,6264192,254736,17,17,0
774,1.157,0.274,0.000,1.432,1.559,97878,9602,88276,247,25,25,6264192,254736,17,17,0
775,1.077,0.287,0.000,1.364,1.544,97878,9602,88276,247,25,25,6264192,254736,17,17,0
776,1.185,0.288,0.000,1.473,1.475,97878,9602,88276,247,25,25,6264192,254736,17,17,0
777,1.120,0.271,0.000,1.391,1.577,97878,9602,88276,247,25,25,6264192,254736,17,17,0
778,1.125,0.218,0.000,1.344,1.511,97878,9602,88276,247,25,25,6264192,254736,17,17,0
779,1.201,0.352,0.000,1.553,1.451,97878,9602,88276,247,25,25,6264192,254736,17,17,0
780,1.160,0.253,0.000,1.413,1.680,97878,9602,88276,247,25,25,6264192,254736,17,17,0
781,1.169,0.272,0.000,1.441,1.522,97878,9602,88276,247,25,25,6264192,254736,17,17,0
782,1.110,0.253,0.000,1.363,1.544,97878,9602,88276,247,25,25,6264192,254736,17,17,0
783,1.111,0.274,0.000,1.385,1.469,97878,9602,88276,247,25,25,6264192,254736,17,17,0
784,1.151,0.268,0.000,1.419,1.494,97878,9602,88276,247,25,25,6264192,254736,17,17,0
785,1.146,0.205,0.000,1.350,1.539,97878,9602,88276,247,25,25,6264192,254736,17,17,0
786,1.101,0.324,0.000,1.425,1.454,97878,9602,88276,247,25,25,6264192,254736,17,17,0
787,1.157,0.275,0.000,1.431,1.534,97878,9602,88276,247,25,25,6264192,254736,17,17,0
788,1.108,0.268,0.000,1.375,1.535,97878,9602,88276,247,25,25,6264192,254736,17,17,0
789,1.121,0.209,0.000,1.330,1.485,97878,9602,88276,247,25,25,6264192,254736,17,17,0
790,1.151,0.261,0.000,1.412,1.440,97878,9602,88276,247,25,25,6264192,254736,17,17,0
791,1.098,0.332,0.000,1.430,1.522,97878,9602,88276,247,25,25,6264192,254736,17,17,0
792,1.132,0.261,0.000,1.392,1.535,97878,9602,88276,247,25,25,6264192,254736,17,17,0
793,1.128,0.277,0.000,1.406,1.500,97878,9602,88276,247,25,25,6264192,254736,17,17,0
794,1.088,0.213,0.000,1.301,1.511,97878,9602,88276,247,25,25,6264192,254736,17,17,0
795,1.085,0.244,0.000,1.329,1.398,97878,9602,88276,247,25,25,6264192,254736,17,17,0
796,1.149,0.334,0.000,1.483,1.444,97878,9602,88276,247,25,25,6264192,254736,17,17,0
797,1.107,0.212,0.000,1.319,1.588,97878,9602,88276,247,25,25,6264192,254736,17,17,0
798,1.133,0.322,0.000,1.456,1.424,97878,9602,88276,247,25,25,6264192,254736,17,17,0
799,1.115,0.283,0.000,1.397,1.567,97878,9602,88276,247,25,25,6264192,254736,17,17,0
800,1.096,0.209,0.000,1.305,1.507,97878,9602,88276,247,25,25,6264192,254736,17,17,0
801,1.078,0.337,0.000,1.415,1.412,97878,9602,88276,247,25,25,6264192,254736,17,17,0
802,1.098,0.307,0.000,1.404,1.557,97878,9602,88276,247,25,25,6264192,254736,17,17,0
803,1.153,0.289,0.000,1.442,1.523,97878,9602,88276,247,25,25,6264192,254736,17,17,0
804,1.108,0.269,0.000,1.377,1.555,97878,9602,88276,247,25,25,6264192,254736,17,17,0
805,1.092,0.217,0.000,1.309,1.476,97878,9602,88276,247,25,25,6264192,254736,17,17,0
806,1.119,0.321,0.000,1.441,1.421,97878,9602,88276,247,25,25,6264192,254736,17,17,0
807,1.092,0.268,0.000,1.360,1.548,97878,9602,88276,247,25,25,6264192,254736,17,17,0
808,1.075,0.237,0.000,1.312,1.471,97878,9602,88276,247,25,25,6264192,254736,17,17,0
809,1.112,0.200,0.000,1.312,1.414,97878,9602,88276,247,25,25,6264192,254736,17,17,0
810,1.118,0.347,0.000,1.464,1.421,97878,9602,88276,247,25,25,6264192,254736,17,17,0
811,1.105,0.291,0.000,1.396,1.579,97878,9602,88276,247,25,25,6264192,254736,17,17,0
812,1.094,0.201,0.000,1.295,1.507,97878,9602,88276,247,25,25,6264192,254736,17,17,0
813,1.065,0.374,0.000,1.439,1.400,97878,9602,88276,247,25,25,6264192,254736,17,17,0
814,1.094,0.296,0.000,1.390,1.581,97878,9602,88276,247,25,25,6264192,254736,17,17,0
815,1.158,0.274,0.000,1.432,1.496,97878,9602,88276,247,25,25,6264192,254736,17,17,0
816,1.095,0.258,0.000,1.354,1.538,97878,9602,88276,247,25,25,6264192,254736,17,17,0
817,1.114,0.264,0.000,1.378,1.471,97878,9602,88276,247,25,25,6264192,254736,17,17,0
818,1.101,0.260,0.000,1.361,1.485,97878,9602,88276,247,25,25,6264192,254736,17,17,0
819,1.065,0.251,0.000,1.316,1.468,97878,9602,88276,247,25,25,6264192,254736,17,17,0
820,1.100,0.306,0.000,1.406,1.418,97878,9602,88276,247,25,25,6264192,254736,17,17,0
821,1.158,0.272,0.000,1.431,1.523,97878,9602,88276,247,25,25,6264192,254736,17,17,0
822,1.084,0.210,0.000,1.294,1.536,97878,9602,88276,247,25,25,6264192,254736,17,17,0
823,1.124,0.267,0.000,1.391,1.390,97878,9602,88276,247,25,25,6264192,254736,17,17,0
824,1.122,0.333,0.000,1.455,1.507,97878,9602,88276,247,25,25,6264192,254736,17,17,0
825,1.070,0.275,0.000,1.344,1.574,97878,9602,88276,247,25,25,6264192,254736,17,17,0
826,1.134,0.288,0.000,1.421,1.459,97878,9602,88276,247,25,25,6264192,254736,17,17,0
827,1.097,0.224,0.000,1.321,1.535,97878,9602,88276,247,25,25,6264192,254736,17,17,0
828,1.089,0.269,0.000,1.357,1.416,97878,9602,88276,247,25,25,6264192,254736,17,17,0
829,1.152,0.360,0.000,1.512,1.479,97878,9602,88276,247,25,25,6264192,254736,17,17,0
830,1.090,0.275,0.000,1.365,1.622,97878,9602,88276,247,25,25,6264192,254736,17,17,0
831,1.107,0.282,0.000,1.389,1.478,97878,9602,88276,247,25,25,6264192,254736,17,17,0
832,1.106,0.227,0.000,1.333,1.498,97878,9602,88276,247,25,25,6264192,254736,17,17,0
833,1.068,0.243,0.000,1.311,1.424,97878,9602,88276,247,25,25,6264192,254736,17,17,0
834,1.142,0.335,0.000,1.478,1.421,97878,9602,88276,247,25,25,6264192,254736,17,17,0
835,1.086,0.207,0.000,1.293,1.590,97878,9602,88276,247,25,25,6264192,254736,17,17,0
836,1.118,0.324,0.000,1.441,1.396,97878,9602,88276,247,25,25,6264192,254736,17,17,0
837,1.103,0.305,0.000,1.409,1.550,97878,9602,88276,247,25,25,6264192,254736,17,17,0
838,1.126,0.264,0.000,1.390,1.518,97878,9602,88276,247,25,25,6264192,254736,17,17,0
839,1.076,0.196,0.000,1.272,1.496,97878,9602,88276,247,25,25,6264192,254736,17,17,0
840,1.108,0.320,0.000,1.428,1.382,97878,9602,88276,247,25,25,6264192,254736,17,17,0
841,1.125,0.301,0.000,1.426,1.536,97878,9602,88276,247,25,25,6264192,254736,17,17,0
842,1.120,0.282,0.000,1.402,1.527,97878,9602,88276,247,25,25,6264192,254736,17,17,0
843,1.099,0.214,0.000,1.314,1.515,97878,9602,88276,247,25,25,6264192,254736,17,17,0
844,1.097,0.278,0.000,1.375,1.415,97878,9602,88276,247,25,25,6264192,254736,17,17,0
845,1.096,0.347,0.000,1.442,1.481,97878,9602,88276,247,25,25,6264192,254736,17,17,0
846,1.121,0.258,0.000,1.379,1.549,97878,9602,88276,247,25,25,6264192,254736,17,17,0
847,1.089,0.193,0.000,1.282,1.489,97878,9602,88276,247,25,25,6264192,254736,17,17,0
848,1.121,0.350,0.000,1.471,1.381,97878,9602,88276,247,25,25,6264192,254736,17,17,0
849,1.023,0.205,0.000,1.228,1.576,97878,9602,88276,247,25,25,6264192,254736,17,17,0
850,1.045,0.340,0.000,1.385,1.328,97878,9602,88276,247,25,25,6264192,254736,17,17,0
851,1.080,0.267,0.000,1.346,1.511,97878,9602,88276,247,25,25,6264192,254736,17,17,0
852,1.141,0.247,0.000,1.388,1.455,97878,9602,88276,247,25,25,6264192,254736,17,17,0
853,1.089,0.211,0.000,1.300,1.494,97878,9602,88276,247,25,25,6264192,254736,17,17,0
854,1.047,0.228,0.000,1.275,1.400,97878,9602,88276,247,25,25,6264192,254736,17,17,0
855,1.063,0.310,0.000,1.373,1.380,97878,9602,88276,247,25,25,6264192,254736,17,17,0
856,1.039,0.239,0.000,1.278,1.483,97878,9602,88276,247,25,25,6264192,254736,17,17,0
857,1.121,0.279,0.000,1.399,1.394,97878,9602,88276,247,25,25,6264192,254736,17,17,0
858,1.097,0.209,0.000,1.305,1.506,97878,9602,88276,247,25,25,6264192,254736,17,17,0
859,1.067,0.341,0.000,1.408,1.406,97878,9602,88276,247,25,25,6264192,254736,17,17,0
860,1.089,0.255,0.000,1.344,1.514,97878,9602,88276,247,25,25,6264192,254736,17,17,0
861,1.119,0.278,0.000,1.397,1.457,97878,9602,88276,247,25,25,6264192,254736,17,17,0
862,1.055,0.194,0.000,1.249,1.499,97878,9602,88276,247,25,25,6264192,254736,17,17,0
863,1.064,0.251,0.000,1.315,1.346,97878,9602,88276,247,25,25,6264192,254736,17,17,0
864,1.128,0.333,0.000,1.462,1.414,97878,9602,88276,247,25,25,6264192,254736,17,17,0
865,1.122,0.269,0.000,1.391,1.575,97878,9602,88276,247,25,25,6264192,254736,17,17,0
866,1.102,0.265,0.000,1.367,1.499,97878,9602,88276,247,25,25,6264192,254736,17,17,0
867,1.082,0.217,0.000,1.299,1.482,97878,9602,88276,247,25,25,6264192,254736,17,17,0
868,1.084,0.256,0.000,1.340,1.399,97878,9602,88276,247,25,25,6264192,254736,17,17,0
869,1.126,0.321,0.000,1.447,1.446,97878,9602,88276,247,25,25,6264192,254736,17,17,0
870,1.133,0.271,0.000,1.404,1.570,97878,9602,88276,247,25,25,6264192,254736,17,17,0
871,1.127,0.277,0.000,1.404,1.524,97878,9602,88276,247,25,25,6264192,254736,17,17,0
872,1.093,0.262,0.000,1.355,1.518,97878,9602,88276,247,25,25,6264192,254736,17,17,0
873,1.015,0.181,0.000,1.196,1.464,97878,9602,88276,247,25,25,6264192,254736,17,17,0
874,1.058,0.299,0.000,1.357,1.300,97878,9602,88276,247,25,25,6264192,254736,17,17,0
875,1.098,0.286,0.000,1.384,1.477,97878,9602,88276,247,25,25,6264192,254736,17,17,0
876,1.126,0.209,0.000,1.335,1.494,97878,9602,88276,247,25,25,6264192,254736,17,17,0
877,1.102,0.224,0.000,1.326,1.424,97878,9602,88276,247,25,25,6264192,254736,17,17,0
878,1.105,0.297,0.000,1.401,1.435,97878,9602,88276,247,25,25,6264192,254736,17,17,0
879,1.072,0.246,0.000,1.318,1.512,97878,9602,88276,247,25,25,6264192,254736,17,17,0
880,1.064,0.311,0.000,1.375,1.429,97878,9602,88276,247,25,25,6264192,254736,17,17,0
881,1.069,0.257,0.000,1.325,1.489,97878,9602,88276,247,25,25,6264192,254736,17,17,0
882,1.130,0.251,0.000,1.381,1.459,97878,9602,88276,247,25,25,6264192,254736,17,17,0
883,1.097,0.276,0.000,1.373,1.490,97878,9602,88276,247,25,25,6264192,254736,17,17,0
884,1.063,0.188,0.000,1.252,1.469,97878,9602,88276,247,25,25,6264192,254736,17,17,0
885,1.113,0.348,0.000,1.461,1.349,97878,9602,88276,247,25,25,6264192,254736,17,17,0
886,1.105,0.301,0.000,1.406,1.574,97878,9602,88276,247,25,25,6264192,254736,17,17,0
887,1.120,0.294,0.000,1.414,1.516,97878,9602,88276,247,25,25,6264192,254736,17,17,0
888,1.066,0.265,0.000,1.331,1.523,97878,9602,88276,247,25,25,6264192,254736,17,17,0
889,1.051,0.193,0.000,1.244,1.439,97878,9602,88276,247,25,25,6264192,254736,17,17,0
890,1.123,0.315,0.000,1.438,1.339,97878,9602,88276,247,25,25,6264192,254736,17,17,0
891,1.174,0.253,0.000,1.427,1.551,97878,9602,88276,247,25,25,6264192,254736,17,17,0
892,1.117,0.239,0.000,1.356,1.539,97878,9602,88276,247,25,25,6264192,254736,17,17,0
893,1.081,0.203,0.000,1.284,1.461,97878,9602,88276,247,25,25,6264192,254736,17,17,0
894,1.110,0.321,0.000,1.431,1.394,97878,9602,88276,247,25,25,6264192,254736,17,17,0
895,1.089,0.213,0.000,1.302,1.543,97878,9602,88276,247,25,25,6264192,254736,17,17,0
896,1.104,0.274,0.000,1.378,1.402,97878,9602,88276,247,25,25,6264192,254736,17,17,0
897,1.023,0.284,0.000,1.307,1.491,97878,9602,88276,247,25,25,6264192,254736,17,17,0
898,1.089,0.288,0.000,1.377,1.423,97878,9602,88276,247,25,25,6264192,254736,17,17,0
899,1.095,0.201,0.000,1.296,1.500,97878,9602,88276,247,25,25,6264192,254736,17,17,0
900,1.113,0.304,0.000,1.417,1.385,97878,9602,88276,247,25,25,6264192,254736,17,17,0
901,1.074,0.295,0.000,1.369,1.524,97878,9602,88276,247,25,25,6264192,254736,17,17,0
902,1.082,0.245,0.000,1.326,1.478,97878,9602,88276,247,25,25,6264192,254736,17,17,0
903,1.064,0.294,0.000,1.357,1.421,97878,9602,88276,247,25,25,6264192,254736,17,17,0
904,1.072,0.243,0.000,1.315,1.464,97878,9602,88276,247,25,25,6264192,254736,17,17,0
905,1.110,0.278,0.000,1.388,1.417,97878,9602,88276,247,25,25,6264192,254736,17,17,0
906,1.100,0.265,0.000,1.365,1.497,97878,9602,88276,247,25,25,6264192,254736,17,17,0
907,1.141,0.248,0.000,1.389,1.481,97878,9602,88276,247,25,25,6264192,254736,17,17,0
908,1.088,0.206,0.000,1.294,1.514,97878,9602,88276,247,25,25,6264192,254736,17,17,0
909,1.109,0.353,0.000,1.462,1.392,97878,9602,88276,247,25,25,6264192,254736,17,17,0
910,1.104,0.267,0.000,1.371,1.581,97878,9602,88276,247,25,25,6264192,254736,17,17,0
911,1.093,0.289,0.000,1.382,1.475,97878,9602,88276,247,25,25,6264192,254736,17,17,0
912,1.089,0.282,0.000,1.371,1.486,97878,9602,88276,247,25,25,6264192,254736,17,17,0
913,1.097,0.264,0.000,1.361,1.478,97878,9602,88276,247,25,25,6264192,254736,17,17,0
914,1.095,0.234,0.000,1.329,1.466,97878,9602,88276,247,25,25,6264192,254736,17,17,0
915,1.105,0.198,0.000,1.304,1.426,97878,9602,88276,247,25,25,6264192,254736,17,17,0
916,1.116,0.354,0.000,1.470,1.409,97878,9602,88276,247,25,25,6264192,254736,17,17,0
917,1.105,0.280,0.000,1.385,1.586,97878,9602,88276,247,25,25,6264192,254736,17,17,0
918,1.093,0.288,0.000,1.381,1.496,97878,9602,88276,247,25,25,6264192,254736,17,17,0
919,1.195,0.303,0.000,1.498,1.491,97878,9602,88276,247,25,25,6264192,254736,17,17,0
920,1.270,0.302,0.000,1.572,1.599,97878,9602,88276,247,25,25,6264192,254736,17,17,0
921,1.200,0.252,0.000,1.452,1.685,97878,9602,88276,247,25,25,6264192,254736,17,17,0
922,1.160,0.277,0.000,1.438,1.569,97878,9602,88276,247,25,25,6264192,254736,17,17,0
923,1.281,0.266,0.000,1.546,1.545,97878,9602,88276,247,25,25,6264192,254736,17,17,0
924,1.171,0.277,0.000,1.447,1.650,97878,9602,88276,247,25,25,6264192,254736,17,17,0
925,1.223,0.323,0.000,1.547,1.546,97878,9602,88276,247,25,25,6264192,254736,17,17,0
926,1.247,0.256,0.000,1.503,1.671,97878,9602,88276,247,25,25,6264192,254736,17,17,0
927,1.117,0.287,0.000,1.404,1.608,97878,9602,88276,247,25,25,6264192,254736,17,17,0
928,1.199,0.344,0.000,1.543,1.511,97878,9602,88276,247,25,25,6264192,254736,17,17,0
929,1.186,0.292,0.000,1.478,1.645,97878,9602,88276,247,25,25,6264192,254736,17,17,0
930,1.186,0.291,0.000,1.477,1.583,97878,9602,88276,247,25,25,6264192,254736,17,17,0
931,1.185,0.321,0.000,1.506,1.567,97878,9602,88276,247,25,25,6264192,254736,17,17,0
932,1.204,0.300,0.000,1.504,1.603,97878,9602,88276,247,25,25,6264192,254736,17,17,0
933,1.121,0.285,0.000,1.407,1.600,97878,9602,88276,247,25,25,6264192,254736,17,17,0
934,1.156,0.333,0.000,1.490,1.502,97878,9602,88276,247,25,25,6264192,254736,17,17,0
935,1.234,0.297,0.000,1.531,1.597,97878,9602,88276,247,25,25,6264192,254736,17,17,0
936,1.142,0.320,0.000,1.462,1.637,97878,9602,88276,247,25,25,6264192,254736,17,17,0
937,1.180,0.288,0.000,1.468,1.561,97878,9602,88276,247,25,25,6264192,254736,17,17,0
938,1.153,0.242,0.000,1.395,1.559,97878,9602,88276,247,25,25,6264192,254736,17,17,0
939,1.120,0.361,0.000,1.481,1.499,97878,9602,88276,247,25,25,6264192,254736,17,17,0
940,1.221,0.428,0.000,1.648,1.653,97878,9602,88276,247,25,25,6264192,254736,17,17,0
941,1.248,0.298,0.000,1.547,1.758,97878,9602,88276,247,25,25,6264192,254736,17,17,0
942,1.156,0.297,0.000,1.453,1.664,97878,9602,88276,247,25,25,6264192,254736,17,17,0
943,1.245,0.263,0.000,1.508,1.776,97878,9602,88276,247,25,25,6264192,254736,17,17,0
944,1.176,0.307,0.000,1.483,1.604,97878,9602,88276,247,25,25,6264192,254736,17,17,0
945,1.176,0.272,0.000,1.447,1.589,97878,9602,88276,247,25,25,6264192,254736,17,17,0
946,1.182,0.256,0.000,1.438,1.545,97878,9602,88276,247,25,25,6264192,254736,17,17,0
947,1.126,0.293,0.000,1.418,1.558,97878,9602,88276,247,25,25,6264192,254736,17,17,0
948,1.109,0.240,0.000,1.349,1.514,97878,9602,88276,247,25,25,6264192,254736,17,17,0
949,1.093,0.363,0.000,1.456,1.446,97878,9602,88276,247,25,25,6264192,254736,17,17,0
950,1.155,0.358,0.000,1.513,1.566,97878,9602,88276,247,25,25,6264192,254736,17,17,0
951,1.118,0.287,0.000,1.406,1.614,97878,9602,88276,247,25,25,6264192,254736,17,17,0
952,1.093,0.233,0.000,1.326,1.500,97878,9602,88276,247,25,25,6264192,254736,17,17,0
953,1.165,0.365,0.000,1.529,1.440,97878,9602,88276,247,25,25,6264192,254736,17,17,0
954,1.063,0.274,0.000,1.338,1.631,97878,9602,88276,247,25,25,6264192,254736,17,17,0
955,1.090,0.260,0.000,1.350,1.431,97878,9602,88276,247,25,25,6264192,254736,17,17,0
956,1.087,0.295,0.000,1.382,1.441,97878,9602,88276,247,25,25,6264192,254736,17,17,0
957,1.145,0.279,0.000,1.423,1.472,97878,9602,88276,247,25,25,6264192,254736,17,17,0
958,1.053,0.211,0.000,1.264,1.519,97878,9602,88276,247,25,25,6264192,254736,17,17,0
959,1.141,0.332,0.000,1.473,1.359,97878,9602,88276,247,25,25,6264192,254736,17,17,0
960,1.099,0.278,0.000,1.377,1.569,97878,9602,88276,247,25,25,6264192,254736,17,17,0
961,1.142,0.263,0.000,1.405,1.466,97878,9602,88276,247,25,25,6264192,254736,17,17,0
962,1.110,0.213,0.000,1.322,1.500,97878,9602,88276,247,25,25,6264192,254736,17,17,0
963,1.070,0.250,0.000,1.320,1.410,97878,9602,88276,247,25,25,6264192,254736,17,17,0
964,1.105,0.332,0.000,1.437,1.415,97878,9602,88276,247,25,25,6264192,254736,17,17,0
965,1.139,0.352,0.000,1.491,1.587,97878,9602,88276,247,25,25,6264192,254736,17,17,0
966,1.232,0.250,0.000,1.482,1.608,97878,9602,88276,247,25,25,6264192,254736,17,17,0
967,1.121,0.270,0.000,1.391,1.592,97878,9602,88276,247,25,25,6264192,254736,17,17,0
968,1.114,0.217,0.000,1.331,1.501,97878,9602,88276,247,25,25,6264192,254736,17,17,0
969,1.132,0.313,0.000,1.445,1.443,97878,9602,88276,247,25,25,6264192,254736,17,17,0
970,1.164,0.295,0.000,1.459,1.559,97878,9602,88276,247,25,25,6264192,254736,17,17,0
971,1.274,0.271,0.000,1.545,1.567,97878,9602,88276,247,25,25,6264192,254736,17,17,0
972,1.263,0.645,0.000,1.908,1.662,97878,9602,88276,247,25,25,6264192,254736,17,17,0
973,1.426,0.518,0.000,1.944,2.031,97878,9602,88276,247,25,25,6264192,254736,17,17,0
974,1.354,0.481,0.000,1.835,2.173,97878,9602,88276,247,25,25,6264192,254736,17,17,0
975,1.354,0.358,0.001,1.712,1.947,97878,9602,88276,247,25,25,6264192,254736,17,17,0
976,1.258,0.291,0.000,1.548,1.823,97878,9602,88276,247,25,25,6264192,254736,17,17,0
977,1.210,0.365,0.000,1.576,1.660,97878,9602,88276,247,25,25,6264192,254736,17,17,0
978,1.158,0.315,0.000,1.473,1.684,97878,9602,88276,247,25,25,6264192,254736,17,17,0
979,1.130,0.300,0.000,1.430,1.570,97878,9602,88276,247,25,25,6264192,254736,17,17,0
980,1.185,0.372,0.000,1.557,1.581,97878,9602,88276,247,25,25,6264192,254736,17,17,0
981,1.219,0.314,0.000,1.534,1.672,97878,9602,88276,247,25,25,6264192,254736,17,17,0
982,1.195,0.333,0.000,1.528,1.645,97878,9602,88276,247,25,25,6264192,254736,17,17,0
983,1.183,0.328,0.000,1.511,1.637,97878,9602,88276,247,25,25,6264192,254736,17,17,0
984,1.215,0.303,0.001,1.518,1.633,97878,9602,88276,247,25,25,6264192,254736,17,17,0
985,1.151,0.292,0.000,1.443,1.634,97878,9602,88276,247,25,25,6264192,254736,17,17,0
986,1.057,0.328,0.000,1.385,1.542,97878,9602,88276,247,25,25,6264192,254736,17,17,0
987,1.107,0.270,0.000,1.377,1.487,97878,9602,88276,247,25,25,6264192,254736,17,17,0
988,1.108,0.281,0.000,1.389,1.466,97878,9602,88276,247,25,25,6264192,254736,17,17,0
989,1.228,0.378,0.000,1.606,1.503,97878,9602,88276,247,25,25,6264192,254736,17,17,0
990,1.058,0.281,0.000,1.339,1.704,97878,9602,88276,247,25,25,6264192,254736,17,17,0
991,1.087,0.228,0.000,1.315,1.434,97878,9602,88276,247,25,25,6264192,254736,17,17,0
992,1.077,0.261,0.000,1.338,1.411,97878,9602,88276,247,25,25,6264192,254736,17,17,0
993,1.099,0.339,0.000,1.438,1.443,97878,9602,88276,247,25,25,6264192,254736,17,17,0
994,1.098,0.266,0.000,1.364,1.534,97878,9602,88276,247,25,25,6264192,254736,17,17,0
995,1.111,0.212,0.000,1.323,1.461,97878,9602,88276,247,25,25,6264192,254736,17,17,0
996,1.101,0.279,0.000,1.381,1.416,97878,9602,88276,247,25,25,6264192,254736,17,17,0
997,1.082,0.342,0.000,1.424,1.489,97878,9602,88276,247,25,25,6264192,254736,17,17,0
998,1.164,0.280,0.000,1.444,1.529,97878,9602,88276,247,25,25,6264192,254736,17,17,0
999,1.134,0.255,0.000,1.390,1.556,97878,9602,88276,247,25,25,6264192,254736,17,17,0
1000,1.126,0.213,0.000,1.338,1.499,97878,9602,88276,247,25,25,6264192,254736,17,17,0
1001,1.077,0.266,0.000,1.343,1.436,97878,9602,88276,247,25,25,6264192,254736,17,17,0
1002,1.139,0.315,0.000,1.454,1.451,97878,9602,88276,247,25,25,6264192,254736,17,17,0
1003,1.112,0.213,0.000,1.324,1.570,97878,9602,88276,247,25,25,6264192,254736,17,17,0
1004,1.125,0.365,0.000,1.490,1.426,97878,9602,88276,247,25,25,6264192,254736,17,17,0
1005,1.133,0.242,0.000,1.375,1.608,97878,9602,88276,247,25,25,6264192,254736,17,17,0
1006,1.127,0.255,0.000,1.382,1.484,97878,9602,88276,247,25,25,6264192,254736,17,17,0
1007,1.114,0.214,0.000,1.328,1.500,97878,9602,88276,247,25,25,6264192,254736,17,17,0
1008,1.125,0.331,0.000,1.455,1.427,97878,9602,88276,247,25,25,6264192,254736,17,17,0
1009,1.138,0.295,0.000,1.433,1.580,97878,9602,88276,247,25,25,6264192,254736,17,17,0
1010,1.110,0.203,0.000,1.313,1.543,97878,9602,88276,247,25,25,6264192,254736,17,17,0
1011,1.084,0.247,0.000,1.331,1.409,97878,9602,88276,247,25,25,6264192,254736,17,17,0
1012,1.137,0.341,0.000,1.478,1.447,97878,9602,88276,247,25,25,6264192,254736,17,17,0
1013,1.060,0.289,0.000,1.350,1.588,97878,9602,88276,247,25,25,6264192,254736,17,17,0
1014,1.151,0.282,0.000,1.433,1.461,97878,9602,88276,247,25,25,6264192,254736,17,17,0
1015,1.093,0.272,0.000,1.365,1.539,97878,9602,88276,247,25,25,6264192,254736,17,17,0
1016,1.133,0.292,0.000,1.425,1.477,97878,9602,88276,247,25,25,6264192,254736,17,17,0
1017,1.094,0.219,0.000,1.314,1.533,97878,9602,88276,247,25,25,6264192,254736,17,17,0
1018,1.130,0.348,0.000,1.478,1.412,97878,9602,88276,247,25,25,6264192,254736,17,17,0
1019,1.113,0.199,0.000,1.312,1.594,97878,9602,88276,247,25,25,6264192,254736,17,17,0
1020,1.118,0.323,0.000,1.442,1.420,97878,9602,88276,247,25,25,6264192,254736,17,17,0
1021,1.111,0.254,0.000,1.365,1.553,97878,9602,88276,247,25,25,6264192,254736,17,17,0
1022,1.076,0.206,0.000,1.282,1.474,97878,9602,88276,247,25,25,6264192,254736,17,17,0
1023,1.103,0.367,0.000,1.470,1.378,97878,9602,88276,247,25,25,6264192,254736,17,17,0
1024,1.123,0.296,0.000,1.419,1.587,97878,9602,88276,247,25,25,6264192,254736,17,17,0
1025,1.116,0.263,0.000,1.379,1.526,97878,9602,88276,247,25,25,6264192,254736,17,17,0
1026,1.123,0.244,0.000,1.368,1.500,97878,9602,88276,247,25,25,6264192,254736,17,17,0
1027,1.119,0.211,0.000,1.330,1.476,97878,9602,88276,247,25,25,6264192,254736,17,17,0
1028,1.077,0.254,0.000,1.332,1.427,97878,9602,88276,247,25,25,6264192,254736,17,17,0
1029,1.095,0.341,0.000,1.436,1.442,97878,9602,88276,247,25,25,6264192,254736,17,17,0
1030,1.083,0.293,0.000,1.376,1.548,97878,9602,88276,247,25,25,6264192,254736,17,17,0
1031,1.106,0.201,0.000,1.307,1.486,97878,9602,88276,247,25,25,6264192,254736,17,17,0
1032,1.093,0.281,0.000,1.375,1.405,97878,9602,88276,247,25,25,6264192,254736,17,17,0
1033,1.098,0.326,0.000,1.424,1.491,97878,9602,88276,247,25,25,6264192,254736,17,17,0
1034,1.087,0.278,0.000,1.365,1.526,97878,9602,88276,247,25,25,6264192,254736,17,17,0
1035,1.115,0.216,0.000,1.332,1.477,97878,9602,88276,247,25,25,6264192,254736,17,17,0
1036,1.082,0.227,0.000,1.309,1.430,97878,9602,88276,247,25,25,6264192,254736,17,17,0
1037,1.118,0.240,0.000,1.358,1.414,97878,9602,88276,247,25,25,6264192,254736,17,17,0
1038,1.128,0.319,0.000,1.447,1.470,97878,9602,88276,247,25,25,6264192,254736,17,17,0
1039,1.159,0.257,0.000,1.415,1.551,97878,9602,88276,247,25,25,6264192,254736,17,17,0
1040,1.103,0.268,0.000,1.371,1.529,97878,9602,88276,247,25,25,6264192,254736,17,17,0
1041,1.120,0.263,0.000,1.383,1.480,97878,9602,88276,247,25,25,6264192,254736,17,17,0
1042,1.078,0.250,0.000,1.328,1.494,97878,9602,88276,247,25,25,6264192,254736,17,17,0
1043,1.070,0.192,0.000,1.262,1.427,97878,9602,88276,247,25,25,6264192,254736,17,17,0
1044,1.124,0.364,0.000,1.488,1.366,97878,9602,88276,247,25,25,6264192,254736,17,17,0
1045,1.109,0.253,0.000,1.362,1.604,97878,9602,88276,247,25,25,6264192,254736,17,17,0
1046,1.117,0.261,0.000,1.379,1.472,97878,9602,88276,247,25,25,6264192,254736,17,17,0
1047,1.101,0.240,0.000,1.341,1.495,97878,9602,88276,247,25,25,6264192,254736,17,17,0
1048,1.113,0.261,0.000,1.375,1.445,97878,9602,88276,247,25,25,6264192,254736,17,17,0
1049,1.086,0.257,0.000,1.343,1.481,97878,9602,88276,247,25,25,6264192,254736,17,17,0
1050,1.093,0.200,0.000,1.293,1.454,97878,9602,88276,247,25,25,6264192,254736,17,17,0
1051,1.111,0.268,0.000,1.379,1.398,97878,9602,88276,247,25,25,6264192,254736,17,17,0
1052,1.094,0.322,0.000,1.416,1.492,97878,9602,88276,247,25,25,6264192,254736,17,17,0
1053,1.071,0.260,0.000,1.331,1.526,97878,9602,88276,247,25,25,6264192,254736,17,17,0
1054,1.119,0.270,0.000,1.388,1.447,97878,9602,88276,247,25,25,6264192,254736,17,17,0
1055,1.212,0.294,0.000,1.506,1.497,97878,9602,88276,247,25,25,6264192,254736,17,17,0
1056,1.101,0.262,0.000,1.363,1.614,97878,9602,88276,247,25,25,6264192,254736,17,17,0
1057,1.158,0.296,0.000,1.454,1.448,97878,9602,88276,247,25,25,6264192,254736,17,17,0
1058,1.124,0.289,0.000,1.413,1.556,97878,9602,88276,247,25,25,6264192,254736,17,17,0
1059,1.080,0.315,0.000,1.395,1.520,97878,9602,88276,247,25,25,6264192,254736,17,17,0
1060,1.114,0.249,0.000,1.363,1.513,97878,9602,88276,247,25,25,6264192,254736,17,17,0
1061,1.045,0.190,0.000,1.235,1.472,97878,9602,88276,247,25,25,6264192,254736,17,17,0
1062,1.017,0.256,0.000,1.272,1.324,97878,9602,88276,247,25,25,6264192,254736,17,17,0
1063,1.141,0.344,0.000,1.484,1.420,97878,9602,88276,247,25,25,6264192,254736,17,17,0
1064,1.134,0.274,0.000,1.408,1.594,97878,9602,88276,247,25,25,6264192,254736,17,17,0
1065,1.132,0.300,0.000,1.432,1.529,97878,9602,88276,247,25,25,6264192,254736,17,17,0
1066,1.097,0.266,0.000,1.363,1.540,97878,9602,88276,247,25,25,6264192,254736,17,17,0
1067,1.078,0.188,0.000,1.266,1.468,97878,9602,88276,247,25,25,6264192,254736,17,17,0
1068,1.101,0.312,0.000,1.414,1.355,97878,9602,88276,247,25,25,6264192,254736,17,17,0
1069,1.127,0.290,0.000,1.417,1.526,97878,9602,88276,247,25,25,6264192,254736,17,17,0
1070,1.117,0.257,0.000,1.374,1.526,97878,9602,88276,247,25,25,6264192,254736,17,17,0
1071,1.099,0.212,0.000,1.311,1.480,97878,9602,88276,247,25,25,6264192,254736,17,17,0
1072,1.105,0.324,0.000,1.429,1.411,97878,9602,88276,247,25,25,6264192,254736,17,17,0
1073,1.165,0.321,0.000,1.487,1.535,97878,9602,88276,247,25,25,6264192,254736,17,17,0
1074,1.102,0.226,0.000,1.328,1.600,97878,9602,88276,247,25,25,6264192,254736,17,17,0
1075,1.087,0.296,0.000,1.383,1.417,97878,9602,88276,247,25,25,6264192,254736,17,17,0
1076,1.078,0.324,0.000,1.402,1.503,97878,9602,88276,247,25,25,6264192,254736,17,17,0
1077,1.062,0.191,0.000,1.253,1.515,97878,9602,88276,247,25,25,6264192,254736,17,17,0
1078,1.099,0.365,0.000,1.464,1.353,97878,9602,88276,247,25,25,6264192,254736,17,17,0
1079,1.133,0.316,0.000,1.449,1.584,97878,9602,88276,247,25,25,6264192,254736,17,17,0
1080,1.133,0.218,0.000,1.351,1.555,97878,9602,88276,247,25,25,6264192,254736,17,17,0
1081,1.181,0.282,0.000,1.463,1.450,97878,9602,88276,247,25,25,6264192,254736,17,17,0
1082,1.151,0.376,0.000,1.527,1.570,97878,9602,88276,247,25,25,6264192,254736,17,17,0
1083,1.126,0.288,0.000,1.414,1.627,97878,9602,88276,247,25,25,6264192,254736,17,17,0
1084,1.088,0.288,0.000,1.376,1.526,97878,9602,88276,247,25,25,6264192,254736,17,17,0
1085,1.118,0.292,0.000,1.410,1.488,97878,9602,88276,247,25,25,6264192,254736,17,17,0
1086,1.118,0.285,0.000,1.404,1.535,97878,9602,88276,247,25,25,6264192,254736,17,17,0
1087,1.110,0.257,0.000,1.368,1.513,97878,9602,88276,247,25,25,6264192,254736,17,17,0
1088,1.101,0.289,0.000,1.390,1.484,97878,9602,88276,247,25,25,6264192,254736,17,17,0
1089,1.115,0.227,0.000,1.341,1.505,97878,9602,88276,247,25,25,6264192,254736,17,17,0
1090,1.095,0.264,0.000,1.359,1.432,97878,9602,88276,247,25,25,6264192,254736,17,17,0
1091,1.106,0.329,0.000,1.435,1.463,97878,9602,88276,247,25,25,6264192,254736,17,17,0
1092,1.109,0.281,0.000,1.389,1.544,97878,9602,88276,247,25,25,6264192,254736,17,17,0
1093,1.070,0.217,0.000,1.286,1.506,97878,9602,88276,247,25,25,6264192,254736,17,17,0
1094,1.082,0.337,0.000,1.418,1.393,97878,9602,88276,247,25,25,6264192,254736,17,17,0
1095,1.094,0.306,0.000,1.400,1.537,97878,9602,88276,247,25,25,6264192,254736,17,17,0
1096,1.091,0.204,0.000,1.295,1.510,97878,9602,88276,247,25,25,6264192,254736,17,17,0
1097,1.111,0.326,0.000,1.437,1.406,97878,9602,88276,247,25,25,6264192,254736,17,17,0
1098,1.088,0.267,0.000,1.355,1.545,97878,9602,88276,247,25,25,6264192,254736,17,17,0
1099,1.104,0.307,0.000,1.412,1.465,97878,9602,88276,247,25,25,6264192,254736,17,17,0
1100,1.076,0.214,0.000,1.290,1.522,97878,9602,88276,247,25,25,6264192,254736,17,17,0
1101,1.102,0.280,0.000,1.382,1.382,97878,9602,88276,247,25,25,6264192,254736,17,17,0
1102,1.080,0.356,0.000,1.436,1.501,97878,9602,88276,247,25,25,6264192,254736,17,17,0
1103,1.520,0.260,0.000,1.780,1.549,97878,9602,88276,247,25,25,6264192,254736,17,17,0
1104,1.110,0.262,0.000,1.372,1.892,97878,9602,88276,247,25,25,6264192,254736,17,17,0
1105,1.089,0.229,0.000,1.318,1.486,97878,9602,88276,247,25,25,6264192,254736,17,17,0
1106,1.074,0.311,0.000,1.385,1.414,97878,9602,88276,247,25,25,6264192,254736,17,17,0
1107,1.118,0.287,0.000,1.405,1.489,97878,9602,88276,247,25,25,6264192,254736,17,17,0
1108,1.070,0.194,0.000,1.264,1.511,97878,9602,88276,247,25,25,6264192,254736,17,17,0
1109,1.113,0.332,0.000,1.445,1.369,97878,9602,88276,247,25,25,6264192,254736,17,17,0
1110,1.043,0.271,0.000,1.314,1.549,97878,9602,88276,247,25,25,6264192,254736,17,17,0
1111,1.168,0.306,0.000,1.474,1.424,97878,9602,88276,247,25,25,6264192,254736,17,17,0
1112,1.107,0.257,0.000,1.363,1.582,97878,9602,88276,247,25,25,6264192,254736,17,17,0
1113,1.073,0.210,0.000,1.283,1.472,97878,9602,88276,247,25,25,6264192,254736,17,17,0
1114,1.093,0.243,0.000,1.337,1.394,97878,9602,88276,247,25,25,6264192,254736,17,17,0
1115,1.065,0.243,0.000,1.309,1.440,97878,9602,88276,247,25,25,6264192,254736,17,17,0
1116,1.093,0.291,0.000,1.384,1.428,97878,9602,88276,247,25,25,6264192,254736,17,17,0
1117,1.092,0.245,0.000,1.337,1.497,97878,9602,88276,247,25,25,6264192,254736,17,17,0
1118,1.090,0.276,0.000,1.366,1.446,97878,9602,88276,247,25,25,6264192,254736,17,17,0
1119,1.079,0.279,0.000,1.358,1.469,97878,9602,88276,247,25,25,6264192,254736,17,17,0
1120,1.102,0.202,0.000,1.305,1.464,97878,9602,88276,247,25,25,6264192,254736,17,17,0
1121,1.081,0.253,0.000,1.334,1.399,97878,9602,88276,247,25,25,6264192,254736,17,17,0
1122,1.129,0.326,0.000,1.455,1.439,97878,9602,88276,247,25,25,6264192,254736,17,17,0
1123,1.126,0.287,0.000,1.413,1.564,97878,9602,88276,247,25,25,6264192,254736,17,17,0
1124,1.057,0.241,0.000,1.298,1.522,97878,9602,88276,247,25,25,6264192,254736,17,17,0
1125,1.122,0.299,0.000,1.421,1.395,97878,9602,88276,247,25,25,6264192,254736,17,17,0
1126,1.126,0.263,0.000,1.389,1.529,97878,9602,88276,247,25,25,6264192,254736,17,17,0
1127,1.092,0.196,0.000,1.288,1.488,97878,9602,88276,247,25,25,6264192,254736,17,17,0
1128,1.057,0.243,0.000,1.299,1.397,97878,9602,88276,247,25,25,6264192,254736,17,17,0
1129,1.123,0.336,0.000,1.459,1.404,97878,9602,88276,247,25,25,6264192,254736,17,17,0
1130,1.056,0.293,0.000,1.348,1.570,97878,9602,88276,247,25,25,6264192,254736,17,17,0
1131,1.091,0.277,0.000,1.368,1.462,97878,9602,88276,247,25,25,6264192,254736,17,17,0
1132,1.095,0.205,0.000,1.300,1.484,97878,9602,88276,247,25,25,6264192,254736,17,17,0
1133,1.079,0.370,0.000,1.449,1.400,97878,9602,88276,247,25,25,6264192,254736,17,17,0
1134,1.113,0.300,0.000,1.413,1.566,97878,9602,88276,247,25,25,6264192,254736,17,17,0
1135,1.103,0.268,0.000,1.371,1.528,97878,9602,88276,247,25,25,6264192,254736,17,17,0
1136,1.065,0.191,0.000,1.256,1.476,97878,9602,88276,247,25,25,6264192,254736,17,17,0
1137,1.095,0.334,0.000,1.429,1.349,97878,9602,88276,247,25,25,6264192,254736,17,17,0
1138,1.075,0.294,0.000,1.369,1.535,97878,9602,88276,247,25,25,6264192,254736,17,17,0
1139,1.109,0.201,0.000,1.310,1.476,97878,9602,88276,247,25,25,6264192,254736,17,17,0
1140,1.085,0.237,0.000,1.322,1.402,97878,9602,88276,247,25,25,6264192,254736,17,17,0
1141,1.088,0.321,0.000,1.409,1.428,97878,9602,88276,247,25,25,6264192,254736,17,17,0
1142,1.093,0.272,0.000,1.365,1.515,97878,9602,88276,247,25,25,6264192,254736,17,17,0
1143,1.070,0.201,0.000,1.271,1.473,97878,9602,88276,247,25,25,6264192,254736,17,17,0
1144,1.101,0.328,0.000,1.429,1.369,97878,9602,88276,247,25,25,6264192,254736,17,17,0
1145,1.117,0.280,0.000,1.398,1.543,97878,9602,88276,247,25,25,6264192,254736,17,17,0
1146,1.051,0.223,0.000,1.275,2.641,97878,9602,88276,247,25,25,6264192,254736,17,17,0
1147,1.020,0.216,0.000,1.236,1.399,97878,9602,88276,247,25,25,6264192,254736,17,17,0
1148,1.045,0.280,0.000,1.325,1.334,97878,9602,88276,247,25,25,6264192,254736,17,17,0
1149,1.052,0.376,0.000,1.428,1.442,97878,9602,88276,247,25,25,6264192,254736,17,17,0
1150,1.057,0.304,0.000,1.361,1.563,97878,9602,88276,247,25,25,6264192,254736,17,17,0
1151,1.065,0.215,0.000,1.280,1.473,97878,9602,88276,247,25,25,6264192,254736,17,17,0
1152,1.044,0.306,0.000,1.349,1.378,97878,9602,88276,247,25,25,6264192,254736,17,17,0
1153,1.090,0.284,0.000,1.374,1.456,97878,9602,88276,247,25,25,6264192,254736,17,17,0
1154,1.094,0.197,0.000,1.290,1.484,97878,9602,88276,247,25,25,6264192,254736,17,17,0
1155,1.083,0.261,0.000,1.344,1.381,97878,9602,88276,247,25,25,6264192,254736,17,17,0
1156,1.111,0.333,0.000,1.444,1.452,97878,9602,88276,247,25,25,6264192,254736,17,17,0
1157,1.069,0.277,0.000,1.346,1.563,97878,9602,88276,247,25,25,6264192,254736,17,17,0
1158,1.090,0.243,0.000,1.333,1.458,97878,9602,88276,247,25,25,6264192,254736,17,17,0
1159,1.093,0.269,0.000,1.362,1.429,97878,9602,88276,247,25,25,6264192,254736,17,17,0
1160,1.076,0.186,0.000,1.262,1.470,97878,9602,88276,247,25,25,6264192,254736,17,17,0
1161,1.102,0.329,0.000,1.430,1.358,97878,9602,88276,247,25,25,6264192,254736,17,17,0
1162,1.065,0.266,0.000,1.331,1.536,97878,9602,88276,247,25,25,6264192,254736,17,17,0
1163,1.127,0.246,0.000,1.373,1.438,97878,9602,88276,247,25,25,6264192,254736,17,17,0
1164,1.043,0.188,0.000,1.231,1.474,97878,9602,88276,247,25,25,6264192,254736,17,17,0
1165,1.081,0.294,0.000,1.375,1.338,97878,9602,88276,247,25,25,6264192,254736,17,17,0
1166,1.120,0.294,0.000,1.415,1.487,97878,9602,88276,247,25,25,6264192,254736,17,17,0
1167,1.091,0.211,0.000,1.302,1.519,97878,9602,88276,247,25,25,6264192,254736,17,17,0
1168,1.100,0.256,0.000,1.356,1.392,97878,9602,88276,247,25,25,6264192,254736,17,17,0
1169,1.086,0.315,0.000,1.401,1.470,97878,9602,88276,247,25,25,6264192,254736,17,17,0
1170,1.073,0.273,0.000,1.345,1.512,97878,9602,88276,247,25,25,6264192,254736,17,17,0
1171,1.082,0.293,0.000,1.375,1.456,97878,9602,88276,247,25,25,6264192,254736,17,17,0
1172,1.105,0.207,0.000,1.312,1.492,97878,9602,88276,247,25,25,6264192,254736,17,17,0
1173,1.094,0.298,0.000,1.392,1.419,97878,9602,88276,247,25,25,6264192,254736,17,17,0
1174,1.073,0.195,0.000,1.268,1.508,97878,9602,88276,247,25,25,6264192,254736,17,17,0
1175,1.087,0.311,0.000,1.398,1.379,97878,9602,88276,247,25,25,6264192,254736,17,17,0
1176,1.114,0.342,0.000,1.456,1.510,97878,9602,88276,247,25,25,6264192,254736,17,17,0
1177,1.098,0.225,0.000,1.322,1.568,97878,9602,88276,247,25,25,6264192,254736,17,17,0
1178,1.101,0.400,0.000,1.502,1.441,97878,9602,88276,247,25,25,6264192,254736,17,17,0
1179,1.123,0.316,0.000,1.439,1.612,97878,9602,88276,247,25,25,6264192,254736,17,17,0
1180,1.117,0.275,0.000,1.392,1.561,97878,9602,88276,247,25,25,6264192,254736,17,17,0
1181,1.058,0.303,0.000,1.361,1.504,97878,9602,88276,247,25,25,6264192,254736,17,17,0
1182,1.103,0.214,0.000,1.317,1.472,97878,9602,88276,247,25,25,6264192,254736,17,17,0
1183,1.073,0.336,0.000,1.409,1.423,97878,9602,88276,247,25,25,6264192,254736,17,17,0
1184,1.042,0.268,0.000,1.310,1.534,97878,9602,88276,247,25,25,6264192,254736,17,17,0
1185,1.139,0.285,0.000,1.424,1.422,97878,9602,88276,247,25,25,6264192,254736,17,17,0
1186,1.091,0.222,0.000,1.313,1.532,97878,9602,88276,247,25,25,6264192,254736,17,17,0
1187,1.089,0.265,0.000,1.354,1.402,97878,9602,88276,247,25,25,6264192,254736,17,17,0
1188,1.072,0.284,0.000,1.356,1.462,97878,9602,88276,247,25,25,6264192,254736,17,17,0
1189,1.077,0.196,0.000,1.273,1.471,97878,9602,88276,247,25,25,6264192,254736,17,17,0
1190,1.088,0.324,0.000,1.412,1.373,97878,9602,88276,247,25,25,6264192,254736,17,17,0
1191,1.117,0.282,0.000,1.400,1.513,97878,9602,88276,247,25,25,6264192,254736,17,17,0
1192,1.103,0.217,0.000,1.321,1.505,97878,9602,88276,247,25,25,6264192,254736,17,17,0
1193,1.093,0.326,0.000,1.418,1.417,97878,9602,88276,247,25,25,6264192,254736,17,17,0
1194,1.089,0.267,0.000,1.356,1.531,97878,9602,88276,247,25,25,6264192,254736,17,17,0
1195,1.142,0.273,0.000,1.415,1.467,97878,9602,88276,247,25,25,6264192,254736,17,17,0
1196,1.079,0.227,0.000,1.306,1.526,97878,9602,88276,247,25,25,6264192,254736,17,17,0
1197,1.080,0.285,0.000,1.365,1.400,97878,9602,88276,247,25,25,6264192,254736,17,17,0
1198,1.070,0.322,0.000,1.392,1.481,97878,9602,88276,247,25,25,6264192,254736,17,17,0
1199,1.085,0.289,0.000,1.374,1.506,97878,9602,88276,247,25,25,6264192,254736,17,17,0
1200,1.119,0.264,0.000,1.383,1.481,97878,9602,88276,247,25,25,6264192,254736,17,17,0
