frame,update_ms,render_ms,swap_ms,frame_ms,loop_ms,total_vertices,visible_vertices,culled_vertices,total_batches,visible_batches,draw_calls,vbo_bytes,index_bytes,texture_binds,material_changes,reflection_passes
1,0.491,0.284,0.012,0.787,0.787,16644,6286,10358,36,14,14,1264944,33984,14,14,0
2,0.467,0.749,0.012,1.229,0.948,16644,6286,10358,36,14,14,1264944,33984,14,14,0
3,0.444,0.276,0.011,0.731,1.362,16644,6286,10358,36,14,14,1264944,33984,14,14,0
4,0.473,3.944,0.009,4.427,0.840,16644,6286,10358,36,14,14,1264944,33984,14,14,0
5,0.438,3.260,0.009,3.706,4.571,16644,6286,10358,36,14,14,1264944,33984,14,14,0
6,0.448,4.497,0.009,4.954,3.848,16644,6286,10358,36,14,14,1264944,33984,14,14,0
7,0.453,7.060,0.006,7.519,5.089,16644,6286,10358,36,14,14,1264944,33984,14,14,0
8,0.759,0.347,0.012,1.118,7.648,16644,6286,10358,36,14,14,1264944,33984,14,14,0
9,0.482,0.246,0.009,0.737,1.237,16644,6286,10358,36,14,14,1264944,33984,14,14,0
10,0.446,1.372,0.008,1.827,0.843,16644,6286,10358,36,14,14,1264944,33984,14,14,0
11,0.456,3.534,0.012,4.002,1.945,16644,6286,10358,36,14,14,1264944,33984,14,14,0
12,0.486,0.943,0.008,1.438,4.143,16644,6286,10358,36,14,14,1264944,33984,14,14,0
13,0.500,0.521,0.009,1.030,1.584,16644,6286,10358,36,14,14,1264944,33984,14,14,0
14,0.463,1.917,0.014,2.395,1.158,16644,6286,10358,36,14,14,1264944,33984,14,14,0
15,0.506,2.362,0.008,2.876,2.531,16644,6286,10358,36,14,14,1264944,33984,14,14,0
16,0.491,1.330,0.008,1.829,3.014,16644,6286,10358,36,14,14,1264944,33984,14,14,0
17,0.499,14.898,0.008,15.405,1.959,16644,6286,10358,36,14,14,1264944,33984,14,14,0
18,0.830,6.967,0.012,7.809,15.563,16644,6286,10358,36,14,14,1264944,33984,14,14,0
19,0.514,0.567,0.013,1.094,7.958,16644,6286,10358,36,14,14,1264944,33984,14,14,0
20,0.570,0.280,0.013,0.863,1.251,16644,6286,10358,36,14,14,1264944,33984,14,14,0
21,0.546,0.234,0.012,0.792,1.004,16644,6286,10358,36,14,14,1264944,33984,14,14,0
22,0.612,0.252,0.007,0.872,0.919,16644,6286,10358,36,14,14,1264944,33984,14,14,0
23,0.517,3.363,0.011,3.892,0.996,16644,6286,10358,36,14,14,1264944,33984,14,14,0
24,0.521,1.376,0.008,1.904,4.039,16644,6286,10358,36,14,14,1264944,33984,14,14,0
25,0.527,13.868,0.010,14.405,2.060,16644,6286,10358,36,14,14,1264944,33984,14,14,0
26,0.577,7.714,0.012,8.302,14.575,16644,6286,10358,36,14,14,1264944,33984,14,14,0
27,0.564,0.675,0.012,1.252,8.471,16644,6286,10358,36,14,14,1264944,33984,14,14,0
28,0.562,0.273,0.010,0.846,1.405,16644,6286,10358,36,14,14,1264944,33984,14,14,0
29,0.858,0.299,0.012,1.169,1.001,16644,6286,10358,36,14,14,1264944,33984,14,14,0
30,0.548,0.232,0.012,0.792,1.326,16644,6286,10358,36,14,14,1264944,33984,14,14,0
31,0.561,0.262,0.009,0.832,0.936,16644,6286,10358,36,14,14,1264944,33984,14,14,0
32,0.532,2.464,0.018,3.014,0.968,16644,6286,10358,36,14,14,1264944,33984,14,14,0
33,0.629,15.891,0.020,16.539,3.167,16644,6286,10358,36,14,14,1264944,33984,14,14,0
34,0.597,6.961,0.012,7.570,16.705,16644,6286,10358,36,14,14,1264944,33984,14,14,0
35,0.619,0.758,0.015,1.392,7.738,16644,6286,10358,36,14,14,1264944,33984,14,14,0
36,0.882,0.319,0.008,1.209,1.584,16644,6286,10358,36,14,14,1264944,33984,14,14,0
37,0.645,0.289,0.010,0.944,1.403,16644,6286,10358,36,14,14,1264944,33984,14,14,0
38,0.643,0.259,0.008,0.910,1.116,16644,6286,10358,36,14,14,1264944,33984,14,14,0
39,0.560,0.265,0.010,0.835,1.072,16644,6286,10358,36,14,14,1264944,33984,14,14,0
40,0.609,2.450,0.011,3.070,0.979,16644,6286,10358,36,14,14,1264944,33984,14,14,0
41,0.600,15.150,0.009,15.759,3.237,16644,6286,10358,36,14,14,1264944,33984,14,14,0
42,0.627,7.079,0.010,7.716,15.948,16644,6286,10358,36,14,14,1264944,33984,14,14,0
43,0.832,0.219,0.012,1.062,7.892,16644,6286,10358,36,14,14,1264944,33984,14,14,0
44,0.645,0.283,0.010,0.937,1.230,16644,6286,10358,36,14,14,1264944,33984,14,14,0
45,0.636,0.311,0.019,0.966,1.101,16644,6286,10358,36,14,14,1264944,33984,14,14,0
46,0.657,0.287,0.013,0.957,1.137,16644,6286,10358,36,14,14,1264944,33984,14,14,0
47,0.663,0.278,0.011,0.951,1.125,16644,6286,10358,36,14,14,1264944,33984,14,14,0
48,0.633,3.574,0.011,4.219,1.114,16644,6286,10358,36,14,14,1264944,33984,14,14,0
49,0.850,14.216,0.011,15.076,4.416,16644,6286,10358,36,14,14,1264944,33984,14,14,0
50,0.939,6.885,0.008,7.833,15.218,16644,6286,10358,36,14,14,1264944,33984,14,14,0
51,0.847,0.252,0.011,1.110,7.993,16644,6286,10358,36,14,14,1264944,33984,14,14,0
52,0.708,0.298,0.009,1.015,1.262,16644,6286,10358,36,14,14,1264944,33984,14,14,0
53,0.653,0.342,0.017,1.012,1.156,16644,6286,10358,36,14,14,1264944,33984,14,14,0
54,0.660,0.317,0.012,0.988,1.154,16644,6286,10358,36,14,14,1264944,33984,14,14,0
55,0.619,0.338,0.011,0.968,1.109,16644,6286,10358,36,14,14,1264944,33984,14,14,0
56,0.651,3.567,0.010,4.227,1.096,16644,6286,10358,36,14,14,1264944,33984,14,14,0
57,0.618,14.389,0.008,15.015,4.365,16644,6286,10358,36,14,14,1264944,33984,14,14,0
58,0.975,6.912,0.010,7.897,15.172,16644,6286,10358,36,14,14,1264944,33984,14,14,0
59,0.682,0.366,0.012,1.059,8.050,16644,6286,10358,36,14,14,1264944,33984,14,14,0
60,11.786,1.063,0.013,12.862,7.916,16750,6362,10388,36,14,14,1273000,34824,14,14,0
61,1.213,2.277,0.009,3.499,12.965,16750,6362,10388,36,14,14,1273000,34824,14,14,0
62,3.470,4.914,0.009,8.394,3.597,16750,6362,10388,36,14,14,1273000,34824,14,14,0
63,0.441,7.314,0.014,7.769,8.507,16750,6362,10388,36,14,14,1273000,34824,14,14,0
64,0.484,7.746,0.008,8.238,7.873,16750,6362,10388,36,14,14,1273000,34824,14,14,0
65,0.487,7.849,0.007,8.342,8.368,16750,6362,10388,36,14,14,1273000,34824,14,14,0
66,0.518,7.897,0.008,8.423,8.455,16750,6362,10388,36,14,14,1273000,34824,14,14,0
67,0.515,7.613,0.010,8.138,8.537,16750,6362,10388,36,14,14,1273000,34824,14,14,0
68,0.567,0.574,0.012,1.153,8.263,16750,6362,10388,36,14,14,1273000,34824,14,14,0
69,0.579,0.262,0.009,0.850,1.280,16750,6362,10388,36,14,14,1273000,34824,14,14,0
70,0.558,0.292,0.009,0.859,0.962,16750,6362,10388,36,14,14,1273000,34824,14,14,0
71,0.538,0.241,0.011,0.790,0.968,16750,6362,10388,36,14,14,1273000,34824,14,14,0
72,0.546,0.229,0.011,0.786,0.916,16750,6362,10388,36,14,14,1273000,34824,14,14,0
73,0.561,0.369,0.012,0.942,0.901,16750,6362,10388,36,14,14,1273000,34824,14,14,0
74,0.558,1.498,0.009,2.064,1.071,16750,6362,10388,36,14,14,1273000,34824,14,14,0
75,0.519,3.002,0.008,3.530,2.190,16750,6362,10388,36,14,14,1273000,34824,14,14,0
76,0.557,12.500,0.014,13.071,3.656,16750,6362,10388,36,14,14,1273000,34824,14,14,0
77,0.601,7.416,0.018,8.035,13.194,16750,6362,10388,36,14,14,1273000,34824,14,14,0
78,0.592,0.776,0.010,1.377,8.159,16750,6362,10388,36,14,14,1273000,34824,14,14,0
79,0.570,0.276,0.015,0.861,1.515,16750,6362,10388,36,14,14,1273000,34824,14,14,0
80,0.582,0.288,0.010,0.880,0.989,16750,6362,10388,36,14,14,1273000,34824,14,14,0
81,0.557,0.250,0.011,0.818,1.002,16750,6362,10388,36,14,14,1273000,34824,14,14,0
82,0.565,0.249,0.010,0.823,0.942,16750,6362,10388,36,14,14,1273000,34824,14,14,0
83,0.563,10.656,0.010,11.229,0.934,16750,6362,10388,36,14,14,1273000,34824,14,14,0
84,0.576,7.921,0.014,8.512,11.367,16750,6362,10388,36,14,14,1273000,34824,14,14,0
85,0.631,7.195,0.013,7.840,8.660,16750,6362,10388,36,14,14,1273000,34824,14,14,0
86,0.616,0.471,0.009,1.096,7.971,16750,6362,10388,36,14,14,1273000,34824,14,14,0
87,0.594,0.371,0.013,0.978,1.238,16750,6362,10388,36,14,14,1273000,34824,14,14,0
88,0.637,0.315,0.010,0.962,1.115,16750,6362,10388,36,14,14,1273000,34824,14,14,0
89,0.634,0.311,0.011,0.956,1.101,16750,6362,10388,36,14,14,1273000,34824,14,14,0
90,0.629,0.295,0.009,0.932,1.087,16750,6362,10388,36,14,14,1273000,34824,14,14,0
91,0.603,0.270,0.008,0.881,1.066,16750,6362,10388,36,14,14,1273000,34824,14,14,0
92,0.563,2.998,0.008,3.569,1.004,16750,6362,10388,36,14,14,1273000,34824,14,14,0
93,0.587,14.302,0.015,14.904,3.696,16750,6362,10388,36,14,14,1273000,34824,14,14,0
94,0.632,7.205,0.009,7.846,15.041,16750,6362,10388,36,14,14,1273000,34824,14,14,0
95,0.612,0.509,0.010,1.131,7.986,16750,6362,10388,36,14,14,1273000,34824,14,14,0
96,0.603,0.278,0.011,0.892,1.272,16750,6362,10388,36,14,14,1273000,34824,14,14,0
97,0.594,0.355,0.013,0.961,1.025,16750,6362,10388,36,14,14,1273000,34824,14,14,0
98,0.614,0.312,0.013,0.939,1.094,16750,6362,10388,36,14,14,1273000,34824,14,14,0
99,0.640,0.262,0.051,0.952,1.081,16750,6362,10388,36,14,14,1273000,34824,14,14,0
100,0.587,0.250,0.012,0.848,1.104,16750,6362,10388,36,14,14,1273000,34824,14,14,0
101,0.577,3.210,0.008,3.795,0.975,16750,6362,10388,36,14,14,1273000,34824,14,14,0
102,0.608,14.153,0.008,14.769,3.931,16750,6362,10388,36,14,14,1273000,34824,14,14,0
103,0.663,7.135,0.009,7.807,14.917,16750,6362,10388,36,14,14,1273000,34824,14,14,0
104,0.817,0.562,0.010,1.388,7.963,16750,6362,10388,36,14,14,1273000,34824,14,14,0
105,0.672,0.320,0.012,1.003,1.538,16750,6362,10388,36,14,14,1273000,34824,14,14,0
106,0.684,0.268,0.014,0.967,1.153,16750,6362,10388,36,14,14,1273000,34824,14,14,0
107,0.670,0.260,0.010,0.940,1.112,16750,6362,10388,36,14,14,1273000,34824,14,14,0
108,0.673,0.295,0.011,0.980,1.083,16750,6362,10388,36,14,14,1273000,34824,14,14,0
109,0.664,2.425,0.011,3.100,1.133,16750,6362,10388,36,14,14,1273000,34824,14,14,0
110,0.615,15.348,0.015,15.978,3.241,16750,6362,10388,36,14,14,1273000,34824,14,14,0
111,0.963,6.850,0.010,7.822,16.131,16750,6362,10388,36,14,14,1273000,34824,14,14,0
112,0.858,0.259,0.009,1.126,7.979,16750,6362,10388,36,14,14,1273000,34824,14,14,0
113,0.691,0.352,0.007,1.050,1.274,16750,6362,10388,36,14,14,1273000,34824,14,14,0
114,0.684,0.331,0.014,1.029,1.196,16750,6362,10388,36,14,14,1273000,34824,14,14,0
115,0.722,0.304,0.008,1.034,1.180,16750,6362,10388,36,14,14,1273000,34824,14,14,0
116,0.742,0.408,0.014,1.164,1.180,16750,6362,10388,36,14,14,1273000,34824,14,14,0
117,0.684,1.627,0.013,2.325,1.323,16750,6362,10388,36,14,14,1273000,34824,14,14,0
118,0.938,3.333,0.009,4.279,2.480,16750,6362,10388,36,14,14,1273000,34824,14,14,0
119,0.696,11.499,0.008,12.203,4.443,16750,6362,10388,36,14,14,1273000,34824,14,14,0
120,0.955,7.360,0.011,8.325,12.364,16750,6362,10388,36,14,14,1273000,34824,14,14,0
121,0.667,0.331,0.013,1.011,8.489,16750,6362,10388,36,14,14,1273000,34824,14,14,0
122,0.751,0.280,0.011,1.042,1.157,16750,6362,10388,36,14,14,1273000,34824,14,14,0
123,0.663,0.266,0.018,0.947,1.192,16750,6362,10388,36,14,14,1273000,34824,14,14,0
124,0.675,0.348,0.018,1.041,1.096,16750,6362,10388,36,14,14,1273000,34824,14,14,0
125,0.709,0.293,0.020,1.023,1.192,16750,6362,10388,36,14,14,1273000,34824,14,14,0
126,0.666,3.512,0.010,4.188,1.165,16750,6362,10388,36,14,14,1273000,34824,14,14,0
127,0.956,13.582,0.015,14.552,4.343,16750,6362,10388,36,14,14,1273000,34824,14,14,0
128,0.955,6.923,0.017,7.894,14.702,16750,6362,10388,36,14,14,1273000,34824,14,14,0
129,0.802,0.406,0.018,1.226,8.067,16750,6362,10388,36,14,14,1273000,34824,14,14,0
130,0.773,0.382,0.013,1.168,1.413,16750,6362,10388,36,14,14,1273000,34824,14,14,0
131,0.868,0.326,0.011,1.205,1.343,16750,6362,10388,36,14,14,1273000,34824,14,14,0
132,0.688,0.310,0.012,1.011,1.357,16750,6362,10388,36,14,14,1273000,34824,14,14,0
133,0.655,10.487,0.011,11.154,1.166,16750,6362,10388,36,14,14,1273000,34824,14,14,0
134,0.937,7.944,0.016,8.897,11.322,16750,6362,10388,36,14,14,1273000,34824,14,14,0
135,0.996,6.667,0.010,7.674,9.075,16750,6362,10388,36,14,14,1273000,34824,14,14,0
136,0.956,0.292,0.010,1.257,7.869,16750,6362,10388,36,14,14,1273000,34824,14,14,0
137,0.753,0.300,0.011,1.065,1.440,16750,6362,10388,36,14,14,1273000,34824,14,14,0
138,0.780,0.320,0.016,1.115,1.231,16750,6362,10388,36,14,14,1273000,34824,14,14,0
139,0.779,0.328,0.019,1.126,1.284,16750,6362,10388,36,14,14,1273000,34824,14,14,0
140,0.788,10.371,0.012,11.170,1.297,16750,6362,10388,36,14,14,1273000,34824,14,14,0
141,0.982,7.774,0.009,8.764,11.360,16750,6362,10388,36,14,14,1273000,34824,14,14,0
142,0.993,6.772,0.009,7.773,8.955,16750,6362,10388,36,14,14,1273000,34824,14,14,0
143,0.804,0.886,0.014,1.705,7.951,16750,6362,10388,36,14,14,1273000,34824,14,14,0
144,1.048,0.337,0.014,1.398,1.893,16750,6362,10388,36,14,14,1273000,34824,14,14,0
145,0.836,0.337,0.021,1.193,1.584,16750,6362,10388,36,14,14,1273000,34824,14,14,0
146,0.779,10.623,0.017,11.419,1.363,16750,6362,10388,36,14,14,1273000,34824,14,14,0
147,1.053,7.830,0.018,8.901,11.599,16750,6362,10388,36,14,14,1273000,34824,14,14,0
148,1.050,6.220,0.015,7.285,9.108,16750,6362,10388,36,14,14,1273000,34824,14,14,0
149,0.904,0.357,0.018,1.279,7.525,16750,6362,10388,36,14,14,1273000,34824,14,14,0
150,0.894,0.369,0.013,1.276,1.483,16750,6362,10388,36,14,14,1273000,34824,14,14,0
151,1.057,0.329,0.011,1.398,1.450,16750,6362,10388,36,14,14,1273000,34824,14,14,0
152,0.834,0.356,0.021,1.211,1.589,16750,6362,10388,36,14,14,1273000,34824,14,14,0
153,0.802,4.009,0.019,4.830,1.383,16750,6362,10388,36,14,14,1273000,34824,14,14,0
154,0.994,13.226,0.013,14.233,5.019,16750,6362,10388,36,14,14,1273000,34824,14,14,0
155,1.068,6.665,0.013,7.746,14.411,16750,6362,10388,36,14,14,1273000,34824,14,14,0
156,1.069,0.376,0.020,1.465,7.966,16750,6362,10388,36,14,14,1273000,34824,14,14,0
157,0.826,0.313,0.014,1.154,1.678,16750,6362,10388,36,14,14,1273000,34824,14,14,0
158,0.796,0.400,0.012,1.208,1.332,16750,6362,10388,36,14,14,1273000,34824,14,14,0
159,0.828,0.313,0.017,1.157,1.395,16750,6362,10388,36,14,14,1273000,34824,14,14,0
160,0.773,10.038,0.015,10.826,1.334,16750,6362,10388,36,14,14,1273000,34824,14,14,0
161,1.013,7.832,0.012,8.857,11.007,16750,6362,10388,36,14,14,1273000,34824,14,14,0
162,0.998,6.335,0.023,7.356,9.047,16750,6362,10388,36,14,14,1273000,34824,14,14,0
163,0.897,0.340,0.025,1.263,7.564,16750,6362,10388,36,14,14,1273000,34824,14,14,0
164,0.908,0.303,0.013,1.224,1.470,16750,6362,10388,36,14,14,1273000,34824,14,14,0
165,0.749,0.295,0.009,1.053,1.395,16750,6362,10388,36,14,14,1273000,34824,14,14,0
166,0.794,0.306,0.013,1.113,1.229,16750,6362,10388,36,14,14,1273000,34824,14,14,0
167,0.758,10.362,0.010,11.130,1.288,16750,6362,10388,36,14,14,1273000,34824,14,14,0
168,0.930,7.888,0.010,8.827,11.304,16750,6362,10388,36,14,14,1273000,34824,14,14,0
169,1.059,6.209,0.016,7.284,9.035,16750,6362,10388,36,14,14,1273000,34824,14,14,0
170,0.948,0.332,0.019,1.299,7.491,16750,6362,10388,36,14,14,1273000,34824,14,14,0
171,0.877,0.342,0.015,1.234,1.496,16750,6362,10388,36,14,14,1273000,34824,14,14,0
172,0.941,0.286,0.010,1.238,1.431,16750,6362,10388,36,14,14,1273000,34824,14,14,0
173,0.759,0.284,0.014,1.056,1.407,16750,6362,10388,36,14,14,1273000,34824,14,14,0
174,0.794,0.311,0.017,1.122,1.237,16750,6362,10388,36,14,14,1273000,34824,14,14,0
175,0.751,0.289,0.016,1.056,1.288,16750,6362,10388,36,14,14,1273000,34824,14,14,0
176,0.750,3.048,0.013,3.810,1.225,16750,6362,10388,36,14,14,1273000,34824,14,14,0
177,0.955,12.250,0.012,13.218,3.991,16750,6362,10388,36,14,14,1273000,34824,14,14,0
178,0.988,6.770,0.016,7.775,13.413,16750,6362,10388,36,14,14,1273000,34824,14,14,0
179,1.060,0.344,0.021,1.425,8.003,16750,6362,10388,36,14,14,1273000,34824,14,14,0
180,0.847,0.314,32.324,33.485,1.656,16750,6362,10388,36,14,14,1273000,34824,14,14,0
181,0.623,0.315,0.013,0.951,33.602,16750,6362,10388,36,14,14,1273000,34824,14,14,0
182,0.848,1.312,0.020,2.180,1.079,16750,6362,10388,36,14,14,1273000,34824,14,14,0
183,0.602,4.148,0.018,4.768,2.300,16750,6362,10388,36,14,14,1273000,34824,14,14,0
184,0.587,6.100,0.012,6.698,4.900,16750,6362,10388,36,14,14,1273000,34824,14,14,0
185,0.554,7.368,0.007,7.929,6.835,16750,6362,10388,36,14,14,1273000,34824,14,14,0
186,0.563,1.657,0.007,2.227,8.060,16750,6362,10388,36,14,14,1273000,34824,14,14,0
187,0.587,0.269,0.038,0.894,2.392,16750,6362,10388,36,14,14,1273000,34824,14,14,0
188,0.770,0.297,0.011,1.078,1.031,16750,6362,10388,36,14,14,1273000,34824,14,14,0
189,0.617,0.388,0.018,1.024,1.207,16750,6362,10388,36,14,14,1273000,34824,14,14,0
190,0.606,0.288,0.012,0.906,1.147,16750,6362,10388,36,14,14,1273000,34824,14,14,0
191,0.563,1.425,0.011,1.998,1.034,16750,6362,10388,36,14,14,1273000,34824,14,14,0
192,0.564,0.524,0.011,1.099,2.129,16750,6362,10388,36,14,14,1273000,34824,14,14,0
193,0.587,0.272,0.012,0.870,1.217,16750,6362,10388,36,14,14,1273000,34824,14,14,0
194,0.546,0.415,0.024,0.985,1.007,16750,6362,10388,36,14,14,1273000,34824,14,14,0
195,0.592,0.315,0.010,0.916,1.108,16750,6362,10388,36,14,14,1273000,34824,14,14,0
196,0.557,0.254,0.009,0.819,1.045,16750,6362,10388,36,14,14,1273000,34824,14,14,0
197,0.662,9.939,0.009,10.610,0.944,16750,6362,10388,36,14,14,1273000,34824,14,14,0
198,0.884,7.613,0.010,8.507,10.740,16750,6362,10388,36,14,14,1273000,34824,14,14,0
199,0.563,7.112,0.010,7.685,8.664,16750,6362,10388,36,14,14,1273000,34824,14,14,0
200,0.880,0.355,0.010,1.245,7.832,16750,6362,10388,36,14,14,1273000,34824,14,14,0
201,0.632,0.317,0.011,0.959,1.392,16750,6362,10388,36,14,14,1273000,34824,14,14,0
202,0.600,0.484,0.009,1.094,1.087,16750,6362,10388,36,14,14,1273000,34824,14,14,0
203,0.600,0.255,0.007,0.862,1.226,16750,6362,10388,36,14,14,1273000,34824,14,14,0
204,0.623,0.282,0.012,0.918,0.990,16750,6362,10388,36,14,14,1273000,34824,14,14,0
205,0.584,4.313,0.010,4.908,1.049,16750,6362,10388,36,14,14,1273000,34824,14,14,0
206,0.602,13.743,0.009,14.355,5.040,16750,6362,10388,36,14,14,1273000,34824,14,14,0
207,0.879,6.814,0.007,7.700,14.504,16750,6362,10388,36,14,14,1273000,34824,14,14,0
208,0.619,0.870,0.011,1.499,7.842,16750,6362,10388,36,14,14,1273000,34824,14,14,0
209,0.610,0.261,0.011,0.882,1.648,16750,6362,10388,36,14,14,1273000,34824,14,14,0
210,0.877,0.259,0.010,1.146,1.020,16750,6362,10388,36,14,14,1273000,34824,14,14,0
211,0.638,0.300,0.013,0.951,1.279,16750,6362,10388,36,14,14,1273000,34824,14,14,0
212,0.650,11.315,0.014,11.979,1.087,16750,6362,10388,36,14,14,1273000,34824,14,14,0
213,0.664,7.998,0.013,8.676,12.133,16750,6362,10388,36,14,14,1273000,34824,14,14,0
214,0.655,6.811,0.015,7.481,8.821,16750,6362,10388,36,14,14,1273000,34824,14,14,0
215,0.653,0.556,0.015,1.224,7.617,16750,6362,10388,36,14,14,1273000,34824,14,14,0
216,0.547,0.318,0.015,0.879,1.341,16750,6362,10388,36,14,14,1273000,34824,14,14,0
217,0.548,0.252,0.013,0.813,1.007,16750,6362,10388,36,14,14,1273000,34824,14,14,0
218,0.547,0.245,0.009,0.801,0.948,16750,6362,10388,36,14,14,1273000,34824,14,14,0
219,0.534,0.601,0.012,1.148,0.910,16750,6362,10388,36,14,14,1273000,34824,14,14,0
220,0.559,10.361,0.012,10.933,1.262,16750,6362,10388,36,14,14,1273000,34824,14,14,0
221,0.581,8.447,0.011,9.039,11.057,16750,6362,10388,36,14,14,1273000,34824,14,14,0
222,0.592,6.688,0.007,7.288,9.164,16750,6362,10388,36,14,14,1273000,34824,14,14,0
223,0.643,0.633,0.012,1.288,7.418,16750,6362,10388,36,14,14,1273000,34824,14,14,0
224,0.668,0.323,0.011,1.002,1.460,16750,6362,10388,36,14,14,1273000,34824,14,14,0
225,0.586,0.327,0.013,0.926,1.165,16750,6362,10388,36,14,14,1273000,34824,14,14,0
226,0.550,0.267,0.011,0.828,1.056,16750,6362,10388,36,14,14,1273000,34824,14,14,0
227,0.622,0.374,0.011,1.008,0.960,16750,6362,10388,36,14,14,1273000,34824,14,14,0
228,0.579,10.402,0.015,10.997,1.133,16750,6362,10388,36,14,14,1273000,34824,14,14,0
229,0.599,8.143,0.009,8.751,11.141,16750,6362,10388,36,14,14,1273000,34824,14,14,0
230,0.630,6.793,0.011,7.433,8.886,16750,6362,10388,36,14,14,1273000,34824,14,14,0
231,0.635,0.767,0.011,1.413,7.576,16750,6362,10388,36,14,14,1273000,34824,14,14,0
232,0.623,0.276,0.011,0.909,1.555,16750,6362,10388,36,14,14,1273000,34824,14,14,0
233,0.595,0.245,0.024,0.864,1.052,16750,6362,10388,36,14,14,1273000,34824,14,14,0
234,0.877,0.290,0.012,1.179,0.989,16750,6362,10388,36,14,14,1273000,34824,14,14,0
235,0.588,0.369,0.011,0.967,1.307,16750,6362,10388,36,14,14,1273000,34824,14,14,0
236,0.599,1.252,0.011,1.862,1.095,16750,6362,10388,36,14,14,1273000,34824,14,14,0
237,0.566,3.466,0.011,4.043,1.996,16750,6362,10388,36,14,14,1273000,34824,14,14,0
238,0.849,12.106,0.007,12.962,4.179,16750,6362,10388,36,14,14,1273000,34824,14,14,0
239,0.616,7.185,0.007,7.808,13.115,16750,6362,10388,36,14,14,1273000,34824,14,14,0
240,22.696,0.635,0.013,23.344,5.350,16644,6286,10358,36,14,14,1264944,33984,14,14,0
241,1.230,0.231,0.011,1.471,23.454,16644,6286,10358,36,14,14,1264944,33984,14,14,0
242,3.455,0.472,0.017,3.945,1.573,16644,6286,10358,36,14,14,1264944,33984,14,14,0
243,0.540,3.109,0.010,3.659,4.070,16644,6286,10358,36,14,14,1264944,33984,14,14,0
244,0.443,8.217,0.009,8.669,3.773,16644,6286,10358,36,14,14,1264944,33984,14,14,0
245,0.482,6.979,0.009,7.470,8.771,16644,6286,10358,36,14,14,1264944,33984,14,14,0
246,0.453,7.616,0.008,8.077,7.581,16644,6286,10358,36,14,14,1264944,33984,14,14,0
247,0.442,0.762,0.009,1.213,8.185,16644,6286,10358,36,14,14,1264944,33984,14,14,0
248,0.479,0.233,0.008,0.720,1.313,16644,6286,10358,36,14,14,1264944,33984,14,14,0
249,0.415,0.265,0.019,0.699,0.829,16644,6286,10358,36,14,14,1264944,33984,14,14,0
250,0.474,0.244,0.008,0.725,0.784,16644,6286,10358,36,14,14,1264944,33984,14,14,0
251,0.442,2.278,0.011,2.731,0.820,16644,6286,10358,36,14,14,1264944,33984,14,14,0
252,0.497,1.271,0.007,1.775,2.846,16644,6286,10358,36,14,14,1264944,33984,14,14,0
253,0.480,1.459,0.008,1.947,1.877,16644,6286,10358,36,14,14,1264944,33984,14,14,0
254,0.493,14.600,0.008,15.101,2.051,16644,6286,10358,36,14,14,1264944,33984,14,14,0
255,0.460,7.316,0.012,7.788,15.201,16644,6286,10358,36,14,14,1264944,33984,14,14,0
256,0.474,0.619,0.009,1.101,7.885,16644,6286,10358,36,14,14,1264944,33984,14,14,0
257,0.501,0.307,0.013,0.822,1.202,16644,6286,10358,36,14,14,1264944,33984,14,14,0
258,0.500,0.225,0.010,0.735,0.935,16644,6286,10358,36,14,14,1264944,33984,14,14,0
259,0.491,0.303,0.009,0.802,0.841,16644,6286,10358,36,14,14,1264944,33984,14,14,0
260,0.504,2.679,0.010,3.193,0.909,16644,6286,10358,36,14,14,1264944,33984,14,14,0
261,0.520,0.385,0.009,0.914,3.309,16644,6286,10358,36,14,14,1264944,33984,14,14,0
262,0.525,1.267,0.027,1.819,1.014,16644,6286,10358,36,14,14,1264944,33984,14,14,0
263,0.503,14.599,0.008,15.110,1.924,16644,6286,10358,36,14,14,1264944,33984,14,14,0
264,0.570,7.569,0.013,8.153,15.239,16644,6286,10358,36,14,14,1264944,33984,14,14,0
265,0.604,0.700,0.012,1.316,8.277,16644,6286,10358,36,14,14,1264944,33984,14,14,0
266,0.609,0.309,0.009,0.928,1.441,16644,6286,10358,36,14,14,1264944,33984,14,14,0
267,0.597,0.286,0.007,0.891,1.050,16644,6286,10358,36,14,14,1264944,33984,14,14,0
268,0.586,0.250,0.015,0.851,1.012,16644,6286,10358,36,14,14,1264944,33984,14,14,0
269,0.589,3.194,0.014,3.797,0.975,16644,6286,10358,36,14,14,1264944,33984,14,14,0
270,0.572,7.607,0.009,8.189,3.927,16644,6286,10358,36,14,14,1264944,33984,14,14,0
271,0.624,8.039,0.010,8.674,8.325,16644,6286,10358,36,14,14,1264944,33984,14,14,0
272,0.614,6.861,0.008,7.483,8.805,16644,6286,10358,36,14,14,1264944,33984,14,14,0
273,0.644,0.365,0.013,1.022,7.634,16644,6286,10358,36,14,14,1264944,33984,14,14,0
274,0.646,0.295,0.011,0.952,1.153,16644,6286,10358,36,14,14,1264944,33984,14,14,0
275,0.621,0.275,0.014,0.910,1.084,16644,6286,10358,36,14,14,1264944,33984,14,14,0
276,0.639,0.299,0.010,0.947,1.041,16644,6286,10358,36,14,14,1264944,33984,14,14,0
277,0.592,2.234,0.014,2.841,1.063,16644,6286,10358,36,14,14,1264944,33984,14,14,0
278,0.583,0.267,0.009,0.859,2.979,16644,6286,10358,36,14,14,1264944,33984,14,14,0
279,0.574,2.738,0.009,3.321,0.988,16644,6286,10358,36,14,14,1264944,33984,14,14,0
280,0.605,13.123,0.014,13.742,3.446,16644,6286,10358,36,14,14,1264944,33984,14,14,0
281,0.667,6.900,0.008,7.576,13.890,16644,6286,10358,36,14,14,1264944,33984,14,14,0
282,0.664,0.438,0.012,1.113,7.715,16644,6286,10358,36,14,14,1264944,33984,14,14,0
283,0.668,0.314,0.018,0.999,1.254,16644,6286,10358,36,14,14,1264944,33984,14,14,0
284,0.672,0.334,0.011,1.017,1.130,16644,6286,10358,36,14,14,1264944,33984,14,14,0
285,0.630,0.250,0.014,0.893,1.149,16644,6286,10358,36,14,14,1264944,33984,14,14,0
286,0.628,0.339,0.012,0.979,1.020,16644,6286,10358,36,14,14,1264944,33984,14,14,0
287,0.660,10.734,0.011,11.405,1.100,16644,6286,10358,36,14,14,1264944,33984,14,14,0
288,0.641,7.973,0.015,8.629,11.542,16644,6286,10358,36,14,14,1264944,33984,14,14,0
289,0.669,6.703,0.013,7.385,8.771,16644,6286,10358,36,14,14,1264944,33984,14,14,0
290,0.699,0.419,0.013,1.131,7.539,16644,6286,10358,36,14,14,1264944,33984,14,14,0
291,0.723,0.315,0.012,1.050,1.285,16644,6286,10358,36,14,14,1264944,33984,14,14,0
292,0.683,0.295,0.011,0.988,1.189,16644,6286,10358,36,14,14,1264944,33984,14,14,0
293,0.648,0.294,0.013,0.954,1.111,16644,6286,10358,36,14,14,1264944,33984,14,14,0
294,0.639,4.027,0.010,4.676,1.078,16644,6286,10358,36,14,14,1264944,33984,14,14,0
295,0.702,15.018,0.013,15.732,4.816,16644,6286,10358,36,14,14,1264944,33984,14,14,0
296,0.723,7.095,0.018,7.836,15.899,16644,6286,10358,36,14,14,1264944,33984,14,14,0
297,0.706,0.397,0.020,1.122,7.985,16644,6286,10358,36,14,14,1264944,33984,14,14,0
298,0.716,0.335,0.014,1.065,1.276,16644,6286,10358,36,14,14,1264944,33984,14,14,0
299,0.702,0.339,0.010,1.051,1.221,16644,6286,10358,36,14,14,1264944,33984,14,14,0
300,0.710,0.324,0.012,1.046,1.209,16644,6286,10358,36,14,14,1264944,33984,14,14,0
301,0.691,11.218,0.008,11.917,1.185,16644,6286,10358,36,14,14,1264944,33984,14,14,0
302,0.729,7.829,0.012,8.570,12.080,16644,6286,10358,36,14,14,1264944,33984,14,14,0
303,0.746,7.005,0.019,7.770,8.733,16644,6286,10358,36,14,14,1264944,33984,14,14,0
304,0.707,1.204,0.008,1.919,7.934,16644,6286,10358,36,14,14,1264944,33984,14,14,0
305,0.716,0.427,0.011,1.154,2.088,16644,6286,10358,36,14,14,1264944,33984,14,14,0
306,0.716,0.352,0.011,1.078,1.299,16644,6286,10358,36,14,14,1264944,33984,14,14,0
307,0.725,0.326,0.018,1.069,1.234,16644,6286,10358,36,14,14,1264944,33984,14,14,0
308,0.702,3.363,0.021,4.086,1.223,16644,6286,10358,36,14,14,1264944,33984,14,14,0
309,0.710,13.948,0.014,14.673,4.239,16644,6286,10358,36,14,14,1264944,33984,14,14,0
310,0.966,7.010,0.015,7.991,14.867,16644,6286,10358,36,14,14,1264944,33984,14,14,0
311,0.778,0.385,0.014,1.177,8.156,16644,6286,10358,36,14,14,1264944,33984,14,14,0
312,1.056,0.387,0.010,1.452,1.348,16644,6286,10358,36,14,14,1264944,33984,14,14,0
313,0.820,0.367,0.009,1.197,1.636,16644,6286,10358,36,14,14,1264944,33984,14,14,0
314,0.733,0.327,0.013,1.074,1.373,16644,6286,10358,36,14,14,1264944,33984,14,14,0
315,0.715,10.484,0.013,11.211,1.211,16644,6286,10358,36,14,14,1264944,33984,14,14,0
316,0.809,7.699,0.016,8.524,11.399,16644,6286,10358,36,14,14,1264944,33984,14,14,0
317,1.018,6.711,0.012,7.741,8.701,16644,6286,10358,36,14,14,1264944,33984,14,14,0
318,0.795,0.754,0.012,1.560,7.922,16644,6286,10358,36,14,14,1264944,33984,14,14,0
319,1.047,0.383,0.017,1.446,1.739,16644,6286,10358,36,14,14,1264944,33984,14,14,0
320,0.806,0.468,0.014,1.288,1.619,16644,6286,10358,36,14,14,1264944,33984,14,14,0
321,0.895,1.845,0.011,2.751,1.469,16644,6286,10358,36,14,14,1264944,33984,14,14,0
322,0.790,3.991,0.011,4.792,2.926,16644,6286,10358,36,14,14,1264944,33984,14,14,0
323,1.017,11.231,0.015,12.262,4.990,16644,6286,10358,36,14,14,1264944,33984,14,14,0
324,0.854,6.764,0.015,7.633,12.449,16644,6286,10358,36,14,14,1264944,33984,14,14,0
325,0.797,0.300,0.012,1.109,7.810,16644,6286,10358,36,14,14,1264944,33984,14,14,0
326,0.783,0.404,0.020,1.207,1.282,16644,6286,10358,36,14,14,1264944,33984,14,14,0
327,0.813,0.958,0.022,1.792,1.395,16644,6286,10358,36,14,14,1264944,33984,14,14,0
328,0.868,2.706,0.013,3.587,1.960,16644,6286,10358,36,14,14,1264944,33984,14,14,0
329,0.800,3.129,0.020,3.949,3.757,16644,6286,10358,36,14,14,1264944,33984,14,14,0
330,0.898,11.924,0.013,12.834,4.156,16644,6286,10358,36,14,14,1264944,33984,14,14,0
331,0.823,6.779,0.021,7.623,13.008,16644,6286,10358,36,14,14,1264944,33984,14,14,0
332,0.933,0.347,0.026,1.306,7.840,16644,6286,10358,36,14,14,1264944,33984,14,14,0
333,0.920,0.600,0.015,1.535,1.508,16644,6286,10358,36,14,14,1264944,33984,14,14,0
334,0.799,0.395,0.010,1.204,1.709,16644,6286,10358,36,14,14,1264944,33984,14,14,0
335,0.898,1.124,0.015,2.036,1.376,16644,6286,10358,36,14,14,1264944,33984,14,14,0
336,0.801,0.339,0.022,1.162,2.213,16644,6286,10358,36,14,14,1264944,33984,14,14,0
337,0.773,3.368,0.015,4.156,1.328,16644,6286,10358,36,14,14,1264944,33984,14,14,0
338,0.834,11.953,0.022,12.810,4.340,16644,6286,10358,36,14,14,1264944,33984,14,14,0
339,1.035,6.741,0.013,7.788,13.010,16644,6286,10358,36,14,14,1264944,33984,14,14,0
340,0.929,0.484,0.015,1.428,8.006,16644,6286,10358,36,14,14,1264944,33984,14,14,0
341,0.914,0.418,0.012,1.343,1.625,16644,6286,10358,36,14,14,1264944,33984,14,14,0
342,1.104,0.558,0.010,1.672,1.548,16644,6286,10358,36,14,14,1264944,33984,14,14,0
343,0.806,0.362,0.013,1.182,1.849,16644,6286,10358,36,14,14,1264944,33984,14,14,0
344,0.795,3.186,0.009,3.990,1.350,16644,6286,10358,36,14,14,1264944,33984,14,14,0
345,1.022,13.524,0.011,14.557,4.167,16644,6286,10358,36,14,14,1264944,33984,14,14,0
346,1.019,6.748,0.028,7.796,14.740,16644,6286,10358,36,14,14,1264944,33984,14,14,0
347,0.926,0.339,0.017,1.282,8.022,16644,6286,10358,36,14,14,1264944,33984,14,14,0
348,0.828,0.376,0.013,1.217,1.497,16644,6286,10358,36,14,14,1264944,33984,14,14,0
349,0.772,0.399,0.013,1.184,1.388,16644,6286,10358,36,14,14,1264944,33984,14,14,0
350,0.943,0.395,0.036,1.373,1.362,16644,6286,10358,36,14,14,1264944,33984,14,14,0
351,0.826,10.198,0.010,11.035,1.561,16644,6286,10358,36,14,14,1264944,33984,14,14,0
352,0.986,7.531,0.009,8.527,11.212,16644,6286,10358,36,14,14,1264944,33984,14,14,0
353,0.975,6.349,0.022,7.346,8.720,16644,6286,10358,36,14,14,1264944,33984,14,14,0
354,1.215,0.306,0.014,1.535,7.576,16644,6286,10358,36,14,14,1264944,33984,14,14,0
355,0.794,0.558,0.018,1.371,1.712,16644,6286,10358,36,14,14,1264944,33984,14,14,0
356,0.833,0.416,0.009,1.258,1.543,16644,6286,10358,36,14,14,1264944,33984,14,14,0
357,0.865,2.277,0.010,3.153,1.423,16644,6286,10358,36,14,14,1264944,33984,14,14,0
358,0.841,3.488,0.011,4.340,3.328,16644,6286,10358,36,14,14,1264944,33984,14,14,0
359,0.976,11.805,0.014,12.796,4.523,16644,6286,10358,36,14,14,1264944,33984,14,14,0
360,1.007,6.638,51.639,59.284,12.976,16644,6286,10358,36,14,14,1264944,33984,14,14,0
361,0.636,0.301,0.012,0.949,59.393,16644,6286,10358,36,14,14,1264944,33984,14,14,0
362,0.574,4.554,0.011,5.139,1.061,16644,6286,10358,36,14,14,1264944,33984,14,14,0
363,0.585,8.051,0.009,8.645,5.257,16644,6286,10358,36,14,14,1264944,33984,14,14,0
364,0.553,0.965,0.014,1.532,8.774,16644,6286,10358,36,14,14,1264944,33984,14,14,0
365,0.566,0.339,0.014,0.918,1.671,16644,6286,10358,36,14,14,1264944,33984,14,14,0
366,0.529,4.835,0.012,5.376,1.027,16644,6286,10358,36,14,14,1264944,33984,14,14,0
367,0.591,5.119,0.013,5.722,5.516,16644,6286,10358,36,14,14,1264944,33984,14,14,0
368,0.651,10.369,0.009,11.030,5.851,16644,6286,10358,36,14,14,1264944,33984,14,14,0
369,0.602,7.147,0.007,7.756,11.169,16644,6286,10358,36,14,14,1264944,33984,14,14,0
370,0.591,0.615,0.012,1.218,7.881,16644,6286,10358,36,14,14,1264944,33984,14,14,0
371,0.594,0.322,0.011,0.927,1.353,16644,6286,10358,36,14,14,1264944,33984,14,14,0
372,0.600,3.824,0.013,4.437,1.041,16644,6286,10358,36,14,14,1264944,33984,14,14,0
373,0.614,0.248,0.011,0.873,4.579,16644,6286,10358,36,14,14,1264944,33984,14,14,0
374,0.856,3.422,0.010,4.288,0.987,16644,6286,10358,36,14,14,1264944,33984,14,14,0
375,0.655,12.128,0.009,12.792,4.425,16644,6286,10358,36,14,14,1264944,33984,14,14,0
376,0.644,7.090,0.011,7.746,12.939,16644,6286,10358,36,14,14,1264944,33984,14,14,0
377,0.920,0.244,0.011,1.175,7.894,16644,6286,10358,36,14,14,1264944,33984,14,14,0
378,0.668,0.315,0.014,0.997,1.308,16644,6286,10358,36,14,14,1264944,33984,14,14,0
379,0.633,0.275,0.011,0.919,1.126,16644,6286,10358,36,14,14,1264944,33984,14,14,0
380,0.646,0.574,0.011,1.230,1.035,16644,6286,10358,36,14,14,1264944,33984,14,14,0
381,0.658,11.506,0.008,12.171,1.366,16644,6286,10358,36,14,14,1264944,33984,14,14,0
382,0.676,7.533,0.011,8.220,12.330,16644,6286,10358,36,14,14,1264944,33984,14,14,0
383,0.637,7.196,0.012,7.845,8.375,16644,6286,10358,36,14,14,1264944,33984,14,14,0
384,0.707,0.545,0.013,1.265,7.999,16644,6286,10358,36,14,14,1264944,33984,14,14,0
385,0.717,0.324,0.017,1.057,1.415,16644,6286,10358,36,14,14,1264944,33984,14,14,0
386,0.942,0.322,0.011,1.275,1.207,16644,6286,10358,36,14,14,1264944,33984,14,14,0
387,0.722,0.308,0.040,1.070,1.424,16644,6286,10358,36,14,14,1264944,33984,14,14,0
388,0.614,4.438,0.012,5.064,1.199,16644,6286,10358,36,14,14,1264944,33984,14,14,0
389,0.980,13.578,0.012,14.570,5.225,16644,6286,10358,36,14,14,1264944,33984,14,14,0
390,0.986,6.937,0.015,7.938,14.718,16644,6286,10358,36,14,14,1264944,33984,14,14,0
391,1.007,0.295,0.014,1.316,8.101,16644,6286,10358,36,14,14,1264944,33984,14,14,0
392,0.721,0.333,0.013,1.067,1.464,16644,6286,10358,36,14,14,1264944,33984,14,14,0
393,0.695,0.374,0.013,1.083,1.227,16644,6286,10358,36,14,14,1264944,33984,14,14,0
394,0.712,0.424,0.018,1.153,1.234,16644,6286,10358,36,14,14,1264944,33984,14,14,0
395,0.710,3.613,0.013,4.336,1.305,16644,6286,10358,36,14,14,1264944,33984,14,14,0
396,0.891,14.644,0.019,15.553,4.501,16644,6286,10358,36,14,14,1264944,33984,14,14,0
397,0.981,6.931,0.011,7.924,15.704,16644,6286,10358,36,14,14,1264944,33984,14,14,0
398,0.900,0.318,0.016,1.234,8.132,16644,6286,10358,36,14,14,1264944,33984,14,14,0
399,0.734,0.343,0.013,1.090,1.419,16644,6286,10358,36,14,14,1264944,33984,14,14,0
400,0.717,0.401,0.010,1.128,1.245,16644,6286,10358,36,14,14,1264944,33984,14,14,0
401,0.707,0.400,0.013,1.120,1.276,16644,6286,10358,36,14,14,1264944,33984,14,14,0
402,0.703,10.667,0.011,11.381,1.277,16644,6286,10358,36,14,14,1264944,33984,14,14,0
403,1.001,7.660,0.014,8.675,11.551,16644,6286,10358,36,14,14,1264944,33984,14,14,0
404,0.742,6.643,0.013,7.398,8.834,16644,6286,10358,36,14,14,1264944,33984,14,14,0
405,1.016,0.305,0.021,1.342,7.576,16644,6286,10358,36,14,14,1264944,33984,14,14,0
406,0.828,0.385,0.015,1.228,1.532,16644,6286,10358,36,14,14,1264944,33984,14,14,0
407,0.771,0.618,0.011,1.400,1.399,16644,6286,10358,36,14,14,1264944,33984,14,14,0
408,0.714,0.329,0.015,1.058,1.547,16644,6286,10358,36,14,14,1264944,33984,14,14,0
409,0.707,2.872,0.009,3.588,1.210,16644,6286,10358,36,14,14,1264944,33984,14,14,0
410,1.015,14.732,0.018,15.765,3.751,16644,6286,10358,36,14,14,1264944,33984,14,14,0
411,0.798,6.936,0.013,7.747,15.953,16644,6286,10358,36,14,14,1264944,33984,14,14,0
412,0.953,0.312,0.024,1.290,7.939,16644,6286,10358,36,14,14,1264944,33984,14,14,0
413,0.826,0.408,0.014,1.248,1.465,16644,6286,10358,36,14,14,1264944,33984,14,14,0
414,0.819,0.410,0.015,1.244,1.417,16644,6286,10358,36,14,14,1264944,33984,14,14,0
415,0.838,0.381,0.018,1.237,1.409,16644,6286,10358,36,14,14,1264944,33984,14,14,0
416,0.821,10.196,0.018,11.034,1.398,16644,6286,10358,36,14,14,1264944,33984,14,14,0
417,0.827,7.817,0.013,8.657,11.215,16644,6286,10358,36,14,14,1264944,33984,14,14,0
418,1.053,6.406,0.014,7.473,8.832,16644,6286,10358,36,14,14,1264944,33984,14,14,0
419,0.937,0.336,0.015,1.288,7.663,16644,6286,10358,36,14,14,1264944,33984,14,14,0
420,27.162,1.130,0.018,28.310,5.525,16644,6286,10358,36,14,14,1264944,33984,14,14,0
421,1.216,0.306,0.012,1.533,28.445,16644,6286,10358,36,14,14,1264944,33984,14,14,0
422,2.610,0.299,0.011,2.921,1.708,16644,6286,10358,36,14,14,1264944,33984,14,14,0
423,0.532,1.118,0.012,1.662,3.020,16644,6286,10358,36,14,14,1264944,33984,14,14,0
424,0.531,8.686,0.015,9.232,1.763,16644,6286,10358,36,14,14,1264944,33984,14,14,0
425,0.503,5.251,0.011,5.765,9.342,16644,6286,10358,36,14,14,1264944,33984,14,14,0
426,0.489,7.692,0.010,8.191,5.869,16644,6286,10358,36,14,14,1264944,33984,14,14,0
427,0.516,0.766,0.011,1.292,8.293,16644,6286,10358,36,14,14,1264944,33984,14,14,0
428,0.497,0.269,0.011,0.777,1.401,16644,6286,10358,36,14,14,1264944,33984,14,14,0
429,0.475,0.598,0.010,1.083,0.865,16644,6286,10358,36,14,14,1264944,33984,14,14,0
430,0.452,4.384,0.006,4.842,1.176,16644,6286,10358,36,14,14,1264944,33984,14,14,0
431,0.518,1.149,0.007,1.674,4.956,16644,6286,10358,36,14,14,1264944,33984,14,14,0
432,0.553,14.605,0.008,15.165,1.783,16644,6286,10358,36,14,14,1264944,33984,14,14,0
433,0.565,7.249,0.011,7.825,15.283,16644,6286,10358,36,14,14,1264944,33984,14,14,0
434,0.552,0.538,0.016,1.105,7.936,16644,6286,10358,36,14,14,1264944,33984,14,14,0
435,0.522,0.263,0.021,0.806,1.207,16644,6286,10358,36,14,14,1264944,33984,14,14,0
436,0.523,0.342,0.010,0.875,0.910,16644,6286,10358,36,14,14,1264944,33984,14,14,0
437,0.502,3.570,0.009,4.082,0.976,16644,6286,10358,36,14,14,1264944,33984,14,14,0
438,0.524,0.392,0.007,0.923,4.206,16644,6286,10358,36,14,14,1264944,33984,14,14,0
439,0.540,1.511,0.010,2.061,1.037,16644,6286,10358,36,14,14,1264944,33984,14,14,0
440,0.529,14.282,0.012,14.823,2.190,16644,6286,10358,36,14,14,1264944,33984,14,14,0
441,0.600,7.156,0.013,7.769,14.952,16644,6286,10358,36,14,14,1264944,33984,14,14,0
442,0.602,0.578,0.015,1.196,7.886,16644,6286,10358,36,14,14,1264944,33984,14,14,0
443,0.604,0.299,0.010,0.914,1.317,16644,6286,10358,36,14,14,1264944,33984,14,14,0
444,0.571,0.295,0.011,0.877,1.026,16644,6286,10358,36,14,14,1264944,33984,14,14,0
445,0.565,1.272,0.015,1.852,0.979,16644,6286,10358,36,14,14,1264944,33984,14,14,0
446,0.584,2.360,0.009,2.953,1.986,16644,6286,10358,36,14,14,1264944,33984,14,14,0
447,0.581,1.245,0.014,1.840,3.080,16644,6286,10358,36,14,14,1264944,33984,14,14,0
448,0.595,14.611,0.010,15.216,1.983,16644,6286,10358,36,14,14,1264944,33984,14,14,0
449,0.658,6.906,0.030,7.594,15.348,16644,6286,10358,36,14,14,1264944,33984,14,14,0
450,0.640,0.476,0.017,1.133,7.724,16644,6286,10358,36,14,14,1264944,33984,14,14,0
451,0.668,0.320,0.010,0.998,1.277,16644,6286,10358,36,14,14,1264944,33984,14,14,0
452,0.638,0.299,0.013,0.950,1.129,16644,6286,10358,36,14,14,1264944,33984,14,14,0
453,0.635,0.307,0.013,0.955,1.078,16644,6286,10358,36,14,14,1264944,33984,14,14,0
454,0.650,2.871,0.009,3.531,1.076,16644,6286,10358,36,14,14,1264944,33984,14,14,0
455,0.592,2.603,0.007,3.203,3.664,16644,6286,10358,36,14,14,1264944,33984,14,14,0
456,0.658,13.216,0.015,13.889,3.336,16644,6286,10358,36,14,14,1264944,33984,14,14,0
457,0.687,6.987,0.010,7.684,14.026,16644,6286,10358,36,14,14,1264944,33984,14,14,0
458,0.868,0.245,0.010,1.123,7.822,16644,6286,10358,36,14,14,1264944,33984,14,14,0
459,0.634,0.537,0.008,1.179,1.254,16644,6286,10358,36,14,14,1264944,33984,14,14,0
460,0.619,0.402,0.010,1.031,1.311,16644,6286,10358,36,14,14,1264944,33984,14,14,0
461,0.631,0.356,0.012,0.999,1.170,16644,6286,10358,36,14,14,1264944,33984,14,14,0
462,0.671,2.752,0.011,3.434,1.124,16644,6286,10358,36,14,14,1264944,33984,14,14,0
463,0.613,2.810,0.012,3.435,3.575,16644,6286,10358,36,14,14,1264944,33984,14,14,0
464,0.656,12.520,0.015,13.191,3.578,16644,6286,10358,36,14,14,1264944,33984,14,14,0
465,0.726,7.100,0.010,7.837,13.351,16644,6286,10358,36,14,14,1264944,33984,14,14,0
466,0.675,0.375,0.011,1.061,7.988,16644,6286,10358,36,14,14,1264944,33984,14,14,0
467,0.693,0.314,0.011,1.018,1.214,16644,6286,10358,36,14,14,1264944,33984,14,14,0
468,0.702,0.323,0.013,1.038,1.169,16644,6286,10358,36,14,14,1264944,33984,14,14,0
469,0.694,0.365,0.012,1.071,1.186,16644,6286,10358,36,14,14,1264944,33984,14,14,0
470,0.737,0.366,0.013,1.116,1.216,16644,6286,10358,36,14,14,1264944,33984,14,14,0
471,0.682,1.215,0.007,1.903,1.247,16644,6286,10358,36,14,14,1264944,33984,14,14,0
472,0.690,2.519,0.012,3.221,2.040,16644,6286,10358,36,14,14,1264944,33984,14,14,0
473,0.696,13.030,0.010,13.736,3.382,16644,6286,10358,36,14,14,1264944,33984,14,14,0
474,0.690,7.203,0.010,7.903,13.888,16644,6286,10358,36,14,14,1264944,33984,14,14,0
475,0.729,0.283,0.011,1.023,8.068,16644,6286,10358,36,14,14,1264944,33984,14,14,0
476,0.709,0.321,0.009,1.039,1.172,16644,6286,10358,36,14,14,1264944,33984,14,14,0
477,0.695,0.297,0.012,1.004,1.190,16644,6286,10358,36,14,14,1264944,33984,14,14,0
478,0.704,0.304,0.014,1.023,1.150,16644,6286,10358,36,14,14,1264944,33984,14,14,0
479,0.739,0.378,0.011,1.128,1.159,16644,6286,10358,36,14,14,1264944,33984,14,14,0
480,0.722,1.203,0.012,1.937,1.264,16644,6286,10358,36,14,14,1264944,33984,14,14,0
481,0.684,2.558,0.010,3.252,2.080,16644,6286,10358,36,14,14,1264944,33984,14,14,0
482,0.692,13.331,0.015,14.038,3.397,16644,6286,10358,36,14,14,1264944,33984,14,14,0
483,0.712,6.772,0.019,7.503,14.211,16644,6286,10358,36,14,14,1264944,33984,14,14,0
484,0.781,0.298,0.016,1.095,7.684,16644,6286,10358,36,14,14,1264944,33984,14,14,0
485,0.788,0.379,0.018,1.184,1.265,16644,6286,10358,36,14,14,1264944,33984,14,14,0
486,0.691,0.326,0.012,1.028,1.349,16644,6286,10358,36,14,14,1264944,33984,14,14,0
487,0.698,0.325,0.011,1.034,1.170,16644,6286,10358,36,14,14,1264944,33984,14,14,0
488,0.694,2.491,0.011,3.197,1.183,16644,6286,10358,36,14,14,1264944,33984,14,14,0
489,0.695,2.552,0.010,3.257,3.366,16644,6286,10358,36,14,14,1264944,33984,14,14,0
490,0.714,13.154,0.015,13.883,3.428,16644,6286,10358,36,14,14,1264944,33984,14,14,0
491,0.832,6.888,0.013,7.733,14.057,16644,6286,10358,36,14,14,1264944,33984,14,14,0
492,0.775,0.701,0.013,1.489,7.905,16644,6286,10358,36,14,14,1264944,33984,14,14,0
493,0.791,0.391,0.012,1.194,1.663,16644,6286,10358,36,14,14,1264944,33984,14,14,0
494,0.842,0.389,0.011,1.242,1.364,16644,6286,10358,36,14,14,1264944,33984,14,14,0
495,0.796,0.347,0.015,1.157,1.409,16644,6286,10358,36,14,14,1264944,33984,14,14,0
496,0.746,3.149,0.012,3.908,1.322,16644,6286,10358,36,14,14,1264944,33984,14,14,0
497,0.712,14.278,0.015,15.005,4.063,16644,6286,10358,36,14,14,1264944,33984,14,14,0
498,0.793,7.271,0.014,8.078,15.215,16644,6286,10358,36,14,14,1264944,33984,14,14,0
499,0.794,0.564,0.018,1.377,8.257,16644,6286,10358,36,14,14,1264944,33984,14,14,0
500,0.811,0.375,0.013,1.198,1.549,16644,6286,10358,36,14,14,1264944,33984,14,14,0
501,0.815,0.395,0.019,1.228,1.366,16644,6286,10358,36,14,14,1264944,33984,14,14,0
502,0.814,0.360,0.010,1.184,1.401,16644,6286,10358,36,14,14,1264944,33984,14,14,0
503,0.828,10.139,0.013,10.979,1.351,16644,6286,10358,36,14,14,1264944,33984,14,14,0
504,0.838,7.582,0.020,8.439,11.158,16644,6286,10358,36,14,14,1264944,33984,14,14,0
505,0.848,6.874,0.012,7.734,8.628,16644,6286,10358,36,14,14,1264944,33984,14,14,0
506,0.816,0.594,0.014,1.424,7.918,16644,6286,10358,36,14,14,1264944,33984,14,14,0
507,0.794,0.365,0.016,1.174,1.596,16644,6286,10358,36,14,14,1264944,33984,14,14,0
508,0.944,0.531,0.019,1.494,1.356,16644,6286,10358,36,14,14,1264944,33984,14,14,0
509,1.163,0.439,0.017,1.619,1.768,16644,6286,10358,36,14,14,1264944,33984,14,14,0
510,0.883,9.259,0.012,10.154,1.809,16644,6286,10358,36,14,14,1264944,33984,14,14,0
511,0.881,7.697,0.018,8.596,10.329,16644,6286,10358,36,14,14,1264944,33984,14,14,0
512,0.959,6.599,0.013,7.571,8.818,16644,6286,10358,36,14,14,1264944,33984,14,14,0
513,0.947,0.557,0.021,1.524,7.775,16644,6286,10358,36,14,14,1264944,33984,14,14,0
514,0.950,0.417,0.012,1.379,1.726,16644,6286,10358,36,14,14,1264944,33984,14,14,0
515,0.958,0.425,0.013,1.395,1.576,16644,6286,10358,36,14,14,1264944,33984,14,14,0
516,0.877,0.919,0.013,1.810,1.568,16644,6286,10358,36,14,14,1264944,33984,14,14,0
517,0.796,0.326,0.016,1.138,1.975,16644,6286,10358,36,14,14,1264944,33984,14,14,0
518,0.798,2.890,0.012,3.701,1.302,16644,6286,10358,36,14,14,1264944,33984,14,14,0
519,0.818,12.053,0.014,12.884,3.879,16644,6286,10358,36,14,14,1264944,33984,14,14,0
520,0.837,6.934,0.012,7.784,13.055,16644,6286,10358,36,14,14,1264944,33984,14,14,0
521,0.941,0.351,0.028,1.319,8.008,16644,6286,10358,36,14,14,1264944,33984,14,14,0
522,0.858,0.415,0.013,1.286,1.507,16644,6286,10358,36,14,14,1264944,33984,14,14,0
523,0.837,0.357,0.009,1.202,1.460,16644,6286,10358,36,14,14,1264944,33984,14,14,0
524,0.815,0.382,0.016,1.212,1.383,16644,6286,10358,36,14,14,1264944,33984,14,14,0
525,0.802,3.924,0.014,4.740,1.369,16644,6286,10358,36,14,14,1264944,33984,14,14,0
526,0.818,13.434,0.010,14.262,4.915,16644,6286,10358,36,14,14,1264944,33984,14,14,0
527,0.823,7.278,0.016,8.117,14.449,16644,6286,10358,36,14,14,1264944,33984,14,14,0
528,0.940,0.327,0.024,1.291,8.333,16644,6286,10358,36,14,14,1264944,33984,14,14,0
529,0.916,0.608,0.016,1.540,1.474,16644,6286,10358,36,14,14,1264944,33984,14,14,0
530,0.956,0.468,0.011,1.435,1.743,16644,6286,10358,36,14,14,1264944,33984,14,14,0
531,0.964,1.921,0.014,2.899,1.626,16644,6286,10358,36,14,14,1264944,33984,14,14,0
532,0.805,3.193,0.013,4.011,3.071,16644,6286,10358,36,14,14,1264944,33984,14,14,0
533,0.844,12.571,0.017,13.431,4.207,16644,6286,10358,36,14,14,1264944,33984,14,14,0
534,0.965,6.406,0.016,7.388,13.635,16644,6286,10358,36,14,14,1264944,33984,14,14,0
535,0.933,0.339,0.014,1.286,7.606,16644,6286,10358,36,14,14,1264944,33984,14,14,0
536,0.905,0.454,0.015,1.374,1.478,16644,6286,10358,36,14,14,1264944,33984,14,14,0
537,0.947,0.720,0.021,1.688,1.571,16644,6286,10358,36,14,14,1264944,33984,14,14,0
538,0.874,1.833,0.017,2.724,1.915,16644,6286,10358,36,14,14,1264944,33984,14,14,0
539,0.775,3.251,0.016,4.042,2.893,16644,6286,10358,36,14,14,1264944,33984,14,14,0
540,0.993,12.095,113.370,126.458,4.252,16644,6286,10358,36,14,14,1264944,33984,14,14,0
541,0.588,0.356,0.014,0.958,126.571,16644,6286,10358,36,14,14,1264944,33984,14,14,0
542,0.480,0.953,0.015,1.447,1.052,16644,6286,10358,36,14,14,1264944,33984,14,14,0
543,0.447,3.549,0.009,4.006,1.545,16644,6286,10358,36,14,14,1264944,33984,14,14,0
544,0.492,11.852,0.009,12.353,4.123,16644,6286,10358,36,14,14,1264944,33984,14,14,0
545,0.485,7.512,0.008,8.005,12.453,16644,6286,10358,36,14,14,1264944,33984,14,14,0
546,0.484,0.748,0.013,1.245,8.108,16644,6286,10358,36,14,14,1264944,33984,14,14,0
547,0.522,0.269,0.013,0.804,1.376,16644,6286,10358,36,14,14,1264944,33984,14,14,0
548,0.489,1.502,0.009,2.000,0.894,16644,6286,10358,36,14,14,1264944,33984,14,14,0
549,0.508,3.756,0.009,4.273,2.097,16644,6286,10358,36,14,14,1264944,33984,14,14,0
550,0.493,4.837,0.010,5.340,4.386,16644,6286,10358,36,14,14,1264944,33984,14,14,0
551,0.492,10.716,0.010,11.217,5.450,16644,6286,10358,36,14,14,1264944,33984,14,14,0
552,0.537,7.401,0.011,7.950,11.333,16644,6286,10358,36,14,14,1264944,33984,14,14,0
553,0.535,0.652,0.022,1.209,8.070,16644,6286,10358,36,14,14,1264944,33984,14,14,0
554,0.566,0.260,0.012,0.838,1.337,16644,6286,10358,36,14,14,1264944,33984,14,14,0
555,0.523,1.302,0.010,1.834,0.933,16644,6286,10358,36,14,14,1264944,33984,14,14,0
556,0.538,3.529,0.007,4.074,1.949,16644,6286,10358,36,14,14,1264944,33984,14,14,0
557,0.509,3.229,0.008,3.747,4.188,16644,6286,10358,36,14,14,1264944,33984,14,14,0
558,0.554,12.378,0.009,12.940,3.857,16644,6286,10358,36,14,14,1264944,33984,14,14,0
559,0.555,7.329,0.010,7.894,13.070,16644,6286,10358,36,14,14,1264944,33984,14,14,0
560,0.604,0.584,0.016,1.203,8.016,16644,6286,10358,36,14,14,1264944,33984,14,14,0
561,0.596,0.301,0.012,0.909,1.331,16644,6286,10358,36,14,14,1264944,33984,14,14,0
562,0.592,0.287,0.011,0.890,1.025,16644,6286,10358,36,14,14,1264944,33984,14,14,0
563,0.575,4.100,0.012,4.686,1.004,16644,6286,10358,36,14,14,1264944,33984,14,14,0
564,0.615,3.024,0.010,3.649,4.814,16644,6286,10358,36,14,14,1264944,33984,14,14,0
565,0.576,12.752,0.010,13.338,3.780,16644,6286,10358,36,14,14,1264944,33984,14,14,0
566,0.639,7.177,0.011,7.828,13.481,16644,6286,10358,36,14,14,1264944,33984,14,14,0
567,0.661,0.787,0.014,1.462,7.963,16644,6286,10358,36,14,14,1264944,33984,14,14,0
568,0.653,0.335,0.010,0.998,1.597,16644,6286,10358,36,14,14,1264944,33984,14,14,0
569,0.649,0.252,0.013,0.914,1.134,16644,6286,10358,36,14,14,1264944,33984,14,14,0
570,0.648,1.007,0.011,1.665,1.036,16644,6286,10358,36,14,14,1264944,33984,14,14,0
571,0.617,10.507,0.010,11.134,1.797,16644,6286,10358,36,14,14,1264944,33984,14,14,0
572,0.651,8.036,0.009,8.695,11.284,16644,6286,10358,36,14,14,1264944,33984,14,14,0
573,0.663,6.830,0.008,7.501,8.836,16644,6286,10358,36,14,14,1264944,33984,14,14,0
574,0.686,0.436,0.021,1.143,7.657,16644,6286,10358,36,14,14,1264944,33984,14,14,0
575,0.708,0.332,0.013,1.053,1.296,16644,6286,10358,36,14,14,1264944,33984,14,14,0
576,0.637,0.340,0.017,0.994,1.179,16644,6286,10358,36,14,14,1264944,33984,14,14,0
577,0.679,3.942,0.013,4.633,1.122,16644,6286,10358,36,14,14,1264944,33984,14,14,0
578,0.626,3.288,0.009,3.923,4.784,16644,6286,10358,36,14,14,1264944,33984,14,14,0
579,0.671,12.063,0.009,12.743,4.061,16644,6286,10358,36,14,14,1264944,33984,14,14,0
580,0.703,7.150,0.010,7.863,12.900,16644,6286,10358,36,14,14,1264944,33984,14,14,0
581,0.711,0.408,0.012,1.131,8.012,16644,6286,10358,36,14,14,1264944,33984,14,14,0
582,0.700,0.317,0.013,1.030,1.284,16644,6286,10358,36,14,14,1264944,33984,14,14,0
583,0.710,2.829,0.012,3.551,1.173,16644,6286,10358,36,14,14,1264944,33984,14,14,0
584,0.793,1.257,0.012,2.062,3.705,16644,6286,10358,36,14,14,1264944,33984,14,14,0
585,0.681,3.484,0.011,4.176,2.233,16644,6286,10358,36,14,14,1264944,33984,14,14,0
586,0.719,11.730,0.014,12.463,4.331,16644,6286,10358,36,14,14,1264944,33984,14,14,0
587,0.710,7.133,0.010,7.853,12.615,16644,6286,10358,36,14,14,1264944,33984,14,14,0
588,0.832,0.333,0.015,1.180,8.034,16644,6286,10358,36,14,14,1264944,33984,14,14,0
589,0.812,0.337,0.011,1.159,1.346,16644,6286,10358,36,14,14,1264944,33984,14,14,0
590,0.682,0.330,0.014,1.026,1.315,16644,6286,10358,36,14,14,1264944,33984,14,14,0
591,0.800,3.361,0.018,4.179,1.175,16644,6286,10358,36,14,14,1264944,33984,14,14,0
592,0.728,3.403,0.010,4.142,4.335,16644,6286,10358,36,14,14,1264944,33984,14,14,0
593,0.729,11.908,0.012,12.649,4.305,16644,6286,10358,36,14,14,1264944,33984,14,14,0
594,0.802,7.134,0.011,7.947,12.823,16644,6286,10358,36,14,14,1264944,33984,14,14,0
595,0.817,0.379,0.023,1.218,8.116,16644,6286,10358,36,14,14,1264944,33984,14,14,0
596,0.824,0.392,0.012,1.228,1.407,16644,6286,10358,36,14,14,1264944,33984,14,14,0
597,0.788,0.372,0.015,1.175,1.423,16644,6286,10358,36,14,14,1264944,33984,14,14,0
598,0.809,6.620,0.017,7.446,1.338,16644,6286,10358,36,14,14,1264944,33984,14,14,0
599,0.804,13.751,0.014,14.570,7.624,16644,6286,10358,36,14,14,1264944,33984,14,14,0
600,20.964,1.265,0.015,22.244,5.528,16644,6286,10358,36,14,14,1264944,33984,14,14,0
601,1.376,0.244,0.014,1.633,22.344,16644,6286,10358,36,14,14,1264944,33984,14,14,0
602,5.505,0.511,0.008,6.024,1.755,16644,6286,10358,36,14,14,1264944,33984,14,14,0
603,0.444,5.204,0.009,5.657,6.133,16644,6286,10358,36,14,14,1264944,33984,14,14,0
604,0.423,7.737,0.008,8.168,5.766,16644,6286,10358,36,14,14,1264944,33984,14,14,0
605,0.451,7.523,0.008,7.981,8.269,16644,6286,10358,36,14,14,1264944,33984,14,14,0
606,0.460,7.871,0.009,8.339,8.080,16644,6286,10358,36,14,14,1264944,33984,14,14,0
607,0.495,0.607,0.010,1.112,8.456,16644,6286,10358,36,14,14,1264944,33984,14,14,0
608,0.520,0.270,0.010,0.801,1.226,16644,6286,10358,36,14,14,1264944,33984,14,14,0
609,0.508,0.453,0.012,0.972,0.887,16644,6286,10358,36,14,14,1264944,33984,14,14,0
610,0.474,3.317,0.017,3.809,1.063,16644,6286,10358,36,14,14,1264944,33984,14,14,0
611,0.508,0.640,0.012,1.160,3.910,16644,6286,10358,36,14,14,1264944,33984,14,14,0
612,0.454,2.962,0.009,3.424,1.262,16644,6286,10358,36,14,14,1264944,33984,14,14,0
613,0.508,12.737,0.011,13.256,3.533,16644,6286,10358,36,14,14,1264944,33984,14,14,0
614,0.512,7.465,0.015,7.991,13.365,16644,6286,10358,36,14,14,1264944,33984,14,14,0
615,0.549,0.559,0.010,1.118,8.106,16644,6286,10358,36,14,14,1264944,33984,14,14,0
616,0.528,0.288,0.008,0.824,1.233,16644,6286,10358,36,14,14,1264944,33984,14,14,0
617,0.544,0.240,0.008,0.792,0.939,16644,6286,10358,36,14,14,1264944,33984,14,14,0
618,0.502,0.972,0.009,1.482,0.888,16644,6286,10358,36,14,14,1264944,33984,14,14,0
619,0.548,3.112,0.009,3.669,1.596,16644,6286,10358,36,14,14,1264944,33984,14,14,0
620,0.531,1.156,0.018,1.705,3.786,16644,6286,10358,36,14,14,1264944,33984,14,14,0
621,0.647,14.476,0.014,15.137,1.821,16644,6286,10358,36,14,14,1264944,33984,14,14,0
622,0.599,7.252,0.010,7.860,15.263,16644,6286,10358,36,14,14,1264944,33984,14,14,0
623,0.621,0.591,0.013,1.225,7.999,16644,6286,10358,36,14,14,1264944,33984,14,14,0
624,0.610,0.329,0.010,0.949,1.354,16644,6286,10358,36,14,14,1264944,33984,14,14,0
625,0.591,0.315,0.010,0.916,1.071,16644,6286,10358,36,14,14,1264944,33984,14,14,0
626,0.599,0.294,0.010,0.903,1.030,16644,6286,10358,36,14,14,1264944,33984,14,14,0
627,0.569,3.102,0.006,3.677,1.019,16644,6286,10358,36,14,14,1264944,33984,14,14,0
628,0.595,2.735,0.012,3.342,3.804,16644,6286,10358,36,14,14,1264944,33984,14,14,0
629,0.628,12.615,0.009,13.252,3.474,16644,6286,10358,36,14,14,1264944,33984,14,14,0
630,0.621,7.601,0.011,8.233,13.378,16644,6286,10358,36,14,14,1264944,33984,14,14,0
631,0.671,0.339,0.012,1.022,8.376,16644,6286,10358,36,14,14,1264944,33984,14,14,0
632,0.689,0.332,0.011,1.031,1.162,16644,6286,10358,36,14,14,1264944,33984,14,14,0
633,0.645,0.343,0.007,0.995,1.169,16644,6286,10358,36,14,14,1264944,33984,14,14,0
634,0.660,0.307,0.021,0.987,1.128,16644,6286,10358,36,14,14,1264944,33984,14,14,0
635,0.644,0.310,0.013,0.967,1.107,16644,6286,10358,36,14,14,1264944,33984,14,14,0
636,0.568,10.336,0.011,10.915,1.087,16644,6286,10358,36,14,14,1264944,33984,14,14,0
637,0.632,7.699,0.012,8.343,11.053,16644,6286,10358,36,14,14,1264944,33984,14,14,0
638,0.643,7.256,0.007,7.906,8.475,16644,6286,10358,36,14,14,1264944,33984,14,14,0
639,0.640,0.400,0.012,1.051,8.040,16644,6286,10358,36,14,14,1264944,33984,14,14,0
640,0.654,0.284,0.009,0.946,1.191,16644,6286,10358,36,14,14,1264944,33984,14,14,0
641,0.632,0.276,0.012,0.919,1.081,16644,6286,10358,36,14,14,1264944,33984,14,14,0
642,0.642,0.313,0.013,0.968,1.041,16644,6286,10358,36,14,14,1264944,33984,14,14,0
643,0.671,0.441,0.013,1.125,1.100,16644,6286,10358,36,14,14,1264944,33984,14,14,0
644,0.701,1.759,0.012,2.471,1.277,16644,6286,10358,36,14,14,1264944,33984,14,14,0
645,0.612,2.899,0.008,3.519,2.611,16644,6286,10358,36,14,14,1264944,33984,14,14,0
646,0.642,12.673,0.014,13.328,3.673,16644,6286,10358,36,14,14,1264944,33984,14,14,0
647,0.637,7.087,0.008,7.732,13.480,16644,6286,10358,36,14,14,1264944,33984,14,14,0
648,0.697,0.625,0.012,1.334,7.887,16644,6286,10358,36,14,14,1264944,33984,14,14,0
649,0.718,0.320,0.010,1.048,1.482,16644,6286,10358,36,14,14,1264944,33984,14,14,0
650,0.709,0.374,0.015,1.099,1.197,16644,6286,10358,36,14,14,1264944,33984,14,14,0
651,0.750,0.313,0.009,1.072,1.249,16644,6286,10358,36,14,14,1264944,33984,14,14,0
652,0.612,11.083,0.013,11.708,1.202,16644,6286,10358,36,14,14,1264944,33984,14,14,0
653,0.702,7.503,0.020,8.226,11.860,16644,6286,10358,36,14,14,1264944,33984,14,14,0
654,0.701,7.399,0.011,8.111,8.378,16644,6286,10358,36,14,14,1264944,33984,14,14,0
655,0.704,0.731,0.009,1.443,8.266,16644,6286,10358,36,14,14,1264944,33984,14,14,0
656,0.728,0.338,0.013,1.079,1.617,16644,6286,10358,36,14,14,1264944,33984,14,14,0
657,0.688,0.330,0.008,1.025,1.221,16644,6286,10358,36,14,14,1264944,33984,14,14,0
658,0.704,0.356,0.009,1.069,1.171,16644,6286,10358,36,14,14,1264944,33984,14,14,0
659,0.680,10.637,0.011,11.328,1.211,16644,6286,10358,36,14,14,1264944,33984,14,14,0
660,0.714,7.951,0.015,8.680,11.480,16644,6286,10358,36,14,14,1264944,33984,14,14,0
661,0.722,7.078,0.011,7.811,8.837,16644,6286,10358,36,14,14,1264944,33984,14,14,0
662,0.815,0.634,0.010,1.458,7.988,16644,6286,10358,36,14,14,1264944,33984,14,14,0
663,0.828,0.370,0.011,1.209,1.619,16644,6286,10358,36,14,14,1264944,33984,14,14,0
664,0.785,0.617,0.014,1.416,1.383,16644,6286,10358,36,14,14,1264944,33984,14,14,0
665,0.848,1.288,0.019,2.155,1.584,16644,6286,10358,36,14,14,1264944,33984,14,14,0
666,0.721,0.307,0.012,1.040,2.311,16644,6286,10358,36,14,14,1264944,33984,14,14,0
667,0.686,2.729,0.010,3.425,1.195,16644,6286,10358,36,14,14,1264944,33984,14,14,0
668,0.728,12.495,0.014,13.237,3.590,16644,6286,10358,36,14,14,1264944,33984,14,14,0
669,0.873,6.878,0.013,7.763,13.417,16644,6286,10358,36,14,14,1264944,33984,14,14,0
670,0.832,0.419,0.015,1.266,7.956,16644,6286,10358,36,14,14,1264944,33984,14,14,0
671,0.830,0.429,0.014,1.273,1.432,16644,6286,10358,36,14,14,1264944,33984,14,14,0
672,0.801,0.418,0.019,1.238,1.445,16644,6286,10358,36,14,14,1264944,33984,14,14,0
673,0.887,0.373,0.017,1.277,1.421,16644,6286,10358,36,14,14,1264944,33984,14,14,0
674,0.806,0.416,0.021,1.243,1.457,16644,6286,10358,36,14,14,1264944,33984,14,14,0
675,0.715,2.982,0.010,3.707,1.396,16644,6286,10358,36,14,14,1264944,33984,14,14,0
676,0.757,13.414,0.011,14.182,3.863,16644,6286,10358,36,14,14,1264944,33984,14,14,0
677,0.795,7.067,0.017,7.879,14.375,16644,6286,10358,36,14,14,1264944,33984,14,14,0
678,0.801,0.309,0.013,1.122,8.078,16644,6286,10358,36,14,14,1264944,33984,14,14,0
679,0.823,0.382,0.014,1.220,1.292,16644,6286,10358,36,14,14,1264944,33984,14,14,0
680,0.789,0.370,0.012,1.171,1.406,16644,6286,10358,36,14,14,1264944,33984,14,14,0
681,0.813,1.878,0.016,2.707,1.331,16644,6286,10358,36,14,14,1264944,33984,14,14,0
682,0.811,0.320,0.013,1.144,2.918,16644,6286,10358,36,14,14,1264944,33984,14,14,0
683,0.743,2.911,0.011,3.665,1.319,16644,6286,10358,36,14,14,1264944,33984,14,14,0
684,0.725,12.558,0.017,13.300,3.817,16644,6286,10358,36,14,14,1264944,33984,14,14,0
685,0.829,6.776,0.015,7.621,13.490,16644,6286,10358,36,14,14,1264944,33984,14,14,0
686,0.793,0.312,0.012,1.117,7.807,16644,6286,10358,36,14,14,1264944,33984,14,14,0
687,0.783,0.366,0.015,1.164,1.301,16644,6286,10358,36,14,14,1264944,33984,14,14,0
688,0.783,0.396,0.016,1.194,1.333,16644,6286,10358,36,14,14,1264944,33984,14,14,0
689,0.822,2.048,0.016,2.886,1.367,16644,6286,10358,36,14,14,1264944,33984,14,14,0
690,0.847,0.360,0.015,1.223,3.084,16644,6286,10358,36,14,14,1264944,33984,14,14,0
691,0.834,2.528,0.014,3.375,1.397,16644,6286,10358,36,14,14,1264944,33984,14,14,0
692,0.814,12.196,0.015,13.025,3.565,16644,6286,10358,36,14,14,1264944,33984,14,14,0
693,0.788,6.914,0.012,7.714,13.212,16644,6286,10358,36,14,14,1264944,33984,14,14,0
694,0.787,0.297,0.012,1.097,7.883,16644,6286,10358,36,14,14,1264944,33984,14,14,0
695,0.791,0.394,0.011,1.196,1.261,16644,6286,10358,36,14,14,1264944,33984,14,14,0
696,0.834,0.387,0.010,1.231,1.397,16644,6286,10358,36,14,14,1264944,33984,14,14,0
697,0.834,1.978,0.022,2.833,1.397,16644,6286,10358,36,14,14,1264944,33984,14,14,0
698,0.795,0.330,0.015,1.141,3.020,16644,6286,10358,36,14,14,1264944,33984,14,14,0
699,0.812,2.681,0.013,3.506,1.304,16644,6286,10358,36,14,14,1264944,33984,14,14,0
700,0.834,12.413,0.013,13.260,3.696,16644,6286,10358,36,14,14,1264944,33984,14,14,0
701,0.936,6.861,0.011,7.808,13.478,16644,6286,10358,36,14,14,1264944,33984,14,14,0
702,0.920,0.349,0.026,1.295,8.033,16644,6286,10358,36,14,14,1264944,33984,14,14,0
703,0.932,0.563,0.017,1.511,1.491,16644,6286,10358,36,14,14,1264944,33984,14,14,0
704,0.952,0.431,0.010,1.393,1.709,16644,6286,10358,36,14,14,1264944,33984,14,14,0
705,0.887,1.154,0.014,2.054,1.559,16644,6286,10358,36,14,14,1264944,33984,14,14,0
706,0.818,0.319,0.020,1.157,2.233,16644,6286,10358,36,14,14,1264944,33984,14,14,0
707,0.790,2.793,0.013,3.596,1.322,16644,6286,10358,36,14,14,1264944,33984,14,14,0
708,0.806,12.239,0.016,13.060,3.788,16644,6286,10358,36,14,14,1264944,33984,14,14,0
709,0.844,6.782,0.053,7.679,13.232,16644,6286,10358,36,14,14,1264944,33984,14,14,0
710,1.631,0.424,0.023,2.077,7.894,16644,6286,10358,36,14,14,1264944,33984,14,14,0
711,0.934,0.315,0.012,1.262,2.283,16644,6286,10358,36,14,14,1264944,33984,14,14,0
712,0.840,0.569,0.017,1.426,1.433,16644,6286,10358,36,14,14,1264944,33984,14,14,0
713,0.887,1.667,0.011,2.565,1.592,16644,6286,10358,36,14,14,1264944,33984,14,14,0
714,0.794,3.114,0.054,3.962,2.744,16644,6286,10358,36,14,14,1264944,33984,14,14,0
715,0.835,12.330,0.018,13.183,4.141,16644,6286,10358,36,14,14,1264944,33984,14,14,0
716,0.942,6.975,0.013,7.930,13.393,16644,6286,10358,36,14,14,1264944,33984,14,14,0
717,0.936,0.560,0.018,1.514,8.139,16644,6286,10358,36,14,14,1264944,33984,14,14,0
718,0.945,0.433,0.016,1.394,1.719,16644,6286,10358,36,14,14,1264944,33984,14,14,0
719,0.927,0.618,0.011,1.555,1.589,16644,6286,10358,36,14,14,1264944,33984,14,14,0
720,0.878,1.576,50.919,53.373,1.729,16644,6286,10358,36,14,14,1264944,33984,14,14,0
721,0.606,0.309,0.014,0.929,53.487,16644,6286,10358,36,14,14,1264944,33984,14,14,0
722,0.568,1.866,0.013,2.446,1.042,16644,6286,10358,36,14,14,1264944,33984,14,14,0
723,0.540,2.821,0.008,3.369,2.553,16644,6286,10358,36,14,14,1264944,33984,14,14,0
724,0.567,0.766,0.012,1.345,3.505,16644,6286,10358,36,14,14,1264944,33984,14,14,0
725,0.561,0.575,0.012,1.147,1.455,16644,6286,10358,36,14,14,1264944,33984,14,14,0
726,0.514,0.614,0.009,1.137,1.259,16644,6286,10358,36,14,14,1264944,33984,14,14,0
727,0.525,1.224,0.011,1.760,1.251,16644,6286,10358,36,14,14,1264944,33984,14,14,0
728,0.538,1.093,0.020,1.651,1.873,16644,6286,10358,36,14,14,1264944,33984,14,14,0
729,0.532,0.263,0.007,0.802,1.761,16644,6286,10358,36,14,14,1264944,33984,14,14,0
730,0.521,2.601,0.010,3.132,0.917,16644,6286,10358,36,14,14,1264944,33984,14,14,0
731,0.528,13.392,0.009,13.929,3.247,16644,6286,10358,36,14,14,1264944,33984,14,14,0
732,0.533,7.382,0.009,7.925,14.048,16644,6286,10358,36,14,14,1264944,33984,14,14,0
733,0.527,0.509,0.011,1.047,8.047,16644,6286,10358,36,14,14,1264944,33984,14,14,0
734,0.538,0.305,0.013,0.856,1.158,16644,6286,10358,36,14,14,1264944,33984,14,14,0
735,0.581,0.277,0.016,0.874,0.980,16644,6286,10358,36,14,14,1264944,33984,14,14,0
736,0.505,0.253,0.011,0.769,0.965,16644,6286,10358,36,14,14,1264944,33984,14,14,0
737,0.516,3.012,0.023,3.551,0.902,16644,6286,10358,36,14,14,1264944,33984,14,14,0
738,0.634,0.286,0.012,0.932,3.692,16644,6286,10358,36,14,14,1264944,33984,14,14,0
739,0.543,2.551,0.015,3.108,1.045,16644,6286,10358,36,14,14,1264944,33984,14,14,0
740,0.586,12.808,0.016,13.410,3.243,16644,6286,10358,36,14,14,1264944,33984,14,14,0
741,0.646,6.995,0.010,7.651,13.534,16644,6286,10358,36,14,14,1264944,33984,14,14,0
742,0.561,0.532,0.014,1.108,7.771,16644,6286,10358,36,14,14,1264944,33984,14,14,0
743,0.563,0.271,0.017,0.851,1.222,16644,6286,10358,36,14,14,1264944,33984,14,14,0
744,0.546,0.339,0.010,0.896,0.961,16644,6286,10358,36,14,14,1264944,33984,14,14,0
745,0.565,0.251,0.013,0.829,1.007,16644,6286,10358,36,14,14,1264944,33984,14,14,0
746,0.536,0.323,0.016,0.875,0.947,16644,6286,10358,36,14,14,1264944,33984,14,14,0
747,0.519,3.688,0.009,4.217,0.978,16644,6286,10358,36,14,14,1264944,33984,14,14,0
748,0.530,15.297,0.011,15.838,4.333,16644,6286,10358,36,14,14,1264944,33984,14,14,0
749,0.567,7.202,0.010,7.779,15.956,16644,6286,10358,36,14,14,1264944,33984,14,14,0
750,0.593,0.434,0.010,1.037,7.909,16644,6286,10358,36,14,14,1264944,33984,14,14,0
751,0.623,0.311,0.009,0.943,1.164,16644,6286,10358,36,14,14,1264944,33984,14,14,0
752,0.614,0.285,0.010,0.910,1.058,16644,6286,10358,36,14,14,1264944,33984,14,14,0
753,0.609,0.294,0.007,0.910,1.035,16644,6286,10358,36,14,14,1264944,33984,14,14,0
754,0.604,0.353,0.013,0.970,1.033,16644,6286,10358,36,14,14,1264944,33984,14,14,0
755,0.589,4.096,0.014,4.699,1.087,16644,6286,10358,36,14,14,1264944,33984,14,14,0
756,0.597,14.396,0.012,15.006,4.845,16644,6286,10358,36,14,14,1264944,33984,14,14,0
757,0.593,7.167,0.009,7.769,15.134,16644,6286,10358,36,14,14,1264944,33984,14,14,0
758,0.639,0.461,0.012,1.112,7.911,16644,6286,10358,36,14,14,1264944,33984,14,14,0
759,0.631,0.303,0.009,0.943,1.238,16644,6286,10358,36,14,14,1264944,33984,14,14,0
760,0.660,0.330,0.007,0.998,1.072,16644,6286,10358,36,14,14,1264944,33984,14,14,0
761,0.583,0.288,0.006,0.877,1.121,16644,6286,10358,36,14,14,1264944,33984,14,14,0
762,0.589,0.246,0.015,0.850,0.991,16644,6286,10358,36,14,14,1264944,33984,14,14,0
763,0.599,0.432,0.012,1.042,0.955,16644,6286,10358,36,14,14,1264944,33984,14,14,0
764,0.580,3.049,0.009,3.638,1.158,16644,6286,10358,36,14,14,1264944,33984,14,14,0
765,0.566,14.279,0.012,14.858,3.768,16644,6286,10358,36,14,14,1264944,33984,14,14,0
766,0.648,7.448,0.012,8.107,15.009,16644,6286,10358,36,14,14,1264944,33984,14,14,0
767,0.642,0.718,0.024,1.383,8.255,16644,6286,10358,36,14,14,1264944,33984,14,14,0
768,0.634,0.296,0.010,0.940,1.514,16644,6286,10358,36,14,14,1264944,33984,14,14,0
769,0.632,0.239,0.009,0.880,1.065,16644,6286,10358,36,14,14,1264944,33984,14,14,0
770,0.630,0.383,0.011,1.025,1.008,16644,6286,10358,36,14,14,1264944,33984,14,14,0
771,0.622,1.577,0.014,2.212,1.161,16644,6286,10358,36,14,14,1264944,33984,14,14,0
772,0.616,0.254,0.009,0.880,2.361,16644,6286,10358,36,14,14,1264944,33984,14,14,0
773,0.634,2.520,0.009,3.162,1.006,16644,6286,10358,36,14,14,1264944,33984,14,14,0
774,0.665,12.800,0.015,13.480,3.301,16644,6286,10358,36,14,14,1264944,33984,14,14,0
775,0.640,7.606,0.011,8.257,13.616,16644,6286,10358,36,14,14,1264944,33984,14,14,0
776,0.674,0.638,0.011,1.322,8.411,16644,6286,10358,36,14,14,1264944,33984,14,14,0
777,0.708,0.319,0.012,1.039,1.478,16644,6286,10358,36,14,14,1264944,33984,14,14,0
778,0.722,0.315,0.010,1.046,1.189,16644,6286,10358,36,14,14,1264944,33984,14,14,0
779,0.802,0.356,0.011,1.168,1.195,16644,6286,10358,36,14,14,1264944,33984,14,14,0
780,11.842,0.950,0.013,12.806,11.777,16750,6362,10388,36,14,14,1273000,34824,14,14,0
781,1.323,1.491,0.010,2.824,12.917,16750,6362,10388,36,14,14,1273000,34824,14,14,0
782,4.649,3.674,0.011,8.334,2.935,16750,6362,10388,36,14,14,1273000,34824,14,14,0
783,0.451,7.992,0.010,8.454,8.446,16750,6362,10388,36,14,14,1273000,34824,14,14,0
784,0.502,7.073,0.010,7.585,8.574,16750,6362,10388,36,14,14,1273000,34824,14,14,0
785,0.478,7.941,0.009,8.428,7.699,16750,6362,10388,36,14,14,1273000,34824,14,14,0
786,0.494,3.465,0.009,3.969,8.547,16750,6362,10388,36,14,14,1273000,34824,14,14,0
787,0.509,12.519,0.009,13.037,4.092,16750,6362,10388,36,14,14,1273000,34824,14,14,0
788,0.535,7.282,0.007,7.825,13.174,16750,6362,10388,36,14,14,1273000,34824,14,14,0
789,0.526,0.811,0.011,1.348,7.948,16750,6362,10388,36,14,14,1273000,34824,14,14,0
790,0.549,0.853,0.017,1.419,1.480,16750,6362,10388,36,14,14,1273000,34824,14,14,0
791,0.677,0.345,0.017,1.038,1.632,16750,6362,10388,36,14,14,1273000,34824,14,14,0
792,0.550,0.286,0.015,0.851,1.164,16750,6362,10388,36,14,14,1273000,34824,14,14,0
793,0.563,0.654,0.031,1.248,0.961,16750,6362,10388,36,14,14,1273000,34824,14,14,0
794,0.604,3.638,0.015,4.257,1.388,16750,6362,10388,36,14,14,1273000,34824,14,14,0
795,0.545,13.858,0.012,14.414,4.395,16750,6362,10388,36,14,14,1273000,34824,14,14,0
796,0.633,7.104,0.013,7.751,14.572,16750,6362,10388,36,14,14,1273000,34824,14,14,0
797,0.636,0.734,0.019,1.389,7.893,16750,6362,10388,36,14,14,1273000,34824,14,14,0
798,0.657,0.320,0.010,0.987,1.548,16750,6362,10388,36,14,14,1273000,34824,14,14,0
799,0.609,0.305,0.013,0.927,1.125,16750,6362,10388,36,14,14,1273000,34824,14,14,0
800,0.588,0.259,0.023,0.870,1.057,16750,6362,10388,36,14,14,1273000,34824,14,14,0
801,0.617,0.421,0.012,1.050,0.993,16750,6362,10388,36,14,14,1273000,34824,14,14,0
802,0.615,1.366,0.011,1.992,1.184,16750,6362,10388,36,14,14,1273000,34824,14,14,0
803,0.564,3.768,0.011,4.343,2.127,16750,6362,10388,36,14,14,1273000,34824,14,14,0
804,0.735,11.734,0.014,12.482,4.577,16750,6362,10388,36,14,14,1273000,34824,14,14,0
805,0.669,6.956,0.018,7.643,12.622,16750,6362,10388,36,14,14,1273000,34824,14,14,0
806,0.640,0.515,0.019,1.174,7.808,16750,6362,10388,36,14,14,1273000,34824,14,14,0
807,0.661,0.349,0.009,1.019,1.314,16750,6362,10388,36,14,14,1273000,34824,14,14,0
808,0.674,0.311,0.010,0.996,1.167,16750,6362,10388,36,14,14,1273000,34824,14,14,0
809,0.624,0.291,0.012,0.927,1.134,16750,6362,10388,36,14,14,1273000,34824,14,14,0
810,0.663,0.285,0.008,0.957,1.058,16750,6362,10388,36,14,14,1273000,34824,14,14,0
811,0.672,3.101,0.014,3.787,1.084,16750,6362,10388,36,14,14,1273000,34824,14,14,0
812,0.684,15.261,0.014,15.960,3.948,16750,6362,10388,36,14,14,1273000,34824,14,14,0
813,0.676,6.845,0.016,7.536,16.116,16750,6362,10388,36,14,14,1273000,34824,14,14,0
814,0.763,0.477,0.013,1.254,7.706,16750,6362,10388,36,14,14,1273000,34824,14,14,0
815,0.751,0.361,0.010,1.122,1.417,16750,6362,10388,36,14,14,1273000,34824,14,14,0
816,0.642,0.311,0.015,0.968,1.273,16750,6362,10388,36,14,14,1273000,34824,14,14,0
817,0.645,0.303,0.011,0.959,1.098,16750,6362,10388,36,14,14,1273000,34824,14,14,0
818,0.673,0.320,0.012,1.006,1.096,16750,6362,10388,36,14,14,1273000,34824,14,14,0
819,0.743,9.502,0.013,10.259,1.142,16750,6362,10388,36,14,14,1273000,34824,14,14,0
820,0.651,8.122,0.015,8.787,10.414,16750,6362,10388,36,14,14,1273000,34824,14,14,0
821,0.715,6.916,0.013,7.644,8.954,16750,6362,10388,36,14,14,1273000,34824,14,14,0
822,0.700,0.525,0.011,1.236,7.812,16750,6362,10388,36,14,14,1273000,34824,14,14,0
823,0.744,0.350,0.010,1.104,1.392,16750,6362,10388,36,14,14,1273000,34824,14,14,0
824,0.693,0.354,0.012,1.059,1.261,16750,6362,10388,36,14,14,1273000,34824,14,14,0
825,0.674,0.296,0.009,0.978,1.211,16750,6362,10388,36,14,14,1273000,34824,14,14,0
826,0.702,0.284,0.015,1.000,1.124,16750,6362,10388,36,14,14,1273000,34824,14,14,0
827,0.712,2.810,0.010,3.532,1.149,16750,6362,10388,36,14,14,1273000,34824,14,14,0
828,0.680,15.016,0.021,15.718,3.676,16750,6362,10388,36,14,14,1273000,34824,14,14,0
829,0.740,6.891,0.014,7.645,15.879,16750,6362,10388,36,14,14,1273000,34824,14,14,0
830,0.731,0.504,0.014,1.248,7.809,16750,6362,10388,36,14,14,1273000,34824,14,14,0
831,0.697,0.351,0.010,1.058,1.401,16750,6362,10388,36,14,14,1273000,34824,14,14,0
832,0.720,0.292,0.011,1.023,1.209,16750,6362,10388,36,14,14,1273000,34824,14,14,0
833,0.786,0.491,0.013,1.290,1.182,16750,6362,10388,36,14,14,1273000,34824,14,14,0
834,0.733,0.366,0.017,1.116,1.441,16750,6362,10388,36,14,14,1273000,34824,14,14,0
835,0.693,9.635,0.031,10.359,1.268,16750,6362,10388,36,14,14,1273000,34824,14,14,0
836,0.732,7.182,0.021,7.936,10.529,16750,6362,10388,36,14,14,1273000,34824,14,14,0
837,0.681,7.121,0.012,7.814,8.102,16750,6362,10388,36,14,14,1273000,34824,14,14,0
838,0.685,0.507,0.013,1.205,7.963,16750,6362,10388,36,14,14,1273000,34824,14,14,0
839,0.694,0.346,0.012,1.052,1.374,16750,6362,10388,36,14,14,1273000,34824,14,14,0
840,0.682,0.341,0.014,1.037,1.209,16750,6362,10388,36,14,14,1273000,34824,14,14,0
841,0.718,0.342,0.022,1.082,1.194,16750,6362,10388,36,14,14,1273000,34824,14,14,0
842,0.715,0.331,0.009,1.055,1.231,16750,6362,10388,36,14,14,1273000,34824,14,14,0
843,0.738,1.185,0.009,1.933,1.205,16750,6362,10388,36,14,14,1273000,34824,14,14,0
844,0.660,2.967,0.011,3.637,2.086,16750,6362,10388,36,14,14,1273000,34824,14,14,0
845,0.740,12.489,0.020,13.249,3.795,16750,6362,10388,36,14,14,1273000,34824,14,14,0
846,0.729,7.042,0.029,7.800,13.402,16750,6362,10388,36,14,14,1273000,34824,14,14,0
847,0.774,0.314,0.017,1.106,7.982,16750,6362,10388,36,14,14,1273000,34824,14,14,0
848,0.773,0.359,0.014,1.147,1.270,16750,6362,10388,36,14,14,1273000,34824,14,14,0
849,0.752,0.351,0.014,1.117,1.312,16750,6362,10388,36,14,14,1273000,34824,14,14,0
850,0.683,0.344,0.009,1.036,1.268,16750,6362,10388,36,14,14,1273000,34824,14,14,0
851,0.693,11.114,0.017,11.825,1.182,16750,6362,10388,36,14,14,1273000,34824,14,14,0
852,0.773,7.042,0.020,7.834,12.004,16750,6362,10388,36,14,14,1273000,34824,14,14,0
853,0.790,7.118,0.018,7.926,8.020,16750,6362,10388,36,14,14,1273000,34824,14,14,0
854,0.795,0.418,0.015,1.229,8.091,16750,6362,10388,36,14,14,1273000,34824,14,14,0
855,0.796,0.354,0.014,1.165,1.401,16750,6362,10388,36,14,14,1273000,34824,14,14,0
856,0.782,0.298,0.016,1.096,1.340,16750,6362,10388,36,14,14,1273000,34824,14,14,0
857,0.760,0.325,0.014,1.099,1.260,16750,6362,10388,36,14,14,1273000,34824,14,14,0
858,0.791,0.351,0.010,1.152,1.263,16750,6362,10388,36,14,14,1273000,34824,14,14,0
859,0.777,0.777,0.015,1.569,1.325,16750,6362,10388,36,14,14,1273000,34824,14,14,0
860,0.650,3.006,0.010,3.666,1.713,16750,6362,10388,36,14,14,1273000,34824,14,14,0
861,0.702,12.253,0.017,12.972,3.836,16750,6362,10388,36,14,14,1273000,34824,14,14,0
862,0.750,7.103,0.011,7.864,13.150,16750,6362,10388,36,14,14,1273000,34824,14,14,0
863,0.789,0.329,0.013,1.131,8.048,16750,6362,10388,36,14,14,1273000,34824,14,14,0
864,0.779,0.346,0.010,1.135,1.303,16750,6362,10388,36,14,14,1273000,34824,14,14,0
865,0.784,0.356,0.010,1.149,1.302,16750,6362,10388,36,14,14,1273000,34824,14,14,0
866,0.808,0.444,0.012,1.265,1.324,16750,6362,10388,36,14,14,1273000,34824,14,14,0
867,0.789,10.708,0.014,11.511,1.438,16750,6362,10388,36,14,14,1273000,34824,14,14,0
868,0.779,7.274,0.014,8.068,11.700,16750,6362,10388,36,14,14,1273000,34824,14,14,0
869,0.770,7.221,0.011,8.001,8.245,16750,6362,10388,36,14,14,1273000,34824,14,14,0
870,0.793,0.331,0.022,1.146,8.183,16750,6362,10388,36,14,14,1273000,34824,14,14,0
871,0.790,0.335,0.011,1.136,1.311,16750,6362,10388,36,14,14,1273000,34824,14,14,0
872,0.787,0.307,0.014,1.108,1.317,16750,6362,10388,36,14,14,1273000,34824,14,14,0
873,0.775,0.322,0.010,1.108,1.280,16750,6362,10388,36,14,14,1273000,34824,14,14,0
874,0.822,0.322,0.012,1.156,1.274,16750,6362,10388,36,14,14,1273000,34824,14,14,0
875,0.705,0.803,0.012,1.520,1.310,16750,6362,10388,36,14,14,1273000,34824,14,14,0
876,0.653,3.219,0.011,3.883,1.665,16750,6362,10388,36,14,14,1273000,34824,14,14,0
877,0.693,12.005,0.010,12.707,4.049,16750,6362,10388,36,14,14,1273000,34824,14,14,0
878,0.772,7.132,0.017,7.920,12.890,16750,6362,10388,36,14,14,1273000,34824,14,14,0
879,0.789,0.314,0.018,1.121,8.097,16750,6362,10388,36,14,14,1273000,34824,14,14,0
880,0.760,0.310,0.013,1.082,1.291,16750,6362,10388,36,14,14,1273000,34824,14,14,0
881,0.781,0.300,0.019,1.100,1.255,16750,6362,10388,36,14,14,1273000,34824,14,14,0
882,0.771,0.300,0.010,1.081,1.267,16750,6362,10388,36,14,14,1273000,34824,14,14,0
883,0.773,0.366,0.010,1.148,1.245,16750,6362,10388,36,14,14,1273000,34824,14,14,0
884,0.817,0.993,0.015,1.825,1.323,16750,6362,10388,36,14,14,1273000,34824,14,14,0
885,0.742,3.162,0.023,3.927,1.993,16750,6362,10388,36,14,14,1273000,34824,14,14,0
886,0.796,11.784,0.014,12.595,4.110,16750,6362,10388,36,14,14,1273000,34824,14,14,0
887,0.773,7.132,0.015,7.921,12.770,16750,6362,10388,36,14,14,1273000,34824,14,14,0
888,0.779,0.301,0.011,1.092,8.106,16750,6362,10388,36,14,14,1273000,34824,14,14,0
889,0.766,0.373,0.010,1.149,1.258,16750,6362,10388,36,14,14,1273000,34824,14,14,0
890,0.778,0.331,0.012,1.121,1.324,16750,6362,10388,36,14,14,1273000,34824,14,14,0
891,0.779,0.317,0.015,1.111,1.322,16750,6362,10388,36,14,14,1273000,34824,14,14,0
892,0.796,0.322,0.014,1.132,1.292,16750,6362,10388,36,14,14,1273000,34824,14,14,0
893,0.786,0.840,0.014,1.640,1.306,16750,6362,10388,36,14,14,1273000,34824,14,14,0
894,0.731,2.466,0.023,3.219,1.808,16750,6362,10388,36,14,14,1273000,34824,14,14,0
895,0.893,12.652,0.020,13.565,3.434,16750,6362,10388,36,14,14,1273000,34824,14,14,0
896,0.835,7.011,0.014,7.860,13.755,16750,6362,10388,36,14,14,1273000,34824,14,14,0
897,0.770,0.324,0.014,1.107,8.037,16750,6362,10388,36,14,14,1273000,34824,14,14,0
898,0.802,0.371,0.013,1.187,1.271,16750,6362,10388,36,14,14,1273000,34824,14,14,0
899,0.819,0.347,0.017,1.184,1.362,16750,6362,10388,36,14,14,1273000,34824,14,14,0
900,0.801,0.336,31.768,32.905,1.371,16750,6362,10388,36,14,14,1273000,34824,14,14,0
901,0.561,0.295,0.009,0.864,33.024,16750,6362,10388,36,14,14,1273000,34824,14,14,0
902,0.553,2.916,0.010,3.479,0.988,16750,6362,10388,36,14,14,1273000,34824,14,14,0
903,0.519,3.464,0.009,3.992,3.609,16750,6362,10388,36,14,14,1273000,34824,14,14,0
904,0.572,12.327,0.008,12.907,4.117,16750,6362,10388,36,14,14,1273000,34824,14,14,0
905,0.590,7.335,0.016,7.941,13.044,16750,6362,10388,36,14,14,1273000,34824,14,14,0
906,0.615,0.822,0.009,1.446,8.085,16750,6362,10388,36,14,14,1273000,34824,14,14,0
907,0.681,0.316,0.020,1.017,1.574,16750,6362,10388,36,14,14,1273000,34824,14,14,0
908,0.586,0.294,0.017,0.897,1.157,16750,6362,10388,36,14,14,1273000,34824,14,14,0
909,0.622,3.098,0.014,3.733,1.040,16750,6362,10388,36,14,14,1273000,34824,14,14,0
910,0.610,16.807,0.011,17.428,3.879,16750,6362,10388,36,14,14,1273000,34824,14,14,0
911,0.615,7.193,0.009,7.817,17.570,16750,6362,10388,36,14,14,1273000,34824,14,14,0
912,0.681,0.615,0.012,1.308,7.967,16750,6362,10388,36,14,14,1273000,34824,14,14,0
913,0.684,0.328,0.012,1.024,1.463,16750,6362,10388,36,14,14,1273000,34824,14,14,0
914,0.695,0.325,0.012,1.033,1.180,16750,6362,10388,36,14,14,1273000,34824,14,14,0
915,0.677,0.278,0.008,0.963,1.180,16750,6362,10388,36,14,14,1273000,34824,14,14,0
916,0.621,0.323,0.034,0.977,1.110,16750,6362,10388,36,14,14,1273000,34824,14,14,0
917,0.641,0.306,0.015,0.963,1.117,16750,6362,10388,36,14,14,1273000,34824,14,14,0
918,0.607,3.177,0.010,3.794,1.104,16750,6362,10388,36,14,14,1273000,34824,14,14,0
919,0.614,13.221,0.012,13.847,3.948,16750,6362,10388,36,14,14,1273000,34824,14,14,0
920,0.688,7.295,0.027,8.010,14.008,16750,6362,10388,36,14,14,1273000,34824,14,14,0
921,0.682,0.405,0.011,1.099,8.163,16750,6362,10388,36,14,14,1273000,34824,14,14,0
922,0.675,0.315,0.011,1.001,1.257,16750,6362,10388,36,14,14,1273000,34824,14,14,0
923,0.685,0.349,0.012,1.047,1.145,16750,6362,10388,36,14,14,1273000,34824,14,14,0
924,0.684,0.362,0.012,1.058,1.201,16750,6362,10388,36,14,14,1273000,34824,14,14,0
925,0.701,0.340,0.014,1.055,1.215,16750,6362,10388,36,14,14,1273000,34824,14,14,0
926,0.678,0.252,0.020,0.950,1.206,16750,6362,10388,36,14,14,1273000,34824,14,14,0
927,0.595,2.486,0.009,3.090,1.077,16750,6362,10388,36,14,14,1273000,34824,14,14,0
928,0.600,14.003,0.011,14.614,3.228,16750,6362,10388,36,14,14,1273000,34824,14,14,0
929,0.687,7.147,0.014,7.849,14.777,16750,6362,10388,36,14,14,1273000,34824,14,14,0
930,0.745,0.554,0.011,1.310,8.007,16750,6362,10388,36,14,14,1273000,34824,14,14,0
931,0.694,0.323,0.013,1.030,1.461,16750,6362,10388,36,14,14,1273000,34824,14,14,0
932,0.667,0.310,0.012,0.989,1.188,16750,6362,10388,36,14,14,1273000,34824,14,14,0
933,0.669,0.337,0.009,1.014,1.130,16750,6362,10388,36,14,14,1273000,34824,14,14,0
934,0.693,0.284,0.013,0.989,1.161,16750,6362,10388,36,14,14,1273000,34824,14,14,0
935,0.645,0.265,0.014,0.924,1.136,16750,6362,10388,36,14,14,1273000,34824,14,14,0
936,0.653,2.769,0.008,3.429,1.064,16750,6362,10388,36,14,14,1273000,34824,14,14,0
937,0.657,13.724,0.012,14.393,3.581,16750,6362,10388,36,14,14,1273000,34824,14,14,0
938,0.676,7.424,0.011,8.111,14.543,16750,6362,10388,36,14,14,1273000,34824,14,14,0
939,0.688,0.373,0.010,1.071,8.282,16750,6362,10388,36,14,14,1273000,34824,14,14,0
940,0.681,0.311,0.011,1.002,1.222,16750,6362,10388,36,14,14,1273000,34824,14,14,0
941,0.656,0.294,0.011,0.961,1.148,16750,6362,10388,36,14,14,1273000,34824,14,14,0
942,0.719,0.324,0.011,1.054,1.106,16750,6362,10388,36,14,14,1273000,34824,14,14,0
943,0.700,0.325,0.027,1.052,1.201,16750,6362,10388,36,14,14,1273000,34824,14,14,0
944,0.682,0.314,0.011,1.007,1.207,16750,6362,10388,36,14,14,1273000,34824,14,14,0
945,0.683,2.593,0.011,3.287,1.154,16750,6362,10388,36,14,14,1273000,34824,14,14,0
946,0.688,13.793,0.015,14.495,3.451,16750,6362,10388,36,14,14,1273000,34824,14,14,0
947,0.943,7.057,0.008,8.007,14.650,16750,6362,10388,36,14,14,1273000,34824,14,14,0
948,0.945,0.278,0.015,1.237,8.157,16750,6362,10388,36,14,14,1273000,34824,14,14,0
949,0.708,1.185,0.014,1.908,1.393,16750,6362,10388,36,14,14,1273000,34824,14,14,0
950,0.766,0.501,0.014,1.280,2.083,16750,6362,10388,36,14,14,1273000,34824,14,14,0
951,0.752,1.501,0.011,2.264,1.456,16750,6362,10388,36,14,14,1273000,34824,14,14,0
952,0.672,4.900,0.014,5.585,2.425,16750,6362,10388,36,14,14,1273000,34824,14,14,0
953,0.930,11.716,0.016,12.662,5.748,16750,6362,10388,36,14,14,1273000,34824,14,14,0
954,0.793,6.579,0.013,7.384,12.837,16750,6362,10388,36,14,14,1273000,34824,14,14,0
955,0.779,0.308,0.010,1.097,7.569,16750,6362,10388,36,14,14,1273000,34824,14,14,0
956,0.798,1.222,0.013,2.033,1.261,16750,6362,10388,36,14,14,1273000,34824,14,14,0
957,0.794,0.300,0.009,1.102,2.226,16750,6362,10388,36,14,14,1273000,34824,14,14,0
958,0.805,1.247,0.015,2.067,1.265,16750,6362,10388,36,14,14,1273000,34824,14,14,0
959,0.867,4.978,0.029,5.874,2.237,16750,6362,10388,36,14,14,1273000,34824,14,14,0
960,22.116,0.712,0.015,22.843,5.494,16644,6286,10358,36,14,14,1264944,33984,14,14,0
961,1.367,0.248,0.012,1.628,22.946,16644,6286,10358,36,14,14,1264944,33984,14,14,0
962,3.592,0.550,0.010,4.152,1.738,16644,6286,10358,36,14,14,1264944,33984,14,14,0
963,0.468,3.778,0.014,4.260,4.262,16644,6286,10358,36,14,14,1264944,33984,14,14,0
964,0.440,8.542,0.016,8.998,4.369,16644,6286,10358,36,14,14,1264944,33984,14,14,0
965,0.454,7.969,0.007,8.429,9.099,16644,6286,10358,36,14,14,1264944,33984,14,14,0
966,0.426,6.457,0.008,6.891,8.530,16644,6286,10358,36,14,14,1264944,33984,14,14,0
967,0.493,7.884,0.008,8.386,7.001,16644,6286,10358,36,14,14,1264944,33984,14,14,0
968,0.488,7.432,0.009,7.930,8.494,16644,6286,10358,36,14,14,1264944,33984,14,14,0
969,0.525,0.615,0.013,1.154,8.040,16644,6286,10358,36,14,14,1264944,33984,14,14,0
970,0.498,1.411,0.012,1.921,1.267,16644,6286,10358,36,14,14,1264944,33984,14,14,0
971,0.485,1.949,0.008,2.442,2.033,16644,6286,10358,36,14,14,1264944,33984,14,14,0
972,0.484,4.895,0.007,5.386,2.552,16644,6286,10358,36,14,14,1264944,33984,14,14,0
973,0.515,13.726,0.009,14.250,5.498,16644,6286,10358,36,14,14,1264944,33984,14,14,0
974,0.540,7.202,0.009,7.751,14.377,16644,6286,10358,36,14,14,1264944,33984,14,14,0
975,0.566,7.866,0.009,8.440,7.873,16644,6286,10358,36,14,14,1264944,33984,14,14,0
976,0.581,7.507,0.009,8.097,8.570,16644,6286,10358,36,14,14,1264944,33984,14,14,0
977,0.624,7.719,0.014,8.357,8.231,16644,6286,10358,36,14,14,1264944,33984,14,14,0
978,0.633,7.220,0.010,7.863,8.496,16644,6286,10358,36,14,14,1264944,33984,14,14,0
979,0.662,0.617,0.014,1.292,8.003,16644,6286,10358,36,14,14,1264944,33984,14,14,0
980,0.650,0.456,0.017,1.124,1.428,16644,6286,10358,36,14,14,1264944,33984,14,14,0
981,0.639,0.671,0.019,1.329,1.264,16644,6286,10358,36,14,14,1264944,33984,14,14,0
982,0.797,3.792,0.014,4.602,1.475,16644,6286,10358,36,14,14,1264944,33984,14,14,0
983,0.682,4.413,0.017,5.112,4.762,16644,6286,10358,36,14,14,1264944,33984,14,14,0
984,0.721,10.316,0.010,11.048,5.250,16644,6286,10358,36,14,14,1264944,33984,14,14,0
985,0.683,7.167,0.012,7.861,11.197,16644,6286,10358,36,14,14,1264944,33984,14,14,0
986,0.711,0.466,0.017,1.193,8.013,16644,6286,10358,36,14,14,1264944,33984,14,14,0
987,0.698,0.315,0.015,1.027,1.346,16644,6286,10358,36,14,14,1264944,33984,14,14,0
988,0.642,0.334,0.015,0.991,1.158,16644,6286,10358,36,14,14,1264944,33984,14,14,0
989,0.646,3.943,0.010,4.599,1.110,16644,6286,10358,36,14,14,1264944,33984,14,14,0
990,0.657,2.849,0.014,3.520,4.748,16644,6286,10358,36,14,14,1264944,33984,14,14,0
991,0.680,12.673,0.014,13.367,3.663,16644,6286,10358,36,14,14,1264944,33984,14,14,0
992,0.702,6.965,0.021,7.689,13.534,16644,6286,10358,36,14,14,1264944,33984,14,14,0
993,0.744,0.315,0.014,1.073,7.870,16644,6286,10358,36,14,14,1264944,33984,14,14,0
994,0.714,0.359,0.012,1.085,1.235,16644,6286,10358,36,14,14,1264944,33984,14,14,0
995,0.692,0.326,0.014,1.031,1.244,16644,6286,10358,36,14,14,1264944,33984,14,14,0
996,0.736,3.950,0.015,4.701,1.177,16644,6286,10358,36,14,14,1264944,33984,14,14,0
997,0.743,2.139,0.025,2.907,4.866,16644,6286,10358,36,14,14,1264944,33984,14,14,0
998,0.793,13.123,0.015,13.931,3.095,16644,6286,10358,36,14,14,1264944,33984,14,14,0
999,0.753,7.035,0.013,7.801,14.086,16644,6286,10358,36,14,14,1264944,33984,14,14,0
1000,0.710,0.476,0.015,1.200,7.956,16644,6286,10358,36,14,14,1264944,33984,14,14,0
1001,0.748,0.354,0.016,1.118,1.357,16644,6286,10358,36,14,14,1264944,33984,14,14,0
1002,0.734,0.319,0.014,1.067,1.266,16644,6286,10358,36,14,14,1264944,33984,14,14,0
1003,0.736,0.362,0.015,1.113,1.211,16644,6286,10358,36,14,14,1264944,33984,14,14,0
1004,0.723,2.196,0.016,2.935,1.254,16644,6286,10358,36,14,14,1264944,33984,14,14,0
1005,0.690,3.556,0.030,4.277,3.076,16644,6286,10358,36,14,14,1264944,33984,14,14,0
1006,0.729,11.701,0.015,12.445,4.457,16644,6286,10358,36,14,14,1264944,33984,14,14,0
1007,0.791,6.960,0.013,7.765,12.622,16644,6286,10358,36,14,14,1264944,33984,14,14,0
1008,0.772,0.353,0.018,1.142,7.965,16644,6286,10358,36,14,14,1264944,33984,14,14,0
1009,0.807,0.340,0.011,1.158,1.333,16644,6286,10358,36,14,14,1264944,33984,14,14,0
1010,0.677,0.314,0.013,1.005,1.305,16644,6286,10358,36,14,14,1264944,33984,14,14,0
1011,0.702,0.307,0.013,1.022,1.151,16644,6286,10358,36,14,14,1264944,33984,14,14,0
1012,0.708,11.094,0.015,11.817,1.158,16644,6286,10358,36,14,14,1264944,33984,14,14,0
1013,0.749,7.947,0.020,8.715,11.986,16644,6286,10358,36,14,14,1264944,33984,14,14,0
1014,0.859,6.436,0.009,7.304,8.902,16644,6286,10358,36,14,14,1264944,33984,14,14,0
1015,0.779,0.303,0.014,1.096,7.470,16644,6286,10358,36,14,14,1264944,33984,14,14,0
1016,0.800,0.362,0.015,1.177,1.296,16644,6286,10358,36,14,14,1264944,33984,14,14,0
1017,0.796,0.348,0.018,1.162,1.357,16644,6286,10358,36,14,14,1264944,33984,14,14,0
1018,0.795,0.376,0.011,1.182,1.343,16644,6286,10358,36,14,14,1264944,33984,14,14,0
1019,0.804,10.852,0.016,11.672,1.350,16644,6286,10358,36,14,14,1264944,33984,14,14,0
1020,0.846,7.526,0.015,8.387,11.861,16644,6286,10358,36,14,14,1264944,33984,14,14,0
1021,0.836,6.525,0.015,7.376,8.579,16644,6286,10358,36,14,14,1264944,33984,14,14,0
1022,0.784,0.288,0.012,1.084,7.546,16644,6286,10358,36,14,14,1264944,33984,14,14,0
1023,0.808,0.362,0.010,1.180,1.263,16644,6286,10358,36,14,14,1264944,33984,14,14,0
1024,0.785,0.448,0.015,1.248,1.359,16644,6286,10358,36,14,14,1264944,33984,14,14,0
1025,0.824,0.346,0.012,1.183,1.428,16644,6286,10358,36,14,14,1264944,33984,14,14,0
1026,0.737,1.776,0.010,2.523,1.358,16644,6286,10358,36,14,14,1264944,33984,14,14,0
1027,0.686,2.808,0.019,3.513,2.678,16644,6286,10358,36,14,14,1264944,33984,14,14,0
1028,0.769,12.687,0.012,13.469,3.674,16644,6286,10358,36,14,14,1264944,33984,14,14,0
1029,0.809,7.004,0.013,7.827,13.651,16644,6286,10358,36,14,14,1264944,33984,14,14,0
1030,0.792,0.340,0.012,1.143,8.009,16644,6286,10358,36,14,14,1264944,33984,14,14,0
1031,0.816,0.350,0.012,1.179,1.311,16644,6286,10358,36,14,14,1264944,33984,14,14,0
1032,0.800,0.325,0.012,1.137,1.356,16644,6286,10358,36,14,14,1264944,33984,14,14,0
1033,0.769,0.356,0.017,1.142,1.299,16644,6286,10358,36,14,14,1264944,33984,14,14,0
1034,0.906,1.692,0.016,2.615,1.318,16644,6286,10358,36,14,14,1264944,33984,14,14,0
1035,0.820,2.572,0.014,3.406,2.793,16644,6286,10358,36,14,14,1264944,33984,14,14,0
1036,0.830,13.094,0.017,13.940,3.589,16644,6286,10358,36,14,14,1264944,33984,14,14,0
1037,0.840,6.693,0.048,7.581,14.114,16644,6286,10358,36,14,14,1264944,33984,14,14,0
1038,0.988,0.544,0.018,1.550,7.802,16644,6286,10358,36,14,14,1264944,33984,14,14,0
1039,0.863,0.477,0.015,1.355,1.744,16644,6286,10358,36,14,14,1264944,33984,14,14,0
1040,0.875,0.438,0.019,1.332,1.552,16644,6286,10358,36,14,14,1264944,33984,14,14,0
1041,0.835,0.460,0.017,1.312,1.499,16644,6286,10358,36,14,14,1264944,33984,14,14,0
1042,0.881,0.366,0.020,1.266,1.496,16644,6286,10358,36,14,14,1264944,33984,14,14,0
1043,0.799,2.995,0.013,3.807,1.436,16644,6286,10358,36,14,14,1264944,33984,14,14,0
1044,0.699,12.508,0.013,13.220,3.972,16644,6286,10358,36,14,14,1264944,33984,14,14,0
1045,0.813,6.916,0.013,7.742,13.407,16644,6286,10358,36,14,14,1264944,33984,14,14,0
1046,0.789,0.333,0.013,1.136,7.920,16644,6286,10358,36,14,14,1264944,33984,14,14,0
1047,0.814,0.374,0.015,1.203,1.321,16644,6286,10358,36,14,14,1264944,33984,14,14,0
1048,0.807,0.403,0.009,1.218,1.376,16644,6286,10358,36,14,14,1264944,33984,14,14,0
1049,0.807,0.386,0.018,1.211,1.386,16644,6286,10358,36,14,14,1264944,33984,14,14,0
1050,0.815,10.646,0.031,11.492,1.367,16644,6286,10358,36,14,14,1264944,33984,14,14,0
1051,0.843,7.601,0.017,8.461,11.679,16644,6286,10358,36,14,14,1264944,33984,14,14,0
1052,0.797,6.901,0.015,7.713,8.646,16644,6286,10358,36,14,14,1264944,33984,14,14,0
1053,0.814,0.973,0.018,1.804,7.897,16644,6286,10358,36,14,14,1264944,33984,14,14,0
1054,0.831,0.366,0.011,1.209,1.979,16644,6286,10358,36,14,14,1264944,33984,14,14,0
1055,0.850,0.345,0.011,1.205,1.379,16644,6286,10358,36,14,14,1264944,33984,14,14,0
1056,0.778,0.393,0.009,1.180,1.373,16644,6286,10358,36,14,14,1264944,33984,14,14,0
1057,0.786,2.181,0.014,2.982,1.346,16644,6286,10358,36,14,14,1264944,33984,14,14,0
1058,0.799,14.859,0.019,15.677,3.150,16644,6286,10358,36,14,14,1264944,33984,14,14,0
1059,0.805,6.816,0.011,7.632,15.865,16644,6286,10358,36,14,14,1264944,33984,14,14,0
1060,0.938,0.365,0.026,1.329,7.850,16644,6286,10358,36,14,14,1264944,33984,14,14,0
1061,0.904,0.537,0.017,1.459,1.528,16644,6286,10358,36,14,14,1264944,33984,14,14,0
1062,0.809,0.517,0.038,1.364,1.630,16644,6286,10358,36,14,14,1264944,33984,14,14,0
1063,0.888,2.598,0.017,3.502,1.536,16644,6286,10358,36,14,14,1264944,33984,14,14,0
1064,0.802,3.193,0.013,4.007,3.682,16644,6286,10358,36,14,14,1264944,33984,14,14,0
1065,0.850,11.888,0.023,12.761,4.219,16644,6286,10358,36,14,14,1264944,33984,14,14,0
1066,0.970,6.798,0.019,7.787,12.987,16644,6286,10358,36,14,14,1264944,33984,14,14,0
1067,0.928,0.356,0.013,1.296,7.995,16644,6286,10358,36,14,14,1264944,33984,14,14,0
1068,0.932,0.603,0.016,1.551,1.481,16644,6286,10358,36,14,14,1264944,33984,14,14,0
1069,0.966,1.778,0.011,2.755,1.766,16644,6286,10358,36,14,14,1264944,33984,14,14,0
1070,0.862,0.631,0.014,1.507,2.941,16644,6286,10358,36,14,14,1264944,33984,14,14,0
1071,0.779,3.252,0.021,4.052,1.676,16644,6286,10358,36,14,14,1264944,33984,14,14,0
1072,0.853,12.231,0.024,13.108,4.249,16644,6286,10358,36,14,14,1264944,33984,14,14,0
1073,0.955,6.660,0.018,7.633,13.314,16644,6286,10358,36,14,14,1264944,33984,14,14,0
1074,0.943,0.351,0.012,1.305,7.846,16644,6286,10358,36,14,14,1264944,33984,14,14,0
1075,0.896,0.442,0.012,1.350,1.516,16644,6286,10358,36,14,14,1264944,33984,14,14,0
1076,0.908,0.474,0.015,1.396,1.572,16644,6286,10358,36,14,14,1264944,33984,14,14,0
1077,0.991,2.397,0.014,3.403,1.599,16644,6286,10358,36,14,14,1264944,33984,14,14,0
1078,0.913,3.316,0.016,4.246,3.597,16644,6286,10358,36,14,14,1264944,33984,14,14,0
1079,0.941,11.618,0.012,12.571,4.453,16644,6286,10358,36,14,14,1264944,33984,14,14,0
1080,0.969,6.679,109.526,117.174,12.771,16644,6286,10358,36,14,14,1264944,33984,14,14,0
1081,0.563,0.382,0.011,0.956,117.282,16644,6286,10358,36,14,14,1264944,33984,14,14,0
1082,0.480,0.972,0.014,1.467,1.051,16644,6286,10358,36,14,14,1264944,33984,14,14,0
1083,0.482,12.207,0.013,12.701,1.571,16644,6286,10358,36,14,14,1264944,33984,14,14,0
1084,0.495,7.474,0.010,7.979,12.819,16644,6286,10358,36,14,14,1264944,33984,14,14,0
1085,0.505,1.010,0.013,1.527,8.085,16644,6286,10358,36,14,14,1264944,33984,14,14,0
1086,0.486,1.839,0.012,2.337,1.617,16644,6286,10358,36,14,14,1264944,33984,14,14,0
1087,0.499,3.409,0.011,3.919,2.441,16644,6286,10358,36,14,14,1264944,33984,14,14,0
1088,0.469,3.441,0.014,3.924,4.018,16644,6286,10358,36,14,14,1264944,33984,14,14,0
1089,0.615,12.612,0.011,13.237,4.035,16644,6286,10358,36,14,14,1264944,33984,14,14,0
1090,0.510,7.169,0.006,7.685,13.361,16644,6286,10358,36,14,14,1264944,33984,14,14,0
1091,0.547,0.603,0.012,1.162,7.805,16644,6286,10358,36,14,14,1264944,33984,14,14,0
1092,0.548,0.290,0.006,0.844,1.277,16644,6286,10358,36,14,14,1264944,33984,14,14,0
1093,0.535,0.498,0.013,1.045,0.944,16644,6286,10358,36,14,14,1264944,33984,14,14,0
1094,0.532,4.435,0.009,4.976,1.151,16644,6286,10358,36,14,14,1264944,33984,14,14,0
1095,0.530,3.456,0.009,3.995,5.102,16644,6286,10358,36,14,14,1264944,33984,14,14,0
1096,0.528,12.072,0.011,12.612,4.118,16644,6286,10358,36,14,14,1264944,33984,14,14,0
1097,0.564,7.339,0.010,7.913,12.734,16644,6286,10358,36,14,14,1264944,33984,14,14,0
1098,0.602,0.472,0.012,1.086,8.041,16644,6286,10358,36,14,14,1264944,33984,14,14,0
1099,0.587,0.298,0.011,0.896,1.209,16644,6286,10358,36,14,14,1264944,33984,14,14,0
1100,0.578,0.304,0.010,0.893,1.014,16644,6286,10358,36,14,14,1264944,33984,14,14,0
1101,0.596,3.374,0.012,3.981,1.010,16644,6286,10358,36,14,14,1264944,33984,14,14,0
1102,0.568,0.240,0.009,0.817,4.117,16644,6286,10358,36,14,14,1264944,33984,14,14,0
1103,0.580,3.707,0.009,4.296,0.934,16644,6286,10358,36,14,14,1264944,33984,14,14,0
1104,0.609,11.852,0.019,12.479,4.430,16644,6286,10358,36,14,14,1264944,33984,14,14,0
1105,0.655,7.202,0.009,7.866,12.621,16644,6286,10358,36,14,14,1264944,33984,14,14,0
1106,0.684,0.433,0.013,1.130,8.014,16644,6286,10358,36,14,14,1264944,33984,14,14,0
1107,0.657,0.314,0.012,0.983,1.265,16644,6286,10358,36,14,14,1264944,33984,14,14,0
1108,0.647,0.305,0.017,0.969,1.119,16644,6286,10358,36,14,14,1264944,33984,14,14,0
1109,0.658,0.319,0.012,0.988,1.084,16644,6286,10358,36,14,14,1264944,33984,14,14,0
1110,0.616,11.753,0.010,12.379,1.108,16644,6286,10358,36,14,14,1264944,33984,14,14,0
1111,0.638,7.911,0.010,8.559,12.522,16644,6286,10358,36,14,14,1264944,33984,14,14,0
1112,0.698,6.794,0.018,7.509,8.702,16644,6286,10358,36,14,14,1264944,33984,14,14,0
1113,0.649,0.516,0.013,1.178,7.648,16644,6286,10358,36,14,14,1264944,33984,14,14,0
1114,0.653,0.294,0.009,0.956,1.312,16644,6286,10358,36,14,14,1264944,33984,14,14,0
1115,0.663,0.326,0.012,1.002,1.088,16644,6286,10358,36,14,14,1264944,33984,14,14,0
1116,0.703,0.320,0.014,1.036,1.140,16644,6286,10358,36,14,14,1264944,33984,14,14,0
1117,0.656,0.308,0.014,0.978,1.179,16644,6286,10358,36,14,14,1264944,33984,14,14,0
1118,0.622,10.370,0.010,11.002,1.106,16644,6286,10358,36,14,14,1264944,33984,14,14,0
1119,0.715,7.707,0.011,8.433,11.161,16644,6286,10358,36,14,14,1264944,33984,14,14,0
1120,0.744,6.740,0.014,7.498,8.593,16644,6286,10358,36,14,14,1264944,33984,14,14,0
1121,0.707,0.491,0.013,1.212,7.649,16644,6286,10358,36,14,14,1264944,33984,14,14,0
1122,0.714,0.339,0.012,1.065,1.365,16644,6286,10358,36,14,14,1264944,33984,14,14,0
1123,0.696,0.287,0.024,1.007,1.216,16644,6286,10358,36,14,14,1264944,33984,14,14,0
1124,0.695,0.353,0.012,1.060,1.150,16644,6286,10358,36,14,14,1264944,33984,14,14,0
1125,0.697,11.348,0.015,12.060,1.195,16644,6286,10358,36,14,14,1264944,33984,14,14,0
1126,0.722,7.868,0.019,8.609,12.212,16644,6286,10358,36,14,14,1264944,33984,14,14,0
1127,0.774,6.899,0.014,7.687,8.766,16644,6286,10358,36,14,14,1264944,33984,14,14,0
1128,0.790,0.680,0.016,1.486,7.866,16644,6286,10358,36,14,14,1264944,33984,14,14,0
1129,0.834,0.358,0.012,1.204,1.658,16644,6286,10358,36,14,14,1264944,33984,14,14,0
1130,0.810,0.358,0.009,1.176,1.372,16644,6286,10358,36,14,14,1264944,33984,14,14,0
1131,0.801,0.404,0.015,1.220,1.348,16644,6286,10358,36,14,14,1264944,33984,14,14,0
1132,0.689,3.883,0.009,4.582,1.375,16644,6286,10358,36,14,14,1264944,33984,14,14,0
1133,0.719,13.820,0.012,14.551,4.743,16644,6286,10358,36,14,14,1264944,33984,14,14,0
1134,0.775,7.208,0.016,7.999,14.728,16644,6286,10358,36,14,14,1264944,33984,14,14,0
1135,0.795,0.672,0.017,1.485,8.178,16644,6286,10358,36,14,14,1264944,33984,14,14,0
1136,0.830,0.360,0.017,1.207,1.656,16644,6286,10358,36,14,14,1264944,33984,14,14,0
1137,0.818,0.367,0.009,1.194,1.378,16644,6286,10358,36,14,14,1264944,33984,14,14,0
1138,0.811,0.418,0.012,1.242,1.368,16644,6286,10358,36,14,14,1264944,33984,14,14,0
1139,0.838,1.397,0.014,2.250,1.407,16644,6286,10358,36,14,14,1264944,33984,14,14,0
1140,11.762,1.140,0.013,12.915,8.892,16750,6362,10388,36,14,14,1273000,34824,14,14,0
1141,1.319,0.321,0.008,1.647,13.022,16750,6362,10388,36,14,14,1273000,34824,14,14,0
1142,5.042,0.236,0.009,5.287,1.763,16750,6362,10388,36,14,14,1273000,34824,14,14,0
1143,0.467,4.283,0.009,4.759,5.414,16750,6362,10388,36,14,14,1273000,34824,14,14,0
1144,0.450,7.275,0.009,7.735,4.865,16750,6362,10388,36,14,14,1273000,34824,14,14,0
1145,0.513,7.791,0.012,8.316,7.836,16750,6362,10388,36,14,14,1273000,34824,14,14,0
1146,0.482,7.421,0.008,7.911,8.421,16750,6362,10388,36,14,14,1273000,34824,14,14,0
1147,0.503,7.766,0.009,8.278,8.027,16750,6362,10388,36,14,14,1273000,34824,14,14,0
1148,0.518,7.917,0.013,8.448,8.401,16750,6362,10388,36,14,14,1273000,34824,14,14,0
1149,0.543,7.491,0.009,8.043,8.565,16750,6362,10388,36,14,14,1273000,34824,14,14,0
1150,0.553,0.689,0.015,1.257,8.166,16750,6362,10388,36,14,14,1273000,34824,14,14,0
1151,0.570,0.294,0.013,0.877,1.391,16750,6362,10388,36,14,14,1273000,34824,14,14,0
1152,0.549,0.335,0.014,0.899,0.987,16750,6362,10388,36,14,14,1273000,34824,14,14,0
1153,0.563,0.266,0.008,0.838,1.028,16750,6362,10388,36,14,14,1273000,34824,14,14,0
1154,0.533,0.217,0.011,0.761,0.964,16750,6362,10388,36,14,14,1273000,34824,14,14,0
1155,0.522,0.424,0.009,0.955,0.880,16750,6362,10388,36,14,14,1273000,34824,14,14,0
1156,0.551,1.309,0.007,1.867,1.077,16750,6362,10388,36,14,14,1273000,34824,14,14,0
1157,0.580,1.466,0.008,2.053,1.997,16750,6362,10388,36,14,14,1273000,34824,14,14,0
1158,0.585,14.214,0.010,14.809,2.193,16750,6362,10388,36,14,14,1273000,34824,14,14,0
1159,0.588,7.255,0.012,7.855,14.945,16750,6362,10388,36,14,14,1273000,34824,14,14,0
1160,0.591,0.499,0.014,1.104,7.983,16750,6362,10388,36,14,14,1273000,34824,14,14,0
1161,0.604,0.293,0.009,0.906,1.231,16750,6362,10388,36,14,14,1273000,34824,14,14,0
1162,0.572,0.298,0.012,0.882,1.029,16750,6362,10388,36,14,14,1273000,34824,14,14,0
1163,0.571,4.361,0.014,4.946,1.008,16750,6362,10388,36,14,14,1273000,34824,14,14,0
1164,0.551,16.791,0.014,17.356,5.082,16750,6362,10388,36,14,14,1273000,34824,14,14,0
1165,0.607,6.954,0.021,7.582,17.502,16750,6362,10388,36,14,14,1273000,34824,14,14,0
1166,0.613,0.538,0.010,1.161,7.735,16750,6362,10388,36,14,14,1273000,34824,14,14,0
1167,0.581,0.268,0.010,0.860,1.306,16750,6362,10388,36,14,14,1273000,34824,14,14,0
1168,0.603,0.291,0.014,0.908,0.987,16750,6362,10388,36,14,14,1273000,34824,14,14,0
1169,0.629,0.288,0.008,0.925,1.050,16750,6362,10388,36,14,14,1273000,34824,14,14,0
1170,0.640,0.337,0.023,1.000,1.058,16750,6362,10388,36,14,14,1273000,34824,14,14,0
1171,0.594,4.121,0.016,4.731,1.138,16750,6362,10388,36,14,14,1273000,34824,14,14,0
1172,0.605,14.062,0.016,14.683,4.866,16750,6362,10388,36,14,14,1273000,34824,14,14,0
1173,0.634,7.047,0.009,7.690,14.831,16750,6362,10388,36,14,14,1273000,34824,14,14,0
1174,0.689,0.418,0.014,1.121,7.844,16750,6362,10388,36,14,14,1273000,34824,14,14,0
1175,0.674,0.352,0.010,1.037,1.284,16750,6362,10388,36,14,14,1273000,34824,14,14,0
1176,0.679,0.362,0.011,1.052,1.183,16750,6362,10388,36,14,14,1273000,34824,14,14,0
1177,0.691,0.347,0.026,1.064,1.203,16750,6362,10388,36,14,14,1273000,34824,14,14,0
1178,0.641,0.300,0.011,0.952,1.191,16750,6362,10388,36,14,14,1273000,34824,14,14,0
1179,0.619,3.721,0.012,4.352,1.085,16750,6362,10388,36,14,14,1273000,34824,14,14,0
1180,0.613,14.299,0.012,14.924,4.501,16750,6362,10388,36,14,14,1273000,34824,14,14,0
1181,0.709,7.069,0.015,7.792,15.081,16750,6362,10388,36,14,14,1273000,34824,14,14,0
1182,0.681,0.448,0.017,1.146,7.943,16750,6362,10388,36,14,14,1273000,34824,14,14,0
1183,0.684,0.318,0.011,1.013,1.303,16750,6362,10388,36,14,14,1273000,34824,14,14,0
1184,0.676,0.374,0.024,1.074,1.159,16750,6362,10388,36,14,14,1273000,34824,14,14,0
1185,0.733,0.363,0.015,1.111,1.226,16750,6362,10388,36,14,14,1273000,34824,14,14,0
1186,0.708,0.318,0.013,1.039,1.265,16750,6362,10388,36,14,14,1273000,34824,14,14,0
1187,0.642,1.141,0.013,1.797,1.177,16750,6362,10388,36,14,14,1273000,34824,14,14,0
1188,0.616,3.395,0.012,4.024,1.942,16750,6362,10388,36,14,14,1273000,34824,14,14,0
1189,0.700,12.268,0.011,12.979,4.178,16750,6362,10388,36,14,14,1273000,34824,14,14,0
1190,0.692,7.122,0.010,7.824,13.143,16750,6362,10388,36,14,14,1273000,34824,14,14,0
1191,0.702,0.512,0.012,1.227,8.005,16750,6362,10388,36,14,14,1273000,34824,14,14,0
1192,0.711,0.327,0.010,1.048,1.381,16750,6362,10388,36,14,14,1273000,34824,14,14,0
1193,0.691,0.329,0.013,1.033,1.197,16750,6362,10388,36,14,14,1273000,34824,14,14,0
1194,0.675,0.298,0.013,0.986,1.179,16750,6362,10388,36,14,14,1273000,34824,14,14,0
1195,0.684,0.283,0.010,0.977,1.133,16750,6362,10388,36,14,14,1273000,34824,14,14,0
1196,0.671,3.624,0.014,4.309,1.132,16750,6362,10388,36,14,14,1273000,34824,14,14,0
1197,0.695,13.958,0.020,14.673,4.460,16750,6362,10388,36,14,14,1273000,34824,14,14,0
1198,0.679,7.134,0.014,7.828,14.841,16750,6362,10388,36,14,14,1273000,34824,14,14,0
1199,0.767,0.306,0.015,1.088,8.001,16750,6362,10388,36,14,14,1273000,34824,14,14,0
1200,0.758,0.329,0.014,1.101,1.253,16750,6362,10388,36,14,14,1273000,34824,14,14,0
1201,0.693,0.307,0.012,1.012,1.250,16750,6362,10388,36,14,14,1273000,34824,14,14,0
1202,0.690,0.382,0.010,1.083,1.155,16750,6362,10388,36,14,14,1273000,34824,14,14,0
1203,0.704,11.123,0.012,11.839,1.235,16750,6362,10388,36,14,14,1273000,34824,14,14,0
1204,0.685,7.581,0.014,8.280,12.003,16750,6362,10388,36,14,14,1273000,34824,14,14,0
1205,0.773,7.007,0.013,7.792,8.458,16750,6362,10388,36,14,14,1273000,34824,14,14,0
1206,0.768,0.387,0.009,1.164,7.975,16750,6362,10388,36,14,14,1273000,34824,14,14,0
1207,0.771,0.308,0.016,1.095,1.337,16750,6362,10388,36,14,14,1273000,34824,14,14,0
1208,0.765,0.300,0.015,1.080,1.270,16750,6362,10388,36,14,14,1273000,34824,14,14,0
1209,0.788,0.407,0.013,1.207,1.252,16750,6362,10388,36,14,14,1273000,34824,14,14,0
1210,0.687,10.714,0.016,11.417,1.376,16750,6362,10388,36,14,14,1273000,34824,14,14,0
1211,0.783,7.974,0.014,8.771,11.598,16750,6362,10388,36,14,14,1273000,34824,14,14,0
1212,0.782,6.699,0.009,7.490,8.950,16750,6362,10388,36,14,14,1273000,34824,14,14,0
1213,0.777,0.484,0.017,1.278,7.672,16750,6362,10388,36,14,14,1273000,34824,14,14,0
1214,0.782,0.370,0.011,1.163,1.459,16750,6362,10388,36,14,14,1273000,34824,14,14,0
1215,0.777,0.378,0.010,1.165,1.336,16750,6362,10388,36,14,14,1273000,34824,14,14,0
1216,0.789,0.406,0.010,1.205,1.325,16750,6362,10388,36,14,14,1273000,34824,14,14,0
1217,0.742,4.025,0.013,4.780,1.366,16750,6362,10388,36,14,14,1273000,34824,14,14,0
1218,0.798,13.783,0.016,14.598,4.969,16750,6362,10388,36,14,14,1273000,34824,14,14,0
1219,0.778,7.053,0.010,7.841,14.768,16750,6362,10388,36,14,14,1273000,34824,14,14,0
1220,0.893,0.349,0.018,1.260,8.061,16750,6362,10388,36,14,14,1273000,34824,14,14,0
1221,0.847,0.370,0.013,1.230,1.465,16750,6362,10388,36,14,14,1273000,34824,14,14,0
1222,0.769,0.340,0.012,1.121,1.409,16750,6362,10388,36,14,14,1273000,34824,14,14,0
1223,0.774,0.340,0.016,1.130,1.298,16750,6362,10388,36,14,14,1273000,34824,14,14,0
1224,0.825,0.345,0.012,1.181,1.299,16750,6362,10388,36,14,14,1273000,34824,14,14,0
1225,0.755,0.308,0.016,1.079,1.354,16750,6362,10388,36,14,14,1273000,34824,14,14,0
1226,0.753,2.946,0.018,3.717,1.248,16750,6362,10388,36,14,14,1273000,34824,14,14,0
1227,0.790,12.327,0.019,13.136,3.907,16750,6362,10388,36,14,14,1273000,34824,14,14,0
1228,0.786,6.924,0.009,7.719,13.338,16750,6362,10388,36,14,14,1273000,34824,14,14,0
1229,0.765,0.486,0.012,1.263,7.905,16750,6362,10388,36,14,14,1273000,34824,14,14,0
1230,0.768,0.361,0.018,1.147,1.436,16750,6362,10388,36,14,14,1273000,34824,14,14,0
1231,0.772,0.303,0.014,1.089,1.321,16750,6362,10388,36,14,14,1273000,34824,14,14,0
1232,0.795,0.589,0.015,1.399,1.272,16750,6362,10388,36,14,14,1273000,34824,14,14,0
1233,0.730,4.180,0.011,4.921,1.569,16750,6362,10388,36,14,14,1273000,34824,14,14,0
1234,0.789,13.764,0.012,14.565,5.102,16750,6362,10388,36,14,14,1273000,34824,14,14,0
1235,0.764,6.983,0.013,7.760,14.739,16750,6362,10388,36,14,14,1273000,34824,14,14,0
1236,0.772,0.319,0.009,1.101,7.948,16750,6362,10388,36,14,14,1273000,34824,14,14,0
1237,0.762,0.348,0.013,1.123,1.268,16750,6362,10388,36,14,14,1273000,34824,14,14,0
1238,0.776,0.300,0.018,1.094,1.294,16750,6362,10388,36,14,14,1273000,34824,14,14,0
1239,0.768,0.309,0.015,1.091,1.267,16750,6362,10388,36,14,14,1273000,34824,14,14,0
1240,0.748,3.552,0.013,4.313,1.254,16750,6362,10388,36,14,14,1273000,34824,14,14,0
1241,0.764,14.988,0.014,15.765,4.501,16750,6362,10388,36,14,14,1273000,34824,14,14,0
1242,0.790,6.878,0.013,7.681,15.957,16750,6362,10388,36,14,14,1273000,34824,14,14,0
1243,0.900,0.350,0.010,1.260,7.898,16750,6362,10388,36,14,14,1273000,34824,14,14,0
1244,0.872,0.321,0.008,1.201,1.459,16750,6362,10388,36,14,14,1273000,34824,14,14,0
1245,0.733,0.484,0.024,1.241,1.383,16750,6362,10388,36,14,14,1273000,34824,14,14,0
1246,0.944,0.525,0.019,1.488,1.463,16750,6362,10388,36,14,14,1273000,34824,14,14,0
1247,0.839,9.688,0.012,10.539,1.663,16750,6362,10388,36,14,14,1273000,34824,14,14,0
1248,0.793,7.991,0.013,8.796,10.714,16750,6362,10388,36,14,14,1273000,34824,14,14,0
1249,0.796,6.930,0.020,7.746,8.985,16750,6362,10388,36,14,14,1273000,34824,14,14,0
1250,0.913,0.620,0.022,1.555,7.952,16750,6362,10388,36,14,14,1273000,34824,14,14,0
1251,0.767,0.318,0.011,1.096,1.742,16750,6362,10388,36,14,14,1273000,34824,14,14,0
1252,0.755,0.294,0.009,1.058,1.271,16750,6362,10388,36,14,14,1273000,34824,14,14,0
1253,0.786,0.426,0.017,1.229,1.235,16750,6362,10388,36,14,14,1273000,34824,14,14,0
1254,0.745,3.647,0.015,4.406,1.402,16750,6362,10388,36,14,14,1273000,34824,14,14,0
1255,0.759,13.779,0.013,14.551,4.594,16750,6362,10388,36,14,14,1273000,34824,14,14,0
1256,0.768,7.109,0.011,7.888,14.743,16750,6362,10388,36,14,14,1273000,34824,14,14,0
1257,0.901,0.381,0.017,1.299,8.093,16750,6362,10388,36,14,14,1273000,34824,14,14,0
1258,0.910,0.420,0.022,1.351,1.497,16750,6362,10388,36,14,14,1273000,34824,14,14,0
1259,0.823,0.358,0.009,1.191,1.546,16750,6362,10388,36,14,14,1273000,34824,14,14,0
1260,0.774,0.316,32.418,33.508,1.364,16750,6362,10388,36,14,14,1273000,34824,14,14,0
1261,0.588,0.294,0.015,0.897,33.626,16750,6362,10388,36,14,14,1273000,34824,14,14,0
1262,0.551,1.993,0.008,2.553,1.017,16750,6362,10388,36,14,14,1273000,34824,14,14,0
1263,0.511,4.323,0.009,4.843,2.679,16750,6362,10388,36,14,14,1273000,34824,14,14,0
1264,0.530,10.993,0.008,11.530,4.973,16750,6362,10388,36,14,14,1273000,34824,14,14,0
1265,0.567,7.381,0.009,7.957,11.661,16750,6362,10388,36,14,14,1273000,34824,14,14,0
1266,0.623,0.592,0.011,1.226,8.097,16750,6362,10388,36,14,14,1273000,34824,14,14,0
1267,0.618,0.284,0.008,0.910,1.375,16750,6362,10388,36,14,14,1273000,34824,14,14,0
1268,0.598,0.307,0.012,0.916,1.047,16750,6362,10388,36,14,14,1273000,34824,14,14,0
1269,0.609,0.251,0.007,0.867,1.048,16750,6362,10388,36,14,14,1273000,34824,14,14,0
1270,0.561,0.254,0.009,0.823,0.989,16750,6362,10388,36,14,14,1273000,34824,14,14,0
1271,0.592,10.661,0.007,11.260,0.950,16750,6362,10388,36,14,14,1273000,34824,14,14,0
1272,0.614,8.121,0.011,8.746,11.413,16750,6362,10388,36,14,14,1273000,34824,14,14,0
1273,0.647,6.828,0.013,7.488,8.889,16750,6362,10388,36,14,14,1273000,34824,14,14,0
1274,0.618,0.577,0.011,1.206,7.629,16750,6362,10388,36,14,14,1273000,34824,14,14,0
1275,0.627,0.318,0.009,0.953,1.349,16750,6362,10388,36,14,14,1273000,34824,14,14,0
1276,0.621,0.259,0.045,0.924,1.098,16750,6362,10388,36,14,14,1273000,34824,14,14,0
1277,0.655,0.306,0.008,0.969,1.066,16750,6362,10388,36,14,14,1273000,34824,14,14,0
1278,0.620,0.247,0.009,0.876,1.098,16750,6362,10388,36,14,14,1273000,34824,14,14,0
1279,0.618,4.593,0.011,5.222,1.004,16750,6362,10388,36,14,14,1273000,34824,14,14,0
1280,0.620,13.828,0.021,14.469,5.374,16750,6362,10388,36,14,14,1273000,34824,14,14,0
1281,0.745,6.990,0.026,7.762,14.659,16750,6362,10388,36,14,14,1273000,34824,14,14,0
1282,0.646,0.461,0.010,1.117,7.950,16750,6362,10388,36,14,14,1273000,34824,14,14,0
1283,0.612,0.364,0.009,0.985,1.263,16750,6362,10388,36,14,14,1273000,34824,14,14,0
1284,0.604,0.353,0.012,0.969,1.122,16750,6362,10388,36,14,14,1273000,34824,14,14,0
1285,0.585,0.280,0.009,0.874,1.104,16750,6362,10388,36,14,14,1273000,34824,14,14,0
1286,0.601,0.276,0.011,0.888,0.986,16750,6362,10388,36,14,14,1273000,34824,14,14,0
1287,0.572,10.408,0.014,10.994,1.025,16750,6362,10388,36,14,14,1273000,34824,14,14,0
1288,0.578,8.144,0.013,8.735,11.122,16750,6362,10388,36,14,14,1273000,34824,14,14,0
1289,0.641,6.768,0.010,7.419,8.869,16750,6362,10388,36,14,14,1273000,34824,14,14,0
1290,0.604,0.774,0.013,1.391,7.547,16750,6362,10388,36,14,14,1273000,34824,14,14,0
1291,0.592,0.268,0.011,0.871,1.536,16750,6362,10388,36,14,14,1273000,34824,14,14,0
1292,0.576,0.266,0.012,0.853,0.999,16750,6362,10388,36,14,14,1273000,34824,14,14,0
1293,0.598,0.275,0.015,0.887,0.983,16750,6362,10388,36,14,14,1273000,34824,14,14,0
1294,0.579,0.313,0.007,0.899,1.003,16750,6362,10388,36,14,14,1273000,34824,14,14,0
1295,0.541,0.266,0.010,0.817,1.007,16750,6362,10388,36,14,14,1273000,34824,14,14,0
1296,0.571,3.634,0.011,4.217,0.942,16750,6362,10388,36,14,14,1273000,34824,14,14,0
1297,0.566,13.727,0.008,14.301,4.352,16750,6362,10388,36,14,14,1273000,34824,14,14,0
1298,0.584,7.345,0.013,7.942,14.429,16750,6362,10388,36,14,14,1273000,34824,14,14,0
1299,0.628,0.486,0.009,1.123,8.087,16750,6362,10388,36,14,14,1273000,34824,14,14,0
1300,0.632,0.333,0.017,0.982,1.268,16750,6362,10388,36,14,14,1273000,34824,14,14,0
1301,0.593,0.392,0.015,1.000,1.107,16750,6362,10388,36,14,14,1273000,34824,14,14,0
1302,0.595,0.279,0.010,0.884,1.123,16750,6362,10388,36,14,14,1273000,34824,14,14,0
1303,0.591,0.245,0.010,0.847,1.013,16750,6362,10388,36,14,14,1273000,34824,14,14,0
1304,0.543,10.623,0.009,11.175,0.972,16750,6362,10388,36,14,14,1273000,34824,14,14,0
1305,0.589,8.155,0.014,8.758,11.307,16750,6362,10388,36,14,14,1273000,34824,14,14,0
1306,0.637,6.858,0.009,7.503,8.904,16750,6362,10388,36,14,14,1273000,34824,14,14,0
1307,0.637,0.447,0.015,1.099,7.639,16750,6362,10388,36,14,14,1273000,34824,14,14,0
1308,0.647,0.312,0.025,0.984,1.240,16750,6362,10388,36,14,14,1273000,34824,14,14,0
1309,0.623,0.315,0.010,0.948,1.121,16750,6362,10388,36,14,14,1273000,34824,14,14,0
1310,0.588,0.266,0.008,0.862,1.086,16750,6362,10388,36,14,14,1273000,34824,14,14,0
1311,0.608,0.265,0.009,0.882,0.992,16750,6362,10388,36,14,14,1273000,34824,14,14,0
1312,0.620,10.668,0.011,11.299,1.021,16750,6362,10388,36,14,14,1273000,34824,14,14,0
1313,0.644,8.255,0.008,8.907,11.457,16750,6362,10388,36,14,14,1273000,34824,14,14,0
1314,0.607,6.745,0.016,7.368,9.058,16750,6362,10388,36,14,14,1273000,34824,14,14,0
1315,0.681,0.672,0.009,1.362,7.529,16750,6362,10388,36,14,14,1273000,34824,14,14,0
1316,0.681,0.313,0.015,1.009,1.519,16750,6362,10388,36,14,14,1273000,34824,14,14,0
1317,0.695,0.356,0.014,1.065,1.157,16750,6362,10388,36,14,14,1273000,34824,14,14,0
1318,0.647,0.330,0.013,0.990,1.213,16750,6362,10388,36,14,14,1273000,34824,14,14,0
1319,0.585,0.255,0.010,0.850,1.124,16750,6362,10388,36,14,14,1273000,34824,14,14,0
1320,20.256,0.704,0.014,20.973,5.446,16644,6286,10358,36,14,14,1264944,33984,14,14,0
1321,1.349,0.227,0.012,1.588,21.069,16644,6286,10358,36,14,14,1264944,33984,14,14,0
1322,3.384,0.474,0.008,3.866,1.679,16644,6286,10358,36,14,14,1264944,33984,14,14,0
1323,0.431,0.445,0.009,0.886,3.974,16644,6286,10358,36,14,14,1264944,33984,14,14,0
1324,0.462,7.544,0.010,8.016,0.976,16644,6286,10358,36,14,14,1264944,33984,14,14,0
1325,0.434,7.922,0.008,8.364,8.124,16644,6286,10358,36,14,14,1264944,33984,14,14,0
1326,0.441,7.642,0.010,8.094,8.465,16644,6286,10358,36,14,14,1264944,33984,14,14,0
1327,0.486,7.742,0.008,8.236,8.204,16644,6286,10358,36,14,14,1264944,33984,14,14,0
1328,0.497,0.666,0.007,1.170,8.347,16644,6286,10358,36,14,14,1264944,33984,14,14,0
1329,0.523,0.236,0.009,0.768,1.277,16644,6286,10358,36,14,14,1264944,33984,14,14,0
1330,0.481,0.369,0.008,0.858,0.856,16644,6286,10358,36,14,14,1264944,33984,14,14,0
1331,0.462,3.393,0.010,3.865,0.961,16644,6286,10358,36,14,14,1264944,33984,14,14,0
1332,0.502,0.693,0.010,1.206,3.973,16644,6286,10358,36,14,14,1264944,33984,14,14,0
1333,0.459,3.028,0.009,3.495,1.306,16644,6286,10358,36,14,14,1264944,33984,14,14,0
1334,0.490,12.707,0.006,13.203,3.606,16644,6286,10358,36,14,14,1264944,33984,14,14,0
1335,0.528,7.686,0.007,8.221,13.310,16644,6286,10358,36,14,14,1264944,33984,14,14,0
1336,0.516,0.561,0.008,1.085,8.334,16644,6286,10358,36,14,14,1264944,33984,14,14,0
1337,0.526,0.262,0.006,0.793,1.198,16644,6286,10358,36,14,14,1264944,33984,14,14,0
1338,0.518,0.457,0.009,0.985,0.898,16644,6286,10358,36,14,14,1264944,33984,14,14,0
1339,0.498,2.857,0.008,3.363,1.090,16644,6286,10358,36,14,14,1264944,33984,14,14,0
1340,0.517,0.985,0.008,1.509,3.488,16644,6286,10358,36,14,14,1264944,33984,14,14,0
1341,0.519,3.890,0.010,4.419,1.626,16644,6286,10358,36,14,14,1264944,33984,14,14,0
1342,0.540,11.884,0.008,12.431,4.550,16644,6286,10358,36,14,14,1264944,33984,14,14,0
1343,0.525,7.217,0.009,7.751,12.555,16644,6286,10358,36,14,14,1264944,33984,14,14,0
1344,0.574,7.724,0.020,8.318,7.888,16644,6286,10358,36,14,14,1264944,33984,14,14,0
1345,0.591,7.511,0.014,8.115,8.454,16644,6286,10358,36,14,14,1264944,33984,14,14,0
1346,0.680,7.722,0.013,8.415,8.262,16644,6286,10358,36,14,14,1264944,33984,14,14,0
1347,0.663,7.188,0.010,7.861,8.562,16644,6286,10358,36,14,14,1264944,33984,14,14,0
1348,0.650,0.640,0.012,1.302,8.002,16644,6286,10358,36,14,14,1264944,33984,14,14,0
1349,0.656,0.316,0.011,0.982,1.443,16644,6286,10358,36,14,14,1264944,33984,14,14,0
1350,0.642,0.294,0.016,0.952,1.123,16644,6286,10358,36,14,14,1264944,33984,14,14,0
1351,0.629,4.016,0.012,4.657,1.068,16644,6286,10358,36,14,14,1264944,33984,14,14,0
1352,0.633,3.209,0.015,3.856,4.801,16644,6286,10358,36,14,14,1264944,33984,14,14,0
1353,0.666,12.326,0.011,13.003,4.009,16644,6286,10358,36,14,14,1264944,33984,14,14,0
1354,0.709,7.340,0.012,8.061,13.155,16644,6286,10358,36,14,14,1264944,33984,14,14,0
1355,0.736,0.390,0.014,1.139,8.225,16644,6286,10358,36,14,14,1264944,33984,14,14,0
1356,0.733,0.355,0.011,1.100,1.297,16644,6286,10358,36,14,14,1264944,33984,14,14,0
1357,0.693,0.317,0.013,1.023,1.245,16644,6286,10358,36,14,14,1264944,33984,14,14,0
1358,0.754,3.518,0.012,4.284,1.166,16644,6286,10358,36,14,14,1264944,33984,14,14,0
1359,0.725,3.423,0.013,4.161,4.445,16644,6286,10358,36,14,14,1264944,33984,14,14,0
1360,0.711,11.691,0.012,12.414,4.319,16644,6286,10358,36,14,14,1264944,33984,14,14,0
1361,0.709,7.380,0.016,8.105,12.573,16644,6286,10358,36,14,14,1264944,33984,14,14,0
1362,0.787,0.325,0.022,1.133,8.304,16644,6286,10358,36,14,14,1264944,33984,14,14,0
1363,0.782,0.331,0.014,1.128,1.308,16644,6286,10358,36,14,14,1264944,33984,14,14,0
1364,0.693,2.275,0.011,2.980,1.276,16644,6286,10358,36,14,14,1264944,33984,14,14,0
1365,0.784,1.444,0.020,2.247,3.143,16644,6286,10358,36,14,14,1264944,33984,14,14,0
1366,0.696,3.916,0.015,4.627,2.400,16644,6286,10358,36,14,14,1264944,33984,14,14,0
1367,0.742,11.230,0.013,11.986,4.801,16644,6286,10358,36,14,14,1264944,33984,14,14,0
1368,0.802,6.945,0.015,7.763,12.177,16644,6286,10358,36,14,14,1264944,33984,14,14,0
1369,0.803,0.397,0.019,1.219,7.949,16644,6286,10358,36,14,14,1264944,33984,14,14,0
1370,0.819,0.358,0.010,1.187,1.408,16644,6286,10358,36,14,14,1264944,33984,14,14,0
1371,0.797,0.532,0.021,1.350,1.347,16644,6286,10358,36,14,14,1264944,33984,14,14,0
1372,0.869,2.949,0.015,3.834,1.538,16644,6286,10358,36,14,14,1264944,33984,14,14,0
1373,0.787,3.222,0.013,4.022,3.998,16644,6286,10358,36,14,14,1264944,33984,14,14,0
1374,0.812,12.234,0.014,13.060,4.207,16644,6286,10358,36,14,14,1264944,33984,14,14,0
1375,0.791,6.866,0.012,7.669,13.225,16644,6286,10358,36,14,14,1264944,33984,14,14,0
1376,0.785,0.293,0.010,1.087,7.852,16644,6286,10358,36,14,14,1264944,33984,14,14,0
1377,0.802,0.372,0.043,1.217,1.249,16644,6286,10358,36,14,14,1264944,33984,14,14,0
1378,0.832,0.374,0.023,1.229,1.385,16644,6286,10358,36,14,14,1264944,33984,14,14,0
1379,0.801,0.387,0.015,1.203,1.391,16644,6286,10358,36,14,14,1264944,33984,14,14,0
1380,0.829,4.301,0.015,5.145,1.371,16644,6286,10358,36,14,14,1264944,33984,14,14,0
1381,0.823,13.340,0.024,14.187,5.337,16644,6286,10358,36,14,14,1264944,33984,14,14,0
1382,0.810,7.195,0.017,8.022,14.380,16644,6286,10358,36,14,14,1264944,33984,14,14,0
1383,0.931,0.378,0.016,1.325,8.233,16644,6286,10358,36,14,14,1264944,33984,14,14,0
1384,0.934,0.389,0.014,1.337,1.527,16644,6286,10358,36,14,14,1264944,33984,14,14,0
1385,0.819,0.392,0.013,1.223,1.504,16644,6286,10358,36,14,14,1264944,33984,14,14,0
1386,0.855,1.393,0.018,2.266,1.394,16644,6286,10358,36,14,14,1264944,33984,14,14,0
1387,0.808,0.324,0.015,1.148,2.439,16644,6286,10358,36,14,14,1264944,33984,14,14,0
1388,0.791,3.354,0.021,4.165,1.320,16644,6286,10358,36,14,14,1264944,33984,14,14,0
1389,0.811,11.895,0.015,12.721,4.344,16644,6286,10358,36,14,14,1264944,33984,14,14,0
1390,0.807,6.898,0.016,7.721,12.907,16644,6286,10358,36,14,14,1264944,33984,14,14,0
1391,0.827,0.307,0.022,1.156,7.898,16644,6286,10358,36,14,14,1264944,33984,14,14,0
1392,0.820,0.358,0.017,1.195,1.316,16644,6286,10358,36,14,14,1264944,33984,14,14,0
1393,0.785,0.649,0.012,1.446,1.368,16644,6286,10358,36,14,14,1264944,33984,14,14,0
1394,0.865,0.456,0.012,1.332,1.632,16644,6286,10358,36,14,14,1264944,33984,14,14,0
1395,0.848,1.257,0.014,2.118,1.510,16644,6286,10358,36,14,14,1264944,33984,14,14,0
1396,0.798,3.093,0.015,3.906,2.299,16644,6286,10358,36,14,14,1264944,33984,14,14,0
1397,0.826,12.161,0.019,13.006,4.092,16644,6286,10358,36,14,14,1264944,33984,14,14,0
1398,0.812,6.841,0.015,7.668,13.188,16644,6286,10358,36,14,14,1264944,33984,14,14,0
1399,0.809,0.497,0.016,1.322,7.849,16644,6286,10358,36,14,14,1264944,33984,14,14,0
1400,0.897,0.380,0.010,1.288,1.500,16644,6286,10358,36,14,14,1264944,33984,14,14,0
1401,0.790,0.398,0.010,1.199,1.457,16644,6286,10358,36,14,14,1264944,33984,14,14,0
1402,0.820,0.429,0.021,1.271,1.377,16644,6286,10358,36,14,14,1264944,33984,14,14,0
1403,0.836,1.417,0.015,2.268,1.438,16644,6286,10358,36,14,14,1264944,33984,14,14,0
1404,0.815,3.389,0.010,4.214,2.436,16644,6286,10358,36,14,14,1264944,33984,14,14,0
1405,0.840,11.963,0.022,12.825,4.409,16644,6286,10358,36,14,14,1264944,33984,14,14,0
1406,0.843,6.780,0.017,7.641,13.012,16644,6286,10358,36,14,14,1264944,33984,14,14,0
1407,0.835,0.345,0.014,1.194,7.819,16644,6286,10358,36,14,14,1264944,33984,14,14,0
1408,0.794,0.396,0.014,1.204,1.358,16644,6286,10358,36,14,14,1264944,33984,14,14,0
1409,0.772,0.395,0.019,1.187,1.378,16644,6286,10358,36,14,14,1264944,33984,14,14,0
1410,0.848,3.381,0.014,4.243,1.348,16644,6286,10358,36,14,14,1264944,33984,14,14,0
1411,0.815,2.925,0.015,3.754,4.423,16644,6286,10358,36,14,14,1264944,33984,14,14,0
1412,0.844,11.869,0.014,12.728,3.937,16644,6286,10358,36,14,14,1264944,33984,14,14,0
1413,0.805,6.907,0.013,7.725,12.912,16644,6286,10358,36,14,14,1264944,33984,14,14,0
1414,0.941,0.359,0.017,1.316,7.945,16644,6286,10358,36,14,14,1264944,33984,14,14,0
1415,0.943,0.415,0.016,1.374,1.507,16644,6286,10358,36,14,14,1264944,33984,14,14,0
1416,0.800,0.377,0.011,1.189,1.570,16644,6286,10358,36,14,14,1264944,33984,14,14,0
1417,0.857,2.603,0.014,3.475,1.355,16644,6286,10358,36,14,14,1264944,33984,14,14,0
1418,0.796,3.477,0.012,4.285,3.639,16644,6286,10358,36,14,14,1264944,33984,14,14,0
1419,0.822,11.874,0.017,12.712,4.459,16644,6286,10358,36,14,14,1264944,33984,14,14,0
1420,0.946,6.734,0.015,7.696,12.941,16644,6286,10358,36,14,14,1264944,33984,14,14,0
1421,0.917,0.515,0.025,1.457,7.913,16644,6286,10358,36,14,14,1264944,33984,14,14,0
1422,0.971,0.453,0.013,1.437,1.661,16644,6286,10358,36,14,14,1264944,33984,14,14,0
1423,0.966,0.898,0.019,1.883,1.631,16644,6286,10358,36,14,14,1264944,33984,14,14,0
1424,0.897,1.649,0.014,2.559,2.064,16644,6286,10358,36,14,14,1264944,33984,14,14,0
1425,0.820,4.023,0.014,4.857,2.735,16644,6286,10358,36,14,14,1264944,33984,14,14,0
1426,0.793,11.241,0.016,12.050,5.037,16644,6286,10358,36,14,14,1264944,33984,14,14,0
1427,0.803,7.179,0.017,7.999,12.241,16644,6286,10358,36,14,14,1264944,33984,14,14,0
1428,0.937,0.383,0.025,1.345,8.225,16644,6286,10358,36,14,14,1264944,33984,14,14,0
1429,0.793,0.375,0.013,1.181,1.508,16644,6286,10358,36,14,14,1264944,33984,14,14,0
1430,0.797,0.542,0.022,1.361,1.351,16644,6286,10358,36,14,14,1264944,33984,14,14,0
1431,0.819,2.423,0.012,3.254,1.564,16644,6286,10358,36,14,14,1264944,33984,14,14,0
1432,0.811,3.943,0.015,4.770,3.435,16644,6286,10358,36,14,14,1264944,33984,14,14,0
1433,0.808,11.305,0.025,12.138,4.949,16644,6286,10358,36,14,14,1264944,33984,14,14,0
1434,0.908,6.788,0.027,7.723,12.349,16644,6286,10358,36,14,14,1264944,33984,14,14,0
1435,0.919,0.337,0.020,1.277,7.950,16644,6286,10358,36,14,14,1264944,33984,14,14,0
1436,0.911,0.475,0.015,1.401,1.469,16644,6286,10358,36,14,14,1264944,33984,14,14,0
1437,1.011,1.751,0.028,2.790,1.603,16644,6286,10358,36,14,14,1264944,33984,14,14,0
1438,1.005,0.657,0.023,1.685,3.013,16644,6286,10358,36,14,14,1264944,33984,14,14,0
1439,0.930,3.864,0.022,4.816,1.900,16644,6286,10358,36,14,14,1264944,33984,14,14,0
1440,0.984,11.235,58.654,70.873,5.037,16644,6286,10358,36,14,14,1264944,33984,14,14,0
1441,0.647,0.393,0.013,1.053,70.986,16644,6286,10358,36,14,14,1264944,33984,14,14,0
1442,0.602,5.427,0.013,6.042,1.178,16644,6286,10358,36,14,14,1264944,33984,14,14,0
1443,0.594,7.659,0.019,8.272,6.160,16644,6286,10358,36,14,14,1264944,33984,14,14,0
1444,0.585,0.760,0.014,1.359,8.401,16644,6286,10358,36,14,14,1264944,33984,14,14,0
1445,0.588,0.296,0.013,0.897,1.491,16644,6286,10358,36,14,14,1264944,33984,14,14,0
1446,0.585,0.489,0.012,1.087,1.002,16644,6286,10358,36,14,14,1264944,33984,14,14,0
1447,0.567,3.611,0.009,4.187,1.207,16644,6286,10358,36,14,14,1264944,33984,14,14,0
1448,0.530,4.440,0.012,4.982,4.311,16644,6286,10358,36,14,14,1264944,33984,14,14,0
1449,0.570,11.564,0.010,12.145,5.113,16644,6286,10358,36,14,14,1264944,33984,14,14,0
1450,0.608,7.060,0.010,7.677,12.274,16644,6286,10358,36,14,14,1264944,33984,14,14,0
1451,0.590,0.558,0.015,1.163,7.804,16644,6286,10358,36,14,14,1264944,33984,14,14,0
1452,0.609,0.332,0.006,0.946,1.295,16644,6286,10358,36,14,14,1264944,33984,14,14,0
1453,0.582,0.311,0.013,0.906,1.072,16644,6286,10358,36,14,14,1264944,33984,14,14,0
1454,0.613,1.441,0.017,2.072,1.024,16644,6286,10358,36,14,14,1264944,33984,14,14,0
1455,0.600,3.309,0.010,3.920,2.201,16644,6286,10358,36,14,14,1264944,33984,14,14,0
1456,0.597,15.180,0.010,15.787,4.051,16644,6286,10358,36,14,14,1264944,33984,14,14,0
1457,0.689,7.120,0.011,7.819,15.933,16644,6286,10358,36,14,14,1264944,33984,14,14,0
1458,0.634,0.507,0.012,1.153,7.965,16644,6286,10358,36,14,14,1264944,33984,14,14,0
1459,0.650,0.322,0.009,0.981,1.290,16644,6286,10358,36,14,14,1264944,33984,14,14,0
1460,0.636,0.318,0.011,0.966,1.117,16644,6286,10358,36,14,14,1264944,33984,14,14,0
1461,0.634,0.362,0.010,1.005,1.081,16644,6286,10358,36,14,14,1264944,33984,14,14,0
1462,0.625,11.580,0.013,12.218,1.145,16644,6286,10358,36,14,14,1264944,33984,14,14,0
1463,0.668,7.460,0.014,8.142,12.374,16644,6286,10358,36,14,14,1264944,33984,14,14,0
1464,0.711,7.071,0.012,7.795,8.294,16644,6286,10358,36,14,14,1264944,33984,14,14,0
1465,0.697,0.462,0.013,1.172,7.946,16644,6286,10358,36,14,14,1264944,33984,14,14,0
1466,0.712,0.326,0.011,1.049,1.343,16644,6286,10358,36,14,14,1264944,33984,14,14,0
1467,0.688,0.414,0.014,1.116,1.213,16644,6286,10358,36,14,14,1264944,33984,14,14,0
1468,0.696,1.969,0.011,2.676,1.269,16644,6286,10358,36,14,14,1264944,33984,14,14,0
1469,0.709,0.549,0.012,1.270,2.831,16644,6286,10358,36,14,14,1264944,33984,14,14,0
1470,0.623,3.839,0.014,4.475,1.405,16644,6286,10358,36,14,14,1264944,33984,14,14,0
1471,0.667,11.915,0.011,12.593,4.634,16644,6286,10358,36,14,14,1264944,33984,14,14,0
1472,0.706,7.073,0.011,7.790,12.759,16644,6286,10358,36,14,14,1264944,33984,14,14,0
1473,0.746,0.444,0.009,1.199,7.945,16644,6286,10358,36,14,14,1264944,33984,14,14,0
1474,0.704,0.329,0.026,1.060,1.350,16644,6286,10358,36,14,14,1264944,33984,14,14,0
1475,0.704,0.306,0.014,1.024,1.211,16644,6286,10358,36,14,14,1264944,33984,14,14,0
1476,0.767,0.378,0.014,1.158,1.162,16644,6286,10358,36,14,14,1264944,33984,14,14,0
1477,0.758,2.004,0.011,2.772,1.311,16644,6286,10358,36,14,14,1264944,33984,14,14,0
1478,0.622,2.751,0.014,3.387,2.903,16644,6286,10358,36,14,14,1264944,33984,14,14,0
1479,0.623,13.143,0.010,13.776,3.524,16644,6286,10358,36,14,14,1264944,33984,14,14,0
1480,0.758,6.914,0.014,7.686,13.957,16644,6286,10358,36,14,14,1264944,33984,14,14,0
1481,0.691,0.384,0.011,1.086,7.836,16644,6286,10358,36,14,14,1264944,33984,14,14,0
1482,0.700,0.308,0.009,1.017,1.233,16644,6286,10358,36,14,14,1264944,33984,14,14,0
1483,0.726,0.754,0.008,1.488,1.170,16644,6286,10358,36,14,14,1264944,33984,14,14,0
1484,0.727,0.344,0.008,1.080,1.644,16644,6286,10358,36,14,14,1264944,33984,14,14,0
1485,0.699,10.887,0.012,11.598,1.231,16644,6286,10358,36,14,14,1264944,33984,14,14,0
1486,0.705,7.546,0.013,8.263,11.775,16644,6286,10358,36,14,14,1264944,33984,14,14,0
1487,0.794,7.010,0.012,7.816,8.437,16644,6286,10358,36,14,14,1264944,33984,14,14,0
1488,0.786,0.333,0.014,1.134,7.992,16644,6286,10358,36,14,14,1264944,33984,14,14,0
1489,0.805,0.371,0.013,1.189,1.315,16644,6286,10358,36,14,14,1264944,33984,14,14,0
1490,0.788,0.348,0.019,1.155,1.359,16644,6286,10358,36,14,14,1264944,33984,14,14,0
1491,0.747,0.620,0.012,1.379,1.311,16644,6286,10358,36,14,14,1264944,33984,14,14,0
1492,0.718,0.320,0.015,1.053,1.522,16644,6286,10358,36,14,14,1264944,33984,14,14,0
1493,0.722,0.270,0.012,1.004,1.198,16644,6286,10358,36,14,14,1264944,33984,14,14,0
1494,0.675,2.843,0.012,3.530,1.147,16644,6286,10358,36,14,14,1264944,33984,14,14,0
1495,0.767,12.577,0.019,13.364,3.696,16644,6286,10358,36,14,14,1264944,33984,14,14,0
1496,0.805,7.230,0.011,8.046,13.555,16644,6286,10358,36,14,14,1264944,33984,14,14,0
1497,0.777,0.287,0.014,1.079,8.230,16644,6286,10358,36,14,14,1264944,33984,14,14,0
1498,0.791,0.343,0.011,1.145,1.245,16644,6286,10358,36,14,14,1264944,33984,14,14,0
1499,0.782,0.381,0.014,1.177,1.315,16644,6286,10358,36,14,14,1264944,33984,14,14,0
1500,21.471,0.981,0.015,22.467,5.625,16644,6286,10358,36,14,14,1264944,33984,14,14,0
1501,1.379,0.241,0.010,1.630,22.572,16644,6286,10358,36,14,14,1264944,33984,14,14,0
1502,5.637,0.559,0.017,6.213,1.750,16644,6286,10358,36,14,14,1264944,33984,14,14,0
1503,0.446,4.572,0.010,5.028,6.323,16644,6286,10358,36,14,14,1264944,33984,14,14,0
1504,0.433,7.696,0.008,8.137,5.143,16644,6286,10358,36,14,14,1264944,33984,14,14,0
1505,0.443,7.725,0.010,8.178,8.235,16644,6286,10358,36,14,14,1264944,33984,14,14,0
1506,0.471,8.033,0.006,8.509,8.285,16644,6286,10358,36,14,14,1264944,33984,14,14,0
1507,0.493,0.899,0.009,1.400,8.618,16644,6286,10358,36,14,14,1264944,33984,14,14,0
1508,0.509,0.322,0.012,0.842,1.503,16644,6286,10358,36,14,14,1264944,33984,14,14,0
1509,0.482,0.231,0.011,0.724,0.938,16644,6286,10358,36,14,14,1264944,33984,14,14,0
1510,0.471,1.472,0.009,1.951,0.827,16644,6286,10358,36,14,14,1264944,33984,14,14,0
1511,0.466,3.580,0.009,4.055,2.052,16644,6286,10358,36,14,14,1264944,33984,14,14,0
1512,0.477,15.198,0.007,15.683,4.162,16644,6286,10358,36,14,14,1264944,33984,14,14,0
1513,0.499,7.340,0.007,7.846,15.799,16644,6286,10358,36,14,14,1264944,33984,14,14,0
1514,0.539,0.585,0.010,1.134,7.960,16644,6286,10358,36,14,14,1264944,33984,14,14,0
1515,0.541,0.261,0.010,0.813,1.252,16644,6286,10358,36,14,14,1264944,33984,14,14,0
1516,0.534,1.281,0.009,1.824,0.916,16644,6286,10358,36,14,14,1264944,33984,14,14,0
1517,0.520,3.865,0.011,4.397,1.932,16644,6286,10358,36,14,14,1264944,33984,14,14,0
1518,0.540,4.141,0.015,4.697,4.522,16644,6286,10358,36,14,14,1264944,33984,14,14,0
1519,0.537,11.547,0.013,12.097,4.819,16644,6286,10358,36,14,14,1264944,33984,14,14,0
1520,0.579,6.993,0.013,7.585,12.228,16644,6286,10358,36,14,14,1264944,33984,14,14,0
1521,0.581,7.359,0.012,7.952,7.718,16644,6286,10358,36,14,14,1264944,33984,14,14,0
1522,0.586,8.083,0.012,8.681,8.084,16644,6286,10358,36,14,14,1264944,33984,14,14,0
1523,0.654,7.530,0.014,8.198,8.820,16644,6286,10358,36,14,14,1264944,33984,14,14,0
1524,0.654,7.193,0.026,7.873,8.345,16644,6286,10358,36,14,14,1264944,33984,14,14,0
1525,0.675,0.517,0.013,1.205,8.020,16644,6286,10358,36,14,14,1264944,33984,14,14,0
1526,0.666,0.315,0.010,0.992,1.355,16644,6286,10358,36,14,14,1264944,33984,14,14,0
1527,0.644,5.135,0.017,5.795,1.113,16644,6286,10358,36,14,14,1264944,33984,14,14,0
1528,0.615,3.173,0.019,3.806,5.937,16644,6286,10358,36,14,14,1264944,33984,14,14,0
1529,0.713,12.436,0.011,13.160,3.948,16644,6286,10358,36,14,14,1264944,33984,14,14,0
1530,0.745,6.944,0.018,7.707,13.309,16644,6286,10358,36,14,14,1264944,33984,14,14,0
1531,0.718,0.438,0.012,1.168,7.868,16644,6286,10358,36,14,14,1264944,33984,14,14,0
1532,0.758,0.357,0.015,1.129,1.331,16644,6286,10358,36,14,14,1264944,33984,14,14,0
1533,0.690,0.350,0.017,1.057,1.276,16644,6286,10358,36,14,14,1264944,33984,14,14,0
1534,0.736,3.880,0.021,4.638,1.194,16644,6286,10358,36,14,14,1264944,33984,14,14,0
1535,0.762,1.987,0.016,2.765,4.799,16644,6286,10358,36,14,14,1264944,33984,14,14,0
1536,0.752,13.254,0.015,14.022,2.940,16644,6286,10358,36,14,14,1264944,33984,14,14,0
1537,0.767,6.874,0.013,7.654,14.193,16644,6286,10358,36,14,14,1264944,33984,14,14,0
1538,0.742,0.428,0.014,1.183,7.819,16644,6286,10358,36,14,14,1264944,33984,14,14,0
1539,0.713,0.345,0.011,1.069,1.336,16644,6286,10358,36,14,14,1264944,33984,14,14,0
1540,0.711,0.352,0.018,1.081,1.223,16644,6286,10358,36,14,14,1264944,33984,14,14,0
1541,0.726,0.380,0.017,1.123,1.218,16644,6286,10358,36,14,14,1264944,33984,14,14,0
1542,0.681,11.119,0.012,11.812,1.263,16644,6286,10358,36,14,14,1264944,33984,14,14,0
1543,0.737,7.914,0.016,8.667,11.976,16644,6286,10358,36,14,14,1264944,33984,14,14,0
1544,0.723,6.534,0.014,7.270,8.829,16644,6286,10358,36,14,14,1264944,33984,14,14,0
1545,0.786,0.606,0.016,1.408,7.455,16644,6286,10358,36,14,14,1264944,33984,14,14,0
1546,0.848,0.375,0.012,1.235,1.583,16644,6286,10358,36,14,14,1264944,33984,14,14,0
1547,0.810,0.415,0.012,1.236,1.403,16644,6286,10358,36,14,14,1264944,33984,14,14,0
1548,0.760,0.362,0.017,1.140,1.409,16644,6286,10358,36,14,14,1264944,33984,14,14,0
1549,0.724,4.160,0.008,4.891,1.271,16644,6286,10358,36,14,14,1264944,33984,14,14,0
1550,0.810,13.500,0.021,14.331,5.075,16644,6286,10358,36,14,14,1264944,33984,14,14,0
1551,1.021,6.891,0.016,7.928,14.511,16644,6286,10358,36,14,14,1264944,33984,14,14,0
1552,0.776,0.594,0.014,1.384,8.105,16644,6286,10358,36,14,14,1264944,33984,14,14,0
1553,0.862,0.417,0.012,1.292,1.555,16644,6286,10358,36,14,14,1264944,33984,14,14,0
1554,0.955,0.390,0.010,1.355,1.467,16644,6286,10358,36,14,14,1264944,33984,14,14,0
1555,0.801,0.414,0.017,1.232,1.541,16644,6286,10358,36,14,14,1264944,33984,14,14,0
1556,0.811,9.808,0.014,10.632,1.399,16644,6286,10358,36,14,14,1264944,33984,14,14,0
1557,0.791,7.968,0.032,8.791,10.816,16644,6286,10358,36,14,14,1264944,33984,14,14,0
1558,0.871,6.394,0.009,7.274,8.982,16644,6286,10358,36,14,14,1264944,33984,14,14,0
1559,0.807,0.337,0.012,1.155,7.452,16644,6286,10358,36,14,14,1264944,33984,14,14,0
1560,0.813,0.457,0.015,1.285,1.339,16644,6286,10358,36,14,14,1264944,33984,14,14,0
1561,0.802,0.367,0.016,1.186,1.450,16644,6286,10358,36,14,14,1264944,33984,14,14,0
1562,0.812,3.423,0.012,4.247,1.351,16644,6286,10358,36,14,14,1264944,33984,14,14,0
1563,0.802,3.261,0.022,4.084,4.430,16644,6286,10358,36,14,14,1264944,33984,14,14,0
1564,0.808,11.687,0.024,12.519,4.271,16644,6286,10358,36,14,14,1264944,33984,14,14,0
1565,0.977,6.742,0.011,7.730,12.714,16644,6286,10358,36,14,14,1264944,33984,14,14,0
1566,0.932,0.365,0.015,1.312,7.935,16644,6286,10358,36,14,14,1264944,33984,14,14,0
1567,0.916,0.444,0.024,1.384,1.503,16644,6286,10358,36,14,14,1264944,33984,14,14,0
1568,0.875,0.647,0.012,1.534,1.581,16644,6286,10358,36,14,14,1264944,33984,14,14,0
1569,0.840,2.215,0.015,3.069,1.696,16644,6286,10358,36,14,14,1264944,33984,14,14,0
1570,0.781,3.134,0.018,3.934,3.253,16644,6286,10358,36,14,14,1264944,33984,14,14,0
1571,0.820,12.227,0.014,13.061,4.124,16644,6286,10358,36,14,14,1264944,33984,14,14,0
1572,0.824,6.955,0.016,7.794,13.240,16644,6286,10358,36,14,14,1264944,33984,14,14,0
1573,0.918,0.369,0.017,1.304,8.007,16644,6286,10358,36,14,14,1264944,33984,14,14,0
1574,0.952,0.406,0.010,1.368,1.503,16644,6286,10358,36,14,14,1264944,33984,14,14,0
1575,0.794,0.355,0.015,1.164,1.540,16644,6286,10358,36,14,14,1264944,33984,14,14,0
1576,0.837,2.603,0.011,3.451,1.323,16644,6286,10358,36,14,14,1264944,33984,14,14,0
1577,0.779,2.986,0.019,3.784,3.612,16644,6286,10358,36,14,14,1264944,33984,14,14,0
1578,0.813,12.480,0.012,13.305,3.969,16644,6286,10358,36,14,14,1264944,33984,14,14,0
1579,0.943,6.759,0.017,7.720,13.531,16644,6286,10358,36,14,14,1264944,33984,14,14,0
1580,0.952,0.388,0.020,1.359,7.933,16644,6286,10358,36,14,14,1264944,33984,14,14,0
1581,0.953,0.450,0.016,1.419,1.568,16644,6286,10358,36,14,14,1264944,33984,14,14,0
1582,0.944,0.449,0.018,1.410,1.611,16644,6286,10358,36,14,14,1264944,33984,14,14,0
1583,0.869,2.242,0.012,3.124,1.591,16644,6286,10358,36,14,14,1264944,33984,14,14,0
1584,0.815,3.789,0.039,4.643,3.327,16644,6286,10358,36,14,14,1264944,33984,14,14,0
1585,0.800,11.442,0.014,12.256,4.832,16644,6286,10358,36,14,14,1264944,33984,14,14,0
1586,0.940,6.631,0.012,7.583,12.489,16644,6286,10358,36,14,14,1264944,33984,14,14,0
1587,0.934,0.357,0.016,1.307,7.807,16644,6286,10358,36,14,14,1264944,33984,14,14,0
1588,0.921,0.583,0.018,1.522,1.504,16644,6286,10358,36,14,14,1264944,33984,14,14,0
1589,0.959,0.471,0.030,1.460,1.718,16644,6286,10358,36,14,14,1264944,33984,14,14,0
1590,0.997,1.980,0.018,2.995,1.656,16644,6286,10358,36,14,14,1264944,33984,14,14,0
1591,0.812,3.389,0.012,4.214,3.169,16644,6286,10358,36,14,14,1264944,33984,14,14,0
1592,0.845,12.033,0.013,12.891,4.399,16644,6286,10358,36,14,14,1264944,33984,14,14,0
1593,0.915,7.006,0.017,7.937,13.092,16644,6286,10358,36,14,14,1264944,33984,14,14,0
1594,0.917,0.348,0.021,1.286,8.136,16644,6286,10358,36,14,14,1264944,33984,14,14,0
1595,0.936,0.405,0.014,1.354,1.477,16644,6286,10358,36,14,14,1264944,33984,14,14,0
1596,0.909,0.453,0.018,1.380,1.547,16644,6286,10358,36,14,14,1264944,33984,14,14,0
1597,0.884,2.101,0.014,2.999,1.562,16644,6286,10358,36,14,14,1264944,33984,14,14,0
1598,0.829,3.129,0.018,3.976,3.191,16644,6286,10358,36,14,14,1264944,33984,14,14,0
1599,0.957,12.099,0.015,13.071,4.181,16644,6286,10358,36,14,14,1264944,33984,14,14,0
1600,0.962,6.609,0.017,7.588,13.287,16644,6286,10358,36,14,14,1264944,33984,14,14,0
1601,0.912,0.347,0.024,1.283,7.794,16644,6286,10358,36,14,14,1264944,33984,14,14,0
1602,0.914,0.653,0.018,1.585,1.472,16644,6286,10358,36,14,14,1264944,33984,14,14,0
1603,0.976,0.434,0.013,1.423,1.788,16644,6286,10358,36,14,14,1264944,33984,14,14,0
1604,0.985,0.993,0.017,1.995,1.627,16644,6286,10358,36,14,14,1264944,33984,14,14,0
1605,0.940,0.390,0.013,1.342,2.193,16644,6286,10358,36,14,14,1264944,33984,14,14,0
1606,0.943,2.234,0.014,3.192,1.535,16644,6286,10358,36,14,14,1264944,33984,14,14,0
1607,0.960,12.078,0.017,13.055,3.412,16644,6286,10358,36,14,14,1264944,33984,14,14,0
1608,0.928,6.875,0.015,7.818,13.284,16644,6286,10358,36,14,14,1264944,33984,14,14,0
1609,0.944,0.351,0.014,1.308,8.031,16644,6286,10358,36,14,14,1264944,33984,14,14,0
1610,0.934,1.046,0.017,1.996,1.525,16644,6286,10358,36,14,14,1264944,33984,14,14,0
1611,0.964,0.455,0.014,1.433,2.193,16644,6286,10358,36,14,14,1264944,33984,14,14,0
1612,0.979,0.500,0.017,1.496,1.628,16644,6286,10358,36,14,14,1264944,33984,14,14,0
1613,0.919,0.374,0.016,1.309,1.688,16644,6286,10358,36,14,14,1264944,33984,14,14,0
1614,0.778,2.392,0.015,3.185,1.478,16644,6286,10358,36,14,14,1264944,33984,14,14,0
1615,0.842,12.744,0.018,13.605,3.369,16644,6286,10358,36,14,14,1264944,33984,14,14,0
1616,0.986,6.459,0.014,7.459,13.834,16644,6286,10358,36,14,14,1264944,33984,14,14,0
1617,0.929,0.353,0.025,1.308,7.667,16644,6286,10358,36,14,14,1264944,33984,14,14,0
1618,0.903,0.739,0.016,1.658,1.505,16644,6286,10358,36,14,14,1264944,33984,14,14,0
1619,0.945,0.402,0.013,1.360,1.850,16644,6286,10358,36,14,14,1264944,33984,14,14,0
1620,0.930,0.475,107.106,108.512,1.556,16644,6286,10358,36,14,14,1264944,33984,14,14,0
1621,0.542,0.349,0.015,0.906,108.617,16644,6286,10358,36,14,14,1264944,33984,14,14,0
1622,0.475,9.482,0.012,9.969,1.003,16644,6286,10358,36,14,14,1264944,33984,14,14,0
1623,0.523,7.829,0.010,8.362,10.082,16644,6286,10358,36,14,14,1264944,33984,14,14,0
1624,0.483,0.916,0.009,1.408,8.471,16644,6286,10358,36,14,14,1264944,33984,14,14,0
1625,0.499,0.284,0.011,0.794,1.506,16644,6286,10358,36,14,14,1264944,33984,14,14,0
1626,0.470,1.198,0.009,1.678,0.889,16644,6286,10358,36,14,14,1264944,33984,14,14,0
1627,0.478,3.354,0.010,3.842,1.772,16644,6286,10358,36,14,14,1264944,33984,14,14,0
1628,0.468,3.097,0.009,3.574,3.947,16644,6286,10358,36,14,14,1264944,33984,14,14,0
1629,0.477,12.684,0.009,13.170,3.680,16644,6286,10358,36,14,14,1264944,33984,14,14,0
1630,0.539,7.236,0.014,7.790,13.282,16644,6286,10358,36,14,14,1264944,33984,14,14,0
1631,0.535,0.847,0.013,1.395,7.900,16644,6286,10358,36,14,14,1264944,33984,14,14,0
1632,0.575,0.267,0.010,0.852,1.520,16644,6286,10358,36,14,14,1264944,33984,14,14,0
1633,0.528,0.386,0.014,0.928,0.966,16644,6286,10358,36,14,14,1264944,33984,14,14,0
1634,0.525,4.140,0.008,4.673,1.030,16644,6286,10358,36,14,14,1264944,33984,14,14,0
1635,0.513,3.517,0.007,4.038,4.788,16644,6286,10358,36,14,14,1264944,33984,14,14,0
1636,0.598,12.319,0.011,12.928,4.165,16644,6286,10358,36,14,14,1264944,33984,14,14,0
1637,0.574,7.298,0.010,7.881,13.056,16644,6286,10358,36,14,14,1264944,33984,14,14,0
1638,0.592,0.517,0.009,1.118,8.008,16644,6286,10358,36,14,14,1264944,33984,14,14,0
1639,0.595,0.290,0.013,0.899,1.250,16644,6286,10358,36,14,14,1264944,33984,14,14,0
1640,0.611,0.297,0.011,0.919,1.005,16644,6286,10358,36,14,14,1264944,33984,14,14,0
1641,0.569,4.355,0.010,4.933,1.044,16644,6286,10358,36,14,14,1264944,33984,14,14,0
1642,0.556,3.106,0.009,3.671,5.057,16644,6286,10358,36,14,14,1264944,33984,14,14,0
1643,0.606,12.357,0.008,12.972,3.800,16644,6286,10358,36,14,14,1264944,33984,14,14,0
1644,0.613,7.346,0.013,7.972,13.113,16644,6286,10358,36,14,14,1264944,33984,14,14,0
1645,0.658,0.390,0.011,1.059,8.122,16644,6286,10358,36,14,14,1264944,33984,14,14,0
1646,0.650,0.317,0.008,0.975,1.197,16644,6286,10358,36,14,14,1264944,33984,14,14,0
1647,0.634,0.385,0.016,1.036,1.101,16644,6286,10358,36,14,14,1264944,33984,14,14,0
1648,0.646,4.095,0.013,4.753,1.164,16644,6286,10358,36,14,14,1264944,33984,14,14,0
1649,0.635,3.474,0.010,4.118,4.898,16644,6286,10358,36,14,14,1264944,33984,14,14,0
1650,0.705,11.886,0.011,12.601,4.289,16644,6286,10358,36,14,14,1264944,33984,14,14,0
1651,0.657,7.068,0.010,7.735,12.756,16644,6286,10358,36,14,14,1264944,33984,14,14,0
1652,0.654,0.474,0.010,1.138,7.883,16644,6286,10358,36,14,14,1264944,33984,14,14,0
1653,0.657,0.341,0.012,1.010,1.275,16644,6286,10358,36,14,14,1264944,33984,14,14,0
1654,0.668,0.320,0.010,0.998,1.139,16644,6286,10358,36,14,14,1264944,33984,14,14,0
1655,0.631,4.037,0.010,4.678,1.118,16644,6286,10358,36,14,14,1264944,33984,14,14,0
1656,0.640,3.753,0.009,4.401,4.829,16644,6286,10358,36,14,14,1264944,33984,14,14,0
1657,0.637,11.695,0.018,12.350,4.551,16644,6286,10358,36,14,14,1264944,33984,14,14,0
1658,0.722,6.870,0.019,7.611,12.547,16644,6286,10358,36,14,14,1264944,33984,14,14,0
1659,0.707,0.490,0.013,1.210,7.781,16644,6286,10358,36,14,14,1264944,33984,14,14,0
1660,0.702,0.322,0.011,1.036,1.371,16644,6286,10358,36,14,14,1264944,33984,14,14,0
1661,0.709,0.456,0.028,1.193,1.181,16644,6286,10358,36,14,14,1264944,33984,14,14,0
1662,0.717,3.549,0.017,4.282,1.337,16644,6286,10358,36,14,14,1264944,33984,14,14,0
1663,0.728,3.021,0.012,3.760,4.454,16644,6286,10358,36,14,14,1264944,33984,14,14,0
1664,0.722,12.351,0.011,13.083,3.926,16644,6286,10358,36,14,14,1264944,33984,14,14,0
1665,0.713,7.141,0.012,7.866,13.248,16644,6286,10358,36,14,14,1264944,33984,14,14,0
1666,0.696,0.387,0.014,1.097,8.032,16644,6286,10358,36,14,14,1264944,33984,14,14,0
1667,0.688,0.339,0.011,1.038,1.253,16644,6286,10358,36,14,14,1264944,33984,14,14,0
1668,0.621,0.300,0.015,0.935,1.179,16644,6286,10358,36,14,14,1264944,33984,14,14,0
1669,0.633,3.836,0.014,4.483,1.067,16644,6286,10358,36,14,14,1264944,33984,14,14,0
1670,0.703,3.038,0.007,3.749,4.641,16644,6286,10358,36,14,14,1264944,33984,14,14,0
1671,0.701,12.368,0.007,13.075,3.883,16644,6286,10358,36,14,14,1264944,33984,14,14,0
1672,0.528,7.270,0.006,7.804,13.191,16644,6286,10358,36,14,14,1264944,33984,14,14,0
1673,0.491,0.787,0.009,1.287,7.904,16644,6286,10358,36,14,14,1264944,33984,14,14,0
1674,0.463,0.279,0.012,0.753,1.383,16644,6286,10358,36,14,14,1264944,33984,14,14,0
1675,0.469,1.404,0.009,1.882,0.838,16644,6286,10358,36,14,14,1264944,33984,14,14,0
1676,0.491,3.618,0.009,4.118,1.978,16644,6286,10358,36,14,14,1264944,33984,14,14,0
1677,0.429,3.643,0.008,4.080,4.239,16644,6286,10358,36,14,14,1264944,33984,14,14,0
1678,0.437,12.124,0.009,12.571,4.175,16644,6286,10358,36,14,14,1264944,33984,14,14,0
1679,0.459,7.391,0.006,7.856,12.662,16644,6286,10358,36,14,14,1264944,33984,14,14,0
1680,19.715,1.139,0.015,20.870,7.672,16644,6286,10358,36,14,14,1264944,33984,14,14,0
1681,1.241,0.215,0.010,1.467,20.970,16644,6286,10358,36,14,14,1264944,33984,14,14,0
1682,1.305,0.783,0.014,2.102,1.589,16644,6286,10358,36,14,14,1264944,33984,14,14,0
1683,0.402,8.304,0.011,8.717,2.180,16644,6286,10358,36,14,14,1264944,33984,14,14,0
1684,0.464,6.882,0.009,7.355,8.837,16644,6286,10358,36,14,14,1264944,33984,14,14,0
1685,0.443,7.628,0.007,8.079,7.460,16644,6286,10358,36,14,14,1264944,33984,14,14,0
1686,0.464,8.001,0.009,8.474,8.179,16644,6286,10358,36,14,14,1264944,33984,14,14,0
1687,0.486,7.877,0.008,8.371,8.580,16644,6286,10358,36,14,14,1264944,33984,14,14,0
1688,0.526,7.657,0.007,8.189,8.478,16644,6286,10358,36,14,14,1264944,33984,14,14,0
1689,0.525,0.580,0.012,1.117,8.304,16644,6286,10358,36,14,14,1264944,33984,14,14,0
1690,0.553,0.338,0.007,0.897,1.234,16644,6286,10358,36,14,14,1264944,33984,14,14,0
1691,0.525,0.261,0.013,0.799,1.011,16644,6286,10358,36,14,14,1264944,33984,14,14,0
1692,0.509,4.485,0.009,5.003,0.897,16644,6286,10358,36,14,14,1264944,33984,14,14,0
1693,0.509,2.631,0.008,3.148,5.119,16644,6286,10358,36,14,14,1264944,33984,14,14,0
1694,0.541,13.167,0.010,13.717,3.269,16644,6286,10358,36,14,14,1264944,33984,14,14,0
1695,0.544,7.319,0.008,7.872,13.836,16644,6286,10358,36,14,14,1264944,33984,14,14,0
1696,0.580,0.496,0.012,1.087,8.000,16644,6286,10358,36,14,14,1264944,33984,14,14,0
1697,0.613,0.287,0.012,0.912,1.217,16644,6286,10358,36,14,14,1264944,33984,14,14,0
1698,0.587,0.283,0.009,0.879,1.032,16644,6286,10358,36,14,14,1264944,33984,14,14,0
1699,0.523,3.558,0.012,4.092,0.996,16644,6286,10358,36,14,14,1264944,33984,14,14,0
1700,0.549,0.271,0.012,0.832,4.228,16644,6286,10358,36,14,14,1264944,33984,14,14,0
1701,0.562,3.022,0.008,3.592,0.955,16644,6286,10358,36,14,14,1264944,33984,14,14,0
1702,0.568,12.678,0.010,13.256,3.715,16644,6286,10358,36,14,14,1264944,33984,14,14,0
1703,0.608,7.098,0.011,7.717,13.389,16644,6286,10358,36,14,14,1264944,33984,14,14,0
1704,0.629,0.616,0.011,1.256,7.861,16644,6286,10358,36,14,14,1264944,33984,14,14,0
1705,0.654,0.298,0.010,0.963,1.405,16644,6286,10358,36,14,14,1264944,33984,14,14,0
1706,0.640,0.277,0.018,0.936,1.097,16644,6286,10358,36,14,14,1264944,33984,14,14,0
1707,0.663,0.451,0.012,1.125,1.051,16644,6286,10358,36,14,14,1264944,33984,14,14,0
1708,0.595,11.501,0.009,12.105,1.252,16644,6286,10358,36,14,14,1264944,33984,14,14,0
1709,0.643,7.556,0.010,8.208,12.251,16644,6286,10358,36,14,14,1264944,33984,14,14,0
1710,0.637,7.332,0.010,7.979,8.358,16644,6286,10358,36,14,14,1264944,33984,14,14,0
1711,0.645,0.419,0.012,1.076,8.124,16644,6286,10358,36,14,14,1264944,33984,14,14,0
1712,0.652,0.313,0.010,0.974,1.212,16644,6286,10358,36,14,14,1264944,33984,14,14,0
1713,0.630,0.285,0.011,0.926,1.111,16644,6286,10358,36,14,14,1264944,33984,14,14,0
1714,0.652,0.339,0.013,1.004,1.043,16644,6286,10358,36,14,14,1264944,33984,14,14,0
1715,0.667,2.935,0.010,3.612,1.131,16644,6286,10358,36,14,14,1264944,33984,14,14,0
1716,0.612,3.613,0.008,4.233,3.754,16644,6286,10358,36,14,14,1264944,33984,14,14,0
1717,0.635,11.836,0.018,12.489,4.378,16644,6286,10358,36,14,14,1264944,33984,14,14,0
1718,0.738,7.090,0.025,7.854,12.658,16644,6286,10358,36,14,14,1264944,33984,14,14,0
1719,0.687,0.366,0.018,1.072,8.017,16644,6286,10358,36,14,14,1264944,33984,14,14,0
1720,0.719,0.325,0.014,1.057,1.217,16644,6286,10358,36,14,14,1264944,33984,14,14,0
1721,0.685,0.396,0.013,1.094,1.206,16644,6286,10358,36,14,14,1264944,33984,14,14,0
1722,0.641,2.512,0.012,3.166,1.234,16644,6286,10358,36,14,14,1264944,33984,14,14,0
1723,0.632,0.267,0.008,0.906,3.318,16644,6286,10358,36,14,14,1264944,33984,14,14,0
1724,0.611,3.316,0.016,3.942,1.041,16644,6286,10358,36,14,14,1264944,33984,14,14,0
1725,0.645,12.491,0.017,13.153,4.086,16644,6286,10358,36,14,14,1264944,33984,14,14,0
1726,0.751,6.946,0.011,7.708,13.322,16644,6286,10358,36,14,14,1264944,33984,14,14,0
1727,0.696,0.535,0.012,1.242,7.867,16644,6286,10358,36,14,14,1264944,33984,14,14,0
1728,0.712,0.339,0.010,1.060,1.383,16644,6286,10358,36,14,14,1264944,33984,14,14,0
1729,0.699,0.305,0.014,1.018,1.211,16644,6286,10358,36,14,14,1264944,33984,14,14,0
1730,0.734,0.323,0.008,1.065,1.150,16644,6286,10358,36,14,14,1264944,33984,14,14,0
1731,0.729,2.220,0.009,2.959,1.209,16644,6286,10358,36,14,14,1264944,33984,14,14,0
1732,0.695,3.250,0.008,3.953,3.100,16644,6286,10358,36,14,14,1264944,33984,14,14,0
1733,0.710,12.341,0.012,13.063,4.121,16644,6286,10358,36,14,14,1264944,33984,14,14,0
1734,0.823,7.068,0.010,7.901,13.235,16644,6286,10358,36,14,14,1264944,33984,14,14,0
1735,0.813,0.334,0.013,1.160,8.100,16644,6286,10358,36,14,14,1264944,33984,14,14,0
1736,0.852,0.390,0.015,1.257,1.336,16644,6286,10358,36,14,14,1264944,33984,14,14,0
1737,0.684,0.340,0.017,1.040,1.402,16644,6286,10358,36,14,14,1264944,33984,14,14,0
1738,0.741,2.176,0.012,2.930,1.205,16644,6286,10358,36,14,14,1264944,33984,14,14,0
1739,0.703,0.293,0.018,1.015,3.093,16644,6286,10358,36,14,14,1264944,33984,14,14,0
1740,0.681,2.938,0.013,3.632,1.168,16644,6286,10358,36,14,14,1264944,33984,14,14,0
1741,0.745,12.374,0.012,13.131,3.785,16644,6286,10358,36,14,14,1264944,33984,14,14,0
1742,0.719,7.070,0.015,7.803,13.302,16644,6286,10358,36,14,14,1264944,33984,14,14,0
1743,0.822,0.338,0.011,1.170,7.998,16644,6286,10358,36,14,14,1264944,33984,14,14,0
1744,0.816,0.369,0.018,1.203,1.353,16644,6286,10358,36,14,14,1264944,33984,14,14,0
1745,0.729,0.622,0.021,1.372,1.374,16644,6286,10358,36,14,14,1264944,33984,14,14,0
1746,0.711,0.634,0.013,1.358,1.515,16644,6286,10358,36,14,14,1264944,33984,14,14,0
1747,0.714,1.456,0.032,2.203,1.508,16644,6286,10358,36,14,14,1264944,33984,14,14,0
1748,0.715,2.744,0.016,3.475,2.373,16644,6286,10358,36,14,14,1264944,33984,14,14,0
1749,0.824,12.580,0.022,13.426,3.646,16644,6286,10358,36,14,14,1264944,33984,14,14,0
1750,0.845,6.877,0.016,7.738,13.603,16644,6286,10358,36,14,14,1264944,33984,14,14,0
1751,0.789,0.637,0.018,1.444,7.905,16644,6286,10358,36,14,14,1264944,33984,14,14,0
1752,0.823,0.375,0.014,1.212,1.615,16644,6286,10358,36,14,14,1264944,33984,14,14,0
1753,0.821,0.376,0.012,1.209,1.378,16644,6286,10358,36,14,14,1264944,33984,14,14,0
1754,0.814,0.374,0.017,1.205,1.381,16644,6286,10358,36,14,14,1264944,33984,14,14,0
1755,0.793,3.895,0.011,4.700,1.363,16644,6286,10358,36,14,14,1264944,33984,14,14,0
1756,0.805,13.740,0.023,14.568,4.879,16644,6286,10358,36,14,14,1264944,33984,14,14,0
1757,0.796,6.950,0.018,7.764,14.738,16644,6286,10358,36,14,14,1264944,33984,14,14,0
1758,0.790,0.302,0.012,1.104,7.940,16644,6286,10358,36,14,14,1264944,33984,14,14,0
1759,0.781,0.363,0.024,1.168,1.279,16644,6286,10358,36,14,14,1264944,33984,14,14,0
1760,0.774,0.367,0.033,1.175,1.337,16644,6286,10358,36,14,14,1264944,33984,14,14,0
1761,0.802,2.415,0.024,3.240,1.331,16644,6286,10358,36,14,14,1264944,33984,14,14,0
1762,0.853,0.351,0.013,1.217,3.431,16644,6286,10358,36,14,14,1264944,33984,14,14,0
1763,0.821,2.357,0.014,3.193,1.394,16644,6286,10358,36,14,14,1264944,33984,14,14,0
1764,0.825,12.347,0.016,13.188,3.381,16644,6286,10358,36,14,14,1264944,33984,14,14,0
1765,0.931,7.184,0.032,8.148,13.390,16644,6286,10358,36,14,14,1264944,33984,14,14,0
1766,1.254,0.566,0.024,1.844,8.423,16644,6286,10358,36,14,14,1264944,33984,14,14,0
1767,1.076,0.481,0.024,1.581,2.089,16644,6286,10358,36,14,14,1264944,33984,14,14,0
1768,0.921,0.587,0.015,1.523,1.786,16644,6286,10358,36,14,14,1264944,33984,14,14,0
1769,0.904,1.039,0.015,1.958,1.698,16644,6286,10358,36,14,14,1264944,33984,14,14,0
1770,0.878,3.051,0.032,3.961,2.142,16644,6286,10358,36,14,14,1264944,33984,14,14,0
1771,0.909,12.054,0.015,12.978,4.159,16644,6286,10358,36,14,14,1264944,33984,14,14,0
1772,0.990,6.587,0.016,7.594,13.189,16644,6286,10358,36,14,14,1264944,33984,14,14,0
1773,0.958,0.399,0.016,1.373,7.818,16644,6286,10358,36,14,14,1264944,33984,14,14,0
1774,0.942,0.492,0.014,1.448,1.571,16644,6286,10358,36,14,14,1264944,33984,14,14,0
1775,0.984,0.491,0.037,1.512,1.646,16644,6286,10358,36,14,14,1264944,33984,14,14,0
1776,0.940,1.118,0.015,2.073,1.701,16644,6286,10358,36,14,14,1264944,33984,14,14,0
1777,0.843,0.391,0.020,1.253,2.247,16644,6286,10358,36,14,14,1264944,33984,14,14,0
1778,0.827,2.673,0.011,3.511,1.417,16644,6286,10358,36,14,14,1264944,33984,14,14,0
1779,0.842,11.964,0.015,12.820,3.711,16644,6286,10358,36,14,14,1264944,33984,14,14,0
1780,0.824,6.923,0.016,7.763,13.015,16644,6286,10358,36,14,14,1264944,33984,14,14,0
1781,0.943,0.423,0.017,1.384,7.972,16644,6286,10358,36,14,14,1264944,33984,14,14,0
1782,0.898,0.623,0.014,1.535,1.582,16644,6286,10358,36,14,14,1264944,33984,14,14,0
1783,0.847,0.420,0.024,1.291,1.701,16644,6286,10358,36,14,14,1264944,33984,14,14,0
1784,0.898,1.081,0.013,1.992,1.459,16644,6286,10358,36,14,14,1264944,33984,14,14,0
1785,0.796,0.336,0.014,1.145,2.166,16644,6286,10358,36,14,14,1264944,33984,14,14,0
1786,0.794,2.626,0.015,3.435,1.311,16644,6286,10358,36,14,14,1264944,33984,14,14,0
1787,0.870,12.428,0.026,13.323,3.624,16644,6286,10358,36,14,14,1264944,33984,14,14,0
1788,1.011,6.734,0.012,7.757,13.560,16644,6286,10358,36,14,14,1264944,33984,14,14,0
1789,0.935,0.356,0.014,1.306,7.972,16644,6286,10358,36,14,14,1264944,33984,14,14,0
1790,0.810,0.406,0.011,1.227,1.494,16644,6286,10358,36,14,14,1264944,33984,14,14,0
1791,0.819,0.411,0.017,1.247,1.405,16644,6286,10358,36,14,14,1264944,33984,14,14,0
1792,0.832,0.434,0.047,1.313,1.423,16644,6286,10358,36,14,14,1264944,33984,14,14,0
1793,0.848,10.083,0.014,10.945,1.490,16644,6286,10358,36,14,14,1264944,33984,14,14,0
1794,0.830,7.453,0.013,8.296,11.137,16644,6286,10358,36,14,14,1264944,33984,14,14,0
1795,0.840,6.786,0.017,7.643,8.478,16644,6286,10358,36,14,14,1264944,33984,14,14,0
1796,0.921,0.361,0.015,1.296,7.850,16644,6286,10358,36,14,14,1264944,33984,14,14,0
1797,0.958,0.466,0.021,1.445,1.501,16644,6286,10358,36,14,14,1264944,33984,14,14,0
1798,0.849,0.448,0.012,1.309,1.637,16644,6286,10358,36,14,14,1264944,33984,14,14,0
1799,0.871,2.468,0.012,3.352,1.482,16644,6286,10358,36,14,14,1264944,33984,14,14,0
1800,0.809,3.437,62.004,66.250,3.529,16644,6286,10358,36,14,14,1264944,33984,14,14,0
1801,0.619,0.346,0.013,0.978,66.372,16644,6286,10358,36,14,14,1264944,33984,14,14,0
1802,0.544,1.765,0.015,2.324,1.090,16644,6286,10358,36,14,14,1264944,33984,14,14,0
1803,0.650,13.029,0.015,13.694,2.439,16644,6286,10358,36,14,14,1264944,33984,14,14,0
1804,0.616,7.641,0.020,8.277,13.834,16644,6286,10358,36,14,14,1264944,33984,14,14,0
1805,0.642,1.290,0.016,1.948,8.419,16644,6286,10358,36,14,14,1264944,33984,14,14,0
1806,0.596,0.349,0.013,0.957,2.074,16644,6286,10358,36,14,14,1264944,33984,14,14,0
1807,0.583,0.645,0.020,1.248,1.063,16644,6286,10358,36,14,14,1264944,33984,14,14,0
1808,0.578,11.536,0.021,12.135,1.368,16644,6286,10358,36,14,14,1264944,33984,14,14,0
1809,0.610,8.216,0.017,8.843,12.251,16644,6286,10358,36,14,14,1264944,33984,14,14,0
1810,0.709,6.392,0.010,7.110,8.992,16644,6286,10358,36,14,14,1264944,33984,14,14,0
1811,0.621,0.593,0.022,1.236,7.272,16644,6286,10358,36,14,14,1264944,33984,14,14,0
1812,0.613,0.376,0.019,1.008,1.372,16644,6286,10358,36,14,14,1264944,33984,14,14,0
1813,0.563,5.070,0.019,5.652,1.115,16644,6286,10358,36,14,14,1264944,33984,14,14,0
1814,0.554,4.048,0.013,4.615,5.772,16644,6286,10358,36,14,14,1264944,33984,14,14,0
1815,0.565,11.691,0.014,12.271,4.735,16644,6286,10358,36,14,14,1264944,33984,14,14,0
1816,0.619,7.090,0.012,7.721,12.400,16644,6286,10358,36,14,14,1264944,33984,14,14,0
1817,0.599,0.571,0.014,1.184,7.858,16644,6286,10358,36,14,14,1264944,33984,14,14,0
1818,0.612,0.302,0.012,0.926,1.308,16644,6286,10358,36,14,14,1264944,33984,14,14,0
1819,0.602,2.983,0.011,3.596,1.039,16644,6286,10358,36,14,14,1264944,33984,14,14,0
1820,0.639,1.328,0.017,1.984,3.731,16644,6286,10358,36,14,14,1264944,33984,14,14,0
1821,0.610,3.998,0.013,4.620,2.120,16644,6286,10358,36,14,14,1264944,33984,14,14,0
1822,0.642,11.474,0.012,12.128,4.751,16644,6286,10358,36,14,14,1264944,33984,14,14,0
1823,0.614,7.368,0.019,8.001,12.277,16644,6286,10358,36,14,14,1264944,33984,14,14,0
1824,0.671,0.477,0.012,1.160,8.148,16644,6286,10358,36,14,14,1264944,33984,14,14,0
1825,0.652,0.338,0.010,1.000,1.295,16644,6286,10358,36,14,14,1264944,33984,14,14,0
1826,0.636,0.330,0.012,0.977,1.139,16644,6286,10358,36,14,14,1264944,33984,14,14,0
1827,0.619,0.275,0.012,0.906,1.100,16644,6286,10358,36,14,14,1264944,33984,14,14,0
1828,0.613,0.321,0.014,0.948,1.018,16644,6286,10358,36,14,14,1264944,33984,14,14,0
1829,0.583,10.736,0.012,11.331,1.058,16644,6286,10358,36,14,14,1264944,33984,14,14,0
1830,0.638,7.775,0.012,8.424,11.479,16644,6286,10358,36,14,14,1264944,33984,14,14,0
1831,0.695,6.735,0.009,7.440,8.572,16644,6286,10358,36,14,14,1264944,33984,14,14,0
1832,0.640,0.412,0.012,1.064,7.576,16644,6286,10358,36,14,14,1264944,33984,14,14,0
1833,0.674,0.313,0.009,0.996,1.201,16644,6286,10358,36,14,14,1264944,33984,14,14,0
1834,0.668,0.318,0.009,0.995,1.124,16644,6286,10358,36,14,14,1264944,33984,14,14,0
1835,0.658,0.322,0.007,0.987,1.124,16644,6286,10358,36,14,14,1264944,33984,14,14,0
1836,0.692,0.280,0.015,0.987,1.117,16644,6286,10358,36,14,14,1264944,33984,14,14,0
1837,0.627,0.308,0.012,0.947,1.106,16644,6286,10358,36,14,14,1264944,33984,14,14,0
1838,0.646,2.845,0.009,3.500,1.071,16644,6286,10358,36,14,14,1264944,33984,14,14,0
1839,0.608,14.335,0.015,14.958,3.635,16644,6286,10358,36,14,14,1264944,33984,14,14,0
1840,0.659,7.016,0.008,7.682,15.109,16644,6286,10358,36,14,14,1264944,33984,14,14,0
1841,0.635,0.471,0.023,1.129,7.815,16644,6286,10358,36,14,14,1264944,33984,14,14,0
1842,0.642,0.301,0.011,0.954,1.269,16644,6286,10358,36,14,14,1264944,33984,14,14,0
1843,0.645,0.283,0.014,0.942,1.080,16644,6286,10358,36,14,14,1264944,33984,14,14,0
1844,0.634,0.279,0.009,0.922,1.078,16644,6286,10358,36,14,14,1264944,33984,14,14,0
1845,0.654,0.326,0.016,0.996,1.056,16644,6286,10358,36,14,14,1264944,33984,14,14,0
1846,0.618,3.786,0.010,4.414,1.112,16644,6286,10358,36,14,14,1264944,33984,14,14,0
1847,0.647,14.543,0.010,15.200,4.555,16644,6286,10358,36,14,14,1264944,33984,14,14,0
1848,0.695,7.024,0.010,7.729,15.361,16644,6286,10358,36,14,14,1264944,33984,14,14,0
1849,0.681,0.358,0.013,1.052,7.881,16644,6286,10358,36,14,14,1264944,33984,14,14,0
1850,0.717,0.350,0.009,1.076,1.209,16644,6286,10358,36,14,14,1264944,33984,14,14,0
1851,0.732,0.313,0.009,1.053,1.221,16644,6286,10358,36,14,14,1264944,33984,14,14,0
1852,0.720,0.313,0.011,1.044,1.195,16644,6286,10358,36,14,14,1264944,33984,14,14,0
1853,0.734,0.815,0.011,1.561,1.205,16644,6286,10358,36,14,14,1264944,33984,14,14,0
1854,0.737,0.521,0.009,1.267,1.711,16644,6286,10358,36,14,14,1264944,33984,14,14,0
1855,0.640,2.317,0.016,2.972,1.408,16644,6286,10358,36,14,14,1264944,33984,14,14,0
1856,0.654,13.531,0.012,14.197,3.114,16644,6286,10358,36,14,14,1264944,33984,14,14,0
1857,0.691,7.400,0.011,8.102,14.349,16644,6286,10358,36,14,14,1264944,33984,14,14,0
1858,0.701,0.575,0.009,1.285,8.260,16644,6286,10358,36,14,14,1264944,33984,14,14,0
1859,0.689,0.287,0.012,0.988,1.432,16644,6286,10358,36,14,14,1264944,33984,14,14,0
1860,11.841,1.193,0.015,13.049,5.440,16750,6362,10388,36,14,14,1273000,34824,14,14,0
1861,1.489,0.983,0.012,2.485,13.173,16750,6362,10388,36,14,14,1273000,34824,14,14,0
1862,5.525,0.243,0.010,5.778,2.594,16750,6362,10388,36,14,14,1273000,34824,14,14,0
1863,0.418,4.958,0.011,5.387,5.891,16750,6362,10388,36,14,14,1273000,34824,14,14,0
1864,0.475,8.190,0.009,8.674,5.492,16750,6362,10388,36,14,14,1273000,34824,14,14,0
1865,0.481,7.653,0.010,8.145,8.797,16750,6362,10388,36,14,14,1273000,34824,14,14,0
1866,0.501,7.777,0.010,8.289,8.253,16750,6362,10388,36,14,14,1273000,34824,14,14,0
1867,0.499,7.489,0.010,7.998,8.400,16750,6362,10388,36,14,14,1273000,34824,14,14,0
1868,0.508,0.601,0.012,1.122,8.114,16750,6362,10388,36,14,14,1273000,34824,14,14,0
1869,0.518,0.284,0.014,0.816,1.241,16750,6362,10388,36,14,14,1273000,34824,14,14,0
1870,0.515,0.234,0.013,0.762,0.929,16750,6362,10388,36,14,14,1273000,34824,14,14,0
1871,0.502,0.380,0.008,0.889,0.860,16750,6362,10388,36,14,14,1273000,34824,14,14,0
1872,0.466,3.790,0.009,4.266,0.994,16750,6362,10388,36,14,14,1273000,34824,14,14,0
1873,0.467,16.983,0.009,17.459,4.386,16750,6362,10388,36,14,14,1273000,34824,14,14,0
1874,0.519,6.788,0.020,7.326,17.590,16750,6362,10388,36,14,14,1273000,34824,14,14,0
1875,0.582,7.513,0.011,8.106,7.464,16750,6362,10388,36,14,14,1273000,34824,14,14,0
1876,0.556,7.796,0.015,8.368,8.234,16750,6362,10388,36,14,14,1273000,34824,14,14,0
1877,0.601,7.533,0.010,8.145,8.511,16750,6362,10388,36,14,14,1273000,34824,14,14,0
1878,0.624,7.409,0.011,8.043,8.289,16750,6362,10388,36,14,14,1273000,34824,14,14,0
1879,0.630,0.585,0.009,1.225,8.182,16750,6362,10388,36,14,14,1273000,34824,14,14,0
1880,0.667,0.311,0.008,0.986,1.368,16750,6362,10388,36,14,14,1273000,34824,14,14,0
1881,0.609,0.315,0.011,0.935,1.125,16750,6362,10388,36,14,14,1273000,34824,14,14,0
1882,0.621,0.294,0.011,0.927,1.072,16750,6362,10388,36,14,14,1273000,34824,14,14,0
1883,0.628,0.279,0.012,0.918,1.069,16750,6362,10388,36,14,14,1273000,34824,14,14,0
1884,0.597,0.252,0.009,0.858,1.049,16750,6362,10388,36,14,14,1273000,34824,14,14,0
1885,0.629,1.976,0.011,2.616,0.978,16750,6362,10388,36,14,14,1273000,34824,14,14,0
1886,0.654,15.247,0.010,15.912,2.773,16750,6362,10388,36,14,14,1273000,34824,14,14,0
1887,0.621,7.520,0.015,8.157,16.054,16750,6362,10388,36,14,14,1273000,34824,14,14,0
1888,0.696,0.367,0.014,1.077,8.321,16750,6362,10388,36,14,14,1273000,34824,14,14,0
1889,0.693,0.358,0.009,1.059,1.228,16750,6362,10388,36,14,14,1273000,34824,14,14,0
1890,0.672,0.305,0.011,0.988,1.204,16750,6362,10388,36,14,14,1273000,34824,14,14,0
1891,0.643,0.316,0.010,0.969,1.115,16750,6362,10388,36,14,14,1273000,34824,14,14,0
1892,0.602,0.301,0.012,0.915,1.097,16750,6362,10388,36,14,14,1273000,34824,14,14,0
1893,0.594,3.009,0.011,3.614,1.050,16750,6362,10388,36,14,14,1273000,34824,14,14,0
1894,0.602,14.598,0.017,15.217,3.757,16750,6362,10388,36,14,14,1273000,34824,14,14,0
1895,0.670,7.235,0.021,7.926,15.379,16750,6362,10388,36,14,14,1273000,34824,14,14,0
1896,0.654,0.374,0.013,1.042,8.079,16750,6362,10388,36,14,14,1273000,34824,14,14,0
1897,0.710,0.328,0.014,1.051,1.195,16750,6362,10388,36,14,14,1273000,34824,14,14,0
1898,0.674,0.346,0.012,1.032,1.204,16750,6362,10388,36,14,14,1273000,34824,14,14,0
1899,0.701,0.312,0.012,1.026,1.192,16750,6362,10388,36,14,14,1273000,34824,14,14,0
1900,0.683,0.344,0.018,1.045,1.166,16750,6362,10388,36,14,14,1273000,34824,14,14,0
1901,0.678,3.646,0.013,4.338,1.197,16750,6362,10388,36,14,14,1273000,34824,14,14,0
1902,0.725,14.283,0.012,15.019,4.494,16750,6362,10388,36,14,14,1273000,34824,14,14,0
1903,0.694,6.983,0.009,7.686,15.178,16750,6362,10388,36,14,14,1273000,34824,14,14,0
1904,0.685,0.540,0.013,1.238,7.841,16750,6362,10388,36,14,14,1273000,34824,14,14,0
1905,0.670,0.326,0.010,1.006,1.391,16750,6362,10388,36,14,14,1273000,34824,14,14,0
1906,0.685,0.321,0.012,1.018,1.150,16750,6362,10388,36,14,14,1273000,34824,14,14,0
1907,0.685,0.376,0.013,1.073,1.164,16750,6362,10388,36,14,14,1273000,34824,14,14,0
1908,0.732,0.385,0.014,1.131,1.244,16750,6362,10388,36,14,14,1273000,34824,14,14,0
1909,0.701,3.324,0.012,4.037,1.287,16750,6362,10388,36,14,14,1273000,34824,14,14,0
1910,0.697,13.910,0.010,14.616,4.206,16750,6362,10388,36,14,14,1273000,34824,14,14,0
1911,0.760,7.090,0.011,7.861,14.791,16750,6362,10388,36,14,14,1273000,34824,14,14,0
1912,0.766,0.292,0.014,1.072,8.042,16750,6362,10388,36,14,14,1273000,34824,14,14,0
1913,0.761,0.290,0.011,1.062,1.245,16750,6362,10388,36,14,14,1273000,34824,14,14,0
1914,0.778,0.333,0.012,1.123,1.231,16750,6362,10388,36,14,14,1273000,34824,14,14,0
1915,0.765,0.318,0.010,1.093,1.295,16750,6362,10388,36,14,14,1273000,34824,14,14,0
1916,0.786,0.301,0.018,1.106,1.261,16750,6362,10388,36,14,14,1273000,34824,14,14,0
1917,0.639,3.247,0.015,3.901,1.252,16750,6362,10388,36,14,14,1273000,34824,14,14,0
1918,0.654,14.098,0.012,14.763,4.063,16750,6362,10388,36,14,14,1273000,34824,14,14,0
1919,0.758,7.146,0.012,7.916,14.932,16750,6362,10388,36,14,14,1273000,34824,14,14,0
1920,0.783,0.315,0.009,1.107,8.112,16750,6362,10388,36,14,14,1273000,34824,14,14,0
1921,0.750,0.339,0.013,1.101,1.286,16750,6362,10388,36,14,14,1273000,34824,14,14,0
1922,0.772,0.328,0.013,1.113,1.284,16750,6362,10388,36,14,14,1273000,34824,14,14,0
1923,0.770,0.324,0.018,1.112,1.293,16750,6362,10388,36,14,14,1273000,34824,14,14,0
1924,0.812,0.321,0.015,1.148,1.292,16750,6362,10388,36,14,14,1273000,34824,14,14,0
1925,0.776,0.908,0.010,1.694,1.314,16750,6362,10388,36,14,14,1273000,34824,14,14,0
1926,0.673,2.788,0.010,3.471,1.845,16750,6362,10388,36,14,14,1273000,34824,14,14,0
1927,0.658,12.364,0.019,13.041,3.622,16750,6362,10388,36,14,14,1273000,34824,14,14,0
1928,0.769,7.188,0.011,7.968,13.220,16750,6362,10388,36,14,14,1273000,34824,14,14,0
1929,0.769,0.297,0.012,1.079,8.150,16750,6362,10388,36,14,14,1273000,34824,14,14,0
1930,0.762,0.354,0.012,1.128,1.249,16750,6362,10388,36,14,14,1273000,34824,14,14,0
1931,0.753,0.347,0.014,1.114,1.300,16750,6362,10388,36,14,14,1273000,34824,14,14,0
1932,0.784,0.307,0.011,1.102,1.277,16750,6362,10388,36,14,14,1273000,34824,14,14,0
1933,0.771,0.316,0.018,1.105,1.264,16750,6362,10388,36,14,14,1273000,34824,14,14,0
1934,0.737,0.971,0.010,1.718,1.270,16750,6362,10388,36,14,14,1273000,34824,14,14,0
1935,0.640,2.865,0.014,3.519,1.866,16750,6362,10388,36,14,14,1273000,34824,14,14,0
1936,0.655,12.657,0.019,13.331,3.666,16750,6362,10388,36,14,14,1273000,34824,14,14,0
1937,0.789,6.983,0.012,7.784,13.507,16750,6362,10388,36,14,14,1273000,34824,14,14,0
1938,0.796,0.311,0.012,1.119,7.964,16750,6362,10388,36,14,14,1273000,34824,14,14,0
1939,0.776,0.299,0.015,1.089,1.296,16750,6362,10388,36,14,14,1273000,34824,14,14,0
1940,0.761,0.327,0.014,1.102,1.265,16750,6362,10388,36,14,14,1273000,34824,14,14,0
1941,0.788,0.335,0.010,1.133,1.277,16750,6362,10388,36,14,14,1273000,34824,14,14,0
1942,0.809,0.328,0.011,1.149,1.300,16750,6362,10388,36,14,14,1273000,34824,14,14,0
1943,0.795,0.823,0.016,1.634,1.319,16750,6362,10388,36,14,14,1273000,34824,14,14,0
1944,0.766,2.672,0.013,3.451,1.799,16750,6362,10388,36,14,14,1273000,34824,14,14,0
1945,0.760,12.486,0.011,13.257,3.632,16750,6362,10388,36,14,14,1273000,34824,14,14,0
1946,0.776,7.041,0.014,7.832,13.443,16750,6362,10388,36,14,14,1273000,34824,14,14,0
1947,0.781,0.410,0.014,1.205,8.008,16750,6362,10388,36,14,14,1273000,34824,14,14,0
1948,0.792,0.329,0.012,1.133,1.378,16750,6362,10388,36,14,14,1273000,34824,14,14,0
1949,0.775,0.311,0.017,1.102,1.302,16750,6362,10388,36,14,14,1273000,34824,14,14,0
1950,0.769,0.361,0.013,1.143,1.270,16750,6362,10388,36,14,14,1273000,34824,14,14,0
1951,0.784,0.360,0.013,1.157,1.314,16750,6362,10388,36,14,14,1273000,34824,14,14,0
1952,0.806,0.745,0.017,1.568,1.335,16750,6362,10388,36,14,14,1273000,34824,14,14,0
1953,0.747,2.801,0.013,3.561,1.735,16750,6362,10388,36,14,14,1273000,34824,14,14,0
1954,0.782,12.159,0.015,12.955,3.767,16750,6362,10388,36,14,14,1273000,34824,14,14,0
1955,0.777,7.160,0.010,7.947,13.136,16750,6362,10388,36,14,14,1273000,34824,14,14,0
1956,0.788,0.346,0.013,1.147,8.127,16750,6362,10388,36,14,14,1273000,34824,14,14,0
1957,0.780,0.315,0.016,1.112,1.330,16750,6362,10388,36,14,14,1273000,34824,14,14,0
1958,0.762,0.294,0.014,1.071,1.280,16750,6362,10388,36,14,14,1273000,34824,14,14,0
1959,0.761,0.343,0.011,1.114,1.241,16750,6362,10388,36,14,14,1273000,34824,14,14,0
1960,0.783,0.362,0.012,1.157,1.299,16750,6362,10388,36,14,14,1273000,34824,14,14,0
1961,0.804,0.780,0.009,1.594,1.324,16750,6362,10388,36,14,14,1273000,34824,14,14,0
1962,0.747,3.029,0.023,3.798,1.759,16750,6362,10388,36,14,14,1273000,34824,14,14,0
1963,0.792,12.092,0.017,12.900,3.979,16750,6362,10388,36,14,14,1273000,34824,14,14,0
1964,0.755,7.241,0.013,8.009,13.094,16750,6362,10388,36,14,14,1273000,34824,14,14,0
1965,0.763,0.371,0.013,1.147,8.189,16750,6362,10388,36,14,14,1273000,34824,14,14,0
1966,0.778,0.390,0.014,1.182,1.320,16750,6362,10388,36,14,14,1273000,34824,14,14,0
1967,0.778,0.357,0.017,1.152,1.361,16750,6362,10388,36,14,14,1273000,34824,14,14,0
1968,0.832,0.296,0.013,1.141,1.318,16750,6362,10388,36,14,14,1273000,34824,14,14,0
1969,0.737,10.497,0.016,11.250,1.309,16750,6362,10388,36,14,14,1273000,34824,14,14,0
1970,0.784,7.648,0.015,8.448,11.434,16750,6362,10388,36,14,14,1273000,34824,14,14,0
1971,0.762,7.003,0.011,7.776,8.631,16750,6362,10388,36,14,14,1273000,34824,14,14,0
1972,0.774,0.307,0.018,1.099,7.973,16750,6362,10388,36,14,14,1273000,34824,14,14,0
1973,0.770,0.304,0.012,1.086,1.284,16750,6362,10388,36,14,14,1273000,34824,14,14,0
1974,0.752,0.327,0.011,1.091,1.253,16750,6362,10388,36,14,14,1273000,34824,14,14,0
1975,0.776,0.339,0.019,1.134,1.266,16750,6362,10388,36,14,14,1273000,34824,14,14,0
1976,0.806,0.398,0.014,1.218,1.322,16750,6362,10388,36,14,14,1273000,34824,14,14,0
1977,0.849,0.475,0.020,1.343,1.407,16750,6362,10388,36,14,14,1273000,34824,14,14,0
1978,0.757,2.854,0.011,3.622,1.512,16750,6362,10388,36,14,14,1273000,34824,14,14,0
1979,0.761,12.239,0.012,13.013,3.799,16750,6362,10388,36,14,14,1273000,34824,14,14,0
1980,0.776,7.120,33.567,41.463,13.195,16750,6362,10388,36,14,14,1273000,34824,14,14,0
1981,0.575,0.302,0.016,0.893,41.588,16750,6362,10388,36,14,14,1273000,34824,14,14,0
1982,0.553,1.606,0.011,2.170,1.027,16750,6362,10388,36,14,14,1273000,34824,14,14,0
1983,0.563,4.524,0.010,5.097,2.305,16750,6362,10388,36,14,14,1273000,34824,14,14,0
1984,0.523,3.670,0.019,4.212,5.221,16750,6362,10388,36,14,14,1273000,34824,14,14,0
1985,0.587,3.709,0.009,4.305,4.357,16750,6362,10388,36,14,14,1273000,34824,14,14,0
1986,0.551,6.938,0.010,7.500,4.436,16750,6362,10388,36,14,14,1273000,34824,14,14,0
1987,0.595,0.626,0.010,1.230,7.631,16750,6362,10388,36,14,14,1273000,34824,14,14,0
1988,0.601,0.279,0.009,0.890,1.364,16750,6362,10388,36,14,14,1273000,34824,14,14,0
1989,0.556,0.244,0.012,0.812,1.014,16750,6362,10388,36,14,14,1273000,34824,14,14,0
1990,0.558,0.311,0.007,0.876,0.928,16750,6362,10388,36,14,14,1273000,34824,14,14,0
1991,0.556,0.233,0.006,0.795,0.998,16750,6362,10388,36,14,14,1273000,34824,14,14,0
1992,0.590,0.310,0.010,0.909,0.915,16750,6362,10388,36,14,14,1273000,34824,14,14,0
1993,0.591,0.273,0.009,0.873,1.033,16750,6362,10388,36,14,14,1273000,34824,14,14,0
1994,0.614,1.151,0.009,1.775,0.994,16750,6362,10388,36,14,14,1273000,34824,14,14,0
1995,0.559,0.290,0.010,0.860,1.909,16750,6362,10388,36,14,14,1273000,34824,14,14,0
1996,0.554,0.256,0.007,0.817,0.978,16750,6362,10388,36,14,14,1273000,34824,14,14,0
1997,0.531,0.268,0.008,0.806,0.935,16750,6362,10388,36,14,14,1273000,34824,14,14,0
1998,0.553,0.424,0.011,0.988,0.926,16750,6362,10388,36,14,14,1273000,34824,14,14,0
1999,0.587,0.293,0.032,0.913,1.107,16750,6362,10388,36,14,14,1273000,34824,14,14,0
2000,0.554,1.598,0.007,2.160,1.016,16750,6362,10388,36,14,14,1273000,34824,14,14,0
2001,0.522,3.265,0.008,3.795,2.286,16750,6362,10388,36,14,14,1273000,34824,14,14,0
2002,0.534,12.670,0.009,13.212,3.919,16750,6362,10388,36,14,14,1273000,34824,14,14,0
2003,0.583,7.248,0.010,7.842,13.345,16750,6362,10388,36,14,14,1273000,34824,14,14,0
2004,0.581,0.541,0.011,1.133,7.980,16750,6362,10388,36,14,14,1273000,34824,14,14,0
2005,0.603,0.276,0.010,0.889,1.266,16750,6362,10388,36,14,14,1273000,34824,14,14,0
2006,0.600,0.236,0.009,0.846,1.011,16750,6362,10388,36,14,14,1273000,34824,14,14,0
2007,0.561,0.253,0.016,0.830,0.971,16750,6362,10388,36,14,14,1273000,34824,14,14,0
2008,0.569,0.250,0.013,0.832,0.955,16750,6362,10388,36,14,14,1273000,34824,14,14,0
2009,0.579,10.934,0.010,11.523,0.960,16750,6362,10388,36,14,14,1273000,34824,14,14,0
2010,0.602,8.129,0.010,8.741,11.661,16750,6362,10388,36,14,14,1273000,34824,14,14,0
2011,0.645,7.064,0.015,7.724,8.886,16750,6362,10388,36,14,14,1273000,34824,14,14,0
2012,0.619,0.806,0.009,1.434,7.866,16750,6362,10388,36,14,14,1273000,34824,14,14,0
2013,0.642,0.288,0.012,0.941,1.576,16750,6362,10388,36,14,14,1273000,34824,14,14,0
2014,0.593,0.323,0.027,0.943,1.075,16750,6362,10388,36,14,14,1273000,34824,14,14,0
2015,0.607,0.281,0.007,0.895,1.074,16750,6362,10388,36,14,14,1273000,34824,14,14,0
2016,0.618,0.242,0.010,0.871,1.033,16750,6362,10388,36,14,14,1273000,34824,14,14,0
2017,0.594,4.001,0.008,4.603,1.000,16750,6362,10388,36,14,14,1273000,34824,14,14,0
2018,0.603,13.771,0.010,14.384,4.743,16750,6362,10388,36,14,14,1273000,34824,14,14,0
2019,0.676,7.290,0.009,7.976,14.536,16750,6362,10388,36,14,14,1273000,34824,14,14,0
2020,0.667,0.428,0.016,1.111,8.137,16750,6362,10388,36,14,14,1273000,34824,14,14,0
2021,0.969,0.275,0.011,1.256,1.266,16750,6362,10388,36,14,14,1273000,34824,14,14,0
2022,0.664,0.281,0.018,0.964,1.423,16750,6362,10388,36,14,14,1273000,34824,14,14,0
2023,0.698,0.357,0.012,1.067,1.110,16750,6362,10388,36,14,14,1273000,34824,14,14,0
2024,0.590,11.031,0.010,11.630,1.203,16750,6362,10388,36,14,14,1273000,34824,14,14,0
2025,0.707,8.018,0.013,8.738,11.793,16750,6362,10388,36,14,14,1273000,34824,14,14,0
2026,0.710,7.019,0.010,7.739,8.900,16750,6362,10388,36,14,14,1273000,34824,14,14,0
2027,0.692,0.729,0.013,1.435,7.906,16750,6362,10388,36,14,14,1273000,34824,14,14,0
2028,0.691,0.308,0.010,1.009,1.591,16750,6362,10388,36,14,14,1273000,34824,14,14,0
2029,0.683,0.305,0.008,0.996,1.159,16750,6362,10388,36,14,14,1273000,34824,14,14,0
2030,0.705,0.277,0.007,0.989,1.138,16750,6362,10388,36,14,14,1273000,34824,14,14,0
2031,0.675,0.275,0.012,0.961,1.137,16750,6362,10388,36,14,14,1273000,34824,14,14,0
2032,0.662,3.229,0.008,3.898,1.114,16750,6362,10388,36,14,14,1273000,34824,14,14,0
2033,0.668,13.898,0.018,14.585,4.059,16750,6362,10388,36,14,14,1273000,34824,14,14,0
2034,0.699,7.344,0.010,8.054,14.751,16750,6362,10388,36,14,14,1273000,34824,14,14,0
2035,0.766,0.392,0.013,1.171,8.241,16750,6362,10388,36,14,14,1273000,34824,14,14,0
2036,0.688,0.317,0.013,1.017,1.325,16750,6362,10388,36,14,14,1273000,34824,14,14,0
2037,0.689,0.295,0.012,0.995,1.166,16750,6362,10388,36,14,14,1273000,34824,14,14,0
2038,0.675,0.343,0.008,1.026,1.143,16750,6362,10388,36,14,14,1273000,34824,14,14,0
2039,0.656,0.262,0.018,0.936,1.174,16750,6362,10388,36,14,14,1273000,34824,14,14,0
2040,20.704,0.758,0.020,21.483,5.242,16644,6286,10358,36,14,14,1264944,33984,14,14,0
2041,1.373,0.253,0.011,1.636,21.594,16644,6286,10358,36,14,14,1264944,33984,14,14,0
2042,3.607,0.542,0.013,4.161,1.747,16644,6286,10358,36,14,14,1264944,33984,14,14,0
2043,0.432,0.665,0.013,1.110,4.274,16644,6286,10358,36,14,14,1264944,33984,14,14,0
2044,0.420,8.336,0.010,8.767,1.202,16644,6286,10358,36,14,14,1264944,33984,14,14,0
2045,0.451,7.064,0.008,7.523,8.876,16644,6286,10358,36,14,14,1264944,33984,14,14,0
2046,0.446,7.786,0.008,8.241,7.625,16644,6286,10358,36,14,14,1264944,33984,14,14,0
2047,0.462,0.633,0.011,1.106,8.345,16644,6286,10358,36,14,14,1264944,33984,14,14,0
2048,0.467,0.233,0.008,0.708,1.202,16644,6286,10358,36,14,14,1264944,33984,14,14,0
2049,0.456,1.328,0.009,1.792,0.792,16644,6286,10358,36,14,14,1264944,33984,14,14,0
2050,0.454,4.031,0.008,4.493,1.898,16644,6286,10358,36,14,14,1264944,33984,14,14,0
2051,0.444,2.977,0.007,3.428,4.600,16644,6286,10358,36,14,14,1264944,33984,14,14,0
2052,0.492,12.855,0.009,13.355,3.539,16644,6286,10358,36,14,14,1264944,33984,14,14,0
2053,0.495,7.550,0.011,8.055,13.469,16644,6286,10358,36,14,14,1264944,33984,14,14,0
2054,0.564,0.605,0.014,1.183,8.176,16644,6286,10358,36,14,14,1264944,33984,14,14,0
2055,0.536,0.269,0.009,0.815,1.288,16644,6286,10358,36,14,14,1264944,33984,14,14,0
2056,0.535,0.537,0.015,1.087,0.914,16644,6286,10358,36,14,14,1264944,33984,14,14,0
2057,0.511,3.810,0.013,4.334,1.190,16644,6286,10358,36,14,14,1264944,33984,14,14,0
2058,0.543,16.763,0.010,17.316,4.455,16644,6286,10358,36,14,14,1264944,33984,14,14,0
2059,0.567,7.314,0.011,7.892,17.452,16644,6286,10358,36,14,14,1264944,33984,14,14,0
2060,0.602,0.614,0.011,1.227,8.019,16644,6286,10358,36,14,14,1264944,33984,14,14,0
2061,0.608,0.306,0.010,0.924,1.347,16644,6286,10358,36,14,14,1264944,33984,14,14,0
2062,0.593,0.248,0.010,0.850,1.048,16644,6286,10358,36,14,14,1264944,33984,14,14,0
2063,0.587,1.215,0.011,1.813,0.966,16644,6286,10358,36,14,14,1264944,33984,14,14,0
2064,0.569,11.074,0.010,11.653,1.933,16644,6286,10358,36,14,14,1264944,33984,14,14,0
2065,0.587,7.438,0.016,8.042,11.792,16644,6286,10358,36,14,14,1264944,33984,14,14,0
2066,0.598,7.322,0.009,7.928,8.167,16644,6286,10358,36,14,14,1264944,33984,14,14,0
2067,0.633,0.439,0.012,1.084,8.064,16644,6286,10358,36,14,14,1264944,33984,14,14,0
2068,0.630,0.306,0.011,0.948,1.218,16644,6286,10358,36,14,14,1264944,33984,14,14,0
2069,0.605,0.284,0.014,0.902,1.069,16644,6286,10358,36,14,14,1264944,33984,14,14,0
2070,0.631,4.397,0.011,5.040,1.026,16644,6286,10358,36,14,14,1264944,33984,14,14,0
2071,0.633,3.101,0.010,3.744,5.182,16644,6286,10358,36,14,14,1264944,33984,14,14,0
2072,0.656,12.210,0.014,12.881,3.896,16644,6286,10358,36,14,14,1264944,33984,14,14,0
2073,0.637,7.196,0.028,7.861,13.022,16644,6286,10358,36,14,14,1264944,33984,14,14,0
2074,0.724,0.618,0.020,1.362,8.033,16644,6286,10358,36,14,14,1264944,33984,14,14,0
2075,0.710,0.333,0.016,1.059,1.513,16644,6286,10358,36,14,14,1264944,33984,14,14,0
2076,0.693,0.258,0.013,0.964,1.210,16644,6286,10358,36,14,14,1264944,33984,14,14,0
2077,0.668,1.061,0.012,1.741,1.093,16644,6286,10358,36,14,14,1264944,33984,14,14,0
2078,0.636,4.574,0.009,5.218,1.868,16644,6286,10358,36,14,14,1264944,33984,14,14,0
2079,0.638,13.700,0.010,14.348,5.363,16644,6286,10358,36,14,14,1264944,33984,14,14,0
2080,0.681,7.553,0.013,8.247,14.510,16644,6286,10358,36,14,14,1264944,33984,14,14,0
2081,0.702,7.228,0.012,7.943,8.399,16644,6286,10358,36,14,14,1264944,33984,14,14,0
2082,0.696,7.092,0.021,7.809,8.100,16644,6286,10358,36,14,14,1264944,33984,14,14,0
2083,0.725,7.561,0.018,8.304,7.973,16644,6286,10358,36,14,14,1264944,33984,14,14,0
2084,0.811,7.002,0.015,7.828,8.492,16644,6286,10358,36,14,14,1264944,33984,14,14,0
2085,0.809,0.321,0.013,1.143,8.005,16644,6286,10358,36,14,14,1264944,33984,14,14,0
2086,0.837,0.366,0.015,1.218,1.302,16644,6286,10358,36,14,14,1264944,33984,14,14,0
2087,0.793,0.680,0.016,1.488,1.398,16644,6286,10358,36,14,14,1264944,33984,14,14,0
2088,0.838,3.180,0.013,4.031,1.669,16644,6286,10358,36,14,14,1264944,33984,14,14,0
2089,0.798,3.062,0.013,3.874,4.213,16644,6286,10358,36,14,14,1264944,33984,14,14,0
2090,0.844,12.113,0.014,12.970,4.042,16644,6286,10358,36,14,14,1264944,33984,14,14,0
2091,0.820,7.047,0.011,7.878,13.160,16644,6286,10358,36,14,14,1264944,33984,14,14,0
2092,0.911,0.710,0.017,1.638,8.103,16644,6286,10358,36,14,14,1264944,33984,14,14,0
2093,0.960,0.631,0.023,1.614,1.962,16644,6286,10358,36,14,14,1264944,33984,14,14,0
2094,0.874,0.360,0.014,1.248,1.819,16644,6286,10358,36,14,14,1264944,33984,14,14,0
2095,0.796,0.418,0.017,1.231,1.428,16644,6286,10358,36,14,14,1264944,33984,14,14,0
2096,0.826,2.937,0.010,3.774,1.412,16644,6286,10358,36,14,14,1264944,33984,14,14,0
2097,0.821,13.483,0.013,14.316,3.944,16644,6286,10358,36,14,14,1264944,33984,14,14,0
2098,0.872,6.891,0.021,7.784,14.500,16644,6286,10358,36,14,14,1264944,33984,14,14,0
2099,0.944,0.376,0.022,1.341,7.993,16644,6286,10358,36,14,14,1264944,33984,14,14,0
2100,0.923,0.692,0.019,1.634,1.539,16644,6286,10358,36,14,14,1264944,33984,14,14,0
2101,0.953,0.438,0.030,1.421,1.827,16644,6286,10358,36,14,14,1264944,33984,14,14,0
2102,0.955,2.286,0.012,3.253,1.611,16644,6286,10358,36,14,14,1264944,33984,14,14,0
2103,0.783,3.323,0.016,4.121,3.445,16644,6286,10358,36,14,14,1264944,33984,14,14,0
2104,0.961,11.820,0.025,12.805,4.333,16644,6286,10358,36,14,14,1264944,33984,14,14,0
2105,0.917,6.552,0.012,7.481,13.009,16644,6286,10358,36,14,14,1264944,33984,14,14,0
2106,0.931,0.391,0.017,1.339,7.701,16644,6286,10358,36,14,14,1264944,33984,14,14,0
2107,0.937,0.441,0.029,1.407,1.532,16644,6286,10358,36,14,14,1264944,33984,14,14,0
2108,0.932,0.478,0.023,1.432,1.597,16644,6286,10358,36,14,14,1264944,33984,14,14,0
2109,0.981,1.140,0.017,2.138,1.645,16644,6286,10358,36,14,14,1264944,33984,14,14,0
2110,0.966,0.388,0.016,1.370,2.336,16644,6286,10358,36,14,14,1264944,33984,14,14,0
2111,0.859,4.053,0.044,4.957,1.567,16644,6286,10358,36,14,14,1264944,33984,14,14,0
2112,1.050,10.521,0.029,11.600,5.225,16644,6286,10358,36,14,14,1264944,33984,14,14,0
2113,1.006,6.477,0.017,7.500,11.852,16644,6286,10358,36,14,14,1264944,33984,14,14,0
2114,0.997,0.409,0.019,1.425,7.720,16644,6286,10358,36,14,14,1264944,33984,14,14,0
2115,0.968,0.486,0.016,1.470,1.619,16644,6286,10358,36,14,14,1264944,33984,14,14,0
2116,0.947,0.531,0.018,1.497,1.669,16644,6286,10358,36,14,14,1264944,33984,14,14,0
2117,0.848,0.413,0.013,1.274,1.681,16644,6286,10358,36,14,14,1264944,33984,14,14,0
2118,0.819,2.899,0.014,3.732,1.450,16644,6286,10358,36,14,14,1264944,33984,14,14,0
2119,0.832,13.983,0.012,14.827,3.916,16644,6286,10358,36,14,14,1264944,33984,14,14,0
2120,0.986,6.720,0.014,7.720,15.042,16644,6286,10358,36,14,14,1264944,33984,14,14,0
2121,0.933,0.357,0.025,1.314,7.937,16644,6286,10358,36,14,14,1264944,33984,14,14,0
2122,0.921,0.743,0.016,1.680,1.508,16644,6286,10358,36,14,14,1264944,33984,14,14,0
2123,0.946,0.522,0.012,1.480,1.876,16644,6286,10358,36,14,14,1264944,33984,14,14,0
2124,1.002,1.827,0.013,2.842,1.674,16644,6286,10358,36,14,14,1264944,33984,14,14,0
2125,0.926,3.763,0.017,4.706,3.046,16644,6286,10358,36,14,14,1264944,33984,14,14,0
2126,0.922,11.233,0.014,12.169,4.921,16644,6286,10358,36,14,14,1264944,33984,14,14,0
2127,0.994,6.644,0.017,7.655,12.394,16644,6286,10358,36,14,14,1264944,33984,14,14,0
2128,0.990,0.431,0.021,1.443,7.868,16644,6286,10358,36,14,14,1264944,33984,14,14,0
2129,0.946,0.460,0.014,1.420,1.644,16644,6286,10358,36,14,14,1264944,33984,14,14,0
2130,0.977,1.916,0.018,2.911,1.614,16644,6286,10358,36,14,14,1264944,33984,14,14,0
2131,0.943,0.615,0.015,1.574,3.121,16644,6286,10358,36,14,14,1264944,33984,14,14,0
2132,0.848,4.577,0.020,5.445,1.758,16644,6286,10358,36,14,14,1264944,33984,14,14,0
2133,0.904,10.407,0.013,11.324,5.637,16644,6286,10358,36,14,14,1264944,33984,14,14,0
2134,0.959,6.954,0.031,7.944,11.550,16644,6286,10358,36,14,14,1264944,33984,14,14,0
2135,0.940,0.375,0.017,1.333,8.164,16644,6286,10358,36,14,14,1264944,33984,14,14,0
2136,0.923,0.633,0.019,1.575,1.531,16644,6286,10358,36,14,14,1264944,33984,14,14,0
2137,0.999,2.039,0.019,3.058,1.796,16644,6286,10358,36,14,14,1264944,33984,14,14,0
2138,0.816,0.352,0.015,1.183,3.235,16644,6286,10358,36,14,14,1264944,33984,14,14,0
2139,0.846,3.163,0.010,4.019,1.342,16644,6286,10358,36,14,14,1264944,33984,14,14,0
2140,0.818,12.129,0.015,12.962,4.205,16644,6286,10358,36,14,14,1264944,33984,14,14,0
2141,1.004,6.707,0.014,7.725,13.197,16644,6286,10358,36,14,14,1264944,33984,14,14,0
2142,0.939,0.361,0.024,1.324,7.936,16644,6286,10358,36,14,14,1264944,33984,14,14,0
2143,0.959,0.403,0.014,1.376,1.513,16644,6286,10358,36,14,14,1264944,33984,14,14,0
2144,0.921,0.655,0.018,1.594,1.580,16644,6286,10358,36,14,14,1264944,33984,14,14,0
2145,0.928,2.019,0.013,2.960,1.808,16644,6286,10358,36,14,14,1264944,33984,14,14,0
2146,0.821,3.648,0.017,4.486,3.132,16644,6286,10358,36,14,14,1264944,33984,14,14,0
2147,0.868,11.448,0.011,12.327,4.693,16644,6286,10358,36,14,14,1264944,33984,14,14,0
2148,0.919,6.766,0.014,7.699,12.572,16644,6286,10358,36,14,14,1264944,33984,14,14,0
2149,0.919,0.339,0.020,1.278,7.909,16644,6286,10358,36,14,14,1264944,33984,14,14,0
2150,0.909,0.429,0.015,1.353,1.473,16644,6286,10358,36,14,14,1264944,33984,14,14,0
2151,0.913,0.395,0.043,1.351,1.545,16644,6286,10358,36,14,14,1264944,33984,14,14,0
2152,1.025,2.392,0.014,3.431,1.551,16644,6286,10358,36,14,14,1264944,33984,14,14,0
2153,0.939,3.393,0.016,4.348,3.635,16644,6286,10358,36,14,14,1264944,33984,14,14,0
2154,0.971,11.602,0.014,12.587,4.569,16644,6286,10358,36,14,14,1264944,33984,14,14,0
2155,0.951,6.805,0.015,7.770,12.798,16644,6286,10358,36,14,14,1264944,33984,14,14,0
2156,0.920,0.371,0.013,1.304,7.990,16644,6286,10358,36,14,14,1264944,33984,14,14,0
2157,0.903,0.696,0.016,1.615,1.513,16644,6286,10358,36,14,14,1264944,33984,14,14,0
2158,0.959,0.478,0.022,1.459,1.800,16644,6286,10358,36,14,14,1264944,33984,14,14,0
2159,0.992,1.529,0.011,2.532,1.674,16644,6286,10358,36,14,14,1264944,33984,14,14,0
2160,0.920,3.229,120.110,124.260,2.726,16644,6286,10358,36,14,14,1264944,33984,14,14,0
2161,0.706,0.544,0.017,1.267,124.387,16644,6286,10358,36,14,14,1264944,33984,14,14,0
2162,0.538,1.214,0.010,1.762,1.357,16644,6286,10358,36,14,14,1264944,33984,14,14,0
2163,0.467,0.244,0.011,0.722,1.868,16644,6286,10358,36,14,14,1264944,33984,14,14,0
2164,0.538,4.258,0.010,4.807,0.802,16644,6286,10358,36,14,14,1264944,33984,14,14,0
2165,0.472,3.647,0.020,4.138,4.928,16644,6286,10358,36,14,14,1264944,33984,14,14,0
2166,0.501,3.594,0.009,4.104,4.253,16644,6286,10358,36,14,14,1264944,33984,14,14,0
2167,0.483,7.350,0.010,7.842,4.210,16644,6286,10358,36,14,14,1264944,33984,14,14,0
2168,0.490,0.593,0.010,1.093,7.947,16644,6286,10358,36,14,14,1264944,33984,14,14,0
2169,0.481,0.260,0.011,0.752,1.200,16644,6286,10358,36,14,14,1264944,33984,14,14,0
2170,0.464,1.397,0.009,1.870,0.838,16644,6286,10358,36,14,14,1264944,33984,14,14,0
2171,0.493,3.723,0.007,4.224,1.970,16644,6286,10358,36,14,14,1264944,33984,14,14,0
2172,0.492,0.802,0.007,1.301,4.330,16644,6286,10358,36,14,14,1264944,33984,14,14,0
2173,0.502,0.528,0.009,1.040,1.416,16644,6286,10358,36,14,14,1264944,33984,14,14,0
2174,0.471,2.423,0.010,2.904,1.139,16644,6286,10358,36,14,14,1264944,33984,14,14,0
2175,0.510,10.826,0.008,11.345,2.997,16644,6286,10358,36,14,14,1264944,33984,14,14,0
2176,0.514,8.326,0.010,8.850,11.449,16644,6286,10358,36,14,14,1264944,33984,14,14,0
2177,0.556,6.923,0.008,7.487,8.965,16644,6286,10358,36,14,14,1264944,33984,14,14,0
2178,0.543,0.633,0.012,1.188,7.603,16644,6286,10358,36,14,14,1264944,33984,14,14,0
2179,0.537,0.289,0.010,0.836,1.311,16644,6286,10358,36,14,14,1264944,33984,14,14,0
2180,0.526,0.206,0.011,0.743,0.949,16644,6286,10358,36,14,14,1264944,33984,14,14,0
2181,0.515,1.281,0.009,1.805,0.839,16644,6286,10358,36,14,14,1264944,33984,14,14,0
2182,0.540,2.681,0.010,3.231,1.922,16644,6286,10358,36,14,14,1264944,33984,14,14,0
2183,0.522,2.855,0.009,3.386,3.363,16644,6286,10358,36,14,14,1264944,33984,14,14,0
2184,0.536,12.697,0.010,13.243,3.507,16644,6286,10358,36,14,14,1264944,33984,14,14,0
2185,0.554,7.333,0.009,7.896,13.366,16644,6286,10358,36,14,14,1264944,33984,14,14,0
2186,0.600,0.493,0.008,1.102,8.034,16644,6286,10358,36,14,14,1264944,33984,14,14,0
2187,0.621,0.291,0.019,0.930,1.225,16644,6286,10358,36,14,14,1264944,33984,14,14,0
2188,0.608,0.293,0.009,0.910,1.052,16644,6286,10358,36,14,14,1264944,33984,14,14,0
2189,0.586,0.329,0.011,0.925,1.028,16644,6286,10358,36,14,14,1264944,33984,14,14,0
2190,0.589,2.217,0.010,2.816,1.046,16644,6286,10358,36,14,14,1264944,33984,14,14,0
2191,0.570,0.254,0.015,0.838,2.953,16644,6286,10358,36,14,14,1264944,33984,14,14,0
2192,0.564,2.362,0.009,2.935,0.963,16644,6286,10358,36,14,14,1264944,33984,14,14,0
2193,0.572,13.353,0.009,13.933,3.072,16644,6286,10358,36,14,14,1264944,33984,14,14,0
2194,0.577,7.246,0.009,7.832,14.069,16644,6286,10358,36,14,14,1264944,33984,14,14,0
2195,0.635,0.404,0.015,1.053,7.970,16644,6286,10358,36,14,14,1264944,33984,14,14,0
2196,0.651,0.288,0.014,0.953,1.181,16644,6286,10358,36,14,14,1264944,33984,14,14,0
2197,0.651,0.307,0.017,0.975,1.083,16644,6286,10358,36,14,14,1264944,33984,14,14,0
2198,0.618,0.275,0.012,0.905,1.100,16644,6286,10358,36,14,14,1264944,33984,14,14,0
2199,0.591,0.474,0.014,1.078,1.031,16644,6286,10358,36,14,14,1264944,33984,14,14,0
2200,0.614,1.771,0.009,2.394,1.194,16644,6286,10358,36,14,14,1264944,33984,14,14,0
2201,0.557,2.826,0.013,3.396,2.518,16644,6286,10358,36,14,14,1264944,33984,14,14,0
2202,0.571,12.987,0.013,13.570,3.542,16644,6286,10358,36,14,14,1264944,33984,14,14,0
2203,0.627,7.230,0.010,7.868,13.701,16644,6286,10358,36,14,14,1264944,33984,14,14,0
2204,0.637,0.446,0.013,1.097,8.004,16644,6286,10358,36,14,14,1264944,33984,14,14,0
2205,0.676,0.313,0.011,1.000,1.238,16644,6286,10358,36,14,14,1264944,33984,14,14,0
2206,0.630,0.244,0.009,0.883,1.140,16644,6286,10358,36,14,14,1264944,33984,14,14,0
2207,0.604,0.393,0.013,1.010,1.013,16644,6286,10358,36,14,14,1264944,33984,14,14,0
2208,0.668,3.270,0.016,3.954,1.151,16644,6286,10358,36,14,14,1264944,33984,14,14,0
2209,0.615,3.086,0.016,3.717,4.091,16644,6286,10358,36,14,14,1264944,33984,14,14,0
2210,0.657,12.417,0.012,13.085,3.875,16644,6286,10358,36,14,14,1264944,33984,14,14,0
2211,0.648,7.109,0.008,7.765,13.225,16644,6286,10358,36,14,14,1264944,33984,14,14,0
2212,0.696,0.738,0.011,1.445,7.923,16644,6286,10358,36,14,14,1264944,33984,14,14,0
2213,0.717,0.297,0.015,1.029,1.598,16644,6286,10358,36,14,14,1264944,33984,14,14,0
2214,0.718,0.328,0.010,1.055,1.174,16644,6286,10358,36,14,14,1264944,33984,14,14,0
2215,0.712,0.333,0.013,1.058,1.210,16644,6286,10358,36,14,14,1264944,33984,14,14,0
2216,0.678,3.274,0.009,3.961,1.216,16644,6286,10358,36,14,14,1264944,33984,14,14,0
2217,0.723,14.852,0.018,15.593,4.120,16644,6286,10358,36,14,14,1264944,33984,14,14,0
2218,0.718,7.074,0.009,7.801,15.753,16644,6286,10358,36,14,14,1264944,33984,14,14,0
2219,0.695,0.519,0.010,1.224,7.952,16644,6286,10358,36,14,14,1264944,33984,14,14,0
2220,0.699,0.329,0.012,1.040,1.365,16644,6286,10358,36,14,14,1264944,33984,14,14,0
2221,0.747,0.333,0.014,1.094,1.191,16644,6286,10358,36,14,14,1264944,33984,14,14,0
2222,0.710,0.334,0.021,1.065,1.231,16644,6286,10358,36,14,14,1264944,33984,14,14,0
2223,0.677,11.126,0.019,11.822,1.219,16644,6286,10358,36,14,14,1264944,33984,14,14,0
2224,0.697,8.133,0.018,8.848,11.983,16644,6286,10358,36,14,14,1264944,33984,14,14,0
2225,0.833,6.766,0.013,7.611,9.031,16644,6286,10358,36,14,14,1264944,33984,14,14,0
2226,0.786,0.588,0.012,1.386,7.791,16644,6286,10358,36,14,14,1264944,33984,14,14,0
2227,0.808,0.365,0.012,1.186,1.562,16644,6286,10358,36,14,14,1264944,33984,14,14,0
2228,0.793,0.314,0.009,1.116,1.345,16644,6286,10358,36,14,14,1264944,33984,14,14,0
2229,0.792,0.394,0.024,1.210,1.280,16644,6286,10358,36,14,14,1264944,33984,14,14,0
2230,0.780,2.313,0.013,3.106,1.379,16644,6286,10358,36,14,14,1264944,33984,14,14,0
2231,0.780,15.242,0.016,16.038,3.289,16644,6286,10358,36,14,14,1264944,33984,14,14,0
2232,0.777,7.024,0.012,7.814,16.218,16644,6286,10358,36,14,14,1264944,33984,14,14,0
2233,0.783,0.284,0.010,1.078,7.999,16644,6286,10358,36,14,14,1264944,33984,14,14,0
2234,0.774,0.369,0.014,1.157,1.235,16644,6286,10358,36,14,14,1264944,33984,14,14,0
2235,0.775,0.366,0.011,1.151,1.319,16644,6286,10358,36,14,14,1264944,33984,14,14,0
2236,0.797,0.433,0.013,1.244,1.319,16644,6286,10358,36,14,14,1264944,33984,14,14,0
2237,0.793,10.745,0.013,11.551,1.420,16644,6286,10358,36,14,14,1264944,33984,14,14,0
2238,0.811,7.789,0.025,8.625,11.750,16644,6286,10358,36,14,14,1264944,33984,14,14,0
2239,0.948,6.673,0.012,7.633,8.823,16644,6286,10358,36,14,14,1264944,33984,14,14,0
2240,0.915,0.508,0.015,1.437,7.843,16644,6286,10358,36,14,14,1264944,33984,14,14,0
2241,0.851,0.317,0.016,1.184,1.633,16644,6286,10358,36,14,14,1264944,33984,14,14,0
2242,0.798,0.614,0.018,1.430,1.348,16644,6286,10358,36,14,14,1264944,33984,14,14,0
2243,0.824,0.407,0.012,1.243,1.608,16644,6286,10358,36,14,14,1264944,33984,14,14,0
2244,0.801,9.548,0.016,10.364,1.406,16644,6286,10358,36,14,14,1264944,33984,14,14,0
2245,0.812,7.802,0.012,8.627,10.552,16644,6286,10358,36,14,14,1264944,33984,14,14,0
2246,0.846,6.844,0.018,7.708,8.804,16644,6286,10358,36,14,14,1264944,33984,14,14,0
2247,0.904,0.467,0.014,1.385,7.915,16644,6286,10358,36,14,14,1264944,33984,14,14,0
2248,0.921,0.410,0.013,1.344,1.583,16644,6286,10358,36,14,14,1264944,33984,14,14,0
2249,0.877,0.315,0.010,1.201,1.549,16644,6286,10358,36,14,14,1264944,33984,14,14,0
2250,0.790,0.497,0.011,1.298,1.366,16644,6286,10358,36,14,14,1264944,33984,14,14,0
2251,0.802,0.705,0.017,1.524,1.468,16644,6286,10358,36,14,14,1264944,33984,14,14,0
2252,0.790,2.375,0.012,3.177,1.687,16644,6286,10358,36,14,14,1264944,33984,14,14,0
2253,0.808,13.444,0.015,14.268,3.348,16644,6286,10358,36,14,14,1264944,33984,14,14,0
2254,0.958,6.704,0.014,7.676,14.488,16644,6286,10358,36,14,14,1264944,33984,14,14,0
2255,0.929,0.489,0.013,1.431,7.885,16644,6286,10358,36,14,14,1264944,33984,14,14,0
2256,0.910,0.427,0.023,1.360,1.629,16644,6286,10358,36,14,14,1264944,33984,14,14,0
2257,0.943,0.399,0.015,1.357,1.555,16644,6286,10358,36,14,14,1264944,33984,14,14,0
2258,0.810,0.422,0.012,1.244,1.530,16644,6286,10358,36,14,14,1264944,33984,14,14,0
2259,0.873,0.924,0.012,1.809,1.415,16644,6286,10358,36,14,14,1264944,33984,14,14,0
2260,0.788,2.940,0.010,3.738,1.987,16644,6286,10358,36,14,14,1264944,33984,14,14,0
2261,0.827,12.386,0.015,13.228,3.932,16644,6286,10358,36,14,14,1264944,33984,14,14,0
2262,0.815,6.874,0.011,7.701,13.403,16644,6286,10358,36,14,14,1264944,33984,14,14,0
2263,0.922,0.349,0.019,1.290,7.919,16644,6286,10358,36,14,14,1264944,33984,14,14,0
2264,0.921,0.665,0.017,1.603,1.480,16644,6286,10358,36,14,14,1264944,33984,14,14,0
2265,0.983,0.459,0.016,1.458,1.808,16644,6286,10358,36,14,14,1264944,33984,14,14,0
2266,0.895,0.351,0.014,1.259,1.648,16644,6286,10358,36,14,14,1264944,33984,14,14,0
2267,0.823,2.355,0.013,3.191,1.443,16644,6286,10358,36,14,14,1264944,33984,14,14,0
2268,0.783,14.218,0.010,15.012,3.373,16644,6286,10358,36,14,14,1264944,33984,14,14,0
2269,0.910,7.240,0.013,8.163,15.226,16644,6286,10358,36,14,14,1264944,33984,14,14,0
2270,0.934,0.350,0.014,1.297,8.382,16644,6286,10358,36,14,14,1264944,33984,14,14,0
2271,0.929,0.696,0.014,1.638,1.484,16644,6286,10358,36,14,14,1264944,33984,14,14,0
2272,0.926,0.457,0.022,1.406,1.834,16644,6286,10358,36,14,14,1264944,33984,14,14,0
2273,0.924,2.103,0.016,3.044,1.592,16644,6286,10358,36,14,14,1264944,33984,14,14,0
2274,0.949,4.772,0.019,5.740,3.265,16644,6286,10358,36,14,14,1264944,33984,14,14,0
2275,0.916,10.277,0.015,11.208,5.949,16644,6286,10358,36,14,14,1264944,33984,14,14,0
2276,0.917,6.572,0.026,7.515,11.422,16644,6286,10358,36,14,14,1264944,33984,14,14,0
2277,1.117,7.090,0.018,8.225,7.777,16644,6286,10358,36,14,14,1264944,33984,14,14,0
2278,1.114,6.752,0.021,7.887,8.470,16644,6286,10358,36,14,14,1264944,33984,14,14,0
2279,1.107,7.347,0.042,8.495,8.155,16644,6286,10358,36,14,14,1264944,33984,14,14,0
2280,1.142,6.534,0.015,7.691,8.758,16644,6286,10358,36,14,14,1264944,33984,14,14,0
2281,1.145,0.486,0.038,1.668,7.969,16644,6286,10358,36,14,14,1264944,33984,14,14,0
2282,1.131,0.530,0.023,1.684,1.913,16644,6286,10358,36,14,14,1264944,33984,14,14,0
2283,1.008,2.802,0.017,3.827,1.944,16644,6286,10358,36,14,14,1264944,33984,14,14,0
2284,1.005,4.441,0.020,5.467,4.033,16644,6286,10358,36,14,14,1264944,33984,14,14,0
2285,1.164,10.440,0.017,11.622,5.729,16644,6286,10358,36,14,14,1264944,33984,14,14,0
2286,1.160,6.346,0.018,7.525,11.899,16644,6286,10358,36,14,14,1264944,33984,14,14,0
2287,1.117,0.437,0.018,1.572,7.796,16644,6286,10358,36,14,14,1264944,33984,14,14,0
2288,1.143,0.600,0.019,1.762,1.813,16644,6286,10358,36,14,14,1264944,33984,14,14,0
2289,1.245,2.872,0.020,4.137,2.013,16644,6286,10358,36,14,14,1264944,33984,14,14,0
2290,0.993,3.567,0.014,4.574,4.352,16644,6286,10358,36,14,14,1264944,33984,14,14,0
2291,0.941,11.325,0.036,12.302,4.787,16644,6286,10358,36,14,14,1264944,33984,14,14,0
2292,1.158,6.378,0.025,7.561,12.590,16644,6286,10358,36,14,14,1264944,33984,14,14,0
2293,1.171,0.480,0.022,1.674,7.828,16644,6286,10358,36,14,14,1264944,33984,14,14,0
2294,0.970,0.813,0.011,1.794,1.931,16644,6286,10358,36,14,14,1264944,33984,14,14,0
2295,0.982,0.467,0.015,1.463,1.985,16644,6286,10358,36,14,14,1264944,33984,14,14,0
2296,0.969,1.190,0.023,2.181,1.654,16644,6286,10358,36,14,14,1264944,33984,14,14,0
2297,0.914,3.413,0.022,4.349,2.383,16644,6286,10358,36,14,14,1264944,33984,14,14,0
2298,0.925,11.510,0.016,12.451,4.566,16644,6286,10358,36,14,14,1264944,33984,14,14,0
2299,0.946,6.866,0.016,7.828,12.663,16644,6286,10358,36,14,14,1264944,33984,14,14,0
2300,1.095,0.426,0.019,1.540,8.090,16644,6286,10358,36,14,14,1264944,33984,14,14,0
2301,0.920,0.557,0.018,1.495,1.764,16644,6286,10358,36,14,14,1264944,33984,14,14,0
2302,0.994,0.509,0.013,1.516,1.701,16644,6286,10358,36,14,14,1264944,33984,14,14,0
2303,0.984,1.443,0.014,2.441,1.711,16644,6286,10358,36,14,14,1264944,33984,14,14,0
2304,0.898,2.995,0.020,3.914,2.638,16644,6286,10358,36,14,14,1264944,33984,14,14,0
2305,0.979,12.118,0.014,13.110,4.124,16644,6286,10358,36,14,14,1264944,33984,14,14,0
2306,0.964,6.775,0.017,7.756,13.352,16644,6286,10358,36,14,14,1264944,33984,14,14,0
2307,1.124,0.476,0.019,1.619,7.973,16644,6286,10358,36,14,14,1264944,33984,14,14,0
2308,1.027,0.411,0.012,1.451,1.868,16644,6286,10358,36,14,14,1264944,33984,14,14,0
2309,1.000,0.575,0.011,1.586,1.647,16644,6286,10358,36,14,14,1264944,33984,14,14,0
2310,0.958,0.397,0.034,1.390,1.790,16644,6286,10358,36,14,14,1264944,33984,14,14,0
2311,0.964,0.414,0.022,1.400,1.585,16644,6286,10358,36,14,14,1264944,33984,14,14,0
2312,0.811,1.955,0.012,2.778,1.595,16644,6286,10358,36,14,14,1264944,33984,14,14,0
2313,0.840,12.765,0.016,13.621,2.963,16644,6286,10358,36,14,14,1264944,33984,14,14,0
2314,0.980,7.120,0.013,8.114,13.840,16644,6286,10358,36,14,14,1264944,33984,14,14,0
2315,0.907,0.335,0.017,1.259,8.316,16644,6286,10358,36,14,14,1264944,33984,14,14,0
2316,0.954,0.353,0.011,1.318,1.442,16644,6286,10358,36,14,14,1264944,33984,14,14,0
2317,0.948,0.813,0.023,1.784,1.522,16644,6286,10358,36,14,14,1264944,33984,14,14,0
2318,0.961,1.849,0.013,2.823,1.991,16644,6286,10358,36,14,14,1264944,33984,14,14,0
2319,0.929,2.560,0.014,3.502,4.064,16644,6286,10358,36,14,14,1264944,33984,14,14,0
2320,0.905,11.137,0.011,12.054,3.732,16644,6286,10358,36,14,14,1264944,33984,14,14,0
2321,0.909,6.825,0.012,7.746,12.258,16644,6286,10358,36,14,14,1264944,33984,14,14,0
2322,0.932,0.351,0.011,1.294,7.968,16644,6286,10358,36,14,14,1264944,33984,14,14,0
2323,0.910,0.651,0.017,1.578,1.484,16644,6286,10358,36,14,14,1264944,33984,14,14,0
2324,0.930,0.456,0.020,1.406,1.776,16644,6286,10358,36,14,14,1264944,33984,14,14,0
2325,0.965,0.464,0.026,1.456,1.613,16644,6286,10358,36,14,14,1264944,33984,14,14,0
2326,0.948,9.246,0.019,10.213,1.649,16644,6286,10358,36,14,14,1264944,33984,14,14,0
2327,0.961,7.378,0.018,8.356,10.432,16644,6286,10358,36,14,14,1264944,33984,14,14,0
2328,0.951,6.517,0.022,7.490,8.581,16644,6286,10358,36,14,14,1264944,33984,14,14,0
2329,1.106,0.418,0.018,1.541,7.746,16644,6286,10358,36,14,14,1264944,33984,14,14,0
2330,0.922,0.465,0.021,1.407,1.769,16644,6286,10358,36,14,14,1264944,33984,14,14,0
2331,0.988,0.501,0.018,1.507,1.609,16644,6286,10358,36,14,14,1264944,33984,14,14,0
2332,0.999,1.728,0.016,2.743,1.711,16644,6286,10358,36,14,14,1264944,33984,14,14,0
2333,0.919,3.205,0.013,4.138,2.943,16644,6286,10358,36,14,14,1264944,33984,14,14,0
2334,1.206,11.651,0.023,12.880,4.475,16644,6286,10358,36,14,14,1264944,33984,14,14,0
2335,1.065,6.631,0.015,7.710,13.115,16644,6286,10358,36,14,14,1264944,33984,14,14,0
2336,0.950,0.370,0.016,1.336,7.919,16644,6286,10358,36,14,14,1264944,33984,14,14,0
2337,0.927,0.445,0.020,1.393,1.526,16644,6286,10358,36,14,14,1264944,33984,14,14,0
2338,0.960,0.524,0.021,1.504,1.593,16644,6286,10358,36,14,14,1264944,33984,14,14,0
2339,1.035,1.944,0.028,3.008,1.690,16644,6286,10358,36,14,14,1264944,33984,14,14,0
2340,0.963,3.858,0.027,4.848,3.223,16644,6286,10358,36,14,14,1264944,33984,14,14,0
2341,0.964,11.053,0.016,12.033,5.042,16644,6286,10358,36,14,14,1264944,33984,14,14,0
2342,0.998,6.699,0.018,7.715,12.249,16644,6286,10358,36,14,14,1264944,33984,14,14,0
2343,0.953,0.391,0.015,1.359,7.942,16644,6286,10358,36,14,14,1264944,33984,14,14,0
2344,0.909,0.445,0.021,1.374,1.558,16644,6286,10358,36,14,14,1264944,33984,14,14,0
2345,0.963,0.537,0.018,1.518,1.575,16644,6286,10358,36,14,14,1264944,33984,14,14,0
2346,0.984,2.162,0.016,3.162,1.731,16644,6286,10358,36,14,14,1264944,33984,14,14,0
2347,0.944,3.521,0.018,4.482,3.362,16644,6286,10358,36,14,14,1264944,33984,14,14,0
2348,0.930,11.147,0.016,12.094,4.697,16644,6286,10358,36,14,14,1264944,33984,14,14,0
2349,0.926,6.787,0.012,7.726,12.312,16644,6286,10358,36,14,14,1264944,33984,14,14,0
2350,0.924,0.351,0.013,1.288,7.929,16644,6286,10358,36,14,14,1264944,33984,14,14,0
2351,0.918,0.681,0.023,1.623,1.483,16644,6286,10358,36,14,14,1264944,33984,14,14,0
2352,0.957,0.446,0.016,1.419,1.828,16644,6286,10358,36,14,14,1264944,33984,14,14,0
2353,0.976,1.911,0.016,2.904,1.627,16644,6286,10358,36,14,14,1264944,33984,14,14,0
2354,0.944,2.991,0.017,3.952,3.100,16644,6286,10358,36,14,14,1264944,33984,14,14,0
2355,0.953,11.999,0.030,12.982,4.167,16644,6286,10358,36,14,14,1264944,33984,14,14,0
2356,1.096,6.667,0.015,7.777,13.259,16644,6286,10358,36,14,14,1264944,33984,14,14,0
2357,1.114,0.427,0.016,1.557,8.030,16644,6286,10358,36,14,14,1264944,33984,14,14,0
2358,1.121,0.448,0.016,1.586,1.798,16644,6286,10358,36,14,14,1264944,33984,14,14,0
2359,1.084,0.525,0.021,1.630,1.814,16644,6286,10358,36,14,14,1264944,33984,14,14,0
2360,0.909,0.425,0.022,1.356,1.820,16644,6286,10358,36,14,14,1264944,33984,14,14,0
2361,0.913,2.412,0.011,3.337,1.566,16644,6286,10358,36,14,14,1264944,33984,14,14,0
2362,0.922,13.349,0.012,14.283,3.547,16644,6286,10358,36,14,14,1264944,33984,14,14,0
2363,0.935,7.093,0.013,8.041,14.500,16644,6286,10358,36,14,14,1264944,33984,14,14,0
2364,1.100,0.456,0.022,1.578,8.292,16644,6286,10358,36,14,14,1264944,33984,14,14,0
2365,0.919,0.441,0.014,1.375,1.793,16644,6286,10358,36,14,14,1264944,33984,14,14,0
2366,0.965,0.442,0.028,1.435,1.587,16644,6286,10358,36,14,14,1264944,33984,14,14,0
2367,0.992,1.800,0.034,2.826,1.644,16644,6286,10358,36,14,14,1264944,33984,14,14,0
2368,1.006,3.449,0.014,4.469,3.032,16644,6286,10358,36,14,14,1264944,33984,14,14,0
2369,0.941,11.130,0.017,12.087,4.699,16644,6286,10358,36,14,14,1264944,33984,14,14,0
2370,0.923,7.108,0.011,8.042,12.334,16644,6286,10358,36,14,14,1264944,33984,14,14,0
2371,0.939,0.367,0.016,1.322,8.261,16644,6286,10358,36,14,14,1264944,33984,14,14,0
2372,0.929,0.479,0.016,1.424,1.518,16644,6286,10358,36,14,14,1264944,33984,14,14,0
2373,1.003,1.973,0.018,2.995,1.625,16644,6286,10358,36,14,14,1264944,33984,14,14,0
2374,0.978,0.391,0.023,1.392,3.205,16644,6286,10358,36,14,14,1264944,33984,14,14,0
2375,0.924,2.964,0.023,3.912,1.594,16644,6286,10358,36,14,14,1264944,33984,14,14,0
2376,1.158,11.734,0.018,12.911,4.224,16644,6286,10358,36,14,14,1264944,33984,14,14,0
2377,1.168,6.705,0.022,7.895,13.178,16644,6286,10358,36,14,14,1264944,33984,14,14,0
2378,1.132,0.418,0.014,1.564,8.153,16644,6286,10358,36,14,14,1264944,33984,14,14,0
2379,1.145,0.501,0.018,1.664,1.804,16644,6286,10358,36,14,14,1264944,33984,14,14,0
2380,1.132,0.581,0.019,1.732,1.973,16644,6286,10358,36,14,14,1264944,33984,14,14,0
2381,1.009,0.738,0.012,1.760,1.953,16644,6286,10358,36,14,14,1264944,33984,14,14,0
2382,0.972,3.421,0.043,4.436,1.957,16644,6286,10358,36,14,14,1264944,33984,14,14,0
2383,0.965,11.378,0.016,12.359,4.675,16644,6286,10358,36,14,14,1264944,33984,14,14,0
2384,0.707,7.432,0.019,8.159,12.545,16644,6286,10358,36,14,14,1264944,33984,14,14,0
2385,0.722,0.339,0.020,1.081,8.345,16644,6286,10358,36,14,14,1264944,33984,14,14,0
2386,0.652,0.432,0.014,1.098,1.230,16644,6286,10358,36,14,14,1264944,33984,14,14,0
2387,0.720,0.352,0.013,1.084,1.247,16644,6286,10358,36,14,14,1264944,33984,14,14,0
2388,0.685,3.308,0.014,4.007,1.229,16644,6286,10358,36,14,14,1264944,33984,14,14,0
2389,0.656,3.143,0.015,3.814,4.148,16644,6286,10358,36,14,14,1264944,33984,14,14,0
2390,0.676,12.177,0.018,12.870,3.948,16644,6286,10358,36,14,14,1264944,33984,14,14,0
2391,0.652,7.340,0.012,8.004,13.018,16644,6286,10358,36,14,14,1264944,33984,14,14,0
2392,0.683,0.506,0.015,1.204,8.153,16644,6286,10358,36,14,14,1264944,33984,14,14,0
2393,0.645,0.332,0.017,0.994,1.346,16644,6286,10358,36,14,14,1264944,33984,14,14,0
2394,0.637,0.318,0.014,0.969,1.130,16644,6286,10358,36,14,14,1264944,33984,14,14,0
2395,0.676,3.609,0.011,4.295,1.083,16644,6286,10358,36,14,14,1264944,33984,14,14,0
2396,0.640,3.264,0.009,3.913,4.448,16644,6286,10358,36,14,14,1264944,33984,14,14,0
2397,0.680,12.255,0.010,12.945,4.059,16644,6286,10358,36,14,14,1264944,33984,14,14,0
2398,0.676,7.200,0.012,7.889,13.087,16644,6286,10358,36,14,14,1264944,33984,14,14,0
2399,0.706,0.395,0.017,1.118,8.041,16644,6286,10358,36,14,14,1264944,33984,14,14,0
2400,0.723,0.326,0.029,1.078,1.269,16644,6286,10358,36,14,14,1264944,33984,14,14,0
2401,0.712,0.387,0.018,1.117,1.222,16644,6286,10358,36,14,14,1264944,33984,14,14,0
2402,0.666,3.736,0.021,4.423,1.243,16644,6286,10358,36,14,14,1264944,33984,14,14,0
2403,0.630,3.317,0.009,3.956,4.552,16644,6286,10358,36,14,14,1264944,33984,14,14,0
2404,0.660,12.113,0.010,12.783,4.101,16644,6286,10358,36,14,14,1264944,33984,14,14,0
2405,0.732,7.177,0.009,7.919,12.937,16644,6286,10358,36,14,14,1264944,33984,14,14,0
2406,0.726,0.466,0.021,1.212,8.076,16644,6286,10358,36,14,14,1264944,33984,14,14,0
2407,0.742,0.341,0.012,1.095,1.365,16644,6286,10358,36,14,14,1264944,33984,14,14,0
2408,0.729,2.863,0.016,3.608,1.237,16644,6286,10358,36,14,14,1264944,33984,14,14,0
2409,0.745,0.971,0.014,1.730,3.776,16644,6286,10358,36,14,14,1264944,33984,14,14,0
2410,0.680,3.326,0.009,4.016,1.885,16644,6286,10358,36,14,14,1264944,33984,14,14,0
2411,0.741,11.890,0.016,12.647,4.198,16644,6286,10358,36,14,14,1264944,33984,14,14,0
2412,0.802,7.119,0.011,7.933,12.826,16644,6286,10358,36,14,14,1264944,33984,14,14,0
2413,0.794,0.310,0.016,1.121,8.116,16644,6286,10358,36,14,14,1264944,33984,14,14,0
2414,0.813,0.426,0.014,1.253,1.282,16644,6286,10358,36,14,14,1264944,33984,14,14,0
2415,0.858,0.668,0.015,1.541,1.436,16644,6286,10358,36,14,14,1264944,33984,14,14,0
2416,0.827,1.700,0.018,2.545,1.714,16644,6286,10358,36,14,14,1264944,33984,14,14,0
2417,0.790,0.325,0.014,1.128,2.726,16644,6286,10358,36,14,14,1264944,33984,14,14,0
2418,0.748,2.526,0.012,3.286,1.287,16644,6286,10358,36,14,14,1264944,33984,14,14,0
2419,0.717,12.534,0.013,13.264,3.433,16644,6286,10358,36,14,14,1264944,33984,14,14,0
2420,0.798,6.973,0.011,7.783,13.450,16644,6286,10358,36,14,14,1264944,33984,14,14,0
