frame,update_ms,render_ms,swap_ms,frame_ms,loop_ms,total_vertices,visible_vertices,culled_vertices,total_batches,visible_batches,draw_calls,vbo_bytes,index_bytes,texture_binds,material_changes,reflection_passes
1,0.519,17.085,0.014,17.618,17.618,16644,23067,0,36,33,33,1264944,33984,29,31,0
2,0.720,7.012,0.007,7.739,17.771,16644,23067,0,36,33,33,1264944,33984,29,31,0
3,0.475,0.814,0.008,1.296,7.881,16644,23067,0,36,33,33,1264944,33984,29,31,0
4,0.586,0.220,0.007,0.813,1.420,16644,23067,0,36,33,33,1264944,33984,29,31,0
5,0.438,0.429,0.010,0.876,0.946,16644,23067,0,36,33,33,1264944,33984,29,31,0
6,0.449,0.905,0.007,1.361,0.994,16644,23067,0,36,33,33,1264944,33984,29,31,0
7,0.445,0.210,0.014,0.669,1.736,16644,23067,0,36,33,33,1264944,33984,29,31,0
8,0.621,0.567,0.010,1.198,0.853,16644,23067,0,36,33,33,1264944,33984,29,31,0
9,0.455,17.202,0.008,17.664,1.348,16644,23067,0,36,33,33,1264944,33984,29,31,0
10,0.829,7.156,0.009,7.994,17.804,16644,23067,0,36,33,33,1264944,33984,29,31,0
11,0.506,0.620,0.009,1.134,8.133,16644,23067,0,36,33,33,1264944,33984,29,31,0
12,0.503,0.411,0.010,0.924,1.265,16644,23067,0,36,33,33,1264944,33984,29,31,0
13,0.446,0.211,0.007,0.664,1.053,16644,23067,0,36,33,33,1264944,33984,29,31,0
14,0.714,0.358,0.009,1.081,0.785,16644,23067,0,36,33,33,1264944,33984,29,31,0
15,0.501,0.548,0.009,1.059,1.207,16644,23067,0,36,33,33,1264944,33984,29,31,0
16,0.473,2.047,0.011,2.532,1.179,16644,23067,0,36,33,33,1264944,33984,29,31,0
17,0.459,16.823,0.008,17.291,2.663,16644,23067,0,36,33,33,1264944,33984,29,31,0
18,0.787,6.710,0.008,7.506,17.426,16644,23067,0,36,33,33,1264944,33984,29,31,0
19,0.684,0.452,0.012,1.148,7.629,16644,23067,0,36,33,33,1264944,33984,29,31,0
20,0.467,0.258,0.008,0.734,1.264,16644,23067,0,36,33,33,1264944,33984,29,31,0
21,0.438,0.416,0.010,0.864,0.854,16644,23067,0,36,33,33,1264944,33984,29,31,0
22,0.449,0.508,0.048,1.005,0.984,16644,23067,0,36,33,33,1264944,33984,29,31,0
23,0.479,1.494,0.010,1.982,1.121,16644,23067,0,36,33,33,1264944,33984,29,31,0
24,0.468,1.465,0.007,1.941,2.125,16644,23067,0,36,33,33,1264944,33984,29,31,0
25,0.718,1.149,0.007,1.873,2.070,16644,23067,0,36,33,33,1264944,33984,29,31,0
26,0.456,14.107,0.009,14.572,2.004,16644,23067,0,36,33,33,1264944,33984,29,31,0
27,0.774,7.385,0.018,8.177,14.699,16644,23067,0,36,33,33,1264944,33984,29,31,0
28,0.502,0.589,0.012,1.102,8.307,16644,23067,0,36,33,33,1264944,33984,29,31,0
29,0.453,0.259,0.008,0.721,1.222,16644,23067,0,36,33,33,1264944,33984,29,31,0
30,0.441,0.216,0.010,0.667,0.840,16644,23067,0,36,33,33,1264944,33984,29,31,0
31,0.436,0.403,0.047,0.886,0.779,16644,23067,0,36,33,33,1264944,33984,29,31,0
32,0.438,1.928,0.005,2.371,1.008,16644,23067,0,36,33,33,1264944,33984,29,31,0
33,0.486,1.295,0.007,1.788,2.493,16644,23067,0,36,33,33,1264944,33984,29,31,0
34,0.446,1.628,0.009,2.082,1.916,16644,23067,0,36,33,33,1264944,33984,29,31,0
35,0.481,14.386,0.012,14.879,2.220,16644,23067,0,36,33,33,1264944,33984,29,31,0
36,0.494,7.215,0.008,7.717,15.005,16644,23067,0,36,33,33,1264944,33984,29,31,0
37,0.489,0.605,0.012,1.105,7.851,16644,23067,0,36,33,33,1264944,33984,29,31,0
38,0.470,0.271,0.011,0.753,1.229,16644,23067,0,36,33,33,1264944,33984,29,31,0
39,0.438,0.232,0.013,0.683,0.873,16644,23067,0,36,33,33,1264944,33984,29,31,0
40,0.437,0.462,0.011,0.910,0.798,16644,23067,0,36,33,33,1264944,33984,29,31,0
41,0.465,1.661,0.007,2.134,1.031,16644,23067,0,36,33,33,1264944,33984,29,31,0
42,0.483,1.517,0.007,2.007,2.271,16644,23067,0,36,33,33,1264944,33984,29,31,0
43,0.466,1.481,0.010,1.957,2.126,16644,23067,0,36,33,33,1264944,33984,29,31,0
44,0.483,14.161,0.013,14.657,2.089,16644,23067,0,36,33,33,1264944,33984,29,31,0
45,0.491,7.626,0.011,8.128,14.782,16644,23067,0,36,33,33,1264944,33984,29,31,0
46,0.471,0.625,0.015,1.111,8.257,16644,23067,0,36,33,33,1264944,33984,29,31,0
47,0.476,0.325,0.046,0.847,1.473,16644,23067,0,36,33,33,1264944,33984,29,31,0
48,0.471,0.244,0.007,0.722,0.972,16644,23067,0,36,33,33,1264944,33984,29,31,0
49,0.436,0.414,0.014,0.864,0.852,16644,23067,0,36,33,33,1264944,33984,29,31,0
50,0.463,0.684,0.010,1.156,0.975,16644,23067,0,36,33,33,1264944,33984,29,31,0
51,0.492,1.866,0.008,2.366,1.291,16644,23067,0,36,33,33,1264944,33984,29,31,0
52,0.449,17.285,0.013,17.746,2.463,16644,23067,0,36,33,33,1264944,33984,29,31,0
53,0.761,6.554,0.008,7.323,17.839,16644,23067,0,36,33,33,1264944,33984,29,31,0
54,0.752,0.286,0.011,1.049,7.417,16644,23067,0,36,33,33,1264944,33984,29,31,0
55,0.441,0.264,0.011,0.716,1.141,16644,23067,0,36,33,33,1264944,33984,29,31,0
56,0.508,0.214,0.008,0.729,0.806,16644,23067,0,36,33,33,1264944,33984,29,31,0
57,0.439,0.404,0.010,0.853,0.811,16644,23067,0,36,33,33,1264944,33984,29,31,0
58,0.460,1.667,0.007,2.135,0.956,16644,23067,0,36,33,33,1264944,33984,29,31,0
59,0.487,1.841,0.014,2.342,2.251,16644,23067,0,36,33,33,1264944,33984,29,31,0
60,0.769,1.212,0.007,1.988,2.439,16644,23067,0,36,33,33,1264944,33984,29,31,0
61,0.451,14.377,0.010,14.838,2.096,16644,23067,0,36,33,33,1264944,33984,29,31,0
62,0.786,7.050,0.010,7.846,14.940,16644,23067,0,36,33,33,1264944,33984,29,31,0
63,0.457,0.603,0.009,1.070,7.936,16644,23067,0,36,33,33,1264944,33984,29,31,0
64,0.793,0.244,0.008,1.044,1.166,16644,23067,0,36,33,33,1264944,33984,29,31,0
65,0.453,0.265,0.009,0.726,1.138,16644,23067,0,36,33,33,1264944,33984,29,31,0
66,0.457,0.212,0.006,0.675,0.823,16644,23067,0,36,33,33,1264944,33984,29,31,0
67,0.443,0.529,0.011,0.983,0.757,16644,23067,0,36,33,33,1264944,33984,29,31,0
68,0.442,0.786,0.008,1.236,1.071,16644,23067,0,36,33,33,1264944,33984,29,31,0
69,0.435,1.961,0.008,2.404,1.327,16644,23067,0,36,33,33,1264944,33984,29,31,0
70,0.454,16.438,0.017,16.908,2.499,16644,23067,0,36,33,33,1264944,33984,29,31,0
71,0.684,6.902,0.013,7.599,17.055,16644,23067,0,36,33,33,1264944,33984,29,31,0
72,0.773,0.338,0.021,1.132,7.717,16644,23067,0,36,33,33,1264944,33984,29,31,0
73,0.558,0.735,0.012,1.306,1.250,16644,23067,0,36,33,33,1264944,33984,29,31,0
74,0.547,0.701,0.012,1.259,1.419,16644,23067,0,36,33,33,1264944,33984,29,31,0
75,0.537,0.341,0.008,0.886,1.368,16644,23067,0,36,33,33,1264944,33984,29,31,0
76,0.517,0.300,0.017,0.834,1.009,16644,23067,0,36,33,33,1264944,33984,29,31,0
77,0.539,1.355,0.010,1.904,0.953,16644,23067,0,36,33,33,1264944,33984,29,31,0
78,0.519,2.547,0.009,3.075,2.393,16644,23067,0,36,33,33,1264944,33984,29,31,0
79,0.462,13.048,0.010,13.520,3.172,16644,23067,0,36,33,33,1264944,33984,29,31,0
80,0.764,7.106,0.008,7.879,13.618,16644,23067,0,36,33,33,1264944,33984,29,31,0
81,0.458,0.684,0.011,1.153,7.970,16644,23067,0,36,33,33,1264944,33984,29,31,0
82,0.446,0.265,0.010,0.721,1.242,16644,23067,0,36,33,33,1264944,33984,29,31,0
83,0.430,0.212,0.011,0.654,0.805,16644,23067,0,36,33,33,1264944,33984,29,31,0
84,0.435,0.466,0.010,0.911,0.733,16644,23067,0,36,33,33,1264944,33984,29,31,0
85,0.467,2.053,0.009,2.529,0.999,16644,23067,0,36,33,33,1264944,33984,29,31,0
86,0.447,1.310,0.010,1.768,2.621,16644,23067,0,36,33,33,1264944,33984,29,31,0
87,0.493,2.726,0.009,3.227,1.867,16644,23067,0,36,33,33,1264944,33984,29,31,0
88,0.446,13.133,0.006,13.585,3.326,16644,23067,0,36,33,33,1264944,33984,29,31,0
89,0.479,7.360,0.006,7.845,13.680,16644,23067,0,36,33,33,1264944,33984,29,31,0
90,0.448,0.878,0.010,1.337,7.942,16644,23067,0,36,33,33,1264944,33984,29,31,0
91,0.447,0.216,0.012,0.674,1.598,16644,23067,0,36,33,33,1264944,33984,29,31,0
92,0.481,0.399,0.009,0.888,0.955,16644,23067,0,36,33,33,1264944,33984,29,31,0
93,0.454,0.643,0.006,1.103,0.976,16644,23067,0,36,33,33,1264944,33984,29,31,0
94,0.456,0.741,0.011,1.207,1.203,16644,23067,0,36,33,33,1264944,33984,29,31,0
95,0.424,3.436,0.009,3.869,1.299,16644,23067,0,36,33,33,1264944,33984,29,31,0
96,0.462,14.907,0.012,15.382,3.965,16644,23067,0,36,33,33,1264944,33984,29,31,0
97,0.490,7.445,0.011,7.946,15.481,16644,23067,0,36,33,33,1264944,33984,29,31,0
98,0.456,0.648,0.012,1.116,8.046,16644,23067,0,36,33,33,1264944,33984,29,31,0
99,0.455,0.285,0.008,0.748,1.204,16644,23067,0,36,33,33,1264944,33984,29,31,0
100,0.440,0.206,0.011,0.657,0.837,16644,23067,0,36,33,33,1264944,33984,29,31,0
101,0.427,0.520,0.011,0.958,0.737,16644,23067,0,36,33,33,1264944,33984,29,31,0
102,0.453,2.119,0.009,2.581,1.038,16644,23067,0,36,33,33,1264944,33984,29,31,0
103,0.475,0.949,0.008,1.432,2.691,16644,23067,0,36,33,33,1264944,33984,29,31,0
104,0.435,2.754,0.011,3.200,1.520,16644,23067,0,36,33,33,1264944,33984,29,31,0
105,0.466,13.294,0.011,13.772,3.303,16644,23067,0,36,33,33,1264944,33984,29,31,0
106,0.473,7.548,0.011,8.031,13.863,16644,23067,0,36,33,33,1264944,33984,29,31,0
107,0.451,0.737,0.011,1.199,8.128,16644,23067,0,36,33,33,1264944,33984,29,31,0
108,0.454,0.234,0.008,0.695,1.290,16644,23067,0,36,33,33,1264944,33984,29,31,0
109,0.432,0.212,0.010,0.654,0.785,16644,23067,0,36,33,33,1264944,33984,29,31,0
110,0.435,0.453,0.010,0.898,0.734,16644,23067,0,36,33,33,1264944,33984,29,31,0
111,0.446,2.102,0.009,2.557,0.981,16644,23067,0,36,33,33,1264944,33984,29,31,0
112,0.452,1.492,0.008,1.953,2.645,16644,23067,0,36,33,33,1264944,33984,29,31,0
113,0.441,2.732,0.008,3.182,2.051,16644,23067,0,36,33,33,1264944,33984,29,31,0
114,0.442,12.885,0.010,13.337,3.277,16644,23067,0,36,33,33,1264944,33984,29,31,0
115,0.474,7.372,0.006,7.852,13.435,16644,23067,0,36,33,33,1264944,33984,29,31,0
116,0.452,0.836,0.009,1.297,7.945,16644,23067,0,36,33,33,1264944,33984,29,31,0
117,0.443,0.386,0.010,0.839,1.391,16644,23067,0,36,33,33,1264944,33984,29,31,0
118,0.452,0.204,0.005,0.661,0.933,16644,23067,0,36,33,33,1264944,33984,29,31,0
119,0.435,0.430,0.008,0.873,0.741,16644,23067,0,36,33,33,1264944,33984,29,31,0
120,0.453,0.266,0.017,0.736,0.961,16644,23067,0,36,33,33,1264944,33984,29,31,0
121,0.465,0.249,0.008,0.721,0.827,16644,23067,0,36,33,33,1264944,33984,29,31,0
122,0.448,10.645,0.012,11.105,0.813,16644,23067,0,36,33,33,1264944,33984,29,31,0
123,0.468,8.261,0.014,8.743,11.199,16644,23067,0,36,33,33,1264944,33984,29,31,0
124,0.442,7.623,0.007,8.072,8.844,16644,23067,0,36,33,33,1264944,33984,29,31,0
125,0.501,0.260,0.008,0.769,8.460,16644,23067,0,36,33,33,1264944,33984,29,31,0
126,0.425,0.194,0.009,0.627,0.851,16644,23067,0,36,33,33,1264944,33984,29,31,0
127,0.427,0.762,0.020,1.209,0.715,16644,23067,0,36,33,33,1264944,33984,29,31,0
128,0.544,0.270,0.044,0.857,1.324,16644,23067,0,36,33,33,1264944,33984,29,31,0
129,0.496,0.280,0.007,0.783,0.949,16644,23067,0,36,33,33,1264944,33984,29,31,0
130,0.431,3.145,0.010,3.586,0.893,16644,23067,0,36,33,33,1264944,33984,29,31,0
131,0.445,15.719,0.011,16.175,3.683,16644,23067,0,36,33,33,1264944,33984,29,31,0
132,0.505,7.547,0.009,8.061,16.270,16644,23067,0,36,33,33,1264944,33984,29,31,0
133,0.482,1.055,0.006,1.543,8.162,16644,23067,0,36,33,33,1264944,33984,29,31,0
134,0.468,0.471,0.012,0.952,1.648,16644,23067,0,36,33,33,1264944,33984,29,31,0
135,0.464,0.261,0.009,0.733,1.043,16644,23067,0,36,33,33,1264944,33984,29,31,0
136,0.428,0.430,0.008,0.866,0.831,16644,23067,0,36,33,33,1264944,33984,29,31,0
137,0.486,0.641,0.009,1.136,0.968,16644,23067,0,36,33,33,1264944,33984,29,31,0
138,0.434,3.442,0.006,3.882,1.241,16644,23067,0,36,33,33,1264944,33984,29,31,0
139,0.435,14.997,0.014,15.446,3.993,16644,23067,0,36,33,33,1264944,33984,29,31,0
140,0.510,6.874,0.013,7.397,15.570,16644,23067,0,36,33,33,1264944,33984,29,31,0
141,0.494,0.592,0.011,1.096,7.505,16644,23067,0,36,33,33,1264944,33984,29,31,0
142,0.468,0.286,0.009,0.762,1.197,16644,23067,0,36,33,33,1264944,33984,29,31,0
143,0.489,0.254,0.008,0.751,1.056,16644,23067,0,36,33,33,1264944,33984,29,31,0
144,0.462,0.324,0.008,0.793,0.991,16644,23067,0,36,33,33,1264944,33984,29,31,0
145,0.468,1.287,0.008,1.763,1.060,16644,23067,0,36,33,33,1264944,33984,29,31,0
146,0.471,1.721,0.007,2.199,1.863,16644,23067,0,36,33,33,1264944,33984,29,31,0
147,0.455,2.680,0.014,3.149,2.306,16644,23067,0,36,33,33,1264944,33984,29,31,0
148,0.476,12.932,0.011,13.419,3.259,16644,23067,0,36,33,33,1264944,33984,29,31,0
149,0.537,7.881,0.013,8.431,13.527,16644,23067,0,36,33,33,1264944,33984,29,31,0
150,0.490,8.561,0.013,9.064,8.535,16644,23067,0,36,33,33,1264944,33984,29,31,0
151,0.565,1.001,0.014,1.580,9.174,16644,23067,0,36,33,33,1264944,33984,29,31,0
152,0.472,13.497,0.012,13.981,1.677,16644,23067,0,36,33,33,1264944,33984,29,31,0
153,0.528,7.411,0.014,7.953,14.082,16644,23067,0,36,33,33,1264944,33984,29,31,0
154,0.496,0.576,0.012,1.084,8.054,16644,23067,0,36,33,33,1264944,33984,29,31,0
155,0.477,0.277,0.010,0.764,1.190,16644,23067,0,36,33,33,1264944,33984,29,31,0
156,0.448,0.239,0.017,0.705,0.853,16644,23067,0,36,33,33,1264944,33984,29,31,0
157,0.438,0.419,0.011,0.868,0.791,16644,23067,0,36,33,33,1264944,33984,29,31,0
158,0.445,2.023,0.009,2.477,0.952,16644,23067,0,36,33,33,1264944,33984,29,31,0
159,0.459,1.408,0.007,1.874,2.569,16644,23067,0,36,33,33,1264944,33984,29,31,0
160,0.439,2.715,0.009,3.164,1.981,16644,23067,0,36,33,33,1264944,33984,29,31,0
161,0.435,13.392,0.010,13.837,3.256,16644,23067,0,36,33,33,1264944,33984,29,31,0
162,0.472,7.375,0.009,7.856,13.928,16644,23067,0,36,33,33,1264944,33984,29,31,0
163,0.454,0.731,0.009,1.194,7.948,16644,23067,0,36,33,33,1264944,33984,29,31,0
164,0.457,0.228,0.009,0.694,1.285,16644,23067,0,36,33,33,1264944,33984,29,31,0
165,0.429,0.197,0.008,0.634,0.776,16644,23067,0,36,33,33,1264944,33984,29,31,0
166,0.421,0.652,0.011,1.083,0.729,16644,23067,0,36,33,33,1264944,33984,29,31,0
167,0.470,0.295,0.007,0.772,1.176,16644,23067,0,36,33,33,1264944,33984,29,31,0
168,0.497,0.246,0.008,0.751,0.877,16644,23067,0,36,33,33,1264944,33984,29,31,0
169,0.451,3.155,0.009,3.614,0.832,16644,23067,0,36,33,33,1264944,33984,29,31,0
170,0.459,15.399,0.009,15.868,3.710,16644,23067,0,36,33,33,1264944,33984,29,31,0
171,0.471,7.330,0.009,7.810,15.965,16644,23067,0,36,33,33,1264944,33984,29,31,0
172,0.459,1.001,0.008,1.468,7.907,16644,23067,0,36,33,33,1264944,33984,29,31,0
173,0.441,0.385,0.012,0.838,1.561,16644,23067,0,36,33,33,1264944,33984,29,31,0
174,0.451,0.210,0.010,0.671,0.921,16644,23067,0,36,33,33,1264944,33984,29,31,0
175,0.435,0.534,0.008,0.977,0.758,16644,23067,0,36,33,33,1264944,33984,29,31,0
176,0.464,0.723,0.008,1.195,1.068,16644,23067,0,36,33,33,1264944,33984,29,31,0
177,0.441,0.200,0.014,0.655,1.283,16644,23067,0,36,33,33,1264944,33984,29,31,0
178,0.444,3.288,0.008,3.740,0.734,16644,23067,0,36,33,33,1264944,33984,29,31,0
179,0.472,14.670,0.010,15.152,3.831,16644,23067,0,36,33,33,1264944,33984,29,31,0
180,0.459,7.418,0.007,7.884,15.244,16644,23067,0,36,33,33,1264944,33984,29,31,0
181,0.475,0.631,0.008,1.114,7.987,16644,23067,0,36,33,33,1264944,33984,29,31,0
182,0.476,0.236,0.015,0.727,1.204,16644,23067,0,36,33,33,1264944,33984,29,31,0
183,0.440,0.192,0.010,0.641,0.820,16644,23067,0,36,33,33,1264944,33984,29,31,0
184,0.444,0.458,0.007,0.908,0.725,16644,23067,0,36,33,33,1264944,33984,29,31,0
185,0.435,0.601,0.008,1.044,0.999,16644,23067,0,36,33,33,1264944,33984,29,31,0
186,0.453,0.216,0.007,0.676,1.130,16644,23067,0,36,33,33,1264944,33984,29,31,0
187,0.428,0.189,0.007,0.625,0.763,16644,23067,0,36,33,33,1264944,33984,29,31,0
188,0.436,3.148,0.008,3.592,0.713,16644,23067,0,36,33,33,1264944,33984,29,31,0
189,0.458,14.740,0.009,15.207,3.681,16644,23067,0,36,33,33,1264944,33984,29,31,0
190,0.460,7.787,0.009,8.256,15.301,16644,23067,0,36,33,33,1264944,33984,29,31,0
191,0.454,0.931,0.008,1.393,8.355,16644,23067,0,36,33,33,1264944,33984,29,31,0
192,0.457,0.246,0.013,0.716,1.517,16644,23067,0,36,33,33,1264944,33984,29,31,0
193,0.475,0.457,0.010,0.941,0.801,16644,23067,0,36,33,33,1264944,33984,29,31,0
194,0.486,1.051,0.007,1.545,1.168,16644,23067,0,36,33,33,1264944,33984,29,31,0
195,0.472,0.208,0.008,0.688,1.759,16644,23067,0,36,33,33,1264944,33984,29,31,0
196,0.463,3.125,0.009,3.596,0.890,16644,23067,0,36,33,33,1264944,33984,29,31,0
197,0.471,14.515,0.013,14.998,3.691,16644,23067,0,36,33,33,1264944,33984,29,31,0
198,0.549,7.217,0.013,7.779,15.107,16644,23067,0,36,33,33,1264944,33984,29,31,0
199,0.478,0.595,0.012,1.085,7.978,16644,23067,0,36,33,33,1264944,33984,29,31,0
200,0.483,0.460,0.012,0.955,1.211,16644,23067,0,36,33,33,1264944,33984,29,31,0
201,0.468,0.251,0.008,0.727,1.085,16644,23067,0,36,33,33,1264944,33984,29,31,0
202,0.439,0.748,0.009,1.196,0.867,16644,23067,0,36,33,33,1264944,33984,29,31,0
203,0.493,0.828,0.010,1.332,1.390,16644,23067,0,36,33,33,1264944,33984,29,31,0
204,0.449,10.327,0.014,10.790,1.467,16644,23067,0,36,33,33,1264944,33984,29,31,0
205,0.542,7.716,0.010,8.268,10.906,16644,23067,0,36,33,33,1264944,33984,29,31,0
206,0.537,7.307,0.012,7.855,8.369,16644,23067,0,36,33,33,1264944,33984,29,31,0
207,0.498,0.229,0.006,0.732,8.679,16644,23067,0,36,33,33,1264944,33984,29,31,0
208,0.442,0.403,0.014,0.859,0.864,16644,23067,0,36,33,33,1264944,33984,29,31,0
209,0.468,0.258,0.012,0.738,0.970,16644,23067,0,36,33,33,1264944,33984,29,31,0
210,0.443,0.212,0.010,0.665,0.826,16644,23067,0,36,33,33,1264944,33984,29,31,0
211,0.465,0.445,0.011,0.921,1.174,16644,23067,0,36,33,33,1264944,33984,29,31,0
212,0.462,2.276,0.006,2.745,1.157,16644,23067,0,36,33,33,1264944,33984,29,31,0
213,0.472,2.535,0.009,3.015,3.023,16644,23067,0,36,33,33,1264944,33984,29,31,0
214,0.455,12.810,0.014,13.279,3.188,16644,23067,0,36,33,33,1264944,33984,29,31,0
215,0.534,6.545,0.012,7.091,14.206,16644,23067,0,36,33,33,1264944,33984,29,31,0
216,0.503,0.573,0.009,1.085,7.205,16644,23067,0,36,33,33,1264944,33984,29,31,0
217,0.449,0.281,0.014,0.744,1.203,16644,23067,0,36,33,33,1264944,33984,29,31,0
218,0.433,0.247,0.012,0.693,0.875,16644,23067,0,36,33,33,1264944,33984,29,31,0
219,0.454,0.654,0.008,1.116,0.820,16644,23067,0,36,33,33,1264944,33984,29,31,0
220,0.497,0.290,0.008,0.795,1.227,16644,23067,0,36,33,33,1264944,33984,29,31,0
221,0.448,0.226,0.005,0.679,0.891,16644,23067,0,36,33,33,1264944,33984,29,31,0
222,0.439,3.355,0.009,3.803,0.781,16644,23067,0,36,33,33,1264944,33984,29,31,0
223,0.498,15.064,0.012,15.574,3.918,16644,23067,0,36,33,33,1264944,33984,29,31,0
224,0.496,7.552,0.011,8.060,15.680,16644,23067,0,36,33,33,1264944,33984,29,31,0
225,0.482,7.959,0.011,8.452,8.156,16644,23067,0,36,33,33,1264944,33984,29,31,0
226,0.490,7.205,0.010,7.704,8.553,16644,23067,0,36,33,33,1264944,33984,29,31,0
227,0.480,7.681,0.015,8.176,7.806,16644,23067,0,36,33,33,1264944,33984,29,31,0
228,0.487,7.853,0.012,8.352,8.274,16644,23067,0,36,33,33,1264944,33984,29,31,0
229,0.479,0.641,0.009,1.129,8.448,16644,23067,0,36,33,33,1264944,33984,29,31,0
230,0.460,0.249,0.016,0.726,1.223,16644,23067,0,36,33,33,1264944,33984,29,31,0
231,0.436,0.209,0.009,0.653,0.807,16644,23067,0,36,33,33,1264944,33984,29,31,0
232,0.427,0.585,0.008,1.020,0.736,16644,23067,0,36,33,33,1264944,33984,29,31,0
233,0.426,0.700,0.007,1.133,1.111,16644,23067,0,36,33,33,1264944,33984,29,31,0
234,0.447,0.619,0.009,1.076,1.223,16644,23067,0,36,33,33,1264944,33984,29,31,0
235,0.448,1.498,0.008,1.954,1.171,16644,23067,0,36,33,33,1264944,33984,29,31,0
236,0.455,2.616,0.010,3.081,2.060,16644,23067,0,36,33,33,1264944,33984,29,31,0
237,0.452,13.041,0.010,13.503,3.179,16644,23067,0,36,33,33,1264944,33984,29,31,0
238,0.466,8.139,0.016,8.622,13.597,16644,23067,0,36,33,33,1264944,33984,29,31,0
239,0.559,0.398,0.010,0.967,8.737,16644,23067,0,36,33,33,1264944,33984,29,31,0
240,0.473,0.306,0.010,0.789,1.058,16644,23067,0,36,33,33,1264944,33984,29,31,0
241,0.482,0.249,0.008,0.739,0.884,16644,23067,0,36,33,33,1264944,33984,29,31,0
242,0.443,0.748,0.006,1.197,0.823,16644,23067,0,36,33,33,1264944,33984,29,31,0
243,0.451,0.610,0.010,1.071,1.285,16644,23067,0,36,33,33,1264944,33984,29,31,0
244,0.453,10.767,0.010,11.230,1.169,16644,23067,0,36,33,33,1264944,33984,29,31,0
245,0.551,8.383,0.015,8.949,11.333,16644,23067,0,36,33,33,1264944,33984,29,31,0
246,0.519,7.195,0.010,7.724,9.061,16644,23067,0,36,33,33,1264944,33984,29,31,0
247,0.528,0.803,0.025,1.357,7.820,16644,23067,0,36,33,33,1264944,33984,29,31,0
248,0.456,0.243,0.011,0.710,1.441,16644,23067,0,36,33,33,1264944,33984,29,31,0
249,0.449,0.251,0.007,0.707,0.799,16644,23067,0,36,33,33,1264944,33984,29,31,0
250,0.431,0.224,0.008,0.664,0.788,16644,23067,0,36,33,33,1264944,33984,29,31,0
251,0.469,2.173,0.010,2.652,0.750,16644,23067,0,36,33,33,1264944,33984,29,31,0
252,0.484,0.897,0.010,1.391,2.744,16644,23067,0,36,33,33,1264944,33984,29,31,0
253,0.440,3.202,0.010,3.651,1.483,16644,23067,0,36,33,33,1264944,33984,29,31,0
254,0.461,12.668,0.021,13.151,3.748,16644,23067,0,36,33,33,1264944,33984,29,31,0
255,0.482,7.407,0.009,7.898,13.246,16644,23067,0,36,33,33,1264944,33984,29,31,0
256,0.527,0.644,0.010,1.181,7.991,16644,23067,0,36,33,33,1264944,33984,29,31,0
257,0.448,0.249,0.018,0.715,1.270,16644,23067,0,36,33,33,1264944,33984,29,31,0
258,0.465,0.210,0.010,0.685,0.822,16644,23067,0,36,33,33,1264944,33984,29,31,0
259,0.444,0.337,0.009,0.791,0.765,16644,23067,0,36,33,33,1264944,33984,29,31,0
260,0.483,1.961,0.008,2.453,0.876,16644,23067,0,36,33,33,1264944,33984,29,31,0
261,0.452,1.310,0.013,1.775,2.547,16644,23067,0,36,33,33,1264944,33984,29,31,0
262,0.449,2.838,0.015,3.303,1.867,16644,23067,0,36,33,33,1264944,33984,29,31,0
263,0.452,13.169,0.007,13.628,3.395,16644,23067,0,36,33,33,1264944,33984,29,31,0
264,0.439,7.400,0.006,7.845,13.727,16644,23067,0,36,33,33,1264944,33984,29,31,0
265,0.457,0.633,0.011,1.100,7.938,16644,23067,0,36,33,33,1264944,33984,29,31,0
266,0.447,0.265,0.010,0.722,1.188,16644,23067,0,36,33,33,1264944,33984,29,31,0
267,0.452,0.228,0.008,0.688,0.812,16644,23067,0,36,33,33,1264944,33984,29,31,0
268,0.445,0.597,0.011,1.053,0.769,16644,23067,0,36,33,33,1264944,33984,29,31,0
269,0.447,2.083,0.008,2.538,1.141,16644,23067,0,36,33,33,1264944,33984,29,31,0
270,0.448,1.460,0.008,1.916,2.629,16644,23067,0,36,33,33,1264944,33984,29,31,0
271,0.441,2.763,0.009,3.213,2.012,16644,23067,0,36,33,33,1264944,33984,29,31,0
272,0.452,13.130,0.014,13.597,3.309,16644,23067,0,36,33,33,1264944,33984,29,31,0
273,0.546,7.453,0.013,8.011,13.704,16644,23067,0,36,33,33,1264944,33984,29,31,0
274,0.538,0.328,0.010,0.876,8.145,16644,23067,0,36,33,33,1264944,33984,29,31,0
275,0.466,0.282,0.013,0.761,0.980,16644,23067,0,36,33,33,1264944,33984,29,31,0
276,0.460,0.214,0.010,0.685,0.855,16644,23067,0,36,33,33,1264944,33984,29,31,0
277,0.475,0.282,0.010,0.766,0.764,16644,23067,0,36,33,33,1264944,33984,29,31,0
278,0.525,1.957,0.009,2.491,0.852,16644,23067,0,36,33,33,1264944,33984,29,31,0
279,0.487,1.275,0.012,1.774,2.602,16644,23067,0,36,33,33,1264944,33984,29,31,0
280,0.454,2.913,0.006,3.373,1.877,16644,23067,0,36,33,33,1264944,33984,29,31,0
281,0.447,13.063,0.007,13.518,3.493,16644,23067,0,36,33,33,1264944,33984,29,31,0
282,0.529,7.596,0.010,8.135,13.625,16644,23067,0,36,33,33,1264944,33984,29,31,0
283,0.763,0.506,0.011,1.280,8.237,16644,23067,0,36,33,33,1264944,33984,29,31,0
284,0.470,0.348,0.009,0.827,1.381,16644,23067,0,36,33,33,1264944,33984,29,31,0
285,0.441,0.234,0.009,0.683,0.915,16644,23067,0,36,33,33,1264944,33984,29,31,0
286,0.431,0.507,0.007,0.945,0.774,16644,23067,0,36,33,33,1264944,33984,29,31,0
287,0.563,1.997,0.008,2.568,1.043,16644,23067,0,36,33,33,1264944,33984,29,31,0
288,0.449,0.478,0.009,0.935,2.677,16644,23067,0,36,33,33,1264944,33984,29,31,0
289,0.432,2.888,0.006,3.326,1.030,16644,23067,0,36,33,33,1264944,33984,29,31,0
290,0.727,12.959,0.013,13.699,3.421,16644,23067,0,36,33,33,1264944,33984,29,31,0
291,0.770,7.733,0.008,8.511,13.793,16644,23067,0,36,33,33,1264944,33984,29,31,0
292,0.502,0.432,0.012,0.947,8.614,16644,23067,0,36,33,33,1264944,33984,29,31,0
293,0.460,0.234,0.006,0.699,1.033,16644,23067,0,36,33,33,1264944,33984,29,31,0
294,0.427,1.911,0.010,2.348,0.802,16644,23067,0,36,33,33,1264944,33984,29,31,0
295,0.467,0.711,0.010,1.189,2.462,16644,23067,0,36,33,33,1264944,33984,29,31,0
296,0.434,3.779,0.010,4.224,1.287,16644,23067,0,36,33,33,1264944,33984,29,31,0
297,0.470,14.303,0.009,14.781,4.347,16644,23067,0,36,33,33,1264944,33984,29,31,0
298,0.483,7.357,0.007,7.848,14.874,16644,23067,0,36,33,33,1264944,33984,29,31,0
299,0.456,0.702,0.010,1.167,7.958,16644,23067,0,36,33,33,1264944,33984,29,31,0
300,0.444,0.268,0.010,0.722,1.265,16644,23067,0,36,33,33,1264944,33984,29,31,0
301,0.457,0.232,0.009,0.698,0.813,16644,23067,0,36,33,33,1264944,33984,29,31,0
302,0.434,0.287,0.010,0.731,0.781,16644,23067,0,36,33,33,1264944,33984,29,31,0
303,0.457,2.085,0.012,2.554,0.817,16644,23067,0,36,33,33,1264944,33984,29,31,0
304,0.479,1.287,0.008,1.775,2.663,16644,23067,0,36,33,33,1264944,33984,29,31,0
305,0.425,3.061,0.007,3.493,1.882,16644,23067,0,36,33,33,1264944,33984,29,31,0
306,0.431,15.340,0.009,15.781,3.602,16644,23067,0,36,33,33,1264944,33984,29,31,0
307,0.466,5.225,0.010,5.700,15.878,16644,23067,0,36,33,33,1264944,33984,29,31,0
308,0.462,1.196,0.011,1.669,5.812,16644,23067,0,36,33,33,1264944,33984,29,31,0
309,0.445,0.225,0.010,0.681,1.772,16644,23067,0,36,33,33,1264944,33984,29,31,0
310,0.443,0.321,0.008,0.773,0.790,16644,23067,0,36,33,33,1264944,33984,29,31,0
311,0.433,0.656,0.007,1.096,0.870,16644,23067,0,36,33,33,1264944,33984,29,31,0
312,0.462,0.258,0.009,0.728,1.201,16644,23067,0,36,33,33,1264944,33984,29,31,0
313,0.454,0.217,0.012,0.683,0.831,16644,23067,0,36,33,33,1264944,33984,29,31,0
314,0.437,3.083,0.008,3.528,0.776,16644,23067,0,36,33,33,1264944,33984,29,31,0
315,0.439,14.872,0.010,15.320,3.622,16644,23067,0,36,33,33,1264944,33984,29,31,0
316,0.466,7.368,0.011,7.845,15.417,16644,23067,0,36,33,33,1264944,33984,29,31,0
317,0.506,0.559,0.010,1.074,7.956,16644,23067,0,36,33,33,1264944,33984,29,31,0
318,0.491,0.271,0.009,0.770,1.175,16644,23067,0,36,33,33,1264944,33984,29,31,0
319,0.486,0.258,0.009,0.754,0.863,16644,23067,0,36,33,33,1264944,33984,29,31,0
320,0.489,0.588,0.009,1.085,0.858,16644,23067,0,36,33,33,1264944,33984,29,31,0
321,0.465,0.808,0.015,1.289,1.178,16644,23067,0,36,33,33,1264944,33984,29,31,0
322,0.558,0.355,0.010,0.923,1.415,16644,23067,0,36,33,33,1264944,33984,29,31,0
323,0.523,1.441,0.007,1.971,1.017,16644,23067,0,36,33,33,1264944,33984,29,31,0
324,0.498,2.841,0.009,3.349,2.084,16644,23067,0,36,33,33,1264944,33984,29,31,0
325,0.460,12.836,0.013,13.309,3.450,16644,23067,0,36,33,33,1264944,33984,29,31,0
326,0.574,7.550,0.012,8.136,13.429,16644,23067,0,36,33,33,1264944,33984,29,31,0
327,0.499,0.881,0.010,1.390,8.247,16644,23067,0,36,33,33,1264944,33984,29,31,0
328,0.489,0.276,0.009,0.774,1.494,16644,23067,0,36,33,33,1264944,33984,29,31,0
329,0.484,0.242,0.011,0.737,0.874,16644,23067,0,36,33,33,1264944,33984,29,31,0
330,0.468,0.310,0.009,0.786,0.828,16644,23067,0,36,33,33,1264944,33984,29,31,0
331,0.550,0.463,0.014,1.027,0.922,16644,23067,0,36,33,33,1264944,33984,29,31,0
332,0.512,3.194,0.015,3.721,1.133,16644,23067,0,36,33,33,1264944,33984,29,31,0
333,0.507,15.246,0.011,15.764,3.849,16644,23067,0,36,33,33,1264944,33984,29,31,0
334,0.508,7.602,0.012,8.122,15.860,16644,23067,0,36,33,33,1264944,33984,29,31,0
335,0.479,1.059,0.007,1.545,8.225,16644,23067,0,36,33,33,1264944,33984,29,31,0
336,0.438,0.489,0.015,0.942,1.645,16644,23067,0,36,33,33,1264944,33984,29,31,0
337,0.465,0.218,0.009,0.692,1.030,16644,23067,0,36,33,33,1264944,33984,29,31,0
338,0.442,0.574,0.008,1.024,0.786,16644,23067,0,36,33,33,1264944,33984,29,31,0
339,0.494,0.550,0.007,1.051,1.128,16644,23067,0,36,33,33,1264944,33984,29,31,0
340,0.438,3.412,0.011,3.862,1.149,16644,23067,0,36,33,33,1264944,33984,29,31,0
341,0.455,14.699,0.012,15.166,3.957,16644,23067,0,36,33,33,1264944,33984,29,31,0
342,0.532,7.143,0.012,7.687,15.271,16644,23067,0,36,33,33,1264944,33984,29,31,0
343,0.484,0.715,0.010,1.209,7.784,16644,23067,0,36,33,33,1264944,33984,29,31,0
344,0.442,0.269,0.019,0.730,1.295,16644,23067,0,36,33,33,1264944,33984,29,31,0
345,0.456,0.221,0.011,0.688,0.822,16644,23067,0,36,33,33,1264944,33984,29,31,0
346,0.431,0.485,0.010,0.927,0.767,16644,23067,0,36,33,33,1264944,33984,29,31,0
347,0.450,1.997,0.012,2.458,1.010,16644,23067,0,36,33,33,1264944,33984,29,31,0
348,0.472,1.648,0.010,2.129,2.560,16644,23067,0,36,33,33,1264944,33984,29,31,0
349,0.474,2.919,0.009,3.403,2.229,16644,23067,0,36,33,33,1264944,33984,29,31,0
350,0.503,12.640,0.009,13.152,3.657,16644,23067,0,36,33,33,1264944,33984,29,31,0
351,0.490,7.220,0.008,7.718,13.251,16644,23067,0,36,33,33,1264944,33984,29,31,0
352,0.473,0.606,0.010,1.090,7.816,16644,23067,0,36,33,33,1264944,33984,29,31,0
353,0.435,0.290,0.016,0.740,1.178,16644,23067,0,36,33,33,1264944,33984,29,31,0
354,0.470,0.228,0.009,0.707,0.829,16644,23067,0,36,33,33,1264944,33984,29,31,0
355,0.441,0.391,0.008,0.840,0.805,16644,23067,0,36,33,33,1264944,33984,29,31,0
356,0.438,0.558,0.008,1.004,0.925,16644,23067,0,36,33,33,1264944,33984,29,31,0
357,0.468,0.249,0.009,0.726,1.108,16644,23067,0,36,33,33,1264944,33984,29,31,0
358,0.438,0.210,0.008,0.656,0.822,16644,23067,0,36,33,33,1264944,33984,29,31,0
359,0.428,3.168,0.010,3.606,0.739,16644,23067,0,36,33,33,1264944,33984,29,31,0
360,0.453,14.555,0.013,15.021,3.699,16644,23067,0,36,33,33,1264944,33984,29,31,0
361,0.559,7.733,0.019,8.311,15.130,16644,23067,0,36,33,33,1264944,33984,29,31,0
362,0.610,0.412,0.011,1.034,8.459,16644,23067,0,36,33,33,1264944,33984,29,31,0
363,0.466,0.269,0.014,0.749,1.135,16644,23067,0,36,33,33,1264944,33984,29,31,0
364,0.458,0.411,0.011,0.880,0.834,16644,23067,0,36,33,33,1264944,33984,29,31,0
365,0.444,0.487,0.008,0.940,0.967,16644,23067,0,36,33,33,1264944,33984,29,31,0
366,0.489,0.291,0.006,0.786,1.028,16644,23067,0,36,33,33,1264944,33984,29,31,0
367,0.461,0.889,0.010,1.360,0.879,16644,23067,0,36,33,33,1264944,33984,29,31,0
368,0.461,3.294,0.008,3.764,1.450,16644,23067,0,36,33,33,1264944,33984,29,31,0
369,0.648,14.331,0.015,14.995,3.873,16644,23067,0,36,33,33,1264944,33984,29,31,0
370,0.536,7.410,0.012,7.958,15.099,16644,23067,0,36,33,33,1264944,33984,29,31,0
371,0.604,0.709,0.010,1.323,8.123,16644,23067,0,36,33,33,1264944,33984,29,31,0
372,0.460,0.253,0.011,0.723,1.421,16644,23067,0,36,33,33,1264944,33984,29,31,0
373,0.461,0.749,0.015,1.225,0.820,16644,23067,0,36,33,33,1264944,33984,29,31,0
374,0.467,0.669,0.022,1.158,1.319,16644,23067,0,36,33,33,1264944,33984,29,31,0
375,0.458,0.348,0.012,0.818,1.299,16644,23067,0,36,33,33,1264944,33984,29,31,0
376,0.451,0.246,0.008,0.705,0.913,16644,23067,0,36,33,33,1264944,33984,29,31,0
377,0.470,3.322,0.016,3.809,0.793,16644,23067,0,36,33,33,1264944,33984,29,31,0
378,0.490,13.957,0.012,14.459,3.947,16644,23067,0,36,33,33,1264944,33984,29,31,0
379,0.562,7.355,0.011,7.928,14.606,16644,23067,0,36,33,33,1264944,33984,29,31,0
380,0.483,0.844,0.008,1.335,8.028,16644,23067,0,36,33,33,1264944,33984,29,31,0
381,0.512,1.377,0.013,1.901,1.426,16644,23067,0,36,33,33,1264944,33984,29,31,0
382,0.464,0.324,0.012,0.800,1.991,16644,23067,0,36,33,33,1264944,33984,29,31,0
383,0.453,0.433,0.009,0.895,0.894,16644,23067,0,36,33,33,1264944,33984,29,31,0
384,0.465,3.853,0.006,4.323,0.982,16644,23067,0,36,33,33,1264944,33984,29,31,0
385,0.512,14.894,0.011,15.417,4.420,16644,23067,0,36,33,33,1264944,33984,29,31,0
386,0.505,7.533,0.008,8.047,15.530,16644,23067,0,36,33,33,1264944,33984,29,31,0
387,0.502,0.827,0.005,1.335,8.156,16644,23067,0,36,33,33,1264944,33984,29,31,0
388,0.625,0.578,0.008,1.210,1.433,16644,23067,0,36,33,33,1264944,33984,29,31,0
389,0.490,0.436,0.011,0.936,1.312,16644,23067,0,36,33,33,1264944,33984,29,31,0
390,0.491,0.994,0.013,1.498,1.035,16644,23067,0,36,33,33,1264944,33984,29,31,0
391,0.489,11.098,0.008,11.595,1.606,16644,23067,0,36,33,33,1264944,33984,29,31,0
392,0.511,7.668,0.010,8.189,11.743,16644,23067,0,36,33,33,1264944,33984,29,31,0
393,0.507,7.306,0.011,7.823,8.295,16644,23067,0,36,33,33,1264944,33984,29,31,0
394,0.558,0.605,0.011,1.174,7.934,16644,23067,0,36,33,33,1264944,33984,29,31,0
395,0.559,0.321,0.008,0.888,1.287,16644,23067,0,36,33,33,1264944,33984,29,31,0
396,0.532,0.269,0.010,0.811,1.002,16644,23067,0,36,33,33,1264944,33984,29,31,0
397,0.529,0.257,0.010,0.795,0.920,16644,23067,0,36,33,33,1264944,33984,29,31,0
398,0.585,0.528,0.010,1.123,0.900,16644,23067,0,36,33,33,1264944,33984,29,31,0
399,0.528,10.817,0.008,11.354,1.243,16644,23067,0,36,33,33,1264944,33984,29,31,0
400,0.567,7.825,0.011,8.403,11.474,16644,23067,0,36,33,33,1264944,33984,29,31,0
401,0.578,7.351,0.008,7.936,8.518,16644,23067,0,36,33,33,1264944,33984,29,31,0
402,0.565,0.528,0.009,1.102,8.065,16644,23067,0,36,33,33,1264944,33984,29,31,0
403,0.571,0.317,0.008,0.896,1.225,16644,23067,0,36,33,33,1264944,33984,29,31,0
404,0.577,0.296,0.010,0.883,1.017,16644,23067,0,36,33,33,1264944,33984,29,31,0
405,0.554,0.261,0.011,0.826,0.998,16644,23067,0,36,33,33,1264944,33984,29,31,0
406,0.586,0.422,0.010,1.019,0.947,16644,23067,0,36,33,33,1264944,33984,29,31,0
407,0.555,10.749,0.012,11.316,1.141,16644,23067,0,36,33,33,1264944,33984,29,31,0
408,0.577,7.825,0.016,8.418,11.447,16644,23067,0,36,33,33,1264944,33984,29,31,0
409,0.631,7.298,0.012,7.941,8.561,16644,23067,0,36,33,33,1264944,33984,29,31,0
410,0.610,0.530,0.008,1.148,8.072,16644,23067,0,36,33,33,1264944,33984,29,31,0
411,0.637,0.341,0.014,0.993,1.269,16644,23067,0,36,33,33,1264944,33984,29,31,0
412,0.620,0.277,0.014,0.911,1.119,16644,23067,0,36,33,33,1264944,33984,29,31,0
413,0.602,0.545,0.008,1.156,1.056,16644,23067,0,36,33,33,1264944,33984,29,31,0
414,0.618,0.285,0.015,0.918,1.279,16644,23067,0,36,33,33,1264944,33984,29,31,0
415,0.599,4.454,0.008,5.061,1.044,16644,23067,0,36,33,33,1264944,33984,29,31,0
416,0.641,14.009,0.013,14.663,5.203,16644,23067,0,36,33,33,1264944,33984,29,31,0
417,0.742,6.658,0.011,7.411,14.819,16644,23067,0,36,33,33,1264944,33984,29,31,0
418,0.628,0.721,0.011,1.359,7.545,16644,23067,0,36,33,33,1264944,33984,29,31,0
419,0.636,0.347,0.013,0.996,1.486,16644,23067,0,36,33,33,1264944,33984,29,31,0
420,0.636,0.307,0.011,0.954,1.124,16644,23067,0,36,33,33,1264944,33984,29,31,0
421,0.640,0.345,0.008,0.994,1.075,16644,23067,0,36,33,33,1264944,33984,29,31,0
422,0.613,0.460,0.009,1.082,1.110,16644,23067,0,36,33,33,1264944,33984,29,31,0
423,0.573,4.201,0.012,4.786,1.201,16644,23067,0,36,33,33,1264944,33984,29,31,0
424,0.574,13.546,0.014,14.134,4.908,16644,23067,0,36,33,33,1264944,33984,29,31,0
425,0.608,7.368,0.008,7.985,14.261,16644,23067,0,36,33,33,1264944,33984,29,31,0
426,0.590,0.362,0.007,0.959,8.354,16644,23067,0,36,33,33,1264944,33984,29,31,0
427,0.540,0.307,0.010,0.858,1.192,16644,23067,0,36,33,33,1264944,33984,29,31,0
428,0.508,0.371,0.012,0.891,1.049,16644,23067,0,36,33,33,1264944,33984,29,31,0
429,0.518,0.260,0.012,0.790,0.995,16644,23067,0,36,33,33,1264944,33984,29,31,0
430,0.539,0.761,0.009,1.309,0.892,16644,23067,0,36,33,33,1264944,33984,29,31,0
431,0.514,4.288,0.009,4.811,1.423,16644,23067,0,36,33,33,1264944,33984,29,31,0
432,0.571,17.505,0.020,18.096,4.921,16644,23067,0,36,33,33,1264944,33984,29,31,0
433,0.658,2.556,0.016,3.230,19.822,16644,23067,0,36,33,33,1264944,33984,29,31,0
434,0.560,0.449,0.016,1.026,3.331,16644,23067,0,36,33,33,1264944,33984,29,31,0
435,0.529,0.783,0.019,1.330,1.113,16644,23067,0,36,33,33,1264944,33984,29,31,0
436,0.531,2.128,0.017,2.676,1.424,16644,23067,0,36,33,33,1264944,33984,29,31,0
437,0.547,10.374,0.014,10.936,2.785,16644,23067,0,36,33,33,1264944,33984,29,31,0
438,0.518,8.150,0.012,8.680,11.033,16644,23067,0,36,33,33,1264944,33984,29,31,0
439,0.534,6.970,0.011,7.516,8.780,16644,23067,0,36,33,33,1264944,33984,29,31,0
440,0.537,0.641,0.016,1.194,7.627,16644,23067,0,36,33,33,1264944,33984,29,31,0
441,0.551,1.924,0.014,2.488,1.296,16644,23067,0,36,33,33,1264944,33984,29,31,0
442,0.555,0.797,0.018,1.370,2.596,16644,23067,0,36,33,33,1264944,33984,29,31,0
443,0.535,1.807,0.017,2.359,1.481,16644,23067,0,36,33,33,1264944,33984,29,31,0
444,0.547,4.586,0.014,5.146,2.458,16644,23067,0,36,33,33,1264944,33984,29,31,0
445,0.531,11.681,0.019,12.231,5.271,16644,23067,0,36,33,33,1264944,33984,29,31,0
446,0.589,7.129,0.014,7.732,12.349,16644,23067,0,36,33,33,1264944,33984,29,31,0
447,0.597,0.584,0.018,1.199,7.860,16644,23067,0,36,33,33,1264944,33984,29,31,0
448,0.599,1.571,0.018,2.189,1.323,16644,23067,0,36,33,33,1264944,33984,29,31,0
449,0.564,0.644,0.023,1.230,2.305,16644,23067,0,36,33,33,1264944,33984,29,31,0
450,0.759,1.561,0.017,2.336,1.352,16644,23067,0,36,33,33,1264944,33984,29,31,0
451,0.568,4.052,0.033,4.653,2.446,16644,23067,0,36,33,33,1264944,33984,29,31,0
452,0.635,12.273,0.017,12.926,4.779,16644,23067,0,36,33,33,1264944,33984,29,31,0
453,0.542,7.769,0.015,8.326,13.032,16644,23067,0,36,33,33,1264944,33984,29,31,0
454,0.502,0.387,0.013,0.903,8.437,16644,23067,0,36,33,33,1264944,33984,29,31,0
455,0.500,0.951,0.010,1.461,0.992,16644,23067,0,36,33,33,1264944,33984,29,31,0
456,0.508,1.739,0.015,2.263,1.558,16644,23067,0,36,33,33,1264944,33984,29,31,0
457,0.529,0.570,0.013,1.112,2.378,16644,23067,0,36,33,33,1264944,33984,29,31,0
458,0.501,1.050,0.016,1.567,1.212,16644,23067,0,36,33,33,1264944,33984,29,31,0
459,0.530,3.226,0.017,3.773,1.676,16644,23067,0,36,33,33,1264944,33984,29,31,0
460,0.491,12.648,0.013,13.153,3.878,16644,23067,0,36,33,33,1264944,33984,29,31,0
461,0.529,7.729,0.013,8.272,13.260,16644,23067,0,36,33,33,1264944,33984,29,31,0
462,0.557,0.421,0.015,0.994,8.390,16644,23067,0,36,33,33,1264944,33984,29,31,0
463,0.549,0.685,0.014,1.248,1.110,16644,23067,0,36,33,33,1264944,33984,29,31,0
464,0.556,1.769,0.012,2.337,1.364,16644,23067,0,36,33,33,1264944,33984,29,31,0
465,0.547,11.169,0.018,11.734,2.472,16644,23067,0,36,33,33,1264944,33984,29,31,0
466,0.563,8.160,0.014,8.736,11.851,16644,23067,0,36,33,33,1264944,33984,29,31,0
467,0.569,6.804,0.016,7.389,8.845,16644,23067,0,36,33,33,1264944,33984,29,31,0
468,0.588,8.951,0.015,9.554,7.516,16644,23067,0,36,33,33,1264944,33984,29,31,0
469,0.610,6.331,0.020,6.961,9.676,16644,23067,0,36,33,33,1264944,33984,29,31,0
470,0.691,7.469,0.016,8.177,7.107,16644,23067,0,36,33,33,1264944,33984,29,31,0
471,0.647,7.301,0.020,7.968,8.298,16644,23067,0,36,33,33,1264944,33984,29,31,0
472,0.664,0.648,0.020,1.332,8.102,16644,23067,0,36,33,33,1264944,33984,29,31,0
473,0.668,0.572,0.018,1.258,1.470,16644,23067,0,36,33,33,1264944,33984,29,31,0
474,0.671,0.612,0.018,1.301,1.399,16644,23067,0,36,33,33,1264944,33984,29,31,0
475,0.684,0.505,0.018,1.208,1.424,16644,23067,0,36,33,33,1264944,33984,29,31,0
476,0.638,10.649,0.022,11.308,1.332,16644,23067,0,36,33,33,1264944,33984,29,31,0
477,0.697,7.863,0.019,8.579,11.447,16644,23067,0,36,33,33,1264944,33984,29,31,0
478,0.734,6.898,0.018,7.650,8.732,16644,23067,0,36,33,33,1264944,33984,29,31,0
479,0.748,0.552,0.019,1.318,7.807,16644,23067,0,36,33,33,1264944,33984,29,31,0
480,0.709,0.515,0.017,1.241,1.461,16644,23067,0,36,33,33,1264944,33984,29,31,0
481,0.705,0.483,0.012,1.200,1.395,16644,23067,0,36,33,33,1264944,33984,29,31,0
482,0.649,0.583,0.018,1.249,1.317,16644,23067,0,36,33,33,1264944,33984,29,31,0
483,0.638,10.300,0.021,10.958,1.372,16644,23067,0,36,33,33,1264944,33984,29,31,0
484,0.745,8.013,0.017,8.774,11.119,16644,23067,0,36,33,33,1264944,33984,29,31,0
485,0.722,6.795,0.033,7.550,8.930,16644,23067,0,36,33,33,1264944,33984,29,31,0
486,0.718,0.519,0.021,1.258,7.692,16644,23067,0,36,33,33,1264944,33984,29,31,0
487,0.702,0.581,0.020,1.304,1.391,16644,23067,0,36,33,33,1264944,33984,29,31,0
488,0.707,0.502,0.019,1.228,1.468,16644,23067,0,36,33,33,1264944,33984,29,31,0
489,0.696,0.593,0.019,1.308,1.408,16644,23067,0,36,33,33,1264944,33984,29,31,0
490,0.676,4.593,0.022,5.291,1.481,16644,23067,0,36,33,33,1264944,33984,29,31,0
491,0.722,13.811,0.023,14.556,5.432,16644,23067,0,36,33,33,1264944,33984,29,31,0
492,0.753,6.944,0.016,7.713,14.698,16644,23067,0,36,33,33,1264944,33984,29,31,0
493,0.716,0.609,0.017,1.343,7.867,16644,23067,0,36,33,33,1264944,33984,29,31,0
494,0.685,0.617,0.035,1.337,1.475,16644,23067,0,36,33,33,1264944,33984,29,31,0
495,0.713,0.569,0.019,1.301,1.487,16644,23067,0,36,33,33,1264944,33984,29,31,0
496,0.683,11.881,0.022,12.587,1.441,16644,23067,0,36,33,33,1264944,33984,29,31,0
497,0.748,7.565,0.021,8.334,12.742,16644,23067,0,36,33,33,1264944,33984,29,31,0
498,0.733,6.578,0.026,7.337,8.456,16644,23067,0,36,33,33,1264944,33984,29,31,0
499,0.666,0.649,0.022,1.336,7.480,16644,23067,0,36,33,33,1264944,33984,29,31,0
500,0.615,0.566,0.016,1.197,1.462,16644,23067,0,36,33,33,1264944,33984,29,31,0
501,0.597,0.523,0.016,1.137,1.307,16644,23067,0,36,33,33,1264944,33984,29,31,0
502,0.633,0.557,0.020,1.210,1.260,16644,23067,0,36,33,33,1264944,33984,29,31,0
503,0.632,4.669,0.046,5.348,1.316,16644,23067,0,36,33,33,1264944,33984,29,31,0
504,0.830,13.437,0.017,14.284,5.493,16644,23067,0,36,33,33,1264944,33984,29,31,0
505,0.600,7.010,0.012,7.621,14.413,16644,23067,0,36,33,33,1264944,33984,29,31,0
506,0.583,0.846,0.011,1.440,7.716,16644,23067,0,36,33,33,1264944,33984,29,31,0
507,0.535,0.399,0.015,0.949,1.525,16644,23067,0,36,33,33,1264944,33984,29,31,0
508,0.504,1.394,0.017,1.915,1.034,16644,23067,0,36,33,33,1264944,33984,29,31,0
509,0.568,0.442,0.016,1.026,2.016,16644,23067,0,36,33,33,1264944,33984,29,31,0
510,0.513,4.507,0.018,5.038,1.125,16644,23067,0,36,33,33,1264944,33984,29,31,0
511,0.554,13.756,0.013,14.323,5.157,16644,23067,0,36,33,33,1264944,33984,29,31,0
512,0.525,7.322,0.012,7.860,14.434,16644,23067,0,36,33,33,1264944,33984,29,31,0
513,0.531,0.788,0.015,1.334,8.055,16644,23067,0,36,33,33,1264944,33984,29,31,0
514,0.512,0.419,0.017,0.948,1.434,16644,23067,0,36,33,33,1264944,33984,29,31,0
515,0.512,0.460,0.012,0.984,1.041,16644,23067,0,36,33,33,1264944,33984,29,31,0
516,0.470,0.386,0.018,0.874,1.084,16644,23067,0,36,33,33,1264944,33984,29,31,0
517,0.506,0.580,0.015,1.102,0.965,16644,23067,0,36,33,33,1264944,33984,29,31,0
518,0.490,0.718,0.015,1.223,1.191,16644,23067,0,36,33,33,1264944,33984,29,31,0
519,0.497,9.126,0.016,9.638,1.316,16644,23067,0,36,33,33,1264944,33984,29,31,0
520,0.540,8.682,0.021,9.242,9.739,16644,23067,0,36,33,33,1264944,33984,29,31,0
521,0.539,6.569,0.014,7.122,9.332,16644,23067,0,36,33,33,1264944,33984,29,31,0
522,0.508,0.687,0.013,1.208,7.214,16644,23067,0,36,33,33,1264944,33984,29,31,0
523,0.494,0.401,0.017,0.912,1.294,16644,23067,0,36,33,33,1264944,33984,29,31,0
524,0.496,0.537,0.015,1.048,0.999,16644,23067,0,36,33,33,1264944,33984,29,31,0
525,0.471,0.429,0.015,0.914,1.142,16644,23067,0,36,33,33,1264944,33984,29,31,0
526,0.481,0.568,0.041,1.089,1.000,16644,23067,0,36,33,33,1264944,33984,29,31,0
527,0.478,0.402,0.009,0.890,1.187,16644,23067,0,36,33,33,1264944,33984,29,31,0
528,0.505,0.975,0.020,1.500,0.977,16644,23067,0,36,33,33,1264944,33984,29,31,0
529,0.472,3.623,0.013,4.107,1.589,16644,23067,0,36,33,33,1264944,33984,29,31,0
530,0.477,12.320,0.017,12.813,4.214,16644,23067,0,36,33,33,1264944,33984,29,31,0
531,0.501,7.362,0.010,7.874,12.914,16644,23067,0,36,33,33,1264944,33984,29,31,0
532,0.487,0.811,0.015,1.314,7.963,16644,23067,0,36,33,33,1264944,33984,29,31,0
533,0.460,0.572,0.020,1.053,1.416,16644,23067,0,36,33,33,1264944,33984,29,31,0
534,0.460,0.381,0.014,0.855,1.140,16644,23067,0,36,33,33,1264944,33984,29,31,0
535,0.449,0.639,0.040,1.127,0.939,16644,23067,0,36,33,33,1264944,33984,29,31,0
536,0.490,0.936,0.012,1.439,1.211,16644,23067,0,36,33,33,1264944,33984,29,31,0
537,0.447,3.301,0.014,3.762,1.529,16644,23067,0,36,33,33,1264944,33984,29,31,0
538,0.494,14.653,0.019,15.167,3.860,16644,23067,0,36,33,33,1264944,33984,29,31,0
539,0.490,7.369,0.018,7.877,15.269,16644,23067,0,36,33,33,1264944,33984,29,31,0
540,0.505,0.638,0.012,1.155,7.962,16644,23067,0,36,33,33,1264944,33984,29,31,0
541,0.474,0.391,0.012,0.877,1.237,16644,23067,0,36,33,33,1264944,33984,29,31,0
542,0.463,0.529,0.015,1.007,0.961,16644,23067,0,36,33,33,1264944,33984,29,31,0
543,0.471,0.348,0.012,0.831,1.093,16644,23067,0,36,33,33,1264944,33984,29,31,0
544,0.483,0.452,0.014,0.949,1.165,16644,23067,0,36,33,33,1264944,33984,29,31,0
545,0.464,3.573,0.013,4.050,1.036,16644,23067,0,36,33,33,1264944,33984,29,31,0
546,0.475,15.227,0.011,15.713,4.143,16644,23067,0,36,33,33,1264944,33984,29,31,0
547,0.500,7.327,0.011,7.837,15.811,16644,23067,0,36,33,33,1264944,33984,29,31,0
548,0.489,0.684,0.017,1.190,7.928,16644,23067,0,36,33,33,1264944,33984,29,31,0
549,0.483,0.407,0.013,0.902,1.274,16644,23067,0,36,33,33,1264944,33984,29,31,0
550,0.464,2.590,0.011,3.065,0.986,16644,23067,0,36,33,33,1264944,33984,29,31,0
551,0.487,0.374,0.015,0.876,3.301,16644,23067,0,36,33,33,1264944,33984,29,31,0
552,0.459,1.282,0.017,1.757,0.964,16644,23067,0,36,33,33,1264944,33984,29,31,0
553,0.514,3.312,0.014,3.839,1.861,16644,23067,0,36,33,33,1264944,33984,29,31,0
554,0.498,17.582,0.031,18.111,3.943,16644,23067,0,36,33,33,1264944,33984,29,31,0
555,0.572,1.723,0.015,2.310,18.226,16644,23067,0,36,33,33,1264944,33984,29,31,0
556,0.526,0.498,0.013,1.037,2.451,16644,23067,0,36,33,33,1264944,33984,29,31,0
557,0.585,0.441,0.012,1.038,1.134,16644,23067,0,36,33,33,1264944,33984,29,31,0
558,0.561,0.520,0.016,1.097,1.145,16644,23067,0,36,33,33,1264944,33984,29,31,0
559,0.531,0.529,0.012,1.072,1.212,16644,23067,0,36,33,33,1264944,33984,29,31,0
560,0.551,1.543,0.012,2.106,1.174,16644,23067,0,36,33,33,1264944,33984,29,31,0
561,0.550,0.697,0.011,1.258,2.208,16644,23067,0,36,33,33,1264944,33984,29,31,0
562,0.530,0.983,0.014,1.527,1.350,16644,23067,0,36,33,33,1264944,33984,29,31,0
563,0.528,14.841,0.014,15.383,1.615,16644,23067,0,36,33,33,1264944,33984,29,31,0
564,0.555,7.350,0.013,7.918,15.484,16644,23067,0,36,33,33,1264944,33984,29,31,0
565,0.553,0.481,0.016,1.050,8.017,16644,23067,0,36,33,33,1264944,33984,29,31,0
566,0.516,0.839,0.031,1.386,1.151,16644,23067,0,36,33,33,1264944,33984,29,31,0
567,0.558,0.407,0.014,0.979,1.492,16644,23067,0,36,33,33,1264944,33984,29,31,0
568,0.514,0.869,0.014,1.397,1.097,16644,23067,0,36,33,33,1264944,33984,29,31,0
569,0.576,0.597,0.017,1.190,1.498,16644,23067,0,36,33,33,1264944,33984,29,31,0
570,0.591,1.106,0.015,1.712,1.290,16644,23067,0,36,33,33,1264944,33984,29,31,0
571,0.556,16.913,0.022,17.491,1.811,16644,23067,0,36,33,33,1264944,33984,29,31,0
572,0.563,6.876,0.015,7.454,17.609,16644,23067,0,36,33,33,1264944,33984,29,31,0
573,0.569,0.754,0.015,1.338,7.562,16644,23067,0,36,33,33,1264944,33984,29,31,0
574,0.615,0.481,0.015,1.112,1.452,16644,23067,0,36,33,33,1264944,33984,29,31,0
575,0.589,0.451,0.038,1.077,1.231,16644,23067,0,36,33,33,1264944,33984,29,31,0
576,0.587,0.473,0.015,1.075,1.183,16644,23067,0,36,33,33,1264944,33984,29,31,0
577,0.580,0.473,0.021,1.075,1.178,16644,23067,0,36,33,33,1264944,33984,29,31,0
578,0.549,10.142,0.015,10.706,1.179,16644,23067,0,36,33,33,1264944,33984,29,31,0
579,0.567,7.544,0.019,8.131,10.820,16644,23067,0,36,33,33,1264944,33984,29,31,0
580,0.565,7.485,0.017,8.067,8.255,16644,23067,0,36,33,33,1264944,33984,29,31,0
581,0.646,0.498,0.013,1.157,8.198,16644,23067,0,36,33,33,1264944,33984,29,31,0
582,0.602,0.526,0.015,1.143,1.269,16644,23067,0,36,33,33,1264944,33984,29,31,0
583,0.609,0.494,0.014,1.117,1.259,16644,23067,0,36,33,33,1264944,33984,29,31,0
584,0.637,0.507,0.016,1.160,1.227,16644,23067,0,36,33,33,1264944,33984,29,31,0
585,0.616,11.492,0.019,12.128,1.276,16644,23067,0,36,33,33,1264944,33984,29,31,0
586,0.612,7.754,0.020,8.386,12.250,16644,23067,0,36,33,33,1264944,33984,29,31,0
587,0.648,7.213,0.015,7.876,8.544,16644,23067,0,36,33,33,1264944,33984,29,31,0
588,0.652,1.052,0.014,1.719,8.004,16644,23067,0,36,33,33,1264944,33984,29,31,0
589,0.653,0.851,0.020,1.524,1.940,16644,23067,0,36,33,33,1264944,33984,29,31,0
590,0.708,0.527,0.018,1.253,1.658,16644,23067,0,36,33,33,1264944,33984,29,31,0
591,0.657,0.707,0.018,1.382,1.380,16644,23067,0,36,33,33,1264944,33984,29,31,0
592,0.641,3.975,0.016,4.631,1.525,16644,23067,0,36,33,33,1264944,33984,29,31,0
593,0.637,13.229,0.020,13.887,4.754,16644,23067,0,36,33,33,1264944,33984,29,31,0
594,0.705,6.770,0.018,7.493,14.017,16644,23067,0,36,33,33,1264944,33984,29,31,0
595,0.705,0.516,0.019,1.240,7.648,16644,23067,0,36,33,33,1264944,33984,29,31,0
596,0.681,0.556,0.018,1.255,1.378,16644,23067,0,36,33,33,1264944,33984,29,31,0
597,0.650,0.548,0.027,1.226,1.391,16644,23067,0,36,33,33,1264944,33984,29,31,0
598,0.675,0.648,0.023,1.346,1.354,16644,23067,0,36,33,33,1264944,33984,29,31,0
599,0.723,10.998,0.026,11.747,1.502,16644,23067,0,36,33,33,1264944,33984,29,31,0
600,0.707,6.952,0.016,7.675,11.887,16644,23067,0,36,33,33,1264944,33984,29,31,0
601,0.644,7.274,0.018,7.935,7.807,16644,23067,0,36,33,33,1264944,33984,29,31,0
602,0.693,0.532,0.018,1.243,8.077,16644,23067,0,36,33,33,1264944,33984,29,31,0
603,0.673,0.541,0.017,1.232,1.376,16644,23067,0,36,33,33,1264944,33984,29,31,0
604,0.690,0.590,0.013,1.292,1.368,16644,23067,0,36,33,33,1264944,33984,29,31,0
605,0.711,0.500,0.047,1.258,1.443,16644,23067,0,36,33,33,1264944,33984,29,31,0
606,0.631,10.470,0.025,11.127,1.383,16644,23067,0,36,33,33,1264944,33984,29,31,0
607,0.735,7.483,0.014,8.231,11.266,16644,23067,0,36,33,33,1264944,33984,29,31,0
608,0.695,7.198,0.020,7.913,8.374,16644,23067,0,36,33,33,1264944,33984,29,31,0
609,0.687,0.502,0.022,1.211,8.083,16644,23067,0,36,33,33,1264944,33984,29,31,0
610,0.665,0.509,0.015,1.190,1.360,16644,23067,0,36,33,33,1264944,33984,29,31,0
611,0.680,0.618,0.018,1.316,1.319,16644,23067,0,36,33,33,1264944,33984,29,31,0
612,0.750,0.503,0.019,1.273,1.470,16644,23067,0,36,33,33,1264944,33984,29,31,0
613,0.687,10.350,0.016,11.053,1.408,16644,23067,0,36,33,33,1264944,33984,29,31,0
614,0.704,7.654,0.019,8.377,11.189,16644,23067,0,36,33,33,1264944,33984,29,31,0
615,0.746,7.107,0.019,7.872,8.541,16644,23067,0,36,33,33,1264944,33984,29,31,0
616,0.759,0.524,0.027,1.311,8.030,16644,23067,0,36,33,33,1264944,33984,29,31,0
617,0.750,0.539,0.019,1.308,1.455,16644,23067,0,36,33,33,1264944,33984,29,31,0
618,0.666,0.511,0.024,1.201,1.443,16644,23067,0,36,33,33,1264944,33984,29,31,0
619,0.710,0.637,0.018,1.365,1.362,16644,23067,0,36,33,33,1264944,33984,29,31,0
620,0.678,10.255,0.022,10.955,1.525,16644,23067,0,36,33,33,1264944,33984,29,31,0
621,0.732,7.663,0.021,8.416,11.100,16644,23067,0,36,33,33,1264944,33984,29,31,0
622,0.763,7.220,0.018,8.001,8.573,16644,23067,0,36,33,33,1264944,33984,29,31,0
623,0.748,0.577,0.050,1.375,8.180,16644,23067,0,36,33,33,1264944,33984,29,31,0
624,0.733,0.533,0.019,1.285,1.531,16644,23067,0,36,33,33,1264944,33984,29,31,0
625,0.769,0.666,0.021,1.455,1.431,16644,23067,0,36,33,33,1264944,33984,29,31,0
626,0.713,0.584,0.021,1.318,1.593,16644,23067,0,36,33,33,1264944,33984,29,31,0
627,0.698,1.237,0.018,1.954,1.447,16644,23067,0,36,33,33,1264944,33984,29,31,0
628,0.680,3.505,0.018,4.203,2.096,16644,23067,0,36,33,33,1264944,33984,29,31,0
629,0.688,12.035,0.021,12.744,4.354,16644,23067,0,36,33,33,1264944,33984,29,31,0
630,0.761,7.040,0.019,7.820,12.894,16644,23067,0,36,33,33,1264944,33984,29,31,0
631,0.804,0.661,0.023,1.488,7.983,16644,23067,0,36,33,33,1264944,33984,29,31,0
632,0.780,0.575,0.019,1.374,1.638,16644,23067,0,36,33,33,1264944,33984,29,31,0
633,0.759,0.597,0.026,1.382,1.525,16644,23067,0,36,33,33,1264944,33984,29,31,0
634,0.777,0.612,0.018,1.406,1.508,16644,23067,0,36,33,33,1264944,33984,29,31,0
635,0.702,1.001,0.020,1.722,1.542,16644,23067,0,36,33,33,1264944,33984,29,31,0
636,0.667,3.656,0.017,4.341,1.869,16644,23067,0,36,33,33,1264944,33984,29,31,0
637,0.698,11.712,0.015,12.425,4.492,16644,23067,0,36,33,33,1264944,33984,29,31,0
638,0.751,7.345,0.018,8.115,12.576,16644,23067,0,36,33,33,1264944,33984,29,31,0
639,0.750,0.529,0.016,1.295,8.257,16644,23067,0,36,33,33,1264944,33984,29,31,0
640,0.637,0.527,0.018,1.183,1.411,16644,23067,0,36,33,33,1264944,33984,29,31,0
641,0.625,0.550,0.013,1.188,1.315,16644,23067,0,36,33,33,1264944,33984,29,31,0
642,0.624,0.576,0.016,1.215,1.322,16644,23067,0,36,33,33,1264944,33984,29,31,0
643,0.613,4.240,0.017,4.870,1.343,16644,23067,0,36,33,33,1264944,33984,29,31,0
644,0.586,14.262,0.027,14.875,4.990,16644,23067,0,36,33,33,1264944,33984,29,31,0
645,0.710,7.003,0.016,7.729,15.011,16644,23067,0,36,33,33,1264944,33984,29,31,0
646,0.670,0.650,0.019,1.340,7.851,16644,23067,0,36,33,33,1264944,33984,29,31,0
647,0.668,0.551,0.016,1.235,1.468,16644,23067,0,36,33,33,1264944,33984,29,31,0
648,0.653,0.547,0.013,1.213,1.360,16644,23067,0,36,33,33,1264944,33984,29,31,0
649,0.713,0.554,0.022,1.288,1.337,16644,23067,0,36,33,33,1264944,33984,29,31,0
650,0.592,4.353,0.016,4.962,1.399,16644,23067,0,36,33,33,1264944,33984,29,31,0
651,0.615,13.887,0.014,14.516,5.085,16644,23067,0,36,33,33,1264944,33984,29,31,0
652,0.667,7.146,0.018,7.831,14.656,16644,23067,0,36,33,33,1264944,33984,29,31,0
653,0.709,0.580,0.015,1.304,7.984,16644,23067,0,36,33,33,1264944,33984,29,31,0
654,0.683,0.530,0.020,1.232,1.434,16644,23067,0,36,33,33,1264944,33984,29,31,0
655,0.633,0.791,0.017,1.441,1.370,16644,23067,0,36,33,33,1264944,33984,29,31,0
656,0.698,0.486,0.018,1.202,1.563,16644,23067,0,36,33,33,1264944,33984,29,31,0
657,0.642,10.452,0.018,11.112,1.328,16644,23067,0,36,33,33,1264944,33984,29,31,0
658,0.622,7.207,0.021,7.849,11.240,16644,23067,0,36,33,33,1264944,33984,29,31,0
659,0.638,7.198,0.019,7.855,7.968,16644,23067,0,36,33,33,1264944,33984,29,31,0
660,0.572,0.655,0.018,1.245,7.986,16644,23067,0,36,33,33,1264944,33984,29,31,0
661,0.520,0.501,0.015,1.036,1.339,16644,23067,0,36,33,33,1264944,33984,29,31,0
662,0.535,0.558,0.015,1.107,1.135,16644,23067,0,36,33,33,1264944,33984,29,31,0
663,0.514,0.448,0.013,0.975,1.197,16644,23067,0,36,33,33,1264944,33984,29,31,0
664,0.528,0.445,0.013,0.986,1.070,16644,23067,0,36,33,33,1264944,33984,29,31,0
665,0.528,4.316,0.019,4.863,1.103,16644,23067,0,36,33,33,1264944,33984,29,31,0
666,0.519,13.839,0.021,14.379,4.964,16644,23067,0,36,33,33,1264944,33984,29,31,0
667,0.556,7.379,0.017,7.952,14.489,16644,23067,0,36,33,33,1264944,33984,29,31,0
668,0.506,0.678,0.015,1.198,8.048,16644,23067,0,36,33,33,1264944,33984,29,31,0
669,0.485,0.427,0.016,0.928,1.289,16644,23067,0,36,33,33,1264944,33984,29,31,0
670,0.479,0.571,0.012,1.063,1.016,16644,23067,0,36,33,33,1264944,33984,29,31,0
671,0.466,0.371,0.019,0.857,1.162,16644,23067,0,36,33,33,1264944,33984,29,31,0
672,0.483,0.447,0.014,0.944,0.955,16644,23067,0,36,33,33,1264944,33984,29,31,0
673,0.463,3.565,0.017,4.046,1.032,16644,23067,0,36,33,33,1264944,33984,29,31,0
674,0.487,15.511,0.013,16.011,4.147,16644,23067,0,36,33,33,1264944,33984,29,31,0
675,0.518,7.126,0.015,7.659,16.109,16644,23067,0,36,33,33,1264944,33984,29,31,0
676,0.473,0.753,0.013,1.239,7.747,16644,23067,0,36,33,33,1264944,33984,29,31,0
677,0.473,0.420,0.016,0.909,1.331,16644,23067,0,36,33,33,1264944,33984,29,31,0
678,0.454,0.406,0.012,0.872,0.994,16644,23067,0,36,33,33,1264944,33984,29,31,0
679,0.454,0.412,0.020,0.887,0.955,16644,23067,0,36,33,33,1264944,33984,29,31,0
680,0.476,0.611,0.014,1.101,0.983,16644,23067,0,36,33,33,1264944,33984,29,31,0
681,0.480,10.644,0.014,11.138,1.199,16644,23067,0,36,33,33,1264944,33984,29,31,0
682,0.512,8.059,0.013,8.584,11.246,16644,23067,0,36,33,33,1264944,33984,29,31,0
683,0.495,7.389,0.013,7.897,8.671,16644,23067,0,36,33,33,1264944,33984,29,31,0
684,0.477,0.659,0.012,1.147,8.007,16644,23067,0,36,33,33,1264944,33984,29,31,0
685,0.483,0.392,0.013,0.889,1.249,16644,23067,0,36,33,33,1264944,33984,29,31,0
686,0.506,0.444,0.015,0.966,0.987,16644,23067,0,36,33,33,1264944,33984,29,31,0
687,0.459,0.377,0.009,0.844,1.061,16644,23067,0,36,33,33,1264944,33984,29,31,0
688,0.496,0.727,0.015,1.238,0.928,16644,23067,0,36,33,33,1264944,33984,29,31,0
689,0.481,4.544,0.014,5.039,1.346,16644,23067,0,36,33,33,1264944,33984,29,31,0
690,0.457,14.159,0.012,14.628,5.144,16644,23067,0,36,33,33,1264944,33984,29,31,0
691,0.472,7.099,0.013,7.583,14.725,16644,23067,0,36,33,33,1264944,33984,29,31,0
692,0.506,7.541,0.020,8.067,7.686,16644,23067,0,36,33,33,1264944,33984,29,31,0
693,0.547,7.958,0.016,8.521,8.174,16644,23067,0,36,33,33,1264944,33984,29,31,0
694,0.536,7.933,0.013,8.482,8.631,16644,23067,0,36,33,33,1264944,33984,29,31,0
695,0.586,7.176,0.019,7.781,8.616,16644,23067,0,36,33,33,1264944,33984,29,31,0
696,0.576,0.815,0.018,1.410,7.895,16644,23067,0,36,33,33,1264944,33984,29,31,0
697,0.623,0.483,0.014,1.120,1.539,16644,23067,0,36,33,33,1264944,33984,29,31,0
698,0.609,0.485,0.012,1.107,1.242,16644,23067,0,36,33,33,1264944,33984,29,31,0
699,0.617,0.500,0.013,1.130,1.217,16644,23067,0,36,33,33,1264944,33984,29,31,0
700,0.562,0.426,0.016,1.004,1.243,16644,23067,0,36,33,33,1264944,33984,29,31,0
701,0.546,10.046,0.014,10.606,1.118,16644,23067,0,36,33,33,1264944,33984,29,31,0
702,0.586,7.858,0.016,8.460,10.731,16644,23067,0,36,33,33,1264944,33984,29,31,0
703,0.602,7.264,0.018,7.885,8.616,16644,23067,0,36,33,33,1264944,33984,29,31,0
704,0.622,0.461,0.016,1.098,8.029,16644,23067,0,36,33,33,1264944,33984,29,31,0
705,0.634,0.536,0.015,1.185,1.223,16644,23067,0,36,33,33,1264944,33984,29,31,0
706,0.625,0.489,0.014,1.127,1.312,16644,23067,0,36,33,33,1264944,33984,29,31,0
707,0.620,0.503,0.015,1.138,1.239,16644,23067,0,36,33,33,1264944,33984,29,31,0
708,0.585,10.974,0.017,11.576,1.256,16644,23067,0,36,33,33,1264944,33984,29,31,0
709,0.632,7.900,0.015,8.547,11.705,16644,23067,0,36,33,33,1264944,33984,29,31,0
710,0.639,7.071,0.019,7.728,8.694,16644,23067,0,36,33,33,1264944,33984,29,31,0
711,0.634,0.545,0.020,1.198,7.867,16644,23067,0,36,33,33,1264944,33984,29,31,0
712,0.679,0.553,0.019,1.252,1.353,16644,23067,0,36,33,33,1264944,33984,29,31,0
713,0.674,0.878,0.030,1.582,1.390,16644,23067,0,36,33,33,1264944,33984,29,31,0
714,0.642,0.558,0.023,1.222,1.707,16644,23067,0,36,33,33,1264944,33984,29,31,0
715,0.647,4.228,0.016,4.891,1.358,16644,23067,0,36,33,33,1264944,33984,29,31,0
716,0.640,13.995,0.020,14.655,5.008,16644,23067,0,36,33,33,1264944,33984,29,31,0
717,0.710,6.993,0.025,7.729,14.810,16644,23067,0,36,33,33,1264944,33984,29,31,0
718,0.727,0.564,0.018,1.309,7.891,16644,23067,0,36,33,33,1264944,33984,29,31,0
719,0.693,0.539,0.022,1.254,1.436,16644,23067,0,36,33,33,1264944,33984,29,31,0
720,0.664,0.493,0.016,1.173,1.400,16644,23067,0,36,33,33,1264944,33984,29,31,0
721,0.715,0.628,0.017,1.360,1.312,16644,23067,0,36,33,33,1264944,33984,29,31,0
722,0.684,10.086,0.033,10.804,1.487,16644,23067,0,36,33,33,1264944,33984,29,31,0
723,0.703,8.256,0.021,8.980,10.966,16644,23067,0,36,33,33,1264944,33984,29,31,0
724,0.690,6.788,0.020,7.498,9.125,16644,23067,0,36,33,33,1264944,33984,29,31,0
725,0.717,0.543,0.017,1.277,7.641,16644,23067,0,36,33,33,1264944,33984,29,31,0
726,0.694,0.603,0.016,1.313,1.419,16644,23067,0,36,33,33,1264944,33984,29,31,0
727,0.692,0.543,0.015,1.250,1.445,16644,23067,0,36,33,33,1264944,33984,29,31,0
728,0.706,0.572,0.019,1.297,1.381,16644,23067,0,36,33,33,1264944,33984,29,31,0
729,0.672,3.871,0.016,4.559,1.437,16644,23067,0,36,33,33,1264944,33984,29,31,0
730,0.691,14.086,0.029,14.806,4.696,16644,23067,0,36,33,33,1264944,33984,29,31,0
731,0.765,7.037,0.019,7.821,14.973,16644,23067,0,36,33,33,1264944,33984,29,31,0
732,0.767,0.567,0.029,1.362,7.966,16644,23067,0,36,33,33,1264944,33984,29,31,0
733,0.674,2.214,0.017,2.905,1.514,16644,23067,0,36,33,33,1264944,33984,29,31,0
734,0.742,0.808,0.019,1.568,3.072,16644,23067,0,36,33,33,1264944,33984,29,31,0
735,0.696,2.141,0.019,2.857,1.743,16644,23067,0,36,33,33,1264944,33984,29,31,0
736,0.683,5.588,0.020,6.291,2.993,16644,23067,0,36,33,33,1264944,33984,29,31,0
737,0.671,10.053,0.016,10.740,6.423,16644,23067,0,36,33,33,1264944,33984,29,31,0
738,0.661,5.874,0.017,6.551,10.873,16644,23067,0,36,33,33,1264944,33984,29,31,0
739,0.699,0.554,0.021,1.275,6.694,16644,23067,0,36,33,33,1264944,33984,29,31,0
740,0.714,2.124,0.021,2.859,1.423,16644,23067,0,36,33,33,1264944,33984,29,31,0
741,0.729,0.787,0.020,1.536,2.991,16644,23067,0,36,33,33,1264944,33984,29,31,0
742,0.689,2.116,0.013,2.819,1.693,16644,23067,0,36,33,33,1264944,33984,29,31,0
743,0.711,5.022,0.022,5.755,2.978,16644,23067,0,36,33,33,1264944,33984,29,31,0
744,0.742,9.116,0.018,9.877,5.900,16644,23067,0,36,33,33,1264944,33984,29,31,0
745,0.665,7.330,0.017,8.012,10.023,16644,23067,0,36,33,33,1264944,33984,29,31,0
746,0.774,0.626,0.025,1.426,8.158,16644,23067,0,36,33,33,1264944,33984,29,31,0
747,0.776,1.669,0.019,2.464,1.580,16644,23067,0,36,33,33,1264944,33984,29,31,0
748,0.702,0.544,0.029,1.275,2.605,16644,23067,0,36,33,33,1264944,33984,29,31,0
749,0.728,1.727,0.020,2.475,1.432,16644,23067,0,36,33,33,1264944,33984,29,31,0
750,0.812,4.232,0.028,5.072,2.612,16644,23067,0,36,33,33,1264944,33984,29,31,0
751,0.750,11.042,0.021,11.813,5.225,16644,23067,0,36,33,33,1264944,33984,29,31,0
752,0.776,7.427,0.019,8.221,11.986,16644,23067,0,36,33,33,1264944,33984,29,31,0
753,0.791,0.653,0.025,1.469,8.382,16644,23067,0,36,33,33,1264944,33984,29,31,0
754,0.775,1.630,0.028,2.433,1.624,16644,23067,0,36,33,33,1264944,33984,29,31,0
755,0.789,0.556,0.020,1.366,2.588,16644,23067,0,36,33,33,1264944,33984,29,31,0
756,0.765,0.559,0.023,1.347,1.523,16644,23067,0,36,33,33,1264944,33984,29,31,0
757,0.803,3.330,0.019,4.152,1.495,16644,23067,0,36,33,33,1264944,33984,29,31,0
758,0.777,12.315,0.020,13.112,4.309,16644,23067,0,36,33,33,1264944,33984,29,31,0
759,0.791,7.376,0.019,8.186,13.274,16644,23067,0,36,33,33,1264944,33984,29,31,0
760,0.821,0.655,0.027,1.503,8.355,16644,23067,0,36,33,33,1264944,33984,29,31,0
761,0.787,1.934,0.017,2.738,1.662,16644,23067,0,36,33,33,1264944,33984,29,31,0
762,0.815,0.600,0.023,1.437,2.888,16644,23067,0,36,33,33,1264944,33984,29,31,0
763,0.757,0.957,0.023,1.737,1.586,16644,23067,0,36,33,33,1264944,33984,29,31,0
764,0.758,4.989,0.023,5.769,1.884,16644,23067,0,36,33,33,1264944,33984,29,31,0
765,0.763,10.144,0.020,10.928,5.956,16644,23067,0,36,33,33,1264944,33984,29,31,0
766,0.852,7.239,0.023,8.114,11.119,16644,23067,0,36,33,33,1264944,33984,29,31,0
767,0.880,0.662,0.021,1.562,8.299,16644,23067,0,36,33,33,1264944,33984,29,31,0
768,0.771,0.601,0.019,1.391,1.731,16644,23067,0,36,33,33,1264944,33984,29,31,0
769,0.748,0.557,0.020,1.324,1.533,16644,23067,0,36,33,33,1264944,33984,29,31,0
770,0.739,0.577,0.019,1.335,1.472,16644,23067,0,36,33,33,1264944,33984,29,31,0
771,0.726,0.549,0.016,1.291,1.490,16644,23067,0,36,33,33,1264944,33984,29,31,0
772,0.805,2.986,0.022,3.813,1.432,16644,23067,0,36,33,33,1264944,33984,29,31,0
773,0.846,12.299,0.020,13.165,3.983,16644,23067,0,36,33,33,1264944,33984,29,31,0
774,0.770,7.303,0.021,8.094,13.333,16644,23067,0,36,33,33,1264944,33984,29,31,0
775,0.766,0.604,0.027,1.397,8.257,16644,23067,0,36,33,33,1264944,33984,29,31,0
776,0.723,0.543,0.023,1.289,1.552,16644,23067,0,36,33,33,1264944,33984,29,31,0
777,0.751,0.550,0.019,1.319,1.441,16644,23067,0,36,33,33,1264944,33984,29,31,0
778,0.777,0.683,0.018,1.477,1.466,16644,23067,0,36,33,33,1264944,33984,29,31,0
779,0.773,4.678,0.021,5.471,1.630,16644,23067,0,36,33,33,1264944,33984,29,31,0
780,0.757,12.226,0.019,13.002,5.634,16644,23067,0,36,33,33,1264944,33984,29,31,0
781,0.781,7.235,0.020,8.036,13.152,16644,23067,0,36,33,33,1264944,33984,29,31,0
782,0.810,0.595,0.024,1.430,8.193,16644,23067,0,36,33,33,1264944,33984,29,31,0
783,0.733,0.595,0.016,1.343,1.579,16644,23067,0,36,33,33,1264944,33984,29,31,0
784,0.771,0.575,0.016,1.362,1.488,16644,23067,0,36,33,33,1264944,33984,29,31,0
785,0.798,0.883,0.024,1.704,1.511,16644,23067,0,36,33,33,1264944,33984,29,31,0
786,0.790,4.926,0.030,5.746,1.845,16644,23067,0,36,33,33,1264944,33984,29,31,0
787,0.796,12.142,0.021,12.958,5.919,16644,23067,0,36,33,33,1264944,33984,29,31,0
788,0.815,6.628,0.018,7.461,13.119,16644,23067,0,36,33,33,1264944,33984,29,31,0
789,0.775,0.579,0.019,1.372,7.633,16644,23067,0,36,33,33,1264944,33984,29,31,0
790,0.755,0.545,0.018,1.318,1.542,16644,23067,0,36,33,33,1264944,33984,29,31,0
791,0.738,0.607,0.020,1.365,1.469,16644,23067,0,36,33,33,1264944,33984,29,31,0
792,0.773,0.609,0.015,1.397,1.507,16644,23067,0,36,33,33,1264944,33984,29,31,0
793,0.739,10.329,0.022,11.089,1.544,16644,23067,0,36,33,33,1264944,33984,29,31,0
794,0.777,7.929,0.018,8.724,11.237,16644,23067,0,36,33,33,1264944,33984,29,31,0
795,0.787,6.574,0.019,7.380,8.884,16644,23067,0,36,33,33,1264944,33984,29,31,0
796,0.788,0.603,0.019,1.410,7.529,16644,23067,0,36,33,33,1264944,33984,29,31,0
797,0.777,0.582,0.020,1.380,1.584,16644,23067,0,36,33,33,1264944,33984,29,31,0
798,0.764,0.585,0.029,1.379,1.533,16644,23067,0,36,33,33,1264944,33984,29,31,0
799,0.862,0.669,0.019,1.551,1.526,16644,23067,0,36,33,33,1264944,33984,29,31,0
800,0.807,0.662,0.019,1.488,1.714,16644,23067,0,36,33,33,1264944,33984,29,31,0
801,0.760,3.390,0.018,4.167,1.641,16644,23067,0,36,33,33,1264944,33984,29,31,0
802,0.787,11.998,0.018,12.803,4.322,16644,23067,0,36,33,33,1264944,33984,29,31,0
803,0.737,7.216,0.019,7.972,12.960,16644,23067,0,36,33,33,1264944,33984,29,31,0
804,0.759,0.754,0.024,1.537,8.122,16644,23067,0,36,33,33,1264944,33984,29,31,0
805,0.791,0.565,0.021,1.377,1.696,16644,23067,0,36,33,33,1264944,33984,29,31,0
806,0.740,0.674,0.022,1.436,1.526,16644,23067,0,36,33,33,1264944,33984,29,31,0
807,0.799,0.581,0.019,1.399,1.593,16644,23067,0,36,33,33,1264944,33984,29,31,0
808,0.779,0.684,0.016,1.478,1.558,16644,23067,0,36,33,33,1264944,33984,29,31,0
809,0.725,3.297,0.021,4.043,1.628,16644,23067,0,36,33,33,1264944,33984,29,31,0
810,0.713,12.175,0.026,12.914,4.189,16644,23067,0,36,33,33,1264944,33984,29,31,0
811,0.773,6.954,0.017,7.743,13.074,16644,23067,0,36,33,33,1264944,33984,29,31,0
812,0.761,0.582,0.017,1.359,7.904,16644,23067,0,36,33,33,1264944,33984,29,31,0
813,0.740,0.592,0.016,1.348,1.506,16644,23067,0,36,33,33,1264944,33984,29,31,0
814,0.738,0.570,0.015,1.323,1.500,16644,23067,0,36,33,33,1264944,33984,29,31,0
815,0.780,0.580,0.016,1.376,1.461,16644,23067,0,36,33,33,1264944,33984,29,31,0
816,0.753,9.719,0.017,10.488,1.517,16644,23067,0,36,33,33,1264944,33984,29,31,0
817,0.758,8.311,0.025,9.094,10.648,16644,23067,0,36,33,33,1264944,33984,29,31,0
818,0.749,6.505,0.018,7.273,9.255,16644,23067,0,36,33,33,1264944,33984,29,31,0
819,0.735,0.561,0.019,1.315,7.442,16644,23067,0,36,33,33,1264944,33984,29,31,0
820,0.748,0.571,0.027,1.345,1.457,16644,23067,0,36,33,33,1264944,33984,29,31,0
821,0.727,0.571,0.021,1.319,1.488,16644,23067,0,36,33,33,1264944,33984,29,31,0
822,0.770,0.594,0.025,1.388,1.472,16644,23067,0,36,33,33,1264944,33984,29,31,0
823,0.684,1.275,0.018,1.977,1.544,16644,23067,0,36,33,33,1264944,33984,29,31,0
824,0.638,3.139,0.015,3.791,2.109,16644,23067,0,36,33,33,1264944,33984,29,31,0
825,0.677,12.613,0.024,13.314,3.926,16644,23067,0,36,33,33,1264944,33984,29,31,0
826,0.727,6.907,0.017,7.652,13.496,16644,23067,0,36,33,33,1264944,33984,29,31,0
827,0.713,0.528,0.018,1.259,7.815,16644,23067,0,36,33,33,1264944,33984,29,31,0
828,0.709,0.548,0.018,1.274,1.403,16644,23067,0,36,33,33,1264944,33984,29,31,0
829,0.728,0.538,0.019,1.285,1.428,16644,23067,0,36,33,33,1264944,33984,29,31,0
830,0.748,0.622,0.016,1.386,1.442,16644,23067,0,36,33,33,1264944,33984,29,31,0
831,0.713,4.006,0.020,4.739,1.539,16644,23067,0,36,33,33,1264944,33984,29,31,0
832,0.760,13.647,0.017,14.424,4.886,16644,23067,0,36,33,33,1264944,33984,29,31,0
833,0.744,7.159,0.019,7.922,14.579,16644,23067,0,36,33,33,1264944,33984,29,31,0
834,0.729,0.533,0.018,1.280,8.070,16644,23067,0,36,33,33,1264944,33984,29,31,0
835,0.737,0.667,0.023,1.427,1.429,16644,23067,0,36,33,33,1264944,33984,29,31,0
836,0.797,0.554,0.054,1.404,1.592,16644,23067,0,36,33,33,1264944,33984,29,31,0
837,0.698,0.512,0.015,1.225,1.552,16644,23067,0,36,33,33,1264944,33984,29,31,0
838,0.678,1.334,0.019,2.031,1.368,16644,23067,0,36,33,33,1264944,33984,29,31,0
839,0.714,2.865,0.021,3.600,2.171,16644,23067,0,36,33,33,1264944,33984,29,31,0
840,0.684,12.672,0.016,13.373,3.730,16644,23067,0,36,33,33,1264944,33984,29,31,0
841,0.667,7.060,0.017,7.744,13.521,16644,23067,0,36,33,33,1264944,33984,29,31,0
842,0.683,0.500,0.019,1.202,7.901,16644,23067,0,36,33,33,1264944,33984,29,31,0
843,0.674,0.492,0.024,1.190,1.337,16644,23067,0,36,33,33,1264944,33984,29,31,0
844,0.646,0.516,0.016,1.178,1.343,16644,23067,0,36,33,33,1264944,33984,29,31,0
845,0.622,0.501,0.013,1.136,1.310,16644,23067,0,36,33,33,1264944,33984,29,31,0
846,0.609,10.913,0.018,11.541,1.257,16644,23067,0,36,33,33,1264944,33984,29,31,0
847,0.707,7.603,0.019,8.328,11.678,16644,23067,0,36,33,33,1264944,33984,29,31,0
848,0.699,7.172,0.020,7.892,8.470,16644,23067,0,36,33,33,1264944,33984,29,31,0
849,0.678,0.684,0.016,1.379,8.037,16644,23067,0,36,33,33,1264944,33984,29,31,0
850,0.707,0.530,0.028,1.264,1.532,16644,23067,0,36,33,33,1264944,33984,29,31,0
851,0.689,0.490,0.046,1.225,1.405,16644,23067,0,36,33,33,1264944,33984,29,31,0
852,0.690,0.629,0.016,1.335,1.353,16644,23067,0,36,33,33,1264944,33984,29,31,0
853,0.646,4.465,0.025,5.136,1.483,16644,23067,0,36,33,33,1264944,33984,29,31,0
854,0.629,13.978,0.017,14.624,5.270,16644,23067,0,36,33,33,1264944,33984,29,31,0
855,0.722,6.883,0.018,7.622,14.765,16644,23067,0,36,33,33,1264944,33984,29,31,0
856,0.694,1.349,0.020,2.063,7.768,16644,23067,0,36,33,33,1264944,33984,29,31,0
857,0.674,0.633,0.021,1.327,2.212,16644,23067,0,36,33,33,1264944,33984,29,31,0
858,0.707,0.905,0.018,1.630,1.465,16644,23067,0,36,33,33,1264944,33984,29,31,0
859,0.679,0.539,0.016,1.234,1.782,16644,23067,0,36,33,33,1264944,33984,29,31,0
860,0.675,3.984,0.023,4.682,1.359,16644,23067,0,36,33,33,1264944,33984,29,31,0
861,0.675,12.960,0.023,13.658,4.831,16644,23067,0,36,33,33,1264944,33984,29,31,0
862,0.674,7.080,0.018,7.771,13.790,16644,23067,0,36,33,33,1264944,33984,29,31,0
863,0.750,0.540,0.026,1.317,7.929,16644,23067,0,36,33,33,1264944,33984,29,31,0
864,0.740,0.590,0.018,1.348,1.466,16644,23067,0,36,33,33,1264944,33984,29,31,0
865,0.685,0.565,0.016,1.265,1.486,16644,23067,0,36,33,33,1264944,33984,29,31,0
866,0.717,0.634,0.020,1.371,1.403,16644,23067,0,36,33,33,1264944,33984,29,31,0
867,0.685,1.785,0.027,2.497,1.512,16644,23067,0,36,33,33,1264944,33984,29,31,0
868,0.698,4.243,0.019,4.960,2.638,16644,23067,0,36,33,33,1264944,33984,29,31,0
869,0.698,10.870,0.016,11.584,5.111,16644,23067,0,36,33,33,1264944,33984,29,31,0
870,0.660,7.102,0.023,7.785,11.721,16644,23067,0,36,33,33,1264944,33984,29,31,0
871,0.736,0.552,0.020,1.308,7.942,16644,23067,0,36,33,33,1264944,33984,29,31,0
872,0.748,0.634,0.023,1.405,1.454,16644,23067,0,36,33,33,1264944,33984,29,31,0
873,0.677,0.566,0.018,1.261,1.568,16644,23067,0,36,33,33,1264944,33984,29,31,0
874,0.702,0.562,0.016,1.280,1.386,16644,23067,0,36,33,33,1264944,33984,29,31,0
875,0.677,1.504,0.026,2.208,1.413,16644,23067,0,36,33,33,1264944,33984,29,31,0
876,0.685,4.147,0.024,4.856,2.351,16644,23067,0,36,33,33,1264944,33984,29,31,0
877,0.716,11.416,0.025,12.157,4.998,16644,23067,0,36,33,33,1264944,33984,29,31,0
878,0.731,6.991,0.018,7.740,12.307,16644,23067,0,36,33,33,1264944,33984,29,31,0
879,0.699,1.135,0.023,1.856,7.889,16644,23067,0,36,33,33,1264944,33984,29,31,0
880,0.697,0.566,0.022,1.285,2.005,16644,23067,0,36,33,33,1264944,33984,29,31,0
881,0.710,0.592,0.021,1.324,1.424,16644,23067,0,36,33,33,1264944,33984,29,31,0
882,0.694,0.524,0.025,1.243,1.458,16644,23067,0,36,33,33,1264944,33984,29,31,0
883,0.689,9.659,0.020,10.367,1.373,16644,23067,0,36,33,33,1264944,33984,29,31,0
884,0.676,7.572,0.018,8.266,10.507,16644,23067,0,36,33,33,1264944,33984,29,31,0
885,0.675,7.329,0.020,8.024,8.400,16644,23067,0,36,33,33,1264944,33984,29,31,0
886,0.741,0.969,0.017,1.726,8.188,16644,23067,0,36,33,33,1264944,33984,29,31,0
887,0.730,0.595,0.021,1.345,1.870,16644,23067,0,36,33,33,1264944,33984,29,31,0
888,0.755,0.597,0.022,1.373,1.493,16644,23067,0,36,33,33,1264944,33984,29,31,0
889,0.687,10.923,0.020,11.629,1.516,16644,23067,0,36,33,33,1264944,33984,29,31,0
890,0.734,7.392,0.016,8.142,11.788,16644,23067,0,36,33,33,1264944,33984,29,31,0
891,0.730,7.175,0.019,7.924,8.310,16644,23067,0,36,33,33,1264944,33984,29,31,0
892,0.758,0.681,0.054,1.493,8.089,16644,23067,0,36,33,33,1264944,33984,29,31,0
893,0.756,0.539,0.021,1.316,1.648,16644,23067,0,36,33,33,1264944,33984,29,31,0
894,0.773,0.565,0.024,1.363,1.466,16644,23067,0,36,33,33,1264944,33984,29,31,0
895,0.694,0.984,0.015,1.693,1.499,16644,23067,0,36,33,33,1264944,33984,29,31,0
896,0.680,0.888,0.022,1.590,1.832,16644,23067,0,36,33,33,1264944,33984,29,31,0
897,0.695,3.425,0.017,4.137,1.729,16644,23067,0,36,33,33,1264944,33984,29,31,0
898,0.726,11.901,0.017,12.643,4.272,16644,23067,0,36,33,33,1264944,33984,29,31,0
899,0.781,7.325,0.026,8.132,12.888,16644,23067,0,36,33,33,1264944,33984,29,31,0
900,0.769,0.669,0.026,1.465,8.325,16644,23067,0,36,33,33,1264944,33984,29,31,0
901,0.765,0.590,0.018,1.374,1.654,16644,23067,0,36,33,33,1264944,33984,29,31,0
902,0.754,0.581,0.016,1.351,1.569,16644,23067,0,36,33,33,1264944,33984,29,31,0
903,0.713,0.513,0.024,1.249,1.490,16644,23067,0,36,33,33,1264944,33984,29,31,0
904,0.680,1.111,0.040,1.831,1.397,16644,23067,0,36,33,33,1264944,33984,29,31,0
905,0.673,7.729,0.017,8.418,1.979,16644,23067,0,36,33,33,1264944,33984,29,31,0
906,0.668,7.570,0.019,8.256,8.571,16644,23067,0,36,33,33,1264944,33984,29,31,0
907,0.594,6.990,0.017,7.601,8.379,16644,23067,0,36,33,33,1264944,33984,29,31,0
908,0.603,7.407,0.019,8.029,7.744,16644,23067,0,36,33,33,1264944,33984,29,31,0
909,0.599,7.691,0.018,8.308,8.156,16644,23067,0,36,33,33,1264944,33984,29,31,0
910,0.580,7.877,0.023,8.479,8.430,16644,23067,0,36,33,33,1264944,33984,29,31,0
911,0.578,7.410,0.016,8.004,8.600,16644,23067,0,36,33,33,1264944,33984,29,31,0
912,0.510,0.863,0.010,1.383,8.115,16644,23067,0,36,33,33,1264944,33984,29,31,0
913,0.485,0.591,0.015,1.092,1.489,16644,23067,0,36,33,33,1264944,33984,29,31,0
914,0.475,0.391,0.016,0.881,1.193,16644,23067,0,36,33,33,1264944,33984,29,31,0
915,0.494,0.554,0.014,1.063,0.980,16644,23067,0,36,33,33,1264944,33984,29,31,0
916,0.510,0.696,0.023,1.228,1.180,16644,23067,0,36,33,33,1264944,33984,29,31,0
917,0.553,2.293,0.020,2.866,1.349,16644,23067,0,36,33,33,1264944,33984,29,31,0
918,0.493,15.543,0.017,16.053,2.996,16644,23067,0,36,33,33,1264944,33984,29,31,0
919,0.490,7.308,0.018,7.815,16.155,16644,23067,0,36,33,33,1264944,33984,29,31,0
920,0.504,0.565,0.012,1.082,7.977,16644,23067,0,36,33,33,1264944,33984,29,31,0
921,0.487,0.450,0.013,0.949,1.464,16644,23067,0,36,33,33,1264944,33984,29,31,0
922,0.499,0.446,0.014,0.958,1.032,16644,23067,0,36,33,33,1264944,33984,29,31,0
923,0.494,0.408,0.011,0.913,1.065,16644,23067,0,36,33,33,1264944,33984,29,31,0
924,0.497,0.516,0.016,1.029,1.063,16644,23067,0,36,33,33,1264944,33984,29,31,0
925,0.503,1.612,0.019,2.134,1.134,16644,23067,0,36,33,33,1264944,33984,29,31,0
926,0.512,16.798,0.017,17.328,2.232,16644,23067,0,36,33,33,1264944,33984,29,31,0
927,0.535,7.169,0.011,7.716,17.436,16644,23067,0,36,33,33,1264944,33984,29,31,0
928,0.523,0.630,0.014,1.167,7.816,16644,23067,0,36,33,33,1264944,33984,29,31,0
929,0.502,0.458,0.011,0.971,1.264,16644,23067,0,36,33,33,1264944,33984,29,31,0
930,0.505,0.444,0.020,0.969,1.068,16644,23067,0,36,33,33,1264944,33984,29,31,0
931,0.496,0.380,0.011,0.887,1.066,16644,23067,0,36,33,33,1264944,33984,29,31,0
932,0.495,0.481,0.017,0.993,0.979,16644,23067,0,36,33,33,1264944,33984,29,31,0
933,0.539,1.379,0.012,1.930,1.078,16644,23067,0,36,33,33,1264944,33984,29,31,0
934,0.536,17.356,0.019,17.911,2.042,16644,23067,0,36,33,33,1264944,33984,29,31,0
935,0.581,7.125,0.015,7.721,18.027,16644,23067,0,36,33,33,1264944,33984,29,31,0
936,0.550,0.585,0.015,1.151,7.838,16644,23067,0,36,33,33,1264944,33984,29,31,0
937,0.570,0.470,0.014,1.054,1.269,16644,23067,0,36,33,33,1264944,33984,29,31,0
938,0.544,0.460,0.015,1.019,1.167,16644,23067,0,36,33,33,1264944,33984,29,31,0
939,0.550,0.449,0.013,1.012,1.120,16644,23067,0,36,33,33,1264944,33984,29,31,0
940,0.541,3.034,0.016,3.592,1.113,16644,23067,0,36,33,33,1264944,33984,29,31,0
941,0.532,16.644,0.016,17.191,3.704,16644,23067,0,36,33,33,1264944,33984,29,31,0
942,0.586,7.243,0.015,7.844,17.322,16644,23067,0,36,33,33,1264944,33984,29,31,0
943,0.617,0.478,0.018,1.112,7.974,16644,23067,0,36,33,33,1264944,33984,29,31,0
944,0.587,0.498,0.012,1.096,1.229,16644,23067,0,36,33,33,1264944,33984,29,31,0
945,0.606,0.487,0.013,1.106,1.210,16644,23067,0,36,33,33,1264944,33984,29,31,0
946,0.574,0.517,0.014,1.105,1.221,16644,23067,0,36,33,33,1264944,33984,29,31,0
947,1.061,3.020,0.017,4.098,1.237,16644,23067,0,36,33,33,1264944,33984,29,31,0
948,0.614,15.457,0.014,16.085,4.226,16644,23067,0,36,33,33,1264944,33984,29,31,0
949,0.679,6.992,0.016,7.687,16.229,16644,23067,0,36,33,33,1264944,33984,29,31,0
950,0.612,0.591,0.017,1.219,7.849,16644,23067,0,36,33,33,1264944,33984,29,31,0
951,0.668,0.547,0.015,1.229,1.350,16644,23067,0,36,33,33,1264944,33984,29,31,0
952,0.617,0.464,0.017,1.098,1.361,16644,23067,0,36,33,33,1264944,33984,29,31,0
953,0.640,0.703,0.012,1.355,1.221,16644,23067,0,36,33,33,1264944,33984,29,31,0
954,0.647,0.487,0.017,1.151,1.485,16644,23067,0,36,33,33,1264944,33984,29,31,0
955,0.598,2.829,0.018,3.445,1.282,16644,23067,0,36,33,33,1264944,33984,29,31,0
956,0.592,13.994,0.017,14.602,3.576,16644,23067,0,36,33,33,1264944,33984,29,31,0
957,0.617,7.590,0.019,8.225,14.738,16644,23067,0,36,33,33,1264944,33984,29,31,0
958,0.664,0.602,0.014,1.280,8.378,16644,23067,0,36,33,33,1264944,33984,29,31,0
959,0.658,0.504,0.016,1.177,1.416,16644,23067,0,36,33,33,1264944,33984,29,31,0
960,0.628,0.459,0.019,1.106,1.314,16644,23067,0,36,33,33,1264944,33984,29,31,0
961,0.612,0.492,0.013,1.117,1.231,16644,23067,0,36,33,33,1264944,33984,29,31,0
962,0.635,0.613,0.019,1.267,1.242,16644,23067,0,36,33,33,1264944,33984,29,31,0
963,0.656,0.531,0.019,1.206,1.400,16644,23067,0,36,33,33,1264944,33984,29,31,0
964,0.631,3.610,0.016,4.257,1.331,16644,23067,0,36,33,33,1264944,33984,29,31,0
965,0.620,12.218,0.016,12.854,4.383,16644,23067,0,36,33,33,1264944,33984,29,31,0
966,0.614,7.253,0.023,7.889,12.997,16644,23067,0,36,33,33,1264944,33984,29,31,0
967,0.666,0.659,0.053,1.378,8.019,16644,23067,0,36,33,33,1264944,33984,29,31,0
968,0.721,0.518,0.018,1.257,1.518,16644,23067,0,36,33,33,1264944,33984,29,31,0
969,0.687,0.550,0.027,1.264,1.392,16644,23067,0,36,33,33,1264944,33984,29,31,0
970,0.646,0.550,0.015,1.212,1.396,16644,23067,0,36,33,33,1264944,33984,29,31,0
971,0.613,10.254,0.023,10.890,1.333,16644,23067,0,36,33,33,1264944,33984,29,31,0
972,0.631,7.913,0.033,8.577,11.018,16644,23067,0,36,33,33,1264944,33984,29,31,0
973,0.681,7.227,0.021,7.928,8.721,16644,23067,0,36,33,33,1264944,33984,29,31,0
974,0.708,0.524,0.017,1.249,8.080,16644,23067,0,36,33,33,1264944,33984,29,31,0
975,0.680,0.596,0.017,1.292,1.385,16644,23067,0,36,33,33,1264944,33984,29,31,0
976,0.690,0.566,0.028,1.284,1.423,16644,23067,0,36,33,33,1264944,33984,29,31,0
977,0.702,0.564,0.019,1.285,1.426,16644,23067,0,36,33,33,1264944,33984,29,31,0
978,0.673,1.764,0.016,2.453,1.416,16644,23067,0,36,33,33,1264944,33984,29,31,0
979,0.609,3.675,0.018,4.302,2.595,16644,23067,0,36,33,33,1264944,33984,29,31,0
980,0.638,11.991,0.024,12.653,4.443,16644,23067,0,36,33,33,1264944,33984,29,31,0
981,0.685,6.940,0.016,7.641,12.804,16644,23067,0,36,33,33,1264944,33984,29,31,0
982,0.667,0.501,0.012,1.180,7.787,16644,23067,0,36,33,33,1264944,33984,29,31,0
983,0.669,0.570,0.014,1.254,1.319,16644,23067,0,36,33,33,1264944,33984,29,31,0
984,0.681,0.476,0.013,1.170,1.397,16644,23067,0,36,33,33,1264944,33984,29,31,0
985,0.693,0.910,0.016,1.619,1.297,16644,23067,0,36,33,33,1264944,33984,29,31,0
986,0.677,4.204,0.017,4.898,1.754,16644,23067,0,36,33,33,1264944,33984,29,31,0
987,0.685,13.651,0.020,14.357,5.057,16644,23067,0,36,33,33,1264944,33984,29,31,0
988,0.654,7.201,0.017,7.873,14.510,16644,23067,0,36,33,33,1264944,33984,29,31,0
989,0.751,0.653,0.019,1.424,8.043,16644,23067,0,36,33,33,1264944,33984,29,31,0
990,0.753,0.596,0.018,1.368,1.580,16644,23067,0,36,33,33,1264944,33984,29,31,0
991,0.692,0.557,0.018,1.268,1.506,16644,23067,0,36,33,33,1264944,33984,29,31,0
992,0.712,0.557,0.017,1.287,1.401,16644,23067,0,36,33,33,1264944,33984,29,31,0
993,0.693,3.811,0.017,4.521,1.430,16644,23067,0,36,33,33,1264944,33984,29,31,0
994,0.681,13.946,0.019,14.646,4.654,16644,23067,0,36,33,33,1264944,33984,29,31,0
995,0.752,7.039,0.019,7.810,14.821,16644,23067,0,36,33,33,1264944,33984,29,31,0
996,0.752,0.584,0.062,1.398,7.977,16644,23067,0,36,33,33,1264944,33984,29,31,0
997,0.775,0.628,0.026,1.429,1.559,16644,23067,0,36,33,33,1264944,33984,29,31,0
998,0.773,0.549,0.021,1.342,1.573,16644,23067,0,36,33,33,1264944,33984,29,31,0
999,0.685,0.556,0.018,1.259,1.482,16644,23067,0,36,33,33,1264944,33984,29,31,0
1000,0.716,1.465,0.018,2.199,1.392,16644,23067,0,36,33,33,1264944,33984,29,31,0
1001,0.664,4.035,0.023,4.722,2.341,16644,23067,0,36,33,33,1264944,33984,29,31,0
1002,0.673,11.079,0.025,11.776,4.870,16644,23067,0,36,33,33,1264944,33984,29,31,0
1003,0.745,7.317,0.022,8.085,11.924,16644,23067,0,36,33,33,1264944,33984,29,31,0
1004,0.739,0.522,0.020,1.282,8.250,16644,23067,0,36,33,33,1264944,33984,29,31,0
1005,0.668,0.487,0.025,1.180,1.423,16644,23067,0,36,33,33,1264944,33984,29,31,0
1006,0.677,0.546,0.019,1.243,1.327,16644,23067,0,36,33,33,1264944,33984,29,31,0
1007,0.680,0.553,0.016,1.248,1.375,16644,23067,0,36,33,33,1264944,33984,29,31,0
1008,0.689,10.334,0.021,11.045,1.376,16644,23067,0,36,33,33,1264944,33984,29,31,0
1009,0.681,7.807,0.017,8.504,11.184,16644,23067,0,36,33,33,1264944,33984,29,31,0
1010,0.676,7.195,0.018,7.889,8.640,16644,23067,0,36,33,33,1264944,33984,29,31,0
1011,0.759,0.566,0.019,1.343,8.057,16644,23067,0,36,33,33,1264944,33984,29,31,0
1012,0.744,0.699,0.025,1.467,1.492,16644,23067,0,36,33,33,1264944,33984,29,31,0
1013,0.725,0.473,0.016,1.214,1.605,16644,23067,0,36,33,33,1264944,33984,29,31,0
1014,0.703,0.652,0.022,1.377,1.346,16644,23067,0,36,33,33,1264944,33984,29,31,0
1015,0.734,1.044,0.027,1.806,1.525,16644,23067,0,36,33,33,1264944,33984,29,31,0
1016,0.680,3.721,0.017,4.418,1.957,16644,23067,0,36,33,33,1264944,33984,29,31,0
1017,0.671,11.963,0.019,12.653,4.579,16644,23067,0,36,33,33,1264944,33984,29,31,0
1018,0.756,6.975,0.022,7.753,12.829,16644,23067,0,36,33,33,1264944,33984,29,31,0
1019,0.770,0.567,0.026,1.363,7.918,16644,23067,0,36,33,33,1264944,33984,29,31,0
1020,0.741,0.594,0.018,1.354,1.508,16644,23067,0,36,33,33,1264944,33984,29,31,0
1021,0.739,0.545,0.018,1.301,1.504,16644,23067,0,36,33,33,1264944,33984,29,31,0
1022,0.710,0.586,0.023,1.320,1.456,16644,23067,0,36,33,33,1264944,33984,29,31,0
1023,0.699,1.499,0.017,2.214,1.447,16644,23067,0,36,33,33,1264944,33984,29,31,0
1024,0.659,3.794,0.017,4.470,2.361,16644,23067,0,36,33,33,1264944,33984,29,31,0
1025,0.675,11.489,0.016,12.180,4.608,16644,23067,0,36,33,33,1264944,33984,29,31,0
1026,0.746,7.189,0.020,7.954,12.359,16644,23067,0,36,33,33,1264944,33984,29,31,0
1027,0.744,0.830,0.021,1.595,8.102,16644,23067,0,36,33,33,1264944,33984,29,31,0
1028,0.740,0.610,0.018,1.368,1.745,16644,23067,0,36,33,33,1264944,33984,29,31,0
1029,0.746,0.547,0.024,1.316,1.539,16644,23067,0,36,33,33,1264944,33984,29,31,0
1030,0.754,0.598,0.019,1.371,1.484,16644,23067,0,36,33,33,1264944,33984,29,31,0
1031,0.678,0.798,0.013,1.488,1.510,16644,23067,0,36,33,33,1264944,33984,29,31,0
1032,0.647,3.053,0.017,3.716,1.628,16644,23067,0,36,33,33,1264944,33984,29,31,0
1033,0.673,12.783,0.017,13.473,3.857,16644,23067,0,36,33,33,1264944,33984,29,31,0
1034,0.734,6.771,0.022,7.526,13.621,16644,23067,0,36,33,33,1264944,33984,29,31,0
1035,0.738,0.530,0.019,1.287,7.681,16644,23067,0,36,33,33,1264944,33984,29,31,0
1036,0.747,0.611,0.018,1.376,1.437,16644,23067,0,36,33,33,1264944,33984,29,31,0
1037,0.719,0.599,0.021,1.339,1.527,16644,23067,0,36,33,33,1264944,33984,29,31,0
1038,0.763,0.575,0.022,1.360,1.485,16644,23067,0,36,33,33,1264944,33984,29,31,0
1039,0.736,1.621,0.018,2.375,1.502,16644,23067,0,36,33,33,1264944,33984,29,31,0
1040,0.725,3.476,0.031,4.232,2.521,16644,23067,0,36,33,33,1264944,33984,29,31,0
1041,0.985,11.448,0.028,12.461,4.402,16644,23067,0,36,33,33,1264944,33984,29,31,0
1042,0.791,7.200,0.019,8.011,12.647,16644,23067,0,36,33,33,1264944,33984,29,31,0
1043,0.750,0.791,0.017,1.558,8.170,16644,23067,0,36,33,33,1264944,33984,29,31,0
1044,0.760,0.584,0.018,1.361,1.724,16644,23067,0,36,33,33,1264944,33984,29,31,0
1045,0.753,0.490,0.020,1.263,1.508,16644,23067,0,36,33,33,1264944,33984,29,31,0
1046,0.673,0.613,0.021,1.307,1.400,16644,23067,0,36,33,33,1264944,33984,29,31,0
1047,0.676,1.079,0.016,1.771,1.441,16644,23067,0,36,33,33,1264944,33984,29,31,0
1048,0.665,3.581,0.019,4.265,1.917,16644,23067,0,36,33,33,1264944,33984,29,31,0
1049,0.646,11.553,0.020,12.219,4.405,16644,23067,0,36,33,33,1264944,33984,29,31,0
1050,0.731,7.201,0.017,7.949,12.380,16644,23067,0,36,33,33,1264944,33984,29,31,0
1051,0.743,0.519,0.023,1.285,8.100,16644,23067,0,36,33,33,1264944,33984,29,31,0
1052,0.726,0.607,0.020,1.353,1.432,16644,23067,0,36,33,33,1264944,33984,29,31,0
1053,0.731,0.608,0.017,1.355,1.509,16644,23067,0,36,33,33,1264944,33984,29,31,0
1054,0.743,0.639,0.023,1.406,1.502,16644,23067,0,36,33,33,1264944,33984,29,31,0
1055,0.668,4.601,0.023,5.292,1.545,16644,23067,0,36,33,33,1264944,33984,29,31,0
1056,0.726,13.367,0.018,14.111,5.443,16644,23067,0,36,33,33,1264944,33984,29,31,0
1057,0.753,7.017,0.017,7.787,14.277,16644,23067,0,36,33,33,1264944,33984,29,31,0
1058,0.720,0.735,0.018,1.474,7.935,16644,23067,0,36,33,33,1264944,33984,29,31,0
1059,0.748,0.577,0.020,1.344,1.632,16644,23067,0,36,33,33,1264944,33984,29,31,0
1060,0.773,0.693,0.034,1.500,1.496,16644,23067,0,36,33,33,1264944,33984,29,31,0
1061,0.763,0.574,0.019,1.357,1.659,16644,23067,0,36,33,33,1264944,33984,29,31,0
1062,0.793,9.834,0.020,10.647,1.503,16644,23067,0,36,33,33,1264944,33984,29,31,0
1063,0.788,7.021,0.033,7.842,10.811,16644,23067,0,36,33,33,1264944,33984,29,31,0
1064,0.778,7.130,0.014,7.922,7.995,16644,23067,0,36,33,33,1264944,33984,29,31,0
1065,0.753,0.559,0.022,1.334,8.081,16644,23067,0,36,33,33,1264944,33984,29,31,0
1066,0.751,0.585,0.018,1.354,1.497,16644,23067,0,36,33,33,1264944,33984,29,31,0
1067,0.739,0.562,0.018,1.318,1.505,16644,23067,0,36,33,33,1264944,33984,29,31,0
1068,0.763,0.561,0.022,1.346,1.466,16644,23067,0,36,33,33,1264944,33984,29,31,0
1069,0.753,9.936,0.022,10.712,1.504,16644,23067,0,36,33,33,1264944,33984,29,31,0
1070,0.771,7.417,0.026,8.214,10.863,16644,23067,0,36,33,33,1264944,33984,29,31,0
1071,0.762,7.030,0.019,7.811,8.379,16644,23067,0,36,33,33,1264944,33984,29,31,0
1072,0.739,0.561,0.022,1.322,7.959,16644,23067,0,36,33,33,1264944,33984,29,31,0
1073,0.783,0.613,0.017,1.413,1.474,16644,23067,0,36,33,33,1264944,33984,29,31,0
1074,0.743,0.522,0.021,1.287,1.566,16644,23067,0,36,33,33,1264944,33984,29,31,0
1075,0.742,0.629,0.017,1.388,1.427,16644,23067,0,36,33,33,1264944,33984,29,31,0
1076,0.711,10.120,0.018,10.849,1.533,16644,23067,0,36,33,33,1264944,33984,29,31,0
1077,0.758,7.628,0.021,8.407,11.005,16644,23067,0,36,33,33,1264944,33984,29,31,0
1078,0.743,7.148,0.021,7.911,8.579,16644,23067,0,36,33,33,1264944,33984,29,31,0
1079,0.748,0.607,0.023,1.378,8.078,16644,23067,0,36,33,33,1264944,33984,29,31,0
1080,0.752,0.697,0.021,1.471,1.530,16644,23067,0,36,33,33,1264944,33984,29,31,0
1081,0.824,0.717,0.029,1.570,1.632,16644,23067,0,36,33,33,1264944,33984,29,31,0
1082,0.773,10.937,0.022,11.732,1.730,16644,23067,0,36,33,33,1264944,33984,29,31,0
1083,0.786,7.700,0.021,8.508,11.904,16644,23067,0,36,33,33,1264944,33984,29,31,0
1084,0.784,7.063,0.022,7.869,8.688,16644,23067,0,36,33,33,1264944,33984,29,31,0
1085,0.875,0.736,0.030,1.640,8.057,16644,23067,0,36,33,33,1264944,33984,29,31,0
1086,0.884,0.681,0.022,1.587,1.843,16644,23067,0,36,33,33,1264944,33984,29,31,0
1087,0.772,0.648,0.029,1.449,1.739,16644,23067,0,36,33,33,1264944,33984,29,31,0
1088,0.807,0.671,0.041,1.520,1.596,16644,23067,0,36,33,33,1264944,33984,29,31,0
1089,0.794,0.616,0.021,1.431,1.689,16644,23067,0,36,33,33,1264944,33984,29,31,0
1090,0.797,4.326,0.018,5.141,1.583,16644,23067,0,36,33,33,1264944,33984,29,31,0
1091,0.788,10.231,0.022,11.041,5.312,16644,23067,0,36,33,33,1264944,33984,29,31,0
1092,0.744,7.083,0.019,7.845,11.216,16644,23067,0,36,33,33,1264944,33984,29,31,0
1093,0.774,0.598,0.016,1.387,8.017,16644,23067,0,36,33,33,1264944,33984,29,31,0
1094,0.783,0.645,0.020,1.448,1.535,16644,23067,0,36,33,33,1264944,33984,29,31,0
1095,0.794,0.650,0.016,1.461,1.638,16644,23067,0,36,33,33,1264944,33984,29,31,0
1096,0.813,0.564,0.014,1.392,1.610,16644,23067,0,36,33,33,1264944,33984,29,31,0
1097,0.733,0.962,0.018,1.713,1.539,16644,23067,0,36,33,33,1264944,33984,29,31,0
1098,0.709,4.841,0.020,5.570,1.846,16644,23067,0,36,33,33,1264944,33984,29,31,0
1099,0.772,10.425,0.020,11.218,5.730,16644,23067,0,36,33,33,1264944,33984,29,31,0
1100,0.725,6.923,0.019,7.668,11.383,16644,23067,0,36,33,33,1264944,33984,29,31,0
1101,0.741,0.522,0.021,1.283,7.829,16644,23067,0,36,33,33,1264944,33984,29,31,0
1102,0.742,0.612,0.019,1.372,1.426,16644,23067,0,36,33,33,1264944,33984,29,31,0
1103,0.780,0.709,0.050,1.538,1.547,16644,23067,0,36,33,33,1264944,33984,29,31,0
1104,0.851,0.819,0.026,1.695,1.687,16644,23067,0,36,33,33,1264944,33984,29,31,0
1105,0.850,9.471,0.023,10.344,1.838,16644,23067,0,36,33,33,1264944,33984,29,31,0
1106,0.761,7.473,0.022,8.257,10.500,16644,23067,0,36,33,33,1264944,33984,29,31,0
1107,0.752,7.487,0.018,8.257,8.404,16644,23067,0,36,33,33,1264944,33984,29,31,0
1108,0.740,0.564,0.020,1.324,8.426,16644,23067,0,36,33,33,1264944,33984,29,31,0
1109,0.749,0.590,0.023,1.362,1.490,16644,23067,0,36,33,33,1264944,33984,29,31,0
1110,0.813,0.643,0.024,1.479,1.533,16644,23067,0,36,33,33,1264944,33984,29,31,0
1111,0.841,0.645,0.020,1.505,1.635,16644,23067,0,36,33,33,1264944,33984,29,31,0
1112,0.744,0.701,0.019,1.464,1.667,16644,23067,0,36,33,33,1264944,33984,29,31,0
1113,0.755,3.635,0.024,4.415,1.617,16644,23067,0,36,33,33,1264944,33984,29,31,0
1114,0.803,11.443,0.020,12.266,4.564,16644,23067,0,36,33,33,1264944,33984,29,31,0
1115,0.759,7.113,0.019,7.892,12.444,16644,23067,0,36,33,33,1264944,33984,29,31,0
1116,0.754,0.601,0.020,1.374,8.050,16644,23067,0,36,33,33,1264944,33984,29,31,0
1117,0.753,0.561,0.030,1.344,1.539,16644,23067,0,36,33,33,1264944,33984,29,31,0
1118,0.760,0.578,0.014,1.353,1.492,16644,23067,0,36,33,33,1264944,33984,29,31,0
1119,0.754,0.630,0.018,1.403,1.502,16644,23067,0,36,33,33,1264944,33984,29,31,0
1120,0.716,10.051,0.021,10.789,1.545,16644,23067,0,36,33,33,1264944,33984,29,31,0
1121,0.778,7.387,0.026,8.191,10.960,16644,23067,0,36,33,33,1264944,33984,29,31,0
1122,0.742,7.268,0.021,8.031,8.354,16644,23067,0,36,33,33,1264944,33984,29,31,0
1123,0.755,0.564,0.017,1.335,8.184,16644,23067,0,36,33,33,1264944,33984,29,31,0
1124,0.739,0.574,0.025,1.338,1.489,16644,23067,0,36,33,33,1264944,33984,29,31,0
1125,0.741,0.659,0.015,1.415,1.488,16644,23067,0,36,33,33,1264944,33984,29,31,0
1126,0.767,0.631,0.022,1.420,1.559,16644,23067,0,36,33,33,1264944,33984,29,31,0
1127,0.675,1.459,0.030,2.164,1.564,16644,23067,0,36,33,33,1264944,33984,29,31,0
1128,0.680,7.725,0.021,8.427,2.311,16644,23067,0,36,33,33,1264944,33984,29,31,0
1129,0.758,7.365,0.019,8.142,8.579,16644,23067,0,36,33,33,1264944,33984,29,31,0
1130,0.816,7.457,0.025,8.298,8.301,16644,23067,0,36,33,33,1264944,33984,29,31,0
1131,0.771,6.943,0.025,7.739,8.465,16644,23067,0,36,33,33,1264944,33984,29,31,0
1132,0.869,7.159,0.022,8.050,7.923,16644,23067,0,36,33,33,1264944,33984,29,31,0
1133,0.764,7.581,0.024,8.370,8.231,16644,23067,0,36,33,33,1264944,33984,29,31,0
1134,0.857,7.433,0.024,8.313,8.558,16644,23067,0,36,33,33,1264944,33984,29,31,0
1135,0.909,0.695,0.021,1.625,8.543,16644,23067,0,36,33,33,1264944,33984,29,31,0
1136,0.854,0.712,0.022,1.589,1.800,16644,23067,0,36,33,33,1264944,33984,29,31,0
1137,0.829,0.698,0.021,1.547,1.756,16644,23067,0,36,33,33,1264944,33984,29,31,0
1138,0.833,0.638,0.024,1.495,1.706,16644,23067,0,36,33,33,1264944,33984,29,31,0
1139,0.784,2.844,0.023,3.651,1.653,16644,23067,0,36,33,33,1264944,33984,29,31,0
1140,0.805,13.367,0.024,14.196,3.824,16644,23067,0,36,33,33,1264944,33984,29,31,0
1141,0.868,7.023,0.026,7.917,14.376,16644,23067,0,36,33,33,1264944,33984,29,31,0
1142,0.853,0.697,0.022,1.572,8.107,16644,23067,0,36,33,33,1264944,33984,29,31,0
1143,0.778,0.602,0.022,1.402,1.714,16644,23067,0,36,33,33,1264944,33984,29,31,0
1144,0.767,0.624,0.018,1.410,1.559,16644,23067,0,36,33,33,1264944,33984,29,31,0
1145,0.774,0.741,0.020,1.535,1.562,16644,23067,0,36,33,33,1264944,33984,29,31,0
1146,0.829,0.740,0.028,1.597,1.709,16644,23067,0,36,33,33,1264944,33984,29,31,0
1147,0.946,1.571,0.017,2.533,1.747,16644,23067,0,36,33,33,1264944,33984,29,31,0
1148,0.724,13.294,0.034,14.052,2.672,16644,23067,0,36,33,33,1264944,33984,29,31,0
1149,0.734,7.072,0.029,7.834,14.227,16644,23067,0,36,33,33,1264944,33984,29,31,0
1150,0.661,0.672,0.025,1.358,7.968,16644,23067,0,36,33,33,1264944,33984,29,31,0
1151,0.611,0.529,0.017,1.157,1.471,16644,23067,0,36,33,33,1264944,33984,29,31,0
1152,0.580,0.511,0.017,1.107,1.262,16644,23067,0,36,33,33,1264944,33984,29,31,0
1153,0.622,0.576,0.016,1.214,1.219,16644,23067,0,36,33,33,1264944,33984,29,31,0
1154,0.597,4.693,0.011,5.302,1.337,16644,23067,0,36,33,33,1264944,33984,29,31,0
1155,0.603,13.529,0.021,14.153,5.417,16644,23067,0,36,33,33,1264944,33984,29,31,0
1156,0.592,7.305,0.019,7.916,14.261,16644,23067,0,36,33,33,1264944,33984,29,31,0
1157,0.576,0.743,0.013,1.332,8.023,16644,23067,0,36,33,33,1264944,33984,29,31,0
1158,0.559,0.500,0.014,1.073,1.429,16644,23067,0,36,33,33,1264944,33984,29,31,0
1159,0.531,0.450,0.041,1.022,1.173,16644,23067,0,36,33,33,1264944,33984,29,31,0
1160,0.505,0.390,0.032,0.926,1.137,16644,23067,0,36,33,33,1264944,33984,29,31,0
1161,0.476,0.387,0.014,0.876,1.010,16644,23067,0,36,33,33,1264944,33984,29,31,0
1162,0.482,3.455,0.017,3.954,0.979,16644,23067,0,36,33,33,1264944,33984,29,31,0
1163,0.533,14.848,0.018,15.399,4.077,16644,23067,0,36,33,33,1264944,33984,29,31,0
1164,0.536,7.255,0.013,7.804,15.494,16644,23067,0,36,33,33,1264944,33984,29,31,0
1165,0.551,0.723,0.013,1.286,7.899,16644,23067,0,36,33,33,1264944,33984,29,31,0
1166,0.503,0.437,0.014,0.954,1.381,16644,23067,0,36,33,33,1264944,33984,29,31,0
1167,0.501,0.449,0.013,0.963,1.049,16644,23067,0,36,33,33,1264944,33984,29,31,0
1168,0.501,0.562,0.022,1.085,1.047,16644,23067,0,36,33,33,1264944,33984,29,31,0
1169,0.503,0.606,0.015,1.125,1.199,16644,23067,0,36,33,33,1264944,33984,29,31,0
1170,0.511,3.143,0.015,3.668,1.236,16644,23067,0,36,33,33,1264944,33984,29,31,0
1171,0.511,15.043,0.022,15.576,3.788,16644,23067,0,36,33,33,1264944,33984,29,31,0
1172,0.528,7.368,0.013,7.909,15.682,16644,23067,0,36,33,33,1264944,33984,29,31,0
1173,0.528,0.650,0.016,1.194,8.004,16644,23067,0,36,33,33,1264944,33984,29,31,0
1174,0.512,0.442,0.012,0.966,1.287,16644,23067,0,36,33,33,1264944,33984,29,31,0
1175,0.544,0.488,0.015,1.047,1.073,16644,23067,0,36,33,33,1264944,33984,29,31,0
1176,0.502,0.428,0.012,0.942,1.148,16644,23067,0,36,33,33,1264944,33984,29,31,0
1177,0.501,0.450,0.013,0.964,1.045,16644,23067,0,36,33,33,1264944,33984,29,31,0
1178,0.489,3.339,0.012,3.839,1.063,16644,23067,0,36,33,33,1264944,33984,29,31,0
1179,0.558,15.039,0.018,15.614,3.942,16644,23067,0,36,33,33,1264944,33984,29,31,0
1180,0.559,7.224,0.011,7.795,15.738,16644,23067,0,36,33,33,1264944,33984,29,31,0
1181,0.534,0.685,0.012,1.232,7.907,16644,23067,0,36,33,33,1264944,33984,29,31,0
1182,0.580,0.416,0.014,1.011,1.344,16644,23067,0,36,33,33,1264944,33984,29,31,0
1183,0.587,0.613,0.018,1.218,1.127,16644,23067,0,36,33,33,1264944,33984,29,31,0
1184,0.557,0.558,0.020,1.135,1.329,16644,23067,0,36,33,33,1264944,33984,29,31,0
1185,0.535,0.422,0.017,0.974,1.238,16644,23067,0,36,33,33,1264944,33984,29,31,0
1186,0.525,10.247,0.017,10.789,1.078,16644,23067,0,36,33,33,1264944,33984,29,31,0
1187,0.557,7.508,0.018,8.082,10.912,16644,23067,0,36,33,33,1264944,33984,29,31,0
1188,0.572,7.686,0.026,8.284,8.224,16644,23067,0,36,33,33,1264944,33984,29,31,0
1189,0.586,0.502,0.017,1.105,8.405,16644,23067,0,36,33,33,1264944,33984,29,31,0
1190,0.621,0.503,0.015,1.139,1.230,16644,23067,0,36,33,33,1264944,33984,29,31,0
1191,0.616,0.486,0.019,1.121,1.267,16644,23067,0,36,33,33,1264944,33984,29,31,0
1192,0.597,0.499,0.022,1.118,1.241,16644,23067,0,36,33,33,1264944,33984,29,31,0
1193,0.596,10.928,0.017,11.541,1.233,16644,23067,0,36,33,33,1264944,33984,29,31,0
1194,0.598,7.848,0.026,8.473,11.672,16644,23067,0,36,33,33,1264944,33984,29,31,0
1195,0.630,7.236,0.025,7.890,8.613,16644,23067,0,36,33,33,1264944,33984,29,31,0
1196,0.631,0.479,0.019,1.129,8.012,16644,23067,0,36,33,33,1264944,33984,29,31,0
1197,0.623,0.577,0.016,1.217,1.258,16644,23067,0,36,33,33,1264944,33984,29,31,0
1198,0.653,0.511,0.023,1.187,1.361,16644,23067,0,36,33,33,1264944,33984,29,31,0
1199,0.647,12.022,0.018,12.687,1.309,16644,23067,0,36,33,33,1264944,33984,29,31,0
1200,0.626,7.933,0.020,8.580,12.815,16644,23067,0,36,33,33,1264944,33984,29,31,0
1201,0.677,7.154,0.024,7.855,8.711,16644,23067,0,36,33,33,1264944,33984,29,31,0
1202,0.678,0.476,0.017,1.171,8.006,16644,23067,0,36,33,33,1264944,33984,29,31,0
1203,0.687,0.571,0.018,1.276,1.297,16644,23067,0,36,33,33,1264944,33984,29,31,0
1204,0.687,0.554,0.014,1.255,1.415,16644,23067,0,36,33,33,1264944,33984,29,31,0
1205,0.712,0.571,0.014,1.297,1.386,16644,23067,0,36,33,33,1264944,33984,29,31,0
1206,0.647,4.408,0.020,5.075,1.414,16644,23067,0,36,33,33,1264944,33984,29,31,0
1207,0.667,13.796,0.022,14.485,5.224,16644,23067,0,36,33,33,1264944,33984,29,31,0
1208,0.680,7.028,0.023,7.731,14.635,16644,23067,0,36,33,33,1264944,33984,29,31,0
1209,0.672,0.504,0.016,1.192,7.869,16644,23067,0,36,33,33,1264944,33984,29,31,0
1210,0.659,0.541,0.019,1.219,1.333,16644,23067,0,36,33,33,1264944,33984,29,31,0
1211,0.671,0.532,0.017,1.219,1.347,16644,23067,0,36,33,33,1264944,33984,29,31,0
1212,0.719,0.602,0.016,1.337,1.355,16644,23067,0,36,33,33,1264944,33984,29,31,0
1213,0.654,4.287,0.019,4.960,1.470,16644,23067,0,36,33,33,1264944,33984,29,31,0
1214,0.740,13.813,0.019,14.572,5.120,16644,23067,0,36,33,33,1264944,33984,29,31,0
1215,0.681,7.313,0.018,8.012,14.714,16644,23067,0,36,33,33,1264944,33984,29,31,0
1216,0.757,0.628,0.023,1.408,8.166,16644,23067,0,36,33,33,1264944,33984,29,31,0
1217,0.754,0.516,0.022,1.291,1.566,16644,23067,0,36,33,33,1264944,33984,29,31,0
1218,0.706,0.495,0.012,1.214,1.433,16644,23067,0,36,33,33,1264944,33984,29,31,0
1219,0.693,0.688,0.016,1.397,1.341,16644,23067,0,36,33,33,1264944,33984,29,31,0
1220,0.703,1.211,0.019,1.933,1.538,16644,23067,0,36,33,33,1264944,33984,29,31,0
1221,0.658,3.957,0.023,4.638,2.067,16644,23067,0,36,33,33,1264944,33984,29,31,0
1222,0.692,11.766,0.021,12.479,4.776,16644,23067,0,36,33,33,1264944,33984,29,31,0
1223,0.711,6.983,0.018,7.712,12.627,16644,23067,0,36,33,33,1264944,33984,29,31,0
1224,0.734,0.611,0.023,1.368,7.863,16644,23067,0,36,33,33,1264944,33984,29,31,0
1225,0.766,0.576,0.020,1.362,1.509,16644,23067,0,36,33,33,1264944,33984,29,31,0
1226,0.664,0.483,0.015,1.161,1.507,16644,23067,0,36,33,33,1264944,33984,29,31,0
1227,0.668,0.525,0.018,1.211,1.300,16644,23067,0,36,33,33,1264944,33984,29,31,0
1228,0.667,4.454,0.016,5.137,1.349,16644,23067,0,36,33,33,1264944,33984,29,31,0
1229,0.664,13.738,0.019,14.421,5.274,16644,23067,0,36,33,33,1264944,33984,29,31,0
1230,0.753,6.929,0.023,7.706,14.575,16644,23067,0,36,33,33,1264944,33984,29,31,0
1231,0.731,0.575,0.013,1.319,7.858,16644,23067,0,36,33,33,1264944,33984,29,31,0
1232,0.726,0.600,0.020,1.346,1.490,16644,23067,0,36,33,33,1264944,33984,29,31,0
1233,0.773,0.618,0.021,1.412,1.503,16644,23067,0,36,33,33,1264944,33984,29,31,0
1234,0.748,0.551,0.020,1.319,1.553,16644,23067,0,36,33,33,1264944,33984,29,31,0
1235,0.723,9.932,0.019,10.673,1.470,16644,23067,0,36,33,33,1264944,33984,29,31,0
1236,0.755,7.624,0.018,8.397,10.840,16644,23067,0,36,33,33,1264944,33984,29,31,0
1237,0.740,7.155,0.018,7.912,8.544,16644,23067,0,36,33,33,1264944,33984,29,31,0
1238,0.739,0.538,0.022,1.299,8.068,16644,23067,0,36,33,33,1264944,33984,29,31,0
1239,0.748,0.572,0.028,1.349,1.446,16644,23067,0,36,33,33,1264944,33984,29,31,0
1240,0.737,0.577,0.017,1.331,1.490,16644,23067,0,36,33,33,1264944,33984,29,31,0
1241,0.758,0.671,0.028,1.457,1.479,16644,23067,0,36,33,33,1264944,33984,29,31,0
1242,0.802,1.283,0.019,2.104,1.604,16644,23067,0,36,33,33,1264944,33984,29,31,0
1243,0.662,4.075,0.022,4.758,2.245,16644,23067,0,36,33,33,1264944,33984,29,31,0
1244,0.779,10.943,0.021,11.743,4.923,16644,23067,0,36,33,33,1264944,33984,29,31,0
1245,0.737,7.274,0.017,8.028,11.912,16644,23067,0,36,33,33,1264944,33984,29,31,0
1246,0.744,0.539,0.020,1.303,8.179,16644,23067,0,36,33,33,1264944,33984,29,31,0
1247,0.734,0.579,0.019,1.332,1.457,16644,23067,0,36,33,33,1264944,33984,29,31,0
1248,0.737,0.558,0.020,1.315,1.490,16644,23067,0,36,33,33,1264944,33984,29,31,0
1249,0.802,0.571,0.025,1.398,1.455,16644,23067,0,36,33,33,1264944,33984,29,31,0
1250,0.722,1.229,0.018,1.969,1.546,16644,23067,0,36,33,33,1264944,33984,29,31,0
1251,0.661,3.695,0.015,4.371,2.118,16644,23067,0,36,33,33,1264944,33984,29,31,0
1252,0.703,12.067,0.027,12.796,4.513,16644,23067,0,36,33,33,1264944,33984,29,31,0
1253,0.766,6.917,0.019,7.702,12.967,16644,23067,0,36,33,33,1264944,33984,29,31,0
1254,0.764,0.576,0.016,1.356,7.857,16644,23067,0,36,33,33,1264944,33984,29,31,0
1255,0.744,0.610,0.019,1.372,1.511,16644,23067,0,36,33,33,1264944,33984,29,31,0
1256,0.795,0.612,0.019,1.426,1.530,16644,23067,0,36,33,33,1264944,33984,29,31,0
1257,0.750,0.606,0.019,1.375,1.574,16644,23067,0,36,33,33,1264944,33984,29,31,0
1258,0.733,9.694,0.022,10.449,1.514,16644,23067,0,36,33,33,1264944,33984,29,31,0
1259,0.739,7.665,0.020,8.424,10.596,16644,23067,0,36,33,33,1264944,33984,29,31,0
1260,0.752,7.008,0.023,7.783,8.595,16644,23067,0,36,33,33,1264944,33984,29,31,0
1261,0.753,0.544,0.023,1.320,7.941,16644,23067,0,36,33,33,1264944,33984,29,31,0
1262,0.740,0.586,0.021,1.347,1.477,16644,23067,0,36,33,33,1264944,33984,29,31,0
1263,0.750,0.585,0.016,1.351,1.496,16644,23067,0,36,33,33,1264944,33984,29,31,0
1264,0.759,0.593,0.019,1.370,1.499,16644,23067,0,36,33,33,1264944,33984,29,31,0
1265,0.792,1.160,0.017,1.969,1.525,16644,23067,0,36,33,33,1264944,33984,29,31,0
1266,0.717,3.665,0.019,4.401,2.121,16644,23067,0,36,33,33,1264944,33984,29,31,0
1267,0.754,11.711,0.024,12.488,4.569,16644,23067,0,36,33,33,1264944,33984,29,31,0
1268,0.759,6.988,0.021,7.768,12.635,16644,23067,0,36,33,33,1264944,33984,29,31,0
1269,0.729,0.764,0.019,1.512,7.923,16644,23067,0,36,33,33,1264944,33984,29,31,0
1270,0.757,0.569,0.019,1.345,1.658,16644,23067,0,36,33,33,1264944,33984,29,31,0
1271,0.761,0.617,0.018,1.396,1.494,16644,23067,0,36,33,33,1264944,33984,29,31,0
1272,0.739,0.643,0.017,1.399,1.540,16644,23067,0,36,33,33,1264944,33984,29,31,0
1273,0.751,0.938,0.023,1.712,1.558,16644,23067,0,36,33,33,1264944,33984,29,31,0
1274,0.747,3.206,0.024,3.977,1.852,16644,23067,0,36,33,33,1264944,33984,29,31,0
1275,0.769,12.148,0.020,12.937,4.148,16644,23067,0,36,33,33,1264944,33984,29,31,0
1276,0.739,7.039,0.022,7.800,13.093,16644,23067,0,36,33,33,1264944,33984,29,31,0
1277,0.737,0.548,0.018,1.302,7.967,16644,23067,0,36,33,33,1264944,33984,29,31,0
1278,0.737,0.535,0.020,1.292,1.458,16644,23067,0,36,33,33,1264944,33984,29,31,0
1279,0.755,0.651,0.020,1.426,1.444,16644,23067,0,36,33,33,1264944,33984,29,31,0
1280,0.863,0.623,0.020,1.506,1.580,16644,23067,0,36,33,33,1264944,33984,29,31,0
1281,0.794,1.258,0.021,2.073,1.658,16644,23067,0,36,33,33,1264944,33984,29,31,0
1282,0.745,3.507,0.021,4.273,2.233,16644,23067,0,36,33,33,1264944,33984,29,31,0
1283,0.736,11.660,0.023,12.419,4.425,16644,23067,0,36,33,33,1264944,33984,29,31,0
1284,0.754,7.078,0.016,7.848,12.569,16644,23067,0,36,33,33,1264944,33984,29,31,0
1285,0.729,0.557,0.027,1.313,8.000,16644,23067,0,36,33,33,1264944,33984,29,31,0
1286,0.721,0.549,0.020,1.290,1.463,16644,23067,0,36,33,33,1264944,33984,29,31,0
1287,0.719,0.543,0.022,1.284,1.431,16644,23067,0,36,33,33,1264944,33984,29,31,0
1288,0.814,0.724,0.016,1.554,1.423,16644,23067,0,36,33,33,1264944,33984,29,31,0
1289,0.805,1.076,0.020,1.902,1.710,16644,23067,0,36,33,33,1264944,33984,29,31,0
1290,0.736,3.083,0.019,3.837,2.056,16644,23067,0,36,33,33,1264944,33984,29,31,0
1291,0.747,12.307,0.022,13.076,4.001,16644,23067,0,36,33,33,1264944,33984,29,31,0
1292,0.753,7.102,0.025,7.880,13.235,16644,23067,0,36,33,33,1264944,33984,29,31,0
1293,0.840,0.698,0.023,1.561,8.064,16644,23067,0,36,33,33,1264944,33984,29,31,0
1294,0.881,0.593,0.019,1.493,1.740,16644,23067,0,36,33,33,1264944,33984,29,31,0
1295,0.778,0.624,0.021,1.423,1.648,16644,23067,0,36,33,33,1264944,33984,29,31,0
1296,0.776,0.598,0.018,1.392,1.572,16644,23067,0,36,33,33,1264944,33984,29,31,0
1297,0.756,0.670,0.020,1.445,1.556,16644,23067,0,36,33,33,1264944,33984,29,31,0
1298,0.749,3.404,0.016,4.168,1.603,16644,23067,0,36,33,33,1264944,33984,29,31,0
1299,0.728,11.826,0.017,12.572,4.326,16644,23067,0,36,33,33,1264944,33984,29,31,0
1300,0.739,7.219,0.022,7.980,12.734,16644,23067,0,36,33,33,1264944,33984,29,31,0
1301,0.849,0.637,0.019,1.505,8.153,16644,23067,0,36,33,33,1264944,33984,29,31,0
1302,0.815,0.588,0.018,1.421,1.678,16644,23067,0,36,33,33,1264944,33984,29,31,0
1303,0.732,0.531,0.017,1.279,1.568,16644,23067,0,36,33,33,1264944,33984,29,31,0
1304,0.764,0.611,0.026,1.401,1.425,16644,23067,0,36,33,33,1264944,33984,29,31,0
1305,0.726,1.036,0.020,1.781,1.553,16644,23067,0,36,33,33,1264944,33984,29,31,0
1306,0.720,3.271,0.016,4.007,1.936,16644,23067,0,36,33,33,1264944,33984,29,31,0
1307,0.774,11.645,0.017,12.436,4.166,16644,23067,0,36,33,33,1264944,33984,29,31,0
1308,0.736,7.382,0.018,8.136,12.600,16644,23067,0,36,33,33,1264944,33984,29,31,0
1309,0.733,0.516,0.018,1.267,8.293,16644,23067,0,36,33,33,1264944,33984,29,31,0
1310,0.732,0.556,0.016,1.304,1.417,16644,23067,0,36,33,33,1264944,33984,29,31,0
1311,0.714,0.551,0.016,1.281,1.448,16644,23067,0,36,33,33,1264944,33984,29,31,0
1312,0.729,0.560,0.017,1.305,1.434,16644,23067,0,36,33,33,1264944,33984,29,31,0
1313,0.706,3.820,0.021,4.546,1.449,16644,23067,0,36,33,33,1264944,33984,29,31,0
1314,0.731,13.761,0.018,14.510,4.692,16644,23067,0,36,33,33,1264944,33984,29,31,0
1315,0.744,7.384,0.015,8.142,14.680,16644,23067,0,36,33,33,1264944,33984,29,31,0
1316,0.729,0.538,0.016,1.283,8.309,16644,23067,0,36,33,33,1264944,33984,29,31,0
1317,0.730,0.549,0.016,1.295,1.430,16644,23067,0,36,33,33,1264944,33984,29,31,0
1318,0.730,0.540,0.028,1.298,1.442,16644,23067,0,36,33,33,1264944,33984,29,31,0
1319,0.746,0.607,0.016,1.369,1.441,16644,23067,0,36,33,33,1264944,33984,29,31,0
1320,0.659,10.065,0.018,10.742,1.498,16644,23067,0,36,33,33,1264944,33984,29,31,0
1321,0.747,7.718,0.018,8.483,10.909,16644,23067,0,36,33,33,1264944,33984,29,31,0
1322,0.723,7.027,0.019,7.769,8.634,16644,23067,0,36,33,33,1264944,33984,29,31,0
1323,0.720,0.542,0.026,1.289,7.927,16644,23067,0,36,33,33,1264944,33984,29,31,0
1324,0.750,0.604,0.023,1.377,1.438,16644,23067,0,36,33,33,1264944,33984,29,31,0
1325,0.742,0.593,0.022,1.358,1.529,16644,23067,0,36,33,33,1264944,33984,29,31,0
1326,0.796,0.563,0.020,1.378,1.502,16644,23067,0,36,33,33,1264944,33984,29,31,0
1327,0.782,1.364,0.017,2.163,1.520,16644,23067,0,36,33,33,1264944,33984,29,31,0
1328,0.659,3.753,0.021,4.433,2.299,16644,23067,0,36,33,33,1264944,33984,29,31,0
1329,0.701,11.362,0.018,12.081,4.588,16644,23067,0,36,33,33,1264944,33984,29,31,0
1330,0.774,7.333,0.021,8.127,12.233,16644,23067,0,36,33,33,1264944,33984,29,31,0
1331,0.792,0.577,0.022,1.391,8.290,16644,23067,0,36,33,33,1264944,33984,29,31,0
1332,0.758,0.580,0.019,1.357,1.539,16644,23067,0,36,33,33,1264944,33984,29,31,0
1333,0.729,0.568,0.021,1.318,1.502,16644,23067,0,36,33,33,1264944,33984,29,31,0
1334,0.802,0.655,0.016,1.473,1.482,16644,23067,0,36,33,33,1264944,33984,29,31,0
1335,0.707,1.142,0.018,1.866,1.625,16644,23067,0,36,33,33,1264944,33984,29,31,0
1336,0.674,3.883,0.017,4.574,2.010,16644,23067,0,36,33,33,1264944,33984,29,31,0
1337,0.690,11.596,0.027,12.314,4.720,16644,23067,0,36,33,33,1264944,33984,29,31,0
1338,0.757,6.982,0.018,7.758,12.467,16644,23067,0,36,33,33,1264944,33984,29,31,0
1339,0.746,0.615,0.013,1.374,7.923,16644,23067,0,36,33,33,1264944,33984,29,31,0
1340,0.774,0.578,0.017,1.368,1.527,16644,23067,0,36,33,33,1264944,33984,29,31,0
1341,0.738,0.590,0.019,1.347,1.511,16644,23067,0,36,33,33,1264944,33984,29,31,0
1342,0.772,0.606,0.019,1.397,1.507,16644,23067,0,36,33,33,1264944,33984,29,31,0
1343,0.757,1.112,0.017,1.885,1.540,16644,23067,0,36,33,33,1264944,33984,29,31,0
1344,0.681,3.513,0.017,4.211,2.029,16644,23067,0,36,33,33,1264944,33984,29,31,0
1345,0.697,12.168,0.025,12.889,4.349,16644,23067,0,36,33,33,1264944,33984,29,31,0
1346,0.768,6.980,0.017,7.765,13.055,16644,23067,0,36,33,33,1264944,33984,29,31,0
1347,0.740,0.536,0.026,1.302,7.934,16644,23067,0,36,33,33,1264944,33984,29,31,0
1348,0.740,0.574,0.017,1.332,1.449,16644,23067,0,36,33,33,1264944,33984,29,31,0
1349,0.740,0.638,0.018,1.396,1.474,16644,23067,0,36,33,33,1264944,33984,29,31,0
1350,0.769,0.593,0.017,1.379,1.543,16644,23067,0,36,33,33,1264944,33984,29,31,0
1351,0.711,4.002,0.016,4.729,1.522,16644,23067,0,36,33,33,1264944,33984,29,31,0
1352,0.707,13.898,0.023,14.628,4.877,16644,23067,0,36,33,33,1264944,33984,29,31,0
1353,0.747,6.519,0.019,7.285,14.773,16644,23067,0,36,33,33,1264944,33984,29,31,0
1354,0.745,7.221,0.039,8.005,7.452,16644,23067,0,36,33,33,1264944,33984,29,31,0
1355,0.781,7.842,0.023,8.646,8.159,16644,23067,0,36,33,33,1264944,33984,29,31,0
1356,0.842,7.384,0.020,8.246,8.838,16644,23067,0,36,33,33,1264944,33984,29,31,0
1357,0.830,6.990,0.022,7.842,8.422,16644,23067,0,36,33,33,1264944,33984,29,31,0
1358,0.878,0.695,0.025,1.599,8.033,16644,23067,0,36,33,33,1264944,33984,29,31,0
1359,0.862,0.652,0.017,1.531,1.771,16644,23067,0,36,33,33,1264944,33984,29,31,0
1360,0.874,0.639,0.024,1.537,1.695,16644,23067,0,36,33,33,1264944,33984,29,31,0
1361,0.838,0.637,0.026,1.500,1.716,16644,23067,0,36,33,33,1264944,33984,29,31,0
1362,0.804,0.610,0.014,1.429,1.680,16644,23067,0,36,33,33,1264944,33984,29,31,0
1363,0.834,1.583,0.025,2.442,1.568,16644,23067,0,36,33,33,1264944,33984,29,31,0
1364,0.789,13.512,0.029,14.330,2.594,16644,23067,0,36,33,33,1264944,33984,29,31,0
1365,0.905,7.059,0.027,7.992,14.511,16644,23067,0,36,33,33,1264944,33984,29,31,0
1366,0.932,0.667,0.024,1.623,8.181,16644,23067,0,36,33,33,1264944,33984,29,31,0
1367,0.865,0.688,0.022,1.574,1.785,16644,23067,0,36,33,33,1264944,33984,29,31,0
1368,0.876,0.581,0.018,1.475,1.741,16644,23067,0,36,33,33,1264944,33984,29,31,0
1369,0.805,0.546,0.020,1.371,1.627,16644,23067,0,36,33,33,1264944,33984,29,31,0
1370,0.755,0.555,0.018,1.328,1.520,16644,23067,0,36,33,33,1264944,33984,29,31,0
1371,0.747,3.793,0.022,4.561,1.489,16644,23067,0,36,33,33,1264944,33984,29,31,0
1372,0.744,11.132,0.031,11.907,4.712,16644,23067,0,36,33,33,1264944,33984,29,31,0
1373,0.754,7.001,0.021,7.777,12.057,16644,23067,0,36,33,33,1264944,33984,29,31,0
1374,0.865,0.642,0.030,1.538,7.958,16644,23067,0,36,33,33,1264944,33984,29,31,0
1375,0.785,0.567,0.024,1.375,1.709,16644,23067,0,36,33,33,1264944,33984,29,31,0
1376,0.731,0.581,0.019,1.332,1.518,16644,23067,0,36,33,33,1264944,33984,29,31,0
1377,0.825,0.670,0.021,1.516,1.509,16644,23067,0,36,33,33,1264944,33984,29,31,0
1378,0.772,0.862,0.020,1.655,1.664,16644,23067,0,36,33,33,1264944,33984,29,31,0
1379,0.744,3.367,0.018,4.130,1.796,16644,23067,0,36,33,33,1264944,33984,29,31,0
1380,0.752,11.826,0.017,12.595,4.296,16644,23067,0,36,33,33,1264944,33984,29,31,0
1381,0.726,7.028,0.022,7.775,12.754,16644,23067,0,36,33,33,1264944,33984,29,31,0
1382,0.762,0.549,0.021,1.332,7.943,16644,23067,0,36,33,33,1264944,33984,29,31,0
1383,0.723,0.562,0.016,1.301,1.479,16644,23067,0,36,33,33,1264944,33984,29,31,0
1384,0.735,0.591,0.021,1.347,1.448,16644,23067,0,36,33,33,1264944,33984,29,31,0
1385,0.786,0.586,0.019,1.391,1.515,16644,23067,0,36,33,33,1264944,33984,29,31,0
1386,0.707,10.287,0.030,11.024,1.535,16644,23067,0,36,33,33,1264944,33984,29,31,0
1387,0.773,7.424,0.018,8.215,11.182,16644,23067,0,36,33,33,1264944,33984,29,31,0
1388,0.760,7.164,0.019,7.943,8.382,16644,23067,0,36,33,33,1264944,33984,29,31,0
1389,0.746,0.567,0.020,1.333,8.108,16644,23067,0,36,33,33,1264944,33984,29,31,0
1390,0.741,0.591,0.020,1.353,1.484,16644,23067,0,36,33,33,1264944,33984,29,31,0
1391,0.744,0.603,0.016,1.363,1.500,16644,23067,0,36,33,33,1264944,33984,29,31,0
1392,0.785,0.965,0.015,1.766,1.510,16644,23067,0,36,33,33,1264944,33984,29,31,0
1393,0.815,0.610,0.022,1.448,1.928,16644,23067,0,36,33,33,1264944,33984,29,31,0
1394,0.765,3.819,0.025,4.609,1.599,16644,23067,0,36,33,33,1264944,33984,29,31,0
1395,0.774,11.475,0.017,12.266,4.785,16644,23067,0,36,33,33,1264944,33984,29,31,0
1396,0.663,7.215,0.020,7.897,12.385,16644,23067,0,36,33,33,1264944,33984,29,31,0
1397,0.643,0.572,0.016,1.231,8.027,16644,23067,0,36,33,33,1264944,33984,29,31,0
1398,0.623,0.523,0.018,1.164,1.350,16644,23067,0,36,33,33,1264944,33984,29,31,0
1399,0.616,0.498,0.017,1.132,1.284,16644,23067,0,36,33,33,1264944,33984,29,31,0
1400,0.622,0.688,0.021,1.332,1.260,16644,23067,0,36,33,33,1264944,33984,29,31,0
1401,0.583,0.543,0.019,1.145,1.452,16644,23067,0,36,33,33,1264944,33984,29,31,0
1402,0.579,3.215,0.017,3.811,1.262,16644,23067,0,36,33,33,1264944,33984,29,31,0
1403,0.567,15.147,0.014,15.728,3.935,16644,23067,0,36,33,33,1264944,33984,29,31,0
1404,0.580,5.927,0.014,6.522,15.837,16644,23067,0,36,33,33,1264944,33984,29,31,0
1405,0.546,0.731,0.010,1.287,6.621,16644,23067,0,36,33,33,1264944,33984,29,31,0
1406,0.538,1.839,0.012,2.389,1.385,16644,23067,0,36,33,33,1264944,33984,29,31,0
1407,0.526,0.836,0.034,1.396,2.484,16644,23067,0,36,33,33,1264944,33984,29,31,0
1408,0.512,2.467,0.015,2.993,1.490,16644,23067,0,36,33,33,1264944,33984,29,31,0
1409,0.519,4.800,0.025,5.345,3.119,16644,23067,0,36,33,33,1264944,33984,29,31,0
1410,0.599,10.697,0.022,11.318,5.453,16644,23067,0,36,33,33,1264944,33984,29,31,0
1411,0.560,7.728,0.016,8.304,11.429,16644,23067,0,36,33,33,1264944,33984,29,31,0
1412,0.557,0.489,0.022,1.067,8.414,16644,23067,0,36,33,33,1264944,33984,29,31,0
1413,0.495,1.753,0.011,2.259,1.168,16644,23067,0,36,33,33,1264944,33984,29,31,0
1414,0.511,0.774,0.010,1.296,2.366,16644,23067,0,36,33,33,1264944,33984,29,31,0
1415,0.472,1.907,0.014,2.393,1.387,16644,23067,0,36,33,33,1264944,33984,29,31,0
1416,0.534,4.103,0.014,4.651,2.483,16644,23067,0,36,33,33,1264944,33984,29,31,0
1417,0.530,12.080,0.012,12.623,4.773,16644,23067,0,36,33,33,1264944,33984,29,31,0
1418,0.497,7.278,0.017,7.793,12.734,16644,23067,0,36,33,33,1264944,33984,29,31,0
1419,0.486,0.681,0.012,1.179,7.888,16644,23067,0,36,33,33,1264944,33984,29,31,0
1420,0.493,1.721,0.016,2.230,1.278,16644,23067,0,36,33,33,1264944,33984,29,31,0
1421,0.468,0.536,0.013,1.017,2.336,16644,23067,0,36,33,33,1264944,33984,29,31,0
1422,0.510,2.263,0.016,2.789,1.110,16644,23067,0,36,33,33,1264944,33984,29,31,0
1423,0.513,4.599,0.015,5.127,2.897,16644,23067,0,36,33,33,1264944,33984,29,31,0
1424,0.516,11.838,0.019,12.373,5.229,16644,23067,0,36,33,33,1264944,33984,29,31,0
1425,0.532,7.398,0.012,7.942,12.500,16644,23067,0,36,33,33,1264944,33984,29,31,0
1426,0.532,0.627,0.019,1.178,8.058,16644,23067,0,36,33,33,1264944,33984,29,31,0
1427,0.576,1.590,0.015,2.182,1.284,16644,23067,0,36,33,33,1264944,33984,29,31,0
1428,0.537,0.713,0.013,1.263,2.294,16644,23067,0,36,33,33,1264944,33984,29,31,0
1429,0.588,1.954,0.020,2.562,1.388,16644,23067,0,36,33,33,1264944,33984,29,31,0
1430,0.586,3.396,0.016,3.997,2.665,16644,23067,0,36,33,33,1264944,33984,29,31,0
1431,0.537,13.374,0.018,13.929,4.115,16644,23067,0,36,33,33,1264944,33984,29,31,0
1432,0.613,6.862,0.015,7.490,14.046,16644,23067,0,36,33,33,1264944,33984,29,31,0
1433,0.572,0.600,0.024,1.196,7.612,16644,23067,0,36,33,33,1264944,33984,29,31,0
1434,0.609,1.988,0.018,2.616,1.322,16644,23067,0,36,33,33,1264944,33984,29,31,0
1435,0.619,0.715,0.017,1.351,2.732,16644,23067,0,36,33,33,1264944,33984,29,31,0
1436,0.620,1.793,0.015,2.427,1.471,16644,23067,0,36,33,33,1264944,33984,29,31,0
1437,0.652,2.953,0.015,3.620,2.542,16644,23067,0,36,33,33,1264944,33984,29,31,0
1438,0.595,12.898,0.019,13.511,3.754,16644,23067,0,36,33,33,1264944,33984,29,31,0
1439,0.618,7.530,0.017,8.164,13.648,16644,23067,0,36,33,33,1264944,33984,29,31,0
1440,0.617,0.475,0.015,1.108,8.316,16644,23067,0,36,33,33,1264944,33984,29,31,0
1441,0.627,0.511,0.020,1.158,1.243,16644,23067,0,36,33,33,1264944,33984,29,31,0
1442,0.650,1.645,0.017,2.313,1.281,16644,23067,0,36,33,33,1264944,33984,29,31,0
1443,0.665,0.478,0.018,1.161,2.448,16644,23067,0,36,33,33,1264944,33984,29,31,0
1444,0.661,0.689,0.015,1.365,1.288,16644,23067,0,36,33,33,1264944,33984,29,31,0
1445,0.633,4.569,0.016,5.217,1.498,16644,23067,0,36,33,33,1264944,33984,29,31,0
1446,0.635,12.196,0.016,12.847,5.350,16644,23067,0,36,33,33,1264944,33984,29,31,0
1447,0.684,5.977,0.017,6.679,12.993,16644,23067,0,36,33,33,1264944,33984,29,31,0
1448,0.673,0.501,0.017,1.191,6.824,16644,23067,0,36,33,33,1264944,33984,29,31,0
1449,0.675,0.510,0.016,1.200,1.332,16644,23067,0,36,33,33,1264944,33984,29,31,0
1450,0.669,0.821,0.013,1.504,1.341,16644,23067,0,36,33,33,1264944,33984,29,31,0
1451,0.701,0.555,0.017,1.274,1.642,16644,23067,0,36,33,33,1264944,33984,29,31,0
1452,0.669,10.412,0.018,11.099,1.415,16644,23067,0,36,33,33,1264944,33984,29,31,0
1453,0.657,8.433,0.018,9.108,11.229,16644,23067,0,36,33,33,1264944,33984,29,31,0
1454,0.735,6.546,0.019,7.299,9.262,16644,23067,0,36,33,33,1264944,33984,29,31,0
1455,0.738,0.549,0.017,1.304,7.448,16644,23067,0,36,33,33,1264944,33984,29,31,0
1456,0.725,0.561,0.021,1.306,1.456,16644,23067,0,36,33,33,1264944,33984,29,31,0
1457,0.774,0.551,0.013,1.339,1.449,16644,23067,0,36,33,33,1264944,33984,29,31,0
1458,0.687,0.513,0.014,1.215,1.469,16644,23067,0,36,33,33,1264944,33984,29,31,0
1459,0.662,9.965,0.022,10.649,1.364,16644,23067,0,36,33,33,1264944,33984,29,31,0
1460,0.683,8.381,0.019,9.084,10.781,16644,23067,0,36,33,33,1264944,33984,29,31,0
1461,0.749,6.644,0.018,7.411,9.247,16644,23067,0,36,33,33,1264944,33984,29,31,0
1462,0.743,0.573,0.020,1.335,7.564,16644,23067,0,36,33,33,1264944,33984,29,31,0
1463,0.717,0.567,0.017,1.301,1.494,16644,23067,0,36,33,33,1264944,33984,29,31,0
1464,0.752,0.498,0.022,1.273,1.443,16644,23067,0,36,33,33,1264944,33984,29,31,0
1465,0.789,0.622,0.014,1.426,1.411,16644,23067,0,36,33,33,1264944,33984,29,31,0
1466,0.657,9.900,0.022,10.579,1.565,16644,23067,0,36,33,33,1264944,33984,29,31,0
1467,0.747,7.824,0.021,8.593,10.738,16644,23067,0,36,33,33,1264944,33984,29,31,0
1468,0.735,7.251,0.018,8.003,8.764,16644,23067,0,36,33,33,1264944,33984,29,31,0
1469,0.732,0.943,0.017,1.691,8.163,16644,23067,0,36,33,33,1264944,33984,29,31,0
1470,0.759,0.590,0.022,1.371,1.853,16644,23067,0,36,33,33,1264944,33984,29,31,0
1471,0.784,0.728,0.020,1.532,1.514,16644,23067,0,36,33,33,1264944,33984,29,31,0
1472,0.800,10.392,0.019,11.212,1.695,16644,23067,0,36,33,33,1264944,33984,29,31,0
1473,0.747,8.389,0.022,9.158,11.366,16644,23067,0,36,33,33,1264944,33984,29,31,0
1474,0.737,6.561,0.021,7.319,9.304,16644,23067,0,36,33,33,1264944,33984,29,31,0
1475,0.828,0.636,0.016,1.480,7.527,16644,23067,0,36,33,33,1264944,33984,29,31,0
1476,0.728,0.532,0.019,1.279,1.626,16644,23067,0,36,33,33,1264944,33984,29,31,0
1477,0.728,0.568,0.019,1.315,1.422,16644,23067,0,36,33,33,1264944,33984,29,31,0
1478,0.771,0.576,0.023,1.369,1.474,16644,23067,0,36,33,33,1264944,33984,29,31,0
1479,0.778,1.037,0.021,1.836,1.528,16644,23067,0,36,33,33,1264944,33984,29,31,0
1480,0.788,3.452,0.024,4.264,1.998,16644,23067,0,36,33,33,1264944,33984,29,31,0
1481,0.738,11.815,0.019,12.572,4.425,16644,23067,0,36,33,33,1264944,33984,29,31,0
1482,0.748,7.074,0.020,7.841,12.735,16644,23067,0,36,33,33,1264944,33984,29,31,0
1483,0.867,0.675,0.024,1.566,8.033,16644,23067,0,36,33,33,1264944,33984,29,31,0
1484,0.851,0.640,0.021,1.512,1.735,16644,23067,0,36,33,33,1264944,33984,29,31,0
1485,0.751,0.588,0.019,1.358,1.661,16644,23067,0,36,33,33,1264944,33984,29,31,0
1486,0.760,0.565,0.024,1.349,1.506,16644,23067,0,36,33,33,1264944,33984,29,31,0
1487,0.745,0.560,0.019,1.324,1.521,16644,23067,0,36,33,33,1264944,33984,29,31,0
1488,0.726,3.291,0.020,4.037,1.477,16644,23067,0,36,33,33,1264944,33984,29,31,0
1489,0.787,12.431,0.024,13.241,4.211,16644,23067,0,36,33,33,1264944,33984,29,31,0
1490,0.752,6.833,0.022,7.607,13.410,16644,23067,0,36,33,33,1264944,33984,29,31,0
1491,0.838,0.633,0.025,1.496,7.786,16644,23067,0,36,33,33,1264944,33984,29,31,0
1492,0.826,0.567,0.018,1.411,1.665,16644,23067,0,36,33,33,1264944,33984,29,31,0
1493,0.733,0.535,0.015,1.283,1.552,16644,23067,0,36,33,33,1264944,33984,29,31,0
1494,0.788,0.593,0.018,1.399,1.431,16644,23067,0,36,33,33,1264944,33984,29,31,0
1495,0.759,0.928,0.031,1.718,1.550,16644,23067,0,36,33,33,1264944,33984,29,31,0
1496,0.733,3.908,0.017,4.658,1.867,16644,23067,0,36,33,33,1264944,33984,29,31,0
1497,0.767,11.415,0.033,12.214,4.822,16644,23067,0,36,33,33,1264944,33984,29,31,0
1498,0.754,7.028,0.017,7.799,12.367,16644,23067,0,36,33,33,1264944,33984,29,31,0
1499,0.811,0.625,0.023,1.459,7.947,16644,23067,0,36,33,33,1264944,33984,29,31,0
1500,0.814,0.563,0.016,1.394,1.629,16644,23067,0,36,33,33,1264944,33984,29,31,0
1501,0.724,0.524,0.018,1.266,1.534,16644,23067,0,36,33,33,1264944,33984,29,31,0
1502,0.783,0.648,0.016,1.447,1.406,16644,23067,0,36,33,33,1264944,33984,29,31,0
1503,0.779,0.964,0.020,1.763,1.593,16644,23067,0,36,33,33,1264944,33984,29,31,0
1504,0.735,3.484,0.016,4.235,1.917,16644,23067,0,36,33,33,1264944,33984,29,31,0
1505,0.800,12.028,0.020,12.848,4.404,16644,23067,0,36,33,33,1264944,33984,29,31,0
1506,0.741,6.997,0.023,7.761,13.005,16644,23067,0,36,33,33,1264944,33984,29,31,0
1507,0.779,0.553,0.017,1.350,7.929,16644,23067,0,36,33,33,1264944,33984,29,31,0
1508,0.771,0.665,0.015,1.452,1.497,16644,23067,0,36,33,33,1264944,33984,29,31,0
1509,0.749,0.578,0.018,1.346,1.598,16644,23067,0,36,33,33,1264944,33984,29,31,0
1510,0.802,0.650,0.018,1.469,1.493,16644,23067,0,36,33,33,1264944,33984,29,31,0
1511,0.685,0.889,0.019,1.593,1.621,16644,23067,0,36,33,33,1264944,33984,29,31,0
1512,0.669,3.317,0.021,4.007,1.735,16644,23067,0,36,33,33,1264944,33984,29,31,0
1513,0.765,12.394,0.022,13.181,4.163,16644,23067,0,36,33,33,1264944,33984,29,31,0
1514,0.752,6.927,0.016,7.696,13.357,16644,23067,0,36,33,33,1264944,33984,29,31,0
1515,0.746,0.536,0.026,1.308,7.865,16644,23067,0,36,33,33,1264944,33984,29,31,0
1516,0.755,0.582,0.020,1.357,1.456,16644,23067,0,36,33,33,1264944,33984,29,31,0
1517,0.758,0.591,0.018,1.368,1.512,16644,23067,0,36,33,33,1264944,33984,29,31,0
1518,0.771,0.569,0.017,1.357,1.510,16644,23067,0,36,33,33,1264944,33984,29,31,0
1519,0.705,1.213,0.015,1.933,1.496,16644,23067,0,36,33,33,1264944,33984,29,31,0
1520,0.664,3.330,0.018,4.012,2.070,16644,23067,0,36,33,33,1264944,33984,29,31,0
1521,0.753,12.186,0.021,12.959,4.160,16644,23067,0,36,33,33,1264944,33984,29,31,0
1522,0.758,7.021,0.014,7.793,13.114,16644,23067,0,36,33,33,1264944,33984,29,31,0
1523,0.750,0.702,0.019,1.471,7.941,16644,23067,0,36,33,33,1264944,33984,29,31,0
1524,0.801,0.638,0.021,1.459,1.633,16644,23067,0,36,33,33,1264944,33984,29,31,0
1525,0.772,0.627,0.026,1.425,1.610,16644,23067,0,36,33,33,1264944,33984,29,31,0
1526,0.786,0.573,0.017,1.377,1.598,16644,23067,0,36,33,33,1264944,33984,29,31,0
1527,0.736,0.786,0.019,1.541,1.531,16644,23067,0,36,33,33,1264944,33984,29,31,0
1528,0.657,3.651,0.016,4.324,1.679,16644,23067,0,36,33,33,1264944,33984,29,31,0
1529,0.672,12.051,0.016,12.739,4.455,16644,23067,0,36,33,33,1264944,33984,29,31,0
1530,0.730,6.971,0.019,7.720,12.889,16644,23067,0,36,33,33,1264944,33984,29,31,0
1531,0.745,0.547,0.017,1.309,7.884,16644,23067,0,36,33,33,1264944,33984,29,31,0
1532,0.736,0.553,0.015,1.303,1.457,16644,23067,0,36,33,33,1264944,33984,29,31,0
1533,0.719,0.541,0.049,1.309,1.454,16644,23067,0,36,33,33,1264944,33984,29,31,0
1534,0.772,0.570,0.020,1.362,1.455,16644,23067,0,36,33,33,1264944,33984,29,31,0
1535,0.721,10.210,0.019,10.950,1.508,16644,23067,0,36,33,33,1264944,33984,29,31,0
1536,0.756,7.948,0.020,8.723,11.102,16644,23067,0,36,33,33,1264944,33984,29,31,0
1537,0.760,6.535,0.016,7.311,8.881,16644,23067,0,36,33,33,1264944,33984,29,31,0
1538,0.761,0.571,0.018,1.350,7.475,16644,23067,0,36,33,33,1264944,33984,29,31,0
1539,0.730,0.595,0.028,1.353,1.499,16644,23067,0,36,33,33,1264944,33984,29,31,0
1540,0.740,0.578,0.024,1.342,1.499,16644,23067,0,36,33,33,1264944,33984,29,31,0
1541,0.796,0.604,0.022,1.423,1.526,16644,23067,0,36,33,33,1264944,33984,29,31,0
1542,0.765,4.113,0.023,4.900,1.577,16644,23067,0,36,33,33,1264944,33984,29,31,0
1543,0.775,13.409,0.021,14.204,5.064,16644,23067,0,36,33,33,1264944,33984,29,31,0
1544,0.759,7.018,0.023,7.800,14.366,16644,23067,0,36,33,33,1264944,33984,29,31,0
1545,0.749,0.545,0.021,1.315,7.968,16644,23067,0,36,33,33,1264944,33984,29,31,0
1546,0.742,0.540,0.018,1.299,1.463,16644,23067,0,36,33,33,1264944,33984,29,31,0
1547,0.733,0.569,0.025,1.327,1.454,16644,23067,0,36,33,33,1264944,33984,29,31,0
1548,0.769,0.595,0.020,1.384,1.486,16644,23067,0,36,33,33,1264944,33984,29,31,0
1549,0.751,1.206,0.019,1.976,1.539,16644,23067,0,36,33,33,1264944,33984,29,31,0
1550,0.778,3.492,0.022,4.292,2.136,16644,23067,0,36,33,33,1264944,33984,29,31,0
1551,0.757,11.871,0.038,12.666,4.465,16644,23067,0,36,33,33,1264944,33984,29,31,0
1552,0.766,7.094,0.028,7.887,12.820,16644,23067,0,36,33,33,1264944,33984,29,31,0
1553,0.858,0.661,0.019,1.538,8.080,16644,23067,0,36,33,33,1264944,33984,29,31,0
1554,0.786,0.514,0.020,1.320,1.698,16644,23067,0,36,33,33,1264944,33984,29,31,0
1555,0.745,0.575,0.028,1.348,1.465,16644,23067,0,36,33,33,1264944,33984,29,31,0
1556,0.754,0.570,0.020,1.344,1.495,16644,23067,0,36,33,33,1264944,33984,29,31,0
1557,0.740,1.133,0.019,1.893,1.495,16644,23067,0,36,33,33,1264944,33984,29,31,0
1558,0.735,3.518,0.018,4.271,2.050,16644,23067,0,36,33,33,1264944,33984,29,31,0
1559,0.747,11.926,0.020,12.693,4.428,16644,23067,0,36,33,33,1264944,33984,29,31,0
1560,0.795,7.171,0.018,7.984,12.858,16644,23067,0,36,33,33,1264944,33984,29,31,0
1561,0.861,0.857,0.024,1.743,8.155,16644,23067,0,36,33,33,1264944,33984,29,31,0
1562,0.919,0.669,0.023,1.612,1.923,16644,23067,0,36,33,33,1264944,33984,29,31,0
1563,0.778,0.584,0.019,1.381,1.767,16644,23067,0,36,33,33,1264944,33984,29,31,0
1564,0.755,10.139,0.019,10.914,1.528,16644,23067,0,36,33,33,1264944,33984,29,31,0
1565,0.739,8.233,0.019,8.991,11.072,16644,23067,0,36,33,33,1264944,33984,29,31,0
1566,0.851,6.525,0.022,7.398,9.168,16644,23067,0,36,33,33,1264944,33984,29,31,0
1567,0.874,0.676,0.030,1.580,7.590,16644,23067,0,36,33,33,1264944,33984,29,31,0
1568,0.873,0.631,0.023,1.528,1.750,16644,23067,0,36,33,33,1264944,33984,29,31,0
1569,0.869,0.634,0.024,1.527,1.697,16644,23067,0,36,33,33,1264944,33984,29,31,0
1570,0.762,0.522,0.024,1.308,1.689,16644,23067,0,36,33,33,1264944,33984,29,31,0
1571,0.767,0.566,0.019,1.353,1.462,16644,23067,0,36,33,33,1264944,33984,29,31,0
1572,0.761,3.978,0.024,4.763,1.503,16644,23067,0,36,33,33,1264944,33984,29,31,0
1573,0.776,11.707,0.020,12.504,4.933,16644,23067,0,36,33,33,1264944,33984,29,31,0
1574,0.751,6.741,0.031,7.523,12.656,16644,23067,0,36,33,33,1264944,33984,29,31,0
1575,0.871,7.800,0.023,8.694,7.696,16644,23067,0,36,33,33,1264944,33984,29,31,0
1576,0.880,6.603,0.024,7.506,8.874,16644,23067,0,36,33,33,1264944,33984,29,31,0
1577,0.883,7.483,0.026,8.391,7.685,16644,23067,0,36,33,33,1264944,33984,29,31,0
1578,0.840,6.950,0.022,7.812,8.559,16644,23067,0,36,33,33,1264944,33984,29,31,0
1579,0.844,0.687,0.026,1.557,7.989,16644,23067,0,36,33,33,1264944,33984,29,31,0
1580,0.834,0.722,0.024,1.579,1.725,16644,23067,0,36,33,33,1264944,33984,29,31,0
1581,0.939,0.620,0.019,1.578,1.775,16644,23067,0,36,33,33,1264944,33984,29,31,0
1582,0.781,0.591,0.023,1.395,1.731,16644,23067,0,36,33,33,1264944,33984,29,31,0
1583,0.782,0.639,0.013,1.435,1.543,16644,23067,0,36,33,33,1264944,33984,29,31,0
1584,0.800,1.956,0.024,2.780,1.576,16644,23067,0,36,33,33,1264944,33984,29,31,0
1585,0.818,13.178,0.020,14.017,2.944,16644,23067,0,36,33,33,1264944,33984,29,31,0
1586,0.770,7.182,0.028,7.979,14.192,16644,23067,0,36,33,33,1264944,33984,29,31,0
1587,0.752,0.568,0.017,1.337,8.126,16644,23067,0,36,33,33,1264944,33984,29,31,0
1588,0.740,0.568,0.018,1.326,1.490,16644,23067,0,36,33,33,1264944,33984,29,31,0
1589,0.750,0.562,0.024,1.336,1.475,16644,23067,0,36,33,33,1264944,33984,29,31,0
1590,0.844,0.642,0.019,1.506,1.473,16644,23067,0,36,33,33,1264944,33984,29,31,0
1591,0.843,0.655,0.021,1.518,1.665,16644,23067,0,36,33,33,1264944,33984,29,31,0
1592,0.697,3.206,0.019,3.923,1.679,16644,23067,0,36,33,33,1264944,33984,29,31,0
1593,0.893,12.632,0.024,13.549,4.056,16644,23067,0,36,33,33,1264944,33984,29,31,0
1594,0.822,6.535,0.016,7.373,13.762,16644,23067,0,36,33,33,1264944,33984,29,31,0
1595,0.757,0.606,0.019,1.383,7.532,16644,23067,0,36,33,33,1264944,33984,29,31,0
1596,0.772,0.570,0.020,1.361,1.532,16644,23067,0,36,33,33,1264944,33984,29,31,0
1597,0.765,0.556,0.028,1.349,1.522,16644,23067,0,36,33,33,1264944,33984,29,31,0
1598,0.791,0.676,0.017,1.484,1.492,16644,23067,0,36,33,33,1264944,33984,29,31,0
1599,0.782,0.970,0.020,1.772,1.647,16644,23067,0,36,33,33,1264944,33984,29,31,0
1600,0.747,2.226,0.017,2.991,1.915,16644,23067,0,36,33,33,1264944,33984,29,31,0
1601,0.761,13.276,0.019,14.055,3.151,16644,23067,0,36,33,33,1264944,33984,29,31,0
1602,0.798,6.838,0.023,7.658,14.242,16644,23067,0,36,33,33,1264944,33984,29,31,0
1603,0.754,0.554,0.026,1.334,7.833,16644,23067,0,36,33,33,1264944,33984,29,31,0
1604,0.748,0.554,0.019,1.321,1.497,16644,23067,0,36,33,33,1264944,33984,29,31,0
1605,0.737,0.540,0.019,1.296,1.475,16644,23067,0,36,33,33,1264944,33984,29,31,0
1606,0.758,0.659,0.029,1.446,1.447,16644,23067,0,36,33,33,1264944,33984,29,31,0
1607,0.681,4.158,0.018,4.857,1.600,16644,23067,0,36,33,33,1264944,33984,29,31,0
1608,0.706,13.309,0.022,14.037,5.018,16644,23067,0,36,33,33,1264944,33984,29,31,0
1609,0.828,7.167,0.030,8.025,14.206,16644,23067,0,36,33,33,1264944,33984,29,31,0
1610,0.752,0.561,0.022,1.335,8.182,16644,23067,0,36,33,33,1264944,33984,29,31,0
1611,0.742,0.574,0.021,1.337,1.473,16644,23067,0,36,33,33,1264944,33984,29,31,0
1612,0.730,0.757,0.040,1.527,1.488,16644,23067,0,36,33,33,1264944,33984,29,31,0
1613,0.941,0.846,0.021,1.808,1.692,16644,23067,0,36,33,33,1264944,33984,29,31,0
1614,0.822,0.589,0.019,1.431,1.995,16644,23067,0,36,33,33,1264944,33984,29,31,0
1615,0.718,3.304,0.018,4.041,1.592,16644,23067,0,36,33,33,1264944,33984,29,31,0
1616,0.738,11.916,0.018,12.673,4.200,16644,23067,0,36,33,33,1264944,33984,29,31,0
1617,0.762,7.019,0.024,7.804,12.840,16644,23067,0,36,33,33,1264944,33984,29,31,0
1618,0.754,0.628,0.022,1.403,7.965,16644,23067,0,36,33,33,1264944,33984,29,31,0
1619,0.749,0.565,0.019,1.333,1.548,16644,23067,0,36,33,33,1264944,33984,29,31,0
1620,0.752,0.591,0.018,1.362,1.483,16644,23067,0,36,33,33,1264944,33984,29,31,0
1621,0.772,0.585,0.023,1.380,1.504,16644,23067,0,36,33,33,1264944,33984,29,31,0
1622,0.772,1.004,0.017,1.792,1.536,16644,23067,0,36,33,33,1264944,33984,29,31,0
1623,0.673,3.625,0.031,4.329,1.931,16644,23067,0,36,33,33,1264944,33984,29,31,0
1624,0.693,11.945,0.019,12.657,4.484,16644,23067,0,36,33,33,1264944,33984,29,31,0
1625,0.768,7.068,0.017,7.854,12.819,16644,23067,0,36,33,33,1264944,33984,29,31,0
1626,0.743,0.544,0.018,1.304,8.024,16644,23067,0,36,33,33,1264944,33984,29,31,0
1627,0.734,0.564,0.018,1.315,1.460,16644,23067,0,36,33,33,1264944,33984,29,31,0
1628,0.740,0.565,0.019,1.325,1.463,16644,23067,0,36,33,33,1264944,33984,29,31,0
1629,0.779,0.587,0.018,1.384,1.466,16644,23067,0,36,33,33,1264944,33984,29,31,0
1630,0.742,1.082,0.016,1.840,1.533,16644,23067,0,36,33,33,1264944,33984,29,31,0
1631,0.676,3.589,0.017,4.282,1.978,16644,23067,0,36,33,33,1264944,33984,29,31,0
1632,0.698,12.078,0.019,12.795,4.414,16644,23067,0,36,33,33,1264944,33984,29,31,0
1633,0.757,7.039,0.020,7.815,12.961,16644,23067,0,36,33,33,1264944,33984,29,31,0
1634,0.747,0.564,0.019,1.330,7.979,16644,23067,0,36,33,33,1264944,33984,29,31,0
1635,0.749,0.542,0.018,1.309,1.479,16644,23067,0,36,33,33,1264944,33984,29,31,0
1636,0.748,0.628,0.015,1.392,1.464,16644,23067,0,36,33,33,1264944,33984,29,31,0
1637,0.759,0.593,0.018,1.370,1.550,16644,23067,0,36,33,33,1264944,33984,29,31,0
1638,0.686,1.175,0.016,1.877,1.532,16644,23067,0,36,33,33,1264944,33984,29,31,0
1639,0.665,3.884,0.021,4.570,2.013,16644,23067,0,36,33,33,1264944,33984,29,31,0
1640,0.675,11.757,0.014,12.446,4.711,16644,23067,0,36,33,33,1264944,33984,29,31,0
1641,0.720,6.808,0.018,7.547,12.586,16644,23067,0,36,33,33,1264944,33984,29,31,0
1642,0.643,0.639,0.018,1.299,7.675,16644,23067,0,36,33,33,1264944,33984,29,31,0
1643,0.687,0.565,0.023,1.276,1.435,16644,23067,0,36,33,33,1264944,33984,29,31,0
1644,0.636,0.547,0.018,1.201,1.423,16644,23067,0,36,33,33,1264944,33984,29,31,0
1645,0.655,0.523,0.017,1.195,1.350,16644,23067,0,36,33,33,1264944,33984,29,31,0
1646,0.578,10.614,0.020,11.212,1.316,16644,23067,0,36,33,33,1264944,33984,29,31,0
1647,0.597,8.359,0.013,8.969,11.318,16644,23067,0,36,33,33,1264944,33984,29,31,0
1648,0.588,6.912,0.014,7.514,9.090,16644,23067,0,36,33,33,1264944,33984,29,31,0
1649,0.576,0.657,0.014,1.247,7.639,16644,23067,0,36,33,33,1264944,33984,29,31,0
1650,0.553,0.494,0.014,1.061,1.350,16644,23067,0,36,33,33,1264944,33984,29,31,0
1651,0.537,0.440,0.011,0.988,1.156,16644,23067,0,36,33,33,1264944,33984,29,31,0
1652,0.518,0.532,0.012,1.062,1.080,16644,23067,0,36,33,33,1264944,33984,29,31,0
1653,0.515,0.617,0.011,1.143,1.163,16644,23067,0,36,33,33,1264944,33984,29,31,0
1654,0.501,3.933,0.016,4.450,1.255,16644,23067,0,36,33,33,1264944,33984,29,31,0
1655,0.484,13.926,0.012,14.422,4.563,16644,23067,0,36,33,33,1264944,33984,29,31,0
1656,0.495,7.447,0.015,7.956,14.520,16644,23067,0,36,33,33,1264944,33984,29,31,0
1657,0.502,0.710,0.012,1.224,8.051,16644,23067,0,36,33,33,1264944,33984,29,31,0
1658,0.488,0.507,0.012,1.008,1.312,16644,23067,0,36,33,33,1264944,33984,29,31,0
1659,2.662,0.504,0.010,3.176,1.096,16644,23067,0,36,33,33,1264944,33984,29,31,0
1660,0.471,0.383,0.015,0.869,3.270,16644,23067,0,36,33,33,1264944,33984,29,31,0
1661,0.483,1.091,0.016,1.591,0.965,16644,23067,0,36,33,33,1264944,33984,29,31,0
1662,0.515,3.323,0.012,3.849,1.714,16644,23067,0,36,33,33,1264944,33984,29,31,0
1663,0.460,12.136,0.016,12.612,3.945,16644,23067,0,36,33,33,1264944,33984,29,31,0
1664,0.472,7.282,0.015,7.769,12.723,16644,23067,0,36,33,33,1264944,33984,29,31,0
1665,0.522,0.471,0.014,1.007,7.868,16644,23067,0,36,33,33,1264944,33984,29,31,0
1666,0.523,0.421,0.011,0.955,1.109,16644,23067,0,36,33,33,1264944,33984,29,31,0
1667,0.531,0.488,0.015,1.033,1.048,16644,23067,0,36,33,33,1264944,33984,29,31,0
1668,0.499,0.804,0.011,1.314,1.131,16644,23067,0,36,33,33,1264944,33984,29,31,0
1669,0.603,1.948,0.014,2.566,1.411,16644,23067,0,36,33,33,1264944,33984,29,31,0
1670,0.531,0.392,0.013,0.936,2.682,16644,23067,0,36,33,33,1264944,33984,29,31,0
1671,0.589,0.789,0.010,1.389,1.062,16644,23067,0,36,33,33,1264944,33984,29,31,0
1672,0.558,14.662,0.014,15.234,1.495,16644,23067,0,36,33,33,1264944,33984,29,31,0
1673,0.549,7.398,0.024,7.971,15.345,16644,23067,0,36,33,33,1264944,33984,29,31,0
1674,0.564,0.473,0.013,1.051,8.080,16644,23067,0,36,33,33,1264944,33984,29,31,0
1675,0.537,0.681,0.046,1.264,1.146,16644,23067,0,36,33,33,1264944,33984,29,31,0
1676,0.565,0.907,0.017,1.489,1.375,16644,23067,0,36,33,33,1264944,33984,29,31,0
1677,0.624,0.424,0.014,1.062,1.614,16644,23067,0,36,33,33,1264944,33984,29,31,0
1678,0.577,0.464,0.012,1.052,1.174,16644,23067,0,36,33,33,1264944,33984,29,31,0
1679,0.542,1.105,0.012,1.659,1.156,16644,23067,0,36,33,33,1264944,33984,29,31,0
1680,0.573,1.075,0.014,1.663,1.768,16644,23067,0,36,33,33,1264944,33984,29,31,0
1681,0.580,15.076,0.014,15.670,1.788,16644,23067,0,36,33,33,1264944,33984,29,31,0
1682,0.585,7.240,0.015,7.840,15.783,16644,23067,0,36,33,33,1264944,33984,29,31,0
1683,0.561,0.630,0.014,1.205,7.959,16644,23067,0,36,33,33,1264944,33984,29,31,0
1684,0.571,0.491,0.018,1.080,1.324,16644,23067,0,36,33,33,1264944,33984,29,31,0
1685,0.581,0.458,0.019,1.057,1.196,16644,23067,0,36,33,33,1264944,33984,29,31,0
1686,0.579,0.433,0.017,1.029,1.183,16644,23067,0,36,33,33,1264944,33984,29,31,0
1687,0.596,0.463,0.013,1.072,1.136,16644,23067,0,36,33,33,1264944,33984,29,31,0
1688,0.590,2.253,0.014,2.857,1.169,16644,23067,0,36,33,33,1264944,33984,29,31,0
1689,0.558,15.681,0.016,16.255,2.975,16644,23067,0,36,33,33,1264944,33984,29,31,0
1690,0.625,7.317,0.019,7.962,16.391,16644,23067,0,36,33,33,1264944,33984,29,31,0
1691,0.619,0.598,0.016,1.232,8.086,16644,23067,0,36,33,33,1264944,33984,29,31,0
1692,0.605,0.496,0.016,1.117,1.359,16644,23067,0,36,33,33,1264944,33984,29,31,0
1693,0.614,0.476,0.017,1.107,1.235,16644,23067,0,36,33,33,1264944,33984,29,31,0
1694,0.618,0.532,0.013,1.163,1.223,16644,23067,0,36,33,33,1264944,33984,29,31,0
1695,0.599,10.704,0.015,11.318,1.292,16644,23067,0,36,33,33,1264944,33984,29,31,0
1696,0.867,7.515,0.016,8.398,11.446,16644,23067,0,36,33,33,1264944,33984,29,31,0
1697,0.603,7.195,0.023,7.821,8.536,16644,23067,0,36,33,33,1264944,33984,29,31,0
1698,0.908,0.482,0.015,1.406,7.953,16644,23067,0,36,33,33,1264944,33984,29,31,0
1699,0.629,0.550,0.019,1.198,1.532,16644,23067,0,36,33,33,1264944,33984,29,31,0
1700,0.635,0.481,0.019,1.135,1.325,16644,23067,0,36,33,33,1264944,33984,29,31,0
1701,0.612,0.893,0.013,1.518,1.256,16644,23067,0,36,33,33,1264944,33984,29,31,0
1702,0.609,0.443,0.017,1.069,1.638,16644,23067,0,36,33,33,1264944,33984,29,31,0
1703,0.610,3.171,0.016,3.796,1.191,16644,23067,0,36,33,33,1264944,33984,29,31,0
1704,0.868,13.501,0.029,14.397,3.930,16644,23067,0,36,33,33,1264944,33984,29,31,0
1705,0.635,7.157,0.014,7.806,14.538,16644,23067,0,36,33,33,1264944,33984,29,31,0
1706,0.707,0.506,0.015,1.228,7.944,16644,23067,0,36,33,33,1264944,33984,29,31,0
1707,0.665,0.547,0.016,1.229,1.377,16644,23067,0,36,33,33,1264944,33984,29,31,0
1708,0.687,0.657,0.022,1.366,1.357,16644,23067,0,36,33,33,1264944,33984,29,31,0
1709,0.725,0.564,0.018,1.307,1.524,16644,23067,0,36,33,33,1264944,33984,29,31,0
1710,0.630,4.279,0.015,4.924,1.432,16644,23067,0,36,33,33,1264944,33984,29,31,0
1711,0.628,13.616,0.019,14.264,5.058,16644,23067,0,36,33,33,1264944,33984,29,31,0
1712,0.742,7.294,0.017,8.054,14.412,16644,23067,0,36,33,33,1264944,33984,29,31,0
1713,0.667,0.508,0.020,1.195,8.204,16644,23067,0,36,33,33,1264944,33984,29,31,0
1714,0.652,0.490,0.024,1.166,1.339,16644,23067,0,36,33,33,1264944,33984,29,31,0
1715,0.680,0.559,0.021,1.261,1.308,16644,23067,0,36,33,33,1264944,33984,29,31,0
1716,0.696,0.575,0.017,1.288,1.395,16644,23067,0,36,33,33,1264944,33984,29,31,0
1717,0.680,3.289,0.017,3.986,1.421,16644,23067,0,36,33,33,1264944,33984,29,31,0
1718,0.662,14.953,0.029,15.643,4.135,16644,23067,0,36,33,33,1264944,33984,29,31,0
1719,0.659,7.217,0.021,7.896,15.799,16644,23067,0,36,33,33,1264944,33984,29,31,0
1720,0.747,0.582,0.021,1.350,8.063,16644,23067,0,36,33,33,1264944,33984,29,31,0
1721,0.732,0.562,0.020,1.313,1.500,16644,23067,0,36,33,33,1264944,33984,29,31,0
1722,0.650,0.489,0.013,1.152,1.455,16644,23067,0,36,33,33,1264944,33984,29,31,0
1723,0.670,0.546,0.021,1.236,1.288,16644,23067,0,36,33,33,1264944,33984,29,31,0
1724,0.667,10.385,0.022,11.074,1.369,16644,23067,0,36,33,33,1264944,33984,29,31,0
1725,0.785,7.420,0.022,8.227,11.244,16644,23067,0,36,33,33,1264944,33984,29,31,0
1726,0.746,7.193,0.022,7.961,8.383,16644,23067,0,36,33,33,1264944,33984,29,31,0
1727,0.733,0.580,0.017,1.330,8.119,16644,23067,0,36,33,33,1264944,33984,29,31,0
1728,0.723,0.543,0.018,1.284,1.488,16644,23067,0,36,33,33,1264944,33984,29,31,0
1729,0.729,0.608,0.016,1.353,1.429,16644,23067,0,36,33,33,1264944,33984,29,31,0
1730,0.773,0.582,0.023,1.378,1.489,16644,23067,0,36,33,33,1264944,33984,29,31,0
1731,0.736,9.991,0.020,10.747,1.521,16644,23067,0,36,33,33,1264944,33984,29,31,0
1732,0.744,7.487,0.019,8.250,10.900,16644,23067,0,36,33,33,1264944,33984,29,31,0
1733,0.744,7.350,0.022,8.116,8.438,16644,23067,0,36,33,33,1264944,33984,29,31,0
1734,0.737,0.539,0.025,1.301,8.270,16644,23067,0,36,33,33,1264944,33984,29,31,0
1735,0.741,0.584,0.028,1.353,1.444,16644,23067,0,36,33,33,1264944,33984,29,31,0
1736,0.735,0.598,0.018,1.351,1.501,16644,23067,0,36,33,33,1264944,33984,29,31,0
1737,0.944,0.926,0.039,1.908,1.509,16644,23067,0,36,33,33,1264944,33984,29,31,0
1738,0.904,3.147,0.023,4.074,2.110,16644,23067,0,36,33,33,1264944,33984,29,31,0
1739,0.723,13.509,0.018,14.250,4.229,16644,23067,0,36,33,33,1264944,33984,29,31,0
1740,0.776,7.268,0.019,8.064,14.403,16644,23067,0,36,33,33,1264944,33984,29,31,0
1741,0.820,0.600,0.018,1.438,8.252,16644,23067,0,36,33,33,1264944,33984,29,31,0
1742,0.784,0.592,0.022,1.398,1.581,16644,23067,0,36,33,33,1264944,33984,29,31,0
1743,0.761,0.602,0.028,1.390,1.548,16644,23067,0,36,33,33,1264944,33984,29,31,0
1744,0.792,0.626,0.017,1.436,1.541,16644,23067,0,36,33,33,1264944,33984,29,31,0
1745,0.742,1.015,0.020,1.777,1.582,16644,23067,0,36,33,33,1264944,33984,29,31,0
1746,0.679,4.056,0.019,4.754,1.919,16644,23067,0,36,33,33,1264944,33984,29,31,0
1747,0.734,11.259,0.015,12.008,4.916,16644,23067,0,36,33,33,1264944,33984,29,31,0
1748,0.738,6.939,0.019,7.696,12.155,16644,23067,0,36,33,33,1264944,33984,29,31,0
1749,0.758,0.605,0.022,1.385,7.875,16644,23067,0,36,33,33,1264944,33984,29,31,0
1750,0.767,0.610,0.019,1.396,1.541,16644,23067,0,36,33,33,1264944,33984,29,31,0
1751,0.751,0.547,0.067,1.365,1.547,16644,23067,0,36,33,33,1264944,33984,29,31,0
1752,0.782,0.584,0.019,1.386,1.504,16644,23067,0,36,33,33,1264944,33984,29,31,0
1753,0.734,9.964,0.020,10.717,1.537,16644,23067,0,36,33,33,1264944,33984,29,31,0
1754,0.776,7.296,0.020,8.092,10.889,16644,23067,0,36,33,33,1264944,33984,29,31,0
1755,0.751,7.031,0.020,7.801,8.248,16644,23067,0,36,33,33,1264944,33984,29,31,0
1756,0.756,0.585,0.017,1.358,7.970,16644,23067,0,36,33,33,1264944,33984,29,31,0
1757,0.740,0.577,0.015,1.332,1.512,16644,23067,0,36,33,33,1264944,33984,29,31,0
1758,0.729,0.586,0.020,1.336,1.486,16644,23067,0,36,33,33,1264944,33984,29,31,0
1759,0.764,0.610,0.018,1.391,1.485,16644,23067,0,36,33,33,1264944,33984,29,31,0
1760,0.743,10.002,0.025,10.771,1.535,16644,23067,0,36,33,33,1264944,33984,29,31,0
1761,0.746,7.847,0.021,8.613,10.928,16644,23067,0,36,33,33,1264944,33984,29,31,0
1762,0.751,6.997,0.025,7.774,8.787,16644,23067,0,36,33,33,1264944,33984,29,31,0
1763,0.867,0.691,0.018,1.576,7.965,16644,23067,0,36,33,33,1264944,33984,29,31,0
1764,0.823,0.595,0.023,1.441,1.744,16644,23067,0,36,33,33,1264944,33984,29,31,0
1765,0.766,0.574,0.021,1.361,1.587,16644,23067,0,36,33,33,1264944,33984,29,31,0
1766,0.780,0.591,0.024,1.394,1.511,16644,23067,0,36,33,33,1264944,33984,29,31,0
1767,0.740,0.551,0.019,1.310,1.555,16644,23067,0,36,33,33,1264944,33984,29,31,0
1768,0.729,3.661,0.019,4.409,1.457,16644,23067,0,36,33,33,1264944,33984,29,31,0
1769,0.744,11.578,0.019,12.342,4.581,16644,23067,0,36,33,33,1264944,33984,29,31,0
1770,0.752,7.106,0.019,7.877,12.502,16644,23067,0,36,33,33,1264944,33984,29,31,0
1771,0.746,0.718,0.025,1.488,8.054,16644,23067,0,36,33,33,1264944,33984,29,31,0
1772,0.773,0.566,0.020,1.360,1.646,16644,23067,0,36,33,33,1264944,33984,29,31,0
1773,0.755,0.650,0.023,1.428,1.518,16644,23067,0,36,33,33,1264944,33984,29,31,0
1774,0.803,0.703,0.025,1.531,1.584,16644,23067,0,36,33,33,1264944,33984,29,31,0
1775,0.768,0.852,0.014,1.634,1.690,16644,23067,0,36,33,33,1264944,33984,29,31,0
1776,0.725,3.423,0.017,4.165,1.774,16644,23067,0,36,33,33,1264944,33984,29,31,0
1777,0.678,12.414,0.019,13.111,4.308,16644,23067,0,36,33,33,1264944,33984,29,31,0
1778,0.758,6.866,0.016,7.640,13.266,16644,23067,0,36,33,33,1264944,33984,29,31,0
1779,0.734,0.543,0.022,1.300,7.812,16644,23067,0,36,33,33,1264944,33984,29,31,0
1780,0.742,0.555,0.020,1.316,1.444,16644,23067,0,36,33,33,1264944,33984,29,31,0
1781,0.735,0.596,0.019,1.349,1.468,16644,23067,0,36,33,33,1264944,33984,29,31,0
1782,0.760,0.569,0.024,1.354,1.495,16644,23067,0,36,33,33,1264944,33984,29,31,0
1783,0.703,1.200,0.016,1.919,1.506,16644,23067,0,36,33,33,1264944,33984,29,31,0
1784,0.659,3.468,0.014,4.141,2.056,16644,23067,0,36,33,33,1264944,33984,29,31,0
1785,0.696,12.263,0.033,12.992,4.290,16644,23067,0,36,33,33,1264944,33984,29,31,0
1786,0.743,7.033,0.022,7.798,13.144,16644,23067,0,36,33,33,1264944,33984,29,31,0
1787,0.777,0.632,0.018,1.426,7.966,16644,23067,0,36,33,33,1264944,33984,29,31,0
1788,0.787,0.571,0.017,1.375,1.582,16644,23067,0,36,33,33,1264944,33984,29,31,0
1789,0.750,0.591,0.016,1.356,1.521,16644,23067,0,36,33,33,1264944,33984,29,31,0
1790,0.823,0.600,0.019,1.443,1.502,16644,23067,0,36,33,33,1264944,33984,29,31,0
1791,0.778,0.782,0.023,1.583,1.601,16644,23067,0,36,33,33,1264944,33984,29,31,0
1792,0.733,3.576,0.022,4.331,1.738,16644,23067,0,36,33,33,1264944,33984,29,31,0
1793,0.773,11.959,0.020,12.752,4.486,16644,23067,0,36,33,33,1264944,33984,29,31,0
1794,0.760,7.000,0.017,7.777,12.939,16644,23067,0,36,33,33,1264944,33984,29,31,0
1795,0.757,0.561,0.018,1.335,7.941,16644,23067,0,36,33,33,1264944,33984,29,31,0
1796,0.762,0.623,0.022,1.408,1.484,16644,23067,0,36,33,33,1264944,33984,29,31,0
1797,0.740,0.569,0.030,1.340,1.556,16644,23067,0,36,33,33,1264944,33984,29,31,0
1798,0.752,0.755,0.024,1.530,1.488,16644,23067,0,36,33,33,1264944,33984,29,31,0
1799,0.730,1.090,0.020,1.841,1.677,16644,23067,0,36,33,33,1264944,33984,29,31,0
1800,0.770,7.454,0.019,8.243,2.004,16644,23067,0,36,33,33,1264944,33984,29,31,0
1801,0.768,7.990,0.023,8.781,8.399,16644,23067,0,36,33,33,1264944,33984,29,31,0
1802,0.744,6.373,0.017,7.134,8.933,16644,23067,0,36,33,33,1264944,33984,29,31,0
1803,0.788,7.760,0.021,8.569,7.281,16644,23067,0,36,33,33,1264944,33984,29,31,0
1804,0.849,7.446,0.028,8.322,8.721,16644,23067,0,36,33,33,1264944,33984,29,31,0
1805,0.866,7.288,0.030,8.184,8.503,16644,23067,0,36,33,33,1264944,33984,29,31,0
1806,0.834,7.023,0.022,7.880,8.378,16644,23067,0,36,33,33,1264944,33984,29,31,0
1807,0.851,0.674,0.037,1.561,8.070,16644,23067,0,36,33,33,1264944,33984,29,31,0
1808,0.821,0.643,0.024,1.488,1.727,16644,23067,0,36,33,33,1264944,33984,29,31,0
1809,0.850,0.616,0.067,1.533,1.649,16644,23067,0,36,33,33,1264944,33984,29,31,0
1810,0.915,0.755,0.019,1.690,1.690,16644,23067,0,36,33,33,1264944,33984,29,31,0
1811,0.743,0.557,0.016,1.316,1.868,16644,23067,0,36,33,33,1264944,33984,29,31,0
1812,0.870,1.576,0.021,2.467,1.465,16644,23067,0,36,33,33,1264944,33984,29,31,0
1813,0.876,13.157,0.019,14.051,2.625,16644,23067,0,36,33,33,1264944,33984,29,31,0
1814,0.774,7.206,0.020,8.001,14.217,16644,23067,0,36,33,33,1264944,33984,29,31,0
1815,0.857,0.696,0.020,1.573,8.188,16644,23067,0,36,33,33,1264944,33984,29,31,0
1816,0.795,0.613,0.021,1.429,1.747,16644,23067,0,36,33,33,1264944,33984,29,31,0
1817,0.791,0.622,0.016,1.429,1.580,16644,23067,0,36,33,33,1264944,33984,29,31,0
1818,0.794,0.593,0.024,1.412,1.571,16644,23067,0,36,33,33,1264944,33984,29,31,0
1819,0.797,0.595,0.015,1.408,1.576,16644,23067,0,36,33,33,1264944,33984,29,31,0
1820,0.807,1.921,0.023,2.751,1.558,16644,23067,0,36,33,33,1264944,33984,29,31,0
1821,0.801,13.406,0.027,14.234,2.920,16644,23067,0,36,33,33,1264944,33984,29,31,0
1822,0.766,6.979,0.023,7.768,14.392,16644,23067,0,36,33,33,1264944,33984,29,31,0
1823,0.790,0.590,0.026,1.406,7.951,16644,23067,0,36,33,33,1264944,33984,29,31,0
1824,0.733,0.576,0.025,1.335,1.551,16644,23067,0,36,33,33,1264944,33984,29,31,0
1825,0.749,0.590,0.021,1.359,1.479,16644,23067,0,36,33,33,1264944,33984,29,31,0
1826,0.788,0.659,0.021,1.468,1.503,16644,23067,0,36,33,33,1264944,33984,29,31,0
1827,0.779,1.018,0.020,1.817,1.616,16644,23067,0,36,33,33,1264944,33984,29,31,0
1828,0.737,3.614,0.018,4.369,1.968,16644,23067,0,36,33,33,1264944,33984,29,31,0
1829,0.743,11.465,0.020,12.229,4.521,16644,23067,0,36,33,33,1264944,33984,29,31,0
1830,0.758,7.214,0.020,7.992,12.373,16644,23067,0,36,33,33,1264944,33984,29,31,0
1831,0.741,0.580,0.023,1.344,8.160,16644,23067,0,36,33,33,1264944,33984,29,31,0
1832,0.746,0.589,0.016,1.351,1.489,16644,23067,0,36,33,33,1264944,33984,29,31,0
1833,0.727,0.520,0.024,1.271,1.500,16644,23067,0,36,33,33,1264944,33984,29,31,0
1834,0.733,0.605,0.018,1.355,1.410,16644,23067,0,36,33,33,1264944,33984,29,31,0
1835,0.729,10.151,0.019,10.899,1.498,16644,23067,0,36,33,33,1264944,33984,29,31,0
1836,0.794,7.509,0.025,8.328,11.057,16644,23067,0,36,33,33,1264944,33984,29,31,0
1837,0.731,7.138,0.023,7.891,8.477,16644,23067,0,36,33,33,1264944,33984,29,31,0
1838,0.831,0.602,0.018,1.450,8.076,16644,23067,0,36,33,33,1264944,33984,29,31,0
1839,0.846,0.602,0.016,1.465,1.619,16644,23067,0,36,33,33,1264944,33984,29,31,0
1840,0.725,0.610,0.018,1.353,1.609,16644,23067,0,36,33,33,1264944,33984,29,31,0
1841,0.791,0.579,0.020,1.390,1.513,16644,23067,0,36,33,33,1264944,33984,29,31,0
1842,0.759,0.861,0.020,1.640,1.542,16644,23067,0,36,33,33,1264944,33984,29,31,0
1843,0.742,3.469,0.018,4.229,1.798,16644,23067,0,36,33,33,1264944,33984,29,31,0
1844,0.765,11.738,0.018,12.521,4.403,16644,23067,0,36,33,33,1264944,33984,29,31,0
1845,0.749,7.026,0.018,7.794,12.671,16644,23067,0,36,33,33,1264944,33984,29,31,0
1846,0.738,0.534,0.029,1.300,7.967,16644,23067,0,36,33,33,1264944,33984,29,31,0
1847,0.726,0.562,0.018,1.306,1.447,16644,23067,0,36,33,33,1264944,33984,29,31,0
1848,0.747,0.554,0.037,1.338,1.457,16644,23067,0,36,33,33,1264944,33984,29,31,0
1849,0.736,0.678,0.023,1.437,1.477,16644,23067,0,36,33,33,1264944,33984,29,31,0
1850,0.771,10.244,0.019,11.034,1.586,16644,23067,0,36,33,33,1264944,33984,29,31,0
1851,0.741,7.162,0.019,7.923,11.184,16644,23067,0,36,33,33,1264944,33984,29,31,0
1852,0.735,7.218,0.027,7.981,8.078,16644,23067,0,36,33,33,1264944,33984,29,31,0
1853,0.783,0.615,0.020,1.418,8.146,16644,23067,0,36,33,33,1264944,33984,29,31,0
1854,0.738,0.549,0.018,1.305,1.572,16644,23067,0,36,33,33,1264944,33984,29,31,0
1855,0.728,0.561,0.020,1.309,1.452,16644,23067,0,36,33,33,1264944,33984,29,31,0
1856,0.752,0.555,0.029,1.335,1.460,16644,23067,0,36,33,33,1264944,33984,29,31,0
1857,0.722,0.536,0.015,1.273,1.483,16644,23067,0,36,33,33,1264944,33984,29,31,0
1858,0.653,3.784,0.018,4.455,1.409,16644,23067,0,36,33,33,1264944,33984,29,31,0
1859,0.683,12.363,0.021,13.066,4.603,16644,23067,0,36,33,33,1264944,33984,29,31,0
1860,0.759,7.347,0.015,8.122,13.227,16644,23067,0,36,33,33,1264944,33984,29,31,0
1861,0.785,0.601,0.023,1.408,8.281,16644,23067,0,36,33,33,1264944,33984,29,31,0
1862,0.729,0.585,0.025,1.339,1.554,16644,23067,0,36,33,33,1264944,33984,29,31,0
1863,0.741,0.565,0.021,1.327,1.491,16644,23067,0,36,33,33,1264944,33984,29,31,0
1864,0.748,0.537,0.015,1.300,1.470,16644,23067,0,36,33,33,1264944,33984,29,31,0
1865,0.682,0.508,0.012,1.202,1.438,16644,23067,0,36,33,33,1264944,33984,29,31,0
1866,0.671,4.033,0.019,4.723,1.326,16644,23067,0,36,33,33,1264944,33984,29,31,0
1867,0.679,12.009,0.025,12.714,4.860,16644,23067,0,36,33,33,1264944,33984,29,31,0
1868,0.747,7.495,0.020,8.261,12.876,16644,23067,0,36,33,33,1264944,33984,29,31,0
1869,0.778,0.586,0.018,1.383,8.423,16644,23067,0,36,33,33,1264944,33984,29,31,0
1870,0.732,0.583,0.015,1.330,1.528,16644,23067,0,36,33,33,1264944,33984,29,31,0
1871,0.725,0.557,0.019,1.301,1.474,16644,23067,0,36,33,33,1264944,33984,29,31,0
1872,0.768,0.685,0.020,1.473,1.452,16644,23067,0,36,33,33,1264944,33984,29,31,0
1873,0.769,0.945,0.018,1.731,1.623,16644,23067,0,36,33,33,1264944,33984,29,31,0
1874,0.660,3.322,0.018,4.000,1.882,16644,23067,0,36,33,33,1264944,33984,29,31,0
1875,0.674,12.204,0.016,12.894,4.134,16644,23067,0,36,33,33,1264944,33984,29,31,0
1876,0.715,7.289,0.019,8.023,13.040,16644,23067,0,36,33,33,1264944,33984,29,31,0
1877,0.707,0.936,0.017,1.660,8.181,16644,23067,0,36,33,33,1264944,33984,29,31,0
1878,0.731,0.613,0.018,1.361,1.808,16644,23067,0,36,33,33,1264944,33984,29,31,0
1879,0.736,0.610,0.024,1.369,1.502,16644,23067,0,36,33,33,1264944,33984,29,31,0
1880,0.727,10.866,0.015,11.607,1.525,16644,23067,0,36,33,33,1264944,33984,29,31,0
1881,0.716,7.456,0.021,8.194,11.758,16644,23067,0,36,33,33,1264944,33984,29,31,0
1882,0.710,7.392,0.017,8.119,8.352,16644,23067,0,36,33,33,1264944,33984,29,31,0
1883,0.796,0.593,0.023,1.411,8.293,16644,23067,0,36,33,33,1264944,33984,29,31,0
1884,0.738,0.536,0.021,1.295,1.570,16644,23067,0,36,33,33,1264944,33984,29,31,0
1885,0.724,0.556,0.017,1.297,1.443,16644,23067,0,36,33,33,1264944,33984,29,31,0
1886,0.759,0.613,0.021,1.393,1.443,16644,23067,0,36,33,33,1264944,33984,29,31,0
1887,0.759,1.215,0.021,1.995,1.549,16644,23067,0,36,33,33,1264944,33984,29,31,0
1888,0.674,3.152,0.015,3.840,2.131,16644,23067,0,36,33,33,1264944,33984,29,31,0
1889,0.697,12.426,0.024,13.148,3.997,16644,23067,0,36,33,33,1264944,33984,29,31,0
1890,0.817,6.895,0.016,7.727,13.297,16644,23067,0,36,33,33,1264944,33984,29,31,0
1891,0.720,0.489,0.014,1.223,7.860,16644,23067,0,36,33,33,1264944,33984,29,31,0
1892,0.624,0.527,0.021,1.172,1.352,16644,23067,0,36,33,33,1264944,33984,29,31,0
1893,0.660,0.525,0.018,1.202,1.305,16644,23067,0,36,33,33,1264944,33984,29,31,0
1894,0.651,0.592,0.012,1.256,1.337,16644,23067,0,36,33,33,1264944,33984,29,31,0
1895,0.614,4.403,0.016,5.033,1.379,16644,23067,0,36,33,33,1264944,33984,29,31,0
1896,0.602,14.030,0.016,14.648,5.163,16644,23067,0,36,33,33,1264944,33984,29,31,0
1897,0.603,7.142,0.017,7.763,14.788,16644,23067,0,36,33,33,1264944,33984,29,31,0
1898,0.529,0.701,0.014,1.245,7.885,16644,23067,0,36,33,33,1264944,33984,29,31,0
1899,0.516,0.507,0.012,1.035,1.353,16644,23067,0,36,33,33,1264944,33984,29,31,0
1900,0.566,0.381,0.018,0.965,1.153,16644,23067,0,36,33,33,1264944,33984,29,31,0
1901,0.521,0.491,0.013,1.026,1.055,16644,23067,0,36,33,33,1264944,33984,29,31,0
1902,0.519,0.534,0.020,1.073,1.137,16644,23067,0,36,33,33,1264944,33984,29,31,0
1903,0.507,3.978,0.015,4.501,1.181,16644,23067,0,36,33,33,1264944,33984,29,31,0
1904,0.497,14.006,0.018,14.521,4.621,16644,23067,0,36,33,33,1264944,33984,29,31,0
1905,0.521,7.246,0.014,7.781,14.635,16644,23067,0,36,33,33,1264944,33984,29,31,0
1906,0.504,0.593,0.034,1.131,7.869,16644,23067,0,36,33,33,1264944,33984,29,31,0
1907,0.495,0.410,0.016,0.921,1.223,16644,23067,0,36,33,33,1264944,33984,29,31,0
1908,0.484,0.535,0.015,1.034,1.020,16644,23067,0,36,33,33,1264944,33984,29,31,0
1909,0.486,0.410,0.011,0.907,1.140,16644,23067,0,36,33,33,1264944,33984,29,31,0
1910,0.470,0.440,0.014,0.924,1.010,16644,23067,0,36,33,33,1264944,33984,29,31,0
1911,0.472,3.793,0.012,4.277,1.020,16644,23067,0,36,33,33,1264944,33984,29,31,0
1912,0.486,15.373,0.013,15.872,4.378,16644,23067,0,36,33,33,1264944,33984,29,31,0
1913,0.517,7.315,0.016,7.847,15.966,16644,23067,0,36,33,33,1264944,33984,29,31,0
1914,0.498,0.670,0.012,1.180,7.960,16644,23067,0,36,33,33,1264944,33984,29,31,0
1915,0.471,0.389,0.015,0.874,1.269,16644,23067,0,36,33,33,1264944,33984,29,31,0
1916,0.491,0.467,0.016,0.973,0.968,16644,23067,0,36,33,33,1264944,33984,29,31,0
1917,0.479,0.379,0.011,0.869,1.067,16644,23067,0,36,33,33,1264944,33984,29,31,0
1918,0.483,0.666,0.014,1.162,0.964,16644,23067,0,36,33,33,1264944,33984,29,31,0
1919,0.438,3.181,0.019,3.637,1.263,16644,23067,0,36,33,33,1264944,33984,29,31,0
1920,0.455,15.335,0.012,15.801,3.750,16644,23067,0,36,33,33,1264944,33984,29,31,0
1921,0.511,7.426,0.012,7.949,15.906,16644,23067,0,36,33,33,1264944,33984,29,31,0
1922,0.492,0.596,0.013,1.100,8.057,16644,23067,0,36,33,33,1264944,33984,29,31,0
1923,0.547,0.437,0.019,1.003,1.203,16644,23067,0,36,33,33,1264944,33984,29,31,0
1924,0.551,0.422,0.013,0.986,1.102,16644,23067,0,36,33,33,1264944,33984,29,31,0
1925,0.496,0.622,0.018,1.135,1.084,16644,23067,0,36,33,33,1264944,33984,29,31,0
1926,0.499,0.375,0.013,0.887,1.225,16644,23067,0,36,33,33,1264944,33984,29,31,0
1927,0.497,10.672,0.010,11.180,0.988,16644,23067,0,36,33,33,1264944,33984,29,31,0
1928,0.507,8.172,0.013,8.692,11.286,16644,23067,0,36,33,33,1264944,33984,29,31,0
1929,0.538,6.956,0.012,7.506,8.799,16644,23067,0,36,33,33,1264944,33984,29,31,0
1930,0.544,0.569,0.012,1.126,7.627,16644,23067,0,36,33,33,1264944,33984,29,31,0
1931,0.566,0.456,0.015,1.036,1.235,16644,23067,0,36,33,33,1264944,33984,29,31,0
1932,0.555,0.501,0.015,1.071,1.146,16644,23067,0,36,33,33,1264944,33984,29,31,0
1933,0.594,0.469,0.010,1.073,1.189,16644,23067,0,36,33,33,1264944,33984,29,31,0
1934,0.546,11.433,0.019,11.998,1.176,16644,23067,0,36,33,33,1264944,33984,29,31,0
1935,0.565,8.209,0.015,8.790,12.118,16644,23067,0,36,33,33,1264944,33984,29,31,0
1936,0.597,7.152,0.015,7.763,8.917,16644,23067,0,36,33,33,1264944,33984,29,31,0
1937,0.594,0.960,0.013,1.567,7.891,16644,23067,0,36,33,33,1264944,33984,29,31,0
1938,0.585,0.514,0.012,1.112,1.686,16644,23067,0,36,33,33,1264944,33984,29,31,0
1939,0.588,0.479,0.011,1.078,1.237,16644,23067,0,36,33,33,1264944,33984,29,31,0
1940,0.611,0.458,0.012,1.082,1.189,16644,23067,0,36,33,33,1264944,33984,29,31,0
1941,0.567,4.004,0.013,4.585,1.193,16644,23067,0,36,33,33,1264944,33984,29,31,0
1942,0.591,14.413,0.016,15.020,4.707,16644,23067,0,36,33,33,1264944,33984,29,31,0
1943,0.632,7.137,0.018,7.787,15.164,16644,23067,0,36,33,33,1264944,33984,29,31,0
1944,0.697,0.505,0.013,1.215,7.928,16644,23067,0,36,33,33,1264944,33984,29,31,0
1945,0.608,0.534,0.015,1.157,1.341,16644,23067,0,36,33,33,1264944,33984,29,31,0
1946,0.625,0.501,0.014,1.140,1.281,16644,23067,0,36,33,33,1264944,33984,29,31,0
1947,0.654,0.554,0.021,1.229,1.271,16644,23067,0,36,33,33,1264944,33984,29,31,0
1948,0.610,10.756,0.020,11.386,1.359,16644,23067,0,36,33,33,1264944,33984,29,31,0
1949,0.637,8.316,0.021,8.975,11.529,16644,23067,0,36,33,33,1264944,33984,29,31,0
1950,0.662,6.906,0.015,7.583,9.106,16644,23067,0,36,33,33,1264944,33984,29,31,0
1951,0.684,0.943,0.014,1.640,7.722,16644,23067,0,36,33,33,1264944,33984,29,31,0
1952,0.676,0.505,0.019,1.200,1.783,16644,23067,0,36,33,33,1264944,33984,29,31,0
1953,0.666,0.611,0.013,1.290,1.330,16644,23067,0,36,33,33,1264944,33984,29,31,0
1954,0.714,0.578,0.016,1.308,1.427,16644,23067,0,36,33,33,1264944,33984,29,31,0
1955,0.698,1.352,0.019,2.069,1.453,16644,23067,0,36,33,33,1264944,33984,29,31,0
1956,0.655,3.719,0.019,4.392,2.204,16644,23067,0,36,33,33,1264944,33984,29,31,0
1957,0.669,11.550,0.020,12.240,4.545,16644,23067,0,36,33,33,1264944,33984,29,31,0
1958,0.672,7.040,0.026,7.738,12.391,16644,23067,0,36,33,33,1264944,33984,29,31,0
1959,0.649,0.633,0.013,1.295,7.886,16644,23067,0,36,33,33,1264944,33984,29,31,0
1960,0.682,0.531,0.019,1.233,1.428,16644,23067,0,36,33,33,1264944,33984,29,31,0
1961,0.681,0.528,0.014,1.223,1.364,16644,23067,0,36,33,33,1264944,33984,29,31,0
1962,0.698,0.632,0.012,1.343,1.346,16644,23067,0,36,33,33,1264944,33984,29,31,0
1963,0.650,3.944,0.017,4.611,1.481,16644,23067,0,36,33,33,1264944,33984,29,31,0
1964,0.658,14.215,0.023,14.896,4.750,16644,23067,0,36,33,33,1264944,33984,29,31,0
1965,0.678,7.086,0.018,7.782,15.041,16644,23067,0,36,33,33,1264944,33984,29,31,0
1966,0.735,0.618,0.017,1.371,7.947,16644,23067,0,36,33,33,1264944,33984,29,31,0
1967,0.735,0.587,0.019,1.341,1.518,16644,23067,0,36,33,33,1264944,33984,29,31,0
1968,0.736,0.520,0.022,1.277,1.498,16644,23067,0,36,33,33,1264944,33984,29,31,0
1969,0.682,0.519,0.015,1.215,1.404,16644,23067,0,36,33,33,1264944,33984,29,31,0
1970,0.679,10.309,0.019,11.006,1.357,16644,23067,0,36,33,33,1264944,33984,29,31,0
1971,0.670,8.230,0.020,8.919,11.142,16644,23067,0,36,33,33,1264944,33984,29,31,0
1972,0.730,6.820,0.022,7.572,9.069,16644,23067,0,36,33,33,1264944,33984,29,31,0
1973,0.777,0.604,0.023,1.403,7.730,16644,23067,0,36,33,33,1264944,33984,29,31,0
1974,0.775,0.585,0.017,1.378,1.564,16644,23067,0,36,33,33,1264944,33984,29,31,0
1975,0.787,0.537,0.052,1.375,1.527,16644,23067,0,36,33,33,1264944,33984,29,31,0
1976,0.719,0.626,0.021,1.366,1.522,16644,23067,0,36,33,33,1264944,33984,29,31,0
1977,0.719,1.123,0.021,1.864,1.516,16644,23067,0,36,33,33,1264944,33984,29,31,0
1978,0.914,3.641,0.017,4.571,2.011,16644,23067,0,36,33,33,1264944,33984,29,31,0
1979,0.665,11.536,0.025,12.227,4.703,16644,23067,0,36,33,33,1264944,33984,29,31,0
1980,0.745,6.938,0.027,7.711,12.384,16644,23067,0,36,33,33,1264944,33984,29,31,0
1981,0.972,0.562,0.019,1.553,7.872,16644,23067,0,36,33,33,1264944,33984,29,31,0
1982,0.726,0.565,0.014,1.305,1.703,16644,23067,0,36,33,33,1264944,33984,29,31,0
1983,0.748,0.556,0.018,1.321,1.444,16644,23067,0,36,33,33,1264944,33984,29,31,0
1984,0.708,0.663,0.015,1.386,1.450,16644,23067,0,36,33,33,1264944,33984,29,31,0
1985,0.715,1.049,0.021,1.786,1.523,16644,23067,0,36,33,33,1264944,33984,29,31,0
1986,0.665,3.961,0.019,4.646,1.927,16644,23067,0,36,33,33,1264944,33984,29,31,0
1987,1.012,11.464,0.022,12.497,4.794,16644,23067,0,36,33,33,1264944,33984,29,31,0
1988,0.760,6.871,0.016,7.647,12.681,16644,23067,0,36,33,33,1264944,33984,29,31,0
1989,0.738,0.528,0.020,1.287,7.804,16644,23067,0,36,33,33,1264944,33984,29,31,0
1990,0.734,0.570,0.018,1.322,1.445,16644,23067,0,36,33,33,1264944,33984,29,31,0
1991,0.716,0.491,0.017,1.224,1.490,16644,23067,0,36,33,33,1264944,33984,29,31,0
1992,0.676,0.563,0.017,1.256,1.358,16644,23067,0,36,33,33,1264944,33984,29,31,0
1993,0.680,10.355,0.017,11.052,1.385,16644,23067,0,36,33,33,1264944,33984,29,31,0
1994,0.736,8.191,0.019,8.946,11.211,16644,23067,0,36,33,33,1264944,33984,29,31,0
1995,0.737,6.478,0.022,7.237,9.113,16644,23067,0,36,33,33,1264944,33984,29,31,0
1996,0.761,0.549,0.019,1.329,7.405,16644,23067,0,36,33,33,1264944,33984,29,31,0
1997,0.770,0.544,0.026,1.340,1.477,16644,23067,0,36,33,33,1264944,33984,29,31,0
1998,0.761,0.546,0.048,1.355,1.492,16644,23067,0,36,33,33,1264944,33984,29,31,0
1999,0.769,0.592,0.021,1.382,1.504,16644,23067,0,36,33,33,1264944,33984,29,31,0
2000,0.805,1.210,0.014,2.029,1.528,16644,23067,0,36,33,33,1264944,33984,29,31,0
2001,0.683,3.962,0.014,4.659,2.164,16644,23067,0,36,33,33,1264944,33984,29,31,0
2002,0.654,11.437,0.015,12.106,4.790,16644,23067,0,36,33,33,1264944,33984,29,31,0
2003,0.745,7.094,0.018,7.857,12.255,16644,23067,0,36,33,33,1264944,33984,29,31,0
2004,0.763,0.576,0.019,1.358,8.013,16644,23067,0,36,33,33,1264944,33984,29,31,0
2005,0.736,0.583,0.017,1.337,1.510,16644,23067,0,36,33,33,1264944,33984,29,31,0
2006,0.722,0.595,0.023,1.340,1.482,16644,23067,0,36,33,33,1264944,33984,29,31,0
2007,0.785,0.667,0.020,1.471,1.481,16644,23067,0,36,33,33,1264944,33984,29,31,0
2008,0.705,3.679,0.020,4.404,1.624,16644,23067,0,36,33,33,1264944,33984,29,31,0
2009,0.682,13.984,0.020,14.686,4.550,16644,23067,0,36,33,33,1264944,33984,29,31,0
2010,0.733,6.953,0.021,7.707,14.853,16644,23067,0,36,33,33,1264944,33984,29,31,0
2011,0.751,0.631,0.024,1.407,7.869,16644,23067,0,36,33,33,1264944,33984,29,31,0
2012,0.739,1.533,0.020,2.292,1.551,16644,23067,0,36,33,33,1264944,33984,29,31,0
2013,0.766,0.562,0.019,1.347,2.448,16644,23067,0,36,33,33,1264944,33984,29,31,0
2014,0.730,1.794,0.020,2.545,1.509,16644,23067,0,36,33,33,1264944,33984,29,31,0
2015,0.967,4.257,0.022,5.245,2.694,16644,23067,0,36,33,33,1264944,33984,29,31,0
2016,0.781,10.876,0.018,11.676,5.395,16644,23067,0,36,33,33,1264944,33984,29,31,0
2017,0.760,7.203,0.039,8.002,11.835,16644,23067,0,36,33,33,1264944,33984,29,31,0
2018,0.897,0.705,0.020,1.622,8.183,16644,23067,0,36,33,33,1264944,33984,29,31,0
2019,0.790,1.940,0.020,2.750,1.796,16644,23067,0,36,33,33,1264944,33984,29,31,0
2020,0.773,0.620,0.024,1.416,2.905,16644,23067,0,36,33,33,1264944,33984,29,31,0
2021,0.791,3.122,0.017,3.930,1.574,16644,23067,0,36,33,33,1264944,33984,29,31,0
2022,0.755,5.826,0.026,6.607,4.085,16644,23067,0,36,33,33,1264944,33984,29,31,0
2023,0.768,7.562,0.021,8.352,6.755,16644,23067,0,36,33,33,1264944,33984,29,31,0
2024,0.842,6.557,0.020,7.419,8.522,16644,23067,0,36,33,33,1264944,33984,29,31,0
2025,0.864,7.079,0.016,7.959,7.595,16644,23067,0,36,33,33,1264944,33984,29,31,0
2026,0.957,7.587,0.022,8.566,8.146,16644,23067,0,36,33,33,1264944,33984,29,31,0
2027,0.848,8.434,0.024,9.305,8.752,16644,23067,0,36,33,33,1264944,33984,29,31,0
2028,0.847,5.732,0.028,6.607,9.495,16644,23067,0,36,33,33,1264944,33984,29,31,0
2029,0.929,0.690,0.026,1.646,6.800,16644,23067,0,36,33,33,1264944,33984,29,31,0
2030,0.884,0.662,0.027,1.573,1.810,16644,23067,0,36,33,33,1264944,33984,29,31,0
2031,0.881,0.671,0.021,1.573,1.735,16644,23067,0,36,33,33,1264944,33984,29,31,0
2032,0.858,5.210,0.023,6.091,1.744,16644,23067,0,36,33,33,1264944,33984,29,31,0
2033,0.927,12.595,0.025,13.547,6.275,16644,23067,0,36,33,33,1264944,33984,29,31,0
2034,0.875,7.443,0.021,8.339,13.744,16644,23067,0,36,33,33,1264944,33984,29,31,0
2035,0.874,0.705,0.059,1.637,8.525,16644,23067,0,36,33,33,1264944,33984,29,31,0
2036,0.872,0.644,0.019,1.536,1.803,16644,23067,0,36,33,33,1264944,33984,29,31,0
2037,0.886,0.745,0.023,1.655,1.703,16644,23067,0,36,33,33,1264944,33984,29,31,0
2038,0.869,0.652,0.022,1.544,1.840,16644,23067,0,36,33,33,1264944,33984,29,31,0
2039,0.873,4.541,0.021,5.434,1.716,16644,23067,0,36,33,33,1264944,33984,29,31,0
2040,0.792,11.177,0.027,11.996,5.582,16644,23067,0,36,33,33,1264944,33984,29,31,0
2041,0.862,7.398,0.027,8.286,12.175,16644,23067,0,36,33,33,1264944,33984,29,31,0
2042,0.935,0.700,0.013,1.648,8.479,16644,23067,0,36,33,33,1264944,33984,29,31,0
2043,0.752,1.795,0.023,2.570,1.798,16644,23067,0,36,33,33,1264944,33984,29,31,0
2044,0.792,0.617,0.024,1.432,2.724,16644,23067,0,36,33,33,1264944,33984,29,31,0
2045,0.779,0.596,0.030,1.404,1.598,16644,23067,0,36,33,33,1264944,33984,29,31,0
2046,0.758,5.248,0.022,6.028,1.547,16644,23067,0,36,33,33,1264944,33984,29,31,0
2047,0.779,10.056,0.022,10.857,6.195,16644,23067,0,36,33,33,1264944,33984,29,31,0
2048,0.802,7.351,0.024,8.176,11.020,16644,23067,0,36,33,33,1264944,33984,29,31,0
2049,0.778,0.674,0.024,1.476,8.355,16644,23067,0,36,33,33,1264944,33984,29,31,0
2050,0.767,1.726,0.021,2.514,1.623,16644,23067,0,36,33,33,1264944,33984,29,31,0
2051,0.756,11.202,0.021,11.979,2.684,16644,23067,0,36,33,33,1264944,33984,29,31,0
2052,0.838,7.649,0.025,8.512,12.167,16644,23067,0,36,33,33,1264944,33984,29,31,0
2053,0.894,6.624,0.022,7.541,8.695,16644,23067,0,36,33,33,1264944,33984,29,31,0
2054,0.888,0.659,0.021,1.568,7.736,16644,23067,0,36,33,33,1264944,33984,29,31,0
2055,0.845,0.619,0.022,1.486,1.734,16644,23067,0,36,33,33,1264944,33984,29,31,0
2056,0.877,0.613,0.025,1.515,1.650,16644,23067,0,36,33,33,1264944,33984,29,31,0
2057,0.843,4.665,0.022,5.529,1.682,16644,23067,0,36,33,33,1264944,33984,29,31,0
2058,0.778,13.505,0.020,14.303,5.682,16644,23067,0,36,33,33,1264944,33984,29,31,0
2059,0.866,7.283,0.024,8.174,14.486,16644,23067,0,36,33,33,1264944,33984,29,31,0
2060,0.871,0.684,0.028,1.584,8.376,16644,23067,0,36,33,33,1264944,33984,29,31,0
2061,0.867,0.651,0.018,1.536,1.754,16644,23067,0,36,33,33,1264944,33984,29,31,0
2062,0.894,0.649,0.020,1.563,1.702,16644,23067,0,36,33,33,1264944,33984,29,31,0
2063,0.903,0.668,0.021,1.592,1.731,16644,23067,0,36,33,33,1264944,33984,29,31,0
2064,0.802,0.572,0.026,1.400,1.764,16644,23067,0,36,33,33,1264944,33984,29,31,0
2065,0.802,2.524,0.018,3.344,1.553,16644,23067,0,36,33,33,1264944,33984,29,31,0
2066,0.779,11.950,0.026,12.755,3.501,16644,23067,0,36,33,33,1264944,33984,29,31,0
2067,0.859,6.936,0.021,7.816,12.936,16644,23067,0,36,33,33,1264944,33984,29,31,0
2068,0.840,0.634,0.020,1.494,8.006,16644,23067,0,36,33,33,1264944,33984,29,31,0
2069,0.838,0.609,0.024,1.471,1.664,16644,23067,0,36,33,33,1264944,33984,29,31,0
2070,0.850,0.673,0.026,1.549,1.638,16644,23067,0,36,33,33,1264944,33984,29,31,0
2071,0.932,0.724,0.019,1.675,1.722,16644,23067,0,36,33,33,1264944,33984,29,31,0
2072,0.813,0.565,0.019,1.397,1.849,16644,23067,0,36,33,33,1264944,33984,29,31,0
2073,0.749,3.037,0.017,3.803,1.537,16644,23067,0,36,33,33,1264944,33984,29,31,0
2074,0.768,11.939,0.030,12.737,3.968,16644,23067,0,36,33,33,1264944,33984,29,31,0
2075,0.753,7.135,0.027,7.915,12.892,16644,23067,0,36,33,33,1264944,33984,29,31,0
2076,0.835,0.631,0.022,1.489,8.102,16644,23067,0,36,33,33,1264944,33984,29,31,0
2077,0.801,0.567,0.020,1.388,1.666,16644,23067,0,36,33,33,1264944,33984,29,31,0
2078,0.752,0.542,0.034,1.329,1.533,16644,23067,0,36,33,33,1264944,33984,29,31,0
2079,0.811,0.667,0.019,1.497,1.484,16644,23067,0,36,33,33,1264944,33984,29,31,0
2080,0.773,1.085,0.023,1.881,1.645,16644,23067,0,36,33,33,1264944,33984,29,31,0
2081,0.807,2.259,0.023,3.089,2.046,16644,23067,0,36,33,33,1264944,33984,29,31,0
2082,0.799,13.098,0.023,13.919,3.248,16644,23067,0,36,33,33,1264944,33984,29,31,0
2083,0.783,7.052,0.019,7.853,14.072,16644,23067,0,36,33,33,1264944,33984,29,31,0
2084,0.855,0.578,0.021,1.455,8.047,16644,23067,0,36,33,33,1264944,33984,29,31,0
2085,0.733,0.588,0.021,1.342,1.606,16644,23067,0,36,33,33,1264944,33984,29,31,0
2086,0.759,0.597,0.020,1.375,1.487,16644,23067,0,36,33,33,1264944,33984,29,31,0
2087,0.783,0.588,0.016,1.388,1.539,16644,23067,0,36,33,33,1264944,33984,29,31,0
2088,0.767,0.611,0.023,1.401,1.536,16644,23067,0,36,33,33,1264944,33984,29,31,0
2089,0.735,3.113,0.021,3.869,1.550,16644,23067,0,36,33,33,1264944,33984,29,31,0
2090,0.737,12.389,0.032,13.157,4.027,16644,23067,0,36,33,33,1264944,33984,29,31,0
2091,0.744,7.056,0.018,7.818,13.307,16644,23067,0,36,33,33,1264944,33984,29,31,0
2092,0.723,0.542,0.020,1.285,7.979,16644,23067,0,36,33,33,1264944,33984,29,31,0
2093,0.753,0.553,0.019,1.325,1.432,16644,23067,0,36,33,33,1264944,33984,29,31,0
2094,0.751,0.568,0.018,1.338,1.478,16644,23067,0,36,33,33,1264944,33984,29,31,0
2095,0.744,0.615,0.024,1.382,1.477,16644,23067,0,36,33,33,1264944,33984,29,31,0
2096,0.749,9.907,0.017,10.673,1.528,16644,23067,0,36,33,33,1264944,33984,29,31,0
2097,0.753,8.327,0.020,9.100,10.827,16644,23067,0,36,33,33,1264944,33984,29,31,0
2098,0.761,6.424,0.020,7.205,9.274,16644,23067,0,36,33,33,1264944,33984,29,31,0
2099,0.834,0.619,0.023,1.476,7.390,16644,23067,0,36,33,33,1264944,33984,29,31,0
2100,0.827,0.548,0.014,1.389,1.637,16644,23067,0,36,33,33,1264944,33984,29,31,0
2101,0.743,0.563,0.016,1.322,1.542,16644,23067,0,36,33,33,1264944,33984,29,31,0
2102,0.757,0.626,0.020,1.403,1.463,16644,23067,0,36,33,33,1264944,33984,29,31,0
2103,0.786,1.153,0.023,1.962,1.558,16644,23067,0,36,33,33,1264944,33984,29,31,0
2104,0.791,3.622,0.021,4.434,2.126,16644,23067,0,36,33,33,1264944,33984,29,31,0
2105,0.777,11.392,0.027,12.195,4.597,16644,23067,0,36,33,33,1264944,33984,29,31,0
2106,0.757,7.115,0.022,7.895,12.355,16644,23067,0,36,33,33,1264944,33984,29,31,0
2107,0.856,0.684,0.028,1.569,8.090,16644,23067,0,36,33,33,1264944,33984,29,31,0
2108,0.740,0.575,0.017,1.332,1.735,16644,23067,0,36,33,33,1264944,33984,29,31,0
2109,0.749,0.516,0.049,1.313,1.478,16644,23067,0,36,33,33,1264944,33984,29,31,0
2110,0.812,0.601,0.018,1.431,1.476,16644,23067,0,36,33,33,1264944,33984,29,31,0
2111,0.753,0.691,0.021,1.465,1.588,16644,23067,0,36,33,33,1264944,33984,29,31,0
2112,0.738,3.537,0.017,4.292,1.608,16644,23067,0,36,33,33,1264944,33984,29,31,0
2113,0.756,11.963,0.017,12.736,4.464,16644,23067,0,36,33,33,1264944,33984,29,31,0
2114,0.734,7.136,0.016,7.887,12.889,16644,23067,0,36,33,33,1264944,33984,29,31,0
2115,0.769,0.541,0.019,1.329,8.034,16644,23067,0,36,33,33,1264944,33984,29,31,0
2116,0.768,0.585,0.018,1.371,1.475,16644,23067,0,36,33,33,1264944,33984,29,31,0
2117,0.752,0.572,0.024,1.348,1.527,16644,23067,0,36,33,33,1264944,33984,29,31,0
2118,0.800,0.637,0.018,1.455,1.523,16644,23067,0,36,33,33,1264944,33984,29,31,0
2119,0.779,0.911,0.021,1.711,1.610,16644,23067,0,36,33,33,1264944,33984,29,31,0
2120,0.734,3.486,0.029,4.249,1.862,16644,23067,0,36,33,33,1264944,33984,29,31,0
2121,0.767,11.921,0.025,12.713,4.416,16644,23067,0,36,33,33,1264944,33984,29,31,0
2122,0.741,7.237,0.020,7.997,12.867,16644,23067,0,36,33,33,1264944,33984,29,31,0
2123,0.756,0.572,0.020,1.347,8.152,16644,23067,0,36,33,33,1264944,33984,29,31,0
2124,0.731,0.574,0.017,1.321,1.493,16644,23067,0,36,33,33,1264944,33984,29,31,0
2125,0.734,0.520,0.055,1.308,1.476,16644,23067,0,36,33,33,1264944,33984,29,31,0
2126,0.818,0.661,0.016,1.496,1.450,16644,23067,0,36,33,33,1264944,33984,29,31,0
2127,0.774,1.177,0.021,1.971,1.648,16644,23067,0,36,33,33,1264944,33984,29,31,0
2128,0.744,3.772,0.019,4.536,2.120,16644,23067,0,36,33,33,1264944,33984,29,31,0
2129,0.757,11.425,0.017,12.199,4.700,16644,23067,0,36,33,33,1264944,33984,29,31,0
2130,0.765,7.200,0.019,7.985,12.362,16644,23067,0,36,33,33,1264944,33984,29,31,0
2131,0.786,0.609,0.019,1.413,8.140,16644,23067,0,36,33,33,1264944,33984,29,31,0
2132,0.756,0.559,0.021,1.335,1.560,16644,23067,0,36,33,33,1264944,33984,29,31,0
2133,0.775,0.653,0.021,1.449,1.479,16644,23067,0,36,33,33,1264944,33984,29,31,0
2134,0.752,0.571,0.019,1.341,1.597,16644,23067,0,36,33,33,1264944,33984,29,31,0
2135,0.764,0.875,0.017,1.655,1.510,16644,23067,0,36,33,33,1264944,33984,29,31,0
2136,0.677,3.339,0.019,4.035,1.807,16644,23067,0,36,33,33,1264944,33984,29,31,0
2137,0.681,12.129,0.012,12.821,4.179,16644,23067,0,36,33,33,1264944,33984,29,31,0
2138,0.652,7.087,0.014,7.753,12.936,16644,23067,0,36,33,33,1264944,33984,29,31,0
2139,0.588,0.728,0.018,1.333,7.874,16644,23067,0,36,33,33,1264944,33984,29,31,0
2140,0.595,0.494,0.021,1.109,1.443,16644,23067,0,36,33,33,1264944,33984,29,31,0
2141,0.585,0.500,0.015,1.101,1.215,16644,23067,0,36,33,33,1264944,33984,29,31,0
2142,0.583,0.470,0.015,1.069,1.208,16644,23067,0,36,33,33,1264944,33984,29,31,0
2143,0.543,0.505,0.020,1.068,1.198,16644,23067,0,36,33,33,1264944,33984,29,31,0
2144,0.577,3.348,0.011,3.936,1.396,16644,23067,0,36,33,33,1264944,33984,29,31,0
2145,0.549,14.192,0.017,14.758,4.041,16644,23067,0,36,33,33,1264944,33984,29,31,0
2146,0.553,7.344,0.018,7.915,14.858,16644,23067,0,36,33,33,1264944,33984,29,31,0
2147,0.537,0.603,0.016,1.157,8.008,16644,23067,0,36,33,33,1264944,33984,29,31,0
2148,0.499,0.443,0.010,0.953,1.248,16644,23067,0,36,33,33,1264944,33984,29,31,0
2149,0.445,0.368,0.017,0.831,1.035,16644,23067,0,36,33,33,1264944,33984,29,31,0
2150,0.483,0.412,0.010,0.906,0.923,16644,23067,0,36,33,33,1264944,33984,29,31,0
2151,0.579,0.481,0.012,1.071,1.159,16644,23067,0,36,33,33,1264944,33984,29,31,0
2152,0.463,3.883,0.013,4.360,1.222,16644,23067,0,36,33,33,1264944,33984,29,31,0
2153,0.454,14.741,0.012,15.207,4.468,16644,23067,0,36,33,33,1264944,33984,29,31,0
2154,0.539,6.976,0.013,7.528,15.539,16644,23067,0,36,33,33,1264944,33984,29,31,0
2155,0.493,0.723,0.014,1.230,7.780,16644,23067,0,36,33,33,1264944,33984,29,31,0
2156,0.470,0.499,0.013,0.982,1.519,16644,23067,0,36,33,33,1264944,33984,29,31,0
2157,0.458,0.370,0.023,0.851,1.180,16644,23067,0,36,33,33,1264944,33984,29,31,0
2158,0.477,0.815,0.013,1.304,0.943,16644,23067,0,36,33,33,1264944,33984,29,31,0
2159,0.465,0.634,0.015,1.113,1.410,16644,23067,0,36,33,33,1264944,33984,29,31,0
2160,0.450,1.211,0.020,1.682,1.210,16644,23067,0,36,33,33,1264944,33984,29,31,0
2161,0.441,3.199,0.017,3.658,1.783,16644,23067,0,36,33,33,1264944,33984,29,31,0
2162,0.430,12.859,0.013,13.302,3.753,16644,23067,0,36,33,33,1264944,33984,29,31,0
2163,0.511,7.366,0.014,7.890,13.415,16644,23067,0,36,33,33,1264944,33984,29,31,0
2164,0.511,0.937,0.014,1.462,7.992,16644,23067,0,36,33,33,1264944,33984,29,31,0
2165,0.509,0.438,0.013,0.959,1.567,16644,23067,0,36,33,33,1264944,33984,29,31,0
2166,0.501,0.389,0.019,0.909,1.055,16644,23067,0,36,33,33,1264944,33984,29,31,0
2167,0.492,0.374,0.014,0.880,1.010,16644,23067,0,36,33,33,1264944,33984,29,31,0
2168,0.509,0.665,0.023,1.197,0.968,16644,23067,0,36,33,33,1264944,33984,29,31,0
2169,0.519,1.600,0.013,2.132,1.293,16644,23067,0,36,33,33,1264944,33984,29,31,0
2170,0.482,3.326,0.018,3.826,2.231,16644,23067,0,36,33,33,1264944,33984,29,31,0
2171,0.495,12.550,0.012,13.057,3.930,16644,23067,0,36,33,33,1264944,33984,29,31,0
2172,0.537,7.346,0.013,7.897,13.169,16644,23067,0,36,33,33,1264944,33984,29,31,0
2173,0.543,0.575,0.012,1.130,8.010,16644,23067,0,36,33,33,1264944,33984,29,31,0
2174,0.543,0.445,0.016,1.004,1.234,16644,23067,0,36,33,33,1264944,33984,29,31,0
2175,0.549,0.538,0.013,1.100,1.105,16644,23067,0,36,33,33,1264944,33984,29,31,0
2176,0.529,0.391,0.011,0.932,1.206,16644,23067,0,36,33,33,1264944,33984,29,31,0
2177,0.544,0.456,0.015,1.015,1.037,16644,23067,0,36,33,33,1264944,33984,29,31,0
2178,0.547,3.337,0.013,3.897,1.124,16644,23067,0,36,33,33,1264944,33984,29,31,0
2179,0.523,15.207,0.015,15.744,4.026,16644,23067,0,36,33,33,1264944,33984,29,31,0
2180,0.582,7.150,0.016,7.749,15.860,16644,23067,0,36,33,33,1264944,33984,29,31,0
2181,0.562,0.550,0.013,1.125,7.876,16644,23067,0,36,33,33,1264944,33984,29,31,0
2182,0.592,0.491,0.015,1.098,1.243,16644,23067,0,36,33,33,1264944,33984,29,31,0
2183,0.595,0.483,0.012,1.090,1.219,16644,23067,0,36,33,33,1264944,33984,29,31,0
2184,0.595,0.472,0.020,1.087,1.209,16644,23067,0,36,33,33,1264944,33984,29,31,0
2185,0.566,11.300,0.016,11.883,1.194,16644,23067,0,36,33,33,1264944,33984,29,31,0
2186,0.579,8.225,0.016,8.821,12.013,16644,23067,0,36,33,33,1264944,33984,29,31,0
2187,0.663,6.959,0.019,7.641,8.938,16644,23067,0,36,33,33,1264944,33984,29,31,0
2188,0.638,0.474,0.012,1.123,7.767,16644,23067,0,36,33,33,1264944,33984,29,31,0
2189,0.609,0.532,0.018,1.160,1.239,16644,23067,0,36,33,33,1264944,33984,29,31,0
2190,0.607,0.484,0.015,1.106,1.281,16644,23067,0,36,33,33,1264944,33984,29,31,0
2191,0.593,0.509,0.015,1.117,1.215,16644,23067,0,36,33,33,1264944,33984,29,31,0
2192,0.590,0.449,0.012,1.051,1.239,16644,23067,0,36,33,33,1264944,33984,29,31,0
2193,0.572,4.119,0.014,4.704,1.164,16644,23067,0,36,33,33,1264944,33984,29,31,0
2194,0.548,13.766,0.015,14.329,4.828,16644,23067,0,36,33,33,1264944,33984,29,31,0
2195,0.610,7.011,0.016,7.637,14.450,16644,23067,0,36,33,33,1264944,33984,29,31,0
2196,0.638,0.543,0.016,1.197,7.767,16644,23067,0,36,33,33,1264944,33984,29,31,0
2197,0.647,0.526,0.023,1.196,1.323,16644,23067,0,36,33,33,1264944,33984,29,31,0
2198,0.625,0.481,0.017,1.122,1.322,16644,23067,0,36,33,33,1264944,33984,29,31,0
2199,0.636,0.558,0.018,1.213,1.252,16644,23067,0,36,33,33,1264944,33984,29,31,0
2200,0.583,10.821,0.019,11.423,1.326,16644,23067,0,36,33,33,1264944,33984,29,31,0
2201,0.631,8.142,0.020,8.792,11.555,16644,23067,0,36,33,33,1264944,33984,29,31,0
2202,0.635,6.850,0.020,7.505,8.926,16644,23067,0,36,33,33,1264944,33984,29,31,0
2203,0.660,0.495,0.017,1.171,7.647,16644,23067,0,36,33,33,1264944,33984,29,31,0
2204,0.675,0.490,0.017,1.181,1.312,16644,23067,0,36,33,33,1264944,33984,29,31,0
2205,0.671,0.488,0.025,1.185,1.330,16644,23067,0,36,33,33,1264944,33984,29,31,0
2206,0.645,0.713,0.014,1.372,1.309,16644,23067,0,36,33,33,1264944,33984,29,31,0
2207,0.638,10.470,0.015,11.123,1.500,16644,23067,0,36,33,33,1264944,33984,29,31,0
2208,0.617,8.275,0.021,8.914,11.267,16644,23067,0,36,33,33,1264944,33984,29,31,0
2209,0.700,6.728,0.021,7.449,9.053,16644,23067,0,36,33,33,1264944,33984,29,31,0
2210,0.674,0.628,0.020,1.322,7.594,16644,23067,0,36,33,33,1264944,33984,29,31,0
2211,0.725,0.517,0.019,1.262,1.448,16644,23067,0,36,33,33,1264944,33984,29,31,0
2212,0.688,0.591,0.014,1.294,1.400,16644,23067,0,36,33,33,1264944,33984,29,31,0
2213,0.715,0.649,0.015,1.379,1.426,16644,23067,0,36,33,33,1264944,33984,29,31,0
2214,0.669,4.188,0.017,4.874,1.511,16644,23067,0,36,33,33,1264944,33984,29,31,0
2215,0.688,13.767,0.015,14.470,5.018,16644,23067,0,36,33,33,1264944,33984,29,31,0
2216,0.669,7.291,0.017,7.977,14.619,16644,23067,0,36,33,33,1264944,33984,29,31,0
2217,0.666,0.515,0.020,1.201,8.113,16644,23067,0,36,33,33,1264944,33984,29,31,0
2218,0.676,0.644,0.023,1.343,1.349,16644,23067,0,36,33,33,1264944,33984,29,31,0
2219,0.701,0.596,0.026,1.324,1.492,16644,23067,0,36,33,33,1264944,33984,29,31,0
2220,0.690,0.643,0.016,1.350,1.458,16644,23067,0,36,33,33,1264944,33984,29,31,0
2221,0.716,1.662,0.017,2.395,1.482,16644,23067,0,36,33,33,1264944,33984,29,31,0
2222,0.687,4.055,0.022,4.764,2.539,16644,23067,0,36,33,33,1264944,33984,29,31,0
2223,0.700,11.092,0.018,11.810,4.909,16644,23067,0,36,33,33,1264944,33984,29,31,0
2224,0.664,7.211,0.020,7.895,11.959,16644,23067,0,36,33,33,1264944,33984,29,31,0
2225,0.775,0.641,0.019,1.435,8.060,16644,23067,0,36,33,33,1264944,33984,29,31,0
2226,0.683,0.536,0.018,1.237,1.572,16644,23067,0,36,33,33,1264944,33984,29,31,0
2227,0.671,0.485,0.021,1.176,1.370,16644,23067,0,36,33,33,1264944,33984,29,31,0
2228,0.681,0.636,0.014,1.331,1.320,16644,23067,0,36,33,33,1264944,33984,29,31,0
2229,0.732,1.356,0.019,2.107,1.464,16644,23067,0,36,33,33,1264944,33984,29,31,0
2230,0.676,3.360,0.018,4.053,2.249,16644,23067,0,36,33,33,1264944,33984,29,31,0
2231,0.683,12.364,0.019,13.066,4.193,16644,23067,0,36,33,33,1264944,33984,29,31,0
2232,0.678,7.314,0.019,8.010,13.210,16644,23067,0,36,33,33,1264944,33984,29,31,0
2233,0.712,0.558,0.019,1.289,8.147,16644,23067,0,36,33,33,1264944,33984,29,31,0
2234,0.732,0.599,0.017,1.348,1.436,16644,23067,0,36,33,33,1264944,33984,29,31,0
2235,0.740,0.541,0.019,1.299,1.483,16644,23067,0,36,33,33,1264944,33984,29,31,0
2236,0.714,0.601,0.014,1.329,1.430,16644,23067,0,36,33,33,1264944,33984,29,31,0
2237,0.667,1.143,0.016,1.825,1.470,16644,23067,0,36,33,33,1264944,33984,29,31,0
2238,0.621,3.827,0.016,4.464,1.954,16644,23067,0,36,33,33,1264944,33984,29,31,0
2239,0.639,11.971,0.016,12.627,4.588,16644,23067,0,36,33,33,1264944,33984,29,31,0
2240,0.699,6.980,0.017,7.696,12.780,16644,23067,0,36,33,33,1264944,33984,29,31,0
2241,0.661,0.509,0.019,1.189,7.835,16644,23067,0,36,33,33,1264944,33984,29,31,0
2242,0.664,0.481,0.020,1.164,1.323,16644,23067,0,36,33,33,1264944,33984,29,31,0
2243,0.679,0.501,0.015,1.195,1.290,16644,23067,0,36,33,33,1264944,33984,29,31,0
2244,0.675,0.707,0.018,1.400,1.323,16644,23067,0,36,33,33,1264944,33984,29,31,0
2245,0.684,10.678,0.018,11.380,1.538,16644,23067,0,36,33,33,1264944,33984,29,31,0
2246,0.658,8.234,0.023,8.915,11.528,16644,23067,0,36,33,33,1264944,33984,29,31,0
2247,0.741,6.269,0.018,7.028,9.082,16644,23067,0,36,33,33,1264944,33984,29,31,0
2248,0.742,7.500,0.036,8.277,7.182,16644,23067,0,36,33,33,1264944,33984,29,31,0
2249,1.045,1.645,0.024,2.714,8.487,16644,23067,0,36,33,33,1264944,33984,29,31,0
2250,0.820,13.178,0.021,14.019,2.891,16644,23067,0,36,33,33,1264944,33984,29,31,0
2251,0.794,7.107,0.043,7.943,14.203,16644,23067,0,36,33,33,1264944,33984,29,31,0
2252,0.845,0.710,0.020,1.575,8.130,16644,23067,0,36,33,33,1264944,33984,29,31,0
2253,0.755,0.561,0.020,1.335,1.733,16644,23067,0,36,33,33,1264944,33984,29,31,0
2254,0.773,0.612,0.020,1.405,1.478,16644,23067,0,36,33,33,1264944,33984,29,31,0
2255,0.774,0.588,0.022,1.384,1.560,16644,23067,0,36,33,33,1264944,33984,29,31,0
2256,0.737,0.617,0.021,1.375,1.533,16644,23067,0,36,33,33,1264944,33984,29,31,0
2257,0.828,1.900,0.016,2.744,1.540,16644,23067,0,36,33,33,1264944,33984,29,31,0
2258,0.800,13.472,0.022,14.293,2.892,16644,23067,0,36,33,33,1264944,33984,29,31,0
2259,0.755,7.229,0.022,8.007,14.459,16644,23067,0,36,33,33,1264944,33984,29,31,0
2260,0.828,0.657,0.029,1.515,8.187,16644,23067,0,36,33,33,1264944,33984,29,31,0
2261,0.754,0.606,0.020,1.380,1.664,16644,23067,0,36,33,33,1264944,33984,29,31,0
2262,0.843,0.628,0.020,1.491,1.549,16644,23067,0,36,33,33,1264944,33984,29,31,0
2263,0.785,0.655,0.021,1.461,1.635,16644,23067,0,36,33,33,1264944,33984,29,31,0
2264,0.782,0.583,0.018,1.382,1.620,16644,23067,0,36,33,33,1264944,33984,29,31,0
2265,0.749,3.971,0.018,4.739,1.532,16644,23067,0,36,33,33,1264944,33984,29,31,0
2266,0.772,11.190,0.017,11.978,4.904,16644,23067,0,36,33,33,1264944,33984,29,31,0
2267,0.766,6.996,0.019,7.781,12.147,16644,23067,0,36,33,33,1264944,33984,29,31,0
2268,0.758,0.556,0.017,1.331,7.937,16644,23067,0,36,33,33,1264944,33984,29,31,0
2269,0.753,0.585,0.021,1.359,1.478,16644,23067,0,36,33,33,1264944,33984,29,31,0
2270,0.738,0.563,0.025,1.326,1.523,16644,23067,0,36,33,33,1264944,33984,29,31,0
2271,0.738,0.628,0.018,1.384,1.466,16644,23067,0,36,33,33,1264944,33984,29,31,0
2272,0.726,4.038,0.019,4.783,1.537,16644,23067,0,36,33,33,1264944,33984,29,31,0
2273,0.742,13.318,0.018,14.077,4.943,16644,23067,0,36,33,33,1264944,33984,29,31,0
2274,0.768,7.200,0.026,7.994,14.231,16644,23067,0,36,33,33,1264944,33984,29,31,0
2275,0.855,0.677,0.025,1.557,8.169,16644,23067,0,36,33,33,1264944,33984,29,31,0
2276,0.868,0.595,0.021,1.484,1.740,16644,23067,0,36,33,33,1264944,33984,29,31,0
2277,0.770,0.563,0.016,1.349,1.631,16644,23067,0,36,33,33,1264944,33984,29,31,0
2278,0.790,0.599,0.020,1.408,1.512,16644,23067,0,36,33,33,1264944,33984,29,31,0
2279,0.756,1.056,0.020,1.831,1.580,16644,23067,0,36,33,33,1264944,33984,29,31,0
2280,0.813,2.298,0.020,3.131,1.991,16644,23067,0,36,33,33,1264944,33984,29,31,0
2281,0.815,13.135,0.023,13.973,3.295,16644,23067,0,36,33,33,1264944,33984,29,31,0
2282,0.772,6.800,0.022,7.595,14.148,16644,23067,0,36,33,33,1264944,33984,29,31,0
2283,0.880,0.621,0.039,1.539,7.770,16644,23067,0,36,33,33,1264944,33984,29,31,0
2284,0.730,0.563,0.019,1.312,1.697,16644,23067,0,36,33,33,1264944,33984,29,31,0
2285,0.750,0.549,0.018,1.316,1.454,16644,23067,0,36,33,33,1264944,33984,29,31,0
2286,0.781,0.654,0.024,1.459,1.460,16644,23067,0,36,33,33,1264944,33984,29,31,0
2287,0.776,0.641,0.022,1.439,1.602,16644,23067,0,36,33,33,1264944,33984,29,31,0
2288,0.758,3.252,0.022,4.032,1.594,16644,23067,0,36,33,33,1264944,33984,29,31,0
2289,0.788,12.241,0.026,13.056,4.190,16644,23067,0,36,33,33,1264944,33984,29,31,0
2290,0.765,6.952,0.022,7.738,13.229,16644,23067,0,36,33,33,1264944,33984,29,31,0
2291,0.735,0.580,0.022,1.337,7.891,16644,23067,0,36,33,33,1264944,33984,29,31,0
2292,0.762,0.579,0.020,1.361,1.513,16644,23067,0,36,33,33,1264944,33984,29,31,0
2293,0.745,0.566,0.024,1.335,1.504,16644,23067,0,36,33,33,1264944,33984,29,31,0
2294,0.808,0.646,0.018,1.471,1.489,16644,23067,0,36,33,33,1264944,33984,29,31,0
2295,0.796,0.911,0.022,1.729,1.627,16644,23067,0,36,33,33,1264944,33984,29,31,0
2296,0.768,3.286,0.017,4.071,1.875,16644,23067,0,36,33,33,1264944,33984,29,31,0
2297,0.678,12.398,0.018,13.093,4.204,16644,23067,0,36,33,33,1264944,33984,29,31,0
2298,0.682,6.983,0.018,7.684,13.253,16644,23067,0,36,33,33,1264944,33984,29,31,0
2299,0.734,0.607,0.024,1.366,7.844,16644,23067,0,36,33,33,1264944,33984,29,31,0
2300,0.769,0.586,0.019,1.373,1.529,16644,23067,0,36,33,33,1264944,33984,29,31,0
2301,0.666,0.582,0.019,1.267,1.507,16644,23067,0,36,33,33,1264944,33984,29,31,0
2302,0.710,0.544,0.029,1.284,1.416,16644,23067,0,36,33,33,1264944,33984,29,31,0
2303,0.745,0.627,0.016,1.388,1.410,16644,23067,0,36,33,33,1264944,33984,29,31,0
2304,0.677,4.445,0.014,5.136,1.532,16644,23067,0,36,33,33,1264944,33984,29,31,0
2305,0.710,11.765,0.017,12.492,5.279,16644,23067,0,36,33,33,1264944,33984,29,31,0
2306,0.693,7.229,0.030,7.952,12.647,16644,23067,0,36,33,33,1264944,33984,29,31,0
2307,0.762,0.618,0.021,1.401,8.117,16644,23067,0,36,33,33,1264944,33984,29,31,0
2308,0.740,0.497,0.017,1.255,1.551,16644,23067,0,36,33,33,1264944,33984,29,31,0
2309,0.669,0.594,0.019,1.283,1.390,16644,23067,0,36,33,33,1264944,33984,29,31,0
2310,0.711,0.604,0.016,1.331,1.418,16644,23067,0,36,33,33,1264944,33984,29,31,0
2311,0.706,1.222,0.019,1.947,1.461,16644,23067,0,36,33,33,1264944,33984,29,31,0
2312,0.691,3.854,0.020,4.565,2.088,16644,23067,0,36,33,33,1264944,33984,29,31,0
2313,0.680,11.791,0.018,12.489,4.703,16644,23067,0,36,33,33,1264944,33984,29,31,0
2314,0.672,7.089,0.023,7.784,12.628,16644,23067,0,36,33,33,1264944,33984,29,31,0
2315,0.739,0.585,0.015,1.339,7.949,16644,23067,0,36,33,33,1264944,33984,29,31,0
2316,0.764,0.610,0.019,1.393,1.500,16644,23067,0,36,33,33,1264944,33984,29,31,0
2317,0.734,0.477,0.043,1.254,1.540,16644,23067,0,36,33,33,1264944,33984,29,31,0
2318,0.727,0.596,0.016,1.339,1.385,16644,23067,0,36,33,33,1264944,33984,29,31,0
2319,0.667,1.364,0.018,2.049,1.478,16644,23067,0,36,33,33,1264944,33984,29,31,0
2320,0.668,3.732,0.017,4.417,2.188,16644,23067,0,36,33,33,1264944,33984,29,31,0
2321,0.684,11.779,0.015,12.478,4.562,16644,23067,0,36,33,33,1264944,33984,29,31,0
2322,0.739,7.031,0.018,7.789,12.631,16644,23067,0,36,33,33,1264944,33984,29,31,0
2323,0.720,0.534,0.018,1.272,7.967,16644,23067,0,36,33,33,1264944,33984,29,31,0
2324,0.728,0.564,0.024,1.316,1.417,16644,23067,0,36,33,33,1264944,33984,29,31,0
2325,0.727,0.503,0.047,1.277,1.459,16644,23067,0,36,33,33,1264944,33984,29,31,0
2326,0.715,0.519,0.015,1.249,1.426,16644,23067,0,36,33,33,1264944,33984,29,31,0
2327,0.657,10.208,0.019,10.884,1.383,16644,23067,0,36,33,33,1264944,33984,29,31,0
2328,0.739,7.504,0.017,8.260,11.047,16644,23067,0,36,33,33,1264944,33984,29,31,0
2329,0.731,7.426,0.018,8.175,8.409,16644,23067,0,36,33,33,1264944,33984,29,31,0
2330,0.714,0.579,0.020,1.313,8.353,16644,23067,0,36,33,33,1264944,33984,29,31,0
2331,0.747,0.554,0.016,1.318,1.471,16644,23067,0,36,33,33,1264944,33984,29,31,0
2332,0.726,0.562,0.019,1.307,1.464,16644,23067,0,36,33,33,1264944,33984,29,31,0
2333,0.753,0.539,0.051,1.342,1.451,16644,23067,0,36,33,33,1264944,33984,29,31,0
2334,0.733,9.696,0.020,10.449,1.484,16644,23067,0,36,33,33,1264944,33984,29,31,0
2335,0.731,7.746,0.026,8.503,10.624,16644,23067,0,36,33,33,1264944,33984,29,31,0
2336,0.731,7.199,0.018,7.947,8.660,16644,23067,0,36,33,33,1264944,33984,29,31,0
2337,0.722,0.531,0.022,1.274,8.106,16644,23067,0,36,33,33,1264944,33984,29,31,0
2338,0.713,0.618,0.021,1.351,1.419,16644,23067,0,36,33,33,1264944,33984,29,31,0
2339,0.735,0.548,0.017,1.300,1.497,16644,23067,0,36,33,33,1264944,33984,29,31,0
2340,0.760,0.582,0.020,1.363,1.448,16644,23067,0,36,33,33,1264944,33984,29,31,0
2341,0.763,1.380,0.018,2.160,1.518,16644,23067,0,36,33,33,1264944,33984,29,31,0
2342,0.730,3.414,0.023,4.167,2.357,16644,23067,0,36,33,33,1264944,33984,29,31,0
2343,0.849,11.717,0.017,12.583,4.361,16644,23067,0,36,33,33,1264944,33984,29,31,0
2344,0.712,6.946,0.036,7.695,12.764,16644,23067,0,36,33,33,1264944,33984,29,31,0
2345,0.702,0.737,0.015,1.454,7.834,16644,23067,0,36,33,33,1264944,33984,29,31,0
2346,0.696,0.423,0.015,1.134,1.587,16644,23067,0,36,33,33,1264944,33984,29,31,0
2347,0.655,0.310,0.011,0.976,1.265,16644,23067,0,36,33,33,1264944,33984,29,31,0
2348,0.705,0.649,0.010,1.364,1.101,16644,23067,0,36,33,33,1264944,33984,29,31,0
2349,0.684,10.689,0.028,11.402,1.497,16644,23067,0,36,33,33,1264944,33984,29,31,0
2350,0.697,7.693,0.016,8.406,11.556,16644,23067,0,36,33,33,1264944,33984,29,31,0
2351,0.691,6.568,0.016,7.275,8.544,16644,23067,0,36,33,33,1264944,33984,29,31,0
2352,0.691,0.690,0.015,1.396,7.417,16644,23067,0,36,33,33,1264944,33984,29,31,0
2353,0.658,0.351,0.011,1.019,1.538,16644,23067,0,36,33,33,1264944,33984,29,31,0
2354,0.672,0.305,0.012,0.989,1.153,16644,23067,0,36,33,33,1264944,33984,29,31,0
2355,0.643,0.289,0.012,0.943,1.131,16644,23067,0,36,33,33,1264944,33984,29,31,0
2356,0.647,0.306,0.018,0.971,1.063,16644,23067,0,36,33,33,1264944,33984,29,31,0
2357,0.627,10.042,0.013,10.682,1.100,16644,23067,0,36,33,33,1264944,33984,29,31,0
2358,0.661,7.926,0.016,8.603,10.831,16644,23067,0,36,33,33,1264944,33984,29,31,0
2359,0.671,7.224,0.014,7.909,8.746,16644,23067,0,36,33,33,1264944,33984,29,31,0
2360,0.736,0.485,0.010,1.232,8.064,16644,23067,0,36,33,33,1264944,33984,29,31,0
2361,0.722,0.433,0.011,1.166,1.385,16644,23067,0,36,33,33,1264944,33984,29,31,0
2362,0.669,0.352,0.009,1.030,1.314,16644,23067,0,36,33,33,1264944,33984,29,31,0
2363,0.710,0.356,0.007,1.073,1.171,16644,23067,0,36,33,33,1264944,33984,29,31,0
2364,0.639,10.900,0.013,11.551,1.209,16644,23067,0,36,33,33,1264944,33984,29,31,0
2365,0.739,7.647,0.026,8.411,11.721,16644,23067,0,36,33,33,1264944,33984,29,31,0
2366,0.733,6.988,0.016,7.737,8.568,16644,23067,0,36,33,33,1264944,33984,29,31,0
2367,0.730,0.422,0.013,1.166,7.902,16644,23067,0,36,33,33,1264944,33984,29,31,0
2368,0.732,0.354,0.015,1.101,1.319,16644,23067,0,36,33,33,1264944,33984,29,31,0
2369,0.712,0.385,0.016,1.114,1.249,16644,23067,0,36,33,33,1264944,33984,29,31,0
2370,0.740,0.635,0.021,1.395,1.270,16644,23067,0,36,33,33,1264944,33984,29,31,0
2371,0.944,0.518,0.018,1.480,1.567,16644,23067,0,36,33,33,1264944,33984,29,31,0
2372,0.696,0.420,0.019,1.136,1.626,16644,23067,0,36,33,33,1264944,33984,29,31,0
2373,0.717,3.094,0.012,3.824,1.289,16644,23067,0,36,33,33,1264944,33984,29,31,0
2374,0.689,12.338,0.012,13.039,3.978,16644,23067,0,36,33,33,1264944,33984,29,31,0
2375,0.740,6.928,0.009,7.677,13.198,16644,23067,0,36,33,33,1264944,33984,29,31,0
2376,0.727,0.354,0.016,1.097,7.840,16644,23067,0,36,33,33,1264944,33984,29,31,0
2377,0.709,0.378,0.017,1.104,1.239,16644,23067,0,36,33,33,1264944,33984,29,31,0
2378,0.711,0.363,0.012,1.087,1.265,16644,23067,0,36,33,33,1264944,33984,29,31,0
2379,0.750,0.462,0.014,1.226,1.249,16644,23067,0,36,33,33,1264944,33984,29,31,0
2380,0.745,1.104,0.010,1.860,1.394,16644,23067,0,36,33,33,1264944,33984,29,31,0
2381,0.665,0.294,0.009,0.968,2.007,16644,23067,0,36,33,33,1264944,33984,29,31,0
2382,0.640,3.289,0.011,3.940,1.109,16644,23067,0,36,33,33,1264944,33984,29,31,0
2383,0.657,12.211,0.012,12.879,4.083,16644,23067,0,36,33,33,1264944,33984,29,31,0
2384,0.722,6.995,0.022,7.739,13.029,16644,23067,0,36,33,33,1264944,33984,29,31,0
2385,0.747,0.323,0.013,1.083,7.902,16644,23067,0,36,33,33,1264944,33984,29,31,0
2386,0.711,0.320,0.016,1.048,1.234,16644,23067,0,36,33,33,1264944,33984,29,31,0
2387,0.731,0.378,0.017,1.126,1.207,16644,23067,0,36,33,33,1264944,33984,29,31,0
2388,0.753,0.396,0.011,1.160,1.282,16644,23067,0,36,33,33,1264944,33984,29,31,0
2389,0.704,10.816,0.014,11.534,1.307,16644,23067,0,36,33,33,1264944,33984,29,31,0
2390,0.618,7.988,0.007,8.613,11.667,16644,23067,0,36,33,33,1264944,33984,29,31,0
2391,0.619,7.130,0.011,7.760,8.735,16644,23067,0,36,33,33,1264944,33984,29,31,0
2392,0.567,0.556,0.008,1.132,7.874,16644,23067,0,36,33,33,1264944,33984,29,31,0
2393,0.540,0.301,0.021,0.862,1.251,16644,23067,0,36,33,33,1264944,33984,29,31,0
2394,0.544,0.342,0.012,0.898,0.970,16644,23067,0,36,33,33,1264944,33984,29,31,0
2395,0.545,0.270,0.010,0.825,1.012,16644,23067,0,36,33,33,1264944,33984,29,31,0
2396,0.560,0.281,0.011,0.853,1.175,16644,23067,0,36,33,33,1264944,33984,29,31,0
2397,0.553,10.443,0.011,11.007,1.188,16644,23067,0,36,33,33,1264944,33984,29,31,0
2398,0.553,7.394,0.014,7.961,11.113,16644,23067,0,36,33,33,1264944,33984,29,31,0
2399,0.490,7.853,0.008,8.351,8.057,16644,23067,0,36,33,33,1264944,33984,29,31,0
2400,0.513,0.559,0.008,1.079,8.456,16644,23067,0,36,33,33,1264944,33984,29,31,0
2401,0.480,0.269,0.009,0.758,1.167,16644,23067,0,36,33,33,1264944,33984,29,31,0
2402,0.455,0.224,0.011,0.690,0.855,16644,23067,0,36,33,33,1264944,33984,29,31,0
2403,0.441,0.572,0.006,1.019,0.783,16644,23067,0,36,33,33,1264944,33984,29,31,0
2404,0.479,0.503,0.011,0.993,1.306,16644,23067,0,36,33,33,1264944,33984,29,31,0
2405,0.446,0.908,0.008,1.362,1.087,16644,23067,0,36,33,33,1264944,33984,29,31,0
2406,0.459,0.866,0.007,1.332,1.466,16644,23067,0,36,33,33,1264944,33984,29,31,0
2407,0.432,3.245,0.006,3.683,1.433,16644,23067,0,36,33,33,1264944,33984,29,31,0
2408,0.470,12.687,0.012,13.169,4.004,16644,23067,0,36,33,33,1264944,33984,29,31,0
2409,0.520,7.281,0.007,7.809,13.272,16644,23067,0,36,33,33,1264944,33984,29,31,0
2410,0.485,0.660,0.007,1.153,7.914,16644,23067,0,36,33,33,1264944,33984,29,31,0
2411,0.477,0.349,0.009,0.835,1.244,16644,23067,0,36,33,33,1264944,33984,29,31,0
2412,0.445,0.363,0.009,0.817,0.936,16644,23067,0,36,33,33,1264944,33984,29,31,0
2413,0.450,0.426,0.010,0.886,0.905,16644,23067,0,36,33,33,1264944,33984,29,31,0
2414,0.466,2.088,0.009,2.563,0.964,16644,23067,0,36,33,33,1264944,33984,29,31,0
2415,0.447,0.925,0.006,1.378,2.670,16644,23067,0,36,33,33,1264944,33984,29,31,0
2416,0.443,3.122,0.009,3.574,1.476,16644,23067,0,36,33,33,1264944,33984,29,31,0
2417,0.462,12.922,0.008,13.392,3.671,16644,23067,0,36,33,33,1264944,33984,29,31,0
2418,0.472,7.362,0.006,7.841,13.499,16644,23067,0,36,33,33,1264944,33984,29,31,0
2419,0.479,0.618,0.009,1.106,7.940,16644,23067,0,36,33,33,1264944,33984,29,31,0
2420,0.511,0.263,0.013,0.787,1.210,16644,23067,0,36,33,33,1264944,33984,29,31,0
2421,0.485,0.269,0.010,0.764,0.888,16644,23067,0,36,33,33,1264944,33984,29,31,0
2422,0.473,0.281,0.009,0.763,0.859,16644,23067,0,36,33,33,1264944,33984,29,31,0
2423,0.494,2.216,0.020,2.730,0.851,16644,23067,0,36,33,33,1264944,33984,29,31,0
2424,0.531,0.936,0.014,1.481,2.843,16644,23067,0,36,33,33,1264944,33984,29,31,0
2425,0.472,3.153,0.008,3.634,1.597,16644,23067,0,36,33,33,1264944,33984,29,31,0
2426,0.498,12.796,0.008,13.302,3.742,16644,23067,0,36,33,33,1264944,33984,29,31,0
2427,0.516,7.338,0.008,7.862,13.415,16644,23067,0,36,33,33,1264944,33984,29,31,0
2428,0.526,0.520,0.009,1.056,7.973,16644,23067,0,36,33,33,1264944,33984,29,31,0
2429,0.554,0.284,0.008,0.846,1.169,16644,23067,0,36,33,33,1264944,33984,29,31,0
2430,0.548,0.304,0.009,0.862,0.953,16644,23067,0,36,33,33,1264944,33984,29,31,0
2431,0.533,0.318,0.009,0.860,0.974,16644,23067,0,36,33,33,1264944,33984,29,31,0
2432,0.529,0.489,0.009,1.027,0.979,16644,23067,0,36,33,33,1264944,33984,29,31,0
2433,0.515,10.965,0.011,11.490,1.140,16644,23067,0,36,33,33,1264944,33984,29,31,0
2434,0.576,7.823,0.008,8.407,11.609,16644,23067,0,36,33,33,1264944,33984,29,31,0
2435,0.541,7.762,0.007,8.310,8.534,16644,23067,0,36,33,33,1264944,33984,29,31,0
2436,0.591,0.813,0.010,1.415,8.435,16644,23067,0,36,33,33,1264944,33984,29,31,0
2437,0.607,0.304,0.012,0.922,1.538,16644,23067,0,36,33,33,1264944,33984,29,31,0
2438,0.611,0.303,0.009,0.923,1.036,16644,23067,0,36,33,33,1264944,33984,29,31,0
2439,0.627,0.755,0.024,1.406,1.046,16644,23067,0,36,33,33,1264944,33984,29,31,0
2440,0.827,0.385,0.013,1.224,1.586,16644,23067,0,36,33,33,1264944,33984,29,31,0
2441,0.710,2.789,0.009,3.509,1.358,16644,23067,0,36,33,33,1264944,33984,29,31,0
2442,0.602,14.036,0.008,14.646,3.631,16644,23067,0,36,33,33,1264944,33984,29,31,0
2443,0.586,7.444,0.013,8.043,14.764,16644,23067,0,36,33,33,1264944,33984,29,31,0
2444,0.610,0.516,0.008,1.134,8.159,16644,23067,0,36,33,33,1264944,33984,29,31,0
2445,0.539,0.335,0.014,0.888,1.238,16644,23067,0,36,33,33,1264944,33984,29,31,0
2446,0.540,0.273,0.012,0.824,0.996,16644,23067,0,36,33,33,1264944,33984,29,31,0
2447,0.525,0.523,0.008,1.056,0.920,16644,23067,0,36,33,33,1264944,33984,29,31,0
2448,0.541,0.454,0.009,1.004,1.194,16644,23067,0,36,33,33,1264944,33984,29,31,0
2449,0.508,4.143,0.008,4.659,1.110,16644,23067,0,36,33,33,1264944,33984,29,31,0
2450,0.559,13.935,0.010,14.504,4.768,16644,23067,0,36,33,33,1264944,33984,29,31,0
2451,0.480,7.595,0.008,8.083,14.610,16644,23067,0,36,33,33,1264944,33984,29,31,0
2452,0.489,0.595,0.009,1.092,8.326,16644,23067,0,36,33,33,1264944,33984,29,31,0
2453,0.459,1.271,0.009,1.739,1.176,16644,23067,0,36,33,33,1264944,33984,29,31,0
2454,0.525,0.435,0.008,0.968,1.848,16644,23067,0,36,33,33,1264944,33984,29,31,0
2455,0.460,0.236,0.005,0.702,1.055,16644,23067,0,36,33,33,1264944,33984,29,31,0
2456,0.459,0.876,0.007,1.341,0.789,16644,23067,0,36,33,33,1264944,33984,29,31,0
2457,0.539,3.377,0.008,3.923,1.449,16644,23067,0,36,33,33,1264944,33984,29,31,0
2458,0.468,13.936,0.020,14.424,4.022,16644,23067,0,36,33,33,1264944,33984,29,31,0
2459,0.544,7.500,0.014,8.057,14.550,16644,23067,0,36,33,33,1264944,33984,29,31,0
2460,0.506,0.592,0.008,1.106,8.165,16644,23067,0,36,33,33,1264944,33984,29,31,0
2461,0.510,0.287,0.008,0.805,1.207,16644,23067,0,36,33,33,1264944,33984,29,31,0
2462,0.443,0.244,0.010,0.697,0.907,16644,23067,0,36,33,33,1264944,33984,29,31,0
2463,0.441,0.328,0.009,0.778,0.791,16644,23067,0,36,33,33,1264944,33984,29,31,0
2464,0.471,2.011,0.012,2.494,0.875,16644,23067,0,36,33,33,1264944,33984,29,31,0
2465,0.484,1.427,0.010,1.920,2.602,16644,23067,0,36,33,33,1264944,33984,29,31,0
2466,0.431,2.674,0.007,3.112,2.020,16644,23067,0,36,33,33,1264944,33984,29,31,0
2467,0.451,13.020,0.011,13.482,3.212,16644,23067,0,36,33,33,1264944,33984,29,31,0
2468,0.509,7.471,0.013,7.994,13.616,16644,23067,0,36,33,33,1264944,33984,29,31,0
2469,0.482,0.608,0.014,1.104,8.129,16644,23067,0,36,33,33,1264944,33984,29,31,0
2470,0.472,0.299,0.013,0.784,1.203,16644,23067,0,36,33,33,1264944,33984,29,31,0
2471,0.449,0.209,0.010,0.667,0.869,16644,23067,0,36,33,33,1264944,33984,29,31,0
2472,0.431,0.565,0.010,1.006,0.753,16644,23067,0,36,33,33,1264944,33984,29,31,0
2473,0.443,0.258,0.009,0.710,1.099,16644,23067,0,36,33,33,1264944,33984,29,31,0
2474,0.470,0.227,0.012,0.709,0.804,16644,23067,0,36,33,33,1264944,33984,29,31,0
2475,0.440,0.561,0.008,1.009,0.797,16644,23067,0,36,33,33,1264944,33984,29,31,0
2476,0.440,3.176,0.010,3.626,1.096,16644,23067,0,36,33,33,1264944,33984,29,31,0
2477,0.437,14.416,0.011,14.864,3.730,16644,23067,0,36,33,33,1264944,33984,29,31,0
2478,0.480,7.555,0.009,8.044,14.966,16644,23067,0,36,33,33,1264944,33984,29,31,0
2479,0.489,0.655,0.015,1.159,8.148,16644,23067,0,36,33,33,1264944,33984,29,31,0
2480,0.456,0.400,0.009,0.865,1.264,16644,23067,0,36,33,33,1264944,33984,29,31,0
2481,0.444,0.379,0.007,0.830,0.954,16644,23067,0,36,33,33,1264944,33984,29,31,0
2482,0.451,0.775,0.007,1.233,0.922,16644,23067,0,36,33,33,1264944,33984,29,31,0
2483,0.479,0.380,0.008,0.867,1.343,16644,23067,0,36,33,33,1264944,33984,29,31,0
2484,0.449,0.221,0.009,0.678,0.972,16644,23067,0,36,33,33,1264944,33984,29,31,0
2485,0.451,3.601,0.008,4.061,0.780,16644,23067,0,36,33,33,1264944,33984,29,31,0
2486,0.463,15.291,0.010,15.764,4.162,16644,23067,0,36,33,33,1264944,33984,29,31,0
2487,0.505,6.687,0.012,7.203,15.872,16644,23067,0,36,33,33,1264944,33984,29,31,0
2488,0.474,7.237,0.012,7.723,7.326,16644,23067,0,36,33,33,1264944,33984,29,31,0
2489,0.459,8.256,0.011,8.726,7.843,16644,23067,0,36,33,33,1264944,33984,29,31,0
2490,0.497,7.847,0.007,8.351,8.836,16644,23067,0,36,33,33,1264944,33984,29,31,0
2491,0.496,7.445,0.012,7.953,8.464,16644,23067,0,36,33,33,1264944,33984,29,31,0
2492,0.491,0.593,0.008,1.092,8.049,16644,23067,0,36,33,33,1264944,33984,29,31,0
2493,0.441,0.348,0.007,0.795,1.176,16644,23067,0,36,33,33,1264944,33984,29,31,0
2494,0.431,0.217,0.011,0.658,0.889,16644,23067,0,36,33,33,1264944,33984,29,31,0
2495,0.454,0.711,0.008,1.173,0.740,16644,23067,0,36,33,33,1264944,33984,29,31,0
2496,0.445,0.825,0.018,1.289,1.271,16644,23067,0,36,33,33,1264944,33984,29,31,0
2497,0.552,10.743,0.012,11.308,1.406,16644,23067,0,36,33,33,1264944,33984,29,31,0
2498,0.481,8.251,0.014,8.746,11.415,16644,23067,0,36,33,33,1264944,33984,29,31,0
2499,0.552,6.979,0.011,7.542,8.848,16644,23067,0,36,33,33,1264944,33984,29,31,0
2500,0.475,0.606,0.013,1.093,7.642,16644,23067,0,36,33,33,1264944,33984,29,31,0
2501,0.436,0.269,0.008,0.713,1.185,16644,23067,0,36,33,33,1264944,33984,29,31,0
2502,0.453,0.219,0.010,0.681,0.803,16644,23067,0,36,33,33,1264944,33984,29,31,0
2503,0.437,0.508,0.009,0.954,0.763,16644,23067,0,36,33,33,1264944,33984,29,31,0
2504,0.436,0.670,0.008,1.114,1.038,16644,23067,0,36,33,33,1264944,33984,29,31,0
2505,0.460,0.753,0.008,1.221,1.207,16644,23067,0,36,33,33,1264944,33984,29,31,0
2506,0.452,1.471,0.008,1.931,1.305,16644,23067,0,36,33,33,1264944,33984,29,31,0
2507,0.446,2.881,0.013,3.339,2.036,16644,23067,0,36,33,33,1264944,33984,29,31,0
2508,0.476,13.016,0.012,13.504,3.457,16644,23067,0,36,33,33,1264944,33984,29,31,0
2509,0.513,7.344,0.014,7.871,13.604,16644,23067,0,36,33,33,1264944,33984,29,31,0
2510,0.497,0.558,0.011,1.066,7.970,16644,23067,0,36,33,33,1264944,33984,29,31,0
2511,0.458,0.268,0.008,0.733,1.156,16644,23067,0,36,33,33,1264944,33984,29,31,0
2512,0.433,0.216,0.011,0.660,0.825,16644,23067,0,36,33,33,1264944,33984,29,31,0
2513,0.438,0.365,0.010,0.814,0.739,16644,23067,0,36,33,33,1264944,33984,29,31,0
2514,0.468,2.168,0.009,2.645,0.900,16644,23067,0,36,33,33,1264944,33984,29,31,0
2515,0.458,1.237,0.009,1.704,2.746,16644,23067,0,36,33,33,1264944,33984,29,31,0
2516,0.453,3.489,0.010,3.952,1.832,16644,23067,0,36,33,33,1264944,33984,29,31,0
2517,0.461,12.566,0.012,13.039,4.050,16644,23067,0,36,33,33,1264944,33984,29,31,0
2518,0.479,7.246,0.010,7.735,13.135,16644,23067,0,36,33,33,1264944,33984,29,31,0
2519,0.455,0.643,0.012,1.109,7.833,16644,23067,0,36,33,33,1264944,33984,29,31,0
2520,0.464,0.259,0.011,0.734,1.200,16644,23067,0,36,33,33,1264944,33984,29,31,0
2521,0.440,0.212,0.011,0.663,0.821,16644,23067,0,36,33,33,1264944,33984,29,31,0
2522,0.452,0.584,0.008,1.044,0.744,16644,23067,0,36,33,33,1264944,33984,29,31,0
2523,0.438,2.044,0.007,2.489,1.132,16644,23067,0,36,33,33,1264944,33984,29,31,0
2524,0.460,1.080,0.009,1.548,2.615,16644,23067,0,36,33,33,1264944,33984,29,31,0
2525,0.435,2.998,0.008,3.441,1.641,16644,23067,0,36,33,33,1264944,33984,29,31,0
2526,0.467,12.946,0.009,13.423,3.535,16644,23067,0,36,33,33,1264944,33984,29,31,0
2527,0.455,7.428,0.007,7.890,13.514,16644,23067,0,36,33,33,1264944,33984,29,31,0
2528,0.463,0.629,0.009,1.100,7.985,16644,23067,0,36,33,33,1264944,33984,29,31,0
2529,0.453,0.225,0.012,0.690,1.202,16644,23067,0,36,33,33,1264944,33984,29,31,0
2530,0.430,0.193,0.008,0.630,0.771,16644,23067,0,36,33,33,1264944,33984,29,31,0
2531,0.445,0.521,0.008,0.975,0.718,16644,23067,0,36,33,33,1264944,33984,29,31,0
2532,0.445,0.358,0.006,0.808,1.065,16644,23067,0,36,33,33,1264944,33984,29,31,0
2533,0.438,0.211,0.009,0.658,0.903,16644,23067,0,36,33,33,1264944,33984,29,31,0
2534,0.438,3.568,0.012,4.018,0.742,16644,23067,0,36,33,33,1264944,33984,29,31,0
2535,0.473,15.304,0.011,15.788,4.122,16644,23067,0,36,33,33,1264944,33984,29,31,0
2536,0.483,7.381,0.006,7.871,15.888,16644,23067,0,36,33,33,1264944,33984,29,31,0
2537,0.450,0.936,0.006,1.392,7.969,16644,23067,0,36,33,33,1264944,33984,29,31,0
2538,0.442,0.229,0.012,0.684,1.483,16644,23067,0,36,33,33,1264944,33984,29,31,0
2539,0.433,0.386,0.008,0.826,0.768,16644,23067,0,36,33,33,1264944,33984,29,31,0
2540,0.430,0.615,0.009,1.054,0.910,16644,23067,0,36,33,33,1264944,33984,29,31,0
2541,0.442,0.353,0.008,0.803,1.146,16644,23067,0,36,33,33,1264944,33984,29,31,0
2542,0.453,0.225,0.009,0.687,0.898,16644,23067,0,36,33,33,1264944,33984,29,31,0
2543,0.441,3.597,0.021,4.060,0.771,16644,23067,0,36,33,33,1264944,33984,29,31,0
2544,0.469,14.678,0.011,15.158,4.151,16644,23067,0,36,33,33,1264944,33984,29,31,0
2545,0.454,7.372,0.013,7.839,15.254,16644,23067,0,36,33,33,1264944,33984,29,31,0
2546,0.442,0.611,0.008,1.062,7.979,16644,23067,0,36,33,33,1264944,33984,29,31,0
2547,0.464,0.226,0.011,0.701,1.157,16644,23067,0,36,33,33,1264944,33984,29,31,0
2548,0.442,0.208,0.009,0.659,0.785,16644,23067,0,36,33,33,1264944,33984,29,31,0
2549,0.447,0.612,0.008,1.066,0.748,16644,23067,0,36,33,33,1264944,33984,29,31,0
2550,0.431,0.639,0.007,1.077,1.152,16644,23067,0,36,33,33,1264944,33984,29,31,0
2551,0.428,0.242,0.011,0.680,1.170,16644,23067,0,36,33,33,1264944,33984,29,31,0
2552,0.437,2.059,0.011,2.506,0.762,16644,23067,0,36,33,33,1264944,33984,29,31,0
2553,0.441,2.987,0.009,3.437,2.596,16644,23067,0,36,33,33,1264944,33984,29,31,0
2554,0.451,13.380,0.010,13.841,3.532,16644,23067,0,36,33,33,1264944,33984,29,31,0
2555,0.472,7.265,0.009,7.746,13.930,16644,23067,0,36,33,33,1264944,33984,29,31,0
2556,0.449,0.895,0.007,1.351,7.846,16644,23067,0,36,33,33,1264944,33984,29,31,0
2557,0.429,0.229,0.011,0.669,1.436,16644,23067,0,36,33,33,1264944,33984,29,31,0
2558,0.450,0.201,0.011,0.663,0.756,16644,23067,0,36,33,33,1264944,33984,29,31,0
2559,0.466,0.834,0.010,1.309,0.748,16644,23067,0,36,33,33,1264944,33984,29,31,0
2560,0.454,0.243,0.008,0.704,1.414,16644,23067,0,36,33,33,1264944,33984,29,31,0
2561,0.429,0.211,0.011,0.651,0.796,16644,23067,0,36,33,33,1264944,33984,29,31,0
2562,0.444,3.658,0.009,4.111,0.735,16644,23067,0,36,33,33,1264944,33984,29,31,0
2563,0.461,14.366,0.008,14.836,4.201,16644,23067,0,36,33,33,1264944,33984,29,31,0
2564,0.464,7.330,0.006,7.800,14.929,16644,23067,0,36,33,33,1264944,33984,29,31,0
2565,0.447,0.674,0.010,1.131,7.894,16644,23067,0,36,33,33,1264944,33984,29,31,0
2566,0.446,0.221,0.007,0.674,1.212,16644,23067,0,36,33,33,1264944,33984,29,31,0
2567,0.417,0.194,0.010,0.621,0.760,16644,23067,0,36,33,33,1264944,33984,29,31,0
2568,0.435,0.475,0.007,0.916,0.711,16644,23067,0,36,33,33,1264944,33984,29,31,0
2569,0.473,2.270,0.011,2.753,0.998,16644,23067,0,36,33,33,1264944,33984,29,31,0
2570,0.464,1.185,0.010,1.659,2.851,16644,23067,0,36,33,33,1264944,33984,29,31,0
2571,0.437,2.685,0.009,3.131,1.758,16644,23067,0,36,33,33,1264944,33984,29,31,0
2572,0.461,13.762,0.010,14.234,3.224,16644,23067,0,36,33,33,1264944,33984,29,31,0
2573,0.472,7.256,0.007,7.735,14.326,16644,23067,0,36,33,33,1264944,33984,29,31,0
2574,0.450,1.189,0.020,1.659,7.823,16644,23067,0,36,33,33,1264944,33984,29,31,0
2575,0.440,0.420,0.010,0.870,1.765,16644,23067,0,36,33,33,1264944,33984,29,31,0
2576,0.434,0.382,0.009,0.825,0.955,16644,23067,0,36,33,33,1264944,33984,29,31,0
2577,0.441,3.843,0.007,4.291,0.912,16644,23067,0,36,33,33,1264944,33984,29,31,0
2578,0.464,16.877,0.010,17.352,4.386,16644,23067,0,36,33,33,1264944,33984,29,31,0
2579,0.448,7.349,0.010,7.807,17.457,16644,23067,0,36,33,33,1264944,33984,29,31,0
2580,0.442,0.643,0.007,1.093,7.901,16644,23067,0,36,33,33,1264944,33984,29,31,0
2581,0.425,0.268,0.010,0.703,1.179,16644,23067,0,36,33,33,1264944,33984,29,31,0
2582,0.440,0.199,0.011,0.650,0.783,16644,23067,0,36,33,33,1264944,33984,29,31,0
2583,0.435,0.764,0.007,1.205,0.735,16644,23067,0,36,33,33,1264944,33984,29,31,0
2584,0.445,0.576,0.011,1.032,1.307,16644,23067,0,36,33,33,1264944,33984,29,31,0
2585,0.443,3.478,0.008,3.928,1.120,16644,23067,0,36,33,33,1264944,33984,29,31,0
2586,0.450,15.413,0.010,15.872,4.024,16644,23067,0,36,33,33,1264944,33984,29,31,0
2587,0.490,7.646,0.010,8.145,15.970,16644,23067,0,36,33,33,1264944,33984,29,31,0
2588,0.442,0.944,0.016,1.402,8.247,16644,23067,0,36,33,33,1264944,33984,29,31,0
2589,0.451,0.231,0.010,0.692,1.491,16644,23067,0,36,33,33,1264944,33984,29,31,0
2590,0.436,0.210,0.011,0.657,0.773,16644,23067,0,36,33,33,1264944,33984,29,31,0
2591,0.438,0.435,0.006,0.878,0.747,16644,23067,0,36,33,33,1264944,33984,29,31,0
2592,0.441,0.581,0.008,1.030,0.979,16644,23067,0,36,33,33,1264944,33984,29,31,0
2593,0.431,3.417,0.009,3.857,1.124,16644,23067,0,36,33,33,1264944,33984,29,31,0
2594,0.436,15.371,0.010,15.817,3.954,16644,23067,0,36,33,33,1264944,33984,29,31,0
2595,0.476,7.758,0.006,8.240,15.921,16644,23067,0,36,33,33,1264944,33984,29,31,0
2596,0.442,1.085,0.010,1.538,8.334,16644,23067,0,36,33,33,1264944,33984,29,31,0
2597,0.446,0.408,0.007,0.861,1.628,16644,23067,0,36,33,33,1264944,33984,29,31,0
2598,0.445,0.202,0.009,0.655,0.944,16644,23067,0,36,33,33,1264944,33984,29,31,0
2599,0.446,0.683,0.008,1.138,0.751,16644,23067,0,36,33,33,1264944,33984,29,31,0
2600,0.441,0.734,0.009,1.184,1.233,16644,23067,0,36,33,33,1264944,33984,29,31,0
2601,0.434,3.306,0.014,3.755,1.281,16644,23067,0,36,33,33,1264944,33984,29,31,0
2602,0.450,15.178,0.009,15.636,3.847,16644,23067,0,36,33,33,1264944,33984,29,31,0
2603,0.439,7.402,0.012,7.853,15.739,16644,23067,0,36,33,33,1264944,33984,29,31,0
2604,0.436,0.991,0.009,1.436,7.940,16644,23067,0,36,33,33,1264944,33984,29,31,0
2605,0.432,0.215,0.009,0.657,1.530,16644,23067,0,36,33,33,1264944,33984,29,31,0
2606,0.428,0.196,0.010,0.635,0.737,16644,23067,0,36,33,33,1264944,33984,29,31,0
2607,0.437,0.974,0.006,1.417,0.713,16644,23067,0,36,33,33,1264944,33984,29,31,0
2608,0.459,0.680,0.011,1.150,1.516,16644,23067,0,36,33,33,1264944,33984,29,31,0
2609,0.433,3.963,0.010,4.407,1.237,16644,23067,0,36,33,33,1264944,33984,29,31,0
2610,0.435,14.080,0.008,14.524,4.503,16644,23067,0,36,33,33,1264944,33984,29,31,0
2611,0.456,7.875,0.006,8.337,14.614,16644,23067,0,36,33,33,1264944,33984,29,31,0
2612,0.440,0.962,0.009,1.412,8.430,16644,23067,0,36,33,33,1264944,33984,29,31,0
2613,0.447,0.233,0.007,0.687,1.505,16644,23067,0,36,33,33,1264944,33984,29,31,0
2614,0.433,0.198,0.009,0.640,0.767,16644,23067,0,36,33,33,1264944,33984,29,31,0
2615,0.452,0.510,0.010,0.972,0.726,16644,23067,0,36,33,33,1264944,33984,29,31,0
2616,0.447,0.757,0.008,1.212,1.061,16644,23067,0,36,33,33,1264944,33984,29,31,0
2617,0.431,3.000,0.008,3.440,1.296,16644,23067,0,36,33,33,1264944,33984,29,31,0
2618,0.447,16.046,0.008,16.501,3.544,16644,23067,0,36,33,33,1264944,33984,29,31,0
2619,0.482,7.258,0.007,7.747,16.594,16644,23067,0,36,33,33,1264944,33984,29,31,0
2620,0.457,0.643,0.013,1.114,7.841,16644,23067,0,36,33,33,1264944,33984,29,31,0
2621,0.472,0.250,0.009,0.731,1.238,16644,23067,0,36,33,33,1264944,33984,29,31,0
2622,0.440,0.212,0.013,0.665,0.854,16644,23067,0,36,33,33,1264944,33984,29,31,0
2623,0.439,0.472,0.006,0.917,0.788,16644,23067,0,36,33,33,1264944,33984,29,31,0
2624,0.449,0.484,0.010,0.943,1.035,16644,23067,0,36,33,33,1264944,33984,29,31,0
2625,0.435,11.044,0.008,11.487,1.066,16644,23067,0,36,33,33,1264944,33984,29,31,0
2626,0.477,8.271,0.008,8.756,11.592,16644,23067,0,36,33,33,1264944,33984,29,31,0
2627,0.474,7.363,0.009,7.847,8.855,16644,23067,0,36,33,33,1264944,33984,29,31,0
2628,0.454,0.965,0.007,1.427,7.942,16644,23067,0,36,33,33,1264944,33984,29,31,0
2629,0.452,0.255,0.009,0.716,1.519,16644,23067,0,36,33,33,1264944,33984,29,31,0
2630,0.481,0.225,0.009,0.715,0.800,16644,23067,0,36,33,33,1264944,33984,29,31,0
2631,0.484,0.760,0.009,1.252,0.803,16644,23067,0,36,33,33,1264944,33984,29,31,0
2632,0.458,0.645,0.008,1.111,1.370,16644,23067,0,36,33,33,1264944,33984,29,31,0
2633,0.446,3.835,0.008,4.288,1.243,16644,23067,0,36,33,33,1264944,33984,29,31,0
2634,0.458,14.350,0.006,14.814,4.409,16644,23067,0,36,33,33,1264944,33984,29,31,0
2635,0.480,7.879,0.008,8.366,14.911,16644,23067,0,36,33,33,1264944,33984,29,31,0
2636,0.454,0.950,0.006,1.410,8.465,16644,23067,0,36,33,33,1264944,33984,29,31,0
2637,0.489,0.260,0.009,0.758,1.507,16644,23067,0,36,33,33,1264944,33984,29,31,0
2638,0.435,0.231,0.010,0.675,0.860,16644,23067,0,36,33,33,1264944,33984,29,31,0
2639,0.441,0.449,0.009,0.899,0.773,16644,23067,0,36,33,33,1264944,33984,29,31,0
2640,0.451,1.419,0.007,1.877,1.051,16644,23067,0,36,33,33,1264944,33984,29,31,0
2641,0.441,0.966,0.010,1.416,1.975,16644,23067,0,36,33,33,1264944,33984,29,31,0
2642,0.443,3.323,0.009,3.775,1.501,16644,23067,0,36,33,33,1264944,33984,29,31,0
2643,0.434,13.202,0.009,13.644,3.872,16644,23067,0,36,33,33,1264944,33984,29,31,0
2644,0.539,7.187,0.011,7.736,13.747,16644,23067,0,36,33,33,1264944,33984,29,31,0
2645,0.471,0.908,0.008,1.386,7.852,16644,23067,0,36,33,33,1264944,33984,29,31,0
2646,0.541,0.268,0.008,0.817,1.489,16644,23067,0,36,33,33,1264944,33984,29,31,0
2647,0.494,0.223,0.007,0.725,0.912,16644,23067,0,36,33,33,1264944,33984,29,31,0
2648,0.444,0.424,0.008,0.876,0.826,16644,23067,0,36,33,33,1264944,33984,29,31,0
2649,0.457,0.751,0.010,1.218,0.961,16644,23067,0,36,33,33,1264944,33984,29,31,0
2650,0.498,3.142,0.008,3.648,1.313,16644,23067,0,36,33,33,1264944,33984,29,31,0
2651,0.528,15.547,0.007,16.083,3.756,16644,23067,0,36,33,33,1264944,33984,29,31,0
2652,0.457,7.300,0.008,7.765,16.176,16644,23067,0,36,33,33,1264944,33984,29,31,0
2653,0.469,0.962,0.007,1.439,7.860,16644,23067,0,36,33,33,1264944,33984,29,31,0
2654,0.472,0.241,0.008,0.720,1.535,16644,23067,0,36,33,33,1264944,33984,29,31,0
2655,0.462,0.237,0.007,0.707,0.814,16644,23067,0,36,33,33,1264944,33984,29,31,0
2656,0.452,0.342,0.008,0.802,0.807,16644,23067,0,36,33,33,1264944,33984,29,31,0
2657,0.485,0.555,0.011,1.051,0.891,16644,23067,0,36,33,33,1264944,33984,29,31,0
2658,0.450,10.740,0.009,11.199,1.161,16644,23067,0,36,33,33,1264944,33984,29,31,0
2659,0.457,8.360,0.009,8.826,11.296,16644,23067,0,36,33,33,1264944,33984,29,31,0
2660,0.491,7.338,0.009,7.838,8.930,16644,23067,0,36,33,33,1264944,33984,29,31,0
2661,0.458,1.520,0.009,1.987,7.941,16644,23067,0,36,33,33,1264944,33984,29,31,0
2662,0.431,0.217,0.008,0.657,2.096,16644,23067,0,36,33,33,1264944,33984,29,31,0
2663,0.426,0.470,0.009,0.904,0.746,16644,23067,0,36,33,33,1264944,33984,29,31,0
2664,0.479,0.595,0.009,1.083,1.006,16644,23067,0,36,33,33,1264944,33984,29,31,0
2665,0.443,10.791,0.006,11.239,1.191,16644,23067,0,36,33,33,1264944,33984,29,31,0
2666,0.470,8.421,0.006,8.897,11.332,16644,23067,0,36,33,33,1264944,33984,29,31,0
2667,0.495,7.325,0.006,7.827,8.991,16644,23067,0,36,33,33,1264944,33984,29,31,0
2668,0.526,0.834,0.008,1.368,7.931,16644,23067,0,36,33,33,1264944,33984,29,31,0
2669,0.456,0.250,0.010,0.716,1.469,16644,23067,0,36,33,33,1264944,33984,29,31,0
2670,0.464,0.213,0.006,0.682,0.813,16644,23067,0,36,33,33,1264944,33984,29,31,0
2671,0.498,0.401,0.011,0.910,0.766,16644,23067,0,36,33,33,1264944,33984,29,31,0
2672,0.530,0.640,0.010,1.180,1.009,16644,23067,0,36,33,33,1264944,33984,29,31,0
2673,0.514,10.745,0.008,11.267,1.285,16644,23067,0,36,33,33,1264944,33984,29,31,0
2674,0.443,8.064,0.006,8.512,11.367,16644,23067,0,36,33,33,1264944,33984,29,31,0
2675,0.452,7.343,0.008,7.803,8.603,16644,23067,0,36,33,33,1264944,33984,29,31,0
2676,0.477,0.625,0.009,1.112,7.897,16644,23067,0,36,33,33,1264944,33984,29,31,0
2677,0.505,0.260,0.007,0.772,1.208,16644,23067,0,36,33,33,1264944,33984,29,31,0
2678,0.457,0.209,0.008,0.674,0.864,16644,23067,0,36,33,33,1264944,33984,29,31,0
2679,0.451,0.274,0.011,0.737,0.751,16644,23067,0,36,33,33,1264944,33984,29,31,0
2680,0.443,2.206,0.009,2.658,0.823,16644,23067,0,36,33,33,1264944,33984,29,31,0
2681,0.479,1.070,0.010,1.559,2.759,16644,23067,0,36,33,33,1264944,33984,29,31,0
2682,0.432,2.643,0.009,3.084,1.659,16644,23067,0,36,33,33,1264944,33984,29,31,0
2683,0.460,13.747,0.006,14.213,3.194,16644,23067,0,36,33,33,1264944,33984,29,31,0
2684,0.493,7.316,0.006,7.815,14.307,16644,23067,0,36,33,33,1264944,33984,29,31,0
2685,0.476,1.228,0.008,1.711,7.909,16644,23067,0,36,33,33,1264944,33984,29,31,0
2686,0.467,0.394,0.008,0.869,1.812,16644,23067,0,36,33,33,1264944,33984,29,31,0
2687,0.453,0.230,0.007,0.690,0.965,16644,23067,0,36,33,33,1264944,33984,29,31,0
2688,0.450,0.463,0.009,0.922,0.775,16644,23067,0,36,33,33,1264944,33984,29,31,0
2689,0.461,0.249,0.011,0.721,1.015,16644,23067,0,36,33,33,1264944,33984,29,31,0
2690,0.453,1.900,0.009,2.363,0.823,16644,23067,0,36,33,33,1264944,33984,29,31,0
2691,0.411,3.211,0.007,3.630,2.468,16644,23067,0,36,33,33,1264944,33984,29,31,0
2692,0.468,13.327,0.009,13.805,3.734,16644,23067,0,36,33,33,1264944,33984,29,31,0
2693,0.475,7.353,0.009,7.837,13.904,16644,23067,0,36,33,33,1264944,33984,29,31,0
2694,0.474,0.953,0.006,1.432,7.957,16644,23067,0,36,33,33,1264944,33984,29,31,0
2695,0.460,0.263,0.008,0.732,1.539,16644,23067,0,36,33,33,1264944,33984,29,31,0
2696,0.468,0.219,0.009,0.696,0.815,16644,23067,0,36,33,33,1264944,33984,29,31,0
2697,0.459,0.586,0.009,1.054,0.790,16644,23067,0,36,33,33,1264944,33984,29,31,0
2698,0.451,0.627,0.009,1.088,1.155,16644,23067,0,36,33,33,1264944,33984,29,31,0
2699,0.410,4.031,0.006,4.447,1.189,16644,23067,0,36,33,33,1264944,33984,29,31,0
2700,0.446,14.786,0.010,15.242,4.556,16644,23067,0,36,33,33,1264944,33984,29,31,0
2701,0.590,7.144,0.011,7.746,15.385,16644,23067,0,36,33,33,1264944,33984,29,31,0
2702,0.463,0.934,0.009,1.407,7.842,16644,23067,0,36,33,33,1264944,33984,29,31,0
2703,0.481,0.246,0.011,0.737,1.494,16644,23067,0,36,33,33,1264944,33984,29,31,0
2704,0.436,0.220,0.008,0.665,0.829,16644,23067,0,36,33,33,1264944,33984,29,31,0
2705,0.447,0.533,0.006,0.987,0.748,16644,23067,0,36,33,33,1264944,33984,29,31,0
2706,0.467,0.349,0.011,0.827,1.087,16644,23067,0,36,33,33,1264944,33984,29,31,0
2707,0.446,0.216,0.012,0.674,0.922,16644,23067,0,36,33,33,1264944,33984,29,31,0
2708,0.448,3.881,0.007,4.337,0.760,16644,23067,0,36,33,33,1264944,33984,29,31,0
2709,0.440,14.563,0.012,15.015,4.429,16644,23067,0,36,33,33,1264944,33984,29,31,0
2710,0.461,7.367,0.008,7.836,15.109,16644,23067,0,36,33,33,1264944,33984,29,31,0
2711,0.452,0.973,0.010,1.435,7.937,16644,23067,0,36,33,33,1264944,33984,29,31,0
2712,0.451,0.239,0.009,0.698,1.524,16644,23067,0,36,33,33,1264944,33984,29,31,0
2713,0.460,0.201,0.008,0.668,0.781,16644,23067,0,36,33,33,1264944,33984,29,31,0
2714,0.454,0.566,0.009,1.029,0.756,16644,23067,0,36,33,33,1264944,33984,29,31,0
2715,0.545,0.575,0.013,1.133,1.223,16644,23067,0,36,33,33,1264944,33984,29,31,0
2716,0.467,4.092,0.008,4.566,1.227,16644,23067,0,36,33,33,1264944,33984,29,31,0
2717,0.466,14.698,0.009,15.173,4.662,16644,23067,0,36,33,33,1264944,33984,29,31,0
2718,0.776,7.102,0.007,7.885,15.266,16644,23067,0,36,33,33,1264944,33984,29,31,0
2719,0.439,0.877,0.008,1.324,7.983,16644,23067,0,36,33,33,1264944,33984,29,31,0
2720,0.431,0.232,0.009,0.672,1.408,16644,23067,0,36,33,33,1264944,33984,29,31,0
2721,0.429,0.197,0.010,0.636,0.760,16644,23067,0,36,33,33,1264944,33984,29,31,0
2722,0.725,0.367,0.007,1.099,0.734,16644,23067,0,36,33,33,1264944,33984,29,31,0
2723,0.465,1.830,0.013,2.308,1.194,16644,23067,0,36,33,33,1264944,33984,29,31,0
2724,0.464,0.710,0.008,1.182,2.399,16644,23067,0,36,33,33,1264944,33984,29,31,0
2725,0.449,2.982,0.010,3.440,1.270,16644,23067,0,36,33,33,1264944,33984,29,31,0
2726,0.438,13.481,0.009,13.928,3.531,16644,23067,0,36,33,33,1264944,33984,29,31,0
2727,0.447,7.357,0.010,7.814,14.021,16644,23067,0,36,33,33,1264944,33984,29,31,0
2728,0.451,1.141,0.009,1.601,7.902,16644,23067,0,36,33,33,1264944,33984,29,31,0
2729,0.433,0.984,0.007,1.424,1.693,16644,23067,0,36,33,33,1264944,33984,29,31,0
2730,0.423,0.278,0.014,0.715,1.511,16644,23067,0,36,33,33,1264944,33984,29,31,0
2731,0.445,0.217,0.013,0.676,0.797,16644,23067,0,36,33,33,1264944,33984,29,31,0
2732,0.435,0.958,0.008,1.401,0.767,16644,23067,0,36,33,33,1264944,33984,29,31,0
2733,0.454,3.336,0.015,3.804,1.495,16644,23067,0,36,33,33,1264944,33984,29,31,0
2734,0.430,15.013,0.009,15.453,3.894,16644,23067,0,36,33,33,1264944,33984,29,31,0
2735,0.437,6.688,0.010,7.135,15.547,16644,23067,0,36,33,33,1264944,33984,29,31,0
2736,0.439,7.994,0.012,8.446,7.230,16644,23067,0,36,33,33,1264944,33984,29,31,0
2737,0.433,7.834,0.008,8.275,8.536,16644,23067,0,36,33,33,1264944,33984,29,31,0
2738,0.454,7.934,0.008,8.397,8.366,16644,23067,0,36,33,33,1264944,33984,29,31,0
2739,0.452,7.422,0.011,7.885,8.485,16644,23067,0,36,33,33,1264944,33984,29,31,0
2740,0.468,0.639,0.017,1.125,7.977,16644,23067,0,36,33,33,1264944,33984,29,31,0
2741,0.442,0.222,0.008,0.672,1.211,16644,23067,0,36,33,33,1264944,33984,29,31,0
2742,0.418,0.212,0.008,0.639,0.757,16644,23067,0,36,33,33,1264944,33984,29,31,0
2743,0.438,0.460,0.008,0.906,0.719,16644,23067,0,36,33,33,1264944,33984,29,31,0
2744,0.473,2.139,0.008,2.621,0.991,16644,23067,0,36,33,33,1264944,33984,29,31,0
2745,0.464,1.304,0.007,1.775,2.716,16644,23067,0,36,33,33,1264944,33984,29,31,0
2746,0.425,2.761,0.009,3.195,1.866,16644,23067,0,36,33,33,1264944,33984,29,31,0
2747,0.455,13.260,0.008,13.724,3.286,16644,23067,0,36,33,33,1264944,33984,29,31,0
2748,0.768,7.141,0.016,7.925,13.815,16644,23067,0,36,33,33,1264944,33984,29,31,0
2749,0.443,0.846,0.006,1.295,8.021,16644,23067,0,36,33,33,1264944,33984,29,31,0
2750,0.432,0.219,0.008,0.659,1.389,16644,23067,0,36,33,33,1264944,33984,29,31,0
2751,0.646,0.199,0.009,0.854,0.744,16644,23067,0,36,33,33,1264944,33984,29,31,0
2752,0.450,0.631,0.008,1.090,0.941,16644,23067,0,36,33,33,1264944,33984,29,31,0
2753,0.455,0.243,0.007,0.704,1.186,16644,23067,0,36,33,33,1264944,33984,29,31,0
2754,0.454,0.210,0.007,0.672,0.789,16644,23067,0,36,33,33,1264944,33984,29,31,0
2755,0.430,10.472,0.012,10.913,0.756,16644,23067,0,36,33,33,1264944,33984,29,31,0
2756,0.444,8.095,0.008,8.548,11.020,16644,23067,0,36,33,33,1264944,33984,29,31,0
2757,0.455,7.232,0.009,7.696,8.639,16644,23067,0,36,33,33,1264944,33984,29,31,0
2758,0.468,0.649,0.007,1.124,7.788,16644,23067,0,36,33,33,1264944,33984,29,31,0
2759,0.441,0.235,0.010,0.685,1.213,16644,23067,0,36,33,33,1264944,33984,29,31,0
2760,0.438,0.212,0.010,0.660,0.766,16644,23067,0,36,33,33,1264944,33984,29,31,0
2761,0.458,0.756,0.006,1.221,0.755,16644,23067,0,36,33,33,1264944,33984,29,31,0
2762,0.446,0.243,0.010,0.699,1.308,16644,23067,0,36,33,33,1264944,33984,29,31,0
2763,0.445,0.203,0.009,0.657,0.794,16644,23067,0,36,33,33,1264944,33984,29,31,0
2764,0.441,3.483,0.009,3.933,0.740,16644,23067,0,36,33,33,1264944,33984,29,31,0
2765,0.461,15.383,0.009,15.852,4.023,16644,23067,0,36,33,33,1264944,33984,29,31,0
2766,0.457,7.283,0.017,7.757,15.941,16644,23067,0,36,33,33,1264944,33984,29,31,0
2767,0.451,0.695,0.023,1.169,7.849,16644,23067,0,36,33,33,1264944,33984,29,31,0
2768,0.440,0.215,0.014,0.668,1.251,16644,23067,0,36,33,33,1264944,33984,29,31,0
2769,0.433,0.201,0.006,0.640,0.748,16644,23067,0,36,33,33,1264944,33984,29,31,0
2770,0.434,0.568,0.008,1.009,0.726,16644,23067,0,36,33,33,1264944,33984,29,31,0
2771,0.434,0.873,0.005,1.313,1.102,16644,23067,0,36,33,33,1264944,33984,29,31,0
2772,0.437,11.130,0.010,11.577,1.405,16644,23067,0,36,33,33,1264944,33984,29,31,0
2773,0.451,8.348,0.007,8.806,11.665,16644,23067,0,36,33,33,1264944,33984,29,31,0
2774,0.460,7.326,0.007,7.793,8.898,16644,23067,0,36,33,33,1264944,33984,29,31,0
2775,0.434,1.451,0.011,1.896,7.888,16644,23067,0,36,33,33,1264944,33984,29,31,0
2776,0.442,0.189,0.009,0.640,1.996,16644,23067,0,36,33,33,1264944,33984,29,31,0
2777,0.431,0.368,0.010,0.808,0.722,16644,23067,0,36,33,33,1264944,33984,29,31,0
2778,0.447,2.098,0.006,2.552,0.887,16644,23067,0,36,33,33,1264944,33984,29,31,0
2779,0.463,1.028,0.024,1.515,2.645,16644,23067,0,36,33,33,1264944,33984,29,31,0
2780,0.431,2.983,0.010,3.423,1.600,16644,23067,0,36,33,33,1264944,33984,29,31,0
2781,0.458,13.089,0.011,13.558,3.515,16644,23067,0,36,33,33,1264944,33984,29,31,0
2782,0.462,7.376,0.007,7.845,13.646,16644,23067,0,36,33,33,1264944,33984,29,31,0
2783,0.425,0.687,0.009,1.120,7.937,16644,23067,0,36,33,33,1264944,33984,29,31,0
2784,0.425,0.222,0.008,0.655,1.201,16644,23067,0,36,33,33,1264944,33984,29,31,0
2785,0.434,0.196,0.010,0.640,0.742,16644,23067,0,36,33,33,1264944,33984,29,31,0
2786,0.439,1.052,0.011,1.502,0.717,16644,23067,0,36,33,33,1264944,33984,29,31,0
2787,0.462,0.660,0.008,1.130,1.598,16644,23067,0,36,33,33,1264944,33984,29,31,0
2788,0.436,11.021,0.009,11.466,1.219,16644,23067,0,36,33,33,1264944,33984,29,31,0
2789,0.436,8.372,0.008,8.816,11.555,16644,23067,0,36,33,33,1264944,33984,29,31,0
2790,0.460,7.316,0.016,7.793,8.912,16644,23067,0,36,33,33,1264944,33984,29,31,0
2791,0.451,0.946,0.008,1.406,7.913,16644,23067,0,36,33,33,1264944,33984,29,31,0
2792,0.451,0.240,0.011,0.702,1.494,16644,23067,0,36,33,33,1264944,33984,29,31,0
2793,0.426,0.194,0.007,0.627,0.783,16644,23067,0,36,33,33,1264944,33984,29,31,0
2794,0.453,1.136,0.007,1.596,0.710,16644,23067,0,36,33,33,1264944,33984,29,31,0
2795,0.447,0.333,0.008,0.788,1.692,16644,23067,0,36,33,33,1264944,33984,29,31,0
2796,0.458,0.208,0.009,0.674,0.878,16644,23067,0,36,33,33,1264944,33984,29,31,0
2797,0.430,3.197,0.007,3.634,0.759,16644,23067,0,36,33,33,1264944,33984,29,31,0
2798,0.437,14.272,0.011,14.720,3.731,16644,23067,0,36,33,33,1264944,33984,29,31,0
2799,0.471,7.435,0.007,7.914,14.812,16644,23067,0,36,33,33,1264944,33984,29,31,0
2800,0.449,0.908,0.008,1.366,8.010,16644,23067,0,36,33,33,1264944,33984,29,31,0
2801,0.431,0.402,0.005,0.837,1.464,16644,23067,0,36,33,33,1264944,33984,29,31,0
2802,0.430,0.205,0.008,0.643,0.917,16644,23067,0,36,33,33,1264944,33984,29,31,0
2803,0.437,0.635,0.007,1.079,0.730,16644,23067,0,36,33,33,1264944,33984,29,31,0
2804,0.447,0.227,0.007,0.681,1.166,16644,23067,0,36,33,33,1264944,33984,29,31,0
2805,0.443,0.202,0.006,0.651,0.770,16644,23067,0,36,33,33,1264944,33984,29,31,0
2806,0.448,0.658,0.010,1.116,0.737,16644,23067,0,36,33,33,1264944,33984,29,31,0
2807,0.435,3.076,0.008,3.519,1.203,16644,23067,0,36,33,33,1264944,33984,29,31,0
2808,0.429,14.693,0.007,15.129,3.609,16644,23067,0,36,33,33,1264944,33984,29,31,0
2809,0.483,7.212,0.007,7.701,15.228,16644,23067,0,36,33,33,1264944,33984,29,31,0
2810,0.449,0.880,0.010,1.338,7.797,16644,23067,0,36,33,33,1264944,33984,29,31,0
2811,0.452,0.228,0.009,0.689,1.423,16644,23067,0,36,33,33,1264944,33984,29,31,0
2812,0.436,0.196,0.010,0.642,0.769,16644,23067,0,36,33,33,1264944,33984,29,31,0
2813,0.448,0.668,0.008,1.124,0.725,16644,23067,0,36,33,33,1264944,33984,29,31,0
2814,0.457,0.572,0.009,1.037,1.233,16644,23067,0,36,33,33,1264944,33984,29,31,0
2815,0.432,10.752,0.010,11.194,1.126,16644,23067,0,36,33,33,1264944,33984,29,31,0
2816,0.443,8.403,0.009,8.855,11.296,16644,23067,0,36,33,33,1264944,33984,29,31,0
2817,0.461,7.342,0.008,7.811,8.946,16644,23067,0,36,33,33,1264944,33984,29,31,0
2818,0.441,0.921,0.017,1.378,7.909,16644,23067,0,36,33,33,1264944,33984,29,31,0
2819,0.448,0.245,0.010,0.703,1.464,16644,23067,0,36,33,33,1264944,33984,29,31,0
2820,0.432,0.192,0.011,0.635,0.789,16644,23067,0,36,33,33,1264944,33984,29,31,0
2821,0.421,0.735,0.009,1.166,0.714,16644,23067,0,36,33,33,1264944,33984,29,31,0
2822,0.460,1.810,0.008,2.279,1.253,16644,23067,0,36,33,33,1264944,33984,29,31,0
2823,0.476,0.587,0.007,1.070,2.369,16644,23067,0,36,33,33,1264944,33984,29,31,0
2824,0.455,3.798,0.010,4.263,1.166,16644,23067,0,36,33,33,1264944,33984,29,31,0
2825,0.453,12.701,0.008,13.162,4.352,16644,23067,0,36,33,33,1264944,33984,29,31,0
2826,0.450,7.448,0.010,7.907,13.250,16644,23067,0,36,33,33,1264944,33984,29,31,0
2827,0.456,1.353,0.006,1.815,8.006,16644,23067,0,36,33,33,1264944,33984,29,31,0
2828,0.425,0.199,0.012,0.636,1.940,16644,23067,0,36,33,33,1264944,33984,29,31,0
2829,0.446,0.647,0.009,1.102,0.727,16644,23067,0,36,33,33,1264944,33984,29,31,0
2830,0.432,0.662,0.007,1.101,1.187,16644,23067,0,36,33,33,1264944,33984,29,31,0
2831,0.448,10.850,0.008,11.306,1.191,16644,23067,0,36,33,33,1264944,33984,29,31,0
2832,0.429,8.472,0.010,8.911,11.404,16644,23067,0,36,33,33,1264944,33984,29,31,0
2833,0.433,7.279,0.006,7.718,9.006,16644,23067,0,36,33,33,1264944,33984,29,31,0
2834,0.424,1.030,0.008,1.463,7.808,16644,23067,0,36,33,33,1264944,33984,29,31,0
2835,0.442,0.223,0.009,0.674,1.553,16644,23067,0,36,33,33,1264944,33984,29,31,0
2836,0.437,0.206,0.010,0.653,0.755,16644,23067,0,36,33,33,1264944,33984,29,31,0
2837,0.438,1.073,0.026,1.538,0.741,16644,23067,0,36,33,33,1264944,33984,29,31,0
2838,0.478,0.321,0.008,0.807,1.627,16644,23067,0,36,33,33,1264944,33984,29,31,0
2839,0.464,1.947,0.009,2.419,0.895,16644,23067,0,36,33,33,1264944,33984,29,31,0
2840,0.428,2.878,0.007,3.313,2.516,16644,23067,0,36,33,33,1264944,33984,29,31,0
2841,0.433,12.978,0.010,13.421,3.414,16644,23067,0,36,33,33,1264944,33984,29,31,0
2842,0.467,7.728,0.007,8.202,13.513,16644,23067,0,36,33,33,1264944,33984,29,31,0
2843,0.492,0.930,0.005,1.427,8.306,16644,23067,0,36,33,33,1264944,33984,29,31,0
2844,0.474,0.275,0.009,0.758,1.527,16644,23067,0,36,33,33,1264944,33984,29,31,0
2845,0.476,0.256,0.007,0.739,0.855,16644,23067,0,36,33,33,1264944,33984,29,31,0
2846,0.446,0.339,0.007,0.792,0.829,16644,23067,0,36,33,33,1264944,33984,29,31,0
2847,0.454,0.847,0.008,1.309,0.886,16644,23067,0,36,33,33,1264944,33984,29,31,0
2848,0.449,2.888,0.009,3.346,1.399,16644,23067,0,36,33,33,1264944,33984,29,31,0
2849,0.437,15.611,0.006,16.054,3.442,16644,23067,0,36,33,33,1264944,33984,29,31,0
2850,0.466,7.774,0.015,8.255,16.158,16644,23067,0,36,33,33,1264944,33984,29,31,0
2851,0.485,0.891,0.009,1.386,8.358,16644,23067,0,36,33,33,1264944,33984,29,31,0
2852,0.464,0.244,0.012,0.719,1.479,16644,23067,0,36,33,33,1264944,33984,29,31,0
2853,0.450,0.197,0.014,0.661,0.805,16644,23067,0,36,33,33,1264944,33984,29,31,0
2854,0.419,0.524,0.010,0.953,0.741,16644,23067,0,36,33,33,1264944,33984,29,31,0
2855,0.454,1.529,0.008,1.991,1.039,16644,23067,0,36,33,33,1264944,33984,29,31,0
2856,0.469,1.042,0.008,1.520,2.088,16644,23067,0,36,33,33,1264944,33984,29,31,0
2857,0.440,2.881,0.009,3.329,1.619,16644,23067,0,36,33,33,1264944,33984,29,31,0
2858,0.465,13.630,0.008,14.102,3.437,16644,23067,0,36,33,33,1264944,33984,29,31,0
2859,0.493,7.010,0.010,7.512,14.216,16644,23067,0,36,33,33,1264944,33984,29,31,0
2860,0.480,0.647,0.007,1.135,7.616,16644,23067,0,36,33,33,1264944,33984,29,31,0
2861,0.456,0.272,0.008,0.737,1.219,16644,23067,0,36,33,33,1264944,33984,29,31,0
2862,0.441,0.251,0.006,0.698,0.838,16644,23067,0,36,33,33,1264944,33984,29,31,0
2863,0.523,0.315,0.011,0.850,2.807,16644,23067,0,36,33,33,1264944,33984,29,31,0
2864,0.530,0.236,0.009,0.775,0.961,16644,23067,0,36,33,33,1264944,33984,29,31,0
2865,0.550,1.291,0.006,1.847,0.886,16644,23067,0,36,33,33,1264944,33984,29,31,0
2866,0.434,3.269,0.007,3.711,1.947,16644,23067,0,36,33,33,1264944,33984,29,31,0
2867,0.437,12.174,0.009,12.621,3.875,16644,23067,0,36,33,33,1264944,33984,29,31,0
2868,0.451,7.434,0.009,7.894,12.726,16644,23067,0,36,33,33,1264944,33984,29,31,0
2869,0.452,0.776,0.006,1.234,7.994,16644,23067,0,36,33,33,1264944,33984,29,31,0
2870,0.454,0.315,0.008,0.777,1.344,16644,23067,0,36,33,33,1264944,33984,29,31,0
2871,0.436,0.209,0.009,0.654,0.868,16644,23067,0,36,33,33,1264944,33984,29,31,0
2872,0.463,0.454,0.012,0.928,0.752,16644,23067,0,36,33,33,1264944,33984,29,31,0
2873,0.473,2.993,0.008,3.474,1.033,16644,23067,0,36,33,33,1264944,33984,29,31,0
2874,0.434,17.121,0.008,17.563,3.582,16644,23067,0,36,33,33,1264944,33984,29,31,0
2875,0.484,7.414,0.006,7.905,17.665,16644,23067,0,36,33,33,1264944,33984,29,31,0
2876,0.448,0.655,0.013,1.116,8.009,16644,23067,0,36,33,33,1264944,33984,29,31,0
2877,0.475,0.248,0.011,0.734,1.216,16644,23067,0,36,33,33,1264944,33984,29,31,0
2878,0.441,0.210,0.012,0.663,0.821,16644,23067,0,36,33,33,1264944,33984,29,31,0
2879,0.460,0.637,0.009,1.106,0.760,16644,23067,0,36,33,33,1264944,33984,29,31,0
2880,0.439,0.532,0.008,0.979,1.200,16644,23067,0,36,33,33,1264944,33984,29,31,0
2881,0.437,11.291,0.007,11.734,1.076,16644,23067,0,36,33,33,1264944,33984,29,31,0
2882,0.438,7.727,0.006,8.171,11.827,16644,23067,0,36,33,33,1264944,33984,29,31,0
2883,0.455,7.434,0.008,7.897,8.271,16644,23067,0,36,33,33,1264944,33984,29,31,0
2884,0.464,0.790,0.008,1.263,8.006,16644,23067,0,36,33,33,1264944,33984,29,31,0
2885,0.451,0.242,0.007,0.700,1.364,16644,23067,0,36,33,33,1264944,33984,29,31,0
2886,0.445,0.214,0.014,0.673,0.782,16644,23067,0,36,33,33,1264944,33984,29,31,0
2887,0.439,0.439,0.009,0.886,0.769,16644,23067,0,36,33,33,1264944,33984,29,31,0
2888,0.480,1.068,0.009,1.557,0.980,16644,23067,0,36,33,33,1264944,33984,29,31,0
2889,0.432,10.910,0.005,11.347,1.660,16644,23067,0,36,33,33,1264944,33984,29,31,0
2890,0.439,8.400,0.005,8.844,11.443,16644,23067,0,36,33,33,1264944,33984,29,31,0
2891,0.521,6.939,0.005,7.466,8.941,16644,23067,0,36,33,33,1264944,33984,29,31,0
2892,0.456,0.624,0.008,1.088,7.556,16644,23067,0,36,33,33,1264944,33984,29,31,0
2893,0.456,0.257,0.007,0.720,1.177,16644,23067,0,36,33,33,1264944,33984,29,31,0
2894,0.440,0.219,0.008,0.667,0.810,16644,23067,0,36,33,33,1264944,33984,29,31,0
2895,0.539,0.279,0.009,0.827,0.756,16644,23067,0,36,33,33,1264944,33984,29,31,0
2896,0.447,2.310,0.007,2.765,0.912,16644,23067,0,36,33,33,1264944,33984,29,31,0
2897,0.476,1.115,0.007,1.598,2.876,16644,23067,0,36,33,33,1264944,33984,29,31,0
2898,0.426,2.829,0.006,3.261,1.704,16644,23067,0,36,33,33,1264944,33984,29,31,0
2899,0.440,13.582,0.007,14.028,3.357,16644,23067,0,36,33,33,1264944,33984,29,31,0
2900,0.473,7.006,0.010,7.488,14.125,16644,23067,0,36,33,33,1264944,33984,29,31,0
2901,0.453,0.646,0.010,1.109,7.592,16644,23067,0,36,33,33,1264944,33984,29,31,0
2902,0.471,0.264,0.007,0.742,1.206,16644,23067,0,36,33,33,1264944,33984,29,31,0
2903,0.418,0.222,0.009,0.649,0.840,16644,23067,0,36,33,33,1264944,33984,29,31,0
2904,0.475,0.547,0.010,1.032,0.743,16644,23067,0,36,33,33,1264944,33984,29,31,0
2905,0.480,2.028,0.006,2.514,1.121,16644,23067,0,36,33,33,1264944,33984,29,31,0
2906,0.472,1.248,0.006,1.726,2.616,16644,23067,0,36,33,33,1264944,33984,29,31,0
2907,0.436,2.666,0.007,3.109,1.822,16644,23067,0,36,33,33,1264944,33984,29,31,0
2908,0.473,13.746,0.007,14.226,3.206,16644,23067,0,36,33,33,1264944,33984,29,31,0
2909,0.444,7.169,0.005,7.618,14.325,16644,23067,0,36,33,33,1264944,33984,29,31,0
2910,0.445,0.812,0.007,1.264,7.724,16644,23067,0,36,33,33,1264944,33984,29,31,0
2911,0.445,0.230,0.007,0.681,1.360,16644,23067,0,36,33,33,1264944,33984,29,31,0
2912,0.443,0.218,0.012,0.673,0.774,16644,23067,0,36,33,33,1264944,33984,29,31,0
2913,0.443,0.385,0.009,0.836,0.794,16644,23067,0,36,33,33,1264944,33984,29,31,0
2914,0.434,2.629,0.008,3.072,0.934,16644,23067,0,36,33,33,1264944,33984,29,31,0
2915,0.440,17.531,0.010,17.981,3.184,16644,23067,0,36,33,33,1264944,33984,29,31,0
2916,0.473,7.355,0.005,7.834,18.075,16644,23067,0,36,33,33,1264944,33984,29,31,0
2917,0.447,0.591,0.008,1.046,7.933,16644,23067,0,36,33,33,1264944,33984,29,31,0
2918,0.447,0.239,0.007,0.693,1.140,16644,23067,0,36,33,33,1264944,33984,29,31,0
2919,0.453,0.284,0.007,0.744,0.780,16644,23067,0,36,33,33,1264944,33984,29,31,0
2920,0.752,0.301,0.004,1.058,0.829,16644,23067,0,36,33,33,1264944,33984,29,31,0
2921,0.436,3.886,0.005,4.327,1.155,16644,23067,0,36,33,33,1264944,33984,29,31,0
2922,0.477,16.898,0.005,17.380,4.419,16644,23067,0,36,33,33,1264944,33984,29,31,0
2923,0.728,7.040,0.005,7.773,17.476,16644,23067,0,36,33,33,1264944,33984,29,31,0
2924,0.763,0.524,0.007,1.294,7.867,16644,23067,0,36,33,33,1264944,33984,29,31,0
2925,0.456,0.233,0.007,0.696,1.390,16644,23067,0,36,33,33,1264944,33984,29,31,0
2926,0.462,0.219,0.009,0.690,0.790,16644,23067,0,36,33,33,1264944,33984,29,31,0
2927,0.427,0.395,0.005,0.828,0.784,16644,23067,0,36,33,33,1264944,33984,29,31,0
2928,0.483,0.564,0.007,1.054,0.922,16644,23067,0,36,33,33,1264944,33984,29,31,0
2929,0.429,10.917,0.007,11.354,1.158,16644,23067,0,36,33,33,1264944,33984,29,31,0
2930,0.724,8.148,0.007,8.879,11.447,16644,23067,0,36,33,33,1264944,33984,29,31,0
2931,0.499,7.237,0.008,7.744,8.978,16644,23067,0,36,33,33,1264944,33984,29,31,0
2932,0.448,1.108,0.007,1.562,7.832,16644,23067,0,36,33,33,1264944,33984,29,31,0
2933,0.418,0.226,0.010,0.654,1.673,16644,23067,0,36,33,33,1264944,33984,29,31,0
2934,0.458,0.359,0.011,0.828,0.753,16644,23067,0,36,33,33,1264944,33984,29,31,0
2935,0.423,2.737,0.006,3.167,0.926,16644,23067,0,36,33,33,1264944,33984,29,31,0
2936,0.470,17.877,0.007,18.353,3.273,16644,23067,0,36,33,33,1264944,33984,29,31,0
2937,0.471,7.378,0.005,7.854,18.447,16644,23067,0,36,33,33,1264944,33984,29,31,0
2938,0.445,0.623,0.008,1.075,7.954,16644,23067,0,36,33,33,1264944,33984,29,31,0
2939,0.457,0.245,0.011,0.713,1.170,16644,23067,0,36,33,33,1264944,33984,29,31,0
2940,0.442,0.210,0.010,0.663,0.812,16644,23067,0,36,33,33,1264944,33984,29,31,0
2941,0.452,0.820,0.006,1.278,0.740,16644,23067,0,36,33,33,1264944,33984,29,31,0
2942,0.450,0.679,0.009,1.138,1.369,16644,23067,0,36,33,33,1264944,33984,29,31,0
2943,0.438,11.096,0.008,11.542,1.244,16644,23067,0,36,33,33,1264944,33984,29,31,0
2944,0.463,7.795,0.007,8.265,11.646,16644,23067,0,36,33,33,1264944,33984,29,31,0
2945,0.464,7.240,0.007,7.711,8.359,16644,23067,0,36,33,33,1264944,33984,29,31,0
2946,0.450,0.849,0.006,1.305,7.809,16644,23067,0,36,33,33,1264944,33984,29,31,0
2947,0.441,0.250,0.007,0.698,1.392,16644,23067,0,36,33,33,1264944,33984,29,31,0
2948,0.440,0.231,0.009,0.680,0.792,16644,23067,0,36,33,33,1264944,33984,29,31,0
2949,0.457,0.469,0.007,0.933,0.778,16644,23067,0,36,33,33,1264944,33984,29,31,0
2950,0.467,0.760,0.006,1.233,1.027,16644,23067,0,36,33,33,1264944,33984,29,31,0
2951,0.485,11.031,0.008,11.524,1.323,16644,23067,0,36,33,33,1264944,33984,29,31,0
2952,0.464,7.883,0.007,8.353,11.623,16644,23067,0,36,33,33,1264944,33984,29,31,0
2953,0.474,8.059,0.009,8.542,8.454,16644,23067,0,36,33,33,1264944,33984,29,31,0
2954,0.466,1.614,0.006,2.086,8.644,16644,23067,0,36,33,33,1264944,33984,29,31,0
2955,0.455,0.222,0.007,0.685,2.185,16644,23067,0,36,33,33,1264944,33984,29,31,0
2956,0.438,0.523,0.017,0.978,0.768,16644,23067,0,36,33,33,1264944,33984,29,31,0
2957,0.460,2.860,0.008,3.328,1.074,16644,23067,0,36,33,33,1264944,33984,29,31,0
2958,0.452,17.254,0.006,17.712,3.429,16644,23067,0,36,33,33,1264944,33984,29,31,0
2959,0.488,7.306,0.010,7.805,17.809,16644,23067,0,36,33,33,1264944,33984,29,31,0
2960,0.463,0.611,0.009,1.083,7.907,16644,23067,0,36,33,33,1264944,33984,29,31,0
2961,0.441,0.254,0.009,0.704,1.182,16644,23067,0,36,33,33,1264944,33984,29,31,0
2962,0.435,0.233,0.010,0.678,0.796,16644,23067,0,36,33,33,1264944,33984,29,31,0
2963,0.501,0.530,0.007,1.037,0.785,16644,23067,0,36,33,33,1264944,33984,29,31,0
2964,0.455,2.547,0.007,3.008,1.141,16644,23067,0,36,33,33,1264944,33984,29,31,0
2965,0.454,17.533,0.008,17.995,3.128,16644,23067,0,36,33,33,1264944,33984,29,31,0
2966,0.488,7.267,0.006,7.760,18.093,16644,23067,0,36,33,33,1264944,33984,29,31,0
2967,0.423,0.939,0.020,1.382,7.858,16644,23067,0,36,33,33,1264944,33984,29,31,0
2968,0.440,0.462,0.007,0.909,1.473,16644,23067,0,36,33,33,1264944,33984,29,31,0
2969,0.454,0.244,0.012,0.711,0.999,16644,23067,0,36,33,33,1264944,33984,29,31,0
2970,0.435,0.647,0.008,1.090,0.812,16644,23067,0,36,33,33,1264944,33984,29,31,0
2971,0.451,2.936,0.009,3.395,1.199,16644,23067,0,36,33,33,1264944,33984,29,31,0
2972,0.444,17.452,0.006,17.902,3.503,16644,23067,0,36,33,33,1264944,33984,29,31,0
2973,0.428,7.107,0.009,7.543,18.000,16644,23067,0,36,33,33,1264944,33984,29,31,0
2974,0.462,8.316,0.007,8.786,7.651,16644,23067,0,36,33,33,1264944,33984,29,31,0
2975,0.451,7.413,0.009,7.874,8.881,16644,23067,0,36,33,33,1264944,33984,29,31,0
2976,0.474,7.968,0.006,8.448,7.966,16644,23067,0,36,33,33,1264944,33984,29,31,0
2977,0.480,7.190,0.008,7.677,8.545,16644,23067,0,36,33,33,1264944,33984,29,31,0
2978,0.481,0.658,0.005,1.144,7.770,16644,23067,0,36,33,33,1264944,33984,29,31,0
2979,0.460,0.245,0.008,0.714,1.239,16644,23067,0,36,33,33,1264944,33984,29,31,0
2980,0.465,0.214,0.009,0.688,0.804,16644,23067,0,36,33,33,1264944,33984,29,31,0
2981,0.432,0.474,0.008,0.914,0.804,16644,23067,0,36,33,33,1264944,33984,29,31,0
2982,0.440,0.536,0.007,0.983,1.013,16644,23067,0,36,33,33,1264944,33984,29,31,0
2983,0.462,0.244,0.018,0.724,1.081,16644,23067,0,36,33,33,1264944,33984,29,31,0
2984,0.458,0.211,0.009,0.678,0.818,16644,23067,0,36,33,33,1264944,33984,29,31,0
2985,0.450,3.217,0.007,3.674,0.772,16644,23067,0,36,33,33,1264944,33984,29,31,0
2986,0.434,14.504,0.006,14.944,3.769,16644,23067,0,36,33,33,1264944,33984,29,31,0
2987,0.445,7.412,0.005,7.862,15.038,16644,23067,0,36,33,33,1264944,33984,29,31,0
2988,0.466,0.678,0.007,1.151,7.960,16644,23067,0,36,33,33,1264944,33984,29,31,0
2989,0.447,0.290,0.008,0.745,1.301,16644,23067,0,36,33,33,1264944,33984,29,31,0
2990,0.454,0.206,0.007,0.666,0.845,16644,23067,0,36,33,33,1264944,33984,29,31,0
2991,0.459,0.638,0.010,1.108,0.754,16644,23067,0,36,33,33,1264944,33984,29,31,0
2992,0.441,2.777,0.008,3.226,1.216,16644,23067,0,36,33,33,1264944,33984,29,31,0
2993,0.454,17.350,0.011,17.815,3.330,16644,23067,0,36,33,33,1264944,33984,29,31,0
2994,0.476,7.354,0.009,7.839,17.910,16644,23067,0,36,33,33,1264944,33984,29,31,0
2995,0.458,0.640,0.007,1.105,7.933,16644,23067,0,36,33,33,1264944,33984,29,31,0
2996,0.471,0.244,0.008,0.723,1.204,16644,23067,0,36,33,33,1264944,33984,29,31,0
2997,0.438,0.209,0.007,0.654,0.818,16644,23067,0,36,33,33,1264944,33984,29,31,0
2998,0.459,0.525,0.013,0.997,0.753,16644,23067,0,36,33,33,1264944,33984,29,31,0
2999,0.468,0.800,0.027,1.295,1.088,16644,23067,0,36,33,33,1264944,33984,29,31,0
3000,0.579,0.255,0.013,0.847,1.410,16644,23067,0,36,33,33,1264944,33984,29,31,0
3001,0.463,1.860,0.009,2.333,0.941,16644,23067,0,36,33,33,1264944,33984,29,31,0
3002,0.416,3.137,0.009,3.562,2.443,16644,23067,0,36,33,33,1264944,33984,29,31,0
3003,0.457,12.552,0.007,13.016,3.671,16644,23067,0,36,33,33,1264944,33984,29,31,0
3004,0.490,7.054,0.006,7.550,13.118,16644,23067,0,36,33,33,1264944,33984,29,31,0
3005,0.447,0.922,0.007,1.376,7.652,16644,23067,0,36,33,33,1264944,33984,29,31,0
3006,0.443,0.463,0.008,0.914,1.485,16644,23067,0,36,33,33,1264944,33984,29,31,0
3007,0.466,0.215,0.008,0.690,1.007,16644,23067,0,36,33,33,1264944,33984,29,31,0
3008,0.439,0.534,0.009,0.982,0.787,16644,23067,0,36,33,33,1264944,33984,29,31,0
3009,0.506,0.931,0.009,1.446,1.080,16644,23067,0,36,33,33,1264944,33984,29,31,0
3010,0.419,3.089,0.007,3.515,1.558,16644,23067,0,36,33,33,1264944,33984,29,31,0
3011,0.446,15.473,0.008,15.927,3.615,16644,23067,0,36,33,33,1264944,33984,29,31,0
3012,0.465,7.406,0.005,7.877,16.020,16644,23067,0,36,33,33,1264944,33984,29,31,0
3013,0.436,0.671,0.010,1.118,7.977,16644,23067,0,36,33,33,1264944,33984,29,31,0
3014,0.451,0.251,0.025,0.728,1.219,16644,23067,0,36,33,33,1264944,33984,29,31,0
3015,0.430,0.228,0.009,0.668,0.820,16644,23067,0,36,33,33,1264944,33984,29,31,0
3016,0.434,0.336,0.016,0.786,0.752,16644,23067,0,36,33,33,1264944,33984,29,31,0
3017,0.457,1.331,0.013,1.801,0.885,16644,23067,0,36,33,33,1264944,33984,29,31,0
3018,0.454,2.358,0.007,2.819,1.901,16644,23067,0,36,33,33,1264944,33984,29,31,0
3019,0.440,2.962,0.005,3.407,2.916,16644,23067,0,36,33,33,1264944,33984,29,31,0
3020,0.441,12.809,0.008,13.258,3.505,16644,23067,0,36,33,33,1264944,33984,29,31,0
3021,0.463,7.408,0.011,7.882,13.352,16644,23067,0,36,33,33,1264944,33984,29,31,0
3022,0.760,0.310,0.007,1.077,7.983,16644,23067,0,36,33,33,1264944,33984,29,31,0
3023,0.445,0.260,0.008,0.712,1.168,16644,23067,0,36,33,33,1264944,33984,29,31,0
3024,0.423,0.207,0.013,0.643,0.803,16644,23067,0,36,33,33,1264944,33984,29,31,0
3025,0.470,0.594,0.010,1.073,0.725,16644,23067,0,36,33,33,1264944,33984,29,31,0
3026,0.488,2.093,0.009,2.590,1.161,16644,23067,0,36,33,33,1264944,33984,29,31,0
3027,0.448,1.609,0.006,2.063,2.688,16644,23067,0,36,33,33,1264944,33984,29,31,0
3028,0.767,2.547,0.006,3.320,2.167,16644,23067,0,36,33,33,1264944,33984,29,31,0
3029,0.447,12.660,0.006,13.113,3.416,16644,23067,0,36,33,33,1264944,33984,29,31,0
3030,0.480,7.558,0.008,8.046,13.204,16644,23067,0,36,33,33,1264944,33984,29,31,0
3031,0.456,0.854,0.008,1.318,8.140,16644,23067,0,36,33,33,1264944,33984,29,31,0
3032,0.431,0.252,0.006,0.689,1.405,16644,23067,0,36,33,33,1264944,33984,29,31,0
3033,0.429,0.222,0.009,0.660,0.796,16644,23067,0,36,33,33,1264944,33984,29,31,0
3034,0.450,0.465,0.007,0.922,0.739,16644,23067,0,36,33,33,1264944,33984,29,31,0
3035,0.452,2.599,0.010,3.061,1.006,16644,23067,0,36,33,33,1264944,33984,29,31,0
3036,0.437,17.675,0.007,18.119,3.172,16644,23067,0,36,33,33,1264944,33984,29,31,0
3037,0.450,7.530,0.006,7.985,18.219,16644,23067,0,36,33,33,1264944,33984,29,31,0
3038,0.480,0.644,0.005,1.130,8.096,16644,23067,0,36,33,33,1264944,33984,29,31,0
3039,0.453,0.257,0.007,0.717,1.224,16644,23067,0,36,33,33,1264944,33984,29,31,0
3040,0.433,0.220,0.009,0.662,0.806,16644,23067,0,36,33,33,1264944,33984,29,31,0
3041,0.440,0.431,0.009,0.880,0.762,16644,23067,0,36,33,33,1264944,33984,29,31,0
3042,0.446,2.376,0.006,2.828,0.970,16644,23067,0,36,33,33,1264944,33984,29,31,0
3043,0.447,0.693,0.007,1.147,2.937,16644,23067,0,36,33,33,1264944,33984,29,31,0
3044,0.433,2.815,0.008,3.255,1.249,16644,23067,0,36,33,33,1264944,33984,29,31,0
3045,0.438,13.313,0.007,13.758,3.376,16644,23067,0,36,33,33,1264944,33984,29,31,0
3046,0.449,7.656,0.007,8.111,13.858,16644,23067,0,36,33,33,1264944,33984,29,31,0
3047,0.460,0.860,0.007,1.327,8.216,16644,23067,0,36,33,33,1264944,33984,29,31,0
3048,0.424,0.234,0.009,0.666,1.426,16644,23067,0,36,33,33,1264944,33984,29,31,0
3049,0.467,0.221,0.006,0.694,0.771,16644,23067,0,36,33,33,1264944,33984,29,31,0
3050,0.471,0.554,0.009,1.034,0.786,16644,23067,0,36,33,33,1264944,33984,29,31,0
3051,0.450,0.247,0.008,0.705,1.131,16644,23067,0,36,33,33,1264944,33984,29,31,0
3052,0.425,0.203,0.008,0.635,0.803,16644,23067,0,36,33,33,1264944,33984,29,31,0
3053,0.438,3.340,0.008,3.787,0.729,16644,23067,0,36,33,33,1264944,33984,29,31,0
3054,0.449,15.417,0.008,15.874,3.898,16644,23067,0,36,33,33,1264944,33984,29,31,0
3055,0.488,6.938,0.006,7.431,15.970,16644,23067,0,36,33,33,1264944,33984,29,31,0
3056,0.458,1.137,0.008,1.603,7.536,16644,23067,0,36,33,33,1264944,33984,29,31,0
3057,0.443,0.230,0.007,0.680,1.711,16644,23067,0,36,33,33,1264944,33984,29,31,0
3058,0.445,0.280,0.010,0.735,0.772,16644,23067,0,36,33,33,1264944,33984,29,31,0
3059,0.468,0.608,0.011,1.087,0.829,16644,23067,0,36,33,33,1264944,33984,29,31,0
3060,0.466,0.706,0.009,1.181,1.192,16644,23067,0,36,33,33,1264944,33984,29,31,0
3061,0.443,10.728,0.005,11.176,1.286,16644,23067,0,36,33,33,1264944,33984,29,31,0
3062,0.471,8.138,0.006,8.615,11.267,16644,23067,0,36,33,33,1264944,33984,29,31,0
3063,0.482,7.321,0.008,7.811,8.714,16644,23067,0,36,33,33,1264944,33984,29,31,0
3064,0.469,0.903,0.009,1.381,7.921,16644,23067,0,36,33,33,1264944,33984,29,31,0
3065,0.440,0.278,0.008,0.726,1.481,16644,23067,0,36,33,33,1264944,33984,29,31,0
3066,0.453,0.209,0.007,0.669,0.818,16644,23067,0,36,33,33,1264944,33984,29,31,0
3067,0.416,0.669,0.006,1.091,0.757,16644,23067,0,36,33,33,1264944,33984,29,31,0
3068,0.450,0.521,0.008,0.979,1.180,16644,23067,0,36,33,33,1264944,33984,29,31,0
3069,0.432,3.102,0.008,3.542,1.075,16644,23067,0,36,33,33,1264944,33984,29,31,0
3070,0.455,15.954,0.008,16.417,3.654,16644,23067,0,36,33,33,1264944,33984,29,31,0
3071,0.453,7.205,0.010,7.667,16.570,16644,23067,0,36,33,33,1264944,33984,29,31,0
3072,0.467,0.847,0.007,1.321,7.782,16644,23067,0,36,33,33,1264944,33984,29,31,0
3073,0.447,0.247,0.007,0.702,1.409,16644,23067,0,36,33,33,1264944,33984,29,31,0
3074,0.444,0.210,0.008,0.662,0.793,16644,23067,0,36,33,33,1264944,33984,29,31,0
3075,0.440,0.558,0.011,1.009,0.751,16644,23067,0,36,33,33,1264944,33984,29,31,0
3076,0.447,0.689,0.010,1.146,1.099,16644,23067,0,36,33,33,1264944,33984,29,31,0
3077,0.408,3.701,0.005,4.115,1.251,16644,23067,0,36,33,33,1264944,33984,29,31,0
3078,0.446,15.351,0.006,15.802,4.220,16644,23067,0,36,33,33,1264944,33984,29,31,0
3079,0.492,7.309,0.006,7.806,15.899,16644,23067,0,36,33,33,1264944,33984,29,31,0
3080,0.477,1.238,0.009,1.724,7.904,16644,23067,0,36,33,33,1264944,33984,29,31,0
3081,0.454,0.215,0.012,0.680,1.829,16644,23067,0,36,33,33,1264944,33984,29,31,0
3082,0.423,0.292,0.008,0.722,0.773,16644,23067,0,36,33,33,1264944,33984,29,31,0
3083,0.425,0.615,0.009,1.049,0.815,16644,23067,0,36,33,33,1264944,33984,29,31,0
3084,0.472,1.776,0.009,2.257,1.136,16644,23067,0,36,33,33,1264944,33984,29,31,0
3085,0.462,0.359,0.009,0.829,2.374,16644,23067,0,36,33,33,1264944,33984,29,31,0
3086,0.426,3.392,0.007,3.825,0.924,16644,23067,0,36,33,33,1264944,33984,29,31,0
3087,0.438,12.647,0.006,13.091,3.932,16644,23067,0,36,33,33,1264944,33984,29,31,0
3088,0.453,7.758,0.009,8.221,13.189,16644,23067,0,36,33,33,1264944,33984,29,31,0
3089,0.449,0.924,0.036,1.409,8.326,16644,23067,0,36,33,33,1264944,33984,29,31,0
3090,0.465,0.243,0.007,0.716,1.507,16644,23067,0,36,33,33,1264944,33984,29,31,0
3091,0.449,0.207,0.007,0.663,0.812,16644,23067,0,36,33,33,1264944,33984,29,31,0
3092,0.418,0.636,0.009,1.063,0.750,16644,23067,0,36,33,33,1264944,33984,29,31,0
3093,0.463,2.556,0.008,3.026,1.163,16644,23067,0,36,33,33,1264944,33984,29,31,0
3094,0.467,17.115,0.007,17.590,3.130,16644,23067,0,36,33,33,1264944,33984,29,31,0
3095,0.485,7.826,0.007,8.318,17.687,16644,23067,0,36,33,33,1264944,33984,29,31,0
3096,0.464,0.892,0.019,1.375,8.422,16644,23067,0,36,33,33,1264944,33984,29,31,0
3097,0.451,0.250,0.011,0.713,1.466,16644,23067,0,36,33,33,1264944,33984,29,31,0
3098,0.425,0.223,0.009,0.657,0.804,16644,23067,0,36,33,33,1264944,33984,29,31,0
3099,0.413,0.451,0.010,0.874,0.746,16644,23067,0,36,33,33,1264944,33984,29,31,0
3100,0.551,1.902,0.013,2.465,0.979,16644,23067,0,36,33,33,1264944,33984,29,31,0
3101,0.449,0.664,0.009,1.122,2.563,16644,23067,0,36,33,33,1264944,33984,29,31,0
3102,0.433,3.726,0.006,4.165,1.222,16644,23067,0,36,33,33,1264944,33984,29,31,0
3103,0.481,12.623,0.007,13.111,4.278,16644,23067,0,36,33,33,1264944,33984,29,31,0
3104,0.469,7.303,0.023,7.796,13.202,16644,23067,0,36,33,33,1264944,33984,29,31,0
3105,0.456,1.063,0.006,1.525,7.897,16644,23067,0,36,33,33,1264944,33984,29,31,0
3106,0.442,0.474,0.008,0.924,1.629,16644,23067,0,36,33,33,1264944,33984,29,31,0
3107,0.467,0.215,0.009,0.690,1.014,16644,23067,0,36,33,33,1264944,33984,29,31,0
3108,0.418,0.585,0.009,1.012,0.786,16644,23067,0,36,33,33,1264944,33984,29,31,0
3109,0.436,3.371,0.006,3.812,1.114,16644,23067,0,36,33,33,1264944,33984,29,31,0
3110,0.447,16.089,0.008,16.543,3.923,16644,23067,0,36,33,33,1264944,33984,29,31,0
3111,0.507,7.144,0.005,7.656,16.639,16644,23067,0,36,33,33,1264944,33984,29,31,0
3112,0.479,0.596,0.007,1.082,7.748,16644,23067,0,36,33,33,1264944,33984,29,31,0
3113,0.455,0.264,0.009,0.728,1.166,16644,23067,0,36,33,33,1264944,33984,29,31,0
3114,0.445,0.246,0.010,0.701,0.818,16644,23067,0,36,33,33,1264944,33984,29,31,0
3115,0.440,0.328,0.009,0.777,0.785,16644,23067,0,36,33,33,1264944,33984,29,31,0
3116,0.473,2.051,0.008,2.531,0.864,16644,23067,0,36,33,33,1264944,33984,29,31,0
3117,0.447,1.654,0.006,2.107,2.639,16644,23067,0,36,33,33,1264944,33984,29,31,0
3118,0.427,2.602,0.007,3.036,2.218,16644,23067,0,36,33,33,1264944,33984,29,31,0
3119,0.434,13.882,0.005,14.322,3.126,16644,23067,0,36,33,33,1264944,33984,29,31,0
3120,0.481,7.230,0.007,7.718,14.418,16644,23067,0,36,33,33,1264944,33984,29,31,0
3121,0.463,0.877,0.010,1.350,7.839,16644,23067,0,36,33,33,1264944,33984,29,31,0
3122,0.458,0.256,0.007,0.720,1.444,16644,23067,0,36,33,33,1264944,33984,29,31,0
3123,0.462,0.234,0.009,0.705,0.823,16644,23067,0,36,33,33,1264944,33984,29,31,0
3124,0.418,0.295,0.010,0.722,0.798,16644,23067,0,36,33,33,1264944,33984,29,31,0
3125,0.459,0.878,0.006,1.343,0.820,16644,23067,0,36,33,33,1264944,33984,29,31,0
3126,0.418,10.683,0.009,11.109,1.450,16644,23067,0,36,33,33,1264944,33984,29,31,0
3127,0.481,8.265,0.008,8.754,11.219,16644,23067,0,36,33,33,1264944,33984,29,31,0
3128,0.487,7.304,0.008,7.799,8.845,16644,23067,0,36,33,33,1264944,33984,29,31,0
3129,0.470,0.893,0.007,1.370,7.897,16644,23067,0,36,33,33,1264944,33984,29,31,0
3130,0.463,0.270,0.006,0.739,1.466,16644,23067,0,36,33,33,1264944,33984,29,31,0
3131,0.565,0.206,0.005,0.777,0.830,16644,23067,0,36,33,33,1264944,33984,29,31,0
3132,0.537,0.523,0.007,1.067,0.873,16644,23067,0,36,33,33,1264944,33984,29,31,0
3133,0.465,1.062,0.008,1.535,1.166,16644,23067,0,36,33,33,1264944,33984,29,31,0
3134,0.446,0.374,0.006,0.825,5.173,16644,23067,0,36,33,33,1264944,33984,29,31,0
3135,0.454,14.184,0.007,14.646,0.921,16644,23067,0,36,33,33,1264944,33984,29,31,0
3136,0.758,7.117,0.006,7.881,14.772,16644,23067,0,36,33,33,1264944,33984,29,31,0
3137,0.450,0.678,0.010,1.138,7.988,16644,23067,0,36,33,33,1264944,33984,29,31,0
3138,0.711,0.249,0.006,0.966,1.232,16644,23067,0,36,33,33,1264944,33984,29,31,0
3139,0.465,0.405,0.008,0.878,1.075,16644,23067,0,36,33,33,1264944,33984,29,31,0
3140,0.444,0.221,0.010,0.676,0.971,16644,23067,0,36,33,33,1264944,33984,29,31,0
3141,0.469,0.645,0.010,1.125,0.768,16644,23067,0,36,33,33,1264944,33984,29,31,0
3142,0.464,3.613,0.006,4.084,1.256,16644,23067,0,36,33,33,1264944,33984,29,31,0
3143,0.734,14.591,0.008,15.333,4.198,16644,23067,0,36,33,33,1264944,33984,29,31,0
3144,0.737,7.934,0.008,8.680,15.488,16644,23067,0,36,33,33,1264944,33984,29,31,0
3145,0.453,1.066,0.007,1.527,8.815,16644,23067,0,36,33,33,1264944,33984,29,31,0
3146,0.542,0.221,0.010,0.773,1.679,16644,23067,0,36,33,33,1264944,33984,29,31,0
3147,0.479,0.388,0.007,0.874,0.922,16644,23067,0,36,33,33,1264944,33984,29,31,0
3148,0.447,0.777,0.009,1.233,1.028,16644,23067,0,36,33,33,1264944,33984,29,31,0
3149,0.432,0.203,0.011,0.646,1.400,16644,23067,0,36,33,33,1264944,33984,29,31,0
3150,0.438,10.156,0.006,10.599,0.795,16644,23067,0,36,33,33,1264944,33984,29,31,0
3151,0.467,8.272,0.006,8.745,10.747,16644,23067,0,36,33,33,1264944,33984,29,31,0
3152,0.649,7.040,0.009,7.697,8.892,16644,23067,0,36,33,33,1264944,33984,29,31,0
3153,0.476,0.973,0.012,1.461,7.873,16644,23067,0,36,33,33,1264944,33984,29,31,0
3154,0.438,0.216,0.006,0.660,1.605,16644,23067,0,36,33,33,1264944,33984,29,31,0
3155,0.426,0.583,0.010,1.019,0.810,16644,23067,0,36,33,33,1264944,33984,29,31,0
3156,0.426,0.260,0.006,0.692,1.170,16644,23067,0,36,33,33,1264944,33984,29,31,0
3157,0.442,0.222,0.009,0.673,0.819,16644,23067,0,36,33,33,1264944,33984,29,31,0
3158,0.419,4.612,0.005,5.036,0.825,16644,23067,0,36,33,33,1264944,33984,29,31,0
3159,0.447,14.163,0.009,14.619,5.191,16644,23067,0,36,33,33,1264944,33984,29,31,0
3160,0.470,7.078,0.009,7.556,14.777,16644,23067,0,36,33,33,1264944,33984,29,31,0
3161,0.429,0.783,0.008,1.220,7.739,16644,23067,0,36,33,33,1264944,33984,29,31,0
3162,0.421,0.204,0.006,0.631,1.382,16644,23067,0,36,33,33,1264944,33984,29,31,0
3163,0.424,0.672,0.007,1.103,0.789,16644,23067,0,36,33,33,1264944,33984,29,31,0
3164,0.461,0.688,0.007,1.156,1.254,16644,23067,0,36,33,33,1264944,33984,29,31,0
3165,0.622,3.760,0.009,4.391,1.381,16644,23067,0,36,33,33,1264944,33984,29,31,0
3166,0.446,15.596,0.007,16.049,4.565,16644,23067,0,36,33,33,1264944,33984,29,31,0
3167,0.458,6.885,0.010,7.354,16.202,16644,23067,0,36,33,33,1264944,33984,29,31,0
3168,0.442,0.745,0.009,1.197,7.518,16644,23067,0,36,33,33,1264944,33984,29,31,0
3169,0.435,0.295,0.011,0.742,1.357,16644,23067,0,36,33,33,1264944,33984,29,31,0
3170,0.426,0.203,0.007,0.636,0.883,16644,23067,0,36,33,33,1264944,33984,29,31,0
3171,0.428,0.775,0.008,1.211,0.779,16644,23067,0,36,33,33,1264944,33984,29,31,0
3172,0.465,0.881,0.009,1.355,1.358,16644,23067,0,36,33,33,1264944,33984,29,31,0
3173,0.435,10.657,0.008,11.100,1.515,16644,23067,0,36,33,33,1264944,33984,29,31,0
3174,0.446,7.406,0.007,7.860,11.254,16644,23067,0,36,33,33,1264944,33984,29,31,0
3175,0.435,7.562,0.008,8.006,8.010,16644,23067,0,36,33,33,1264944,33984,29,31,0
3176,0.444,0.753,0.014,1.212,8.151,16644,23067,0,36,33,33,1264944,33984,29,31,0
3177,0.456,0.255,0.010,0.721,1.365,16644,23067,0,36,33,33,1264944,33984,29,31,0
3178,0.435,0.195,0.007,0.637,0.863,16644,23067,0,36,33,33,1264944,33984,29,31,0
3179,0.426,0.732,0.009,1.167,0.794,16644,23067,0,36,33,33,1264944,33984,29,31,0
3180,0.458,0.882,0.009,1.348,1.310,16644,23067,0,36,33,33,1264944,33984,29,31,0
3181,0.417,10.818,0.012,11.247,1.503,16644,23067,0,36,33,33,1264944,33984,29,31,0
3182,0.440,8.027,0.011,8.478,11.415,16644,23067,0,36,33,33,1264944,33984,29,31,0
3183,0.450,7.327,0.008,7.785,8.626,16644,23067,0,36,33,33,1264944,33984,29,31,0
3184,0.485,0.857,0.008,1.349,7.924,16644,23067,0,36,33,33,1264944,33984,29,31,0
3185,0.501,0.261,0.012,0.775,1.472,16644,23067,0,36,33,33,1264944,33984,29,31,0
3186,0.461,0.226,0.007,0.694,0.910,16644,23067,0,36,33,33,1264944,33984,29,31,0
3187,0.442,0.422,0.010,0.874,0.826,16644,23067,0,36,33,33,1264944,33984,29,31,0
3188,0.465,0.505,0.009,0.979,0.991,16644,23067,0,36,33,33,1264944,33984,29,31,0
3189,0.447,3.257,0.006,3.710,1.103,16644,23067,0,36,33,33,1264944,33984,29,31,0
3190,0.461,15.282,0.006,15.749,3.835,16644,23067,0,36,33,33,1264944,33984,29,31,0
3191,0.474,7.355,0.008,7.837,15.876,16644,23067,0,36,33,33,1264944,33984,29,31,0
3192,0.450,0.597,0.010,1.058,7.982,16644,23067,0,36,33,33,1264944,33984,29,31,0
3193,0.471,0.239,0.010,0.719,1.197,16644,23067,0,36,33,33,1264944,33984,29,31,0
3194,0.443,0.212,0.008,0.663,0.841,16644,23067,0,36,33,33,1264944,33984,29,31,0
3195,0.600,0.307,0.011,0.919,0.839,16644,23067,0,36,33,33,1264944,33984,29,31,0
3196,0.445,0.323,0.010,0.778,1.061,16644,23067,0,36,33,33,1264944,33984,29,31,0
3197,0.441,0.274,0.009,0.724,0.913,16644,23067,0,36,33,33,1264944,33984,29,31,0
3198,0.474,0.210,0.009,0.693,0.853,16644,23067,0,36,33,33,1264944,33984,29,31,0
3199,0.441,2.944,0.009,3.394,0.812,16644,23067,0,36,33,33,1264944,33984,29,31,0
3200,0.447,14.701,0.009,15.156,3.536,16644,23067,0,36,33,33,1264944,33984,29,31,0
3201,0.464,7.440,0.014,7.918,15.284,16644,23067,0,36,33,33,1264944,33984,29,31,0
3202,0.440,0.569,0.019,1.027,8.054,16644,23067,0,36,33,33,1264944,33984,29,31,0
3203,0.454,0.236,0.009,0.699,1.167,16644,23067,0,36,33,33,1264944,33984,29,31,0
3204,0.459,0.227,0.008,0.694,0.830,16644,23067,0,36,33,33,1264944,33984,29,31,0
3205,0.449,0.350,0.005,0.804,0.828,16644,23067,0,36,33,33,1264944,33984,29,31,0
3206,0.448,0.706,0.009,1.163,0.930,16644,23067,0,36,33,33,1264944,33984,29,31,0
3207,0.470,0.477,0.007,0.954,1.293,16644,23067,0,36,33,33,1264944,33984,29,31,0
3208,0.445,1.461,0.006,1.912,1.092,16644,23067,0,36,33,33,1264944,33984,29,31,0
3209,0.718,2.371,0.007,3.096,2.041,16644,23067,0,36,33,33,1264944,33984,29,31,0
3210,0.474,13.074,0.006,13.554,3.219,16644,23067,0,36,33,33,1264944,33984,29,31,0
3211,0.462,7.844,0.007,8.312,13.681,16644,23067,0,36,33,33,1264944,33984,29,31,0
3212,0.467,0.824,0.006,1.297,8.441,16644,23067,0,36,33,33,1264944,33984,29,31,0
3213,0.460,0.245,0.008,0.712,1.417,16644,23067,0,36,33,33,1264944,33984,29,31,0
3214,0.445,0.219,0.008,0.672,0.823,16644,23067,0,36,33,33,1264944,33984,29,31,0
3215,0.434,0.504,0.005,0.944,0.797,16644,23067,0,36,33,33,1264944,33984,29,31,0
3216,0.457,0.718,0.011,1.185,1.064,16644,23067,0,36,33,33,1264944,33984,29,31,0
3217,0.440,10.831,0.006,11.277,1.319,16644,23067,0,36,33,33,1264944,33984,29,31,0
3218,0.447,8.021,0.009,8.478,11.417,16644,23067,0,36,33,33,1264944,33984,29,31,0
3219,0.436,7.162,0.009,7.607,8.621,16644,23067,0,36,33,33,1264944,33984,29,31,0
3220,0.444,7.596,0.008,8.048,7.743,16644,23067,0,36,33,33,1264944,33984,29,31,0
3221,0.441,7.915,0.007,8.363,8.173,16644,23067,0,36,33,33,1264944,33984,29,31,0
3222,0.470,7.885,0.005,8.361,8.491,16644,23067,0,36,33,33,1264944,33984,29,31,0
3223,0.460,7.494,0.005,7.960,8.483,16644,23067,0,36,33,33,1264944,33984,29,31,0
3224,0.448,0.652,0.009,1.109,8.087,16644,23067,0,36,33,33,1264944,33984,29,31,0
3225,0.473,0.258,0.009,0.740,1.242,16644,23067,0,36,33,33,1264944,33984,29,31,0
3226,0.452,0.217,0.009,0.678,0.858,16644,23067,0,36,33,33,1264944,33984,29,31,0
3227,0.446,0.398,0.009,0.853,0.792,16644,23067,0,36,33,33,1264944,33984,29,31,0
3228,0.465,1.986,0.012,2.464,0.970,16644,23067,0,36,33,33,1264944,33984,29,31,0
3229,0.490,1.280,0.011,1.781,2.600,16644,23067,0,36,33,33,1264944,33984,29,31,0
3230,0.423,2.759,0.007,3.189,1.918,16644,23067,0,36,33,33,1264944,33984,29,31,0
3231,0.435,12.974,0.005,13.414,3.326,16644,23067,0,36,33,33,1264944,33984,29,31,0
3232,0.473,7.504,0.007,7.984,13.546,16644,23067,0,36,33,33,1264944,33984,29,31,0
3233,0.433,0.906,0.007,1.346,8.125,16644,23067,0,36,33,33,1264944,33984,29,31,0
3234,0.467,0.351,0.005,0.824,1.479,16644,23067,0,36,33,33,1264944,33984,29,31,0
3235,0.443,0.203,0.022,0.669,0.936,16644,23067,0,36,33,33,1264944,33984,29,31,0
3236,0.454,0.401,0.006,0.861,0.797,16644,23067,0,36,33,33,1264944,33984,29,31,0
3237,0.471,0.277,0.009,0.757,0.983,16644,23067,0,36,33,33,1264944,33984,29,31,0
3238,0.450,0.215,0.005,0.670,0.886,16644,23067,0,36,33,33,1264944,33984,29,31,0
3239,0.441,2.745,0.009,3.194,0.793,16644,23067,0,36,33,33,1264944,33984,29,31,0
3240,0.445,15.627,0.008,16.080,3.325,16644,23067,0,36,33,33,1264944,33984,29,31,0
3241,0.441,7.453,0.009,7.902,16.210,16644,23067,0,36,33,33,1264944,33984,29,31,0
3242,0.756,0.533,0.009,1.298,8.031,16644,23067,0,36,33,33,1264944,33984,29,31,0
3243,0.452,0.421,0.007,0.880,1.416,16644,23067,0,36,33,33,1264944,33984,29,31,0
3244,0.458,0.217,0.008,0.683,1.000,16644,23067,0,36,33,33,1264944,33984,29,31,0
3245,0.445,0.466,0.007,0.917,0.822,16644,23067,0,36,33,33,1264944,33984,29,31,0
3246,0.631,0.338,0.009,0.978,1.118,16644,23067,0,36,33,33,1264944,33984,29,31,0
3247,0.434,3.190,0.009,3.633,1.124,16644,23067,0,36,33,33,1264944,33984,29,31,0
3248,0.443,15.425,0.007,15.874,3.767,16644,23067,0,36,33,33,1264944,33984,29,31,0
3249,0.453,7.346,0.009,7.808,16.012,16644,23067,0,36,33,33,1264944,33984,29,31,0
3250,0.452,0.614,0.007,1.073,7.944,16644,23067,0,36,33,33,1264944,33984,29,31,0
3251,0.450,0.244,0.009,0.703,1.205,16644,23067,0,36,33,33,1264944,33984,29,31,0
3252,0.435,0.219,0.008,0.662,0.823,16644,23067,0,36,33,33,1264944,33984,29,31,0
3253,0.420,0.516,0.007,0.943,0.787,16644,23067,0,36,33,33,1264944,33984,29,31,0
3254,0.468,0.502,0.009,0.979,1.075,16644,23067,0,36,33,33,1264944,33984,29,31,0
3255,0.439,3.743,0.008,4.190,1.114,16644,23067,0,36,33,33,1264944,33984,29,31,0
3256,0.450,15.554,0.007,16.010,4.331,16644,23067,0,36,33,33,1264944,33984,29,31,0
3257,0.512,7.303,0.006,7.820,16.144,16644,23067,0,36,33,33,1264944,33984,29,31,0
3258,0.474,0.984,0.006,1.465,7.943,16644,23067,0,36,33,33,1264944,33984,29,31,0
3259,0.449,0.238,0.008,0.695,1.585,16644,23067,0,36,33,33,1264944,33984,29,31,0
3260,0.460,0.258,0.006,0.724,0.812,16644,23067,0,36,33,33,1264944,33984,29,31,0
3261,0.464,0.677,0.006,1.147,0.847,16644,23067,0,36,33,33,1264944,33984,29,31,0
3262,0.444,11.590,0.007,12.042,1.281,16644,23067,0,36,33,33,1264944,33984,29,31,0
3263,0.448,8.351,0.009,8.808,12.175,16644,23067,0,36,33,33,1264944,33984,29,31,0
3264,0.502,7.040,0.010,7.552,8.939,16644,23067,0,36,33,33,1264944,33984,29,31,0
3265,0.463,0.651,0.006,1.120,7.678,16644,23067,0,36,33,33,1264944,33984,29,31,0
3266,0.472,0.255,0.012,0.738,1.241,16644,23067,0,36,33,33,1264944,33984,29,31,0
3267,0.438,0.212,0.009,0.658,0.874,16644,23067,0,36,33,33,1264944,33984,29,31,0
3268,0.434,0.601,0.009,1.044,0.780,16644,23067,0,36,33,33,1264944,33984,29,31,0
3269,0.454,1.804,0.011,2.269,1.177,16644,23067,0,36,33,33,1264944,33984,29,31,0
3270,0.488,0.997,0.006,1.491,2.406,16644,23067,0,36,33,33,1264944,33984,29,31,0
3271,0.419,3.053,0.007,3.479,1.621,16644,23067,0,36,33,33,1264944,33984,29,31,0
3272,0.453,12.993,0.006,13.452,3.604,16644,23067,0,36,33,33,1264944,33984,29,31,0
3273,0.463,7.347,0.011,7.821,13.578,16644,23067,0,36,33,33,1264944,33984,29,31,0
3274,0.452,0.604,0.007,1.063,7.974,16644,23067,0,36,33,33,1264944,33984,29,31,0
3275,0.452,0.244,0.013,0.710,1.166,16644,23067,0,36,33,33,1264944,33984,29,31,0
3276,0.463,0.231,0.015,0.710,0.792,16644,23067,0,36,33,33,1264944,33984,29,31,0
3277,0.453,0.482,0.007,0.942,0.803,16644,23067,0,36,33,33,1264944,33984,29,31,0
3278,0.461,0.895,0.021,1.377,1.044,16644,23067,0,36,33,33,1264944,33984,29,31,0
3279,0.607,0.255,0.013,0.876,1.496,16644,23067,0,36,33,33,1264944,33984,29,31,0
3280,0.455,10.038,0.007,10.500,0.972,16644,23067,0,36,33,33,1264944,33984,29,31,0
3281,0.522,7.807,0.006,8.335,10.604,16644,23067,0,36,33,33,1264944,33984,29,31,0
3282,0.494,7.612,0.006,8.112,8.440,16644,23067,0,36,33,33,1264944,33984,29,31,0
3283,0.468,1.242,0.006,1.715,8.219,16644,23067,0,36,33,33,1264944,33984,29,31,0
3284,0.453,0.240,0.008,0.700,1.821,16644,23067,0,36,33,33,1264944,33984,29,31,0
3285,0.456,0.369,0.009,0.835,0.788,16644,23067,0,36,33,33,1264944,33984,29,31,0
3286,0.484,0.659,0.010,1.152,0.936,16644,23067,0,36,33,33,1264944,33984,29,31,0
3287,0.460,0.301,0.013,0.773,1.256,16644,23067,0,36,33,33,1264944,33984,29,31,0
3288,0.458,3.605,0.009,4.071,0.888,16644,23067,0,36,33,33,1264944,33984,29,31,0
3289,0.436,14.418,0.007,14.861,4.175,16644,23067,0,36,33,33,1264944,33984,29,31,0
3290,0.502,7.925,0.008,8.435,14.964,16644,23067,0,36,33,33,1264944,33984,29,31,0
3291,0.477,0.655,0.006,1.138,8.531,16644,23067,0,36,33,33,1264944,33984,29,31,0
3292,0.509,0.262,0.010,0.780,1.244,16644,23067,0,36,33,33,1264944,33984,29,31,0
3293,0.466,0.215,0.009,0.690,0.870,16644,23067,0,36,33,33,1264944,33984,29,31,0
3294,0.435,0.456,0.009,0.899,0.785,16644,23067,0,36,33,33,1264944,33984,29,31,0
3295,0.467,0.756,0.007,1.230,1.001,16644,23067,0,36,33,33,1264944,33984,29,31,0
3296,0.458,0.590,0.010,1.058,1.324,16644,23067,0,36,33,33,1264944,33984,29,31,0
3297,0.479,0.856,0.009,1.343,1.167,16644,23067,0,36,33,33,1264944,33984,29,31,0
3298,0.418,2.582,0.008,3.008,1.442,16644,23067,0,36,33,33,1264944,33984,29,31,0
3299,0.436,13.557,0.009,14.002,3.115,16644,23067,0,36,33,33,1264944,33984,29,31,0
3300,0.477,7.537,0.005,8.019,14.106,16644,23067,0,36,33,33,1264944,33984,29,31,0
3301,0.476,0.671,0.007,1.154,8.113,16644,23067,0,36,33,33,1264944,33984,29,31,0
3302,0.461,0.263,0.010,0.734,1.243,16644,23067,0,36,33,33,1264944,33984,29,31,0
3303,0.459,0.239,0.009,0.708,0.829,16644,23067,0,36,33,33,1264944,33984,29,31,0
3304,0.437,0.544,0.008,0.989,0.792,16644,23067,0,36,33,33,1264944,33984,29,31,0
3305,0.468,1.282,0.006,1.756,1.086,16644,23067,0,36,33,33,1264944,33984,29,31,0
3306,0.473,2.047,0.007,2.528,1.852,16644,23067,0,36,33,33,1264944,33984,29,31,0
3307,0.429,2.858,0.008,3.295,2.637,16644,23067,0,36,33,33,1264944,33984,29,31,0
3308,0.444,13.354,0.010,13.808,3.407,16644,23067,0,36,33,33,1264944,33984,29,31,0
3309,0.472,7.128,0.006,7.606,13.911,16644,23067,0,36,33,33,1264944,33984,29,31,0
3310,0.462,0.934,0.007,1.403,7.715,16644,23067,0,36,33,33,1264944,33984,29,31,0
3311,0.463,0.238,0.008,0.709,1.505,16644,23067,0,36,33,33,1264944,33984,29,31,0
3312,0.457,0.245,0.008,0.709,0.813,16644,23067,0,36,33,33,1264944,33984,29,31,0
3313,0.415,0.382,0.009,0.806,0.812,16644,23067,0,36,33,33,1264944,33984,29,31,0
3314,0.486,1.882,0.012,2.380,0.903,16644,23067,0,36,33,33,1264944,33984,29,31,0
3315,0.498,0.803,0.006,1.307,2.483,16644,23067,0,36,33,33,1264944,33984,29,31,0
3316,0.421,3.047,0.007,3.475,1.414,16644,23067,0,36,33,33,1264944,33984,29,31,0
3317,0.458,13.385,0.005,13.848,3.579,16644,23067,0,36,33,33,1264944,33984,29,31,0
3318,0.464,7.380,0.009,7.854,13.944,16644,23067,0,36,33,33,1264944,33984,29,31,0
3319,0.447,0.907,0.008,1.362,7.953,16644,23067,0,36,33,33,1264944,33984,29,31,0
3320,0.464,0.250,0.008,0.722,1.461,16644,23067,0,36,33,33,1264944,33984,29,31,0
3321,0.439,0.223,0.015,0.678,0.809,16644,23067,0,36,33,33,1264944,33984,29,31,0
3322,0.426,0.504,0.006,0.936,0.768,16644,23067,0,36,33,33,1264944,33984,29,31,0
3323,0.463,0.238,0.008,0.709,1.029,16644,23067,0,36,33,33,1264944,33984,29,31,0
3324,0.431,0.208,0.010,0.648,0.805,16644,23067,0,36,33,33,1264944,33984,29,31,0
3325,0.432,3.971,0.007,4.410,0.743,16644,23067,0,36,33,33,1264944,33984,29,31,0
3326,0.428,14.706,0.007,15.141,4.518,16644,23067,0,36,33,33,1264944,33984,29,31,0
3327,0.480,7.346,0.008,7.834,15.235,16644,23067,0,36,33,33,1264944,33984,29,31,0
3328,0.450,0.863,0.010,1.323,7.953,16644,23067,0,36,33,33,1264944,33984,29,31,0
3329,0.463,0.255,0.009,0.727,1.424,16644,23067,0,36,33,33,1264944,33984,29,31,0
3330,0.456,0.211,0.008,0.675,0.816,16644,23067,0,36,33,33,1264944,33984,29,31,0
3331,0.437,0.487,0.007,0.931,0.775,16644,23067,0,36,33,33,1264944,33984,29,31,0
3332,0.470,0.246,0.009,0.725,1.027,16644,23067,0,36,33,33,1264944,33984,29,31,0
3333,0.448,0.217,0.007,0.672,0.812,16644,23067,0,36,33,33,1264944,33984,29,31,0
3334,0.438,10.429,0.006,10.872,0.768,16644,23067,0,36,33,33,1264944,33984,29,31,0
3335,0.449,8.033,0.009,8.490,10.967,16644,23067,0,36,33,33,1264944,33984,29,31,0
3336,0.483,7.477,0.006,7.966,8.601,16644,23067,0,36,33,33,1264944,33984,29,31,0
3337,0.460,0.802,0.007,1.269,8.081,16644,23067,0,36,33,33,1264944,33984,29,31,0
3338,0.449,0.250,0.009,0.707,1.375,16644,23067,0,36,33,33,1264944,33984,29,31,0
3339,0.482,0.216,0.009,0.707,0.804,16644,23067,0,36,33,33,1264944,33984,29,31,0
3340,0.449,0.331,0.005,0.785,0.803,16644,23067,0,36,33,33,1264944,33984,29,31,0
3341,0.474,1.014,0.010,1.498,0.872,16644,23067,0,36,33,33,1264944,33984,29,31,0
3342,0.420,2.937,0.007,3.364,1.599,16644,23067,0,36,33,33,1264944,33984,29,31,0
3343,0.422,16.149,0.006,16.577,3.459,16644,23067,0,36,33,33,1264944,33984,29,31,0
3344,0.494,7.195,0.009,7.698,16.671,16644,23067,0,36,33,33,1264944,33984,29,31,0
3345,0.486,0.854,0.008,1.348,7.807,16644,23067,0,36,33,33,1264944,33984,29,31,0
3346,0.475,0.336,0.006,0.817,1.442,16644,23067,0,36,33,33,1264944,33984,29,31,0
3347,0.455,0.234,0.007,0.696,0.904,16644,23067,0,36,33,33,1264944,33984,29,31,0
3348,0.422,0.604,0.009,1.035,0.803,16644,23067,0,36,33,33,1264944,33984,29,31,0
3349,0.446,3.062,0.007,3.515,1.140,16644,23067,0,36,33,33,1264944,33984,29,31,0
3350,0.450,17.033,0.009,17.492,3.621,16644,23067,0,36,33,33,1264944,33984,29,31,0
3351,0.486,7.223,0.008,7.716,17.599,16644,23067,0,36,33,33,1264944,33984,29,31,0
3352,0.443,0.981,0.007,1.431,7.826,16644,23067,0,36,33,33,1264944,33984,29,31,0
3353,0.481,0.242,0.009,0.731,1.534,16644,23067,0,36,33,33,1264944,33984,29,31,0
3354,0.456,0.228,0.007,0.692,0.829,16644,23067,0,36,33,33,1264944,33984,29,31,0
3355,0.417,0.430,0.009,0.856,0.792,16644,23067,0,36,33,33,1264944,33984,29,31,0
3356,0.468,1.861,0.009,2.338,0.949,16644,23067,0,36,33,33,1264944,33984,29,31,0
3357,0.467,1.007,0.011,1.485,2.445,16644,23067,0,36,33,33,1264944,33984,29,31,0
3358,0.424,2.795,0.007,3.225,1.591,16644,23067,0,36,33,33,1264944,33984,29,31,0
3359,0.446,12.930,0.006,13.382,3.333,16644,23067,0,36,33,33,1264944,33984,29,31,0
3360,0.453,7.487,0.010,7.950,13.477,16644,23067,0,36,33,33,1264944,33984,29,31,0
3361,0.502,0.868,0.007,1.378,8.061,16644,23067,0,36,33,33,1264944,33984,29,31,0
3362,0.466,0.357,0.008,0.831,1.486,16644,23067,0,36,33,33,1264944,33984,29,31,0
3363,0.464,0.196,0.008,0.668,0.928,16644,23067,0,36,33,33,1264944,33984,29,31,0
3364,0.458,0.390,0.006,0.855,0.777,16644,23067,0,36,33,33,1264944,33984,29,31,0
3365,0.459,0.246,0.006,0.711,0.951,16644,23067,0,36,33,33,1264944,33984,29,31,0
3366,0.454,2.606,0.007,3.067,0.807,16644,23067,0,36,33,33,1264944,33984,29,31,0
3367,0.405,2.870,0.005,3.281,3.178,16644,23067,0,36,33,33,1264944,33984,29,31,0
3368,0.467,13.614,0.007,14.089,3.379,16644,23067,0,36,33,33,1264944,33984,29,31,0
3369,0.479,7.319,0.008,7.806,14.190,16644,23067,0,36,33,33,1264944,33984,29,31,0
3370,0.475,0.929,0.007,1.411,7.900,16644,23067,0,36,33,33,1264944,33984,29,31,0
3371,0.460,0.258,0.011,0.730,1.511,16644,23067,0,36,33,33,1264944,33984,29,31,0
3372,0.453,0.222,0.007,0.682,0.816,16644,23067,0,36,33,33,1264944,33984,29,31,0
3373,0.455,0.436,0.007,0.898,0.777,16644,23067,0,36,33,33,1264944,33984,29,31,0
3374,0.494,0.472,0.009,0.975,1.004,16644,23067,0,36,33,33,1264944,33984,29,31,0
3375,0.439,11.075,0.006,11.519,1.072,16644,23067,0,36,33,33,1264944,33984,29,31,0
3376,0.480,7.844,0.007,8.331,11.614,16644,23067,0,36,33,33,1264944,33984,29,31,0
3377,0.432,7.414,0.006,7.851,8.433,16644,23067,0,36,33,33,1264944,33984,29,31,0
3378,0.432,0.907,0.007,1.346,7.959,16644,23067,0,36,33,33,1264944,33984,29,31,0
3379,0.440,0.288,0.011,0.739,1.448,16644,23067,0,36,33,33,1264944,33984,29,31,0
3380,0.438,0.211,0.006,0.656,0.821,16644,23067,0,36,33,33,1264944,33984,29,31,0
3381,0.417,0.885,0.009,1.311,0.755,16644,23067,0,36,33,33,1264944,33984,29,31,0
3382,0.453,0.740,0.005,1.198,1.412,16644,23067,0,36,33,33,1264944,33984,29,31,0
3383,0.420,4.070,0.006,4.496,1.307,16644,23067,0,36,33,33,1264944,33984,29,31,0
3384,0.417,13.927,0.007,14.351,4.607,16644,23067,0,36,33,33,1264944,33984,29,31,0
3385,0.499,8.080,0.009,8.588,14.450,16644,23067,0,36,33,33,1264944,33984,29,31,0
3386,0.474,0.922,0.009,1.405,8.683,16644,23067,0,36,33,33,1264944,33984,29,31,0
3387,0.461,0.263,0.008,0.731,1.513,16644,23067,0,36,33,33,1264944,33984,29,31,0
3388,0.478,0.245,0.007,0.730,0.835,16644,23067,0,36,33,33,1264944,33984,29,31,0
3389,0.433,0.259,0.015,0.708,0.833,16644,23067,0,36,33,33,1264944,33984,29,31,0
3390,0.461,1.503,0.008,1.972,0.792,16644,23067,0,36,33,33,1264944,33984,29,31,0
3391,0.446,1.267,0.008,1.722,2.082,16644,23067,0,36,33,33,1264944,33984,29,31,0
3392,0.451,3.302,0.008,3.761,1.830,16644,23067,0,36,33,33,1264944,33984,29,31,0
3393,0.446,13.184,0.005,13.635,3.854,16644,23067,0,36,33,33,1264944,33984,29,31,0
3394,0.509,6.985,0.014,7.508,13.734,16644,23067,0,36,33,33,1264944,33984,29,31,0
3395,0.457,0.593,0.011,1.061,7.602,16644,23067,0,36,33,33,1264944,33984,29,31,0
3396,0.466,0.271,0.006,0.743,1.151,16644,23067,0,36,33,33,1264944,33984,29,31,0
3397,0.445,0.214,0.008,0.667,0.838,16644,23067,0,36,33,33,1264944,33984,29,31,0
3398,0.432,0.464,0.009,0.905,0.761,16644,23067,0,36,33,33,1264944,33984,29,31,0
3399,0.463,2.148,0.008,2.619,0.989,16644,23067,0,36,33,33,1264944,33984,29,31,0
3400,0.458,1.154,0.011,1.623,2.723,16644,23067,0,36,33,33,1264944,33984,29,31,0
3401,0.422,2.987,0.006,3.414,1.728,16644,23067,0,36,33,33,1264944,33984,29,31,0
3402,0.434,13.347,0.007,13.788,3.520,16644,23067,0,36,33,33,1264944,33984,29,31,0
3403,0.459,7.430,0.008,7.897,13.884,16644,23067,0,36,33,33,1264944,33984,29,31,0
3404,0.468,0.632,0.005,1.106,8.000,16644,23067,0,36,33,33,1264944,33984,29,31,0
3405,0.457,0.235,0.010,0.701,1.211,16644,23067,0,36,33,33,1264944,33984,29,31,0
3406,0.436,0.232,0.009,0.677,0.796,16644,23067,0,36,33,33,1264944,33984,29,31,0
3407,0.430,0.380,0.005,0.816,0.782,16644,23067,0,36,33,33,1264944,33984,29,31,0
3408,0.483,0.239,0.006,0.728,0.913,16644,23067,0,36,33,33,1264944,33984,29,31,0
3409,0.461,0.206,0.007,0.674,0.815,16644,23067,0,36,33,33,1264944,33984,29,31,0
3410,0.430,0.410,0.008,0.848,0.774,16644,23067,0,36,33,33,1264944,33984,29,31,0
3411,0.466,3.271,0.008,3.746,0.944,16644,23067,0,36,33,33,1264944,33984,29,31,0
3412,0.451,14.456,0.006,14.913,3.854,16644,23067,0,36,33,33,1264944,33984,29,31,0
3413,0.461,7.492,0.006,7.959,15.015,16644,23067,0,36,33,33,1264944,33984,29,31,0
3414,0.472,0.683,0.007,1.162,8.062,16644,23067,0,36,33,33,1264944,33984,29,31,0
3415,0.438,0.209,0.007,0.654,1.269,16644,23067,0,36,33,33,1264944,33984,29,31,0
3416,0.442,0.434,0.005,0.881,0.735,16644,23067,0,36,33,33,1264944,33984,29,31,0
3417,0.460,0.611,0.007,1.079,0.984,16644,23067,0,36,33,33,1264944,33984,29,31,0
3418,0.437,0.258,0.006,0.701,1.182,16644,23067,0,36,33,33,1264944,33984,29,31,0
3419,0.455,0.217,0.013,0.685,0.800,16644,23067,0,36,33,33,1264944,33984,29,31,0
3420,0.428,3.661,0.007,4.096,0.784,16644,23067,0,36,33,33,1264944,33984,29,31,0
3421,0.446,14.711,0.005,15.163,4.208,16644,23067,0,36,33,33,1264944,33984,29,31,0
3422,0.461,7.779,0.008,8.248,15.267,16644,23067,0,36,33,33,1264944,33984,29,31,0
3423,0.493,0.899,0.008,1.400,8.359,16644,23067,0,36,33,33,1264944,33984,29,31,0
3424,0.458,0.257,0.012,0.726,1.507,16644,23067,0,36,33,33,1264944,33984,29,31,0
3425,0.462,0.199,0.007,0.668,0.821,16644,23067,0,36,33,33,1264944,33984,29,31,0
3426,0.473,0.670,0.007,1.150,0.761,16644,23067,0,36,33,33,1264944,33984,29,31,0
3427,0.436,11.795,0.007,12.238,1.253,16644,23067,0,36,33,33,1264944,33984,29,31,0
3428,0.467,7.689,0.005,8.162,12.341,16644,23067,0,36,33,33,1264944,33984,29,31,0
3429,0.458,7.244,0.007,7.710,8.260,16644,23067,0,36,33,33,1264944,33984,29,31,0
3430,0.465,0.719,0.008,1.192,7.825,16644,23067,0,36,33,33,1264944,33984,29,31,0
3431,0.451,0.252,0.012,0.715,1.290,16644,23067,0,36,33,33,1264944,33984,29,31,0
3432,0.442,0.219,0.007,0.669,0.820,16644,23067,0,36,33,33,1264944,33984,29,31,0
3433,0.462,0.484,0.005,0.951,0.772,16644,23067,0,36,33,33,1264944,33984,29,31,0
3434,0.451,0.961,0.010,1.422,1.048,16644,23067,0,36,33,33,1264944,33984,29,31,0
3435,0.414,10.822,0.007,11.243,1.533,16644,23067,0,36,33,33,1264944,33984,29,31,0
3436,0.460,7.787,0.006,8.253,11.353,16644,23067,0,36,33,33,1264944,33984,29,31,0
3437,0.467,8.160,0.008,8.634,8.349,16644,23067,0,36,33,33,1264944,33984,29,31,0
3438,0.449,1.224,0.008,1.681,8.730,16644,23067,0,36,33,33,1264944,33984,29,31,0
3439,0.431,0.222,0.007,0.660,1.798,16644,23067,0,36,33,33,1264944,33984,29,31,0
3440,0.425,0.452,0.008,0.884,0.751,16644,23067,0,36,33,33,1264944,33984,29,31,0
3441,0.442,0.659,0.009,1.111,0.970,16644,23067,0,36,33,33,1264944,33984,29,31,0
3442,0.408,4.005,0.006,4.419,1.206,16644,23067,0,36,33,33,1264944,33984,29,31,0
3443,0.460,15.551,0.006,16.017,4.523,16644,23067,0,36,33,33,1264944,33984,29,31,0
3444,0.474,7.270,0.007,7.751,16.116,16644,23067,0,36,33,33,1264944,33984,29,31,0
3445,0.477,0.827,0.010,1.313,7.867,16644,23067,0,36,33,33,1264944,33984,29,31,0
3446,0.471,0.261,0.006,0.738,1.417,16644,23067,0,36,33,33,1264944,33984,29,31,0
3447,0.432,0.238,0.008,0.678,0.833,16644,23067,0,36,33,33,1264944,33984,29,31,0
3448,0.442,0.533,0.008,0.983,0.775,16644,23067,0,36,33,33,1264944,33984,29,31,0
3449,0.477,1.944,0.011,2.432,1.073,16644,23067,0,36,33,33,1264944,33984,29,31,0
3450,0.450,0.942,0.011,1.403,2.539,16644,23067,0,36,33,33,1264944,33984,29,31,0
3451,0.419,2.740,0.008,3.167,1.508,16644,23067,0,36,33,33,1264944,33984,29,31,0
3452,0.436,13.425,0.005,13.867,3.272,16644,23067,0,36,33,33,1264944,33984,29,31,0
3453,0.460,7.119,0.006,7.585,13.972,16644,23067,0,36,33,33,1264944,33984,29,31,0
3454,0.453,1.150,0.006,1.610,7.687,16644,23067,0,36,33,33,1264944,33984,29,31,0
3455,0.437,0.207,0.007,0.651,1.720,16644,23067,0,36,33,33,1264944,33984,29,31,0
3456,0.449,0.325,0.008,0.782,0.744,16644,23067,0,36,33,33,1264944,33984,29,31,0
3457,0.446,0.524,0.008,0.978,0.888,16644,23067,0,36,33,33,1264944,33984,29,31,0
3458,0.480,0.275,0.006,0.762,1.080,16644,23067,0,36,33,33,1264944,33984,29,31,0
3459,0.457,0.193,0.008,0.657,0.855,16644,23067,0,36,33,33,1264944,33984,29,31,0
3460,0.434,10.249,0.007,10.691,0.749,16644,23067,0,36,33,33,1264944,33984,29,31,0
3461,0.465,8.375,0.008,8.847,10.792,16644,23067,0,36,33,33,1264944,33984,29,31,0
3462,0.480,7.316,0.008,7.804,8.949,16644,23067,0,36,33,33,1264944,33984,29,31,0
3463,0.454,0.929,0.008,1.391,7.900,16644,23067,0,36,33,33,1264944,33984,29,31,0
3464,0.454,0.286,0.008,0.747,1.503,16644,23067,0,36,33,33,1264944,33984,29,31,0
3465,0.457,0.259,0.009,0.724,0.833,16644,23067,0,36,33,33,1264944,33984,29,31,0
3466,0.442,0.534,0.009,0.986,0.816,16644,23067,0,36,33,33,1264944,33984,29,31,0
3467,0.455,0.266,0.007,0.729,1.072,16644,23067,0,36,33,33,1264944,33984,29,31,0
3468,0.458,0.212,0.007,0.677,0.824,16644,23067,0,36,33,33,1264944,33984,29,31,0
3469,0.423,3.589,0.027,4.040,0.774,16644,23067,0,36,33,33,1264944,33984,29,31,0
3470,0.418,15.078,0.006,15.501,4.157,16644,23067,0,36,33,33,1264944,33984,29,31,0
3471,0.442,6.993,0.008,7.444,15.608,16644,23067,0,36,33,33,1264944,33984,29,31,0
3472,0.471,7.417,0.008,7.896,7.541,16644,23067,0,36,33,33,1264944,33984,29,31,0
3473,0.455,8.121,0.006,8.582,7.993,16644,23067,0,36,33,33,1264944,33984,29,31,0
3474,0.460,7.982,0.008,8.450,8.682,16644,23067,0,36,33,33,1264944,33984,29,31,0
3475,0.458,7.389,0.009,7.857,8.556,16644,23067,0,36,33,33,1264944,33984,29,31,0
3476,0.450,0.821,0.009,1.279,7.962,16644,23067,0,36,33,33,1264944,33984,29,31,0
3477,0.466,0.397,0.009,0.872,1.384,16644,23067,0,36,33,33,1264944,33984,29,31,0
3478,0.446,0.208,0.009,0.664,0.975,16644,23067,0,36,33,33,1264944,33984,29,31,0
3479,0.427,0.455,0.009,0.891,0.754,16644,23067,0,36,33,33,1264944,33984,29,31,0
3480,0.459,0.796,0.010,1.265,0.989,16644,23067,0,36,33,33,1264944,33984,29,31,0
3481,0.474,10.852,0.009,11.335,1.359,16644,23067,0,36,33,33,1264944,33984,29,31,0
3482,0.451,7.850,0.007,8.308,11.430,16644,23067,0,36,33,33,1264944,33984,29,31,0
3483,0.446,7.553,0.006,8.005,8.399,16644,23067,0,36,33,33,1264944,33984,29,31,0
3484,0.438,0.746,0.007,1.190,8.099,16644,23067,0,36,33,33,1264944,33984,29,31,0
3485,0.453,0.465,0.007,0.926,1.300,16644,23067,0,36,33,33,1264944,33984,29,31,0
3486,0.438,0.522,0.022,0.982,1.028,16644,23067,0,36,33,33,1264944,33984,29,31,0
3487,0.473,0.602,0.008,1.084,1.081,16644,23067,0,36,33,33,1264944,33984,29,31,0
3488,0.479,0.263,0.010,0.752,1.185,16644,23067,0,36,33,33,1264944,33984,29,31,0
3489,0.459,0.268,0.010,0.736,0.844,16644,23067,0,36,33,33,1264944,33984,29,31,0
3490,0.450,3.592,0.006,4.048,0.825,16644,23067,0,36,33,33,1264944,33984,29,31,0
3491,0.464,14.330,0.009,14.803,4.161,16644,23067,0,36,33,33,1264944,33984,29,31,0
3492,0.465,7.393,0.009,7.868,14.907,16644,23067,0,36,33,33,1264944,33984,29,31,0
3493,0.442,0.604,0.007,1.052,7.975,16644,23067,0,36,33,33,1264944,33984,29,31,0
3494,0.466,0.256,0.011,0.733,1.150,16644,23067,0,36,33,33,1264944,33984,29,31,0
3495,0.431,0.201,0.009,0.641,0.822,16644,23067,0,36,33,33,1264944,33984,29,31,0
3496,0.438,0.403,0.009,0.851,0.741,16644,23067,0,36,33,33,1264944,33984,29,31,0
3497,0.448,0.541,0.005,0.994,0.950,16644,23067,0,36,33,33,1264944,33984,29,31,0
3498,0.447,0.240,0.008,0.696,1.086,16644,23067,0,36,33,33,1264944,33984,29,31,0
3499,0.490,1.976,0.008,2.474,0.806,16644,23067,0,36,33,33,1264944,33984,29,31,0
3500,0.417,2.648,0.008,3.072,2.578,16644,23067,0,36,33,33,1264944,33984,29,31,0
3501,0.436,13.225,0.006,13.667,3.179,16644,23067,0,36,33,33,1264944,33984,29,31,0
3502,0.458,7.627,0.006,8.091,13.766,16644,23067,0,36,33,33,1264944,33984,29,31,0
3503,0.454,0.622,0.009,1.085,8.193,16644,23067,0,36,33,33,1264944,33984,29,31,0
3504,0.445,0.250,0.008,0.704,1.187,16644,23067,0,36,33,33,1264944,33984,29,31,0
3505,0.439,0.219,0.010,0.667,0.791,16644,23067,0,36,33,33,1264944,33984,29,31,0
3506,0.442,0.559,0.007,1.008,0.776,16644,23067,0,36,33,33,1264944,33984,29,31,0
3507,0.495,0.733,0.007,1.235,1.114,16644,23067,0,36,33,33,1264944,33984,29,31,0
3508,0.445,0.285,0.010,0.740,1.340,16644,23067,0,36,33,33,1264944,33984,29,31,0
3509,0.471,1.590,0.010,2.070,0.836,16644,23067,0,36,33,33,1264944,33984,29,31,0
3510,0.409,2.853,0.009,3.270,2.180,16644,23067,0,36,33,33,1264944,33984,29,31,0
3511,0.457,13.600,0.005,14.062,3.375,16644,23067,0,36,33,33,1264944,33984,29,31,0
3512,0.470,7.428,0.006,7.904,14.164,16644,23067,0,36,33,33,1264944,33984,29,31,0
3513,0.459,0.946,0.005,1.410,8.001,16644,23067,0,36,33,33,1264944,33984,29,31,0
3514,0.444,0.239,0.009,0.692,1.505,16644,23067,0,36,33,33,1264944,33984,29,31,0
3515,0.446,0.212,0.007,0.665,0.785,16644,23067,0,36,33,33,1264944,33984,29,31,0
3516,0.457,0.538,0.007,1.002,0.766,16644,23067,0,36,33,33,1264944,33984,29,31,0
3517,0.466,0.524,0.007,0.997,1.097,16644,23067,0,36,33,33,1264944,33984,29,31,0
3518,0.448,3.228,0.006,3.681,1.087,16644,23067,0,36,33,33,1264944,33984,29,31,0
3519,0.440,15.820,0.007,16.268,3.779,16644,23067,0,36,33,33,1264944,33984,29,31,0
3520,0.479,7.206,0.008,7.693,16.374,16644,23067,0,36,33,33,1264944,33984,29,31,0
3521,0.465,0.637,0.008,1.111,7.785,16644,23067,0,36,33,33,1264944,33984,29,31,0
3522,0.455,0.242,0.011,0.709,1.210,16644,23067,0,36,33,33,1264944,33984,29,31,0
3523,0.450,0.216,0.011,0.678,0.811,16644,23067,0,36,33,33,1264944,33984,29,31,0
3524,0.435,0.974,0.013,1.421,0.774,16644,23067,0,36,33,33,1264944,33984,29,31,0
3525,0.471,0.499,0.009,0.979,1.527,16644,23067,0,36,33,33,1264944,33984,29,31,0
3526,0.444,3.465,0.006,3.915,1.075,16644,23067,0,36,33,33,1264944,33984,29,31,0
3527,0.445,15.484,0.006,15.935,4.013,16644,23067,0,36,33,33,1264944,33984,29,31,0
3528,0.456,7.315,0.006,7.777,16.039,16644,23067,0,36,33,33,1264944,33984,29,31,0
3529,0.463,1.159,0.006,1.628,7.882,16644,23067,0,36,33,33,1264944,33984,29,31,0
3530,0.458,0.379,0.005,0.841,1.729,16644,23067,0,36,33,33,1264944,33984,29,31,0
3531,0.436,0.206,0.011,0.653,0.933,16644,23067,0,36,33,33,1264944,33984,29,31,0
3532,0.466,0.472,0.006,0.944,0.745,16644,23067,0,36,33,33,1264944,33984,29,31,0
3533,0.456,0.245,0.011,0.713,1.035,16644,23067,0,36,33,33,1264944,33984,29,31,0
3534,0.440,0.212,0.007,0.659,0.815,16644,23067,0,36,33,33,1264944,33984,29,31,0
3535,0.442,3.594,0.006,4.043,0.754,16644,23067,0,36,33,33,1264944,33984,29,31,0
3536,0.439,14.829,0.006,15.275,4.151,16644,23067,0,36,33,33,1264944,33984,29,31,0
3537,0.449,7.333,0.012,7.794,15.372,16644,23067,0,36,33,33,1264944,33984,29,31,0
3538,0.481,0.907,0.010,1.398,7.902,16644,23067,0,36,33,33,1264944,33984,29,31,0
3539,0.438,0.243,0.008,0.690,1.499,16644,23067,0,36,33,33,1264944,33984,29,31,0
3540,0.445,0.230,0.008,0.683,0.778,16644,23067,0,36,33,33,1264944,33984,29,31,0
3541,0.422,0.388,0.007,0.817,0.778,16644,23067,0,36,33,33,1264944,33984,29,31,0
3542,0.485,0.652,0.008,1.144,0.921,16644,23067,0,36,33,33,1264944,33984,29,31,0
3543,0.429,3.621,0.009,4.059,1.243,16644,23067,0,36,33,33,1264944,33984,29,31,0
3544,0.436,15.158,0.006,15.601,4.166,16644,23067,0,36,33,33,1264944,33984,29,31,0
3545,0.476,6.931,0.006,7.413,15.703,16644,23067,0,36,33,33,1264944,33984,29,31,0
3546,0.839,0.312,0.007,1.157,7.507,16644,23067,0,36,33,33,1264944,33984,29,31,0
3547,0.456,0.292,0.009,0.758,1.257,16644,23067,0,36,33,33,1264944,33984,29,31,0
3548,0.465,0.218,0.010,0.693,0.861,16644,23067,0,36,33,33,1264944,33984,29,31,0
3549,0.440,1.151,0.009,1.600,0.785,16644,23067,0,36,33,33,1264944,33984,29,31,0
3550,0.439,0.756,0.012,1.207,1.699,16644,23067,0,36,33,33,1264944,33984,29,31,0
3551,0.464,10.655,0.006,11.125,1.310,16644,23067,0,36,33,33,1264944,33984,29,31,0
3552,0.474,8.026,0.006,8.506,11.233,16644,23067,0,36,33,33,1264944,33984,29,31,0
3553,0.486,7.229,0.009,7.723,8.603,16644,23067,0,36,33,33,1264944,33984,29,31,0
3554,0.465,0.803,0.006,1.274,7.818,16644,23067,0,36,33,33,1264944,33984,29,31,0
3555,0.450,0.368,0.007,0.824,1.366,16644,23067,0,36,33,33,1264944,33984,29,31,0
3556,0.430,0.212,0.006,0.648,0.911,16644,23067,0,36,33,33,1264944,33984,29,31,0
3557,0.434,0.477,0.008,0.920,0.736,16644,23067,0,36,33,33,1264944,33984,29,31,0
3558,0.467,1.633,0.005,2.105,1.010,16644,23067,0,36,33,33,1264944,33984,29,31,0
3559,0.471,1.524,0.008,2.004,2.211,16644,23067,0,36,33,33,1264944,33984,29,31,0
3560,0.425,2.763,0.007,3.194,2.114,16644,23067,0,36,33,33,1264944,33984,29,31,0
3561,0.426,12.821,0.008,13.255,3.299,16644,23067,0,36,33,33,1264944,33984,29,31,0
3562,0.468,8.225,0.008,8.702,13.356,16644,23067,0,36,33,33,1264944,33984,29,31,0
3563,0.481,0.579,0.008,1.068,8.806,16644,23067,0,36,33,33,1264944,33984,29,31,0
3564,0.469,0.531,0.018,1.018,1.156,16644,23067,0,36,33,33,1264944,33984,29,31,0
3565,0.592,0.377,0.012,0.982,1.145,16644,23067,0,36,33,33,1264944,33984,29,31,0
3566,0.523,0.289,0.012,0.823,1.100,16644,23067,0,36,33,33,1264944,33984,29,31,0
3567,0.518,0.313,0.009,0.840,0.933,16644,23067,0,36,33,33,1264944,33984,29,31,0
3568,0.447,3.806,0.011,4.265,0.944,16644,23067,0,36,33,33,1264944,33984,29,31,0
3569,0.514,15.280,0.007,15.801,4.383,16644,23067,0,36,33,33,1264944,33984,29,31,0
3570,0.462,7.169,0.010,7.641,15.917,16644,23067,0,36,33,33,1264944,33984,29,31,0
3571,0.452,0.919,0.007,1.379,7.749,16644,23067,0,36,33,33,1264944,33984,29,31,0
3572,0.453,0.247,0.008,0.707,1.475,16644,23067,0,36,33,33,1264944,33984,29,31,0
3573,0.465,0.236,0.008,0.709,0.798,16644,23067,0,36,33,33,1264944,33984,29,31,0
3574,0.447,0.491,0.009,0.947,0.804,16644,23067,0,36,33,33,1264944,33984,29,31,0
3575,0.471,1.812,0.009,2.292,1.036,16644,23067,0,36,33,33,1264944,33984,29,31,0
3576,0.470,0.918,0.010,1.398,2.407,16644,23067,0,36,33,33,1264944,33984,29,31,0
3577,0.445,2.861,0.008,3.315,1.502,16644,23067,0,36,33,33,1264944,33984,29,31,0
3578,0.421,12.651,0.008,13.080,3.425,16644,23067,0,36,33,33,1264944,33984,29,31,0
3579,0.472,8.138,0.008,8.618,13.187,16644,23067,0,36,33,33,1264944,33984,29,31,0
3580,0.460,1.586,0.007,2.053,8.727,16644,23067,0,36,33,33,1264944,33984,29,31,0
3581,0.454,0.236,0.009,0.699,2.159,16644,23067,0,36,33,33,1264944,33984,29,31,0
3582,0.416,0.362,0.013,0.791,0.784,16644,23067,0,36,33,33,1264944,33984,29,31,0
3583,0.463,0.833,0.008,1.304,0.890,16644,23067,0,36,33,33,1264944,33984,29,31,0
3584,0.418,10.801,0.007,11.226,1.405,16644,23067,0,36,33,33,1264944,33984,29,31,0
3585,0.473,7.884,0.006,8.364,11.320,16644,23067,0,36,33,33,1264944,33984,29,31,0
3586,0.488,7.211,0.011,7.709,8.457,16644,23067,0,36,33,33,1264944,33984,29,31,0
3587,0.460,0.566,0.013,1.039,7.817,16644,23067,0,36,33,33,1264944,33984,29,31,0
3588,0.452,0.283,0.010,0.745,1.139,16644,23067,0,36,33,33,1264944,33984,29,31,0
3589,0.496,0.256,0.008,0.760,0.858,16644,23067,0,36,33,33,1264944,33984,29,31,0
3590,0.434,0.255,0.013,0.702,0.852,16644,23067,0,36,33,33,1264944,33984,29,31,0
3591,0.466,2.057,0.010,2.533,0.788,16644,23067,0,36,33,33,1264944,33984,29,31,0
3592,0.463,1.621,0.007,2.092,2.639,16644,23067,0,36,33,33,1264944,33984,29,31,0
3593,0.446,2.806,0.008,3.260,2.203,16644,23067,0,36,33,33,1264944,33984,29,31,0
3594,0.452,13.657,0.009,14.118,3.371,16644,23067,0,36,33,33,1264944,33984,29,31,0
3595,0.477,7.208,0.007,7.692,14.230,16644,23067,0,36,33,33,1264944,33984,29,31,0
3596,0.432,0.933,0.010,1.375,7.785,16644,23067,0,36,33,33,1264944,33984,29,31,0
3597,0.479,0.280,0.009,0.768,1.479,16644,23067,0,36,33,33,1264944,33984,29,31,0
3598,0.439,0.478,0.008,0.925,0.865,16644,23067,0,36,33,33,1264944,33984,29,31,0
3599,0.500,0.532,0.007,1.039,1.035,16644,23067,0,36,33,33,1264944,33984,29,31,0
3600,0.434,0.568,0.010,1.012,1.151,16644,23067,0,36,33,33,1264944,33984,29,31,0
3601,0.447,2.073,0.009,2.529,1.107,16644,23067,0,36,33,33,1264944,33984,29,31,0
3602,0.446,2.908,0.008,3.362,2.639,16644,23067,0,36,33,33,1264944,33984,29,31,0
3603,0.438,12.708,0.007,13.153,3.457,16644,23067,0,36,33,33,1264944,33984,29,31,0
3604,0.478,7.398,0.012,7.888,13.251,16644,23067,0,36,33,33,1264944,33984,29,31,0
3605,0.474,0.874,0.005,1.354,7.988,16644,23067,0,36,33,33,1264944,33984,29,31,0
3606,0.433,0.335,0.007,0.775,1.447,16644,23067,0,36,33,33,1264944,33984,29,31,0
3607,0.453,0.208,0.008,0.669,0.873,16644,23067,0,36,33,33,1264944,33984,29,31,0
3608,0.441,0.456,0.010,0.906,0.762,16644,23067,0,36,33,33,1264944,33984,29,31,0
3609,0.487,0.268,0.007,0.762,1.007,16644,23067,0,36,33,33,1264944,33984,29,31,0
3610,0.452,0.224,0.010,0.686,0.857,16644,23067,0,36,33,33,1264944,33984,29,31,0
3611,0.446,10.561,0.008,11.016,0.783,16644,23067,0,36,33,33,1264944,33984,29,31,0
3612,0.461,8.297,0.006,8.764,11.118,16644,23067,0,36,33,33,1264944,33984,29,31,0
3613,0.468,7.349,0.007,7.824,8.861,16644,23067,0,36,33,33,1264944,33984,29,31,0
3614,0.470,0.603,0.008,1.081,7.922,16644,23067,0,36,33,33,1264944,33984,29,31,0
3615,0.464,0.419,0.008,0.890,1.171,16644,23067,0,36,33,33,1264944,33984,29,31,0
3616,0.470,0.220,0.010,0.700,0.978,16644,23067,0,36,33,33,1264944,33984,29,31,0
3617,0.423,0.519,0.010,0.952,0.797,16644,23067,0,36,33,33,1264944,33984,29,31,0
3618,0.485,0.683,0.009,1.177,1.051,16644,23067,0,36,33,33,1264944,33984,29,31,0
3619,0.424,10.726,0.010,11.160,1.287,16644,23067,0,36,33,33,1264944,33984,29,31,0
3620,0.439,8.321,0.010,8.770,11.258,16644,23067,0,36,33,33,1264944,33984,29,31,0
3621,0.448,7.353,0.008,7.810,8.873,16644,23067,0,36,33,33,1264944,33984,29,31,0
3622,0.452,0.885,0.006,1.344,7.919,16644,23067,0,36,33,33,1264944,33984,29,31,0
3623,0.468,0.260,0.009,0.737,1.448,16644,23067,0,36,33,33,1264944,33984,29,31,0
3624,0.426,0.205,0.007,0.638,0.837,16644,23067,0,36,33,33,1264944,33984,29,31,0
3625,0.446,0.490,0.010,0.946,0.721,16644,23067,0,36,33,33,1264944,33984,29,31,0
3626,0.515,1.889,0.008,2.413,1.040,16644,23067,0,36,33,33,1264944,33984,29,31,0
3627,0.461,0.756,0.009,1.225,2.522,16644,23067,0,36,33,33,1264944,33984,29,31,0
3628,0.420,2.650,0.006,3.076,1.336,16644,23067,0,36,33,33,1264944,33984,29,31,0
3629,0.451,12.946,0.006,13.403,3.169,16644,23067,0,36,33,33,1264944,33984,29,31,0
3630,0.460,7.577,0.009,8.046,13.500,16644,23067,0,36,33,33,1264944,33984,29,31,0
3631,0.437,0.679,0.009,1.125,8.145,16644,23067,0,36,33,33,1264944,33984,29,31,0
3632,0.428,0.251,0.009,0.688,1.226,16644,23067,0,36,33,33,1264944,33984,29,31,0
3633,0.463,0.220,0.005,0.688,0.784,16644,23067,0,36,33,33,1264944,33984,29,31,0
3634,0.448,0.422,0.010,0.880,0.788,16644,23067,0,36,33,33,1264944,33984,29,31,0
3635,0.449,0.568,0.006,1.024,0.979,16644,23067,0,36,33,33,1264944,33984,29,31,0
3636,0.452,0.252,0.006,0.711,1.118,16644,23067,0,36,33,33,1264944,33984,29,31,0
3637,0.448,0.217,0.008,0.674,0.808,16644,23067,0,36,33,33,1264944,33984,29,31,0
3638,0.447,2.579,0.008,3.034,0.770,16644,23067,0,36,33,33,1264944,33984,29,31,0
3639,0.429,14.973,0.006,15.408,3.142,16644,23067,0,36,33,33,1264944,33984,29,31,0
3640,0.473,8.236,0.011,8.720,15.501,16644,23067,0,36,33,33,1264944,33984,29,31,0
3641,0.475,0.657,0.008,1.140,8.817,16644,23067,0,36,33,33,1264944,33984,29,31,0
3642,0.456,0.267,0.007,0.730,1.235,16644,23067,0,36,33,33,1264944,33984,29,31,0
3643,0.449,0.213,0.009,0.671,0.817,16644,23067,0,36,33,33,1264944,33984,29,31,0
3644,0.420,0.506,0.007,0.934,0.766,16644,23067,0,36,33,33,1264944,33984,29,31,0
3645,0.445,0.545,0.008,0.998,1.035,16644,23067,0,36,33,33,1264944,33984,29,31,0
3646,0.471,0.271,0.008,0.750,1.096,16644,23067,0,36,33,33,1264944,33984,29,31,0
3647,0.464,1.793,0.008,2.265,0.848,16644,23067,0,36,33,33,1264944,33984,29,31,0
3648,0.404,3.228,0.007,3.639,2.371,16644,23067,0,36,33,33,1264944,33984,29,31,0
3649,0.445,13.122,0.008,13.575,3.734,16644,23067,0,36,33,33,1264944,33984,29,31,0
3650,0.432,7.135,0.008,7.575,13.670,16644,23067,0,36,33,33,1264944,33984,29,31,0
3651,0.459,0.661,0.008,1.128,7.674,16644,23067,0,36,33,33,1264944,33984,29,31,0
3652,0.446,0.251,0.006,0.703,1.217,16644,23067,0,36,33,33,1264944,33984,29,31,0
3653,0.450,0.210,0.013,0.672,0.817,16644,23067,0,36,33,33,1264944,33984,29,31,0
3654,0.415,0.579,0.009,1.003,0.771,16644,23067,0,36,33,33,1264944,33984,29,31,0
3655,0.487,0.656,0.014,1.157,1.109,16644,23067,0,36,33,33,1264944,33984,29,31,0
3656,0.422,10.862,0.007,11.292,1.258,16644,23067,0,36,33,33,1264944,33984,29,31,0
3657,0.454,7.723,0.007,8.184,11.390,16644,23067,0,36,33,33,1264944,33984,29,31,0
3658,0.446,7.584,0.009,8.039,8.275,16644,23067,0,36,33,33,1264944,33984,29,31,0
3659,0.446,0.613,0.011,1.069,8.134,16644,23067,0,36,33,33,1264944,33984,29,31,0
3660,0.453,0.256,0.009,0.718,1.178,16644,23067,0,36,33,33,1264944,33984,29,31,0
3661,0.420,0.202,0.010,0.632,0.818,16644,23067,0,36,33,33,1264944,33984,29,31,0
3662,0.445,0.489,0.009,0.943,0.719,16644,23067,0,36,33,33,1264944,33984,29,31,0
3663,0.433,1.392,0.007,1.832,1.033,16644,23067,0,36,33,33,1264944,33984,29,31,0
3664,0.513,2.088,0.007,2.609,1.994,16644,23067,0,36,33,33,1264944,33984,29,31,0
3665,0.406,3.685,0.007,4.098,2.727,16644,23067,0,36,33,33,1264944,33984,29,31,0
3666,0.750,12.312,0.008,13.070,4.194,16644,23067,0,36,33,33,1264944,33984,29,31,0
3667,0.464,7.699,0.008,8.171,13.187,16644,23067,0,36,33,33,1264944,33984,29,31,0
3668,0.432,1.054,0.010,1.496,8.268,16644,23067,0,36,33,33,1264944,33984,29,31,0
3669,0.448,0.294,0.010,0.752,1.602,16644,23067,0,36,33,33,1264944,33984,29,31,0
3670,0.454,0.232,0.015,0.701,0.850,16644,23067,0,36,33,33,1264944,33984,29,31,0
3671,0.445,0.473,0.007,0.926,0.803,16644,23067,0,36,33,33,1264944,33984,29,31,0
3672,0.452,2.916,0.007,3.375,1.017,16644,23067,0,36,33,33,1264944,33984,29,31,0
3673,0.433,16.925,0.008,17.366,3.474,16644,23067,0,36,33,33,1264944,33984,29,31,0
3674,0.465,6.926,0.006,7.396,17.464,16644,23067,0,36,33,33,1264944,33984,29,31,0
3675,0.459,0.596,0.011,1.066,7.490,16644,23067,0,36,33,33,1264944,33984,29,31,0
3676,0.447,0.260,0.008,0.714,1.149,16644,23067,0,36,33,33,1264944,33984,29,31,0
3677,0.434,0.214,0.010,0.658,0.800,16644,23067,0,36,33,33,1264944,33984,29,31,0
3678,0.428,0.485,0.009,0.921,0.740,16644,23067,0,36,33,33,1264944,33984,29,31,0
3679,0.430,2.086,0.010,2.527,1.024,16644,23067,0,36,33,33,1264944,33984,29,31,0
3680,0.456,1.519,0.011,1.986,2.639,16644,23067,0,36,33,33,1264944,33984,29,31,0
3681,0.427,2.785,0.008,3.220,2.099,16644,23067,0,36,33,33,1264944,33984,29,31,0
3682,0.452,13.371,0.010,13.833,3.318,16644,23067,0,36,33,33,1264944,33984,29,31,0
3683,0.464,7.333,0.006,7.804,13.933,16644,23067,0,36,33,33,1264944,33984,29,31,0
3684,0.496,1.251,0.006,1.753,7.901,16644,23067,0,36,33,33,1264944,33984,29,31,0
3685,0.469,0.218,0.013,0.700,1.850,16644,23067,0,36,33,33,1264944,33984,29,31,0
3686,0.476,0.324,0.008,0.808,0.792,16644,23067,0,36,33,33,1264944,33984,29,31,0
3687,0.441,0.565,0.007,1.012,0.908,16644,23067,0,36,33,33,1264944,33984,29,31,0
3688,0.447,0.241,0.009,0.697,1.117,16644,23067,0,36,33,33,1264944,33984,29,31,0
3689,0.463,0.217,0.009,0.688,0.792,16644,23067,0,36,33,33,1264944,33984,29,31,0
3690,0.429,3.086,0.008,3.524,0.784,16644,23067,0,36,33,33,1264944,33984,29,31,0
3691,0.458,15.251,0.007,15.716,3.621,16644,23067,0,36,33,33,1264944,33984,29,31,0
3692,0.501,7.181,0.009,7.691,15.813,16644,23067,0,36,33,33,1264944,33984,29,31,0
3693,0.477,0.912,0.007,1.396,7.791,16644,23067,0,36,33,33,1264944,33984,29,31,0
3694,0.449,0.269,0.009,0.727,1.488,16644,23067,0,36,33,33,1264944,33984,29,31,0
3695,0.450,0.225,0.011,0.686,0.813,16644,23067,0,36,33,33,1264944,33984,29,31,0
3696,0.451,0.640,0.007,1.097,0.769,16644,23067,0,36,33,33,1264944,33984,29,31,0
3697,0.463,0.244,0.008,0.715,1.191,16644,23067,0,36,33,33,1264944,33984,29,31,0
3698,0.458,0.213,0.009,0.680,0.806,16644,23067,0,36,33,33,1264944,33984,29,31,0
3699,0.438,3.686,0.006,4.131,0.775,16644,23067,0,36,33,33,1264944,33984,29,31,0
3700,0.439,14.671,0.009,15.120,4.233,16644,23067,0,36,33,33,1264944,33984,29,31,0
3701,0.479,7.398,0.006,7.883,15.221,16644,23067,0,36,33,33,1264944,33984,29,31,0
3702,0.561,0.777,0.009,1.347,7.980,16644,23067,0,36,33,33,1264944,33984,29,31,0
3703,0.450,0.245,0.009,0.705,1.442,16644,23067,0,36,33,33,1264944,33984,29,31,0
3704,0.456,0.259,0.012,0.727,0.794,16644,23067,0,36,33,33,1264944,33984,29,31,0
3705,0.473,1.140,0.009,1.622,0.831,16644,23067,0,36,33,33,1264944,33984,29,31,0
3706,0.439,0.682,0.008,1.129,1.727,16644,23067,0,36,33,33,1264944,33984,29,31,0
3707,0.455,1.269,0.006,1.730,1.232,16644,23067,0,36,33,33,1264944,33984,29,31,0
3708,0.424,2.650,0.008,3.082,1.832,16644,23067,0,36,33,33,1264944,33984,29,31,0
3709,0.434,13.832,0.007,14.273,3.191,16644,23067,0,36,33,33,1264944,33984,29,31,0
3710,0.479,6.964,0.006,7.449,14.370,16644,23067,0,36,33,33,1264944,33984,29,31,0
3711,0.454,0.592,0.019,1.065,7.546,16644,23067,0,36,33,33,1264944,33984,29,31,0
3712,0.451,0.273,0.009,0.733,1.153,16644,23067,0,36,33,33,1264944,33984,29,31,0
3713,0.455,0.236,0.007,0.698,0.822,16644,23067,0,36,33,33,1264944,33984,29,31,0
3714,0.450,0.507,0.007,0.964,0.789,16644,23067,0,36,33,33,1264944,33984,29,31,0
3715,0.440,0.649,0.009,1.098,1.063,16644,23067,0,36,33,33,1264944,33984,29,31,0
3716,0.444,0.680,0.012,1.135,1.191,16644,23067,0,36,33,33,1264944,33984,29,31,0
3717,0.453,1.339,0.009,1.801,1.246,16644,23067,0,36,33,33,1264944,33984,29,31,0
3718,0.416,2.605,0.009,3.030,1.904,16644,23067,0,36,33,33,1264944,33984,29,31,0
3719,0.425,13.646,0.007,14.078,3.133,16644,23067,0,36,33,33,1264944,33984,29,31,0
3720,0.471,7.144,0.008,7.623,14.178,16644,23067,0,36,33,33,1264944,33984,29,31,0
3721,0.484,0.642,0.008,1.134,7.715,16644,23067,0,36,33,33,1264944,33984,29,31,0
3722,0.463,0.268,0.009,0.740,1.233,16644,23067,0,36,33,33,1264944,33984,29,31,0
3723,0.453,0.202,0.007,0.662,0.841,16644,23067,0,36,33,33,1264944,33984,29,31,0
3724,0.433,0.420,0.010,0.864,0.745,16644,23067,0,36,33,33,1264944,33984,29,31,0
3725,0.452,0.995,0.009,1.456,0.991,16644,23067,0,36,33,33,1264944,33984,29,31,0
3726,0.443,0.779,0.012,1.234,1.562,16644,23067,0,36,33,33,1264944,33984,29,31,0
3727,0.443,1.291,0.012,1.746,1.335,16644,23067,0,36,33,33,1264944,33984,29,31,0
3728,0.438,7.876,0.006,8.321,1.846,16644,23067,0,36,33,33,1264944,33984,29,31,0
3729,0.421,8.003,0.008,8.432,8.429,16644,23067,0,36,33,33,1264944,33984,29,31,0
3730,0.438,7.467,0.006,7.911,8.537,16644,23067,0,36,33,33,1264944,33984,29,31,0
3731,0.461,7.410,0.005,7.876,8.009,16644,23067,0,36,33,33,1264944,33984,29,31,0
3732,0.440,3.159,0.008,3.607,7.970,16644,23067,0,36,33,33,1264944,33984,29,31,0
3733,0.462,13.038,0.008,13.508,3.704,16644,23067,0,36,33,33,1264944,33984,29,31,0
3734,0.491,7.473,0.006,7.971,13.602,16644,23067,0,36,33,33,1264944,33984,29,31,0
3735,0.501,0.594,0.008,1.103,8.070,16644,23067,0,36,33,33,1264944,33984,29,31,0
3736,0.442,0.246,0.009,0.697,1.191,16644,23067,0,36,33,33,1264944,33984,29,31,0
3737,0.438,0.222,0.009,0.669,0.792,16644,23067,0,36,33,33,1264944,33984,29,31,0
3738,0.446,0.352,0.009,0.807,0.771,16644,23067,0,36,33,33,1264944,33984,29,31,0
3739,0.441,0.244,0.005,0.690,0.904,16644,23067,0,36,33,33,1264944,33984,29,31,0
3740,0.478,0.237,0.006,0.721,0.782,16644,23067,0,36,33,33,1264944,33984,29,31,0
3741,0.449,0.558,0.006,1.012,0.816,16644,23067,0,36,33,33,1264944,33984,29,31,0
3742,0.454,3.013,0.008,3.476,1.118,16644,23067,0,36,33,33,1264944,33984,29,31,0
3743,0.417,14.783,0.007,15.207,3.568,16644,23067,0,36,33,33,1264944,33984,29,31,0
3744,0.720,7.039,0.008,7.767,15.303,16644,23067,0,36,33,33,1264944,33984,29,31,0
3745,0.773,0.435,0.010,1.217,7.865,16644,23067,0,36,33,33,1264944,33984,29,31,0
3746,0.471,0.253,0.007,0.732,1.311,16644,23067,0,36,33,33,1264944,33984,29,31,0
3747,0.450,0.251,0.009,0.709,0.814,16644,23067,0,36,33,33,1264944,33984,29,31,0
3748,0.466,0.586,0.010,1.062,0.802,16644,23067,0,36,33,33,1264944,33984,29,31,0
3749,0.442,0.909,0.009,1.360,1.161,16644,23067,0,36,33,33,1264944,33984,29,31,0
3750,0.438,2.377,0.008,2.823,1.464,16644,23067,0,36,33,33,1264944,33984,29,31,0
3751,0.707,2.452,0.005,3.164,2.925,16644,23067,0,36,33,33,1264944,33984,29,31,0
3752,0.437,12.740,0.007,13.184,3.261,16644,23067,0,36,33,33,1264944,33984,29,31,0
3753,0.453,7.585,0.008,8.046,13.282,16644,23067,0,36,33,33,1264944,33984,29,31,0
3754,0.754,0.469,0.008,1.231,8.150,16644,23067,0,36,33,33,1264944,33984,29,31,0
3755,0.463,0.248,0.009,0.720,1.323,16644,23067,0,36,33,33,1264944,33984,29,31,0
3756,0.432,0.213,0.007,0.652,0.803,16644,23067,0,36,33,33,1264944,33984,29,31,0
3757,0.438,0.401,0.016,0.855,0.745,16644,23067,0,36,33,33,1264944,33984,29,31,0
3758,0.457,0.525,0.008,0.990,0.952,16644,23067,0,36,33,33,1264944,33984,29,31,0
3759,0.468,0.233,0.006,0.708,1.082,16644,23067,0,36,33,33,1264944,33984,29,31,0
3760,0.448,0.215,0.009,0.673,0.819,16644,23067,0,36,33,33,1264944,33984,29,31,0
3761,0.448,3.244,0.007,3.699,0.768,16644,23067,0,36,33,33,1264944,33984,29,31,0
3762,0.816,14.005,0.007,14.828,3.796,16644,23067,0,36,33,33,1264944,33984,29,31,0
3763,0.454,7.909,0.009,8.372,14.923,16644,23067,0,36,33,33,1264944,33984,29,31,0
3764,0.759,0.372,0.012,1.143,8.472,16644,23067,0,36,33,33,1264944,33984,29,31,0
3765,0.470,0.274,0.005,0.748,1.245,16644,23067,0,36,33,33,1264944,33984,29,31,0
3766,0.453,0.226,0.009,0.688,0.841,16644,23067,0,36,33,33,1264944,33984,29,31,0
3767,0.439,0.487,0.006,0.932,0.787,16644,23067,0,36,33,33,1264944,33984,29,31,0
3768,0.445,0.529,0.007,0.980,1.038,16644,23067,0,36,33,33,1264944,33984,29,31,0
3769,0.436,0.253,0.007,0.695,1.067,16644,23067,0,36,33,33,1264944,33984,29,31,0
3770,0.444,1.850,0.007,2.301,0.799,16644,23067,0,36,33,33,1264944,33984,29,31,0
3771,0.712,2.328,0.005,3.046,2.391,16644,23067,0,36,33,33,1264944,33984,29,31,0
3772,0.447,13.759,0.006,14.213,3.139,16644,23067,0,36,33,33,1264944,33984,29,31,0
3773,0.495,6.781,0.008,7.285,14.307,16644,23067,0,36,33,33,1264944,33984,29,31,0
3774,0.478,0.700,0.010,1.188,7.387,16644,23067,0,36,33,33,1264944,33984,29,31,0
3775,0.433,0.245,0.009,0.687,1.284,16644,23067,0,36,33,33,1264944,33984,29,31,0
3776,0.436,0.209,0.007,0.652,0.786,16644,23067,0,36,33,33,1264944,33984,29,31,0
3777,0.444,0.497,0.006,0.947,0.749,16644,23067,0,36,33,33,1264944,33984,29,31,0
3778,0.453,0.557,0.012,1.022,1.050,16644,23067,0,36,33,33,1264944,33984,29,31,0
3779,0.815,11.494,0.009,12.317,1.110,16644,23067,0,36,33,33,1264944,33984,29,31,0
3780,0.497,8.061,0.007,8.566,12.421,16644,23067,0,36,33,33,1264944,33984,29,31,0
3781,0.434,7.351,0.006,7.791,8.679,16644,23067,0,36,33,33,1264944,33984,29,31,0
3782,0.472,0.843,0.009,1.323,7.886,16644,23067,0,36,33,33,1264944,33984,29,31,0
3783,0.442,0.453,0.008,0.903,1.443,16644,23067,0,36,33,33,1264944,33984,29,31,0
3784,0.463,0.210,0.007,0.680,1.002,16644,23067,0,36,33,33,1264944,33984,29,31,0
3785,0.440,0.566,0.009,1.014,0.778,16644,23067,0,36,33,33,1264944,33984,29,31,0
3786,0.461,1.100,0.010,1.571,1.102,16644,23067,0,36,33,33,1264944,33984,29,31,0
3787,0.427,0.208,0.007,0.642,1.675,16644,23067,0,36,33,33,1264944,33984,29,31,0
3788,0.440,2.819,0.009,3.268,0.739,16644,23067,0,36,33,33,1264944,33984,29,31,0
3789,0.443,14.424,0.006,14.873,3.377,16644,23067,0,36,33,33,1264944,33984,29,31,0
3790,0.464,7.717,0.008,8.189,14.967,16644,23067,0,36,33,33,1264944,33984,29,31,0
3791,0.450,0.638,0.009,1.097,8.292,16644,23067,0,36,33,33,1264944,33984,29,31,0
3792,0.454,0.278,0.009,0.741,1.203,16644,23067,0,36,33,33,1264944,33984,29,31,0
3793,0.487,0.238,0.010,0.735,0.843,16644,23067,0,36,33,33,1264944,33984,29,31,0
3794,0.442,0.323,0.009,0.775,0.814,16644,23067,0,36,33,33,1264944,33984,29,31,0
3795,0.469,1.908,0.009,2.387,0.928,16644,23067,0,36,33,33,1264944,33984,29,31,0
3796,0.450,0.991,0.011,1.452,2.496,16644,23067,0,36,33,33,1264944,33984,29,31,0
3797,0.420,2.740,0.005,3.165,1.559,16644,23067,0,36,33,33,1264944,33984,29,31,0
3798,0.431,13.739,0.006,14.175,3.269,16644,23067,0,36,33,33,1264944,33984,29,31,0
3799,0.457,7.349,0.007,7.813,14.282,16644,23067,0,36,33,33,1264944,33984,29,31,0
3800,0.438,0.944,0.007,1.390,7.938,16644,23067,0,36,33,33,1264944,33984,29,31,0
3801,0.453,0.267,0.008,0.728,1.495,16644,23067,0,36,33,33,1264944,33984,29,31,0
3802,0.457,0.222,0.008,0.687,0.811,16644,23067,0,36,33,33,1264944,33984,29,31,0
3803,0.435,1.481,0.009,1.924,0.782,16644,23067,0,36,33,33,1264944,33984,29,31,0
3804,0.423,0.236,0.009,0.668,2.033,16644,23067,0,36,33,33,1264944,33984,29,31,0
3805,0.450,10.083,0.008,10.541,0.771,16644,23067,0,36,33,33,1264944,33984,29,31,0
3806,0.458,8.342,0.006,8.805,10.648,16644,23067,0,36,33,33,1264944,33984,29,31,0
3807,0.457,7.292,0.008,7.757,8.906,16644,23067,0,36,33,33,1264944,33984,29,31,0
3808,0.457,1.179,0.010,1.647,7.866,16644,23067,0,36,33,33,1264944,33984,29,31,0
3809,0.438,0.475,0.009,0.922,1.759,16644,23067,0,36,33,33,1264944,33984,29,31,0
3810,0.481,0.220,0.006,0.708,1.019,16644,23067,0,36,33,33,1264944,33984,29,31,0
3811,0.440,0.673,0.013,1.127,0.802,16644,23067,0,36,33,33,1264944,33984,29,31,0
3812,0.595,0.298,0.009,0.902,1.249,16644,23067,0,36,33,33,1264944,33984,29,31,0
3813,0.459,1.485,0.007,1.951,1.002,16644,23067,0,36,33,33,1264944,33984,29,31,0
3814,0.430,2.738,0.006,3.174,2.062,16644,23067,0,36,33,33,1264944,33984,29,31,0
3815,0.427,13.780,0.008,14.215,3.267,16644,23067,0,36,33,33,1264944,33984,29,31,0
3816,0.475,7.225,0.007,7.707,14.319,16644,23067,0,36,33,33,1264944,33984,29,31,0
3817,0.457,0.902,0.008,1.366,7.821,16644,23067,0,36,33,33,1264944,33984,29,31,0
3818,0.435,0.258,0.010,0.703,1.464,16644,23067,0,36,33,33,1264944,33984,29,31,0
3819,0.450,0.220,0.007,0.676,0.795,16644,23067,0,36,33,33,1264944,33984,29,31,0
3820,0.450,0.855,0.006,1.311,0.761,16644,23067,0,36,33,33,1264944,33984,29,31,0
3821,0.457,0.726,0.010,1.194,1.420,16644,23067,0,36,33,33,1264944,33984,29,31,0
3822,0.438,3.897,0.006,4.341,1.295,16644,23067,0,36,33,33,1264944,33984,29,31,0
3823,0.442,14.520,0.008,14.970,4.432,16644,23067,0,36,33,33,1264944,33984,29,31,0
3824,0.459,7.284,0.009,7.751,15.068,16644,23067,0,36,33,33,1264944,33984,29,31,0
3825,0.451,0.667,0.008,1.125,7.858,16644,23067,0,36,33,33,1264944,33984,29,31,0
3826,0.463,0.285,0.008,0.756,1.222,16644,23067,0,36,33,33,1264944,33984,29,31,0
3827,0.464,0.226,0.008,0.698,0.858,16644,23067,0,36,33,33,1264944,33984,29,31,0
3828,0.439,0.344,0.009,0.792,0.790,16644,23067,0,36,33,33,1264944,33984,29,31,0
3829,0.438,1.741,0.007,2.186,0.891,16644,23067,0,36,33,33,1264944,33984,29,31,0
3830,0.457,1.483,0.006,1.946,2.295,16644,23067,0,36,33,33,1264944,33984,29,31,0
3831,0.430,3.588,0.006,4.024,2.051,16644,23067,0,36,33,33,1264944,33984,29,31,0
3832,0.482,12.493,0.006,12.981,4.114,16644,23067,0,36,33,33,1264944,33984,29,31,0
3833,0.441,7.732,0.007,8.180,13.081,16644,23067,0,36,33,33,1264944,33984,29,31,0
3834,0.466,1.473,0.008,1.947,8.292,16644,23067,0,36,33,33,1264944,33984,29,31,0
3835,0.493,0.201,0.010,0.703,2.054,16644,23067,0,36,33,33,1264944,33984,29,31,0
3836,0.414,0.388,0.007,0.809,0.800,16644,23067,0,36,33,33,1264944,33984,29,31,0
3837,0.444,0.820,0.010,1.273,0.897,16644,23067,0,36,33,33,1264944,33984,29,31,0
3838,0.441,3.361,0.007,3.809,1.374,16644,23067,0,36,33,33,1264944,33984,29,31,0
3839,0.464,15.992,0.007,16.462,3.913,16644,23067,0,36,33,33,1264944,33984,29,31,0
3840,0.455,7.286,0.007,7.748,16.558,16644,23067,0,36,33,33,1264944,33984,29,31,0
3841,0.446,0.972,0.005,1.423,7.845,16644,23067,0,36,33,33,1264944,33984,29,31,0
3842,0.452,0.325,0.008,0.786,1.523,16644,23067,0,36,33,33,1264944,33984,29,31,0
3843,0.442,0.223,0.014,0.678,0.888,16644,23067,0,36,33,33,1264944,33984,29,31,0
3844,0.415,0.654,0.005,1.074,0.779,16644,23067,0,36,33,33,1264944,33984,29,31,0
3845,0.428,0.817,0.007,1.252,1.169,16644,23067,0,36,33,33,1264944,33984,29,31,0
3846,0.411,4.309,0.007,4.727,1.354,16644,23067,0,36,33,33,1264944,33984,29,31,0
3847,0.452,13.988,0.008,14.447,4.825,16644,23067,0,36,33,33,1264944,33984,29,31,0
3848,0.504,7.202,0.006,7.712,14.549,16644,23067,0,36,33,33,1264944,33984,29,31,0
3849,0.441,0.640,0.010,1.092,7.814,16644,23067,0,36,33,33,1264944,33984,29,31,0
3850,0.448,0.256,0.009,0.713,1.192,16644,23067,0,36,33,33,1264944,33984,29,31,0
3851,0.436,0.214,0.009,0.660,0.813,16644,23067,0,36,33,33,1264944,33984,29,31,0
3852,0.453,0.281,0.011,0.745,0.755,16644,23067,0,36,33,33,1264944,33984,29,31,0
3853,0.418,2.065,0.008,2.490,0.837,16644,23067,0,36,33,33,1264944,33984,29,31,0
3854,0.447,1.412,0.007,1.867,2.598,16644,23067,0,36,33,33,1264944,33984,29,31,0
3855,0.431,2.606,0.009,3.046,1.973,16644,23067,0,36,33,33,1264944,33984,29,31,0
3856,0.453,13.502,0.007,13.962,3.141,16644,23067,0,36,33,33,1264944,33984,29,31,0
3857,0.456,7.773,0.008,8.237,14.067,16644,23067,0,36,33,33,1264944,33984,29,31,0
3858,0.458,1.261,0.008,1.728,8.336,16644,23067,0,36,33,33,1264944,33984,29,31,0
3859,0.466,0.338,0.012,0.816,1.834,16644,23067,0,36,33,33,1264944,33984,29,31,0
3860,0.453,0.209,0.005,0.667,0.914,16644,23067,0,36,33,33,1264944,33984,29,31,0
3861,0.416,0.603,0.007,1.026,0.765,16644,23067,0,36,33,33,1264944,33984,29,31,0
3862,0.447,0.729,0.022,1.198,1.129,16644,23067,0,36,33,33,1264944,33984,29,31,0
3863,0.442,3.207,0.007,3.656,1.306,16644,23067,0,36,33,33,1264944,33984,29,31,0
3864,0.440,14.764,0.007,15.211,3.769,16644,23067,0,36,33,33,1264944,33984,29,31,0
3865,0.471,7.307,0.007,7.785,15.315,16644,23067,0,36,33,33,1264944,33984,29,31,0
3866,0.435,0.627,0.009,1.071,7.887,16644,23067,0,36,33,33,1264944,33984,29,31,0
3867,0.456,0.242,0.008,0.705,1.165,16644,23067,0,36,33,33,1264944,33984,29,31,0
3868,0.422,0.213,0.008,0.643,0.814,16644,23067,0,36,33,33,1264944,33984,29,31,0
3869,0.466,0.787,0.010,1.263,0.732,16644,23067,0,36,33,33,1264944,33984,29,31,0
3870,0.455,1.731,0.008,2.194,1.355,16644,23067,0,36,33,33,1264944,33984,29,31,0
3871,0.465,1.397,0.007,1.870,2.306,16644,23067,0,36,33,33,1264944,33984,29,31,0
3872,0.421,2.721,0.005,3.147,1.979,16644,23067,0,36,33,33,1264944,33984,29,31,0
3873,0.428,13.639,0.007,14.075,3.250,16644,23067,0,36,33,33,1264944,33984,29,31,0
3874,0.454,7.330,0.007,7.792,14.175,16644,23067,0,36,33,33,1264944,33984,29,31,0
3875,0.455,0.877,0.010,1.342,7.896,16644,23067,0,36,33,33,1264944,33984,29,31,0
3876,0.463,0.251,0.006,0.720,1.445,16644,23067,0,36,33,33,1264944,33984,29,31,0
3877,0.447,0.236,0.015,0.698,0.808,16644,23067,0,36,33,33,1264944,33984,29,31,0
3878,0.436,0.377,0.009,0.822,0.779,16644,23067,0,36,33,33,1264944,33984,29,31,0
3879,0.477,1.784,0.007,2.269,0.909,16644,23067,0,36,33,33,1264944,33984,29,31,0
3880,0.446,1.003,0.009,1.458,2.381,16644,23067,0,36,33,33,1264944,33984,29,31,0
3881,0.422,3.094,0.007,3.523,1.569,16644,23067,0,36,33,33,1264944,33984,29,31,0
3882,0.434,12.524,0.006,12.964,3.625,16644,23067,0,36,33,33,1264944,33984,29,31,0
3883,0.462,7.553,0.007,8.022,13.056,16644,23067,0,36,33,33,1264944,33984,29,31,0
3884,0.479,0.716,0.008,1.203,8.120,16644,23067,0,36,33,33,1264944,33984,29,31,0
3885,0.471,0.249,0.007,0.727,1.297,16644,23067,0,36,33,33,1264944,33984,29,31,0
3886,0.435,0.218,0.008,0.661,0.815,16644,23067,0,36,33,33,1264944,33984,29,31,0
3887,0.435,0.338,0.008,0.781,0.737,16644,23067,0,36,33,33,1264944,33984,29,31,0
3888,0.438,2.107,0.010,2.555,0.877,16644,23067,0,36,33,33,1264944,33984,29,31,0
3889,0.461,1.622,0.009,2.092,2.662,16644,23067,0,36,33,33,1264944,33984,29,31,0
3890,0.424,2.719,0.008,3.150,2.199,16644,23067,0,36,33,33,1264944,33984,29,31,0
3891,0.447,12.829,0.007,13.283,3.245,16644,23067,0,36,33,33,1264944,33984,29,31,0
3892,0.458,7.867,0.005,8.330,13.374,16644,23067,0,36,33,33,1264944,33984,29,31,0
3893,0.439,0.601,0.008,1.048,8.430,16644,23067,0,36,33,33,1264944,33984,29,31,0
3894,0.457,0.257,0.009,0.723,1.152,16644,23067,0,36,33,33,1264944,33984,29,31,0
3895,0.456,0.225,0.009,0.690,0.818,16644,23067,0,36,33,33,1264944,33984,29,31,0
3896,0.433,0.809,0.007,1.248,0.781,16644,23067,0,36,33,33,1264944,33984,29,31,0
3897,0.438,0.364,0.007,0.810,1.348,16644,23067,0,36,33,33,1264944,33984,29,31,0
3898,0.432,0.203,0.010,0.645,0.908,16644,23067,0,36,33,33,1264944,33984,29,31,0
3899,0.435,10.807,0.007,11.249,0.740,16644,23067,0,36,33,33,1264944,33984,29,31,0
3900,0.499,7.660,0.006,8.166,11.349,16644,23067,0,36,33,33,1264944,33984,29,31,0
3901,0.460,7.248,0.011,7.720,8.265,16644,23067,0,36,33,33,1264944,33984,29,31,0
3902,0.451,1.336,0.008,1.795,7.832,16644,23067,0,36,33,33,1264944,33984,29,31,0
3903,0.448,0.201,0.007,0.656,1.916,16644,23067,0,36,33,33,1264944,33984,29,31,0
3904,0.441,0.398,0.011,0.850,0.740,16644,23067,0,36,33,33,1264944,33984,29,31,0
3905,0.447,0.618,0.018,1.083,0.944,16644,23067,0,36,33,33,1264944,33984,29,31,0
3906,0.450,0.337,0.006,0.794,1.187,16644,23067,0,36,33,33,1264944,33984,29,31,0
3907,0.461,0.210,0.011,0.682,0.895,16644,23067,0,36,33,33,1264944,33984,29,31,0
3908,0.425,3.803,0.008,4.237,0.777,16644,23067,0,36,33,33,1264944,33984,29,31,0
3909,0.461,13.722,0.006,14.189,4.347,16644,23067,0,36,33,33,1264944,33984,29,31,0
3910,0.454,8.218,0.006,8.677,14.284,16644,23067,0,36,33,33,1264944,33984,29,31,0
3911,0.464,0.892,0.007,1.363,8.776,16644,23067,0,36,33,33,1264944,33984,29,31,0
3912,0.465,0.296,0.009,0.770,1.461,16644,23067,0,36,33,33,1264944,33984,29,31,0
3913,0.449,0.235,0.005,0.689,0.856,16644,23067,0,36,33,33,1264944,33984,29,31,0
3914,0.436,0.556,0.006,0.997,0.780,16644,23067,0,36,33,33,1264944,33984,29,31,0
3915,0.470,0.733,0.007,1.210,1.087,16644,23067,0,36,33,33,1264944,33984,29,31,0
3916,0.425,4.419,0.006,4.850,1.311,16644,23067,0,36,33,33,1264944,33984,29,31,0
3917,0.427,14.576,0.012,15.016,4.959,16644,23067,0,36,33,33,1264944,33984,29,31,0
3918,0.557,7.084,0.010,7.651,15.137,16644,23067,0,36,33,33,1264944,33984,29,31,0
3919,0.487,0.850,0.007,1.344,7.760,16644,23067,0,36,33,33,1264944,33984,29,31,0
3920,0.464,0.262,0.009,0.735,1.441,16644,23067,0,36,33,33,1264944,33984,29,31,0
3921,0.508,0.215,0.007,0.730,0.864,16644,23067,0,36,33,33,1264944,33984,29,31,0
3922,0.459,0.844,0.012,1.315,0.829,16644,23067,0,36,33,33,1264944,33984,29,31,0
3923,0.453,0.711,0.007,1.172,1.407,16644,23067,0,36,33,33,1264944,33984,29,31,0
3924,0.429,4.134,0.007,4.570,1.272,16644,23067,0,36,33,33,1264944,33984,29,31,0
3925,0.440,14.088,0.009,14.537,4.701,16644,23067,0,36,33,33,1264944,33984,29,31,0
3926,0.500,7.218,0.008,7.727,14.693,16644,23067,0,36,33,33,1264944,33984,29,31,0
3927,0.458,0.646,0.010,1.114,7.847,16644,23067,0,36,33,33,1264944,33984,29,31,0
3928,0.472,0.254,0.009,0.735,1.212,16644,23067,0,36,33,33,1264944,33984,29,31,0
3929,0.444,0.205,0.009,0.658,0.836,16644,23067,0,36,33,33,1264944,33984,29,31,0
3930,0.459,0.541,0.011,1.011,0.740,16644,23067,0,36,33,33,1264944,33984,29,31,0
3931,0.430,2.148,0.009,2.588,1.112,16644,23067,0,36,33,33,1264944,33984,29,31,0
3932,0.490,1.101,0.008,1.599,2.694,16644,23067,0,36,33,33,1264944,33984,29,31,0
3933,0.428,2.779,0.008,3.215,1.711,16644,23067,0,36,33,33,1264944,33984,29,31,0
3934,0.421,12.742,0.006,13.170,3.322,16644,23067,0,36,33,33,1264944,33984,29,31,0
3935,0.450,8.060,0.006,8.517,13.268,16644,23067,0,36,33,33,1264944,33984,29,31,0
3936,0.457,0.889,0.011,1.356,8.620,16644,23067,0,36,33,33,1264944,33984,29,31,0
3937,0.454,0.255,0.010,0.719,1.446,16644,23067,0,36,33,33,1264944,33984,29,31,0
3938,0.435,0.232,0.008,0.675,0.802,16644,23067,0,36,33,33,1264944,33984,29,31,0
3939,0.443,0.350,0.009,0.801,0.775,16644,23067,0,36,33,33,1264944,33984,29,31,0
3940,0.493,0.877,0.012,1.382,0.899,16644,23067,0,36,33,33,1264944,33984,29,31,0
3941,0.428,0.199,0.009,0.636,1.493,16644,23067,0,36,33,33,1264944,33984,29,31,0
3942,0.457,3.518,0.008,3.982,0.731,16644,23067,0,36,33,33,1264944,33984,29,31,0
3943,0.434,14.671,0.006,15.111,4.096,16644,23067,0,36,33,33,1264944,33984,29,31,0
3944,0.465,7.367,0.008,7.840,15.218,16644,23067,0,36,33,33,1264944,33984,29,31,0
3945,0.437,0.922,0.009,1.368,7.955,16644,23067,0,36,33,33,1264944,33984,29,31,0
3946,0.443,0.343,0.011,0.796,1.476,16644,23067,0,36,33,33,1264944,33984,29,31,0
3947,0.449,0.235,0.008,0.691,0.879,16644,23067,0,36,33,33,1264944,33984,29,31,0
3948,0.445,0.547,0.005,0.997,0.790,16644,23067,0,36,33,33,1264944,33984,29,31,0
3949,0.449,0.589,0.007,1.045,1.105,16644,23067,0,36,33,33,1264944,33984,29,31,0
3950,0.419,3.741,0.007,4.167,1.152,16644,23067,0,36,33,33,1264944,33984,29,31,0
3951,0.415,14.841,0.007,15.263,4.270,16644,23067,0,36,33,33,1264944,33984,29,31,0
3952,0.457,7.704,0.011,8.172,15.358,16644,23067,0,36,33,33,1264944,33984,29,31,0
3953,0.462,0.957,0.007,1.425,8.270,16644,23067,0,36,33,33,1264944,33984,29,31,0
3954,0.438,0.248,0.009,0.695,1.534,16644,23067,0,36,33,33,1264944,33984,29,31,0
3955,0.457,0.214,0.010,0.681,0.791,16644,23067,0,36,33,33,1264944,33984,29,31,0
3956,0.441,0.981,0.017,1.439,0.786,16644,23067,0,36,33,33,1264944,33984,29,31,0
3957,0.546,0.252,0.020,0.818,1.557,16644,23067,0,36,33,33,1264944,33984,29,31,0
3958,0.483,1.941,0.008,2.432,0.909,16644,23067,0,36,33,33,1264944,33984,29,31,0
3959,0.412,2.872,0.008,3.292,2.535,16644,23067,0,36,33,33,1264944,33984,29,31,0
3960,0.442,13.500,0.009,13.951,3.397,16644,23067,0,36,33,33,1264944,33984,29,31,0
3961,0.476,7.460,0.007,7.944,14.053,16644,23067,0,36,33,33,1264944,33984,29,31,0
3962,0.450,0.647,0.007,1.105,8.048,16644,23067,0,36,33,33,1264944,33984,29,31,0
3963,0.445,0.330,0.007,0.782,1.199,16644,23067,0,36,33,33,1264944,33984,29,31,0
3964,0.443,0.753,0.026,1.223,0.869,16644,23067,0,36,33,33,1264944,33984,29,31,0
3965,0.450,0.307,0.006,0.763,1.320,16644,23067,0,36,33,33,1264944,33984,29,31,0
3966,0.477,0.340,0.012,0.829,0.865,16644,23067,0,36,33,33,1264944,33984,29,31,0
3967,0.435,3.035,0.009,3.479,0.939,16644,23067,0,36,33,33,1264944,33984,29,31,0
3968,0.431,15.638,0.005,16.075,3.586,16644,23067,0,36,33,33,1264944,33984,29,31,0
3969,0.446,7.271,0.009,7.725,16.178,16644,23067,0,36,33,33,1264944,33984,29,31,0
3970,0.432,0.639,0.009,1.080,7.832,16644,23067,0,36,33,33,1264944,33984,29,31,0
3971,0.444,0.245,0.009,0.698,1.179,16644,23067,0,36,33,33,1264944,33984,29,31,0
3972,0.446,0.229,0.010,0.685,0.802,16644,23067,0,36,33,33,1264944,33984,29,31,0
3973,0.456,1.006,0.009,1.471,0.781,16644,23067,0,36,33,33,1264944,33984,29,31,0
3974,0.459,0.774,0.009,1.242,1.575,16644,23067,0,36,33,33,1264944,33984,29,31,0
3975,0.416,10.765,0.006,11.187,1.344,16644,23067,0,36,33,33,1264944,33984,29,31,0
3976,0.450,7.675,0.011,8.136,11.285,16644,23067,0,36,33,33,1264944,33984,29,31,0
3977,0.434,8.009,0.008,8.451,8.232,16644,23067,0,36,33,33,1264944,33984,29,31,0
3978,0.444,0.892,0.006,1.342,8.560,16644,23067,0,36,33,33,1264944,33984,29,31,0
3979,0.442,0.212,0.006,0.660,1.439,16644,23067,0,36,33,33,1264944,33984,29,31,0
3980,0.428,1.010,0.009,1.447,0.750,16644,23067,0,36,33,33,1264944,33984,29,31,0
3981,0.439,0.214,0.008,0.661,1.550,16644,23067,0,36,33,33,1264944,33984,29,31,0
3982,0.457,0.847,0.007,1.311,0.762,16644,23067,0,36,33,33,1264944,33984,29,31,0
3983,0.437,4.045,0.006,4.488,1.663,16644,23067,0,36,33,33,1264944,33984,29,31,0
3984,0.408,14.077,0.006,14.490,4.597,16644,23067,0,36,33,33,1264944,33984,29,31,0
3985,0.431,6.706,0.008,7.145,14.582,16644,23067,0,36,33,33,1264944,33984,29,31,0
3986,0.473,7.733,0.011,8.216,7.248,16644,23067,0,36,33,33,1264944,33984,29,31,0
3987,0.451,8.208,0.008,8.668,8.313,16644,23067,0,36,33,33,1264944,33984,29,31,0
3988,0.435,8.059,0.006,8.501,8.775,16644,23067,0,36,33,33,1264944,33984,29,31,0
3989,0.456,6.942,0.009,7.407,8.786,16644,23067,0,36,33,33,1264944,33984,29,31,0
3990,0.443,0.722,0.010,1.175,7.503,16644,23067,0,36,33,33,1264944,33984,29,31,0
3991,0.516,0.242,0.008,0.765,1.278,16644,23067,0,36,33,33,1264944,33984,29,31,0
3992,0.461,0.225,0.010,0.696,0.855,16644,23067,0,36,33,33,1264944,33984,29,31,0
3993,0.412,0.460,0.007,0.880,0.831,16644,23067,0,36,33,33,1264944,33984,29,31,0
3994,0.427,0.756,0.007,1.189,0.977,16644,23067,0,36,33,33,1264944,33984,29,31,0
3995,0.446,0.739,0.007,1.192,1.284,16644,23067,0,36,33,33,1264944,33984,29,31,0
3996,0.434,3.274,0.008,3.716,1.296,16644,23067,0,36,33,33,1264944,33984,29,31,0
3997,0.419,14.373,0.006,14.798,3.830,16644,23067,0,36,33,33,1264944,33984,29,31,0
3998,0.449,7.762,0.008,8.219,14.897,16644,23067,0,36,33,33,1264944,33984,29,31,0
3999,0.461,0.636,0.006,1.103,8.312,16644,23067,0,36,33,33,1264944,33984,29,31,0
4000,0.458,0.246,0.014,0.717,1.201,16644,23067,0,36,33,33,1264944,33984,29,31,0
4001,0.451,0.237,0.008,0.696,0.801,16644,23067,0,36,33,33,1264944,33984,29,31,0
4002,0.472,0.452,0.008,0.932,0.795,16644,23067,0,36,33,33,1264944,33984,29,31,0
4003,0.455,0.641,0.007,1.103,1.031,16644,23067,0,36,33,33,1264944,33984,29,31,0
4004,0.484,0.525,0.015,1.024,1.198,16644,23067,0,36,33,33,1264944,33984,29,31,0
4005,0.457,3.654,0.008,4.119,1.125,16644,23067,0,36,33,33,1264944,33984,29,31,0
4006,0.433,14.400,0.005,14.839,4.223,16644,23067,0,36,33,33,1264944,33984,29,31,0
4007,0.449,7.441,0.005,7.895,14.931,16644,23067,0,36,33,33,1264944,33984,29,31,0
4008,0.431,0.702,0.007,1.140,7.996,16644,23067,0,36,33,33,1264944,33984,29,31,0
4009,0.439,0.234,0.007,0.679,1.250,16644,23067,0,36,33,33,1264944,33984,29,31,0
4010,0.458,0.220,0.009,0.687,0.772,16644,23067,0,36,33,33,1264944,33984,29,31,0
4011,0.534,0.241,0.024,0.799,2.167,16644,23067,0,36,33,33,1264944,33984,29,31,0
4012,0.489,0.660,0.007,1.157,1.220,16644,23067,0,36,33,33,1264944,33984,29,31,0
4013,0.444,2.755,0.012,3.212,1.642,16644,23067,0,36,33,33,1264944,33984,29,31,0
4014,0.501,14.248,0.007,14.757,3.474,16644,23067,0,36,33,33,1264944,33984,29,31,0
4015,0.455,7.430,0.008,7.892,14.849,16644,23067,0,36,33,33,1264944,33984,29,31,0
4016,0.450,0.763,0.007,1.219,7.999,16644,23067,0,36,33,33,1264944,33984,29,31,0
4017,0.448,0.249,0.008,0.704,1.314,16644,23067,0,36,33,33,1264944,33984,29,31,0
4018,0.458,0.219,0.009,0.686,0.800,16644,23067,0,36,33,33,1264944,33984,29,31,0
4019,0.449,0.364,0.011,0.825,0.782,16644,23067,0,36,33,33,1264944,33984,29,31,0
4020,0.460,1.091,0.010,1.561,0.920,16644,23067,0,36,33,33,1264944,33984,29,31,0
4021,0.432,10.641,0.009,11.081,1.668,16644,23067,0,36,33,33,1264944,33984,29,31,0
4022,0.437,8.492,0.008,8.937,11.192,16644,23067,0,36,33,33,1264944,33984,29,31,0
4023,0.468,7.319,0.005,7.791,9.034,16644,23067,0,36,33,33,1264944,33984,29,31,0
4024,0.465,0.875,0.008,1.348,7.892,16644,23067,0,36,33,33,1264944,33984,29,31,0
4025,0.444,1.048,0.008,1.500,1.440,16644,23067,0,36,33,33,1264944,33984,29,31,0
4026,0.453,0.261,0.007,0.720,1.591,16644,23067,0,36,33,33,1264944,33984,29,31,0
4027,0.453,0.222,0.010,0.685,0.809,16644,23067,0,36,33,33,1264944,33984,29,31,0
4028,0.454,0.384,0.010,0.848,0.773,16644,23067,0,36,33,33,1264944,33984,29,31,0
4029,0.458,3.121,0.011,3.590,0.947,16644,23067,0,36,33,33,1264944,33984,29,31,0
4030,0.431,14.965,0.011,15.407,3.698,16644,23067,0,36,33,33,1264944,33984,29,31,0
4031,0.449,7.818,0.008,8.276,15.509,16644,23067,0,36,33,33,1264944,33984,29,31,0
4032,0.433,0.696,0.008,1.137,8.378,16644,23067,0,36,33,33,1264944,33984,29,31,0
4033,0.475,0.255,0.008,0.739,1.237,16644,23067,0,36,33,33,1264944,33984,29,31,0
4034,0.446,0.227,0.008,0.680,0.830,16644,23067,0,36,33,33,1264944,33984,29,31,0
4035,0.450,0.634,0.008,1.091,0.767,16644,23067,0,36,33,33,1264944,33984,29,31,0
4036,0.491,1.766,0.008,2.266,1.180,16644,23067,0,36,33,33,1264944,33984,29,31,0
4037,0.449,1.667,0.012,2.128,2.370,16644,23067,0,36,33,33,1264944,33984,29,31,0
4038,0.436,3.218,0.007,3.660,2.238,16644,23067,0,36,33,33,1264944,33984,29,31,0
4039,0.467,12.353,0.006,12.826,3.759,16644,23067,0,36,33,33,1264944,33984,29,31,0
4040,0.464,7.416,0.009,7.889,12.924,16644,23067,0,36,33,33,1264944,33984,29,31,0
4041,0.440,0.686,0.009,1.136,8.000,16644,23067,0,36,33,33,1264944,33984,29,31,0
4042,0.441,0.236,0.008,0.685,1.231,16644,23067,0,36,33,33,1264944,33984,29,31,0
4043,0.438,0.210,0.010,0.658,0.778,16644,23067,0,36,33,33,1264944,33984,29,31,0
4044,0.437,0.476,0.009,0.921,0.756,16644,23067,0,36,33,33,1264944,33984,29,31,0
4045,0.479,0.587,0.013,1.078,1.027,16644,23067,0,36,33,33,1264944,33984,29,31,0
4046,0.660,0.346,0.011,1.017,1.205,16644,23067,0,36,33,33,1264944,33984,29,31,0
4047,0.440,10.154,0.019,10.614,1.166,16644,23067,0,36,33,33,1264944,33984,29,31,0
4048,0.434,8.250,0.008,8.692,10.719,16644,23067,0,36,33,33,1264944,33984,29,31,0
4049,0.470,7.340,0.009,7.818,8.785,16644,23067,0,36,33,33,1264944,33984,29,31,0
4050,0.448,1.239,0.009,1.697,7.913,16644,23067,0,36,33,33,1264944,33984,29,31,0
4051,0.421,0.236,0.009,0.666,1.802,16644,23067,0,36,33,33,1264944,33984,29,31,0
4052,0.421,0.411,0.011,0.844,0.759,16644,23067,0,36,33,33,1264944,33984,29,31,0
4053,0.472,0.815,0.013,1.300,0.949,16644,23067,0,36,33,33,1264944,33984,29,31,0
4054,0.484,10.737,0.009,11.230,1.770,16644,23067,0,36,33,33,1264944,33984,29,31,0
4055,0.495,7.575,0.008,8.078,11.325,16644,23067,0,36,33,33,1264944,33984,29,31,0
4056,0.478,8.022,0.006,8.506,8.174,16644,23067,0,36,33,33,1264944,33984,29,31,0
4057,0.452,0.960,0.009,1.422,8.605,16644,23067,0,36,33,33,1264944,33984,29,31,0
4058,0.431,0.354,0.011,0.796,1.524,16644,23067,0,36,33,33,1264944,33984,29,31,0
4059,0.435,0.210,0.009,0.654,0.886,16644,23067,0,36,33,33,1264944,33984,29,31,0
4060,0.418,0.538,0.012,0.968,0.754,16644,23067,0,36,33,33,1264944,33984,29,31,0
4061,0.459,0.522,0.009,0.991,1.060,16644,23067,0,36,33,33,1264944,33984,29,31,0
4062,0.446,3.243,0.008,3.697,1.094,16644,23067,0,36,33,33,1264944,33984,29,31,0
4063,0.425,15.735,0.009,16.170,3.805,16644,23067,0,36,33,33,1264944,33984,29,31,0
4064,0.446,7.183,0.009,7.638,16.259,16644,23067,0,36,33,33,1264944,33984,29,31,0
4065,0.450,0.579,0.010,1.040,7.742,16644,23067,0,36,33,33,1264944,33984,29,31,0
4066,0.449,0.247,0.008,0.704,1.136,16644,23067,0,36,33,33,1264944,33984,29,31,0
4067,0.453,0.222,0.010,0.685,0.809,16644,23067,0,36,33,33,1264944,33984,29,31,0
4068,0.456,0.250,0.008,0.714,0.766,16644,23067,0,36,33,33,1264944,33984,29,31,0
4069,0.435,2.281,0.008,2.724,0.792,16644,23067,0,36,33,33,1264944,33984,29,31,0
4070,0.439,1.183,0.006,1.627,2.826,16644,23067,0,36,33,33,1264944,33984,29,31,0
4071,0.416,2.886,0.007,3.309,1.733,16644,23067,0,36,33,33,1264944,33984,29,31,0
4072,0.457,12.721,0.009,13.188,3.734,16644,23067,0,36,33,33,1264944,33984,29,31,0
4073,0.523,7.667,0.010,8.200,13.292,16644,23067,0,36,33,33,1264944,33984,29,31,0
4074,0.466,0.880,0.006,1.352,8.293,16644,23067,0,36,33,33,1264944,33984,29,31,0
4075,0.447,0.199,0.011,0.657,1.447,16644,23067,0,36,33,33,1264944,33984,29,31,0
4076,0.438,0.557,0.008,1.003,0.738,16644,23067,0,36,33,33,1264944,33984,29,31,0
4077,0.486,0.247,0.010,0.743,1.105,16644,23067,0,36,33,33,1264944,33984,29,31,0
4078,0.459,0.219,0.006,0.684,0.849,16644,23067,0,36,33,33,1264944,33984,29,31,0
4079,0.440,0.403,0.019,0.862,0.795,16644,23067,0,36,33,33,1264944,33984,29,31,0
4080,0.424,3.330,0.006,3.761,0.961,16644,23067,0,36,33,33,1264944,33984,29,31,0
4081,0.424,15.003,0.007,15.435,3.871,16644,23067,0,36,33,33,1264944,33984,29,31,0
4082,0.456,7.450,0.007,7.913,15.544,16644,23067,0,36,33,33,1264944,33984,29,31,0
4083,0.440,0.714,0.007,1.162,8.008,16644,23067,0,36,33,33,1264944,33984,29,31,0
4084,0.466,0.420,0.008,0.894,1.258,16644,23067,0,36,33,33,1264944,33984,29,31,0
4085,0.434,0.349,0.006,0.790,0.984,16644,23067,0,36,33,33,1264944,33984,29,31,0
4086,0.467,1.069,0.015,1.551,0.886,16644,23067,0,36,33,33,1264944,33984,29,31,0
4087,0.508,0.317,0.008,0.832,1.660,16644,23067,0,36,33,33,1264944,33984,29,31,0
4088,0.473,2.406,0.007,2.886,0.936,16644,23067,0,36,33,33,1264944,33984,29,31,0
4089,0.431,3.615,0.008,4.054,2.993,16644,23067,0,36,33,33,1264944,33984,29,31,0
4090,0.463,12.099,0.006,12.567,4.179,16644,23067,0,36,33,33,1264944,33984,29,31,0
4091,0.441,7.087,0.010,7.538,12.691,16644,23067,0,36,33,33,1264944,33984,29,31,0
4092,0.428,0.763,0.009,1.200,7.644,16644,23067,0,36,33,33,1264944,33984,29,31,0
4093,0.426,0.246,0.006,0.678,1.300,16644,23067,0,36,33,33,1264944,33984,29,31,0
4094,0.467,0.215,0.008,0.690,0.778,16644,23067,0,36,33,33,1264944,33984,29,31,0
4095,0.447,0.494,0.007,0.948,0.788,16644,23067,0,36,33,33,1264944,33984,29,31,0
4096,0.449,0.255,0.007,0.710,1.039,16644,23067,0,36,33,33,1264944,33984,29,31,0
4097,0.461,0.218,0.008,0.687,0.814,16644,23067,0,36,33,33,1264944,33984,29,31,0
4098,0.442,3.323,0.008,3.773,0.785,16644,23067,0,36,33,33,1264944,33984,29,31,0
4099,0.424,15.491,0.006,15.920,3.878,16644,23067,0,36,33,33,1264944,33984,29,31,0
4100,0.451,7.383,0.008,7.842,16.019,16644,23067,0,36,33,33,1264944,33984,29,31,0
4101,0.436,0.708,0.007,1.151,7.952,16644,23067,0,36,33,33,1264944,33984,29,31,0
4102,0.434,0.254,0.007,0.695,1.249,16644,23067,0,36,33,33,1264944,33984,29,31,0
4103,0.455,0.214,0.010,0.679,0.779,16644,23067,0,36,33,33,1264944,33984,29,31,0
4104,0.415,0.680,0.008,1.103,0.779,16644,23067,0,36,33,33,1264944,33984,29,31,0
4105,0.468,0.484,0.009,0.961,1.209,16644,23067,0,36,33,33,1264944,33984,29,31,0
4106,0.436,11.124,0.010,11.570,1.062,16644,23067,0,36,33,33,1264944,33984,29,31,0
4107,0.470,7.611,0.006,8.088,11.670,16644,23067,0,36,33,33,1264944,33984,29,31,0
4108,0.480,7.575,0.008,8.063,8.181,16644,23067,0,36,33,33,1264944,33984,29,31,0
4109,0.472,0.706,0.010,1.188,8.158,16644,23067,0,36,33,33,1264944,33984,29,31,0
4110,0.452,0.253,0.009,0.715,1.278,16644,23067,0,36,33,33,1264944,33984,29,31,0
4111,0.420,0.209,0.010,0.639,0.817,16644,23067,0,36,33,33,1264944,33984,29,31,0
4112,0.437,0.447,0.008,0.892,0.734,16644,23067,0,36,33,33,1264944,33984,29,31,0
4113,0.439,2.171,0.007,2.616,0.981,16644,23067,0,36,33,33,1264944,33984,29,31,0
4114,0.479,1.199,0.007,1.684,2.724,16644,23067,0,36,33,33,1264944,33984,29,31,0
4115,0.419,2.662,0.009,3.089,1.792,16644,23067,0,36,33,33,1264944,33984,29,31,0
4116,0.433,13.472,0.008,13.913,3.188,16644,23067,0,36,33,33,1264944,33984,29,31,0
4117,0.478,7.471,0.006,7.955,14.010,16644,23067,0,36,33,33,1264944,33984,29,31,0
4118,0.458,0.793,0.007,1.258,8.053,16644,23067,0,36,33,33,1264944,33984,29,31,0
4119,0.511,0.307,0.007,0.824,1.382,16644,23067,0,36,33,33,1264944,33984,29,31,0
4120,0.487,0.276,0.013,0.776,0.913,16644,23067,0,36,33,33,1264944,33984,29,31,0
4121,0.482,0.243,0.006,0.732,1.113,16644,23067,0,36,33,33,1264944,33984,29,31,0
4122,0.496,0.334,0.007,0.838,1.298,16644,23067,0,36,33,33,1264944,33984,29,31,0
4123,0.546,3.585,0.010,4.141,1.557,16644,23067,0,36,33,33,1264944,33984,29,31,0
4124,0.508,14.071,0.015,14.595,4.245,16644,23067,0,36,33,33,1264944,33984,29,31,0
4125,0.573,7.400,0.011,7.984,14.702,16644,23067,0,36,33,33,1264944,33984,29,31,0
4126,0.541,0.581,0.009,1.131,8.097,16644,23067,0,36,33,33,1264944,33984,29,31,0
4127,0.474,0.235,0.008,0.717,1.223,16644,23067,0,36,33,33,1264944,33984,29,31,0
4128,0.453,0.358,0.008,0.819,0.807,16644,23067,0,36,33,33,1264944,33984,29,31,0
4129,0.475,0.530,0.007,1.012,0.912,16644,23067,0,36,33,33,1264944,33984,29,31,0
4130,0.488,0.254,0.008,0.750,1.107,16644,23067,0,36,33,33,1264944,33984,29,31,0
4131,0.455,0.228,0.007,0.690,0.845,16644,23067,0,36,33,33,1264944,33984,29,31,0
4132,0.456,10.732,0.014,11.202,0.775,16644,23067,0,36,33,33,1264944,33984,29,31,0
4133,0.575,7.515,0.012,8.101,11.314,16644,23067,0,36,33,33,1264944,33984,29,31,0
4134,0.516,7.364,0.010,7.890,8.212,16644,23067,0,36,33,33,1264944,33984,29,31,0
4135,0.488,0.669,0.013,1.171,7.987,16644,23067,0,36,33,33,1264944,33984,29,31,0
4136,0.468,0.278,0.008,0.754,1.683,16644,23067,0,36,33,33,1264944,33984,29,31,0
4137,0.457,0.294,0.014,0.764,0.848,16644,23067,0,36,33,33,1264944,33984,29,31,0
4138,0.489,0.252,0.009,0.749,0.859,16644,23067,0,36,33,33,1264944,33984,29,31,0
4139,0.452,0.414,0.008,0.874,0.835,16644,23067,0,36,33,33,1264944,33984,29,31,0
4140,0.508,0.482,0.008,0.998,0.971,16644,23067,0,36,33,33,1264944,33984,29,31,0
4141,0.483,3.355,0.007,3.845,1.092,16644,23067,0,36,33,33,1264944,33984,29,31,0
4142,0.454,14.293,0.011,14.757,3.954,16644,23067,0,36,33,33,1264944,33984,29,31,0
4143,0.501,7.450,0.009,7.960,14.858,16644,23067,0,36,33,33,1264944,33984,29,31,0
4144,0.502,0.651,0.007,1.160,8.059,16644,23067,0,36,33,33,1264944,33984,29,31,0
4145,0.467,0.265,0.011,0.744,1.268,16644,23067,0,36,33,33,1264944,33984,29,31,0
4146,0.478,0.235,0.007,0.720,0.840,16644,23067,0,36,33,33,1264944,33984,29,31,0
4147,0.439,0.529,0.009,0.978,0.816,16644,23067,0,36,33,33,1264944,33984,29,31,0
4148,0.454,0.596,0.011,1.062,1.076,16644,23067,0,36,33,33,1264944,33984,29,31,0
4149,0.464,0.306,0.009,0.779,1.164,16644,23067,0,36,33,33,1264944,33984,29,31,0
4150,0.507,1.492,0.011,2.010,1.301,16644,23067,0,36,33,33,1264944,33984,29,31,0
4151,0.468,2.829,0.011,3.308,2.109,16644,23067,0,36,33,33,1264944,33984,29,31,0
4152,0.461,12.698,0.011,13.170,3.417,16644,23067,0,36,33,33,1264944,33984,29,31,0
4153,0.490,7.828,0.012,8.330,13.272,16644,23067,0,36,33,33,1264944,33984,29,31,0
4154,0.462,0.593,0.022,1.077,8.432,16644,23067,0,36,33,33,1264944,33984,29,31,0
4155,0.473,0.298,0.010,0.782,1.169,16644,23067,0,36,33,33,1264944,33984,29,31,0
4156,0.486,0.235,0.010,0.730,0.877,16644,23067,0,36,33,33,1264944,33984,29,31,0
4157,0.470,0.759,0.007,1.236,0.819,16644,23067,0,36,33,33,1264944,33984,29,31,0
4158,0.454,0.600,0.013,1.067,1.326,16644,23067,0,36,33,33,1264944,33984,29,31,0
4159,0.473,10.870,0.014,11.357,1.164,16644,23067,0,36,33,33,1264944,33984,29,31,0
4160,0.515,7.384,0.012,7.911,11.467,16644,23067,0,36,33,33,1264944,33984,29,31,0
4161,0.478,7.653,0.011,8.142,8.010,16644,23067,0,36,33,33,1264944,33984,29,31,0
4162,0.481,0.643,0.008,1.132,8.242,16644,23067,0,36,33,33,1264944,33984,29,31,0
4163,0.464,0.466,0.009,0.939,1.221,16644,23067,0,36,33,33,1264944,33984,29,31,0
4164,0.459,0.236,0.013,0.708,1.030,16644,23067,0,36,33,33,1264944,33984,29,31,0
4165,0.451,0.827,0.006,1.285,0.799,16644,23067,0,36,33,33,1264944,33984,29,31,0
4166,0.449,1.020,0.009,1.479,1.381,16644,23067,0,36,33,33,1264944,33984,29,31,0
4167,0.452,10.419,0.010,10.881,1.577,16644,23067,0,36,33,33,1264944,33984,29,31,0
4168,0.504,7.583,0.011,8.099,10.983,16644,23067,0,36,33,33,1264944,33984,29,31,0
4169,0.487,7.539,0.008,8.034,8.195,16644,23067,0,36,33,33,1264944,33984,29,31,0
4170,0.465,0.577,0.008,1.050,8.137,16644,23067,0,36,33,33,1264944,33984,29,31,0
4171,0.463,0.319,0.008,0.790,1.150,16644,23067,0,36,33,33,1264944,33984,29,31,0
4172,0.451,0.226,0.008,0.685,0.874,16644,23067,0,36,33,33,1264944,33984,29,31,0
4173,0.445,0.697,0.008,1.150,0.769,16644,23067,0,36,33,33,1264944,33984,29,31,0
4174,0.458,0.274,0.010,0.741,1.241,16644,23067,0,36,33,33,1264944,33984,29,31,0
4175,0.470,0.250,0.008,0.728,0.831,16644,23067,0,36,33,33,1264944,33984,29,31,0
4176,0.473,3.373,0.008,3.854,0.824,16644,23067,0,36,33,33,1264944,33984,29,31,0
4177,0.468,15.143,0.008,15.620,3.948,16644,23067,0,36,33,33,1264944,33984,29,31,0
4178,0.489,7.297,0.009,7.795,15.721,16644,23067,0,36,33,33,1264944,33984,29,31,0
4179,0.470,0.665,0.007,1.143,7.894,16644,23067,0,36,33,33,1264944,33984,29,31,0
4180,0.472,0.237,0.006,0.715,1.236,16644,23067,0,36,33,33,1264944,33984,29,31,0
4181,0.445,0.399,0.006,0.851,0.800,16644,23067,0,36,33,33,1264944,33984,29,31,0
4182,0.465,0.617,0.008,1.090,1.100,16644,23067,0,36,33,33,1264944,33984,29,31,0
4183,0.480,0.257,0.007,0.743,1.773,16644,23067,0,36,33,33,1264944,33984,29,31,0
4184,0.450,3.167,0.009,3.627,0.837,16644,23067,0,36,33,33,1264944,33984,29,31,0
4185,0.449,15.195,0.009,15.654,3.724,16644,23067,0,36,33,33,1264944,33984,29,31,0
4186,0.481,7.578,0.011,8.069,15.750,16644,23067,0,36,33,33,1264944,33984,29,31,0
4187,0.475,0.597,0.006,1.078,8.167,16644,23067,0,36,33,33,1264944,33984,29,31,0
4188,0.460,0.254,0.020,0.734,1.170,16644,23067,0,36,33,33,1264944,33984,29,31,0
4189,0.453,0.223,0.006,0.683,0.824,16644,23067,0,36,33,33,1264944,33984,29,31,0
4190,0.443,0.773,0.007,1.222,0.768,16644,23067,0,36,33,33,1264944,33984,29,31,0
4191,0.438,0.669,0.009,1.117,1.310,16644,23067,0,36,33,33,1264944,33984,29,31,0
4192,0.458,0.282,0.007,0.748,1.212,16644,23067,0,36,33,33,1264944,33984,29,31,0
4193,0.468,1.734,0.007,2.208,0.850,16644,23067,0,36,33,33,1264944,33984,29,31,0
4194,0.450,2.734,0.010,3.194,2.302,16644,23067,0,36,33,33,1264944,33984,29,31,0
4195,0.432,12.905,0.009,13.346,3.294,16644,23067,0,36,33,33,1264944,33984,29,31,0
4196,0.482,7.553,0.009,8.044,13.443,16644,23067,0,36,33,33,1264944,33984,29,31,0
4197,0.464,0.705,0.009,1.179,8.141,16644,23067,0,36,33,33,1264944,33984,29,31,0
4198,0.465,0.319,0.009,0.792,1.277,16644,23067,0,36,33,33,1264944,33984,29,31,0
4199,0.449,0.215,0.006,0.671,0.880,16644,23067,0,36,33,33,1264944,33984,29,31,0
4200,0.438,0.735,0.010,1.184,0.761,16644,23067,0,36,33,33,1264944,33984,29,31,0
4201,0.481,0.615,0.006,1.102,1.278,16644,23067,0,36,33,33,1264944,33984,29,31,0
4202,0.444,0.250,0.006,0.700,1.195,16644,23067,0,36,33,33,1264944,33984,29,31,0
4203,0.437,1.809,0.009,2.254,0.787,16644,23067,0,36,33,33,1264944,33984,29,31,0
4204,0.453,2.786,0.009,3.248,2.341,16644,23067,0,36,33,33,1264944,33984,29,31,0
4205,0.451,12.772,0.009,13.233,3.346,16644,23067,0,36,33,33,1264944,33984,29,31,0
4206,0.469,7.534,0.011,8.014,13.330,16644,23067,0,36,33,33,1264944,33984,29,31,0
4207,0.485,0.661,0.007,1.153,8.113,16644,23067,0,36,33,33,1264944,33984,29,31,0
4208,0.472,0.255,0.010,0.737,1.250,16644,23067,0,36,33,33,1264944,33984,29,31,0
4209,0.450,0.228,0.008,0.685,0.821,16644,23067,0,36,33,33,1264944,33984,29,31,0
4210,0.451,0.702,0.007,1.159,0.772,16644,23067,0,36,33,33,1264944,33984,29,31,0
4211,0.495,0.251,0.027,0.773,1.846,16644,23067,0,36,33,33,1264944,33984,29,31,0
4212,0.440,10.741,0.010,11.191,0.865,16644,23067,0,36,33,33,1264944,33984,29,31,0
4213,0.455,7.750,0.009,8.214,11.290,16644,23067,0,36,33,33,1264944,33984,29,31,0
4214,0.481,7.482,0.007,7.969,8.318,16644,23067,0,36,33,33,1264944,33984,29,31,0
4215,0.462,0.682,0.008,1.153,8.068,16644,23067,0,36,33,33,1264944,33984,29,31,0
4216,0.478,0.258,0.007,0.744,1.249,16644,23067,0,36,33,33,1264944,33984,29,31,0
4217,0.444,0.229,0.010,0.683,0.831,16644,23067,0,36,33,33,1264944,33984,29,31,0
4218,0.454,0.665,0.007,1.126,0.770,16644,23067,0,36,33,33,1264944,33984,29,31,0
4219,0.450,0.847,0.009,1.306,1.220,16644,23067,0,36,33,33,1264944,33984,29,31,0
4220,0.465,0.590,0.007,1.062,1.400,16644,23067,0,36,33,33,1264944,33984,29,31,0
4221,0.450,1.391,0.008,1.849,1.153,16644,23067,0,36,33,33,1264944,33984,29,31,0
4222,0.448,2.613,0.010,3.071,1.950,16644,23067,0,36,33,33,1264944,33984,29,31,0
4223,0.508,12.152,0.009,12.669,4.093,16644,23067,0,36,33,33,1264944,33984,29,31,0
4224,0.488,7.327,0.009,7.824,12.775,16644,23067,0,36,33,33,1264944,33984,29,31,0
4225,0.455,0.745,0.007,1.207,7.932,16644,23067,0,36,33,33,1264944,33984,29,31,0
4226,0.462,0.279,0.010,0.752,1.302,16644,23067,0,36,33,33,1264944,33984,29,31,0
4227,0.451,0.251,0.010,0.712,0.856,16644,23067,0,36,33,33,1264944,33984,29,31,0
4228,0.580,0.312,0.010,0.902,0.864,16644,23067,0,36,33,33,1264944,33984,29,31,0
4229,0.468,0.616,0.008,1.092,0.996,16644,23067,0,36,33,33,1264944,33984,29,31,0
4230,0.474,2.436,0.011,2.920,1.183,16644,23067,0,36,33,33,1264944,33984,29,31,0
4231,0.472,16.517,0.012,17.002,3.022,16644,23067,0,36,33,33,1264944,33984,29,31,0
4232,0.512,7.426,0.009,7.947,17.108,16644,23067,0,36,33,33,1264944,33984,29,31,0
4233,0.484,0.632,0.010,1.126,8.044,16644,23067,0,36,33,33,1264944,33984,29,31,0
4234,0.454,0.289,0.013,0.756,1.209,16644,23067,0,36,33,33,1264944,33984,29,31,0
4235,0.455,0.229,0.012,0.695,0.854,16644,23067,0,36,33,33,1264944,33984,29,31,0
4236,0.452,0.382,0.011,0.845,0.781,16644,23067,0,36,33,33,1264944,33984,29,31,0
4237,0.483,1.584,0.009,2.075,0.930,16644,23067,0,36,33,33,1264944,33984,29,31,0
4238,0.471,2.236,0.010,2.717,2.192,16644,23067,0,36,33,33,1264944,33984,29,31,0
4239,0.483,7.824,0.022,8.329,2.818,16644,23067,0,36,33,33,1264944,33984,29,31,0
4240,0.519,7.826,0.017,8.363,8.439,16644,23067,0,36,33,33,1264944,33984,29,31,0
4241,0.547,7.049,0.009,7.605,8.477,16644,23067,0,36,33,33,1264944,33984,29,31,0
4242,0.486,7.692,0.010,8.187,7.713,16644,23067,0,36,33,33,1264944,33984,29,31,0
4243,0.472,7.831,0.012,8.315,8.288,16644,23067,0,36,33,33,1264944,33984,29,31,0
4244,0.512,7.724,0.008,8.244,8.429,16644,23067,0,36,33,33,1264944,33984,29,31,0
4245,0.532,7.929,0.010,8.471,8.355,16644,23067,0,36,33,33,1264944,33984,29,31,0
4246,0.451,0.583,0.009,1.043,8.582,16644,23067,0,36,33,33,1264944,33984,29,31,0
4247,0.471,0.255,0.009,0.735,1.147,16644,23067,0,36,33,33,1264944,33984,29,31,0
4248,0.437,0.215,0.007,0.659,0.827,16644,23067,0,36,33,33,1264944,33984,29,31,0
4249,0.441,0.443,0.008,0.893,0.738,16644,23067,0,36,33,33,1264944,33984,29,31,0
4250,0.462,2.068,0.010,2.539,1.014,16644,23067,0,36,33,33,1264944,33984,29,31,0
4251,0.453,1.220,0.010,1.684,2.631,16644,23067,0,36,33,33,1264944,33984,29,31,0
4252,0.449,2.672,0.006,3.128,1.786,16644,23067,0,36,33,33,1264944,33984,29,31,0
4253,0.436,13.400,0.009,13.844,3.221,16644,23067,0,36,33,33,1264944,33984,29,31,0
4254,0.493,7.471,0.013,7.976,13.947,16644,23067,0,36,33,33,1264944,33984,29,31,0
4255,0.509,0.603,0.021,1.133,8.084,16644,23067,0,36,33,33,1264944,33984,29,31,0
4256,0.470,0.255,0.010,0.734,1.234,16644,23067,0,36,33,33,1264944,33984,29,31,0
4257,0.447,0.209,0.008,0.664,0.825,16644,23067,0,36,33,33,1264944,33984,29,31,0
4258,0.442,0.575,0.006,1.022,0.753,16644,23067,0,36,33,33,1264944,33984,29,31,0
4259,0.461,0.258,0.005,0.723,1.118,16644,23067,0,36,33,33,1264944,33984,29,31,0
4260,0.447,0.214,0.008,0.668,0.812,16644,23067,0,36,33,33,1264944,33984,29,31,0
4261,0.435,3.071,0.008,3.515,0.753,16644,23067,0,36,33,33,1264944,33984,29,31,0
4262,0.466,14.989,0.011,15.465,3.618,16644,23067,0,36,33,33,1264944,33984,29,31,0
4263,0.483,7.916,0.009,8.409,15.573,16644,23067,0,36,33,33,1264944,33984,29,31,0
4264,0.471,0.639,0.011,1.122,8.528,16644,23067,0,36,33,33,1264944,33984,29,31,0
4265,0.463,0.281,0.011,0.755,1.212,16644,23067,0,36,33,33,1264944,33984,29,31,0
4266,0.457,0.231,0.013,0.701,0.850,16644,23067,0,36,33,33,1264944,33984,29,31,0
4267,0.448,0.494,0.007,0.948,0.793,16644,23067,0,36,33,33,1264944,33984,29,31,0
4268,0.450,0.593,0.016,1.060,1.038,16644,23067,0,36,33,33,1264944,33984,29,31,0
4269,0.463,11.291,0.012,11.766,1.169,16644,23067,0,36,33,33,1264944,33984,29,31,0
4270,0.475,8.297,0.010,8.781,11.872,16644,23067,0,36,33,33,1264944,33984,29,31,0
4271,0.482,7.150,0.008,7.640,8.888,16644,23067,0,36,33,33,1264944,33984,29,31,0
4272,0.475,1.030,0.009,1.515,7.758,16644,23067,0,36,33,33,1264944,33984,29,31,0
4273,0.487,0.290,0.009,0.785,1.622,16644,23067,0,36,33,33,1264944,33984,29,31,0
4274,0.449,0.220,0.010,0.679,0.876,16644,23067,0,36,33,33,1264944,33984,29,31,0
4275,0.433,0.499,0.008,0.940,0.779,16644,23067,0,36,33,33,1264944,33984,29,31,0
4276,0.461,0.253,0.008,0.723,1.031,16644,23067,0,36,33,33,1264944,33984,29,31,0
4277,0.468,0.211,0.007,0.686,0.806,16644,23067,0,36,33,33,1264944,33984,29,31,0
4278,0.431,3.280,0.010,3.721,0.772,16644,23067,0,36,33,33,1264944,33984,29,31,0
4279,0.468,14.789,0.011,15.268,3.820,16644,23067,0,36,33,33,1264944,33984,29,31,0
4280,0.496,7.492,0.010,7.997,15.368,16644,23067,0,36,33,33,1264944,33984,29,31,0
4281,0.489,0.616,0.007,1.112,8.119,16644,23067,0,36,33,33,1264944,33984,29,31,0
4282,0.450,0.260,0.010,0.720,1.205,16644,23067,0,36,33,33,1264944,33984,29,31,0
4283,0.473,0.227,0.009,0.709,0.806,16644,23067,0,36,33,33,1264944,33984,29,31,0
4284,0.444,0.694,0.010,1.147,0.798,16644,23067,0,36,33,33,1264944,33984,29,31,0
4285,0.474,0.265,0.009,0.747,1.245,16644,23067,0,36,33,33,1264944,33984,29,31,0
4286,0.606,0.494,0.008,1.108,0.895,16644,23067,0,36,33,33,1264944,33984,29,31,0
4287,0.448,10.068,0.011,10.527,1.197,16644,23067,0,36,33,33,1264944,33984,29,31,0
4288,0.492,8.205,0.009,8.706,10.648,16644,23067,0,36,33,33,1264944,33984,29,31,0
4289,0.488,7.311,0.009,7.808,8.811,16644,23067,0,36,33,33,1264944,33984,29,31,0
4290,0.479,0.556,0.011,1.045,7.913,16644,23067,0,36,33,33,1264944,33984,29,31,0
4291,0.451,0.288,0.014,0.753,1.134,16644,23067,0,36,33,33,1264944,33984,29,31,0
4292,0.472,0.249,0.010,0.731,0.864,16644,23067,0,36,33,33,1264944,33984,29,31,0
4293,0.479,0.535,0.010,1.023,0.986,16644,23067,0,36,33,33,1264944,33984,29,31,0
4294,0.492,0.429,0.010,0.930,1.351,16644,23067,0,36,33,33,1264944,33984,29,31,0
4295,0.431,10.541,0.008,10.980,1.027,16644,23067,0,36,33,33,1264944,33984,29,31,0
4296,0.474,8.434,0.008,8.915,11.077,16644,23067,0,36,33,33,1264944,33984,29,31,0
4297,0.485,7.285,0.012,7.782,9.024,16644,23067,0,36,33,33,1264944,33984,29,31,0
4298,0.490,0.597,0.009,1.096,7.886,16644,23067,0,36,33,33,1264944,33984,29,31,0
4299,0.482,0.291,0.009,0.782,1.198,16644,23067,0,36,33,33,1264944,33984,29,31,0
4300,0.460,0.218,0.010,0.689,0.872,16644,23067,0,36,33,33,1264944,33984,29,31,0
4301,0.442,0.272,0.008,0.722,0.766,16644,23067,0,36,33,33,1264944,33984,29,31,0
4302,0.440,2.043,0.008,2.491,0.814,16644,23067,0,36,33,33,1264944,33984,29,31,0
4303,0.458,0.653,0.012,1.123,3.006,16644,23067,0,36,33,33,1264944,33984,29,31,0
4304,0.451,2.797,0.009,3.258,1.225,16644,23067,0,36,33,33,1264944,33984,29,31,0
4305,0.475,13.565,0.011,14.051,3.359,16644,23067,0,36,33,33,1264944,33984,29,31,0
4306,0.520,7.250,0.013,7.782,14.153,16644,23067,0,36,33,33,1264944,33984,29,31,0
4307,0.477,0.866,0.020,1.363,7.889,16644,23067,0,36,33,33,1264944,33984,29,31,0
4308,0.481,0.325,0.010,0.817,1.780,16644,23067,0,36,33,33,1264944,33984,29,31,0
4309,0.485,0.428,0.009,0.922,1.217,16644,23067,0,36,33,33,1264944,33984,29,31,0
4310,0.489,0.258,0.010,0.757,1.263,16644,23067,0,36,33,33,1264944,33984,29,31,0
4311,0.486,0.289,0.008,0.783,1.105,16644,23067,0,36,33,33,1264944,33984,29,31,0
4312,0.465,2.982,0.009,3.456,0.884,16644,23067,0,36,33,33,1264944,33984,29,31,0
4313,0.462,14.686,0.013,15.161,3.555,16644,23067,0,36,33,33,1264944,33984,29,31,0
4314,0.477,7.634,0.013,8.124,15.265,16644,23067,0,36,33,33,1264944,33984,29,31,0
4315,0.457,0.602,0.010,1.068,8.238,16644,23067,0,36,33,33,1264944,33984,29,31,0
4316,0.464,0.260,0.007,0.731,1.158,16644,23067,0,36,33,33,1264944,33984,29,31,0
4317,0.487,0.230,0.008,0.725,0.816,16644,23067,0,36,33,33,1264944,33984,29,31,0
4318,0.484,0.253,0.012,0.749,1.095,16644,23067,0,36,33,33,1264944,33984,29,31,0
4319,0.471,0.222,0.011,0.704,2.238,16644,23067,0,36,33,33,1264944,33984,29,31,0
4320,0.514,2.430,0.009,2.952,1.449,16644,23067,0,36,33,33,1264944,33984,29,31,0
4321,0.438,14.717,0.011,15.166,3.046,16644,23067,0,36,33,33,1264944,33984,29,31,0
4322,0.473,7.408,0.013,7.894,15.260,16644,23067,0,36,33,33,1264944,33984,29,31,0
4323,0.453,1.182,0.008,1.643,7.994,16644,23067,0,36,33,33,1264944,33984,29,31,0
4324,0.463,0.237,0.008,0.708,1.753,16644,23067,0,36,33,33,1264944,33984,29,31,0
4325,0.445,0.368,0.009,0.822,0.812,16644,23067,0,36,33,33,1264944,33984,29,31,0
4326,0.462,0.565,0.011,1.037,0.911,16644,23067,0,36,33,33,1264944,33984,29,31,0
4327,0.485,0.275,0.010,0.770,1.131,16644,23067,0,36,33,33,1264944,33984,29,31,0
4328,0.469,0.226,0.009,0.705,0.863,16644,23067,0,36,33,33,1264944,33984,29,31,0
4329,0.467,3.356,0.012,3.835,0.793,16644,23067,0,36,33,33,1264944,33984,29,31,0
4330,0.449,14.710,0.012,15.170,3.931,16644,23067,0,36,33,33,1264944,33984,29,31,0
4331,0.471,7.585,0.009,8.065,15.270,16644,23067,0,36,33,33,1264944,33984,29,31,0
4332,0.466,0.969,0.008,1.443,8.169,16644,23067,0,36,33,33,1264944,33984,29,31,0
4333,0.463,0.488,0.007,0.957,1.539,16644,23067,0,36,33,33,1264944,33984,29,31,0
4334,0.446,0.318,0.008,0.772,1.047,16644,23067,0,36,33,33,1264944,33984,29,31,0
4335,0.441,0.934,0.019,1.394,0.857,16644,23067,0,36,33,33,1264944,33984,29,31,0
4336,0.588,0.351,0.010,0.949,1.513,16644,23067,0,36,33,33,1264944,33984,29,31,0
4337,0.463,1.244,0.010,1.716,1.046,16644,23067,0,36,33,33,1264944,33984,29,31,0
4338,0.443,3.338,0.011,3.793,1.805,16644,23067,0,36,33,33,1264944,33984,29,31,0
4339,0.454,13.493,0.013,13.960,3.891,16644,23067,0,36,33,33,1264944,33984,29,31,0
4340,0.477,6.743,0.007,7.228,14.435,16644,23067,0,36,33,33,1264944,33984,29,31,0
4341,0.473,0.912,0.008,1.393,7.341,16644,23067,0,36,33,33,1264944,33984,29,31,0
4342,0.473,0.272,0.010,0.755,1.490,16644,23067,0,36,33,33,1264944,33984,29,31,0
4343,0.473,0.221,0.010,0.705,0.868,16644,23067,0,36,33,33,1264944,33984,29,31,0
4344,0.442,0.601,0.007,1.050,0.798,16644,23067,0,36,33,33,1264944,33984,29,31,0
4345,0.459,0.592,0.011,1.061,1.153,16644,23067,0,36,33,33,1264944,33984,29,31,0
4346,0.443,4.106,0.013,4.561,1.160,16644,23067,0,36,33,33,1264944,33984,29,31,0
4347,0.472,14.262,0.015,14.750,4.661,16644,23067,0,36,33,33,1264944,33984,29,31,0
4348,0.491,7.529,0.008,8.028,14.917,16644,23067,0,36,33,33,1264944,33984,29,31,0
4349,0.485,1.374,0.011,1.870,8.135,16644,23067,0,36,33,33,1264944,33984,29,31,0
4350,0.440,0.223,0.012,0.674,1.968,16644,23067,0,36,33,33,1264944,33984,29,31,0
4351,0.437,0.479,0.011,0.927,0.757,16644,23067,0,36,33,33,1264944,33984,29,31,0
4352,0.499,0.699,0.011,1.210,1.017,16644,23067,0,36,33,33,1264944,33984,29,31,0
4353,0.440,10.899,0.012,11.351,1.302,16644,23067,0,36,33,33,1264944,33984,29,31,0
4354,0.466,8.401,0.012,8.879,11.455,16644,23067,0,36,33,33,1264944,33984,29,31,0
4355,0.481,7.513,0.013,8.007,8.980,16644,23067,0,36,33,33,1264944,33984,29,31,0
4356,0.477,0.320,0.011,0.808,8.406,16644,23067,0,36,33,33,1264944,33984,29,31,0
4357,0.442,0.215,0.008,0.665,0.896,16644,23067,0,36,33,33,1264944,33984,29,31,0
4358,0.444,0.689,0.009,1.142,0.748,16644,23067,0,36,33,33,1264944,33984,29,31,0
4359,0.437,0.679,0.014,1.130,1.233,16644,23067,0,36,33,33,1264944,33984,29,31,0
4360,0.514,1.581,0.012,2.107,1.227,16644,23067,0,36,33,33,1264944,33984,29,31,0
4361,0.442,0.415,0.009,0.866,2.207,16644,23067,0,36,33,33,1264944,33984,29,31,0
4362,0.454,2.680,0.009,3.143,0.955,16644,23067,0,36,33,33,1264944,33984,29,31,0
4363,0.452,13.997,0.012,14.460,3.247,16644,23067,0,36,33,33,1264944,33984,29,31,0
4364,0.508,7.127,0.012,7.647,14.686,16644,23067,0,36,33,33,1264944,33984,29,31,0
4365,0.468,0.823,0.009,1.299,7.752,16644,23067,0,36,33,33,1264944,33984,29,31,0
4366,0.430,0.280,0.011,0.721,1.388,16644,23067,0,36,33,33,1264944,33984,29,31,0
4367,0.462,0.253,0.010,0.726,0.820,16644,23067,0,36,33,33,1264944,33984,29,31,0
4368,0.462,0.452,0.007,0.921,0.812,16644,23067,0,36,33,33,1264944,33984,29,31,0
4369,0.448,0.795,0.008,1.251,1.014,16644,23067,0,36,33,33,1264944,33984,29,31,0
4370,0.431,3.155,0.010,3.597,1.339,16644,23067,0,36,33,33,1264944,33984,29,31,0
4371,0.504,15.680,0.010,16.194,3.695,16644,23067,0,36,33,33,1264944,33984,29,31,0
4372,0.465,7.190,0.011,7.667,16.302,16644,23067,0,36,33,33,1264944,33984,29,31,0
4373,0.467,1.054,0.014,1.535,7.771,16644,23067,0,36,33,33,1264944,33984,29,31,0
4374,0.482,0.387,0.009,0.878,1.639,16644,23067,0,36,33,33,1264944,33984,29,31,0
4375,0.468,0.227,0.007,0.702,0.964,16644,23067,0,36,33,33,1264944,33984,29,31,0
4376,0.435,0.487,0.009,0.931,0.793,16644,23067,0,36,33,33,1264944,33984,29,31,0
4377,0.444,0.778,0.005,1.227,1.021,16644,23067,0,36,33,33,1264944,33984,29,31,0
4378,0.447,3.341,0.011,3.799,1.331,16644,23067,0,36,33,33,1264944,33984,29,31,0
4379,0.445,14.944,0.013,15.402,3.895,16644,23067,0,36,33,33,1264944,33984,29,31,0
4380,0.485,7.663,0.009,8.156,15.507,16644,23067,0,36,33,33,1264944,33984,29,31,0
4381,0.504,0.561,0.009,1.074,8.259,16644,23067,0,36,33,33,1264944,33984,29,31,0
4382,0.450,0.280,0.010,0.739,1.164,16644,23067,0,36,33,33,1264944,33984,29,31,0
4383,0.526,0.236,0.007,0.769,0.849,16644,23067,0,36,33,33,1264944,33984,29,31,0
4384,0.445,0.302,0.008,0.755,0.853,16644,23067,0,36,33,33,1264944,33984,29,31,0
4385,0.452,1.973,0.010,2.435,0.842,16644,23067,0,36,33,33,1264944,33984,29,31,0
4386,0.451,1.528,0.012,1.990,2.542,16644,23067,0,36,33,33,1264944,33984,29,31,0
4387,0.504,2.731,0.008,3.243,2.099,16644,23067,0,36,33,33,1264944,33984,29,31,0
4388,0.457,12.702,0.012,13.171,3.338,16644,23067,0,36,33,33,1264944,33984,29,31,0
4389,0.507,7.418,0.009,7.934,13.279,16644,23067,0,36,33,33,1264944,33984,29,31,0
4390,0.452,0.857,0.012,1.321,8.045,16644,23067,0,36,33,33,1264944,33984,29,31,0
4391,0.482,0.391,0.008,0.881,1.430,16644,23067,0,36,33,33,1264944,33984,29,31,0
4392,0.454,0.211,0.009,0.674,0.978,16644,23067,0,36,33,33,1264944,33984,29,31,0
4393,0.408,0.520,0.006,0.933,0.767,16644,23067,0,36,33,33,1264944,33984,29,31,0
4394,0.475,1.808,0.014,2.296,1.028,16644,23067,0,36,33,33,1264944,33984,29,31,0
4395,0.436,0.968,0.006,1.410,2.409,16644,23067,0,36,33,33,1264944,33984,29,31,0
4396,0.457,3.085,0.009,3.551,1.507,16644,23067,0,36,33,33,1264944,33984,29,31,0
4397,0.455,13.362,0.008,13.825,3.655,16644,23067,0,36,33,33,1264944,33984,29,31,0
4398,0.451,7.287,0.007,7.745,13.929,16644,23067,0,36,33,33,1264944,33984,29,31,0
4399,0.448,0.562,0.006,1.016,7.854,16644,23067,0,36,33,33,1264944,33984,29,31,0
4400,0.451,0.276,0.007,0.733,1.106,16644,23067,0,36,33,33,1264944,33984,29,31,0
4401,0.455,0.396,0.013,0.863,0.823,16644,23067,0,36,33,33,1264944,33984,29,31,0
4402,0.432,0.609,0.010,1.050,0.970,16644,23067,0,36,33,33,1264944,33984,29,31,0
4403,0.477,0.269,0.010,0.757,1.165,16644,23067,0,36,33,33,1264944,33984,29,31,0
4404,0.449,11.099,0.010,11.559,0.850,16644,23067,0,36,33,33,1264944,33984,29,31,0
4405,0.497,8.273,0.011,8.780,11.663,16644,23067,0,36,33,33,1264944,33984,29,31,0
4406,0.462,7.359,0.007,7.829,8.885,16644,23067,0,36,33,33,1264944,33984,29,31,0
4407,0.458,0.965,0.008,1.432,7.926,16644,23067,0,36,33,33,1264944,33984,29,31,0
4408,0.474,0.262,0.013,0.748,1.529,16644,23067,0,36,33,33,1264944,33984,29,31,0
4409,0.425,0.219,0.009,0.653,0.844,16644,23067,0,36,33,33,1264944,33984,29,31,0
4410,0.434,0.879,0.007,1.320,0.752,16644,23067,0,36,33,33,1264944,33984,29,31,0
4411,0.466,0.534,0.010,1.010,1.420,16644,23067,0,36,33,33,1264944,33984,29,31,0
4412,0.445,4.009,0.010,4.464,1.110,16644,23067,0,36,33,33,1264944,33984,29,31,0
4413,0.460,14.226,0.010,14.696,4.575,16644,23067,0,36,33,33,1264944,33984,29,31,0
4414,0.449,7.673,0.007,8.129,14.793,16644,23067,0,36,33,33,1264944,33984,29,31,0
4415,0.456,1.457,0.012,1.926,8.247,16644,23067,0,36,33,33,1264944,33984,29,31,0
4416,0.440,0.212,0.009,0.661,2.049,16644,23067,0,36,33,33,1264944,33984,29,31,0
4417,0.454,0.398,0.010,0.862,0.757,16644,23067,0,36,33,33,1264944,33984,29,31,0
4418,0.472,0.600,0.008,1.080,0.968,16644,23067,0,36,33,33,1264944,33984,29,31,0
4419,0.442,11.080,0.008,11.530,1.180,16644,23067,0,36,33,33,1264944,33984,29,31,0
4420,0.481,8.374,0.010,8.866,11.632,16644,23067,0,36,33,33,1264944,33984,29,31,0
4421,0.515,7.220,0.009,7.744,8.965,16644,23067,0,36,33,33,1264944,33984,29,31,0
4422,0.461,0.584,0.008,1.053,7.835,16644,23067,0,36,33,33,1264944,33984,29,31,0
4423,0.474,0.289,0.011,0.775,1.156,16644,23067,0,36,33,33,1264944,33984,29,31,0
4424,0.463,0.216,0.008,0.687,0.875,16644,23067,0,36,33,33,1264944,33984,29,31,0
4425,0.437,0.258,0.010,0.705,0.816,16644,23067,0,36,33,33,1264944,33984,29,31,0
4426,0.462,1.998,0.011,2.471,0.804,16644,23067,0,36,33,33,1264944,33984,29,31,0
4427,0.449,1.122,0.007,1.578,2.565,16644,23067,0,36,33,33,1264944,33984,29,31,0
4428,0.416,2.771,0.007,3.195,1.673,16644,23067,0,36,33,33,1264944,33984,29,31,0
4429,0.444,13.651,0.008,14.103,3.291,16644,23067,0,36,33,33,1264944,33984,29,31,0
4430,0.446,7.480,0.007,7.933,14.200,16644,23067,0,36,33,33,1264944,33984,29,31,0
4431,0.453,0.957,0.006,1.415,8.037,16644,23067,0,36,33,33,1264944,33984,29,31,0
4432,0.465,0.249,0.010,0.724,1.513,16644,23067,0,36,33,33,1264944,33984,29,31,0
4433,0.448,0.232,0.009,0.688,0.810,16644,23067,0,36,33,33,1264944,33984,29,31,0
4434,0.453,0.815,0.008,1.276,0.785,16644,23067,0,36,33,33,1264944,33984,29,31,0
4435,0.439,0.676,0.008,1.123,1.372,16644,23067,0,36,33,33,1264944,33984,29,31,0
4436,0.433,4.047,0.007,4.487,1.225,16644,23067,0,36,33,33,1264944,33984,29,31,0
4437,0.447,14.036,0.008,14.491,4.592,16644,23067,0,36,33,33,1264944,33984,29,31,0
4438,0.463,7.677,0.006,8.146,14.594,16644,23067,0,36,33,33,1264944,33984,29,31,0
4439,0.484,1.175,0.009,1.668,8.249,16644,23067,0,36,33,33,1264944,33984,29,31,0
4440,0.441,0.218,0.008,0.667,1.775,16644,23067,0,36,33,33,1264944,33984,29,31,0
4441,0.450,0.350,0.008,0.809,0.758,16644,23067,0,36,33,33,1264944,33984,29,31,0
4442,0.446,0.580,0.008,1.033,0.908,16644,23067,0,36,33,33,1264944,33984,29,31,0
4443,0.444,0.273,0.007,0.723,1.134,16644,23067,0,36,33,33,1264944,33984,29,31,0
4444,0.444,0.224,0.007,0.676,0.823,16644,23067,0,36,33,33,1264944,33984,29,31,0
4445,0.448,3.167,0.009,3.623,0.777,16644,23067,0,36,33,33,1264944,33984,29,31,0
4446,0.416,15.092,0.008,15.515,3.724,16644,23067,0,36,33,33,1264944,33984,29,31,0
4447,0.448,7.492,0.015,7.955,15.622,16644,23067,0,36,33,33,1264944,33984,29,31,0
4448,0.594,0.872,0.010,1.477,8.093,16644,23067,0,36,33,33,1264944,33984,29,31,0
4449,0.537,0.330,0.012,0.879,1.591,16644,23067,0,36,33,33,1264944,33984,29,31,0
4450,0.487,0.290,0.010,0.786,0.983,16644,23067,0,36,33,33,1264944,33984,29,31,0
4451,0.471,0.259,0.011,0.742,0.883,16644,23067,0,36,33,33,1264944,33984,29,31,0
4452,0.485,0.510,0.008,1.003,0.841,16644,23067,0,36,33,33,1264944,33984,29,31,0
4453,0.450,4.306,0.010,4.767,1.103,16644,23067,0,36,33,33,1264944,33984,29,31,0
4454,0.489,14.308,0.010,14.808,4.881,16644,23067,0,36,33,33,1264944,33984,29,31,0
4455,0.476,7.347,0.008,7.831,14.923,16644,23067,0,36,33,33,1264944,33984,29,31,0
4456,0.483,0.646,0.008,1.138,7.936,16644,23067,0,36,33,33,1264944,33984,29,31,0
4457,0.454,0.247,0.011,0.711,1.237,16644,23067,0,36,33,33,1264944,33984,29,31,0
4458,0.467,0.229,0.012,0.709,0.812,16644,23067,0,36,33,33,1264944,33984,29,31,0
4459,0.439,0.498,0.007,0.944,0.814,16644,23067,0,36,33,33,1264944,33984,29,31,0
4460,0.482,0.643,0.007,1.132,1.040,16644,23067,0,36,33,33,1264944,33984,29,31,0
4461,0.437,10.827,0.007,11.271,1.234,16644,23067,0,36,33,33,1264944,33984,29,31,0
4462,0.463,8.415,0.011,8.889,11.365,16644,23067,0,36,33,33,1264944,33984,29,31,0
4463,0.480,7.232,0.006,7.717,8.988,16644,23067,0,36,33,33,1264944,33984,29,31,0
4464,0.459,0.929,0.008,1.396,7.829,16644,23067,0,36,33,33,1264944,33984,29,31,0
4465,0.466,0.235,0.009,0.710,1.498,16644,23067,0,36,33,33,1264944,33984,29,31,0
4466,0.467,0.231,0.007,0.705,0.810,16644,23067,0,36,33,33,1264944,33984,29,31,0
4467,0.420,0.291,0.007,0.718,0.797,16644,23067,0,36,33,33,1264944,33984,29,31,0
4468,0.541,2.036,0.009,2.586,0.810,16644,23067,0,36,33,33,1264944,33984,29,31,0
4469,0.465,0.732,0.014,1.211,2.707,16644,23067,0,36,33,33,1264944,33984,29,31,0
4470,0.428,3.603,0.009,4.040,1.315,16644,23067,0,36,33,33,1264944,33984,29,31,0
4471,0.451,12.728,0.010,13.189,4.137,16644,23067,0,36,33,33,1264944,33984,29,31,0
4472,0.486,7.471,0.008,7.965,13.293,16644,23067,0,36,33,33,1264944,33984,29,31,0
4473,0.574,0.790,0.008,1.373,8.083,16644,23067,0,36,33,33,1264944,33984,29,31,0
4474,0.465,0.255,0.009,0.728,1.479,16644,23067,0,36,33,33,1264944,33984,29,31,0
4475,0.463,0.219,0.006,0.689,0.820,16644,23067,0,36,33,33,1264944,33984,29,31,0
4476,0.445,0.434,0.009,0.889,0.804,16644,23067,0,36,33,33,1264944,33984,29,31,0
4477,0.456,0.262,0.009,0.726,0.979,16644,23067,0,36,33,33,1264944,33984,29,31,0
4478,0.459,0.216,0.009,0.684,0.830,16644,23067,0,36,33,33,1264944,33984,29,31,0
4479,0.466,3.293,0.008,3.766,0.777,16644,23067,0,36,33,33,1264944,33984,29,31,0
4480,0.432,15.134,0.008,15.573,3.872,16644,23067,0,36,33,33,1264944,33984,29,31,0
4481,0.486,7.412,0.009,7.906,15.675,16644,23067,0,36,33,33,1264944,33984,29,31,0
4482,0.468,0.607,0.007,1.082,8.010,16644,23067,0,36,33,33,1264944,33984,29,31,0
4483,0.471,0.260,0.008,0.740,1.172,16644,23067,0,36,33,33,1264944,33984,29,31,0
4484,0.470,0.231,0.007,0.708,0.826,16644,23067,0,36,33,33,1264944,33984,29,31,0
4485,0.467,1.143,0.006,1.616,0.794,16644,23067,0,36,33,33,1264944,33984,29,31,0
4486,0.455,0.908,0.015,1.378,1.719,16644,23067,0,36,33,33,1264944,33984,29,31,0
4487,0.425,4.087,0.008,4.521,1.482,16644,23067,0,36,33,33,1264944,33984,29,31,0
4488,0.457,14.346,0.005,14.809,4.627,16644,23067,0,36,33,33,1264944,33984,29,31,0
4489,0.426,7.000,0.008,7.435,14.902,16644,23067,0,36,33,33,1264944,33984,29,31,0
4490,0.461,7.756,0.010,8.227,7.536,16644,23067,0,36,33,33,1264944,33984,29,31,0
4491,0.456,7.802,0.007,8.264,8.332,16644,23067,0,36,33,33,1264944,33984,29,31,0
4492,0.497,7.960,0.007,8.464,8.361,16644,23067,0,36,33,33,1264944,33984,29,31,0
4493,0.485,7.462,0.008,7.955,8.555,16644,23067,0,36,33,33,1264944,33984,29,31,0
4494,0.472,0.596,0.009,1.078,8.053,16644,23067,0,36,33,33,1264944,33984,29,31,0
4495,0.473,0.262,0.009,0.744,1.180,16644,23067,0,36,33,33,1264944,33984,29,31,0
4496,0.430,0.225,0.014,0.669,0.850,16644,23067,0,36,33,33,1264944,33984,29,31,0
4497,0.436,0.361,0.009,0.806,0.757,16644,23067,0,36,33,33,1264944,33984,29,31,0
4498,0.468,1.828,0.011,2.306,0.901,16644,23067,0,36,33,33,1264944,33984,29,31,0
4499,0.493,1.685,0.010,2.188,2.421,16644,23067,0,36,33,33,1264944,33984,29,31,0
4500,0.417,3.021,0.011,3.449,2.295,16644,23067,0,36,33,33,1264944,33984,29,31,0
4501,0.471,12.741,0.009,13.221,3.546,16644,23067,0,36,33,33,1264944,33984,29,31,0
4502,0.477,7.521,0.006,8.005,13.322,16644,23067,0,36,33,33,1264944,33984,29,31,0
4503,0.490,0.611,0.009,1.110,8.112,16644,23067,0,36,33,33,1264944,33984,29,31,0
4504,0.467,0.257,0.012,0.736,1.212,16644,23067,0,36,33,33,1264944,33984,29,31,0
4505,0.431,0.219,0.008,0.658,0.838,16644,23067,0,36,33,33,1264944,33984,29,31,0
4506,0.441,0.421,0.009,0.871,0.750,16644,23067,0,36,33,33,1264944,33984,29,31,0
4507,0.483,2.210,0.011,2.704,0.950,16644,23067,0,36,33,33,1264944,33984,29,31,0
4508,0.493,0.992,0.008,1.492,2.815,16644,23067,0,36,33,33,1264944,33984,29,31,0
4509,0.444,2.574,0.007,3.025,1.591,16644,23067,0,36,33,33,1264944,33984,29,31,0
4510,0.466,13.416,0.008,13.891,3.120,16644,23067,0,36,33,33,1264944,33984,29,31,0
4511,0.467,7.409,0.007,7.883,13.986,16644,23067,0,36,33,33,1264944,33984,29,31,0
4512,0.461,0.599,0.009,1.069,7.988,16644,23067,0,36,33,33,1264944,33984,29,31,0
4513,0.474,0.253,0.008,0.736,1.166,16644,23067,0,36,33,33,1264944,33984,29,31,0
4514,0.436,0.240,0.013,0.689,0.831,16644,23067,0,36,33,33,1264944,33984,29,31,0
4515,0.454,0.283,0.008,0.744,0.774,16644,23067,0,36,33,33,1264944,33984,29,31,0
4516,0.454,2.509,0.008,2.971,0.837,16644,23067,0,36,33,33,1264944,33984,29,31,0
4517,0.488,0.922,0.007,1.417,3.084,16644,23067,0,36,33,33,1264944,33984,29,31,0
4518,0.427,2.741,0.008,3.176,1.522,16644,23067,0,36,33,33,1264944,33984,29,31,0
4519,0.447,13.392,0.008,13.847,3.275,16644,23067,0,36,33,33,1264944,33984,29,31,0
4520,0.492,7.344,0.006,7.842,13.947,16644,23067,0,36,33,33,1264944,33984,29,31,0
4521,0.472,0.674,0.007,1.153,7.939,16644,23067,0,36,33,33,1264944,33984,29,31,0
4522,0.465,0.251,0.007,0.722,1.247,16644,23067,0,36,33,33,1264944,33984,29,31,0
4523,0.444,0.232,0.007,0.683,0.804,16644,23067,0,36,33,33,1264944,33984,29,31,0
4524,0.434,0.585,0.011,1.031,0.776,16644,23067,0,36,33,33,1264944,33984,29,31,0
4525,0.456,0.684,0.009,1.149,1.138,16644,23067,0,36,33,33,1264944,33984,29,31,0
4526,0.477,11.081,0.008,11.567,1.257,16644,23067,0,36,33,33,1264944,33984,29,31,0
4527,0.472,8.260,0.008,8.739,11.666,16644,23067,0,36,33,33,1264944,33984,29,31,0
4528,0.471,7.254,0.008,7.733,8.840,16644,23067,0,36,33,33,1264944,33984,29,31,0
4529,0.461,0.917,0.009,1.388,7.838,16644,23067,0,36,33,33,1264944,33984,29,31,0
4530,0.466,0.268,0.009,0.742,1.493,16644,23067,0,36,33,33,1264944,33984,29,31,0
4531,0.456,0.426,0.010,0.892,0.843,16644,23067,0,36,33,33,1264944,33984,29,31,0
4532,0.450,0.216,0.009,0.676,0.990,16644,23067,0,36,33,33,1264944,33984,29,31,0
4533,0.485,0.687,0.009,1.181,0.769,16644,23067,0,36,33,33,1264944,33984,29,31,0
4534,0.454,3.147,0.008,3.609,1.284,16644,23067,0,36,33,33,1264944,33984,29,31,0
4535,0.442,15.432,0.008,15.882,3.714,16644,23067,0,36,33,33,1264944,33984,29,31,0
4536,0.462,7.754,0.009,8.224,15.984,16644,23067,0,36,33,33,1264944,33984,29,31,0
4537,0.462,1.061,0.007,1.530,8.324,16644,23067,0,36,33,33,1264944,33984,29,31,0
4538,0.444,0.331,0.007,0.782,1.627,16644,23067,0,36,33,33,1264944,33984,29,31,0
4539,0.446,0.220,0.010,0.676,0.866,16644,23067,0,36,33,33,1264944,33984,29,31,0
4540,0.430,0.528,0.008,0.966,0.783,16644,23067,0,36,33,33,1264944,33984,29,31,0
4541,0.469,0.644,0.008,1.121,1.051,16644,23067,0,36,33,33,1264944,33984,29,31,0
4542,0.448,3.521,0.008,3.978,1.228,16644,23067,0,36,33,33,1264944,33984,29,31,0
4543,0.423,14.997,0.007,15.427,4.082,16644,23067,0,36,33,33,1264944,33984,29,31,0
4544,0.480,7.592,0.006,8.078,15.520,16644,23067,0,36,33,33,1264944,33984,29,31,0
4545,0.470,0.878,0.009,1.356,8.195,16644,23067,0,36,33,33,1264944,33984,29,31,0
4546,0.483,0.249,0.008,0.739,1.450,16644,23067,0,36,33,33,1264944,33984,29,31,0
4547,0.435,0.216,0.020,0.671,0.838,16644,23067,0,36,33,33,1264944,33984,29,31,0
4548,0.436,0.544,0.010,0.990,0.775,16644,23067,0,36,33,33,1264944,33984,29,31,0
4549,0.476,1.562,0.008,2.047,1.104,16644,23067,0,36,33,33,1264944,33984,29,31,0
4550,0.489,1.355,0.008,1.852,2.161,16644,23067,0,36,33,33,1264944,33984,29,31,0
4551,0.433,2.930,0.007,3.370,1.962,16644,23067,0,36,33,33,1264944,33984,29,31,0
4552,0.463,12.659,0.006,13.128,3.466,16644,23067,0,36,33,33,1264944,33984,29,31,0
4553,0.478,7.700,0.006,8.184,13.235,16644,23067,0,36,33,33,1264944,33984,29,31,0
4554,0.455,1.828,0.006,2.289,8.287,16644,23067,0,36,33,33,1264944,33984,29,31,0
4555,0.431,0.217,0.009,0.657,2.401,16644,23067,0,36,33,33,1264944,33984,29,31,0
4556,0.416,0.455,0.010,0.881,0.748,16644,23067,0,36,33,33,1264944,33984,29,31,0
4557,0.472,0.745,0.008,1.224,0.978,16644,23067,0,36,33,33,1264944,33984,29,31,0
4558,0.429,3.021,0.013,3.463,1.320,16644,23067,0,36,33,33,1264944,33984,29,31,0
4559,0.457,15.450,0.009,15.916,3.574,16644,23067,0,36,33,33,1264944,33984,29,31,0
4560,0.493,7.438,0.009,7.940,16.015,16644,23067,0,36,33,33,1264944,33984,29,31,0
4561,0.479,0.591,0.008,1.077,8.056,16644,23067,0,36,33,33,1264944,33984,29,31,0
4562,0.473,0.259,0.009,0.741,1.173,16644,23067,0,36,33,33,1264944,33984,29,31,0
4563,0.451,0.235,0.007,0.693,0.846,16644,23067,0,36,33,33,1264944,33984,29,31,0
4564,0.436,0.255,0.010,0.702,0.777,16644,23067,0,36,33,33,1264944,33984,29,31,0
4565,0.450,2.050,0.009,2.509,0.795,16644,23067,0,36,33,33,1264944,33984,29,31,0
4566,0.488,1.838,0.006,2.332,2.610,16644,23067,0,36,33,33,1264944,33984,29,31,0
4567,0.423,3.209,0.007,3.639,2.426,16644,23067,0,36,33,33,1264944,33984,29,31,0
4568,0.455,12.456,0.010,12.921,3.738,16644,23067,0,36,33,33,1264944,33984,29,31,0
4569,0.473,7.566,0.006,8.045,13.023,16644,23067,0,36,33,33,1264944,33984,29,31,0
4570,0.463,0.957,0.009,1.428,8.145,16644,23067,0,36,33,33,1264944,33984,29,31,0
4571,0.473,0.262,0.007,0.743,1.535,16644,23067,0,36,33,33,1264944,33984,29,31,0
4572,0.437,0.207,0.006,0.650,0.835,16644,23067,0,36,33,33,1264944,33984,29,31,0
4573,0.436,0.373,0.007,0.816,0.747,16644,23067,0,36,33,33,1264944,33984,29,31,0
4574,0.468,0.555,0.009,1.032,0.914,16644,23067,0,36,33,33,1264944,33984,29,31,0
4575,0.434,10.804,0.007,11.246,1.135,16644,23067,0,36,33,33,1264944,33984,29,31,0
4576,0.475,8.371,0.008,8.853,11.341,16644,23067,0,36,33,33,1264944,33984,29,31,0
4577,0.481,7.281,0.007,7.769,8.962,16644,23067,0,36,33,33,1264944,33984,29,31,0
4578,0.471,1.483,0.007,1.961,7.878,16644,23067,0,36,33,33,1264944,33984,29,31,0
4579,0.427,0.203,0.009,0.639,2.065,16644,23067,0,36,33,33,1264944,33984,29,31,0
4580,0.438,0.553,0.007,0.999,0.734,16644,23067,0,36,33,33,1264944,33984,29,31,0
4581,0.463,0.568,0.007,1.038,1.099,16644,23067,0,36,33,33,1264944,33984,29,31,0
4582,0.433,10.943,0.009,11.384,1.138,16644,23067,0,36,33,33,1264944,33984,29,31,0
4583,0.484,8.430,0.008,8.922,11.485,16644,23067,0,36,33,33,1264944,33984,29,31,0
4584,0.469,7.300,0.010,7.779,9.015,16644,23067,0,36,33,33,1264944,33984,29,31,0
4585,0.470,0.901,0.008,1.379,7.875,16644,23067,0,36,33,33,1264944,33984,29,31,0
4586,0.451,0.256,0.011,0.718,1.468,16644,23067,0,36,33,33,1264944,33984,29,31,0
4587,0.458,0.225,0.008,0.691,0.814,16644,23067,0,36,33,33,1264944,33984,29,31,0
4588,0.427,0.364,0.007,0.798,0.786,16644,23067,0,36,33,33,1264944,33984,29,31,0
4589,0.453,0.726,0.015,1.193,0.891,16644,23067,0,36,33,33,1264944,33984,29,31,0
4590,0.456,10.670,0.008,11.134,1.297,16644,23067,0,36,33,33,1264944,33984,29,31,0
4591,0.478,8.287,0.008,8.773,11.234,16644,23067,0,36,33,33,1264944,33984,29,31,0
4592,0.487,7.319,0.007,7.813,8.883,16644,23067,0,36,33,33,1264944,33984,29,31,0
4593,0.491,0.863,0.012,1.366,7.927,16644,23067,0,36,33,33,1264944,33984,29,31,0
4594,0.467,0.241,0.008,0.717,1.463,16644,23067,0,36,33,33,1264944,33984,29,31,0
4595,0.469,0.205,0.007,0.681,0.820,16644,23067,0,36,33,33,1264944,33984,29,31,0
4596,0.435,0.795,0.006,1.236,0.768,16644,23067,0,36,33,33,1264944,33984,29,31,0
4597,0.464,0.539,0.010,1.013,1.335,16644,23067,0,36,33,33,1264944,33984,29,31,0
4598,0.444,3.444,0.010,3.898,1.109,16644,23067,0,36,33,33,1264944,33984,29,31,0
4599,0.434,15.340,0.007,15.781,4.003,16644,23067,0,36,33,33,1264944,33984,29,31,0
4600,0.481,7.334,0.010,7.826,15.880,16644,23067,0,36,33,33,1264944,33984,29,31,0
4601,0.472,0.794,0.009,1.275,7.923,16644,23067,0,36,33,33,1264944,33984,29,31,0
4602,0.471,0.266,0.016,0.753,1.375,16644,23067,0,36,33,33,1264944,33984,29,31,0
4603,0.472,0.234,0.007,0.713,0.857,16644,23067,0,36,33,33,1264944,33984,29,31,0
4604,0.448,0.249,0.009,0.706,0.814,16644,23067,0,36,33,33,1264944,33984,29,31,0
4605,0.493,0.709,0.007,1.210,0.804,16644,23067,0,36,33,33,1264944,33984,29,31,0
4606,0.420,10.865,0.006,11.291,1.300,16644,23067,0,36,33,33,1264944,33984,29,31,0
4607,0.471,8.391,0.006,8.868,11.383,16644,23067,0,36,33,33,1264944,33984,29,31,0
4608,0.475,7.438,0.008,7.921,8.962,16644,23067,0,36,33,33,1264944,33984,29,31,0
4609,0.460,0.907,0.006,1.373,8.015,16644,23067,0,36,33,33,1264944,33984,29,31,0
4610,0.452,0.347,0.009,0.808,1.468,16644,23067,0,36,33,33,1264944,33984,29,31,0
4611,0.477,0.226,0.007,0.710,0.909,16644,23067,0,36,33,33,1264944,33984,29,31,0
4612,0.457,0.555,0.006,1.017,0.809,16644,23067,0,36,33,33,1264944,33984,29,31,0
4613,0.451,0.577,0.008,1.036,1.122,16644,23067,0,36,33,33,1264944,33984,29,31,0
4614,0.435,3.568,0.007,4.011,1.138,16644,23067,0,36,33,33,1264944,33984,29,31,0
4615,0.456,14.737,0.010,15.203,4.123,16644,23067,0,36,33,33,1264944,33984,29,31,0
4616,0.466,7.494,0.009,7.969,15.296,16644,23067,0,36,33,33,1264944,33984,29,31,0
4617,0.457,0.618,0.007,1.083,8.073,16644,23067,0,36,33,33,1264944,33984,29,31,0
4618,0.463,0.237,0.007,0.707,1.178,16644,23067,0,36,33,33,1264944,33984,29,31,0
4619,0.456,0.237,0.008,0.702,0.810,16644,23067,0,36,33,33,1264944,33984,29,31,0
4620,0.418,0.514,0.007,0.939,0.795,16644,23067,0,36,33,33,1264944,33984,29,31,0
4621,0.473,0.704,0.005,1.182,1.030,16644,23067,0,36,33,33,1264944,33984,29,31,0
4622,0.442,11.177,0.010,11.630,1.271,16644,23067,0,36,33,33,1264944,33984,29,31,0
4623,0.464,8.262,0.008,8.733,11.746,16644,23067,0,36,33,33,1264944,33984,29,31,0
4624,0.453,7.299,0.011,7.763,8.832,16644,23067,0,36,33,33,1264944,33984,29,31,0
4625,0.484,1.088,0.007,1.580,7.858,16644,23067,0,36,33,33,1264944,33984,29,31,0
4626,0.452,0.421,0.011,0.885,1.685,16644,23067,0,36,33,33,1264944,33984,29,31,0
4627,0.439,0.215,0.009,0.662,0.986,16644,23067,0,36,33,33,1264944,33984,29,31,0
4628,0.443,0.432,0.009,0.884,0.752,16644,23067,0,36,33,33,1264944,33984,29,31,0
4629,0.513,1.889,0.011,2.413,0.981,16644,23067,0,36,33,33,1264944,33984,29,31,0
4630,0.464,0.425,0.006,0.895,2.517,16644,23067,0,36,33,33,1264944,33984,29,31,0
4631,0.435,3.270,0.010,3.715,0.984,16644,23067,0,36,33,33,1264944,33984,29,31,0
4632,0.466,13.231,0.007,13.704,3.810,16644,23067,0,36,33,33,1264944,33984,29,31,0
4633,0.472,7.281,0.007,7.760,13.800,16644,23067,0,36,33,33,1264944,33984,29,31,0
4634,0.463,1.279,0.006,1.748,7.859,16644,23067,0,36,33,33,1264944,33984,29,31,0
4635,0.435,0.429,0.008,0.872,1.846,16644,23067,0,36,33,33,1264944,33984,29,31,0
4636,0.438,0.204,0.007,0.649,0.959,16644,23067,0,36,33,33,1264944,33984,29,31,0
4637,0.442,0.626,0.008,1.076,0.744,16644,23067,0,36,33,33,1264944,33984,29,31,0
4638,0.428,1.360,0.010,1.799,1.166,16644,23067,0,36,33,33,1264944,33984,29,31,0
4639,0.424,3.144,0.010,3.578,1.905,16644,23067,0,36,33,33,1264944,33984,29,31,0
4640,0.467,14.536,0.005,15.009,3.683,16644,23067,0,36,33,33,1264944,33984,29,31,0
4641,0.472,7.379,0.011,7.862,15.107,16644,23067,0,36,33,33,1264944,33984,29,31,0
4642,0.476,0.843,0.008,1.328,7.974,16644,23067,0,36,33,33,1264944,33984,29,31,0
4643,0.478,0.261,0.011,0.750,1.417,16644,23067,0,36,33,33,1264944,33984,29,31,0
4644,0.438,0.209,0.009,0.655,0.850,16644,23067,0,36,33,33,1264944,33984,29,31,0
4645,0.472,0.758,0.021,1.251,0.747,16644,23067,0,36,33,33,1264944,33984,29,31,0
4646,0.530,0.541,0.008,1.079,1.370,16644,23067,0,36,33,33,1264944,33984,29,31,0
4647,0.437,3.084,0.011,3.532,1.181,16644,23067,0,36,33,33,1264944,33984,29,31,0
4648,0.451,15.766,0.009,16.226,3.635,16644,23067,0,36,33,33,1264944,33984,29,31,0
4649,0.439,7.050,0.008,7.496,16.330,16644,23067,0,36,33,33,1264944,33984,29,31,0
4650,0.451,0.808,0.009,1.268,7.590,16644,23067,0,36,33,33,1264944,33984,29,31,0
4651,0.457,0.351,0.010,0.818,1.362,16644,23067,0,36,33,33,1264944,33984,29,31,0
4652,0.460,0.216,0.009,0.685,0.904,16644,23067,0,36,33,33,1264944,33984,29,31,0
4653,0.442,0.615,0.005,1.061,0.780,16644,23067,0,36,33,33,1264944,33984,29,31,0
4654,0.456,0.298,0.007,0.760,1.154,16644,23067,0,36,33,33,1264944,33984,29,31,0
4655,0.450,0.216,0.005,0.671,0.859,16644,23067,0,36,33,33,1264944,33984,29,31,0
4656,0.437,3.584,0.010,4.031,0.763,16644,23067,0,36,33,33,1264944,33984,29,31,0
4657,0.416,15.024,0.013,15.453,4.134,16644,23067,0,36,33,33,1264944,33984,29,31,0
4658,0.495,7.500,0.009,8.005,15.562,16644,23067,0,36,33,33,1264944,33984,29,31,0
4659,0.472,0.910,0.007,1.389,8.105,16644,23067,0,36,33,33,1264944,33984,29,31,0
4660,0.431,0.361,0.010,0.803,1.491,16644,23067,0,36,33,33,1264944,33984,29,31,0
4661,0.469,0.224,0.009,0.702,0.907,16644,23067,0,36,33,33,1264944,33984,29,31,0
4662,0.448,0.498,0.006,0.951,0.799,16644,23067,0,36,33,33,1264944,33984,29,31,0
4663,0.458,0.573,0.010,1.041,1.045,16644,23067,0,36,33,33,1264944,33984,29,31,0
4664,0.420,3.607,0.007,4.034,1.138,16644,23067,0,36,33,33,1264944,33984,29,31,0
4665,0.447,14.850,0.007,15.305,4.135,16644,23067,0,36,33,33,1264944,33984,29,31,0
4666,0.484,7.430,0.009,7.923,15.409,16644,23067,0,36,33,33,1264944,33984,29,31,0
4667,0.493,0.626,0.009,1.128,8.027,16644,23067,0,36,33,33,1264944,33984,29,31,0
4668,0.483,0.252,0.010,0.744,1.225,16644,23067,0,36,33,33,1264944,33984,29,31,0
4669,0.447,0.211,0.007,0.665,0.848,16644,23067,0,36,33,33,1264944,33984,29,31,0
4670,0.433,1.108,0.007,1.547,0.759,16644,23067,0,36,33,33,1264944,33984,29,31,0
4671,0.513,0.249,0.007,0.769,1.678,16644,23067,0,36,33,33,1264944,33984,29,31,0
4672,0.455,0.206,0.009,0.670,0.853,16644,23067,0,36,33,33,1264944,33984,29,31,0
4673,0.432,4.204,0.006,4.642,0.758,16644,23067,0,36,33,33,1264944,33984,29,31,0
4674,0.461,14.123,0.008,14.593,4.751,16644,23067,0,36,33,33,1264944,33984,29,31,0
4675,0.497,7.183,0.012,7.692,14.703,16644,23067,0,36,33,33,1264944,33984,29,31,0
4676,0.470,0.764,0.009,1.242,7.802,16644,23067,0,36,33,33,1264944,33984,29,31,0
4677,0.501,0.270,0.009,0.780,1.362,16644,23067,0,36,33,33,1264944,33984,29,31,0
4678,0.489,0.232,0.010,0.730,0.892,16644,23067,0,36,33,33,1264944,33984,29,31,0
4679,0.458,0.308,0.008,0.774,0.827,16644,23067,0,36,33,33,1264944,33984,29,31,0
4680,0.494,0.874,0.013,1.382,0.880,16644,23067,0,36,33,33,1264944,33984,29,31,0
4681,0.432,10.774,0.006,11.212,1.488,16644,23067,0,36,33,33,1264944,33984,29,31,0
4682,0.471,8.319,0.005,8.796,11.307,16644,23067,0,36,33,33,1264944,33984,29,31,0
4683,0.474,7.353,0.007,7.834,8.894,16644,23067,0,36,33,33,1264944,33984,29,31,0
4684,0.468,1.490,0.006,1.965,7.941,16644,23067,0,36,33,33,1264944,33984,29,31,0
4685,0.447,0.221,0.009,0.677,2.079,16644,23067,0,36,33,33,1264944,33984,29,31,0
4686,0.413,0.389,0.009,0.811,0.772,16644,23067,0,36,33,33,1264944,33984,29,31,0
4687,0.480,2.338,0.011,2.829,0.906,16644,23067,0,36,33,33,1264944,33984,29,31,0
4688,0.454,0.533,0.007,0.994,2.921,16644,23067,0,36,33,33,1264944,33984,29,31,0
4689,0.452,3.346,0.008,3.805,1.083,16644,23067,0,36,33,33,1264944,33984,29,31,0
4690,0.460,13.203,0.007,13.670,3.904,16644,23067,0,36,33,33,1264944,33984,29,31,0
4691,0.486,7.283,0.006,7.776,13.765,16644,23067,0,36,33,33,1264944,33984,29,31,0
4692,0.450,0.627,0.010,1.088,7.869,16644,23067,0,36,33,33,1264944,33984,29,31,0
4693,0.480,0.265,0.007,0.752,1.192,16644,23067,0,36,33,33,1264944,33984,29,31,0
4694,0.451,0.218,0.009,0.678,0.858,16644,23067,0,36,33,33,1264944,33984,29,31,0
4695,0.452,0.402,0.011,0.864,0.766,16644,23067,0,36,33,33,1264944,33984,29,31,0
4696,0.474,1.982,0.009,2.465,0.956,16644,23067,0,36,33,33,1264944,33984,29,31,0
4697,0.497,0.927,0.009,1.432,2.570,16644,23067,0,36,33,33,1264944,33984,29,31,0
4698,0.414,2.718,0.009,3.141,1.536,16644,23067,0,36,33,33,1264944,33984,29,31,0
4699,0.451,13.644,0.007,14.102,3.237,16644,23067,0,36,33,33,1264944,33984,29,31,0
4700,0.472,7.393,0.005,7.870,14.195,16644,23067,0,36,33,33,1264944,33984,29,31,0
4701,0.454,0.882,0.008,1.343,7.978,16644,23067,0,36,33,33,1264944,33984,29,31,0
4702,0.448,0.247,0.008,0.703,1.450,16644,23067,0,36,33,33,1264944,33984,29,31,0
4703,0.441,0.229,0.009,0.679,0.804,16644,23067,0,36,33,33,1264944,33984,29,31,0
4704,0.436,0.354,0.007,0.797,0.782,16644,23067,0,36,33,33,1264944,33984,29,31,0
4705,0.474,0.590,0.006,1.070,0.895,16644,23067,0,36,33,33,1264944,33984,29,31,0
4706,0.454,10.875,0.006,11.335,1.169,16644,23067,0,36,33,33,1264944,33984,29,31,0
4707,0.475,8.372,0.007,8.854,11.430,16644,23067,0,36,33,33,1264944,33984,29,31,0
4708,0.459,7.337,0.010,7.806,8.954,16644,23067,0,36,33,33,1264944,33984,29,31,0
4709,0.469,1.218,0.007,1.695,7.904,16644,23067,0,36,33,33,1264944,33984,29,31,0
4710,0.454,0.214,0.009,0.677,1.791,16644,23067,0,36,33,33,1264944,33984,29,31,0
4711,0.443,0.314,0.008,0.764,0.765,16644,23067,0,36,33,33,1264944,33984,29,31,0
4712,0.469,0.661,0.007,1.137,0.855,16644,23067,0,36,33,33,1264944,33984,29,31,0
4713,0.460,0.888,0.008,1.356,1.226,16644,23067,0,36,33,33,1264944,33984,29,31,0
4714,0.439,1.212,0.008,1.659,1.460,16644,23067,0,36,33,33,1264944,33984,29,31,0
4715,0.438,3.045,0.006,3.490,1.765,16644,23067,0,36,33,33,1264944,33984,29,31,0
4716,0.429,13.511,0.009,13.949,3.584,16644,23067,0,36,33,33,1264944,33984,29,31,0
4717,0.479,6.941,0.007,7.427,14.044,16644,23067,0,36,33,33,1264944,33984,29,31,0
4718,0.445,0.609,0.027,1.080,7.526,16644,23067,0,36,33,33,1264944,33984,29,31,0
4719,0.464,0.229,0.009,0.703,1.174,16644,23067,0,36,33,33,1264944,33984,29,31,0
4720,0.435,0.214,0.009,0.657,0.802,16644,23067,0,36,33,33,1264944,33984,29,31,0
4721,0.435,0.769,0.008,1.212,0.750,16644,23067,0,36,33,33,1264944,33984,29,31,0
4722,0.461,0.679,0.007,1.147,1.312,16644,23067,0,36,33,33,1264944,33984,29,31,0
4723,0.445,10.913,0.009,11.366,1.243,16644,23067,0,36,33,33,1264944,33984,29,31,0
4724,0.450,8.555,0.007,9.013,11.461,16644,23067,0,36,33,33,1264944,33984,29,31,0
4725,0.493,7.177,0.007,7.677,9.107,16644,23067,0,36,33,33,1264944,33984,29,31,0
4726,0.458,0.916,0.007,1.382,7.779,16644,23067,0,36,33,33,1264944,33984,29,31,0
4727,0.456,0.238,0.009,0.704,1.477,16644,23067,0,36,33,33,1264944,33984,29,31,0
4728,0.435,0.226,0.010,0.671,0.800,16644,23067,0,36,33,33,1264944,33984,29,31,0
4729,0.441,0.466,0.008,0.915,0.771,16644,23067,0,36,33,33,1264944,33984,29,31,0
4730,0.480,1.712,0.008,2.201,1.017,16644,23067,0,36,33,33,1264944,33984,29,31,0
4731,0.459,1.191,0.011,1.660,2.304,16644,23067,0,36,33,33,1264944,33984,29,31,0
4732,0.456,7.970,0.006,8.432,1.770,16644,23067,0,36,33,33,1264944,33984,29,31,0
4733,0.434,8.774,0.006,9.214,8.528,16644,23067,0,36,33,33,1264944,33984,29,31,0
4734,0.428,6.708,0.009,7.145,9.314,16644,23067,0,36,33,33,1264944,33984,29,31,0
4735,0.454,8.009,0.010,8.473,7.238,16644,23067,0,36,33,33,1264944,33984,29,31,0
4736,0.458,7.400,0.006,7.864,8.577,16644,23067,0,36,33,33,1264944,33984,29,31,0
4737,0.482,8.018,0.007,8.507,7.963,16644,23067,0,36,33,33,1264944,33984,29,31,0
4738,0.465,7.425,0.007,7.898,8.601,16644,23067,0,36,33,33,1264944,33984,29,31,0
4739,0.464,0.638,0.008,1.110,8.006,16644,23067,0,36,33,33,1264944,33984,29,31,0
4740,0.474,0.241,0.012,0.727,1.213,16644,23067,0,36,33,33,1264944,33984,29,31,0
4741,0.444,0.233,0.009,0.685,0.822,16644,23067,0,36,33,33,1264944,33984,29,31,0
4742,0.433,0.481,0.007,0.921,0.779,16644,23067,0,36,33,33,1264944,33984,29,31,0
4743,0.474,0.562,0.007,1.043,1.021,16644,23067,0,36,33,33,1264944,33984,29,31,0
4744,0.484,0.260,0.008,0.753,1.132,16644,23067,0,36,33,33,1264944,33984,29,31,0
4745,0.480,2.004,0.008,2.491,0.851,16644,23067,0,36,33,33,1264944,33984,29,31,0
4746,0.415,2.769,0.008,3.193,2.595,16644,23067,0,36,33,33,1264944,33984,29,31,0
4747,0.469,13.128,0.005,13.602,3.292,16644,23067,0,36,33,33,1264944,33984,29,31,0
4748,0.478,7.344,0.009,7.831,13.696,16644,23067,0,36,33,33,1264944,33984,29,31,0
4749,0.472,0.758,0.005,1.235,7.931,16644,23067,0,36,33,33,1264944,33984,29,31,0
4750,0.461,0.257,0.008,0.727,1.329,16644,23067,0,36,33,33,1264944,33984,29,31,0
4751,0.458,0.223,0.009,0.690,0.815,16644,23067,0,36,33,33,1264944,33984,29,31,0
4752,0.451,0.425,0.010,0.886,0.784,16644,23067,0,36,33,33,1264944,33984,29,31,0
4753,0.451,0.663,0.008,1.122,0.984,16644,23067,0,36,33,33,1264944,33984,29,31,0
4754,0.457,10.998,0.006,11.461,1.219,16644,23067,0,36,33,33,1264944,33984,29,31,0
4755,0.447,8.450,0.005,8.903,11.559,16644,23067,0,36,33,33,1264944,33984,29,31,0
4756,0.457,7.077,0.006,7.540,8.997,16644,23067,0,36,33,33,1264944,33984,29,31,0
4757,0.467,0.666,0.008,1.141,7.639,16644,23067,0,36,33,33,1264944,33984,29,31,0
4758,0.460,0.258,0.008,0.727,1.243,16644,23067,0,36,33,33,1264944,33984,29,31,0
4759,0.459,0.213,0.012,0.684,0.824,16644,23067,0,36,33,33,1264944,33984,29,31,0
4760,0.442,0.449,0.008,0.899,0.788,16644,23067,0,36,33,33,1264944,33984,29,31,0
4761,0.462,0.566,0.009,1.037,0.987,16644,23067,0,36,33,33,1264944,33984,29,31,0
4762,0.463,0.260,0.007,0.730,1.132,16644,23067,0,36,33,33,1264944,33984,29,31,0
4763,0.452,1.810,0.011,2.272,0.826,16644,23067,0,36,33,33,1264944,33984,29,31,0
4764,0.415,2.771,0.005,3.191,2.377,16644,23067,0,36,33,33,1264944,33984,29,31,0
4765,0.437,13.361,0.007,13.805,3.284,16644,23067,0,36,33,33,1264944,33984,29,31,0
4766,0.450,7.425,0.006,7.881,13.897,16644,23067,0,36,33,33,1264944,33984,29,31,0
4767,0.465,0.644,0.009,1.119,7.998,16644,23067,0,36,33,33,1264944,33984,29,31,0
4768,0.450,0.241,0.009,0.701,1.218,16644,23067,0,36,33,33,1264944,33984,29,31,0
4769,0.477,0.218,0.008,0.702,0.800,16644,23067,0,36,33,33,1264944,33984,29,31,0
4770,0.463,0.846,0.006,1.315,0.799,16644,23067,0,36,33,33,1264944,33984,29,31,0
4771,0.464,0.533,0.006,1.004,1.421,16644,23067,0,36,33,33,1264944,33984,29,31,0
4772,0.442,10.930,0.006,11.378,1.091,16644,23067,0,36,33,33,1264944,33984,29,31,0
4773,0.480,8.362,0.006,8.847,11.474,16644,23067,0,36,33,33,1264944,33984,29,31,0
4774,0.461,7.298,0.007,7.766,8.952,16644,23067,0,36,33,33,1264944,33984,29,31,0
4775,0.458,1.717,0.006,2.181,7.870,16644,23067,0,36,33,33,1264944,33984,29,31,0
4776,0.439,0.222,0.009,0.669,2.285,16644,23067,0,36,33,33,1264944,33984,29,31,0
4777,0.413,0.445,0.011,0.869,0.760,16644,23067,0,36,33,33,1264944,33984,29,31,0
4778,0.450,0.691,0.009,1.150,0.967,16644,23067,0,36,33,33,1264944,33984,29,31,0
4779,0.421,10.799,0.007,11.227,1.252,16644,23067,0,36,33,33,1264944,33984,29,31,0
4780,0.461,8.284,0.006,8.751,11.323,16644,23067,0,36,33,33,1264944,33984,29,31,0
4781,0.475,7.338,0.007,7.820,8.847,16644,23067,0,36,33,33,1264944,33984,29,31,0
4782,0.490,0.849,0.009,1.349,7.931,16644,23067,0,36,33,33,1264944,33984,29,31,0
4783,0.474,0.239,0.010,0.723,1.452,16644,23067,0,36,33,33,1264944,33984,29,31,0
4784,0.444,0.233,0.009,0.686,0.828,16644,23067,0,36,33,33,1264944,33984,29,31,0
4785,0.431,0.320,0.008,0.759,0.780,16644,23067,0,36,33,33,1264944,33984,29,31,0
4786,0.476,2.031,0.012,2.519,0.848,16644,23067,0,36,33,33,1264944,33984,29,31,0
4787,0.480,0.744,0.008,1.232,2.630,16644,23067,0,36,33,33,1264944,33984,29,31,0
4788,0.425,2.532,0.009,2.966,1.337,16644,23067,0,36,33,33,1264944,33984,29,31,0
4789,0.450,13.749,0.011,14.210,3.060,16644,23067,0,36,33,33,1264944,33984,29,31,0
4790,0.474,7.560,0.009,8.043,14.314,16644,23067,0,36,33,33,1264944,33984,29,31,0
4791,0.466,0.885,0.007,1.358,8.146,16644,23067,0,36,33,33,1264944,33984,29,31,0
4792,0.456,0.257,0.010,0.723,1.454,16644,23067,0,36,33,33,1264944,33984,29,31,0
4793,0.446,0.212,0.008,0.666,0.829,16644,23067,0,36,33,33,1264944,33984,29,31,0
4794,0.450,0.379,0.009,0.837,0.764,16644,23067,0,36,33,33,1264944,33984,29,31,0
4795,0.496,0.779,0.007,1.282,0.941,16644,23067,0,36,33,33,1264944,33984,29,31,0
4796,0.446,10.553,0.008,11.007,1.387,16644,23067,0,36,33,33,1264944,33984,29,31,0
4797,0.485,8.329,0.008,8.821,11.106,16644,23067,0,36,33,33,1264944,33984,29,31,0
4798,0.458,7.220,0.016,7.694,8.929,16644,23067,0,36,33,33,1264944,33984,29,31,0
4799,0.479,1.041,0.014,1.534,7.809,16644,23067,0,36,33,33,1264944,33984,29,31,0
4800,0.458,0.399,0.011,0.868,1.651,16644,23067,0,36,33,33,1264944,33984,29,31,0
4801,0.449,0.213,0.009,0.671,0.972,16644,23067,0,36,33,33,1264944,33984,29,31,0
4802,0.446,0.505,0.009,0.961,0.765,16644,23067,0,36,33,33,1264944,33984,29,31,0
4803,0.470,0.593,0.010,1.072,1.046,16644,23067,0,36,33,33,1264944,33984,29,31,0
4804,0.424,10.428,0.011,10.862,1.180,16644,23067,0,36,33,33,1264944,33984,29,31,0
4805,0.464,8.505,0.015,8.984,10.963,16644,23067,0,36,33,33,1264944,33984,29,31,0
4806,0.594,7.140,0.011,7.744,9.105,16644,23067,0,36,33,33,1264944,33984,29,31,0
4807,0.469,0.917,0.009,1.395,7.847,16644,23067,0,36,33,33,1264944,33984,29,31,0
4808,0.461,0.254,0.010,0.724,1.500,16644,23067,0,36,33,33,1264944,33984,29,31,0
4809,0.482,0.237,0.009,0.729,0.824,16644,23067,0,36,33,33,1264944,33984,29,31,0
4810,0.454,0.810,0.008,1.272,0.835,16644,23067,0,36,33,33,1264944,33984,29,31,0
4811,0.476,0.595,0.008,1.079,1.366,16644,23067,0,36,33,33,1264944,33984,29,31,0
4812,0.443,3.849,0.008,4.300,1.181,16644,23067,0,36,33,33,1264944,33984,29,31,0
4813,0.464,14.140,0.005,14.609,4.406,16644,23067,0,36,33,33,1264944,33984,29,31,0
4814,0.471,7.427,0.006,7.905,14.701,16644,23067,0,36,33,33,1264944,33984,29,31,0
4815,0.456,0.848,0.007,1.312,8.010,16644,23067,0,36,33,33,1264944,33984,29,31,0
4816,0.455,0.376,0.010,0.841,1.401,16644,23067,0,36,33,33,1264944,33984,29,31,0
4817,0.462,0.214,0.008,0.685,0.937,16644,23067,0,36,33,33,1264944,33984,29,31,0
4818,0.417,0.463,0.009,0.889,0.768,16644,23067,0,36,33,33,1264944,33984,29,31,0
4819,0.501,1.831,0.009,2.340,0.977,16644,23067,0,36,33,33,1264944,33984,29,31,0
4820,0.444,1.184,0.006,1.633,2.436,16644,23067,0,36,33,33,1264944,33984,29,31,0
4821,0.426,3.252,0.005,3.683,1.728,16644,23067,0,36,33,33,1264944,33984,29,31,0
4822,0.451,13.192,0.008,13.651,3.774,16644,23067,0,36,33,33,1264944,33984,29,31,0
4823,0.470,7.284,0.008,7.762,13.746,16644,23067,0,36,33,33,1264944,33984,29,31,0
4824,0.455,0.610,0.009,1.074,7.867,16644,23067,0,36,33,33,1264944,33984,29,31,0
4825,0.463,0.236,0.009,0.708,1.176,16644,23067,0,36,33,33,1264944,33984,29,31,0
4826,0.461,0.207,0.006,0.675,0.794,16644,23067,0,36,33,33,1264944,33984,29,31,0
4827,0.446,0.598,0.006,1.050,0.773,16644,23067,0,36,33,33,1264944,33984,29,31,0
4828,0.459,0.281,0.006,0.746,1.150,16644,23067,0,36,33,33,1264944,33984,29,31,0
4829,0.457,0.230,0.010,0.696,0.830,16644,23067,0,36,33,33,1264944,33984,29,31,0
4830,0.467,10.729,0.006,11.203,0.796,16644,23067,0,36,33,33,1264944,33984,29,31,0
4831,0.467,7.641,0.007,8.115,11.296,16644,23067,0,36,33,33,1264944,33984,29,31,0
4832,0.501,7.553,0.007,8.062,8.213,16644,23067,0,36,33,33,1264944,33984,29,31,0
4833,0.470,0.646,0.007,1.123,8.163,16644,23067,0,36,33,33,1264944,33984,29,31,0
4834,0.456,0.249,0.009,0.714,1.215,16644,23067,0,36,33,33,1264944,33984,29,31,0
4835,0.453,0.223,0.008,0.684,0.803,16644,23067,0,36,33,33,1264944,33984,29,31,0
4836,0.456,0.325,0.009,0.790,0.772,16644,23067,0,36,33,33,1264944,33984,29,31,0
4837,0.467,0.588,0.008,1.064,0.882,16644,23067,0,36,33,33,1264944,33984,29,31,0
4838,0.449,0.236,0.009,0.694,1.164,16644,23067,0,36,33,33,1264944,33984,29,31,0
4839,0.484,1.769,0.006,2.259,0.806,16644,23067,0,36,33,33,1264944,33984,29,31,0
4840,0.416,3.700,0.005,4.121,2.357,16644,23067,0,36,33,33,1264944,33984,29,31,0
4841,0.450,12.924,0.005,13.380,4.259,16644,23067,0,36,33,33,1264944,33984,29,31,0
4842,0.450,7.472,0.009,7.932,13.477,16644,23067,0,36,33,33,1264944,33984,29,31,0
4843,0.448,1.449,0.008,1.905,8.029,16644,23067,0,36,33,33,1264944,33984,29,31,0
4844,0.444,0.213,0.008,0.666,2.005,16644,23067,0,36,33,33,1264944,33984,29,31,0
4845,0.428,0.646,0.009,1.084,0.747,16644,23067,0,36,33,33,1264944,33984,29,31,0
4846,0.473,0.930,0.008,1.411,1.179,16644,23067,0,36,33,33,1264944,33984,29,31,0
4847,0.423,0.207,0.009,0.638,1.521,16644,23067,0,36,33,33,1264944,33984,29,31,0
4848,0.416,3.073,0.008,3.497,0.726,16644,23067,0,36,33,33,1264944,33984,29,31,0
4849,0.445,14.900,0.009,15.353,3.598,16644,23067,0,36,33,33,1264944,33984,29,31,0
4850,0.471,7.233,0.006,7.711,15.456,16644,23067,0,36,33,33,1264944,33984,29,31,0
4851,0.460,0.886,0.006,1.352,7.813,16644,23067,0,36,33,33,1264944,33984,29,31,0
4852,0.485,0.253,0.009,0.747,1.452,16644,23067,0,36,33,33,1264944,33984,29,31,0
4853,0.439,0.223,0.009,0.671,0.843,16644,23067,0,36,33,33,1264944,33984,29,31,0
4854,0.451,0.568,0.010,1.029,0.757,16644,23067,0,36,33,33,1264944,33984,29,31,0
4855,0.609,0.540,0.009,1.158,1.117,16644,23067,0,36,33,33,1264944,33984,29,31,0
4856,0.452,3.507,0.007,3.966,1.266,16644,23067,0,36,33,33,1264944,33984,29,31,0
4857,0.457,15.567,0.009,16.033,4.076,16644,23067,0,36,33,33,1264944,33984,29,31,0
4858,0.469,7.177,0.007,7.653,16.129,16644,23067,0,36,33,33,1264944,33984,29,31,0
4859,0.467,0.910,0.008,1.385,7.762,16644,23067,0,36,33,33,1264944,33984,29,31,0
4860,0.477,0.242,0.014,0.733,1.483,16644,23067,0,36,33,33,1264944,33984,29,31,0
4861,0.461,0.223,0.007,0.691,0.834,16644,23067,0,36,33,33,1264944,33984,29,31,0
4862,0.417,0.379,0.009,0.806,0.791,16644,23067,0,36,33,33,1264944,33984,29,31,0
4863,0.469,1.825,0.010,2.304,0.900,16644,23067,0,36,33,33,1264944,33984,29,31,0
4864,0.485,0.903,0.007,1.395,2.404,16644,23067,0,36,33,33,1264944,33984,29,31,0
4865,0.428,3.742,0.008,4.177,1.500,16644,23067,0,36,33,33,1264944,33984,29,31,0
4866,0.460,12.694,0.008,13.162,4.268,16644,23067,0,36,33,33,1264944,33984,29,31,0
4867,0.501,7.220,0.005,7.726,13.261,16644,23067,0,36,33,33,1264944,33984,29,31,0
4868,0.481,1.137,0.009,1.626,7.832,16644,23067,0,36,33,33,1264944,33984,29,31,0
4869,0.421,0.209,0.027,0.656,1.733,16644,23067,0,36,33,33,1264944,33984,29,31,0
4870,0.447,0.302,0.010,0.759,0.757,16644,23067,0,36,33,33,1264944,33984,29,31,0
4871,0.462,0.536,0.009,1.007,0.858,16644,23067,0,36,33,33,1264944,33984,29,31,0
4872,0.461,0.258,0.030,0.749,1.101,16644,23067,0,36,33,33,1264944,33984,29,31,0
4873,0.461,0.199,0.007,0.667,0.847,16644,23067,0,36,33,33,1264944,33984,29,31,0
4874,0.456,3.215,0.006,3.677,0.754,16644,23067,0,36,33,33,1264944,33984,29,31,0
4875,0.420,14.297,0.007,14.724,3.787,16644,23067,0,36,33,33,1264944,33984,29,31,0
4876,0.474,8.120,0.008,8.601,14.821,16644,23067,0,36,33,33,1264944,33984,29,31,0
4877,0.459,0.618,0.007,1.084,8.696,16644,23067,0,36,33,33,1264944,33984,29,31,0
4878,0.461,0.239,0.012,0.712,1.187,16644,23067,0,36,33,33,1264944,33984,29,31,0
4879,0.455,0.218,0.010,0.683,0.810,16644,23067,0,36,33,33,1264944,33984,29,31,0
4880,0.445,0.383,0.007,0.834,0.788,16644,23067,0,36,33,33,1264944,33984,29,31,0
4881,0.451,0.595,0.007,1.052,0.931,16644,23067,0,36,33,33,1264944,33984,29,31,0
4882,0.425,11.133,0.007,11.565,1.162,16644,23067,0,36,33,33,1264944,33984,29,31,0
4883,0.449,8.384,0.007,8.841,11.659,16644,23067,0,36,33,33,1264944,33984,29,31,0
4884,0.479,7.282,0.006,7.767,8.933,16644,23067,0,36,33,33,1264944,33984,29,31,0
4885,0.460,0.818,0.007,1.285,7.876,16644,23067,0,36,33,33,1264944,33984,29,31,0
4886,0.474,0.241,0.013,0.729,1.395,16644,23067,0,36,33,33,1264944,33984,29,31,0
4887,0.454,0.219,0.009,0.681,0.829,16644,23067,0,36,33,33,1264944,33984,29,31,0
4888,0.422,0.379,0.008,0.810,0.774,16644,23067,0,36,33,33,1264944,33984,29,31,0
4889,0.481,0.800,0.009,1.290,0.908,16644,23067,0,36,33,33,1264944,33984,29,31,0
4890,0.439,10.931,0.005,11.376,1.389,16644,23067,0,36,33,33,1264944,33984,29,31,0
4891,0.443,8.195,0.012,8.649,11.478,16644,23067,0,36,33,33,1264944,33984,29,31,0
4892,0.491,7.146,0.008,7.645,8.760,16644,23067,0,36,33,33,1264944,33984,29,31,0
4893,0.464,1.151,0.008,1.624,7.750,16644,23067,0,36,33,33,1264944,33984,29,31,0
4894,0.448,0.213,0.008,0.669,1.731,16644,23067,0,36,33,33,1264944,33984,29,31,0
4895,0.414,0.297,0.009,0.720,0.761,16644,23067,0,36,33,33,1264944,33984,29,31,0
4896,0.468,1.971,0.009,2.448,0.803,16644,23067,0,36,33,33,1264944,33984,29,31,0
4897,0.460,1.531,0.008,1.998,2.542,16644,23067,0,36,33,33,1264944,33984,29,31,0
4898,0.430,2.889,0.007,3.326,2.092,16644,23067,0,36,33,33,1264944,33984,29,31,0
4899,0.461,13.559,0.005,14.026,3.422,16644,23067,0,36,33,33,1264944,33984,29,31,0
4900,0.483,7.340,0.007,7.830,14.124,16644,23067,0,36,33,33,1264944,33984,29,31,0
4901,0.759,0.598,0.007,1.364,7.924,16644,23067,0,36,33,33,1264944,33984,29,31,0
4902,0.484,0.252,0.010,0.746,1.453,16644,23067,0,36,33,33,1264944,33984,29,31,0
4903,0.426,0.202,0.006,0.634,0.839,16644,23067,0,36,33,33,1264944,33984,29,31,0
4904,0.454,0.440,0.009,0.903,0.728,16644,23067,0,36,33,33,1264944,33984,29,31,0
4905,0.502,1.960,0.009,2.471,0.991,16644,23067,0,36,33,33,1264944,33984,29,31,0
4906,0.467,1.170,0.005,1.642,2.592,16644,23067,0,36,33,33,1264944,33984,29,31,0
4907,0.598,3.184,0.009,3.790,1.744,16644,23067,0,36,33,33,1264944,33984,29,31,0
4908,0.469,12.691,0.006,13.166,3.885,16644,23067,0,36,33,33,1264944,33984,29,31,0
4909,0.478,7.269,0.007,7.754,13.260,16644,23067,0,36,33,33,1264944,33984,29,31,0
4910,0.463,0.893,0.009,1.365,7.857,16644,23067,0,36,33,33,1264944,33984,29,31,0
4911,0.451,0.242,0.011,0.704,1.455,16644,23067,0,36,33,33,1264944,33984,29,31,0
4912,0.431,0.197,0.009,0.637,0.804,16644,23067,0,36,33,33,1264944,33984,29,31,0
4913,0.423,0.556,0.005,0.983,0.737,16644,23067,0,36,33,33,1264944,33984,29,31,0
4914,0.594,1.726,0.009,2.329,1.079,16644,23067,0,36,33,33,1264944,33984,29,31,0
4915,0.485,0.821,0.005,1.311,2.434,16644,23067,0,36,33,33,1264944,33984,29,31,0
4916,0.428,3.578,0.007,4.013,1.410,16644,23067,0,36,33,33,1264944,33984,29,31,0
4917,0.480,12.814,0.009,13.303,4.110,16644,23067,0,36,33,33,1264944,33984,29,31,0
4918,0.496,7.289,0.007,7.792,13.399,16644,23067,0,36,33,33,1264944,33984,29,31,0
4919,0.469,0.636,0.006,1.112,7.887,16644,23067,0,36,33,33,1264944,33984,29,31,0
4920,0.457,0.231,0.010,0.698,1.218,16644,23067,0,36,33,33,1264944,33984,29,31,0
4921,0.444,0.204,0.007,0.654,0.795,16644,23067,0,36,33,33,1264944,33984,29,31,0
4922,0.457,0.342,0.007,0.806,0.752,16644,23067,0,36,33,33,1264944,33984,29,31,0
4923,0.476,0.240,0.007,0.722,0.897,16644,23067,0,36,33,33,1264944,33984,29,31,0
4924,0.453,0.198,0.007,0.659,0.823,16644,23067,0,36,33,33,1264944,33984,29,31,0
4925,0.456,3.609,0.008,4.074,0.749,16644,23067,0,36,33,33,1264944,33984,29,31,0
4926,0.430,15.526,0.007,15.963,4.178,16644,23067,0,36,33,33,1264944,33984,29,31,0
4927,0.476,7.237,0.009,7.721,16.067,16644,23067,0,36,33,33,1264944,33984,29,31,0
4928,0.468,0.619,0.008,1.094,7.827,16644,23067,0,36,33,33,1264944,33984,29,31,0
4929,0.446,0.240,0.009,0.696,1.198,16644,23067,0,36,33,33,1264944,33984,29,31,0
4930,0.478,0.213,0.009,0.700,0.793,16644,23067,0,36,33,33,1264944,33984,29,31,0
4931,0.465,0.867,0.006,1.337,0.791,16644,23067,0,36,33,33,1264944,33984,29,31,0
4932,0.483,0.529,0.008,1.020,1.433,16644,23067,0,36,33,33,1264944,33984,29,31,0
4933,0.429,3.534,0.007,3.970,1.116,16644,23067,0,36,33,33,1264944,33984,29,31,0
4934,0.448,15.458,0.005,15.912,4.079,16644,23067,0,36,33,33,1264944,33984,29,31,0
4935,0.451,7.356,0.006,7.813,16.003,16644,23067,0,36,33,33,1264944,33984,29,31,0
4936,0.475,1.557,0.007,2.040,7.922,16644,23067,0,36,33,33,1264944,33984,29,31,0
4937,0.440,0.210,0.008,0.658,2.148,16644,23067,0,36,33,33,1264944,33984,29,31,0
4938,0.445,0.445,0.008,0.898,0.754,16644,23067,0,36,33,33,1264944,33984,29,31,0
4939,0.491,0.603,0.008,1.101,0.993,16644,23067,0,36,33,33,1264944,33984,29,31,0
4940,0.441,0.197,0.007,0.646,1.203,16644,23067,0,36,33,33,1264944,33984,29,31,0
4941,0.455,10.133,0.006,10.593,0.733,16644,23067,0,36,33,33,1264944,33984,29,31,0
4942,0.472,8.359,0.007,8.838,10.684,16644,23067,0,36,33,33,1264944,33984,29,31,0
4943,0.477,7.294,0.008,7.779,8.933,16644,23067,0,36,33,33,1264944,33984,29,31,0
4944,0.477,0.594,0.009,1.080,7.879,16644,23067,0,36,33,33,1264944,33984,29,31,0
4945,0.464,0.300,0.008,0.772,1.181,16644,23067,0,36,33,33,1264944,33984,29,31,0
4946,0.430,0.211,0.009,0.650,0.869,16644,23067,0,36,33,33,1264944,33984,29,31,0
4947,0.447,0.497,0.009,0.952,0.753,16644,23067,0,36,33,33,1264944,33984,29,31,0
4948,0.473,1.519,0.009,2.001,1.054,16644,23067,0,36,33,33,1264944,33984,29,31,0
4949,0.466,1.359,0.009,1.834,2.110,16644,23067,0,36,33,33,1264944,33984,29,31,0
4950,0.430,3.183,0.005,3.618,1.939,16644,23067,0,36,33,33,1264944,33984,29,31,0
4951,0.461,13.222,0.007,13.691,3.716,16644,23067,0,36,33,33,1264944,33984,29,31,0
4952,0.464,7.304,0.008,7.777,13.791,16644,23067,0,36,33,33,1264944,33984,29,31,0
4953,0.461,0.877,0.006,1.344,7.880,16644,23067,0,36,33,33,1264944,33984,29,31,0
4954,0.463,0.250,0.007,0.720,1.440,16644,23067,0,36,33,33,1264944,33984,29,31,0
4955,0.436,0.201,0.012,0.649,0.819,16644,23067,0,36,33,33,1264944,33984,29,31,0
4956,0.429,0.449,0.010,0.887,0.744,16644,23067,0,36,33,33,1264944,33984,29,31,0
4957,0.476,2.045,0.007,2.528,0.979,16644,23067,0,36,33,33,1264944,33984,29,31,0
4958,0.469,0.772,0.010,1.250,2.624,16644,23067,0,36,33,33,1264944,33984,29,31,0
4959,0.431,2.713,0.007,3.151,1.360,16644,23067,0,36,33,33,1264944,33984,29,31,0
4960,0.457,13.704,0.005,14.167,3.249,16644,23067,0,36,33,33,1264944,33984,29,31,0
4961,0.441,7.366,0.005,7.813,14.260,16644,23067,0,36,33,33,1264944,33984,29,31,0
4962,0.474,0.894,0.011,1.379,7.918,16644,23067,0,36,33,33,1264944,33984,29,31,0
4963,0.449,0.242,0.008,0.700,1.481,16644,23067,0,36,33,33,1264944,33984,29,31,0
4964,0.443,0.216,0.007,0.665,0.793,16644,23067,0,36,33,33,1264944,33984,29,31,0
4965,0.442,0.332,0.006,0.781,0.754,16644,23067,0,36,33,33,1264944,33984,29,31,0
4966,0.464,0.574,0.009,1.047,0.879,16644,23067,0,36,33,33,1264944,33984,29,31,0
4967,0.435,10.881,0.005,11.321,1.152,16644,23067,0,36,33,33,1264944,33984,29,31,0
4968,0.462,8.426,0.006,8.895,11.415,16644,23067,0,36,33,33,1264944,33984,29,31,0
4969,0.487,7.208,0.007,7.703,8.989,16644,23067,0,36,33,33,1264944,33984,29,31,0
4970,0.456,1.418,0.009,1.883,7.815,16644,23067,0,36,33,33,1264944,33984,29,31,0
4971,0.461,0.220,0.007,0.688,1.986,16644,23067,0,36,33,33,1264944,33984,29,31,0
4972,0.443,0.307,0.007,0.757,0.777,16644,23067,0,36,33,33,1264944,33984,29,31,0
4973,0.486,0.841,0.009,1.336,0.843,16644,23067,0,36,33,33,1264944,33984,29,31,0
4974,0.416,10.956,0.007,11.379,1.426,16644,23067,0,36,33,33,1264944,33984,29,31,0
4975,0.463,8.354,0.007,8.824,11.484,16644,23067,0,36,33,33,1264944,33984,29,31,0
4976,0.451,7.334,0.008,7.793,8.918,16644,23067,0,36,33,33,1264944,33984,29,31,0
4977,0.458,0.542,0.010,1.010,7.899,16644,23067,0,36,33,33,1264944,33984,29,31,0
4978,0.456,0.245,0.009,0.710,1.110,16644,23067,0,36,33,33,1264944,33984,29,31,0
4979,0.450,0.198,0.007,0.655,0.807,16644,23067,0,36,33,33,1264944,33984,29,31,0
4980,0.430,0.774,0.009,1.213,0.762,16644,23067,0,36,33,33,1264944,33984,29,31,0
4981,0.461,0.652,0.006,1.119,1.309,16644,23067,0,36,33,33,1264944,33984,29,31,0
4982,0.430,4.003,0.008,4.442,1.220,16644,23067,0,36,33,33,1264944,33984,29,31,0
4983,0.417,15.396,0.005,15.819,4.550,16644,23067,0,36,33,33,1264944,33984,29,31,0
4984,0.436,6.975,0.005,7.416,15.910,16644,23067,0,36,33,33,1264944,33984,29,31,0
4985,0.450,7.361,0.010,7.820,7.510,16644,23067,0,36,33,33,1264944,33984,29,31,0
4986,0.450,8.198,0.007,8.655,7.917,16644,23067,0,36,33,33,1264944,33984,29,31,0
4987,0.482,7.943,0.007,8.432,8.750,16644,23067,0,36,33,33,1264944,33984,29,31,0
4988,0.463,7.452,0.006,7.922,8.524,16644,23067,0,36,33,33,1264944,33984,29,31,0
4989,0.744,0.379,0.009,1.133,8.012,16644,23067,0,36,33,33,1264944,33984,29,31,0
4990,0.446,0.367,0.007,0.821,1.225,16644,23067,0,36,33,33,1264944,33984,29,31,0
4991,0.449,0.223,0.009,0.681,0.916,16644,23067,0,36,33,33,1264944,33984,29,31,0
4992,0.465,0.410,0.008,0.883,0.773,16644,23067,0,36,33,33,1264944,33984,29,31,0
4993,0.441,2.443,0.005,2.889,0.975,16644,23067,0,36,33,33,1264944,33984,29,31,0
4994,0.456,0.780,0.007,1.243,2.983,16644,23067,0,36,33,33,1264944,33984,29,31,0
4995,0.425,3.065,0.008,3.499,1.347,16644,23067,0,36,33,33,1264944,33984,29,31,0
4996,0.743,12.704,0.006,13.453,3.590,16644,23067,0,36,33,33,1264944,33984,29,31,0
4997,0.493,7.473,0.006,7.973,13.547,16644,23067,0,36,33,33,1264944,33984,29,31,0
4998,0.462,0.616,0.008,1.085,8.076,16644,23067,0,36,33,33,1264944,33984,29,31,0
4999,0.452,0.243,0.009,0.704,1.187,16644,23067,0,36,33,33,1264944,33984,29,31,0
5000,0.448,0.210,0.007,0.665,0.797,16644,23067,0,36,33,33,1264944,33984,29,31,0
5001,0.501,0.516,0.008,1.025,0.764,16644,23067,0,36,33,33,1264944,33984,29,31,0
5002,0.486,0.255,0.008,0.748,1.132,16644,23067,0,36,33,33,1264944,33984,29,31,0
5003,0.436,0.248,0.007,0.691,0.842,16644,23067,0,36,33,33,1264944,33984,29,31,0
5004,0.451,0.301,0.006,0.758,0.794,16644,23067,0,36,33,33,1264944,33984,29,31,0
5005,0.454,3.361,0.010,3.825,0.854,16644,23067,0,36,33,33,1264944,33984,29,31,0
5006,0.422,14.465,0.009,14.896,3.933,16644,23067,0,36,33,33,1264944,33984,29,31,0
5007,0.490,7.450,0.006,7.946,14.988,16644,23067,0,36,33,33,1264944,33984,29,31,0
5008,0.462,0.739,0.007,1.208,8.049,16644,23067,0,36,33,33,1264944,33984,29,31,0
5009,0.445,0.257,0.007,0.709,1.309,16644,23067,0,36,33,33,1264944,33984,29,31,0
5010,0.455,0.204,0.006,0.665,0.808,16644,23067,0,36,33,33,1264944,33984,29,31,0
5011,0.453,0.569,0.004,1.026,0.761,16644,23067,0,36,33,33,1264944,33984,29,31,0
5012,0.456,0.829,0.009,1.293,1.125,16644,23067,0,36,33,33,1264944,33984,29,31,0
5013,0.410,3.318,0.009,3.737,1.400,16644,23067,0,36,33,33,1264944,33984,29,31,0
5014,0.425,15.750,0.008,16.183,3.844,16644,23067,0,36,33,33,1264944,33984,29,31,0
5015,0.474,7.229,0.008,7.712,16.287,16644,23067,0,36,33,33,1264944,33984,29,31,0
5016,0.454,0.693,0.013,1.159,7.805,16644,23067,0,36,33,33,1264944,33984,29,31,0
5017,0.461,0.244,0.010,0.715,1.266,16644,23067,0,36,33,33,1264944,33984,29,31,0
5018,0.464,0.202,0.007,0.673,0.811,16644,23067,0,36,33,33,1264944,33984,29,31,0
5019,0.407,0.526,0.008,0.941,0.767,16644,23067,0,36,33,33,1264944,33984,29,31,0
5020,0.459,0.560,0.009,1.028,1.039,16644,23067,0,36,33,33,1264944,33984,29,31,0
5021,0.445,11.159,0.005,11.609,1.135,16644,23067,0,36,33,33,1264944,33984,29,31,0
5022,0.477,7.701,0.006,8.185,11.704,16644,23067,0,36,33,33,1264944,33984,29,31,0
5023,0.488,7.553,0.008,8.049,8.278,16644,23067,0,36,33,33,1264944,33984,29,31,0
5024,0.454,0.682,0.006,1.142,8.151,16644,23067,0,36,33,33,1264944,33984,29,31,0
5025,0.468,0.244,0.009,0.721,1.236,16644,23067,0,36,33,33,1264944,33984,29,31,0
5026,0.431,0.215,0.007,0.653,0.821,16644,23067,0,36,33,33,1264944,33984,29,31,0
5027,0.448,0.431,0.010,0.889,0.745,16644,23067,0,36,33,33,1264944,33984,29,31,0
5028,0.468,1.520,0.006,1.993,0.982,16644,23067,0,36,33,33,1264944,33984,29,31,0
5029,0.483,1.878,0.007,2.367,2.095,16644,23067,0,36,33,33,1264944,33984,29,31,0
5030,0.438,2.609,0.006,3.053,2.466,16644,23067,0,36,33,33,1264944,33984,29,31,0
5031,0.443,13.770,0.006,14.219,3.146,16644,23067,0,36,33,33,1264944,33984,29,31,0
5032,0.483,7.304,0.006,7.792,14.315,16644,23067,0,36,33,33,1264944,33984,29,31,0
5033,0.451,0.874,0.009,1.335,7.893,16644,23067,0,36,33,33,1264944,33984,29,31,0
5034,0.462,0.270,0.007,0.739,1.436,16644,23067,0,36,33,33,1264944,33984,29,31,0
5035,0.446,0.204,0.018,0.668,0.842,16644,23067,0,36,33,33,1264944,33984,29,31,0
5036,0.433,0.383,0.010,0.826,0.759,16644,23067,0,36,33,33,1264944,33984,29,31,0
5037,0.521,1.715,0.006,2.241,0.922,16644,23067,0,36,33,33,1264944,33984,29,31,0
5038,0.452,1.064,0.007,1.523,2.341,16644,23067,0,36,33,33,1264944,33984,29,31,0
5039,0.421,3.494,0.006,3.921,1.630,16644,23067,0,36,33,33,1264944,33984,29,31,0
5040,0.461,12.893,0.008,13.361,4.019,16644,23067,0,36,33,33,1264944,33984,29,31,0
5041,0.482,7.329,0.008,7.820,13.457,16644,23067,0,36,33,33,1264944,33984,29,31,0
5042,0.455,0.894,0.005,1.354,7.912,16644,23067,0,36,33,33,1264944,33984,29,31,0
5043,0.443,0.254,0.006,0.703,1.441,16644,23067,0,36,33,33,1264944,33984,29,31,0
5044,0.439,0.182,0.010,0.631,0.793,16644,23067,0,36,33,33,1264944,33984,29,31,0
5045,0.428,0.480,0.010,0.919,0.723,16644,23067,0,36,33,33,1264944,33984,29,31,0
5046,0.466,2.313,0.009,2.787,1.008,16644,23067,0,36,33,33,1264944,33984,29,31,0
5047,0.446,0.464,0.006,0.915,2.912,16644,23067,0,36,33,33,1264944,33984,29,31,0
5048,0.417,2.960,0.007,3.384,1.020,16644,23067,0,36,33,33,1264944,33984,29,31,0
5049,0.450,13.547,0.005,14.002,3.484,16644,23067,0,36,33,33,1264944,33984,29,31,0
5050,0.444,7.370,0.005,7.819,14.100,16644,23067,0,36,33,33,1264944,33984,29,31,0
5051,0.462,0.907,0.009,1.379,7.919,16644,23067,0,36,33,33,1264944,33984,29,31,0
5052,0.470,0.237,0.007,0.713,1.484,16644,23067,0,36,33,33,1264944,33984,29,31,0
5053,0.458,0.200,0.007,0.665,0.808,16644,23067,0,36,33,33,1264944,33984,29,31,0
5054,0.445,0.407,0.008,0.861,0.761,16644,23067,0,36,33,33,1264944,33984,29,31,0
5055,0.454,0.599,0.007,1.060,0.953,16644,23067,0,36,33,33,1264944,33984,29,31,0
5056,0.411,10.814,0.009,11.234,1.166,16644,23067,0,36,33,33,1264944,33984,29,31,0
5057,0.447,8.315,0.007,8.768,11.326,16644,23067,0,36,33,33,1264944,33984,29,31,0
5058,0.475,7.345,0.009,7.830,8.865,16644,23067,0,36,33,33,1264944,33984,29,31,0
5059,0.460,1.437,0.007,1.904,7.930,16644,23067,0,36,33,33,1264944,33984,29,31,0
5060,0.445,0.209,0.009,0.663,2.001,16644,23067,0,36,33,33,1264944,33984,29,31,0
5061,0.429,0.460,0.008,0.897,0.745,16644,23067,0,36,33,33,1264944,33984,29,31,0
5062,0.482,0.638,0.010,1.129,0.989,16644,23067,0,36,33,33,1264944,33984,29,31,0
5063,0.429,10.967,0.006,11.402,1.227,16644,23067,0,36,33,33,1264944,33984,29,31,0
5064,0.447,8.436,0.006,8.889,11.499,16644,23067,0,36,33,33,1264944,33984,29,31,0
5065,0.480,7.337,0.007,7.824,8.983,16644,23067,0,36,33,33,1264944,33984,29,31,0
5066,0.459,0.896,0.007,1.362,7.931,16644,23067,0,36,33,33,1264944,33984,29,31,0
5067,0.434,0.238,0.007,0.679,1.461,16644,23067,0,36,33,33,1264944,33984,29,31,0
5068,0.434,0.211,0.008,0.652,0.772,16644,23067,0,36,33,33,1264944,33984,29,31,0
5069,0.434,0.515,0.006,0.955,0.752,16644,23067,0,36,33,33,1264944,33984,29,31,0
5070,0.464,0.673,0.008,1.145,1.050,16644,23067,0,36,33,33,1264944,33984,29,31,0
5071,0.428,10.709,0.006,11.143,1.242,16644,23067,0,36,33,33,1264944,33984,29,31,0
5072,0.467,7.950,0.005,8.423,11.242,16644,23067,0,36,33,33,1264944,33984,29,31,0
5073,0.444,7.441,0.009,7.894,8.512,16644,23067,0,36,33,33,1264944,33984,29,31,0
5074,0.462,0.556,0.006,1.024,8.002,16644,23067,0,36,33,33,1264944,33984,29,31,0
5075,0.433,0.249,0.010,0.692,1.117,16644,23067,0,36,33,33,1264944,33984,29,31,0
5076,0.418,0.214,0.008,0.640,0.793,16644,23067,0,36,33,33,1264944,33984,29,31,0
5077,0.454,0.434,0.010,0.899,0.734,16644,23067,0,36,33,33,1264944,33984,29,31,0
5078,0.448,2.056,0.008,2.512,0.985,16644,23067,0,36,33,33,1264944,33984,29,31,0
5079,0.511,1.356,0.007,1.874,2.625,16644,23067,0,36,33,33,1264944,33984,29,31,0
5080,0.416,2.723,0.006,3.145,1.979,16644,23067,0,36,33,33,1264944,33984,29,31,0
5081,0.455,13.700,0.005,14.161,3.238,16644,23067,0,36,33,33,1264944,33984,29,31,0
5082,0.463,7.269,0.008,7.740,14.265,16644,23067,0,36,33,33,1264944,33984,29,31,0
5083,0.445,0.824,0.008,1.277,7.833,16644,23067,0,36,33,33,1264944,33984,29,31,0
5084,0.454,0.371,0.006,0.831,1.375,16644,23067,0,36,33,33,1264944,33984,29,31,0
5085,0.435,0.189,0.010,0.633,0.924,16644,23067,0,36,33,33,1264944,33984,29,31,0
5086,0.445,0.468,0.009,0.922,0.734,16644,23067,0,36,33,33,1264944,33984,29,31,0
5087,0.581,0.299,0.007,0.887,1.016,16644,23067,0,36,33,33,1264944,33984,29,31,0
5088,0.444,0.206,0.006,0.655,0.992,16644,23067,0,36,33,33,1264944,33984,29,31,0
5089,0.450,2.698,0.008,3.157,0.748,16644,23067,0,36,33,33,1264944,33984,29,31,0
5090,0.455,15.957,0.009,16.420,3.263,16644,23067,0,36,33,33,1264944,33984,29,31,0
5091,0.496,7.239,0.009,7.744,16.514,16644,23067,0,36,33,33,1264944,33984,29,31,0
5092,0.462,0.966,0.008,1.436,7.852,16644,23067,0,36,33,33,1264944,33984,29,31,0
5093,0.455,0.242,0.007,0.703,1.538,16644,23067,0,36,33,33,1264944,33984,29,31,0
5094,0.474,0.391,0.006,0.871,0.786,16644,23067,0,36,33,33,1264944,33984,29,31,0
5095,0.664,0.438,0.009,1.110,0.957,16644,23067,0,36,33,33,1264944,33984,29,31,0
5096,0.457,0.245,0.006,0.708,1.202,16644,23067,0,36,33,33,1264944,33984,29,31,0
5097,0.457,0.222,0.005,0.684,0.795,16644,23067,0,36,33,33,1264944,33984,29,31,0
5098,0.456,3.953,0.008,4.418,0.777,16644,23067,0,36,33,33,1264944,33984,29,31,0
5099,0.456,14.212,0.005,14.673,4.530,16644,23067,0,36,33,33,1264944,33984,29,31,0
5100,0.501,7.099,0.006,7.606,14.764,16644,23067,0,36,33,33,1264944,33984,29,31,0
5101,0.471,0.879,0.008,1.358,7.704,16644,23067,0,36,33,33,1264944,33984,29,31,0
5102,0.447,0.239,0.007,0.693,1.459,16644,23067,0,36,33,33,1264944,33984,29,31,0
5103,0.447,0.205,0.012,0.664,0.784,16644,23067,0,36,33,33,1264944,33984,29,31,0
5104,0.456,0.501,0.007,0.963,0.763,16644,23067,0,36,33,33,1264944,33984,29,31,0
5105,0.465,0.624,0.012,1.101,1.058,16644,23067,0,36,33,33,1264944,33984,29,31,0
5106,0.417,11.016,0.006,11.439,1.194,16644,23067,0,36,33,33,1264944,33984,29,31,0
5107,0.470,8.037,0.007,8.515,11.533,16644,23067,0,36,33,33,1264944,33984,29,31,0
5108,0.453,7.684,0.006,8.143,8.607,16644,23067,0,36,33,33,1264944,33984,29,31,0
5109,0.435,0.963,0.005,1.404,8.245,16644,23067,0,36,33,33,1264944,33984,29,31,0
5110,0.459,1.034,0.012,1.506,1.504,16644,23067,0,36,33,33,1264944,33984,29,31,0
5111,0.470,0.239,0.008,0.717,1.607,16644,23067,0,36,33,33,1264944,33984,29,31,0
5112,0.473,0.244,0.008,0.725,0.815,16644,23067,0,36,33,33,1264944,33984,29,31,0
5113,0.432,0.408,0.007,0.848,0.825,16644,23067,0,36,33,33,1264944,33984,29,31,0
5114,0.439,3.432,0.007,3.877,0.949,16644,23067,0,36,33,33,1264944,33984,29,31,0
5115,0.439,15.219,0.006,15.664,3.980,16644,23067,0,36,33,33,1264944,33984,29,31,0
5116,0.490,7.193,0.006,7.690,15.758,16644,23067,0,36,33,33,1264944,33984,29,31,0
5117,0.453,0.889,0.022,1.364,7.794,16644,23067,0,36,33,33,1264944,33984,29,31,0
5118,0.470,0.238,0.008,0.715,1.453,16644,23067,0,36,33,33,1264944,33984,29,31,0
5119,0.436,0.228,0.007,0.670,0.815,16644,23067,0,36,33,33,1264944,33984,29,31,0
5120,0.421,0.443,0.007,0.870,0.759,16644,23067,0,36,33,33,1264944,33984,29,31,0
5121,0.467,1.836,0.007,2.311,0.963,16644,23067,0,36,33,33,1264944,33984,29,31,0
5122,0.499,1.228,0.007,1.735,2.414,16644,23067,0,36,33,33,1264944,33984,29,31,0
5123,0.433,2.869,0.005,3.307,1.840,16644,23067,0,36,33,33,1264944,33984,29,31,0
5124,0.431,12.945,0.005,13.381,3.402,16644,23067,0,36,33,33,1264944,33984,29,31,0
5125,0.457,7.728,0.007,8.193,13.475,16644,23067,0,36,33,33,1264944,33984,29,31,0
5126,0.439,1.685,0.008,2.132,8.296,16644,23067,0,36,33,33,1264944,33984,29,31,0
5127,0.425,0.224,0.012,0.662,2.240,16644,23067,0,36,33,33,1264944,33984,29,31,0
5128,0.459,0.394,0.005,0.859,0.768,16644,23067,0,36,33,33,1264944,33984,29,31,0
5129,0.475,0.858,0.009,1.342,0.956,16644,23067,0,36,33,33,1264944,33984,29,31,0
5130,0.432,10.576,0.008,11.015,1.432,16644,23067,0,36,33,33,1264944,33984,29,31,0
5131,0.454,8.266,0.007,8.728,11.107,16644,23067,0,36,33,33,1264944,33984,29,31,0
5132,0.456,7.396,0.006,7.858,8.819,16644,23067,0,36,33,33,1264944,33984,29,31,0
5133,0.461,0.890,0.009,1.360,7.963,16644,23067,0,36,33,33,1264944,33984,29,31,0
5134,0.458,0.234,0.008,0.699,1.462,16644,23067,0,36,33,33,1264944,33984,29,31,0
5135,0.445,0.211,0.011,0.667,0.801,16644,23067,0,36,33,33,1264944,33984,29,31,0
5136,0.443,0.344,0.010,0.796,0.761,16644,23067,0,36,33,33,1264944,33984,29,31,0
5137,0.463,0.569,0.005,1.037,0.897,16644,23067,0,36,33,33,1264944,33984,29,31,0
5138,0.427,10.923,0.008,11.359,1.136,16644,23067,0,36,33,33,1264944,33984,29,31,0
5139,0.476,8.410,0.008,8.893,11.462,16644,23067,0,36,33,33,1264944,33984,29,31,0
5140,0.478,7.290,0.006,7.774,8.996,16644,23067,0,36,33,33,1264944,33984,29,31,0
5141,0.454,0.953,0.009,1.416,7.863,16644,23067,0,36,33,33,1264944,33984,29,31,0
5142,0.435,0.241,0.008,0.684,1.505,16644,23067,0,36,33,33,1264944,33984,29,31,0
5143,0.463,0.212,0.008,0.682,0.771,16644,23067,0,36,33,33,1264944,33984,29,31,0
5144,0.418,0.768,0.006,1.191,0.779,16644,23067,0,36,33,33,1264944,33984,29,31,0
5145,0.634,0.409,0.006,1.050,1.367,16644,23067,0,36,33,33,1264944,33984,29,31,0
5146,0.449,4.229,0.009,4.687,1.160,16644,23067,0,36,33,33,1264944,33984,29,31,0
5147,0.482,13.972,0.006,14.461,4.798,16644,23067,0,36,33,33,1264944,33984,29,31,0
5148,0.487,7.767,0.008,8.262,14.551,16644,23067,0,36,33,33,1264944,33984,29,31,0
5149,0.468,1.027,0.007,1.502,8.360,16644,23067,0,36,33,33,1264944,33984,29,31,0
5150,0.453,0.216,0.012,0.680,1.611,16644,23067,0,36,33,33,1264944,33984,29,31,0
5151,0.410,0.475,0.008,0.892,0.777,16644,23067,0,36,33,33,1264944,33984,29,31,0
5152,0.428,0.709,0.008,1.145,0.987,16644,23067,0,36,33,33,1264944,33984,29,31,0
5153,0.445,1.828,0.009,2.282,1.242,16644,23067,0,36,33,33,1264944,33984,29,31,0
5154,0.444,0.319,0.008,0.772,2.386,16644,23067,0,36,33,33,1264944,33984,29,31,0
5155,0.424,3.156,0.007,3.587,0.869,16644,23067,0,36,33,33,1264944,33984,29,31,0
5156,0.447,13.402,0.005,13.855,3.677,16644,23067,0,36,33,33,1264944,33984,29,31,0
5157,0.488,6.822,0.011,7.322,13.946,16644,23067,0,36,33,33,1264944,33984,29,31,0
5158,0.518,0.566,0.010,1.094,7.435,16644,23067,0,36,33,33,1264944,33984,29,31,0
5159,0.496,0.311,0.009,0.816,1.193,16644,23067,0,36,33,33,1264944,33984,29,31,0
5160,0.486,0.243,0.011,0.740,0.918,16644,23067,0,36,33,33,1264944,33984,29,31,0
5161,0.458,0.313,0.008,0.780,0.833,16644,23067,0,36,33,33,1264944,33984,29,31,0
5162,0.473,2.076,0.006,2.555,0.869,16644,23067,0,36,33,33,1264944,33984,29,31,0
5163,0.486,1.418,0.010,1.914,2.665,16644,23067,0,36,33,33,1264944,33984,29,31,0
5164,0.476,3.140,0.010,3.626,2.018,16644,23067,0,36,33,33,1264944,33984,29,31,0
5165,0.494,12.520,0.010,13.025,3.732,16644,23067,0,36,33,33,1264944,33984,29,31,0
5166,0.523,7.359,0.011,7.892,13.138,16644,23067,0,36,33,33,1264944,33984,29,31,0
5167,0.516,0.570,0.009,1.095,7.998,16644,23067,0,36,33,33,1264944,33984,29,31,0
5168,0.468,0.285,0.009,0.762,1.183,16644,23067,0,36,33,33,1264944,33984,29,31,0
5169,0.452,0.219,0.008,0.679,0.851,16644,23067,0,36,33,33,1264944,33984,29,31,0
5170,0.468,0.833,0.012,1.312,0.766,16644,23067,0,36,33,33,1264944,33984,29,31,0
5171,0.466,0.906,0.010,1.381,1.403,16644,23067,0,36,33,33,1264944,33984,29,31,0
5172,0.489,10.649,0.012,11.150,1.487,16644,23067,0,36,33,33,1264944,33984,29,31,0
5173,0.490,7.610,0.010,8.110,11.259,16644,23067,0,36,33,33,1264944,33984,29,31,0
5174,0.478,7.437,0.010,7.925,8.208,16644,23067,0,36,33,33,1264944,33984,29,31,0
5175,0.475,0.721,0.010,1.206,8.034,16644,23067,0,36,33,33,1264944,33984,29,31,0
5176,0.492,0.280,0.008,0.780,1.308,16644,23067,0,36,33,33,1264944,33984,29,31,0
5177,0.451,0.213,0.010,0.673,0.876,16644,23067,0,36,33,33,1264944,33984,29,31,0
5178,0.436,0.506,0.007,0.949,0.767,16644,23067,0,36,33,33,1264944,33984,29,31,0
5179,0.439,0.963,0.010,1.412,1.035,16644,23067,0,36,33,33,1264944,33984,29,31,0
5180,0.457,0.685,0.006,1.148,1.498,16644,23067,0,36,33,33,1264944,33984,29,31,0
5181,0.427,1.195,0.011,1.633,1.237,16644,23067,0,36,33,33,1264944,33984,29,31,0
5182,0.453,2.433,0.009,2.894,1.733,16644,23067,0,36,33,33,1264944,33984,29,31,0
5183,0.453,13.105,0.011,13.569,2.992,16644,23067,0,36,33,33,1264944,33984,29,31,0
5184,0.470,7.505,0.009,7.983,13.665,16644,23067,0,36,33,33,1264944,33984,29,31,0
5185,0.465,0.623,0.007,1.096,8.082,16644,23067,0,36,33,33,1264944,33984,29,31,0
5186,0.469,0.236,0.008,0.712,1.190,16644,23067,0,36,33,33,1264944,33984,29,31,0
5187,0.458,0.220,0.009,0.687,0.816,16644,23067,0,36,33,33,1264944,33984,29,31,0
5188,0.463,0.389,0.009,0.862,0.779,16644,23067,0,36,33,33,1264944,33984,29,31,0
5189,0.464,0.691,0.006,1.162,0.959,16644,23067,0,36,33,33,1264944,33984,29,31,0
5190,0.457,0.581,0.008,1.047,1.256,16644,23067,0,36,33,33,1264944,33984,29,31,0
5191,0.447,2.899,0.012,3.359,1.145,16644,23067,0,36,33,33,1264944,33984,29,31,0
5192,0.439,16.024,0.011,16.474,3.464,16644,23067,0,36,33,33,1264944,33984,29,31,0
5193,0.507,7.380,0.011,7.898,16.577,16644,23067,0,36,33,33,1264944,33984,29,31,0
5194,0.447,1.656,0.009,2.112,7.998,16644,23067,0,36,33,33,1264944,33984,29,31,0
5195,0.465,0.215,0.011,0.691,2.223,16644,23067,0,36,33,33,1264944,33984,29,31,0
5196,0.434,0.517,0.008,0.958,0.773,16644,23067,0,36,33,33,1264944,33984,29,31,0
5197,0.474,0.782,0.008,1.265,1.053,16644,23067,0,36,33,33,1264944,33984,29,31,0
5198,0.450,3.492,0.007,3.949,1.358,16644,23067,0,36,33,33,1264944,33984,29,31,0
5199,0.437,14.841,0.007,15.284,4.047,16644,23067,0,36,33,33,1264944,33984,29,31,0
5200,0.477,7.416,0.006,7.899,15.384,16644,23067,0,36,33,33,1264944,33984,29,31,0
5201,0.458,0.557,0.019,1.033,8.007,16644,23067,0,36,33,33,1264944,33984,29,31,0
5202,0.467,0.237,0.007,0.711,1.122,16644,23067,0,36,33,33,1264944,33984,29,31,0
5203,0.459,0.225,0.009,0.694,0.804,16644,23067,0,36,33,33,1264944,33984,29,31,0
5204,0.455,0.655,0.005,1.114,0.790,16644,23067,0,36,33,33,1264944,33984,29,31,0
5205,0.460,0.605,0.008,1.073,1.204,16644,23067,0,36,33,33,1264944,33984,29,31,0
5206,0.450,0.656,0.008,1.114,1.172,16644,23067,0,36,33,33,1264944,33984,29,31,0
5207,0.493,1.655,0.006,2.154,1.223,16644,23067,0,36,33,33,1264944,33984,29,31,0
5208,0.424,3.125,0.007,3.556,2.258,16644,23067,0,36,33,33,1264944,33984,29,31,0
5209,0.451,13.005,0.010,13.467,3.649,16644,23067,0,36,33,33,1264944,33984,29,31,0
5210,0.496,7.424,0.009,7.930,13.566,16644,23067,0,36,33,33,1264944,33984,29,31,0
5211,0.459,0.998,0.009,1.467,8.040,16644,23067,0,36,33,33,1264944,33984,29,31,0
5212,0.486,0.243,0.010,0.739,1.573,16644,23067,0,36,33,33,1264944,33984,29,31,0
5213,0.471,0.225,0.008,0.704,0.842,16644,23067,0,36,33,33,1264944,33984,29,31,0
5214,0.431,0.568,0.009,1.009,0.801,16644,23067,0,36,33,33,1264944,33984,29,31,0
5215,0.469,0.766,0.007,1.241,1.100,16644,23067,0,36,33,33,1264944,33984,29,31,0
5216,0.429,3.574,0.007,4.010,1.336,16644,23067,0,36,33,33,1264944,33984,29,31,0
5217,0.431,14.614,0.010,15.055,4.115,16644,23067,0,36,33,33,1264944,33984,29,31,0
5218,0.486,7.624,0.013,8.124,15.161,16644,23067,0,36,33,33,1264944,33984,29,31,0
5219,0.460,1.260,0.006,1.726,8.218,16644,23067,0,36,33,33,1264944,33984,29,31,0
5220,0.461,0.320,0.009,0.790,1.835,16644,23067,0,36,33,33,1264944,33984,29,31,0
5221,0.441,0.245,0.008,0.693,0.872,16644,23067,0,36,33,33,1264944,33984,29,31,0
5222,0.459,0.511,0.006,0.975,0.802,16644,23067,0,36,33,33,1264944,33984,29,31,0
5223,0.465,0.993,0.005,1.463,1.063,16644,23067,0,36,33,33,1264944,33984,29,31,0
5224,0.449,2.948,0.005,3.402,1.554,16644,23067,0,36,33,33,1264944,33984,29,31,0
5225,0.453,15.288,0.008,15.749,3.495,16644,23067,0,36,33,33,1264944,33984,29,31,0
5226,0.499,7.267,0.009,7.775,15.850,16644,23067,0,36,33,33,1264944,33984,29,31,0
5227,0.470,0.611,0.010,1.091,7.875,16644,23067,0,36,33,33,1264944,33984,29,31,0
5228,0.479,0.267,0.009,0.755,1.183,16644,23067,0,36,33,33,1264944,33984,29,31,0
5229,0.470,0.216,0.007,0.694,0.848,16644,23067,0,36,33,33,1264944,33984,29,31,0
5230,0.447,0.617,0.007,1.071,0.783,16644,23067,0,36,33,33,1264944,33984,29,31,0
5231,0.444,0.828,0.009,1.281,1.167,16644,23067,0,36,33,33,1264944,33984,29,31,0
5232,0.444,10.882,0.006,11.332,1.370,16644,23067,0,36,33,33,1264944,33984,29,31,0
5233,0.442,8.173,0.009,8.623,11.432,16644,23067,0,36,33,33,1264944,33984,29,31,0
5234,0.448,7.172,0.008,7.627,8.720,16644,23067,0,36,33,33,1264944,33984,29,31,0
5235,0.473,7.187,0.005,7.665,7.740,16644,23067,0,36,33,33,1264944,33984,29,31,0
5236,0.437,8.224,0.009,8.670,7.760,16644,23067,0,36,33,33,1264944,33984,29,31,0
5237,0.480,7.945,0.027,8.452,8.773,16644,23067,0,36,33,33,1264944,33984,29,31,0
5238,0.493,7.450,0.008,7.952,8.551,16644,23067,0,36,33,33,1264944,33984,29,31,0
5239,0.482,0.659,0.007,1.149,8.047,16644,23067,0,36,33,33,1264944,33984,29,31,0
5240,0.494,0.268,0.010,0.772,1.255,16644,23067,0,36,33,33,1264944,33984,29,31,0
5241,0.478,0.215,0.007,0.701,0.869,16644,23067,0,36,33,33,1264944,33984,29,31,0
5242,0.443,0.405,0.007,0.855,0.803,16644,23067,0,36,33,33,1264944,33984,29,31,0
5243,0.462,0.504,0.009,0.974,0.939,16644,23067,0,36,33,33,1264944,33984,29,31,0
5244,0.473,0.256,0.010,0.738,1.064,16644,23067,0,36,33,33,1264944,33984,29,31,0
5245,0.468,1.989,0.008,2.465,0.844,16644,23067,0,36,33,33,1264944,33984,29,31,0
5246,0.439,2.951,0.008,3.398,2.558,16644,23067,0,36,33,33,1264944,33984,29,31,0
5247,0.464,12.866,0.007,13.337,3.497,16644,23067,0,36,33,33,1264944,33984,29,31,0
5248,0.473,7.529,0.007,8.009,13.435,16644,23067,0,36,33,33,1264944,33984,29,31,0
5249,0.480,0.618,0.008,1.106,8.105,16644,23067,0,36,33,33,1264944,33984,29,31,0
5250,0.451,0.265,0.009,0.725,1.215,16644,23067,0,36,33,33,1264944,33984,29,31,0
5251,0.465,0.244,0.007,0.716,0.829,16644,23067,0,36,33,33,1264944,33984,29,31,0
5252,0.440,0.325,0.009,0.775,0.806,16644,23067,0,36,33,33,1264944,33984,29,31,0
5253,0.476,0.470,0.009,0.956,0.866,16644,23067,0,36,33,33,1264944,33984,29,31,0
5254,0.477,0.261,0.007,0.745,1.042,16644,23067,0,36,33,33,1264944,33984,29,31,0
5255,0.443,0.210,0.007,0.660,0.839,16644,23067,0,36,33,33,1264944,33984,29,31,0
5256,0.446,3.358,0.008,3.812,0.744,16644,23067,0,36,33,33,1264944,33984,29,31,0
5257,0.441,14.475,0.006,14.923,3.905,16644,23067,0,36,33,33,1264944,33984,29,31,0
5258,0.474,7.381,0.006,7.862,15.027,16644,23067,0,36,33,33,1264944,33984,29,31,0
5259,0.465,0.770,0.009,1.244,7.954,16644,23067,0,36,33,33,1264944,33984,29,31,0
5260,0.473,0.265,0.007,0.745,1.351,16644,23067,0,36,33,33,1264944,33984,29,31,0
5261,0.451,0.210,0.009,0.671,0.842,16644,23067,0,36,33,33,1264944,33984,29,31,0
5262,0.447,0.506,0.005,0.959,0.772,16644,23067,0,36,33,33,1264944,33984,29,31,0
5263,0.446,0.552,0.005,1.003,1.050,16644,23067,0,36,33,33,1264944,33984,29,31,0
5264,0.484,0.238,0.007,0.729,1.105,16644,23067,0,36,33,33,1264944,33984,29,31,0
5265,0.472,1.656,0.008,2.136,0.830,16644,23067,0,36,33,33,1264944,33984,29,31,0
5266,0.412,2.920,0.007,3.339,2.249,16644,23067,0,36,33,33,1264944,33984,29,31,0
5267,0.452,13.629,0.008,14.089,3.437,16644,23067,0,36,33,33,1264944,33984,29,31,0
5268,0.458,7.279,0.009,7.746,14.182,16644,23067,0,36,33,33,1264944,33984,29,31,0
5269,0.469,0.613,0.007,1.089,7.842,16644,23067,0,36,33,33,1264944,33984,29,31,0
5270,0.453,0.263,0.010,0.726,1.192,16644,23067,0,36,33,33,1264944,33984,29,31,0
5271,0.480,0.231,0.009,0.720,0.825,16644,23067,0,36,33,33,1264944,33984,29,31,0
5272,0.482,0.698,0.007,1.187,0.822,16644,23067,0,36,33,33,1264944,33984,29,31,0
5273,0.441,0.255,0.008,0.705,1.275,16644,23067,0,36,33,33,1264944,33984,29,31,0
5274,0.466,0.215,0.009,0.689,0.803,16644,23067,0,36,33,33,1264944,33984,29,31,0
5275,0.452,3.183,0.010,3.644,0.784,16644,23067,0,36,33,33,1264944,33984,29,31,0
5276,0.419,15.524,0.010,15.953,3.748,16644,23067,0,36,33,33,1264944,33984,29,31,0
5277,0.495,7.242,0.007,7.744,16.062,16644,23067,0,36,33,33,1264944,33984,29,31,0
5278,0.466,0.905,0.010,1.382,7.854,16644,23067,0,36,33,33,1264944,33984,29,31,0
5279,0.466,0.241,0.008,0.716,1.478,16644,23067,0,36,33,33,1264944,33984,29,31,0
5280,0.456,0.226,0.009,0.691,0.811,16644,23067,0,36,33,33,1264944,33984,29,31,0
5281,0.450,0.326,0.006,0.782,0.779,16644,23067,0,36,33,33,1264944,33984,29,31,0
5282,0.454,0.838,0.007,1.300,0.871,16644,23067,0,36,33,33,1264944,33984,29,31,0
5283,0.434,10.624,0.010,11.067,1.397,16644,23067,0,36,33,33,1264944,33984,29,31,0
5284,0.486,8.292,0.008,8.786,11.166,16644,23067,0,36,33,33,1264944,33984,29,31,0
5285,0.462,7.370,0.008,7.840,8.885,16644,23067,0,36,33,33,1264944,33984,29,31,0
5286,0.469,1.077,0.008,1.554,7.938,16644,23067,0,36,33,33,1264944,33984,29,31,0
5287,0.459,0.444,0.009,0.912,1.666,16644,23067,0,36,33,33,1264944,33984,29,31,0
5288,0.465,0.215,0.006,0.686,1.005,16644,23067,0,36,33,33,1264944,33984,29,31,0
5289,0.418,0.491,0.022,0.932,0.783,16644,23067,0,36,33,33,1264944,33984,29,31,0
5290,0.445,0.615,0.007,1.068,1.016,16644,23067,0,36,33,33,1264944,33984,29,31,0
5291,0.455,3.640,0.007,4.101,1.160,16644,23067,0,36,33,33,1264944,33984,29,31,0
5292,0.475,14.693,0.007,15.176,4.201,16644,23067,0,36,33,33,1264944,33984,29,31,0
5293,0.473,7.641,0.008,8.121,15.275,16644,23067,0,36,33,33,1264944,33984,29,31,0
5294,0.460,0.907,0.007,1.374,8.218,16644,23067,0,36,33,33,1264944,33984,29,31,0
5295,0.478,0.261,0.018,0.757,1.468,16644,23067,0,36,33,33,1264944,33984,29,31,0
5296,0.475,0.199,0.005,0.678,0.847,16644,23067,0,36,33,33,1264944,33984,29,31,0
5297,0.475,0.687,0.006,1.168,0.768,16644,23067,0,36,33,33,1264944,33984,29,31,0
5298,0.452,0.239,0.006,0.697,1.251,16644,23067,0,36,33,33,1264944,33984,29,31,0
5299,0.444,0.225,0.007,0.676,0.789,16644,23067,0,36,33,33,1264944,33984,29,31,0
5300,0.446,0.433,0.007,0.886,0.767,16644,23067,0,36,33,33,1264944,33984,29,31,0
5301,0.450,2.872,0.007,3.330,0.980,16644,23067,0,36,33,33,1264944,33984,29,31,0
5302,0.473,14.016,0.009,14.498,3.439,16644,23067,0,36,33,33,1264944,33984,29,31,0
5303,0.486,7.802,0.012,8.301,14.595,16644,23067,0,36,33,33,1264944,33984,29,31,0
5304,0.479,0.657,0.008,1.143,8.399,16644,23067,0,36,33,33,1264944,33984,29,31,0
5305,0.482,0.251,0.008,0.741,1.238,16644,23067,0,36,33,33,1264944,33984,29,31,0
5306,0.454,0.210,0.010,0.674,0.825,16644,23067,0,36,33,33,1264944,33984,29,31,0
5307,0.444,0.420,0.007,0.871,0.764,16644,23067,0,36,33,33,1264944,33984,29,31,0
5308,0.456,0.799,0.008,1.263,0.961,16644,23067,0,36,33,33,1264944,33984,29,31,0
5309,0.452,0.390,0.015,0.857,1.357,16644,23067,0,36,33,33,1264944,33984,29,31,0
5310,0.462,0.210,0.007,0.679,0.951,16644,23067,0,36,33,33,1264944,33984,29,31,0
5311,0.449,2.681,0.009,3.139,0.764,16644,23067,0,36,33,33,1264944,33984,29,31,0
5312,0.441,14.508,0.010,14.958,3.237,16644,23067,0,36,33,33,1264944,33984,29,31,0
5313,0.488,7.469,0.014,7.971,15.070,16644,23067,0,36,33,33,1264944,33984,29,31,0
5314,0.548,0.357,0.012,0.917,8.096,16644,23067,0,36,33,33,1264944,33984,29,31,0
5315,0.478,0.347,0.011,0.836,1.015,16644,23067,0,36,33,33,1264944,33984,29,31,0
5316,0.527,0.249,0.012,0.788,0.936,16644,23067,0,36,33,33,1264944,33984,29,31,0
5317,0.448,0.330,0.014,0.792,0.884,16644,23067,0,36,33,33,1264944,33984,29,31,0
5318,0.551,0.476,0.009,1.036,0.897,16644,23067,0,36,33,33,1264944,33984,29,31,0
5319,0.439,0.474,0.008,0.921,1.133,16644,23067,0,36,33,33,1264944,33984,29,31,0
5320,0.463,1.513,0.011,1.987,1.026,16644,23067,0,36,33,33,1264944,33984,29,31,0
5321,0.418,2.769,0.008,3.195,2.094,16644,23067,0,36,33,33,1264944,33984,29,31,0
5322,0.435,13.331,0.006,13.772,3.293,16644,23067,0,36,33,33,1264944,33984,29,31,0
5323,0.451,7.766,0.014,8.231,13.870,16644,23067,0,36,33,33,1264944,33984,29,31,0
5324,0.485,0.867,0.013,1.365,8.338,16644,23067,0,36,33,33,1264944,33984,29,31,0
5325,0.495,0.265,0.009,0.768,1.466,16644,23067,0,36,33,33,1264944,33984,29,31,0
5326,0.462,0.227,0.009,0.699,0.862,16644,23067,0,36,33,33,1264944,33984,29,31,0
5327,0.436,0.398,0.009,0.843,0.799,16644,23067,0,36,33,33,1264944,33984,29,31,0
5328,0.480,0.685,0.008,1.173,0.936,16644,23067,0,36,33,33,1264944,33984,29,31,0
5329,0.459,10.647,0.011,11.117,1.274,16644,23067,0,36,33,33,1264944,33984,29,31,0
5330,0.471,7.840,0.012,8.322,11.223,16644,23067,0,36,33,33,1264944,33984,29,31,0
5331,0.475,7.715,0.007,8.197,8.422,16644,23067,0,36,33,33,1264944,33984,29,31,0
5332,0.463,1.436,0.008,1.907,8.299,16644,23067,0,36,33,33,1264944,33984,29,31,0
5333,0.450,0.218,0.007,0.675,2.008,16644,23067,0,36,33,33,1264944,33984,29,31,0
5334,0.429,0.456,0.010,0.895,0.756,16644,23067,0,36,33,33,1264944,33984,29,31,0
5335,0.458,0.718,0.009,1.185,0.976,16644,23067,0,36,33,33,1264944,33984,29,31,0
5336,0.445,10.953,0.009,11.406,1.290,16644,23067,0,36,33,33,1264944,33984,29,31,0
5337,0.473,8.368,0.007,8.848,11.514,16644,23067,0,36,33,33,1264944,33984,29,31,0
5338,0.476,7.344,0.010,7.830,8.956,16644,23067,0,36,33,33,1264944,33984,29,31,0
5339,0.478,0.901,0.007,1.386,7.935,16644,23067,0,36,33,33,1264944,33984,29,31,0
5340,0.459,0.263,0.010,0.732,1.486,16644,23067,0,36,33,33,1264944,33984,29,31,0
5341,0.474,0.224,0.006,0.705,0.832,16644,23067,0,36,33,33,1264944,33984,29,31,0
5342,0.418,0.451,0.011,0.880,0.803,16644,23067,0,36,33,33,1264944,33984,29,31,0
5343,0.471,1.760,0.010,2.241,0.970,16644,23067,0,36,33,33,1264944,33984,29,31,0
5344,0.458,0.743,0.007,1.209,2.346,16644,23067,0,36,33,33,1264944,33984,29,31,0
5345,0.450,2.497,0.008,2.955,1.300,16644,23067,0,36,33,33,1264944,33984,29,31,0
5346,0.445,14.004,0.007,14.457,3.056,16644,23067,0,36,33,33,1264944,33984,29,31,0
5347,0.455,7.302,0.009,7.766,14.557,16644,23067,0,36,33,33,1264944,33984,29,31,0
5348,0.476,0.879,0.025,1.380,7.872,16644,23067,0,36,33,33,1264944,33984,29,31,0
5349,0.468,0.266,0.007,0.741,1.477,16644,23067,0,36,33,33,1264944,33984,29,31,0
5350,0.471,0.236,0.007,0.714,0.836,16644,23067,0,36,33,33,1264944,33984,29,31,0
5351,0.435,0.252,0.011,0.698,0.799,16644,23067,0,36,33,33,1264944,33984,29,31,0
5352,0.466,1.614,0.007,2.087,0.792,16644,23067,0,36,33,33,1264944,33984,29,31,0
5353,0.466,1.253,0.010,1.728,2.191,16644,23067,0,36,33,33,1264944,33984,29,31,0
5354,0.425,3.693,0.010,4.128,1.832,16644,23067,0,36,33,33,1264944,33984,29,31,0
5355,0.487,12.844,0.010,13.341,4.227,16644,23067,0,36,33,33,1264944,33984,29,31,0
5356,0.475,7.176,0.028,7.679,13.436,16644,23067,0,36,33,33,1264944,33984,29,31,0
5357,0.464,1.056,0.006,1.526,7.785,16644,23067,0,36,33,33,1264944,33984,29,31,0
5358,0.449,0.394,0.008,0.851,1.631,16644,23067,0,36,33,33,1264944,33984,29,31,0
5359,0.449,0.216,0.009,0.674,0.945,16644,23067,0,36,33,33,1264944,33984,29,31,0
5360,0.410,0.491,0.009,0.909,0.774,16644,23067,0,36,33,33,1264944,33984,29,31,0
5361,0.432,0.899,0.010,1.340,0.993,16644,23067,0,36,33,33,1264944,33984,29,31,0
5362,0.457,3.354,0.008,3.820,1.439,16644,23067,0,36,33,33,1264944,33984,29,31,0
5363,0.472,15.239,0.009,15.721,3.926,16644,23067,0,36,33,33,1264944,33984,29,31,0
5364,0.472,7.183,0.007,7.661,15.821,16644,23067,0,36,33,33,1264944,33984,29,31,0
5365,0.468,0.931,0.008,1.407,7.765,16644,23067,0,36,33,33,1264944,33984,29,31,0
5366,0.457,0.290,0.009,0.756,1.514,16644,23067,0,36,33,33,1264944,33984,29,31,0
5367,0.454,0.209,0.006,0.669,0.854,16644,23067,0,36,33,33,1264944,33984,29,31,0
5368,0.427,0.575,0.008,1.010,0.757,16644,23067,0,36,33,33,1264944,33984,29,31,0
5369,0.476,1.622,0.007,2.105,1.103,16644,23067,0,36,33,33,1264944,33984,29,31,0
5370,0.442,1.408,0.007,1.857,2.205,16644,23067,0,36,33,33,1264944,33984,29,31,0
5371,0.449,2.773,0.007,3.229,1.957,16644,23067,0,36,33,33,1264944,33984,29,31,0
5372,0.449,12.757,0.010,13.216,3.339,16644,23067,0,36,33,33,1264944,33984,29,31,0
5373,0.467,7.704,0.007,8.178,13.316,16644,23067,0,36,33,33,1264944,33984,29,31,0
5374,0.480,0.892,0.008,1.380,8.293,16644,23067,0,36,33,33,1264944,33984,29,31,0
5375,0.445,0.259,0.011,0.714,1.469,16644,23067,0,36,33,33,1264944,33984,29,31,0
5376,0.468,0.227,0.014,0.709,0.812,16644,23067,0,36,33,33,1264944,33984,29,31,0
5377,0.445,0.368,0.008,0.821,0.804,16644,23067,0,36,33,33,1264944,33984,29,31,0
5378,0.467,0.668,0.006,1.141,0.924,16644,23067,0,36,33,33,1264944,33984,29,31,0
5379,0.434,10.874,0.009,11.318,1.228,16644,23067,0,36,33,33,1264944,33984,29,31,0
5380,0.452,8.314,0.010,8.776,11.410,16644,23067,0,36,33,33,1264944,33984,29,31,0
5381,0.470,7.256,0.007,7.734,8.873,16644,23067,0,36,33,33,1264944,33984,29,31,0
5382,0.462,0.907,0.008,1.378,7.849,16644,23067,0,36,33,33,1264944,33984,29,31,0
5383,0.446,0.256,0.010,0.712,1.486,16644,23067,0,36,33,33,1264944,33984,29,31,0
5384,0.448,0.224,0.011,0.683,0.800,16644,23067,0,36,33,33,1264944,33984,29,31,0
5385,0.451,0.597,0.007,1.055,0.778,16644,23067,0,36,33,33,1264944,33984,29,31,0
5386,0.447,0.674,0.007,1.129,1.149,16644,23067,0,36,33,33,1264944,33984,29,31,0
5387,0.429,3.577,0.007,4.012,1.219,16644,23067,0,36,33,33,1264944,33984,29,31,0
5388,0.430,14.872,0.008,15.309,4.122,16644,23067,0,36,33,33,1264944,33984,29,31,0
5389,0.452,7.449,0.007,7.907,15.410,16644,23067,0,36,33,33,1264944,33984,29,31,0
5390,0.461,0.670,0.009,1.140,8.007,16644,23067,0,36,33,33,1264944,33984,29,31,0
5391,0.470,0.255,0.010,0.735,1.257,16644,23067,0,36,33,33,1264944,33984,29,31,0
5392,0.443,0.250,0.009,0.702,0.829,16644,23067,0,36,33,33,1264944,33984,29,31,0
5393,0.467,0.400,0.006,0.874,0.810,16644,23067,0,36,33,33,1264944,33984,29,31,0
5394,0.460,0.621,0.007,1.088,0.963,16644,23067,0,36,33,33,1264944,33984,29,31,0
5395,0.457,0.619,0.006,1.081,1.176,16644,23067,0,36,33,33,1264944,33984,29,31,0
5396,0.460,1.889,0.008,2.357,1.179,16644,23067,0,36,33,33,1264944,33984,29,31,0
5397,0.445,2.859,0.009,3.313,2.455,16644,23067,0,36,33,33,1264944,33984,29,31,0
5398,0.441,13.166,0.007,13.615,3.407,16644,23067,0,36,33,33,1264944,33984,29,31,0
5399,0.452,7.278,0.006,7.736,13.714,16644,23067,0,36,33,33,1264944,33984,29,31,0
5400,0.447,0.903,0.008,1.359,7.842,16644,23067,0,36,33,33,1264944,33984,29,31,0
5401,0.449,0.260,0.012,0.721,1.461,16644,23067,0,36,33,33,1264944,33984,29,31,0
5402,0.448,0.212,0.007,0.667,0.815,16644,23067,0,36,33,33,1264944,33984,29,31,0
5403,0.442,0.395,0.006,0.844,0.754,16644,23067,0,36,33,33,1264944,33984,29,31,0
5404,0.450,0.946,0.008,1.404,0.928,16644,23067,0,36,33,33,1264944,33984,29,31,0
5405,0.435,10.642,0.009,11.086,1.509,16644,23067,0,36,33,33,1264944,33984,29,31,0
5406,0.460,8.259,0.008,8.726,11.196,16644,23067,0,36,33,33,1264944,33984,29,31,0
5407,0.456,7.293,0.006,7.755,8.824,16644,23067,0,36,33,33,1264944,33984,29,31,0
5408,0.471,0.886,0.021,1.378,7.862,16644,23067,0,36,33,33,1264944,33984,29,31,0
5409,0.449,0.247,0.011,0.707,1.472,16644,23067,0,36,33,33,1264944,33984,29,31,0
5410,0.442,0.216,0.020,0.678,0.799,16644,23067,0,36,33,33,1264944,33984,29,31,0
5411,0.443,0.304,0.009,0.757,0.763,16644,23067,0,36,33,33,1264944,33984,29,31,0
5412,0.574,1.957,0.007,2.537,0.842,16644,23067,0,36,33,33,1264944,33984,29,31,0
5413,0.460,0.876,0.008,1.344,2.643,16644,23067,0,36,33,33,1264944,33984,29,31,0
5414,0.429,3.076,0.008,3.512,1.437,16644,23067,0,36,33,33,1264944,33984,29,31,0
5415,0.454,13.278,0.008,13.740,3.604,16644,23067,0,36,33,33,1264944,33984,29,31,0
5416,0.461,7.330,0.009,7.799,13.840,16644,23067,0,36,33,33,1264944,33984,29,31,0
5417,0.467,0.632,0.006,1.105,7.891,16644,23067,0,36,33,33,1264944,33984,29,31,0
5418,0.465,0.271,0.007,0.743,1.197,16644,23067,0,36,33,33,1264944,33984,29,31,0
5419,0.443,0.218,0.006,0.667,0.836,16644,23067,0,36,33,33,1264944,33984,29,31,0
5420,0.440,0.371,0.007,0.818,0.763,16644,23067,0,36,33,33,1264944,33984,29,31,0
5421,0.467,0.797,0.012,1.276,0.923,16644,23067,0,36,33,33,1264944,33984,29,31,0
5422,0.446,10.911,0.008,11.365,1.380,16644,23067,0,36,33,33,1264944,33984,29,31,0
5423,0.461,8.308,0.010,8.778,11.467,16644,23067,0,36,33,33,1264944,33984,29,31,0
5424,0.467,7.424,0.008,7.899,8.883,16644,23067,0,36,33,33,1264944,33984,29,31,0
5425,0.466,1.316,0.007,1.789,8.002,16644,23067,0,36,33,33,1264944,33984,29,31,0
5426,0.443,0.210,0.010,0.663,1.887,16644,23067,0,36,33,33,1264944,33984,29,31,0
5427,0.438,0.323,0.009,0.770,0.745,16644,23067,0,36,33,33,1264944,33984,29,31,0
5428,0.483,0.786,0.011,1.281,0.866,16644,23067,0,36,33,33,1264944,33984,29,31,0
5429,0.521,11.062,0.010,11.593,1.389,16644,23067,0,36,33,33,1264944,33984,29,31,0
5430,0.490,8.251,0.008,8.748,11.700,16644,23067,0,36,33,33,1264944,33984,29,31,0
5431,0.456,7.288,0.009,7.752,8.855,16644,23067,0,36,33,33,1264944,33984,29,31,0
5432,0.452,0.958,0.010,1.421,7.845,16644,23067,0,36,33,33,1264944,33984,29,31,0
5433,0.458,0.263,0.010,0.730,1.528,16644,23067,0,36,33,33,1264944,33984,29,31,0
5434,0.463,0.221,0.011,0.694,0.826,16644,23067,0,36,33,33,1264944,33984,29,31,0
5435,0.439,0.470,0.009,0.918,0.780,16644,23067,0,36,33,33,1264944,33984,29,31,0
5436,0.539,0.635,0.008,1.182,1.057,16644,23067,0,36,33,33,1264944,33984,29,31,0
5437,0.466,3.344,0.012,3.822,1.287,16644,23067,0,36,33,33,1264944,33984,29,31,0
5438,0.435,15.438,0.008,15.881,3.927,16644,23067,0,36,33,33,1264944,33984,29,31,0
5439,0.460,7.395,0.008,7.864,15.980,16644,23067,0,36,33,33,1264944,33984,29,31,0
5440,0.449,0.663,0.008,1.120,7.958,16644,23067,0,36,33,33,1264944,33984,29,31,0
5441,0.436,0.272,0.006,0.714,1.206,16644,23067,0,36,33,33,1264944,33984,29,31,0
5442,0.434,0.225,0.010,0.669,0.800,16644,23067,0,36,33,33,1264944,33984,29,31,0
5443,0.473,0.284,0.009,0.766,0.759,16644,23067,0,36,33,33,1264944,33984,29,31,0
5444,0.483,2.129,0.011,2.623,0.859,16644,23067,0,36,33,33,1264944,33984,29,31,0
5445,0.437,0.998,0.006,1.442,2.722,16644,23067,0,36,33,33,1264944,33984,29,31,0
5446,0.444,3.524,0.008,3.976,1.543,16644,23067,0,36,33,33,1264944,33984,29,31,0
5447,0.476,12.868,0.008,13.352,4.074,16644,23067,0,36,33,33,1264944,33984,29,31,0
5448,0.430,7.319,0.009,7.758,13.452,16644,23067,0,36,33,33,1264944,33984,29,31,0
5449,0.472,0.839,0.008,1.319,7.855,16644,23067,0,36,33,33,1264944,33984,29,31,0
5450,0.458,0.244,0.019,0.721,1.423,16644,23067,0,36,33,33,1264944,33984,29,31,0
5451,0.442,1.030,0.008,1.480,0.815,16644,23067,0,36,33,33,1264944,33984,29,31,0
5452,0.475,0.266,0.007,0.749,1.586,16644,23067,0,36,33,33,1264944,33984,29,31,0
5453,0.448,0.233,0.009,0.689,0.840,16644,23067,0,36,33,33,1264944,33984,29,31,0
5454,0.458,10.855,0.008,11.321,0.780,16644,23067,0,36,33,33,1264944,33984,29,31,0
5455,0.455,8.114,0.010,8.578,11.420,16644,23067,0,36,33,33,1264944,33984,29,31,0
5456,0.470,7.264,0.008,7.742,8.674,16644,23067,0,36,33,33,1264944,33984,29,31,0
5457,0.471,0.794,0.007,1.273,7.843,16644,23067,0,36,33,33,1264944,33984,29,31,0
5458,0.447,0.259,0.010,0.716,1.373,16644,23067,0,36,33,33,1264944,33984,29,31,0
5459,0.460,0.224,0.008,0.692,0.816,16644,23067,0,36,33,33,1264944,33984,29,31,0
5460,0.457,0.778,0.007,1.243,0.782,16644,23067,0,36,33,33,1264944,33984,29,31,0
5461,0.452,0.260,0.009,0.721,1.338,16644,23067,0,36,33,33,1264944,33984,29,31,0
5462,0.445,0.239,0.009,0.692,0.810,16644,23067,0,36,33,33,1264944,33984,29,31,0
5463,0.473,3.989,0.008,4.470,0.779,16644,23067,0,36,33,33,1264944,33984,29,31,0
5464,0.490,13.977,0.008,14.475,4.569,16644,23067,0,36,33,33,1264944,33984,29,31,0
5465,0.472,7.723,0.008,8.203,14.572,16644,23067,0,36,33,33,1264944,33984,29,31,0
5466,0.477,0.853,0.008,1.338,8.309,16644,23067,0,36,33,33,1264944,33984,29,31,0
5467,0.459,0.257,0.009,0.725,1.431,16644,23067,0,36,33,33,1264944,33984,29,31,0
5468,0.479,0.229,0.010,0.718,0.831,16644,23067,0,36,33,33,1264944,33984,29,31,0
5469,0.432,0.273,0.013,0.718,0.818,16644,23067,0,36,33,33,1264944,33984,29,31,0
5470,0.457,0.950,0.007,1.414,0.816,16644,23067,0,36,33,33,1264944,33984,29,31,0
5471,0.433,2.939,0.008,3.380,1.509,16644,23067,0,36,33,33,1264944,33984,29,31,0
5472,0.438,15.951,0.008,16.397,3.483,16644,23067,0,36,33,33,1264944,33984,29,31,0
5473,0.461,7.324,0.012,7.797,16.504,16644,23067,0,36,33,33,1264944,33984,29,31,0
5474,0.453,0.572,0.009,1.034,7.907,16644,23067,0,36,33,33,1264944,33984,29,31,0
5475,0.446,0.288,0.010,0.744,1.135,16644,23067,0,36,33,33,1264944,33984,29,31,0
5476,0.454,0.220,0.009,0.682,0.862,16644,23067,0,36,33,33,1264944,33984,29,31,0
5477,0.443,0.427,0.010,0.880,0.767,16644,23067,0,36,33,33,1264944,33984,29,31,0
5478,0.453,1.644,0.007,2.104,0.969,16644,23067,0,36,33,33,1264944,33984,29,31,0
5479,0.465,1.381,0.009,1.855,2.206,16644,23067,0,36,33,33,1264944,33984,29,31,0
5480,0.430,2.715,0.009,3.153,1.963,16644,23067,0,36,33,33,1264944,33984,29,31,0
5481,0.460,13.689,0.007,14.156,3.251,16644,23067,0,36,33,33,1264944,33984,29,31,0
5482,0.448,7.355,0.008,7.812,14.251,16644,23067,0,36,33,33,1264944,33984,29,31,0
5483,0.468,0.865,0.005,1.338,7.916,16644,23067,0,36,33,33,1264944,33984,29,31,0
5484,0.451,0.266,0.008,0.725,1.430,16644,23067,0,36,33,33,1264944,33984,29,31,0
5485,0.448,0.222,0.008,0.678,0.827,16644,23067,0,36,33,33,1264944,33984,29,31,0
5486,0.428,1.104,0.008,1.540,0.769,16644,23067,0,36,33,33,1264944,33984,29,31,0
5487,0.449,0.882,0.010,1.341,1.635,16644,23067,0,36,33,33,1264944,33984,29,31,0
5488,0.454,3.983,0.011,4.448,1.436,16644,23067,0,36,33,33,1264944,33984,29,31,0
5489,0.433,14.393,0.010,14.837,4.548,16644,23067,0,36,33,33,1264944,33984,29,31,0
5490,0.467,6.961,0.008,7.436,14.932,16644,23067,0,36,33,33,1264944,33984,29,31,0
5491,0.468,7.722,0.006,8.196,7.539,16644,23067,0,36,33,33,1264944,33984,29,31,0
5492,0.459,2.960,0.007,3.427,8.305,16644,23067,0,36,33,33,1264944,33984,29,31,0
5493,0.429,12.896,0.007,13.332,3.520,16644,23067,0,36,33,33,1264944,33984,29,31,0
5494,0.457,7.426,0.010,7.894,13.426,16644,23067,0,36,33,33,1264944,33984,29,31,0
5495,0.471,0.617,0.010,1.097,8.000,16644,23067,0,36,33,33,1264944,33984,29,31,0
5496,0.469,0.244,0.009,0.723,1.207,16644,23067,0,36,33,33,1264944,33984,29,31,0
5497,0.450,0.217,0.010,0.676,0.824,16644,23067,0,36,33,33,1264944,33984,29,31,0
5498,0.434,0.577,0.007,1.018,0.765,16644,23067,0,36,33,33,1264944,33984,29,31,0
5499,0.477,0.278,0.007,0.762,1.119,16644,23067,0,36,33,33,1264944,33984,29,31,0
5500,0.452,0.237,0.012,0.700,0.856,16644,23067,0,36,33,33,1264944,33984,29,31,0
5501,0.460,3.317,0.009,3.785,0.797,16644,23067,0,36,33,33,1264944,33984,29,31,0
5502,0.418,15.396,0.009,15.823,3.893,16644,23067,0,36,33,33,1264944,33984,29,31,0
5503,0.461,7.456,0.011,7.929,15.925,16644,23067,0,36,33,33,1264944,33984,29,31,0
5504,0.471,0.629,0.010,1.110,8.039,16644,23067,0,36,33,33,1264944,33984,29,31,0
5505,0.450,0.249,0.010,0.710,1.217,16644,23067,0,36,33,33,1264944,33984,29,31,0
5506,0.465,0.238,0.011,0.714,0.804,16644,23067,0,36,33,33,1264944,33984,29,31,0
5507,0.454,0.595,0.007,1.057,0.805,16644,23067,0,36,33,33,1264944,33984,29,31,0
5508,0.456,0.671,0.008,1.135,1.154,16644,23067,0,36,33,33,1264944,33984,29,31,0
5509,0.453,10.994,0.007,11.454,1.232,16644,23067,0,36,33,33,1264944,33984,29,31,0
5510,0.473,8.275,0.008,8.756,11.566,16644,23067,0,36,33,33,1264944,33984,29,31,0
5511,0.451,7.395,0.010,7.856,8.848,16644,23067,0,36,33,33,1264944,33984,29,31,0
5512,0.459,1.430,0.008,1.897,7.970,16644,23067,0,36,33,33,1264944,33984,29,31,0
5513,0.443,0.220,0.011,0.674,2.002,16644,23067,0,36,33,33,1264944,33984,29,31,0
5514,0.417,0.335,0.006,0.758,0.765,16644,23067,0,36,33,33,1264944,33984,29,31,0
5515,0.470,2.286,0.008,2.763,0.856,16644,23067,0,36,33,33,1264944,33984,29,31,0
5516,0.470,0.739,0.005,1.214,2.870,16644,23067,0,36,33,33,1264944,33984,29,31,0
5517,0.437,2.885,0.009,3.330,1.314,16644,23067,0,36,33,33,1264944,33984,29,31,0
5518,0.447,13.240,0.006,13.694,3.430,16644,23067,0,36,33,33,1264944,33984,29,31,0
5519,0.470,7.707,0.008,8.185,13.788,16644,23067,0,36,33,33,1264944,33984,29,31,0
5520,0.462,0.861,0.007,1.330,8.295,16644,23067,0,36,33,33,1264944,33984,29,31,0
5521,0.455,0.257,0.007,0.719,1.421,16644,23067,0,36,33,33,1264944,33984,29,31,0
5522,0.430,0.243,0.008,0.680,0.819,16644,23067,0,36,33,33,1264944,33984,29,31,0
5523,0.442,0.701,0.008,1.152,0.781,16644,23067,0,36,33,33,1264944,33984,29,31,0
5524,0.444,0.720,0.010,1.173,1.243,16644,23067,0,36,33,33,1264944,33984,29,31,0
5525,0.440,3.120,0.006,3.566,1.281,16644,23067,0,36,33,33,1264944,33984,29,31,0
5526,0.430,15.678,0.009,16.117,3.678,16644,23067,0,36,33,33,1264944,33984,29,31,0
5527,0.472,7.312,0.009,7.792,16.219,16644,23067,0,36,33,33,1264944,33984,29,31,0
5528,0.467,0.648,0.009,1.124,7.889,16644,23067,0,36,33,33,1264944,33984,29,31,0
5529,0.449,0.251,0.009,0.709,1.212,16644,23067,0,36,33,33,1264944,33984,29,31,0
5530,0.442,0.251,0.010,0.702,0.794,16644,23067,0,36,33,33,1264944,33984,29,31,0
5531,0.452,0.290,0.007,0.748,0.802,16644,23067,0,36,33,33,1264944,33984,29,31,0
5532,0.479,0.591,0.010,1.080,0.842,16644,23067,0,36,33,33,1264944,33984,29,31,0
5533,0.418,11.163,0.007,11.588,1.185,16644,23067,0,36,33,33,1264944,33984,29,31,0
5534,0.446,8.334,0.008,8.787,11.682,16644,23067,0,36,33,33,1264944,33984,29,31,0
5535,0.462,7.356,0.008,7.826,8.884,16644,23067,0,36,33,33,1264944,33984,29,31,0
5536,0.456,0.935,0.007,1.398,7.922,16644,23067,0,36,33,33,1264944,33984,29,31,0
5537,0.454,0.375,0.005,0.834,1.494,16644,23067,0,36,33,33,1264944,33984,29,31,0
5538,0.449,0.228,0.010,0.687,0.916,16644,23067,0,36,33,33,1264944,33984,29,31,0
5539,0.428,0.606,0.007,1.042,0.790,16644,23067,0,36,33,33,1264944,33984,29,31,0
5540,0.441,0.479,0.012,0.932,1.131,16644,23067,0,36,33,33,1264944,33984,29,31,0
5541,0.443,3.691,0.009,4.143,1.035,16644,23067,0,36,33,33,1264944,33984,29,31,0
5542,0.442,14.854,0.011,15.308,4.254,16644,23067,0,36,33,33,1264944,33984,29,31,0
5543,0.456,7.705,0.008,8.169,15.404,16644,23067,0,36,33,33,1264944,33984,29,31,0
5544,0.460,0.925,0.008,1.392,8.280,16644,23067,0,36,33,33,1264944,33984,29,31,0
5545,0.440,0.252,0.011,0.703,1.490,16644,23067,0,36,33,33,1264944,33984,29,31,0
5546,0.471,0.224,0.007,0.703,0.801,16644,23067,0,36,33,33,1264944,33984,29,31,0
5547,0.463,0.856,0.007,1.326,0.801,16644,23067,0,36,33,33,1264944,33984,29,31,0
5548,0.459,0.247,0.008,0.714,1.422,16644,23067,0,36,33,33,1264944,33984,29,31,0
5549,0.451,0.215,0.008,0.674,0.811,16644,23067,0,36,33,33,1264944,33984,29,31,0
5550,0.457,3.929,0.007,4.393,0.769,16644,23067,0,36,33,33,1264944,33984,29,31,0
5551,0.436,14.176,0.006,14.618,4.513,16644,23067,0,36,33,33,1264944,33984,29,31,0
5552,0.456,7.524,0.007,7.987,14.713,16644,23067,0,36,33,33,1264944,33984,29,31,0
5553,0.446,0.924,0.023,1.393,8.082,16644,23067,0,36,33,33,1264944,33984,29,31,0
5554,0.452,0.242,0.007,0.702,1.491,16644,23067,0,36,33,33,1264944,33984,29,31,0
5555,0.444,0.208,0.008,0.661,0.802,16644,23067,0,36,33,33,1264944,33984,29,31,0
5556,0.439,0.273,0.009,0.721,0.754,16644,23067,0,36,33,33,1264944,33984,29,31,0
5557,0.457,1.782,0.008,2.247,0.806,16644,23067,0,36,33,33,1264944,33984,29,31,0
5558,0.463,1.089,0.010,1.562,2.344,16644,23067,0,36,33,33,1264944,33984,29,31,0
5559,0.448,2.795,0.022,3.265,1.667,16644,23067,0,36,33,33,1264944,33984,29,31,0
5560,0.450,13.596,0.008,14.054,3.361,16644,23067,0,36,33,33,1264944,33984,29,31,0
5561,0.453,7.311,0.006,7.770,14.155,16644,23067,0,36,33,33,1264944,33984,29,31,0
5562,0.476,1.024,0.008,1.508,7.880,16644,23067,0,36,33,33,1264944,33984,29,31,0
5563,0.441,1.006,0.009,1.455,1.615,16644,23067,0,36,33,33,1264944,33984,29,31,0
5564,0.460,0.247,0.011,0.718,1.555,16644,23067,0,36,33,33,1264944,33984,29,31,0
5565,0.469,0.216,0.007,0.692,0.818,16644,23067,0,36,33,33,1264944,33984,29,31,0
5566,0.441,0.257,0.010,0.708,0.793,16644,23067,0,36,33,33,1264944,33984,29,31,0
5567,0.472,2.955,0.008,3.434,0.783,16644,23067,0,36,33,33,1264944,33984,29,31,0
5568,0.429,15.857,0.006,16.291,3.534,16644,23067,0,36,33,33,1264944,33984,29,31,0
5569,0.467,7.283,0.007,7.757,16.392,16644,23067,0,36,33,33,1264944,33984,29,31,0
5570,0.472,0.867,0.010,1.348,7.858,16644,23067,0,36,33,33,1264944,33984,29,31,0
5571,0.450,0.262,0.009,0.722,1.434,16644,23067,0,36,33,33,1264944,33984,29,31,0
5572,0.451,0.217,0.008,0.676,1.403,16644,23067,0,36,33,33,1264944,33984,29,31,0
5573,0.466,0.261,0.007,0.734,0.792,16644,23067,0,36,33,33,1264944,33984,29,31,0
5574,0.444,0.735,0.009,1.188,0.838,16644,23067,0,36,33,33,1264944,33984,29,31,0
5575,0.430,4.077,0.008,4.514,1.293,16644,23067,0,36,33,33,1264944,33984,29,31,0
5576,0.450,14.503,0.006,14.959,4.621,16644,23067,0,36,33,33,1264944,33984,29,31,0
5577,0.454,7.309,0.007,7.771,15.052,16644,23067,0,36,33,33,1264944,33984,29,31,0
5578,0.450,0.925,0.008,1.383,7.879,16644,23067,0,36,33,33,1264944,33984,29,31,0
5579,0.460,0.230,0.006,0.696,1.488,16644,23067,0,36,33,33,1264944,33984,29,31,0
5580,0.435,0.224,0.008,0.667,0.792,16644,23067,0,36,33,33,1264944,33984,29,31,0
5581,0.425,0.476,0.007,0.908,0.751,16644,23067,0,36,33,33,1264944,33984,29,31,0
5582,0.474,1.137,0.007,1.617,0.999,16644,23067,0,36,33,33,1264944,33984,29,31,0
5583,0.421,3.312,0.008,3.741,1.723,16644,23067,0,36,33,33,1264944,33984,29,31,0
5584,0.447,15.299,0.009,15.755,3.845,16644,23067,0,36,33,33,1264944,33984,29,31,0
5585,0.451,7.390,0.010,7.851,15.848,16644,23067,0,36,33,33,1264944,33984,29,31,0
5586,0.450,1.263,0.008,1.721,7.965,16644,23067,0,36,33,33,1264944,33984,29,31,0
5587,0.460,0.223,0.011,0.695,1.824,16644,23067,0,36,33,33,1264944,33984,29,31,0
5588,0.441,0.254,0.008,0.703,0.793,16644,23067,0,36,33,33,1264944,33984,29,31,0
5589,0.442,0.556,0.006,1.004,0.794,16644,23067,0,36,33,33,1264944,33984,29,31,0
5590,0.426,3.174,0.007,3.606,1.100,16644,23067,0,36,33,33,1264944,33984,29,31,0
5591,0.437,3.442,0.008,3.887,3.710,16644,23067,0,36,33,33,1264944,33984,29,31,0
5592,0.462,12.575,0.013,13.050,3.995,16644,23067,0,36,33,33,1264944,33984,29,31,0
5593,0.454,7.398,0.008,7.861,13.145,16644,23067,0,36,33,33,1264944,33984,29,31,0
5594,0.468,0.888,0.005,1.362,7.977,16644,23067,0,36,33,33,1264944,33984,29,31,0
5595,0.451,0.281,0.008,0.740,1.454,16644,23067,0,36,33,33,1264944,33984,29,31,0
5596,0.482,0.218,0.009,0.709,0.834,16644,23067,0,36,33,33,1264944,33984,29,31,0
5597,0.464,0.529,0.007,1.000,0.805,16644,23067,0,36,33,33,1264944,33984,29,31,0
5598,0.452,1.764,0.007,2.222,1.088,16644,23067,0,36,33,33,1264944,33984,29,31,0
5599,0.453,1.210,0.007,1.671,2.318,16644,23067,0,36,33,33,1264944,33984,29,31,0
5600,0.443,2.801,0.010,3.253,1.770,16644,23067,0,36,33,33,1264944,33984,29,31,0
5601,0.447,12.764,0.007,13.219,3.353,16644,23067,0,36,33,33,1264944,33984,29,31,0
5602,0.461,7.448,0.006,7.914,13.317,16644,23067,0,36,33,33,1264944,33984,29,31,0
5603,0.443,0.887,0.012,1.341,8.024,16644,23067,0,36,33,33,1264944,33984,29,31,0
5604,0.471,0.208,0.010,0.689,1.446,16644,23067,0,36,33,33,1264944,33984,29,31,0
5605,0.447,0.209,0.010,0.667,0.784,16644,23067,0,36,33,33,1264944,33984,29,31,0
5606,0.440,0.556,0.020,1.015,0.761,16644,23067,0,36,33,33,1264944,33984,29,31,0
5607,0.456,0.237,0.012,0.704,1.105,16644,23067,0,36,33,33,1264944,33984,29,31,0
5608,0.459,0.219,0.006,0.684,0.805,16644,23067,0,36,33,33,1264944,33984,29,31,0
5609,0.439,10.617,0.006,11.061,0.777,16644,23067,0,36,33,33,1264944,33984,29,31,0
5610,0.456,8.468,0.009,8.932,11.155,16644,23067,0,36,33,33,1264944,33984,29,31,0
5611,0.465,7.315,0.007,7.787,9.030,16644,23067,0,36,33,33,1264944,33984,29,31,0
5612,0.475,0.893,0.009,1.376,7.893,16644,23067,0,36,33,33,1264944,33984,29,31,0
5613,0.458,0.257,0.010,0.725,1.479,16644,23067,0,36,33,33,1264944,33984,29,31,0
5614,0.458,0.211,0.009,0.678,0.822,16644,23067,0,36,33,33,1264944,33984,29,31,0
5615,0.444,0.401,0.006,0.851,0.774,16644,23067,0,36,33,33,1264944,33984,29,31,0
5616,0.469,0.516,0.005,0.990,0.940,16644,23067,0,36,33,33,1264944,33984,29,31,0
5617,0.459,10.770,0.010,11.239,1.081,16644,23067,0,36,33,33,1264944,33984,29,31,0
5618,0.447,8.001,0.007,8.455,11.336,16644,23067,0,36,33,33,1264944,33984,29,31,0
5619,0.461,7.688,0.011,8.160,8.554,16644,23067,0,36,33,33,1264944,33984,29,31,0
5620,0.471,0.861,0.009,1.341,8.276,16644,23067,0,36,33,33,1264944,33984,29,31,0
5621,0.454,0.262,0.014,0.731,1.444,16644,23067,0,36,33,33,1264944,33984,29,31,0
5622,0.446,0.220,0.008,0.674,0.828,16644,23067,0,36,33,33,1264944,33984,29,31,0
5623,0.428,1.048,0.008,1.484,0.771,16644,23067,0,36,33,33,1264944,33984,29,31,0
5624,0.442,0.599,0.013,1.054,1.581,16644,23067,0,36,33,33,1264944,33984,29,31,0
5625,0.430,4.005,0.006,4.442,1.153,16644,23067,0,36,33,33,1264944,33984,29,31,0
5626,0.452,14.505,0.010,14.967,4.538,16644,23067,0,36,33,33,1264944,33984,29,31,0
5627,0.465,7.327,0.006,7.798,15.062,16644,23067,0,36,33,33,1264944,33984,29,31,0
5628,0.466,1.396,0.008,1.871,7.911,16644,23067,0,36,33,33,1264944,33984,29,31,0
5629,0.441,0.215,0.009,0.665,1.979,16644,23067,0,36,33,33,1264944,33984,29,31,0
5630,0.432,0.391,0.007,0.829,0.758,16644,23067,0,36,33,33,1264944,33984,29,31,0
5631,0.446,0.607,0.009,1.061,0.932,16644,23067,0,36,33,33,1264944,33984,29,31,0
5632,0.431,1.573,0.008,2.013,1.153,16644,23067,0,36,33,33,1264944,33984,29,31,0
5633,0.453,0.362,0.009,0.823,2.113,16644,23067,0,36,33,33,1264944,33984,29,31,0
5634,0.439,3.269,0.009,3.717,0.920,16644,23067,0,36,33,33,1264944,33984,29,31,0
5635,0.439,13.249,0.007,13.696,3.809,16644,23067,0,36,33,33,1264944,33984,29,31,0
5636,0.467,7.276,0.006,7.749,13.793,16644,23067,0,36,33,33,1264944,33984,29,31,0
5637,0.443,0.919,0.007,1.369,7.856,16644,23067,0,36,33,33,1264944,33984,29,31,0
5638,0.471,0.282,0.013,0.765,1.464,16644,23067,0,36,33,33,1264944,33984,29,31,0
5639,0.454,0.219,0.007,0.680,0.865,16644,23067,0,36,33,33,1264944,33984,29,31,0
5640,0.441,0.399,0.008,0.848,0.797,16644,23067,0,36,33,33,1264944,33984,29,31,0
5641,0.451,1.851,0.009,2.312,0.927,16644,23067,0,36,33,33,1264944,33984,29,31,0
5642,0.465,0.839,0.009,1.313,2.414,16644,23067,0,36,33,33,1264944,33984,29,31,0
5643,0.443,2.628,0.005,3.077,1.414,16644,23067,0,36,33,33,1264944,33984,29,31,0
5644,0.438,13.889,0.007,14.334,3.171,16644,23067,0,36,33,33,1264944,33984,29,31,0
5645,0.459,7.278,0.006,7.743,14.429,16644,23067,0,36,33,33,1264944,33984,29,31,0
5646,0.520,0.857,0.008,1.385,7.856,16644,23067,0,36,33,33,1264944,33984,29,31,0
5647,0.462,0.243,0.009,0.715,1.482,16644,23067,0,36,33,33,1264944,33984,29,31,0
5648,0.470,0.209,0.004,0.684,0.817,16644,23067,0,36,33,33,1264944,33984,29,31,0
5649,0.416,0.240,0.010,0.666,0.777,16644,23067,0,36,33,33,1264944,33984,29,31,0
5650,0.455,1.085,0.011,1.551,0.744,16644,23067,0,36,33,33,1264944,33984,29,31,0
5651,0.442,3.408,0.007,3.857,1.641,16644,23067,0,36,33,33,1264944,33984,29,31,0
5652,0.429,15.522,0.009,15.959,3.966,16644,23067,0,36,33,33,1264944,33984,29,31,0
5653,0.442,7.390,0.008,7.839,16.054,16644,23067,0,36,33,33,1264944,33984,29,31,0
5654,0.442,1.177,0.009,1.629,7.937,16644,23067,0,36,33,33,1264944,33984,29,31,0
5655,0.466,0.233,0.008,0.707,1.731,16644,23067,0,36,33,33,1264944,33984,29,31,0
5656,0.465,0.245,0.008,0.719,0.792,16644,23067,0,36,33,33,1264944,33984,29,31,0
5657,0.429,0.506,0.005,0.940,0.805,16644,23067,0,36,33,33,1264944,33984,29,31,0
5658,0.471,0.246,0.006,0.722,1.044,16644,23067,0,36,33,33,1264944,33984,29,31,0
5659,0.445,0.214,0.007,0.666,0.815,16644,23067,0,36,33,33,1264944,33984,29,31,0
5660,0.452,3.182,0.008,3.643,0.758,16644,23067,0,36,33,33,1264944,33984,29,31,0
5661,0.415,15.151,0.008,15.574,3.750,16644,23067,0,36,33,33,1264944,33984,29,31,0
5662,0.457,7.378,0.008,7.843,15.677,16644,23067,0,36,33,33,1264944,33984,29,31,0
5663,0.466,0.921,0.018,1.404,7.954,16644,23067,0,36,33,33,1264944,33984,29,31,0
5664,0.440,0.253,0.009,0.702,1.503,16644,23067,0,36,33,33,1264944,33984,29,31,0
5665,0.448,0.205,0.009,0.662,0.805,16644,23067,0,36,33,33,1264944,33984,29,31,0
5666,0.435,0.545,0.005,0.985,0.769,16644,23067,0,36,33,33,1264944,33984,29,31,0
5667,0.454,0.263,0.009,0.726,1.071,16644,23067,0,36,33,33,1264944,33984,29,31,0
5668,0.468,0.233,0.010,0.711,0.827,16644,23067,0,36,33,33,1264944,33984,29,31,0
5669,0.458,3.059,0.008,3.525,0.809,16644,23067,0,36,33,33,1264944,33984,29,31,0
5670,0.442,15.450,0.008,15.900,3.630,16644,23067,0,36,33,33,1264944,33984,29,31,0
5671,0.452,7.324,0.010,7.785,16.000,16644,23067,0,36,33,33,1264944,33984,29,31,0
5672,0.467,0.922,0.007,1.396,7.899,16644,23067,0,36,33,33,1264944,33984,29,31,0
5673,0.462,0.247,0.006,0.715,1.499,16644,23067,0,36,33,33,1264944,33984,29,31,0
5674,0.456,0.218,0.009,0.683,0.806,16644,23067,0,36,33,33,1264944,33984,29,31,0
5675,0.451,0.293,0.007,0.750,0.776,16644,23067,0,36,33,33,1264944,33984,29,31,0
5676,0.546,0.601,0.008,1.154,0.841,16644,23067,0,36,33,33,1264944,33984,29,31,0
5677,0.443,10.913,0.010,11.366,1.250,16644,23067,0,36,33,33,1264944,33984,29,31,0
5678,0.440,8.390,0.007,8.837,11.473,16644,23067,0,36,33,33,1264944,33984,29,31,0
5679,0.454,6.788,0.009,7.251,8.943,16644,23067,0,36,33,33,1264944,33984,29,31,0
5680,0.458,0.674,0.008,1.141,7.363,16644,23067,0,36,33,33,1264944,33984,29,31,0
5681,0.425,0.275,0.010,0.711,1.231,16644,23067,0,36,33,33,1264944,33984,29,31,0
5682,0.449,0.238,0.009,0.695,0.817,16644,23067,0,36,33,33,1264944,33984,29,31,0
5683,0.451,0.609,0.009,1.070,0.792,16644,23067,0,36,33,33,1264944,33984,29,31,0
5684,0.472,0.904,0.009,1.385,1.170,16644,23067,0,36,33,33,1264944,33984,29,31,0
5685,0.446,10.689,0.007,11.142,1.496,16644,23067,0,36,33,33,1264944,33984,29,31,0
5686,0.471,8.477,0.012,8.960,11.252,16644,23067,0,36,33,33,1264944,33984,29,31,0
5687,0.462,7.293,0.006,7.761,9.057,16644,23067,0,36,33,33,1264944,33984,29,31,0
5688,0.477,0.746,0.011,1.234,7.871,16644,23067,0,36,33,33,1264944,33984,29,31,0
5689,0.451,0.283,0.006,0.740,1.325,16644,23067,0,36,33,33,1264944,33984,29,31,0
5690,0.439,0.231,0.009,0.679,0.835,16644,23067,0,36,33,33,1264944,33984,29,31,0
5691,0.437,0.764,0.010,1.211,0.764,16644,23067,0,36,33,33,1264944,33984,29,31,0
5692,0.460,0.758,0.010,1.228,1.307,16644,23067,0,36,33,33,1264944,33984,29,31,0
5693,0.428,3.499,0.009,3.936,1.332,16644,23067,0,36,33,33,1264944,33984,29,31,0
5694,0.453,15.269,0.010,15.732,4.031,16644,23067,0,36,33,33,1264944,33984,29,31,0
5695,0.448,7.331,0.007,7.786,15.836,16644,23067,0,36,33,33,1264944,33984,29,31,0
5696,0.450,1.501,0.006,1.957,7.882,16644,23067,0,36,33,33,1264944,33984,29,31,0
5697,0.448,0.222,0.016,0.686,2.060,16644,23067,0,36,33,33,1264944,33984,29,31,0
5698,0.458,0.431,0.009,0.898,0.776,16644,23067,0,36,33,33,1264944,33984,29,31,0
5699,0.478,0.561,0.010,1.049,0.992,16644,23067,0,36,33,33,1264944,33984,29,31,0
5700,0.428,10.960,0.007,11.394,1.158,16644,23067,0,36,33,33,1264944,33984,29,31,0
5701,0.441,8.575,0.009,9.026,11.493,16644,23067,0,36,33,33,1264944,33984,29,31,0
5702,0.487,7.129,0.008,7.624,9.127,16644,23067,0,36,33,33,1264944,33984,29,31,0
5703,0.462,0.671,0.008,1.140,7.722,16644,23067,0,36,33,33,1264944,33984,29,31,0
5704,0.462,0.264,0.009,0.735,1.239,16644,23067,0,36,33,33,1264944,33984,29,31,0
5705,0.448,0.223,0.012,0.683,0.824,16644,23067,0,36,33,33,1264944,33984,29,31,0
5706,0.451,0.652,0.008,1.111,0.781,16644,23067,0,36,33,33,1264944,33984,29,31,0
5707,0.471,0.274,0.008,0.753,1.218,16644,23067,0,36,33,33,1264944,33984,29,31,0
5708,0.453,0.221,0.013,0.687,0.852,16644,23067,0,36,33,33,1264944,33984,29,31,0
5709,0.449,3.189,0.008,3.645,0.785,16644,23067,0,36,33,33,1264944,33984,29,31,0
5710,0.441,15.467,0.008,15.916,3.743,16644,23067,0,36,33,33,1264944,33984,29,31,0
5711,0.458,7.287,0.009,7.754,16.013,16644,23067,0,36,33,33,1264944,33984,29,31,0
5712,0.459,0.901,0.013,1.373,7.854,16644,23067,0,36,33,33,1264944,33984,29,31,0
5713,0.462,0.263,0.011,0.736,1.475,16644,23067,0,36,33,33,1264944,33984,29,31,0
5714,0.485,0.215,0.008,0.708,0.839,16644,23067,0,36,33,33,1264944,33984,29,31,0
5715,0.430,0.276,0.006,0.712,0.803,16644,23067,0,36,33,33,1264944,33984,29,31,0
5716,0.447,0.671,0.009,1.126,0.811,16644,23067,0,36,33,33,1264944,33984,29,31,0
5717,0.427,10.961,0.010,11.398,1.226,16644,23067,0,36,33,33,1264944,33984,29,31,0
5718,0.468,8.244,0.010,8.723,11.507,16644,23067,0,36,33,33,1264944,33984,29,31,0
5719,0.459,7.350,0.007,7.817,8.819,16644,23067,0,36,33,33,1264944,33984,29,31,0
5720,0.470,1.076,0.009,1.555,7.916,16644,23067,0,36,33,33,1264944,33984,29,31,0
5721,0.468,0.391,0.009,0.868,1.666,16644,23067,0,36,33,33,1264944,33984,29,31,0
5722,0.456,0.228,0.008,0.692,0.987,16644,23067,0,36,33,33,1264944,33984,29,31,0
5723,0.420,0.430,0.011,0.861,0.788,16644,23067,0,36,33,33,1264944,33984,29,31,0
5724,0.455,0.702,0.010,1.167,0.950,16644,23067,0,36,33,33,1264944,33984,29,31,0
5725,0.445,2.863,0.009,3.317,1.261,16644,23067,0,36,33,33,1264944,33984,29,31,0
5726,0.440,15.862,0.012,16.314,3.412,16644,23067,0,36,33,33,1264944,33984,29,31,0
5727,0.466,7.275,0.007,7.748,16.413,16644,23067,0,36,33,33,1264944,33984,29,31,0
5728,0.464,0.585,0.013,1.062,7.856,16644,23067,0,36,33,33,1264944,33984,29,31,0
5729,0.457,0.259,0.006,0.722,1.162,16644,23067,0,36,33,33,1264944,33984,29,31,0
5730,0.477,0.209,0.008,0.695,0.830,16644,23067,0,36,33,33,1264944,33984,29,31,0
5731,0.447,0.471,0.008,0.927,0.788,16644,23067,0,36,33,33,1264944,33984,29,31,0
5732,0.466,1.862,0.008,2.337,1.016,16644,23067,0,36,33,33,1264944,33984,29,31,0
5733,0.432,1.999,0.008,2.440,2.443,16644,23067,0,36,33,33,1264944,33984,29,31,0
5734,0.436,7.261,0.008,7.705,2.543,16644,23067,0,36,33,33,1264944,33984,29,31,0
5735,0.473,7.839,0.007,8.318,7.888,16644,23067,0,36,33,33,1264944,33984,29,31,0
5736,0.441,7.583,0.009,8.033,8.420,16644,23067,0,36,33,33,1264944,33984,29,31,0
5737,0.469,7.440,0.011,7.920,8.140,16644,23067,0,36,33,33,1264944,33984,29,31,0
5738,0.449,8.007,0.009,8.464,8.014,16644,23067,0,36,33,33,1264944,33984,29,31,0
5739,0.460,7.922,0.008,8.389,8.574,16644,23067,0,36,33,33,1264944,33984,29,31,0
5740,0.444,7.462,0.006,7.913,8.483,16644,23067,0,36,33,33,1264944,33984,29,31,0
5741,0.463,0.623,0.009,1.095,8.018,16644,23067,0,36,33,33,1264944,33984,29,31,0
5742,0.445,0.260,0.011,0.716,1.195,16644,23067,0,36,33,33,1264944,33984,29,31,0
5743,0.436,0.216,0.008,0.660,0.823,16644,23067,0,36,33,33,1264944,33984,29,31,0
5744,0.463,0.696,0.009,1.168,0.745,16644,23067,0,36,33,33,1264944,33984,29,31,0
5745,0.449,1.739,0.009,2.197,1.262,16644,23067,0,36,33,33,1264944,33984,29,31,0
5746,0.445,1.589,0.007,2.041,2.300,16644,23067,0,36,33,33,1264944,33984,29,31,0
5747,0.434,2.881,0.010,3.325,2.152,16644,23067,0,36,33,33,1264944,33984,29,31,0
5748,0.465,12.865,0.008,13.338,3.422,16644,23067,0,36,33,33,1264944,33984,29,31,0
5749,0.449,7.173,0.008,7.630,13.434,16644,23067,0,36,33,33,1264944,33984,29,31,0
5750,0.501,0.683,0.013,1.197,7.730,16644,23067,0,36,33,33,1264944,33984,29,31,0
5751,0.415,0.261,0.011,0.688,1.288,16644,23067,0,36,33,33,1264944,33984,29,31,0
5752,0.440,0.215,0.007,0.662,0.790,16644,23067,0,36,33,33,1264944,33984,29,31,0
5753,0.436,0.543,0.009,0.989,0.760,16644,23067,0,36,33,33,1264944,33984,29,31,0
5754,0.421,0.866,0.006,1.293,1.087,16644,23067,0,36,33,33,1264944,33984,29,31,0
5755,0.441,11.224,0.007,11.672,1.397,16644,23067,0,36,33,33,1264944,33984,29,31,0
5756,0.446,8.485,0.009,8.941,11.776,16644,23067,0,36,33,33,1264944,33984,29,31,0
5757,0.482,6.889,0.010,7.382,9.052,16644,23067,0,36,33,33,1264944,33984,29,31,0
5758,0.480,0.581,0.009,1.070,7.494,16644,23067,0,36,33,33,1264944,33984,29,31,0
5759,0.429,0.263,0.009,0.701,1.172,16644,23067,0,36,33,33,1264944,33984,29,31,0
5760,0.453,0.233,0.009,0.695,0.801,16644,23067,0,36,33,33,1264944,33984,29,31,0
5761,0.438,0.431,0.007,0.876,0.792,16644,23067,0,36,33,33,1264944,33984,29,31,0
5762,0.459,0.514,0.005,0.979,0.981,16644,23067,0,36,33,33,1264944,33984,29,31,0
5763,0.442,0.238,0.006,0.686,1.081,16644,23067,0,36,33,33,1264944,33984,29,31,0
5764,0.454,0.210,0.011,0.675,0.774,16644,23067,0,36,33,33,1264944,33984,29,31,0
5765,0.438,3.101,0.008,3.546,0.771,16644,23067,0,36,33,33,1264944,33984,29,31,0
5766,0.414,14.918,0.007,15.339,3.649,16644,23067,0,36,33,33,1264944,33984,29,31,0
5767,0.455,7.291,0.009,7.755,15.450,16644,23067,0,36,33,33,1264944,33984,29,31,0
5768,0.462,0.595,0.008,1.066,7.867,16644,23067,0,36,33,33,1264944,33984,29,31,0
5769,0.448,0.250,0.010,0.708,1.161,16644,23067,0,36,33,33,1264944,33984,29,31,0
5770,0.474,0.228,0.008,0.710,0.811,16644,23067,0,36,33,33,1264944,33984,29,31,0
5771,0.444,0.347,0.007,0.798,0.803,16644,23067,0,36,33,33,1264944,33984,29,31,0
5772,0.439,0.783,0.006,1.229,0.894,16644,23067,0,36,33,33,1264944,33984,29,31,0
5773,0.445,0.549,0.008,1.002,1.325,16644,23067,0,36,33,33,1264944,33984,29,31,0
5774,0.452,2.044,0.006,2.502,1.103,16644,23067,0,36,33,33,1264944,33984,29,31,0
5775,0.409,3.142,0.005,3.556,2.615,16644,23067,0,36,33,33,1264944,33984,29,31,0
5776,0.474,12.384,0.008,12.866,3.650,16644,23067,0,36,33,33,1264944,33984,29,31,0
5777,0.461,7.466,0.009,7.936,12.962,16644,23067,0,36,33,33,1264944,33984,29,31,0
5778,0.475,0.706,0.008,1.188,8.045,16644,23067,0,36,33,33,1264944,33984,29,31,0
5779,0.441,0.242,0.011,0.694,1.292,16644,23067,0,36,33,33,1264944,33984,29,31,0
5780,0.449,0.209,0.008,0.667,0.788,16644,23067,0,36,33,33,1264944,33984,29,31,0
5781,0.446,0.480,0.007,0.933,0.757,16644,23067,0,36,33,33,1264944,33984,29,31,0
5782,0.458,1.040,0.008,1.506,1.026,16644,23067,0,36,33,33,1264944,33984,29,31,0
5783,0.432,10.772,0.007,11.211,1.598,16644,23067,0,36,33,33,1264944,33984,29,31,0
5784,0.467,8.384,0.006,8.857,11.307,16644,23067,0,36,33,33,1264944,33984,29,31,0
5785,0.465,7.297,0.006,7.768,8.950,16644,23067,0,36,33,33,1264944,33984,29,31,0
5786,0.446,0.969,0.008,1.423,7.869,16644,23067,0,36,33,33,1264944,33984,29,31,0
5787,0.470,0.295,0.011,0.776,1.518,16644,23067,0,36,33,33,1264944,33984,29,31,0
5788,0.471,0.217,0.009,0.697,0.886,16644,23067,0,36,33,33,1264944,33984,29,31,0
5789,0.414,0.420,0.008,0.842,0.791,16644,23067,0,36,33,33,1264944,33984,29,31,0
5790,0.569,2.306,0.011,2.885,0.926,16644,23067,0,36,33,33,1264944,33984,29,31,0
5791,0.452,0.274,0.012,0.738,2.988,16644,23067,0,36,33,33,1264944,33984,29,31,0
5792,0.434,2.866,0.008,3.307,0.840,16644,23067,0,36,33,33,1264944,33984,29,31,0
5793,0.437,13.544,0.009,13.990,3.408,16644,23067,0,36,33,33,1264944,33984,29,31,0
5794,0.463,7.271,0.006,7.741,14.095,16644,23067,0,36,33,33,1264944,33984,29,31,0
5795,0.448,0.907,0.014,1.369,7.842,16644,23067,0,36,33,33,1264944,33984,29,31,0
5796,0.446,0.262,0.016,0.724,1.466,16644,23067,0,36,33,33,1264944,33984,29,31,0
5797,0.428,0.208,0.007,0.643,0.819,16644,23067,0,36,33,33,1264944,33984,29,31,0
5798,0.426,0.716,0.049,1.192,0.737,16644,23067,0,36,33,33,1264944,33984,29,31,0
5799,0.496,0.779,0.010,1.285,1.303,16644,23067,0,36,33,33,1264944,33984,29,31,0
5800,0.455,1.678,0.009,2.142,1.393,16644,23067,0,36,33,33,1264944,33984,29,31,0
5801,0.458,2.456,0.007,2.920,2.257,16644,23067,0,36,33,33,1264944,33984,29,31,0
5802,0.428,13.966,0.006,14.401,3.020,16644,23067,0,36,33,33,1264944,33984,29,31,0
5803,0.453,7.382,0.008,7.842,14.501,16644,23067,0,36,33,33,1264944,33984,29,31,0
5804,0.470,1.218,0.008,1.695,7.948,16644,23067,0,36,33,33,1264944,33984,29,31,0
5805,0.460,0.294,0.012,0.767,1.801,16644,23067,0,36,33,33,1264944,33984,29,31,0
5806,0.455,0.213,0.007,0.675,0.865,16644,23067,0,36,33,33,1264944,33984,29,31,0
5807,0.441,0.393,0.007,0.841,0.769,16644,23067,0,36,33,33,1264944,33984,29,31,0
5808,0.465,0.258,0.007,0.729,0.940,16644,23067,0,36,33,33,1264944,33984,29,31,0
5809,0.450,0.214,0.008,0.672,0.816,16644,23067,0,36,33,33,1264944,33984,29,31,0
5810,0.459,9.769,0.007,10.234,0.763,16644,23067,0,36,33,33,1264944,33984,29,31,0
5811,0.468,8.532,0.009,9.009,10.331,16644,23067,0,36,33,33,1264944,33984,29,31,0
5812,0.496,7.275,0.010,7.782,9.105,16644,23067,0,36,33,33,1264944,33984,29,31,0
5813,0.471,0.959,0.007,1.438,7.876,16644,23067,0,36,33,33,1264944,33984,29,31,0
5814,0.465,0.236,0.009,0.711,1.530,16644,23067,0,36,33,33,1264944,33984,29,31,0
5815,0.432,0.199,0.012,0.643,0.794,16644,23067,0,36,33,33,1264944,33984,29,31,0
5816,0.426,0.519,0.009,0.954,0.738,16644,23067,0,36,33,33,1264944,33984,29,31,0
5817,0.450,0.517,0.008,0.975,1.049,16644,23067,0,36,33,33,1264944,33984,29,31,0
5818,0.422,11.092,0.005,11.519,1.070,16644,23067,0,36,33,33,1264944,33984,29,31,0
5819,0.433,7.984,0.005,8.422,11.624,16644,23067,0,36,33,33,1264944,33984,29,31,0
5820,0.478,7.358,0.007,7.843,8.515,16644,23067,0,36,33,33,1264944,33984,29,31,0
5821,0.433,0.621,0.007,1.062,7.951,16644,23067,0,36,33,33,1264944,33984,29,31,0
5822,0.462,0.250,0.010,0.722,1.155,16644,23067,0,36,33,33,1264944,33984,29,31,0
5823,0.453,0.209,0.010,0.672,0.823,16644,23067,0,36,33,33,1264944,33984,29,31,0
5824,0.433,0.328,0.005,0.766,0.762,16644,23067,0,36,33,33,1264944,33984,29,31,0
5825,0.443,1.020,0.005,1.467,0.857,16644,23067,0,36,33,33,1264944,33984,29,31,0
5826,0.424,10.732,0.005,11.161,1.560,16644,23067,0,36,33,33,1264944,33984,29,31,0
5827,0.472,8.576,0.006,9.054,11.256,16644,23067,0,36,33,33,1264944,33984,29,31,0
5828,0.449,7.254,0.009,7.711,9.148,16644,23067,0,36,33,33,1264944,33984,29,31,0
5829,0.469,0.872,0.010,1.350,7.805,16644,23067,0,36,33,33,1264944,33984,29,31,0
5830,0.474,0.381,0.008,0.862,1.447,16644,23067,0,36,33,33,1264944,33984,29,31,0
5831,0.437,0.210,0.007,0.655,0.961,16644,23067,0,36,33,33,1264944,33984,29,31,0
5832,0.405,0.574,0.012,0.991,0.756,16644,23067,0,36,33,33,1264944,33984,29,31,0
5833,0.496,2.226,0.009,2.731,1.101,16644,23067,0,36,33,33,1264944,33984,29,31,0
5834,0.446,0.259,0.008,0.713,2.834,16644,23067,0,36,33,33,1264944,33984,29,31,0
5835,0.435,3.234,0.011,3.679,0.811,16644,23067,0,36,33,33,1264944,33984,29,31,0
5836,0.434,13.210,0.011,13.654,3.771,16644,23067,0,36,33,33,1264944,33984,29,31,0
5837,0.451,7.347,0.007,7.805,13.756,16644,23067,0,36,33,33,1264944,33984,29,31,0
5838,0.450,0.654,0.007,1.111,7.902,16644,23067,0,36,33,33,1264944,33984,29,31,0
5839,0.431,0.243,0.011,0.685,1.213,16644,23067,0,36,33,33,1264944,33984,29,31,0
5840,0.431,0.238,0.006,0.675,0.787,16644,23067,0,36,33,33,1264944,33984,29,31,0
5841,0.430,0.196,0.008,0.633,1.048,16644,23067,0,36,33,33,1264944,33984,29,31,0
5842,0.444,0.241,0.004,0.689,0.729,16644,23067,0,36,33,33,1264944,33984,29,31,0
5843,0.461,0.225,0.011,0.696,0.785,16644,23067,0,36,33,33,1264944,33984,29,31,0
5844,0.436,10.522,0.007,10.965,0.801,16644,23067,0,36,33,33,1264944,33984,29,31,0
5845,0.451,8.464,0.007,8.923,11.064,16644,23067,0,36,33,33,1264944,33984,29,31,0
5846,0.485,7.304,0.007,7.796,9.016,16644,23067,0,36,33,33,1264944,33984,29,31,0
5847,0.454,0.920,0.011,1.384,7.894,16644,23067,0,36,33,33,1264944,33984,29,31,0
5848,0.435,0.231,0.007,0.673,1.474,16644,23067,0,36,33,33,1264944,33984,29,31,0
5849,0.457,0.226,0.010,0.694,0.772,16644,23067,0,36,33,33,1264944,33984,29,31,0
5850,0.434,0.321,0.007,0.762,0.785,16644,23067,0,36,33,33,1264944,33984,29,31,0
5851,0.458,0.872,0.006,1.336,0.856,16644,23067,0,36,33,33,1264944,33984,29,31,0
5852,0.430,10.665,0.008,11.103,1.428,16644,23067,0,36,33,33,1264944,33984,29,31,0
5853,0.466,8.544,0.007,9.017,11.196,16644,23067,0,36,33,33,1264944,33984,29,31,0
5854,0.429,7.163,0.008,7.600,9.119,16644,23067,0,36,33,33,1264944,33984,29,31,0
5855,0.452,0.581,0.009,1.043,7.704,16644,23067,0,36,33,33,1264944,33984,29,31,0
5856,0.456,0.280,0.009,0.744,1.140,16644,23067,0,36,33,33,1264944,33984,29,31,0
5857,0.452,0.210,0.010,0.671,0.839,16644,23067,0,36,33,33,1264944,33984,29,31,0
5858,0.422,0.489,0.006,0.916,0.768,16644,23067,0,36,33,33,1264944,33984,29,31,0
5859,0.457,0.728,0.008,1.192,1.013,16644,23067,0,36,33,33,1264944,33984,29,31,0
5860,0.442,10.960,0.005,11.407,1.292,16644,23067,0,36,33,33,1264944,33984,29,31,0
5861,0.462,7.916,0.008,8.386,11.499,16644,23067,0,36,33,33,1264944,33984,29,31,0
5862,0.483,7.788,0.008,8.279,8.481,16644,23067,0,36,33,33,1264944,33984,29,31,0
5863,0.447,0.882,0.007,1.336,8.375,16644,23067,0,36,33,33,1264944,33984,29,31,0
5864,0.460,0.255,0.008,0.722,1.425,16644,23067,0,36,33,33,1264944,33984,29,31,0
5865,0.434,0.206,0.011,0.652,0.821,16644,23067,0,36,33,33,1264944,33984,29,31,0
5866,0.444,0.599,0.009,1.053,0.741,16644,23067,0,36,33,33,1264944,33984,29,31,0
5867,0.494,1.670,0.008,2.172,1.158,16644,23067,0,36,33,33,1264944,33984,29,31,0
5868,0.442,1.288,0.006,1.736,2.280,16644,23067,0,36,33,33,1264944,33984,29,31,0
5869,0.431,2.911,0.008,3.350,1.842,16644,23067,0,36,33,33,1264944,33984,29,31,0
5870,0.441,12.997,0.009,13.447,3.448,16644,23067,0,36,33,33,1264944,33984,29,31,0
5871,0.490,7.394,0.006,7.889,13.542,16644,23067,0,36,33,33,1264944,33984,29,31,0
5872,0.440,1.730,0.007,2.177,7.996,16644,23067,0,36,33,33,1264944,33984,29,31,0
5873,0.415,0.202,0.009,0.626,2.286,16644,23067,0,36,33,33,1264944,33984,29,31,0
5874,0.426,0.520,0.007,0.953,0.718,16644,23067,0,36,33,33,1264944,33984,29,31,0
5875,0.515,0.640,0.009,1.164,1.050,16644,23067,0,36,33,33,1264944,33984,29,31,0
5876,0.431,3.031,0.005,3.467,1.267,16644,23067,0,36,33,33,1264944,33984,29,31,0
5877,0.431,15.629,0.006,16.067,3.569,16644,23067,0,36,33,33,1264944,33984,29,31,0
5878,0.493,7.654,0.007,8.154,16.162,16644,23067,0,36,33,33,1264944,33984,29,31,0
5879,0.457,0.610,0.008,1.075,8.248,16644,23067,0,36,33,33,1264944,33984,29,31,0
5880,0.436,0.242,0.010,0.688,1.174,16644,23067,0,36,33,33,1264944,33984,29,31,0
5881,0.476,0.212,0.012,0.701,0.791,16644,23067,0,36,33,33,1264944,33984,29,31,0
5882,0.438,0.499,0.008,0.945,0.790,16644,23067,0,36,33,33,1264944,33984,29,31,0
5883,0.472,0.241,0.007,0.720,1.044,16644,23067,0,36,33,33,1264944,33984,29,31,0
5884,0.431,0.218,0.012,0.660,0.816,16644,23067,0,36,33,33,1264944,33984,29,31,0
5885,0.436,10.695,0.008,11.139,0.756,16644,23067,0,36,33,33,1264944,33984,29,31,0
5886,0.459,8.268,0.008,8.735,11.238,16644,23067,0,36,33,33,1264944,33984,29,31,0
5887,0.444,7.378,0.007,7.829,8.835,16644,23067,0,36,33,33,1264944,33984,29,31,0
5888,0.448,0.862,0.014,1.324,7.922,16644,23067,0,36,33,33,1264944,33984,29,31,0
5889,0.503,0.317,0.012,0.832,1.456,16644,23067,0,36,33,33,1264944,33984,29,31,0
5890,0.512,0.335,0.013,0.860,0.941,16644,23067,0,36,33,33,1264944,33984,29,31,0
5891,0.475,0.232,0.006,0.712,0.959,16644,23067,0,36,33,33,1264944,33984,29,31,0
5892,0.457,0.472,0.011,0.941,0.806,16644,23067,0,36,33,33,1264944,33984,29,31,0
5893,0.456,3.762,0.009,4.228,1.046,16644,23067,0,36,33,33,1264944,33984,29,31,0
5894,0.434,14.982,0.008,15.423,4.338,16644,23067,0,36,33,33,1264944,33984,29,31,0
5895,0.745,7.406,0.005,8.157,15.520,16644,23067,0,36,33,33,1264944,33984,29,31,0
5896,0.476,1.012,0.006,1.494,8.255,16644,23067,0,36,33,33,1264944,33984,29,31,0
5897,0.756,0.250,0.008,1.014,1.590,16644,23067,0,36,33,33,1264944,33984,29,31,0
5898,0.502,0.274,0.011,0.787,1.112,16644,23067,0,36,33,33,1264944,33984,29,31,0
5899,0.455,0.254,0.009,0.718,0.874,16644,23067,0,36,33,33,1264944,33984,29,31,0
5900,0.458,0.647,0.009,1.113,0.823,16644,23067,0,36,33,33,1264944,33984,29,31,0
5901,0.445,2.865,0.007,3.317,1.219,16644,23067,0,36,33,33,1264944,33984,29,31,0
5902,0.471,15.844,0.006,16.321,3.413,16644,23067,0,36,33,33,1264944,33984,29,31,0
5903,0.773,7.012,0.007,7.792,16.419,16644,23067,0,36,33,33,1264944,33984,29,31,0
5904,0.478,0.565,0.009,1.052,7.892,16644,23067,0,36,33,33,1264944,33984,29,31,0
5905,0.502,0.286,0.007,0.795,1.155,16644,23067,0,36,33,33,1264944,33984,29,31,0
5906,0.440,0.210,0.008,0.659,0.896,16644,23067,0,36,33,33,1264944,33984,29,31,0
5907,0.449,0.469,0.009,0.927,0.755,16644,23067,0,36,33,33,1264944,33984,29,31,0
5908,0.486,2.195,0.010,2.690,1.024,16644,23067,0,36,33,33,1264944,33984,29,31,0
5909,0.475,0.653,0.010,1.139,2.798,16644,23067,0,36,33,33,1264944,33984,29,31,0
5910,0.450,2.987,0.007,3.444,1.250,16644,23067,0,36,33,33,1264944,33984,29,31,0
5911,0.446,13.638,0.008,14.092,3.543,16644,23067,0,36,33,33,1264944,33984,29,31,0
5912,0.439,7.076,0.007,7.521,14.184,16644,23067,0,36,33,33,1264944,33984,29,31,0
5913,0.454,0.679,0.009,1.142,7.613,16644,23067,0,36,33,33,1264944,33984,29,31,0
5914,0.456,0.255,0.011,0.723,1.238,16644,23067,0,36,33,33,1264944,33984,29,31,0
5915,0.460,0.213,0.007,0.680,0.812,16644,23067,0,36,33,33,1264944,33984,29,31,0
5916,0.433,0.708,0.007,1.148,0.777,16644,23067,0,36,33,33,1264944,33984,29,31,0
5917,0.463,0.330,0.012,0.805,1.252,16644,23067,0,36,33,33,1264944,33984,29,31,0
5918,0.447,0.223,0.008,0.678,0.896,16644,23067,0,36,33,33,1264944,33984,29,31,0
5919,0.427,4.052,0.008,4.487,0.774,16644,23067,0,36,33,33,1264944,33984,29,31,0
5920,0.456,13.917,0.008,14.382,4.592,16644,23067,0,36,33,33,1264944,33984,29,31,0
5921,0.508,8.052,0.009,8.569,14.494,16644,23067,0,36,33,33,1264944,33984,29,31,0
5922,0.480,0.902,0.008,1.390,8.672,16644,23067,0,36,33,33,1264944,33984,29,31,0
5923,0.471,0.259,0.010,0.740,1.486,16644,23067,0,36,33,33,1264944,33984,29,31,0
5924,0.452,0.210,0.009,0.671,0.837,16644,23067,0,36,33,33,1264944,33984,29,31,0
5925,0.452,0.414,0.007,0.873,0.766,16644,23067,0,36,33,33,1264944,33984,29,31,0
5926,0.478,0.682,0.010,1.169,0.964,16644,23067,0,36,33,33,1264944,33984,29,31,0
5927,0.442,2.997,0.008,3.447,1.277,16644,23067,0,36,33,33,1264944,33984,29,31,0
5928,0.447,15.983,0.008,16.438,3.558,16644,23067,0,36,33,33,1264944,33984,29,31,0
5929,0.501,7.109,0.009,7.619,16.529,16644,23067,0,36,33,33,1264944,33984,29,31,0
5930,0.463,0.737,0.009,1.209,7.721,16644,23067,0,36,33,33,1264944,33984,29,31,0
5931,0.469,0.251,0.008,0.728,1.314,16644,23067,0,36,33,33,1264944,33984,29,31,0
5932,0.454,0.221,0.011,0.686,0.815,16644,23067,0,36,33,33,1264944,33984,29,31,0
5933,0.431,0.441,0.007,0.880,0.788,16644,23067,0,36,33,33,1264944,33984,29,31,0
5934,0.463,0.543,0.007,1.013,0.977,16644,23067,0,36,33,33,1264944,33984,29,31,0
5935,0.431,11.115,0.006,11.552,1.099,16644,23067,0,36,33,33,1264944,33984,29,31,0
5936,0.451,8.395,0.011,8.857,11.645,16644,23067,0,36,33,33,1264944,33984,29,31,0
5937,0.473,7.289,0.006,7.768,8.957,16644,23067,0,36,33,33,1264944,33984,29,31,0
5938,0.454,0.870,0.011,1.335,7.876,16644,23067,0,36,33,33,1264944,33984,29,31,0
5939,0.467,0.243,0.019,0.729,1.436,16644,23067,0,36,33,33,1264944,33984,29,31,0
5940,0.478,0.275,0.011,0.763,0.833,16644,23067,0,36,33,33,1264944,33984,29,31,0
5941,0.441,0.326,0.007,0.774,0.859,16644,23067,0,36,33,33,1264944,33984,29,31,0
5942,0.451,0.718,0.007,1.176,0.863,16644,23067,0,36,33,33,1264944,33984,29,31,0
5943,0.419,10.652,0.008,11.079,1.272,16644,23067,0,36,33,33,1264944,33984,29,31,0
5944,0.461,7.710,0.006,8.177,11.178,16644,23067,0,36,33,33,1264944,33984,29,31,0
5945,0.479,8.031,0.007,8.517,8.272,16644,23067,0,36,33,33,1264944,33984,29,31,0
5946,0.474,1.266,0.006,1.745,8.607,16644,23067,0,36,33,33,1264944,33984,29,31,0
5947,0.449,0.224,0.010,0.682,1.842,16644,23067,0,36,33,33,1264944,33984,29,31,0
5948,0.415,0.409,0.008,0.832,0.786,16644,23067,0,36,33,33,1264944,33984,29,31,0
5949,0.464,0.693,0.011,1.168,0.928,16644,23067,0,36,33,33,1264944,33984,29,31,0
5950,0.451,2.928,0.007,3.385,1.267,16644,23067,0,36,33,33,1264944,33984,29,31,0
5951,0.429,3.428,0.006,3.863,3.488,16644,23067,0,36,33,33,1264944,33984,29,31,0
5952,0.481,12.263,0.009,12.753,3.961,16644,23067,0,36,33,33,1264944,33984,29,31,0
5953,0.472,7.182,0.007,7.662,12.851,16644,23067,0,36,33,33,1264944,33984,29,31,0
5954,0.466,0.616,0.010,1.092,7.763,16644,23067,0,36,33,33,1264944,33984,29,31,0
5955,0.462,0.257,0.011,0.731,1.187,16644,23067,0,36,33,33,1264944,33984,29,31,0
5956,0.434,0.210,0.008,0.652,0.828,16644,23067,0,36,33,33,1264944,33984,29,31,0
5957,0.450,0.475,0.009,0.933,0.745,16644,23067,0,36,33,33,1264944,33984,29,31,0
5958,0.458,2.066,0.006,2.530,1.028,16644,23067,0,36,33,33,1264944,33984,29,31,0
5959,0.470,1.384,0.008,1.862,2.635,16644,23067,0,36,33,33,1264944,33984,29,31,0
5960,0.424,2.628,0.007,3.060,1.957,16644,23067,0,36,33,33,1264944,33984,29,31,0
5961,0.437,12.944,0.006,13.388,3.154,16644,23067,0,36,33,33,1264944,33984,29,31,0
5962,0.480,8.189,0.007,8.676,13.483,16644,23067,0,36,33,33,1264944,33984,29,31,0
5963,0.461,0.806,0.006,1.273,8.764,16644,23067,0,36,33,33,1264944,33984,29,31,0
5964,0.456,0.251,0.008,0.715,1.362,16644,23067,0,36,33,33,1264944,33984,29,31,0
5965,0.435,0.214,0.008,0.657,0.804,16644,23067,0,36,33,33,1264944,33984,29,31,0
5966,0.454,0.360,0.009,0.824,0.747,16644,23067,0,36,33,33,1264944,33984,29,31,0
5967,0.562,0.654,0.006,1.222,0.932,16644,23067,0,36,33,33,1264944,33984,29,31,0
5968,0.453,10.872,0.007,11.332,1.314,16644,23067,0,36,33,33,1264944,33984,29,31,0
5969,0.486,8.265,0.005,8.756,11.426,16644,23067,0,36,33,33,1264944,33984,29,31,0
5970,0.487,7.349,0.006,7.842,8.849,16644,23067,0,36,33,33,1264944,33984,29,31,0
5971,0.450,0.902,0.010,1.361,7.961,16644,23067,0,36,33,33,1264944,33984,29,31,0
5972,0.457,0.244,0.010,0.711,1.464,16644,23067,0,36,33,33,1264944,33984,29,31,0
5973,0.446,0.207,0.005,0.658,0.808,16644,23067,0,36,33,33,1264944,33984,29,31,0
5974,0.426,0.521,0.006,0.953,0.757,16644,23067,0,36,33,33,1264944,33984,29,31,0
5975,0.484,0.549,0.013,1.047,1.052,16644,23067,0,36,33,33,1264944,33984,29,31,0
5976,0.437,4.229,0.008,4.675,1.147,16644,23067,0,36,33,33,1264944,33984,29,31,0
5977,0.454,14.465,0.009,14.928,4.785,16644,23067,0,36,33,33,1264944,33984,29,31,0
5978,0.465,7.742,0.005,8.212,15.028,16644,23067,0,36,33,33,1264944,33984,29,31,0
5979,0.465,0.639,0.007,1.112,8.307,16644,23067,0,36,33,33,1264944,33984,29,31,0
5980,0.463,0.229,0.009,0.700,1.219,16644,23067,0,36,33,33,1264944,33984,29,31,0
5981,0.474,0.211,0.009,0.694,0.799,16644,23067,0,36,33,33,1264944,33984,29,31,0
5982,0.442,0.538,0.011,0.991,0.791,16644,23067,0,36,33,33,1264944,33984,29,31,0
5983,0.485,0.638,0.009,1.132,1.088,16644,23067,0,36,33,33,1264944,33984,29,31,0
5984,0.438,10.942,0.006,11.386,1.229,16644,23067,0,36,33,33,1264944,33984,29,31,0
5985,0.463,8.241,0.010,8.715,11.483,16644,23067,0,36,33,33,1264944,33984,29,31,0
5986,0.446,7.095,0.006,7.547,8.814,16644,23067,0,36,33,33,1264944,33984,29,31,0
5987,0.461,7.339,0.007,7.806,7.639,16644,23067,0,36,33,33,1264944,33984,29,31,0
5988,0.454,8.220,0.010,8.684,7.902,16644,23067,0,36,33,33,1264944,33984,29,31,0
5989,0.478,8.017,0.007,8.503,8.780,16644,23067,0,36,33,33,1264944,33984,29,31,0
5990,0.722,7.235,0.010,7.967,8.595,16644,23067,0,36,33,33,1264944,33984,29,31,0
5991,0.464,0.616,0.009,1.089,8.068,16644,23067,0,36,33,33,1264944,33984,29,31,0
5992,0.461,0.265,0.006,0.732,1.175,16644,23067,0,36,33,33,1264944,33984,29,31,0
5993,0.452,0.215,0.006,0.674,0.821,16644,23067,0,36,33,33,1264944,33984,29,31,0
5994,0.733,0.244,0.007,0.985,0.761,16644,23067,0,36,33,33,1264944,33984,29,31,0
5995,0.469,2.035,0.009,2.513,1.074,16644,23067,0,36,33,33,1264944,33984,29,31,0
5996,0.495,1.088,0.007,1.590,2.632,16644,23067,0,36,33,33,1264944,33984,29,31,0
5997,0.435,2.829,0.009,3.273,1.695,16644,23067,0,36,33,33,1264944,33984,29,31,0
5998,0.807,12.817,0.008,13.631,3.372,16644,23067,0,36,33,33,1264944,33984,29,31,0
5999,0.473,7.222,0.006,7.701,13.729,16644,23067,0,36,33,33,1264944,33984,29,31,0
6000,0.739,0.507,0.007,1.253,7.798,16644,23067,0,36,33,33,1264944,33984,29,31,0
6001,0.451,0.245,0.007,0.703,1.348,16644,23067,0,36,33,33,1264944,33984,29,31,0
6002,0.446,0.224,0.010,0.680,0.785,16644,23067,0,36,33,33,1264944,33984,29,31,0
6003,0.461,0.540,0.009,1.010,0.795,16644,23067,0,36,33,33,1264944,33984,29,31,0
6004,0.498,0.860,0.014,1.372,1.110,16644,23067,0,36,33,33,1264944,33984,29,31,0
6005,0.583,10.904,0.020,11.507,1.490,16644,23067,0,36,33,33,1264944,33984,29,31,0
6006,0.494,8.246,0.006,8.747,11.616,16644,23067,0,36,33,33,1264944,33984,29,31,0
6007,0.499,7.030,0.010,7.539,8.849,16644,23067,0,36,33,33,1264944,33984,29,31,0
6008,0.472,0.607,0.007,1.086,7.637,16644,23067,0,36,33,33,1264944,33984,29,31,0
6009,0.460,0.316,0.010,0.787,1.183,16644,23067,0,36,33,33,1264944,33984,29,31,0
6010,0.458,0.227,0.007,0.692,0.874,16644,23067,0,36,33,33,1264944,33984,29,31,0
6011,0.446,0.546,0.008,1.000,0.789,16644,23067,0,36,33,33,1264944,33984,29,31,0
6012,0.489,0.532,0.008,1.029,1.102,16644,23067,0,36,33,33,1264944,33984,29,31,0
6013,0.435,11.085,0.009,11.529,1.135,16644,23067,0,36,33,33,1264944,33984,29,31,0
6014,0.464,8.388,0.011,8.862,11.626,16644,23067,0,36,33,33,1264944,33984,29,31,0
6015,0.494,7.219,0.005,7.719,8.954,16644,23067,0,36,33,33,1264944,33984,29,31,0
6016,0.458,0.841,0.010,1.310,7.826,16644,23067,0,36,33,33,1264944,33984,29,31,0
6017,0.460,0.239,0.010,0.709,1.409,16644,23067,0,36,33,33,1264944,33984,29,31,0
6018,0.478,0.207,0.008,0.693,0.806,16644,23067,0,36,33,33,1264944,33984,29,31,0
6019,0.448,0.674,0.008,1.130,0.789,16644,23067,0,36,33,33,1264944,33984,29,31,0
6020,0.515,0.575,0.008,1.098,1.259,16644,23067,0,36,33,33,1264944,33984,29,31,0
6021,0.448,3.256,0.006,3.710,1.207,16644,23067,0,36,33,33,1264944,33984,29,31,0
6022,0.454,15.251,0.005,15.710,3.817,16644,23067,0,36,33,33,1264944,33984,29,31,0
6023,0.465,7.429,0.007,7.901,15.804,16644,23067,0,36,33,33,1264944,33984,29,31,0
6024,0.476,0.648,0.006,1.130,8.001,16644,23067,0,36,33,33,1264944,33984,29,31,0
6025,0.455,0.261,0.010,0.726,1.217,16644,23067,0,36,33,33,1264944,33984,29,31,0
6026,0.450,0.230,0.008,0.688,0.817,16644,23067,0,36,33,33,1264944,33984,29,31,0
6027,0.440,0.443,0.008,0.891,0.771,16644,23067,0,36,33,33,1264944,33984,29,31,0
6028,0.453,1.923,0.009,2.385,0.981,16644,23067,0,36,33,33,1264944,33984,29,31,0
6029,0.482,1.354,0.007,1.843,2.490,16644,23067,0,36,33,33,1264944,33984,29,31,0
6030,0.441,3.130,0.006,3.576,1.948,16644,23067,0,36,33,33,1264944,33984,29,31,0
6031,0.468,12.802,0.008,13.278,3.674,16644,23067,0,36,33,33,1264944,33984,29,31,0
6032,0.476,7.737,0.006,8.219,13.376,16644,23067,0,36,33,33,1264944,33984,29,31,0
6033,0.463,1.023,0.008,1.494,8.327,16644,23067,0,36,33,33,1264944,33984,29,31,0
6034,0.439,0.426,0.008,0.873,1.603,16644,23067,0,36,33,33,1264944,33984,29,31,0
6035,0.456,0.207,0.006,0.670,0.967,16644,23067,0,36,33,33,1264944,33984,29,31,0
6036,0.453,0.747,0.007,1.207,0.775,16644,23067,0,36,33,33,1264944,33984,29,31,0
6037,0.430,0.350,0.007,0.786,1.301,16644,23067,0,36,33,33,1264944,33984,29,31,0
6038,0.435,1.842,0.008,2.285,0.889,16644,23067,0,36,33,33,1264944,33984,29,31,0
6039,0.420,3.250,0.006,3.677,2.393,16644,23067,0,36,33,33,1264944,33984,29,31,0
6040,0.461,13.205,0.006,13.672,3.772,16644,23067,0,36,33,33,1264944,33984,29,31,0
6041,0.477,7.279,0.006,7.762,13.764,16644,23067,0,36,33,33,1264944,33984,29,31,0
6042,0.462,0.900,0.008,1.370,7.866,16644,23067,0,36,33,33,1264944,33984,29,31,0
6043,0.458,0.240,0.010,0.709,1.473,16644,23067,0,36,33,33,1264944,33984,29,31,0
6044,0.468,0.209,0.008,0.685,0.799,16644,23067,0,36,33,33,1264944,33984,29,31,0
6045,0.442,0.835,0.012,1.289,0.787,16644,23067,0,36,33,33,1264944,33984,29,31,0
6046,0.482,0.294,0.029,0.805,1.394,16644,23067,0,36,33,33,1264944,33984,29,31,0
6047,0.451,3.441,0.007,3.900,0.919,16644,23067,0,36,33,33,1264944,33984,29,31,0
6048,0.432,15.773,0.006,16.211,4.010,16644,23067,0,36,33,33,1264944,33984,29,31,0
6049,0.477,7.213,0.006,7.695,16.316,16644,23067,0,36,33,33,1264944,33984,29,31,0
6050,0.447,0.986,0.005,1.439,7.801,16644,23067,0,36,33,33,1264944,33984,29,31,0
6051,0.463,0.246,0.009,0.718,1.545,16644,23067,0,36,33,33,1264944,33984,29,31,0
6052,0.439,0.201,0.009,0.648,0.813,16644,23067,0,36,33,33,1264944,33984,29,31,0
6053,0.419,0.640,0.010,1.070,0.745,16644,23067,0,36,33,33,1264944,33984,29,31,0
6054,0.497,0.609,0.018,1.125,1.177,16644,23067,0,36,33,33,1264944,33984,29,31,0
6055,0.428,4.113,0.009,4.550,1.231,16644,23067,0,36,33,33,1264944,33984,29,31,0
6056,0.478,14.679,0.009,15.165,4.655,16644,23067,0,36,33,33,1264944,33984,29,31,0
6057,0.483,7.194,0.006,7.683,15.266,16644,23067,0,36,33,33,1264944,33984,29,31,0
6058,0.465,1.419,0.005,1.889,7.781,16644,23067,0,36,33,33,1264944,33984,29,31,0
6059,0.442,0.229,0.009,0.680,1.985,16644,23067,0,36,33,33,1264944,33984,29,31,0
6060,0.457,0.371,0.006,0.833,0.764,16644,23067,0,36,33,33,1264944,33984,29,31,0
6061,0.508,0.602,0.005,1.115,0.924,16644,23067,0,36,33,33,1264944,33984,29,31,0
6062,0.476,0.870,0.008,1.354,1.206,16644,23067,0,36,33,33,1264944,33984,29,31,0
6063,0.437,0.946,0.008,1.391,1.455,16644,23067,0,36,33,33,1264944,33984,29,31,0
6064,0.421,3.300,0.006,3.727,1.490,16644,23067,0,36,33,33,1264944,33984,29,31,0
6065,0.462,12.550,0.006,13.019,3.824,16644,23067,0,36,33,33,1264944,33984,29,31,0
6066,0.477,7.938,0.010,8.425,13.110,16644,23067,0,36,33,33,1264944,33984,29,31,0
6067,0.465,0.867,0.021,1.353,8.535,16644,23067,0,36,33,33,1264944,33984,29,31,0
6068,0.472,0.242,0.007,0.721,1.450,16644,23067,0,36,33,33,1264944,33984,29,31,0
6069,0.446,0.240,0.006,0.691,0.828,16644,23067,0,36,33,33,1264944,33984,29,31,0
6070,0.424,0.372,0.010,0.806,0.776,16644,23067,0,36,33,33,1264944,33984,29,31,0
6071,0.478,1.939,0.010,2.427,0.904,16644,23067,0,36,33,33,1264944,33984,29,31,0
6072,0.452,0.878,0.012,1.341,2.531,16644,23067,0,36,33,33,1264944,33984,29,31,0
6073,0.447,2.600,0.006,3.053,1.451,16644,23067,0,36,33,33,1264944,33984,29,31,0
6074,0.453,13.253,0.007,13.713,3.151,16644,23067,0,36,33,33,1264944,33984,29,31,0
6075,0.448,7.887,0.008,8.343,13.817,16644,23067,0,36,33,33,1264944,33984,29,31,0
6076,0.456,0.900,0.008,1.364,8.454,16644,23067,0,36,33,33,1264944,33984,29,31,0
6077,0.428,0.251,0.009,0.688,1.467,16644,23067,0,36,33,33,1264944,33984,29,31,0
6078,0.465,0.209,0.008,0.682,0.782,16644,23067,0,36,33,33,1264944,33984,29,31,0
6079,0.434,0.392,0.007,0.832,0.781,16644,23067,0,36,33,33,1264944,33984,29,31,0
6080,0.468,0.304,0.010,0.782,0.921,16644,23067,0,36,33,33,1264944,33984,29,31,0
6081,0.456,0.233,0.006,0.694,0.867,16644,23067,0,36,33,33,1264944,33984,29,31,0
6082,0.450,3.265,0.007,3.722,0.787,16644,23067,0,36,33,33,1264944,33984,29,31,0
6083,0.456,15.460,0.006,15.922,3.816,16644,23067,0,36,33,33,1264944,33984,29,31,0
6084,0.490,7.284,0.007,7.781,16.012,16644,23067,0,36,33,33,1264944,33984,29,31,0
6085,0.456,0.956,0.007,1.419,7.875,16644,23067,0,36,33,33,1264944,33984,29,31,0
6086,0.447,0.229,0.009,0.686,1.510,16644,23067,0,36,33,33,1264944,33984,29,31,0
6087,0.454,0.316,0.008,0.778,0.775,16644,23067,0,36,33,33,1264944,33984,29,31,0
6088,0.493,0.673,0.004,1.170,0.867,16644,23067,0,36,33,33,1264944,33984,29,31,0
6089,0.446,0.259,0.006,0.711,1.254,16644,23067,0,36,33,33,1264944,33984,29,31,0
6090,0.467,0.214,0.009,0.689,0.804,16644,23067,0,36,33,33,1264944,33984,29,31,0
6091,0.450,3.279,0.007,3.736,0.781,16644,23067,0,36,33,33,1264944,33984,29,31,0
6092,0.424,15.142,0.005,15.571,3.841,16644,23067,0,36,33,33,1264944,33984,29,31,0
6093,0.484,7.226,0.007,7.717,15.664,16644,23067,0,36,33,33,1264944,33984,29,31,0
6094,0.479,0.607,0.007,1.093,7.814,16644,23067,0,36,33,33,1264944,33984,29,31,0
6095,0.458,0.268,0.008,0.734,1.184,16644,23067,0,36,33,33,1264944,33984,29,31,0
6096,0.462,0.222,0.008,0.692,0.834,16644,23067,0,36,33,33,1264944,33984,29,31,0
6097,0.485,0.935,0.009,1.428,0.796,16644,23067,0,36,33,33,1264944,33984,29,31,0
6098,0.466,0.246,0.007,0.719,1.521,16644,23067,0,36,33,33,1264944,33984,29,31,0
6099,0.438,0.214,0.009,0.660,0.809,16644,23067,0,36,33,33,1264944,33984,29,31,0
6100,0.439,2.684,0.008,3.131,0.759,16644,23067,0,36,33,33,1264944,33984,29,31,0
6101,0.461,15.634,0.007,16.102,3.238,16644,23067,0,36,33,33,1264944,33984,29,31,0
6102,0.489,7.423,0.006,7.918,16.196,16644,23067,0,36,33,33,1264944,33984,29,31,0
6103,0.464,0.876,0.008,1.348,8.013,16644,23067,0,36,33,33,1264944,33984,29,31,0
6104,0.466,0.255,0.013,0.734,1.450,16644,23067,0,36,33,33,1264944,33984,29,31,0
6105,0.450,0.230,0.008,0.688,0.832,16644,23067,0,36,33,33,1264944,33984,29,31,0
6106,0.433,0.375,0.012,0.821,0.782,16644,23067,0,36,33,33,1264944,33984,29,31,0
6107,0.489,0.747,0.005,1.241,0.915,16644,23067,0,36,33,33,1264944,33984,29,31,0
6108,0.418,3.576,0.008,4.001,1.340,16644,23067,0,36,33,33,1264944,33984,29,31,0
6109,0.461,15.148,0.008,15.616,4.113,16644,23067,0,36,33,33,1264944,33984,29,31,0
6110,0.459,7.642,0.006,8.107,15.725,16644,23067,0,36,33,33,1264944,33984,29,31,0
6111,0.447,0.658,0.010,1.115,8.201,16644,23067,0,36,33,33,1264944,33984,29,31,0
6112,0.471,0.312,0.013,0.796,1.218,16644,23067,0,36,33,33,1264944,33984,29,31,0
6113,0.442,0.206,0.005,0.654,0.895,16644,23067,0,36,33,33,1264944,33984,29,31,0
6114,0.435,0.544,0.009,0.987,0.742,16644,23067,0,36,33,33,1264944,33984,29,31,0
6115,0.454,2.228,0.011,2.693,1.075,16644,23067,0,36,33,33,1264944,33984,29,31,0
6116,0.443,0.598,0.015,1.056,2.799,16644,23067,0,36,33,33,1264944,33984,29,31,0
6117,0.418,3.254,0.006,3.678,1.160,16644,23067,0,36,33,33,1264944,33984,29,31,0
6118,0.441,13.300,0.009,13.750,3.774,16644,23067,0,36,33,33,1264944,33984,29,31,0
6119,0.484,7.227,0.006,7.717,13.847,16644,23067,0,36,33,33,1264944,33984,29,31,0
6120,0.451,0.945,0.006,1.402,7.826,16644,23067,0,36,33,33,1264944,33984,29,31,0
6121,0.454,0.248,0.008,0.710,1.502,16644,23067,0,36,33,33,1264944,33984,29,31,0
6122,0.446,0.209,0.007,0.661,0.795,16644,23067,0,36,33,33,1264944,33984,29,31,0
6123,0.455,0.465,0.008,0.927,0.754,16644,23067,0,36,33,33,1264944,33984,29,31,0
6124,0.464,0.598,0.007,1.069,1.011,16644,23067,0,36,33,33,1264944,33984,29,31,0
6125,0.441,10.677,0.008,11.126,1.160,16644,23067,0,36,33,33,1264944,33984,29,31,0
6126,0.437,8.535,0.008,8.981,11.229,16644,23067,0,36,33,33,1264944,33984,29,31,0
6127,0.491,7.175,0.006,7.673,9.082,16644,23067,0,36,33,33,1264944,33984,29,31,0
6128,0.475,0.863,0.008,1.345,7.778,16644,23067,0,36,33,33,1264944,33984,29,31,0
6129,0.463,0.266,0.009,0.739,1.449,16644,23067,0,36,33,33,1264944,33984,29,31,0
6130,0.482,0.236,0.009,0.726,0.838,16644,23067,0,36,33,33,1264944,33984,29,31,0
6131,0.439,0.334,0.005,0.777,0.821,16644,23067,0,36,33,33,1264944,33984,29,31,0
6132,0.488,0.745,0.006,1.240,0.870,16644,23067,0,36,33,33,1264944,33984,29,31,0
6133,0.416,3.372,0.005,3.793,1.341,16644,23067,0,36,33,33,1264944,33984,29,31,0
6134,0.440,15.707,0.009,16.156,3.896,16644,23067,0,36,33,33,1264944,33984,29,31,0
6135,0.457,7.350,0.010,7.817,16.251,16644,23067,0,36,33,33,1264944,33984,29,31,0
6136,0.464,0.610,0.008,1.082,7.920,16644,23067,0,36,33,33,1264944,33984,29,31,0
6137,0.474,0.304,0.008,0.786,1.170,16644,23067,0,36,33,33,1264944,33984,29,31,0
6138,0.469,0.215,0.005,0.690,0.900,16644,23067,0,36,33,33,1264944,33984,29,31,0
6139,0.425,0.555,0.007,0.988,0.779,16644,23067,0,36,33,33,1264944,33984,29,31,0
6140,0.460,0.710,0.008,1.177,1.081,16644,23067,0,36,33,33,1264944,33984,29,31,0
6141,0.429,10.875,0.010,11.314,1.283,16644,23067,0,36,33,33,1264944,33984,29,31,0
6142,0.473,8.274,0.007,8.753,11.414,16644,23067,0,36,33,33,1264944,33984,29,31,0
6143,0.465,7.286,0.035,7.787,8.855,16644,23067,0,36,33,33,1264944,33984,29,31,0
6144,0.460,0.882,0.011,1.353,7.888,16644,23067,0,36,33,33,1264944,33984,29,31,0
6145,0.483,0.259,0.012,0.753,1.451,16644,23067,0,36,33,33,1264944,33984,29,31,0
6146,0.460,0.227,0.005,0.692,0.856,16644,23067,0,36,33,33,1264944,33984,29,31,0
6147,0.428,0.586,0.014,1.028,0.791,16644,23067,0,36,33,33,1264944,33984,29,31,0
6148,0.499,1.677,0.006,2.182,1.125,16644,23067,0,36,33,33,1264944,33984,29,31,0
6149,0.469,1.200,0.007,1.676,2.289,16644,23067,0,36,33,33,1264944,33984,29,31,0
6150,0.434,3.055,0.007,3.496,1.776,16644,23067,0,36,33,33,1264944,33984,29,31,0
6151,0.440,13.047,0.006,13.493,3.591,16644,23067,0,36,33,33,1264944,33984,29,31,0
6152,0.448,7.307,0.011,7.766,13.581,16644,23067,0,36,33,33,1264944,33984,29,31,0
6153,0.473,0.904,0.010,1.387,7.879,16644,23067,0,36,33,33,1264944,33984,29,31,0
6154,0.465,0.257,0.008,0.730,1.486,16644,23067,0,36,33,33,1264944,33984,29,31,0
6155,0.439,0.215,0.006,0.660,0.821,16644,23067,0,36,33,33,1264944,33984,29,31,0
6156,0.428,0.556,0.005,0.990,0.759,16644,23067,0,36,33,33,1264944,33984,29,31,0
6157,0.571,0.287,0.007,0.865,1.151,16644,23067,0,36,33,33,1264944,33984,29,31,0
6158,0.453,0.191,0.008,0.652,0.972,16644,23067,0,36,33,33,1264944,33984,29,31,0
6159,0.464,3.826,0.008,4.298,0.742,16644,23067,0,36,33,33,1264944,33984,29,31,0
6160,0.462,14.412,0.007,14.882,4.409,16644,23067,0,36,33,33,1264944,33984,29,31,0
6161,0.486,7.334,0.008,7.828,14.978,16644,23067,0,36,33,33,1264944,33984,29,31,0
6162,0.468,1.092,0.008,1.568,7.938,16644,23067,0,36,33,33,1264944,33984,29,31,0
6163,0.457,0.241,0.008,0.706,1.681,16644,23067,0,36,33,33,1264944,33984,29,31,0
6164,0.456,0.266,0.008,0.730,0.809,16644,23067,0,36,33,33,1264944,33984,29,31,0
6165,0.454,0.486,0.008,0.947,0.825,16644,23067,0,36,33,33,1264944,33984,29,31,0
6166,0.480,0.258,0.006,0.745,1.042,16644,23067,0,36,33,33,1264944,33984,29,31,0
6167,0.460,0.217,0.007,0.684,0.847,16644,23067,0,36,33,33,1264944,33984,29,31,0
6168,0.441,3.204,0.008,3.654,0.781,16644,23067,0,36,33,33,1264944,33984,29,31,0
6169,0.446,15.204,0.008,15.658,3.761,16644,23067,0,36,33,33,1264944,33984,29,31,0
6170,0.474,7.264,0.008,7.745,15.755,16644,23067,0,36,33,33,1264944,33984,29,31,0
6171,0.477,0.879,0.007,1.363,7.866,16644,23067,0,36,33,33,1264944,33984,29,31,0
6172,0.460,0.264,0.008,0.733,1.456,16644,23067,0,36,33,33,1264944,33984,29,31,0
6173,0.491,0.242,0.008,0.742,0.826,16644,23067,0,36,33,33,1264944,33984,29,31,0
6174,0.476,0.949,0.015,1.439,0.834,16644,23067,0,36,33,33,1264944,33984,29,31,0
6175,0.547,0.310,0.013,0.870,1.555,16644,23067,0,36,33,33,1264944,33984,29,31,0
6176,0.474,1.962,0.006,2.442,0.981,16644,23067,0,36,33,33,1264944,33984,29,31,0
6177,0.436,2.995,0.012,3.444,2.548,16644,23067,0,36,33,33,1264944,33984,29,31,0
6178,0.434,13.498,0.009,13.940,3.539,16644,23067,0,36,33,33,1264944,33984,29,31,0
6179,0.487,7.101,0.012,7.600,14.041,16644,23067,0,36,33,33,1264944,33984,29,31,0
6180,0.470,1.019,0.009,1.498,7.713,16644,23067,0,36,33,33,1264944,33984,29,31,0
6181,0.457,0.291,0.012,0.760,1.609,16644,23067,0,36,33,33,1264944,33984,29,31,0
6182,0.450,0.208,0.006,0.664,0.858,16644,23067,0,36,33,33,1264944,33984,29,31,0
6183,0.422,0.581,0.007,1.010,0.762,16644,23067,0,36,33,33,1264944,33984,29,31,0
6184,0.462,0.735,0.008,1.205,1.101,16644,23067,0,36,33,33,1264944,33984,29,31,0
6185,0.454,3.822,0.008,4.283,1.304,16644,23067,0,36,33,33,1264944,33984,29,31,0
6186,0.467,14.313,0.007,14.787,4.387,16644,23067,0,36,33,33,1264944,33984,29,31,0
6187,0.451,7.490,0.007,7.948,14.898,16644,23067,0,36,33,33,1264944,33984,29,31,0
6188,0.476,0.627,0.009,1.112,8.046,16644,23067,0,36,33,33,1264944,33984,29,31,0
6189,0.466,0.270,0.009,0.745,1.202,16644,23067,0,36,33,33,1264944,33984,29,31,0
6190,0.440,0.214,0.009,0.664,0.859,16644,23067,0,36,33,33,1264944,33984,29,31,0
6191,0.492,0.528,0.009,1.029,0.760,16644,23067,0,36,33,33,1264944,33984,29,31,0
6192,0.512,2.040,0.010,2.562,1.119,16644,23067,0,36,33,33,1264944,33984,29,31,0
6193,0.492,0.935,0.008,1.434,2.670,16644,23067,0,36,33,33,1264944,33984,29,31,0
6194,0.444,3.182,0.010,3.636,1.533,16644,23067,0,36,33,33,1264944,33984,29,31,0
6195,0.474,12.616,0.007,13.097,3.733,16644,23067,0,36,33,33,1264944,33984,29,31,0
6196,0.778,7.560,0.007,8.345,13.197,16644,23067,0,36,33,33,1264944,33984,29,31,0
6197,0.750,0.654,0.009,1.413,8.448,16644,23067,0,36,33,33,1264944,33984,29,31,0
6198,0.460,0.257,0.014,0.731,1.504,16644,23067,0,36,33,33,1264944,33984,29,31,0
6199,0.470,0.229,0.007,0.706,0.830,16644,23067,0,36,33,33,1264944,33984,29,31,0
6200,0.482,0.892,0.005,1.379,0.805,16644,23067,0,36,33,33,1264944,33984,29,31,0
6201,0.450,0.251,0.009,0.710,1.475,16644,23067,0,36,33,33,1264944,33984,29,31,0
6202,0.462,0.219,0.007,0.687,0.806,16644,23067,0,36,33,33,1264944,33984,29,31,0
6203,0.442,3.525,0.006,3.973,0.780,16644,23067,0,36,33,33,1264944,33984,29,31,0
6204,0.710,13.903,0.008,14.621,4.065,16644,23067,0,36,33,33,1264944,33984,29,31,0
6205,0.781,7.222,0.007,8.010,14.721,16644,23067,0,36,33,33,1264944,33984,29,31,0
6206,0.483,0.660,0.009,1.152,8.119,16644,23067,0,36,33,33,1264944,33984,29,31,0
6207,0.809,0.257,0.007,1.073,1.250,16644,23067,0,36,33,33,1264944,33984,29,31,0
6208,0.460,0.352,0.009,0.820,1.165,16644,23067,0,36,33,33,1264944,33984,29,31,0
6209,0.467,0.208,0.009,0.683,0.913,16644,23067,0,36,33,33,1264944,33984,29,31,0
6210,0.458,0.912,0.012,1.382,0.776,16644,23067,0,36,33,33,1264944,33984,29,31,0
6211,0.431,10.656,0.007,11.094,1.485,16644,23067,0,36,33,33,1264944,33984,29,31,0
6212,0.714,8.086,0.007,8.808,11.190,16644,23067,0,36,33,33,1264944,33984,29,31,0
6213,0.482,7.278,0.006,7.766,8.905,16644,23067,0,36,33,33,1264944,33984,29,31,0
6214,0.725,0.525,0.007,1.257,7.860,16644,23067,0,36,33,33,1264944,33984,29,31,0
6215,0.466,0.270,0.011,0.746,1.344,16644,23067,0,36,33,33,1264944,33984,29,31,0
6216,0.445,0.226,0.005,0.676,0.829,16644,23067,0,36,33,33,1264944,33984,29,31,0
6217,0.429,0.425,0.009,0.863,0.760,16644,23067,0,36,33,33,1264944,33984,29,31,0
6218,0.488,0.720,0.008,1.216,0.959,16644,23067,0,36,33,33,1264944,33984,29,31,0
6219,0.428,11.048,0.006,11.482,1.322,16644,23067,0,36,33,33,1264944,33984,29,31,0
6220,0.485,7.911,0.008,8.404,11.589,16644,23067,0,36,33,33,1264944,33984,29,31,0
6221,0.503,7.224,0.012,7.739,8.502,16644,23067,0,36,33,33,1264944,33984,29,31,0
6222,0.477,0.660,0.011,1.148,7.860,16644,23067,0,36,33,33,1264944,33984,29,31,0
6223,0.465,0.299,0.007,0.771,1.249,16644,23067,0,36,33,33,1264944,33984,29,31,0
6224,0.457,0.221,0.010,0.689,0.877,16644,23067,0,36,33,33,1264944,33984,29,31,0
6225,0.478,0.490,0.008,0.976,1.034,16644,23067,0,36,33,33,1264944,33984,29,31,0
6226,0.479,0.902,0.009,1.390,1.763,16644,23067,0,36,33,33,1264944,33984,29,31,0
6227,0.457,9.540,0.010,10.007,1.713,16644,23067,0,36,33,33,1264944,33984,29,31,0
6228,0.470,7.630,0.011,8.111,10.129,16644,23067,0,36,33,33,1264944,33984,29,31,0
6229,0.486,7.405,0.009,7.899,8.229,16644,23067,0,36,33,33,1264944,33984,29,31,0
6230,0.519,0.892,0.016,1.428,8.026,16644,23067,0,36,33,33,1264944,33984,29,31,0
6231,0.497,0.273,0.007,0.778,2.045,16644,23067,0,36,33,33,1264944,33984,29,31,0
6232,0.440,0.508,0.009,0.957,0.891,16644,23067,0,36,33,33,1264944,33984,29,31,0
6233,0.447,0.284,0.012,0.743,1.049,16644,23067,0,36,33,33,1264944,33984,29,31,0
6234,0.463,0.354,0.007,0.823,0.852,16644,23067,0,36,33,33,1264944,33984,29,31,0
6235,0.455,0.947,0.014,1.416,0.923,16644,23067,0,36,33,33,1264944,33984,29,31,0
6236,0.484,3.099,0.007,3.589,1.913,16644,23067,0,36,33,33,1264944,33984,29,31,0
6237,0.455,13.298,0.013,13.766,4.220,16644,23067,0,36,33,33,1264944,33984,29,31,0
6238,0.496,7.421,0.009,7.926,13.871,16644,23067,0,36,33,33,1264944,33984,29,31,0
6239,0.496,10.259,0.011,10.767,8.048,16644,23067,0,36,33,33,1264944,33984,29,31,0
6240,0.668,7.119,0.009,7.796,11.114,16644,23067,0,36,33,33,1264944,33984,29,31,0
6241,0.505,6.193,0.010,6.708,8.075,16644,23067,0,36,33,33,1264944,33984,29,31,0
6242,0.491,6.297,0.007,6.796,6.832,16644,23067,0,36,33,33,1264944,33984,29,31,0
6243,0.501,0.296,0.009,0.805,7.205,16644,23067,0,36,33,33,1264944,33984,29,31,0
6244,0.451,1.756,0.008,2.216,0.908,16644,23067,0,36,33,33,1264944,33984,29,31,0
6245,0.509,0.633,0.011,1.153,2.594,16644,23067,0,36,33,33,1264944,33984,29,31,0
6246,0.443,1.487,0.010,1.939,1.419,16644,23067,0,36,33,33,1264944,33984,29,31,0
6247,0.442,4.171,0.007,4.620,2.057,16644,23067,0,36,33,33,1264944,33984,29,31,0
6248,0.450,14.124,0.014,14.588,4.744,16644,23067,0,36,33,33,1264944,33984,29,31,0
6249,0.508,5.969,0.009,6.486,14.698,16644,23067,0,36,33,33,1264944,33984,29,31,0
6250,0.473,0.715,0.014,1.203,6.608,16644,23067,0,36,33,33,1264944,33984,29,31,0
6251,0.485,1.557,0.007,2.049,1.509,16644,23067,0,36,33,33,1264944,33984,29,31,0
6252,0.452,0.660,0.007,1.120,2.170,16644,23067,0,36,33,33,1264944,33984,29,31,0
6253,0.466,1.841,0.007,2.314,1.223,16644,23067,0,36,33,33,1264944,33984,29,31,0
6254,0.495,3.934,0.008,4.438,2.589,16644,23067,0,36,33,33,1264944,33984,29,31,0
6255,0.463,14.010,0.012,14.485,4.534,16644,23067,0,36,33,33,1264944,33984,29,31,0
6256,0.522,5.676,0.012,6.209,14.987,16644,23067,0,36,33,33,1264944,33984,29,31,0
6257,0.475,0.623,0.009,1.107,6.337,16644,23067,0,36,33,33,1264944,33984,29,31,0
6258,0.479,1.648,0.010,2.137,1.199,16644,23067,0,36,33,33,1264944,33984,29,31,0
6259,0.453,0.636,0.008,1.097,2.261,16644,23067,0,36,33,33,1264944,33984,29,31,0
6260,0.450,2.248,0.010,2.708,1.200,16644,23067,0,36,33,33,1264944,33984,29,31,0
6261,0.565,1.771,0.009,2.345,3.753,16644,23067,0,36,33,33,1264944,33984,29,31,0
6262,0.453,14.334,0.010,14.797,2.450,16644,23067,0,36,33,33,1264944,33984,29,31,0
6263,0.531,6.970,0.009,7.510,14.909,16644,23067,0,36,33,33,1264944,33984,29,31,0
6264,0.503,0.643,0.015,1.161,7.615,16644,23067,0,36,33,33,1264944,33984,29,31,0
6265,0.467,1.567,0.010,2.044,1.257,16644,23067,0,36,33,33,1264944,33984,29,31,0
6266,0.446,0.557,0.009,1.012,2.139,16644,23067,0,36,33,33,1264944,33984,29,31,0
6267,0.619,0.662,0.011,1.291,1.146,16644,23067,0,36,33,33,1264944,33984,29,31,0
6268,0.481,2.773,0.007,3.261,1.402,16644,23067,0,36,33,33,1264944,33984,29,31,0
6269,0.451,16.624,0.011,17.087,3.376,16644,23067,0,36,33,33,1264944,33984,29,31,0
6270,0.506,6.051,0.011,6.568,17.194,16644,23067,0,36,33,33,1264944,33984,29,31,0
6271,0.504,0.529,0.014,1.047,6.684,16644,23067,0,36,33,33,1264944,33984,29,31,0
6272,0.492,1.621,0.011,2.125,1.156,16644,23067,0,36,33,33,1264944,33984,29,31,0
6273,0.468,0.522,0.008,0.999,2.242,16644,23067,0,36,33,33,1264944,33984,29,31,0
6274,0.468,1.009,0.008,1.485,1.093,16644,23067,0,36,33,33,1264944,33984,29,31,0
6275,0.501,2.492,0.011,3.004,1.599,16644,23067,0,36,33,33,1264944,33984,29,31,0
6276,0.491,16.698,0.009,17.198,3.350,16644,23067,0,36,33,33,1264944,33984,29,31,0
6277,0.482,6.029,0.008,6.519,17.309,16644,23067,0,36,33,33,1264944,33984,29,31,0
6278,0.487,0.642,0.008,1.137,6.625,16644,23067,0,36,33,33,1264944,33984,29,31,0
6279,0.495,1.416,0.006,1.917,1.243,16644,23067,0,36,33,33,1264944,33984,29,31,0
6280,0.475,0.596,0.007,1.078,2.027,16644,23067,0,36,33,33,1264944,33984,29,31,0
6281,0.527,0.942,0.008,1.476,1.169,16644,23067,0,36,33,33,1264944,33984,29,31,0
6282,0.441,3.893,0.008,4.341,1.581,16644,23067,0,36,33,33,1264944,33984,29,31,0
6283,0.446,14.194,0.008,14.647,4.443,16644,23067,0,36,33,33,1264944,33984,29,31,0
6284,0.449,8.004,0.008,8.462,14.754,16644,23067,0,36,33,33,1264944,33984,29,31,0
6285,0.482,0.274,0.010,0.766,8.563,16644,23067,0,36,33,33,1264944,33984,29,31,0
6286,0.450,1.607,0.007,2.065,0.855,16644,23067,0,36,33,33,1264944,33984,29,31,0
6287,0.469,0.580,0.014,1.063,2.160,16644,23067,0,36,33,33,1264944,33984,29,31,0
6288,0.614,1.473,0.013,2.100,1.203,16644,23067,0,36,33,33,1264944,33984,29,31,0
6289,0.440,4.465,0.009,4.915,2.219,16644,23067,0,36,33,33,1264944,33984,29,31,0
6290,0.484,13.064,0.011,13.559,5.013,16644,23067,0,36,33,33,1264944,33984,29,31,0
6291,0.500,6.768,0.008,7.276,14.438,16644,23067,0,36,33,33,1264944,33984,29,31,0
6292,0.486,0.658,0.006,1.150,7.393,16644,23067,0,36,33,33,1264944,33984,29,31,0
6293,0.442,1.655,0.008,2.106,1.259,16644,23067,0,36,33,33,1264944,33984,29,31,0
6294,0.453,0.893,0.015,1.362,2.225,16644,23067,0,36,33,33,1264944,33984,29,31,0
6295,0.557,0.520,0.008,1.084,1.471,16644,23067,0,36,33,33,1264944,33984,29,31,0
6296,0.454,4.498,0.014,4.966,1.181,16644,23067,0,36,33,33,1264944,33984,29,31,0
6297,0.441,13.016,0.010,13.467,5.500,16644,23067,0,36,33,33,1264944,33984,29,31,0
6298,0.478,7.506,0.007,7.990,13.573,16644,23067,0,36,33,33,1264944,33984,29,31,0
6299,0.474,0.450,0.009,0.933,8.330,16644,23067,0,36,33,33,1264944,33984,29,31,0
6300,0.460,0.271,0.009,0.739,1.288,16644,23067,0,36,33,33,1264944,33984,29,31,0
6301,0.457,0.272,0.008,0.738,0.963,16644,23067,0,36,33,33,1264944,33984,29,31,0
6302,0.469,0.283,0.008,0.760,1.175,16644,23067,0,36,33,33,1264944,33984,29,31,0
6303,0.445,2.017,0.011,2.473,1.037,16644,23067,0,36,33,33,1264944,33984,29,31,0
6304,0.474,17.225,0.010,17.710,2.819,16644,23067,0,36,33,33,1264944,33984,29,31,0
6305,0.526,7.178,0.012,7.716,17.827,16644,23067,0,36,33,33,1264944,33984,29,31,0
6306,0.457,0.879,0.009,1.345,7.815,16644,23067,0,36,33,33,1264944,33984,29,31,0
6307,0.486,0.422,0.010,0.918,1.440,16644,23067,0,36,33,33,1264944,33984,29,31,0
6308,0.498,0.381,0.019,0.897,1.247,16644,23067,0,36,33,33,1264944,33984,29,31,0
6309,0.517,0.309,0.011,0.837,1.184,16644,23067,0,36,33,33,1264944,33984,29,31,0
6310,0.486,0.282,0.006,0.774,1.781,16644,23067,0,36,33,33,1264944,33984,29,31,0
6311,0.477,2.220,0.008,2.706,0.872,16644,23067,0,36,33,33,1264944,33984,29,31,0
6312,0.454,15.578,0.014,16.046,2.817,16644,23067,0,36,33,33,1264944,33984,29,31,0
6313,0.533,7.200,0.012,7.746,16.154,16644,23067,0,36,33,33,1264944,33984,29,31,0
6314,0.493,0.582,0.012,1.087,7.884,16644,23067,0,36,33,33,1264944,33984,29,31,0
6315,0.459,0.275,0.009,0.744,1.183,16644,23067,0,36,33,33,1264944,33984,29,31,0
6316,0.465,0.229,0.006,0.700,0.839,16644,23067,0,36,33,33,1264944,33984,29,31,0
6317,0.452,0.642,0.007,1.101,0.796,16644,23067,0,36,33,33,1264944,33984,29,31,0
6318,0.536,0.262,0.011,0.810,2.089,16644,23067,0,36,33,33,1264944,33984,29,31,0
6319,0.441,0.217,0.010,0.668,0.908,16644,23067,0,36,33,33,1264944,33984,29,31,0
6320,0.446,0.990,0.011,1.448,0.755,16644,23067,0,36,33,33,1264944,33984,29,31,0
6321,0.431,2.896,0.011,3.338,1.535,16644,23067,0,36,33,33,1264944,33984,29,31,0
6322,0.451,13.476,0.014,13.941,3.455,16644,23067,0,36,33,33,1264944,33984,29,31,0
6323,0.534,7.030,0.012,7.576,14.077,16644,23067,0,36,33,33,1264944,33984,29,31,0
6324,0.492,0.548,0.008,1.048,7.671,16644,23067,0,36,33,33,1264944,33984,29,31,0
6325,0.443,0.233,0.011,0.688,1.141,16644,23067,0,36,33,33,1264944,33984,29,31,0
6326,0.455,0.228,0.016,0.700,0.779,16644,23067,0,36,33,33,1264944,33984,29,31,0
6327,0.449,0.585,0.008,1.042,0.808,16644,23067,0,36,33,33,1264944,33984,29,31,0
6328,0.476,0.289,0.018,0.783,1.153,16644,23067,0,36,33,33,1264944,33984,29,31,0
6329,0.467,0.270,0.011,0.748,0.875,16644,23067,0,36,33,33,1264944,33984,29,31,0
6330,0.446,0.351,0.009,0.805,0.847,16644,23067,0,36,33,33,1264944,33984,29,31,0
6331,0.434,3.420,0.008,3.862,0.898,16644,23067,0,36,33,33,1264944,33984,29,31,0
6332,0.486,14.223,0.009,14.717,3.960,16644,23067,0,36,33,33,1264944,33984,29,31,0
6333,0.466,7.764,0.008,8.238,14.825,16644,23067,0,36,33,33,1264944,33984,29,31,0
6334,0.483,0.592,0.007,1.083,8.349,16644,23067,0,36,33,33,1264944,33984,29,31,0
6335,0.457,0.273,0.007,0.737,1.183,16644,23067,0,36,33,33,1264944,33984,29,31,0
6336,0.452,0.240,0.008,0.700,0.844,16644,23067,0,36,33,33,1264944,33984,29,31,0
6337,0.450,0.375,0.009,0.834,0.789,16644,23067,0,36,33,33,1264944,33984,29,31,0
6338,0.584,0.635,0.010,1.229,0.937,16644,23067,0,36,33,33,1264944,33984,29,31,0
6339,0.465,11.045,0.012,11.522,1.318,16644,23067,0,36,33,33,1264944,33984,29,31,0
6340,0.503,8.121,0.009,8.634,11.630,16644,23067,0,36,33,33,1264944,33984,29,31,0
6341,0.473,7.426,0.010,7.908,8.735,16644,23067,0,36,33,33,1264944,33984,29,31,0
6342,0.482,1.816,0.012,2.309,8.172,16644,23067,0,36,33,33,1264944,33984,29,31,0
6343,0.461,0.229,0.009,0.699,2.560,16644,23067,0,36,33,33,1264944,33984,29,31,0
6344,0.444,0.468,0.007,0.919,0.986,16644,23067,0,36,33,33,1264944,33984,29,31,0
6345,0.495,0.614,0.008,1.117,1.015,16644,23067,0,36,33,33,1264944,33984,29,31,0
6346,0.457,3.323,0.009,3.788,1.222,16644,23067,0,36,33,33,1264944,33984,29,31,0
6347,0.459,14.690,0.011,15.160,3.901,16644,23067,0,36,33,33,1264944,33984,29,31,0
6348,0.497,7.076,0.008,7.581,15.263,16644,23067,0,36,33,33,1264944,33984,29,31,0
6349,0.503,0.652,0.006,1.161,7.684,16644,23067,0,36,33,33,1264944,33984,29,31,0
6350,0.455,0.262,0.008,0.725,1.245,16644,23067,0,36,33,33,1264944,33984,29,31,0
6351,0.433,0.217,0.008,0.658,0.813,16644,23067,0,36,33,33,1264944,33984,29,31,0
6352,0.443,0.516,0.010,0.969,0.740,16644,23067,0,36,33,33,1264944,33984,29,31,0
6353,0.487,1.956,0.008,2.451,1.067,16644,23067,0,36,33,33,1264944,33984,29,31,0
6354,0.479,0.983,0.008,1.471,2.950,16644,23067,0,36,33,33,1264944,33984,29,31,0
6355,0.438,2.862,0.007,3.307,1.571,16644,23067,0,36,33,33,1264944,33984,29,31,0
6356,0.442,12.845,0.008,13.296,3.415,16644,23067,0,36,33,33,1264944,33984,29,31,0
6357,0.473,7.374,0.008,7.855,13.398,16644,23067,0,36,33,33,1264944,33984,29,31,0
6358,0.514,0.636,0.010,1.160,7.970,16644,23067,0,36,33,33,1264944,33984,29,31,0
6359,0.503,0.266,0.006,0.774,1.268,16644,23067,0,36,33,33,1264944,33984,29,31,0
6360,0.466,0.512,0.007,0.985,0.869,16644,23067,0,36,33,33,1264944,33984,29,31,0
6361,0.438,0.201,0.010,0.649,1.108,16644,23067,0,36,33,33,1264944,33984,29,31,0
6362,0.439,0.617,0.007,1.062,0.731,16644,23067,0,36,33,33,1264944,33984,29,31,0
6363,0.478,0.249,0.009,0.736,1.161,16644,23067,0,36,33,33,1264944,33984,29,31,0
6364,0.458,1.835,0.010,2.303,0.837,16644,23067,0,36,33,33,1264944,33984,29,31,0
6365,0.443,2.507,0.007,2.957,2.401,16644,23067,0,36,33,33,1264944,33984,29,31,0
6366,0.437,13.668,0.016,14.121,3.050,16644,23067,0,36,33,33,1264944,33984,29,31,0
6367,0.476,7.349,0.008,7.833,14.218,16644,23067,0,36,33,33,1264944,33984,29,31,0
6368,0.505,0.853,0.008,1.366,7.933,16644,23067,0,36,33,33,1264944,33984,29,31,0
6369,0.441,0.372,0.017,0.829,1.458,16644,23067,0,36,33,33,1264944,33984,29,31,0
6370,0.434,0.203,0.009,0.645,0.916,16644,23067,0,36,33,33,1264944,33984,29,31,0
6371,0.442,0.500,0.010,0.952,0.731,16644,23067,0,36,33,33,1264944,33984,29,31,0
6372,0.457,0.234,0.009,0.699,1.044,16644,23067,0,36,33,33,1264944,33984,29,31,0
6373,0.439,0.206,0.006,0.651,0.792,16644,23067,0,36,33,33,1264944,33984,29,31,0
6374,0.436,10.766,0.010,11.212,0.744,16644,23067,0,36,33,33,1264944,33984,29,31,0
6375,0.471,7.841,0.008,8.320,11.325,16644,23067,0,36,33,33,1264944,33984,29,31,0
6376,0.460,7.741,0.009,8.209,8.414,16644,23067,0,36,33,33,1264944,33984,29,31,0
6377,0.503,1.062,0.008,1.573,8.319,16644,23067,0,36,33,33,1264944,33984,29,31,0
6378,0.475,0.297,0.011,0.783,1.679,16644,23067,0,36,33,33,1264944,33984,29,31,0
6379,0.477,0.212,0.013,0.702,0.889,16644,23067,0,36,33,33,1264944,33984,29,31,0
6380,0.464,0.488,0.009,0.961,0.819,16644,23067,0,36,33,33,1264944,33984,29,31,0
6381,0.507,0.963,0.007,1.477,1.093,16644,23067,0,36,33,33,1264944,33984,29,31,0
6382,0.464,2.889,0.016,3.369,1.963,16644,23067,0,36,33,33,1264944,33984,29,31,0
6383,0.481,14.210,0.013,14.703,4.019,16644,23067,0,36,33,33,1264944,33984,29,31,0
6384,0.524,7.073,0.014,7.611,14.815,16644,23067,0,36,33,33,1264944,33984,29,31,0
6385,0.531,0.510,0.013,1.054,7.713,16644,23067,0,36,33,33,1264944,33984,29,31,0
6386,0.475,0.304,0.011,0.790,1.154,16644,23067,0,36,33,33,1264944,33984,29,31,0
6387,0.442,0.240,0.010,0.692,0.881,16644,23067,0,36,33,33,1264944,33984,29,31,0
6388,0.477,0.708,0.009,1.194,0.789,16644,23067,0,36,33,33,1264944,33984,29,31,0
6389,0.597,0.642,0.025,1.264,1.299,16644,23067,0,36,33,33,1264944,33984,29,31,0
6390,0.498,0.243,0.009,0.750,2.067,16644,23067,0,36,33,33,1264944,33984,29,31,0
6391,0.442,0.491,0.009,0.941,0.837,16644,23067,0,36,33,33,1264944,33984,29,31,0
6392,0.447,2.577,0.007,3.031,1.018,16644,23067,0,36,33,33,1264944,33984,29,31,0
6393,0.446,13.586,0.013,14.045,3.130,16644,23067,0,36,33,33,1264944,33984,29,31,0
6394,0.547,7.294,0.011,7.852,14.254,16644,23067,0,36,33,33,1264944,33984,29,31,0
6395,0.524,0.488,0.010,1.022,7.959,16644,23067,0,36,33,33,1264944,33984,29,31,0
6396,0.529,0.331,0.009,0.869,1.129,16644,23067,0,36,33,33,1264944,33984,29,31,0
6397,0.525,0.299,0.025,0.850,0.973,16644,23067,0,36,33,33,1264944,33984,29,31,0
6398,0.480,0.276,0.014,0.770,0.994,16644,23067,0,36,33,33,1264944,33984,29,31,0
6399,0.523,1.836,0.011,2.370,0.864,16644,23067,0,36,33,33,1264944,33984,29,31,0
6400,0.519,1.200,0.012,1.731,2.476,16644,23067,0,36,33,33,1264944,33984,29,31,0
6401,0.550,3.167,0.015,3.731,1.843,16644,23067,0,36,33,33,1264944,33984,29,31,0
6402,0.514,12.119,0.014,12.647,3.917,16644,23067,0,36,33,33,1264944,33984,29,31,0
6403,0.486,7.484,0.018,7.989,12.757,16644,23067,0,36,33,33,1264944,33984,29,31,0
6404,0.468,0.728,0.009,1.205,8.084,16644,23067,0,36,33,33,1264944,33984,29,31,0
6405,0.449,0.267,0.009,0.726,1.297,16644,23067,0,36,33,33,1264944,33984,29,31,0
6406,0.493,0.249,0.008,0.750,0.832,16644,23067,0,36,33,33,1264944,33984,29,31,0
6407,0.446,0.359,0.009,0.814,0.850,16644,23067,0,36,33,33,1264944,33984,29,31,0
6408,0.550,0.284,0.007,0.842,0.900,16644,23067,0,36,33,33,1264944,33984,29,31,0
6409,0.481,0.470,0.009,0.960,0.972,16644,23067,0,36,33,33,1264944,33984,29,31,0
6410,0.474,0.206,0.007,0.687,1.120,16644,23067,0,36,33,33,1264944,33984,29,31,0
6411,0.549,2.974,0.010,3.533,0.910,16644,23067,0,36,33,33,1264944,33984,29,31,0
6412,0.483,14.285,0.009,14.778,3.634,16644,23067,0,36,33,33,1264944,33984,29,31,0
6413,0.539,7.160,0.009,7.708,15.081,16644,23067,0,36,33,33,1264944,33984,29,31,0
6414,0.481,0.615,0.012,1.108,7.802,16644,23067,0,36,33,33,1264944,33984,29,31,0
6415,0.470,0.255,0.011,0.735,1.194,16644,23067,0,36,33,33,1264944,33984,29,31,0
6416,0.435,0.216,0.010,0.660,0.857,16644,23067,0,36,33,33,1264944,33984,29,31,0
6417,0.447,0.598,0.008,1.052,0.743,16644,23067,0,36,33,33,1264944,33984,29,31,0
6418,0.426,0.506,0.015,0.946,1.142,16644,23067,0,36,33,33,1264944,33984,29,31,0
6419,0.600,0.285,0.006,0.891,1.129,16644,23067,0,36,33,33,1264944,33984,29,31,0
6420,0.495,0.196,0.007,0.698,0.998,16644,23067,0,36,33,33,1264944,33984,29,31,0
6421,0.441,2.765,0.009,3.214,0.828,16644,23067,0,36,33,33,1264944,33984,29,31,0
6422,0.505,14.334,0.012,14.852,3.338,16644,23067,0,36,33,33,1264944,33984,29,31,0
6423,0.481,7.285,0.012,7.778,14.958,16644,23067,0,36,33,33,1264944,33984,29,31,0
6424,0.446,0.666,0.011,1.123,7.868,16644,23067,0,36,33,33,1264944,33984,29,31,0
6425,0.459,0.254,0.007,0.720,1.203,16644,23067,0,36,33,33,1264944,33984,29,31,0
6426,0.456,0.207,0.005,0.667,0.885,16644,23067,0,36,33,33,1264944,33984,29,31,0
6427,0.439,0.404,0.006,0.849,0.764,16644,23067,0,36,33,33,1264944,33984,29,31,0
6428,0.440,0.277,0.007,0.724,0.976,16644,23067,0,36,33,33,1264944,33984,29,31,0
6429,0.468,0.206,0.018,0.691,0.936,16644,23067,0,36,33,33,1264944,33984,29,31,0
6430,0.437,0.570,0.005,1.013,0.944,16644,23067,0,36,33,33,1264944,33984,29,31,0
6431,0.432,3.247,0.011,3.691,1.118,16644,23067,0,36,33,33,1264944,33984,29,31,0
6432,0.465,14.338,0.011,14.815,3.794,16644,23067,0,36,33,33,1264944,33984,29,31,0
6433,0.467,7.505,0.014,7.986,14.907,16644,23067,0,36,33,33,1264944,33984,29,31,0
6434,0.478,0.785,0.016,1.280,8.091,16644,23067,0,36,33,33,1264944,33984,29,31,0
6435,0.515,0.313,0.009,0.838,1.406,16644,23067,0,36,33,33,1264944,33984,29,31,0
6436,0.469,0.254,0.011,0.733,0.932,16644,23067,0,36,33,33,1264944,33984,29,31,0
6437,0.437,0.503,0.007,0.947,0.820,16644,23067,0,36,33,33,1264944,33984,29,31,0
6438,0.436,0.543,0.021,1.000,1.033,16644,23067,0,36,33,33,1264944,33984,29,31,0
6439,0.512,0.260,0.016,0.788,1.113,16644,23067,0,36,33,33,1264944,33984,29,31,0
6440,0.444,2.793,0.008,3.245,0.888,16644,23067,0,36,33,33,1264944,33984,29,31,0
6441,0.481,14.955,0.012,15.448,3.454,16644,23067,0,36,33,33,1264944,33984,29,31,0
6442,0.467,7.416,0.012,7.894,15.540,16644,23067,0,36,33,33,1264944,33984,29,31,0
6443,0.482,0.622,0.009,1.113,7.994,16644,23067,0,36,33,33,1264944,33984,29,31,0
6444,0.440,0.243,0.020,0.703,1.203,16644,23067,0,36,33,33,1264944,33984,29,31,0
6445,0.472,0.242,0.007,0.722,0.792,16644,23067,0,36,33,33,1264944,33984,29,31,0
6446,0.471,0.344,0.009,0.824,0.869,16644,23067,0,36,33,33,1264944,33984,29,31,0
6447,0.446,0.707,0.009,1.163,0.908,16644,23067,0,36,33,33,1264944,33984,29,31,0
6448,0.487,0.321,0.014,0.822,1.279,16644,23067,0,36,33,33,1264944,33984,29,31,0
6449,0.460,3.008,0.011,3.479,0.911,16644,23067,0,36,33,33,1264944,33984,29,31,0
6450,0.445,15.339,0.010,15.794,3.574,16644,23067,0,36,33,33,1264944,33984,29,31,0
6451,0.471,7.281,0.009,7.761,15.949,16644,23067,0,36,33,33,1264944,33984,29,31,0
6452,0.474,0.621,0.012,1.107,7.863,16644,23067,0,36,33,33,1264944,33984,29,31,0
6453,0.440,0.435,0.010,0.885,1.196,16644,23067,0,36,33,33,1264944,33984,29,31,0
6454,0.467,0.242,0.012,0.721,0.972,16644,23067,0,36,33,33,1264944,33984,29,31,0
6455,0.466,0.439,0.009,0.914,0.804,16644,23067,0,36,33,33,1264944,33984,29,31,0
6456,0.440,0.630,0.032,1.103,0.997,16644,23067,0,36,33,33,1264944,33984,29,31,0
6457,0.558,0.474,0.007,1.039,1.245,16644,23067,0,36,33,33,1264944,33984,29,31,0
6458,0.477,3.525,0.012,4.014,1.214,16644,23067,0,36,33,33,1264944,33984,29,31,0
6459,0.477,14.218,0.012,14.706,4.120,16644,23067,0,36,33,33,1264944,33984,29,31,0
6460,0.505,7.349,0.010,7.864,14.816,16644,23067,0,36,33,33,1264944,33984,29,31,0
6461,0.466,0.688,0.009,1.163,7.968,16644,23067,0,36,33,33,1264944,33984,29,31,0
6462,0.474,0.300,0.009,0.783,1.272,16644,23067,0,36,33,33,1264944,33984,29,31,0
6463,0.476,0.229,0.024,0.730,0.875,16644,23067,0,36,33,33,1264944,33984,29,31,0
6464,0.465,0.582,0.008,1.056,1.017,16644,23067,0,36,33,33,1264944,33984,29,31,0
6465,0.520,0.617,0.012,1.148,1.507,16644,23067,0,36,33,33,1264944,33984,29,31,0
6466,0.451,10.425,0.009,10.885,1.281,16644,23067,0,36,33,33,1264944,33984,29,31,0
6467,0.496,7.733,0.010,8.239,10.992,16644,23067,0,36,33,33,1264944,33984,29,31,0
6468,0.511,7.263,0.020,7.794,8.847,16644,23067,0,36,33,33,1264944,33984,29,31,0
6469,0.545,0.599,0.011,1.155,7.901,16644,23067,0,36,33,33,1264944,33984,29,31,0
6470,0.542,0.362,0.016,0.919,1.268,16644,23067,0,36,33,33,1264944,33984,29,31,0
6471,0.470,0.270,0.006,0.746,1.021,16644,23067,0,36,33,33,1264944,33984,29,31,0
6472,0.431,0.350,0.010,0.791,0.835,16644,23067,0,36,33,33,1264944,33984,29,31,0
6473,0.506,1.933,0.007,2.446,0.910,16644,23067,0,36,33,33,1264944,33984,29,31,0
6474,0.472,1.108,0.012,1.593,2.554,16644,23067,0,36,33,33,1264944,33984,29,31,0
6475,0.517,3.620,0.007,4.144,1.717,16644,23067,0,36,33,33,1264944,33984,29,31,0
6476,0.541,11.595,0.007,12.144,4.258,16644,23067,0,36,33,33,1264944,33984,29,31,0
6477,0.467,7.638,0.008,8.114,12.240,16644,23067,0,36,33,33,1264944,33984,29,31,0
6478,0.489,0.561,0.010,1.060,8.213,16644,23067,0,36,33,33,1264944,33984,29,31,0
6479,0.474,0.289,0.007,0.769,1.145,16644,23067,0,36,33,33,1264944,33984,29,31,0
6480,0.464,0.245,0.011,0.719,0.859,16644,23067,0,36,33,33,1264944,33984,29,31,0
6481,0.441,0.362,0.009,0.813,0.801,16644,23067,0,36,33,33,1264944,33984,29,31,0
6482,0.432,2.105,0.009,2.546,0.899,16644,23067,0,36,33,33,1264944,33984,29,31,0
6483,0.469,1.729,0.009,2.207,2.653,16644,23067,0,36,33,33,1264944,33984,29,31,0
6484,0.507,7.554,0.008,8.069,2.501,16644,23067,0,36,33,33,1264944,33984,29,31,0
6485,0.453,8.257,0.009,8.718,8.164,16644,23067,0,36,33,33,1264944,33984,29,31,0
6486,0.436,7.477,0.020,7.933,8.817,16644,23067,0,36,33,33,1264944,33984,29,31,0
6487,0.463,7.200,0.010,7.673,8.026,16644,23067,0,36,33,33,1264944,33984,29,31,0
6488,0.470,8.154,0.012,8.637,7.764,16644,23067,0,36,33,33,1264944,33984,29,31,0
6489,0.465,7.998,0.013,8.476,8.729,16644,23067,0,36,33,33,1264944,33984,29,31,0
6490,0.471,7.333,0.006,7.810,8.570,16644,23067,0,36,33,33,1264944,33984,29,31,0
6491,0.449,0.887,0.009,1.344,7.900,16644,23067,0,36,33,33,1264944,33984,29,31,0
6492,0.468,0.433,0.015,0.916,1.432,16644,23067,0,36,33,33,1264944,33984,29,31,0
6493,0.437,0.204,0.008,0.649,0.998,16644,23067,0,36,33,33,1264944,33984,29,31,0
6494,0.461,0.601,0.009,1.070,0.747,16644,23067,0,36,33,33,1264944,33984,29,31,0
6495,0.452,0.705,0.008,1.166,1.158,16644,23067,0,36,33,33,1264944,33984,29,31,0
6496,0.445,0.211,0.011,0.666,1.257,16644,23067,0,36,33,33,1264944,33984,29,31,0
6497,0.438,2.443,0.008,2.889,0.746,16644,23067,0,36,33,33,1264944,33984,29,31,0
6498,0.460,15.537,0.011,16.007,2.982,16644,23067,0,36,33,33,1264944,33984,29,31,0
6499,0.452,7.404,0.007,7.863,16.097,16644,23067,0,36,33,33,1264944,33984,29,31,0
6500,0.483,0.738,0.004,1.225,7.959,16644,23067,0,36,33,33,1264944,33984,29,31,0
6501,0.438,0.241,0.007,0.685,1.316,16644,23067,0,36,33,33,1264944,33984,29,31,0
6502,0.445,0.203,0.008,0.656,0.766,16644,23067,0,36,33,33,1264944,33984,29,31,0
6503,0.449,0.504,0.008,0.961,0.876,16644,23067,0,36,33,33,1264944,33984,29,31,0
6504,0.467,0.875,0.007,1.349,1.041,16644,23067,0,36,33,33,1264944,33984,29,31,0
6505,0.450,10.900,0.007,11.357,1.439,16644,23067,0,36,33,33,1264944,33984,29,31,0
6506,0.476,8.215,0.010,8.701,11.463,16644,23067,0,36,33,33,1264944,33984,29,31,0
6507,0.473,7.155,0.010,7.639,8.798,16644,23067,0,36,33,33,1264944,33984,29,31,0
6508,0.473,0.844,0.007,1.324,7.756,16644,23067,0,36,33,33,1264944,33984,29,31,0
6509,0.447,0.219,0.009,0.675,1.426,16644,23067,0,36,33,33,1264944,33984,29,31,0
6510,0.494,0.655,0.022,1.170,0.955,16644,23067,0,36,33,33,1264944,33984,29,31,0
6511,0.467,0.559,0.008,1.034,1.544,16644,23067,0,36,33,33,1264944,33984,29,31,0
6512,0.488,0.236,0.009,0.734,1.363,16644,23067,0,36,33,33,1264944,33984,29,31,0
6513,0.473,9.909,0.011,10.393,1.076,16644,23067,0,36,33,33,1264944,33984,29,31,0
6514,0.488,7.741,0.011,8.240,10.496,16644,23067,0,36,33,33,1264944,33984,29,31,0
6515,0.500,7.392,0.007,7.900,8.340,16644,23067,0,36,33,33,1264944,33984,29,31,0
6516,0.487,0.639,0.009,1.135,8.001,16644,23067,0,36,33,33,1264944,33984,29,31,0
6517,0.452,0.471,0.009,0.932,1.222,16644,23067,0,36,33,33,1264944,33984,29,31,0
6518,0.477,0.292,0.013,0.782,1.034,16644,23067,0,36,33,33,1264944,33984,29,31,0
6519,0.447,0.706,0.008,1.162,0.874,16644,23067,0,36,33,33,1264944,33984,29,31,0
6520,0.460,2.952,0.008,3.419,1.253,16644,23067,0,36,33,33,1264944,33984,29,31,0
6521,0.458,17.059,0.011,17.529,3.520,16644,23067,0,36,33,33,1264944,33984,29,31,0
6522,0.540,6.958,0.012,7.509,17.875,16644,23067,0,36,33,33,1264944,33984,29,31,0
6523,0.490,0.605,0.010,1.105,7.606,16644,23067,0,36,33,33,1264944,33984,29,31,0
6524,0.464,0.280,0.009,0.753,1.196,16644,23067,0,36,33,33,1264944,33984,29,31,0
6525,0.465,0.226,0.007,0.698,0.844,16644,23067,0,36,33,33,1264944,33984,29,31,0
6526,0.449,0.655,0.008,1.112,0.780,16644,23067,0,36,33,33,1264944,33984,29,31,0
6527,0.495,1.058,0.009,1.562,1.463,16644,23067,0,36,33,33,1264944,33984,29,31,0
6528,0.484,10.156,0.009,10.648,1.878,16644,23067,0,36,33,33,1264944,33984,29,31,0
6529,0.485,7.364,0.009,7.859,10.922,16644,23067,0,36,33,33,1264944,33984,29,31,0
6530,0.508,7.611,0.014,8.133,7.990,16644,23067,0,36,33,33,1264944,33984,29,31,0
6531,0.510,0.616,0.007,1.134,8.233,16644,23067,0,36,33,33,1264944,33984,29,31,0
6532,0.453,0.264,0.010,0.726,1.226,16644,23067,0,36,33,33,1264944,33984,29,31,0
6533,0.453,0.233,0.007,0.693,0.816,16644,23067,0,36,33,33,1264944,33984,29,31,0
6534,0.455,0.475,0.006,0.936,0.780,16644,23067,0,36,33,33,1264944,33984,29,31,0
6535,0.443,0.260,0.007,0.709,1.022,16644,23067,0,36,33,33,1264944,33984,29,31,0
6536,0.459,0.345,0.006,0.810,0.800,16644,23067,0,36,33,33,1264944,33984,29,31,0
6537,0.475,0.477,0.009,0.961,1.241,16644,23067,0,36,33,33,1264944,33984,29,31,0
6538,0.461,0.223,0.008,0.692,1.224,16644,23067,0,36,33,33,1264944,33984,29,31,0
6539,0.454,2.462,0.007,2.923,0.992,16644,23067,0,36,33,33,1264944,33984,29,31,0
6540,0.485,13.196,0.009,13.690,3.323,16644,23067,0,36,33,33,1264944,33984,29,31,0
6541,0.510,7.402,0.009,7.922,13.790,16644,23067,0,36,33,33,1264944,33984,29,31,0
6542,0.477,0.732,0.007,1.217,8.021,16644,23067,0,36,33,33,1264944,33984,29,31,0
6543,0.435,0.352,0.010,0.798,1.308,16644,23067,0,36,33,33,1264944,33984,29,31,0
6544,0.454,0.357,0.007,0.818,0.889,16644,23067,0,36,33,33,1264944,33984,29,31,0
6545,0.466,0.683,0.007,1.156,0.913,16644,23067,0,36,33,33,1264944,33984,29,31,0
6546,0.471,0.289,0.006,0.766,1.547,16644,23067,0,36,33,33,1264944,33984,29,31,0
6547,0.479,0.249,0.005,0.733,1.067,16644,23067,0,36,33,33,1264944,33984,29,31,0
6548,0.437,3.102,0.008,3.547,0.817,16644,23067,0,36,33,33,1264944,33984,29,31,0
6549,0.436,14.773,0.010,15.219,3.636,16644,23067,0,36,33,33,1264944,33984,29,31,0
6550,0.516,7.189,0.009,7.714,15.483,16644,23067,0,36,33,33,1264944,33984,29,31,0
6551,0.570,0.433,0.011,1.014,8.070,16644,23067,0,36,33,33,1264944,33984,29,31,0
6552,0.452,0.416,0.009,0.876,1.101,16644,23067,0,36,33,33,1264944,33984,29,31,0
6553,0.457,0.215,0.006,0.678,1.015,16644,23067,0,36,33,33,1264944,33984,29,31,0
6554,0.458,0.732,0.007,1.197,0.762,16644,23067,0,36,33,33,1264944,33984,29,31,0
6555,0.454,0.531,0.017,1.003,1.290,16644,23067,0,36,33,33,1264944,33984,29,31,0
6556,0.456,10.744,0.009,11.208,1.095,16644,23067,0,36,33,33,1264944,33984,29,31,0
6557,0.523,7.562,0.010,8.095,11.519,16644,23067,0,36,33,33,1264944,33984,29,31,0
6558,0.463,7.380,0.010,7.852,8.307,16644,23067,0,36,33,33,1264944,33984,29,31,0
6559,0.471,0.545,0.009,1.025,8.145,16644,23067,0,36,33,33,1264944,33984,29,31,0
6560,0.523,0.252,0.007,0.782,1.427,16644,23067,0,36,33,33,1264944,33984,29,31,0
6561,0.464,0.392,0.020,0.876,1.276,16644,23067,0,36,33,33,1264944,33984,29,31,0
6562,0.507,0.332,0.008,0.847,1.255,16644,23067,0,36,33,33,1264944,33984,29,31,0
6563,0.499,1.305,0.007,1.811,2.142,16644,23067,0,36,33,33,1264944,33984,29,31,0
6564,0.504,16.935,0.015,17.454,2.253,16644,23067,0,36,33,33,1264944,33984,29,31,0
6565,0.735,5.225,0.037,5.998,19.194,16644,23067,0,36,33,33,1264944,33984,29,31,0
6566,0.711,0.354,0.014,1.079,7.433,16644,23067,0,36,33,33,1264944,33984,29,31,0
6567,0.518,0.304,0.009,0.831,1.637,16644,23067,0,36,33,33,1264944,33984,29,31,0
6568,0.467,11.717,0.015,12.199,1.116,16644,23067,0,36,33,33,1264944,33984,29,31,0
6569,0.543,7.359,0.011,7.913,12.589,16644,23067,0,36,33,33,1264944,33984,29,31,0
6570,0.483,7.512,0.012,8.007,8.022,16644,23067,0,36,33,33,1264944,33984,29,31,0
6571,0.488,0.895,0.008,1.390,8.135,16644,23067,0,36,33,33,1264944,33984,29,31,0
6572,0.479,0.439,0.010,0.928,1.512,16644,23067,0,36,33,33,1264944,33984,29,31,0
6573,0.477,0.289,0.007,0.773,1.047,16644,23067,0,36,33,33,1264944,33984,29,31,0
6574,0.469,1.063,0.009,1.540,0.905,16644,23067,0,36,33,33,1264944,33984,29,31,0
6575,0.549,0.629,0.018,1.196,1.725,16644,23067,0,36,33,33,1264944,33984,29,31,0
6576,0.486,3.234,0.009,3.730,1.325,16644,23067,0,36,33,33,1264944,33984,29,31,0
6577,0.463,14.249,0.012,14.723,3.871,16644,23067,0,36,33,33,1264944,33984,29,31,0
6578,0.515,7.353,0.008,7.876,14.827,16644,23067,0,36,33,33,1264944,33984,29,31,0
6579,0.476,0.785,0.008,1.269,7.979,16644,23067,0,36,33,33,1264944,33984,29,31,0
6580,0.499,0.347,0.009,0.855,1.365,16644,23067,0,36,33,33,1264944,33984,29,31,0
6581,0.438,0.228,0.006,0.672,0.941,16644,23067,0,36,33,33,1264944,33984,29,31,0
6582,0.440,0.513,0.020,0.973,0.755,16644,23067,0,36,33,33,1264944,33984,29,31,0
6583,0.485,0.247,0.007,0.739,1.062,16644,23067,0,36,33,33,1264944,33984,29,31,0
6584,0.453,0.198,0.009,0.660,0.838,16644,23067,0,36,33,33,1264944,33984,29,31,0
6585,0.442,3.286,0.007,3.735,0.759,16644,23067,0,36,33,33,1264944,33984,29,31,0
6586,0.472,15.309,0.012,15.794,3.838,16644,23067,0,36,33,33,1264944,33984,29,31,0
6587,0.494,7.248,0.008,7.751,15.893,16644,23067,0,36,33,33,1264944,33984,29,31,0
6588,0.508,0.591,0.009,1.108,7.856,16644,23067,0,36,33,33,1264944,33984,29,31,0
6589,0.452,0.298,0.009,0.759,1.198,16644,23067,0,36,33,33,1264944,33984,29,31,0
6590,0.437,0.212,0.009,0.658,0.845,16644,23067,0,36,33,33,1264944,33984,29,31,0
6591,0.440,0.708,0.006,1.154,0.741,16644,23067,0,36,33,33,1264944,33984,29,31,0
6592,0.445,0.557,0.012,1.014,1.250,16644,23067,0,36,33,33,1264944,33984,29,31,0
6593,0.459,0.257,0.008,0.723,1.101,16644,23067,0,36,33,33,1264944,33984,29,31,0
6594,0.446,1.897,0.010,2.353,0.810,16644,23067,0,36,33,33,1264944,33984,29,31,0
6595,0.447,2.822,0.009,3.278,2.451,16644,23067,0,36,33,33,1264944,33984,29,31,0
6596,0.454,12.931,0.011,13.397,3.377,16644,23067,0,36,33,33,1264944,33984,29,31,0
6597,0.475,7.436,0.010,7.921,13.493,16644,23067,0,36,33,33,1264944,33984,29,31,0
6598,0.465,0.629,0.007,1.100,8.022,16644,23067,0,36,33,33,1264944,33984,29,31,0
6599,0.461,0.278,0.010,0.748,1.199,16644,23067,0,36,33,33,1264944,33984,29,31,0
6600,0.450,0.272,0.009,0.731,0.838,16644,23067,0,36,33,33,1264944,33984,29,31,0
6601,0.448,0.687,0.007,1.141,0.823,16644,23067,0,36,33,33,1264944,33984,29,31,0
6602,0.453,0.507,0.014,0.973,1.226,16644,23067,0,36,33,33,1264944,33984,29,31,0
6603,0.547,0.323,0.007,0.877,1.085,16644,23067,0,36,33,33,1264944,33984,29,31,0
6604,0.450,2.842,0.007,3.299,0.965,16644,23067,0,36,33,33,1264944,33984,29,31,0
6605,0.447,15.428,0.014,15.889,3.390,16644,23067,0,36,33,33,1264944,33984,29,31,0
6606,0.570,7.203,0.011,7.784,16.004,16644,23067,0,36,33,33,1264944,33984,29,31,0
6607,0.552,0.558,0.008,1.119,7.881,16644,23067,0,36,33,33,1264944,33984,29,31,0
6608,0.477,0.261,0.012,0.749,1.216,16644,23067,0,36,33,33,1264944,33984,29,31,0
6609,0.445,0.225,0.007,0.677,0.831,16644,23067,0,36,33,33,1264944,33984,29,31,0
6610,0.462,0.547,0.008,1.018,0.767,16644,23067,0,36,33,33,1264944,33984,29,31,0
6611,0.448,0.732,0.006,1.186,1.108,16644,23067,0,36,33,33,1264944,33984,29,31,0
6612,0.457,0.625,0.007,1.089,1.280,16644,23067,0,36,33,33,1264944,33984,29,31,0
6613,0.458,1.429,0.009,1.896,1.193,16644,23067,0,36,33,33,1264944,33984,29,31,0
6614,0.431,2.928,0.009,3.369,1.986,16644,23067,0,36,33,33,1264944,33984,29,31,0
6615,0.457,12.807,0.009,13.272,3.464,16644,23067,0,36,33,33,1264944,33984,29,31,0
6616,0.499,7.615,0.009,8.122,13.374,16644,23067,0,36,33,33,1264944,33984,29,31,0
6617,0.468,0.630,0.005,1.103,8.229,16644,23067,0,36,33,33,1264944,33984,29,31,0
6618,0.444,0.240,0.008,0.692,1.193,16644,23067,0,36,33,33,1264944,33984,29,31,0
6619,0.449,0.242,0.007,0.699,0.773,16644,23067,0,36,33,33,1264944,33984,29,31,0
6620,0.452,0.796,0.014,1.262,0.787,16644,23067,0,36,33,33,1264944,33984,29,31,0
6621,0.446,0.724,0.010,1.180,1.356,16644,23067,0,36,33,33,1264944,33984,29,31,0
6622,0.433,11.005,0.012,11.450,1.267,16644,23067,0,36,33,33,1264944,33984,29,31,0
6623,0.511,7.635,0.011,8.158,11.557,16644,23067,0,36,33,33,1264944,33984,29,31,0
6624,0.490,7.415,0.009,7.914,8.255,16644,23067,0,36,33,33,1264944,33984,29,31,0
6625,0.475,0.664,0.006,1.145,8.019,16644,23067,0,36,33,33,1264944,33984,29,31,0
6626,0.463,0.432,0.008,0.902,1.238,16644,23067,0,36,33,33,1264944,33984,29,31,0
6627,0.467,0.219,0.027,0.714,0.995,16644,23067,0,36,33,33,1264944,33984,29,31,0
6628,0.433,0.537,0.009,0.979,0.795,16644,23067,0,36,33,33,1264944,33984,29,31,0
6629,0.455,1.717,0.007,2.179,1.065,16644,23067,0,36,33,33,1264944,33984,29,31,0
6630,0.458,1.652,0.008,2.119,2.277,16644,23067,0,36,33,33,1264944,33984,29,31,0
6631,0.451,3.068,0.010,3.528,2.211,16644,23067,0,36,33,33,1264944,33984,29,31,0
6632,0.476,12.466,0.010,12.951,3.624,16644,23067,0,36,33,33,1264944,33984,29,31,0
6633,0.476,7.462,0.009,7.946,13.053,16644,23067,0,36,33,33,1264944,33984,29,31,0
6634,0.460,0.658,0.008,1.126,8.044,16644,23067,0,36,33,33,1264944,33984,29,31,0
6635,0.453,0.248,0.006,0.707,1.215,16644,23067,0,36,33,33,1264944,33984,29,31,0
6636,0.435,0.204,0.010,0.649,0.794,16644,23067,0,36,33,33,1264944,33984,29,31,0
6637,0.436,0.640,0.010,1.086,0.745,16644,23067,0,36,33,33,1264944,33984,29,31,0
6638,0.461,1.883,0.008,2.352,1.182,16644,23067,0,36,33,33,1264944,33984,29,31,0
6639,0.489,1.516,0.009,2.013,2.454,16644,23067,0,36,33,33,1264944,33984,29,31,0
6640,0.466,2.796,0.009,3.270,2.114,16644,23067,0,36,33,33,1264944,33984,29,31,0
6641,0.458,12.864,0.010,13.333,3.365,16644,23067,0,36,33,33,1264944,33984,29,31,0
6642,0.487,7.561,0.012,8.059,13.438,16644,23067,0,36,33,33,1264944,33984,29,31,0
6643,0.497,0.666,0.011,1.174,8.170,16644,23067,0,36,33,33,1264944,33984,29,31,0
6644,0.463,0.327,0.011,0.801,1.262,16644,23067,0,36,33,33,1264944,33984,29,31,0
6645,0.465,0.200,0.007,0.672,0.891,16644,23067,0,36,33,33,1264944,33984,29,31,0
6646,0.433,0.636,0.008,1.077,0.755,16644,23067,0,36,33,33,1264944,33984,29,31,0
6647,0.469,1.463,0.008,1.939,1.171,16644,23067,0,36,33,33,1264944,33984,29,31,0
6648,0.443,1.652,0.008,2.103,2.028,16644,23067,0,36,33,33,1264944,33984,29,31,0
6649,0.450,2.828,0.008,3.286,2.199,16644,23067,0,36,33,33,1264944,33984,29,31,0
6650,0.460,12.880,0.008,13.348,3.385,16644,23067,0,36,33,33,1264944,33984,29,31,0
6651,0.458,7.649,0.008,8.115,13.442,16644,23067,0,36,33,33,1264944,33984,29,31,0
6652,0.475,0.673,0.009,1.157,8.232,16644,23067,0,36,33,33,1264944,33984,29,31,0
6653,0.455,0.421,0.007,0.883,1.246,16644,23067,0,36,33,33,1264944,33984,29,31,0
6654,0.460,0.215,0.005,0.681,0.973,16644,23067,0,36,33,33,1264944,33984,29,31,0
6655,0.440,0.663,0.008,1.111,0.765,16644,23067,0,36,33,33,1264944,33984,29,31,0
6656,0.450,0.802,0.007,1.260,1.199,16644,23067,0,36,33,33,1264944,33984,29,31,0
6657,0.452,10.620,0.009,11.080,1.350,16644,23067,0,36,33,33,1264944,33984,29,31,0
6658,0.471,7.647,0.009,8.127,11.193,16644,23067,0,36,33,33,1264944,33984,29,31,0
6659,0.457,7.692,0.009,8.158,8.228,16644,23067,0,36,33,33,1264944,33984,29,31,0
6660,0.463,0.648,0.011,1.122,8.254,16644,23067,0,36,33,33,1264944,33984,29,31,0
6661,0.462,0.278,0.008,0.748,1.212,16644,23067,0,36,33,33,1264944,33984,29,31,0
6662,0.435,0.201,0.009,0.645,0.833,16644,23067,0,36,33,33,1264944,33984,29,31,0
6663,0.436,0.652,0.009,1.097,0.723,16644,23067,0,36,33,33,1264944,33984,29,31,0
6664,0.456,1.957,0.007,2.420,1.193,16644,23067,0,36,33,33,1264944,33984,29,31,0
6665,0.454,1.364,0.008,1.826,2.513,16644,23067,0,36,33,33,1264944,33984,29,31,0
6666,0.445,2.728,0.008,3.180,1.925,16644,23067,0,36,33,33,1264944,33984,29,31,0
6667,0.447,12.958,0.009,13.415,3.272,16644,23067,0,36,33,33,1264944,33984,29,31,0
6668,0.456,7.646,0.007,8.109,13.515,16644,23067,0,36,33,33,1264944,33984,29,31,0
6669,0.459,0.763,0.008,1.230,8.211,16644,23067,0,36,33,33,1264944,33984,29,31,0
6670,0.447,0.235,0.007,0.689,1.321,16644,23067,0,36,33,33,1264944,33984,29,31,0
6671,0.431,0.200,0.008,0.640,0.774,16644,23067,0,36,33,33,1264944,33984,29,31,0
6672,0.433,0.699,0.007,1.139,0.721,16644,23067,0,36,33,33,1264944,33984,29,31,0
6673,0.470,1.598,0.006,2.074,1.230,16644,23067,0,36,33,33,1264944,33984,29,31,0
6674,0.441,1.671,0.009,2.121,2.165,16644,23067,0,36,33,33,1264944,33984,29,31,0
6675,0.445,2.884,0.010,3.339,2.216,16644,23067,0,36,33,33,1264944,33984,29,31,0
6676,0.447,12.715,0.011,13.174,3.433,16644,23067,0,36,33,33,1264944,33984,29,31,0
6677,0.466,7.517,0.009,7.992,13.270,16644,23067,0,36,33,33,1264944,33984,29,31,0
6678,0.461,0.700,0.009,1.169,8.097,16644,23067,0,36,33,33,1264944,33984,29,31,0
6679,0.452,0.270,0.007,0.729,1.261,16644,23067,0,36,33,33,1264944,33984,29,31,0
6680,0.458,0.216,0.009,0.683,0.815,16644,23067,0,36,33,33,1264944,33984,29,31,0
6681,0.454,0.586,0.007,1.048,0.775,16644,23067,0,36,33,33,1264944,33984,29,31,0
6682,0.451,1.392,0.006,1.848,1.137,16644,23067,0,36,33,33,1264944,33984,29,31,0
6683,0.441,1.896,0.016,2.353,1.942,16644,23067,0,36,33,33,1264944,33984,29,31,0
6684,0.444,2.660,0.007,3.111,2.449,16644,23067,0,36,33,33,1264944,33984,29,31,0
6685,0.440,13.130,0.010,13.579,3.203,16644,23067,0,36,33,33,1264944,33984,29,31,0
6686,0.511,7.420,0.010,7.941,13.684,16644,23067,0,36,33,33,1264944,33984,29,31,0
6687,0.481,0.598,0.011,1.090,8.045,16644,23067,0,36,33,33,1264944,33984,29,31,0
6688,0.463,0.260,0.010,0.733,1.177,16644,23067,0,36,33,33,1264944,33984,29,31,0
6689,0.432,0.206,0.020,0.659,0.819,16644,23067,0,36,33,33,1264944,33984,29,31,0
6690,0.456,0.653,0.008,1.117,0.747,16644,23067,0,36,33,33,1264944,33984,29,31,0
6691,0.488,0.789,0.005,1.283,1.211,16644,23067,0,36,33,33,1264944,33984,29,31,0
6692,0.457,0.573,0.007,1.037,1.373,16644,23067,0,36,33,33,1264944,33984,29,31,0
6693,0.443,1.441,0.006,1.890,1.127,16644,23067,0,36,33,33,1264944,33984,29,31,0
6694,0.442,3.075,0.011,3.528,1.988,16644,23067,0,36,33,33,1264944,33984,29,31,0
6695,0.488,12.806,0.014,13.307,3.632,16644,23067,0,36,33,33,1264944,33984,29,31,0
6696,0.579,7.424,0.012,8.015,13.431,16644,23067,0,36,33,33,1264944,33984,29,31,0
6697,0.588,0.494,0.011,1.093,8.346,16644,23067,0,36,33,33,1264944,33984,29,31,0
6698,0.555,0.333,0.008,0.896,1.485,16644,23067,0,36,33,33,1264944,33984,29,31,0
6699,0.525,0.320,0.010,0.854,1.224,16644,23067,0,36,33,33,1264944,33984,29,31,0
6700,0.461,3.601,0.010,4.072,1.258,16644,23067,0,36,33,33,1264944,33984,29,31,0
6701,0.514,16.298,0.013,16.825,4.263,16644,23067,0,36,33,33,1264944,33984,29,31,0
6702,0.498,7.220,0.013,7.730,16.933,16644,23067,0,36,33,33,1264944,33984,29,31,0
6703,0.507,0.600,0.010,1.117,7.838,16644,23067,0,36,33,33,1264944,33984,29,31,0
6704,0.456,0.411,0.012,0.879,1.207,16644,23067,0,36,33,33,1264944,33984,29,31,0
6705,0.470,0.265,0.008,0.743,0.970,16644,23067,0,36,33,33,1264944,33984,29,31,0
6706,0.543,0.671,0.009,1.223,1.048,16644,23067,0,36,33,33,1264944,33984,29,31,0
6707,0.479,2.455,0.006,2.940,1.384,16644,23067,0,36,33,33,1264944,33984,29,31,0
6708,0.456,17.029,0.010,17.496,3.032,16644,23067,0,36,33,33,1264944,33984,29,31,0
6709,0.489,7.908,0.016,8.413,17.598,16644,23067,0,36,33,33,1264944,33984,29,31,0
6710,0.575,0.353,0.012,0.940,8.711,16644,23067,0,36,33,33,1264944,33984,29,31,0
6711,0.508,0.603,0.009,1.119,1.269,16644,23067,0,36,33,33,1264944,33984,29,31,0
6712,0.503,0.314,0.009,0.825,1.422,16644,23067,0,36,33,33,1264944,33984,29,31,0
6713,0.575,0.342,0.013,0.930,1.194,16644,23067,0,36,33,33,1264944,33984,29,31,0
6714,0.603,3.404,0.018,4.024,1.147,16644,23067,0,36,33,33,1264944,33984,29,31,0
6715,0.548,14.683,0.015,15.246,4.411,16644,23067,0,36,33,33,1264944,33984,29,31,0
6716,0.548,7.412,0.013,7.973,15.361,16644,23067,0,36,33,33,1264944,33984,29,31,0
6717,0.592,0.280,0.013,0.884,8.334,16644,23067,0,36,33,33,1264944,33984,29,31,0
6718,0.603,0.443,0.011,1.056,1.291,16644,23067,0,36,33,33,1264944,33984,29,31,0
6719,0.565,0.325,0.009,0.899,1.480,16644,23067,0,36,33,33,1264944,33984,29,31,0
6720,0.492,3.478,0.011,3.981,1.317,16644,23067,0,36,33,33,1264944,33984,29,31,0
6721,0.569,15.912,0.015,16.496,4.429,16644,23067,0,36,33,33,1264944,33984,29,31,0
6722,0.604,7.159,0.014,7.777,16.787,16644,23067,0,36,33,33,1264944,33984,29,31,0
6723,0.715,0.340,0.008,1.063,8.151,16644,23067,0,36,33,33,1264944,33984,29,31,0
6724,0.604,0.467,0.008,1.079,1.565,16644,23067,0,36,33,33,1264944,33984,29,31,0
6725,1.009,0.336,0.012,1.357,1.618,16644,23067,0,36,33,33,1264944,33984,29,31,0
6726,0.501,2.535,0.019,3.055,1.759,16644,23067,0,36,33,33,1264944,33984,29,31,0
6727,0.485,15.958,0.011,16.453,3.469,16644,23067,0,36,33,33,1264944,33984,29,31,0
6728,0.596,6.882,0.009,7.487,16.960,16644,23067,0,36,33,33,1264944,33984,29,31,0
6729,0.579,7.308,0.008,7.896,7.833,16644,23067,0,36,33,33,1264944,33984,29,31,0
6730,0.472,7.566,0.011,8.050,8.000,16644,23067,0,36,33,33,1264944,33984,29,31,0
6731,0.470,7.873,0.009,8.353,8.144,16644,23067,0,36,33,33,1264944,33984,29,31,0
6732,0.450,7.603,0.007,8.061,8.450,16644,23067,0,36,33,33,1264944,33984,29,31,0
6733,0.450,0.744,0.006,1.200,8.160,16644,23067,0,36,33,33,1264944,33984,29,31,0
6734,0.437,0.404,0.009,0.851,1.290,16644,23067,0,36,33,33,1264944,33984,29,31,0
6735,0.450,0.384,0.008,0.842,0.938,16644,23067,0,36,33,33,1264944,33984,29,31,0
6736,0.466,0.656,0.006,1.128,0.935,16644,23067,0,36,33,33,1264944,33984,29,31,0
6737,0.454,0.254,0.010,0.718,1.226,16644,23067,0,36,33,33,1264944,33984,29,31,0
6738,0.445,0.396,0.007,0.848,0.799,16644,23067,0,36,33,33,1264944,33984,29,31,0
6739,0.444,3.651,0.008,4.103,0.936,16644,23067,0,36,33,33,1264944,33984,29,31,0
6740,0.441,14.333,0.008,14.782,4.195,16644,23067,0,36,33,33,1264944,33984,29,31,0
6741,0.461,7.621,0.023,8.104,14.880,16644,23067,0,36,33,33,1264944,33984,29,31,0
6742,0.451,0.696,0.008,1.155,8.198,16644,23067,0,36,33,33,1264944,33984,29,31,0
6743,0.452,0.370,0.007,0.829,1.254,16644,23067,0,36,33,33,1264944,33984,29,31,0
6744,0.445,0.277,0.008,0.729,0.918,16644,23067,0,36,33,33,1264944,33984,29,31,0
6745,0.453,0.906,0.009,1.368,0.818,16644,23067,0,36,33,33,1264944,33984,29,31,0
6746,0.477,0.546,0.008,1.031,1.721,16644,23067,0,36,33,33,1264944,33984,29,31,0
6747,0.523,1.977,0.010,2.510,1.157,16644,23067,0,36,33,33,1264944,33984,29,31,0
6748,0.463,2.953,0.007,3.422,2.604,16644,23067,0,36,33,33,1264944,33984,29,31,0
6749,0.456,12.602,0.007,13.065,3.520,16644,23067,0,36,33,33,1264944,33984,29,31,0
6750,0.453,7.558,0.008,8.020,13.160,16644,23067,0,36,33,33,1264944,33984,29,31,0
6751,0.454,0.695,0.007,1.156,8.119,16644,23067,0,36,33,33,1264944,33984,29,31,0
6752,0.447,0.297,0.007,0.751,1.240,16644,23067,0,36,33,33,1264944,33984,29,31,0
6753,0.447,0.221,0.009,0.676,0.840,16644,23067,0,36,33,33,1264944,33984,29,31,0
6754,0.447,0.680,0.008,1.135,0.760,16644,23067,0,36,33,33,1264944,33984,29,31,0
6755,0.451,1.769,0.009,2.230,1.221,16644,23067,0,36,33,33,1264944,33984,29,31,0
6756,0.441,1.579,0.008,2.027,2.324,16644,23067,0,36,33,33,1264944,33984,29,31,0
6757,0.440,2.753,0.008,3.201,2.124,16644,23067,0,36,33,33,1264944,33984,29,31,0
6758,0.427,12.775,0.008,13.210,3.289,16644,23067,0,36,33,33,1264944,33984,29,31,0
6759,0.455,7.585,0.008,8.048,13.302,16644,23067,0,36,33,33,1264944,33984,29,31,0
6760,0.450,0.698,0.007,1.155,8.150,16644,23067,0,36,33,33,1264944,33984,29,31,0
6761,0.445,0.239,0.007,0.691,1.248,16644,23067,0,36,33,33,1264944,33984,29,31,0
6762,0.427,0.216,0.011,0.654,0.775,16644,23067,0,36,33,33,1264944,33984,29,31,0
6763,0.432,0.486,0.008,0.927,0.738,16644,23067,0,36,33,33,1264944,33984,29,31,0
6764,0.444,0.231,0.006,0.681,1.013,16644,23067,0,36,33,33,1264944,33984,29,31,0
6765,0.451,0.241,0.007,0.699,0.769,16644,23067,0,36,33,33,1264944,33984,29,31,0
6766,0.442,0.664,0.007,1.112,0.788,16644,23067,0,36,33,33,1264944,33984,29,31,0
6767,0.447,3.093,0.008,3.548,1.204,16644,23067,0,36,33,33,1264944,33984,29,31,0
6768,0.445,14.587,0.010,15.042,3.641,16644,23067,0,36,33,33,1264944,33984,29,31,0
6769,0.454,7.732,0.008,8.194,15.137,16644,23067,0,36,33,33,1264944,33984,29,31,0
6770,0.450,0.685,0.007,1.142,8.292,16644,23067,0,36,33,33,1264944,33984,29,31,0
6771,0.444,0.245,0.007,0.697,1.233,16644,23067,0,36,33,33,1264944,33984,29,31,0
6772,0.434,0.206,0.009,0.649,0.781,16644,23067,0,36,33,33,1264944,33984,29,31,0
6773,0.430,0.571,0.007,1.008,0.737,16644,23067,0,36,33,33,1264944,33984,29,31,0
6774,0.421,0.591,0.007,1.018,1.093,16644,23067,0,36,33,33,1264944,33984,29,31,0
6775,0.455,0.226,0.007,0.688,1.118,16644,23067,0,36,33,33,1264944,33984,29,31,0
6776,0.443,1.830,0.024,2.298,0.773,16644,23067,0,36,33,33,1264944,33984,29,31,0
6777,0.429,2.561,0.007,2.996,2.391,16644,23067,0,36,33,33,1264944,33984,29,31,0
6778,0.449,13.478,0.010,13.937,3.116,16644,23067,0,36,33,33,1264944,33984,29,31,0
6779,0.452,7.982,0.009,8.442,14.033,16644,23067,0,36,33,33,1264944,33984,29,31,0
6780,0.467,0.436,0.007,0.910,8.789,16644,23067,0,36,33,33,1264944,33984,29,31,0
6781,0.470,0.227,0.010,0.706,1.300,16644,23067,0,36,33,33,1264944,33984,29,31,0
6782,0.483,0.479,0.015,0.978,1.072,16644,23067,0,36,33,33,1264944,33984,29,31,0
6783,0.556,2.441,0.011,3.009,1.083,16644,23067,0,36,33,33,1264944,33984,29,31,0
6784,0.475,17.576,0.013,18.063,3.106,16644,23067,0,36,33,33,1264944,33984,29,31,0
6785,0.486,7.380,0.010,7.877,18.162,16644,23067,0,36,33,33,1264944,33984,29,31,0
6786,0.469,0.551,0.021,1.042,7.993,16644,23067,0,36,33,33,1264944,33984,29,31,0
6787,0.459,0.267,0.010,0.736,1.142,16644,23067,0,36,33,33,1264944,33984,29,31,0
6788,0.473,0.214,0.007,0.694,0.843,16644,23067,0,36,33,33,1264944,33984,29,31,0
6789,0.433,0.408,0.007,0.849,0.779,16644,23067,0,36,33,33,1264944,33984,29,31,0
6790,0.440,0.933,0.007,1.380,0.935,16644,23067,0,36,33,33,1264944,33984,29,31,0
6791,0.456,0.272,0.008,0.736,1.471,16644,23067,0,36,33,33,1264944,33984,29,31,0
6792,0.468,1.433,0.008,1.909,0.830,16644,23067,0,36,33,33,1264944,33984,29,31,0
6793,0.443,2.612,0.006,3.060,2.013,16644,23067,0,36,33,33,1264944,33984,29,31,0
6794,0.424,13.897,0.007,14.329,3.170,16644,23067,0,36,33,33,1264944,33984,29,31,0
6795,0.456,7.249,0.008,7.713,14.424,16644,23067,0,36,33,33,1264944,33984,29,31,0
6796,0.447,1.239,0.007,1.693,7.820,16644,23067,0,36,33,33,1264944,33984,29,31,0
6797,0.459,0.417,0.010,0.886,1.795,16644,23067,0,36,33,33,1264944,33984,29,31,0
6798,0.465,0.223,0.011,0.698,0.974,16644,23067,0,36,33,33,1264944,33984,29,31,0
6799,0.433,0.631,0.014,1.078,0.783,16644,23067,0,36,33,33,1264944,33984,29,31,0
6800,0.502,0.681,0.009,1.193,1.175,16644,23067,0,36,33,33,1264944,33984,29,31,0
6801,0.465,10.054,0.007,10.526,1.300,16644,23067,0,36,33,33,1264944,33984,29,31,0
6802,0.454,8.409,0.008,8.872,10.624,16644,23067,0,36,33,33,1264944,33984,29,31,0
6803,0.463,7.151,0.014,7.627,8.969,16644,23067,0,36,33,33,1264944,33984,29,31,0
6804,0.455,0.863,0.008,1.327,7.734,16644,23067,0,36,33,33,1264944,33984,29,31,0
6805,0.447,0.267,0.009,0.723,1.424,16644,23067,0,36,33,33,1264944,33984,29,31,0
6806,0.438,0.233,0.021,0.692,0.829,16644,23067,0,36,33,33,1264944,33984,29,31,0
6807,0.454,0.555,0.006,1.015,0.781,16644,23067,0,36,33,33,1264944,33984,29,31,0
6808,0.467,1.798,0.007,2.273,1.108,16644,23067,0,36,33,33,1264944,33984,29,31,0
6809,0.456,1.323,0.010,1.789,2.385,16644,23067,0,36,33,33,1264944,33984,29,31,0
6810,0.424,2.898,0.009,3.331,1.886,16644,23067,0,36,33,33,1264944,33984,29,31,0
6811,0.423,12.686,0.008,13.117,3.423,16644,23067,0,36,33,33,1264944,33984,29,31,0
6812,0.462,7.391,0.007,7.860,13.217,16644,23067,0,36,33,33,1264944,33984,29,31,0
6813,0.447,0.954,0.008,1.409,7.961,16644,23067,0,36,33,33,1264944,33984,29,31,0
6814,0.432,0.391,0.008,0.831,1.510,16644,23067,0,36,33,33,1264944,33984,29,31,0
6815,0.459,0.202,0.009,0.670,0.928,16644,23067,0,36,33,33,1264944,33984,29,31,0
6816,0.448,0.445,0.008,0.901,0.760,16644,23067,0,36,33,33,1264944,33984,29,31,0
6817,0.461,0.297,0.007,0.765,1.000,16644,23067,0,36,33,33,1264944,33984,29,31,0
6818,0.460,0.236,0.005,0.702,0.866,16644,23067,0,36,33,33,1264944,33984,29,31,0
6819,0.469,10.308,0.009,10.786,1.026,16644,23067,0,36,33,33,1264944,33984,29,31,0
6820,0.465,8.287,0.007,8.759,10.887,16644,23067,0,36,33,33,1264944,33984,29,31,0
6821,0.457,7.372,0.007,7.835,8.855,16644,23067,0,36,33,33,1264944,33984,29,31,0
6822,0.437,0.979,0.006,1.423,7.931,16644,23067,0,36,33,33,1264944,33984,29,31,0
6823,0.445,0.359,0.008,0.811,1.528,16644,23067,0,36,33,33,1264944,33984,29,31,0
6824,0.457,0.228,0.009,0.693,0.903,16644,23067,0,36,33,33,1264944,33984,29,31,0
6825,0.443,0.649,0.009,1.101,0.792,16644,23067,0,36,33,33,1264944,33984,29,31,0
6826,0.494,0.400,0.008,0.902,1.207,16644,23067,0,36,33,33,1264944,33984,29,31,0
6827,0.449,3.615,0.014,4.077,0.995,16644,23067,0,36,33,33,1264944,33984,29,31,0
6828,0.452,14.978,0.011,15.441,4.194,16644,23067,0,36,33,33,1264944,33984,29,31,0
6829,0.458,7.223,0.009,7.689,15.538,16644,23067,0,36,33,33,1264944,33984,29,31,0
6830,0.452,0.629,0.009,1.089,7.796,16644,23067,0,36,33,33,1264944,33984,29,31,0
6831,0.453,0.254,0.009,0.716,1.183,16644,23067,0,36,33,33,1264944,33984,29,31,0
6832,0.464,0.232,0.007,0.703,0.818,16644,23067,0,36,33,33,1264944,33984,29,31,0
6833,0.440,0.641,0.010,1.091,0.797,16644,23067,0,36,33,33,1264944,33984,29,31,0
6834,0.460,0.598,0.009,1.068,1.189,16644,23067,0,36,33,33,1264944,33984,29,31,0
6835,0.446,11.145,0.008,11.600,1.170,16644,23067,0,36,33,33,1264944,33984,29,31,0
6836,0.436,8.455,0.006,8.897,11.698,16644,23067,0,36,33,33,1264944,33984,29,31,0
6837,0.468,7.276,0.012,7.756,8.991,16644,23067,0,36,33,33,1264944,33984,29,31,0
6838,0.428,1.881,0.009,2.318,7.858,16644,23067,0,36,33,33,1264944,33984,29,31,0
6839,0.443,0.225,0.009,0.678,2.426,16644,23067,0,36,33,33,1264944,33984,29,31,0
6840,0.487,0.376,0.007,0.870,0.767,16644,23067,0,36,33,33,1264944,33984,29,31,0
6841,0.447,0.673,0.009,1.129,0.952,16644,23067,0,36,33,33,1264944,33984,29,31,0
6842,0.458,3.132,0.010,3.601,1.220,16644,23067,0,36,33,33,1264944,33984,29,31,0
6843,0.453,15.331,0.008,15.792,3.692,16644,23067,0,36,33,33,1264944,33984,29,31,0
6844,0.446,7.856,0.009,8.311,15.884,16644,23067,0,36,33,33,1264944,33984,29,31,0
6845,0.459,1.166,0.009,1.634,8.420,16644,23067,0,36,33,33,1264944,33984,29,31,0
6846,0.477,0.215,0.008,0.701,1.730,16644,23067,0,36,33,33,1264944,33984,29,31,0
6847,0.445,0.264,0.010,0.718,0.786,16644,23067,0,36,33,33,1264944,33984,29,31,0
6848,0.431,1.725,0.008,2.163,0.801,16644,23067,0,36,33,33,1264944,33984,29,31,0
6849,0.449,1.690,0.008,2.147,2.257,16644,23067,0,36,33,33,1264944,33984,29,31,0
6850,0.423,3.044,0.006,3.472,2.250,16644,23067,0,36,33,33,1264944,33984,29,31,0
6851,0.445,13.472,0.007,13.924,3.565,16644,23067,0,36,33,33,1264944,33984,29,31,0
6852,0.456,7.299,0.008,7.762,14.017,16644,23067,0,36,33,33,1264944,33984,29,31,0
6853,0.439,0.976,0.007,1.422,7.856,16644,23067,0,36,33,33,1264944,33984,29,31,0
6854,0.434,0.262,0.009,0.705,1.516,16644,23067,0,36,33,33,1264944,33984,29,31,0
6855,0.455,0.215,0.020,0.690,0.808,16644,23067,0,36,33,33,1264944,33984,29,31,0
6856,0.428,0.445,0.012,0.885,0.784,16644,23067,0,36,33,33,1264944,33984,29,31,0
6857,0.475,1.866,0.009,2.350,0.980,16644,23067,0,36,33,33,1264944,33984,29,31,0
6858,0.465,0.798,0.008,1.271,2.460,16644,23067,0,36,33,33,1264944,33984,29,31,0
6859,0.444,2.707,0.009,3.160,1.374,16644,23067,0,36,33,33,1264944,33984,29,31,0
6860,0.435,13.198,0.007,13.641,3.266,16644,23067,0,36,33,33,1264944,33984,29,31,0
6861,0.459,7.874,0.007,8.340,13.733,16644,23067,0,36,33,33,1264944,33984,29,31,0
6862,0.466,0.920,0.008,1.395,8.436,16644,23067,0,36,33,33,1264944,33984,29,31,0
6863,0.457,0.253,0.011,0.720,1.501,16644,23067,0,36,33,33,1264944,33984,29,31,0
6864,0.455,0.215,0.009,0.678,0.813,16644,23067,0,36,33,33,1264944,33984,29,31,0
6865,0.447,0.412,0.008,0.867,0.769,16644,23067,0,36,33,33,1264944,33984,29,31,0
6866,0.465,0.731,0.007,1.204,0.959,16644,23067,0,36,33,33,1264944,33984,29,31,0
6867,0.428,3.111,0.008,3.546,1.302,16644,23067,0,36,33,33,1264944,33984,29,31,0
6868,0.419,15.881,0.008,16.308,3.653,16644,23067,0,36,33,33,1264944,33984,29,31,0
6869,0.464,7.336,0.008,7.808,16.402,16644,23067,0,36,33,33,1264944,33984,29,31,0
6870,0.446,0.969,0.007,1.421,7.913,16644,23067,0,36,33,33,1264944,33984,29,31,0
6871,0.425,0.360,0.009,0.794,1.525,16644,23067,0,36,33,33,1264944,33984,29,31,0
6872,0.463,0.231,0.008,0.701,0.887,16644,23067,0,36,33,33,1264944,33984,29,31,0
6873,0.454,0.592,0.006,1.053,0.809,16644,23067,0,36,33,33,1264944,33984,29,31,0
6874,0.444,0.568,0.006,1.018,1.166,16644,23067,0,36,33,33,1264944,33984,29,31,0
6875,0.454,3.600,0.006,4.060,1.118,16644,23067,0,36,33,33,1264944,33984,29,31,0
6876,0.413,14.800,0.007,15.220,4.166,16644,23067,0,36,33,33,1264944,33984,29,31,0
6877,0.436,7.462,0.006,7.904,15.327,16644,23067,0,36,33,33,1264944,33984,29,31,0
6878,0.430,0.673,0.008,1.111,8.007,16644,23067,0,36,33,33,1264944,33984,29,31,0
6879,0.446,0.254,0.008,0.708,1.213,16644,23067,0,36,33,33,1264944,33984,29,31,0
6880,0.450,0.209,0.018,0.678,0.799,16644,23067,0,36,33,33,1264944,33984,29,31,0
6881,0.429,0.883,0.006,1.318,0.773,16644,23067,0,36,33,33,1264944,33984,29,31,0
6882,0.462,0.542,0.007,1.011,1.416,16644,23067,0,36,33,33,1264944,33984,29,31,0
6883,0.451,10.957,0.006,11.414,1.096,16644,23067,0,36,33,33,1264944,33984,29,31,0
6884,0.433,8.468,0.006,8.908,11.509,16644,23067,0,36,33,33,1264944,33984,29,31,0
6885,0.432,7.301,0.006,7.739,9.005,16644,23067,0,36,33,33,1264944,33984,29,31,0
6886,0.434,1.727,0.008,2.170,7.831,16644,23067,0,36,33,33,1264944,33984,29,31,0
6887,0.412,0.203,0.009,0.624,2.276,16644,23067,0,36,33,33,1264944,33984,29,31,0
6888,0.403,0.471,0.010,0.884,0.718,16644,23067,0,36,33,33,1264944,33984,29,31,0
6889,0.466,2.055,0.009,2.530,0.980,16644,23067,0,36,33,33,1264944,33984,29,31,0
6890,0.436,0.666,0.007,1.108,2.640,16644,23067,0,36,33,33,1264944,33984,29,31,0
6891,0.455,2.835,0.007,3.298,1.205,16644,23067,0,36,33,33,1264944,33984,29,31,0
6892,0.434,13.711,0.006,14.151,3.390,16644,23067,0,36,33,33,1264944,33984,29,31,0
6893,0.458,7.345,0.007,7.811,14.248,16644,23067,0,36,33,33,1264944,33984,29,31,0
6894,0.439,0.932,0.009,1.380,7.903,16644,23067,0,36,33,33,1264944,33984,29,31,0
6895,0.437,0.249,0.009,0.695,1.471,16644,23067,0,36,33,33,1264944,33984,29,31,0
6896,0.430,0.203,0.007,0.640,0.783,16644,23067,0,36,33,33,1264944,33984,29,31,0
6897,0.422,0.492,0.009,0.923,0.720,16644,23067,0,36,33,33,1264944,33984,29,31,0
6898,0.471,1.952,0.010,2.432,1.018,16644,23067,0,36,33,33,1264944,33984,29,31,0
6899,0.443,0.412,0.008,0.863,2.999,16644,23067,0,36,33,33,1264944,33984,29,31,0
6900,0.448,2.915,0.008,3.372,1.170,16644,23067,0,36,33,33,1264944,33984,29,31,0
6901,0.433,13.130,0.012,13.575,3.681,16644,23067,0,36,33,33,1264944,33984,29,31,0
6902,0.553,7.102,0.006,7.660,13.667,16644,23067,0,36,33,33,1264944,33984,29,31,0
6903,0.444,0.899,0.005,1.348,7.766,16644,23067,0,36,33,33,1264944,33984,29,31,0
6904,0.448,0.264,0.014,0.726,1.434,16644,23067,0,36,33,33,1264944,33984,29,31,0
6905,0.466,0.221,0.009,0.695,0.830,16644,23067,0,36,33,33,1264944,33984,29,31,0
6906,0.419,0.404,0.007,0.831,0.783,16644,23067,0,36,33,33,1264944,33984,29,31,0
6907,0.450,1.546,0.010,2.006,0.931,16644,23067,0,36,33,33,1264944,33984,29,31,0
6908,0.441,1.284,0.007,1.732,2.111,16644,23067,0,36,33,33,1264944,33984,29,31,0
6909,0.421,2.869,0.008,3.298,1.842,16644,23067,0,36,33,33,1264944,33984,29,31,0
6910,0.464,13.522,0.007,13.994,3.394,16644,23067,0,36,33,33,1264944,33984,29,31,0
6911,0.458,7.080,0.006,7.544,14.097,16644,23067,0,36,33,33,1264944,33984,29,31,0
6912,0.442,0.648,0.006,1.096,7.636,16644,23067,0,36,33,33,1264944,33984,29,31,0
6913,0.461,0.432,0.009,0.902,1.184,16644,23067,0,36,33,33,1264944,33984,29,31,0
6914,0.447,0.211,0.006,0.665,0.987,16644,23067,0,36,33,33,1264944,33984,29,31,0
6915,0.409,0.521,0.011,0.942,0.760,16644,23067,0,36,33,33,1264944,33984,29,31,0
6916,0.454,0.671,0.007,1.132,1.031,16644,23067,0,36,33,33,1264944,33984,29,31,0
6917,0.447,1.467,0.006,1.920,1.225,16644,23067,0,36,33,33,1264944,33984,29,31,0
6918,0.437,0.370,0.008,0.815,2.022,16644,23067,0,36,33,33,1264944,33984,29,31,0
6919,0.439,3.039,0.009,3.487,0.903,16644,23067,0,36,33,33,1264944,33984,29,31,0
6920,0.463,13.521,0.007,13.992,3.581,16644,23067,0,36,33,33,1264944,33984,29,31,0
6921,0.773,6.951,0.006,7.730,14.088,16644,23067,0,36,33,33,1264944,33984,29,31,0
6922,0.447,0.911,0.008,1.365,7.835,16644,23067,0,36,33,33,1264944,33984,29,31,0
6923,0.480,0.284,0.006,0.770,1.455,16644,23067,0,36,33,33,1264944,33984,29,31,0
6924,0.452,0.201,0.006,0.658,0.856,16644,23067,0,36,33,33,1264944,33984,29,31,0
6925,0.784,0.244,0.009,1.037,0.747,16644,23067,0,36,33,33,1264944,33984,29,31,0
6926,0.477,1.466,0.006,1.950,1.131,16644,23067,0,36,33,33,1264944,33984,29,31,0
6927,0.476,1.098,0.007,1.581,2.060,16644,23067,0,36,33,33,1264944,33984,29,31,0
6928,0.420,2.690,0.007,3.118,1.690,16644,23067,0,36,33,33,1264944,33984,29,31,0
6929,0.434,13.692,0.009,14.135,3.222,16644,23067,0,36,33,33,1264944,33984,29,31,0
6930,0.501,7.363,0.007,7.871,14.228,16644,23067,0,36,33,33,1264944,33984,29,31,0
6931,0.466,0.894,0.026,1.386,7.968,16644,23067,0,36,33,33,1264944,33984,29,31,0
6932,0.456,0.259,0.006,0.721,1.479,16644,23067,0,36,33,33,1264944,33984,29,31,0
6933,0.443,0.229,0.007,0.680,0.808,16644,23067,0,36,33,33,1264944,33984,29,31,0
6934,0.433,0.364,0.008,0.805,0.760,16644,23067,0,36,33,33,1264944,33984,29,31,0
6935,0.459,2.041,0.009,2.509,0.887,16644,23067,0,36,33,33,1264944,33984,29,31,0
6936,0.436,0.725,0.009,1.169,2.614,16644,23067,0,36,33,33,1264944,33984,29,31,0
6937,0.440,3.106,0.008,3.555,1.276,16644,23067,0,36,33,33,1264944,33984,29,31,0
6938,0.437,13.455,0.005,13.898,3.662,16644,23067,0,36,33,33,1264944,33984,29,31,0
6939,0.468,7.330,0.008,7.806,13.994,16644,23067,0,36,33,33,1264944,33984,29,31,0
6940,0.500,1.208,0.013,1.721,8.162,16644,23067,0,36,33,33,1264944,33984,29,31,0
6941,0.443,0.220,0.008,0.671,2.084,16644,23067,0,36,33,33,1264944,33984,29,31,0
6942,0.439,0.471,0.006,0.916,1.041,16644,23067,0,36,33,33,1264944,33984,29,31,0
6943,0.445,0.621,0.008,1.074,1.439,16644,23067,0,36,33,33,1264944,33984,29,31,0
6944,0.522,2.037,0.008,2.566,1.482,16644,23067,0,36,33,33,1264944,33984,29,31,0
6945,0.445,0.214,0.013,0.673,2.924,16644,23067,0,36,33,33,1264944,33984,29,31,0
6946,0.471,14.291,0.013,14.775,0.758,16644,23067,0,36,33,33,1264944,33984,29,31,0
6947,0.476,8.002,0.009,8.486,14.868,16644,23067,0,36,33,33,1264944,33984,29,31,0
6948,0.474,1.015,0.013,1.503,8.593,16644,23067,0,36,33,33,1264944,33984,29,31,0
6949,0.464,0.283,0.011,0.758,1.603,16644,23067,0,36,33,33,1264944,33984,29,31,0
6950,0.493,0.236,0.008,0.737,0.847,16644,23067,0,36,33,33,1264944,33984,29,31,0
6951,0.532,0.691,0.015,1.238,1.130,16644,23067,0,36,33,33,1264944,33984,29,31,0
6952,0.517,3.731,0.009,4.258,1.585,16644,23067,0,36,33,33,1264944,33984,29,31,0
6953,0.462,15.203,0.017,15.681,4.358,16644,23067,0,36,33,33,1264944,33984,29,31,0
6954,0.570,6.342,0.013,6.925,16.957,16644,23067,0,36,33,33,1264944,33984,29,31,0
6955,0.583,0.274,0.010,0.867,9.695,16644,23067,0,36,33,33,1264944,33984,29,31,0
6956,0.491,0.250,0.010,0.751,2.812,16644,23067,0,36,33,33,1264944,33984,29,31,0
6957,0.467,0.249,0.010,0.726,3.047,16644,23067,0,36,33,33,1264944,33984,29,31,0
6958,0.466,0.842,0.013,1.320,0.819,16644,23067,0,36,33,33,1264944,33984,29,31,0
6959,0.471,14.446,0.010,14.927,1.419,16644,23067,0,36,33,33,1264944,33984,29,31,0
6960,0.499,6.428,0.011,6.938,15.033,16644,23067,0,36,33,33,1264944,33984,29,31,0
6961,0.491,0.571,0.011,1.073,7.057,16644,23067,0,36,33,33,1264944,33984,29,31,0
6962,0.500,0.302,0.011,0.813,1.180,16644,23067,0,36,33,33,1264944,33984,29,31,0
6963,0.460,0.243,0.011,0.714,0.924,16644,23067,0,36,33,33,1264944,33984,29,31,0
6964,0.457,0.275,0.007,0.740,0.813,16644,23067,0,36,33,33,1264944,33984,29,31,0
6965,0.466,2.114,0.010,2.590,0.826,16644,23067,0,36,33,33,1264944,33984,29,31,0
6966,0.471,1.059,0.010,1.540,2.710,16644,23067,0,36,33,33,1264944,33984,29,31,0
6967,0.427,2.893,0.007,3.327,1.649,16644,23067,0,36,33,33,1264944,33984,29,31,0
6968,0.462,13.201,0.012,13.676,3.423,16644,23067,0,36,33,33,1264944,33984,29,31,0
6969,0.505,7.352,0.010,7.867,13.786,16644,23067,0,36,33,33,1264944,33984,29,31,0
6970,0.483,0.580,0.009,1.072,7.981,16644,23067,0,36,33,33,1264944,33984,29,31,0
6971,0.467,0.255,0.016,0.738,1.176,16644,23067,0,36,33,33,1264944,33984,29,31,0
6972,0.449,0.219,0.008,0.676,0.840,16644,23067,0,36,33,33,1264944,33984,29,31,0
6973,0.437,0.758,0.009,1.204,0.778,16644,23067,0,36,33,33,1264944,33984,29,31,0
6974,0.450,0.641,0.008,1.099,1.307,16644,23067,0,36,33,33,1264944,33984,29,31,0
6975,0.436,11.050,0.008,11.493,1.191,16644,23067,0,36,33,33,1264944,33984,29,31,0
6976,0.456,8.324,0.009,8.789,11.603,16644,23067,0,36,33,33,1264944,33984,29,31,0
6977,0.457,6.960,0.009,7.426,8.895,16644,23067,0,36,33,33,1264944,33984,29,31,0
6978,0.460,7.341,0.009,7.810,7.528,16644,23067,0,36,33,33,1264944,33984,29,31,0
6979,0.465,8.175,0.010,8.651,7.919,16644,23067,0,36,33,33,1264944,33984,29,31,0
6980,0.512,8.026,0.013,8.552,8.761,16644,23067,0,36,33,33,1264944,33984,29,31,0
6981,0.544,7.499,0.010,8.053,8.670,16644,23067,0,36,33,33,1264944,33984,29,31,0
6982,0.540,0.680,0.009,1.229,8.174,16644,23067,0,36,33,33,1264944,33984,29,31,0
6983,0.564,0.292,0.011,0.868,1.348,16644,23067,0,36,33,33,1264944,33984,29,31,0
6984,0.552,0.285,0.015,0.852,0.991,16644,23067,0,36,33,33,1264944,33984,29,31,0
6985,0.562,0.309,0.007,0.877,0.962,16644,23067,0,36,33,33,1264944,33984,29,31,0
6986,0.537,0.432,0.011,0.980,0.983,16644,23067,0,36,33,33,1264944,33984,29,31,0
6987,0.528,4.325,0.009,4.862,1.093,16644,23067,0,36,33,33,1264944,33984,29,31,0
6988,0.517,13.805,0.011,14.332,4.982,16644,23067,0,36,33,33,1264944,33984,29,31,0
6989,0.550,7.756,0.011,8.317,14.461,16644,23067,0,36,33,33,1264944,33984,29,31,0
6990,0.579,0.506,0.010,1.095,8.453,16644,23067,0,36,33,33,1264944,33984,29,31,0
6991,0.606,0.367,0.017,0.990,1.221,16644,23067,0,36,33,33,1264944,33984,29,31,0
6992,0.648,0.341,0.013,1.002,1.114,16644,23067,0,36,33,33,1264944,33984,29,31,0
6993,0.598,0.327,0.008,0.933,1.126,16644,23067,0,36,33,33,1264944,33984,29,31,0
6994,0.620,0.309,0.008,0.938,1.057,16644,23067,0,36,33,33,1264944,33984,29,31,0
6995,0.582,3.270,0.020,3.872,1.045,16644,23067,0,36,33,33,1264944,33984,29,31,0
6996,0.581,14.984,0.011,15.576,4.006,16644,23067,0,36,33,33,1264944,33984,29,31,0
6997,0.620,7.192,0.011,7.823,15.709,16644,23067,0,36,33,33,1264944,33984,29,31,0
6998,0.655,0.731,0.009,1.396,7.960,16644,23067,0,36,33,33,1264944,33984,29,31,0
6999,0.649,0.304,0.017,0.970,1.534,16644,23067,0,36,33,33,1264944,33984,29,31,0
7000,0.634,0.341,0.010,0.985,1.103,16644,23067,0,36,33,33,1264944,33984,29,31,0
7001,0.654,0.289,0.009,0.952,1.113,16644,23067,0,36,33,33,1264944,33984,29,31,0
7002,0.591,0.284,0.011,0.887,1.080,16644,23067,0,36,33,33,1264944,33984,29,31,0
7003,0.617,3.725,0.011,4.353,1.006,16644,23067,0,36,33,33,1264944,33984,29,31,0
7004,0.633,14.475,0.012,15.120,4.507,16644,23067,0,36,33,33,1264944,33984,29,31,0
7005,0.648,7.021,0.015,7.684,15.254,16644,23067,0,36,33,33,1264944,33984,29,31,0
7006,0.587,0.622,0.012,1.221,7.807,16644,23067,0,36,33,33,1264944,33984,29,31,0
7007,0.578,0.337,0.018,0.932,1.339,16644,23067,0,36,33,33,1264944,33984,29,31,0
7008,0.579,0.348,0.010,0.938,1.043,16644,23067,0,36,33,33,1264944,33984,29,31,0
7009,0.571,0.275,0.012,0.858,1.057,16644,23067,0,36,33,33,1264944,33984,29,31,0
7010,0.545,0.289,0.016,0.850,0.962,16644,23067,0,36,33,33,1264944,33984,29,31,0
7011,0.529,4.689,0.010,5.229,0.951,16644,23067,0,36,33,33,1264944,33984,29,31,0
7012,0.562,13.961,0.010,14.533,5.342,16644,23067,0,36,33,33,1264944,33984,29,31,0
7013,0.530,7.467,0.009,8.007,14.643,16644,23067,0,36,33,33,1264944,33984,29,31,0
7014,0.510,0.777,0.010,1.297,8.119,16644,23067,0,36,33,33,1264944,33984,29,31,0
7015,0.513,0.300,0.014,0.827,1.396,16644,23067,0,36,33,33,1264944,33984,29,31,0
7016,0.520,0.477,0.013,1.010,0.944,16644,23067,0,36,33,33,1264944,33984,29,31,0
7017,0.486,0.309,0.048,0.843,1.111,16644,23067,0,36,33,33,1264944,33984,29,31,0
7018,0.698,0.400,0.008,1.106,0.977,16644,23067,0,36,33,33,1264944,33984,29,31,0
7019,0.485,10.478,0.012,10.974,1.221,16644,23067,0,36,33,33,1264944,33984,29,31,0
7020,0.512,8.186,0.012,8.710,11.080,16644,23067,0,36,33,33,1264944,33984,29,31,0
7021,0.511,6.894,0.009,7.414,8.818,16644,23067,0,36,33,33,1264944,33984,29,31,0
7022,0.478,0.706,0.012,1.195,7.520,16644,23067,0,36,33,33,1264944,33984,29,31,0
7023,0.494,0.288,0.009,0.791,1.295,16644,23067,0,36,33,33,1264944,33984,29,31,0
7024,0.447,0.246,0.007,0.699,0.887,16644,23067,0,36,33,33,1264944,33984,29,31,0
7025,0.488,0.483,0.008,0.979,0.785,16644,23067,0,36,33,33,1264944,33984,29,31,0
7026,0.500,1.188,0.014,1.702,1.072,16644,23067,0,36,33,33,1264944,33984,29,31,0
7027,0.544,10.509,0.012,11.065,1.820,16644,23067,0,36,33,33,1264944,33984,29,31,0
7028,0.491,8.248,0.013,8.752,11.173,16644,23067,0,36,33,33,1264944,33984,29,31,0
7029,0.512,6.898,0.009,7.418,8.866,16644,23067,0,36,33,33,1264944,33984,29,31,0
7030,0.477,0.724,0.014,1.215,7.526,16644,23067,0,36,33,33,1264944,33984,29,31,0
7031,0.487,0.329,0.009,0.826,1.313,16644,23067,0,36,33,33,1264944,33984,29,31,0
7032,0.472,0.405,0.012,0.888,0.922,16644,23067,0,36,33,33,1264944,33984,29,31,0
7033,0.460,0.258,0.013,0.731,0.998,16644,23067,0,36,33,33,1264944,33984,29,31,0
7034,0.494,0.532,0.011,1.037,0.820,16644,23067,0,36,33,33,1264944,33984,29,31,0
7035,0.516,2.644,0.007,3.167,1.137,16644,23067,0,36,33,33,1264944,33984,29,31,0
7036,0.435,3.686,0.008,4.129,3.268,16644,23067,0,36,33,33,1264944,33984,29,31,0
7037,0.470,12.195,0.009,12.674,4.235,16644,23067,0,36,33,33,1264944,33984,29,31,0
7038,0.457,7.387,0.011,7.855,12.781,16644,23067,0,36,33,33,1264944,33984,29,31,0
7039,0.554,0.549,0.008,1.112,7.965,16644,23067,0,36,33,33,1264944,33984,29,31,0
7040,0.486,0.308,0.012,0.806,1.212,16644,23067,0,36,33,33,1264944,33984,29,31,0
7041,0.494,0.265,0.008,0.768,0.913,16644,23067,0,36,33,33,1264944,33984,29,31,0
7042,0.495,0.304,0.011,0.810,0.855,16644,23067,0,36,33,33,1264944,33984,29,31,0
7043,0.505,0.577,0.008,1.090,0.912,16644,23067,0,36,33,33,1264944,33984,29,31,0
7044,0.490,11.263,0.019,11.772,1.189,16644,23067,0,36,33,33,1264944,33984,29,31,0
7045,0.653,7.913,0.011,8.577,11.902,16644,23067,0,36,33,33,1264944,33984,29,31,0
7046,0.582,7.186,0.017,7.785,8.703,16644,23067,0,36,33,33,1264944,33984,29,31,0
7047,0.565,0.834,0.016,1.414,7.910,16644,23067,0,36,33,33,1264944,33984,29,31,0
7048,0.476,0.278,0.011,0.765,1.512,16644,23067,0,36,33,33,1264944,33984,29,31,0
7049,0.460,0.298,0.013,0.771,0.853,16644,23067,0,36,33,33,1264944,33984,29,31,0
7050,0.471,0.325,0.008,0.805,0.866,16644,23067,0,36,33,33,1264944,33984,29,31,0
7051,0.489,0.636,0.011,1.136,0.898,16644,23067,0,36,33,33,1264944,33984,29,31,0
7052,0.584,10.407,0.016,11.007,1.248,16644,23067,0,36,33,33,1264944,33984,29,31,0
7053,0.499,8.265,0.012,8.776,11.138,16644,23067,0,36,33,33,1264944,33984,29,31,0
7054,0.478,7.125,0.009,7.612,8.880,16644,23067,0,36,33,33,1264944,33984,29,31,0
7055,0.483,0.872,0.009,1.364,7.722,16644,23067,0,36,33,33,1264944,33984,29,31,0
7056,0.511,0.274,0.013,0.798,1.468,16644,23067,0,36,33,33,1264944,33984,29,31,0
7057,0.499,0.405,0.015,0.919,0.898,16644,23067,0,36,33,33,1264944,33984,29,31,0
7058,0.508,0.245,0.009,0.761,1.023,16644,23067,0,36,33,33,1264944,33984,29,31,0
7059,0.484,0.412,0.012,0.907,0.852,16644,23067,0,36,33,33,1264944,33984,29,31,0
7060,0.480,3.418,0.009,3.907,1.004,16644,23067,0,36,33,33,1264944,33984,29,31,0
7061,0.471,15.269,0.009,15.749,4.017,16644,23067,0,36,33,33,1264944,33984,29,31,0
7062,0.513,7.405,0.018,7.936,15.856,16644,23067,0,36,33,33,1264944,33984,29,31,0
7063,0.513,0.558,0.013,1.084,8.051,16644,23067,0,36,33,33,1264944,33984,29,31,0
7064,0.568,0.324,0.007,0.898,1.194,16644,23067,0,36,33,33,1264944,33984,29,31,0
7065,0.523,0.263,0.009,0.795,1.010,16644,23067,0,36,33,33,1264944,33984,29,31,0
7066,0.477,0.281,0.014,0.771,0.908,16644,23067,0,36,33,33,1264944,33984,29,31,0
7067,0.526,2.064,0.008,2.598,0.881,16644,23067,0,36,33,33,1264944,33984,29,31,0
7068,0.508,0.824,0.014,1.346,2.716,16644,23067,0,36,33,33,1264944,33984,29,31,0
7069,0.515,3.101,0.010,3.626,1.461,16644,23067,0,36,33,33,1264944,33984,29,31,0
7070,0.490,12.947,0.011,13.448,3.744,16644,23067,0,36,33,33,1264944,33984,29,31,0
7071,0.613,7.019,0.010,7.642,13.568,16644,23067,0,36,33,33,1264944,33984,29,31,0
7072,0.544,0.546,0.009,1.099,7.763,16644,23067,0,36,33,33,1264944,33984,29,31,0
7073,0.555,0.292,0.007,0.854,1.221,16644,23067,0,36,33,33,1264944,33984,29,31,0
7074,0.549,0.366,0.011,0.927,0.970,16644,23067,0,36,33,33,1264944,33984,29,31,0
7075,0.545,0.268,0.013,0.827,1.039,16644,23067,0,36,33,33,1264944,33984,29,31,0
7076,0.550,0.260,0.011,0.821,0.937,16644,23067,0,36,33,33,1264944,33984,29,31,0
7077,0.573,0.461,0.009,1.044,0.938,16644,23067,0,36,33,33,1264944,33984,29,31,0
7078,0.597,1.579,0.007,2.183,1.160,16644,23067,0,36,33,33,1264944,33984,29,31,0
7079,0.506,3.162,0.007,3.675,2.307,16644,23067,0,36,33,33,1264944,33984,29,31,0
7080,0.573,12.327,0.010,12.911,3.798,16644,23067,0,36,33,33,1264944,33984,29,31,0
7081,0.610,7.192,0.010,7.812,13.043,16644,23067,0,36,33,33,1264944,33984,29,31,0
7082,0.630,0.588,0.007,1.225,7.942,16644,23067,0,36,33,33,1264944,33984,29,31,0
7083,0.588,0.299,0.009,0.896,1.353,16644,23067,0,36,33,33,1264944,33984,29,31,0
7084,0.587,0.289,0.009,0.885,1.020,16644,23067,0,36,33,33,1264944,33984,29,31,0
7085,0.580,0.235,0.009,0.824,1.007,16644,23067,0,36,33,33,1264944,33984,29,31,0
7086,0.598,0.273,0.011,0.881,0.940,16644,23067,0,36,33,33,1264944,33984,29,31,0
7087,0.590,0.307,0.009,0.907,1.012,16644,23067,0,36,33,33,1264944,33984,29,31,0
7088,0.521,3.247,0.011,3.778,1.020,16644,23067,0,36,33,33,1264944,33984,29,31,0
7089,0.583,14.377,0.010,14.970,3.914,16644,23067,0,36,33,33,1264944,33984,29,31,0
7090,0.587,7.238,0.011,7.836,15.098,16644,23067,0,36,33,33,1264944,33984,29,31,0
7091,0.611,0.429,0.013,1.052,7.985,16644,23067,0,36,33,33,1264944,33984,29,31,0
7092,0.651,0.381,0.010,1.042,1.186,16644,23067,0,36,33,33,1264944,33984,29,31,0
7093,0.651,0.301,0.010,0.962,1.177,16644,23067,0,36,33,33,1264944,33984,29,31,0
7094,0.617,0.288,0.015,0.920,1.102,16644,23067,0,36,33,33,1264944,33984,29,31,0
7095,0.591,0.279,0.010,0.880,1.037,16644,23067,0,36,33,33,1264944,33984,29,31,0
7096,0.579,3.283,0.019,3.881,1.007,16644,23067,0,36,33,33,1264944,33984,29,31,0
7097,0.609,15.092,0.014,15.715,4.015,16644,23067,0,36,33,33,1264944,33984,29,31,0
7098,0.638,7.465,0.012,8.115,15.856,16644,23067,0,36,33,33,1264944,33984,29,31,0
7099,0.651,0.756,0.012,1.419,8.255,16644,23067,0,36,33,33,1264944,33984,29,31,0
7100,0.644,0.320,0.009,0.973,1.557,16644,23067,0,36,33,33,1264944,33984,29,31,0
7101,0.638,0.367,0.012,1.017,1.102,16644,23067,0,36,33,33,1264944,33984,29,31,0
7102,0.645,0.302,0.013,0.960,1.152,16644,23067,0,36,33,33,1264944,33984,29,31,0
7103,0.620,0.312,0.018,0.950,1.092,16644,23067,0,36,33,33,1264944,33984,29,31,0
7104,0.635,3.718,0.011,4.364,1.083,16644,23067,0,36,33,33,1264944,33984,29,31,0
7105,0.625,13.839,0.017,14.481,4.504,16644,23067,0,36,33,33,1264944,33984,29,31,0
7106,0.709,7.466,0.013,8.188,14.637,16644,23067,0,36,33,33,1264944,33984,29,31,0
7107,0.694,0.759,0.011,1.465,8.347,16644,23067,0,36,33,33,1264944,33984,29,31,0
7108,0.715,0.333,0.008,1.056,1.609,16644,23067,0,36,33,33,1264944,33984,29,31,0
7109,0.704,0.346,0.023,1.073,1.199,16644,23067,0,36,33,33,1264944,33984,29,31,0
7110,0.736,0.392,0.011,1.139,1.219,16644,23067,0,36,33,33,1264944,33984,29,31,0
7111,0.702,4.194,0.012,4.907,1.290,16644,23067,0,36,33,33,1264944,33984,29,31,0
7112,0.715,13.757,0.012,14.483,5.069,16644,23067,0,36,33,33,1264944,33984,29,31,0
7113,0.709,7.397,0.013,8.119,14.642,16644,23067,0,36,33,33,1264944,33984,29,31,0
7114,0.687,0.812,0.016,1.515,8.274,16644,23067,0,36,33,33,1264944,33984,29,31,0
7115,0.812,0.664,0.023,1.500,1.679,16644,23067,0,36,33,33,1264944,33984,29,31,0
7116,0.882,0.421,0.014,1.317,1.694,16644,23067,0,36,33,33,1264944,33984,29,31,0
7117,0.763,0.373,0.016,1.152,1.481,16644,23067,0,36,33,33,1264944,33984,29,31,0
7118,0.777,0.904,0.010,1.691,1.301,16644,23067,0,36,33,33,1264944,33984,29,31,0
7119,0.751,2.880,0.014,3.645,1.858,16644,23067,0,36,33,33,1264944,33984,29,31,0
7120,0.739,12.785,0.011,13.535,3.811,16644,23067,0,36,33,33,1264944,33984,29,31,0
7121,0.812,6.955,0.018,7.785,13.728,16644,23067,0,36,33,33,1264944,33984,29,31,0
7122,0.821,0.712,0.016,1.549,7.969,16644,23067,0,36,33,33,1264944,33984,29,31,0
7123,0.795,0.360,0.018,1.174,1.734,16644,23067,0,36,33,33,1264944,33984,29,31,0
7124,0.803,0.389,0.013,1.204,1.349,16644,23067,0,36,33,33,1264944,33984,29,31,0
7125,0.848,0.329,0.011,1.188,1.380,16644,23067,0,36,33,33,1264944,33984,29,31,0
7126,0.747,0.970,0.019,1.736,1.344,16644,23067,0,36,33,33,1264944,33984,29,31,0
7127,0.688,2.900,0.010,3.598,1.892,16644,23067,0,36,33,33,1264944,33984,29,31,0
7128,0.717,12.650,0.012,13.379,3.778,16644,23067,0,36,33,33,1264944,33984,29,31,0
7129,0.830,6.928,0.018,7.776,13.548,16644,23067,0,36,33,33,1264944,33984,29,31,0
7130,0.823,0.395,0.012,1.230,7.964,16644,23067,0,36,33,33,1264944,33984,29,31,0
7131,0.847,0.420,0.017,1.284,1.425,16644,23067,0,36,33,33,1264944,33984,29,31,0
7132,0.821,0.398,0.029,1.248,1.460,16644,23067,0,36,33,33,1264944,33984,29,31,0
7133,0.865,0.370,0.016,1.250,1.413,16644,23067,0,36,33,33,1264944,33984,29,31,0
7134,0.712,10.287,0.015,11.014,1.399,16644,23067,0,36,33,33,1264944,33984,29,31,0
7135,0.824,7.815,0.014,8.653,11.207,16644,23067,0,36,33,33,1264944,33984,29,31,0
7136,0.856,6.880,0.015,7.751,8.842,16644,23067,0,36,33,33,1264944,33984,29,31,0
7137,0.838,0.696,0.014,1.548,7.931,16644,23067,0,36,33,33,1264944,33984,29,31,0
7138,0.844,0.429,0.014,1.287,1.732,16644,23067,0,36,33,33,1264944,33984,29,31,0
7139,0.845,0.352,0.012,1.209,1.468,16644,23067,0,36,33,33,1264944,33984,29,31,0
7140,0.861,0.417,0.011,1.289,1.387,16644,23067,0,36,33,33,1264944,33984,29,31,0
7141,0.850,1.018,0.016,1.883,1.470,16644,23067,0,36,33,33,1264944,33984,29,31,0
7142,0.791,3.851,0.027,4.669,2.067,16644,23067,0,36,33,33,1264944,33984,29,31,0
7143,0.824,11.201,0.014,12.039,4.850,16644,23067,0,36,33,33,1264944,33984,29,31,0
7144,0.847,6.762,0.016,7.625,12.245,16644,23067,0,36,33,33,1264944,33984,29,31,0
7145,0.840,0.368,0.011,1.220,7.816,16644,23067,0,36,33,33,1264944,33984,29,31,0
7146,0.805,0.362,0.019,1.187,1.393,16644,23067,0,36,33,33,1264944,33984,29,31,0
7147,0.840,0.366,0.014,1.220,1.362,16644,23067,0,36,33,33,1264944,33984,29,31,0
7148,0.820,0.424,0.011,1.254,1.387,16644,23067,0,36,33,33,1264944,33984,29,31,0
7149,0.831,10.338,0.011,11.180,1.441,16644,23067,0,36,33,33,1264944,33984,29,31,0
7150,0.815,7.877,0.013,8.706,11.378,16644,23067,0,36,33,33,1264944,33984,29,31,0
7151,0.833,6.631,0.024,7.488,8.902,16644,23067,0,36,33,33,1264944,33984,29,31,0
7152,0.812,0.360,0.017,1.189,7.668,16644,23067,0,36,33,33,1264944,33984,29,31,0
7153,0.790,0.447,0.021,1.258,1.355,16644,23067,0,36,33,33,1264944,33984,29,31,0
7154,0.840,0.436,0.013,1.289,1.435,16644,23067,0,36,33,33,1264944,33984,29,31,0
7155,0.828,0.451,0.019,1.298,1.468,16644,23067,0,36,33,33,1264944,33984,29,31,0
7156,0.837,0.400,0.018,1.254,1.472,16644,23067,0,36,33,33,1264944,33984,29,31,0
7157,0.808,3.174,0.012,3.994,1.432,16644,23067,0,36,33,33,1264944,33984,29,31,0
7158,0.740,13.229,0.015,13.984,4.169,16644,23067,0,36,33,33,1264944,33984,29,31,0
7159,0.901,6.836,0.019,7.756,14.187,16644,23067,0,36,33,33,1264944,33984,29,31,0
7160,0.850,0.450,0.011,1.311,7.948,16644,23067,0,36,33,33,1264944,33984,29,31,0
7161,0.797,0.444,0.019,1.260,1.495,16644,23067,0,36,33,33,1264944,33984,29,31,0
7162,0.829,0.546,0.013,1.388,1.427,16644,23067,0,36,33,33,1264944,33984,29,31,0
7163,1.000,0.559,0.021,1.581,1.580,16644,23067,0,36,33,33,1264944,33984,29,31,0
7164,0.833,0.556,0.019,1.408,1.787,16644,23067,0,36,33,33,1264944,33984,29,31,0
7165,0.744,3.898,0.013,4.655,1.575,16644,23067,0,36,33,33,1264944,33984,29,31,0
7166,0.767,11.337,0.018,12.122,4.833,16644,23067,0,36,33,33,1264944,33984,29,31,0
7167,0.826,7.353,0.021,8.199,12.313,16644,23067,0,36,33,33,1264944,33984,29,31,0
7168,0.917,0.585,0.034,1.536,8.420,16644,23067,0,36,33,33,1264944,33984,29,31,0
7169,0.962,0.523,0.026,1.512,1.746,16644,23067,0,36,33,33,1264944,33984,29,31,0
7170,0.878,0.454,0.019,1.352,1.695,16644,23067,0,36,33,33,1264944,33984,29,31,0
7171,0.914,0.516,0.020,1.450,1.534,16644,23067,0,36,33,33,1264944,33984,29,31,0
7172,0.776,0.408,0.020,1.204,1.622,16644,23067,0,36,33,33,1264944,33984,29,31,0
7173,0.731,3.351,0.017,4.100,1.347,16644,23067,0,36,33,33,1264944,33984,29,31,0
7174,0.759,11.594,0.013,12.365,4.279,16644,23067,0,36,33,33,1264944,33984,29,31,0
7175,0.761,7.330,0.028,8.120,12.547,16644,23067,0,36,33,33,1264944,33984,29,31,0
7176,0.725,0.452,0.014,1.191,8.280,16644,23067,0,36,33,33,1264944,33984,29,31,0
7177,0.714,0.410,0.014,1.138,1.347,16644,23067,0,36,33,33,1264944,33984,29,31,0
7178,0.738,0.375,0.013,1.126,1.286,16644,23067,0,36,33,33,1264944,33984,29,31,0
7179,0.729,0.574,0.014,1.317,1.276,16644,23067,0,36,33,33,1264944,33984,29,31,0
7180,0.796,10.120,0.012,10.927,1.484,16644,23067,0,36,33,33,1264944,33984,29,31,0
7181,0.766,7.755,0.021,8.542,11.101,16644,23067,0,36,33,33,1264944,33984,29,31,0
7182,0.726,7.202,0.015,7.943,8.698,16644,23067,0,36,33,33,1264944,33984,29,31,0
7183,0.824,0.391,0.013,1.228,8.133,16644,23067,0,36,33,33,1264944,33984,29,31,0
7184,0.807,0.392,0.019,1.219,1.403,16644,23067,0,36,33,33,1264944,33984,29,31,0
7185,0.766,0.324,0.011,1.102,1.396,16644,23067,0,36,33,33,1264944,33984,29,31,0
7186,0.738,0.375,0.015,1.129,1.248,16644,23067,0,36,33,33,1264944,33984,29,31,0
7187,0.710,10.312,0.020,11.042,1.290,16644,23067,0,36,33,33,1264944,33984,29,31,0
7188,0.728,7.874,0.017,8.619,11.209,16644,23067,0,36,33,33,1264944,33984,29,31,0
7189,0.844,6.872,0.016,7.732,8.829,16644,23067,0,36,33,33,1264944,33984,29,31,0
7190,0.828,0.470,0.012,1.310,7.915,16644,23067,0,36,33,33,1264944,33984,29,31,0
7191,0.806,0.411,0.033,1.250,1.474,16644,23067,0,36,33,33,1264944,33984,29,31,0
7192,0.837,0.467,0.015,1.319,1.430,16644,23067,0,36,33,33,1264944,33984,29,31,0
7193,0.754,0.456,0.019,1.229,1.489,16644,23067,0,36,33,33,1264944,33984,29,31,0
7194,0.737,4.360,0.017,5.114,1.390,16644,23067,0,36,33,33,1264944,33984,29,31,0
7195,0.747,13.579,0.019,14.346,5.283,16644,23067,0,36,33,33,1264944,33984,29,31,0
7196,0.837,6.697,0.014,7.548,14.531,16644,23067,0,36,33,33,1264944,33984,29,31,0
7197,0.812,0.379,0.018,1.209,7.744,16644,23067,0,36,33,33,1264944,33984,29,31,0
7198,0.802,0.372,0.012,1.186,1.375,16644,23067,0,36,33,33,1264944,33984,29,31,0
7199,0.840,0.430,0.011,1.281,1.363,16644,23067,0,36,33,33,1264944,33984,29,31,0
7200,0.753,0.396,0.007,1.157,1.437,16644,23067,0,36,33,33,1264944,33984,29,31,0
7201,0.705,4.403,0.019,5.127,1.312,16644,23067,0,36,33,33,1264944,33984,29,31,0
7202,0.748,15.183,0.023,15.953,5.299,16644,23067,0,36,33,33,1264944,33984,29,31,0
7203,0.839,5.748,0.015,6.602,16.135,16644,23067,0,36,33,33,1264944,33984,29,31,0
7204,0.854,0.438,0.014,1.306,6.794,16644,23067,0,36,33,33,1264944,33984,29,31,0
7205,0.826,3.074,0.015,3.915,1.475,16644,23067,0,36,33,33,1264944,33984,29,31,0
7206,0.890,10.415,0.021,11.325,4.107,16644,23067,0,36,33,33,1264944,33984,29,31,0
7207,0.988,7.094,0.018,8.100,11.533,16644,23067,0,36,33,33,1264944,33984,29,31,0
7208,0.936,6.596,0.017,7.549,8.304,16644,23067,0,36,33,33,1264944,33984,29,31,0
7209,0.942,7.099,0.020,8.061,7.767,16644,23067,0,36,33,33,1264944,33984,29,31,0
7210,1.045,7.326,0.025,8.396,8.269,16644,23067,0,36,33,33,1264944,33984,29,31,0
7211,0.966,6.928,0.020,7.914,8.630,16644,23067,0,36,33,33,1264944,33984,29,31,0
7212,0.938,6.751,0.019,7.708,8.147,16644,23067,0,36,33,33,1264944,33984,29,31,0
7213,0.942,0.545,0.015,1.503,7.925,16644,23067,0,36,33,33,1264944,33984,29,31,0
7214,1.026,1.380,0.020,2.427,1.732,16644,23067,0,36,33,33,1264944,33984,29,31,0
7215,0.789,4.366,0.020,5.175,2.611,16644,23067,0,36,33,33,1264944,33984,29,31,0
7216,0.945,14.854,0.019,15.818,5.376,16644,23067,0,36,33,33,1264944,33984,29,31,0
7217,1.175,6.329,0.019,7.523,16.093,16644,23067,0,36,33,33,1264944,33984,29,31,0
7218,1.213,0.593,0.026,1.832,7.803,16644,23067,0,36,33,33,1264944,33984,29,31,0
7219,1.245,0.578,0.025,1.848,2.103,16644,23067,0,36,33,33,1264944,33984,29,31,0
7220,0.980,0.519,0.019,1.518,2.055,16644,23067,0,36,33,33,1264944,33984,29,31,0
7221,1.093,1.583,0.030,2.706,1.730,16644,23067,0,36,33,33,1264944,33984,29,31,0
7222,0.864,1.365,0.019,2.248,2.901,16644,23067,0,36,33,33,1264944,33984,29,31,0
7223,0.928,12.764,0.016,13.708,2.432,16644,23067,0,36,33,33,1264944,33984,29,31,0
7224,0.953,7.642,0.027,8.621,13.915,16644,23067,0,36,33,33,1264944,33984,29,31,0
7225,1.227,0.601,0.020,1.847,8.896,16644,23067,0,36,33,33,1264944,33984,29,31,0
7226,0.944,0.429,0.045,1.418,2.095,16644,23067,0,36,33,33,1264944,33984,29,31,0
7227,0.980,0.550,0.019,1.549,1.610,16644,23067,0,36,33,33,1264944,33984,29,31,0
7228,0.952,0.445,0.013,1.410,1.753,16644,23067,0,36,33,33,1264944,33984,29,31,0
7229,1.000,4.530,0.022,5.552,1.615,16644,23067,0,36,33,33,1264944,33984,29,31,0
7230,0.976,10.575,0.023,11.573,5.774,16644,23067,0,36,33,33,1264944,33984,29,31,0
7231,0.990,6.485,0.026,7.501,11.832,16644,23067,0,36,33,33,1264944,33984,29,31,0
7232,0.969,0.460,0.010,1.440,7.732,16644,23067,0,36,33,33,1264944,33984,29,31,0
7233,0.915,0.470,0.014,1.399,1.638,16644,23067,0,36,33,33,1264944,33984,29,31,0
7234,0.935,0.464,0.017,1.416,1.594,16644,23067,0,36,33,33,1264944,33984,29,31,0
7235,0.989,0.557,0.022,1.569,1.625,16644,23067,0,36,33,33,1264944,33984,29,31,0
7236,0.976,4.843,0.035,5.855,1.774,16644,23067,0,36,33,33,1264944,33984,29,31,0
7237,0.961,11.473,0.016,12.450,6.078,16644,23067,0,36,33,33,1264944,33984,29,31,0
7238,0.961,6.796,0.033,7.790,12.652,16644,23067,0,36,33,33,1264944,33984,29,31,0
7239,0.973,0.451,0.016,1.440,8.006,16644,23067,0,36,33,33,1264944,33984,29,31,0
7240,0.931,0.448,0.014,1.392,1.642,16644,23067,0,36,33,33,1264944,33984,29,31,0
7241,0.967,0.466,0.011,1.445,1.590,16644,23067,0,36,33,33,1264944,33984,29,31,0
7242,0.961,0.413,0.019,1.393,1.657,16644,23067,0,36,33,33,1264944,33984,29,31,0
7243,0.804,9.460,0.013,10.278,1.560,16644,23067,0,36,33,33,1264944,33984,29,31,0
7244,0.975,7.834,0.019,8.828,10.518,16644,23067,0,36,33,33,1264944,33984,29,31,0
7245,0.988,6.647,0.026,7.661,9.046,16644,23067,0,36,33,33,1264944,33984,29,31,0
7246,1.020,0.527,0.016,1.563,7.903,16644,23067,0,36,33,33,1264944,33984,29,31,0
7247,0.972,0.468,0.024,1.464,1.770,16644,23067,0,36,33,33,1264944,33984,29,31,0
7248,0.970,0.421,0.018,1.409,1.674,16644,23067,0,36,33,33,1264944,33984,29,31,0
7249,0.945,0.479,0.016,1.440,1.619,16644,23067,0,36,33,33,1264944,33984,29,31,0
7250,0.879,4.165,0.023,5.067,1.659,16644,23067,0,36,33,33,1264944,33984,29,31,0
7251,0.863,11.975,0.012,12.851,5.267,16644,23067,0,36,33,33,1264944,33984,29,31,0
7252,0.988,6.639,0.013,7.640,13.073,16644,23067,0,36,33,33,1264944,33984,29,31,0
7253,0.961,0.430,0.017,1.407,7.862,16644,23067,0,36,33,33,1264944,33984,29,31,0
7254,0.925,0.423,0.044,1.392,1.611,16644,23067,0,36,33,33,1264944,33984,29,31,0
7255,0.953,0.414,0.015,1.382,1.588,16644,23067,0,36,33,33,1264944,33984,29,31,0
7256,0.835,0.395,0.014,1.245,1.564,16644,23067,0,36,33,33,1264944,33984,29,31,0
7257,0.837,1.164,0.012,2.013,1.411,16644,23067,0,36,33,33,1264944,33984,29,31,0
7258,0.788,7.221,0.022,8.031,2.187,16644,23067,0,36,33,33,1264944,33984,29,31,0
7259,0.845,4.163,0.014,5.021,8.231,16644,23067,0,36,33,33,1264944,33984,29,31,0
7260,0.858,10.646,0.015,11.518,5.203,16644,23067,0,36,33,33,1264944,33984,29,31,0
7261,0.962,6.736,0.029,7.727,11.774,16644,23067,0,36,33,33,1264944,33984,29,31,0
7262,0.992,3.856,0.029,4.877,7.938,16644,23067,0,36,33,33,1264944,33984,29,31,0
7263,1.099,10.772,0.020,11.891,5.126,16644,23067,0,36,33,33,1264944,33984,29,31,0
7264,1.010,6.507,0.016,7.533,12.156,16644,23067,0,36,33,33,1264944,33984,29,31,0
7265,1.192,0.494,0.017,1.703,7.759,16644,23067,0,36,33,33,1264944,33984,29,31,0
7266,1.004,0.439,0.017,1.460,1.964,16644,23067,0,36,33,33,1264944,33984,29,31,0
7267,0.941,0.472,0.020,1.433,1.661,16644,23067,0,36,33,33,1264944,33984,29,31,0
7268,0.973,0.479,0.022,1.474,1.636,16644,23067,0,36,33,33,1264944,33984,29,31,0
7269,0.919,0.548,0.016,1.483,1.683,16644,23067,0,36,33,33,1264944,33984,29,31,0
7270,0.930,1.464,0.022,2.416,1.704,16644,23067,0,36,33,33,1264944,33984,29,31,0
7271,0.919,12.985,0.014,13.917,2.607,16644,23067,0,36,33,33,1264944,33984,29,31,0
7272,0.971,7.134,0.019,8.125,14.143,16644,23067,0,36,33,33,1264944,33984,29,31,0
7273,0.986,0.436,0.018,1.440,8.343,16644,23067,0,36,33,33,1264944,33984,29,31,0
7274,0.938,0.453,0.017,1.408,1.626,16644,23067,0,36,33,33,1264944,33984,29,31,0
7275,0.847,0.457,0.014,1.319,1.608,16644,23067,0,36,33,33,1264944,33984,29,31,0
7276,0.897,0.419,0.027,1.344,1.498,16644,23067,0,36,33,33,1264944,33984,29,31,0
7277,0.856,0.398,0.018,1.271,1.521,16644,23067,0,36,33,33,1264944,33984,29,31,0
7278,0.827,3.522,0.012,4.362,1.441,16644,23067,0,36,33,33,1264944,33984,29,31,0
7279,0.896,11.425,0.010,12.331,4.581,16644,23067,0,36,33,33,1264944,33984,29,31,0
7280,0.812,6.976,0.018,7.806,12.534,16644,23067,0,36,33,33,1264944,33984,29,31,0
7281,0.989,0.426,0.015,1.430,8.019,16644,23067,0,36,33,33,1264944,33984,29,31,0
7282,0.927,0.396,0.014,1.337,1.622,16644,23067,0,36,33,33,1264944,33984,29,31,0
7283,0.839,0.373,0.012,1.224,1.529,16644,23067,0,36,33,33,1264944,33984,29,31,0
7284,0.837,0.618,0.014,1.469,1.404,16644,23067,0,36,33,33,1264944,33984,29,31,0
7285,0.813,3.894,0.018,4.724,1.641,16644,23067,0,36,33,33,1264944,33984,29,31,0
7286,0.863,13.712,0.025,14.600,4.920,16644,23067,0,36,33,33,1264944,33984,29,31,0
7287,0.980,6.425,0.012,7.416,14.809,16644,23067,0,36,33,33,1264944,33984,29,31,0
7288,0.962,0.533,0.023,1.518,7.642,16644,23067,0,36,33,33,1264944,33984,29,31,0
7289,0.911,0.451,0.021,1.383,1.719,16644,23067,0,36,33,33,1264944,33984,29,31,0
7290,0.864,0.492,0.012,1.369,1.556,16644,23067,0,36,33,33,1264944,33984,29,31,0
7291,0.791,10.852,0.035,11.677,1.553,16644,23067,0,36,33,33,1264944,33984,29,31,0
7292,0.833,7.722,0.018,8.573,11.886,16644,23067,0,36,33,33,1264944,33984,29,31,0
7293,0.966,6.445,0.013,7.423,9.082,16644,23067,0,36,33,33,1264944,33984,29,31,0
7294,0.960,0.451,0.013,1.424,7.668,16644,23067,0,36,33,33,1264944,33984,29,31,0
7295,0.928,0.429,0.036,1.393,1.625,16644,23067,0,36,33,33,1264944,33984,29,31,0
7296,0.854,0.367,0.011,1.231,1.583,16644,23067,0,36,33,33,1264944,33984,29,31,0
7297,0.834,0.402,0.017,1.253,1.403,16644,23067,0,36,33,33,1264944,33984,29,31,0
7298,0.858,0.588,0.014,1.460,1.428,16644,23067,0,36,33,33,1264944,33984,29,31,0
7299,0.830,4.128,0.015,4.973,1.631,16644,23067,0,36,33,33,1264944,33984,29,31,0
7300,0.841,11.112,0.012,11.965,5.167,16644,23067,0,36,33,33,1264944,33984,29,31,0
7301,0.931,6.828,0.018,7.778,12.177,16644,23067,0,36,33,33,1264944,33984,29,31,0
7302,0.944,0.430,0.013,1.387,7.981,16644,23067,0,36,33,33,1264944,33984,29,31,0
7303,0.930,0.387,0.014,1.330,1.587,16644,23067,0,36,33,33,1264944,33984,29,31,0
7304,0.814,0.395,0.011,1.220,1.523,16644,23067,0,36,33,33,1264944,33984,29,31,0
7305,0.867,0.428,0.021,1.316,1.406,16644,23067,0,36,33,33,1264944,33984,29,31,0
7306,0.853,4.221,0.024,5.098,1.498,16644,23067,0,36,33,33,1264944,33984,29,31,0
7307,0.868,13.001,0.017,13.887,5.311,16644,23067,0,36,33,33,1264944,33984,29,31,0
7308,0.959,6.888,0.013,7.860,14.120,16644,23067,0,36,33,33,1264944,33984,29,31,0
7309,0.942,0.429,0.012,1.383,8.081,16644,23067,0,36,33,33,1264944,33984,29,31,0
7310,0.927,0.413,0.019,1.359,1.597,16644,23067,0,36,33,33,1264944,33984,29,31,0
7311,0.994,0.486,0.024,1.503,1.566,16644,23067,0,36,33,33,1264944,33984,29,31,0
7312,0.869,0.389,0.025,1.283,1.673,16644,23067,0,36,33,33,1264944,33984,29,31,0
7313,0.832,0.579,0.013,1.424,1.449,16644,23067,0,36,33,33,1264944,33984,29,31,0
7314,0.796,3.502,0.018,4.316,1.602,16644,23067,0,36,33,33,1264944,33984,29,31,0
7315,0.836,11.951,0.016,12.803,4.516,16644,23067,0,36,33,33,1264944,33984,29,31,0
7316,0.825,6.913,0.012,7.751,13.020,16644,23067,0,36,33,33,1264944,33984,29,31,0
7317,0.818,0.459,0.020,1.297,7.942,16644,23067,0,36,33,33,1264944,33984,29,31,0
7318,0.836,0.463,0.014,1.312,1.470,16644,23067,0,36,33,33,1264944,33984,29,31,0
7319,0.818,0.427,0.018,1.262,1.482,16644,23067,0,36,33,33,1264944,33984,29,31,0
7320,0.845,0.486,0.017,1.348,1.429,16644,23067,0,36,33,33,1264944,33984,29,31,0
7321,0.864,0.812,0.013,1.689,1.539,16644,23067,0,36,33,33,1264944,33984,29,31,0
7322,0.803,3.593,0.017,4.414,1.869,16644,23067,0,36,33,33,1264944,33984,29,31,0
7323,0.813,11.760,0.015,12.588,4.586,16644,23067,0,36,33,33,1264944,33984,29,31,0
7324,0.821,6.915,0.013,7.750,12.767,16644,23067,0,36,33,33,1264944,33984,29,31,0
7325,0.812,0.340,0.012,1.164,7.931,16644,23067,0,36,33,33,1264944,33984,29,31,0
7326,0.796,0.386,0.013,1.194,1.334,16644,23067,0,36,33,33,1264944,33984,29,31,0
7327,0.807,0.566,0.015,1.388,1.372,16644,23067,0,36,33,33,1264944,33984,29,31,0
7328,0.836,0.608,0.009,1.454,1.566,16644,23067,0,36,33,33,1264944,33984,29,31,0
7329,0.810,0.428,0.014,1.253,1.633,16644,23067,0,36,33,33,1264944,33984,29,31,0
7330,0.837,2.724,0.012,3.573,1.423,16644,23067,0,36,33,33,1264944,33984,29,31,0
7331,0.728,13.360,0.014,14.102,3.742,16644,23067,0,36,33,33,1264944,33984,29,31,0
7332,0.813,6.875,0.009,7.697,14.280,16644,23067,0,36,33,33,1264944,33984,29,31,0
7333,0.785,0.371,0.015,1.171,7.886,16644,23067,0,36,33,33,1264944,33984,29,31,0
7334,0.810,0.428,0.012,1.250,1.339,16644,23067,0,36,33,33,1264944,33984,29,31,0
7335,0.808,0.368,0.029,1.205,1.434,16644,23067,0,36,33,33,1264944,33984,29,31,0
7336,0.844,0.384,0.018,1.245,1.375,16644,23067,0,36,33,33,1264944,33984,29,31,0
7337,0.798,10.347,0.012,11.157,1.417,16644,23067,0,36,33,33,1264944,33984,29,31,0
7338,0.835,7.512,0.010,8.358,11.343,16644,23067,0,36,33,33,1264944,33984,29,31,0
7339,0.814,7.028,0.010,7.853,8.558,16644,23067,0,36,33,33,1264944,33984,29,31,0
7340,0.823,0.388,0.015,1.226,8.039,16644,23067,0,36,33,33,1264944,33984,29,31,0
7341,0.810,0.367,0.012,1.189,1.400,16644,23067,0,36,33,33,1264944,33984,29,31,0
7342,0.811,0.403,0.016,1.231,1.368,16644,23067,0,36,33,33,1264944,33984,29,31,0
7343,0.817,0.412,0.014,1.243,1.393,16644,23067,0,36,33,33,1264944,33984,29,31,0
7344,0.803,10.164,0.018,10.985,1.412,16644,23067,0,36,33,33,1264944,33984,29,31,0
7345,0.833,7.550,0.016,8.398,11.181,16644,23067,0,36,33,33,1264944,33984,29,31,0
7346,1.137,6.740,0.019,7.896,8.581,16644,23067,0,36,33,33,1264944,33984,29,31,0
7347,0.924,0.442,0.013,1.379,8.126,16644,23067,0,36,33,33,1264944,33984,29,31,0
7348,0.813,0.389,0.015,1.217,1.579,16644,23067,0,36,33,33,1264944,33984,29,31,0
7349,0.812,0.380,0.038,1.230,1.385,16644,23067,0,36,33,33,1264944,33984,29,31,0
7350,0.873,0.416,0.021,1.311,1.413,16644,23067,0,36,33,33,1264944,33984,29,31,0
7351,0.818,4.107,0.013,4.938,1.482,16644,23067,0,36,33,33,1264944,33984,29,31,0
7352,0.815,13.180,0.013,14.008,5.129,16644,23067,0,36,33,33,1264944,33984,29,31,0
7353,0.863,6.949,0.016,7.828,14.229,16644,23067,0,36,33,33,1264944,33984,29,31,0
7354,0.943,0.436,0.013,1.392,8.029,16644,23067,0,36,33,33,1264944,33984,29,31,0
7355,0.915,0.416,0.013,1.345,1.586,16644,23067,0,36,33,33,1264944,33984,29,31,0
7356,0.815,0.392,0.015,1.222,1.528,16644,23067,0,36,33,33,1264944,33984,29,31,0
7357,0.854,0.406,0.016,1.276,1.400,16644,23067,0,36,33,33,1264944,33984,29,31,0
7358,0.840,0.938,0.014,1.792,1.452,16644,23067,0,36,33,33,1264944,33984,29,31,0
7359,0.791,3.513,0.010,4.314,1.965,16644,23067,0,36,33,33,1264944,33984,29,31,0
7360,0.840,11.855,0.019,12.713,4.490,16644,23067,0,36,33,33,1264944,33984,29,31,0
7361,0.809,6.826,0.009,7.644,12.900,16644,23067,0,36,33,33,1264944,33984,29,31,0
7362,0.814,0.405,0.019,1.238,7.837,16644,23067,0,36,33,33,1264944,33984,29,31,0
7363,0.849,0.407,0.015,1.271,1.432,16644,23067,0,36,33,33,1264944,33984,29,31,0
7364,0.827,0.373,0.011,1.210,1.445,16644,23067,0,36,33,33,1264944,33984,29,31,0
7365,0.852,0.395,0.023,1.270,1.376,16644,23067,0,36,33,33,1264944,33984,29,31,0
7366,0.800,10.400,0.015,11.214,1.440,16644,23067,0,36,33,33,1264944,33984,29,31,0
7367,0.839,7.702,0.025,8.567,11.406,16644,23067,0,36,33,33,1264944,33984,29,31,0
7368,0.829,6.694,0.021,7.543,8.771,16644,23067,0,36,33,33,1264944,33984,29,31,0
7369,0.972,0.461,0.012,1.445,7.770,16644,23067,0,36,33,33,1264944,33984,29,31,0
7370,0.939,0.378,0.010,1.327,1.646,16644,23067,0,36,33,33,1264944,33984,29,31,0
7371,0.813,0.423,0.018,1.254,1.517,16644,23067,0,36,33,33,1264944,33984,29,31,0
7372,0.844,0.454,0.024,1.321,1.425,16644,23067,0,36,33,33,1264944,33984,29,31,0
7373,0.823,0.647,0.011,1.480,1.509,16644,23067,0,36,33,33,1264944,33984,29,31,0
7374,0.809,3.559,0.010,4.378,1.658,16644,23067,0,36,33,33,1264944,33984,29,31,0
7375,0.842,11.858,0.010,12.709,4.560,16644,23067,0,36,33,33,1264944,33984,29,31,0
7376,0.794,6.857,0.015,7.666,12.915,16644,23067,0,36,33,33,1264944,33984,29,31,0
7377,0.923,0.404,0.014,1.341,7.885,16644,23067,0,36,33,33,1264944,33984,29,31,0
7378,0.934,0.340,0.014,1.289,1.541,16644,23067,0,36,33,33,1264944,33984,29,31,0
7379,0.791,0.379,0.007,1.178,1.478,16644,23067,0,36,33,33,1264944,33984,29,31,0
7380,0.816,0.346,0.017,1.179,1.346,16644,23067,0,36,33,33,1264944,33984,29,31,0
7381,0.793,9.984,0.012,10.789,1.349,16644,23067,0,36,33,33,1264944,33984,29,31,0
7382,0.811,7.973,0.013,8.798,10.991,16644,23067,0,36,33,33,1264944,33984,29,31,0
7383,0.932,6.419,0.025,7.376,9.022,16644,23067,0,36,33,33,1264944,33984,29,31,0
7384,0.910,0.436,0.012,1.358,7.580,16644,23067,0,36,33,33,1264944,33984,29,31,0
7385,0.922,0.451,0.016,1.389,1.545,16644,23067,0,36,33,33,1264944,33984,29,31,0
7386,1.001,0.409,0.022,1.433,1.595,16644,23067,0,36,33,33,1264944,33984,29,31,0
7387,0.843,0.442,0.010,1.295,1.609,16644,23067,0,36,33,33,1264944,33984,29,31,0
7388,0.842,1.019,0.012,1.873,1.463,16644,23067,0,36,33,33,1264944,33984,29,31,0
7389,0.784,3.353,0.014,4.151,2.058,16644,23067,0,36,33,33,1264944,33984,29,31,0
7390,0.817,11.692,0.041,12.551,4.333,16644,23067,0,36,33,33,1264944,33984,29,31,0
7391,0.957,6.826,0.019,7.802,12.751,16644,23067,0,36,33,33,1264944,33984,29,31,0
7392,0.928,0.482,0.016,1.426,8.001,16644,23067,0,36,33,33,1264944,33984,29,31,0
7393,0.961,0.450,0.020,1.432,1.641,16644,23067,0,36,33,33,1264944,33984,29,31,0
7394,0.850,0.399,0.019,1.268,1.637,16644,23067,0,36,33,33,1264944,33984,29,31,0
7395,0.835,0.381,0.011,1.227,1.436,16644,23067,0,36,33,33,1264944,33984,29,31,0
7396,0.836,0.898,0.016,1.750,1.391,16644,23067,0,36,33,33,1264944,33984,29,31,0
7397,0.808,3.282,0.012,4.103,1.932,16644,23067,0,36,33,33,1264944,33984,29,31,0
7398,0.817,11.968,0.017,12.802,4.290,16644,23067,0,36,33,33,1264944,33984,29,31,0
7399,0.940,6.777,0.015,7.732,13.007,16644,23067,0,36,33,33,1264944,33984,29,31,0
7400,0.938,0.426,0.030,1.393,7.953,16644,23067,0,36,33,33,1264944,33984,29,31,0
7401,0.942,0.448,0.020,1.410,1.595,16644,23067,0,36,33,33,1264944,33984,29,31,0
7402,0.920,0.388,0.016,1.324,1.620,16644,23067,0,36,33,33,1264944,33984,29,31,0
7403,0.835,0.410,0.013,1.258,1.521,16644,23067,0,36,33,33,1264944,33984,29,31,0
7404,0.807,9.646,0.019,10.472,1.421,16644,23067,0,36,33,33,1264944,33984,29,31,0
7405,0.831,8.085,0.017,8.933,10.678,16644,23067,0,36,33,33,1264944,33984,29,31,0
7406,0.942,6.437,0.011,7.391,9.134,16644,23067,0,36,33,33,1264944,33984,29,31,0
7407,0.953,0.470,0.020,1.443,7.607,16644,23067,0,36,33,33,1264944,33984,29,31,0
7408,0.967,0.430,0.068,1.464,1.662,16644,23067,0,36,33,33,1264944,33984,29,31,0
7409,0.956,0.409,0.012,1.376,1.664,16644,23067,0,36,33,33,1264944,33984,29,31,0
7410,0.831,0.384,0.013,1.228,1.560,16644,23067,0,36,33,33,1264944,33984,29,31,0
7411,0.825,0.404,0.014,1.244,1.409,16644,23067,0,36,33,33,1264944,33984,29,31,0
7412,0.793,3.202,0.017,4.012,1.409,16644,23067,0,36,33,33,1264944,33984,29,31,0
7413,0.832,12.249,0.015,13.096,4.203,16644,23067,0,36,33,33,1264944,33984,29,31,0
7414,0.806,6.853,0.014,7.672,13.291,16644,23067,0,36,33,33,1264944,33984,29,31,0
7415,0.810,0.374,0.017,1.200,7.860,16644,23067,0,36,33,33,1264944,33984,29,31,0
7416,0.814,0.395,0.021,1.230,1.387,16644,23067,0,36,33,33,1264944,33984,29,31,0
7417,0.802,0.366,0.015,1.183,1.405,16644,23067,0,36,33,33,1264944,33984,29,31,0
7418,0.844,0.666,0.018,1.527,1.395,16644,23067,0,36,33,33,1264944,33984,29,31,0
7419,0.809,4.845,0.022,5.676,1.697,16644,23067,0,36,33,33,1264944,33984,29,31,0
7420,0.846,13.176,0.014,14.036,5.880,16644,23067,0,36,33,33,1264944,33984,29,31,0
7421,0.930,8.649,0.016,9.595,14.245,16644,23067,0,36,33,33,1264944,33984,29,31,0
7422,0.939,5.882,0.015,6.835,9.800,16644,23067,0,36,33,33,1264944,33984,29,31,0
7423,0.992,7.155,0.017,8.164,7.030,16644,23067,0,36,33,33,1264944,33984,29,31,0
7424,0.965,6.314,0.014,7.294,8.380,16644,23067,0,36,33,33,1264944,33984,29,31,0
7425,1.158,6.585,0.014,7.757,7.567,16644,23067,0,36,33,33,1264944,33984,29,31,0
7426,1.145,0.532,0.027,1.703,8.009,16644,23067,0,36,33,33,1264944,33984,29,31,0
7427,1.170,1.096,0.011,2.277,1.943,16644,23067,0,36,33,33,1264944,33984,29,31,0
7428,0.961,0.509,0.020,1.489,2.506,16644,23067,0,36,33,33,1264944,33984,29,31,0
7429,0.983,1.369,0.024,2.376,1.719,16644,23067,0,36,33,33,1264944,33984,29,31,0
7430,0.865,4.438,0.014,5.317,2.556,16644,23067,0,36,33,33,1264944,33984,29,31,0
7431,1.176,9.940,0.029,11.145,5.490,16644,23067,0,36,33,33,1264944,33984,29,31,0
7432,1.155,6.359,0.017,7.531,11.403,16644,23067,0,36,33,33,1264944,33984,29,31,0
7433,1.148,0.526,0.020,1.694,7.794,16644,23067,0,36,33,33,1264944,33984,29,31,0
7434,1.155,0.504,0.028,1.687,1.942,16644,23067,0,36,33,33,1264944,33984,29,31,0
7435,1.147,0.526,0.031,1.704,1.934,16644,23067,0,36,33,33,1264944,33984,29,31,0
7436,1.076,0.446,0.014,1.535,1.952,16644,23067,0,36,33,33,1264944,33984,29,31,0
7437,0.933,3.262,0.026,4.221,1.739,16644,23067,0,36,33,33,1264944,33984,29,31,0
7438,1.028,12.230,0.022,13.280,4.450,16644,23067,0,36,33,33,1264944,33984,29,31,0
7439,1.184,7.167,0.043,8.393,13.534,16644,23067,0,36,33,33,1264944,33984,29,31,0
7440,1.554,0.824,0.035,2.412,8.743,16644,23067,0,36,33,33,1264944,33984,29,31,0
7441,1.199,0.623,0.020,1.842,2.702,16644,23067,0,36,33,33,1264944,33984,29,31,0
7442,1.004,0.540,0.020,1.564,2.051,16644,23067,0,36,33,33,1264944,33984,29,31,0
7443,1.274,2.513,0.025,3.812,1.850,16644,23067,0,36,33,33,1264944,33984,29,31,0
7444,1.075,13.442,0.023,14.540,4.075,16644,23067,0,36,33,33,1264944,33984,29,31,0
7445,1.021,5.850,0.024,6.894,14.776,16644,23067,0,36,33,33,1264944,33984,29,31,0
7446,0.994,0.475,0.023,1.492,7.148,16644,23067,0,36,33,33,1264944,33984,29,31,0
7447,0.944,0.493,0.028,1.465,1.708,16644,23067,0,36,33,33,1264944,33984,29,31,0
7448,1.004,0.496,0.014,1.514,1.658,16644,23067,0,36,33,33,1264944,33984,29,31,0
7449,0.964,5.071,0.016,6.051,1.718,16644,23067,0,36,33,33,1264944,33984,29,31,0
7450,0.898,12.875,0.021,13.794,6.247,16644,23067,0,36,33,33,1264944,33984,29,31,0
7451,0.954,6.852,0.020,7.826,14.001,16644,23067,0,36,33,33,1264944,33984,29,31,0
7452,1.018,0.479,0.018,1.515,8.061,16644,23067,0,36,33,33,1264944,33984,29,31,0
7453,0.958,0.571,0.027,1.555,1.726,16644,23067,0,36,33,33,1264944,33984,29,31,0
7454,1.031,0.480,0.020,1.531,1.772,16644,23067,0,36,33,33,1264944,33984,29,31,0
7455,0.920,6.382,0.019,7.321,1.741,16644,23067,0,36,33,33,1264944,33984,29,31,0
7456,0.876,11.135,0.015,12.026,7.528,16644,23067,0,36,33,33,1264944,33984,29,31,0
7457,0.981,6.773,0.012,7.766,12.244,16644,23067,0,36,33,33,1264944,33984,29,31,0
7458,0.942,0.468,0.021,1.430,7.998,16644,23067,0,36,33,33,1264944,33984,29,31,0
7459,0.930,0.425,0.012,1.367,1.629,16644,23067,0,36,33,33,1264944,33984,29,31,0
7460,0.994,0.512,0.012,1.517,1.566,16644,23067,0,36,33,33,1264944,33984,29,31,0
7461,0.913,0.394,0.012,1.320,1.708,16644,23067,0,36,33,33,1264944,33984,29,31,0
7462,0.838,5.430,0.019,6.288,1.495,16644,23067,0,36,33,33,1264944,33984,29,31,0
7463,0.955,11.448,0.017,12.420,6.513,16644,23067,0,36,33,33,1264944,33984,29,31,0
7464,0.931,6.808,0.018,7.757,12.634,16644,23067,0,36,33,33,1264944,33984,29,31,0
7465,0.929,0.426,0.012,1.367,7.968,16644,23067,0,36,33,33,1264944,33984,29,31,0
7466,0.919,0.407,0.010,1.336,1.563,16644,23067,0,36,33,33,1264944,33984,29,31,0
7467,0.929,0.439,0.015,1.383,1.541,16644,23067,0,36,33,33,1264944,33984,29,31,0
7468,0.955,0.416,0.019,1.390,1.579,16644,23067,0,36,33,33,1264944,33984,29,31,0
7469,0.930,3.606,0.014,4.550,1.584,16644,23067,0,36,33,33,1264944,33984,29,31,0
7470,0.792,13.332,0.017,14.141,4.766,16644,23067,0,36,33,33,1264944,33984,29,31,0
7471,0.975,6.532,0.013,7.521,14.356,16644,23067,0,36,33,33,1264944,33984,29,31,0
7472,0.932,0.405,0.037,1.374,7.731,16644,23067,0,36,33,33,1264944,33984,29,31,0
7473,0.923,0.421,0.022,1.366,1.592,16644,23067,0,36,33,33,1264944,33984,29,31,0
7474,0.947,0.467,0.011,1.425,1.566,16644,23067,0,36,33,33,1264944,33984,29,31,0
7475,0.943,0.483,0.012,1.437,1.624,16644,23067,0,36,33,33,1264944,33984,29,31,0
7476,0.902,0.862,0.018,1.782,1.640,16644,23067,0,36,33,33,1264944,33984,29,31,0
7477,0.859,3.047,0.025,3.931,1.959,16644,23067,0,36,33,33,1264944,33984,29,31,0
7478,0.892,11.840,0.015,12.748,4.122,16644,23067,0,36,33,33,1264944,33984,29,31,0
7479,0.976,6.854,0.019,7.848,12.961,16644,23067,0,36,33,33,1264944,33984,29,31,0
7480,0.997,0.500,0.015,1.512,8.086,16644,23067,0,36,33,33,1264944,33984,29,31,0
7481,0.936,0.499,0.015,1.450,1.719,16644,23067,0,36,33,33,1264944,33984,29,31,0
7482,0.918,0.415,0.013,1.346,1.669,16644,23067,0,36,33,33,1264944,33984,29,31,0
7483,0.835,0.418,0.018,1.271,1.521,16644,23067,0,36,33,33,1264944,33984,29,31,0
7484,0.876,0.423,0.015,1.314,1.447,16644,23067,0,36,33,33,1264944,33984,29,31,0
7485,0.824,4.253,0.026,5.103,1.492,16644,23067,0,36,33,33,1264944,33984,29,31,0
7486,0.860,10.681,0.013,11.555,5.299,16644,23067,0,36,33,33,1264944,33984,29,31,0
7487,0.810,7.001,0.016,7.827,11.736,16644,23067,0,36,33,33,1264944,33984,29,31,0
7488,0.805,0.340,0.015,1.160,8.017,16644,23067,0,36,33,33,1264944,33984,29,31,0
7489,0.929,0.434,0.017,1.379,1.331,16644,23067,0,36,33,33,1264944,33984,29,31,0
7490,0.913,0.366,0.011,1.290,1.585,16644,23067,0,36,33,33,1264944,33984,29,31,0
7491,0.829,0.414,0.014,1.257,1.457,16644,23067,0,36,33,33,1264944,33984,29,31,0
7492,0.812,10.565,0.015,11.392,1.435,16644,23067,0,36,33,33,1264944,33984,29,31,0
7493,0.845,7.498,0.023,8.366,11.587,16644,23067,0,36,33,33,1264944,33984,29,31,0
7494,0.975,6.293,0.015,7.283,8.597,16644,23067,0,36,33,33,1264944,33984,29,31,0
7495,0.949,0.405,0.036,1.390,7.487,16644,23067,0,36,33,33,1264944,33984,29,31,0
7496,0.921,0.381,0.012,1.314,1.577,16644,23067,0,36,33,33,1264944,33984,29,31,0
7497,0.800,0.364,0.009,1.173,1.492,16644,23067,0,36,33,33,1264944,33984,29,31,0
7498,0.817,0.384,0.019,1.220,1.343,16644,23067,0,36,33,33,1264944,33984,29,31,0
7499,0.796,10.311,0.015,11.121,1.394,16644,23067,0,36,33,33,1264944,33984,29,31,0
7500,0.861,7.393,0.015,8.269,11.321,16644,23067,0,36,33,33,1264944,33984,29,31,0
7501,0.872,6.813,0.015,7.700,8.440,16644,23067,0,36,33,33,1264944,33984,29,31,0
7502,0.967,0.449,0.019,1.435,7.909,16644,23067,0,36,33,33,1264944,33984,29,31,0
7503,0.790,0.345,0.016,1.151,1.619,16644,23067,0,36,33,33,1264944,33984,29,31,0
7504,0.806,0.394,0.011,1.210,1.317,16644,23067,0,36,33,33,1264944,33984,29,31,0
7505,0.828,0.445,0.018,1.290,1.381,16644,23067,0,36,33,33,1264944,33984,29,31,0
7506,0.828,3.793,0.016,4.636,1.456,16644,23067,0,36,33,33,1264944,33984,29,31,0
7507,0.807,15.302,0.019,16.128,4.836,16644,23067,0,36,33,33,1264944,33984,29,31,0
7508,0.986,5.483,0.016,6.485,16.346,16644,23067,0,36,33,33,1264944,33984,29,31,0
7509,0.943,0.526,0.017,1.486,6.695,16644,23067,0,36,33,33,1264944,33984,29,31,0
7510,0.979,2.777,0.016,3.773,1.687,16644,23067,0,36,33,33,1264944,33984,29,31,0
7511,0.780,9.722,0.016,10.518,3.953,16644,23067,0,36,33,33,1264944,33984,29,31,0
7512,0.961,7.693,0.017,8.671,10.725,16644,23067,0,36,33,33,1264944,33984,29,31,0
7513,0.983,6.705,0.027,7.716,8.876,16644,23067,0,36,33,33,1264944,33984,29,31,0
7514,0.943,0.418,0.013,1.374,7.949,16644,23067,0,36,33,33,1264944,33984,29,31,0
7515,0.946,1.848,0.020,2.813,1.583,16644,23067,0,36,33,33,1264944,33984,29,31,0
7516,1.024,0.455,0.017,1.496,3.038,16644,23067,0,36,33,33,1264944,33984,29,31,0
7517,0.938,1.932,0.013,2.883,1.702,16644,23067,0,36,33,33,1264944,33984,29,31,0
7518,0.967,4.970,0.021,5.959,3.095,16644,23067,0,36,33,33,1264944,33984,29,31,0
7519,0.973,8.640,0.016,9.629,6.186,16644,23067,0,36,33,33,1264944,33984,29,31,0
7520,0.959,6.924,0.018,7.902,9.840,16644,23067,0,36,33,33,1264944,33984,29,31,0
7521,1.002,0.502,0.018,1.522,8.129,16644,23067,0,36,33,33,1264944,33984,29,31,0
7522,0.970,1.418,0.051,2.439,1.732,16644,23067,0,36,33,33,1264944,33984,29,31,0
7523,0.993,0.449,0.016,1.458,2.667,16644,23067,0,36,33,33,1264944,33984,29,31,0
7524,0.988,1.466,0.015,2.470,1.670,16644,23067,0,36,33,33,1264944,33984,29,31,0
7525,1.072,4.545,0.018,5.635,2.707,16644,23067,0,36,33,33,1264944,33984,29,31,0
7526,0.984,9.077,0.012,10.073,5.850,16644,23067,0,36,33,33,1264944,33984,29,31,0
7527,0.974,7.266,0.019,8.258,10.295,16644,23067,0,36,33,33,1264944,33984,29,31,0
7528,0.999,0.528,0.012,1.539,8.477,16644,23067,0,36,33,33,1264944,33984,29,31,0
7529,0.976,1.344,0.063,2.383,1.745,16644,23067,0,36,33,33,1264944,33984,29,31,0
7530,1.074,0.673,0.024,1.771,2.638,16644,23067,0,36,33,33,1264944,33984,29,31,0
7531,1.034,0.618,0.009,1.662,1.994,16644,23067,0,36,33,33,1264944,33984,29,31,0
7532,0.996,3.037,0.015,4.047,1.869,16644,23067,0,36,33,33,1264944,33984,29,31,0
7533,0.987,11.410,0.031,12.428,4.274,16644,23067,0,36,33,33,1264944,33984,29,31,0
7534,1.031,6.576,0.025,7.633,12.663,16644,23067,0,36,33,33,1264944,33984,29,31,0
7535,0.956,0.502,0.014,1.472,7.856,16644,23067,0,36,33,33,1264944,33984,29,31,0
7536,0.928,0.496,0.018,1.441,1.665,16644,23067,0,36,33,33,1264944,33984,29,31,0
7537,1.059,0.516,0.025,1.600,1.653,16644,23067,0,36,33,33,1264944,33984,29,31,0
7538,0.970,6.403,0.038,7.411,1.802,16644,23067,0,36,33,33,1264944,33984,29,31,0
7539,0.976,11.379,0.014,12.369,7.637,16644,23067,0,36,33,33,1264944,33984,29,31,0
7540,1.007,6.583,0.024,7.614,12.636,16644,23067,0,36,33,33,1264944,33984,29,31,0
7541,0.978,0.453,0.018,1.450,7.833,16644,23067,0,36,33,33,1264944,33984,29,31,0
7542,0.919,0.418,0.021,1.358,1.646,16644,23067,0,36,33,33,1264944,33984,29,31,0
7543,0.987,0.505,0.025,1.517,1.560,16644,23067,0,36,33,33,1264944,33984,29,31,0
7544,0.926,0.460,0.022,1.407,1.722,16644,23067,0,36,33,33,1264944,33984,29,31,0
7545,0.823,5.028,0.025,5.876,1.601,16644,23067,0,36,33,33,1264944,33984,29,31,0
7546,0.853,11.622,0.017,12.493,6.076,16644,23067,0,36,33,33,1264944,33984,29,31,0
7547,0.974,7.155,0.020,8.149,12.719,16644,23067,0,36,33,33,1264944,33984,29,31,0
7548,0.971,0.521,0.010,1.502,8.360,16644,23067,0,36,33,33,1264944,33984,29,31,0
7549,0.967,1.425,0.013,2.405,1.712,16644,23067,0,36,33,33,1264944,33984,29,31,0
7550,0.983,0.450,0.018,1.452,2.650,16644,23067,0,36,33,33,1264944,33984,29,31,0
7551,0.958,0.446,0.019,1.423,1.666,16644,23067,0,36,33,33,1264944,33984,29,31,0
7552,0.845,4.850,0.016,5.712,1.627,16644,23067,0,36,33,33,1264944,33984,29,31,0
7553,0.882,10.210,0.018,11.110,5.913,16644,23067,0,36,33,33,1264944,33984,29,31,0
7554,0.953,6.869,0.019,7.841,11.324,16644,23067,0,36,33,33,1264944,33984,29,31,0
7555,0.938,0.475,0.013,1.427,8.054,16644,23067,0,36,33,33,1264944,33984,29,31,0
7556,0.925,0.394,0.015,1.335,1.640,16644,23067,0,36,33,33,1264944,33984,29,31,0
7557,0.863,0.370,0.009,1.242,1.536,16644,23067,0,36,33,33,1264944,33984,29,31,0
7558,0.833,0.579,0.016,1.428,1.410,16644,23067,0,36,33,33,1264944,33984,29,31,0
7559,0.848,0.730,0.017,1.595,1.608,16644,23067,0,36,33,33,1264944,33984,29,31,0
7560,0.842,4.835,0.025,5.702,1.787,16644,23067,0,36,33,33,1264944,33984,29,31,0
7561,0.860,10.246,0.018,11.124,5.915,16644,23067,0,36,33,33,1264944,33984,29,31,0
7562,0.948,6.797,0.018,7.763,11.318,16644,23067,0,36,33,33,1264944,33984,29,31,0
7563,0.953,0.453,0.017,1.422,7.981,16644,23067,0,36,33,33,1264944,33984,29,31,0
7564,0.929,0.418,0.012,1.358,1.644,16644,23067,0,36,33,33,1264944,33984,29,31,0
7565,0.801,0.433,0.016,1.250,1.544,16644,23067,0,36,33,33,1264944,33984,29,31,0
7566,0.849,0.493,0.013,1.355,1.445,16644,23067,0,36,33,33,1264944,33984,29,31,0
7567,0.825,9.725,0.020,10.569,1.536,16644,23067,0,36,33,33,1264944,33984,29,31,0
7568,0.854,7.652,0.015,8.521,10.759,16644,23067,0,36,33,33,1264944,33984,29,31,0
7569,0.966,6.501,0.014,7.481,8.736,16644,23067,0,36,33,33,1264944,33984,29,31,0
7570,0.958,0.429,0.010,1.397,7.692,16644,23067,0,36,33,33,1264944,33984,29,31,0
7571,0.914,0.450,0.012,1.376,1.593,16644,23067,0,36,33,33,1264944,33984,29,31,0
7572,0.992,0.476,0.024,1.492,1.587,16644,23067,0,36,33,33,1264944,33984,29,31,0
7573,0.867,0.435,0.011,1.312,1.682,16644,23067,0,36,33,33,1264944,33984,29,31,0
7574,0.858,1.082,0.013,1.953,1.483,16644,23067,0,36,33,33,1264944,33984,29,31,0
7575,0.841,4.560,0.027,5.428,2.141,16644,23067,0,36,33,33,1264944,33984,29,31,0
7576,0.845,10.538,0.019,11.403,5.626,16644,23067,0,36,33,33,1264944,33984,29,31,0
7577,0.989,6.477,0.013,7.479,11.629,16644,23067,0,36,33,33,1264944,33984,29,31,0
7578,0.951,0.430,0.012,1.392,7.693,16644,23067,0,36,33,33,1264944,33984,29,31,0
7579,0.852,0.370,0.015,1.237,1.603,16644,23067,0,36,33,33,1264944,33984,29,31,0
7580,0.789,0.388,0.063,1.240,1.412,16644,23067,0,36,33,33,1264944,33984,29,31,0
7581,0.828,0.473,0.010,1.311,1.409,16644,23067,0,36,33,33,1264944,33984,29,31,0
7582,0.908,2.265,0.019,3.193,1.485,16644,23067,0,36,33,33,1264944,33984,29,31,0
7583,0.884,14.867,0.020,15.771,3.385,16644,23067,0,36,33,33,1264944,33984,29,31,0
7584,0.829,7.027,0.017,7.872,15.957,16644,23067,0,36,33,33,1264944,33984,29,31,0
7585,0.943,0.427,0.014,1.384,8.093,16644,23067,0,36,33,33,1264944,33984,29,31,0
7586,0.934,0.413,0.013,1.360,1.581,16644,23067,0,36,33,33,1264944,33984,29,31,0
7587,0.796,0.396,0.020,1.212,1.531,16644,23067,0,36,33,33,1264944,33984,29,31,0
7588,0.836,0.532,0.023,1.391,1.384,16644,23067,0,36,33,33,1264944,33984,29,31,0
7589,0.873,0.760,0.021,1.655,1.567,16644,23067,0,36,33,33,1264944,33984,29,31,0
7590,0.831,3.440,0.012,4.284,1.839,16644,23067,0,36,33,33,1264944,33984,29,31,0
7591,0.961,12.070,0.021,13.052,4.541,16644,23067,0,36,33,33,1264944,33984,29,31,0
7592,1.039,6.276,0.017,7.333,13.264,16644,23067,0,36,33,33,1264944,33984,29,31,0
7593,0.955,0.443,0.012,1.411,7.554,16644,23067,0,36,33,33,1264944,33984,29,31,0
7594,0.920,0.374,0.011,1.305,1.607,16644,23067,0,36,33,33,1264944,33984,29,31,0
7595,0.809,0.355,0.012,1.177,1.465,16644,23067,0,36,33,33,1264944,33984,29,31,0
7596,0.797,0.442,0.024,1.264,1.357,16644,23067,0,36,33,33,1264944,33984,29,31,0
7597,0.840,10.161,0.015,11.017,1.438,16644,23067,0,36,33,33,1264944,33984,29,31,0
7598,0.820,7.474,0.030,8.323,11.222,16644,23067,0,36,33,33,1264944,33984,29,31,0
7599,0.989,6.642,0.014,7.645,8.537,16644,23067,0,36,33,33,1264944,33984,29,31,0
7600,0.945,0.475,0.011,1.431,7.854,16644,23067,0,36,33,33,1264944,33984,29,31,0
7601,0.798,0.366,0.017,1.181,1.618,16644,23067,0,36,33,33,1264944,33984,29,31,0
7602,0.854,0.402,0.015,1.272,1.364,16644,23067,0,36,33,33,1264944,33984,29,31,0
7603,0.855,0.431,0.017,1.304,1.449,16644,23067,0,36,33,33,1264944,33984,29,31,0
7604,0.856,0.898,0.013,1.767,1.491,16644,23067,0,36,33,33,1264944,33984,29,31,0
7605,0.812,3.063,0.021,3.895,1.954,16644,23067,0,36,33,33,1264944,33984,29,31,0
7606,0.823,11.878,0.014,12.715,4.068,16644,23067,0,36,33,33,1264944,33984,29,31,0
7607,0.800,7.051,0.021,7.872,12.923,16644,23067,0,36,33,33,1264944,33984,29,31,0
7608,0.953,0.407,0.016,1.376,8.083,16644,23067,0,36,33,33,1264944,33984,29,31,0
7609,0.804,0.362,0.010,1.176,1.557,16644,23067,0,36,33,33,1264944,33984,29,31,0
7610,0.789,0.363,0.013,1.165,1.341,16644,23067,0,36,33,33,1264944,33984,29,31,0
7611,0.827,0.610,0.012,1.449,1.341,16644,23067,0,36,33,33,1264944,33984,29,31,0
7612,0.812,0.400,0.011,1.224,1.622,16644,23067,0,36,33,33,1264944,33984,29,31,0
7613,0.777,0.329,0.013,1.118,1.391,16644,23067,0,36,33,33,1264944,33984,29,31,0
7614,0.707,2.798,0.014,3.519,1.264,16644,23067,0,36,33,33,1264944,33984,29,31,0
7615,0.744,12.285,0.014,13.043,3.683,16644,23067,0,36,33,33,1264944,33984,29,31,0
7616,0.798,6.959,0.012,7.769,13.236,16644,23067,0,36,33,33,1264944,33984,29,31,0
7617,0.804,0.361,0.025,1.190,7.951,16644,23067,0,36,33,33,1264944,33984,29,31,0
7618,0.802,0.342,0.015,1.159,1.371,16644,23067,0,36,33,33,1264944,33984,29,31,0
7619,0.782,0.443,0.022,1.247,1.332,16644,23067,0,36,33,33,1264944,33984,29,31,0
7620,0.838,0.455,0.017,1.311,1.421,16644,23067,0,36,33,33,1264944,33984,29,31,0
7621,0.796,10.117,0.012,10.925,1.481,16644,23067,0,36,33,33,1264944,33984,29,31,0
7622,0.815,8.051,0.013,8.879,11.103,16644,23067,0,36,33,33,1264944,33984,29,31,0
7623,0.847,6.559,0.016,7.422,9.064,16644,23067,0,36,33,33,1264944,33984,29,31,0
7624,0.784,0.692,0.009,1.485,7.615,16644,23067,0,36,33,33,1264944,33984,29,31,0
7625,0.856,0.404,0.017,1.277,1.661,16644,23067,0,36,33,33,1264944,33984,29,31,0
7626,0.790,0.416,0.046,1.252,1.452,16644,23067,0,36,33,33,1264944,33984,29,31,0
7627,0.883,0.504,0.011,1.398,1.442,16644,23067,0,36,33,33,1264944,33984,29,31,0
7628,0.833,3.743,0.015,4.591,1.575,16644,23067,0,36,33,33,1264944,33984,29,31,0
7629,0.795,14.395,0.023,15.214,4.786,16644,23067,0,36,33,33,1264944,33984,29,31,0
7630,0.942,5.888,0.018,6.847,15.418,16644,23067,0,36,33,33,1264944,33984,29,31,0
7631,0.958,7.076,0.024,8.058,7.073,16644,23067,0,36,33,33,1264944,33984,29,31,0
7632,0.997,7.335,0.014,8.347,8.257,16644,23067,0,36,33,33,1264944,33984,29,31,0
7633,0.947,7.434,0.024,8.405,8.553,16644,23067,0,36,33,33,1264944,33984,29,31,0
7634,0.954,6.661,0.028,7.643,8.607,16644,23067,0,36,33,33,1264944,33984,29,31,0
7635,1.139,0.483,0.018,1.640,7.889,16644,23067,0,36,33,33,1264944,33984,29,31,0
7636,1.136,0.435,0.015,1.585,1.889,16644,23067,0,36,33,33,1264944,33984,29,31,0
7637,0.943,0.432,0.015,1.390,1.794,16644,23067,0,36,33,33,1264944,33984,29,31,0
7638,0.963,0.440,0.016,1.418,1.589,16644,23067,0,36,33,33,1264944,33984,29,31,0
7639,0.933,0.434,0.015,1.382,1.632,16644,23067,0,36,33,33,1264944,33984,29,31,0
7640,1.021,1.600,0.023,2.643,1.576,16644,23067,0,36,33,33,1264944,33984,29,31,0
7641,0.897,13.136,0.015,14.048,2.845,16644,23067,0,36,33,33,1264944,33984,29,31,0
7642,0.990,6.757,0.025,7.773,14.271,16644,23067,0,36,33,33,1264944,33984,29,31,0
7643,0.952,0.406,0.013,1.371,8.011,16644,23067,0,36,33,33,1264944,33984,29,31,0
7644,0.912,0.403,0.022,1.337,1.564,16644,23067,0,36,33,33,1264944,33984,29,31,0
7645,0.944,0.428,0.018,1.390,1.531,16644,23067,0,36,33,33,1264944,33984,29,31,0
7646,0.872,0.413,0.008,1.293,1.579,16644,23067,0,36,33,33,1264944,33984,29,31,0
7647,0.836,0.589,0.014,1.439,1.472,16644,23067,0,36,33,33,1264944,33984,29,31,0
7648,0.823,3.653,0.016,4.493,1.605,16644,23067,0,36,33,33,1264944,33984,29,31,0
7649,0.846,11.464,0.016,12.326,4.685,16644,23067,0,36,33,33,1264944,33984,29,31,0
7650,0.923,7.042,0.032,7.997,12.558,16644,23067,0,36,33,33,1264944,33984,29,31,0
7651,0.962,0.470,0.015,1.447,8.242,16644,23067,0,36,33,33,1264944,33984,29,31,0
7652,0.940,0.437,0.017,1.394,1.647,16644,23067,0,36,33,33,1264944,33984,29,31,0
7653,0.925,0.364,0.012,1.301,1.618,16644,23067,0,36,33,33,1264944,33984,29,31,0
7654,0.837,0.439,0.020,1.296,1.459,16644,23067,0,36,33,33,1264944,33984,29,31,0
7655,0.827,0.664,0.013,1.505,1.482,16644,23067,0,36,33,33,1264944,33984,29,31,0
7656,0.832,3.530,0.011,4.373,1.679,16644,23067,0,36,33,33,1264944,33984,29,31,0
7657,0.825,11.731,0.013,12.569,4.569,16644,23067,0,36,33,33,1264944,33984,29,31,0
7658,0.836,6.974,0.012,7.823,12.765,16644,23067,0,36,33,33,1264944,33984,29,31,0
7659,0.924,0.400,0.011,1.336,8.026,16644,23067,0,36,33,33,1264944,33984,29,31,0
7660,0.788,0.362,0.010,1.160,1.501,16644,23067,0,36,33,33,1264944,33984,29,31,0
7661,0.808,0.383,0.012,1.202,1.324,16644,23067,0,36,33,33,1264944,33984,29,31,0
7662,0.857,0.472,0.014,1.343,1.390,16644,23067,0,36,33,33,1264944,33984,29,31,0
7663,0.814,9.926,0.014,10.754,1.517,16644,23067,0,36,33,33,1264944,33984,29,31,0
7664,0.832,8.170,0.016,9.018,10.939,16644,23067,0,36,33,33,1264944,33984,29,31,0
7665,0.810,6.661,0.022,7.492,9.200,16644,23067,0,36,33,33,1264944,33984,29,31,0
7666,0.942,0.453,0.009,1.404,7.714,16644,23067,0,36,33,33,1264944,33984,29,31,0
7667,0.953,0.435,0.044,1.431,1.601,16644,23067,0,36,33,33,1264944,33984,29,31,0
7668,0.822,0.410,0.022,1.255,1.602,16644,23067,0,36,33,33,1264944,33984,29,31,0
7669,0.827,0.382,0.015,1.224,1.431,16644,23067,0,36,33,33,1264944,33984,29,31,0
7670,0.848,0.616,0.015,1.479,1.390,16644,23067,0,36,33,33,1264944,33984,29,31,0
7671,0.825,3.266,0.010,4.101,1.665,16644,23067,0,36,33,33,1264944,33984,29,31,0
7672,0.861,12.060,0.023,12.945,4.289,16644,23067,0,36,33,33,1264944,33984,29,31,0
7673,0.872,6.822,0.016,7.710,13.117,16644,23067,0,36,33,33,1264944,33984,29,31,0
7674,0.937,0.454,0.021,1.411,7.922,16644,23067,0,36,33,33,1264944,33984,29,31,0
7675,0.917,0.356,0.013,1.286,1.620,16644,23067,0,36,33,33,1264944,33984,29,31,0
7676,0.798,0.365,0.014,1.178,1.453,16644,23067,0,36,33,33,1264944,33984,29,31,0
7677,0.833,0.397,0.017,1.247,1.350,16644,23067,0,36,33,33,1264944,33984,29,31,0
7678,0.884,1.506,0.013,2.404,1.429,16644,23067,0,36,33,33,1264944,33984,29,31,0
7679,0.797,3.291,0.015,4.103,2.585,16644,23067,0,36,33,33,1264944,33984,29,31,0
7680,0.815,11.602,0.013,12.430,4.287,16644,23067,0,36,33,33,1264944,33984,29,31,0
7681,0.818,6.846,0.014,7.678,12.630,16644,23067,0,36,33,33,1264944,33984,29,31,0
7682,0.824,0.363,0.014,1.202,7.861,16644,23067,0,36,33,33,1264944,33984,29,31,0
7683,0.818,0.361,0.012,1.191,1.372,16644,23067,0,36,33,33,1264944,33984,29,31,0
7684,0.805,0.370,0.015,1.190,1.371,16644,23067,0,36,33,33,1264944,33984,29,31,0
7685,0.807,0.508,0.016,1.332,1.379,16644,23067,0,36,33,33,1264944,33984,29,31,0
7686,0.836,0.373,0.031,1.240,1.520,16644,23067,0,36,33,33,1264944,33984,29,31,0
7687,0.808,8.877,0.017,9.701,1.416,16644,23067,0,36,33,33,1264944,33984,29,31,0
7688,0.820,7.422,0.025,8.267,9.886,16644,23067,0,36,33,33,1264944,33984,29,31,0
7689,0.803,6.954,0.011,7.768,8.446,16644,23067,0,36,33,33,1264944,33984,29,31,0
7690,0.812,0.355,0.017,1.185,7.959,16644,23067,0,36,33,33,1264944,33984,29,31,0
7691,0.800,0.360,0.012,1.172,1.358,16644,23067,0,36,33,33,1264944,33984,29,31,0
7692,0.813,0.337,0.012,1.163,1.340,16644,23067,0,36,33,33,1264944,33984,29,31,0
7693,0.802,0.682,0.011,1.495,1.336,16644,23067,0,36,33,33,1264944,33984,29,31,0
7694,0.815,0.397,0.021,1.232,1.675,16644,23067,0,36,33,33,1264944,33984,29,31,0
7695,0.795,8.794,0.012,9.601,1.412,16644,23067,0,36,33,33,1264944,33984,29,31,0
7696,0.832,7.462,0.023,8.317,9.790,16644,23067,0,36,33,33,1264944,33984,29,31,0
7697,0.841,6.890,0.010,7.741,8.513,16644,23067,0,36,33,33,1264944,33984,29,31,0
7698,0.806,0.336,0.015,1.157,7.930,16644,23067,0,36,33,33,1264944,33984,29,31,0
7699,0.807,0.370,0.010,1.187,1.343,16644,23067,0,36,33,33,1264944,33984,29,31,0
7700,0.800,0.375,0.013,1.188,1.360,16644,23067,0,36,33,33,1264944,33984,29,31,0
7701,0.845,0.675,0.015,1.535,1.363,16644,23067,0,36,33,33,1264944,33984,29,31,0
7702,0.806,0.382,0.010,1.198,1.712,16644,23067,0,36,33,33,1264944,33984,29,31,0
7703,0.792,0.365,0.024,1.181,1.360,16644,23067,0,36,33,33,1264944,33984,29,31,0
7704,0.800,2.395,0.010,3.206,1.343,16644,23067,0,36,33,33,1264944,33984,29,31,0
7705,0.736,12.530,0.024,13.289,3.380,16644,23067,0,36,33,33,1264944,33984,29,31,0
7706,0.795,6.897,0.011,7.703,13.464,16644,23067,0,36,33,33,1264944,33984,29,31,0
7707,0.818,0.389,0.014,1.221,7.889,16644,23067,0,36,33,33,1264944,33984,29,31,0
7708,0.791,0.391,0.019,1.201,1.390,16644,23067,0,36,33,33,1264944,33984,29,31,0
7709,0.785,0.395,0.013,1.194,1.371,16644,23067,0,36,33,33,1264944,33984,29,31,0
7710,0.771,0.360,0.012,1.143,1.370,16644,23067,0,36,33,33,1264944,33984,29,31,0
7711,0.695,3.325,0.010,4.031,1.296,16644,23067,0,36,33,33,1264944,33984,29,31,0
7712,0.803,14.754,0.012,15.570,4.205,16644,23067,0,36,33,33,1264944,33984,29,31,0
7713,0.796,6.963,0.010,7.769,15.758,16644,23067,0,36,33,33,1264944,33984,29,31,0
7714,0.791,0.340,0.016,1.147,7.943,16644,23067,0,36,33,33,1264944,33984,29,31,0
7715,0.784,0.350,0.013,1.148,1.325,16644,23067,0,36,33,33,1264944,33984,29,31,0
7716,0.800,0.418,0.009,1.227,1.322,16644,23067,0,36,33,33,1264944,33984,29,31,0
7717,0.823,0.418,0.013,1.254,1.405,16644,23067,0,36,33,33,1264944,33984,29,31,0
7718,0.799,10.399,0.013,11.211,1.422,16644,23067,0,36,33,33,1264944,33984,29,31,0
7719,0.805,8.055,0.015,8.874,11.389,16644,23067,0,36,33,33,1264944,33984,29,31,0
7720,0.807,6.432,0.011,7.250,9.050,16644,23067,0,36,33,33,1264944,33984,29,31,0
7721,0.794,0.324,0.017,1.135,7.423,16644,23067,0,36,33,33,1264944,33984,29,31,0
7722,0.777,0.375,0.017,1.169,1.335,16644,23067,0,36,33,33,1264944,33984,29,31,0
7723,0.790,0.438,0.013,1.240,1.337,16644,23067,0,36,33,33,1264944,33984,29,31,0
7724,0.815,0.348,0.009,1.172,1.423,16644,23067,0,36,33,33,1264944,33984,29,31,0
7725,0.800,0.421,0.018,1.240,1.340,16644,23067,0,36,33,33,1264944,33984,29,31,0
7726,0.811,0.373,0.011,1.195,1.433,16644,23067,0,36,33,33,1264944,33984,29,31,0
7727,0.798,3.212,0.013,4.023,1.369,16644,23067,0,36,33,33,1264944,33984,29,31,0
7728,0.811,11.914,0.020,12.744,4.206,16644,23067,0,36,33,33,1264944,33984,29,31,0
7729,0.810,6.953,0.013,7.776,12.919,16644,23067,0,36,33,33,1264944,33984,29,31,0
7730,0.801,0.341,0.014,1.156,7.970,16644,23067,0,36,33,33,1264944,33984,29,31,0
7731,0.814,0.388,0.010,1.212,1.330,16644,23067,0,36,33,33,1264944,33984,29,31,0
7732,0.794,0.388,0.018,1.200,1.380,16644,23067,0,36,33,33,1264944,33984,29,31,0
7733,0.823,0.331,0.013,1.167,1.369,16644,23067,0,36,33,33,1264944,33984,29,31,0
7734,0.784,10.328,0.010,11.122,1.337,16644,23067,0,36,33,33,1264944,33984,29,31,0
7735,0.795,8.078,0.014,8.887,11.307,16644,23067,0,36,33,33,1264944,33984,29,31,0
7736,0.810,6.910,0.013,7.733,9.071,16644,23067,0,36,33,33,1264944,33984,29,31,0
7737,0.933,0.516,0.017,1.466,7.937,16644,23067,0,36,33,33,1264944,33984,29,31,0
7738,0.946,0.442,0.018,1.405,1.668,16644,23067,0,36,33,33,1264944,33984,29,31,0
7739,0.819,0.342,0.021,1.182,1.614,16644,23067,0,36,33,33,1264944,33984,29,31,0
7740,0.820,0.396,0.016,1.231,1.348,16644,23067,0,36,33,33,1264944,33984,29,31,0
7741,0.838,0.653,0.015,1.507,1.420,16644,23067,0,36,33,33,1264944,33984,29,31,0
7742,0.781,3.082,0.020,3.883,1.680,16644,23067,0,36,33,33,1264944,33984,29,31,0
7743,0.825,12.230,0.011,13.066,4.070,16644,23067,0,36,33,33,1264944,33984,29,31,0
7744,0.943,6.771,0.010,7.724,13.273,16644,23067,0,36,33,33,1264944,33984,29,31,0
7745,0.910,0.454,0.012,1.377,7.927,16644,23067,0,36,33,33,1264944,33984,29,31,0
7746,0.918,0.384,0.009,1.311,1.567,16644,23067,0,36,33,33,1264944,33984,29,31,0
7747,0.809,0.348,0.019,1.176,1.503,16644,23067,0,36,33,33,1264944,33984,29,31,0
7748,0.861,0.413,0.012,1.286,1.348,16644,23067,0,36,33,33,1264944,33984,29,31,0
7749,0.802,3.723,0.013,4.537,1.464,16644,23067,0,36,33,33,1264944,33984,29,31,0
7750,0.803,13.772,0.015,14.590,4.723,16644,23067,0,36,33,33,1264944,33984,29,31,0
7751,0.943,6.824,0.016,7.784,14.807,16644,23067,0,36,33,33,1264944,33984,29,31,0
7752,0.916,0.401,0.013,1.330,7.997,16644,23067,0,36,33,33,1264944,33984,29,31,0
7753,0.927,0.376,0.017,1.319,1.522,16644,23067,0,36,33,33,1264944,33984,29,31,0
7754,0.901,0.441,0.012,1.353,1.523,16644,23067,0,36,33,33,1264944,33984,29,31,0
7755,0.875,0.433,0.015,1.323,1.556,16644,23067,0,36,33,33,1264944,33984,29,31,0
7756,0.798,9.573,0.012,10.384,1.502,16644,23067,0,36,33,33,1264944,33984,29,31,0
7757,0.796,8.098,0.016,8.910,10.573,16644,23067,0,36,33,33,1264944,33984,29,31,0
7758,0.941,6.699,0.019,7.658,9.125,16644,23067,0,36,33,33,1264944,33984,29,31,0
7759,0.937,0.592,0.018,1.546,7.858,16644,23067,0,36,33,33,1264944,33984,29,31,0
7760,0.919,0.563,0.014,1.496,1.750,16644,23067,0,36,33,33,1264944,33984,29,31,0
7761,0.929,0.429,0.013,1.371,1.706,16644,23067,0,36,33,33,1264944,33984,29,31,0
7762,0.783,10.429,0.011,11.222,1.538,16644,23067,0,36,33,33,1264944,33984,29,31,0
7763,0.797,8.074,0.014,8.885,11.414,16644,23067,0,36,33,33,1264944,33984,29,31,0
7764,0.944,6.662,0.014,7.620,9.096,16644,23067,0,36,33,33,1264944,33984,29,31,0
7765,0.925,0.557,0.016,1.498,7.830,16644,23067,0,36,33,33,1264944,33984,29,31,0
7766,0.929,0.479,0.018,1.426,1.702,16644,23067,0,36,33,33,1264944,33984,29,31,0
7767,1.012,0.496,0.017,1.526,1.638,16644,23067,0,36,33,33,1264944,33984,29,31,0
7768,0.960,0.413,0.014,1.387,1.729,16644,23067,0,36,33,33,1264944,33984,29,31,0
7769,0.824,0.396,0.034,1.254,1.556,16644,23067,0,36,33,33,1264944,33984,29,31,0
7770,0.820,2.445,0.010,3.276,1.415,16644,23067,0,36,33,33,1264944,33984,29,31,0
7771,0.818,12.492,0.025,13.335,3.458,16644,23067,0,36,33,33,1264944,33984,29,31,0
7772,0.846,6.951,0.015,7.813,13.515,16644,23067,0,36,33,33,1264944,33984,29,31,0
7773,0.916,0.394,0.014,1.324,8.028,16644,23067,0,36,33,33,1264944,33984,29,31,0
7774,0.780,0.361,0.012,1.153,1.490,16644,23067,0,36,33,33,1264944,33984,29,31,0
7775,0.779,0.751,0.013,1.543,1.320,16644,23067,0,36,33,33,1264944,33984,29,31,0
7776,0.842,0.350,0.020,1.212,1.720,16644,23067,0,36,33,33,1264944,33984,29,31,0
7777,0.812,9.826,0.018,10.656,1.384,16644,23067,0,36,33,33,1264944,33984,29,31,0
7778,0.807,8.062,0.018,8.887,10.834,16644,23067,0,36,33,33,1264944,33984,29,31,0
7779,0.933,6.563,0.014,7.511,9.117,16644,23067,0,36,33,33,1264944,33984,29,31,0
7780,0.932,0.569,0.017,1.518,7.718,16644,23067,0,36,33,33,1264944,33984,29,31,0
7781,0.942,0.394,0.015,1.351,1.726,16644,23067,0,36,33,33,1264944,33984,29,31,0
7782,0.916,0.365,0.012,1.294,1.548,16644,23067,0,36,33,33,1264944,33984,29,31,0
7783,0.857,0.451,0.022,1.330,1.491,16644,23067,0,36,33,33,1264944,33984,29,31,0
7784,0.849,0.585,0.024,1.458,1.522,16644,23067,0,36,33,33,1264944,33984,29,31,0
7785,0.787,3.156,0.016,3.959,1.631,16644,23067,0,36,33,33,1264944,33984,29,31,0
7786,0.798,11.943,0.015,12.756,4.157,16644,23067,0,36,33,33,1264944,33984,29,31,0
7787,0.948,6.838,0.011,7.796,12.962,16644,23067,0,36,33,33,1264944,33984,29,31,0
7788,0.919,0.430,0.013,1.361,8.014,16644,23067,0,36,33,33,1264944,33984,29,31,0
7789,0.951,0.436,0.012,1.399,1.562,16644,23067,0,36,33,33,1264944,33984,29,31,0
7790,0.931,0.430,0.016,1.377,1.608,16644,23067,0,36,33,33,1264944,33984,29,31,0
7791,0.801,0.354,0.026,1.181,1.566,16644,23067,0,36,33,33,1264944,33984,29,31,0
7792,0.810,9.609,0.009,10.428,1.346,16644,23067,0,36,33,33,1264944,33984,29,31,0
7793,0.813,8.090,0.020,8.924,10.615,16644,23067,0,36,33,33,1264944,33984,29,31,0
7794,0.823,6.951,0.015,7.789,9.094,16644,23067,0,36,33,33,1264944,33984,29,31,0
7795,0.958,0.541,0.025,1.524,7.996,16644,23067,0,36,33,33,1264944,33984,29,31,0
7796,0.970,0.455,0.012,1.437,1.727,16644,23067,0,36,33,33,1264944,33984,29,31,0
7797,0.836,0.411,0.011,1.259,1.645,16644,23067,0,36,33,33,1264944,33984,29,31,0
7798,0.831,0.386,0.013,1.231,1.430,16644,23067,0,36,33,33,1264944,33984,29,31,0
7799,0.811,0.362,0.015,1.189,1.406,16644,23067,0,36,33,33,1264944,33984,29,31,0
7800,0.790,3.312,0.014,4.116,1.351,16644,23067,0,36,33,33,1264944,33984,29,31,0
7801,0.842,11.949,0.011,12.803,4.308,16644,23067,0,36,33,33,1264944,33984,29,31,0
7802,0.817,7.062,0.015,7.894,12.996,16644,23067,0,36,33,33,1264944,33984,29,31,0
7803,0.932,0.444,0.022,1.397,8.112,16644,23067,0,36,33,33,1264944,33984,29,31,0
7804,0.971,0.451,0.013,1.434,1.600,16644,23067,0,36,33,33,1264944,33984,29,31,0
7805,0.808,0.367,0.011,1.186,1.634,16644,23067,0,36,33,33,1264944,33984,29,31,0
7806,0.834,0.444,0.014,1.292,1.350,16644,23067,0,36,33,33,1264944,33984,29,31,0
7807,0.840,0.868,0.018,1.726,1.476,16644,23067,0,36,33,33,1264944,33984,29,31,0
7808,0.793,3.580,0.010,4.384,1.897,16644,23067,0,36,33,33,1264944,33984,29,31,0
7809,0.811,11.698,0.011,12.520,4.577,16644,23067,0,36,33,33,1264944,33984,29,31,0
7810,0.943,6.745,0.016,7.704,12.753,16644,23067,0,36,33,33,1264944,33984,29,31,0
7811,0.936,0.409,0.014,1.360,7.906,16644,23067,0,36,33,33,1264944,33984,29,31,0
7812,0.935,0.400,0.031,1.367,1.555,16644,23067,0,36,33,33,1264944,33984,29,31,0
7813,0.967,0.486,0.021,1.473,1.576,16644,23067,0,36,33,33,1264944,33984,29,31,0
7814,0.819,0.334,0.013,1.166,1.666,16644,23067,0,36,33,33,1264944,33984,29,31,0
7815,0.804,9.708,0.010,10.522,1.340,16644,23067,0,36,33,33,1264944,33984,29,31,0
7816,0.820,7.894,0.018,8.732,10.712,16644,23067,0,36,33,33,1264944,33984,29,31,0
7817,0.810,6.647,0.016,7.473,8.921,16644,23067,0,36,33,33,1264944,33984,29,31,0
7818,0.924,0.415,0.015,1.354,7.676,16644,23067,0,36,33,33,1264944,33984,29,31,0
7819,0.881,0.333,0.016,1.230,1.554,16644,23067,0,36,33,33,1264944,33984,29,31,0
7820,0.779,0.606,0.023,1.409,1.404,16644,23067,0,36,33,33,1264944,33984,29,31,0
7821,1.038,0.674,0.014,1.726,1.630,16644,23067,0,36,33,33,1264944,33984,29,31,0
7822,0.902,9.423,0.018,10.343,1.927,16644,23067,0,36,33,33,1264944,33984,29,31,0
7823,0.974,7.734,0.017,8.726,10.534,16644,23067,0,36,33,33,1264944,33984,29,31,0
7824,0.828,6.482,0.017,7.327,8.914,16644,23067,0,36,33,33,1264944,33984,29,31,0
7825,0.971,0.419,0.018,1.407,7.553,16644,23067,0,36,33,33,1264944,33984,29,31,0
7826,0.939,0.449,0.012,1.401,1.605,16644,23067,0,36,33,33,1264944,33984,29,31,0
7827,0.818,0.375,0.014,1.207,1.588,16644,23067,0,36,33,33,1264944,33984,29,31,0
7828,0.854,0.438,0.018,1.309,1.382,16644,23067,0,36,33,33,1264944,33984,29,31,0
7829,0.878,0.839,0.014,1.731,1.499,16644,23067,0,36,33,33,1264944,33984,29,31,0
7830,0.814,3.961,0.013,4.788,1.918,16644,23067,0,36,33,33,1264944,33984,29,31,0
7831,0.818,11.210,0.013,12.041,4.985,16644,23067,0,36,33,33,1264944,33984,29,31,0
7832,0.847,6.827,0.019,7.694,12.217,16644,23067,0,36,33,33,1264944,33984,29,31,0
7833,0.916,0.404,0.024,1.344,7.873,16644,23067,0,36,33,33,1264944,33984,29,31,0
7834,0.885,0.387,0.011,1.283,1.548,16644,23067,0,36,33,33,1264944,33984,29,31,0
7835,0.790,0.376,0.011,1.176,1.452,16644,23067,0,36,33,33,1264944,33984,29,31,0
7836,0.826,0.428,0.010,1.265,1.345,16644,23067,0,36,33,33,1264944,33984,29,31,0
7837,0.813,10.142,0.012,10.966,1.442,16644,23067,0,36,33,33,1264944,33984,29,31,0
7838,0.826,7.932,0.016,8.774,11.157,16644,23067,0,36,33,33,1264944,33984,29,31,0
7839,0.819,6.594,0.017,7.429,8.951,16644,23067,0,36,33,33,1264944,33984,29,31,0
7840,0.791,0.335,0.014,1.140,7.618,16644,23067,0,36,33,33,1264944,33984,29,31,0
7841,0.794,0.341,0.017,1.152,1.313,16644,23067,0,36,33,33,1264944,33984,29,31,0
7842,0.780,0.340,0.015,1.135,1.338,16644,23067,0,36,33,33,1264944,33984,29,31,0
7843,0.814,0.509,0.012,1.335,1.320,16644,23067,0,36,33,33,1264944,33984,29,31,0
7844,0.825,10.109,0.017,10.951,1.505,16644,23067,0,36,33,33,1264944,33984,29,31,0
7845,0.800,8.037,0.013,8.849,11.137,16644,23067,0,36,33,33,1264944,33984,29,31,0
7846,0.830,6.557,0.017,7.404,9.030,16644,23067,0,36,33,33,1264944,33984,29,31,0
7847,0.921,0.437,0.012,1.371,7.614,16644,23067,0,36,33,33,1264944,33984,29,31,0
7848,0.911,0.363,0.014,1.287,1.562,16644,23067,0,36,33,33,1264944,33984,29,31,0
7849,0.794,0.363,0.011,1.167,1.476,16644,23067,0,36,33,33,1264944,33984,29,31,0
7850,0.825,0.427,0.014,1.265,1.379,16644,23067,0,36,33,33,1264944,33984,29,31,0
7851,0.804,4.679,0.017,5.500,1.445,16644,23067,0,36,33,33,1264944,33984,29,31,0
7852,0.795,13.490,0.016,14.301,5.679,16644,23067,0,36,33,33,1264944,33984,29,31,0
7853,0.908,6.125,0.015,7.049,14.502,16644,23067,0,36,33,33,1264944,33984,29,31,0
7854,0.917,6.881,0.023,7.821,7.267,16644,23067,0,36,33,33,1264944,33984,29,31,0
7855,0.952,7.461,0.016,8.428,8.024,16644,23067,0,36,33,33,1264944,33984,29,31,0
7856,0.988,7.495,0.013,8.495,8.646,16644,23067,0,36,33,33,1264944,33984,29,31,0
7857,0.936,7.031,0.021,7.988,8.722,16644,23067,0,36,33,33,1264944,33984,29,31,0
7858,1.176,0.540,0.017,1.732,8.238,16644,23067,0,36,33,33,1264944,33984,29,31,0
7859,0.976,0.448,0.011,1.434,1.944,16644,23067,0,36,33,33,1264944,33984,29,31,0
7860,0.960,0.456,0.026,1.442,1.630,16644,23067,0,36,33,33,1264944,33984,29,31,0
7861,0.968,0.396,0.017,1.381,1.638,16644,23067,0,36,33,33,1264944,33984,29,31,0
7862,0.918,0.453,0.012,1.384,1.601,16644,23067,0,36,33,33,1264944,33984,29,31,0
7863,0.855,2.493,0.027,3.374,1.562,16644,23067,0,36,33,33,1264944,33984,29,31,0
7864,0.850,12.927,0.025,13.802,3.562,16644,23067,0,36,33,33,1264944,33984,29,31,0
7865,0.948,6.034,0.022,7.005,14.003,16644,23067,0,36,33,33,1264944,33984,29,31,0
7866,0.935,0.448,0.011,1.394,7.217,16644,23067,0,36,33,33,1264944,33984,29,31,0
7867,0.936,0.424,0.022,1.383,1.595,16644,23067,0,36,33,33,1264944,33984,29,31,0
7868,0.949,0.409,0.022,1.379,1.579,16644,23067,0,36,33,33,1264944,33984,29,31,0
7869,1.045,0.532,0.017,1.595,1.582,16644,23067,0,36,33,33,1264944,33984,29,31,0
7870,0.982,0.419,0.027,1.428,1.815,16644,23067,0,36,33,33,1264944,33984,29,31,0
7871,0.817,3.498,0.015,4.330,1.601,16644,23067,0,36,33,33,1264944,33984,29,31,0
7872,0.898,11.470,0.014,12.382,4.533,16644,23067,0,36,33,33,1264944,33984,29,31,0
7873,0.998,6.633,0.014,7.645,12.626,16644,23067,0,36,33,33,1264944,33984,29,31,0
7874,0.951,0.421,0.014,1.386,7.852,16644,23067,0,36,33,33,1264944,33984,29,31,0
7875,0.952,0.411,0.017,1.379,1.591,16644,23067,0,36,33,33,1264944,33984,29,31,0
7876,0.984,0.486,0.016,1.486,1.581,16644,23067,0,36,33,33,1264944,33984,29,31,0
7877,0.907,0.546,0.012,1.465,1.695,16644,23067,0,36,33,33,1264944,33984,29,31,0
7878,0.815,0.529,0.021,1.365,1.644,16644,23067,0,36,33,33,1264944,33984,29,31,0
7879,0.848,3.874,0.026,4.748,1.545,16644,23067,0,36,33,33,1264944,33984,29,31,0
7880,0.830,11.317,0.014,12.161,4.937,16644,23067,0,36,33,33,1264944,33984,29,31,0
7881,0.818,6.941,0.015,7.775,12.352,16644,23067,0,36,33,33,1264944,33984,29,31,0
7882,0.948,0.405,0.012,1.365,7.981,16644,23067,0,36,33,33,1264944,33984,29,31,0
7883,0.923,0.340,0.012,1.275,1.567,16644,23067,0,36,33,33,1264944,33984,29,31,0
7884,0.805,0.362,0.010,1.178,1.453,16644,23067,0,36,33,33,1264944,33984,29,31,0
7885,0.823,0.341,0.015,1.178,1.351,16644,23067,0,36,33,33,1264944,33984,29,31,0
7886,0.808,3.090,0.019,3.918,1.350,16644,23067,0,36,33,33,1264944,33984,29,31,0
7887,0.822,14.381,0.019,15.221,4.105,16644,23067,0,36,33,33,1264944,33984,29,31,0
7888,0.818,7.167,0.014,7.999,15.402,16644,23067,0,36,33,33,1264944,33984,29,31,0
7889,0.938,0.438,0.011,1.387,8.209,16644,23067,0,36,33,33,1264944,33984,29,31,0
7890,0.912,0.386,0.010,1.308,1.579,16644,23067,0,36,33,33,1264944,33984,29,31,0
7891,0.788,0.383,0.017,1.188,1.480,16644,23067,0,36,33,33,1264944,33984,29,31,0
7892,0.826,0.417,0.016,1.259,1.359,16644,23067,0,36,33,33,1264944,33984,29,31,0
7893,0.800,3.853,0.020,4.673,1.425,16644,23067,0,36,33,33,1264944,33984,29,31,0
7894,0.844,13.332,0.011,14.187,4.858,16644,23067,0,36,33,33,1264944,33984,29,31,0
7895,0.944,7.057,0.013,8.014,14.419,16644,23067,0,36,33,33,1264944,33984,29,31,0
7896,0.922,0.419,0.014,1.355,8.242,16644,23067,0,36,33,33,1264944,33984,29,31,0
7897,0.940,0.436,0.012,1.388,1.557,16644,23067,0,36,33,33,1264944,33984,29,31,0
7898,0.944,0.410,0.017,1.372,1.597,16644,23067,0,36,33,33,1264944,33984,29,31,0
7899,0.839,0.410,0.017,1.265,1.547,16644,23067,0,36,33,33,1264944,33984,29,31,0
7900,0.807,0.742,0.044,1.592,1.472,16644,23067,0,36,33,33,1264944,33984,29,31,0
7901,0.817,3.379,0.014,4.209,1.760,16644,23067,0,36,33,33,1264944,33984,29,31,0
7902,0.941,11.861,0.010,12.812,4.457,16644,23067,0,36,33,33,1264944,33984,29,31,0
7903,0.865,6.931,0.014,7.810,13.012,16644,23067,0,36,33,33,1264944,33984,29,31,0
7904,0.962,0.476,0.014,1.453,8.032,16644,23067,0,36,33,33,1264944,33984,29,31,0
7905,0.828,0.390,0.019,1.238,1.651,16644,23067,0,36,33,33,1264944,33984,29,31,0
7906,0.858,0.449,0.012,1.319,1.427,16644,23067,0,36,33,33,1264944,33984,29,31,0
7907,0.876,0.528,0.050,1.454,1.499,16644,23067,0,36,33,33,1264944,33984,29,31,0
7908,0.840,0.603,0.016,1.459,1.626,16644,23067,0,36,33,33,1264944,33984,29,31,0
7909,0.816,3.586,0.011,4.413,1.628,16644,23067,0,36,33,33,1264944,33984,29,31,0
7910,0.852,11.649,0.011,12.512,4.609,16644,23067,0,36,33,33,1264944,33984,29,31,0
7911,0.827,6.983,0.013,7.823,12.694,16644,23067,0,36,33,33,1264944,33984,29,31,0
7912,0.923,0.420,0.013,1.356,8.033,16644,23067,0,36,33,33,1264944,33984,29,31,0
7913,0.932,0.392,0.039,1.362,1.544,16644,23067,0,36,33,33,1264944,33984,29,31,0
7914,0.784,0.354,0.030,1.169,1.543,16644,23067,0,36,33,33,1264944,33984,29,31,0
7915,0.815,0.435,0.014,1.264,1.342,16644,23067,0,36,33,33,1264944,33984,29,31,0
7916,0.856,3.708,0.012,4.576,1.446,16644,23067,0,36,33,33,1264944,33984,29,31,0
7917,0.812,13.631,0.034,14.477,4.758,16644,23067,0,36,33,33,1264944,33984,29,31,0
7918,0.926,6.849,0.016,7.792,14.684,16644,23067,0,36,33,33,1264944,33984,29,31,0
7919,0.927,0.395,0.014,1.337,8.006,16644,23067,0,36,33,33,1264944,33984,29,31,0
7920,0.928,0.450,0.016,1.393,1.538,16644,23067,0,36,33,33,1264944,33984,29,31,0
7921,0.947,0.456,0.011,1.414,1.606,16644,23067,0,36,33,33,1264944,33984,29,31,0
7922,0.861,0.527,0.011,1.399,1.610,16644,23067,0,36,33,33,1264944,33984,29,31,0
7923,0.838,0.648,0.015,1.501,1.586,16644,23067,0,36,33,33,1264944,33984,29,31,0
7924,0.815,3.274,0.011,4.100,1.666,16644,23067,0,36,33,33,1264944,33984,29,31,0
7925,0.828,11.835,0.016,12.680,4.318,16644,23067,0,36,33,33,1264944,33984,29,31,0
7926,0.826,7.093,0.017,7.936,12.882,16644,23067,0,36,33,33,1264944,33984,29,31,0
7927,0.936,0.431,0.015,1.382,8.149,16644,23067,0,36,33,33,1264944,33984,29,31,0
7928,0.840,0.337,0.014,1.191,1.577,16644,23067,0,36,33,33,1264944,33984,29,31,0
7929,0.805,0.389,0.010,1.204,1.368,16644,23067,0,36,33,33,1264944,33984,29,31,0
7930,0.811,0.354,0.019,1.185,1.383,16644,23067,0,36,33,33,1264944,33984,29,31,0
7931,0.781,10.076,0.010,10.867,1.364,16644,23067,0,36,33,33,1264944,33984,29,31,0
7932,0.812,7.842,0.010,8.663,11.061,16644,23067,0,36,33,33,1264944,33984,29,31,0
7933,0.787,6.651,0.012,7.451,8.835,16644,23067,0,36,33,33,1264944,33984,29,31,0
7934,0.922,0.394,0.013,1.329,7.672,16644,23067,0,36,33,33,1264944,33984,29,31,0
7935,0.914,0.439,0.014,1.367,1.524,16644,23067,0,36,33,33,1264944,33984,29,31,0
7936,0.793,0.369,0.016,1.178,1.564,16644,23067,0,36,33,33,1264944,33984,29,31,0
7937,0.800,0.333,0.016,1.148,1.350,16644,23067,0,36,33,33,1264944,33984,29,31,0
7938,0.803,2.968,0.011,3.782,1.318,16644,23067,0,36,33,33,1264944,33984,29,31,0
7939,0.795,14.712,0.014,15.522,3.964,16644,23067,0,36,33,33,1264944,33984,29,31,0
7940,0.969,6.676,0.043,7.688,15.726,16644,23067,0,36,33,33,1264944,33984,29,31,0
7941,0.998,0.480,0.017,1.495,7.918,16644,23067,0,36,33,33,1264944,33984,29,31,0
7942,0.937,0.406,0.010,1.353,1.691,16644,23067,0,36,33,33,1264944,33984,29,31,0
7943,0.928,0.401,0.011,1.341,1.563,16644,23067,0,36,33,33,1264944,33984,29,31,0
7944,0.854,0.394,0.014,1.262,1.514,16644,23067,0,36,33,33,1264944,33984,29,31,0
7945,0.832,0.804,0.017,1.652,1.432,16644,23067,0,36,33,33,1264944,33984,29,31,0
7946,0.794,3.471,0.010,4.275,1.833,16644,23067,0,36,33,33,1264944,33984,29,31,0
7947,0.811,11.762,0.015,12.588,4.475,16644,23067,0,36,33,33,1264944,33984,29,31,0
7948,0.797,7.094,0.032,7.923,12.768,16644,23067,0,36,33,33,1264944,33984,29,31,0
7949,0.934,0.474,0.014,1.423,8.128,16644,23067,0,36,33,33,1264944,33984,29,31,0
7950,0.830,0.313,0.022,1.165,1.624,16644,23067,0,36,33,33,1264944,33984,29,31,0
7951,0.787,0.352,0.012,1.151,1.344,16644,23067,0,36,33,33,1264944,33984,29,31,0
7952,0.819,0.446,0.018,1.283,1.318,16644,23067,0,36,33,33,1264944,33984,29,31,0
7953,0.808,4.030,0.013,4.851,1.452,16644,23067,0,36,33,33,1264944,33984,29,31,0
7954,0.798,13.407,0.011,14.215,5.032,16644,23067,0,36,33,33,1264944,33984,29,31,0
7955,0.800,7.031,0.013,7.844,14.391,16644,23067,0,36,33,33,1264944,33984,29,31,0
7956,0.922,0.453,0.014,1.389,8.058,16644,23067,0,36,33,33,1264944,33984,29,31,0
7957,0.842,0.405,0.015,1.263,1.563,16644,23067,0,36,33,33,1264944,33984,29,31,0
7958,0.822,0.375,0.011,1.208,1.443,16644,23067,0,36,33,33,1264944,33984,29,31,0
7959,0.863,0.404,0.014,1.281,1.413,16644,23067,0,36,33,33,1264944,33984,29,31,0
7960,0.864,1.218,0.022,2.104,1.446,16644,23067,0,36,33,33,1264944,33984,29,31,0
7961,0.787,3.164,0.009,3.960,2.289,16644,23067,0,36,33,33,1264944,33984,29,31,0
7962,0.820,11.957,0.022,12.798,4.154,16644,23067,0,36,33,33,1264944,33984,29,31,0
7963,0.793,7.084,0.013,7.890,13.000,16644,23067,0,36,33,33,1264944,33984,29,31,0
7964,0.858,0.643,0.018,1.520,8.069,16644,23067,0,36,33,33,1264944,33984,29,31,0
7965,0.949,0.424,0.013,1.386,1.725,16644,23067,0,36,33,33,1264944,33984,29,31,0
7966,0.800,0.386,0.009,1.194,1.578,16644,23067,0,36,33,33,1264944,33984,29,31,0
7967,0.806,0.385,0.021,1.211,1.362,16644,23067,0,36,33,33,1264944,33984,29,31,0
7968,0.826,0.898,0.029,1.753,1.399,16644,23067,0,36,33,33,1264944,33984,29,31,0
7969,0.801,3.394,0.014,4.208,1.938,16644,23067,0,36,33,33,1264944,33984,29,31,0
7970,0.829,11.850,0.015,12.694,4.388,16644,23067,0,36,33,33,1264944,33984,29,31,0
7971,0.783,7.209,0.025,8.017,12.890,16644,23067,0,36,33,33,1264944,33984,29,31,0
7972,1.005,0.633,0.028,1.665,8.237,16644,23067,0,36,33,33,1264944,33984,29,31,0
7973,0.835,0.464,0.009,1.308,1.890,16644,23067,0,36,33,33,1264944,33984,29,31,0
7974,0.823,0.399,0.012,1.233,1.483,16644,23067,0,36,33,33,1264944,33984,29,31,0
7975,0.861,0.473,0.023,1.357,1.406,16644,23067,0,36,33,33,1264944,33984,29,31,0
7976,0.827,0.405,0.019,1.251,1.525,16644,23067,0,36,33,33,1264944,33984,29,31,0
7977,0.818,3.018,0.017,3.853,1.419,16644,23067,0,36,33,33,1264944,33984,29,31,0
7978,0.735,12.489,0.014,13.238,4.025,16644,23067,0,36,33,33,1264944,33984,29,31,0
7979,0.846,6.808,0.010,7.663,13.414,16644,23067,0,36,33,33,1264944,33984,29,31,0
7980,0.834,0.458,0.036,1.329,7.836,16644,23067,0,36,33,33,1264944,33984,29,31,0
7981,0.810,0.345,0.011,1.167,1.495,16644,23067,0,36,33,33,1264944,33984,29,31,0
7982,0.815,0.372,0.012,1.200,1.342,16644,23067,0,36,33,33,1264944,33984,29,31,0
7983,0.803,0.399,0.013,1.215,1.372,16644,23067,0,36,33,33,1264944,33984,29,31,0
7984,0.744,10.450,0.010,11.203,1.396,16644,23067,0,36,33,33,1264944,33984,29,31,0
7985,0.814,7.798,0.014,8.626,11.386,16644,23067,0,36,33,33,1264944,33984,29,31,0
7986,0.803,6.854,0.013,7.670,8.808,16644,23067,0,36,33,33,1264944,33984,29,31,0
7987,0.804,0.960,0.015,1.779,7.853,16644,23067,0,36,33,33,1264944,33984,29,31,0
7988,0.800,0.350,0.015,1.165,1.942,16644,23067,0,36,33,33,1264944,33984,29,31,0
7989,0.816,0.355,0.019,1.190,1.326,16644,23067,0,36,33,33,1264944,33984,29,31,0
7990,0.817,0.386,0.018,1.221,1.357,16644,23067,0,36,33,33,1264944,33984,29,31,0
7991,0.826,0.768,0.012,1.607,1.392,16644,23067,0,36,33,33,1264944,33984,29,31,0
7992,0.791,3.006,0.011,3.808,1.784,16644,23067,0,36,33,33,1264944,33984,29,31,0
7993,0.812,12.337,0.015,13.165,3.990,16644,23067,0,36,33,33,1264944,33984,29,31,0
7994,0.846,6.879,0.016,7.742,13.349,16644,23067,0,36,33,33,1264944,33984,29,31,0
7995,0.911,0.451,0.015,1.377,7.952,16644,23067,0,36,33,33,1264944,33984,29,31,0
7996,0.933,0.375,0.009,1.317,1.575,16644,23067,0,36,33,33,1264944,33984,29,31,0
7997,0.803,0.377,0.018,1.197,1.497,16644,23067,0,36,33,33,1264944,33984,29,31,0
7998,0.829,0.398,0.009,1.236,1.368,16644,23067,0,36,33,33,1264944,33984,29,31,0
7999,0.802,9.918,0.012,10.733,1.412,16644,23067,0,36,33,33,1264944,33984,29,31,0
8000,0.811,8.051,0.014,8.876,10.921,16644,23067,0,36,33,33,1264944,33984,29,31,0
8001,0.954,6.492,0.020,7.467,9.106,16644,23067,0,36,33,33,1264944,33984,29,31,0
8002,0.985,0.436,0.015,1.436,7.691,16644,23067,0,36,33,33,1264944,33984,29,31,0
8003,0.967,0.445,0.016,1.429,1.645,16644,23067,0,36,33,33,1264944,33984,29,31,0
8004,0.968,0.358,0.010,1.335,1.622,16644,23067,0,36,33,33,1264944,33984,29,31,0
8005,0.847,0.394,0.017,1.258,1.504,16644,23067,0,36,33,33,1264944,33984,29,31,0
8006,0.822,0.873,0.009,1.704,1.538,16644,23067,0,36,33,33,1264944,33984,29,31,0
8007,0.785,4.218,0.015,5.019,1.908,16644,23067,0,36,33,33,1264944,33984,29,31,0
8008,0.801,10.713,0.018,11.532,5.209,16644,23067,0,36,33,33,1264944,33984,29,31,0
8009,0.790,6.896,0.012,7.698,11.711,16644,23067,0,36,33,33,1264944,33984,29,31,0
8010,0.918,0.407,0.013,1.337,7.900,16644,23067,0,36,33,33,1264944,33984,29,31,0
8011,0.923,0.411,0.018,1.352,1.543,16644,23067,0,36,33,33,1264944,33984,29,31,0
8012,0.804,0.357,0.031,1.193,1.546,16644,23067,0,36,33,33,1264944,33984,29,31,0
8013,0.815,0.401,0.017,1.233,1.359,16644,23067,0,36,33,33,1264944,33984,29,31,0
8014,0.816,10.115,0.012,10.944,1.405,16644,23067,0,36,33,33,1264944,33984,29,31,0
8015,0.809,7.830,0.013,8.652,11.119,16644,23067,0,36,33,33,1264944,33984,29,31,0
8016,0.936,6.509,0.017,7.462,8.863,16644,23067,0,36,33,33,1264944,33984,29,31,0
8017,0.921,0.470,0.015,1.407,7.664,16644,23067,0,36,33,33,1264944,33984,29,31,0
8018,0.943,0.440,0.016,1.399,1.613,16644,23067,0,36,33,33,1264944,33984,29,31,0
8019,0.962,0.643,0.015,1.620,1.618,16644,23067,0,36,33,33,1264944,33984,29,31,0
8020,0.876,0.474,0.012,1.362,1.812,16644,23067,0,36,33,33,1264944,33984,29,31,0
8021,0.807,0.458,0.014,1.279,1.546,16644,23067,0,36,33,33,1264944,33984,29,31,0
8022,0.822,3.679,0.012,4.513,1.459,16644,23067,0,36,33,33,1264944,33984,29,31,0
8023,0.803,11.725,0.016,12.543,4.697,16644,23067,0,36,33,33,1264944,33984,29,31,0
8024,0.789,7.052,0.011,7.852,12.715,16644,23067,0,36,33,33,1264944,33984,29,31,0
8025,0.936,0.424,0.011,1.371,8.068,16644,23067,0,36,33,33,1264944,33984,29,31,0
8026,0.778,0.330,0.017,1.124,1.566,16644,23067,0,36,33,33,1264944,33984,29,31,0
8027,0.788,0.377,0.015,1.179,1.303,16644,23067,0,36,33,33,1264944,33984,29,31,0
8028,0.840,0.408,0.019,1.267,1.400,16644,23067,0,36,33,33,1264944,33984,29,31,0
8029,0.799,3.928,0.017,4.744,1.450,16644,23067,0,36,33,33,1264944,33984,29,31,0
8030,0.770,13.281,0.011,14.062,4.931,16644,23067,0,36,33,33,1264944,33984,29,31,0
8031,0.822,7.159,0.010,7.991,14.248,16644,23067,0,36,33,33,1264944,33984,29,31,0
8032,0.837,0.424,0.018,1.280,8.167,16644,23067,0,36,33,33,1264944,33984,29,31,0
8033,0.708,0.412,0.010,1.130,1.419,16644,23067,0,36,33,33,1264944,33984,29,31,0
8034,0.741,0.360,0.014,1.115,1.280,16644,23067,0,36,33,33,1264944,33984,29,31,0
8035,0.733,0.358,0.008,1.099,1.262,16644,23067,0,36,33,33,1264944,33984,29,31,0
8036,0.705,10.642,0.009,11.355,1.252,16644,23067,0,36,33,33,1264944,33984,29,31,0
8037,0.652,8.056,0.007,8.715,11.508,16644,23067,0,36,33,33,1264944,33984,29,31,0
8038,0.617,6.750,0.007,7.374,8.833,16644,23067,0,36,33,33,1264944,33984,29,31,0
8039,0.536,0.637,0.009,1.182,7.495,16644,23067,0,36,33,33,1264944,33984,29,31,0
8040,0.531,0.304,0.009,0.844,1.295,16644,23067,0,36,33,33,1264944,33984,29,31,0
8041,0.552,0.309,0.005,0.866,0.959,16644,23067,0,36,33,33,1264944,33984,29,31,0
8042,0.478,0.515,0.011,1.004,0.983,16644,23067,0,36,33,33,1264944,33984,29,31,0
8043,0.485,1.623,0.011,2.120,1.120,16644,23067,0,36,33,33,1264944,33984,29,31,0
8044,0.520,1.234,0.015,1.769,2.239,16644,23067,0,36,33,33,1264944,33984,29,31,0
8045,0.925,3.117,0.006,4.049,1.988,16644,23067,0,36,33,33,1264944,33984,29,31,0
8046,0.464,11.909,0.010,12.382,4.162,16644,23067,0,36,33,33,1264944,33984,29,31,0
8047,0.501,7.457,0.006,7.964,12.485,16644,23067,0,36,33,33,1264944,33984,29,31,0
8048,0.464,0.951,0.008,1.423,8.076,16644,23067,0,36,33,33,1264944,33984,29,31,0
8049,0.456,0.415,0.012,0.883,1.523,16644,23067,0,36,33,33,1264944,33984,29,31,0
8050,0.457,0.223,0.008,0.688,0.980,16644,23067,0,36,33,33,1264944,33984,29,31,0
8051,0.423,0.572,0.009,1.004,0.794,16644,23067,0,36,33,33,1264944,33984,29,31,0
8052,0.716,0.859,0.017,1.592,1.097,16644,23067,0,36,33,33,1264944,33984,29,31,0
8053,0.929,3.211,0.016,4.156,1.791,16644,23067,0,36,33,33,1264944,33984,29,31,0
8054,0.462,13.932,0.016,14.410,4.258,16644,23067,0,36,33,33,1264944,33984,29,31,0
8055,0.566,7.892,0.016,8.474,14.523,16644,23067,0,36,33,33,1264944,33984,29,31,0
8056,0.507,0.600,0.008,1.116,8.578,16644,23067,0,36,33,33,1264944,33984,29,31,0
8057,0.508,0.356,0.011,0.874,1.313,16644,23067,0,36,33,33,1264944,33984,29,31,0
8058,0.474,0.377,0.016,0.867,0.963,16644,23067,0,36,33,33,1264944,33984,29,31,0
8059,0.462,0.911,0.009,1.383,0.957,16644,23067,0,36,33,33,1264944,33984,29,31,0
8060,0.498,0.900,0.009,1.407,1.490,16644,23067,0,36,33,33,1264944,33984,29,31,0
8061,0.467,3.362,0.009,3.838,1.505,16644,23067,0,36,33,33,1264944,33984,29,31,0
8062,0.466,15.167,0.038,15.671,3.939,16644,23067,0,36,33,33,1264944,33984,29,31,0
8063,1.581,5.396,0.015,6.992,16.042,16644,23067,0,36,33,33,1264944,33984,29,31,0
8064,0.542,0.655,0.015,1.211,7.105,16644,23067,0,36,33,33,1264944,33984,29,31,0
8065,0.478,0.506,0.012,0.996,1.309,16644,23067,0,36,33,33,1264944,33984,29,31,0
8066,0.485,0.236,0.012,0.733,1.093,16644,23067,0,36,33,33,1264944,33984,29,31,0
8067,0.443,0.906,0.015,1.364,0.822,16644,23067,0,36,33,33,1264944,33984,29,31,0
8068,0.449,0.952,0.010,1.411,1.469,16644,23067,0,36,33,33,1264944,33984,29,31,0
8069,0.473,3.491,0.011,3.974,1.505,16644,23067,0,36,33,33,1264944,33984,29,31,0
8070,0.486,15.180,0.035,15.701,4.093,16644,23067,0,36,33,33,1264944,33984,29,31,0
8071,1.674,15.043,0.053,16.770,16.127,16644,23067,0,36,33,33,1264944,33984,29,31,0
8072,1.583,4.958,0.030,6.571,17.233,16644,23067,0,36,33,33,1264944,33984,29,31,0
8073,1.630,5.907,0.032,7.569,6.931,16644,23067,0,36,33,33,1264944,33984,29,31,0
8074,1.738,6.462,0.038,8.238,7.944,16644,23067,0,36,33,33,1264944,33984,29,31,0
8075,1.693,0.867,0.025,2.585,8.591,16644,23067,0,36,33,33,1264944,33984,29,31,0
8076,1.440,11.932,0.046,13.418,3.009,16644,23067,0,36,33,33,1264944,33984,29,31,0
8077,1.660,5.965,0.029,7.653,13.816,16644,23067,0,36,33,33,1264944,33984,29,31,0
8078,1.606,6.507,0.027,8.140,7.993,16644,23067,0,36,33,33,1264944,33984,29,31,0
8079,1.599,6.399,0.043,8.041,8.521,16644,23067,0,36,33,33,1264944,33984,29,31,0
8080,1.725,1.265,0.030,3.019,8.428,16644,23067,0,36,33,33,1264944,33984,29,31,0
8081,1.590,11.989,0.024,13.603,3.340,16644,23067,0,36,33,33,1264944,33984,29,31,0
8082,1.592,6.082,0.024,7.697,13.970,16644,23067,0,36,33,33,1264944,33984,29,31,0
8083,1.841,1.087,0.026,2.954,8.430,16644,23067,0,36,33,33,1264944,33984,29,31,0
8084,1.507,0.983,0.033,2.524,3.328,16644,23067,0,36,33,33,1264944,33984,29,31,0
8085,1.304,0.659,0.025,1.988,2.801,16644,23067,0,36,33,33,1264944,33984,29,31,0
8086,0.772,0.410,0.013,1.195,2.152,16644,23067,0,36,33,33,1264944,33984,29,31,0
8087,0.718,14.030,0.022,14.769,1.330,16644,23067,0,36,33,33,1264944,33984,29,31,0
8088,1.189,6.334,0.039,7.562,15.029,16644,23067,0,36,33,33,1264944,33984,29,31,0
8089,1.268,0.515,0.019,1.802,7.855,16644,23067,0,36,33,33,1264944,33984,29,31,0
8090,0.960,0.467,0.033,1.460,2.019,16644,23067,0,36,33,33,1264944,33984,29,31,0
8091,1.052,0.675,0.023,1.750,1.718,16644,23067,0,36,33,33,1264944,33984,29,31,0
8092,1.031,0.510,0.017,1.558,1.967,16644,23067,0,36,33,33,1264944,33984,29,31,0
8093,0.868,1.328,0.022,2.217,1.753,16644,23067,0,36,33,33,1264944,33984,29,31,0
8094,1.025,0.585,0.031,1.641,2.410,16644,23067,0,36,33,33,1264944,33984,29,31,0
8095,1.068,12.037,0.021,13.126,1.886,16644,23067,0,36,33,33,1264944,33984,29,31,0
8096,1.016,6.699,0.023,7.738,13.341,16644,23067,0,36,33,33,1264944,33984,29,31,0
8097,1.005,0.531,0.019,1.556,7.946,16644,23067,0,36,33,33,1264944,33984,29,31,0
8098,0.947,0.754,0.020,1.720,1.765,16644,23067,0,36,33,33,1264944,33984,29,31,0
8099,1.004,0.456,0.014,1.475,1.935,16644,23067,0,36,33,33,1264944,33984,29,31,0
8100,0.897,2.076,0.022,2.995,1.674,16644,23067,0,36,33,33,1264944,33984,29,31,0
8101,0.868,7.276,0.018,8.162,3.189,16644,23067,0,36,33,33,1264944,33984,29,31,0
8102,1.059,7.912,0.023,8.993,8.376,16644,23067,0,36,33,33,1264944,33984,29,31,0
8103,1.014,5.995,0.018,7.027,9.229,16644,23067,0,36,33,33,1264944,33984,29,31,0
8104,0.974,0.494,0.017,1.485,7.244,16644,23067,0,36,33,33,1264944,33984,29,31,0
8105,0.950,0.429,0.016,1.396,1.695,16644,23067,0,36,33,33,1264944,33984,29,31,0
8106,0.815,0.437,0.012,1.264,1.570,16644,23067,0,36,33,33,1264944,33984,29,31,0
8107,0.824,0.393,0.015,1.232,1.434,16644,23067,0,36,33,33,1264944,33984,29,31,0
8108,0.933,9.587,0.014,10.533,1.416,16644,23067,0,36,33,33,1264944,33984,29,31,0
8109,0.966,7.767,0.019,8.752,10.728,16644,23067,0,36,33,33,1264944,33984,29,31,0
8110,0.886,6.611,0.016,7.514,8.935,16644,23067,0,36,33,33,1264944,33984,29,31,0
8111,0.968,0.429,0.015,1.412,7.720,16644,23067,0,36,33,33,1264944,33984,29,31,0
8112,0.858,0.380,0.013,1.251,1.636,16644,23067,0,36,33,33,1264944,33984,29,31,0
8113,0.821,0.424,0.012,1.257,1.427,16644,23067,0,36,33,33,1264944,33984,29,31,0
8114,0.835,0.404,0.019,1.258,1.451,16644,23067,0,36,33,33,1264944,33984,29,31,0
8115,0.850,1.224,0.015,2.089,1.443,16644,23067,0,36,33,33,1264944,33984,29,31,0
8116,0.944,1.981,0.019,2.945,2.295,16644,23067,0,36,33,33,1264944,33984,29,31,0
8117,0.916,13.292,0.027,14.235,3.128,16644,23067,0,36,33,33,1264944,33984,29,31,0
8118,0.869,6.587,0.014,7.471,14.425,16644,23067,0,36,33,33,1264944,33984,29,31,0
8119,0.827,0.426,0.017,1.270,7.660,16644,23067,0,36,33,33,1264944,33984,29,31,0
8120,0.818,0.425,0.013,1.255,1.447,16644,23067,0,36,33,33,1264944,33984,29,31,0
8121,0.874,0.442,0.015,1.331,1.461,16644,23067,0,36,33,33,1264944,33984,29,31,0
8122,0.838,0.373,0.015,1.227,1.519,16644,23067,0,36,33,33,1264944,33984,29,31,0
8123,0.833,0.454,0.019,1.306,1.417,16644,23067,0,36,33,33,1264944,33984,29,31,0
8124,0.837,3.555,0.013,4.406,1.490,16644,23067,0,36,33,33,1264944,33984,29,31,0
8125,0.742,12.795,0.018,13.555,4.571,16644,23067,0,36,33,33,1264944,33984,29,31,0
8126,0.861,6.660,0.016,7.538,13.737,16644,23067,0,36,33,33,1264944,33984,29,31,0
8127,0.854,0.904,0.015,1.773,7.723,16644,23067,0,36,33,33,1264944,33984,29,31,0
8128,0.870,1.601,0.038,2.510,1.965,16644,23067,0,36,33,33,1264944,33984,29,31,0
8129,0.870,0.444,0.015,1.328,2.713,16644,23067,0,36,33,33,1264944,33984,29,31,0
8130,0.878,1.696,0.026,2.601,1.501,16644,23067,0,36,33,33,1264944,33984,29,31,0
8131,1.033,4.981,0.021,6.035,2.807,16644,23067,0,36,33,33,1264944,33984,29,31,0
8132,0.908,8.535,0.012,9.454,6.228,16644,23067,0,36,33,33,1264944,33984,29,31,0
8133,0.827,7.456,0.021,8.304,9.644,16644,23067,0,36,33,33,1264944,33984,29,31,0
8134,0.848,0.598,0.012,1.457,8.504,16644,23067,0,36,33,33,1264944,33984,29,31,0
8135,0.822,1.772,0.014,2.607,1.628,16644,23067,0,36,33,33,1264944,33984,29,31,0
8136,0.899,0.418,0.019,1.336,2.829,16644,23067,0,36,33,33,1264944,33984,29,31,0
8137,0.854,2.075,0.021,2.950,1.520,16644,23067,0,36,33,33,1264944,33984,29,31,0
8138,0.915,4.907,0.014,5.837,3.146,16644,23067,0,36,33,33,1264944,33984,29,31,0
8139,0.902,8.666,0.012,9.581,6.024,16644,23067,0,36,33,33,1264944,33984,29,31,0
8140,0.978,6.783,0.018,7.780,9.800,16644,23067,0,36,33,33,1264944,33984,29,31,0
8141,0.964,0.463,0.017,1.445,8.002,16644,23067,0,36,33,33,1264944,33984,29,31,0
8142,0.957,1.636,0.016,2.609,1.645,16644,23067,0,36,33,33,1264944,33984,29,31,0
8143,0.983,0.538,0.016,1.537,2.825,16644,23067,0,36,33,33,1264944,33984,29,31,0
8144,0.951,1.887,0.023,2.862,1.740,16644,23067,0,36,33,33,1264944,33984,29,31,0
8145,0.892,3.709,0.017,4.618,3.070,16644,23067,0,36,33,33,1264944,33984,29,31,0
8146,0.976,9.932,0.021,10.928,4.845,16644,23067,0,36,33,33,1264944,33984,29,31,0
8147,0.931,7.385,0.028,8.344,11.140,16644,23067,0,36,33,33,1264944,33984,29,31,0
8148,0.997,0.479,0.009,1.485,8.571,16644,23067,0,36,33,33,1264944,33984,29,31,0
8149,0.958,1.440,0.013,2.412,1.688,16644,23067,0,36,33,33,1264944,33984,29,31,0
8150,1.008,0.458,0.030,1.496,2.621,16644,23067,0,36,33,33,1264944,33984,29,31,0
8151,0.968,1.427,0.018,2.414,1.706,16644,23067,0,36,33,33,1264944,33984,29,31,0
8152,0.909,3.628,0.018,4.554,2.599,16644,23067,0,36,33,33,1264944,33984,29,31,0
8153,0.990,10.418,0.017,11.425,4.774,16644,23067,0,36,33,33,1264944,33984,29,31,0
8154,0.982,6.705,0.012,7.699,11.655,16644,23067,0,36,33,33,1264944,33984,29,31,0
8155,0.952,0.472,0.015,1.439,7.925,16644,23067,0,36,33,33,1264944,33984,29,31,0
8156,0.945,0.441,0.015,1.400,1.641,16644,23067,0,36,33,33,1264944,33984,29,31,0
8157,0.972,0.598,0.056,1.626,1.593,16644,23067,0,36,33,33,1264944,33984,29,31,0
8158,1.005,0.467,0.012,1.484,1.853,16644,23067,0,36,33,33,1264944,33984,29,31,0
8159,0.966,3.559,0.014,4.538,1.703,16644,23067,0,36,33,33,1264944,33984,29,31,0
8160,0.911,12.732,0.023,13.666,4.749,16644,23067,0,36,33,33,1264944,33984,29,31,0
8161,0.966,6.948,0.022,7.937,13.884,16644,23067,0,36,33,33,1264944,33984,29,31,0
8162,0.996,0.500,0.016,1.512,8.162,16644,23067,0,36,33,33,1264944,33984,29,31,0
8163,0.941,0.498,0.016,1.455,1.714,16644,23067,0,36,33,33,1264944,33984,29,31,0
8164,0.853,0.439,0.018,1.310,1.630,16644,23067,0,36,33,33,1264944,33984,29,31,0
8165,0.830,0.575,0.025,1.430,1.486,16644,23067,0,36,33,33,1264944,33984,29,31,0
8166,0.956,3.403,0.021,4.380,1.631,16644,23067,0,36,33,33,1264944,33984,29,31,0
8167,0.891,12.978,0.018,13.888,4.580,16644,23067,0,36,33,33,1264944,33984,29,31,0
8168,0.880,6.953,0.021,7.854,14.132,16644,23067,0,36,33,33,1264944,33984,29,31,0
8169,1.008,0.464,0.010,1.482,8.103,16644,23067,0,36,33,33,1264944,33984,29,31,0
8170,0.932,0.413,0.012,1.357,1.687,16644,23067,0,36,33,33,1264944,33984,29,31,0
8171,0.841,0.408,0.012,1.261,1.523,16644,23067,0,36,33,33,1264944,33984,29,31,0
8172,0.867,0.458,0.018,1.342,1.449,16644,23067,0,36,33,33,1264944,33984,29,31,0
8173,0.984,3.807,0.022,4.813,1.521,16644,23067,0,36,33,33,1264944,33984,29,31,0
8174,0.901,13.031,0.023,13.955,5.004,16644,23067,0,36,33,33,1264944,33984,29,31,0
8175,0.906,6.891,0.028,7.825,14.143,16644,23067,0,36,33,33,1264944,33984,29,31,0
8176,0.977,0.494,0.017,1.488,8.050,16644,23067,0,36,33,33,1264944,33984,29,31,0
8177,0.852,0.379,0.015,1.245,1.674,16644,23067,0,36,33,33,1264944,33984,29,31,0
8178,0.844,0.445,0.011,1.301,1.419,16644,23067,0,36,33,33,1264944,33984,29,31,0
8179,0.862,0.500,0.009,1.371,1.503,16644,23067,0,36,33,33,1264944,33984,29,31,0
8180,0.859,5.166,0.019,6.044,1.545,16644,23067,0,36,33,33,1264944,33984,29,31,0
8181,0.834,11.353,0.019,12.205,6.243,16644,23067,0,36,33,33,1264944,33984,29,31,0
8182,0.827,6.901,0.015,7.744,12.395,16644,23067,0,36,33,33,1264944,33984,29,31,0
8183,0.811,0.402,0.026,1.239,7.934,16644,23067,0,36,33,33,1264944,33984,29,31,0
8184,0.847,0.418,0.022,1.286,1.411,16644,23067,0,36,33,33,1264944,33984,29,31,0
8185,0.809,0.403,0.027,1.239,1.470,16644,23067,0,36,33,33,1264944,33984,29,31,0
8186,0.869,0.403,0.020,1.292,1.434,16644,23067,0,36,33,33,1264944,33984,29,31,0
8187,0.842,10.396,0.015,11.253,1.465,16644,23067,0,36,33,33,1264944,33984,29,31,0
8188,0.852,7.603,0.019,8.475,11.447,16644,23067,0,36,33,33,1264944,33984,29,31,0
8189,0.811,6.697,0.025,7.533,8.649,16644,23067,0,36,33,33,1264944,33984,29,31,0
8190,0.823,0.395,0.017,1.236,7.725,16644,23067,0,36,33,33,1264944,33984,29,31,0
8191,0.794,0.383,0.015,1.192,1.404,16644,23067,0,36,33,33,1264944,33984,29,31,0
8192,0.837,0.371,0.010,1.218,1.374,16644,23067,0,36,33,33,1264944,33984,29,31,0
8193,0.847,0.464,0.018,1.329,1.384,16644,23067,0,36,33,33,1264944,33984,29,31,0
8194,0.845,9.912,0.016,10.773,1.887,16644,23067,0,36,33,33,1264944,33984,29,31,0
8195,0.852,7.450,0.019,8.320,10.969,16644,23067,0,36,33,33,1264944,33984,29,31,0
8196,0.851,6.777,0.017,7.645,8.500,16644,23067,0,36,33,33,1264944,33984,29,31,0
8197,0.815,0.403,0.017,1.235,7.842,16644,23067,0,36,33,33,1264944,33984,29,31,0
8198,0.851,0.396,0.009,1.257,1.431,16644,23067,0,36,33,33,1264944,33984,29,31,0
8199,0.817,0.510,0.015,1.343,1.427,16644,23067,0,36,33,33,1264944,33984,29,31,0
8200,0.868,0.456,0.013,1.337,1.531,16644,23067,0,36,33,33,1264944,33984,29,31,0
8201,0.889,0.934,0.016,1.839,1.522,16644,23067,0,36,33,33,1264944,33984,29,31,0
8202,0.804,4.274,0.015,5.093,2.017,16644,23067,0,36,33,33,1264944,33984,29,31,0
8203,0.853,10.946,0.014,11.813,5.274,16644,23067,0,36,33,33,1264944,33984,29,31,0
8204,0.815,7.163,0.025,8.002,12.003,16644,23067,0,36,33,33,1264944,33984,29,31,0
8205,0.899,0.647,0.016,1.562,8.193,16644,23067,0,36,33,33,1264944,33984,29,31,0
8206,0.953,0.428,0.012,1.394,1.778,16644,23067,0,36,33,33,1264944,33984,29,31,0
8207,0.835,0.423,0.013,1.271,1.562,16644,23067,0,36,33,33,1264944,33984,29,31,0
8208,0.837,0.400,0.015,1.252,1.457,16644,23067,0,36,33,33,1264944,33984,29,31,0
8209,0.837,0.611,0.019,1.466,1.430,16644,23067,0,36,33,33,1264944,33984,29,31,0
8210,0.822,4.326,0.021,5.169,1.636,16644,23067,0,36,33,33,1264944,33984,29,31,0
8211,0.801,10.805,0.015,11.621,5.369,16644,23067,0,36,33,33,1264944,33984,29,31,0
8212,0.808,7.132,0.013,7.954,11.812,16644,23067,0,36,33,33,1264944,33984,29,31,0
8213,0.866,0.536,0.019,1.421,8.154,16644,23067,0,36,33,33,1264944,33984,29,31,0
8214,0.855,0.429,0.012,1.296,1.600,16644,23067,0,36,33,33,1264944,33984,29,31,0
8215,0.814,0.469,0.012,1.295,1.465,16644,23067,0,36,33,33,1264944,33984,29,31,0
8216,0.882,0.540,0.012,1.434,1.464,16644,23067,0,36,33,33,1264944,33984,29,31,0
8217,0.850,1.026,0.019,1.895,1.632,16644,23067,0,36,33,33,1264944,33984,29,31,0
8218,0.777,3.946,0.027,4.750,2.078,16644,23067,0,36,33,33,1264944,33984,29,31,0
8219,0.797,10.984,0.014,11.795,4.937,16644,23067,0,36,33,33,1264944,33984,29,31,0
8220,0.793,7.185,0.014,7.992,11.994,16644,23067,0,36,33,33,1264944,33984,29,31,0
8221,0.806,0.412,0.018,1.236,8.164,16644,23067,0,36,33,33,1264944,33984,29,31,0
8222,0.818,0.369,0.023,1.209,1.406,16644,23067,0,36,33,33,1264944,33984,29,31,0
8223,0.799,0.542,0.020,1.362,1.375,16644,23067,0,36,33,33,1264944,33984,29,31,0
8224,0.855,0.479,0.031,1.365,1.537,16644,23067,0,36,33,33,1264944,33984,29,31,0
8225,0.799,3.884,0.013,4.696,1.542,16644,23067,0,36,33,33,1264944,33984,29,31,0
8226,0.829,14.561,0.013,15.403,4.885,16644,23067,0,36,33,33,1264944,33984,29,31,0
8227,0.832,5.965,0.013,6.810,15.580,16644,23067,0,36,33,33,1264944,33984,29,31,0
8228,0.820,0.511,0.013,1.343,6.992,16644,23067,0,36,33,33,1264944,33984,29,31,0
8229,0.830,1.402,0.016,2.248,1.522,16644,23067,0,36,33,33,1264944,33984,29,31,0
8230,0.840,0.445,0.014,1.300,2.440,16644,23067,0,36,33,33,1264944,33984,29,31,0
8231,0.844,1.379,0.018,2.241,1.464,16644,23067,0,36,33,33,1264944,33984,29,31,0
8232,0.832,4.744,0.019,5.595,2.431,16644,23067,0,36,33,33,1264944,33984,29,31,0
8233,0.847,10.847,0.016,11.709,5.780,16644,23067,0,36,33,33,1264944,33984,29,31,0
8234,0.926,6.821,0.011,7.758,11.910,16644,23067,0,36,33,33,1264944,33984,29,31,0
8235,0.939,0.429,0.013,1.382,7.983,16644,23067,0,36,33,33,1264944,33984,29,31,0
8236,0.818,1.487,0.022,2.326,1.553,16644,23067,0,36,33,33,1264944,33984,29,31,0
8237,0.835,0.353,0.018,1.206,2.510,16644,23067,0,36,33,33,1264944,33984,29,31,0
8238,0.824,1.543,0.014,2.381,1.377,16644,23067,0,36,33,33,1264944,33984,29,31,0
8239,0.824,4.740,0.016,5.580,2.568,16644,23067,0,36,33,33,1264944,33984,29,31,0
8240,0.891,10.395,0.015,11.301,5.760,16644,23067,0,36,33,33,1264944,33984,29,31,0
8241,0.919,7.282,0.029,8.230,11.510,16644,23067,0,36,33,33,1264944,33984,29,31,0
8242,0.990,0.553,0.017,1.559,8.466,16644,23067,0,36,33,33,1264944,33984,29,31,0
8243,0.969,1.577,0.027,2.573,1.761,16644,23067,0,36,33,33,1264944,33984,29,31,0
8244,0.963,0.488,0.025,1.476,2.783,16644,23067,0,36,33,33,1264944,33984,29,31,0
8245,0.932,1.457,0.021,2.411,1.681,16644,23067,0,36,33,33,1264944,33984,29,31,0
8246,0.960,5.210,0.029,6.198,2.631,16644,23067,0,36,33,33,1264944,33984,29,31,0
8247,1.173,8.197,0.040,9.409,6.482,16644,23067,0,36,33,33,1264944,33984,29,31,0
8248,1.019,7.063,0.021,8.104,9.644,16644,23067,0,36,33,33,1264944,33984,29,31,0
8249,1.008,0.613,0.021,1.642,8.337,16644,23067,0,36,33,33,1264944,33984,29,31,0
8250,0.994,1.364,0.018,2.375,1.843,16644,23067,0,36,33,33,1264944,33984,29,31,0
8251,1.080,0.517,0.029,1.626,2.612,16644,23067,0,36,33,33,1264944,33984,29,31,0
8252,0.839,0.456,0.016,1.311,1.811,16644,23067,0,36,33,33,1264944,33984,29,31,0
8253,0.819,5.373,0.016,6.208,1.479,16644,23067,0,36,33,33,1264944,33984,29,31,0
8254,0.892,9.599,0.025,10.517,6.427,16644,23067,0,36,33,33,1264944,33984,29,31,0
8255,0.858,7.269,0.022,8.149,10.706,16644,23067,0,36,33,33,1264944,33984,29,31,0
8256,0.988,0.562,0.020,1.571,8.366,16644,23067,0,36,33,33,1264944,33984,29,31,0
8257,0.976,1.534,0.020,2.530,1.775,16644,23067,0,36,33,33,1264944,33984,29,31,0
8258,0.999,0.461,0.025,1.485,2.742,16644,23067,0,36,33,33,1264944,33984,29,31,0
8259,0.819,0.419,0.013,1.251,1.667,16644,23067,0,36,33,33,1264944,33984,29,31,0
8260,0.821,5.057,0.021,5.899,1.438,16644,23067,0,36,33,33,1264944,33984,29,31,0
8261,0.852,10.091,0.016,10.960,6.115,16644,23067,0,36,33,33,1264944,33984,29,31,0
8262,0.977,7.192,0.017,8.186,11.198,16644,23067,0,36,33,33,1264944,33984,29,31,0
8263,0.966,0.528,0.010,1.505,8.396,16644,23067,0,36,33,33,1264944,33984,29,31,0
8264,0.990,1.431,0.026,2.447,1.719,16644,23067,0,36,33,33,1264944,33984,29,31,0
8265,0.998,0.447,0.018,1.462,2.658,16644,23067,0,36,33,33,1264944,33984,29,31,0
8266,0.930,0.435,0.022,1.387,1.669,16644,23067,0,36,33,33,1264944,33984,29,31,0
8267,0.818,5.650,0.016,6.483,1.557,16644,23067,0,36,33,33,1264944,33984,29,31,0
8268,0.920,9.545,0.017,10.482,6.678,16644,23067,0,36,33,33,1264944,33984,29,31,0
8269,0.962,7.104,0.022,8.088,10.726,16644,23067,0,36,33,33,1264944,33984,29,31,0
8270,0.944,0.526,0.015,1.485,8.305,16644,23067,0,36,33,33,1264944,33984,29,31,0
8271,1.028,1.521,0.020,2.568,1.697,16644,23067,0,36,33,33,1264944,33984,29,31,0
8272,1.007,0.448,0.016,1.471,2.784,16644,23067,0,36,33,33,1264944,33984,29,31,0
8273,0.892,0.388,0.026,1.306,1.686,16644,23067,0,36,33,33,1264944,33984,29,31,0
8274,0.831,6.201,0.016,7.048,1.484,16644,23067,0,36,33,33,1264944,33984,29,31,0
8275,0.865,9.091,0.019,9.974,7.241,16644,23067,0,36,33,33,1264944,33984,29,31,0
8276,0.996,11.469,0.014,12.479,10.178,16644,23067,0,36,33,33,1264944,33984,29,31,0
8277,0.592,3.392,0.019,4.003,12.616,16644,23067,0,36,33,33,1264944,33984,29,31,0
8278,0.956,7.195,0.023,8.174,4.182,16644,23067,0,36,33,33,1264944,33984,29,31,0
8279,1.030,7.683,0.023,8.736,8.399,16644,23067,0,36,33,33,1264944,33984,29,31,0
8280,1.194,5.376,0.022,6.593,8.997,16644,23067,0,36,33,33,1264944,33984,29,31,0
8281,1.048,7.092,0.017,8.157,6.825,16644,23067,0,36,33,33,1264944,33984,29,31,0
8282,1.069,8.485,0.079,9.632,8.386,16644,23067,0,36,33,33,1264944,33984,29,31,0
8283,1.909,4.534,0.018,6.461,10.069,16644,23067,0,36,33,33,1264944,33984,29,31,0
8284,0.904,7.939,0.054,8.897,6.668,16644,23067,0,36,33,33,1264944,33984,29,31,0
8285,1.834,1.477,0.063,3.375,9.317,16644,23067,0,36,33,33,1264944,33984,29,31,0
8286,1.508,1.179,0.066,2.753,3.702,16644,23067,0,36,33,33,1264944,33984,29,31,0
8287,1.727,0.570,0.025,2.323,3.076,16644,23067,0,36,33,33,1264944,33984,29,31,0
8288,0.944,0.507,0.011,1.461,2.547,16644,23067,0,36,33,33,1264944,33984,29,31,0
8289,0.963,12.418,0.016,13.397,1.662,16644,23067,0,36,33,33,1264944,33984,29,31,0
8290,0.994,6.382,0.024,7.400,13.605,16644,23067,0,36,33,33,1264944,33984,29,31,0
8291,1.053,0.575,0.021,1.648,7.638,16644,23067,0,36,33,33,1264944,33984,29,31,0
8292,1.062,0.497,0.017,1.576,1.871,16644,23067,0,36,33,33,1264944,33984,29,31,0
8293,1.036,0.725,0.045,1.806,1.787,16644,23067,0,36,33,33,1264944,33984,29,31,0
8294,1.059,1.842,0.034,2.935,2.025,16644,23067,0,36,33,33,1264944,33984,29,31,0
8295,1.060,6.461,0.023,7.544,3.179,16644,23067,0,36,33,33,1264944,33984,29,31,0
8296,1.062,8.434,0.021,9.518,7.779,16644,23067,0,36,33,33,1264944,33984,29,31,0
8297,1.048,5.739,0.020,6.807,9.760,16644,23067,0,36,33,33,1264944,33984,29,31,0
8298,0.971,0.505,0.014,1.490,7.024,16644,23067,0,36,33,33,1264944,33984,29,31,0
8299,0.981,0.442,0.015,1.438,1.689,16644,23067,0,36,33,33,1264944,33984,29,31,0
8300,0.961,0.459,0.040,1.460,1.639,16644,23067,0,36,33,33,1264944,33984,29,31,0
8301,0.954,0.452,0.013,1.419,1.650,16644,23067,0,36,33,33,1264944,33984,29,31,0
8302,0.825,0.420,0.021,1.266,1.637,16644,23067,0,36,33,33,1264944,33984,29,31,0
8303,0.819,4.232,0.014,5.065,1.431,16644,23067,0,36,33,33,1264944,33984,29,31,0
8304,0.846,11.147,0.025,12.018,5.268,16644,23067,0,36,33,33,1264944,33984,29,31,0
8305,1.007,6.538,0.025,7.570,12.249,16644,23067,0,36,33,33,1264944,33984,29,31,0
8306,1.002,0.487,0.017,1.506,7.807,16644,23067,0,36,33,33,1264944,33984,29,31,0
8307,0.971,0.483,0.015,1.468,1.716,16644,23067,0,36,33,33,1264944,33984,29,31,0
8308,0.882,0.377,0.015,1.273,1.674,16644,23067,0,36,33,33,1264944,33984,29,31,0
8309,0.831,0.463,0.017,1.311,1.439,16644,23067,0,36,33,33,1264944,33984,29,31,0
8310,0.865,0.697,0.026,1.588,1.480,16644,23067,0,36,33,33,1264944,33984,29,31,0
8311,0.867,5.067,0.012,5.945,1.766,16644,23067,0,36,33,33,1264944,33984,29,31,0
8312,0.864,9.922,0.012,10.799,6.150,16644,23067,0,36,33,33,1264944,33984,29,31,0
8313,0.824,7.029,0.012,7.866,10.987,16644,23067,0,36,33,33,1264944,33984,29,31,0
8314,0.958,0.448,0.017,1.424,8.078,16644,23067,0,36,33,33,1264944,33984,29,31,0
8315,0.929,0.453,0.019,1.400,1.625,16644,23067,0,36,33,33,1264944,33984,29,31,0
8316,0.830,0.406,0.012,1.248,1.592,16644,23067,0,36,33,33,1264944,33984,29,31,0
8317,0.845,0.401,0.020,1.265,1.418,16644,23067,0,36,33,33,1264944,33984,29,31,0
8318,0.856,1.042,0.019,1.916,1.433,16644,23067,0,36,33,33,1264944,33984,29,31,0
8319,0.899,5.283,0.018,6.200,2.110,16644,23067,0,36,33,33,1264944,33984,29,31,0
8320,0.837,9.475,0.016,10.327,6.395,16644,23067,0,36,33,33,1264944,33984,29,31,0
8321,0.963,6.977,0.017,7.957,10.556,16644,23067,0,36,33,33,1264944,33984,29,31,0
8322,0.972,0.474,0.016,1.463,8.179,16644,23067,0,36,33,33,1264944,33984,29,31,0
8323,0.934,0.398,0.014,1.346,1.685,16644,23067,0,36,33,33,1264944,33984,29,31,0
8324,0.801,0.415,0.036,1.251,1.509,16644,23067,0,36,33,33,1264944,33984,29,31,0
8325,0.831,0.488,0.012,1.332,1.438,16644,23067,0,36,33,33,1264944,33984,29,31,0
8326,0.830,4.614,0.011,5.455,1.507,16644,23067,0,36,33,33,1264944,33984,29,31,0
8327,0.832,12.521,0.015,13.368,5.639,16644,23067,0,36,33,33,1264944,33984,29,31,0
8328,0.808,6.953,0.019,7.780,13.562,16644,23067,0,36,33,33,1264944,33984,29,31,0
8329,0.811,0.411,0.020,1.242,7.972,16644,23067,0,36,33,33,1264944,33984,29,31,0
8330,0.790,0.341,0.014,1.145,1.424,16644,23067,0,36,33,33,1264944,33984,29,31,0
8331,0.815,0.352,0.020,1.187,1.330,16644,23067,0,36,33,33,1264944,33984,29,31,0
8332,0.839,0.446,0.014,1.299,1.359,16644,23067,0,36,33,33,1264944,33984,29,31,0
8333,0.810,4.410,0.013,5.233,1.476,16644,23067,0,36,33,33,1264944,33984,29,31,0
8334,0.839,15.006,0.017,15.862,5.421,16644,23067,0,36,33,33,1264944,33984,29,31,0
8335,0.841,5.686,0.019,6.547,16.060,16644,23067,0,36,33,33,1264944,33984,29,31,0
8336,0.895,0.435,0.032,1.361,6.746,16644,23067,0,36,33,33,1264944,33984,29,31,0
8337,0.829,2.970,0.010,3.810,1.526,16644,23067,0,36,33,33,1264944,33984,29,31,0
8338,0.821,10.228,0.019,11.068,3.998,16644,23067,0,36,33,33,1264944,33984,29,31,0
8339,0.978,7.279,0.018,8.275,11.284,16644,23067,0,36,33,33,1264944,33984,29,31,0
8340,0.989,6.412,0.012,7.413,8.504,16644,23067,0,36,33,33,1264944,33984,29,31,0
8341,0.970,0.518,0.016,1.504,7.641,16644,23067,0,36,33,33,1264944,33984,29,31,0
8342,1.000,1.331,0.018,2.349,1.717,16644,23067,0,36,33,33,1264944,33984,29,31,0
8343,0.999,0.486,0.019,1.504,2.602,16644,23067,0,36,33,33,1264944,33984,29,31,0
8344,0.831,1.738,0.011,2.581,1.712,16644,23067,0,36,33,33,1264944,33984,29,31,0
8345,0.788,6.264,0.018,7.070,2.750,16644,23067,0,36,33,33,1264944,33984,29,31,0
8346,1.000,8.133,0.025,9.158,7.288,16644,23067,0,36,33,33,1264944,33984,29,31,0
8347,0.942,6.662,0.014,7.618,9.385,16644,23067,0,36,33,33,1264944,33984,29,31,0
8348,0.973,0.471,0.012,1.457,7.845,16644,23067,0,36,33,33,1264944,33984,29,31,0
8349,0.955,1.456,0.030,2.441,1.651,16644,23067,0,36,33,33,1264944,33984,29,31,0
8350,0.974,0.458,0.019,1.451,2.665,16644,23067,0,36,33,33,1264944,33984,29,31,0
8351,1.000,1.305,0.026,2.330,1.675,16644,23067,0,36,33,33,1264944,33984,29,31,0
8352,0.925,5.655,0.019,6.599,2.546,16644,23067,0,36,33,33,1264944,33984,29,31,0
8353,0.965,8.708,0.019,9.693,6.816,16644,23067,0,36,33,33,1264944,33984,29,31,0
8354,0.936,7.414,0.014,8.364,9.924,16644,23067,0,36,33,33,1264944,33984,29,31,0
8355,0.986,0.555,0.013,1.554,8.592,16644,23067,0,36,33,33,1264944,33984,29,31,0
8356,0.959,1.632,0.015,2.606,1.754,16644,23067,0,36,33,33,1264944,33984,29,31,0
8357,1.000,0.457,0.022,1.479,2.823,16644,23067,0,36,33,33,1264944,33984,29,31,0
8358,0.870,1.544,0.022,2.436,1.676,16644,23067,0,36,33,33,1264944,33984,29,31,0
8359,0.813,5.976,0.027,6.816,2.618,16644,23067,0,36,33,33,1264944,33984,29,31,0
8360,0.985,7.780,0.018,8.783,7.025,16644,23067,0,36,33,33,1264944,33984,29,31,0
8361,0.956,7.132,0.018,8.106,9.013,16644,23067,0,36,33,33,1264944,33984,29,31,0
8362,0.958,0.526,0.016,1.500,8.318,16644,23067,0,36,33,33,1264944,33984,29,31,0
8363,0.974,1.424,0.017,2.415,1.703,16644,23067,0,36,33,33,1264944,33984,29,31,0
8364,1.052,0.468,0.018,1.537,2.632,16644,23067,0,36,33,33,1264944,33984,29,31,0
8365,0.940,0.453,0.022,1.416,1.735,16644,23067,0,36,33,33,1264944,33984,29,31,0
8366,0.939,5.116,0.017,6.073,1.614,16644,23067,0,36,33,33,1264944,33984,29,31,0
8367,0.999,9.802,0.020,10.820,6.313,16644,23067,0,36,33,33,1264944,33984,29,31,0
8368,0.962,7.178,0.019,8.159,11.047,16644,23067,0,36,33,33,1264944,33984,29,31,0
8369,0.964,0.469,0.016,1.449,8.384,16644,23067,0,36,33,33,1264944,33984,29,31,0
8370,0.953,1.400,0.010,2.364,1.644,16644,23067,0,36,33,33,1264944,33984,29,31,0
8371,1.003,0.445,0.014,1.462,2.582,16644,23067,0,36,33,33,1264944,33984,29,31,0
8372,0.961,0.435,0.015,1.411,1.665,16644,23067,0,36,33,33,1264944,33984,29,31,0
8373,0.918,5.330,0.032,6.281,1.610,16644,23067,0,36,33,33,1264944,33984,29,31,0
8374,0.967,9.587,0.012,10.566,6.533,16644,23067,0,36,33,33,1264944,33984,29,31,0
8375,0.964,6.780,0.022,7.766,10.794,16644,23067,0,36,33,33,1264944,33984,29,31,0
8376,0.984,0.437,0.015,1.437,7.996,16644,23067,0,36,33,33,1264944,33984,29,31,0
8377,0.922,0.460,0.015,1.398,1.634,16644,23067,0,36,33,33,1264944,33984,29,31,0
8378,0.956,0.405,0.009,1.370,1.593,16644,23067,0,36,33,33,1264944,33984,29,31,0
8379,0.818,0.471,0.011,1.300,1.556,16644,23067,0,36,33,33,1264944,33984,29,31,0
8380,0.827,5.537,0.018,6.383,1.474,16644,23067,0,36,33,33,1264944,33984,29,31,0
8381,0.833,11.532,0.010,12.375,6.578,16644,23067,0,36,33,33,1264944,33984,29,31,0
8382,0.954,6.751,0.012,7.717,12.579,16644,23067,0,36,33,33,1264944,33984,29,31,0
8383,0.995,0.461,0.015,1.470,7.947,16644,23067,0,36,33,33,1264944,33984,29,31,0
8384,0.931,0.438,0.022,1.391,1.678,16644,23067,0,36,33,33,1264944,33984,29,31,0
8385,0.978,0.441,0.015,1.434,1.609,16644,23067,0,36,33,33,1264944,33984,29,31,0
8386,0.926,0.477,0.013,1.415,1.630,16644,23067,0,36,33,33,1264944,33984,29,31,0
8387,0.829,0.498,0.018,1.346,1.583,16644,23067,0,36,33,33,1264944,33984,29,31,0
8388,0.832,5.027,0.019,5.878,1.528,16644,23067,0,36,33,33,1264944,33984,29,31,0
8389,0.830,10.050,0.011,10.891,6.077,16644,23067,0,36,33,33,1264944,33984,29,31,0
8390,0.825,6.996,0.013,7.834,11.078,16644,23067,0,36,33,33,1264944,33984,29,31,0
8391,0.950,0.429,0.013,1.392,8.047,16644,23067,0,36,33,33,1264944,33984,29,31,0
8392,0.928,0.393,0.018,1.338,1.603,16644,23067,0,36,33,33,1264944,33984,29,31,0
8393,0.807,0.440,0.014,1.261,1.513,16644,23067,0,36,33,33,1264944,33984,29,31,0
8394,0.823,0.473,0.010,1.306,1.434,16644,23067,0,36,33,33,1264944,33984,29,31,0
8395,0.857,2.933,0.011,3.802,1.489,16644,23067,0,36,33,33,1264944,33984,29,31,0
8396,0.914,14.528,0.030,15.471,4.062,16644,23067,0,36,33,33,1264944,33984,29,31,0
8397,1.075,6.569,0.015,7.659,15.715,16644,23067,0,36,33,33,1264944,33984,29,31,0
8398,0.979,0.463,0.014,1.456,7.898,16644,23067,0,36,33,33,1264944,33984,29,31,0
8399,0.992,0.460,0.018,1.470,1.653,16644,23067,0,36,33,33,1264944,33984,29,31,0
8400,0.973,0.480,0.045,1.497,1.676,16644,23067,0,36,33,33,1264944,33984,29,31,0
8401,0.898,0.377,0.019,1.293,1.698,16644,23067,0,36,33,33,1264944,33984,29,31,0
8402,0.820,0.387,0.010,1.217,1.489,16644,23067,0,36,33,33,1264944,33984,29,31,0
8403,0.894,1.671,0.013,2.578,1.380,16644,23067,0,36,33,33,1264944,33984,29,31,0
8404,0.817,13.524,0.018,14.359,2.763,16644,23067,0,36,33,33,1264944,33984,29,31,0
8405,0.881,6.780,0.019,7.680,14.575,16644,23067,0,36,33,33,1264944,33984,29,31,0
8406,0.844,0.468,0.016,1.328,7.858,16644,23067,0,36,33,33,1264944,33984,29,31,0
8407,0.839,0.406,0.016,1.260,1.509,16644,23067,0,36,33,33,1264944,33984,29,31,0
8408,0.848,0.391,0.012,1.251,1.430,16644,23067,0,36,33,33,1264944,33984,29,31,0
8409,0.885,0.446,0.017,1.348,1.440,16644,23067,0,36,33,33,1264944,33984,29,31,0
8410,0.972,9.789,0.019,10.779,1.518,16644,23067,0,36,33,33,1264944,33984,29,31,0
8411,0.886,8.081,0.023,8.990,10.992,16644,23067,0,36,33,33,1264944,33984,29,31,0
8412,0.832,6.489,0.016,7.337,9.175,16644,23067,0,36,33,33,1264944,33984,29,31,0
8413,0.838,0.485,0.015,1.338,7.524,16644,23067,0,36,33,33,1264944,33984,29,31,0
8414,0.830,0.532,0.020,1.382,1.516,16644,23067,0,36,33,33,1264944,33984,29,31,0
8415,0.842,0.423,0.012,1.277,1.558,16644,23067,0,36,33,33,1264944,33984,29,31,0
8416,0.850,0.460,0.015,1.325,1.448,16644,23067,0,36,33,33,1264944,33984,29,31,0
8417,0.879,0.618,0.013,1.509,1.500,16644,23067,0,36,33,33,1264944,33984,29,31,0
8418,0.822,4.018,0.014,4.854,1.689,16644,23067,0,36,33,33,1264944,33984,29,31,0
8419,0.831,11.434,0.016,12.280,5.039,16644,23067,0,36,33,33,1264944,33984,29,31,0
8420,0.824,6.960,0.015,7.799,12.448,16644,23067,0,36,33,33,1264944,33984,29,31,0
8421,1.090,0.479,0.014,1.583,8.021,16644,23067,0,36,33,33,1264944,33984,29,31,0
8422,0.902,0.412,0.014,1.329,1.792,16644,23067,0,36,33,33,1264944,33984,29,31,0
8423,0.854,0.476,0.022,1.353,1.504,16644,23067,0,36,33,33,1264944,33984,29,31,0
8424,0.873,0.486,0.023,1.383,1.548,16644,23067,0,36,33,33,1264944,33984,29,31,0
8425,0.863,0.605,0.014,1.483,1.559,16644,23067,0,36,33,33,1264944,33984,29,31,0
8426,0.873,2.380,0.012,3.265,1.667,16644,23067,0,36,33,33,1264944,33984,29,31,0
8427,0.882,13.038,0.024,13.944,3.471,16644,23067,0,36,33,33,1264944,33984,29,31,0
8428,0.866,6.652,0.017,7.535,14.130,16644,23067,0,36,33,33,1264944,33984,29,31,0
8429,0.849,0.694,0.014,1.558,7.734,16644,23067,0,36,33,33,1264944,33984,29,31,0
8430,0.825,0.476,0.018,1.318,1.728,16644,23067,0,36,33,33,1264944,33984,29,31,0
8431,0.847,0.405,0.013,1.265,1.496,16644,23067,0,36,33,33,1264944,33984,29,31,0
8432,0.848,0.443,0.009,1.301,1.443,16644,23067,0,36,33,33,1264944,33984,29,31,0
8433,0.854,0.515,0.014,1.384,1.482,16644,23067,0,36,33,33,1264944,33984,29,31,0
8434,0.817,3.612,0.008,4.437,1.566,16644,23067,0,36,33,33,1264944,33984,29,31,0
8435,0.710,11.761,0.013,12.483,4.602,16644,23067,0,36,33,33,1264944,33984,29,31,0
8436,0.796,7.058,0.010,7.863,12.680,16644,23067,0,36,33,33,1264944,33984,29,31,0
8437,0.832,0.357,0.015,1.204,8.063,16644,23067,0,36,33,33,1264944,33984,29,31,0
8438,0.824,0.395,0.013,1.232,1.384,16644,23067,0,36,33,33,1264944,33984,29,31,0
8439,0.813,0.567,0.030,1.410,1.412,16644,23067,0,36,33,33,1264944,33984,29,31,0
8440,1.078,0.616,0.022,1.716,1.656,16644,23067,0,36,33,33,1264944,33984,29,31,0
8441,0.841,9.621,0.019,10.481,1.880,16644,23067,0,36,33,33,1264944,33984,29,31,0
8442,0.903,7.693,0.018,8.615,10.680,16644,23067,0,36,33,33,1264944,33984,29,31,0
8443,0.824,6.638,0.021,7.483,8.801,16644,23067,0,36,33,33,1264944,33984,29,31,0
8444,0.837,0.470,0.015,1.322,7.696,16644,23067,0,36,33,33,1264944,33984,29,31,0
8445,0.820,0.461,0.010,1.291,1.504,16644,23067,0,36,33,33,1264944,33984,29,31,0
8446,0.812,0.426,0.013,1.252,1.464,16644,23067,0,36,33,33,1264944,33984,29,31,0
8447,0.848,0.451,0.019,1.318,1.422,16644,23067,0,36,33,33,1264944,33984,29,31,0
8448,0.832,1.003,0.013,1.848,1.535,16644,23067,0,36,33,33,1264944,33984,29,31,0
8449,0.706,4.150,0.017,4.872,2.018,16644,23067,0,36,33,33,1264944,33984,29,31,0
8450,0.801,11.668,0.012,12.482,5.077,16644,23067,0,36,33,33,1264944,33984,29,31,0
8451,0.829,6.426,0.013,7.268,12.671,16644,23067,0,36,33,33,1264944,33984,29,31,0
8452,0.821,0.556,0.014,1.390,7.446,16644,23067,0,36,33,33,1264944,33984,29,31,0
8453,0.838,0.396,0.012,1.246,1.583,16644,23067,0,36,33,33,1264944,33984,29,31,0
8454,0.830,0.412,0.019,1.260,1.430,16644,23067,0,36,33,33,1264944,33984,29,31,0
8455,0.836,0.483,0.016,1.335,1.438,16644,23067,0,36,33,33,1264944,33984,29,31,0
8456,0.816,0.972,0.014,1.802,1.514,16644,23067,0,36,33,33,1264944,33984,29,31,0
8457,0.720,3.692,0.012,4.425,1.963,16644,23067,0,36,33,33,1264944,33984,29,31,0
8458,0.766,12.279,0.019,13.064,4.585,16644,23067,0,36,33,33,1264944,33984,29,31,0
8459,0.858,6.685,0.016,7.559,13.253,16644,23067,0,36,33,33,1264944,33984,29,31,0
8460,0.821,1.015,0.017,1.853,7.740,16644,23067,0,36,33,33,1264944,33984,29,31,0
8461,0.831,0.465,0.015,1.312,2.044,16644,23067,0,36,33,33,1264944,33984,29,31,0
8462,0.853,0.460,0.010,1.322,1.498,16644,23067,0,36,33,33,1264944,33984,29,31,0
8463,0.801,3.785,0.017,4.604,1.488,16644,23067,0,36,33,33,1264944,33984,29,31,0
8464,0.837,14.403,0.016,15.256,4.793,16644,23067,0,36,33,33,1264944,33984,29,31,0
8465,0.860,7.079,0.018,7.957,15.445,16644,23067,0,36,33,33,1264944,33984,29,31,0
8466,0.933,0.438,0.016,1.388,8.172,16644,23067,0,36,33,33,1264944,33984,29,31,0
8467,0.878,0.365,0.051,1.294,1.603,16644,23067,0,36,33,33,1264944,33984,29,31,0
8468,0.851,0.422,0.014,1.287,1.472,16644,23067,0,36,33,33,1264944,33984,29,31,0
8469,0.848,0.391,0.018,1.257,1.473,16644,23067,0,36,33,33,1264944,33984,29,31,0
8470,0.856,0.956,0.017,1.829,1.428,16644,23067,0,36,33,33,1264944,33984,29,31,0
8471,0.827,2.408,0.015,3.250,2.017,16644,23067,0,36,33,33,1264944,33984,29,31,0
8472,0.869,12.649,0.011,13.529,3.431,16644,23067,0,36,33,33,1264944,33984,29,31,0
8473,0.836,6.929,0.016,7.780,13.707,16644,23067,0,36,33,33,1264944,33984,29,31,0
8474,0.827,0.437,0.010,1.274,7.961,16644,23067,0,36,33,33,1264944,33984,29,31,0
8475,0.807,0.354,0.015,1.176,1.444,16644,23067,0,36,33,33,1264944,33984,29,31,0
8476,0.808,0.372,0.014,1.193,1.354,16644,23067,0,36,33,33,1264944,33984,29,31,0
8477,0.813,0.393,0.018,1.224,1.376,16644,23067,0,36,33,33,1264944,33984,29,31,0
8478,0.795,10.225,0.012,11.032,1.396,16644,23067,0,36,33,33,1264944,33984,29,31,0
8479,0.852,7.778,0.016,8.646,11.229,16644,23067,0,36,33,33,1264944,33984,29,31,0
8480,0.826,6.570,0.012,7.408,8.817,16644,23067,0,36,33,33,1264944,33984,29,31,0
8481,0.817,0.357,0.015,1.189,7.586,16644,23067,0,36,33,33,1264944,33984,29,31,0
8482,0.809,0.370,0.017,1.196,1.369,16644,23067,0,36,33,33,1264944,33984,29,31,0
8483,0.796,0.353,0.016,1.165,1.374,16644,23067,0,36,33,33,1264944,33984,29,31,0
8484,0.828,0.393,0.018,1.239,1.340,16644,23067,0,36,33,33,1264944,33984,29,31,0
8485,0.807,3.123,0.009,3.939,1.406,16644,23067,0,36,33,33,1264944,33984,29,31,0
8486,0.793,14.714,0.013,15.520,4.128,16644,23067,0,36,33,33,1264944,33984,29,31,0
8487,0.796,7.090,0.024,7.910,15.722,16644,23067,0,36,33,33,1264944,33984,29,31,0
8488,0.808,0.360,0.018,1.186,8.093,16644,23067,0,36,33,33,1264944,33984,29,31,0
8489,0.807,0.395,0.015,1.216,1.364,16644,23067,0,36,33,33,1264944,33984,29,31,0
8490,0.829,0.464,0.012,1.305,1.413,16644,23067,0,36,33,33,1264944,33984,29,31,0
8491,0.820,0.357,0.017,1.194,1.478,16644,23067,0,36,33,33,1264944,33984,29,31,0
8492,0.808,10.301,0.010,11.120,1.360,16644,23067,0,36,33,33,1264944,33984,29,31,0
8493,0.796,7.740,0.025,8.560,11.310,16644,23067,0,36,33,33,1264944,33984,29,31,0
8494,0.924,6.739,0.029,7.691,8.759,16644,23067,0,36,33,33,1264944,33984,29,31,0
8495,0.955,6.906,0.021,7.883,7.898,16644,23067,0,36,33,33,1264944,33984,29,31,0
8496,0.961,7.362,0.012,8.335,8.085,16644,23067,0,36,33,33,1264944,33984,29,31,0
8497,0.952,7.206,0.015,8.174,8.565,16644,23067,0,36,33,33,1264944,33984,29,31,0
8498,0.950,6.743,0.019,7.712,8.405,16644,23067,0,36,33,33,1264944,33984,29,31,0
8499,1.171,0.485,0.016,1.672,7.977,16644,23067,0,36,33,33,1264944,33984,29,31,0
8500,0.933,0.443,0.013,1.389,1.880,16644,23067,0,36,33,33,1264944,33984,29,31,0
8501,0.946,0.428,0.038,1.411,1.589,16644,23067,0,36,33,33,1264944,33984,29,31,0
8502,0.985,0.513,0.025,1.523,1.615,16644,23067,0,36,33,33,1264944,33984,29,31,0
8503,0.933,0.448,0.014,1.395,1.732,16644,23067,0,36,33,33,1264944,33984,29,31,0
8504,0.859,2.248,0.012,3.120,1.560,16644,23067,0,36,33,33,1264944,33984,29,31,0
8505,0.898,12.946,0.019,13.863,3.321,16644,23067,0,36,33,33,1264944,33984,29,31,0
8506,1.037,6.464,0.012,7.513,14.084,16644,23067,0,36,33,33,1264944,33984,29,31,0
8507,0.960,0.449,0.011,1.420,7.748,16644,23067,0,36,33,33,1264944,33984,29,31,0
8508,0.966,0.441,0.016,1.423,1.640,16644,23067,0,36,33,33,1264944,33984,29,31,0
8509,0.966,0.486,0.047,1.499,1.639,16644,23067,0,36,33,33,1264944,33984,29,31,0
8510,0.872,0.396,0.011,1.279,1.698,16644,23067,0,36,33,33,1264944,33984,29,31,0
8511,0.853,0.453,0.018,1.324,1.454,16644,23067,0,36,33,33,1264944,33984,29,31,0
8512,0.947,2.167,0.016,3.131,1.517,16644,23067,0,36,33,33,1264944,33984,29,31,0
8513,0.883,13.164,0.022,14.068,3.334,16644,23067,0,36,33,33,1264944,33984,29,31,0
8514,1.031,6.687,0.020,7.738,14.296,16644,23067,0,36,33,33,1264944,33984,29,31,0
8515,0.994,0.598,0.020,1.611,7.953,16644,23067,0,36,33,33,1264944,33984,29,31,0
8516,0.980,0.492,0.018,1.490,1.818,16644,23067,0,36,33,33,1264944,33984,29,31,0
8517,0.970,0.412,0.012,1.393,1.717,16644,23067,0,36,33,33,1264944,33984,29,31,0
8518,0.871,0.397,0.012,1.280,1.581,16644,23067,0,36,33,33,1264944,33984,29,31,0
8519,0.821,0.381,0.015,1.216,1.446,16644,23067,0,36,33,33,1264944,33984,29,31,0
8520,0.817,3.292,0.011,4.120,1.392,16644,23067,0,36,33,33,1264944,33984,29,31,0
8521,0.832,12.103,0.019,12.954,4.320,16644,23067,0,36,33,33,1264944,33984,29,31,0
8522,0.857,6.805,0.014,7.676,13.145,16644,23067,0,36,33,33,1264944,33984,29,31,0
8523,0.833,0.436,0.014,1.283,7.869,16644,23067,0,36,33,33,1264944,33984,29,31,0
8524,0.818,0.390,0.018,1.226,1.458,16644,23067,0,36,33,33,1264944,33984,29,31,0
8525,0.820,0.438,0.018,1.275,1.399,16644,23067,0,36,33,33,1264944,33984,29,31,0
8526,0.821,0.442,0.019,1.282,1.454,16644,23067,0,36,33,33,1264944,33984,29,31,0
8527,0.801,3.898,0.012,4.711,1.452,16644,23067,0,36,33,33,1264944,33984,29,31,0
8528,0.850,13.449,0.013,14.312,4.905,16644,23067,0,36,33,33,1264944,33984,29,31,0
8529,0.829,6.944,0.015,7.788,14.487,16644,23067,0,36,33,33,1264944,33984,29,31,0
8530,0.822,0.391,0.021,1.234,7.983,16644,23067,0,36,33,33,1264944,33984,29,31,0
8531,0.810,0.374,0.015,1.199,1.404,16644,23067,0,36,33,33,1264944,33984,29,31,0
8532,0.816,0.477,0.019,1.312,1.371,16644,23067,0,36,33,33,1264944,33984,29,31,0
8533,0.833,0.457,0.022,1.313,1.498,16644,23067,0,36,33,33,1264944,33984,29,31,0
8534,0.803,3.923,0.015,4.740,1.487,16644,23067,0,36,33,33,1264944,33984,29,31,0
8535,0.833,14.993,0.015,15.841,4.926,16644,23067,0,36,33,33,1264944,33984,29,31,0
8536,0.795,5.840,0.019,6.653,16.020,16644,23067,0,36,33,33,1264944,33984,29,31,0
8537,0.806,0.348,0.018,1.172,6.841,16644,23067,0,36,33,33,1264944,33984,29,31,0
8538,0.805,0.630,0.016,1.451,1.337,16644,23067,0,36,33,33,1264944,33984,29,31,0
8539,0.819,1.902,0.014,2.735,1.623,16644,23067,0,36,33,33,1264944,33984,29,31,0
8540,0.834,9.639,0.015,10.488,2.910,16644,23067,0,36,33,33,1264944,33984,29,31,0
8541,0.829,8.181,0.021,9.031,10.662,16644,23067,0,36,33,33,1264944,33984,29,31,0
8542,0.944,6.212,0.018,7.175,9.230,16644,23067,0,36,33,33,1264944,33984,29,31,0
8543,0.961,0.503,0.019,1.484,7.403,16644,23067,0,36,33,33,1264944,33984,29,31,0
8544,0.987,1.655,0.017,2.658,1.703,16644,23067,0,36,33,33,1264944,33984,29,31,0
8545,0.975,0.505,0.018,1.498,2.861,16644,23067,0,36,33,33,1264944,33984,29,31,0
8546,0.872,1.978,0.012,2.861,1.704,16644,23067,0,36,33,33,1264944,33984,29,31,0
8547,0.854,5.127,0.013,5.994,3.051,16644,23067,0,36,33,33,1264944,33984,29,31,0
8548,0.939,8.629,0.021,9.589,6.197,16644,23067,0,36,33,33,1264944,33984,29,31,0
8549,0.951,6.711,0.024,7.687,9.820,16644,23067,0,36,33,33,1264944,33984,29,31,0
8550,0.952,0.501,0.016,1.469,7.892,16644,23067,0,36,33,33,1264944,33984,29,31,0
8551,0.966,1.380,0.019,2.365,1.675,16644,23067,0,36,33,33,1264944,33984,29,31,0
8552,1.007,0.449,0.017,1.473,2.573,16644,23067,0,36,33,33,1264944,33984,29,31,0
8553,0.862,1.991,0.020,2.873,1.655,16644,23067,0,36,33,33,1264944,33984,29,31,0
8554,0.870,5.032,0.026,5.928,3.059,16644,23067,0,36,33,33,1264944,33984,29,31,0
8555,0.866,9.286,0.014,10.166,6.120,16644,23067,0,36,33,33,1264944,33984,29,31,0
8556,1.019,6.515,0.021,7.556,10.401,16644,23067,0,36,33,33,1264944,33984,29,31,0
8557,0.979,0.512,0.017,1.508,7.793,16644,23067,0,36,33,33,1264944,33984,29,31,0
8558,1.005,0.502,0.015,1.522,1.731,16644,23067,0,36,33,33,1264944,33984,29,31,0
8559,1.030,0.475,0.010,1.515,1.722,16644,23067,0,36,33,33,1264944,33984,29,31,0
8560,0.806,0.411,0.022,1.239,1.698,16644,23067,0,36,33,33,1264944,33984,29,31,0
8561,1.211,8.781,0.024,10.016,1.515,16644,23067,0,36,33,33,1264944,33984,29,31,0
8562,0.914,8.052,0.018,8.984,10.218,16644,23067,0,36,33,33,1264944,33984,29,31,0
8563,0.980,6.331,0.017,7.328,9.205,16644,23067,0,36,33,33,1264944,33984,29,31,0
8564,0.969,0.426,0.012,1.407,7.553,16644,23067,0,36,33,33,1264944,33984,29,31,0
8565,0.918,0.416,0.016,1.350,1.626,16644,23067,0,36,33,33,1264944,33984,29,31,0
8566,0.966,0.402,0.033,1.401,1.559,16644,23067,0,36,33,33,1264944,33984,29,31,0
8567,0.828,0.414,0.012,1.255,1.581,16644,23067,0,36,33,33,1264944,33984,29,31,0
8568,0.873,3.772,0.011,4.656,1.430,16644,23067,0,36,33,33,1264944,33984,29,31,0
8569,0.855,12.900,0.018,13.773,4.845,16644,23067,0,36,33,33,1264944,33984,29,31,0
8570,0.956,7.301,0.033,8.290,13.993,16644,23067,0,36,33,33,1264944,33984,29,31,0
8571,0.951,0.500,0.015,1.466,8.497,16644,23067,0,36,33,33,1264944,33984,29,31,0
8572,0.957,1.445,0.012,2.414,1.664,16644,23067,0,36,33,33,1264944,33984,29,31,0
8573,0.988,0.463,0.016,1.468,2.632,16644,23067,0,36,33,33,1264944,33984,29,31,0
8574,0.802,0.514,0.021,1.336,1.644,16644,23067,0,36,33,33,1264944,33984,29,31,0
8575,0.826,6.038,0.018,6.882,1.513,16644,23067,0,36,33,33,1264944,33984,29,31,0
8576,0.869,9.260,0.015,10.144,7.070,16644,23067,0,36,33,33,1264944,33984,29,31,0
8577,0.940,7.239,0.016,8.195,10.377,16644,23067,0,36,33,33,1264944,33984,29,31,0
8578,0.983,0.501,0.014,1.498,8.417,16644,23067,0,36,33,33,1264944,33984,29,31,0
8579,1.008,1.334,0.015,2.357,1.709,16644,23067,0,36,33,33,1264944,33984,29,31,0
8580,0.975,0.436,0.025,1.436,2.583,16644,23067,0,36,33,33,1264944,33984,29,31,0
8581,0.930,0.463,0.015,1.408,1.631,16644,23067,0,36,33,33,1264944,33984,29,31,0
8582,0.798,5.014,0.018,5.830,1.579,16644,23067,0,36,33,33,1264944,33984,29,31,0
8583,0.842,10.478,0.018,11.338,6.030,16644,23067,0,36,33,33,1264944,33984,29,31,0
8584,0.966,6.677,0.015,7.658,11.552,16644,23067,0,36,33,33,1264944,33984,29,31,0
8585,0.935,0.456,0.014,1.405,7.876,16644,23067,0,36,33,33,1264944,33984,29,31,0
8586,0.913,0.414,0.011,1.339,1.619,16644,23067,0,36,33,33,1264944,33984,29,31,0
8587,0.946,0.464,0.017,1.427,1.538,16644,23067,0,36,33,33,1264944,33984,29,31,0
8588,0.847,0.425,0.017,1.288,1.628,16644,23067,0,36,33,33,1264944,33984,29,31,0
8589,0.821,4.299,0.015,5.134,1.465,16644,23067,0,36,33,33,1264944,33984,29,31,0
8590,0.904,12.704,0.016,13.624,5.357,16644,23067,0,36,33,33,1264944,33984,29,31,0
8591,0.951,6.574,0.022,7.546,13.843,16644,23067,0,36,33,33,1264944,33984,29,31,0
8592,0.904,0.476,0.014,1.394,7.736,16644,23067,0,36,33,33,1264944,33984,29,31,0
8593,0.904,0.428,0.015,1.347,1.584,16644,23067,0,36,33,33,1264944,33984,29,31,0
8594,0.815,0.392,0.010,1.217,1.522,16644,23067,0,36,33,33,1264944,33984,29,31,0
8595,0.826,0.428,0.018,1.272,1.408,16644,23067,0,36,33,33,1264944,33984,29,31,0
8596,0.856,1.090,0.013,1.958,1.455,16644,23067,0,36,33,33,1264944,33984,29,31,0
8597,0.804,4.945,0.016,5.765,2.140,16644,23067,0,36,33,33,1264944,33984,29,31,0
8598,0.817,10.179,0.014,11.009,5.945,16644,23067,0,36,33,33,1264944,33984,29,31,0
8599,0.799,7.079,0.010,7.889,11.214,16644,23067,0,36,33,33,1264944,33984,29,31,0
8600,0.820,0.407,0.014,1.241,8.080,16644,23067,0,36,33,33,1264944,33984,29,31,0
8601,0.788,0.428,0.013,1.229,1.412,16644,23067,0,36,33,33,1264944,33984,29,31,0
8602,0.811,0.345,0.060,1.216,1.401,16644,23067,0,36,33,33,1264944,33984,29,31,0
8603,0.917,0.708,0.017,1.643,1.414,16644,23067,0,36,33,33,1264944,33984,29,31,0
8604,0.871,10.232,0.014,11.117,1.830,16644,23067,0,36,33,33,1264944,33984,29,31,0
8605,0.870,7.321,0.016,8.207,11.316,16644,23067,0,36,33,33,1264944,33984,29,31,0
8606,0.849,6.673,0.022,7.544,8.395,16644,23067,0,36,33,33,1264944,33984,29,31,0
8607,0.834,0.395,0.025,1.254,7.732,16644,23067,0,36,33,33,1264944,33984,29,31,0
8608,0.800,0.354,0.020,1.174,1.432,16644,23067,0,36,33,33,1264944,33984,29,31,0
8609,0.807,0.368,0.013,1.188,1.356,16644,23067,0,36,33,33,1264944,33984,29,31,0
8610,0.817,0.451,0.013,1.281,1.363,16644,23067,0,36,33,33,1264944,33984,29,31,0
8611,0.810,10.404,0.015,11.229,1.461,16644,23067,0,36,33,33,1264944,33984,29,31,0
8612,0.871,7.390,0.018,8.278,11.432,16644,23067,0,36,33,33,1264944,33984,29,31,0
8613,0.871,6.849,0.012,7.732,8.463,16644,23067,0,36,33,33,1264944,33984,29,31,0
8614,0.989,0.476,0.015,1.481,7.956,16644,23067,0,36,33,33,1264944,33984,29,31,0
8615,0.819,0.403,0.021,1.243,1.677,16644,23067,0,36,33,33,1264944,33984,29,31,0
8616,0.830,0.446,0.011,1.287,1.424,16644,23067,0,36,33,33,1264944,33984,29,31,0
8617,0.869,0.407,0.012,1.289,1.493,16644,23067,0,36,33,33,1264944,33984,29,31,0
8618,0.869,0.611,0.014,1.494,1.466,16644,23067,0,36,33,33,1264944,33984,29,31,0
8619,0.827,4.305,0.018,5.150,1.668,16644,23067,0,36,33,33,1264944,33984,29,31,0
8620,0.827,10.998,0.016,11.841,5.338,16644,23067,0,36,33,33,1264944,33984,29,31,0
8621,0.814,7.099,0.015,7.927,12.039,16644,23067,0,36,33,33,1264944,33984,29,31,0
8622,0.805,0.382,0.012,1.199,8.121,16644,23067,0,36,33,33,1264944,33984,29,31,0
8623,0.927,0.440,0.025,1.391,1.394,16644,23067,0,36,33,33,1264944,33984,29,31,0
8624,0.866,0.423,0.022,1.311,1.612,16644,23067,0,36,33,33,1264944,33984,29,31,0
8625,0.873,0.498,0.018,1.388,1.475,16644,23067,0,36,33,33,1264944,33984,29,31,0
8626,0.898,0.718,0.013,1.629,1.572,16644,23067,0,36,33,33,1264944,33984,29,31,0
8627,0.815,4.808,0.024,5.647,1.807,16644,23067,0,36,33,33,1264944,33984,29,31,0
8628,0.856,10.459,0.015,11.330,5.843,16644,23067,0,36,33,33,1264944,33984,29,31,0
8629,0.809,6.814,0.022,7.645,11.506,16644,23067,0,36,33,33,1264944,33984,29,31,0
8630,0.967,0.440,0.016,1.422,7.846,16644,23067,0,36,33,33,1264944,33984,29,31,0
8631,0.935,0.426,0.009,1.370,1.617,16644,23067,0,36,33,33,1264944,33984,29,31,0
8632,0.789,0.359,0.022,1.170,1.553,16644,23067,0,36,33,33,1264944,33984,29,31,0
8633,0.844,0.454,0.019,1.317,1.348,16644,23067,0,36,33,33,1264944,33984,29,31,0
8634,0.861,9.900,0.013,10.775,1.493,16644,23067,0,36,33,33,1264944,33984,29,31,0
8635,0.859,7.640,0.018,8.517,10.972,16644,23067,0,36,33,33,1264944,33984,29,31,0
8636,1.108,6.861,0.014,7.983,8.723,16644,23067,0,36,33,33,1264944,33984,29,31,0
8637,0.945,0.492,0.016,1.452,8.206,16644,23067,0,36,33,33,1264944,33984,29,31,0
8638,1.019,0.395,0.018,1.432,1.658,16644,23067,0,36,33,33,1264944,33984,29,31,0
8639,0.850,0.443,0.016,1.309,1.618,16644,23067,0,36,33,33,1264944,33984,29,31,0
8640,0.870,0.541,0.052,1.463,1.482,16644,23067,0,36,33,33,1264944,33984,29,31,0
8641,0.820,0.350,0.017,1.187,1.628,16644,23067,0,36,33,33,1264944,33984,29,31,0
8642,0.817,3.511,0.012,4.340,1.368,16644,23067,0,36,33,33,1264944,33984,29,31,0
8643,0.945,11.561,0.011,12.518,4.513,16644,23067,0,36,33,33,1264944,33984,29,31,0
8644,0.830,6.896,0.015,7.741,12.705,16644,23067,0,36,33,33,1264944,33984,29,31,0
8645,0.809,0.414,0.017,1.240,7.923,16644,23067,0,36,33,33,1264944,33984,29,31,0
8646,0.815,0.386,0.022,1.224,1.412,16644,23067,0,36,33,33,1264944,33984,29,31,0
8647,0.816,0.419,0.011,1.246,1.401,16644,23067,0,36,33,33,1264944,33984,29,31,0
8648,0.856,0.522,0.018,1.396,1.424,16644,23067,0,36,33,33,1264944,33984,29,31,0
8649,0.790,4.437,0.013,5.240,1.567,16644,23067,0,36,33,33,1264944,33984,29,31,0
8650,0.739,14.456,0.014,15.209,5.408,16644,23067,0,36,33,33,1264944,33984,29,31,0
8651,0.805,5.649,0.021,6.475,15.398,16644,23067,0,36,33,33,1264944,33984,29,31,0
8652,0.827,0.409,0.016,1.252,6.676,16644,23067,0,36,33,33,1264944,33984,29,31,0
8653,0.822,1.492,0.011,2.325,1.418,16644,23067,0,36,33,33,1264944,33984,29,31,0
8654,0.844,0.357,0.017,1.218,2.507,16644,23067,0,36,33,33,1264944,33984,29,31,0
8655,0.832,1.459,0.012,2.303,1.388,16644,23067,0,36,33,33,1264944,33984,29,31,0
8656,0.857,5.087,0.014,5.957,2.524,16644,23067,0,36,33,33,1264944,33984,29,31,0
8657,0.835,10.432,0.015,11.282,6.142,16644,23067,0,36,33,33,1264944,33984,29,31,0
8658,0.817,7.221,0.016,8.054,11.479,16644,23067,0,36,33,33,1264944,33984,29,31,0
8659,0.790,0.799,0.015,1.604,8.231,16644,23067,0,36,33,33,1264944,33984,29,31,0
8660,0.807,1.616,0.012,2.435,1.774,16644,23067,0,36,33,33,1264944,33984,29,31,0
8661,0.884,0.476,0.016,1.376,2.633,16644,23067,0,36,33,33,1264944,33984,29,31,0
8662,0.836,2.070,0.014,2.919,1.547,16644,23067,0,36,33,33,1264944,33984,29,31,0
8663,0.825,5.239,0.014,6.078,3.114,16644,23067,0,36,33,33,1264944,33984,29,31,0
8664,0.894,8.725,0.016,9.634,6.261,16644,23067,0,36,33,33,1264944,33984,29,31,0
8665,0.832,6.823,0.025,7.679,9.810,16644,23067,0,36,33,33,1264944,33984,29,31,0
8666,0.964,0.442,0.014,1.421,7.896,16644,23067,0,36,33,33,1264944,33984,29,31,0
8667,0.822,1.436,0.013,2.270,1.629,16644,23067,0,36,33,33,1264944,33984,29,31,0
8668,0.862,0.381,0.015,1.259,2.474,16644,23067,0,36,33,33,1264944,33984,29,31,0
8669,0.822,1.639,0.023,2.483,1.420,16644,23067,0,36,33,33,1264944,33984,29,31,0
8670,0.839,4.933,0.025,5.797,2.672,16644,23067,0,36,33,33,1264944,33984,29,31,0
8671,0.890,10.380,0.017,11.287,6.005,16644,23067,0,36,33,33,1264944,33984,29,31,0
8672,0.993,6.588,0.013,7.594,11.508,16644,23067,0,36,33,33,1264944,33984,29,31,0
8673,0.946,0.448,0.014,1.408,7.821,16644,23067,0,36,33,33,1264944,33984,29,31,0
8674,0.921,0.446,0.022,1.388,1.614,16644,23067,0,36,33,33,1264944,33984,29,31,0
8675,0.957,0.445,0.014,1.416,1.593,16644,23067,0,36,33,33,1264944,33984,29,31,0
8676,0.856,0.473,0.020,1.349,1.647,16644,23067,0,36,33,33,1264944,33984,29,31,0
8677,1.005,3.881,0.016,4.901,1.529,16644,23067,0,36,33,33,1264944,33984,29,31,0
8678,0.868,12.624,0.020,13.512,5.108,16644,23067,0,36,33,33,1264944,33984,29,31,0
8679,0.972,7.209,0.019,8.200,13.720,16644,23067,0,36,33,33,1264944,33984,29,31,0
8680,0.953,0.513,0.014,1.481,8.416,16644,23067,0,36,33,33,1264944,33984,29,31,0
8681,0.815,1.594,0.024,2.433,1.675,16644,23067,0,36,33,33,1264944,33984,29,31,0
8682,0.861,0.469,0.016,1.345,2.622,16644,23067,0,36,33,33,1264944,33984,29,31,0
8683,0.833,0.606,0.022,1.462,1.530,16644,23067,0,36,33,33,1264944,33984,29,31,0
8684,0.820,5.774,0.016,6.610,1.628,16644,23067,0,36,33,33,1264944,33984,29,31,0
8685,0.873,9.418,0.022,10.313,6.795,16644,23067,0,36,33,33,1264944,33984,29,31,0
8686,0.815,7.498,0.019,8.332,10.511,16644,23067,0,36,33,33,1264944,33984,29,31,0
8687,0.972,0.520,0.014,1.506,8.543,16644,23067,0,36,33,33,1264944,33984,29,31,0
8688,1.015,1.338,0.013,2.367,1.728,16644,23067,0,36,33,33,1264944,33984,29,31,0
8689,0.955,0.421,0.015,1.391,2.584,16644,23067,0,36,33,33,1264944,33984,29,31,0
8690,0.826,0.394,0.015,1.234,1.557,16644,23067,0,36,33,33,1264944,33984,29,31,0
8691,0.855,3.686,0.013,4.554,1.395,16644,23067,0,36,33,33,1264944,33984,29,31,0
8692,0.881,11.757,0.013,12.651,4.777,16644,23067,0,36,33,33,1264944,33984,29,31,0
8693,0.947,6.822,0.012,7.780,12.881,16644,23067,0,36,33,33,1264944,33984,29,31,0
8694,0.967,0.449,0.009,1.426,7.996,16644,23067,0,36,33,33,1264944,33984,29,31,0
8695,0.925,0.403,0.013,1.341,1.621,16644,23067,0,36,33,33,1264944,33984,29,31,0
8696,0.872,0.355,0.014,1.242,1.535,16644,23067,0,36,33,33,1264944,33984,29,31,0
8697,0.800,0.379,0.015,1.194,1.422,16644,23067,0,36,33,33,1264944,33984,29,31,0
8698,0.797,6.115,0.016,6.928,1.370,16644,23067,0,36,33,33,1264944,33984,29,31,0
8699,0.857,11.355,0.021,12.233,7.128,16644,23067,0,36,33,33,1264944,33984,29,31,0
8700,0.978,6.422,0.024,7.423,12.462,16644,23067,0,36,33,33,1264944,33984,29,31,0
8701,0.956,0.428,0.009,1.393,7.635,16644,23067,0,36,33,33,1264944,33984,29,31,0
8702,0.910,0.440,0.037,1.386,1.598,16644,23067,0,36,33,33,1264944,33984,29,31,0
8703,0.975,0.435,0.017,1.427,1.594,16644,23067,0,36,33,33,1264944,33984,29,31,0
8704,0.858,0.427,0.018,1.303,1.635,16644,23067,0,36,33,33,1264944,33984,29,31,0
8705,0.823,1.274,0.013,2.110,1.480,16644,23067,0,36,33,33,1264944,33984,29,31,0
8706,0.789,7.483,0.025,8.298,2.315,16644,23067,0,36,33,33,1264944,33984,29,31,0
8707,0.822,7.531,0.013,8.366,8.482,16644,23067,0,36,33,33,1264944,33984,29,31,0
8708,0.901,6.649,0.011,7.561,8.546,16644,23067,0,36,33,33,1264944,33984,29,31,0
8709,0.924,0.374,0.011,1.310,7.771,16644,23067,0,36,33,33,1264944,33984,29,31,0
8710,0.938,0.482,0.016,1.435,1.506,16644,23067,0,36,33,33,1264944,33984,29,31,0
8711,0.909,0.412,0.013,1.334,1.634,16644,23067,0,36,33,33,1264944,33984,29,31,0
8712,0.849,0.432,0.015,1.297,1.506,16644,23067,0,36,33,33,1264944,33984,29,31,0
8713,0.824,0.912,0.044,1.781,1.483,16644,23067,0,36,33,33,1264944,33984,29,31,0
8714,0.935,2.525,0.019,3.480,1.970,16644,23067,0,36,33,33,1264944,33984,29,31,0
8715,0.907,12.571,0.015,13.493,3.678,16644,23067,0,36,33,33,1264944,33984,29,31,0
8716,0.868,6.935,0.020,7.823,13.682,16644,23067,0,36,33,33,1264944,33984,29,31,0
8717,0.947,0.425,0.017,1.388,8.033,16644,23067,0,36,33,33,1264944,33984,29,31,0
8718,0.888,0.368,0.034,1.289,1.590,16644,23067,0,36,33,33,1264944,33984,29,31,0
8719,0.814,0.428,0.019,1.261,1.466,16644,23067,0,36,33,33,1264944,33984,29,31,0
8720,0.822,0.470,0.024,1.316,1.430,16644,23067,0,36,33,33,1264944,33984,29,31,0
8721,0.850,3.601,0.014,4.465,1.493,16644,23067,0,36,33,33,1264944,33984,29,31,0
8722,0.881,14.187,0.025,15.092,4.676,16644,23067,0,36,33,33,1264944,33984,29,31,0
8723,0.850,6.263,0.019,7.132,15.287,16644,23067,0,36,33,33,1264944,33984,29,31,0
8724,0.965,0.454,0.015,1.434,7.352,16644,23067,0,36,33,33,1264944,33984,29,31,0
8725,0.809,0.372,0.021,1.201,1.641,16644,23067,0,36,33,33,1264944,33984,29,31,0
8726,0.801,0.371,0.013,1.185,1.371,16644,23067,0,36,33,33,1264944,33984,29,31,0
8727,0.838,0.484,0.016,1.338,1.355,16644,23067,0,36,33,33,1264944,33984,29,31,0
8728,0.887,0.995,0.015,1.898,1.504,16644,23067,0,36,33,33,1264944,33984,29,31,0
8729,0.823,4.274,0.017,5.114,2.082,16644,23067,0,36,33,33,1264944,33984,29,31,0
8730,0.853,11.406,0.019,12.279,5.309,16644,23067,0,36,33,33,1264944,33984,29,31,0
8731,0.877,6.393,0.011,7.281,12.476,16644,23067,0,36,33,33,1264944,33984,29,31,0
8732,0.828,0.453,0.018,1.298,7.471,16644,23067,0,36,33,33,1264944,33984,29,31,0
8733,0.859,0.447,0.014,1.320,1.482,16644,23067,0,36,33,33,1264944,33984,29,31,0
8734,0.815,0.438,0.017,1.270,1.500,16644,23067,0,36,33,33,1264944,33984,29,31,0
8735,0.834,0.457,0.016,1.307,1.441,16644,23067,0,36,33,33,1264944,33984,29,31,0
8736,0.832,10.183,0.017,11.032,1.482,16644,23067,0,36,33,33,1264944,33984,29,31,0
8737,0.886,7.436,0.017,8.339,11.236,16644,23067,0,36,33,33,1264944,33984,29,31,0
8738,0.855,6.679,0.015,7.549,8.522,16644,23067,0,36,33,33,1264944,33984,29,31,0
8739,0.984,0.521,0.016,1.521,7.774,16644,23067,0,36,33,33,1264944,33984,29,31,0
8740,0.984,0.421,0.019,1.423,1.732,16644,23067,0,36,33,33,1264944,33984,29,31,0
8741,0.827,0.415,0.016,1.258,1.607,16644,23067,0,36,33,33,1264944,33984,29,31,0
8742,0.835,0.397,0.021,1.253,1.438,16644,23067,0,36,33,33,1264944,33984,29,31,0
8743,0.816,0.575,0.015,1.406,1.448,16644,23067,0,36,33,33,1264944,33984,29,31,0
8744,0.864,2.321,0.021,3.206,1.582,16644,23067,0,36,33,33,1264944,33984,29,31,0
8745,0.869,12.849,0.018,13.736,3.408,16644,23067,0,36,33,33,1264944,33984,29,31,0
8746,0.870,5.722,0.016,6.608,15.497,16644,23067,0,36,33,33,1264944,33984,29,31,0
8747,0.929,0.515,0.017,1.461,6.820,16644,23067,0,36,33,33,1264944,33984,29,31,0
8748,0.812,0.366,0.015,1.193,1.650,16644,23067,0,36,33,33,1264944,33984,29,31,0
8749,0.812,0.369,0.013,1.193,1.365,16644,23067,0,36,33,33,1264944,33984,29,31,0
8750,0.815,0.395,0.015,1.225,1.363,16644,23067,0,36,33,33,1264944,33984,29,31,0
8751,0.799,0.945,0.017,1.761,1.395,16644,23067,0,36,33,33,1264944,33984,29,31,0
8752,0.804,2.913,0.013,3.729,1.940,16644,23067,0,36,33,33,1264944,33984,29,31,0
8753,0.814,12.553,0.016,13.382,3.905,16644,23067,0,36,33,33,1264944,33984,29,31,0
8754,0.822,6.851,0.021,7.693,13.565,16644,23067,0,36,33,33,1264944,33984,29,31,0
8755,0.799,0.347,0.018,1.164,7.898,16644,23067,0,36,33,33,1264944,33984,29,31,0
8756,0.796,0.430,0.016,1.243,1.339,16644,23067,0,36,33,33,1264944,33984,29,31,0
8757,0.803,0.414,0.014,1.232,1.420,16644,23067,0,36,33,33,1264944,33984,29,31,0
8758,0.827,0.472,0.037,1.335,1.403,16644,23067,0,36,33,33,1264944,33984,29,31,0
8759,0.823,3.642,0.015,4.480,1.526,16644,23067,0,36,33,33,1264944,33984,29,31,0
8760,0.789,13.789,0.011,14.589,4.672,16644,23067,0,36,33,33,1264944,33984,29,31,0
8761,0.828,6.991,0.019,7.838,14.773,16644,23067,0,36,33,33,1264944,33984,29,31,0
8762,0.927,0.422,0.016,1.366,8.036,16644,23067,0,36,33,33,1264944,33984,29,31,0
8763,0.924,0.330,0.033,1.287,1.562,16644,23067,0,36,33,33,1264944,33984,29,31,0
8764,0.779,0.352,0.018,1.148,1.449,16644,23067,0,36,33,33,1264944,33984,29,31,0
8765,0.840,0.403,0.020,1.263,1.321,16644,23067,0,36,33,33,1264944,33984,29,31,0
8766,0.805,10.179,0.010,10.994,1.431,16644,23067,0,36,33,33,1264944,33984,29,31,0
8767,0.802,7.811,0.014,8.627,11.187,16644,23067,0,36,33,33,1264944,33984,29,31,0
8768,0.831,6.675,0.013,7.518,8.804,16644,23067,0,36,33,33,1264944,33984,29,31,0
8769,0.946,0.413,0.012,1.371,7.740,16644,23067,0,36,33,33,1264944,33984,29,31,0
8770,0.795,0.411,0.018,1.225,1.538,16644,23067,0,36,33,33,1264944,33984,29,31,0
8771,0.820,0.395,0.013,1.228,1.405,16644,23067,0,36,33,33,1264944,33984,29,31,0
8772,0.805,0.393,0.016,1.214,1.407,16644,23067,0,36,33,33,1264944,33984,29,31,0
8773,0.823,10.048,0.012,10.883,1.391,16644,23067,0,36,33,33,1264944,33984,29,31,0
8774,0.831,8.059,0.015,8.904,11.078,16644,23067,0,36,33,33,1264944,33984,29,31,0
8775,0.837,6.270,0.012,7.118,9.092,16644,23067,0,36,33,33,1264944,33984,29,31,0
8776,0.807,0.395,0.017,1.219,7.312,16644,23067,0,36,33,33,1264944,33984,29,31,0
8777,0.945,0.411,0.023,1.378,1.415,16644,23067,0,36,33,33,1264944,33984,29,31,0
8778,0.813,0.364,0.013,1.191,1.584,16644,23067,0,36,33,33,1264944,33984,29,31,0
8779,0.821,0.418,0.016,1.255,1.368,16644,23067,0,36,33,33,1264944,33984,29,31,0
8780,0.859,10.346,0.024,11.229,1.442,16644,23067,0,36,33,33,1264944,33984,29,31,0
8781,0.858,7.633,0.017,8.508,11.401,16644,23067,0,36,33,33,1264944,33984,29,31,0
8782,0.948,6.289,0.014,7.250,8.746,16644,23067,0,36,33,33,1264944,33984,29,31,0
8783,0.942,0.533,0.018,1.494,7.455,16644,23067,0,36,33,33,1264944,33984,29,31,0
8784,0.919,0.444,0.016,1.379,1.693,16644,23067,0,36,33,33,1264944,33984,29,31,0
8785,0.822,0.401,0.019,1.242,1.569,16644,23067,0,36,33,33,1264944,33984,29,31,0
8786,0.829,0.413,0.013,1.255,1.403,16644,23067,0,36,33,33,1264944,33984,29,31,0
8787,0.853,1.305,0.011,2.169,1.426,16644,23067,0,36,33,33,1264944,33984,29,31,0
8788,0.793,4.252,0.010,5.056,2.354,16644,23067,0,36,33,33,1264944,33984,29,31,0
8789,0.838,10.723,0.010,11.571,5.261,16644,23067,0,36,33,33,1264944,33984,29,31,0
8790,0.863,6.862,0.012,7.738,11.739,16644,23067,0,36,33,33,1264944,33984,29,31,0
8791,0.923,0.465,0.014,1.401,7.946,16644,23067,0,36,33,33,1264944,33984,29,31,0
8792,0.801,0.376,0.018,1.195,1.584,16644,23067,0,36,33,33,1264944,33984,29,31,0
8793,0.807,0.381,0.029,1.217,1.361,16644,23067,0,36,33,33,1264944,33984,29,31,0
8794,0.819,0.439,0.015,1.272,1.410,16644,23067,0,36,33,33,1264944,33984,29,31,0
8795,0.815,9.953,0.014,10.782,1.446,16644,23067,0,36,33,33,1264944,33984,29,31,0
8796,0.814,7.546,0.017,8.376,10.976,16644,23067,0,36,33,33,1264944,33984,29,31,0
8797,0.817,7.122,0.015,7.954,8.567,16644,23067,0,36,33,33,1264944,33984,29,31,0
8798,0.963,0.450,0.021,1.435,8.198,16644,23067,0,36,33,33,1264944,33984,29,31,0
8799,0.940,0.400,0.016,1.356,1.634,16644,23067,0,36,33,33,1264944,33984,29,31,0
8800,0.857,0.441,0.013,1.311,1.536,16644,23067,0,36,33,33,1264944,33984,29,31,0
8801,0.822,0.402,0.016,1.241,1.492,16644,23067,0,36,33,33,1264944,33984,29,31,0
8802,0.855,0.638,0.016,1.509,1.423,16644,23067,0,36,33,33,1264944,33984,29,31,0
8803,0.860,3.893,0.029,4.783,1.684,16644,23067,0,36,33,33,1264944,33984,29,31,0
8804,0.811,12.072,0.019,12.902,4.936,16644,23067,0,36,33,33,1264944,33984,29,31,0
8805,0.837,6.387,0.014,7.238,13.083,16644,23067,0,36,33,33,1264944,33984,29,31,0
8806,0.539,0.488,0.010,1.037,7.371,16644,23067,0,36,33,33,1264944,33984,29,31,0
8807,0.532,0.334,0.013,0.879,1.130,16644,23067,0,36,33,33,1264944,33984,29,31,0
8808,0.560,0.618,0.011,1.189,0.983,16644,23067,0,36,33,33,1264944,33984,29,31,0
8809,0.510,0.586,0.026,1.122,1.293,16644,23067,0,36,33,33,1264944,33984,29,31,0
8810,0.706,0.388,0.010,1.105,1.280,16644,23067,0,36,33,33,1264944,33984,29,31,0
8811,0.511,4.193,0.016,4.719,1.205,16644,23067,0,36,33,33,1264944,33984,29,31,0
8812,0.605,14.951,0.023,15.579,4.844,16644,23067,0,36,33,33,1264944,33984,29,31,0
8813,0.671,5.836,0.015,6.522,15.733,16644,23067,0,36,33,33,1264944,33984,29,31,0
8814,0.593,0.561,0.013,1.167,6.658,16644,23067,0,36,33,33,1264944,33984,29,31,0
8815,0.613,1.622,0.012,2.246,1.280,16644,23067,0,36,33,33,1264944,33984,29,31,0
8816,0.563,0.741,0.014,1.318,2.391,16644,23067,0,36,33,33,1264944,33984,29,31,0
8817,0.596,1.537,0.012,2.144,1.450,16644,23067,0,36,33,33,1264944,33984,29,31,0
8818,0.562,4.660,0.012,5.235,2.267,16644,23067,0,36,33,33,1264944,33984,29,31,0
8819,0.578,11.945,0.012,12.535,5.372,16644,23067,0,36,33,33,1264944,33984,29,31,0
8820,0.582,7.286,0.011,7.879,12.671,16644,23067,0,36,33,33,1264944,33984,29,31,0
8821,0.590,1.280,0.012,1.882,8.007,16644,23067,0,36,33,33,1264944,33984,29,31,0
8822,0.618,1.536,0.011,2.166,2.029,16644,23067,0,36,33,33,1264944,33984,29,31,0
8823,0.671,0.691,0.012,1.374,2.302,16644,23067,0,36,33,33,1264944,33984,29,31,0
8824,0.629,1.716,0.009,2.355,1.499,16644,23067,0,36,33,33,1264944,33984,29,31,0
8825,0.641,4.456,0.011,5.109,2.492,16644,23067,0,36,33,33,1264944,33984,29,31,0
8826,0.618,10.776,0.010,11.405,5.251,16644,23067,0,36,33,33,1264944,33984,29,31,0
8827,0.615,7.321,0.012,7.948,11.542,16644,23067,0,36,33,33,1264944,33984,29,31,0
8828,0.634,0.503,0.011,1.148,8.087,16644,23067,0,36,33,33,1264944,33984,29,31,0
8829,0.669,1.792,0.018,2.480,1.286,16644,23067,0,36,33,33,1264944,33984,29,31,0
8830,0.678,0.593,0.016,1.288,2.623,16644,23067,0,36,33,33,1264944,33984,29,31,0
8831,0.663,1.572,0.014,2.249,1.429,16644,23067,0,36,33,33,1264944,33984,29,31,0
8832,0.610,4.785,0.012,5.407,2.387,16644,23067,0,36,33,33,1264944,33984,29,31,0
8833,0.650,11.359,0.012,12.020,5.552,16644,23067,0,36,33,33,1264944,33984,29,31,0
8834,0.651,7.423,0.013,8.087,12.172,16644,23067,0,36,33,33,1264944,33984,29,31,0
8835,0.654,0.304,0.014,0.973,8.230,16644,23067,0,36,33,33,1264944,33984,29,31,0
8836,0.673,0.555,0.013,1.242,1.113,16644,23067,0,36,33,33,1264944,33984,29,31,0
8837,0.665,0.310,0.012,0.987,1.376,16644,23067,0,36,33,33,1264944,33984,29,31,0
8838,0.684,0.796,0.011,1.492,1.133,16644,23067,0,36,33,33,1264944,33984,29,31,0
8839,0.664,1.689,0.011,2.364,1.633,16644,23067,0,36,33,33,1264944,33984,29,31,0
8840,0.651,3.096,0.009,3.756,2.515,16644,23067,0,36,33,33,1264944,33984,29,31,0
8841,0.668,12.812,0.014,13.494,3.905,16644,23067,0,36,33,33,1264944,33984,29,31,0
8842,0.738,6.887,0.016,7.641,13.645,16644,23067,0,36,33,33,1264944,33984,29,31,0
8843,0.708,0.723,0.017,1.448,7.797,16644,23067,0,36,33,33,1264944,33984,29,31,0
8844,0.699,0.307,0.012,1.018,1.596,16644,23067,0,36,33,33,1264944,33984,29,31,0
8845,0.716,0.681,0.012,1.409,1.169,16644,23067,0,36,33,33,1264944,33984,29,31,0
8846,0.739,0.344,0.013,1.096,1.563,16644,23067,0,36,33,33,1264944,33984,29,31,0
8847,0.784,10.000,0.014,10.798,1.251,16644,23067,0,36,33,33,1264944,33984,29,31,0
8848,0.755,8.358,0.018,9.132,10.975,16644,23067,0,36,33,33,1264944,33984,29,31,0
8849,0.834,6.355,0.010,7.198,9.307,16644,23067,0,36,33,33,1264944,33984,29,31,0
8850,0.817,0.383,0.015,1.215,7.381,16644,23067,0,36,33,33,1264944,33984,29,31,0
8851,0.808,0.357,0.011,1.176,1.389,16644,23067,0,36,33,33,1264944,33984,29,31,0
8852,0.799,0.352,0.013,1.163,1.354,16644,23067,0,36,33,33,1264944,33984,29,31,0
8853,0.761,0.827,0.010,1.599,1.361,16644,23067,0,36,33,33,1264944,33984,29,31,0
8854,0.782,3.828,0.020,4.630,1.748,16644,23067,0,36,33,33,1264944,33984,29,31,0
8855,0.821,13.801,0.026,14.648,4.817,16644,23067,0,36,33,33,1264944,33984,29,31,0
8856,0.842,7.124,0.014,7.980,14.818,16644,23067,0,36,33,33,1264944,33984,29,31,0
8857,0.793,0.352,0.022,1.167,8.155,16644,23067,0,36,33,33,1264944,33984,29,31,0
8858,0.812,0.431,0.033,1.276,1.340,16644,23067,0,36,33,33,1264944,33984,29,31,0
8859,0.814,0.413,0.010,1.237,1.455,16644,23067,0,36,33,33,1264944,33984,29,31,0
8860,0.834,0.395,0.019,1.248,1.414,16644,23067,0,36,33,33,1264944,33984,29,31,0
8861,0.824,0.355,0.010,1.189,1.418,16644,23067,0,36,33,33,1264944,33984,29,31,0
8862,0.793,5.160,0.021,5.974,1.355,16644,23067,0,36,33,33,1264944,33984,29,31,0
8863,0.831,10.701,0.021,11.552,6.168,16644,23067,0,36,33,33,1264944,33984,29,31,0
8864,0.807,6.967,0.031,7.805,11.737,16644,23067,0,36,33,33,1264944,33984,29,31,0
8865,0.810,0.334,0.014,1.158,7.978,16644,23067,0,36,33,33,1264944,33984,29,31,0
8866,0.781,0.365,0.019,1.165,1.334,16644,23067,0,36,33,33,1264944,33984,29,31,0
8867,0.833,0.354,0.011,1.198,1.364,16644,23067,0,36,33,33,1264944,33984,29,31,0
8868,0.840,0.470,0.010,1.320,1.386,16644,23067,0,36,33,33,1264944,33984,29,31,0
8869,0.842,0.446,0.009,1.297,1.498,16644,23067,0,36,33,33,1264944,33984,29,31,0
8870,0.762,0.311,0.014,1.087,1.499,16644,23067,0,36,33,33,1264944,33984,29,31,0
8871,0.686,4.033,0.009,4.728,1.242,16644,23067,0,36,33,33,1264944,33984,29,31,0
8872,0.705,11.253,0.010,11.967,4.889,16644,23067,0,36,33,33,1264944,33984,29,31,0
8873,0.803,6.953,0.011,7.767,12.161,16644,23067,0,36,33,33,1264944,33984,29,31,0
8874,0.791,0.321,0.012,1.123,7.951,16644,23067,0,36,33,33,1264944,33984,29,31,0
8875,0.779,0.351,0.018,1.147,1.309,16644,23067,0,36,33,33,1264944,33984,29,31,0
8876,0.772,0.368,0.013,1.153,1.325,16644,23067,0,36,33,33,1264944,33984,29,31,0
8877,0.811,0.656,0.041,1.508,1.317,16644,23067,0,36,33,33,1264944,33984,29,31,0
8878,0.814,0.373,0.011,1.198,1.693,16644,23067,0,36,33,33,1264944,33984,29,31,0
8879,0.719,0.361,0.012,1.091,1.355,16644,23067,0,36,33,33,1264944,33984,29,31,0
8880,0.713,3.503,0.011,4.226,1.244,16644,23067,0,36,33,33,1264944,33984,29,31,0
8881,0.691,12.224,0.015,12.930,4.389,16644,23067,0,36,33,33,1264944,33984,29,31,0
8882,0.783,6.506,0.015,7.304,13.108,16644,23067,0,36,33,33,1264944,33984,29,31,0
8883,0.804,0.341,0.019,1.164,7.544,16644,23067,0,36,33,33,1264944,33984,29,31,0
8884,0.783,0.355,0.015,1.153,1.333,16644,23067,0,36,33,33,1264944,33984,29,31,0
8885,0.800,0.353,0.017,1.169,1.322,16644,23067,0,36,33,33,1264944,33984,29,31,0
8886,0.713,0.394,0.012,1.119,1.333,16644,23067,0,36,33,33,1264944,33984,29,31,0
8887,0.693,0.437,0.010,1.141,1.264,16644,23067,0,36,33,33,1264944,33984,29,31,0
8888,0.682,0.728,0.013,1.423,1.291,16644,23067,0,36,33,33,1264944,33984,29,31,0
8889,0.786,2.655,0.010,3.451,1.569,16644,23067,0,36,33,33,1264944,33984,29,31,0
8890,0.679,13.101,0.008,13.787,3.622,16644,23067,0,36,33,33,1264944,33984,29,31,0
8891,0.799,6.764,0.011,7.575,13.945,16644,23067,0,36,33,33,1264944,33984,29,31,0
8892,0.793,0.337,0.013,1.143,7.754,16644,23067,0,36,33,33,1264944,33984,29,31,0
8893,0.801,0.336,0.014,1.151,1.312,16644,23067,0,36,33,33,1264944,33984,29,31,0
8894,0.782,0.344,0.023,1.148,1.326,16644,23067,0,36,33,33,1264944,33984,29,31,0
8895,0.804,0.446,0.013,1.263,1.314,16644,23067,0,36,33,33,1264944,33984,29,31,0
8896,0.719,0.439,0.013,1.171,1.437,16644,23067,0,36,33,33,1264944,33984,29,31,0
8897,0.709,0.487,0.018,1.214,1.322,16644,23067,0,36,33,33,1264944,33984,29,31,0
8898,0.701,3.020,0.012,3.734,1.365,16644,23067,0,36,33,33,1264944,33984,29,31,0
8899,0.716,12.463,0.010,13.189,3.894,16644,23067,0,36,33,33,1264944,33984,29,31,0
8900,0.799,6.983,0.010,7.792,13.373,16644,23067,0,36,33,33,1264944,33984,29,31,0
8901,0.791,0.322,0.010,1.123,7.974,16644,23067,0,36,33,33,1264944,33984,29,31,0
8902,0.776,0.342,0.012,1.130,1.305,16644,23067,0,36,33,33,1264944,33984,29,31,0
8903,0.788,0.347,0.032,1.167,1.310,16644,23067,0,36,33,33,1264944,33984,29,31,0
8904,0.809,0.657,0.013,1.479,1.331,16644,23067,0,36,33,33,1264944,33984,29,31,0
8905,0.703,0.306,0.021,1.029,1.626,16644,23067,0,36,33,33,1264944,33984,29,31,0
8906,0.754,0.654,0.009,1.417,1.182,16644,23067,0,36,33,33,1264944,33984,29,31,0
8907,0.680,3.224,0.018,3.922,1.571,16644,23067,0,36,33,33,1264944,33984,29,31,0
8908,0.712,12.009,0.010,12.731,4.076,16644,23067,0,36,33,33,1264944,33984,29,31,0
8909,0.789,7.059,0.010,7.858,12.918,16644,23067,0,36,33,33,1264944,33984,29,31,0
8910,0.783,0.334,0.015,1.133,8.045,16644,23067,0,36,33,33,1264944,33984,29,31,0
8911,0.811,0.351,0.011,1.173,1.328,16644,23067,0,36,33,33,1264944,33984,29,31,0
8912,0.810,0.365,0.014,1.188,1.348,16644,23067,0,36,33,33,1264944,33984,29,31,0
8913,0.830,0.428,0.016,1.273,1.359,16644,23067,0,36,33,33,1264944,33984,29,31,0
8914,0.775,0.334,0.009,1.118,1.433,16644,23067,0,36,33,33,1264944,33984,29,31,0
8915,0.725,0.504,0.012,1.241,1.261,16644,23067,0,36,33,33,1264944,33984,29,31,0
8916,0.715,3.007,0.009,3.731,1.391,16644,23067,0,36,33,33,1264944,33984,29,31,0
8917,0.741,12.312,0.019,13.072,3.885,16644,23067,0,36,33,33,1264944,33984,29,31,0
8918,0.768,7.105,0.017,7.890,13.232,16644,23067,0,36,33,33,1264944,33984,29,31,0
8919,0.795,0.356,0.014,1.166,8.069,16644,23067,0,36,33,33,1264944,33984,29,31,0
8920,0.780,0.359,0.009,1.149,1.360,16644,23067,0,36,33,33,1264944,33984,29,31,0
8921,0.782,0.302,0.020,1.104,1.329,16644,23067,0,36,33,33,1264944,33984,29,31,0
8922,0.705,0.366,0.011,1.083,1.252,16644,23067,0,36,33,33,1264944,33984,29,31,0
8923,0.733,0.907,0.057,1.696,1.245,16644,23067,0,36,33,33,1264944,33984,29,31,0
8924,0.702,0.290,0.011,1.004,1.854,16644,23067,0,36,33,33,1264944,33984,29,31,0
8925,0.697,3.355,0.014,4.065,1.156,16644,23067,0,36,33,33,1264944,33984,29,31,0
8926,0.724,12.104,0.013,12.841,4.233,16644,23067,0,36,33,33,1264944,33984,29,31,0
8927,0.834,6.857,0.013,7.704,13.028,16644,23067,0,36,33,33,1264944,33984,29,31,0
8928,0.804,0.345,0.010,1.160,7.888,16644,23067,0,36,33,33,1264944,33984,29,31,0
8929,0.777,0.375,0.014,1.166,1.353,16644,23067,0,36,33,33,1264944,33984,29,31,0
8930,0.830,0.444,0.019,1.293,1.340,16644,23067,0,36,33,33,1264944,33984,29,31,0
8931,1.023,0.646,0.016,1.685,1.550,16644,23067,0,36,33,33,1264944,33984,29,31,0
8932,0.800,0.358,0.013,1.171,1.842,16644,23067,0,36,33,33,1264944,33984,29,31,0
8933,0.734,0.336,0.011,1.081,1.321,16644,23067,0,36,33,33,1264944,33984,29,31,0
8934,0.715,3.108,0.027,3.849,1.232,16644,23067,0,36,33,33,1264944,33984,29,31,0
8935,0.731,11.595,0.014,12.340,4.016,16644,23067,0,36,33,33,1264944,33984,29,31,0
8936,0.706,7.431,0.012,8.150,12.509,16644,23067,0,36,33,33,1264944,33984,29,31,0
8937,0.801,0.328,0.017,1.146,8.331,16644,23067,0,36,33,33,1264944,33984,29,31,0
8938,0.797,0.335,0.012,1.143,1.324,16644,23067,0,36,33,33,1264944,33984,29,31,0
8939,0.723,0.376,0.020,1.119,1.299,16644,23067,0,36,33,33,1264944,33984,29,31,0
8940,0.719,0.641,0.017,1.377,1.264,16644,23067,0,36,33,33,1264944,33984,29,31,0
8941,0.699,10.556,0.013,11.267,1.532,16644,23067,0,36,33,33,1264944,33984,29,31,0
8942,0.708,7.675,0.008,8.392,11.434,16644,23067,0,36,33,33,1264944,33984,29,31,0
8943,0.446,7.093,0.014,7.553,8.497,16644,23067,0,36,33,33,1264944,33984,29,31,0
8944,0.846,7.299,0.014,8.159,7.731,16644,23067,0,36,33,33,1264944,33984,29,31,0
8945,0.829,7.392,0.014,8.235,8.342,16644,23067,0,36,33,33,1264944,33984,29,31,0
8946,0.797,7.530,0.014,8.341,8.427,16644,23067,0,36,33,33,1264944,33984,29,31,0
8947,0.943,6.756,0.025,7.724,8.582,16644,23067,0,36,33,33,1264944,33984,29,31,0
8948,0.920,0.491,0.016,1.427,7.945,16644,23067,0,36,33,33,1264944,33984,29,31,0
8949,1.001,0.432,0.012,1.446,1.647,16644,23067,0,36,33,33,1264944,33984,29,31,0
8950,0.844,0.367,0.016,1.227,1.657,16644,23067,0,36,33,33,1264944,33984,29,31,0
8951,0.836,0.455,0.009,1.300,1.397,16644,23067,0,36,33,33,1264944,33984,29,31,0
8952,0.881,9.753,0.018,10.653,1.467,16644,23067,0,36,33,33,1264944,33984,29,31,0
8953,0.851,7.907,0.025,8.783,10.846,16644,23067,0,36,33,33,1264944,33984,29,31,0
8954,0.899,6.546,0.016,7.461,8.986,16644,23067,0,36,33,33,1264944,33984,29,31,0
8955,0.757,0.360,0.015,1.132,7.618,16644,23067,0,36,33,33,1264944,33984,29,31,0
8956,0.704,0.438,0.012,1.155,1.266,16644,23067,0,36,33,33,1264944,33984,29,31,0
8957,0.729,0.428,0.013,1.170,1.312,16644,23067,0,36,33,33,1264944,33984,29,31,0
8958,0.694,0.458,0.011,1.164,1.305,16644,23067,0,36,33,33,1264944,33984,29,31,0
8959,0.573,10.688,0.014,11.275,1.295,16644,23067,0,36,33,33,1264944,33984,29,31,0
8960,0.582,7.797,0.020,8.399,11.400,16644,23067,0,36,33,33,1264944,33984,29,31,0
8961,0.600,7.392,0.026,8.018,8.545,16644,23067,0,36,33,33,1264944,33984,29,31,0
8962,0.527,0.415,0.018,0.960,8.175,16644,23067,0,36,33,33,1264944,33984,29,31,0
8963,0.499,0.306,0.012,0.816,1.072,16644,23067,0,36,33,33,1264944,33984,29,31,0
8964,0.469,0.487,0.008,0.964,0.916,16644,23067,0,36,33,33,1264944,33984,29,31,0
8965,0.464,0.485,0.014,0.963,1.070,16644,23067,0,36,33,33,1264944,33984,29,31,0
8966,0.462,0.356,0.010,0.828,1.059,16644,23067,0,36,33,33,1264944,33984,29,31,0
8967,0.492,4.648,0.011,5.151,0.911,16644,23067,0,36,33,33,1264944,33984,29,31,0
8968,0.503,13.973,0.010,14.486,5.254,16644,23067,0,36,33,33,1264944,33984,29,31,0
8969,0.563,7.472,0.011,8.047,14.609,16644,23067,0,36,33,33,1264944,33984,29,31,0
8970,0.584,0.455,0.013,1.053,8.180,16644,23067,0,36,33,33,1264944,33984,29,31,0
8971,0.608,0.303,0.013,0.923,1.178,16644,23067,0,36,33,33,1264944,33984,29,31,0
8972,0.594,0.395,0.009,0.998,1.051,16644,23067,0,36,33,33,1264944,33984,29,31,0
8973,0.615,0.293,0.011,0.919,1.130,16644,23067,0,36,33,33,1264944,33984,29,31,0
8974,0.575,0.339,0.010,0.924,1.033,16644,23067,0,36,33,33,1264944,33984,29,31,0
8975,0.548,0.266,0.011,0.824,1.037,16644,23067,0,36,33,33,1264944,33984,29,31,0
8976,0.551,3.240,0.008,3.799,0.932,16644,23067,0,36,33,33,1264944,33984,29,31,0
8977,0.567,14.376,0.011,14.953,3.924,16644,23067,0,36,33,33,1264944,33984,29,31,0
8978,0.610,7.195,0.018,7.823,15.084,16644,23067,0,36,33,33,1264944,33984,29,31,0
8979,0.594,0.403,0.010,1.007,7.963,16644,23067,0,36,33,33,1264944,33984,29,31,0
8980,0.604,0.314,0.011,0.930,1.133,16644,23067,0,36,33,33,1264944,33984,29,31,0
8981,0.614,0.256,0.009,0.879,1.055,16644,23067,0,36,33,33,1264944,33984,29,31,0
8982,0.584,0.372,0.013,0.969,1.003,16644,23067,0,36,33,33,1264944,33984,29,31,0
8983,0.605,1.501,0.011,2.117,1.091,16644,23067,0,36,33,33,1264944,33984,29,31,0
8984,0.611,0.823,0.013,1.447,2.267,16644,23067,0,36,33,33,1264944,33984,29,31,0
8985,0.606,2.737,0.018,3.361,1.578,16644,23067,0,36,33,33,1264944,33984,29,31,0
8986,0.597,13.027,0.012,13.636,3.504,16644,23067,0,36,33,33,1264944,33984,29,31,0
8987,0.648,7.126,0.012,7.786,13.776,16644,23067,0,36,33,33,1264944,33984,29,31,0
8988,0.628,0.352,0.015,0.994,7.929,16644,23067,0,36,33,33,1264944,33984,29,31,0
8989,0.639,0.319,0.013,0.971,1.125,16644,23067,0,36,33,33,1264944,33984,29,31,0
8990,0.641,0.325,0.016,0.983,1.104,16644,23067,0,36,33,33,1264944,33984,29,31,0
8991,0.647,0.329,0.008,0.985,1.109,16644,23067,0,36,33,33,1264944,33984,29,31,0
8992,0.624,0.294,0.009,0.927,1.111,16644,23067,0,36,33,33,1264944,33984,29,31,0
8993,0.561,0.295,0.007,0.863,1.051,16644,23067,0,36,33,33,1264944,33984,29,31,0
8994,0.602,3.122,0.013,3.736,0.975,16644,23067,0,36,33,33,1264944,33984,29,31,0
8995,0.593,14.267,0.010,14.871,3.874,16644,23067,0,36,33,33,1264944,33984,29,31,0
8996,0.641,7.255,0.010,7.906,15.019,16644,23067,0,36,33,33,1264944,33984,29,31,0
8997,0.646,0.499,0.015,1.160,8.052,16644,23067,0,36,33,33,1264944,33984,29,31,0
8998,0.629,1.452,0.011,2.092,1.298,16644,23067,0,36,33,33,1264944,33984,29,31,0
8999,0.628,0.513,0.020,1.161,2.238,16644,23067,0,36,33,33,1264944,33984,29,31,0
9000,0.739,1.284,0.009,2.033,1.332,16644,23067,0,36,33,33,1264944,33984,29,31,0
9001,0.695,4.459,0.012,5.166,2.174,16644,23067,0,36,33,33,1264944,33984,29,31,0
9002,0.700,12.254,0.021,12.974,5.326,16644,23067,0,36,33,33,1264944,33984,29,31,0
9003,0.683,7.056,0.013,7.753,13.119,16644,23067,0,36,33,33,1264944,33984,29,31,0
9004,0.653,0.708,0.012,1.374,7.893,16644,23067,0,36,33,33,1264944,33984,29,31,0
9005,0.773,1.531,0.015,2.319,1.549,16644,23067,0,36,33,33,1264944,33984,29,31,0
9006,0.765,0.410,0.016,1.191,2.496,16644,23067,0,36,33,33,1264944,33984,29,31,0
9007,0.747,1.754,0.018,2.519,1.349,16644,23067,0,36,33,33,1264944,33984,29,31,0
9008,0.735,4.440,0.030,5.205,2.689,16644,23067,0,36,33,33,1264944,33984,29,31,0
9009,0.890,10.994,0.021,11.905,5.399,16644,23067,0,36,33,33,1264944,33984,29,31,0
9010,0.806,6.984,0.021,7.810,12.085,16644,23067,0,36,33,33,1264944,33984,29,31,0
9011,0.734,0.392,0.015,1.140,7.982,16644,23067,0,36,33,33,1264944,33984,29,31,0
9012,0.712,1.521,0.009,2.242,1.310,16644,23067,0,36,33,33,1264944,33984,29,31,0
9013,0.735,0.330,0.013,1.078,2.401,16644,23067,0,36,33,33,1264944,33984,29,31,0
9014,0.746,1.408,0.013,2.167,1.228,16644,23067,0,36,33,33,1264944,33984,29,31,0
9015,0.734,4.890,0.015,5.640,2.337,16644,23067,0,36,33,33,1264944,33984,29,31,0
9016,0.768,11.434,0.014,12.217,5.813,16644,23067,0,36,33,33,1264944,33984,29,31,0
9017,0.848,6.705,0.020,7.573,12.425,16644,23067,0,36,33,33,1264944,33984,29,31,0
9018,0.823,0.385,0.023,1.231,7.769,16644,23067,0,36,33,33,1264944,33984,29,31,0
9019,0.798,1.745,0.013,2.556,1.406,16644,23067,0,36,33,33,1264944,33984,29,31,0
9020,0.825,0.439,0.012,1.277,2.740,16644,23067,0,36,33,33,1264944,33984,29,31,0
9021,0.844,1.796,0.013,2.654,1.447,16644,23067,0,36,33,33,1264944,33984,29,31,0
9022,0.847,3.575,0.019,4.441,2.829,16644,23067,0,36,33,33,1264944,33984,29,31,0
9023,0.863,12.597,0.016,13.476,4.628,16644,23067,0,36,33,33,1264944,33984,29,31,0
9024,0.813,5.625,0.020,6.458,13.653,16644,23067,0,36,33,33,1264944,33984,29,31,0
9025,0.821,0.449,0.016,1.286,6.636,16644,23067,0,36,33,33,1264944,33984,29,31,0
9026,0.808,1.415,0.016,2.239,1.467,16644,23067,0,36,33,33,1264944,33984,29,31,0
9027,0.828,0.478,0.019,1.324,2.436,16644,23067,0,36,33,33,1264944,33984,29,31,0
9028,0.851,1.310,0.013,2.174,1.504,16644,23067,0,36,33,33,1264944,33984,29,31,0
9029,0.880,3.112,0.013,4.005,2.370,16644,23067,0,36,33,33,1264944,33984,29,31,0
9030,0.829,12.423,0.013,13.265,4.197,16644,23067,0,36,33,33,1264944,33984,29,31,0
9031,0.838,7.268,0.016,8.122,13.458,16644,23067,0,36,33,33,1264944,33984,29,31,0
9032,0.965,0.422,0.017,1.404,8.338,16644,23067,0,36,33,33,1264944,33984,29,31,0
9033,0.950,0.404,0.017,1.371,1.609,16644,23067,0,36,33,33,1264944,33984,29,31,0
9034,0.822,0.434,0.016,1.272,1.542,16644,23067,0,36,33,33,1264944,33984,29,31,0
9035,0.835,0.382,0.013,1.230,1.439,16644,23067,0,36,33,33,1264944,33984,29,31,0
9036,0.825,0.472,0.012,1.309,1.405,16644,23067,0,36,33,33,1264944,33984,29,31,0
9037,0.808,4.781,0.012,5.601,1.484,16644,23067,0,36,33,33,1264944,33984,29,31,0
9038,0.814,10.605,0.018,11.437,5.810,16644,23067,0,36,33,33,1264944,33984,29,31,0
9039,0.808,7.330,0.018,8.156,11.642,16644,23067,0,36,33,33,1264944,33984,29,31,0
9040,0.961,0.489,0.010,1.459,8.368,16644,23067,0,36,33,33,1264944,33984,29,31,0
9041,0.849,1.569,0.015,2.433,1.664,16644,23067,0,36,33,33,1264944,33984,29,31,0
9042,0.874,0.526,0.009,1.409,2.612,16644,23067,0,36,33,33,1264944,33984,29,31,0
9043,0.818,0.908,0.010,1.736,1.578,16644,23067,0,36,33,33,1264944,33984,29,31,0
9044,0.786,4.859,0.018,5.663,1.913,16644,23067,0,36,33,33,1264944,33984,29,31,0
9045,0.817,10.357,0.015,11.188,5.863,16644,23067,0,36,33,33,1264944,33984,29,31,0
9046,0.820,7.264,0.016,8.100,11.369,16644,23067,0,36,33,33,1264944,33984,29,31,0
9047,0.938,0.483,0.010,1.431,8.303,16644,23067,0,36,33,33,1264944,33984,29,31,0
9048,0.924,1.373,0.012,2.309,1.631,16644,23067,0,36,33,33,1264944,33984,29,31,0
9049,0.981,0.399,0.012,1.392,2.531,16644,23067,0,36,33,33,1264944,33984,29,31,0
9050,0.795,0.366,0.014,1.175,1.597,16644,23067,0,36,33,33,1264944,33984,29,31,0
9051,0.786,5.240,0.025,6.051,1.347,16644,23067,0,36,33,33,1264944,33984,29,31,0
9052,0.815,10.595,0.012,11.421,6.251,16644,23067,0,36,33,33,1264944,33984,29,31,0
9053,0.929,7.047,0.011,7.987,11.629,16644,23067,0,36,33,33,1264944,33984,29,31,0
9054,0.932,0.418,0.018,1.368,8.195,16644,23067,0,36,33,33,1264944,33984,29,31,0
9055,0.919,0.408,0.015,1.343,1.566,16644,23067,0,36,33,33,1264944,33984,29,31,0
9056,0.941,0.478,0.013,1.432,1.542,16644,23067,0,36,33,33,1264944,33984,29,31,0
9057,0.941,2.304,0.023,3.268,1.651,16644,23067,0,36,33,33,1264944,33984,29,31,0
9058,0.786,3.925,0.014,4.725,3.471,16644,23067,0,36,33,33,1264944,33984,29,31,0
9059,0.816,11.183,0.015,12.014,4.910,16644,23067,0,36,33,33,1264944,33984,29,31,0
9060,0.980,6.831,0.024,7.834,12.260,16644,23067,0,36,33,33,1264944,33984,29,31,0
9061,0.964,0.490,0.010,1.464,8.058,16644,23067,0,36,33,33,1264944,33984,29,31,0
9062,0.944,0.471,0.012,1.428,1.664,16644,23067,0,36,33,33,1264944,33984,29,31,0
9063,0.956,0.463,0.014,1.433,1.634,16644,23067,0,36,33,33,1264944,33984,29,31,0
9064,0.835,0.364,0.019,1.218,1.609,16644,23067,0,36,33,33,1264944,33984,29,31,0
9065,0.790,0.371,0.023,1.183,1.384,16644,23067,0,36,33,33,1264944,33984,29,31,0
9066,0.796,4.053,0.016,4.865,1.356,16644,23067,0,36,33,33,1264944,33984,29,31,0
9067,1.093,11.410,0.016,12.519,5.055,16644,23067,0,36,33,33,1264944,33984,29,31,0
9068,1.002,6.514,0.016,7.532,12.765,16644,23067,0,36,33,33,1264944,33984,29,31,0
9069,0.941,0.439,0.033,1.413,7.759,16644,23067,0,36,33,33,1264944,33984,29,31,0
9070,0.961,0.451,0.014,1.426,1.606,16644,23067,0,36,33,33,1264944,33984,29,31,0
9071,0.958,0.401,0.011,1.370,1.626,16644,23067,0,36,33,33,1264944,33984,29,31,0
9072,0.861,0.420,0.019,1.299,1.548,16644,23067,0,36,33,33,1264944,33984,29,31,0
9073,0.828,0.506,0.025,1.359,1.479,16644,23067,0,36,33,33,1264944,33984,29,31,0
9074,0.834,4.679,0.025,5.538,1.537,16644,23067,0,36,33,33,1264944,33984,29,31,0
9075,0.832,10.696,0.013,11.541,5.730,16644,23067,0,36,33,33,1264944,33984,29,31,0
9076,0.870,6.818,0.014,7.702,11.741,16644,23067,0,36,33,33,1264944,33984,29,31,0
9077,0.816,0.346,0.020,1.182,7.883,16644,23067,0,36,33,33,1264944,33984,29,31,0
9078,0.798,0.344,0.021,1.163,1.366,16644,23067,0,36,33,33,1264944,33984,29,31,0
9079,0.808,0.412,0.009,1.229,1.340,16644,23067,0,36,33,33,1264944,33984,29,31,0
9080,0.860,0.422,0.013,1.295,1.398,16644,23067,0,36,33,33,1264944,33984,29,31,0
9081,0.811,10.066,0.010,10.886,1.476,16644,23067,0,36,33,33,1264944,33984,29,31,0
9082,0.814,7.744,0.013,8.571,11.070,16644,23067,0,36,33,33,1264944,33984,29,31,0
9083,0.829,6.850,0.016,7.696,8.765,16644,23067,0,36,33,33,1264944,33984,29,31,0
9084,0.788,0.328,0.015,1.131,7.887,16644,23067,0,36,33,33,1264944,33984,29,31,0
9085,0.798,0.360,0.024,1.182,1.301,16644,23067,0,36,33,33,1264944,33984,29,31,0
9086,0.829,0.417,0.011,1.257,1.351,16644,23067,0,36,33,33,1264944,33984,29,31,0
9087,0.829,0.343,0.016,1.188,1.444,16644,23067,0,36,33,33,1264944,33984,29,31,0
9088,0.804,10.276,0.015,11.094,1.367,16644,23067,0,36,33,33,1264944,33984,29,31,0
9089,0.804,7.912,0.012,8.728,11.283,16644,23067,0,36,33,33,1264944,33984,29,31,0
9090,0.858,6.540,0.017,7.415,8.922,16644,23067,0,36,33,33,1264944,33984,29,31,0
9091,0.781,0.338,0.013,1.132,7.597,16644,23067,0,36,33,33,1264944,33984,29,31,0
9092,0.812,0.385,0.017,1.214,1.302,16644,23067,0,36,33,33,1264944,33984,29,31,0
9093,0.802,0.394,0.012,1.207,1.393,16644,23067,0,36,33,33,1264944,33984,29,31,0
9094,0.854,0.407,0.013,1.274,1.408,16644,23067,0,36,33,33,1264944,33984,29,31,0
9095,0.804,10.094,0.015,10.913,1.453,16644,23067,0,36,33,33,1264944,33984,29,31,0
9096,0.985,7.874,0.016,8.875,11.097,16644,23067,0,36,33,33,1264944,33984,29,31,0
9097,0.975,6.503,0.013,7.491,9.050,16644,23067,0,36,33,33,1264944,33984,29,31,0
9098,1.066,0.422,0.011,1.499,7.708,16644,23067,0,36,33,33,1264944,33984,29,31,0
9099,0.903,0.343,0.014,1.260,1.704,16644,23067,0,36,33,33,1264944,33984,29,31,0
9100,0.781,0.359,0.011,1.151,1.427,16644,23067,0,36,33,33,1264944,33984,29,31,0
9101,0.808,0.435,0.011,1.254,1.315,16644,23067,0,36,33,33,1264944,33984,29,31,0
9102,0.815,9.775,0.015,10.606,1.420,16644,23067,0,36,33,33,1264944,33984,29,31,0
9103,0.808,7.890,0.012,8.710,10.799,16644,23067,0,36,33,33,1264944,33984,29,31,0
9104,0.826,7.173,0.033,8.031,8.898,16644,23067,0,36,33,33,1264944,33984,29,31,0
9105,1.229,0.515,0.018,1.762,8.295,16644,23067,0,36,33,33,1264944,33984,29,31,0
9106,0.842,0.410,0.014,1.266,1.943,16644,23067,0,36,33,33,1264944,33984,29,31,0
9107,0.819,0.783,0.028,1.630,1.432,16644,23067,0,36,33,33,1264944,33984,29,31,0
9108,0.848,0.482,0.024,1.354,1.805,16644,23067,0,36,33,33,1264944,33984,29,31,0
9109,0.874,2.410,0.017,3.302,1.543,16644,23067,0,36,33,33,1264944,33984,29,31,0
9110,0.832,13.540,0.011,14.383,3.500,16644,23067,0,36,33,33,1264944,33984,29,31,0
9111,0.823,6.935,0.011,7.769,14.579,16644,23067,0,36,33,33,1264944,33984,29,31,0
9112,0.833,0.394,0.018,1.245,7.949,16644,23067,0,36,33,33,1264944,33984,29,31,0
9113,0.943,0.429,0.010,1.383,1.441,16644,23067,0,36,33,33,1264944,33984,29,31,0
9114,0.817,0.389,0.008,1.215,1.602,16644,23067,0,36,33,33,1264944,33984,29,31,0
9115,0.834,0.374,0.014,1.222,1.389,16644,23067,0,36,33,33,1264944,33984,29,31,0
9116,0.804,10.051,0.011,10.866,1.393,16644,23067,0,36,33,33,1264944,33984,29,31,0
9117,0.817,7.800,0.018,8.635,11.058,16644,23067,0,36,33,33,1264944,33984,29,31,0
9118,0.826,6.621,0.011,7.458,8.821,16644,23067,0,36,33,33,1264944,33984,29,31,0
9119,0.927,0.427,0.014,1.368,7.667,16644,23067,0,36,33,33,1264944,33984,29,31,0
9120,0.932,0.347,0.012,1.291,1.558,16644,23067,0,36,33,33,1264944,33984,29,31,0
9121,0.794,0.385,0.012,1.191,1.463,16644,23067,0,36,33,33,1264944,33984,29,31,0
9122,0.832,0.381,0.014,1.227,1.367,16644,23067,0,36,33,33,1264944,33984,29,31,0
9123,0.835,9.907,0.020,10.762,1.400,16644,23067,0,36,33,33,1264944,33984,29,31,0
9124,0.934,7.842,0.014,8.791,10.987,16644,23067,0,36,33,33,1264944,33984,29,31,0
9125,0.927,6.317,0.016,7.260,9.018,16644,23067,0,36,33,33,1264944,33984,29,31,0
9126,1.064,0.411,0.013,1.489,7.483,16644,23067,0,36,33,33,1264944,33984,29,31,0
9127,0.928,0.389,0.015,1.332,1.687,16644,23067,0,36,33,33,1264944,33984,29,31,0
9128,0.917,0.328,0.011,1.256,1.526,16644,23067,0,36,33,33,1264944,33984,29,31,0
9129,0.836,0.359,0.019,1.214,1.431,16644,23067,0,36,33,33,1264944,33984,29,31,0
9130,0.822,1.026,0.012,1.860,1.400,16644,23067,0,36,33,33,1264944,33984,29,31,0
9131,0.785,3.241,0.011,4.037,2.035,16644,23067,0,36,33,33,1264944,33984,29,31,0
9132,0.971,11.978,0.016,12.966,4.220,16644,23067,0,36,33,33,1264944,33984,29,31,0
9133,0.932,6.785,0.018,7.736,13.187,16644,23067,0,36,33,33,1264944,33984,29,31,0
9134,0.921,0.404,0.013,1.339,7.972,16644,23067,0,36,33,33,1264944,33984,29,31,0
9135,0.911,0.433,0.013,1.356,1.530,16644,23067,0,36,33,33,1264944,33984,29,31,0
9136,0.949,0.401,0.016,1.367,1.567,16644,23067,0,36,33,33,1264944,33984,29,31,0
9137,0.875,2.662,0.013,3.551,1.544,16644,23067,0,36,33,33,1264944,33984,29,31,0
9138,0.803,3.652,0.010,4.465,3.733,16644,23067,0,36,33,33,1264944,33984,29,31,0
9139,0.803,11.270,0.014,12.087,4.649,16644,23067,0,36,33,33,1264944,33984,29,31,0
9140,0.838,6.947,0.015,7.800,12.263,16644,23067,0,36,33,33,1264944,33984,29,31,0
9141,0.933,0.406,0.013,1.352,8.019,16644,23067,0,36,33,33,1264944,33984,29,31,0
9142,0.908,0.424,0.048,1.379,1.565,16644,23067,0,36,33,33,1264944,33984,29,31,0
9143,0.827,0.354,0.012,1.192,1.570,16644,23067,0,36,33,33,1264944,33984,29,31,0
9144,0.833,0.435,0.021,1.289,1.366,16644,23067,0,36,33,33,1264944,33984,29,31,0
9145,0.869,1.024,0.030,1.923,1.457,16644,23067,0,36,33,33,1264944,33984,29,31,0
9146,0.830,3.530,0.019,4.379,2.105,16644,23067,0,36,33,33,1264944,33984,29,31,0
9147,0.835,11.665,0.017,12.517,4.566,16644,23067,0,36,33,33,1264944,33984,29,31,0
9148,0.987,6.727,0.025,7.739,12.736,16644,23067,0,36,33,33,1264944,33984,29,31,0
9149,0.932,0.393,0.012,1.337,7.952,16644,23067,0,36,33,33,1264944,33984,29,31,0
9150,0.949,0.474,0.018,1.440,1.525,16644,23067,0,36,33,33,1264944,33984,29,31,0
9151,0.924,0.410,0.017,1.351,1.647,16644,23067,0,36,33,33,1264944,33984,29,31,0
9152,0.832,0.396,0.012,1.241,1.544,16644,23067,0,36,33,33,1264944,33984,29,31,0
9153,0.843,0.824,0.015,1.683,1.403,16644,23067,0,36,33,33,1264944,33984,29,31,0
9154,0.803,3.837,0.009,4.649,1.859,16644,23067,0,36,33,33,1264944,33984,29,31,0
9155,0.810,11.557,0.013,12.379,4.834,16644,23067,0,36,33,33,1264944,33984,29,31,0
9156,0.861,6.965,0.011,7.837,12.561,16644,23067,0,36,33,33,1264944,33984,29,31,0
9157,0.931,0.394,0.016,1.342,8.065,16644,23067,0,36,33,33,1264944,33984,29,31,0
9158,0.787,0.339,0.034,1.160,1.533,16644,23067,0,36,33,33,1264944,33984,29,31,0
9159,0.849,0.429,0.012,1.291,1.348,16644,23067,0,36,33,33,1264944,33984,29,31,0
9160,0.850,0.452,0.014,1.316,1.472,16644,23067,0,36,33,33,1264944,33984,29,31,0
9161,0.806,4.025,0.011,4.843,1.491,16644,23067,0,36,33,33,1264944,33984,29,31,0
9162,0.793,14.209,0.014,15.015,5.023,16644,23067,0,36,33,33,1264944,33984,29,31,0
9163,0.784,6.099,0.018,6.901,15.196,16644,23067,0,36,33,33,1264944,33984,29,31,0
9164,0.978,6.798,0.021,7.797,7.115,16644,23067,0,36,33,33,1264944,33984,29,31,0
9165,0.970,7.520,0.021,8.511,7.998,16644,23067,0,36,33,33,1264944,33984,29,31,0
9166,0.987,7.526,0.017,8.530,8.738,16644,23067,0,36,33,33,1264944,33984,29,31,0
9167,0.994,6.680,0.021,7.695,8.747,16644,23067,0,36,33,33,1264944,33984,29,31,0
9168,1.121,0.499,0.015,1.634,7.946,16644,23067,0,36,33,33,1264944,33984,29,31,0
9169,1.033,0.435,0.015,1.483,1.899,16644,23067,0,36,33,33,1264944,33984,29,31,0
9170,0.982,0.445,0.010,1.438,1.683,16644,23067,0,36,33,33,1264944,33984,29,31,0
9171,0.935,0.441,0.019,1.395,1.640,16644,23067,0,36,33,33,1264944,33984,29,31,0
9172,0.947,0.461,0.024,1.432,1.598,16644,23067,0,36,33,33,1264944,33984,29,31,0
9173,0.902,3.103,0.014,4.019,1.641,16644,23067,0,36,33,33,1264944,33984,29,31,0
9174,0.808,11.808,0.018,12.634,4.213,16644,23067,0,36,33,33,1264944,33984,29,31,0
9175,0.974,6.645,0.018,7.637,12.845,16644,23067,0,36,33,33,1264944,33984,29,31,0
9176,0.990,0.450,0.012,1.452,7.855,16644,23067,0,36,33,33,1264944,33984,29,31,0
9177,0.819,0.379,0.016,1.215,1.655,16644,23067,0,36,33,33,1264944,33984,29,31,0
9178,0.815,0.420,0.023,1.258,1.389,16644,23067,0,36,33,33,1264944,33984,29,31,0
9179,0.834,0.459,0.012,1.304,1.438,16644,23067,0,36,33,33,1264944,33984,29,31,0
9180,0.826,3.668,0.015,4.509,1.483,16644,23067,0,36,33,33,1264944,33984,29,31,0
9181,0.846,13.624,0.012,14.482,4.701,16644,23067,0,36,33,33,1264944,33984,29,31,0
9182,0.814,7.010,0.014,7.838,14.661,16644,23067,0,36,33,33,1264944,33984,29,31,0
9183,0.931,0.412,0.026,1.370,8.066,16644,23067,0,36,33,33,1264944,33984,29,31,0
9184,0.916,0.435,0.015,1.366,1.557,16644,23067,0,36,33,33,1264944,33984,29,31,0
9185,0.856,0.448,0.010,1.314,1.549,16644,23067,0,36,33,33,1264944,33984,29,31,0
9186,0.867,0.371,0.019,1.257,1.484,16644,23067,0,36,33,33,1264944,33984,29,31,0
9187,0.828,0.809,0.017,1.654,1.462,16644,23067,0,36,33,33,1264944,33984,29,31,0
9188,0.809,3.466,0.010,4.285,1.835,16644,23067,0,36,33,33,1264944,33984,29,31,0
9189,0.817,11.720,0.014,12.551,4.486,16644,23067,0,36,33,33,1264944,33984,29,31,0
9190,0.789,7.040,0.010,7.839,12.733,16644,23067,0,36,33,33,1264944,33984,29,31,0
9191,0.862,0.610,0.015,1.487,8.025,16644,23067,0,36,33,33,1264944,33984,29,31,0
9192,0.947,0.377,0.015,1.340,1.693,16644,23067,0,36,33,33,1264944,33984,29,31,0
9193,0.804,0.407,0.014,1.225,1.508,16644,23067,0,36,33,33,1264944,33984,29,31,0
9194,0.823,0.392,0.014,1.229,1.415,16644,23067,0,36,33,33,1264944,33984,29,31,0
9195,0.832,4.179,0.013,5.023,1.410,16644,23067,0,36,33,33,1264944,33984,29,31,0
9196,0.820,12.755,0.011,13.585,5.205,16644,23067,0,36,33,33,1264944,33984,29,31,0
9197,0.814,7.301,0.015,8.129,13.780,16644,23067,0,36,33,33,1264944,33984,29,31,0
9198,0.794,0.355,0.016,1.165,8.308,16644,23067,0,36,33,33,1264944,33984,29,31,0
9199,0.818,0.369,0.014,1.200,1.331,16644,23067,0,36,33,33,1264944,33984,29,31,0
9200,0.803,0.389,0.013,1.205,1.374,16644,23067,0,36,33,33,1264944,33984,29,31,0
9201,0.869,0.403,0.019,1.291,1.372,16644,23067,0,36,33,33,1264944,33984,29,31,0
9202,0.803,10.219,0.010,11.032,1.472,16644,23067,0,36,33,33,1264944,33984,29,31,0
9203,0.817,7.491,0.014,8.322,11.227,16644,23067,0,36,33,33,1264944,33984,29,31,0
9204,0.793,7.077,0.020,7.890,8.525,16644,23067,0,36,33,33,1264944,33984,29,31,0
9205,0.946,0.485,0.010,1.441,8.107,16644,23067,0,36,33,33,1264944,33984,29,31,0
9206,0.818,0.373,0.020,1.211,1.603,16644,23067,0,36,33,33,1264944,33984,29,31,0
9207,0.799,0.368,0.018,1.185,1.384,16644,23067,0,36,33,33,1264944,33984,29,31,0
9208,0.795,0.413,0.017,1.225,1.364,16644,23067,0,36,33,33,1264944,33984,29,31,0
9209,0.796,10.249,0.017,11.063,1.389,16644,23067,0,36,33,33,1264944,33984,29,31,0
9210,0.809,7.134,0.016,7.959,11.243,16644,23067,0,36,33,33,1264944,33984,29,31,0
9211,0.813,6.880,0.011,7.703,8.140,16644,23067,0,36,33,33,1264944,33984,29,31,0
9212,0.863,0.415,0.021,1.298,7.900,16644,23067,0,36,33,33,1264944,33984,29,31,0
9213,0.830,0.424,0.014,1.267,1.488,16644,23067,0,36,33,33,1264944,33984,29,31,0
9214,0.834,0.373,0.015,1.222,1.456,16644,23067,0,36,33,33,1264944,33984,29,31,0
9215,0.828,11.780,0.019,12.626,1.409,16644,23067,0,36,33,33,1264944,33984,29,31,0
9216,0.929,7.414,0.015,8.358,12.810,16644,23067,0,36,33,33,1264944,33984,29,31,0
9217,0.754,7.271,0.024,8.050,8.541,16644,23067,0,36,33,33,1264944,33984,29,31,0
9218,1.291,0.874,0.038,2.202,8.433,16644,23067,0,36,33,33,1264944,33984,29,31,0
9219,0.876,0.495,0.029,1.400,2.395,16644,23067,0,36,33,33,1264944,33984,29,31,0
9220,0.831,0.521,0.026,1.378,1.577,16644,23067,0,36,33,33,1264944,33984,29,31,0
9221,0.927,10.112,0.023,11.062,1.568,16644,23067,0,36,33,33,1264944,33984,29,31,0
9222,0.865,7.498,0.029,8.392,11.258,16644,23067,0,36,33,33,1264944,33984,29,31,0
9223,0.830,6.528,0.016,7.374,8.594,16644,23067,0,36,33,33,1264944,33984,29,31,0
9224,0.998,0.518,0.012,1.528,7.589,16644,23067,0,36,33,33,1264944,33984,29,31,0
9225,0.846,0.444,0.021,1.312,1.709,16644,23067,0,36,33,33,1264944,33984,29,31,0
9226,0.844,0.443,0.013,1.299,1.478,16644,23067,0,36,33,33,1264944,33984,29,31,0
9227,0.858,0.405,0.016,1.279,1.480,16644,23067,0,36,33,33,1264944,33984,29,31,0
9228,0.822,0.697,0.011,1.531,1.456,16644,23067,0,36,33,33,1264944,33984,29,31,0
9229,0.827,3.733,0.015,4.575,1.711,16644,23067,0,36,33,33,1264944,33984,29,31,0
9230,0.814,11.868,0.024,12.706,4.771,16644,23067,0,36,33,33,1264944,33984,29,31,0
9231,0.913,6.603,0.021,7.537,12.910,16644,23067,0,36,33,33,1264944,33984,29,31,0
9232,0.820,0.435,0.019,1.274,7.712,16644,23067,0,36,33,33,1264944,33984,29,31,0
9233,0.957,0.479,0.016,1.452,1.494,16644,23067,0,36,33,33,1264944,33984,29,31,0
9234,0.840,0.411,0.009,1.260,1.648,16644,23067,0,36,33,33,1264944,33984,29,31,0
9235,0.830,0.415,0.014,1.258,1.427,16644,23067,0,36,33,33,1264944,33984,29,31,0
9236,0.823,9.802,0.012,10.636,1.428,16644,23067,0,36,33,33,1264944,33984,29,31,0
9237,0.872,7.507,0.025,8.404,10.838,16644,23067,0,36,33,33,1264944,33984,29,31,0
9238,0.983,6.637,0.018,7.638,8.605,16644,23067,0,36,33,33,1264944,33984,29,31,0
9239,0.960,0.466,0.010,1.436,7.866,16644,23067,0,36,33,33,1264944,33984,29,31,0
9240,0.950,0.382,0.033,1.364,1.629,16644,23067,0,36,33,33,1264944,33984,29,31,0
9241,0.799,0.358,0.013,1.171,1.526,16644,23067,0,36,33,33,1264944,33984,29,31,0
9242,0.824,0.443,0.023,1.290,1.340,16644,23067,0,36,33,33,1264944,33984,29,31,0
9243,0.800,3.828,0.013,4.641,1.461,16644,23067,0,36,33,33,1264944,33984,29,31,0
9244,0.810,13.368,0.018,14.196,4.818,16644,23067,0,36,33,33,1264944,33984,29,31,0
9245,0.928,7.027,0.017,7.972,14.419,16644,23067,0,36,33,33,1264944,33984,29,31,0
9246,1.017,0.481,0.024,1.522,8.198,16644,23067,0,36,33,33,1264944,33984,29,31,0
9247,0.835,0.424,0.015,1.274,1.713,16644,23067,0,36,33,33,1264944,33984,29,31,0
9248,0.833,0.381,0.013,1.226,1.449,16644,23067,0,36,33,33,1264944,33984,29,31,0
9249,0.836,0.410,0.013,1.259,1.411,16644,23067,0,36,33,33,1264944,33984,29,31,0
9250,0.829,0.934,0.028,1.791,1.429,16644,23067,0,36,33,33,1264944,33984,29,31,0
9251,0.830,3.963,0.013,4.806,1.976,16644,23067,0,36,33,33,1264944,33984,29,31,0
9252,0.822,11.340,0.017,12.178,5.001,16644,23067,0,36,33,33,1264944,33984,29,31,0
9253,0.835,6.839,0.014,7.688,12.364,16644,23067,0,36,33,33,1264944,33984,29,31,0
9254,0.806,0.370,0.015,1.191,7.880,16644,23067,0,36,33,33,1264944,33984,29,31,0
9255,0.809,0.377,0.020,1.207,1.383,16644,23067,0,36,33,33,1264944,33984,29,31,0
9256,0.809,0.375,0.012,1.195,1.402,16644,23067,0,36,33,33,1264944,33984,29,31,0
9257,0.829,0.710,0.061,1.600,1.369,16644,23067,0,36,33,33,1264944,33984,29,31,0
9258,0.816,0.340,0.014,1.170,1.771,16644,23067,0,36,33,33,1264944,33984,29,31,0
9259,0.804,0.356,0.015,1.176,1.342,16644,23067,0,36,33,33,1264944,33984,29,31,0
9260,0.799,3.597,0.015,4.412,1.345,16644,23067,0,36,33,33,1264944,33984,29,31,0
9261,0.883,11.120,0.017,12.020,4.601,16644,23067,0,36,33,33,1264944,33984,29,31,0
9262,0.836,6.845,0.019,7.700,12.211,16644,23067,0,36,33,33,1264944,33984,29,31,0
9263,0.801,0.364,0.014,1.179,7.886,16644,23067,0,36,33,33,1264944,33984,29,31,0
9264,0.831,0.405,0.021,1.257,1.355,16644,23067,0,36,33,33,1264944,33984,29,31,0
9265,0.801,0.370,0.015,1.185,1.421,16644,23067,0,36,33,33,1264944,33984,29,31,0
9266,0.809,0.802,0.018,1.629,1.350,16644,23067,0,36,33,33,1264944,33984,29,31,0
9267,0.821,0.367,0.010,1.198,1.811,16644,23067,0,36,33,33,1264944,33984,29,31,0
9268,0.716,2.534,0.012,3.262,1.380,16644,23067,0,36,33,33,1264944,33984,29,31,0
9269,0.723,14.971,0.016,15.710,3.423,16644,23067,0,36,33,33,1264944,33984,29,31,0
9270,0.812,5.756,0.010,6.578,15.889,16644,23067,0,36,33,33,1264944,33984,29,31,0
9271,0.826,0.355,0.015,1.196,6.762,16644,23067,0,36,33,33,1264944,33984,29,31,0
9272,0.833,1.493,0.012,2.338,1.374,16644,23067,0,36,33,33,1264944,33984,29,31,0
9273,0.844,0.438,0.022,1.304,2.518,16644,23067,0,36,33,33,1264944,33984,29,31,0
9274,0.822,1.384,0.012,2.219,1.468,16644,23067,0,36,33,33,1264944,33984,29,31,0
9275,0.831,4.516,0.012,5.359,2.405,16644,23067,0,36,33,33,1264944,33984,29,31,0
9276,0.867,11.006,0.015,11.888,5.539,16644,23067,0,36,33,33,1264944,33984,29,31,0
9277,0.820,6.937,0.018,7.775,12.060,16644,23067,0,36,33,33,1264944,33984,29,31,0
9278,0.805,0.372,0.015,1.191,7.961,16644,23067,0,36,33,33,1264944,33984,29,31,0
9279,0.843,1.616,0.014,2.473,1.365,16644,23067,0,36,33,33,1264944,33984,29,31,0
9280,0.843,0.371,0.020,1.234,2.658,16644,23067,0,36,33,33,1264944,33984,29,31,0
9281,0.819,1.460,0.011,2.289,1.408,16644,23067,0,36,33,33,1264944,33984,29,31,0
9282,0.826,4.499,0.018,5.342,2.460,16644,23067,0,36,33,33,1264944,33984,29,31,0
9283,0.956,10.902,0.017,11.874,5.557,16644,23067,0,36,33,33,1264944,33984,29,31,0
9284,0.948,6.659,0.019,7.626,12.095,16644,23067,0,36,33,33,1264944,33984,29,31,0
9285,0.921,0.459,0.014,1.394,7.836,16644,23067,0,36,33,33,1264944,33984,29,31,0
9286,0.943,1.647,0.013,2.603,1.599,16644,23067,0,36,33,33,1264944,33984,29,31,0
9287,0.968,0.434,0.017,1.419,2.815,16644,23067,0,36,33,33,1264944,33984,29,31,0
9288,0.945,1.803,0.032,2.781,1.643,16644,23067,0,36,33,33,1264944,33984,29,31,0
9289,0.970,4.846,0.016,5.832,2.991,16644,23067,0,36,33,33,1264944,33984,29,31,0
9290,0.925,10.315,0.016,11.256,6.013,16644,23067,0,36,33,33,1264944,33984,29,31,0
9291,0.929,5.753,0.010,6.692,11.463,16644,23067,0,36,33,33,1264944,33984,29,31,0
9292,0.944,0.455,0.014,1.413,6.917,16644,23067,0,36,33,33,1264944,33984,29,31,0
9293,0.928,0.453,0.013,1.395,1.636,16644,23067,0,36,33,33,1264944,33984,29,31,0
9294,0.960,0.457,0.015,1.431,1.588,16644,23067,0,36,33,33,1264944,33984,29,31,0
9295,0.943,0.403,0.018,1.365,1.641,16644,23067,0,36,33,33,1264944,33984,29,31,0
9296,0.830,4.480,0.015,5.325,1.545,16644,23067,0,36,33,33,1264944,33984,29,31,0
9297,0.907,12.476,0.040,13.422,5.519,16644,23067,0,36,33,33,1264944,33984,29,31,0
9298,1.024,6.541,0.022,7.587,13.645,16644,23067,0,36,33,33,1264944,33984,29,31,0
9299,1.010,0.452,0.011,1.474,7.804,16644,23067,0,36,33,33,1264944,33984,29,31,0
9300,0.932,0.480,0.018,1.430,1.678,16644,23067,0,36,33,33,1264944,33984,29,31,0
9301,1.048,0.589,0.017,1.654,1.652,16644,23067,0,36,33,33,1264944,33984,29,31,0
9302,0.937,6.190,0.014,7.141,1.856,16644,23067,0,36,33,33,1264944,33984,29,31,0
9303,0.977,11.485,0.016,12.479,7.385,16644,23067,0,36,33,33,1264944,33984,29,31,0
9304,0.959,7.222,0.020,8.200,12.722,16644,23067,0,36,33,33,1264944,33984,29,31,0
9305,0.961,0.442,0.013,1.416,8.413,16644,23067,0,36,33,33,1264944,33984,29,31,0
9306,0.938,0.474,0.015,1.428,1.605,16644,23067,0,36,33,33,1264944,33984,29,31,0
9307,1.034,0.527,0.012,1.572,1.642,16644,23067,0,36,33,33,1264944,33984,29,31,0
9308,1.011,0.433,0.022,1.465,1.789,16644,23067,0,36,33,33,1264944,33984,29,31,0
9309,0.822,0.414,0.016,1.252,1.639,16644,23067,0,36,33,33,1264944,33984,29,31,0
9310,0.872,3.533,0.018,4.423,1.415,16644,23067,0,36,33,33,1264944,33984,29,31,0
9311,0.894,11.343,0.017,12.254,4.613,16644,23067,0,36,33,33,1264944,33984,29,31,0
9312,0.982,6.511,0.018,7.511,12.510,16644,23067,0,36,33,33,1264944,33984,29,31,0
9313,1.004,0.478,0.016,1.498,7.742,16644,23067,0,36,33,33,1264944,33984,29,31,0
9314,0.921,0.484,0.013,1.417,1.707,16644,23067,0,36,33,33,1264944,33984,29,31,0
9315,0.944,0.376,0.012,1.332,1.619,16644,23067,0,36,33,33,1264944,33984,29,31,0
9316,0.806,0.388,0.025,1.219,1.493,16644,23067,0,36,33,33,1264944,33984,29,31,0
9317,0.925,3.678,0.017,4.620,1.391,16644,23067,0,36,33,33,1264944,33984,29,31,0
9318,0.846,13.083,0.019,13.948,4.828,16644,23067,0,36,33,33,1264944,33984,29,31,0
9319,0.818,7.122,0.014,7.955,14.139,16644,23067,0,36,33,33,1264944,33984,29,31,0
9320,0.958,0.429,0.013,1.400,8.180,16644,23067,0,36,33,33,1264944,33984,29,31,0
9321,0.812,0.380,0.015,1.207,1.568,16644,23067,0,36,33,33,1264944,33984,29,31,0
9322,0.825,0.412,0.023,1.261,1.382,16644,23067,0,36,33,33,1264944,33984,29,31,0
9323,0.849,0.406,0.019,1.274,1.426,16644,23067,0,36,33,33,1264944,33984,29,31,0
9324,0.841,10.265,0.015,11.121,1.449,16644,23067,0,36,33,33,1264944,33984,29,31,0
9325,0.871,7.310,0.017,8.198,11.320,16644,23067,0,36,33,33,1264944,33984,29,31,0
9326,0.798,6.848,0.019,7.666,8.381,16644,23067,0,36,33,33,1264944,33984,29,31,0
9327,0.804,0.491,0.012,1.307,7.855,16644,23067,0,36,33,33,1264944,33984,29,31,0
9328,0.855,0.386,0.009,1.250,1.493,16644,23067,0,36,33,33,1264944,33984,29,31,0
9329,0.861,0.444,0.012,1.317,1.420,16644,23067,0,36,33,33,1264944,33984,29,31,0
9330,0.871,0.374,0.012,1.257,1.495,16644,23067,0,36,33,33,1264944,33984,29,31,0
9331,0.810,1.144,0.014,1.969,1.433,16644,23067,0,36,33,33,1264944,33984,29,31,0
9332,0.704,3.841,0.014,4.559,2.132,16644,23067,0,36,33,33,1264944,33984,29,31,0
9333,0.701,11.310,0.011,12.022,4.721,16644,23067,0,36,33,33,1264944,33984,29,31,0
9334,0.811,7.022,0.012,7.846,12.214,16644,23067,0,36,33,33,1264944,33984,29,31,0
9335,0.814,0.354,0.018,1.186,8.040,16644,23067,0,36,33,33,1264944,33984,29,31,0
9336,0.813,0.367,0.011,1.191,1.349,16644,23067,0,36,33,33,1264944,33984,29,31,0
9337,0.817,0.363,0.014,1.194,1.369,16644,23067,0,36,33,33,1264944,33984,29,31,0
9338,0.844,0.450,0.011,1.305,1.373,16644,23067,0,36,33,33,1264944,33984,29,31,0
9339,0.824,10.399,0.016,11.239,1.477,16644,23067,0,36,33,33,1264944,33984,29,31,0
9340,0.834,8.222,0.015,9.071,11.436,16644,23067,0,36,33,33,1264944,33984,29,31,0
9341,0.801,6.445,0.012,7.257,9.251,16644,23067,0,36,33,33,1264944,33984,29,31,0
9342,0.805,0.665,0.014,1.484,7.436,16644,23067,0,36,33,33,1264944,33984,29,31,0
9343,0.815,0.404,0.012,1.232,1.656,16644,23067,0,36,33,33,1264944,33984,29,31,0
9344,0.805,0.409,0.017,1.231,1.411,16644,23067,0,36,33,33,1264944,33984,29,31,0
9345,0.804,11.093,0.010,11.907,1.402,16644,23067,0,36,33,33,1264944,33984,29,31,0
9346,0.859,7.448,0.014,8.322,12.104,16644,23067,0,36,33,33,1264944,33984,29,31,0
9347,1.019,6.951,0.018,7.988,8.550,16644,23067,0,36,33,33,1264944,33984,29,31,0
9348,0.936,0.396,0.020,1.353,8.216,16644,23067,0,36,33,33,1264944,33984,29,31,0
9349,0.809,0.341,0.022,1.172,1.530,16644,23067,0,36,33,33,1264944,33984,29,31,0
9350,0.821,0.379,0.018,1.218,1.353,16644,23067,0,36,33,33,1264944,33984,29,31,0
9351,0.868,0.573,0.057,1.498,1.388,16644,23067,0,36,33,33,1264944,33984,29,31,0
9352,0.873,9.617,0.018,10.508,1.690,16644,23067,0,36,33,33,1264944,33984,29,31,0
9353,0.893,7.337,0.016,8.247,10.714,16644,23067,0,36,33,33,1264944,33984,29,31,0
9354,0.834,7.007,0.014,7.855,8.427,16644,23067,0,36,33,33,1264944,33984,29,31,0
9355,0.978,0.462,0.014,1.454,8.073,16644,23067,0,36,33,33,1264944,33984,29,31,0
9356,0.980,0.431,0.012,1.423,1.649,16644,23067,0,36,33,33,1264944,33984,29,31,0
9357,0.834,0.402,0.046,1.281,1.624,16644,23067,0,36,33,33,1264944,33984,29,31,0
9358,0.857,0.393,0.017,1.267,1.445,16644,23067,0,36,33,33,1264944,33984,29,31,0
9359,0.847,0.757,0.012,1.615,1.436,16644,23067,0,36,33,33,1264944,33984,29,31,0
9360,0.820,4.380,0.019,5.219,1.798,16644,23067,0,36,33,33,1264944,33984,29,31,0
9361,0.859,11.014,0.018,11.891,5.413,16644,23067,0,36,33,33,1264944,33984,29,31,0
9362,0.966,6.789,0.015,7.770,12.142,16644,23067,0,36,33,33,1264944,33984,29,31,0
9363,0.944,0.453,0.021,1.418,7.986,16644,23067,0,36,33,33,1264944,33984,29,31,0
9364,0.873,0.375,0.025,1.273,1.626,16644,23067,0,36,33,33,1264944,33984,29,31,0
9365,0.826,0.414,0.012,1.252,1.450,16644,23067,0,36,33,33,1264944,33984,29,31,0
9366,0.858,0.417,0.016,1.291,1.443,16644,23067,0,36,33,33,1264944,33984,29,31,0
9367,0.889,0.612,0.011,1.512,1.608,16644,23067,0,36,33,33,1264944,33984,29,31,0
9368,0.806,3.657,0.011,4.474,1.695,16644,23067,0,36,33,33,1264944,33984,29,31,0
9369,0.805,11.920,0.019,12.743,4.632,16644,23067,0,36,33,33,1264944,33984,29,31,0
9370,0.846,6.758,0.017,7.620,12.936,16644,23067,0,36,33,33,1264944,33984,29,31,0
9371,0.824,0.499,0.021,1.344,7.796,16644,23067,0,36,33,33,1264944,33984,29,31,0
9372,0.901,0.560,0.018,1.479,1.524,16644,23067,0,36,33,33,1264944,33984,29,31,0
9373,0.827,0.475,0.011,1.313,1.646,16644,23067,0,36,33,33,1264944,33984,29,31,0
9374,0.833,0.448,0.015,1.296,1.484,16644,23067,0,36,33,33,1264944,33984,29,31,0
9375,0.838,1.030,0.015,1.883,1.475,16644,23067,0,36,33,33,1264944,33984,29,31,0
9376,0.796,4.040,0.028,4.863,2.062,16644,23067,0,36,33,33,1264944,33984,29,31,0
9377,0.803,11.213,0.023,12.039,5.047,16644,23067,0,36,33,33,1264944,33984,29,31,0
9378,0.834,6.766,0.067,7.666,12.215,16644,23067,0,36,33,33,1264944,33984,29,31,0
9379,0.816,0.370,0.021,1.206,7.871,16644,23067,0,36,33,33,1264944,33984,29,31,0
9380,0.818,0.364,0.024,1.206,1.378,16644,23067,0,36,33,33,1264944,33984,29,31,0
9381,0.800,0.521,0.014,1.334,1.386,16644,23067,0,36,33,33,1264944,33984,29,31,0
9382,0.853,0.424,0.018,1.295,1.512,16644,23067,0,36,33,33,1264944,33984,29,31,0
9383,0.804,3.798,0.010,4.612,1.469,16644,23067,0,36,33,33,1264944,33984,29,31,0
9384,0.783,13.629,0.013,14.426,4.772,16644,23067,0,36,33,33,1264944,33984,29,31,0
9385,0.803,7.062,0.011,7.876,14.640,16644,23067,0,36,33,33,1264944,33984,29,31,0
9386,0.845,0.394,0.014,1.252,8.075,16644,23067,0,36,33,33,1264944,33984,29,31,0
9387,0.805,0.389,0.013,1.207,1.428,16644,23067,0,36,33,33,1264944,33984,29,31,0
9388,0.789,0.364,0.011,1.164,1.381,16644,23067,0,36,33,33,1264944,33984,29,31,0
9389,0.808,0.430,0.018,1.256,1.337,16644,23067,0,36,33,33,1264944,33984,29,31,0
9390,0.742,10.138,0.010,10.890,1.426,16644,23067,0,36,33,33,1264944,33984,29,31,0
9391,0.823,7.597,0.015,8.434,11.093,16644,23067,0,36,33,33,1264944,33984,29,31,0
9392,0.792,7.088,0.013,7.893,8.620,16644,23067,0,36,33,33,1264944,33984,29,31,0
9393,0.803,0.351,0.019,1.174,8.075,16644,23067,0,36,33,33,1264944,33984,29,31,0
9394,0.814,0.395,0.016,1.225,1.352,16644,23067,0,36,33,33,1264944,33984,29,31,0
9395,0.831,0.429,0.013,1.274,1.411,16644,23067,0,36,33,33,1264944,33984,29,31,0
9396,0.839,0.421,0.018,1.278,1.439,16644,23067,0,36,33,33,1264944,33984,29,31,0
9397,0.829,9.953,0.014,10.797,1.454,16644,23067,0,36,33,33,1264944,33984,29,31,0
9398,0.821,7.998,0.016,8.834,10.978,16644,23067,0,36,33,33,1264944,33984,29,31,0
9399,0.820,6.695,0.018,7.532,9.016,16644,23067,0,36,33,33,1264944,33984,29,31,0
9400,0.937,0.431,0.022,1.390,7.746,16644,23067,0,36,33,33,1264944,33984,29,31,0
9401,0.930,0.387,0.019,1.336,1.596,16644,23067,0,36,33,33,1264944,33984,29,31,0
9402,0.810,0.391,0.020,1.221,1.505,16644,23067,0,36,33,33,1264944,33984,29,31,0
9403,0.823,0.416,0.021,1.260,1.397,16644,23067,0,36,33,33,1264944,33984,29,31,0
9404,0.808,3.720,0.016,4.544,1.436,16644,23067,0,36,33,33,1264944,33984,29,31,0
9405,0.824,13.630,0.015,14.469,4.727,16644,23067,0,36,33,33,1264944,33984,29,31,0
9406,0.855,6.906,0.010,7.771,14.652,16644,23067,0,36,33,33,1264944,33984,29,31,0
9407,0.805,0.407,0.026,1.239,7.956,16644,23067,0,36,33,33,1264944,33984,29,31,0
9408,0.812,0.396,0.013,1.221,1.417,16644,23067,0,36,33,33,1264944,33984,29,31,0
9409,0.820,0.388,0.018,1.226,1.404,16644,23067,0,36,33,33,1264944,33984,29,31,0
9410,0.803,0.425,0.018,1.246,1.397,16644,23067,0,36,33,33,1264944,33984,29,31,0
9411,0.808,4.437,0.013,5.258,1.411,16644,23067,0,36,33,33,1264944,33984,29,31,0
9412,0.821,13.280,0.016,14.116,5.455,16644,23067,0,36,33,33,1264944,33984,29,31,0
9413,0.823,6.826,0.009,7.658,14.290,16644,23067,0,36,33,33,1264944,33984,29,31,0
9414,0.794,0.333,0.017,1.144,7.855,16644,23067,0,36,33,33,1264944,33984,29,31,0
9415,0.781,0.373,0.013,1.167,1.356,16644,23067,0,36,33,33,1264944,33984,29,31,0
9416,0.810,0.387,0.016,1.214,1.350,16644,23067,0,36,33,33,1264944,33984,29,31,0
9417,0.812,0.766,0.022,1.600,1.382,16644,23067,0,36,33,33,1264944,33984,29,31,0
9418,0.891,0.362,0.015,1.267,1.791,16644,23067,0,36,33,33,1264944,33984,29,31,0
9419,0.807,0.365,0.016,1.188,1.436,16644,23067,0,36,33,33,1264944,33984,29,31,0
9420,0.867,2.494,0.015,3.376,1.352,16644,23067,0,36,33,33,1264944,33984,29,31,0
9421,0.827,12.066,0.012,12.905,3.570,16644,23067,0,36,33,33,1264944,33984,29,31,0
9422,0.801,6.926,0.010,7.737,13.090,16644,23067,0,36,33,33,1264944,33984,29,31,0
9423,0.807,0.339,0.014,1.160,7.927,16644,23067,0,36,33,33,1264944,33984,29,31,0
9424,0.792,0.354,0.013,1.159,1.357,16644,23067,0,36,33,33,1264944,33984,29,31,0
9425,0.785,0.417,0.013,1.215,1.329,16644,23067,0,36,33,33,1264944,33984,29,31,0
9426,0.811,0.516,0.011,1.338,1.399,16644,23067,0,36,33,33,1264944,33984,29,31,0
9427,0.848,0.370,0.015,1.234,1.520,16644,23067,0,36,33,33,1264944,33984,29,31,0
9428,0.755,0.320,0.011,1.086,1.417,16644,23067,0,36,33,33,1264944,33984,29,31,0
9429,0.692,3.042,0.012,3.746,1.231,16644,23067,0,36,33,33,1264944,33984,29,31,0
9430,0.717,12.314,0.017,13.048,3.926,16644,23067,0,36,33,33,1264944,33984,29,31,0
9431,0.815,6.860,0.015,7.690,13.225,16644,23067,0,36,33,33,1264944,33984,29,31,0
9432,0.794,0.335,0.013,1.143,7.871,16644,23067,0,36,33,33,1264944,33984,29,31,0
9433,0.798,0.442,0.010,1.249,1.308,16644,23067,0,36,33,33,1264944,33984,29,31,0
9434,0.803,0.389,0.014,1.207,1.420,16644,23067,0,36,33,33,1264944,33984,29,31,0
9435,0.810,0.335,0.011,1.156,1.383,16644,23067,0,36,33,33,1264944,33984,29,31,0
9436,0.824,0.419,0.023,1.266,1.323,16644,23067,0,36,33,33,1264944,33984,29,31,0
9437,0.711,8.986,0.010,9.706,1.442,16644,23067,0,36,33,33,1264944,33984,29,31,0
9438,0.694,7.806,0.017,8.517,9.874,16644,23067,0,36,33,33,1264944,33984,29,31,0
9439,0.817,7.121,0.023,7.961,8.701,16644,23067,0,36,33,33,1264944,33984,29,31,0
9440,0.813,0.372,0.016,1.201,8.146,16644,23067,0,36,33,33,1264944,33984,29,31,0
9441,0.822,0.376,0.017,1.215,1.364,16644,23067,0,36,33,33,1264944,33984,29,31,0
9442,0.832,0.409,0.019,1.259,1.397,16644,23067,0,36,33,33,1264944,33984,29,31,0
9443,0.724,0.356,0.010,1.090,1.418,16644,23067,0,36,33,33,1264944,33984,29,31,0
9444,0.735,10.214,0.012,10.961,1.237,16644,23067,0,36,33,33,1264944,33984,29,31,0
9445,0.801,7.569,0.012,8.382,11.145,16644,23067,0,36,33,33,1264944,33984,29,31,0
9446,0.801,6.964,0.019,7.783,8.582,16644,23067,0,36,33,33,1264944,33984,29,31,0
9447,0.791,0.333,0.011,1.135,7.975,16644,23067,0,36,33,33,1264944,33984,29,31,0
9448,0.800,0.346,0.012,1.159,1.305,16644,23067,0,36,33,33,1264944,33984,29,31,0
9449,0.791,0.341,0.015,1.147,1.336,16644,23067,0,36,33,33,1264944,33984,29,31,0
9450,0.801,0.365,0.013,1.180,1.333,16644,23067,0,36,33,33,1264944,33984,29,31,0
9451,0.712,0.307,0.016,1.035,1.349,16644,23067,0,36,33,33,1264944,33984,29,31,0
9452,0.717,0.689,0.009,1.415,1.189,16644,23067,0,36,33,33,1264944,33984,29,31,0
9453,0.694,3.143,0.013,3.849,1.567,16644,23067,0,36,33,33,1264944,33984,29,31,0
9454,0.711,12.163,0.014,12.889,4.014,16644,23067,0,36,33,33,1264944,33984,29,31,0
9455,0.799,7.141,0.022,7.961,13.067,16644,23067,0,36,33,33,1264944,33984,29,31,0
9456,0.798,0.348,0.016,1.161,8.144,16644,23067,0,36,33,33,1264944,33984,29,31,0
9457,0.808,0.406,0.023,1.236,1.337,16644,23067,0,36,33,33,1264944,33984,29,31,0
9458,0.822,0.454,0.014,1.290,1.397,16644,23067,0,36,33,33,1264944,33984,29,31,0
9459,0.877,0.393,0.032,1.302,1.470,16644,23067,0,36,33,33,1264944,33984,29,31,0
9460,0.810,10.059,0.019,10.889,1.467,16644,23067,0,36,33,33,1264944,33984,29,31,0
9461,0.796,7.609,0.016,8.421,11.083,16644,23067,0,36,33,33,1264944,33984,29,31,0
9462,0.797,6.999,0.024,7.819,8.610,16644,23067,0,36,33,33,1264944,33984,29,31,0
9463,0.808,0.351,0.026,1.185,8.005,16644,23067,0,36,33,33,1264944,33984,29,31,0
9464,0.793,0.350,0.013,1.156,1.351,16644,23067,0,36,33,33,1264944,33984,29,31,0
9465,0.781,0.359,0.010,1.150,1.330,16644,23067,0,36,33,33,1264944,33984,29,31,0
9466,0.826,0.404,0.013,1.243,1.330,16644,23067,0,36,33,33,1264944,33984,29,31,0
9467,0.789,10.520,0.016,11.324,1.405,16644,23067,0,36,33,33,1264944,33984,29,31,0
9468,0.801,7.516,0.011,8.328,11.518,16644,23067,0,36,33,33,1264944,33984,29,31,0
9469,0.926,7.121,0.016,8.063,8.552,16644,23067,0,36,33,33,1264944,33984,29,31,0
9470,0.922,0.639,0.022,1.582,8.272,16644,23067,0,36,33,33,1264944,33984,29,31,0
9471,0.877,0.364,0.036,1.277,1.789,16644,23067,0,36,33,33,1264944,33984,29,31,0
9472,0.830,0.431,0.012,1.273,1.455,16644,23067,0,36,33,33,1264944,33984,29,31,0
9473,0.826,0.380,0.013,1.219,1.445,16644,23067,0,36,33,33,1264944,33984,29,31,0
9474,0.799,0.935,0.014,1.747,1.394,16644,23067,0,36,33,33,1264944,33984,29,31,0
9475,0.785,3.714,0.039,4.537,1.918,16644,23067,0,36,33,33,1264944,33984,29,31,0
9476,0.828,11.270,0.020,12.118,4.712,16644,23067,0,36,33,33,1264944,33984,29,31,0
9477,0.811,6.978,0.018,7.807,12.299,16644,23067,0,36,33,33,1264944,33984,29,31,0
9478,0.940,0.405,0.018,1.364,8.015,16644,23067,0,36,33,33,1264944,33984,29,31,0
9479,0.799,0.325,0.009,1.134,1.574,16644,23067,0,36,33,33,1264944,33984,29,31,0
9480,0.784,0.353,0.010,1.148,1.328,16644,23067,0,36,33,33,1264944,33984,29,31,0
9481,0.802,0.420,0.012,1.235,1.315,16644,23067,0,36,33,33,1264944,33984,29,31,0
9482,0.818,10.203,0.012,11.033,1.401,16644,23067,0,36,33,33,1264944,33984,29,31,0
9483,0.780,7.443,0.023,8.246,11.209,16644,23067,0,36,33,33,1264944,33984,29,31,0
9484,0.798,7.044,0.015,7.857,8.435,16644,23067,0,36,33,33,1264944,33984,29,31,0
9485,0.908,0.424,0.014,1.346,8.068,16644,23067,0,36,33,33,1264944,33984,29,31,0
9486,0.935,0.410,0.017,1.362,1.543,16644,23067,0,36,33,33,1264944,33984,29,31,0
9487,0.810,0.386,0.013,1.209,1.559,16644,23067,0,36,33,33,1264944,33984,29,31,0
9488,0.805,0.349,0.013,1.167,1.387,16644,23067,0,36,33,33,1264944,33984,29,31,0
9489,0.789,10.041,0.014,10.844,1.342,16644,23067,0,36,33,33,1264944,33984,29,31,0
9490,0.825,7.869,0.011,8.706,11.033,16644,23067,0,36,33,33,1264944,33984,29,31,0
9491,0.943,6.547,0.019,7.509,8.909,16644,23067,0,36,33,33,1264944,33984,29,31,0
9492,0.944,0.422,0.023,1.390,7.720,16644,23067,0,36,33,33,1264944,33984,29,31,0
9493,0.926,0.439,0.011,1.376,1.584,16644,23067,0,36,33,33,1264944,33984,29,31,0
9494,0.926,0.399,0.016,1.340,1.578,16644,23067,0,36,33,33,1264944,33984,29,31,0
9495,0.844,0.493,0.015,1.352,1.498,16644,23067,0,36,33,33,1264944,33984,29,31,0
9496,0.828,0.982,0.014,1.823,1.525,16644,23067,0,36,33,33,1264944,33984,29,31,0
9497,0.790,3.933,0.016,4.739,2.008,16644,23067,0,36,33,33,1264944,33984,29,31,0
9498,0.838,11.048,0.014,11.900,4.911,16644,23067,0,36,33,33,1264944,33984,29,31,0
9499,0.835,7.001,0.020,7.855,12.088,16644,23067,0,36,33,33,1264944,33984,29,31,0
9500,0.936,0.423,0.013,1.372,8.077,16644,23067,0,36,33,33,1264944,33984,29,31,0
9501,0.827,0.359,0.022,1.208,1.577,16644,23067,0,36,33,33,1264944,33984,29,31,0
9502,0.796,0.368,0.013,1.176,1.371,16644,23067,0,36,33,33,1264944,33984,29,31,0
9503,0.797,0.364,0.019,1.181,1.362,16644,23067,0,36,33,33,1264944,33984,29,31,0
9504,0.808,4.000,0.011,4.819,1.350,16644,23067,0,36,33,33,1264944,33984,29,31,0
9505,0.807,13.543,0.015,14.365,5.012,16644,23067,0,36,33,33,1264944,33984,29,31,0
9506,0.804,7.033,0.011,7.848,14.558,16644,23067,0,36,33,33,1264944,33984,29,31,0
9507,0.929,0.407,0.011,1.346,8.061,16644,23067,0,36,33,33,1264944,33984,29,31,0
9508,0.794,0.324,0.012,1.131,1.521,16644,23067,0,36,33,33,1264944,33984,29,31,0
9509,0.781,0.390,0.012,1.184,1.309,16644,23067,0,36,33,33,1264944,33984,29,31,0
9510,0.862,0.396,0.016,1.274,1.372,16644,23067,0,36,33,33,1264944,33984,29,31,0
9511,0.816,10.189,0.013,11.019,1.437,16644,23067,0,36,33,33,1264944,33984,29,31,0
9512,0.827,7.786,0.014,8.627,11.209,16644,23067,0,36,33,33,1264944,33984,29,31,0
9513,0.803,6.634,0.020,7.457,8.802,16644,23067,0,36,33,33,1264944,33984,29,31,0
9514,0.917,0.404,0.009,1.330,7.675,16644,23067,0,36,33,33,1264944,33984,29,31,0
9515,0.913,0.347,0.012,1.273,1.522,16644,23067,0,36,33,33,1264944,33984,29,31,0
9516,0.803,0.345,0.011,1.159,1.445,16644,23067,0,36,33,33,1264944,33984,29,31,0
9517,0.803,0.352,0.017,1.172,1.333,16644,23067,0,36,33,33,1264944,33984,29,31,0
9518,0.782,10.130,0.009,10.921,1.337,16644,23067,0,36,33,33,1264944,33984,29,31,0
9519,0.795,8.063,0.016,8.874,11.107,16644,23067,0,36,33,33,1264944,33984,29,31,0
9520,0.913,6.457,0.014,7.384,9.083,16644,23067,0,36,33,33,1264944,33984,29,31,0
9521,0.928,0.424,0.017,1.369,7.595,16644,23067,0,36,33,33,1264944,33984,29,31,0
9522,0.913,0.400,0.029,1.342,1.588,16644,23067,0,36,33,33,1264944,33984,29,31,0
9523,0.932,0.398,0.014,1.343,1.536,16644,23067,0,36,33,33,1264944,33984,29,31,0
9524,0.861,0.400,0.042,1.303,1.532,16644,23067,0,36,33,33,1264944,33984,29,31,0
9525,0.828,0.739,0.012,1.580,1.485,16644,23067,0,36,33,33,1264944,33984,29,31,0
9526,0.815,4.116,0.010,4.941,1.757,16644,23067,0,36,33,33,1264944,33984,29,31,0
9527,0.815,11.321,0.013,12.149,5.128,16644,23067,0,36,33,33,1264944,33984,29,31,0
9528,0.842,6.772,0.016,7.631,12.341,16644,23067,0,36,33,33,1264944,33984,29,31,0
9529,0.940,0.393,0.013,1.347,7.846,16644,23067,0,36,33,33,1264944,33984,29,31,0
9530,0.799,0.365,0.008,1.172,1.519,16644,23067,0,36,33,33,1264944,33984,29,31,0
9531,0.800,0.359,0.014,1.173,1.353,16644,23067,0,36,33,33,1264944,33984,29,31,0
9532,0.822,0.408,0.013,1.243,1.350,16644,23067,0,36,33,33,1264944,33984,29,31,0
9533,0.818,10.372,0.015,11.204,1.419,16644,23067,0,36,33,33,1264944,33984,29,31,0
9534,0.837,7.833,0.019,8.689,11.396,16644,23067,0,36,33,33,1264944,33984,29,31,0
9535,0.827,6.537,0.015,7.380,8.880,16644,23067,0,36,33,33,1264944,33984,29,31,0
9536,0.965,0.460,0.015,1.440,7.599,16644,23067,0,36,33,33,1264944,33984,29,31,0
9537,0.891,0.372,0.017,1.280,1.639,16644,23067,0,36,33,33,1264944,33984,29,31,0
9538,0.840,0.436,0.022,1.298,1.467,16644,23067,0,36,33,33,1264944,33984,29,31,0
9539,0.835,0.438,0.011,1.285,1.473,16644,23067,0,36,33,33,1264944,33984,29,31,0
9540,0.836,1.139,0.012,1.988,1.455,16644,23067,0,36,33,33,1264944,33984,29,31,0
9541,0.830,4.452,0.013,5.294,2.184,16644,23067,0,36,33,33,1264944,33984,29,31,0
9542,0.820,10.747,0.016,11.583,5.486,16644,23067,0,36,33,33,1264944,33984,29,31,0
9543,0.843,6.728,0.017,7.588,11.762,16644,23067,0,36,33,33,1264944,33984,29,31,0
9544,0.941,0.437,0.015,1.394,7.803,16644,23067,0,36,33,33,1264944,33984,29,31,0
9545,0.810,0.351,0.013,1.174,1.616,16644,23067,0,36,33,33,1264944,33984,29,31,0
9546,0.812,0.410,0.011,1.233,1.349,16644,23067,0,36,33,33,1264944,33984,29,31,0
9547,0.850,0.514,0.019,1.383,1.497,16644,23067,0,36,33,33,1264944,33984,29,31,0
9548,0.829,9.892,0.023,10.744,1.558,16644,23067,0,36,33,33,1264944,33984,29,31,0
9549,0.827,7.710,0.015,8.553,10.935,16644,23067,0,36,33,33,1264944,33984,29,31,0
9550,0.844,6.526,0.014,7.384,8.732,16644,23067,0,36,33,33,1264944,33984,29,31,0
9551,0.788,0.373,0.011,1.171,7.580,16644,23067,0,36,33,33,1264944,33984,29,31,0
9552,0.952,0.414,0.016,1.382,1.358,16644,23067,0,36,33,33,1264944,33984,29,31,0
9553,0.854,0.392,0.009,1.256,1.595,16644,23067,0,36,33,33,1264944,33984,29,31,0
9554,0.812,0.376,0.021,1.209,1.430,16644,23067,0,36,33,33,1264944,33984,29,31,0
9555,0.817,10.063,0.011,10.891,1.388,16644,23067,0,36,33,33,1264944,33984,29,31,0
9556,0.816,7.971,0.019,8.807,11.094,16644,23067,0,36,33,33,1264944,33984,29,31,0
9557,0.982,6.358,0.011,7.351,9.017,16644,23067,0,36,33,33,1264944,33984,29,31,0
9558,0.931,0.426,0.017,1.375,7.568,16644,23067,0,36,33,33,1264944,33984,29,31,0
9559,0.932,0.396,0.015,1.344,1.569,16644,23067,0,36,33,33,1264944,33984,29,31,0
9560,0.814,0.387,0.033,1.234,1.520,16644,23067,0,36,33,33,1264944,33984,29,31,0
9561,0.821,0.420,0.025,1.266,1.406,16644,23067,0,36,33,33,1264944,33984,29,31,0
9562,0.807,3.951,0.015,4.772,1.448,16644,23067,0,36,33,33,1264944,33984,29,31,0
9563,0.812,13.423,0.014,14.248,4.959,16644,23067,0,36,33,33,1264944,33984,29,31,0
9564,0.958,6.793,0.015,7.766,14.480,16644,23067,0,36,33,33,1264944,33984,29,31,0
9565,1.066,0.444,0.014,1.524,7.998,16644,23067,0,36,33,33,1264944,33984,29,31,0
9566,0.964,0.449,0.009,1.422,1.732,16644,23067,0,36,33,33,1264944,33984,29,31,0
9567,0.975,0.407,0.010,1.392,1.615,16644,23067,0,36,33,33,1264944,33984,29,31,0
9568,0.815,0.364,0.010,1.190,1.560,16644,23067,0,36,33,33,1264944,33984,29,31,0
9569,0.853,0.675,0.011,1.539,1.365,16644,23067,0,36,33,33,1264944,33984,29,31,0
9570,0.804,4.237,0.026,5.067,1.718,16644,23067,0,36,33,33,1264944,33984,29,31,0
9571,0.819,11.025,0.017,11.861,5.256,16644,23067,0,36,33,33,1264944,33984,29,31,0
9572,0.965,6.738,0.026,7.729,12.076,16644,23067,0,36,33,33,1264944,33984,29,31,0
9573,0.937,0.450,0.018,1.405,7.932,16644,23067,0,36,33,33,1264944,33984,29,31,0
9574,1.000,0.488,0.016,1.504,1.612,16644,23067,0,36,33,33,1264944,33984,29,31,0
9575,0.969,0.395,0.018,1.382,1.741,16644,23067,0,36,33,33,1264944,33984,29,31,0
9576,0.857,0.425,0.015,1.296,1.555,16644,23067,0,36,33,33,1264944,33984,29,31,0
9577,0.846,0.508,0.018,1.372,1.487,16644,23067,0,36,33,33,1264944,33984,29,31,0
9578,0.817,3.566,0.010,4.393,1.548,16644,23067,0,36,33,33,1264944,33984,29,31,0
9579,0.811,11.661,0.014,12.486,4.573,16644,23067,0,36,33,33,1264944,33984,29,31,0
9580,0.817,6.946,0.011,7.774,12.663,16644,23067,0,36,33,33,1264944,33984,29,31,0
9581,0.801,0.334,0.013,1.147,7.955,16644,23067,0,36,33,33,1264944,33984,29,31,0
9582,0.816,0.365,0.012,1.193,1.326,16644,23067,0,36,33,33,1264944,33984,29,31,0
9583,0.809,0.419,0.019,1.247,1.375,16644,23067,0,36,33,33,1264944,33984,29,31,0
9584,0.826,0.397,0.012,1.235,1.415,16644,23067,0,36,33,33,1264944,33984,29,31,0
9585,0.829,0.385,0.010,1.223,1.406,16644,23067,0,36,33,33,1264944,33984,29,31,0
9586,0.790,0.345,0.011,1.146,1.410,16644,23067,0,36,33,33,1264944,33984,29,31,0
9587,0.822,3.367,0.010,4.199,1.320,16644,23067,0,36,33,33,1264944,33984,29,31,0
9588,0.841,11.420,0.015,12.276,4.396,16644,23067,0,36,33,33,1264944,33984,29,31,0
9589,0.815,7.248,0.009,8.072,12.465,16644,23067,0,36,33,33,1264944,33984,29,31,0
9590,0.786,0.573,0.013,1.372,8.259,16644,23067,0,36,33,33,1264944,33984,29,31,0
9591,0.827,0.389,0.012,1.227,1.535,16644,23067,0,36,33,33,1264944,33984,29,31,0
9592,0.821,0.421,0.015,1.257,1.406,16644,23067,0,36,33,33,1264944,33984,29,31,0
9593,0.811,0.504,0.015,1.330,1.439,16644,23067,0,36,33,33,1264944,33984,29,31,0
9594,0.823,3.956,0.011,4.790,1.502,16644,23067,0,36,33,33,1264944,33984,29,31,0
9595,0.819,13.509,0.014,14.343,4.981,16644,23067,0,36,33,33,1264944,33984,29,31,0
9596,0.845,6.932,0.010,7.786,14.522,16644,23067,0,36,33,33,1264944,33984,29,31,0
9597,0.811,0.356,0.012,1.180,7.958,16644,23067,0,36,33,33,1264944,33984,29,31,0
9598,0.807,0.348,0.010,1.165,1.356,16644,23067,0,36,33,33,1264944,33984,29,31,0
9599,0.810,0.350,0.013,1.173,1.362,16644,23067,0,36,33,33,1264944,33984,29,31,0
9600,0.864,0.405,0.011,1.280,1.372,16644,23067,0,36,33,33,1264944,33984,29,31,0
9601,0.841,10.423,0.014,11.278,1.459,16644,23067,0,36,33,33,1264944,33984,29,31,0
9602,0.846,6.771,0.008,7.625,11.476,16644,23067,0,36,33,33,1264944,33984,29,31,0
9603,0.502,8.042,0.020,8.564,7.718,16644,23067,0,36,33,33,1264944,33984,29,31,0
9604,0.818,9.458,0.013,10.289,8.736,16644,23067,0,36,33,33,1264944,33984,29,31,0
9605,0.737,7.484,0.016,8.236,10.433,16644,23067,0,36,33,33,1264944,33984,29,31,0
9606,0.749,6.658,0.015,7.422,8.399,16644,23067,0,36,33,33,1264944,33984,29,31,0
9607,0.929,5.408,0.016,6.353,7.627,16644,23067,0,36,33,33,1264944,33984,29,31,0
9608,0.958,0.468,0.019,1.445,6.562,16644,23067,0,36,33,33,1264944,33984,29,31,0
9609,0.970,1.337,0.016,2.324,1.654,16644,23067,0,36,33,33,1264944,33984,29,31,0
9610,0.961,0.414,0.013,1.388,2.532,16644,23067,0,36,33,33,1264944,33984,29,31,0
9611,0.941,1.604,0.019,2.564,1.600,16644,23067,0,36,33,33,1264944,33984,29,31,0
9612,0.746,4.390,0.014,5.151,2.732,16644,23067,0,36,33,33,1264944,33984,29,31,0
9613,0.947,10.368,0.012,11.327,5.353,16644,23067,0,36,33,33,1264944,33984,29,31,0
9614,0.929,6.850,0.014,7.794,11.554,16644,23067,0,36,33,33,1264944,33984,29,31,0
9615,0.932,0.451,0.011,1.393,7.999,16644,23067,0,36,33,33,1264944,33984,29,31,0
9616,0.994,1.489,0.020,2.503,1.601,16644,23067,0,36,33,33,1264944,33984,29,31,0
9617,0.994,0.418,0.017,1.430,2.727,16644,23067,0,36,33,33,1264944,33984,29,31,0
9618,0.960,1.480,0.015,2.456,1.643,16644,23067,0,36,33,33,1264944,33984,29,31,0
9619,0.780,4.635,0.022,5.437,2.617,16644,23067,0,36,33,33,1264944,33984,29,31,0
9620,1.014,10.030,0.012,11.056,5.656,16644,23067,0,36,33,33,1264944,33984,29,31,0
9621,0.947,6.699,0.016,7.663,11.280,16644,23067,0,36,33,33,1264944,33984,29,31,0
9622,0.947,0.524,0.021,1.492,7.894,16644,23067,0,36,33,33,1264944,33984,29,31,0
9623,1.085,1.164,0.019,2.268,1.710,16644,23067,0,36,33,33,1264944,33984,29,31,0
9624,1.003,0.414,0.028,1.444,2.490,16644,23067,0,36,33,33,1264944,33984,29,31,0
9625,0.948,1.508,0.023,2.480,1.659,16644,23067,0,36,33,33,1264944,33984,29,31,0
9626,0.786,3.828,0.020,4.634,2.675,16644,23067,0,36,33,33,1264944,33984,29,31,0
9627,1.060,11.552,0.020,12.633,4.880,16644,23067,0,36,33,33,1264944,33984,29,31,0
9628,1.171,5.948,0.024,7.143,12.902,16644,23067,0,36,33,33,1264944,33984,29,31,0
9629,1.196,0.636,0.023,1.855,7.408,16644,23067,0,36,33,33,1264944,33984,29,31,0
9630,1.019,0.477,0.019,1.515,2.082,16644,23067,0,36,33,33,1264944,33984,29,31,0
9631,0.953,0.466,0.021,1.439,1.722,16644,23067,0,36,33,33,1264944,33984,29,31,0
9632,1.097,2.077,0.035,3.209,1.628,16644,23067,0,36,33,33,1264944,33984,29,31,0
9633,1.388,6.103,0.016,7.507,3.496,16644,23067,0,36,33,33,1264944,33984,29,31,0
9634,1.051,9.431,0.031,10.513,7.758,16644,23067,0,36,33,33,1264944,33984,29,31,0
9635,1.000,4.721,0.018,5.739,10.729,16644,23067,0,36,33,33,1264944,33984,29,31,0
9636,0.977,0.472,0.011,1.460,5.968,16644,23067,0,36,33,33,1264944,33984,29,31,0
9637,0.951,0.518,0.024,1.493,1.668,16644,23067,0,36,33,33,1264944,33984,29,31,0
9638,1.036,0.437,0.015,1.488,1.704,16644,23067,0,36,33,33,1264944,33984,29,31,0
9639,0.949,1.963,0.012,2.924,1.700,16644,23067,0,36,33,33,1264944,33984,29,31,0
9640,0.871,1.665,0.018,2.554,3.130,16644,23067,0,36,33,33,1264944,33984,29,31,0
9641,1.042,12.927,0.016,13.985,2.767,16644,23067,0,36,33,33,1264944,33984,29,31,0
9642,0.924,6.721,0.024,7.669,14.231,16644,23067,0,36,33,33,1264944,33984,29,31,0
9643,0.988,0.508,0.015,1.512,7.900,16644,23067,0,36,33,33,1264944,33984,29,31,0
9644,0.950,0.478,0.015,1.444,1.709,16644,23067,0,36,33,33,1264944,33984,29,31,0
9645,0.958,0.472,0.014,1.445,1.640,16644,23067,0,36,33,33,1264944,33984,29,31,0
9646,0.821,0.373,0.012,1.206,1.648,16644,23067,0,36,33,33,1264944,33984,29,31,0
9647,0.854,5.769,0.029,6.652,1.386,16644,23067,0,36,33,33,1264944,33984,29,31,0
9648,0.941,11.137,0.030,12.108,6.869,16644,23067,0,36,33,33,1264944,33984,29,31,0
9649,1.095,6.462,0.024,7.581,12.346,16644,23067,0,36,33,33,1264944,33984,29,31,0
9650,0.982,0.450,0.017,1.450,7.797,16644,23067,0,36,33,33,1264944,33984,29,31,0
9651,0.909,0.383,0.012,1.304,1.653,16644,23067,0,36,33,33,1264944,33984,29,31,0
9652,0.845,0.471,0.009,1.325,1.467,16644,23067,0,36,33,33,1264944,33984,29,31,0
9653,0.821,0.368,0.020,1.208,1.496,16644,23067,0,36,33,33,1264944,33984,29,31,0
9654,0.895,4.366,0.016,5.277,1.377,16644,23067,0,36,33,33,1264944,33984,29,31,0
9655,0.829,12.696,0.016,13.540,5.476,16644,23067,0,36,33,33,1264944,33984,29,31,0
9656,0.825,6.897,0.013,7.735,13.732,16644,23067,0,36,33,33,1264944,33984,29,31,0
9657,0.933,0.480,0.024,1.436,7.949,16644,23067,0,36,33,33,1264944,33984,29,31,0
9658,0.872,0.441,0.021,1.333,1.655,16644,23067,0,36,33,33,1264944,33984,29,31,0
9659,0.828,0.441,0.023,1.293,1.499,16644,23067,0,36,33,33,1264944,33984,29,31,0
9660,0.846,0.452,0.015,1.313,1.471,16644,23067,0,36,33,33,1264944,33984,29,31,0
9661,0.872,0.951,0.015,1.837,1.503,16644,23067,0,36,33,33,1264944,33984,29,31,0
9662,0.865,2.574,0.018,3.457,2.006,16644,23067,0,36,33,33,1264944,33984,29,31,0
9663,0.880,12.504,0.026,13.410,3.658,16644,23067,0,36,33,33,1264944,33984,29,31,0
9664,0.813,7.007,0.023,7.843,13.611,16644,23067,0,36,33,33,1264944,33984,29,31,0
9665,0.944,0.409,0.015,1.367,8.050,16644,23067,0,36,33,33,1264944,33984,29,31,0
9666,0.919,0.368,0.015,1.302,1.569,16644,23067,0,36,33,33,1264944,33984,29,31,0
9667,0.780,0.404,0.013,1.197,1.472,16644,23067,0,36,33,33,1264944,33984,29,31,0
9668,0.836,0.370,0.015,1.220,1.375,16644,23067,0,36,33,33,1264944,33984,29,31,0
9669,0.802,9.935,0.029,10.766,1.400,16644,23067,0,36,33,33,1264944,33984,29,31,0
9670,0.829,7.624,0.015,8.467,10.969,16644,23067,0,36,33,33,1264944,33984,29,31,0
9671,0.954,6.672,0.015,7.641,8.686,16644,23067,0,36,33,33,1264944,33984,29,31,0
9672,0.921,0.405,0.015,1.342,7.859,16644,23067,0,36,33,33,1264944,33984,29,31,0
9673,0.878,0.335,0.016,1.230,1.529,16644,23067,0,36,33,33,1264944,33984,29,31,0
9674,0.798,0.554,0.015,1.368,1.402,16644,23067,0,36,33,33,1264944,33984,29,31,0
9675,0.838,0.454,0.018,1.309,1.543,16644,23067,0,36,33,33,1264944,33984,29,31,0
9676,0.839,9.770,0.013,10.622,1.482,16644,23067,0,36,33,33,1264944,33984,29,31,0
9677,0.835,7.828,0.010,8.673,10.820,16644,23067,0,36,33,33,1264944,33984,29,31,0
9678,0.873,6.641,0.032,7.546,8.853,16644,23067,0,36,33,33,1264944,33984,29,31,0
9679,0.936,0.388,0.014,1.338,7.753,16644,23067,0,36,33,33,1264944,33984,29,31,0
9680,0.785,0.321,0.008,1.114,1.542,16644,23067,0,36,33,33,1264944,33984,29,31,0
9681,0.796,0.350,0.015,1.162,1.290,16644,23067,0,36,33,33,1264944,33984,29,31,0
9682,0.853,0.451,0.015,1.319,1.326,16644,23067,0,36,33,33,1264944,33984,29,31,0
9683,0.805,3.874,0.035,4.713,1.485,16644,23067,0,36,33,33,1264944,33984,29,31,0
9684,0.935,13.898,0.020,14.853,4.927,16644,23067,0,36,33,33,1264944,33984,29,31,0
9685,0.886,6.574,0.017,7.477,15.051,16644,23067,0,36,33,33,1264944,33984,29,31,0
9686,1.020,0.495,0.022,1.538,7.711,16644,23067,0,36,33,33,1264944,33984,29,31,0
9687,0.953,0.489,0.015,1.457,1.742,16644,23067,0,36,33,33,1264944,33984,29,31,0
9688,0.849,0.504,0.018,1.371,1.648,16644,23067,0,36,33,33,1264944,33984,29,31,0
9689,0.837,0.441,0.028,1.306,1.543,16644,23067,0,36,33,33,1264944,33984,29,31,0
9690,0.824,0.401,0.016,1.241,1.480,16644,23067,0,36,33,33,1264944,33984,29,31,0
9691,0.819,3.349,0.027,4.195,1.413,16644,23067,0,36,33,33,1264944,33984,29,31,0
9692,0.842,12.130,0.023,12.995,4.419,16644,23067,0,36,33,33,1264944,33984,29,31,0
9693,0.901,6.683,0.012,7.596,13.185,16644,23067,0,36,33,33,1264944,33984,29,31,0
9694,0.834,0.408,0.012,1.254,7.781,16644,23067,0,36,33,33,1264944,33984,29,31,0
9695,0.945,0.493,0.012,1.450,1.447,16644,23067,0,36,33,33,1264944,33984,29,31,0
9696,0.825,0.379,0.019,1.223,1.632,16644,23067,0,36,33,33,1264944,33984,29,31,0
9697,0.848,0.384,0.018,1.249,1.394,16644,23067,0,36,33,33,1264944,33984,29,31,0
9698,0.865,1.027,0.013,1.905,1.447,16644,23067,0,36,33,33,1264944,33984,29,31,0
9699,0.798,3.238,0.009,4.046,2.082,16644,23067,0,36,33,33,1264944,33984,29,31,0
9700,0.830,11.994,0.015,12.839,4.242,16644,23067,0,36,33,33,1264944,33984,29,31,0
9701,0.842,7.049,0.010,7.900,13.025,16644,23067,0,36,33,33,1264944,33984,29,31,0
9702,0.813,0.340,0.011,1.164,8.088,16644,23067,0,36,33,33,1264944,33984,29,31,0
9703,0.789,0.365,0.013,1.166,1.330,16644,23067,0,36,33,33,1264944,33984,29,31,0
9704,0.813,0.412,0.009,1.235,1.339,16644,23067,0,36,33,33,1264944,33984,29,31,0
9705,0.820,0.394,0.012,1.226,1.413,16644,23067,0,36,33,33,1264944,33984,29,31,0
9706,0.803,10.227,0.013,11.043,1.404,16644,23067,0,36,33,33,1264944,33984,29,31,0
9707,0.843,8.016,0.017,8.877,11.230,16644,23067,0,36,33,33,1264944,33984,29,31,0
9708,0.841,6.492,0.028,7.361,9.061,16644,23067,0,36,33,33,1264944,33984,29,31,0
9709,0.799,0.358,0.030,1.187,7.544,16644,23067,0,36,33,33,1264944,33984,29,31,0
9710,0.816,0.337,0.014,1.166,1.356,16644,23067,0,36,33,33,1264944,33984,29,31,0
9711,0.798,0.363,0.013,1.173,1.343,16644,23067,0,36,33,33,1264944,33984,29,31,0
9712,0.808,0.575,0.014,1.397,1.344,16644,23067,0,36,33,33,1264944,33984,29,31,0
9713,0.822,4.271,0.024,5.118,1.568,16644,23067,0,36,33,33,1264944,33984,29,31,0
9714,0.831,13.416,0.017,14.265,5.311,16644,23067,0,36,33,33,1264944,33984,29,31,0
9715,0.834,6.833,0.012,7.680,14.438,16644,23067,0,36,33,33,1264944,33984,29,31,0
9716,0.858,0.571,0.014,1.443,7.862,16644,23067,0,36,33,33,1264944,33984,29,31,0
9717,0.922,0.392,0.016,1.330,1.644,16644,23067,0,36,33,33,1264944,33984,29,31,0
9718,0.823,0.401,0.010,1.234,1.507,16644,23067,0,36,33,33,1264944,33984,29,31,0
9719,0.823,0.409,0.018,1.250,1.411,16644,23067,0,36,33,33,1264944,33984,29,31,0
9720,0.816,3.765,0.010,4.591,1.423,16644,23067,0,36,33,33,1264944,33984,29,31,0
9721,0.815,14.987,0.016,15.818,4.774,16644,23067,0,36,33,33,1264944,33984,29,31,0
9722,0.818,5.849,0.015,6.682,16.002,16644,23067,0,36,33,33,1264944,33984,29,31,0
9723,0.805,0.365,0.019,1.189,6.867,16644,23067,0,36,33,33,1264944,33984,29,31,0
9724,0.831,0.401,0.027,1.259,1.368,16644,23067,0,36,33,33,1264944,33984,29,31,0
9725,0.822,1.491,0.017,2.330,1.431,16644,23067,0,36,33,33,1264944,33984,29,31,0
9726,0.869,10.118,0.015,11.002,2.517,16644,23067,0,36,33,33,1264944,33984,29,31,0
9727,0.876,8.108,0.016,9.001,11.174,16644,23067,0,36,33,33,1264944,33984,29,31,0
9728,0.846,6.538,0.025,7.409,9.183,16644,23067,0,36,33,33,1264944,33984,29,31,0
9729,0.947,0.455,0.015,1.417,7.636,16644,23067,0,36,33,33,1264944,33984,29,31,0
9730,0.944,1.514,0.024,2.482,1.638,16644,23067,0,36,33,33,1264944,33984,29,31,0
9731,0.850,0.498,0.021,1.369,2.669,16644,23067,0,36,33,33,1264944,33984,29,31,0
9732,0.839,1.647,0.016,2.502,1.543,16644,23067,0,36,33,33,1264944,33984,29,31,0
9733,0.828,5.257,0.020,6.106,2.698,16644,23067,0,36,33,33,1264944,33984,29,31,0
9734,0.861,9.082,0.018,9.961,6.294,16644,23067,0,36,33,33,1264944,33984,29,31,0
9735,0.935,6.887,0.017,7.839,10.177,16644,23067,0,36,33,33,1264944,33984,29,31,0
9736,0.953,0.468,0.017,1.438,8.068,16644,23067,0,36,33,33,1264944,33984,29,31,0
9737,1.021,1.476,0.012,2.510,1.658,16644,23067,0,36,33,33,1264944,33984,29,31,0
9738,0.968,0.454,0.016,1.439,2.752,16644,23067,0,36,33,33,1264944,33984,29,31,0
9739,0.964,1.319,0.018,2.300,1.646,16644,23067,0,36,33,33,1264944,33984,29,31,0
9740,1.038,4.904,0.012,5.954,2.519,16644,23067,0,36,33,33,1264944,33984,29,31,0
9741,0.987,9.483,0.012,10.482,6.174,16644,23067,0,36,33,33,1264944,33984,29,31,0
9742,0.945,7.213,0.019,8.177,10.720,16644,23067,0,36,33,33,1264944,33984,29,31,0
9743,1.005,0.514,0.016,1.535,8.392,16644,23067,0,36,33,33,1264944,33984,29,31,0
9744,0.971,1.333,0.013,2.316,1.759,16644,23067,0,36,33,33,1264944,33984,29,31,0
9745,0.978,0.439,0.021,1.437,2.526,16644,23067,0,36,33,33,1264944,33984,29,31,0
9746,0.960,0.449,0.015,1.424,1.638,16644,23067,0,36,33,33,1264944,33984,29,31,0
9747,1.016,3.662,0.022,4.699,1.621,16644,23067,0,36,33,33,1264944,33984,29,31,0
9748,1.022,11.421,0.021,12.464,4.922,16644,23067,0,36,33,33,1264944,33984,29,31,0
9749,0.965,6.994,0.025,7.984,12.679,16644,23067,0,36,33,33,1264944,33984,29,31,0
9750,1.169,0.541,0.041,1.752,8.255,16644,23067,0,36,33,33,1264944,33984,29,31,0
9751,0.986,0.483,0.022,1.491,2.022,16644,23067,0,36,33,33,1264944,33984,29,31,0
9752,0.983,0.484,0.017,1.484,1.699,16644,23067,0,36,33,33,1264944,33984,29,31,0
9753,0.933,0.492,0.033,1.459,1.690,16644,23067,0,36,33,33,1264944,33984,29,31,0
9754,1.057,2.923,0.017,3.998,1.668,16644,23067,0,36,33,33,1264944,33984,29,31,0
9755,1.005,12.255,0.031,13.291,4.221,16644,23067,0,36,33,33,1264944,33984,29,31,0
9756,0.990,7.261,0.018,8.269,13.545,16644,23067,0,36,33,33,1264944,33984,29,31,0
9757,0.968,0.521,0.014,1.503,8.476,16644,23067,0,36,33,33,1264944,33984,29,31,0
9758,0.947,1.462,0.015,2.424,1.733,16644,23067,0,36,33,33,1264944,33984,29,31,0
9759,0.997,0.442,0.023,1.462,2.641,16644,23067,0,36,33,33,1264944,33984,29,31,0
9760,0.952,0.437,0.019,1.409,1.661,16644,23067,0,36,33,33,1264944,33984,29,31,0
9761,0.943,5.797,0.011,6.751,1.606,16644,23067,0,36,33,33,1264944,33984,29,31,0
9762,0.936,9.502,0.018,10.456,6.970,16644,23067,0,36,33,33,1264944,33984,29,31,0
9763,0.951,6.347,0.012,7.310,10.672,16644,23067,0,36,33,33,1264944,33984,29,31,0
9764,0.989,0.459,0.013,1.461,7.520,16644,23067,0,36,33,33,1264944,33984,29,31,0
9765,0.932,0.440,0.015,1.388,1.688,16644,23067,0,36,33,33,1264944,33984,29,31,0
9766,0.988,0.451,0.015,1.454,1.599,16644,23067,0,36,33,33,1264944,33984,29,31,0
9767,0.937,0.464,0.010,1.412,1.646,16644,23067,0,36,33,33,1264944,33984,29,31,0
9768,0.916,5.078,0.016,6.010,1.614,16644,23067,0,36,33,33,1264944,33984,29,31,0
9769,0.852,11.519,0.014,12.386,6.202,16644,23067,0,36,33,33,1264944,33984,29,31,0
9770,0.961,6.716,0.016,7.693,12.626,16644,23067,0,36,33,33,1264944,33984,29,31,0
9771,0.946,0.471,0.026,1.444,7.910,16644,23067,0,36,33,33,1264944,33984,29,31,0
9772,0.941,0.466,0.014,1.421,1.650,16644,23067,0,36,33,33,1264944,33984,29,31,0
9773,0.969,0.416,0.012,1.397,1.625,16644,23067,0,36,33,33,1264944,33984,29,31,0
9774,0.949,0.455,0.016,1.420,1.590,16644,23067,0,36,33,33,1264944,33984,29,31,0
9775,0.842,4.298,0.030,5.170,1.627,16644,23067,0,36,33,33,1264944,33984,29,31,0
9776,0.850,12.465,0.021,13.335,5.379,16644,23067,0,36,33,33,1264944,33984,29,31,0
9777,0.943,6.728,0.017,7.688,13.577,16644,23067,0,36,33,33,1264944,33984,29,31,0
9778,0.945,0.428,0.013,1.386,7.907,16644,23067,0,36,33,33,1264944,33984,29,31,0
9779,0.955,0.451,0.021,1.426,1.603,16644,23067,0,36,33,33,1264944,33984,29,31,0
9780,0.948,0.479,0.017,1.444,1.627,16644,23067,0,36,33,33,1264944,33984,29,31,0
9781,0.804,0.391,0.017,1.212,1.651,16644,23067,0,36,33,33,1264944,33984,29,31,0
9782,0.871,0.855,0.021,1.747,1.382,16644,23067,0,36,33,33,1264944,33984,29,31,0
9783,0.849,2.496,0.022,3.367,1.927,16644,23067,0,36,33,33,1264944,33984,29,31,0
9784,0.935,12.641,0.018,13.595,3.561,16644,23067,0,36,33,33,1264944,33984,29,31,0
9785,1.002,6.636,0.019,7.658,13.819,16644,23067,0,36,33,33,1264944,33984,29,31,0
9786,0.958,0.432,0.015,1.405,7.877,16644,23067,0,36,33,33,1264944,33984,29,31,0
9787,0.938,0.466,0.015,1.419,1.600,16644,23067,0,36,33,33,1264944,33984,29,31,0
9788,0.960,0.394,0.013,1.368,1.611,16644,23067,0,36,33,33,1264944,33984,29,31,0
9789,0.867,0.406,0.014,1.287,1.541,16644,23067,0,36,33,33,1264944,33984,29,31,0
9790,0.846,0.789,0.008,1.644,1.468,16644,23067,0,36,33,33,1264944,33984,29,31,0
9791,0.806,4.541,0.016,5.363,1.820,16644,23067,0,36,33,33,1264944,33984,29,31,0
9792,0.860,10.431,0.033,11.324,5.559,16644,23067,0,36,33,33,1264944,33984,29,31,0
9793,0.806,6.911,0.023,7.740,11.528,16644,23067,0,36,33,33,1264944,33984,29,31,0
9794,0.826,0.401,0.021,1.247,7.946,16644,23067,0,36,33,33,1264944,33984,29,31,0
9795,0.837,0.394,0.014,1.245,1.434,16644,23067,0,36,33,33,1264944,33984,29,31,0
9796,0.817,0.461,0.011,1.289,1.418,16644,23067,0,36,33,33,1264944,33984,29,31,0
9797,0.834,0.387,0.016,1.237,1.464,16644,23067,0,36,33,33,1264944,33984,29,31,0
9798,0.806,10.432,0.014,11.252,1.410,16644,23067,0,36,33,33,1264944,33984,29,31,0
9799,0.861,7.554,0.018,8.433,11.483,16644,23067,0,36,33,33,1264944,33984,29,31,0
9800,0.860,6.645,0.009,7.514,8.614,16644,23067,0,36,33,33,1264944,33984,29,31,0
9801,0.825,0.387,0.017,1.230,7.703,16644,23067,0,36,33,33,1264944,33984,29,31,0
9802,0.814,0.392,0.011,1.216,1.398,16644,23067,0,36,33,33,1264944,33984,29,31,0
9803,0.817,0.455,0.011,1.282,1.405,16644,23067,0,36,33,33,1264944,33984,29,31,0
9804,0.863,0.415,0.015,1.292,1.460,16644,23067,0,36,33,33,1264944,33984,29,31,0
9805,0.813,3.289,0.016,4.117,1.461,16644,23067,0,36,33,33,1264944,33984,29,31,0
9806,0.815,14.544,0.022,15.381,4.314,16644,23067,0,36,33,33,1264944,33984,29,31,0
9807,0.877,6.668,0.020,7.565,15.570,16644,23067,0,36,33,33,1264944,33984,29,31,0
9808,0.950,0.455,0.013,1.418,7.800,16644,23067,0,36,33,33,1264944,33984,29,31,0
9809,0.955,0.388,0.016,1.359,1.626,16644,23067,0,36,33,33,1264944,33984,29,31,0
9810,0.802,0.382,0.013,1.197,1.530,16644,23067,0,36,33,33,1264944,33984,29,31,0
9811,0.812,0.964,0.015,1.792,1.369,16644,23067,0,36,33,33,1264944,33984,29,31,0
9812,0.829,0.657,0.032,1.518,1.994,16644,23067,0,36,33,33,1264944,33984,29,31,0
9813,0.805,5.167,0.020,5.992,1.685,16644,23067,0,36,33,33,1264944,33984,29,31,0
9814,0.809,10.112,0.019,10.940,6.178,16644,23067,0,36,33,33,1264944,33984,29,31,0
9815,0.962,6.643,0.016,7.621,11.171,16644,23067,0,36,33,33,1264944,33984,29,31,0
9816,0.966,0.449,0.017,1.431,7.842,16644,23067,0,36,33,33,1264944,33984,29,31,0
9817,0.937,0.381,0.035,1.353,1.649,16644,23067,0,36,33,33,1264944,33984,29,31,0
9818,0.872,0.409,0.022,1.303,1.546,16644,23067,0,36,33,33,1264944,33984,29,31,0
9819,0.856,0.381,0.026,1.263,1.493,16644,23067,0,36,33,33,1264944,33984,29,31,0
9820,0.835,0.625,0.018,1.478,1.447,16644,23067,0,36,33,33,1264944,33984,29,31,0
9821,0.805,3.785,0.015,4.604,1.652,16644,23067,0,36,33,33,1264944,33984,29,31,0
9822,0.819,11.390,0.018,12.227,4.813,16644,23067,0,36,33,33,1264944,33984,29,31,0
9823,0.809,6.963,0.016,7.788,12.416,16644,23067,0,36,33,33,1264944,33984,29,31,0
9824,0.922,0.389,0.039,1.351,8.004,16644,23067,0,36,33,33,1264944,33984,29,31,0
9825,0.931,0.417,0.014,1.361,1.543,16644,23067,0,36,33,33,1264944,33984,29,31,0
9826,0.826,0.375,0.021,1.222,1.565,16644,23067,0,36,33,33,1264944,33984,29,31,0
9827,0.827,0.451,0.013,1.291,1.401,16644,23067,0,36,33,33,1264944,33984,29,31,0
9828,0.786,10.114,0.016,10.916,1.467,16644,23067,0,36,33,33,1264944,33984,29,31,0
9829,0.874,7.443,0.021,8.339,11.115,16644,23067,0,36,33,33,1264944,33984,29,31,0
9830,0.984,6.899,0.011,7.894,8.563,16644,23067,0,36,33,33,1264944,33984,29,31,0
9831,0.940,0.445,0.015,1.399,8.096,16644,23067,0,36,33,33,1264944,33984,29,31,0
9832,0.945,0.416,0.015,1.376,1.604,16644,23067,0,36,33,33,1264944,33984,29,31,0
9833,0.954,0.438,0.018,1.410,1.591,16644,23067,0,36,33,33,1264944,33984,29,31,0
9834,0.846,0.489,0.015,1.351,1.588,16644,23067,0,36,33,33,1264944,33984,29,31,0
9835,0.842,0.390,0.010,1.242,1.519,16644,23067,0,36,33,33,1264944,33984,29,31,0
9836,0.842,4.290,0.024,5.155,1.410,16644,23067,0,36,33,33,1264944,33984,29,31,0
9837,0.873,11.008,0.033,11.914,5.345,16644,23067,0,36,33,33,1264944,33984,29,31,0
9838,0.867,7.008,0.019,7.893,12.129,16644,23067,0,36,33,33,1264944,33984,29,31,0
9839,0.947,0.451,0.013,1.411,8.130,16644,23067,0,36,33,33,1264944,33984,29,31,0
9840,0.819,0.420,0.022,1.261,1.601,16644,23067,0,36,33,33,1264944,33984,29,31,0
9841,0.793,0.443,0.013,1.250,1.428,16644,23067,0,36,33,33,1264944,33984,29,31,0
9842,0.826,0.578,0.023,1.427,1.415,16644,23067,0,36,33,33,1264944,33984,29,31,0
9843,0.857,0.569,0.015,1.442,1.616,16644,23067,0,36,33,33,1264944,33984,29,31,0
9844,0.842,4.580,0.010,5.433,1.620,16644,23067,0,36,33,33,1264944,33984,29,31,0
9845,0.843,10.779,0.014,11.635,5.616,16644,23067,0,36,33,33,1264944,33984,29,31,0
9846,0.825,6.991,0.017,7.833,11.809,16644,23067,0,36,33,33,1264944,33984,29,31,0
9847,0.990,0.414,0.012,1.416,8.075,16644,23067,0,36,33,33,1264944,33984,29,31,0
9848,0.808,0.375,0.012,1.195,1.589,16644,23067,0,36,33,33,1264944,33984,29,31,0
9849,0.816,0.397,0.016,1.228,1.366,16644,23067,0,36,33,33,1264944,33984,29,31,0
9850,0.814,0.460,0.013,1.287,1.412,16644,23067,0,36,33,33,1264944,33984,29,31,0
9851,0.830,3.979,0.025,4.834,1.459,16644,23067,0,36,33,33,1264944,33984,29,31,0
9852,0.821,13.139,0.011,13.970,5.014,16644,23067,0,36,33,33,1264944,33984,29,31,0
9853,0.801,7.236,0.028,8.065,14.181,16644,23067,0,36,33,33,1264944,33984,29,31,0
9854,0.854,0.507,0.017,1.377,8.247,16644,23067,0,36,33,33,1264944,33984,29,31,0
9855,0.944,0.408,0.012,1.364,1.572,16644,23067,0,36,33,33,1264944,33984,29,31,0
9856,0.834,0.446,0.019,1.299,1.537,16644,23067,0,36,33,33,1264944,33984,29,31,0
9857,0.847,0.444,0.018,1.310,1.466,16644,23067,0,36,33,33,1264944,33984,29,31,0
9858,0.865,0.782,0.013,1.661,1.504,16644,23067,0,36,33,33,1264944,33984,29,31,0
9859,0.802,3.466,0.015,4.283,1.827,16644,23067,0,36,33,33,1264944,33984,29,31,0
9860,0.835,11.636,0.019,12.490,4.498,16644,23067,0,36,33,33,1264944,33984,29,31,0
9861,0.806,6.965,0.013,7.785,12.665,16644,23067,0,36,33,33,1264944,33984,29,31,0
9862,0.835,0.362,0.012,1.210,7.968,16644,23067,0,36,33,33,1264944,33984,29,31,0
9863,0.799,0.368,0.015,1.183,1.382,16644,23067,0,36,33,33,1264944,33984,29,31,0
9864,0.822,0.341,0.015,1.179,1.351,16644,23067,0,36,33,33,1264944,33984,29,31,0
9865,0.826,0.488,0.013,1.328,1.354,16644,23067,0,36,33,33,1264944,33984,29,31,0
9866,0.818,0.405,0.011,1.234,1.496,16644,23067,0,36,33,33,1264944,33984,29,31,0
9867,0.781,0.353,0.015,1.149,1.398,16644,23067,0,36,33,33,1264944,33984,29,31,0
9868,0.762,3.020,0.012,3.794,1.318,16644,23067,0,36,33,33,1264944,33984,29,31,0
9869,0.738,12.217,0.014,12.969,3.963,16644,23067,0,36,33,33,1264944,33984,29,31,0
9870,0.816,7.064,0.014,7.894,13.181,16644,23067,0,36,33,33,1264944,33984,29,31,0
9871,0.799,0.341,0.013,1.153,8.067,16644,23067,0,36,33,33,1264944,33984,29,31,0
9872,0.815,0.394,0.013,1.221,1.319,16644,23067,0,36,33,33,1264944,33984,29,31,0
9873,0.809,0.376,0.016,1.201,1.400,16644,23067,0,36,33,33,1264944,33984,29,31,0
9874,0.812,0.428,0.012,1.252,1.371,16644,23067,0,36,33,33,1264944,33984,29,31,0
9875,0.778,10.188,0.012,10.978,1.425,16644,23067,0,36,33,33,1264944,33984,29,31,0
9876,0.760,7.755,0.022,8.537,11.150,16644,23067,0,36,33,33,1264944,33984,29,31,0
9877,0.849,6.877,0.020,7.746,8.726,16644,23067,0,36,33,33,1264944,33984,29,31,0
9878,0.821,0.342,0.013,1.176,7.924,16644,23067,0,36,33,33,1264944,33984,29,31,0
9879,0.796,0.349,0.011,1.156,1.354,16644,23067,0,36,33,33,1264944,33984,29,31,0
9880,0.815,0.363,0.014,1.193,1.327,16644,23067,0,36,33,33,1264944,33984,29,31,0
9881,0.810,0.469,0.012,1.292,1.369,16644,23067,0,36,33,33,1264944,33984,29,31,0
9882,0.784,0.397,0.016,1.197,1.475,16644,23067,0,36,33,33,1264944,33984,29,31,0
9883,0.724,8.991,0.017,9.732,1.345,16644,23067,0,36,33,33,1264944,33984,29,31,0
9884,0.738,7.548,0.016,8.302,9.893,16644,23067,0,36,33,33,1264944,33984,29,31,0
9885,0.809,7.136,0.012,7.957,8.474,16644,23067,0,36,33,33,1264944,33984,29,31,0
9886,0.819,0.371,0.019,1.209,8.148,16644,23067,0,36,33,33,1264944,33984,29,31,0
9887,0.807,0.350,0.015,1.172,1.389,16644,23067,0,36,33,33,1264944,33984,29,31,0
9888,0.817,0.365,0.012,1.195,1.342,16644,23067,0,36,33,33,1264944,33984,29,31,0
9889,0.795,0.346,0.011,1.152,1.381,16644,23067,0,36,33,33,1264944,33984,29,31,0
9890,0.696,10.469,0.012,11.177,1.299,16644,23067,0,36,33,33,1264944,33984,29,31,0
9891,0.809,7.311,0.024,8.144,11.375,16644,23067,0,36,33,33,1264944,33984,29,31,0
9892,0.799,7.008,0.012,7.819,8.337,16644,23067,0,36,33,33,1264944,33984,29,31,0
9893,0.797,0.326,0.012,1.135,8.014,16644,23067,0,36,33,33,1264944,33984,29,31,0
9894,0.782,0.360,0.013,1.154,1.316,16644,23067,0,36,33,33,1264944,33984,29,31,0
9895,0.770,0.354,0.014,1.138,1.322,16644,23067,0,36,33,33,1264944,33984,29,31,0
9896,0.793,0.753,0.014,1.560,1.314,16644,23067,0,36,33,33,1264944,33984,29,31,0
9897,0.843,0.330,0.017,1.190,1.733,16644,23067,0,36,33,33,1264944,33984,29,31,0
9898,0.793,0.336,0.016,1.145,1.370,16644,23067,0,36,33,33,1264944,33984,29,31,0
9899,0.703,2.528,0.012,3.243,1.290,16644,23067,0,36,33,33,1264944,33984,29,31,0
9900,0.704,12.697,0.014,13.415,3.417,16644,23067,0,36,33,33,1264944,33984,29,31,0
9901,0.782,6.985,0.012,7.779,13.604,16644,23067,0,36,33,33,1264944,33984,29,31,0
9902,0.790,0.322,0.010,1.123,7.955,16644,23067,0,36,33,33,1264944,33984,29,31,0
9903,0.785,0.341,0.014,1.140,1.293,16644,23067,0,36,33,33,1264944,33984,29,31,0
9904,0.786,0.351,0.010,1.148,1.319,16644,23067,0,36,33,33,1264944,33984,29,31,0
9905,0.814,0.421,0.018,1.252,1.333,16644,23067,0,36,33,33,1264944,33984,29,31,0
9906,0.847,0.425,0.015,1.288,1.430,16644,23067,0,36,33,33,1264944,33984,29,31,0
9907,0.752,0.312,0.009,1.073,1.470,16644,23067,0,36,33,33,1264944,33984,29,31,0
9908,0.693,3.077,0.016,3.786,1.227,16644,23067,0,36,33,33,1264944,33984,29,31,0
9909,0.722,12.453,0.012,13.188,3.944,16644,23067,0,36,33,33,1264944,33984,29,31,0
9910,0.812,6.934,0.009,7.755,13.379,16644,23067,0,36,33,33,1264944,33984,29,31,0
9911,0.783,0.324,0.010,1.116,7.945,16644,23067,0,36,33,33,1264944,33984,29,31,0
9912,0.786,0.330,0.011,1.128,1.301,16644,23067,0,36,33,33,1264944,33984,29,31,0
9913,0.776,0.362,0.012,1.150,1.300,16644,23067,0,36,33,33,1264944,33984,29,31,0
9914,0.815,0.777,0.011,1.604,1.310,16644,23067,0,36,33,33,1264944,33984,29,31,0
9915,0.796,0.345,0.012,1.153,1.779,16644,23067,0,36,33,33,1264944,33984,29,31,0
9916,0.792,0.389,0.012,1.193,1.323,16644,23067,0,36,33,33,1264944,33984,29,31,0
9917,0.752,2.615,0.014,3.380,1.356,16644,23067,0,36,33,33,1264944,33984,29,31,0
9918,0.709,12.704,0.013,13.426,3.555,16644,23067,0,36,33,33,1264944,33984,29,31,0
9919,0.812,6.826,0.020,7.658,13.605,16644,23067,0,36,33,33,1264944,33984,29,31,0
9920,0.777,0.328,0.014,1.118,7.853,16644,23067,0,36,33,33,1264944,33984,29,31,0
9921,0.777,0.376,0.015,1.168,1.290,16644,23067,0,36,33,33,1264944,33984,29,31,0
9922,0.778,0.589,0.015,1.383,1.339,16644,23067,0,36,33,33,1264944,33984,29,31,0
9923,0.823,0.362,0.016,1.201,1.568,16644,23067,0,36,33,33,1264944,33984,29,31,0
9924,0.736,3.224,0.008,3.968,1.363,16644,23067,0,36,33,33,1264944,33984,29,31,0
9925,0.700,14.696,0.010,15.406,4.133,16644,23067,0,36,33,33,1264944,33984,29,31,0
9926,0.772,7.100,0.010,7.882,15.597,16644,23067,0,36,33,33,1264944,33984,29,31,0
9927,0.802,0.358,0.022,1.182,8.075,16644,23067,0,36,33,33,1264944,33984,29,31,0
9928,0.827,0.398,0.023,1.248,1.352,16644,23067,0,36,33,33,1264944,33984,29,31,0
9929,0.791,0.361,0.014,1.165,1.421,16644,23067,0,36,33,33,1264944,33984,29,31,0
9930,0.794,0.365,0.021,1.180,1.334,16644,23067,0,36,33,33,1264944,33984,29,31,0
9931,0.821,0.393,0.014,1.228,1.357,16644,23067,0,36,33,33,1264944,33984,29,31,0
9932,0.759,0.304,0.008,1.071,1.412,16644,23067,0,36,33,33,1264944,33984,29,31,0
9933,0.677,3.066,0.009,3.753,1.226,16644,23067,0,36,33,33,1264944,33984,29,31,0
9934,0.742,12.287,0.010,13.039,3.923,16644,23067,0,36,33,33,1264944,33984,29,31,0
9935,0.826,7.388,0.013,8.227,13.242,16644,23067,0,36,33,33,1264944,33984,29,31,0
9936,0.807,0.606,0.014,1.426,8.412,16644,23067,0,36,33,33,1264944,33984,29,31,0
9937,0.813,0.351,0.015,1.178,1.598,16644,23067,0,36,33,33,1264944,33984,29,31,0
9938,0.810,0.411,0.012,1.233,1.352,16644,23067,0,36,33,33,1264944,33984,29,31,0
9939,0.857,0.440,0.013,1.311,1.398,16644,23067,0,36,33,33,1264944,33984,29,31,0
9940,0.821,1.218,0.017,2.056,1.474,16644,23067,0,36,33,33,1264944,33984,29,31,0
9941,0.699,3.291,0.013,4.002,2.224,16644,23067,0,36,33,33,1264944,33984,29,31,0
9942,0.818,11.779,0.014,12.610,4.189,16644,23067,0,36,33,33,1264944,33984,29,31,0
9943,0.803,7.036,0.009,7.849,12.810,16644,23067,0,36,33,33,1264944,33984,29,31,0
9944,0.802,0.360,0.016,1.178,8.030,16644,23067,0,36,33,33,1264944,33984,29,31,0
9945,0.801,0.341,0.012,1.155,1.340,16644,23067,0,36,33,33,1264944,33984,29,31,0
9946,0.783,0.370,0.010,1.163,1.332,16644,23067,0,36,33,33,1264944,33984,29,31,0
9947,0.816,0.415,0.014,1.245,1.329,16644,23067,0,36,33,33,1264944,33984,29,31,0
9948,0.834,10.357,0.019,11.210,1.417,16644,23067,0,36,33,33,1264944,33984,29,31,0
9949,0.805,7.455,0.013,8.273,11.387,16644,23067,0,36,33,33,1264944,33984,29,31,0
9950,0.783,7.278,0.016,8.077,8.482,16644,23067,0,36,33,33,1264944,33984,29,31,0
9951,0.796,0.668,0.008,1.473,8.253,16644,23067,0,36,33,33,1264944,33984,29,31,0
9952,0.813,0.386,0.010,1.209,1.646,16644,23067,0,36,33,33,1264944,33984,29,31,0
9953,0.835,0.436,0.017,1.288,1.391,16644,23067,0,36,33,33,1264944,33984,29,31,0
9954,0.868,0.426,0.014,1.308,1.470,16644,23067,0,36,33,33,1264944,33984,29,31,0
9955,0.820,0.925,0.016,1.761,1.495,16644,23067,0,36,33,33,1264944,33984,29,31,0
9956,0.784,3.318,0.012,4.115,1.932,16644,23067,0,36,33,33,1264944,33984,29,31,0
9957,0.838,11.798,0.019,12.654,4.300,16644,23067,0,36,33,33,1264944,33984,29,31,0
9958,0.797,7.056,0.013,7.866,12.853,16644,23067,0,36,33,33,1264944,33984,29,31,0
9959,0.796,0.346,0.013,1.155,8.053,16644,23067,0,36,33,33,1264944,33984,29,31,0
9960,0.839,0.388,0.010,1.237,1.333,16644,23067,0,36,33,33,1264944,33984,29,31,0
9961,0.811,0.447,0.011,1.269,1.406,16644,23067,0,36,33,33,1264944,33984,29,31,0
9962,0.824,0.412,0.014,1.250,1.440,16644,23067,0,36,33,33,1264944,33984,29,31,0
9963,0.793,4.185,0.010,4.988,1.424,16644,23067,0,36,33,33,1264944,33984,29,31,0
9964,0.807,13.530,0.015,14.352,5.180,16644,23067,0,36,33,33,1264944,33984,29,31,0
9965,0.810,6.945,0.019,7.773,14.540,16644,23067,0,36,33,33,1264944,33984,29,31,0
9966,0.916,0.407,0.016,1.339,7.983,16644,23067,0,36,33,33,1264944,33984,29,31,0
9967,0.944,0.339,0.014,1.297,1.533,16644,23067,0,36,33,33,1264944,33984,29,31,0
9968,0.780,0.352,0.016,1.148,1.475,16644,23067,0,36,33,33,1264944,33984,29,31,0
9969,0.800,0.424,0.020,1.245,1.311,16644,23067,0,36,33,33,1264944,33984,29,31,0
9970,0.785,10.001,0.010,10.796,1.412,16644,23067,0,36,33,33,1264944,33984,29,31,0
9971,0.822,7.581,0.015,8.418,10.988,16644,23067,0,36,33,33,1264944,33984,29,31,0
9972,0.929,6.840,0.013,7.781,8.645,16644,23067,0,36,33,33,1264944,33984,29,31,0
9973,0.921,0.438,0.017,1.377,7.984,16644,23067,0,36,33,33,1264944,33984,29,31,0
9974,0.930,0.389,0.012,1.331,1.576,16644,23067,0,36,33,33,1264944,33984,29,31,0
9975,0.929,0.380,0.012,1.321,1.542,16644,23067,0,36,33,33,1264944,33984,29,31,0
9976,0.789,0.363,0.012,1.164,1.491,16644,23067,0,36,33,33,1264944,33984,29,31,0
9977,0.795,3.807,0.012,4.614,1.332,16644,23067,0,36,33,33,1264944,33984,29,31,0
9978,0.803,13.577,0.011,14.391,4.796,16644,23067,0,36,33,33,1264944,33984,29,31,0
9979,0.916,6.881,0.017,7.814,14.595,16644,23067,0,36,33,33,1264944,33984,29,31,0
9980,0.918,0.437,0.009,1.364,8.040,16644,23067,0,36,33,33,1264944,33984,29,31,0
9981,0.935,0.401,0.013,1.350,1.562,16644,23067,0,36,33,33,1264944,33984,29,31,0
9982,0.864,0.345,0.010,1.219,1.551,16644,23067,0,36,33,33,1264944,33984,29,31,0
9983,0.793,0.391,0.022,1.206,1.394,16644,23067,0,36,33,33,1264944,33984,29,31,0
9984,0.868,1.143,0.011,2.023,1.376,16644,23067,0,36,33,33,1264944,33984,29,31,0
9985,0.807,3.063,0.011,3.881,2.203,16644,23067,0,36,33,33,1264944,33984,29,31,0
9986,0.820,12.040,0.013,12.873,4.080,16644,23067,0,36,33,33,1264944,33984,29,31,0
9987,0.860,7.070,0.011,7.941,13.072,16644,23067,0,36,33,33,1264944,33984,29,31,0
9988,0.927,0.456,0.018,1.401,8.150,16644,23067,0,36,33,33,1264944,33984,29,31,0
9989,0.949,0.468,0.015,1.432,1.611,16644,23067,0,36,33,33,1264944,33984,29,31,0
9990,0.818,0.377,0.013,1.208,1.610,16644,23067,0,36,33,33,1264944,33984,29,31,0
9991,0.850,0.390,0.011,1.251,1.377,16644,23067,0,36,33,33,1264944,33984,29,31,0
9992,0.805,0.928,0.010,1.742,1.426,16644,23067,0,36,33,33,1264944,33984,29,31,0
9993,0.789,3.287,0.012,4.089,1.918,16644,23067,0,36,33,33,1264944,33984,29,31,0
9994,0.804,11.910,0.025,12.739,4.281,16644,23067,0,36,33,33,1264944,33984,29,31,0
9995,0.922,6.862,0.016,7.799,12.946,16644,23067,0,36,33,33,1264944,33984,29,31,0
9996,0.918,0.447,0.016,1.381,8.022,16644,23067,0,36,33,33,1264944,33984,29,31,0
9997,0.961,0.399,0.013,1.373,1.580,16644,23067,0,36,33,33,1264944,33984,29,31,0
9998,0.922,0.394,0.012,1.327,1.571,16644,23067,0,36,33,33,1264944,33984,29,31,0
9999,0.845,0.396,0.013,1.254,1.526,16644,23067,0,36,33,33,1264944,33984,29,31,0
10000,0.844,1.445,0.013,2.302,1.432,16644,23067,0,36,33,33,1264944,33984,29,31,0
10001,0.792,3.256,0.016,4.064,2.489,16644,23067,0,36,33,33,1264944,33984,29,31,0
10002,0.817,11.450,0.013,12.280,4.242,16644,23067,0,36,33,33,1264944,33984,29,31,0
10003,0.938,6.890,0.011,7.839,12.510,16644,23067,0,36,33,33,1264944,33984,29,31,0
10004,0.929,0.419,0.011,1.359,8.042,16644,23067,0,36,33,33,1264944,33984,29,31,0
10005,0.871,0.358,0.025,1.255,1.564,16644,23067,0,36,33,33,1264944,33984,29,31,0
10006,0.806,0.388,0.011,1.205,1.428,16644,23067,0,36,33,33,1264944,33984,29,31,0
10007,0.807,0.370,0.011,1.188,1.375,16644,23067,0,36,33,33,1264944,33984,29,31,0
10008,0.802,2.703,0.009,3.514,1.354,16644,23067,0,36,33,33,1264944,33984,29,31,0
10009,0.805,14.862,0.011,15.678,3.698,16644,23067,0,36,33,33,1264944,33984,29,31,0
10010,0.889,6.949,0.022,7.860,15.863,16644,23067,0,36,33,33,1264944,33984,29,31,0
10011,0.944,0.411,0.011,1.366,8.071,16644,23067,0,36,33,33,1264944,33984,29,31,0
10012,0.801,0.333,0.019,1.153,1.548,16644,23067,0,36,33,33,1264944,33984,29,31,0
10013,0.797,0.390,0.025,1.212,1.323,16644,23067,0,36,33,33,1264944,33984,29,31,0
10014,0.840,0.473,0.019,1.332,1.375,16644,23067,0,36,33,33,1264944,33984,29,31,0
10015,0.822,10.066,0.015,10.904,1.507,16644,23067,0,36,33,33,1264944,33984,29,31,0
10016,0.811,7.842,0.015,8.668,11.103,16644,23067,0,36,33,33,1264944,33984,29,31,0
10017,0.836,6.552,0.014,7.403,8.856,16644,23067,0,36,33,33,1264944,33984,29,31,0
10018,0.937,0.448,0.035,1.420,7.620,16644,23067,0,36,33,33,1264944,33984,29,31,0
10019,0.951,0.395,0.012,1.359,1.627,16644,23067,0,36,33,33,1264944,33984,29,31,0
10020,0.783,0.352,0.012,1.148,1.528,16644,23067,0,36,33,33,1264944,33984,29,31,0
10021,0.814,0.382,0.015,1.210,1.326,16644,23067,0,36,33,33,1264944,33984,29,31,0
10022,0.812,9.832,0.020,10.665,1.384,16644,23067,0,36,33,33,1264944,33984,29,31,0
10023,0.797,8.053,0.014,8.865,10.861,16644,23067,0,36,33,33,1264944,33984,29,31,0
10024,0.948,6.324,0.021,7.294,9.078,16644,23067,0,36,33,33,1264944,33984,29,31,0
10025,0.926,0.403,0.012,1.341,7.503,16644,23067,0,36,33,33,1264944,33984,29,31,0
10026,0.915,0.394,0.017,1.325,1.531,16644,23067,0,36,33,33,1264944,33984,29,31,0
10027,0.803,0.345,0.016,1.164,1.496,16644,23067,0,36,33,33,1264944,33984,29,31,0
10028,0.822,0.349,0.011,1.183,1.334,16644,23067,0,36,33,33,1264944,33984,29,31,0
10029,0.814,3.999,0.011,4.824,1.351,16644,23067,0,36,33,33,1264944,33984,29,31,0
10030,0.822,13.620,0.014,14.455,5.007,16644,23067,0,36,33,33,1264944,33984,29,31,0
10031,1.082,6.630,0.014,7.726,14.675,16644,23067,0,36,33,33,1264944,33984,29,31,0
10032,0.914,0.420,0.016,1.350,7.940,16644,23067,0,36,33,33,1264944,33984,29,31,0
10033,1.088,0.423,0.017,1.528,1.555,16644,23067,0,36,33,33,1264944,33984,29,31,0
10034,0.932,0.413,0.010,1.355,1.757,16644,23067,0,36,33,33,1264944,33984,29,31,0
10035,0.813,0.338,0.022,1.173,1.534,16644,23067,0,36,33,33,1264944,33984,29,31,0
10036,0.825,0.829,0.014,1.669,1.344,16644,23067,0,36,33,33,1264944,33984,29,31,0
10037,0.784,3.236,0.013,4.032,1.832,16644,23067,0,36,33,33,1264944,33984,29,31,0
10038,0.966,12.030,0.020,13.015,4.220,16644,23067,0,36,33,33,1264944,33984,29,31,0
10039,0.939,6.767,0.015,7.721,13.218,16644,23067,0,36,33,33,1264944,33984,29,31,0
10040,0.918,0.444,0.015,1.377,7.930,16644,23067,0,36,33,33,1264944,33984,29,31,0
10041,0.975,0.396,0.016,1.387,1.581,16644,23067,0,36,33,33,1264944,33984,29,31,0
10042,0.860,0.394,0.012,1.267,1.593,16644,23067,0,36,33,33,1264944,33984,29,31,0
10043,0.834,0.382,0.015,1.230,1.436,16644,23067,0,36,33,33,1264944,33984,29,31,0
10044,0.805,1.260,0.014,2.078,1.406,16644,23067,0,36,33,33,1264944,33984,29,31,0
10045,0.785,3.895,0.014,4.694,2.270,16644,23067,0,36,33,33,1264944,33984,29,31,0
10046,0.796,11.382,0.012,12.189,4.876,16644,23067,0,36,33,33,1264944,33984,29,31,0
10047,0.784,6.880,0.018,7.682,12.374,16644,23067,0,36,33,33,1264944,33984,29,31,0
10048,0.942,7.605,0.014,8.562,7.891,16644,23067,0,36,33,33,1264944,33984,29,31,0
10049,0.927,6.801,0.018,7.747,8.758,16644,23067,0,36,33,33,1264944,33984,29,31,0
10050,0.982,7.448,0.021,8.451,7.948,16644,23067,0,36,33,33,1264944,33984,29,31,0
10051,0.944,7.586,0.010,8.541,8.651,16644,23067,0,36,33,33,1264944,33984,29,31,0
10052,0.549,7.042,0.017,7.607,8.668,16644,23067,0,36,33,33,1264944,33984,29,31,0
10053,0.989,6.746,0.022,7.757,7.824,16644,23067,0,36,33,33,1264944,33984,29,31,0
10054,1.230,7.178,0.024,8.432,8.026,16644,23067,0,36,33,33,1264944,33984,29,31,0
10055,1.234,6.332,0.016,7.581,8.722,16644,23067,0,36,33,33,1264944,33984,29,31,0
10056,1.194,0.547,0.019,1.760,7.891,16644,23067,0,36,33,33,1264944,33984,29,31,0
10057,0.963,0.454,0.014,1.431,1.999,16644,23067,0,36,33,33,1264944,33984,29,31,0
10058,0.962,0.459,0.015,1.436,1.624,16644,23067,0,36,33,33,1264944,33984,29,31,0
10059,0.925,10.224,0.028,11.177,1.636,16644,23067,0,36,33,33,1264944,33984,29,31,0
10060,1.020,7.803,0.023,8.846,11.403,16644,23067,0,36,33,33,1264944,33984,29,31,0
10061,0.980,6.637,0.025,7.641,9.051,16644,23067,0,36,33,33,1264944,33984,29,31,0
10062,1.163,0.446,0.014,1.623,7.891,16644,23067,0,36,33,33,1264944,33984,29,31,0
10063,0.937,0.525,0.018,1.480,1.824,16644,23067,0,36,33,33,1264944,33984,29,31,0
10064,1.028,0.520,0.030,1.578,1.698,16644,23067,0,36,33,33,1264944,33984,29,31,0
10065,1.035,2.003,0.034,3.072,1.794,16644,23067,0,36,33,33,1264944,33984,29,31,0
10066,1.272,1.214,0.031,2.518,3.353,16644,23067,0,36,33,33,1264944,33984,29,31,0
10067,0.930,12.996,0.023,13.950,2.736,16644,23067,0,36,33,33,1264944,33984,29,31,0
10068,1.048,6.441,0.016,7.506,14.174,16644,23067,0,36,33,33,1264944,33984,29,31,0
10069,0.946,0.499,0.017,1.462,7.734,16644,23067,0,36,33,33,1264944,33984,29,31,0
10070,0.972,0.447,0.016,1.435,1.659,16644,23067,0,36,33,33,1264944,33984,29,31,0
10071,0.940,0.483,0.026,1.449,1.629,16644,23067,0,36,33,33,1264944,33984,29,31,0
10072,0.848,0.394,0.031,1.272,1.638,16644,23067,0,36,33,33,1264944,33984,29,31,0
10073,0.833,0.410,0.014,1.258,1.443,16644,23067,0,36,33,33,1264944,33984,29,31,0
10074,0.911,1.926,0.049,2.886,1.433,16644,23067,0,36,33,33,1264944,33984,29,31,0
10075,0.842,13.240,0.030,14.112,3.071,16644,23067,0,36,33,33,1264944,33984,29,31,0
10076,0.933,6.904,0.022,7.860,14.325,16644,23067,0,36,33,33,1264944,33984,29,31,0
10077,0.933,0.445,0.013,1.391,8.069,16644,23067,0,36,33,33,1264944,33984,29,31,0
10078,0.926,0.471,0.016,1.414,1.583,16644,23067,0,36,33,33,1264944,33984,29,31,0
10079,1.023,0.451,0.017,1.491,1.622,16644,23067,0,36,33,33,1264944,33984,29,31,0
10080,0.902,0.441,0.011,1.354,1.683,16644,23067,0,36,33,33,1264944,33984,29,31,0
10081,0.849,0.436,0.017,1.301,1.524,16644,23067,0,36,33,33,1264944,33984,29,31,0
10082,0.899,1.817,0.012,2.728,1.479,16644,23067,0,36,33,33,1264944,33984,29,31,0
10083,0.833,13.426,0.015,14.274,2.909,16644,23067,0,36,33,33,1264944,33984,29,31,0
10084,0.874,6.988,0.014,7.876,14.455,16644,23067,0,36,33,33,1264944,33984,29,31,0
10085,0.823,0.356,0.014,1.192,8.060,16644,23067,0,36,33,33,1264944,33984,29,31,0
10086,0.815,0.360,0.020,1.195,1.364,16644,23067,0,36,33,33,1264944,33984,29,31,0
10087,0.805,0.350,0.009,1.164,1.369,16644,23067,0,36,33,33,1264944,33984,29,31,0
10088,0.815,0.461,0.019,1.295,1.339,16644,23067,0,36,33,33,1264944,33984,29,31,0
10089,0.858,10.018,0.017,10.893,1.475,16644,23067,0,36,33,33,1264944,33984,29,31,0
10090,0.857,7.679,0.016,8.552,11.098,16644,23067,0,36,33,33,1264944,33984,29,31,0
10091,0.832,6.957,0.024,7.814,8.731,16644,23067,0,36,33,33,1264944,33984,29,31,0
10092,0.829,0.386,0.019,1.234,8.008,16644,23067,0,36,33,33,1264944,33984,29,31,0
10093,0.795,0.388,0.019,1.202,1.409,16644,23067,0,36,33,33,1264944,33984,29,31,0
10094,0.838,0.417,0.016,1.271,1.377,16644,23067,0,36,33,33,1264944,33984,29,31,0
10095,0.842,0.426,0.017,1.285,1.448,16644,23067,0,36,33,33,1264944,33984,29,31,0
10096,0.801,10.625,0.020,11.446,1.458,16644,23067,0,36,33,33,1264944,33984,29,31,0
10097,0.847,7.030,0.012,7.888,11.633,16644,23067,0,36,33,33,1264944,33984,29,31,0
10098,0.819,6.893,0.016,7.728,8.073,16644,23067,0,36,33,33,1264944,33984,29,31,0
10099,0.817,0.376,0.019,1.213,7.931,16644,23067,0,36,33,33,1264944,33984,29,31,0
10100,0.815,0.481,0.018,1.313,1.385,16644,23067,0,36,33,33,1264944,33984,29,31,0
10101,0.865,0.422,0.018,1.305,1.520,16644,23067,0,36,33,33,1264944,33984,29,31,0
10102,0.832,0.404,0.012,1.248,1.508,16644,23067,0,36,33,33,1264944,33984,29,31,0
10103,0.824,6.274,0.019,7.117,1.418,16644,23067,0,36,33,33,1264944,33984,29,31,0
10104,0.870,11.001,0.016,11.887,7.308,16644,23067,0,36,33,33,1264944,33984,29,31,0
10105,0.857,6.970,0.018,7.845,12.084,16644,23067,0,36,33,33,1264944,33984,29,31,0
10106,0.850,0.424,0.019,1.293,8.029,16644,23067,0,36,33,33,1264944,33984,29,31,0
10107,0.828,1.628,0.010,2.467,1.468,16644,23067,0,36,33,33,1264944,33984,29,31,0
10108,0.855,0.380,0.022,1.256,2.667,16644,23067,0,36,33,33,1264944,33984,29,31,0
10109,0.807,1.456,0.023,2.286,1.441,16644,23067,0,36,33,33,1264944,33984,29,31,0
10110,0.850,4.741,0.025,5.616,2.469,16644,23067,0,36,33,33,1264944,33984,29,31,0
10111,0.880,10.564,0.021,11.466,5.792,16644,23067,0,36,33,33,1264944,33984,29,31,0
10112,0.957,6.884,0.021,7.861,11.680,16644,23067,0,36,33,33,1264944,33984,29,31,0
10113,0.961,0.475,0.016,1.451,8.086,16644,23067,0,36,33,33,1264944,33984,29,31,0
10114,0.976,1.989,0.031,2.996,1.692,16644,23067,0,36,33,33,1264944,33984,29,31,0
10115,0.980,0.563,0.020,1.564,3.224,16644,23067,0,36,33,33,1264944,33984,29,31,0
10116,0.967,1.670,0.017,2.654,1.770,16644,23067,0,36,33,33,1264944,33984,29,31,0
10117,1.018,4.996,0.021,6.035,2.879,16644,23067,0,36,33,33,1264944,33984,29,31,0
10118,0.880,8.191,0.012,9.083,6.232,16644,23067,0,36,33,33,1264944,33984,29,31,0
10119,0.958,6.973,0.011,7.942,9.326,16644,23067,0,36,33,33,1264944,33984,29,31,0
10120,0.956,0.452,0.023,1.431,8.173,16644,23067,0,36,33,33,1264944,33984,29,31,0
10121,0.928,1.528,0.023,2.479,1.627,16644,23067,0,36,33,33,1264944,33984,29,31,0
10122,0.978,0.575,0.014,1.566,2.699,16644,23067,0,36,33,33,1264944,33984,29,31,0
10123,0.819,1.558,0.011,2.387,1.736,16644,23067,0,36,33,33,1264944,33984,29,31,0
10124,0.843,3.811,0.017,4.672,2.577,16644,23067,0,36,33,33,1264944,33984,29,31,0
10125,0.868,10.990,0.018,11.876,4.857,16644,23067,0,36,33,33,1264944,33984,29,31,0
10126,0.971,6.752,0.021,7.744,12.093,16644,23067,0,36,33,33,1264944,33984,29,31,0
10127,0.959,0.531,0.010,1.500,7.961,16644,23067,0,36,33,33,1264944,33984,29,31,0
10128,0.927,0.418,0.018,1.363,1.706,16644,23067,0,36,33,33,1264944,33984,29,31,0
10129,1.220,0.390,0.042,1.652,1.551,16644,23067,0,36,33,33,1264944,33984,29,31,0
10130,0.803,0.382,0.014,1.199,1.823,16644,23067,0,36,33,33,1264944,33984,29,31,0
10131,0.869,3.552,0.021,4.443,1.394,16644,23067,0,36,33,33,1264944,33984,29,31,0
10132,0.858,12.930,0.013,13.802,4.636,16644,23067,0,36,33,33,1264944,33984,29,31,0
10133,0.964,6.824,0.024,7.813,14.018,16644,23067,0,36,33,33,1264944,33984,29,31,0
10134,0.933,0.461,0.012,1.407,8.027,16644,23067,0,36,33,33,1264944,33984,29,31,0
10135,0.910,0.431,0.016,1.357,1.609,16644,23067,0,36,33,33,1264944,33984,29,31,0
10136,0.941,0.402,0.020,1.362,1.565,16644,23067,0,36,33,33,1264944,33984,29,31,0
10137,0.828,0.381,0.018,1.226,1.546,16644,23067,0,36,33,33,1264944,33984,29,31,0
10138,1.137,3.546,0.018,4.701,1.395,16644,23067,0,36,33,33,1264944,33984,29,31,0
10139,0.887,12.986,0.030,13.904,4.886,16644,23067,0,36,33,33,1264944,33984,29,31,0
10140,0.928,7.327,0.017,8.272,14.102,16644,23067,0,36,33,33,1264944,33984,29,31,0
10141,0.967,0.399,0.016,1.383,8.482,16644,23067,0,36,33,33,1264944,33984,29,31,0
10142,0.948,0.411,0.016,1.376,1.581,16644,23067,0,36,33,33,1264944,33984,29,31,0
10143,0.872,0.371,0.029,1.271,1.575,16644,23067,0,36,33,33,1264944,33984,29,31,0
10144,0.845,0.354,0.024,1.223,1.458,16644,23067,0,36,33,33,1264944,33984,29,31,0
10145,0.840,0.352,0.018,1.210,1.395,16644,23067,0,36,33,33,1264944,33984,29,31,0
10146,0.821,5.277,0.016,6.114,1.377,16644,23067,0,36,33,33,1264944,33984,29,31,0
10147,0.849,10.261,0.015,11.124,6.308,16644,23067,0,36,33,33,1264944,33984,29,31,0
10148,0.842,6.823,0.014,7.679,11.304,16644,23067,0,36,33,33,1264944,33984,29,31,0
10149,0.935,0.803,0.014,1.752,7.862,16644,23067,0,36,33,33,1264944,33984,29,31,0
10150,0.909,0.461,0.014,1.383,1.983,16644,23067,0,36,33,33,1264944,33984,29,31,0
10151,0.846,0.430,0.014,1.290,1.554,16644,23067,0,36,33,33,1264944,33984,29,31,0
10152,0.790,0.356,0.013,1.159,1.461,16644,23067,0,36,33,33,1264944,33984,29,31,0
10153,0.836,4.787,0.015,5.638,1.334,16644,23067,0,36,33,33,1264944,33984,29,31,0
10154,0.892,11.808,0.021,12.721,5.833,16644,23067,0,36,33,33,1264944,33984,29,31,0
10155,0.833,7.016,0.012,7.861,12.905,16644,23067,0,36,33,33,1264944,33984,29,31,0
10156,0.825,0.380,0.015,1.220,8.039,16644,23067,0,36,33,33,1264944,33984,29,31,0
10157,0.790,0.352,0.015,1.157,1.400,16644,23067,0,36,33,33,1264944,33984,29,31,0
10158,0.836,0.487,0.016,1.339,1.335,16644,23067,0,36,33,33,1264944,33984,29,31,0
10159,0.829,0.417,0.012,1.258,1.516,16644,23067,0,36,33,33,1264944,33984,29,31,0
10160,0.843,0.393,0.013,1.250,1.425,16644,23067,0,36,33,33,1264944,33984,29,31,0
10161,0.832,0.355,0.016,1.204,1.433,16644,23067,0,36,33,33,1264944,33984,29,31,0
10162,0.711,3.442,0.011,4.164,1.357,16644,23067,0,36,33,33,1264944,33984,29,31,0
10163,0.721,11.591,0.026,12.338,4.331,16644,23067,0,36,33,33,1264944,33984,29,31,0
10164,0.821,7.072,0.022,7.915,12.515,16644,23067,0,36,33,33,1264944,33984,29,31,0
10165,0.805,0.385,0.017,1.207,8.102,16644,23067,0,36,33,33,1264944,33984,29,31,0
10166,0.803,0.405,0.011,1.219,1.383,16644,23067,0,36,33,33,1264944,33984,29,31,0
10167,0.804,0.353,0.014,1.170,1.410,16644,23067,0,36,33,33,1264944,33984,29,31,0
10168,1.001,0.706,0.015,1.723,1.481,16644,23067,0,36,33,33,1264944,33984,29,31,0
10169,0.776,3.982,0.021,4.779,1.921,16644,23067,0,36,33,33,1264944,33984,29,31,0
10170,0.852,12.975,0.019,13.846,4.995,16644,23067,0,36,33,33,1264944,33984,29,31,0
10171,0.839,6.924,0.015,7.778,14.030,16644,23067,0,36,33,33,1264944,33984,29,31,0
10172,0.844,0.392,0.019,1.256,7.952,16644,23067,0,36,33,33,1264944,33984,29,31,0
10173,0.831,0.444,0.009,1.284,1.433,16644,23067,0,36,33,33,1264944,33984,29,31,0
10174,0.817,0.406,0.020,1.243,1.449,16644,23067,0,36,33,33,1264944,33984,29,31,0
10175,0.825,0.436,0.021,1.282,1.409,16644,23067,0,36,33,33,1264944,33984,29,31,0
10176,0.800,4.217,0.022,5.039,1.448,16644,23067,0,36,33,33,1264944,33984,29,31,0
10177,0.887,13.517,0.017,14.421,5.237,16644,23067,0,36,33,33,1264944,33984,29,31,0
10178,0.867,6.872,0.014,7.753,14.600,16644,23067,0,36,33,33,1264944,33984,29,31,0
10179,0.953,0.423,0.015,1.391,7.971,16644,23067,0,36,33,33,1264944,33984,29,31,0
10180,0.870,0.342,0.012,1.223,1.618,16644,23067,0,36,33,33,1264944,33984,29,31,0
10181,0.812,0.540,0.017,1.369,1.528,16644,23067,0,36,33,33,1264944,33984,29,31,0
10182,0.823,11.661,0.017,12.500,1.615,16644,23067,0,36,33,33,1264944,33984,29,31,0
10183,0.807,7.263,0.017,8.087,12.807,16644,23067,0,36,33,33,1264944,33984,29,31,0
10184,0.929,6.653,0.017,7.599,8.409,16644,23067,0,36,33,33,1264944,33984,29,31,0
10185,0.922,0.535,0.013,1.469,7.926,16644,23067,0,36,33,33,1264944,33984,29,31,0
10186,0.916,0.473,0.016,1.405,1.794,16644,23067,0,36,33,33,1264944,33984,29,31,0
10187,1.020,0.480,0.014,1.515,1.747,16644,23067,0,36,33,33,1264944,33984,29,31,0
10188,0.813,10.298,0.023,11.134,1.785,16644,23067,0,36,33,33,1264944,33984,29,31,0
10189,0.955,7.436,0.023,8.414,11.473,16644,23067,0,36,33,33,1264944,33984,29,31,0
10190,0.932,6.628,0.020,7.580,8.747,16644,23067,0,36,33,33,1264944,33984,29,31,0
10191,0.962,0.653,0.026,1.641,7.903,16644,23067,0,36,33,33,1264944,33984,29,31,0
10192,0.945,0.518,0.020,1.483,1.972,16644,23067,0,36,33,33,1264944,33984,29,31,0
10193,0.910,0.551,0.010,1.471,1.785,16644,23067,0,36,33,33,1264944,33984,29,31,0
10194,0.800,5.223,0.015,6.037,1.721,16644,23067,0,36,33,33,1264944,33984,29,31,0
10195,0.849,12.310,0.019,13.178,6.344,16644,23067,0,36,33,33,1264944,33984,29,31,0
10196,0.916,6.624,0.015,7.554,13.520,16644,23067,0,36,33,33,1264944,33984,29,31,0
10197,0.934,0.508,0.019,1.461,7.871,16644,23067,0,36,33,33,1264944,33984,29,31,0
10198,0.910,0.518,0.015,1.443,1.757,16644,23067,0,36,33,33,1264944,33984,29,31,0
10199,0.874,0.373,0.021,1.268,1.766,16644,23067,0,36,33,33,1264944,33984,29,31,0
10200,0.792,10.866,0.017,11.675,1.525,16644,23067,0,36,33,33,1264944,33984,29,31,0
10201,0.820,7.291,0.024,8.135,11.983,16644,23067,0,36,33,33,1264944,33984,29,31,0
10202,0.933,6.678,0.016,7.627,8.470,16644,23067,0,36,33,33,1264944,33984,29,31,0
10203,0.925,0.538,0.012,1.475,7.952,16644,23067,0,36,33,33,1264944,33984,29,31,0
10204,0.943,0.481,0.015,1.439,1.812,16644,23067,0,36,33,33,1264944,33984,29,31,0
10205,0.915,0.457,0.014,1.385,1.790,16644,23067,0,36,33,33,1264944,33984,29,31,0
10206,0.781,4.616,0.016,5.413,1.724,16644,23067,0,36,33,33,1264944,33984,29,31,0
10207,0.839,13.000,0.022,13.861,5.762,16644,23067,0,36,33,33,1264944,33984,29,31,0
10208,0.779,6.727,0.013,7.519,14.144,16644,23067,0,36,33,33,1264944,33984,29,31,0
10209,0.739,0.710,0.010,1.459,7.765,16644,23067,0,36,33,33,1264944,33984,29,31,0
10210,0.633,0.558,0.018,1.209,1.671,16644,23067,0,36,33,33,1264944,33984,29,31,0
10211,0.641,0.331,0.012,0.984,1.423,16644,23067,0,36,33,33,1264944,33984,29,31,0
10212,0.682,0.392,0.020,1.094,1.215,16644,23067,0,36,33,33,1264944,33984,29,31,0
10213,0.669,4.458,0.016,5.143,1.313,16644,23067,0,36,33,33,1264944,33984,29,31,0
10214,0.915,12.942,0.008,13.865,5.454,16644,23067,0,36,33,33,1264944,33984,29,31,0
10215,0.547,7.052,0.011,7.610,14.045,16644,23067,0,36,33,33,1264944,33984,29,31,0
10216,0.490,0.821,0.006,1.317,7.800,16644,23067,0,36,33,33,1264944,33984,29,31,0
10217,0.490,0.310,0.018,0.818,1.474,16644,23067,0,36,33,33,1264944,33984,29,31,0
10218,0.511,0.320,0.009,0.839,0.946,16644,23067,0,36,33,33,1264944,33984,29,31,0
10219,0.454,0.805,0.007,1.265,0.998,16644,23067,0,36,33,33,1264944,33984,29,31,0
10220,0.489,1.047,0.005,1.541,1.408,16644,23067,0,36,33,33,1264944,33984,29,31,0
10221,0.464,4.731,0.017,5.211,1.704,16644,23067,0,36,33,33,1264944,33984,29,31,0
10222,1.127,11.584,0.006,12.717,5.592,16644,23067,0,36,33,33,1264944,33984,29,31,0
10223,0.479,7.407,0.007,7.893,12.872,16644,23067,0,36,33,33,1264944,33984,29,31,0
10224,0.486,0.743,0.009,1.237,8.053,16644,23067,0,36,33,33,1264944,33984,29,31,0
10225,0.451,1.867,0.009,2.328,1.381,16644,23067,0,36,33,33,1264944,33984,29,31,0
10226,0.440,1.030,0.008,1.478,2.477,16644,23067,0,36,33,33,1264944,33984,29,31,0
10227,0.445,3.368,0.018,3.832,1.642,16644,23067,0,36,33,33,1264944,33984,29,31,0
10228,0.724,4.564,0.008,5.295,4.100,16644,23067,0,36,33,33,1264944,33984,29,31,0
10229,0.471,11.069,0.034,11.574,5.466,16644,23067,0,36,33,33,1264944,33984,29,31,0
10230,1.843,5.155,0.026,7.024,12.043,16644,23067,0,36,33,33,1264944,33984,29,31,0
10231,1.711,1.079,0.049,2.839,7.684,16644,23067,0,36,33,33,1264944,33984,29,31,0
10232,1.182,0.620,0.021,1.823,3.283,16644,23067,0,36,33,33,1264944,33984,29,31,0
10233,1.121,0.513,0.027,1.661,2.169,16644,23067,0,36,33,33,1264944,33984,29,31,0
10234,1.120,3.090,0.017,4.227,2.027,16644,23067,0,36,33,33,1264944,33984,29,31,0
10235,0.968,10.961,0.029,11.959,4.504,16644,23067,0,36,33,33,1264944,33984,29,31,0
10236,1.021,6.591,0.016,7.628,12.270,16644,23067,0,36,33,33,1264944,33984,29,31,0
10237,0.990,0.452,0.017,1.459,7.915,16644,23067,0,36,33,33,1264944,33984,29,31,0
10238,0.964,1.311,0.017,2.292,1.719,16644,23067,0,36,33,33,1264944,33984,29,31,0
10239,0.961,0.440,0.016,1.417,2.573,16644,23067,0,36,33,33,1264944,33984,29,31,0
10240,0.956,1.401,0.015,2.371,1.685,16644,23067,0,36,33,33,1264944,33984,29,31,0
10241,0.835,4.562,0.018,5.415,2.606,16644,23067,0,36,33,33,1264944,33984,29,31,0
10242,0.926,9.718,0.024,10.668,5.721,16644,23067,0,36,33,33,1264944,33984,29,31,0
10243,0.946,7.196,0.021,8.163,10.959,16644,23067,0,36,33,33,1264944,33984,29,31,0
10244,0.966,0.415,0.015,1.395,8.443,16644,23067,0,36,33,33,1264944,33984,29,31,0
10245,0.938,0.425,0.017,1.381,1.656,16644,23067,0,36,33,33,1264944,33984,29,31,0
10246,0.939,0.425,0.013,1.377,1.637,16644,23067,0,36,33,33,1264944,33984,29,31,0
10247,0.927,0.412,0.019,1.358,1.641,16644,23067,0,36,33,33,1264944,33984,29,31,0
10248,0.956,0.478,0.041,1.476,1.632,16644,23067,0,36,33,33,1264944,33984,29,31,0
10249,1.035,7.200,0.024,8.259,1.742,16644,23067,0,36,33,33,1264944,33984,29,31,0
10250,0.983,7.247,0.017,8.248,8.551,16644,23067,0,36,33,33,1264944,33984,29,31,0
10251,0.931,6.807,0.019,7.758,8.524,16644,23067,0,36,33,33,1264944,33984,29,31,0
10252,0.950,7.890,0.018,8.858,8.058,16644,23067,0,36,33,33,1264944,33984,29,31,0
10253,1.055,6.308,0.019,7.382,9.122,16644,23067,0,36,33,33,1264944,33984,29,31,0
10254,1.195,6.866,0.019,8.079,7.726,16644,23067,0,36,33,33,1264944,33984,29,31,0
10255,0.988,7.352,0.015,8.356,8.400,16644,23067,0,36,33,33,1264944,33984,29,31,0
10256,0.572,8.457,0.056,9.084,8.506,16644,23067,0,36,33,33,1264944,33984,29,31,0
10257,1.334,4.640,0.032,6.005,10.109,16644,23067,0,36,33,33,1264944,33984,29,31,0
10258,1.276,7.414,0.068,8.757,6.389,16644,23067,0,36,33,33,1264944,33984,29,31,0
10259,2.090,4.821,0.032,6.943,9.263,16644,23067,0,36,33,33,1264944,33984,29,31,0
10260,1.225,0.538,0.030,1.793,7.301,16644,23067,0,36,33,33,1264944,33984,29,31,0
10261,1.131,0.568,0.193,1.892,2.112,16644,23067,0,36,33,33,1264944,33984,29,31,0
10262,1.305,0.865,0.024,2.194,2.336,16644,23067,0,36,33,33,1264944,33984,29,31,0
10263,1.059,3.860,0.025,4.944,2.503,16644,23067,0,36,33,33,1264944,33984,29,31,0
10264,1.046,11.267,0.027,12.340,5.264,16644,23067,0,36,33,33,1264944,33984,29,31,0
10265,0.982,6.483,0.019,7.484,12.639,16644,23067,0,36,33,33,1264944,33984,29,31,0
10266,0.960,0.462,0.009,1.431,7.764,16644,23067,0,36,33,33,1264944,33984,29,31,0
10267,0.953,0.469,0.015,1.437,1.692,16644,23067,0,36,33,33,1264944,33984,29,31,0
10268,0.948,0.453,0.030,1.431,1.707,16644,23067,0,36,33,33,1264944,33984,29,31,0
10269,0.993,0.512,0.013,1.518,1.683,16644,23067,0,36,33,33,1264944,33984,29,31,0
10270,0.897,0.475,0.015,1.388,1.814,16644,23067,0,36,33,33,1264944,33984,29,31,0
10271,0.881,4.471,0.014,5.365,1.624,16644,23067,0,36,33,33,1264944,33984,29,31,0
10272,0.849,10.239,0.017,11.105,5.624,16644,23067,0,36,33,33,1264944,33984,29,31,0
10273,0.947,6.673,0.018,7.638,11.393,16644,23067,0,36,33,33,1264944,33984,29,31,0
10274,0.947,0.427,0.012,1.386,7.929,16644,23067,0,36,33,33,1264944,33984,29,31,0
10275,0.858,0.392,0.016,1.266,1.665,16644,23067,0,36,33,33,1264944,33984,29,31,0
10276,0.809,0.435,0.019,1.263,1.491,16644,23067,0,36,33,33,1264944,33984,29,31,0
10277,0.824,0.418,0.019,1.260,1.485,16644,23067,0,36,33,33,1264944,33984,29,31,0
10278,0.828,1.074,0.011,1.914,1.504,16644,23067,0,36,33,33,1264944,33984,29,31,0
10279,0.825,4.594,0.014,5.433,2.159,16644,23067,0,36,33,33,1264944,33984,29,31,0
10280,0.848,10.159,0.012,11.019,5.692,16644,23067,0,36,33,33,1264944,33984,29,31,0
10281,0.812,6.995,0.014,7.821,11.254,16644,23067,0,36,33,33,1264944,33984,29,31,0
10282,0.870,0.407,0.027,1.304,8.096,16644,23067,0,36,33,33,1264944,33984,29,31,0
10283,0.809,0.397,0.009,1.215,1.537,16644,23067,0,36,33,33,1264944,33984,29,31,0
10284,0.791,0.392,0.018,1.202,1.444,16644,23067,0,36,33,33,1264944,33984,29,31,0
10285,0.819,0.438,0.009,1.266,1.430,16644,23067,0,36,33,33,1264944,33984,29,31,0
10286,0.719,4.764,0.027,5.510,1.496,16644,23067,0,36,33,33,1264944,33984,29,31,0
10287,0.772,13.970,0.011,14.754,5.730,16644,23067,0,36,33,33,1264944,33984,29,31,0
10288,0.837,5.473,0.013,6.324,15.026,16644,23067,0,36,33,33,1264944,33984,29,31,0
10289,0.847,0.382,0.033,1.262,6.578,16644,23067,0,36,33,33,1264944,33984,29,31,0
10290,0.820,1.611,0.010,2.440,1.477,16644,23067,0,36,33,33,1264944,33984,29,31,0
10291,0.845,0.378,0.022,1.245,2.694,16644,23067,0,36,33,33,1264944,33984,29,31,0
10292,0.833,1.396,0.011,2.241,1.466,16644,23067,0,36,33,33,1264944,33984,29,31,0
10293,0.801,7.263,0.016,8.081,2.489,16644,23067,0,36,33,33,1264944,33984,29,31,0
10294,0.859,7.933,0.018,8.810,8.336,16644,23067,0,36,33,33,1264944,33984,29,31,0
10295,0.970,6.603,0.019,7.593,9.112,16644,23067,0,36,33,33,1264944,33984,29,31,0
10296,0.830,0.429,0.021,1.280,7.842,16644,23067,0,36,33,33,1264944,33984,29,31,0
10297,0.903,1.554,0.012,2.470,1.536,16644,23067,0,36,33,33,1264944,33984,29,31,0
10298,0.839,0.485,0.018,1.341,2.715,16644,23067,0,36,33,33,1264944,33984,29,31,0
10299,0.840,0.963,0.015,1.818,1.568,16644,23067,0,36,33,33,1264944,33984,29,31,0
10300,0.806,6.550,0.022,7.379,2.064,16644,23067,0,36,33,33,1264944,33984,29,31,0
10301,0.883,8.656,0.015,9.554,7.622,16644,23067,0,36,33,33,1264944,33984,29,31,0
10302,0.838,7.010,0.019,7.867,9.805,16644,23067,0,36,33,33,1264944,33984,29,31,0
10303,0.991,0.518,0.015,1.523,8.139,16644,23067,0,36,33,33,1264944,33984,29,31,0
10304,1.020,1.398,0.016,2.435,1.821,16644,23067,0,36,33,33,1264944,33984,29,31,0
10305,0.897,0.601,0.020,1.518,2.679,16644,23067,0,36,33,33,1264944,33984,29,31,0
10306,0.860,1.660,0.013,2.533,1.763,16644,23067,0,36,33,33,1264944,33984,29,31,0
10307,0.807,5.976,0.016,6.799,2.791,16644,23067,0,36,33,33,1264944,33984,29,31,0
10308,0.884,8.378,0.017,9.279,7.037,16644,23067,0,36,33,33,1264944,33984,29,31,0
10309,0.855,6.533,0.011,7.400,9.518,16644,23067,0,36,33,33,1264944,33984,29,31,0
10310,0.950,0.515,0.013,1.478,7.676,16644,23067,0,36,33,33,1264944,33984,29,31,0
10311,0.870,0.435,0.016,1.321,1.757,16644,23067,0,36,33,33,1264944,33984,29,31,0
10312,0.883,0.482,0.017,1.382,1.564,16644,23067,0,36,33,33,1264944,33984,29,31,0
10313,0.988,0.839,0.023,1.851,1.717,16644,23067,0,36,33,33,1264944,33984,29,31,0
10314,0.920,4.458,0.030,5.408,2.079,16644,23067,0,36,33,33,1264944,33984,29,31,0
10315,0.848,12.941,0.018,13.807,5.666,16644,23067,0,36,33,33,1264944,33984,29,31,0
10316,0.861,5.286,0.020,6.168,14.079,16644,23067,0,36,33,33,1264944,33984,29,31,0
10317,0.965,0.453,0.013,1.431,6.449,16644,23067,0,36,33,33,1264944,33984,29,31,0
10318,0.916,0.458,0.014,1.388,1.706,16644,23067,0,36,33,33,1264944,33984,29,31,0
10319,0.876,0.359,0.042,1.277,1.629,16644,23067,0,36,33,33,1264944,33984,29,31,0
10320,0.816,0.379,0.022,1.217,1.520,16644,23067,0,36,33,33,1264944,33984,29,31,0
10321,0.847,4.922,0.019,5.788,1.458,16644,23067,0,36,33,33,1264944,33984,29,31,0
10322,0.856,11.852,0.024,12.731,6.059,16644,23067,0,36,33,33,1264944,33984,29,31,0
10323,0.830,7.345,0.016,8.190,13.026,16644,23067,0,36,33,33,1264944,33984,29,31,0
10324,1.017,0.561,0.013,1.592,8.470,16644,23067,0,36,33,33,1264944,33984,29,31,0
10325,0.848,1.524,0.017,2.388,1.880,16644,23067,0,36,33,33,1264944,33984,29,31,0
10326,0.854,0.366,0.019,1.239,2.642,16644,23067,0,36,33,33,1264944,33984,29,31,0
10327,0.811,0.476,0.012,1.299,1.463,16644,23067,0,36,33,33,1264944,33984,29,31,0
10328,0.791,4.971,0.020,5.782,1.535,16644,23067,0,36,33,33,1264944,33984,29,31,0
10329,0.853,10.032,0.012,10.896,6.031,16644,23067,0,36,33,33,1264944,33984,29,31,0
10330,0.813,6.923,0.015,7.752,11.138,16644,23067,0,36,33,33,1264944,33984,29,31,0
10331,0.809,0.394,0.028,1.232,7.993,16644,23067,0,36,33,33,1264944,33984,29,31,0
10332,0.786,0.382,0.017,1.185,1.468,16644,23067,0,36,33,33,1264944,33984,29,31,0
10333,0.824,0.375,0.012,1.212,1.401,16644,23067,0,36,33,33,1264944,33984,29,31,0
10334,0.824,0.400,0.013,1.237,1.445,16644,23067,0,36,33,33,1264944,33984,29,31,0
10335,0.832,10.174,0.013,11.018,1.462,16644,23067,0,36,33,33,1264944,33984,29,31,0
10336,0.822,7.605,0.021,8.448,11.242,16644,23067,0,36,33,33,1264944,33984,29,31,0
10337,0.845,6.545,0.012,7.402,8.684,16644,23067,0,36,33,33,1264944,33984,29,31,0
10338,0.825,0.401,0.015,1.240,7.637,16644,23067,0,36,33,33,1264944,33984,29,31,0
10339,0.812,0.393,0.017,1.222,1.483,16644,23067,0,36,33,33,1264944,33984,29,31,0
10340,0.808,0.366,0.014,1.187,1.441,16644,23067,0,36,33,33,1264944,33984,29,31,0
10341,0.854,0.418,0.014,1.286,1.477,16644,23067,0,36,33,33,1264944,33984,29,31,0
10342,0.753,10.384,0.015,11.151,1.517,16644,23067,0,36,33,33,1264944,33984,29,31,0
10343,0.838,7.322,0.015,8.174,11.394,16644,23067,0,36,33,33,1264944,33984,29,31,0
10344,0.862,6.474,0.014,7.349,8.418,16644,23067,0,36,33,33,1264944,33984,29,31,0
10345,0.824,0.388,0.018,1.230,7.586,16644,23067,0,36,33,33,1264944,33984,29,31,0
10346,0.811,0.387,0.014,1.212,1.455,16644,23067,0,36,33,33,1264944,33984,29,31,0
10347,0.817,0.495,0.027,1.339,1.460,16644,23067,0,36,33,33,1264944,33984,29,31,0
10348,0.828,0.446,0.015,1.289,1.578,16644,23067,0,36,33,33,1264944,33984,29,31,0
10349,0.815,4.328,0.019,5.162,1.519,16644,23067,0,36,33,33,1264944,33984,29,31,0
10350,0.738,12.908,0.014,13.659,5.390,16644,23067,0,36,33,33,1264944,33984,29,31,0
10351,0.824,7.019,0.012,7.856,13.904,16644,23067,0,36,33,33,1264944,33984,29,31,0
10352,0.826,0.522,0.011,1.360,8.102,16644,23067,0,36,33,33,1264944,33984,29,31,0
10353,0.834,0.437,0.014,1.285,1.573,16644,23067,0,36,33,33,1264944,33984,29,31,0
10354,0.803,0.387,0.014,1.205,1.523,16644,23067,0,36,33,33,1264944,33984,29,31,0
10355,0.831,0.477,0.016,1.324,1.440,16644,23067,0,36,33,33,1264944,33984,29,31,0
10356,0.839,1.858,0.009,2.706,1.550,16644,23067,0,36,33,33,1264944,33984,29,31,0
10357,0.704,0.347,0.010,1.061,2.916,16644,23067,0,36,33,33,1264944,33984,29,31,0
10358,0.748,13.929,0.014,14.691,1.258,16644,23067,0,36,33,33,1264944,33984,29,31,0
10359,0.780,7.075,0.020,7.875,14.897,16644,23067,0,36,33,33,1264944,33984,29,31,0
10360,0.861,0.406,0.010,1.277,8.129,16644,23067,0,36,33,33,1264944,33984,29,31,0
10361,0.813,0.361,0.015,1.189,1.527,16644,23067,0,36,33,33,1264944,33984,29,31,0
10362,0.809,0.383,0.010,1.203,1.433,16644,23067,0,36,33,33,1264944,33984,29,31,0
10363,0.756,0.474,0.015,1.244,1.402,16644,23067,0,36,33,33,1264944,33984,29,31,0
10364,0.740,10.266,0.014,11.020,1.439,16644,23067,0,36,33,33,1264944,33984,29,31,0
10365,0.717,7.638,0.013,8.369,11.235,16644,23067,0,36,33,33,1264944,33984,29,31,0
10366,0.838,6.854,0.015,7.707,8.611,16644,23067,0,36,33,33,1264944,33984,29,31,0
10367,0.821,0.365,0.022,1.208,7.980,16644,23067,0,36,33,33,1264944,33984,29,31,0
10368,0.786,0.369,0.013,1.167,1.431,16644,23067,0,36,33,33,1264944,33984,29,31,0
10369,0.801,0.386,0.013,1.199,1.401,16644,23067,0,36,33,33,1264944,33984,29,31,0
10370,0.861,0.382,0.010,1.253,1.465,16644,23067,0,36,33,33,1264944,33984,29,31,0
10371,0.736,3.084,0.011,3.831,1.467,16644,23067,0,36,33,33,1264944,33984,29,31,0
10372,0.744,14.390,0.017,15.151,4.062,16644,23067,0,36,33,33,1264944,33984,29,31,0
10373,0.868,6.739,0.015,7.622,15.429,16644,23067,0,36,33,33,1264944,33984,29,31,0
10374,0.840,0.366,0.030,1.236,7.872,16644,23067,0,36,33,33,1264944,33984,29,31,0
10375,0.823,0.424,0.011,1.258,1.470,16644,23067,0,36,33,33,1264944,33984,29,31,0
10376,0.806,0.366,0.014,1.186,1.491,16644,23067,0,36,33,33,1264944,33984,29,31,0
10377,0.829,0.358,0.032,1.219,1.422,16644,23067,0,36,33,33,1264944,33984,29,31,0
10378,0.801,3.951,0.009,4.761,1.453,16644,23067,0,36,33,33,1264944,33984,29,31,0
10379,0.797,14.662,0.015,15.474,5.007,16644,23067,0,36,33,33,1264944,33984,29,31,0
10380,0.802,5.691,0.024,6.517,15.717,16644,23067,0,36,33,33,1264944,33984,29,31,0
10381,0.792,0.365,0.015,1.172,6.761,16644,23067,0,36,33,33,1264944,33984,29,31,0
10382,0.800,1.599,0.013,2.412,1.402,16644,23067,0,36,33,33,1264944,33984,29,31,0
10383,0.880,0.358,0.023,1.261,2.670,16644,23067,0,36,33,33,1264944,33984,29,31,0
10384,0.818,1.565,0.013,2.396,1.501,16644,23067,0,36,33,33,1264944,33984,29,31,0
10385,0.837,4.936,0.016,5.789,2.647,16644,23067,0,36,33,33,1264944,33984,29,31,0
10386,0.854,10.161,0.010,11.026,6.045,16644,23067,0,36,33,33,1264944,33984,29,31,0
10387,0.879,7.027,0.012,7.917,11.273,16644,23067,0,36,33,33,1264944,33984,29,31,0
10388,0.934,0.392,0.018,1.344,8.188,16644,23067,0,36,33,33,1264944,33984,29,31,0
10389,0.793,1.745,0.011,2.549,1.572,16644,23067,0,36,33,33,1264944,33984,29,31,0
10390,0.865,0.558,0.015,1.439,2.784,16644,23067,0,36,33,33,1264944,33984,29,31,0
10391,0.871,2.067,0.023,2.961,1.685,16644,23067,0,36,33,33,1264944,33984,29,31,0
10392,0.889,4.894,0.016,5.799,3.211,16644,23067,0,36,33,33,1264944,33984,29,31,0
10393,0.830,8.455,0.012,9.296,6.035,16644,23067,0,36,33,33,1264944,33984,29,31,0
10394,0.937,6.810,0.012,7.760,9.593,16644,23067,0,36,33,33,1264944,33984,29,31,0
10395,0.958,0.464,0.013,1.435,8.051,16644,23067,0,36,33,33,1264944,33984,29,31,0
10396,0.936,0.516,0.012,1.464,1.699,16644,23067,0,36,33,33,1264944,33984,29,31,0
10397,1.004,0.498,0.020,1.522,1.738,16644,23067,0,36,33,33,1264944,33984,29,31,0
10398,0.832,0.386,0.063,1.282,1.777,16644,23067,0,36,33,33,1264944,33984,29,31,0
10399,1.052,4.855,0.019,5.927,1.556,16644,23067,0,36,33,33,1264944,33984,29,31,0
10400,0.877,12.676,0.020,13.572,6.228,16644,23067,0,36,33,33,1264944,33984,29,31,0
10401,0.958,5.251,0.013,6.222,13.865,16644,23067,0,36,33,33,1264944,33984,29,31,0
10402,0.975,0.473,0.016,1.465,6.508,16644,23067,0,36,33,33,1264944,33984,29,31,0
10403,0.943,0.442,0.015,1.399,1.731,16644,23067,0,36,33,33,1264944,33984,29,31,0
10404,0.969,0.400,0.009,1.378,1.661,16644,23067,0,36,33,33,1264944,33984,29,31,0
10405,0.823,0.410,0.031,1.264,1.605,16644,23067,0,36,33,33,1264944,33984,29,31,0
10406,1.011,3.126,0.017,4.154,1.528,16644,23067,0,36,33,33,1264944,33984,29,31,0
10407,0.878,13.908,0.028,14.814,4.421,16644,23067,0,36,33,33,1264944,33984,29,31,0
10408,0.969,6.359,0.015,7.344,15.095,16644,23067,0,36,33,33,1264944,33984,29,31,0
10409,0.900,0.417,0.024,1.341,7.597,16644,23067,0,36,33,33,1264944,33984,29,31,0
10410,0.853,1.638,0.016,2.507,1.582,16644,23067,0,36,33,33,1264944,33984,29,31,0
10411,0.836,0.598,0.014,1.447,2.755,16644,23067,0,36,33,33,1264944,33984,29,31,0
10412,0.809,0.394,0.017,1.221,1.687,16644,23067,0,36,33,33,1264944,33984,29,31,0
10413,0.877,2.945,0.017,3.839,1.437,16644,23067,0,36,33,33,1264944,33984,29,31,0
10414,0.853,12.725,0.019,13.597,4.098,16644,23067,0,36,33,33,1264944,33984,29,31,0
10415,0.869,6.713,0.015,7.598,13.834,16644,23067,0,36,33,33,1264944,33984,29,31,0
10416,0.820,0.398,0.015,1.233,7.875,16644,23067,0,36,33,33,1264944,33984,29,31,0
10417,0.795,0.412,0.017,1.224,1.460,16644,23067,0,36,33,33,1264944,33984,29,31,0
10418,0.848,0.386,0.014,1.248,1.476,16644,23067,0,36,33,33,1264944,33984,29,31,0
10419,0.832,0.389,0.019,1.240,1.474,16644,23067,0,36,33,33,1264944,33984,29,31,0
10420,0.826,6.211,0.020,7.057,1.469,16644,23067,0,36,33,33,1264944,33984,29,31,0
10421,0.817,10.836,0.019,11.672,7.276,16644,23067,0,36,33,33,1264944,33984,29,31,0
10422,0.817,7.045,0.014,7.876,11.917,16644,23067,0,36,33,33,1264944,33984,29,31,0
10423,0.852,0.380,0.011,1.243,8.144,16644,23067,0,36,33,33,1264944,33984,29,31,0
10424,0.789,0.404,0.011,1.203,1.472,16644,23067,0,36,33,33,1264944,33984,29,31,0
10425,0.823,0.371,0.010,1.204,1.427,16644,23067,0,36,33,33,1264944,33984,29,31,0
10426,0.823,0.439,0.014,1.276,1.436,16644,23067,0,36,33,33,1264944,33984,29,31,0
10427,0.815,9.773,0.022,10.611,1.510,16644,23067,0,36,33,33,1264944,33984,29,31,0
10428,0.833,8.092,0.020,8.945,10.859,16644,23067,0,36,33,33,1264944,33984,29,31,0
10429,0.795,6.615,0.014,7.423,9.188,16644,23067,0,36,33,33,1264944,33984,29,31,0
10430,0.926,0.422,0.032,1.380,7.696,16644,23067,0,36,33,33,1264944,33984,29,31,0
10431,0.907,0.350,0.012,1.268,1.645,16644,23067,0,36,33,33,1264944,33984,29,31,0
10432,0.792,0.355,0.012,1.159,1.492,16644,23067,0,36,33,33,1264944,33984,29,31,0
10433,0.812,2.464,0.014,3.290,1.391,16644,23067,0,36,33,33,1264944,33984,29,31,0
10434,0.792,4.156,0.015,4.963,3.539,16644,23067,0,36,33,33,1264944,33984,29,31,0
10435,0.793,10.765,0.042,11.600,5.216,16644,23067,0,36,33,33,1264944,33984,29,31,0
10436,1.031,6.581,0.039,7.650,11.896,16644,23067,0,36,33,33,1264944,33984,29,31,0
10437,0.946,0.500,0.012,1.459,7.947,16644,23067,0,36,33,33,1264944,33984,29,31,0
10438,0.840,0.448,0.014,1.302,1.712,16644,23067,0,36,33,33,1264944,33984,29,31,0
10439,0.883,0.415,0.012,1.310,1.539,16644,23067,0,36,33,33,1264944,33984,29,31,0
10440,0.877,0.454,0.012,1.343,1.569,16644,23067,0,36,33,33,1264944,33984,29,31,0
10441,0.854,0.416,0.015,1.285,1.574,16644,23067,0,36,33,33,1264944,33984,29,31,0
10442,0.824,3.496,0.010,4.331,1.512,16644,23067,0,36,33,33,1264944,33984,29,31,0
10443,0.747,11.719,0.023,12.490,4.548,16644,23067,0,36,33,33,1264944,33984,29,31,0
10444,0.820,6.745,0.013,7.577,12.752,16644,23067,0,36,33,33,1264944,33984,29,31,0
10445,0.837,0.412,0.019,1.268,7.829,16644,23067,0,36,33,33,1264944,33984,29,31,0
10446,0.731,0.362,0.016,1.109,1.502,16644,23067,0,36,33,33,1264944,33984,29,31,0
10447,0.707,0.336,0.014,1.056,1.318,16644,23067,0,36,33,33,1264944,33984,29,31,0
10448,0.755,0.525,0.019,1.298,1.307,16644,23067,0,36,33,33,1264944,33984,29,31,0
10449,0.765,10.346,0.019,11.131,1.509,16644,23067,0,36,33,33,1264944,33984,29,31,0
10450,0.789,7.999,0.018,8.806,11.359,16644,23067,0,36,33,33,1264944,33984,29,31,0
10451,0.847,6.399,0.013,7.259,9.056,16644,23067,0,36,33,33,1264944,33984,29,31,0
10452,0.805,0.392,0.016,1.213,7.532,16644,23067,0,36,33,33,1264944,33984,29,31,0
10453,0.837,0.424,0.013,1.274,1.447,16644,23067,0,36,33,33,1264944,33984,29,31,0
10454,0.807,0.367,0.009,1.184,1.508,16644,23067,0,36,33,33,1264944,33984,29,31,0
10455,0.808,0.367,0.025,1.200,1.411,16644,23067,0,36,33,33,1264944,33984,29,31,0
10456,0.724,1.807,0.022,2.553,1.400,16644,23067,0,36,33,33,1264944,33984,29,31,0
10457,0.746,7.130,0.016,7.892,2.773,16644,23067,0,36,33,33,1264944,33984,29,31,0
10458,0.854,7.915,0.013,8.781,8.142,16644,23067,0,36,33,33,1264944,33984,29,31,0
10459,0.837,6.603,0.015,7.454,9.035,16644,23067,0,36,33,33,1264944,33984,29,31,0
10460,0.814,0.401,0.028,1.243,7.716,16644,23067,0,36,33,33,1264944,33984,29,31,0
10461,0.851,0.441,0.018,1.310,1.475,16644,23067,0,36,33,33,1264944,33984,29,31,0
10462,0.830,0.412,0.013,1.254,1.538,16644,23067,0,36,33,33,1264944,33984,29,31,0
10463,0.752,0.385,0.009,1.146,1.460,16644,23067,0,36,33,33,1264944,33984,29,31,0
10464,0.762,0.902,0.012,1.676,1.348,16644,23067,0,36,33,33,1264944,33984,29,31,0
10465,0.702,3.260,0.014,3.976,1.874,16644,23067,0,36,33,33,1264944,33984,29,31,0
10466,0.779,12.390,0.021,13.190,4.186,16644,23067,0,36,33,33,1264944,33984,29,31,0
10467,0.882,6.622,0.026,7.530,13.427,16644,23067,0,36,33,33,1264944,33984,29,31,0
10468,0.832,0.399,0.014,1.245,7.792,16644,23067,0,36,33,33,1264944,33984,29,31,0
10469,0.836,0.454,0.014,1.304,1.478,16644,23067,0,36,33,33,1264944,33984,29,31,0
10470,0.823,0.397,0.027,1.247,1.533,16644,23067,0,36,33,33,1264944,33984,29,31,0
10471,0.783,0.368,0.010,1.161,1.470,16644,23067,0,36,33,33,1264944,33984,29,31,0
10472,0.698,3.607,0.021,4.327,1.353,16644,23067,0,36,33,33,1264944,33984,29,31,0
10473,0.827,13.981,0.016,14.824,4.573,16644,23067,0,36,33,33,1264944,33984,29,31,0
10474,0.898,6.579,0.012,7.488,15.069,16644,23067,0,36,33,33,1264944,33984,29,31,0
10475,0.839,0.405,0.015,1.259,7.735,16644,23067,0,36,33,33,1264944,33984,29,31,0
10476,0.832,0.394,0.018,1.244,1.480,16644,23067,0,36,33,33,1264944,33984,29,31,0
10477,0.832,0.477,0.016,1.325,1.478,16644,23067,0,36,33,33,1264944,33984,29,31,0
10478,0.867,0.385,0.012,1.265,1.556,16644,23067,0,36,33,33,1264944,33984,29,31,0
10479,0.758,3.490,0.015,4.263,1.502,16644,23067,0,36,33,33,1264944,33984,29,31,0
10480,0.694,13.791,0.024,14.508,4.468,16644,23067,0,36,33,33,1264944,33984,29,31,0
10481,0.802,7.022,0.009,7.834,14.769,16644,23067,0,36,33,33,1264944,33984,29,31,0
10482,0.785,0.375,0.011,1.170,8.078,16644,23067,0,36,33,33,1264944,33984,29,31,0
10483,0.771,0.382,0.017,1.170,1.405,16644,23067,0,36,33,33,1264944,33984,29,31,0
10484,0.787,0.380,0.027,1.193,1.396,16644,23067,0,36,33,33,1264944,33984,29,31,0
10485,0.817,0.370,0.037,1.224,1.416,16644,23067,0,36,33,33,1264944,33984,29,31,0
10486,0.851,10.170,0.027,11.048,1.468,16644,23067,0,36,33,33,1264944,33984,29,31,0
10487,0.844,7.785,0.020,8.650,11.295,16644,23067,0,36,33,33,1264944,33984,29,31,0
10488,0.798,6.550,0.010,7.359,8.882,16644,23067,0,36,33,33,1264944,33984,29,31,0
10489,0.883,0.408,0.013,1.304,7.600,16644,23067,0,36,33,33,1264944,33984,29,31,0
10490,0.956,0.415,0.014,1.385,1.571,16644,23067,0,36,33,33,1264944,33984,29,31,0
10491,0.791,0.368,0.009,1.168,1.624,16644,23067,0,36,33,33,1264944,33984,29,31,0
10492,0.813,0.369,0.016,1.198,1.396,16644,23067,0,36,33,33,1264944,33984,29,31,0
10493,0.849,1.065,0.014,1.928,1.438,16644,23067,0,36,33,33,1264944,33984,29,31,0
10494,0.875,4.044,0.009,4.928,2.198,16644,23067,0,36,33,33,1264944,33984,29,31,0
10495,0.706,11.039,0.014,11.759,5.154,16644,23067,0,36,33,33,1264944,33984,29,31,0
10496,0.806,6.860,0.010,7.676,11.997,16644,23067,0,36,33,33,1264944,33984,29,31,0
10497,0.807,0.389,0.016,1.212,7.919,16644,23067,0,36,33,33,1264944,33984,29,31,0
10498,0.802,0.377,0.017,1.196,1.470,16644,23067,0,36,33,33,1264944,33984,29,31,0
10499,0.809,0.378,0.014,1.202,1.448,16644,23067,0,36,33,33,1264944,33984,29,31,0
10500,0.812,0.397,0.013,1.221,1.428,16644,23067,0,36,33,33,1264944,33984,29,31,0
10501,0.778,10.161,0.012,10.950,1.447,16644,23067,0,36,33,33,1264944,33984,29,31,0
10502,0.838,7.799,0.021,8.657,11.202,16644,23067,0,36,33,33,1264944,33984,29,31,0
10503,0.805,6.361,0.014,7.180,8.914,16644,23067,0,36,33,33,1264944,33984,29,31,0
10504,0.847,0.423,0.061,1.331,7.427,16644,23067,0,36,33,33,1264944,33984,29,31,0
10505,0.844,0.415,0.011,1.269,1.568,16644,23067,0,36,33,33,1264944,33984,29,31,0
10506,0.829,0.403,0.022,1.254,1.498,16644,23067,0,36,33,33,1264944,33984,29,31,0
10507,0.821,0.487,0.013,1.321,1.480,16644,23067,0,36,33,33,1264944,33984,29,31,0
10508,0.724,9.800,0.014,10.538,1.533,16644,23067,0,36,33,33,1264944,33984,29,31,0
10509,0.849,7.866,0.042,8.757,10.756,16644,23067,0,36,33,33,1264944,33984,29,31,0
10510,0.825,6.400,0.009,7.234,8.993,16644,23067,0,36,33,33,1264944,33984,29,31,0
10511,0.813,0.386,0.018,1.216,7.480,16644,23067,0,36,33,33,1264944,33984,29,31,0
10512,0.803,0.380,0.015,1.197,1.459,16644,23067,0,36,33,33,1264944,33984,29,31,0
10513,0.797,0.391,0.014,1.202,1.431,16644,23067,0,36,33,33,1264944,33984,29,31,0
10514,0.829,0.370,0.008,1.208,1.449,16644,23067,0,36,33,33,1264944,33984,29,31,0
10515,0.706,4.215,0.014,4.935,1.409,16644,23067,0,36,33,33,1264944,33984,29,31,0
10516,0.821,13.727,0.015,14.562,5.178,16644,23067,0,36,33,33,1264944,33984,29,31,0
10517,0.805,6.844,0.012,7.660,14.795,16644,23067,0,36,33,33,1264944,33984,29,31,0
10518,0.802,0.436,0.015,1.253,7.910,16644,23067,0,36,33,33,1264944,33984,29,31,0
10519,0.829,0.375,0.010,1.214,1.495,16644,23067,0,36,33,33,1264944,33984,29,31,0
10520,0.838,0.390,0.015,1.243,1.449,16644,23067,0,36,33,33,1264944,33984,29,31,0
10521,0.815,0.586,0.013,1.414,1.463,16644,23067,0,36,33,33,1264944,33984,29,31,0
10522,0.812,0.707,0.011,1.531,1.649,16644,23067,0,36,33,33,1264944,33984,29,31,0
10523,0.703,4.364,0.022,5.089,1.745,16644,23067,0,36,33,33,1264944,33984,29,31,0
10524,0.837,10.948,0.015,11.800,5.322,16644,23067,0,36,33,33,1264944,33984,29,31,0
10525,0.805,6.852,0.010,7.667,12.053,16644,23067,0,36,33,33,1264944,33984,29,31,0
10526,0.808,0.379,0.017,1.203,7.906,16644,23067,0,36,33,33,1264944,33984,29,31,0
10527,0.814,0.381,0.012,1.207,1.421,16644,23067,0,36,33,33,1264944,33984,29,31,0
10528,0.807,0.374,0.020,1.201,1.440,16644,23067,0,36,33,33,1264944,33984,29,31,0
10529,0.823,0.413,0.031,1.267,1.428,16644,23067,0,36,33,33,1264944,33984,29,31,0
10530,0.788,9.929,0.016,10.732,1.498,16644,23067,0,36,33,33,1264944,33984,29,31,0
10531,0.800,7.950,0.012,8.762,10.974,16644,23067,0,36,33,33,1264944,33984,29,31,0
10532,0.862,6.531,0.014,7.408,9.022,16644,23067,0,36,33,33,1264944,33984,29,31,0
10533,0.831,0.387,0.026,1.244,7.654,16644,23067,0,36,33,33,1264944,33984,29,31,0
10534,0.812,0.389,0.024,1.225,1.474,16644,23067,0,36,33,33,1264944,33984,29,31,0
10535,0.819,0.396,0.016,1.231,1.461,16644,23067,0,36,33,33,1264944,33984,29,31,0
10536,0.797,0.379,0.011,1.186,1.463,16644,23067,0,36,33,33,1264944,33984,29,31,0
10537,0.704,9.743,0.012,10.459,1.412,16644,23067,0,36,33,33,1264944,33984,29,31,0
10538,0.816,8.076,0.014,8.907,10.699,16644,23067,0,36,33,33,1264944,33984,29,31,0
10539,0.822,6.501,0.012,7.336,9.164,16644,23067,0,36,33,33,1264944,33984,29,31,0
10540,0.810,0.391,0.019,1.219,7.578,16644,23067,0,36,33,33,1264944,33984,29,31,0
10541,0.815,0.378,0.014,1.207,1.454,16644,23067,0,36,33,33,1264944,33984,29,31,0
10542,0.792,0.384,0.012,1.188,1.435,16644,23067,0,36,33,33,1264944,33984,29,31,0
10543,0.817,0.387,0.032,1.237,1.418,16644,23067,0,36,33,33,1264944,33984,29,31,0
10544,0.810,4.041,0.023,4.873,1.477,16644,23067,0,36,33,33,1264944,33984,29,31,0
10545,0.846,14.446,0.012,15.305,5.128,16644,23067,0,36,33,33,1264944,33984,29,31,0
10546,0.793,5.698,0.014,6.505,15.546,16644,23067,0,36,33,33,1264944,33984,29,31,0
10547,0.800,0.342,0.014,1.156,6.748,16644,23067,0,36,33,33,1264944,33984,29,31,0
10548,0.819,1.247,0.017,2.083,1.395,16644,23067,0,36,33,33,1264944,33984,29,31,0
10549,0.835,0.341,0.015,1.191,2.336,16644,23067,0,36,33,33,1264944,33984,29,31,0
10550,0.812,1.449,0.014,2.275,1.419,16644,23067,0,36,33,33,1264944,33984,29,31,0
10551,0.836,4.405,0.011,5.252,2.512,16644,23067,0,36,33,33,1264944,33984,29,31,0
10552,0.805,11.252,0.017,12.073,5.501,16644,23067,0,36,33,33,1264944,33984,29,31,0
10553,0.933,6.787,0.011,7.730,12.383,16644,23067,0,36,33,33,1264944,33984,29,31,0
10554,0.946,0.445,0.011,1.403,8.008,16644,23067,0,36,33,33,1264944,33984,29,31,0
10555,0.928,1.523,0.011,2.462,1.661,16644,23067,0,36,33,33,1264944,33984,29,31,0
10556,0.960,0.404,0.028,1.392,2.740,16644,23067,0,36,33,33,1264944,33984,29,31,0
10557,0.830,1.583,0.015,2.428,1.671,16644,23067,0,36,33,33,1264944,33984,29,31,0
10558,0.807,4.978,0.014,5.799,2.664,16644,23067,0,36,33,33,1264944,33984,29,31,0
10559,0.901,8.949,0.019,9.869,6.028,16644,23067,0,36,33,33,1264944,33984,29,31,0
10560,0.933,6.989,0.014,7.936,10.170,16644,23067,0,36,33,33,1264944,33984,29,31,0
10561,0.939,0.468,0.012,1.419,8.218,16644,23067,0,36,33,33,1264944,33984,29,31,0
10562,0.782,1.257,0.013,2.052,1.655,16644,23067,0,36,33,33,1264944,33984,29,31,0
10563,0.824,0.391,0.026,1.241,2.297,16644,23067,0,36,33,33,1264944,33984,29,31,0
10564,0.833,1.063,0.011,1.908,1.481,16644,23067,0,36,33,33,1264944,33984,29,31,0
10565,0.889,4.213,0.017,5.119,2.131,16644,23067,0,36,33,33,1264944,33984,29,31,0
10566,0.840,11.587,0.019,12.446,5.354,16644,23067,0,36,33,33,1264944,33984,29,31,0
10567,0.979,6.855,0.018,7.852,12.725,16644,23067,0,36,33,33,1264944,33984,29,31,0
10568,0.944,0.480,0.011,1.434,8.131,16644,23067,0,36,33,33,1264944,33984,29,31,0
10569,1.002,1.118,0.012,2.133,1.718,16644,23067,0,36,33,33,1264944,33984,29,31,0
10570,0.979,0.445,0.015,1.439,2.416,16644,23067,0,36,33,33,1264944,33984,29,31,0
10571,0.814,0.410,0.012,1.236,1.716,16644,23067,0,36,33,33,1264944,33984,29,31,0
10572,0.917,2.470,0.022,3.409,1.466,16644,23067,0,36,33,33,1264944,33984,29,31,0
10573,0.845,13.118,0.015,13.978,3.648,16644,23067,0,36,33,33,1264944,33984,29,31,0
10574,0.835,7.143,0.016,7.994,14.215,16644,23067,0,36,33,33,1264944,33984,29,31,0
10575,0.979,0.510,0.014,1.503,8.251,16644,23067,0,36,33,33,1264944,33984,29,31,0
10576,0.888,0.394,0.014,1.296,1.772,16644,23067,0,36,33,33,1264944,33984,29,31,0
10577,0.849,0.417,0.017,1.283,1.534,16644,23067,0,36,33,33,1264944,33984,29,31,0
10578,0.824,0.372,0.015,1.212,1.513,16644,23067,0,36,33,33,1264944,33984,29,31,0
10579,0.807,4.686,0.014,5.507,1.441,16644,23067,0,36,33,33,1264944,33984,29,31,0
10580,0.850,11.862,0.010,12.722,5.775,16644,23067,0,36,33,33,1264944,33984,29,31,0
10581,0.826,7.016,0.018,7.860,12.994,16644,23067,0,36,33,33,1264944,33984,29,31,0
10582,0.822,0.349,0.013,1.185,8.096,16644,23067,0,36,33,33,1264944,33984,29,31,0
10583,0.824,0.360,0.020,1.204,1.408,16644,23067,0,36,33,33,1264944,33984,29,31,0
10584,0.812,0.486,0.017,1.315,1.434,16644,23067,0,36,33,33,1264944,33984,29,31,0
10585,0.858,1.383,0.015,2.256,1.543,16644,23067,0,36,33,33,1264944,33984,29,31,0
10586,0.857,3.233,0.015,4.105,2.498,16644,23067,0,36,33,33,1264944,33984,29,31,0
10587,0.835,13.043,0.042,13.920,4.351,16644,23067,0,36,33,33,1264944,33984,29,31,0
10588,0.863,6.716,0.019,7.598,14.166,16644,23067,0,36,33,33,1264944,33984,29,31,0
10589,0.949,0.441,0.014,1.403,7.877,16644,23067,0,36,33,33,1264944,33984,29,31,0
10590,0.917,0.428,0.012,1.357,1.665,16644,23067,0,36,33,33,1264944,33984,29,31,0
10591,0.844,0.359,0.012,1.214,1.590,16644,23067,0,36,33,33,1264944,33984,29,31,0
10592,0.804,0.364,0.017,1.184,1.428,16644,23067,0,36,33,33,1264944,33984,29,31,0
10593,0.822,5.240,0.011,6.073,1.412,16644,23067,0,36,33,33,1264944,33984,29,31,0
10594,0.832,11.798,0.015,12.645,6.323,16644,23067,0,36,33,33,1264944,33984,29,31,0
10595,0.844,6.733,0.012,7.589,12.896,16644,23067,0,36,33,33,1264944,33984,29,31,0
10596,0.954,0.424,0.013,1.390,7.865,16644,23067,0,36,33,33,1264944,33984,29,31,0
10597,0.859,0.344,0.008,1.212,1.657,16644,23067,0,36,33,33,1264944,33984,29,31,0
10598,0.808,0.519,0.015,1.343,1.429,16644,23067,0,36,33,33,1264944,33984,29,31,0
10599,0.883,0.592,0.013,1.488,1.587,16644,23067,0,36,33,33,1264944,33984,29,31,0
10600,0.882,3.736,0.015,4.632,1.736,16644,23067,0,36,33,33,1264944,33984,29,31,0
10601,0.844,13.026,0.019,13.888,4.891,16644,23067,0,36,33,33,1264944,33984,29,31,0
10602,0.842,6.796,0.020,7.659,14.124,16644,23067,0,36,33,33,1264944,33984,29,31,0
10603,0.983,0.421,0.015,1.418,7.958,16644,23067,0,36,33,33,1264944,33984,29,31,0
10604,0.814,0.407,0.016,1.237,1.657,16644,23067,0,36,33,33,1264944,33984,29,31,0
10605,0.820,0.387,0.012,1.219,1.471,16644,23067,0,36,33,33,1264944,33984,29,31,0
10606,0.836,0.390,0.017,1.243,1.442,16644,23067,0,36,33,33,1264944,33984,29,31,0
10607,0.823,0.788,0.021,1.632,1.485,16644,23067,0,36,33,33,1264944,33984,29,31,0
10608,0.805,3.340,0.011,4.156,1.808,16644,23067,0,36,33,33,1264944,33984,29,31,0
10609,0.842,11.952,0.010,12.804,4.346,16644,23067,0,36,33,33,1264944,33984,29,31,0
10610,0.811,6.959,0.021,7.791,12.991,16644,23067,0,36,33,33,1264944,33984,29,31,0
10611,0.824,0.353,0.015,1.192,7.988,16644,23067,0,36,33,33,1264944,33984,29,31,0
10612,0.804,0.361,0.021,1.187,1.373,16644,23067,0,36,33,33,1264944,33984,29,31,0
10613,0.795,0.465,0.029,1.288,1.354,16644,23067,0,36,33,33,1264944,33984,29,31,0
10614,0.820,0.479,0.013,1.311,1.449,16644,23067,0,36,33,33,1264944,33984,29,31,0
10615,0.824,10.252,0.015,11.091,1.478,16644,23067,0,36,33,33,1264944,33984,29,31,0
10616,0.824,7.879,0.009,8.712,11.269,16644,23067,0,36,33,33,1264944,33984,29,31,0
10617,0.817,6.487,0.016,7.320,8.905,16644,23067,0,36,33,33,1264944,33984,29,31,0
10618,0.933,0.413,0.012,1.357,7.541,16644,23067,0,36,33,33,1264944,33984,29,31,0
10619,0.942,0.371,0.014,1.328,1.553,16644,23067,0,36,33,33,1264944,33984,29,31,0
10620,0.814,0.356,0.010,1.180,1.513,16644,23067,0,36,33,33,1264944,33984,29,31,0
10621,0.806,0.371,0.015,1.192,1.362,16644,23067,0,36,33,33,1264944,33984,29,31,0
10622,0.807,4.288,0.013,5.109,1.365,16644,23067,0,36,33,33,1264944,33984,29,31,0
10623,0.803,13.588,0.013,14.404,5.285,16644,23067,0,36,33,33,1264944,33984,29,31,0
10624,0.812,6.923,0.020,7.754,14.587,16644,23067,0,36,33,33,1264944,33984,29,31,0
10625,0.941,0.386,0.018,1.345,7.988,16644,23067,0,36,33,33,1264944,33984,29,31,0
10626,0.872,0.381,0.019,1.272,1.574,16644,23067,0,36,33,33,1264944,33984,29,31,0
10627,0.813,0.441,0.015,1.268,1.445,16644,23067,0,36,33,33,1264944,33984,29,31,0
10628,0.843,0.449,0.032,1.324,1.449,16644,23067,0,36,33,33,1264944,33984,29,31,0
10629,0.843,0.691,0.015,1.549,1.502,16644,23067,0,36,33,33,1264944,33984,29,31,0
10630,0.785,3.415,0.013,4.213,1.724,16644,23067,0,36,33,33,1264944,33984,29,31,0
10631,0.822,11.790,0.016,12.628,4.393,16644,23067,0,36,33,33,1264944,33984,29,31,0
10632,0.788,6.993,0.012,7.793,12.823,16644,23067,0,36,33,33,1264944,33984,29,31,0
10633,0.923,0.476,0.016,1.415,7.999,16644,23067,0,36,33,33,1264944,33984,29,31,0
10634,0.880,0.354,0.010,1.244,1.612,16644,23067,0,36,33,33,1264944,33984,29,31,0
10635,0.803,0.382,0.011,1.196,1.410,16644,23067,0,36,33,33,1264944,33984,29,31,0
10636,0.836,0.449,0.019,1.304,1.375,16644,23067,0,36,33,33,1264944,33984,29,31,0
10637,0.815,3.918,0.014,4.746,1.476,16644,23067,0,36,33,33,1264944,33984,29,31,0
10638,0.816,13.526,0.017,14.359,4.929,16644,23067,0,36,33,33,1264944,33984,29,31,0
10639,0.818,6.964,0.011,7.793,14.536,16644,23067,0,36,33,33,1264944,33984,29,31,0
10640,0.946,0.423,0.010,1.379,8.002,16644,23067,0,36,33,33,1264944,33984,29,31,0
10641,0.819,0.357,0.017,1.193,1.583,16644,23067,0,36,33,33,1264944,33984,29,31,0
10642,0.793,0.366,0.014,1.174,1.363,16644,23067,0,36,33,33,1264944,33984,29,31,0
10643,0.848,0.383,0.013,1.244,1.347,16644,23067,0,36,33,33,1264944,33984,29,31,0
10644,0.816,3.829,0.018,4.662,1.411,16644,23067,0,36,33,33,1264944,33984,29,31,0
10645,0.811,13.715,0.013,14.540,4.842,16644,23067,0,36,33,33,1264944,33984,29,31,0
10646,0.810,7.015,0.010,7.834,14.751,16644,23067,0,36,33,33,1264944,33984,29,31,0
10647,0.818,0.338,0.015,1.171,8.019,16644,23067,0,36,33,33,1264944,33984,29,31,0
10648,0.923,0.392,0.022,1.336,1.370,16644,23067,0,36,33,33,1264944,33984,29,31,0
10649,0.850,0.379,0.011,1.240,1.531,16644,23067,0,36,33,33,1264944,33984,29,31,0
10650,0.860,0.433,0.017,1.310,1.411,16644,23067,0,36,33,33,1264944,33984,29,31,0
10651,0.817,10.020,0.010,10.846,1.486,16644,23067,0,36,33,33,1264944,33984,29,31,0
10652,0.798,7.958,0.017,8.773,11.027,16644,23067,0,36,33,33,1264944,33984,29,31,0
10653,0.936,6.374,0.016,7.326,8.992,16644,23067,0,36,33,33,1264944,33984,29,31,0
10654,0.916,0.419,0.015,1.349,7.534,16644,23067,0,36,33,33,1264944,33984,29,31,0
10655,0.921,0.383,0.015,1.318,1.545,16644,23067,0,36,33,33,1264944,33984,29,31,0
10656,0.802,0.359,0.017,1.177,1.510,16644,23067,0,36,33,33,1264944,33984,29,31,0
10657,0.802,0.428,0.017,1.248,1.357,16644,23067,0,36,33,33,1264944,33984,29,31,0
10658,0.782,3.939,0.014,4.735,1.420,16644,23067,0,36,33,33,1264944,33984,29,31,0
10659,0.797,13.526,0.021,14.345,4.920,16644,23067,0,36,33,33,1264944,33984,29,31,0
10660,0.943,7.003,0.028,7.974,14.544,16644,23067,0,36,33,33,1264944,33984,29,31,0
10661,0.945,0.496,0.014,1.455,8.191,16644,23067,0,36,33,33,1264944,33984,29,31,0
10662,0.940,0.427,0.012,1.379,1.656,16644,23067,0,36,33,33,1264944,33984,29,31,0
10663,0.953,0.399,0.010,1.362,1.572,16644,23067,0,36,33,33,1264944,33984,29,31,0
10664,0.836,0.370,0.014,1.219,1.532,16644,23067,0,36,33,33,1264944,33984,29,31,0
10665,0.818,0.691,0.013,1.522,1.382,16644,23067,0,36,33,33,1264944,33984,29,31,0
10666,0.801,3.163,0.010,3.975,1.692,16644,23067,0,36,33,33,1264944,33984,29,31,0
10667,0.805,12.217,0.011,13.033,4.160,16644,23067,0,36,33,33,1264944,33984,29,31,0
10668,0.954,6.789,0.016,7.760,13.248,16644,23067,0,36,33,33,1264944,33984,29,31,0
10669,0.941,0.407,0.010,1.359,7.957,16644,23067,0,36,33,33,1264944,33984,29,31,0
10670,0.932,0.398,0.015,1.345,1.558,16644,23067,0,36,33,33,1264944,33984,29,31,0
10671,0.938,0.421,0.020,1.379,1.541,16644,23067,0,36,33,33,1264944,33984,29,31,0
10672,0.934,0.445,0.014,1.393,1.582,16644,23067,0,36,33,33,1264944,33984,29,31,0
10673,0.798,1.171,0.014,1.983,1.571,16644,23067,0,36,33,33,1264944,33984,29,31,0
10674,0.784,4.054,0.013,4.851,2.169,16644,23067,0,36,33,33,1264944,33984,29,31,0
10675,0.811,11.212,0.011,12.034,5.038,16644,23067,0,36,33,33,1264944,33984,29,31,0
10676,0.950,6.537,0.012,7.500,12.256,16644,23067,0,36,33,33,1264944,33984,29,31,0
10677,0.936,0.435,0.013,1.384,7.732,16644,23067,0,36,33,33,1264944,33984,29,31,0
10678,0.925,0.449,0.015,1.389,1.579,16644,23067,0,36,33,33,1264944,33984,29,31,0
10679,0.948,0.394,0.016,1.357,1.603,16644,23067,0,36,33,33,1264944,33984,29,31,0
10680,0.853,0.437,0.013,1.303,1.527,16644,23067,0,36,33,33,1264944,33984,29,31,0
10681,0.816,0.987,0.015,1.818,1.483,16644,23067,0,36,33,33,1264944,33984,29,31,0
10682,0.819,3.255,0.020,4.094,1.995,16644,23067,0,36,33,33,1264944,33984,29,31,0
10683,0.823,11.590,0.014,12.427,4.270,16644,23067,0,36,33,33,1264944,33984,29,31,0
10684,0.949,7.088,0.011,8.048,12.670,16644,23067,0,36,33,33,1264944,33984,29,31,0
10685,0.926,0.443,0.015,1.385,8.259,16644,23067,0,36,33,33,1264944,33984,29,31,0
10686,0.943,0.432,0.013,1.387,1.580,16644,23067,0,36,33,33,1264944,33984,29,31,0
10687,0.838,0.365,0.011,1.214,1.602,16644,23067,0,36,33,33,1264944,33984,29,31,0
10688,0.834,0.397,0.015,1.246,1.383,16644,23067,0,36,33,33,1264944,33984,29,31,0
10689,0.830,0.825,0.013,1.668,1.417,16644,23067,0,36,33,33,1264944,33984,29,31,0
10690,0.792,2.723,0.012,3.526,1.842,16644,23067,0,36,33,33,1264944,33984,29,31,0
10691,0.815,12.582,0.012,13.409,3.701,16644,23067,0,36,33,33,1264944,33984,29,31,0
10692,0.914,6.965,0.018,7.897,13.600,16644,23067,0,36,33,33,1264944,33984,29,31,0
10693,0.956,0.449,0.012,1.418,8.103,16644,23067,0,36,33,33,1264944,33984,29,31,0
10694,0.913,0.412,0.016,1.341,1.619,16644,23067,0,36,33,33,1264944,33984,29,31,0
10695,0.816,0.377,0.022,1.215,1.506,16644,23067,0,36,33,33,1264944,33984,29,31,0
10696,0.830,0.434,0.019,1.283,1.393,16644,23067,0,36,33,33,1264944,33984,29,31,0
10697,0.818,3.986,0.014,4.818,1.452,16644,23067,0,36,33,33,1264944,33984,29,31,0
10698,0.821,14.688,0.014,15.523,5.007,16644,23067,0,36,33,33,1264944,33984,29,31,0
10699,0.937,5.746,0.015,6.698,15.726,16644,23067,0,36,33,33,1264944,33984,29,31,0
10700,0.935,0.426,0.014,1.376,6.897,16644,23067,0,36,33,33,1264944,33984,29,31,0
10701,0.924,0.392,0.017,1.332,1.569,16644,23067,0,36,33,33,1264944,33984,29,31,0
10702,0.926,0.437,0.016,1.379,1.526,16644,23067,0,36,33,33,1264944,33984,29,31,0
10703,0.832,0.387,0.016,1.235,1.558,16644,23067,0,36,33,33,1264944,33984,29,31,0
10704,0.844,2.157,0.013,3.013,1.406,16644,23067,0,36,33,33,1264944,33984,29,31,0
10705,0.791,6.089,0.013,6.893,3.187,16644,23067,0,36,33,33,1264944,33984,29,31,0
10706,0.811,7.746,0.011,8.568,7.084,16644,23067,0,36,33,33,1264944,33984,29,31,0
10707,0.920,6.813,0.024,7.757,8.779,16644,23067,0,36,33,33,1264944,33984,29,31,0
10708,0.956,0.419,0.010,1.384,7.979,16644,23067,0,36,33,33,1264944,33984,29,31,0
10709,0.912,1.295,0.018,2.224,1.581,16644,23067,0,36,33,33,1264944,33984,29,31,0
10710,0.996,0.393,0.011,1.400,2.435,16644,23067,0,36,33,33,1264944,33984,29,31,0
10711,0.812,1.468,0.010,2.290,1.609,16644,23067,0,36,33,33,1264944,33984,29,31,0
10712,0.862,4.958,0.015,5.834,2.472,16644,23067,0,36,33,33,1264944,33984,29,31,0
10713,0.826,10.245,0.016,11.086,6.020,16644,23067,0,36,33,33,1264944,33984,29,31,0
10714,0.959,6.708,0.014,7.681,11.293,16644,23067,0,36,33,33,1264944,33984,29,31,0
10715,0.935,0.419,0.015,1.369,7.898,16644,23067,0,36,33,33,1264944,33984,29,31,0
10716,0.963,1.453,0.050,2.466,1.568,16644,23067,0,36,33,33,1264944,33984,29,31,0
10717,1.028,0.696,0.020,1.744,2.685,16644,23067,0,36,33,33,1264944,33984,29,31,0
10718,0.983,0.434,0.009,1.426,1.950,16644,23067,0,36,33,33,1264944,33984,29,31,0
10719,0.884,4.310,0.016,5.211,1.607,16644,23067,0,36,33,33,1264944,33984,29,31,0
10720,0.920,11.090,0.020,12.029,5.395,16644,23067,0,36,33,33,1264944,33984,29,31,0
10721,1.020,6.868,0.015,7.903,12.275,16644,23067,0,36,33,33,1264944,33984,29,31,0
10722,0.956,0.523,0.016,1.495,8.111,16644,23067,0,36,33,33,1264944,33984,29,31,0
10723,0.997,0.475,0.024,1.497,1.715,16644,23067,0,36,33,33,1264944,33984,29,31,0
10724,0.927,0.368,0.018,1.314,1.693,16644,23067,0,36,33,33,1264944,33984,29,31,0
10725,0.814,6.121,0.027,6.962,1.474,16644,23067,0,36,33,33,1264944,33984,29,31,0
10726,0.834,12.073,0.023,12.930,7.152,16644,23067,0,36,33,33,1264944,33984,29,31,0
10727,0.933,7.257,0.017,8.208,13.147,16644,23067,0,36,33,33,1264944,33984,29,31,0
10728,0.944,0.420,0.015,1.378,8.417,16644,23067,0,36,33,33,1264944,33984,29,31,0
10729,0.973,0.453,0.012,1.437,1.582,16644,23067,0,36,33,33,1264944,33984,29,31,0
10730,0.951,0.455,0.013,1.419,1.637,16644,23067,0,36,33,33,1264944,33984,29,31,0
10731,0.884,0.399,0.015,1.299,1.612,16644,23067,0,36,33,33,1264944,33984,29,31,0
10732,0.904,1.455,0.010,2.368,1.465,16644,23067,0,36,33,33,1264944,33984,29,31,0
10733,0.810,6.191,0.016,7.018,2.553,16644,23067,0,36,33,33,1264944,33984,29,31,0
10734,0.855,5.755,0.012,6.622,7.211,16644,23067,0,36,33,33,1264944,33984,29,31,0
10735,0.907,9.230,0.014,10.151,6.808,16644,23067,0,36,33,33,1264944,33984,29,31,0
10736,0.962,7.228,0.014,8.204,10.394,16644,23067,0,36,33,33,1264944,33984,29,31,0
10737,1.012,5.689,0.017,6.718,8.420,16644,23067,0,36,33,33,1264944,33984,29,31,0
10738,1.028,8.318,0.019,9.365,6.960,16644,23067,0,36,33,33,1264944,33984,29,31,0
10739,0.973,7.218,0.016,8.207,9.585,16644,23067,0,36,33,33,1264944,33984,29,31,0
10740,0.974,0.545,0.012,1.530,8.424,16644,23067,0,36,33,33,1264944,33984,29,31,0
10741,0.950,1.392,0.015,2.358,1.735,16644,23067,0,36,33,33,1264944,33984,29,31,0
10742,0.987,0.493,0.028,1.508,2.592,16644,23067,0,36,33,33,1264944,33984,29,31,0
10743,0.967,0.490,0.016,1.473,1.711,16644,23067,0,36,33,33,1264944,33984,29,31,0
10744,0.943,4.767,0.025,5.735,1.680,16644,23067,0,36,33,33,1264944,33984,29,31,0
10745,0.977,10.018,0.016,11.011,5.960,16644,23067,0,36,33,33,1264944,33984,29,31,0
10746,0.944,6.735,0.014,7.693,11.239,16644,23067,0,36,33,33,1264944,33984,29,31,0
10747,0.940,0.451,0.015,1.406,7.903,16644,23067,0,36,33,33,1264944,33984,29,31,0
10748,0.961,0.461,0.015,1.436,1.617,16644,23067,0,36,33,33,1264944,33984,29,31,0
10749,0.926,0.455,0.017,1.398,1.637,16644,23067,0,36,33,33,1264944,33984,29,31,0
10750,0.987,0.431,0.021,1.440,1.611,16644,23067,0,36,33,33,1264944,33984,29,31,0
10751,0.828,0.589,0.015,1.432,1.608,16644,23067,0,36,33,33,1264944,33984,29,31,0
10752,0.866,4.666,0.011,5.543,1.611,16644,23067,0,36,33,33,1264944,33984,29,31,0
10753,0.828,10.420,0.016,11.263,5.730,16644,23067,0,36,33,33,1264944,33984,29,31,0
10754,0.893,6.893,0.021,7.807,11.508,16644,23067,0,36,33,33,1264944,33984,29,31,0
10755,0.951,0.427,0.038,1.417,8.026,16644,23067,0,36,33,33,1264944,33984,29,31,0
10756,0.941,0.413,0.015,1.369,1.608,16644,23067,0,36,33,33,1264944,33984,29,31,0
10757,0.832,0.423,0.011,1.266,1.568,16644,23067,0,36,33,33,1264944,33984,29,31,0
10758,0.838,0.405,0.019,1.261,1.434,16644,23067,0,36,33,33,1264944,33984,29,31,0
10759,0.852,0.966,0.013,1.831,1.441,16644,23067,0,36,33,33,1264944,33984,29,31,0
10760,0.800,4.278,0.014,5.092,2.006,16644,23067,0,36,33,33,1264944,33984,29,31,0
10761,0.828,10.906,0.015,11.749,5.283,16644,23067,0,36,33,33,1264944,33984,29,31,0
10762,0.939,6.764,0.015,7.718,11.974,16644,23067,0,36,33,33,1264944,33984,29,31,0
10763,0.949,0.397,0.036,1.382,7.940,16644,23067,0,36,33,33,1264944,33984,29,31,0
10764,0.922,0.392,0.016,1.330,1.584,16644,23067,0,36,33,33,1264944,33984,29,31,0
10765,0.944,0.458,0.016,1.418,1.525,16644,23067,0,36,33,33,1264944,33984,29,31,0
10766,0.910,0.381,0.013,1.303,1.618,16644,23067,0,36,33,33,1264944,33984,29,31,0
10767,0.793,1.269,0.011,2.072,1.475,16644,23067,0,36,33,33,1264944,33984,29,31,0
10768,0.791,4.532,0.015,5.339,2.261,16644,23067,0,36,33,33,1264944,33984,29,31,0
10769,0.868,10.768,0.027,11.663,5.537,16644,23067,0,36,33,33,1264944,33984,29,31,0
10770,1.004,6.425,0.016,7.445,11.872,16644,23067,0,36,33,33,1264944,33984,29,31,0
10771,0.974,0.447,0.018,1.439,7.681,16644,23067,0,36,33,33,1264944,33984,29,31,0
10772,0.868,0.393,0.016,1.277,1.644,16644,23067,0,36,33,33,1264944,33984,29,31,0
10773,0.824,0.405,0.010,1.239,1.457,16644,23067,0,36,33,33,1264944,33984,29,31,0
10774,0.836,0.389,0.015,1.240,1.408,16644,23067,0,36,33,33,1264944,33984,29,31,0
10775,0.892,0.846,0.013,1.751,1.415,16644,23067,0,36,33,33,1264944,33984,29,31,0
10776,0.881,2.444,0.013,3.338,1.924,16644,23067,0,36,33,33,1264944,33984,29,31,0
10777,0.857,12.931,0.025,13.813,3.539,16644,23067,0,36,33,33,1264944,33984,29,31,0
10778,0.897,6.789,0.017,7.703,14.015,16644,23067,0,36,33,33,1264944,33984,29,31,0
10779,0.959,0.506,0.013,1.478,7.928,16644,23067,0,36,33,33,1264944,33984,29,31,0
10780,0.954,0.438,0.014,1.405,1.689,16644,23067,0,36,33,33,1264944,33984,29,31,0
10781,0.823,0.406,0.010,1.239,1.571,16644,23067,0,36,33,33,1264944,33984,29,31,0
10782,0.816,0.439,0.012,1.267,1.430,16644,23067,0,36,33,33,1264944,33984,29,31,0
10783,0.845,0.695,0.017,1.557,1.443,16644,23067,0,36,33,33,1264944,33984,29,31,0
10784,0.828,4.550,0.017,5.395,1.746,16644,23067,0,36,33,33,1264944,33984,29,31,0
10785,0.866,10.691,0.017,11.575,5.589,16644,23067,0,36,33,33,1264944,33984,29,31,0
10786,0.815,7.090,0.018,7.923,11.756,16644,23067,0,36,33,33,1264944,33984,29,31,0
10787,0.936,0.404,0.039,1.379,8.182,16644,23067,0,36,33,33,1264944,33984,29,31,0
10788,0.905,0.340,0.013,1.258,1.578,16644,23067,0,36,33,33,1264944,33984,29,31,0
10789,0.827,0.458,0.017,1.301,1.436,16644,23067,0,36,33,33,1264944,33984,29,31,0
10790,0.867,0.564,0.023,1.454,1.499,16644,23067,0,36,33,33,1264944,33984,29,31,0
10791,0.836,1.103,0.016,1.955,1.639,16644,23067,0,36,33,33,1264944,33984,29,31,0
10792,0.836,2.830,0.013,3.679,2.144,16644,23067,0,36,33,33,1264944,33984,29,31,0
10793,0.898,12.068,0.033,13.000,3.884,16644,23067,0,36,33,33,1264944,33984,29,31,0
10794,0.843,6.849,0.017,7.709,13.181,16644,23067,0,36,33,33,1264944,33984,29,31,0
10795,0.965,0.448,0.016,1.428,7.923,16644,23067,0,36,33,33,1264944,33984,29,31,0
10796,0.955,0.410,0.014,1.380,1.635,16644,23067,0,36,33,33,1264944,33984,29,31,0
10797,0.837,0.413,0.011,1.261,1.561,16644,23067,0,36,33,33,1264944,33984,29,31,0
10798,0.848,0.631,0.014,1.493,1.434,16644,23067,0,36,33,33,1264944,33984,29,31,0
10799,0.840,0.919,0.021,1.780,1.670,16644,23067,0,36,33,33,1264944,33984,29,31,0
10800,0.866,2.667,0.024,3.557,1.962,16644,23067,0,36,33,33,1264944,33984,29,31,0
10801,0.972,12.412,0.016,13.400,3.772,16644,23067,0,36,33,33,1264944,33984,29,31,0
10802,0.927,6.524,0.015,7.467,13.621,16644,23067,0,36,33,33,1264944,33984,29,31,0
10803,0.729,0.708,0.018,1.455,7.637,16644,23067,0,36,33,33,1264944,33984,29,31,0
10804,0.718,0.433,0.020,1.171,1.614,16644,23067,0,36,33,33,1264944,33984,29,31,0
10805,0.774,0.411,0.018,1.202,1.328,16644,23067,0,36,33,33,1264944,33984,29,31,0
10806,0.777,0.436,0.015,1.228,1.373,16644,23067,0,36,33,33,1264944,33984,29,31,0
10807,0.732,0.322,0.020,1.074,1.384,16644,23067,0,36,33,33,1264944,33984,29,31,0
10808,0.716,3.040,0.015,3.771,1.232,16644,23067,0,36,33,33,1264944,33984,29,31,0
10809,0.707,14.524,0.015,15.246,3.933,16644,23067,0,36,33,33,1264944,33984,29,31,0
10810,0.792,5.788,0.010,6.590,15.402,16644,23067,0,36,33,33,1264944,33984,29,31,0
10811,0.812,0.362,0.021,1.195,6.772,16644,23067,0,36,33,33,1264944,33984,29,31,0
10812,0.787,1.614,0.011,2.412,1.364,16644,23067,0,36,33,33,1264944,33984,29,31,0
10813,0.725,0.582,0.014,1.321,2.570,16644,23067,0,36,33,33,1264944,33984,29,31,0
10814,0.748,1.723,0.013,2.484,1.478,16644,23067,0,36,33,33,1264944,33984,29,31,0
10815,0.733,4.896,0.017,5.646,2.646,16644,23067,0,36,33,33,1264944,33984,29,31,0
10816,0.820,10.586,0.014,11.420,5.833,16644,23067,0,36,33,33,1264944,33984,29,31,0
10817,0.819,6.957,0.017,7.793,11.615,16644,23067,0,36,33,33,1264944,33984,29,31,0
10818,0.801,0.361,0.050,1.211,7.985,16644,23067,0,36,33,33,1264944,33984,29,31,0
10819,0.834,1.549,0.020,2.403,1.393,16644,23067,0,36,33,33,1264944,33984,29,31,0
10820,0.856,0.415,0.015,1.287,2.591,16644,23067,0,36,33,33,1264944,33984,29,31,0
10821,0.820,1.449,0.021,2.290,1.457,16644,23067,0,36,33,33,1264944,33984,29,31,0
10822,0.888,4.730,0.014,5.632,2.467,16644,23067,0,36,33,33,1264944,33984,29,31,0
10823,0.831,10.613,0.012,11.456,5.809,16644,23067,0,36,33,33,1264944,33984,29,31,0
10824,0.972,6.689,0.022,7.683,11.706,16644,23067,0,36,33,33,1264944,33984,29,31,0
10825,0.945,0.456,0.010,1.411,7.876,16644,23067,0,36,33,33,1264944,33984,29,31,0
10826,0.911,1.362,0.013,2.287,1.612,16644,23067,0,36,33,33,1264944,33984,29,31,0
10827,1.019,0.640,0.013,1.672,2.556,16644,23067,0,36,33,33,1264944,33984,29,31,0
10828,0.838,0.445,0.014,1.297,1.855,16644,23067,0,36,33,33,1264944,33984,29,31,0
10829,0.936,3.915,0.014,4.865,1.462,16644,23067,0,36,33,33,1264944,33984,29,31,0
10830,0.868,11.638,0.017,12.522,5.059,16644,23067,0,36,33,33,1264944,33984,29,31,0
10831,0.969,7.492,0.017,8.479,12.731,16644,23067,0,36,33,33,1264944,33984,29,31,0
10832,0.928,0.593,0.022,1.543,8.673,16644,23067,0,36,33,33,1264944,33984,29,31,0
10833,0.868,1.586,0.015,2.469,1.726,16644,23067,0,36,33,33,1264944,33984,29,31,0
10834,0.883,0.400,0.020,1.303,2.661,16644,23067,0,36,33,33,1264944,33984,29,31,0
10835,0.745,0.366,0.016,1.126,1.451,16644,23067,0,36,33,33,1264944,33984,29,31,0
10836,0.808,3.484,0.014,4.307,1.296,16644,23067,0,36,33,33,1264944,33984,29,31,0
10837,0.775,12.518,0.017,13.310,4.480,16644,23067,0,36,33,33,1264944,33984,29,31,0
10838,0.850,6.594,0.019,7.463,13.488,16644,23067,0,36,33,33,1264944,33984,29,31,0
10839,0.906,0.451,0.013,1.370,7.673,16644,23067,0,36,33,33,1264944,33984,29,31,0
10840,0.837,0.356,0.011,1.204,1.543,16644,23067,0,36,33,33,1264944,33984,29,31,0
10841,0.866,0.449,0.021,1.336,1.392,16644,23067,0,36,33,33,1264944,33984,29,31,0
10842,0.732,0.367,0.016,1.115,1.532,16644,23067,0,36,33,33,1264944,33984,29,31,0
10843,0.797,10.145,0.018,10.960,1.270,16644,23067,0,36,33,33,1264944,33984,29,31,0
10844,0.869,7.872,0.024,8.765,11.156,16644,23067,0,36,33,33,1264944,33984,29,31,0
10845,0.842,6.509,0.022,7.373,8.951,16644,23067,0,36,33,33,1264944,33984,29,31,0
10846,0.842,0.579,0.012,1.434,7.554,16644,23067,0,36,33,33,1264944,33984,29,31,0
10847,0.803,0.382,0.028,1.213,1.625,16644,23067,0,36,33,33,1264944,33984,29,31,0
10848,0.830,0.553,0.016,1.399,1.409,16644,23067,0,36,33,33,1264944,33984,29,31,0
10849,0.710,0.358,0.011,1.079,1.567,16644,23067,0,36,33,33,1264944,33984,29,31,0
10850,0.725,5.190,0.014,5.928,1.232,16644,23067,0,36,33,33,1264944,33984,29,31,0
10851,0.777,12.485,0.019,13.282,6.095,16644,23067,0,36,33,33,1264944,33984,29,31,0
10852,0.849,6.854,0.017,7.719,13.461,16644,23067,0,36,33,33,1264944,33984,29,31,0
10853,0.807,0.713,0.014,1.533,7.908,16644,23067,0,36,33,33,1264944,33984,29,31,0
10854,0.808,0.392,0.023,1.224,1.719,16644,23067,0,36,33,33,1264944,33984,29,31,0
10855,0.829,0.383,0.009,1.221,1.401,16644,23067,0,36,33,33,1264944,33984,29,31,0
10856,0.799,0.380,0.013,1.192,1.386,16644,23067,0,36,33,33,1264944,33984,29,31,0
10857,0.802,5.412,0.015,6.230,1.362,16644,23067,0,36,33,33,1264944,33984,29,31,0
10858,0.823,11.693,0.015,12.531,6.426,16644,23067,0,36,33,33,1264944,33984,29,31,0
10859,0.807,7.300,0.013,8.121,12.706,16644,23067,0,36,33,33,1264944,33984,29,31,0
10860,0.816,0.347,0.023,1.186,8.319,16644,23067,0,36,33,33,1264944,33984,29,31,0
10861,0.808,1.940,0.010,2.758,1.358,16644,23067,0,36,33,33,1264944,33984,29,31,0
10862,0.854,0.681,0.011,1.546,2.943,16644,23067,0,36,33,33,1264944,33984,29,31,0
10863,0.823,0.400,0.017,1.240,1.712,16644,23067,0,36,33,33,1264944,33984,29,31,0
10864,0.798,4.324,0.010,5.131,1.412,16644,23067,0,36,33,33,1264944,33984,29,31,0
10865,0.819,11.622,0.022,12.462,5.317,16644,23067,0,36,33,33,1264944,33984,29,31,0
10866,0.947,6.749,0.019,7.716,12.661,16644,23067,0,36,33,33,1264944,33984,29,31,0
10867,0.958,0.458,0.010,1.427,7.953,16644,23067,0,36,33,33,1264944,33984,29,31,0
10868,0.922,0.454,0.014,1.390,1.623,16644,23067,0,36,33,33,1264944,33984,29,31,0
10869,0.873,0.359,0.011,1.243,1.584,16644,23067,0,36,33,33,1264944,33984,29,31,0
10870,0.824,0.411,0.016,1.251,1.415,16644,23067,0,36,33,33,1264944,33984,29,31,0
10871,0.836,0.781,0.015,1.631,1.430,16644,23067,0,36,33,33,1264944,33984,29,31,0
10872,0.813,2.968,0.012,3.792,1.813,16644,23067,0,36,33,33,1264944,33984,29,31,0
10873,0.833,12.417,0.028,13.278,3.973,16644,23067,0,36,33,33,1264944,33984,29,31,0
10874,0.819,7.000,0.014,7.833,13.459,16644,23067,0,36,33,33,1264944,33984,29,31,0
10875,0.956,0.438,0.013,1.407,8.048,16644,23067,0,36,33,33,1264944,33984,29,31,0
10876,0.948,0.382,0.019,1.349,1.608,16644,23067,0,36,33,33,1264944,33984,29,31,0
10877,0.820,0.367,0.020,1.206,1.534,16644,23067,0,36,33,33,1264944,33984,29,31,0
10878,0.800,0.410,0.012,1.221,1.373,16644,23067,0,36,33,33,1264944,33984,29,31,0
10879,0.794,3.683,0.011,4.488,1.392,16644,23067,0,36,33,33,1264944,33984,29,31,0
10880,0.803,13.609,0.013,14.425,4.676,16644,23067,0,36,33,33,1264944,33984,29,31,0
10881,0.942,6.806,0.015,7.763,14.641,16644,23067,0,36,33,33,1264944,33984,29,31,0
10882,0.918,0.407,0.014,1.339,7.987,16644,23067,0,36,33,33,1264944,33984,29,31,0
10883,0.913,0.410,0.017,1.340,1.528,16644,23067,0,36,33,33,1264944,33984,29,31,0
10884,0.951,0.402,0.010,1.364,1.547,16644,23067,0,36,33,33,1264944,33984,29,31,0
10885,0.802,0.408,0.017,1.227,1.540,16644,23067,0,36,33,33,1264944,33984,29,31,0
10886,0.858,9.747,0.016,10.622,1.417,16644,23067,0,36,33,33,1264944,33984,29,31,0
10887,0.817,8.041,0.017,8.876,10.809,16644,23067,0,36,33,33,1264944,33984,29,31,0
10888,0.929,6.558,0.025,7.512,9.093,16644,23067,0,36,33,33,1264944,33984,29,31,0
10889,0.942,0.435,0.015,1.393,7.722,16644,23067,0,36,33,33,1264944,33984,29,31,0
10890,0.923,0.365,0.016,1.304,1.584,16644,23067,0,36,33,33,1264944,33984,29,31,0
10891,0.924,0.418,0.028,1.369,1.507,16644,23067,0,36,33,33,1264944,33984,29,31,0
10892,0.845,0.404,0.019,1.269,1.573,16644,23067,0,36,33,33,1264944,33984,29,31,0
10893,0.835,1.211,0.015,2.061,1.496,16644,23067,0,36,33,33,1264944,33984,29,31,0
10894,0.800,4.681,0.014,5.495,2.245,16644,23067,0,36,33,33,1264944,33984,29,31,0
10895,0.810,10.278,0.036,11.125,5.677,16644,23067,0,36,33,33,1264944,33984,29,31,0
10896,0.794,6.504,0.017,7.315,11.303,16644,23067,0,36,33,33,1264944,33984,29,31,0
10897,0.937,7.477,0.020,8.434,7.527,16644,23067,0,36,33,33,1264944,33984,29,31,0
10898,1.018,7.302,0.027,8.348,8.671,16644,23067,0,36,33,33,1264944,33984,29,31,0
10899,0.972,7.110,0.040,8.123,8.575,16644,23067,0,36,33,33,1264944,33984,29,31,0
10900,0.940,6.787,0.017,7.744,8.341,16644,23067,0,36,33,33,1264944,33984,29,31,0
10901,1.138,0.524,0.017,1.679,8.009,16644,23067,0,36,33,33,1264944,33984,29,31,0
10902,0.919,0.458,0.013,1.390,1.888,16644,23067,0,36,33,33,1264944,33984,29,31,0
10903,0.949,0.466,0.039,1.453,1.581,16644,23067,0,36,33,33,1264944,33984,29,31,0
10904,0.964,0.460,0.020,1.444,1.644,16644,23067,0,36,33,33,1264944,33984,29,31,0
10905,0.931,0.453,0.013,1.397,1.652,16644,23067,0,36,33,33,1264944,33984,29,31,0
10906,1.009,2.056,0.022,3.087,1.592,16644,23067,0,36,33,33,1264944,33984,29,31,0
10907,0.916,12.571,0.019,13.506,3.274,16644,23067,0,36,33,33,1264944,33984,29,31,0
10908,0.972,6.882,0.012,7.866,13.731,16644,23067,0,36,33,33,1264944,33984,29,31,0
10909,1.017,0.544,0.016,1.577,8.108,16644,23067,0,36,33,33,1264944,33984,29,31,0
10910,1.018,0.468,0.013,1.499,1.801,16644,23067,0,36,33,33,1264944,33984,29,31,0
10911,0.857,0.421,0.014,1.291,1.682,16644,23067,0,36,33,33,1264944,33984,29,31,0
10912,0.830,0.361,0.014,1.204,1.466,16644,23067,0,36,33,33,1264944,33984,29,31,0
10913,0.834,0.371,0.014,1.219,1.382,16644,23067,0,36,33,33,1264944,33984,29,31,0
10914,0.820,3.335,0.011,4.167,1.388,16644,23067,0,36,33,33,1264944,33984,29,31,0
10915,0.965,12.114,0.015,13.093,4.453,16644,23067,0,36,33,33,1264944,33984,29,31,0
10916,0.954,6.526,0.029,7.509,13.321,16644,23067,0,36,33,33,1264944,33984,29,31,0
10917,0.995,0.437,0.015,1.447,7.742,16644,23067,0,36,33,33,1264944,33984,29,31,0
10918,0.808,0.381,0.019,1.208,1.645,16644,23067,0,36,33,33,1264944,33984,29,31,0
10919,0.800,0.436,0.014,1.250,1.386,16644,23067,0,36,33,33,1264944,33984,29,31,0
10920,0.859,0.436,0.015,1.310,1.426,16644,23067,0,36,33,33,1264944,33984,29,31,0
10921,0.842,0.909,0.013,1.764,1.491,16644,23067,0,36,33,33,1264944,33984,29,31,0
10922,0.796,3.982,0.023,4.800,1.933,16644,23067,0,36,33,33,1264944,33984,29,31,0
10923,0.846,11.373,0.019,12.238,4.988,16644,23067,0,36,33,33,1264944,33984,29,31,0
10924,0.853,6.652,0.016,7.521,12.465,16644,23067,0,36,33,33,1264944,33984,29,31,0
10925,0.842,0.364,0.025,1.232,7.712,16644,23067,0,36,33,33,1264944,33984,29,31,0
10926,0.824,0.375,0.012,1.212,1.418,16644,23067,0,36,33,33,1264944,33984,29,31,0
10927,0.810,0.391,0.017,1.218,1.392,16644,23067,0,36,33,33,1264944,33984,29,31,0
10928,0.866,0.521,0.012,1.398,1.474,16644,23067,0,36,33,33,1264944,33984,29,31,0
10929,0.768,10.373,0.022,11.164,1.594,16644,23067,0,36,33,33,1264944,33984,29,31,0
10930,0.851,7.505,0.021,8.377,11.366,16644,23067,0,36,33,33,1264944,33984,29,31,0
10931,0.865,6.776,0.015,7.657,8.569,16644,23067,0,36,33,33,1264944,33984,29,31,0
10932,0.815,0.400,0.017,1.232,7.848,16644,23067,0,36,33,33,1264944,33984,29,31,0
10933,0.833,0.395,0.022,1.250,1.399,16644,23067,0,36,33,33,1264944,33984,29,31,0
10934,0.846,0.362,0.011,1.219,1.423,16644,23067,0,36,33,33,1264944,33984,29,31,0
10935,0.861,0.429,0.016,1.306,1.411,16644,23067,0,36,33,33,1264944,33984,29,31,0
10936,0.793,4.227,0.028,5.049,1.484,16644,23067,0,36,33,33,1264944,33984,29,31,0
10937,0.850,13.135,0.018,14.002,5.251,16644,23067,0,36,33,33,1264944,33984,29,31,0
10938,0.816,7.148,0.014,7.979,14.193,16644,23067,0,36,33,33,1264944,33984,29,31,0
10939,0.822,0.403,0.031,1.256,8.168,16644,23067,0,36,33,33,1264944,33984,29,31,0
10940,0.804,0.411,0.019,1.234,1.435,16644,23067,0,36,33,33,1264944,33984,29,31,0
10941,0.808,0.412,0.021,1.241,1.410,16644,23067,0,36,33,33,1264944,33984,29,31,0
10942,0.770,0.401,0.013,1.184,1.429,16644,23067,0,36,33,33,1264944,33984,29,31,0
10943,0.728,10.541,0.016,11.285,1.347,16644,23067,0,36,33,33,1264944,33984,29,31,0
10944,0.793,7.257,0.026,8.075,11.456,16644,23067,0,36,33,33,1264944,33984,29,31,0
10945,0.870,6.902,0.010,7.782,8.262,16644,23067,0,36,33,33,1264944,33984,29,31,0
10946,0.813,0.409,0.020,1.242,7.960,16644,23067,0,36,33,33,1264944,33984,29,31,0
10947,0.829,0.457,0.014,1.300,1.435,16644,23067,0,36,33,33,1264944,33984,29,31,0
10948,0.857,0.456,0.021,1.334,1.471,16644,23067,0,36,33,33,1264944,33984,29,31,0
10949,0.764,0.408,0.014,1.186,1.510,16644,23067,0,36,33,33,1264944,33984,29,31,0
10950,0.829,1.352,0.014,2.195,1.343,16644,23067,0,36,33,33,1264944,33984,29,31,0
10951,0.704,4.413,0.013,5.129,2.367,16644,23067,0,36,33,33,1264944,33984,29,31,0
10952,0.737,10.983,0.016,11.736,5.300,16644,23067,0,36,33,33,1264944,33984,29,31,0
10953,0.811,6.835,0.014,7.659,11.923,16644,23067,0,36,33,33,1264944,33984,29,31,0
10954,0.834,0.468,0.015,1.318,7.846,16644,23067,0,36,33,33,1264944,33984,29,31,0
10955,0.812,0.418,0.015,1.245,1.485,16644,23067,0,36,33,33,1264944,33984,29,31,0
10956,0.804,0.403,0.014,1.220,1.431,16644,23067,0,36,33,33,1264944,33984,29,31,0
10957,0.847,0.452,0.015,1.315,1.395,16644,23067,0,36,33,33,1264944,33984,29,31,0
10958,0.700,4.126,0.013,4.839,1.460,16644,23067,0,36,33,33,1264944,33984,29,31,0
10959,0.765,13.498,0.014,14.278,5.006,16644,23067,0,36,33,33,1264944,33984,29,31,0
10960,0.820,6.894,0.015,7.729,14.456,16644,23067,0,36,33,33,1264944,33984,29,31,0
10961,0.794,0.510,0.015,1.319,7.923,16644,23067,0,36,33,33,1264944,33984,29,31,0
10962,0.825,0.426,0.016,1.267,1.484,16644,23067,0,36,33,33,1264944,33984,29,31,0
10963,0.814,0.407,0.011,1.232,1.452,16644,23067,0,36,33,33,1264944,33984,29,31,0
10964,0.829,0.482,0.034,1.345,1.420,16644,23067,0,36,33,33,1264944,33984,29,31,0
10965,0.854,9.880,0.013,10.747,1.535,16644,23067,0,36,33,33,1264944,33984,29,31,0
10966,0.815,8.126,0.028,8.969,10.941,16644,23067,0,36,33,33,1264944,33984,29,31,0
10967,0.812,6.626,0.016,7.454,9.151,16644,23067,0,36,33,33,1264944,33984,29,31,0
10968,0.811,0.401,0.023,1.236,7.628,16644,23067,0,36,33,33,1264944,33984,29,31,0
10969,0.867,0.457,0.014,1.339,1.416,16644,23067,0,36,33,33,1264944,33984,29,31,0
10970,0.846,0.403,0.012,1.260,1.514,16644,23067,0,36,33,33,1264944,33984,29,31,0
10971,0.813,0.420,0.027,1.260,1.432,16644,23067,0,36,33,33,1264944,33984,29,31,0
10972,0.770,3.930,0.013,4.713,1.436,16644,23067,0,36,33,33,1264944,33984,29,31,0
10973,0.719,13.586,0.017,14.323,4.878,16644,23067,0,36,33,33,1264944,33984,29,31,0
10974,0.801,6.923,0.014,7.738,14.527,16644,23067,0,36,33,33,1264944,33984,29,31,0
10975,0.790,0.324,0.015,1.130,7.928,16644,23067,0,36,33,33,1264944,33984,29,31,0
10976,0.799,0.336,0.012,1.146,1.309,16644,23067,0,36,33,33,1264944,33984,29,31,0
10977,0.793,0.330,0.013,1.136,1.334,16644,23067,0,36,33,33,1264944,33984,29,31,0
10978,0.807,0.421,0.011,1.239,1.343,16644,23067,0,36,33,33,1264944,33984,29,31,0
10979,0.732,0.349,0.015,1.095,1.413,16644,23067,0,36,33,33,1264944,33984,29,31,0
10980,0.711,3.101,0.019,3.830,1.247,16644,23067,0,36,33,33,1264944,33984,29,31,0
10981,0.708,13.846,0.019,14.573,3.997,16644,23067,0,36,33,33,1264944,33984,29,31,0
10982,0.823,7.062,0.022,7.907,14.762,16644,23067,0,36,33,33,1264944,33984,29,31,0
10983,0.810,0.471,0.017,1.298,8.099,16644,23067,0,36,33,33,1264944,33984,29,31,0
10984,0.847,1.476,0.015,2.338,1.493,16644,23067,0,36,33,33,1264944,33984,29,31,0
10985,0.888,0.385,0.014,1.288,2.527,16644,23067,0,36,33,33,1264944,33984,29,31,0
10986,0.832,1.483,0.014,2.328,1.470,16644,23067,0,36,33,33,1264944,33984,29,31,0
10987,0.865,4.675,0.010,5.549,2.510,16644,23067,0,36,33,33,1264944,33984,29,31,0
10988,0.807,10.765,0.016,11.588,5.736,16644,23067,0,36,33,33,1264944,33984,29,31,0
10989,0.947,6.491,0.020,7.458,11.800,16644,23067,0,36,33,33,1264944,33984,29,31,0
10990,0.948,0.447,0.036,1.432,7.670,16644,23067,0,36,33,33,1264944,33984,29,31,0
10991,0.965,1.438,0.025,2.428,1.635,16644,23067,0,36,33,33,1264944,33984,29,31,0
10992,0.982,0.397,0.026,1.405,2.630,16644,23067,0,36,33,33,1264944,33984,29,31,0
10993,0.905,1.585,0.010,2.500,1.622,16644,23067,0,36,33,33,1264944,33984,29,31,0
10994,0.892,4.767,0.015,5.674,2.684,16644,23067,0,36,33,33,1264944,33984,29,31,0
10995,0.810,9.883,0.015,10.708,5.866,16644,23067,0,36,33,33,1264944,33984,29,31,0
10996,0.948,6.836,0.010,7.794,10.907,16644,23067,0,36,33,33,1264944,33984,29,31,0
10997,0.944,0.472,0.010,1.426,8.007,16644,23067,0,36,33,33,1264944,33984,29,31,0
10998,0.955,1.295,0.017,2.267,1.630,16644,23067,0,36,33,33,1264944,33984,29,31,0
10999,0.966,0.506,0.015,1.488,2.500,16644,23067,0,36,33,33,1264944,33984,29,31,0
11000,0.903,1.318,0.010,2.230,1.696,16644,23067,0,36,33,33,1264944,33984,29,31,0
11001,0.916,4.919,0.016,5.851,2.402,16644,23067,0,36,33,33,1264944,33984,29,31,0
11002,0.962,10.032,0.016,11.011,6.078,16644,23067,0,36,33,33,1264944,33984,29,31,0
11003,0.950,6.933,0.016,7.898,11.222,16644,23067,0,36,33,33,1264944,33984,29,31,0
11004,0.970,0.499,0.015,1.484,8.123,16644,23067,0,36,33,33,1264944,33984,29,31,0
11005,0.925,0.503,0.016,1.443,1.679,16644,23067,0,36,33,33,1264944,33984,29,31,0
11006,0.996,0.502,0.016,1.515,1.652,16644,23067,0,36,33,33,1264944,33984,29,31,0
11007,0.941,0.449,0.019,1.409,1.711,16644,23067,0,36,33,33,1264944,33984,29,31,0
11008,0.868,4.797,0.025,5.690,1.619,16644,23067,0,36,33,33,1264944,33984,29,31,0
11009,0.897,11.981,0.020,12.899,5.877,16644,23067,0,36,33,33,1264944,33984,29,31,0
11010,0.996,6.511,0.024,7.532,13.160,16644,23067,0,36,33,33,1264944,33984,29,31,0
11011,0.959,0.477,0.017,1.453,7.763,16644,23067,0,36,33,33,1264944,33984,29,31,0
11012,0.939,0.434,0.013,1.386,1.648,16644,23067,0,36,33,33,1264944,33984,29,31,0
11013,0.949,0.449,0.024,1.422,1.579,16644,23067,0,36,33,33,1264944,33984,29,31,0
11014,0.829,0.424,0.021,1.273,1.615,16644,23067,0,36,33,33,1264944,33984,29,31,0
11015,0.857,3.675,0.017,4.549,1.441,16644,23067,0,36,33,33,1264944,33984,29,31,0
11016,0.848,13.053,0.016,13.917,4.743,16644,23067,0,36,33,33,1264944,33984,29,31,0
11017,1.079,6.615,0.013,7.707,14.177,16644,23067,0,36,33,33,1264944,33984,29,31,0
11018,0.982,0.519,0.011,1.511,7.934,16644,23067,0,36,33,33,1264944,33984,29,31,0
11019,0.931,0.443,0.036,1.411,1.710,16644,23067,0,36,33,33,1264944,33984,29,31,0
11020,0.877,0.382,0.024,1.283,1.607,16644,23067,0,36,33,33,1264944,33984,29,31,0
11021,0.796,0.383,0.021,1.200,1.471,16644,23067,0,36,33,33,1264944,33984,29,31,0
11022,0.972,3.354,0.023,4.349,1.396,16644,23067,0,36,33,33,1264944,33984,29,31,0
11023,0.861,13.684,0.017,14.562,4.542,16644,23067,0,36,33,33,1264944,33984,29,31,0
11024,1.035,6.690,0.018,7.743,14.766,16644,23067,0,36,33,33,1264944,33984,29,31,0
11025,0.953,0.438,0.012,1.403,7.960,16644,23067,0,36,33,33,1264944,33984,29,31,0
11026,0.797,0.404,0.016,1.217,1.573,16644,23067,0,36,33,33,1264944,33984,29,31,0
11027,0.828,0.367,0.011,1.207,1.395,16644,23067,0,36,33,33,1264944,33984,29,31,0
11028,0.831,0.442,0.019,1.292,1.369,16644,23067,0,36,33,33,1264944,33984,29,31,0
11029,0.907,3.590,0.036,4.533,1.464,16644,23067,0,36,33,33,1264944,33984,29,31,0
11030,0.824,14.017,0.019,14.861,4.720,16644,23067,0,36,33,33,1264944,33984,29,31,0
11031,0.861,6.756,0.014,7.631,15.047,16644,23067,0,36,33,33,1264944,33984,29,31,0
11032,1.016,0.491,0.026,1.533,7.866,16644,23067,0,36,33,33,1264944,33984,29,31,0
11033,0.841,0.422,0.013,1.276,1.737,16644,23067,0,36,33,33,1264944,33984,29,31,0
11034,0.820,0.409,0.016,1.245,1.458,16644,23067,0,36,33,33,1264944,33984,29,31,0
11035,0.832,0.362,0.012,1.206,1.417,16644,23067,0,36,33,33,1264944,33984,29,31,0
11036,0.821,3.916,0.015,4.753,1.383,16644,23067,0,36,33,33,1264944,33984,29,31,0
11037,0.812,12.835,0.018,13.665,4.940,16644,23067,0,36,33,33,1264944,33984,29,31,0
11038,0.864,6.817,0.020,7.700,13.872,16644,23067,0,36,33,33,1264944,33984,29,31,0
11039,0.789,0.502,0.017,1.308,7.877,16644,23067,0,36,33,33,1264944,33984,29,31,0
11040,0.866,0.410,0.015,1.290,1.492,16644,23067,0,36,33,33,1264944,33984,29,31,0
11041,0.820,0.384,0.012,1.215,1.461,16644,23067,0,36,33,33,1264944,33984,29,31,0
11042,0.857,0.424,0.011,1.292,1.398,16644,23067,0,36,33,33,1264944,33984,29,31,0
11043,0.777,0.387,0.015,1.179,1.474,16644,23067,0,36,33,33,1264944,33984,29,31,0
11044,0.725,3.339,0.013,4.077,1.333,16644,23067,0,36,33,33,1264944,33984,29,31,0
11045,0.806,13.143,0.026,13.975,4.259,16644,23067,0,36,33,33,1264944,33984,29,31,0
11046,0.817,6.866,0.009,7.692,14.161,16644,23067,0,36,33,33,1264944,33984,29,31,0
11047,0.805,0.330,0.015,1.149,7.882,16644,23067,0,36,33,33,1264944,33984,29,31,0
11048,0.803,0.527,0.016,1.346,1.314,16644,23067,0,36,33,33,1264944,33984,29,31,0
11049,0.850,0.402,0.017,1.270,1.548,16644,23067,0,36,33,33,1264944,33984,29,31,0
11050,0.863,0.431,0.021,1.315,1.444,16644,23067,0,36,33,33,1264944,33984,29,31,0
11051,0.817,10.155,0.013,10.986,1.479,16644,23067,0,36,33,33,1264944,33984,29,31,0
11052,0.820,7.776,0.016,8.612,11.173,16644,23067,0,36,33,33,1264944,33984,29,31,0
11053,0.829,6.626,0.012,7.466,8.790,16644,23067,0,36,33,33,1264944,33984,29,31,0
11054,0.928,0.425,0.015,1.368,7.667,16644,23067,0,36,33,33,1264944,33984,29,31,0
11055,0.934,0.377,0.033,1.344,1.554,16644,23067,0,36,33,33,1264944,33984,29,31,0
11056,0.814,0.352,0.014,1.180,1.526,16644,23067,0,36,33,33,1264944,33984,29,31,0
11057,0.806,0.385,0.012,1.202,1.350,16644,23067,0,36,33,33,1264944,33984,29,31,0
11058,0.800,10.027,0.013,10.841,1.368,16644,23067,0,36,33,33,1264944,33984,29,31,0
11059,0.836,7.720,0.015,8.571,11.022,16644,23067,0,36,33,33,1264944,33984,29,31,0
11060,0.815,6.915,0.011,7.740,8.750,16644,23067,0,36,33,33,1264944,33984,29,31,0
11061,0.944,0.454,0.021,1.419,7.975,16644,23067,0,36,33,33,1264944,33984,29,31,0
11062,0.971,0.469,0.014,1.454,1.643,16644,23067,0,36,33,33,1264944,33984,29,31,0
11063,0.827,0.388,0.016,1.231,1.644,16644,23067,0,36,33,33,1264944,33984,29,31,0
11064,0.824,0.394,0.014,1.231,1.396,16644,23067,0,36,33,33,1264944,33984,29,31,0
11065,0.799,0.982,0.014,1.795,1.407,16644,23067,0,36,33,33,1264944,33984,29,31,0
11066,0.785,4.305,0.014,5.105,1.980,16644,23067,0,36,33,33,1264944,33984,29,31,0
11067,0.818,10.804,0.014,11.636,5.296,16644,23067,0,36,33,33,1264944,33984,29,31,0
11068,0.791,7.114,0.017,7.921,11.814,16644,23067,0,36,33,33,1264944,33984,29,31,0
11069,0.955,0.937,0.023,1.914,8.133,16644,23067,0,36,33,33,1264944,33984,29,31,0
11070,0.970,0.496,0.018,1.484,2.126,16644,23067,0,36,33,33,1264944,33984,29,31,0
11071,0.966,0.394,0.048,1.408,1.681,16644,23067,0,36,33,33,1264944,33984,29,31,0
11072,0.807,10.082,0.016,10.905,1.580,16644,23067,0,36,33,33,1264944,33984,29,31,0
11073,0.953,7.999,0.012,8.964,11.124,16644,23067,0,36,33,33,1264944,33984,29,31,0
11074,0.925,6.556,0.012,7.493,9.172,16644,23067,0,36,33,33,1264944,33984,29,31,0
11075,0.957,0.418,0.014,1.388,7.735,16644,23067,0,36,33,33,1264944,33984,29,31,0
11076,0.918,0.423,0.018,1.359,1.589,16644,23067,0,36,33,33,1264944,33984,29,31,0
11077,0.971,0.459,0.010,1.440,1.582,16644,23067,0,36,33,33,1264944,33984,29,31,0
11078,0.953,0.444,0.015,1.412,1.653,16644,23067,0,36,33,33,1264944,33984,29,31,0
11079,0.847,0.392,0.019,1.257,1.629,16644,23067,0,36,33,33,1264944,33984,29,31,0
11080,0.846,4.184,0.018,5.048,1.438,16644,23067,0,36,33,33,1264944,33984,29,31,0
11081,0.853,10.764,0.015,11.632,5.239,16644,23067,0,36,33,33,1264944,33984,29,31,0
11082,0.807,6.915,0.023,7.745,11.832,16644,23067,0,36,33,33,1264944,33984,29,31,0
11083,0.942,0.375,0.047,1.364,7.952,16644,23067,0,36,33,33,1264944,33984,29,31,0
11084,0.856,0.365,0.017,1.238,1.561,16644,23067,0,36,33,33,1264944,33984,29,31,0
11085,0.816,0.341,0.013,1.170,1.410,16644,23067,0,36,33,33,1264944,33984,29,31,0
11086,0.837,0.447,0.012,1.297,1.346,16644,23067,0,36,33,33,1264944,33984,29,31,0
11087,0.832,10.313,0.023,11.167,1.469,16644,23067,0,36,33,33,1264944,33984,29,31,0
11088,0.853,7.769,0.021,8.643,11.366,16644,23067,0,36,33,33,1264944,33984,29,31,0
11089,0.819,6.654,0.018,7.491,8.824,16644,23067,0,36,33,33,1264944,33984,29,31,0
11090,0.941,0.427,0.017,1.385,7.692,16644,23067,0,36,33,33,1264944,33984,29,31,0
11091,0.927,0.440,0.022,1.389,1.599,16644,23067,0,36,33,33,1264944,33984,29,31,0
11092,0.817,0.392,0.014,1.223,1.602,16644,23067,0,36,33,33,1264944,33984,29,31,0
11093,0.813,0.366,0.015,1.194,1.395,16644,23067,0,36,33,33,1264944,33984,29,31,0
11094,0.840,0.834,0.022,1.697,1.373,16644,23067,0,36,33,33,1264944,33984,29,31,0
11095,0.801,3.435,0.020,4.256,1.875,16644,23067,0,36,33,33,1264944,33984,29,31,0
11096,0.815,12.049,0.021,12.885,4.431,16644,23067,0,36,33,33,1264944,33984,29,31,0
11097,0.956,6.852,0.014,7.823,13.095,16644,23067,0,36,33,33,1264944,33984,29,31,0
11098,0.971,0.619,0.012,1.603,8.064,16644,23067,0,36,33,33,1264944,33984,29,31,0
11099,1.000,0.357,0.012,1.369,1.820,16644,23067,0,36,33,33,1264944,33984,29,31,0
11100,0.840,0.461,0.016,1.317,1.554,16644,23067,0,36,33,33,1264944,33984,29,31,0
11101,0.823,10.894,0.020,11.737,1.497,16644,23067,0,36,33,33,1264944,33984,29,31,0
11102,0.984,7.005,0.019,8.007,11.959,16644,23067,0,36,33,33,1264944,33984,29,31,0
11103,1.002,6.980,0.017,7.998,8.235,16644,23067,0,36,33,33,1264944,33984,29,31,0
11104,0.972,0.421,0.014,1.407,8.207,16644,23067,0,36,33,33,1264944,33984,29,31,0
11105,0.923,0.372,0.018,1.313,1.616,16644,23067,0,36,33,33,1264944,33984,29,31,0
11106,0.924,0.364,0.012,1.300,1.516,16644,23067,0,36,33,33,1264944,33984,29,31,0
11107,0.820,0.394,0.018,1.232,1.469,16644,23067,0,36,33,33,1264944,33984,29,31,0
11108,0.822,1.252,0.012,2.086,1.409,16644,23067,0,36,33,33,1264944,33984,29,31,0
11109,0.795,7.223,0.015,8.032,2.268,16644,23067,0,36,33,33,1264944,33984,29,31,0
11110,0.515,8.309,0.018,8.842,8.150,16644,23067,0,36,33,33,1264944,33984,29,31,0
11111,0.946,6.769,0.016,7.731,9.052,16644,23067,0,36,33,33,1264944,33984,29,31,0
11112,0.979,7.387,0.027,8.393,7.949,16644,23067,0,36,33,33,1264944,33984,29,31,0
11113,1.032,6.992,0.026,8.050,8.622,16644,23067,0,36,33,33,1264944,33984,29,31,0
11114,0.955,6.918,0.017,7.890,8.301,16644,23067,0,36,33,33,1264944,33984,29,31,0
11115,0.968,6.787,0.016,7.771,8.105,16644,23067,0,36,33,33,1264944,33984,29,31,0
11116,0.955,0.478,0.021,1.455,8.001,16644,23067,0,36,33,33,1264944,33984,29,31,0
11117,0.969,0.475,0.016,1.460,1.666,16644,23067,0,36,33,33,1264944,33984,29,31,0
11118,0.968,0.462,0.016,1.446,1.656,16644,23067,0,36,33,33,1264944,33984,29,31,0
11119,0.992,0.567,0.025,1.584,1.645,16644,23067,0,36,33,33,1264944,33984,29,31,0
11120,0.947,0.469,0.014,1.430,1.798,16644,23067,0,36,33,33,1264944,33984,29,31,0
11121,0.950,2.085,0.012,3.046,1.618,16644,23067,0,36,33,33,1264944,33984,29,31,0
11122,0.865,12.898,0.023,13.786,3.255,16644,23067,0,36,33,33,1264944,33984,29,31,0
11123,1.044,6.625,0.019,7.688,13.999,16644,23067,0,36,33,33,1264944,33984,29,31,0
11124,0.973,0.450,0.018,1.442,7.901,16644,23067,0,36,33,33,1264944,33984,29,31,0
11125,0.936,0.439,0.015,1.390,1.650,16644,23067,0,36,33,33,1264944,33984,29,31,0
11126,0.946,0.386,0.011,1.343,1.582,16644,23067,0,36,33,33,1264944,33984,29,31,0
11127,0.843,0.404,0.024,1.271,1.513,16644,23067,0,36,33,33,1264944,33984,29,31,0
11128,0.860,0.631,0.023,1.514,1.434,16644,23067,0,36,33,33,1264944,33984,29,31,0
11129,0.933,1.938,0.012,2.883,1.688,16644,23067,0,36,33,33,1264944,33984,29,31,0
11130,0.826,13.246,0.016,14.088,3.079,16644,23067,0,36,33,33,1264944,33984,29,31,0
11131,0.805,7.082,0.017,7.903,14.275,16644,23067,0,36,33,33,1264944,33984,29,31,0
11132,0.935,0.423,0.014,1.373,8.137,16644,23067,0,36,33,33,1264944,33984,29,31,0
11133,0.792,0.337,0.018,1.146,1.557,16644,23067,0,36,33,33,1264944,33984,29,31,0
11134,0.800,0.386,0.011,1.198,1.320,16644,23067,0,36,33,33,1264944,33984,29,31,0
11135,0.835,0.382,0.014,1.231,1.387,16644,23067,0,36,33,33,1264944,33984,29,31,0
11136,0.824,10.162,0.018,11.004,1.402,16644,23067,0,36,33,33,1264944,33984,29,31,0
11137,0.867,7.288,0.020,8.174,11.208,16644,23067,0,36,33,33,1264944,33984,29,31,0
11138,0.866,6.788,0.012,7.666,8.375,16644,23067,0,36,33,33,1264944,33984,29,31,0
11139,0.935,0.464,0.013,1.413,7.884,16644,23067,0,36,33,33,1264944,33984,29,31,0
11140,0.941,0.424,0.014,1.380,1.609,16644,23067,0,36,33,33,1264944,33984,29,31,0
11141,0.829,0.408,0.013,1.250,1.590,16644,23067,0,36,33,33,1264944,33984,29,31,0
11142,0.834,0.420,0.015,1.269,1.428,16644,23067,0,36,33,33,1264944,33984,29,31,0
11143,0.844,0.864,0.015,1.723,1.449,16644,23067,0,36,33,33,1264944,33984,29,31,0
11144,0.837,3.355,0.017,4.209,1.902,16644,23067,0,36,33,33,1264944,33984,29,31,0
11145,0.829,12.023,0.020,12.872,4.407,16644,23067,0,36,33,33,1264944,33984,29,31,0
11146,0.980,6.670,0.024,7.674,13.084,16644,23067,0,36,33,33,1264944,33984,29,31,0
11147,0.957,0.463,0.016,1.435,7.903,16644,23067,0,36,33,33,1264944,33984,29,31,0
11148,0.968,0.411,0.010,1.388,1.650,16644,23067,0,36,33,33,1264944,33984,29,31,0
11149,0.829,0.388,0.020,1.237,1.567,16644,23067,0,36,33,33,1264944,33984,29,31,0
11150,0.832,0.491,0.017,1.340,1.416,16644,23067,0,36,33,33,1264944,33984,29,31,0
11151,0.856,0.657,0.017,1.530,1.534,16644,23067,0,36,33,33,1264944,33984,29,31,0
11152,0.817,4.144,0.012,4.974,1.705,16644,23067,0,36,33,33,1264944,33984,29,31,0
11153,0.832,11.121,0.024,11.976,5.163,16644,23067,0,36,33,33,1264944,33984,29,31,0
11154,0.813,6.986,0.015,7.814,12.182,16644,23067,0,36,33,33,1264944,33984,29,31,0
11155,0.941,0.453,0.030,1.424,8.031,16644,23067,0,36,33,33,1264944,33984,29,31,0
11156,0.834,0.364,0.012,1.210,1.627,16644,23067,0,36,33,33,1264944,33984,29,31,0
11157,0.805,0.394,0.019,1.218,1.394,16644,23067,0,36,33,33,1264944,33984,29,31,0
11158,0.896,0.538,0.016,1.450,1.506,16644,23067,0,36,33,33,1264944,33984,29,31,0
11159,0.866,3.494,0.025,4.385,1.634,16644,23067,0,36,33,33,1264944,33984,29,31,0
11160,0.878,13.772,0.021,14.670,4.587,16644,23067,0,36,33,33,1264944,33984,29,31,0
11161,0.898,6.732,0.012,7.642,14.847,16644,23067,0,36,33,33,1264944,33984,29,31,0
11162,0.905,0.391,0.017,1.312,7.844,16644,23067,0,36,33,33,1264944,33984,29,31,0
11163,0.841,0.415,0.021,1.277,1.477,16644,23067,0,36,33,33,1264944,33984,29,31,0
11164,0.831,0.518,0.017,1.365,1.446,16644,23067,0,36,33,33,1264944,33984,29,31,0
11165,0.918,0.411,0.018,1.348,1.575,16644,23067,0,36,33,33,1264944,33984,29,31,0
11166,0.828,1.423,0.017,2.268,1.537,16644,23067,0,36,33,33,1264944,33984,29,31,0
11167,0.854,7.206,0.018,8.079,2.484,16644,23067,0,36,33,33,1264944,33984,29,31,0
11168,0.831,4.630,0.016,5.476,8.271,16644,23067,0,36,33,33,1264944,33984,29,31,0
11169,0.895,10.066,0.015,10.976,5.670,16644,23067,0,36,33,33,1264944,33984,29,31,0
11170,0.838,6.848,0.028,7.714,11.176,16644,23067,0,36,33,33,1264944,33984,29,31,0
11171,0.844,7.559,0.025,8.428,7.912,16644,23067,0,36,33,33,1264944,33984,29,31,0
11172,0.859,7.474,0.033,8.366,8.627,16644,23067,0,36,33,33,1264944,33984,29,31,0
11173,0.887,6.699,0.025,7.612,8.570,16644,23067,0,36,33,33,1264944,33984,29,31,0
11174,0.817,0.408,0.017,1.243,7.821,16644,23067,0,36,33,33,1264944,33984,29,31,0
11175,0.822,0.405,0.017,1.244,1.414,16644,23067,0,36,33,33,1264944,33984,29,31,0
11176,0.822,0.391,0.009,1.223,1.413,16644,23067,0,36,33,33,1264944,33984,29,31,0
11177,0.828,0.437,0.014,1.279,1.391,16644,23067,0,36,33,33,1264944,33984,29,31,0
11178,0.813,10.359,0.017,11.188,1.452,16644,23067,0,36,33,33,1264944,33984,29,31,0
11179,0.841,7.460,0.010,8.311,11.389,16644,23067,0,36,33,33,1264944,33984,29,31,0
11180,0.843,6.908,0.017,7.768,8.522,16644,23067,0,36,33,33,1264944,33984,29,31,0
11181,0.824,0.402,0.015,1.240,8.013,16644,23067,0,36,33,33,1264944,33984,29,31,0
11182,0.842,0.388,0.018,1.248,1.416,16644,23067,0,36,33,33,1264944,33984,29,31,0
11183,0.826,0.727,0.039,1.592,1.429,16644,23067,0,36,33,33,1264944,33984,29,31,0
11184,0.950,0.591,0.028,1.569,1.783,16644,23067,0,36,33,33,1264944,33984,29,31,0
11185,0.870,0.755,0.015,1.640,1.739,16644,23067,0,36,33,33,1264944,33984,29,31,0
11186,0.898,2.482,0.025,3.406,1.832,16644,23067,0,36,33,33,1264944,33984,29,31,0
11187,0.808,12.565,0.019,13.392,3.619,16644,23067,0,36,33,33,1264944,33984,29,31,0
11188,0.966,6.684,0.019,7.669,13.623,16644,23067,0,36,33,33,1264944,33984,29,31,0
11189,0.870,0.626,0.014,1.510,7.850,16644,23067,0,36,33,33,1264944,33984,29,31,0
11190,0.822,0.517,0.028,1.367,1.685,16644,23067,0,36,33,33,1264944,33984,29,31,0
11191,0.906,0.425,0.011,1.342,1.575,16644,23067,0,36,33,33,1264944,33984,29,31,0
11192,0.754,0.430,0.015,1.199,1.511,16644,23067,0,36,33,33,1264944,33984,29,31,0
11193,0.786,0.700,0.019,1.505,1.370,16644,23067,0,36,33,33,1264944,33984,29,31,0
11194,0.743,4.141,0.018,4.902,1.650,16644,23067,0,36,33,33,1264944,33984,29,31,0
11195,0.780,11.223,0.019,12.022,5.075,16644,23067,0,36,33,33,1264944,33984,29,31,0
11196,0.823,6.795,0.012,7.631,12.222,16644,23067,0,36,33,33,1264944,33984,29,31,0
11197,0.826,0.402,0.016,1.244,7.826,16644,23067,0,36,33,33,1264944,33984,29,31,0
11198,0.816,0.461,0.013,1.290,1.408,16644,23067,0,36,33,33,1264944,33984,29,31,0
11199,0.850,0.435,0.012,1.297,1.462,16644,23067,0,36,33,33,1264944,33984,29,31,0
11200,0.886,0.384,0.014,1.284,1.473,16644,23067,0,36,33,33,1264944,33984,29,31,0
11201,0.706,10.154,0.011,10.871,1.440,16644,23067,0,36,33,33,1264944,33984,29,31,0
11202,0.839,8.432,0.010,9.282,11.062,16644,23067,0,36,33,33,1264944,33984,29,31,0
11203,0.856,6.243,0.014,7.113,9.461,16644,23067,0,36,33,33,1264944,33984,29,31,0
11204,0.819,0.395,0.019,1.234,7.294,16644,23067,0,36,33,33,1264944,33984,29,31,0
11205,0.811,0.409,0.018,1.238,1.408,16644,23067,0,36,33,33,1264944,33984,29,31,0
11206,0.837,0.386,0.015,1.238,1.416,16644,23067,0,36,33,33,1264944,33984,29,31,0
11207,0.840,0.424,0.016,1.280,1.418,16644,23067,0,36,33,33,1264944,33984,29,31,0
11208,0.850,10.046,0.027,10.923,1.474,16644,23067,0,36,33,33,1264944,33984,29,31,0
11209,0.863,7.801,0.010,8.674,11.128,16644,23067,0,36,33,33,1264944,33984,29,31,0
11210,0.812,6.446,0.026,7.284,8.856,16644,23067,0,36,33,33,1264944,33984,29,31,0
11211,0.820,0.391,0.016,1.226,7.475,16644,23067,0,36,33,33,1264944,33984,29,31,0
11212,0.802,0.381,0.020,1.203,1.400,16644,23067,0,36,33,33,1264944,33984,29,31,0
11213,0.819,0.377,0.014,1.210,1.396,16644,23067,0,36,33,33,1264944,33984,29,31,0
11214,0.856,0.490,0.010,1.356,1.385,16644,23067,0,36,33,33,1264944,33984,29,31,0
11215,0.711,10.423,0.012,11.146,1.521,16644,23067,0,36,33,33,1264944,33984,29,31,0
11216,0.993,7.682,0.012,8.687,11.332,16644,23067,0,36,33,33,1264944,33984,29,31,0
11217,0.839,6.461,0.014,7.314,8.868,16644,23067,0,36,33,33,1264944,33984,29,31,0
11218,0.799,0.399,0.017,1.215,7.491,16644,23067,0,36,33,33,1264944,33984,29,31,0
11219,0.812,0.404,0.010,1.227,1.384,16644,23067,0,36,33,33,1264944,33984,29,31,0
11220,0.968,0.382,0.016,1.367,1.402,16644,23067,0,36,33,33,1264944,33984,29,31,0
11221,0.843,0.389,0.017,1.249,1.535,16644,23067,0,36,33,33,1264944,33984,29,31,0
11222,0.824,9.885,0.010,10.718,1.420,16644,23067,0,36,33,33,1264944,33984,29,31,0
11223,0.950,7.891,0.016,8.857,10.904,16644,23067,0,36,33,33,1264944,33984,29,31,0
11224,0.804,6.665,0.014,7.482,9.030,16644,23067,0,36,33,33,1264944,33984,29,31,0
11225,0.960,0.318,0.011,1.289,7.677,16644,23067,0,36,33,33,1264944,33984,29,31,0
11226,0.803,0.348,0.013,1.164,1.465,16644,23067,0,36,33,33,1264944,33984,29,31,0
11227,0.812,0.389,0.011,1.212,1.336,16644,23067,0,36,33,33,1264944,33984,29,31,0
11228,0.847,0.458,0.013,1.317,1.386,16644,23067,0,36,33,33,1264944,33984,29,31,0
11229,0.856,10.112,0.016,10.984,1.504,16644,23067,0,36,33,33,1264944,33984,29,31,0
11230,0.961,7.751,0.013,8.726,11.174,16644,23067,0,36,33,33,1264944,33984,29,31,0
11231,0.843,6.474,0.009,7.326,8.902,16644,23067,0,36,33,33,1264944,33984,29,31,0
11232,0.810,0.337,0.015,1.162,7.511,16644,23067,0,36,33,33,1264944,33984,29,31,0
11233,0.792,0.380,0.016,1.188,1.350,16644,23067,0,36,33,33,1264944,33984,29,31,0
11234,0.801,0.425,0.015,1.241,1.358,16644,23067,0,36,33,33,1264944,33984,29,31,0
11235,0.846,0.494,0.020,1.359,1.405,16644,23067,0,36,33,33,1264944,33984,29,31,0
11236,0.838,0.410,0.014,1.261,1.542,16644,23067,0,36,33,33,1264944,33984,29,31,0
11237,0.812,2.795,0.013,3.620,1.428,16644,23067,0,36,33,33,1264944,33984,29,31,0
11238,0.819,13.354,0.014,14.187,3.802,16644,23067,0,36,33,33,1264944,33984,29,31,0
11239,0.807,7.059,0.017,7.884,14.376,16644,23067,0,36,33,33,1264944,33984,29,31,0
11240,0.807,0.361,0.016,1.185,8.079,16644,23067,0,36,33,33,1264944,33984,29,31,0
11241,0.787,0.381,0.015,1.183,1.360,16644,23067,0,36,33,33,1264944,33984,29,31,0
11242,0.801,0.364,0.016,1.180,1.363,16644,23067,0,36,33,33,1264944,33984,29,31,0
11243,0.821,0.431,0.012,1.263,1.347,16644,23067,0,36,33,33,1264944,33984,29,31,0
11244,0.751,10.499,0.012,11.262,1.440,16644,23067,0,36,33,33,1264944,33984,29,31,0
11245,0.795,7.840,0.012,8.647,11.440,16644,23067,0,36,33,33,1264944,33984,29,31,0
11246,0.799,6.475,0.014,7.289,8.833,16644,23067,0,36,33,33,1264944,33984,29,31,0
11247,0.804,0.354,0.016,1.173,7.471,16644,23067,0,36,33,33,1264944,33984,29,31,0
11248,0.815,0.364,0.014,1.193,1.361,16644,23067,0,36,33,33,1264944,33984,29,31,0
11249,0.805,0.363,0.014,1.183,1.370,16644,23067,0,36,33,33,1264944,33984,29,31,0
11250,0.822,0.424,0.010,1.256,1.353,16644,23067,0,36,33,33,1264944,33984,29,31,0
11251,0.812,0.455,0.016,1.283,1.427,16644,23067,0,36,33,33,1264944,33984,29,31,0
11252,0.819,0.321,0.012,1.153,1.455,16644,23067,0,36,33,33,1264944,33984,29,31,0
11253,0.701,3.049,0.013,3.762,1.301,16644,23067,0,36,33,33,1264944,33984,29,31,0
11254,0.723,12.186,0.013,12.922,3.927,16644,23067,0,36,33,33,1264944,33984,29,31,0
11255,0.812,6.932,0.009,7.753,13.104,16644,23067,0,36,33,33,1264944,33984,29,31,0
11256,0.789,0.316,0.009,1.113,7.945,16644,23067,0,36,33,33,1264944,33984,29,31,0
11257,0.773,0.364,0.012,1.150,1.305,16644,23067,0,36,33,33,1264944,33984,29,31,0
11258,0.788,0.413,0.010,1.210,1.309,16644,23067,0,36,33,33,1264944,33984,29,31,0
11259,0.819,0.626,0.013,1.459,1.382,16644,23067,0,36,33,33,1264944,33984,29,31,0
11260,0.825,0.382,0.013,1.220,1.631,16644,23067,0,36,33,33,1264944,33984,29,31,0
11261,0.715,0.307,0.016,1.038,1.377,16644,23067,0,36,33,33,1264944,33984,29,31,0
11262,0.717,3.176,0.012,3.905,1.186,16644,23067,0,36,33,33,1264944,33984,29,31,0
11263,0.729,12.156,0.010,12.895,4.070,16644,23067,0,36,33,33,1264944,33984,29,31,0
11264,0.793,7.104,0.009,7.906,13.075,16644,23067,0,36,33,33,1264944,33984,29,31,0
11265,0.798,0.328,0.012,1.138,8.083,16644,23067,0,36,33,33,1264944,33984,29,31,0
11266,0.782,0.343,0.009,1.134,1.332,16644,23067,0,36,33,33,1264944,33984,29,31,0
11267,0.794,0.355,0.013,1.162,1.312,16644,23067,0,36,33,33,1264944,33984,29,31,0
11268,0.715,0.682,0.011,1.409,1.311,16644,23067,0,36,33,33,1264944,33984,29,31,0
11269,0.706,0.288,0.015,1.009,1.567,16644,23067,0,36,33,33,1264944,33984,29,31,0
11270,0.717,0.413,0.011,1.141,1.160,16644,23067,0,36,33,33,1264944,33984,29,31,0
11271,0.687,3.278,0.013,3.977,1.294,16644,23067,0,36,33,33,1264944,33984,29,31,0
11272,0.721,12.292,0.016,13.030,4.139,16644,23067,0,36,33,33,1264944,33984,29,31,0
11273,0.799,6.912,0.014,7.726,13.201,16644,23067,0,36,33,33,1264944,33984,29,31,0
11274,0.820,0.345,0.013,1.178,7.898,16644,23067,0,36,33,33,1264944,33984,29,31,0
11275,0.803,0.384,0.015,1.202,1.346,16644,23067,0,36,33,33,1264944,33984,29,31,0
11276,0.810,0.360,0.021,1.191,1.386,16644,23067,0,36,33,33,1264944,33984,29,31,0
11277,0.842,0.391,0.015,1.248,1.360,16644,23067,0,36,33,33,1264944,33984,29,31,0
11278,0.737,0.370,0.011,1.118,1.421,16644,23067,0,36,33,33,1264944,33984,29,31,0
11279,0.692,0.434,0.011,1.136,1.269,16644,23067,0,36,33,33,1264944,33984,29,31,0
11280,0.718,3.023,0.008,3.749,1.288,16644,23067,0,36,33,33,1264944,33984,29,31,0
11281,0.717,12.519,0.010,13.246,3.901,16644,23067,0,36,33,33,1264944,33984,29,31,0
11282,0.785,6.939,0.011,7.735,13.427,16644,23067,0,36,33,33,1264944,33984,29,31,0
11283,0.789,0.322,0.012,1.123,7.926,16644,23067,0,36,33,33,1264944,33984,29,31,0
11284,0.771,0.378,0.012,1.160,1.319,16644,23067,0,36,33,33,1264944,33984,29,31,0
11285,0.799,0.421,0.014,1.234,1.332,16644,23067,0,36,33,33,1264944,33984,29,31,0
11286,0.800,0.353,0.013,1.166,1.406,16644,23067,0,36,33,33,1264944,33984,29,31,0
11287,0.710,0.678,0.012,1.401,1.312,16644,23067,0,36,33,33,1264944,33984,29,31,0
11288,0.689,0.374,0.017,1.081,1.555,16644,23067,0,36,33,33,1264944,33984,29,31,0
11289,0.685,3.100,0.013,3.798,1.238,16644,23067,0,36,33,33,1264944,33984,29,31,0
11290,0.703,12.175,0.015,12.893,3.943,16644,23067,0,36,33,33,1264944,33984,29,31,0
11291,0.789,7.208,0.011,8.008,13.080,16644,23067,0,36,33,33,1264944,33984,29,31,0
11292,0.780,0.558,0.019,1.357,8.198,16644,23067,0,36,33,33,1264944,33984,29,31,0
11293,0.803,0.394,0.017,1.213,1.527,16644,23067,0,36,33,33,1264944,33984,29,31,0
11294,0.862,0.411,0.011,1.283,1.402,16644,23067,0,36,33,33,1264944,33984,29,31,0
11295,0.846,0.405,0.016,1.267,1.466,16644,23067,0,36,33,33,1264944,33984,29,31,0
11296,0.810,9.966,0.010,10.786,1.439,16644,23067,0,36,33,33,1264944,33984,29,31,0
11297,0.809,7.559,0.013,8.380,10.976,16644,23067,0,36,33,33,1264944,33984,29,31,0
11298,0.804,6.971,0.012,7.787,8.570,16644,23067,0,36,33,33,1264944,33984,29,31,0
11299,0.793,0.317,0.015,1.125,7.971,16644,23067,0,36,33,33,1264944,33984,29,31,0
11300,0.789,0.421,0.013,1.223,1.288,16644,23067,0,36,33,33,1264944,33984,29,31,0
11301,0.830,0.448,0.025,1.303,1.412,16644,23067,0,36,33,33,1264944,33984,29,31,0
11302,0.834,0.396,0.012,1.242,1.469,16644,23067,0,36,33,33,1264944,33984,29,31,0
11303,0.805,0.424,0.012,1.240,1.407,16644,23067,0,36,33,33,1264944,33984,29,31,0
11304,0.777,0.346,0.013,1.135,1.416,16644,23067,0,36,33,33,1264944,33984,29,31,0
11305,0.716,3.135,0.010,3.861,1.284,16644,23067,0,36,33,33,1264944,33984,29,31,0
11306,0.729,11.855,0.013,12.598,4.028,16644,23067,0,36,33,33,1264944,33984,29,31,0
11307,0.809,7.254,0.011,8.074,12.771,16644,23067,0,36,33,33,1264944,33984,29,31,0
11308,0.801,0.365,0.017,1.183,8.259,16644,23067,0,36,33,33,1264944,33984,29,31,0
11309,0.790,0.347,0.031,1.168,1.361,16644,23067,0,36,33,33,1264944,33984,29,31,0
11310,0.806,0.375,0.013,1.194,1.347,16644,23067,0,36,33,33,1264944,33984,29,31,0
11311,0.803,0.499,0.015,1.318,1.357,16644,23067,0,36,33,33,1264944,33984,29,31,0
11312,0.810,0.333,0.016,1.159,1.492,16644,23067,0,36,33,33,1264944,33984,29,31,0
11313,0.681,0.303,0.010,0.995,1.331,16644,23067,0,36,33,33,1264944,33984,29,31,0
11314,0.692,2.729,0.017,3.438,1.139,16644,23067,0,36,33,33,1264944,33984,29,31,0
11315,0.714,12.590,0.009,13.313,3.614,16644,23067,0,36,33,33,1264944,33984,29,31,0
11316,0.800,7.164,0.010,7.973,13.505,16644,23067,0,36,33,33,1264944,33984,29,31,0
11317,0.794,0.323,0.016,1.133,8.166,16644,23067,0,36,33,33,1264944,33984,29,31,0
11318,0.783,0.344,0.011,1.137,1.309,16644,23067,0,36,33,33,1264944,33984,29,31,0
11319,0.786,0.379,0.013,1.179,1.310,16644,23067,0,36,33,33,1264944,33984,29,31,0
11320,0.741,0.657,0.008,1.406,1.352,16644,23067,0,36,33,33,1264944,33984,29,31,0
11321,0.691,0.296,0.018,1.005,1.547,16644,23067,0,36,33,33,1264944,33984,29,31,0
11322,0.685,3.174,0.011,3.871,1.149,16644,23067,0,36,33,33,1264944,33984,29,31,0
11323,0.677,13.755,0.020,14.451,4.026,16644,23067,0,36,33,33,1264944,33984,29,31,0
11324,0.787,7.035,0.022,7.845,14.640,16644,23067,0,36,33,33,1264944,33984,29,31,0
11325,0.785,0.321,0.014,1.120,8.027,16644,23067,0,36,33,33,1264944,33984,29,31,0
11326,0.783,0.347,0.013,1.143,1.300,16644,23067,0,36,33,33,1264944,33984,29,31,0
11327,0.772,0.386,0.009,1.167,1.313,16644,23067,0,36,33,33,1264944,33984,29,31,0
11328,0.824,0.393,0.014,1.231,1.337,16644,23067,0,36,33,33,1264944,33984,29,31,0
11329,0.755,10.662,0.009,11.425,1.402,16644,23067,0,36,33,33,1264944,33984,29,31,0
11330,0.803,7.443,0.018,8.264,11.608,16644,23067,0,36,33,33,1264944,33984,29,31,0
11331,0.779,7.266,0.016,8.060,8.449,16644,23067,0,36,33,33,1264944,33984,29,31,0
11332,0.807,0.736,0.014,1.557,8.246,16644,23067,0,36,33,33,1264944,33984,29,31,0
11333,0.830,0.351,0.015,1.196,1.731,16644,23067,0,36,33,33,1264944,33984,29,31,0
11334,0.818,0.446,0.017,1.281,1.359,16644,23067,0,36,33,33,1264944,33984,29,31,0
11335,0.834,0.464,0.020,1.318,1.469,16644,23067,0,36,33,33,1264944,33984,29,31,0
11336,0.843,1.304,0.010,2.157,1.500,16644,23067,0,36,33,33,1264944,33984,29,31,0
11337,0.787,7.171,0.023,7.981,2.341,16644,23067,0,36,33,33,1264944,33984,29,31,0
11338,0.784,7.604,0.012,8.400,8.160,16644,23067,0,36,33,33,1264944,33984,29,31,0
11339,0.789,6.903,0.013,7.705,8.577,16644,23067,0,36,33,33,1264944,33984,29,31,0
11340,0.806,7.837,0.022,8.665,7.882,16644,23067,0,36,33,33,1264944,33984,29,31,0
11341,0.895,7.204,0.015,8.114,8.886,16644,23067,0,36,33,33,1264944,33984,29,31,0
11342,0.926,7.515,0.016,8.457,8.317,16644,23067,0,36,33,33,1264944,33984,29,31,0
11343,0.947,6.938,0.027,7.911,8.662,16644,23067,0,36,33,33,1264944,33984,29,31,0
11344,0.913,0.579,0.015,1.507,8.123,16644,23067,0,36,33,33,1264944,33984,29,31,0
11345,0.903,0.480,0.011,1.395,1.743,16644,23067,0,36,33,33,1264944,33984,29,31,0
11346,0.936,0.469,0.012,1.417,1.644,16644,23067,0,36,33,33,1264944,33984,29,31,0
11347,0.933,4.828,0.016,5.778,1.621,16644,23067,0,36,33,33,1264944,33984,29,31,0
11348,0.931,12.898,0.019,13.848,6.027,16644,23067,0,36,33,33,1264944,33984,29,31,0
11349,0.937,6.625,0.015,7.577,14.051,16644,23067,0,36,33,33,1264944,33984,29,31,0
11350,0.926,0.435,0.015,1.376,7.786,16644,23067,0,36,33,33,1264944,33984,29,31,0
11351,0.949,0.408,0.049,1.407,1.577,16644,23067,0,36,33,33,1264944,33984,29,31,0
11352,0.955,0.482,0.014,1.451,1.609,16644,23067,0,36,33,33,1264944,33984,29,31,0
11353,1.026,0.527,0.018,1.571,1.678,16644,23067,0,36,33,33,1264944,33984,29,31,0
11354,0.974,0.458,0.015,1.447,1.859,16644,23067,0,36,33,33,1264944,33984,29,31,0
11355,0.909,4.474,0.015,5.397,1.654,16644,23067,0,36,33,33,1264944,33984,29,31,0
11356,0.826,10.304,0.015,11.145,5.584,16644,23067,0,36,33,33,1264944,33984,29,31,0
11357,0.930,6.864,0.017,7.811,11.355,16644,23067,0,36,33,33,1264944,33984,29,31,0
11358,1.008,0.454,0.013,1.475,8.030,16644,23067,0,36,33,33,1264944,33984,29,31,0
11359,0.939,0.434,0.039,1.412,1.691,16644,23067,0,36,33,33,1264944,33984,29,31,0
11360,0.954,0.402,0.011,1.368,1.609,16644,23067,0,36,33,33,1264944,33984,29,31,0
11361,0.832,0.411,0.019,1.262,1.542,16644,23067,0,36,33,33,1264944,33984,29,31,0
11362,0.845,0.657,0.016,1.519,1.440,16644,23067,0,36,33,33,1264944,33984,29,31,0
11363,0.841,4.237,0.016,5.095,1.695,16644,23067,0,36,33,33,1264944,33984,29,31,0
11364,0.868,11.020,0.020,11.909,5.287,16644,23067,0,36,33,33,1264944,33984,29,31,0
11365,0.886,6.859,0.016,7.761,12.088,16644,23067,0,36,33,33,1264944,33984,29,31,0
11366,0.944,0.399,0.010,1.353,7.975,16644,23067,0,36,33,33,1264944,33984,29,31,0
11367,0.819,0.362,0.016,1.197,1.536,16644,23067,0,36,33,33,1264944,33984,29,31,0
11368,0.815,0.405,0.014,1.234,1.369,16644,23067,0,36,33,33,1264944,33984,29,31,0
11369,0.821,0.413,0.022,1.256,1.408,16644,23067,0,36,33,33,1264944,33984,29,31,0
11370,0.811,10.211,0.015,11.036,1.429,16644,23067,0,36,33,33,1264944,33984,29,31,0
11371,0.838,7.171,0.012,8.021,11.235,16644,23067,0,36,33,33,1264944,33984,29,31,0
11372,0.832,7.162,0.017,8.012,8.219,16644,23067,0,36,33,33,1264944,33984,29,31,0
11373,0.994,0.427,0.011,1.432,8.228,16644,23067,0,36,33,33,1264944,33984,29,31,0
11374,0.954,0.473,0.012,1.440,1.633,16644,23067,0,36,33,33,1264944,33984,29,31,0
11375,0.807,0.364,0.012,1.183,1.607,16644,23067,0,36,33,33,1264944,33984,29,31,0
11376,0.835,0.431,0.020,1.286,1.369,16644,23067,0,36,33,33,1264944,33984,29,31,0
11377,0.924,0.852,0.019,1.795,1.469,16644,23067,0,36,33,33,1264944,33984,29,31,0
11378,0.818,4.264,0.017,5.099,1.966,16644,23067,0,36,33,33,1264944,33984,29,31,0
11379,0.851,10.776,0.015,11.642,5.307,16644,23067,0,36,33,33,1264944,33984,29,31,0
11380,0.848,6.812,0.011,7.671,11.826,16644,23067,0,36,33,33,1264944,33984,29,31,0
11381,0.870,0.449,0.019,1.338,7.854,16644,23067,0,36,33,33,1264944,33984,29,31,0
11382,0.963,0.442,0.017,1.422,1.534,16644,23067,0,36,33,33,1264944,33984,29,31,0
11383,0.826,0.381,0.013,1.220,1.607,16644,23067,0,36,33,33,1264944,33984,29,31,0
11384,0.877,0.473,0.010,1.361,1.386,16644,23067,0,36,33,33,1264944,33984,29,31,0
11385,0.898,9.807,0.017,10.722,1.555,16644,23067,0,36,33,33,1264944,33984,29,31,0
11386,0.818,7.279,0.017,8.114,10.904,16644,23067,0,36,33,33,1264944,33984,29,31,0
11387,0.807,7.082,0.021,7.910,8.307,16644,23067,0,36,33,33,1264944,33984,29,31,0
11388,0.814,0.408,0.018,1.240,8.094,16644,23067,0,36,33,33,1264944,33984,29,31,0
11389,0.947,0.386,0.015,1.348,1.413,16644,23067,0,36,33,33,1264944,33984,29,31,0
11390,0.869,0.387,0.011,1.266,1.564,16644,23067,0,36,33,33,1264944,33984,29,31,0
11391,0.842,0.423,0.015,1.280,1.427,16644,23067,0,36,33,33,1264944,33984,29,31,0
11392,0.839,3.147,0.012,3.998,1.465,16644,23067,0,36,33,33,1264944,33984,29,31,0
11393,0.853,14.533,0.013,15.400,4.194,16644,23067,0,36,33,33,1264944,33984,29,31,0
11394,0.847,6.808,0.017,7.673,15.601,16644,23067,0,36,33,33,1264944,33984,29,31,0
11395,0.999,0.464,0.020,1.482,7.910,16644,23067,0,36,33,33,1264944,33984,29,31,0
11396,0.945,0.435,0.013,1.393,1.699,16644,23067,0,36,33,33,1264944,33984,29,31,0
11397,0.816,0.403,0.014,1.232,1.570,16644,23067,0,36,33,33,1264944,33984,29,31,0
11398,0.854,0.393,0.033,1.280,1.400,16644,23067,0,36,33,33,1264944,33984,29,31,0
11399,0.868,0.756,0.014,1.638,1.468,16644,23067,0,36,33,33,1264944,33984,29,31,0
11400,0.770,3.882,0.030,4.682,1.813,16644,23067,0,36,33,33,1264944,33984,29,31,0
11401,1.123,11.018,0.023,12.164,4.923,16644,23067,0,36,33,33,1264944,33984,29,31,0
11402,0.852,7.157,0.018,8.026,12.386,16644,23067,0,36,33,33,1264944,33984,29,31,0
11403,0.845,0.551,0.012,1.408,8.228,16644,23067,0,36,33,33,1264944,33984,29,31,0
11404,0.832,0.387,0.011,1.230,1.576,16644,23067,0,36,33,33,1264944,33984,29,31,0
11405,0.839,0.416,0.012,1.267,1.415,16644,23067,0,36,33,33,1264944,33984,29,31,0
11406,0.856,0.358,0.015,1.229,1.437,16644,23067,0,36,33,33,1264944,33984,29,31,0
11407,0.812,0.957,0.013,1.782,1.399,16644,23067,0,36,33,33,1264944,33984,29,31,0
11408,0.747,4.736,0.015,5.498,1.942,16644,23067,0,36,33,33,1264944,33984,29,31,0
11409,0.863,10.326,0.014,11.202,5.696,16644,23067,0,36,33,33,1264944,33984,29,31,0
11410,0.813,6.955,0.015,7.783,11.408,16644,23067,0,36,33,33,1264944,33984,29,31,0
11411,0.796,0.356,0.015,1.166,7.966,16644,23067,0,36,33,33,1264944,33984,29,31,0
11412,0.802,0.342,0.014,1.157,1.360,16644,23067,0,36,33,33,1264944,33984,29,31,0
11413,0.796,0.354,0.019,1.169,1.335,16644,23067,0,36,33,33,1264944,33984,29,31,0
11414,0.865,0.544,0.031,1.439,1.358,16644,23067,0,36,33,33,1264944,33984,29,31,0
11415,0.831,0.341,0.014,1.187,1.615,16644,23067,0,36,33,33,1264944,33984,29,31,0
11416,0.736,0.327,0.013,1.076,1.356,16644,23067,0,36,33,33,1264944,33984,29,31,0
11417,0.716,3.996,0.013,4.725,1.227,16644,23067,0,36,33,33,1264944,33984,29,31,0
11418,0.749,11.492,0.016,12.258,4.898,16644,23067,0,36,33,33,1264944,33984,29,31,0
11419,0.831,6.822,0.014,7.666,12.463,16644,23067,0,36,33,33,1264944,33984,29,31,0
11420,0.838,0.382,0.017,1.237,7.858,16644,23067,0,36,33,33,1264944,33984,29,31,0
11421,0.818,0.397,0.017,1.232,1.407,16644,23067,0,36,33,33,1264944,33984,29,31,0
11422,0.793,0.326,0.010,1.129,1.405,16644,23067,0,36,33,33,1264944,33984,29,31,0
11423,0.801,0.464,0.012,1.277,1.370,16644,23067,0,36,33,33,1264944,33984,29,31,0
11424,0.779,4.691,0.013,5.483,1.445,16644,23067,0,36,33,33,1264944,33984,29,31,0
11425,0.767,13.034,0.042,13.843,5.662,16644,23067,0,36,33,33,1264944,33984,29,31,0
11426,0.823,6.829,0.011,7.664,14.043,16644,23067,0,36,33,33,1264944,33984,29,31,0
11427,0.808,0.343,0.015,1.166,7.847,16644,23067,0,36,33,33,1264944,33984,29,31,0
11428,0.807,0.347,0.011,1.166,1.332,16644,23067,0,36,33,33,1264944,33984,29,31,0
11429,0.817,0.332,0.013,1.163,1.348,16644,23067,0,36,33,33,1264944,33984,29,31,0
11430,0.829,0.490,0.015,1.334,1.347,16644,23067,0,36,33,33,1264944,33984,29,31,0
11431,0.771,0.366,0.012,1.149,1.498,16644,23067,0,36,33,33,1264944,33984,29,31,0
11432,0.712,2.338,0.019,3.069,1.304,16644,23067,0,36,33,33,1264944,33984,29,31,0
11433,0.805,14.573,0.030,15.408,3.239,16644,23067,0,36,33,33,1264944,33984,29,31,0
11434,0.857,6.757,0.016,7.630,15.592,16644,23067,0,36,33,33,1264944,33984,29,31,0
11435,0.841,0.364,0.014,1.219,7.824,16644,23067,0,36,33,33,1264944,33984,29,31,0
11436,0.828,0.377,0.015,1.221,1.387,16644,23067,0,36,33,33,1264944,33984,29,31,0
11437,0.826,0.359,0.013,1.198,1.389,16644,23067,0,36,33,33,1264944,33984,29,31,0
11438,0.806,0.399,0.012,1.218,1.368,16644,23067,0,36,33,33,1264944,33984,29,31,0
11439,0.751,10.380,0.010,11.141,1.377,16644,23067,0,36,33,33,1264944,33984,29,31,0
11440,0.839,7.121,0.014,7.974,11.316,16644,23067,0,36,33,33,1264944,33984,29,31,0
11441,0.803,7.070,0.013,7.886,8.158,16644,23067,0,36,33,33,1264944,33984,29,31,0
11442,0.837,0.359,0.017,1.213,8.068,16644,23067,0,36,33,33,1264944,33984,29,31,0
11443,0.801,0.368,0.011,1.179,1.383,16644,23067,0,36,33,33,1264944,33984,29,31,0
11444,0.801,0.359,0.014,1.174,1.360,16644,23067,0,36,33,33,1264944,33984,29,31,0
11445,0.743,0.394,0.011,1.148,1.350,16644,23067,0,36,33,33,1264944,33984,29,31,0
11446,0.702,0.357,0.017,1.075,1.293,16644,23067,0,36,33,33,1264944,33984,29,31,0
11447,0.716,3.422,0.012,4.151,1.229,16644,23067,0,36,33,33,1264944,33984,29,31,0
11448,0.734,13.575,0.048,14.358,4.315,16644,23067,0,36,33,33,1264944,33984,29,31,0
11449,0.893,6.811,0.022,7.727,14.548,16644,23067,0,36,33,33,1264944,33984,29,31,0
11450,0.826,0.334,0.013,1.173,7.927,16644,23067,0,36,33,33,1264944,33984,29,31,0
11451,0.801,0.358,0.012,1.171,1.347,16644,23067,0,36,33,33,1264944,33984,29,31,0
11452,0.789,0.349,0.013,1.151,1.362,16644,23067,0,36,33,33,1264944,33984,29,31,0
11453,0.818,0.426,0.009,1.253,1.317,16644,23067,0,36,33,33,1264944,33984,29,31,0
11454,0.778,0.305,0.012,1.096,1.423,16644,23067,0,36,33,33,1264944,33984,29,31,0
11455,0.798,0.557,0.012,1.366,1.252,16644,23067,0,36,33,33,1264944,33984,29,31,0
11456,0.780,1.455,0.012,2.246,1.619,16644,23067,0,36,33,33,1264944,33984,29,31,0
11457,0.776,13.608,0.014,14.399,2.417,16644,23067,0,36,33,33,1264944,33984,29,31,0
11458,0.808,7.184,0.014,8.006,14.579,16644,23067,0,36,33,33,1264944,33984,29,31,0
11459,0.810,0.338,0.013,1.162,8.200,16644,23067,0,36,33,33,1264944,33984,29,31,0
11460,0.806,0.388,0.021,1.215,1.328,16644,23067,0,36,33,33,1264944,33984,29,31,0
11461,0.853,0.376,0.020,1.249,1.404,16644,23067,0,36,33,33,1264944,33984,29,31,0
11462,0.838,0.395,0.014,1.247,1.429,16644,23067,0,36,33,33,1264944,33984,29,31,0
11463,0.809,0.536,0.016,1.361,1.421,16644,23067,0,36,33,33,1264944,33984,29,31,0
11464,0.702,0.305,0.029,1.036,1.588,16644,23067,0,36,33,33,1264944,33984,29,31,0
11465,0.749,2.425,0.008,3.183,1.192,16644,23067,0,36,33,33,1264944,33984,29,31,0
11466,0.758,12.603,0.021,13.382,3.348,16644,23067,0,36,33,33,1264944,33984,29,31,0
11467,0.840,6.781,0.016,7.636,13.561,16644,23067,0,36,33,33,1264944,33984,29,31,0
11468,0.831,0.376,0.020,1.227,7.817,16644,23067,0,36,33,33,1264944,33984,29,31,0
11469,0.861,0.405,0.014,1.279,1.410,16644,23067,0,36,33,33,1264944,33984,29,31,0
11470,0.718,0.372,0.012,1.102,1.434,16644,23067,0,36,33,33,1264944,33984,29,31,0
11471,0.726,0.396,0.022,1.143,1.256,16644,23067,0,36,33,33,1264944,33984,29,31,0
11472,0.747,10.705,0.011,11.463,1.296,16644,23067,0,36,33,33,1264944,33984,29,31,0
11473,0.745,7.213,0.010,7.968,11.632,16644,23067,0,36,33,33,1264944,33984,29,31,0
11474,0.801,7.091,0.027,7.919,8.154,16644,23067,0,36,33,33,1264944,33984,29,31,0
11475,0.806,0.360,0.030,1.195,8.103,16644,23067,0,36,33,33,1264944,33984,29,31,0
11476,0.838,0.401,0.015,1.254,1.385,16644,23067,0,36,33,33,1264944,33984,29,31,0
11477,0.809,0.384,0.012,1.206,1.435,16644,23067,0,36,33,33,1264944,33984,29,31,0
11478,0.734,0.337,0.021,1.091,1.375,16644,23067,0,36,33,33,1264944,33984,29,31,0
11479,0.735,0.761,0.012,1.509,1.239,16644,23067,0,36,33,33,1264944,33984,29,31,0
11480,0.706,0.569,0.017,1.292,1.661,16644,23067,0,36,33,33,1264944,33984,29,31,0
11481,0.689,3.453,0.010,4.153,1.442,16644,23067,0,36,33,33,1264944,33984,29,31,0
11482,0.727,11.633,0.011,12.370,4.321,16644,23067,0,36,33,33,1264944,33984,29,31,0
11483,0.797,6.911,0.015,7.724,12.568,16644,23067,0,36,33,33,1264944,33984,29,31,0
11484,0.794,0.333,0.013,1.140,7.908,16644,23067,0,36,33,33,1264944,33984,29,31,0
11485,0.813,0.337,0.019,1.170,1.313,16644,23067,0,36,33,33,1264944,33984,29,31,0
11486,0.788,0.352,0.012,1.153,1.363,16644,23067,0,36,33,33,1264944,33984,29,31,0
11487,0.699,0.361,0.010,1.069,1.298,16644,23067,0,36,33,33,1264944,33984,29,31,0
11488,0.703,0.789,0.009,1.502,1.215,16644,23067,0,36,33,33,1264944,33984,29,31,0
11489,0.728,0.593,0.016,1.337,1.664,16644,23067,0,36,33,33,1264944,33984,29,31,0
11490,0.687,3.013,0.012,3.711,1.489,16644,23067,0,36,33,33,1264944,33984,29,31,0
11491,0.705,12.035,0.017,12.757,3.865,16644,23067,0,36,33,33,1264944,33984,29,31,0
11492,0.816,7.134,0.015,7.966,12.941,16644,23067,0,36,33,33,1264944,33984,29,31,0
11493,0.801,0.326,0.012,1.139,8.159,16644,23067,0,36,33,33,1264944,33984,29,31,0
11494,0.805,0.334,0.023,1.162,1.307,16644,23067,0,36,33,33,1264944,33984,29,31,0
11495,0.807,0.335,0.014,1.157,1.332,16644,23067,0,36,33,33,1264944,33984,29,31,0
11496,0.806,0.460,0.011,1.277,1.337,16644,23067,0,36,33,33,1264944,33984,29,31,0
11497,0.774,0.352,0.016,1.142,1.434,16644,23067,0,36,33,33,1264944,33984,29,31,0
11498,0.772,0.696,0.009,1.477,1.293,16644,23067,0,36,33,33,1264944,33984,29,31,0
11499,0.703,2.619,0.009,3.332,1.632,16644,23067,0,36,33,33,1264944,33984,29,31,0
11500,0.769,12.730,0.014,13.513,3.499,16644,23067,0,36,33,33,1264944,33984,29,31,0
11501,0.826,6.954,0.018,7.798,13.694,16644,23067,0,36,33,33,1264944,33984,29,31,0
11502,0.822,0.343,0.015,1.180,7.983,16644,23067,0,36,33,33,1264944,33984,29,31,0
11503,0.826,0.355,0.010,1.192,1.346,16644,23067,0,36,33,33,1264944,33984,29,31,0
11504,0.804,0.337,0.020,1.162,1.386,16644,23067,0,36,33,33,1264944,33984,29,31,0
11505,0.802,0.416,0.014,1.232,1.332,16644,23067,0,36,33,33,1264944,33984,29,31,0
11506,0.741,0.573,0.013,1.327,1.386,16644,23067,0,36,33,33,1264944,33984,29,31,0
11507,0.703,0.318,0.012,1.033,1.485,16644,23067,0,36,33,33,1264944,33984,29,31,0
11508,0.723,3.264,0.014,4.000,1.182,16644,23067,0,36,33,33,1264944,33984,29,31,0
11509,0.721,11.936,0.013,12.671,4.167,16644,23067,0,36,33,33,1264944,33984,29,31,0
11510,0.808,7.151,0.012,7.971,12.873,16644,23067,0,36,33,33,1264944,33984,29,31,0
11511,0.801,0.335,0.012,1.148,8.155,16644,23067,0,36,33,33,1264944,33984,29,31,0
11512,0.783,0.375,0.013,1.171,1.312,16644,23067,0,36,33,33,1264944,33984,29,31,0
11513,0.812,0.441,0.009,1.263,1.347,16644,23067,0,36,33,33,1264944,33984,29,31,0
11514,0.815,0.383,0.011,1.210,1.435,16644,23067,0,36,33,33,1264944,33984,29,31,0
11515,0.702,0.555,0.017,1.274,1.355,16644,23067,0,36,33,33,1264944,33984,29,31,0
11516,0.701,0.593,0.010,1.304,1.432,16644,23067,0,36,33,33,1264944,33984,29,31,0
11517,0.711,3.800,0.011,4.523,1.466,16644,23067,0,36,33,33,1264944,33984,29,31,0
11518,0.710,11.483,0.011,12.204,4.681,16644,23067,0,36,33,33,1264944,33984,29,31,0
11519,0.796,6.749,0.023,7.568,12.379,16644,23067,0,36,33,33,1264944,33984,29,31,0
11520,0.787,0.421,0.015,1.223,7.746,16644,23067,0,36,33,33,1264944,33984,29,31,0
11521,0.796,0.340,0.018,1.154,1.389,16644,23067,0,36,33,33,1264944,33984,29,31,0
11522,0.794,0.374,0.016,1.185,1.344,16644,23067,0,36,33,33,1264944,33984,29,31,0
11523,0.815,0.349,0.009,1.173,1.383,16644,23067,0,36,33,33,1264944,33984,29,31,0
11524,0.745,0.352,0.017,1.113,1.326,16644,23067,0,36,33,33,1264944,33984,29,31,0
11525,0.745,0.750,0.010,1.506,1.261,16644,23067,0,36,33,33,1264944,33984,29,31,0
11526,0.778,1.545,0.015,2.338,1.661,16644,23067,0,36,33,33,1264944,33984,29,31,0
11527,0.777,13.731,0.024,14.533,2.511,16644,23067,0,36,33,33,1264944,33984,29,31,0
11528,0.822,6.932,0.011,7.766,14.725,16644,23067,0,36,33,33,1264944,33984,29,31,0
11529,0.811,0.398,0.019,1.229,7.963,16644,23067,0,36,33,33,1264944,33984,29,31,0
11530,0.801,0.352,0.020,1.173,1.411,16644,23067,0,36,33,33,1264944,33984,29,31,0
11531,0.787,0.320,0.015,1.121,1.338,16644,23067,0,36,33,33,1264944,33984,29,31,0
11532,0.719,0.416,0.017,1.152,1.269,16644,23067,0,36,33,33,1264944,33984,29,31,0
11533,0.770,0.388,0.012,1.170,1.320,16644,23067,0,36,33,33,1264944,33984,29,31,0
11534,0.731,0.594,0.011,1.336,1.322,16644,23067,0,36,33,33,1264944,33984,29,31,0
11535,0.724,2.697,0.010,3.432,1.537,16644,23067,0,36,33,33,1264944,33984,29,31,0
11536,0.752,12.602,0.016,13.370,3.594,16644,23067,0,36,33,33,1264944,33984,29,31,0
11537,0.848,6.889,0.019,7.755,13.551,16644,23067,0,36,33,33,1264944,33984,29,31,0
11538,0.820,0.375,0.010,1.205,7.945,16644,23067,0,36,33,33,1264944,33984,29,31,0
11539,0.802,0.388,0.015,1.205,1.375,16644,23067,0,36,33,33,1264944,33984,29,31,0
11540,0.792,0.391,0.012,1.195,1.376,16644,23067,0,36,33,33,1264944,33984,29,31,0
11541,0.805,0.378,0.012,1.196,1.366,16644,23067,0,36,33,33,1264944,33984,29,31,0
11542,0.695,0.316,0.016,1.027,1.346,16644,23067,0,36,33,33,1264944,33984,29,31,0
11543,0.688,3.238,0.012,3.938,1.174,16644,23067,0,36,33,33,1264944,33984,29,31,0
11544,0.720,13.467,0.023,14.210,4.106,16644,23067,0,36,33,33,1264944,33984,29,31,0
11545,0.801,7.080,0.013,7.895,14.389,16644,23067,0,36,33,33,1264944,33984,29,31,0
11546,0.805,0.347,0.016,1.168,8.081,16644,23067,0,36,33,33,1264944,33984,29,31,0
11547,0.790,0.366,0.012,1.167,1.339,16644,23067,0,36,33,33,1264944,33984,29,31,0
11548,0.782,0.346,0.019,1.148,1.337,16644,23067,0,36,33,33,1264944,33984,29,31,0
11549,0.833,0.348,0.015,1.196,1.324,16644,23067,0,36,33,33,1264944,33984,29,31,0
11550,0.703,0.495,0.009,1.207,1.345,16644,23067,0,36,33,33,1264944,33984,29,31,0
11551,0.710,0.664,0.014,1.388,1.365,16644,23067,0,36,33,33,1264944,33984,29,31,0
11552,0.692,3.014,0.010,3.716,1.539,16644,23067,0,36,33,33,1264944,33984,29,31,0
11553,0.713,12.238,0.010,12.961,3.888,16644,23067,0,36,33,33,1264944,33984,29,31,0
11554,0.797,7.087,0.017,7.900,13.145,16644,23067,0,36,33,33,1264944,33984,29,31,0
11555,0.801,0.350,0.016,1.167,8.088,16644,23067,0,36,33,33,1264944,33984,29,31,0
11556,0.808,0.339,0.010,1.157,1.332,16644,23067,0,36,33,33,1264944,33984,29,31,0
11557,0.820,0.369,0.011,1.200,1.330,16644,23067,0,36,33,33,1264944,33984,29,31,0
11558,0.837,0.369,0.012,1.218,1.380,16644,23067,0,36,33,33,1264944,33984,29,31,0
11559,0.707,0.400,0.009,1.115,1.392,16644,23067,0,36,33,33,1264944,33984,29,31,0
11560,0.684,0.791,0.014,1.488,1.269,16644,23067,0,36,33,33,1264944,33984,29,31,0
11561,0.686,3.226,0.014,3.926,1.642,16644,23067,0,36,33,33,1264944,33984,29,31,0
11562,0.697,11.910,0.012,12.618,4.084,16644,23067,0,36,33,33,1264944,33984,29,31,0
11563,0.773,7.325,0.022,8.121,12.803,16644,23067,0,36,33,33,1264944,33984,29,31,0
11564,0.885,0.544,0.021,1.449,8.315,16644,23067,0,36,33,33,1264944,33984,29,31,0
11565,0.859,0.482,0.021,1.361,1.624,16644,23067,0,36,33,33,1264944,33984,29,31,0
11566,0.875,0.449,0.014,1.338,1.548,16644,23067,0,36,33,33,1264944,33984,29,31,0
11567,0.825,0.378,0.019,1.222,1.503,16644,23067,0,36,33,33,1264944,33984,29,31,0
11568,0.824,9.744,0.011,10.579,1.387,16644,23067,0,36,33,33,1264944,33984,29,31,0
11569,0.832,7.160,0.010,8.002,10.774,16644,23067,0,36,33,33,1264944,33984,29,31,0
11570,0.809,7.381,0.013,8.203,8.194,16644,23067,0,36,33,33,1264944,33984,29,31,0
11571,0.818,0.350,0.017,1.184,8.389,16644,23067,0,36,33,33,1264944,33984,29,31,0
11572,0.812,0.367,0.012,1.191,1.370,16644,23067,0,36,33,33,1264944,33984,29,31,0
11573,0.793,0.379,0.010,1.182,1.359,16644,23067,0,36,33,33,1264944,33984,29,31,0
11574,0.836,0.414,0.016,1.265,1.381,16644,23067,0,36,33,33,1264944,33984,29,31,0
11575,0.831,10.391,0.013,11.235,1.441,16644,23067,0,36,33,33,1264944,33984,29,31,0
11576,0.797,11.744,0.011,12.552,11.420,16644,23067,0,36,33,33,1264944,33984,29,31,0
11577,0.518,6.429,0.015,6.962,12.664,16644,23067,0,36,33,33,1264944,33984,29,31,0
11578,0.847,3.554,0.019,4.421,7.149,16644,23067,0,36,33,33,1264944,33984,29,31,0
11579,0.771,7.774,0.021,8.565,4.582,16644,23067,0,36,33,33,1264944,33984,29,31,0
11580,1.041,7.281,0.013,8.335,8.806,16644,23067,0,36,33,33,1264944,33984,29,31,0
11581,1.039,6.635,0.011,7.685,8.564,16644,23067,0,36,33,33,1264944,33984,29,31,0
11582,0.939,0.440,0.009,1.387,7.934,16644,23067,0,36,33,33,1264944,33984,29,31,0
11583,1.035,1.321,0.024,2.380,1.593,16644,23067,0,36,33,33,1264944,33984,29,31,0
11584,1.004,0.454,0.018,1.476,2.587,16644,23067,0,36,33,33,1264944,33984,29,31,0
11585,0.939,1.566,0.017,2.522,1.683,16644,23067,0,36,33,33,1264944,33984,29,31,0
11586,0.838,4.676,0.016,5.529,2.726,16644,23067,0,36,33,33,1264944,33984,29,31,0
11587,1.014,9.612,0.020,10.647,5.737,16644,23067,0,36,33,33,1264944,33984,29,31,0
11588,0.919,7.088,0.014,8.020,10.861,16644,23067,0,36,33,33,1264944,33984,29,31,0
11589,0.949,0.413,0.015,1.378,8.242,16644,23067,0,36,33,33,1264944,33984,29,31,0
11590,0.948,1.667,0.019,2.634,1.575,16644,23067,0,36,33,33,1264944,33984,29,31,0
11591,0.955,0.419,0.020,1.393,2.846,16644,23067,0,36,33,33,1264944,33984,29,31,0
11592,0.957,1.992,0.024,2.973,1.601,16644,23067,0,36,33,33,1264944,33984,29,31,0
11593,0.881,3.507,0.020,4.409,3.148,16644,23067,0,36,33,33,1264944,33984,29,31,0
11594,0.968,10.282,0.015,11.265,4.630,16644,23067,0,36,33,33,1264944,33984,29,31,0
11595,0.967,7.274,0.021,8.262,11.504,16644,23067,0,36,33,33,1264944,33984,29,31,0
11596,1.030,0.558,0.015,1.602,8.486,16644,23067,0,36,33,33,1264944,33984,29,31,0
11597,0.973,1.319,0.018,2.309,1.808,16644,23067,0,36,33,33,1264944,33984,29,31,0
11598,1.030,0.550,0.026,1.607,2.535,16644,23067,0,36,33,33,1264944,33984,29,31,0
11599,0.960,0.525,0.014,1.499,1.808,16644,23067,0,36,33,33,1264944,33984,29,31,0
11600,1.040,2.572,0.017,3.629,1.723,16644,23067,0,36,33,33,1264944,33984,29,31,0
11601,1.022,11.950,0.018,12.991,3.848,16644,23067,0,36,33,33,1264944,33984,29,31,0
11602,0.959,7.398,0.024,8.382,13.219,16644,23067,0,36,33,33,1264944,33984,29,31,0
11603,0.971,0.480,0.021,1.472,8.605,16644,23067,0,36,33,33,1264944,33984,29,31,0
11604,0.953,0.516,0.017,1.486,1.663,16644,23067,0,36,33,33,1264944,33984,29,31,0
11605,0.968,0.548,0.024,1.540,1.680,16644,23067,0,36,33,33,1264944,33984,29,31,0
11606,1.007,0.479,0.016,1.503,1.771,16644,23067,0,36,33,33,1264944,33984,29,31,0
11607,0.815,6.073,0.017,6.905,1.695,16644,23067,0,36,33,33,1264944,33984,29,31,0
11608,1.021,9.520,0.018,10.559,7.144,16644,23067,0,36,33,33,1264944,33984,29,31,0
11609,0.969,7.136,0.017,8.123,10.783,16644,23067,0,36,33,33,1264944,33984,29,31,0
11610,0.948,0.508,0.015,1.471,8.333,16644,23067,0,36,33,33,1264944,33984,29,31,0
11611,0.966,1.234,0.016,2.215,1.671,16644,23067,0,36,33,33,1264944,33984,29,31,0
11612,0.984,0.428,0.016,1.428,2.451,16644,23067,0,36,33,33,1264944,33984,29,31,0
11613,0.847,0.362,0.013,1.222,1.645,16644,23067,0,36,33,33,1264944,33984,29,31,0
11614,0.858,3.097,0.015,3.970,1.400,16644,23067,0,36,33,33,1264944,33984,29,31,0
11615,0.866,12.533,0.018,13.417,4.160,16644,23067,0,36,33,33,1264944,33984,29,31,0
11616,0.806,6.889,0.014,7.709,13.609,16644,23067,0,36,33,33,1264944,33984,29,31,0
11617,0.951,0.435,0.010,1.395,7.932,16644,23067,0,36,33,33,1264944,33984,29,31,0
11618,0.792,0.341,0.016,1.149,1.601,16644,23067,0,36,33,33,1264944,33984,29,31,0
11619,0.828,0.376,0.015,1.219,1.320,16644,23067,0,36,33,33,1264944,33984,29,31,0
11620,0.817,0.375,0.018,1.211,1.397,16644,23067,0,36,33,33,1264944,33984,29,31,0
11621,0.819,10.298,0.016,11.133,1.385,16644,23067,0,36,33,33,1264944,33984,29,31,0
11622,0.829,7.437,0.011,8.277,11.320,16644,23067,0,36,33,33,1264944,33984,29,31,0
11623,0.855,7.032,0.016,7.902,8.461,16644,23067,0,36,33,33,1264944,33984,29,31,0
11624,0.966,0.445,0.015,1.427,8.119,16644,23067,0,36,33,33,1264944,33984,29,31,0
11625,0.942,0.434,0.016,1.392,1.623,16644,23067,0,36,33,33,1264944,33984,29,31,0
11626,0.838,0.374,0.016,1.229,1.564,16644,23067,0,36,33,33,1264944,33984,29,31,0
11627,0.835,0.440,0.013,1.288,1.394,16644,23067,0,36,33,33,1264944,33984,29,31,0
11628,0.866,1.207,0.010,2.084,1.479,16644,23067,0,36,33,33,1264944,33984,29,31,0
11629,0.810,7.212,0.014,8.036,2.266,16644,23067,0,36,33,33,1264944,33984,29,31,0
11630,0.806,3.839,0.020,4.665,8.222,16644,23067,0,36,33,33,1264944,33984,29,31,0
11631,0.844,10.763,0.022,11.629,4.836,16644,23067,0,36,33,33,1264944,33984,29,31,0
11632,0.859,6.967,0.029,7.854,11.846,16644,23067,0,36,33,33,1264944,33984,29,31,0
11633,0.989,3.496,0.014,4.499,8.061,16644,23067,0,36,33,33,1264944,33984,29,31,0
11634,0.953,11.350,0.020,12.323,4.708,16644,23067,0,36,33,33,1264944,33984,29,31,0
11635,0.974,6.636,0.018,7.628,12.550,16644,23067,0,36,33,33,1264944,33984,29,31,0
11636,0.963,0.475,0.014,1.452,7.853,16644,23067,0,36,33,33,1264944,33984,29,31,0
11637,0.902,0.438,0.014,1.354,1.650,16644,23067,0,36,33,33,1264944,33984,29,31,0
11638,0.867,0.374,0.013,1.254,1.547,16644,23067,0,36,33,33,1264944,33984,29,31,0
11639,0.834,0.401,0.017,1.252,1.422,16644,23067,0,36,33,33,1264944,33984,29,31,0
11640,0.869,0.977,0.013,1.859,1.444,16644,23067,0,36,33,33,1264944,33984,29,31,0
11641,0.840,4.460,0.019,5.319,2.042,16644,23067,0,36,33,33,1264944,33984,29,31,0
11642,0.840,10.686,0.015,11.541,5.505,16644,23067,0,36,33,33,1264944,33984,29,31,0
11643,0.943,6.846,0.018,7.807,11.758,16644,23067,0,36,33,33,1264944,33984,29,31,0
11644,0.954,0.445,0.015,1.413,8.032,16644,23067,0,36,33,33,1264944,33984,29,31,0
11645,0.925,0.464,0.015,1.403,1.620,16644,23067,0,36,33,33,1264944,33984,29,31,0
11646,0.948,0.474,0.019,1.441,1.610,16644,23067,0,36,33,33,1264944,33984,29,31,0
11647,0.942,0.475,0.028,1.445,1.671,16644,23067,0,36,33,33,1264944,33984,29,31,0
11648,0.862,0.442,0.019,1.322,1.628,16644,23067,0,36,33,33,1264944,33984,29,31,0
11649,0.869,4.722,0.013,5.604,1.504,16644,23067,0,36,33,33,1264944,33984,29,31,0
11650,0.847,10.380,0.015,11.241,5.810,16644,23067,0,36,33,33,1264944,33984,29,31,0
11651,0.808,6.898,0.018,7.724,11.464,16644,23067,0,36,33,33,1264944,33984,29,31,0
11652,0.941,0.419,0.037,1.396,7.956,16644,23067,0,36,33,33,1264944,33984,29,31,0
11653,0.955,0.374,0.009,1.338,1.590,16644,23067,0,36,33,33,1264944,33984,29,31,0
11654,0.814,0.392,0.017,1.223,1.507,16644,23067,0,36,33,33,1264944,33984,29,31,0
11655,0.935,0.513,0.024,1.472,1.485,16644,23067,0,36,33,33,1264944,33984,29,31,0
11656,0.849,9.740,0.014,10.603,1.657,16644,23067,0,36,33,33,1264944,33984,29,31,0
11657,0.888,7.479,0.019,8.387,10.789,16644,23067,0,36,33,33,1264944,33984,29,31,0
11658,0.849,6.871,0.013,7.733,8.577,16644,23067,0,36,33,33,1264944,33984,29,31,0
11659,0.964,0.522,0.017,1.504,7.961,16644,23067,0,36,33,33,1264944,33984,29,31,0
11660,0.821,0.385,0.015,1.221,1.701,16644,23067,0,36,33,33,1264944,33984,29,31,0
11661,0.839,0.461,0.012,1.312,1.400,16644,23067,0,36,33,33,1264944,33984,29,31,0
11662,0.837,0.495,0.016,1.349,1.482,16644,23067,0,36,33,33,1264944,33984,29,31,0
11663,0.839,0.753,0.016,1.608,1.534,16644,23067,0,36,33,33,1264944,33984,29,31,0
11664,0.849,4.633,0.017,5.498,1.785,16644,23067,0,36,33,33,1264944,33984,29,31,0
11665,0.816,10.446,0.016,11.277,5.688,16644,23067,0,36,33,33,1264944,33984,29,31,0
11666,0.831,6.819,0.011,7.661,11.467,16644,23067,0,36,33,33,1264944,33984,29,31,0
11667,0.805,0.399,0.017,1.221,7.842,16644,23067,0,36,33,33,1264944,33984,29,31,0
11668,0.799,0.354,0.013,1.165,1.385,16644,23067,0,36,33,33,1264944,33984,29,31,0
11669,0.788,0.386,0.028,1.202,1.338,16644,23067,0,36,33,33,1264944,33984,29,31,0
11670,0.850,0.666,0.012,1.528,1.381,16644,23067,0,36,33,33,1264944,33984,29,31,0
11671,0.808,0.439,0.013,1.261,1.711,16644,23067,0,36,33,33,1264944,33984,29,31,0
11672,0.843,2.854,0.016,3.713,1.427,16644,23067,0,36,33,33,1264944,33984,29,31,0
11673,0.864,13.518,0.015,14.397,3.908,16644,23067,0,36,33,33,1264944,33984,29,31,0
11674,0.839,6.925,0.011,7.774,14.587,16644,23067,0,36,33,33,1264944,33984,29,31,0
11675,1.083,0.407,0.013,1.504,8.005,16644,23067,0,36,33,33,1264944,33984,29,31,0
11676,0.782,0.370,0.011,1.162,1.695,16644,23067,0,36,33,33,1264944,33984,29,31,0
11677,0.803,0.377,0.015,1.195,1.332,16644,23067,0,36,33,33,1264944,33984,29,31,0
11678,0.810,0.374,0.013,1.198,1.373,16644,23067,0,36,33,33,1264944,33984,29,31,0
11679,0.822,10.038,0.021,10.881,1.365,16644,23067,0,36,33,33,1264944,33984,29,31,0
11680,0.863,7.554,0.010,8.427,11.075,16644,23067,0,36,33,33,1264944,33984,29,31,0
11681,0.824,6.831,0.013,7.668,8.604,16644,23067,0,36,33,33,1264944,33984,29,31,0
11682,0.936,0.402,0.015,1.353,7.897,16644,23067,0,36,33,33,1264944,33984,29,31,0
11683,0.913,0.380,0.017,1.311,1.555,16644,23067,0,36,33,33,1264944,33984,29,31,0
11684,0.820,0.379,0.009,1.208,1.510,16644,23067,0,36,33,33,1264944,33984,29,31,0
11685,0.845,0.415,0.016,1.276,1.375,16644,23067,0,36,33,33,1264944,33984,29,31,0
11686,0.877,0.922,0.017,1.816,1.456,16644,23067,0,36,33,33,1264944,33984,29,31,0
11687,0.792,3.327,0.027,4.145,1.986,16644,23067,0,36,33,33,1264944,33984,29,31,0
11688,0.821,12.026,0.014,12.861,4.331,16644,23067,0,36,33,33,1264944,33984,29,31,0
11689,0.875,6.910,0.016,7.801,13.039,16644,23067,0,36,33,33,1264944,33984,29,31,0
11690,0.923,0.425,0.013,1.361,8.020,16644,23067,0,36,33,33,1264944,33984,29,31,0
11691,0.913,0.352,0.013,1.278,1.558,16644,23067,0,36,33,33,1264944,33984,29,31,0
11692,0.784,0.367,0.015,1.165,1.449,16644,23067,0,36,33,33,1264944,33984,29,31,0
11693,0.807,0.414,0.014,1.235,1.335,16644,23067,0,36,33,33,1264944,33984,29,31,0
11694,0.805,3.978,0.013,4.796,1.407,16644,23067,0,36,33,33,1264944,33984,29,31,0
11695,0.856,13.657,0.015,14.527,4.990,16644,23067,0,36,33,33,1264944,33984,29,31,0
11696,0.943,6.875,0.016,7.835,14.742,16644,23067,0,36,33,33,1264944,33984,29,31,0
11697,0.917,0.495,0.016,1.427,8.045,16644,23067,0,36,33,33,1264944,33984,29,31,0
11698,0.927,0.393,0.016,1.336,1.624,16644,23067,0,36,33,33,1264944,33984,29,31,0
11699,0.905,0.314,0.011,1.230,1.559,16644,23067,0,36,33,33,1264944,33984,29,31,0
11700,0.835,0.398,0.028,1.261,1.405,16644,23067,0,36,33,33,1264944,33984,29,31,0
11701,0.880,0.556,0.012,1.448,1.441,16644,23067,0,36,33,33,1264944,33984,29,31,0
11702,0.822,3.688,0.012,4.523,1.629,16644,23067,0,36,33,33,1264944,33984,29,31,0
11703,0.823,11.718,0.013,12.554,4.714,16644,23067,0,36,33,33,1264944,33984,29,31,0
11704,0.838,6.943,0.025,7.806,12.736,16644,23067,0,36,33,33,1264944,33984,29,31,0
11705,0.955,0.446,0.017,1.418,8.019,16644,23067,0,36,33,33,1264944,33984,29,31,0
11706,0.944,0.451,0.015,1.410,1.627,16644,23067,0,36,33,33,1264944,33984,29,31,0
11707,0.821,0.397,0.012,1.230,1.622,16644,23067,0,36,33,33,1264944,33984,29,31,0
11708,0.833,0.434,0.042,1.309,1.399,16644,23067,0,36,33,33,1264944,33984,29,31,0
11709,0.864,0.660,0.011,1.534,1.492,16644,23067,0,36,33,33,1264944,33984,29,31,0
11710,0.820,3.433,0.012,4.266,1.705,16644,23067,0,36,33,33,1264944,33984,29,31,0
11711,0.855,11.953,0.018,12.826,4.453,16644,23067,0,36,33,33,1264944,33984,29,31,0
11712,0.943,6.749,0.011,7.704,13.025,16644,23067,0,36,33,33,1264944,33984,29,31,0
11713,0.947,0.457,0.013,1.417,7.923,16644,23067,0,36,33,33,1264944,33984,29,31,0
11714,0.970,0.424,0.008,1.402,1.623,16644,23067,0,36,33,33,1264944,33984,29,31,0
11715,0.808,0.376,0.012,1.197,1.576,16644,23067,0,36,33,33,1264944,33984,29,31,0
11716,0.851,0.378,0.018,1.246,1.367,16644,23067,0,36,33,33,1264944,33984,29,31,0
11717,0.857,1.160,0.011,2.028,1.418,16644,23067,0,36,33,33,1264944,33984,29,31,0
11718,0.810,3.686,0.025,4.521,2.216,16644,23067,0,36,33,33,1264944,33984,29,31,0
11719,0.807,11.454,0.015,12.276,4.697,16644,23067,0,36,33,33,1264944,33984,29,31,0
11720,0.945,6.739,0.011,7.695,12.494,16644,23067,0,36,33,33,1264944,33984,29,31,0
11721,0.931,0.407,0.012,1.350,7.912,16644,23067,0,36,33,33,1264944,33984,29,31,0
11722,0.939,0.440,0.018,1.398,1.544,16644,23067,0,36,33,33,1264944,33984,29,31,0
11723,0.946,0.451,0.011,1.408,1.600,16644,23067,0,36,33,33,1264944,33984,29,31,0
11724,0.833,0.360,0.020,1.213,1.602,16644,23067,0,36,33,33,1264944,33984,29,31,0
11725,0.849,0.953,0.020,1.822,1.384,16644,23067,0,36,33,33,1264944,33984,29,31,0
11726,0.782,3.268,0.022,4.071,1.989,16644,23067,0,36,33,33,1264944,33984,29,31,0
11727,1.209,11.623,0.015,12.847,4.357,16644,23067,0,36,33,33,1264944,33984,29,31,0
11728,0.899,6.755,0.016,7.669,13.040,16644,23067,0,36,33,33,1264944,33984,29,31,0
11729,0.939,0.428,0.015,1.382,7.900,16644,23067,0,36,33,33,1264944,33984,29,31,0
11730,0.832,0.341,0.014,1.188,1.575,16644,23067,0,36,33,33,1264944,33984,29,31,0
11731,0.823,0.405,0.010,1.239,1.363,16644,23067,0,36,33,33,1264944,33984,29,31,0
11732,0.825,0.345,0.017,1.188,1.422,16644,23067,0,36,33,33,1264944,33984,29,31,0
11733,0.840,3.906,0.012,4.758,1.358,16644,23067,0,36,33,33,1264944,33984,29,31,0
11734,0.836,13.330,0.017,14.183,4.946,16644,23067,0,36,33,33,1264944,33984,29,31,0
11735,0.819,7.102,0.011,7.932,14.377,16644,23067,0,36,33,33,1264944,33984,29,31,0
11736,0.939,0.417,0.015,1.372,8.153,16644,23067,0,36,33,33,1264944,33984,29,31,0
11737,0.794,0.343,0.010,1.147,1.540,16644,23067,0,36,33,33,1264944,33984,29,31,0
11738,0.793,0.378,0.013,1.184,1.312,16644,23067,0,36,33,33,1264944,33984,29,31,0
11739,0.816,0.398,0.012,1.226,1.359,16644,23067,0,36,33,33,1264944,33984,29,31,0
11740,0.821,10.323,0.012,11.156,1.403,16644,23067,0,36,33,33,1264944,33984,29,31,0
11741,0.829,7.868,0.012,8.709,11.346,16644,23067,0,36,33,33,1264944,33984,29,31,0
11742,0.826,6.514,0.011,7.351,8.887,16644,23067,0,36,33,33,1264944,33984,29,31,0
11743,0.928,0.420,0.012,1.360,7.567,16644,23067,0,36,33,33,1264944,33984,29,31,0
11744,0.914,0.366,0.015,1.296,1.554,16644,23067,0,36,33,33,1264944,33984,29,31,0
11745,0.788,0.365,0.011,1.164,1.501,16644,23067,0,36,33,33,1264944,33984,29,31,0
11746,0.837,0.400,0.019,1.256,1.343,16644,23067,0,36,33,33,1264944,33984,29,31,0
11747,0.798,3.742,0.013,4.552,1.436,16644,23067,0,36,33,33,1264944,33984,29,31,0
11748,0.799,13.679,0.017,14.495,4.735,16644,23067,0,36,33,33,1264944,33984,29,31,0
11749,0.923,6.939,0.030,7.892,14.733,16644,23067,0,36,33,33,1264944,33984,29,31,0
11750,0.991,0.434,0.011,1.437,8.107,16644,23067,0,36,33,33,1264944,33984,29,31,0
11751,0.929,0.443,0.015,1.387,1.644,16644,23067,0,36,33,33,1264944,33984,29,31,0
11752,0.968,0.373,0.016,1.358,1.586,16644,23067,0,36,33,33,1264944,33984,29,31,0
11753,0.841,0.371,0.042,1.254,1.528,16644,23067,0,36,33,33,1264944,33984,29,31,0
11754,0.823,0.702,0.021,1.546,1.422,16644,23067,0,36,33,33,1264944,33984,29,31,0
11755,0.806,3.367,0.011,4.184,1.720,16644,23067,0,36,33,33,1264944,33984,29,31,0
11756,0.827,11.918,0.017,12.762,4.379,16644,23067,0,36,33,33,1264944,33984,29,31,0
11757,0.975,6.830,0.012,7.818,12.979,16644,23067,0,36,33,33,1264944,33984,29,31,0
11758,0.941,0.394,0.012,1.346,8.038,16644,23067,0,36,33,33,1264944,33984,29,31,0
11759,0.781,0.355,0.013,1.149,1.515,16644,23067,0,36,33,33,1264944,33984,29,31,0
11760,0.780,0.353,0.011,1.145,1.319,16644,23067,0,36,33,33,1264944,33984,29,31,0
11761,0.804,0.430,0.019,1.253,1.310,16644,23067,0,36,33,33,1264944,33984,29,31,0
11762,0.846,10.176,0.016,11.038,1.425,16644,23067,0,36,33,33,1264944,33984,29,31,0
11763,0.822,7.957,0.014,8.792,11.232,16644,23067,0,36,33,33,1264944,33984,29,31,0
11764,0.802,6.470,0.018,7.290,8.972,16644,23067,0,36,33,33,1264944,33984,29,31,0
11765,0.925,0.403,0.013,1.342,7.516,16644,23067,0,36,33,33,1264944,33984,29,31,0
11766,0.916,0.377,0.020,1.313,1.534,16644,23067,0,36,33,33,1264944,33984,29,31,0
11767,0.779,0.388,0.011,1.178,1.519,16644,23067,0,36,33,33,1264944,33984,29,31,0
11768,0.832,0.411,0.017,1.260,1.353,16644,23067,0,36,33,33,1264944,33984,29,31,0
11769,0.857,4.175,0.009,5.041,1.431,16644,23067,0,36,33,33,1264944,33984,29,31,0
11770,0.813,12.962,0.015,13.790,5.231,16644,23067,0,36,33,33,1264944,33984,29,31,0
11771,0.930,7.161,0.017,8.108,13.988,16644,23067,0,36,33,33,1264944,33984,29,31,0
11772,0.932,0.407,0.013,1.352,8.316,16644,23067,0,36,33,33,1264944,33984,29,31,0
11773,0.916,0.377,0.011,1.304,1.563,16644,23067,0,36,33,33,1264944,33984,29,31,0
11774,0.935,0.446,0.010,1.391,1.507,16644,23067,0,36,33,33,1264944,33984,29,31,0
11775,0.861,0.416,0.012,1.288,1.601,16644,23067,0,36,33,33,1264944,33984,29,31,0
11776,0.835,1.038,0.009,1.883,1.475,16644,23067,0,36,33,33,1264944,33984,29,31,0
11777,0.783,3.510,0.034,4.327,2.067,16644,23067,0,36,33,33,1264944,33984,29,31,0
11778,0.814,11.661,0.015,12.490,4.524,16644,23067,0,36,33,33,1264944,33984,29,31,0
11779,0.998,6.658,0.016,7.672,12.706,16644,23067,0,36,33,33,1264944,33984,29,31,0
11780,0.919,0.425,0.013,1.357,7.873,16644,23067,0,36,33,33,1264944,33984,29,31,0
11781,0.834,0.362,0.019,1.215,1.550,16644,23067,0,36,33,33,1264944,33984,29,31,0
11782,0.802,0.423,0.033,1.258,1.390,16644,23067,0,36,33,33,1264944,33984,29,31,0
11783,0.843,0.445,0.015,1.304,1.437,16644,23067,0,36,33,33,1264944,33984,29,31,0
11784,0.875,9.744,0.013,10.632,1.485,16644,23067,0,36,33,33,1264944,33984,29,31,0
11785,0.815,8.117,0.012,8.944,10.836,16644,23067,0,36,33,33,1264944,33984,29,31,0
11786,0.920,6.447,0.041,7.408,9.120,16644,23067,0,36,33,33,1264944,33984,29,31,0
11787,0.929,0.433,0.012,1.374,7.623,16644,23067,0,36,33,33,1264944,33984,29,31,0
11788,0.816,0.366,0.015,1.198,1.548,16644,23067,0,36,33,33,1264944,33984,29,31,0
11789,0.807,0.379,0.012,1.197,1.371,16644,23067,0,36,33,33,1264944,33984,29,31,0
11790,0.841,0.401,0.016,1.257,1.427,16644,23067,0,36,33,33,1264944,33984,29,31,0
11791,0.840,1.727,0.014,2.581,1.435,16644,23067,0,36,33,33,1264944,33984,29,31,0
11792,0.819,7.163,0.012,7.993,2.761,16644,23067,0,36,33,33,1264944,33984,29,31,0
11793,0.788,8.638,0.025,9.451,8.174,16644,23067,0,36,33,33,1264944,33984,29,31,0
11794,0.830,5.945,0.012,6.787,9.618,16644,23067,0,36,33,33,1264944,33984,29,31,0
11795,0.924,7.017,0.019,7.961,7.023,16644,23067,0,36,33,33,1264944,33984,29,31,0
11796,1.000,7.464,0.022,8.486,8.161,16644,23067,0,36,33,33,1264944,33984,29,31,0
11797,0.954,7.140,0.015,8.109,8.690,16644,23067,0,36,33,33,1264944,33984,29,31,0
11798,0.975,6.758,0.014,7.747,8.359,16644,23067,0,36,33,33,1264944,33984,29,31,0
11799,0.938,0.420,0.010,1.369,7.963,16644,23067,0,36,33,33,1264944,33984,29,31,0
11800,0.911,0.449,0.014,1.373,1.567,16644,23067,0,36,33,33,1264944,33984,29,31,0
11801,0.924,0.418,0.016,1.358,1.565,16644,23067,0,36,33,33,1264944,33984,29,31,0
11802,1.009,0.526,0.014,1.549,1.553,16644,23067,0,36,33,33,1264944,33984,29,31,0
11803,0.888,0.411,0.016,1.315,1.753,16644,23067,0,36,33,33,1264944,33984,29,31,0
11804,0.868,2.230,0.018,3.116,1.509,16644,23067,0,36,33,33,1264944,33984,29,31,0
11805,0.979,13.253,0.019,14.251,3.335,16644,23067,0,36,33,33,1264944,33984,29,31,0
11806,0.990,6.619,0.017,7.626,14.465,16644,23067,0,36,33,33,1264944,33984,29,31,0
11807,1.023,0.467,0.017,1.507,7.863,16644,23067,0,36,33,33,1264944,33984,29,31,0
11808,0.828,0.451,0.024,1.303,1.720,16644,23067,0,36,33,33,1264944,33984,29,31,0
11809,0.862,0.476,0.012,1.349,1.499,16644,23067,0,36,33,33,1264944,33984,29,31,0
11810,0.868,0.513,0.021,1.401,1.531,16644,23067,0,36,33,33,1264944,33984,29,31,0
11811,0.861,0.471,0.015,1.347,1.580,16644,23067,0,36,33,33,1264944,33984,29,31,0
11812,0.811,4.809,0.014,5.634,1.517,16644,23067,0,36,33,33,1264944,33984,29,31,0
11813,0.829,10.281,0.019,11.129,5.837,16644,23067,0,36,33,33,1264944,33984,29,31,0
11814,0.812,6.958,0.017,7.786,11.333,16644,23067,0,36,33,33,1264944,33984,29,31,0
11815,0.823,0.387,0.020,1.230,7.991,16644,23067,0,36,33,33,1264944,33984,29,31,0
11816,0.836,0.373,0.015,1.224,1.399,16644,23067,0,36,33,33,1264944,33984,29,31,0
11817,0.805,0.362,0.014,1.181,1.400,16644,23067,0,36,33,33,1264944,33984,29,31,0
11818,0.852,0.507,0.032,1.390,1.386,16644,23067,0,36,33,33,1264944,33984,29,31,0
11819,0.779,0.331,0.013,1.124,1.570,16644,23067,0,36,33,33,1264944,33984,29,31,0
11820,0.710,0.331,0.011,1.052,1.281,16644,23067,0,36,33,33,1264944,33984,29,31,0
11821,0.716,2.951,0.012,3.680,1.204,16644,23067,0,36,33,33,1264944,33984,29,31,0
11822,0.746,12.659,0.021,13.426,3.848,16644,23067,0,36,33,33,1264944,33984,29,31,0
11823,0.809,6.765,0.024,7.598,13.602,16644,23067,0,36,33,33,1264944,33984,29,31,0
11824,0.806,0.573,0.013,1.392,7.789,16644,23067,0,36,33,33,1264944,33984,29,31,0
11825,0.814,0.393,0.011,1.218,1.557,16644,23067,0,36,33,33,1264944,33984,29,31,0
11826,0.823,0.409,0.020,1.252,1.396,16644,23067,0,36,33,33,1264944,33984,29,31,0
11827,0.848,0.507,0.015,1.370,1.502,16644,23067,0,36,33,33,1264944,33984,29,31,0
11828,0.747,3.472,0.019,4.238,1.526,16644,23067,0,36,33,33,1264944,33984,29,31,0
11829,0.710,13.749,0.022,14.481,4.397,16644,23067,0,36,33,33,1264944,33984,29,31,0
11830,0.803,7.038,0.013,7.853,14.668,16644,23067,0,36,33,33,1264944,33984,29,31,0
11831,0.801,0.327,0.017,1.145,8.043,16644,23067,0,36,33,33,1264944,33984,29,31,0
11832,0.791,0.355,0.015,1.161,1.329,16644,23067,0,36,33,33,1264944,33984,29,31,0
11833,0.789,0.356,0.022,1.167,1.356,16644,23067,0,36,33,33,1264944,33984,29,31,0
11834,0.812,0.454,0.013,1.279,1.343,16644,23067,0,36,33,33,1264944,33984,29,31,0
11835,0.806,0.358,0.011,1.176,1.444,16644,23067,0,36,33,33,1264944,33984,29,31,0
11836,0.696,2.727,0.013,3.437,1.326,16644,23067,0,36,33,33,1264944,33984,29,31,0
11837,0.705,13.782,0.012,14.499,3.598,16644,23067,0,36,33,33,1264944,33984,29,31,0
11838,0.801,7.340,0.012,8.153,14.757,16644,23067,0,36,33,33,1264944,33984,29,31,0
11839,0.798,0.364,0.012,1.174,8.326,16644,23067,0,36,33,33,1264944,33984,29,31,0
11840,0.731,0.317,0.014,1.061,1.342,16644,23067,0,36,33,33,1264944,33984,29,31,0
11841,0.708,0.346,0.017,1.071,1.211,16644,23067,0,36,33,33,1264944,33984,29,31,0
11842,0.729,0.404,0.015,1.148,1.227,16644,23067,0,36,33,33,1264944,33984,29,31,0
11843,0.703,10.751,0.013,11.467,1.297,16644,23067,0,36,33,33,1264944,33984,29,31,0
11844,0.709,7.869,0.014,8.593,11.623,16644,23067,0,36,33,33,1264944,33984,29,31,0
11845,0.790,6.727,0.017,7.534,8.746,16644,23067,0,36,33,33,1264944,33984,29,31,0
11846,0.805,0.336,0.012,1.153,7.710,16644,23067,0,36,33,33,1264944,33984,29,31,0
11847,0.797,0.356,0.016,1.169,1.322,16644,23067,0,36,33,33,1264944,33984,29,31,0
11848,0.783,0.357,0.011,1.151,1.343,16644,23067,0,36,33,33,1264944,33984,29,31,0
11849,0.808,0.368,0.017,1.194,1.316,16644,23067,0,36,33,33,1264944,33984,29,31,0
11850,0.716,0.332,0.009,1.056,1.360,16644,23067,0,36,33,33,1264944,33984,29,31,0
11851,0.719,0.621,0.012,1.353,1.204,16644,23067,0,36,33,33,1264944,33984,29,31,0
11852,0.687,3.240,0.015,3.941,1.500,16644,23067,0,36,33,33,1264944,33984,29,31,0
11853,0.732,12.244,0.011,12.988,4.109,16644,23067,0,36,33,33,1264944,33984,29,31,0
11854,0.803,7.011,0.013,7.827,13.173,16644,23067,0,36,33,33,1264944,33984,29,31,0
11855,0.789,0.360,0.012,1.160,8.000,16644,23067,0,36,33,33,1264944,33984,29,31,0
11856,0.784,0.355,0.008,1.146,1.325,16644,23067,0,36,33,33,1264944,33984,29,31,0
11857,0.781,0.341,0.012,1.134,1.315,16644,23067,0,36,33,33,1264944,33984,29,31,0
11858,0.807,0.461,0.014,1.283,1.301,16644,23067,0,36,33,33,1264944,33984,29,31,0
11859,0.780,10.603,0.010,11.393,1.458,16644,23067,0,36,33,33,1264944,33984,29,31,0
11860,0.815,7.343,0.020,8.178,11.579,16644,23067,0,36,33,33,1264944,33984,29,31,0
11861,0.815,6.998,0.012,7.825,8.346,16644,23067,0,36,33,33,1264944,33984,29,31,0
11862,0.798,0.382,0.030,1.210,7.998,16644,23067,0,36,33,33,1264944,33984,29,31,0
11863,0.843,0.389,0.013,1.245,1.398,16644,23067,0,36,33,33,1264944,33984,29,31,0
11864,0.820,0.383,0.015,1.219,1.413,16644,23067,0,36,33,33,1264944,33984,29,31,0
11865,0.837,0.559,0.021,1.417,1.463,16644,23067,0,36,33,33,1264944,33984,29,31,0
11866,0.833,0.453,0.020,1.305,1.588,16644,23067,0,36,33,33,1264944,33984,29,31,0
11867,0.811,2.613,0.037,3.461,1.467,16644,23067,0,36,33,33,1264944,33984,29,31,0
11868,0.739,14.820,0.015,15.574,3.624,16644,23067,0,36,33,33,1264944,33984,29,31,0
11869,0.812,5.677,0.013,6.502,15.743,16644,23067,0,36,33,33,1264944,33984,29,31,0
11870,0.804,0.404,0.033,1.241,6.682,16644,23067,0,36,33,33,1264944,33984,29,31,0
11871,0.841,1.387,0.011,2.240,1.409,16644,23067,0,36,33,33,1264944,33984,29,31,0
11872,0.840,0.355,0.014,1.209,2.428,16644,23067,0,36,33,33,1264944,33984,29,31,0
11873,0.816,1.389,0.010,2.215,1.380,16644,23067,0,36,33,33,1264944,33984,29,31,0
11874,0.849,4.308,0.011,5.168,2.404,16644,23067,0,36,33,33,1264944,33984,29,31,0
11875,0.811,11.472,0.017,12.300,5.347,16644,23067,0,36,33,33,1264944,33984,29,31,0
11876,0.955,6.872,0.014,7.841,12.522,16644,23067,0,36,33,33,1264944,33984,29,31,0
11877,0.987,0.517,0.014,1.518,8.054,16644,23067,0,36,33,33,1264944,33984,29,31,0
11878,0.969,1.447,0.016,2.432,1.728,16644,23067,0,36,33,33,1264944,33984,29,31,0
11879,0.959,0.422,0.021,1.402,2.649,16644,23067,0,36,33,33,1264944,33984,29,31,0
11880,0.941,1.609,0.014,2.564,1.614,16644,23067,0,36,33,33,1264944,33984,29,31,0
11881,0.978,4.472,0.014,5.464,2.773,16644,23067,0,36,33,33,1264944,33984,29,31,0
11882,0.950,9.669,0.014,10.633,5.667,16644,23067,0,36,33,33,1264944,33984,29,31,0
11883,0.955,6.740,0.015,7.710,10.840,16644,23067,0,36,33,33,1264944,33984,29,31,0
11884,0.928,0.424,0.009,1.362,7.938,16644,23067,0,36,33,33,1264944,33984,29,31,0
11885,0.927,1.526,0.073,2.526,1.556,16644,23067,0,36,33,33,1264944,33984,29,31,0
11886,1.014,0.593,0.018,1.625,2.732,16644,23067,0,36,33,33,1264944,33984,29,31,0
11887,0.992,1.556,0.020,2.568,1.835,16644,23067,0,36,33,33,1264944,33984,29,31,0
11888,1.006,4.768,0.015,5.790,2.795,16644,23067,0,36,33,33,1264944,33984,29,31,0
11889,0.996,9.424,0.023,10.443,6.008,16644,23067,0,36,33,33,1264944,33984,29,31,0
11890,0.972,7.077,0.017,8.066,10.648,16644,23067,0,36,33,33,1264944,33984,29,31,0
11891,1.190,0.578,0.020,1.788,8.326,16644,23067,0,36,33,33,1264944,33984,29,31,0
11892,0.950,1.244,0.019,2.213,2.014,16644,23067,0,36,33,33,1264944,33984,29,31,0
11893,1.018,0.468,0.019,1.504,2.457,16644,23067,0,36,33,33,1264944,33984,29,31,0
11894,0.942,0.465,0.012,1.419,1.707,16644,23067,0,36,33,33,1264944,33984,29,31,0
11895,0.963,4.404,0.015,5.382,1.612,16644,23067,0,36,33,33,1264944,33984,29,31,0
11896,0.972,10.425,0.012,11.409,5.604,16644,23067,0,36,33,33,1264944,33984,29,31,0
11897,0.952,7.095,0.017,8.064,11.614,16644,23067,0,36,33,33,1264944,33984,29,31,0
11898,0.952,0.488,0.019,1.459,8.275,16644,23067,0,36,33,33,1264944,33984,29,31,0
11899,0.956,1.629,0.018,2.604,1.666,16644,23067,0,36,33,33,1264944,33984,29,31,0
11900,0.986,0.493,0.025,1.503,2.806,16644,23067,0,36,33,33,1264944,33984,29,31,0
11901,0.928,0.513,0.016,1.456,1.701,16644,23067,0,36,33,33,1264944,33984,29,31,0
11902,0.828,4.233,0.018,5.078,1.646,16644,23067,0,36,33,33,1264944,33984,29,31,0
11903,0.807,10.887,0.012,11.706,5.271,16644,23067,0,36,33,33,1264944,33984,29,31,0
11904,0.943,7.267,0.018,8.228,11.936,16644,23067,0,36,33,33,1264944,33984,29,31,0
11905,1.003,0.432,0.015,1.451,8.441,16644,23067,0,36,33,33,1264944,33984,29,31,0
11906,0.984,0.456,0.021,1.461,1.665,16644,23067,0,36,33,33,1264944,33984,29,31,0
11907,0.957,0.476,0.028,1.460,1.657,16644,23067,0,36,33,33,1264944,33984,29,31,0
11908,0.955,10.300,0.017,11.272,1.666,16644,23067,0,36,33,33,1264944,33984,29,31,0
11909,0.992,7.977,0.019,8.988,11.498,16644,23067,0,36,33,33,1264944,33984,29,31,0
11910,0.958,6.076,0.020,7.055,9.195,16644,23067,0,36,33,33,1264944,33984,29,31,0
11911,0.943,0.464,0.013,1.419,7.306,16644,23067,0,36,33,33,1264944,33984,29,31,0
11912,0.944,0.431,0.016,1.390,1.630,16644,23067,0,36,33,33,1264944,33984,29,31,0
11913,0.962,0.453,0.020,1.435,1.581,16644,23067,0,36,33,33,1264944,33984,29,31,0
11914,0.937,0.565,0.020,1.522,1.637,16644,23067,0,36,33,33,1264944,33984,29,31,0
11915,0.894,4.611,0.010,5.515,1.725,16644,23067,0,36,33,33,1264944,33984,29,31,0
11916,0.866,11.976,0.016,12.857,5.697,16644,23067,0,36,33,33,1264944,33984,29,31,0
11917,0.984,6.695,0.025,7.703,13.072,16644,23067,0,36,33,33,1264944,33984,29,31,0
11918,0.966,0.413,0.017,1.396,7.929,16644,23067,0,36,33,33,1264944,33984,29,31,0
11919,0.920,0.388,0.036,1.345,1.588,16644,23067,0,36,33,33,1264944,33984,29,31,0
11920,0.953,0.441,0.013,1.406,1.536,16644,23067,0,36,33,33,1264944,33984,29,31,0
11921,0.947,0.479,0.015,1.441,1.607,16644,23067,0,36,33,33,1264944,33984,29,31,0
11922,0.837,4.149,0.015,5.000,1.637,16644,23067,0,36,33,33,1264944,33984,29,31,0
11923,0.864,12.925,0.017,13.806,5.199,16644,23067,0,36,33,33,1264944,33984,29,31,0
11924,0.985,6.858,0.016,7.858,14.020,16644,23067,0,36,33,33,1264944,33984,29,31,0
11925,0.948,0.584,0.013,1.546,8.067,16644,23067,0,36,33,33,1264944,33984,29,31,0
11926,0.919,0.435,0.018,1.372,1.748,16644,23067,0,36,33,33,1264944,33984,29,31,0
11927,0.979,0.505,0.010,1.494,1.577,16644,23067,0,36,33,33,1264944,33984,29,31,0
11928,0.950,0.363,0.011,1.324,1.711,16644,23067,0,36,33,33,1264944,33984,29,31,0
11929,0.792,0.382,0.022,1.196,1.487,16644,23067,0,36,33,33,1264944,33984,29,31,0
11930,0.814,3.034,0.024,3.871,1.367,16644,23067,0,36,33,33,1264944,33984,29,31,0
11931,0.842,12.129,0.014,12.985,4.096,16644,23067,0,36,33,33,1264944,33984,29,31,0
11932,0.963,6.630,0.011,7.604,13.210,16644,23067,0,36,33,33,1264944,33984,29,31,0
11933,0.923,0.406,0.016,1.345,7.825,16644,23067,0,36,33,33,1264944,33984,29,31,0
11934,0.915,0.420,0.015,1.350,1.570,16644,23067,0,36,33,33,1264944,33984,29,31,0
11935,0.937,0.434,0.014,1.386,1.544,16644,23067,0,36,33,33,1264944,33984,29,31,0
11936,0.942,0.391,0.013,1.345,1.574,16644,23067,0,36,33,33,1264944,33984,29,31,0
11937,0.810,0.618,0.013,1.441,1.533,16644,23067,0,36,33,33,1264944,33984,29,31,0
11938,0.808,3.840,0.014,4.661,1.611,16644,23067,0,36,33,33,1264944,33984,29,31,0
11939,0.832,11.718,0.016,12.566,4.856,16644,23067,0,36,33,33,1264944,33984,29,31,0
11940,0.969,6.584,0.014,7.568,12.777,16644,23067,0,36,33,33,1264944,33984,29,31,0
11941,0.915,0.413,0.015,1.344,7.787,16644,23067,0,36,33,33,1264944,33984,29,31,0
11942,0.930,0.390,0.018,1.338,1.540,16644,23067,0,36,33,33,1264944,33984,29,31,0
11943,0.927,0.399,0.015,1.341,1.545,16644,23067,0,36,33,33,1264944,33984,29,31,0
11944,0.876,0.382,0.013,1.270,1.539,16644,23067,0,36,33,33,1264944,33984,29,31,0
11945,0.808,4.270,0.010,5.089,1.448,16644,23067,0,36,33,33,1264944,33984,29,31,0
11946,0.808,12.777,0.014,13.599,5.277,16644,23067,0,36,33,33,1264944,33984,29,31,0
11947,0.952,7.037,0.017,8.005,13.827,16644,23067,0,36,33,33,1264944,33984,29,31,0
11948,0.927,0.380,0.038,1.345,8.207,16644,23067,0,36,33,33,1264944,33984,29,31,0
11949,0.930,0.373,0.018,1.321,1.545,16644,23067,0,36,33,33,1264944,33984,29,31,0
11950,0.930,0.454,0.011,1.396,1.525,16644,23067,0,36,33,33,1264944,33984,29,31,0
11951,0.962,0.447,0.016,1.425,1.599,16644,23067,0,36,33,33,1264944,33984,29,31,0
11952,0.881,0.387,0.018,1.286,1.642,16644,23067,0,36,33,33,1264944,33984,29,31,0
11953,0.797,3.675,0.010,4.482,1.460,16644,23067,0,36,33,33,1264944,33984,29,31,0
11954,0.829,11.893,0.015,12.737,4.673,16644,23067,0,36,33,33,1264944,33984,29,31,0
11955,0.850,7.100,0.023,7.973,12.916,16644,23067,0,36,33,33,1264944,33984,29,31,0
11956,0.962,0.448,0.017,1.427,8.206,16644,23067,0,36,33,33,1264944,33984,29,31,0
11957,0.781,0.360,0.018,1.158,1.608,16644,23067,0,36,33,33,1264944,33984,29,31,0
11958,0.807,0.413,0.020,1.240,1.340,16644,23067,0,36,33,33,1264944,33984,29,31,0
11959,0.831,0.549,0.015,1.395,1.408,16644,23067,0,36,33,33,1264944,33984,29,31,0
11960,0.855,0.834,0.013,1.701,1.581,16644,23067,0,36,33,33,1264944,33984,29,31,0
11961,0.828,4.519,0.018,5.364,1.871,16644,23067,0,36,33,33,1264944,33984,29,31,0
11962,0.787,10.687,0.016,11.489,5.562,16644,23067,0,36,33,33,1264944,33984,29,31,0
11963,0.816,7.038,0.014,7.868,11.677,16644,23067,0,36,33,33,1264944,33984,29,31,0
11964,0.932,0.412,0.013,1.356,8.081,16644,23067,0,36,33,33,1264944,33984,29,31,0
11965,0.931,0.496,0.017,1.445,1.630,16644,23067,0,36,33,33,1264944,33984,29,31,0
11966,0.827,0.405,0.016,1.248,1.664,16644,23067,0,36,33,33,1264944,33984,29,31,0
11967,0.822,0.352,0.014,1.187,1.426,16644,23067,0,36,33,33,1264944,33984,29,31,0
11968,0.799,9.744,0.012,10.555,1.356,16644,23067,0,36,33,33,1264944,33984,29,31,0
11969,0.812,8.095,0.012,8.920,10.745,16644,23067,0,36,33,33,1264944,33984,29,31,0
11970,0.947,6.179,0.021,7.147,9.133,16644,23067,0,36,33,33,1264944,33984,29,31,0
11971,0.939,0.446,0.016,1.401,7.367,16644,23067,0,36,33,33,1264944,33984,29,31,0
11972,0.924,0.321,0.014,1.259,1.598,16644,23067,0,36,33,33,1264944,33984,29,31,0
11973,0.801,0.381,0.018,1.200,1.425,16644,23067,0,36,33,33,1264944,33984,29,31,0
11974,0.817,0.444,0.016,1.278,1.373,16644,23067,0,36,33,33,1264944,33984,29,31,0
11975,0.854,3.697,0.014,4.565,1.464,16644,23067,0,36,33,33,1264944,33984,29,31,0
11976,0.804,13.930,0.020,14.754,4.755,16644,23067,0,36,33,33,1264944,33984,29,31,0
11977,0.973,6.571,0.015,7.558,14.963,16644,23067,0,36,33,33,1264944,33984,29,31,0
11978,0.936,0.415,0.030,1.381,7.781,16644,23067,0,36,33,33,1264944,33984,29,31,0
11979,0.919,0.411,0.014,1.344,1.572,16644,23067,0,36,33,33,1264944,33984,29,31,0
11980,0.900,0.375,0.010,1.285,1.556,16644,23067,0,36,33,33,1264944,33984,29,31,0
11981,0.798,0.353,0.015,1.166,1.467,16644,23067,0,36,33,33,1264944,33984,29,31,0
11982,0.829,1.257,0.014,2.099,1.351,16644,23067,0,36,33,33,1264944,33984,29,31,0
11983,0.814,3.526,0.026,4.365,2.276,16644,23067,0,36,33,33,1264944,33984,29,31,0
11984,0.816,11.389,0.014,12.219,4.562,16644,23067,0,36,33,33,1264944,33984,29,31,0
11985,0.927,6.861,0.012,7.801,12.451,16644,23067,0,36,33,33,1264944,33984,29,31,0
11986,0.929,0.441,0.015,1.385,8.025,16644,23067,0,36,33,33,1264944,33984,29,31,0
11987,0.906,0.416,0.015,1.336,1.586,16644,23067,0,36,33,33,1264944,33984,29,31,0
11988,0.857,0.382,0.016,1.255,1.533,16644,23067,0,36,33,33,1264944,33984,29,31,0
11989,0.814,0.384,0.014,1.212,1.437,16644,23067,0,36,33,33,1264944,33984,29,31,0
11990,0.831,0.946,0.014,1.792,1.401,16644,23067,0,36,33,33,1264944,33984,29,31,0
11991,0.815,3.517,0.012,4.344,1.970,16644,23067,0,36,33,33,1264944,33984,29,31,0
11992,0.811,11.748,0.013,12.571,4.540,16644,23067,0,36,33,33,1264944,33984,29,31,0
11993,0.910,6.945,0.011,7.866,12.779,16644,23067,0,36,33,33,1264944,33984,29,31,0
11994,0.927,0.464,0.020,1.411,8.084,16644,23067,0,36,33,33,1264944,33984,29,31,0
11995,0.950,0.451,0.017,1.418,1.629,16644,23067,0,36,33,33,1264944,33984,29,31,0
11996,0.842,0.439,0.012,1.293,1.605,16644,23067,0,36,33,33,1264944,33984,29,31,0
11997,0.850,0.478,0.033,1.361,1.471,16644,23067,0,36,33,33,1264944,33984,29,31,0
11998,0.852,0.655,0.020,1.527,1.534,16644,23067,0,36,33,33,1264944,33984,29,31,0
11999,0.824,4.653,0.018,5.495,1.709,16644,23067,0,36,33,33,1264944,33984,29,31,0
12000,0.842,10.903,0.018,11.763,5.683,16644,23067,0,36,33,33,1264944,33984,29,31,0
