frame,update_ms,render_ms,swap_ms,frame_ms,loop_ms,total_vertices,visible_vertices,culled_vertices,total_batches,visible_batches,draw_calls,vbo_bytes,index_bytes,texture_binds,material_changes,reflection_passes
1,1.551,0.652,0.000,2.203,2.203,697965,1781607,0,811,761,761,44669760,1412988,394,422,0
2,1.469,0.655,0.000,2.124,2.411,697965,1781607,0,811,761,761,44669760,1412988,394,422,0
3,1.515,0.643,0.000,2.159,2.283,697965,1781607,0,811,761,761,44669760,1412988,394,422,0
4,1.520,0.657,0.000,2.176,2.309,697965,1781607,0,811,761,761,44669760,1412988,394,422,0
5,1.513,0.653,0.000,2.167,2.311,697965,1781607,0,811,761,761,44669760,1412988,394,422,0
6,1.491,0.645,0.000,2.136,2.299,697965,1781607,0,811,761,761,44669760,1412988,394,422,0
7,1.543,0.629,0.000,2.172,2.262,697965,1781607,0,811,761,761,44669760,1412988,394,422,0
8,1.498,0.642,0.000,2.140,2.295,697965,1781607,0,811,761,761,44669760,1412988,394,422,0
9,1.533,0.633,0.000,2.166,2.262,697965,1781607,0,811,761,761,44669760,1412988,394,422,0
10,1.564,0.656,0.000,2.220,2.325,697965,1781607,0,811,761,761,44669760,1412988,394,422,0
11,1.505,0.624,0.000,2.130,2.363,697965,1781607,0,811,761,761,44669760,1412988,394,422,0
12,1.454,0.615,0.000,2.069,2.262,697965,1781607,0,811,761,761,44669760,1412988,394,422,0
13,1.379,0.603,0.000,1.982,2.190,697965,1781607,0,811,761,761,44669760,1412988,394,422,0
14,1.523,0.634,0.000,2.157,2.100,697965,1781607,0,811,761,761,44669760,1412988,394,422,0
15,1.468,0.640,0.000,2.108,2.293,697965,1781607,0,811,761,761,44669760,1412988,394,422,0
16,1.484,0.624,0.000,2.108,2.243,697965,1781607,0,811,761,761,44669760,1412988,394,422,0
17,1.497,0.651,0.000,2.149,2.233,697965,1781607,0,811,761,761,44669760,1412988,394,422,0
18,1.526,0.647,0.000,2.173,2.267,697965,1781607,0,811,761,761,44669760,1412988,394,422,0
19,1.528,0.645,0.000,2.173,2.300,697965,1781607,0,811,761,761,44669760,1412988,394,422,0
20,1.486,0.632,0.000,2.118,2.300,697965,1781607,0,811,761,761,44669760,1412988,394,422,0
21,1.486,0.631,0.000,2.117,2.256,697965,1781607,0,811,761,761,44669760,1412988,394,422,0
22,1.495,0.637,0.000,2.132,2.259,697965,1781607,0,811,761,761,44669760,1412988,394,422,0
23,1.491,0.636,0.000,2.128,2.270,697965,1781607,0,811,761,761,44669760,1412988,394,422,0
24,1.515,0.655,0.000,2.170,2.275,697965,1781607,0,811,761,761,44669760,1412988,394,422,0
25,1.517,0.673,0.000,2.190,2.297,697965,1781607,0,811,761,761,44669760,1412988,394,422,0
26,1.537,0.661,0.000,2.198,2.333,697965,1781607,0,811,761,761,44669760,1412988,394,422,0
27,1.509,0.646,0.000,2.155,2.335,697965,1781607,0,811,761,761,44669760,1412988,394,422,0
28,1.510,0.666,0.000,2.176,2.279,697965,1781607,0,811,761,761,44669760,1412988,394,422,0
29,1.557,0.658,0.000,2.215,2.296,697965,1781607,0,811,761,761,44669760,1412988,394,422,0
30,1.515,0.657,0.000,2.172,2.344,697965,1781607,0,811,761,761,44669760,1412988,394,422,0
31,1.504,0.648,0.000,2.152,2.292,697965,1781607,0,811,761,761,44669760,1412988,394,422,0
32,1.527,0.632,0.000,2.159,2.274,697965,1781607,0,811,761,761,44669760,1412988,394,422,0
33,1.504,0.637,0.000,2.141,2.289,697965,1781607,0,811,761,761,44669760,1412988,394,422,0
34,1.482,0.649,0.000,2.132,2.266,697965,1781607,0,811,761,761,44669760,1412988,394,422,0
35,1.518,0.646,0.000,2.164,2.280,697965,1781607,0,811,761,761,44669760,1412988,394,422,0
36,1.486,0.630,0.000,2.116,2.298,697965,1781607,0,811,761,761,44669760,1412988,394,422,0
37,1.493,0.616,0.000,2.110,2.258,697965,1781607,0,811,761,761,44669760,1412988,394,422,0
38,1.533,0.632,0.000,2.165,2.231,697965,1781607,0,811,761,761,44669760,1412988,394,422,0
39,1.534,0.640,0.000,2.174,2.287,697965,1781607,0,811,761,761,44669760,1412988,394,422,0
40,1.492,0.626,0.000,2.118,2.307,697965,1781607,0,811,761,761,44669760,1412988,394,422,0
41,1.504,0.655,0.000,2.160,2.247,697965,1781607,0,811,761,761,44669760,1412988,394,422,0
42,1.498,0.637,0.000,2.135,2.303,697965,1781607,0,811,761,761,44669760,1412988,394,422,0
43,1.507,0.637,0.000,2.144,2.265,697965,1781607,0,811,761,761,44669760,1412988,394,422,0
44,1.530,0.649,0.000,2.179,2.262,697965,1781607,0,811,761,761,44669760,1412988,394,422,0
45,1.540,0.623,0.000,2.164,2.302,697965,1781607,0,811,761,761,44669760,1412988,394,422,0
46,1.499,0.629,0.000,2.128,2.254,697965,1781607,0,811,761,761,44669760,1412988,394,422,0
47,1.522,0.636,0.000,2.158,2.227,697965,1781607,0,811,761,761,44669760,1412988,394,422,0
48,1.498,0.617,0.000,2.116,2.257,697965,1781607,0,811,761,761,44669760,1412988,394,422,0
49,1.479,0.646,0.000,2.125,2.223,697965,1781607,0,811,761,761,44669760,1412988,394,422,0
50,1.541,0.650,0.000,2.191,2.214,697965,1781607,0,811,761,761,44669760,1412988,394,422,0
51,1.506,0.637,0.000,2.143,2.286,697965,1781607,0,811,761,761,44669760,1412988,394,422,0
52,1.496,0.629,0.000,2.125,2.244,697965,1781607,0,811,761,761,44669760,1412988,394,422,0
53,1.513,0.631,0.000,2.144,2.217,697965,1781607,0,811,761,761,44669760,1412988,394,422,0
54,1.506,0.645,0.000,2.152,2.253,697965,1781607,0,811,761,761,44669760,1412988,394,422,0
55,1.541,0.670,0.000,2.210,2.262,697965,1781607,0,811,761,761,44669760,1412988,394,422,0
56,1.550,0.655,0.000,2.205,2.311,697965,1781607,0,811,761,761,44669760,1412988,394,422,0
57,1.518,0.653,0.000,2.171,2.304,697965,1781607,0,811,761,761,44669760,1412988,394,422,0
58,1.547,0.652,0.000,2.198,2.271,697965,1781607,0,811,761,761,44669760,1412988,394,422,0
59,1.527,0.641,0.000,2.168,2.290,697965,1781607,0,811,761,761,44669760,1412988,394,422,0
60,1.508,0.634,0.000,2.142,2.261,697965,1781607,0,811,761,761,44669760,1412988,394,422,0
61,1.585,0.647,0.000,2.232,2.246,697965,1781607,0,811,761,761,44669760,1412988,394,422,0
62,1.491,0.636,0.000,2.127,2.332,697965,1781607,0,811,761,761,44669760,1412988,394,422,0
63,1.507,0.653,0.000,2.159,2.242,697965,1781607,0,811,761,761,44669760,1412988,394,422,0
64,1.507,0.642,0.000,2.149,2.253,697965,1781607,0,811,761,761,44669760,1412988,394,422,0
65,1.505,0.650,0.000,2.155,2.251,697965,1781607,0,811,761,761,44669760,1412988,394,422,0
66,1.482,0.646,0.000,2.128,2.257,697965,1781607,0,811,761,761,44669760,1412988,394,422,0
67,1.526,0.629,0.000,2.155,2.229,697965,1781607,0,811,761,761,44669760,1412988,394,422,0
68,1.525,0.640,0.000,2.165,2.243,697965,1781607,0,811,761,761,44669760,1412988,394,422,0
69,1.507,0.612,0.000,2.119,2.263,697965,1781607,0,811,761,761,44669760,1412988,394,422,0
70,1.529,0.618,0.000,2.148,2.221,697965,1781607,0,811,761,761,44669760,1412988,394,422,0
71,1.531,0.642,0.000,2.174,2.242,697965,1781607,0,811,761,761,44669760,1412988,394,422,0
72,1.478,0.600,0.000,2.078,2.276,697965,1781607,0,811,761,761,44669760,1412988,394,422,0
73,1.517,0.622,0.000,2.139,2.177,697965,1781607,0,811,761,761,44669760,1412988,394,422,0
74,1.504,0.640,0.000,2.144,2.229,697965,1781607,0,811,761,761,44669760,1412988,394,422,0
75,1.550,0.639,0.000,2.189,2.239,697965,1781607,0,811,761,761,44669760,1412988,394,422,0
76,1.468,0.633,0.000,2.101,2.295,697965,1781607,0,811,761,761,44669760,1412988,394,422,0
77,1.530,0.657,0.000,2.187,2.218,697965,1781607,0,811,761,761,44669760,1412988,394,422,0
78,1.534,0.655,0.000,2.189,2.286,697965,1781607,0,811,761,761,44669760,1412988,394,422,0
79,1.554,0.634,0.000,2.188,2.286,697965,1781607,0,811,761,761,44669760,1412988,394,422,0
80,1.537,0.642,0.000,2.179,2.290,697965,1781607,0,811,761,761,44669760,1412988,394,422,0
81,1.530,0.631,0.000,2.161,2.287,697965,1781607,0,811,761,761,44669760,1412988,394,422,0
82,1.520,0.661,0.000,2.181,2.271,697965,1781607,0,811,761,761,44669760,1412988,394,422,0
83,1.523,0.651,0.000,2.173,2.296,697965,1781607,0,811,761,761,44669760,1412988,394,422,0
84,1.498,0.629,0.000,2.127,2.282,697965,1781607,0,811,761,761,44669760,1412988,394,422,0
85,1.507,0.639,0.000,2.147,2.226,697965,1781607,0,811,761,761,44669760,1412988,394,422,0
86,1.528,0.630,0.000,2.158,2.238,697965,1781607,0,811,761,761,44669760,1412988,394,422,0
87,1.557,0.612,0.000,2.169,2.259,697965,1781607,0,811,761,761,44669760,1412988,394,422,0
88,1.502,0.638,0.000,2.140,2.273,697965,1781607,0,811,761,761,44669760,1412988,394,422,0
89,1.571,0.647,0.000,2.217,2.235,697965,1781607,0,811,761,761,44669760,1412988,394,422,0
90,1.540,0.623,0.000,2.164,2.315,697965,1781607,0,811,761,761,44669760,1412988,394,422,0
91,1.509,0.636,0.000,2.145,2.288,697965,1781607,0,811,761,761,44669760,1412988,394,422,0
92,1.500,0.796,0.000,2.296,2.255,697965,1781607,0,811,761,761,44669760,1412988,394,422,0
93,1.523,0.820,0.000,2.343,2.401,697965,1781607,0,811,761,761,44669760,1412988,394,422,0
94,1.491,1.208,0.000,2.699,2.443,697965,1781607,0,811,761,761,44669760,1412988,394,422,0
95,1.933,1.179,0.000,3.112,2.851,697965,1781607,0,811,761,761,44669760,1412988,394,422,0
96,1.741,0.987,0.000,2.728,3.253,697965,1781607,0,811,761,761,44669760,1412988,394,422,0
97,1.646,0.733,0.000,2.379,2.830,697965,1781607,0,811,761,761,44669760,1412988,394,422,0
98,1.585,0.791,0.000,2.376,2.494,697965,1781607,0,811,761,761,44669760,1412988,394,422,0
99,1.614,0.793,0.000,2.407,2.506,697965,1781607,0,811,761,761,44669760,1412988,394,422,0
100,1.558,0.767,0.000,2.325,2.521,697965,1781607,0,811,761,761,44669760,1412988,394,422,0
101,1.513,0.764,0.000,2.278,2.428,697965,1781607,0,811,761,761,44669760,1412988,394,422,0
102,1.522,0.733,0.000,2.255,2.403,697965,1781607,0,811,761,761,44669760,1412988,394,422,0
103,1.543,0.707,0.000,2.250,2.375,697965,1781607,0,811,761,761,44669760,1412988,394,422,0
104,1.521,0.711,0.000,2.231,2.354,697965,1781607,0,811,761,761,44669760,1412988,394,422,0
105,1.549,0.742,0.000,2.291,2.346,697965,1781607,0,811,761,761,44669760,1412988,394,422,0
106,1.553,0.658,0.000,2.212,2.400,697965,1781607,0,811,761,761,44669760,1412988,394,422,0
107,1.586,0.733,0.000,2.319,2.327,697965,1781607,0,811,761,761,44669760,1412988,394,422,0
108,1.616,0.889,0.000,2.505,2.457,697965,1781607,0,811,761,761,44669760,1412988,394,422,0
109,1.504,0.612,0.000,2.116,2.620,697965,1781607,0,811,761,761,44669760,1412988,394,422,0
110,1.528,0.702,0.000,2.230,2.217,697965,1781607,0,811,761,761,44669760,1412988,394,422,0
111,1.480,0.718,0.000,2.198,2.338,697965,1781607,0,811,761,761,44669760,1412988,394,422,0
112,1.545,0.681,0.000,2.226,2.306,697965,1781607,0,811,761,761,44669760,1412988,394,422,0
113,1.522,0.674,0.000,2.196,2.324,697965,1781607,0,811,761,761,44669760,1412988,394,422,0
114,1.496,0.688,0.000,2.184,2.300,697965,1781607,0,811,761,761,44669760,1412988,394,422,0
115,1.566,0.674,0.000,2.240,2.299,697965,1781607,0,811,761,761,44669760,1412988,394,422,0
116,1.575,0.755,0.000,2.331,2.335,697965,1781607,0,811,761,761,44669760,1412988,394,422,0
117,1.518,0.721,0.000,2.239,2.432,697965,1781607,0,811,761,761,44669760,1412988,394,422,0
118,1.482,0.679,0.000,2.161,2.359,697965,1781607,0,811,761,761,44669760,1412988,394,422,0
119,1.534,0.696,0.000,2.230,2.257,697965,1781607,0,811,761,761,44669760,1412988,394,422,0
120,1.629,0.936,0.000,2.565,2.332,697965,1781607,0,811,761,761,44669760,1412988,394,422,0
121,1.498,0.611,0.000,2.109,2.668,697965,1781607,0,811,761,761,44669760,1412988,394,422,0
122,1.526,0.687,0.000,2.213,2.210,697965,1781607,0,811,761,761,44669760,1412988,394,422,0
123,1.523,0.691,0.000,2.214,2.324,697965,1781607,0,811,761,761,44669760,1412988,394,422,0
124,1.606,0.702,0.000,2.308,2.315,697965,1781607,0,811,761,761,44669760,1412988,394,422,0
125,1.535,0.655,0.000,2.191,2.417,697965,1781607,0,811,761,761,44669760,1412988,394,422,0
126,1.538,0.681,0.000,2.219,2.283,697965,1781607,0,811,761,761,44669760,1412988,394,422,0
127,1.575,0.689,0.000,2.264,2.320,697965,1781607,0,811,761,761,44669760,1412988,394,422,0
128,1.538,0.675,0.000,2.214,2.379,697965,1781607,0,811,761,761,44669760,1412988,394,422,0
129,1.482,0.683,0.000,2.166,2.312,697965,1781607,0,811,761,761,44669760,1412988,394,422,0
130,1.474,0.649,0.000,2.122,2.280,697965,1781607,0,811,761,761,44669760,1412988,394,422,0
131,1.528,0.668,0.000,2.196,2.224,697965,1781607,0,811,761,761,44669760,1412988,394,422,0
132,1.522,0.658,0.000,2.180,2.287,697965,1781607,0,811,761,761,44669760,1412988,394,422,0
133,1.503,0.642,0.000,2.144,2.274,697965,1781607,0,811,761,761,44669760,1412988,394,422,0
134,1.498,0.637,0.000,2.136,2.242,697965,1781607,0,811,761,761,44669760,1412988,394,422,0
135,1.499,0.678,0.000,2.177,2.247,697965,1781607,0,811,761,761,44669760,1412988,394,422,0
136,1.504,0.636,0.000,2.140,2.271,697965,1781607,0,811,761,761,44669760,1412988,394,422,0
137,1.493,0.644,0.000,2.137,2.247,697965,1781607,0,811,761,761,44669760,1412988,394,422,0
138,1.534,0.656,0.000,2.190,2.236,697965,1781607,0,811,761,761,44669760,1412988,394,422,0
139,1.459,0.623,0.000,2.082,2.292,697965,1781607,0,811,761,761,44669760,1412988,394,422,0
140,1.506,0.655,0.000,2.161,2.182,697965,1781607,0,811,761,761,44669760,1412988,394,422,0
141,1.495,0.661,0.000,2.156,2.253,697965,1781607,0,811,761,761,44669760,1412988,394,422,0
142,1.554,0.633,0.000,2.187,2.250,697965,1781607,0,811,761,761,44669760,1412988,394,422,0
143,1.514,0.641,0.000,2.155,2.280,697965,1781607,0,811,761,761,44669760,1412988,394,422,0
144,1.483,0.671,0.000,2.155,2.252,697965,1781607,0,811,761,761,44669760,1412988,394,422,0
145,1.538,0.686,0.000,2.224,2.273,697965,1781607,0,811,761,761,44669760,1412988,394,422,0
146,1.516,0.655,0.000,2.171,2.346,697965,1781607,0,811,761,761,44669760,1412988,394,422,0
147,1.482,0.667,0.000,2.148,2.275,697965,1781607,0,811,761,761,44669760,1412988,394,422,0
148,1.484,0.656,0.000,2.140,2.257,697965,1781607,0,811,761,761,44669760,1412988,394,422,0
149,1.508,0.668,0.000,2.176,2.247,697965,1781607,0,811,761,761,44669760,1412988,394,422,0
150,1.521,0.677,0.000,2.197,2.272,697965,1781607,0,811,761,761,44669760,1412988,394,422,0
151,1.518,0.654,0.000,2.172,2.290,697965,1781607,0,811,761,761,44669760,1412988,394,422,0
152,1.512,0.666,0.000,2.178,2.260,697965,1781607,0,811,761,761,44669760,1412988,394,422,0
153,1.523,0.672,0.000,2.195,2.274,697965,1781607,0,811,761,761,44669760,1412988,394,422,0
154,1.486,0.645,0.000,2.131,2.297,697965,1781607,0,811,761,761,44669760,1412988,394,422,0
155,1.499,0.659,0.000,2.158,2.225,697965,1781607,0,811,761,761,44669760,1412988,394,422,0
156,1.455,0.660,0.000,2.115,2.263,697965,1781607,0,811,761,761,44669760,1412988,394,422,0
157,1.531,0.650,0.000,2.180,2.214,697965,1781607,0,811,761,761,44669760,1412988,394,422,0
158,1.493,0.652,0.000,2.146,2.271,697965,1781607,0,811,761,761,44669760,1412988,394,422,0
159,1.493,0.655,0.000,2.148,2.252,697965,1781607,0,811,761,761,44669760,1412988,394,422,0
160,1.470,0.669,0.000,2.139,2.244,697965,1781607,0,811,761,761,44669760,1412988,394,422,0
161,1.444,0.657,0.000,2.101,2.241,697965,1781607,0,811,761,761,44669760,1412988,394,422,0
162,1.476,0.631,0.000,2.108,2.194,697965,1781607,0,811,761,761,44669760,1412988,394,422,0
163,1.507,0.652,0.000,2.159,2.206,697965,1781607,0,811,761,761,44669760,1412988,394,422,0
164,1.510,0.679,0.000,2.188,2.282,697965,1781607,0,811,761,761,44669760,1412988,394,422,0
165,1.486,0.681,0.000,2.167,2.294,697965,1781607,0,811,761,761,44669760,1412988,394,422,0
166,1.502,0.663,0.000,2.165,2.277,697965,1781607,0,811,761,761,44669760,1412988,394,422,0
167,1.486,0.681,0.000,2.167,2.277,697965,1781607,0,811,761,761,44669760,1412988,394,422,0
168,1.478,0.633,0.000,2.111,2.268,697965,1781607,0,811,761,761,44669760,1412988,394,422,0
169,1.516,0.647,0.000,2.163,2.201,697965,1781607,0,811,761,761,44669760,1412988,394,422,0
170,1.503,0.655,0.000,2.158,2.264,697965,1781607,0,811,761,761,44669760,1412988,394,422,0
171,1.497,0.636,0.000,2.133,2.252,697965,1781607,0,811,761,761,44669760,1412988,394,422,0
172,1.499,0.641,0.000,2.140,2.230,697965,1781607,0,811,761,761,44669760,1412988,394,422,0
173,1.485,0.643,0.000,2.128,2.234,697965,1781607,0,811,761,761,44669760,1412988,394,422,0
174,1.486,0.646,0.000,2.132,2.232,697965,1781607,0,811,761,761,44669760,1412988,394,422,0
175,1.474,0.640,0.000,2.114,2.223,697965,1781607,0,811,761,761,44669760,1412988,394,422,0
176,1.475,0.651,0.000,2.126,2.222,697965,1781607,0,811,761,761,44669760,1412988,394,422,0
177,1.517,0.714,0.000,2.231,2.230,697965,1781607,0,811,761,761,44669760,1412988,394,422,0
178,1.520,0.660,0.000,2.180,2.328,697965,1781607,0,811,761,761,44669760,1412988,394,422,0
179,1.494,0.664,0.000,2.157,2.276,697965,1781607,0,811,761,761,44669760,1412988,394,422,0
180,1.563,0.667,0.000,2.230,2.258,697965,1781607,0,811,761,761,44669760,1412988,394,422,0
181,1.452,0.618,0.000,2.070,2.328,697965,1781607,0,811,761,761,44669760,1412988,394,422,0
182,1.521,0.661,0.000,2.182,2.187,697965,1781607,0,811,761,761,44669760,1412988,394,422,0
183,1.489,0.662,0.000,2.151,2.289,697965,1781607,0,811,761,761,44669760,1412988,394,422,0
184,1.500,0.650,0.000,2.151,2.249,697965,1781607,0,811,761,761,44669760,1412988,394,422,0
185,1.484,0.650,0.000,2.134,2.243,697965,1781607,0,811,761,761,44669760,1412988,394,422,0
186,1.525,0.642,0.000,2.167,2.227,697965,1781607,0,811,761,761,44669760,1412988,394,422,0
187,1.488,0.647,0.000,2.136,2.274,697965,1781607,0,811,761,761,44669760,1412988,394,422,0
188,1.485,0.646,0.000,2.131,2.236,697965,1781607,0,811,761,761,44669760,1412988,394,422,0
189,1.489,0.653,0.000,2.142,2.221,697965,1781607,0,811,761,761,44669760,1412988,394,422,0
190,1.576,0.678,0.000,2.253,2.244,697965,1781607,0,811,761,761,44669760,1412988,394,422,0
191,1.477,0.673,0.000,2.151,2.357,697965,1781607,0,811,761,761,44669760,1412988,394,422,0
192,1.450,0.670,0.000,2.120,2.257,697965,1781607,0,811,761,761,44669760,1412988,394,422,0
193,1.465,0.668,0.000,2.132,2.222,697965,1781607,0,811,761,761,44669760,1412988,394,422,0
194,1.513,0.640,0.000,2.153,2.221,697965,1781607,0,811,761,761,44669760,1412988,394,422,0
195,1.514,0.660,0.000,2.174,2.242,697965,1781607,0,811,761,761,44669760,1412988,394,422,0
196,1.513,0.635,0.000,2.148,2.272,697965,1781607,0,811,761,761,44669760,1412988,394,422,0
197,1.472,0.646,0.000,2.118,2.251,697965,1781607,0,811,761,761,44669760,1412988,394,422,0
198,1.451,0.642,0.000,2.094,2.224,697965,1781607,0,811,761,761,44669760,1412988,394,422,0
199,1.492,0.629,0.000,2.120,2.185,697965,1781607,0,811,761,761,44669760,1412988,394,422,0
200,1.503,0.645,0.000,2.147,2.215,697965,1781607,0,811,761,761,44669760,1412988,394,422,0
201,1.496,0.674,0.000,2.170,2.265,697965,1781607,0,811,761,761,44669760,1412988,394,422,0
202,1.471,0.636,0.000,2.108,2.285,697965,1781607,0,811,761,761,44669760,1412988,394,422,0
203,1.492,0.633,0.000,2.125,2.202,697965,1781607,0,811,761,761,44669760,1412988,394,422,0
204,1.532,0.640,0.000,2.173,2.225,697965,1781607,0,811,761,761,44669760,1412988,394,422,0
205,1.521,0.672,0.000,2.193,2.281,697965,1781607,0,811,761,761,44669760,1412988,394,422,0
206,1.454,0.624,0.000,2.078,2.298,697965,1781607,0,811,761,761,44669760,1412988,394,422,0
207,1.483,0.668,0.000,2.151,2.168,697965,1781607,0,811,761,761,44669760,1412988,394,422,0
208,1.533,0.642,0.000,2.175,2.246,697965,1781607,0,811,761,761,44669760,1412988,394,422,0
209,1.502,0.663,0.000,2.165,2.279,697965,1781607,0,811,761,761,44669760,1412988,394,422,0
210,1.492,0.631,0.000,2.123,2.269,697965,1781607,0,811,761,761,44669760,1412988,394,422,0
211,1.473,0.662,0.000,2.135,2.222,697965,1781607,0,811,761,761,44669760,1412988,394,422,0
212,1.488,0.667,0.000,2.155,2.226,697965,1781607,0,811,761,761,44669760,1412988,394,422,0
213,1.486,0.639,0.000,2.125,2.252,697965,1781607,0,811,761,761,44669760,1412988,394,422,0
214,1.487,0.635,0.000,2.122,2.219,697965,1781607,0,811,761,761,44669760,1412988,394,422,0
215,1.456,0.655,0.000,2.110,2.225,697965,1781607,0,811,761,761,44669760,1412988,394,422,0
216,1.485,0.643,0.000,2.128,2.200,697965,1781607,0,811,761,761,44669760,1412988,394,422,0
217,1.531,0.636,0.000,2.167,2.221,697965,1781607,0,811,761,761,44669760,1412988,394,422,0
218,1.508,0.648,0.000,2.156,2.268,697965,1781607,0,811,761,761,44669760,1412988,394,422,0
219,1.461,0.635,0.000,2.096,2.258,697965,1781607,0,811,761,761,44669760,1412988,394,422,0
220,1.484,0.605,0.000,2.090,2.187,697965,1781607,0,811,761,761,44669760,1412988,394,422,0
221,1.495,0.639,0.000,2.134,2.196,697965,1781607,0,811,761,761,44669760,1412988,394,422,0
222,1.516,0.677,0.000,2.193,2.256,697965,1781607,0,811,761,761,44669760,1412988,394,422,0
223,1.519,0.662,0.000,2.181,2.299,697965,1781607,0,811,761,761,44669760,1412988,394,422,0
224,1.464,0.640,0.000,2.104,2.278,697965,1781607,0,811,761,761,44669760,1412988,394,422,0
225,1.471,0.657,0.000,2.128,2.203,697965,1781607,0,811,761,761,44669760,1412988,394,422,0
226,1.511,0.651,0.000,2.162,2.223,697965,1781607,0,811,761,761,44669760,1412988,394,422,0
227,1.499,0.640,0.000,2.139,2.264,697965,1781607,0,811,761,761,44669760,1412988,394,422,0
228,1.492,0.655,0.000,2.147,2.263,697965,1781607,0,811,761,761,44669760,1412988,394,422,0
229,1.470,0.655,0.000,2.125,2.248,697965,1781607,0,811,761,761,44669760,1412988,394,422,0
230,1.504,0.633,0.000,2.137,2.217,697965,1781607,0,811,761,761,44669760,1412988,394,422,0
231,1.517,0.646,0.000,2.163,2.226,697965,1781607,0,811,761,761,44669760,1412988,394,422,0
232,1.495,0.639,0.000,2.134,2.266,697965,1781607,0,811,761,761,44669760,1412988,394,422,0
233,1.506,0.629,0.000,2.136,2.233,697965,1781607,0,811,761,761,44669760,1412988,394,422,0
234,1.481,0.647,0.000,2.128,2.237,697965,1781607,0,811,761,761,44669760,1412988,394,422,0
235,1.515,0.629,0.000,2.144,2.231,697965,1781607,0,811,761,761,44669760,1412988,394,422,0
236,1.452,0.632,0.000,2.084,2.244,697965,1781607,0,811,761,761,44669760,1412988,394,422,0
237,1.472,0.650,0.000,2.122,2.181,697965,1781607,0,811,761,761,44669760,1412988,394,422,0
238,1.492,0.633,0.000,2.125,2.210,697965,1781607,0,811,761,761,44669760,1412988,394,422,0
239,1.510,0.637,0.000,2.147,2.216,697965,1781607,0,811,761,761,44669760,1412988,394,422,0
240,1.505,0.658,0.000,2.163,2.253,697965,1781607,0,811,761,761,44669760,1412988,394,422,0
241,1.499,0.652,0.000,2.151,2.255,697965,1781607,0,811,761,761,44669760,1412988,394,422,0
242,1.500,0.637,0.000,2.137,2.239,697965,1781607,0,811,761,761,44669760,1412988,394,422,0
243,1.524,0.633,0.000,2.157,2.236,697965,1781607,0,811,761,761,44669760,1412988,394,422,0
244,1.486,0.629,0.000,2.114,2.257,697965,1781607,0,811,761,761,44669760,1412988,394,422,0
245,1.568,0.733,0.000,2.301,2.215,697965,1781607,0,811,761,761,44669760,1412988,394,422,0
246,1.468,0.673,0.000,2.141,2.400,697965,1781607,0,811,761,761,44669760,1412988,394,422,0
247,1.484,0.634,0.000,2.118,2.235,697965,1781607,0,811,761,761,44669760,1412988,394,422,0
248,1.466,0.652,0.000,2.119,2.222,697965,1781607,0,811,761,761,44669760,1412988,394,422,0
249,1.518,0.672,0.000,2.190,2.225,697965,1781607,0,811,761,761,44669760,1412988,394,422,0
250,1.463,0.645,0.000,2.108,2.297,697965,1781607,0,811,761,761,44669760,1412988,394,422,0
251,1.506,0.642,0.000,2.148,2.198,697965,1781607,0,811,761,761,44669760,1412988,394,422,0
252,1.506,0.647,0.000,2.153,2.247,697965,1781607,0,811,761,761,44669760,1412988,394,422,0
253,1.477,0.625,0.000,2.101,2.246,697965,1781607,0,811,761,761,44669760,1412988,394,422,0
254,1.483,0.655,0.000,2.138,2.198,697965,1781607,0,811,761,761,44669760,1412988,394,422,0
255,1.490,0.626,0.000,2.116,2.234,697965,1781607,0,811,761,761,44669760,1412988,394,422,0
256,1.560,0.633,0.000,2.193,2.215,697965,1781607,0,811,761,761,44669760,1412988,394,422,0
257,1.490,0.638,0.000,2.127,2.300,697965,1781607,0,811,761,761,44669760,1412988,394,422,0
258,1.471,0.634,0.000,2.105,2.238,697965,1781607,0,811,761,761,44669760,1412988,394,422,0
259,1.507,0.624,0.000,2.131,2.193,697965,1781607,0,811,761,761,44669760,1412988,394,422,0
260,1.415,0.620,0.000,2.036,2.225,697965,1781607,0,811,761,761,44669760,1412988,394,422,0
261,1.462,0.619,0.000,2.081,2.181,697965,1781607,0,811,761,761,44669760,1412988,394,422,0
262,1.508,0.637,0.000,2.145,2.172,697965,1781607,0,811,761,761,44669760,1412988,394,422,0
263,1.547,0.637,0.000,2.184,2.244,697965,1781607,0,811,761,761,44669760,1412988,394,422,0
264,1.467,0.633,0.000,2.100,2.275,697965,1781607,0,811,761,761,44669760,1412988,394,422,0
265,1.461,0.638,0.000,2.099,2.200,697965,1781607,0,811,761,761,44669760,1412988,394,422,0
266,1.497,0.633,0.000,2.130,2.194,697965,1781607,0,811,761,761,44669760,1412988,394,422,0
267,1.476,0.641,0.000,2.116,2.224,697965,1781607,0,811,761,761,44669760,1412988,394,422,0
268,1.533,0.626,0.000,2.159,2.220,697965,1781607,0,811,761,761,44669760,1412988,394,422,0
269,1.466,0.640,0.000,2.106,2.258,697965,1781607,0,811,761,761,44669760,1412988,394,422,0
270,1.511,0.629,0.000,2.141,2.195,697965,1781607,0,811,761,761,44669760,1412988,394,422,0
271,1.526,0.638,0.000,2.164,2.240,697965,1781607,0,811,761,761,44669760,1412988,394,422,0
272,1.479,0.629,0.000,2.108,2.272,697965,1781607,0,811,761,761,44669760,1412988,394,422,0
273,1.470,0.659,0.000,2.129,2.232,697965,1781607,0,811,761,761,44669760,1412988,394,422,0
274,1.493,0.624,0.000,2.117,2.221,697965,1781607,0,811,761,761,44669760,1412988,394,422,0
275,1.490,0.626,0.000,2.116,2.211,697965,1781607,0,811,761,761,44669760,1412988,394,422,0
276,1.489,0.624,0.000,2.112,2.208,697965,1781607,0,811,761,761,44669760,1412988,394,422,0
277,1.530,0.627,0.000,2.157,2.210,697965,1781607,0,811,761,761,44669760,1412988,394,422,0
278,1.484,0.634,0.000,2.119,2.256,697965,1781607,0,811,761,761,44669760,1412988,394,422,0
279,1.484,0.656,0.000,2.140,2.224,697965,1781607,0,811,761,761,44669760,1412988,394,422,0
280,1.502,0.639,0.000,2.141,2.231,697965,1781607,0,811,761,761,44669760,1412988,394,422,0
281,1.495,0.624,0.000,2.119,2.235,697965,1781607,0,811,761,761,44669760,1412988,394,422,0
282,1.517,0.624,0.000,2.141,2.215,697965,1781607,0,811,761,761,44669760,1412988,394,422,0
283,1.500,0.657,0.000,2.157,2.243,697965,1781607,0,811,761,761,44669760,1412988,394,422,0
284,1.549,0.650,0.000,2.198,2.258,697965,1781607,0,811,761,761,44669760,1412988,394,422,0
285,1.475,0.682,0.000,2.157,2.292,697965,1781607,0,811,761,761,44669760,1412988,394,422,0
286,1.579,0.655,0.000,2.234,2.255,697965,1781607,0,811,761,761,44669760,1412988,394,422,0
287,1.471,0.655,0.000,2.126,2.326,697965,1781607,0,811,761,761,44669760,1412988,394,422,0
288,1.513,0.666,0.000,2.180,2.232,697965,1781607,0,811,761,761,44669760,1412988,394,422,0
289,1.460,0.649,0.000,2.109,2.291,697965,1781607,0,811,761,761,44669760,1412988,394,422,0
290,1.511,0.675,0.000,2.186,2.220,697965,1781607,0,811,761,761,44669760,1412988,394,422,0
291,1.505,0.673,0.000,2.178,2.289,697965,1781607,0,811,761,761,44669760,1412988,394,422,0
292,1.534,0.650,0.000,2.184,2.279,697965,1781607,0,811,761,761,44669760,1412988,394,422,0
293,1.468,0.647,0.000,2.115,2.288,697965,1781607,0,811,761,761,44669760,1412988,394,422,0
294,1.494,0.653,0.000,2.146,2.204,697965,1781607,0,811,761,761,44669760,1412988,394,422,0
295,1.511,0.635,0.000,2.145,2.249,697965,1781607,0,811,761,761,44669760,1412988,394,422,0
296,1.467,0.627,0.000,2.093,2.247,697965,1781607,0,811,761,761,44669760,1412988,394,422,0
297,1.453,0.667,0.000,2.120,2.195,697965,1781607,0,811,761,761,44669760,1412988,394,422,0
298,1.505,0.636,0.000,2.142,2.213,697965,1781607,0,811,761,761,44669760,1412988,394,422,0
299,1.477,0.652,0.000,2.129,2.244,697965,1781607,0,811,761,761,44669760,1412988,394,422,0
300,1.500,0.625,0.000,2.125,2.216,697965,1781607,0,811,761,761,44669760,1412988,394,422,0
301,1.519,0.625,0.000,2.143,2.225,697965,1781607,0,811,761,761,44669760,1412988,394,422,0
302,1.481,0.646,0.000,2.126,2.244,697965,1781607,0,811,761,761,44669760,1412988,394,422,0
303,1.497,0.645,0.000,2.142,2.213,697965,1781607,0,811,761,761,44669760,1412988,394,422,0
304,1.500,0.636,0.000,2.136,2.242,697965,1781607,0,811,761,761,44669760,1412988,394,422,0
305,1.436,0.642,0.000,2.077,2.236,697965,1781607,0,811,761,761,44669760,1412988,394,422,0
306,1.484,0.654,0.000,2.138,2.179,697965,1781607,0,811,761,761,44669760,1412988,394,422,0
307,1.513,0.641,0.000,2.154,2.227,697965,1781607,0,811,761,761,44669760,1412988,394,422,0
308,1.500,0.656,0.000,2.156,2.246,697965,1781607,0,811,761,761,44669760,1412988,394,422,0
309,1.508,0.636,0.000,2.145,2.258,697965,1781607,0,811,761,761,44669760,1412988,394,422,0
310,1.477,0.645,0.000,2.122,2.242,697965,1781607,0,811,761,761,44669760,1412988,394,422,0
311,1.551,0.645,0.000,2.196,2.225,697965,1781607,0,811,761,761,44669760,1412988,394,422,0
312,1.451,0.633,0.000,2.084,2.289,697965,1781607,0,811,761,761,44669760,1412988,394,422,0
313,1.430,0.614,0.000,2.044,2.184,697965,1781607,0,811,761,761,44669760,1412988,394,422,0
314,1.421,0.611,0.000,2.032,2.144,697965,1781607,0,811,761,761,44669760,1412988,394,422,0
315,1.475,0.616,0.000,2.091,2.126,697965,1781607,0,811,761,761,44669760,1412988,394,422,0
316,1.423,0.611,0.000,2.034,2.190,697965,1781607,0,811,761,761,44669760,1412988,394,422,0
317,1.482,0.624,0.000,2.106,2.134,697965,1781607,0,811,761,761,44669760,1412988,394,422,0
318,1.499,0.629,0.000,2.128,2.198,697965,1781607,0,811,761,761,44669760,1412988,394,422,0
319,1.528,0.616,0.000,2.143,2.234,697965,1781607,0,811,761,761,44669760,1412988,394,422,0
320,1.480,0.644,0.000,2.124,2.240,697965,1781607,0,811,761,761,44669760,1412988,394,422,0
321,1.463,0.655,0.000,2.118,2.214,697965,1781607,0,811,761,761,44669760,1412988,394,422,0
322,1.524,0.619,0.000,2.142,2.215,697965,1781607,0,811,761,761,44669760,1412988,394,422,0
323,1.463,0.649,0.000,2.112,2.237,697965,1781607,0,811,761,761,44669760,1412988,394,422,0
324,1.501,0.665,0.000,2.166,2.220,697965,1781607,0,811,761,761,44669760,1412988,394,422,0
325,1.505,0.641,0.000,2.147,2.265,697965,1781607,0,811,761,761,44669760,1412988,394,422,0
326,1.526,0.681,0.000,2.207,2.258,697965,1781607,0,811,761,761,44669760,1412988,394,422,0
327,1.524,0.662,0.000,2.187,2.318,697965,1781607,0,811,761,761,44669760,1412988,394,422,0
328,1.493,0.628,0.000,2.121,2.292,697965,1781607,0,811,761,761,44669760,1412988,394,422,0
329,1.475,0.633,0.000,2.108,2.214,697965,1781607,0,811,761,761,44669760,1412988,394,422,0
330,1.513,0.646,0.000,2.159,2.209,697965,1781607,0,811,761,761,44669760,1412988,394,422,0
331,1.520,0.662,0.000,2.182,2.253,697965,1781607,0,811,761,761,44669760,1412988,394,422,0
332,1.496,0.680,0.000,2.176,2.285,697965,1781607,0,811,761,761,44669760,1412988,394,422,0
333,1.486,0.660,0.000,2.146,2.278,697965,1781607,0,811,761,761,44669760,1412988,394,422,0
334,1.473,0.658,0.000,2.132,2.262,697965,1781607,0,811,761,761,44669760,1412988,394,422,0
335,1.495,0.648,0.000,2.143,2.234,697965,1781607,0,811,761,761,44669760,1412988,394,422,0
336,1.520,0.668,0.000,2.188,2.242,697965,1781607,0,811,761,761,44669760,1412988,394,422,0
337,1.502,0.634,0.000,2.136,2.277,697965,1781607,0,811,761,761,44669760,1412988,394,422,0
338,1.529,0.661,0.000,2.190,2.226,697965,1781607,0,811,761,761,44669760,1412988,394,422,0
339,1.506,0.630,0.000,2.136,2.282,697965,1781607,0,811,761,761,44669760,1412988,394,422,0
340,1.520,0.634,0.000,2.154,2.236,697965,1781607,0,811,761,761,44669760,1412988,394,422,0
341,1.444,0.641,0.000,2.085,2.257,697965,1781607,0,811,761,761,44669760,1412988,394,422,0
342,1.490,0.647,0.000,2.138,2.185,697965,1781607,0,811,761,761,44669760,1412988,394,422,0
343,1.508,0.658,0.000,2.166,2.232,697965,1781607,0,811,761,761,44669760,1412988,394,422,0
344,1.496,0.632,0.000,2.128,2.265,697965,1781607,0,811,761,761,44669760,1412988,394,422,0
345,1.465,0.628,0.000,2.093,2.222,697965,1781607,0,811,761,761,44669760,1412988,394,422,0
346,1.475,0.652,0.000,2.127,2.195,697965,1781607,0,811,761,761,44669760,1412988,394,422,0
347,1.486,0.637,0.000,2.123,2.219,697965,1781607,0,811,761,761,44669760,1412988,394,422,0
348,1.506,0.635,0.000,2.141,2.220,697965,1781607,0,811,761,761,44669760,1412988,394,422,0
349,1.444,0.653,0.000,2.098,2.243,697965,1781607,0,811,761,761,44669760,1412988,394,422,0
350,1.496,0.640,0.000,2.136,2.187,697965,1781607,0,811,761,761,44669760,1412988,394,422,0
351,1.509,0.644,0.000,2.153,2.233,697965,1781607,0,811,761,761,44669760,1412988,394,422,0
352,1.482,0.659,0.000,2.141,2.244,697965,1781607,0,811,761,761,44669760,1412988,394,422,0
353,1.497,0.629,0.000,2.126,2.249,697965,1781607,0,811,761,761,44669760,1412988,394,422,0
354,1.480,0.654,0.000,2.134,2.225,697965,1781607,0,811,761,761,44669760,1412988,394,422,0
355,1.524,0.642,0.000,2.166,2.226,697965,1781607,0,811,761,761,44669760,1412988,394,422,0
356,1.503,0.649,0.000,2.152,2.265,697965,1781607,0,811,761,761,44669760,1412988,394,422,0
357,1.520,0.669,0.000,2.189,2.260,697965,1781607,0,811,761,761,44669760,1412988,394,422,0
358,1.480,0.641,0.000,2.121,2.291,697965,1781607,0,811,761,761,44669760,1412988,394,422,0
359,1.486,0.643,0.000,2.128,2.224,697965,1781607,0,811,761,761,44669760,1412988,394,422,0
360,1.512,0.656,0.000,2.168,2.227,697965,1781607,0,811,761,761,44669760,1412988,394,422,0
361,1.502,0.651,0.000,2.153,2.258,697965,1781607,0,811,761,761,44669760,1412988,394,422,0
362,1.507,0.647,0.000,2.155,2.242,697965,1781607,0,811,761,761,44669760,1412988,394,422,0
363,1.594,0.648,0.000,2.242,2.253,697965,1781607,0,811,761,761,44669760,1412988,394,422,0
364,1.495,0.653,0.000,2.148,2.351,697965,1781607,0,811,761,761,44669760,1412988,394,422,0
365,1.466,0.643,0.000,2.109,2.241,697965,1781607,0,811,761,761,44669760,1412988,394,422,0
366,1.470,0.651,0.000,2.121,2.216,697965,1781607,0,811,761,761,44669760,1412988,394,422,0
367,1.527,0.655,0.000,2.182,2.211,697965,1781607,0,811,761,761,44669760,1412988,394,422,0
368,1.498,0.642,0.000,2.140,2.271,697965,1781607,0,811,761,761,44669760,1412988,394,422,0
369,1.522,0.628,0.000,2.150,2.239,697965,1781607,0,811,761,761,44669760,1412988,394,422,0
370,1.508,0.628,0.000,2.136,2.255,697965,1781607,0,811,761,761,44669760,1412988,394,422,0
371,1.468,0.659,0.000,2.127,2.241,697965,1781607,0,811,761,761,44669760,1412988,394,422,0
372,1.479,0.655,0.000,2.134,2.220,697965,1781607,0,811,761,761,44669760,1412988,394,422,0
373,1.489,0.611,0.000,2.100,2.224,697965,1781607,0,811,761,761,44669760,1412988,394,422,0
374,1.526,0.640,0.000,2.166,2.206,697965,1781607,0,811,761,761,44669760,1412988,394,422,0
375,1.492,0.657,0.000,2.149,2.276,697965,1781607,0,811,761,761,44669760,1412988,394,422,0
376,1.490,0.619,0.000,2.110,2.256,697965,1781607,0,811,761,761,44669760,1412988,394,422,0
377,1.509,0.637,0.000,2.146,2.201,697965,1781607,0,811,761,761,44669760,1412988,394,422,0
378,1.511,0.636,0.000,2.147,2.250,697965,1781607,0,811,761,761,44669760,1412988,394,422,0
379,1.471,0.627,0.000,2.098,2.242,697965,1781607,0,811,761,761,44669760,1412988,394,422,0
380,1.460,0.631,0.000,2.091,2.202,697965,1781607,0,811,761,761,44669760,1412988,394,422,0
381,1.514,0.641,0.000,2.155,2.181,697965,1781607,0,811,761,761,44669760,1412988,394,422,0
382,1.514,0.623,0.000,2.138,2.249,697965,1781607,0,811,761,761,44669760,1412988,394,422,0
383,1.506,0.638,0.000,2.143,2.242,697965,1781607,0,811,761,761,44669760,1412988,394,422,0
384,1.492,0.633,0.000,2.125,2.236,697965,1781607,0,811,761,761,44669760,1412988,394,422,0
385,1.528,0.623,0.000,2.151,2.217,697965,1781607,0,811,761,761,44669760,1412988,394,422,0
386,1.467,0.636,0.000,2.102,2.253,697965,1781607,0,811,761,761,44669760,1412988,394,422,0
387,1.497,0.643,0.000,2.139,2.196,697965,1781607,0,811,761,761,44669760,1412988,394,422,0
388,1.499,0.627,0.000,2.126,2.235,697965,1781607,0,811,761,761,44669760,1412988,394,422,0
389,1.472,0.632,0.000,2.104,2.231,697965,1781607,0,811,761,761,44669760,1412988,394,422,0
390,1.466,0.637,0.000,2.103,2.202,697965,1781607,0,811,761,761,44669760,1412988,394,422,0
391,1.477,0.611,0.000,2.088,2.192,697965,1781607,0,811,761,761,44669760,1412988,394,422,0
392,1.565,0.638,0.000,2.203,2.186,697965,1781607,0,811,761,761,44669760,1412988,394,422,0
393,1.495,0.645,0.000,2.139,2.302,697965,1781607,0,811,761,761,44669760,1412988,394,422,0
394,1.487,0.635,0.000,2.122,2.241,697965,1781607,0,811,761,761,44669760,1412988,394,422,0
395,1.471,0.643,0.000,2.114,2.225,697965,1781607,0,811,761,761,44669760,1412988,394,422,0
396,1.513,0.615,0.000,2.128,2.201,697965,1781607,0,811,761,761,44669760,1412988,394,422,0
397,1.542,0.639,0.000,2.181,2.222,697965,1781607,0,811,761,761,44669760,1412988,394,422,0
398,1.500,0.639,0.000,2.140,2.284,697965,1781607,0,811,761,761,44669760,1412988,394,422,0
399,1.465,0.652,0.000,2.118,2.240,697965,1781607,0,811,761,761,44669760,1412988,394,422,0
400,1.503,0.640,0.000,2.143,2.215,697965,1781607,0,811,761,761,44669760,1412988,394,422,0
401,1.501,0.634,0.000,2.135,2.243,697965,1781607,0,811,761,761,44669760,1412988,394,422,0
402,1.474,0.644,0.000,2.118,2.228,697965,1781607,0,811,761,761,44669760,1412988,394,422,0
403,1.451,0.657,0.000,2.108,2.225,697965,1781607,0,811,761,761,44669760,1412988,394,422,0
404,1.516,0.636,0.000,2.152,2.203,697965,1781607,0,811,761,761,44669760,1412988,394,422,0
405,1.512,0.612,0.000,2.124,2.244,697965,1781607,0,811,761,761,44669760,1412988,394,422,0
406,1.534,0.624,0.000,2.157,2.220,697965,1781607,0,811,761,761,44669760,1412988,394,422,0
407,1.471,0.613,0.000,2.084,2.261,697965,1781607,0,811,761,761,44669760,1412988,394,422,0
408,1.494,0.647,0.000,2.141,2.172,697965,1781607,0,811,761,761,44669760,1412988,394,422,0
409,1.484,0.629,0.000,2.113,2.242,697965,1781607,0,811,761,761,44669760,1412988,394,422,0
410,1.449,0.623,0.000,2.072,2.233,697965,1781607,0,811,761,761,44669760,1412988,394,422,0
411,1.518,0.652,0.000,2.170,2.158,697965,1781607,0,811,761,761,44669760,1412988,394,422,0
412,1.524,0.629,0.000,2.153,2.264,697965,1781607,0,811,761,761,44669760,1412988,394,422,0
413,1.480,0.633,0.000,2.113,2.249,697965,1781607,0,811,761,761,44669760,1412988,394,422,0
414,1.484,0.645,0.000,2.129,2.205,697965,1781607,0,811,761,761,44669760,1412988,394,422,0
415,1.532,0.633,0.000,2.165,2.223,697965,1781607,0,811,761,761,44669760,1412988,394,422,0
416,1.509,0.639,0.000,2.148,2.268,697965,1781607,0,811,761,761,44669760,1412988,394,422,0
417,1.477,0.632,0.000,2.110,2.253,697965,1781607,0,811,761,761,44669760,1412988,394,422,0
418,1.495,0.623,0.000,2.118,2.196,697965,1781607,0,811,761,761,44669760,1412988,394,422,0
419,1.523,0.629,0.000,2.152,2.216,697965,1781607,0,811,761,761,44669760,1412988,394,422,0
420,1.485,0.634,0.000,2.119,2.260,697965,1781607,0,811,761,761,44669760,1412988,394,422,0
421,1.487,0.639,0.000,2.125,2.226,697965,1781607,0,811,761,761,44669760,1412988,394,422,0
422,1.506,0.611,0.000,2.117,2.213,697965,1781607,0,811,761,761,44669760,1412988,394,422,0
423,1.510,0.657,0.000,2.167,2.226,697965,1781607,0,811,761,761,44669760,1412988,394,422,0
424,1.590,0.644,0.000,2.234,2.269,697965,1781607,0,811,761,761,44669760,1412988,394,422,0
425,1.485,0.644,0.000,2.129,2.325,697965,1781607,0,811,761,761,44669760,1412988,394,422,0
426,1.477,0.636,0.000,2.113,2.244,697965,1781607,0,811,761,761,44669760,1412988,394,422,0
427,1.507,0.648,0.000,2.155,2.217,697965,1781607,0,811,761,761,44669760,1412988,394,422,0
428,1.581,0.689,0.000,2.270,2.258,697965,1781607,0,811,761,761,44669760,1412988,394,422,0
429,1.484,0.654,0.000,2.138,2.372,697965,1781607,0,811,761,761,44669760,1412988,394,422,0
430,1.549,0.675,0.000,2.224,2.228,697965,1781607,0,811,761,761,44669760,1412988,394,422,0
431,1.520,0.645,0.000,2.165,2.324,697965,1781607,0,811,761,761,44669760,1412988,394,422,0
432,1.469,0.640,0.000,2.110,2.269,697965,1781607,0,811,761,761,44669760,1412988,394,422,0
433,1.503,0.628,0.000,2.131,2.200,697965,1781607,0,811,761,761,44669760,1412988,394,422,0
434,1.576,0.633,0.000,2.209,2.231,697965,1781607,0,811,761,761,44669760,1412988,394,422,0
435,1.478,0.636,0.000,2.114,2.310,697965,1781607,0,811,761,761,44669760,1412988,394,422,0
436,1.521,0.653,0.000,2.174,2.227,697965,1781607,0,811,761,761,44669760,1412988,394,422,0
437,1.507,0.640,0.000,2.147,2.262,697965,1781607,0,811,761,761,44669760,1412988,394,422,0
438,1.493,0.639,0.000,2.131,2.237,697965,1781607,0,811,761,761,44669760,1412988,394,422,0
439,1.543,0.623,0.000,2.166,2.223,697965,1781607,0,811,761,761,44669760,1412988,394,422,0
440,1.544,0.658,0.000,2.201,2.261,697965,1781607,0,811,761,761,44669760,1412988,394,422,0
441,1.478,0.627,0.000,2.105,2.299,697965,1781607,0,811,761,761,44669760,1412988,394,422,0
442,1.499,0.624,0.000,2.123,2.199,697965,1781607,0,811,761,761,44669760,1412988,394,422,0
443,1.499,0.634,0.000,2.133,2.214,697965,1781607,0,811,761,761,44669760,1412988,394,422,0
444,1.507,0.630,0.000,2.137,2.232,697965,1781607,0,811,761,761,44669760,1412988,394,422,0
445,1.479,0.619,0.000,2.098,2.227,697965,1781607,0,811,761,761,44669760,1412988,394,422,0
446,1.442,0.626,0.000,2.068,2.201,697965,1781607,0,811,761,761,44669760,1412988,394,422,0
447,1.535,0.637,0.000,2.172,2.166,697965,1781607,0,811,761,761,44669760,1412988,394,422,0
448,1.517,0.632,0.000,2.149,2.270,697965,1781607,0,811,761,761,44669760,1412988,394,422,0
449,1.442,0.635,0.000,2.078,2.252,697965,1781607,0,811,761,761,44669760,1412988,394,422,0
450,1.502,0.617,0.000,2.119,2.167,697965,1781607,0,811,761,761,44669760,1412988,394,422,0
451,1.557,0.634,0.000,2.191,2.220,697965,1781607,0,811,761,761,44669760,1412988,394,422,0
452,1.496,0.641,0.000,2.137,2.286,697965,1781607,0,811,761,761,44669760,1412988,394,422,0
453,1.492,0.673,0.000,2.165,2.241,697965,1781607,0,811,761,761,44669760,1412988,394,422,0
454,1.533,0.656,0.000,2.189,2.277,697965,1781607,0,811,761,761,44669760,1412988,394,422,0
455,1.516,0.677,0.000,2.193,2.318,697965,1781607,0,811,761,761,44669760,1412988,394,422,0
456,1.513,0.688,0.000,2.200,2.306,697965,1781607,0,811,761,761,44669760,1412988,394,422,0
457,1.485,0.665,0.000,2.150,2.304,697965,1781607,0,811,761,761,44669760,1412988,394,422,0
458,1.470,0.660,0.000,2.130,2.251,697965,1781607,0,811,761,761,44669760,1412988,394,422,0
459,1.494,0.666,0.000,2.161,2.221,697965,1781607,0,811,761,761,44669760,1412988,394,422,0
460,1.538,0.639,0.000,2.177,2.262,697965,1781607,0,811,761,761,44669760,1412988,394,422,0
461,1.467,0.638,0.000,2.105,2.271,697965,1781607,0,811,761,761,44669760,1412988,394,422,0
462,1.505,0.630,0.000,2.136,2.221,697965,1781607,0,811,761,761,44669760,1412988,394,422,0
463,1.504,0.660,0.000,2.164,2.229,697965,1781607,0,811,761,761,44669760,1412988,394,422,0
464,1.510,0.651,0.000,2.161,2.259,697965,1781607,0,811,761,761,44669760,1412988,394,422,0
465,1.502,0.659,0.000,2.161,2.262,697965,1781607,0,811,761,761,44669760,1412988,394,422,0
466,1.449,0.636,0.000,2.085,2.255,697965,1781607,0,811,761,761,44669760,1412988,394,422,0
467,1.513,0.650,0.000,2.163,2.192,697965,1781607,0,811,761,761,44669760,1412988,394,422,0
468,1.533,0.664,0.000,2.198,2.255,697965,1781607,0,811,761,761,44669760,1412988,394,422,0
469,1.541,0.633,0.000,2.174,2.291,697965,1781607,0,811,761,761,44669760,1412988,394,422,0
470,1.514,0.664,0.000,2.178,2.273,697965,1781607,0,811,761,761,44669760,1412988,394,422,0
471,1.494,0.664,0.000,2.159,2.286,697965,1781607,0,811,761,761,44669760,1412988,394,422,0
472,1.471,0.634,0.000,2.105,2.260,697965,1781607,0,811,761,761,44669760,1412988,394,422,0
473,1.479,0.620,0.000,2.100,2.212,697965,1781607,0,811,761,761,44669760,1412988,394,422,0
474,1.491,0.652,0.000,2.142,2.191,697965,1781607,0,811,761,761,44669760,1412988,394,422,0
475,1.502,0.636,0.000,2.138,2.241,697965,1781607,0,811,761,761,44669760,1412988,394,422,0
476,1.499,0.651,0.000,2.150,2.231,697965,1781607,0,811,761,761,44669760,1412988,394,422,0
477,1.492,0.648,0.000,2.140,2.249,697965,1781607,0,811,761,761,44669760,1412988,394,422,0
478,1.510,0.629,0.000,2.139,2.231,697965,1781607,0,811,761,761,44669760,1412988,394,422,0
479,1.515,0.632,0.000,2.146,2.239,697965,1781607,0,811,761,761,44669760,1412988,394,422,0
480,1.470,0.657,0.000,2.127,2.241,697965,1781607,0,811,761,761,44669760,1412988,394,422,0
481,1.522,0.673,0.000,2.195,2.237,697965,1781607,0,811,761,761,44669760,1412988,394,422,0
482,1.498,0.658,0.000,2.156,2.300,697965,1781607,0,811,761,761,44669760,1412988,394,422,0
483,1.488,0.646,0.000,2.134,2.255,697965,1781607,0,811,761,761,44669760,1412988,394,422,0
484,1.531,0.644,0.000,2.175,2.228,697965,1781607,0,811,761,761,44669760,1412988,394,422,0
485,1.521,0.657,0.000,2.178,2.272,697965,1781607,0,811,761,761,44669760,1412988,394,422,0
486,1.475,0.637,0.000,2.112,2.289,697965,1781607,0,811,761,761,44669760,1412988,394,422,0
487,1.513,0.636,0.000,2.149,2.213,697965,1781607,0,811,761,761,44669760,1412988,394,422,0
488,1.505,0.654,0.000,2.160,2.237,697965,1781607,0,811,761,761,44669760,1412988,394,422,0
489,1.512,0.650,0.000,2.162,2.262,697965,1781607,0,811,761,761,44669760,1412988,394,422,0
490,1.458,0.635,0.000,2.093,2.257,697965,1781607,0,811,761,761,44669760,1412988,394,422,0
491,1.491,0.656,0.000,2.148,2.184,697965,1781607,0,811,761,761,44669760,1412988,394,422,0
492,1.522,0.643,0.000,2.165,2.242,697965,1781607,0,811,761,761,44669760,1412988,394,422,0
493,1.481,0.638,0.000,2.120,2.276,697965,1781607,0,811,761,761,44669760,1412988,394,422,0
494,1.522,0.653,0.000,2.175,2.225,697965,1781607,0,811,761,761,44669760,1412988,394,422,0
495,1.494,0.637,0.000,2.132,2.264,697965,1781607,0,811,761,761,44669760,1412988,394,422,0
496,1.541,0.627,0.000,2.167,2.227,697965,1781607,0,811,761,761,44669760,1412988,394,422,0
497,1.480,0.627,0.000,2.106,2.269,697965,1781607,0,811,761,761,44669760,1412988,394,422,0
498,1.446,0.634,0.000,2.080,2.196,697965,1781607,0,811,761,761,44669760,1412988,394,422,0
499,1.523,0.632,0.000,2.155,2.177,697965,1781607,0,811,761,761,44669760,1412988,394,422,0
500,1.483,0.627,0.000,2.110,2.250,697965,1781607,0,811,761,761,44669760,1412988,394,422,0
501,1.460,0.620,0.000,2.079,2.240,697965,1781607,0,811,761,761,44669760,1412988,394,422,0
502,1.504,0.641,0.000,2.144,2.170,697965,1781607,0,811,761,761,44669760,1412988,394,422,0
503,1.537,0.648,0.000,2.184,2.234,697965,1781607,0,811,761,761,44669760,1412988,394,422,0
504,1.498,0.638,0.000,2.137,2.285,697965,1781607,0,811,761,761,44669760,1412988,394,422,0
505,1.503,0.645,0.000,2.148,2.239,697965,1781607,0,811,761,761,44669760,1412988,394,422,0
506,1.517,0.631,0.000,2.148,2.239,697965,1781607,0,811,761,761,44669760,1412988,394,422,0
507,1.510,0.657,0.000,2.167,2.240,697965,1781607,0,811,761,761,44669760,1412988,394,422,0
508,1.498,0.625,0.000,2.123,2.264,697965,1781607,0,811,761,761,44669760,1412988,394,422,0
509,1.441,0.625,0.000,2.066,2.222,697965,1781607,0,811,761,761,44669760,1412988,394,422,0
510,1.527,0.686,0.000,2.214,2.165,697965,1781607,0,811,761,761,44669760,1412988,394,422,0
511,1.544,0.642,0.000,2.186,2.308,697965,1781607,0,811,761,761,44669760,1412988,394,422,0
512,1.529,0.640,0.000,2.169,2.281,697965,1781607,0,811,761,761,44669760,1412988,394,422,0
513,1.473,0.672,0.000,2.145,2.273,697965,1781607,0,811,761,761,44669760,1412988,394,422,0
514,1.513,0.649,0.000,2.163,2.238,697965,1781607,0,811,761,761,44669760,1412988,394,422,0
515,1.481,0.627,0.000,2.108,2.254,697965,1781607,0,811,761,761,44669760,1412988,394,422,0
516,1.506,0.641,0.000,2.147,2.208,697965,1781607,0,811,761,761,44669760,1412988,394,422,0
517,1.491,0.639,0.000,2.131,2.247,697965,1781607,0,811,761,761,44669760,1412988,394,422,0
518,1.499,0.663,0.000,2.162,2.245,697965,1781607,0,811,761,761,44669760,1412988,394,422,0
519,1.463,0.633,0.000,2.096,2.251,697965,1781607,0,811,761,761,44669760,1412988,394,422,0
520,1.535,0.640,0.000,2.175,2.197,697965,1781607,0,811,761,761,44669760,1412988,394,422,0
521,1.541,0.649,0.000,2.191,2.276,697965,1781607,0,811,761,761,44669760,1412988,394,422,0
522,1.488,0.664,0.000,2.152,2.293,697965,1781607,0,811,761,761,44669760,1412988,394,422,0
523,1.475,0.627,0.000,2.102,2.257,697965,1781607,0,811,761,761,44669760,1412988,394,422,0
524,1.475,0.643,0.000,2.118,2.203,697965,1781607,0,811,761,761,44669760,1412988,394,422,0
525,1.469,0.642,0.000,2.111,2.208,697965,1781607,0,811,761,761,44669760,1412988,394,422,0
526,1.532,0.641,0.000,2.173,2.203,697965,1781607,0,811,761,761,44669760,1412988,394,422,0
527,1.468,0.632,0.000,2.100,2.270,697965,1781607,0,811,761,761,44669760,1412988,394,422,0
528,1.505,0.636,0.000,2.141,2.191,697965,1781607,0,811,761,761,44669760,1412988,394,422,0
529,1.494,0.656,0.000,2.150,2.233,697965,1781607,0,811,761,761,44669760,1412988,394,422,0
530,1.475,0.635,0.000,2.110,2.246,697965,1781607,0,811,761,761,44669760,1412988,394,422,0
531,1.445,0.663,0.000,2.108,2.214,697965,1781607,0,811,761,761,44669760,1412988,394,422,0
532,1.503,0.634,0.000,2.137,2.194,697965,1781607,0,811,761,761,44669760,1412988,394,422,0
533,1.509,0.643,0.000,2.151,2.235,697965,1781607,0,811,761,761,44669760,1412988,394,422,0
534,1.505,0.646,0.000,2.152,2.244,697965,1781607,0,811,761,761,44669760,1412988,394,422,0
535,1.480,0.640,0.000,2.120,2.248,697965,1781607,0,811,761,761,44669760,1412988,394,422,0
536,1.450,0.653,0.000,2.103,2.218,697965,1781607,0,811,761,761,44669760,1412988,394,422,0
537,1.499,0.647,0.000,2.146,2.198,697965,1781607,0,811,761,761,44669760,1412988,394,422,0
538,1.467,0.636,0.000,2.103,2.243,697965,1781607,0,811,761,761,44669760,1412988,394,422,0
539,1.496,0.657,0.000,2.153,2.210,697965,1781607,0,811,761,761,44669760,1412988,394,422,0
540,1.504,0.647,0.000,2.152,2.248,697965,1781607,0,811,761,761,44669760,1412988,394,422,0
541,1.508,0.617,0.000,2.125,2.242,697965,1781607,0,811,761,761,44669760,1412988,394,422,0
542,1.503,0.645,0.000,2.148,2.227,697965,1781607,0,811,761,761,44669760,1412988,394,422,0
543,1.473,0.647,0.000,2.120,2.249,697965,1781607,0,811,761,761,44669760,1412988,394,422,0
544,1.491,0.638,0.000,2.129,2.220,697965,1781607,0,811,761,761,44669760,1412988,394,422,0
545,1.492,0.636,0.000,2.127,2.226,697965,1781607,0,811,761,761,44669760,1412988,394,422,0
546,1.467,0.632,0.000,2.099,2.245,697965,1781607,0,811,761,761,44669760,1412988,394,422,0
547,1.496,0.637,0.000,2.133,2.202,697965,1781607,0,811,761,761,44669760,1412988,394,422,0
548,1.479,0.652,0.000,2.131,2.223,697965,1781607,0,811,761,761,44669760,1412988,394,422,0
549,1.481,0.655,0.000,2.136,2.231,697965,1781607,0,811,761,761,44669760,1412988,394,422,0
550,1.473,0.644,0.000,2.117,2.232,697965,1781607,0,811,761,761,44669760,1412988,394,422,0
551,1.475,0.654,0.000,2.129,2.210,697965,1781607,0,811,761,761,44669760,1412988,394,422,0
552,1.503,0.643,0.000,2.146,2.216,697965,1781607,0,811,761,761,44669760,1412988,394,422,0
553,1.510,0.642,0.000,2.152,2.245,697965,1781607,0,811,761,761,44669760,1412988,394,422,0
554,1.462,0.653,0.000,2.115,2.248,697965,1781607,0,811,761,761,44669760,1412988,394,422,0
555,1.464,0.640,0.000,2.104,2.208,697965,1781607,0,811,761,761,44669760,1412988,394,422,0
556,1.499,0.634,0.000,2.133,2.198,697965,1781607,0,811,761,761,44669760,1412988,394,422,0
557,1.473,0.619,0.000,2.092,2.224,697965,1781607,0,811,761,761,44669760,1412988,394,422,0
558,1.488,0.613,0.000,2.101,2.180,697965,1781607,0,811,761,761,44669760,1412988,394,422,0
559,1.551,0.640,0.000,2.190,2.202,697965,1781607,0,811,761,761,44669760,1412988,394,422,0
560,1.461,0.636,0.000,2.098,2.288,697965,1781607,0,811,761,761,44669760,1412988,394,422,0
561,1.515,0.651,0.000,2.165,2.211,697965,1781607,0,811,761,761,44669760,1412988,394,422,0
562,1.508,0.664,0.000,2.172,2.263,697965,1781607,0,811,761,761,44669760,1412988,394,422,0
563,1.688,1.156,0.000,2.844,2.266,697965,1781607,0,811,761,761,44669760,1412988,394,422,0
564,1.730,1.093,0.000,2.824,2.978,697965,1781607,0,811,761,761,44669760,1412988,394,422,0
565,1.675,0.916,0.000,2.591,2.920,697965,1781607,0,811,761,761,44669760,1412988,394,422,0
566,1.623,0.667,0.000,2.290,2.680,697965,1781607,0,811,761,761,44669760,1412988,394,422,0
567,1.514,0.719,0.000,2.233,2.389,697965,1781607,0,811,761,761,44669760,1412988,394,422,0
568,1.604,0.703,0.000,2.308,2.346,697965,1781607,0,811,761,761,44669760,1412988,394,422,0
569,1.537,0.685,0.000,2.222,2.415,697965,1781607,0,811,761,761,44669760,1412988,394,422,0
570,1.561,0.715,0.000,2.276,2.355,697965,1781607,0,811,761,761,44669760,1412988,394,422,0
571,1.538,0.670,0.000,2.208,2.378,697965,1781607,0,811,761,761,44669760,1412988,394,422,0
572,1.578,0.695,0.000,2.273,2.317,697965,1781607,0,811,761,761,44669760,1412988,394,422,0
573,1.507,0.658,0.000,2.166,2.367,697965,1781607,0,811,761,761,44669760,1412988,394,422,0
574,1.506,0.679,0.000,2.186,2.265,697965,1781607,0,811,761,761,44669760,1412988,394,422,0
575,1.520,0.679,0.000,2.199,2.287,697965,1781607,0,811,761,761,44669760,1412988,394,422,0
576,1.501,0.653,0.000,2.154,2.302,697965,1781607,0,811,761,761,44669760,1412988,394,422,0
577,1.490,0.665,0.000,2.156,2.252,697965,1781607,0,811,761,761,44669760,1412988,394,422,0
578,1.524,0.671,0.000,2.195,2.261,697965,1781607,0,811,761,761,44669760,1412988,394,422,0
579,1.536,0.653,0.000,2.188,2.305,697965,1781607,0,811,761,761,44669760,1412988,394,422,0
580,1.522,0.670,0.000,2.192,2.290,697965,1781607,0,811,761,761,44669760,1412988,394,422,0
581,1.541,0.647,0.000,2.188,2.291,697965,1781607,0,811,761,761,44669760,1412988,394,422,0
582,1.503,0.662,0.000,2.165,2.291,697965,1781607,0,811,761,761,44669760,1412988,394,422,0
583,1.541,0.677,0.000,2.217,2.272,697965,1781607,0,811,761,761,44669760,1412988,394,422,0
584,1.529,0.657,0.000,2.186,2.326,697965,1781607,0,811,761,761,44669760,1412988,394,422,0
585,1.480,0.683,0.000,2.163,2.291,697965,1781607,0,811,761,761,44669760,1412988,394,422,0
586,1.494,0.672,0.000,2.166,2.259,697965,1781607,0,811,761,761,44669760,1412988,394,422,0
587,1.506,0.674,0.000,2.180,2.279,697965,1781607,0,811,761,761,44669760,1412988,394,422,0
588,1.552,0.690,0.000,2.242,2.299,697965,1781607,0,811,761,761,44669760,1412988,394,422,0
589,1.583,0.698,0.000,2.281,2.354,697965,1781607,0,811,761,761,44669760,1412988,394,422,0
590,1.540,0.670,0.000,2.210,2.398,697965,1781607,0,811,761,761,44669760,1412988,394,422,0
591,1.518,0.683,0.000,2.200,2.318,697965,1781607,0,811,761,761,44669760,1412988,394,422,0
592,1.489,0.638,0.003,2.130,2.331,697965,1781607,0,811,761,761,44669760,1412988,394,422,0
593,1.499,0.677,0.000,2.176,2.236,697965,1781607,0,811,761,761,44669760,1412988,394,422,0
594,1.551,0.701,0.000,2.251,2.285,697965,1781607,0,811,761,761,44669760,1412988,394,422,0
595,1.567,0.665,0.000,2.232,2.360,697965,1781607,0,811,761,761,44669760,1412988,394,422,0
596,1.526,0.652,0.000,2.178,2.337,697965,1781607,0,811,761,761,44669760,1412988,394,422,0
597,1.532,0.680,0.000,2.213,2.282,697965,1781607,0,811,761,761,44669760,1412988,394,422,0
598,1.501,0.657,0.000,2.159,2.313,697965,1781607,0,811,761,761,44669760,1412988,394,422,0
599,1.542,0.673,0.000,2.216,2.265,697965,1781607,0,811,761,761,44669760,1412988,394,422,0
600,1.522,0.688,0.000,2.209,2.333,697965,1781607,0,811,761,761,44669760,1412988,394,422,0
601,1.485,0.668,0.000,2.154,2.318,697965,1781607,0,811,761,761,44669760,1412988,394,422,0
602,1.516,0.670,0.000,2.185,2.267,697965,1781607,0,811,761,761,44669760,1412988,394,422,0
603,1.528,0.689,0.000,2.217,2.289,697965,1781607,0,811,761,761,44669760,1412988,394,422,0
604,1.487,0.653,0.000,2.140,2.320,697965,1781607,0,811,761,761,44669760,1412988,394,422,0
605,1.489,0.631,0.000,2.120,2.241,697965,1781607,0,811,761,761,44669760,1412988,394,422,0
606,1.496,0.654,0.000,2.150,2.223,697965,1781607,0,811,761,761,44669760,1412988,394,422,0
607,1.496,0.661,0.000,2.157,2.242,697965,1781607,0,811,761,761,44669760,1412988,394,422,0
608,1.530,0.641,0.000,2.171,2.250,697965,1781607,0,811,761,761,44669760,1412988,394,422,0
609,1.468,0.657,0.000,2.125,2.265,697965,1781607,0,811,761,761,44669760,1412988,394,422,0
610,1.554,0.658,0.000,2.212,2.229,697965,1781607,0,811,761,761,44669760,1412988,394,422,0
611,2.050,0.770,0.000,2.820,2.321,697965,1781607,0,811,761,761,44669760,1412988,394,422,0
612,1.501,0.573,0.000,2.074,2.916,697965,1781607,0,811,761,761,44669760,1412988,394,422,0
613,1.469,0.665,0.000,2.134,2.172,697965,1781607,0,811,761,761,44669760,1412988,394,422,0
614,1.554,0.675,0.000,2.229,2.241,697965,1781607,0,811,761,761,44669760,1412988,394,422,0
615,1.510,0.637,0.000,2.147,2.338,697965,1781607,0,811,761,761,44669760,1412988,394,422,0
616,1.526,0.663,0.000,2.189,2.253,697965,1781607,0,811,761,761,44669760,1412988,394,422,0
617,1.503,0.645,0.000,2.148,2.297,697965,1781607,0,811,761,761,44669760,1412988,394,422,0
618,1.504,0.688,0.000,2.192,2.252,697965,1781607,0,811,761,761,44669760,1412988,394,422,0
619,1.490,0.655,0.000,2.145,2.298,697965,1781607,0,811,761,761,44669760,1412988,394,422,0
620,1.495,0.665,0.000,2.160,2.255,697965,1781607,0,811,761,761,44669760,1412988,394,422,0
621,1.532,0.637,0.000,2.169,2.262,697965,1781607,0,811,761,761,44669760,1412988,394,422,0
622,1.541,0.639,0.000,2.180,2.261,697965,1781607,0,811,761,761,44669760,1412988,394,422,0
623,1.513,0.646,0.000,2.159,2.279,697965,1781607,0,811,761,761,44669760,1412988,394,422,0
624,1.521,0.632,0.000,2.153,2.248,697965,1781607,0,811,761,761,44669760,1412988,394,422,0
625,1.519,0.654,0.000,2.172,2.246,697965,1781607,0,811,761,761,44669760,1412988,394,422,0
626,1.515,0.663,0.000,2.178,2.264,697965,1781607,0,811,761,761,44669760,1412988,394,422,0
627,1.532,0.638,0.000,2.170,2.278,697965,1781607,0,811,761,761,44669760,1412988,394,422,0
628,1.508,0.637,0.000,2.145,2.261,697965,1781607,0,811,761,761,44669760,1412988,394,422,0
629,1.548,0.661,0.000,2.209,2.249,697965,1781607,0,811,761,761,44669760,1412988,394,422,0
630,1.510,0.616,0.000,2.126,2.306,697965,1781607,0,811,761,761,44669760,1412988,394,422,0
631,1.499,0.641,0.000,2.139,2.215,697965,1781607,0,811,761,761,44669760,1412988,394,422,0
632,1.536,0.662,0.000,2.198,2.236,697965,1781607,0,811,761,761,44669760,1412988,394,422,0
633,1.555,0.647,0.000,2.202,2.301,697965,1781607,0,811,761,761,44669760,1412988,394,422,0
634,1.503,0.635,0.000,2.138,2.307,697965,1781607,0,811,761,761,44669760,1412988,394,422,0
635,1.521,0.681,0.000,2.202,2.231,697965,1781607,0,811,761,761,44669760,1412988,394,422,0
636,1.553,0.652,0.000,2.205,2.300,697965,1781607,0,811,761,761,44669760,1412988,394,422,0
637,1.479,0.674,0.000,2.152,2.300,697965,1781607,0,811,761,761,44669760,1412988,394,422,0
638,1.513,0.660,0.000,2.173,2.277,697965,1781607,0,811,761,761,44669760,1412988,394,422,0
639,1.466,0.647,0.000,2.113,2.276,697965,1781607,0,811,761,761,44669760,1412988,394,422,0
640,1.528,0.688,0.000,2.217,2.213,697965,1781607,0,811,761,761,44669760,1412988,394,422,0
641,1.514,0.675,0.000,2.188,2.331,697965,1781607,0,811,761,761,44669760,1412988,394,422,0
642,1.516,0.655,0.000,2.171,2.301,697965,1781607,0,811,761,761,44669760,1412988,394,422,0
643,1.521,0.629,0.000,2.150,2.270,697965,1781607,0,811,761,761,44669760,1412988,394,422,0
644,1.503,0.648,0.000,2.152,2.238,697965,1781607,0,811,761,761,44669760,1412988,394,422,0
645,1.525,0.649,0.000,2.173,2.256,697965,1781607,0,811,761,761,44669760,1412988,394,422,0
646,1.463,0.669,0.000,2.132,2.265,697965,1781607,0,811,761,761,44669760,1412988,394,422,0
647,1.461,0.650,0.000,2.111,2.229,697965,1781607,0,811,761,761,44669760,1412988,394,422,0
648,1.614,0.750,0.000,2.363,2.207,697965,1781607,0,811,761,761,44669760,1412988,394,422,0
649,1.499,0.683,0.000,2.182,2.483,697965,1781607,0,811,761,761,44669760,1412988,394,422,0
650,1.539,0.653,0.000,2.193,2.278,697965,1781607,0,811,761,761,44669760,1412988,394,422,0
651,1.498,0.668,0.000,2.166,2.300,697965,1781607,0,811,761,761,44669760,1412988,394,422,0
652,1.503,0.667,0.000,2.170,2.265,697965,1781607,0,811,761,761,44669760,1412988,394,422,0
653,1.512,0.642,0.000,2.154,2.276,697965,1781607,0,811,761,761,44669760,1412988,394,422,0
654,1.504,0.655,0.000,2.159,2.243,697965,1781607,0,811,761,761,44669760,1412988,394,422,0
655,1.485,0.641,0.000,2.126,2.247,697965,1781607,0,811,761,761,44669760,1412988,394,422,0
656,1.498,0.627,0.000,2.125,2.220,697965,1781607,0,811,761,761,44669760,1412988,394,422,0
657,1.535,0.636,0.000,2.171,2.220,697965,1781607,0,811,761,761,44669760,1412988,394,422,0
658,1.451,0.630,0.000,2.080,2.268,697965,1781607,0,811,761,761,44669760,1412988,394,422,0
659,1.464,0.650,0.000,2.114,2.170,697965,1781607,0,811,761,761,44669760,1412988,394,422,0
660,1.547,0.628,0.000,2.175,2.205,697965,1781607,0,811,761,761,44669760,1412988,394,422,0
661,1.486,0.634,0.000,2.120,2.279,697965,1781607,0,811,761,761,44669760,1412988,394,422,0
662,1.541,0.669,0.000,2.211,2.214,697965,1781607,0,811,761,761,44669760,1412988,394,422,0
663,1.522,0.626,0.000,2.148,2.311,697965,1781607,0,811,761,761,44669760,1412988,394,422,0
664,1.375,0.629,0.000,2.004,2.251,697965,1781607,0,811,761,761,44669760,1412988,394,422,0
665,1.447,0.666,0.000,2.113,2.109,697965,1781607,0,811,761,761,44669760,1412988,394,422,0
666,1.539,0.614,0.000,2.153,2.212,697965,1781607,0,811,761,761,44669760,1412988,394,422,0
667,1.415,0.640,0.000,2.055,2.272,697965,1781607,0,811,761,761,44669760,1412988,394,422,0
668,1.436,0.637,0.000,2.073,2.143,697965,1781607,0,811,761,761,44669760,1412988,394,422,0
669,1.543,0.643,0.000,2.187,2.172,697965,1781607,0,811,761,761,44669760,1412988,394,422,0
670,1.505,0.636,0.000,2.141,2.289,697965,1781607,0,811,761,761,44669760,1412988,394,422,0
671,1.476,0.654,0.000,2.130,2.244,697965,1781607,0,811,761,761,44669760,1412988,394,422,0
672,1.510,0.639,0.000,2.149,2.223,697965,1781607,0,811,761,761,44669760,1412988,394,422,0
673,1.494,0.667,0.000,2.161,2.241,697965,1781607,0,811,761,761,44669760,1412988,394,422,0
674,1.525,0.640,0.000,2.165,2.257,697965,1781607,0,811,761,761,44669760,1412988,394,422,0
675,1.460,0.637,0.000,2.098,2.262,697965,1781607,0,811,761,761,44669760,1412988,394,422,0
676,1.483,0.647,0.000,2.130,2.189,697965,1781607,0,811,761,761,44669760,1412988,394,422,0
677,1.502,0.632,0.000,2.134,2.228,697965,1781607,0,811,761,761,44669760,1412988,394,422,0
678,1.479,0.631,0.000,2.110,2.233,697965,1781607,0,811,761,761,44669760,1412988,394,422,0
679,1.453,0.645,0.000,2.098,2.213,697965,1781607,0,811,761,761,44669760,1412988,394,422,0
680,1.479,0.649,0.000,2.128,2.192,697965,1781607,0,811,761,761,44669760,1412988,394,422,0
681,1.498,0.639,0.000,2.138,2.219,697965,1781607,0,811,761,761,44669760,1412988,394,422,0
682,1.493,0.641,0.000,2.134,2.242,697965,1781607,0,811,761,761,44669760,1412988,394,422,0
683,1.468,0.651,0.000,2.119,2.246,697965,1781607,0,811,761,761,44669760,1412988,394,422,0
684,1.471,0.648,0.000,2.119,2.223,697965,1781607,0,811,761,761,44669760,1412988,394,422,0
685,1.481,0.652,0.000,2.134,2.208,697965,1781607,0,811,761,761,44669760,1412988,394,422,0
686,1.503,0.639,0.000,2.142,2.233,697965,1781607,0,811,761,761,44669760,1412988,394,422,0
687,1.505,0.619,0.000,2.124,2.250,697965,1781607,0,811,761,761,44669760,1412988,394,422,0
688,1.509,0.659,0.000,2.168,2.229,697965,1781607,0,811,761,761,44669760,1412988,394,422,0
689,1.519,0.674,0.000,2.193,2.276,697965,1781607,0,811,761,761,44669760,1412988,394,422,0
690,1.529,0.655,0.000,2.184,2.291,697965,1781607,0,811,761,761,44669760,1412988,394,422,0
691,1.500,0.636,0.000,2.136,2.278,697965,1781607,0,811,761,761,44669760,1412988,394,422,0
692,1.504,0.658,0.000,2.162,2.226,697965,1781607,0,811,761,761,44669760,1412988,394,422,0
693,1.505,0.649,0.000,2.155,2.259,697965,1781607,0,811,761,761,44669760,1412988,394,422,0
694,1.504,0.634,0.000,2.139,2.259,697965,1781607,0,811,761,761,44669760,1412988,394,422,0
695,1.478,0.651,0.000,2.130,2.242,697965,1781607,0,811,761,761,44669760,1412988,394,422,0
696,1.507,0.622,0.000,2.129,2.219,697965,1781607,0,811,761,761,44669760,1412988,394,422,0
697,1.547,0.680,0.000,2.227,2.218,697965,1781607,0,811,761,761,44669760,1412988,394,422,0
698,1.477,0.636,0.000,2.113,2.323,697965,1781607,0,811,761,761,44669760,1412988,394,422,0
699,1.474,0.635,0.000,2.109,2.214,697965,1781607,0,811,761,761,44669760,1412988,394,422,0
700,1.519,0.681,0.000,2.200,2.206,697965,1781607,0,811,761,761,44669760,1412988,394,422,0
701,1.599,0.769,0.000,2.368,2.296,697965,1781607,0,811,761,761,44669760,1412988,394,422,0
702,1.575,0.718,0.000,2.293,2.469,697965,1781607,0,811,761,761,44669760,1412988,394,422,0
703,1.542,0.687,0.000,2.230,2.404,697965,1781607,0,811,761,761,44669760,1412988,394,422,0
704,1.554,0.662,0.000,2.217,2.336,697965,1781607,0,811,761,761,44669760,1412988,394,422,0
705,1.542,0.645,0.000,2.187,2.316,697965,1781607,0,811,761,761,44669760,1412988,394,422,0
706,1.499,0.672,0.000,2.171,2.283,697965,1781607,0,811,761,761,44669760,1412988,394,422,0
707,1.536,0.662,0.000,2.198,2.273,697965,1781607,0,811,761,761,44669760,1412988,394,422,0
708,1.444,0.622,0.000,2.066,2.300,697965,1781607,0,811,761,761,44669760,1412988,394,422,0
709,1.479,0.651,0.000,2.130,2.157,697965,1781607,0,811,761,761,44669760,1412988,394,422,0
710,1.521,0.669,0.000,2.190,2.229,697965,1781607,0,811,761,761,44669760,1412988,394,422,0
711,1.530,0.659,0.000,2.189,2.288,697965,1781607,0,811,761,761,44669760,1412988,394,422,0
712,1.516,0.657,0.000,2.173,2.286,697965,1781607,0,811,761,761,44669760,1412988,394,422,0
713,1.518,0.651,0.000,2.169,2.269,697965,1781607,0,811,761,761,44669760,1412988,394,422,0
714,1.498,0.652,0.000,2.151,2.273,697965,1781607,0,811,761,761,44669760,1412988,394,422,0
715,1.498,0.641,0.000,2.139,2.250,697965,1781607,0,811,761,761,44669760,1412988,394,422,0
716,1.516,0.657,0.000,2.173,2.231,697965,1781607,0,811,761,761,44669760,1412988,394,422,0
717,1.529,0.638,0.000,2.168,2.263,697965,1781607,0,811,761,761,44669760,1412988,394,422,0
718,1.517,0.660,0.000,2.176,2.263,697965,1781607,0,811,761,761,44669760,1412988,394,422,0
719,1.535,0.649,0.000,2.184,2.279,697965,1781607,0,811,761,761,44669760,1412988,394,422,0
720,1.505,0.633,0.000,2.138,2.275,697965,1781607,0,811,761,761,44669760,1412988,394,422,0
721,1.510,0.634,0.000,2.145,2.244,697965,1781607,0,811,761,761,44669760,1412988,394,422,0
722,1.508,0.650,0.000,2.158,2.242,697965,1781607,0,811,761,761,44669760,1412988,394,422,0
723,1.557,0.678,0.000,2.235,2.251,697965,1781607,0,811,761,761,44669760,1412988,394,422,0
724,1.524,0.655,0.000,2.180,2.344,697965,1781607,0,811,761,761,44669760,1412988,394,422,0
725,1.520,0.662,0.000,2.182,2.284,697965,1781607,0,811,761,761,44669760,1412988,394,422,0
726,1.503,0.646,0.000,2.149,2.285,697965,1781607,0,811,761,761,44669760,1412988,394,422,0
727,1.553,0.676,0.000,2.228,2.253,697965,1781607,0,811,761,761,44669760,1412988,394,422,0
728,1.490,0.629,0.000,2.119,2.346,697965,1781607,0,811,761,761,44669760,1412988,394,422,0
729,1.542,0.660,0.000,2.202,2.238,697965,1781607,0,811,761,761,44669760,1412988,394,422,0
730,1.508,0.648,0.000,2.156,2.298,697965,1781607,0,811,761,761,44669760,1412988,394,422,0
731,1.498,0.648,0.000,2.146,2.263,697965,1781607,0,811,761,761,44669760,1412988,394,422,0
732,1.555,0.663,0.000,2.218,2.246,697965,1781607,0,811,761,761,44669760,1412988,394,422,0
733,1.533,0.696,0.000,2.229,2.315,697965,1781607,0,811,761,761,44669760,1412988,394,422,0
734,1.496,0.653,0.000,2.149,2.346,697965,1781607,0,811,761,761,44669760,1412988,394,422,0
735,1.519,0.633,0.000,2.153,2.248,697965,1781607,0,811,761,761,44669760,1412988,394,422,0
736,1.539,0.642,0.000,2.180,2.246,697965,1781607,0,811,761,761,44669760,1412988,394,422,0
737,1.497,0.642,0.000,2.139,2.277,697965,1781607,0,811,761,761,44669760,1412988,394,422,0
738,1.555,0.667,0.000,2.223,2.241,697965,1781607,0,811,761,761,44669760,1412988,394,422,0
739,1.500,0.649,0.000,2.150,2.326,697965,1781607,0,811,761,761,44669760,1412988,394,422,0
740,1.519,0.658,0.000,2.177,2.249,697965,1781607,0,811,761,761,44669760,1412988,394,422,0
741,1.571,0.648,0.000,2.219,2.282,697965,1781607,0,811,761,761,44669760,1412988,394,422,0
742,1.500,0.646,0.000,2.146,2.324,697965,1781607,0,811,761,761,44669760,1412988,394,422,0
743,1.520,0.652,0.000,2.172,2.234,697965,1781607,0,811,761,761,44669760,1412988,394,422,0
744,1.481,0.616,0.000,2.097,2.262,697965,1781607,0,811,761,761,44669760,1412988,394,422,0
745,1.532,0.636,0.000,2.168,2.192,697965,1781607,0,811,761,761,44669760,1412988,394,422,0
746,1.500,0.653,0.000,2.153,2.274,697965,1781607,0,811,761,761,44669760,1412988,394,422,0
747,1.515,0.650,0.000,2.165,2.268,697965,1781607,0,811,761,761,44669760,1412988,394,422,0
748,1.510,0.671,0.000,2.181,2.265,697965,1781607,0,811,761,761,44669760,1412988,394,422,0
749,1.508,0.639,0.000,2.147,2.269,697965,1781607,0,811,761,761,44669760,1412988,394,422,0
750,1.516,0.629,0.000,2.145,2.244,697965,1781607,0,811,761,761,44669760,1412988,394,422,0
751,1.540,0.656,0.000,2.196,2.245,697965,1781607,0,811,761,761,44669760,1412988,394,422,0
752,1.461,0.639,0.000,2.100,2.297,697965,1781607,0,811,761,761,44669760,1412988,394,422,0
753,1.498,0.646,0.000,2.145,2.196,697965,1781607,0,811,761,761,44669760,1412988,394,422,0
754,1.500,0.667,0.000,2.167,2.239,697965,1781607,0,811,761,761,44669760,1412988,394,422,0
755,1.521,0.641,0.000,2.162,2.260,697965,1781607,0,811,761,761,44669760,1412988,394,422,0
756,1.490,0.643,0.000,2.134,2.253,697965,1781607,0,811,761,761,44669760,1412988,394,422,0
757,1.476,0.670,0.000,2.146,2.238,697965,1781607,0,811,761,761,44669760,1412988,394,422,0
758,1.520,0.660,0.000,2.179,2.235,697965,1781607,0,811,761,761,44669760,1412988,394,422,0
759,1.510,0.663,0.000,2.173,2.268,697965,1781607,0,811,761,761,44669760,1412988,394,422,0
760,1.524,0.653,0.000,2.176,2.267,697965,1781607,0,811,761,761,44669760,1412988,394,422,0
761,1.552,0.647,0.000,2.199,2.279,697965,1781607,0,811,761,761,44669760,1412988,394,422,0
762,1.422,0.623,0.000,2.045,2.300,697965,1781607,0,811,761,761,44669760,1412988,394,422,0
763,1.431,0.642,0.000,2.073,2.132,697965,1781607,0,811,761,761,44669760,1412988,394,422,0
764,1.491,0.630,0.000,2.120,2.174,697965,1781607,0,811,761,761,44669760,1412988,394,422,0
765,1.452,0.625,0.000,2.077,2.225,697965,1781607,0,811,761,761,44669760,1412988,394,422,0
766,1.449,0.637,0.000,2.087,2.175,697965,1781607,0,811,761,761,44669760,1412988,394,422,0
767,1.541,0.648,0.000,2.188,2.184,697965,1781607,0,811,761,761,44669760,1412988,394,422,0
768,1.459,0.635,0.000,2.095,2.281,697965,1781607,0,811,761,761,44669760,1412988,394,422,0
769,1.496,0.670,0.000,2.166,2.202,697965,1781607,0,811,761,761,44669760,1412988,394,422,0
770,1.528,0.643,0.000,2.171,2.276,697965,1781607,0,811,761,761,44669760,1412988,394,422,0
771,1.479,0.637,0.000,2.117,2.275,697965,1781607,0,811,761,761,44669760,1412988,394,422,0
772,1.503,0.640,0.000,2.143,2.206,697965,1781607,0,811,761,761,44669760,1412988,394,422,0
773,1.520,0.655,0.000,2.175,2.234,697965,1781607,0,811,761,761,44669760,1412988,394,422,0
774,1.560,0.664,0.000,2.224,2.272,697965,1781607,0,811,761,761,44669760,1412988,394,422,0
775,1.465,0.669,0.000,2.134,2.323,697965,1781607,0,811,761,761,44669760,1412988,394,422,0
776,1.508,0.670,0.000,2.177,2.244,697965,1781607,0,811,761,761,44669760,1412988,394,422,0
777,1.515,0.640,0.000,2.155,2.281,697965,1781607,0,811,761,761,44669760,1412988,394,422,0
778,1.495,0.643,0.000,2.137,2.256,697965,1781607,0,811,761,761,44669760,1412988,394,422,0
779,1.486,0.629,0.000,2.115,2.226,697965,1781607,0,811,761,761,44669760,1412988,394,422,0
780,1.522,0.677,0.000,2.199,2.213,697965,1781607,0,811,761,761,44669760,1412988,394,422,0
781,1.480,0.638,0.000,2.118,2.294,697965,1781607,0,811,761,761,44669760,1412988,394,422,0
782,1.494,0.677,0.000,2.171,2.224,697965,1781607,0,811,761,761,44669760,1412988,394,422,0
783,1.526,0.679,0.000,2.206,2.284,697965,1781607,0,811,761,761,44669760,1412988,394,422,0
784,1.516,0.673,0.000,2.189,2.313,697965,1781607,0,811,761,761,44669760,1412988,394,422,0
785,1.522,0.644,0.000,2.167,2.286,697965,1781607,0,811,761,761,44669760,1412988,394,422,0
786,1.508,0.643,0.000,2.151,2.263,697965,1781607,0,811,761,761,44669760,1412988,394,422,0
787,1.495,0.644,0.000,2.139,2.242,697965,1781607,0,811,761,761,44669760,1412988,394,422,0
788,1.500,0.661,0.000,2.161,2.243,697965,1781607,0,811,761,761,44669760,1412988,394,422,0
789,1.484,0.632,0.000,2.116,2.255,697965,1781607,0,811,761,761,44669760,1412988,394,422,0
790,1.450,0.659,0.000,2.109,2.220,697965,1781607,0,811,761,761,44669760,1412988,394,422,0
791,1.523,0.646,0.000,2.169,2.197,697965,1781607,0,811,761,761,44669760,1412988,394,422,0
792,1.500,0.658,0.000,2.158,2.265,697965,1781607,0,811,761,761,44669760,1412988,394,422,0
793,1.515,0.661,0.000,2.175,2.249,697965,1781607,0,811,761,761,44669760,1412988,394,422,0
794,1.505,0.647,0.000,2.152,2.264,697965,1781607,0,811,761,761,44669760,1412988,394,422,0
795,1.515,0.640,0.000,2.155,2.246,697965,1781607,0,811,761,761,44669760,1412988,394,422,0
796,1.475,0.639,0.000,2.114,2.256,697965,1781607,0,811,761,761,44669760,1412988,394,422,0
797,1.479,0.619,0.000,2.097,2.207,697965,1781607,0,811,761,761,44669760,1412988,394,422,0
798,1.476,0.634,0.000,2.110,2.196,697965,1781607,0,811,761,761,44669760,1412988,394,422,0
799,1.537,0.649,0.000,2.186,2.210,697965,1781607,0,811,761,761,44669760,1412988,394,422,0
800,1.498,0.643,0.000,2.140,2.287,697965,1781607,0,811,761,761,44669760,1412988,394,422,0
801,1.475,0.649,0.000,2.124,2.250,697965,1781607,0,811,761,761,44669760,1412988,394,422,0
802,1.480,0.657,0.000,2.137,2.217,697965,1781607,0,811,761,761,44669760,1412988,394,422,0
803,1.499,0.657,0.000,2.155,2.222,697965,1781607,0,811,761,761,44669760,1412988,394,422,0
804,1.488,0.626,0.000,2.114,2.246,697965,1781607,0,811,761,761,44669760,1412988,394,422,0
805,1.512,0.641,0.000,2.154,2.211,697965,1781607,0,811,761,761,44669760,1412988,394,422,0
806,1.484,0.634,0.000,2.118,2.252,697965,1781607,0,811,761,761,44669760,1412988,394,422,0
807,1.566,0.657,0.000,2.223,2.220,697965,1781607,0,811,761,761,44669760,1412988,394,422,0
808,1.508,0.660,0.000,2.167,2.316,697965,1781607,0,811,761,761,44669760,1412988,394,422,0
809,1.511,0.650,0.000,2.161,2.256,697965,1781607,0,811,761,761,44669760,1412988,394,422,0
810,1.507,0.624,0.000,2.132,2.255,697965,1781607,0,811,761,761,44669760,1412988,394,422,0
811,1.483,0.664,0.000,2.148,2.231,697965,1781607,0,811,761,761,44669760,1412988,394,422,0
812,1.481,0.646,0.000,2.127,2.236,697965,1781607,0,811,761,761,44669760,1412988,394,422,0
813,1.511,0.625,0.000,2.136,2.220,697965,1781607,0,811,761,761,44669760,1412988,394,422,0
814,1.507,0.632,0.000,2.140,2.234,697965,1781607,0,811,761,761,44669760,1412988,394,422,0
815,1.507,0.635,0.000,2.142,2.242,697965,1781607,0,811,761,761,44669760,1412988,394,422,0
816,1.501,0.624,0.000,2.125,2.237,697965,1781607,0,811,761,761,44669760,1412988,394,422,0
817,1.531,0.643,0.000,2.174,2.214,697965,1781607,0,811,761,761,44669760,1412988,394,422,0
818,1.547,0.656,0.000,2.202,2.272,697965,1781607,0,811,761,761,44669760,1412988,394,422,0
819,1.515,0.630,0.000,2.145,2.294,697965,1781607,0,811,761,761,44669760,1412988,394,422,0
820,1.516,0.674,0.000,2.190,2.242,697965,1781607,0,811,761,761,44669760,1412988,394,422,0
821,1.479,0.646,0.000,2.126,2.280,697965,1781607,0,811,761,761,44669760,1412988,394,422,0
822,1.518,0.656,0.000,2.174,2.228,697965,1781607,0,811,761,761,44669760,1412988,394,422,0
823,1.478,0.645,0.000,2.124,2.276,697965,1781607,0,811,761,761,44669760,1412988,394,422,0
824,1.487,0.644,0.000,2.131,2.214,697965,1781607,0,811,761,761,44669760,1412988,394,422,0
825,1.550,0.630,0.000,2.180,2.231,697965,1781607,0,811,761,761,44669760,1412988,394,422,0
826,1.482,0.649,0.000,2.132,2.279,697965,1781607,0,811,761,761,44669760,1412988,394,422,0
827,1.463,0.620,0.000,2.083,2.229,697965,1781607,0,811,761,761,44669760,1412988,394,422,0
828,1.517,0.629,0.000,2.146,2.178,697965,1781607,0,811,761,761,44669760,1412988,394,422,0
829,1.544,0.651,0.000,2.196,2.238,697965,1781607,0,811,761,761,44669760,1412988,394,422,0
830,1.481,0.639,0.000,2.120,2.290,697965,1781607,0,811,761,761,44669760,1412988,394,422,0
831,1.490,0.643,0.000,2.133,2.221,697965,1781607,0,811,761,761,44669760,1412988,394,422,0
832,1.541,0.639,0.000,2.180,2.232,697965,1781607,0,811,761,761,44669760,1412988,394,422,0
833,1.523,0.628,0.000,2.152,2.269,697965,1781607,0,811,761,761,44669760,1412988,394,422,0
834,1.521,0.629,0.000,2.149,2.253,697965,1781607,0,811,761,761,44669760,1412988,394,422,0
835,1.466,0.643,0.000,2.110,2.243,697965,1781607,0,811,761,761,44669760,1412988,394,422,0
836,1.453,0.669,0.000,2.121,2.205,697965,1781607,0,811,761,761,44669760,1412988,394,422,0
837,1.500,0.650,0.000,2.150,2.219,697965,1781607,0,811,761,761,44669760,1412988,394,422,0
838,1.467,0.662,0.000,2.129,2.247,697965,1781607,0,811,761,761,44669760,1412988,394,422,0
839,1.513,0.662,0.000,2.175,2.243,697965,1781607,0,811,761,761,44669760,1412988,394,422,0
840,1.478,0.626,0.000,2.104,2.276,697965,1781607,0,811,761,761,44669760,1412988,394,422,0
841,1.516,0.669,0.000,2.185,2.213,697965,1781607,0,811,761,761,44669760,1412988,394,422,0
842,1.536,0.634,0.000,2.170,2.286,697965,1781607,0,811,761,761,44669760,1412988,394,422,0
843,1.507,0.641,0.000,2.148,2.269,697965,1781607,0,811,761,761,44669760,1412988,394,422,0
844,1.491,0.642,0.000,2.133,2.239,697965,1781607,0,811,761,761,44669760,1412988,394,422,0
845,1.512,0.639,0.000,2.151,2.238,697965,1781607,0,811,761,761,44669760,1412988,394,422,0
846,1.465,0.641,0.000,2.105,2.253,697965,1781607,0,811,761,761,44669760,1412988,394,422,0
847,1.509,0.641,0.000,2.150,2.204,697965,1781607,0,811,761,761,44669760,1412988,394,422,0
848,1.491,0.625,0.000,2.116,2.237,697965,1781607,0,811,761,761,44669760,1412988,394,422,0
849,1.577,0.647,0.000,2.224,2.214,697965,1781607,0,811,761,761,44669760,1412988,394,422,0
850,1.490,0.689,0.000,2.179,2.335,697965,1781607,0,811,761,761,44669760,1412988,394,422,0
851,1.492,0.646,0.000,2.138,2.277,697965,1781607,0,811,761,761,44669760,1412988,394,422,0
852,1.523,0.666,0.000,2.189,2.239,697965,1781607,0,811,761,761,44669760,1412988,394,422,0
853,1.541,0.662,0.000,2.202,2.285,697965,1781607,0,811,761,761,44669760,1412988,394,422,0
854,1.533,0.655,0.000,2.187,2.292,697965,1781607,0,811,761,761,44669760,1412988,394,422,0
855,1.519,0.649,0.000,2.168,2.279,697965,1781607,0,811,761,761,44669760,1412988,394,422,0
856,1.475,0.667,0.000,2.142,2.270,697965,1781607,0,811,761,761,44669760,1412988,394,422,0
857,1.471,0.690,0.000,2.161,2.233,697965,1781607,0,811,761,761,44669760,1412988,394,422,0
858,1.530,0.645,0.000,2.175,2.267,697965,1781607,0,811,761,761,44669760,1412988,394,422,0
859,1.493,0.643,0.000,2.136,2.278,697965,1781607,0,811,761,761,44669760,1412988,394,422,0
860,1.475,0.615,0.000,2.090,2.239,697965,1781607,0,811,761,761,44669760,1412988,394,422,0
861,1.506,0.629,0.000,2.135,2.183,697965,1781607,0,811,761,761,44669760,1412988,394,422,0
862,1.503,0.656,0.000,2.159,2.233,697965,1781607,0,811,761,761,44669760,1412988,394,422,0
863,1.497,0.664,0.000,2.161,2.279,697965,1781607,0,811,761,761,44669760,1412988,394,422,0
864,1.517,0.666,0.000,2.183,2.263,697965,1781607,0,811,761,761,44669760,1412988,394,422,0
865,1.504,0.635,0.000,2.140,2.274,697965,1781607,0,811,761,761,44669760,1412988,394,422,0
866,1.490,0.640,0.000,2.130,2.239,697965,1781607,0,811,761,761,44669760,1412988,394,422,0
867,1.471,0.638,0.000,2.109,2.228,697965,1781607,0,811,761,761,44669760,1412988,394,422,0
868,1.518,0.660,0.000,2.178,2.222,697965,1781607,0,811,761,761,44669760,1412988,394,422,0
869,1.505,0.675,0.000,2.180,2.290,697965,1781607,0,811,761,761,44669760,1412988,394,422,0
870,1.426,0.645,0.000,2.072,2.286,697965,1781607,0,811,761,761,44669760,1412988,394,422,0
871,1.530,0.649,0.000,2.179,2.165,697965,1781607,0,811,761,761,44669760,1412988,394,422,0
872,1.522,0.660,0.000,2.182,2.269,697965,1781607,0,811,761,761,44669760,1412988,394,422,0
873,1.494,0.645,0.000,2.139,2.280,697965,1781607,0,811,761,761,44669760,1412988,394,422,0
874,1.495,0.642,0.000,2.137,2.234,697965,1781607,0,811,761,761,44669760,1412988,394,422,0
875,1.493,0.658,0.000,2.151,2.235,697965,1781607,0,811,761,761,44669760,1412988,394,422,0
876,1.501,0.632,0.000,2.133,2.254,697965,1781607,0,811,761,761,44669760,1412988,394,422,0
877,1.508,0.646,0.000,2.154,2.229,697965,1781607,0,811,761,761,44669760,1412988,394,422,0
878,1.496,0.643,0.000,2.139,2.243,697965,1781607,0,811,761,761,44669760,1412988,394,422,0
879,1.487,0.647,0.000,2.134,2.238,697965,1781607,0,811,761,761,44669760,1412988,394,422,0
880,1.429,0.634,0.000,2.063,2.235,697965,1781607,0,811,761,761,44669760,1412988,394,422,0
881,1.458,0.637,0.000,2.095,2.155,697965,1781607,0,811,761,761,44669760,1412988,394,422,0
882,1.512,0.602,0.000,2.114,2.190,697965,1781607,0,811,761,761,44669760,1412988,394,422,0
883,1.457,0.636,0.000,2.093,2.224,697965,1781607,0,811,761,761,44669760,1412988,394,422,0
884,1.459,0.622,0.000,2.081,2.183,697965,1781607,0,811,761,761,44669760,1412988,394,422,0
885,1.474,0.625,0.000,2.099,2.183,697965,1781607,0,811,761,761,44669760,1412988,394,422,0
886,1.441,0.647,0.000,2.088,2.191,697965,1781607,0,811,761,761,44669760,1412988,394,422,0
887,1.482,0.635,0.000,2.117,2.188,697965,1781607,0,811,761,761,44669760,1412988,394,422,0
888,1.464,0.639,0.000,2.104,2.228,697965,1781607,0,811,761,761,44669760,1412988,394,422,0
889,1.447,0.632,0.000,2.079,2.200,697965,1781607,0,811,761,761,44669760,1412988,394,422,0
890,1.481,0.619,0.000,2.100,2.175,697965,1781607,0,811,761,761,44669760,1412988,394,422,0
891,1.467,0.623,0.000,2.090,2.191,697965,1781607,0,811,761,761,44669760,1412988,394,422,0
892,1.523,0.652,0.000,2.175,2.190,697965,1781607,0,811,761,761,44669760,1412988,394,422,0
893,1.479,0.637,0.000,2.116,2.276,697965,1781607,0,811,761,761,44669760,1412988,394,422,0
894,1.496,0.634,0.000,2.130,2.203,697965,1781607,0,811,761,761,44669760,1412988,394,422,0
895,1.491,0.631,0.000,2.122,2.229,697965,1781607,0,811,761,761,44669760,1412988,394,422,0
896,1.448,0.632,0.000,2.080,2.223,697965,1781607,0,811,761,761,44669760,1412988,394,422,0
897,1.512,0.654,0.000,2.166,2.166,697965,1781607,0,811,761,761,44669760,1412988,394,422,0
898,1.489,0.656,0.000,2.144,2.256,697965,1781607,0,811,761,761,44669760,1412988,394,422,0
899,1.495,0.644,0.000,2.139,2.242,697965,1781607,0,811,761,761,44669760,1412988,394,422,0
900,1.476,0.625,0.000,2.101,2.234,697965,1781607,0,811,761,761,44669760,1412988,394,422,0
901,1.471,0.632,0.000,2.103,2.199,697965,1781607,0,811,761,761,44669760,1412988,394,422,0
902,1.503,0.653,0.000,2.156,2.199,697965,1781607,0,811,761,761,44669760,1412988,394,422,0
903,1.440,0.638,0.000,2.077,2.252,697965,1781607,0,811,761,761,44669760,1412988,394,422,0
904,1.467,0.648,0.000,2.115,2.176,697965,1781607,0,811,761,761,44669760,1412988,394,422,0
905,1.478,0.626,0.000,2.104,2.204,697965,1781607,0,811,761,761,44669760,1412988,394,422,0
906,1.539,0.630,0.000,2.170,2.203,697965,1781607,0,811,761,761,44669760,1412988,394,422,0
907,1.461,0.633,0.000,2.094,2.264,697965,1781607,0,811,761,761,44669760,1412988,394,422,0
908,1.448,0.631,0.000,2.079,2.198,697965,1781607,0,811,761,761,44669760,1412988,394,422,0
909,1.497,0.623,0.000,2.120,2.181,697965,1781607,0,811,761,761,44669760,1412988,394,422,0
910,1.502,0.633,0.000,2.135,2.211,697965,1781607,0,811,761,761,44669760,1412988,394,422,0
911,1.507,0.660,0.000,2.167,2.226,697965,1781607,0,811,761,761,44669760,1412988,394,422,0
912,1.491,0.636,0.000,2.127,2.266,697965,1781607,0,811,761,761,44669760,1412988,394,422,0
913,1.468,0.651,0.000,2.119,2.226,697965,1781607,0,811,761,761,44669760,1412988,394,422,0
914,1.489,0.661,0.000,2.151,2.229,697965,1781607,0,811,761,761,44669760,1412988,394,422,0
915,1.563,0.659,0.000,2.222,2.257,697965,1781607,0,811,761,761,44669760,1412988,394,422,0
916,1.457,0.680,0.000,2.137,2.325,697965,1781607,0,811,761,761,44669760,1412988,394,422,0
917,1.464,0.640,0.000,2.104,2.228,697965,1781607,0,811,761,761,44669760,1412988,394,422,0
918,1.465,0.644,0.000,2.109,2.199,697965,1781607,0,811,761,761,44669760,1412988,394,422,0
919,1.464,0.628,0.000,2.093,2.208,697965,1781607,0,811,761,761,44669760,1412988,394,422,0
920,1.483,0.639,0.000,2.122,2.180,697965,1781607,0,811,761,761,44669760,1412988,394,422,0
921,1.531,0.612,0.000,2.143,2.220,697965,1781607,0,811,761,761,44669760,1412988,394,422,0
922,1.532,0.633,0.000,2.164,2.238,697965,1781607,0,811,761,761,44669760,1412988,394,422,0
923,1.472,0.628,0.000,2.100,2.269,697965,1781607,0,811,761,761,44669760,1412988,394,422,0
924,1.454,0.638,0.000,2.092,2.200,697965,1781607,0,811,761,761,44669760,1412988,394,422,0
925,1.488,0.637,0.000,2.125,2.185,697965,1781607,0,811,761,761,44669760,1412988,394,422,0
926,1.461,0.640,0.000,2.102,2.228,697965,1781607,0,811,761,761,44669760,1412988,394,422,0
927,1.498,0.661,0.000,2.159,2.191,697965,1781607,0,811,761,761,44669760,1412988,394,422,0
928,1.502,0.670,0.000,2.172,2.250,697965,1781607,0,811,761,761,44669760,1412988,394,422,0
929,1.533,0.654,0.000,2.186,2.273,697965,1781607,0,811,761,761,44669760,1412988,394,422,0
930,1.504,0.627,0.000,2.131,2.281,697965,1781607,0,811,761,761,44669760,1412988,394,422,0
931,1.485,0.651,0.000,2.136,2.236,697965,1781607,0,811,761,761,44669760,1412988,394,422,0
932,1.521,0.657,0.000,2.178,2.234,697965,1781607,0,811,761,761,44669760,1412988,394,422,0
933,1.515,0.646,0.000,2.161,2.282,697965,1781607,0,811,761,761,44669760,1412988,394,422,0
934,1.482,0.656,0.000,2.139,2.264,697965,1781607,0,811,761,761,44669760,1412988,394,422,0
935,1.473,0.655,0.000,2.128,2.227,697965,1781607,0,811,761,761,44669760,1412988,394,422,0
936,1.508,0.640,0.000,2.148,2.219,697965,1781607,0,811,761,761,44669760,1412988,394,422,0
937,1.510,0.621,0.000,2.130,2.248,697965,1781607,0,811,761,761,44669760,1412988,394,422,0
938,1.386,0.662,0.000,2.048,2.234,697965,1781607,0,811,761,761,44669760,1412988,394,422,0
939,1.535,0.633,0.000,2.168,2.136,697965,1781607,0,811,761,761,44669760,1412988,394,422,0
940,1.519,0.636,0.000,2.155,2.261,697965,1781607,0,811,761,761,44669760,1412988,394,422,0
941,1.495,0.639,0.000,2.135,2.255,697965,1781607,0,811,761,761,44669760,1412988,394,422,0
942,1.470,0.638,0.000,2.108,2.228,697965,1781607,0,811,761,761,44669760,1412988,394,422,0
943,1.474,0.651,0.000,2.125,2.214,697965,1781607,0,811,761,761,44669760,1412988,394,422,0
944,1.486,0.647,0.000,2.133,2.216,697965,1781607,0,811,761,761,44669760,1412988,394,422,0
945,1.516,0.617,0.000,2.133,2.228,697965,1781607,0,811,761,761,44669760,1412988,394,422,0
946,1.504,0.634,0.000,2.138,2.229,697965,1781607,0,811,761,761,44669760,1412988,394,422,0
947,1.500,0.636,0.000,2.136,2.230,697965,1781607,0,811,761,761,44669760,1412988,394,422,0
948,1.509,0.659,0.000,2.168,2.231,697965,1781607,0,811,761,761,44669760,1412988,394,422,0
949,1.497,0.637,0.000,2.134,2.265,697965,1781607,0,811,761,761,44669760,1412988,394,422,0
950,1.440,0.633,0.000,2.073,2.230,697965,1781607,0,811,761,761,44669760,1412988,394,422,0
951,1.477,0.627,0.000,2.105,2.164,697965,1781607,0,811,761,761,44669760,1412988,394,422,0
952,1.485,0.626,0.000,2.111,2.212,697965,1781607,0,811,761,761,44669760,1412988,394,422,0
953,1.467,0.642,0.000,2.110,2.214,697965,1781607,0,811,761,761,44669760,1412988,394,422,0
954,1.509,0.638,0.000,2.146,2.200,697965,1781607,0,811,761,761,44669760,1412988,394,422,0
955,1.466,0.638,0.000,2.104,2.250,697965,1781607,0,811,761,761,44669760,1412988,394,422,0
956,1.513,0.643,0.000,2.156,2.205,697965,1781607,0,811,761,761,44669760,1412988,394,422,0
957,1.483,0.638,0.000,2.121,2.270,697965,1781607,0,811,761,761,44669760,1412988,394,422,0
958,1.483,0.659,0.000,2.142,2.224,697965,1781607,0,811,761,761,44669760,1412988,394,422,0
959,1.524,0.650,0.000,2.174,2.234,697965,1781607,0,811,761,761,44669760,1412988,394,422,0
960,1.524,0.626,0.000,2.150,2.264,697965,1781607,0,811,761,761,44669760,1412988,394,422,0
961,1.508,0.633,0.000,2.141,2.242,697965,1781607,0,811,761,761,44669760,1412988,394,422,0
962,1.502,0.635,0.000,2.137,2.237,697965,1781607,0,811,761,761,44669760,1412988,394,422,0
963,1.499,0.646,0.000,2.145,2.226,697965,1781607,0,811,761,761,44669760,1412988,394,422,0
964,1.505,0.636,0.000,2.142,2.234,697965,1781607,0,811,761,761,44669760,1412988,394,422,0
965,1.478,0.654,0.000,2.132,2.242,697965,1781607,0,811,761,761,44669760,1412988,394,422,0
966,1.503,0.642,0.000,2.145,2.221,697965,1781607,0,811,761,761,44669760,1412988,394,422,0
967,1.511,0.674,0.000,2.185,2.233,697965,1781607,0,811,761,761,44669760,1412988,394,422,0
968,1.510,0.648,0.000,2.158,2.284,697965,1781607,0,811,761,761,44669760,1412988,394,422,0
969,1.511,0.657,0.000,2.168,2.253,697965,1781607,0,811,761,761,44669760,1412988,394,422,0
970,1.618,0.756,0.001,2.375,2.271,697965,1781607,0,811,761,761,44669760,1412988,394,422,0
971,1.623,0.715,0.001,2.339,2.604,697965,1781607,0,811,761,761,44669760,1412988,394,422,0
972,1.527,0.685,0.000,2.212,2.449,697965,1781607,0,811,761,761,44669760,1412988,394,422,0
973,1.458,0.665,0.000,2.124,2.305,697965,1781607,0,811,761,761,44669760,1412988,394,422,0
974,1.542,0.683,0.000,2.224,2.233,697965,1781607,0,811,761,761,44669760,1412988,394,422,0
975,1.583,0.697,0.000,2.280,2.332,697965,1781607,0,811,761,761,44669760,1412988,394,422,0
976,1.514,0.688,0.000,2.202,2.393,697965,1781607,0,811,761,761,44669760,1412988,394,422,0
977,1.494,0.667,0.000,2.162,2.311,697965,1781607,0,811,761,761,44669760,1412988,394,422,0
978,1.503,0.652,0.000,2.155,2.263,697965,1781607,0,811,761,761,44669760,1412988,394,422,0
979,1.481,0.654,0.000,2.135,2.254,697965,1781607,0,811,761,761,44669760,1412988,394,422,0
980,1.509,0.654,0.000,2.163,2.226,697965,1781607,0,811,761,761,44669760,1412988,394,422,0
981,1.507,0.642,0.000,2.150,2.264,697965,1781607,0,811,761,761,44669760,1412988,394,422,0
982,1.462,0.676,0.000,2.139,2.246,697965,1781607,0,811,761,761,44669760,1412988,394,422,0
983,1.498,0.683,0.000,2.181,2.248,697965,1781607,0,811,761,761,44669760,1412988,394,422,0
984,1.527,0.691,0.000,2.218,2.288,697965,1781607,0,811,761,761,44669760,1412988,394,422,0
985,1.471,0.647,0.000,2.118,2.320,697965,1781607,0,811,761,761,44669760,1412988,394,422,0
986,1.488,0.659,0.000,2.147,2.216,697965,1781607,0,811,761,761,44669760,1412988,394,422,0
987,1.474,0.647,0.000,2.121,2.239,697965,1781607,0,811,761,761,44669760,1412988,394,422,0
988,1.510,0.641,0.000,2.152,2.222,697965,1781607,0,811,761,761,44669760,1412988,394,422,0
989,1.467,0.634,0.000,2.102,2.254,697965,1781607,0,811,761,761,44669760,1412988,394,422,0
990,1.510,0.612,0.000,2.122,2.189,697965,1781607,0,811,761,761,44669760,1412988,394,422,0
991,1.656,0.646,0.000,2.302,2.217,697965,1781607,0,811,761,761,44669760,1412988,394,422,0
992,1.497,0.642,0.000,2.139,2.392,697965,1781607,0,811,761,761,44669760,1412988,394,422,0
993,1.453,0.655,0.000,2.108,2.238,697965,1781607,0,811,761,761,44669760,1412988,394,422,0
994,1.526,0.680,0.000,2.206,2.206,697965,1781607,0,811,761,761,44669760,1412988,394,422,0
995,1.488,0.640,0.000,2.129,2.297,697965,1781607,0,811,761,761,44669760,1412988,394,422,0
996,1.534,0.664,0.000,2.197,2.219,697965,1781607,0,811,761,761,44669760,1412988,394,422,0
997,1.522,0.676,0.000,2.198,2.287,697965,1781607,0,811,761,761,44669760,1412988,394,422,0
998,1.498,0.657,0.000,2.155,2.295,697965,1781607,0,811,761,761,44669760,1412988,394,422,0
999,1.531,0.637,0.000,2.168,2.255,697965,1781607,0,811,761,761,44669760,1412988,394,422,0
1000,1.483,0.648,0.000,2.131,2.264,697965,1781607,0,811,761,761,44669760,1412988,394,422,0
1001,1.520,0.644,0.000,2.163,2.237,697965,1781607,0,811,761,761,44669760,1412988,394,422,0
1002,1.472,0.632,0.000,2.105,2.272,697965,1781607,0,811,761,761,44669760,1412988,394,422,0
1003,1.502,0.652,0.000,2.154,2.197,697965,1781607,0,811,761,761,44669760,1412988,394,422,0
1004,1.495,0.666,0.000,2.161,2.253,697965,1781607,0,811,761,761,44669760,1412988,394,422,0
1005,1.456,0.647,0.000,2.103,2.255,697965,1781607,0,811,761,761,44669760,1412988,394,422,0
1006,1.503,0.665,0.000,2.167,2.216,697965,1781607,0,811,761,761,44669760,1412988,394,422,0
1007,1.497,0.653,0.000,2.150,2.263,697965,1781607,0,811,761,761,44669760,1412988,394,422,0
1008,1.503,0.638,0.000,2.141,2.237,697965,1781607,0,811,761,761,44669760,1412988,394,422,0
1009,1.530,0.734,0.000,2.263,2.234,697965,1781607,0,811,761,761,44669760,1412988,394,422,0
1010,1.491,0.648,0.000,2.139,2.355,697965,1781607,0,811,761,761,44669760,1412988,394,422,0
1011,1.505,0.661,0.000,2.166,2.233,697965,1781607,0,811,761,761,44669760,1412988,394,422,0
1012,1.540,0.692,0.000,2.233,2.273,697965,1781607,0,811,761,761,44669760,1412988,394,422,0
1013,1.512,0.724,0.000,2.236,2.329,697965,1781607,0,811,761,761,44669760,1412988,394,422,0
1014,1.532,0.657,0.000,2.189,2.336,697965,1781607,0,811,761,761,44669760,1412988,394,422,0
1015,1.476,0.667,0.000,2.143,2.290,697965,1781607,0,811,761,761,44669760,1412988,394,422,0
1016,1.513,0.663,0.000,2.176,2.237,697965,1781607,0,811,761,761,44669760,1412988,394,422,0
1017,1.497,0.644,0.000,2.141,2.266,697965,1781607,0,811,761,761,44669760,1412988,394,422,0
1018,1.509,0.646,0.000,2.154,2.244,697965,1781607,0,811,761,761,44669760,1412988,394,422,0
1019,1.498,0.669,0.000,2.168,2.253,697965,1781607,0,811,761,761,44669760,1412988,394,422,0
1020,1.475,0.644,0.000,2.118,2.276,697965,1781607,0,811,761,761,44669760,1412988,394,422,0
1021,1.499,0.625,0.000,2.124,2.212,697965,1781607,0,811,761,761,44669760,1412988,394,422,0
1022,1.504,0.633,0.000,2.137,2.214,697965,1781607,0,811,761,761,44669760,1412988,394,422,0
1023,1.514,0.639,0.000,2.153,2.238,697965,1781607,0,811,761,761,44669760,1412988,394,422,0
1024,1.475,0.646,0.000,2.122,2.262,697965,1781607,0,811,761,761,44669760,1412988,394,422,0
1025,1.522,0.663,0.000,2.186,2.241,697965,1781607,0,811,761,761,44669760,1412988,394,422,0
1026,1.484,0.674,0.000,2.158,2.307,697965,1781607,0,811,761,761,44669760,1412988,394,422,0
1027,1.489,0.695,0.000,2.184,2.283,697965,1781607,0,811,761,761,44669760,1412988,394,422,0
1028,1.509,0.670,0.000,2.179,2.289,697965,1781607,0,811,761,761,44669760,1412988,394,422,0
1029,1.501,0.694,0.000,2.195,2.282,697965,1781607,0,811,761,761,44669760,1412988,394,422,0
1030,1.513,0.654,0.000,2.168,2.289,697965,1781607,0,811,761,761,44669760,1412988,394,422,0
1031,1.464,0.620,0.000,2.085,2.258,697965,1781607,0,811,761,761,44669760,1412988,394,422,0
1032,1.505,0.631,0.000,2.136,2.186,697965,1781607,0,811,761,761,44669760,1412988,394,422,0
1033,1.455,0.642,0.000,2.097,2.239,697965,1781607,0,811,761,761,44669760,1412988,394,422,0
1034,1.509,0.634,0.000,2.143,2.185,697965,1781607,0,811,761,761,44669760,1412988,394,422,0
1035,1.484,0.628,0.000,2.111,2.243,697965,1781607,0,811,761,761,44669760,1412988,394,422,0
1036,1.489,0.663,0.000,2.153,2.209,697965,1781607,0,811,761,761,44669760,1412988,394,422,0
1037,1.501,0.657,0.000,2.158,2.258,697965,1781607,0,811,761,761,44669760,1412988,394,422,0
1038,1.491,0.627,0.000,2.118,2.258,697965,1781607,0,811,761,761,44669760,1412988,394,422,0
1039,1.503,0.668,0.000,2.171,2.211,697965,1781607,0,811,761,761,44669760,1412988,394,422,0
1040,1.492,0.665,0.000,2.156,2.260,697965,1781607,0,811,761,761,44669760,1412988,394,422,0
1041,1.502,0.673,0.000,2.176,2.254,697965,1781607,0,811,761,761,44669760,1412988,394,422,0
1042,1.485,0.670,0.000,2.154,2.274,697965,1781607,0,811,761,761,44669760,1412988,394,422,0
1043,1.494,0.653,0.000,2.148,2.259,697965,1781607,0,811,761,761,44669760,1412988,394,422,0
1044,1.465,0.637,0.000,2.102,2.239,697965,1781607,0,811,761,761,44669760,1412988,394,422,0
1045,1.503,0.638,0.000,2.141,2.196,697965,1781607,0,811,761,761,44669760,1412988,394,422,0
1046,1.466,0.632,0.000,2.098,2.241,697965,1781607,0,811,761,761,44669760,1412988,394,422,0
1047,1.503,0.639,0.000,2.142,2.186,697965,1781607,0,811,761,761,44669760,1412988,394,422,0
1048,1.491,0.633,0.000,2.124,2.243,697965,1781607,0,811,761,761,44669760,1412988,394,422,0
1049,1.465,0.630,0.000,2.095,2.216,697965,1781607,0,811,761,761,44669760,1412988,394,422,0
1050,1.471,0.622,0.000,2.093,2.183,697965,1781607,0,811,761,761,44669760,1412988,394,422,0
1051,1.509,0.630,0.000,2.139,2.193,697965,1781607,0,811,761,761,44669760,1412988,394,422,0
1052,1.470,0.627,0.000,2.096,2.236,697965,1781607,0,811,761,761,44669760,1412988,394,422,0
1053,1.475,0.612,0.000,2.087,2.188,697965,1781607,0,811,761,761,44669760,1412988,394,422,0
1054,1.500,0.847,0.000,2.346,2.949,697965,1781607,0,811,761,761,44669760,1412988,394,422,0
1055,1.506,0.590,0.000,2.096,2.451,697965,1781607,0,811,761,761,44669760,1412988,394,422,0
1056,1.433,0.665,0.000,2.098,2.197,697965,1781607,0,811,761,761,44669760,1412988,394,422,0
1057,1.431,0.640,0.000,2.071,2.204,697965,1781607,0,811,761,761,44669760,1412988,394,422,0
1058,1.411,0.650,0.000,2.061,2.166,697965,1781607,0,811,761,761,44669760,1412988,394,422,0
1059,1.488,0.641,0.000,2.129,2.152,697965,1781607,0,811,761,761,44669760,1412988,394,422,0
1060,1.492,0.637,0.000,2.129,2.234,697965,1781607,0,811,761,761,44669760,1412988,394,422,0
1061,1.453,0.646,0.000,2.100,2.233,697965,1781607,0,811,761,761,44669760,1412988,394,422,0
1062,1.469,0.634,0.000,2.103,2.190,697965,1781607,0,811,761,761,44669760,1412988,394,422,0
1063,1.499,0.647,0.000,2.146,2.203,697965,1781607,0,811,761,761,44669760,1412988,394,422,0
1064,1.477,0.660,0.000,2.137,2.255,697965,1781607,0,811,761,761,44669760,1412988,394,422,0
1065,1.467,0.639,0.000,2.106,2.234,697965,1781607,0,811,761,761,44669760,1412988,394,422,0
1066,1.499,0.653,0.000,2.152,2.193,697965,1781607,0,811,761,761,44669760,1412988,394,422,0
1067,1.484,0.641,0.000,2.125,2.251,697965,1781607,0,811,761,761,44669760,1412988,394,422,0
1068,1.440,0.627,0.000,2.066,2.217,697965,1781607,0,811,761,761,44669760,1412988,394,422,0
1069,1.500,0.691,0.000,2.192,2.172,697965,1781607,0,811,761,761,44669760,1412988,394,422,0
1070,1.498,0.640,0.000,2.138,2.285,697965,1781607,0,811,761,761,44669760,1412988,394,422,0
1071,1.504,0.634,0.000,2.138,2.230,697965,1781607,0,811,761,761,44669760,1412988,394,422,0
1072,1.533,0.646,0.000,2.179,2.242,697965,1781607,0,811,761,761,44669760,1412988,394,422,0
1073,1.456,0.629,0.000,2.085,2.284,697965,1781607,0,811,761,761,44669760,1412988,394,422,0
1074,1.494,0.643,0.000,2.138,2.184,697965,1781607,0,811,761,761,44669760,1412988,394,422,0
1075,1.496,0.650,0.000,2.146,2.230,697965,1781607,0,811,761,761,44669760,1412988,394,422,0
1076,1.480,0.655,0.000,2.134,2.243,697965,1781607,0,811,761,761,44669760,1412988,394,422,0
1077,1.476,0.647,0.000,2.123,2.225,697965,1781607,0,811,761,761,44669760,1412988,394,422,0
1078,1.493,0.640,0.000,2.133,2.214,697965,1781607,0,811,761,761,44669760,1412988,394,422,0
1079,1.510,0.632,0.000,2.142,2.230,697965,1781607,0,811,761,761,44669760,1412988,394,422,0
1080,1.457,0.631,0.000,2.088,2.247,697965,1781607,0,811,761,761,44669760,1412988,394,422,0
1081,1.474,0.618,0.000,2.092,2.175,697965,1781607,0,811,761,761,44669760,1412988,394,422,0
1082,1.491,0.663,0.000,2.154,2.196,697965,1781607,0,811,761,761,44669760,1412988,394,422,0
1083,1.469,0.632,0.000,2.100,2.258,697965,1781607,0,811,761,761,44669760,1412988,394,422,0
1084,1.480,0.666,0.000,2.146,2.197,697965,1781607,0,811,761,761,44669760,1412988,394,422,0
1085,1.483,0.645,0.000,2.128,2.235,697965,1781607,0,811,761,761,44669760,1412988,394,422,0
1086,1.558,0.714,0.000,2.272,2.223,697965,1781607,0,811,761,761,44669760,1412988,394,422,0
1087,1.486,0.678,0.000,2.164,2.380,697965,1781607,0,811,761,761,44669760,1412988,394,422,0
1088,1.516,0.660,0.000,2.177,2.268,697965,1781607,0,811,761,761,44669760,1412988,394,422,0
1089,1.473,0.659,0.000,2.132,2.274,697965,1781607,0,811,761,761,44669760,1412988,394,422,0
1090,1.475,0.650,0.000,2.126,2.238,697965,1781607,0,811,761,761,44669760,1412988,394,422,0
1091,1.504,0.636,0.000,2.140,2.218,697965,1781607,0,811,761,761,44669760,1412988,394,422,0
1092,1.486,0.635,0.000,2.121,2.239,697965,1781607,0,811,761,761,44669760,1412988,394,422,0
1093,1.508,0.639,0.000,2.147,2.223,697965,1781607,0,811,761,761,44669760,1412988,394,422,0
1094,1.506,0.664,0.000,2.171,2.251,697965,1781607,0,811,761,761,44669760,1412988,394,422,0
1095,1.471,0.668,0.000,2.139,2.267,697965,1781607,0,811,761,761,44669760,1412988,394,422,0
1096,1.483,0.629,0.000,2.112,2.238,697965,1781607,0,811,761,761,44669760,1412988,394,422,0
1097,1.482,0.634,0.000,2.117,2.211,697965,1781607,0,811,761,761,44669760,1412988,394,422,0
1098,1.474,0.631,0.000,2.105,2.207,697965,1781607,0,811,761,761,44669760,1412988,394,422,0
1099,1.492,0.648,0.000,2.140,2.200,697965,1781607,0,811,761,761,44669760,1412988,394,422,0
1100,1.471,0.648,0.000,2.120,2.243,697965,1781607,0,811,761,761,44669760,1412988,394,422,0
1101,1.467,0.631,0.000,2.099,2.219,697965,1781607,0,811,761,761,44669760,1412988,394,422,0
1102,1.537,0.630,0.000,2.167,2.191,697965,1781607,0,811,761,761,44669760,1412988,394,422,0
1103,1.485,0.658,0.000,2.143,2.260,697965,1781607,0,811,761,761,44669760,1412988,394,422,0
1104,1.498,0.638,0.000,2.136,2.243,697965,1781607,0,811,761,761,44669760,1412988,394,422,0
1105,1.472,0.664,0.000,2.136,2.230,697965,1781607,0,811,761,761,44669760,1412988,394,422,0
1106,1.442,0.645,0.000,2.087,2.242,697965,1781607,0,811,761,761,44669760,1412988,394,422,0
1107,1.524,0.637,0.000,2.161,2.179,697965,1781607,0,811,761,761,44669760,1412988,394,422,0
1108,1.461,0.638,0.000,2.099,2.265,697965,1781607,0,811,761,761,44669760,1412988,394,422,0
1109,1.464,0.650,0.000,2.113,2.196,697965,1781607,0,811,761,761,44669760,1412988,394,422,0
1110,1.472,0.637,0.000,2.109,2.206,697965,1781607,0,811,761,761,44669760,1412988,394,422,0
1111,1.500,0.637,0.000,2.138,2.202,697965,1781607,0,811,761,761,44669760,1412988,394,422,0
1112,1.480,0.631,0.000,2.111,2.239,697965,1781607,0,811,761,761,44669760,1412988,394,422,0
1113,1.504,0.632,0.000,2.136,2.204,697965,1781607,0,811,761,761,44669760,1412988,394,422,0
1114,1.497,0.660,0.000,2.157,2.241,697965,1781607,0,811,761,761,44669760,1412988,394,422,0
1115,1.467,0.645,0.000,2.112,2.251,697965,1781607,0,811,761,761,44669760,1412988,394,422,0
1116,1.438,0.632,0.000,2.070,2.209,697965,1781607,0,811,761,761,44669760,1412988,394,422,0
1117,1.472,0.624,0.000,2.096,2.161,697965,1781607,0,811,761,761,44669760,1412988,394,422,0
1118,1.492,0.629,0.000,2.121,2.197,697965,1781607,0,811,761,761,44669760,1412988,394,422,0
1119,1.473,0.637,0.000,2.109,2.219,697965,1781607,0,811,761,761,44669760,1412988,394,422,0
1120,1.464,0.650,0.000,2.115,2.211,697965,1781607,0,811,761,761,44669760,1412988,394,422,0
1121,1.514,0.630,0.000,2.145,2.205,697965,1781607,0,811,761,761,44669760,1412988,394,422,0
1122,1.467,0.631,0.000,2.098,2.243,697965,1781607,0,811,761,761,44669760,1412988,394,422,0
1123,1.521,0.661,0.000,2.182,2.208,697965,1781607,0,811,761,761,44669760,1412988,394,422,0
1124,1.534,0.665,0.000,2.199,2.284,697965,1781607,0,811,761,761,44669760,1412988,394,422,0
1125,1.475,0.617,0.000,2.091,2.290,697965,1781607,0,811,761,761,44669760,1412988,394,422,0
1126,1.505,0.632,0.000,2.137,2.186,697965,1781607,0,811,761,761,44669760,1412988,394,422,0
1127,1.493,0.644,0.000,2.137,2.233,697965,1781607,0,811,761,761,44669760,1412988,394,422,0
1128,1.527,0.659,0.000,2.186,2.240,697965,1781607,0,811,761,761,44669760,1412988,394,422,0
1129,1.466,0.637,0.000,2.103,2.293,697965,1781607,0,811,761,761,44669760,1412988,394,422,0
1130,1.479,0.645,0.000,2.123,2.203,697965,1781607,0,811,761,761,44669760,1412988,394,422,0
1131,1.499,0.645,0.000,2.144,2.213,697965,1781607,0,811,761,761,44669760,1412988,394,422,0
1132,1.490,0.642,0.000,2.133,2.249,697965,1781607,0,811,761,761,44669760,1412988,394,422,0
1133,1.458,0.629,0.000,2.087,2.227,697965,1781607,0,811,761,761,44669760,1412988,394,422,0
1134,1.470,0.610,0.000,2.080,2.223,697965,1781607,0,811,761,761,44669760,1412988,394,422,0
1135,1.487,0.641,0.000,2.128,2.188,697965,1781607,0,811,761,761,44669760,1412988,394,422,0
1136,1.523,0.626,0.000,2.149,2.220,697965,1781607,0,811,761,761,44669760,1412988,394,422,0
1137,1.467,0.630,0.000,2.097,2.250,697965,1781607,0,811,761,761,44669760,1412988,394,422,0
1138,1.508,0.665,0.000,2.173,2.197,697965,1781607,0,811,761,761,44669760,1412988,394,422,0
1139,1.484,0.673,0.000,2.157,2.263,697965,1781607,0,811,761,761,44669760,1412988,394,422,0
1140,1.504,0.640,0.000,2.144,2.257,697965,1781607,0,811,761,761,44669760,1412988,394,422,0
1141,1.470,0.654,0.000,2.125,2.238,697965,1781607,0,811,761,761,44669760,1412988,394,422,0
1142,1.493,0.644,0.000,2.136,2.238,697965,1781607,0,811,761,761,44669760,1412988,394,422,0
1143,1.493,0.659,0.000,2.152,2.244,697965,1781607,0,811,761,761,44669760,1412988,394,422,0
1144,1.510,0.642,0.000,2.153,2.241,697965,1781607,0,811,761,761,44669760,1412988,394,422,0
1145,1.475,0.645,0.000,2.119,2.244,697965,1781607,0,811,761,761,44669760,1412988,394,422,0
1146,1.513,0.634,0.000,2.148,2.214,697965,1781607,0,811,761,761,44669760,1412988,394,422,0
1147,1.501,0.665,0.000,2.166,2.247,697965,1781607,0,811,761,761,44669760,1412988,394,422,0
1148,1.488,0.672,0.000,2.159,2.270,697965,1781607,0,811,761,761,44669760,1412988,394,422,0
1149,1.510,0.662,0.000,2.172,2.262,697965,1781607,0,811,761,761,44669760,1412988,394,422,0
1150,1.512,0.656,0.000,2.168,2.264,697965,1781607,0,811,761,761,44669760,1412988,394,422,0
1151,1.492,0.664,0.000,2.156,2.257,697965,1781607,0,811,761,761,44669760,1412988,394,422,0
1152,1.517,0.628,0.000,2.145,2.252,697965,1781607,0,811,761,761,44669760,1412988,394,422,0
1153,1.449,0.638,0.000,2.087,2.242,697965,1781607,0,811,761,761,44669760,1412988,394,422,0
1154,1.470,0.651,0.000,2.122,2.188,697965,1781607,0,811,761,761,44669760,1412988,394,422,0
1155,1.488,0.652,0.000,2.140,2.215,697965,1781607,0,811,761,761,44669760,1412988,394,422,0
1156,1.539,0.642,0.000,2.181,2.238,697965,1781607,0,811,761,761,44669760,1412988,394,422,0
1157,1.462,0.643,0.000,2.106,2.272,697965,1781607,0,811,761,761,44669760,1412988,394,422,0
1158,1.484,0.651,0.000,2.135,2.205,697965,1781607,0,811,761,761,44669760,1412988,394,422,0
1159,1.468,0.637,0.000,2.105,2.225,697965,1781607,0,811,761,761,44669760,1412988,394,422,0
1160,1.486,0.630,0.000,2.116,2.202,697965,1781607,0,811,761,761,44669760,1412988,394,422,0
1161,1.444,0.651,0.000,2.095,2.220,697965,1781607,0,811,761,761,44669760,1412988,394,422,0
1162,1.478,0.658,0.000,2.136,2.185,697965,1781607,0,811,761,761,44669760,1412988,394,422,0
1163,1.510,0.654,0.000,2.164,2.228,697965,1781607,0,811,761,761,44669760,1412988,394,422,0
1164,1.515,0.625,0.000,2.141,2.263,697965,1781607,0,811,761,761,44669760,1412988,394,422,0
1165,1.488,0.643,0.000,2.131,2.241,697965,1781607,0,811,761,761,44669760,1412988,394,422,0
1166,1.497,0.680,0.000,2.177,2.231,697965,1781607,0,811,761,761,44669760,1412988,394,422,0
1167,1.532,0.653,0.000,2.185,2.282,697965,1781607,0,811,761,761,44669760,1412988,394,422,0
1168,1.503,0.659,0.000,2.162,2.290,697965,1781607,0,811,761,761,44669760,1412988,394,422,0
1169,1.511,0.654,0.000,2.165,2.249,697965,1781607,0,811,761,761,44669760,1412988,394,422,0
1170,1.533,0.641,0.000,2.174,2.263,697965,1781607,0,811,761,761,44669760,1412988,394,422,0
1171,1.488,0.642,0.000,2.131,2.272,697965,1781607,0,811,761,761,44669760,1412988,394,422,0
1172,1.470,0.653,0.000,2.123,2.230,697965,1781607,0,811,761,761,44669760,1412988,394,422,0
1173,1.479,0.616,0.000,2.096,2.213,697965,1781607,0,811,761,761,44669760,1412988,394,422,0
1174,1.512,0.640,0.000,2.152,2.189,697965,1781607,0,811,761,761,44669760,1412988,394,422,0
1175,1.475,0.631,0.000,2.106,2.242,697965,1781607,0,811,761,761,44669760,1412988,394,422,0
1176,1.457,0.625,0.000,2.083,2.202,697965,1781607,0,811,761,761,44669760,1412988,394,422,0
1177,1.443,0.624,0.000,2.067,2.176,697965,1781607,0,811,761,761,44669760,1412988,394,422,0
1178,1.546,0.624,0.000,2.171,2.159,697965,1781607,0,811,761,761,44669760,1412988,394,422,0
1179,1.408,0.628,0.000,2.036,2.270,697965,1781607,0,811,761,761,44669760,1412988,394,422,0
1180,1.473,0.629,0.000,2.102,2.130,697965,1781607,0,811,761,761,44669760,1412988,394,422,0
1181,1.484,0.627,0.000,2.110,2.198,697965,1781607,0,811,761,761,44669760,1412988,394,422,0
1182,1.517,0.634,0.000,2.150,2.200,697965,1781607,0,811,761,761,44669760,1412988,394,422,0
1183,1.500,0.647,0.000,2.147,2.248,697965,1781607,0,811,761,761,44669760,1412988,394,422,0
1184,1.489,0.657,0.000,2.146,2.245,697965,1781607,0,811,761,761,44669760,1412988,394,422,0
1185,1.459,0.642,0.000,2.101,2.248,697965,1781607,0,811,761,761,44669760,1412988,394,422,0
1186,1.479,0.642,0.000,2.121,2.188,697965,1781607,0,811,761,761,44669760,1412988,394,422,0
1187,1.504,0.646,0.000,2.151,2.213,697965,1781607,0,811,761,761,44669760,1412988,394,422,0
1188,1.502,0.632,0.000,2.134,2.244,697965,1781607,0,811,761,761,44669760,1412988,394,422,0
1189,1.482,0.664,0.000,2.147,2.231,697965,1781607,0,811,761,761,44669760,1412988,394,422,0
1190,1.452,0.637,0.000,2.089,2.251,697965,1781607,0,811,761,761,44669760,1412988,394,422,0
1191,1.484,0.614,0.000,2.097,2.176,697965,1781607,0,811,761,761,44669760,1412988,394,422,0
1192,1.509,0.630,0.000,2.139,2.200,697965,1781607,0,811,761,761,44669760,1412988,394,422,0
1193,1.488,0.650,0.000,2.139,2.241,697965,1781607,0,811,761,761,44669760,1412988,394,422,0
1194,1.527,0.659,0.000,2.186,2.239,697965,1781607,0,811,761,761,44669760,1412988,394,422,0
1195,1.522,0.684,0.000,2.206,2.299,697965,1781607,0,811,761,761,44669760,1412988,394,422,0
1196,1.505,0.674,0.000,2.179,2.316,697965,1781607,0,811,761,761,44669760,1412988,394,422,0
1197,1.479,0.656,0.000,2.135,2.289,697965,1781607,0,811,761,761,44669760,1412988,394,422,0
1198,1.492,0.679,0.000,2.170,2.231,697965,1781607,0,811,761,761,44669760,1412988,394,422,0
1199,1.497,0.646,0.000,2.142,2.272,697965,1781607,0,811,761,761,44669760,1412988,394,422,0
1200,1.513,0.660,0.000,2.173,2.257,697965,1781607,0,811,761,761,44669760,1412988,394,422,0
