frame,update_ms,render_ms,swap_ms,frame_ms,loop_ms,total_vertices,visible_vertices,culled_vertices,total_batches,visible_batches,draw_calls,vbo_bytes,index_bytes,texture_binds,material_changes,reflection_passes
1,1.480,0.662,0.000,2.142,2.142,697965,1781607,0,811,761,761,44669760,1412988,394,422,0
2,1.513,0.645,0.000,2.159,2.330,697965,1781607,0,811,761,761,44669760,1412988,394,422,0
3,1.476,0.669,0.000,2.144,2.294,697965,1781607,0,811,761,761,44669760,1412988,394,422,0
4,1.478,0.657,0.000,2.135,2.272,697965,1781607,0,811,761,761,44669760,1412988,394,422,0
5,1.485,0.649,0.000,2.133,2.259,697965,1781607,0,811,761,761,44669760,1412988,394,422,0
6,1.462,0.667,0.000,2.129,2.259,697965,1781607,0,811,761,761,44669760,1412988,394,422,0
7,1.452,0.670,0.000,2.122,2.255,697965,1781607,0,811,761,761,44669760,1412988,394,422,0
8,1.463,0.643,0.000,2.106,2.244,697965,1781607,0,811,761,761,44669760,1412988,394,422,0
9,1.459,0.674,0.000,2.133,2.228,697965,1781607,0,811,761,761,44669760,1412988,394,422,0
10,1.471,0.644,0.000,2.115,2.259,697965,1781607,0,811,761,761,44669760,1412988,394,422,0
11,1.465,0.653,0.000,2.118,2.238,697965,1781607,0,811,761,761,44669760,1412988,394,422,0
12,1.468,0.670,0.000,2.138,2.240,697965,1781607,0,811,761,761,44669760,1412988,394,422,0
13,1.457,0.662,0.000,2.119,2.259,697965,1781607,0,811,761,761,44669760,1412988,394,422,0
14,1.493,0.660,0.000,2.154,2.241,697965,1781607,0,811,761,761,44669760,1412988,394,422,0
15,1.499,0.651,0.000,2.150,2.280,697965,1781607,0,811,761,761,44669760,1412988,394,422,0
16,1.482,0.651,0.000,2.134,2.273,697965,1781607,0,811,761,761,44669760,1412988,394,422,0
17,1.481,0.651,0.000,2.132,2.257,697965,1781607,0,811,761,761,44669760,1412988,394,422,0
18,1.442,0.670,0.000,2.112,2.257,697965,1781607,0,811,761,761,44669760,1412988,394,422,0
19,1.476,0.649,0.000,2.124,2.235,697965,1781607,0,811,761,761,44669760,1412988,394,422,0
20,1.469,0.671,0.000,2.140,2.245,697965,1781607,0,811,761,761,44669760,1412988,394,422,0
21,1.484,0.666,0.000,2.150,2.263,697965,1781607,0,811,761,761,44669760,1412988,394,422,0
22,1.500,0.658,0.000,2.157,2.273,697965,1781607,0,811,761,761,44669760,1412988,394,422,0
23,1.451,0.659,0.000,2.110,2.279,697965,1781607,0,811,761,761,44669760,1412988,394,422,0
24,1.455,0.631,0.000,2.085,2.232,697965,1781607,0,811,761,761,44669760,1412988,394,422,0
25,1.484,0.672,0.000,2.156,2.209,697965,1781607,0,811,761,761,44669760,1412988,394,422,0
26,1.459,0.668,0.000,2.127,2.278,697965,1781607,0,811,761,761,44669760,1412988,394,422,0
27,1.449,0.678,0.000,2.127,2.252,697965,1781607,0,811,761,761,44669760,1412988,394,422,0
28,1.472,0.666,0.000,2.138,2.249,697965,1781607,0,811,761,761,44669760,1412988,394,422,0
29,1.470,0.669,0.000,2.138,2.259,697965,1781607,0,811,761,761,44669760,1412988,394,422,0
30,1.438,0.698,0.000,2.136,2.261,697965,1781607,0,811,761,761,44669760,1412988,394,422,0
31,1.532,0.706,0.000,2.238,2.277,697965,1781607,0,811,761,761,44669760,1412988,394,422,0
32,1.491,0.663,0.000,2.154,2.362,697965,1781607,0,811,761,761,44669760,1412988,394,422,0
33,1.483,0.644,0.000,2.127,2.279,697965,1781607,0,811,761,761,44669760,1412988,394,422,0
34,1.448,0.681,0.000,2.129,2.251,697965,1781607,0,811,761,761,44669760,1412988,394,422,0
35,1.442,0.655,0.000,2.097,2.250,697965,1781607,0,811,761,761,44669760,1412988,394,422,0
36,1.467,0.658,0.000,2.125,2.220,697965,1781607,0,811,761,761,44669760,1412988,394,422,0
37,1.448,0.680,0.000,2.128,2.248,697965,1781607,0,811,761,761,44669760,1412988,394,422,0
38,1.456,0.682,0.000,2.138,2.248,697965,1781607,0,811,761,761,44669760,1412988,394,422,0
39,1.443,0.681,0.000,2.124,2.260,697965,1781607,0,811,761,761,44669760,1412988,394,422,0
40,1.451,0.658,0.000,2.110,2.246,697965,1781607,0,811,761,761,44669760,1412988,394,422,0
41,1.461,0.670,0.000,2.131,2.233,697965,1781607,0,811,761,761,44669760,1412988,394,422,0
42,1.453,0.677,0.000,2.129,2.254,697965,1781607,0,811,761,761,44669760,1412988,394,422,0
43,1.449,0.679,0.000,2.128,2.252,697965,1781607,0,811,761,761,44669760,1412988,394,422,0
44,1.486,0.663,0.000,2.149,2.249,697965,1781607,0,811,761,761,44669760,1412988,394,422,0
45,1.486,0.674,0.000,2.160,2.280,697965,1781607,0,811,761,761,44669760,1412988,394,422,0
46,1.457,0.676,0.000,2.133,2.256,697965,1781607,0,811,761,761,44669760,1412988,394,422,0
47,1.465,0.673,0.000,2.138,2.230,697965,1781607,0,811,761,761,44669760,1412988,394,422,0
48,1.451,0.653,0.000,2.104,2.232,697965,1781607,0,811,761,761,44669760,1412988,394,422,0
49,1.463,0.657,0.000,2.120,2.200,697965,1781607,0,811,761,761,44669760,1412988,394,422,0
50,1.462,0.655,0.000,2.118,2.217,697965,1781607,0,811,761,761,44669760,1412988,394,422,0
51,1.431,0.661,0.000,2.092,2.214,697965,1781607,0,811,761,761,44669760,1412988,394,422,0
52,1.458,0.670,0.000,2.129,2.186,697965,1781607,0,811,761,761,44669760,1412988,394,422,0
53,1.446,0.654,0.000,2.101,2.225,697965,1781607,0,811,761,761,44669760,1412988,394,422,0
54,1.459,0.667,0.000,2.126,2.197,697965,1781607,0,811,761,761,44669760,1412988,394,422,0
55,1.435,0.659,0.000,2.095,2.221,697965,1781607,0,811,761,761,44669760,1412988,394,422,0
56,1.468,0.643,0.000,2.111,2.192,697965,1781607,0,811,761,761,44669760,1412988,394,422,0
57,1.453,0.656,0.000,2.109,2.209,697965,1781607,0,811,761,761,44669760,1412988,394,422,0
58,1.464,0.679,0.000,2.143,2.204,697965,1781607,0,811,761,761,44669760,1412988,394,422,0
59,1.465,0.646,0.000,2.112,2.239,697965,1781607,0,811,761,761,44669760,1412988,394,422,0
60,1.501,0.661,0.000,2.162,2.205,697965,1781607,0,811,761,761,44669760,1412988,394,422,0
61,1.483,0.681,0.000,2.164,2.259,697965,1781607,0,811,761,761,44669760,1412988,394,422,0
62,1.457,0.661,0.000,2.118,2.259,697965,1781607,0,811,761,761,44669760,1412988,394,422,0
63,1.444,0.665,0.000,2.109,2.214,697965,1781607,0,811,761,761,44669760,1412988,394,422,0
64,1.450,0.674,0.000,2.124,2.205,697965,1781607,0,811,761,761,44669760,1412988,394,422,0
65,1.411,0.629,0.000,2.041,2.221,697965,1781607,0,811,761,761,44669760,1412988,394,422,0
66,1.445,0.676,0.000,2.121,2.139,697965,1781607,0,811,761,761,44669760,1412988,394,422,0
67,1.456,0.671,0.000,2.127,2.217,697965,1781607,0,811,761,761,44669760,1412988,394,422,0
68,1.442,0.693,0.000,2.135,2.222,697965,1781607,0,811,761,761,44669760,1412988,394,422,0
69,1.449,0.666,0.000,2.115,2.232,697965,1781607,0,811,761,761,44669760,1412988,394,422,0
70,1.460,0.668,0.000,2.128,2.211,697965,1781607,0,811,761,761,44669760,1412988,394,422,0
71,1.461,0.667,0.000,2.128,2.224,697965,1781607,0,811,761,761,44669760,1412988,394,422,0
72,1.456,0.673,0.000,2.129,2.222,697965,1781607,0,811,761,761,44669760,1412988,394,422,0
73,1.436,0.669,0.000,2.105,2.225,697965,1781607,0,811,761,761,44669760,1412988,394,422,0
74,1.465,0.638,0.000,2.103,2.201,697965,1781607,0,811,761,761,44669760,1412988,394,422,0
75,1.482,0.665,0.000,2.147,2.200,697965,1781607,0,811,761,761,44669760,1412988,394,422,0
76,1.465,0.680,0.000,2.145,2.244,697965,1781607,0,811,761,761,44669760,1412988,394,422,0
77,1.453,0.667,0.000,2.121,2.241,697965,1781607,0,811,761,761,44669760,1412988,394,422,0
78,1.448,0.652,0.000,2.100,2.216,697965,1781607,0,811,761,761,44669760,1412988,394,422,0
79,1.479,0.678,0.000,2.157,2.195,697965,1781607,0,811,761,761,44669760,1412988,394,422,0
80,1.449,0.665,0.000,2.114,2.252,697965,1781607,0,811,761,761,44669760,1412988,394,422,0
81,1.453,0.684,0.000,2.137,2.210,697965,1781607,0,811,761,761,44669760,1412988,394,422,0
82,1.460,0.644,0.000,2.104,2.233,697965,1781607,0,811,761,761,44669760,1412988,394,422,0
83,1.457,0.680,0.000,2.138,2.198,697965,1781607,0,811,761,761,44669760,1412988,394,422,0
84,1.473,0.664,0.000,2.137,2.235,697965,1781607,0,811,761,761,44669760,1412988,394,422,0
85,1.482,0.678,0.000,2.160,2.230,697965,1781607,0,811,761,761,44669760,1412988,394,422,0
86,1.454,0.676,0.000,2.130,2.253,697965,1781607,0,811,761,761,44669760,1412988,394,422,0
87,1.435,0.697,0.000,2.132,2.225,697965,1781607,0,811,761,761,44669760,1412988,394,422,0
88,1.463,0.673,0.000,2.136,2.228,697965,1781607,0,811,761,761,44669760,1412988,394,422,0
89,1.436,0.643,0.000,2.079,2.232,697965,1781607,0,811,761,761,44669760,1412988,394,422,0
90,1.464,0.673,0.000,2.138,2.174,697965,1781607,0,811,761,761,44669760,1412988,394,422,0
91,1.437,0.675,0.000,2.112,2.254,697965,1781607,0,811,761,761,44669760,1412988,394,422,0
92,1.443,0.672,0.000,2.115,2.208,697965,1781607,0,811,761,761,44669760,1412988,394,422,0
93,1.491,0.665,0.000,2.157,2.211,697965,1781607,0,811,761,761,44669760,1412988,394,422,0
94,1.461,0.683,0.000,2.144,2.251,697965,1781607,0,811,761,761,44669760,1412988,394,422,0
95,1.437,0.654,0.000,2.091,2.241,697965,1781607,0,811,761,761,44669760,1412988,394,422,0
96,1.476,0.651,0.000,2.127,2.185,697965,1781607,0,811,761,761,44669760,1412988,394,422,0
97,1.423,0.668,0.000,2.091,2.222,697965,1781607,0,811,761,761,44669760,1412988,394,422,0
98,1.467,0.663,0.000,2.130,2.188,697965,1781607,0,811,761,761,44669760,1412988,394,422,0
99,1.459,0.683,0.000,2.142,2.227,697965,1781607,0,811,761,761,44669760,1412988,394,422,0
100,1.464,0.672,0.000,2.137,2.236,697965,1781607,0,811,761,761,44669760,1412988,394,422,0
101,1.462,0.681,0.000,2.143,2.231,697965,1781607,0,811,761,761,44669760,1412988,394,422,0
102,1.502,0.683,0.000,2.186,2.254,697965,1781607,0,811,761,761,44669760,1412988,394,422,0
103,1.477,0.687,0.000,2.164,2.286,697965,1781607,0,811,761,761,44669760,1412988,394,422,0
104,1.510,0.665,0.000,2.176,2.260,697965,1781607,0,811,761,761,44669760,1412988,394,422,0
105,1.457,0.688,0.000,2.144,2.274,697965,1781607,0,811,761,761,44669760,1412988,394,422,0
106,1.526,0.694,0.000,2.220,2.241,697965,1781607,0,811,761,761,44669760,1412988,394,422,0
107,1.505,0.666,0.000,2.172,2.319,697965,1781607,0,811,761,761,44669760,1412988,394,422,0
108,1.462,0.641,0.000,2.103,2.268,697965,1781607,0,811,761,761,44669760,1412988,394,422,0
109,1.447,0.668,0.000,2.115,2.197,697965,1781607,0,811,761,761,44669760,1412988,394,422,0
110,1.497,0.655,0.000,2.152,2.209,697965,1781607,0,811,761,761,44669760,1412988,394,422,0
111,1.462,0.676,0.000,2.138,2.249,697965,1781607,0,811,761,761,44669760,1412988,394,422,0
112,1.451,0.652,0.000,2.103,2.236,697965,1781607,0,811,761,761,44669760,1412988,394,422,0
113,1.443,0.686,0.000,2.129,2.198,697965,1781607,0,811,761,761,44669760,1412988,394,422,0
114,1.443,0.669,0.000,2.112,2.227,697965,1781607,0,811,761,761,44669760,1412988,394,422,0
115,1.487,0.629,0.000,2.116,2.208,697965,1781607,0,811,761,761,44669760,1412988,394,422,0
116,1.494,0.650,0.000,2.143,2.213,697965,1781607,0,811,761,761,44669760,1412988,394,422,0
117,1.457,0.667,0.000,2.124,2.240,697965,1781607,0,811,761,761,44669760,1412988,394,422,0
118,1.456,0.669,0.000,2.124,2.219,697965,1781607,0,811,761,761,44669760,1412988,394,422,0
119,1.456,0.651,0.000,2.107,2.221,697965,1781607,0,811,761,761,44669760,1412988,394,422,0
120,1.483,0.660,0.000,2.143,2.202,697965,1781607,0,811,761,761,44669760,1412988,394,422,0
121,1.446,0.661,0.000,2.107,2.237,697965,1781607,0,811,761,761,44669760,1412988,394,422,0
122,1.507,0.667,0.000,2.174,2.202,697965,1781607,0,811,761,761,44669760,1412988,394,422,0
123,1.484,0.665,0.000,2.149,2.278,697965,1781607,0,811,761,761,44669760,1412988,394,422,0
124,1.463,0.693,0.000,2.156,2.242,697965,1781607,0,811,761,761,44669760,1412988,394,422,0
125,1.477,0.677,0.000,2.154,2.252,697965,1781607,0,811,761,761,44669760,1412988,394,422,0
126,1.494,0.674,0.000,2.168,2.248,697965,1781607,0,811,761,761,44669760,1412988,394,422,0
127,1.474,0.659,0.000,2.133,2.262,697965,1781607,0,811,761,761,44669760,1412988,394,422,0
128,1.454,0.644,0.000,2.098,2.228,697965,1781607,0,811,761,761,44669760,1412988,394,422,0
129,1.366,0.624,0.000,1.990,2.195,697965,1781607,0,811,761,761,44669760,1412988,394,422,0
130,1.418,0.641,0.000,2.059,2.096,697965,1781607,0,811,761,761,44669760,1412988,394,422,0
131,1.458,0.661,0.000,2.119,2.157,697965,1781607,0,811,761,761,44669760,1412988,394,422,0
132,1.453,0.663,0.000,2.117,2.214,697965,1781607,0,811,761,761,44669760,1412988,394,422,0
133,1.435,0.665,0.000,2.100,2.214,697965,1781607,0,811,761,761,44669760,1412988,394,422,0
134,1.511,0.648,0.000,2.160,2.195,697965,1781607,0,811,761,761,44669760,1412988,394,422,0
135,1.486,0.682,0.000,2.168,2.255,697965,1781607,0,811,761,761,44669760,1412988,394,422,0
136,1.485,0.652,0.000,2.136,2.263,697965,1781607,0,811,761,761,44669760,1412988,394,422,0
137,1.450,0.673,0.000,2.123,2.243,697965,1781607,0,811,761,761,44669760,1412988,394,422,0
138,1.456,0.680,0.000,2.136,2.216,697965,1781607,0,811,761,761,44669760,1412988,394,422,0
139,1.442,0.679,0.000,2.121,2.231,697965,1781607,0,811,761,761,44669760,1412988,394,422,0
140,1.449,0.656,0.000,2.105,2.216,697965,1781607,0,811,761,761,44669760,1412988,394,422,0
141,1.430,0.675,0.000,2.106,2.204,697965,1781607,0,811,761,761,44669760,1412988,394,422,0
142,1.487,0.660,0.000,2.147,2.201,697965,1781607,0,811,761,761,44669760,1412988,394,422,0
143,1.468,0.655,0.000,2.123,2.241,697965,1781607,0,811,761,761,44669760,1412988,394,422,0
144,1.462,0.644,0.000,2.106,2.220,697965,1781607,0,811,761,761,44669760,1412988,394,422,0
145,1.465,0.655,0.000,2.119,2.203,697965,1781607,0,811,761,761,44669760,1412988,394,422,0
146,1.433,0.686,0.000,2.119,2.212,697965,1781607,0,811,761,761,44669760,1412988,394,422,0
147,1.472,0.676,0.000,2.148,2.216,697965,1781607,0,811,761,761,44669760,1412988,394,422,0
148,1.449,0.650,0.000,2.099,2.246,697965,1781607,0,811,761,761,44669760,1412988,394,422,0
149,1.507,0.653,0.000,2.161,2.194,697965,1781607,0,811,761,761,44669760,1412988,394,422,0
150,1.459,0.678,0.000,2.137,2.256,697965,1781607,0,811,761,761,44669760,1412988,394,422,0
151,1.481,0.668,0.000,2.149,2.232,697965,1781607,0,811,761,761,44669760,1412988,394,422,0
152,1.507,0.673,0.000,2.181,2.243,697965,1781607,0,811,761,761,44669760,1412988,394,422,0
153,1.451,0.660,0.000,2.111,2.278,697965,1781607,0,811,761,761,44669760,1412988,394,422,0
154,1.467,0.675,0.000,2.142,2.207,697965,1781607,0,811,761,761,44669760,1412988,394,422,0
155,1.468,0.654,0.000,2.122,2.235,697965,1781607,0,811,761,761,44669760,1412988,394,422,0
156,1.452,0.660,0.000,2.112,2.220,697965,1781607,0,811,761,761,44669760,1412988,394,422,0
157,1.477,0.675,0.000,2.152,2.206,697965,1781607,0,811,761,761,44669760,1412988,394,422,0
158,1.459,0.658,0.000,2.117,2.250,697965,1781607,0,811,761,761,44669760,1412988,394,422,0
159,1.464,0.666,0.000,2.130,2.212,697965,1781607,0,811,761,761,44669760,1412988,394,422,0
160,1.471,0.678,0.000,2.149,2.226,697965,1781607,0,811,761,761,44669760,1412988,394,422,0
161,1.473,0.682,0.000,2.154,2.244,697965,1781607,0,811,761,761,44669760,1412988,394,422,0
162,1.454,0.666,0.000,2.121,2.249,697965,1781607,0,811,761,761,44669760,1412988,394,422,0
163,1.444,0.651,0.000,2.095,2.215,697965,1781607,0,811,761,761,44669760,1412988,394,422,0
164,1.467,0.664,0.000,2.131,2.191,697965,1781607,0,811,761,761,44669760,1412988,394,422,0
165,1.462,0.665,0.000,2.127,2.226,697965,1781607,0,811,761,761,44669760,1412988,394,422,0
166,1.463,0.679,0.000,2.141,2.221,697965,1781607,0,811,761,761,44669760,1412988,394,422,0
167,1.472,0.659,0.000,2.131,2.238,697965,1781607,0,811,761,761,44669760,1412988,394,422,0
168,1.461,0.653,0.000,2.113,2.225,697965,1781607,0,811,761,761,44669760,1412988,394,422,0
169,1.452,0.688,0.000,2.140,2.207,697965,1781607,0,811,761,761,44669760,1412988,394,422,0
170,1.457,0.678,0.000,2.134,2.236,697965,1781607,0,811,761,761,44669760,1412988,394,422,0
171,1.468,0.652,0.000,2.120,2.230,697965,1781607,0,811,761,761,44669760,1412988,394,422,0
172,1.465,0.683,0.000,2.148,2.216,697965,1781607,0,811,761,761,44669760,1412988,394,422,0
173,1.458,0.683,0.000,2.141,2.243,697965,1781607,0,811,761,761,44669760,1412988,394,422,0
174,1.464,0.647,0.000,2.111,2.237,697965,1781607,0,811,761,761,44669760,1412988,394,422,0
175,1.463,0.649,0.000,2.112,2.209,697965,1781607,0,811,761,761,44669760,1412988,394,422,0
176,1.451,0.697,0.000,2.148,2.206,697965,1781607,0,811,761,761,44669760,1412988,394,422,0
177,1.467,0.674,0.000,2.141,2.244,697965,1781607,0,811,761,761,44669760,1412988,394,422,0
178,1.488,0.661,0.000,2.149,2.238,697965,1781607,0,811,761,761,44669760,1412988,394,422,0
179,1.445,0.648,0.000,2.092,2.245,697965,1781607,0,811,761,761,44669760,1412988,394,422,0
180,1.476,0.661,0.000,2.137,2.187,697965,1781607,0,811,761,761,44669760,1412988,394,422,0
181,1.462,0.676,0.000,2.138,2.232,697965,1781607,0,811,761,761,44669760,1412988,394,422,0
182,1.450,0.674,0.000,2.124,2.256,697965,1781607,0,811,761,761,44669760,1412988,394,422,0
183,1.467,0.679,0.000,2.146,2.218,697965,1781607,0,811,761,761,44669760,1412988,394,422,0
184,1.469,0.673,0.000,2.142,2.240,697965,1781607,0,811,761,761,44669760,1412988,394,422,0
185,1.441,0.691,0.000,2.131,2.235,697965,1781607,0,811,761,761,44669760,1412988,394,422,0
186,1.459,0.665,0.000,2.124,2.226,697965,1781607,0,811,761,761,44669760,1412988,394,422,0
187,1.455,0.673,0.000,2.128,2.217,697965,1781607,0,811,761,761,44669760,1412988,394,422,0
188,1.464,0.677,0.000,2.140,2.222,697965,1781607,0,811,761,761,44669760,1412988,394,422,0
189,1.458,0.650,0.000,2.108,2.236,697965,1781607,0,811,761,761,44669760,1412988,394,422,0
190,1.452,0.674,0.000,2.126,2.202,697965,1781607,0,811,761,761,44669760,1412988,394,422,0
191,1.469,0.684,0.000,2.153,2.219,697965,1781607,0,811,761,761,44669760,1412988,394,422,0
192,1.464,0.660,0.000,2.124,2.247,697965,1781607,0,811,761,761,44669760,1412988,394,422,0
193,1.474,0.680,0.000,2.154,2.218,697965,1781607,0,811,761,761,44669760,1412988,394,422,0
194,1.450,0.640,0.000,2.090,2.249,697965,1781607,0,811,761,761,44669760,1412988,394,422,0
195,1.462,0.662,0.000,2.124,2.185,697965,1781607,0,811,761,761,44669760,1412988,394,422,0
196,1.475,0.670,0.000,2.145,2.216,697965,1781607,0,811,761,761,44669760,1412988,394,422,0
197,1.447,0.650,0.000,2.097,2.239,697965,1781607,0,811,761,761,44669760,1412988,394,422,0
198,1.446,0.680,0.000,2.126,2.190,697965,1781607,0,811,761,761,44669760,1412988,394,422,0
199,1.452,0.664,0.000,2.116,2.220,697965,1781607,0,811,761,761,44669760,1412988,394,422,0
200,1.461,0.639,0.000,2.101,2.210,697965,1781607,0,811,761,761,44669760,1412988,394,422,0
201,1.473,0.680,0.000,2.153,2.194,697965,1781607,0,811,761,761,44669760,1412988,394,422,0
202,1.447,0.660,0.000,2.106,2.246,697965,1781607,0,811,761,761,44669760,1412988,394,422,0
203,1.441,0.681,0.000,2.122,2.202,697965,1781607,0,811,761,761,44669760,1412988,394,422,0
204,1.454,0.667,0.000,2.121,2.215,697965,1781607,0,811,761,761,44669760,1412988,394,422,0
205,1.475,0.663,0.000,2.139,2.213,697965,1781607,0,811,761,761,44669760,1412988,394,422,0
206,1.471,0.677,0.000,2.149,2.232,697965,1781607,0,811,761,761,44669760,1412988,394,422,0
207,1.435,0.682,0.000,2.117,2.242,697965,1781607,0,811,761,761,44669760,1412988,394,422,0
208,1.451,0.667,0.000,2.118,2.209,697965,1781607,0,811,761,761,44669760,1412988,394,422,0
209,1.465,0.690,0.000,2.155,2.212,697965,1781607,0,811,761,761,44669760,1412988,394,422,0
210,1.469,0.652,0.000,2.120,2.247,697965,1781607,0,811,761,761,44669760,1412988,394,422,0
211,1.453,0.683,0.000,2.136,2.213,697965,1781607,0,811,761,761,44669760,1412988,394,422,0
212,1.425,0.681,0.000,2.106,2.230,697965,1781607,0,811,761,761,44669760,1412988,394,422,0
213,1.440,0.680,0.000,2.120,2.199,697965,1781607,0,811,761,761,44669760,1412988,394,422,0
214,1.470,0.663,0.000,2.133,2.214,697965,1781607,0,811,761,761,44669760,1412988,394,422,0
215,1.478,0.685,0.000,2.163,2.226,697965,1781607,0,811,761,761,44669760,1412988,394,422,0
216,1.455,0.668,0.000,2.123,2.256,697965,1781607,0,811,761,761,44669760,1412988,394,422,0
217,1.461,0.672,0.000,2.132,2.217,697965,1781607,0,811,761,761,44669760,1412988,394,422,0
218,1.454,0.683,0.000,2.137,2.225,697965,1781607,0,811,761,761,44669760,1412988,394,422,0
219,1.448,0.666,0.000,2.113,2.230,697965,1781607,0,811,761,761,44669760,1412988,394,422,0
220,1.461,0.641,0.000,2.102,2.208,697965,1781607,0,811,761,761,44669760,1412988,394,422,0
221,1.443,0.662,0.000,2.105,2.195,697965,1781607,0,811,761,761,44669760,1412988,394,422,0
222,1.451,0.683,0.000,2.134,2.199,697965,1781607,0,811,761,761,44669760,1412988,394,422,0
223,1.465,0.672,0.000,2.137,2.227,697965,1781607,0,811,761,761,44669760,1412988,394,422,0
224,1.482,0.787,0.000,2.269,2.227,697965,1781607,0,811,761,761,44669760,1412988,394,422,0
225,1.521,0.707,0.000,2.228,2.367,697965,1781607,0,811,761,761,44669760,1412988,394,422,0
226,1.470,0.686,0.000,2.156,2.326,697965,1781607,0,811,761,761,44669760,1412988,394,422,0
227,1.477,0.702,0.000,2.180,2.253,697965,1781607,0,811,761,761,44669760,1412988,394,422,0
228,1.428,0.636,0.000,2.064,2.297,697965,1781607,0,811,761,761,44669760,1412988,394,422,0
229,1.453,0.661,0.000,2.114,2.160,697965,1781607,0,811,761,761,44669760,1412988,394,422,0
230,1.474,0.689,0.000,2.163,2.210,697965,1781607,0,811,761,761,44669760,1412988,394,422,0
231,1.484,0.661,0.000,2.144,2.262,697965,1781607,0,811,761,761,44669760,1412988,394,422,0
232,1.482,0.667,0.000,2.148,2.238,697965,1781607,0,811,761,761,44669760,1412988,394,422,0
233,1.462,0.735,0.000,2.197,2.243,697965,1781607,0,811,761,761,44669760,1412988,394,422,0
234,1.500,0.664,0.000,2.164,2.290,697965,1781607,0,811,761,761,44669760,1412988,394,422,0
235,1.485,0.679,0.000,2.165,2.262,697965,1781607,0,811,761,761,44669760,1412988,394,422,0
236,1.472,0.680,0.000,2.151,2.262,697965,1781607,0,811,761,761,44669760,1412988,394,422,0
237,1.511,0.688,0.000,2.199,2.251,697965,1781607,0,811,761,761,44669760,1412988,394,422,0
238,1.502,0.683,0.000,2.185,2.297,697965,1781607,0,811,761,761,44669760,1412988,394,422,0
239,1.486,0.662,0.000,2.148,2.279,697965,1781607,0,811,761,761,44669760,1412988,394,422,0
240,1.484,0.654,0.000,2.139,2.243,697965,1781607,0,811,761,761,44669760,1412988,394,422,0
241,1.489,0.851,0.000,2.340,2.233,697965,1781607,0,811,761,761,44669760,1412988,394,422,0
242,1.514,0.656,0.000,2.170,2.433,697965,1781607,0,811,761,761,44669760,1412988,394,422,0
243,1.462,0.647,0.000,2.109,2.263,697965,1781607,0,811,761,761,44669760,1412988,394,422,0
244,1.534,0.710,0.000,2.244,2.217,697965,1781607,0,811,761,761,44669760,1412988,394,422,0
245,1.502,0.674,0.000,2.176,2.338,697965,1781607,0,811,761,761,44669760,1412988,394,422,0
246,1.494,0.659,0.000,2.153,2.270,697965,1781607,0,811,761,761,44669760,1412988,394,422,0
247,1.494,0.667,0.000,2.161,2.246,697965,1781607,0,811,761,761,44669760,1412988,394,422,0
248,1.464,0.690,0.000,2.154,2.257,697965,1781607,0,811,761,761,44669760,1412988,394,422,0
249,1.499,0.652,0.000,2.151,2.248,697965,1781607,0,811,761,761,44669760,1412988,394,422,0
250,1.467,0.655,0.000,2.121,2.246,697965,1781607,0,811,761,761,44669760,1412988,394,422,0
251,1.466,0.672,0.000,2.138,2.215,697965,1781607,0,811,761,761,44669760,1412988,394,422,0
252,1.457,0.662,0.000,2.119,2.232,697965,1781607,0,811,761,761,44669760,1412988,394,422,0
253,1.468,0.669,0.000,2.137,2.212,697965,1781607,0,811,761,761,44669760,1412988,394,422,0
254,1.475,0.682,0.000,2.157,2.236,697965,1781607,0,811,761,761,44669760,1412988,394,422,0
255,1.471,0.685,0.000,2.156,2.251,697965,1781607,0,811,761,761,44669760,1412988,394,422,0
256,1.453,0.675,0.000,2.129,2.251,697965,1781607,0,811,761,761,44669760,1412988,394,422,0
257,1.481,0.667,0.000,2.149,2.223,697965,1781607,0,811,761,761,44669760,1412988,394,422,0
258,1.452,0.659,0.000,2.111,2.245,697965,1781607,0,811,761,761,44669760,1412988,394,422,0
259,1.465,0.669,0.000,2.133,2.205,697965,1781607,0,811,761,761,44669760,1412988,394,422,0
260,1.473,0.679,0.000,2.152,2.227,697965,1781607,0,811,761,761,44669760,1412988,394,422,0
261,1.471,0.655,0.000,2.126,2.243,697965,1781607,0,811,761,761,44669760,1412988,394,422,0
262,1.476,0.654,0.000,2.130,2.220,697965,1781607,0,811,761,761,44669760,1412988,394,422,0
263,1.465,0.678,0.000,2.143,2.223,697965,1781607,0,811,761,761,44669760,1412988,394,422,0
264,1.478,0.665,0.000,2.142,2.235,697965,1781607,0,811,761,761,44669760,1412988,394,422,0
265,1.485,0.664,0.000,2.149,2.238,697965,1781607,0,811,761,761,44669760,1412988,394,422,0
266,1.477,0.687,0.000,2.164,2.241,697965,1781607,0,811,761,761,44669760,1412988,394,422,0
267,1.463,0.660,0.000,2.123,2.256,697965,1781607,0,811,761,761,44669760,1412988,394,422,0
268,1.466,0.685,0.000,2.151,2.217,697965,1781607,0,811,761,761,44669760,1412988,394,422,0
269,1.487,0.657,0.000,2.144,2.242,697965,1781607,0,811,761,761,44669760,1412988,394,422,0
270,1.470,0.670,0.000,2.140,2.238,697965,1781607,0,811,761,761,44669760,1412988,394,422,0
271,1.468,0.678,0.000,2.146,2.236,697965,1781607,0,811,761,761,44669760,1412988,394,422,0
272,1.475,0.646,0.000,2.121,2.239,697965,1781607,0,811,761,761,44669760,1412988,394,422,0
273,1.457,0.678,0.000,2.135,2.238,697965,1781607,0,811,761,761,44669760,1412988,394,422,0
274,1.471,0.671,0.000,2.142,2.227,697965,1781607,0,811,761,761,44669760,1412988,394,422,0
275,1.468,0.668,0.000,2.136,2.235,697965,1781607,0,811,761,761,44669760,1412988,394,422,0
276,1.482,0.672,0.000,2.154,2.231,697965,1781607,0,811,761,761,44669760,1412988,394,422,0
277,1.485,0.677,0.000,2.161,2.246,697965,1781607,0,811,761,761,44669760,1412988,394,422,0
278,1.474,0.675,0.000,2.148,2.254,697965,1781607,0,811,761,761,44669760,1412988,394,422,0
279,1.472,0.675,0.000,2.147,2.242,697965,1781607,0,811,761,761,44669760,1412988,394,422,0
280,1.447,0.680,0.000,2.127,2.239,697965,1781607,0,811,761,761,44669760,1412988,394,422,0
281,1.445,0.678,0.000,2.122,2.219,697965,1781607,0,811,761,761,44669760,1412988,394,422,0
282,1.493,0.697,0.000,2.190,2.215,697965,1781607,0,811,761,761,44669760,1412988,394,422,0
283,1.470,0.647,0.000,2.117,2.284,697965,1781607,0,811,761,761,44669760,1412988,394,422,0
284,1.455,0.656,0.000,2.112,2.213,697965,1781607,0,811,761,761,44669760,1412988,394,422,0
285,1.474,0.666,0.000,2.139,2.206,697965,1781607,0,811,761,761,44669760,1412988,394,422,0
286,1.465,0.675,0.000,2.139,2.231,697965,1781607,0,811,761,761,44669760,1412988,394,422,0
287,1.460,0.653,0.000,2.114,2.233,697965,1781607,0,811,761,761,44669760,1412988,394,422,0
288,1.467,0.687,0.000,2.154,2.207,697965,1781607,0,811,761,761,44669760,1412988,394,422,0
289,1.501,0.692,0.000,2.193,2.246,697965,1781607,0,811,761,761,44669760,1412988,394,422,0
290,1.469,0.679,0.000,2.148,2.292,697965,1781607,0,811,761,761,44669760,1412988,394,422,0
291,1.449,0.670,0.000,2.120,2.245,697965,1781607,0,811,761,761,44669760,1412988,394,422,0
292,1.485,0.673,0.000,2.158,2.217,697965,1781607,0,811,761,761,44669760,1412988,394,422,0
293,1.450,0.673,0.000,2.122,2.253,697965,1781607,0,811,761,761,44669760,1412988,394,422,0
294,1.461,0.675,0.000,2.136,2.215,697965,1781607,0,811,761,761,44669760,1412988,394,422,0
295,1.474,0.679,0.000,2.153,2.229,697965,1781607,0,811,761,761,44669760,1412988,394,422,0
296,1.360,0.660,0.000,2.020,2.248,697965,1781607,0,811,761,761,44669760,1412988,394,422,0
297,1.343,0.656,0.000,1.999,2.113,697965,1781607,0,811,761,761,44669760,1412988,394,422,0
298,1.347,0.674,0.000,2.021,2.095,697965,1781607,0,811,761,761,44669760,1412988,394,422,0
299,1.406,0.702,0.000,2.108,2.142,697965,1781607,0,811,761,761,44669760,1412988,394,422,0
300,1.406,0.672,0.000,2.078,2.209,697965,1781607,0,811,761,761,44669760,1412988,394,422,0
301,1.459,0.677,0.000,2.137,2.175,697965,1781607,0,811,761,761,44669760,1412988,394,422,0
302,1.468,0.698,0.000,2.166,2.232,697965,1781607,0,811,761,761,44669760,1412988,394,422,0
303,1.560,0.675,0.000,2.236,2.261,697965,1781607,0,811,761,761,44669760,1412988,394,422,0
304,1.474,0.657,0.000,2.131,2.335,697965,1781607,0,811,761,761,44669760,1412988,394,422,0
305,1.471,0.657,0.000,2.128,2.227,697965,1781607,0,811,761,761,44669760,1412988,394,422,0
306,1.422,0.637,0.000,2.059,2.221,697965,1781607,0,811,761,761,44669760,1412988,394,422,0
307,1.481,0.690,0.000,2.171,2.149,697965,1781607,0,811,761,761,44669760,1412988,394,422,0
308,1.497,0.687,0.000,2.184,2.265,697965,1781607,0,811,761,761,44669760,1412988,394,422,0
309,1.532,0.672,0.000,2.204,2.279,697965,1781607,0,811,761,761,44669760,1412988,394,422,0
310,1.493,0.665,0.000,2.158,2.299,697965,1781607,0,811,761,761,44669760,1412988,394,422,0
311,1.465,0.663,0.000,2.128,2.255,697965,1781607,0,811,761,761,44669760,1412988,394,422,0
312,1.494,0.674,0.000,2.169,2.221,697965,1781607,0,811,761,761,44669760,1412988,394,422,0
313,1.497,0.670,0.000,2.167,2.264,697965,1781607,0,811,761,761,44669760,1412988,394,422,0
314,1.471,0.659,0.000,2.130,2.261,697965,1781607,0,811,761,761,44669760,1412988,394,422,0
315,1.487,0.674,0.000,2.161,2.223,697965,1781607,0,811,761,761,44669760,1412988,394,422,0
316,1.507,0.638,0.000,2.145,2.256,697965,1781607,0,811,761,761,44669760,1412988,394,422,0
317,1.494,0.648,0.000,2.143,2.240,697965,1781607,0,811,761,761,44669760,1412988,394,422,0
318,1.494,0.667,0.000,2.161,2.236,697965,1781607,0,811,761,761,44669760,1412988,394,422,0
319,1.518,0.646,0.000,2.164,2.269,697965,1781607,0,811,761,761,44669760,1412988,394,422,0
320,1.504,0.651,0.000,2.155,2.258,697965,1781607,0,811,761,761,44669760,1412988,394,422,0
321,1.484,0.655,0.000,2.139,2.247,697965,1781607,0,811,761,761,44669760,1412988,394,422,0
322,1.480,0.647,0.000,2.127,2.233,697965,1781607,0,811,761,761,44669760,1412988,394,422,0
323,1.507,0.652,0.000,2.159,2.222,697965,1781607,0,811,761,761,44669760,1412988,394,422,0
324,1.474,0.667,0.000,2.141,2.253,697965,1781607,0,811,761,761,44669760,1412988,394,422,0
325,1.472,0.644,0.000,2.116,2.235,697965,1781607,0,811,761,761,44669760,1412988,394,422,0
326,1.500,0.676,0.000,2.176,2.209,697965,1781607,0,811,761,761,44669760,1412988,394,422,0
327,1.495,0.657,0.000,2.152,2.271,697965,1781607,0,811,761,761,44669760,1412988,394,422,0
328,1.492,0.668,0.000,2.160,2.249,697965,1781607,0,811,761,761,44669760,1412988,394,422,0
329,1.451,0.688,0.000,2.139,2.257,697965,1781607,0,811,761,761,44669760,1412988,394,422,0
330,1.500,0.670,0.000,2.170,2.232,697965,1781607,0,811,761,761,44669760,1412988,394,422,0
331,1.498,0.632,0.000,2.130,2.264,697965,1781607,0,811,761,761,44669760,1412988,394,422,0
332,1.473,0.655,0.000,2.128,2.222,697965,1781607,0,811,761,761,44669760,1412988,394,422,0
333,1.479,0.679,0.000,2.158,2.222,697965,1781607,0,811,761,761,44669760,1412988,394,422,0
334,1.503,0.680,0.000,2.183,2.252,697965,1781607,0,811,761,761,44669760,1412988,394,422,0
335,1.522,0.656,0.000,2.178,2.274,697965,1781607,0,811,761,761,44669760,1412988,394,422,0
336,1.479,0.669,0.000,2.148,2.273,697965,1781607,0,811,761,761,44669760,1412988,394,422,0
337,1.503,0.659,0.000,2.162,2.242,697965,1781607,0,811,761,761,44669760,1412988,394,422,0
338,1.470,0.675,0.000,2.145,2.257,697965,1781607,0,811,761,761,44669760,1412988,394,422,0
339,1.488,0.658,0.000,2.146,2.238,697965,1781607,0,811,761,761,44669760,1412988,394,422,0
340,1.420,0.635,0.000,2.055,2.238,697965,1781607,0,811,761,761,44669760,1412988,394,422,0
341,1.373,0.669,0.000,2.043,2.150,697965,1781607,0,811,761,761,44669760,1412988,394,422,0
342,1.444,0.646,0.000,2.090,2.138,697965,1781607,0,811,761,761,44669760,1412988,394,422,0
343,1.500,0.636,0.000,2.136,2.183,697965,1781607,0,811,761,761,44669760,1412988,394,422,0
344,1.514,0.655,0.000,2.169,2.230,697965,1781607,0,811,761,761,44669760,1412988,394,422,0
345,1.479,0.664,0.000,2.143,2.264,697965,1781607,0,811,761,761,44669760,1412988,394,422,0
346,1.500,0.659,0.000,2.160,2.235,697965,1781607,0,811,761,761,44669760,1412988,394,422,0
347,1.497,0.653,0.000,2.150,2.255,697965,1781607,0,811,761,761,44669760,1412988,394,422,0
348,1.502,0.677,0.000,2.180,2.245,697965,1781607,0,811,761,761,44669760,1412988,394,422,0
349,1.493,0.653,0.000,2.146,2.272,697965,1781607,0,811,761,761,44669760,1412988,394,422,0
350,1.495,0.667,0.000,2.162,2.242,697965,1781607,0,811,761,761,44669760,1412988,394,422,0
351,1.485,0.677,0.000,2.161,2.254,697965,1781607,0,811,761,761,44669760,1412988,394,422,0
352,1.483,0.668,0.000,2.151,2.257,697965,1781607,0,811,761,761,44669760,1412988,394,422,0
353,1.521,0.649,0.000,2.170,2.245,697965,1781607,0,811,761,761,44669760,1412988,394,422,0
354,1.511,0.649,0.000,2.160,2.265,697965,1781607,0,811,761,761,44669760,1412988,394,422,0
355,1.492,0.670,0.000,2.162,2.256,697965,1781607,0,811,761,761,44669760,1412988,394,422,0
356,1.515,0.645,0.000,2.160,2.255,697965,1781607,0,811,761,761,44669760,1412988,394,422,0
357,1.492,0.661,0.000,2.153,2.254,697965,1781607,0,811,761,761,44669760,1412988,394,422,0
358,1.457,0.663,0.000,2.120,2.248,697965,1781607,0,811,761,761,44669760,1412988,394,422,0
359,1.498,0.627,0.000,2.125,2.216,697965,1781607,0,811,761,761,44669760,1412988,394,422,0
360,1.356,0.624,0.000,1.979,2.216,697965,1781607,0,811,761,761,44669760,1412988,394,422,0
361,1.352,0.650,0.000,2.001,2.076,697965,1781607,0,811,761,761,44669760,1412988,394,422,0
362,1.453,0.640,0.000,2.093,2.095,697965,1781607,0,811,761,761,44669760,1412988,394,422,0
363,1.397,0.646,0.000,2.042,2.184,697965,1781607,0,811,761,761,44669760,1412988,394,422,0
364,1.438,0.665,0.000,2.103,2.164,697965,1781607,0,811,761,761,44669760,1412988,394,422,0
365,1.504,0.653,0.000,2.157,2.196,697965,1781607,0,811,761,761,44669760,1412988,394,422,0
366,1.487,0.636,0.000,2.123,2.253,697965,1781607,0,811,761,761,44669760,1412988,394,422,0
367,1.414,0.663,0.000,2.078,2.220,697965,1781607,0,811,761,761,44669760,1412988,394,422,0
368,1.493,0.646,0.000,2.140,2.171,697965,1781607,0,811,761,761,44669760,1412988,394,422,0
369,1.483,0.652,0.000,2.134,2.233,697965,1781607,0,811,761,761,44669760,1412988,394,422,0
370,1.510,0.645,0.000,2.155,2.228,697965,1781607,0,811,761,761,44669760,1412988,394,422,0
371,1.506,0.650,0.000,2.156,2.250,697965,1781607,0,811,761,761,44669760,1412988,394,422,0
372,1.497,0.668,0.000,2.165,2.251,697965,1781607,0,811,761,761,44669760,1412988,394,422,0
373,1.487,0.643,0.000,2.129,2.259,697965,1781607,0,811,761,761,44669760,1412988,394,422,0
374,1.366,0.659,0.000,2.025,2.224,697965,1781607,0,811,761,761,44669760,1412988,394,422,0
375,1.514,0.660,0.000,2.173,2.127,697965,1781607,0,811,761,761,44669760,1412988,394,422,0
376,1.453,0.651,0.000,2.104,2.269,697965,1781607,0,811,761,761,44669760,1412988,394,422,0
377,1.478,0.669,0.000,2.147,2.199,697965,1781607,0,811,761,761,44669760,1412988,394,422,0
378,1.482,0.660,0.000,2.142,2.242,697965,1781607,0,811,761,761,44669760,1412988,394,422,0
379,1.492,0.681,0.000,2.173,2.234,697965,1781607,0,811,761,761,44669760,1412988,394,422,0
380,1.489,0.654,0.000,2.143,2.269,697965,1781607,0,811,761,761,44669760,1412988,394,422,0
381,1.557,0.670,0.000,2.227,2.236,697965,1781607,0,811,761,761,44669760,1412988,394,422,0
382,1.468,0.880,0.000,2.348,2.326,697965,1781607,0,811,761,761,44669760,1412988,394,422,0
383,1.528,0.674,0.000,2.202,2.461,697965,1781607,0,811,761,761,44669760,1412988,394,422,0
384,1.467,0.667,0.000,2.134,2.299,697965,1781607,0,811,761,761,44669760,1412988,394,422,0
385,1.488,0.685,0.000,2.173,2.229,697965,1781607,0,811,761,761,44669760,1412988,394,422,0
386,1.540,0.658,0.000,2.198,2.265,697965,1781607,0,811,761,761,44669760,1412988,394,422,0
387,1.475,0.657,0.000,2.132,2.293,697965,1781607,0,811,761,761,44669760,1412988,394,422,0
388,1.500,0.641,0.000,2.141,2.226,697965,1781607,0,811,761,761,44669760,1412988,394,422,0
389,1.469,0.661,0.000,2.130,2.235,697965,1781607,0,811,761,761,44669760,1412988,394,422,0
390,1.455,0.675,0.000,2.130,2.225,697965,1781607,0,811,761,761,44669760,1412988,394,422,0
391,1.473,0.664,0.000,2.137,2.224,697965,1781607,0,811,761,761,44669760,1412988,394,422,0
392,1.457,0.670,0.000,2.127,2.231,697965,1781607,0,811,761,761,44669760,1412988,394,422,0
393,1.473,0.677,0.000,2.150,2.223,697965,1781607,0,811,761,761,44669760,1412988,394,422,0
394,1.522,0.641,0.000,2.163,2.254,697965,1781607,0,811,761,761,44669760,1412988,394,422,0
395,1.488,0.677,0.000,2.165,2.259,697965,1781607,0,811,761,761,44669760,1412988,394,422,0
396,1.487,0.659,0.000,2.147,2.263,697965,1781607,0,811,761,761,44669760,1412988,394,422,0
397,1.508,0.670,0.000,2.177,2.241,697965,1781607,0,811,761,761,44669760,1412988,394,422,0
398,1.486,0.676,0.000,2.162,2.272,697965,1781607,0,811,761,761,44669760,1412988,394,422,0
399,1.516,0.664,0.000,2.180,2.258,697965,1781607,0,811,761,761,44669760,1412988,394,422,0
400,1.426,0.652,0.000,2.078,2.275,697965,1781607,0,811,761,761,44669760,1412988,394,422,0
401,1.446,0.642,0.000,2.088,2.180,697965,1781607,0,811,761,761,44669760,1412988,394,422,0
402,1.485,0.660,0.000,2.145,2.183,697965,1781607,0,811,761,761,44669760,1412988,394,422,0
403,1.519,0.759,0.000,2.277,2.238,697965,1781607,0,811,761,761,44669760,1412988,394,422,0
404,1.525,0.680,0.000,2.205,2.375,697965,1781607,0,811,761,761,44669760,1412988,394,422,0
405,1.513,0.679,0.000,2.193,2.301,697965,1781607,0,811,761,761,44669760,1412988,394,422,0
406,1.506,0.646,0.000,2.152,2.286,697965,1781607,0,811,761,761,44669760,1412988,394,422,0
407,1.498,0.677,0.000,2.175,2.250,697965,1781607,0,811,761,761,44669760,1412988,394,422,0
408,1.469,0.663,0.000,2.132,2.267,697965,1781607,0,811,761,761,44669760,1412988,394,422,0
409,1.476,0.682,0.000,2.158,2.228,697965,1781607,0,811,761,761,44669760,1412988,394,422,0
410,1.485,0.662,0.000,2.147,2.271,697965,1781607,0,811,761,761,44669760,1412988,394,422,0
411,1.475,0.695,0.000,2.170,2.243,697965,1781607,0,811,761,761,44669760,1412988,394,422,0
412,1.448,0.641,0.000,2.089,2.268,697965,1781607,0,811,761,761,44669760,1412988,394,422,0
413,1.431,0.662,0.000,2.093,2.189,697965,1781607,0,811,761,761,44669760,1412988,394,422,0
414,1.423,0.665,0.000,2.088,2.185,697965,1781607,0,811,761,761,44669760,1412988,394,422,0
415,1.376,0.659,0.000,2.034,2.173,697965,1781607,0,811,761,761,44669760,1412988,394,422,0
416,1.390,0.631,0.000,2.021,2.121,697965,1781607,0,811,761,761,44669760,1412988,394,422,0
417,1.510,0.644,0.000,2.154,2.160,697965,1781607,0,811,761,761,44669760,1412988,394,422,0
418,1.447,0.681,0.000,2.128,2.263,697965,1781607,0,811,761,761,44669760,1412988,394,422,0
419,1.452,0.680,0.000,2.132,2.228,697965,1781607,0,811,761,761,44669760,1412988,394,422,0
420,1.441,0.677,0.000,2.118,2.230,697965,1781607,0,811,761,761,44669760,1412988,394,422,0
421,1.463,0.671,0.000,2.134,2.226,697965,1781607,0,811,761,761,44669760,1412988,394,422,0
422,1.439,0.649,0.000,2.089,2.233,697965,1781607,0,811,761,761,44669760,1412988,394,422,0
423,1.451,0.655,0.000,2.106,2.202,697965,1781607,0,811,761,761,44669760,1412988,394,422,0
424,1.504,0.669,0.000,2.173,2.216,697965,1781607,0,811,761,761,44669760,1412988,394,422,0
425,1.473,0.679,0.000,2.152,2.277,697965,1781607,0,811,761,761,44669760,1412988,394,422,0
426,1.463,0.652,0.000,2.115,2.263,697965,1781607,0,811,761,761,44669760,1412988,394,422,0
427,1.478,0.680,0.000,2.158,2.249,697965,1781607,0,811,761,761,44669760,1412988,394,422,0
428,1.511,0.648,0.000,2.159,2.252,697965,1781607,0,811,761,761,44669760,1412988,394,422,0
429,1.457,0.649,0.000,2.106,2.254,697965,1781607,0,811,761,761,44669760,1412988,394,422,0
430,1.458,0.672,0.000,2.130,2.201,697965,1781607,0,811,761,761,44669760,1412988,394,422,0
431,1.503,0.660,0.000,2.163,2.224,697965,1781607,0,811,761,761,44669760,1412988,394,422,0
432,1.460,0.673,0.000,2.133,2.259,697965,1781607,0,811,761,761,44669760,1412988,394,422,0
433,1.497,0.675,0.000,2.171,2.227,697965,1781607,0,811,761,761,44669760,1412988,394,422,0
434,1.479,0.664,0.000,2.143,2.264,697965,1781607,0,811,761,761,44669760,1412988,394,422,0
435,1.478,0.666,0.000,2.145,2.236,697965,1781607,0,811,761,761,44669760,1412988,394,422,0
436,1.519,0.651,0.000,2.170,2.240,697965,1781607,0,811,761,761,44669760,1412988,394,422,0
437,1.465,0.669,0.000,2.135,2.268,697965,1781607,0,811,761,761,44669760,1412988,394,422,0
438,1.459,0.681,0.000,2.140,2.229,697965,1781607,0,811,761,761,44669760,1412988,394,422,0
439,1.438,0.653,0.000,2.091,2.234,697965,1781607,0,811,761,761,44669760,1412988,394,422,0
440,1.435,0.644,0.000,2.079,2.185,697965,1781607,0,811,761,761,44669760,1412988,394,422,0
441,1.476,0.646,0.000,2.122,2.173,697965,1781607,0,811,761,761,44669760,1412988,394,422,0
442,1.464,0.641,0.000,2.105,2.217,697965,1781607,0,811,761,761,44669760,1412988,394,422,0
443,1.477,0.651,0.000,2.128,2.200,697965,1781607,0,811,761,761,44669760,1412988,394,422,0
444,1.457,0.662,0.000,2.119,2.228,697965,1781607,0,811,761,761,44669760,1412988,394,422,0
445,1.500,0.667,0.000,2.167,2.212,697965,1781607,0,811,761,761,44669760,1412988,394,422,0
446,1.452,0.631,0.000,2.083,2.263,697965,1781607,0,811,761,761,44669760,1412988,394,422,0
447,1.462,0.640,0.000,2.101,2.177,697965,1781607,0,811,761,761,44669760,1412988,394,422,0
448,1.468,0.673,0.000,2.141,2.195,697965,1781607,0,811,761,761,44669760,1412988,394,422,0
449,1.480,0.654,0.000,2.135,2.242,697965,1781607,0,811,761,761,44669760,1412988,394,422,0
450,1.483,0.668,0.000,2.151,2.230,697965,1781607,0,811,761,761,44669760,1412988,394,422,0
451,1.511,0.660,0.000,2.171,2.247,697965,1781607,0,811,761,761,44669760,1412988,394,422,0
452,1.470,0.690,0.000,2.160,2.265,697965,1781607,0,811,761,761,44669760,1412988,394,422,0
453,1.498,0.640,0.000,2.138,2.254,697965,1781607,0,811,761,761,44669760,1412988,394,422,0
454,1.458,0.638,0.000,2.096,2.233,697965,1781607,0,811,761,761,44669760,1412988,394,422,0
455,1.462,0.674,0.000,2.136,2.212,697965,1781607,0,811,761,761,44669760,1412988,394,422,0
456,1.462,0.661,0.000,2.123,2.229,697965,1781607,0,811,761,761,44669760,1412988,394,422,0
457,1.461,0.668,0.000,2.129,2.220,697965,1781607,0,811,761,761,44669760,1412988,394,422,0
458,1.422,0.681,0.000,2.103,2.223,697965,1781607,0,811,761,761,44669760,1412988,394,422,0
459,1.451,0.673,0.000,2.124,2.197,697965,1781607,0,811,761,761,44669760,1412988,394,422,0
460,1.480,0.662,0.000,2.142,2.218,697965,1781607,0,811,761,761,44669760,1412988,394,422,0
461,1.483,0.674,0.000,2.158,2.239,697965,1781607,0,811,761,761,44669760,1412988,394,422,0
462,1.472,0.673,0.000,2.145,2.251,697965,1781607,0,811,761,761,44669760,1412988,394,422,0
463,1.488,0.684,0.000,2.171,2.239,697965,1781607,0,811,761,761,44669760,1412988,394,422,0
464,1.486,0.683,0.000,2.169,2.269,697965,1781607,0,811,761,761,44669760,1412988,394,422,0
465,1.487,0.672,0.000,2.159,2.265,697965,1781607,0,811,761,761,44669760,1412988,394,422,0
466,1.446,0.672,0.000,2.118,2.254,697965,1781607,0,811,761,761,44669760,1412988,394,422,0
467,1.555,0.672,0.000,2.227,2.212,697965,1781607,0,811,761,761,44669760,1412988,394,422,0
468,1.484,0.662,0.000,2.146,2.324,697965,1781607,0,811,761,761,44669760,1412988,394,422,0
469,1.456,0.645,0.000,2.101,2.238,697965,1781607,0,811,761,761,44669760,1412988,394,422,0
470,1.446,0.645,0.000,2.092,2.193,697965,1781607,0,811,761,761,44669760,1412988,394,422,0
471,1.456,0.691,0.000,2.147,2.185,697965,1781607,0,811,761,761,44669760,1412988,394,422,0
472,1.482,0.684,0.000,2.166,2.244,697965,1781607,0,811,761,761,44669760,1412988,394,422,0
473,1.478,0.688,0.000,2.166,2.260,697965,1781607,0,811,761,761,44669760,1412988,394,422,0
474,1.471,0.686,0.000,2.157,2.262,697965,1781607,0,811,761,761,44669760,1412988,394,422,0
475,1.474,0.668,0.000,2.142,2.255,697965,1781607,0,811,761,761,44669760,1412988,394,422,0
476,1.481,0.678,0.000,2.159,2.238,697965,1781607,0,811,761,761,44669760,1412988,394,422,0
477,1.459,0.642,0.000,2.101,2.252,697965,1781607,0,811,761,761,44669760,1412988,394,422,0
478,1.476,0.656,0.000,2.132,2.194,697965,1781607,0,811,761,761,44669760,1412988,394,422,0
479,1.484,0.672,0.000,2.156,2.228,697965,1781607,0,811,761,761,44669760,1412988,394,422,0
480,1.486,0.679,0.000,2.166,2.251,697965,1781607,0,811,761,761,44669760,1412988,394,422,0
481,1.466,0.656,0.000,2.122,2.260,697965,1781607,0,811,761,761,44669760,1412988,394,422,0
482,1.460,0.653,0.000,2.114,2.219,697965,1781607,0,811,761,761,44669760,1412988,394,422,0
483,1.483,0.679,0.000,2.161,2.211,697965,1781607,0,811,761,761,44669760,1412988,394,422,0
484,1.484,0.670,0.000,2.154,2.254,697965,1781607,0,811,761,761,44669760,1412988,394,422,0
485,1.471,0.672,0.000,2.143,2.255,697965,1781607,0,811,761,761,44669760,1412988,394,422,0
486,1.473,0.645,0.000,2.118,2.236,697965,1781607,0,811,761,761,44669760,1412988,394,422,0
487,1.477,0.675,0.000,2.153,2.215,697965,1781607,0,811,761,761,44669760,1412988,394,422,0
488,1.474,0.675,0.000,2.149,2.248,697965,1781607,0,811,761,761,44669760,1412988,394,422,0
489,1.478,0.662,0.000,2.140,2.244,697965,1781607,0,811,761,761,44669760,1412988,394,422,0
490,1.461,0.647,0.000,2.109,2.232,697965,1781607,0,811,761,761,44669760,1412988,394,422,0
491,1.459,0.646,0.000,2.105,2.205,697965,1781607,0,811,761,761,44669760,1412988,394,422,0
492,1.474,0.660,0.000,2.134,2.198,697965,1781607,0,811,761,761,44669760,1412988,394,422,0
493,1.494,0.661,0.000,2.155,2.230,697965,1781607,0,811,761,761,44669760,1412988,394,422,0
494,1.467,0.675,0.000,2.142,2.248,697965,1781607,0,811,761,761,44669760,1412988,394,422,0
495,1.442,0.684,0.000,2.126,2.236,697965,1781607,0,811,761,761,44669760,1412988,394,422,0
496,1.513,0.664,0.000,2.177,2.220,697965,1781607,0,811,761,761,44669760,1412988,394,422,0
497,1.481,0.646,0.000,2.127,2.274,697965,1781607,0,811,761,761,44669760,1412988,394,422,0
498,1.487,0.668,0.000,2.155,2.223,697965,1781607,0,811,761,761,44669760,1412988,394,422,0
499,1.444,0.678,0.000,2.123,2.248,697965,1781607,0,811,761,761,44669760,1412988,394,422,0
500,1.478,0.648,0.000,2.126,2.218,697965,1781607,0,811,761,761,44669760,1412988,394,422,0
501,1.483,0.674,0.000,2.157,2.236,697965,1781607,0,811,761,761,44669760,1412988,394,422,0
502,1.474,0.677,0.000,2.151,2.251,697965,1781607,0,811,761,761,44669760,1412988,394,422,0
503,1.458,0.680,0.000,2.137,2.246,697965,1781607,0,811,761,761,44669760,1412988,394,422,0
504,1.478,0.676,0.000,2.154,2.230,697965,1781607,0,811,761,761,44669760,1412988,394,422,0
505,1.461,0.655,0.000,2.117,2.250,697965,1781607,0,811,761,761,44669760,1412988,394,422,0
506,1.465,0.673,0.000,2.138,2.211,697965,1781607,0,811,761,761,44669760,1412988,394,422,0
507,1.457,0.658,0.000,2.114,2.233,697965,1781607,0,811,761,761,44669760,1412988,394,422,0
508,1.463,0.690,0.000,2.152,2.215,697965,1781607,0,811,761,761,44669760,1412988,394,422,0
509,1.450,0.664,0.000,2.114,2.245,697965,1781607,0,811,761,761,44669760,1412988,394,422,0
510,1.492,0.677,0.000,2.169,2.208,697965,1781607,0,811,761,761,44669760,1412988,394,422,0
511,1.472,0.669,0.000,2.142,2.264,697965,1781607,0,811,761,761,44669760,1412988,394,422,0
512,1.457,0.681,0.000,2.138,2.235,697965,1781607,0,811,761,761,44669760,1412988,394,422,0
513,1.464,0.650,0.000,2.114,2.232,697965,1781607,0,811,761,761,44669760,1412988,394,422,0
514,1.463,0.682,0.000,2.146,2.212,697965,1781607,0,811,761,761,44669760,1412988,394,422,0
515,1.483,0.670,0.000,2.153,2.242,697965,1781607,0,811,761,761,44669760,1412988,394,422,0
516,1.460,0.675,0.000,2.134,2.248,697965,1781607,0,811,761,761,44669760,1412988,394,422,0
517,1.482,0.838,0.000,2.320,2.233,697965,1781607,0,811,761,761,44669760,1412988,394,422,0
518,1.512,0.656,0.000,2.167,2.411,697965,1781607,0,811,761,761,44669760,1412988,394,422,0
519,1.470,0.688,0.000,2.158,2.260,697965,1781607,0,811,761,761,44669760,1412988,394,422,0
520,1.464,0.667,0.000,2.131,2.251,697965,1781607,0,811,761,761,44669760,1412988,394,422,0
521,1.483,0.680,0.000,2.163,2.228,697965,1781607,0,811,761,761,44669760,1412988,394,422,0
522,1.447,0.674,0.000,2.120,2.258,697965,1781607,0,811,761,761,44669760,1412988,394,422,0
523,1.511,0.660,0.000,2.170,2.214,697965,1781607,0,811,761,761,44669760,1412988,394,422,0
524,1.460,0.671,0.000,2.131,2.264,697965,1781607,0,811,761,761,44669760,1412988,394,422,0
525,1.477,0.661,0.000,2.138,2.227,697965,1781607,0,811,761,761,44669760,1412988,394,422,0
526,1.509,0.685,0.000,2.194,2.230,697965,1781607,0,811,761,761,44669760,1412988,394,422,0
527,1.465,0.691,0.000,2.156,2.290,697965,1781607,0,811,761,761,44669760,1412988,394,422,0
528,1.477,0.679,0.000,2.156,2.251,697965,1781607,0,811,761,761,44669760,1412988,394,422,0
529,1.480,0.668,0.000,2.148,2.249,697965,1781607,0,811,761,761,44669760,1412988,394,422,0
530,1.458,0.665,0.000,2.123,2.244,697965,1781607,0,811,761,761,44669760,1412988,394,422,0
531,1.447,0.674,0.000,2.121,2.217,697965,1781607,0,811,761,761,44669760,1412988,394,422,0
532,1.481,0.661,0.000,2.142,2.214,697965,1781607,0,811,761,761,44669760,1412988,394,422,0
533,1.466,0.633,0.000,2.099,2.236,697965,1781607,0,811,761,761,44669760,1412988,394,422,0
534,1.503,0.665,0.000,2.167,2.194,697965,1781607,0,811,761,761,44669760,1412988,394,422,0
535,1.466,0.675,0.000,2.140,2.264,697965,1781607,0,811,761,761,44669760,1412988,394,422,0
536,1.445,0.674,0.000,2.119,2.235,697965,1781607,0,811,761,761,44669760,1412988,394,422,0
537,1.444,0.643,0.000,2.088,2.212,697965,1781607,0,811,761,761,44669760,1412988,394,422,0
538,1.477,0.668,0.000,2.145,2.183,697965,1781607,0,811,761,761,44669760,1412988,394,422,0
539,1.489,0.655,0.000,2.144,2.240,697965,1781607,0,811,761,761,44669760,1412988,394,422,0
540,1.461,0.694,0.000,2.156,2.238,697965,1781607,0,811,761,761,44669760,1412988,394,422,0
541,1.565,0.678,0.000,2.243,2.278,697965,1781607,0,811,761,761,44669760,1412988,394,422,0
542,1.472,0.687,0.000,2.160,2.338,697965,1781607,0,811,761,761,44669760,1412988,394,422,0
543,1.476,0.677,0.000,2.154,2.253,697965,1781607,0,811,761,761,44669760,1412988,394,422,0
544,1.490,0.669,0.000,2.159,2.248,697965,1781607,0,811,761,761,44669760,1412988,394,422,0
545,1.478,0.679,0.000,2.157,2.252,697965,1781607,0,811,761,761,44669760,1412988,394,422,0
546,1.464,0.668,0.000,2.132,2.269,697965,1781607,0,811,761,761,44669760,1412988,394,422,0
547,1.492,0.671,0.000,2.163,2.223,697965,1781607,0,811,761,761,44669760,1412988,394,422,0
548,1.481,0.677,0.000,2.157,2.261,697965,1781607,0,811,761,761,44669760,1412988,394,422,0
549,1.478,0.682,0.000,2.160,2.251,697965,1781607,0,811,761,761,44669760,1412988,394,422,0
550,1.483,0.682,0.000,2.165,2.257,697965,1781607,0,811,761,761,44669760,1412988,394,422,0
551,1.478,0.665,0.000,2.143,2.257,697965,1781607,0,811,761,761,44669760,1412988,394,422,0
552,1.448,0.665,0.000,2.113,2.238,697965,1781607,0,811,761,761,44669760,1412988,394,422,0
553,1.477,0.663,0.000,2.140,2.207,697965,1781607,0,811,761,761,44669760,1412988,394,422,0
554,1.476,0.669,0.000,2.145,2.235,697965,1781607,0,811,761,761,44669760,1412988,394,422,0
555,1.474,0.676,0.000,2.150,2.242,697965,1781607,0,811,761,761,44669760,1412988,394,422,0
556,1.470,0.675,0.000,2.145,2.248,697965,1781607,0,811,761,761,44669760,1412988,394,422,0
557,1.483,0.672,0.000,2.154,2.239,697965,1781607,0,811,761,761,44669760,1412988,394,422,0
558,1.472,0.663,0.000,2.135,2.250,697965,1781607,0,811,761,761,44669760,1412988,394,422,0
559,1.470,0.667,0.000,2.136,2.230,697965,1781607,0,811,761,761,44669760,1412988,394,422,0
560,1.473,0.683,0.000,2.156,2.230,697965,1781607,0,811,761,761,44669760,1412988,394,422,0
561,1.469,0.669,0.000,2.138,2.247,697965,1781607,0,811,761,761,44669760,1412988,394,422,0
562,1.476,0.667,0.000,2.143,2.233,697965,1781607,0,811,761,761,44669760,1412988,394,422,0
563,1.529,0.650,0.000,2.179,2.234,697965,1781607,0,811,761,761,44669760,1412988,394,422,0
564,1.470,0.654,0.000,2.124,2.279,697965,1781607,0,811,761,761,44669760,1412988,394,422,0
565,1.448,0.689,0.000,2.138,2.218,697965,1781607,0,811,761,761,44669760,1412988,394,422,0
566,1.451,0.670,0.000,2.121,2.236,697965,1781607,0,811,761,761,44669760,1412988,394,422,0
567,1.463,0.685,0.000,2.147,2.217,697965,1781607,0,811,761,761,44669760,1412988,394,422,0
568,1.462,0.682,0.000,2.144,2.241,697965,1781607,0,811,761,761,44669760,1412988,394,422,0
569,1.471,0.660,0.000,2.132,2.236,697965,1781607,0,811,761,761,44669760,1412988,394,422,0
570,1.455,0.662,0.000,2.117,2.227,697965,1781607,0,811,761,761,44669760,1412988,394,422,0
571,1.474,0.662,0.000,2.135,2.210,697965,1781607,0,811,761,761,44669760,1412988,394,422,0
572,1.484,0.658,0.000,2.142,2.229,697965,1781607,0,811,761,761,44669760,1412988,394,422,0
573,1.461,0.653,0.000,2.114,2.238,697965,1781607,0,811,761,761,44669760,1412988,394,422,0
574,1.457,0.682,0.000,2.140,2.208,697965,1781607,0,811,761,761,44669760,1412988,394,422,0
575,1.497,0.647,0.000,2.144,2.231,697965,1781607,0,811,761,761,44669760,1412988,394,422,0
576,1.470,0.653,0.000,2.123,2.238,697965,1781607,0,811,761,761,44669760,1412988,394,422,0
577,1.478,0.653,0.000,2.131,2.215,697965,1781607,0,811,761,761,44669760,1412988,394,422,0
578,1.460,0.657,0.000,2.117,2.226,697965,1781607,0,811,761,761,44669760,1412988,394,422,0
579,1.469,0.671,0.000,2.140,2.211,697965,1781607,0,811,761,761,44669760,1412988,394,422,0
580,1.476,0.673,0.000,2.150,2.231,697965,1781607,0,811,761,761,44669760,1412988,394,422,0
581,1.490,0.682,0.000,2.172,2.245,697965,1781607,0,811,761,761,44669760,1412988,394,422,0
582,1.468,0.678,0.000,2.146,2.265,697965,1781607,0,811,761,761,44669760,1412988,394,422,0
583,1.459,0.682,0.000,2.141,2.239,697965,1781607,0,811,761,761,44669760,1412988,394,422,0
584,1.472,0.680,0.000,2.152,2.235,697965,1781607,0,811,761,761,44669760,1412988,394,422,0
585,1.483,0.675,0.000,2.158,2.246,697965,1781607,0,811,761,761,44669760,1412988,394,422,0
586,1.479,0.672,0.000,2.152,2.250,697965,1781607,0,811,761,761,44669760,1412988,394,422,0
587,1.453,0.676,0.000,2.129,2.246,697965,1781607,0,811,761,761,44669760,1412988,394,422,0
588,1.470,0.676,0.000,2.145,2.222,697965,1781607,0,811,761,761,44669760,1412988,394,422,0
589,1.464,0.647,0.000,2.111,2.237,697965,1781607,0,811,761,761,44669760,1412988,394,422,0
590,1.464,0.682,0.000,2.146,2.205,697965,1781607,0,811,761,761,44669760,1412988,394,422,0
591,1.467,0.671,0.000,2.139,2.238,697965,1781607,0,811,761,761,44669760,1412988,394,422,0
592,1.456,0.659,0.000,2.115,2.257,697965,1781607,0,811,761,761,44669760,1412988,394,422,0
593,1.461,0.642,0.000,2.103,2.210,697965,1781607,0,811,761,761,44669760,1412988,394,422,0
594,1.451,0.656,0.000,2.106,2.195,697965,1781607,0,811,761,761,44669760,1412988,394,422,0
595,1.452,0.652,0.000,2.104,2.201,697965,1781607,0,811,761,761,44669760,1412988,394,422,0
596,1.448,0.669,0.000,2.117,2.200,697965,1781607,0,811,761,761,44669760,1412988,394,422,0
597,1.473,0.644,0.000,2.117,2.209,697965,1781607,0,811,761,761,44669760,1412988,394,422,0
598,1.453,0.690,0.000,2.143,2.212,697965,1781607,0,811,761,761,44669760,1412988,394,422,0
599,1.459,0.680,0.000,2.138,2.236,697965,1781607,0,811,761,761,44669760,1412988,394,422,0
600,1.443,0.670,0.000,2.113,2.232,697965,1781607,0,811,761,761,44669760,1412988,394,422,0
601,1.472,0.669,0.000,2.140,2.206,697965,1781607,0,811,761,761,44669760,1412988,394,422,0
602,1.488,0.686,0.000,2.173,2.233,697965,1781607,0,811,761,761,44669760,1412988,394,422,0
603,1.476,0.672,0.000,2.148,2.264,697965,1781607,0,811,761,761,44669760,1412988,394,422,0
604,1.465,0.669,0.000,2.135,2.243,697965,1781607,0,811,761,761,44669760,1412988,394,422,0
605,1.477,0.658,0.000,2.135,2.227,697965,1781607,0,811,761,761,44669760,1412988,394,422,0
606,1.477,0.658,0.000,2.136,2.230,697965,1781607,0,811,761,761,44669760,1412988,394,422,0
607,1.478,0.651,0.000,2.129,2.229,697965,1781607,0,811,761,761,44669760,1412988,394,422,0
608,1.520,0.657,0.000,2.177,2.221,697965,1781607,0,811,761,761,44669760,1412988,394,422,0
609,1.465,0.670,0.000,2.135,2.273,697965,1781607,0,811,761,761,44669760,1412988,394,422,0
610,1.479,0.646,0.000,2.124,2.232,697965,1781607,0,811,761,761,44669760,1412988,394,422,0
611,1.468,0.650,0.000,2.119,2.217,697965,1781607,0,811,761,761,44669760,1412988,394,422,0
612,1.479,0.676,0.000,2.156,2.212,697965,1781607,0,811,761,761,44669760,1412988,394,422,0
613,1.461,0.679,0.000,2.140,2.249,697965,1781607,0,811,761,761,44669760,1412988,394,422,0
614,1.461,0.667,0.000,2.127,2.233,697965,1781607,0,811,761,761,44669760,1412988,394,422,0
615,1.455,0.671,0.000,2.126,2.222,697965,1781607,0,811,761,761,44669760,1412988,394,422,0
616,1.474,0.674,0.000,2.149,2.218,697965,1781607,0,811,761,761,44669760,1412988,394,422,0
617,1.457,0.679,0.000,2.136,2.242,697965,1781607,0,811,761,761,44669760,1412988,394,422,0
618,1.468,0.661,0.000,2.129,2.230,697965,1781607,0,811,761,761,44669760,1412988,394,422,0
619,1.464,0.637,0.000,2.101,2.223,697965,1781607,0,811,761,761,44669760,1412988,394,422,0
620,1.468,0.696,0.000,2.163,2.198,697965,1781607,0,811,761,761,44669760,1412988,394,422,0
621,1.432,0.686,0.000,2.119,2.259,697965,1781607,0,811,761,761,44669760,1412988,394,422,0
622,1.471,0.646,0.000,2.118,2.212,697965,1781607,0,811,761,761,44669760,1412988,394,422,0
623,1.466,0.674,0.000,2.140,2.214,697965,1781607,0,811,761,761,44669760,1412988,394,422,0
624,1.486,0.656,0.000,2.142,2.233,697965,1781607,0,811,761,761,44669760,1412988,394,422,0
625,1.465,0.656,0.000,2.121,2.235,697965,1781607,0,811,761,761,44669760,1412988,394,422,0
626,1.465,0.650,0.000,2.115,2.217,697965,1781607,0,811,761,761,44669760,1412988,394,422,0
627,1.497,0.677,0.000,2.174,2.214,697965,1781607,0,811,761,761,44669760,1412988,394,422,0
628,1.477,0.657,0.000,2.134,2.267,697965,1781607,0,811,761,761,44669760,1412988,394,422,0
629,1.468,0.646,0.000,2.113,2.228,697965,1781607,0,811,761,761,44669760,1412988,394,422,0
630,1.451,0.661,0.000,2.112,2.209,697965,1781607,0,811,761,761,44669760,1412988,394,422,0
631,1.470,0.640,0.000,2.110,2.206,697965,1781607,0,811,761,761,44669760,1412988,394,422,0
632,1.460,0.660,0.000,2.120,2.205,697965,1781607,0,811,761,761,44669760,1412988,394,422,0
633,1.497,0.665,0.000,2.162,2.213,697965,1781607,0,811,761,761,44669760,1412988,394,422,0
634,1.458,0.678,0.000,2.136,2.257,697965,1781607,0,811,761,761,44669760,1412988,394,422,0
635,1.467,0.685,0.000,2.152,2.231,697965,1781607,0,811,761,761,44669760,1412988,394,422,0
636,1.476,0.661,0.000,2.137,2.245,697965,1781607,0,811,761,761,44669760,1412988,394,422,0
637,1.470,0.669,0.000,2.139,2.231,697965,1781607,0,811,761,761,44669760,1412988,394,422,0
638,1.446,0.685,0.000,2.132,2.243,697965,1781607,0,811,761,761,44669760,1412988,394,422,0
639,1.452,0.654,0.000,2.106,2.223,697965,1781607,0,811,761,761,44669760,1412988,394,422,0
640,1.391,0.666,0.000,2.057,2.204,697965,1781607,0,811,761,761,44669760,1412988,394,422,0
641,1.506,0.654,0.000,2.160,2.149,697965,1781607,0,811,761,761,44669760,1412988,394,422,0
642,1.492,0.656,0.000,2.148,2.254,697965,1781607,0,811,761,761,44669760,1412988,394,422,0
643,1.448,0.682,0.000,2.130,2.242,697965,1781607,0,811,761,761,44669760,1412988,394,422,0
644,1.460,0.683,0.000,2.143,2.223,697965,1781607,0,811,761,761,44669760,1412988,394,422,0
645,1.467,0.644,0.000,2.111,2.235,697965,1781607,0,811,761,761,44669760,1412988,394,422,0
646,1.480,0.663,0.000,2.144,2.206,697965,1781607,0,811,761,761,44669760,1412988,394,422,0
647,1.476,0.657,0.000,2.133,2.237,697965,1781607,0,811,761,761,44669760,1412988,394,422,0
648,1.439,0.678,0.000,2.117,2.229,697965,1781607,0,811,761,761,44669760,1412988,394,422,0
649,1.458,0.657,0.000,2.115,2.211,697965,1781607,0,811,761,761,44669760,1412988,394,422,0
650,1.469,0.668,0.000,2.137,2.207,697965,1781607,0,811,761,761,44669760,1412988,394,422,0
651,1.473,0.664,0.000,2.137,2.234,697965,1781607,0,811,761,761,44669760,1412988,394,422,0
652,1.459,0.664,0.000,2.123,2.230,697965,1781607,0,811,761,761,44669760,1412988,394,422,0
653,1.465,0.671,0.000,2.136,2.217,697965,1781607,0,811,761,761,44669760,1412988,394,422,0
654,1.507,0.662,0.000,2.169,2.232,697965,1781607,0,811,761,761,44669760,1412988,394,422,0
655,1.500,0.645,0.000,2.145,2.263,697965,1781607,0,811,761,761,44669760,1412988,394,422,0
656,1.457,0.664,0.000,2.121,2.238,697965,1781607,0,811,761,761,44669760,1412988,394,422,0
657,1.456,0.660,0.000,2.116,2.216,697965,1781607,0,811,761,761,44669760,1412988,394,422,0
658,1.450,0.673,0.000,2.123,2.210,697965,1781607,0,811,761,761,44669760,1412988,394,422,0
659,1.485,0.666,0.000,2.151,2.216,697965,1781607,0,811,761,761,44669760,1412988,394,422,0
660,1.457,0.672,0.000,2.129,2.244,697965,1781607,0,811,761,761,44669760,1412988,394,422,0
661,1.473,0.661,0.000,2.134,2.222,697965,1781607,0,811,761,761,44669760,1412988,394,422,0
662,1.474,0.659,0.000,2.133,2.230,697965,1781607,0,811,761,761,44669760,1412988,394,422,0
663,1.469,0.676,0.000,2.145,2.227,697965,1781607,0,811,761,761,44669760,1412988,394,422,0
664,1.462,0.655,0.000,2.117,2.239,697965,1781607,0,811,761,761,44669760,1412988,394,422,0
665,1.964,0.641,0.000,2.605,2.214,697965,1781607,0,811,761,761,44669760,1412988,394,422,0
666,1.543,0.682,0.000,2.225,2.713,697965,1781607,0,811,761,761,44669760,1412988,394,422,0
667,1.503,0.685,0.000,2.187,2.323,697965,1781607,0,811,761,761,44669760,1412988,394,422,0
668,1.530,0.693,0.000,2.223,2.284,697965,1781607,0,811,761,761,44669760,1412988,394,422,0
669,1.487,0.687,0.000,2.174,2.318,697965,1781607,0,811,761,761,44669760,1412988,394,422,0
670,1.478,0.675,0.000,2.153,2.271,697965,1781607,0,811,761,761,44669760,1412988,394,422,0
671,1.483,0.663,0.000,2.147,2.248,697965,1781607,0,811,761,761,44669760,1412988,394,422,0
672,1.475,0.649,0.000,2.124,2.246,697965,1781607,0,811,761,761,44669760,1412988,394,422,0
673,1.461,0.679,0.000,2.140,2.219,697965,1781607,0,811,761,761,44669760,1412988,394,422,0
674,1.473,0.682,0.000,2.155,2.236,697965,1781607,0,811,761,761,44669760,1412988,394,422,0
675,1.498,0.669,0.000,2.166,2.251,697965,1781607,0,811,761,761,44669760,1412988,394,422,0
676,1.471,0.661,0.000,2.132,2.261,697965,1781607,0,811,761,761,44669760,1412988,394,422,0
677,1.491,0.676,0.000,2.168,2.226,697965,1781607,0,811,761,761,44669760,1412988,394,422,0
678,1.495,0.677,0.000,2.173,2.264,697965,1781607,0,811,761,761,44669760,1412988,394,422,0
679,1.493,0.671,0.000,2.164,2.268,697965,1781607,0,811,761,761,44669760,1412988,394,422,0
680,1.473,0.664,0.000,2.138,2.257,697965,1781607,0,811,761,761,44669760,1412988,394,422,0
681,1.486,0.683,0.000,2.169,2.240,697965,1781607,0,811,761,761,44669760,1412988,394,422,0
682,1.458,0.670,0.000,2.128,2.263,697965,1781607,0,811,761,761,44669760,1412988,394,422,0
683,1.463,0.681,0.000,2.143,2.244,697965,1781607,0,811,761,761,44669760,1412988,394,422,0
684,1.504,0.677,0.000,2.181,2.238,697965,1781607,0,811,761,761,44669760,1412988,394,422,0
685,1.491,0.672,0.000,2.162,2.273,697965,1781607,0,811,761,761,44669760,1412988,394,422,0
686,1.448,0.648,0.000,2.095,2.254,697965,1781607,0,811,761,761,44669760,1412988,394,422,0
687,1.479,0.663,0.000,2.142,2.193,697965,1781607,0,811,761,761,44669760,1412988,394,422,0
688,1.467,0.671,0.000,2.138,2.236,697965,1781607,0,811,761,761,44669760,1412988,394,422,0
689,1.477,0.683,0.000,2.160,2.233,697965,1781607,0,811,761,761,44669760,1412988,394,422,0
690,1.460,0.665,0.000,2.125,2.256,697965,1781607,0,811,761,761,44669760,1412988,394,422,0
691,1.450,0.683,0.000,2.133,2.218,697965,1781607,0,811,761,761,44669760,1412988,394,422,0
692,1.497,0.646,0.000,2.143,2.227,697965,1781607,0,811,761,761,44669760,1412988,394,422,0
693,1.519,0.684,0.000,2.203,2.238,697965,1781607,0,811,761,761,44669760,1412988,394,422,0
694,1.495,0.674,0.000,2.169,2.297,697965,1781607,0,811,761,761,44669760,1412988,394,422,0
695,1.485,0.679,0.000,2.165,2.268,697965,1781607,0,811,761,761,44669760,1412988,394,422,0
696,1.469,0.686,0.000,2.155,2.259,697965,1781607,0,811,761,761,44669760,1412988,394,422,0
697,1.483,0.662,0.000,2.144,2.247,697965,1781607,0,811,761,761,44669760,1412988,394,422,0
698,1.435,0.691,0.000,2.125,2.239,697965,1781607,0,811,761,761,44669760,1412988,394,422,0
699,1.454,0.685,0.000,2.140,2.219,697965,1781607,0,811,761,761,44669760,1412988,394,422,0
700,1.470,0.688,0.000,2.158,2.236,697965,1781607,0,811,761,761,44669760,1412988,394,422,0
701,1.458,0.664,0.000,2.122,2.252,697965,1781607,0,811,761,761,44669760,1412988,394,422,0
702,1.482,0.682,0.000,2.164,2.220,697965,1781607,0,811,761,761,44669760,1412988,394,422,0
703,1.466,0.689,0.000,2.156,2.258,697965,1781607,0,811,761,761,44669760,1412988,394,422,0
704,1.436,0.643,0.000,2.079,2.249,697965,1781607,0,811,761,761,44669760,1412988,394,422,0
705,1.445,0.688,0.000,2.132,2.173,697965,1781607,0,811,761,761,44669760,1412988,394,422,0
706,1.364,0.644,0.000,2.008,2.229,697965,1781607,0,811,761,761,44669760,1412988,394,422,0
707,1.332,0.653,0.000,1.985,2.102,697965,1781607,0,811,761,761,44669760,1412988,394,422,0
708,1.471,0.668,0.000,2.139,2.077,697965,1781607,0,811,761,761,44669760,1412988,394,422,0
709,1.399,0.651,0.000,2.050,2.234,697965,1781607,0,811,761,761,44669760,1412988,394,422,0
710,1.368,0.655,0.000,2.023,2.147,697965,1781607,0,811,761,761,44669760,1412988,394,422,0
711,1.492,0.679,0.000,2.170,2.126,697965,1781607,0,811,761,761,44669760,1412988,394,422,0
712,1.399,0.659,0.000,2.058,2.266,697965,1781607,0,811,761,761,44669760,1412988,394,422,0
713,1.363,0.646,0.000,2.009,2.163,697965,1781607,0,811,761,761,44669760,1412988,394,422,0
714,1.383,0.640,0.000,2.024,2.109,697965,1781607,0,811,761,761,44669760,1412988,394,422,0
715,1.354,0.645,0.000,2.000,2.121,697965,1781607,0,811,761,761,44669760,1412988,394,422,0
716,1.360,0.634,0.000,1.995,2.093,697965,1781607,0,811,761,761,44669760,1412988,394,422,0
717,1.374,0.661,0.000,2.035,2.090,697965,1781607,0,811,761,761,44669760,1412988,394,422,0
718,1.450,0.669,0.000,2.119,2.130,697965,1781607,0,811,761,761,44669760,1412988,394,422,0
719,1.503,0.646,0.000,2.149,2.213,697965,1781607,0,811,761,761,44669760,1412988,394,422,0
720,1.457,0.670,0.000,2.126,2.247,697965,1781607,0,811,761,761,44669760,1412988,394,422,0
721,1.470,0.653,0.000,2.123,2.222,697965,1781607,0,811,761,761,44669760,1412988,394,422,0
722,1.469,0.679,0.000,2.148,2.221,697965,1781607,0,811,761,761,44669760,1412988,394,422,0
723,1.496,0.658,0.000,2.154,2.244,697965,1781607,0,811,761,761,44669760,1412988,394,422,0
724,1.500,0.649,0.000,2.150,2.249,697965,1781607,0,811,761,761,44669760,1412988,394,422,0
725,1.486,0.682,0.000,2.168,2.242,697965,1781607,0,811,761,761,44669760,1412988,394,422,0
726,1.472,0.665,0.000,2.138,2.264,697965,1781607,0,811,761,761,44669760,1412988,394,422,0
727,1.471,0.662,0.000,2.134,2.231,697965,1781607,0,811,761,761,44669760,1412988,394,422,0
728,1.477,0.679,0.000,2.156,2.227,697965,1781607,0,811,761,761,44669760,1412988,394,422,0
729,1.469,0.655,0.000,2.124,2.266,697965,1781607,0,811,761,761,44669760,1412988,394,422,0
730,1.442,0.659,0.000,2.101,2.218,697965,1781607,0,811,761,761,44669760,1412988,394,422,0
731,1.461,0.649,0.000,2.110,2.197,697965,1781607,0,811,761,761,44669760,1412988,394,422,0
732,1.490,0.685,0.000,2.175,2.205,697965,1781607,0,811,761,761,44669760,1412988,394,422,0
733,1.462,0.685,0.000,2.147,2.268,697965,1781607,0,811,761,761,44669760,1412988,394,422,0
734,1.485,0.669,0.000,2.154,2.243,697965,1781607,0,811,761,761,44669760,1412988,394,422,0
735,1.481,0.660,0.000,2.142,2.248,697965,1781607,0,811,761,761,44669760,1412988,394,422,0
736,1.497,0.674,0.000,2.171,2.234,697965,1781607,0,811,761,761,44669760,1412988,394,422,0
737,1.487,0.672,0.000,2.158,2.265,697965,1781607,0,811,761,761,44669760,1412988,394,422,0
738,1.476,0.642,0.000,2.119,2.254,697965,1781607,0,811,761,761,44669760,1412988,394,422,0
739,1.410,0.645,0.000,2.055,2.213,697965,1781607,0,811,761,761,44669760,1412988,394,422,0
740,1.457,0.674,0.000,2.131,2.153,697965,1781607,0,811,761,761,44669760,1412988,394,422,0
741,1.478,0.663,0.000,2.141,2.227,697965,1781607,0,811,761,761,44669760,1412988,394,422,0
742,1.506,0.636,0.000,2.142,2.234,697965,1781607,0,811,761,761,44669760,1412988,394,422,0
743,1.488,0.645,0.000,2.133,2.237,697965,1781607,0,811,761,761,44669760,1412988,394,422,0
744,1.451,0.675,0.000,2.126,2.225,697965,1781607,0,811,761,761,44669760,1412988,394,422,0
745,1.461,0.661,0.000,2.122,2.222,697965,1781607,0,811,761,761,44669760,1412988,394,422,0
746,1.533,0.670,0.000,2.203,2.216,697965,1781607,0,811,761,761,44669760,1412988,394,422,0
747,1.485,0.685,0.000,2.170,2.302,697965,1781607,0,811,761,761,44669760,1412988,394,422,0
748,1.471,0.657,0.000,2.128,2.265,697965,1781607,0,811,761,761,44669760,1412988,394,422,0
749,1.465,0.671,0.000,2.136,2.222,697965,1781607,0,811,761,761,44669760,1412988,394,422,0
750,1.450,0.672,0.000,2.122,2.230,697965,1781607,0,811,761,761,44669760,1412988,394,422,0
751,1.467,0.681,0.000,2.149,2.218,697965,1781607,0,811,761,761,44669760,1412988,394,422,0
752,1.467,0.636,0.000,2.103,2.243,697965,1781607,0,811,761,761,44669760,1412988,394,422,0
753,1.402,0.676,0.000,2.078,2.187,697965,1781607,0,811,761,761,44669760,1412988,394,422,0
754,1.496,0.659,0.000,2.155,2.190,697965,1781607,0,811,761,761,44669760,1412988,394,422,0
755,1.475,0.674,0.000,2.148,2.251,697965,1781607,0,811,761,761,44669760,1412988,394,422,0
756,1.459,0.657,0.000,2.116,2.242,697965,1781607,0,811,761,761,44669760,1412988,394,422,0
757,1.484,0.664,0.000,2.147,2.211,697965,1781607,0,811,761,761,44669760,1412988,394,422,0
758,1.467,0.654,0.000,2.121,2.241,697965,1781607,0,811,761,761,44669760,1412988,394,422,0
759,1.469,0.674,0.000,2.143,2.220,697965,1781607,0,811,761,761,44669760,1412988,394,422,0
760,1.479,0.663,0.000,2.142,2.238,697965,1781607,0,811,761,761,44669760,1412988,394,422,0
761,1.442,0.670,0.000,2.112,2.236,697965,1781607,0,811,761,761,44669760,1412988,394,422,0
762,1.445,0.678,0.000,2.123,2.207,697965,1781607,0,811,761,761,44669760,1412988,394,422,0
763,1.483,0.671,0.000,2.154,2.218,697965,1781607,0,811,761,761,44669760,1412988,394,422,0
764,1.434,0.630,0.000,2.064,2.246,697965,1781607,0,811,761,761,44669760,1412988,394,422,0
765,1.399,0.638,0.000,2.037,2.160,697965,1781607,0,811,761,761,44669760,1412988,394,422,0
766,1.380,0.623,0.000,2.003,2.131,697965,1781607,0,811,761,761,44669760,1412988,394,422,0
767,1.473,0.645,0.000,2.117,2.101,697965,1781607,0,811,761,761,44669760,1412988,394,422,0
768,1.497,0.664,0.000,2.161,2.213,697965,1781607,0,811,761,761,44669760,1412988,394,422,0
769,1.479,0.713,0.000,2.191,2.254,697965,1781607,0,811,761,761,44669760,1412988,394,422,0
770,1.538,0.695,0.000,2.233,2.301,697965,1781607,0,811,761,761,44669760,1412988,394,422,0
771,1.529,0.684,0.000,2.213,2.332,697965,1781607,0,811,761,761,44669760,1412988,394,422,0
772,1.501,0.669,0.000,2.171,2.308,697965,1781607,0,811,761,761,44669760,1412988,394,422,0
773,1.485,0.661,0.000,2.146,2.266,697965,1781607,0,811,761,761,44669760,1412988,394,422,0
774,1.509,0.675,0.000,2.184,2.241,697965,1781607,0,811,761,761,44669760,1412988,394,422,0
775,1.485,0.661,0.000,2.146,2.278,697965,1781607,0,811,761,761,44669760,1412988,394,422,0
776,1.485,0.679,0.000,2.165,2.239,697965,1781607,0,811,761,761,44669760,1412988,394,422,0
777,1.447,0.661,0.000,2.109,2.260,697965,1781607,0,811,761,761,44669760,1412988,394,422,0
778,1.452,0.676,0.000,2.128,2.202,697965,1781607,0,811,761,761,44669760,1412988,394,422,0
779,1.470,0.674,0.000,2.145,2.222,697965,1781607,0,811,761,761,44669760,1412988,394,422,0
780,1.488,0.673,0.000,2.161,2.241,697965,1781607,0,811,761,761,44669760,1412988,394,422,0
781,1.465,0.662,0.000,2.127,2.256,697965,1781607,0,811,761,761,44669760,1412988,394,422,0
782,1.488,0.654,0.000,2.142,2.230,697965,1781607,0,811,761,761,44669760,1412988,394,422,0
783,1.494,0.653,0.000,2.147,2.237,697965,1781607,0,811,761,761,44669760,1412988,394,422,0
784,1.468,0.657,0.000,2.125,2.241,697965,1781607,0,811,761,761,44669760,1412988,394,422,0
785,1.456,0.640,0.000,2.097,2.222,697965,1781607,0,811,761,761,44669760,1412988,394,422,0
786,1.401,0.660,0.000,2.061,2.192,697965,1781607,0,811,761,761,44669760,1412988,394,422,0
787,1.466,0.646,0.000,2.113,2.153,697965,1781607,0,811,761,761,44669760,1412988,394,422,0
788,1.449,0.649,0.000,2.097,2.210,697965,1781607,0,811,761,761,44669760,1412988,394,422,0
789,1.471,0.651,0.000,2.121,2.191,697965,1781607,0,811,761,761,44669760,1412988,394,422,0
790,1.446,0.630,0.000,2.076,2.213,697965,1781607,0,811,761,761,44669760,1412988,394,422,0
791,1.376,0.656,0.000,2.032,2.174,697965,1781607,0,811,761,761,44669760,1412988,394,422,0
792,1.517,0.662,0.000,2.179,2.129,697965,1781607,0,811,761,761,44669760,1412988,394,422,0
793,1.359,0.646,0.000,2.005,2.272,697965,1781607,0,811,761,761,44669760,1412988,394,422,0
794,1.371,0.646,0.000,2.017,2.104,697965,1781607,0,811,761,761,44669760,1412988,394,422,0
795,1.508,0.671,0.000,2.179,2.113,697965,1781607,0,811,761,761,44669760,1412988,394,422,0
796,1.462,0.650,0.000,2.112,2.274,697965,1781607,0,811,761,761,44669760,1412988,394,422,0
797,1.470,0.672,0.000,2.143,2.206,697965,1781607,0,811,761,761,44669760,1412988,394,422,0
798,1.479,0.672,0.000,2.152,2.235,697965,1781607,0,811,761,761,44669760,1412988,394,422,0
799,1.470,0.679,0.000,2.149,2.247,697965,1781607,0,811,761,761,44669760,1412988,394,422,0
800,1.459,0.647,0.000,2.106,2.243,697965,1781607,0,811,761,761,44669760,1412988,394,422,0
801,1.362,0.632,0.000,1.994,2.199,697965,1781607,0,811,761,761,44669760,1412988,394,422,0
802,1.349,0.616,0.000,1.964,2.092,697965,1781607,0,811,761,761,44669760,1412988,394,422,0
803,1.449,0.647,0.000,2.096,2.058,697965,1781607,0,811,761,761,44669760,1412988,394,422,0
804,1.378,0.625,0.000,2.003,2.188,697965,1781607,0,811,761,761,44669760,1412988,394,422,0
805,1.461,0.642,0.000,2.103,2.104,697965,1781607,0,811,761,761,44669760,1412988,394,422,0
806,1.502,0.626,0.000,2.128,2.197,697965,1781607,0,811,761,761,44669760,1412988,394,422,0
807,1.415,0.688,0.000,2.104,2.222,697965,1781607,0,811,761,761,44669760,1412988,394,422,0
808,1.429,0.654,0.000,2.083,2.198,697965,1781607,0,811,761,761,44669760,1412988,394,422,0
809,1.427,0.665,0.000,2.092,2.176,697965,1781607,0,811,761,761,44669760,1412988,394,422,0
810,1.450,0.642,0.000,2.092,2.187,697965,1781607,0,811,761,761,44669760,1412988,394,422,0
811,1.367,0.679,0.000,2.046,2.188,697965,1781607,0,811,761,761,44669760,1412988,394,422,0
812,1.459,0.689,0.000,2.148,2.143,697965,1781607,0,811,761,761,44669760,1412988,394,422,0
813,1.475,0.651,0.000,2.126,2.245,697965,1781607,0,811,761,761,44669760,1412988,394,422,0
814,1.437,0.664,0.000,2.102,2.219,697965,1781607,0,811,761,761,44669760,1412988,394,422,0
815,1.519,0.650,0.000,2.169,2.193,697965,1781607,0,811,761,761,44669760,1412988,394,422,0
816,1.556,0.662,0.000,2.218,2.311,697965,1781607,0,811,761,761,44669760,1412988,394,422,0
817,1.542,0.652,0.000,2.194,2.321,697965,1781607,0,811,761,761,44669760,1412988,394,422,0
818,1.486,0.647,0.000,2.133,2.295,697965,1781607,0,811,761,761,44669760,1412988,394,422,0
819,1.473,0.642,0.000,2.115,2.229,697965,1781607,0,811,761,761,44669760,1412988,394,422,0
820,1.442,0.671,0.000,2.113,2.208,697965,1781607,0,811,761,761,44669760,1412988,394,422,0
821,1.471,0.673,0.000,2.144,2.205,697965,1781607,0,811,761,761,44669760,1412988,394,422,0
822,1.509,0.656,0.000,2.166,2.241,697965,1781607,0,811,761,761,44669760,1412988,394,422,0
823,1.497,0.650,0.000,2.148,2.260,697965,1781607,0,811,761,761,44669760,1412988,394,422,0
824,1.542,0.668,0.000,2.210,2.242,697965,1781607,0,811,761,761,44669760,1412988,394,422,0
825,1.520,0.677,0.000,2.196,2.306,697965,1781607,0,811,761,761,44669760,1412988,394,422,0
826,1.497,0.685,0.000,2.181,2.289,697965,1781607,0,811,761,761,44669760,1412988,394,422,0
827,1.480,0.660,0.000,2.141,2.276,697965,1781607,0,811,761,761,44669760,1412988,394,422,0
828,1.464,0.630,0.000,2.094,2.235,697965,1781607,0,811,761,761,44669760,1412988,394,422,0
829,1.448,0.679,0.000,2.127,2.187,697965,1781607,0,811,761,761,44669760,1412988,394,422,0
830,1.434,0.656,0.000,2.090,2.224,697965,1781607,0,811,761,761,44669760,1412988,394,422,0
831,1.542,0.644,0.000,2.185,2.189,697965,1781607,0,811,761,761,44669760,1412988,394,422,0
832,1.518,0.677,0.000,2.195,2.278,697965,1781607,0,811,761,761,44669760,1412988,394,422,0
833,1.496,0.659,0.000,2.155,2.288,697965,1781607,0,811,761,761,44669760,1412988,394,422,0
834,1.474,0.668,0.000,2.141,2.248,697965,1781607,0,811,761,761,44669760,1412988,394,422,0
835,1.498,0.632,0.000,2.130,2.233,697965,1781607,0,811,761,761,44669760,1412988,394,422,0
836,1.485,0.643,0.000,2.128,2.225,697965,1781607,0,811,761,761,44669760,1412988,394,422,0
837,1.465,0.690,0.000,2.155,2.222,697965,1781607,0,811,761,761,44669760,1412988,394,422,0
838,1.455,0.681,0.000,2.136,2.254,697965,1781607,0,811,761,761,44669760,1412988,394,422,0
839,1.478,0.658,0.000,2.136,2.232,697965,1781607,0,811,761,761,44669760,1412988,394,422,0
840,1.452,0.630,0.000,2.082,2.236,697965,1781607,0,811,761,761,44669760,1412988,394,422,0
841,1.490,0.682,0.000,2.172,2.183,697965,1781607,0,811,761,761,44669760,1412988,394,422,0
842,1.511,0.640,0.000,2.151,2.267,697965,1781607,0,811,761,761,44669760,1412988,394,422,0
843,1.479,0.659,0.000,2.138,2.254,697965,1781607,0,811,761,761,44669760,1412988,394,422,0
844,1.491,0.673,0.000,2.163,2.237,697965,1781607,0,811,761,761,44669760,1412988,394,422,0
845,1.482,0.668,0.000,2.150,2.257,697965,1781607,0,811,761,761,44669760,1412988,394,422,0
846,1.504,0.660,0.000,2.164,2.243,697965,1781607,0,811,761,761,44669760,1412988,394,422,0
847,1.532,0.665,0.000,2.197,2.260,697965,1781607,0,811,761,761,44669760,1412988,394,422,0
848,1.459,0.674,0.000,2.133,2.292,697965,1781607,0,811,761,761,44669760,1412988,394,422,0
849,1.492,0.646,0.000,2.138,2.225,697965,1781607,0,811,761,761,44669760,1412988,394,422,0
850,1.480,0.667,0.000,2.147,2.233,697965,1781607,0,811,761,761,44669760,1412988,394,422,0
851,1.442,0.656,0.000,2.098,2.240,697965,1781607,0,811,761,761,44669760,1412988,394,422,0
852,1.500,0.646,0.000,2.147,2.193,697965,1781607,0,811,761,761,44669760,1412988,394,422,0
853,1.517,0.673,0.000,2.190,2.250,697965,1781607,0,811,761,761,44669760,1412988,394,422,0
854,1.545,0.665,0.000,2.211,2.296,697965,1781607,0,811,761,761,44669760,1412988,394,422,0
855,1.448,0.667,0.000,2.115,2.308,697965,1781607,0,811,761,761,44669760,1412988,394,422,0
856,1.461,0.666,0.000,2.127,2.209,697965,1781607,0,811,761,761,44669760,1412988,394,422,0
857,1.472,0.657,0.000,2.129,2.221,697965,1781607,0,811,761,761,44669760,1412988,394,422,0
858,1.477,0.644,0.000,2.121,2.222,697965,1781607,0,811,761,761,44669760,1412988,394,422,0
859,1.500,0.657,0.000,2.156,2.215,697965,1781607,0,811,761,761,44669760,1412988,394,422,0
860,1.497,0.649,0.000,2.147,2.250,697965,1781607,0,811,761,761,44669760,1412988,394,422,0
861,1.510,0.659,0.000,2.169,2.241,697965,1781607,0,811,761,761,44669760,1412988,394,422,0
862,1.535,0.683,0.000,2.217,2.264,697965,1781607,0,811,761,761,44669760,1412988,394,422,0
863,1.507,0.679,0.000,2.186,2.311,697965,1781607,0,811,761,761,44669760,1412988,394,422,0
864,1.502,0.682,0.000,2.184,2.278,697965,1781607,0,811,761,761,44669760,1412988,394,422,0
865,1.495,0.666,0.000,2.160,2.277,697965,1781607,0,811,761,761,44669760,1412988,394,422,0
866,1.494,0.676,0.000,2.170,2.256,697965,1781607,0,811,761,761,44669760,1412988,394,422,0
867,1.487,0.675,0.000,2.161,2.265,697965,1781607,0,811,761,761,44669760,1412988,394,422,0
868,1.469,0.662,0.000,2.131,2.256,697965,1781607,0,811,761,761,44669760,1412988,394,422,0
869,1.492,0.651,0.000,2.143,2.230,697965,1781607,0,811,761,761,44669760,1412988,394,422,0
870,1.443,0.676,0.000,2.119,2.241,697965,1781607,0,811,761,761,44669760,1412988,394,422,0
871,1.463,0.678,0.000,2.141,2.218,697965,1781607,0,811,761,761,44669760,1412988,394,422,0
872,1.490,0.665,0.000,2.155,2.237,697965,1781607,0,811,761,761,44669760,1412988,394,422,0
873,1.471,0.668,0.000,2.139,2.249,697965,1781607,0,811,761,761,44669760,1412988,394,422,0
874,1.423,0.675,0.000,2.098,2.233,697965,1781607,0,811,761,761,44669760,1412988,394,422,0
875,1.438,0.655,0.000,2.093,2.194,697965,1781607,0,811,761,761,44669760,1412988,394,422,0
876,1.451,0.671,0.000,2.121,2.189,697965,1781607,0,811,761,761,44669760,1412988,394,422,0
877,1.433,0.672,0.000,2.105,2.216,697965,1781607,0,811,761,761,44669760,1412988,394,422,0
878,1.482,0.658,0.000,2.139,2.198,697965,1781607,0,811,761,761,44669760,1412988,394,422,0
879,1.468,0.658,0.000,2.125,2.233,697965,1781607,0,811,761,761,44669760,1412988,394,422,0
880,1.463,0.655,0.000,2.118,2.222,697965,1781607,0,811,761,761,44669760,1412988,394,422,0
881,1.489,0.668,0.000,2.157,2.211,697965,1781607,0,811,761,761,44669760,1412988,394,422,0
882,1.491,0.666,0.000,2.158,2.251,697965,1781607,0,811,761,761,44669760,1412988,394,422,0
883,1.500,0.687,0.000,2.188,2.254,697965,1781607,0,811,761,761,44669760,1412988,394,422,0
884,1.478,0.637,0.000,2.115,2.285,697965,1781607,0,811,761,761,44669760,1412988,394,422,0
885,1.452,0.674,0.000,2.127,2.208,697965,1781607,0,811,761,761,44669760,1412988,394,422,0
886,1.376,0.632,0.000,2.008,2.222,697965,1781607,0,811,761,761,44669760,1412988,394,422,0
887,1.366,0.644,0.000,2.010,2.092,697965,1781607,0,811,761,761,44669760,1412988,394,422,0
888,1.498,0.657,0.000,2.155,2.094,697965,1781607,0,811,761,761,44669760,1412988,394,422,0
889,1.495,0.676,0.000,2.171,2.252,697965,1781607,0,811,761,761,44669760,1412988,394,422,0
890,1.481,0.680,0.000,2.161,2.265,697965,1781607,0,811,761,761,44669760,1412988,394,422,0
891,1.501,0.656,0.000,2.157,2.279,697965,1781607,0,811,761,761,44669760,1412988,394,422,0
892,1.456,0.682,0.000,2.138,2.252,697965,1781607,0,811,761,761,44669760,1412988,394,422,0
893,1.453,0.667,0.000,2.120,2.232,697965,1781607,0,811,761,761,44669760,1412988,394,422,0
894,1.483,0.656,0.000,2.139,2.216,697965,1781607,0,811,761,761,44669760,1412988,394,422,0
895,1.454,0.670,0.000,2.125,2.233,697965,1781607,0,811,761,761,44669760,1412988,394,422,0
896,1.459,0.690,0.000,2.148,2.219,697965,1781607,0,811,761,761,44669760,1412988,394,422,0
897,1.473,0.671,0.000,2.143,2.244,697965,1781607,0,811,761,761,44669760,1412988,394,422,0
898,1.477,0.658,0.000,2.135,2.238,697965,1781607,0,811,761,761,44669760,1412988,394,422,0
899,1.480,0.675,0.000,2.155,2.231,697965,1781607,0,811,761,761,44669760,1412988,394,422,0
900,1.482,0.649,0.000,2.131,2.252,697965,1781607,0,811,761,761,44669760,1412988,394,422,0
901,1.456,0.648,0.000,2.104,2.225,697965,1781607,0,811,761,761,44669760,1412988,394,422,0
902,1.452,0.664,0.000,2.116,2.196,697965,1781607,0,811,761,761,44669760,1412988,394,422,0
903,1.502,0.631,0.000,2.133,2.211,697965,1781607,0,811,761,761,44669760,1412988,394,422,0
904,1.487,0.660,0.000,2.147,2.227,697965,1781607,0,811,761,761,44669760,1412988,394,422,0
905,1.473,0.671,0.000,2.144,2.241,697965,1781607,0,811,761,761,44669760,1412988,394,422,0
906,1.462,0.674,0.000,2.135,2.239,697965,1781607,0,811,761,761,44669760,1412988,394,422,0
907,1.480,0.668,0.000,2.148,2.230,697965,1781607,0,811,761,761,44669760,1412988,394,422,0
908,1.522,0.649,0.000,2.172,2.243,697965,1781607,0,811,761,761,44669760,1412988,394,422,0
909,1.500,0.682,0.000,2.183,2.266,697965,1781607,0,811,761,761,44669760,1412988,394,422,0
910,1.459,0.660,0.000,2.119,2.276,697965,1781607,0,811,761,761,44669760,1412988,394,422,0
911,1.455,0.686,0.000,2.141,2.218,697965,1781607,0,811,761,761,44669760,1412988,394,422,0
912,1.474,0.651,0.000,2.125,2.238,697965,1781607,0,811,761,761,44669760,1412988,394,422,0
913,1.441,0.689,0.000,2.131,2.218,697965,1781607,0,811,761,761,44669760,1412988,394,422,0
914,1.444,0.664,0.000,2.108,2.227,697965,1781607,0,811,761,761,44669760,1412988,394,422,0
915,1.431,0.682,0.000,2.113,2.203,697965,1781607,0,811,761,761,44669760,1412988,394,422,0
916,1.446,0.657,0.000,2.103,2.207,697965,1781607,0,811,761,761,44669760,1412988,394,422,0
917,1.444,0.669,0.000,2.113,2.200,697965,1781607,0,811,761,761,44669760,1412988,394,422,0
918,1.433,0.667,0.000,2.100,2.206,697965,1781607,0,811,761,761,44669760,1412988,394,422,0
919,1.452,0.678,0.000,2.130,2.193,697965,1781607,0,811,761,761,44669760,1412988,394,422,0
920,1.471,0.674,0.000,2.146,2.225,697965,1781607,0,811,761,761,44669760,1412988,394,422,0
921,1.476,0.684,0.000,2.160,2.239,697965,1781607,0,811,761,761,44669760,1412988,394,422,0
922,1.479,0.641,0.000,2.120,2.256,697965,1781607,0,811,761,761,44669760,1412988,394,422,0
923,1.448,0.668,0.000,2.116,2.218,697965,1781607,0,811,761,761,44669760,1412988,394,422,0
924,1.370,0.680,0.000,2.050,2.226,697965,1781607,0,811,761,761,44669760,1412988,394,422,0
925,1.468,0.668,0.000,2.137,2.145,697965,1781607,0,811,761,761,44669760,1412988,394,422,0
926,1.462,0.670,0.000,2.133,2.231,697965,1781607,0,811,761,761,44669760,1412988,394,422,0
927,1.475,0.680,0.000,2.155,2.225,697965,1781607,0,811,761,761,44669760,1412988,394,422,0
928,1.453,0.674,0.000,2.128,2.249,697965,1781607,0,811,761,761,44669760,1412988,394,422,0
929,1.473,0.670,0.000,2.142,2.222,697965,1781607,0,811,761,761,44669760,1412988,394,422,0
930,1.422,0.647,0.000,2.069,2.237,697965,1781607,0,811,761,761,44669760,1412988,394,422,0
931,1.432,0.654,0.000,2.085,2.164,697965,1781607,0,811,761,761,44669760,1412988,394,422,0
932,1.425,0.659,0.000,2.084,2.180,697965,1781607,0,811,761,761,44669760,1412988,394,422,0
933,1.486,0.636,0.000,2.122,2.176,697965,1781607,0,811,761,761,44669760,1412988,394,422,0
934,1.440,0.672,0.000,2.111,2.220,697965,1781607,0,811,761,761,44669760,1412988,394,422,0
935,1.446,0.702,0.000,2.148,2.204,697965,1781607,0,811,761,761,44669760,1412988,394,422,0
936,1.454,0.645,0.000,2.099,2.245,697965,1781607,0,811,761,761,44669760,1412988,394,422,0
937,1.449,0.673,0.000,2.121,2.191,697965,1781607,0,811,761,761,44669760,1412988,394,422,0
938,1.457,0.685,0.000,2.142,2.219,697965,1781607,0,811,761,761,44669760,1412988,394,422,0
939,1.469,0.665,0.000,2.134,2.238,697965,1781607,0,811,761,761,44669760,1412988,394,422,0
940,1.458,0.674,0.000,2.132,2.229,697965,1781607,0,811,761,761,44669760,1412988,394,422,0
941,1.483,0.706,0.000,2.189,2.226,697965,1781607,0,811,761,761,44669760,1412988,394,422,0
942,1.495,0.679,0.000,2.174,2.285,697965,1781607,0,811,761,761,44669760,1412988,394,422,0
943,1.483,0.660,0.000,2.143,2.270,697965,1781607,0,811,761,761,44669760,1412988,394,422,0
944,1.476,0.660,0.000,2.136,2.237,697965,1781607,0,811,761,761,44669760,1412988,394,422,0
945,1.473,0.662,0.000,2.135,2.231,697965,1781607,0,811,761,761,44669760,1412988,394,422,0
946,1.445,0.683,0.000,2.127,2.229,697965,1781607,0,811,761,761,44669760,1412988,394,422,0
947,1.457,0.646,0.000,2.103,2.221,697965,1781607,0,811,761,761,44669760,1412988,394,422,0
948,1.473,0.670,0.000,2.143,2.197,697965,1781607,0,811,761,761,44669760,1412988,394,422,0
949,1.433,0.656,0.000,2.089,2.237,697965,1781607,0,811,761,761,44669760,1412988,394,422,0
950,1.421,0.687,0.000,2.108,2.185,697965,1781607,0,811,761,761,44669760,1412988,394,422,0
951,1.442,0.665,0.000,2.107,2.205,697965,1781607,0,811,761,761,44669760,1412988,394,422,0
952,1.423,0.681,0.000,2.104,2.201,697965,1781607,0,811,761,761,44669760,1412988,394,422,0
953,1.442,0.684,0.000,2.126,2.199,697965,1781607,0,811,761,761,44669760,1412988,394,422,0
954,1.446,0.680,0.000,2.126,2.223,697965,1781607,0,811,761,761,44669760,1412988,394,422,0
955,1.452,0.654,0.000,2.106,2.220,697965,1781607,0,811,761,761,44669760,1412988,394,422,0
956,1.462,0.683,0.000,2.145,2.201,697965,1781607,0,811,761,761,44669760,1412988,394,422,0
957,1.483,0.679,0.000,2.162,2.240,697965,1781607,0,811,761,761,44669760,1412988,394,422,0
958,1.460,0.677,0.000,2.137,2.256,697965,1781607,0,811,761,761,44669760,1412988,394,422,0
959,1.468,0.658,0.000,2.125,2.233,697965,1781607,0,811,761,761,44669760,1412988,394,422,0
960,1.442,0.692,0.000,2.134,2.220,697965,1781607,0,811,761,761,44669760,1412988,394,422,0
961,1.447,0.687,0.000,2.134,2.228,697965,1781607,0,811,761,761,44669760,1412988,394,422,0
962,1.470,0.676,0.000,2.146,2.234,697965,1781607,0,811,761,761,44669760,1412988,394,422,0
963,1.479,0.664,0.000,2.143,2.242,697965,1781607,0,811,761,761,44669760,1412988,394,422,0
964,1.452,0.690,0.000,2.142,2.239,697965,1781607,0,811,761,761,44669760,1412988,394,422,0
965,1.470,0.673,0.000,2.143,2.236,697965,1781607,0,811,761,761,44669760,1412988,394,422,0
966,1.472,0.670,0.000,2.141,2.236,697965,1781607,0,811,761,761,44669760,1412988,394,422,0
967,1.472,0.658,0.000,2.131,2.240,697965,1781607,0,811,761,761,44669760,1412988,394,422,0
968,1.437,0.683,0.000,2.120,2.224,697965,1781607,0,811,761,761,44669760,1412988,394,422,0
969,1.428,0.661,0.000,2.088,2.215,697965,1781607,0,811,761,761,44669760,1412988,394,422,0
970,1.433,0.671,0.000,2.104,2.182,697965,1781607,0,811,761,761,44669760,1412988,394,422,0
971,1.458,0.644,0.000,2.102,2.199,697965,1781607,0,811,761,761,44669760,1412988,394,422,0
972,1.430,0.658,0.000,2.089,2.196,697965,1781607,0,811,761,761,44669760,1412988,394,422,0
973,1.428,0.673,0.000,2.101,2.184,697965,1781607,0,811,761,761,44669760,1412988,394,422,0
974,1.429,0.694,0.000,2.123,2.195,697965,1781607,0,811,761,761,44669760,1412988,394,422,0
975,1.504,0.689,0.000,2.193,2.217,697965,1781607,0,811,761,761,44669760,1412988,394,422,0
976,1.487,0.663,0.000,2.149,2.292,697965,1781607,0,811,761,761,44669760,1412988,394,422,0
977,1.470,0.654,0.000,2.124,2.243,697965,1781607,0,811,761,761,44669760,1412988,394,422,0
978,1.504,0.656,0.000,2.160,2.220,697965,1781607,0,811,761,761,44669760,1412988,394,422,0
979,1.464,0.677,0.000,2.141,2.272,697965,1781607,0,811,761,761,44669760,1412988,394,422,0
980,1.487,0.674,0.000,2.161,2.237,697965,1781607,0,811,761,761,44669760,1412988,394,422,0
981,1.473,0.668,0.000,2.141,2.258,697965,1781607,0,811,761,761,44669760,1412988,394,422,0
982,1.488,0.675,0.000,2.163,2.236,697965,1781607,0,811,761,761,44669760,1412988,394,422,0
983,1.451,0.667,0.000,2.118,2.258,697965,1781607,0,811,761,761,44669760,1412988,394,422,0
984,1.474,0.670,0.000,2.144,2.213,697965,1781607,0,811,761,761,44669760,1412988,394,422,0
985,1.469,0.664,0.000,2.133,2.239,697965,1781607,0,811,761,761,44669760,1412988,394,422,0
986,1.423,0.680,0.000,2.103,2.228,697965,1781607,0,811,761,761,44669760,1412988,394,422,0
987,1.404,0.659,0.000,2.063,2.201,697965,1781607,0,811,761,761,44669760,1412988,394,422,0
988,1.449,0.673,0.000,2.122,2.157,697965,1781607,0,811,761,761,44669760,1412988,394,422,0
989,1.444,0.676,0.000,2.120,2.216,697965,1781607,0,811,761,761,44669760,1412988,394,422,0
990,1.438,0.676,0.000,2.113,2.218,697965,1781607,0,811,761,761,44669760,1412988,394,422,0
991,1.428,0.684,0.000,2.112,2.208,697965,1781607,0,811,761,761,44669760,1412988,394,422,0
992,1.427,0.650,0.000,2.077,2.208,697965,1781607,0,811,761,761,44669760,1412988,394,422,0
993,1.417,0.662,0.000,2.079,2.172,697965,1781607,0,811,761,761,44669760,1412988,394,422,0
994,1.491,0.670,0.000,2.161,2.173,697965,1781607,0,811,761,761,44669760,1412988,394,422,0
995,1.472,0.652,0.000,2.124,2.257,697965,1781607,0,811,761,761,44669760,1412988,394,422,0
996,1.477,0.661,0.000,2.137,2.220,697965,1781607,0,811,761,761,44669760,1412988,394,422,0
997,1.481,0.673,0.000,2.154,2.232,697965,1781607,0,811,761,761,44669760,1412988,394,422,0
998,1.482,0.675,0.000,2.158,2.248,697965,1781607,0,811,761,761,44669760,1412988,394,422,0
999,1.465,0.666,0.000,2.130,2.252,697965,1781607,0,811,761,761,44669760,1412988,394,422,0
1000,1.472,0.667,0.000,2.138,2.224,697965,1781607,0,811,761,761,44669760,1412988,394,422,0
1001,1.500,0.678,0.000,2.178,2.234,697965,1781607,0,811,761,761,44669760,1412988,394,422,0
1002,1.492,0.692,0.000,2.184,2.271,697965,1781607,0,811,761,761,44669760,1412988,394,422,0
1003,1.482,0.655,0.000,2.137,2.278,697965,1781607,0,811,761,761,44669760,1412988,394,422,0
1004,1.462,0.647,0.000,2.109,2.230,697965,1781607,0,811,761,761,44669760,1412988,394,422,0
1005,1.412,0.677,0.000,2.089,2.204,697965,1781607,0,811,761,761,44669760,1412988,394,422,0
1006,1.435,0.658,0.000,2.093,2.183,697965,1781607,0,811,761,761,44669760,1412988,394,422,0
1007,1.439,0.657,0.000,2.096,2.187,697965,1781607,0,811,761,761,44669760,1412988,394,422,0
1008,1.465,0.676,0.000,2.141,2.189,697965,1781607,0,811,761,761,44669760,1412988,394,422,0
1009,1.430,0.696,0.000,2.127,2.237,697965,1781607,0,811,761,761,44669760,1412988,394,422,0
1010,1.428,0.658,0.000,2.086,2.219,697965,1781607,0,811,761,761,44669760,1412988,394,422,0
1011,1.450,0.651,0.000,2.101,2.183,697965,1781607,0,811,761,761,44669760,1412988,394,422,0
1012,1.436,0.681,0.000,2.117,2.196,697965,1781607,0,811,761,761,44669760,1412988,394,422,0
1013,1.481,0.683,0.000,2.164,2.212,697965,1781607,0,811,761,761,44669760,1412988,394,422,0
1014,1.491,0.673,0.000,2.164,2.257,697965,1781607,0,811,761,761,44669760,1412988,394,422,0
1015,1.433,0.649,0.000,2.082,2.261,697965,1781607,0,811,761,761,44669760,1412988,394,422,0
1016,1.479,0.672,0.000,2.151,2.176,697965,1781607,0,811,761,761,44669760,1412988,394,422,0
1017,1.452,0.688,0.000,2.140,2.245,697965,1781607,0,811,761,761,44669760,1412988,394,422,0
1018,1.461,0.652,0.000,2.113,2.235,697965,1781607,0,811,761,761,44669760,1412988,394,422,0
1019,1.470,0.647,0.000,2.118,2.210,697965,1781607,0,811,761,761,44669760,1412988,394,422,0
1020,1.484,0.675,0.000,2.159,2.213,697965,1781607,0,811,761,761,44669760,1412988,394,422,0
1021,1.482,0.679,0.000,2.161,2.255,697965,1781607,0,811,761,761,44669760,1412988,394,422,0
1022,1.475,0.662,0.000,2.136,2.255,697965,1781607,0,811,761,761,44669760,1412988,394,422,0
1023,1.455,0.649,0.000,2.104,2.236,697965,1781607,0,811,761,761,44669760,1412988,394,422,0
1024,1.449,0.691,0.000,2.140,2.199,697965,1781607,0,811,761,761,44669760,1412988,394,422,0
1025,1.452,0.638,0.000,2.090,2.232,697965,1781607,0,811,761,761,44669760,1412988,394,422,0
1026,1.437,0.672,0.000,2.109,2.187,697965,1781607,0,811,761,761,44669760,1412988,394,422,0
1027,1.422,0.682,0.000,2.104,2.204,697965,1781607,0,811,761,761,44669760,1412988,394,422,0
1028,1.449,0.645,0.000,2.094,2.197,697965,1781607,0,811,761,761,44669760,1412988,394,422,0
1029,1.475,0.656,0.000,2.132,2.191,697965,1781607,0,811,761,761,44669760,1412988,394,422,0
1030,1.503,0.646,0.000,2.149,2.226,697965,1781607,0,811,761,761,44669760,1412988,394,422,0
1031,1.453,0.678,0.000,2.132,2.241,697965,1781607,0,811,761,761,44669760,1412988,394,422,0
1032,1.456,0.654,0.000,2.111,2.227,697965,1781607,0,811,761,761,44669760,1412988,394,422,0
1033,1.470,0.651,0.000,2.121,2.204,697965,1781607,0,811,761,761,44669760,1412988,394,422,0
1034,1.489,0.645,0.000,2.134,2.217,697965,1781607,0,811,761,761,44669760,1412988,394,422,0
1035,1.454,0.667,0.000,2.121,2.233,697965,1781607,0,811,761,761,44669760,1412988,394,422,0
1036,1.452,0.675,0.000,2.128,2.214,697965,1781607,0,811,761,761,44669760,1412988,394,422,0
1037,1.462,0.660,0.000,2.122,2.223,697965,1781607,0,811,761,761,44669760,1412988,394,422,0
1038,1.489,0.674,0.000,2.163,2.218,697965,1781607,0,811,761,761,44669760,1412988,394,422,0
1039,1.483,0.681,0.000,2.164,2.259,697965,1781607,0,811,761,761,44669760,1412988,394,422,0
1040,1.478,0.665,0.000,2.143,2.259,697965,1781607,0,811,761,761,44669760,1412988,394,422,0
1041,1.471,0.660,0.000,2.130,2.237,697965,1781607,0,811,761,761,44669760,1412988,394,422,0
1042,1.461,0.631,0.000,2.092,2.224,697965,1781607,0,811,761,761,44669760,1412988,394,422,0
1043,1.460,0.658,0.000,2.118,2.188,697965,1781607,0,811,761,761,44669760,1412988,394,422,0
1044,1.426,0.676,0.000,2.102,2.212,697965,1781607,0,811,761,761,44669760,1412988,394,422,0
1045,1.438,0.666,0.000,2.104,2.196,697965,1781607,0,811,761,761,44669760,1412988,394,422,0
1046,1.443,0.648,0.000,2.090,2.199,697965,1781607,0,811,761,761,44669760,1412988,394,422,0
1047,1.445,0.663,0.000,2.108,2.188,697965,1781607,0,811,761,761,44669760,1412988,394,422,0
1048,1.470,0.664,0.000,2.134,2.205,697965,1781607,0,811,761,761,44669760,1412988,394,422,0
1049,1.443,0.651,0.000,2.094,2.228,697965,1781607,0,811,761,761,44669760,1412988,394,422,0
1050,1.483,0.657,0.000,2.140,2.188,697965,1781607,0,811,761,761,44669760,1412988,394,422,0
1051,1.463,0.643,0.000,2.106,2.235,697965,1781607,0,811,761,761,44669760,1412988,394,422,0
1052,1.498,0.654,0.000,2.151,2.200,697965,1781607,0,811,761,761,44669760,1412988,394,422,0
1053,1.495,0.661,0.000,2.155,2.247,697965,1781607,0,811,761,761,44669760,1412988,394,422,0
1054,1.481,0.665,0.000,2.147,2.252,697965,1781607,0,811,761,761,44669760,1412988,394,422,0
1055,1.460,0.679,0.000,2.139,2.240,697965,1781607,0,811,761,761,44669760,1412988,394,422,0
1056,1.492,0.655,0.000,2.147,2.233,697965,1781607,0,811,761,761,44669760,1412988,394,422,0
1057,1.473,0.671,0.000,2.144,2.243,697965,1781607,0,811,761,761,44669760,1412988,394,422,0
1058,1.468,0.671,0.000,2.139,2.238,697965,1781607,0,811,761,761,44669760,1412988,394,422,0
1059,1.473,0.637,0.000,2.109,2.230,697965,1781607,0,811,761,761,44669760,1412988,394,422,0
1060,1.493,0.670,0.000,2.164,2.204,697965,1781607,0,811,761,761,44669760,1412988,394,422,0
1061,1.475,0.682,0.000,2.157,2.258,697965,1781607,0,811,761,761,44669760,1412988,394,422,0
1062,1.461,0.672,0.000,2.132,2.251,697965,1781607,0,811,761,761,44669760,1412988,394,422,0
1063,1.443,0.640,0.000,2.083,2.227,697965,1781607,0,811,761,761,44669760,1412988,394,422,0
1064,1.485,0.643,0.000,2.128,2.176,697965,1781607,0,811,761,761,44669760,1412988,394,422,0
1065,1.460,0.680,0.000,2.140,2.225,697965,1781607,0,811,761,761,44669760,1412988,394,422,0
1066,1.458,0.671,0.000,2.129,2.237,697965,1781607,0,811,761,761,44669760,1412988,394,422,0
1067,1.503,0.656,0.000,2.159,2.224,697965,1781607,0,811,761,761,44669760,1412988,394,422,0
1068,1.487,0.660,0.000,2.147,2.254,697965,1781607,0,811,761,761,44669760,1412988,394,422,0
1069,1.471,0.679,0.000,2.150,2.241,697965,1781607,0,811,761,761,44669760,1412988,394,422,0
1070,1.467,0.675,0.000,2.142,2.244,697965,1781607,0,811,761,761,44669760,1412988,394,422,0
1071,1.472,0.813,0.000,2.285,2.238,697965,1781607,0,811,761,761,44669760,1412988,394,422,0
1072,1.497,0.758,0.000,2.256,2.387,697965,1781607,0,811,761,761,44669760,1412988,394,422,0
1073,1.489,1.074,0.000,2.563,2.351,697965,1781607,0,811,761,761,44669760,1412988,394,422,0
1074,1.940,1.029,0.000,2.969,2.708,697965,1781607,0,811,761,761,44669760,1412988,394,422,0
1075,1.685,0.860,0.000,2.545,3.080,697965,1781607,0,811,761,761,44669760,1412988,394,422,0
1076,1.667,0.810,0.000,2.478,2.648,697965,1781607,0,811,761,761,44669760,1412988,394,422,0
1077,1.640,0.733,0.000,2.373,2.577,697965,1781607,0,811,761,761,44669760,1412988,394,422,0
1078,1.610,0.712,0.000,2.322,2.471,697965,1781607,0,811,761,761,44669760,1412988,394,422,0
1079,1.615,0.763,0.000,2.378,2.417,697965,1781607,0,811,761,761,44669760,1412988,394,422,0
1080,1.582,0.766,0.000,2.348,2.474,697965,1781607,0,811,761,761,44669760,1412988,394,422,0
1081,1.606,0.676,0.000,2.282,2.446,697965,1781607,0,811,761,761,44669760,1412988,394,422,0
1082,1.562,0.721,0.000,2.283,2.378,697965,1781607,0,811,761,761,44669760,1412988,394,422,0
1083,1.550,0.717,0.000,2.267,2.378,697965,1781607,0,811,761,761,44669760,1412988,394,422,0
1084,1.543,0.701,0.000,2.244,2.360,697965,1781607,0,811,761,761,44669760,1412988,394,422,0
1085,1.562,0.742,0.000,2.304,2.340,697965,1781607,0,811,761,761,44669760,1412988,394,422,0
1086,1.528,0.692,0.000,2.220,2.403,697965,1781607,0,811,761,761,44669760,1412988,394,422,0
1087,1.553,0.717,0.000,2.270,2.318,697965,1781607,0,811,761,761,44669760,1412988,394,422,0
1088,1.511,0.706,0.000,2.217,2.368,697965,1781607,0,811,761,761,44669760,1412988,394,422,0
1089,1.414,0.696,0.000,2.110,2.313,697965,1781607,0,811,761,761,44669760,1412988,394,422,0
1090,1.500,0.700,0.000,2.200,2.209,697965,1781607,0,811,761,761,44669760,1412988,394,422,0
1091,1.529,0.691,0.000,2.220,2.298,697965,1781607,0,811,761,761,44669760,1412988,394,422,0
1092,1.528,0.707,0.000,2.234,2.320,697965,1781607,0,811,761,761,44669760,1412988,394,422,0
1093,1.542,0.692,0.000,2.234,2.327,697965,1781607,0,811,761,761,44669760,1412988,394,422,0
1094,1.498,0.677,0.000,2.174,2.329,697965,1781607,0,811,761,761,44669760,1412988,394,422,0
1095,1.505,0.713,0.000,2.219,2.272,697965,1781607,0,811,761,761,44669760,1412988,394,422,0
1096,1.510,0.658,0.000,2.168,2.313,697965,1781607,0,811,761,761,44669760,1412988,394,422,0
1097,1.489,0.703,0.000,2.192,2.263,697965,1781607,0,811,761,761,44669760,1412988,394,422,0
1098,1.490,0.689,0.000,2.179,2.285,697965,1781607,0,811,761,761,44669760,1412988,394,422,0
1099,1.489,0.704,0.000,2.194,2.277,697965,1781607,0,811,761,761,44669760,1412988,394,422,0
1100,1.492,0.685,0.000,2.177,2.288,697965,1781607,0,811,761,761,44669760,1412988,394,422,0
1101,1.486,0.667,0.000,2.153,2.275,697965,1781607,0,811,761,761,44669760,1412988,394,422,0
1102,1.509,0.710,0.000,2.219,2.248,697965,1781607,0,811,761,761,44669760,1412988,394,422,0
1103,1.486,0.691,0.000,2.176,2.317,697965,1781607,0,811,761,761,44669760,1412988,394,422,0
1104,1.479,0.704,0.000,2.183,2.272,697965,1781607,0,811,761,761,44669760,1412988,394,422,0
1105,1.536,0.674,0.000,2.209,2.278,697965,1781607,0,811,761,761,44669760,1412988,394,422,0
1106,1.493,0.681,0.000,2.174,2.305,697965,1781607,0,811,761,761,44669760,1412988,394,422,0
1107,1.481,0.696,0.000,2.178,2.271,697965,1781607,0,811,761,761,44669760,1412988,394,422,0
1108,1.479,0.689,0.000,2.168,2.272,697965,1781607,0,811,761,761,44669760,1412988,394,422,0
1109,1.528,0.706,0.000,2.234,2.261,697965,1781607,0,811,761,761,44669760,1412988,394,422,0
1110,1.486,0.708,0.000,2.194,2.329,697965,1781607,0,811,761,761,44669760,1412988,394,422,0
1111,1.652,0.743,0.000,2.395,2.304,697965,1781607,0,811,761,761,44669760,1412988,394,422,0
1112,1.515,0.678,0.000,2.193,2.496,697965,1781607,0,811,761,761,44669760,1412988,394,422,0
1113,1.494,0.712,0.000,2.207,2.293,697965,1781607,0,811,761,761,44669760,1412988,394,422,0
1114,1.524,0.683,0.000,2.207,2.303,697965,1781607,0,811,761,761,44669760,1412988,394,422,0
1115,1.464,0.707,0.000,2.171,2.303,697965,1781607,0,811,761,761,44669760,1412988,394,422,0
1116,1.506,0.690,0.000,2.196,2.269,697965,1781607,0,811,761,761,44669760,1412988,394,422,0
1117,1.517,0.694,0.000,2.211,2.298,697965,1781607,0,811,761,761,44669760,1412988,394,422,0
1118,1.501,0.706,0.000,2.208,2.307,697965,1781607,0,811,761,761,44669760,1412988,394,422,0
1119,1.481,0.705,0.000,2.186,2.308,697965,1781607,0,811,761,761,44669760,1412988,394,422,0
1120,1.486,0.690,0.000,2.176,2.283,697965,1781607,0,811,761,761,44669760,1412988,394,422,0
1121,1.491,0.679,0.000,2.170,2.270,697965,1781607,0,811,761,761,44669760,1412988,394,422,0
1122,1.484,0.687,0.000,2.171,2.265,697965,1781607,0,811,761,761,44669760,1412988,394,422,0
1123,1.493,0.687,0.000,2.180,2.267,697965,1781607,0,811,761,761,44669760,1412988,394,422,0
1124,1.503,0.685,0.000,2.189,2.273,697965,1781607,0,811,761,761,44669760,1412988,394,422,0
1125,1.483,0.704,0.000,2.187,2.285,697965,1781607,0,811,761,761,44669760,1412988,394,422,0
1126,1.497,0.666,0.000,2.162,2.285,697965,1781607,0,811,761,761,44669760,1412988,394,422,0
1127,1.503,0.695,0.000,2.198,2.259,697965,1781607,0,811,761,761,44669760,1412988,394,422,0
1128,1.485,0.692,0.000,2.177,2.294,697965,1781607,0,811,761,761,44669760,1412988,394,422,0
1129,1.499,0.672,0.000,2.171,2.273,697965,1781607,0,811,761,761,44669760,1412988,394,422,0
1130,1.479,0.670,0.000,2.149,2.266,697965,1781607,0,811,761,761,44669760,1412988,394,422,0
1131,1.484,0.679,0.000,2.162,2.244,697965,1781607,0,811,761,761,44669760,1412988,394,422,0
1132,1.483,0.680,0.000,2.163,2.257,697965,1781607,0,811,761,761,44669760,1412988,394,422,0
1133,1.484,0.681,0.000,2.164,2.263,697965,1781607,0,811,761,761,44669760,1412988,394,422,0
1134,1.504,0.644,0.000,2.148,2.259,697965,1781607,0,811,761,761,44669760,1412988,394,422,0
1135,1.493,0.669,0.000,2.162,2.241,697965,1781607,0,811,761,761,44669760,1412988,394,422,0
1136,1.503,0.670,0.000,2.173,2.258,697965,1781607,0,811,761,761,44669760,1412988,394,422,0
1137,1.482,0.685,0.000,2.167,2.269,697965,1781607,0,811,761,761,44669760,1412988,394,422,0
1138,1.487,0.674,0.000,2.161,2.260,697965,1781607,0,811,761,761,44669760,1412988,394,422,0
1139,1.491,0.683,0.000,2.174,2.257,697965,1781607,0,811,761,761,44669760,1412988,394,422,0
1140,1.513,0.702,0.000,2.216,2.268,697965,1781607,0,811,761,761,44669760,1412988,394,422,0
1141,1.470,0.701,0.000,2.171,2.313,697965,1781607,0,811,761,761,44669760,1412988,394,422,0
1142,1.464,0.679,0.000,2.143,2.267,697965,1781607,0,811,761,761,44669760,1412988,394,422,0
1143,1.498,0.671,0.000,2.170,2.238,697965,1781607,0,811,761,761,44669760,1412988,394,422,0
1144,1.487,0.682,0.000,2.169,2.265,697965,1781607,0,811,761,761,44669760,1412988,394,422,0
1145,1.434,0.683,0.000,2.117,2.267,697965,1781607,0,811,761,761,44669760,1412988,394,422,0
1146,1.502,0.660,0.000,2.162,2.211,697965,1781607,0,811,761,761,44669760,1412988,394,422,0
1147,1.487,0.660,0.000,2.146,2.257,697965,1781607,0,811,761,761,44669760,1412988,394,422,0
1148,1.459,0.688,0.000,2.147,2.243,697965,1781607,0,811,761,761,44669760,1412988,394,422,0
1149,1.468,0.672,0.000,2.140,2.241,697965,1781607,0,811,761,761,44669760,1412988,394,422,0
1150,1.499,0.657,0.000,2.156,2.236,697965,1781607,0,811,761,761,44669760,1412988,394,422,0
1151,1.490,0.679,0.000,2.170,2.251,697965,1781607,0,811,761,761,44669760,1412988,394,422,0
1152,1.462,0.652,0.000,2.115,2.264,697965,1781607,0,811,761,761,44669760,1412988,394,422,0
1153,1.468,0.653,0.000,2.121,2.210,697965,1781607,0,811,761,761,44669760,1412988,394,422,0
1154,1.476,0.694,0.000,2.171,2.218,697965,1781607,0,811,761,761,44669760,1412988,394,422,0
1155,1.468,0.680,0.000,2.148,2.270,697965,1781607,0,811,761,761,44669760,1412988,394,422,0
1156,1.484,0.673,0.000,2.157,2.252,697965,1781607,0,811,761,761,44669760,1412988,394,422,0
1157,1.525,0.645,0.000,2.170,2.252,697965,1781607,0,811,761,761,44669760,1412988,394,422,0
1158,1.476,0.663,0.000,2.140,2.267,697965,1781607,0,811,761,761,44669760,1412988,394,422,0
1159,1.484,0.666,0.000,2.150,2.237,697965,1781607,0,811,761,761,44669760,1412988,394,422,0
1160,1.503,0.687,0.000,2.190,2.243,697965,1781607,0,811,761,761,44669760,1412988,394,422,0
1161,1.494,0.670,0.000,2.164,2.286,697965,1781607,0,811,761,761,44669760,1412988,394,422,0
1162,1.489,0.685,0.000,2.174,2.260,697965,1781607,0,811,761,761,44669760,1412988,394,422,0
1163,1.483,0.679,0.000,2.162,2.268,697965,1781607,0,811,761,761,44669760,1412988,394,422,0
1164,1.500,0.665,0.000,2.164,2.258,697965,1781607,0,811,761,761,44669760,1412988,394,422,0
1165,1.490,0.664,0.000,2.154,2.260,697965,1781607,0,811,761,761,44669760,1412988,394,422,0
1166,1.511,0.648,0.000,2.159,2.248,697965,1781607,0,811,761,761,44669760,1412988,394,422,0
1167,1.492,0.653,0.000,2.145,2.256,697965,1781607,0,811,761,761,44669760,1412988,394,422,0
1168,1.679,0.609,0.000,2.288,2.240,697965,1781607,0,811,761,761,44669760,1412988,394,422,0
1169,1.518,0.665,0.000,2.182,2.387,697965,1781607,0,811,761,761,44669760,1412988,394,422,0
1170,1.542,0.671,0.000,2.214,2.280,697965,1781607,0,811,761,761,44669760,1412988,394,422,0
1171,1.494,0.672,0.000,2.166,2.308,697965,1781607,0,811,761,761,44669760,1412988,394,422,0
1172,1.478,0.664,0.000,2.142,2.261,697965,1781607,0,811,761,761,44669760,1412988,394,422,0
1173,1.463,0.658,0.000,2.121,2.237,697965,1781607,0,811,761,761,44669760,1412988,394,422,0
1174,1.490,0.677,0.000,2.167,2.215,697965,1781607,0,811,761,761,44669760,1412988,394,422,0
1175,1.503,0.681,0.000,2.184,2.263,697965,1781607,0,811,761,761,44669760,1412988,394,422,0
1176,1.514,0.674,0.000,2.188,2.276,697965,1781607,0,811,761,761,44669760,1412988,394,422,0
1177,1.498,0.710,0.000,2.208,2.281,697965,1781607,0,811,761,761,44669760,1412988,394,422,0
1178,1.464,0.664,0.000,2.129,2.305,697965,1781607,0,811,761,761,44669760,1412988,394,422,0
1179,1.518,0.653,0.000,2.171,2.223,697965,1781607,0,811,761,761,44669760,1412988,394,422,0
1180,1.498,0.663,0.000,2.161,2.265,697965,1781607,0,811,761,761,44669760,1412988,394,422,0
1181,1.484,0.681,0.000,2.166,2.255,697965,1781607,0,811,761,761,44669760,1412988,394,422,0
1182,1.534,0.675,0.000,2.209,2.262,697965,1781607,0,811,761,761,44669760,1412988,394,422,0
1183,1.475,0.634,0.000,2.109,2.306,697965,1781607,0,811,761,761,44669760,1412988,394,422,0
1184,1.480,0.665,0.000,2.145,2.207,697965,1781607,0,811,761,761,44669760,1412988,394,422,0
1185,1.481,0.687,0.000,2.169,2.240,697965,1781607,0,811,761,761,44669760,1412988,394,422,0
1186,1.495,0.649,0.000,2.144,2.264,697965,1781607,0,811,761,761,44669760,1412988,394,422,0
1187,1.488,0.678,0.000,2.165,2.238,697965,1781607,0,811,761,761,44669760,1412988,394,422,0
1188,1.453,0.680,0.000,2.134,2.259,697965,1781607,0,811,761,761,44669760,1412988,394,422,0
1189,1.488,0.678,0.000,2.166,2.231,697965,1781607,0,811,761,761,44669760,1412988,394,422,0
1190,1.500,0.674,0.000,2.174,2.262,697965,1781607,0,811,761,761,44669760,1412988,394,422,0
1191,1.503,0.669,0.000,2.172,2.267,697965,1781607,0,811,761,761,44669760,1412988,394,422,0
1192,1.487,0.681,0.000,2.167,2.269,697965,1781607,0,811,761,761,44669760,1412988,394,422,0
1193,1.485,0.669,0.000,2.154,2.263,697965,1781607,0,811,761,761,44669760,1412988,394,422,0
1194,1.479,0.638,0.000,2.116,2.247,697965,1781607,0,811,761,761,44669760,1412988,394,422,0
1195,1.485,0.658,0.000,2.143,2.212,697965,1781607,0,811,761,761,44669760,1412988,394,422,0
1196,1.497,0.665,0.000,2.163,2.238,697965,1781607,0,811,761,761,44669760,1412988,394,422,0
1197,1.496,0.649,0.000,2.144,2.262,697965,1781607,0,811,761,761,44669760,1412988,394,422,0
1198,1.526,0.661,0.000,2.188,2.240,697965,1781607,0,811,761,761,44669760,1412988,394,422,0
1199,1.470,0.688,0.000,2.158,2.283,697965,1781607,0,811,761,761,44669760,1412988,394,422,0
1200,1.495,0.661,0.000,2.156,2.254,697965,1781607,0,811,761,761,44669760,1412988,394,422,0
