frame,update_ms,render_ms,swap_ms,frame_ms,loop_ms,total_vertices,visible_vertices,culled_vertices,total_batches,visible_batches,draw_calls,vbo_bytes,index_bytes,texture_binds,material_changes,reflection_passes
1,1.417,0.491,0.000,1.908,1.908,474845,674558,0,415,274,274,30390080,975714,148,166,0
2,1.325,0.576,0.000,1.901,2.069,474845,674558,0,415,274,274,30390080,975714,148,166,0
3,1.307,0.882,0.000,2.189,2.035,474845,674558,0,415,274,274,30390080,975714,148,166,0
4,1.287,0.694,0.000,1.982,2.336,474845,674558,0,415,274,274,30390080,975714,148,166,0
5,1.353,0.813,0.000,2.166,2.112,474845,674558,0,415,274,274,30390080,975714,148,166,0
6,1.392,0.652,0.000,2.044,2.338,474845,674558,0,415,274,274,30390080,975714,148,166,0
7,1.433,0.513,0.000,1.947,2.156,474845,674558,0,415,274,274,30390080,975714,148,166,0
8,1.722,0.576,0.000,2.299,4.541,474845,674558,0,415,274,274,30390080,975714,148,166,0
9,1.311,0.619,0.000,1.930,2.413,474845,674558,0,415,274,274,30390080,975714,148,166,0
10,1.325,0.511,0.000,1.836,2.067,474845,674558,0,415,274,274,30390080,975714,148,166,0
11,1.918,0.751,0.000,2.669,6.736,474845,674558,0,415,274,274,30390080,975714,148,166,0
12,1.482,0.550,0.000,2.032,2.898,474845,674558,0,415,274,274,30390080,975714,148,166,0
13,1.443,0.473,0.000,1.917,2.146,474845,674558,0,415,274,274,30390080,975714,148,166,0
14,1.337,0.623,0.000,1.960,2.026,474845,674558,0,415,274,274,30390080,975714,148,166,0
15,1.299,0.647,0.000,1.946,2.079,474845,674558,0,415,274,274,30390080,975714,148,166,0
16,1.288,0.440,0.000,1.727,2.065,474845,674558,0,415,274,274,30390080,975714,148,166,0
17,1.665,0.550,0.000,2.215,4.222,474845,674558,0,415,274,274,30390080,975714,148,166,0
18,1.485,0.459,0.000,1.944,2.321,474845,674558,0,415,274,274,30390080,975714,148,166,0
19,1.367,0.579,0.000,1.946,2.057,474845,674558,0,415,274,274,30390080,975714,148,166,0
20,1.255,0.465,0.000,1.719,2.071,474845,674558,0,415,274,274,30390080,975714,148,166,0
21,1.318,0.426,0.000,1.744,1.847,474845,674558,0,415,274,274,30390080,975714,148,166,0
22,1.340,0.465,0.000,1.805,2.169,474845,674558,0,415,274,274,30390080,975714,148,166,0
23,1.450,0.489,0.000,1.938,1.922,474845,674558,0,415,274,274,30390080,975714,148,166,0
24,1.217,0.832,0.000,2.049,2.048,474845,674558,0,415,274,274,30390080,975714,148,166,0
25,1.242,0.993,0.000,2.235,2.170,474845,674558,0,415,274,274,30390080,975714,148,166,0
26,1.277,0.819,0.000,2.095,2.358,474845,674558,0,415,274,274,30390080,975714,148,166,0
27,1.260,0.960,0.000,2.220,2.250,474845,674558,0,415,274,274,30390080,975714,148,166,0
28,1.372,0.643,0.000,2.015,2.355,474845,674558,0,415,274,274,30390080,975714,148,166,0
29,1.429,0.462,0.000,1.891,2.122,474845,674558,0,415,274,274,30390080,975714,148,166,0
30,1.412,0.496,0.000,1.908,2.004,474845,674558,0,415,274,274,30390080,975714,148,166,0
31,1.200,0.829,0.000,2.029,2.017,474845,674558,0,415,274,274,30390080,975714,148,166,0
32,1.213,1.045,0.000,2.258,2.166,474845,674558,0,415,274,274,30390080,975714,148,166,0
33,1.243,0.728,0.000,1.971,2.408,474845,674558,0,415,274,274,30390080,975714,148,166,0
34,1.326,0.885,0.000,2.211,2.090,474845,674558,0,415,274,274,30390080,975714,148,166,0
35,1.416,0.460,0.000,1.876,2.350,474845,674558,0,415,274,274,30390080,975714,148,166,0
36,1.511,0.502,0.000,2.013,1.984,474845,674558,0,415,274,274,30390080,975714,148,166,0
37,1.270,0.598,0.000,1.868,2.128,474845,674558,0,415,274,274,30390080,975714,148,166,0
38,1.190,1.040,0.000,2.230,1.972,474845,674558,0,415,274,274,30390080,975714,148,166,0
39,1.224,1.115,0.000,2.339,2.356,474845,674558,0,415,274,274,30390080,975714,148,166,0
40,1.243,0.843,0.000,2.086,2.483,474845,674558,0,415,274,274,30390080,975714,148,166,0
41,1.339,0.797,0.000,2.136,2.220,474845,674558,0,415,274,274,30390080,975714,148,166,0
42,1.399,0.466,0.000,1.865,2.318,474845,674558,0,415,274,274,30390080,975714,148,166,0
43,1.490,0.470,0.000,1.961,1.966,474845,674558,0,415,274,274,30390080,975714,148,166,0
44,1.267,0.580,0.000,1.847,2.068,474845,674558,0,415,274,274,30390080,975714,148,166,0
45,1.226,1.034,0.000,2.260,1.974,474845,674558,0,415,274,274,30390080,975714,148,166,0
46,1.212,1.088,0.000,2.301,2.394,474845,674558,0,415,274,274,30390080,975714,148,166,0
47,1.239,0.788,0.000,2.028,2.415,474845,674558,0,415,274,274,30390080,975714,148,166,0
48,1.449,0.781,0.000,2.230,2.123,474845,674558,0,415,274,274,30390080,975714,148,166,0
49,1.502,0.479,0.000,1.981,2.406,474845,674558,0,415,274,274,30390080,975714,148,166,0
50,1.573,0.465,0.000,2.038,2.074,474845,674558,0,415,274,274,30390080,975714,148,166,0
51,1.352,0.549,0.000,1.901,2.139,474845,674558,0,415,274,274,30390080,975714,148,166,0
52,1.223,0.879,0.000,2.102,1.993,474845,674558,0,415,274,274,30390080,975714,148,166,0
53,1.291,1.240,0.000,2.531,2.211,474845,674558,0,415,274,274,30390080,975714,148,166,0
54,1.262,0.691,0.000,1.953,2.684,474845,674558,0,415,274,274,30390080,975714,148,166,0
55,1.332,1.881,0.000,3.213,2.060,474845,674558,0,415,274,274,30390080,975714,148,166,0
56,1.343,0.586,0.000,1.930,3.705,474845,674558,0,415,274,274,30390080,975714,148,166,0
57,1.200,0.508,0.000,1.708,2.015,474845,674558,0,415,274,274,30390080,975714,148,166,0
58,1.293,0.843,0.000,2.136,1.809,474845,674558,0,415,274,274,30390080,975714,148,166,0
59,1.443,0.483,0.000,1.926,2.220,474845,674558,0,415,274,274,30390080,975714,148,166,0
60,1.446,0.676,0.000,2.122,3.666,474845,674558,0,415,274,274,30390080,975714,148,166,0
61,1.252,0.449,0.000,1.701,2.223,474845,674558,0,415,274,274,30390080,975714,148,166,0
62,1.382,0.420,0.000,1.802,1.794,474845,674558,0,415,274,274,30390080,975714,148,166,0
63,1.425,0.483,0.000,1.908,1.886,474845,674558,0,415,274,274,30390080,975714,148,166,0
64,1.216,0.846,0.000,2.062,1.992,474845,674558,0,415,274,274,30390080,975714,148,166,0
65,1.226,0.974,0.000,2.200,2.158,474845,674558,0,415,274,274,30390080,975714,148,166,0
66,1.296,0.768,0.000,2.064,2.350,474845,674558,0,415,274,274,30390080,975714,148,166,0
67,1.355,0.952,0.000,2.307,2.160,474845,674558,0,415,274,274,30390080,975714,148,166,0
68,1.419,0.512,0.000,1.930,2.499,474845,674558,0,415,274,274,30390080,975714,148,166,0
69,1.529,0.473,0.000,2.001,2.014,474845,674558,0,415,274,274,30390080,975714,148,166,0
70,1.503,0.688,0.000,2.191,4.309,474845,674558,0,415,274,274,30390080,975714,148,166,0
71,1.242,0.471,0.000,1.713,2.302,474845,674558,0,415,274,274,30390080,975714,148,166,0
72,1.255,0.498,0.000,1.753,1.821,474845,674558,0,415,274,274,30390080,975714,148,166,0
73,1.411,0.468,0.000,1.879,1.842,474845,674558,0,415,274,274,30390080,975714,148,166,0
74,1.284,0.563,0.000,1.848,1.968,474845,674558,0,415,274,274,30390080,975714,148,166,0
75,1.233,0.954,0.000,2.187,1.935,474845,674558,0,415,274,274,30390080,975714,148,166,0
76,1.244,1.073,0.000,2.318,2.288,474845,674558,0,415,274,274,30390080,975714,148,166,0
77,1.262,0.881,0.000,2.143,2.439,474845,674558,0,415,274,274,30390080,975714,148,166,0
78,1.309,0.637,0.000,1.946,2.252,474845,674558,0,415,274,274,30390080,975714,148,166,0
79,1.697,0.595,0.000,2.292,4.261,474845,674558,0,415,274,274,30390080,975714,148,166,0
80,1.417,0.522,0.000,1.938,2.374,474845,674558,0,415,274,274,30390080,975714,148,166,0
81,1.225,0.532,0.000,1.757,2.026,474845,674558,0,415,274,274,30390080,975714,148,166,0
82,1.278,0.508,0.000,1.786,1.880,474845,674558,0,415,274,274,30390080,975714,148,166,0
83,1.393,0.465,0.000,1.858,1.867,474845,674558,0,415,274,274,30390080,975714,148,166,0
84,1.464,0.470,0.000,1.934,1.943,474845,674558,0,415,274,274,30390080,975714,148,166,0
85,1.224,0.821,0.000,2.046,2.023,474845,674558,0,415,274,274,30390080,975714,148,166,0
86,1.218,0.983,0.000,2.200,2.139,474845,674558,0,415,274,274,30390080,975714,148,166,0
87,1.249,0.883,0.000,2.132,2.332,474845,674558,0,415,274,274,30390080,975714,148,166,0
88,1.309,1.013,0.000,2.321,2.251,474845,674558,0,415,274,274,30390080,975714,148,166,0
89,1.647,0.564,0.000,2.212,4.405,474845,674558,0,415,274,274,30390080,975714,148,166,0
90,1.377,0.526,0.000,1.903,2.303,474845,674558,0,415,274,274,30390080,975714,148,166,0
91,1.240,0.584,0.000,1.825,1.995,474845,674558,0,415,274,274,30390080,975714,148,166,0
92,1.271,0.429,0.000,1.699,1.958,474845,674558,0,415,274,274,30390080,975714,148,166,0
93,1.426,0.488,0.000,1.914,1.797,474845,674558,0,415,274,274,30390080,975714,148,166,0
94,1.496,0.464,0.000,1.960,2.022,474845,674558,0,415,274,274,30390080,975714,148,166,0
95,1.256,0.683,0.000,1.939,2.048,474845,674558,0,415,274,274,30390080,975714,148,166,0
96,1.658,0.643,0.000,2.301,5.154,474845,674558,0,415,274,274,30390080,975714,148,166,0
97,1.221,0.503,0.000,1.724,2.389,474845,674558,0,415,274,274,30390080,975714,148,166,0
98,1.248,0.490,0.000,1.738,1.830,474845,674558,0,415,274,274,30390080,975714,148,166,0
99,1.413,0.453,0.000,1.866,1.822,474845,674558,0,415,274,274,30390080,975714,148,166,0
100,1.338,0.532,0.000,1.870,1.948,474845,674558,0,415,274,274,30390080,975714,148,166,0
101,1.229,0.874,0.000,2.103,1.971,474845,674558,0,415,274,274,30390080,975714,148,166,0
102,3.428,0.532,0.000,3.960,2.195,474845,674558,0,415,274,274,30390080,975714,148,166,0
103,1.434,0.464,0.000,1.897,5.164,474845,674558,0,415,274,274,30390080,975714,148,166,0
104,1.444,0.472,0.000,1.916,1.984,474845,674558,0,415,274,274,30390080,975714,148,166,0
105,1.231,0.593,0.000,1.824,2.010,474845,674558,0,415,274,274,30390080,975714,148,166,0
106,1.231,1.078,0.000,2.309,1.921,474845,674558,0,415,274,274,30390080,975714,148,166,0
107,1.219,0.975,0.000,2.194,2.415,474845,674558,0,415,274,274,30390080,975714,148,166,0
108,1.334,0.764,0.000,2.098,2.307,474845,674558,0,415,274,274,30390080,975714,148,166,0
109,1.368,0.481,0.000,1.849,2.270,474845,674558,0,415,274,274,30390080,975714,148,166,0
110,1.472,0.443,0.000,1.915,1.938,474845,674558,0,415,274,274,30390080,975714,148,166,0
111,1.292,0.568,0.000,1.860,1.998,474845,674558,0,415,274,274,30390080,975714,148,166,0
112,1.326,0.917,0.000,2.243,1.987,474845,674558,0,415,274,274,30390080,975714,148,166,0
113,1.289,3.151,0.000,4.441,2.348,474845,674558,0,415,274,274,30390080,975714,148,166,0
114,1.530,0.721,0.000,2.251,4.687,474845,674558,0,415,274,274,30390080,975714,148,166,0
115,1.641,1.020,0.000,2.661,2.908,474845,674558,0,415,274,274,30390080,975714,148,166,0
116,1.231,0.441,0.000,1.672,2.764,474845,674558,0,415,274,274,30390080,975714,148,166,0
117,1.420,0.474,0.000,1.894,1.822,474845,674558,0,415,274,274,30390080,975714,148,166,0
118,1.494,0.506,0.000,2.000,1.984,474845,674558,0,415,274,274,30390080,975714,148,166,0
119,1.358,0.585,0.000,1.943,2.086,474845,674558,0,415,274,274,30390080,975714,148,166,0
120,1.258,0.830,0.000,2.088,2.033,474845,674558,0,415,274,274,30390080,975714,148,166,0
121,1.260,0.779,0.000,2.039,2.188,474845,674558,0,415,274,274,30390080,975714,148,166,0
122,1.391,0.835,0.000,2.227,2.155,474845,674558,0,415,274,274,30390080,975714,148,166,0
123,1.432,0.622,0.000,2.054,2.378,474845,674558,0,415,274,274,30390080,975714,148,166,0
124,1.426,0.483,0.000,1.909,2.143,474845,674558,0,415,274,274,30390080,975714,148,166,0
125,1.485,0.483,0.000,1.968,2.002,474845,674558,0,415,274,274,30390080,975714,148,166,0
126,1.238,0.920,0.000,2.159,2.055,474845,674558,0,415,274,274,30390080,975714,148,166,0
127,1.463,0.865,0.000,2.328,2.261,474845,674558,0,415,274,274,30390080,975714,148,166,0
128,1.423,0.965,0.000,2.389,2.427,474845,674558,0,415,274,274,30390080,975714,148,166,0
129,1.397,0.964,0.001,2.362,2.500,474845,674558,0,415,274,274,30390080,975714,148,166,0
130,1.352,1.016,0.000,2.368,2.481,474845,674558,0,415,274,274,30390080,975714,148,166,0
131,1.288,0.725,0.000,2.012,2.490,474845,674558,0,415,274,274,30390080,975714,148,166,0
132,1.372,0.790,0.000,2.162,2.117,474845,674558,0,415,274,274,30390080,975714,148,166,0
133,1.417,0.489,0.000,1.907,2.252,474845,674558,0,415,274,274,30390080,975714,148,166,0
134,1.444,0.481,0.000,1.925,1.994,474845,674558,0,415,274,274,30390080,975714,148,166,0
135,1.533,0.531,0.000,2.064,3.496,474845,674558,0,415,274,274,30390080,975714,148,166,0
136,1.540,0.613,0.000,2.154,6.148,474845,674558,0,415,274,274,30390080,975714,148,166,0
137,1.448,0.512,0.000,1.960,2.244,474845,674558,0,415,274,274,30390080,975714,148,166,0
138,1.377,0.513,0.000,1.890,2.057,474845,674558,0,415,274,274,30390080,975714,148,166,0
139,1.225,0.498,0.000,1.723,1.981,474845,674558,0,415,274,274,30390080,975714,148,166,0
140,1.273,0.470,0.000,1.742,1.853,474845,674558,0,415,274,274,30390080,975714,148,166,0
141,1.399,0.438,0.000,1.837,1.826,474845,674558,0,415,274,274,30390080,975714,148,166,0
142,1.358,0.558,0.000,1.917,1.924,474845,674558,0,415,274,274,30390080,975714,148,166,0
143,1.267,0.916,0.000,2.183,2.002,474845,674558,0,415,274,274,30390080,975714,148,166,0
144,1.444,1.080,0.000,2.524,2.300,474845,674558,0,415,274,274,30390080,975714,148,166,0
145,1.582,0.847,0.000,2.429,2.954,474845,674558,0,415,274,274,30390080,975714,148,166,0
146,1.346,0.700,0.000,2.047,2.526,474845,674558,0,415,274,274,30390080,975714,148,166,0
147,1.251,0.920,0.000,2.172,2.146,474845,674558,0,415,274,274,30390080,975714,148,166,0
148,1.334,0.991,0.000,2.324,2.284,474845,674558,0,415,274,274,30390080,975714,148,166,0
149,1.335,0.632,0.000,1.967,2.434,474845,674558,0,415,274,274,30390080,975714,148,166,0
150,1.476,0.467,0.000,1.943,2.052,474845,674558,0,415,274,274,30390080,975714,148,166,0
151,1.471,0.517,0.000,1.988,2.024,474845,674558,0,415,274,274,30390080,975714,148,166,0
152,1.259,0.764,0.000,2.024,2.077,474845,674558,0,415,274,274,30390080,975714,148,166,0
153,1.542,0.805,0.000,2.347,2.456,474845,674558,0,415,274,274,30390080,975714,148,166,0
154,1.247,0.914,0.000,2.161,2.442,474845,674558,0,415,274,274,30390080,975714,148,166,0
155,1.221,1.079,0.000,2.300,2.261,474845,674558,0,415,274,274,30390080,975714,148,166,0
156,1.331,0.806,0.000,2.137,2.448,474845,674558,0,415,274,274,30390080,975714,148,166,0
157,1.609,0.808,0.000,2.417,2.266,474845,674558,0,415,274,274,30390080,975714,148,166,0
158,1.375,0.748,0.000,2.124,2.919,474845,674558,0,415,274,274,30390080,975714,148,166,0
159,1.433,0.892,0.000,2.324,2.224,474845,674558,0,415,274,274,30390080,975714,148,166,0
160,1.335,0.700,0.001,2.036,3.277,474845,674558,0,415,274,274,30390080,975714,148,166,0
161,1.212,0.653,0.000,1.865,2.161,474845,674558,0,415,274,274,30390080,975714,148,166,0
162,1.378,0.648,0.000,2.025,1.990,474845,674558,0,415,274,274,30390080,975714,148,166,0
163,1.543,0.751,0.000,2.295,3.697,474845,674558,0,415,274,274,30390080,975714,148,166,0
164,1.274,0.499,0.000,1.774,2.396,474845,674558,0,415,274,274,30390080,975714,148,166,0
165,1.321,0.460,0.000,1.781,1.877,474845,674558,0,415,274,274,30390080,975714,148,166,0
166,1.358,0.489,0.000,1.847,1.866,474845,674558,0,415,274,274,30390080,975714,148,166,0
167,1.409,0.552,0.000,1.961,1.935,474845,674558,0,415,274,274,30390080,975714,148,166,0
168,1.233,0.865,0.000,2.098,2.051,474845,674558,0,415,274,274,30390080,975714,148,166,0
169,1.255,1.013,0.000,2.268,2.214,474845,674558,0,415,274,274,30390080,975714,148,166,0
170,1.295,0.750,0.000,2.045,2.405,474845,674558,0,415,274,274,30390080,975714,148,166,0
171,1.334,0.876,0.000,2.210,2.145,474845,674558,0,415,274,274,30390080,975714,148,166,0
172,1.470,0.515,0.000,1.985,2.374,474845,674558,0,415,274,274,30390080,975714,148,166,0
173,1.455,0.466,0.000,1.920,2.073,474845,674558,0,415,274,274,30390080,975714,148,166,0
174,1.274,0.545,0.000,1.819,2.013,474845,674558,0,415,274,274,30390080,975714,148,166,0
175,1.422,0.428,0.000,1.851,4.779,474845,674558,0,415,274,274,30390080,975714,148,166,0
176,1.409,0.423,0.000,1.831,1.939,474845,674558,0,415,274,274,30390080,975714,148,166,0
177,1.226,0.423,0.000,1.649,1.913,474845,674558,0,415,274,274,30390080,975714,148,166,0
178,1.310,0.529,0.000,1.838,1.752,474845,674558,0,415,274,274,30390080,975714,148,166,0
179,1.372,0.427,0.000,1.799,1.927,474845,674558,0,415,274,274,30390080,975714,148,166,0
180,1.369,0.518,0.000,1.888,1.884,474845,674558,0,415,274,274,30390080,975714,148,166,0
181,1.223,0.543,0.000,1.766,1.994,474845,674558,0,415,274,274,30390080,975714,148,166,0
182,1.299,1.220,0.000,2.519,1.873,474845,674558,0,415,274,274,30390080,975714,148,166,0
183,1.829,0.660,0.000,2.489,3.065,474845,674558,0,415,274,274,30390080,975714,148,166,0
184,1.456,0.575,0.000,2.032,3.022,474845,674558,0,415,274,274,30390080,975714,148,166,0
185,1.236,0.412,0.000,1.648,2.134,474845,674558,0,415,274,274,30390080,975714,148,166,0
186,1.371,0.390,0.000,1.760,1.795,474845,674558,0,415,274,274,30390080,975714,148,166,0
187,1.374,0.405,0.000,1.779,1.859,474845,674558,0,415,274,274,30390080,975714,148,166,0
188,1.235,0.467,0.000,1.702,1.863,474845,674558,0,415,274,274,30390080,975714,148,166,0
189,1.303,0.468,0.000,1.772,1.807,474845,674558,0,415,274,274,30390080,975714,148,166,0
190,1.393,0.404,0.000,1.796,1.859,474845,674558,0,415,274,274,30390080,975714,148,166,0
191,1.343,0.488,0.000,1.830,1.886,474845,674558,0,415,274,274,30390080,975714,148,166,0
192,1.210,0.453,0.000,1.663,1.929,474845,674558,0,415,274,274,30390080,975714,148,166,0
193,1.356,0.983,0.000,2.339,1.775,474845,674558,0,415,274,274,30390080,975714,148,166,0
194,1.476,0.539,0.000,2.015,2.512,474845,674558,0,415,274,274,30390080,975714,148,166,0
195,1.405,0.610,0.000,2.015,2.114,474845,674558,0,415,274,274,30390080,975714,148,166,0
196,1.462,0.634,0.000,2.096,2.102,474845,674558,0,415,274,274,30390080,975714,148,166,0
197,1.459,0.579,0.000,2.038,2.198,474845,674558,0,415,274,274,30390080,975714,148,166,0
198,1.271,0.449,0.000,1.720,2.128,474845,674558,0,415,274,274,30390080,975714,148,166,0
199,1.435,0.564,0.000,2.000,1.823,474845,674558,0,415,274,274,30390080,975714,148,166,0
200,1.451,0.441,0.000,1.892,2.092,474845,674558,0,415,274,274,30390080,975714,148,166,0
201,1.482,0.469,0.000,1.951,1.979,474845,674558,0,415,274,274,30390080,975714,148,166,0
202,1.319,0.564,0.000,1.883,2.041,474845,674558,0,415,274,274,30390080,975714,148,166,0
203,1.328,0.600,0.000,1.928,1.990,474845,674558,0,415,274,274,30390080,975714,148,166,0
204,1.409,0.423,0.000,1.833,2.040,474845,674558,0,415,274,274,30390080,975714,148,166,0
205,1.494,0.454,0.000,1.948,1.920,474845,674558,0,415,274,274,30390080,975714,148,166,0
206,1.516,0.640,0.000,2.156,4.068,474845,674558,0,415,274,274,30390080,975714,148,166,0
207,1.559,0.564,0.000,2.124,4.512,474845,674558,0,415,274,274,30390080,975714,148,166,0
208,1.248,0.452,0.000,1.700,2.215,474845,674558,0,415,274,274,30390080,975714,148,166,0
209,1.326,0.420,0.000,1.745,1.820,474845,674558,0,415,274,274,30390080,975714,148,166,0
210,1.451,0.427,0.000,1.878,1.830,474845,674558,0,415,274,274,30390080,975714,148,166,0
211,1.432,0.478,0.000,1.911,1.975,474845,674558,0,415,274,274,30390080,975714,148,166,0
212,1.216,0.386,0.000,1.602,1.998,474845,674558,0,415,274,274,30390080,975714,148,166,0
213,1.376,0.447,0.000,1.823,1.710,474845,674558,0,415,274,274,30390080,975714,148,166,0
214,1.549,0.446,0.000,1.995,1.911,474845,674558,0,415,274,274,30390080,975714,148,166,0
215,1.522,0.420,0.000,1.942,3.149,474845,674558,0,415,274,274,30390080,975714,148,166,0
216,1.340,0.495,0.000,1.835,3.587,474845,674558,0,415,274,274,30390080,975714,148,166,0
217,1.301,0.412,0.000,1.713,1.945,474845,674558,0,415,274,274,30390080,975714,148,166,0
218,1.424,0.388,0.000,1.812,1.797,474845,674558,0,415,274,274,30390080,975714,148,166,0
219,1.421,0.456,0.000,1.878,1.900,474845,674558,0,415,274,274,30390080,975714,148,166,0
220,1.268,0.382,0.000,1.650,1.965,474845,674558,0,415,274,274,30390080,975714,148,166,0
221,1.349,0.415,0.000,1.765,1.748,474845,674558,0,415,274,274,30390080,975714,148,166,0
222,1.432,0.398,0.000,1.830,1.849,474845,674558,0,415,274,274,30390080,975714,148,166,0
223,1.293,0.556,0.000,1.849,1.914,474845,674558,0,415,274,274,30390080,975714,148,166,0
224,1.234,0.559,0.000,1.793,1.944,474845,674558,0,415,274,274,30390080,975714,148,166,0
225,1.353,0.428,0.000,1.781,1.959,474845,674558,0,415,274,274,30390080,975714,148,166,0
226,1.444,0.424,0.000,1.869,1.866,474845,674558,0,415,274,274,30390080,975714,148,166,0
227,1.261,0.546,0.000,1.806,1.952,474845,674558,0,415,274,274,30390080,975714,148,166,0
228,1.569,0.417,0.000,1.986,3.015,474845,674558,0,415,274,274,30390080,975714,148,166,0
229,1.442,0.453,0.000,1.895,5.148,474845,674558,0,415,274,274,30390080,975714,148,166,0
230,1.548,0.479,0.000,2.026,4.793,474845,674558,0,415,274,274,30390080,975714,148,166,0
231,1.325,0.526,0.000,1.851,2.107,474845,674558,0,415,274,274,30390080,975714,148,166,0
232,1.275,0.444,0.000,1.718,1.935,474845,674558,0,415,274,274,30390080,975714,148,166,0
233,1.591,0.509,0.000,2.100,4.839,474845,674558,0,415,274,274,30390080,975714,148,166,0
234,1.538,0.404,0.000,1.942,2.193,474845,674558,0,415,274,274,30390080,975714,148,166,0
235,1.317,0.531,0.000,1.848,2.028,474845,674558,0,415,274,274,30390080,975714,148,166,0
236,1.265,0.391,0.000,1.656,1.939,474845,674558,0,415,274,274,30390080,975714,148,166,0
237,1.367,0.412,0.000,1.779,1.785,474845,674558,0,415,274,274,30390080,975714,148,166,0
238,1.444,0.412,0.000,1.856,1.859,474845,674558,0,415,274,274,30390080,975714,148,166,0
239,1.252,0.556,0.000,1.808,1.941,474845,674558,0,415,274,274,30390080,975714,148,166,0
240,1.249,0.412,0.000,1.661,1.906,474845,674558,0,415,274,274,30390080,975714,148,166,0
241,1.340,0.389,0.000,1.729,1.753,474845,674558,0,415,274,274,30390080,975714,148,166,0
242,1.401,0.444,0.000,1.845,1.812,474845,674558,0,415,274,274,30390080,975714,148,166,0
243,1.228,0.523,0.000,1.750,1.933,474845,674558,0,415,274,274,30390080,975714,148,166,0
244,1.392,0.758,0.000,2.150,1.855,474845,674558,0,415,274,274,30390080,975714,148,166,0
245,1.594,1.238,0.000,2.832,8.004,474845,674558,0,415,274,274,30390080,975714,148,166,0
246,1.422,0.464,0.001,1.886,3.025,474845,674558,0,415,274,274,30390080,975714,148,166,0
247,1.391,0.608,0.000,1.999,1.983,474845,674558,0,415,274,274,30390080,975714,148,166,0
248,1.429,0.599,0.000,2.028,2.082,474845,674558,0,415,274,274,30390080,975714,148,166,0
249,1.381,0.578,0.000,1.960,2.117,474845,674558,0,415,274,274,30390080,975714,148,166,0
250,1.390,0.758,0.000,2.149,2.048,474845,674558,0,415,274,274,30390080,975714,148,166,0
251,1.550,0.645,0.000,2.195,2.248,474845,674558,0,415,274,274,30390080,975714,148,166,0
252,1.355,0.405,0.000,1.760,2.303,474845,674558,0,415,274,274,30390080,975714,148,166,0
253,1.510,0.457,0.000,1.967,1.925,474845,674558,0,415,274,274,30390080,975714,148,166,0
254,1.535,0.504,0.000,2.039,2.054,474845,674558,0,415,274,274,30390080,975714,148,166,0
255,1.671,0.559,0.000,2.230,2.328,474845,674558,0,415,274,274,30390080,975714,148,166,0
256,1.647,0.622,0.000,2.270,2.583,474845,674558,0,415,274,274,30390080,975714,148,166,0
257,1.465,0.530,0.000,1.994,2.357,474845,674558,0,415,274,274,30390080,975714,148,166,0
258,1.257,0.734,0.000,1.991,2.092,474845,674558,0,415,274,274,30390080,975714,148,166,0
259,1.452,0.579,0.000,2.031,3.001,474845,674558,0,415,274,274,30390080,975714,148,166,0
260,1.215,0.474,0.000,1.689,2.112,474845,674558,0,415,274,274,30390080,975714,148,166,0
261,1.362,0.432,0.000,1.794,1.793,474845,674558,0,415,274,274,30390080,975714,148,166,0
262,1.435,0.451,0.000,1.886,1.876,474845,674558,0,415,274,274,30390080,975714,148,166,0
263,1.378,0.482,0.000,1.860,1.974,474845,674558,0,415,274,274,30390080,975714,148,166,0
264,1.250,0.414,0.000,1.663,1.959,474845,674558,0,415,274,274,30390080,975714,148,166,0
265,1.305,0.441,0.000,1.746,1.766,474845,674558,0,415,274,274,30390080,975714,148,166,0
266,1.447,0.429,0.000,1.876,1.838,474845,674558,0,415,274,274,30390080,975714,148,166,0
267,1.303,0.514,0.000,1.817,1.964,474845,674558,0,415,274,274,30390080,975714,148,166,0
268,1.420,0.435,0.000,1.854,4.661,474845,674558,0,415,274,274,30390080,975714,148,166,0
269,1.615,0.468,0.000,2.084,1.943,474845,674558,0,415,274,274,30390080,975714,148,166,0
270,1.621,0.594,0.000,2.215,2.178,474845,674558,0,415,274,274,30390080,975714,148,166,0
271,1.638,0.583,0.000,2.221,2.539,474845,674558,0,415,274,274,30390080,975714,148,166,0
272,1.485,0.642,0.000,2.127,2.314,474845,674558,0,415,274,274,30390080,975714,148,166,0
273,1.684,0.878,0.000,2.562,2.587,474845,674558,0,415,274,274,30390080,975714,148,166,0
274,2.034,0.892,0.000,2.926,8.019,474845,674558,0,415,274,274,30390080,975714,148,166,0
275,1.395,0.611,0.000,2.006,3.010,474845,674558,0,415,274,274,30390080,975714,148,166,0
276,1.343,0.564,0.000,1.906,2.097,474845,674558,0,415,274,274,30390080,975714,148,166,0
277,1.400,0.469,0.000,1.869,2.012,474845,674558,0,415,274,274,30390080,975714,148,166,0
278,1.412,0.588,0.000,2.000,2.016,474845,674558,0,415,274,274,30390080,975714,148,166,0
279,1.567,0.614,0.003,2.184,2.084,474845,674558,0,415,274,274,30390080,975714,148,166,0
280,1.667,0.503,0.000,2.170,2.308,474845,674558,0,415,274,274,30390080,975714,148,166,0
281,1.458,0.626,0.000,2.084,2.257,474845,674558,0,415,274,274,30390080,975714,148,166,0
282,1.498,0.701,0.000,2.199,2.517,474845,674558,0,415,274,274,30390080,975714,148,166,0
283,1.265,0.629,0.000,1.895,2.296,474845,674558,0,415,274,274,30390080,975714,148,166,0
284,1.280,0.373,0.000,1.653,1.990,474845,674558,0,415,274,274,30390080,975714,148,166,0
285,1.426,0.439,0.000,1.865,1.735,474845,674558,0,415,274,274,30390080,975714,148,166,0
286,1.339,0.596,0.000,1.935,1.949,474845,674558,0,415,274,274,30390080,975714,148,166,0
287,1.449,0.601,0.000,2.050,2.071,474845,674558,0,415,274,274,30390080,975714,148,166,0
288,1.280,0.398,0.000,1.678,2.147,474845,674558,0,415,274,274,30390080,975714,148,166,0
289,1.427,0.452,0.000,1.879,1.820,474845,674558,0,415,274,274,30390080,975714,148,166,0
290,1.417,0.435,0.000,1.852,1.961,474845,674558,0,415,274,274,30390080,975714,148,166,0
291,1.298,0.576,0.000,1.874,1.943,474845,674558,0,415,274,274,30390080,975714,148,166,0
292,1.269,0.429,0.000,1.698,1.972,474845,674558,0,415,274,274,30390080,975714,148,166,0
293,1.450,0.663,0.000,2.112,2.778,474845,674558,0,415,274,274,30390080,975714,148,166,0
294,1.462,0.380,0.000,1.843,2.214,474845,674558,0,415,274,274,30390080,975714,148,166,0
295,1.433,0.416,0.000,1.849,2.002,474845,674558,0,415,274,274,30390080,975714,148,166,0
296,1.486,0.401,0.000,1.887,1.934,474845,674558,0,415,274,274,30390080,975714,148,166,0
297,1.260,0.558,0.000,1.817,1.979,474845,674558,0,415,274,274,30390080,975714,148,166,0
298,1.277,0.376,0.000,1.653,1.912,474845,674558,0,415,274,274,30390080,975714,148,166,0
299,1.401,0.421,0.000,1.822,1.797,474845,674558,0,415,274,274,30390080,975714,148,166,0
300,1.392,0.448,0.000,1.840,1.913,474845,674558,0,415,274,274,30390080,975714,148,166,0
301,1.234,0.737,0.000,1.972,1.925,474845,674558,0,415,274,274,30390080,975714,148,166,0
302,1.439,0.650,0.000,2.089,2.420,474845,674558,0,415,274,274,30390080,975714,148,166,0
303,1.419,0.456,0.000,1.874,2.189,474845,674558,0,415,274,274,30390080,975714,148,166,0
304,1.399,0.619,0.000,2.019,1.986,474845,674558,0,415,274,274,30390080,975714,148,166,0
305,1.561,0.612,0.000,2.173,2.106,474845,674558,0,415,274,274,30390080,975714,148,166,0
306,1.648,0.464,0.000,2.112,2.270,474845,674558,0,415,274,274,30390080,975714,148,166,0
307,1.422,0.483,0.000,1.905,2.200,474845,674558,0,415,274,274,30390080,975714,148,166,0
308,1.306,0.548,0.000,1.854,1.990,474845,674558,0,415,274,274,30390080,975714,148,166,0
309,1.328,0.455,0.000,1.783,1.998,474845,674558,0,415,274,274,30390080,975714,148,166,0
310,2.249,0.464,0.000,2.712,1.868,474845,674558,0,415,274,274,30390080,975714,148,166,0
311,1.531,0.414,0.000,1.945,3.278,474845,674558,0,415,274,274,30390080,975714,148,166,0
312,1.461,0.400,0.000,1.862,2.040,474845,674558,0,415,274,274,30390080,975714,148,166,0
313,1.359,0.415,0.000,1.774,1.946,474845,674558,0,415,274,274,30390080,975714,148,166,0
314,1.198,0.767,0.000,1.965,1.854,474845,674558,0,415,274,274,30390080,975714,148,166,0
315,1.232,0.710,0.000,1.943,2.076,474845,674558,0,415,274,274,30390080,975714,148,166,0
316,1.424,0.454,0.000,1.878,2.047,474845,674558,0,415,274,274,30390080,975714,148,166,0
317,1.329,0.478,0.000,1.806,1.963,474845,674558,0,415,274,274,30390080,975714,148,166,0
318,1.193,0.737,0.000,1.930,1.894,474845,674558,0,415,274,274,30390080,975714,148,166,0
319,1.337,0.883,0.000,2.220,2.051,474845,674558,0,415,274,274,30390080,975714,148,166,0
320,1.468,0.584,0.000,2.052,2.360,474845,674558,0,415,274,274,30390080,975714,148,166,0
321,1.451,0.650,0.000,2.101,2.157,474845,674558,0,415,274,274,30390080,975714,148,166,0
322,1.539,0.454,0.000,1.994,2.190,474845,674558,0,415,274,274,30390080,975714,148,166,0
323,1.472,0.435,0.000,1.907,2.072,474845,674558,0,415,274,274,30390080,975714,148,166,0
324,1.522,0.726,0.000,2.248,4.201,474845,674558,0,415,274,274,30390080,975714,148,166,0
325,1.358,0.434,0.000,1.793,2.444,474845,674558,0,415,274,274,30390080,975714,148,166,0
326,1.442,0.444,0.000,1.886,1.923,474845,674558,0,415,274,274,30390080,975714,148,166,0
327,1.529,0.460,0.000,1.989,1.976,474845,674558,0,415,274,274,30390080,975714,148,166,0
328,1.845,0.800,0.000,2.645,5.545,474845,674558,0,415,274,274,30390080,975714,148,166,0
329,1.629,0.938,0.000,2.567,3.893,474845,674558,0,415,274,274,30390080,975714,148,166,0
330,1.621,0.765,0.000,2.387,3.147,474845,674558,0,415,274,274,30390080,975714,148,166,0
331,1.787,0.611,0.000,2.398,3.197,474845,674558,0,415,274,274,30390080,975714,148,166,0
332,1.877,0.519,0.000,2.396,3.098,474845,674558,0,415,274,274,30390080,975714,148,166,0
333,1.476,0.704,0.000,2.180,7.151,474845,674558,0,415,274,274,30390080,975714,148,166,0
334,1.421,0.549,0.000,1.970,2.272,474845,674558,0,415,274,274,30390080,975714,148,166,0
335,1.377,0.600,0.000,1.977,2.064,474845,674558,0,415,274,274,30390080,975714,148,166,0
336,1.389,0.401,0.000,1.791,2.134,474845,674558,0,415,274,274,30390080,975714,148,166,0
337,1.440,0.560,0.000,2.001,1.880,474845,674558,0,415,274,274,30390080,975714,148,166,0
338,1.362,0.511,0.000,1.873,2.101,474845,674558,0,415,274,274,30390080,975714,148,166,0
339,1.371,0.709,0.000,2.080,1.959,474845,674558,0,415,274,274,30390080,975714,148,166,0
340,1.563,0.850,0.000,2.413,2.172,474845,674558,0,415,274,274,30390080,975714,148,166,0
341,1.313,0.471,0.000,1.784,2.509,474845,674558,0,415,274,274,30390080,975714,148,166,0
342,1.445,0.462,0.000,1.906,1.898,474845,674558,0,415,274,274,30390080,975714,148,166,0
343,1.567,0.441,0.000,2.008,1.991,474845,674558,0,415,274,274,30390080,975714,148,166,0
344,1.417,0.466,0.000,1.883,2.091,474845,674558,0,415,274,274,30390080,975714,148,166,0
345,1.273,0.591,0.000,1.865,1.974,474845,674558,0,415,274,274,30390080,975714,148,166,0
346,1.305,0.386,0.000,1.691,2.015,474845,674558,0,415,274,274,30390080,975714,148,166,0
347,1.439,0.449,0.000,1.888,1.779,474845,674558,0,415,274,274,30390080,975714,148,166,0
348,1.391,0.444,0.000,1.835,1.974,474845,674558,0,415,274,274,30390080,975714,148,166,0
349,1.250,0.536,0.000,1.787,1.918,474845,674558,0,415,274,274,30390080,975714,148,166,0
350,1.324,0.392,0.000,1.716,1.921,474845,674558,0,415,274,274,30390080,975714,148,166,0
351,1.485,0.397,0.000,1.882,1.806,474845,674558,0,415,274,274,30390080,975714,148,166,0
352,1.469,0.575,0.000,2.044,1.972,474845,674558,0,415,274,274,30390080,975714,148,166,0
353,1.568,0.768,0.000,2.336,4.235,474845,674558,0,415,274,274,30390080,975714,148,166,0
354,1.406,0.393,0.000,1.799,2.459,474845,674558,0,415,274,274,30390080,975714,148,166,0
355,1.455,0.424,0.000,1.879,1.889,474845,674558,0,415,274,274,30390080,975714,148,166,0
356,1.449,0.443,0.000,1.892,1.971,474845,674558,0,415,274,274,30390080,975714,148,166,0
357,1.314,0.698,0.000,2.013,1.977,474845,674558,0,415,274,274,30390080,975714,148,166,0
358,1.276,0.580,0.000,1.856,2.113,474845,674558,0,415,274,274,30390080,975714,148,166,0
359,1.393,0.644,0.000,2.037,1.967,474845,674558,0,415,274,274,30390080,975714,148,166,0
360,1.436,0.425,0.000,1.861,2.139,474845,674558,0,415,274,274,30390080,975714,148,166,0
361,1.401,0.472,0.000,1.873,1.948,474845,674558,0,415,274,274,30390080,975714,148,166,0
362,1.275,0.636,0.000,1.911,1.958,474845,674558,0,415,274,274,30390080,975714,148,166,0
363,1.300,0.660,0.000,1.961,2.006,474845,674558,0,415,274,274,30390080,975714,148,166,0
364,1.370,0.477,0.000,1.847,2.058,474845,674558,0,415,274,274,30390080,975714,148,166,0
365,1.434,0.407,0.000,1.841,1.930,474845,674558,0,415,274,274,30390080,975714,148,166,0
366,1.292,0.591,0.000,1.883,1.925,474845,674558,0,415,274,274,30390080,975714,148,166,0
367,1.260,0.557,0.000,1.817,1.976,474845,674558,0,415,274,274,30390080,975714,148,166,0
368,1.346,0.633,0.000,1.980,1.917,474845,674558,0,415,274,274,30390080,975714,148,166,0
369,1.447,0.411,0.000,1.858,2.064,474845,674558,0,415,274,274,30390080,975714,148,166,0
370,1.319,0.462,0.000,1.781,1.953,474845,674558,0,415,274,274,30390080,975714,148,166,0
371,1.242,0.654,0.000,1.896,1.875,474845,674558,0,415,274,274,30390080,975714,148,166,0
372,1.327,0.643,0.000,1.970,2.006,474845,674558,0,415,274,274,30390080,975714,148,166,0
373,1.417,0.395,0.000,1.812,2.088,474845,674558,0,415,274,274,30390080,975714,148,166,0
374,1.364,0.437,0.000,1.801,1.896,474845,674558,0,415,274,274,30390080,975714,148,166,0
375,1.281,0.697,0.000,1.979,1.879,474845,674558,0,415,274,274,30390080,975714,148,166,0
376,1.567,0.613,0.000,2.180,4.160,474845,674558,0,415,274,274,30390080,975714,148,166,0
377,1.475,0.451,0.000,1.926,2.269,474845,674558,0,415,274,274,30390080,975714,148,166,0
378,1.387,0.483,0.000,1.870,2.011,474845,674558,0,415,274,274,30390080,975714,148,166,0
379,1.237,0.677,0.000,1.914,1.952,474845,674558,0,415,274,274,30390080,975714,148,166,0
380,1.268,0.630,0.000,1.898,2.022,474845,674558,0,415,274,274,30390080,975714,148,166,0
381,1.419,0.482,0.000,1.901,1.998,474845,674558,0,415,274,274,30390080,975714,148,166,0
382,1.447,0.423,0.000,1.871,1.983,474845,674558,0,415,274,274,30390080,975714,148,166,0
383,1.284,0.650,0.000,1.934,1.962,474845,674558,0,415,274,274,30390080,975714,148,166,0
384,1.275,0.611,0.000,1.886,2.035,474845,674558,0,415,274,274,30390080,975714,148,166,0
385,1.341,0.624,0.000,1.965,1.987,474845,674558,0,415,274,274,30390080,975714,148,166,0
386,1.408,0.430,0.000,1.839,2.049,474845,674558,0,415,274,274,30390080,975714,148,166,0
387,1.382,0.455,0.000,1.838,1.925,474845,674558,0,415,274,274,30390080,975714,148,166,0
388,1.235,0.741,0.000,1.976,1.920,474845,674558,0,415,274,274,30390080,975714,148,166,0
389,1.292,0.739,0.000,2.031,2.143,474845,674558,0,415,274,274,30390080,975714,148,166,0
390,1.374,0.643,0.000,2.016,2.137,474845,674558,0,415,274,274,30390080,975714,148,166,0
391,1.452,0.445,0.000,1.897,2.101,474845,674558,0,415,274,274,30390080,975714,148,166,0
392,1.480,0.473,0.000,1.953,1.982,474845,674558,0,415,274,274,30390080,975714,148,166,0
393,1.385,0.659,0.000,2.044,4.594,474845,674558,0,415,274,274,30390080,975714,148,166,0
394,1.282,0.365,0.000,1.648,2.144,474845,674558,0,415,274,274,30390080,975714,148,166,0
395,1.436,0.409,0.000,1.845,1.734,474845,674558,0,415,274,274,30390080,975714,148,166,0
396,1.414,0.432,0.000,1.847,1.934,474845,674558,0,415,274,274,30390080,975714,148,166,0
397,1.236,0.881,0.000,2.117,1.929,474845,674558,0,415,274,274,30390080,975714,148,166,0
398,1.273,0.748,0.000,2.021,2.219,474845,674558,0,415,274,274,30390080,975714,148,166,0
399,1.351,0.923,0.001,2.275,2.134,474845,674558,0,415,274,274,30390080,975714,148,166,0
400,1.391,0.632,0.000,2.023,2.385,474845,674558,0,415,274,274,30390080,975714,148,166,0
401,1.482,0.413,0.000,1.895,2.104,474845,674558,0,415,274,274,30390080,975714,148,166,0
402,1.467,0.435,0.000,1.901,1.980,474845,674558,0,415,274,274,30390080,975714,148,166,0
403,1.274,0.841,0.000,2.114,1.987,474845,674558,0,415,274,274,30390080,975714,148,166,0
404,1.288,0.724,0.000,2.012,2.213,474845,674558,0,415,274,274,30390080,975714,148,166,0
405,1.350,0.916,0.000,2.266,2.125,474845,674558,0,415,274,274,30390080,975714,148,166,0
406,1.388,0.567,0.000,1.955,2.363,474845,674558,0,415,274,274,30390080,975714,148,166,0
407,1.546,0.412,0.000,1.958,2.041,474845,674558,0,415,274,274,30390080,975714,148,166,0
408,1.366,0.451,0.000,1.817,2.048,474845,674558,0,415,274,274,30390080,975714,148,166,0
409,1.166,3.184,0.000,4.350,1.900,474845,674558,0,415,274,274,30390080,975714,148,166,0
410,1.406,0.585,0.000,1.991,5.473,474845,674558,0,415,274,274,30390080,975714,148,166,0
411,1.218,0.340,0.000,1.558,2.083,474845,674558,0,415,274,274,30390080,975714,148,166,0
412,1.411,0.395,0.000,1.806,1.647,474845,674558,0,415,274,274,30390080,975714,148,166,0
413,1.433,0.559,0.003,1.995,1.890,474845,674558,0,415,274,274,30390080,975714,148,166,0
414,1.440,0.679,0.000,2.118,2.103,474845,674558,0,415,274,274,30390080,975714,148,166,0
415,1.367,0.936,0.000,2.303,2.215,474845,674558,0,415,274,274,30390080,975714,148,166,0
416,1.334,1.057,0.000,2.392,2.446,474845,674558,0,415,274,274,30390080,975714,148,166,0
417,1.498,0.611,0.000,2.110,2.602,474845,674558,0,415,274,274,30390080,975714,148,166,0
418,1.462,0.893,0.000,2.355,2.230,474845,674558,0,415,274,274,30390080,975714,148,166,0
419,1.449,0.627,0.000,2.075,2.494,474845,674558,0,415,274,274,30390080,975714,148,166,0
420,1.516,0.471,0.000,1.987,2.157,474845,674558,0,415,274,274,30390080,975714,148,166,0
421,1.512,0.473,0.000,1.985,2.070,474845,674558,0,415,274,274,30390080,975714,148,166,0
422,1.265,0.683,0.000,1.949,2.067,474845,674558,0,415,274,274,30390080,975714,148,166,0
423,1.306,0.978,0.000,2.284,2.048,474845,674558,0,415,274,274,30390080,975714,148,166,0
424,1.340,0.768,0.000,2.108,2.382,474845,674558,0,415,274,274,30390080,975714,148,166,0
425,1.387,0.885,0.000,2.272,2.223,474845,674558,0,415,274,274,30390080,975714,148,166,0
426,1.435,0.610,0.000,2.045,2.373,474845,674558,0,415,274,274,30390080,975714,148,166,0
427,1.465,0.439,0.000,1.904,2.126,474845,674558,0,415,274,274,30390080,975714,148,166,0
428,1.437,0.471,0.000,1.908,1.986,474845,674558,0,415,274,274,30390080,975714,148,166,0
429,1.251,0.823,0.000,2.075,1.990,474845,674558,0,415,274,274,30390080,975714,148,166,0
430,1.329,0.848,0.000,2.177,2.171,474845,674558,0,415,274,274,30390080,975714,148,166,0
431,1.437,0.886,0.000,2.324,2.281,474845,674558,0,415,274,274,30390080,975714,148,166,0
432,1.622,0.550,0.000,2.173,4.892,474845,674558,0,415,274,274,30390080,975714,148,166,0
433,1.538,0.469,0.000,2.007,2.262,474845,674558,0,415,274,274,30390080,975714,148,166,0
434,1.369,0.442,0.000,1.811,2.092,474845,674558,0,415,274,274,30390080,975714,148,166,0
435,1.242,0.640,0.000,1.882,1.897,474845,674558,0,415,274,274,30390080,975714,148,166,0
436,1.243,0.622,0.000,1.865,2.026,474845,674558,0,415,274,274,30390080,975714,148,166,0
437,1.390,0.606,0.000,1.995,1.959,474845,674558,0,415,274,274,30390080,975714,148,166,0
438,1.563,0.427,0.000,1.990,2.088,474845,674558,0,415,274,274,30390080,975714,148,166,0
439,1.347,0.461,0.000,1.808,2.073,474845,674558,0,415,274,274,30390080,975714,148,166,0
440,1.229,0.962,0.000,2.191,1.899,474845,674558,0,415,274,274,30390080,975714,148,166,0
441,1.280,0.824,0.000,2.103,2.297,474845,674558,0,415,274,274,30390080,975714,148,166,0
442,1.324,0.864,0.000,2.189,2.217,474845,674558,0,415,274,274,30390080,975714,148,166,0
443,1.472,0.587,0.000,2.059,2.288,474845,674558,0,415,274,274,30390080,975714,148,166,0
444,1.467,0.418,0.000,1.884,2.141,474845,674558,0,415,274,274,30390080,975714,148,166,0
445,1.426,0.455,0.000,1.882,1.972,474845,674558,0,415,274,274,30390080,975714,148,166,0
446,1.247,1.615,0.000,2.862,1.966,474845,674558,0,415,274,274,30390080,975714,148,166,0
447,1.564,0.443,0.000,2.007,3.701,474845,674558,0,415,274,274,30390080,975714,148,166,0
448,1.365,0.476,0.000,1.841,2.096,474845,674558,0,415,274,274,30390080,975714,148,166,0
449,1.250,0.842,0.000,2.092,1.931,474845,674558,0,415,274,274,30390080,975714,148,166,0
450,1.294,0.768,0.000,2.062,2.233,474845,674558,0,415,274,274,30390080,975714,148,166,0
451,1.316,0.757,0.000,2.073,2.176,474845,674558,0,415,274,274,30390080,975714,148,166,0
452,1.407,0.428,0.000,1.835,2.156,474845,674558,0,415,274,274,30390080,975714,148,166,0
453,1.495,0.450,0.000,1.945,1.920,474845,674558,0,415,274,274,30390080,975714,148,166,0
454,1.248,0.817,0.000,2.066,2.029,474845,674558,0,415,274,274,30390080,975714,148,166,0
455,1.253,0.788,0.000,2.041,2.167,474845,674558,0,415,274,274,30390080,975714,148,166,0
456,1.319,0.934,0.000,2.253,2.145,474845,674558,0,415,274,274,30390080,975714,148,166,0
457,1.409,0.627,0.000,2.035,2.355,474845,674558,0,415,274,274,30390080,975714,148,166,0
458,1.438,0.426,0.000,1.864,2.118,474845,674558,0,415,274,274,30390080,975714,148,166,0
459,1.433,0.469,0.000,1.902,1.947,474845,674558,0,415,274,274,30390080,975714,148,166,0
460,1.218,0.748,0.000,1.966,1.987,474845,674558,0,415,274,274,30390080,975714,148,166,0
461,1.280,1.774,0.000,3.054,2.434,474845,674558,0,415,274,274,30390080,975714,148,166,0
462,1.406,0.450,0.000,1.857,3.442,474845,674558,0,415,274,274,30390080,975714,148,166,0
463,1.249,0.742,0.000,1.991,1.942,474845,674558,0,415,274,274,30390080,975714,148,166,0
464,1.259,0.799,0.000,2.058,2.099,474845,674558,0,415,274,274,30390080,975714,148,166,0
465,1.329,0.742,0.000,2.071,2.156,474845,674558,0,415,274,274,30390080,975714,148,166,0
466,1.489,0.442,0.000,1.931,2.170,474845,674558,0,415,274,274,30390080,975714,148,166,0
467,1.517,0.629,0.000,2.146,2.014,474845,674558,0,415,274,274,30390080,975714,148,166,0
468,1.599,0.674,0.000,2.274,2.496,474845,674558,0,415,274,274,30390080,975714,148,166,0
469,1.344,0.565,0.000,1.909,2.365,474845,674558,0,415,274,274,30390080,975714,148,166,0
470,1.251,1.001,0.000,2.252,2.001,474845,674558,0,415,274,274,30390080,975714,148,166,0
471,1.291,0.751,0.000,2.041,2.350,474845,674558,0,415,274,274,30390080,975714,148,166,0
472,1.913,0.573,0.000,2.485,3.672,474845,674558,0,415,274,274,30390080,975714,148,166,0
473,1.395,0.486,0.000,1.881,2.579,474845,674558,0,415,274,274,30390080,975714,148,166,0
474,1.277,0.582,0.000,1.859,1.963,474845,674558,0,415,274,274,30390080,975714,148,166,0
475,1.268,0.777,0.000,2.045,2.003,474845,674558,0,415,274,274,30390080,975714,148,166,0
476,1.380,0.557,0.000,1.937,2.146,474845,674558,0,415,274,274,30390080,975714,148,166,0
477,1.480,0.420,0.000,1.900,2.021,474845,674558,0,415,274,274,30390080,975714,148,166,0
478,1.310,0.533,0.000,1.843,1.981,474845,674558,0,415,274,274,30390080,975714,148,166,0
479,1.232,0.979,0.000,2.211,1.925,474845,674558,0,415,274,274,30390080,975714,148,166,0
480,1.264,0.756,0.000,2.020,2.330,474845,674558,0,415,274,274,30390080,975714,148,166,0
481,1.351,0.911,0.000,2.262,2.121,474845,674558,0,415,274,274,30390080,975714,148,166,0
482,1.446,0.436,0.000,1.883,2.351,474845,674558,0,415,274,274,30390080,975714,148,166,0
483,1.510,0.415,0.000,1.925,1.965,474845,674558,0,415,274,274,30390080,975714,148,166,0
484,1.469,0.395,0.000,1.864,3.412,474845,674558,0,415,274,274,30390080,975714,148,166,0
485,1.438,0.389,0.000,1.826,1.948,474845,674558,0,415,274,274,30390080,975714,148,166,0
486,1.283,0.544,0.000,1.827,1.913,474845,674558,0,415,274,274,30390080,975714,148,166,0
487,1.249,0.915,0.000,2.164,1.921,474845,674558,0,415,274,274,30390080,975714,148,166,0
488,1.279,0.868,0.000,2.147,2.346,474845,674558,0,415,274,274,30390080,975714,148,166,0
489,1.375,0.772,0.000,2.147,2.262,474845,674558,0,415,274,274,30390080,975714,148,166,0
490,1.472,0.456,0.000,1.928,2.251,474845,674558,0,415,274,274,30390080,975714,148,166,0
491,1.521,0.422,0.000,1.942,2.019,474845,674558,0,415,274,274,30390080,975714,148,166,0
492,1.246,0.716,0.000,1.962,2.037,474845,674558,0,415,274,274,30390080,975714,148,166,0
493,1.241,3.536,0.000,4.777,2.060,474845,674558,0,415,274,274,30390080,975714,148,166,0
494,1.335,0.456,0.000,1.791,4.919,474845,674558,0,415,274,274,30390080,975714,148,166,0
495,1.401,0.418,0.000,1.818,1.901,474845,674558,0,415,274,274,30390080,975714,148,166,0
496,1.374,0.451,0.000,1.826,1.909,474845,674558,0,415,274,274,30390080,975714,148,166,0
497,1.251,0.608,0.000,1.859,1.909,474845,674558,0,415,274,274,30390080,975714,148,166,0
498,1.257,0.783,0.000,2.040,1.972,474845,674558,0,415,274,274,30390080,975714,148,166,0
499,1.313,0.748,0.000,2.061,2.151,474845,674558,0,415,274,274,30390080,975714,148,166,0
500,1.423,0.403,0.000,1.825,2.143,474845,674558,0,415,274,274,30390080,975714,148,166,0
501,1.416,0.443,0.000,1.860,1.909,474845,674558,0,415,274,274,30390080,975714,148,166,0
502,1.222,0.782,0.000,2.004,1.943,474845,674558,0,415,274,274,30390080,975714,148,166,0
503,1.242,0.841,0.000,2.082,2.162,474845,674558,0,415,274,274,30390080,975714,148,166,0
504,1.347,0.862,0.000,2.209,2.182,474845,674558,0,415,274,274,30390080,975714,148,166,0
505,1.411,0.465,0.000,1.876,2.302,474845,674558,0,415,274,274,30390080,975714,148,166,0
506,1.462,0.412,0.000,1.873,1.962,474845,674558,0,415,274,274,30390080,975714,148,166,0
507,1.238,0.806,0.000,2.045,1.962,474845,674558,0,415,274,274,30390080,975714,148,166,0
508,1.210,0.950,0.000,2.161,2.157,474845,674558,0,415,274,274,30390080,975714,148,166,0
509,1.275,0.744,0.000,2.019,2.269,474845,674558,0,415,274,274,30390080,975714,148,166,0
510,1.350,0.673,0.000,2.023,2.122,474845,674558,0,415,274,274,30390080,975714,148,166,0
511,1.451,0.498,0.000,1.949,4.194,474845,674558,0,415,274,274,30390080,975714,148,166,0
512,1.219,0.581,0.000,1.800,2.050,474845,674558,0,415,274,274,30390080,975714,148,166,0
513,1.256,0.346,0.000,1.603,1.913,474845,674558,0,415,274,274,30390080,975714,148,166,0
514,1.388,0.399,0.000,1.787,1.700,474845,674558,0,415,274,274,30390080,975714,148,166,0
515,1.414,0.498,0.000,1.913,1.873,474845,674558,0,415,274,274,30390080,975714,148,166,0
516,1.398,0.480,0.000,1.877,2.881,474845,674558,0,415,274,274,30390080,975714,148,166,0
517,1.242,0.888,0.000,2.130,1.961,474845,674558,0,415,274,274,30390080,975714,148,166,0
518,1.238,0.914,0.000,2.152,2.235,474845,674558,0,415,274,274,30390080,975714,148,166,0
519,1.283,0.862,0.000,2.146,2.270,474845,674558,0,415,274,274,30390080,975714,148,166,0
520,1.416,0.589,0.000,2.005,2.244,474845,674558,0,415,274,274,30390080,975714,148,166,0
521,1.534,0.496,0.000,2.029,4.412,474845,674558,0,415,274,274,30390080,975714,148,166,0
522,1.317,0.521,0.000,1.838,2.113,474845,674558,0,415,274,274,30390080,975714,148,166,0
523,1.259,0.384,0.000,1.644,1.938,474845,674558,0,415,274,274,30390080,975714,148,166,0
524,1.349,0.395,0.000,1.743,1.744,474845,674558,0,415,274,274,30390080,975714,148,166,0
525,1.502,0.437,0.000,1.939,1.830,474845,674558,0,415,274,274,30390080,975714,148,166,0
526,1.622,0.562,0.000,2.185,5.110,474845,674558,0,415,274,274,30390080,975714,148,166,0
527,1.343,0.534,0.000,1.877,2.277,474845,674558,0,415,274,274,30390080,975714,148,166,0
528,1.218,0.378,0.000,1.596,1.969,474845,674558,0,415,274,274,30390080,975714,148,166,0
529,1.560,0.576,0.000,2.135,1.687,474845,674558,0,415,274,274,30390080,975714,148,166,0
530,1.584,0.670,0.000,2.255,2.355,474845,674558,0,415,274,274,30390080,975714,148,166,0
531,1.497,0.506,0.000,2.003,2.346,474845,674558,0,415,274,274,30390080,975714,148,166,0
532,1.405,0.492,0.000,1.898,2.095,474845,674558,0,415,274,274,30390080,975714,148,166,0
533,1.260,0.860,0.000,2.120,1.983,474845,674558,0,415,274,274,30390080,975714,148,166,0
534,1.309,0.724,0.000,2.033,2.224,474845,674558,0,415,274,274,30390080,975714,148,166,0
535,1.398,0.913,0.000,2.311,2.134,474845,674558,0,415,274,274,30390080,975714,148,166,0
536,1.374,0.590,0.000,1.965,2.420,474845,674558,0,415,274,274,30390080,975714,148,166,0
537,1.435,0.438,0.000,1.873,2.047,474845,674558,0,415,274,274,30390080,975714,148,166,0
538,1.391,0.516,0.000,1.907,1.955,474845,674558,0,415,274,274,30390080,975714,148,166,0
539,1.382,0.720,0.000,2.102,4.593,474845,674558,0,415,274,274,30390080,975714,148,166,0
540,1.292,0.353,0.000,1.645,2.202,474845,674558,0,415,274,274,30390080,975714,148,166,0
541,1.462,0.416,0.000,1.877,1.730,474845,674558,0,415,274,274,30390080,975714,148,166,0
542,1.346,0.472,0.000,1.818,1.960,474845,674558,0,415,274,274,30390080,975714,148,166,0
543,2.270,0.466,0.000,2.736,2.829,474845,674558,0,415,274,274,30390080,975714,148,166,0
544,1.471,0.454,0.000,1.926,2.822,474845,674558,0,415,274,274,30390080,975714,148,166,0
545,1.379,0.679,0.000,2.058,4.234,474845,674558,0,415,274,274,30390080,975714,148,166,0
546,1.342,0.426,0.000,1.768,2.298,474845,674558,0,415,274,274,30390080,975714,148,166,0
547,1.360,0.421,0.000,1.781,1.879,474845,674558,0,415,274,274,30390080,975714,148,166,0
548,1.474,0.437,0.000,1.911,1.862,474845,674558,0,415,274,274,30390080,975714,148,166,0
549,1.495,0.550,0.000,2.046,4.828,474845,674558,0,415,274,274,30390080,975714,148,166,0
550,1.317,0.547,0.000,1.865,2.145,474845,674558,0,415,274,274,30390080,975714,148,166,0
551,1.248,0.370,0.000,1.618,1.967,474845,674558,0,415,274,274,30390080,975714,148,166,0
552,1.398,0.412,0.000,1.811,1.706,474845,674558,0,415,274,274,30390080,975714,148,166,0
553,1.373,0.448,0.000,1.820,1.894,474845,674558,0,415,274,274,30390080,975714,148,166,0
554,1.207,0.857,0.000,2.064,1.910,474845,674558,0,415,274,274,30390080,975714,148,166,0
555,1.255,0.723,0.000,1.978,2.171,474845,674558,0,415,274,274,30390080,975714,148,166,0
556,1.328,1.048,0.000,2.376,2.081,474845,674558,0,415,274,274,30390080,975714,148,166,0
557,1.396,0.870,0.000,2.266,5.984,474845,674558,0,415,274,274,30390080,975714,148,166,0
558,1.274,0.401,0.000,1.675,2.368,474845,674558,0,415,274,274,30390080,975714,148,166,0
559,1.391,0.466,0.000,1.857,1.786,474845,674558,0,415,274,274,30390080,975714,148,166,0
560,1.382,0.433,0.000,1.815,1.946,474845,674558,0,415,274,274,30390080,975714,148,166,0
561,1.235,0.573,0.000,1.808,1.897,474845,674558,0,415,274,274,30390080,975714,148,166,0
562,1.391,0.497,0.000,1.888,2.901,474845,674558,0,415,274,274,30390080,975714,148,166,0
563,1.231,0.399,0.000,1.629,1.970,474845,674558,0,415,274,274,30390080,975714,148,166,0
564,1.392,0.526,0.000,1.918,1.744,474845,674558,0,415,274,274,30390080,975714,148,166,0
565,1.409,0.493,0.000,1.902,2.610,474845,674558,0,415,274,274,30390080,975714,148,166,0
566,1.602,0.765,0.000,2.367,5.139,474845,674558,0,415,274,274,30390080,975714,148,166,0
567,1.508,0.596,0.000,2.104,2.455,474845,674558,0,415,274,274,30390080,975714,148,166,0
568,1.532,0.615,0.000,2.147,2.189,474845,674558,0,415,274,274,30390080,975714,148,166,0
569,1.548,0.515,0.000,2.062,2.253,474845,674558,0,415,274,274,30390080,975714,148,166,0
570,1.386,0.589,0.000,1.975,2.151,474845,674558,0,415,274,274,30390080,975714,148,166,0
571,1.314,0.427,0.000,1.741,2.070,474845,674558,0,415,274,274,30390080,975714,148,166,0
572,1.434,0.443,0.000,1.877,1.840,474845,674558,0,415,274,274,30390080,975714,148,166,0
573,1.530,0.430,0.000,1.960,1.965,474845,674558,0,415,274,274,30390080,975714,148,166,0
574,1.324,0.566,0.000,1.890,2.042,474845,674558,0,415,274,274,30390080,975714,148,166,0
575,1.321,1.418,0.000,2.738,1.982,474845,674558,0,415,274,274,30390080,975714,148,166,0
576,1.363,0.484,0.000,1.847,4.942,474845,674558,0,415,274,274,30390080,975714,148,166,0
577,1.442,0.458,0.000,1.899,1.932,474845,674558,0,415,274,274,30390080,975714,148,166,0
578,1.467,0.441,0.000,1.907,1.982,474845,674558,0,415,274,274,30390080,975714,148,166,0
579,1.563,0.525,0.000,2.089,3.425,474845,674558,0,415,274,274,30390080,975714,148,166,0
580,1.642,0.705,0.000,2.347,2.711,474845,674558,0,415,274,274,30390080,975714,148,166,0
581,1.465,0.553,0.000,2.018,2.451,474845,674558,0,415,274,274,30390080,975714,148,166,0
582,1.459,0.565,0.000,2.023,2.100,474845,674558,0,415,274,274,30390080,975714,148,166,0
583,1.384,0.705,0.000,2.090,2.105,474845,674558,0,415,274,274,30390080,975714,148,166,0
584,1.610,0.620,0.000,2.230,2.196,474845,674558,0,415,274,274,30390080,975714,148,166,0
585,1.585,0.616,0.000,2.201,2.926,474845,674558,0,415,274,274,30390080,975714,148,166,0
586,1.410,0.595,0.000,2.006,2.286,474845,674558,0,415,274,274,30390080,975714,148,166,0
587,1.277,0.729,0.000,2.007,2.089,474845,674558,0,415,274,274,30390080,975714,148,166,0
588,1.308,0.794,0.000,2.102,2.132,474845,674558,0,415,274,274,30390080,975714,148,166,0
589,1.465,1.451,0.000,2.916,2.208,474845,674558,0,415,274,274,30390080,975714,148,166,0
590,1.457,0.847,0.000,2.304,6.002,474845,674558,0,415,274,274,30390080,975714,148,166,0
591,1.593,0.735,0.000,2.328,2.627,474845,674558,0,415,274,274,30390080,975714,148,166,0
592,1.446,0.455,0.000,1.901,2.496,474845,674558,0,415,274,274,30390080,975714,148,166,0
593,1.534,0.482,0.000,2.016,2.546,474845,674558,0,415,274,274,30390080,975714,148,166,0
594,1.494,0.872,0.000,2.366,3.392,474845,674558,0,415,274,274,30390080,975714,148,166,0
595,1.312,0.677,0.000,1.989,2.452,474845,674558,0,415,274,274,30390080,975714,148,166,0
596,1.421,0.538,0.000,1.959,2.096,474845,674558,0,415,274,274,30390080,975714,148,166,0
597,1.318,0.614,0.000,1.931,2.611,474845,674558,0,415,274,274,30390080,975714,148,166,0
598,1.362,0.482,0.000,1.844,2.041,474845,674558,0,415,274,274,30390080,975714,148,166,0
599,1.462,0.428,0.000,1.890,1.929,474845,674558,0,415,274,274,30390080,975714,148,166,0
600,1.383,0.653,0.000,2.036,1.976,474845,674558,0,415,274,274,30390080,975714,148,166,0
601,1.661,0.486,0.000,2.147,2.821,474845,674558,0,415,274,274,30390080,975714,148,166,0
602,1.575,0.713,0.000,2.288,2.982,474845,674558,0,415,274,274,30390080,975714,148,166,0
603,1.551,0.502,0.000,2.053,2.371,474845,674558,0,415,274,274,30390080,975714,148,166,0
604,1.380,0.574,0.000,1.954,2.141,474845,674558,0,415,274,274,30390080,975714,148,166,0
605,1.312,0.440,0.000,1.752,2.071,474845,674558,0,415,274,274,30390080,975714,148,166,0
606,1.373,0.909,0.000,2.282,1.857,474845,674558,0,415,274,274,30390080,975714,148,166,0
607,1.537,0.870,0.000,2.407,3.296,474845,674558,0,415,274,274,30390080,975714,148,166,0
608,1.480,0.674,0.001,2.155,2.508,474845,674558,0,415,274,274,30390080,975714,148,166,0
609,1.368,0.428,0.000,1.797,2.331,474845,674558,0,415,274,274,30390080,975714,148,166,0
610,1.476,0.432,0.000,1.908,1.892,474845,674558,0,415,274,274,30390080,975714,148,166,0
611,1.592,0.550,0.000,2.143,1.990,474845,674558,0,415,274,274,30390080,975714,148,166,0
612,1.665,0.913,0.000,2.578,4.271,474845,674558,0,415,274,274,30390080,975714,148,166,0
613,1.434,0.645,0.000,2.080,2.679,474845,674558,0,415,274,274,30390080,975714,148,166,0
614,1.327,0.449,0.000,1.776,2.188,474845,674558,0,415,274,274,30390080,975714,148,166,0
615,1.451,0.430,0.000,1.881,1.870,474845,674558,0,415,274,274,30390080,975714,148,166,0
616,1.425,0.635,0.000,2.060,1.965,474845,674558,0,415,274,274,30390080,975714,148,166,0
617,1.654,0.541,0.000,2.195,2.501,474845,674558,0,415,274,274,30390080,975714,148,166,0
618,1.566,0.660,0.000,2.226,2.673,474845,674558,0,415,274,274,30390080,975714,148,166,0
619,1.388,0.542,0.000,1.930,2.316,474845,674558,0,415,274,274,30390080,975714,148,166,0
620,1.235,0.957,0.000,2.192,2.011,474845,674558,0,415,274,274,30390080,975714,148,166,0
621,1.316,0.861,0.000,2.176,2.287,474845,674558,0,415,274,274,30390080,975714,148,166,0
622,1.292,0.790,0.000,2.082,2.335,474845,674558,0,415,274,274,30390080,975714,148,166,0
623,1.399,0.739,0.000,2.137,2.177,474845,674558,0,415,274,274,30390080,975714,148,166,0
624,1.472,0.454,0.000,1.926,2.219,474845,674558,0,415,274,274,30390080,975714,148,166,0
625,1.462,0.466,0.000,1.928,2.008,474845,674558,0,415,274,274,30390080,975714,148,166,0
626,1.288,0.868,0.000,2.155,2.012,474845,674558,0,415,274,274,30390080,975714,148,166,0
627,1.265,0.909,0.000,2.174,2.249,474845,674558,0,415,274,274,30390080,975714,148,166,0
628,1.259,0.734,0.000,1.993,2.315,474845,674558,0,415,274,274,30390080,975714,148,166,0
629,1.348,0.896,0.000,2.244,2.084,474845,674558,0,415,274,274,30390080,975714,148,166,0
630,1.405,0.433,0.000,1.839,2.342,474845,674558,0,415,274,274,30390080,975714,148,166,0
631,1.475,0.421,0.000,1.896,1.921,474845,674558,0,415,274,274,30390080,975714,148,166,0
632,1.202,0.819,0.000,2.021,1.975,474845,674558,0,415,274,274,30390080,975714,148,166,0
633,1.212,0.835,0.000,2.047,2.119,474845,674558,0,415,274,274,30390080,975714,148,166,0
634,1.312,0.835,0.000,2.147,2.174,474845,674558,0,415,274,274,30390080,975714,148,166,0
635,1.450,0.431,0.000,1.881,2.241,474845,674558,0,415,274,274,30390080,975714,148,166,0
636,1.572,0.456,0.000,2.028,1.969,474845,674558,0,415,274,274,30390080,975714,148,166,0
637,1.298,0.504,0.000,1.802,2.117,474845,674558,0,415,274,274,30390080,975714,148,166,0
638,1.192,0.952,0.000,2.145,1.902,474845,674558,0,415,274,274,30390080,975714,148,166,0
639,1.307,0.798,0.000,2.105,2.265,474845,674558,0,415,274,274,30390080,975714,148,166,0
640,1.340,0.702,0.000,2.042,2.197,474845,674558,0,415,274,274,30390080,975714,148,166,0
641,1.483,0.765,0.000,2.249,2.121,474845,674558,0,415,274,274,30390080,975714,148,166,0
642,1.484,0.431,0.000,1.915,2.472,474845,674558,0,415,274,274,30390080,975714,148,166,0
643,1.415,0.474,0.000,1.889,1.997,474845,674558,0,415,274,274,30390080,975714,148,166,0
644,1.208,0.955,0.000,2.164,1.978,474845,674558,0,415,274,274,30390080,975714,148,166,0
645,1.464,0.821,0.000,2.286,2.698,474845,674558,0,415,274,274,30390080,975714,148,166,0
646,1.717,0.554,0.000,2.271,3.522,474845,674558,0,415,274,274,30390080,975714,148,166,0
647,1.466,0.565,0.000,2.031,2.372,474845,674558,0,415,274,274,30390080,975714,148,166,0
648,1.381,0.543,0.000,1.924,2.124,474845,674558,0,415,274,274,30390080,975714,148,166,0
649,1.368,0.776,0.000,2.145,2.020,474845,674558,0,415,274,274,30390080,975714,148,166,0
650,1.545,0.709,0.000,2.254,2.394,474845,674558,0,415,274,274,30390080,975714,148,166,0
651,1.433,0.815,0.000,2.248,2.362,474845,674558,0,415,274,274,30390080,975714,148,166,0
652,1.687,0.630,0.000,2.317,2.509,474845,674558,0,415,274,274,30390080,975714,148,166,0
653,1.761,0.617,0.000,2.378,4.017,474845,674558,0,415,274,274,30390080,975714,148,166,0
654,1.542,0.722,0.000,2.264,3.060,474845,674558,0,415,274,274,30390080,975714,148,166,0
655,1.474,0.511,0.000,1.985,2.353,474845,674558,0,415,274,274,30390080,975714,148,166,0
656,1.389,0.593,0.000,1.982,2.079,474845,674558,0,415,274,274,30390080,975714,148,166,0
657,1.301,0.469,0.000,1.770,2.079,474845,674558,0,415,274,274,30390080,975714,148,166,0
658,1.379,0.772,0.000,2.151,1.868,474845,674558,0,415,274,274,30390080,975714,148,166,0
659,1.405,0.483,0.000,1.887,2.947,474845,674558,0,415,274,274,30390080,975714,148,166,0
660,1.422,0.466,0.000,1.888,1.983,474845,674558,0,415,274,274,30390080,975714,148,166,0
661,1.530,0.444,0.000,1.975,1.973,474845,674558,0,415,274,274,30390080,975714,148,166,0
662,1.334,0.560,0.000,1.894,2.058,474845,674558,0,415,274,274,30390080,975714,148,166,0
663,1.242,1.030,0.000,2.272,1.980,474845,674558,0,415,274,274,30390080,975714,148,166,0
664,1.325,0.608,0.000,1.933,2.410,474845,674558,0,415,274,274,30390080,975714,148,166,0
665,1.792,1.571,0.000,3.363,2.034,474845,674558,0,415,274,274,30390080,975714,148,166,0
666,1.481,0.517,0.000,1.998,4.058,474845,674558,0,415,274,274,30390080,975714,148,166,0
667,1.439,0.463,0.000,1.902,2.758,474845,674558,0,415,274,274,30390080,975714,148,166,0
668,1.274,0.605,0.000,1.879,1.989,474845,674558,0,415,274,274,30390080,975714,148,166,0
669,1.267,0.803,0.000,2.070,1.992,474845,674558,0,415,274,274,30390080,975714,148,166,0
670,1.483,0.803,0.000,2.285,2.168,474845,674558,0,415,274,274,30390080,975714,148,166,0
671,1.617,0.754,0.001,2.372,5.624,474845,674558,0,415,274,274,30390080,975714,148,166,0
672,1.441,0.478,0.000,1.919,2.492,474845,674558,0,415,274,274,30390080,975714,148,166,0
673,1.462,0.427,0.000,1.890,2.010,474845,674558,0,415,274,274,30390080,975714,148,166,0
674,1.265,0.600,0.000,1.865,1.976,474845,674558,0,415,274,274,30390080,975714,148,166,0
675,1.293,0.418,0.000,1.711,2.020,474845,674558,0,415,274,274,30390080,975714,148,166,0
676,1.427,0.487,0.000,1.914,1.806,474845,674558,0,415,274,274,30390080,975714,148,166,0
677,1.417,0.557,0.000,1.974,4.203,474845,674558,0,415,274,274,30390080,975714,148,166,0
678,1.313,0.631,0.000,1.944,2.057,474845,674558,0,415,274,274,30390080,975714,148,166,0
679,1.313,0.411,0.000,1.724,2.086,474845,674558,0,415,274,274,30390080,975714,148,166,0
680,1.460,0.402,0.000,1.862,1.814,474845,674558,0,415,274,274,30390080,975714,148,166,0
681,1.529,0.417,0.000,1.946,1.954,474845,674558,0,415,274,274,30390080,975714,148,166,0
682,1.247,0.911,0.000,2.158,2.040,474845,674558,0,415,274,274,30390080,975714,148,166,0
683,1.396,0.812,0.000,2.207,2.271,474845,674558,0,415,274,274,30390080,975714,148,166,0
684,1.355,0.758,0.000,2.113,2.309,474845,674558,0,415,274,274,30390080,975714,148,166,0
685,2.245,0.683,0.000,2.928,2.584,474845,674558,0,415,274,274,30390080,975714,148,166,0
686,1.576,0.574,0.000,2.150,6.331,474845,674558,0,415,274,274,30390080,975714,148,166,0
687,1.317,0.623,0.000,1.940,2.231,474845,674558,0,415,274,274,30390080,975714,148,166,0
688,1.251,0.390,0.000,1.641,2.040,474845,674558,0,415,274,274,30390080,975714,148,166,0
689,1.375,0.404,0.000,1.779,1.741,474845,674558,0,415,274,274,30390080,975714,148,166,0
690,1.358,0.438,0.000,1.796,1.859,474845,674558,0,415,274,274,30390080,975714,148,166,0
691,1.216,0.405,0.000,1.621,1.877,474845,674558,0,415,274,274,30390080,975714,148,166,0
692,1.319,0.923,0.000,2.242,1.717,474845,674558,0,415,274,274,30390080,975714,148,166,0
693,1.421,0.420,0.000,1.842,2.343,474845,674558,0,415,274,274,30390080,975714,148,166,0
694,1.506,0.432,0.000,1.938,1.930,474845,674558,0,415,274,274,30390080,975714,148,166,0
695,1.283,0.690,0.000,1.973,2.022,474845,674558,0,415,274,274,30390080,975714,148,166,0
696,1.360,0.877,0.000,2.236,2.369,474845,674558,0,415,274,274,30390080,975714,148,166,0
697,1.260,0.813,0.001,2.074,2.328,474845,674558,0,415,274,274,30390080,975714,148,166,0
698,1.293,0.831,0.000,2.124,2.248,474845,674558,0,415,274,274,30390080,975714,148,166,0
699,1.383,0.758,0.000,2.141,2.235,474845,674558,0,415,274,274,30390080,975714,148,166,0
700,1.450,0.426,0.000,1.876,2.242,474845,674558,0,415,274,274,30390080,975714,148,166,0
701,1.453,0.791,0.000,2.245,6.501,474845,674558,0,415,274,274,30390080,975714,148,166,0
702,1.293,0.480,0.000,1.773,2.346,474845,674558,0,415,274,274,30390080,975714,148,166,0
703,1.349,0.430,0.000,1.779,1.875,474845,674558,0,415,274,274,30390080,975714,148,166,0
704,1.423,0.448,0.000,1.871,1.863,474845,674558,0,415,274,274,30390080,975714,148,166,0
705,1.313,0.524,0.000,1.837,1.955,474845,674558,0,415,274,274,30390080,975714,148,166,0
706,1.260,0.393,0.000,1.653,1.930,474845,674558,0,415,274,274,30390080,975714,148,166,0
707,1.389,0.424,0.000,1.813,1.755,474845,674558,0,415,274,274,30390080,975714,148,166,0
708,1.519,0.830,0.000,2.349,1.902,474845,674558,0,415,274,274,30390080,975714,148,166,0
709,1.484,0.430,0.000,1.914,2.839,474845,674558,0,415,274,274,30390080,975714,148,166,0
710,1.342,0.452,0.000,1.794,1.998,474845,674558,0,415,274,274,30390080,975714,148,166,0
711,1.224,0.923,0.000,2.147,1.884,474845,674558,0,415,274,274,30390080,975714,148,166,0
712,1.293,0.731,0.000,2.024,2.255,474845,674558,0,415,274,274,30390080,975714,148,166,0
713,1.338,0.887,0.000,2.225,2.122,474845,674558,0,415,274,274,30390080,975714,148,166,0
714,1.438,0.434,0.000,1.872,2.321,474845,674558,0,415,274,274,30390080,975714,148,166,0
715,1.475,0.421,0.000,1.896,1.955,474845,674558,0,415,274,274,30390080,975714,148,166,0
716,1.209,0.743,0.000,1.951,1.980,474845,674558,0,415,274,274,30390080,975714,148,166,0
717,1.444,0.440,0.000,1.884,3.337,474845,674558,0,415,274,274,30390080,975714,148,166,0
718,1.295,0.529,0.000,1.823,1.976,474845,674558,0,415,274,274,30390080,975714,148,166,0
719,1.231,0.764,0.000,1.995,1.915,474845,674558,0,415,274,274,30390080,975714,148,166,0
720,1.305,0.929,0.000,2.235,2.088,474845,674558,0,415,274,274,30390080,975714,148,166,0
721,1.409,0.466,0.000,1.875,2.337,474845,674558,0,415,274,274,30390080,975714,148,166,0
722,1.507,0.424,0.000,1.931,1.954,474845,674558,0,415,274,274,30390080,975714,148,166,0
723,1.494,0.416,0.000,1.910,2.835,474845,674558,0,415,274,274,30390080,975714,148,166,0
724,1.478,0.453,0.000,1.931,2.064,474845,674558,0,415,274,274,30390080,975714,148,166,0
725,1.281,0.812,0.000,2.094,2.019,474845,674558,0,415,274,274,30390080,975714,148,166,0
726,1.286,1.085,0.000,2.371,2.182,474845,674558,0,415,274,274,30390080,975714,148,166,0
727,1.598,0.666,0.000,2.265,3.027,474845,674558,0,415,274,274,30390080,975714,148,166,0
728,1.520,0.710,0.000,2.230,2.385,474845,674558,0,415,274,274,30390080,975714,148,166,0
729,1.385,0.663,0.000,2.048,2.326,474845,674558,0,415,274,274,30390080,975714,148,166,0
730,1.447,0.893,0.000,2.340,2.146,474845,674558,0,415,274,274,30390080,975714,148,166,0
731,1.419,0.723,0.000,2.142,2.432,474845,674558,0,415,274,274,30390080,975714,148,166,0
732,1.455,0.553,0.000,2.007,2.229,474845,674558,0,415,274,274,30390080,975714,148,166,0
733,1.497,0.580,0.000,2.077,2.095,474845,674558,0,415,274,274,30390080,975714,148,166,0
734,1.415,0.521,0.000,1.935,2.159,474845,674558,0,415,274,274,30390080,975714,148,166,0
735,1.311,0.830,0.000,2.140,2.022,474845,674558,0,415,274,274,30390080,975714,148,166,0
736,1.402,0.901,0.000,2.303,2.233,474845,674558,0,415,274,274,30390080,975714,148,166,0
737,1.521,0.894,0.001,2.417,2.535,474845,674558,0,415,274,274,30390080,975714,148,166,0
738,1.412,0.678,0.001,2.091,2.617,474845,674558,0,415,274,274,30390080,975714,148,166,0
739,1.412,0.894,0.000,2.306,2.206,474845,674558,0,415,274,274,30390080,975714,148,166,0
740,1.577,0.509,0.000,2.086,4.617,474845,674558,0,415,274,274,30390080,975714,148,166,0
741,1.432,0.416,0.000,1.848,2.167,474845,674558,0,415,274,274,30390080,975714,148,166,0
742,1.296,0.571,0.000,1.867,1.930,474845,674558,0,415,274,274,30390080,975714,148,166,0
743,1.334,0.576,0.000,1.910,1.972,474845,674558,0,415,274,274,30390080,975714,148,166,0
744,1.455,0.575,0.000,2.031,2.010,474845,674558,0,415,274,274,30390080,975714,148,166,0
745,1.487,0.400,0.000,1.886,2.133,474845,674558,0,415,274,274,30390080,975714,148,166,0
746,1.465,0.475,0.000,1.940,1.971,474845,674558,0,415,274,274,30390080,975714,148,166,0
747,1.280,0.818,0.000,2.099,2.031,474845,674558,0,415,274,274,30390080,975714,148,166,0
748,1.309,0.772,0.000,2.081,2.199,474845,674558,0,415,274,274,30390080,975714,148,166,0
749,1.365,0.997,0.000,2.361,2.179,474845,674558,0,415,274,274,30390080,975714,148,166,0
750,1.552,0.695,0.000,2.247,6.203,474845,674558,0,415,274,274,30390080,975714,148,166,0
751,1.299,0.567,0.000,1.866,2.334,474845,674558,0,415,274,274,30390080,975714,148,166,0
752,1.329,0.370,0.000,1.699,2.024,474845,674558,0,415,274,274,30390080,975714,148,166,0
753,1.430,0.434,0.000,1.864,1.779,474845,674558,0,415,274,274,30390080,975714,148,166,0
754,1.388,0.452,0.000,1.840,1.946,474845,674558,0,415,274,274,30390080,975714,148,166,0
755,1.289,0.423,0.000,1.713,1.928,474845,674558,0,415,274,274,30390080,975714,148,166,0
756,1.341,0.637,0.000,1.978,1.813,474845,674558,0,415,274,274,30390080,975714,148,166,0
757,1.457,0.427,0.000,1.884,2.058,474845,674558,0,415,274,274,30390080,975714,148,166,0
758,1.463,0.426,0.000,1.889,1.973,474845,674558,0,415,274,274,30390080,975714,148,166,0
759,1.260,0.810,0.000,2.070,1.971,474845,674558,0,415,274,274,30390080,975714,148,166,0
760,1.282,0.777,0.000,2.059,2.166,474845,674558,0,415,274,274,30390080,975714,148,166,0
761,1.398,0.940,0.000,2.338,2.154,474845,674558,0,415,274,274,30390080,975714,148,166,0
762,1.396,0.586,0.000,1.982,2.441,474845,674558,0,415,274,274,30390080,975714,148,166,0
763,1.563,0.841,0.000,2.405,2.061,474845,674558,0,415,274,274,30390080,975714,148,166,0
764,1.620,0.492,0.000,2.112,2.974,474845,674558,0,415,274,274,30390080,975714,148,166,0
765,1.507,0.437,0.000,1.944,2.195,474845,674558,0,415,274,274,30390080,975714,148,166,0
766,1.529,0.458,0.000,1.987,2.030,474845,674558,0,415,274,274,30390080,975714,148,166,0
767,1.277,0.834,0.000,2.112,2.078,474845,674558,0,415,274,274,30390080,975714,148,166,0
768,1.263,0.955,0.000,2.218,2.208,474845,674558,0,415,274,274,30390080,975714,148,166,0
769,1.309,0.770,0.000,2.079,2.350,474845,674558,0,415,274,274,30390080,975714,148,166,0
770,1.357,0.704,0.000,2.061,2.179,474845,674558,0,415,274,274,30390080,975714,148,166,0
771,1.525,0.427,0.000,1.951,2.141,474845,674558,0,415,274,274,30390080,975714,148,166,0
772,1.539,0.463,0.000,2.002,2.036,474845,674558,0,415,274,274,30390080,975714,148,166,0
773,1.525,0.420,0.000,1.945,2.845,474845,674558,0,415,274,274,30390080,975714,148,166,0
774,1.352,0.561,0.000,1.913,2.030,474845,674558,0,415,274,274,30390080,975714,148,166,0
775,1.251,0.931,0.000,2.182,2.000,474845,674558,0,415,274,274,30390080,975714,148,166,0
776,1.281,0.911,0.000,2.192,2.301,474845,674558,0,415,274,274,30390080,975714,148,166,0
777,1.331,0.720,0.000,2.051,2.295,474845,674558,0,415,274,274,30390080,975714,148,166,0
778,1.468,0.398,0.000,1.866,2.149,474845,674558,0,415,274,274,30390080,975714,148,166,0
779,1.506,0.408,0.000,1.914,1.950,474845,674558,0,415,274,274,30390080,975714,148,166,0
780,1.261,0.828,0.000,2.089,2.008,474845,674558,0,415,274,274,30390080,975714,148,166,0
781,1.291,0.812,0.000,2.103,2.199,474845,674558,0,415,274,274,30390080,975714,148,166,0
782,1.259,0.893,0.000,2.153,2.225,474845,674558,0,415,274,274,30390080,975714,148,166,0
783,1.493,0.722,0.000,2.215,2.252,474845,674558,0,415,274,274,30390080,975714,148,166,0
784,1.831,0.524,0.000,2.355,3.953,474845,674558,0,415,274,274,30390080,975714,148,166,0
785,1.396,0.561,0.000,1.958,2.444,474845,674558,0,415,274,274,30390080,975714,148,166,0
786,1.289,0.432,0.000,1.721,2.075,474845,674558,0,415,274,274,30390080,975714,148,166,0
787,1.447,0.584,0.000,2.032,1.819,474845,674558,0,415,274,274,30390080,975714,148,166,0
788,1.498,0.412,0.000,1.910,2.118,474845,674558,0,415,274,274,30390080,975714,148,166,0
789,1.408,0.442,0.000,1.850,2.015,474845,674558,0,415,274,274,30390080,975714,148,166,0
790,1.209,0.761,0.000,1.969,1.939,474845,674558,0,415,274,274,30390080,975714,148,166,0
791,1.241,0.855,0.000,2.096,2.120,474845,674558,0,415,274,274,30390080,975714,148,166,0
792,1.306,0.875,0.000,2.181,2.193,474845,674558,0,415,274,274,30390080,975714,148,166,0
793,1.430,0.410,0.000,1.839,2.284,474845,674558,0,415,274,274,30390080,975714,148,166,0
794,1.517,0.426,0.000,1.943,1.932,474845,674558,0,415,274,274,30390080,975714,148,166,0
795,1.291,0.825,0.000,2.117,2.028,474845,674558,0,415,274,274,30390080,975714,148,166,0
796,1.257,0.824,0.000,2.081,2.233,474845,674558,0,415,274,274,30390080,975714,148,166,0
797,1.289,0.853,0.000,2.142,2.219,474845,674558,0,415,274,274,30390080,975714,148,166,0
798,1.346,0.738,0.000,2.085,2.244,474845,674558,0,415,274,274,30390080,975714,148,166,0
799,1.454,0.447,0.000,1.900,2.189,474845,674558,0,415,274,274,30390080,975714,148,166,0
800,1.622,0.423,0.000,2.045,2.177,474845,674558,0,415,274,274,30390080,975714,148,166,0
801,1.398,0.500,0.000,1.898,2.139,474845,674558,0,415,274,274,30390080,975714,148,166,0
802,1.385,1.025,0.000,2.410,1.991,474845,674558,0,415,274,274,30390080,975714,148,166,0
803,1.449,0.829,0.000,2.278,2.638,474845,674558,0,415,274,274,30390080,975714,148,166,0
804,1.446,0.767,0.000,2.214,2.387,474845,674558,0,415,274,274,30390080,975714,148,166,0
805,1.347,0.916,0.000,2.263,2.383,474845,674558,0,415,274,274,30390080,975714,148,166,0
806,1.387,0.876,0.000,2.263,2.358,474845,674558,0,415,274,274,30390080,975714,148,166,0
807,1.428,0.727,0.000,2.155,2.377,474845,674558,0,415,274,274,30390080,975714,148,166,0
808,1.506,0.668,0.004,2.178,2.249,474845,674558,0,415,274,274,30390080,975714,148,166,0
809,1.712,0.697,0.000,2.410,2.757,474845,674558,0,415,274,274,30390080,975714,148,166,0
810,1.478,0.585,0.000,2.064,2.860,474845,674558,0,415,274,274,30390080,975714,148,166,0
811,1.435,0.473,0.000,1.908,2.393,474845,674558,0,415,274,274,30390080,975714,148,166,0
812,1.754,0.671,0.000,2.425,2.270,474845,674558,0,415,274,274,30390080,975714,148,166,0
813,1.429,0.464,0.000,1.893,2.509,474845,674558,0,415,274,274,30390080,975714,148,166,0
814,1.498,0.525,0.000,2.023,1.998,474845,674558,0,415,274,274,30390080,975714,148,166,0
815,1.256,0.933,0.000,2.189,2.107,474845,674558,0,415,274,274,30390080,975714,148,166,0
816,1.253,0.894,0.000,2.147,2.289,474845,674558,0,415,274,274,30390080,975714,148,166,0
817,1.329,0.745,0.000,2.074,2.327,474845,674558,0,415,274,274,30390080,975714,148,166,0
818,1.408,0.918,0.000,2.327,2.171,474845,674558,0,415,274,274,30390080,975714,148,166,0
819,1.619,0.620,0.000,2.238,2.479,474845,674558,0,415,274,274,30390080,975714,148,166,0
820,1.388,0.553,0.000,1.941,2.341,474845,674558,0,415,274,274,30390080,975714,148,166,0
821,1.432,0.525,0.000,1.957,2.032,474845,674558,0,415,274,274,30390080,975714,148,166,0
822,1.357,0.950,0.000,2.307,2.039,474845,674558,0,415,274,274,30390080,975714,148,166,0
823,1.404,0.854,0.000,2.258,2.425,474845,674558,0,415,274,274,30390080,975714,148,166,0
824,1.317,0.941,0.000,2.258,2.353,474845,674558,0,415,274,274,30390080,975714,148,166,0
825,1.290,0.934,0.000,2.224,2.383,474845,674558,0,415,274,274,30390080,975714,148,166,0
826,1.510,0.666,0.000,2.176,2.324,474845,674558,0,415,274,274,30390080,975714,148,166,0
827,1.514,0.567,0.000,2.080,2.629,474845,674558,0,415,274,274,30390080,975714,148,166,0
828,1.449,0.456,0.000,1.905,2.189,474845,674558,0,415,274,274,30390080,975714,148,166,0
829,1.532,0.429,0.000,1.961,1.985,474845,674558,0,415,274,274,30390080,975714,148,166,0
830,1.296,0.605,0.000,1.901,2.042,474845,674558,0,415,274,274,30390080,975714,148,166,0
831,1.280,0.924,0.000,2.204,1.992,474845,674558,0,415,274,274,30390080,975714,148,166,0
832,1.280,0.925,0.000,2.205,2.314,474845,674558,0,415,274,274,30390080,975714,148,166,0
833,1.375,0.621,0.000,1.996,2.325,474845,674558,0,415,274,274,30390080,975714,148,166,0
834,1.505,0.483,0.000,1.988,2.074,474845,674558,0,415,274,274,30390080,975714,148,166,0
835,1.513,0.427,0.000,1.940,2.074,474845,674558,0,415,274,274,30390080,975714,148,166,0
836,1.241,0.874,0.000,2.115,2.021,474845,674558,0,415,274,274,30390080,975714,148,166,0
837,1.210,0.837,0.000,2.047,2.213,474845,674558,0,415,274,274,30390080,975714,148,166,0
838,1.224,0.866,0.000,2.090,2.173,474845,674558,0,415,274,274,30390080,975714,148,166,0
839,1.414,0.564,0.000,1.977,2.191,474845,674558,0,415,274,274,30390080,975714,148,166,0
840,1.639,0.436,0.000,2.075,2.510,474845,674558,0,415,274,274,30390080,975714,148,166,0
841,1.511,0.427,0.000,1.938,2.169,474845,674558,0,415,274,274,30390080,975714,148,166,0
842,1.409,0.492,0.000,1.901,2.029,474845,674558,0,415,274,274,30390080,975714,148,166,0
843,1.265,0.888,0.000,2.153,1.989,474845,674558,0,415,274,274,30390080,975714,148,166,0
844,1.285,0.735,0.000,2.019,2.268,474845,674558,0,415,274,274,30390080,975714,148,166,0
845,1.281,0.877,0.000,2.158,2.114,474845,674558,0,415,274,274,30390080,975714,148,166,0
846,1.430,0.423,0.000,1.852,2.260,474845,674558,0,415,274,274,30390080,975714,148,166,0
847,1.488,0.483,0.000,1.972,1.941,474845,674558,0,415,274,274,30390080,975714,148,166,0
848,1.239,0.824,0.000,2.063,2.052,474845,674558,0,415,274,274,30390080,975714,148,166,0
849,1.260,0.722,0.000,1.981,2.152,474845,674558,0,415,274,274,30390080,975714,148,166,0
850,1.635,0.842,0.000,2.477,2.087,474845,674558,0,415,274,274,30390080,975714,148,166,0
851,1.595,0.514,0.000,2.109,4.155,474845,674558,0,415,274,274,30390080,975714,148,166,0
852,1.610,0.641,0.000,2.251,2.424,474845,674558,0,415,274,274,30390080,975714,148,166,0
853,1.318,0.547,0.000,1.865,2.337,474845,674558,0,415,274,274,30390080,975714,148,166,0
854,1.213,0.616,0.000,1.829,1.959,474845,674558,0,415,274,274,30390080,975714,148,166,0
855,1.371,0.569,0.000,1.939,1.939,474845,674558,0,415,274,274,30390080,975714,148,166,0
856,1.439,0.420,0.000,1.859,2.023,474845,674558,0,415,274,274,30390080,975714,148,166,0
857,1.527,0.474,0.000,2.001,1.952,474845,674558,0,415,274,274,30390080,975714,148,166,0
858,1.241,0.793,0.000,2.034,2.088,474845,674558,0,415,274,274,30390080,975714,148,166,0
859,1.317,0.945,0.000,2.262,2.202,474845,674558,0,415,274,274,30390080,975714,148,166,0
860,1.372,0.731,0.000,2.103,2.745,474845,674558,0,415,274,274,30390080,975714,148,166,0
861,1.472,0.773,0.000,2.245,2.835,474845,674558,0,415,274,274,30390080,975714,148,166,0
862,1.239,0.574,0.000,1.812,2.345,474845,674558,0,415,274,274,30390080,975714,148,166,0
863,1.392,0.555,0.000,1.946,1.908,474845,674558,0,415,274,274,30390080,975714,148,166,0
864,1.483,0.412,0.000,1.895,2.039,474845,674558,0,415,274,274,30390080,975714,148,166,0
865,1.258,0.574,0.000,1.832,1.976,474845,674558,0,415,274,274,30390080,975714,148,166,0
866,1.207,1.061,0.000,2.268,1.938,474845,674558,0,415,274,274,30390080,975714,148,166,0
867,1.655,0.765,0.000,2.420,2.770,474845,674558,0,415,274,274,30390080,975714,148,166,0
868,1.294,0.764,0.000,2.058,2.542,474845,674558,0,415,274,274,30390080,975714,148,166,0
869,1.262,0.778,0.000,2.041,2.213,474845,674558,0,415,274,274,30390080,975714,148,166,0
870,1.385,0.721,0.000,2.106,2.148,474845,674558,0,415,274,274,30390080,975714,148,166,0
871,1.572,0.445,0.000,2.017,2.525,474845,674558,0,415,274,274,30390080,975714,148,166,0
872,1.551,0.526,0.000,2.078,3.022,474845,674558,0,415,274,274,30390080,975714,148,166,0
873,1.580,0.550,0.000,2.130,2.395,474845,674558,0,415,274,274,30390080,975714,148,166,0
874,1.446,0.455,0.000,1.901,2.235,474845,674558,0,415,274,274,30390080,975714,148,166,0
875,1.498,0.455,0.000,1.953,1.983,474845,674558,0,415,274,274,30390080,975714,148,166,0
876,1.328,0.537,0.000,1.865,2.036,474845,674558,0,415,274,274,30390080,975714,148,166,0
877,1.259,0.894,0.000,2.154,1.965,474845,674558,0,415,274,274,30390080,975714,148,166,0
878,1.284,0.942,0.000,2.226,2.308,474845,674558,0,415,274,274,30390080,975714,148,166,0
879,1.329,1.963,0.000,3.292,2.337,474845,674558,0,415,274,274,30390080,975714,148,166,0
880,1.580,0.904,0.000,2.484,5.468,474845,674558,0,415,274,274,30390080,975714,148,166,0
881,1.792,0.802,0.000,2.595,4.233,474845,674558,0,415,274,274,30390080,975714,148,166,0
882,1.574,0.507,0.000,2.080,2.701,474845,674558,0,415,274,274,30390080,975714,148,166,0
883,1.464,0.456,0.000,1.921,2.172,474845,674558,0,415,274,274,30390080,975714,148,166,0
884,1.408,0.545,0.000,1.953,2.031,474845,674558,0,415,274,274,30390080,975714,148,166,0
885,1.340,0.470,0.000,1.809,2.053,474845,674558,0,415,274,274,30390080,975714,148,166,0
886,1.496,0.459,0.000,1.955,1.923,474845,674558,0,415,274,274,30390080,975714,148,166,0
887,1.543,0.486,0.000,2.028,2.041,474845,674558,0,415,274,274,30390080,975714,148,166,0
888,1.458,0.525,0.000,1.983,2.113,474845,674558,0,415,274,274,30390080,975714,148,166,0
889,1.332,0.578,0.000,1.910,2.069,474845,674558,0,415,274,274,30390080,975714,148,166,0
890,1.343,0.431,0.000,1.774,2.015,474845,674558,0,415,274,274,30390080,975714,148,166,0
891,1.501,0.438,0.000,1.939,1.867,474845,674558,0,415,274,274,30390080,975714,148,166,0
892,1.567,0.444,0.000,2.010,2.022,474845,674558,0,415,274,274,30390080,975714,148,166,0
893,1.318,0.512,0.000,1.830,2.093,474845,674558,0,415,274,274,30390080,975714,148,166,0
894,1.311,0.945,0.000,2.255,1.921,474845,674558,0,415,274,274,30390080,975714,148,166,0
895,1.314,0.776,0.000,2.090,2.355,474845,674558,0,415,274,274,30390080,975714,148,166,0
896,1.419,0.857,0.000,2.275,2.182,474845,674558,0,415,274,274,30390080,975714,148,166,0
897,1.487,0.460,0.000,1.947,2.376,474845,674558,0,415,274,274,30390080,975714,148,166,0
898,1.535,0.415,0.000,1.949,2.035,474845,674558,0,415,274,274,30390080,975714,148,166,0
899,1.373,0.560,0.000,1.934,2.036,474845,674558,0,415,274,274,30390080,975714,148,166,0
900,1.390,0.862,0.000,2.252,2.032,474845,674558,0,415,274,274,30390080,975714,148,166,0
901,1.377,0.849,0.000,2.226,2.361,474845,674558,0,415,274,274,30390080,975714,148,166,0
902,1.352,0.775,0.000,2.128,2.418,474845,674558,0,415,274,274,30390080,975714,148,166,0
903,1.403,0.706,0.000,2.109,2.229,474845,674558,0,415,274,274,30390080,975714,148,166,0
904,1.530,0.445,0.000,1.975,2.188,474845,674558,0,415,274,274,30390080,975714,148,166,0
905,1.510,0.465,0.000,1.975,2.060,474845,674558,0,415,274,274,30390080,975714,148,166,0
906,1.370,0.618,0.000,1.988,2.060,474845,674558,0,415,274,274,30390080,975714,148,166,0
907,1.305,1.011,0.000,2.316,2.091,474845,674558,0,415,274,274,30390080,975714,148,166,0
908,1.368,0.688,0.000,2.057,2.437,474845,674558,0,415,274,274,30390080,975714,148,166,0
909,1.393,0.894,0.000,2.287,2.160,474845,674558,0,415,274,274,30390080,975714,148,166,0
910,1.481,0.495,0.000,1.976,2.384,474845,674558,0,415,274,274,30390080,975714,148,166,0
911,1.572,0.412,0.000,1.984,2.058,474845,674558,0,415,274,274,30390080,975714,148,166,0
912,1.437,0.477,0.000,1.914,2.065,474845,674558,0,415,274,274,30390080,975714,148,166,0
913,1.372,0.877,0.000,2.249,2.052,474845,674558,0,415,274,274,30390080,975714,148,166,0
914,1.341,0.750,0.000,2.091,2.350,474845,674558,0,415,274,274,30390080,975714,148,166,0
915,1.370,0.879,0.000,2.249,2.285,474845,674558,0,415,274,274,30390080,975714,148,166,0
916,1.350,0.797,0.000,2.146,2.351,474845,674558,0,415,274,274,30390080,975714,148,166,0
917,1.523,0.431,0.000,1.953,2.238,474845,674558,0,415,274,274,30390080,975714,148,166,0
918,1.575,0.412,0.000,1.987,2.039,474845,674558,0,415,274,274,30390080,975714,148,166,0
919,1.414,0.507,0.000,1.920,2.075,474845,674558,0,415,274,274,30390080,975714,148,166,0
920,1.313,1.008,0.000,2.321,2.010,474845,674558,0,415,274,274,30390080,975714,148,166,0
921,1.312,0.725,0.000,2.036,2.420,474845,674558,0,415,274,274,30390080,975714,148,166,0
922,1.378,0.844,0.000,2.222,2.140,474845,674558,0,415,274,274,30390080,975714,148,166,0
923,1.457,0.457,0.000,1.914,2.316,474845,674558,0,415,274,274,30390080,975714,148,166,0
924,1.612,0.455,0.000,2.066,2.000,474845,674558,0,415,274,274,30390080,975714,148,166,0
925,1.341,0.536,0.000,1.877,2.149,474845,674558,0,415,274,274,30390080,975714,148,166,0
926,1.251,0.924,0.000,2.175,1.966,474845,674558,0,415,274,274,30390080,975714,148,166,0
927,1.264,0.724,0.000,1.987,2.311,474845,674558,0,415,274,274,30390080,975714,148,166,0
928,1.413,0.787,0.000,2.200,2.080,474845,674558,0,415,274,274,30390080,975714,148,166,0
929,1.475,0.431,0.000,1.906,2.286,474845,674558,0,415,274,274,30390080,975714,148,166,0
930,1.519,0.438,0.000,1.957,1.988,474845,674558,0,415,274,274,30390080,975714,148,166,0
931,1.297,0.809,0.000,2.106,2.044,474845,674558,0,415,274,274,30390080,975714,148,166,0
932,1.289,0.938,0.000,2.228,2.206,474845,674558,0,415,274,274,30390080,975714,148,166,0
933,1.322,0.964,0.000,2.286,2.325,474845,674558,0,415,274,274,30390080,975714,148,166,0
934,1.350,0.578,0.000,1.928,2.462,474845,674558,0,415,274,274,30390080,975714,148,166,0
935,1.459,0.404,0.000,1.863,2.027,474845,674558,0,415,274,274,30390080,975714,148,166,0
936,1.567,0.458,0.000,2.025,1.947,474845,674558,0,415,274,274,30390080,975714,148,166,0
937,1.552,0.430,0.000,1.982,3.017,474845,674558,0,415,274,274,30390080,975714,148,166,0
938,1.534,0.703,0.000,2.237,3.929,474845,674558,0,415,274,274,30390080,975714,148,166,0
939,1.292,0.378,0.000,1.671,2.393,474845,674558,0,415,274,274,30390080,975714,148,166,0
940,1.459,0.419,0.000,1.878,1.765,474845,674558,0,415,274,274,30390080,975714,148,166,0
941,1.555,0.494,0.000,2.049,1.963,474845,674558,0,415,274,274,30390080,975714,148,166,0
942,1.479,0.784,0.000,2.263,2.172,474845,674558,0,415,274,274,30390080,975714,148,166,0
943,1.843,0.689,0.000,2.532,5.082,474845,674558,0,415,274,274,30390080,975714,148,166,0
944,1.796,0.696,0.000,2.492,3.119,474845,674558,0,415,274,274,30390080,975714,148,166,0
945,1.728,0.671,0.000,2.398,3.333,474845,674558,0,415,274,274,30390080,975714,148,166,0
946,1.693,0.610,0.000,2.303,2.760,474845,674558,0,415,274,274,30390080,975714,148,166,0
947,1.785,0.457,0.000,2.243,2.587,474845,674558,0,415,274,274,30390080,975714,148,166,0
948,1.834,0.532,0.000,2.365,3.383,474845,674558,0,415,274,274,30390080,975714,148,166,0
949,1.723,0.719,0.000,2.443,2.787,474845,674558,0,415,274,274,30390080,975714,148,166,0
950,1.561,0.522,0.000,2.083,2.533,474845,674558,0,415,274,274,30390080,975714,148,166,0
951,1.497,0.516,0.000,2.013,2.170,474845,674558,0,415,274,274,30390080,975714,148,166,0
952,1.353,0.757,0.000,2.110,2.103,474845,674558,0,415,274,274,30390080,975714,148,166,0
953,1.404,0.996,0.000,2.399,2.211,474845,674558,0,415,274,274,30390080,975714,148,166,0
954,1.327,0.666,0.000,1.993,2.511,474845,674558,0,415,274,274,30390080,975714,148,166,0
955,1.622,1.469,0.000,3.091,2.106,474845,674558,0,415,274,274,30390080,975714,148,166,0
956,1.762,0.753,0.002,2.517,4.011,474845,674558,0,415,274,274,30390080,975714,148,166,0
957,1.504,0.586,0.000,2.090,2.603,474845,674558,0,415,274,274,30390080,975714,148,166,0
958,1.784,0.785,0.000,2.569,3.439,474845,674558,0,415,274,274,30390080,975714,148,166,0
959,1.739,0.620,0.000,2.359,2.680,474845,674558,0,415,274,274,30390080,975714,148,166,0
960,1.597,0.511,0.000,2.108,2.451,474845,674558,0,415,274,274,30390080,975714,148,166,0
961,1.554,0.504,0.000,2.058,2.197,474845,674558,0,415,274,274,30390080,975714,148,166,0
962,1.838,0.635,0.000,2.473,3.293,474845,674558,0,415,274,274,30390080,975714,148,166,0
963,1.456,0.473,0.000,1.929,2.571,474845,674558,0,415,274,274,30390080,975714,148,166,0
964,1.566,0.467,0.000,2.033,2.014,474845,674558,0,415,274,274,30390080,975714,148,166,0
965,1.486,0.645,0.000,2.132,2.122,474845,674558,0,415,274,274,30390080,975714,148,166,0
966,1.658,0.488,0.000,2.146,2.639,474845,674558,0,415,274,274,30390080,975714,148,166,0
967,1.746,0.807,0.003,2.556,2.258,474845,674558,0,415,274,274,30390080,975714,148,166,0
968,1.501,0.624,0.000,2.125,2.647,474845,674558,0,415,274,274,30390080,975714,148,166,0
969,1.343,0.628,0.000,1.971,2.224,474845,674558,0,415,274,274,30390080,975714,148,166,0
970,1.334,0.877,0.000,2.211,2.087,474845,674558,0,415,274,274,30390080,975714,148,166,0
971,1.420,0.669,0.000,2.089,2.325,474845,674558,0,415,274,274,30390080,975714,148,166,0
972,1.559,0.474,0.000,2.032,2.175,474845,674558,0,415,274,274,30390080,975714,148,166,0
973,1.643,0.831,0.000,2.474,3.493,474845,674558,0,415,274,274,30390080,975714,148,166,0
974,1.437,0.489,0.000,1.926,2.586,474845,674558,0,415,274,274,30390080,975714,148,166,0
975,1.588,0.704,0.000,2.292,2.030,474845,674558,0,415,274,274,30390080,975714,148,166,0
976,1.528,0.626,0.000,2.154,2.379,474845,674558,0,415,274,274,30390080,975714,148,166,0
977,1.423,0.555,0.000,1.977,2.244,474845,674558,0,415,274,274,30390080,975714,148,166,0
978,1.584,0.491,0.000,2.075,2.073,474845,674558,0,415,274,274,30390080,975714,148,166,0
979,1.376,0.656,0.000,2.032,2.178,474845,674558,0,415,274,274,30390080,975714,148,166,0
980,1.729,0.875,0.000,2.604,3.961,474845,674558,0,415,274,274,30390080,975714,148,166,0
981,1.517,0.577,0.000,2.094,2.721,474845,674558,0,415,274,274,30390080,975714,148,166,0
982,1.603,0.526,0.000,2.129,2.183,474845,674558,0,415,274,274,30390080,975714,148,166,0
983,1.726,0.620,0.000,2.346,2.762,474845,674558,0,415,274,274,30390080,975714,148,166,0
984,1.564,0.464,0.000,2.028,2.434,474845,674558,0,415,274,274,30390080,975714,148,166,0
985,1.571,0.448,0.000,2.019,2.112,474845,674558,0,415,274,274,30390080,975714,148,166,0
986,1.438,0.601,0.000,2.040,2.111,474845,674558,0,415,274,274,30390080,975714,148,166,0
987,1.707,0.641,0.000,2.348,3.591,474845,674558,0,415,274,274,30390080,975714,148,166,0
988,1.464,0.548,0.000,2.012,2.427,474845,674558,0,415,274,274,30390080,975714,148,166,0
989,1.457,0.520,0.000,1.978,2.096,474845,674558,0,415,274,274,30390080,975714,148,166,0
990,1.929,0.873,0.000,2.802,2.927,474845,674558,0,415,274,274,30390080,975714,148,166,0
991,1.728,0.657,0.000,2.385,2.979,474845,674558,0,415,274,274,30390080,975714,148,166,0
992,1.548,0.491,0.000,2.039,2.487,474845,674558,0,415,274,274,30390080,975714,148,166,0
993,1.453,0.489,0.000,1.942,2.124,474845,674558,0,415,274,274,30390080,975714,148,166,0
994,1.310,0.836,0.000,2.145,2.045,474845,674558,0,415,274,274,30390080,975714,148,166,0
995,1.768,1.018,0.000,2.786,5.021,474845,674558,0,415,274,274,30390080,975714,148,166,0
996,1.387,0.657,0.000,2.044,2.872,474845,674558,0,415,274,274,30390080,975714,148,166,0
997,1.340,0.481,0.000,1.821,2.143,474845,674558,0,415,274,274,30390080,975714,148,166,0
998,1.501,0.488,0.000,1.989,1.930,474845,674558,0,415,274,274,30390080,975714,148,166,0
999,1.558,0.479,0.000,2.038,2.098,474845,674558,0,415,274,274,30390080,975714,148,166,0
1000,1.845,0.671,0.000,2.517,4.806,474845,674558,0,415,274,274,30390080,975714,148,166,0
1001,1.449,0.488,0.000,1.937,2.618,474845,674558,0,415,274,274,30390080,975714,148,166,0
1002,1.403,0.567,0.000,1.969,2.028,474845,674558,0,415,274,274,30390080,975714,148,166,0
1003,1.797,0.760,0.000,2.558,3.174,474845,674558,0,415,274,274,30390080,975714,148,166,0
1004,1.520,0.762,0.000,2.282,4.123,474845,674558,0,415,274,274,30390080,975714,148,166,0
1005,1.376,0.458,0.000,1.834,2.377,474845,674558,0,415,274,274,30390080,975714,148,166,0
1006,1.516,0.640,0.000,2.157,1.914,474845,674558,0,415,274,274,30390080,975714,148,166,0
1007,1.788,0.501,0.000,2.289,2.260,474845,674558,0,415,274,274,30390080,975714,148,166,0
1008,1.549,0.491,0.000,2.041,2.379,474845,674558,0,415,274,274,30390080,975714,148,166,0
1009,1.402,0.482,0.000,1.884,2.129,474845,674558,0,415,274,274,30390080,975714,148,166,0
1010,1.307,0.601,0.000,1.908,1.974,474845,674558,0,415,274,274,30390080,975714,148,166,0
1011,1.380,0.432,0.000,1.813,2.006,474845,674558,0,415,274,274,30390080,975714,148,166,0
1012,1.662,0.740,0.000,2.401,3.195,474845,674558,0,415,274,274,30390080,975714,148,166,0
1013,1.602,0.557,0.000,2.159,2.978,474845,674558,0,415,274,274,30390080,975714,148,166,0
1014,1.428,0.786,0.000,2.213,2.247,474845,674558,0,415,274,274,30390080,975714,148,166,0
1015,1.784,0.869,0.000,2.652,5.260,474845,674558,0,415,274,274,30390080,975714,148,166,0
1016,1.357,0.696,0.000,2.053,2.746,474845,674558,0,415,274,274,30390080,975714,148,166,0
1017,1.331,0.464,0.000,1.795,2.147,474845,674558,0,415,274,274,30390080,975714,148,166,0
1018,1.486,0.469,0.000,1.955,1.884,474845,674558,0,415,274,274,30390080,975714,148,166,0
1019,1.445,0.578,0.000,2.023,2.036,474845,674558,0,415,274,274,30390080,975714,148,166,0
1020,1.609,0.521,0.000,2.130,2.393,474845,674558,0,415,274,274,30390080,975714,148,166,0
1021,1.756,1.101,0.000,2.858,4.032,474845,674558,0,415,274,274,30390080,975714,148,166,0
1022,1.471,0.739,0.000,2.210,2.964,474845,674558,0,415,274,274,30390080,975714,148,166,0
1023,1.336,0.501,0.000,1.837,2.313,474845,674558,0,415,274,274,30390080,975714,148,166,0
1024,1.432,0.462,0.000,1.894,1.944,474845,674558,0,415,274,274,30390080,975714,148,166,0
1025,1.541,0.514,0.000,2.055,1.979,474845,674558,0,415,274,274,30390080,975714,148,166,0
1026,1.639,0.781,0.000,2.420,4.080,474845,674558,0,415,274,274,30390080,975714,148,166,0
1027,1.340,0.491,0.000,1.831,2.516,474845,674558,0,415,274,274,30390080,975714,148,166,0
1028,1.576,0.514,0.000,2.091,1.933,474845,674558,0,415,274,274,30390080,975714,148,166,0
1029,1.812,0.807,0.000,2.619,4.063,474845,674558,0,415,274,274,30390080,975714,148,166,0
1030,1.547,0.511,0.000,2.057,2.706,474845,674558,0,415,274,274,30390080,975714,148,166,0
1031,1.317,0.565,0.000,1.882,2.144,474845,674558,0,415,274,274,30390080,975714,148,166,0
1032,1.281,0.462,0.000,1.743,1.984,474845,674558,0,415,274,274,30390080,975714,148,166,0
1033,1.563,0.633,0.000,2.196,1.830,474845,674558,0,415,274,274,30390080,975714,148,166,0
1034,1.718,0.915,0.004,2.637,3.886,474845,674558,0,415,274,274,30390080,975714,148,166,0
1035,1.471,0.854,0.000,2.325,2.720,474845,674558,0,415,274,274,30390080,975714,148,166,0
1036,1.730,0.666,0.000,2.396,3.102,474845,674558,0,415,274,274,30390080,975714,148,166,0
1037,1.506,0.527,0.000,2.033,2.486,474845,674558,0,415,274,274,30390080,975714,148,166,0
1038,1.325,0.584,0.000,1.909,2.136,474845,674558,0,415,274,274,30390080,975714,148,166,0
1039,1.307,0.451,0.000,1.759,2.014,474845,674558,0,415,274,274,30390080,975714,148,166,0
1040,1.629,0.537,0.000,2.166,1.872,474845,674558,0,415,274,274,30390080,975714,148,166,0
1041,1.522,0.953,0.000,2.476,3.281,474845,674558,0,415,274,274,30390080,975714,148,166,0
1042,1.604,0.731,0.000,2.335,3.212,474845,674558,0,415,274,274,30390080,975714,148,166,0
1043,1.394,0.620,0.000,2.014,2.430,474845,674558,0,415,274,274,30390080,975714,148,166,0
1044,1.445,0.485,0.000,1.930,2.110,474845,674558,0,415,274,274,30390080,975714,148,166,0
1045,1.681,0.611,0.000,2.292,2.026,474845,674558,0,415,274,274,30390080,975714,148,166,0
1046,1.828,0.654,0.000,2.482,4.154,474845,674558,0,415,274,274,30390080,975714,148,166,0
1047,1.445,0.509,0.000,1.954,2.575,474845,674558,0,415,274,274,30390080,975714,148,166,0
1048,1.308,0.557,0.000,1.865,2.058,474845,674558,0,415,274,274,30390080,975714,148,166,0
1049,1.396,0.441,0.000,1.836,1.981,474845,674558,0,415,274,274,30390080,975714,148,166,0
1050,1.582,0.489,0.000,2.071,1.939,474845,674558,0,415,274,274,30390080,975714,148,166,0
1051,1.665,0.756,0.000,2.422,3.831,474845,674558,0,415,274,274,30390080,975714,148,166,0
1052,1.377,0.562,0.000,1.938,2.526,474845,674558,0,415,274,274,30390080,975714,148,166,0
1053,1.397,0.411,0.000,1.808,2.063,474845,674558,0,415,274,274,30390080,975714,148,166,0
1054,1.475,0.512,0.000,1.987,1.900,474845,674558,0,415,274,274,30390080,975714,148,166,0
1055,1.770,0.752,0.000,2.522,4.379,474845,674558,0,415,274,274,30390080,975714,148,166,0
1056,1.516,0.540,0.000,2.056,2.605,474845,674558,0,415,274,274,30390080,975714,148,166,0
1057,1.304,0.610,0.000,1.914,2.158,474845,674558,0,415,274,274,30390080,975714,148,166,0
1058,1.325,0.402,0.000,1.727,2.013,474845,674558,0,415,274,274,30390080,975714,148,166,0
1059,1.664,0.592,0.000,2.257,1.821,474845,674558,0,415,274,274,30390080,975714,148,166,0
1060,1.750,0.894,0.000,2.643,4.647,474845,674558,0,415,274,274,30390080,975714,148,166,0
1061,1.610,0.465,0.000,2.075,2.797,474845,674558,0,415,274,274,30390080,975714,148,166,0
1062,1.402,0.513,0.000,1.914,2.220,474845,674558,0,415,274,274,30390080,975714,148,166,0
1063,1.208,0.662,0.000,1.870,2.043,474845,674558,0,415,274,274,30390080,975714,148,166,0
1064,1.258,0.410,0.000,1.668,2.037,474845,674558,0,415,274,274,30390080,975714,148,166,0
1065,1.422,0.478,0.000,1.901,1.800,474845,674558,0,415,274,274,30390080,975714,148,166,0
1066,1.684,0.626,0.004,2.314,4.488,474845,674558,0,415,274,274,30390080,975714,148,166,0
1067,1.409,0.571,0.000,1.980,2.450,474845,674558,0,415,274,274,30390080,975714,148,166,0
1068,1.227,0.431,0.000,1.659,2.155,474845,674558,0,415,274,274,30390080,975714,148,166,0
1069,1.307,0.428,0.000,1.735,1.810,474845,674558,0,415,274,274,30390080,975714,148,166,0
1070,1.492,0.479,0.000,1.971,1.863,474845,674558,0,415,274,274,30390080,975714,148,166,0
1071,1.690,0.859,0.000,2.549,4.238,474845,674558,0,415,274,274,30390080,975714,148,166,0
1072,1.260,0.624,0.000,1.884,2.706,474845,674558,0,415,274,274,30390080,975714,148,166,0
1073,1.265,0.389,0.000,1.654,2.039,474845,674558,0,415,274,274,30390080,975714,148,166,0
1074,1.497,0.479,0.000,1.976,1.806,474845,674558,0,415,274,274,30390080,975714,148,166,0
1075,1.604,0.693,0.000,2.297,4.080,474845,674558,0,415,274,274,30390080,975714,148,166,0
1076,1.323,0.678,0.000,2.002,2.434,474845,674558,0,415,274,274,30390080,975714,148,166,0
1077,1.309,0.419,0.000,1.728,2.149,474845,674558,0,415,274,274,30390080,975714,148,166,0
1078,1.403,0.451,0.000,1.854,1.883,474845,674558,0,415,274,274,30390080,975714,148,166,0
1079,1.508,0.591,0.000,2.099,1.983,474845,674558,0,415,274,274,30390080,975714,148,166,0
1080,1.587,0.812,0.000,2.399,3.604,474845,674558,0,415,274,274,30390080,975714,148,166,0
1081,1.366,0.431,0.000,1.797,2.566,474845,674558,0,415,274,274,30390080,975714,148,166,0
1082,1.469,0.435,0.000,1.903,1.926,474845,674558,0,415,274,274,30390080,975714,148,166,0
1083,1.466,0.486,0.000,1.952,2.037,474845,674558,0,415,274,274,30390080,975714,148,166,0
1084,1.404,0.561,0.000,1.965,2.101,474845,674558,0,415,274,274,30390080,975714,148,166,0
1085,1.252,0.466,0.000,1.719,2.114,474845,674558,0,415,274,274,30390080,975714,148,166,0
1086,1.353,0.438,0.000,1.791,1.910,474845,674558,0,415,274,274,30390080,975714,148,166,0
1087,1.525,0.518,0.000,2.044,1.898,474845,674558,0,415,274,274,30390080,975714,148,166,0
1088,1.607,0.859,0.000,2.466,4.114,474845,674558,0,415,274,274,30390080,975714,148,166,0
1089,1.343,0.435,0.000,1.778,4.661,474845,674558,0,415,274,274,30390080,975714,148,166,0
1090,1.541,0.488,0.000,2.029,4.646,474845,674558,0,415,274,274,30390080,975714,148,166,0
1091,1.708,0.954,0.000,2.662,7.279,474845,674558,0,415,274,274,30390080,975714,148,166,0
1092,1.433,0.508,0.000,1.941,2.799,474845,674558,0,415,274,274,30390080,975714,148,166,0
1093,1.235,0.580,0.000,1.814,2.073,474845,674558,0,415,274,274,30390080,975714,148,166,0
1094,1.322,0.404,0.000,1.726,1.943,474845,674558,0,415,274,274,30390080,975714,148,166,0
1095,1.528,0.440,0.000,1.968,1.832,474845,674558,0,415,274,274,30390080,975714,148,166,0
1096,1.449,0.703,0.000,2.153,2.072,474845,674558,0,415,274,274,30390080,975714,148,166,0
1097,1.767,1.087,0.000,2.854,3.955,474845,674558,0,415,274,274,30390080,975714,148,166,0
1098,1.507,0.683,0.000,2.190,2.995,474845,674558,0,415,274,274,30390080,975714,148,166,0
1099,1.486,0.661,0.001,2.148,2.310,474845,674558,0,415,274,274,30390080,975714,148,166,0
1100,1.661,0.609,0.000,2.270,2.339,474845,674558,0,415,274,274,30390080,975714,148,166,0
1101,1.695,0.705,0.000,2.400,4.110,474845,674558,0,415,274,274,30390080,975714,148,166,0
1102,1.509,0.549,0.000,2.058,2.512,474845,674558,0,415,274,274,30390080,975714,148,166,0
1103,1.628,0.960,0.000,2.587,4.137,474845,674558,0,415,274,274,30390080,975714,148,166,0
1104,1.587,0.749,0.000,2.336,2.722,474845,674558,0,415,274,274,30390080,975714,148,166,0
1105,1.379,0.492,0.000,1.871,2.470,474845,674558,0,415,274,274,30390080,975714,148,166,0
1106,1.582,0.467,0.000,2.049,1.990,474845,674558,0,415,274,274,30390080,975714,148,166,0
1107,1.563,0.475,0.000,2.038,2.165,474845,674558,0,415,274,274,30390080,975714,148,166,0
1108,1.541,0.510,0.000,2.051,2.145,474845,674558,0,415,274,274,30390080,975714,148,166,0
1109,1.677,0.862,0.000,2.540,4.328,474845,674558,0,415,274,274,30390080,975714,148,166,0
1110,1.439,0.636,0.000,2.075,2.690,474845,674558,0,415,274,274,30390080,975714,148,166,0
1111,1.415,0.513,0.000,1.928,2.205,474845,674558,0,415,274,274,30390080,975714,148,166,0
1112,1.826,0.796,0.000,2.622,4.488,474845,674558,0,415,274,274,30390080,975714,148,166,0
1113,1.551,0.511,0.000,2.062,2.769,474845,674558,0,415,274,274,30390080,975714,148,166,0
1114,1.604,0.835,0.000,2.439,3.303,474845,674558,0,415,274,274,30390080,975714,148,166,0
1115,1.656,0.859,0.004,2.520,2.911,474845,674558,0,415,274,274,30390080,975714,148,166,0
1116,1.494,0.595,0.000,2.090,2.657,474845,674558,0,415,274,274,30390080,975714,148,166,0
1117,1.347,0.454,0.000,1.801,2.217,474845,674558,0,415,274,274,30390080,975714,148,166,0
1118,1.482,0.445,0.000,1.928,1.920,474845,674558,0,415,274,274,30390080,975714,148,166,0
1119,1.473,0.455,0.000,1.928,2.038,474845,674558,0,415,274,274,30390080,975714,148,166,0
1120,1.771,0.782,0.000,2.553,4.452,474845,674558,0,415,274,274,30390080,975714,148,166,0
1121,1.514,0.555,0.000,2.069,2.665,474845,674558,0,415,274,274,30390080,975714,148,166,0
1122,1.324,0.630,0.000,1.954,2.192,474845,674558,0,415,274,274,30390080,975714,148,166,0
1123,1.346,0.410,0.000,1.755,2.077,474845,674558,0,415,274,274,30390080,975714,148,166,0
1124,1.587,0.604,0.000,2.191,1.874,474845,674558,0,415,274,274,30390080,975714,148,166,0
1125,1.733,0.776,0.000,2.509,4.124,474845,674558,0,415,274,274,30390080,975714,148,166,0
1126,1.471,0.665,0.000,2.136,2.641,474845,674558,0,415,274,274,30390080,975714,148,166,0
1127,1.686,0.839,0.000,2.525,4.757,474845,674558,0,415,274,274,30390080,975714,148,166,0
1128,1.417,0.641,0.000,2.058,2.663,474845,674558,0,415,274,274,30390080,975714,148,166,0
1129,1.283,0.429,0.000,1.712,2.188,474845,674558,0,415,274,274,30390080,975714,148,166,0
1130,1.540,0.454,0.000,1.994,1.836,474845,674558,0,415,274,274,30390080,975714,148,166,0
1131,1.501,0.431,0.000,1.933,2.103,474845,674558,0,415,274,274,30390080,975714,148,166,0
1132,1.362,0.546,0.000,1.907,2.045,474845,674558,0,415,274,274,30390080,975714,148,166,0
1133,1.291,0.452,0.000,1.743,2.031,474845,674558,0,415,274,274,30390080,975714,148,166,0
1134,1.457,0.460,0.000,1.917,1.871,474845,674558,0,415,274,274,30390080,975714,148,166,0
1135,1.572,0.474,0.000,2.046,2.020,474845,674558,0,415,274,274,30390080,975714,148,166,0
1136,1.749,0.742,0.000,2.491,4.068,474845,674558,0,415,274,274,30390080,975714,148,166,0
1137,1.416,0.602,0.000,2.018,2.607,474845,674558,0,415,274,274,30390080,975714,148,166,0
1138,1.340,0.378,0.000,1.718,2.147,474845,674558,0,415,274,274,30390080,975714,148,166,0
1139,1.455,0.428,0.000,1.883,1.833,474845,674558,0,415,274,274,30390080,975714,148,166,0
1140,1.486,0.464,0.000,1.950,1.989,474845,674558,0,415,274,274,30390080,975714,148,166,0
1141,1.371,0.510,0.000,1.881,2.055,474845,674558,0,415,274,274,30390080,975714,148,166,0
1142,1.300,0.436,0.000,1.736,2.002,474845,674558,0,415,274,274,30390080,975714,148,166,0
1143,1.436,0.525,0.000,1.961,1.863,474845,674558,0,415,274,274,30390080,975714,148,166,0
1144,1.639,0.623,0.000,2.262,4.396,474845,674558,0,415,274,274,30390080,975714,148,166,0
1145,1.401,0.477,0.000,1.878,2.368,474845,674558,0,415,274,274,30390080,975714,148,166,0
1146,1.230,0.450,0.000,1.680,2.000,474845,674558,0,415,274,274,30390080,975714,148,166,0
1147,1.369,0.506,0.000,1.875,1.803,474845,674558,0,415,274,274,30390080,975714,148,166,0
1148,1.681,0.739,0.000,2.420,3.992,474845,674558,0,415,274,274,30390080,975714,148,166,0
1149,1.429,0.535,0.000,1.964,2.529,474845,674558,0,415,274,274,30390080,975714,148,166,0
1150,1.393,0.657,0.000,2.050,2.085,474845,674558,0,415,274,274,30390080,975714,148,166,0
1151,1.254,0.393,0.000,1.646,2.186,474845,674558,0,415,274,274,30390080,975714,148,166,0
1152,1.426,0.425,0.000,1.851,1.774,474845,674558,0,415,274,274,30390080,975714,148,166,0
1153,1.399,0.524,0.000,1.923,1.956,474845,674558,0,415,274,274,30390080,975714,148,166,0
1154,1.559,0.617,0.000,2.176,3.537,474845,674558,0,415,274,274,30390080,975714,148,166,0
1155,1.444,0.567,0.000,2.011,2.299,474845,674558,0,415,274,274,30390080,975714,148,166,0
1156,1.360,0.607,0.000,1.967,2.137,474845,674558,0,415,274,274,30390080,975714,148,166,0
1157,1.521,0.484,0.000,2.005,2.093,474845,674558,0,415,274,274,30390080,975714,148,166,0
1158,1.283,0.612,0.000,1.895,2.137,474845,674558,0,415,274,274,30390080,975714,148,166,0
1159,1.256,0.433,0.000,1.689,2.039,474845,674558,0,415,274,274,30390080,975714,148,166,0
1160,1.508,0.492,0.000,2.001,1.816,474845,674558,0,415,274,274,30390080,975714,148,166,0
1161,1.618,0.844,0.000,2.462,3.971,474845,674558,0,415,274,274,30390080,975714,148,166,0
1162,1.368,0.620,0.000,1.987,2.571,474845,674558,0,415,274,274,30390080,975714,148,166,0
1163,1.302,0.440,0.000,1.741,2.114,474845,674558,0,415,274,274,30390080,975714,148,166,0
1164,1.401,0.459,0.000,1.859,1.856,474845,674558,0,415,274,274,30390080,975714,148,166,0
1165,1.413,0.483,0.000,1.896,1.969,474845,674558,0,415,274,274,30390080,975714,148,166,0
1166,1.732,0.635,0.000,2.368,4.954,474845,674558,0,415,274,274,30390080,975714,148,166,0
1167,1.446,0.539,0.000,1.985,2.496,474845,674558,0,415,274,274,30390080,975714,148,166,0
1168,1.334,0.604,0.001,1.938,2.107,474845,674558,0,415,274,274,30390080,975714,148,166,0
1169,1.373,0.439,0.000,1.812,2.082,474845,674558,0,415,274,274,30390080,975714,148,166,0
1170,1.478,0.482,0.000,1.960,1.937,474845,674558,0,415,274,274,30390080,975714,148,166,0
1171,1.492,0.617,0.000,2.109,2.070,474845,674558,0,415,274,274,30390080,975714,148,166,0
1172,1.598,0.603,0.000,2.201,3.137,474845,674558,0,415,274,274,30390080,975714,148,166,0
1173,1.384,0.464,0.000,1.848,2.313,474845,674558,0,415,274,274,30390080,975714,148,166,0
1174,1.351,0.485,0.000,1.836,1.958,474845,674558,0,415,274,274,30390080,975714,148,166,0
1175,1.275,0.444,0.000,1.720,1.963,474845,674558,0,415,274,274,30390080,975714,148,166,0
1176,1.372,0.460,0.000,1.833,1.854,474845,674558,0,415,274,274,30390080,975714,148,166,0
1177,1.500,0.461,0.000,1.961,1.954,474845,674558,0,415,274,274,30390080,975714,148,166,0
1178,1.421,0.490,0.000,1.911,2.074,474845,674558,0,415,274,274,30390080,975714,148,166,0
1179,1.630,0.551,0.000,2.181,5.779,474845,674558,0,415,274,274,30390080,975714,148,166,0
1180,1.434,0.444,0.000,1.877,2.310,474845,674558,0,415,274,274,30390080,975714,148,166,0
1181,1.297,0.543,0.000,1.840,2.003,474845,674558,0,415,274,274,30390080,975714,148,166,0
1182,1.278,0.375,0.000,1.653,1.971,474845,674558,0,415,274,274,30390080,975714,148,166,0
1183,1.436,0.402,0.000,1.839,1.785,474845,674558,0,415,274,274,30390080,975714,148,166,0
1184,1.464,0.446,0.000,1.910,1.951,474845,674558,0,415,274,274,30390080,975714,148,166,0
1185,1.317,0.569,0.000,1.886,2.024,474845,674558,0,415,274,274,30390080,975714,148,166,0
1186,1.301,0.386,0.000,1.687,2.011,474845,674558,0,415,274,274,30390080,975714,148,166,0
1187,1.433,0.457,0.000,1.891,1.806,474845,674558,0,415,274,274,30390080,975714,148,166,0
1188,1.456,0.453,0.000,1.909,2.003,474845,674558,0,415,274,274,30390080,975714,148,166,0
1189,1.529,0.567,0.000,2.097,5.661,474845,674558,0,415,274,274,30390080,975714,148,166,0
1190,1.494,0.482,0.000,1.976,2.231,474845,674558,0,415,274,274,30390080,975714,148,166,0
1191,1.501,0.648,0.000,2.149,2.204,474845,674558,0,415,274,274,30390080,975714,148,166,0
1192,1.494,0.663,0.000,2.157,2.312,474845,674558,0,415,274,274,30390080,975714,148,166,0
1193,1.449,0.444,0.000,1.893,2.386,474845,674558,0,415,274,274,30390080,975714,148,166,0
1194,1.486,0.472,0.000,1.958,2.051,474845,674558,0,415,274,274,30390080,975714,148,166,0
1195,1.800,0.834,0.000,2.634,3.589,474845,674558,0,415,274,274,30390080,975714,148,166,0
1196,1.329,0.601,0.000,1.930,2.849,474845,674558,0,415,274,274,30390080,975714,148,166,0
1197,1.284,0.410,0.000,1.695,2.158,474845,674558,0,415,274,274,30390080,975714,148,166,0
1198,1.437,0.430,0.000,1.867,1.833,474845,674558,0,415,274,274,30390080,975714,148,166,0
1199,1.758,0.669,0.000,2.427,5.088,474845,674558,0,415,274,274,30390080,975714,148,166,0
1200,1.616,0.531,0.000,2.147,2.558,474845,674558,0,415,274,274,30390080,975714,148,166,0
