frame,update_ms,render_ms,swap_ms,frame_ms,loop_ms,total_vertices,visible_vertices,culled_vertices,total_batches,visible_batches,draw_calls,vbo_bytes,index_bytes,texture_binds,material_changes,reflection_passes
1,0.075,0.324,0.012,0.411,0.411,16644,10688,5956,36,17,17,1264944,33984,13,15,0
2,0.023,0.317,0.013,0.352,0.535,16644,10688,5956,36,17,17,1264944,33984,13,15,0
3,0.026,1.825,0.006,1.857,0.483,16644,10688,5956,36,17,17,1264944,33984,13,15,0
4,0.022,6.227,0.012,6.261,1.976,16644,10688,5956,36,17,17,1264944,33984,13,15,0
5,0.040,1.300,0.009,1.350,6.409,16644,10688,5956,36,17,17,1264944,33984,13,15,0
6,0.022,1.168,0.006,1.196,1.482,16644,10688,5956,36,17,17,1264944,33984,13,15,0
7,0.026,1.208,0.009,1.243,1.335,16644,10688,5956,36,17,17,1264944,33984,13,15,0
8,0.029,3.729,0.007,3.765,1.380,16644,10688,5956,36,17,17,1264944,33984,13,15,0
9,0.023,5.452,0.009,5.484,3.901,16644,10688,5956,36,17,17,1264944,33984,13,15,0
10,0.031,2.465,0.020,2.515,5.621,16644,10688,5956,36,17,17,1264944,33984,13,15,0
11,0.025,8.382,0.009,8.416,2.652,16644,10688,5956,36,17,17,1264944,33984,13,15,0
12,0.029,1.297,0.009,1.335,8.555,16644,10688,5956,36,17,17,1264944,33984,13,15,0
13,0.021,1.505,0.007,1.534,1.478,16644,10688,5956,36,17,17,1264944,33984,13,15,0
14,0.020,1.489,0.006,1.516,1.673,16644,10688,5956,36,17,17,1264944,33984,13,15,0
15,0.034,1.780,0.017,1.832,1.649,16644,10688,5956,36,17,17,1264944,33984,13,15,0
16,0.024,2.313,0.013,2.351,1.963,16644,10688,5956,36,17,17,1264944,33984,13,15,0
17,0.040,1.523,0.010,1.572,2.485,16644,10688,5956,36,17,17,1264944,33984,13,15,0
18,0.027,5.278,0.010,5.315,1.712,16644,10688,5956,36,17,17,1264944,33984,13,15,0
19,0.044,3.593,0.011,3.648,5.461,16644,10688,5956,36,17,17,1264944,33984,13,15,0
20,0.031,13.177,0.008,13.216,3.795,16644,10688,5956,36,17,17,1264944,33984,13,15,0
21,0.037,7.759,0.011,7.807,13.366,16644,10688,5956,36,17,17,1264944,33984,13,15,0
22,0.052,0.990,0.009,1.052,7.991,16644,10688,5956,36,17,17,1264944,33984,13,15,0
23,0.027,0.478,0.013,0.517,1.212,16644,10688,5956,36,17,17,1264944,33984,13,15,0
24,0.028,1.886,0.010,1.924,0.657,16644,10688,5956,36,17,17,1264944,33984,13,15,0
25,0.031,4.109,0.013,4.153,2.094,16644,10688,5956,36,17,17,1264944,33984,13,15,0
26,0.035,3.130,0.007,3.171,4.316,16644,10688,5956,36,17,17,1264944,33984,13,15,0
27,0.025,13.491,0.011,13.527,3.330,16644,10688,5956,36,17,17,1264944,33984,13,15,0
28,0.033,7.781,0.010,7.823,13.697,16644,10688,5956,36,17,17,1264944,33984,13,15,0
29,0.035,1.149,0.012,1.195,7.991,16644,10688,5956,36,17,17,1264944,33984,13,15,0
30,0.036,0.420,0.015,0.471,1.373,16644,10688,5956,36,17,17,1264944,33984,13,15,0
31,0.036,1.623,0.011,1.670,0.627,16644,10688,5956,36,17,17,1264944,33984,13,15,0
32,0.025,3.020,0.012,3.057,1.829,16644,10688,5956,36,17,17,1264944,33984,13,15,0
33,0.036,0.846,0.010,0.892,3.239,16644,10688,5956,36,17,17,1264944,33984,13,15,0
34,0.026,3.540,0.009,3.574,1.067,16644,10688,5956,36,17,17,1264944,33984,13,15,0
35,0.036,13.449,0.009,13.494,3.757,16644,10688,5956,36,17,17,1264944,33984,13,15,0
36,0.038,7.630,0.011,7.679,13.679,16644,10688,5956,36,17,17,1264944,33984,13,15,0
37,0.046,0.975,0.010,1.032,7.899,16644,10688,5956,36,17,17,1264944,33984,13,15,0
38,0.030,0.400,0.011,0.441,1.230,16644,10688,5956,36,17,17,1264944,33984,13,15,0
39,0.029,0.391,0.012,0.432,0.630,16644,10688,5956,36,17,17,1264944,33984,13,15,0
40,0.029,1.744,0.010,1.783,0.630,16644,10688,5956,36,17,17,1264944,33984,13,15,0
41,0.042,3.698,0.010,3.750,2.005,16644,10688,5956,36,17,17,1264944,33984,13,15,0
42,0.049,2.974,0.009,3.032,3.950,16644,10688,5956,36,17,17,1264944,33984,13,15,0
43,0.035,13.792,0.010,13.837,3.239,16644,10688,5956,36,17,17,1264944,33984,13,15,0
44,0.039,7.435,0.012,7.485,14.038,16644,10688,5956,36,17,17,1264944,33984,13,15,0
45,0.046,0.903,0.015,0.963,7.744,16644,10688,5956,36,17,17,1264944,33984,13,15,0
46,0.039,0.438,0.015,0.493,1.203,16644,10688,5956,36,17,17,1264944,33984,13,15,0
47,0.040,0.312,0.021,0.372,0.725,16644,10688,5956,36,17,17,1264944,33984,13,15,0
48,0.035,2.000,0.010,2.045,0.601,16644,10688,5956,36,17,17,1264944,33984,13,15,0
49,0.043,3.197,0.011,3.251,2.256,16644,10688,5956,36,17,17,1264944,33984,13,15,0
50,0.033,2.932,0.010,2.976,3.409,16644,10688,5956,36,17,17,1264944,33984,13,15,0
51,0.039,13.750,0.010,13.799,3.134,16644,10688,5956,36,17,17,1264944,33984,13,15,0
52,0.043,7.815,0.010,7.868,13.971,16644,10688,5956,36,17,17,1264944,33984,13,15,0
53,0.041,1.009,0.014,1.064,8.052,16644,10688,5956,36,17,17,1264944,33984,13,15,0
54,0.043,0.440,0.012,0.495,1.253,16644,10688,5956,36,17,17,1264944,33984,13,15,0
55,0.048,0.357,0.013,0.418,0.665,16644,10688,5956,36,17,17,1264944,33984,13,15,0
56,0.038,0.946,0.015,0.999,0.583,16644,10688,5956,36,17,17,1264944,33984,13,15,0
57,0.035,4.090,0.012,4.137,1.153,16644,10688,5956,36,17,17,1264944,33984,13,15,0
58,0.044,3.065,0.033,3.141,4.309,16644,10688,5956,36,17,17,1264944,33984,13,15,0
59,0.042,13.928,0.011,13.981,3.334,16644,10688,5956,36,17,17,1264944,33984,13,15,0
60,7.009,0.936,0.016,7.962,8.139,16750,10752,5998,36,17,17,1273000,34824,13,15,0
61,6.625,0.396,0.014,7.035,8.133,16750,10752,5998,36,17,17,1273000,34824,13,15,0
62,1.015,8.904,0.015,9.934,7.196,16750,10752,5998,36,17,17,1273000,34824,13,15,0
63,0.038,7.775,0.012,7.825,10.080,16750,10752,5998,36,17,17,1273000,34824,13,15,0
64,0.048,8.822,0.016,8.886,7.974,16750,10752,5998,36,17,17,1273000,34824,13,15,0
65,0.045,7.597,0.014,7.657,9.041,16750,10752,5998,36,17,17,1273000,34824,13,15,0
66,0.045,8.010,0.010,8.066,7.822,16750,10752,5998,36,17,17,1273000,34824,13,15,0
67,0.042,8.352,0.014,8.408,8.223,16750,10752,5998,36,17,17,1273000,34824,13,15,0
68,0.047,1.161,0.015,1.222,8.566,16750,10752,5998,36,17,17,1273000,34824,13,15,0
69,0.036,1.112,0.015,1.163,1.385,16750,10752,5998,36,17,17,1273000,34824,13,15,0
70,0.040,1.098,0.014,1.152,1.327,16750,10752,5998,36,17,17,1273000,34824,13,15,0
71,0.060,1.055,0.017,1.132,1.315,16750,10752,5998,36,17,17,1273000,34824,13,15,0
72,0.037,11.362,0.015,11.414,1.294,16750,10752,5998,36,17,17,1273000,34824,13,15,0
73,0.045,8.119,0.018,8.182,11.593,16750,10752,5998,36,17,17,1273000,34824,13,15,0
74,0.044,7.555,0.012,7.611,8.365,16750,10752,5998,36,17,17,1273000,34824,13,15,0
75,0.037,1.445,0.013,1.494,7.786,16750,10752,5998,36,17,17,1273000,34824,13,15,0
76,0.038,1.662,0.014,1.715,1.684,16750,10752,5998,36,17,17,1273000,34824,13,15,0
77,0.042,0.498,0.020,0.560,1.901,16750,10752,5998,36,17,17,1273000,34824,13,15,0
78,0.055,0.459,0.036,0.551,0.758,16750,10752,5998,36,17,17,1273000,34824,13,15,0
79,0.053,1.138,0.019,1.210,0.738,16750,10752,5998,36,17,17,1273000,34824,13,15,0
80,0.032,4.298,0.035,4.365,1.370,16750,10752,5998,36,17,17,1273000,34824,13,15,0
81,0.066,14.070,0.012,14.147,4.541,16750,10752,5998,36,17,17,1273000,34824,13,15,0
82,0.045,7.763,0.012,7.820,14.360,16750,10752,5998,36,17,17,1273000,34824,13,15,0
83,0.043,1.031,0.030,1.104,8.040,16750,10752,5998,36,17,17,1273000,34824,13,15,0
84,0.034,0.476,0.018,0.528,1.326,16750,10752,5998,36,17,17,1273000,34824,13,15,0
85,0.045,0.452,0.015,0.512,0.724,16750,10752,5998,36,17,17,1273000,34824,13,15,0
86,0.034,1.053,0.014,1.101,0.720,16750,10752,5998,36,17,17,1273000,34824,13,15,0
87,0.042,0.895,0.017,0.955,1.326,16750,10752,5998,36,17,17,1273000,34824,13,15,0
88,0.045,0.431,0.014,0.491,1.158,16750,10752,5998,36,17,17,1273000,34824,13,15,0
89,0.035,2.009,0.015,2.059,0.685,16750,10752,5998,36,17,17,1273000,34824,13,15,0
90,0.041,4.242,0.012,4.295,2.258,16750,10752,5998,36,17,17,1273000,34824,13,15,0
91,0.055,12.394,0.014,12.463,4.520,16750,10752,5998,36,17,17,1273000,34824,13,15,0
92,0.055,7.660,0.013,7.728,12.729,16750,10752,5998,36,17,17,1273000,34824,13,15,0
93,0.052,1.047,0.016,1.115,7.997,16750,10752,5998,36,17,17,1273000,34824,13,15,0
94,0.044,0.517,0.021,0.581,1.377,16750,10752,5998,36,17,17,1273000,34824,13,15,0
95,0.051,1.673,0.024,1.749,0.820,16750,10752,5998,36,17,17,1273000,34824,13,15,0
96,0.080,1.166,0.023,1.269,2.002,16750,10752,5998,36,17,17,1273000,34824,13,15,0
97,0.047,11.004,0.017,11.068,1.522,16750,10752,5998,36,17,17,1273000,34824,13,15,0
98,0.062,7.880,0.014,7.957,11.342,16750,10752,5998,36,17,17,1273000,34824,13,15,0
99,0.055,8.580,0.106,8.741,8.218,16750,10752,5998,36,17,17,1273000,34824,13,15,0
100,0.276,1.129,0.053,1.458,9.414,16750,10752,5998,36,17,17,1273000,34824,13,15,0
101,0.055,0.617,0.023,0.695,1.745,16750,10752,5998,36,17,17,1273000,34824,13,15,0
102,0.051,0.468,0.016,0.535,0.936,16750,10752,5998,36,17,17,1273000,34824,13,15,0
103,0.044,5.199,0.035,5.278,0.771,16750,10752,5998,36,17,17,1273000,34824,13,15,0
104,0.066,15.733,0.060,15.859,5.526,16750,10752,5998,36,17,17,1273000,34824,13,15,0
105,0.266,7.071,0.033,7.370,16.382,16750,10752,5998,36,17,17,1273000,34824,13,15,0
106,0.178,0.987,0.031,1.196,8.143,16750,10752,5998,36,17,17,1273000,34824,13,15,0
107,0.199,0.793,0.029,1.021,1.709,16750,10752,5998,36,17,17,1273000,34824,13,15,0
108,0.531,1.026,0.015,1.572,1.372,16750,10752,5998,36,17,17,1273000,34824,13,15,0
109,0.056,1.903,0.020,1.979,1.825,16750,10752,5998,36,17,17,1273000,34824,13,15,0
110,0.047,8.445,0.071,8.564,2.249,16750,10752,5998,36,17,17,1273000,34824,13,15,0
111,0.336,5.126,0.032,5.493,9.081,16750,10752,5998,36,17,17,1273000,34824,13,15,0
112,0.073,10.681,0.060,10.814,5.754,16750,10752,5998,36,17,17,1273000,34824,13,15,0
113,0.329,6.525,0.025,6.879,11.355,16750,10752,5998,36,17,17,1273000,34824,13,15,0
114,0.059,4.477,0.014,4.550,7.120,16750,10752,5998,36,17,17,1273000,34824,13,15,0
115,0.116,12.847,0.078,13.040,4.820,16750,10752,5998,36,17,17,1273000,34824,13,15,0
116,0.377,6.029,0.016,6.422,13.459,16750,10752,5998,36,17,17,1273000,34824,13,15,0
117,0.061,1.164,0.018,1.243,6.675,16750,10752,5998,36,17,17,1273000,34824,13,15,0
118,0.049,0.494,0.027,0.569,1.515,16750,10752,5998,36,17,17,1273000,34824,13,15,0
119,0.041,1.561,0.021,1.622,0.803,16750,10752,5998,36,17,17,1273000,34824,13,15,0
120,0.054,1.180,0.020,1.254,1.884,16750,10752,5998,36,17,17,1273000,34824,13,15,0
121,0.041,12.436,0.065,12.542,1.502,16750,10752,5998,36,17,17,1273000,34824,13,15,0
122,0.289,6.661,0.052,7.002,13.092,16750,10752,5998,36,17,17,1273000,34824,13,15,0
123,0.205,7.244,0.052,7.501,7.466,16750,10752,5998,36,17,17,1273000,34824,13,15,0
124,0.156,0.928,0.020,1.104,8.267,16750,10752,5998,36,17,17,1273000,34824,13,15,0
125,0.187,0.988,0.026,1.201,1.452,16750,10752,5998,36,17,17,1273000,34824,13,15,0
126,0.072,0.519,0.015,0.606,1.446,16750,10752,5998,36,17,17,1273000,34824,13,15,0
127,0.042,13.028,0.065,13.135,0.849,16750,10752,5998,36,17,17,1273000,34824,13,15,0
128,0.310,7.098,0.053,7.461,13.612,16750,10752,5998,36,17,17,1273000,34824,13,15,0
129,0.193,6.941,0.054,7.188,8.041,16750,10752,5998,36,17,17,1273000,34824,13,15,0
130,0.240,0.902,0.029,1.171,7.698,16750,10752,5998,36,17,17,1273000,34824,13,15,0
131,0.126,0.652,0.020,0.797,1.514,16750,10752,5998,36,17,17,1273000,34824,13,15,0
132,0.048,1.985,0.024,2.057,1.033,16750,10752,5998,36,17,17,1273000,34824,13,15,0
133,0.069,4.617,0.020,4.707,2.315,16750,10752,5998,36,17,17,1273000,34824,13,15,0
134,0.081,15.061,0.062,15.203,4.991,16750,10752,5998,36,17,17,1273000,34824,13,15,0
135,0.272,6.349,0.029,6.650,15.693,16750,10752,5998,36,17,17,1273000,34824,13,15,0
136,0.177,1.454,0.029,1.660,7.103,16750,10752,5998,36,17,17,1273000,34824,13,15,0
137,0.130,0.879,0.031,1.040,2.107,16750,10752,5998,36,17,17,1273000,34824,13,15,0
138,0.141,0.776,0.022,0.939,1.512,16750,10752,5998,36,17,17,1273000,34824,13,15,0
139,0.070,0.934,0.046,1.050,1.171,16750,10752,5998,36,17,17,1273000,34824,13,15,0
140,0.078,1.224,0.019,1.321,1.331,16750,10752,5998,36,17,17,1273000,34824,13,15,0
141,0.042,4.644,0.015,4.701,1.566,16750,10752,5998,36,17,17,1273000,34824,13,15,0
142,0.079,13.000,0.081,13.160,4.974,16750,10752,5998,36,17,17,1273000,34824,13,15,0
143,0.356,6.710,0.044,7.110,13.603,16750,10752,5998,36,17,17,1273000,34824,13,15,0
144,0.193,1.075,0.039,1.307,7.765,16750,10752,5998,36,17,17,1273000,34824,13,15,0
145,0.157,1.020,0.024,1.201,1.717,16750,10752,5998,36,17,17,1273000,34824,13,15,0
146,0.060,1.862,0.019,1.941,1.464,16750,10752,5998,36,17,17,1273000,34824,13,15,0
147,0.076,5.440,0.020,5.536,2.195,16750,10752,5998,36,17,17,1273000,34824,13,15,0
148,0.059,14.713,0.056,14.828,5.799,16750,10752,5998,36,17,17,1273000,34824,13,15,0
149,0.340,6.598,0.064,7.002,15.519,16750,10752,5998,36,17,17,1273000,34824,13,15,0
150,0.234,8.867,0.022,9.123,7.513,16750,10752,5998,36,17,17,1273000,34824,13,15,0
151,0.175,6.010,0.048,6.233,9.680,16750,10752,5998,36,17,17,1273000,34824,13,15,0
152,0.154,7.245,0.049,7.447,6.713,16750,10752,5998,36,17,17,1273000,34824,13,15,0
153,0.186,7.828,0.044,8.057,7.925,16750,10752,5998,36,17,17,1273000,34824,13,15,0
154,0.164,1.001,0.070,1.235,8.737,16750,10752,5998,36,17,17,1273000,34824,13,15,0
155,0.066,0.730,0.020,0.816,1.622,16750,10752,5998,36,17,17,1273000,34824,13,15,0
156,0.041,5.472,0.020,5.533,1.013,16750,10752,5998,36,17,17,1273000,34824,13,15,0
157,0.070,16.094,0.059,16.223,5.803,16750,10752,5998,36,17,17,1273000,34824,13,15,0
158,0.361,7.267,0.040,7.667,16.723,16750,10752,5998,36,17,17,1273000,34824,13,15,0
159,0.215,0.949,0.038,1.202,8.173,16750,10752,5998,36,17,17,1273000,34824,13,15,0
160,0.067,1.063,0.034,1.163,1.660,16750,10752,5998,36,17,17,1273000,34824,13,15,0
161,0.052,1.754,0.036,1.842,1.409,16750,10752,5998,36,17,17,1273000,34824,13,15,0
162,0.084,1.093,0.025,1.202,2.121,16750,10752,5998,36,17,17,1273000,34824,13,15,0
163,0.033,4.308,0.024,4.365,1.379,16750,10752,5998,36,17,17,1273000,34824,13,15,0
164,0.080,14.945,0.058,15.082,4.571,16750,10752,5998,36,17,17,1273000,34824,13,15,0
165,0.350,5.614,0.042,6.006,15.628,16750,10752,5998,36,17,17,1273000,34824,13,15,0
166,0.246,1.085,0.055,1.386,6.636,16750,10752,5998,36,17,17,1273000,34824,13,15,0
167,0.140,1.529,0.022,1.691,1.823,16750,10752,5998,36,17,17,1273000,34824,13,15,0
168,0.055,1.338,0.037,1.430,1.929,16750,10752,5998,36,17,17,1273000,34824,13,15,0
169,0.079,1.308,0.023,1.410,1.695,16750,10752,5998,36,17,17,1273000,34824,13,15,0
170,0.063,6.203,0.018,6.284,1.729,16750,10752,5998,36,17,17,1273000,34824,13,15,0
171,0.063,10.853,0.065,10.981,6.537,16750,10752,5998,36,17,17,1273000,34824,13,15,0
172,0.370,7.230,0.052,7.653,11.487,16750,10752,5998,36,17,17,1273000,34824,13,15,0
173,0.206,1.122,0.050,1.379,8.273,16750,10752,5998,36,17,17,1273000,34824,13,15,0
174,0.140,1.948,0.026,2.114,1.803,16750,10752,5998,36,17,17,1273000,34824,13,15,0
175,0.078,1.949,0.017,2.044,2.547,16750,10752,5998,36,17,17,1273000,34824,13,15,0
176,0.045,8.693,0.048,8.786,2.301,16750,10752,5998,36,17,17,1273000,34824,13,15,0
177,0.351,6.332,0.053,6.736,9.212,16750,10752,5998,36,17,17,1273000,34824,13,15,0
178,0.192,9.351,0.046,9.589,7.198,16750,10752,5998,36,17,17,1273000,34824,13,15,0
179,0.179,6.594,0.023,6.796,9.995,16750,10752,5998,36,17,17,1273000,34824,13,15,0
180,0.067,5.576,127.113,132.756,7.046,16750,10752,5998,36,17,17,1273000,34824,13,15,0
181,0.082,0.363,0.011,0.456,132.864,16750,10752,5998,36,17,17,1273000,34824,13,15,0
182,0.028,1.317,0.012,1.357,0.550,16750,10752,5998,36,17,17,1273000,34824,13,15,0
183,0.037,14.091,0.013,14.141,1.461,16750,10752,5998,36,17,17,1273000,34824,13,15,0
184,0.042,8.119,0.011,8.173,14.256,16750,10752,5998,36,17,17,1273000,34824,13,15,0
185,0.035,1.145,0.007,1.188,8.279,16750,10752,5998,36,17,17,1273000,34824,13,15,0
186,0.020,1.526,0.011,1.557,1.293,16750,10752,5998,36,17,17,1273000,34824,13,15,0
187,0.035,1.247,0.006,1.288,1.690,16750,10752,5998,36,17,17,1273000,34824,13,15,0
188,0.028,1.245,0.009,1.282,1.402,16750,10752,5998,36,17,17,1273000,34824,13,15,0
189,0.024,3.754,0.006,3.784,1.399,16750,10752,5998,36,17,17,1273000,34824,13,15,0
190,0.028,15.439,0.009,15.476,3.920,16750,10752,5998,36,17,17,1273000,34824,13,15,0
191,0.030,7.983,0.009,8.022,15.583,16750,10752,5998,36,17,17,1273000,34824,13,15,0
192,0.026,1.288,0.014,1.328,8.141,16750,10752,5998,36,17,17,1273000,34824,13,15,0
193,0.031,1.641,0.008,1.680,1.456,16750,10752,5998,36,17,17,1273000,34824,13,15,0
194,0.030,1.442,0.045,1.516,1.803,16750,10752,5998,36,17,17,1273000,34824,13,15,0
195,0.120,11.557,0.010,11.687,1.686,16750,10752,5998,36,17,17,1273000,34824,13,15,0
196,0.035,8.259,0.010,8.304,11.810,16750,10752,5998,36,17,17,1273000,34824,13,15,0
197,0.033,7.987,0.008,8.028,8.435,16750,10752,5998,36,17,17,1273000,34824,13,15,0
198,0.030,1.243,0.013,1.286,8.153,16750,10752,5998,36,17,17,1273000,34824,13,15,0
199,0.031,1.274,0.013,1.318,1.441,16750,10752,5998,36,17,17,1273000,34824,13,15,0
200,0.021,1.392,0.010,1.423,1.452,16750,10752,5998,36,17,17,1273000,34824,13,15,0
201,0.033,1.442,0.011,1.486,1.563,16750,10752,5998,36,17,17,1273000,34824,13,15,0
202,0.031,4.853,0.011,4.894,1.624,16750,10752,5998,36,17,17,1273000,34824,13,15,0
203,0.031,14.026,0.013,14.070,5.030,16750,10752,5998,36,17,17,1273000,34824,13,15,0
204,0.032,7.925,0.008,7.965,14.211,16750,10752,5998,36,17,17,1273000,34824,13,15,0
205,0.032,1.344,0.011,1.387,8.106,16750,10752,5998,36,17,17,1273000,34824,13,15,0
206,0.032,1.374,0.010,1.415,1.535,16750,10752,5998,36,17,17,1273000,34824,13,15,0
207,0.026,1.398,0.009,1.433,1.561,16750,10752,5998,36,17,17,1273000,34824,13,15,0
208,0.043,1.281,0.011,1.335,1.580,16750,10752,5998,36,17,17,1273000,34824,13,15,0
209,0.032,2.014,0.011,2.057,1.508,16750,10752,5998,36,17,17,1273000,34824,13,15,0
210,0.027,4.147,0.012,4.185,2.209,16750,10752,5998,36,17,17,1273000,34824,13,15,0
211,0.037,12.222,0.010,12.269,4.333,16750,10752,5998,36,17,17,1273000,34824,13,15,0
212,0.043,7.939,0.009,7.991,12.424,16750,10752,5998,36,17,17,1273000,34824,13,15,0
213,0.043,1.306,0.017,1.365,8.147,16750,10752,5998,36,17,17,1273000,34824,13,15,0
214,0.040,1.418,0.013,1.471,1.524,16750,10752,5998,36,17,17,1273000,34824,13,15,0
215,0.034,1.252,0.014,1.300,1.632,16750,10752,5998,36,17,17,1273000,34824,13,15,0
216,0.042,1.516,0.014,1.573,1.449,16750,10752,5998,36,17,17,1273000,34824,13,15,0
217,0.037,1.945,0.020,2.003,1.773,16750,10752,5998,36,17,17,1273000,34824,13,15,0
218,0.045,4.274,0.013,4.333,2.187,16750,10752,5998,36,17,17,1273000,34824,13,15,0
219,0.048,12.031,0.014,12.093,4.509,16750,10752,5998,36,17,17,1273000,34824,13,15,0
220,0.049,7.759,0.015,7.823,12.284,16750,10752,5998,36,17,17,1273000,34824,13,15,0
221,0.057,1.109,0.015,1.181,8.009,16750,10752,5998,36,17,17,1273000,34824,13,15,0
222,0.038,0.527,0.009,0.574,1.357,16750,10752,5998,36,17,17,1273000,34824,13,15,0
223,0.034,0.449,0.015,0.498,0.739,16750,10752,5998,36,17,17,1273000,34824,13,15,0
224,0.045,1.445,0.012,1.501,0.665,16750,10752,5998,36,17,17,1273000,34824,13,15,0
225,0.047,3.748,0.012,3.807,1.706,16750,10752,5998,36,17,17,1273000,34824,13,15,0
226,0.045,4.185,0.026,4.256,3.988,16750,10752,5998,36,17,17,1273000,34824,13,15,0
227,0.061,12.418,0.012,12.491,4.476,16750,10752,5998,36,17,17,1273000,34824,13,15,0
228,0.047,7.549,0.015,7.611,12.723,16750,10752,5998,36,17,17,1273000,34824,13,15,0
229,0.051,1.049,0.018,1.117,7.822,16750,10752,5998,36,17,17,1273000,34824,13,15,0
230,0.038,0.437,0.019,0.494,1.320,16750,10752,5998,36,17,17,1273000,34824,13,15,0
231,0.040,0.391,0.020,0.451,0.688,16750,10752,5998,36,17,17,1273000,34824,13,15,0
232,0.050,2.042,0.015,2.106,0.647,16750,10752,5998,36,17,17,1273000,34824,13,15,0
233,0.059,3.032,0.010,3.101,2.321,16750,10752,5998,36,17,17,1273000,34824,13,15,0
234,0.040,4.270,0.036,4.346,3.307,16750,10752,5998,36,17,17,1273000,34824,13,15,0
235,0.081,12.461,0.032,12.575,4.605,16750,10752,5998,36,17,17,1273000,34824,13,15,0
236,0.068,7.442,0.019,7.529,12.852,16750,10752,5998,36,17,17,1273000,34824,13,15,0
237,0.064,6.338,0.164,6.567,7.774,16750,10752,5998,36,17,17,1273000,34824,13,15,0
238,0.040,0.355,0.014,0.409,6.830,16750,10752,5998,36,17,17,1273000,34824,13,15,0
239,0.028,10.547,0.051,10.626,0.562,16750,10752,5998,36,17,17,1273000,34824,13,15,0
240,14.966,0.667,0.024,15.656,4.558,16644,10688,5956,36,17,17,1264944,33984,13,15,0
241,2.954,0.445,0.016,3.415,15.791,16644,10688,5956,36,17,17,1264944,33984,13,15,0
242,4.625,0.477,0.013,5.115,3.561,16644,10688,5956,36,17,17,1264944,33984,13,15,0
243,0.025,3.867,0.010,3.902,5.251,16644,10688,5956,36,17,17,1264944,33984,13,15,0
244,0.041,8.798,0.009,8.848,4.010,16644,10688,5956,36,17,17,1264944,33984,13,15,0
245,0.048,7.874,0.014,7.935,8.973,16644,10688,5956,36,17,17,1264944,33984,13,15,0
246,0.044,7.868,0.015,7.927,8.057,16644,10688,5956,36,17,17,1264944,33984,13,15,0
247,0.039,8.018,0.012,8.069,8.047,16644,10688,5956,36,17,17,1264944,33984,13,15,0
248,0.039,1.149,0.018,1.206,8.200,16644,10688,5956,36,17,17,1264944,33984,13,15,0
249,0.033,0.581,0.014,0.628,1.343,16644,10688,5956,36,17,17,1264944,33984,13,15,0
250,0.027,2.069,0.012,2.108,0.738,16644,10688,5956,36,17,17,1264944,33984,13,15,0
251,0.034,4.162,0.014,4.209,2.220,16644,10688,5956,36,17,17,1264944,33984,13,15,0
252,0.035,4.699,0.009,4.743,4.329,16644,10688,5956,36,17,17,1264944,33984,13,15,0
253,0.045,12.013,0.012,12.070,4.867,16644,10688,5956,36,17,17,1264944,33984,13,15,0
254,0.042,7.497,0.009,7.547,12.211,16644,10688,5956,36,17,17,1264944,33984,13,15,0
255,0.038,1.087,0.011,1.135,7.700,16644,10688,5956,36,17,17,1264944,33984,13,15,0
256,0.031,0.538,0.009,0.577,1.283,16644,10688,5956,36,17,17,1264944,33984,13,15,0
257,0.028,0.445,0.012,0.486,0.712,16644,10688,5956,36,17,17,1264944,33984,13,15,0
258,0.038,2.035,0.012,2.086,0.614,16644,10688,5956,36,17,17,1264944,33984,13,15,0
259,0.040,3.314,0.012,3.366,2.216,16644,10688,5956,36,17,17,1264944,33984,13,15,0
260,0.030,1.886,0.008,1.924,3.523,16644,10688,5956,36,17,17,1264944,33984,13,15,0
261,0.063,14.752,0.010,14.826,2.078,16644,10688,5956,36,17,17,1264944,33984,13,15,0
262,0.049,7.949,0.009,8.007,14.973,16644,10688,5956,36,17,17,1264944,33984,13,15,0
263,0.043,0.991,0.014,1.047,8.164,16644,10688,5956,36,17,17,1264944,33984,13,15,0
264,0.037,0.501,0.012,0.549,1.203,16644,10688,5956,36,17,17,1264944,33984,13,15,0
265,0.034,1.738,0.011,1.782,0.683,16644,10688,5956,36,17,17,1264944,33984,13,15,0
266,0.034,0.938,0.010,0.982,1.937,16644,10688,5956,36,17,17,1264944,33984,13,15,0
267,0.041,3.043,0.011,3.095,1.122,16644,10688,5956,36,17,17,1264944,33984,13,15,0
268,0.031,1.865,0.009,1.904,3.251,16644,10688,5956,36,17,17,1264944,33984,13,15,0
269,0.046,14.847,0.010,14.903,2.071,16644,10688,5956,36,17,17,1264944,33984,13,15,0
270,0.064,7.923,0.010,7.997,15.074,16644,10688,5956,36,17,17,1264944,33984,13,15,0
271,0.057,0.870,0.014,0.940,8.193,16644,10688,5956,36,17,17,1264944,33984,13,15,0
272,0.048,0.448,0.022,0.518,1.112,16644,10688,5956,36,17,17,1264944,33984,13,15,0
273,0.034,0.392,0.022,0.449,0.679,16644,10688,5956,36,17,17,1264944,33984,13,15,0
274,0.040,1.809,0.013,1.861,0.631,16644,10688,5956,36,17,17,1264944,33984,13,15,0
275,0.047,3.286,0.017,3.351,2.047,16644,10688,5956,36,17,17,1264944,33984,13,15,0
276,0.038,2.955,0.010,3.002,3.527,16644,10688,5956,36,17,17,1264944,33984,13,15,0
277,0.043,13.778,0.014,13.835,3.194,16644,10688,5956,36,17,17,1264944,33984,13,15,0
278,0.048,8.064,0.016,8.127,14.008,16644,10688,5956,36,17,17,1264944,33984,13,15,0
279,0.053,1.223,0.017,1.293,8.350,16644,10688,5956,36,17,17,1264944,33984,13,15,0
280,0.048,1.241,0.021,1.310,1.501,16644,10688,5956,36,17,17,1264944,33984,13,15,0
281,0.042,0.389,0.016,0.447,1.511,16644,10688,5956,36,17,17,1264944,33984,13,15,0
282,0.041,0.348,0.015,0.404,0.642,16644,10688,5956,36,17,17,1264944,33984,13,15,0
283,0.056,4.763,0.013,4.832,0.606,16644,10688,5956,36,17,17,1264944,33984,13,15,0
284,0.048,7.522,0.016,7.585,5.007,16644,10688,5956,36,17,17,1264944,33984,13,15,0
285,0.054,8.154,0.016,8.224,7.792,16644,10688,5956,36,17,17,1264944,33984,13,15,0
286,0.051,7.405,0.016,7.472,8.427,16644,10688,5956,36,17,17,1264944,33984,13,15,0
287,0.053,0.872,0.017,0.942,7.681,16644,10688,5956,36,17,17,1264944,33984,13,15,0
288,0.056,0.453,0.010,0.519,1.148,16644,10688,5956,36,17,17,1264944,33984,13,15,0
289,0.039,0.555,0.014,0.608,0.713,16644,10688,5956,36,17,17,1264944,33984,13,15,0
290,0.043,1.000,0.018,1.060,0.826,16644,10688,5956,36,17,17,1264944,33984,13,15,0
291,0.040,4.039,0.015,4.093,1.263,16644,10688,5956,36,17,17,1264944,33984,13,15,0
292,0.054,2.991,0.016,3.061,4.292,16644,10688,5956,36,17,17,1264944,33984,13,15,0
293,0.039,13.812,0.029,13.879,3.281,16644,10688,5956,36,17,17,1264944,33984,13,15,0
294,0.059,7.566,0.016,7.642,14.139,16644,10688,5956,36,17,17,1264944,33984,13,15,0
295,0.098,1.345,0.029,1.472,7.907,16644,10688,5956,36,17,17,1264944,33984,13,15,0
296,0.213,0.848,0.019,1.079,1.922,16644,10688,5956,36,17,17,1264944,33984,13,15,0
297,0.055,0.480,0.015,0.549,1.319,16644,10688,5956,36,17,17,1264944,33984,13,15,0
298,0.047,1.412,0.012,1.471,0.786,16644,10688,5956,36,17,17,1264944,33984,13,15,0
299,0.060,12.536,0.066,12.662,1.731,16644,10688,5956,36,17,17,1264944,33984,13,15,0
300,0.241,6.164,0.035,6.441,13.133,16644,10688,5956,36,17,17,1264944,33984,13,15,0
301,0.221,7.586,0.023,7.829,6.872,16644,10688,5956,36,17,17,1264944,33984,13,15,0
302,0.154,0.856,0.029,1.038,8.284,16644,10688,5956,36,17,17,1264944,33984,13,15,0
303,0.176,0.839,0.023,1.037,1.442,16644,10688,5956,36,17,17,1264944,33984,13,15,0
304,0.106,0.941,0.016,1.063,1.325,16644,10688,5956,36,17,17,1264944,33984,13,15,0
305,0.064,1.790,0.026,1.880,1.295,16644,10688,5956,36,17,17,1264944,33984,13,15,0
306,0.052,3.306,0.016,3.373,2.126,16644,10688,5956,36,17,17,1264944,33984,13,15,0
307,0.059,15.629,0.059,15.747,3.615,16644,10688,5956,36,17,17,1264944,33984,13,15,0
308,0.224,6.721,0.062,7.007,16.369,16644,10688,5956,36,17,17,1264944,33984,13,15,0
309,0.191,11.189,0.044,11.424,7.526,16644,10688,5956,36,17,17,1264944,33984,13,15,0
310,0.212,6.202,0.046,6.459,12.195,16644,10688,5956,36,17,17,1264944,33984,13,15,0
311,0.193,4.979,0.066,5.238,6.856,16644,10688,5956,36,17,17,1264944,33984,13,15,0
312,0.170,7.818,0.051,8.038,5.751,16644,10688,5956,36,17,17,1264944,33984,13,15,0
313,0.226,0.881,0.037,1.145,8.679,16644,10688,5956,36,17,17,1264944,33984,13,15,0
314,0.097,3.443,0.055,3.594,1.456,16644,10688,5956,36,17,17,1264944,33984,13,15,0
315,0.165,1.207,0.029,1.401,4.238,16644,10688,5956,36,17,17,1264944,33984,13,15,0
316,0.089,9.030,0.065,9.185,1.667,16644,10688,5956,36,17,17,1264944,33984,13,15,0
317,0.151,7.590,0.048,7.788,9.693,16644,10688,5956,36,17,17,1264944,33984,13,15,0
318,0.227,7.619,0.052,7.897,8.386,16644,10688,5956,36,17,17,1264944,33984,13,15,0
319,0.168,7.047,0.047,7.262,8.376,16644,10688,5956,36,17,17,1264944,33984,13,15,0
320,0.194,3.461,0.027,3.682,7.733,16644,10688,5956,36,17,17,1264944,33984,13,15,0
321,0.135,12.497,0.052,12.685,4.026,16644,10688,5956,36,17,17,1264944,33984,13,15,0
322,0.175,7.314,0.043,7.533,13.250,16644,10688,5956,36,17,17,1264944,33984,13,15,0
323,0.246,0.890,0.046,1.183,8.129,16644,10688,5956,36,17,17,1264944,33984,13,15,0
324,0.108,1.356,0.058,1.522,1.529,16644,10688,5956,36,17,17,1264944,33984,13,15,0
325,0.272,3.150,0.053,3.476,1.953,16644,10688,5956,36,17,17,1264944,33984,13,15,0
326,0.201,6.294,0.041,6.536,3.883,16644,10688,5956,36,17,17,1264944,33984,13,15,0
327,0.221,9.992,0.053,10.266,6.943,16644,10688,5956,36,17,17,1264944,33984,13,15,0
328,0.215,7.498,0.042,7.755,10.927,16644,10688,5956,36,17,17,1264944,33984,13,15,0
329,0.217,0.871,0.037,1.125,8.357,16644,10688,5956,36,17,17,1264944,33984,13,15,0
330,0.096,1.702,0.034,1.833,1.427,16644,10688,5956,36,17,17,1264944,33984,13,15,0
331,0.177,3.466,0.042,3.685,2.229,16644,10688,5956,36,17,17,1264944,33984,13,15,0
332,0.293,6.603,0.057,6.953,4.095,16644,10688,5956,36,17,17,1264944,33984,13,15,0
333,0.292,8.598,0.057,8.947,7.426,16644,10688,5956,36,17,17,1264944,33984,13,15,0
334,0.169,7.386,0.042,7.597,9.476,16644,10688,5956,36,17,17,1264944,33984,13,15,0
335,0.212,0.762,0.031,1.005,8.172,16644,10688,5956,36,17,17,1264944,33984,13,15,0
336,0.087,1.538,0.014,1.639,1.276,16644,10688,5956,36,17,17,1264944,33984,13,15,0
337,0.062,2.686,0.018,2.766,1.901,16644,10688,5956,36,17,17,1264944,33984,13,15,0
338,0.078,6.416,0.054,6.548,3.026,16644,10688,5956,36,17,17,1264944,33984,13,15,0
339,0.274,11.484,0.061,11.818,6.953,16644,10688,5956,36,17,17,1264944,33984,13,15,0
340,0.172,6.900,0.041,7.113,12.326,16644,10688,5956,36,17,17,1264944,33984,13,15,0
341,0.174,0.852,0.032,1.058,7.723,16644,10688,5956,36,17,17,1264944,33984,13,15,0
342,0.124,1.018,0.020,1.162,1.367,16644,10688,5956,36,17,17,1264944,33984,13,15,0
343,0.055,0.512,0.025,0.593,1.414,16644,10688,5956,36,17,17,1264944,33984,13,15,0
344,0.056,11.914,0.020,11.990,0.829,16644,10688,5956,36,17,17,1264944,33984,13,15,0
345,0.078,8.852,0.062,8.992,12.235,16644,10688,5956,36,17,17,1264944,33984,13,15,0
346,0.291,6.628,0.016,6.934,9.519,16644,10688,5956,36,17,17,1264944,33984,13,15,0
347,0.083,1.058,0.021,1.162,7.201,16644,10688,5956,36,17,17,1264944,33984,13,15,0
348,0.052,0.502,0.028,0.583,1.443,16644,10688,5956,36,17,17,1264944,33984,13,15,0
349,0.053,5.375,0.020,5.447,0.808,16644,10688,5956,36,17,17,1264944,33984,13,15,0
350,0.100,4.055,0.020,4.175,5.706,16644,10688,5956,36,17,17,1264944,33984,13,15,0
351,0.070,13.409,0.072,13.551,4.418,16644,10688,5956,36,17,17,1264944,33984,13,15,0
352,0.315,6.847,0.041,7.203,14.107,16644,10688,5956,36,17,17,1264944,33984,13,15,0
353,0.193,0.926,0.031,1.150,8.006,16644,10688,5956,36,17,17,1264944,33984,13,15,0
354,0.118,0.675,0.019,0.812,1.434,16644,10688,5956,36,17,17,1264944,33984,13,15,0
355,0.059,3.716,0.017,3.792,1.066,16644,10688,5956,36,17,17,1264944,33984,13,15,0
356,0.058,3.769,0.013,3.841,3.999,16644,10688,5956,36,17,17,1264944,33984,13,15,0
357,0.060,12.826,0.014,12.900,4.053,16644,10688,5956,36,17,17,1264944,33984,13,15,0
358,0.064,8.588,0.064,8.716,13.177,16644,10688,5956,36,17,17,1264944,33984,13,15,0
359,0.270,0.992,0.033,1.295,9.368,16644,10688,5956,36,17,17,1264944,33984,13,15,0
360,0.192,0.624,117.983,118.799,1.679,16644,10688,5956,36,17,17,1264944,33984,13,15,0
361,0.107,0.418,0.014,0.539,118.912,16644,10688,5956,36,17,17,1264944,33984,13,15,0
362,0.040,2.709,0.013,2.762,0.636,16644,10688,5956,36,17,17,1264944,33984,13,15,0
363,0.046,6.940,0.012,6.998,2.876,16644,10688,5956,36,17,17,1264944,33984,13,15,0
364,0.039,1.215,0.016,1.270,7.097,16644,10688,5956,36,17,17,1264944,33984,13,15,0
365,0.023,1.156,0.014,1.193,1.379,16644,10688,5956,36,17,17,1264944,33984,13,15,0
366,0.023,1.447,0.009,1.479,1.291,16644,10688,5956,36,17,17,1264944,33984,13,15,0
367,0.031,3.992,0.008,4.032,1.571,16644,10688,5956,36,17,17,1264944,33984,13,15,0
368,0.034,4.504,0.009,4.547,4.140,16644,10688,5956,36,17,17,1264944,33984,13,15,0
369,0.030,4.019,0.008,4.056,4.649,16644,10688,5956,36,17,17,1264944,33984,13,15,0
370,0.029,7.844,0.006,7.879,4.160,16644,10688,5956,36,17,17,1264944,33984,13,15,0
371,0.028,1.137,0.015,1.180,7.988,16644,10688,5956,36,17,17,1264944,33984,13,15,0
372,0.035,0.516,0.010,0.562,1.313,16644,10688,5956,36,17,17,1264944,33984,13,15,0
373,0.025,1.822,0.009,1.856,0.657,16644,10688,5956,36,17,17,1264944,33984,13,15,0
374,0.027,3.251,0.008,3.287,1.954,16644,10688,5956,36,17,17,1264944,33984,13,15,0
375,0.031,0.676,0.008,0.714,3.401,16644,10688,5956,36,17,17,1264944,33984,13,15,0
376,0.028,1.286,0.009,1.323,0.815,16644,10688,5956,36,17,17,1264944,33984,13,15,0
377,0.032,2.140,0.009,2.181,1.422,16644,10688,5956,36,17,17,1264944,33984,13,15,0
378,0.027,3.387,0.008,3.422,2.281,16644,10688,5956,36,17,17,1264944,33984,13,15,0
379,0.032,0.942,0.009,0.983,3.541,16644,10688,5956,36,17,17,1264944,33984,13,15,0
380,0.033,3.215,0.009,3.257,1.087,16644,10688,5956,36,17,17,1264944,33984,13,15,0
381,0.029,13.819,0.008,13.856,3.366,16644,10688,5956,36,17,17,1264944,33984,13,15,0
382,0.033,7.870,0.012,7.916,13.971,16644,10688,5956,36,17,17,1264944,33984,13,15,0
383,0.032,1.027,0.015,1.074,8.038,16644,10688,5956,36,17,17,1264944,33984,13,15,0
384,0.026,0.511,0.012,0.549,1.195,16644,10688,5956,36,17,17,1264944,33984,13,15,0
385,0.027,2.054,0.009,2.090,0.656,16644,10688,5956,36,17,17,1264944,33984,13,15,0
386,0.036,2.800,0.014,2.850,2.203,16644,10688,5956,36,17,17,1264944,33984,13,15,0
387,0.027,0.839,0.008,0.874,2.972,16644,10688,5956,36,17,17,1264944,33984,13,15,0
388,0.031,3.034,0.008,3.072,0.988,16644,10688,5956,36,17,17,1264944,33984,13,15,0
389,0.023,13.861,0.011,13.896,3.191,16644,10688,5956,36,17,17,1264944,33984,13,15,0
390,0.035,7.822,0.007,7.864,14.021,16644,10688,5956,36,17,17,1264944,33984,13,15,0
391,0.033,1.139,0.011,1.183,7.999,16644,10688,5956,36,17,17,1264944,33984,13,15,0
392,0.032,0.462,0.016,0.510,1.319,16644,10688,5956,36,17,17,1264944,33984,13,15,0
393,0.034,1.692,0.010,1.736,0.640,16644,10688,5956,36,17,17,1264944,33984,13,15,0
394,0.027,2.693,0.011,2.730,1.881,16644,10688,5956,36,17,17,1264944,33984,13,15,0
395,0.038,1.265,0.011,1.313,2.872,16644,10688,5956,36,17,17,1264944,33984,13,15,0
396,0.028,3.217,0.008,3.254,1.447,16644,10688,5956,36,17,17,1264944,33984,13,15,0
397,0.050,13.707,0.010,13.767,3.402,16644,10688,5956,36,17,17,1264944,33984,13,15,0
398,0.035,7.784,0.009,7.827,13.922,16644,10688,5956,36,17,17,1264944,33984,13,15,0
399,0.037,0.993,0.017,1.047,7.985,16644,10688,5956,36,17,17,1264944,33984,13,15,0
400,0.037,0.511,0.013,0.560,1.193,16644,10688,5956,36,17,17,1264944,33984,13,15,0
401,0.036,0.675,0.013,0.724,0.711,16644,10688,5956,36,17,17,1264944,33984,13,15,0
402,0.030,1.672,0.014,1.716,0.864,16644,10688,5956,36,17,17,1264944,33984,13,15,0
403,0.040,3.826,0.010,3.876,1.874,16644,10688,5956,36,17,17,1264944,33984,13,15,0
404,0.046,3.776,0.012,3.834,4.035,16644,10688,5956,36,17,17,1264944,33984,13,15,0
405,0.038,13.004,0.012,13.054,3.992,16644,10688,5956,36,17,17,1264944,33984,13,15,0
406,0.066,7.331,0.010,7.407,13.235,16644,10688,5956,36,17,17,1264944,33984,13,15,0
407,0.049,0.914,0.018,0.980,7.587,16644,10688,5956,36,17,17,1264944,33984,13,15,0
408,0.034,0.399,0.014,0.447,1.156,16644,10688,5956,36,17,17,1264944,33984,13,15,0
409,0.040,2.534,0.026,2.600,0.611,16644,10688,5956,36,17,17,1264944,33984,13,15,0
410,0.128,0.764,0.019,0.911,2.808,16644,10688,5956,36,17,17,1264944,33984,13,15,0
411,0.049,11.186,0.014,11.249,1.091,16644,10688,5956,36,17,17,1264944,33984,13,15,0
412,0.062,8.421,0.012,8.495,11.426,16644,10688,5956,36,17,17,1264944,33984,13,15,0
413,0.055,7.756,0.018,7.828,8.669,16644,10688,5956,36,17,17,1264944,33984,13,15,0
414,0.050,1.340,0.012,1.402,8.029,16644,10688,5956,36,17,17,1264944,33984,13,15,0
415,0.042,0.432,0.019,0.492,1.625,16644,10688,5956,36,17,17,1264944,33984,13,15,0
416,0.041,0.352,0.024,0.417,0.690,16644,10688,5956,36,17,17,1264944,33984,13,15,0
417,0.039,1.845,0.017,1.901,0.603,16644,10688,5956,36,17,17,1264944,33984,13,15,0
418,0.058,3.488,0.014,3.559,2.091,16644,10688,5956,36,17,17,1264944,33984,13,15,0
419,0.051,16.062,0.014,16.127,3.776,16644,10688,5956,36,17,17,1264944,33984,13,15,0
420,0.088,7.792,0.034,7.914,16.335,16644,10688,5956,36,17,17,1264944,33984,13,15,0
421,0.061,0.823,0.016,0.901,8.166,16644,10688,5956,36,17,17,1264944,33984,13,15,0
422,0.049,0.469,0.032,0.550,1.140,16644,10688,5956,36,17,17,1264944,33984,13,15,0
423,0.054,2.760,0.024,2.838,0.778,16644,10688,5956,36,17,17,1264944,33984,13,15,0
424,0.089,2.792,0.017,2.898,3.094,16644,10688,5956,36,17,17,1264944,33984,13,15,0
425,0.042,3.671,0.026,3.739,3.101,16644,10688,5956,36,17,17,1264944,33984,13,15,0
426,0.055,12.863,0.014,12.932,3.951,16644,10688,5956,36,17,17,1264944,33984,13,15,0
427,0.074,8.373,0.041,8.488,13.192,16644,10688,5956,36,17,17,1264944,33984,13,15,0
428,0.190,0.784,0.030,1.003,9.139,16644,10688,5956,36,17,17,1264944,33984,13,15,0
429,0.156,0.742,0.019,0.916,1.326,16644,10688,5956,36,17,17,1264944,33984,13,15,0
430,0.050,0.711,0.021,0.782,1.145,16644,10688,5956,36,17,17,1264944,33984,13,15,0
431,0.062,0.485,0.021,0.567,1.016,16644,10688,5956,36,17,17,1264944,33984,13,15,0
432,0.081,11.413,0.019,11.513,0.804,16644,10688,5956,36,17,17,1264944,33984,13,15,0
433,0.069,9.371,0.065,9.505,11.770,16644,10688,5956,36,17,17,1264944,33984,13,15,0
434,0.231,5.608,0.016,5.856,10.012,16644,10688,5956,36,17,17,1264944,33984,13,15,0
435,0.083,0.985,0.019,1.087,6.110,16644,10688,5956,36,17,17,1264944,33984,13,15,0
436,0.053,0.525,0.031,0.609,1.340,16644,10688,5956,36,17,17,1264944,33984,13,15,0
437,0.057,0.685,0.025,0.766,0.841,16644,10688,5956,36,17,17,1264944,33984,13,15,0
438,0.055,1.463,0.033,1.550,0.995,16644,10688,5956,36,17,17,1264944,33984,13,15,0
439,0.063,2.586,0.016,2.666,1.783,16644,10688,5956,36,17,17,1264944,33984,13,15,0
440,0.049,3.006,0.021,3.075,2.911,16644,10688,5956,36,17,17,1264944,33984,13,15,0
441,0.072,14.355,0.066,14.493,3.352,16644,10688,5956,36,17,17,1264944,33984,13,15,0
442,0.235,7.126,0.033,7.394,15.080,16644,10688,5956,36,17,17,1264944,33984,13,15,0
443,0.183,0.928,0.038,1.148,8.021,16644,10688,5956,36,17,17,1264944,33984,13,15,0
444,0.175,1.244,0.032,1.451,1.461,16644,10688,5956,36,17,17,1264944,33984,13,15,0
445,0.160,1.185,0.023,1.368,1.891,16644,10688,5956,36,17,17,1264944,33984,13,15,0
446,0.174,0.733,0.029,0.936,1.805,16644,10688,5956,36,17,17,1264944,33984,13,15,0
447,0.049,3.494,0.020,3.564,1.172,16644,10688,5956,36,17,17,1264944,33984,13,15,0
448,0.068,14.722,0.067,14.857,3.856,16644,10688,5956,36,17,17,1264944,33984,13,15,0
449,0.278,7.033,0.037,7.347,15.390,16644,10688,5956,36,17,17,1264944,33984,13,15,0
450,0.179,0.882,0.033,1.094,7.995,16644,10688,5956,36,17,17,1264944,33984,13,15,0
451,0.119,0.982,0.031,1.132,1.419,16644,10688,5956,36,17,17,1264944,33984,13,15,0
452,0.159,1.619,0.019,1.797,1.711,16644,10688,5956,36,17,17,1264944,33984,13,15,0
453,0.065,4.510,0.033,4.608,2.041,16644,10688,5956,36,17,17,1264944,33984,13,15,0
454,0.282,14.319,0.057,14.658,4.972,16644,10688,5956,36,17,17,1264944,33984,13,15,0
455,0.189,7.038,0.048,7.274,15.152,16644,10688,5956,36,17,17,1264944,33984,13,15,0
456,0.242,0.983,0.054,1.279,7.751,16644,10688,5956,36,17,17,1264944,33984,13,15,0
457,0.127,0.956,0.029,1.113,1.607,16644,10688,5956,36,17,17,1264944,33984,13,15,0
458,0.132,0.574,0.028,0.734,1.763,16644,10688,5956,36,17,17,1264944,33984,13,15,0
459,0.050,3.341,0.023,3.414,0.971,16644,10688,5956,36,17,17,1264944,33984,13,15,0
460,0.065,3.811,0.022,3.897,3.665,16644,10688,5956,36,17,17,1264944,33984,13,15,0
461,0.062,12.718,0.066,12.845,4.171,16644,10688,5956,36,17,17,1264944,33984,13,15,0
462,0.284,6.972,0.064,7.320,13.366,16644,10688,5956,36,17,17,1264944,33984,13,15,0
463,0.188,0.960,0.040,1.187,8.117,16644,10688,5956,36,17,17,1264944,33984,13,15,0
464,0.169,1.093,0.029,1.291,1.714,16644,10688,5956,36,17,17,1264944,33984,13,15,0
465,0.151,1.117,0.022,1.289,1.632,16644,10688,5956,36,17,17,1264944,33984,13,15,0
466,0.064,1.103,0.020,1.187,1.548,16644,10688,5956,36,17,17,1264944,33984,13,15,0
467,0.050,3.076,0.012,3.138,1.433,16644,10688,5956,36,17,17,1264944,33984,13,15,0
468,0.060,16.834,0.074,16.969,3.417,16644,10688,5956,36,17,17,1264944,33984,13,15,0
469,0.287,4.939,0.037,5.264,17.455,16644,10688,5956,36,17,17,1264944,33984,13,15,0
470,0.240,0.867,0.032,1.139,5.743,16644,10688,5956,36,17,17,1264944,33984,13,15,0
471,0.097,2.823,0.025,2.945,1.460,16644,10688,5956,36,17,17,1264944,33984,13,15,0
472,0.158,1.008,0.026,1.191,3.288,16644,10688,5956,36,17,17,1264944,33984,13,15,0
473,0.107,2.299,0.019,2.425,1.492,16644,10688,5956,36,17,17,1264944,33984,13,15,0
474,0.068,7.899,0.075,8.042,2.683,16644,10688,5956,36,17,17,1264944,33984,13,15,0
475,0.271,6.804,0.020,7.096,8.596,16644,10688,5956,36,17,17,1264944,33984,13,15,0
476,0.117,7.963,0.052,8.132,7.368,16644,10688,5956,36,17,17,1264944,33984,13,15,0
477,0.228,0.918,0.030,1.176,8.657,16644,10688,5956,36,17,17,1264944,33984,13,15,0
478,0.092,1.341,0.033,1.466,1.439,16644,10688,5956,36,17,17,1264944,33984,13,15,0
479,0.156,1.844,0.015,2.015,1.811,16644,10688,5956,36,17,17,1264944,33984,13,15,0
480,0.064,1.300,0.023,1.386,2.259,16644,10688,5956,36,17,17,1264944,33984,13,15,0
481,0.057,8.285,0.059,8.401,1.638,16644,10688,5956,36,17,17,1264944,33984,13,15,0
482,0.286,8.407,0.057,8.750,8.898,16644,10688,5956,36,17,17,1264944,33984,13,15,0
483,0.170,7.067,0.032,7.269,9.263,16644,10688,5956,36,17,17,1264944,33984,13,15,0
484,0.226,0.825,0.042,1.092,7.730,16644,10688,5956,36,17,17,1264944,33984,13,15,0
485,0.061,1.130,0.019,1.210,1.480,16644,10688,5956,36,17,17,1264944,33984,13,15,0
486,0.055,3.616,0.020,3.691,1.460,16644,10688,5956,36,17,17,1264944,33984,13,15,0
487,0.063,8.022,0.068,8.154,3.943,16644,10688,5956,36,17,17,1264944,33984,13,15,0
488,0.291,11.513,0.055,11.860,8.636,16644,10688,5956,36,17,17,1264944,33984,13,15,0
489,0.256,7.102,0.067,7.426,12.388,16644,10688,5956,36,17,17,1264944,33984,13,15,0
490,0.214,4.798,0.021,5.032,8.010,16644,10688,5956,36,17,17,1264944,33984,13,15,0
491,0.068,8.054,0.018,8.140,5.279,16644,10688,5956,36,17,17,1264944,33984,13,15,0
492,0.070,8.705,0.068,8.843,8.393,16644,10688,5956,36,17,17,1264944,33984,13,15,0
493,0.329,7.012,0.048,7.389,9.442,16644,10688,5956,36,17,17,1264944,33984,13,15,0
494,0.191,0.875,0.026,1.093,7.960,16644,10688,5956,36,17,17,1264944,33984,13,15,0
495,0.092,0.914,0.024,1.031,1.341,16644,10688,5956,36,17,17,1264944,33984,13,15,0
496,0.064,2.896,0.026,2.985,1.269,16644,10688,5956,36,17,17,1264944,33984,13,15,0
497,0.070,5.967,0.048,6.086,3.256,16644,10688,5956,36,17,17,1264944,33984,13,15,0
498,0.293,12.600,0.062,12.955,6.440,16644,10688,5956,36,17,17,1264944,33984,13,15,0
499,0.188,7.097,0.061,7.346,13.436,16644,10688,5956,36,17,17,1264944,33984,13,15,0
500,0.204,0.899,0.035,1.138,8.028,16644,10688,5956,36,17,17,1264944,33984,13,15,0
501,0.096,1.508,0.035,1.638,1.432,16644,10688,5956,36,17,17,1264944,33984,13,15,0
502,0.186,2.988,0.041,3.214,2.023,16644,10688,5956,36,17,17,1264944,33984,13,15,0
503,0.203,5.886,0.059,6.147,3.557,16644,10688,5956,36,17,17,1264944,33984,13,15,0
504,0.183,10.674,0.060,10.917,6.709,16644,10688,5956,36,17,17,1264944,33984,13,15,0
505,0.174,6.975,0.048,7.196,11.466,16644,10688,5956,36,17,17,1264944,33984,13,15,0
506,0.233,0.850,0.035,1.118,7.795,16644,10688,5956,36,17,17,1264944,33984,13,15,0
507,0.094,1.240,0.026,1.360,1.442,16644,10688,5956,36,17,17,1264944,33984,13,15,0
508,0.124,2.014,0.026,2.165,1.700,16644,10688,5956,36,17,17,1264944,33984,13,15,0
509,0.241,1.744,0.021,2.006,2.609,16644,10688,5956,36,17,17,1264944,33984,13,15,0
510,0.057,4.971,0.075,5.103,2.261,16644,10688,5956,36,17,17,1264944,33984,13,15,0
511,0.327,10.871,0.058,11.255,5.535,16644,10688,5956,36,17,17,1264944,33984,13,15,0
512,0.182,7.446,0.058,7.686,11.753,16644,10688,5956,36,17,17,1264944,33984,13,15,0
513,0.196,0.954,0.038,1.188,8.471,16644,10688,5956,36,17,17,1264944,33984,13,15,0
514,0.265,1.166,0.033,1.464,1.630,16644,10688,5956,36,17,17,1264944,33984,13,15,0
515,0.293,1.170,0.023,1.487,2.219,16644,10688,5956,36,17,17,1264944,33984,13,15,0
516,0.069,9.379,0.018,9.466,1.751,16644,10688,5956,36,17,17,1264944,33984,13,15,0
517,0.064,8.774,0.066,8.905,9.715,16644,10688,5956,36,17,17,1264944,33984,13,15,0
518,0.277,7.051,0.039,7.366,9.418,16644,10688,5956,36,17,17,1264944,33984,13,15,0
519,0.181,0.870,0.048,1.099,7.976,16644,10688,5956,36,17,17,1264944,33984,13,15,0
520,0.053,0.784,0.017,0.854,1.343,16644,10688,5956,36,17,17,1264944,33984,13,15,0
521,0.051,1.328,0.045,1.424,1.094,16644,10688,5956,36,17,17,1264944,33984,13,15,0
522,0.233,2.328,0.027,2.588,1.785,16644,10688,5956,36,17,17,1264944,33984,13,15,0
523,0.062,3.271,0.013,3.345,2.844,16644,10688,5956,36,17,17,1264944,33984,13,15,0
524,0.067,13.098,0.018,13.183,3.607,16644,10688,5956,36,17,17,1264944,33984,13,15,0
525,0.082,8.224,0.066,8.372,13.433,16644,10688,5956,36,17,17,1264944,33984,13,15,0
526,0.189,0.879,0.048,1.116,8.781,16644,10688,5956,36,17,17,1264944,33984,13,15,0
527,0.146,1.064,0.018,1.228,1.549,16644,10688,5956,36,17,17,1264944,33984,13,15,0
528,0.057,0.726,0.012,0.795,1.483,16644,10688,5956,36,17,17,1264944,33984,13,15,0
529,0.078,13.478,0.062,13.618,1.039,16644,10688,5956,36,17,17,1264944,33984,13,15,0
530,0.081,6.475,0.029,6.585,14.108,16644,10688,5956,36,17,17,1264944,33984,13,15,0
531,0.314,7.432,0.022,7.768,6.986,16644,10688,5956,36,17,17,1264944,33984,13,15,0
532,0.065,1.401,0.021,1.486,8.009,16644,10688,5956,36,17,17,1264944,33984,13,15,0
533,0.058,0.535,0.018,0.612,1.737,16644,10688,5956,36,17,17,1264944,33984,13,15,0
534,0.049,0.544,0.029,0.621,0.845,16644,10688,5956,36,17,17,1264944,33984,13,15,0
535,0.058,1.553,0.026,1.636,0.855,16644,10688,5956,36,17,17,1264944,33984,13,15,0
536,0.064,4.904,0.046,5.014,1.868,16644,10688,5956,36,17,17,1264944,33984,13,15,0
537,0.247,16.453,0.061,16.761,5.346,16644,10688,5956,36,17,17,1264944,33984,13,15,0
538,0.206,5.387,0.054,5.647,17.289,16644,10688,5956,36,17,17,1264944,33984,13,15,0
539,0.188,1.149,0.029,1.366,6.108,16644,10688,5956,36,17,17,1264944,33984,13,15,0
540,0.114,1.976,118.393,120.482,1.692,16644,10688,5956,36,17,17,1264944,33984,13,15,0
541,0.058,0.327,0.011,0.395,120.581,16644,10688,5956,36,17,17,1264944,33984,13,15,0
542,0.032,4.923,0.013,4.969,0.495,16644,10688,5956,36,17,17,1264944,33984,13,15,0
543,0.043,3.518,0.008,3.569,5.079,16644,10688,5956,36,17,17,1264944,33984,13,15,0
544,0.024,1.489,0.008,1.522,3.669,16644,10688,5956,36,17,17,1264944,33984,13,15,0
545,0.027,1.938,0.009,1.975,1.624,16644,10688,5956,36,17,17,1264944,33984,13,15,0
546,0.021,1.393,0.007,1.421,2.073,16644,10688,5956,36,17,17,1264944,33984,13,15,0
547,0.020,2.229,0.008,2.257,1.530,16644,10688,5956,36,17,17,1264944,33984,13,15,0
548,0.026,4.966,0.006,4.999,2.356,16644,10688,5956,36,17,17,1264944,33984,13,15,0
549,0.026,5.189,0.008,5.222,5.100,16644,10688,5956,36,17,17,1264944,33984,13,15,0
550,0.025,6.937,0.008,6.970,5.323,16644,10688,5956,36,17,17,1264944,33984,13,15,0
551,0.026,1.076,0.010,1.112,7.073,16644,10688,5956,36,17,17,1264944,33984,13,15,0
552,0.024,1.858,0.008,1.890,1.214,16644,10688,5956,36,17,17,1264944,33984,13,15,0
553,0.021,2.155,0.009,2.186,1.999,16644,10688,5956,36,17,17,1264944,33984,13,15,0
554,0.032,0.372,0.009,0.412,2.287,16644,10688,5956,36,17,17,1264944,33984,13,15,0
555,0.024,2.903,0.007,2.934,0.512,16644,10688,5956,36,17,17,1264944,33984,13,15,0
556,0.029,2.451,0.008,2.487,3.037,16644,10688,5956,36,17,17,1264944,33984,13,15,0
557,0.030,2.049,0.009,2.089,2.597,16644,10688,5956,36,17,17,1264944,33984,13,15,0
558,0.035,6.035,0.014,6.085,2.198,16644,10688,5956,36,17,17,1264944,33984,13,15,0
559,0.041,13.542,0.012,13.595,6.209,16644,10688,5956,36,17,17,1264944,33984,13,15,0
560,0.071,8.006,0.011,8.088,13.708,16644,10688,5956,36,17,17,1264944,33984,13,15,0
561,0.036,0.593,0.011,0.640,8.212,16644,10688,5956,36,17,17,1264944,33984,13,15,0
562,0.026,2.099,0.010,2.135,0.742,16644,10688,5956,36,17,17,1264944,33984,13,15,0
563,0.031,0.219,0.010,0.260,2.243,16644,10688,5956,36,17,17,1264944,33984,13,15,0
564,0.021,3.473,0.007,3.502,0.355,16644,10688,5956,36,17,17,1264944,33984,13,15,0
565,0.027,5.138,0.010,5.174,3.610,16644,10688,5956,36,17,17,1264944,33984,13,15,0
566,0.023,12.640,0.008,12.672,5.282,16644,10688,5956,36,17,17,1264944,33984,13,15,0
567,0.029,7.849,0.011,7.889,12.785,16644,10688,5956,36,17,17,1264944,33984,13,15,0
568,0.025,1.076,0.010,1.110,8.007,16644,10688,5956,36,17,17,1264944,33984,13,15,0
569,0.025,1.921,0.009,1.955,1.234,16644,10688,5956,36,17,17,1264944,33984,13,15,0
570,0.024,1.173,0.007,1.205,2.075,16644,10688,5956,36,17,17,1264944,33984,13,15,0
571,0.024,2.199,0.007,2.229,1.318,16644,10688,5956,36,17,17,1264944,33984,13,15,0
572,0.027,5.480,0.007,5.514,2.347,16644,10688,5956,36,17,17,1264944,33984,13,15,0
573,0.027,12.600,0.009,12.636,5.643,16644,10688,5956,36,17,17,1264944,33984,13,15,0
574,0.026,8.200,0.016,8.243,12.761,16644,10688,5956,36,17,17,1264944,33984,13,15,0
575,0.042,0.917,0.015,0.974,8.392,16644,10688,5956,36,17,17,1264944,33984,13,15,0
576,0.026,1.874,0.009,1.910,1.106,16644,10688,5956,36,17,17,1264944,33984,13,15,0
577,0.032,0.954,0.009,0.995,2.044,16644,10688,5956,36,17,17,1264944,33984,13,15,0
578,0.028,2.189,0.010,2.227,1.126,16644,10688,5956,36,17,17,1264944,33984,13,15,0
579,0.031,5.127,0.013,5.171,2.364,16644,10688,5956,36,17,17,1264944,33984,13,15,0
580,0.027,12.854,0.009,12.890,5.308,16644,10688,5956,36,17,17,1264944,33984,13,15,0
581,0.027,7.817,0.012,7.856,13.031,16644,10688,5956,36,17,17,1264944,33984,13,15,0
582,0.029,1.010,0.012,1.051,8.016,16644,10688,5956,36,17,17,1264944,33984,13,15,0
583,0.030,0.398,0.011,0.439,1.211,16644,10688,5956,36,17,17,1264944,33984,13,15,0
584,0.054,1.599,0.015,1.668,0.594,16644,10688,5956,36,17,17,1264944,33984,13,15,0
585,0.031,1.023,0.015,1.068,1.810,16644,10688,5956,36,17,17,1264944,33984,13,15,0
586,0.037,3.087,0.013,3.136,1.226,16644,10688,5956,36,17,17,1264944,33984,13,15,0
587,0.030,3.282,0.010,3.322,3.278,16644,10688,5956,36,17,17,1264944,33984,13,15,0
588,0.047,13.615,0.013,13.675,3.477,16644,10688,5956,36,17,17,1264944,33984,13,15,0
589,0.035,7.867,0.011,7.914,13.862,16644,10688,5956,36,17,17,1264944,33984,13,15,0
590,0.034,0.973,0.013,1.020,8.094,16644,10688,5956,36,17,17,1264944,33984,13,15,0
591,0.040,0.428,0.015,0.483,1.212,16644,10688,5956,36,17,17,1264944,33984,13,15,0
592,0.034,1.775,0.012,1.822,0.647,16644,10688,5956,36,17,17,1264944,33984,13,15,0
593,0.034,1.071,0.017,1.122,1.999,16644,10688,5956,36,17,17,1264944,33984,13,15,0
594,0.049,11.643,0.012,11.703,1.293,16644,10688,5956,36,17,17,1264944,33984,13,15,0
595,0.040,8.474,0.019,8.533,11.881,16644,10688,5956,36,17,17,1264944,33984,13,15,0
596,0.049,7.650,0.014,7.713,8.766,16644,10688,5956,36,17,17,1264944,33984,13,15,0
597,0.040,1.313,0.020,1.372,7.950,16644,10688,5956,36,17,17,1264944,33984,13,15,0
598,0.049,0.392,0.018,0.459,1.599,16644,10688,5956,36,17,17,1264944,33984,13,15,0
599,0.039,3.081,0.017,3.137,0.641,16644,10688,5956,36,17,17,1264944,33984,13,15,0
600,7.706,0.548,0.010,8.264,8.224,16750,10752,5998,36,17,17,1273000,34824,13,15,0
601,1.226,6.809,0.028,8.062,8.422,16750,10752,5998,36,17,17,1273000,34824,13,15,0
602,5.015,3.015,0.014,8.044,8.234,16750,10752,5998,36,17,17,1273000,34824,13,15,0
603,0.141,8.697,0.019,8.858,8.359,16750,10752,5998,36,17,17,1273000,34824,13,15,0
604,0.057,7.265,0.012,7.335,9.040,16750,10752,5998,36,17,17,1273000,34824,13,15,0
605,0.039,8.145,0.013,8.198,7.511,16750,10752,5998,36,17,17,1273000,34824,13,15,0
606,0.036,4.998,0.013,5.047,8.355,16750,10752,5998,36,17,17,1273000,34824,13,15,0
607,0.034,11.723,0.013,11.771,5.201,16750,10752,5998,36,17,17,1273000,34824,13,15,0
608,0.035,7.786,0.011,7.833,11.952,16750,10752,5998,36,17,17,1273000,34824,13,15,0
609,0.039,1.145,0.017,1.200,8.043,16750,10752,5998,36,17,17,1273000,34824,13,15,0
610,0.041,0.500,0.013,0.554,1.403,16750,10752,5998,36,17,17,1273000,34824,13,15,0
611,0.034,0.477,0.016,0.527,0.728,16750,10752,5998,36,17,17,1273000,34824,13,15,0
612,0.036,1.183,0.015,1.234,0.691,16750,10752,5998,36,17,17,1273000,34824,13,15,0
613,0.034,1.025,0.015,1.074,1.416,16750,10752,5998,36,17,17,1273000,34824,13,15,0
614,0.034,11.053,0.015,11.102,1.270,16750,10752,5998,36,17,17,1273000,34824,13,15,0
615,0.038,8.043,0.011,8.092,11.284,16750,10752,5998,36,17,17,1273000,34824,13,15,0
616,0.041,7.804,0.023,7.868,8.271,16750,10752,5998,36,17,17,1273000,34824,13,15,0
617,0.039,1.096,0.018,1.154,8.083,16750,10752,5998,36,17,17,1273000,34824,13,15,0
618,0.038,0.459,0.017,0.514,1.361,16750,10752,5998,36,17,17,1273000,34824,13,15,0
619,0.042,0.397,0.018,0.458,0.716,16750,10752,5998,36,17,17,1273000,34824,13,15,0
620,0.034,1.859,0.018,1.912,0.641,16750,10752,5998,36,17,17,1273000,34824,13,15,0
621,0.038,3.141,0.022,3.200,2.115,16750,10752,5998,36,17,17,1273000,34824,13,15,0
622,0.037,4.793,0.010,4.840,3.416,16750,10752,5998,36,17,17,1273000,34824,13,15,0
623,0.021,11.677,0.010,11.708,4.964,16750,10752,5998,36,17,17,1273000,34824,13,15,0
624,0.026,7.891,0.008,7.924,11.826,16750,10752,5998,36,17,17,1273000,34824,13,15,0
625,0.020,1.168,0.007,1.195,8.025,16750,10752,5998,36,17,17,1273000,34824,13,15,0
626,0.021,1.254,0.007,1.282,1.286,16750,10752,5998,36,17,17,1273000,34824,13,15,0
627,0.020,1.039,0.005,1.064,1.376,16750,10752,5998,36,17,17,1273000,34824,13,15,0
628,0.017,1.187,0.008,1.212,1.167,16750,10752,5998,36,17,17,1273000,34824,13,15,0
629,0.018,12.228,0.035,12.280,1.317,16750,10752,5998,36,17,17,1273000,34824,13,15,0
630,0.199,7.666,0.037,7.902,12.625,16750,10752,5998,36,17,17,1273000,34824,13,15,0
631,0.138,7.605,0.023,7.766,8.342,16750,10752,5998,36,17,17,1273000,34824,13,15,0
632,0.204,1.031,0.036,1.271,8.086,16750,10752,5998,36,17,17,1273000,34824,13,15,0
633,0.147,0.733,0.032,0.913,1.802,16750,10752,5998,36,17,17,1273000,34824,13,15,0
634,0.131,0.619,0.015,0.766,1.286,16750,10752,5998,36,17,17,1273000,34824,13,15,0
635,0.041,0.858,0.010,0.909,0.883,16750,10752,5998,36,17,17,1273000,34824,13,15,0
636,0.027,11.765,0.040,11.832,1.017,16750,10752,5998,36,17,17,1273000,34824,13,15,0
637,0.226,7.557,0.049,7.832,12.157,16750,10752,5998,36,17,17,1273000,34824,13,15,0
638,0.137,7.727,0.044,7.909,8.216,16750,10752,5998,36,17,17,1273000,34824,13,15,0
639,0.144,1.012,0.050,1.206,8.518,16750,10752,5998,36,17,17,1273000,34824,13,15,0
640,0.152,1.094,0.019,1.264,1.583,16750,10752,5998,36,17,17,1273000,34824,13,15,0
641,0.179,1.123,0.019,1.321,1.878,16750,10752,5998,36,17,17,1273000,34824,13,15,0
642,0.067,0.604,0.022,0.692,1.586,16750,10752,5998,36,17,17,1273000,34824,13,15,0
643,0.053,0.980,0.031,1.064,0.942,16750,10752,5998,36,17,17,1273000,34824,13,15,0
644,0.049,4.089,0.040,4.178,1.301,16750,10752,5998,36,17,17,1273000,34824,13,15,0
645,0.229,12.420,0.032,12.681,4.569,16750,10752,5998,36,17,17,1273000,34824,13,15,0
646,0.147,7.426,0.033,7.606,13.103,16750,10752,5998,36,17,17,1273000,34824,13,15,0
647,0.144,0.984,0.103,1.230,8.223,16750,10752,5998,36,17,17,1273000,34824,13,15,0
648,0.127,0.966,0.039,1.132,1.643,16750,10752,5998,36,17,17,1273000,34824,13,15,0
649,0.131,1.240,0.024,1.395,1.536,16750,10752,5998,36,17,17,1273000,34824,13,15,0
650,0.138,1.037,0.021,1.196,1.763,16750,10752,5998,36,17,17,1273000,34824,13,15,0
651,0.072,10.061,0.049,10.182,1.455,16750,10752,5998,36,17,17,1273000,34824,13,15,0
652,0.225,7.382,0.044,7.650,10.572,16750,10752,5998,36,17,17,1273000,34824,13,15,0
653,0.137,7.495,0.043,7.675,8.061,16750,10752,5998,36,17,17,1273000,34824,13,15,0
654,0.188,0.877,0.031,1.095,8.142,16750,10752,5998,36,17,17,1273000,34824,13,15,0
655,0.342,0.953,0.032,1.327,1.572,16750,10752,5998,36,17,17,1273000,34824,13,15,0
656,0.075,0.616,0.023,0.715,1.905,16750,10752,5998,36,17,17,1273000,34824,13,15,0
657,0.054,1.803,0.019,1.876,0.964,16750,10752,5998,36,17,17,1273000,34824,13,15,0
658,0.050,4.205,0.019,4.275,2.132,16750,10752,5998,36,17,17,1273000,34824,13,15,0
659,0.050,14.534,0.046,14.630,4.523,16750,10752,5998,36,17,17,1273000,34824,13,15,0
660,0.193,6.978,0.044,7.216,15.031,16750,10752,5998,36,17,17,1273000,34824,13,15,0
661,0.165,7.763,0.070,7.997,7.599,16750,10752,5998,36,17,17,1273000,34824,13,15,0
662,0.213,8.204,0.083,8.500,8.675,16750,10752,5998,36,17,17,1273000,34824,13,15,0
663,0.204,6.089,0.025,6.319,9.218,16750,10752,5998,36,17,17,1273000,34824,13,15,0
664,0.117,8.543,0.044,8.704,6.703,16750,10752,5998,36,17,17,1273000,34824,13,15,0
665,0.144,1.099,0.034,1.277,9.248,16750,10752,5998,36,17,17,1273000,34824,13,15,0
666,0.153,1.206,0.038,1.396,1.814,16750,10752,5998,36,17,17,1273000,34824,13,15,0
667,0.166,2.326,0.022,2.514,1.926,16750,10752,5998,36,17,17,1273000,34824,13,15,0
668,0.079,2.582,0.026,2.688,2.800,16750,10752,5998,36,17,17,1273000,34824,13,15,0
669,0.059,15.679,0.065,15.803,2.946,16750,10752,5998,36,17,17,1273000,34824,13,15,0
670,0.346,6.564,0.061,6.970,16.317,16750,10752,5998,36,17,17,1273000,34824,13,15,0
671,0.251,1.020,0.030,1.301,7.532,16750,10752,5998,36,17,17,1273000,34824,13,15,0
672,0.238,0.783,0.024,1.046,1.788,16750,10752,5998,36,17,17,1273000,34824,13,15,0
673,0.057,1.672,0.018,1.747,1.283,16750,10752,5998,36,17,17,1273000,34824,13,15,0
674,0.065,3.750,0.060,3.875,2.033,16750,10752,5998,36,17,17,1273000,34824,13,15,0
675,0.168,15.607,0.050,15.825,4.286,16750,10752,5998,36,17,17,1273000,34824,13,15,0
676,0.144,6.948,0.040,7.131,16.286,16750,10752,5998,36,17,17,1273000,34824,13,15,0
677,0.155,1.011,0.047,1.212,7.829,16750,10752,5998,36,17,17,1273000,34824,13,15,0
678,0.140,1.098,0.034,1.271,1.906,16750,10752,5998,36,17,17,1273000,34824,13,15,0
679,0.060,1.030,0.024,1.114,1.868,16750,10752,5998,36,17,17,1273000,34824,13,15,0
680,0.050,2.220,0.017,2.287,1.380,16750,10752,5998,36,17,17,1273000,34824,13,15,0
681,0.045,2.094,0.025,2.165,2.531,16750,10752,5998,36,17,17,1273000,34824,13,15,0
682,0.044,23.567,0.054,23.665,2.439,16750,10752,5998,36,17,17,1273000,34824,13,15,0
683,1.219,4.641,0.041,5.901,24.191,16750,10752,5998,36,17,17,1273000,34824,13,15,0
684,0.079,4.122,0.033,4.235,6.193,16750,10752,5998,36,17,17,1273000,34824,13,15,0
685,0.068,13.023,0.054,13.145,4.497,16750,10752,5998,36,17,17,1273000,34824,13,15,0
686,0.325,7.152,0.050,7.527,13.638,16750,10752,5998,36,17,17,1273000,34824,13,15,0
687,0.167,1.151,0.039,1.356,8.060,16750,10752,5998,36,17,17,1273000,34824,13,15,0
688,0.070,0.743,0.033,0.847,1.728,16750,10752,5998,36,17,17,1273000,34824,13,15,0
689,0.058,1.114,0.030,1.202,1.093,16750,10752,5998,36,17,17,1273000,34824,13,15,0
690,0.050,5.393,0.018,5.461,1.448,16750,10752,5998,36,17,17,1273000,34824,13,15,0
691,0.045,17.419,0.067,17.530,5.708,16750,10752,5998,36,17,17,1273000,34824,13,15,0
692,0.320,3.665,0.023,4.009,18.025,16750,10752,5998,36,17,17,1273000,34824,13,15,0
693,0.063,1.205,0.020,1.288,4.311,16750,10752,5998,36,17,17,1273000,34824,13,15,0
694,0.061,1.636,0.019,1.716,1.542,16750,10752,5998,36,17,17,1273000,34824,13,15,0
695,0.065,1.929,0.020,2.015,1.986,16750,10752,5998,36,17,17,1273000,34824,13,15,0
696,0.050,8.714,0.068,8.832,2.307,16750,10752,5998,36,17,17,1273000,34824,13,15,0
697,0.329,9.864,0.047,10.240,9.429,16750,10752,5998,36,17,17,1273000,34824,13,15,0
698,0.159,6.568,0.037,6.764,10.800,16750,10752,5998,36,17,17,1273000,34824,13,15,0
699,0.098,1.253,0.020,1.372,7.020,16750,10752,5998,36,17,17,1273000,34824,13,15,0
700,0.051,2.160,0.017,2.228,1.645,16750,10752,5998,36,17,17,1273000,34824,13,15,0
701,0.047,1.075,0.020,1.142,2.478,16750,10752,5998,36,17,17,1273000,34824,13,15,0
702,0.071,2.272,0.020,2.362,1.407,16750,10752,5998,36,17,17,1273000,34824,13,15,0
703,0.051,7.649,0.022,7.723,2.619,16750,10752,5998,36,17,17,1273000,34824,13,15,0
704,0.050,10.014,0.089,10.153,7.982,16750,10752,5998,36,17,17,1273000,34824,13,15,0
705,0.100,5.940,0.017,6.057,10.593,16750,10752,5998,36,17,17,1273000,34824,13,15,0
706,0.051,1.190,0.023,1.265,6.325,16750,10752,5998,36,17,17,1273000,34824,13,15,0
707,0.065,2.393,0.017,2.476,1.543,16750,10752,5998,36,17,17,1273000,34824,13,15,0
708,0.066,1.230,0.026,1.322,2.722,16750,10752,5998,36,17,17,1273000,34824,13,15,0
709,0.049,1.511,0.014,1.574,1.584,16750,10752,5998,36,17,17,1273000,34824,13,15,0
710,0.053,5.875,0.020,5.948,1.823,16750,10752,5998,36,17,17,1273000,34824,13,15,0
711,0.105,12.320,0.064,12.488,6.204,16750,10752,5998,36,17,17,1273000,34824,13,15,0
712,0.347,5.733,0.017,6.096,13.064,16750,10752,5998,36,17,17,1273000,34824,13,15,0
713,0.048,1.164,0.029,1.241,6.356,16750,10752,5998,36,17,17,1273000,34824,13,15,0
714,0.061,3.424,0.049,3.534,1.504,16750,10752,5998,36,17,17,1273000,34824,13,15,0
715,0.252,1.227,0.052,1.531,3.988,16750,10752,5998,36,17,17,1273000,34824,13,15,0
716,0.053,0.969,0.028,1.051,1.814,16750,10752,5998,36,17,17,1273000,34824,13,15,0
717,0.047,8.062,0.018,8.128,1.298,16750,10752,5998,36,17,17,1273000,34824,13,15,0
718,0.049,7.493,0.072,7.614,8.374,16750,10752,5998,36,17,17,1273000,34824,13,15,0
719,0.327,8.910,0.049,9.286,8.143,16750,10752,5998,36,17,17,1273000,34824,13,15,0
720,0.166,6.569,117.700,124.436,9.752,16750,10752,5998,36,17,17,1273000,34824,13,15,0
721,0.042,0.266,0.010,0.318,124.537,16750,10752,5998,36,17,17,1273000,34824,13,15,0
722,0.022,3.543,0.009,3.574,0.410,16750,10752,5998,36,17,17,1273000,34824,13,15,0
723,0.028,2.093,0.010,2.131,3.676,16750,10752,5998,36,17,17,1273000,34824,13,15,0
724,0.022,1.675,0.009,1.706,2.232,16750,10752,5998,36,17,17,1273000,34824,13,15,0
725,0.019,1.710,0.008,1.737,1.804,16750,10752,5998,36,17,17,1273000,34824,13,15,0
726,0.023,1.060,0.006,1.090,1.836,16750,10752,5998,36,17,17,1273000,34824,13,15,0
727,0.019,2.335,0.007,2.360,1.184,16750,10752,5998,36,17,17,1273000,34824,13,15,0
728,0.017,4.812,0.008,4.837,2.457,16750,10752,5998,36,17,17,1273000,34824,13,15,0
729,0.015,4.554,0.010,4.579,4.931,16750,10752,5998,36,17,17,1273000,34824,13,15,0
730,0.019,8.030,0.005,8.054,4.680,16750,10752,5998,36,17,17,1273000,34824,13,15,0
731,0.018,1.074,0.006,1.098,8.155,16750,10752,5998,36,17,17,1273000,34824,13,15,0
732,0.020,1.341,0.007,1.369,1.202,16750,10752,5998,36,17,17,1273000,34824,13,15,0
733,0.027,1.126,0.012,1.165,1.474,16750,10752,5998,36,17,17,1273000,34824,13,15,0
734,0.019,0.996,0.005,1.020,1.274,16750,10752,5998,36,17,17,1273000,34824,13,15,0
735,0.018,1.064,0.016,1.097,1.120,16750,10752,5998,36,17,17,1273000,34824,13,15,0
736,0.019,1.000,0.005,1.024,1.199,16750,10752,5998,36,17,17,1273000,34824,13,15,0
737,0.019,1.650,0.007,1.677,1.133,16750,10752,5998,36,17,17,1273000,34824,13,15,0
738,0.023,1.154,0.015,1.192,1.777,16750,10752,5998,36,17,17,1273000,34824,13,15,0
739,0.015,1.199,0.007,1.221,1.298,16750,10752,5998,36,17,17,1273000,34824,13,15,0
740,0.024,2.174,0.010,2.209,1.335,16750,10752,5998,36,17,17,1273000,34824,13,15,0
741,0.021,6.459,0.008,6.488,2.313,16750,10752,5998,36,17,17,1273000,34824,13,15,0
742,0.022,15.322,0.009,15.352,6.597,16750,10752,5998,36,17,17,1273000,34824,13,15,0
743,0.023,5.979,0.010,6.012,15.468,16750,10752,5998,36,17,17,1273000,34824,13,15,0
744,0.037,0.917,0.019,0.972,6.154,16750,10752,5998,36,17,17,1273000,34824,13,15,0
745,0.031,1.326,0.010,1.367,1.100,16750,10752,5998,36,17,17,1273000,34824,13,15,0
746,0.024,2.669,0.016,2.708,1.512,16750,10752,5998,36,17,17,1273000,34824,13,15,0
747,0.020,7.320,0.017,7.356,2.826,16750,10752,5998,36,17,17,1273000,34824,13,15,0
748,0.024,11.691,0.009,11.723,7.477,16750,10752,5998,36,17,17,1273000,34824,13,15,0
749,0.026,8.201,0.008,8.236,11.854,16750,10752,5998,36,17,17,1273000,34824,13,15,0
750,0.023,1.345,0.014,1.381,8.367,16750,10752,5998,36,17,17,1273000,34824,13,15,0
751,0.033,2.222,0.010,2.265,1.533,16750,10752,5998,36,17,17,1273000,34824,13,15,0
752,0.025,1.307,0.018,1.350,2.400,16750,10752,5998,36,17,17,1273000,34824,13,15,0
753,0.025,2.327,0.009,2.361,1.503,16750,10752,5998,36,17,17,1273000,34824,13,15,0
754,0.024,7.416,0.017,7.457,2.503,16750,10752,5998,36,17,17,1273000,34824,13,15,0
755,0.025,9.523,0.007,9.554,7.607,16750,10752,5998,36,17,17,1273000,34824,13,15,0
756,0.029,8.021,0.013,8.062,9.699,16750,10752,5998,36,17,17,1273000,34824,13,15,0
757,0.026,1.402,0.013,1.441,8.270,16750,10752,5998,36,17,17,1273000,34824,13,15,0
758,0.025,2.262,0.015,2.302,1.605,16750,10752,5998,36,17,17,1273000,34824,13,15,0
759,0.027,1.173,0.011,1.211,2.487,16750,10752,5998,36,17,17,1273000,34824,13,15,0
760,0.035,2.392,0.015,2.443,1.369,16750,10752,5998,36,17,17,1273000,34824,13,15,0
761,0.037,6.548,0.014,6.598,2.604,16750,10752,5998,36,17,17,1273000,34824,13,15,0
762,0.027,10.059,0.008,10.095,6.770,16750,10752,5998,36,17,17,1273000,34824,13,15,0
763,0.026,8.253,0.011,8.290,10.261,16750,10752,5998,36,17,17,1273000,34824,13,15,0
764,0.031,0.431,0.013,0.475,8.476,16750,10752,5998,36,17,17,1273000,34824,13,15,0
765,0.030,2.085,0.013,2.128,0.641,16750,10752,5998,36,17,17,1273000,34824,13,15,0
766,0.047,0.674,0.010,0.731,2.299,16750,10752,5998,36,17,17,1273000,34824,13,15,0
767,0.035,2.500,0.019,2.553,0.899,16750,10752,5998,36,17,17,1273000,34824,13,15,0
768,0.028,6.403,0.010,6.441,2.726,16750,10752,5998,36,17,17,1273000,34824,13,15,0
769,0.028,11.670,0.012,11.711,6.614,16750,10752,5998,36,17,17,1273000,34824,13,15,0
770,0.032,8.216,0.021,8.269,11.899,16750,10752,5998,36,17,17,1273000,34824,13,15,0
771,0.036,0.456,0.016,0.508,8.473,16750,10752,5998,36,17,17,1273000,34824,13,15,0
772,0.039,1.388,0.016,1.443,0.715,16750,10752,5998,36,17,17,1273000,34824,13,15,0
773,0.040,0.798,0.013,0.850,1.650,16750,10752,5998,36,17,17,1273000,34824,13,15,0
774,0.037,1.273,0.014,1.323,1.045,16750,10752,5998,36,17,17,1273000,34824,13,15,0
775,0.035,0.850,0.012,0.897,1.529,16750,10752,5998,36,17,17,1273000,34824,13,15,0
776,0.039,6.915,0.040,6.993,1.098,16750,10752,5998,36,17,17,1273000,34824,13,15,0
777,0.171,11.181,0.024,11.377,7.357,16750,10752,5998,36,17,17,1273000,34824,13,15,0
778,0.049,8.112,0.024,8.185,11.607,16750,10752,5998,36,17,17,1273000,34824,13,15,0
779,0.043,1.643,0.018,1.704,8.431,16750,10752,5998,36,17,17,1273000,34824,13,15,0
780,13.425,0.559,0.019,14.003,4.409,16644,10688,5956,36,17,17,1264944,33984,13,15,0
781,2.558,0.346,0.011,2.916,14.132,16644,10688,5956,36,17,17,1264944,33984,13,15,0
782,1.128,2.277,0.024,3.429,3.055,16644,10688,5956,36,17,17,1264944,33984,13,15,0
783,0.038,7.943,0.010,7.991,3.570,16644,10688,5956,36,17,17,1264944,33984,13,15,0
784,0.032,8.494,0.014,8.539,8.108,16644,10688,5956,36,17,17,1264944,33984,13,15,0
785,0.027,7.786,0.011,7.824,8.658,16644,10688,5956,36,17,17,1264944,33984,13,15,0
786,0.025,8.065,0.010,8.100,7.947,16644,10688,5956,36,17,17,1264944,33984,13,15,0
787,0.034,8.111,0.010,8.156,8.223,16644,10688,5956,36,17,17,1264944,33984,13,15,0
788,0.028,1.223,0.011,1.262,8.281,16644,10688,5956,36,17,17,1264944,33984,13,15,0
789,0.029,0.484,0.014,0.527,1.390,16644,10688,5956,36,17,17,1264944,33984,13,15,0
790,0.026,4.991,0.009,5.026,0.640,16644,10688,5956,36,17,17,1264944,33984,13,15,0
791,0.029,1.216,0.017,1.263,5.156,16644,10688,5956,36,17,17,1264944,33984,13,15,0
792,0.026,4.213,0.011,4.250,1.384,16644,10688,5956,36,17,17,1264944,33984,13,15,0
793,0.026,12.425,0.015,12.465,4.377,16644,10688,5956,36,17,17,1264944,33984,13,15,0
794,0.033,7.946,0.017,7.995,12.605,16644,10688,5956,36,17,17,1264944,33984,13,15,0
795,0.030,1.270,0.014,1.314,8.140,16644,10688,5956,36,17,17,1264944,33984,13,15,0
796,0.037,1.370,0.010,1.416,1.482,16644,10688,5956,36,17,17,1264944,33984,13,15,0
797,0.041,1.047,0.009,1.097,1.549,16644,10688,5956,36,17,17,1264944,33984,13,15,0
798,0.026,1.207,0.009,1.242,1.231,16644,10688,5956,36,17,17,1264944,33984,13,15,0
799,0.033,11.262,0.013,11.308,1.375,16644,10688,5956,36,17,17,1264944,33984,13,15,0
800,0.030,8.034,0.010,8.074,11.467,16644,10688,5956,36,17,17,1264944,33984,13,15,0
801,0.030,7.928,0.010,7.969,8.227,16644,10688,5956,36,17,17,1264944,33984,13,15,0
802,0.039,1.128,0.011,1.178,8.124,16644,10688,5956,36,17,17,1264944,33984,13,15,0
803,0.031,1.378,0.009,1.418,1.326,16644,10688,5956,36,17,17,1264944,33984,13,15,0
804,0.029,1.499,0.008,1.536,1.567,16644,10688,5956,36,17,17,1264944,33984,13,15,0
805,0.038,1.093,0.009,1.140,1.692,16644,10688,5956,36,17,17,1264944,33984,13,15,0
806,0.030,4.197,0.013,4.240,1.290,16644,10688,5956,36,17,17,1264944,33984,13,15,0
807,0.071,14.898,0.022,14.991,4.419,16644,10688,5956,36,17,17,1264944,33984,13,15,0
808,0.078,7.287,0.010,7.376,15.205,16644,10688,5956,36,17,17,1264944,33984,13,15,0
809,0.040,1.190,0.019,1.249,7.561,16644,10688,5956,36,17,17,1264944,33984,13,15,0
810,0.056,0.405,0.013,0.474,1.471,16644,10688,5956,36,17,17,1264944,33984,13,15,0
811,0.040,0.326,0.013,0.379,0.644,16644,10688,5956,36,17,17,1264944,33984,13,15,0
812,0.034,1.783,0.013,1.830,0.549,16644,10688,5956,36,17,17,1264944,33984,13,15,0
813,0.034,3.445,0.010,3.490,1.993,16644,10688,5956,36,17,17,1264944,33984,13,15,0
814,0.036,3.211,0.013,3.260,3.659,16644,10688,5956,36,17,17,1264944,33984,13,15,0
815,0.034,13.965,0.012,14.010,3.446,16644,10688,5956,36,17,17,1264944,33984,13,15,0
816,0.040,7.615,0.011,7.666,14.220,16644,10688,5956,36,17,17,1264944,33984,13,15,0
817,0.040,1.117,0.024,1.181,7.869,16644,10688,5956,36,17,17,1264944,33984,13,15,0
818,0.067,0.692,0.017,0.776,1.399,16644,10688,5956,36,17,17,1264944,33984,13,15,0
819,0.056,1.549,0.032,1.637,0.991,16644,10688,5956,36,17,17,1264944,33984,13,15,0
820,0.047,1.243,0.016,1.306,1.836,16644,10688,5956,36,17,17,1264944,33984,13,15,0
821,0.055,11.565,0.034,11.654,1.527,16644,10688,5956,36,17,17,1264944,33984,13,15,0
822,0.045,7.742,0.036,7.823,11.867,16644,10688,5956,36,17,17,1264944,33984,13,15,0
823,0.057,7.389,0.013,7.459,8.086,16644,10688,5956,36,17,17,1264944,33984,13,15,0
824,0.056,8.375,0.032,8.463,7.728,16644,10688,5956,36,17,17,1264944,33984,13,15,0
825,0.188,7.706,0.026,7.920,8.956,16644,10688,5956,36,17,17,1264944,33984,13,15,0
826,0.132,8.165,0.053,8.350,8.237,16644,10688,5956,36,17,17,1264944,33984,13,15,0
827,0.141,7.563,0.052,7.755,9.005,16644,10688,5956,36,17,17,1264944,33984,13,15,0
828,0.138,0.859,0.040,1.037,8.660,16644,10688,5956,36,17,17,1264944,33984,13,15,0
829,0.144,1.002,0.023,1.169,1.340,16644,10688,5956,36,17,17,1264944,33984,13,15,0
830,0.119,0.765,0.022,0.907,1.537,16644,10688,5956,36,17,17,1264944,33984,13,15,0
831,0.133,2.310,0.017,2.459,1.419,16644,10688,5956,36,17,17,1264944,33984,13,15,0
832,0.061,9.275,0.054,9.390,2.708,16644,10688,5956,36,17,17,1264944,33984,13,15,0
833,0.185,2.261,0.034,2.480,10.114,16644,10688,5956,36,17,17,1264944,33984,13,15,0
834,0.090,12.246,0.042,12.379,2.750,16644,10688,5956,36,17,17,1264944,33984,13,15,0
835,0.188,7.307,0.020,7.515,12.880,16644,10688,5956,36,17,17,1264944,33984,13,15,0
836,0.059,3.346,0.014,3.420,7.781,16644,10688,5956,36,17,17,1264944,33984,13,15,0
837,0.058,13.339,0.068,13.464,3.689,16644,10688,5956,36,17,17,1264944,33984,13,15,0
838,0.244,7.094,0.042,7.380,14.002,16644,10688,5956,36,17,17,1264944,33984,13,15,0
839,0.153,0.945,0.041,1.139,8.140,16644,10688,5956,36,17,17,1264944,33984,13,15,0
840,0.160,1.455,0.027,1.642,1.461,16644,10688,5956,36,17,17,1264944,33984,13,15,0
841,0.372,0.953,0.027,1.352,1.979,16644,10688,5956,36,17,17,1264944,33984,13,15,0
842,0.056,1.494,0.024,1.574,1.940,16644,10688,5956,36,17,17,1264944,33984,13,15,0
843,0.059,0.897,0.020,0.976,1.837,16644,10688,5956,36,17,17,1264944,33984,13,15,0
844,0.053,6.729,0.017,6.800,1.207,16644,10688,5956,36,17,17,1264944,33984,13,15,0
845,0.051,18.099,0.078,18.228,7.045,16644,10688,5956,36,17,17,1264944,33984,13,15,0
846,0.280,6.445,0.062,6.786,18.815,16644,10688,5956,36,17,17,1264944,33984,13,15,0
847,0.209,7.364,0.063,7.635,7.283,16644,10688,5956,36,17,17,1264944,33984,13,15,0
848,0.217,8.110,0.051,8.378,8.189,16644,10688,5956,36,17,17,1264944,33984,13,15,0
849,0.154,7.359,0.039,7.552,8.966,16644,10688,5956,36,17,17,1264944,33984,13,15,0
850,0.152,0.893,0.034,1.079,8.180,16644,10688,5956,36,17,17,1264944,33984,13,15,0
851,0.082,1.587,0.037,1.706,1.367,16644,10688,5956,36,17,17,1264944,33984,13,15,0
852,0.181,3.859,0.019,4.058,2.317,16644,10688,5956,36,17,17,1264944,33984,13,15,0
853,0.056,8.271,0.071,8.398,4.314,16644,10688,5956,36,17,17,1264944,33984,13,15,0
854,0.265,7.409,0.054,7.727,8.917,16644,10688,5956,36,17,17,1264944,33984,13,15,0
855,0.158,7.061,0.036,7.255,8.332,16644,10688,5956,36,17,17,1264944,33984,13,15,0
856,0.183,0.831,0.039,1.052,7.901,16644,10688,5956,36,17,17,1264944,33984,13,15,0
857,0.095,1.555,0.021,1.672,1.337,16644,10688,5956,36,17,17,1264944,33984,13,15,0
858,0.053,3.184,0.051,3.287,1.929,16644,10688,5956,36,17,17,1264944,33984,13,15,0
859,0.111,4.977,0.021,5.108,3.674,16644,10688,5956,36,17,17,1264944,33984,13,15,0
860,0.049,12.458,0.083,12.590,5.355,16644,10688,5956,36,17,17,1264944,33984,13,15,0
861,0.264,6.704,0.059,7.027,13.159,16644,10688,5956,36,17,17,1264944,33984,13,15,0
862,0.170,0.819,0.039,1.027,7.708,16644,10688,5956,36,17,17,1264944,33984,13,15,0
863,0.090,0.968,0.015,1.074,1.279,16644,10688,5956,36,17,17,1264944,33984,13,15,0
864,0.060,3.227,0.019,3.306,1.332,16644,10688,5956,36,17,17,1264944,33984,13,15,0
865,0.052,5.247,0.024,5.322,3.557,16644,10688,5956,36,17,17,1264944,33984,13,15,0
866,0.079,14.988,0.073,15.141,5.587,16644,10688,5956,36,17,17,1264944,33984,13,15,0
867,0.253,5.476,0.064,5.793,15.697,16644,10688,5956,36,17,17,1264944,33984,13,15,0
868,0.145,0.857,0.018,1.020,6.165,16644,10688,5956,36,17,17,1264944,33984,13,15,0
869,0.054,1.041,0.021,1.116,1.276,16644,10688,5956,36,17,17,1264944,33984,13,15,0
870,0.050,2.020,0.030,2.100,1.395,16644,10688,5956,36,17,17,1264944,33984,13,15,0
871,0.052,6.904,0.090,7.046,2.341,16644,10688,5956,36,17,17,1264944,33984,13,15,0
872,0.250,11.868,0.064,12.182,7.512,16644,10688,5956,36,17,17,1264944,33984,13,15,0
873,0.056,6.556,0.016,6.629,12.689,16644,10688,5956,36,17,17,1264944,33984,13,15,0
874,0.088,1.030,0.019,1.137,6.845,16644,10688,5956,36,17,17,1264944,33984,13,15,0
875,0.058,2.006,0.016,2.079,1.376,16644,10688,5956,36,17,17,1264944,33984,13,15,0
876,0.048,1.360,0.018,1.426,2.275,16644,10688,5956,36,17,17,1264944,33984,13,15,0
877,0.041,0.655,0.013,0.708,1.606,16644,10688,5956,36,17,17,1264944,33984,13,15,0
878,0.035,4.710,0.012,4.758,0.875,16644,10688,5956,36,17,17,1264944,33984,13,15,0
879,0.046,13.666,0.011,13.724,4.942,16644,10688,5956,36,17,17,1264944,33984,13,15,0
880,0.050,7.612,0.014,7.676,13.911,16644,10688,5956,36,17,17,1264944,33984,13,15,0
881,0.038,1.094,0.016,1.149,7.856,16644,10688,5956,36,17,17,1264944,33984,13,15,0
882,0.042,1.955,0.014,2.011,1.334,16644,10688,5956,36,17,17,1264944,33984,13,15,0
883,0.041,1.049,0.015,1.105,2.199,16644,10688,5956,36,17,17,1264944,33984,13,15,0
884,0.041,2.005,0.017,2.063,1.282,16644,10688,5956,36,17,17,1264944,33984,13,15,0
885,0.036,5.335,0.019,5.390,2.241,16644,10688,5956,36,17,17,1264944,33984,13,15,0
886,0.048,12.472,0.021,12.541,5.608,16644,10688,5956,36,17,17,1264944,33984,13,15,0
887,0.044,7.687,0.011,7.742,12.770,16644,10688,5956,36,17,17,1264944,33984,13,15,0
888,0.042,0.975,0.021,1.038,7.959,16644,10688,5956,36,17,17,1264944,33984,13,15,0
889,0.042,0.422,0.023,0.487,1.241,16644,10688,5956,36,17,17,1264944,33984,13,15,0
890,0.042,1.926,0.016,1.983,0.667,16644,10688,5956,36,17,17,1264944,33984,13,15,0
891,0.043,2.639,0.020,2.702,2.203,16644,10688,5956,36,17,17,1264944,33984,13,15,0
892,0.047,0.932,0.017,0.996,2.901,16644,10688,5956,36,17,17,1264944,33984,13,15,0
893,0.056,3.390,0.015,3.462,1.197,16644,10688,5956,36,17,17,1264944,33984,13,15,0
894,0.042,13.548,0.020,13.610,3.682,16644,10688,5956,36,17,17,1264944,33984,13,15,0
895,0.062,7.498,0.016,7.576,13.864,16644,10688,5956,36,17,17,1264944,33984,13,15,0
896,0.250,1.289,0.039,1.578,8.025,16644,10688,5956,36,17,17,1264944,33984,13,15,0
897,0.054,0.531,0.017,0.601,2.044,16644,10688,5956,36,17,17,1264944,33984,13,15,0
898,0.054,0.699,0.018,0.771,0.833,16644,10688,5956,36,17,17,1264944,33984,13,15,0
899,0.058,1.738,0.019,1.816,1.007,16644,10688,5956,36,17,17,1264944,33984,13,15,0
900,0.052,3.606,131.000,134.659,2.055,16644,10688,5956,36,17,17,1264944,33984,13,15,0
901,0.071,0.385,0.010,0.466,134.774,16644,10688,5956,36,17,17,1264944,33984,13,15,0
902,0.024,2.174,0.007,2.205,0.554,16644,10688,5956,36,17,17,1264944,33984,13,15,0
903,0.037,13.764,0.011,13.812,2.302,16644,10688,5956,36,17,17,1264944,33984,13,15,0
904,0.025,8.043,0.009,8.077,13.914,16644,10688,5956,36,17,17,1264944,33984,13,15,0
905,0.021,1.233,0.015,1.268,8.177,16644,10688,5956,36,17,17,1264944,33984,13,15,0
906,0.035,1.195,0.006,1.236,1.384,16644,10688,5956,36,17,17,1264944,33984,13,15,0
907,0.023,1.079,0.010,1.111,1.346,16644,10688,5956,36,17,17,1264944,33984,13,15,0
908,0.020,4.363,0.011,4.394,1.209,16644,10688,5956,36,17,17,1264944,33984,13,15,0
909,0.023,3.810,0.006,3.840,4.496,16644,10688,5956,36,17,17,1264944,33984,13,15,0
910,0.020,13.073,0.010,13.103,3.946,16644,10688,5956,36,17,17,1264944,33984,13,15,0
911,0.026,7.844,0.010,7.880,13.218,16644,10688,5956,36,17,17,1264944,33984,13,15,0
912,0.024,1.234,0.012,1.269,7.996,16644,10688,5956,36,17,17,1264944,33984,13,15,0
913,0.032,1.222,0.008,1.262,1.398,16644,10688,5956,36,17,17,1264944,33984,13,15,0
914,0.035,0.983,0.009,1.027,1.383,16644,10688,5956,36,17,17,1264944,33984,13,15,0
915,0.022,3.440,0.010,3.472,1.143,16644,10688,5956,36,17,17,1264944,33984,13,15,0
916,0.029,0.548,0.011,0.588,3.593,16644,10688,5956,36,17,17,1264944,33984,13,15,0
917,0.025,3.928,0.007,3.961,0.700,16644,10688,5956,36,17,17,1264944,33984,13,15,0
918,0.025,13.157,0.016,13.199,4.077,16644,10688,5956,36,17,17,1264944,33984,13,15,0
919,0.029,7.824,0.012,7.865,13.335,16644,10688,5956,36,17,17,1264944,33984,13,15,0
920,0.031,1.041,0.012,1.084,7.991,16644,10688,5956,36,17,17,1264944,33984,13,15,0
921,0.029,0.478,0.011,0.518,1.212,16644,10688,5956,36,17,17,1264944,33984,13,15,0
922,0.047,0.398,0.013,0.458,0.656,16644,10688,5956,36,17,17,1264944,33984,13,15,0
923,0.033,2.499,0.010,2.542,0.579,16644,10688,5956,36,17,17,1264944,33984,13,15,0
924,0.025,4.481,0.016,4.522,2.654,16644,10688,5956,36,17,17,1264944,33984,13,15,0
925,0.026,15.255,0.012,15.293,4.663,16644,10688,5956,36,17,17,1264944,33984,13,15,0
926,0.026,7.883,0.012,7.921,15.436,16644,10688,5956,36,17,17,1264944,33984,13,15,0
927,0.028,1.108,0.013,1.149,8.079,16644,10688,5956,36,17,17,1264944,33984,13,15,0
928,0.046,0.471,0.014,0.531,1.310,16644,10688,5956,36,17,17,1264944,33984,13,15,0
929,0.037,1.544,0.014,1.595,0.667,16644,10688,5956,36,17,17,1264944,33984,13,15,0
930,0.032,4.108,0.009,4.150,1.739,16644,10688,5956,36,17,17,1264944,33984,13,15,0
931,0.030,3.143,0.014,3.188,4.298,16644,10688,5956,36,17,17,1264944,33984,13,15,0
932,0.038,13.738,0.008,13.784,3.350,16644,10688,5956,36,17,17,1264944,33984,13,15,0
933,0.030,7.901,0.014,7.945,13.942,16644,10688,5956,36,17,17,1264944,33984,13,15,0
934,0.043,0.917,0.014,0.974,8.146,16644,10688,5956,36,17,17,1264944,33984,13,15,0
935,0.045,0.490,0.013,0.548,1.143,16644,10688,5956,36,17,17,1264944,33984,13,15,0
936,0.056,0.445,0.014,0.515,0.726,16644,10688,5956,36,17,17,1264944,33984,13,15,0
937,0.044,0.924,0.011,0.980,0.692,16644,10688,5956,36,17,17,1264944,33984,13,15,0
938,0.033,4.485,0.011,4.529,1.158,16644,10688,5956,36,17,17,1264944,33984,13,15,0
939,0.040,3.660,0.012,3.712,4.742,16644,10688,5956,36,17,17,1264944,33984,13,15,0
940,0.037,12.897,0.014,12.947,3.889,16644,10688,5956,36,17,17,1264944,33984,13,15,0
941,0.040,7.854,0.011,7.905,13.120,16644,10688,5956,36,17,17,1264944,33984,13,15,0
942,0.038,0.921,0.015,0.974,8.135,16644,10688,5956,36,17,17,1264944,33984,13,15,0
943,0.042,0.399,0.034,0.475,1.174,16644,10688,5956,36,17,17,1264944,33984,13,15,0
944,0.039,0.338,0.017,0.395,0.667,16644,10688,5956,36,17,17,1264944,33984,13,15,0
945,0.040,2.373,0.019,2.431,0.574,16644,10688,5956,36,17,17,1264944,33984,13,15,0
946,0.040,2.711,0.012,2.763,2.629,16644,10688,5956,36,17,17,1264944,33984,13,15,0
947,0.040,3.176,0.012,3.228,2.961,16644,10688,5956,36,17,17,1264944,33984,13,15,0
948,0.039,13.818,0.013,13.871,3.432,16644,10688,5956,36,17,17,1264944,33984,13,15,0
949,0.039,7.693,0.018,7.751,14.078,16644,10688,5956,36,17,17,1264944,33984,13,15,0
950,0.046,1.184,0.019,1.249,7.993,16644,10688,5956,36,17,17,1264944,33984,13,15,0
951,0.049,0.511,0.014,0.574,1.497,16644,10688,5956,36,17,17,1264944,33984,13,15,0
952,0.059,0.735,0.024,0.818,0.815,16644,10688,5956,36,17,17,1264944,33984,13,15,0
953,0.053,4.316,0.020,4.389,1.038,16644,10688,5956,36,17,17,1264944,33984,13,15,0
954,0.050,3.778,0.016,3.844,4.642,16644,10688,5956,36,17,17,1264944,33984,13,15,0
955,0.052,13.440,0.065,13.557,4.152,16644,10688,5956,36,17,17,1264944,33984,13,15,0
956,0.185,6.951,0.046,7.183,14.066,16644,10688,5956,36,17,17,1264944,33984,13,15,0
957,0.137,0.883,0.029,1.049,7.516,16644,10688,5956,36,17,17,1264944,33984,13,15,0
958,0.266,0.874,0.021,1.161,1.410,16644,10688,5956,36,17,17,1264944,33984,13,15,0
959,0.108,0.714,0.025,0.847,1.464,16644,10688,5956,36,17,17,1264944,33984,13,15,0
960,0.206,1.586,0.023,1.815,1.163,16644,10688,5956,36,17,17,1264944,33984,13,15,0
961,0.051,3.001,0.024,3.076,2.056,16644,10688,5956,36,17,17,1264944,33984,13,15,0
962,0.054,15.296,0.047,15.396,3.336,16644,10688,5956,36,17,17,1264944,33984,13,15,0
963,0.271,7.418,0.025,7.715,15.787,16644,10688,5956,36,17,17,1264944,33984,13,15,0
964,0.053,0.774,0.014,0.840,7.952,16644,10688,5956,36,17,17,1264944,33984,13,15,0
965,0.048,0.456,0.021,0.525,1.093,16644,10688,5956,36,17,17,1264944,33984,13,15,0
966,0.058,1.660,0.019,1.737,0.782,16644,10688,5956,36,17,17,1264944,33984,13,15,0
967,0.044,3.302,0.021,3.366,1.937,16644,10688,5956,36,17,17,1264944,33984,13,15,0
968,0.046,2.874,0.010,2.929,3.575,16644,10688,5956,36,17,17,1264944,33984,13,15,0
969,0.047,14.226,0.013,14.286,3.127,16644,10688,5956,36,17,17,1264944,33984,13,15,0
970,0.072,7.627,0.011,7.710,14.478,16644,10688,5956,36,17,17,1264944,33984,13,15,0
971,0.045,0.951,0.013,1.009,7.901,16644,10688,5956,36,17,17,1264944,33984,13,15,0
972,0.036,0.515,0.019,0.569,1.174,16644,10688,5956,36,17,17,1264944,33984,13,15,0
973,0.038,0.416,0.015,0.468,0.736,16644,10688,5956,36,17,17,1264944,33984,13,15,0
974,0.054,1.463,0.021,1.539,0.632,16644,10688,5956,36,17,17,1264944,33984,13,15,0
975,0.050,3.654,0.013,3.716,1.716,16644,10688,5956,36,17,17,1264944,33984,13,15,0
976,0.037,3.220,0.012,3.269,3.889,16644,10688,5956,36,17,17,1264944,33984,13,15,0
977,0.038,13.434,0.017,13.489,3.451,16644,10688,5956,36,17,17,1264944,33984,13,15,0
978,0.040,7.707,0.013,7.760,13.714,16644,10688,5956,36,17,17,1264944,33984,13,15,0
979,0.044,1.016,0.012,1.072,7.986,16644,10688,5956,36,17,17,1264944,33984,13,15,0
980,0.059,0.403,0.021,0.482,1.294,16644,10688,5956,36,17,17,1264944,33984,13,15,0
981,0.041,2.027,0.011,2.080,0.678,16644,10688,5956,36,17,17,1264944,33984,13,15,0
982,0.045,0.924,0.031,1.000,2.281,16644,10688,5956,36,17,17,1264944,33984,13,15,0
983,0.045,11.413,0.033,11.490,1.201,16644,10688,5956,36,17,17,1264944,33984,13,15,0
984,0.045,8.021,0.016,8.083,11.705,16644,10688,5956,36,17,17,1264944,33984,13,15,0
985,0.051,7.564,0.033,7.648,8.340,16644,10688,5956,36,17,17,1264944,33984,13,15,0
986,0.057,1.034,0.018,1.109,7.892,16644,10688,5956,36,17,17,1264944,33984,13,15,0
987,0.050,0.463,0.015,0.528,1.356,16644,10688,5956,36,17,17,1264944,33984,13,15,0
988,0.052,1.465,0.019,1.536,0.755,16644,10688,5956,36,17,17,1264944,33984,13,15,0
989,0.047,3.837,0.033,3.917,1.786,16644,10688,5956,36,17,17,1264944,33984,13,15,0
990,0.053,3.670,0.022,3.745,4.165,16644,10688,5956,36,17,17,1264944,33984,13,15,0
991,0.063,13.569,0.087,13.720,4.182,16644,10688,5956,36,17,17,1264944,33984,13,15,0
992,0.062,7.405,0.045,7.512,14.264,16644,10688,5956,36,17,17,1264944,33984,13,15,0
993,0.250,0.960,0.038,1.248,8.264,16644,10688,5956,36,17,17,1264944,33984,13,15,0
994,0.063,0.537,0.016,0.617,1.617,16644,10688,5956,36,17,17,1264944,33984,13,15,0
995,0.053,1.304,0.026,1.383,0.855,16644,10688,5956,36,17,17,1264944,33984,13,15,0
996,0.054,11.559,0.017,11.630,1.627,16644,10688,5956,36,17,17,1264944,33984,13,15,0
997,0.055,8.142,0.022,8.219,11.875,16644,10688,5956,36,17,17,1264944,33984,13,15,0
998,0.052,8.550,0.087,8.689,8.483,16644,10688,5956,36,17,17,1264944,33984,13,15,0
999,0.263,6.517,0.021,6.801,9.182,16644,10688,5956,36,17,17,1264944,33984,13,15,0
1000,0.058,8.884,0.061,9.003,7.048,16644,10688,5956,36,17,17,1264944,33984,13,15,0
1001,0.307,6.523,0.015,6.845,9.493,16644,10688,5956,36,17,17,1264944,33984,13,15,0
1002,0.055,8.438,0.050,8.543,7.102,16644,10688,5956,36,17,17,1264944,33984,13,15,0
1003,0.212,1.005,0.043,1.260,9.018,16644,10688,5956,36,17,17,1264944,33984,13,15,0
1004,0.062,0.528,0.021,0.611,1.699,16644,10688,5956,36,17,17,1264944,33984,13,15,0
1005,0.047,1.954,0.021,2.021,0.851,16644,10688,5956,36,17,17,1264944,33984,13,15,0
1006,0.050,4.814,0.031,4.895,2.250,16644,10688,5956,36,17,17,1264944,33984,13,15,0
1007,0.051,13.989,0.027,14.067,5.147,16644,10688,5956,36,17,17,1264944,33984,13,15,0
1008,0.058,7.803,0.020,7.881,14.330,16644,10688,5956,36,17,17,1264944,33984,13,15,0
1009,0.060,1.056,0.030,1.146,8.152,16644,10688,5956,36,17,17,1264944,33984,13,15,0
1010,0.058,0.504,0.021,0.583,1.408,16644,10688,5956,36,17,17,1264944,33984,13,15,0
1011,0.053,4.085,0.020,4.157,0.806,16644,10688,5956,36,17,17,1264944,33984,13,15,0
1012,0.069,0.890,0.028,0.986,4.420,16644,10688,5956,36,17,17,1264944,33984,13,15,0
1013,0.058,5.001,0.057,5.116,1.217,16644,10688,5956,36,17,17,1264944,33984,13,15,0
1014,0.261,12.271,0.055,12.587,5.499,16644,10688,5956,36,17,17,1264944,33984,13,15,0
1015,0.168,7.200,0.039,7.407,13.062,16644,10688,5956,36,17,17,1264944,33984,13,15,0
1016,0.156,0.979,0.030,1.166,8.262,16644,10688,5956,36,17,17,1264944,33984,13,15,0
1017,0.387,0.997,0.024,1.408,1.542,16644,10688,5956,36,17,17,1264944,33984,13,15,0
1018,0.221,0.863,0.017,1.101,1.725,16644,10688,5956,36,17,17,1264944,33984,13,15,0
1019,0.054,1.759,0.052,1.864,1.339,16644,10688,5956,36,17,17,1264944,33984,13,15,0
1020,0.063,2.830,0.013,2.905,2.113,16644,10688,5956,36,17,17,1264944,33984,13,15,0
1021,0.049,13.944,0.018,14.010,3.109,16644,10688,5956,36,17,17,1264944,33984,13,15,0
1022,0.059,7.505,0.031,7.595,14.227,16644,10688,5956,36,17,17,1264944,33984,13,15,0
1023,0.045,1.168,0.026,1.239,7.805,16644,10688,5956,36,17,17,1264944,33984,13,15,0
1024,0.048,0.725,0.018,0.791,1.482,16644,10688,5956,36,17,17,1264944,33984,13,15,0
1025,0.047,1.521,0.012,1.580,1.029,16644,10688,5956,36,17,17,1264944,33984,13,15,0
1026,0.055,1.074,0.015,1.144,1.844,16644,10688,5956,36,17,17,1264944,33984,13,15,0
1027,0.053,10.922,0.030,11.006,1.390,16644,10688,5956,36,17,17,1264944,33984,13,15,0
1028,0.050,9.353,0.072,9.475,11.261,16644,10688,5956,36,17,17,1264944,33984,13,15,0
1029,0.242,5.931,0.014,6.188,9.953,16644,10688,5956,36,17,17,1264944,33984,13,15,0
1030,0.063,0.970,0.016,1.049,6.427,16644,10688,5956,36,17,17,1264944,33984,13,15,0
1031,0.056,0.477,0.011,0.544,1.289,16644,10688,5956,36,17,17,1264944,33984,13,15,0
1032,0.049,0.415,0.021,0.485,0.776,16644,10688,5956,36,17,17,1264944,33984,13,15,0
1033,0.045,1.577,0.027,1.649,0.713,16644,10688,5956,36,17,17,1264944,33984,13,15,0
1034,0.085,2.852,0.018,2.955,1.907,16644,10688,5956,36,17,17,1264944,33984,13,15,0
1035,0.059,2.885,0.023,2.966,3.197,16644,10688,5956,36,17,17,1264944,33984,13,15,0
1036,0.277,14.437,0.076,14.790,3.207,16644,10688,5956,36,17,17,1264944,33984,13,15,0
1037,0.150,6.995,0.045,7.191,15.354,16644,10688,5956,36,17,17,1264944,33984,13,15,0
1038,0.146,0.894,0.061,1.101,7.861,16644,10688,5956,36,17,17,1264944,33984,13,15,0
1039,0.138,0.951,0.024,1.113,1.487,16644,10688,5956,36,17,17,1264944,33984,13,15,0
1040,0.170,0.883,0.029,1.082,1.399,16644,10688,5956,36,17,17,1264944,33984,13,15,0
1041,0.119,0.813,0.021,0.953,1.524,16644,10688,5956,36,17,17,1264944,33984,13,15,0
1042,0.059,3.332,0.021,3.412,1.282,16644,10688,5956,36,17,17,1264944,33984,13,15,0
1043,0.052,15.088,0.072,15.212,3.675,16644,10688,5956,36,17,17,1264944,33984,13,15,0
1044,0.194,7.333,0.027,7.553,15.687,16644,10688,5956,36,17,17,1264944,33984,13,15,0
1045,0.141,0.899,0.037,1.076,8.099,16644,10688,5956,36,17,17,1264944,33984,13,15,0
1046,0.130,1.191,0.025,1.345,1.511,16644,10688,5956,36,17,17,1264944,33984,13,15,0
1047,0.207,0.916,0.033,1.156,1.894,16644,10688,5956,36,17,17,1264944,33984,13,15,0
1048,0.150,0.628,0.021,0.798,1.460,16644,10688,5956,36,17,17,1264944,33984,13,15,0
1049,0.050,4.424,0.070,4.544,1.035,16644,10688,5956,36,17,17,1264944,33984,13,15,0
1050,0.196,13.773,0.072,14.041,5.044,16644,10688,5956,36,17,17,1264944,33984,13,15,0
1051,0.147,7.221,0.040,7.408,14.561,16644,10688,5956,36,17,17,1264944,33984,13,15,0
1052,0.242,0.835,0.039,1.116,7.861,16644,10688,5956,36,17,17,1264944,33984,13,15,0
1053,0.110,0.784,0.018,0.912,1.458,16644,10688,5956,36,17,17,1264944,33984,13,15,0
1054,0.123,0.950,0.019,1.092,1.245,16644,10688,5956,36,17,17,1264944,33984,13,15,0
1055,0.081,0.567,0.022,0.670,1.340,16644,10688,5956,36,17,17,1264944,33984,13,15,0
1056,0.061,4.019,0.020,4.100,0.901,16644,10688,5956,36,17,17,1264944,33984,13,15,0
1057,0.063,5.962,0.018,6.043,4.356,16644,10688,5956,36,17,17,1264944,33984,13,15,0
1058,0.059,3.305,0.019,3.383,6.307,16644,10688,5956,36,17,17,1264944,33984,13,15,0
1059,0.078,13.726,0.072,13.875,3.649,16644,10688,5956,36,17,17,1264944,33984,13,15,0
1060,0.229,6.636,0.017,6.882,14.430,16644,10688,5956,36,17,17,1264944,33984,13,15,0
1061,0.150,3.826,0.056,4.032,7.319,16644,10688,5956,36,17,17,1264944,33984,13,15,0
1062,0.144,12.451,0.078,12.673,4.519,16644,10688,5956,36,17,17,1264944,33984,13,15,0
1063,0.135,7.313,0.044,7.492,13.261,16644,10688,5956,36,17,17,1264944,33984,13,15,0
1064,0.267,0.973,0.039,1.279,7.945,16644,10688,5956,36,17,17,1264944,33984,13,15,0
1065,0.148,0.991,0.028,1.168,1.668,16644,10688,5956,36,17,17,1264944,33984,13,15,0
1066,0.116,1.108,0.026,1.251,1.498,16644,10688,5956,36,17,17,1264944,33984,13,15,0
1067,0.120,0.889,0.017,1.026,1.562,16644,10688,5956,36,17,17,1264944,33984,13,15,0
1068,0.130,3.753,0.019,3.902,1.304,16644,10688,5956,36,17,17,1264944,33984,13,15,0
1069,0.052,14.353,0.051,14.455,4.164,16644,10688,5956,36,17,17,1264944,33984,13,15,0
1070,0.217,7.193,0.040,7.449,15.026,16644,10688,5956,36,17,17,1264944,33984,13,15,0
1071,0.152,0.972,0.041,1.165,8.386,16644,10688,5956,36,17,17,1264944,33984,13,15,0
1072,0.145,0.967,0.024,1.136,1.657,16644,10688,5956,36,17,17,1264944,33984,13,15,0
1073,0.126,0.924,0.021,1.071,1.437,16644,10688,5956,36,17,17,1264944,33984,13,15,0
1074,0.056,1.206,0.015,1.278,1.319,16644,10688,5956,36,17,17,1264944,33984,13,15,0
1075,0.052,3.925,0.035,4.012,1.523,16644,10688,5956,36,17,17,1264944,33984,13,15,0
1076,0.206,14.025,0.062,14.293,4.356,16644,10688,5956,36,17,17,1264944,33984,13,15,0
1077,0.152,7.326,0.046,7.524,14.841,16644,10688,5956,36,17,17,1264944,33984,13,15,0
1078,0.147,0.913,0.035,1.095,8.274,16644,10688,5956,36,17,17,1264944,33984,13,15,0
1079,0.474,1.231,0.028,1.734,1.484,16644,10688,5956,36,17,17,1264944,33984,13,15,0
1080,0.049,0.915,118.041,119.004,1.975,16644,10688,5956,36,17,17,1264944,33984,13,15,0
1081,0.042,0.289,0.011,0.342,119.101,16644,10688,5956,36,17,17,1264944,33984,13,15,0
1082,0.025,3.054,0.010,3.089,0.427,16644,10688,5956,36,17,17,1264944,33984,13,15,0
1083,0.021,5.046,0.007,5.075,3.193,16644,10688,5956,36,17,17,1264944,33984,13,15,0
1084,0.018,1.533,0.008,1.560,5.175,16644,10688,5956,36,17,17,1264944,33984,13,15,0
1085,0.024,1.280,0.010,1.314,1.666,16644,10688,5956,36,17,17,1264944,33984,13,15,0
1086,0.023,3.540,0.009,3.572,1.409,16644,10688,5956,36,17,17,1264944,33984,13,15,0
1087,0.020,1.317,0.007,1.344,3.671,16644,10688,5956,36,17,17,1264944,33984,13,15,0
1088,0.018,3.978,0.005,4.001,1.430,16644,10688,5956,36,17,17,1264944,33984,13,15,0
1089,0.018,13.049,0.009,13.077,4.096,16644,10688,5956,36,17,17,1264944,33984,13,15,0
1090,0.039,7.859,0.009,7.907,13.185,16644,10688,5956,36,17,17,1264944,33984,13,15,0
1091,0.044,1.007,0.014,1.066,8.011,16644,10688,5956,36,17,17,1264944,33984,13,15,0
1092,0.032,1.245,0.010,1.287,1.169,16644,10688,5956,36,17,17,1264944,33984,13,15,0
1093,0.027,1.299,0.017,1.343,1.395,16644,10688,5956,36,17,17,1264944,33984,13,15,0
1094,0.086,4.011,0.015,4.111,1.474,16644,10688,5956,36,17,17,1264944,33984,13,15,0
1095,0.035,3.381,0.009,3.425,4.213,16644,10688,5956,36,17,17,1264944,33984,13,15,0
1096,0.032,13.265,0.007,13.304,3.530,16644,10688,5956,36,17,17,1264944,33984,13,15,0
1097,0.029,7.847,0.016,7.892,13.419,16644,10688,5956,36,17,17,1264944,33984,13,15,0
1098,0.023,1.118,0.011,1.152,7.999,16644,10688,5956,36,17,17,1264944,33984,13,15,0
1099,0.031,0.468,0.014,0.513,1.282,16644,10688,5956,36,17,17,1264944,33984,13,15,0
1100,0.038,1.880,0.009,1.926,0.625,16644,10688,5956,36,17,17,1264944,33984,13,15,0
1101,0.035,2.914,0.011,2.960,2.045,16644,10688,5956,36,17,17,1264944,33984,13,15,0
1102,0.039,1.247,0.007,1.294,3.073,16644,10688,5956,36,17,17,1264944,33984,13,15,0
1103,0.025,3.208,0.009,3.242,1.413,16644,10688,5956,36,17,17,1264944,33984,13,15,0
1104,0.024,13.561,0.010,13.595,3.357,16644,10688,5956,36,17,17,1264944,33984,13,15,0
1105,0.027,7.826,0.010,7.863,13.712,16644,10688,5956,36,17,17,1264944,33984,13,15,0
1106,0.025,1.459,0.016,1.501,7.982,16644,10688,5956,36,17,17,1264944,33984,13,15,0
1107,0.026,1.440,0.010,1.476,1.630,16644,10688,5956,36,17,17,1264944,33984,13,15,0
1108,0.025,1.062,0.014,1.101,1.604,16644,10688,5956,36,17,17,1264944,33984,13,15,0
1109,0.024,3.490,0.009,3.524,1.234,16644,10688,5956,36,17,17,1264944,33984,13,15,0
1110,0.029,3.905,0.008,3.942,3.653,16644,10688,5956,36,17,17,1264944,33984,13,15,0
1111,0.025,13.320,0.011,13.356,4.070,16644,10688,5956,36,17,17,1264944,33984,13,15,0
1112,0.034,7.491,0.014,7.539,13.490,16644,10688,5956,36,17,17,1264944,33984,13,15,0
1113,0.045,0.986,0.011,1.043,7.694,16644,10688,5956,36,17,17,1264944,33984,13,15,0
1114,0.027,0.443,0.013,0.484,1.177,16644,10688,5956,36,17,17,1264944,33984,13,15,0
1115,0.035,1.910,0.009,1.954,0.607,16644,10688,5956,36,17,17,1264944,33984,13,15,0
1116,0.028,0.983,0.011,1.021,2.090,16644,10688,5956,36,17,17,1264944,33984,13,15,0
1117,0.026,3.366,0.009,3.402,1.159,16644,10688,5956,36,17,17,1264944,33984,13,15,0
1118,0.029,3.354,0.009,3.392,3.540,16644,10688,5956,36,17,17,1264944,33984,13,15,0
1119,0.026,13.428,0.010,13.464,3.533,16644,10688,5956,36,17,17,1264944,33984,13,15,0
1120,0.039,7.451,0.008,7.499,13.620,16644,10688,5956,36,17,17,1264944,33984,13,15,0
1121,0.035,1.023,0.011,1.069,7.656,16644,10688,5956,36,17,17,1264944,33984,13,15,0
1122,0.031,0.497,0.013,0.541,1.219,16644,10688,5956,36,17,17,1264944,33984,13,15,0
1123,0.046,1.876,0.011,1.933,0.693,16644,10688,5956,36,17,17,1264944,33984,13,15,0
1124,0.036,1.004,0.013,1.052,2.092,16644,10688,5956,36,17,17,1264944,33984,13,15,0
1125,0.037,11.702,0.029,11.768,1.211,16644,10688,5956,36,17,17,1264944,33984,13,15,0
1126,0.052,8.305,0.014,8.371,11.988,16644,10688,5956,36,17,17,1264944,33984,13,15,0
1127,0.040,7.819,0.017,7.875,8.554,16644,10688,5956,36,17,17,1264944,33984,13,15,0
1128,0.033,1.464,0.012,1.510,8.053,16644,10688,5956,36,17,17,1264944,33984,13,15,0
1129,0.035,0.443,0.014,0.492,1.689,16644,10688,5956,36,17,17,1264944,33984,13,15,0
1130,0.033,0.355,0.014,0.402,0.654,16644,10688,5956,36,17,17,1264944,33984,13,15,0
1131,0.043,1.629,0.013,1.685,0.567,16644,10688,5956,36,17,17,1264944,33984,13,15,0
1132,0.038,11.998,0.012,12.049,1.849,16644,10688,5956,36,17,17,1264944,33984,13,15,0
1133,0.035,8.437,0.014,8.486,12.230,16644,10688,5956,36,17,17,1264944,33984,13,15,0
1134,0.042,7.239,0.013,7.294,8.702,16644,10688,5956,36,17,17,1264944,33984,13,15,0
1135,0.050,0.945,0.014,1.010,7.505,16644,10688,5956,36,17,17,1264944,33984,13,15,0
1136,0.051,0.393,0.021,0.465,1.224,16644,10688,5956,36,17,17,1264944,33984,13,15,0
1137,0.041,1.624,0.012,1.677,0.657,16644,10688,5956,36,17,17,1264944,33984,13,15,0
1138,0.040,2.518,0.015,2.573,1.889,16644,10688,5956,36,17,17,1264944,33984,13,15,0
1139,0.052,1.036,0.011,1.098,2.779,16644,10688,5956,36,17,17,1264944,33984,13,15,0
1140,10.609,0.492,0.009,11.110,12.786,16644,10688,5956,36,17,17,1264944,33984,13,15,0
1141,1.978,0.311,0.010,2.299,11.222,16644,10688,5956,36,17,17,1264944,33984,13,15,0
1142,0.906,0.217,0.009,1.132,2.402,16644,10688,5956,36,17,17,1264944,33984,13,15,0
1143,0.026,1.378,0.007,1.411,1.243,16644,10688,5956,36,17,17,1264944,33984,13,15,0
1144,0.019,8.326,0.008,8.353,1.513,16644,10688,5956,36,17,17,1264944,33984,13,15,0
1145,0.018,8.028,0.008,8.054,8.449,16644,10688,5956,36,17,17,1264944,33984,13,15,0
1146,0.025,8.082,0.010,8.117,8.148,16644,10688,5956,36,17,17,1264944,33984,13,15,0
1147,0.038,8.021,0.010,8.070,8.231,16644,10688,5956,36,17,17,1264944,33984,13,15,0
1148,0.027,4.066,0.008,4.101,8.191,16644,10688,5956,36,17,17,1264944,33984,13,15,0
1149,0.021,12.828,0.008,12.857,4.212,16644,10688,5956,36,17,17,1264944,33984,13,15,0
1150,0.026,7.882,0.008,7.916,12.976,16644,10688,5956,36,17,17,1264944,33984,13,15,0
1151,0.027,1.143,0.016,1.186,8.040,16644,10688,5956,36,17,17,1264944,33984,13,15,0
1152,0.037,1.177,0.009,1.223,1.336,16644,10688,5956,36,17,17,1264944,33984,13,15,0
1153,0.024,0.962,0.014,1.000,1.348,16644,10688,5956,36,17,17,1264944,33984,13,15,0
1154,0.022,4.455,0.010,4.487,1.119,16644,10688,5956,36,17,17,1264944,33984,13,15,0
1155,0.027,3.864,0.010,3.901,4.610,16644,10688,5956,36,17,17,1264944,33984,13,15,0
1156,0.025,12.607,0.010,12.642,4.024,16644,10688,5956,36,17,17,1264944,33984,13,15,0
1157,0.027,7.940,0.010,7.978,12.765,16644,10688,5956,36,17,17,1264944,33984,13,15,0
1158,0.026,1.066,0.013,1.105,8.109,16644,10688,5956,36,17,17,1264944,33984,13,15,0
1159,0.036,0.473,0.017,0.525,1.262,16644,10688,5956,36,17,17,1264944,33984,13,15,0
1160,0.040,1.761,0.013,1.814,0.658,16644,10688,5956,36,17,17,1264944,33984,13,15,0
1161,0.027,4.391,0.015,4.432,1.946,16644,10688,5956,36,17,17,1264944,33984,13,15,0
1162,0.027,3.497,0.011,3.535,4.566,16644,10688,5956,36,17,17,1264944,33984,13,15,0
1163,0.027,13.257,0.011,13.295,3.670,16644,10688,5956,36,17,17,1264944,33984,13,15,0
1164,0.031,7.800,0.013,7.844,13.446,16644,10688,5956,36,17,17,1264944,33984,13,15,0
1165,0.050,1.083,0.034,1.167,8.005,16644,10688,5956,36,17,17,1264944,33984,13,15,0
1166,0.039,0.977,0.011,1.027,1.323,16644,10688,5956,36,17,17,1264944,33984,13,15,0
1167,0.040,1.690,0.016,1.745,1.192,16644,10688,5956,36,17,17,1264944,33984,13,15,0
1168,0.032,3.793,0.026,3.851,1.900,16644,10688,5956,36,17,17,1264944,33984,13,15,0
1169,0.033,3.739,0.014,3.786,4.001,16644,10688,5956,36,17,17,1264944,33984,13,15,0
1170,0.030,12.735,0.012,12.776,3.939,16644,10688,5956,36,17,17,1264944,33984,13,15,0
1171,0.034,7.707,0.009,7.751,12.947,16644,10688,5956,36,17,17,1264944,33984,13,15,0
1172,0.032,1.301,0.011,1.344,7.923,16644,10688,5956,36,17,17,1264944,33984,13,15,0
1173,0.040,1.404,0.013,1.458,1.530,16644,10688,5956,36,17,17,1264944,33984,13,15,0
1174,0.033,1.170,0.033,1.235,1.636,16644,10688,5956,36,17,17,1264944,33984,13,15,0
1175,0.129,0.875,0.012,1.016,1.464,16644,10688,5956,36,17,17,1264944,33984,13,15,0
1176,0.050,11.071,0.016,11.137,1.189,16644,10688,5956,36,17,17,1264944,33984,13,15,0
1177,0.036,8.619,0.016,8.670,11.319,16644,10688,5956,36,17,17,1264944,33984,13,15,0
1178,0.037,7.261,0.021,7.319,8.837,16644,10688,5956,36,17,17,1264944,33984,13,15,0
1179,0.038,0.978,0.014,1.030,7.526,16644,10688,5956,36,17,17,1264944,33984,13,15,0
1180,0.043,0.413,0.015,0.472,1.235,16644,10688,5956,36,17,17,1264944,33984,13,15,0
1181,0.040,0.494,0.016,0.550,0.661,16644,10688,5956,36,17,17,1264944,33984,13,15,0
1182,0.055,1.818,0.019,1.893,0.748,16644,10688,5956,36,17,17,1264944,33984,13,15,0
1183,0.039,3.370,0.017,3.426,2.081,16644,10688,5956,36,17,17,1264944,33984,13,15,0
1184,0.038,3.167,0.012,3.217,3.626,16644,10688,5956,36,17,17,1264944,33984,13,15,0
1185,0.048,13.441,0.013,13.502,3.420,16644,10688,5956,36,17,17,1264944,33984,13,15,0
1186,0.054,7.505,0.036,7.596,13.774,16644,10688,5956,36,17,17,1264944,33984,13,15,0
1187,0.046,0.923,0.018,0.986,7.858,16644,10688,5956,36,17,17,1264944,33984,13,15,0
1188,0.050,0.541,0.015,0.606,1.228,16644,10688,5956,36,17,17,1264944,33984,13,15,0
1189,0.063,0.688,0.029,0.780,0.844,16644,10688,5956,36,17,17,1264944,33984,13,15,0
1190,0.072,1.494,0.018,1.584,1.018,16644,10688,5956,36,17,17,1264944,33984,13,15,0
1191,0.042,2.887,0.021,2.950,1.791,16644,10688,5956,36,17,17,1264944,33984,13,15,0
1192,0.049,3.234,0.011,3.295,3.154,16644,10688,5956,36,17,17,1264944,33984,13,15,0
1193,0.051,14.093,0.018,14.162,3.515,16644,10688,5956,36,17,17,1264944,33984,13,15,0
1194,0.050,7.940,0.048,8.038,14.446,16644,10688,5956,36,17,17,1264944,33984,13,15,0
1195,0.185,0.905,0.021,1.111,8.703,16644,10688,5956,36,17,17,1264944,33984,13,15,0
1196,0.054,0.587,0.022,0.662,1.358,16644,10688,5956,36,17,17,1264944,33984,13,15,0
1197,0.058,0.428,0.022,0.508,0.911,16644,10688,5956,36,17,17,1264944,33984,13,15,0
1198,0.054,3.388,0.016,3.457,0.727,16644,10688,5956,36,17,17,1264944,33984,13,15,0
1199,0.048,2.871,0.031,2.949,3.693,16644,10688,5956,36,17,17,1264944,33984,13,15,0
1200,0.047,14.901,0.075,15.022,3.204,16644,10688,5956,36,17,17,1264944,33984,13,15,0
1201,0.196,6.551,0.027,6.773,15.644,16644,10688,5956,36,17,17,1264944,33984,13,15,0
1202,0.139,0.784,0.055,0.978,7.158,16644,10688,5956,36,17,17,1264944,33984,13,15,0
1203,0.103,0.841,0.019,0.963,1.272,16644,10688,5956,36,17,17,1264944,33984,13,15,0
1204,0.130,0.876,0.013,1.019,1.366,16644,10688,5956,36,17,17,1264944,33984,13,15,0
1205,0.055,1.456,0.017,1.528,1.268,16644,10688,5956,36,17,17,1264944,33984,13,15,0
1206,0.050,3.271,0.019,3.341,1.774,16644,10688,5956,36,17,17,1264944,33984,13,15,0
1207,0.054,15.783,0.082,15.918,3.599,16644,10688,5956,36,17,17,1264944,33984,13,15,0
1208,0.208,7.308,0.030,7.546,16.474,16644,10688,5956,36,17,17,1264944,33984,13,15,0
1209,0.154,0.925,0.038,1.117,8.358,16644,10688,5956,36,17,17,1264944,33984,13,15,0
1210,0.149,1.041,0.022,1.211,1.634,16644,10688,5956,36,17,17,1264944,33984,13,15,0
1211,0.297,0.930,0.021,1.248,1.600,16644,10688,5956,36,17,17,1264944,33984,13,15,0
1212,0.143,1.114,0.075,1.332,1.520,16644,10688,5956,36,17,17,1264944,33984,13,15,0
1213,0.054,2.596,0.015,2.665,1.743,16644,10688,5956,36,17,17,1264944,33984,13,15,0
1214,0.045,14.558,0.036,14.639,2.925,16644,10688,5956,36,17,17,1264944,33984,13,15,0
1215,0.336,7.536,0.027,7.900,15.052,16644,10688,5956,36,17,17,1264944,33984,13,15,0
1216,0.138,0.832,0.034,1.004,8.619,16644,10688,5956,36,17,17,1264944,33984,13,15,0
1217,0.113,1.014,0.027,1.155,1.322,16644,10688,5956,36,17,17,1264944,33984,13,15,0
1218,0.121,0.975,0.043,1.139,1.569,16644,10688,5956,36,17,17,1264944,33984,13,15,0
1219,0.056,0.584,0.022,0.662,1.383,16644,10688,5956,36,17,17,1264944,33984,13,15,0
1220,0.054,0.407,0.024,0.485,0.914,16644,10688,5956,36,17,17,1264944,33984,13,15,0
1221,0.047,2.862,0.020,2.929,0.704,16644,10688,5956,36,17,17,1264944,33984,13,15,0
1222,0.047,15.632,0.060,15.739,3.174,16644,10688,5956,36,17,17,1264944,33984,13,15,0
1223,0.210,7.134,0.024,7.368,16.257,16644,10688,5956,36,17,17,1264944,33984,13,15,0
1224,0.063,1.616,0.029,1.707,7.637,16644,10688,5956,36,17,17,1264944,33984,13,15,0
1225,0.213,1.076,0.021,1.309,2.128,16644,10688,5956,36,17,17,1264944,33984,13,15,0
1226,0.179,0.565,0.017,0.761,1.733,16644,10688,5956,36,17,17,1264944,33984,13,15,0
1227,0.051,0.440,0.018,0.509,0.997,16644,10688,5956,36,17,17,1264944,33984,13,15,0
1228,0.053,10.426,0.020,10.499,0.737,16644,10688,5956,36,17,17,1264944,33984,13,15,0
1229,0.053,8.083,0.016,8.152,10.754,16644,10688,5956,36,17,17,1264944,33984,13,15,0
1230,0.053,8.203,0.068,8.324,8.413,16644,10688,5956,36,17,17,1264944,33984,13,15,0
1231,0.220,0.816,0.017,1.053,8.908,16644,10688,5956,36,17,17,1264944,33984,13,15,0
1232,0.060,0.649,0.022,0.732,1.286,16644,10688,5956,36,17,17,1264944,33984,13,15,0
1233,0.055,1.667,0.027,1.749,0.977,16644,10688,5956,36,17,17,1264944,33984,13,15,0
1234,0.051,2.298,0.025,2.375,1.995,16644,10688,5956,36,17,17,1264944,33984,13,15,0
1235,0.051,2.871,0.028,2.949,2.616,16644,10688,5956,36,17,17,1264944,33984,13,15,0
1236,0.048,14.422,0.067,14.538,3.188,16644,10688,5956,36,17,17,1264944,33984,13,15,0
1237,0.218,7.311,0.028,7.557,15.060,16644,10688,5956,36,17,17,1264944,33984,13,15,0
1238,0.160,0.943,0.038,1.141,8.388,16644,10688,5956,36,17,17,1264944,33984,13,15,0
1239,0.372,1.051,0.027,1.450,1.501,16644,10688,5956,36,17,17,1264944,33984,13,15,0
1240,0.149,0.773,0.019,0.941,1.843,16644,10688,5956,36,17,17,1264944,33984,13,15,0
1241,0.052,0.512,0.014,0.578,1.188,16644,10688,5956,36,17,17,1264944,33984,13,15,0
1242,0.057,0.471,0.023,0.551,0.819,16644,10688,5956,36,17,17,1264944,33984,13,15,0
1243,0.049,2.968,0.022,3.039,0.767,16644,10688,5956,36,17,17,1264944,33984,13,15,0
1244,0.055,15.632,0.071,15.757,3.305,16644,10688,5956,36,17,17,1264944,33984,13,15,0
1245,0.195,6.038,0.015,6.248,16.250,16644,10688,5956,36,17,17,1264944,33984,13,15,0
1246,0.064,1.023,0.020,1.107,6.509,16644,10688,5956,36,17,17,1264944,33984,13,15,0
1247,0.065,0.475,0.014,0.554,1.351,16644,10688,5956,36,17,17,1264944,33984,13,15,0
1248,0.049,1.536,0.020,1.606,0.782,16644,10688,5956,36,17,17,1264944,33984,13,15,0
1249,0.049,0.917,0.019,0.985,1.847,16644,10688,5956,36,17,17,1264944,33984,13,15,0
1250,0.062,4.045,0.048,4.155,1.222,16644,10688,5956,36,17,17,1264944,33984,13,15,0
1251,0.203,15.786,0.055,16.044,4.491,16644,10688,5956,36,17,17,1264944,33984,13,15,0
1252,0.149,7.269,0.065,7.483,16.592,16644,10688,5956,36,17,17,1264944,33984,13,15,0
1253,0.150,1.031,0.042,1.223,8.298,16644,10688,5956,36,17,17,1264944,33984,13,15,0
1254,0.152,1.157,0.024,1.334,1.675,16644,10688,5956,36,17,17,1264944,33984,13,15,0
1255,0.171,1.167,0.022,1.359,1.823,16644,10688,5956,36,17,17,1264944,33984,13,15,0
1256,0.141,1.080,0.028,1.248,1.710,16644,10688,5956,36,17,17,1264944,33984,13,15,0
1257,0.124,2.817,0.015,2.956,1.552,16644,10688,5956,36,17,17,1264944,33984,13,15,0
1258,0.049,14.168,0.050,14.268,3.204,16644,10688,5956,36,17,17,1264944,33984,13,15,0
1259,0.204,7.517,0.050,7.771,14.796,16644,10688,5956,36,17,17,1264944,33984,13,15,0
1260,0.163,0.966,117.451,118.580,8.776,16644,10688,5956,36,17,17,1264944,33984,13,15,0
1261,0.056,0.379,0.015,0.450,118.690,16644,10688,5956,36,17,17,1264944,33984,13,15,0
1262,0.031,3.560,0.017,3.608,0.564,16644,10688,5956,36,17,17,1264944,33984,13,15,0
1263,0.032,8.157,0.010,8.199,3.708,16644,10688,5956,36,17,17,1264944,33984,13,15,0
1264,0.021,1.350,0.009,1.380,8.293,16644,10688,5956,36,17,17,1264944,33984,13,15,0
1265,0.021,1.557,0.007,1.586,1.482,16644,10688,5956,36,17,17,1264944,33984,13,15,0
1266,0.019,1.244,0.009,1.273,1.680,16644,10688,5956,36,17,17,1264944,33984,13,15,0
1267,0.019,3.852,0.008,3.879,1.360,16644,10688,5956,36,17,17,1264944,33984,13,15,0
1268,0.022,3.248,0.007,3.277,3.976,16644,10688,5956,36,17,17,1264944,33984,13,15,0
1269,0.019,13.280,0.006,13.305,3.380,16644,10688,5956,36,17,17,1264944,33984,13,15,0
1270,0.020,7.876,0.007,7.903,13.406,16644,10688,5956,36,17,17,1264944,33984,13,15,0
1271,0.020,1.191,0.009,1.220,8.009,16644,10688,5956,36,17,17,1264944,33984,13,15,0
1272,0.022,1.084,0.009,1.115,1.331,16644,10688,5956,36,17,17,1264944,33984,13,15,0
1273,0.022,1.327,0.009,1.358,1.221,16644,10688,5956,36,17,17,1264944,33984,13,15,0
1274,0.023,3.148,0.006,3.177,1.455,16644,10688,5956,36,17,17,1264944,33984,13,15,0
1275,0.022,0.802,0.008,0.832,3.287,16644,10688,5956,36,17,17,1264944,33984,13,15,0
1276,0.020,3.555,0.007,3.582,0.928,16644,10688,5956,36,17,17,1264944,33984,13,15,0
1277,0.021,13.517,0.006,13.544,3.690,16644,10688,5956,36,17,17,1264944,33984,13,15,0
1278,0.026,7.517,0.006,7.549,13.703,16644,10688,5956,36,17,17,1264944,33984,13,15,0
1279,0.026,1.069,0.015,1.111,7.673,16644,10688,5956,36,17,17,1264944,33984,13,15,0
1280,0.022,0.522,0.012,0.557,1.230,16644,10688,5956,36,17,17,1264944,33984,13,15,0
1281,0.037,0.690,0.011,0.738,0.688,16644,10688,5956,36,17,17,1264944,33984,13,15,0
1282,0.024,2.510,0.010,2.545,0.868,16644,10688,5956,36,17,17,1264944,33984,13,15,0
1283,0.024,4.113,0.009,4.146,2.671,16644,10688,5956,36,17,17,1264944,33984,13,15,0
1284,0.025,15.649,0.010,15.684,4.272,16644,10688,5956,36,17,17,1264944,33984,13,15,0
1285,0.029,7.729,0.009,7.767,15.827,16644,10688,5956,36,17,17,1264944,33984,13,15,0
1286,0.030,1.119,0.013,1.163,7.901,16644,10688,5956,36,17,17,1264944,33984,13,15,0
1287,0.032,0.364,0.010,0.406,1.307,16644,10688,5956,36,17,17,1264944,33984,13,15,0
1288,0.028,1.925,0.012,1.965,0.527,16644,10688,5956,36,17,17,1264944,33984,13,15,0
1289,0.038,0.906,0.010,0.955,2.112,16644,10688,5956,36,17,17,1264944,33984,13,15,0
1290,0.028,3.275,0.010,3.313,1.094,16644,10688,5956,36,17,17,1264944,33984,13,15,0
1291,0.028,2.899,0.010,2.936,3.450,16644,10688,5956,36,17,17,1264944,33984,13,15,0
1292,0.025,13.708,0.009,13.742,3.073,16644,10688,5956,36,17,17,1264944,33984,13,15,0
1293,0.031,7.734,0.016,7.780,13.899,16644,10688,5956,36,17,17,1264944,33984,13,15,0
1294,0.035,1.345,0.009,1.388,7.932,16644,10688,5956,36,17,17,1264944,33984,13,15,0
1295,0.029,1.196,0.011,1.235,1.539,16644,10688,5956,36,17,17,1264944,33984,13,15,0
1296,0.028,0.462,0.013,0.504,1.387,16644,10688,5956,36,17,17,1264944,33984,13,15,0
1297,0.032,1.971,0.013,2.016,0.642,16644,10688,5956,36,17,17,1264944,33984,13,15,0
1298,0.033,3.327,0.010,3.370,2.167,16644,10688,5956,36,17,17,1264944,33984,13,15,0
1299,0.028,16.048,0.009,16.085,3.521,16644,10688,5956,36,17,17,1264944,33984,13,15,0
1300,0.033,7.780,0.011,7.824,16.273,16644,10688,5956,36,17,17,1264944,33984,13,15,0
1301,0.042,0.993,0.017,1.052,8.004,16644,10688,5956,36,17,17,1264944,33984,13,15,0
1302,0.052,0.464,0.013,0.529,1.223,16644,10688,5956,36,17,17,1264944,33984,13,15,0
1303,0.042,0.548,0.012,0.602,0.712,16644,10688,5956,36,17,17,1264944,33984,13,15,0
1304,0.034,1.843,0.014,1.892,0.785,16644,10688,5956,36,17,17,1264944,33984,13,15,0
1305,0.039,3.048,0.016,3.103,2.079,16644,10688,5956,36,17,17,1264944,33984,13,15,0
1306,0.036,3.264,0.010,3.311,3.275,16644,10688,5956,36,17,17,1264944,33984,13,15,0
1307,0.033,13.632,0.015,13.680,3.496,16644,10688,5956,36,17,17,1264944,33984,13,15,0
1308,0.039,7.768,0.019,7.826,13.881,16644,10688,5956,36,17,17,1264944,33984,13,15,0
1309,0.038,0.915,0.014,0.966,8.037,16644,10688,5956,36,17,17,1264944,33984,13,15,0
1310,0.053,0.364,0.016,0.432,1.165,16644,10688,5956,36,17,17,1264944,33984,13,15,0
1311,0.038,2.490,0.025,2.554,0.613,16644,10688,5956,36,17,17,1264944,33984,13,15,0
1312,0.143,0.612,0.022,0.777,2.820,16644,10688,5956,36,17,17,1264944,33984,13,15,0
1313,0.045,11.474,0.031,11.550,0.967,16644,10688,5956,36,17,17,1264944,33984,13,15,0
1314,0.060,8.129,0.014,8.203,11.802,16644,10688,5956,36,17,17,1264944,33984,13,15,0
1315,0.063,7.724,0.020,7.807,8.467,16644,10688,5956,36,17,17,1264944,33984,13,15,0
1316,0.048,1.303,0.030,1.381,8.063,16644,10688,5956,36,17,17,1264944,33984,13,15,0
1317,0.046,0.469,0.025,0.539,1.629,16644,10688,5956,36,17,17,1264944,33984,13,15,0
1318,0.050,1.407,0.039,1.497,0.766,16644,10688,5956,36,17,17,1264944,33984,13,15,0
1319,0.061,3.871,0.171,4.103,1.763,16644,10688,5956,36,17,17,1264944,33984,13,15,0
1320,6.141,2.457,0.014,8.612,8.127,16750,10752,5998,36,17,17,1273000,34824,13,15,0
1321,1.375,6.741,0.012,8.128,8.812,16750,10752,5998,36,17,17,1273000,34824,13,15,0
1322,3.156,4.510,0.012,7.679,8.317,16750,10752,5998,36,17,17,1273000,34824,13,15,0
1323,0.028,8.375,0.013,8.416,7.853,16750,10752,5998,36,17,17,1273000,34824,13,15,0
1324,0.033,7.975,0.020,8.028,8.604,16750,10752,5998,36,17,17,1273000,34824,13,15,0
1325,0.036,7.905,0.011,7.952,8.220,16750,10752,5998,36,17,17,1273000,34824,13,15,0
1326,0.033,7.986,0.011,8.031,8.142,16750,10752,5998,36,17,17,1273000,34824,13,15,0
1327,0.035,1.159,0.020,1.213,8.232,16750,10752,5998,36,17,17,1273000,34824,13,15,0
1328,0.055,0.433,0.017,0.505,1.458,16750,10752,5998,36,17,17,1273000,34824,13,15,0
1329,0.034,1.702,0.013,1.750,0.697,16750,10752,5998,36,17,17,1273000,34824,13,15,0
1330,0.035,1.208,0.016,1.259,1.951,16750,10752,5998,36,17,17,1273000,34824,13,15,0
1331,0.044,0.923,0.024,0.991,1.475,16750,10752,5998,36,17,17,1273000,34824,13,15,0
1332,0.039,1.196,0.012,1.247,1.186,16750,10752,5998,36,17,17,1273000,34824,13,15,0
1333,0.039,4.327,0.011,4.377,1.452,16750,10752,5998,36,17,17,1273000,34824,13,15,0
1334,0.034,12.518,0.015,12.568,4.584,16750,10752,5998,36,17,17,1273000,34824,13,15,0
1335,0.034,7.597,0.013,7.644,12.789,16750,10752,5998,36,17,17,1273000,34824,13,15,0
1336,0.039,1.138,0.014,1.191,7.902,16750,10752,5998,36,17,17,1273000,34824,13,15,0
1337,0.050,1.046,0.020,1.116,1.440,16750,10752,5998,36,17,17,1273000,34824,13,15,0
1338,0.060,0.472,0.018,0.550,1.382,16750,10752,5998,36,17,17,1273000,34824,13,15,0
1339,0.043,0.643,0.015,0.701,0.781,16750,10752,5998,36,17,17,1273000,34824,13,15,0
1340,0.044,0.482,0.023,0.548,0.933,16750,10752,5998,36,17,17,1273000,34824,13,15,0
1341,0.044,0.901,0.027,0.972,0.796,16750,10752,5998,36,17,17,1273000,34824,13,15,0
1342,0.043,3.858,0.013,3.913,1.194,16750,10752,5998,36,17,17,1273000,34824,13,15,0
1343,0.042,15.815,0.062,15.919,4.163,16750,10752,5998,36,17,17,1273000,34824,13,15,0
1344,0.215,6.856,0.041,7.113,16.413,16750,10752,5998,36,17,17,1273000,34824,13,15,0
1345,0.188,1.028,0.036,1.252,7.792,16750,10752,5998,36,17,17,1273000,34824,13,15,0
1346,0.243,0.578,0.015,0.836,1.706,16750,10752,5998,36,17,17,1273000,34824,13,15,0
1347,0.044,1.127,0.021,1.192,1.081,16750,10752,5998,36,17,17,1273000,34824,13,15,0
1348,0.044,11.036,0.016,11.096,1.452,16750,10752,5998,36,17,17,1273000,34824,13,15,0
1349,0.042,9.254,0.076,9.372,11.354,16750,10752,5998,36,17,17,1273000,34824,13,15,0
1350,0.335,6.938,0.039,7.311,9.888,16750,10752,5998,36,17,17,1273000,34824,13,15,0
1351,0.161,1.113,0.021,1.294,8.011,16750,10752,5998,36,17,17,1273000,34824,13,15,0
1352,0.059,0.771,0.020,0.849,1.568,16750,10752,5998,36,17,17,1273000,34824,13,15,0
1353,0.043,1.177,0.029,1.248,1.080,16750,10752,5998,36,17,17,1273000,34824,13,15,0
1354,0.054,2.049,0.019,2.122,1.511,16750,10752,5998,36,17,17,1273000,34824,13,15,0
1355,0.041,4.237,0.014,4.293,2.366,16750,10752,5998,36,17,17,1273000,34824,13,15,0
1356,0.040,12.601,0.013,12.654,4.549,16750,10752,5998,36,17,17,1273000,34824,13,15,0
1357,0.040,8.740,0.071,8.852,12.929,16750,10752,5998,36,17,17,1273000,34824,13,15,0
1358,0.345,1.134,0.019,1.497,9.363,16750,10752,5998,36,17,17,1273000,34824,13,15,0
1359,0.048,0.526,0.014,0.588,1.753,16750,10752,5998,36,17,17,1273000,34824,13,15,0
1360,0.040,0.838,0.045,0.923,0.821,16750,10752,5998,36,17,17,1273000,34824,13,15,0
1361,0.043,5.563,0.014,5.620,1.165,16750,10752,5998,36,17,17,1273000,34824,13,15,0
1362,0.056,15.056,0.074,15.187,5.878,16750,10752,5998,36,17,17,1273000,34824,13,15,0
1363,0.329,6.983,0.038,7.350,15.689,16750,10752,5998,36,17,17,1273000,34824,13,15,0
1364,0.167,1.125,0.072,1.364,8.082,16750,10752,5998,36,17,17,1273000,34824,13,15,0
1365,0.161,0.618,0.016,0.795,1.868,16750,10752,5998,36,17,17,1273000,34824,13,15,0
1366,0.047,2.387,0.031,2.465,1.034,16750,10752,5998,36,17,17,1273000,34824,13,15,0
1367,0.215,1.453,0.024,1.692,2.815,16750,10752,5998,36,17,17,1273000,34824,13,15,0
1368,0.053,7.470,0.025,7.548,1.918,16750,10752,5998,36,17,17,1273000,34824,13,15,0
1369,0.038,5.518,0.015,5.571,7.772,16750,10752,5998,36,17,17,1273000,34824,13,15,0
1370,0.042,10.517,0.024,10.583,5.819,16750,10752,5998,36,17,17,1273000,34824,13,15,0
1371,0.046,7.858,0.023,7.927,10.853,16750,10752,5998,36,17,17,1273000,34824,13,15,0
1372,0.057,5.414,0.043,5.514,8.192,16750,10752,5998,36,17,17,1273000,34824,13,15,0
1373,0.188,11.682,0.055,11.925,6.201,16750,10752,5998,36,17,17,1273000,34824,13,15,0
1374,0.186,6.750,0.036,6.972,12.387,16750,10752,5998,36,17,17,1273000,34824,13,15,0
1375,0.136,0.937,0.022,1.096,7.661,16750,10752,5998,36,17,17,1273000,34824,13,15,0
1376,0.059,1.075,0.021,1.156,1.364,16750,10752,5998,36,17,17,1273000,34824,13,15,0
1377,0.045,1.102,0.023,1.170,1.413,16750,10752,5998,36,17,17,1273000,34824,13,15,0
1378,0.066,12.344,0.068,12.478,1.455,16750,10752,5998,36,17,17,1273000,34824,13,15,0
1379,0.331,7.067,0.050,7.448,12.991,16750,10752,5998,36,17,17,1273000,34824,13,15,0
1380,0.161,7.037,0.034,7.232,8.020,16750,10752,5998,36,17,17,1273000,34824,13,15,0
1381,0.181,0.952,0.044,1.177,7.772,16750,10752,5998,36,17,17,1273000,34824,13,15,0
1382,0.157,1.101,0.022,1.280,1.625,16750,10752,5998,36,17,17,1273000,34824,13,15,0
1383,0.056,1.251,0.028,1.335,1.540,16750,10752,5998,36,17,17,1273000,34824,13,15,0
1384,0.064,6.709,0.068,6.841,1.602,16750,10752,5998,36,17,17,1273000,34824,13,15,0
1385,0.321,12.910,0.054,13.285,7.298,16750,10752,5998,36,17,17,1273000,34824,13,15,0
1386,0.187,6.940,0.046,7.173,13.799,16750,10752,5998,36,17,17,1273000,34824,13,15,0
1387,0.143,1.085,0.046,1.274,7.812,16750,10752,5998,36,17,17,1273000,34824,13,15,0
1388,0.151,1.139,0.031,1.320,1.888,16750,10752,5998,36,17,17,1273000,34824,13,15,0
1389,0.059,1.100,0.015,1.174,1.627,16750,10752,5998,36,17,17,1273000,34824,13,15,0
1390,0.052,4.894,0.016,4.962,1.428,16750,10752,5998,36,17,17,1273000,34824,13,15,0
1391,0.042,14.659,0.064,14.765,5.214,16750,10752,5998,36,17,17,1273000,34824,13,15,0
1392,0.341,6.645,0.043,7.029,15.298,16750,10752,5998,36,17,17,1273000,34824,13,15,0
1393,0.166,0.995,0.056,1.217,7.687,16750,10752,5998,36,17,17,1273000,34824,13,15,0
1394,0.050,0.865,0.023,0.939,1.612,16750,10752,5998,36,17,17,1273000,34824,13,15,0
1395,0.046,1.076,0.024,1.146,1.187,16750,10752,5998,36,17,17,1273000,34824,13,15,0
1396,0.041,2.333,0.015,2.390,1.408,16750,10752,5998,36,17,17,1273000,34824,13,15,0
1397,0.047,5.946,0.068,6.062,2.635,16750,10752,5998,36,17,17,1273000,34824,13,15,0
1398,0.069,11.229,0.051,11.349,6.616,16750,10752,5998,36,17,17,1273000,34824,13,15,0
1399,0.334,7.308,0.043,7.684,11.898,16750,10752,5998,36,17,17,1273000,34824,13,15,0
1400,0.199,1.052,0.055,1.306,8.219,16750,10752,5998,36,17,17,1273000,34824,13,15,0
1401,0.059,0.619,0.021,0.698,1.960,16750,10752,5998,36,17,17,1273000,34824,13,15,0
1402,0.044,0.743,0.019,0.806,0.933,16750,10752,5998,36,17,17,1273000,34824,13,15,0
1403,0.043,0.424,0.027,0.494,1.038,16750,10752,5998,36,17,17,1273000,34824,13,15,0
1404,0.040,4.573,0.019,4.632,0.715,16750,10752,5998,36,17,17,1273000,34824,13,15,0
1405,0.055,15.297,0.062,15.413,4.894,16750,10752,5998,36,17,17,1273000,34824,13,15,0
1406,0.320,5.925,0.017,6.262,15.880,16750,10752,5998,36,17,17,1273000,34824,13,15,0
1407,0.051,1.175,0.020,1.247,6.554,16750,10752,5998,36,17,17,1273000,34824,13,15,0
1408,0.047,0.485,0.023,0.555,1.511,16750,10752,5998,36,17,17,1273000,34824,13,15,0
1409,0.041,1.647,0.017,1.705,0.788,16750,10752,5998,36,17,17,1273000,34824,13,15,0
1410,0.042,1.072,0.017,1.131,1.949,16750,10752,5998,36,17,17,1273000,34824,13,15,0
1411,0.041,12.463,0.068,12.571,1.378,16750,10752,5998,36,17,17,1273000,34824,13,15,0
1412,0.240,6.959,0.052,7.251,13.132,16750,10752,5998,36,17,17,1273000,34824,13,15,0
1413,0.154,7.197,0.044,7.395,7.859,16750,10752,5998,36,17,17,1273000,34824,13,15,0
1414,0.155,1.093,0.031,1.280,8.226,16750,10752,5998,36,17,17,1273000,34824,13,15,0
1415,0.158,0.985,0.025,1.168,1.620,16750,10752,5998,36,17,17,1273000,34824,13,15,0
1416,0.173,0.954,0.019,1.145,1.826,16750,10752,5998,36,17,17,1273000,34824,13,15,0
1417,0.050,1.684,0.023,1.756,1.477,16750,10752,5998,36,17,17,1273000,34824,13,15,0
1418,0.046,7.983,0.020,8.049,2.022,16750,10752,5998,36,17,17,1273000,34824,13,15,0
1419,0.041,5.947,0.066,6.054,8.295,16750,10752,5998,36,17,17,1273000,34824,13,15,0
1420,0.255,10.795,0.043,11.093,6.526,16750,10752,5998,36,17,17,1273000,34824,13,15,0
1421,0.137,6.858,0.056,7.052,11.730,16750,10752,5998,36,17,17,1273000,34824,13,15,0
1422,0.198,4.401,0.055,4.654,7.557,16750,10752,5998,36,17,17,1273000,34824,13,15,0
1423,0.049,11.474,0.048,11.571,5.253,16750,10752,5998,36,17,17,1273000,34824,13,15,0
1424,0.263,6.837,0.045,7.145,12.028,16750,10752,5998,36,17,17,1273000,34824,13,15,0
1425,0.157,1.043,0.023,1.223,7.873,16750,10752,5998,36,17,17,1273000,34824,13,15,0
1426,0.060,0.785,0.015,0.860,1.482,16750,10752,5998,36,17,17,1273000,34824,13,15,0
1427,0.047,0.961,0.017,1.026,1.114,16750,10752,5998,36,17,17,1273000,34824,13,15,0
1428,0.042,1.528,0.022,1.591,1.292,16750,10752,5998,36,17,17,1273000,34824,13,15,0
1429,0.047,0.743,0.014,0.804,1.866,16750,10752,5998,36,17,17,1273000,34824,13,15,0
1430,0.040,4.673,0.014,4.727,1.039,16750,10752,5998,36,17,17,1273000,34824,13,15,0
1431,0.041,12.011,0.025,12.077,4.990,16750,10752,5998,36,17,17,1273000,34824,13,15,0
1432,0.043,8.902,0.071,9.015,12.339,16750,10752,5998,36,17,17,1273000,34824,13,15,0
1433,0.317,1.135,0.043,1.494,9.538,16750,10752,5998,36,17,17,1273000,34824,13,15,0
1434,0.049,0.529,0.014,0.592,1.904,16750,10752,5998,36,17,17,1273000,34824,13,15,0
1435,0.040,0.763,0.025,0.828,0.821,16750,10752,5998,36,17,17,1273000,34824,13,15,0
1436,0.051,5.261,0.012,5.324,1.090,16750,10752,5998,36,17,17,1273000,34824,13,15,0
1437,0.037,14.164,0.023,14.224,5.524,16750,10752,5998,36,17,17,1273000,34824,13,15,0
1438,0.055,8.949,0.030,9.033,14.486,16750,10752,5998,36,17,17,1273000,34824,13,15,0
1439,0.048,0.492,0.019,0.559,9.285,16750,10752,5998,36,17,17,1273000,34824,13,15,0
1440,0.043,1.792,118.719,120.554,0.794,16750,10752,5998,36,17,17,1273000,34824,13,15,0
1441,0.056,0.366,0.011,0.433,120.666,16750,10752,5998,36,17,17,1273000,34824,13,15,0
1442,0.023,2.056,0.009,2.089,0.530,16750,10752,5998,36,17,17,1273000,34824,13,15,0
1443,0.043,6.925,0.008,6.976,2.199,16750,10752,5998,36,17,17,1273000,34824,13,15,0
1444,0.028,1.167,0.015,1.210,7.087,16750,10752,5998,36,17,17,1273000,34824,13,15,0
1445,0.023,1.041,0.007,1.071,1.313,16750,10752,5998,36,17,17,1273000,34824,13,15,0
1446,0.020,1.146,0.012,1.179,1.168,16750,10752,5998,36,17,17,1273000,34824,13,15,0
1447,0.029,1.509,0.014,1.552,1.281,16750,10752,5998,36,17,17,1273000,34824,13,15,0
1448,0.074,0.370,0.009,0.453,1.679,16750,10752,5998,36,17,17,1273000,34824,13,15,0
1449,0.028,2.478,0.011,2.517,0.558,16750,10752,5998,36,17,17,1273000,34824,13,15,0
1450,0.023,3.652,0.008,3.683,2.609,16750,10752,5998,36,17,17,1273000,34824,13,15,0
1451,0.019,12.786,0.008,12.813,3.786,16750,10752,5998,36,17,17,1273000,34824,13,15,0
1452,0.023,7.892,0.009,7.924,12.921,16750,10752,5998,36,17,17,1273000,34824,13,15,0
1453,0.022,1.294,0.006,1.321,8.033,16750,10752,5998,36,17,17,1273000,34824,13,15,0
1454,0.024,1.303,0.011,1.338,1.432,16750,10752,5998,36,17,17,1273000,34824,13,15,0
1455,0.017,1.095,0.015,1.128,1.445,16750,10752,5998,36,17,17,1273000,34824,13,15,0
1456,0.020,1.253,0.007,1.279,1.243,16750,10752,5998,36,17,17,1273000,34824,13,15,0
1457,0.024,11.234,0.013,11.272,1.388,16750,10752,5998,36,17,17,1273000,34824,13,15,0
1458,0.022,8.806,0.009,8.837,11.386,16750,10752,5998,36,17,17,1273000,34824,13,15,0
1459,0.023,7.518,0.007,7.548,8.967,16750,10752,5998,36,17,17,1273000,34824,13,15,0
1460,0.026,1.081,0.031,1.137,7.680,16750,10752,5998,36,17,17,1273000,34824,13,15,0
1461,0.024,1.440,0.017,1.481,1.252,16750,10752,5998,36,17,17,1273000,34824,13,15,0
1462,0.031,1.255,0.011,1.297,1.611,16750,10752,5998,36,17,17,1273000,34824,13,15,0
1463,0.022,1.073,0.011,1.105,1.426,16750,10752,5998,36,17,17,1273000,34824,13,15,0
1464,0.022,11.213,0.012,11.247,1.231,16750,10752,5998,36,17,17,1273000,34824,13,15,0
1465,0.025,8.696,0.009,8.730,11.391,16750,10752,5998,36,17,17,1273000,34824,13,15,0
1466,0.024,7.421,0.008,7.453,8.867,16750,10752,5998,36,17,17,1273000,34824,13,15,0
1467,0.029,1.056,0.009,1.094,7.605,16750,10752,5998,36,17,17,1273000,34824,13,15,0
1468,0.027,1.191,0.010,1.228,1.229,16750,10752,5998,36,17,17,1273000,34824,13,15,0
1469,0.030,0.526,0.010,0.566,1.372,16750,10752,5998,36,17,17,1273000,34824,13,15,0
1470,0.024,0.552,0.016,0.593,0.696,16750,10752,5998,36,17,17,1273000,34824,13,15,0
1471,0.045,1.071,0.008,1.124,0.721,16750,10752,5998,36,17,17,1273000,34824,13,15,0
1472,0.025,4.170,0.011,4.205,1.258,16750,10752,5998,36,17,17,1273000,34824,13,15,0
1473,0.025,15.819,0.017,15.860,4.347,16750,10752,5998,36,17,17,1273000,34824,13,15,0
1474,0.030,7.670,0.014,7.714,16.011,16750,10752,5998,36,17,17,1273000,34824,13,15,0
1475,0.030,1.415,0.010,1.454,7.877,16750,10752,5998,36,17,17,1273000,34824,13,15,0
1476,0.026,1.449,0.012,1.488,1.608,16750,10752,5998,36,17,17,1273000,34824,13,15,0
1477,0.028,0.967,0.009,1.004,1.641,16750,10752,5998,36,17,17,1273000,34824,13,15,0
1478,0.024,0.991,0.020,1.036,1.155,16750,10752,5998,36,17,17,1273000,34824,13,15,0
1479,0.025,4.916,0.011,4.952,1.184,16750,10752,5998,36,17,17,1273000,34824,13,15,0
1480,0.032,14.429,0.016,14.476,5.118,16750,10752,5998,36,17,17,1273000,34824,13,15,0
1481,0.034,7.961,0.012,8.006,14.649,16750,10752,5998,36,17,17,1273000,34824,13,15,0
1482,0.030,1.053,0.012,1.095,8.197,16750,10752,5998,36,17,17,1273000,34824,13,15,0
1483,0.029,1.331,0.010,1.370,1.274,16750,10752,5998,36,17,17,1273000,34824,13,15,0
1484,0.035,1.019,0.012,1.066,1.556,16750,10752,5998,36,17,17,1273000,34824,13,15,0
1485,0.071,0.939,0.015,1.025,1.343,16750,10752,5998,36,17,17,1273000,34824,13,15,0
1486,0.038,11.155,0.017,11.210,1.252,16750,10752,5998,36,17,17,1273000,34824,13,15,0
1487,0.031,8.934,0.024,8.988,11.382,16750,10752,5998,36,17,17,1273000,34824,13,15,0
1488,0.035,7.063,0.021,7.120,9.219,16750,10752,5998,36,17,17,1273000,34824,13,15,0
1489,0.034,1.093,0.012,1.138,7.342,16750,10752,5998,36,17,17,1273000,34824,13,15,0
1490,0.044,0.442,0.026,0.512,1.346,16750,10752,5998,36,17,17,1273000,34824,13,15,0
1491,0.036,2.036,0.013,2.086,0.710,16750,10752,5998,36,17,17,1273000,34824,13,15,0
1492,0.035,1.776,0.011,1.822,2.287,16750,10752,5998,36,17,17,1273000,34824,13,15,0
1493,0.034,10.586,0.017,10.637,2.022,16750,10752,5998,36,17,17,1273000,34824,13,15,0
1494,0.034,8.629,0.023,8.686,10.842,16750,10752,5998,36,17,17,1273000,34824,13,15,0
1495,0.040,7.248,0.038,7.326,8.932,16750,10752,5998,36,17,17,1273000,34824,13,15,0
1496,0.040,8.371,0.050,8.461,7.577,16750,10752,5998,36,17,17,1273000,34824,13,15,0
1497,0.252,7.279,0.045,7.575,9.048,16750,10752,5998,36,17,17,1273000,34824,13,15,0
1498,0.063,8.616,0.053,8.732,7.842,16750,10752,5998,36,17,17,1273000,34824,13,15,0
1499,0.223,6.496,0.021,6.740,9.312,16750,10752,5998,36,17,17,1273000,34824,13,15,0
1500,12.852,0.604,0.017,13.473,4.891,16644,10688,5956,36,17,17,1264944,33984,13,15,0
1501,2.796,0.384,0.014,3.194,13.630,16644,10688,5956,36,17,17,1264944,33984,13,15,0
1502,1.158,2.062,0.018,3.238,3.313,16644,10688,5956,36,17,17,1264944,33984,13,15,0
1503,0.025,8.003,0.012,8.039,3.383,16644,10688,5956,36,17,17,1264944,33984,13,15,0
1504,0.030,8.403,0.014,8.447,8.156,16644,10688,5956,36,17,17,1264944,33984,13,15,0
1505,0.023,7.774,0.009,7.807,8.559,16644,10688,5956,36,17,17,1264944,33984,13,15,0
1506,0.038,8.053,0.013,8.104,7.943,16644,10688,5956,36,17,17,1264944,33984,13,15,0
1507,0.032,8.217,0.007,8.256,8.234,16644,10688,5956,36,17,17,1264944,33984,13,15,0
1508,0.030,1.187,0.023,1.240,8.392,16644,10688,5956,36,17,17,1264944,33984,13,15,0
1509,0.028,0.518,0.014,0.561,1.371,16644,10688,5956,36,17,17,1264944,33984,13,15,0
1510,0.032,1.849,0.013,1.894,0.675,16644,10688,5956,36,17,17,1264944,33984,13,15,0
1511,0.027,4.243,0.011,4.280,2.026,16644,10688,5956,36,17,17,1264944,33984,13,15,0
1512,0.026,3.442,0.010,3.478,4.411,16644,10688,5956,36,17,17,1264944,33984,13,15,0
1513,0.024,13.088,0.009,13.122,3.608,16644,10688,5956,36,17,17,1264944,33984,13,15,0
1514,0.029,7.822,0.011,7.862,13.264,16644,10688,5956,36,17,17,1264944,33984,13,15,0
1515,0.026,1.184,0.012,1.221,7.997,16644,10688,5956,36,17,17,1264944,33984,13,15,0
1516,0.033,0.462,0.011,0.506,1.375,16644,10688,5956,36,17,17,1264944,33984,13,15,0
1517,0.030,1.774,0.011,1.815,0.628,16644,10688,5956,36,17,17,1264944,33984,13,15,0
1518,0.026,3.260,0.012,3.298,1.958,16644,10688,5956,36,17,17,1264944,33984,13,15,0
1519,0.029,0.901,0.011,0.942,3.444,16644,10688,5956,36,17,17,1264944,33984,13,15,0
1520,0.028,2.686,0.009,2.723,1.065,16644,10688,5956,36,17,17,1264944,33984,13,15,0
1521,0.041,14.144,0.018,14.203,2.873,16644,10688,5956,36,17,17,1264944,33984,13,15,0
1522,0.041,7.832,0.011,7.884,14.361,16644,10688,5956,36,17,17,1264944,33984,13,15,0
1523,0.033,1.115,0.015,1.163,8.040,16644,10688,5956,36,17,17,1264944,33984,13,15,0
1524,0.037,0.573,0.015,0.625,1.319,16644,10688,5956,36,17,17,1264944,33984,13,15,0
1525,0.034,0.463,0.016,0.514,0.777,16644,10688,5956,36,17,17,1264944,33984,13,15,0
1526,0.032,1.693,0.019,1.743,0.669,16644,10688,5956,36,17,17,1264944,33984,13,15,0
1527,0.047,3.827,0.013,3.888,1.893,16644,10688,5956,36,17,17,1264944,33984,13,15,0
1528,0.030,3.599,0.010,3.640,4.038,16644,10688,5956,36,17,17,1264944,33984,13,15,0
1529,0.029,12.414,0.010,12.453,3.811,16644,10688,5956,36,17,17,1264944,33984,13,15,0
1530,0.034,8.010,0.014,8.058,12.633,16644,10688,5956,36,17,17,1264944,33984,13,15,0
1531,0.043,0.946,0.012,1.001,8.245,16644,10688,5956,36,17,17,1264944,33984,13,15,0
1532,0.036,0.391,0.016,0.443,1.177,16644,10688,5956,36,17,17,1264944,33984,13,15,0
1533,0.042,0.520,0.012,0.574,0.605,16644,10688,5956,36,17,17,1264944,33984,13,15,0
1534,0.035,4.096,0.012,4.143,0.745,16644,10688,5956,36,17,17,1264944,33984,13,15,0
1535,0.034,0.935,0.010,0.979,4.317,16644,10688,5956,36,17,17,1264944,33984,13,15,0
1536,0.034,3.238,0.011,3.283,1.139,16644,10688,5956,36,17,17,1264944,33984,13,15,0
1537,0.033,13.765,0.014,13.812,3.477,16644,10688,5956,36,17,17,1264944,33984,13,15,0
1538,0.039,7.718,0.015,7.772,14.031,16644,10688,5956,36,17,17,1264944,33984,13,15,0
1539,0.045,0.917,0.014,0.977,7.979,16644,10688,5956,36,17,17,1264944,33984,13,15,0
1540,0.060,0.428,0.017,0.506,1.179,16644,10688,5956,36,17,17,1264944,33984,13,15,0
1541,0.040,0.320,0.018,0.378,0.698,16644,10688,5956,36,17,17,1264944,33984,13,15,0
1542,0.036,1.941,0.015,1.992,0.578,16644,10688,5956,36,17,17,1264944,33984,13,15,0
1543,0.042,3.112,0.014,3.169,2.185,16644,10688,5956,36,17,17,1264944,33984,13,15,0
1544,0.044,3.027,0.016,3.087,3.367,16644,10688,5956,36,17,17,1264944,33984,13,15,0
1545,0.048,13.670,0.019,13.738,3.298,16644,10688,5956,36,17,17,1264944,33984,13,15,0
1546,0.055,7.673,0.015,7.743,13.996,16644,10688,5956,36,17,17,1264944,33984,13,15,0
1547,0.046,1.015,0.017,1.077,7.986,16644,10688,5956,36,17,17,1264944,33984,13,15,0
1548,0.050,0.469,0.011,0.530,1.329,16644,10688,5956,36,17,17,1264944,33984,13,15,0
1549,0.046,0.688,0.022,0.756,0.759,16644,10688,5956,36,17,17,1264944,33984,13,15,0
1550,0.052,3.184,0.029,3.264,0.975,16644,10688,5956,36,17,17,1264944,33984,13,15,0
1551,0.060,1.140,0.017,1.217,3.510,16644,10688,5956,36,17,17,1264944,33984,13,15,0
1552,0.051,3.638,0.054,3.744,1.456,16644,10688,5956,36,17,17,1264944,33984,13,15,0
1553,0.219,13.530,0.061,13.809,4.210,16644,10688,5956,36,17,17,1264944,33984,13,15,0
1554,0.149,7.208,0.052,7.409,14.393,16644,10688,5956,36,17,17,1264944,33984,13,15,0
1555,0.204,0.790,0.036,1.030,8.144,16644,10688,5956,36,17,17,1264944,33984,13,15,0
1556,0.111,0.944,0.058,1.113,1.354,16644,10688,5956,36,17,17,1264944,33984,13,15,0
1557,0.118,1.210,0.023,1.351,1.574,16644,10688,5956,36,17,17,1264944,33984,13,15,0
1558,0.056,0.491,0.024,0.570,1.719,16644,10688,5956,36,17,17,1264944,33984,13,15,0
1559,0.052,3.478,0.015,3.544,0.811,16644,10688,5956,36,17,17,1264944,33984,13,15,0
1560,0.047,14.766,0.133,14.946,3.802,16644,10688,5956,36,17,17,1264944,33984,13,15,0
1561,0.192,7.529,0.032,7.753,15.491,16644,10688,5956,36,17,17,1264944,33984,13,15,0
1562,0.161,0.871,0.038,1.071,8.477,16644,10688,5956,36,17,17,1264944,33984,13,15,0
1563,0.196,0.970,0.025,1.191,1.544,16644,10688,5956,36,17,17,1264944,33984,13,15,0
1564,0.214,0.819,0.027,1.061,1.857,16644,10688,5956,36,17,17,1264944,33984,13,15,0
1565,0.067,0.480,0.020,0.567,1.308,16644,10688,5956,36,17,17,1264944,33984,13,15,0
1566,0.047,3.899,0.027,3.973,0.799,16644,10688,5956,36,17,17,1264944,33984,13,15,0
1567,0.187,14.462,0.065,14.714,4.282,16644,10688,5956,36,17,17,1264944,33984,13,15,0
1568,0.195,7.331,0.048,7.574,15.207,16644,10688,5956,36,17,17,1264944,33984,13,15,0
1569,0.157,0.924,0.037,1.118,8.067,16644,10688,5956,36,17,17,1264944,33984,13,15,0
1570,0.115,0.871,0.027,1.013,1.535,16644,10688,5956,36,17,17,1264944,33984,13,15,0
1571,0.110,1.159,0.021,1.289,1.522,16644,10688,5956,36,17,17,1264944,33984,13,15,0
1572,0.122,2.118,0.075,2.314,1.601,16644,10688,5956,36,17,17,1264944,33984,13,15,0
1573,0.185,2.524,0.026,2.735,2.635,16644,10688,5956,36,17,17,1264944,33984,13,15,0
1574,0.177,14.128,0.047,14.351,3.243,16644,10688,5956,36,17,17,1264944,33984,13,15,0
1575,0.133,7.052,0.023,7.208,14.990,16644,10688,5956,36,17,17,1264944,33984,13,15,0
1576,0.151,0.779,0.029,0.959,7.755,16644,10688,5956,36,17,17,1264944,33984,13,15,0
1577,0.138,0.747,0.040,0.925,1.338,16644,10688,5956,36,17,17,1264944,33984,13,15,0
1578,0.116,1.069,0.021,1.206,1.214,16644,10688,5956,36,17,17,1264944,33984,13,15,0
1579,0.117,1.683,0.032,1.831,1.511,16644,10688,5956,36,17,17,1264944,33984,13,15,0
1580,0.121,1.370,0.019,1.509,2.160,16644,10688,5956,36,17,17,1264944,33984,13,15,0
1581,0.103,0.703,0.025,0.830,1.809,16644,10688,5956,36,17,17,1264944,33984,13,15,0
1582,0.076,15.774,0.031,15.881,1.050,16644,10688,5956,36,17,17,1264944,33984,13,15,0
1583,0.164,7.220,0.042,7.426,16.238,16644,10688,5956,36,17,17,1264944,33984,13,15,0
1584,0.171,1.225,0.027,1.423,7.781,16644,10688,5956,36,17,17,1264944,33984,13,15,0
1585,0.205,0.997,0.027,1.229,1.745,16644,10688,5956,36,17,17,1264944,33984,13,15,0
1586,0.109,0.748,0.024,0.881,1.567,16644,10688,5956,36,17,17,1264944,33984,13,15,0
1587,0.103,1.079,0.018,1.200,1.134,16644,10688,5956,36,17,17,1264944,33984,13,15,0
1588,0.100,2.514,0.023,2.637,1.522,16644,10688,5956,36,17,17,1264944,33984,13,15,0
1589,0.077,16.222,0.045,16.344,2.903,16644,10688,5956,36,17,17,1264944,33984,13,15,0
1590,0.149,7.010,0.032,7.191,16.801,16644,10688,5956,36,17,17,1264944,33984,13,15,0
1591,0.117,0.977,0.027,1.121,7.509,16644,10688,5956,36,17,17,1264944,33984,13,15,0
1592,0.284,0.744,0.024,1.052,1.448,16644,10688,5956,36,17,17,1264944,33984,13,15,0
1593,0.106,0.835,0.023,0.964,1.332,16644,10688,5956,36,17,17,1264944,33984,13,15,0
1594,0.128,1.255,0.028,1.411,1.526,16644,10688,5956,36,17,17,1264944,33984,13,15,0
1595,0.115,2.123,0.024,2.263,1.704,16644,10688,5956,36,17,17,1264944,33984,13,15,0
1596,0.086,8.971,0.042,9.098,2.530,16644,10688,5956,36,17,17,1264944,33984,13,15,0
1597,0.166,6.629,0.031,6.825,9.547,16644,10688,5956,36,17,17,1264944,33984,13,15,0
1598,0.170,7.758,0.049,7.977,7.201,16644,10688,5956,36,17,17,1264944,33984,13,15,0
1599,0.138,0.768,0.023,0.929,8.837,16644,10688,5956,36,17,17,1264944,33984,13,15,0
1600,0.112,1.383,0.027,1.523,1.209,16644,10688,5956,36,17,17,1264944,33984,13,15,0
1601,0.205,1.178,0.042,1.425,1.809,16644,10688,5956,36,17,17,1264944,33984,13,15,0
1602,0.117,0.958,0.032,1.107,1.719,16644,10688,5956,36,17,17,1264944,33984,13,15,0
1603,0.105,1.981,0.019,2.105,1.382,16644,10688,5956,36,17,17,1264944,33984,13,15,0
1604,0.071,15.294,0.041,15.407,2.368,16644,10688,5956,36,17,17,1264944,33984,13,15,0
1605,0.140,8.181,0.057,8.377,15.762,16644,10688,5956,36,17,17,1264944,33984,13,15,0
1606,0.155,0.812,0.031,0.998,8.889,16644,10688,5956,36,17,17,1264944,33984,13,15,0
1607,0.117,2.188,0.025,2.330,1.291,16644,10688,5956,36,17,17,1264944,33984,13,15,0
1608,0.162,0.776,0.023,0.962,2.769,16644,10688,5956,36,17,17,1264944,33984,13,15,0
1609,0.100,2.335,0.024,2.459,1.215,16644,10688,5956,36,17,17,1264944,33984,13,15,0
1610,0.085,8.947,0.046,9.078,2.742,16644,10688,5956,36,17,17,1264944,33984,13,15,0
1611,0.222,6.412,0.038,6.672,9.550,16644,10688,5956,36,17,17,1264944,33984,13,15,0
1612,0.157,8.363,0.041,8.561,7.004,16644,10688,5956,36,17,17,1264944,33984,13,15,0
1613,0.158,0.902,0.031,1.091,9.192,16644,10688,5956,36,17,17,1264944,33984,13,15,0
1614,0.129,0.865,0.030,1.024,1.498,16644,10688,5956,36,17,17,1264944,33984,13,15,0
1615,0.380,2.372,0.028,2.780,1.378,16644,10688,5956,36,17,17,1264944,33984,13,15,0
1616,0.088,2.302,0.020,2.410,3.139,16644,10688,5956,36,17,17,1264944,33984,13,15,0
1617,0.061,3.551,0.033,3.645,2.661,16644,10688,5956,36,17,17,1264944,33984,13,15,0
1618,0.068,20.182,0.067,20.316,3.903,16644,10688,5956,36,17,17,1264944,33984,13,15,0
1619,0.228,6.891,0.058,7.176,20.939,16644,10688,5956,36,17,17,1264944,33984,13,15,0
1620,0.166,7.406,124.887,132.458,7.852,16644,10688,5956,36,17,17,1264944,33984,13,15,0
1621,0.055,0.382,0.011,0.449,132.559,16644,10688,5956,36,17,17,1264944,33984,13,15,0
1622,0.038,3.898,0.009,3.946,0.560,16644,10688,5956,36,17,17,1264944,33984,13,15,0
1623,0.028,10.917,0.007,10.952,4.042,16644,10688,5956,36,17,17,1264944,33984,13,15,0
1624,0.023,8.412,0.009,8.445,11.058,16644,10688,5956,36,17,17,1264944,33984,13,15,0
1625,0.027,0.675,0.012,0.713,8.553,16644,10688,5956,36,17,17,1264944,33984,13,15,0
1626,0.023,2.693,0.017,2.733,0.817,16644,10688,5956,36,17,17,1264944,33984,13,15,0
1627,0.022,2.530,0.009,2.561,2.839,16644,10688,5956,36,17,17,1264944,33984,13,15,0
1628,0.029,5.201,0.009,5.238,2.672,16644,10688,5956,36,17,17,1264944,33984,13,15,0
1629,0.026,13.047,0.010,13.084,5.352,16644,10688,5956,36,17,17,1264944,33984,13,15,0
1630,0.027,8.334,0.010,8.371,13.199,16644,10688,5956,36,17,17,1264944,33984,13,15,0
1631,0.031,0.745,0.009,0.785,8.497,16644,10688,5956,36,17,17,1264944,33984,13,15,0
1632,0.024,2.689,0.008,2.722,0.903,16644,10688,5956,36,17,17,1264944,33984,13,15,0
1633,0.024,2.668,0.012,2.703,2.839,16644,10688,5956,36,17,17,1264944,33984,13,15,0
1634,0.026,6.136,0.010,6.172,2.823,16644,10688,5956,36,17,17,1264944,33984,13,15,0
1635,0.025,12.371,0.013,12.409,6.297,16644,10688,5956,36,17,17,1264944,33984,13,15,0
1636,0.026,7.856,0.011,7.893,12.534,16644,10688,5956,36,17,17,1264944,33984,13,15,0
1637,0.029,1.337,0.017,1.383,8.017,16644,10688,5956,36,17,17,1264944,33984,13,15,0
1638,0.027,2.090,0.009,2.126,1.524,16644,10688,5956,36,17,17,1264944,33984,13,15,0
1639,0.030,2.626,0.011,2.667,2.271,16644,10688,5956,36,17,17,1264944,33984,13,15,0
1640,0.028,5.443,0.013,5.483,2.804,16644,10688,5956,36,17,17,1264944,33984,13,15,0
1641,0.051,13.046,0.026,13.123,5.655,16644,10688,5956,36,17,17,1264944,33984,13,15,0
1642,0.135,7.785,0.018,7.938,13.340,16644,10688,5956,36,17,17,1264944,33984,13,15,0
1643,0.069,1.716,0.015,1.800,8.125,16644,10688,5956,36,17,17,1264944,33984,13,15,0
1644,0.045,2.161,0.021,2.227,1.968,16644,10688,5956,36,17,17,1264944,33984,13,15,0
1645,0.051,1.104,0.015,1.169,2.410,16644,10688,5956,36,17,17,1264944,33984,13,15,0
1646,0.043,1.861,0.015,1.918,1.335,16644,10688,5956,36,17,17,1264944,33984,13,15,0
1647,0.052,6.041,0.016,6.110,2.090,16644,10688,5956,36,17,17,1264944,33984,13,15,0
1648,0.042,10.546,0.014,10.602,6.276,16644,10688,5956,36,17,17,1264944,33984,13,15,0
1649,0.050,7.622,0.012,7.684,10.745,16644,10688,5956,36,17,17,1264944,33984,13,15,0
1650,0.039,1.363,0.024,1.427,7.834,16644,10688,5956,36,17,17,1264944,33984,13,15,0
1651,0.045,2.021,0.015,2.082,1.614,16644,10688,5956,36,17,17,1264944,33984,13,15,0
1652,0.046,2.314,0.014,2.374,2.259,16644,10688,5956,36,17,17,1264944,33984,13,15,0
1653,0.042,5.624,0.012,5.678,2.555,16644,10688,5956,36,17,17,1264944,33984,13,15,0
1654,0.028,13.216,0.018,13.261,5.822,16644,10688,5956,36,17,17,1264944,33984,13,15,0
1655,0.046,7.854,0.014,7.913,13.449,16644,10688,5956,36,17,17,1264944,33984,13,15,0
1656,0.056,8.464,0.025,8.545,8.086,16644,10688,5956,36,17,17,1264944,33984,13,15,0
1657,0.157,7.470,0.015,7.643,8.772,16644,10688,5956,36,17,17,1264944,33984,13,15,0
1658,0.049,8.129,0.012,8.191,7.799,16644,10688,5956,36,17,17,1264944,33984,13,15,0
1659,0.035,7.820,0.017,7.872,8.335,16644,10688,5956,36,17,17,1264944,33984,13,15,0
1660,0.069,0.883,0.019,0.971,8.133,16644,10688,5956,36,17,17,1264944,33984,13,15,0
1661,0.054,0.502,0.027,0.583,1.214,16644,10688,5956,36,17,17,1264944,33984,13,15,0
1662,0.027,1.870,0.022,1.919,0.779,16644,10688,5956,36,17,17,1264944,33984,13,15,0
1663,0.057,3.630,0.007,3.694,2.147,16644,10688,5956,36,17,17,1264944,33984,13,15,0
1664,0.079,3.378,0.017,3.473,3.821,16644,10688,5956,36,17,17,1264944,33984,13,15,0
1665,0.023,14.024,0.044,14.091,3.593,16644,10688,5956,36,17,17,1264944,33984,13,15,0
1666,0.269,7.289,0.030,7.588,14.542,16644,10688,5956,36,17,17,1264944,33984,13,15,0
1667,0.167,0.874,0.044,1.086,8.179,16644,10688,5956,36,17,17,1264944,33984,13,15,0
1668,0.187,0.772,0.024,0.984,1.466,16644,10688,5956,36,17,17,1264944,33984,13,15,0
1669,0.118,0.828,0.024,0.970,1.263,16644,10688,5956,36,17,17,1264944,33984,13,15,0
1670,0.071,1.685,0.013,1.768,1.271,16644,10688,5956,36,17,17,1264944,33984,13,15,0
1671,0.026,3.299,0.013,3.338,1.904,16644,10688,5956,36,17,17,1264944,33984,13,15,0
1672,0.030,15.041,0.054,15.126,3.483,16644,10688,5956,36,17,17,1264944,33984,13,15,0
1673,0.219,7.566,0.032,7.817,15.543,16644,10688,5956,36,17,17,1264944,33984,13,15,0
1674,0.140,1.017,0.037,1.194,8.146,16644,10688,5956,36,17,17,1264944,33984,13,15,0
1675,0.153,0.910,0.029,1.092,1.512,16644,10688,5956,36,17,17,1264944,33984,13,15,0
1676,0.126,0.716,0.023,0.865,1.491,16644,10688,5956,36,17,17,1264944,33984,13,15,0
1677,0.096,0.437,0.017,0.549,1.041,16644,10688,5956,36,17,17,1264944,33984,13,15,0
1678,0.043,12.023,0.033,12.099,0.684,16644,10688,5956,36,17,17,1264944,33984,13,15,0
1679,0.183,7.562,0.031,7.776,12.428,16644,10688,5956,36,17,17,1264944,33984,13,15,0
1680,0.264,7.583,0.033,7.880,8.156,16644,10688,5956,36,17,17,1264944,33984,13,15,0
1681,0.162,0.879,0.035,1.075,8.397,16644,10688,5956,36,17,17,1264944,33984,13,15,0
1682,0.136,0.969,0.059,1.165,1.539,16644,10688,5956,36,17,17,1264944,33984,13,15,0
1683,0.139,0.842,0.018,0.999,1.459,16644,10688,5956,36,17,17,1264944,33984,13,15,0
1684,0.237,1.830,0.013,2.081,1.344,16644,10688,5956,36,17,17,1264944,33984,13,15,0
1685,0.062,3.216,0.028,3.306,2.218,16644,10688,5956,36,17,17,1264944,33984,13,15,0
1686,0.167,14.201,0.045,14.413,3.618,16644,10688,5956,36,17,17,1264944,33984,13,15,0
1687,0.154,7.507,0.029,7.690,14.855,16644,10688,5956,36,17,17,1264944,33984,13,15,0
1688,0.193,1.012,0.040,1.245,8.386,16644,10688,5956,36,17,17,1264944,33984,13,15,0
1689,0.268,0.849,0.027,1.144,1.746,16644,10688,5956,36,17,17,1264944,33984,13,15,0
1690,0.196,1.017,0.024,1.237,1.458,16644,10688,5956,36,17,17,1264944,33984,13,15,0
1691,0.110,2.270,0.021,2.401,1.527,16644,10688,5956,36,17,17,1264944,33984,13,15,0
1692,0.165,2.610,0.034,2.808,2.755,16644,10688,5956,36,17,17,1264944,33984,13,15,0
1693,0.119,13.855,0.035,14.009,3.142,16644,10688,5956,36,17,17,1264944,33984,13,15,0
1694,0.145,7.718,0.039,7.902,14.488,16644,10688,5956,36,17,17,1264944,33984,13,15,0
1695,0.201,0.960,0.029,1.190,8.581,16644,10688,5956,36,17,17,1264944,33984,13,15,0
1696,0.123,0.863,0.023,1.009,1.533,16644,10688,5956,36,17,17,1264944,33984,13,15,0
1697,0.132,0.878,0.022,1.032,1.316,16644,10688,5956,36,17,17,1264944,33984,13,15,0
1698,0.167,1.150,0.036,1.354,1.354,16644,10688,5956,36,17,17,1264944,33984,13,15,0
1699,0.143,3.014,0.036,3.192,2.039,16644,10688,5956,36,17,17,1264944,33984,13,15,0
1700,0.142,14.321,0.043,14.506,3.551,16644,10688,5956,36,17,17,1264944,33984,13,15,0
1701,0.163,7.626,0.042,7.831,14.951,16644,10688,5956,36,17,17,1264944,33984,13,15,0
1702,0.209,0.872,0.060,1.141,8.420,16644,10688,5956,36,17,17,1264944,33984,13,15,0
1703,0.165,0.918,0.029,1.111,1.579,16644,10688,5956,36,17,17,1264944,33984,13,15,0
1704,0.115,1.029,0.024,1.168,1.427,16644,10688,5956,36,17,17,1264944,33984,13,15,0
1705,0.137,0.732,0.016,0.884,1.552,16644,10688,5956,36,17,17,1264944,33984,13,15,0
1706,0.075,0.781,0.016,0.871,1.009,16644,10688,5956,36,17,17,1264944,33984,13,15,0
1707,0.061,1.374,0.013,1.448,0.998,16644,10688,5956,36,17,17,1264944,33984,13,15,0
1708,0.049,2.999,0.008,3.056,1.552,16644,10688,5956,36,17,17,1264944,33984,13,15,0
1709,0.039,21.416,0.041,21.496,3.168,16644,10688,5956,36,17,17,1264944,33984,13,15,0
1710,0.179,7.358,0.035,7.571,21.964,16644,10688,5956,36,17,17,1264944,33984,13,15,0
1711,0.179,3.206,0.114,3.499,7.912,16644,10688,5956,36,17,17,1264944,33984,13,15,0
1712,0.142,12.593,0.042,12.777,3.882,16644,10688,5956,36,17,17,1264944,33984,13,15,0
1713,0.174,7.715,0.041,7.929,13.232,16644,10688,5956,36,17,17,1264944,33984,13,15,0
1714,0.177,0.809,0.049,1.036,8.391,16644,10688,5956,36,17,17,1264944,33984,13,15,0
1715,0.126,0.940,0.065,1.131,1.402,16644,10688,5956,36,17,17,1264944,33984,13,15,0
1716,0.133,1.537,0.032,1.703,1.462,16644,10688,5956,36,17,17,1264944,33984,13,15,0
1717,0.160,0.819,0.023,1.002,2.140,16644,10688,5956,36,17,17,1264944,33984,13,15,0
1718,0.073,3.206,0.013,3.292,1.183,16644,10688,5956,36,17,17,1264944,33984,13,15,0
1719,0.050,14.625,0.044,14.720,3.406,16644,10688,5956,36,17,17,1264944,33984,13,15,0
1720,0.202,7.483,0.029,7.714,15.142,16644,10688,5956,36,17,17,1264944,33984,13,15,0
1721,0.209,0.821,0.029,1.059,8.141,16644,10688,5956,36,17,17,1264944,33984,13,15,0
1722,0.121,0.878,0.019,1.018,1.385,16644,10688,5956,36,17,17,1264944,33984,13,15,0
1723,0.129,1.153,0.030,1.312,1.555,16644,10688,5956,36,17,17,1264944,33984,13,15,0
1724,0.153,0.533,0.014,0.700,1.806,16644,10688,5956,36,17,17,1264944,33984,13,15,0
1725,0.059,10.673,0.035,10.767,0.823,16644,10688,5956,36,17,17,1264944,33984,13,15,0
1726,0.181,7.583,0.023,7.787,11.081,16644,10688,5956,36,17,17,1264944,33984,13,15,0
1727,0.136,7.788,0.024,7.948,8.113,16644,10688,5956,36,17,17,1264944,33984,13,15,0
1728,0.194,0.835,0.027,1.056,8.321,16644,10688,5956,36,17,17,1264944,33984,13,15,0
1729,0.150,0.869,0.021,1.040,1.497,16644,10688,5956,36,17,17,1264944,33984,13,15,0
1730,0.125,0.842,0.018,0.986,1.335,16644,10688,5956,36,17,17,1264944,33984,13,15,0
1731,0.140,1.691,0.011,1.841,1.254,16644,10688,5956,36,17,17,1264944,33984,13,15,0
1732,0.034,10.656,0.039,10.730,1.957,16644,10688,5956,36,17,17,1264944,33984,13,15,0
1733,0.223,7.647,0.037,7.906,11.049,16644,10688,5956,36,17,17,1264944,33984,13,15,0
1734,0.156,7.566,0.033,7.755,8.258,16644,10688,5956,36,17,17,1264944,33984,13,15,0
1735,0.209,0.819,0.034,1.061,8.214,16644,10688,5956,36,17,17,1264944,33984,13,15,0
1736,0.189,0.885,0.027,1.101,1.408,16644,10688,5956,36,17,17,1264944,33984,13,15,0
1737,0.122,0.969,0.064,1.155,1.477,16644,10688,5956,36,17,17,1264944,33984,13,15,0
1738,0.114,2.014,0.040,2.168,1.434,16644,10688,5956,36,17,17,1264944,33984,13,15,0
1739,0.162,9.175,0.032,9.368,2.472,16644,10688,5956,36,17,17,1264944,33984,13,15,0
1740,0.120,7.826,0.028,7.974,9.658,16644,10688,5956,36,17,17,1264944,33984,13,15,0
1741,0.120,7.899,0.035,8.054,8.315,16644,10688,5956,36,17,17,1264944,33984,13,15,0
1742,0.169,0.734,0.030,0.933,8.402,16644,10688,5956,36,17,17,1264944,33984,13,15,0
1743,0.114,0.939,0.019,1.073,1.224,16644,10688,5956,36,17,17,1264944,33984,13,15,0
1744,0.123,0.679,0.020,0.822,1.385,16644,10688,5956,36,17,17,1264944,33984,13,15,0
1745,0.095,0.674,0.019,0.788,1.112,16644,10688,5956,36,17,17,1264944,33984,13,15,0
1746,0.086,2.608,0.021,2.715,1.039,16644,10688,5956,36,17,17,1264944,33984,13,15,0
1747,0.115,2.302,0.033,2.450,2.998,16644,10688,5956,36,17,17,1264944,33984,13,15,0
1748,0.107,14.284,0.047,14.438,2.738,16644,10688,5956,36,17,17,1264944,33984,13,15,0
1749,0.131,7.326,0.021,7.478,14.818,16644,10688,5956,36,17,17,1264944,33984,13,15,0
1750,0.130,0.881,0.032,1.043,7.823,16644,10688,5956,36,17,17,1264944,33984,13,15,0
1751,0.119,0.895,0.024,1.039,1.374,16644,10688,5956,36,17,17,1264944,33984,13,15,0
1752,0.127,0.948,0.025,1.100,1.498,16644,10688,5956,36,17,17,1264944,33984,13,15,0
1753,0.141,2.268,0.040,2.448,1.496,16644,10688,5956,36,17,17,1264944,33984,13,15,0
1754,0.165,9.361,0.038,9.564,2.771,16644,10688,5956,36,17,17,1264944,33984,13,15,0
1755,0.144,7.601,0.029,7.774,9.895,16644,10688,5956,36,17,17,1264944,33984,13,15,0
1756,0.118,7.947,0.045,8.111,8.103,16644,10688,5956,36,17,17,1264944,33984,13,15,0
1757,0.153,0.727,0.027,0.907,8.564,16644,10688,5956,36,17,17,1264944,33984,13,15,0
1758,0.122,0.806,0.043,0.970,1.232,16644,10688,5956,36,17,17,1264944,33984,13,15,0
1759,0.140,2.151,0.021,2.312,1.362,16644,10688,5956,36,17,17,1264944,33984,13,15,0
1760,0.121,1.964,0.022,2.107,2.873,16644,10688,5956,36,17,17,1264944,33984,13,15,0
1761,0.090,3.307,0.041,3.439,2.383,16644,10688,5956,36,17,17,1264944,33984,13,15,0
1762,0.137,13.556,0.047,13.741,3.737,16644,10688,5956,36,17,17,1264944,33984,13,15,0
1763,0.205,6.950,0.026,7.181,14.180,16644,10688,5956,36,17,17,1264944,33984,13,15,0
1764,0.172,0.893,0.049,1.114,7.626,16644,10688,5956,36,17,17,1264944,33984,13,15,0
1765,0.119,0.921,0.035,1.075,1.398,16644,10688,5956,36,17,17,1264944,33984,13,15,0
1766,0.163,1.698,0.037,1.899,1.453,16644,10688,5956,36,17,17,1264944,33984,13,15,0
1767,0.089,2.052,0.045,2.187,2.162,16644,10688,5956,36,17,17,1264944,33984,13,15,0
1768,0.198,1.833,0.029,2.060,2.546,16644,10688,5956,36,17,17,1264944,33984,13,15,0
1769,0.119,15.115,0.044,15.278,2.374,16644,10688,5956,36,17,17,1264944,33984,13,15,0
1770,0.139,7.143,0.034,7.316,15.636,16644,10688,5956,36,17,17,1264944,33984,13,15,0
1771,0.142,0.814,0.035,0.991,7.653,16644,10688,5956,36,17,17,1264944,33984,13,15,0
1772,0.121,0.936,0.021,1.077,1.298,16644,10688,5956,36,17,17,1264944,33984,13,15,0
1773,0.126,1.271,0.190,1.587,1.518,16644,10688,5956,36,17,17,1264944,33984,13,15,0
1774,0.151,0.769,0.024,0.944,1.897,16644,10688,5956,36,17,17,1264944,33984,13,15,0
1775,0.100,3.136,0.024,3.260,1.208,16644,10688,5956,36,17,17,1264944,33984,13,15,0
1776,0.087,15.585,0.034,15.707,3.538,16644,10688,5956,36,17,17,1264944,33984,13,15,0
1777,0.167,7.153,0.063,7.383,16.103,16644,10688,5956,36,17,17,1264944,33984,13,15,0
1778,0.132,0.777,0.027,0.936,7.703,16644,10688,5956,36,17,17,1264944,33984,13,15,0
1779,0.148,0.832,0.026,1.007,1.240,16644,10688,5956,36,17,17,1264944,33984,13,15,0
1780,0.126,0.931,0.023,1.080,1.419,16644,10688,5956,36,17,17,1264944,33984,13,15,0
1781,0.257,0.929,0.027,1.213,1.364,16644,10688,5956,36,17,17,1264944,33984,13,15,0
1782,0.167,3.340,0.035,3.542,1.518,16644,10688,5956,36,17,17,1264944,33984,13,15,0
1783,0.108,7.048,0.043,7.198,3.834,16644,10688,5956,36,17,17,1264944,33984,13,15,0
1784,0.120,2.232,0.038,2.390,7.701,16644,10688,5956,36,17,17,1264944,33984,13,15,0
1785,0.205,13.770,0.072,14.047,2.779,16644,10688,5956,36,17,17,1264944,33984,13,15,0
1786,0.148,7.113,0.044,7.306,14.615,16644,10688,5956,36,17,17,1264944,33984,13,15,0
1787,0.181,3.893,0.044,4.117,7.771,16644,10688,5956,36,17,17,1264944,33984,13,15,0
1788,0.182,11.408,0.072,11.662,4.702,16644,10688,5956,36,17,17,1264944,33984,13,15,0
1789,0.207,7.291,0.080,7.577,12.165,16644,10688,5956,36,17,17,1264944,33984,13,15,0
1790,0.156,0.957,0.034,1.147,8.575,16644,10688,5956,36,17,17,1264944,33984,13,15,0
1791,0.162,1.058,0.026,1.246,1.624,16644,10688,5956,36,17,17,1264944,33984,13,15,0
1792,0.146,1.053,0.023,1.223,1.770,16644,10688,5956,36,17,17,1264944,33984,13,15,0
1793,0.240,11.588,0.064,11.892,1.599,16644,10688,5956,36,17,17,1264944,33984,13,15,0
1794,0.204,6.929,0.051,7.184,12.369,16644,10688,5956,36,17,17,1264944,33984,13,15,0
1795,0.148,7.056,0.052,7.257,7.737,16644,10688,5956,36,17,17,1264944,33984,13,15,0
1796,0.231,0.860,0.040,1.131,7.753,16644,10688,5956,36,17,17,1264944,33984,13,15,0
1797,0.157,1.078,0.028,1.264,1.553,16644,10688,5956,36,17,17,1264944,33984,13,15,0
1798,0.138,1.529,0.022,1.688,1.744,16644,10688,5956,36,17,17,1264944,33984,13,15,0
1799,0.072,1.980,0.031,2.083,2.011,16644,10688,5956,36,17,17,1264944,33984,13,15,0
1800,0.095,9.705,119.097,128.897,2.352,16644,10688,5956,36,17,17,1264944,33984,13,15,0
1801,0.069,0.434,0.012,0.515,129.006,16644,10688,5956,36,17,17,1264944,33984,13,15,0
1802,0.043,2.746,0.017,2.805,0.630,16644,10688,5956,36,17,17,1264944,33984,13,15,0
1803,0.042,3.577,0.008,3.627,2.921,16644,10688,5956,36,17,17,1264944,33984,13,15,0
1804,0.030,12.787,0.008,12.826,3.728,16644,10688,5956,36,17,17,1264944,33984,13,15,0
1805,0.026,7.960,0.010,7.996,12.928,16644,10688,5956,36,17,17,1264944,33984,13,15,0
1806,0.027,1.091,0.011,1.129,8.100,16644,10688,5956,36,17,17,1264944,33984,13,15,0
1807,0.029,1.304,0.010,1.343,1.251,16644,10688,5956,36,17,17,1264944,33984,13,15,0
1808,0.023,2.511,0.012,2.546,1.443,16644,10688,5956,36,17,17,1264944,33984,13,15,0
1809,0.036,2.843,0.013,2.892,2.652,16644,10688,5956,36,17,17,1264944,33984,13,15,0
1810,0.024,3.281,0.011,3.316,2.986,16644,10688,5956,36,17,17,1264944,33984,13,15,0
1811,0.026,13.735,0.012,13.773,3.414,16644,10688,5956,36,17,17,1264944,33984,13,15,0
1812,0.027,7.593,0.011,7.630,13.887,16644,10688,5956,36,17,17,1264944,33984,13,15,0
1813,0.028,1.199,0.010,1.236,7.753,16644,10688,5956,36,17,17,1264944,33984,13,15,0
1814,0.029,0.478,0.013,0.520,1.367,16644,10688,5956,36,17,17,1264944,33984,13,15,0
1815,0.035,1.628,0.010,1.673,0.631,16644,10688,5956,36,17,17,1264944,33984,13,15,0
1816,0.034,3.504,0.024,3.562,1.788,16644,10688,5956,36,17,17,1264944,33984,13,15,0
1817,0.112,0.864,0.014,0.990,3.719,16644,10688,5956,36,17,17,1264944,33984,13,15,0
1818,0.027,3.533,0.007,3.567,1.106,16644,10688,5956,36,17,17,1264944,33984,13,15,0
1819,0.029,12.838,0.008,12.876,3.698,16644,10688,5956,36,17,17,1264944,33984,13,15,0
1820,0.032,7.888,0.011,7.930,13.009,16644,10688,5956,36,17,17,1264944,33984,13,15,0
1821,0.026,1.199,0.017,1.242,8.067,16644,10688,5956,36,17,17,1264944,33984,13,15,0
1822,0.033,1.250,0.009,1.292,1.380,16644,10688,5956,36,17,17,1264944,33984,13,15,0
1823,0.025,1.046,0.011,1.083,1.416,16644,10688,5956,36,17,17,1264944,33984,13,15,0
1824,0.024,2.797,0.014,2.834,1.206,16644,10688,5956,36,17,17,1264944,33984,13,15,0
1825,0.032,1.127,0.011,1.170,2.983,16644,10688,5956,36,17,17,1264944,33984,13,15,0
1826,0.027,4.057,0.010,4.095,1.308,16644,10688,5956,36,17,17,1264944,33984,13,15,0
1827,0.028,12.898,0.011,12.938,4.235,16644,10688,5956,36,17,17,1264944,33984,13,15,0
1828,0.029,7.992,0.012,8.033,13.078,16644,10688,5956,36,17,17,1264944,33984,13,15,0
1829,0.036,1.083,0.012,1.131,8.171,16644,10688,5956,36,17,17,1264944,33984,13,15,0
1830,0.028,1.767,0.011,1.807,1.267,16644,10688,5956,36,17,17,1264944,33984,13,15,0
1831,0.037,1.229,0.022,1.289,1.957,16644,10688,5956,36,17,17,1264944,33984,13,15,0
1832,0.040,0.534,0.012,0.587,1.448,16644,10688,5956,36,17,17,1264944,33984,13,15,0
1833,0.037,2.481,0.010,2.528,0.724,16644,10688,5956,36,17,17,1264944,33984,13,15,0
1834,0.034,3.677,0.011,3.721,2.680,16644,10688,5956,36,17,17,1264944,33984,13,15,0
1835,0.029,13.228,0.010,13.268,3.875,16644,10688,5956,36,17,17,1264944,33984,13,15,0
1836,0.030,7.879,0.009,7.919,13.424,16644,10688,5956,36,17,17,1264944,33984,13,15,0
1837,0.042,7.852,0.012,7.906,8.098,16644,10688,5956,36,17,17,1264944,33984,13,15,0
1838,0.038,8.242,0.012,8.291,8.079,16644,10688,5956,36,17,17,1264944,33984,13,15,0
1839,0.052,8.193,0.011,8.257,8.462,16644,10688,5956,36,17,17,1264944,33984,13,15,0
1840,0.035,7.853,0.010,7.899,8.439,16644,10688,5956,36,17,17,1264944,33984,13,15,0
1841,0.039,1.121,0.021,1.180,8.112,16644,10688,5956,36,17,17,1264944,33984,13,15,0
1842,0.062,0.550,0.012,0.624,1.390,16644,10688,5956,36,17,17,1264944,33984,13,15,0
1843,0.043,0.372,0.015,0.430,0.817,16644,10688,5956,36,17,17,1264944,33984,13,15,0
1844,0.041,1.621,0.023,1.685,0.627,16644,10688,5956,36,17,17,1264944,33984,13,15,0
1845,0.043,3.162,0.014,3.219,1.876,16644,10688,5956,36,17,17,1264944,33984,13,15,0
1846,0.042,3.058,0.011,3.112,3.424,16644,10688,5956,36,17,17,1264944,33984,13,15,0
1847,0.040,13.841,0.013,13.893,3.317,16644,10688,5956,36,17,17,1264944,33984,13,15,0
1848,0.040,7.884,0.031,7.955,14.101,16644,10688,5956,36,17,17,1264944,33984,13,15,0
1849,0.059,0.832,0.021,0.911,8.220,16644,10688,5956,36,17,17,1264944,33984,13,15,0
1850,0.057,0.491,0.018,0.566,1.163,16644,10688,5956,36,17,17,1264944,33984,13,15,0
1851,0.051,1.617,0.024,1.692,0.799,16644,10688,5956,36,17,17,1264944,33984,13,15,0
1852,0.083,0.814,0.017,0.914,2.008,16644,10688,5956,36,17,17,1264944,33984,13,15,0
1853,0.067,2.711,0.018,2.796,1.160,16644,10688,5956,36,17,17,1264944,33984,13,15,0
1854,0.067,2.811,0.022,2.900,3.068,16644,10688,5956,36,17,17,1264944,33984,13,15,0
1855,0.051,13.616,0.016,13.683,3.144,16644,10688,5956,36,17,17,1264944,33984,13,15,0
1856,0.221,8.091,0.032,8.344,14.052,16644,10688,5956,36,17,17,1264944,33984,13,15,0
1857,0.139,0.892,0.020,1.051,9.063,16644,10688,5956,36,17,17,1264944,33984,13,15,0
1858,0.053,0.738,0.015,0.806,1.290,16644,10688,5956,36,17,17,1264944,33984,13,15,0
1859,0.056,0.448,0.018,0.522,1.055,16644,10688,5956,36,17,17,1264944,33984,13,15,0
1860,0.051,0.898,0.026,0.975,0.753,16644,10688,5956,36,17,17,1264944,33984,13,15,0
1861,0.055,12.795,0.064,12.914,1.198,16644,10688,5956,36,17,17,1264944,33984,13,15,0
1862,0.199,6.600,0.070,6.868,13.456,16644,10688,5956,36,17,17,1264944,33984,13,15,0
1863,0.148,7.079,0.033,7.259,7.541,16644,10688,5956,36,17,17,1264944,33984,13,15,0
1864,0.279,0.807,0.038,1.124,7.677,16644,10688,5956,36,17,17,1264944,33984,13,15,0
1865,0.110,0.834,0.019,0.963,1.476,16644,10688,5956,36,17,17,1264944,33984,13,15,0
1866,0.173,0.708,0.021,0.903,1.359,16644,10688,5956,36,17,17,1264944,33984,13,15,0
1867,0.107,2.822,0.012,2.941,1.182,16644,10688,5956,36,17,17,1264944,33984,13,15,0
1868,0.051,2.926,0.033,3.010,3.182,16644,10688,5956,36,17,17,1264944,33984,13,15,0
1869,0.046,14.321,0.078,14.445,3.252,16644,10688,5956,36,17,17,1264944,33984,13,15,0
1870,0.214,7.210,0.037,7.461,15.021,16644,10688,5956,36,17,17,1264944,33984,13,15,0
1871,0.198,0.956,0.033,1.187,8.037,16644,10688,5956,36,17,17,1264944,33984,13,15,0
1872,0.219,0.928,0.032,1.179,1.524,16644,10688,5956,36,17,17,1264944,33984,13,15,0
1873,0.141,1.176,0.023,1.340,1.556,16644,10688,5956,36,17,17,1264944,33984,13,15,0
1874,0.108,0.862,0.024,0.994,1.629,16644,10688,5956,36,17,17,1264944,33984,13,15,0
1875,0.061,3.851,0.014,3.925,1.254,16644,10688,5956,36,17,17,1264944,33984,13,15,0
1876,0.049,16.298,0.070,16.416,4.178,16644,10688,5956,36,17,17,1264944,33984,13,15,0
1877,0.197,5.496,0.051,5.745,16.953,16644,10688,5956,36,17,17,1264944,33984,13,15,0
1878,0.160,0.841,0.034,1.035,6.259,16644,10688,5956,36,17,17,1264944,33984,13,15,0
1879,0.096,2.540,0.015,2.651,1.339,16644,10688,5956,36,17,17,1264944,33984,13,15,0
1880,0.058,12.448,0.058,12.564,2.902,16644,10688,5956,36,17,17,1264944,33984,13,15,0
1881,0.278,8.101,0.053,8.432,13.050,16644,10688,5956,36,17,17,1264944,33984,13,15,0
1882,0.065,5.780,0.018,5.863,8.953,16644,10688,5956,36,17,17,1264944,33984,13,15,0
1883,0.189,1.471,0.043,1.703,6.118,16644,10688,5956,36,17,17,1264944,33984,13,15,0
1884,0.241,1.468,0.025,1.734,2.167,16644,10688,5956,36,17,17,1264944,33984,13,15,0
1885,0.155,2.200,0.051,2.407,2.113,16644,10688,5956,36,17,17,1264944,33984,13,15,0
1886,0.151,1.065,0.021,1.237,2.758,16644,10688,5956,36,17,17,1264944,33984,13,15,0
1887,0.067,5.805,0.026,5.898,1.499,16644,10688,5956,36,17,17,1264944,33984,13,15,0
1888,0.059,11.237,0.078,11.373,6.123,16644,10688,5956,36,17,17,1264944,33984,13,15,0
1889,0.234,7.626,0.034,7.894,11.944,16644,10688,5956,36,17,17,1264944,33984,13,15,0
1890,0.160,1.026,0.032,1.217,8.533,16644,10688,5956,36,17,17,1264944,33984,13,15,0
1891,0.110,1.188,0.028,1.325,1.515,16644,10688,5956,36,17,17,1264944,33984,13,15,0
1892,0.178,3.346,0.029,3.553,1.651,16644,10688,5956,36,17,17,1264944,33984,13,15,0
1893,0.057,5.522,0.014,5.593,3.812,16644,10688,5956,36,17,17,1264944,33984,13,15,0
1894,0.075,11.327,0.067,11.468,5.849,16644,10688,5956,36,17,17,1264944,33984,13,15,0
1895,0.260,7.139,0.043,7.441,11.931,16644,10688,5956,36,17,17,1264944,33984,13,15,0
1896,0.168,0.914,0.032,1.114,8.026,16644,10688,5956,36,17,17,1264944,33984,13,15,0
1897,0.105,1.444,0.037,1.586,1.452,16644,10688,5956,36,17,17,1264944,33984,13,15,0
1898,0.175,3.355,0.044,3.574,1.954,16644,10688,5956,36,17,17,1264944,33984,13,15,0
1899,0.369,4.843,0.036,5.248,3.932,16644,10688,5956,36,17,17,1264944,33984,13,15,0
1900,0.073,11.871,0.060,12.004,5.497,16644,10688,5956,36,17,17,1264944,33984,13,15,0
1901,0.210,6.536,0.038,6.784,12.501,16644,10688,5956,36,17,17,1264944,33984,13,15,0
1902,0.140,1.165,0.039,1.344,7.109,16644,10688,5956,36,17,17,1264944,33984,13,15,0
1903,0.105,1.098,0.020,1.223,1.617,16644,10688,5956,36,17,17,1264944,33984,13,15,0
1904,0.049,2.479,0.021,2.550,1.489,16644,10688,5956,36,17,17,1264944,33984,13,15,0
1905,0.053,6.027,0.018,6.098,2.810,16644,10688,5956,36,17,17,1264944,33984,13,15,0
1906,0.051,13.395,0.087,13.533,6.357,16644,10688,5956,36,17,17,1264944,33984,13,15,0
1907,0.285,7.125,0.051,7.460,14.044,16644,10688,5956,36,17,17,1264944,33984,13,15,0
1908,0.149,0.867,0.026,1.042,8.142,16644,10688,5956,36,17,17,1264944,33984,13,15,0
1909,0.076,1.004,0.023,1.103,1.283,16644,10688,5956,36,17,17,1264944,33984,13,15,0
1910,0.078,3.594,0.024,3.696,1.376,16644,10688,5956,36,17,17,1264944,33984,13,15,0
1911,0.058,5.359,0.016,5.433,3.968,16644,10688,5956,36,17,17,1264944,33984,13,15,0
1912,0.056,12.316,0.069,12.441,5.682,16644,10688,5956,36,17,17,1264944,33984,13,15,0
1913,0.258,6.835,0.045,7.138,12.883,16644,10688,5956,36,17,17,1264944,33984,13,15,0
1914,0.161,0.824,0.044,1.029,7.780,16644,10688,5956,36,17,17,1264944,33984,13,15,0
1915,0.092,1.529,0.026,1.647,1.293,16644,10688,5956,36,17,17,1264944,33984,13,15,0
1916,0.157,2.220,0.019,2.397,2.027,16644,10688,5956,36,17,17,1264944,33984,13,15,0
1917,0.058,0.458,0.024,0.540,2.655,16644,10688,5956,36,17,17,1264944,33984,13,15,0
1918,0.049,5.051,0.055,5.155,0.769,16644,10688,5956,36,17,17,1264944,33984,13,15,0
1919,0.248,11.817,0.059,12.123,5.572,16644,10688,5956,36,17,17,1264944,33984,13,15,0
1920,0.166,7.267,0.037,7.470,12.556,16644,10688,5956,36,17,17,1264944,33984,13,15,0
1921,0.135,0.796,0.064,0.994,8.257,16644,10688,5956,36,17,17,1264944,33984,13,15,0
1922,0.116,0.798,0.029,0.944,1.415,16644,10688,5956,36,17,17,1264944,33984,13,15,0
1923,0.102,1.676,0.016,1.794,1.212,16644,10688,5956,36,17,17,1264944,33984,13,15,0
1924,0.052,0.535,0.022,0.610,2.035,16644,10688,5956,36,17,17,1264944,33984,13,15,0
1925,0.053,0.998,0.015,1.066,0.866,16644,10688,5956,36,17,17,1264944,33984,13,15,0
1926,0.052,3.106,0.014,3.172,1.301,16644,10688,5956,36,17,17,1264944,33984,13,15,0
1927,0.048,13.846,0.023,13.916,3.428,16644,10688,5956,36,17,17,1264944,33984,13,15,0
1928,0.081,8.167,0.024,8.272,14.168,16644,10688,5956,36,17,17,1264944,33984,13,15,0
1929,0.204,0.857,0.036,1.097,8.726,16644,10688,5956,36,17,17,1264944,33984,13,15,0
1930,0.108,0.539,0.016,0.663,1.401,16644,10688,5956,36,17,17,1264944,33984,13,15,0
1931,0.048,0.424,0.040,0.513,0.894,16644,10688,5956,36,17,17,1264944,33984,13,15,0
1932,0.048,0.920,0.019,0.987,0.742,16644,10688,5956,36,17,17,1264944,33984,13,15,0
1933,0.049,11.771,0.022,11.842,1.205,16644,10688,5956,36,17,17,1264944,33984,13,15,0
1934,0.054,8.809,0.063,8.926,12.103,16644,10688,5956,36,17,17,1264944,33984,13,15,0
1935,0.187,6.745,0.026,6.958,9.362,16644,10688,5956,36,17,17,1264944,33984,13,15,0
1936,0.151,0.859,0.028,1.037,7.269,16644,10688,5956,36,17,17,1264944,33984,13,15,0
1937,0.154,0.918,0.023,1.095,1.341,16644,10688,5956,36,17,17,1264944,33984,13,15,0
1938,0.109,0.741,0.024,0.875,1.478,16644,10688,5956,36,17,17,1264944,33984,13,15,0
1939,0.289,0.822,0.029,1.140,1.514,16644,10688,5956,36,17,17,1264944,33984,13,15,0
1940,0.064,12.167,0.057,12.288,1.480,16644,10688,5956,36,17,17,1264944,33984,13,15,0
1941,0.193,5.979,0.050,6.222,12.863,16644,10688,5956,36,17,17,1264944,33984,13,15,0
1942,0.187,7.625,0.018,7.830,6.664,16644,10688,5956,36,17,17,1264944,33984,13,15,0
1943,0.148,0.799,0.027,0.974,8.216,16644,10688,5956,36,17,17,1264944,33984,13,15,0
1944,0.110,0.793,0.017,0.920,1.297,16644,10688,5956,36,17,17,1264944,33984,13,15,0
1945,0.128,0.782,0.037,0.947,1.282,16644,10688,5956,36,17,17,1264944,33984,13,15,0
1946,0.058,1.892,0.022,1.972,1.297,16644,10688,5956,36,17,17,1264944,33984,13,15,0
1947,0.056,2.819,0.021,2.896,2.217,16644,10688,5956,36,17,17,1264944,33984,13,15,0
1948,0.049,15.904,0.074,16.027,3.163,16644,10688,5956,36,17,17,1264944,33984,13,15,0
1949,0.202,6.855,0.027,7.084,16.541,16644,10688,5956,36,17,17,1264944,33984,13,15,0
1950,0.144,0.812,0.024,0.981,7.473,16644,10688,5956,36,17,17,1264944,33984,13,15,0
1951,0.110,1.368,0.035,1.513,1.271,16644,10688,5956,36,17,17,1264944,33984,13,15,0
1952,0.216,0.748,0.024,0.988,2.089,16644,10688,5956,36,17,17,1264944,33984,13,15,0
1953,0.164,0.806,0.025,0.994,1.310,16644,10688,5956,36,17,17,1264944,33984,13,15,0
1954,0.054,11.522,0.072,11.647,1.230,16644,10688,5956,36,17,17,1264944,33984,13,15,0
1955,0.129,6.113,0.017,6.259,12.188,16644,10688,5956,36,17,17,1264944,33984,13,15,0
1956,0.049,8.268,0.035,8.352,6.517,16644,10688,5956,36,17,17,1264944,33984,13,15,0
1957,0.196,0.816,0.033,1.045,8.783,16644,10688,5956,36,17,17,1264944,33984,13,15,0
1958,0.177,0.834,0.022,1.033,1.396,16644,10688,5956,36,17,17,1264944,33984,13,15,0
1959,0.051,0.698,0.013,0.762,1.266,16644,10688,5956,36,17,17,1264944,33984,13,15,0
1960,0.054,1.763,0.022,1.839,1.000,16644,10688,5956,36,17,17,1264944,33984,13,15,0
1961,0.048,3.019,0.021,3.088,2.084,16644,10688,5956,36,17,17,1264944,33984,13,15,0
1962,0.050,16.041,0.074,16.165,3.345,16644,10688,5956,36,17,17,1264944,33984,13,15,0
1963,0.213,6.861,0.028,7.102,16.764,16644,10688,5956,36,17,17,1264944,33984,13,15,0
1964,0.182,0.839,0.041,1.062,7.427,16644,10688,5956,36,17,17,1264944,33984,13,15,0
1965,0.158,0.828,0.038,1.024,1.544,16644,10688,5956,36,17,17,1264944,33984,13,15,0
1966,0.204,0.900,0.018,1.123,1.328,16644,10688,5956,36,17,17,1264944,33984,13,15,0
1967,0.050,0.537,0.020,0.606,1.362,16644,10688,5956,36,17,17,1264944,33984,13,15,0
1968,0.052,4.652,0.034,4.738,0.834,16644,10688,5956,36,17,17,1264944,33984,13,15,0
1969,0.229,14.853,0.079,15.161,5.079,16644,10688,5956,36,17,17,1264944,33984,13,15,0
1970,0.150,7.068,0.049,7.267,15.842,16644,10688,5956,36,17,17,1264944,33984,13,15,0
1971,0.174,0.868,0.041,1.083,7.917,16644,10688,5956,36,17,17,1264944,33984,13,15,0
1972,0.164,1.125,0.025,1.314,1.427,16644,10688,5956,36,17,17,1264944,33984,13,15,0
1973,0.148,0.933,0.022,1.103,1.817,16644,10688,5956,36,17,17,1264944,33984,13,15,0
1974,0.174,0.502,0.014,0.691,1.392,16644,10688,5956,36,17,17,1264944,33984,13,15,0
1975,0.049,3.982,0.013,4.044,0.921,16644,10688,5956,36,17,17,1264944,33984,13,15,0
1976,0.046,14.284,0.049,14.379,4.304,16644,10688,5956,36,17,17,1264944,33984,13,15,0
1977,0.206,7.599,0.051,7.857,14.929,16644,10688,5956,36,17,17,1264944,33984,13,15,0
1978,0.166,0.893,0.063,1.122,8.632,16644,10688,5956,36,17,17,1264944,33984,13,15,0
1979,0.136,0.956,0.024,1.115,1.666,16644,10688,5956,36,17,17,1264944,33984,13,15,0
1980,0.187,0.944,0.017,1.147,1.419,16644,10688,5956,36,17,17,1264944,33984,13,15,0
1981,0.055,1.046,0.017,1.118,1.393,16644,10688,5956,36,17,17,1264944,33984,13,15,0
1982,0.049,4.415,0.035,4.500,1.364,16644,10688,5956,36,17,17,1264944,33984,13,15,0
1983,0.204,15.488,0.067,15.759,4.876,16644,10688,5956,36,17,17,1264944,33984,13,15,0
1984,0.168,5.673,0.055,5.896,16.338,16644,10688,5956,36,17,17,1264944,33984,13,15,0
1985,0.141,1.522,0.049,1.712,6.432,16644,10688,5956,36,17,17,1264944,33984,13,15,0
1986,0.294,3.191,0.050,3.536,2.196,16644,10688,5956,36,17,17,1264944,33984,13,15,0
1987,0.145,10.479,0.049,10.673,4.084,16644,10688,5956,36,17,17,1264944,33984,13,15,0
1988,0.140,7.218,0.054,7.412,11.309,16644,10688,5956,36,17,17,1264944,33984,13,15,0
1989,0.161,7.278,0.045,7.483,7.948,16644,10688,5956,36,17,17,1264944,33984,13,15,0
1990,0.158,0.888,0.035,1.081,8.212,16644,10688,5956,36,17,17,1264944,33984,13,15,0
1991,0.109,1.555,0.041,1.705,1.430,16644,10688,5956,36,17,17,1264944,33984,13,15,0
1992,0.149,1.511,0.052,1.711,2.042,16644,10688,5956,36,17,17,1264944,33984,13,15,0
1993,0.058,1.217,0.015,1.290,1.978,16644,10688,5956,36,17,17,1264944,33984,13,15,0
1994,0.063,8.384,0.069,8.515,1.544,16644,10688,5956,36,17,17,1264944,33984,13,15,0
1995,0.262,6.913,0.016,7.191,8.995,16644,10688,5956,36,17,17,1264944,33984,13,15,0
1996,0.058,9.062,0.062,9.182,7.472,16644,10688,5956,36,17,17,1264944,33984,13,15,0
1997,0.209,0.884,0.037,1.130,9.726,16644,10688,5956,36,17,17,1264944,33984,13,15,0
1998,0.096,0.887,0.014,0.998,1.381,16644,10688,5956,36,17,17,1264944,33984,13,15,0
1999,0.055,2.713,0.041,2.809,1.247,16644,10688,5956,36,17,17,1264944,33984,13,15,0
2000,0.051,5.183,0.019,5.254,3.061,16644,10688,5956,36,17,17,1264944,33984,13,15,0
2001,0.276,14.674,0.079,15.030,5.723,16644,10688,5956,36,17,17,1264944,33984,13,15,0
2002,0.177,4.747,0.180,5.104,15.595,16644,10688,5956,36,17,17,1264944,33984,13,15,0
2003,0.148,0.865,0.040,1.053,5.791,16644,10688,5956,36,17,17,1264944,33984,13,15,0
2004,0.086,1.199,0.032,1.316,1.317,16644,10688,5956,36,17,17,1264944,33984,13,15,0
2005,0.124,2.844,0.051,3.020,1.648,16644,10688,5956,36,17,17,1264944,33984,13,15,0
2006,0.171,10.339,0.047,10.557,3.456,16644,10688,5956,36,17,17,1264944,33984,13,15,0
2007,0.162,6.425,0.022,6.609,11.082,16644,10688,5956,36,17,17,1264944,33984,13,15,0
2008,0.067,7.533,0.014,7.614,6.857,16644,10688,5956,36,17,17,1264944,33984,13,15,0
2009,0.056,1.004,0.020,1.080,7.844,16644,10688,5956,36,17,17,1264944,33984,13,15,0
2010,0.038,2.511,0.014,2.563,1.304,16644,10688,5956,36,17,17,1264944,33984,13,15,0
2011,0.050,0.979,0.014,1.043,2.749,16644,10688,5956,36,17,17,1264944,33984,13,15,0
2012,0.047,2.511,0.012,2.570,1.227,16644,10688,5956,36,17,17,1264944,33984,13,15,0
2013,0.032,5.465,0.017,5.514,2.727,16644,10688,5956,36,17,17,1264944,33984,13,15,0
2014,0.034,11.048,0.013,11.095,5.679,16644,10688,5956,36,17,17,1264944,33984,13,15,0
2015,0.044,7.791,0.011,7.846,11.288,16644,10688,5956,36,17,17,1264944,33984,13,15,0
2016,0.047,1.053,0.017,1.116,8.043,16644,10688,5956,36,17,17,1264944,33984,13,15,0
2017,0.042,1.915,0.014,1.970,1.269,16644,10688,5956,36,17,17,1264944,33984,13,15,0
2018,0.033,1.527,0.017,1.576,2.125,16644,10688,5956,36,17,17,1264944,33984,13,15,0
2019,0.035,0.369,0.022,0.427,1.736,16644,10688,5956,36,17,17,1264944,33984,13,15,0
2020,0.032,5.656,0.013,5.701,0.565,16644,10688,5956,36,17,17,1264944,33984,13,15,0
2021,0.035,13.549,0.015,13.599,5.859,16644,10688,5956,36,17,17,1264944,33984,13,15,0
2022,0.036,7.761,0.019,7.816,13.773,16644,10688,5956,36,17,17,1264944,33984,13,15,0
2023,0.042,1.155,0.026,1.223,7.993,16644,10688,5956,36,17,17,1264944,33984,13,15,0
2024,0.036,2.006,0.014,2.055,1.404,16644,10688,5956,36,17,17,1264944,33984,13,15,0
2025,0.034,2.686,0.017,2.737,2.235,16644,10688,5956,36,17,17,1264944,33984,13,15,0
2026,0.035,5.021,0.017,5.074,2.921,16644,10688,5956,36,17,17,1264944,33984,13,15,0
2027,0.038,13.204,0.013,13.254,5.275,16644,10688,5956,36,17,17,1264944,33984,13,15,0
2028,0.041,7.888,0.011,7.939,13.458,16644,10688,5956,36,17,17,1264944,33984,13,15,0
2029,0.042,1.188,0.014,1.244,8.148,16644,10688,5956,36,17,17,1264944,33984,13,15,0
2030,0.040,1.605,0.012,1.657,1.450,16644,10688,5956,36,17,17,1264944,33984,13,15,0
2031,0.040,1.372,0.036,1.447,1.859,16644,10688,5956,36,17,17,1264944,33984,13,15,0
2032,0.053,3.369,0.018,3.439,1.676,16644,10688,5956,36,17,17,1264944,33984,13,15,0
2033,0.040,8.471,0.015,8.526,3.642,16644,10688,5956,36,17,17,1264944,33984,13,15,0
2034,0.039,8.751,0.017,8.807,8.728,16644,10688,5956,36,17,17,1264944,33984,13,15,0
2035,0.047,6.859,0.018,6.924,9.054,16644,10688,5956,36,17,17,1264944,33984,13,15,0
2036,0.049,7.649,0.014,7.712,7.192,16644,10688,5956,36,17,17,1264944,33984,13,15,0
2037,0.057,9.259,0.064,9.381,7.956,16644,10688,5956,36,17,17,1264944,33984,13,15,0
2038,0.282,7.853,0.062,8.197,9.948,16644,10688,5956,36,17,17,1264944,33984,13,15,0
2039,0.162,7.126,0.051,7.340,8.724,16644,10688,5956,36,17,17,1264944,33984,13,15,0
2040,0.159,0.904,0.043,1.107,7.998,16644,10688,5956,36,17,17,1264944,33984,13,15,0
2041,0.123,0.934,0.020,1.078,1.448,16644,10688,5956,36,17,17,1264944,33984,13,15,0
2042,0.155,0.901,0.022,1.078,1.680,16644,10688,5956,36,17,17,1264944,33984,13,15,0
2043,0.070,7.604,0.051,7.725,1.332,16644,10688,5956,36,17,17,1264944,33984,13,15,0
2044,0.265,3.067,0.023,3.354,8.266,16644,10688,5956,36,17,17,1264944,33984,13,15,0
2045,0.172,4.003,0.058,4.234,3.694,16644,10688,5956,36,17,17,1264944,33984,13,15,0
2046,0.243,12.354,0.064,12.661,4.572,16644,10688,5956,36,17,17,1264944,33984,13,15,0
2047,0.194,7.143,0.056,7.394,13.200,16644,10688,5956,36,17,17,1264944,33984,13,15,0
2048,0.264,4.112,0.034,4.409,7.765,16644,10688,5956,36,17,17,1264944,33984,13,15,0
2049,0.218,11.345,0.058,11.621,4.791,16644,10688,5956,36,17,17,1264944,33984,13,15,0
2050,0.174,7.155,0.059,7.387,12.071,16644,10688,5956,36,17,17,1264944,33984,13,15,0
