frame,update_ms,render_ms,swap_ms,frame_ms,loop_ms,total_vertices,visible_vertices,culled_vertices,total_batches,visible_batches,draw_calls,vbo_bytes,index_bytes,texture_binds,material_changes,reflection_passes
1,1.553,0.629,0.000,2.182,2.182,697965,1781607,0,811,761,761,44669760,1412988,394,422,0
2,1.537,0.645,0.000,2.182,2.378,697965,1781607,0,811,761,761,44669760,1412988,394,422,0
3,1.503,0.682,0.000,2.185,2.329,697965,1781607,0,811,761,761,44669760,1412988,394,422,0
4,1.499,0.647,0.000,2.146,2.344,697965,1781607,0,811,761,761,44669760,1412988,394,422,0
5,1.474,0.637,0.000,2.112,2.276,697965,1781607,0,811,761,761,44669760,1412988,394,422,0
6,1.447,0.620,0.000,2.067,2.248,697965,1781607,0,811,761,761,44669760,1412988,394,422,0
7,1.491,0.635,0.000,2.126,2.191,697965,1781607,0,811,761,761,44669760,1412988,394,422,0
8,1.502,0.642,0.000,2.144,2.253,697965,1781607,0,811,761,761,44669760,1412988,394,422,0
9,1.473,0.631,0.000,2.104,2.279,697965,1781607,0,811,761,761,44669760,1412988,394,422,0
10,1.479,0.601,0.000,2.080,2.227,697965,1781607,0,811,761,761,44669760,1412988,394,422,0
11,1.530,0.658,0.000,2.187,2.210,697965,1781607,0,811,761,761,44669760,1412988,394,422,0
12,1.518,0.647,0.000,2.165,2.329,697965,1781607,0,811,761,761,44669760,1412988,394,422,0
13,1.490,0.633,0.000,2.124,2.301,697965,1781607,0,811,761,761,44669760,1412988,394,422,0
14,1.488,0.660,0.000,2.149,2.254,697965,1781607,0,811,761,761,44669760,1412988,394,422,0
15,1.456,0.641,0.000,2.097,2.274,697965,1781607,0,811,761,761,44669760,1412988,394,422,0
16,1.498,0.613,0.000,2.111,2.243,697965,1781607,0,811,761,761,44669760,1412988,394,422,0
17,1.501,0.622,0.000,2.123,2.322,697965,1781607,0,811,761,761,44669760,1412988,394,422,0
18,1.469,0.628,0.000,2.097,2.376,697965,1781607,0,811,761,761,44669760,1412988,394,422,0
19,1.486,0.642,0.000,2.128,2.337,697965,1781607,0,811,761,761,44669760,1412988,394,422,0
20,1.468,0.641,0.000,2.109,2.300,697965,1781607,0,811,761,761,44669760,1412988,394,422,0
21,1.522,0.655,0.000,2.177,2.256,697965,1781607,0,811,761,761,44669760,1412988,394,422,0
22,1.493,0.657,0.000,2.150,2.303,697965,1781607,0,811,761,761,44669760,1412988,394,422,0
23,1.509,0.655,0.000,2.164,2.276,697965,1781607,0,811,761,761,44669760,1412988,394,422,0
24,1.488,0.645,0.000,2.134,2.285,697965,1781607,0,811,761,761,44669760,1412988,394,422,0
25,1.494,0.636,0.000,2.130,2.281,697965,1781607,0,811,761,761,44669760,1412988,394,422,0
26,1.470,0.613,0.000,2.083,2.266,697965,1781607,0,811,761,761,44669760,1412988,394,422,0
27,1.501,0.658,0.000,2.159,2.207,697965,1781607,0,811,761,761,44669760,1412988,394,422,0
28,1.513,0.653,0.000,2.166,2.279,697965,1781607,0,811,761,761,44669760,1412988,394,422,0
29,1.543,0.676,0.000,2.219,2.286,697965,1781607,0,811,761,761,44669760,1412988,394,422,0
30,1.489,0.639,0.000,2.129,2.374,697965,1781607,0,811,761,761,44669760,1412988,394,422,0
31,1.503,0.637,0.000,2.140,2.246,697965,1781607,0,811,761,761,44669760,1412988,394,422,0
32,1.510,0.649,0.000,2.158,2.260,697965,1781607,0,811,761,761,44669760,1412988,394,422,0
33,1.542,0.650,0.000,2.192,2.316,697965,1781607,0,811,761,761,44669760,1412988,394,422,0
34,1.479,0.646,0.000,2.124,2.328,697965,1781607,0,811,761,761,44669760,1412988,394,422,0
35,1.509,0.663,0.000,2.172,2.262,697965,1781607,0,811,761,761,44669760,1412988,394,422,0
36,1.494,0.644,0.000,2.138,2.313,697965,1781607,0,811,761,761,44669760,1412988,394,422,0
37,1.498,0.639,0.000,2.137,2.256,697965,1781607,0,811,761,761,44669760,1412988,394,422,0
38,1.525,0.633,0.000,2.158,2.267,697965,1781607,0,811,761,761,44669760,1412988,394,422,0
39,1.501,0.658,0.000,2.159,2.285,697965,1781607,0,811,761,761,44669760,1412988,394,422,0
40,1.570,0.717,0.000,2.286,2.286,697965,1781607,0,811,761,761,44669760,1412988,394,422,0
41,1.578,0.680,0.000,2.258,2.425,697965,1781607,0,811,761,761,44669760,1412988,394,422,0
42,1.561,0.663,0.000,2.224,2.405,697965,1781607,0,811,761,761,44669760,1412988,394,422,0
43,1.505,0.643,0.000,2.148,2.352,697965,1781607,0,811,761,761,44669760,1412988,394,422,0
44,1.478,0.625,0.000,2.104,2.271,697965,1781607,0,811,761,761,44669760,1412988,394,422,0
45,1.523,0.633,0.000,2.156,2.232,697965,1781607,0,811,761,761,44669760,1412988,394,422,0
46,1.511,0.631,0.000,2.142,2.256,697965,1781607,0,811,761,761,44669760,1412988,394,422,0
47,1.498,0.643,0.000,2.141,2.246,697965,1781607,0,811,761,761,44669760,1412988,394,422,0
48,1.484,0.648,0.000,2.132,2.236,697965,1781607,0,811,761,761,44669760,1412988,394,422,0
49,1.499,0.624,0.000,2.124,2.245,697965,1781607,0,811,761,761,44669760,1412988,394,422,0
50,1.493,0.615,0.000,2.108,2.214,697965,1781607,0,811,761,761,44669760,1412988,394,422,0
51,1.521,0.642,0.000,2.163,2.208,697965,1781607,0,811,761,761,44669760,1412988,394,422,0
52,1.515,0.609,0.000,2.123,2.263,697965,1781607,0,811,761,761,44669760,1412988,394,422,0
53,1.484,0.636,0.000,2.119,2.215,697965,1781607,0,811,761,761,44669760,1412988,394,422,0
54,1.512,0.637,0.000,2.149,2.220,697965,1781607,0,811,761,761,44669760,1412988,394,422,0
55,1.549,0.633,0.000,2.182,2.246,697965,1781607,0,811,761,761,44669760,1412988,394,422,0
56,1.513,0.621,0.000,2.134,2.272,697965,1781607,0,811,761,761,44669760,1412988,394,422,0
57,1.553,0.642,0.000,2.195,2.228,697965,1781607,0,811,761,761,44669760,1412988,394,422,0
58,1.494,0.627,0.000,2.121,2.294,697965,1781607,0,811,761,761,44669760,1412988,394,422,0
59,1.526,0.654,0.000,2.180,2.230,697965,1781607,0,811,761,761,44669760,1412988,394,422,0
60,1.496,0.636,0.000,2.132,2.281,697965,1781607,0,811,761,761,44669760,1412988,394,422,0
61,1.550,0.635,0.000,2.184,2.248,697965,1781607,0,811,761,761,44669760,1412988,394,422,0
62,1.521,0.629,0.000,2.149,2.277,697965,1781607,0,811,761,761,44669760,1412988,394,422,0
63,1.588,0.628,0.000,2.215,2.251,697965,1781607,0,811,761,761,44669760,1412988,394,422,0
64,1.485,0.597,0.000,2.081,2.312,697965,1781607,0,811,761,761,44669760,1412988,394,422,0
65,1.520,0.618,0.000,2.138,2.181,697965,1781607,0,811,761,761,44669760,1412988,394,422,0
66,1.505,0.632,0.000,2.137,2.236,697965,1781607,0,811,761,761,44669760,1412988,394,422,0
67,1.566,0.629,0.000,2.195,2.235,697965,1781607,0,811,761,761,44669760,1412988,394,422,0
68,1.541,0.663,0.000,2.204,2.296,697965,1781607,0,811,761,761,44669760,1412988,394,422,0
69,1.492,0.654,0.000,2.146,2.308,697965,1781607,0,811,761,761,44669760,1412988,394,422,0
70,1.486,0.639,0.000,2.125,2.258,697965,1781607,0,811,761,761,44669760,1412988,394,422,0
71,1.511,0.641,0.000,2.153,2.216,697965,1781607,0,811,761,761,44669760,1412988,394,422,0
72,1.509,0.634,0.000,2.143,2.251,697965,1781607,0,811,761,761,44669760,1412988,394,422,0
73,1.479,0.618,0.000,2.098,2.245,697965,1781607,0,811,761,761,44669760,1412988,394,422,0
74,1.509,0.617,0.000,2.126,2.188,697965,1781607,0,811,761,761,44669760,1412988,394,422,0
75,1.516,0.637,0.000,2.153,2.231,697965,1781607,0,811,761,761,44669760,1412988,394,422,0
76,1.482,0.651,0.000,2.133,2.252,697965,1781607,0,811,761,761,44669760,1412988,394,422,0
77,1.513,0.619,0.000,2.132,2.255,697965,1781607,0,811,761,761,44669760,1412988,394,422,0
78,1.494,0.628,0.000,2.123,2.240,697965,1781607,0,811,761,761,44669760,1412988,394,422,0
79,1.523,0.627,0.000,2.150,2.212,697965,1781607,0,811,761,761,44669760,1412988,394,422,0
80,1.505,0.639,0.000,2.143,2.262,697965,1781607,0,811,761,761,44669760,1412988,394,422,0
81,1.500,0.632,0.000,2.132,2.251,697965,1781607,0,811,761,761,44669760,1412988,394,422,0
82,1.501,0.635,0.000,2.136,2.234,697965,1781607,0,811,761,761,44669760,1412988,394,422,0
83,1.526,0.637,0.000,2.163,2.229,697965,1781607,0,811,761,761,44669760,1412988,394,422,0
84,1.510,0.642,0.000,2.152,2.262,697965,1781607,0,811,761,761,44669760,1412988,394,422,0
85,1.491,0.655,0.000,2.146,2.258,697965,1781607,0,811,761,761,44669760,1412988,394,422,0
86,1.606,0.668,0.000,2.273,2.248,697965,1781607,0,811,761,761,44669760,1412988,394,422,0
87,1.484,0.686,0.000,2.170,2.381,697965,1781607,0,811,761,761,44669760,1412988,394,422,0
88,1.502,0.657,0.000,2.159,2.264,697965,1781607,0,811,761,761,44669760,1412988,394,422,0
89,1.529,0.645,0.000,2.174,2.259,697965,1781607,0,811,761,761,44669760,1412988,394,422,0
90,1.474,0.649,0.000,2.123,2.279,697965,1781607,0,811,761,761,44669760,1412988,394,422,0
91,1.525,0.637,0.000,2.162,2.252,697965,1781607,0,811,761,761,44669760,1412988,394,422,0
92,1.483,0.627,0.000,2.110,2.253,697965,1781607,0,811,761,761,44669760,1412988,394,422,0
93,1.516,0.632,0.000,2.149,2.216,697965,1781607,0,811,761,761,44669760,1412988,394,422,0
94,1.504,0.626,0.000,2.130,2.243,697965,1781607,0,811,761,761,44669760,1412988,394,422,0
95,1.513,0.630,0.000,2.143,2.222,697965,1781607,0,811,761,761,44669760,1412988,394,422,0
96,1.502,0.635,0.000,2.136,2.245,697965,1781607,0,811,761,761,44669760,1412988,394,422,0
97,1.496,0.629,0.000,2.125,2.238,697965,1781607,0,811,761,761,44669760,1412988,394,422,0
98,1.480,0.601,0.000,2.081,2.213,697965,1781607,0,811,761,761,44669760,1412988,394,422,0
99,1.529,0.643,0.000,2.172,2.177,697965,1781607,0,811,761,761,44669760,1412988,394,422,0
100,1.499,0.626,0.000,2.125,2.272,697965,1781607,0,811,761,761,44669760,1412988,394,422,0
101,1.467,0.637,0.000,2.104,2.217,697965,1781607,0,811,761,761,44669760,1412988,394,422,0
102,1.491,0.646,0.000,2.137,2.203,697965,1781607,0,811,761,761,44669760,1412988,394,422,0
103,1.487,0.640,0.000,2.127,2.230,697965,1781607,0,811,761,761,44669760,1412988,394,422,0
104,1.489,0.662,0.000,2.151,2.233,697965,1781607,0,811,761,761,44669760,1412988,394,422,0
105,1.505,0.619,0.000,2.124,2.240,697965,1781607,0,811,761,761,44669760,1412988,394,422,0
106,1.494,0.636,0.000,2.131,2.226,697965,1781607,0,811,761,761,44669760,1412988,394,422,0
107,1.500,0.650,0.000,2.150,2.227,697965,1781607,0,811,761,761,44669760,1412988,394,422,0
108,1.470,0.662,0.000,2.132,2.253,697965,1781607,0,811,761,761,44669760,1412988,394,422,0
109,1.504,0.620,0.000,2.125,2.220,697965,1781607,0,811,761,761,44669760,1412988,394,422,0
110,1.497,0.642,0.000,2.140,2.233,697965,1781607,0,811,761,761,44669760,1412988,394,422,0
111,1.451,0.611,0.000,2.062,2.239,697965,1781607,0,811,761,761,44669760,1412988,394,422,0
112,1.485,0.638,0.000,2.123,2.157,697965,1781607,0,811,761,761,44669760,1412988,394,422,0
113,1.492,0.632,0.000,2.123,2.214,697965,1781607,0,811,761,761,44669760,1412988,394,422,0
114,1.523,0.633,0.000,2.156,2.221,697965,1781607,0,811,761,761,44669760,1412988,394,422,0
115,1.480,0.636,0.000,2.116,2.258,697965,1781607,0,811,761,761,44669760,1412988,394,422,0
116,1.483,0.637,0.000,2.120,2.220,697965,1781607,0,811,761,761,44669760,1412988,394,422,0
117,1.505,0.649,0.000,2.153,2.211,697965,1781607,0,811,761,761,44669760,1412988,394,422,0
118,1.516,0.649,0.000,2.165,2.249,697965,1781607,0,811,761,761,44669760,1412988,394,422,0
119,1.563,0.750,0.000,2.313,2.253,697965,1781607,0,811,761,761,44669760,1412988,394,422,0
120,1.528,0.725,0.000,2.253,2.435,697965,1781607,0,811,761,761,44669760,1412988,394,422,0
121,1.526,0.679,0.000,2.204,2.366,697965,1781607,0,811,761,761,44669760,1412988,394,422,0
122,1.460,0.628,0.000,2.089,2.302,697965,1781607,0,811,761,761,44669760,1412988,394,422,0
123,1.508,0.630,0.000,2.138,2.184,697965,1781607,0,811,761,761,44669760,1412988,394,422,0
124,1.442,0.606,0.000,2.048,2.235,697965,1781607,0,811,761,761,44669760,1412988,394,422,0
125,1.438,0.640,0.000,2.079,2.148,697965,1781607,0,811,761,761,44669760,1412988,394,422,0
126,1.521,0.637,0.000,2.158,2.172,697965,1781607,0,811,761,761,44669760,1412988,394,422,0
127,1.497,0.654,0.000,2.150,2.247,697965,1781607,0,811,761,761,44669760,1412988,394,422,0
128,1.487,0.637,0.000,2.124,2.253,697965,1781607,0,811,761,761,44669760,1412988,394,422,0
129,1.461,0.656,0.000,2.117,2.229,697965,1781607,0,811,761,761,44669760,1412988,394,422,0
130,1.540,0.673,0.000,2.214,2.225,697965,1781607,0,811,761,761,44669760,1412988,394,422,0
131,1.495,0.639,0.000,2.134,2.305,697965,1781607,0,811,761,761,44669760,1412988,394,422,0
132,1.522,0.645,0.000,2.168,2.237,697965,1781607,0,811,761,761,44669760,1412988,394,422,0
133,1.504,0.664,0.000,2.169,2.273,697965,1781607,0,811,761,761,44669760,1412988,394,422,0
134,1.494,0.637,0.000,2.131,2.284,697965,1781607,0,811,761,761,44669760,1412988,394,422,0
135,1.494,0.620,0.000,2.114,2.221,697965,1781607,0,811,761,761,44669760,1412988,394,422,0
136,1.505,0.640,0.000,2.145,2.215,697965,1781607,0,811,761,761,44669760,1412988,394,422,0
137,1.494,0.625,0.000,2.119,2.258,697965,1781607,0,811,761,761,44669760,1412988,394,422,0
138,1.449,0.617,0.000,2.065,2.222,697965,1781607,0,811,761,761,44669760,1412988,394,422,0
139,1.517,0.621,0.000,2.138,2.161,697965,1781607,0,811,761,761,44669760,1412988,394,422,0
140,1.477,0.629,0.000,2.106,2.228,697965,1781607,0,811,761,761,44669760,1412988,394,422,0
141,1.519,0.644,0.000,2.163,2.197,697965,1781607,0,811,761,761,44669760,1412988,394,422,0
142,1.488,0.640,0.000,2.128,2.264,697965,1781607,0,811,761,761,44669760,1412988,394,422,0
143,1.464,0.639,0.000,2.103,2.220,697965,1781607,0,811,761,761,44669760,1412988,394,422,0
144,1.462,0.643,0.000,2.105,2.209,697965,1781607,0,811,761,761,44669760,1412988,394,422,0
145,1.498,0.632,0.000,2.129,2.198,697965,1781607,0,811,761,761,44669760,1412988,394,422,0
146,1.499,0.641,0.000,2.140,2.239,697965,1781607,0,811,761,761,44669760,1412988,394,422,0
147,1.519,0.649,0.000,2.168,2.239,697965,1781607,0,811,761,761,44669760,1412988,394,422,0
148,1.515,0.643,0.000,2.158,2.269,697965,1781607,0,811,761,761,44669760,1412988,394,422,0
149,1.497,0.640,0.000,2.137,2.258,697965,1781607,0,811,761,761,44669760,1412988,394,422,0
150,1.514,0.648,0.000,2.163,2.243,697965,1781607,0,811,761,761,44669760,1412988,394,422,0
151,1.490,0.646,0.000,2.137,2.256,697965,1781607,0,811,761,761,44669760,1412988,394,422,0
152,1.498,0.639,0.000,2.137,2.232,697965,1781607,0,811,761,761,44669760,1412988,394,422,0
153,1.465,0.659,0.000,2.124,2.230,697965,1781607,0,811,761,761,44669760,1412988,394,422,0
154,1.490,0.630,0.000,2.120,2.217,697965,1781607,0,811,761,761,44669760,1412988,394,422,0
155,1.459,0.655,0.000,2.114,2.225,697965,1781607,0,811,761,761,44669760,1412988,394,422,0
156,1.494,0.630,0.000,2.123,2.206,697965,1781607,0,811,761,761,44669760,1412988,394,422,0
157,1.492,0.645,0.000,2.137,2.217,697965,1781607,0,811,761,761,44669760,1412988,394,422,0
158,1.456,0.636,0.000,2.092,2.244,697965,1781607,0,811,761,761,44669760,1412988,394,422,0
159,1.503,0.650,0.000,2.153,2.192,697965,1781607,0,811,761,761,44669760,1412988,394,422,0
160,1.488,0.616,0.000,2.104,2.249,697965,1781607,0,811,761,761,44669760,1412988,394,422,0
161,1.451,0.626,0.000,2.077,2.213,697965,1781607,0,811,761,761,44669760,1412988,394,422,0
162,1.506,0.602,0.000,2.108,2.169,697965,1781607,0,811,761,761,44669760,1412988,394,422,0
163,1.487,0.641,0.000,2.128,2.211,697965,1781607,0,811,761,761,44669760,1412988,394,422,0
164,1.465,0.614,0.000,2.079,2.229,697965,1781607,0,811,761,761,44669760,1412988,394,422,0
165,1.515,0.619,0.000,2.134,2.168,697965,1781607,0,811,761,761,44669760,1412988,394,422,0
166,1.496,0.628,0.000,2.123,2.237,697965,1781607,0,811,761,761,44669760,1412988,394,422,0
167,1.418,0.642,0.000,2.060,2.218,697965,1781607,0,811,761,761,44669760,1412988,394,422,0
168,1.494,0.654,0.000,2.149,2.151,697965,1781607,0,811,761,761,44669760,1412988,394,422,0
169,1.471,0.603,0.000,2.074,2.251,697965,1781607,0,811,761,761,44669760,1412988,394,422,0
170,1.475,0.620,0.000,2.095,2.173,697965,1781607,0,811,761,761,44669760,1412988,394,422,0
171,1.502,0.635,0.000,2.137,2.191,697965,1781607,0,811,761,761,44669760,1412988,394,422,0
172,1.525,0.641,0.000,2.166,2.238,697965,1781607,0,811,761,761,44669760,1412988,394,422,0
173,1.525,0.656,0.000,2.182,2.260,697965,1781607,0,811,761,761,44669760,1412988,394,422,0
174,1.473,0.649,0.000,2.122,2.285,697965,1781607,0,811,761,761,44669760,1412988,394,422,0
175,1.513,0.632,0.000,2.145,2.211,697965,1781607,0,811,761,761,44669760,1412988,394,422,0
176,1.512,0.632,0.000,2.144,2.245,697965,1781607,0,811,761,761,44669760,1412988,394,422,0
177,1.491,0.640,0.000,2.130,2.238,697965,1781607,0,811,761,761,44669760,1412988,394,422,0
178,1.469,0.625,0.000,2.094,2.222,697965,1781607,0,811,761,761,44669760,1412988,394,422,0
179,1.478,0.639,0.000,2.117,2.186,697965,1781607,0,811,761,761,44669760,1412988,394,422,0
180,1.466,0.635,0.000,2.101,2.230,697965,1781607,0,811,761,761,44669760,1412988,394,422,0
181,1.460,0.614,0.000,2.075,2.190,697965,1781607,0,811,761,761,44669760,1412988,394,422,0
182,1.491,0.643,0.000,2.134,2.188,697965,1781607,0,811,761,761,44669760,1412988,394,422,0
183,1.478,0.630,0.000,2.108,2.236,697965,1781607,0,811,761,761,44669760,1412988,394,422,0
184,1.504,0.644,0.000,2.148,2.197,697965,1781607,0,811,761,761,44669760,1412988,394,422,0
185,1.482,0.621,0.000,2.104,2.239,697965,1781607,0,811,761,761,44669760,1412988,394,422,0
186,1.480,0.620,0.000,2.100,2.206,697965,1781607,0,811,761,761,44669760,1412988,394,422,0
187,1.507,0.647,0.000,2.154,2.196,697965,1781607,0,811,761,761,44669760,1412988,394,422,0
188,1.465,0.639,0.000,2.104,2.254,697965,1781607,0,811,761,761,44669760,1412988,394,422,0
189,1.494,0.645,0.000,2.139,2.219,697965,1781607,0,811,761,761,44669760,1412988,394,422,0
190,1.484,0.624,0.000,2.108,2.243,697965,1781607,0,811,761,761,44669760,1412988,394,422,0
191,1.491,0.622,0.000,2.113,2.200,697965,1781607,0,811,761,761,44669760,1412988,394,422,0
192,1.494,0.635,0.000,2.129,2.213,697965,1781607,0,811,761,761,44669760,1412988,394,422,0
193,1.503,0.640,0.000,2.142,2.231,697965,1781607,0,811,761,761,44669760,1412988,394,422,0
194,1.481,0.651,0.000,2.132,2.240,697965,1781607,0,811,761,761,44669760,1412988,394,422,0
195,1.498,0.642,0.000,2.140,2.226,697965,1781607,0,811,761,761,44669760,1412988,394,422,0
196,1.493,0.653,0.000,2.146,2.235,697965,1781607,0,811,761,761,44669760,1412988,394,422,0
197,1.471,0.625,0.000,2.096,2.249,697965,1781607,0,811,761,761,44669760,1412988,394,422,0
198,1.524,0.753,0.000,2.277,2.193,697965,1781607,0,811,761,761,44669760,1412988,394,422,0
199,1.528,0.678,0.000,2.205,2.380,697965,1781607,0,811,761,761,44669760,1412988,394,422,0
200,1.481,0.613,0.000,2.094,2.314,697965,1781607,0,811,761,761,44669760,1412988,394,422,0
201,1.500,0.629,0.000,2.129,2.200,697965,1781607,0,811,761,761,44669760,1412988,394,422,0
202,1.532,0.626,0.000,2.158,2.218,697965,1781607,0,811,761,761,44669760,1412988,394,422,0
203,1.495,0.646,0.000,2.141,2.249,697965,1781607,0,811,761,761,44669760,1412988,394,422,0
204,1.503,0.629,0.000,2.132,2.238,697965,1781607,0,811,761,761,44669760,1412988,394,422,0
205,1.510,0.636,0.000,2.146,2.223,697965,1781607,0,811,761,761,44669760,1412988,394,422,0
206,1.488,0.631,0.000,2.119,2.238,697965,1781607,0,811,761,761,44669760,1412988,394,422,0
207,1.504,0.637,0.000,2.140,2.218,697965,1781607,0,811,761,761,44669760,1412988,394,422,0
208,1.472,0.610,0.000,2.082,2.241,697965,1781607,0,811,761,761,44669760,1412988,394,422,0
209,1.507,0.611,0.000,2.118,2.174,697965,1781607,0,811,761,761,44669760,1412988,394,422,0
210,1.528,0.630,0.000,2.158,2.217,697965,1781607,0,811,761,761,44669760,1412988,394,422,0
211,1.474,0.622,0.000,2.096,2.253,697965,1781607,0,811,761,761,44669760,1412988,394,422,0
212,1.484,0.617,0.000,2.101,2.193,697965,1781607,0,811,761,761,44669760,1412988,394,422,0
213,1.505,0.626,0.000,2.131,2.196,697965,1781607,0,811,761,761,44669760,1412988,394,422,0
214,1.492,0.648,0.000,2.140,2.221,697965,1781607,0,811,761,761,44669760,1412988,394,422,0
215,1.499,0.642,0.000,2.141,2.230,697965,1781607,0,811,761,761,44669760,1412988,394,422,0
216,1.508,0.634,0.000,2.141,2.241,697965,1781607,0,811,761,761,44669760,1412988,394,422,0
217,1.451,0.619,0.000,2.070,2.238,697965,1781607,0,811,761,761,44669760,1412988,394,422,0
218,1.496,0.648,0.000,2.144,2.158,697965,1781607,0,811,761,761,44669760,1412988,394,422,0
219,1.519,0.639,0.000,2.158,2.236,697965,1781607,0,811,761,761,44669760,1412988,394,422,0
220,1.464,0.638,0.000,2.102,2.259,697965,1781607,0,811,761,761,44669760,1412988,394,422,0
221,1.466,0.635,0.000,2.101,2.189,697965,1781607,0,811,761,761,44669760,1412988,394,422,0
222,1.484,0.630,0.000,2.114,2.194,697965,1781607,0,811,761,761,44669760,1412988,394,422,0
223,1.515,0.623,0.000,2.138,2.216,697965,1781607,0,811,761,761,44669760,1412988,394,422,0
224,1.516,0.648,0.000,2.164,2.226,697965,1781607,0,811,761,761,44669760,1412988,394,422,0
225,1.491,0.638,0.000,2.129,2.264,697965,1781607,0,811,761,761,44669760,1412988,394,422,0
226,1.470,0.637,0.000,2.107,2.221,697965,1781607,0,811,761,761,44669760,1412988,394,422,0
227,1.480,0.654,0.000,2.134,2.209,697965,1781607,0,811,761,761,44669760,1412988,394,422,0
228,1.610,0.762,0.000,2.373,2.236,697965,1781607,0,811,761,761,44669760,1412988,394,422,0
229,1.495,0.643,0.000,2.138,2.477,697965,1781607,0,811,761,761,44669760,1412988,394,422,0
230,1.515,0.644,0.000,2.159,2.233,697965,1781607,0,811,761,761,44669760,1412988,394,422,0
231,1.485,0.662,0.000,2.147,2.254,697965,1781607,0,811,761,761,44669760,1412988,394,422,0
232,1.472,0.656,0.000,2.129,2.252,697965,1781607,0,811,761,761,44669760,1412988,394,422,0
233,1.489,0.627,0.000,2.116,2.218,697965,1781607,0,811,761,761,44669760,1412988,394,422,0
234,1.505,0.650,0.000,2.155,2.213,697965,1781607,0,811,761,761,44669760,1412988,394,422,0
235,1.482,0.679,0.000,2.161,2.253,697965,1781607,0,811,761,761,44669760,1412988,394,422,0
236,1.507,0.669,0.000,2.176,2.250,697965,1781607,0,811,761,761,44669760,1412988,394,422,0
237,1.520,0.648,0.000,2.169,2.266,697965,1781607,0,811,761,761,44669760,1412988,394,422,0
238,1.484,0.637,0.000,2.121,2.267,697965,1781607,0,811,761,761,44669760,1412988,394,422,0
239,1.485,0.638,0.000,2.123,2.215,697965,1781607,0,811,761,761,44669760,1412988,394,422,0
240,1.484,0.625,0.000,2.109,2.233,697965,1781607,0,811,761,761,44669760,1412988,394,422,0
241,1.496,0.638,0.000,2.134,2.197,697965,1781607,0,811,761,761,44669760,1412988,394,422,0
242,1.483,0.626,0.000,2.108,2.235,697965,1781607,0,811,761,761,44669760,1412988,394,422,0
243,1.508,0.617,0.000,2.125,2.203,697965,1781607,0,811,761,761,44669760,1412988,394,422,0
244,1.505,0.635,0.000,2.139,2.213,697965,1781607,0,811,761,761,44669760,1412988,394,422,0
245,1.524,0.623,0.000,2.147,2.234,697965,1781607,0,811,761,761,44669760,1412988,394,422,0
246,1.526,0.656,0.000,2.183,2.248,697965,1781607,0,811,761,761,44669760,1412988,394,422,0
247,1.502,0.635,0.000,2.137,2.275,697965,1781607,0,811,761,761,44669760,1412988,394,422,0
248,1.461,0.651,0.000,2.112,2.239,697965,1781607,0,811,761,761,44669760,1412988,394,422,0
249,1.518,0.636,0.000,2.154,2.205,697965,1781607,0,811,761,761,44669760,1412988,394,422,0
250,1.461,0.628,0.000,2.089,2.253,697965,1781607,0,811,761,761,44669760,1412988,394,422,0
251,1.494,0.612,0.000,2.106,2.178,697965,1781607,0,811,761,761,44669760,1412988,394,422,0
252,1.496,0.639,0.000,2.135,2.205,697965,1781607,0,811,761,761,44669760,1412988,394,422,0
253,1.509,0.657,0.000,2.166,2.253,697965,1781607,0,811,761,761,44669760,1412988,394,422,0
254,1.534,0.668,0.000,2.201,2.279,697965,1781607,0,811,761,761,44669760,1412988,394,422,0
255,1.507,0.624,0.000,2.132,2.310,697965,1781607,0,811,761,761,44669760,1412988,394,422,0
256,1.475,0.651,0.000,2.126,2.236,697965,1781607,0,811,761,761,44669760,1412988,394,422,0
257,1.506,0.650,0.000,2.156,2.225,697965,1781607,0,811,761,761,44669760,1412988,394,422,0
258,1.477,0.655,0.000,2.132,2.256,697965,1781607,0,811,761,761,44669760,1412988,394,422,0
259,1.464,0.623,0.000,2.087,2.240,697965,1781607,0,811,761,761,44669760,1412988,394,422,0
260,1.507,0.626,0.000,2.133,2.177,697965,1781607,0,811,761,761,44669760,1412988,394,422,0
261,1.506,0.666,0.000,2.172,2.229,697965,1781607,0,811,761,761,44669760,1412988,394,422,0
262,1.485,0.641,0.000,2.125,2.268,697965,1781607,0,811,761,761,44669760,1412988,394,422,0
263,1.471,0.636,0.000,2.107,2.214,697965,1781607,0,811,761,761,44669760,1412988,394,422,0
264,1.539,0.647,0.000,2.186,2.204,697965,1781607,0,811,761,761,44669760,1412988,394,422,0
265,1.480,0.641,0.000,2.121,2.282,697965,1781607,0,811,761,761,44669760,1412988,394,422,0
266,1.494,0.635,0.000,2.129,2.215,697965,1781607,0,811,761,761,44669760,1412988,394,422,0
267,1.501,0.633,0.000,2.134,2.225,697965,1781607,0,811,761,761,44669760,1412988,394,422,0
268,1.497,0.652,0.000,2.149,2.243,697965,1781607,0,811,761,761,44669760,1412988,394,422,0
269,1.509,0.676,0.000,2.185,2.243,697965,1781607,0,811,761,761,44669760,1412988,394,422,0
270,1.522,0.653,0.000,2.175,2.286,697965,1781607,0,811,761,761,44669760,1412988,394,422,0
271,1.510,0.653,0.000,2.163,2.269,697965,1781607,0,811,761,761,44669760,1412988,394,422,0
272,1.501,0.650,0.000,2.151,2.271,697965,1781607,0,811,761,761,44669760,1412988,394,422,0
273,1.475,0.651,0.000,2.126,2.274,697965,1781607,0,811,761,761,44669760,1412988,394,422,0
274,1.523,0.643,0.000,2.167,2.235,697965,1781607,0,811,761,761,44669760,1412988,394,422,0
275,1.484,0.652,0.000,2.136,2.263,697965,1781607,0,811,761,761,44669760,1412988,394,422,0
276,1.491,0.646,0.000,2.137,2.243,697965,1781607,0,811,761,761,44669760,1412988,394,422,0
277,1.473,0.624,0.000,2.097,2.239,697965,1781607,0,811,761,761,44669760,1412988,394,422,0
278,1.477,0.635,0.000,2.112,2.187,697965,1781607,0,811,761,761,44669760,1412988,394,422,0
279,1.521,0.630,0.000,2.150,2.215,697965,1781607,0,811,761,761,44669760,1412988,394,422,0
280,1.472,0.627,0.000,2.099,2.242,697965,1781607,0,811,761,761,44669760,1412988,394,422,0
281,1.461,0.642,0.000,2.103,2.196,697965,1781607,0,811,761,761,44669760,1412988,394,422,0
282,1.506,0.639,0.000,2.145,2.200,697965,1781607,0,811,761,761,44669760,1412988,394,422,0
283,1.483,0.618,0.000,2.101,2.240,697965,1781607,0,811,761,761,44669760,1412988,394,422,0
284,1.478,0.640,0.000,2.118,2.192,697965,1781607,0,811,761,761,44669760,1412988,394,422,0
285,1.461,0.638,0.000,2.099,2.207,697965,1781607,0,811,761,761,44669760,1412988,394,422,0
286,1.492,0.607,0.000,2.099,2.189,697965,1781607,0,811,761,761,44669760,1412988,394,422,0
287,1.496,0.628,0.000,2.124,2.192,697965,1781607,0,811,761,761,44669760,1412988,394,422,0
288,1.535,0.655,0.000,2.191,2.217,697965,1781607,0,811,761,761,44669760,1412988,394,422,0
289,1.418,0.612,0.000,2.030,2.294,697965,1781607,0,811,761,761,44669760,1412988,394,422,0
290,1.498,0.605,0.000,2.102,2.123,697965,1781607,0,811,761,761,44669760,1412988,394,422,0
291,1.431,0.605,0.000,2.036,2.195,697965,1781607,0,811,761,761,44669760,1412988,394,422,0
292,1.437,0.595,0.000,2.032,2.130,697965,1781607,0,811,761,761,44669760,1412988,394,422,0
293,1.421,0.635,0.000,2.056,2.127,697965,1781607,0,811,761,761,44669760,1412988,394,422,0
294,1.505,0.621,0.000,2.126,2.152,697965,1781607,0,811,761,761,44669760,1412988,394,422,0
295,1.478,0.622,0.000,2.101,2.229,697965,1781607,0,811,761,761,44669760,1412988,394,422,0
296,1.485,0.636,0.000,2.121,2.191,697965,1781607,0,811,761,761,44669760,1412988,394,422,0
297,1.516,0.622,0.000,2.138,2.211,697965,1781607,0,811,761,761,44669760,1412988,394,422,0
298,1.471,0.633,0.000,2.104,2.233,697965,1781607,0,811,761,761,44669760,1412988,394,422,0
299,1.490,0.651,0.000,2.140,2.199,697965,1781607,0,811,761,761,44669760,1412988,394,422,0
300,1.559,0.638,0.000,2.197,2.247,697965,1781607,0,811,761,761,44669760,1412988,394,422,0
301,1.465,0.643,0.000,2.109,2.296,697965,1781607,0,811,761,761,44669760,1412988,394,422,0
302,1.461,0.633,0.000,2.095,2.213,697965,1781607,0,811,761,761,44669760,1412988,394,422,0
303,1.492,0.638,0.000,2.130,2.186,697965,1781607,0,811,761,761,44669760,1412988,394,422,0
304,1.480,0.626,0.000,2.106,2.223,697965,1781607,0,811,761,761,44669760,1412988,394,422,0
305,1.481,0.640,0.000,2.121,2.195,697965,1781607,0,811,761,761,44669760,1412988,394,422,0
306,1.516,0.647,0.000,2.163,2.216,697965,1781607,0,811,761,761,44669760,1412988,394,422,0
307,1.489,0.628,0.000,2.117,2.265,697965,1781607,0,811,761,761,44669760,1412988,394,422,0
308,1.494,0.633,0.000,2.127,2.204,697965,1781607,0,811,761,761,44669760,1412988,394,422,0
309,1.508,0.632,0.000,2.140,2.225,697965,1781607,0,811,761,761,44669760,1412988,394,422,0
310,1.509,0.647,0.000,2.156,2.244,697965,1781607,0,811,761,761,44669760,1412988,394,422,0
311,1.480,0.647,0.000,2.127,2.256,697965,1781607,0,811,761,761,44669760,1412988,394,422,0
312,1.495,0.617,0.000,2.112,2.219,697965,1781607,0,811,761,761,44669760,1412988,394,422,0
313,1.518,0.668,0.000,2.186,2.211,697965,1781607,0,811,761,761,44669760,1412988,394,422,0
314,1.479,0.638,0.000,2.117,2.290,697965,1781607,0,811,761,761,44669760,1412988,394,422,0
315,1.471,0.641,0.000,2.112,2.217,697965,1781607,0,811,761,761,44669760,1412988,394,422,0
316,1.483,0.616,0.000,2.099,2.207,697965,1781607,0,811,761,761,44669760,1412988,394,422,0
317,1.496,0.628,0.000,2.124,2.192,697965,1781607,0,811,761,761,44669760,1412988,394,422,0
318,1.535,0.635,0.000,2.170,2.223,697965,1781607,0,811,761,761,44669760,1412988,394,422,0
319,1.480,0.635,0.000,2.115,2.275,697965,1781607,0,811,761,761,44669760,1412988,394,422,0
320,1.533,0.629,0.000,2.162,2.210,697965,1781607,0,811,761,761,44669760,1412988,394,422,0
321,1.485,0.635,0.000,2.120,2.273,697965,1781607,0,811,761,761,44669760,1412988,394,422,0
322,1.494,0.650,0.000,2.145,2.228,697965,1781607,0,811,761,761,44669760,1412988,394,422,0
323,1.509,0.615,0.000,2.124,2.246,697965,1781607,0,811,761,761,44669760,1412988,394,422,0
324,1.497,0.618,0.000,2.115,2.224,697965,1781607,0,811,761,761,44669760,1412988,394,422,0
325,1.513,0.622,0.000,2.135,2.216,697965,1781607,0,811,761,761,44669760,1412988,394,422,0
326,1.478,0.647,0.000,2.124,2.224,697965,1781607,0,811,761,761,44669760,1412988,394,422,0
327,1.513,0.638,0.000,2.151,2.212,697965,1781607,0,811,761,761,44669760,1412988,394,422,0
328,1.481,0.639,0.000,2.120,2.257,697965,1781607,0,811,761,761,44669760,1412988,394,422,0
329,1.488,0.646,0.000,2.134,2.220,697965,1781607,0,811,761,761,44669760,1412988,394,422,0
330,1.510,0.637,0.000,2.147,2.223,697965,1781607,0,811,761,761,44669760,1412988,394,422,0
331,1.541,0.625,0.000,2.166,2.265,697965,1781607,0,811,761,761,44669760,1412988,394,422,0
332,1.486,0.618,0.000,2.104,2.270,697965,1781607,0,811,761,761,44669760,1412988,394,422,0
333,1.537,0.643,0.000,2.179,2.196,697965,1781607,0,811,761,761,44669760,1412988,394,422,0
334,1.503,0.609,0.000,2.112,2.282,697965,1781607,0,811,761,761,44669760,1412988,394,422,0
335,1.492,0.629,0.000,2.121,2.206,697965,1781607,0,811,761,761,44669760,1412988,394,422,0
336,1.505,0.637,0.000,2.142,2.212,697965,1781607,0,811,761,761,44669760,1412988,394,422,0
337,1.491,0.614,0.000,2.105,2.240,697965,1781607,0,811,761,761,44669760,1412988,394,422,0
338,1.478,0.631,0.000,2.109,2.203,697965,1781607,0,811,761,761,44669760,1412988,394,422,0
339,1.498,0.636,0.000,2.134,2.201,697965,1781607,0,811,761,761,44669760,1412988,394,422,0
340,1.493,0.612,0.000,2.105,2.240,697965,1781607,0,811,761,761,44669760,1412988,394,422,0
341,1.508,0.630,0.000,2.138,2.201,697965,1781607,0,811,761,761,44669760,1412988,394,422,0
342,1.485,0.639,0.000,2.124,2.232,697965,1781607,0,811,761,761,44669760,1412988,394,422,0
343,1.477,0.624,0.000,2.101,2.213,697965,1781607,0,811,761,761,44669760,1412988,394,422,0
344,1.486,0.648,0.000,2.133,2.192,697965,1781607,0,811,761,761,44669760,1412988,394,422,0
345,1.462,0.616,0.000,2.078,2.241,697965,1781607,0,811,761,761,44669760,1412988,394,422,0
346,1.492,0.619,0.000,2.111,2.169,697965,1781607,0,811,761,761,44669760,1412988,394,422,0
347,1.526,0.597,0.000,2.123,2.212,697965,1781607,0,811,761,761,44669760,1412988,394,422,0
348,1.473,0.625,0.000,2.098,2.226,697965,1781607,0,811,761,761,44669760,1412988,394,422,0
349,1.503,0.619,0.000,2.123,2.199,697965,1781607,0,811,761,761,44669760,1412988,394,422,0
350,1.512,0.616,0.000,2.129,2.217,697965,1781607,0,811,761,761,44669760,1412988,394,422,0
351,1.466,0.630,0.000,2.096,2.228,697965,1781607,0,811,761,761,44669760,1412988,394,422,0
352,1.459,0.625,0.000,2.084,2.185,697965,1781607,0,811,761,761,44669760,1412988,394,422,0
353,1.498,0.640,0.000,2.139,2.183,697965,1781607,0,811,761,761,44669760,1412988,394,422,0
354,1.469,0.630,0.000,2.099,2.244,697965,1781607,0,811,761,761,44669760,1412988,394,422,0
355,1.485,0.633,0.000,2.118,2.185,697965,1781607,0,811,761,761,44669760,1412988,394,422,0
356,1.489,0.634,0.000,2.123,2.220,697965,1781607,0,811,761,761,44669760,1412988,394,422,0
357,1.483,0.627,0.000,2.111,2.215,697965,1781607,0,811,761,761,44669760,1412988,394,422,0
358,1.488,0.607,0.000,2.096,2.203,697965,1781607,0,811,761,761,44669760,1412988,394,422,0
359,1.498,0.626,0.000,2.124,2.186,697965,1781607,0,811,761,761,44669760,1412988,394,422,0
360,1.532,0.634,0.000,2.166,2.221,697965,1781607,0,811,761,761,44669760,1412988,394,422,0
361,1.460,0.629,0.000,2.089,2.268,697965,1781607,0,811,761,761,44669760,1412988,394,422,0
362,1.485,0.624,0.000,2.108,2.175,697965,1781607,0,811,761,761,44669760,1412988,394,422,0
363,1.484,0.623,0.000,2.107,2.210,697965,1781607,0,811,761,761,44669760,1412988,394,422,0
364,1.482,0.611,0.000,2.093,2.227,697965,1781607,0,811,761,761,44669760,1412988,394,422,0
365,1.472,0.623,0.000,2.096,2.181,697965,1781607,0,811,761,761,44669760,1412988,394,422,0
366,1.526,0.637,0.000,2.163,2.200,697965,1781607,0,811,761,761,44669760,1412988,394,422,0
367,1.482,0.610,0.000,2.091,2.259,697965,1781607,0,811,761,761,44669760,1412988,394,422,0
368,1.522,0.633,0.000,2.155,2.186,697965,1781607,0,811,761,761,44669760,1412988,394,422,0
369,1.475,0.650,0.000,2.125,2.250,697965,1781607,0,811,761,761,44669760,1412988,394,422,0
370,1.510,0.627,0.000,2.138,2.229,697965,1781607,0,811,761,761,44669760,1412988,394,422,0
371,1.483,0.620,0.000,2.103,2.228,697965,1781607,0,811,761,761,44669760,1412988,394,422,0
372,1.509,0.618,0.000,2.127,2.197,697965,1781607,0,811,761,761,44669760,1412988,394,422,0
373,1.497,0.636,0.000,2.133,2.232,697965,1781607,0,811,761,761,44669760,1412988,394,422,0
374,1.489,0.630,0.000,2.118,2.224,697965,1781607,0,811,761,761,44669760,1412988,394,422,0
375,1.510,0.631,0.000,2.141,2.209,697965,1781607,0,811,761,761,44669760,1412988,394,422,0
376,1.489,0.644,0.000,2.132,2.233,697965,1781607,0,811,761,761,44669760,1412988,394,422,0
377,1.489,0.639,0.000,2.128,2.223,697965,1781607,0,811,761,761,44669760,1412988,394,422,0
378,1.490,0.636,0.000,2.126,2.220,697965,1781607,0,811,761,761,44669760,1412988,394,422,0
379,1.505,0.655,0.000,2.161,2.236,697965,1781607,0,811,761,761,44669760,1412988,394,422,0
380,1.512,0.654,0.000,2.167,2.257,697965,1781607,0,811,761,761,44669760,1412988,394,422,0
381,1.504,0.635,0.000,2.139,2.264,697965,1781607,0,811,761,761,44669760,1412988,394,422,0
382,1.479,0.639,0.000,2.118,2.248,697965,1781607,0,811,761,761,44669760,1412988,394,422,0
383,1.489,0.625,0.000,2.114,2.209,697965,1781607,0,811,761,761,44669760,1412988,394,422,0
384,1.505,0.630,0.000,2.135,2.210,697965,1781607,0,811,761,761,44669760,1412988,394,422,0
385,1.468,0.636,0.000,2.104,2.242,697965,1781607,0,811,761,761,44669760,1412988,394,422,0
386,1.474,0.632,0.000,2.105,2.202,697965,1781607,0,811,761,761,44669760,1412988,394,422,0
387,1.539,0.630,0.000,2.169,2.204,697965,1781607,0,811,761,761,44669760,1412988,394,422,0
388,1.533,0.642,0.000,2.175,2.286,697965,1781607,0,811,761,761,44669760,1412988,394,422,0
389,1.470,0.646,0.000,2.117,2.275,697965,1781607,0,811,761,761,44669760,1412988,394,422,0
390,1.508,0.634,0.000,2.143,2.212,697965,1781607,0,811,761,761,44669760,1412988,394,422,0
391,1.517,0.618,0.000,2.134,2.237,697965,1781607,0,811,761,761,44669760,1412988,394,422,0
392,1.494,0.645,0.000,2.139,2.247,697965,1781607,0,811,761,761,44669760,1412988,394,422,0
393,1.478,0.655,0.000,2.133,2.246,697965,1781607,0,811,761,761,44669760,1412988,394,422,0
394,1.513,0.654,0.000,2.167,2.230,697965,1781607,0,811,761,761,44669760,1412988,394,422,0
395,1.481,0.657,0.000,2.138,2.264,697965,1781607,0,811,761,761,44669760,1412988,394,422,0
396,1.475,0.612,0.000,2.088,2.248,697965,1781607,0,811,761,761,44669760,1412988,394,422,0
397,1.477,0.635,0.000,2.112,2.177,697965,1781607,0,811,761,761,44669760,1412988,394,422,0
398,1.500,0.632,0.000,2.133,2.212,697965,1781607,0,811,761,761,44669760,1412988,394,422,0
399,1.470,0.624,0.000,2.094,2.228,697965,1781607,0,811,761,761,44669760,1412988,394,422,0
400,1.439,0.627,0.000,2.066,2.188,697965,1781607,0,811,761,761,44669760,1412988,394,422,0
401,1.518,0.621,0.000,2.140,2.166,697965,1781607,0,811,761,761,44669760,1412988,394,422,0
402,1.474,0.634,0.000,2.108,2.235,697965,1781607,0,811,761,761,44669760,1412988,394,422,0
403,1.460,0.631,0.000,2.091,2.196,697965,1781607,0,811,761,761,44669760,1412988,394,422,0
404,1.495,0.633,0.000,2.128,2.187,697965,1781607,0,811,761,761,44669760,1412988,394,422,0
405,1.448,0.633,0.000,2.081,2.223,697965,1781607,0,811,761,761,44669760,1412988,394,422,0
406,1.474,0.603,0.000,2.077,2.169,697965,1781607,0,811,761,761,44669760,1412988,394,422,0
407,1.497,0.614,0.000,2.111,2.172,697965,1781607,0,811,761,761,44669760,1412988,394,422,0
408,1.468,0.619,0.000,2.087,2.208,697965,1781607,0,811,761,761,44669760,1412988,394,422,0
409,1.476,0.640,0.000,2.117,2.175,697965,1781607,0,811,761,761,44669760,1412988,394,422,0
410,1.505,0.599,0.000,2.104,2.225,697965,1781607,0,811,761,761,44669760,1412988,394,422,0
411,1.462,0.650,0.000,2.112,2.202,697965,1781607,0,811,761,761,44669760,1412988,394,422,0
412,1.524,0.624,0.000,2.148,2.206,697965,1781607,0,811,761,761,44669760,1412988,394,422,0
413,1.458,0.660,0.000,2.118,2.247,697965,1781607,0,811,761,761,44669760,1412988,394,422,0
414,1.497,0.646,0.000,2.143,2.206,697965,1781607,0,811,761,761,44669760,1412988,394,422,0
415,1.496,0.627,0.000,2.123,2.236,697965,1781607,0,811,761,761,44669760,1412988,394,422,0
416,1.485,0.647,0.000,2.132,2.229,697965,1781607,0,811,761,761,44669760,1412988,394,422,0
417,1.485,0.654,0.000,2.140,2.222,697965,1781607,0,811,761,761,44669760,1412988,394,422,0
418,1.500,0.634,0.000,2.133,2.243,697965,1781607,0,811,761,761,44669760,1412988,394,422,0
419,1.449,0.644,0.000,2.093,2.232,697965,1781607,0,811,761,761,44669760,1412988,394,422,0
420,1.490,0.631,0.000,2.121,2.183,697965,1781607,0,811,761,761,44669760,1412988,394,422,0
421,1.475,0.636,0.000,2.111,2.220,697965,1781607,0,811,761,761,44669760,1412988,394,422,0
422,1.457,0.634,0.000,2.090,2.207,697965,1781607,0,811,761,761,44669760,1412988,394,422,0
423,1.480,0.634,0.000,2.114,2.179,697965,1781607,0,811,761,761,44669760,1412988,394,422,0
424,1.503,0.608,0.000,2.111,2.211,697965,1781607,0,811,761,761,44669760,1412988,394,422,0
425,1.451,0.636,0.000,2.088,2.204,697965,1781607,0,811,761,761,44669760,1412988,394,422,0
426,1.484,0.621,0.000,2.106,2.184,697965,1781607,0,811,761,761,44669760,1412988,394,422,0
427,1.482,0.623,0.000,2.105,2.199,697965,1781607,0,811,761,761,44669760,1412988,394,422,0
428,1.462,0.624,0.000,2.086,2.207,697965,1781607,0,811,761,761,44669760,1412988,394,422,0
429,1.511,0.631,0.000,2.142,2.190,697965,1781607,0,811,761,761,44669760,1412988,394,422,0
430,1.483,0.641,0.000,2.124,2.247,697965,1781607,0,811,761,761,44669760,1412988,394,422,0
431,1.489,0.654,0.000,2.142,2.225,697965,1781607,0,811,761,761,44669760,1412988,394,422,0
432,1.527,0.634,0.000,2.161,2.242,697965,1781607,0,811,761,761,44669760,1412988,394,422,0
433,1.459,0.644,0.000,2.104,2.263,697965,1781607,0,811,761,761,44669760,1412988,394,422,0
434,1.451,0.633,0.000,2.085,2.211,697965,1781607,0,811,761,761,44669760,1412988,394,422,0
435,1.493,0.633,0.000,2.126,2.175,697965,1781607,0,811,761,761,44669760,1412988,394,422,0
436,1.514,0.630,0.000,2.144,2.222,697965,1781607,0,811,761,761,44669760,1412988,394,422,0
437,1.464,0.626,0.000,2.090,2.241,697965,1781607,0,811,761,761,44669760,1412988,394,422,0
438,1.509,0.633,0.000,2.142,2.184,697965,1781607,0,811,761,761,44669760,1412988,394,422,0
439,1.494,0.658,0.000,2.152,2.233,697965,1781607,0,811,761,761,44669760,1412988,394,422,0
440,1.430,0.619,0.000,2.049,2.242,697965,1781607,0,811,761,761,44669760,1412988,394,422,0
441,1.489,0.619,0.000,2.108,2.133,697965,1781607,0,811,761,761,44669760,1412988,394,422,0
442,1.502,0.633,0.000,2.134,2.206,697965,1781607,0,811,761,761,44669760,1412988,394,422,0
443,1.488,0.633,0.000,2.121,2.224,697965,1781607,0,811,761,761,44669760,1412988,394,422,0
444,1.534,0.630,0.000,2.164,2.217,697965,1781607,0,811,761,761,44669760,1412988,394,422,0
445,1.474,0.626,0.000,2.101,2.266,697965,1781607,0,811,761,761,44669760,1412988,394,422,0
446,1.477,0.639,0.000,2.116,2.197,697965,1781607,0,811,761,761,44669760,1412988,394,422,0
447,1.514,0.615,0.000,2.130,2.214,697965,1781607,0,811,761,761,44669760,1412988,394,422,0
448,1.479,0.630,0.000,2.109,2.231,697965,1781607,0,811,761,761,44669760,1412988,394,422,0
449,1.460,0.625,0.000,2.085,2.198,697965,1781607,0,811,761,761,44669760,1412988,394,422,0
450,1.518,0.637,0.000,2.155,2.179,697965,1781607,0,811,761,761,44669760,1412988,394,422,0
451,1.470,0.629,0.000,2.099,2.255,697965,1781607,0,811,761,761,44669760,1412988,394,422,0
452,1.495,0.614,0.000,2.109,2.187,697965,1781607,0,811,761,761,44669760,1412988,394,422,0
453,1.520,0.627,0.000,2.147,2.213,697965,1781607,0,811,761,761,44669760,1412988,394,422,0
454,1.476,0.621,0.000,2.097,2.243,697965,1781607,0,811,761,761,44669760,1412988,394,422,0
455,1.467,0.620,0.000,2.087,2.200,697965,1781607,0,811,761,761,44669760,1412988,394,422,0
456,1.514,0.630,0.000,2.144,2.184,697965,1781607,0,811,761,761,44669760,1412988,394,422,0
457,1.413,0.624,0.000,2.037,2.252,697965,1781607,0,811,761,761,44669760,1412988,394,422,0
458,1.520,0.654,0.000,2.174,2.133,697965,1781607,0,811,761,761,44669760,1412988,394,422,0
459,1.519,0.643,0.000,2.162,2.281,697965,1781607,0,811,761,761,44669760,1412988,394,422,0
460,1.488,0.633,0.000,2.121,2.263,697965,1781607,0,811,761,761,44669760,1412988,394,422,0
461,1.507,0.648,0.000,2.155,2.211,697965,1781607,0,811,761,761,44669760,1412988,394,422,0
462,1.533,0.642,0.000,2.175,2.253,697965,1781607,0,811,761,761,44669760,1412988,394,422,0
463,1.499,0.646,0.000,2.144,2.275,697965,1781607,0,811,761,761,44669760,1412988,394,422,0
464,1.482,0.624,0.000,2.106,2.254,697965,1781607,0,811,761,761,44669760,1412988,394,422,0
465,1.493,0.618,0.000,2.111,2.195,697965,1781607,0,811,761,761,44669760,1412988,394,422,0
466,1.500,0.672,0.000,2.173,2.209,697965,1781607,0,811,761,761,44669760,1412988,394,422,0
467,1.529,0.687,0.000,2.215,2.265,697965,1781607,0,811,761,761,44669760,1412988,394,422,0
468,1.600,0.961,0.000,2.561,2.318,697965,1781607,0,811,761,761,44669760,1412988,394,422,0
469,1.471,0.580,0.000,2.051,2.662,697965,1781607,0,811,761,761,44669760,1412988,394,422,0
470,1.457,0.632,0.000,2.088,2.145,697965,1781607,0,811,761,761,44669760,1412988,394,422,0
471,1.478,0.635,0.000,2.113,2.189,697965,1781607,0,811,761,761,44669760,1412988,394,422,0
472,1.445,0.624,0.000,2.069,2.206,697965,1781607,0,811,761,761,44669760,1412988,394,422,0
473,1.442,0.639,0.000,2.081,2.163,697965,1781607,0,811,761,761,44669760,1412988,394,422,0
474,1.497,0.624,0.000,2.121,2.171,697965,1781607,0,811,761,761,44669760,1412988,394,422,0
475,1.488,0.661,0.000,2.149,2.227,697965,1781607,0,811,761,761,44669760,1412988,394,422,0
476,1.492,0.655,0.000,2.148,2.236,697965,1781607,0,811,761,761,44669760,1412988,394,422,0
477,1.480,0.647,0.000,2.127,2.246,697965,1781607,0,811,761,761,44669760,1412988,394,422,0
478,1.474,0.594,0.000,2.068,2.219,697965,1781607,0,811,761,761,44669760,1412988,394,422,0
479,1.458,0.630,0.000,2.088,2.164,697965,1781607,0,811,761,761,44669760,1412988,394,422,0
480,1.526,0.688,0.000,2.214,2.190,697965,1781607,0,811,761,761,44669760,1412988,394,422,0
481,1.519,0.629,0.000,2.148,2.329,697965,1781607,0,811,761,761,44669760,1412988,394,422,0
482,1.465,0.638,0.000,2.103,2.244,697965,1781607,0,811,761,761,44669760,1412988,394,422,0
483,1.490,0.641,0.000,2.131,2.200,697965,1781607,0,811,761,761,44669760,1412988,394,422,0
484,1.496,0.634,0.000,2.130,2.223,697965,1781607,0,811,761,761,44669760,1412988,394,422,0
485,1.510,0.635,0.000,2.144,2.233,697965,1781607,0,811,761,761,44669760,1412988,394,422,0
486,1.470,0.629,0.000,2.099,2.246,697965,1781607,0,811,761,761,44669760,1412988,394,422,0
487,1.474,0.643,0.000,2.117,2.189,697965,1781607,0,811,761,761,44669760,1412988,394,422,0
488,1.497,0.657,0.000,2.154,2.213,697965,1781607,0,811,761,761,44669760,1412988,394,422,0
489,1.532,0.664,0.000,2.197,2.267,697965,1781607,0,811,761,761,44669760,1412988,394,422,0
490,1.505,0.636,0.000,2.141,2.297,697965,1781607,0,811,761,761,44669760,1412988,394,422,0
491,1.520,0.647,0.000,2.167,2.233,697965,1781607,0,811,761,761,44669760,1412988,394,422,0
492,1.497,0.660,0.000,2.156,2.265,697965,1781607,0,811,761,761,44669760,1412988,394,422,0
493,1.525,0.646,0.000,2.171,2.267,697965,1781607,0,811,761,761,44669760,1412988,394,422,0
494,1.487,0.638,0.000,2.125,2.278,697965,1781607,0,811,761,761,44669760,1412988,394,422,0
495,1.469,0.649,0.000,2.118,2.225,697965,1781607,0,811,761,761,44669760,1412988,394,422,0
496,1.427,0.628,0.000,2.056,2.223,697965,1781607,0,811,761,761,44669760,1412988,394,422,0
497,1.384,0.607,0.000,1.991,2.167,697965,1781607,0,811,761,761,44669760,1412988,394,422,0
498,1.423,0.612,0.000,2.034,2.091,697965,1781607,0,811,761,761,44669760,1412988,394,422,0
499,1.402,0.610,0.000,2.013,2.130,697965,1781607,0,811,761,761,44669760,1412988,394,422,0
500,1.421,0.607,0.000,2.028,2.107,697965,1781607,0,811,761,761,44669760,1412988,394,422,0
501,1.415,0.603,0.000,2.017,2.139,697965,1781607,0,811,761,761,44669760,1412988,394,422,0
502,1.430,0.620,0.000,2.050,2.112,697965,1781607,0,811,761,761,44669760,1412988,394,422,0
503,1.406,0.612,0.000,2.018,2.151,697965,1781607,0,811,761,761,44669760,1412988,394,422,0
504,1.463,0.635,0.000,2.098,2.115,697965,1781607,0,811,761,761,44669760,1412988,394,422,0
505,1.457,0.641,0.000,2.097,2.192,697965,1781607,0,811,761,761,44669760,1412988,394,422,0
506,1.448,0.635,0.000,2.083,2.201,697965,1781607,0,811,761,761,44669760,1412988,394,422,0
507,1.431,0.620,0.000,2.052,2.182,697965,1781607,0,811,761,761,44669760,1412988,394,422,0
508,1.397,0.609,0.000,2.006,2.152,697965,1781607,0,811,761,761,44669760,1412988,394,422,0
509,1.427,0.619,0.000,2.046,2.106,697965,1781607,0,811,761,761,44669760,1412988,394,422,0
510,1.457,0.640,0.000,2.097,2.162,697965,1781607,0,811,761,761,44669760,1412988,394,422,0
511,1.434,0.610,0.000,2.043,2.197,697965,1781607,0,811,761,761,44669760,1412988,394,422,0
512,1.418,0.634,0.000,2.051,2.135,697965,1781607,0,811,761,761,44669760,1412988,394,422,0
513,1.444,0.617,0.000,2.061,2.150,697965,1781607,0,811,761,761,44669760,1412988,394,422,0
514,1.394,0.601,0.000,1.995,2.164,697965,1781607,0,811,761,761,44669760,1412988,394,422,0
515,1.427,0.621,0.000,2.048,2.090,697965,1781607,0,811,761,761,44669760,1412988,394,422,0
516,1.465,0.608,0.000,2.072,2.145,697965,1781607,0,811,761,761,44669760,1412988,394,422,0
517,1.484,0.618,0.000,2.102,2.168,697965,1781607,0,811,761,761,44669760,1412988,394,422,0
518,1.533,0.635,0.000,2.169,2.200,697965,1781607,0,811,761,761,44669760,1412988,394,422,0
519,1.461,0.653,0.000,2.114,2.267,697965,1781607,0,811,761,761,44669760,1412988,394,422,0
520,1.502,0.612,0.000,2.114,2.212,697965,1781607,0,811,761,761,44669760,1412988,394,422,0
521,1.510,0.633,0.000,2.142,2.209,697965,1781607,0,811,761,761,44669760,1412988,394,422,0
522,1.474,0.629,0.000,2.102,2.233,697965,1781607,0,811,761,761,44669760,1412988,394,422,0
523,1.467,0.623,0.000,2.089,2.193,697965,1781607,0,811,761,761,44669760,1412988,394,422,0
524,1.549,0.636,0.000,2.185,2.182,697965,1781607,0,811,761,761,44669760,1412988,394,422,0
525,1.453,0.632,0.000,2.084,2.281,697965,1781607,0,811,761,761,44669760,1412988,394,422,0
526,1.486,0.618,0.000,2.104,2.181,697965,1781607,0,811,761,761,44669760,1412988,394,422,0
527,1.474,0.631,0.000,2.106,2.205,697965,1781607,0,811,761,761,44669760,1412988,394,422,0
528,1.529,0.644,0.000,2.173,2.213,697965,1781607,0,811,761,761,44669760,1412988,394,422,0
529,1.472,0.629,0.000,2.101,2.283,697965,1781607,0,811,761,761,44669760,1412988,394,422,0
530,1.465,0.637,0.000,2.101,2.191,697965,1781607,0,811,761,761,44669760,1412988,394,422,0
531,1.501,0.647,0.000,2.148,2.206,697965,1781607,0,811,761,761,44669760,1412988,394,422,0
532,1.459,0.661,0.000,2.120,2.257,697965,1781607,0,811,761,761,44669760,1412988,394,422,0
533,1.496,0.640,0.000,2.136,2.210,697965,1781607,0,811,761,761,44669760,1412988,394,422,0
534,1.584,0.639,0.000,2.223,2.238,697965,1781607,0,811,761,761,44669760,1412988,394,422,0
535,1.474,0.640,0.000,2.113,2.323,697965,1781607,0,811,761,761,44669760,1412988,394,422,0
536,1.501,0.643,0.000,2.144,2.200,697965,1781607,0,811,761,761,44669760,1412988,394,422,0
537,1.524,0.624,0.000,2.148,2.243,697965,1781607,0,811,761,761,44669760,1412988,394,422,0
538,1.495,0.694,0.000,2.189,2.250,697965,1781607,0,811,761,761,44669760,1412988,394,422,0
539,1.469,0.654,0.000,2.123,2.286,697965,1781607,0,811,761,761,44669760,1412988,394,422,0
540,1.488,0.666,0.000,2.154,2.215,697965,1781607,0,811,761,761,44669760,1412988,394,422,0
541,1.483,0.634,0.000,2.116,2.251,697965,1781607,0,811,761,761,44669760,1412988,394,422,0
542,1.539,0.677,0.000,2.216,2.233,697965,1781607,0,811,761,761,44669760,1412988,394,422,0
543,1.505,0.650,0.000,2.155,2.319,697965,1781607,0,811,761,761,44669760,1412988,394,422,0
544,1.498,0.638,0.000,2.136,2.261,697965,1781607,0,811,761,761,44669760,1412988,394,422,0
545,1.526,0.662,0.000,2.188,2.235,697965,1781607,0,811,761,761,44669760,1412988,394,422,0
546,1.530,0.649,0.000,2.180,2.302,697965,1781607,0,811,761,761,44669760,1412988,394,422,0
547,1.479,0.661,0.000,2.140,2.290,697965,1781607,0,811,761,761,44669760,1412988,394,422,0
548,1.502,0.646,0.000,2.148,2.238,697965,1781607,0,811,761,761,44669760,1412988,394,422,0
549,1.508,0.631,0.000,2.139,2.243,697965,1781607,0,811,761,761,44669760,1412988,394,422,0
550,1.542,0.618,0.000,2.160,2.232,697965,1781607,0,811,761,761,44669760,1412988,394,422,0
551,1.506,0.656,0.000,2.161,2.257,697965,1781607,0,811,761,761,44669760,1412988,394,422,0
552,1.545,0.657,0.000,2.202,2.267,697965,1781607,0,811,761,761,44669760,1412988,394,422,0
553,1.482,0.630,0.000,2.112,2.309,697965,1781607,0,811,761,761,44669760,1412988,394,422,0
554,1.510,0.662,0.000,2.172,2.204,697965,1781607,0,811,761,761,44669760,1412988,394,422,0
555,1.516,0.642,0.000,2.158,2.265,697965,1781607,0,811,761,761,44669760,1412988,394,422,0
556,1.500,0.620,0.000,2.121,2.255,697965,1781607,0,811,761,761,44669760,1412988,394,422,0
557,1.487,0.649,0.000,2.136,2.232,697965,1781607,0,811,761,761,44669760,1412988,394,422,0
558,1.501,0.645,0.000,2.146,2.227,697965,1781607,0,811,761,761,44669760,1412988,394,422,0
559,1.519,0.634,0.000,2.154,2.240,697965,1781607,0,811,761,761,44669760,1412988,394,422,0
560,1.512,0.617,0.000,2.129,2.258,697965,1781607,0,811,761,761,44669760,1412988,394,422,0
561,1.486,0.634,0.000,2.120,2.220,697965,1781607,0,811,761,761,44669760,1412988,394,422,0
562,1.490,0.622,0.000,2.112,2.217,697965,1781607,0,811,761,761,44669760,1412988,394,422,0
563,1.530,0.633,0.000,2.163,2.213,697965,1781607,0,811,761,761,44669760,1412988,394,422,0
564,1.480,0.622,0.000,2.102,2.263,697965,1781607,0,811,761,761,44669760,1412988,394,422,0
565,1.489,0.629,0.000,2.119,2.191,697965,1781607,0,811,761,761,44669760,1412988,394,422,0
566,1.494,0.598,0.000,2.092,2.225,697965,1781607,0,811,761,761,44669760,1412988,394,422,0
567,1.495,0.822,0.000,2.316,2.189,697965,1781607,0,811,761,761,44669760,1412988,394,422,0
568,1.504,0.789,0.000,2.293,2.417,697965,1781607,0,811,761,761,44669760,1412988,394,422,0
569,1.471,1.215,0.000,2.686,2.392,697965,1781607,0,811,761,761,44669760,1412988,394,422,0
570,1.846,1.158,0.000,3.004,2.832,697965,1781607,0,811,761,761,44669760,1412988,394,422,0
571,1.697,0.993,0.000,2.690,3.155,697965,1781607,0,811,761,761,44669760,1412988,394,422,0
572,1.713,0.884,0.000,2.597,2.816,697965,1781607,0,811,761,761,44669760,1412988,394,422,0
573,1.636,0.671,0.000,2.307,2.696,697965,1781607,0,811,761,761,44669760,1412988,394,422,0
574,1.613,0.740,0.000,2.353,2.419,697965,1781607,0,811,761,761,44669760,1412988,394,422,0
575,1.589,0.731,0.000,2.320,2.461,697965,1781607,0,811,761,761,44669760,1412988,394,422,0
576,1.556,0.909,0.000,2.465,2.440,697965,1781607,0,811,761,761,44669760,1412988,394,422,0
577,1.444,0.636,0.000,2.081,2.565,697965,1781607,0,811,761,761,44669760,1412988,394,422,0
578,1.495,0.715,0.000,2.210,2.201,697965,1781607,0,811,761,761,44669760,1412988,394,422,0
579,1.641,0.722,0.000,2.363,2.318,697965,1781607,0,811,761,761,44669760,1412988,394,422,0
580,1.572,0.687,0.000,2.259,2.461,697965,1781607,0,811,761,761,44669760,1412988,394,422,0
581,1.552,0.656,0.000,2.207,2.362,697965,1781607,0,811,761,761,44669760,1412988,394,422,0
582,1.587,0.702,0.000,2.289,2.314,697965,1781607,0,811,761,761,44669760,1412988,394,422,0
583,1.540,0.692,0.000,2.232,2.392,697965,1781607,0,811,761,761,44669760,1412988,394,422,0
584,1.569,0.713,0.000,2.282,2.348,697965,1781607,0,811,761,761,44669760,1412988,394,422,0
585,1.521,0.646,0.000,2.166,2.385,697965,1781607,0,811,761,761,44669760,1412988,394,422,0
586,1.501,0.670,0.000,2.170,2.268,697965,1781607,0,811,761,761,44669760,1412988,394,422,0
587,1.516,0.655,0.000,2.172,2.281,697965,1781607,0,811,761,761,44669760,1412988,394,422,0
588,1.502,0.646,0.000,2.148,2.275,697965,1781607,0,811,761,761,44669760,1412988,394,422,0
589,1.533,0.679,0.000,2.212,2.242,697965,1781607,0,811,761,761,44669760,1412988,394,422,0
590,1.594,0.689,0.000,2.283,2.304,697965,1781607,0,811,761,761,44669760,1412988,394,422,0
591,1.528,0.665,0.000,2.193,2.387,697965,1781607,0,811,761,761,44669760,1412988,394,422,0
592,1.526,0.647,0.000,2.174,2.314,697965,1781607,0,811,761,761,44669760,1412988,394,422,0
593,1.508,0.683,0.000,2.191,2.283,697965,1781607,0,811,761,761,44669760,1412988,394,422,0
594,1.546,0.661,0.000,2.207,2.294,697965,1781607,0,811,761,761,44669760,1412988,394,422,0
595,1.518,0.696,0.000,2.214,2.303,697965,1781607,0,811,761,761,44669760,1412988,394,422,0
596,1.597,0.720,0.000,2.318,2.316,697965,1781607,0,811,761,761,44669760,1412988,394,422,0
597,1.593,0.671,0.000,2.264,2.423,697965,1781607,0,811,761,761,44669760,1412988,394,422,0
598,1.530,0.658,0.000,2.188,2.358,697965,1781607,0,811,761,761,44669760,1412988,394,422,0
599,1.584,0.677,0.000,2.261,2.282,697965,1781607,0,811,761,761,44669760,1412988,394,422,0
600,1.512,0.647,0.000,2.159,2.357,697965,1781607,0,811,761,761,44669760,1412988,394,422,0
601,1.501,0.639,0.000,2.140,2.254,697965,1781607,0,811,761,761,44669760,1412988,394,422,0
602,1.522,0.696,0.000,2.217,2.232,697965,1781607,0,811,761,761,44669760,1412988,394,422,0
603,1.624,0.745,0.000,2.368,2.338,697965,1781607,0,811,761,761,44669760,1412988,394,422,0
604,1.564,0.690,0.000,2.254,2.486,697965,1781607,0,811,761,761,44669760,1412988,394,422,0
605,1.527,0.679,0.000,2.207,2.353,697965,1781607,0,811,761,761,44669760,1412988,394,422,0
606,1.488,0.682,0.000,2.169,2.306,697965,1781607,0,811,761,761,44669760,1412988,394,422,0
607,1.501,0.672,0.000,2.174,2.273,697965,1781607,0,811,761,761,44669760,1412988,394,422,0
608,1.536,0.657,0.000,2.194,2.271,697965,1781607,0,811,761,761,44669760,1412988,394,422,0
609,1.538,0.648,0.000,2.186,2.283,697965,1781607,0,811,761,761,44669760,1412988,394,422,0
610,1.529,0.635,0.000,2.164,2.276,697965,1781607,0,811,761,761,44669760,1412988,394,422,0
611,2.031,0.793,0.000,2.824,2.255,697965,1781607,0,811,761,761,44669760,1412988,394,422,0
612,1.545,0.586,0.000,2.131,2.930,697965,1781607,0,811,761,761,44669760,1412988,394,422,0
613,1.500,0.671,0.000,2.171,2.236,697965,1781607,0,811,761,761,44669760,1412988,394,422,0
614,1.523,0.644,0.000,2.167,2.267,697965,1781607,0,811,761,761,44669760,1412988,394,422,0
615,1.501,0.657,0.000,2.157,2.264,697965,1781607,0,811,761,761,44669760,1412988,394,422,0
616,1.524,0.655,0.000,2.180,2.257,697965,1781607,0,811,761,761,44669760,1412988,394,422,0
617,1.496,0.649,0.000,2.145,2.269,697965,1781607,0,811,761,761,44669760,1412988,394,422,0
618,1.525,0.657,0.000,2.183,2.235,697965,1781607,0,811,761,761,44669760,1412988,394,422,0
619,1.508,0.640,0.000,2.149,2.282,697965,1781607,0,811,761,761,44669760,1412988,394,422,0
620,1.470,0.659,0.000,2.129,2.242,697965,1781607,0,811,761,761,44669760,1412988,394,422,0
621,1.489,0.621,0.000,2.109,2.227,697965,1781607,0,811,761,761,44669760,1412988,394,422,0
622,1.511,0.651,0.000,2.163,2.198,697965,1781607,0,811,761,761,44669760,1412988,394,422,0
623,1.529,0.648,0.000,2.177,2.257,697965,1781607,0,811,761,761,44669760,1412988,394,422,0
624,1.496,0.655,0.000,2.152,2.269,697965,1781607,0,811,761,761,44669760,1412988,394,422,0
625,1.513,0.666,0.000,2.179,2.252,697965,1781607,0,811,761,761,44669760,1412988,394,422,0
626,1.498,0.654,0.000,2.152,2.281,697965,1781607,0,811,761,761,44669760,1412988,394,422,0
627,1.547,0.667,0.000,2.214,2.260,697965,1781607,0,811,761,761,44669760,1412988,394,422,0
628,1.496,0.619,0.000,2.116,2.317,697965,1781607,0,811,761,761,44669760,1412988,394,422,0
629,1.520,0.649,0.000,2.169,2.206,697965,1781607,0,811,761,761,44669760,1412988,394,422,0
630,1.507,0.630,0.000,2.137,2.262,697965,1781607,0,811,761,761,44669760,1412988,394,422,0
631,1.488,0.634,0.000,2.122,2.241,697965,1781607,0,811,761,761,44669760,1412988,394,422,0
632,1.493,0.645,0.000,2.139,2.223,697965,1781607,0,811,761,761,44669760,1412988,394,422,0
633,1.530,0.644,0.000,2.174,2.229,697965,1781607,0,811,761,761,44669760,1412988,394,422,0
634,1.530,0.644,0.000,2.174,2.264,697965,1781607,0,811,761,761,44669760,1412988,394,422,0
635,1.506,0.630,0.000,2.137,2.265,697965,1781607,0,811,761,761,44669760,1412988,394,422,0
636,1.498,0.647,0.000,2.146,2.237,697965,1781607,0,811,761,761,44669760,1412988,394,422,0
637,1.499,0.654,0.000,2.153,2.235,697965,1781607,0,811,761,761,44669760,1412988,394,422,0
638,1.551,0.630,0.000,2.181,2.253,697965,1781607,0,811,761,761,44669760,1412988,394,422,0
639,1.548,0.630,0.000,2.178,2.281,697965,1781607,0,811,761,761,44669760,1412988,394,422,0
640,1.481,0.602,0.000,2.082,2.270,697965,1781607,0,811,761,761,44669760,1412988,394,422,0
641,1.493,0.629,0.000,2.122,2.179,697965,1781607,0,811,761,761,44669760,1412988,394,422,0
642,1.544,0.645,0.000,2.189,2.219,697965,1781607,0,811,761,761,44669760,1412988,394,422,0
643,1.515,0.640,0.000,2.155,2.290,697965,1781607,0,811,761,761,44669760,1412988,394,422,0
644,1.479,0.658,0.000,2.136,2.259,697965,1781607,0,811,761,761,44669760,1412988,394,422,0
645,1.498,0.651,0.000,2.149,2.234,697965,1781607,0,811,761,761,44669760,1412988,394,422,0
646,1.525,0.633,0.000,2.158,2.244,697965,1781607,0,811,761,761,44669760,1412988,394,422,0
647,1.513,0.651,0.000,2.164,2.250,697965,1781607,0,811,761,761,44669760,1412988,394,422,0
648,1.536,0.658,0.000,2.195,2.255,697965,1781607,0,811,761,761,44669760,1412988,394,422,0
649,1.531,0.647,0.000,2.178,2.286,697965,1781607,0,811,761,761,44669760,1412988,394,422,0
650,1.471,0.651,0.000,2.122,2.279,697965,1781607,0,811,761,761,44669760,1412988,394,422,0
651,1.496,0.619,0.000,2.115,2.224,697965,1781607,0,811,761,761,44669760,1412988,394,422,0
652,1.499,0.644,0.000,2.143,2.209,697965,1781607,0,811,761,761,44669760,1412988,394,422,0
653,1.528,0.627,0.000,2.155,2.235,697965,1781607,0,811,761,761,44669760,1412988,394,422,0
654,1.545,0.645,0.000,2.191,2.256,697965,1781607,0,811,761,761,44669760,1412988,394,422,0
655,1.491,0.633,0.000,2.124,2.298,697965,1781607,0,811,761,761,44669760,1412988,394,422,0
656,1.488,0.657,0.000,2.145,2.213,697965,1781607,0,811,761,761,44669760,1412988,394,422,0
657,1.493,0.629,0.000,2.122,2.242,697965,1781607,0,811,761,761,44669760,1412988,394,422,0
658,1.468,0.659,0.000,2.127,2.218,697965,1781607,0,811,761,761,44669760,1412988,394,422,0
659,1.539,0.675,0.000,2.214,2.215,697965,1781607,0,811,761,761,44669760,1412988,394,422,0
660,1.477,0.630,0.000,2.107,2.305,697965,1781607,0,811,761,761,44669760,1412988,394,422,0
661,1.511,0.636,0.000,2.148,2.202,697965,1781607,0,811,761,761,44669760,1412988,394,422,0
662,1.487,0.649,0.000,2.136,2.244,697965,1781607,0,811,761,761,44669760,1412988,394,422,0
663,1.494,0.656,0.000,2.151,2.235,697965,1781607,0,811,761,761,44669760,1412988,394,422,0
664,1.558,0.697,0.000,2.255,2.263,697965,1781607,0,811,761,761,44669760,1412988,394,422,0
665,1.479,0.638,0.000,2.117,2.358,697965,1781607,0,811,761,761,44669760,1412988,394,422,0
666,1.527,0.633,0.000,2.160,2.219,697965,1781607,0,811,761,761,44669760,1412988,394,422,0
667,1.537,0.619,0.000,2.156,2.247,697965,1781607,0,811,761,761,44669760,1412988,394,422,0
668,1.510,0.642,0.000,2.152,2.258,697965,1781607,0,811,761,761,44669760,1412988,394,422,0
669,1.475,0.653,0.000,2.128,2.251,697965,1781607,0,811,761,761,44669760,1412988,394,422,0
670,1.466,0.659,0.000,2.125,2.227,697965,1781607,0,811,761,761,44669760,1412988,394,422,0
671,1.441,0.659,0.000,2.100,2.243,697965,1781607,0,811,761,761,44669760,1412988,394,422,0
672,1.509,0.616,0.000,2.125,2.193,697965,1781607,0,811,761,761,44669760,1412988,394,422,0
673,1.522,0.635,0.000,2.158,2.219,697965,1781607,0,811,761,761,44669760,1412988,394,422,0
674,1.424,0.637,0.000,2.061,2.273,697965,1781607,0,811,761,761,44669760,1412988,394,422,0
675,1.526,0.604,0.000,2.131,2.152,697965,1781607,0,811,761,761,44669760,1412988,394,422,0
676,1.526,0.627,0.000,2.153,2.225,697965,1781607,0,811,761,761,44669760,1412988,394,422,0
677,1.490,0.640,0.000,2.131,2.242,697965,1781607,0,811,761,761,44669760,1412988,394,422,0
678,1.535,0.643,0.000,2.178,2.222,697965,1781607,0,811,761,761,44669760,1412988,394,422,0
679,1.492,0.613,0.000,2.106,2.274,697965,1781607,0,811,761,761,44669760,1412988,394,422,0
680,1.460,0.641,0.000,2.101,2.201,697965,1781607,0,811,761,761,44669760,1412988,394,422,0
681,1.481,0.641,0.000,2.122,2.200,697965,1781607,0,811,761,761,44669760,1412988,394,422,0
682,1.510,0.636,0.000,2.146,2.210,697965,1781607,0,811,761,761,44669760,1412988,394,422,0
683,1.533,0.629,0.000,2.161,2.250,697965,1781607,0,811,761,761,44669760,1412988,394,422,0
684,1.466,0.642,0.000,2.108,2.255,697965,1781607,0,811,761,761,44669760,1412988,394,422,0
685,1.510,0.642,0.000,2.152,2.214,697965,1781607,0,811,761,761,44669760,1412988,394,422,0
686,1.546,0.675,0.000,2.221,2.254,697965,1781607,0,811,761,761,44669760,1412988,394,422,0
687,1.514,0.658,0.000,2.172,2.312,697965,1781607,0,811,761,761,44669760,1412988,394,422,0
688,1.515,0.631,0.000,2.146,2.265,697965,1781607,0,811,761,761,44669760,1412988,394,422,0
689,1.544,0.640,0.000,2.185,2.243,697965,1781607,0,811,761,761,44669760,1412988,394,422,0
690,1.491,0.657,0.000,2.147,2.277,697965,1781607,0,811,761,761,44669760,1412988,394,422,0
691,1.504,0.645,0.000,2.149,2.257,697965,1781607,0,811,761,761,44669760,1412988,394,422,0
692,1.513,0.652,0.000,2.165,2.240,697965,1781607,0,811,761,761,44669760,1412988,394,422,0
693,1.495,0.630,0.000,2.124,2.255,697965,1781607,0,811,761,761,44669760,1412988,394,422,0
694,1.541,0.634,0.000,2.175,2.219,697965,1781607,0,811,761,761,44669760,1412988,394,422,0
695,1.484,0.657,0.000,2.140,2.273,697965,1781607,0,811,761,761,44669760,1412988,394,422,0
696,1.503,0.650,0.000,2.152,2.228,697965,1781607,0,811,761,761,44669760,1412988,394,422,0
697,1.498,0.630,0.000,2.129,2.243,697965,1781607,0,811,761,761,44669760,1412988,394,422,0
698,1.492,0.644,0.000,2.136,2.241,697965,1781607,0,811,761,761,44669760,1412988,394,422,0
699,1.469,0.644,0.000,2.113,2.240,697965,1781607,0,811,761,761,44669760,1412988,394,422,0
700,1.514,0.636,0.000,2.150,2.201,697965,1781607,0,811,761,761,44669760,1412988,394,422,0
701,1.500,0.632,0.000,2.132,2.250,697965,1781607,0,811,761,761,44669760,1412988,394,422,0
702,1.463,0.633,0.000,2.095,2.224,697965,1781607,0,811,761,761,44669760,1412988,394,422,0
703,1.469,0.616,0.000,2.085,2.198,697965,1781607,0,811,761,761,44669760,1412988,394,422,0
704,1.492,0.625,0.000,2.117,2.173,697965,1781607,0,811,761,761,44669760,1412988,394,422,0
705,1.543,0.631,0.000,2.174,2.208,697965,1781607,0,811,761,761,44669760,1412988,394,422,0
706,1.513,0.640,0.000,2.152,2.279,697965,1781607,0,811,761,761,44669760,1412988,394,422,0
707,1.455,0.626,0.000,2.081,2.261,697965,1781607,0,811,761,761,44669760,1412988,394,422,0
708,1.490,0.608,0.000,2.098,2.170,697965,1781607,0,811,761,761,44669760,1412988,394,422,0
709,1.454,0.601,0.000,2.055,2.204,697965,1781607,0,811,761,761,44669760,1412988,394,422,0
710,1.446,0.617,0.000,2.063,2.153,697965,1781607,0,811,761,761,44669760,1412988,394,422,0
711,1.514,0.679,0.000,2.193,2.192,697965,1781607,0,811,761,761,44669760,1412988,394,422,0
712,1.581,0.646,0.000,2.228,2.297,697965,1781607,0,811,761,761,44669760,1412988,394,422,0
713,1.497,0.672,0.000,2.168,2.323,697965,1781607,0,811,761,761,44669760,1412988,394,422,0
714,1.508,0.660,0.000,2.168,2.275,697965,1781607,0,811,761,761,44669760,1412988,394,422,0
715,1.502,0.643,0.000,2.145,2.264,697965,1781607,0,811,761,761,44669760,1412988,394,422,0
716,1.542,0.669,0.000,2.211,2.241,697965,1781607,0,811,761,761,44669760,1412988,394,422,0
717,1.488,0.647,0.000,2.135,2.306,697965,1781607,0,811,761,761,44669760,1412988,394,422,0
718,1.543,0.656,0.000,2.200,2.294,697965,1781607,0,811,761,761,44669760,1412988,394,422,0
719,1.423,0.653,0.000,2.076,2.297,697965,1781607,0,811,761,761,44669760,1412988,394,422,0
720,1.463,0.612,0.000,2.075,2.182,697965,1781607,0,811,761,761,44669760,1412988,394,422,0
721,1.507,0.644,0.000,2.151,2.166,697965,1781607,0,811,761,761,44669760,1412988,394,422,0
722,1.477,0.628,0.000,2.105,2.270,697965,1781607,0,811,761,761,44669760,1412988,394,422,0
723,1.490,0.639,0.000,2.129,2.202,697965,1781607,0,811,761,761,44669760,1412988,394,422,0
724,1.551,0.650,0.000,2.202,2.240,697965,1781607,0,811,761,761,44669760,1412988,394,422,0
725,1.460,0.635,0.000,2.095,2.296,697965,1781607,0,811,761,761,44669760,1412988,394,422,0
726,1.458,0.634,0.000,2.092,2.195,697965,1781607,0,811,761,761,44669760,1412988,394,422,0
727,1.520,0.647,0.000,2.167,2.191,697965,1781607,0,811,761,761,44669760,1412988,394,422,0
728,1.503,0.639,0.000,2.142,2.264,697965,1781607,0,811,761,761,44669760,1412988,394,422,0
729,1.502,0.659,0.000,2.161,2.259,697965,1781607,0,811,761,761,44669760,1412988,394,422,0
730,1.532,0.635,0.000,2.167,2.253,697965,1781607,0,811,761,761,44669760,1412988,394,422,0
731,1.503,0.640,0.000,2.144,2.262,697965,1781607,0,811,761,761,44669760,1412988,394,422,0
732,1.498,0.638,0.000,2.136,2.241,697965,1781607,0,811,761,761,44669760,1412988,394,422,0
733,1.489,0.616,0.000,2.104,2.238,697965,1781607,0,811,761,761,44669760,1412988,394,422,0
734,1.506,0.607,0.000,2.113,2.192,697965,1781607,0,811,761,761,44669760,1412988,394,422,0
735,1.525,0.645,0.000,2.170,2.214,697965,1781607,0,811,761,761,44669760,1412988,394,422,0
736,1.513,0.666,0.000,2.179,2.281,697965,1781607,0,811,761,761,44669760,1412988,394,422,0
737,1.515,0.654,0.000,2.168,2.275,697965,1781607,0,811,761,761,44669760,1412988,394,422,0
738,1.506,0.648,0.000,2.154,2.269,697965,1781607,0,811,761,761,44669760,1412988,394,422,0
739,1.519,0.664,0.000,2.183,2.245,697965,1781607,0,811,761,761,44669760,1412988,394,422,0
740,1.506,0.649,0.000,2.155,2.282,697965,1781607,0,811,761,761,44669760,1412988,394,422,0
741,1.460,0.641,0.000,2.102,2.250,697965,1781607,0,811,761,761,44669760,1412988,394,422,0
742,1.504,0.644,0.000,2.149,2.201,697965,1781607,0,811,761,761,44669760,1412988,394,422,0
743,1.496,0.630,0.000,2.126,2.243,697965,1781607,0,811,761,761,44669760,1412988,394,422,0
744,1.492,0.639,0.000,2.132,2.222,697965,1781607,0,811,761,761,44669760,1412988,394,422,0
745,1.492,0.650,0.000,2.142,2.239,697965,1781607,0,811,761,761,44669760,1412988,394,422,0
746,1.500,0.640,0.000,2.140,2.253,697965,1781607,0,811,761,761,44669760,1412988,394,422,0
747,1.432,0.647,0.000,2.078,2.238,697965,1781607,0,811,761,761,44669760,1412988,394,422,0
748,1.506,0.645,0.000,2.151,2.178,697965,1781607,0,811,761,761,44669760,1412988,394,422,0
749,1.516,0.696,0.000,2.212,2.253,697965,1781607,0,811,761,761,44669760,1412988,394,422,0
750,1.489,0.645,0.000,2.134,2.312,697965,1781607,0,811,761,761,44669760,1412988,394,422,0
751,1.492,0.651,0.000,2.143,2.238,697965,1781607,0,811,761,761,44669760,1412988,394,422,0
752,1.477,0.641,0.000,2.117,2.240,697965,1781607,0,811,761,761,44669760,1412988,394,422,0
753,1.502,0.643,0.000,2.145,2.209,697965,1781607,0,811,761,761,44669760,1412988,394,422,0
754,1.492,0.635,0.000,2.127,2.243,697965,1781607,0,811,761,761,44669760,1412988,394,422,0
755,1.466,0.643,0.000,2.109,2.217,697965,1781607,0,811,761,761,44669760,1412988,394,422,0
756,1.521,0.623,0.000,2.144,2.211,697965,1781607,0,811,761,761,44669760,1412988,394,422,0
757,1.461,0.609,0.000,2.071,2.242,697965,1781607,0,811,761,761,44669760,1412988,394,422,0
758,1.467,0.649,0.000,2.116,2.160,697965,1781607,0,811,761,761,44669760,1412988,394,422,0
759,1.521,0.646,0.000,2.167,2.214,697965,1781607,0,811,761,761,44669760,1412988,394,422,0
760,1.471,0.626,0.000,2.097,2.274,697965,1781607,0,811,761,761,44669760,1412988,394,422,0
761,1.523,0.669,0.000,2.192,2.194,697965,1781607,0,811,761,761,44669760,1412988,394,422,0
762,1.488,0.641,0.000,2.130,2.284,697965,1781607,0,811,761,761,44669760,1412988,394,422,0
763,1.521,0.632,0.000,2.153,2.221,697965,1781607,0,811,761,761,44669760,1412988,394,422,0
764,1.503,0.642,0.000,2.145,2.261,697965,1781607,0,811,761,761,44669760,1412988,394,422,0
765,1.478,0.617,0.000,2.095,2.237,697965,1781607,0,811,761,761,44669760,1412988,394,422,0
766,1.547,0.635,0.000,2.182,2.188,697965,1781607,0,811,761,761,44669760,1412988,394,422,0
767,1.482,0.636,0.000,2.119,2.292,697965,1781607,0,811,761,761,44669760,1412988,394,422,0
768,1.528,0.632,0.000,2.160,2.214,697965,1781607,0,811,761,761,44669760,1412988,394,422,0
769,1.491,0.639,0.000,2.130,2.249,697965,1781607,0,811,761,761,44669760,1412988,394,422,0
770,1.523,0.629,0.000,2.152,2.229,697965,1781607,0,811,761,761,44669760,1412988,394,422,0
771,1.481,0.613,0.000,2.094,2.250,697965,1781607,0,811,761,761,44669760,1412988,394,422,0
772,1.485,0.639,0.000,2.124,2.189,697965,1781607,0,811,761,761,44669760,1412988,394,422,0
773,1.542,0.641,0.000,2.183,2.216,697965,1781607,0,811,761,761,44669760,1412988,394,422,0
774,1.515,0.633,0.000,2.148,2.295,697965,1781607,0,811,761,761,44669760,1412988,394,422,0
775,1.528,0.597,0.000,2.125,2.250,697965,1781607,0,811,761,761,44669760,1412988,394,422,0
776,1.438,0.609,0.000,2.048,2.217,697965,1781607,0,811,761,761,44669760,1412988,394,422,0
777,1.538,0.639,0.000,2.178,2.133,697965,1781607,0,811,761,761,44669760,1412988,394,422,0
778,1.509,0.648,0.000,2.157,2.301,697965,1781607,0,811,761,761,44669760,1412988,394,422,0
779,1.518,0.667,0.000,2.186,2.279,697965,1781607,0,811,761,761,44669760,1412988,394,422,0
780,1.514,0.655,0.000,2.169,2.295,697965,1781607,0,811,761,761,44669760,1412988,394,422,0
781,1.478,0.631,0.000,2.109,2.277,697965,1781607,0,811,761,761,44669760,1412988,394,422,0
782,1.543,0.661,0.000,2.204,2.207,697965,1781607,0,811,761,761,44669760,1412988,394,422,0
783,1.528,0.656,0.000,2.184,2.298,697965,1781607,0,811,761,761,44669760,1412988,394,422,0
784,1.504,0.658,0.000,2.163,2.273,697965,1781607,0,811,761,761,44669760,1412988,394,422,0
785,1.531,0.642,0.000,2.173,2.258,697965,1781607,0,811,761,761,44669760,1412988,394,422,0
786,1.520,0.633,0.000,2.153,2.276,697965,1781607,0,811,761,761,44669760,1412988,394,422,0
787,1.496,0.637,0.000,2.133,2.256,697965,1781607,0,811,761,761,44669760,1412988,394,422,0
788,1.501,0.647,0.000,2.148,2.225,697965,1781607,0,811,761,761,44669760,1412988,394,422,0
789,1.539,0.647,0.000,2.186,2.238,697965,1781607,0,811,761,761,44669760,1412988,394,422,0
790,1.511,0.643,0.000,2.154,2.274,697965,1781607,0,811,761,761,44669760,1412988,394,422,0
791,1.521,0.634,0.000,2.155,2.256,697965,1781607,0,811,761,761,44669760,1412988,394,422,0
792,1.473,0.637,0.000,2.110,2.253,697965,1781607,0,811,761,761,44669760,1412988,394,422,0
793,1.516,0.653,0.000,2.169,2.216,697965,1781607,0,811,761,761,44669760,1412988,394,422,0
794,1.560,0.659,0.000,2.219,2.278,697965,1781607,0,811,761,761,44669760,1412988,394,422,0
795,1.494,0.639,0.000,2.133,2.312,697965,1781607,0,811,761,761,44669760,1412988,394,422,0
796,1.541,0.638,0.000,2.180,2.231,697965,1781607,0,811,761,761,44669760,1412988,394,422,0
797,1.468,0.626,0.000,2.094,2.278,697965,1781607,0,811,761,761,44669760,1412988,394,422,0
798,1.456,0.606,0.000,2.062,2.172,697965,1781607,0,811,761,761,44669760,1412988,394,422,0
799,1.552,0.621,0.000,2.173,2.151,697965,1781607,0,811,761,761,44669760,1412988,394,422,0
800,1.482,0.632,0.000,2.114,2.277,697965,1781607,0,811,761,761,44669760,1412988,394,422,0
801,1.519,0.652,0.000,2.171,2.217,697965,1781607,0,811,761,761,44669760,1412988,394,422,0
802,1.541,0.648,0.000,2.189,2.261,697965,1781607,0,811,761,761,44669760,1412988,394,422,0
803,1.495,0.620,0.000,2.115,2.284,697965,1781607,0,811,761,761,44669760,1412988,394,422,0
804,1.509,0.635,0.000,2.144,2.209,697965,1781607,0,811,761,761,44669760,1412988,394,422,0
805,1.519,0.654,0.000,2.172,2.248,697965,1781607,0,811,761,761,44669760,1412988,394,422,0
806,1.496,0.645,0.000,2.141,2.280,697965,1781607,0,811,761,761,44669760,1412988,394,422,0
807,1.519,0.654,0.000,2.173,2.236,697965,1781607,0,811,761,761,44669760,1412988,394,422,0
808,1.536,0.636,0.000,2.172,2.265,697965,1781607,0,811,761,761,44669760,1412988,394,422,0
809,1.473,0.634,0.000,2.107,2.275,697965,1781607,0,811,761,761,44669760,1412988,394,422,0
810,1.512,0.626,0.000,2.138,2.209,697965,1781607,0,811,761,761,44669760,1412988,394,422,0
811,1.513,0.622,0.000,2.135,2.233,697965,1781607,0,811,761,761,44669760,1412988,394,422,0
812,1.569,0.625,0.000,2.194,2.229,697965,1781607,0,811,761,761,44669760,1412988,394,422,0
813,1.553,0.643,0.000,2.197,2.296,697965,1781607,0,811,761,761,44669760,1412988,394,422,0
814,1.467,0.625,0.000,2.091,2.301,697965,1781607,0,811,761,761,44669760,1412988,394,422,0
815,1.508,0.638,0.000,2.146,2.188,697965,1781607,0,811,761,761,44669760,1412988,394,422,0
816,1.465,0.642,0.000,2.107,2.236,697965,1781607,0,811,761,761,44669760,1412988,394,422,0
817,1.545,0.634,0.000,2.179,2.206,697965,1781607,0,811,761,761,44669760,1412988,394,422,0
818,1.451,0.652,0.000,2.103,2.279,697965,1781607,0,811,761,761,44669760,1412988,394,422,0
819,1.515,0.631,0.000,2.146,2.192,697965,1781607,0,811,761,761,44669760,1412988,394,422,0
820,1.500,0.634,0.000,2.134,2.245,697965,1781607,0,811,761,761,44669760,1412988,394,422,0
821,1.458,0.641,0.000,2.099,2.236,697965,1781607,0,811,761,761,44669760,1412988,394,422,0
822,1.562,0.663,0.000,2.225,2.207,697965,1781607,0,811,761,761,44669760,1412988,394,422,0
823,1.492,0.650,0.000,2.142,2.320,697965,1781607,0,811,761,761,44669760,1412988,394,422,0
824,1.510,0.666,0.000,2.176,2.241,697965,1781607,0,811,761,761,44669760,1412988,394,422,0
825,1.562,0.658,0.000,2.220,2.276,697965,1781607,0,811,761,761,44669760,1412988,394,422,0
826,1.524,0.656,0.000,2.180,2.313,697965,1781607,0,811,761,761,44669760,1412988,394,422,0
827,1.470,0.639,0.000,2.109,2.273,697965,1781607,0,811,761,761,44669760,1412988,394,422,0
828,1.488,0.635,0.000,2.122,2.211,697965,1781607,0,811,761,761,44669760,1412988,394,422,0
829,1.532,0.647,0.000,2.179,2.216,697965,1781607,0,811,761,761,44669760,1412988,394,422,0
830,1.526,0.645,0.000,2.171,2.272,697965,1781607,0,811,761,761,44669760,1412988,394,422,0
831,1.475,0.643,0.000,2.118,2.261,697965,1781607,0,811,761,761,44669760,1412988,394,422,0
832,1.543,0.644,0.000,2.187,2.213,697965,1781607,0,811,761,761,44669760,1412988,394,422,0
833,1.486,0.649,0.000,2.136,2.291,697965,1781607,0,811,761,761,44669760,1412988,394,422,0
834,1.493,0.652,0.000,2.144,2.243,697965,1781607,0,811,761,761,44669760,1412988,394,422,0
835,1.482,0.645,0.000,2.127,2.234,697965,1781607,0,811,761,761,44669760,1412988,394,422,0
836,1.538,0.632,0.000,2.170,2.225,697965,1781607,0,811,761,761,44669760,1412988,394,422,0
837,1.473,0.621,0.000,2.094,2.272,697965,1781607,0,811,761,761,44669760,1412988,394,422,0
838,1.521,0.621,0.000,2.142,2.182,697965,1781607,0,811,761,761,44669760,1412988,394,422,0
839,1.551,0.631,0.000,2.181,2.247,697965,1781607,0,811,761,761,44669760,1412988,394,422,0
840,1.462,0.641,0.000,2.103,2.280,697965,1781607,0,811,761,761,44669760,1412988,394,422,0
841,1.500,0.635,0.000,2.135,2.192,697965,1781607,0,811,761,761,44669760,1412988,394,422,0
842,1.526,0.639,0.000,2.165,2.228,697965,1781607,0,811,761,761,44669760,1412988,394,422,0
843,1.478,0.630,0.000,2.108,2.260,697965,1781607,0,811,761,761,44669760,1412988,394,422,0
844,1.484,0.617,0.000,2.101,2.198,697965,1781607,0,811,761,761,44669760,1412988,394,422,0
845,1.518,0.627,0.000,2.144,2.199,697965,1781607,0,811,761,761,44669760,1412988,394,422,0
846,1.481,0.634,0.000,2.115,2.250,697965,1781607,0,811,761,761,44669760,1412988,394,422,0
847,1.495,0.616,0.000,2.112,2.213,697965,1781607,0,811,761,761,44669760,1412988,394,422,0
848,1.505,0.614,0.000,2.120,2.211,697965,1781607,0,811,761,761,44669760,1412988,394,422,0
849,1.513,0.649,0.000,2.162,2.208,697965,1781607,0,811,761,761,44669760,1412988,394,422,0
850,1.507,0.620,0.000,2.127,2.261,697965,1781607,0,811,761,761,44669760,1412988,394,422,0
851,1.473,0.603,0.000,2.076,2.222,697965,1781607,0,811,761,761,44669760,1412988,394,422,0
852,1.499,0.619,0.000,2.118,2.171,697965,1781607,0,811,761,761,44669760,1412988,394,422,0
853,1.474,0.610,0.000,2.084,2.213,697965,1781607,0,811,761,761,44669760,1412988,394,422,0
854,1.482,0.628,0.000,2.110,2.180,697965,1781607,0,811,761,761,44669760,1412988,394,422,0
855,1.502,0.625,0.000,2.126,2.199,697965,1781607,0,811,761,761,44669760,1412988,394,422,0
856,1.519,0.647,0.000,2.166,2.220,697965,1781607,0,811,761,761,44669760,1412988,394,422,0
857,1.521,0.625,0.000,2.146,2.269,697965,1781607,0,811,761,761,44669760,1412988,394,422,0
858,1.485,0.635,0.000,2.120,2.244,697965,1781607,0,811,761,761,44669760,1412988,394,422,0
859,1.490,0.619,0.000,2.109,2.220,697965,1781607,0,811,761,761,44669760,1412988,394,422,0
860,1.499,0.636,0.000,2.135,2.198,697965,1781607,0,811,761,761,44669760,1412988,394,422,0
861,1.505,0.641,0.000,2.146,2.227,697965,1781607,0,811,761,761,44669760,1412988,394,422,0
862,1.550,0.632,0.000,2.182,2.240,697965,1781607,0,811,761,761,44669760,1412988,394,422,0
863,1.464,0.664,0.000,2.128,2.283,697965,1781607,0,811,761,761,44669760,1412988,394,422,0
864,1.493,0.618,0.000,2.111,2.218,697965,1781607,0,811,761,761,44669760,1412988,394,422,0
865,1.509,0.618,0.000,2.126,2.209,697965,1781607,0,811,761,761,44669760,1412988,394,422,0
866,1.504,0.632,0.000,2.136,2.228,697965,1781607,0,811,761,761,44669760,1412988,394,422,0
867,1.509,0.640,0.000,2.149,2.239,697965,1781607,0,811,761,761,44669760,1412988,394,422,0
868,1.483,0.637,0.000,2.119,2.236,697965,1781607,0,811,761,761,44669760,1412988,394,422,0
869,1.514,0.640,0.000,2.154,2.216,697965,1781607,0,811,761,761,44669760,1412988,394,422,0
870,1.488,0.641,0.000,2.129,2.258,697965,1781607,0,811,761,761,44669760,1412988,394,422,0
871,1.474,0.646,0.000,2.121,2.237,697965,1781607,0,811,761,761,44669760,1412988,394,422,0
872,1.488,0.608,0.000,2.096,2.211,697965,1781607,0,811,761,761,44669760,1412988,394,422,0
873,1.495,0.639,0.000,2.134,2.193,697965,1781607,0,811,761,761,44669760,1412988,394,422,0
874,1.491,0.632,0.000,2.122,2.240,697965,1781607,0,811,761,761,44669760,1412988,394,422,0
875,1.508,0.643,0.000,2.150,2.209,697965,1781607,0,811,761,761,44669760,1412988,394,422,0
876,1.500,0.635,0.000,2.135,2.250,697965,1781607,0,811,761,761,44669760,1412988,394,422,0
877,1.479,0.618,0.000,2.097,2.232,697965,1781607,0,811,761,761,44669760,1412988,394,422,0
878,1.491,0.627,0.000,2.118,2.187,697965,1781607,0,811,761,761,44669760,1412988,394,422,0
879,1.506,0.628,0.000,2.134,2.214,697965,1781607,0,811,761,761,44669760,1412988,394,422,0
880,1.494,0.622,0.000,2.117,2.237,697965,1781607,0,811,761,761,44669760,1412988,394,422,0
881,1.488,0.639,0.000,2.127,2.214,697965,1781607,0,811,761,761,44669760,1412988,394,422,0
882,1.522,0.614,0.000,2.136,2.217,697965,1781607,0,811,761,761,44669760,1412988,394,422,0
883,1.459,0.636,0.000,2.095,2.231,697965,1781607,0,811,761,761,44669760,1412988,394,422,0
884,1.514,0.645,0.000,2.159,2.189,697965,1781607,0,811,761,761,44669760,1412988,394,422,0
885,1.523,0.659,0.000,2.181,2.271,697965,1781607,0,811,761,761,44669760,1412988,394,422,0
886,1.497,0.630,0.000,2.127,2.287,697965,1781607,0,811,761,761,44669760,1412988,394,422,0
887,1.496,0.647,0.000,2.143,2.216,697965,1781607,0,811,761,761,44669760,1412988,394,422,0
888,1.485,0.649,0.000,2.135,2.247,697965,1781607,0,811,761,761,44669760,1412988,394,422,0
889,1.505,0.658,0.000,2.162,2.247,697965,1781607,0,811,761,761,44669760,1412988,394,422,0
890,1.501,0.643,0.000,2.143,2.263,697965,1781607,0,811,761,761,44669760,1412988,394,422,0
891,1.525,0.625,0.000,2.150,2.232,697965,1781607,0,811,761,761,44669760,1412988,394,422,0
892,1.529,0.632,0.000,2.161,2.248,697965,1781607,0,811,761,761,44669760,1412988,394,422,0
893,1.476,0.648,0.000,2.125,2.265,697965,1781607,0,811,761,761,44669760,1412988,394,422,0
894,1.485,0.632,0.000,2.116,2.226,697965,1781607,0,811,761,761,44669760,1412988,394,422,0
895,1.502,0.635,0.000,2.137,2.204,697965,1781607,0,811,761,761,44669760,1412988,394,422,0
896,1.508,0.631,0.000,2.139,2.235,697965,1781607,0,811,761,761,44669760,1412988,394,422,0
897,1.482,0.649,0.000,2.131,2.241,697965,1781607,0,811,761,761,44669760,1412988,394,422,0
898,1.537,0.668,0.000,2.205,2.233,697965,1781607,0,811,761,761,44669760,1412988,394,422,0
899,1.530,0.655,0.000,2.185,2.300,697965,1781607,0,811,761,761,44669760,1412988,394,422,0
900,1.508,0.655,0.000,2.163,2.276,697965,1781607,0,811,761,761,44669760,1412988,394,422,0
901,1.514,0.638,0.000,2.152,2.263,697965,1781607,0,811,761,761,44669760,1412988,394,422,0
902,1.470,0.641,0.000,2.112,2.254,697965,1781607,0,811,761,761,44669760,1412988,394,422,0
903,1.496,0.648,0.000,2.145,2.202,697965,1781607,0,811,761,761,44669760,1412988,394,422,0
904,1.498,0.621,0.000,2.119,2.235,697965,1781607,0,811,761,761,44669760,1412988,394,422,0
905,1.483,0.639,0.000,2.122,2.217,697965,1781607,0,811,761,761,44669760,1412988,394,422,0
906,1.465,0.635,0.000,2.101,2.218,697965,1781607,0,811,761,761,44669760,1412988,394,422,0
907,1.525,0.607,0.000,2.132,2.195,697965,1781607,0,811,761,761,44669760,1412988,394,422,0
908,1.497,0.643,0.000,2.140,2.225,697965,1781607,0,811,761,761,44669760,1412988,394,422,0
909,1.484,0.644,0.000,2.128,2.236,697965,1781607,0,811,761,761,44669760,1412988,394,422,0
910,1.486,0.628,0.000,2.114,2.230,697965,1781607,0,811,761,761,44669760,1412988,394,422,0
911,1.464,0.616,0.000,2.081,2.215,697965,1781607,0,811,761,761,44669760,1412988,394,422,0
912,1.549,0.658,0.000,2.207,2.170,697965,1781607,0,811,761,761,44669760,1412988,394,422,0
913,1.499,0.625,0.000,2.124,2.300,697965,1781607,0,811,761,761,44669760,1412988,394,422,0
914,1.518,0.644,0.000,2.162,2.223,697965,1781607,0,811,761,761,44669760,1412988,394,422,0
915,1.469,0.642,0.000,2.111,2.263,697965,1781607,0,811,761,761,44669760,1412988,394,422,0
916,1.486,0.639,0.000,2.125,2.200,697965,1781607,0,811,761,761,44669760,1412988,394,422,0
917,1.528,0.633,0.000,2.161,2.217,697965,1781607,0,811,761,761,44669760,1412988,394,422,0
918,1.486,0.639,0.000,2.125,2.257,697965,1781607,0,811,761,761,44669760,1412988,394,422,0
919,1.523,0.664,0.000,2.187,2.223,697965,1781607,0,811,761,761,44669760,1412988,394,422,0
920,1.494,0.621,0.000,2.116,2.283,697965,1781607,0,811,761,761,44669760,1412988,394,422,0
921,1.506,0.622,0.000,2.128,2.211,697965,1781607,0,811,761,761,44669760,1412988,394,422,0
922,1.474,0.624,0.000,2.099,2.230,697965,1781607,0,811,761,761,44669760,1412988,394,422,0
923,1.481,0.637,0.000,2.118,2.199,697965,1781607,0,811,761,761,44669760,1412988,394,422,0
924,1.500,0.633,0.000,2.133,2.211,697965,1781607,0,811,761,761,44669760,1412988,394,422,0
925,1.601,0.628,0.000,2.230,2.231,697965,1781607,0,811,761,761,44669760,1412988,394,422,0
926,1.552,0.651,0.000,2.203,2.339,697965,1781607,0,811,761,761,44669760,1412988,394,422,0
927,1.507,0.630,0.000,2.138,2.302,697965,1781607,0,811,761,761,44669760,1412988,394,422,0
928,1.500,0.644,0.000,2.143,2.235,697965,1781607,0,811,761,761,44669760,1412988,394,422,0
929,1.512,0.648,0.000,2.160,2.233,697965,1781607,0,811,761,761,44669760,1412988,394,422,0
930,1.546,0.633,0.000,2.179,2.250,697965,1781607,0,811,761,761,44669760,1412988,394,422,0
931,1.472,0.620,0.000,2.093,2.275,697965,1781607,0,811,761,761,44669760,1412988,394,422,0
932,1.505,0.652,0.000,2.157,2.189,697965,1781607,0,811,761,761,44669760,1412988,394,422,0
933,1.503,0.626,0.000,2.129,2.246,697965,1781607,0,811,761,761,44669760,1412988,394,422,0
934,1.519,0.631,0.000,2.150,2.223,697965,1781607,0,811,761,761,44669760,1412988,394,422,0
935,1.484,0.641,0.000,2.125,2.249,697965,1781607,0,811,761,761,44669760,1412988,394,422,0
936,1.480,0.611,0.000,2.090,2.237,697965,1781607,0,811,761,761,44669760,1412988,394,422,0
937,1.501,0.646,0.000,2.146,2.182,697965,1781607,0,811,761,761,44669760,1412988,394,422,0
938,1.515,0.626,0.000,2.141,2.249,697965,1781607,0,811,761,761,44669760,1412988,394,422,0
939,1.466,0.639,0.000,2.104,2.238,697965,1781607,0,811,761,761,44669760,1412988,394,422,0
940,1.457,0.630,0.000,2.087,2.205,697965,1781607,0,811,761,761,44669760,1412988,394,422,0
941,1.505,0.629,0.000,2.134,2.178,697965,1781607,0,811,761,761,44669760,1412988,394,422,0
942,1.504,0.640,0.000,2.144,2.223,697965,1781607,0,811,761,761,44669760,1412988,394,422,0
943,1.467,0.630,0.000,2.097,2.233,697965,1781607,0,811,761,761,44669760,1412988,394,422,0
944,1.550,0.629,0.000,2.180,2.193,697965,1781607,0,811,761,761,44669760,1412988,394,422,0
945,1.489,0.629,0.000,2.118,2.289,697965,1781607,0,811,761,761,44669760,1412988,394,422,0
946,1.485,0.624,0.000,2.109,2.218,697965,1781607,0,811,761,761,44669760,1412988,394,422,0
947,1.508,0.622,0.000,2.130,2.198,697965,1781607,0,811,761,761,44669760,1412988,394,422,0
948,1.497,0.640,0.000,2.137,2.227,697965,1781607,0,811,761,761,44669760,1412988,394,422,0
949,1.470,0.629,0.000,2.098,2.238,697965,1781607,0,811,761,761,44669760,1412988,394,422,0
950,1.498,0.626,0.000,2.125,2.189,697965,1781607,0,811,761,761,44669760,1412988,394,422,0
951,1.534,0.623,0.000,2.157,2.223,697965,1781607,0,811,761,761,44669760,1412988,394,422,0
952,1.480,0.615,0.000,2.095,2.257,697965,1781607,0,811,761,761,44669760,1412988,394,422,0
953,1.498,0.649,0.000,2.148,2.195,697965,1781607,0,811,761,761,44669760,1412988,394,422,0
954,1.483,0.637,0.000,2.120,2.238,697965,1781607,0,811,761,761,44669760,1412988,394,422,0
955,1.551,0.631,0.000,2.182,2.219,697965,1781607,0,811,761,761,44669760,1412988,394,422,0
956,1.474,0.627,0.000,2.101,2.280,697965,1781607,0,811,761,761,44669760,1412988,394,422,0
957,1.506,0.640,0.000,2.146,2.191,697965,1781607,0,811,761,761,44669760,1412988,394,422,0
958,1.571,0.639,0.000,2.210,2.236,697965,1781607,0,811,761,761,44669760,1412988,394,422,0
959,1.477,0.654,0.000,2.131,2.299,697965,1781607,0,811,761,761,44669760,1412988,394,422,0
960,1.474,0.643,0.000,2.117,2.235,697965,1781607,0,811,761,761,44669760,1412988,394,422,0
961,1.491,0.634,0.000,2.126,2.203,697965,1781607,0,811,761,761,44669760,1412988,394,422,0
962,1.507,0.630,0.000,2.137,2.217,697965,1781607,0,811,761,761,44669760,1412988,394,422,0
963,1.498,0.658,0.000,2.156,2.235,697965,1781607,0,811,761,761,44669760,1412988,394,422,0
964,1.512,0.631,0.000,2.142,2.261,697965,1781607,0,811,761,761,44669760,1412988,394,422,0
965,1.514,0.661,0.000,2.175,2.234,697965,1781607,0,811,761,761,44669760,1412988,394,422,0
966,1.521,0.652,0.000,2.173,2.281,697965,1781607,0,811,761,761,44669760,1412988,394,422,0
967,1.487,0.645,0.000,2.131,2.270,697965,1781607,0,811,761,761,44669760,1412988,394,422,0
968,1.484,0.657,0.000,2.141,2.232,697965,1781607,0,811,761,761,44669760,1412988,394,422,0
969,1.500,0.645,0.000,2.145,2.232,697965,1781607,0,811,761,761,44669760,1412988,394,422,0
970,1.507,0.596,0.000,2.103,2.237,697965,1781607,0,811,761,761,44669760,1412988,394,422,0
971,1.477,0.651,0.000,2.128,2.198,697965,1781607,0,811,761,761,44669760,1412988,394,422,0
972,1.494,0.661,0.000,2.155,2.231,697965,1781607,0,811,761,761,44669760,1412988,394,422,0
973,1.531,0.633,0.000,2.164,2.248,697965,1781607,0,811,761,761,44669760,1412988,394,422,0
974,1.540,0.631,0.000,2.171,2.256,697965,1781607,0,811,761,761,44669760,1412988,394,422,0
975,1.472,0.616,0.000,2.088,2.266,697965,1781607,0,811,761,761,44669760,1412988,394,422,0
976,1.511,0.637,0.000,2.148,2.182,697965,1781607,0,811,761,761,44669760,1412988,394,422,0
977,1.494,0.653,0.000,2.147,2.244,697965,1781607,0,811,761,761,44669760,1412988,394,422,0
978,1.601,0.720,0.000,2.320,2.257,697965,1781607,0,811,761,761,44669760,1412988,394,422,0
979,1.609,0.723,0.000,2.332,2.456,697965,1781607,0,811,761,761,44669760,1412988,394,422,0
980,1.486,0.648,0.000,2.134,2.446,697965,1781607,0,811,761,761,44669760,1412988,394,422,0
981,1.478,0.668,0.000,2.146,2.225,697965,1781607,0,811,761,761,44669760,1412988,394,422,0
982,1.504,0.648,0.000,2.152,2.249,697965,1781607,0,811,761,761,44669760,1412988,394,422,0
983,1.502,0.687,0.000,2.189,2.261,697965,1781607,0,811,761,761,44669760,1412988,394,422,0
984,1.478,0.651,0.000,2.129,2.286,697965,1781607,0,811,761,761,44669760,1412988,394,422,0
985,1.489,0.611,0.000,2.099,2.217,697965,1781607,0,811,761,761,44669760,1412988,394,422,0
986,1.520,0.647,0.000,2.166,2.193,697965,1781607,0,811,761,761,44669760,1412988,394,422,0
987,1.513,0.649,0.000,2.162,2.269,697965,1781607,0,811,761,761,44669760,1412988,394,422,0
988,1.478,0.619,0.000,2.097,2.270,697965,1781607,0,811,761,761,44669760,1412988,394,422,0
989,1.491,0.638,0.000,2.129,2.190,697965,1781607,0,811,761,761,44669760,1412988,394,422,0
990,1.556,0.630,0.000,2.186,2.222,697965,1781607,0,811,761,761,44669760,1412988,394,422,0
991,1.484,0.623,0.000,2.107,2.281,697965,1781607,0,811,761,761,44669760,1412988,394,422,0
992,1.509,0.632,0.000,2.141,2.197,697965,1781607,0,811,761,761,44669760,1412988,394,422,0
993,1.528,0.642,0.000,2.170,2.245,697965,1781607,0,811,761,761,44669760,1412988,394,422,0
994,1.481,0.643,0.000,2.123,2.273,697965,1781607,0,811,761,761,44669760,1412988,394,422,0
995,1.608,0.729,0.000,2.337,2.214,697965,1781607,0,811,761,761,44669760,1412988,394,422,0
996,1.456,0.647,0.000,2.104,2.427,697965,1781607,0,811,761,761,44669760,1412988,394,422,0
997,1.489,0.638,0.000,2.127,2.212,697965,1781607,0,811,761,761,44669760,1412988,394,422,0
998,1.514,0.660,0.000,2.174,2.222,697965,1781607,0,811,761,761,44669760,1412988,394,422,0
999,1.538,0.648,0.000,2.186,2.270,697965,1781607,0,811,761,761,44669760,1412988,394,422,0
1000,1.653,0.852,0.000,2.505,2.305,697965,1781607,0,811,761,761,44669760,1412988,394,422,0
1001,1.579,0.599,0.000,2.178,2.608,697965,1781607,0,811,761,761,44669760,1412988,394,422,0
1002,1.558,0.652,0.000,2.210,2.287,697965,1781607,0,811,761,761,44669760,1412988,394,422,0
1003,1.528,0.614,0.000,2.142,2.305,697965,1781607,0,811,761,761,44669760,1412988,394,422,0
1004,1.531,0.632,0.000,2.164,2.237,697965,1781607,0,811,761,761,44669760,1412988,394,422,0
1005,1.553,0.641,0.000,2.195,2.259,697965,1781607,0,811,761,761,44669760,1412988,394,422,0
1006,1.583,0.665,0.000,2.248,2.293,697965,1781607,0,811,761,761,44669760,1412988,394,422,0
1007,1.527,0.642,0.000,2.169,2.347,697965,1781607,0,811,761,761,44669760,1412988,394,422,0
1008,1.523,0.644,0.000,2.167,2.260,697965,1781607,0,811,761,761,44669760,1412988,394,422,0
1009,1.552,0.638,0.000,2.190,2.256,697965,1781607,0,811,761,761,44669760,1412988,394,422,0
1010,1.487,0.640,0.000,2.126,2.278,697965,1781607,0,811,761,761,44669760,1412988,394,422,0
1011,1.571,0.638,0.000,2.209,2.223,697965,1781607,0,811,761,761,44669760,1412988,394,422,0
1012,1.510,0.634,0.000,2.144,2.304,697965,1781607,0,811,761,761,44669760,1412988,394,422,0
1013,1.500,0.639,0.000,2.139,2.249,697965,1781607,0,811,761,761,44669760,1412988,394,422,0
1014,1.532,0.623,0.000,2.155,2.226,697965,1781607,0,811,761,761,44669760,1412988,394,422,0
1015,1.505,0.655,0.000,2.160,2.247,697965,1781607,0,811,761,761,44669760,1412988,394,422,0
1016,1.520,0.617,0.000,2.137,2.262,697965,1781607,0,811,761,761,44669760,1412988,394,422,0
1017,1.500,0.647,0.000,2.146,2.239,697965,1781607,0,811,761,761,44669760,1412988,394,422,0
1018,1.547,0.679,0.000,2.227,2.248,697965,1781607,0,811,761,761,44669760,1412988,394,422,0
1019,1.569,0.746,0.000,2.315,2.336,697965,1781607,0,811,761,761,44669760,1412988,394,422,0
1020,1.508,0.656,0.000,2.164,2.414,697965,1781607,0,811,761,761,44669760,1412988,394,422,0
1021,1.579,0.922,0.000,2.501,2.258,697965,1781607,0,811,761,761,44669760,1412988,394,422,0
1022,1.489,0.592,0.000,2.081,2.604,697965,1781607,0,811,761,761,44669760,1412988,394,422,0
1023,1.506,0.679,0.000,2.184,2.184,697965,1781607,0,811,761,761,44669760,1412988,394,422,0
1024,1.582,0.639,0.000,2.221,2.279,697965,1781607,0,811,761,761,44669760,1412988,394,422,0
1025,1.468,0.637,0.000,2.105,2.322,697965,1781607,0,811,761,761,44669760,1412988,394,422,0
1026,1.434,0.627,0.000,2.061,2.212,697965,1781607,0,811,761,761,44669760,1412988,394,422,0
1027,1.513,0.619,0.000,2.132,2.167,697965,1781607,0,811,761,761,44669760,1412988,394,422,0
1028,1.551,0.627,0.000,2.178,2.231,697965,1781607,0,811,761,761,44669760,1412988,394,422,0
1029,1.503,0.649,0.000,2.152,2.279,697965,1781607,0,811,761,761,44669760,1412988,394,422,0
1030,1.544,0.703,0.000,2.247,2.250,697965,1781607,0,811,761,761,44669760,1412988,394,422,0
1031,1.506,0.650,0.000,2.156,2.358,697965,1781607,0,811,761,761,44669760,1412988,394,422,0
1032,1.502,0.654,0.000,2.156,2.261,697965,1781607,0,811,761,761,44669760,1412988,394,422,0
1033,1.542,0.669,0.000,2.211,2.257,697965,1781607,0,811,761,761,44669760,1412988,394,422,0
1034,1.569,0.642,0.000,2.211,2.308,697965,1781607,0,811,761,761,44669760,1412988,394,422,0
1035,1.509,0.644,0.000,2.153,2.316,697965,1781607,0,811,761,761,44669760,1412988,394,422,0
1036,1.516,0.643,0.000,2.159,2.243,697965,1781607,0,811,761,761,44669760,1412988,394,422,0
1037,1.492,0.633,0.000,2.125,2.256,697965,1781607,0,811,761,761,44669760,1412988,394,422,0
1038,1.464,0.635,0.000,2.099,2.224,697965,1781607,0,811,761,761,44669760,1412988,394,422,0
1039,1.494,0.620,0.000,2.114,2.206,697965,1781607,0,811,761,761,44669760,1412988,394,422,0
1040,1.503,0.641,0.000,2.143,2.209,697965,1781607,0,811,761,761,44669760,1412988,394,422,0
1041,1.519,0.639,0.000,2.158,2.241,697965,1781607,0,811,761,761,44669760,1412988,394,422,0
1042,1.470,0.617,0.000,2.087,2.257,697965,1781607,0,811,761,761,44669760,1412988,394,422,0
1043,1.526,0.645,0.000,2.172,2.180,697965,1781607,0,811,761,761,44669760,1412988,394,422,0
1044,1.491,0.639,0.000,2.131,2.262,697965,1781607,0,811,761,761,44669760,1412988,394,422,0
1045,1.525,0.625,0.000,2.150,2.227,697965,1781607,0,811,761,761,44669760,1412988,394,422,0
1046,1.468,0.622,0.000,2.090,2.246,697965,1781607,0,811,761,761,44669760,1412988,394,422,0
1047,1.500,0.647,0.000,2.146,2.185,697965,1781607,0,811,761,761,44669760,1412988,394,422,0
1048,1.521,0.625,0.000,2.146,2.233,697965,1781607,0,811,761,761,44669760,1412988,394,422,0
1049,1.513,0.634,0.000,2.147,2.239,697965,1781607,0,811,761,761,44669760,1412988,394,422,0
1050,1.506,0.642,0.000,2.148,2.250,697965,1781607,0,811,761,761,44669760,1412988,394,422,0
1051,1.495,0.625,0.000,2.120,2.245,697965,1781607,0,811,761,761,44669760,1412988,394,422,0
1052,1.472,0.642,0.000,2.114,2.217,697965,1781607,0,811,761,761,44669760,1412988,394,422,0
1053,1.518,0.643,0.000,2.161,2.206,697965,1781607,0,811,761,761,44669760,1412988,394,422,0
1054,1.520,0.611,0.000,2.130,2.263,697965,1781607,0,811,761,761,44669760,1412988,394,422,0
1055,1.494,0.647,0.000,2.141,2.228,697965,1781607,0,811,761,761,44669760,1412988,394,422,0
1056,1.501,0.637,0.000,2.138,2.231,697965,1781607,0,811,761,761,44669760,1412988,394,422,0
1057,1.515,0.638,0.000,2.152,2.241,697965,1781607,0,811,761,761,44669760,1412988,394,422,0
1058,1.453,0.617,0.000,2.069,2.244,697965,1781607,0,811,761,761,44669760,1412988,394,422,0
1059,1.456,0.608,0.000,2.065,2.163,697965,1781607,0,811,761,761,44669760,1412988,394,422,0
1060,1.538,0.639,0.000,2.177,2.158,697965,1781607,0,811,761,761,44669760,1412988,394,422,0
1061,1.490,0.649,0.000,2.139,2.285,697965,1781607,0,811,761,761,44669760,1412988,394,422,0
1062,1.496,0.649,0.000,2.145,2.234,697965,1781607,0,811,761,761,44669760,1412988,394,422,0
1063,1.494,0.664,0.000,2.158,2.233,697965,1781607,0,811,761,761,44669760,1412988,394,422,0
1064,1.502,0.631,0.000,2.133,2.249,697965,1781607,0,811,761,761,44669760,1412988,394,422,0
1065,1.491,0.623,0.000,2.114,2.230,697965,1781607,0,811,761,761,44669760,1412988,394,422,0
1066,1.471,0.654,0.000,2.126,2.212,697965,1781607,0,811,761,761,44669760,1412988,394,422,0
1067,1.497,0.623,0.000,2.120,2.217,697965,1781607,0,811,761,761,44669760,1412988,394,422,0
1068,1.467,0.637,0.000,2.104,2.224,697965,1781607,0,811,761,761,44669760,1412988,394,422,0
1069,1.491,0.662,0.000,2.153,2.217,697965,1781607,0,811,761,761,44669760,1412988,394,422,0
1070,1.495,0.616,0.000,2.111,2.251,697965,1781607,0,811,761,761,44669760,1412988,394,422,0
1071,1.468,0.636,0.000,2.104,2.214,697965,1781607,0,811,761,761,44669760,1412988,394,422,0
1072,1.490,0.672,0.000,2.163,2.202,697965,1781607,0,811,761,761,44669760,1412988,394,422,0
1073,1.528,0.655,0.000,2.183,2.258,697965,1781607,0,811,761,761,44669760,1412988,394,422,0
1074,1.522,0.646,0.000,2.168,2.275,697965,1781607,0,811,761,761,44669760,1412988,394,422,0
1075,1.509,0.653,0.000,2.161,2.267,697965,1781607,0,811,761,761,44669760,1412988,394,422,0
1076,1.485,0.625,0.000,2.110,2.260,697965,1781607,0,811,761,761,44669760,1412988,394,422,0
1077,1.520,0.655,0.000,2.174,2.200,697965,1781607,0,811,761,761,44669760,1412988,394,422,0
1078,1.485,0.643,0.000,2.128,2.262,697965,1781607,0,811,761,761,44669760,1412988,394,422,0
1079,1.503,0.629,0.000,2.131,2.225,697965,1781607,0,811,761,761,44669760,1412988,394,422,0
1080,1.486,0.645,0.000,2.131,2.235,697965,1781607,0,811,761,761,44669760,1412988,394,422,0
1081,1.494,0.622,0.000,2.115,2.221,697965,1781607,0,811,761,761,44669760,1412988,394,422,0
1082,1.502,0.637,0.000,2.139,2.210,697965,1781607,0,811,761,761,44669760,1412988,394,422,0
1083,1.536,0.630,0.000,2.166,2.241,697965,1781607,0,811,761,761,44669760,1412988,394,422,0
1084,1.489,0.640,0.000,2.129,2.267,697965,1781607,0,811,761,761,44669760,1412988,394,422,0
1085,1.494,0.637,0.000,2.131,2.235,697965,1781607,0,811,761,761,44669760,1412988,394,422,0
1086,1.510,0.632,0.000,2.142,2.221,697965,1781607,0,811,761,761,44669760,1412988,394,422,0
1087,1.507,0.634,0.000,2.140,2.235,697965,1781607,0,811,761,761,44669760,1412988,394,422,0
1088,1.465,0.624,0.000,2.088,2.244,697965,1781607,0,811,761,761,44669760,1412988,394,422,0
1089,1.513,0.623,0.000,2.136,2.177,697965,1781607,0,811,761,761,44669760,1412988,394,422,0
1090,1.535,0.641,0.000,2.177,2.227,697965,1781607,0,811,761,761,44669760,1412988,394,422,0
1091,1.526,0.629,0.000,2.155,2.279,697965,1781607,0,811,761,761,44669760,1412988,394,422,0
1092,1.502,0.635,0.000,2.137,2.256,697965,1781607,0,811,761,761,44669760,1412988,394,422,0
1093,1.517,0.625,0.000,2.142,2.225,697965,1781607,0,811,761,761,44669760,1412988,394,422,0
1094,1.567,0.639,0.000,2.206,2.233,697965,1781607,0,811,761,761,44669760,1412988,394,422,0
1095,1.516,0.627,0.000,2.142,2.299,697965,1781607,0,811,761,761,44669760,1412988,394,422,0
1096,1.498,0.631,0.000,2.129,2.240,697965,1781607,0,811,761,761,44669760,1412988,394,422,0
1097,1.495,0.653,0.000,2.148,2.233,697965,1781607,0,811,761,761,44669760,1412988,394,422,0
1098,1.469,0.615,0.000,2.084,2.236,697965,1781607,0,811,761,761,44669760,1412988,394,422,0
1099,1.533,0.647,0.000,2.180,2.180,697965,1781607,0,811,761,761,44669760,1412988,394,422,0
1100,1.471,0.627,0.000,2.099,2.276,697965,1781607,0,811,761,761,44669760,1412988,394,422,0
1101,1.474,0.630,0.000,2.104,2.195,697965,1781607,0,811,761,761,44669760,1412988,394,422,0
1102,1.525,0.634,0.000,2.159,2.202,697965,1781607,0,811,761,761,44669760,1412988,394,422,0
1103,1.483,0.623,0.000,2.106,2.260,697965,1781607,0,811,761,761,44669760,1412988,394,422,0
1104,1.482,0.631,0.000,2.113,2.192,697965,1781607,0,811,761,761,44669760,1412988,394,422,0
1105,1.487,0.632,0.000,2.119,2.206,697965,1781607,0,811,761,761,44669760,1412988,394,422,0
1106,1.507,0.643,0.000,2.150,2.211,697965,1781607,0,811,761,761,44669760,1412988,394,422,0
1107,1.490,0.638,0.000,2.127,2.256,697965,1781607,0,811,761,761,44669760,1412988,394,422,0
1108,1.533,0.648,0.000,2.181,2.217,697965,1781607,0,811,761,761,44669760,1412988,394,422,0
1109,1.498,0.635,0.000,2.133,2.271,697965,1781607,0,811,761,761,44669760,1412988,394,422,0
1110,1.472,0.642,0.000,2.115,2.234,697965,1781607,0,811,761,761,44669760,1412988,394,422,0
1111,1.504,0.605,0.000,2.109,2.205,697965,1781607,0,811,761,761,44669760,1412988,394,422,0
1112,1.506,0.612,0.000,2.118,2.208,697965,1781607,0,811,761,761,44669760,1412988,394,422,0
1113,1.487,0.645,0.000,2.132,2.224,697965,1781607,0,811,761,761,44669760,1412988,394,422,0
1114,1.496,0.632,0.000,2.128,2.226,697965,1781607,0,811,761,761,44669760,1412988,394,422,0
1115,1.509,0.625,0.000,2.135,2.227,697965,1781607,0,811,761,761,44669760,1412988,394,422,0
1116,1.461,0.633,0.000,2.094,2.230,697965,1781607,0,811,761,761,44669760,1412988,394,422,0
1117,1.495,0.643,0.000,2.139,2.187,697965,1781607,0,811,761,761,44669760,1412988,394,422,0
1118,1.492,0.639,0.000,2.131,2.228,697965,1781607,0,811,761,761,44669760,1412988,394,422,0
1119,1.499,0.627,0.000,2.125,2.235,697965,1781607,0,811,761,761,44669760,1412988,394,422,0
1120,1.465,0.628,0.000,2.093,2.231,697965,1781607,0,811,761,761,44669760,1412988,394,422,0
1121,1.500,0.627,0.000,2.127,2.186,697965,1781607,0,811,761,761,44669760,1412988,394,422,0
1122,1.507,0.628,0.000,2.135,2.221,697965,1781607,0,811,761,761,44669760,1412988,394,422,0
1123,1.472,0.637,0.000,2.110,2.238,697965,1781607,0,811,761,761,44669760,1412988,394,422,0
1124,1.545,0.650,0.000,2.196,2.219,697965,1781607,0,811,761,761,44669760,1412988,394,422,0
1125,1.509,0.639,0.000,2.148,2.295,697965,1781607,0,811,761,761,44669760,1412988,394,422,0
1126,1.538,0.634,0.000,2.172,2.242,697965,1781607,0,811,761,761,44669760,1412988,394,422,0
1127,1.504,0.623,0.000,2.127,2.269,697965,1781607,0,811,761,761,44669760,1412988,394,422,0
1128,1.469,0.629,0.000,2.098,2.224,697965,1781607,0,811,761,761,44669760,1412988,394,422,0
1129,1.502,0.617,0.000,2.119,2.193,697965,1781607,0,811,761,761,44669760,1412988,394,422,0
1130,1.507,0.617,0.000,2.125,2.211,697965,1781607,0,811,761,761,44669760,1412988,394,422,0
1131,1.512,0.622,0.000,2.134,2.216,697965,1781607,0,811,761,761,44669760,1412988,394,422,0
1132,1.529,0.640,0.000,2.169,2.230,697965,1781607,0,811,761,761,44669760,1412988,394,422,0
1133,1.462,0.625,0.000,2.087,2.264,697965,1781607,0,811,761,761,44669760,1412988,394,422,0
1134,1.498,0.646,0.000,2.144,2.186,697965,1781607,0,811,761,761,44669760,1412988,394,422,0
1135,1.495,0.632,0.000,2.127,2.236,697965,1781607,0,811,761,761,44669760,1412988,394,422,0
1136,1.490,0.640,0.000,2.130,2.235,697965,1781607,0,811,761,761,44669760,1412988,394,422,0
1137,1.478,0.636,0.000,2.114,2.228,697965,1781607,0,811,761,761,44669760,1412988,394,422,0
1138,1.519,0.657,0.000,2.176,2.207,697965,1781607,0,811,761,761,44669760,1412988,394,422,0
1139,1.509,0.629,0.000,2.137,2.274,697965,1781607,0,811,761,761,44669760,1412988,394,422,0
1140,1.524,0.662,0.000,2.186,2.239,697965,1781607,0,811,761,761,44669760,1412988,394,422,0
1141,1.467,0.629,0.000,2.096,2.284,697965,1781607,0,811,761,761,44669760,1412988,394,422,0
1142,1.506,0.623,0.000,2.129,2.189,697965,1781607,0,811,761,761,44669760,1412988,394,422,0
1143,1.522,0.637,0.000,2.159,2.224,697965,1781607,0,811,761,761,44669760,1412988,394,422,0
1144,1.520,0.644,0.000,2.164,2.258,697965,1781607,0,811,761,761,44669760,1412988,394,422,0
1145,1.499,0.651,0.000,2.151,2.267,697965,1781607,0,811,761,761,44669760,1412988,394,422,0
1146,1.514,0.647,0.000,2.161,2.241,697965,1781607,0,811,761,761,44669760,1412988,394,422,0
1147,1.493,0.633,0.000,2.127,2.252,697965,1781607,0,811,761,761,44669760,1412988,394,422,0
1148,1.464,0.653,0.000,2.117,2.229,697965,1781607,0,811,761,761,44669760,1412988,394,422,0
1149,1.505,0.634,0.000,2.139,2.207,697965,1781607,0,811,761,761,44669760,1412988,394,422,0
1150,1.508,0.619,0.000,2.127,2.229,697965,1781607,0,811,761,761,44669760,1412988,394,422,0
1151,1.473,0.628,0.000,2.102,2.228,697965,1781607,0,811,761,761,44669760,1412988,394,422,0
1152,1.488,0.649,0.000,2.137,2.189,697965,1781607,0,811,761,761,44669760,1412988,394,422,0
1153,1.526,0.634,0.000,2.160,2.231,697965,1781607,0,811,761,761,44669760,1412988,394,422,0
1154,1.477,0.646,0.000,2.123,2.264,697965,1781607,0,811,761,761,44669760,1412988,394,422,0
1155,1.520,0.650,0.000,2.170,2.222,697965,1781607,0,811,761,761,44669760,1412988,394,422,0
1156,1.529,0.637,0.000,2.165,2.265,697965,1781607,0,811,761,761,44669760,1412988,394,422,0
1157,1.512,0.635,0.000,2.147,2.265,697965,1781607,0,811,761,761,44669760,1412988,394,422,0
1158,1.450,0.675,0.000,2.125,2.244,697965,1781607,0,811,761,761,44669760,1412988,394,422,0
1159,1.495,0.650,0.000,2.145,2.215,697965,1781607,0,811,761,761,44669760,1412988,394,422,0
1160,1.518,0.614,0.000,2.131,2.240,697965,1781607,0,811,761,761,44669760,1412988,394,422,0
1161,1.484,0.653,0.000,2.136,2.238,697965,1781607,0,811,761,761,44669760,1412988,394,422,0
1162,1.516,0.626,0.000,2.142,2.226,697965,1781607,0,811,761,761,44669760,1412988,394,422,0
1163,1.533,0.623,0.000,2.156,2.238,697965,1781607,0,811,761,761,44669760,1412988,394,422,0
1164,1.482,0.626,0.000,2.108,2.254,697965,1781607,0,811,761,761,44669760,1412988,394,422,0
1165,1.482,0.604,0.000,2.085,2.196,697965,1781607,0,811,761,761,44669760,1412988,394,422,0
1166,1.527,0.635,0.000,2.163,2.183,697965,1781607,0,811,761,761,44669760,1412988,394,422,0
1167,1.461,0.630,0.000,2.091,2.257,697965,1781607,0,811,761,761,44669760,1412988,394,422,0
1168,1.520,0.661,0.000,2.181,2.190,697965,1781607,0,811,761,761,44669760,1412988,394,422,0
1169,1.479,0.626,0.000,2.105,2.271,697965,1781607,0,811,761,761,44669760,1412988,394,422,0
1170,1.506,0.627,0.000,2.133,2.204,697965,1781607,0,811,761,761,44669760,1412988,394,422,0
1171,1.490,0.651,0.000,2.141,2.241,697965,1781607,0,811,761,761,44669760,1412988,394,422,0
1172,1.507,0.653,0.000,2.159,2.245,697965,1781607,0,811,761,761,44669760,1412988,394,422,0
1173,1.493,0.637,0.000,2.130,2.253,697965,1781607,0,811,761,761,44669760,1412988,394,422,0
1174,1.513,0.630,0.000,2.144,2.225,697965,1781607,0,811,761,761,44669760,1412988,394,422,0
1175,1.523,0.660,0.000,2.183,2.257,697965,1781607,0,811,761,761,44669760,1412988,394,422,0
1176,1.474,0.633,0.000,2.107,2.289,697965,1781607,0,811,761,761,44669760,1412988,394,422,0
1177,1.488,0.622,0.000,2.110,2.196,697965,1781607,0,811,761,761,44669760,1412988,394,422,0
1178,1.532,0.635,0.000,2.167,2.212,697965,1781607,0,811,761,761,44669760,1412988,394,422,0
1179,1.484,0.632,0.000,2.116,2.259,697965,1781607,0,811,761,761,44669760,1412988,394,422,0
1180,1.488,0.642,0.000,2.130,2.216,697965,1781607,0,811,761,761,44669760,1412988,394,422,0
1181,1.507,0.619,0.000,2.126,2.219,697965,1781607,0,811,761,761,44669760,1412988,394,422,0
1182,1.485,0.630,0.000,2.115,2.216,697965,1781607,0,811,761,761,44669760,1412988,394,422,0
1183,1.516,0.619,0.000,2.135,2.206,697965,1781607,0,811,761,761,44669760,1412988,394,422,0
1184,1.508,0.595,0.000,2.103,2.226,697965,1781607,0,811,761,761,44669760,1412988,394,422,0
1185,1.498,0.629,0.000,2.127,2.201,697965,1781607,0,811,761,761,44669760,1412988,394,422,0
1186,1.486,0.627,0.000,2.113,2.232,697965,1781607,0,811,761,761,44669760,1412988,394,422,0
1187,1.484,0.615,0.000,2.098,2.203,697965,1781607,0,811,761,761,44669760,1412988,394,422,0
1188,1.512,0.620,0.000,2.132,2.187,697965,1781607,0,811,761,761,44669760,1412988,394,422,0
1189,1.514,0.631,0.000,2.145,2.231,697965,1781607,0,811,761,761,44669760,1412988,394,422,0
1190,1.529,0.651,0.000,2.180,2.249,697965,1781607,0,811,761,761,44669760,1412988,394,422,0
1191,1.487,0.652,0.000,2.139,2.287,697965,1781607,0,811,761,761,44669760,1412988,394,422,0
1192,1.494,0.645,0.000,2.139,2.240,697965,1781607,0,811,761,761,44669760,1412988,394,422,0
1193,1.545,0.635,0.000,2.180,2.235,697965,1781607,0,811,761,761,44669760,1412988,394,422,0
1194,1.476,0.629,0.000,2.105,2.277,697965,1781607,0,811,761,761,44669760,1412988,394,422,0
1195,1.534,0.648,0.000,2.182,2.213,697965,1781607,0,811,761,761,44669760,1412988,394,422,0
1196,1.496,0.648,0.000,2.145,2.274,697965,1781607,0,811,761,761,44669760,1412988,394,422,0
1197,1.497,0.634,0.000,2.131,2.234,697965,1781607,0,811,761,761,44669760,1412988,394,422,0
1198,1.522,0.642,0.000,2.164,2.231,697965,1781607,0,811,761,761,44669760,1412988,394,422,0
1199,1.405,0.618,0.000,2.024,2.259,697965,1781607,0,811,761,761,44669760,1412988,394,422,0
1200,1.420,0.613,0.000,2.033,2.113,697965,1781607,0,811,761,761,44669760,1412988,394,422,0
