frame,update_ms,render_ms,swap_ms,frame_ms,loop_ms,total_vertices,visible_vertices,culled_vertices,total_batches,visible_batches,draw_calls,vbo_bytes,index_bytes,texture_binds,material_changes,reflection_passes
1,1.213,0.431,0.000,1.644,1.644,474845,674558,0,415,274,274,30390080,975714,148,166,0
2,1.249,0.401,0.000,1.650,1.866,474845,674558,0,415,274,274,30390080,975714,148,166,0
3,1.198,0.438,0.000,1.636,1.804,474845,674558,0,415,274,274,30390080,975714,148,166,0
4,1.237,0.419,0.000,1.656,1.774,474845,674558,0,415,274,274,30390080,975714,148,166,0
5,1.253,0.388,0.000,1.641,1.786,474845,674558,0,415,274,274,30390080,975714,148,166,0
6,1.246,0.402,0.000,1.647,1.775,474845,674558,0,415,274,274,30390080,975714,148,166,0
7,1.210,0.443,0.000,1.653,1.779,474845,674558,0,415,274,274,30390080,975714,148,166,0
8,1.241,0.411,0.000,1.652,1.785,474845,674558,0,415,274,274,30390080,975714,148,166,0
9,1.219,0.425,0.000,1.644,1.786,474845,674558,0,415,274,274,30390080,975714,148,166,0
10,1.243,0.433,0.000,1.676,1.776,474845,674558,0,415,274,274,30390080,975714,148,166,0
11,1.222,0.405,0.000,1.627,1.813,474845,674558,0,415,274,274,30390080,975714,148,166,0
12,1.224,0.423,0.000,1.647,1.759,474845,674558,0,415,274,274,30390080,975714,148,166,0
13,1.231,0.410,0.000,1.640,1.782,474845,674558,0,415,274,274,30390080,975714,148,166,0
14,1.231,0.432,0.000,1.663,1.771,474845,674558,0,415,274,274,30390080,975714,148,166,0
15,1.246,0.408,0.000,1.655,1.794,474845,674558,0,415,274,274,30390080,975714,148,166,0
16,1.226,0.434,0.000,1.660,1.784,474845,674558,0,415,274,274,30390080,975714,148,166,0
17,1.228,0.417,0.000,1.645,1.793,474845,674558,0,415,274,274,30390080,975714,148,166,0
18,1.211,0.428,0.000,1.638,1.775,474845,674558,0,415,274,274,30390080,975714,148,166,0
19,1.242,0.462,0.000,1.704,1.766,474845,674558,0,415,274,274,30390080,975714,148,166,0
20,1.209,0.410,0.000,1.620,1.842,474845,674558,0,415,274,274,30390080,975714,148,166,0
21,1.208,0.435,0.000,1.643,1.750,474845,674558,0,415,274,274,30390080,975714,148,166,0
22,1.207,0.440,0.000,1.647,1.771,474845,674558,0,415,274,274,30390080,975714,148,166,0
23,1.223,0.414,0.000,1.637,1.778,474845,674558,0,415,274,274,30390080,975714,148,166,0
24,1.207,0.436,0.000,1.643,1.764,474845,674558,0,415,274,274,30390080,975714,148,166,0
25,1.231,0.437,0.000,1.667,1.774,474845,674558,0,415,274,274,30390080,975714,148,166,0
26,1.186,0.428,0.000,1.614,1.801,474845,674558,0,415,274,274,30390080,975714,148,166,0
27,1.200,0.449,0.000,1.650,1.739,474845,674558,0,415,274,274,30390080,975714,148,166,0
28,1.212,0.408,0.000,1.620,1.788,474845,674558,0,415,274,274,30390080,975714,148,166,0
29,1.234,0.439,0.000,1.673,1.750,474845,674558,0,415,274,274,30390080,975714,148,166,0
30,1.210,0.438,0.000,1.648,1.808,474845,674558,0,415,274,274,30390080,975714,148,166,0
31,1.252,0.441,0.000,1.692,1.780,474845,674558,0,415,274,274,30390080,975714,148,166,0
32,1.212,0.430,0.000,1.642,1.825,474845,674558,0,415,274,274,30390080,975714,148,166,0
33,1.217,0.409,0.000,1.626,1.777,474845,674558,0,415,274,274,30390080,975714,148,166,0
34,1.215,0.441,0.000,1.656,1.761,474845,674558,0,415,274,274,30390080,975714,148,166,0
35,1.211,0.423,0.000,1.634,1.786,474845,674558,0,415,274,274,30390080,975714,148,166,0
36,1.241,0.445,0.000,1.686,1.770,474845,674558,0,415,274,274,30390080,975714,148,166,0
37,1.190,0.425,0.000,1.615,1.819,474845,674558,0,415,274,274,30390080,975714,148,166,0
38,1.237,0.429,0.000,1.666,1.742,474845,674558,0,415,274,274,30390080,975714,148,166,0
39,1.217,0.427,0.000,1.644,1.796,474845,674558,0,415,274,274,30390080,975714,148,166,0
40,1.184,0.406,0.000,1.589,1.778,474845,674558,0,415,274,274,30390080,975714,148,166,0
41,1.151,0.410,0.000,1.561,1.722,474845,674558,0,415,274,274,30390080,975714,148,166,0
42,1.252,0.477,0.000,1.729,1.695,474845,674558,0,415,274,274,30390080,975714,148,166,0
43,1.280,0.394,0.000,1.673,1.884,474845,674558,0,415,274,274,30390080,975714,148,166,0
44,1.250,0.432,0.000,1.682,1.805,474845,674558,0,415,274,274,30390080,975714,148,166,0
45,1.225,0.451,0.000,1.677,1.823,474845,674558,0,415,274,274,30390080,975714,148,166,0
46,1.205,0.437,0.000,1.642,1.820,474845,674558,0,415,274,274,30390080,975714,148,166,0
47,1.211,0.453,0.000,1.664,1.750,474845,674558,0,415,274,274,30390080,975714,148,166,0
48,1.251,0.449,0.000,1.700,1.764,474845,674558,0,415,274,274,30390080,975714,148,166,0
49,1.202,0.410,0.000,1.613,1.808,474845,674558,0,415,274,274,30390080,975714,148,166,0
50,1.233,0.449,0.000,1.682,1.698,474845,674558,0,415,274,274,30390080,975714,148,166,0
51,1.248,0.416,0.000,1.664,1.790,474845,674558,0,415,274,274,30390080,975714,148,166,0
52,1.156,0.429,0.000,1.585,1.766,474845,674558,0,415,274,274,30390080,975714,148,166,0
53,1.174,0.398,0.000,1.573,1.686,474845,674558,0,415,274,274,30390080,975714,148,166,0
54,1.275,0.411,0.000,1.686,1.676,474845,674558,0,415,274,274,30390080,975714,148,166,0
55,1.170,0.402,0.000,1.572,1.790,474845,674558,0,415,274,274,30390080,975714,148,166,0
56,1.228,0.425,0.000,1.653,1.655,474845,674558,0,415,274,274,30390080,975714,148,166,0
57,1.264,0.418,0.000,1.682,1.768,474845,674558,0,415,274,274,30390080,975714,148,166,0
58,1.257,0.401,0.000,1.658,1.789,474845,674558,0,415,274,274,30390080,975714,148,166,0
59,1.225,0.424,0.000,1.649,1.761,474845,674558,0,415,274,274,30390080,975714,148,166,0
60,1.242,0.432,0.000,1.674,1.739,474845,674558,0,415,274,274,30390080,975714,148,166,0
61,1.279,0.393,0.000,1.671,1.776,474845,674558,0,415,274,274,30390080,975714,148,166,0
62,1.194,0.510,0.000,1.703,1.772,474845,674558,0,415,274,274,30390080,975714,148,166,0
63,1.281,0.459,0.000,1.740,1.808,474845,674558,0,415,274,274,30390080,975714,148,166,0
64,1.205,0.447,0.000,1.652,1.849,474845,674558,0,415,274,274,30390080,975714,148,166,0
65,1.216,0.459,0.000,1.675,1.760,474845,674558,0,415,274,274,30390080,975714,148,166,0
66,1.219,0.427,0.000,1.647,1.778,474845,674558,0,415,274,274,30390080,975714,148,166,0
67,1.199,0.436,0.000,1.635,1.748,474845,674558,0,415,274,274,30390080,975714,148,166,0
68,1.214,0.448,0.000,1.662,1.736,474845,674558,0,415,274,274,30390080,975714,148,166,0
69,1.211,0.402,0.000,1.613,1.766,474845,674558,0,415,274,274,30390080,975714,148,166,0
70,1.141,0.410,0.000,1.551,1.710,474845,674558,0,415,274,274,30390080,975714,148,166,0
71,1.155,0.411,0.000,1.567,1.658,474845,674558,0,415,274,274,30390080,975714,148,166,0
72,1.258,0.596,0.000,1.854,1.661,474845,674558,0,415,274,274,30390080,975714,148,166,0
73,1.249,0.401,0.000,1.650,1.957,474845,674558,0,415,274,274,30390080,975714,148,166,0
74,1.216,0.464,0.000,1.680,1.749,474845,674558,0,415,274,274,30390080,975714,148,166,0
75,1.232,0.472,0.000,1.704,1.779,474845,674558,0,415,274,274,30390080,975714,148,166,0
76,1.225,0.463,0.000,1.688,1.809,474845,674558,0,415,274,274,30390080,975714,148,166,0
77,1.201,0.410,0.000,1.612,1.790,474845,674558,0,415,274,274,30390080,975714,148,166,0
78,1.206,0.462,0.000,1.669,1.714,474845,674558,0,415,274,274,30390080,975714,148,166,0
79,1.268,0.424,0.000,1.693,1.803,474845,674558,0,415,274,274,30390080,975714,148,166,0
80,1.249,0.424,0.000,1.673,1.799,474845,674558,0,415,274,274,30390080,975714,148,166,0
81,1.272,0.464,0.000,1.736,1.776,474845,674558,0,415,274,274,30390080,975714,148,166,0
82,1.241,0.468,0.000,1.709,1.847,474845,674558,0,415,274,274,30390080,975714,148,166,0
83,1.225,0.425,0.000,1.650,1.811,474845,674558,0,415,274,274,30390080,975714,148,166,0
84,1.234,0.466,0.000,1.700,1.754,474845,674558,0,415,274,274,30390080,975714,148,166,0
85,1.197,0.438,0.000,1.635,1.801,474845,674558,0,415,274,274,30390080,975714,148,166,0
86,1.208,0.440,0.000,1.648,1.739,474845,674558,0,415,274,274,30390080,975714,148,166,0
87,1.186,0.436,0.000,1.622,1.748,474845,674558,0,415,274,274,30390080,975714,148,166,0
88,1.265,0.426,0.000,1.692,1.720,474845,674558,0,415,274,274,30390080,975714,148,166,0
89,1.197,0.417,0.000,1.614,1.792,474845,674558,0,415,274,274,30390080,975714,148,166,0
90,1.222,0.437,0.000,1.659,1.716,474845,674558,0,415,274,274,30390080,975714,148,166,0
91,1.193,0.449,0.000,1.642,1.757,474845,674558,0,415,274,274,30390080,975714,148,166,0
92,1.197,0.449,0.000,1.646,1.746,474845,674558,0,415,274,274,30390080,975714,148,166,0
93,1.221,0.452,0.000,1.673,1.760,474845,674558,0,415,274,274,30390080,975714,148,166,0
94,1.201,0.412,0.000,1.613,1.773,474845,674558,0,415,274,274,30390080,975714,148,166,0
95,1.204,0.432,0.000,1.635,1.717,474845,674558,0,415,274,274,30390080,975714,148,166,0
96,1.191,0.424,0.000,1.614,1.741,474845,674558,0,415,274,274,30390080,975714,148,166,0
97,1.217,0.451,0.000,1.668,1.714,474845,674558,0,415,274,274,30390080,975714,148,166,0
98,1.209,0.425,0.000,1.633,1.769,474845,674558,0,415,274,274,30390080,975714,148,166,0
99,1.223,0.446,0.000,1.669,1.731,474845,674558,0,415,274,274,30390080,975714,148,166,0
100,1.196,0.433,0.000,1.629,1.772,474845,674558,0,415,274,274,30390080,975714,148,166,0
101,1.215,0.435,0.000,1.650,1.727,474845,674558,0,415,274,274,30390080,975714,148,166,0
102,1.296,0.444,0.000,1.741,1.747,474845,674558,0,415,274,274,30390080,975714,148,166,0
103,1.208,0.443,0.000,1.651,1.846,474845,674558,0,415,274,274,30390080,975714,148,166,0
104,1.224,0.454,0.000,1.679,1.752,474845,674558,0,415,274,274,30390080,975714,148,166,0
105,1.235,0.436,0.000,1.670,1.784,474845,674558,0,415,274,274,30390080,975714,148,166,0
106,1.193,0.415,0.000,1.607,1.767,474845,674558,0,415,274,274,30390080,975714,148,166,0
107,1.201,0.426,0.000,1.627,1.705,474845,674558,0,415,274,274,30390080,975714,148,166,0
108,1.227,0.432,0.000,1.659,1.724,474845,674558,0,415,274,274,30390080,975714,148,166,0
109,1.234,0.448,0.000,1.682,1.763,474845,674558,0,415,274,274,30390080,975714,148,166,0
110,1.225,0.486,0.000,1.711,1.779,474845,674558,0,415,274,274,30390080,975714,148,166,0
111,1.250,0.453,0.000,1.703,1.838,474845,674558,0,415,274,274,30390080,975714,148,166,0
112,1.265,0.441,0.000,1.706,1.806,474845,674558,0,415,274,274,30390080,975714,148,166,0
113,1.231,0.451,0.000,1.682,1.810,474845,674558,0,415,274,274,30390080,975714,148,166,0
114,1.225,0.466,0.000,1.691,1.781,474845,674558,0,415,274,274,30390080,975714,148,166,0
115,1.243,0.433,0.000,1.675,1.793,474845,674558,0,415,274,274,30390080,975714,148,166,0
116,1.210,0.443,0.000,1.653,1.775,474845,674558,0,415,274,274,30390080,975714,148,166,0
117,1.256,0.431,0.000,1.687,1.752,474845,674558,0,415,274,274,30390080,975714,148,166,0
118,1.221,0.460,0.000,1.680,1.786,474845,674558,0,415,274,274,30390080,975714,148,166,0
119,1.254,0.421,0.000,1.674,1.782,474845,674558,0,415,274,274,30390080,975714,148,166,0
120,1.191,0.451,0.000,1.642,1.775,474845,674558,0,415,274,274,30390080,975714,148,166,0
121,1.205,0.463,0.000,1.668,1.747,474845,674558,0,415,274,274,30390080,975714,148,166,0
122,1.226,0.431,0.000,1.658,1.774,474845,674558,0,415,274,274,30390080,975714,148,166,0
123,1.218,0.427,0.000,1.645,1.756,474845,674558,0,415,274,274,30390080,975714,148,166,0
124,1.227,0.456,0.000,1.683,1.742,474845,674558,0,415,274,274,30390080,975714,148,166,0
125,1.213,0.442,0.000,1.655,1.786,474845,674558,0,415,274,274,30390080,975714,148,166,0
126,1.221,0.424,0.000,1.644,1.758,474845,674558,0,415,274,274,30390080,975714,148,166,0
127,1.202,0.438,0.000,1.640,1.740,474845,674558,0,415,274,274,30390080,975714,148,166,0
128,1.203,0.460,0.000,1.662,1.742,474845,674558,0,415,274,274,30390080,975714,148,166,0
129,1.250,0.424,0.000,1.674,1.770,474845,674558,0,415,274,274,30390080,975714,148,166,0
130,1.232,0.458,0.000,1.690,1.775,474845,674558,0,415,274,274,30390080,975714,148,166,0
131,1.237,0.432,0.000,1.670,1.795,474845,674558,0,415,274,274,30390080,975714,148,166,0
132,1.200,0.435,0.000,1.634,1.768,474845,674558,0,415,274,274,30390080,975714,148,166,0
133,1.205,0.425,0.000,1.629,1.734,474845,674558,0,415,274,274,30390080,975714,148,166,0
134,1.223,0.442,0.000,1.665,1.726,474845,674558,0,415,274,274,30390080,975714,148,166,0
135,1.242,0.445,0.000,1.687,1.772,474845,674558,0,415,274,274,30390080,975714,148,166,0
136,1.211,0.439,0.000,1.650,1.793,474845,674558,0,415,274,274,30390080,975714,148,166,0
137,1.226,0.441,0.000,1.667,1.748,474845,674558,0,415,274,274,30390080,975714,148,166,0
138,1.199,0.431,0.000,1.630,1.767,474845,674558,0,415,274,274,30390080,975714,148,166,0
139,1.229,0.439,0.000,1.668,1.728,474845,674558,0,415,274,274,30390080,975714,148,166,0
140,1.206,0.440,0.000,1.647,1.790,474845,674558,0,415,274,274,30390080,975714,148,166,0
141,1.203,0.449,0.000,1.651,1.743,474845,674558,0,415,274,274,30390080,975714,148,166,0
142,1.214,0.424,0.000,1.638,1.752,474845,674558,0,415,274,274,30390080,975714,148,166,0
143,1.221,0.433,0.000,1.654,1.735,474845,674558,0,415,274,274,30390080,975714,148,166,0
144,1.182,0.455,0.000,1.637,1.756,474845,674558,0,415,274,274,30390080,975714,148,166,0
145,1.226,0.422,0.000,1.648,1.746,474845,674558,0,415,274,274,30390080,975714,148,166,0
146,1.243,0.454,0.000,1.697,1.746,474845,674558,0,415,274,274,30390080,975714,148,166,0
147,1.213,0.429,0.000,1.643,1.798,474845,674558,0,415,274,274,30390080,975714,148,166,0
148,1.192,0.432,0.000,1.625,1.740,474845,674558,0,415,274,274,30390080,975714,148,166,0
149,1.194,0.428,0.000,1.622,1.726,474845,674558,0,415,274,274,30390080,975714,148,166,0
150,1.221,0.448,0.000,1.669,1.726,474845,674558,0,415,274,274,30390080,975714,148,166,0
151,1.217,0.420,0.000,1.637,1.769,474845,674558,0,415,274,274,30390080,975714,148,166,0
152,1.204,0.439,0.000,1.643,1.732,474845,674558,0,415,274,274,30390080,975714,148,166,0
153,1.229,0.431,0.000,1.660,1.745,474845,674558,0,415,274,274,30390080,975714,148,166,0
154,1.215,0.463,0.000,1.678,1.760,474845,674558,0,415,274,274,30390080,975714,148,166,0
155,1.243,0.449,0.000,1.692,1.779,474845,674558,0,415,274,274,30390080,975714,148,166,0
156,1.253,0.483,0.000,1.736,1.791,474845,674558,0,415,274,274,30390080,975714,148,166,0
157,1.231,0.447,0.000,1.678,1.845,474845,674558,0,415,274,274,30390080,975714,148,166,0
158,1.214,0.437,0.000,1.651,1.781,474845,674558,0,415,274,274,30390080,975714,148,166,0
159,1.238,0.434,0.000,1.672,1.755,474845,674558,0,415,274,274,30390080,975714,148,166,0
160,1.193,0.463,0.000,1.656,1.767,474845,674558,0,415,274,274,30390080,975714,148,166,0
161,1.233,0.443,0.000,1.676,1.756,474845,674558,0,415,274,274,30390080,975714,148,166,0
162,1.137,0.431,0.000,1.568,1.775,474845,674558,0,415,274,274,30390080,975714,148,166,0
163,1.118,0.429,0.000,1.548,1.665,474845,674558,0,415,274,274,30390080,975714,148,166,0
164,1.176,0.417,0.000,1.594,1.641,474845,674558,0,415,274,274,30390080,975714,148,166,0
165,1.208,0.452,0.000,1.660,1.695,474845,674558,0,415,274,274,30390080,975714,148,166,0
166,1.208,0.444,0.000,1.652,1.760,474845,674558,0,415,274,274,30390080,975714,148,166,0
167,1.208,0.436,0.000,1.644,1.756,474845,674558,0,415,274,274,30390080,975714,148,166,0
168,1.193,0.449,0.000,1.642,1.740,474845,674558,0,415,274,274,30390080,975714,148,166,0
169,1.202,0.448,0.000,1.650,1.740,474845,674558,0,415,274,274,30390080,975714,148,166,0
170,1.220,0.456,0.000,1.677,1.749,474845,674558,0,415,274,274,30390080,975714,148,166,0
171,1.220,0.449,0.000,1.669,1.780,474845,674558,0,415,274,274,30390080,975714,148,166,0
172,1.207,0.440,0.000,1.648,1.776,474845,674558,0,415,274,274,30390080,975714,148,166,0
173,1.201,0.431,0.000,1.632,1.751,474845,674558,0,415,274,274,30390080,975714,148,166,0
174,1.221,0.447,0.000,1.667,1.727,474845,674558,0,415,274,274,30390080,975714,148,166,0
175,1.209,0.447,0.000,1.657,1.765,474845,674558,0,415,274,274,30390080,975714,148,166,0
176,1.213,0.435,0.000,1.648,1.760,474845,674558,0,415,274,274,30390080,975714,148,166,0
177,1.224,0.442,0.000,1.667,1.745,474845,674558,0,415,274,274,30390080,975714,148,166,0
178,1.215,0.444,0.000,1.659,1.770,474845,674558,0,415,274,274,30390080,975714,148,166,0
179,1.214,0.421,0.000,1.635,1.758,474845,674558,0,415,274,274,30390080,975714,148,166,0
180,1.271,0.449,0.000,1.719,1.729,474845,674558,0,415,274,274,30390080,975714,148,166,0
181,1.229,0.434,0.000,1.662,1.824,474845,674558,0,415,274,274,30390080,975714,148,166,0
182,1.211,0.390,0.000,1.602,1.762,474845,674558,0,415,274,274,30390080,975714,148,166,0
183,1.196,0.412,0.000,1.607,1.695,474845,674558,0,415,274,274,30390080,975714,148,166,0
184,1.208,0.404,0.000,1.612,1.703,474845,674558,0,415,274,274,30390080,975714,148,166,0
185,1.208,0.385,0.000,1.593,1.708,474845,674558,0,415,274,274,30390080,975714,148,166,0
186,1.203,0.412,0.000,1.616,1.688,474845,674558,0,415,274,274,30390080,975714,148,166,0
187,1.227,0.387,0.000,1.614,1.727,474845,674558,0,415,274,274,30390080,975714,148,166,0
188,1.192,0.404,0.000,1.596,1.707,474845,674558,0,415,274,274,30390080,975714,148,166,0
189,1.207,0.392,0.000,1.599,1.688,474845,674558,0,415,274,274,30390080,975714,148,166,0
190,1.226,0.399,0.000,1.625,1.692,474845,674558,0,415,274,274,30390080,975714,148,166,0
191,1.222,0.388,0.000,1.611,1.720,474845,674558,0,415,274,274,30390080,975714,148,166,0
192,1.164,0.364,0.000,1.529,1.705,474845,674558,0,415,274,274,30390080,975714,148,166,0
193,1.173,0.366,0.000,1.539,1.630,474845,674558,0,415,274,274,30390080,975714,148,166,0
194,1.184,0.401,0.000,1.585,1.642,474845,674558,0,415,274,274,30390080,975714,148,166,0
195,1.226,0.395,0.000,1.621,1.684,474845,674558,0,415,274,274,30390080,975714,148,166,0
196,1.174,0.389,0.000,1.564,1.718,474845,674558,0,415,274,274,30390080,975714,148,166,0
197,1.212,0.404,0.000,1.616,1.656,474845,674558,0,415,274,274,30390080,975714,148,166,0
198,1.217,0.400,0.000,1.617,1.711,474845,674558,0,415,274,274,30390080,975714,148,166,0
199,1.205,0.406,0.000,1.611,1.712,474845,674558,0,415,274,274,30390080,975714,148,166,0
200,1.197,0.405,0.000,1.603,1.706,474845,674558,0,415,274,274,30390080,975714,148,166,0
201,1.211,0.390,0.000,1.601,1.698,474845,674558,0,415,274,274,30390080,975714,148,166,0
202,1.197,0.401,0.000,1.598,1.703,474845,674558,0,415,274,274,30390080,975714,148,166,0
203,1.198,0.418,0.000,1.617,1.693,474845,674558,0,415,274,274,30390080,975714,148,166,0
204,1.196,0.410,0.000,1.606,1.714,474845,674558,0,415,274,274,30390080,975714,148,166,0
205,1.185,0.397,0.000,1.582,1.700,474845,674558,0,415,274,274,30390080,975714,148,166,0
206,1.220,0.390,0.000,1.610,1.676,474845,674558,0,415,274,274,30390080,975714,148,166,0
207,1.177,0.401,0.000,1.578,1.702,474845,674558,0,415,274,274,30390080,975714,148,166,0
208,1.194,0.390,0.000,1.584,1.671,474845,674558,0,415,274,274,30390080,975714,148,166,0
209,1.194,0.418,0.000,1.613,1.680,474845,674558,0,415,274,274,30390080,975714,148,166,0
210,1.193,0.412,0.000,1.604,1.707,474845,674558,0,415,274,274,30390080,975714,148,166,0
211,1.200,0.391,0.000,1.591,1.697,474845,674558,0,415,274,274,30390080,975714,148,166,0
212,1.207,0.400,0.000,1.607,1.683,474845,674558,0,415,274,274,30390080,975714,148,166,0
213,1.189,0.405,0.000,1.593,1.702,474845,674558,0,415,274,274,30390080,975714,148,166,0
214,1.193,0.384,0.000,1.577,1.685,474845,674558,0,415,274,274,30390080,975714,148,166,0
215,1.196,0.378,0.000,1.574,1.671,474845,674558,0,415,274,274,30390080,975714,148,166,0
216,1.205,0.413,0.000,1.618,1.675,474845,674558,0,415,274,274,30390080,975714,148,166,0
217,1.200,0.367,0.000,1.567,1.712,474845,674558,0,415,274,274,30390080,975714,148,166,0
218,1.209,0.392,0.000,1.601,1.668,474845,674558,0,415,274,274,30390080,975714,148,166,0
219,1.202,0.375,0.000,1.577,1.704,474845,674558,0,415,274,274,30390080,975714,148,166,0
220,1.230,0.404,0.000,1.634,1.672,474845,674558,0,415,274,274,30390080,975714,148,166,0
221,1.209,0.398,0.000,1.608,1.727,474845,674558,0,415,274,274,30390080,975714,148,166,0
222,1.212,0.399,0.000,1.611,1.701,474845,674558,0,415,274,274,30390080,975714,148,166,0
223,1.186,0.397,0.000,1.583,1.704,474845,674558,0,415,274,274,30390080,975714,148,166,0
224,1.205,0.404,0.000,1.610,1.679,474845,674558,0,415,274,274,30390080,975714,148,166,0
225,1.187,0.407,0.000,1.594,1.702,474845,674558,0,415,274,274,30390080,975714,148,166,0
226,1.254,0.414,0.000,1.667,1.687,474845,674558,0,415,274,274,30390080,975714,148,166,0
227,1.211,0.395,0.000,1.606,1.760,474845,674558,0,415,274,274,30390080,975714,148,166,0
228,1.203,0.428,0.000,1.631,1.704,474845,674558,0,415,274,274,30390080,975714,148,166,0
229,1.210,0.396,0.000,1.606,1.725,474845,674558,0,415,274,274,30390080,975714,148,166,0
230,1.225,0.415,0.000,1.640,1.700,474845,674558,0,415,274,274,30390080,975714,148,166,0
231,1.201,0.428,0.000,1.629,1.734,474845,674558,0,415,274,274,30390080,975714,148,166,0
232,1.194,0.420,0.000,1.614,1.724,474845,674558,0,415,274,274,30390080,975714,148,166,0
233,1.264,0.385,0.000,1.649,1.737,474845,674558,0,415,274,274,30390080,975714,148,166,0
234,1.240,0.416,0.000,1.656,1.743,474845,674558,0,415,274,274,30390080,975714,148,166,0
235,1.240,0.406,0.000,1.646,1.751,474845,674558,0,415,274,274,30390080,975714,148,166,0
236,1.217,0.394,0.000,1.612,1.742,474845,674558,0,415,274,274,30390080,975714,148,166,0
237,1.202,0.383,0.000,1.585,1.706,474845,674558,0,415,274,274,30390080,975714,148,166,0
238,1.212,0.389,0.000,1.601,1.682,474845,674558,0,415,274,274,30390080,975714,148,166,0
239,1.214,0.378,0.000,1.593,1.692,474845,674558,0,415,274,274,30390080,975714,148,166,0
240,1.224,0.402,0.000,1.626,1.685,474845,674558,0,415,274,274,30390080,975714,148,166,0
241,1.189,0.366,0.000,1.554,1.722,474845,674558,0,415,274,274,30390080,975714,148,166,0
242,1.183,0.383,0.000,1.566,1.657,474845,674558,0,415,274,274,30390080,975714,148,166,0
243,1.207,0.398,0.000,1.605,1.659,474845,674558,0,415,274,274,30390080,975714,148,166,0
244,1.211,0.405,0.000,1.616,1.698,474845,674558,0,415,274,274,30390080,975714,148,166,0
245,1.198,0.397,0.000,1.595,1.715,474845,674558,0,415,274,274,30390080,975714,148,166,0
246,1.199,0.377,0.000,1.576,1.688,474845,674558,0,415,274,274,30390080,975714,148,166,0
247,1.205,0.360,0.000,1.565,1.670,474845,674558,0,415,274,274,30390080,975714,148,166,0
248,1.216,0.420,0.000,1.636,1.659,474845,674558,0,415,274,274,30390080,975714,148,166,0
249,1.209,0.406,0.000,1.614,1.729,474845,674558,0,415,274,274,30390080,975714,148,166,0
250,1.215,0.400,0.000,1.615,1.711,474845,674558,0,415,274,274,30390080,975714,148,166,0
251,1.215,0.401,0.000,1.617,1.712,474845,674558,0,415,274,274,30390080,975714,148,166,0
252,1.220,0.426,0.000,1.646,1.710,474845,674558,0,415,274,274,30390080,975714,148,166,0
253,1.227,0.398,0.000,1.625,1.738,474845,674558,0,415,274,274,30390080,975714,148,166,0
254,1.220,0.399,0.000,1.618,1.723,474845,674558,0,415,274,274,30390080,975714,148,166,0
255,1.220,0.385,0.000,1.605,1.715,474845,674558,0,415,274,274,30390080,975714,148,166,0
256,1.193,0.405,0.000,1.598,1.699,474845,674558,0,415,274,274,30390080,975714,148,166,0
257,1.183,0.408,0.000,1.591,1.690,474845,674558,0,415,274,274,30390080,975714,148,166,0
258,1.201,0.419,0.000,1.620,1.686,474845,674558,0,415,274,274,30390080,975714,148,166,0
259,1.186,0.410,0.000,1.597,1.714,474845,674558,0,415,274,274,30390080,975714,148,166,0
260,1.219,0.399,0.000,1.618,1.689,474845,674558,0,415,274,274,30390080,975714,148,166,0
261,1.218,0.411,0.000,1.629,1.716,474845,674558,0,415,274,274,30390080,975714,148,166,0
262,1.191,0.389,0.000,1.580,1.720,474845,674558,0,415,274,274,30390080,975714,148,166,0
263,1.195,0.398,0.000,1.593,1.681,474845,674558,0,415,274,274,30390080,975714,148,166,0
264,1.204,0.401,0.000,1.606,1.688,474845,674558,0,415,274,274,30390080,975714,148,166,0
265,1.233,0.391,0.000,1.624,1.701,474845,674558,0,415,274,274,30390080,975714,148,166,0
266,1.213,0.403,0.000,1.616,1.721,474845,674558,0,415,274,274,30390080,975714,148,166,0
267,1.187,0.384,0.000,1.571,1.708,474845,674558,0,415,274,274,30390080,975714,148,166,0
268,1.220,0.394,0.000,1.614,1.666,474845,674558,0,415,274,274,30390080,975714,148,166,0
269,1.216,0.402,0.000,1.619,1.708,474845,674558,0,415,274,274,30390080,975714,148,166,0
270,1.203,0.417,0.000,1.621,1.712,474845,674558,0,415,274,274,30390080,975714,148,166,0
271,1.207,0.413,0.000,1.620,1.712,474845,674558,0,415,274,274,30390080,975714,148,166,0
272,1.206,0.386,0.000,1.592,1.712,474845,674558,0,415,274,274,30390080,975714,148,166,0
273,1.191,0.401,0.000,1.591,1.685,474845,674558,0,415,274,274,30390080,975714,148,166,0
274,1.198,0.387,0.000,1.585,1.687,474845,674558,0,415,274,274,30390080,975714,148,166,0
275,1.217,0.391,0.000,1.608,1.680,474845,674558,0,415,274,274,30390080,975714,148,166,0
276,1.209,0.398,0.000,1.607,1.708,474845,674558,0,415,274,274,30390080,975714,148,166,0
277,1.305,0.434,0.000,1.739,1.702,474845,674558,0,415,274,274,30390080,975714,148,166,0
278,1.215,0.441,0.000,1.656,1.896,474845,674558,0,415,274,274,30390080,975714,148,166,0
279,1.223,0.400,0.000,1.623,1.759,474845,674558,0,415,274,274,30390080,975714,148,166,0
280,1.203,0.392,0.000,1.595,1.728,474845,674558,0,415,274,274,30390080,975714,148,166,0
281,1.148,0.416,0.000,1.564,1.692,474845,674558,0,415,274,274,30390080,975714,148,166,0
282,1.211,0.413,0.000,1.623,1.659,474845,674558,0,415,274,274,30390080,975714,148,166,0
283,1.222,0.380,0.000,1.602,1.718,474845,674558,0,415,274,274,30390080,975714,148,166,0
284,1.258,0.421,0.000,1.678,1.695,474845,674558,0,415,274,274,30390080,975714,148,166,0
285,1.235,0.405,0.000,1.640,1.771,474845,674558,0,415,274,274,30390080,975714,148,166,0
286,1.200,0.389,0.000,1.589,1.732,474845,674558,0,415,274,274,30390080,975714,148,166,0
287,1.209,0.412,0.000,1.621,1.683,474845,674558,0,415,274,274,30390080,975714,148,166,0
288,1.192,0.430,0.000,1.622,1.717,474845,674558,0,415,274,274,30390080,975714,148,166,0
289,1.231,0.434,0.000,1.665,1.724,474845,674558,0,415,274,274,30390080,975714,148,166,0
290,1.230,0.426,0.000,1.656,1.761,474845,674558,0,415,274,274,30390080,975714,148,166,0
291,1.227,0.399,0.000,1.626,1.750,474845,674558,0,415,274,274,30390080,975714,148,166,0
292,1.180,0.410,0.000,1.591,1.721,474845,674558,0,415,274,274,30390080,975714,148,166,0
293,1.232,0.391,0.000,1.622,1.691,474845,674558,0,415,274,274,30390080,975714,148,166,0
294,1.203,0.403,0.000,1.606,1.716,474845,674558,0,415,274,274,30390080,975714,148,166,0
295,1.200,0.390,0.000,1.590,1.698,474845,674558,0,415,274,274,30390080,975714,148,166,0
296,1.244,0.384,0.000,1.628,1.685,474845,674558,0,415,274,274,30390080,975714,148,166,0
297,1.214,0.390,0.000,1.604,1.723,474845,674558,0,415,274,274,30390080,975714,148,166,0
298,1.244,0.402,0.000,1.646,1.697,474845,674558,0,415,274,274,30390080,975714,148,166,0
299,1.203,0.381,0.000,1.585,1.738,474845,674558,0,415,274,274,30390080,975714,148,166,0
300,1.222,0.378,0.000,1.600,1.679,474845,674558,0,415,274,274,30390080,975714,148,166,0
301,1.171,0.437,0.000,1.609,1.697,474845,674558,0,415,274,274,30390080,975714,148,166,0
302,1.328,0.378,0.000,1.706,1.722,474845,674558,0,415,274,274,30390080,975714,148,166,0
303,1.238,0.417,0.000,1.655,1.801,474845,674558,0,415,274,274,30390080,975714,148,166,0
304,1.239,0.393,0.000,1.632,1.756,474845,674558,0,415,274,274,30390080,975714,148,166,0
305,1.260,0.395,0.000,1.656,1.726,474845,674558,0,415,274,274,30390080,975714,148,166,0
306,1.239,0.397,0.000,1.636,1.749,474845,674558,0,415,274,274,30390080,975714,148,166,0
307,1.212,0.412,0.000,1.624,1.731,474845,674558,0,415,274,274,30390080,975714,148,166,0
308,1.279,0.377,0.000,1.656,1.719,474845,674558,0,415,274,274,30390080,975714,148,166,0
309,1.188,0.412,0.000,1.600,1.756,474845,674558,0,415,274,274,30390080,975714,148,166,0
310,1.208,0.405,0.000,1.614,1.699,474845,674558,0,415,274,274,30390080,975714,148,166,0
311,1.218,0.395,0.000,1.613,1.708,474845,674558,0,415,274,274,30390080,975714,148,166,0
312,1.221,0.388,0.000,1.610,1.709,474845,674558,0,415,274,274,30390080,975714,148,166,0
313,1.167,0.414,0.000,1.581,1.713,474845,674558,0,415,274,274,30390080,975714,148,166,0
314,1.197,0.385,0.000,1.582,1.685,474845,674558,0,415,274,274,30390080,975714,148,166,0
315,1.205,0.390,0.000,1.595,1.676,474845,674558,0,415,274,274,30390080,975714,148,166,0
316,1.191,0.389,0.000,1.580,1.695,474845,674558,0,415,274,274,30390080,975714,148,166,0
317,1.206,0.399,0.000,1.605,1.673,474845,674558,0,415,274,274,30390080,975714,148,166,0
318,1.220,0.420,0.000,1.640,1.706,474845,674558,0,415,274,274,30390080,975714,148,166,0
319,1.196,0.392,0.000,1.588,1.733,474845,674558,0,415,274,274,30390080,975714,148,166,0
320,1.209,0.398,0.000,1.607,1.680,474845,674558,0,415,274,274,30390080,975714,148,166,0
321,1.225,0.407,0.000,1.632,1.699,474845,674558,0,415,274,274,30390080,975714,148,166,0
322,1.210,0.412,0.000,1.623,1.725,474845,674558,0,415,274,274,30390080,975714,148,166,0
323,1.201,0.415,0.000,1.615,1.717,474845,674558,0,415,274,274,30390080,975714,148,166,0
324,1.215,0.404,0.000,1.618,1.708,474845,674558,0,415,274,274,30390080,975714,148,166,0
325,1.201,0.382,0.000,1.584,1.710,474845,674558,0,415,274,274,30390080,975714,148,166,0
326,1.213,0.389,0.000,1.602,1.700,474845,674558,0,415,274,274,30390080,975714,148,166,0
327,1.206,0.404,0.000,1.610,1.697,474845,674558,0,415,274,274,30390080,975714,148,166,0
328,1.203,0.398,0.000,1.601,1.704,474845,674558,0,415,274,274,30390080,975714,148,166,0
329,1.227,0.386,0.000,1.613,1.692,474845,674558,0,415,274,274,30390080,975714,148,166,0
330,1.215,0.413,0.000,1.628,1.707,474845,674558,0,415,274,274,30390080,975714,148,166,0
331,1.213,0.396,0.000,1.609,1.722,474845,674558,0,415,274,274,30390080,975714,148,166,0
332,1.219,0.394,0.000,1.613,1.706,474845,674558,0,415,274,274,30390080,975714,148,166,0
333,1.195,0.415,0.000,1.610,1.707,474845,674558,0,415,274,274,30390080,975714,148,166,0
334,1.213,0.395,0.000,1.609,1.703,474845,674558,0,415,274,274,30390080,975714,148,166,0
335,1.212,0.388,0.000,1.600,1.705,474845,674558,0,415,274,274,30390080,975714,148,166,0
336,1.199,0.394,0.000,1.593,1.696,474845,674558,0,415,274,274,30390080,975714,148,166,0
337,1.189,0.407,0.000,1.596,1.688,474845,674558,0,415,274,274,30390080,975714,148,166,0
338,1.217,0.411,0.000,1.628,1.687,474845,674558,0,415,274,274,30390080,975714,148,166,0
339,1.215,0.411,0.000,1.626,1.721,474845,674558,0,415,274,274,30390080,975714,148,166,0
340,1.196,0.407,0.000,1.603,1.720,474845,674558,0,415,274,274,30390080,975714,148,166,0
341,1.197,0.396,0.000,1.593,1.698,474845,674558,0,415,274,274,30390080,975714,148,166,0
342,1.200,0.380,0.000,1.580,1.688,474845,674558,0,415,274,274,30390080,975714,148,166,0
343,1.205,0.378,0.000,1.583,1.672,474845,674558,0,415,274,274,30390080,975714,148,166,0
344,1.202,0.422,0.000,1.624,1.677,474845,674558,0,415,274,274,30390080,975714,148,166,0
345,1.196,0.398,0.000,1.594,1.717,474845,674558,0,415,274,274,30390080,975714,148,166,0
346,1.201,0.390,0.000,1.591,1.688,474845,674558,0,415,274,274,30390080,975714,148,166,0
347,1.442,0.354,0.000,1.797,1.685,474845,674558,0,415,274,274,30390080,975714,148,166,0
348,1.222,0.397,0.000,1.619,1.890,474845,674558,0,415,274,274,30390080,975714,148,166,0
349,1.254,0.387,0.000,1.641,1.715,474845,674558,0,415,274,274,30390080,975714,148,166,0
350,1.222,0.403,0.000,1.625,1.736,474845,674558,0,415,274,274,30390080,975714,148,166,0
351,1.236,0.390,0.000,1.625,1.724,474845,674558,0,415,274,274,30390080,975714,148,166,0
352,1.224,0.412,0.000,1.635,1.720,474845,674558,0,415,274,274,30390080,975714,148,166,0
353,1.208,0.411,0.000,1.619,1.729,474845,674558,0,415,274,274,30390080,975714,148,166,0
354,1.230,0.418,0.000,1.648,1.713,474845,674558,0,415,274,274,30390080,975714,148,166,0
355,1.183,0.409,0.000,1.591,1.743,474845,674558,0,415,274,274,30390080,975714,148,166,0
356,1.220,0.407,0.000,1.628,1.684,474845,674558,0,415,274,274,30390080,975714,148,166,0
357,1.225,0.422,0.000,1.647,1.723,474845,674558,0,415,274,274,30390080,975714,148,166,0
358,1.211,0.404,0.000,1.616,1.743,474845,674558,0,415,274,274,30390080,975714,148,166,0
359,1.180,0.401,0.000,1.582,1.708,474845,674558,0,415,274,274,30390080,975714,148,166,0
360,1.216,0.419,0.000,1.635,1.676,474845,674558,0,415,274,274,30390080,975714,148,166,0
361,1.195,0.415,0.000,1.611,1.730,474845,674558,0,415,274,274,30390080,975714,148,166,0
362,1.210,0.382,0.000,1.591,1.703,474845,674558,0,415,274,274,30390080,975714,148,166,0
363,1.207,0.419,0.000,1.626,1.685,474845,674558,0,415,274,274,30390080,975714,148,166,0
364,1.255,0.393,0.000,1.649,1.724,474845,674558,0,415,274,274,30390080,975714,148,166,0
365,1.216,0.411,0.000,1.628,1.743,474845,674558,0,415,274,274,30390080,975714,148,166,0
366,1.241,0.411,0.000,1.653,1.722,474845,674558,0,415,274,274,30390080,975714,148,166,0
367,1.221,0.395,0.000,1.617,1.751,474845,674558,0,415,274,274,30390080,975714,148,166,0
368,1.227,0.408,0.000,1.635,1.712,474845,674558,0,415,274,274,30390080,975714,148,166,0
369,1.219,0.398,0.000,1.617,1.728,474845,674558,0,415,274,274,30390080,975714,148,166,0
370,1.204,0.402,0.000,1.607,1.712,474845,674558,0,415,274,274,30390080,975714,148,166,0
371,1.241,0.397,0.000,1.638,1.699,474845,674558,0,415,274,274,30390080,975714,148,166,0
372,1.217,0.394,0.000,1.612,1.730,474845,674558,0,415,274,274,30390080,975714,148,166,0
373,1.195,0.377,0.000,1.572,1.723,474845,674558,0,415,274,274,30390080,975714,148,166,0
374,1.207,0.377,0.000,1.584,1.666,474845,674558,0,415,274,274,30390080,975714,148,166,0
375,1.190,0.388,0.000,1.578,1.680,474845,674558,0,415,274,274,30390080,975714,148,166,0
376,1.211,0.415,0.000,1.626,1.670,474845,674558,0,415,274,274,30390080,975714,148,166,0
377,1.211,0.382,0.000,1.593,1.721,474845,674558,0,415,274,274,30390080,975714,148,166,0
378,1.209,0.413,0.000,1.622,1.696,474845,674558,0,415,274,274,30390080,975714,148,166,0
379,1.221,0.385,0.000,1.606,1.716,474845,674558,0,415,274,274,30390080,975714,148,166,0
380,1.192,0.385,0.000,1.577,1.700,474845,674558,0,415,274,274,30390080,975714,148,166,0
381,1.238,0.399,0.000,1.638,1.669,474845,674558,0,415,274,274,30390080,975714,148,166,0
382,1.212,0.393,0.000,1.605,1.730,474845,674558,0,415,274,274,30390080,975714,148,166,0
383,1.205,0.403,0.000,1.608,1.700,474845,674558,0,415,274,274,30390080,975714,148,166,0
384,1.218,0.397,0.000,1.615,1.704,474845,674558,0,415,274,274,30390080,975714,148,166,0
385,1.226,0.382,0.000,1.608,1.710,474845,674558,0,415,274,274,30390080,975714,148,166,0
386,1.217,0.388,0.000,1.605,1.700,474845,674558,0,415,274,274,30390080,975714,148,166,0
387,1.197,0.392,0.000,1.590,1.699,474845,674558,0,415,274,274,30390080,975714,148,166,0
388,1.194,0.408,0.000,1.602,1.696,474845,674558,0,415,274,274,30390080,975714,148,166,0
389,1.182,0.362,0.000,1.544,1.700,474845,674558,0,415,274,274,30390080,975714,148,166,0
390,1.185,0.397,0.000,1.582,1.637,474845,674558,0,415,274,274,30390080,975714,148,166,0
391,1.231,0.417,0.000,1.648,1.676,474845,674558,0,415,274,274,30390080,975714,148,166,0
392,1.202,0.398,0.000,1.601,1.742,474845,674558,0,415,274,274,30390080,975714,148,166,0
393,1.213,0.395,0.000,1.608,1.694,474845,674558,0,415,274,274,30390080,975714,148,166,0
394,1.198,0.410,0.000,1.608,1.700,474845,674558,0,415,274,274,30390080,975714,148,166,0
395,1.218,0.389,0.000,1.607,1.704,474845,674558,0,415,274,274,30390080,975714,148,166,0
396,1.191,0.389,0.000,1.580,1.702,474845,674558,0,415,274,274,30390080,975714,148,166,0
397,1.192,0.397,0.000,1.589,1.675,474845,674558,0,415,274,274,30390080,975714,148,166,0
398,1.206,0.398,0.000,1.603,1.684,474845,674558,0,415,274,274,30390080,975714,148,166,0
399,1.219,0.388,0.000,1.607,1.695,474845,674558,0,415,274,274,30390080,975714,148,166,0
400,1.200,0.414,0.000,1.614,1.700,474845,674558,0,415,274,274,30390080,975714,148,166,0
401,1.205,0.412,0.000,1.617,1.709,474845,674558,0,415,274,274,30390080,975714,148,166,0
402,1.203,0.382,0.000,1.585,1.712,474845,674558,0,415,274,274,30390080,975714,148,166,0
403,1.178,0.383,0.000,1.561,1.679,474845,674558,0,415,274,274,30390080,975714,148,166,0
404,1.205,0.408,0.000,1.612,1.654,474845,674558,0,415,274,274,30390080,975714,148,166,0
405,1.200,0.378,0.000,1.578,1.707,474845,674558,0,415,274,274,30390080,975714,148,166,0
406,1.203,0.389,0.000,1.592,1.671,474845,674558,0,415,274,274,30390080,975714,148,166,0
407,1.213,0.383,0.000,1.595,1.690,474845,674558,0,415,274,274,30390080,975714,148,166,0
408,1.213,0.395,0.000,1.609,1.687,474845,674558,0,415,274,274,30390080,975714,148,166,0
409,1.240,0.359,0.000,1.599,1.704,474845,674558,0,415,274,274,30390080,975714,148,166,0
410,1.212,0.400,0.000,1.612,1.692,474845,674558,0,415,274,274,30390080,975714,148,166,0
411,1.178,0.403,0.000,1.582,1.707,474845,674558,0,415,274,274,30390080,975714,148,166,0
412,1.202,0.393,0.000,1.594,1.682,474845,674558,0,415,274,274,30390080,975714,148,166,0
413,1.202,0.389,0.000,1.591,1.686,474845,674558,0,415,274,274,30390080,975714,148,166,0
414,1.221,0.407,0.000,1.628,1.688,474845,674558,0,415,274,274,30390080,975714,148,166,0
415,1.218,0.386,0.000,1.604,1.722,474845,674558,0,415,274,274,30390080,975714,148,166,0
416,1.201,0.399,0.000,1.600,1.700,474845,674558,0,415,274,274,30390080,975714,148,166,0
417,1.191,0.397,0.000,1.588,1.696,474845,674558,0,415,274,274,30390080,975714,148,166,0
418,1.194,0.419,0.000,1.614,1.678,474845,674558,0,415,274,274,30390080,975714,148,166,0
419,1.206,0.383,0.000,1.590,1.722,474845,674558,0,415,274,274,30390080,975714,148,166,0
420,1.189,0.395,0.000,1.584,1.683,474845,674558,0,415,274,274,30390080,975714,148,166,0
421,1.202,0.378,0.000,1.580,1.681,474845,674558,0,415,274,274,30390080,975714,148,166,0
422,1.208,0.381,0.000,1.589,1.673,474845,674558,0,415,274,274,30390080,975714,148,166,0
423,1.218,0.408,0.000,1.626,1.682,474845,674558,0,415,274,274,30390080,975714,148,166,0
424,1.243,0.406,0.000,1.648,1.719,474845,674558,0,415,274,274,30390080,975714,148,166,0
425,1.201,0.415,0.000,1.616,1.742,474845,674558,0,415,274,274,30390080,975714,148,166,0
426,1.214,0.407,0.000,1.622,1.712,474845,674558,0,415,274,274,30390080,975714,148,166,0
427,1.174,0.387,0.000,1.561,1.715,474845,674558,0,415,274,274,30390080,975714,148,166,0
428,1.168,0.402,0.000,1.570,1.660,474845,674558,0,415,274,274,30390080,975714,148,166,0
429,1.212,0.400,0.000,1.612,1.670,474845,674558,0,415,274,274,30390080,975714,148,166,0
430,1.200,0.401,0.000,1.600,1.707,474845,674558,0,415,274,274,30390080,975714,148,166,0
431,1.184,0.415,0.000,1.599,1.697,474845,674558,0,415,274,274,30390080,975714,148,166,0
432,1.214,0.389,0.000,1.603,1.697,474845,674558,0,415,274,274,30390080,975714,148,166,0
433,1.213,0.372,0.000,1.585,1.696,474845,674558,0,415,274,274,30390080,975714,148,166,0
434,1.194,0.406,0.000,1.600,1.678,474845,674558,0,415,274,274,30390080,975714,148,166,0
435,1.188,0.393,0.000,1.581,1.703,474845,674558,0,415,274,274,30390080,975714,148,166,0
436,1.202,0.408,0.000,1.610,1.674,474845,674558,0,415,274,274,30390080,975714,148,166,0
437,1.207,0.407,0.000,1.614,1.708,474845,674558,0,415,274,274,30390080,975714,148,166,0
438,1.235,0.395,0.000,1.630,1.711,474845,674558,0,415,274,274,30390080,975714,148,166,0
439,1.206,0.396,0.000,1.603,1.725,474845,674558,0,415,274,274,30390080,975714,148,166,0
440,1.227,0.407,0.000,1.634,1.698,474845,674558,0,415,274,274,30390080,975714,148,166,0
441,1.200,0.367,0.000,1.566,1.734,474845,674558,0,415,274,274,30390080,975714,148,166,0
442,1.204,0.389,0.000,1.592,1.659,474845,674558,0,415,274,274,30390080,975714,148,166,0
443,1.208,0.407,0.000,1.615,1.688,474845,674558,0,415,274,274,30390080,975714,148,166,0
444,1.205,0.385,0.000,1.590,1.711,474845,674558,0,415,274,274,30390080,975714,148,166,0
445,1.207,0.398,0.000,1.605,1.684,474845,674558,0,415,274,274,30390080,975714,148,166,0
446,1.288,0.452,0.000,1.740,1.708,474845,674558,0,415,274,274,30390080,975714,148,166,0
447,1.265,0.407,0.000,1.672,1.846,474845,674558,0,415,274,274,30390080,975714,148,166,0
448,1.217,0.375,0.000,1.592,1.763,474845,674558,0,415,274,274,30390080,975714,148,166,0
449,1.182,0.368,0.000,1.550,1.684,474845,674558,0,415,274,274,30390080,975714,148,166,0
450,1.198,0.403,0.000,1.601,1.641,474845,674558,0,415,274,274,30390080,975714,148,166,0
451,1.205,0.407,0.000,1.612,1.695,474845,674558,0,415,274,274,30390080,975714,148,166,0
452,1.212,0.415,0.000,1.628,1.706,474845,674558,0,415,274,274,30390080,975714,148,166,0
453,1.195,0.390,0.000,1.585,1.722,474845,674558,0,415,274,274,30390080,975714,148,166,0
454,1.190,0.393,0.000,1.583,1.679,474845,674558,0,415,274,274,30390080,975714,148,166,0
455,1.183,0.392,0.000,1.576,1.674,474845,674558,0,415,274,274,30390080,975714,148,166,0
456,1.226,0.391,0.000,1.617,1.676,474845,674558,0,415,274,274,30390080,975714,148,166,0
457,1.209,0.397,0.000,1.607,1.714,474845,674558,0,415,274,274,30390080,975714,148,166,0
458,1.191,0.404,0.000,1.594,1.709,474845,674558,0,415,274,274,30390080,975714,148,166,0
459,1.210,0.438,0.000,1.648,1.694,474845,674558,0,415,274,274,30390080,975714,148,166,0
460,1.206,0.396,0.000,1.602,1.743,474845,674558,0,415,274,274,30390080,975714,148,166,0
461,1.209,0.397,0.000,1.606,1.696,474845,674558,0,415,274,274,30390080,975714,148,166,0
462,1.193,0.407,0.000,1.600,1.701,474845,674558,0,415,274,274,30390080,975714,148,166,0
463,1.202,0.391,0.000,1.593,1.695,474845,674558,0,415,274,274,30390080,975714,148,166,0
464,1.209,0.376,0.000,1.585,1.683,474845,674558,0,415,274,274,30390080,975714,148,166,0
465,1.206,0.384,0.000,1.590,1.678,474845,674558,0,415,274,274,30390080,975714,148,166,0
466,1.201,0.377,0.000,1.578,1.696,474845,674558,0,415,274,274,30390080,975714,148,166,0
467,1.204,0.385,0.000,1.589,1.671,474845,674558,0,415,274,274,30390080,975714,148,166,0
468,1.210,0.404,0.000,1.614,1.682,474845,674558,0,415,274,274,30390080,975714,148,166,0
469,1.230,0.415,0.000,1.645,1.708,474845,674558,0,415,274,274,30390080,975714,148,166,0
470,1.204,0.403,0.000,1.607,1.739,474845,674558,0,415,274,274,30390080,975714,148,166,0
471,1.195,0.385,0.000,1.580,1.700,474845,674558,0,415,274,274,30390080,975714,148,166,0
472,1.203,0.380,0.000,1.583,1.675,474845,674558,0,415,274,274,30390080,975714,148,166,0
473,1.219,0.385,0.000,1.604,1.679,474845,674558,0,415,274,274,30390080,975714,148,166,0
474,1.207,0.397,0.000,1.604,1.697,474845,674558,0,415,274,274,30390080,975714,148,166,0
475,1.191,0.395,0.000,1.586,1.700,474845,674558,0,415,274,274,30390080,975714,148,166,0
476,1.207,0.416,0.000,1.623,1.678,474845,674558,0,415,274,274,30390080,975714,148,166,0
477,1.205,0.409,0.000,1.614,1.717,474845,674558,0,415,274,274,30390080,975714,148,166,0
478,1.199,0.361,0.000,1.560,1.709,474845,674558,0,415,274,274,30390080,975714,148,166,0
479,1.212,0.410,0.000,1.622,1.663,474845,674558,0,415,274,274,30390080,975714,148,166,0
480,1.212,0.387,0.000,1.599,1.715,474845,674558,0,415,274,274,30390080,975714,148,166,0
481,1.211,0.398,0.000,1.609,1.691,474845,674558,0,415,274,274,30390080,975714,148,166,0
482,1.203,0.409,0.000,1.612,1.702,474845,674558,0,415,274,274,30390080,975714,148,166,0
483,1.222,0.395,0.000,1.616,1.706,474845,674558,0,415,274,274,30390080,975714,148,166,0
484,1.196,0.419,0.000,1.615,1.709,474845,674558,0,415,274,274,30390080,975714,148,166,0
485,1.215,0.397,0.000,1.612,1.714,474845,674558,0,415,274,274,30390080,975714,148,166,0
486,1.205,0.406,0.000,1.612,1.708,474845,674558,0,415,274,274,30390080,975714,148,166,0
487,1.208,0.409,0.000,1.617,1.707,474845,674558,0,415,274,274,30390080,975714,148,166,0
488,1.212,0.402,0.000,1.614,1.699,474845,674558,0,415,274,274,30390080,975714,148,166,0
489,1.207,0.403,0.000,1.611,1.705,474845,674558,0,415,274,274,30390080,975714,148,166,0
490,1.216,0.399,0.000,1.615,1.705,474845,674558,0,415,274,274,30390080,975714,148,166,0
491,1.222,0.395,0.000,1.617,1.709,474845,674558,0,415,274,274,30390080,975714,148,166,0
492,1.252,0.424,0.000,1.676,1.734,474845,674558,0,415,274,274,30390080,975714,148,166,0
493,1.223,0.388,0.000,1.611,1.772,474845,674558,0,415,274,274,30390080,975714,148,166,0
494,1.213,0.417,0.000,1.630,1.704,474845,674558,0,415,274,274,30390080,975714,148,166,0
495,1.192,0.405,0.000,1.597,1.723,474845,674558,0,415,274,274,30390080,975714,148,166,0
496,1.183,0.383,0.000,1.565,1.692,474845,674558,0,415,274,274,30390080,975714,148,166,0
497,1.214,0.399,0.000,1.613,1.659,474845,674558,0,415,274,274,30390080,975714,148,166,0
498,1.239,0.408,0.000,1.647,1.707,474845,674558,0,415,274,274,30390080,975714,148,166,0
499,1.194,0.385,0.000,1.579,1.745,474845,674558,0,415,274,274,30390080,975714,148,166,0
500,1.198,0.383,0.000,1.581,1.675,474845,674558,0,415,274,274,30390080,975714,148,166,0
501,1.190,0.370,0.000,1.560,1.683,474845,674558,0,415,274,274,30390080,975714,148,166,0
502,1.147,0.382,0.000,1.528,1.653,474845,674558,0,415,274,274,30390080,975714,148,166,0
503,1.126,0.388,0.000,1.513,1.623,474845,674558,0,415,274,274,30390080,975714,148,166,0
504,1.117,0.390,0.000,1.506,1.611,474845,674558,0,415,274,274,30390080,975714,148,166,0
505,1.209,0.366,0.000,1.574,1.608,474845,674558,0,415,274,274,30390080,975714,148,166,0
506,1.190,0.378,0.000,1.569,1.676,474845,674558,0,415,274,274,30390080,975714,148,166,0
507,1.138,0.381,0.000,1.519,1.664,474845,674558,0,415,274,274,30390080,975714,148,166,0
508,1.123,0.382,0.000,1.504,1.620,474845,674558,0,415,274,274,30390080,975714,148,166,0
509,1.216,0.389,0.000,1.605,1.606,474845,674558,0,415,274,274,30390080,975714,148,166,0
510,1.218,0.410,0.000,1.629,1.700,474845,674558,0,415,274,274,30390080,975714,148,166,0
511,1.206,0.373,0.000,1.579,1.723,474845,674558,0,415,274,274,30390080,975714,148,166,0
512,1.236,0.405,0.000,1.641,1.681,474845,674558,0,415,274,274,30390080,975714,148,166,0
513,1.199,0.374,0.000,1.572,1.736,474845,674558,0,415,274,274,30390080,975714,148,166,0
514,1.243,0.443,0.000,1.686,1.681,474845,674558,0,415,274,274,30390080,975714,148,166,0
515,1.213,0.405,0.000,1.618,1.792,474845,674558,0,415,274,274,30390080,975714,148,166,0
516,1.170,0.399,0.000,1.569,1.714,474845,674558,0,415,274,274,30390080,975714,148,166,0
517,1.166,0.389,0.000,1.555,1.670,474845,674558,0,415,274,274,30390080,975714,148,166,0
518,1.140,0.389,0.000,1.529,1.650,474845,674558,0,415,274,274,30390080,975714,148,166,0
519,1.135,0.393,0.000,1.528,1.634,474845,674558,0,415,274,274,30390080,975714,148,166,0
520,1.177,0.387,0.000,1.564,1.634,474845,674558,0,415,274,274,30390080,975714,148,166,0
521,1.212,0.416,0.000,1.628,1.655,474845,674558,0,415,274,274,30390080,975714,148,166,0
522,1.234,0.403,0.000,1.637,1.724,474845,674558,0,415,274,274,30390080,975714,148,166,0
523,1.216,0.406,0.000,1.622,1.730,474845,674558,0,415,274,274,30390080,975714,148,166,0
524,1.208,0.415,0.000,1.624,1.714,474845,674558,0,415,274,274,30390080,975714,148,166,0
525,1.229,0.408,0.000,1.637,1.719,474845,674558,0,415,274,274,30390080,975714,148,166,0
526,1.211,0.389,0.000,1.600,1.732,474845,674558,0,415,274,274,30390080,975714,148,166,0
527,1.222,0.428,0.000,1.650,1.697,474845,674558,0,415,274,274,30390080,975714,148,166,0
528,1.242,0.416,0.000,1.658,1.744,474845,674558,0,415,274,274,30390080,975714,148,166,0
529,1.227,0.390,0.000,1.616,1.753,474845,674558,0,415,274,274,30390080,975714,148,166,0
530,1.235,0.392,0.000,1.627,1.712,474845,674558,0,415,274,274,30390080,975714,148,166,0
531,1.226,0.394,0.000,1.621,1.721,474845,674558,0,415,274,274,30390080,975714,148,166,0
532,1.210,0.417,0.000,1.627,1.713,474845,674558,0,415,274,274,30390080,975714,148,166,0
533,1.213,0.398,0.000,1.612,1.717,474845,674558,0,415,274,274,30390080,975714,148,166,0
534,1.201,0.394,0.000,1.595,1.711,474845,674558,0,415,274,274,30390080,975714,148,166,0
535,1.208,0.416,0.000,1.624,1.695,474845,674558,0,415,274,274,30390080,975714,148,166,0
536,1.213,0.398,0.000,1.611,1.738,474845,674558,0,415,274,274,30390080,975714,148,166,0
537,1.212,0.405,0.000,1.617,1.704,474845,674558,0,415,274,274,30390080,975714,148,166,0
538,1.237,0.427,0.000,1.664,1.710,474845,674558,0,415,274,274,30390080,975714,148,166,0
539,1.195,0.404,0.000,1.599,1.758,474845,674558,0,415,274,274,30390080,975714,148,166,0
540,1.239,0.393,0.000,1.632,1.700,474845,674558,0,415,274,274,30390080,975714,148,166,0
541,1.219,0.416,0.000,1.635,1.725,474845,674558,0,415,274,274,30390080,975714,148,166,0
542,1.225,0.392,0.000,1.618,1.724,474845,674558,0,415,274,274,30390080,975714,148,166,0
543,1.187,0.402,0.000,1.589,1.709,474845,674558,0,415,274,274,30390080,975714,148,166,0
544,1.197,0.422,0.000,1.618,1.684,474845,674558,0,415,274,274,30390080,975714,148,166,0
545,1.206,0.387,0.000,1.593,1.714,474845,674558,0,415,274,274,30390080,975714,148,166,0
546,1.219,0.412,0.000,1.631,1.687,474845,674558,0,415,274,274,30390080,975714,148,166,0
547,1.205,0.393,0.000,1.598,1.725,474845,674558,0,415,274,274,30390080,975714,148,166,0
548,1.215,0.382,0.000,1.597,1.691,474845,674558,0,415,274,274,30390080,975714,148,166,0
549,1.191,0.387,0.000,1.578,1.692,474845,674558,0,415,274,274,30390080,975714,148,166,0
550,1.181,0.402,0.000,1.583,1.677,474845,674558,0,415,274,274,30390080,975714,148,166,0
551,1.219,0.407,0.000,1.625,1.676,474845,674558,0,415,274,274,30390080,975714,148,166,0
552,1.191,0.407,0.000,1.598,1.722,474845,674558,0,415,274,274,30390080,975714,148,166,0
553,1.218,0.390,0.000,1.608,1.692,474845,674558,0,415,274,274,30390080,975714,148,166,0
554,1.224,0.412,0.000,1.636,1.702,474845,674558,0,415,274,274,30390080,975714,148,166,0
555,1.190,0.401,0.000,1.591,1.734,474845,674558,0,415,274,274,30390080,975714,148,166,0
556,1.222,0.414,0.000,1.637,1.682,474845,674558,0,415,274,274,30390080,975714,148,166,0
557,1.200,0.392,0.000,1.591,1.733,474845,674558,0,415,274,274,30390080,975714,148,166,0
558,1.213,0.409,0.000,1.622,1.682,474845,674558,0,415,274,274,30390080,975714,148,166,0
559,1.207,0.381,0.000,1.588,1.749,474845,674558,0,415,274,274,30390080,975714,148,166,0
560,1.201,0.394,0.000,1.594,1.679,474845,674558,0,415,274,274,30390080,975714,148,166,0
561,1.218,0.406,0.000,1.624,1.693,474845,674558,0,415,274,274,30390080,975714,148,166,0
562,1.234,0.396,0.000,1.630,1.715,474845,674558,0,415,274,274,30390080,975714,148,166,0
563,1.201,0.389,0.000,1.589,1.725,474845,674558,0,415,274,274,30390080,975714,148,166,0
564,1.188,0.400,0.000,1.588,1.688,474845,674558,0,415,274,274,30390080,975714,148,166,0
565,1.187,0.386,0.000,1.573,1.698,474845,674558,0,415,274,274,30390080,975714,148,166,0
566,1.175,0.371,0.000,1.547,1.673,474845,674558,0,415,274,274,30390080,975714,148,166,0
567,1.181,0.368,0.000,1.549,1.643,474845,674558,0,415,274,274,30390080,975714,148,166,0
568,1.157,0.402,0.000,1.560,1.654,474845,674558,0,415,274,274,30390080,975714,148,166,0
569,1.188,0.371,0.000,1.559,1.661,474845,674558,0,415,274,274,30390080,975714,148,166,0
570,1.192,0.397,0.000,1.589,1.653,474845,674558,0,415,274,274,30390080,975714,148,166,0
571,1.195,0.382,0.000,1.577,1.685,474845,674558,0,415,274,274,30390080,975714,148,166,0
572,1.216,0.402,0.000,1.618,1.672,474845,674558,0,415,274,274,30390080,975714,148,166,0
573,1.217,0.414,0.000,1.632,1.711,474845,674558,0,415,274,274,30390080,975714,148,166,0
574,1.174,0.369,0.000,1.544,1.725,474845,674558,0,415,274,274,30390080,975714,148,166,0
575,1.176,0.402,0.000,1.579,1.641,474845,674558,0,415,274,274,30390080,975714,148,166,0
576,1.191,0.408,0.000,1.599,1.686,474845,674558,0,415,274,274,30390080,975714,148,166,0
577,1.223,0.412,0.000,1.635,1.697,474845,674558,0,415,274,274,30390080,975714,148,166,0
578,1.215,0.389,0.000,1.604,1.734,474845,674558,0,415,274,274,30390080,975714,148,166,0
579,1.221,0.381,0.000,1.602,1.699,474845,674558,0,415,274,274,30390080,975714,148,166,0
580,1.162,0.381,0.000,1.542,1.698,474845,674558,0,415,274,274,30390080,975714,148,166,0
581,1.213,0.410,0.000,1.623,1.637,474845,674558,0,415,274,274,30390080,975714,148,166,0
582,1.193,0.402,0.000,1.595,1.719,474845,674558,0,415,274,274,30390080,975714,148,166,0
583,1.189,0.393,0.000,1.583,1.691,474845,674558,0,415,274,274,30390080,975714,148,166,0
584,1.217,0.397,0.000,1.613,1.676,474845,674558,0,415,274,274,30390080,975714,148,166,0
585,1.197,0.400,0.000,1.597,1.707,474845,674558,0,415,274,274,30390080,975714,148,166,0
586,1.210,0.398,0.000,1.608,1.689,474845,674558,0,415,274,274,30390080,975714,148,166,0
587,1.220,0.394,0.000,1.614,1.706,474845,674558,0,415,274,274,30390080,975714,148,166,0
588,1.197,0.413,0.000,1.609,1.705,474845,674558,0,415,274,274,30390080,975714,148,166,0
589,1.203,0.428,0.000,1.631,1.703,474845,674558,0,415,274,274,30390080,975714,148,166,0
590,1.229,0.424,0.000,1.653,1.724,474845,674558,0,415,274,274,30390080,975714,148,166,0
591,1.187,0.408,0.000,1.596,1.751,474845,674558,0,415,274,274,30390080,975714,148,166,0
592,1.195,0.415,0.000,1.611,1.691,474845,674558,0,415,274,274,30390080,975714,148,166,0
593,1.197,0.390,0.000,1.587,1.705,474845,674558,0,415,274,274,30390080,975714,148,166,0
594,1.244,0.379,0.000,1.623,1.689,474845,674558,0,415,274,274,30390080,975714,148,166,0
595,1.210,0.394,0.000,1.604,1.718,474845,674558,0,415,274,274,30390080,975714,148,166,0
596,1.219,0.396,0.000,1.615,1.697,474845,674558,0,415,274,274,30390080,975714,148,166,0
597,1.199,0.404,0.000,1.602,1.712,474845,674558,0,415,274,274,30390080,975714,148,166,0
598,1.193,0.406,0.000,1.599,1.697,474845,674558,0,415,274,274,30390080,975714,148,166,0
599,1.196,0.398,0.000,1.594,1.694,474845,674558,0,415,274,274,30390080,975714,148,166,0
600,1.196,0.405,0.000,1.601,1.689,474845,674558,0,415,274,274,30390080,975714,148,166,0
601,1.201,0.386,0.000,1.587,1.696,474845,674558,0,415,274,274,30390080,975714,148,166,0
602,1.186,0.383,0.000,1.569,1.679,474845,674558,0,415,274,274,30390080,975714,148,166,0
603,1.190,0.394,0.000,1.584,1.664,474845,674558,0,415,274,274,30390080,975714,148,166,0
604,1.210,0.400,0.000,1.610,1.679,474845,674558,0,415,274,274,30390080,975714,148,166,0
605,1.203,0.410,0.000,1.613,1.716,474845,674558,0,415,274,274,30390080,975714,148,166,0
606,1.222,0.402,0.000,1.623,1.706,474845,674558,0,415,274,274,30390080,975714,148,166,0
607,1.201,0.412,0.000,1.613,1.715,474845,674558,0,415,274,274,30390080,975714,148,166,0
608,1.207,0.392,0.000,1.598,1.706,474845,674558,0,415,274,274,30390080,975714,148,166,0
609,1.204,0.418,0.000,1.623,1.696,474845,674558,0,415,274,274,30390080,975714,148,166,0
610,1.184,0.410,0.000,1.594,1.715,474845,674558,0,415,274,274,30390080,975714,148,166,0
611,1.232,0.407,0.000,1.640,1.689,474845,674558,0,415,274,274,30390080,975714,148,166,0
612,1.202,0.395,0.000,1.598,1.737,474845,674558,0,415,274,274,30390080,975714,148,166,0
613,1.224,0.410,0.000,1.634,1.691,474845,674558,0,415,274,274,30390080,975714,148,166,0
614,1.215,0.405,0.000,1.620,1.727,474845,674558,0,415,274,274,30390080,975714,148,166,0
615,1.219,0.412,0.000,1.631,1.716,474845,674558,0,415,274,274,30390080,975714,148,166,0
616,1.218,0.412,0.000,1.630,1.722,474845,674558,0,415,274,274,30390080,975714,148,166,0
617,1.199,0.402,0.000,1.602,1.724,474845,674558,0,415,274,274,30390080,975714,148,166,0
618,1.222,0.415,0.000,1.638,1.696,474845,674558,0,415,274,274,30390080,975714,148,166,0
619,1.197,0.416,0.000,1.613,1.730,474845,674558,0,415,274,274,30390080,975714,148,166,0
620,1.209,0.407,0.000,1.616,1.707,474845,674558,0,415,274,274,30390080,975714,148,166,0
621,1.210,0.396,0.000,1.606,1.707,474845,674558,0,415,274,274,30390080,975714,148,166,0
622,1.226,0.384,0.000,1.610,1.701,474845,674558,0,415,274,274,30390080,975714,148,166,0
623,1.204,0.407,0.000,1.610,1.704,474845,674558,0,415,274,274,30390080,975714,148,166,0
624,1.201,0.388,0.000,1.590,1.704,474845,674558,0,415,274,274,30390080,975714,148,166,0
625,1.233,0.419,0.000,1.652,1.686,474845,674558,0,415,274,274,30390080,975714,148,166,0
626,1.177,0.408,0.000,1.586,1.746,474845,674558,0,415,274,274,30390080,975714,148,166,0
627,1.155,0.372,0.000,1.527,1.683,474845,674558,0,415,274,274,30390080,975714,148,166,0
628,1.153,0.371,0.000,1.524,1.621,474845,674558,0,415,274,274,30390080,975714,148,166,0
629,1.221,0.397,0.000,1.617,1.631,474845,674558,0,415,274,274,30390080,975714,148,166,0
630,1.206,0.410,0.000,1.616,1.711,474845,674558,0,415,274,274,30390080,975714,148,166,0
631,1.204,0.379,0.000,1.583,1.710,474845,674558,0,415,274,274,30390080,975714,148,166,0
632,1.220,0.406,0.000,1.627,1.677,474845,674558,0,415,274,274,30390080,975714,148,166,0
633,1.199,0.378,0.000,1.578,1.721,474845,674558,0,415,274,274,30390080,975714,148,166,0
634,1.214,0.416,0.000,1.630,1.672,474845,674558,0,415,274,274,30390080,975714,148,166,0
635,1.225,0.381,0.000,1.605,1.724,474845,674558,0,415,274,274,30390080,975714,148,166,0
636,1.211,0.408,0.000,1.619,1.697,474845,674558,0,415,274,274,30390080,975714,148,166,0
637,1.204,0.389,0.000,1.594,1.712,474845,674558,0,415,274,274,30390080,975714,148,166,0
638,1.177,0.379,0.000,1.556,1.690,474845,674558,0,415,274,274,30390080,975714,148,166,0
639,1.212,0.376,0.000,1.588,1.666,474845,674558,0,415,274,274,30390080,975714,148,166,0
640,1.218,0.405,0.000,1.623,1.681,474845,674558,0,415,274,274,30390080,975714,148,166,0
641,1.188,0.397,0.000,1.586,1.717,474845,674558,0,415,274,274,30390080,975714,148,166,0
642,1.209,0.391,0.000,1.600,1.686,474845,674558,0,415,274,274,30390080,975714,148,166,0
643,1.212,0.392,0.000,1.603,1.695,474845,674558,0,415,274,274,30390080,975714,148,166,0
644,1.239,0.404,0.000,1.643,1.700,474845,674558,0,415,274,274,30390080,975714,148,166,0
645,1.237,0.384,0.000,1.620,1.734,474845,674558,0,415,274,274,30390080,975714,148,166,0
646,1.216,0.394,0.000,1.610,1.717,474845,674558,0,415,274,274,30390080,975714,148,166,0
647,1.131,0.396,0.000,1.528,1.706,474845,674558,0,415,274,274,30390080,975714,148,166,0
648,1.221,0.413,0.000,1.633,1.641,474845,674558,0,415,274,274,30390080,975714,148,166,0
649,1.219,0.396,0.000,1.615,1.731,474845,674558,0,415,274,274,30390080,975714,148,166,0
650,1.208,0.403,0.000,1.611,1.708,474845,674558,0,415,274,274,30390080,975714,148,166,0
651,1.212,0.402,0.000,1.614,1.707,474845,674558,0,415,274,274,30390080,975714,148,166,0
652,1.219,0.401,0.000,1.620,1.734,474845,674558,0,415,274,274,30390080,975714,148,166,0
653,1.230,0.397,0.000,1.627,1.716,474845,674558,0,415,274,274,30390080,975714,148,166,0
654,1.212,0.405,0.000,1.617,1.717,474845,674558,0,415,274,274,30390080,975714,148,166,0
655,1.203,0.425,0.000,1.628,1.710,474845,674558,0,415,274,274,30390080,975714,148,166,0
656,1.216,0.397,0.000,1.613,1.722,474845,674558,0,415,274,274,30390080,975714,148,166,0
657,1.201,0.418,0.000,1.619,1.708,474845,674558,0,415,274,274,30390080,975714,148,166,0
658,1.223,0.389,0.000,1.612,1.718,474845,674558,0,415,274,274,30390080,975714,148,166,0
659,1.202,0.407,0.000,1.609,1.704,474845,674558,0,415,274,274,30390080,975714,148,166,0
660,1.220,0.397,0.000,1.618,1.704,474845,674558,0,415,274,274,30390080,975714,148,166,0
661,1.209,0.399,0.000,1.608,1.710,474845,674558,0,415,274,274,30390080,975714,148,166,0
662,1.198,0.410,0.000,1.608,1.703,474845,674558,0,415,274,274,30390080,975714,148,166,0
663,1.241,0.411,0.000,1.652,1.703,474845,674558,0,415,274,274,30390080,975714,148,166,0
664,1.199,0.409,0.000,1.608,1.744,474845,674558,0,415,274,274,30390080,975714,148,166,0
665,1.215,0.392,0.000,1.606,1.701,474845,674558,0,415,274,274,30390080,975714,148,166,0
666,1.238,0.450,0.000,1.688,1.704,474845,674558,0,415,274,274,30390080,975714,148,166,0
667,1.215,0.407,0.000,1.622,1.792,474845,674558,0,415,274,274,30390080,975714,148,166,0
668,1.186,0.445,0.000,1.631,1.724,474845,674558,0,415,274,274,30390080,975714,148,166,0
669,1.211,0.404,0.000,1.615,1.729,474845,674558,0,415,274,274,30390080,975714,148,166,0
670,1.261,0.407,0.000,1.668,1.708,474845,674558,0,415,274,274,30390080,975714,148,166,0
671,1.203,0.393,0.000,1.596,1.765,474845,674558,0,415,274,274,30390080,975714,148,166,0
672,1.188,0.401,0.000,1.589,1.692,474845,674558,0,415,274,274,30390080,975714,148,166,0
673,1.207,0.398,0.000,1.605,1.683,474845,674558,0,415,274,274,30390080,975714,148,166,0
674,1.199,0.404,0.000,1.603,1.699,474845,674558,0,415,274,274,30390080,975714,148,166,0
675,1.248,0.383,0.000,1.630,1.699,474845,674558,0,415,274,274,30390080,975714,148,166,0
676,1.217,0.407,0.000,1.624,1.724,474845,674558,0,415,274,274,30390080,975714,148,166,0
677,1.188,0.402,0.000,1.590,1.718,474845,674558,0,415,274,274,30390080,975714,148,166,0
678,1.204,0.407,0.000,1.611,1.683,474845,674558,0,415,274,274,30390080,975714,148,166,0
679,1.149,0.381,0.000,1.529,1.706,474845,674558,0,415,274,274,30390080,975714,148,166,0
680,1.244,0.415,0.000,1.659,1.633,474845,674558,0,415,274,274,30390080,975714,148,166,0
681,1.217,0.404,0.000,1.621,1.758,474845,674558,0,415,274,274,30390080,975714,148,166,0
682,1.208,0.396,0.000,1.604,1.718,474845,674558,0,415,274,274,30390080,975714,148,166,0
683,1.205,0.370,0.000,1.575,1.696,474845,674558,0,415,274,274,30390080,975714,148,166,0
684,1.221,0.412,0.000,1.633,1.670,474845,674558,0,415,274,274,30390080,975714,148,166,0
685,1.223,0.387,0.000,1.610,1.727,474845,674558,0,415,274,274,30390080,975714,148,166,0
686,1.198,0.376,0.000,1.575,1.702,474845,674558,0,415,274,274,30390080,975714,148,166,0
687,1.199,0.395,0.000,1.594,1.675,474845,674558,0,415,274,274,30390080,975714,148,166,0
688,1.197,0.399,0.000,1.596,1.688,474845,674558,0,415,274,274,30390080,975714,148,166,0
689,1.226,0.446,0.000,1.672,1.690,474845,674558,0,415,274,274,30390080,975714,148,166,0
690,1.215,0.406,0.000,1.620,1.769,474845,674558,0,415,274,274,30390080,975714,148,166,0
691,1.194,0.391,0.000,1.585,1.716,474845,674558,0,415,274,274,30390080,975714,148,166,0
692,1.204,0.417,0.000,1.622,1.678,474845,674558,0,415,274,274,30390080,975714,148,166,0
693,1.217,0.426,0.000,1.643,1.721,474845,674558,0,415,274,274,30390080,975714,148,166,0
694,1.222,0.387,0.000,1.609,1.740,474845,674558,0,415,274,274,30390080,975714,148,166,0
695,1.196,0.399,0.000,1.595,1.704,474845,674558,0,415,274,274,30390080,975714,148,166,0
696,1.220,0.388,0.000,1.609,1.693,474845,674558,0,415,274,274,30390080,975714,148,166,0
697,1.209,0.383,0.000,1.592,1.709,474845,674558,0,415,274,274,30390080,975714,148,166,0
698,1.206,0.409,0.000,1.615,1.690,474845,674558,0,415,274,274,30390080,975714,148,166,0
699,1.191,0.423,0.000,1.614,1.723,474845,674558,0,415,274,274,30390080,975714,148,166,0
700,1.229,0.419,0.000,1.648,1.705,474845,674558,0,415,274,274,30390080,975714,148,166,0
701,1.236,0.396,0.000,1.632,1.741,474845,674558,0,415,274,274,30390080,975714,148,166,0
702,1.189,0.407,0.000,1.596,1.724,474845,674558,0,415,274,274,30390080,975714,148,166,0
703,1.205,0.407,0.000,1.612,1.691,474845,674558,0,415,274,274,30390080,975714,148,166,0
704,1.209,0.426,0.000,1.636,1.709,474845,674558,0,415,274,274,30390080,975714,148,166,0
705,1.218,0.393,0.000,1.611,1.730,474845,674558,0,415,274,274,30390080,975714,148,166,0
706,1.223,0.406,0.000,1.629,1.702,474845,674558,0,415,274,274,30390080,975714,148,166,0
707,1.227,0.402,0.000,1.629,1.721,474845,674558,0,415,274,274,30390080,975714,148,166,0
708,1.214,0.394,0.000,1.608,1.722,474845,674558,0,415,274,274,30390080,975714,148,166,0
709,1.231,0.396,0.000,1.627,1.704,474845,674558,0,415,274,274,30390080,975714,148,166,0
710,1.204,0.410,0.000,1.613,1.720,474845,674558,0,415,274,274,30390080,975714,148,166,0
711,1.217,0.416,0.000,1.633,1.705,474845,674558,0,415,274,274,30390080,975714,148,166,0
712,1.202,0.415,0.000,1.617,1.729,474845,674558,0,415,274,274,30390080,975714,148,166,0
713,1.208,0.411,0.000,1.619,1.712,474845,674558,0,415,274,274,30390080,975714,148,166,0
714,1.210,0.407,0.000,1.617,1.710,474845,674558,0,415,274,274,30390080,975714,148,166,0
715,1.215,0.402,0.000,1.617,1.708,474845,674558,0,415,274,274,30390080,975714,148,166,0
716,1.219,0.384,0.000,1.604,1.707,474845,674558,0,415,274,274,30390080,975714,148,166,0
717,1.211,0.384,0.000,1.595,1.703,474845,674558,0,415,274,274,30390080,975714,148,166,0
718,1.210,0.395,0.000,1.605,1.689,474845,674558,0,415,274,274,30390080,975714,148,166,0
719,1.230,0.385,0.000,1.615,1.698,474845,674558,0,415,274,274,30390080,975714,148,166,0
720,1.217,0.407,0.000,1.624,1.709,474845,674558,0,415,274,274,30390080,975714,148,166,0
721,1.214,0.389,0.000,1.602,1.723,474845,674558,0,415,274,274,30390080,975714,148,166,0
722,1.208,0.389,0.000,1.596,1.699,474845,674558,0,415,274,274,30390080,975714,148,166,0
723,1.210,0.396,0.000,1.606,1.693,474845,674558,0,415,274,274,30390080,975714,148,166,0
724,1.241,0.417,0.000,1.658,1.699,474845,674558,0,415,274,274,30390080,975714,148,166,0
725,1.201,0.392,0.000,1.593,1.750,474845,674558,0,415,274,274,30390080,975714,148,166,0
726,1.204,0.389,0.000,1.593,1.691,474845,674558,0,415,274,274,30390080,975714,148,166,0
727,1.190,0.390,0.000,1.580,1.688,474845,674558,0,415,274,274,30390080,975714,148,166,0
728,1.203,0.404,0.000,1.607,1.670,474845,674558,0,415,274,274,30390080,975714,148,166,0
729,1.212,0.406,0.000,1.618,1.702,474845,674558,0,415,274,274,30390080,975714,148,166,0
730,1.192,0.376,0.000,1.568,1.711,474845,674558,0,415,274,274,30390080,975714,148,166,0
731,1.228,0.422,0.000,1.650,1.668,474845,674558,0,415,274,274,30390080,975714,148,166,0
732,1.202,0.409,0.000,1.611,1.745,474845,674558,0,415,274,274,30390080,975714,148,166,0
733,1.215,0.416,0.000,1.631,1.703,474845,674558,0,415,274,274,30390080,975714,148,166,0
734,1.227,0.398,0.000,1.625,1.723,474845,674558,0,415,274,274,30390080,975714,148,166,0
735,1.224,0.419,0.000,1.643,1.718,474845,674558,0,415,274,274,30390080,975714,148,166,0
736,1.251,0.400,0.000,1.651,1.751,474845,674558,0,415,274,274,30390080,975714,148,166,0
737,1.240,0.387,0.000,1.627,1.745,474845,674558,0,415,274,274,30390080,975714,148,166,0
738,1.221,0.412,0.000,1.633,1.721,474845,674558,0,415,274,274,30390080,975714,148,166,0
739,1.219,0.406,0.000,1.625,1.730,474845,674558,0,415,274,274,30390080,975714,148,166,0
740,1.223,0.425,0.000,1.648,1.720,474845,674558,0,415,274,274,30390080,975714,148,166,0
741,1.231,0.405,0.000,1.635,1.740,474845,674558,0,415,274,274,30390080,975714,148,166,0
742,1.213,0.422,0.000,1.635,1.728,474845,674558,0,415,274,274,30390080,975714,148,166,0
743,1.282,0.460,0.000,1.743,1.745,474845,674558,0,415,274,274,30390080,975714,148,166,0
744,1.296,0.404,0.000,1.701,1.843,474845,674558,0,415,274,274,30390080,975714,148,166,0
745,1.232,0.416,0.000,1.648,1.829,474845,674558,0,415,274,274,30390080,975714,148,166,0
746,1.242,0.421,0.000,1.663,1.743,474845,674558,0,415,274,274,30390080,975714,148,166,0
747,1.215,0.402,0.000,1.617,1.761,474845,674558,0,415,274,274,30390080,975714,148,166,0
748,1.230,0.458,0.000,1.688,1.712,474845,674558,0,415,274,274,30390080,975714,148,166,0
749,1.150,0.384,0.000,1.534,1.782,474845,674558,0,415,274,274,30390080,975714,148,166,0
750,1.199,0.424,0.000,1.623,1.648,474845,674558,0,415,274,274,30390080,975714,148,166,0
751,1.212,0.411,0.000,1.623,1.721,474845,674558,0,415,274,274,30390080,975714,148,166,0
752,1.208,0.396,0.000,1.605,1.720,474845,674558,0,415,274,274,30390080,975714,148,166,0
753,1.208,0.391,0.000,1.599,1.697,474845,674558,0,415,274,274,30390080,975714,148,166,0
754,1.238,0.394,0.000,1.632,1.697,474845,674558,0,415,274,274,30390080,975714,148,166,0
755,1.211,0.387,0.000,1.598,1.726,474845,674558,0,415,274,274,30390080,975714,148,166,0
756,1.197,0.407,0.000,1.604,1.691,474845,674558,0,415,274,274,30390080,975714,148,166,0
757,1.198,0.411,0.000,1.609,1.696,474845,674558,0,415,274,274,30390080,975714,148,166,0
758,1.242,0.417,0.000,1.658,1.702,474845,674558,0,415,274,274,30390080,975714,148,166,0
759,1.156,0.404,0.000,1.559,1.756,474845,674558,0,415,274,274,30390080,975714,148,166,0
760,1.207,0.400,0.000,1.607,1.655,474845,674558,0,415,274,274,30390080,975714,148,166,0
761,1.209,0.392,0.000,1.601,1.703,474845,674558,0,415,274,274,30390080,975714,148,166,0
762,1.183,0.405,0.000,1.588,1.692,474845,674558,0,415,274,274,30390080,975714,148,166,0
763,1.210,0.418,0.000,1.628,1.678,474845,674558,0,415,274,274,30390080,975714,148,166,0
764,1.219,0.407,0.000,1.627,1.722,474845,674558,0,415,274,274,30390080,975714,148,166,0
765,1.220,0.393,0.000,1.613,1.725,474845,674558,0,415,274,274,30390080,975714,148,166,0
766,1.176,0.413,0.000,1.589,1.706,474845,674558,0,415,274,274,30390080,975714,148,166,0
767,1.199,0.401,0.000,1.600,1.681,474845,674558,0,415,274,274,30390080,975714,148,166,0
768,1.176,0.382,0.000,1.559,1.699,474845,674558,0,415,274,274,30390080,975714,148,166,0
769,1.235,0.391,0.000,1.626,1.663,474845,674558,0,415,274,274,30390080,975714,148,166,0
770,1.226,0.406,0.000,1.632,1.726,474845,674558,0,415,274,274,30390080,975714,148,166,0
771,1.189,0.419,0.000,1.608,1.726,474845,674558,0,415,274,274,30390080,975714,148,166,0
772,1.221,0.433,0.000,1.654,1.701,474845,674558,0,415,274,274,30390080,975714,148,166,0
773,1.219,0.393,0.000,1.612,1.750,474845,674558,0,415,274,274,30390080,975714,148,166,0
774,1.196,0.391,0.000,1.587,1.709,474845,674558,0,415,274,274,30390080,975714,148,166,0
775,1.184,0.386,0.000,1.571,1.682,474845,674558,0,415,274,274,30390080,975714,148,166,0
776,1.222,0.407,0.000,1.629,1.662,474845,674558,0,415,274,274,30390080,975714,148,166,0
777,1.213,0.403,0.000,1.616,1.723,474845,674558,0,415,274,274,30390080,975714,148,166,0
778,1.218,0.419,0.000,1.637,1.709,474845,674558,0,415,274,274,30390080,975714,148,166,0
779,1.224,0.400,0.000,1.624,1.730,474845,674558,0,415,274,274,30390080,975714,148,166,0
780,1.224,0.391,0.000,1.615,1.715,474845,674558,0,415,274,274,30390080,975714,148,166,0
781,1.209,0.411,0.000,1.620,1.707,474845,674558,0,415,274,274,30390080,975714,148,166,0
782,1.209,0.399,0.000,1.608,1.713,474845,674558,0,415,274,274,30390080,975714,148,166,0
783,1.134,0.415,0.000,1.549,1.702,474845,674558,0,415,274,274,30390080,975714,148,166,0
784,1.127,0.381,0.000,1.508,1.631,474845,674558,0,415,274,274,30390080,975714,148,166,0
785,1.125,0.397,0.000,1.521,1.612,474845,674558,0,415,274,274,30390080,975714,148,166,0
786,1.209,0.391,0.000,1.601,1.620,474845,674558,0,415,274,274,30390080,975714,148,166,0
787,1.207,0.396,0.000,1.603,1.696,474845,674558,0,415,274,274,30390080,975714,148,166,0
788,1.207,0.385,0.000,1.592,1.695,474845,674558,0,415,274,274,30390080,975714,148,166,0
789,1.203,0.397,0.000,1.600,1.686,474845,674558,0,415,274,274,30390080,975714,148,166,0
790,1.221,0.382,0.000,1.603,1.696,474845,674558,0,415,274,274,30390080,975714,148,166,0
791,1.214,0.393,0.000,1.607,1.698,474845,674558,0,415,274,274,30390080,975714,148,166,0
792,1.180,0.405,0.000,1.585,1.703,474845,674558,0,415,274,274,30390080,975714,148,166,0
793,1.198,0.425,0.000,1.623,1.682,474845,674558,0,415,274,274,30390080,975714,148,166,0
794,1.223,0.376,0.000,1.599,1.716,474845,674558,0,415,274,274,30390080,975714,148,166,0
795,1.336,0.372,0.000,1.708,1.700,474845,674558,0,415,274,274,30390080,975714,148,166,0
796,1.215,0.402,0.000,1.617,1.801,474845,674558,0,415,274,274,30390080,975714,148,166,0
797,1.222,0.403,0.000,1.625,1.712,474845,674558,0,415,274,274,30390080,975714,148,166,0
798,1.217,0.403,0.000,1.620,1.722,474845,674558,0,415,274,274,30390080,975714,148,166,0
799,1.230,0.404,0.000,1.634,1.718,474845,674558,0,415,274,274,30390080,975714,148,166,0
800,1.216,0.378,0.000,1.594,1.725,474845,674558,0,415,274,274,30390080,975714,148,166,0
801,1.206,0.389,0.000,1.595,1.686,474845,674558,0,415,274,274,30390080,975714,148,166,0
802,1.204,0.377,0.000,1.581,1.691,474845,674558,0,415,274,274,30390080,975714,148,166,0
803,1.186,0.380,0.000,1.567,1.678,474845,674558,0,415,274,274,30390080,975714,148,166,0
804,1.210,0.405,0.000,1.615,1.667,474845,674558,0,415,274,274,30390080,975714,148,166,0
805,1.181,0.401,0.000,1.581,1.713,474845,674558,0,415,274,274,30390080,975714,148,166,0
806,1.200,0.382,0.000,1.583,1.679,474845,674558,0,415,274,274,30390080,975714,148,166,0
807,1.217,0.403,0.000,1.619,1.684,474845,674558,0,415,274,274,30390080,975714,148,166,0
808,1.247,0.403,0.000,1.650,1.712,474845,674558,0,415,274,274,30390080,975714,148,166,0
809,1.190,0.396,0.000,1.586,1.745,474845,674558,0,415,274,274,30390080,975714,148,166,0
810,1.182,0.400,0.000,1.582,1.680,474845,674558,0,415,274,274,30390080,975714,148,166,0
811,1.191,0.412,0.000,1.603,1.677,474845,674558,0,415,274,274,30390080,975714,148,166,0
812,1.220,0.401,0.000,1.621,1.698,474845,674558,0,415,274,274,30390080,975714,148,166,0
813,1.202,0.398,0.000,1.599,1.712,474845,674558,0,415,274,274,30390080,975714,148,166,0
814,1.235,0.396,0.000,1.631,1.691,474845,674558,0,415,274,274,30390080,975714,148,166,0
815,1.223,0.381,0.000,1.604,1.724,474845,674558,0,415,274,274,30390080,975714,148,166,0
816,1.201,0.407,0.000,1.608,1.697,474845,674558,0,415,274,274,30390080,975714,148,166,0
817,1.205,0.394,0.000,1.599,1.709,474845,674558,0,415,274,274,30390080,975714,148,166,0
818,1.221,0.396,0.000,1.617,1.691,474845,674558,0,415,274,274,30390080,975714,148,166,0
819,1.206,0.397,0.000,1.603,1.710,474845,674558,0,415,274,274,30390080,975714,148,166,0
820,1.189,0.387,0.000,1.576,1.694,474845,674558,0,415,274,274,30390080,975714,148,166,0
821,1.201,0.382,0.000,1.583,1.670,474845,674558,0,415,274,274,30390080,975714,148,166,0
822,1.195,0.409,0.000,1.604,1.674,474845,674558,0,415,274,274,30390080,975714,148,166,0
823,1.214,0.400,0.000,1.613,1.702,474845,674558,0,415,274,274,30390080,975714,148,166,0
824,1.194,0.383,0.000,1.577,1.706,474845,674558,0,415,274,274,30390080,975714,148,166,0
825,1.220,0.400,0.000,1.620,1.681,474845,674558,0,415,274,274,30390080,975714,148,166,0
826,1.195,0.388,0.000,1.583,1.713,474845,674558,0,415,274,274,30390080,975714,148,166,0
827,1.201,0.355,0.000,1.556,1.674,474845,674558,0,415,274,274,30390080,975714,148,166,0
828,1.172,0.447,0.000,1.619,1.650,474845,674558,0,415,274,274,30390080,975714,148,166,0
829,1.212,0.414,0.000,1.627,1.725,474845,674558,0,415,274,274,30390080,975714,148,166,0
830,1.205,0.420,0.000,1.625,1.719,474845,674558,0,415,274,274,30390080,975714,148,166,0
831,1.194,0.388,0.000,1.582,1.720,474845,674558,0,415,274,274,30390080,975714,148,166,0
832,1.213,0.390,0.000,1.603,1.675,474845,674558,0,415,274,274,30390080,975714,148,166,0
833,1.191,0.416,0.000,1.607,1.696,474845,674558,0,415,274,274,30390080,975714,148,166,0
834,1.194,0.378,0.000,1.572,1.703,474845,674558,0,415,274,274,30390080,975714,148,166,0
835,1.238,0.410,0.000,1.648,1.665,474845,674558,0,415,274,274,30390080,975714,148,166,0
836,1.216,0.407,0.000,1.624,1.740,474845,674558,0,415,274,274,30390080,975714,148,166,0
837,1.221,0.372,0.000,1.592,1.717,474845,674558,0,415,274,274,30390080,975714,148,166,0
838,1.209,0.414,0.000,1.623,1.685,474845,674558,0,415,274,274,30390080,975714,148,166,0
839,1.186,0.401,0.000,1.587,1.718,474845,674558,0,415,274,274,30390080,975714,148,166,0
840,1.207,0.389,0.000,1.596,1.680,474845,674558,0,415,274,274,30390080,975714,148,166,0
841,1.207,0.417,0.000,1.625,1.687,474845,674558,0,415,274,274,30390080,975714,148,166,0
842,1.193,0.379,0.000,1.572,1.718,474845,674558,0,415,274,274,30390080,975714,148,166,0
843,1.194,0.389,0.000,1.583,1.663,474845,674558,0,415,274,274,30390080,975714,148,166,0
844,1.225,0.414,0.000,1.639,1.682,474845,674558,0,415,274,274,30390080,975714,148,166,0
845,1.209,0.407,0.000,1.615,1.733,474845,674558,0,415,274,274,30390080,975714,148,166,0
846,1.207,0.412,0.000,1.619,1.705,474845,674558,0,415,274,274,30390080,975714,148,166,0
847,1.220,0.387,0.000,1.607,1.713,474845,674558,0,415,274,274,30390080,975714,148,166,0
848,1.198,0.403,0.000,1.601,1.703,474845,674558,0,415,274,274,30390080,975714,148,166,0
849,1.238,0.402,0.000,1.640,1.695,474845,674558,0,415,274,274,30390080,975714,148,166,0
850,1.215,0.411,0.000,1.626,1.731,474845,674558,0,415,274,274,30390080,975714,148,166,0
851,1.217,0.403,0.000,1.620,1.722,474845,674558,0,415,274,274,30390080,975714,148,166,0
852,1.204,0.405,0.000,1.608,1.712,474845,674558,0,415,274,274,30390080,975714,148,166,0
853,1.189,0.385,0.000,1.575,1.703,474845,674558,0,415,274,274,30390080,975714,148,166,0
854,1.206,0.415,0.000,1.621,1.671,474845,674558,0,415,274,274,30390080,975714,148,166,0
855,1.198,0.400,0.000,1.598,1.712,474845,674558,0,415,274,274,30390080,975714,148,166,0
856,1.217,0.422,0.000,1.639,1.690,474845,674558,0,415,274,274,30390080,975714,148,166,0
857,1.208,0.394,0.000,1.602,1.733,474845,674558,0,415,274,274,30390080,975714,148,166,0
858,1.218,0.405,0.000,1.624,1.696,474845,674558,0,415,274,274,30390080,975714,148,166,0
859,1.218,0.405,0.000,1.623,1.719,474845,674558,0,415,274,274,30390080,975714,148,166,0
860,1.205,0.393,0.000,1.598,1.717,474845,674558,0,415,274,274,30390080,975714,148,166,0
861,1.197,0.372,0.000,1.570,1.690,474845,674558,0,415,274,274,30390080,975714,148,166,0
862,1.202,0.416,0.000,1.618,1.663,474845,674558,0,415,274,274,30390080,975714,148,166,0
863,1.230,0.398,0.000,1.628,1.715,474845,674558,0,415,274,274,30390080,975714,148,166,0
864,1.195,0.389,0.000,1.584,1.722,474845,674558,0,415,274,274,30390080,975714,148,166,0
865,1.234,0.396,0.000,1.630,1.687,474845,674558,0,415,274,274,30390080,975714,148,166,0
866,1.176,0.370,0.000,1.546,1.726,474845,674558,0,415,274,274,30390080,975714,148,166,0
867,1.220,0.390,0.000,1.609,1.640,474845,674558,0,415,274,274,30390080,975714,148,166,0
868,1.167,0.449,0.000,1.615,1.708,474845,674558,0,415,274,274,30390080,975714,148,166,0
869,1.289,0.395,0.000,1.683,1.733,474845,674558,0,415,274,274,30390080,975714,148,166,0
870,1.272,0.434,0.000,1.706,1.778,474845,674558,0,415,274,274,30390080,975714,148,166,0
871,1.242,0.394,0.000,1.636,1.801,474845,674558,0,415,274,274,30390080,975714,148,166,0
872,1.235,0.408,0.000,1.643,1.729,474845,674558,0,415,274,274,30390080,975714,148,166,0
873,1.206,0.411,0.000,1.617,1.735,474845,674558,0,415,274,274,30390080,975714,148,166,0
874,1.220,0.399,0.000,1.619,1.715,474845,674558,0,415,274,274,30390080,975714,148,166,0
875,1.223,0.415,0.000,1.638,1.713,474845,674558,0,415,274,274,30390080,975714,148,166,0
876,1.206,0.421,0.000,1.627,1.735,474845,674558,0,415,274,274,30390080,975714,148,166,0
877,1.213,0.408,0.000,1.621,1.718,474845,674558,0,415,274,274,30390080,975714,148,166,0
878,1.193,0.412,0.000,1.605,1.713,474845,674558,0,415,274,274,30390080,975714,148,166,0
879,1.211,0.399,0.000,1.610,1.699,474845,674558,0,415,274,274,30390080,975714,148,166,0
880,1.206,0.406,0.000,1.612,1.705,474845,674558,0,415,274,274,30390080,975714,148,166,0
881,1.244,0.396,0.000,1.640,1.707,474845,674558,0,415,274,274,30390080,975714,148,166,0
882,1.224,0.399,0.000,1.623,1.734,474845,674558,0,415,274,274,30390080,975714,148,166,0
883,1.179,0.395,0.000,1.574,1.716,474845,674558,0,415,274,274,30390080,975714,148,166,0
884,1.217,0.387,0.000,1.604,1.670,474845,674558,0,415,274,274,30390080,975714,148,166,0
885,1.209,0.396,0.000,1.605,1.701,474845,674558,0,415,274,274,30390080,975714,148,166,0
886,1.218,0.391,0.000,1.610,1.705,474845,674558,0,415,274,274,30390080,975714,148,166,0
887,1.209,0.405,0.000,1.615,1.707,474845,674558,0,415,274,274,30390080,975714,148,166,0
888,1.203,0.406,0.000,1.609,1.715,474845,674558,0,415,274,274,30390080,975714,148,166,0
889,1.206,0.404,0.000,1.610,1.704,474845,674558,0,415,274,274,30390080,975714,148,166,0
890,1.246,0.423,0.000,1.669,1.705,474845,674558,0,415,274,274,30390080,975714,148,166,0
891,1.193,0.404,0.000,1.596,1.763,474845,674558,0,415,274,274,30390080,975714,148,166,0
892,1.207,0.412,0.000,1.619,1.691,474845,674558,0,415,274,274,30390080,975714,148,166,0
893,1.201,0.417,0.000,1.618,1.715,474845,674558,0,415,274,274,30390080,975714,148,166,0
894,1.226,0.416,0.000,1.642,1.717,474845,674558,0,415,274,274,30390080,975714,148,166,0
895,1.202,0.405,0.000,1.607,1.737,474845,674558,0,415,274,274,30390080,975714,148,166,0
896,1.213,0.415,0.000,1.628,1.699,474845,674558,0,415,274,274,30390080,975714,148,166,0
897,1.234,0.385,0.000,1.618,1.722,474845,674558,0,415,274,274,30390080,975714,148,166,0
898,1.211,0.401,0.000,1.612,1.715,474845,674558,0,415,274,274,30390080,975714,148,166,0
899,1.207,0.408,0.000,1.615,1.708,474845,674558,0,415,274,274,30390080,975714,148,166,0
900,1.246,0.407,0.000,1.654,1.705,474845,674558,0,415,274,274,30390080,975714,148,166,0
901,1.204,0.430,0.000,1.634,1.746,474845,674558,0,415,274,274,30390080,975714,148,166,0
902,1.715,0.381,0.000,2.096,1.725,474845,674558,0,415,274,274,30390080,975714,148,166,0
903,1.255,0.415,0.000,1.670,2.200,474845,674558,0,415,274,274,30390080,975714,148,166,0
904,1.248,0.410,0.000,1.658,1.770,474845,674558,0,415,274,274,30390080,975714,148,166,0
905,1.167,0.362,0.000,1.529,1.751,474845,674558,0,415,274,274,30390080,975714,148,166,0
906,1.239,0.398,0.000,1.637,1.623,474845,674558,0,415,274,274,30390080,975714,148,166,0
907,1.200,0.398,0.000,1.598,1.731,474845,674558,0,415,274,274,30390080,975714,148,166,0
908,1.225,0.395,0.000,1.621,1.695,474845,674558,0,415,274,274,30390080,975714,148,166,0
909,1.203,0.389,0.000,1.591,1.713,474845,674558,0,415,274,274,30390080,975714,148,166,0
910,1.217,0.415,0.000,1.632,1.684,474845,674558,0,415,274,274,30390080,975714,148,166,0
911,1.216,0.401,0.000,1.617,1.731,474845,674558,0,415,274,274,30390080,975714,148,166,0
912,1.215,0.390,0.000,1.604,1.711,474845,674558,0,415,274,274,30390080,975714,148,166,0
913,1.210,0.410,0.000,1.620,1.697,474845,674558,0,415,274,274,30390080,975714,148,166,0
914,1.201,0.402,0.000,1.604,1.714,474845,674558,0,415,274,274,30390080,975714,148,166,0
915,1.184,0.382,0.000,1.565,1.695,474845,674558,0,415,274,274,30390080,975714,148,166,0
916,1.178,0.394,0.000,1.572,1.659,474845,674558,0,415,274,274,30390080,975714,148,166,0
917,1.218,0.395,0.000,1.613,1.671,474845,674558,0,415,274,274,30390080,975714,148,166,0
918,1.203,0.399,0.000,1.602,1.706,474845,674558,0,415,274,274,30390080,975714,148,166,0
919,1.232,0.398,0.000,1.631,1.697,474845,674558,0,415,274,274,30390080,975714,148,166,0
920,1.225,0.371,0.000,1.596,1.724,474845,674558,0,415,274,274,30390080,975714,148,166,0
921,1.208,0.410,0.000,1.619,1.689,474845,674558,0,415,274,274,30390080,975714,148,166,0
922,1.225,0.402,0.000,1.627,1.718,474845,674558,0,415,274,274,30390080,975714,148,166,0
923,1.209,0.368,0.000,1.577,1.721,474845,674558,0,415,274,274,30390080,975714,148,166,0
924,1.214,0.404,0.000,1.618,1.670,474845,674558,0,415,274,274,30390080,975714,148,166,0
925,1.200,0.405,0.000,1.605,1.712,474845,674558,0,415,274,274,30390080,975714,148,166,0
926,1.205,0.403,0.000,1.608,1.698,474845,674558,0,415,274,274,30390080,975714,148,166,0
927,1.213,0.381,0.000,1.594,1.702,474845,674558,0,415,274,274,30390080,975714,148,166,0
928,1.202,0.385,0.000,1.586,1.690,474845,674558,0,415,274,274,30390080,975714,148,166,0
929,1.221,0.404,0.000,1.625,1.679,474845,674558,0,415,274,274,30390080,975714,148,166,0
930,1.176,0.395,0.000,1.572,1.718,474845,674558,0,415,274,274,30390080,975714,148,166,0
931,1.198,0.385,0.000,1.583,1.671,474845,674558,0,415,274,274,30390080,975714,148,166,0
932,1.188,0.397,0.000,1.585,1.678,474845,674558,0,415,274,274,30390080,975714,148,166,0
933,1.190,0.415,0.000,1.605,1.679,474845,674558,0,415,274,274,30390080,975714,148,166,0
934,1.212,0.396,0.000,1.608,1.698,474845,674558,0,415,274,274,30390080,975714,148,166,0
935,1.216,0.409,0.000,1.625,1.702,474845,674558,0,415,274,274,30390080,975714,148,166,0
936,1.224,0.397,0.000,1.621,1.720,474845,674558,0,415,274,274,30390080,975714,148,166,0
937,1.233,0.403,0.000,1.637,1.712,474845,674558,0,415,274,274,30390080,975714,148,166,0
938,1.228,0.409,0.000,1.638,1.730,474845,674558,0,415,274,274,30390080,975714,148,166,0
939,1.194,0.406,0.000,1.600,1.732,474845,674558,0,415,274,274,30390080,975714,148,166,0
940,1.221,0.377,0.000,1.599,1.695,474845,674558,0,415,274,274,30390080,975714,148,166,0
941,1.187,0.419,0.000,1.606,1.696,474845,674558,0,415,274,274,30390080,975714,148,166,0
942,1.206,0.416,0.000,1.622,1.704,474845,674558,0,415,274,274,30390080,975714,148,166,0
943,1.268,0.442,0.000,1.710,1.715,474845,674558,0,415,274,274,30390080,975714,148,166,0
944,1.235,0.414,0.000,1.649,1.805,474845,674558,0,415,274,274,30390080,975714,148,166,0
945,1.206,0.408,0.000,1.613,1.743,474845,674558,0,415,274,274,30390080,975714,148,166,0
946,1.238,0.398,0.000,1.636,1.708,474845,674558,0,415,274,274,30390080,975714,148,166,0
947,1.226,0.405,0.000,1.631,1.732,474845,674558,0,415,274,274,30390080,975714,148,166,0
948,1.219,0.399,0.000,1.618,1.723,474845,674558,0,415,274,274,30390080,975714,148,166,0
949,1.224,0.413,0.000,1.637,1.710,474845,674558,0,415,274,274,30390080,975714,148,166,0
950,1.207,0.421,0.000,1.628,1.733,474845,674558,0,415,274,274,30390080,975714,148,166,0
951,1.208,0.412,0.000,1.620,1.722,474845,674558,0,415,274,274,30390080,975714,148,166,0
952,1.209,0.387,0.000,1.595,1.715,474845,674558,0,415,274,274,30390080,975714,148,166,0
953,1.207,0.385,0.000,1.592,1.688,474845,674558,0,415,274,274,30390080,975714,148,166,0
954,1.230,0.410,0.000,1.640,1.690,474845,674558,0,415,274,274,30390080,975714,148,166,0
955,1.217,0.401,0.000,1.619,1.739,474845,674558,0,415,274,274,30390080,975714,148,166,0
956,1.208,0.397,0.000,1.604,1.710,474845,674558,0,415,274,274,30390080,975714,148,166,0
957,1.196,0.390,0.000,1.586,1.705,474845,674558,0,415,274,274,30390080,975714,148,166,0
958,1.232,0.397,0.000,1.629,1.680,474845,674558,0,415,274,274,30390080,975714,148,166,0
959,1.229,0.416,0.000,1.645,1.723,474845,674558,0,415,274,274,30390080,975714,148,166,0
960,1.205,0.407,0.000,1.612,1.744,474845,674558,0,415,274,274,30390080,975714,148,166,0
961,1.192,0.412,0.000,1.605,1.703,474845,674558,0,415,274,274,30390080,975714,148,166,0
962,1.187,0.403,0.000,1.590,1.698,474845,674558,0,415,274,274,30390080,975714,148,166,0
963,1.233,0.410,0.000,1.643,1.683,474845,674558,0,415,274,274,30390080,975714,148,166,0
964,1.191,0.399,0.000,1.590,1.735,474845,674558,0,415,274,274,30390080,975714,148,166,0
965,1.216,0.379,0.000,1.595,1.683,474845,674558,0,415,274,274,30390080,975714,148,166,0
966,1.204,0.398,0.000,1.602,1.687,474845,674558,0,415,274,274,30390080,975714,148,166,0
967,1.201,0.410,0.000,1.610,1.695,474845,674558,0,415,274,274,30390080,975714,148,166,0
968,1.253,0.406,0.000,1.660,1.705,474845,674558,0,415,274,274,30390080,975714,148,166,0
969,1.252,0.410,0.000,1.662,1.753,474845,674558,0,415,274,274,30390080,975714,148,166,0
970,1.242,0.405,0.000,1.647,1.754,474845,674558,0,415,274,274,30390080,975714,148,166,0
971,1.214,0.416,0.000,1.629,1.740,474845,674558,0,415,274,274,30390080,975714,148,166,0
972,1.208,0.408,0.000,1.616,1.722,474845,674558,0,415,274,274,30390080,975714,148,166,0
973,1.227,0.387,0.000,1.615,1.711,474845,674558,0,415,274,274,30390080,975714,148,166,0
974,1.205,0.397,0.000,1.602,1.709,474845,674558,0,415,274,274,30390080,975714,148,166,0
975,1.224,0.394,0.000,1.618,1.698,474845,674558,0,415,274,274,30390080,975714,148,166,0
976,1.224,0.382,0.000,1.606,1.714,474845,674558,0,415,274,274,30390080,975714,148,166,0
977,1.208,0.392,0.000,1.600,1.700,474845,674558,0,415,274,274,30390080,975714,148,166,0
978,1.229,0.390,0.000,1.618,1.694,474845,674558,0,415,274,274,30390080,975714,148,166,0
979,1.232,0.401,0.000,1.633,1.710,474845,674558,0,415,274,274,30390080,975714,148,166,0
980,1.203,0.382,0.000,1.584,1.724,474845,674558,0,415,274,274,30390080,975714,148,166,0
981,1.203,0.383,0.000,1.585,1.677,474845,674558,0,415,274,274,30390080,975714,148,166,0
982,1.216,0.390,0.000,1.606,1.682,474845,674558,0,415,274,274,30390080,975714,148,166,0
983,1.230,0.376,0.000,1.606,1.704,474845,674558,0,415,274,274,30390080,975714,148,166,0
984,1.206,0.400,0.000,1.606,1.706,474845,674558,0,415,274,274,30390080,975714,148,166,0
985,1.202,0.405,0.000,1.606,1.700,474845,674558,0,415,274,274,30390080,975714,148,166,0
986,1.193,0.373,0.000,1.567,1.700,474845,674558,0,415,274,274,30390080,975714,148,166,0
987,1.204,0.414,0.000,1.618,1.660,474845,674558,0,415,274,274,30390080,975714,148,166,0
988,1.234,0.397,0.000,1.630,1.715,474845,674558,0,415,274,274,30390080,975714,148,166,0
989,1.235,0.399,0.000,1.634,1.723,474845,674558,0,415,274,274,30390080,975714,148,166,0
990,1.193,0.383,0.000,1.576,1.727,474845,674558,0,415,274,274,30390080,975714,148,166,0
991,1.219,0.389,0.000,1.608,1.669,474845,674558,0,415,274,274,30390080,975714,148,166,0
992,1.217,0.398,0.000,1.615,1.728,474845,674558,0,415,274,274,30390080,975714,148,166,0
993,1.237,0.375,0.000,1.612,1.707,474845,674558,0,415,274,274,30390080,975714,148,166,0
994,1.198,0.383,0.000,1.581,1.712,474845,674558,0,415,274,274,30390080,975714,148,166,0
995,1.208,0.414,0.000,1.622,1.674,474845,674558,0,415,274,274,30390080,975714,148,166,0
996,1.212,0.410,0.000,1.623,1.716,474845,674558,0,415,274,274,30390080,975714,148,166,0
997,1.213,0.389,0.000,1.603,1.722,474845,674558,0,415,274,274,30390080,975714,148,166,0
998,1.216,0.398,0.000,1.614,1.694,474845,674558,0,415,274,274,30390080,975714,148,166,0
999,1.203,0.409,0.000,1.612,1.709,474845,674558,0,415,274,274,30390080,975714,148,166,0
1000,1.217,0.394,0.000,1.610,1.706,474845,674558,0,415,274,274,30390080,975714,148,166,0
1001,1.195,0.412,0.000,1.607,1.707,474845,674558,0,415,274,274,30390080,975714,148,166,0
1002,1.194,0.388,0.000,1.582,1.702,474845,674558,0,415,274,274,30390080,975714,148,166,0
1003,1.189,0.415,0.000,1.604,1.674,474845,674558,0,415,274,274,30390080,975714,148,166,0
1004,1.207,0.410,0.000,1.617,1.704,474845,674558,0,415,274,274,30390080,975714,148,166,0
1005,1.212,0.405,0.000,1.617,1.713,474845,674558,0,415,274,274,30390080,975714,148,166,0
1006,1.272,0.388,0.000,1.660,1.713,474845,674558,0,415,274,274,30390080,975714,148,166,0
1007,1.230,0.406,0.000,1.636,1.758,474845,674558,0,415,274,274,30390080,975714,148,166,0
1008,1.206,0.400,0.000,1.605,1.727,474845,674558,0,415,274,274,30390080,975714,148,166,0
1009,1.207,0.385,0.000,1.592,1.697,474845,674558,0,415,274,274,30390080,975714,148,166,0
1010,1.186,0.397,0.000,1.582,1.685,474845,674558,0,415,274,274,30390080,975714,148,166,0
1011,1.215,0.401,0.000,1.616,1.678,474845,674558,0,415,274,274,30390080,975714,148,166,0
1012,1.198,0.386,0.000,1.584,1.707,474845,674558,0,415,274,274,30390080,975714,148,166,0
1013,1.213,0.370,0.000,1.583,1.677,474845,674558,0,415,274,274,30390080,975714,148,166,0
1014,1.194,0.404,0.000,1.597,1.681,474845,674558,0,415,274,274,30390080,975714,148,166,0
1015,1.211,0.391,0.000,1.602,1.692,474845,674558,0,415,274,274,30390080,975714,148,166,0
1016,1.197,0.400,0.000,1.596,1.696,474845,674558,0,415,274,274,30390080,975714,148,166,0
1017,1.208,0.392,0.000,1.601,1.687,474845,674558,0,415,274,274,30390080,975714,148,166,0
1018,1.229,0.412,0.000,1.640,1.692,474845,674558,0,415,274,274,30390080,975714,148,166,0
1019,1.187,0.418,0.000,1.605,1.735,474845,674558,0,415,274,274,30390080,975714,148,166,0
1020,1.216,0.399,0.000,1.616,1.700,474845,674558,0,415,274,274,30390080,975714,148,166,0
1021,1.183,0.392,0.000,1.575,1.710,474845,674558,0,415,274,274,30390080,975714,148,166,0
1022,1.209,0.390,0.000,1.598,1.673,474845,674558,0,415,274,274,30390080,975714,148,166,0
1023,1.209,0.389,0.000,1.598,1.693,474845,674558,0,415,274,274,30390080,975714,148,166,0
1024,1.189,0.385,0.000,1.574,1.692,474845,674558,0,415,274,274,30390080,975714,148,166,0
1025,1.229,0.396,0.000,1.625,1.668,474845,674558,0,415,274,274,30390080,975714,148,166,0
1026,1.218,0.391,0.000,1.609,1.724,474845,674558,0,415,274,274,30390080,975714,148,166,0
1027,1.208,0.406,0.000,1.614,1.702,474845,674558,0,415,274,274,30390080,975714,148,166,0
1028,1.207,0.411,0.000,1.618,1.707,474845,674558,0,415,274,274,30390080,975714,148,166,0
1029,1.194,0.401,0.000,1.596,1.713,474845,674558,0,415,274,274,30390080,975714,148,166,0
1030,1.189,0.400,0.000,1.589,1.692,474845,674558,0,415,274,274,30390080,975714,148,166,0
1031,1.203,0.393,0.000,1.596,1.682,474845,674558,0,415,274,274,30390080,975714,148,166,0
1032,1.205,0.383,0.000,1.587,1.688,474845,674558,0,415,274,274,30390080,975714,148,166,0
1033,1.205,0.402,0.000,1.607,1.683,474845,674558,0,415,274,274,30390080,975714,148,166,0
1034,1.173,0.362,0.000,1.535,1.703,474845,674558,0,415,274,274,30390080,975714,148,166,0
1035,1.139,0.364,0.000,1.503,1.630,474845,674558,0,415,274,274,30390080,975714,148,166,0
1036,1.173,0.370,0.000,1.544,1.608,474845,674558,0,415,274,274,30390080,975714,148,166,0
1037,1.150,0.384,0.000,1.535,1.650,474845,674558,0,415,274,274,30390080,975714,148,166,0
1038,1.184,0.381,0.000,1.565,1.632,474845,674558,0,415,274,274,30390080,975714,148,166,0
1039,1.209,0.418,0.000,1.627,1.669,474845,674558,0,415,274,274,30390080,975714,148,166,0
1040,1.217,0.390,0.000,1.607,1.719,474845,674558,0,415,274,274,30390080,975714,148,166,0
1041,1.193,0.404,0.000,1.597,1.700,474845,674558,0,415,274,274,30390080,975714,148,166,0
1042,1.211,0.394,0.000,1.605,1.692,474845,674558,0,415,274,274,30390080,975714,148,166,0
1043,1.227,0.387,0.000,1.614,1.700,474845,674558,0,415,274,274,30390080,975714,148,166,0
1044,1.219,0.385,0.000,1.604,1.710,474845,674558,0,415,274,274,30390080,975714,148,166,0
1045,1.207,0.381,0.000,1.588,1.696,474845,674558,0,415,274,274,30390080,975714,148,166,0
1046,1.220,0.404,0.000,1.624,1.689,474845,674558,0,415,274,274,30390080,975714,148,166,0
1047,1.215,0.388,0.000,1.603,1.723,474845,674558,0,415,274,274,30390080,975714,148,166,0
1048,1.217,0.397,0.000,1.614,1.696,474845,674558,0,415,274,274,30390080,975714,148,166,0
1049,1.225,0.396,0.000,1.621,1.705,474845,674558,0,415,274,274,30390080,975714,148,166,0
1050,1.208,0.400,0.000,1.607,1.715,474845,674558,0,415,274,274,30390080,975714,148,166,0
1051,1.186,0.409,0.000,1.595,1.703,474845,674558,0,415,274,274,30390080,975714,148,166,0
1052,1.204,0.396,0.000,1.600,1.690,474845,674558,0,415,274,274,30390080,975714,148,166,0
1053,1.216,0.383,0.000,1.599,1.702,474845,674558,0,415,274,274,30390080,975714,148,166,0
1054,1.293,0.473,0.000,1.766,1.692,474845,674558,0,415,274,274,30390080,975714,148,166,0
1055,1.239,0.400,0.000,1.639,1.865,474845,674558,0,415,274,274,30390080,975714,148,166,0
1056,1.210,0.416,0.000,1.626,1.735,474845,674558,0,415,274,274,30390080,975714,148,166,0
1057,1.189,0.379,0.000,1.568,1.721,474845,674558,0,415,274,274,30390080,975714,148,166,0
1058,1.143,0.387,0.000,1.531,1.660,474845,674558,0,415,274,274,30390080,975714,148,166,0
1059,1.191,0.394,0.000,1.585,1.635,474845,674558,0,415,274,274,30390080,975714,148,166,0
1060,1.250,0.380,0.000,1.630,1.684,474845,674558,0,415,274,274,30390080,975714,148,166,0
1061,1.231,0.401,0.000,1.632,1.732,474845,674558,0,415,274,274,30390080,975714,148,166,0
1062,1.234,0.408,0.000,1.642,1.725,474845,674558,0,415,274,274,30390080,975714,148,166,0
1063,1.199,0.399,0.000,1.598,1.736,474845,674558,0,415,274,274,30390080,975714,148,166,0
1064,1.220,0.387,0.000,1.607,1.691,474845,674558,0,415,274,274,30390080,975714,148,166,0
1065,1.211,0.433,0.000,1.644,1.701,474845,674558,0,415,274,274,30390080,975714,148,166,0
1066,1.309,0.394,0.000,1.703,1.765,474845,674558,0,415,274,274,30390080,975714,148,166,0
1067,1.316,0.412,0.000,1.728,1.798,474845,674558,0,415,274,274,30390080,975714,148,166,0
1068,1.253,0.405,0.000,1.659,1.824,474845,674558,0,415,274,274,30390080,975714,148,166,0
1069,1.243,0.411,0.000,1.654,1.758,474845,674558,0,415,274,274,30390080,975714,148,166,0
1070,1.244,0.420,0.000,1.665,1.751,474845,674558,0,415,274,274,30390080,975714,148,166,0
1071,1.236,0.413,0.000,1.649,1.760,474845,674558,0,415,274,274,30390080,975714,148,166,0
1072,1.224,0.410,0.000,1.633,1.745,474845,674558,0,415,274,274,30390080,975714,148,166,0
1073,1.246,0.397,0.000,1.643,1.729,474845,674558,0,415,274,274,30390080,975714,148,166,0
1074,1.228,0.414,0.000,1.642,1.739,474845,674558,0,415,274,274,30390080,975714,148,166,0
1075,1.285,0.422,0.000,1.707,1.733,474845,674558,0,415,274,274,30390080,975714,148,166,0
1076,1.202,0.402,0.000,1.604,1.802,474845,674558,0,415,274,274,30390080,975714,148,166,0
1077,1.240,0.415,0.000,1.655,1.701,474845,674558,0,415,274,274,30390080,975714,148,166,0
1078,1.242,0.414,0.000,1.655,1.751,474845,674558,0,415,274,274,30390080,975714,148,166,0
1079,1.207,0.373,0.000,1.581,1.751,474845,674558,0,415,274,274,30390080,975714,148,166,0
1080,1.239,0.407,0.000,1.645,1.673,474845,674558,0,415,274,274,30390080,975714,148,166,0
1081,1.227,0.387,0.000,1.614,1.742,474845,674558,0,415,274,274,30390080,975714,148,166,0
1082,1.203,0.413,0.000,1.616,1.709,474845,674558,0,415,274,274,30390080,975714,148,166,0
1083,1.252,0.412,0.000,1.664,1.711,474845,674558,0,415,274,274,30390080,975714,148,166,0
1084,1.217,0.402,0.000,1.620,1.761,474845,674558,0,415,274,274,30390080,975714,148,166,0
1085,1.701,0.793,0.000,2.495,1.712,474845,674558,0,415,274,274,30390080,975714,148,166,0
1086,1.545,0.643,0.000,2.189,2.627,474845,674558,0,415,274,274,30390080,975714,148,166,0
1087,1.474,0.559,0.000,2.033,2.295,474845,674558,0,415,274,274,30390080,975714,148,166,0
1088,1.447,0.647,0.000,2.093,2.132,474845,674558,0,415,274,274,30390080,975714,148,166,0
1089,1.572,0.494,0.000,2.065,2.219,474845,674558,0,415,274,274,30390080,975714,148,166,0
1090,1.434,0.424,0.000,1.858,2.167,474845,674558,0,415,274,274,30390080,975714,148,166,0
1091,1.382,0.435,0.000,1.817,1.957,474845,674558,0,415,274,274,30390080,975714,148,166,0
1092,1.315,0.412,0.000,1.727,1.913,474845,674558,0,415,274,274,30390080,975714,148,166,0
1093,1.303,0.425,0.000,1.728,1.822,474845,674558,0,415,274,274,30390080,975714,148,166,0
1094,1.325,0.397,0.000,1.722,1.822,474845,674558,0,415,274,274,30390080,975714,148,166,0
1095,1.309,0.408,0.000,1.718,1.817,474845,674558,0,415,274,274,30390080,975714,148,166,0
1096,1.243,0.403,0.000,1.645,1.812,474845,674558,0,415,274,274,30390080,975714,148,166,0
1097,1.293,0.438,0.000,1.731,1.739,474845,674558,0,415,274,274,30390080,975714,148,166,0
1098,1.358,0.422,0.000,1.781,1.827,474845,674558,0,415,274,274,30390080,975714,148,166,0
1099,1.311,0.400,0.000,1.711,1.877,474845,674558,0,415,274,274,30390080,975714,148,166,0
1100,1.289,0.392,0.000,1.681,1.806,474845,674558,0,415,274,274,30390080,975714,148,166,0
1101,1.278,0.404,0.000,1.682,1.775,474845,674558,0,415,274,274,30390080,975714,148,166,0
1102,1.321,0.396,0.000,1.718,1.782,474845,674558,0,415,274,274,30390080,975714,148,166,0
1103,1.327,0.381,0.000,1.707,1.813,474845,674558,0,415,274,274,30390080,975714,148,166,0
1104,1.283,0.370,0.000,1.653,1.801,474845,674558,0,415,274,274,30390080,975714,148,166,0
1105,1.291,0.397,0.000,1.688,1.746,474845,674558,0,415,274,274,30390080,975714,148,166,0
1106,1.284,0.413,0.000,1.698,1.784,474845,674558,0,415,274,274,30390080,975714,148,166,0
1107,1.261,0.431,0.000,1.692,1.793,474845,674558,0,415,274,274,30390080,975714,148,166,0
1108,1.250,0.405,0.000,1.655,1.788,474845,674558,0,415,274,274,30390080,975714,148,166,0
1109,1.305,0.390,0.000,1.695,1.749,474845,674558,0,415,274,274,30390080,975714,148,166,0
1110,1.278,0.400,0.000,1.678,1.785,474845,674558,0,415,274,274,30390080,975714,148,166,0
1111,1.273,0.379,0.000,1.652,1.771,474845,674558,0,415,274,274,30390080,975714,148,166,0
1112,1.285,0.387,0.000,1.672,1.747,474845,674558,0,415,274,274,30390080,975714,148,166,0
1113,1.251,0.407,0.000,1.658,1.771,474845,674558,0,415,274,274,30390080,975714,148,166,0
1114,1.240,0.431,0.000,1.671,1.753,474845,674558,0,415,274,274,30390080,975714,148,166,0
1115,1.248,0.407,0.000,1.654,1.763,474845,674558,0,415,274,274,30390080,975714,148,166,0
1116,1.246,0.418,0.000,1.663,1.760,474845,674558,0,415,274,274,30390080,975714,148,166,0
1117,1.271,0.398,0.000,1.669,1.759,474845,674558,0,415,274,274,30390080,975714,148,166,0
1118,1.221,0.433,0.000,1.654,1.764,474845,674558,0,415,274,274,30390080,975714,148,166,0
1119,1.337,0.364,0.000,1.701,1.767,474845,674558,0,415,274,274,30390080,975714,148,166,0
1120,1.303,0.405,0.000,1.709,1.794,474845,674558,0,415,274,274,30390080,975714,148,166,0
1121,1.293,0.452,0.000,1.745,1.803,474845,674558,0,415,274,274,30390080,975714,148,166,0
1122,1.445,0.409,0.000,1.854,1.866,474845,674558,0,415,274,274,30390080,975714,148,166,0
1123,1.328,0.423,0.000,1.751,1.955,474845,674558,0,415,274,274,30390080,975714,148,166,0
1124,1.306,0.374,0.000,1.680,1.848,474845,674558,0,415,274,274,30390080,975714,148,166,0
1125,1.296,0.400,0.000,1.696,1.776,474845,674558,0,415,274,274,30390080,975714,148,166,0
1126,1.254,0.405,0.000,1.659,1.790,474845,674558,0,415,274,274,30390080,975714,148,166,0
1127,1.253,0.410,0.000,1.663,1.756,474845,674558,0,415,274,274,30390080,975714,148,166,0
1128,1.242,0.412,0.000,1.654,1.756,474845,674558,0,415,274,274,30390080,975714,148,166,0
1129,1.260,0.383,0.000,1.642,1.749,474845,674558,0,415,274,274,30390080,975714,148,166,0
1130,1.240,0.410,0.000,1.651,1.745,474845,674558,0,415,274,274,30390080,975714,148,166,0
1131,1.229,0.388,0.000,1.618,1.743,474845,674558,0,415,274,274,30390080,975714,148,166,0
1132,1.246,0.421,0.000,1.667,1.710,474845,674558,0,415,274,274,30390080,975714,148,166,0
1133,1.239,0.428,0.000,1.667,1.763,474845,674558,0,415,274,274,30390080,975714,148,166,0
1134,1.249,0.430,0.000,1.679,1.768,474845,674558,0,415,274,274,30390080,975714,148,166,0
1135,1.236,0.394,0.000,1.630,1.776,474845,674558,0,415,274,274,30390080,975714,148,166,0
1136,1.254,0.415,0.000,1.669,1.722,474845,674558,0,415,274,274,30390080,975714,148,166,0
1137,1.231,0.375,0.000,1.606,1.766,474845,674558,0,415,274,274,30390080,975714,148,166,0
1138,1.246,0.385,0.000,1.632,1.700,474845,674558,0,415,274,274,30390080,975714,148,166,0
1139,1.256,0.406,0.000,1.663,1.732,474845,674558,0,415,274,274,30390080,975714,148,166,0
1140,1.233,0.410,0.000,1.643,1.757,474845,674558,0,415,274,274,30390080,975714,148,166,0
1141,1.217,0.405,0.000,1.622,1.737,474845,674558,0,415,274,274,30390080,975714,148,166,0
1142,1.219,0.407,0.000,1.626,1.715,474845,674558,0,415,274,274,30390080,975714,148,166,0
1143,1.224,0.405,0.000,1.629,1.720,474845,674558,0,415,274,274,30390080,975714,148,166,0
1144,1.239,0.398,0.000,1.636,1.722,474845,674558,0,415,274,274,30390080,975714,148,166,0
1145,1.224,0.395,0.000,1.619,1.729,474845,674558,0,415,274,274,30390080,975714,148,166,0
1146,1.254,0.411,0.000,1.665,1.717,474845,674558,0,415,274,274,30390080,975714,148,166,0
1147,1.282,0.390,0.000,1.672,1.758,474845,674558,0,415,274,274,30390080,975714,148,166,0
1148,1.245,0.386,0.000,1.630,1.769,474845,674558,0,415,274,274,30390080,975714,148,166,0
1149,1.234,0.400,0.000,1.634,1.724,474845,674558,0,415,274,274,30390080,975714,148,166,0
1150,1.221,0.412,0.000,1.632,1.726,474845,674558,0,415,274,274,30390080,975714,148,166,0
1151,1.246,0.422,0.000,1.669,1.725,474845,674558,0,415,274,274,30390080,975714,148,166,0
1152,1.233,0.407,0.000,1.640,1.767,474845,674558,0,415,274,274,30390080,975714,148,166,0
1153,1.207,0.392,0.000,1.599,1.736,474845,674558,0,415,274,274,30390080,975714,148,166,0
1154,1.209,0.409,0.000,1.618,1.696,474845,674558,0,415,274,274,30390080,975714,148,166,0
1155,1.221,0.392,0.000,1.613,1.709,474845,674558,0,415,274,274,30390080,975714,148,166,0
1156,1.258,0.379,0.000,1.637,1.706,474845,674558,0,415,274,274,30390080,975714,148,166,0
1157,1.188,0.419,0.000,1.607,1.744,474845,674558,0,415,274,274,30390080,975714,148,166,0
1158,1.252,0.404,0.000,1.656,1.707,474845,674558,0,415,274,274,30390080,975714,148,166,0
1159,1.230,0.404,0.000,1.634,1.754,474845,674558,0,415,274,274,30390080,975714,148,166,0
1160,1.229,0.385,0.000,1.614,1.727,474845,674558,0,415,274,274,30390080,975714,148,166,0
1161,1.229,0.433,0.000,1.662,1.711,474845,674558,0,415,274,274,30390080,975714,148,166,0
1162,1.243,0.411,0.000,1.655,1.761,474845,674558,0,415,274,274,30390080,975714,148,166,0
1163,1.202,0.390,0.000,1.592,1.750,474845,674558,0,415,274,274,30390080,975714,148,166,0
1164,1.228,0.427,0.000,1.655,1.685,474845,674558,0,415,274,274,30390080,975714,148,166,0
1165,1.316,0.388,0.000,1.704,1.760,474845,674558,0,415,274,274,30390080,975714,148,166,0
1166,1.290,0.404,0.000,1.695,1.797,474845,674558,0,415,274,274,30390080,975714,148,166,0
1167,1.284,0.403,0.000,1.686,1.789,474845,674558,0,415,274,274,30390080,975714,148,166,0
1168,1.250,0.398,0.000,1.647,1.789,474845,674558,0,415,274,274,30390080,975714,148,166,0
1169,1.220,0.409,0.000,1.629,1.747,474845,674558,0,415,274,274,30390080,975714,148,166,0
1170,1.242,0.438,0.000,1.681,1.722,474845,674558,0,415,274,274,30390080,975714,148,166,0
1171,1.231,0.385,0.000,1.616,1.779,474845,674558,0,415,274,274,30390080,975714,148,166,0
1172,1.239,0.408,0.000,1.647,1.710,474845,674558,0,415,274,274,30390080,975714,148,166,0
1173,1.235,0.403,0.000,1.638,1.743,474845,674558,0,415,274,274,30390080,975714,148,166,0
1174,1.229,0.421,0.000,1.650,1.737,474845,674558,0,415,274,274,30390080,975714,148,166,0
1175,1.228,0.403,0.000,1.631,1.746,474845,674558,0,415,274,274,30390080,975714,148,166,0
1176,1.252,0.411,0.000,1.663,1.725,474845,674558,0,415,274,274,30390080,975714,148,166,0
1177,1.241,0.402,0.000,1.643,1.763,474845,674558,0,415,274,274,30390080,975714,148,166,0
1178,1.211,0.378,0.000,1.589,1.739,474845,674558,0,415,274,274,30390080,975714,148,166,0
1179,1.236,0.421,0.000,1.657,1.682,474845,674558,0,415,274,274,30390080,975714,148,166,0
1180,1.267,0.426,0.000,1.692,1.751,474845,674558,0,415,274,274,30390080,975714,148,166,0
1181,1.201,0.400,0.000,1.601,1.792,474845,674558,0,415,274,274,30390080,975714,148,166,0
1182,1.259,0.411,0.000,1.670,1.696,474845,674558,0,415,274,274,30390080,975714,148,166,0
1183,1.217,0.425,0.000,1.642,1.765,474845,674558,0,415,274,274,30390080,975714,148,166,0
1184,1.241,0.421,0.000,1.662,1.736,474845,674558,0,415,274,274,30390080,975714,148,166,0
1185,1.222,0.391,0.000,1.613,1.758,474845,674558,0,415,274,274,30390080,975714,148,166,0
1186,1.262,0.413,0.000,1.675,1.706,474845,674558,0,415,274,274,30390080,975714,148,166,0
1187,1.240,0.405,0.000,1.645,1.770,474845,674558,0,415,274,274,30390080,975714,148,166,0
1188,1.280,0.392,0.000,1.673,1.745,474845,674558,0,415,274,274,30390080,975714,148,166,0
1189,1.234,0.391,0.000,1.625,1.765,474845,674558,0,415,274,274,30390080,975714,148,166,0
1190,1.242,0.391,0.000,1.633,1.718,474845,674558,0,415,274,274,30390080,975714,148,166,0
1191,1.245,0.403,0.000,1.648,1.725,474845,674558,0,415,274,274,30390080,975714,148,166,0
1192,1.254,0.402,0.000,1.656,1.742,474845,674558,0,415,274,274,30390080,975714,148,166,0
1193,1.241,0.433,0.000,1.674,1.751,474845,674558,0,415,274,274,30390080,975714,148,166,0
1194,1.207,0.395,0.000,1.602,1.768,474845,674558,0,415,274,274,30390080,975714,148,166,0
1195,1.224,0.412,0.000,1.636,1.697,474845,674558,0,415,274,274,30390080,975714,148,166,0
1196,1.213,0.391,0.000,1.604,1.732,474845,674558,0,415,274,274,30390080,975714,148,166,0
1197,1.222,0.402,0.000,1.624,1.698,474845,674558,0,415,274,274,30390080,975714,148,166,0
1198,1.170,0.386,0.000,1.556,1.717,474845,674558,0,415,274,274,30390080,975714,148,166,0
1199,1.175,0.375,0.000,1.550,1.657,474845,674558,0,415,274,274,30390080,975714,148,166,0
1200,1.178,0.373,0.000,1.551,1.648,474845,674558,0,415,274,274,30390080,975714,148,166,0
