frame,update_ms,render_ms,swap_ms,frame_ms,loop_ms,total_vertices,visible_vertices,culled_vertices,total_batches,visible_batches,draw_calls,vbo_bytes,index_bytes,texture_binds,material_changes,reflection_passes
1,1.272,0.938,0.000,2.211,2.211,474845,674558,0,415,274,274,30390080,975714,148,166,0
2,1.326,0.800,0.000,2.126,2.482,474845,674558,0,415,274,274,30390080,975714,148,166,0
3,1.416,1.005,0.000,2.420,2.283,474845,674558,0,415,274,274,30390080,975714,148,166,0
4,1.572,0.815,0.000,2.387,3.442,474845,674558,0,415,274,274,30390080,975714,148,166,0
5,1.306,0.621,0.000,1.926,2.530,474845,674558,0,415,274,274,30390080,975714,148,166,0
6,1.304,0.599,0.000,1.903,2.078,474845,674558,0,415,274,274,30390080,975714,148,166,0
7,1.400,0.480,0.000,1.880,2.061,474845,674558,0,415,274,274,30390080,975714,148,166,0
8,1.519,0.582,0.000,2.101,1.996,474845,674558,0,415,274,274,30390080,975714,148,166,0
9,1.533,0.530,0.000,2.063,2.881,474845,674558,0,415,274,274,30390080,975714,148,166,0
10,1.433,0.454,0.000,1.888,2.183,474845,674558,0,415,274,274,30390080,975714,148,166,0
11,1.298,0.648,0.000,1.946,2.003,474845,674558,0,415,274,274,30390080,975714,148,166,0
12,1.234,0.940,0.000,2.174,2.075,474845,674558,0,415,274,274,30390080,975714,148,166,0
13,1.266,2.633,0.000,3.899,2.308,474845,674558,0,415,274,274,30390080,975714,148,166,0
14,1.372,0.563,0.000,1.936,5.152,474845,674558,0,415,274,274,30390080,975714,148,166,0
15,1.357,0.448,0.000,1.805,2.073,474845,674558,0,415,274,274,30390080,975714,148,166,0
16,1.430,0.455,0.000,1.886,1.914,474845,674558,0,415,274,274,30390080,975714,148,166,0
17,1.354,0.572,0.000,1.926,1.999,474845,674558,0,415,274,274,30390080,975714,148,166,0
18,1.283,0.743,0.000,2.027,2.070,474845,674558,0,415,274,274,30390080,975714,148,166,0
19,1.658,0.690,0.000,2.349,3.077,474845,674558,0,415,274,274,30390080,975714,148,166,0
20,1.652,0.599,0.000,2.251,2.539,474845,674558,0,415,274,274,30390080,975714,148,166,0
21,1.528,0.672,0.000,2.201,2.379,474845,674558,0,415,274,274,30390080,975714,148,166,0
22,1.528,0.733,0.000,2.261,2.480,474845,674558,0,415,274,274,30390080,975714,148,166,0
23,1.504,0.797,0.000,2.300,2.416,474845,674558,0,415,274,274,30390080,975714,148,166,0
24,1.478,0.809,0.000,2.288,2.428,474845,674558,0,415,274,274,30390080,975714,148,166,0
25,1.551,0.577,0.000,2.128,7.219,474845,674558,0,415,274,274,30390080,975714,148,166,0
26,1.480,0.459,0.000,1.939,2.279,474845,674558,0,415,274,274,30390080,975714,148,166,0
27,1.424,0.510,0.000,1.934,2.049,474845,674558,0,415,274,274,30390080,975714,148,166,0
28,1.392,0.820,0.000,2.213,2.041,474845,674558,0,415,274,274,30390080,975714,148,166,0
29,1.460,0.640,0.000,2.100,2.801,474845,674558,0,415,274,274,30390080,975714,148,166,0
30,1.278,0.651,0.000,1.929,2.214,474845,674558,0,415,274,274,30390080,975714,148,166,0
31,1.235,0.517,0.000,1.752,2.048,474845,674558,0,415,274,274,30390080,975714,148,166,0
32,1.376,0.494,0.000,1.871,1.884,474845,674558,0,415,274,274,30390080,975714,148,166,0
33,1.412,0.487,0.000,1.898,1.976,474845,674558,0,415,274,274,30390080,975714,148,166,0
34,1.285,0.569,0.000,1.854,2.020,474845,674558,0,415,274,274,30390080,975714,148,166,0
35,1.199,0.534,0.000,1.733,1.965,474845,674558,0,415,274,274,30390080,975714,148,166,0
36,1.349,0.831,0.000,2.180,1.924,474845,674558,0,415,274,274,30390080,975714,148,166,0
37,1.424,0.959,0.000,2.384,2.322,474845,674558,0,415,274,274,30390080,975714,148,166,0
38,1.485,0.577,0.000,2.063,2.772,474845,674558,0,415,274,274,30390080,975714,148,166,0
39,1.518,0.552,0.000,2.069,2.271,474845,674558,0,415,274,274,30390080,975714,148,166,0
40,1.384,0.752,0.000,2.135,3.892,474845,674558,0,415,274,274,30390080,975714,148,166,0
41,1.272,0.526,0.000,1.798,2.270,474845,674558,0,415,274,274,30390080,975714,148,166,0
42,1.327,0.504,0.000,1.832,1.945,474845,674558,0,415,274,274,30390080,975714,148,166,0
43,1.442,0.495,0.000,1.937,1.938,474845,674558,0,415,274,274,30390080,975714,148,166,0
44,1.503,0.464,0.000,1.967,2.048,474845,674558,0,415,274,274,30390080,975714,148,166,0
45,1.295,0.604,0.000,1.899,2.076,474845,674558,0,415,274,274,30390080,975714,148,166,0
46,1.258,1.009,0.000,2.267,2.028,474845,674558,0,415,274,274,30390080,975714,148,166,0
47,1.479,0.881,0.000,2.361,2.743,474845,674558,0,415,274,274,30390080,975714,148,166,0
48,1.528,0.859,0.000,2.388,2.481,474845,674558,0,415,274,274,30390080,975714,148,166,0
49,1.467,0.950,0.000,2.417,2.500,474845,674558,0,415,274,274,30390080,975714,148,166,0
50,1.694,0.785,0.000,2.480,2.527,474845,674558,0,415,274,274,30390080,975714,148,166,0
51,1.433,1.086,0.000,2.519,2.591,474845,674558,0,415,274,274,30390080,975714,148,166,0
52,1.614,0.932,0.000,2.545,2.657,474845,674558,0,415,274,274,30390080,975714,148,166,0
53,1.606,0.993,0.000,2.599,2.910,474845,674558,0,415,274,274,30390080,975714,148,166,0
54,1.521,0.803,0.000,2.325,4.988,474845,674558,0,415,274,274,30390080,975714,148,166,0
55,1.649,0.769,0.000,2.418,3.174,474845,674558,0,415,274,274,30390080,975714,148,166,0
56,1.450,0.754,0.000,2.204,2.512,474845,674558,0,415,274,274,30390080,975714,148,166,0
57,1.306,0.698,0.000,2.004,2.303,474845,674558,0,415,274,274,30390080,975714,148,166,0
58,1.254,0.435,0.000,1.689,2.108,474845,674558,0,415,274,274,30390080,975714,148,166,0
59,1.408,0.518,0.000,1.926,1.826,474845,674558,0,415,274,274,30390080,975714,148,166,0
60,1.427,0.471,0.000,1.898,2.012,474845,674558,0,415,274,274,30390080,975714,148,166,0
61,1.334,0.728,0.000,2.062,1.992,474845,674558,0,415,274,274,30390080,975714,148,166,0
62,1.518,0.636,0.000,2.154,3.216,474845,674558,0,415,274,274,30390080,975714,148,166,0
63,1.414,0.476,0.000,1.890,2.240,474845,674558,0,415,274,274,30390080,975714,148,166,0
64,1.221,0.699,0.000,1.920,1.975,474845,674558,0,415,274,274,30390080,975714,148,166,0
65,1.271,1.105,0.000,2.376,2.031,474845,674558,0,415,274,274,30390080,975714,148,166,0
66,1.446,0.813,0.000,2.260,3.094,474845,674558,0,415,274,274,30390080,975714,148,166,0
67,1.259,0.507,0.000,1.766,2.352,474845,674558,0,415,274,274,30390080,975714,148,166,0
68,1.435,0.949,0.000,2.384,1.858,474845,674558,0,415,274,274,30390080,975714,148,166,0
69,1.433,0.827,0.000,2.260,3.331,474845,674558,0,415,274,274,30390080,975714,148,166,0
70,1.409,0.537,0.000,1.946,2.360,474845,674558,0,415,274,274,30390080,975714,148,166,0
71,1.417,0.787,0.000,2.204,2.049,474845,674558,0,415,274,274,30390080,975714,148,166,0
72,1.432,0.817,0.000,2.249,2.367,474845,674558,0,415,274,274,30390080,975714,148,166,0
73,1.605,0.708,0.000,2.313,2.488,474845,674558,0,415,274,274,30390080,975714,148,166,0
74,1.552,0.552,0.000,2.104,2.511,474845,674558,0,415,274,274,30390080,975714,148,166,0
75,1.480,0.471,0.000,1.951,2.196,474845,674558,0,415,274,274,30390080,975714,148,166,0
76,1.494,0.595,0.000,2.089,2.034,474845,674558,0,415,274,274,30390080,975714,148,166,0
77,1.284,0.633,0.000,1.917,2.178,474845,674558,0,415,274,274,30390080,975714,148,166,0
78,1.454,0.976,0.000,2.430,2.017,474845,674558,0,415,274,274,30390080,975714,148,166,0
79,1.443,0.835,0.000,2.278,2.530,474845,674558,0,415,274,274,30390080,975714,148,166,0
80,1.387,0.976,0.000,2.363,2.378,474845,674558,0,415,274,274,30390080,975714,148,166,0
81,1.417,1.064,0.000,2.481,2.472,474845,674558,0,415,274,274,30390080,975714,148,166,0
82,1.421,0.661,0.000,2.082,2.587,474845,674558,0,415,274,274,30390080,975714,148,166,0
83,1.399,1.128,0.000,2.527,2.175,474845,674558,0,415,274,274,30390080,975714,148,166,0
84,1.537,0.718,0.000,2.256,2.648,474845,674558,0,415,274,274,30390080,975714,148,166,0
85,1.549,0.837,0.000,2.386,2.363,474845,674558,0,415,274,274,30390080,975714,148,166,0
86,1.579,0.666,0.000,2.244,2.559,474845,674558,0,415,274,274,30390080,975714,148,166,0
87,1.439,0.539,0.000,1.978,2.350,474845,674558,0,415,274,274,30390080,975714,148,166,0
88,1.488,0.496,0.000,1.984,2.068,474845,674558,0,415,274,274,30390080,975714,148,166,0
89,1.277,0.591,0.000,1.868,2.066,474845,674558,0,415,274,274,30390080,975714,148,166,0
90,1.237,0.922,0.000,2.159,1.953,474845,674558,0,415,274,274,30390080,975714,148,166,0
91,1.284,1.133,0.000,2.417,2.275,474845,674558,0,415,274,274,30390080,975714,148,166,0
92,1.343,0.894,0.000,2.238,2.548,474845,674558,0,415,274,274,30390080,975714,148,166,0
93,1.405,0.640,0.000,2.046,2.382,474845,674558,0,415,274,274,30390080,975714,148,166,0
94,1.535,0.772,0.000,2.307,2.208,474845,674558,0,415,274,274,30390080,975714,148,166,0
95,1.607,0.549,0.000,2.156,2.517,474845,674558,0,415,274,274,30390080,975714,148,166,0
96,1.434,0.463,0.000,1.898,2.243,474845,674558,0,415,274,274,30390080,975714,148,166,0
97,1.419,0.503,0.000,1.922,1.984,474845,674558,0,415,274,274,30390080,975714,148,166,0
98,1.226,0.841,0.000,2.067,2.007,474845,674558,0,415,274,274,30390080,975714,148,166,0
99,1.265,1.067,0.000,2.332,2.166,474845,674558,0,415,274,274,30390080,975714,148,166,0
100,1.245,1.129,0.000,2.374,2.455,474845,674558,0,415,274,274,30390080,975714,148,166,0
101,1.309,0.698,0.000,2.007,2.499,474845,674558,0,415,274,274,30390080,975714,148,166,0
102,1.383,0.611,0.000,1.994,2.143,474845,674558,0,415,274,274,30390080,975714,148,166,0
103,1.418,0.439,0.000,1.856,2.079,474845,674558,0,415,274,274,30390080,975714,148,166,0
104,1.413,0.540,0.000,1.954,1.941,474845,674558,0,415,274,274,30390080,975714,148,166,0
105,1.194,0.921,0.000,2.115,2.040,474845,674558,0,415,274,274,30390080,975714,148,166,0
106,1.271,1.088,0.000,2.358,2.224,474845,674558,0,415,274,274,30390080,975714,148,166,0
107,1.331,0.835,0.000,2.166,2.473,474845,674558,0,415,274,274,30390080,975714,148,166,0
108,1.571,0.834,0.000,2.405,2.280,474845,674558,0,415,274,274,30390080,975714,148,166,0
109,1.356,0.779,0.000,2.135,2.514,474845,674558,0,415,274,274,30390080,975714,148,166,0
110,1.374,0.477,0.000,1.852,2.229,474845,674558,0,415,274,274,30390080,975714,148,166,0
111,1.440,0.455,0.000,1.896,1.936,474845,674558,0,415,274,274,30390080,975714,148,166,0
112,1.237,0.827,0.000,2.063,1.980,474845,674558,0,415,274,274,30390080,975714,148,166,0
113,1.240,1.020,0.000,2.260,2.160,474845,674558,0,415,274,274,30390080,975714,148,166,0
114,1.235,0.787,0.000,2.022,2.371,474845,674558,0,415,274,274,30390080,975714,148,166,0
115,1.352,0.920,0.000,2.272,2.145,474845,674558,0,415,274,274,30390080,975714,148,166,0
116,1.413,0.495,0.000,1.908,2.420,474845,674558,0,415,274,274,30390080,975714,148,166,0
117,1.456,0.430,0.000,1.886,1.995,474845,674558,0,415,274,274,30390080,975714,148,166,0
118,1.295,0.555,0.000,1.850,1.968,474845,674558,0,415,274,274,30390080,975714,148,166,0
119,1.243,1.036,0.000,2.279,1.961,474845,674558,0,415,274,274,30390080,975714,148,166,0
120,1.284,0.954,0.000,2.238,2.384,474845,674558,0,415,274,274,30390080,975714,148,166,0
121,1.347,0.909,0.000,2.256,2.370,474845,674558,0,415,274,274,30390080,975714,148,166,0
122,1.376,0.786,0.000,2.162,2.355,474845,674558,0,415,274,274,30390080,975714,148,166,0
123,1.406,0.450,0.000,1.856,2.351,474845,674558,0,415,274,274,30390080,975714,148,166,0
124,1.480,0.449,0.000,1.929,1.950,474845,674558,0,415,274,274,30390080,975714,148,166,0
125,1.309,0.581,0.000,1.889,2.021,474845,674558,0,415,274,274,30390080,975714,148,166,0
126,1.255,1.166,0.000,2.421,1.976,474845,674558,0,415,274,274,30390080,975714,148,166,0
127,1.498,0.548,0.000,2.046,3.192,474845,674558,0,415,274,274,30390080,975714,148,166,0
128,1.273,0.767,0.000,2.039,2.133,474845,674558,0,415,274,274,30390080,975714,148,166,0
129,1.269,0.795,0.000,2.064,2.137,474845,674558,0,415,274,274,30390080,975714,148,166,0
130,1.334,0.919,0.000,2.253,2.192,474845,674558,0,415,274,274,30390080,975714,148,166,0
131,1.433,0.615,0.000,2.047,2.393,474845,674558,0,415,274,274,30390080,975714,148,166,0
132,1.585,0.463,0.000,2.048,2.129,474845,674558,0,415,274,274,30390080,975714,148,166,0
133,1.455,0.673,0.000,2.129,3.852,474845,674558,0,415,274,274,30390080,975714,148,166,0
134,1.544,0.735,0.000,2.279,4.012,474845,674558,0,415,274,274,30390080,975714,148,166,0
135,1.402,0.624,0.000,2.026,2.365,474845,674558,0,415,274,274,30390080,975714,148,166,0
136,1.401,0.742,0.000,2.144,2.120,474845,674558,0,415,274,274,30390080,975714,148,166,0
137,1.517,0.635,0.000,2.151,2.249,474845,674558,0,415,274,274,30390080,975714,148,166,0
138,1.255,0.507,0.000,1.762,2.237,474845,674558,0,415,274,274,30390080,975714,148,166,0
139,1.439,0.506,0.000,1.945,1.870,474845,674558,0,415,274,274,30390080,975714,148,166,0
140,1.420,0.468,0.000,1.888,2.043,474845,674558,0,415,274,274,30390080,975714,148,166,0
141,1.502,0.531,0.000,2.033,1.975,474845,674558,0,415,274,274,30390080,975714,148,166,0
142,1.270,0.840,0.000,2.110,2.123,474845,674558,0,415,274,274,30390080,975714,148,166,0
143,1.257,1.054,0.000,2.312,2.213,474845,674558,0,415,274,274,30390080,975714,148,166,0
144,1.339,0.863,0.000,2.202,2.410,474845,674558,0,415,274,274,30390080,975714,148,166,0
145,1.382,1.381,0.000,2.763,2.330,474845,674558,0,415,274,274,30390080,975714,148,166,0
146,1.553,0.546,0.000,2.099,4.209,474845,674558,0,415,274,274,30390080,975714,148,166,0
147,1.404,0.543,0.000,1.947,2.185,474845,674558,0,415,274,274,30390080,975714,148,166,0
148,1.273,0.611,0.000,1.884,2.037,474845,674558,0,415,274,274,30390080,975714,148,166,0
149,1.275,0.724,0.000,1.999,1.987,474845,674558,0,415,274,274,30390080,975714,148,166,0
150,1.543,0.847,0.000,2.389,2.104,474845,674558,0,415,274,274,30390080,975714,148,166,0
151,1.426,0.506,0.000,1.932,2.555,474845,674558,0,415,274,274,30390080,975714,148,166,0
152,1.466,0.473,0.000,1.938,2.018,474845,674558,0,415,274,274,30390080,975714,148,166,0
153,1.401,0.584,0.000,1.985,2.023,474845,674558,0,415,274,274,30390080,975714,148,166,0
154,1.227,0.817,0.000,2.044,2.073,474845,674558,0,415,274,274,30390080,975714,148,166,0
155,1.503,0.424,0.000,1.927,4.647,474845,674558,0,415,274,274,30390080,975714,148,166,0
156,1.610,0.406,0.000,2.016,2.054,474845,674558,0,415,274,274,30390080,975714,148,166,0
157,1.325,0.505,0.000,1.830,2.103,474845,674558,0,415,274,274,30390080,975714,148,166,0
158,1.218,0.483,0.000,1.700,1.916,474845,674558,0,415,274,274,30390080,975714,148,166,0
159,1.366,0.400,0.000,1.766,1.821,474845,674558,0,415,274,274,30390080,975714,148,166,0
160,1.404,0.391,0.000,1.795,1.846,474845,674558,0,415,274,274,30390080,975714,148,166,0
161,1.227,0.627,0.000,1.855,1.883,474845,674558,0,415,274,274,30390080,975714,148,166,0
162,1.226,0.645,0.000,1.872,1.960,474845,674558,0,415,274,274,30390080,975714,148,166,0
163,1.375,0.418,0.000,1.793,1.996,474845,674558,0,415,274,274,30390080,975714,148,166,0
164,1.939,0.425,0.000,2.365,2.132,474845,674558,0,415,274,274,30390080,975714,148,166,0
165,1.572,0.468,0.000,2.040,3.076,474845,674558,0,415,274,274,30390080,975714,148,166,0
166,1.535,0.567,0.000,2.102,2.137,474845,674558,0,415,274,274,30390080,975714,148,166,0
167,1.823,0.546,0.000,2.370,2.398,474845,674558,0,415,274,274,30390080,975714,148,166,0
168,1.541,0.798,0.000,2.339,3.744,474845,674558,0,415,274,274,30390080,975714,148,166,0
169,1.476,0.715,0.000,2.191,3.575,474845,674558,0,415,274,274,30390080,975714,148,166,0
170,1.261,0.605,0.001,1.867,2.303,474845,674558,0,415,274,274,30390080,975714,148,166,0
171,1.213,0.379,0.000,1.593,1.991,474845,674558,0,415,274,274,30390080,975714,148,166,0
172,1.382,0.479,0.000,1.862,1.682,474845,674558,0,415,274,274,30390080,975714,148,166,0
173,1.402,0.504,0.000,1.906,1.957,474845,674558,0,415,274,274,30390080,975714,148,166,0
174,1.182,0.406,0.000,1.588,1.991,474845,674558,0,415,274,274,30390080,975714,148,166,0
175,1.243,0.441,0.000,1.684,1.699,474845,674558,0,415,274,274,30390080,975714,148,166,0
176,1.389,0.394,0.000,1.783,1.764,474845,674558,0,415,274,274,30390080,975714,148,166,0
177,1.240,0.583,0.000,1.824,1.872,474845,674558,0,415,274,274,30390080,975714,148,166,0
178,1.215,0.452,0.000,1.667,1.915,474845,674558,0,415,274,274,30390080,975714,148,166,0
179,1.374,0.419,0.000,1.793,1.768,474845,674558,0,415,274,274,30390080,975714,148,166,0
180,1.425,0.438,0.000,1.863,1.931,474845,674558,0,415,274,274,30390080,975714,148,166,0
181,1.219,0.665,0.000,1.884,1.946,474845,674558,0,415,274,274,30390080,975714,148,166,0
182,1.238,0.444,0.000,1.683,2.435,474845,674558,0,415,274,274,30390080,975714,148,166,0
183,1.316,0.614,0.000,1.930,1.786,474845,674558,0,415,274,274,30390080,975714,148,166,0
184,1.580,0.834,0.000,2.414,3.744,474845,674558,0,415,274,274,30390080,975714,148,166,0
185,1.228,0.671,0.000,1.899,2.507,474845,674558,0,415,274,274,30390080,975714,148,166,0
186,1.463,0.481,0.000,1.944,2.042,474845,674558,0,415,274,274,30390080,975714,148,166,0
187,1.503,0.754,0.000,2.257,2.542,474845,674558,0,415,274,274,30390080,975714,148,166,0
188,1.418,0.489,0.000,1.907,2.387,474845,674558,0,415,274,274,30390080,975714,148,166,0
189,1.608,0.481,0.000,2.089,1.993,474845,674558,0,415,274,274,30390080,975714,148,166,0
190,1.338,0.497,0.000,1.835,2.168,474845,674558,0,415,274,274,30390080,975714,148,166,0
191,1.290,0.432,0.000,1.721,1.923,474845,674558,0,415,274,274,30390080,975714,148,166,0
192,1.286,0.478,0.000,1.765,1.818,474845,674558,0,415,274,274,30390080,975714,148,166,0
193,1.511,0.537,0.000,2.048,1.848,474845,674558,0,415,274,274,30390080,975714,148,166,0
194,1.573,0.594,0.000,2.167,2.150,474845,674558,0,415,274,274,30390080,975714,148,166,0
195,1.713,0.518,0.000,2.231,2.777,474845,674558,0,415,274,274,30390080,975714,148,166,0
196,1.567,0.658,0.000,2.225,2.845,474845,674558,0,415,274,274,30390080,975714,148,166,0
197,1.522,0.508,0.000,2.030,2.309,474845,674558,0,415,274,274,30390080,975714,148,166,0
198,1.348,0.646,0.000,1.995,2.112,474845,674558,0,415,274,274,30390080,975714,148,166,0
199,1.270,0.628,0.000,1.898,2.326,474845,674558,0,415,274,274,30390080,975714,148,166,0
200,1.212,0.367,0.000,1.579,1.991,474845,674558,0,415,274,274,30390080,975714,148,166,0
201,1.383,0.409,0.000,1.792,1.659,474845,674558,0,415,274,274,30390080,975714,148,166,0
202,1.365,0.463,0.000,1.828,1.874,474845,674558,0,415,274,274,30390080,975714,148,166,0
203,1.206,0.494,0.000,1.701,1.910,474845,674558,0,415,274,274,30390080,975714,148,166,0
204,1.360,0.667,0.000,2.026,3.042,474845,674558,0,415,274,274,30390080,975714,148,166,0
205,1.502,0.463,0.000,1.965,3.622,474845,674558,0,415,274,274,30390080,975714,148,166,0
206,1.390,0.527,0.000,1.917,2.050,474845,674558,0,415,274,274,30390080,975714,148,166,0
207,1.565,0.568,0.000,2.133,3.359,474845,674558,0,415,274,274,30390080,975714,148,166,0
208,1.754,0.491,0.000,2.245,2.338,474845,674558,0,415,274,274,30390080,975714,148,166,0
209,1.580,0.476,0.000,2.056,3.034,474845,674558,0,415,274,274,30390080,975714,148,166,0
210,3.985,0.500,0.000,4.486,2.896,474845,674558,0,415,274,274,30390080,975714,148,166,0
211,1.482,0.506,0.000,1.988,5.455,474845,674558,0,415,274,274,30390080,975714,148,166,0
212,1.713,0.524,0.000,2.237,3.445,474845,674558,0,415,274,274,30390080,975714,148,166,0
213,1.346,0.607,0.000,1.953,2.330,474845,674558,0,415,274,274,30390080,975714,148,166,0
214,1.286,0.414,0.000,1.700,2.142,474845,674558,0,415,274,274,30390080,975714,148,166,0
215,1.324,0.565,0.000,1.889,1.829,474845,674558,0,415,274,274,30390080,975714,148,166,0
216,1.357,0.556,0.000,1.913,1.968,474845,674558,0,415,274,274,30390080,975714,148,166,0
217,1.438,0.776,0.000,2.214,1.994,474845,674558,0,415,274,274,30390080,975714,148,166,0
218,1.748,0.692,0.000,2.441,2.682,474845,674558,0,415,274,274,30390080,975714,148,166,0
219,1.411,0.693,0.000,2.104,2.529,474845,674558,0,415,274,274,30390080,975714,148,166,0
220,1.361,0.615,0.000,1.977,2.380,474845,674558,0,415,274,274,30390080,975714,148,166,0
221,1.231,0.396,0.000,1.627,2.098,474845,674558,0,415,274,274,30390080,975714,148,166,0
222,1.382,0.438,0.000,1.820,1.758,474845,674558,0,415,274,274,30390080,975714,148,166,0
223,1.393,0.451,0.000,1.844,1.906,474845,674558,0,415,274,274,30390080,975714,148,166,0
224,1.396,0.683,0.000,2.079,1.926,474845,674558,0,415,274,274,30390080,975714,148,166,0
225,1.290,0.399,0.000,1.689,2.198,474845,674558,0,415,274,274,30390080,975714,148,166,0
226,1.400,0.461,0.000,1.860,1.785,474845,674558,0,415,274,274,30390080,975714,148,166,0
227,1.486,0.439,0.000,1.925,2.132,474845,674558,0,415,274,274,30390080,975714,148,166,0
228,1.388,0.509,0.000,1.897,2.015,474845,674558,0,415,274,274,30390080,975714,148,166,0
229,1.159,0.428,0.000,1.587,1.995,474845,674558,0,415,274,274,30390080,975714,148,166,0
230,1.485,0.504,0.000,1.990,1.689,474845,674558,0,415,274,274,30390080,975714,148,166,0
231,1.418,0.668,0.000,2.086,2.271,474845,674558,0,415,274,274,30390080,975714,148,166,0
232,1.602,0.568,0.000,2.170,2.183,474845,674558,0,415,274,274,30390080,975714,148,166,0
233,1.532,0.436,0.000,1.968,2.273,474845,674558,0,415,274,274,30390080,975714,148,166,0
234,1.326,0.633,0.000,1.960,2.054,474845,674558,0,415,274,274,30390080,975714,148,166,0
235,1.357,0.591,0.000,1.949,2.092,474845,674558,0,415,274,274,30390080,975714,148,166,0
236,1.321,0.442,0.000,1.763,2.064,474845,674558,0,415,274,274,30390080,975714,148,166,0
237,1.472,0.518,0.000,1.989,1.849,474845,674558,0,415,274,274,30390080,975714,148,166,0
238,1.625,0.577,0.000,2.203,2.215,474845,674558,0,415,274,274,30390080,975714,148,166,0
239,1.472,0.579,0.000,2.050,2.501,474845,674558,0,415,274,274,30390080,975714,148,166,0
240,1.222,0.639,0.000,1.861,2.134,474845,674558,0,415,274,274,30390080,975714,148,166,0
241,1.206,0.394,0.000,1.600,1.958,474845,674558,0,415,274,274,30390080,975714,148,166,0
242,1.363,0.409,0.000,1.772,1.681,474845,674558,0,415,274,274,30390080,975714,148,166,0
243,1.511,0.530,0.000,2.041,1.851,474845,674558,0,415,274,274,30390080,975714,148,166,0
244,1.490,0.656,0.000,2.147,2.283,474845,674558,0,415,274,274,30390080,975714,148,166,0
245,1.195,0.420,0.000,1.615,2.232,474845,674558,0,415,274,274,30390080,975714,148,166,0
246,1.337,0.425,0.000,1.762,1.716,474845,674558,0,415,274,274,30390080,975714,148,166,0
247,1.439,0.419,0.000,1.859,1.866,474845,674558,0,415,274,274,30390080,975714,148,166,0
248,1.235,0.587,0.000,1.823,1.938,474845,674558,0,415,274,274,30390080,975714,148,166,0
249,1.213,0.583,0.000,1.796,1.930,474845,674558,0,415,274,274,30390080,975714,148,166,0
250,1.326,0.403,0.000,1.729,1.910,474845,674558,0,415,274,274,30390080,975714,148,166,0
251,1.452,0.552,0.000,2.004,1.810,474845,674558,0,415,274,274,30390080,975714,148,166,0
252,1.591,0.560,0.000,2.151,2.315,474845,674558,0,415,274,274,30390080,975714,148,166,0
253,1.219,0.595,0.000,1.814,2.237,474845,674558,0,415,274,274,30390080,975714,148,166,0
254,1.212,0.567,0.000,1.779,1.918,474845,674558,0,415,274,274,30390080,975714,148,166,0
255,1.314,0.395,0.000,1.709,1.917,474845,674558,0,415,274,274,30390080,975714,148,166,0
256,1.367,0.472,0.000,1.840,1.788,474845,674558,0,415,274,274,30390080,975714,148,166,0
257,1.650,0.662,0.000,2.312,2.092,474845,674558,0,415,274,274,30390080,975714,148,166,0
258,1.218,0.465,0.000,1.683,2.409,474845,674558,0,415,274,274,30390080,975714,148,166,0
259,1.306,0.569,0.000,1.875,1.782,474845,674558,0,415,274,274,30390080,975714,148,166,0
260,1.385,0.409,0.000,1.794,1.956,474845,674558,0,415,274,274,30390080,975714,148,166,0
261,1.331,0.487,0.000,1.818,1.873,474845,674558,0,415,274,274,30390080,975714,148,166,0
262,1.176,0.643,0.000,1.820,1.901,474845,674558,0,415,274,274,30390080,975714,148,166,0
263,1.334,0.554,0.000,1.888,1.939,474845,674558,0,415,274,274,30390080,975714,148,166,0
264,1.495,0.551,0.000,2.046,2.103,474845,674558,0,415,274,274,30390080,975714,148,166,0
265,1.477,0.605,0.000,2.082,2.412,474845,674558,0,415,274,274,30390080,975714,148,166,0
266,1.375,0.482,0.000,1.857,2.168,474845,674558,0,415,274,274,30390080,975714,148,166,0
267,1.187,0.418,0.000,1.605,1.941,474845,674558,0,415,274,274,30390080,975714,148,166,0
268,1.299,0.562,0.000,1.862,1.710,474845,674558,0,415,274,274,30390080,975714,148,166,0
269,1.378,0.417,0.000,1.795,1.947,474845,674558,0,415,274,274,30390080,975714,148,166,0
270,1.490,0.429,0.000,1.919,2.077,474845,674558,0,415,274,274,30390080,975714,148,166,0
271,1.326,0.590,0.000,1.916,2.126,474845,674558,0,415,274,274,30390080,975714,148,166,0
272,1.191,0.560,0.000,1.751,2.102,474845,674558,0,415,274,274,30390080,975714,148,166,0
273,1.288,0.450,0.000,1.737,1.848,474845,674558,0,415,274,274,30390080,975714,148,166,0
274,1.404,0.407,0.000,1.811,1.816,474845,674558,0,415,274,274,30390080,975714,148,166,0
275,1.209,0.677,0.000,1.886,1.891,474845,674558,0,415,274,274,30390080,975714,148,166,0
276,1.206,0.591,0.000,1.796,1.985,474845,674558,0,415,274,274,30390080,975714,148,166,0
277,1.373,0.498,0.000,1.871,1.888,474845,674558,0,415,274,274,30390080,975714,148,166,0
278,1.511,0.420,0.000,1.931,2.137,474845,674558,0,415,274,274,30390080,975714,148,166,0
279,1.454,0.462,0.000,1.916,2.158,474845,674558,0,415,274,274,30390080,975714,148,166,0
280,1.310,0.611,0.000,1.921,2.343,474845,674558,0,415,274,274,30390080,975714,148,166,0
281,1.169,0.619,0.000,1.788,2.031,474845,674558,0,415,274,274,30390080,975714,148,166,0
282,1.270,0.497,0.000,1.767,1.879,474845,674558,0,415,274,274,30390080,975714,148,166,0
283,1.753,0.406,0.000,2.159,1.848,474845,674558,0,415,274,274,30390080,975714,148,166,0
284,1.450,0.437,0.000,1.887,2.414,474845,674558,0,415,274,274,30390080,975714,148,166,0
285,1.168,0.684,0.000,1.852,1.966,474845,674558,0,415,274,274,30390080,975714,148,166,0
286,1.221,0.607,0.000,1.828,1.975,474845,674558,0,415,274,274,30390080,975714,148,166,0
287,1.375,0.449,0.000,1.824,1.920,474845,674558,0,415,274,274,30390080,975714,148,166,0
288,1.374,0.407,0.000,1.780,1.905,474845,674558,0,415,274,274,30390080,975714,148,166,0
289,1.164,0.722,0.000,1.886,1.858,474845,674558,0,415,274,274,30390080,975714,148,166,0
290,1.237,0.538,0.000,1.775,2.216,474845,674558,0,415,274,274,30390080,975714,148,166,0
291,1.312,0.488,0.000,1.801,1.872,474845,674558,0,415,274,274,30390080,975714,148,166,0
292,1.440,0.399,0.000,1.839,1.880,474845,674558,0,415,274,274,30390080,975714,148,166,0
293,1.222,0.673,0.000,1.895,1.919,474845,674558,0,415,274,274,30390080,975714,148,166,0
294,1.216,0.544,0.000,1.760,2.201,474845,674558,0,415,274,274,30390080,975714,148,166,0
295,1.305,0.663,0.000,1.969,1.860,474845,674558,0,415,274,274,30390080,975714,148,166,0
296,1.407,0.396,0.000,1.803,2.053,474845,674558,0,415,274,274,30390080,975714,148,166,0
297,1.333,0.473,0.000,1.806,1.890,474845,674558,0,415,274,274,30390080,975714,148,166,0
298,1.282,0.631,0.000,1.913,2.043,474845,674558,0,415,274,274,30390080,975714,148,166,0
299,1.205,0.676,0.000,1.881,2.310,474845,674558,0,415,274,274,30390080,975714,148,166,0
300,1.323,0.457,0.000,1.780,1.976,474845,674558,0,415,274,274,30390080,975714,148,166,0
301,1.428,0.398,0.000,1.826,1.861,474845,674558,0,415,274,274,30390080,975714,148,166,0
302,1.220,0.758,0.000,1.977,1.907,474845,674558,0,415,274,274,30390080,975714,148,166,0
303,1.193,0.742,0.000,1.935,2.334,474845,674558,0,415,274,274,30390080,975714,148,166,0
304,1.207,0.875,0.000,2.083,2.073,474845,674558,0,415,274,274,30390080,975714,148,166,0
305,1.276,0.701,0.000,1.977,2.190,474845,674558,0,415,274,274,30390080,975714,148,166,0
306,1.574,0.432,0.000,2.007,2.248,474845,674558,0,415,274,274,30390080,975714,148,166,0
307,1.524,0.443,0.000,1.966,2.312,474845,674558,0,415,274,274,30390080,975714,148,166,0
308,1.543,0.432,0.000,1.975,2.286,474845,674558,0,415,274,274,30390080,975714,148,166,0
309,1.316,0.521,0.000,1.837,2.058,474845,674558,0,415,274,274,30390080,975714,148,166,0
310,1.221,1.024,0.000,2.246,1.943,474845,674558,0,415,274,274,30390080,975714,148,166,0
311,1.241,0.823,0.000,2.064,2.366,474845,674558,0,415,274,274,30390080,975714,148,166,0
312,1.353,0.573,0.000,1.926,2.168,474845,674558,0,415,274,274,30390080,975714,148,166,0
313,1.509,0.541,0.000,2.049,2.016,474845,674558,0,415,274,274,30390080,975714,148,166,0
314,1.598,0.520,0.000,2.118,2.421,474845,674558,0,415,274,274,30390080,975714,148,166,0
315,1.345,0.480,0.000,1.826,2.227,474845,674558,0,415,274,274,30390080,975714,148,166,0
316,1.199,0.881,0.000,2.080,1.920,474845,674558,0,415,274,274,30390080,975714,148,166,0
317,1.229,0.797,0.000,2.026,2.225,474845,674558,0,415,274,274,30390080,975714,148,166,0
318,1.313,0.833,0.000,2.146,2.139,474845,674558,0,415,274,274,30390080,975714,148,166,0
319,1.400,0.468,0.000,1.868,2.260,474845,674558,0,415,274,274,30390080,975714,148,166,0
320,1.573,0.434,0.000,2.007,2.147,474845,674558,0,415,274,274,30390080,975714,148,166,0
321,1.398,0.440,0.000,1.838,2.331,474845,674558,0,415,274,274,30390080,975714,148,166,0
322,1.158,0.818,0.000,1.976,1.927,474845,674558,0,415,274,274,30390080,975714,148,166,0
323,1.230,0.791,0.000,2.021,2.112,474845,674558,0,415,274,274,30390080,975714,148,166,0
324,1.305,0.779,0.000,2.084,2.131,474845,674558,0,415,274,274,30390080,975714,148,166,0
325,1.470,0.457,0.000,1.928,2.189,474845,674558,0,415,274,274,30390080,975714,148,166,0
326,1.477,0.414,0.000,1.891,2.027,474845,674558,0,415,274,274,30390080,975714,148,166,0
327,1.257,0.749,0.000,2.007,1.978,474845,674558,0,415,274,274,30390080,975714,148,166,0
328,1.237,0.758,0.000,1.994,2.106,474845,674558,0,415,274,274,30390080,975714,148,166,0
329,1.331,0.886,0.000,2.216,2.092,474845,674558,0,415,274,274,30390080,975714,148,166,0
330,1.374,0.557,0.000,1.931,2.306,474845,674558,0,415,274,274,30390080,975714,148,166,0
331,1.441,0.424,0.000,1.865,2.020,474845,674558,0,415,274,274,30390080,975714,148,166,0
332,1.266,0.767,0.000,2.034,1.948,474845,674558,0,415,274,274,30390080,975714,148,166,0
333,1.291,0.776,0.000,2.067,2.130,474845,674558,0,415,274,274,30390080,975714,148,166,0
334,1.265,0.817,0.000,2.082,2.222,474845,674558,0,415,274,274,30390080,975714,148,166,0
335,1.313,0.737,0.000,2.050,2.187,474845,674558,0,415,274,274,30390080,975714,148,166,0
336,1.449,0.437,0.000,1.886,2.131,474845,674558,0,415,274,274,30390080,975714,148,166,0
337,1.486,0.432,0.000,1.919,1.985,474845,674558,0,415,274,274,30390080,975714,148,166,0
338,1.300,0.788,0.000,2.089,2.011,474845,674558,0,415,274,274,30390080,975714,148,166,0
339,1.298,0.879,0.000,2.177,2.184,474845,674558,0,415,274,274,30390080,975714,148,166,0
340,1.267,0.752,0.000,2.019,2.323,474845,674558,0,415,274,274,30390080,975714,148,166,0
341,1.350,0.702,0.000,2.052,2.120,474845,674558,0,415,274,274,30390080,975714,148,166,0
342,1.397,0.440,0.000,1.837,2.133,474845,674558,0,415,274,274,30390080,975714,148,166,0
343,1.406,0.450,0.000,1.856,1.923,474845,674558,0,415,274,274,30390080,975714,148,166,0
344,1.237,0.848,0.000,2.085,1.945,474845,674558,0,415,274,274,30390080,975714,148,166,0
345,1.305,0.745,0.000,2.050,2.197,474845,674558,0,415,274,274,30390080,975714,148,166,0
346,1.319,0.899,0.000,2.218,2.147,474845,674558,0,415,274,274,30390080,975714,148,166,0
347,1.351,0.409,0.000,1.760,2.310,474845,674558,0,415,274,274,30390080,975714,148,166,0
348,1.412,0.442,0.000,1.854,1.840,474845,674558,0,415,274,274,30390080,975714,148,166,0
349,1.257,0.834,0.000,2.091,1.937,474845,674558,0,415,274,274,30390080,975714,148,166,0
350,1.361,0.860,0.000,2.221,2.200,474845,674558,0,415,274,274,30390080,975714,148,166,0
351,1.332,0.809,0.000,2.141,2.398,474845,674558,0,415,274,274,30390080,975714,148,166,0
352,1.324,0.597,0.000,1.921,2.237,474845,674558,0,415,274,274,30390080,975714,148,166,0
353,1.392,0.431,0.000,1.822,2.004,474845,674558,0,415,274,274,30390080,975714,148,166,0
354,1.389,0.431,0.000,1.820,1.909,474845,674558,0,415,274,274,30390080,975714,148,166,0
355,1.225,1.036,0.000,2.262,1.904,474845,674558,0,415,274,274,30390080,975714,148,166,0
356,1.369,0.530,0.000,1.899,3.025,474845,674558,0,415,274,274,30390080,975714,148,166,0
357,1.247,0.605,0.000,1.853,1.987,474845,674558,0,415,274,274,30390080,975714,148,166,0
358,1.362,1.005,0.000,2.367,1.958,474845,674558,0,415,274,274,30390080,975714,148,166,0
359,1.388,0.430,0.000,1.819,2.472,474845,674558,0,415,274,274,30390080,975714,148,166,0
360,1.556,0.434,0.000,1.990,1.902,474845,674558,0,415,274,274,30390080,975714,148,166,0
361,1.546,0.439,0.000,1.985,2.218,474845,674558,0,415,274,274,30390080,975714,148,166,0
362,1.303,0.817,0.000,2.120,2.083,474845,674558,0,415,274,274,30390080,975714,148,166,0
363,1.238,0.831,0.000,2.069,2.212,474845,674558,0,415,274,274,30390080,975714,148,166,0
364,1.354,0.802,0.000,2.156,2.215,474845,674558,0,415,274,274,30390080,975714,148,166,0
365,1.438,0.595,0.000,2.033,2.276,474845,674558,0,415,274,274,30390080,975714,148,166,0
366,1.408,0.443,0.000,1.852,2.121,474845,674558,0,415,274,274,30390080,975714,148,166,0
367,1.428,0.440,0.000,1.868,1.938,474845,674558,0,415,274,274,30390080,975714,148,166,0
368,1.250,0.849,0.000,2.100,1.953,474845,674558,0,415,274,274,30390080,975714,148,166,0
369,1.285,0.675,0.000,1.960,2.744,474845,674558,0,415,274,274,30390080,975714,148,166,0
370,1.291,0.764,0.000,2.054,2.061,474845,674558,0,415,274,274,30390080,975714,148,166,0
371,1.358,0.829,0.000,2.187,2.145,474845,674558,0,415,274,274,30390080,975714,148,166,0
372,1.391,0.441,0.000,1.832,2.285,474845,674558,0,415,274,274,30390080,975714,148,166,0
373,1.599,0.411,0.000,2.010,2.127,474845,674558,0,415,274,274,30390080,975714,148,166,0
374,1.364,0.451,0.000,1.815,2.341,474845,674558,0,415,274,274,30390080,975714,148,166,0
375,1.232,0.809,0.000,2.041,1.900,474845,674558,0,415,274,274,30390080,975714,148,166,0
376,1.258,0.743,0.000,2.001,2.149,474845,674558,0,415,274,274,30390080,975714,148,166,0
377,1.339,0.956,0.000,2.295,2.107,474845,674558,0,415,274,274,30390080,975714,148,166,0
378,1.517,0.551,0.000,2.068,2.403,474845,674558,0,415,274,274,30390080,975714,148,166,0
379,1.449,0.408,0.000,1.858,2.262,474845,674558,0,415,274,274,30390080,975714,148,166,0
380,1.447,0.436,0.000,1.883,1.948,474845,674558,0,415,274,274,30390080,975714,148,166,0
381,1.296,0.860,0.000,2.156,1.968,474845,674558,0,415,274,274,30390080,975714,148,166,0
382,1.353,0.873,0.000,2.226,2.263,474845,674558,0,415,274,274,30390080,975714,148,166,0
383,1.359,0.755,0.000,2.113,2.450,474845,674558,0,415,274,274,30390080,975714,148,166,0
384,1.405,0.803,0.000,2.209,2.223,474845,674558,0,415,274,274,30390080,975714,148,166,0
385,1.584,0.518,0.000,2.103,2.325,474845,674558,0,415,274,274,30390080,975714,148,166,0
386,1.591,0.573,0.000,2.164,2.415,474845,674558,0,415,274,274,30390080,975714,148,166,0
387,1.543,0.461,0.000,2.005,2.255,474845,674558,0,415,274,274,30390080,975714,148,166,0
388,1.352,0.564,0.000,1.916,2.092,474845,674558,0,415,274,274,30390080,975714,148,166,0
389,1.217,0.998,0.000,2.214,1.998,474845,674558,0,415,274,274,30390080,975714,148,166,0
390,1.322,0.724,0.000,2.046,2.335,474845,674558,0,415,274,274,30390080,975714,148,166,0
391,1.441,0.886,0.000,2.327,2.142,474845,674558,0,415,274,274,30390080,975714,148,166,0
392,1.410,0.489,0.000,1.899,2.637,474845,674558,0,415,274,274,30390080,975714,148,166,0
393,1.410,0.470,0.000,1.880,2.458,474845,674558,0,415,274,274,30390080,975714,148,166,0
394,1.522,0.417,0.000,1.939,1.960,474845,674558,0,415,274,274,30390080,975714,148,166,0
395,1.352,0.488,0.000,1.840,2.024,474845,674558,0,415,274,274,30390080,975714,148,166,0
396,1.241,0.938,0.000,2.179,1.925,474845,674558,0,415,274,274,30390080,975714,148,166,0
397,1.300,0.769,0.000,2.068,2.363,474845,674558,0,415,274,274,30390080,975714,148,166,0
398,1.333,0.837,0.000,2.171,2.176,474845,674558,0,415,274,274,30390080,975714,148,166,0
399,1.395,0.524,0.000,1.919,2.494,474845,674558,0,415,274,274,30390080,975714,148,166,0
400,1.556,0.414,0.000,1.970,2.155,474845,674558,0,415,274,274,30390080,975714,148,166,0
401,1.493,0.543,0.000,2.036,2.056,474845,674558,0,415,274,274,30390080,975714,148,166,0
402,1.303,0.587,0.000,1.890,2.174,474845,674558,0,415,274,274,30390080,975714,148,166,0
403,1.183,0.876,0.000,2.059,1.983,474845,674558,0,415,274,274,30390080,975714,148,166,0
404,1.314,0.683,0.000,1.997,2.570,474845,674558,0,415,274,274,30390080,975714,148,166,0
405,1.220,0.746,0.000,1.965,2.477,474845,674558,0,415,274,274,30390080,975714,148,166,0
406,1.304,0.566,0.000,1.870,2.077,474845,674558,0,415,274,274,30390080,975714,148,166,0
407,1.479,0.434,0.000,1.912,1.951,474845,674558,0,415,274,274,30390080,975714,148,166,0
408,1.494,0.430,0.000,1.924,2.128,474845,674558,0,415,274,274,30390080,975714,148,166,0
409,1.228,0.797,0.000,2.025,2.197,474845,674558,0,415,274,274,30390080,975714,148,166,0
410,1.339,0.878,0.000,2.218,2.124,474845,674558,0,415,274,274,30390080,975714,148,166,0
411,1.257,0.838,0.000,2.095,2.415,474845,674558,0,415,274,274,30390080,975714,148,166,0
412,1.410,0.580,0.000,1.989,2.190,474845,674558,0,415,274,274,30390080,975714,148,166,0
413,1.495,0.420,0.000,1.915,2.240,474845,674558,0,415,274,274,30390080,975714,148,166,0
414,1.549,0.428,0.000,1.977,2.122,474845,674558,0,415,274,274,30390080,975714,148,166,0
415,1.266,0.768,0.000,2.034,2.062,474845,674558,0,415,274,274,30390080,975714,148,166,0
416,1.216,0.960,0.000,2.176,2.133,474845,674558,0,415,274,274,30390080,975714,148,166,0
417,1.589,0.674,0.000,2.263,2.486,474845,674558,0,415,274,274,30390080,975714,148,166,0
418,1.293,0.700,0.000,1.993,2.648,474845,674558,0,415,274,274,30390080,975714,148,166,0
419,1.316,0.756,0.000,2.072,2.212,474845,674558,0,415,274,274,30390080,975714,148,166,0
420,1.440,0.599,0.000,2.039,2.170,474845,674558,0,415,274,274,30390080,975714,148,166,0
421,1.597,0.602,0.000,2.199,2.131,474845,674558,0,415,274,274,30390080,975714,148,166,0
422,1.772,0.540,0.000,2.312,2.442,474845,674558,0,415,274,274,30390080,975714,148,166,0
423,1.544,0.574,0.000,2.118,2.401,474845,674558,0,415,274,274,30390080,975714,148,166,0
424,1.685,0.589,0.000,2.274,2.460,474845,674558,0,415,274,274,30390080,975714,148,166,0
425,1.349,0.522,0.000,1.872,2.361,474845,674558,0,415,274,274,30390080,975714,148,166,0
426,1.255,1.033,0.000,2.288,1.958,474845,674558,0,415,274,274,30390080,975714,148,166,0
427,1.271,0.743,0.000,2.014,2.395,474845,674558,0,415,274,274,30390080,975714,148,166,0
428,1.431,0.889,0.000,2.320,2.227,474845,674558,0,415,274,274,30390080,975714,148,166,0
429,1.556,0.869,0.000,2.426,2.920,474845,674558,0,415,274,274,30390080,975714,148,166,0
430,1.394,0.619,0.000,2.014,2.688,474845,674558,0,415,274,274,30390080,975714,148,166,0
431,1.419,0.641,0.000,2.060,2.116,474845,674558,0,415,274,274,30390080,975714,148,166,0
432,1.695,0.563,0.000,2.258,2.159,474845,674558,0,415,274,274,30390080,975714,148,166,0
433,1.584,0.591,0.003,2.177,2.479,474845,674558,0,415,274,274,30390080,975714,148,166,0
434,1.694,0.626,0.000,2.321,2.265,474845,674558,0,415,274,274,30390080,975714,148,166,0
435,1.595,0.484,0.000,2.080,2.417,474845,674558,0,415,274,274,30390080,975714,148,166,0
436,1.341,0.587,0.000,1.929,2.168,474845,674558,0,415,274,274,30390080,975714,148,166,0
437,1.313,0.909,0.000,2.221,2.029,474845,674558,0,415,274,274,30390080,975714,148,166,0
438,1.340,0.781,0.000,2.121,2.564,474845,674558,0,415,274,274,30390080,975714,148,166,0
439,1.332,0.669,0.000,2.001,2.571,474845,674558,0,415,274,274,30390080,975714,148,166,0
440,1.318,0.778,0.000,2.095,2.211,474845,674558,0,415,274,274,30390080,975714,148,166,0
441,1.381,0.557,0.000,1.938,2.642,474845,674558,0,415,274,274,30390080,975714,148,166,0
442,1.531,0.476,0.000,2.007,2.410,474845,674558,0,415,274,274,30390080,975714,148,166,0
443,1.516,0.427,0.000,1.942,2.163,474845,674558,0,415,274,274,30390080,975714,148,166,0
444,1.573,0.457,0.000,2.030,2.255,474845,674558,0,415,274,274,30390080,975714,148,166,0
445,1.554,0.463,0.000,2.017,2.223,474845,674558,0,415,274,274,30390080,975714,148,166,0
446,1.349,0.614,0.000,1.962,2.104,474845,674558,0,415,274,274,30390080,975714,148,166,0
447,1.317,0.947,0.000,2.264,2.048,474845,674558,0,415,274,274,30390080,975714,148,166,0
448,1.302,0.624,0.000,1.925,2.576,474845,674558,0,415,274,274,30390080,975714,148,166,0
449,1.524,0.916,0.000,2.440,2.154,474845,674558,0,415,274,274,30390080,975714,148,166,0
450,1.429,0.705,0.000,2.134,3.135,474845,674558,0,415,274,274,30390080,975714,148,166,0
451,1.334,0.631,0.000,1.965,2.305,474845,674558,0,415,274,274,30390080,975714,148,166,0
452,1.360,0.674,0.000,2.034,2.059,474845,674558,0,415,274,274,30390080,975714,148,166,0
453,1.463,0.433,0.000,1.896,2.116,474845,674558,0,415,274,274,30390080,975714,148,166,0
454,1.576,0.443,0.000,2.019,1.981,474845,674558,0,415,274,274,30390080,975714,148,166,0
455,1.326,0.638,0.000,1.963,2.287,474845,674558,0,415,274,274,30390080,975714,148,166,0
456,1.636,0.785,0.000,2.421,2.283,474845,674558,0,415,274,274,30390080,975714,148,166,0
457,1.388,0.726,0.000,2.114,2.772,474845,674558,0,415,274,274,30390080,975714,148,166,0
458,1.257,0.887,0.000,2.145,2.209,474845,674558,0,415,274,274,30390080,975714,148,166,0
459,1.312,0.766,0.000,2.078,2.315,474845,674558,0,415,274,274,30390080,975714,148,166,0
460,1.499,0.871,0.000,2.370,2.180,474845,674558,0,415,274,274,30390080,975714,148,166,0
461,1.736,0.679,0.000,2.416,2.627,474845,674558,0,415,274,274,30390080,975714,148,166,0
462,1.704,0.673,0.000,2.377,2.815,474845,674558,0,415,274,274,30390080,975714,148,166,0
463,1.630,0.720,0.000,2.350,2.758,474845,674558,0,415,274,274,30390080,975714,148,166,0
464,1.652,0.911,0.000,2.563,2.792,474845,674558,0,415,274,274,30390080,975714,148,166,0
465,1.291,0.441,0.000,1.732,2.669,474845,674558,0,415,274,274,30390080,975714,148,166,0
466,1.445,0.466,0.000,1.910,1.846,474845,674558,0,415,274,274,30390080,975714,148,166,0
467,1.558,0.414,0.000,1.972,1.993,474845,674558,0,415,274,274,30390080,975714,148,166,0
468,1.296,0.771,0.000,2.066,2.061,474845,674558,0,415,274,274,30390080,975714,148,166,0
469,1.700,0.641,0.000,2.341,2.310,474845,674558,0,415,274,274,30390080,975714,148,166,0
470,1.371,0.868,0.000,2.239,2.436,474845,674558,0,415,274,274,30390080,975714,148,166,0
471,1.379,1.002,0.000,2.382,2.467,474845,674558,0,415,274,274,30390080,975714,148,166,0
472,1.248,0.880,0.000,2.128,2.487,474845,674558,0,415,274,274,30390080,975714,148,166,0
473,1.401,0.782,0.000,2.184,2.262,474845,674558,0,415,274,274,30390080,975714,148,166,0
474,1.546,0.846,0.005,2.397,2.452,474845,674558,0,415,274,274,30390080,975714,148,166,0
475,1.507,0.784,0.000,2.292,2.500,474845,674558,0,415,274,274,30390080,975714,148,166,0
476,1.507,0.737,0.000,2.244,2.386,474845,674558,0,415,274,274,30390080,975714,148,166,0
477,1.624,0.645,0.000,2.270,2.437,474845,674558,0,415,274,274,30390080,975714,148,166,0
478,1.506,0.596,0.000,2.102,2.373,474845,674558,0,415,274,274,30390080,975714,148,166,0
479,1.518,0.552,0.000,2.070,2.191,474845,674558,0,415,274,274,30390080,975714,148,166,0
480,1.496,0.577,0.000,2.073,2.164,474845,674558,0,415,274,274,30390080,975714,148,166,0
481,1.749,0.607,0.000,2.356,2.409,474845,674558,0,415,274,274,30390080,975714,148,166,0
482,1.759,0.766,0.004,2.529,2.641,474845,674558,0,415,274,274,30390080,975714,148,166,0
483,1.384,0.700,0.000,2.084,2.613,474845,674558,0,415,274,274,30390080,975714,148,166,0
484,1.245,0.896,0.000,2.141,2.182,474845,674558,0,415,274,274,30390080,975714,148,166,0
485,1.335,0.870,0.000,2.205,2.260,474845,674558,0,415,274,274,30390080,975714,148,166,0
486,1.399,0.867,0.000,2.266,2.322,474845,674558,0,415,274,274,30390080,975714,148,166,0
487,1.530,0.846,0.000,2.376,3.735,474845,674558,0,415,274,274,30390080,975714,148,166,0
488,1.629,0.670,0.000,2.298,3.239,474845,674558,0,415,274,274,30390080,975714,148,166,0
489,1.489,0.647,0.000,2.136,2.391,474845,674558,0,415,274,274,30390080,975714,148,166,0
490,1.579,0.534,0.000,2.113,2.232,474845,674558,0,415,274,274,30390080,975714,148,166,0
491,1.475,0.808,0.000,2.283,2.204,474845,674558,0,415,274,274,30390080,975714,148,166,0
492,1.695,0.640,0.000,2.335,7.630,474845,674558,0,415,274,274,30390080,975714,148,166,0
493,1.439,0.518,0.000,1.957,2.421,474845,674558,0,415,274,274,30390080,975714,148,166,0
494,1.333,0.622,0.000,1.955,2.047,474845,674558,0,415,274,274,30390080,975714,148,166,0
495,1.265,0.411,0.000,1.676,2.071,474845,674558,0,415,274,274,30390080,975714,148,166,0
496,1.462,0.428,0.000,1.889,1.774,474845,674558,0,415,274,274,30390080,975714,148,166,0
497,1.570,0.584,0.000,2.154,2.727,474845,674558,0,415,274,274,30390080,975714,148,166,0
498,1.672,0.593,0.000,2.265,2.538,474845,674558,0,415,274,274,30390080,975714,148,166,0
499,1.726,0.527,0.000,2.254,2.511,474845,674558,0,415,274,274,30390080,975714,148,166,0
500,1.673,0.686,0.000,2.359,2.486,474845,674558,0,415,274,274,30390080,975714,148,166,0
501,1.539,0.505,0.000,2.045,2.447,474845,674558,0,415,274,274,30390080,975714,148,166,0
502,1.410,0.458,0.000,1.869,2.141,474845,674558,0,415,274,274,30390080,975714,148,166,0
503,1.238,0.527,0.000,1.765,1.950,474845,674558,0,415,274,274,30390080,975714,148,166,0
504,1.460,0.899,0.000,2.359,2.347,474845,674558,0,415,274,274,30390080,975714,148,166,0
505,1.438,0.722,0.000,2.159,3.399,474845,674558,0,415,274,274,30390080,975714,148,166,0
506,1.492,0.942,0.000,2.434,2.364,474845,674558,0,415,274,274,30390080,975714,148,166,0
507,1.316,0.507,0.000,1.823,2.518,474845,674558,0,415,274,274,30390080,975714,148,166,0
508,1.453,0.846,0.000,2.299,1.928,474845,674558,0,415,274,274,30390080,975714,148,166,0
509,1.541,0.681,0.000,2.222,2.847,474845,674558,0,415,274,274,30390080,975714,148,166,0
510,1.475,0.560,0.000,2.035,2.438,474845,674558,0,415,274,274,30390080,975714,148,166,0
511,1.516,0.548,0.000,2.065,2.119,474845,674558,0,415,274,274,30390080,975714,148,166,0
512,1.855,0.515,0.000,2.370,2.429,474845,674558,0,415,274,274,30390080,975714,148,166,0
513,1.745,0.533,0.000,2.279,2.742,474845,674558,0,415,274,274,30390080,975714,148,166,0
514,1.768,0.804,0.000,2.572,2.594,474845,674558,0,415,274,274,30390080,975714,148,166,0
515,1.584,0.521,0.000,2.105,2.668,474845,674558,0,415,274,274,30390080,975714,148,166,0
516,1.469,0.490,0.000,1.959,2.204,474845,674558,0,415,274,274,30390080,975714,148,166,0
517,1.423,0.802,0.000,2.225,2.056,474845,674558,0,415,274,274,30390080,975714,148,166,0
518,1.891,0.605,0.000,2.496,2.658,474845,674558,0,415,274,274,30390080,975714,148,166,0
519,1.544,0.607,0.000,2.151,2.735,474845,674558,0,415,274,274,30390080,975714,148,166,0
520,1.364,0.772,0.000,2.136,2.249,474845,674558,0,415,274,274,30390080,975714,148,166,0
521,1.383,0.872,0.000,2.255,2.237,474845,674558,0,415,274,274,30390080,975714,148,166,0
522,1.521,0.848,0.000,2.368,2.351,474845,674558,0,415,274,274,30390080,975714,148,166,0
523,1.551,0.835,0.000,2.386,2.755,474845,674558,0,415,274,274,30390080,975714,148,166,0
524,1.938,0.731,0.001,2.669,2.505,474845,674558,0,415,274,274,30390080,975714,148,166,0
525,1.540,0.921,0.000,2.461,3.067,474845,674558,0,415,274,274,30390080,975714,148,166,0
526,1.500,0.694,0.000,2.194,3.016,474845,674558,0,415,274,274,30390080,975714,148,166,0
527,1.456,0.743,0.000,2.199,2.306,474845,674558,0,415,274,274,30390080,975714,148,166,0
528,1.649,0.631,0.000,2.280,2.339,474845,674558,0,415,274,274,30390080,975714,148,166,0
529,1.641,0.775,0.000,2.417,2.386,474845,674558,0,415,274,274,30390080,975714,148,166,0
530,1.542,0.589,0.000,2.132,2.822,474845,674558,0,415,274,274,30390080,975714,148,166,0
531,1.744,0.834,0.000,2.578,2.595,474845,674558,0,415,274,274,30390080,975714,148,166,0
532,2.195,0.802,0.000,2.997,2.688,474845,674558,0,415,274,274,30390080,975714,148,166,0
533,1.634,0.999,0.003,2.636,3.426,474845,674558,0,415,274,274,30390080,975714,148,166,0
534,1.503,0.753,0.000,2.256,2.747,474845,674558,0,415,274,274,30390080,975714,148,166,0
535,1.327,0.479,0.000,1.806,2.361,474845,674558,0,415,274,274,30390080,975714,148,166,0
536,1.490,0.528,0.000,2.018,1.909,474845,674558,0,415,274,274,30390080,975714,148,166,0
537,1.757,0.662,0.000,2.419,2.303,474845,674558,0,415,274,274,30390080,975714,148,166,0
538,1.651,0.604,0.000,2.256,2.764,474845,674558,0,415,274,274,30390080,975714,148,166,0
539,1.604,0.652,0.000,2.256,2.482,474845,674558,0,415,274,274,30390080,975714,148,166,0
540,1.736,0.675,0.000,2.411,2.623,474845,674558,0,415,274,274,30390080,975714,148,166,0
541,1.626,0.673,0.000,2.299,2.712,474845,674558,0,415,274,274,30390080,975714,148,166,0
542,1.470,0.484,0.000,1.954,2.382,474845,674558,0,415,274,274,30390080,975714,148,166,0
543,1.256,0.863,0.000,2.120,2.038,474845,674558,0,415,274,274,30390080,975714,148,166,0
544,1.276,0.789,0.000,2.066,2.218,474845,674558,0,415,274,274,30390080,975714,148,166,0
545,1.314,0.895,0.000,2.208,2.169,474845,674558,0,415,274,274,30390080,975714,148,166,0
546,1.599,0.895,0.000,2.494,2.575,474845,674558,0,415,274,274,30390080,975714,148,166,0
547,1.550,0.835,0.000,2.385,2.818,474845,674558,0,415,274,274,30390080,975714,148,166,0
548,1.588,0.778,0.000,2.366,2.750,474845,674558,0,415,274,274,30390080,975714,148,166,0
549,1.409,0.681,0.001,2.091,2.720,474845,674558,0,415,274,274,30390080,975714,148,166,0
550,1.325,0.820,0.000,2.145,2.227,474845,674558,0,415,274,274,30390080,975714,148,166,0
551,1.508,0.493,0.000,2.001,2.245,474845,674558,0,415,274,274,30390080,975714,148,166,0
552,1.491,0.503,0.000,1.995,2.335,474845,674558,0,415,274,274,30390080,975714,148,166,0
553,1.582,0.509,0.000,2.091,2.893,474845,674558,0,415,274,274,30390080,975714,148,166,0
554,1.834,0.860,0.000,2.694,2.443,474845,674558,0,415,274,274,30390080,975714,148,166,0
555,1.715,0.900,0.000,2.615,7.092,474845,674558,0,415,274,274,30390080,975714,148,166,0
556,1.866,0.780,0.000,2.646,5.224,474845,674558,0,415,274,274,30390080,975714,148,166,0
557,1.818,0.755,0.000,2.573,4.002,474845,674558,0,415,274,274,30390080,975714,148,166,0
558,1.619,1.074,0.000,2.693,3.617,474845,674558,0,415,274,274,30390080,975714,148,166,0
559,1.565,0.796,0.000,2.361,3.001,474845,674558,0,415,274,274,30390080,975714,148,166,0
560,1.787,0.610,0.000,2.397,2.702,474845,674558,0,415,274,274,30390080,975714,148,166,0
561,1.609,0.743,0.000,2.352,2.770,474845,674558,0,415,274,274,30390080,975714,148,166,0
562,1.751,0.613,0.000,2.365,2.641,474845,674558,0,415,274,274,30390080,975714,148,166,0
563,1.501,0.591,0.000,2.092,2.579,474845,674558,0,415,274,274,30390080,975714,148,166,0
564,1.337,0.436,0.000,1.773,2.186,474845,674558,0,415,274,274,30390080,975714,148,166,0
565,1.487,0.519,0.000,2.007,1.863,474845,674558,0,415,274,274,30390080,975714,148,166,0
566,1.800,0.495,0.000,2.295,2.367,474845,674558,0,415,274,274,30390080,975714,148,166,0
567,1.726,0.577,0.000,2.303,2.684,474845,674558,0,415,274,274,30390080,975714,148,166,0
568,1.452,0.506,0.000,1.958,2.392,474845,674558,0,415,274,274,30390080,975714,148,166,0
569,1.412,0.492,0.000,1.904,2.039,474845,674558,0,415,274,274,30390080,975714,148,166,0
570,1.348,0.568,0.000,1.915,1.995,474845,674558,0,415,274,274,30390080,975714,148,166,0
571,1.342,0.405,0.000,1.748,2.014,474845,674558,0,415,274,274,30390080,975714,148,166,0
572,1.438,0.477,0.000,1.915,1.833,474845,674558,0,415,274,274,30390080,975714,148,166,0
573,1.814,0.465,0.000,2.279,2.309,474845,674558,0,415,274,274,30390080,975714,148,166,0
574,1.702,0.712,0.000,2.414,2.436,474845,674558,0,415,274,274,30390080,975714,148,166,0
575,1.545,0.625,0.000,2.170,2.500,474845,674558,0,415,274,274,30390080,975714,148,166,0
576,1.595,0.571,0.000,2.166,2.511,474845,674558,0,415,274,274,30390080,975714,148,166,0
577,1.326,0.624,0.000,1.950,2.334,474845,674558,0,415,274,274,30390080,975714,148,166,0
578,1.292,0.433,0.000,1.725,2.042,474845,674558,0,415,274,274,30390080,975714,148,166,0
579,1.462,0.698,0.000,2.160,1.802,474845,674558,0,415,274,274,30390080,975714,148,166,0
580,1.708,0.662,0.000,2.371,2.447,474845,674558,0,415,274,274,30390080,975714,148,166,0
581,1.568,0.539,0.000,2.107,2.457,474845,674558,0,415,274,274,30390080,975714,148,166,0
582,1.368,0.590,0.000,1.958,2.196,474845,674558,0,415,274,274,30390080,975714,148,166,0
583,1.273,0.488,0.000,1.761,2.051,474845,674558,0,415,274,274,30390080,975714,148,166,0
584,1.401,0.484,0.000,1.886,1.858,474845,674558,0,415,274,274,30390080,975714,148,166,0
585,1.733,0.655,0.000,2.388,1.966,474845,674558,0,415,274,274,30390080,975714,148,166,0
586,1.648,0.450,0.000,2.098,2.672,474845,674558,0,415,274,274,30390080,975714,148,166,0
587,1.428,0.504,0.000,1.931,2.180,474845,674558,0,415,274,274,30390080,975714,148,166,0
588,1.399,1.039,0.000,2.438,2.020,474845,674558,0,415,274,274,30390080,975714,148,166,0
589,1.388,0.879,0.000,2.267,2.701,474845,674558,0,415,274,274,30390080,975714,148,166,0
590,1.342,1.095,0.000,2.437,2.382,474845,674558,0,415,274,274,30390080,975714,148,166,0
591,1.407,0.768,0.000,2.175,2.683,474845,674558,0,415,274,274,30390080,975714,148,166,0
592,1.582,0.863,0.000,2.445,2.266,474845,674558,0,415,274,274,30390080,975714,148,166,0
593,1.564,0.934,0.000,2.498,2.869,474845,674558,0,415,274,274,30390080,975714,148,166,0
594,1.391,0.687,0.000,2.078,2.607,474845,674558,0,415,274,274,30390080,975714,148,166,0
595,1.423,0.808,0.000,2.231,2.172,474845,674558,0,415,274,274,30390080,975714,148,166,0
596,1.549,0.498,0.000,2.047,2.322,474845,674558,0,415,274,274,30390080,975714,148,166,0
597,1.705,0.531,0.000,2.236,2.136,474845,674558,0,415,274,274,30390080,975714,148,166,0
598,1.688,0.673,0.000,2.361,2.538,474845,674558,0,415,274,274,30390080,975714,148,166,0
599,1.484,0.605,0.000,2.089,2.459,474845,674558,0,415,274,274,30390080,975714,148,166,0
600,1.326,0.889,0.000,2.215,2.182,474845,674558,0,415,274,274,30390080,975714,148,166,0
601,1.432,0.951,0.000,2.383,2.316,474845,674558,0,415,274,274,30390080,975714,148,166,0
602,1.556,0.848,0.000,2.404,2.680,474845,674558,0,415,274,274,30390080,975714,148,166,0
603,1.416,0.693,0.000,2.109,2.882,474845,674558,0,415,274,274,30390080,975714,148,166,0
604,1.215,0.733,0.000,1.948,2.217,474845,674558,0,415,274,274,30390080,975714,148,166,0
605,1.446,1.012,0.000,2.458,2.063,474845,674558,0,415,274,274,30390080,975714,148,166,0
606,1.534,0.622,0.000,2.156,2.874,474845,674558,0,415,274,274,30390080,975714,148,166,0
607,1.645,0.418,0.000,2.063,2.260,474845,674558,0,415,274,274,30390080,975714,148,166,0
608,1.524,0.457,0.000,1.982,2.145,474845,674558,0,415,274,274,30390080,975714,148,166,0
609,1.582,0.603,0.000,2.185,2.225,474845,674558,0,415,274,274,30390080,975714,148,166,0
610,1.545,0.805,0.001,2.352,2.537,474845,674558,0,415,274,274,30390080,975714,148,166,0
611,1.344,0.785,0.000,2.129,2.451,474845,674558,0,415,274,274,30390080,975714,148,166,0
612,1.456,0.946,0.000,2.402,2.363,474845,674558,0,415,274,274,30390080,975714,148,166,0
613,1.516,0.851,0.000,2.367,2.802,474845,674558,0,415,274,274,30390080,975714,148,166,0
614,1.371,0.905,0.000,2.276,2.477,474845,674558,0,415,274,274,30390080,975714,148,166,0
615,1.329,0.753,0.000,2.082,2.379,474845,674558,0,415,274,274,30390080,975714,148,166,0
616,1.577,0.805,0.000,2.382,2.187,474845,674558,0,415,274,274,30390080,975714,148,166,0
617,1.598,0.691,0.000,2.289,2.766,474845,674558,0,415,274,274,30390080,975714,148,166,0
618,1.405,0.706,0.000,2.111,2.405,474845,674558,0,415,274,274,30390080,975714,148,166,0
619,1.383,0.553,0.000,1.936,2.190,474845,674558,0,415,274,274,30390080,975714,148,166,0
620,1.470,0.536,0.000,2.006,2.019,474845,674558,0,415,274,274,30390080,975714,148,166,0
621,1.675,0.909,0.000,2.584,2.363,474845,674558,0,415,274,274,30390080,975714,148,166,0
622,1.620,0.569,0.000,2.189,2.940,474845,674558,0,415,274,274,30390080,975714,148,166,0
623,1.284,0.877,0.000,2.161,2.287,474845,674558,0,415,274,274,30390080,975714,148,166,0
624,1.333,0.985,0.000,2.317,2.256,474845,674558,0,415,274,274,30390080,975714,148,166,0
625,1.555,0.724,0.000,2.279,2.679,474845,674558,0,415,274,274,30390080,975714,148,166,0
626,1.389,0.797,0.000,2.187,2.400,474845,674558,0,415,274,274,30390080,975714,148,166,0
627,1.495,0.943,0.000,2.438,2.291,474845,674558,0,415,274,274,30390080,975714,148,166,0
628,1.644,0.907,0.001,2.551,2.872,474845,674558,0,415,274,274,30390080,975714,148,166,0
629,1.369,0.702,0.000,2.072,2.691,474845,674558,0,415,274,274,30390080,975714,148,166,0
630,1.426,0.466,0.000,1.892,2.172,474845,674558,0,415,274,274,30390080,975714,148,166,0
631,1.625,0.611,0.000,2.236,1.971,474845,674558,0,415,274,274,30390080,975714,148,166,0
632,1.731,0.569,0.000,2.301,2.512,474845,674558,0,415,274,274,30390080,975714,148,166,0
633,1.609,0.658,0.000,2.267,2.616,474845,674558,0,415,274,274,30390080,975714,148,166,0
634,1.243,0.663,0.000,1.906,2.351,474845,674558,0,415,274,274,30390080,975714,148,166,0
635,1.302,0.957,0.000,2.259,2.004,474845,674558,0,415,274,274,30390080,975714,148,166,0
636,1.350,0.740,0.000,2.090,2.354,474845,674558,0,415,274,274,30390080,975714,148,166,0
637,1.532,0.873,0.000,2.405,2.193,474845,674558,0,415,274,274,30390080,975714,148,166,0
638,1.614,0.562,0.000,2.176,2.763,474845,674558,0,415,274,274,30390080,975714,148,166,0
639,1.668,0.786,0.000,2.453,2.541,474845,674558,0,415,274,274,30390080,975714,148,166,0
640,1.643,0.483,0.000,2.126,2.554,474845,674558,0,415,274,274,30390080,975714,148,166,0
641,1.566,0.539,0.000,2.105,2.214,474845,674558,0,415,274,274,30390080,975714,148,166,0
642,1.617,0.556,0.000,2.173,2.191,474845,674558,0,415,274,274,30390080,975714,148,166,0
643,1.754,0.694,0.000,2.448,2.490,474845,674558,0,415,274,274,30390080,975714,148,166,0
644,1.505,0.509,0.000,2.014,2.540,474845,674558,0,415,274,274,30390080,975714,148,166,0
645,1.421,0.757,0.000,2.178,2.100,474845,674558,0,415,274,274,30390080,975714,148,166,0
646,1.344,0.804,0.000,2.148,2.276,474845,674558,0,415,274,274,30390080,975714,148,166,0
647,1.368,1.064,0.000,2.432,2.237,474845,674558,0,415,274,274,30390080,975714,148,166,0
648,1.433,0.797,0.000,2.230,2.520,474845,674558,0,415,274,274,30390080,975714,148,166,0
649,1.777,0.413,0.000,2.190,2.432,474845,674558,0,415,274,274,30390080,975714,148,166,0
650,1.632,0.605,0.000,2.238,2.378,474845,674558,0,415,274,274,30390080,975714,148,166,0
651,1.609,0.520,0.000,2.129,2.331,474845,674558,0,415,274,274,30390080,975714,148,166,0
652,1.508,0.497,0.000,2.005,2.231,474845,674558,0,415,274,274,30390080,975714,148,166,0
653,1.273,0.880,0.000,2.153,2.084,474845,674558,0,415,274,274,30390080,975714,148,166,0
654,1.336,0.960,0.000,2.295,2.261,474845,674558,0,415,274,274,30390080,975714,148,166,0
655,1.347,0.772,0.000,2.118,2.418,474845,674558,0,415,274,274,30390080,975714,148,166,0
656,1.502,0.779,0.000,2.281,2.227,474845,674558,0,415,274,274,30390080,975714,148,166,0
657,1.559,0.437,0.000,1.997,2.610,474845,674558,0,415,274,274,30390080,975714,148,166,0
658,1.512,0.427,0.000,1.938,2.239,474845,674558,0,415,274,274,30390080,975714,148,166,0
659,1.555,0.424,0.000,1.979,2.023,474845,674558,0,415,274,274,30390080,975714,148,166,0
660,1.283,0.842,0.000,2.124,2.064,474845,674558,0,415,274,274,30390080,975714,148,166,0
661,1.257,0.874,0.000,2.132,2.226,474845,674558,0,415,274,274,30390080,975714,148,166,0
662,1.351,0.832,0.000,2.183,2.233,474845,674558,0,415,274,274,30390080,975714,148,166,0
663,1.430,0.473,0.000,1.903,2.573,474845,674558,0,415,274,274,30390080,975714,148,166,0
664,1.410,0.399,0.000,1.809,2.252,474845,674558,0,415,274,274,30390080,975714,148,166,0
665,1.519,0.450,0.000,1.969,1.897,474845,674558,0,415,274,274,30390080,975714,148,166,0
666,1.303,0.820,0.000,2.123,2.051,474845,674558,0,415,274,274,30390080,975714,148,166,0
667,1.244,0.764,0.000,2.009,2.378,474845,674558,0,415,274,274,30390080,975714,148,166,0
668,1.321,0.737,0.000,2.058,2.150,474845,674558,0,415,274,274,30390080,975714,148,166,0
669,1.356,0.808,0.000,2.164,2.154,474845,674558,0,415,274,274,30390080,975714,148,166,0
670,1.418,0.415,0.000,1.833,2.680,474845,674558,0,415,274,274,30390080,975714,148,166,0
671,1.547,0.397,0.000,1.944,2.043,474845,674558,0,415,274,274,30390080,975714,148,166,0
672,1.485,0.453,0.000,1.937,2.027,474845,674558,0,415,274,274,30390080,975714,148,166,0
673,1.288,0.776,0.000,2.064,2.028,474845,674558,0,415,274,274,30390080,975714,148,166,0
674,1.323,1.003,0.001,2.326,2.223,474845,674558,0,415,274,274,30390080,975714,148,166,0
675,1.274,0.744,0.000,2.018,2.523,474845,674558,0,415,274,274,30390080,975714,148,166,0
676,1.498,0.544,0.000,2.042,2.110,474845,674558,0,415,274,274,30390080,975714,148,166,0
677,1.549,0.411,0.000,1.960,2.256,474845,674558,0,415,274,274,30390080,975714,148,166,0
678,1.620,0.483,0.000,2.103,2.286,474845,674558,0,415,274,274,30390080,975714,148,166,0
679,1.336,0.462,0.000,1.798,2.182,474845,674558,0,415,274,274,30390080,975714,148,166,0
680,1.265,0.922,0.000,2.187,1.894,474845,674558,0,415,274,274,30390080,975714,148,166,0
681,1.363,0.731,0.000,2.094,2.345,474845,674558,0,415,274,274,30390080,975714,148,166,0
682,1.595,0.710,0.000,2.305,2.406,474845,674558,0,415,274,274,30390080,975714,148,166,0
683,1.313,0.833,0.000,2.146,2.669,474845,674558,0,415,274,274,30390080,975714,148,166,0
684,1.451,0.485,0.000,1.936,2.255,474845,674558,0,415,274,274,30390080,975714,148,166,0
685,1.528,0.422,0.000,1.950,2.017,474845,674558,0,415,274,274,30390080,975714,148,166,0
686,1.443,0.561,0.000,2.004,2.030,474845,674558,0,415,274,274,30390080,975714,148,166,0
687,1.530,0.688,0.000,2.218,2.253,474845,674558,0,415,274,274,30390080,975714,148,166,0
688,1.335,0.971,0.000,2.307,2.463,474845,674558,0,415,274,274,30390080,975714,148,166,0
689,1.287,0.971,0.000,2.258,2.401,474845,674558,0,415,274,274,30390080,975714,148,166,0
690,1.289,0.658,0.000,1.947,2.534,474845,674558,0,415,274,274,30390080,975714,148,166,0
691,1.394,0.723,0.000,2.117,2.061,474845,674558,0,415,274,274,30390080,975714,148,166,0
692,1.475,0.428,0.000,1.902,2.209,474845,674558,0,415,274,274,30390080,975714,148,166,0
693,1.432,0.451,0.000,1.883,1.982,474845,674558,0,415,274,274,30390080,975714,148,166,0
694,1.184,1.010,0.000,2.193,1.961,474845,674558,0,415,274,274,30390080,975714,148,166,0
695,1.292,0.773,0.000,2.065,2.326,474845,674558,0,415,274,274,30390080,975714,148,166,0
696,1.370,0.704,0.000,2.074,2.170,474845,674558,0,415,274,274,30390080,975714,148,166,0
697,1.501,0.428,0.000,1.930,2.152,474845,674558,0,415,274,274,30390080,975714,148,166,0
698,1.562,0.403,0.000,1.964,2.168,474845,674558,0,415,274,274,30390080,975714,148,166,0
699,1.283,0.628,0.000,1.912,2.063,474845,674558,0,415,274,274,30390080,975714,148,166,0
700,1.245,1.023,0.000,2.268,2.006,474845,674558,0,415,274,274,30390080,975714,148,166,0
701,1.300,0.764,0.000,2.064,2.398,474845,674558,0,415,274,274,30390080,975714,148,166,0
702,1.375,0.741,0.000,2.116,2.181,474845,674558,0,415,274,274,30390080,975714,148,166,0
703,1.464,0.409,0.000,1.873,2.215,474845,674558,0,415,274,274,30390080,975714,148,166,0
704,1.549,0.454,0.000,2.003,1.955,474845,674558,0,415,274,274,30390080,975714,148,166,0
705,1.554,0.581,0.000,2.135,2.288,474845,674558,0,415,274,274,30390080,975714,148,166,0
706,2.356,0.656,0.000,3.012,2.485,474845,674558,0,415,274,274,30390080,975714,148,166,0
707,1.679,0.454,0.000,2.133,3.599,474845,674558,0,415,274,274,30390080,975714,148,166,0
708,6.817,1.300,0.000,8.117,4.044,474845,674558,0,415,274,274,30390080,975714,148,166,0
709,1.713,0.871,0.000,2.584,8.522,474845,674558,0,415,274,274,30390080,975714,148,166,0
710,1.795,0.582,0.000,2.377,2.876,474845,674558,0,415,274,274,30390080,975714,148,166,0
711,1.754,0.819,0.000,2.573,2.733,474845,674558,0,415,274,274,30390080,975714,148,166,0
712,1.776,0.565,0.000,2.340,2.924,474845,674558,0,415,274,274,30390080,975714,148,166,0
713,1.794,0.713,0.000,2.507,2.797,474845,674558,0,415,274,274,30390080,975714,148,166,0
714,1.654,0.493,0.000,2.147,2.796,474845,674558,0,415,274,274,30390080,975714,148,166,0
715,1.702,0.804,0.000,2.506,2.442,474845,674558,0,415,274,274,30390080,975714,148,166,0
716,1.676,0.547,0.000,2.223,2.757,474845,674558,0,415,274,274,30390080,975714,148,166,0
717,1.763,0.484,0.000,2.247,2.458,474845,674558,0,415,274,274,30390080,975714,148,166,0
718,1.712,0.696,0.000,2.407,2.338,474845,674558,0,415,274,274,30390080,975714,148,166,0
719,1.668,0.539,0.000,2.207,2.513,474845,674558,0,415,274,274,30390080,975714,148,166,0
720,1.479,0.539,0.000,2.018,2.297,474845,674558,0,415,274,274,30390080,975714,148,166,0
721,1.400,0.629,0.000,2.030,2.102,474845,674558,0,415,274,274,30390080,975714,148,166,0
722,1.415,0.483,0.000,1.897,2.129,474845,674558,0,415,274,274,30390080,975714,148,166,0
723,1.517,0.422,0.000,1.940,1.991,474845,674558,0,415,274,274,30390080,975714,148,166,0
724,1.615,0.522,0.000,2.137,2.034,474845,674558,0,415,274,274,30390080,975714,148,166,0
725,1.659,0.504,0.000,2.163,2.402,474845,674558,0,415,274,274,30390080,975714,148,166,0
726,1.484,0.480,0.000,1.964,2.246,474845,674558,0,415,274,274,30390080,975714,148,166,0
727,1.307,0.580,0.000,1.888,2.050,474845,674558,0,415,274,274,30390080,975714,148,166,0
728,1.318,0.382,0.000,1.701,2.055,474845,674558,0,415,274,274,30390080,975714,148,166,0
729,1.524,0.442,0.000,1.966,1.784,474845,674558,0,415,274,274,30390080,975714,148,166,0
730,1.431,0.582,0.000,2.013,2.050,474845,674558,0,415,274,274,30390080,975714,148,166,0
731,1.609,0.583,0.000,2.192,2.334,474845,674558,0,415,274,274,30390080,975714,148,166,0
732,1.339,0.584,0.000,1.923,2.278,474845,674558,0,415,274,274,30390080,975714,148,166,0
733,1.322,0.407,0.000,1.730,2.020,474845,674558,0,415,274,274,30390080,975714,148,166,0
734,1.459,0.430,0.000,1.888,1.826,474845,674558,0,415,274,274,30390080,975714,148,166,0
735,1.492,0.463,0.000,1.954,1.974,474845,674558,0,415,274,274,30390080,975714,148,166,0
736,1.643,0.582,0.000,2.224,2.728,474845,674558,0,415,274,274,30390080,975714,148,166,0
737,1.741,0.593,0.000,2.334,2.552,474845,674558,0,415,274,274,30390080,975714,148,166,0
738,1.522,0.517,0.000,2.039,2.427,474845,674558,0,415,274,274,30390080,975714,148,166,0
739,1.375,0.571,0.000,1.946,2.123,474845,674558,0,415,274,274,30390080,975714,148,166,0
740,1.346,0.841,0.000,2.187,2.036,474845,674558,0,415,274,274,30390080,975714,148,166,0
741,1.343,0.734,0.000,2.077,2.305,474845,674558,0,415,274,274,30390080,975714,148,166,0
742,1.456,0.893,0.000,2.349,2.179,474845,674558,0,415,274,274,30390080,975714,148,166,0
743,1.455,0.568,0.000,2.023,2.455,474845,674558,0,415,274,274,30390080,975714,148,166,0
744,1.485,0.411,0.000,1.896,2.106,474845,674558,0,415,274,274,30390080,975714,148,166,0
745,1.553,0.470,0.000,2.023,1.997,474845,674558,0,415,274,274,30390080,975714,148,166,0
746,1.800,0.654,0.000,2.453,2.362,474845,674558,0,415,274,274,30390080,975714,148,166,0
747,1.699,0.640,0.000,2.338,2.551,474845,674558,0,415,274,274,30390080,975714,148,166,0
748,1.428,0.670,0.000,2.098,2.437,474845,674558,0,415,274,274,30390080,975714,148,166,0
749,1.327,0.923,0.000,2.251,2.193,474845,674558,0,415,274,274,30390080,975714,148,166,0
750,1.331,0.749,0.000,2.080,2.349,474845,674558,0,415,274,274,30390080,975714,148,166,0
751,1.419,0.852,0.000,2.271,2.186,474845,674558,0,415,274,274,30390080,975714,148,166,0
752,1.529,0.510,0.000,2.039,2.367,474845,674558,0,415,274,274,30390080,975714,148,166,0
753,1.664,0.537,0.000,2.201,2.659,474845,674558,0,415,274,274,30390080,975714,148,166,0
754,1.526,0.578,0.000,2.104,2.295,474845,674558,0,415,274,274,30390080,975714,148,166,0
755,1.596,0.588,0.000,2.184,2.188,474845,674558,0,415,274,274,30390080,975714,148,166,0
756,1.522,0.527,0.000,2.049,2.266,474845,674558,0,415,274,274,30390080,975714,148,166,0
757,1.598,0.831,0.000,2.429,2.478,474845,674558,0,415,274,274,30390080,975714,148,166,0
758,1.555,0.604,0.000,2.160,2.528,474845,674558,0,415,274,274,30390080,975714,148,166,0
759,1.525,0.673,0.000,2.198,2.248,474845,674558,0,415,274,274,30390080,975714,148,166,0
760,1.479,0.931,0.000,2.410,2.297,474845,674558,0,415,274,274,30390080,975714,148,166,0
761,1.527,0.808,0.000,2.334,2.518,474845,674558,0,415,274,274,30390080,975714,148,166,0
762,1.733,0.782,0.000,2.516,3.000,474845,674558,0,415,274,274,30390080,975714,148,166,0
763,1.501,0.655,0.000,2.156,2.625,474845,674558,0,415,274,274,30390080,975714,148,166,0
764,1.337,0.825,0.000,2.162,2.265,474845,674558,0,415,274,274,30390080,975714,148,166,0
765,1.384,0.786,0.000,2.170,2.283,474845,674558,0,415,274,274,30390080,975714,148,166,0
766,1.785,1.065,0.000,2.850,2.572,474845,674558,0,415,274,274,30390080,975714,148,166,0
767,1.675,0.781,0.000,2.456,3.188,474845,674558,0,415,274,274,30390080,975714,148,166,0
768,1.399,0.609,0.000,2.008,2.562,474845,674558,0,415,274,274,30390080,975714,148,166,0
769,1.406,0.626,0.000,2.032,2.099,474845,674558,0,415,274,274,30390080,975714,148,166,0
770,1.455,0.810,0.000,2.265,2.146,474845,674558,0,415,274,274,30390080,975714,148,166,0
771,1.776,0.615,0.000,2.392,2.619,474845,674558,0,415,274,274,30390080,975714,148,166,0
772,1.812,0.915,0.002,2.729,2.809,474845,674558,0,415,274,274,30390080,975714,148,166,0
773,1.508,0.714,0.000,2.222,3.201,474845,674558,0,415,274,274,30390080,975714,148,166,0
774,1.439,0.473,0.000,1.913,2.317,474845,674558,0,415,274,274,30390080,975714,148,166,0
775,1.544,0.620,0.000,2.164,2.004,474845,674558,0,415,274,274,30390080,975714,148,166,0
776,1.717,0.489,0.000,2.206,2.256,474845,674558,0,415,274,274,30390080,975714,148,166,0
777,1.629,0.459,0.000,2.088,2.301,474845,674558,0,415,274,274,30390080,975714,148,166,0
778,1.490,0.615,0.000,2.105,2.170,474845,674558,0,415,274,274,30390080,975714,148,166,0
779,1.675,0.764,0.002,2.441,2.405,474845,674558,0,415,274,274,30390080,975714,148,166,0
780,1.678,0.630,0.000,2.308,2.980,474845,674558,0,415,274,274,30390080,975714,148,166,0
781,1.551,0.734,0.000,2.285,2.400,474845,674558,0,415,274,274,30390080,975714,148,166,0
782,1.655,0.681,0.000,2.336,2.614,474845,674558,0,415,274,274,30390080,975714,148,166,0
783,1.648,0.591,0.000,2.239,2.548,474845,674558,0,415,274,274,30390080,975714,148,166,0
784,1.404,0.723,0.000,2.127,2.333,474845,674558,0,415,274,274,30390080,975714,148,166,0
785,1.584,0.870,0.000,2.454,2.411,474845,674558,0,415,274,274,30390080,975714,148,166,0
786,1.410,0.872,0.000,2.282,2.554,474845,674558,0,415,274,274,30390080,975714,148,166,0
787,1.348,0.888,0.000,2.235,2.385,474845,674558,0,415,274,274,30390080,975714,148,166,0
788,1.338,0.830,0.000,2.168,2.323,474845,674558,0,415,274,274,30390080,975714,148,166,0
789,1.745,0.852,0.000,2.597,2.616,474845,674558,0,415,274,274,30390080,975714,148,166,0
790,1.656,0.679,0.000,2.335,2.933,474845,674558,0,415,274,274,30390080,975714,148,166,0
791,1.532,0.734,0.000,2.266,2.444,474845,674558,0,415,274,274,30390080,975714,148,166,0
792,1.714,0.766,0.000,2.480,2.369,474845,674558,0,415,274,274,30390080,975714,148,166,0
793,1.569,0.647,0.000,2.217,3.091,474845,674558,0,415,274,274,30390080,975714,148,166,0
794,1.607,0.927,0.000,2.534,2.571,474845,674558,0,415,274,274,30390080,975714,148,166,0
795,1.591,0.559,0.000,2.150,2.655,474845,674558,0,415,274,274,30390080,975714,148,166,0
796,1.505,0.539,0.000,2.044,2.252,474845,674558,0,415,274,274,30390080,975714,148,166,0
797,1.628,0.565,0.000,2.193,2.127,474845,674558,0,415,274,274,30390080,975714,148,166,0
798,1.757,0.585,0.000,2.341,2.487,474845,674558,0,415,274,274,30390080,975714,148,166,0
799,1.716,0.709,0.005,2.430,2.603,474845,674558,0,415,274,274,30390080,975714,148,166,0
800,1.565,0.505,0.000,2.070,2.514,474845,674558,0,415,274,274,30390080,975714,148,166,0
801,1.497,0.480,0.000,1.977,2.159,474845,674558,0,415,274,274,30390080,975714,148,166,0
802,1.295,0.934,0.000,2.229,2.076,474845,674558,0,415,274,274,30390080,975714,148,166,0
803,1.487,0.792,0.000,2.279,2.324,474845,674558,0,415,274,274,30390080,975714,148,166,0
804,1.696,0.878,0.000,2.574,2.621,474845,674558,0,415,274,274,30390080,975714,148,166,0
805,1.641,0.837,0.000,2.478,2.834,474845,674558,0,415,274,274,30390080,975714,148,166,0
806,1.518,0.655,0.000,2.174,2.641,474845,674558,0,415,274,274,30390080,975714,148,166,0
807,1.390,0.764,0.000,2.155,2.269,474845,674558,0,415,274,274,30390080,975714,148,166,0
808,1.398,0.810,0.000,2.208,2.250,474845,674558,0,415,274,274,30390080,975714,148,166,0
809,1.405,0.937,0.000,2.342,2.295,474845,674558,0,415,274,274,30390080,975714,148,166,0
810,1.538,0.853,0.000,2.391,2.430,474845,674558,0,415,274,274,30390080,975714,148,166,0
811,1.828,0.629,0.000,2.457,2.521,474845,674558,0,415,274,274,30390080,975714,148,166,0
812,1.712,0.677,0.000,2.389,2.930,474845,674558,0,415,274,274,30390080,975714,148,166,0
813,1.546,0.499,0.000,2.044,2.520,474845,674558,0,415,274,274,30390080,975714,148,166,0
814,1.533,0.434,0.000,1.967,2.140,474845,674558,0,415,274,274,30390080,975714,148,166,0
815,1.670,0.611,0.000,2.281,2.050,474845,674558,0,415,274,274,30390080,975714,148,166,0
816,1.679,0.676,0.000,2.355,2.595,474845,674558,0,415,274,274,30390080,975714,148,166,0
817,1.625,0.542,0.000,2.167,2.456,474845,674558,0,415,274,274,30390080,975714,148,166,0
818,1.394,0.569,0.000,1.963,2.251,474845,674558,0,415,274,274,30390080,975714,148,166,0
819,1.332,0.939,0.000,2.271,2.056,474845,674558,0,415,274,274,30390080,975714,148,166,0
820,1.337,0.747,0.000,2.085,2.369,474845,674558,0,415,274,274,30390080,975714,148,166,0
821,1.537,0.815,0.000,2.352,2.187,474845,674558,0,415,274,274,30390080,975714,148,166,0
822,1.491,0.557,0.000,2.048,2.476,474845,674558,0,415,274,274,30390080,975714,148,166,0
823,1.677,0.522,0.000,2.199,2.131,474845,674558,0,415,274,274,30390080,975714,148,166,0
824,1.587,0.480,0.000,2.067,2.379,474845,674558,0,415,274,274,30390080,975714,148,166,0
825,1.422,0.708,0.000,2.131,2.152,474845,674558,0,415,274,274,30390080,975714,148,166,0
826,1.517,0.649,0.000,2.166,2.566,474845,674558,0,415,274,274,30390080,975714,148,166,0
827,1.328,0.762,0.000,2.090,2.247,474845,674558,0,415,274,274,30390080,975714,148,166,0
828,1.378,0.777,0.000,2.155,2.386,474845,674558,0,415,274,274,30390080,975714,148,166,0
829,1.307,0.705,0.000,2.012,2.258,474845,674558,0,415,274,274,30390080,975714,148,166,0
830,1.558,0.949,0.000,2.507,2.118,474845,674558,0,415,274,274,30390080,975714,148,166,0
831,1.711,1.052,0.000,2.764,2.988,474845,674558,0,415,274,274,30390080,975714,148,166,0
832,1.438,0.580,0.000,2.019,2.869,474845,674558,0,415,274,274,30390080,975714,148,166,0
833,1.458,0.737,0.000,2.195,2.136,474845,674558,0,415,274,274,30390080,975714,148,166,0
834,1.613,0.703,0.000,2.316,2.411,474845,674558,0,415,274,274,30390080,975714,148,166,0
835,1.577,0.747,0.000,2.324,2.406,474845,674558,0,415,274,274,30390080,975714,148,166,0
836,1.652,0.499,0.000,2.151,2.421,474845,674558,0,415,274,274,30390080,975714,148,166,0
837,1.645,0.466,0.000,2.111,2.239,474845,674558,0,415,274,274,30390080,975714,148,166,0
838,1.579,0.586,0.000,2.165,2.197,474845,674558,0,415,274,274,30390080,975714,148,166,0
839,1.419,0.624,0.000,2.043,2.255,474845,674558,0,415,274,274,30390080,975714,148,166,0
840,1.450,0.960,0.000,2.410,2.148,474845,674558,0,415,274,274,30390080,975714,148,166,0
841,1.426,0.831,0.000,2.258,2.507,474845,674558,0,415,274,274,30390080,975714,148,166,0
842,1.425,0.677,0.000,2.102,2.358,474845,674558,0,415,274,274,30390080,975714,148,166,0
843,1.629,0.813,0.000,2.442,2.196,474845,674558,0,415,274,274,30390080,975714,148,166,0
844,1.469,0.649,0.000,2.118,2.780,474845,674558,0,415,274,274,30390080,975714,148,166,0
845,1.537,0.594,0.000,2.130,2.217,474845,674558,0,415,274,274,30390080,975714,148,166,0
846,1.498,0.458,0.000,1.956,2.218,474845,674558,0,415,274,274,30390080,975714,148,166,0
847,1.469,0.545,0.000,2.014,2.039,474845,674558,0,415,274,274,30390080,975714,148,166,0
848,1.266,0.828,0.000,2.094,2.098,474845,674558,0,415,274,274,30390080,975714,148,166,0
849,1.297,0.757,0.000,2.054,2.191,474845,674558,0,415,274,274,30390080,975714,148,166,0
850,1.425,0.865,0.000,2.290,2.158,474845,674558,0,415,274,274,30390080,975714,148,166,0
851,1.444,0.582,0.000,2.025,2.393,474845,674558,0,415,274,274,30390080,975714,148,166,0
852,1.517,0.432,0.000,1.949,2.105,474845,674558,0,415,274,274,30390080,975714,148,166,0
853,1.555,0.461,0.000,2.015,2.036,474845,674558,0,415,274,274,30390080,975714,148,166,0
854,1.237,0.887,0.000,2.124,2.103,474845,674558,0,415,274,274,30390080,975714,148,166,0
855,1.331,0.901,0.000,2.232,2.298,474845,674558,0,415,274,274,30390080,975714,148,166,0
856,1.315,0.717,0.000,2.032,2.336,474845,674558,0,415,274,274,30390080,975714,148,166,0
857,1.404,0.895,0.000,2.299,2.131,474845,674558,0,415,274,274,30390080,975714,148,166,0
858,1.491,0.475,0.000,1.967,2.389,474845,674558,0,415,274,274,30390080,975714,148,166,0
859,1.697,0.464,0.000,2.161,2.051,474845,674558,0,415,274,274,30390080,975714,148,166,0
860,1.401,0.436,0.000,1.836,2.240,474845,674558,0,415,274,274,30390080,975714,148,166,0
861,1.284,0.769,0.000,2.054,1.930,474845,674558,0,415,274,274,30390080,975714,148,166,0
862,1.306,0.816,0.000,2.122,2.147,474845,674558,0,415,274,274,30390080,975714,148,166,0
863,1.353,0.821,0.000,2.174,2.225,474845,674558,0,415,274,274,30390080,975714,148,166,0
864,1.456,0.441,0.000,1.897,2.272,474845,674558,0,415,274,274,30390080,975714,148,166,0
865,1.502,0.484,0.000,1.986,1.974,474845,674558,0,415,274,274,30390080,975714,148,166,0
866,1.346,0.624,0.000,1.971,2.083,474845,674558,0,415,274,274,30390080,975714,148,166,0
867,1.333,0.892,0.000,2.225,2.096,474845,674558,0,415,274,274,30390080,975714,148,166,0
868,1.320,0.843,0.000,2.163,2.333,474845,674558,0,415,274,274,30390080,975714,148,166,0
869,1.467,0.771,0.000,2.238,2.257,474845,674558,0,415,274,274,30390080,975714,148,166,0
870,1.519,0.422,0.000,1.941,2.335,474845,674558,0,415,274,274,30390080,975714,148,166,0
871,1.529,0.469,0.000,1.998,2.021,474845,674558,0,415,274,274,30390080,975714,148,166,0
872,1.318,0.756,0.000,2.073,2.081,474845,674558,0,415,274,274,30390080,975714,148,166,0
873,1.368,0.777,0.000,2.145,2.256,474845,674558,0,415,274,274,30390080,975714,148,166,0
874,1.339,0.761,0.000,2.100,2.504,474845,674558,0,415,274,274,30390080,975714,148,166,0
875,1.341,0.497,0.000,1.838,2.636,474845,674558,0,415,274,274,30390080,975714,148,166,0
876,1.451,0.831,0.000,2.282,1.950,474845,674558,0,415,274,274,30390080,975714,148,166,0
877,1.463,0.616,0.000,2.079,2.430,474845,674558,0,415,274,274,30390080,975714,148,166,0
878,1.509,0.463,0.000,1.972,2.157,474845,674558,0,415,274,274,30390080,975714,148,166,0
879,1.453,0.466,0.000,1.920,2.055,474845,674558,0,415,274,274,30390080,975714,148,166,0
880,1.265,0.847,0.000,2.111,2.001,474845,674558,0,415,274,274,30390080,975714,148,166,0
881,1.302,0.817,0.000,2.119,2.203,474845,674558,0,415,274,274,30390080,975714,148,166,0
882,1.346,0.722,0.000,2.067,2.282,474845,674558,0,415,274,274,30390080,975714,148,166,0
883,1.477,0.722,0.000,2.199,2.168,474845,674558,0,415,274,274,30390080,975714,148,166,0
884,1.497,0.416,0.000,1.913,2.284,474845,674558,0,415,274,274,30390080,975714,148,166,0
885,1.502,0.631,0.000,2.133,1.994,474845,674558,0,415,274,274,30390080,975714,148,166,0
886,1.485,0.498,0.000,1.982,2.288,474845,674558,0,415,274,274,30390080,975714,148,166,0
887,1.265,0.796,0.000,2.061,2.072,474845,674558,0,415,274,274,30390080,975714,148,166,0
888,1.291,0.911,0.000,2.202,2.208,474845,674558,0,415,274,274,30390080,975714,148,166,0
889,1.326,0.797,0.000,2.122,2.389,474845,674558,0,415,274,274,30390080,975714,148,166,0
890,1.417,0.558,0.000,1.975,2.231,474845,674558,0,415,274,274,30390080,975714,148,166,0
891,1.474,0.395,0.000,1.869,2.053,474845,674558,0,415,274,274,30390080,975714,148,166,0
892,1.391,0.467,0.000,1.857,1.954,474845,674558,0,415,274,274,30390080,975714,148,166,0
893,1.288,0.963,0.000,2.251,1.942,474845,674558,0,415,274,274,30390080,975714,148,166,0
894,1.293,0.696,0.000,1.990,2.353,474845,674558,0,415,274,274,30390080,975714,148,166,0
895,1.364,0.782,0.000,2.146,2.102,474845,674558,0,415,274,274,30390080,975714,148,166,0
896,1.466,0.409,0.000,1.875,2.239,474845,674558,0,415,274,274,30390080,975714,148,166,0
897,1.486,0.439,0.000,1.925,1.953,474845,674558,0,415,274,274,30390080,975714,148,166,0
898,1.227,0.765,0.000,1.992,2.005,474845,674558,0,415,274,274,30390080,975714,148,166,0
899,1.233,0.999,0.000,2.232,2.077,474845,674558,0,415,274,274,30390080,975714,148,166,0
900,1.316,0.733,0.000,2.049,2.417,474845,674558,0,415,274,274,30390080,975714,148,166,0
901,1.408,0.699,0.000,2.107,2.152,474845,674558,0,415,274,274,30390080,975714,148,166,0
902,1.491,0.401,0.000,1.892,2.185,474845,674558,0,415,274,274,30390080,975714,148,166,0
903,1.508,0.424,0.000,1.932,1.973,474845,674558,0,415,274,274,30390080,975714,148,166,0
904,1.395,0.874,0.000,2.269,2.012,474845,674558,0,415,274,274,30390080,975714,148,166,0
905,1.353,0.766,0.000,2.118,2.380,474845,674558,0,415,274,274,30390080,975714,148,166,0
906,1.305,0.852,0.000,2.158,2.210,474845,674558,0,415,274,274,30390080,975714,148,166,0
907,1.353,0.670,0.000,2.024,2.255,474845,674558,0,415,274,274,30390080,975714,148,166,0
908,1.422,0.394,0.000,1.816,2.103,474845,674558,0,415,274,274,30390080,975714,148,166,0
909,1.437,0.420,0.000,1.857,1.910,474845,674558,0,415,274,274,30390080,975714,148,166,0
910,1.199,0.734,0.000,1.933,1.934,474845,674558,0,415,274,274,30390080,975714,148,166,0
911,1.206,0.852,0.000,2.059,2.113,474845,674558,0,415,274,274,30390080,975714,148,166,0
912,1.292,0.729,0.000,2.021,2.157,474845,674558,0,415,274,274,30390080,975714,148,166,0
913,1.461,0.403,0.000,1.865,2.099,474845,674558,0,415,274,274,30390080,975714,148,166,0
914,1.493,0.427,0.000,1.920,1.950,474845,674558,0,415,274,274,30390080,975714,148,166,0
915,1.323,0.883,0.000,2.206,2.101,474845,674558,0,415,274,274,30390080,975714,148,166,0
916,1.292,0.850,0.000,2.142,2.328,474845,674558,0,415,274,274,30390080,975714,148,166,0
917,1.254,0.780,0.000,2.035,2.311,474845,674558,0,415,274,274,30390080,975714,148,166,0
918,1.319,0.966,0.000,2.285,2.140,474845,674558,0,415,274,274,30390080,975714,148,166,0
919,1.621,0.458,0.000,2.078,2.698,474845,674558,0,415,274,274,30390080,975714,148,166,0
920,1.465,0.819,0.000,2.284,3.657,474845,674558,0,415,274,274,30390080,975714,148,166,0
921,1.284,0.842,0.000,2.126,2.378,474845,674558,0,415,274,274,30390080,975714,148,166,0
922,1.470,0.576,0.000,2.046,2.238,474845,674558,0,415,274,274,30390080,975714,148,166,0
923,1.467,0.507,0.000,1.974,2.165,474845,674558,0,415,274,274,30390080,975714,148,166,0
924,1.487,0.487,0.000,1.974,2.067,474845,674558,0,415,274,274,30390080,975714,148,166,0
925,1.606,0.538,0.000,2.143,2.072,474845,674558,0,415,274,274,30390080,975714,148,166,0
926,1.494,0.824,0.000,2.319,2.234,474845,674558,0,415,274,274,30390080,975714,148,166,0
927,1.458,0.567,0.000,2.025,3.008,474845,674558,0,415,274,274,30390080,975714,148,166,0
928,1.362,0.762,0.004,2.128,2.109,474845,674558,0,415,274,274,30390080,975714,148,166,0
929,1.652,0.812,0.000,2.464,2.229,474845,674558,0,415,274,274,30390080,975714,148,166,0
930,1.434,1.072,0.000,2.505,2.552,474845,674558,0,415,274,274,30390080,975714,148,166,0
931,1.423,0.939,0.000,2.362,2.620,474845,674558,0,415,274,274,30390080,975714,148,166,0
932,1.503,1.105,0.000,2.608,2.480,474845,674558,0,415,274,274,30390080,975714,148,166,0
933,1.698,0.622,0.000,2.320,4.492,474845,674558,0,415,274,274,30390080,975714,148,166,0
934,1.608,0.572,0.000,2.181,2.453,474845,674558,0,415,274,274,30390080,975714,148,166,0
935,1.619,0.636,0.000,2.255,7.732,474845,674558,0,415,274,274,30390080,975714,148,166,0
936,1.427,0.464,0.000,1.891,2.359,474845,674558,0,415,274,274,30390080,975714,148,166,0
937,1.267,0.624,0.000,1.890,1.979,474845,674558,0,415,274,274,30390080,975714,148,166,0
938,1.318,0.379,0.000,1.697,2.023,474845,674558,0,415,274,274,30390080,975714,148,166,0
939,1.399,0.459,0.000,1.857,1.780,474845,674558,0,415,274,274,30390080,975714,148,166,0
940,1.352,0.541,0.000,1.893,1.941,474845,674558,0,415,274,274,30390080,975714,148,166,0
941,1.269,0.439,0.000,1.708,1.977,474845,674558,0,415,274,274,30390080,975714,148,166,0
942,1.418,0.470,0.000,1.888,1.797,474845,674558,0,415,274,274,30390080,975714,148,166,0
943,1.851,1.002,0.000,2.853,3.599,474845,674558,0,415,274,274,30390080,975714,148,166,0
944,1.549,0.787,0.000,2.336,2.955,474845,674558,0,415,274,274,30390080,975714,148,166,0
945,1.466,0.782,0.000,2.248,2.431,474845,674558,0,415,274,274,30390080,975714,148,166,0
946,1.410,0.521,0.000,1.931,2.362,474845,674558,0,415,274,274,30390080,975714,148,166,0
947,1.537,0.494,0.000,2.031,2.044,474845,674558,0,415,274,274,30390080,975714,148,166,0
948,1.580,0.485,0.000,2.064,2.121,474845,674558,0,415,274,274,30390080,975714,148,166,0
949,1.390,0.718,0.000,2.108,2.150,474845,674558,0,415,274,274,30390080,975714,148,166,0
950,1.689,0.716,0.000,2.406,4.331,474845,674558,0,415,274,274,30390080,975714,148,166,0
951,1.543,0.533,0.000,2.076,2.534,474845,674558,0,415,274,274,30390080,975714,148,166,0
952,1.638,0.486,0.000,2.125,2.175,474845,674558,0,415,274,274,30390080,975714,148,166,0
953,1.603,0.503,0.000,2.107,2.221,474845,674558,0,415,274,274,30390080,975714,148,166,0
954,1.545,0.689,0.000,2.235,2.196,474845,674558,0,415,274,274,30390080,975714,148,166,0
955,1.554,0.599,0.000,2.153,3.314,474845,674558,0,415,274,274,30390080,975714,148,166,0
956,1.487,0.527,0.000,2.015,2.251,474845,674558,0,415,274,274,30390080,975714,148,166,0
957,1.312,0.807,0.000,2.119,2.105,474845,674558,0,415,274,274,30390080,975714,148,166,0
958,1.374,0.818,0.000,2.193,2.244,474845,674558,0,415,274,274,30390080,975714,148,166,0
959,1.513,0.663,0.000,2.177,2.293,474845,674558,0,415,274,274,30390080,975714,148,166,0
960,1.600,0.498,0.000,2.098,2.262,474845,674558,0,415,274,274,30390080,975714,148,166,0
961,1.880,0.602,0.000,2.482,2.188,474845,674558,0,415,274,274,30390080,975714,148,166,0
962,1.816,0.450,0.000,2.266,2.960,474845,674558,0,415,274,274,30390080,975714,148,166,0
963,1.521,0.485,0.000,2.006,2.355,474845,674558,0,415,274,274,30390080,975714,148,166,0
964,1.363,0.985,0.000,2.348,2.097,474845,674558,0,415,274,274,30390080,975714,148,166,0
965,1.564,0.948,0.000,2.512,2.465,474845,674558,0,415,274,274,30390080,975714,148,166,0
966,1.528,0.879,0.000,2.407,2.625,474845,674558,0,415,274,274,30390080,975714,148,166,0
967,1.411,0.908,0.000,2.319,2.512,474845,674558,0,415,274,274,30390080,975714,148,166,0
968,1.377,0.700,0.000,2.077,2.468,474845,674558,0,415,274,274,30390080,975714,148,166,0
969,1.475,0.763,0.000,2.238,2.181,474845,674558,0,415,274,274,30390080,975714,148,166,0
970,1.472,0.591,0.000,2.063,2.332,474845,674558,0,415,274,274,30390080,975714,148,166,0
971,1.932,0.537,0.000,2.469,2.152,474845,674558,0,415,274,274,30390080,975714,148,166,0
972,1.526,0.439,0.000,1.965,3.594,474845,674558,0,415,274,274,30390080,975714,148,166,0
973,1.500,0.522,0.000,2.021,2.046,474845,674558,0,415,274,274,30390080,975714,148,166,0
974,1.725,0.715,0.000,2.441,2.539,474845,674558,0,415,274,274,30390080,975714,148,166,0
975,1.561,0.488,0.000,2.048,2.819,474845,674558,0,415,274,274,30390080,975714,148,166,0
976,1.512,0.435,0.000,1.947,2.133,474845,674558,0,415,274,274,30390080,975714,148,166,0
977,1.292,0.844,0.000,2.137,2.029,474845,674558,0,415,274,274,30390080,975714,148,166,0
978,1.349,0.919,0.000,2.268,2.241,474845,674558,0,415,274,274,30390080,975714,148,166,0
979,1.365,0.748,0.000,2.114,2.478,474845,674558,0,415,274,274,30390080,975714,148,166,0
980,1.445,0.829,0.000,2.274,2.214,474845,674558,0,415,274,274,30390080,975714,148,166,0
981,1.722,0.667,0.000,2.389,2.763,474845,674558,0,415,274,274,30390080,975714,148,166,0
982,1.449,0.804,0.000,2.253,3.439,474845,674558,0,415,274,274,30390080,975714,148,166,0
983,1.328,0.404,0.000,1.733,2.370,474845,674558,0,415,274,274,30390080,975714,148,166,0
984,1.438,0.486,0.000,1.924,1.829,474845,674558,0,415,274,274,30390080,975714,148,166,0
985,1.482,0.449,0.000,1.932,2.014,474845,674558,0,415,274,274,30390080,975714,148,166,0
986,1.226,0.861,0.000,2.088,2.018,474845,674558,0,415,274,274,30390080,975714,148,166,0
987,1.300,0.877,0.000,2.177,2.190,474845,674558,0,415,274,274,30390080,975714,148,166,0
988,1.334,0.698,0.000,2.032,2.356,474845,674558,0,415,274,274,30390080,975714,148,166,0
989,1.403,0.937,0.000,2.340,2.127,474845,674558,0,415,274,274,30390080,975714,148,166,0
990,1.410,0.592,0.000,2.002,3.295,474845,674558,0,415,274,274,30390080,975714,148,166,0
991,1.397,0.449,0.000,1.847,2.112,474845,674558,0,415,274,274,30390080,975714,148,166,0
992,1.534,0.419,0.000,1.953,1.933,474845,674558,0,415,274,274,30390080,975714,148,166,0
993,1.314,0.617,0.000,1.931,2.037,474845,674558,0,415,274,274,30390080,975714,148,166,0
994,1.403,0.800,0.000,2.203,2.330,474845,674558,0,415,274,274,30390080,975714,148,166,0
995,1.228,0.789,0.000,2.018,2.302,474845,674558,0,415,274,274,30390080,975714,148,166,0
996,1.644,1.127,0.000,2.771,2.295,474845,674558,0,415,274,274,30390080,975714,148,166,0
997,1.405,0.655,0.000,2.060,3.022,474845,674558,0,415,274,274,30390080,975714,148,166,0
998,1.364,0.947,0.000,2.311,2.167,474845,674558,0,415,274,274,30390080,975714,148,166,0
999,1.441,0.585,0.000,2.026,2.396,474845,674558,0,415,274,274,30390080,975714,148,166,0
1000,1.594,0.494,0.000,2.088,2.109,474845,674558,0,415,274,274,30390080,975714,148,166,0
1001,1.642,0.594,0.000,2.235,2.568,474845,674558,0,415,274,274,30390080,975714,148,166,0
1002,1.519,0.523,0.000,2.042,2.323,474845,674558,0,415,274,274,30390080,975714,148,166,0
1003,1.364,0.889,0.000,2.253,2.125,474845,674558,0,415,274,274,30390080,975714,148,166,0
1004,1.399,0.789,0.000,2.189,2.361,474845,674558,0,415,274,274,30390080,975714,148,166,0
1005,1.354,0.922,0.000,2.276,2.300,474845,674558,0,415,274,274,30390080,975714,148,166,0
1006,1.514,0.715,0.000,2.229,2.375,474845,674558,0,415,274,274,30390080,975714,148,166,0
1007,1.577,0.470,0.000,2.047,2.325,474845,674558,0,415,274,274,30390080,975714,148,166,0
1008,1.688,0.579,0.000,2.267,2.133,474845,674558,0,415,274,274,30390080,975714,148,166,0
1009,1.612,0.605,0.000,2.217,3.352,474845,674558,0,415,274,274,30390080,975714,148,166,0
1010,1.673,0.501,0.000,2.173,2.296,474845,674558,0,415,274,274,30390080,975714,148,166,0
1011,1.551,0.539,0.000,2.090,2.258,474845,674558,0,415,274,274,30390080,975714,148,166,0
1012,1.658,0.562,0.000,2.220,3.224,474845,674558,0,415,274,274,30390080,975714,148,166,0
1013,1.550,0.441,0.000,1.991,2.306,474845,674558,0,415,274,274,30390080,975714,148,166,0
1014,1.447,0.472,0.000,1.918,2.075,474845,674558,0,415,274,274,30390080,975714,148,166,0
1015,1.253,0.897,0.000,2.150,2.003,474845,674558,0,415,274,274,30390080,975714,148,166,0
1016,1.324,0.795,0.000,2.118,2.242,474845,674558,0,415,274,274,30390080,975714,148,166,0
1017,1.401,0.869,0.000,2.270,2.212,474845,674558,0,415,274,274,30390080,975714,148,166,0
1018,1.470,0.555,0.000,2.025,2.367,474845,674558,0,415,274,274,30390080,975714,148,166,0
1019,1.599,0.537,0.000,2.135,2.106,474845,674558,0,415,274,274,30390080,975714,148,166,0
1020,1.697,0.507,0.000,2.204,2.917,474845,674558,0,415,274,274,30390080,975714,148,166,0
1021,1.523,0.594,0.000,2.117,2.286,474845,674558,0,415,274,274,30390080,975714,148,166,0
1022,1.516,0.509,0.000,2.026,2.471,474845,674558,0,415,274,274,30390080,975714,148,166,0
1023,1.239,0.854,0.000,2.092,2.108,474845,674558,0,415,274,274,30390080,975714,148,166,0
1024,1.326,0.771,0.000,2.098,2.199,474845,674558,0,415,274,274,30390080,975714,148,166,0
1025,1.405,0.994,0.000,2.399,2.189,474845,674558,0,415,274,274,30390080,975714,148,166,0
1026,1.452,0.801,0.000,2.254,2.887,474845,674558,0,415,274,274,30390080,975714,148,166,0
1027,1.454,0.570,0.000,2.023,2.362,474845,674558,0,415,274,274,30390080,975714,148,166,0
1028,1.355,0.539,0.000,1.895,2.108,474845,674558,0,415,274,274,30390080,975714,148,166,0
1029,1.533,0.628,0.000,2.161,1.976,474845,674558,0,415,274,274,30390080,975714,148,166,0
1030,1.393,1.057,0.000,2.450,2.243,474845,674558,0,415,274,274,30390080,975714,148,166,0
1031,1.381,0.847,0.000,2.228,2.547,474845,674558,0,415,274,274,30390080,975714,148,166,0
1032,1.287,0.779,0.000,2.065,2.322,474845,674558,0,415,274,274,30390080,975714,148,166,0
1033,1.456,0.761,0.000,2.217,2.604,474845,674558,0,415,274,274,30390080,975714,148,166,0
1034,1.404,0.857,0.000,2.261,2.329,474845,674558,0,415,274,274,30390080,975714,148,166,0
1035,1.703,0.651,0.000,2.354,2.355,474845,674558,0,415,274,274,30390080,975714,148,166,0
1036,1.659,0.719,0.000,2.378,2.706,474845,674558,0,415,274,274,30390080,975714,148,166,0
1037,1.500,0.681,0.000,2.181,2.494,474845,674558,0,415,274,274,30390080,975714,148,166,0
1038,1.542,0.462,0.000,2.005,2.263,474845,674558,0,415,274,274,30390080,975714,148,166,0
1039,1.531,0.501,0.000,2.031,2.084,474845,674558,0,415,274,274,30390080,975714,148,166,0
1040,1.274,0.859,0.000,2.134,2.111,474845,674558,0,415,274,274,30390080,975714,148,166,0
1041,1.271,0.847,0.000,2.118,2.232,474845,674558,0,415,274,274,30390080,975714,148,166,0
1042,1.582,1.052,0.000,2.634,2.508,474845,674558,0,415,274,274,30390080,975714,148,166,0
1043,1.577,0.880,0.000,2.457,2.947,474845,674558,0,415,274,274,30390080,975714,148,166,0
1044,1.402,0.513,0.000,1.915,2.830,474845,674558,0,415,274,274,30390080,975714,148,166,0
1045,1.393,0.833,0.000,2.226,2.113,474845,674558,0,415,274,274,30390080,975714,148,166,0
1046,1.390,0.744,0.000,2.135,2.331,474845,674558,0,415,274,274,30390080,975714,148,166,0
1047,1.702,0.757,0.000,2.459,2.418,474845,674558,0,415,274,274,30390080,975714,148,166,0
1048,1.625,0.535,0.000,2.160,2.756,474845,674558,0,415,274,274,30390080,975714,148,166,0
1049,1.700,0.634,0.000,2.334,2.456,474845,674558,0,415,274,274,30390080,975714,148,166,0
1050,1.599,0.630,0.000,2.229,2.420,474845,674558,0,415,274,274,30390080,975714,148,166,0
1051,1.792,0.546,0.000,2.337,2.552,474845,674558,0,415,274,274,30390080,975714,148,166,0
1052,1.519,0.625,0.000,2.143,2.440,474845,674558,0,415,274,274,30390080,975714,148,166,0
1053,1.383,0.577,0.000,1.960,2.227,474845,674558,0,415,274,274,30390080,975714,148,166,0
1054,1.368,0.928,0.000,2.295,2.055,474845,674558,0,415,274,274,30390080,975714,148,166,0
1055,1.353,1.172,0.000,2.526,2.418,474845,674558,0,415,274,274,30390080,975714,148,166,0
1056,1.681,1.023,0.000,2.705,3.033,474845,674558,0,415,274,274,30390080,975714,148,166,0
1057,1.456,0.748,0.000,2.204,2.814,474845,674558,0,415,274,274,30390080,975714,148,166,0
1058,1.343,0.514,0.000,1.857,2.305,474845,674558,0,415,274,274,30390080,975714,148,166,0
1059,1.820,0.732,0.000,2.552,1.970,474845,674558,0,415,274,274,30390080,975714,148,166,0
1060,1.446,0.794,0.000,2.240,2.680,474845,674558,0,415,274,274,30390080,975714,148,166,0
1061,1.437,0.621,0.000,2.058,2.341,474845,674558,0,415,274,274,30390080,975714,148,166,0
1062,1.672,0.783,0.000,2.454,2.136,474845,674558,0,415,274,274,30390080,975714,148,166,0
1063,1.664,0.611,0.000,2.275,2.805,474845,674558,0,415,274,274,30390080,975714,148,166,0
1064,1.592,0.661,0.000,2.253,2.360,474845,674558,0,415,274,274,30390080,975714,148,166,0
1065,1.591,0.506,0.000,2.097,2.539,474845,674558,0,415,274,274,30390080,975714,148,166,0
1066,1.457,0.560,0.000,2.017,2.201,474845,674558,0,415,274,274,30390080,975714,148,166,0
1067,1.314,0.816,0.000,2.130,2.109,474845,674558,0,415,274,274,30390080,975714,148,166,0
1068,1.638,0.996,0.000,2.634,2.538,474845,674558,0,415,274,274,30390080,975714,148,166,0
1069,1.431,0.868,0.000,2.299,2.757,474845,674558,0,415,274,274,30390080,975714,148,166,0
1070,1.350,0.766,0.000,2.116,2.405,474845,674558,0,415,274,274,30390080,975714,148,166,0
1071,1.679,0.838,0.000,2.517,2.369,474845,674558,0,415,274,274,30390080,975714,148,166,0
1072,1.526,0.960,0.005,2.491,3.063,474845,674558,0,415,274,274,30390080,975714,148,166,0
1073,1.373,0.497,0.000,1.870,2.625,474845,674558,0,415,274,274,30390080,975714,148,166,0
1074,1.424,0.630,0.000,2.054,1.973,474845,674558,0,415,274,274,30390080,975714,148,166,0
1075,1.605,0.596,0.000,2.201,2.142,474845,674558,0,415,274,274,30390080,975714,148,166,0
1076,1.749,0.449,0.000,2.198,2.482,474845,674558,0,415,274,274,30390080,975714,148,166,0
1077,1.471,0.537,0.000,2.008,2.287,474845,674558,0,415,274,274,30390080,975714,148,166,0
1078,1.407,0.858,0.000,2.265,2.102,474845,674558,0,415,274,274,30390080,975714,148,166,0
1079,1.488,0.783,0.000,2.272,2.556,474845,674558,0,415,274,274,30390080,975714,148,166,0
1080,1.381,0.868,0.000,2.249,2.389,474845,674558,0,415,274,274,30390080,975714,148,166,0
1081,1.327,1.134,0.001,2.461,2.338,474845,674558,0,415,274,274,30390080,975714,148,166,0
1082,1.553,0.881,0.001,2.434,2.602,474845,674558,0,415,274,274,30390080,975714,148,166,0
1083,1.794,0.800,0.000,2.594,2.842,474845,674558,0,415,274,274,30390080,975714,148,166,0
1084,1.882,0.536,0.000,2.418,3.265,474845,674558,0,415,274,274,30390080,975714,148,166,0
1085,1.925,0.700,0.000,2.625,11.306,474845,674558,0,415,274,274,30390080,975714,148,166,0
1086,1.813,0.554,0.000,2.367,3.415,474845,674558,0,415,274,274,30390080,975714,148,166,0
1087,1.394,0.533,0.000,1.927,2.468,474845,674558,0,415,274,274,30390080,975714,148,166,0
1088,1.460,0.501,0.000,1.961,2.023,474845,674558,0,415,274,274,30390080,975714,148,166,0
1089,1.605,0.499,0.000,2.105,2.290,474845,674558,0,415,274,274,30390080,975714,148,166,0
1090,1.637,0.576,0.000,2.214,2.194,474845,674558,0,415,274,274,30390080,975714,148,166,0
1091,1.418,0.540,0.000,1.959,2.301,474845,674558,0,415,274,274,30390080,975714,148,166,0
1092,1.427,0.626,0.000,2.053,2.039,474845,674558,0,415,274,274,30390080,975714,148,166,0
1093,1.732,0.869,0.000,2.602,2.760,474845,674558,0,415,274,274,30390080,975714,148,166,0
1094,1.576,0.671,0.000,2.246,2.695,474845,674558,0,415,274,274,30390080,975714,148,166,0
1095,1.511,0.767,0.000,2.278,2.350,474845,674558,0,415,274,274,30390080,975714,148,166,0
1096,1.860,0.553,0.000,2.414,2.896,474845,674558,0,415,274,274,30390080,975714,148,166,0
1097,1.566,0.611,0.000,2.177,2.518,474845,674558,0,415,274,274,30390080,975714,148,166,0
1098,1.348,0.616,0.000,1.963,2.292,474845,674558,0,415,274,274,30390080,975714,148,166,0
1099,1.438,0.658,0.000,2.096,2.064,474845,674558,0,415,274,274,30390080,975714,148,166,0
1100,1.430,0.892,0.000,2.322,2.197,474845,674558,0,415,274,274,30390080,975714,148,166,0
1101,1.557,0.900,0.000,2.457,2.417,474845,674558,0,415,274,274,30390080,975714,148,166,0
1102,1.659,0.662,0.000,2.321,2.946,474845,674558,0,415,274,274,30390080,975714,148,166,0
1103,1.390,0.455,0.000,1.846,2.426,474845,674558,0,415,274,274,30390080,975714,148,166,0
1104,1.901,0.691,0.000,2.592,2.177,474845,674558,0,415,274,274,30390080,975714,148,166,0
1105,1.686,0.532,0.000,2.218,2.684,474845,674558,0,415,274,274,30390080,975714,148,166,0
1106,1.526,0.507,0.000,2.033,2.304,474845,674558,0,415,274,274,30390080,975714,148,166,0
1107,1.523,0.565,0.000,2.088,2.118,474845,674558,0,415,274,274,30390080,975714,148,166,0
1108,1.711,0.561,0.000,2.273,3.371,474845,674558,0,415,274,274,30390080,975714,148,166,0
1109,1.836,0.522,0.005,2.363,2.609,474845,674558,0,415,274,274,30390080,975714,148,166,0
1110,1.483,0.615,0.000,2.097,2.465,474845,674558,0,415,274,274,30390080,975714,148,166,0
1111,1.446,0.483,0.000,1.929,2.193,474845,674558,0,415,274,274,30390080,975714,148,166,0
1112,1.408,0.567,0.000,1.975,2.019,474845,674558,0,415,274,274,30390080,975714,148,166,0
1113,1.449,1.147,0.000,2.596,2.071,474845,674558,0,415,274,274,30390080,975714,148,166,0
1114,1.631,0.586,0.000,2.218,3.104,474845,674558,0,415,274,274,30390080,975714,148,166,0
1115,1.709,0.786,0.000,2.495,2.658,474845,674558,0,415,274,274,30390080,975714,148,166,0
1116,1.395,0.690,0.000,2.085,2.590,474845,674558,0,415,274,274,30390080,975714,148,166,0
1117,1.356,0.757,0.000,2.112,2.185,474845,674558,0,415,274,274,30390080,975714,148,166,0
1118,1.335,0.831,0.000,2.165,2.212,474845,674558,0,415,274,274,30390080,975714,148,166,0
1119,2.221,0.864,0.000,3.085,2.288,474845,674558,0,415,274,274,30390080,975714,148,166,0
1120,1.715,0.785,0.000,2.500,3.507,474845,674558,0,415,274,274,30390080,975714,148,166,0
1121,1.418,0.687,0.000,2.105,2.591,474845,674558,0,415,274,274,30390080,975714,148,166,0
1122,1.304,0.640,0.000,1.944,2.200,474845,674558,0,415,274,274,30390080,975714,148,166,0
1123,1.472,0.813,0.000,2.285,2.044,474845,674558,0,415,274,274,30390080,975714,148,166,0
1124,1.459,0.598,0.000,2.057,2.384,474845,674558,0,415,274,274,30390080,975714,148,166,0
1125,1.372,0.524,0.000,1.896,3.324,474845,674558,0,415,274,274,30390080,975714,148,166,0
1126,1.364,0.466,0.000,1.830,2.042,474845,674558,0,415,274,274,30390080,975714,148,166,0
1127,1.502,0.768,0.000,2.270,3.639,474845,674558,0,415,274,274,30390080,975714,148,166,0
1128,1.367,0.626,0.000,1.992,2.359,474845,674558,0,415,274,274,30390080,975714,148,166,0
1129,1.319,0.408,0.000,1.727,2.095,474845,674558,0,415,274,274,30390080,975714,148,166,0
1130,1.472,0.412,0.000,1.884,1.825,474845,674558,0,415,274,274,30390080,975714,148,166,0
1131,1.581,0.509,0.000,2.090,1.965,474845,674558,0,415,274,274,30390080,975714,148,166,0
1132,1.726,0.558,0.000,2.284,2.849,474845,674558,0,415,274,274,30390080,975714,148,166,0
1133,1.497,0.437,0.000,1.935,2.383,474845,674558,0,415,274,274,30390080,975714,148,166,0
1134,1.322,0.626,0.000,1.949,2.026,474845,674558,0,415,274,274,30390080,975714,148,166,0
1135,1.328,0.932,0.000,2.260,2.040,474845,674558,0,415,274,274,30390080,975714,148,166,0
1136,1.318,0.757,0.000,2.075,2.354,474845,674558,0,415,274,274,30390080,975714,148,166,0
1137,2.174,0.770,0.000,2.944,2.185,474845,674558,0,415,274,274,30390080,975714,148,166,0
1138,1.541,0.864,0.004,2.410,3.222,474845,674558,0,415,274,274,30390080,975714,148,166,0
1139,1.366,0.669,0.000,2.034,2.508,474845,674558,0,415,274,274,30390080,975714,148,166,0
1140,1.400,0.825,0.000,2.224,2.144,474845,674558,0,415,274,274,30390080,975714,148,166,0
1141,1.502,0.500,0.000,2.001,2.317,474845,674558,0,415,274,274,30390080,975714,148,166,0
1142,1.552,0.424,0.000,1.976,2.080,474845,674558,0,415,274,274,30390080,975714,148,166,0
1143,1.392,0.588,0.000,1.981,2.055,474845,674558,0,415,274,274,30390080,975714,148,166,0
1144,1.690,0.478,0.000,2.169,3.803,474845,674558,0,415,274,274,30390080,975714,148,166,0
1145,1.525,0.429,0.000,1.954,2.266,474845,674558,0,415,274,274,30390080,975714,148,166,0
1146,1.421,0.436,0.000,1.858,2.033,474845,674558,0,415,274,274,30390080,975714,148,166,0
1147,1.223,0.789,0.000,2.012,1.936,474845,674558,0,415,274,274,30390080,975714,148,166,0
1148,1.303,0.919,0.000,2.222,2.107,474845,674558,0,415,274,274,30390080,975714,148,166,0
1149,1.333,1.067,0.000,2.401,2.323,474845,674558,0,415,274,274,30390080,975714,148,166,0
1150,1.730,0.683,0.000,2.412,3.546,474845,674558,0,415,274,274,30390080,975714,148,166,0
1151,1.430,0.562,0.000,1.992,2.508,474845,674558,0,415,274,274,30390080,975714,148,166,0
1152,1.498,0.869,0.000,2.367,2.242,474845,674558,0,415,274,274,30390080,975714,148,166,0
1153,1.410,0.647,0.000,2.057,2.465,474845,674558,0,415,274,274,30390080,975714,148,166,0
1154,1.392,0.656,0.000,2.048,2.160,474845,674558,0,415,274,274,30390080,975714,148,166,0
1155,1.585,0.716,0.000,2.301,2.147,474845,674558,0,415,274,274,30390080,975714,148,166,0
1156,1.653,0.998,0.000,2.651,3.577,474845,674558,0,415,274,274,30390080,975714,148,166,0
1157,1.406,0.698,0.000,2.105,2.797,474845,674558,0,415,274,274,30390080,975714,148,166,0
1158,1.328,0.449,0.000,1.777,2.193,474845,674558,0,415,274,274,30390080,975714,148,166,0
1159,1.507,0.529,0.000,2.036,1.869,474845,674558,0,415,274,274,30390080,975714,148,166,0
1160,1.437,0.482,0.000,1.920,2.754,474845,674558,0,415,274,274,30390080,975714,148,166,0
1161,1.494,0.422,0.000,1.917,2.005,474845,674558,0,415,274,274,30390080,975714,148,166,0
1162,1.574,0.465,0.000,2.040,2.002,474845,674558,0,415,274,274,30390080,975714,148,166,0
1163,1.301,0.689,0.000,1.989,2.120,474845,674558,0,415,274,274,30390080,975714,148,166,0
1164,1.294,0.943,0.000,2.237,2.089,474845,674558,0,415,274,274,30390080,975714,148,166,0
1165,1.325,0.762,0.000,2.087,2.343,474845,674558,0,415,274,274,30390080,975714,148,166,0
1166,2.294,0.715,0.000,3.009,2.188,474845,674558,0,415,274,274,30390080,975714,148,166,0
1167,1.445,0.580,0.005,2.030,3.101,474845,674558,0,415,274,274,30390080,975714,148,166,0
1168,1.418,0.731,0.000,2.149,2.133,474845,674558,0,415,274,274,30390080,975714,148,166,0
1169,1.456,0.454,0.000,1.911,2.238,474845,674558,0,415,274,274,30390080,975714,148,166,0
1170,1.529,0.453,0.000,1.982,1.991,474845,674558,0,415,274,274,30390080,975714,148,166,0
1171,1.731,0.493,0.000,2.224,3.023,474845,674558,0,415,274,274,30390080,975714,148,166,0
1172,1.608,0.457,0.000,2.065,2.579,474845,674558,0,415,274,274,30390080,975714,148,166,0
1173,1.456,0.430,0.000,1.886,2.148,474845,674558,0,415,274,274,30390080,975714,148,166,0
1174,1.253,0.773,0.000,2.026,1.963,474845,674558,0,415,274,274,30390080,975714,148,166,0
1175,1.340,0.731,0.000,2.071,2.118,474845,674558,0,415,274,274,30390080,975714,148,166,0
1176,1.384,0.853,0.000,2.237,2.176,474845,674558,0,415,274,274,30390080,975714,148,166,0
1177,1.410,0.615,0.000,2.026,2.328,474845,674558,0,415,274,274,30390080,975714,148,166,0
1178,1.683,0.545,0.000,2.228,2.961,474845,674558,0,415,274,274,30390080,975714,148,166,0
1179,1.528,0.526,0.000,2.054,2.813,474845,674558,0,415,274,274,30390080,975714,148,166,0
1180,1.423,0.446,0.000,1.869,2.161,474845,674558,0,415,274,274,30390080,975714,148,166,0
1181,1.460,0.561,0.000,2.021,1.948,474845,674558,0,415,274,274,30390080,975714,148,166,0
1182,1.665,0.655,0.000,2.320,2.305,474845,674558,0,415,274,274,30390080,975714,148,166,0
1183,1.420,0.525,0.000,1.945,2.412,474845,674558,0,415,274,274,30390080,975714,148,166,0
1184,1.288,0.808,0.000,2.096,2.029,474845,674558,0,415,274,274,30390080,975714,148,166,0
1185,1.274,0.940,0.000,2.214,2.191,474845,674558,0,415,274,274,30390080,975714,148,166,0
1186,1.327,0.826,0.000,2.153,2.320,474845,674558,0,415,274,274,30390080,975714,148,166,0
1187,1.980,0.686,0.000,2.666,2.246,474845,674558,0,415,274,274,30390080,975714,148,166,0
1188,1.620,0.869,0.005,2.494,3.298,474845,674558,0,415,274,274,30390080,975714,148,166,0
1189,1.468,0.630,0.000,2.099,2.590,474845,674558,0,415,274,274,30390080,975714,148,166,0
1190,1.607,0.625,0.000,2.232,2.220,474845,674558,0,415,274,274,30390080,975714,148,166,0
1191,1.623,0.678,0.000,2.301,2.507,474845,674558,0,415,274,274,30390080,975714,148,166,0
1192,1.584,0.632,0.000,2.216,2.407,474845,674558,0,415,274,274,30390080,975714,148,166,0
1193,1.569,0.466,0.000,2.035,2.320,474845,674558,0,415,274,274,30390080,975714,148,166,0
1194,1.544,0.451,0.000,1.995,2.119,474845,674558,0,415,274,274,30390080,975714,148,166,0
1195,2.097,0.645,0.000,2.741,2.074,474845,674558,0,415,274,274,30390080,975714,148,166,0
1196,1.706,0.611,0.000,2.317,3.086,474845,674558,0,415,274,274,30390080,975714,148,166,0
1197,1.469,0.477,0.000,1.946,2.402,474845,674558,0,415,274,274,30390080,975714,148,166,0
1198,1.570,0.452,0.000,2.023,2.660,474845,674558,0,415,274,274,30390080,975714,148,166,0
1199,1.593,0.508,0.000,2.101,2.536,474845,674558,0,415,274,274,30390080,975714,148,166,0
1200,1.598,0.531,0.000,2.129,2.993,474845,674558,0,415,274,274,30390080,975714,148,166,0
