frame,update_ms,render_ms,swap_ms,frame_ms,loop_ms,total_vertices,visible_vertices,culled_vertices,total_batches,visible_batches,draw_calls,vbo_bytes,index_bytes,texture_binds,material_changes,reflection_passes
1,1.130,0.207,0.000,1.337,1.337,97878,9602,88276,247,25,25,6264192,254736,17,17,0
2,1.099,0.229,0.000,1.327,1.547,97878,9602,88276,247,25,25,6264192,254736,17,17,0
3,1.093,0.252,0.000,1.345,1.477,97878,9602,88276,247,25,25,6264192,254736,17,17,0
4,1.071,0.217,0.000,1.288,1.493,97878,9602,88276,247,25,25,6264192,254736,17,17,0
5,1.115,0.229,0.000,1.344,1.426,97878,9602,88276,247,25,25,6264192,254736,17,17,0
6,1.115,0.223,0.000,1.338,1.488,97878,9602,88276,247,25,25,6264192,254736,17,17,0
7,1.114,0.220,0.000,1.334,1.481,97878,9602,88276,247,25,25,6264192,254736,17,17,0
8,1.070,0.235,0.000,1.304,1.476,97878,9602,88276,247,25,25,6264192,254736,17,17,0
9,1.104,0.232,0.000,1.336,1.445,97878,9602,88276,247,25,25,6264192,254736,17,17,0
10,1.085,0.232,0.000,1.317,1.482,97878,9602,88276,247,25,25,6264192,254736,17,17,0
11,1.123,0.183,0.000,1.306,1.459,97878,9602,88276,247,25,25,6264192,254736,17,17,0
12,1.129,0.210,0.000,1.339,1.445,97878,9602,88276,247,25,25,6264192,254736,17,17,0
13,1.138,0.225,0.000,1.363,1.477,97878,9602,88276,247,25,25,6264192,254736,17,17,0
14,1.102,0.216,0.000,1.317,1.507,97878,9602,88276,247,25,25,6264192,254736,17,17,0
15,1.097,0.242,0.000,1.339,1.461,97878,9602,88276,247,25,25,6264192,254736,17,17,0
16,1.100,0.224,0.000,1.323,1.482,97878,9602,88276,247,25,25,6264192,254736,17,17,0
17,1.126,0.215,0.000,1.340,1.467,97878,9602,88276,247,25,25,6264192,254736,17,17,0
18,1.109,0.229,0.000,1.339,1.484,97878,9602,88276,247,25,25,6264192,254736,17,17,0
19,1.091,0.224,0.000,1.315,1.481,97878,9602,88276,247,25,25,6264192,254736,17,17,0
20,1.100,0.232,0.000,1.332,1.457,97878,9602,88276,247,25,25,6264192,254736,17,17,0
21,1.073,0.215,0.000,1.288,1.475,97878,9602,88276,247,25,25,6264192,254736,17,17,0
22,1.101,0.210,0.000,1.311,1.432,97878,9602,88276,247,25,25,6264192,254736,17,17,0
23,1.098,0.205,0.000,1.303,1.458,97878,9602,88276,247,25,25,6264192,254736,17,17,0
24,1.104,0.214,0.000,1.318,1.445,97878,9602,88276,247,25,25,6264192,254736,17,17,0
25,1.104,0.211,0.000,1.315,1.464,97878,9602,88276,247,25,25,6264192,254736,17,17,0
26,1.108,0.246,0.000,1.355,1.458,97878,9602,88276,247,25,25,6264192,254736,17,17,0
27,1.081,0.236,0.000,1.317,1.496,97878,9602,88276,247,25,25,6264192,254736,17,17,0
28,1.115,0.239,0.000,1.354,1.460,97878,9602,88276,247,25,25,6264192,254736,17,17,0
29,1.120,0.221,0.000,1.340,1.496,97878,9602,88276,247,25,25,6264192,254736,17,17,0
30,1.105,0.235,0.000,1.340,1.484,97878,9602,88276,247,25,25,6264192,254736,17,17,0
31,1.091,0.233,0.000,1.325,1.485,97878,9602,88276,247,25,25,6264192,254736,17,17,0
32,1.085,0.202,0.000,1.287,1.465,97878,9602,88276,247,25,25,6264192,254736,17,17,0
33,1.084,0.227,0.000,1.311,1.432,97878,9602,88276,247,25,25,6264192,254736,17,17,0
34,1.087,0.205,0.000,1.293,1.462,97878,9602,88276,247,25,25,6264192,254736,17,17,0
35,1.128,0.205,0.000,1.333,1.435,97878,9602,88276,247,25,25,6264192,254736,17,17,0
36,1.101,0.220,0.000,1.321,1.476,97878,9602,88276,247,25,25,6264192,254736,17,17,0
37,1.086,0.248,0.000,1.334,1.463,97878,9602,88276,247,25,25,6264192,254736,17,17,0
38,1.088,0.233,0.000,1.321,1.474,97878,9602,88276,247,25,25,6264192,254736,17,17,0
39,1.091,0.236,0.000,1.328,1.464,97878,9602,88276,247,25,25,6264192,254736,17,17,0
40,1.103,0.223,0.000,1.326,1.470,97878,9602,88276,247,25,25,6264192,254736,17,17,0
41,1.110,0.203,0.000,1.312,1.467,97878,9602,88276,247,25,25,6264192,254736,17,17,0
42,1.098,0.223,0.000,1.321,1.454,97878,9602,88276,247,25,25,6264192,254736,17,17,0
43,1.071,0.234,0.000,1.304,1.470,97878,9602,88276,247,25,25,6264192,254736,17,17,0
44,1.077,0.241,0.000,1.318,1.446,97878,9602,88276,247,25,25,6264192,254736,17,17,0
45,1.080,0.219,0.000,1.298,1.460,97878,9602,88276,247,25,25,6264192,254736,17,17,0
46,1.096,0.227,0.000,1.323,1.443,97878,9602,88276,247,25,25,6264192,254736,17,17,0
47,1.116,0.220,0.000,1.337,1.467,97878,9602,88276,247,25,25,6264192,254736,17,17,0
48,1.076,0.242,0.000,1.318,1.490,97878,9602,88276,247,25,25,6264192,254736,17,17,0
49,1.089,0.218,0.000,1.307,1.433,97878,9602,88276,247,25,25,6264192,254736,17,17,0
50,1.105,0.200,0.000,1.305,1.421,97878,9602,88276,247,25,25,6264192,254736,17,17,0
51,1.163,0.265,0.000,1.428,1.408,97878,9602,88276,247,25,25,6264192,254736,17,17,0
52,1.146,0.231,0.000,1.377,1.539,97878,9602,88276,247,25,25,6264192,254736,17,17,0
53,1.105,0.227,0.000,1.332,1.492,97878,9602,88276,247,25,25,6264192,254736,17,17,0
54,1.099,0.244,0.000,1.343,1.445,97878,9602,88276,247,25,25,6264192,254736,17,17,0
55,1.093,0.226,0.000,1.319,1.454,97878,9602,88276,247,25,25,6264192,254736,17,17,0
56,1.067,0.238,0.000,1.305,1.436,97878,9602,88276,247,25,25,6264192,254736,17,17,0
57,1.097,0.226,0.000,1.323,1.420,97878,9602,88276,247,25,25,6264192,254736,17,17,0
58,1.190,0.248,0.000,1.438,1.422,97878,9602,88276,247,25,25,6264192,254736,17,17,0
59,1.116,0.216,0.000,1.332,1.551,97878,9602,88276,247,25,25,6264192,254736,17,17,0
60,1.089,0.251,0.000,1.340,1.448,97878,9602,88276,247,25,25,6264192,254736,17,17,0
61,1.103,0.224,0.000,1.327,1.449,97878,9602,88276,247,25,25,6264192,254736,17,17,0
62,1.112,0.242,0.000,1.354,1.438,97878,9602,88276,247,25,25,6264192,254736,17,17,0
63,1.082,0.214,0.000,1.296,1.466,97878,9602,88276,247,25,25,6264192,254736,17,17,0
64,1.096,0.227,0.000,1.323,1.409,97878,9602,88276,247,25,25,6264192,254736,17,17,0
65,1.087,0.240,0.000,1.327,1.436,97878,9602,88276,247,25,25,6264192,254736,17,17,0
66,1.106,0.229,0.000,1.335,1.440,97878,9602,88276,247,25,25,6264192,254736,17,17,0
67,1.107,0.248,0.000,1.355,1.450,97878,9602,88276,247,25,25,6264192,254736,17,17,0
68,1.104,0.208,0.000,1.313,1.468,97878,9602,88276,247,25,25,6264192,254736,17,17,0
69,1.091,0.211,0.000,1.302,1.422,97878,9602,88276,247,25,25,6264192,254736,17,17,0
70,1.100,0.218,0.000,1.318,1.415,97878,9602,88276,247,25,25,6264192,254736,17,17,0
71,1.112,0.214,0.000,1.325,1.433,97878,9602,88276,247,25,25,6264192,254736,17,17,0
72,1.094,0.226,0.000,1.320,1.441,97878,9602,88276,247,25,25,6264192,254736,17,17,0
73,1.110,0.231,0.000,1.340,1.425,97878,9602,88276,247,25,25,6264192,254736,17,17,0
74,1.080,0.246,0.000,1.326,1.457,97878,9602,88276,247,25,25,6264192,254736,17,17,0
75,1.105,0.245,0.000,1.350,1.433,97878,9602,88276,247,25,25,6264192,254736,17,17,0
76,1.090,0.222,0.000,1.312,1.464,97878,9602,88276,247,25,25,6264192,254736,17,17,0
77,1.087,0.224,0.000,1.311,1.427,97878,9602,88276,247,25,25,6264192,254736,17,17,0
78,1.099,0.216,0.000,1.315,1.427,97878,9602,88276,247,25,25,6264192,254736,17,17,0
79,1.100,0.204,0.000,1.304,1.430,97878,9602,88276,247,25,25,6264192,254736,17,17,0
80,1.107,0.233,0.000,1.340,1.413,97878,9602,88276,247,25,25,6264192,254736,17,17,0
81,1.110,0.237,0.000,1.346,1.455,97878,9602,88276,247,25,25,6264192,254736,17,17,0
82,1.095,0.220,0.000,1.315,1.463,97878,9602,88276,247,25,25,6264192,254736,17,17,0
83,1.074,0.198,0.000,1.272,1.429,97878,9602,88276,247,25,25,6264192,254736,17,17,0
84,1.081,0.212,0.000,1.293,1.385,97878,9602,88276,247,25,25,6264192,254736,17,17,0
85,1.088,0.224,0.000,1.312,1.409,97878,9602,88276,247,25,25,6264192,254736,17,17,0
86,1.095,0.242,0.000,1.337,1.421,97878,9602,88276,247,25,25,6264192,254736,17,17,0
87,1.088,0.218,0.000,1.306,1.452,97878,9602,88276,247,25,25,6264192,254736,17,17,0
88,1.104,0.226,0.000,1.331,1.422,97878,9602,88276,247,25,25,6264192,254736,17,17,0
89,1.088,0.219,0.000,1.307,1.444,97878,9602,88276,247,25,25,6264192,254736,17,17,0
90,1.062,0.216,0.000,1.278,1.421,97878,9602,88276,247,25,25,6264192,254736,17,17,0
91,1.059,0.226,0.000,1.285,1.395,97878,9602,88276,247,25,25,6264192,254736,17,17,0
92,1.076,0.235,0.000,1.311,1.399,97878,9602,88276,247,25,25,6264192,254736,17,17,0
93,1.113,0.210,0.000,1.323,1.427,97878,9602,88276,247,25,25,6264192,254736,17,17,0
94,1.111,0.206,0.000,1.317,1.437,97878,9602,88276,247,25,25,6264192,254736,17,17,0
95,1.102,0.211,0.000,1.312,1.428,97878,9602,88276,247,25,25,6264192,254736,17,17,0
96,1.086,0.193,0.000,1.279,1.424,97878,9602,88276,247,25,25,6264192,254736,17,17,0
97,1.082,0.199,0.000,1.282,1.389,97878,9602,88276,247,25,25,6264192,254736,17,17,0
98,1.085,0.193,0.000,1.278,1.405,97878,9602,88276,247,25,25,6264192,254736,17,17,0
99,1.114,0.203,0.000,1.317,1.392,97878,9602,88276,247,25,25,6264192,254736,17,17,0
100,1.057,0.231,0.000,1.288,1.432,97878,9602,88276,247,25,25,6264192,254736,17,17,0
101,1.095,0.229,0.000,1.323,1.395,97878,9602,88276,247,25,25,6264192,254736,17,17,0
102,1.058,0.211,0.000,1.269,1.439,97878,9602,88276,247,25,25,6264192,254736,17,17,0
103,1.081,0.214,0.000,1.295,1.375,97878,9602,88276,247,25,25,6264192,254736,17,17,0
104,1.090,0.231,0.000,1.322,1.407,97878,9602,88276,247,25,25,6264192,254736,17,17,0
105,1.102,0.230,0.000,1.332,1.435,97878,9602,88276,247,25,25,6264192,254736,17,17,0
106,1.090,0.226,0.000,1.316,1.439,97878,9602,88276,247,25,25,6264192,254736,17,17,0
107,1.082,0.244,0.000,1.326,1.434,97878,9602,88276,247,25,25,6264192,254736,17,17,0
108,1.092,0.242,0.000,1.335,1.429,97878,9602,88276,247,25,25,6264192,254736,17,17,0
109,1.089,0.226,0.000,1.315,1.450,97878,9602,88276,247,25,25,6264192,254736,17,17,0
110,1.090,0.237,0.000,1.327,1.431,97878,9602,88276,247,25,25,6264192,254736,17,17,0
111,1.089,0.220,0.000,1.309,1.439,97878,9602,88276,247,25,25,6264192,254736,17,17,0
112,1.085,0.192,0.000,1.277,1.425,97878,9602,88276,247,25,25,6264192,254736,17,17,0
113,1.083,0.217,0.000,1.301,1.386,97878,9602,88276,247,25,25,6264192,254736,17,17,0
114,1.082,0.223,0.000,1.305,1.414,97878,9602,88276,247,25,25,6264192,254736,17,17,0
115,1.096,0.229,0.000,1.324,1.420,97878,9602,88276,247,25,25,6264192,254736,17,17,0
116,1.130,0.229,0.000,1.359,1.440,97878,9602,88276,247,25,25,6264192,254736,17,17,0
117,1.092,0.207,0.000,1.299,1.475,97878,9602,88276,247,25,25,6264192,254736,17,17,0
118,1.093,0.240,0.000,1.333,1.413,97878,9602,88276,247,25,25,6264192,254736,17,17,0
119,1.087,0.227,0.000,1.314,1.447,97878,9602,88276,247,25,25,6264192,254736,17,17,0
120,1.086,0.204,0.000,1.291,1.430,97878,9602,88276,247,25,25,6264192,254736,17,17,0
121,1.120,0.209,0.000,1.329,1.401,97878,9602,88276,247,25,25,6264192,254736,17,17,0
122,1.102,0.208,0.000,1.310,1.445,97878,9602,88276,247,25,25,6264192,254736,17,17,0
123,1.100,0.221,0.000,1.321,1.427,97878,9602,88276,247,25,25,6264192,254736,17,17,0
124,1.093,0.245,0.000,1.338,1.436,97878,9602,88276,247,25,25,6264192,254736,17,17,0
125,1.086,0.228,0.000,1.314,1.452,97878,9602,88276,247,25,25,6264192,254736,17,17,0
126,1.070,0.218,0.000,1.288,1.431,97878,9602,88276,247,25,25,6264192,254736,17,17,0
127,1.107,0.203,0.000,1.311,1.402,97878,9602,88276,247,25,25,6264192,254736,17,17,0
128,1.103,0.209,0.000,1.312,1.426,97878,9602,88276,247,25,25,6264192,254736,17,17,0
129,1.062,0.210,0.000,1.271,1.424,97878,9602,88276,247,25,25,6264192,254736,17,17,0
130,1.096,0.229,0.000,1.326,1.380,97878,9602,88276,247,25,25,6264192,254736,17,17,0
131,1.071,0.216,0.000,1.287,1.434,97878,9602,88276,247,25,25,6264192,254736,17,17,0
132,1.072,0.237,0.000,1.309,1.402,97878,9602,88276,247,25,25,6264192,254736,17,17,0
133,1.108,0.227,0.000,1.335,1.426,97878,9602,88276,247,25,25,6264192,254736,17,17,0
134,1.113,0.191,0.000,1.304,1.444,97878,9602,88276,247,25,25,6264192,254736,17,17,0
135,1.086,0.241,0.000,1.327,1.417,97878,9602,88276,247,25,25,6264192,254736,17,17,0
136,1.076,0.229,0.000,1.305,1.442,97878,9602,88276,247,25,25,6264192,254736,17,17,0
137,1.085,0.196,0.000,1.281,1.421,97878,9602,88276,247,25,25,6264192,254736,17,17,0
138,1.103,0.227,0.000,1.330,1.389,97878,9602,88276,247,25,25,6264192,254736,17,17,0
139,1.115,0.208,0.000,1.323,1.438,97878,9602,88276,247,25,25,6264192,254736,17,17,0
140,1.494,0.210,0.000,1.704,1.421,97878,9602,88276,247,25,25,6264192,254736,17,17,0
141,1.102,0.204,0.000,1.306,1.821,97878,9602,88276,247,25,25,6264192,254736,17,17,0
142,1.104,0.250,0.000,1.354,1.417,97878,9602,88276,247,25,25,6264192,254736,17,17,0
143,1.101,0.196,0.000,1.297,1.459,97878,9602,88276,247,25,25,6264192,254736,17,17,0
144,1.126,0.210,0.000,1.337,1.408,97878,9602,88276,247,25,25,6264192,254736,17,17,0
145,1.130,0.221,0.000,1.352,1.446,97878,9602,88276,247,25,25,6264192,254736,17,17,0
146,1.096,0.206,0.000,1.302,1.465,97878,9602,88276,247,25,25,6264192,254736,17,17,0
147,1.101,0.245,0.000,1.346,1.427,97878,9602,88276,247,25,25,6264192,254736,17,17,0
148,1.095,0.245,0.000,1.340,1.460,97878,9602,88276,247,25,25,6264192,254736,17,17,0
149,1.088,0.236,0.000,1.324,1.454,97878,9602,88276,247,25,25,6264192,254736,17,17,0
150,1.121,0.196,0.000,1.317,1.433,97878,9602,88276,247,25,25,6264192,254736,17,17,0
151,1.130,0.237,0.000,1.367,1.425,97878,9602,88276,247,25,25,6264192,254736,17,17,0
152,1.093,0.225,0.000,1.319,1.482,97878,9602,88276,247,25,25,6264192,254736,17,17,0
153,1.091,0.222,0.000,1.314,1.431,97878,9602,88276,247,25,25,6264192,254736,17,17,0
154,1.068,0.208,0.000,1.276,1.428,97878,9602,88276,247,25,25,6264192,254736,17,17,0
155,1.111,0.214,0.000,1.325,1.387,97878,9602,88276,247,25,25,6264192,254736,17,17,0
156,1.115,0.207,0.000,1.322,1.439,97878,9602,88276,247,25,25,6264192,254736,17,17,0
157,1.109,0.198,0.000,1.307,1.436,97878,9602,88276,247,25,25,6264192,254736,17,17,0
158,1.081,0.235,0.000,1.316,1.418,97878,9602,88276,247,25,25,6264192,254736,17,17,0
159,1.097,0.207,0.000,1.305,1.430,97878,9602,88276,247,25,25,6264192,254736,17,17,0
160,1.090,0.237,0.000,1.327,1.415,97878,9602,88276,247,25,25,6264192,254736,17,17,0
161,1.111,0.207,0.000,1.318,1.442,97878,9602,88276,247,25,25,6264192,254736,17,17,0
162,1.118,0.203,0.000,1.321,1.432,97878,9602,88276,247,25,25,6264192,254736,17,17,0
163,1.113,0.226,0.000,1.340,1.432,97878,9602,88276,247,25,25,6264192,254736,17,17,0
164,1.088,0.235,0.000,1.323,1.450,97878,9602,88276,247,25,25,6264192,254736,17,17,0
165,1.096,0.215,0.000,1.311,1.440,97878,9602,88276,247,25,25,6264192,254736,17,17,0
166,1.077,0.226,0.000,1.303,1.423,97878,9602,88276,247,25,25,6264192,254736,17,17,0
167,1.120,0.224,0.000,1.344,1.414,97878,9602,88276,247,25,25,6264192,254736,17,17,0
168,1.110,0.220,0.000,1.331,1.460,97878,9602,88276,247,25,25,6264192,254736,17,17,0
169,1.118,0.229,0.000,1.347,1.445,97878,9602,88276,247,25,25,6264192,254736,17,17,0
170,1.088,0.240,0.000,1.328,1.460,97878,9602,88276,247,25,25,6264192,254736,17,17,0
171,1.088,0.235,0.000,1.323,1.441,97878,9602,88276,247,25,25,6264192,254736,17,17,0
172,1.083,0.243,0.000,1.326,1.433,97878,9602,88276,247,25,25,6264192,254736,17,17,0
173,1.099,0.205,0.000,1.303,1.432,97878,9602,88276,247,25,25,6264192,254736,17,17,0
174,1.090,0.201,0.000,1.291,1.419,97878,9602,88276,247,25,25,6264192,254736,17,17,0
175,1.081,0.234,0.000,1.315,1.406,97878,9602,88276,247,25,25,6264192,254736,17,17,0
176,1.082,0.218,0.000,1.301,1.430,97878,9602,88276,247,25,25,6264192,254736,17,17,0
177,1.078,0.236,0.000,1.314,1.414,97878,9602,88276,247,25,25,6264192,254736,17,17,0
178,1.105,0.206,0.000,1.311,1.424,97878,9602,88276,247,25,25,6264192,254736,17,17,0
179,1.111,0.227,0.000,1.339,1.426,97878,9602,88276,247,25,25,6264192,254736,17,17,0
180,1.120,0.212,0.000,1.332,1.449,97878,9602,88276,247,25,25,6264192,254736,17,17,0
181,1.114,0.203,0.000,1.317,1.447,97878,9602,88276,247,25,25,6264192,254736,17,17,0
182,1.094,0.224,0.000,1.318,1.429,97878,9602,88276,247,25,25,6264192,254736,17,17,0
183,1.208,0.231,0.000,1.439,1.421,97878,9602,88276,247,25,25,6264192,254736,17,17,0
184,1.143,0.223,0.000,1.366,1.556,97878,9602,88276,247,25,25,6264192,254736,17,17,0
185,1.167,0.208,0.000,1.374,1.474,97878,9602,88276,247,25,25,6264192,254736,17,17,0
186,1.210,0.255,0.000,1.466,1.476,97878,9602,88276,247,25,25,6264192,254736,17,17,0
187,1.143,0.477,0.000,1.621,1.579,97878,9602,88276,247,25,25,6264192,254736,17,17,0
188,1.390,0.446,0.000,1.836,1.758,97878,9602,88276,247,25,25,6264192,254736,17,17,0
189,1.257,0.375,0.000,1.632,1.956,97878,9602,88276,247,25,25,6264192,254736,17,17,0
190,1.201,0.296,0.000,1.497,1.746,97878,9602,88276,247,25,25,6264192,254736,17,17,0
191,1.157,0.254,0.000,1.411,1.607,97878,9602,88276,247,25,25,6264192,254736,17,17,0
192,1.132,0.291,0.000,1.423,1.514,97878,9602,88276,247,25,25,6264192,254736,17,17,0
193,1.194,0.276,0.000,1.470,1.526,97878,9602,88276,247,25,25,6264192,254736,17,17,0
194,1.169,0.298,0.000,1.467,1.573,97878,9602,88276,247,25,25,6264192,254736,17,17,0
195,1.156,0.270,0.000,1.425,1.589,97878,9602,88276,247,25,25,6264192,254736,17,17,0
196,1.133,0.272,0.000,1.404,1.532,97878,9602,88276,247,25,25,6264192,254736,17,17,0
197,1.138,0.269,0.000,1.408,1.502,97878,9602,88276,247,25,25,6264192,254736,17,17,0
198,1.214,0.273,0.000,1.487,1.509,97878,9602,88276,247,25,25,6264192,254736,17,17,0
199,1.153,0.293,0.000,1.446,1.586,97878,9602,88276,247,25,25,6264192,254736,17,17,0
200,1.145,0.263,0.000,1.407,1.547,97878,9602,88276,247,25,25,6264192,254736,17,17,0
201,1.175,0.262,0.000,1.437,1.510,97878,9602,88276,247,25,25,6264192,254736,17,17,0
202,1.198,0.254,0.000,1.452,1.547,97878,9602,88276,247,25,25,6264192,254736,17,17,0
203,1.170,0.266,0.000,1.436,1.551,97878,9602,88276,247,25,25,6264192,254736,17,17,0
204,1.149,0.266,0.000,1.416,1.534,97878,9602,88276,247,25,25,6264192,254736,17,17,0
205,1.143,0.289,0.000,1.432,1.515,97878,9602,88276,247,25,25,6264192,254736,17,17,0
206,1.144,0.267,0.000,1.411,1.544,97878,9602,88276,247,25,25,6264192,254736,17,17,0
207,1.136,0.257,0.000,1.393,1.508,97878,9602,88276,247,25,25,6264192,254736,17,17,0
208,1.158,0.273,0.000,1.431,1.497,97878,9602,88276,247,25,25,6264192,254736,17,17,0
209,1.127,0.259,0.000,1.386,1.530,97878,9602,88276,247,25,25,6264192,254736,17,17,0
210,1.138,0.265,0.000,1.403,1.483,97878,9602,88276,247,25,25,6264192,254736,17,17,0
211,1.146,0.262,0.000,1.408,1.498,97878,9602,88276,247,25,25,6264192,254736,17,17,0
212,1.145,0.242,0.000,1.387,1.506,97878,9602,88276,247,25,25,6264192,254736,17,17,0
213,1.140,0.238,0.000,1.378,1.487,97878,9602,88276,247,25,25,6264192,254736,17,17,0
214,1.109,0.245,0.000,1.354,1.471,97878,9602,88276,247,25,25,6264192,254736,17,17,0
215,1.113,0.246,0.000,1.359,1.449,97878,9602,88276,247,25,25,6264192,254736,17,17,0
216,1.085,0.243,0.000,1.328,1.454,97878,9602,88276,247,25,25,6264192,254736,17,17,0
217,1.163,0.257,0.000,1.419,1.424,97878,9602,88276,247,25,25,6264192,254736,17,17,0
218,1.126,0.243,0.000,1.370,1.519,97878,9602,88276,247,25,25,6264192,254736,17,17,0
219,1.111,0.256,0.000,1.367,1.469,97878,9602,88276,247,25,25,6264192,254736,17,17,0
220,1.097,0.250,0.000,1.347,1.462,97878,9602,88276,247,25,25,6264192,254736,17,17,0
221,1.122,0.289,0.000,1.412,1.440,97878,9602,88276,247,25,25,6264192,254736,17,17,0
222,1.104,0.251,0.000,1.355,1.510,97878,9602,88276,247,25,25,6264192,254736,17,17,0
223,1.100,0.255,0.000,1.356,1.450,97878,9602,88276,247,25,25,6264192,254736,17,17,0
224,1.106,0.246,0.000,1.352,1.452,97878,9602,88276,247,25,25,6264192,254736,17,17,0
225,1.056,0.242,0.000,1.298,1.446,97878,9602,88276,247,25,25,6264192,254736,17,17,0
226,1.113,0.286,0.000,1.399,1.396,97878,9602,88276,247,25,25,6264192,254736,17,17,0
227,1.095,0.242,0.000,1.337,1.496,97878,9602,88276,247,25,25,6264192,254736,17,17,0
228,1.079,0.264,0.000,1.343,1.431,97878,9602,88276,247,25,25,6264192,254736,17,17,0
229,1.112,0.245,0.000,1.357,1.443,97878,9602,88276,247,25,25,6264192,254736,17,17,0
230,1.069,0.238,0.000,1.307,1.455,97878,9602,88276,247,25,25,6264192,254736,17,17,0
231,1.096,0.236,0.000,1.332,1.402,97878,9602,88276,247,25,25,6264192,254736,17,17,0
232,1.099,0.245,0.000,1.344,1.428,97878,9602,88276,247,25,25,6264192,254736,17,17,0
233,1.092,0.239,0.000,1.331,1.439,97878,9602,88276,247,25,25,6264192,254736,17,17,0
234,1.074,0.226,0.000,1.300,1.424,97878,9602,88276,247,25,25,6264192,254736,17,17,0
235,1.063,0.254,0.000,1.317,1.392,97878,9602,88276,247,25,25,6264192,254736,17,17,0
236,1.077,0.230,0.000,1.307,1.413,97878,9602,88276,247,25,25,6264192,254736,17,17,0
237,1.092,0.218,0.000,1.310,1.402,97878,9602,88276,247,25,25,6264192,254736,17,17,0
238,1.129,0.282,0.000,1.411,1.409,97878,9602,88276,247,25,25,6264192,254736,17,17,0
239,1.136,0.261,0.000,1.397,1.506,97878,9602,88276,247,25,25,6264192,254736,17,17,0
240,1.132,0.255,0.000,1.387,1.494,97878,9602,88276,247,25,25,6264192,254736,17,17,0
241,1.131,0.252,0.000,1.384,1.485,97878,9602,88276,247,25,25,6264192,254736,17,17,0
242,1.116,0.275,0.000,1.391,1.478,97878,9602,88276,247,25,25,6264192,254736,17,17,0
243,1.123,0.276,0.000,1.399,1.496,97878,9602,88276,247,25,25,6264192,254736,17,17,0
244,1.108,0.241,0.000,1.350,1.510,97878,9602,88276,247,25,25,6264192,254736,17,17,0
245,1.109,0.259,0.000,1.368,1.448,97878,9602,88276,247,25,25,6264192,254736,17,17,0
246,1.108,0.246,0.000,1.354,1.462,97878,9602,88276,247,25,25,6264192,254736,17,17,0
247,1.132,0.269,0.000,1.401,1.453,97878,9602,88276,247,25,25,6264192,254736,17,17,0
248,1.105,0.252,0.000,1.358,1.499,97878,9602,88276,247,25,25,6264192,254736,17,17,0
249,1.117,0.280,0.000,1.397,1.453,97878,9602,88276,247,25,25,6264192,254736,17,17,0
250,1.081,0.252,0.000,1.333,1.498,97878,9602,88276,247,25,25,6264192,254736,17,17,0
251,1.108,0.252,0.000,1.361,1.432,97878,9602,88276,247,25,25,6264192,254736,17,17,0
252,1.098,0.254,0.000,1.352,1.458,97878,9602,88276,247,25,25,6264192,254736,17,17,0
253,1.155,0.272,0.000,1.427,1.449,97878,9602,88276,247,25,25,6264192,254736,17,17,0
254,1.136,0.279,0.000,1.414,1.524,97878,9602,88276,247,25,25,6264192,254736,17,17,0
255,1.105,0.277,0.000,1.382,1.511,97878,9602,88276,247,25,25,6264192,254736,17,17,0
256,1.133,0.280,0.000,1.413,1.479,97878,9602,88276,247,25,25,6264192,254736,17,17,0
257,1.135,0.278,0.000,1.413,1.513,97878,9602,88276,247,25,25,6264192,254736,17,17,0
258,1.134,0.291,0.000,1.424,1.517,97878,9602,88276,247,25,25,6264192,254736,17,17,0
259,1.127,0.260,0.000,1.387,1.534,97878,9602,88276,247,25,25,6264192,254736,17,17,0
260,1.106,0.286,0.000,1.392,1.484,97878,9602,88276,247,25,25,6264192,254736,17,17,0
261,1.118,0.276,0.000,1.395,1.493,97878,9602,88276,247,25,25,6264192,254736,17,17,0
262,1.102,0.270,0.000,1.372,1.492,97878,9602,88276,247,25,25,6264192,254736,17,17,0
263,1.130,0.245,0.000,1.375,1.472,97878,9602,88276,247,25,25,6264192,254736,17,17,0
264,1.163,0.271,0.000,1.434,1.487,97878,9602,88276,247,25,25,6264192,254736,17,17,0
265,1.175,0.268,0.000,1.442,1.608,97878,9602,88276,247,25,25,6264192,254736,17,17,0
266,1.086,0.260,0.000,1.346,1.545,97878,9602,88276,247,25,25,6264192,254736,17,17,0
267,1.132,0.262,0.000,1.394,1.442,97878,9602,88276,247,25,25,6264192,254736,17,17,0
268,1.120,0.251,0.000,1.372,1.500,97878,9602,88276,247,25,25,6264192,254736,17,17,0
269,1.120,0.242,0.000,1.362,1.470,97878,9602,88276,247,25,25,6264192,254736,17,17,0
270,1.099,0.269,0.000,1.368,1.459,97878,9602,88276,247,25,25,6264192,254736,17,17,0
271,1.115,0.272,0.000,1.387,1.472,97878,9602,88276,247,25,25,6264192,254736,17,17,0
272,1.081,0.237,0.000,1.318,1.487,97878,9602,88276,247,25,25,6264192,254736,17,17,0
273,1.044,0.246,0.000,1.290,1.414,97878,9602,88276,247,25,25,6264192,254736,17,17,0
274,1.060,0.234,0.000,1.294,1.386,97878,9602,88276,247,25,25,6264192,254736,17,17,0
275,1.102,0.267,0.000,1.369,1.389,97878,9602,88276,247,25,25,6264192,254736,17,17,0
276,1.142,0.277,0.000,1.419,1.467,97878,9602,88276,247,25,25,6264192,254736,17,17,0
277,1.185,0.255,0.000,1.440,1.521,97878,9602,88276,247,25,25,6264192,254736,17,17,0
278,1.182,0.261,0.000,1.443,1.542,97878,9602,88276,247,25,25,6264192,254736,17,17,0
279,1.139,0.256,0.000,1.394,1.542,97878,9602,88276,247,25,25,6264192,254736,17,17,0
280,1.164,0.277,0.000,1.441,1.493,97878,9602,88276,247,25,25,6264192,254736,17,17,0
281,1.181,0.273,0.000,1.454,1.541,97878,9602,88276,247,25,25,6264192,254736,17,17,0
282,1.152,0.282,0.000,1.434,1.556,97878,9602,88276,247,25,25,6264192,254736,17,17,0
283,1.089,0.251,0.000,1.340,1.536,97878,9602,88276,247,25,25,6264192,254736,17,17,0
284,1.132,0.274,0.000,1.406,1.443,97878,9602,88276,247,25,25,6264192,254736,17,17,0
285,1.146,0.238,0.000,1.384,1.508,97878,9602,88276,247,25,25,6264192,254736,17,17,0
286,1.140,0.263,0.000,1.403,1.483,97878,9602,88276,247,25,25,6264192,254736,17,17,0
287,1.154,0.255,0.000,1.409,1.499,97878,9602,88276,247,25,25,6264192,254736,17,17,0
288,1.135,0.283,0.000,1.418,1.506,97878,9602,88276,247,25,25,6264192,254736,17,17,0
289,1.163,0.264,0.000,1.428,1.520,97878,9602,88276,247,25,25,6264192,254736,17,17,0
290,1.112,0.257,0.000,1.369,1.542,97878,9602,88276,247,25,25,6264192,254736,17,17,0
291,1.105,0.233,0.000,1.338,1.481,97878,9602,88276,247,25,25,6264192,254736,17,17,0
292,1.113,0.239,0.000,1.351,1.446,97878,9602,88276,247,25,25,6264192,254736,17,17,0
293,1.119,0.228,0.000,1.347,1.471,97878,9602,88276,247,25,25,6264192,254736,17,17,0
294,1.125,0.234,0.000,1.359,1.460,97878,9602,88276,247,25,25,6264192,254736,17,17,0
295,1.087,0.228,0.000,1.316,1.472,97878,9602,88276,247,25,25,6264192,254736,17,17,0
296,1.100,0.217,0.000,1.317,1.426,97878,9602,88276,247,25,25,6264192,254736,17,17,0
297,1.102,0.228,0.000,1.330,1.428,97878,9602,88276,247,25,25,6264192,254736,17,17,0
298,1.109,0.219,0.000,1.328,1.442,97878,9602,88276,247,25,25,6264192,254736,17,17,0
299,1.095,0.230,0.000,1.324,1.439,97878,9602,88276,247,25,25,6264192,254736,17,17,0
300,1.107,0.244,0.000,1.350,1.436,97878,9602,88276,247,25,25,6264192,254736,17,17,0
301,1.106,0.227,0.000,1.333,1.465,97878,9602,88276,247,25,25,6264192,254736,17,17,0
302,1.089,0.247,0.000,1.336,1.444,97878,9602,88276,247,25,25,6264192,254736,17,17,0
303,1.078,0.240,0.000,1.318,1.449,97878,9602,88276,247,25,25,6264192,254736,17,17,0
304,1.072,0.198,0.000,1.271,1.431,97878,9602,88276,247,25,25,6264192,254736,17,17,0
305,1.106,0.241,0.000,1.347,1.381,97878,9602,88276,247,25,25,6264192,254736,17,17,0
306,1.107,0.223,0.000,1.330,1.457,97878,9602,88276,247,25,25,6264192,254736,17,17,0
307,1.094,0.241,0.000,1.336,1.443,97878,9602,88276,247,25,25,6264192,254736,17,17,0
308,1.120,0.229,0.000,1.349,1.449,97878,9602,88276,247,25,25,6264192,254736,17,17,0
309,1.110,0.210,0.000,1.320,1.458,97878,9602,88276,247,25,25,6264192,254736,17,17,0
310,1.082,0.205,0.000,1.287,1.431,97878,9602,88276,247,25,25,6264192,254736,17,17,0
311,1.106,0.227,0.000,1.333,1.397,97878,9602,88276,247,25,25,6264192,254736,17,17,0
312,1.105,0.229,0.000,1.334,1.447,97878,9602,88276,247,25,25,6264192,254736,17,17,0
313,1.086,0.225,0.000,1.311,1.447,97878,9602,88276,247,25,25,6264192,254736,17,17,0
314,1.077,0.212,0.000,1.289,1.424,97878,9602,88276,247,25,25,6264192,254736,17,17,0
315,1.050,0.204,0.000,1.254,1.399,97878,9602,88276,247,25,25,6264192,254736,17,17,0
316,1.023,0.220,0.000,1.242,1.364,97878,9602,88276,247,25,25,6264192,254736,17,17,0
317,1.040,0.213,0.000,1.253,1.348,97878,9602,88276,247,25,25,6264192,254736,17,17,0
318,1.155,0.252,0.000,1.407,1.364,97878,9602,88276,247,25,25,6264192,254736,17,17,0
319,1.057,0.223,0.000,1.281,1.522,97878,9602,88276,247,25,25,6264192,254736,17,17,0
320,1.038,0.212,0.000,1.250,1.391,97878,9602,88276,247,25,25,6264192,254736,17,17,0
321,1.078,0.215,0.000,1.293,1.364,97878,9602,88276,247,25,25,6264192,254736,17,17,0
322,1.039,0.198,0.000,1.237,1.408,97878,9602,88276,247,25,25,6264192,254736,17,17,0
323,1.099,0.204,0.000,1.303,1.343,97878,9602,88276,247,25,25,6264192,254736,17,17,0
324,1.072,0.237,0.000,1.309,1.412,97878,9602,88276,247,25,25,6264192,254736,17,17,0
325,1.121,0.223,0.000,1.344,1.421,97878,9602,88276,247,25,25,6264192,254736,17,17,0
326,1.136,0.227,0.000,1.363,1.458,97878,9602,88276,247,25,25,6264192,254736,17,17,0
327,1.122,0.214,0.000,1.336,1.475,97878,9602,88276,247,25,25,6264192,254736,17,17,0
328,1.049,0.262,0.000,1.311,1.444,97878,9602,88276,247,25,25,6264192,254736,17,17,0
329,1.121,0.244,0.000,1.365,1.424,97878,9602,88276,247,25,25,6264192,254736,17,17,0
330,1.090,0.224,0.000,1.315,1.494,97878,9602,88276,247,25,25,6264192,254736,17,17,0
331,1.082,0.236,0.000,1.318,1.421,97878,9602,88276,247,25,25,6264192,254736,17,17,0
332,1.214,0.443,0.000,1.657,1.547,97878,9602,88276,247,25,25,6264192,254736,17,17,0
333,1.253,0.387,0.003,1.643,1.765,97878,9602,88276,247,25,25,6264192,254736,17,17,0
334,1.321,0.330,0.000,1.650,1.756,97878,9602,88276,247,25,25,6264192,254736,17,17,0
335,1.203,0.270,0.000,1.473,1.762,97878,9602,88276,247,25,25,6264192,254736,17,17,0
336,1.193,0.227,0.000,1.420,1.585,97878,9602,88276,247,25,25,6264192,254736,17,17,0
337,1.166,0.229,0.000,1.395,1.537,97878,9602,88276,247,25,25,6264192,254736,17,17,0
338,1.186,0.247,0.000,1.433,1.503,97878,9602,88276,247,25,25,6264192,254736,17,17,0
339,1.208,0.223,0.000,1.431,1.545,97878,9602,88276,247,25,25,6264192,254736,17,17,0
340,1.152,0.215,0.000,1.366,1.542,97878,9602,88276,247,25,25,6264192,254736,17,17,0
341,1.165,0.224,0.000,1.389,1.479,97878,9602,88276,247,25,25,6264192,254736,17,17,0
342,1.155,0.218,0.000,1.373,1.517,97878,9602,88276,247,25,25,6264192,254736,17,17,0
343,1.137,0.229,0.000,1.366,1.486,97878,9602,88276,247,25,25,6264192,254736,17,17,0
344,1.127,0.258,0.000,1.385,1.472,97878,9602,88276,247,25,25,6264192,254736,17,17,0
345,1.210,0.255,0.000,1.465,1.509,97878,9602,88276,247,25,25,6264192,254736,17,17,0
346,1.178,0.218,0.000,1.396,1.579,97878,9602,88276,247,25,25,6264192,254736,17,17,0
347,1.184,0.247,0.000,1.431,1.512,97878,9602,88276,247,25,25,6264192,254736,17,17,0
348,1.142,0.199,0.000,1.341,1.544,97878,9602,88276,247,25,25,6264192,254736,17,17,0
349,1.137,0.232,0.000,1.369,1.445,97878,9602,88276,247,25,25,6264192,254736,17,17,0
350,1.165,0.235,0.000,1.401,1.484,97878,9602,88276,247,25,25,6264192,254736,17,17,0
351,1.139,0.235,0.000,1.374,1.518,97878,9602,88276,247,25,25,6264192,254736,17,17,0
352,1.154,0.207,0.000,1.362,1.488,97878,9602,88276,247,25,25,6264192,254736,17,17,0
353,1.119,0.233,0.000,1.352,1.474,97878,9602,88276,247,25,25,6264192,254736,17,17,0
354,1.145,0.221,0.000,1.366,1.464,97878,9602,88276,247,25,25,6264192,254736,17,17,0
355,1.139,0.219,0.000,1.358,1.480,97878,9602,88276,247,25,25,6264192,254736,17,17,0
356,1.154,0.234,0.000,1.388,1.466,97878,9602,88276,247,25,25,6264192,254736,17,17,0
357,1.156,0.221,0.000,1.377,1.500,97878,9602,88276,247,25,25,6264192,254736,17,17,0
358,1.133,0.207,0.000,1.340,1.493,97878,9602,88276,247,25,25,6264192,254736,17,17,0
359,1.116,0.214,0.000,1.330,1.450,97878,9602,88276,247,25,25,6264192,254736,17,17,0
360,1.127,0.218,0.000,1.345,1.440,97878,9602,88276,247,25,25,6264192,254736,17,17,0
361,1.130,0.210,0.000,1.341,1.456,97878,9602,88276,247,25,25,6264192,254736,17,17,0
362,1.128,0.215,0.000,1.343,1.456,97878,9602,88276,247,25,25,6264192,254736,17,17,0
363,1.113,0.215,0.000,1.328,1.457,97878,9602,88276,247,25,25,6264192,254736,17,17,0
364,1.131,0.228,0.000,1.359,1.437,97878,9602,88276,247,25,25,6264192,254736,17,17,0
365,1.113,0.224,0.000,1.338,1.473,97878,9602,88276,247,25,25,6264192,254736,17,17,0
366,1.111,0.216,0.000,1.327,1.452,97878,9602,88276,247,25,25,6264192,254736,17,17,0
367,1.145,0.211,0.000,1.356,1.444,97878,9602,88276,247,25,25,6264192,254736,17,17,0
368,1.123,0.234,0.000,1.357,1.469,97878,9602,88276,247,25,25,6264192,254736,17,17,0
369,1.121,0.224,0.000,1.345,1.472,97878,9602,88276,247,25,25,6264192,254736,17,17,0
370,1.103,0.205,0.000,1.308,1.457,97878,9602,88276,247,25,25,6264192,254736,17,17,0
371,1.127,0.205,0.000,1.333,1.422,97878,9602,88276,247,25,25,6264192,254736,17,17,0
372,1.124,0.187,0.000,1.311,1.452,97878,9602,88276,247,25,25,6264192,254736,17,17,0
373,1.102,0.234,0.000,1.337,1.421,97878,9602,88276,247,25,25,6264192,254736,17,17,0
374,1.107,0.224,0.000,1.331,1.449,97878,9602,88276,247,25,25,6264192,254736,17,17,0
375,1.116,0.226,0.000,1.342,1.446,97878,9602,88276,247,25,25,6264192,254736,17,17,0
376,1.132,0.214,0.000,1.346,1.449,97878,9602,88276,247,25,25,6264192,254736,17,17,0
377,1.110,0.229,0.000,1.339,1.460,97878,9602,88276,247,25,25,6264192,254736,17,17,0
378,1.097,0.227,0.000,1.324,1.454,97878,9602,88276,247,25,25,6264192,254736,17,17,0
379,1.117,0.208,0.000,1.325,1.437,97878,9602,88276,247,25,25,6264192,254736,17,17,0
380,1.110,0.246,0.000,1.356,1.440,97878,9602,88276,247,25,25,6264192,254736,17,17,0
381,1.131,0.249,0.000,1.379,1.472,97878,9602,88276,247,25,25,6264192,254736,17,17,0
382,1.130,0.205,0.000,1.335,1.494,97878,9602,88276,247,25,25,6264192,254736,17,17,0
383,1.017,0.204,0.000,1.221,1.449,97878,9602,88276,247,25,25,6264192,254736,17,17,0
384,1.025,0.197,0.000,1.222,1.322,97878,9602,88276,247,25,25,6264192,254736,17,17,0
385,1.025,0.199,0.000,1.224,1.322,97878,9602,88276,247,25,25,6264192,254736,17,17,0
386,1.140,0.209,0.000,1.350,1.329,97878,9602,88276,247,25,25,6264192,254736,17,17,0
387,1.094,0.203,0.000,1.297,1.465,97878,9602,88276,247,25,25,6264192,254736,17,17,0
388,1.115,0.207,0.000,1.323,1.410,97878,9602,88276,247,25,25,6264192,254736,17,17,0
389,1.107,0.224,0.000,1.331,1.436,97878,9602,88276,247,25,25,6264192,254736,17,17,0
390,1.124,0.206,0.000,1.329,1.457,97878,9602,88276,247,25,25,6264192,254736,17,17,0
391,1.112,0.213,0.000,1.325,1.445,97878,9602,88276,247,25,25,6264192,254736,17,17,0
392,1.121,0.209,0.000,1.330,1.436,97878,9602,88276,247,25,25,6264192,254736,17,17,0
393,1.110,0.229,0.000,1.339,1.446,97878,9602,88276,247,25,25,6264192,254736,17,17,0
394,1.123,0.228,0.000,1.352,1.450,97878,9602,88276,247,25,25,6264192,254736,17,17,0
395,1.096,0.226,0.000,1.321,1.465,97878,9602,88276,247,25,25,6264192,254736,17,17,0
396,1.127,0.223,0.000,1.350,1.431,97878,9602,88276,247,25,25,6264192,254736,17,17,0
397,1.108,0.223,0.000,1.331,1.464,97878,9602,88276,247,25,25,6264192,254736,17,17,0
398,1.121,0.240,0.000,1.361,1.445,97878,9602,88276,247,25,25,6264192,254736,17,17,0
399,1.094,0.207,0.000,1.301,1.473,97878,9602,88276,247,25,25,6264192,254736,17,17,0
400,1.134,0.217,0.000,1.350,1.415,97878,9602,88276,247,25,25,6264192,254736,17,17,0
401,1.095,0.222,0.000,1.317,1.463,97878,9602,88276,247,25,25,6264192,254736,17,17,0
402,1.127,0.211,0.000,1.338,1.426,97878,9602,88276,247,25,25,6264192,254736,17,17,0
403,1.107,0.233,0.000,1.340,1.450,97878,9602,88276,247,25,25,6264192,254736,17,17,0
404,1.041,0.201,0.000,1.242,1.454,97878,9602,88276,247,25,25,6264192,254736,17,17,0
405,1.048,0.203,0.000,1.251,1.351,97878,9602,88276,247,25,25,6264192,254736,17,17,0
406,1.110,0.217,0.000,1.327,1.359,97878,9602,88276,247,25,25,6264192,254736,17,17,0
407,1.100,0.227,0.000,1.327,1.446,97878,9602,88276,247,25,25,6264192,254736,17,17,0
408,1.566,0.338,0.000,1.905,1.423,97878,9602,88276,247,25,25,6264192,254736,17,17,0
409,1.231,0.263,0.000,1.494,2.038,97878,9602,88276,247,25,25,6264192,254736,17,17,0
410,1.163,0.264,0.000,1.427,1.614,97878,9602,88276,247,25,25,6264192,254736,17,17,0
411,1.135,0.215,0.000,1.350,1.547,97878,9602,88276,247,25,25,6264192,254736,17,17,0
412,1.145,0.238,0.000,1.383,1.468,97878,9602,88276,247,25,25,6264192,254736,17,17,0
413,1.099,0.240,0.000,1.340,1.502,97878,9602,88276,247,25,25,6264192,254736,17,17,0
414,1.125,0.220,0.000,1.345,1.452,97878,9602,88276,247,25,25,6264192,254736,17,17,0
415,1.129,0.234,0.000,1.363,1.460,97878,9602,88276,247,25,25,6264192,254736,17,17,0
416,1.125,0.219,0.000,1.344,1.477,97878,9602,88276,247,25,25,6264192,254736,17,17,0
417,1.119,0.211,0.000,1.330,1.457,97878,9602,88276,247,25,25,6264192,254736,17,17,0
418,1.122,0.232,0.000,1.354,1.442,97878,9602,88276,247,25,25,6264192,254736,17,17,0
419,1.118,0.226,0.000,1.344,1.467,97878,9602,88276,247,25,25,6264192,254736,17,17,0
420,1.139,0.220,0.000,1.359,1.459,97878,9602,88276,247,25,25,6264192,254736,17,17,0
421,1.121,0.242,0.000,1.362,1.471,97878,9602,88276,247,25,25,6264192,254736,17,17,0
422,1.105,0.218,0.000,1.323,1.476,97878,9602,88276,247,25,25,6264192,254736,17,17,0
423,1.121,0.230,0.000,1.351,1.439,97878,9602,88276,247,25,25,6264192,254736,17,17,0
424,1.570,0.208,0.000,1.778,1.463,97878,9602,88276,247,25,25,6264192,254736,17,17,0
425,1.196,0.252,0.000,1.448,1.881,97878,9602,88276,247,25,25,6264192,254736,17,17,0
426,1.133,0.255,0.000,1.389,1.560,97878,9602,88276,247,25,25,6264192,254736,17,17,0
427,1.132,0.238,0.000,1.370,1.499,97878,9602,88276,247,25,25,6264192,254736,17,17,0
428,1.143,0.231,0.000,1.373,1.481,97878,9602,88276,247,25,25,6264192,254736,17,17,0
429,1.132,0.242,0.000,1.374,1.487,97878,9602,88276,247,25,25,6264192,254736,17,17,0
430,1.123,0.203,0.000,1.327,1.487,97878,9602,88276,247,25,25,6264192,254736,17,17,0
431,1.091,0.209,0.000,1.299,1.437,97878,9602,88276,247,25,25,6264192,254736,17,17,0
432,1.115,0.217,0.000,1.332,1.414,97878,9602,88276,247,25,25,6264192,254736,17,17,0
433,1.109,0.216,0.000,1.325,1.449,97878,9602,88276,247,25,25,6264192,254736,17,17,0
434,1.119,0.234,0.000,1.353,1.439,97878,9602,88276,247,25,25,6264192,254736,17,17,0
435,1.086,0.219,0.000,1.305,1.464,97878,9602,88276,247,25,25,6264192,254736,17,17,0
436,1.096,0.213,0.000,1.309,1.419,97878,9602,88276,247,25,25,6264192,254736,17,17,0
437,1.112,0.232,0.000,1.345,1.422,97878,9602,88276,247,25,25,6264192,254736,17,17,0
438,1.088,0.234,0.000,1.322,1.457,97878,9602,88276,247,25,25,6264192,254736,17,17,0
439,1.108,0.235,0.000,1.343,1.448,97878,9602,88276,247,25,25,6264192,254736,17,17,0
440,1.094,0.217,0.000,1.310,1.456,97878,9602,88276,247,25,25,6264192,254736,17,17,0
441,1.088,0.213,0.000,1.301,1.423,97878,9602,88276,247,25,25,6264192,254736,17,17,0
442,1.110,0.228,0.000,1.338,1.412,97878,9602,88276,247,25,25,6264192,254736,17,17,0
443,1.127,0.191,0.000,1.318,1.451,97878,9602,88276,247,25,25,6264192,254736,17,17,0
444,1.088,0.245,0.000,1.333,1.430,97878,9602,88276,247,25,25,6264192,254736,17,17,0
445,1.108,0.231,0.000,1.339,1.445,97878,9602,88276,247,25,25,6264192,254736,17,17,0
446,1.111,0.223,0.000,1.335,1.454,97878,9602,88276,247,25,25,6264192,254736,17,17,0
447,1.107,0.228,0.000,1.335,1.449,97878,9602,88276,247,25,25,6264192,254736,17,17,0
448,1.094,0.207,0.000,1.301,1.448,97878,9602,88276,247,25,25,6264192,254736,17,17,0
449,1.084,0.214,0.000,1.298,1.415,97878,9602,88276,247,25,25,6264192,254736,17,17,0
450,1.590,0.189,0.000,1.779,1.402,97878,9602,88276,247,25,25,6264192,254736,17,17,0
451,1.017,0.240,0.000,1.257,1.886,97878,9602,88276,247,25,25,6264192,254736,17,17,0
452,1.028,0.221,0.000,1.249,1.363,97878,9602,88276,247,25,25,6264192,254736,17,17,0
453,1.064,0.231,0.000,1.295,1.355,97878,9602,88276,247,25,25,6264192,254736,17,17,0
454,1.052,0.211,0.000,1.262,1.403,97878,9602,88276,247,25,25,6264192,254736,17,17,0
455,1.145,0.229,0.000,1.373,1.370,97878,9602,88276,247,25,25,6264192,254736,17,17,0
456,1.118,0.213,0.000,1.331,1.484,97878,9602,88276,247,25,25,6264192,254736,17,17,0
457,1.104,0.219,0.000,1.324,1.441,97878,9602,88276,247,25,25,6264192,254736,17,17,0
458,1.091,0.241,0.000,1.333,1.431,97878,9602,88276,247,25,25,6264192,254736,17,17,0
459,1.117,0.240,0.000,1.357,1.440,97878,9602,88276,247,25,25,6264192,254736,17,17,0
460,1.121,0.229,0.000,1.349,1.475,97878,9602,88276,247,25,25,6264192,254736,17,17,0
461,1.120,0.210,0.000,1.330,1.463,97878,9602,88276,247,25,25,6264192,254736,17,17,0
462,1.140,0.217,0.000,1.356,1.435,97878,9602,88276,247,25,25,6264192,254736,17,17,0
463,1.101,0.188,0.000,1.289,1.469,97878,9602,88276,247,25,25,6264192,254736,17,17,0
464,1.115,0.222,0.000,1.336,1.400,97878,9602,88276,247,25,25,6264192,254736,17,17,0
465,1.100,0.216,0.000,1.317,1.450,97878,9602,88276,247,25,25,6264192,254736,17,17,0
466,1.117,0.228,0.000,1.345,1.427,97878,9602,88276,247,25,25,6264192,254736,17,17,0
467,1.109,0.230,0.000,1.339,1.451,97878,9602,88276,247,25,25,6264192,254736,17,17,0
468,1.094,0.207,0.000,1.301,1.450,97878,9602,88276,247,25,25,6264192,254736,17,17,0
469,1.104,0.217,0.000,1.321,1.409,97878,9602,88276,247,25,25,6264192,254736,17,17,0
470,1.088,0.237,0.000,1.326,1.436,97878,9602,88276,247,25,25,6264192,254736,17,17,0
471,1.119,0.217,0.000,1.336,1.436,97878,9602,88276,247,25,25,6264192,254736,17,17,0
472,1.109,0.224,0.000,1.334,1.444,97878,9602,88276,247,25,25,6264192,254736,17,17,0
473,1.125,0.232,0.000,1.357,1.444,97878,9602,88276,247,25,25,6264192,254736,17,17,0
474,1.122,0.221,0.000,1.342,1.472,97878,9602,88276,247,25,25,6264192,254736,17,17,0
475,1.075,0.221,0.000,1.296,1.455,97878,9602,88276,247,25,25,6264192,254736,17,17,0
476,1.091,0.229,0.000,1.320,1.403,97878,9602,88276,247,25,25,6264192,254736,17,17,0
477,1.085,0.246,0.000,1.331,1.435,97878,9602,88276,247,25,25,6264192,254736,17,17,0
478,1.129,0.211,0.000,1.340,1.444,97878,9602,88276,247,25,25,6264192,254736,17,17,0
479,1.100,0.207,0.000,1.307,1.455,97878,9602,88276,247,25,25,6264192,254736,17,17,0
480,1.127,0.241,0.000,1.368,1.415,97878,9602,88276,247,25,25,6264192,254736,17,17,0
481,1.094,0.228,0.000,1.322,1.480,97878,9602,88276,247,25,25,6264192,254736,17,17,0
482,1.095,0.221,0.000,1.316,1.431,97878,9602,88276,247,25,25,6264192,254736,17,17,0
483,1.092,0.242,0.000,1.334,1.429,97878,9602,88276,247,25,25,6264192,254736,17,17,0
484,1.124,0.209,0.000,1.333,1.445,97878,9602,88276,247,25,25,6264192,254736,17,17,0
485,1.105,0.206,0.000,1.311,1.446,97878,9602,88276,247,25,25,6264192,254736,17,17,0
486,1.102,0.224,0.000,1.326,1.425,97878,9602,88276,247,25,25,6264192,254736,17,17,0
487,1.103,0.226,0.000,1.330,1.438,97878,9602,88276,247,25,25,6264192,254736,17,17,0
488,1.091,0.233,0.000,1.323,1.456,97878,9602,88276,247,25,25,6264192,254736,17,17,0
489,1.098,0.196,0.000,1.294,1.436,97878,9602,88276,247,25,25,6264192,254736,17,17,0
490,1.123,0.230,0.000,1.353,1.402,97878,9602,88276,247,25,25,6264192,254736,17,17,0
491,1.121,0.214,0.000,1.336,1.464,97878,9602,88276,247,25,25,6264192,254736,17,17,0
492,1.118,0.214,0.000,1.331,1.444,97878,9602,88276,247,25,25,6264192,254736,17,17,0
493,1.079,0.252,0.000,1.331,1.446,97878,9602,88276,247,25,25,6264192,254736,17,17,0
494,1.182,0.248,0.000,1.430,1.440,97878,9602,88276,247,25,25,6264192,254736,17,17,0
495,1.205,0.210,0.000,1.415,1.538,97878,9602,88276,247,25,25,6264192,254736,17,17,0
496,1.150,0.219,0.000,1.370,1.522,97878,9602,88276,247,25,25,6264192,254736,17,17,0
497,1.119,0.217,0.000,1.337,1.474,97878,9602,88276,247,25,25,6264192,254736,17,17,0
498,1.107,0.245,0.000,1.353,1.443,97878,9602,88276,247,25,25,6264192,254736,17,17,0
499,1.085,0.214,0.000,1.299,1.467,97878,9602,88276,247,25,25,6264192,254736,17,17,0
500,1.095,0.214,0.000,1.309,1.408,97878,9602,88276,247,25,25,6264192,254736,17,17,0
501,1.618,0.218,0.000,1.835,1.426,97878,9602,88276,247,25,25,6264192,254736,17,17,0
502,1.221,0.237,0.000,1.458,1.935,97878,9602,88276,247,25,25,6264192,254736,17,17,0
503,1.179,0.245,0.000,1.424,1.558,97878,9602,88276,247,25,25,6264192,254736,17,17,0
504,1.118,0.261,0.000,1.379,1.535,97878,9602,88276,247,25,25,6264192,254736,17,17,0
505,1.081,0.246,0.000,1.328,1.482,97878,9602,88276,247,25,25,6264192,254736,17,17,0
506,1.106,0.245,0.000,1.352,1.433,97878,9602,88276,247,25,25,6264192,254736,17,17,0
507,1.120,0.239,0.000,1.359,1.464,97878,9602,88276,247,25,25,6264192,254736,17,17,0
508,1.124,0.214,0.000,1.337,1.470,97878,9602,88276,247,25,25,6264192,254736,17,17,0
509,1.124,0.233,0.000,1.357,1.451,97878,9602,88276,247,25,25,6264192,254736,17,17,0
510,1.078,0.237,0.000,1.315,1.469,97878,9602,88276,247,25,25,6264192,254736,17,17,0
511,1.106,0.242,0.000,1.347,1.425,97878,9602,88276,247,25,25,6264192,254736,17,17,0
512,1.098,0.215,0.000,1.313,1.456,97878,9602,88276,247,25,25,6264192,254736,17,17,0
513,1.117,0.230,0.000,1.346,1.423,97878,9602,88276,247,25,25,6264192,254736,17,17,0
514,1.141,0.196,0.000,1.337,1.461,97878,9602,88276,247,25,25,6264192,254736,17,17,0
515,1.113,0.230,0.000,1.343,1.445,97878,9602,88276,247,25,25,6264192,254736,17,17,0
516,1.105,0.254,0.000,1.360,1.448,97878,9602,88276,247,25,25,6264192,254736,17,17,0
517,1.110,0.235,0.000,1.344,1.472,97878,9602,88276,247,25,25,6264192,254736,17,17,0
518,1.104,0.209,0.000,1.313,1.458,97878,9602,88276,247,25,25,6264192,254736,17,17,0
519,1.103,0.273,0.000,1.376,1.421,97878,9602,88276,247,25,25,6264192,254736,17,17,0
520,1.155,0.280,0.000,1.435,1.494,97878,9602,88276,247,25,25,6264192,254736,17,17,0
521,1.173,0.237,0.000,1.410,1.550,97878,9602,88276,247,25,25,6264192,254736,17,17,0
522,1.114,0.223,0.000,1.337,1.527,97878,9602,88276,247,25,25,6264192,254736,17,17,0
523,1.111,0.236,0.000,1.347,1.448,97878,9602,88276,247,25,25,6264192,254736,17,17,0
524,1.107,0.260,0.000,1.368,1.460,97878,9602,88276,247,25,25,6264192,254736,17,17,0
525,1.112,0.217,0.000,1.329,1.481,97878,9602,88276,247,25,25,6264192,254736,17,17,0
526,1.122,0.230,0.000,1.352,1.442,97878,9602,88276,247,25,25,6264192,254736,17,17,0
527,1.101,0.224,0.000,1.325,1.460,97878,9602,88276,247,25,25,6264192,254736,17,17,0
528,1.086,0.246,0.000,1.332,1.438,97878,9602,88276,247,25,25,6264192,254736,17,17,0
529,1.083,0.241,0.000,1.323,1.447,97878,9602,88276,247,25,25,6264192,254736,17,17,0
530,1.118,0.246,0.000,1.364,1.435,97878,9602,88276,247,25,25,6264192,254736,17,17,0
531,1.116,0.209,0.000,1.326,1.478,97878,9602,88276,247,25,25,6264192,254736,17,17,0
532,1.109,0.237,0.000,1.346,1.440,97878,9602,88276,247,25,25,6264192,254736,17,17,0
533,1.105,0.231,0.000,1.336,1.460,97878,9602,88276,247,25,25,6264192,254736,17,17,0
534,1.090,0.208,0.000,1.298,1.449,97878,9602,88276,247,25,25,6264192,254736,17,17,0
535,1.105,0.225,0.000,1.330,1.407,97878,9602,88276,247,25,25,6264192,254736,17,17,0
536,1.093,0.226,0.000,1.319,1.439,97878,9602,88276,247,25,25,6264192,254736,17,17,0
537,1.109,0.208,0.000,1.316,1.447,97878,9602,88276,247,25,25,6264192,254736,17,17,0
538,1.067,0.223,0.000,1.290,1.428,97878,9602,88276,247,25,25,6264192,254736,17,17,0
539,1.092,0.254,0.000,1.346,1.403,97878,9602,88276,247,25,25,6264192,254736,17,17,0
540,1.110,0.233,0.000,1.343,1.457,97878,9602,88276,247,25,25,6264192,254736,17,17,0
541,1.085,0.232,0.000,1.316,1.455,97878,9602,88276,247,25,25,6264192,254736,17,17,0
542,1.118,0.236,0.000,1.354,1.431,97878,9602,88276,247,25,25,6264192,254736,17,17,0
543,1.123,0.208,0.000,1.331,1.463,97878,9602,88276,247,25,25,6264192,254736,17,17,0
544,1.087,0.192,0.000,1.279,1.444,97878,9602,88276,247,25,25,6264192,254736,17,17,0
545,1.113,0.223,0.000,1.336,1.388,97878,9602,88276,247,25,25,6264192,254736,17,17,0
546,1.099,0.220,0.000,1.319,1.449,97878,9602,88276,247,25,25,6264192,254736,17,17,0
547,1.114,0.229,0.000,1.344,1.428,97878,9602,88276,247,25,25,6264192,254736,17,17,0
548,1.106,0.214,0.000,1.320,1.454,97878,9602,88276,247,25,25,6264192,254736,17,17,0
549,1.102,0.234,0.000,1.336,1.432,97878,9602,88276,247,25,25,6264192,254736,17,17,0
550,1.073,0.231,0.000,1.304,1.448,97878,9602,88276,247,25,25,6264192,254736,17,17,0
551,1.081,0.204,0.000,1.285,1.417,97878,9602,88276,247,25,25,6264192,254736,17,17,0
552,1.069,0.243,0.000,1.312,1.397,97878,9602,88276,247,25,25,6264192,254736,17,17,0
553,1.090,0.255,0.000,1.345,1.433,97878,9602,88276,247,25,25,6264192,254736,17,17,0
554,1.151,0.237,0.000,1.388,1.458,97878,9602,88276,247,25,25,6264192,254736,17,17,0
555,1.066,0.245,0.000,1.310,1.501,97878,9602,88276,247,25,25,6264192,254736,17,17,0
556,1.107,0.260,0.000,1.367,1.426,97878,9602,88276,247,25,25,6264192,254736,17,17,0
557,1.366,0.237,0.000,1.603,1.481,97878,9602,88276,247,25,25,6264192,254736,17,17,0
558,1.130,0.250,0.000,1.380,1.708,97878,9602,88276,247,25,25,6264192,254736,17,17,0
559,1.122,0.211,0.000,1.333,1.491,97878,9602,88276,247,25,25,6264192,254736,17,17,0
560,1.133,0.251,0.000,1.384,1.444,97878,9602,88276,247,25,25,6264192,254736,17,17,0
561,1.076,0.227,0.000,1.303,1.491,97878,9602,88276,247,25,25,6264192,254736,17,17,0
562,1.070,0.235,0.000,1.306,1.414,97878,9602,88276,247,25,25,6264192,254736,17,17,0
563,1.112,0.242,0.000,1.354,1.418,97878,9602,88276,247,25,25,6264192,254736,17,17,0
564,1.588,0.233,0.000,1.820,1.468,97878,9602,88276,247,25,25,6264192,254736,17,17,0
565,1.130,0.195,0.000,1.325,1.932,97878,9602,88276,247,25,25,6264192,254736,17,17,0
566,1.103,0.237,0.000,1.340,1.434,97878,9602,88276,247,25,25,6264192,254736,17,17,0
567,1.095,0.226,0.000,1.320,1.454,97878,9602,88276,247,25,25,6264192,254736,17,17,0
568,1.087,0.216,0.000,1.303,1.433,97878,9602,88276,247,25,25,6264192,254736,17,17,0
569,1.090,0.243,0.000,1.333,1.417,97878,9602,88276,247,25,25,6264192,254736,17,17,0
570,1.136,0.248,0.000,1.384,1.445,97878,9602,88276,247,25,25,6264192,254736,17,17,0
571,1.591,0.211,0.000,1.802,1.494,97878,9602,88276,247,25,25,6264192,254736,17,17,0
572,1.093,0.311,0.000,1.404,1.914,97878,9602,88276,247,25,25,6264192,254736,17,17,0
573,1.143,0.239,0.000,1.382,1.516,97878,9602,88276,247,25,25,6264192,254736,17,17,0
574,1.111,0.234,0.000,1.344,1.502,97878,9602,88276,247,25,25,6264192,254736,17,17,0
575,1.112,0.257,0.000,1.370,1.456,97878,9602,88276,247,25,25,6264192,254736,17,17,0
576,1.122,0.217,0.000,1.339,1.484,97878,9602,88276,247,25,25,6264192,254736,17,17,0
577,1.103,0.228,0.000,1.330,1.450,97878,9602,88276,247,25,25,6264192,254736,17,17,0
578,1.086,0.242,0.000,1.327,1.442,97878,9602,88276,247,25,25,6264192,254736,17,17,0
579,1.086,0.224,0.000,1.311,1.439,97878,9602,88276,247,25,25,6264192,254736,17,17,0
580,1.122,0.241,0.000,1.363,1.422,97878,9602,88276,247,25,25,6264192,254736,17,17,0
581,1.095,0.239,0.000,1.334,1.479,97878,9602,88276,247,25,25,6264192,254736,17,17,0
582,1.090,0.219,0.000,1.308,1.448,97878,9602,88276,247,25,25,6264192,254736,17,17,0
583,1.086,0.233,0.000,1.319,1.417,97878,9602,88276,247,25,25,6264192,254736,17,17,0
584,1.102,0.224,0.000,1.327,1.430,97878,9602,88276,247,25,25,6264192,254736,17,17,0
585,1.104,0.238,0.000,1.342,1.456,97878,9602,88276,247,25,25,6264192,254736,17,17,0
586,1.096,0.233,0.000,1.329,1.448,97878,9602,88276,247,25,25,6264192,254736,17,17,0
587,1.079,0.202,0.000,1.281,1.435,97878,9602,88276,247,25,25,6264192,254736,17,17,0
588,1.117,0.207,0.000,1.324,1.395,97878,9602,88276,247,25,25,6264192,254736,17,17,0
589,1.094,0.222,0.000,1.316,1.436,97878,9602,88276,247,25,25,6264192,254736,17,17,0
590,1.087,0.221,0.000,1.308,1.428,97878,9602,88276,247,25,25,6264192,254736,17,17,0
591,1.089,0.226,0.000,1.314,1.419,97878,9602,88276,247,25,25,6264192,254736,17,17,0
592,1.120,0.223,0.000,1.343,1.424,97878,9602,88276,247,25,25,6264192,254736,17,17,0
593,1.116,0.205,0.000,1.320,1.458,97878,9602,88276,247,25,25,6264192,254736,17,17,0
594,1.113,0.209,0.000,1.322,1.433,97878,9602,88276,247,25,25,6264192,254736,17,17,0
595,1.081,0.241,0.000,1.322,1.433,97878,9602,88276,247,25,25,6264192,254736,17,17,0
596,1.092,0.240,0.000,1.332,1.433,97878,9602,88276,247,25,25,6264192,254736,17,17,0
597,1.080,0.217,0.000,1.297,1.443,97878,9602,88276,247,25,25,6264192,254736,17,17,0
598,1.106,0.215,0.000,1.321,1.409,97878,9602,88276,247,25,25,6264192,254736,17,17,0
599,1.100,0.206,0.000,1.306,1.435,97878,9602,88276,247,25,25,6264192,254736,17,17,0
600,1.130,0.216,0.000,1.346,1.419,97878,9602,88276,247,25,25,6264192,254736,17,17,0
601,1.097,0.249,0.000,1.346,1.454,97878,9602,88276,247,25,25,6264192,254736,17,17,0
602,1.081,0.248,0.000,1.328,1.459,97878,9602,88276,247,25,25,6264192,254736,17,17,0
603,1.083,0.221,0.000,1.304,1.440,97878,9602,88276,247,25,25,6264192,254736,17,17,0
604,1.095,0.215,0.000,1.310,1.415,97878,9602,88276,247,25,25,6264192,254736,17,17,0
605,1.111,0.212,0.000,1.323,1.421,97878,9602,88276,247,25,25,6264192,254736,17,17,0
606,1.128,0.208,0.000,1.336,1.436,97878,9602,88276,247,25,25,6264192,254736,17,17,0
607,1.099,0.208,0.000,1.308,1.448,97878,9602,88276,247,25,25,6264192,254736,17,17,0
608,1.107,0.229,0.000,1.336,1.413,97878,9602,88276,247,25,25,6264192,254736,17,17,0
609,1.134,0.225,0.000,1.359,1.447,97878,9602,88276,247,25,25,6264192,254736,17,17,0
610,1.111,0.225,0.000,1.336,1.474,97878,9602,88276,247,25,25,6264192,254736,17,17,0
611,1.091,0.206,0.000,1.297,1.449,97878,9602,88276,247,25,25,6264192,254736,17,17,0
612,1.116,0.209,0.000,1.325,1.411,97878,9602,88276,247,25,25,6264192,254736,17,17,0
613,1.080,0.210,0.000,1.290,1.438,97878,9602,88276,247,25,25,6264192,254736,17,17,0
614,1.100,0.204,0.000,1.304,1.402,97878,9602,88276,247,25,25,6264192,254736,17,17,0
615,1.112,0.203,0.000,1.315,1.412,97878,9602,88276,247,25,25,6264192,254736,17,17,0
616,1.120,0.235,0.000,1.355,1.430,97878,9602,88276,247,25,25,6264192,254736,17,17,0
617,1.465,0.210,0.000,1.675,1.484,97878,9602,88276,247,25,25,6264192,254736,17,17,0
618,1.080,0.247,0.000,1.327,1.788,97878,9602,88276,247,25,25,6264192,254736,17,17,0
619,1.097,0.208,0.000,1.305,1.428,97878,9602,88276,247,25,25,6264192,254736,17,17,0
620,1.143,0.215,0.000,1.358,1.415,97878,9602,88276,247,25,25,6264192,254736,17,17,0
621,1.111,0.225,0.000,1.336,1.469,97878,9602,88276,247,25,25,6264192,254736,17,17,0
622,1.113,0.214,0.000,1.327,1.446,97878,9602,88276,247,25,25,6264192,254736,17,17,0
623,1.115,0.229,0.000,1.344,1.440,97878,9602,88276,247,25,25,6264192,254736,17,17,0
624,1.104,0.230,0.000,1.334,1.455,97878,9602,88276,247,25,25,6264192,254736,17,17,0
625,1.087,0.239,0.000,1.326,1.443,97878,9602,88276,247,25,25,6264192,254736,17,17,0
626,1.617,0.226,0.000,1.843,1.431,97878,9602,88276,247,25,25,6264192,254736,17,17,0
627,1.119,0.224,0.000,1.343,1.961,97878,9602,88276,247,25,25,6264192,254736,17,17,0
628,1.139,0.233,0.000,1.372,1.453,97878,9602,88276,247,25,25,6264192,254736,17,17,0
629,1.108,0.227,0.000,1.336,1.483,97878,9602,88276,247,25,25,6264192,254736,17,17,0
630,1.093,0.229,0.000,1.323,1.447,97878,9602,88276,247,25,25,6264192,254736,17,17,0
631,1.103,0.208,0.000,1.312,1.436,97878,9602,88276,247,25,25,6264192,254736,17,17,0
632,1.099,0.227,0.000,1.326,1.424,97878,9602,88276,247,25,25,6264192,254736,17,17,0
633,1.125,0.236,0.000,1.361,1.437,97878,9602,88276,247,25,25,6264192,254736,17,17,0
634,1.127,0.227,0.000,1.354,1.482,97878,9602,88276,247,25,25,6264192,254736,17,17,0
635,1.105,0.195,0.000,1.300,1.464,97878,9602,88276,247,25,25,6264192,254736,17,17,0
636,1.095,0.220,0.000,1.315,1.408,97878,9602,88276,247,25,25,6264192,254736,17,17,0
637,1.126,0.228,0.000,1.354,1.427,97878,9602,88276,247,25,25,6264192,254736,17,17,0
638,1.100,0.231,0.000,1.331,1.469,97878,9602,88276,247,25,25,6264192,254736,17,17,0
639,1.113,0.223,0.000,1.336,1.443,97878,9602,88276,247,25,25,6264192,254736,17,17,0
640,1.094,0.223,0.000,1.317,1.451,97878,9602,88276,247,25,25,6264192,254736,17,17,0
641,1.084,0.242,0.000,1.326,1.430,97878,9602,88276,247,25,25,6264192,254736,17,17,0
642,1.096,0.223,0.000,1.319,1.435,97878,9602,88276,247,25,25,6264192,254736,17,17,0
643,1.110,0.186,0.000,1.296,1.429,97878,9602,88276,247,25,25,6264192,254736,17,17,0
644,1.108,0.214,0.000,1.322,1.407,97878,9602,88276,247,25,25,6264192,254736,17,17,0
645,1.106,0.224,0.000,1.330,1.434,97878,9602,88276,247,25,25,6264192,254736,17,17,0
646,1.089,0.220,0.000,1.309,1.436,97878,9602,88276,247,25,25,6264192,254736,17,17,0
647,1.097,0.232,0.000,1.329,1.419,97878,9602,88276,247,25,25,6264192,254736,17,17,0
648,1.120,0.229,0.000,1.349,1.443,97878,9602,88276,247,25,25,6264192,254736,17,17,0
649,1.109,0.210,0.000,1.320,1.461,97878,9602,88276,247,25,25,6264192,254736,17,17,0
650,1.560,0.255,0.000,1.815,1.416,97878,9602,88276,247,25,25,6264192,254736,17,17,0
651,1.108,0.199,0.000,1.308,1.925,97878,9602,88276,247,25,25,6264192,254736,17,17,0
652,1.102,0.219,0.000,1.321,1.419,97878,9602,88276,247,25,25,6264192,254736,17,17,0
653,1.095,0.228,0.000,1.323,1.434,97878,9602,88276,247,25,25,6264192,254736,17,17,0
654,1.122,0.214,0.000,1.336,1.434,97878,9602,88276,247,25,25,6264192,254736,17,17,0
655,1.108,0.229,0.000,1.337,1.448,97878,9602,88276,247,25,25,6264192,254736,17,17,0
656,1.104,0.204,0.000,1.308,1.449,97878,9602,88276,247,25,25,6264192,254736,17,17,0
657,1.105,0.222,0.000,1.327,1.419,97878,9602,88276,247,25,25,6264192,254736,17,17,0
658,1.050,0.207,0.000,1.257,1.440,97878,9602,88276,247,25,25,6264192,254736,17,17,0
659,1.111,0.217,0.000,1.329,1.367,97878,9602,88276,247,25,25,6264192,254736,17,17,0
660,1.176,0.232,0.000,1.408,1.453,97878,9602,88276,247,25,25,6264192,254736,17,17,0
661,1.155,0.241,0.000,1.396,1.517,97878,9602,88276,247,25,25,6264192,254736,17,17,0
662,1.101,0.209,0.000,1.310,1.511,97878,9602,88276,247,25,25,6264192,254736,17,17,0
663,1.086,0.237,0.000,1.323,1.425,97878,9602,88276,247,25,25,6264192,254736,17,17,0
664,1.116,0.228,0.000,1.343,1.436,97878,9602,88276,247,25,25,6264192,254736,17,17,0
665,1.050,0.229,0.000,1.280,1.456,97878,9602,88276,247,25,25,6264192,254736,17,17,0
666,1.110,0.218,0.000,1.327,1.396,97878,9602,88276,247,25,25,6264192,254736,17,17,0
667,1.083,0.221,0.000,1.304,1.441,97878,9602,88276,247,25,25,6264192,254736,17,17,0
668,1.163,0.209,0.000,1.372,1.417,97878,9602,88276,247,25,25,6264192,254736,17,17,0
669,1.091,0.200,0.000,1.291,1.488,97878,9602,88276,247,25,25,6264192,254736,17,17,0
670,1.087,0.209,0.000,1.296,1.401,97878,9602,88276,247,25,25,6264192,254736,17,17,0
671,1.103,0.219,0.000,1.321,1.405,97878,9602,88276,247,25,25,6264192,254736,17,17,0
672,1.104,0.225,0.000,1.330,1.435,97878,9602,88276,247,25,25,6264192,254736,17,17,0
673,1.098,0.228,0.000,1.325,1.443,97878,9602,88276,247,25,25,6264192,254736,17,17,0
674,1.122,0.200,0.000,1.322,1.445,97878,9602,88276,247,25,25,6264192,254736,17,17,0
675,1.108,0.230,0.000,1.338,1.435,97878,9602,88276,247,25,25,6264192,254736,17,17,0
676,1.092,0.224,0.000,1.317,1.454,97878,9602,88276,247,25,25,6264192,254736,17,17,0
677,1.097,0.213,0.000,1.310,1.428,97878,9602,88276,247,25,25,6264192,254736,17,17,0
678,1.104,0.229,0.000,1.333,1.424,97878,9602,88276,247,25,25,6264192,254736,17,17,0
679,1.094,0.223,0.000,1.317,1.443,97878,9602,88276,247,25,25,6264192,254736,17,17,0
680,1.119,0.207,0.000,1.326,1.430,97878,9602,88276,247,25,25,6264192,254736,17,17,0
681,1.082,0.241,0.000,1.323,1.437,97878,9602,88276,247,25,25,6264192,254736,17,17,0
682,1.082,0.228,0.000,1.310,1.437,97878,9602,88276,247,25,25,6264192,254736,17,17,0
683,1.114,0.230,0.000,1.345,1.438,97878,9602,88276,247,25,25,6264192,254736,17,17,0
684,1.112,0.242,0.000,1.354,1.460,97878,9602,88276,247,25,25,6264192,254736,17,17,0
685,1.121,0.202,0.000,1.323,1.467,97878,9602,88276,247,25,25,6264192,254736,17,17,0
686,1.112,0.213,0.000,1.325,1.435,97878,9602,88276,247,25,25,6264192,254736,17,17,0
687,1.104,0.205,0.000,1.309,1.438,97878,9602,88276,247,25,25,6264192,254736,17,17,0
688,1.091,0.204,0.000,1.295,1.419,97878,9602,88276,247,25,25,6264192,254736,17,17,0
689,1.137,0.215,0.000,1.353,1.401,97878,9602,88276,247,25,25,6264192,254736,17,17,0
690,1.093,0.213,0.000,1.306,1.467,97878,9602,88276,247,25,25,6264192,254736,17,17,0
691,1.094,0.205,0.000,1.299,1.421,97878,9602,88276,247,25,25,6264192,254736,17,17,0
692,1.108,0.229,0.000,1.337,1.412,97878,9602,88276,247,25,25,6264192,254736,17,17,0
693,1.073,0.252,0.000,1.326,1.449,97878,9602,88276,247,25,25,6264192,254736,17,17,0
694,1.087,0.226,0.000,1.314,1.439,97878,9602,88276,247,25,25,6264192,254736,17,17,0
695,1.114,0.207,0.000,1.321,1.427,97878,9602,88276,247,25,25,6264192,254736,17,17,0
696,1.123,0.217,0.000,1.340,1.435,97878,9602,88276,247,25,25,6264192,254736,17,17,0
697,1.094,0.223,0.000,1.317,1.453,97878,9602,88276,247,25,25,6264192,254736,17,17,0
698,1.117,0.214,0.000,1.330,1.431,97878,9602,88276,247,25,25,6264192,254736,17,17,0
699,1.079,0.229,0.000,1.308,1.442,97878,9602,88276,247,25,25,6264192,254736,17,17,0
700,1.090,0.224,0.000,1.314,1.417,97878,9602,88276,247,25,25,6264192,254736,17,17,0
701,1.107,0.184,0.000,1.291,1.428,97878,9602,88276,247,25,25,6264192,254736,17,17,0
702,1.088,0.219,0.000,1.307,1.401,97878,9602,88276,247,25,25,6264192,254736,17,17,0
703,1.110,0.194,0.000,1.304,1.416,97878,9602,88276,247,25,25,6264192,254736,17,17,0
704,1.072,0.202,0.000,1.274,1.420,97878,9602,88276,247,25,25,6264192,254736,17,17,0
705,1.071,0.276,0.000,1.347,1.387,97878,9602,88276,247,25,25,6264192,254736,17,17,0
706,1.183,0.271,0.000,1.454,1.469,97878,9602,88276,247,25,25,6264192,254736,17,17,0
707,1.122,0.234,0.000,1.356,1.565,97878,9602,88276,247,25,25,6264192,254736,17,17,0
708,1.123,0.226,0.000,1.350,1.468,97878,9602,88276,247,25,25,6264192,254736,17,17,0
709,1.096,0.195,0.000,1.291,1.465,97878,9602,88276,247,25,25,6264192,254736,17,17,0
710,1.088,0.212,0.000,1.299,1.399,97878,9602,88276,247,25,25,6264192,254736,17,17,0
711,1.097,0.249,0.000,1.346,1.413,97878,9602,88276,247,25,25,6264192,254736,17,17,0
712,1.518,0.245,0.000,1.764,1.449,97878,9602,88276,247,25,25,6264192,254736,17,17,0
713,1.139,0.202,0.000,1.340,1.874,97878,9602,88276,247,25,25,6264192,254736,17,17,0
714,1.122,0.205,0.000,1.327,1.451,97878,9602,88276,247,25,25,6264192,254736,17,17,0
715,1.087,0.213,0.000,1.300,1.438,97878,9602,88276,247,25,25,6264192,254736,17,17,0
716,1.109,0.228,0.000,1.337,1.411,97878,9602,88276,247,25,25,6264192,254736,17,17,0
717,1.108,0.244,0.000,1.352,1.451,97878,9602,88276,247,25,25,6264192,254736,17,17,0
718,1.088,0.202,0.000,1.290,1.465,97878,9602,88276,247,25,25,6264192,254736,17,17,0
719,1.130,0.224,0.000,1.354,1.397,97878,9602,88276,247,25,25,6264192,254736,17,17,0
720,1.106,0.204,0.000,1.310,1.469,97878,9602,88276,247,25,25,6264192,254736,17,17,0
721,1.082,0.250,0.000,1.332,1.421,97878,9602,88276,247,25,25,6264192,254736,17,17,0
722,1.102,0.232,0.000,1.334,1.436,97878,9602,88276,247,25,25,6264192,254736,17,17,0
723,1.090,0.247,0.000,1.337,1.445,97878,9602,88276,247,25,25,6264192,254736,17,17,0
724,1.094,0.197,0.000,1.290,1.445,97878,9602,88276,247,25,25,6264192,254736,17,17,0
725,1.121,0.212,0.000,1.333,1.400,97878,9602,88276,247,25,25,6264192,254736,17,17,0
726,1.103,0.212,0.000,1.315,1.446,97878,9602,88276,247,25,25,6264192,254736,17,17,0
727,1.084,0.195,0.000,1.278,1.429,97878,9602,88276,247,25,25,6264192,254736,17,17,0
728,1.084,0.219,0.000,1.302,1.390,97878,9602,88276,247,25,25,6264192,254736,17,17,0
729,1.107,0.232,0.000,1.339,1.414,97878,9602,88276,247,25,25,6264192,254736,17,17,0
730,1.087,0.231,0.000,1.317,1.453,97878,9602,88276,247,25,25,6264192,254736,17,17,0
731,1.054,0.238,0.000,1.292,1.427,97878,9602,88276,247,25,25,6264192,254736,17,17,0
732,1.066,0.207,0.000,1.273,1.396,97878,9602,88276,247,25,25,6264192,254736,17,17,0
733,1.579,0.224,0.000,1.804,1.374,97878,9602,88276,247,25,25,6264192,254736,17,17,0
734,1.125,0.256,0.000,1.381,1.920,97878,9602,88276,247,25,25,6264192,254736,17,17,0
735,1.092,0.254,0.000,1.345,1.493,97878,9602,88276,247,25,25,6264192,254736,17,17,0
736,1.126,0.213,0.000,1.339,1.460,97878,9602,88276,247,25,25,6264192,254736,17,17,0
737,1.100,0.209,0.000,1.310,1.452,97878,9602,88276,247,25,25,6264192,254736,17,17,0
738,1.091,0.245,0.000,1.336,1.418,97878,9602,88276,247,25,25,6264192,254736,17,17,0
739,1.095,0.248,0.000,1.343,1.450,97878,9602,88276,247,25,25,6264192,254736,17,17,0
740,1.082,0.229,0.000,1.311,1.456,97878,9602,88276,247,25,25,6264192,254736,17,17,0
741,1.092,0.224,0.000,1.317,1.420,97878,9602,88276,247,25,25,6264192,254736,17,17,0
742,1.056,0.211,0.000,1.268,1.429,97878,9602,88276,247,25,25,6264192,254736,17,17,0
743,1.139,0.227,0.000,1.366,1.385,97878,9602,88276,247,25,25,6264192,254736,17,17,0
744,1.090,0.251,0.000,1.342,1.478,97878,9602,88276,247,25,25,6264192,254736,17,17,0
745,1.114,0.258,0.000,1.371,1.461,97878,9602,88276,247,25,25,6264192,254736,17,17,0
746,1.099,0.255,0.000,1.355,1.489,97878,9602,88276,247,25,25,6264192,254736,17,17,0
747,1.098,0.222,0.000,1.320,1.465,97878,9602,88276,247,25,25,6264192,254736,17,17,0
748,1.137,0.213,0.000,1.350,1.429,97878,9602,88276,247,25,25,6264192,254736,17,17,0
749,1.107,0.212,0.000,1.319,1.466,97878,9602,88276,247,25,25,6264192,254736,17,17,0
750,1.100,0.246,0.000,1.346,1.427,97878,9602,88276,247,25,25,6264192,254736,17,17,0
751,1.106,0.245,0.000,1.351,1.458,97878,9602,88276,247,25,25,6264192,254736,17,17,0
752,1.095,0.221,0.000,1.316,1.462,97878,9602,88276,247,25,25,6264192,254736,17,17,0
753,1.091,0.220,0.000,1.311,1.429,97878,9602,88276,247,25,25,6264192,254736,17,17,0
754,1.120,0.212,0.000,1.332,1.423,97878,9602,88276,247,25,25,6264192,254736,17,17,0
755,1.115,0.238,0.000,1.353,1.445,97878,9602,88276,247,25,25,6264192,254736,17,17,0
756,1.080,0.236,0.000,1.316,1.468,97878,9602,88276,247,25,25,6264192,254736,17,17,0
757,1.073,0.233,0.000,1.306,1.426,97878,9602,88276,247,25,25,6264192,254736,17,17,0
758,1.019,0.194,0.000,1.213,1.418,97878,9602,88276,247,25,25,6264192,254736,17,17,0
759,1.008,0.204,0.000,1.212,1.321,97878,9602,88276,247,25,25,6264192,254736,17,17,0
760,1.025,0.205,0.000,1.230,1.324,97878,9602,88276,247,25,25,6264192,254736,17,17,0
761,1.012,0.209,0.000,1.220,1.342,97878,9602,88276,247,25,25,6264192,254736,17,17,0
762,1.003,0.214,0.000,1.217,1.333,97878,9602,88276,247,25,25,6264192,254736,17,17,0
763,1.002,0.209,0.000,1.211,1.331,97878,9602,88276,247,25,25,6264192,254736,17,17,0
764,1.002,0.212,0.000,1.214,1.324,97878,9602,88276,247,25,25,6264192,254736,17,17,0
765,1.016,0.208,0.000,1.224,1.328,97878,9602,88276,247,25,25,6264192,254736,17,17,0
766,1.086,0.204,0.000,1.289,1.332,97878,9602,88276,247,25,25,6264192,254736,17,17,0
767,1.105,0.199,0.000,1.304,1.402,97878,9602,88276,247,25,25,6264192,254736,17,17,0
768,1.098,0.228,0.000,1.326,1.414,97878,9602,88276,247,25,25,6264192,254736,17,17,0
769,1.090,0.233,0.000,1.323,1.436,97878,9602,88276,247,25,25,6264192,254736,17,17,0
770,1.107,0.206,0.000,1.313,1.438,97878,9602,88276,247,25,25,6264192,254736,17,17,0
771,1.128,0.223,0.000,1.351,1.426,97878,9602,88276,247,25,25,6264192,254736,17,17,0
772,1.117,0.226,0.000,1.343,1.458,97878,9602,88276,247,25,25,6264192,254736,17,17,0
773,1.116,0.203,0.000,1.320,1.454,97878,9602,88276,247,25,25,6264192,254736,17,17,0
774,1.073,0.217,0.000,1.290,1.430,97878,9602,88276,247,25,25,6264192,254736,17,17,0
775,1.096,0.236,0.000,1.332,1.398,97878,9602,88276,247,25,25,6264192,254736,17,17,0
776,1.124,0.214,0.000,1.338,1.436,97878,9602,88276,247,25,25,6264192,254736,17,17,0
777,1.130,0.204,0.000,1.334,1.444,97878,9602,88276,247,25,25,6264192,254736,17,17,0
778,1.123,0.212,0.000,1.334,1.447,97878,9602,88276,247,25,25,6264192,254736,17,17,0
779,1.096,0.218,0.000,1.314,1.445,97878,9602,88276,247,25,25,6264192,254736,17,17,0
780,1.097,0.230,0.000,1.327,1.440,97878,9602,88276,247,25,25,6264192,254736,17,17,0
781,1.133,0.228,0.000,1.361,1.440,97878,9602,88276,247,25,25,6264192,254736,17,17,0
782,1.103,0.213,0.000,1.316,1.474,97878,9602,88276,247,25,25,6264192,254736,17,17,0
783,1.090,0.222,0.000,1.312,1.427,97878,9602,88276,247,25,25,6264192,254736,17,17,0
784,1.105,0.214,0.000,1.319,1.423,97878,9602,88276,247,25,25,6264192,254736,17,17,0
785,1.089,0.195,0.000,1.284,1.433,97878,9602,88276,247,25,25,6264192,254736,17,17,0
786,1.088,0.223,0.000,1.311,1.393,97878,9602,88276,247,25,25,6264192,254736,17,17,0
787,1.109,0.226,0.000,1.335,1.423,97878,9602,88276,247,25,25,6264192,254736,17,17,0
788,1.116,0.203,0.000,1.319,1.446,97878,9602,88276,247,25,25,6264192,254736,17,17,0
789,1.105,0.219,0.000,1.325,1.431,97878,9602,88276,247,25,25,6264192,254736,17,17,0
790,1.119,0.199,0.000,1.318,1.441,97878,9602,88276,247,25,25,6264192,254736,17,17,0
791,1.100,0.209,0.000,1.310,1.428,97878,9602,88276,247,25,25,6264192,254736,17,17,0
792,1.102,0.227,0.000,1.329,1.425,97878,9602,88276,247,25,25,6264192,254736,17,17,0
793,1.108,0.216,0.000,1.323,1.441,97878,9602,88276,247,25,25,6264192,254736,17,17,0
794,1.116,0.225,0.000,1.341,1.432,97878,9602,88276,247,25,25,6264192,254736,17,17,0
795,1.115,0.229,0.000,1.344,1.455,97878,9602,88276,247,25,25,6264192,254736,17,17,0
796,1.113,0.231,0.000,1.344,1.458,97878,9602,88276,247,25,25,6264192,254736,17,17,0
797,1.103,0.219,0.000,1.322,1.458,97878,9602,88276,247,25,25,6264192,254736,17,17,0
798,1.101,0.209,0.000,1.310,1.436,97878,9602,88276,247,25,25,6264192,254736,17,17,0
799,1.116,0.229,0.000,1.345,1.424,97878,9602,88276,247,25,25,6264192,254736,17,17,0
800,1.109,0.227,0.000,1.336,1.457,97878,9602,88276,247,25,25,6264192,254736,17,17,0
801,1.105,0.225,0.000,1.330,1.450,97878,9602,88276,247,25,25,6264192,254736,17,17,0
802,1.090,0.211,0.000,1.300,1.444,97878,9602,88276,247,25,25,6264192,254736,17,17,0
803,1.091,0.240,0.000,1.331,1.413,97878,9602,88276,247,25,25,6264192,254736,17,17,0
804,1.088,0.232,0.000,1.321,1.442,97878,9602,88276,247,25,25,6264192,254736,17,17,0
805,1.095,0.185,0.000,1.280,1.434,97878,9602,88276,247,25,25,6264192,254736,17,17,0
806,1.121,0.230,0.000,1.352,1.393,97878,9602,88276,247,25,25,6264192,254736,17,17,0
807,1.112,0.208,0.000,1.319,1.464,97878,9602,88276,247,25,25,6264192,254736,17,17,0
808,1.059,0.229,0.000,1.289,1.434,97878,9602,88276,247,25,25,6264192,254736,17,17,0
809,1.124,0.220,0.000,1.344,1.397,97878,9602,88276,247,25,25,6264192,254736,17,17,0
810,1.107,0.225,0.000,1.331,1.458,97878,9602,88276,247,25,25,6264192,254736,17,17,0
811,1.115,0.213,0.000,1.328,1.442,97878,9602,88276,247,25,25,6264192,254736,17,17,0
812,1.122,0.213,0.000,1.335,1.441,97878,9602,88276,247,25,25,6264192,254736,17,17,0
813,1.100,0.207,0.000,1.306,1.443,97878,9602,88276,247,25,25,6264192,254736,17,17,0
814,1.636,0.208,0.000,1.844,1.417,97878,9602,88276,247,25,25,6264192,254736,17,17,0
815,1.137,0.242,0.000,1.379,1.960,97878,9602,88276,247,25,25,6264192,254736,17,17,0
816,1.123,0.221,0.000,1.344,1.490,97878,9602,88276,247,25,25,6264192,254736,17,17,0
817,1.110,0.205,0.000,1.315,1.457,97878,9602,88276,247,25,25,6264192,254736,17,17,0
818,1.127,0.210,0.000,1.337,1.423,97878,9602,88276,247,25,25,6264192,254736,17,17,0
819,1.122,0.230,0.000,1.352,1.447,97878,9602,88276,247,25,25,6264192,254736,17,17,0
820,1.123,0.205,0.000,1.328,1.464,97878,9602,88276,247,25,25,6264192,254736,17,17,0
821,1.110,0.214,0.000,1.324,1.440,97878,9602,88276,247,25,25,6264192,254736,17,17,0
822,1.122,0.210,0.000,1.332,1.436,97878,9602,88276,247,25,25,6264192,254736,17,17,0
823,1.056,0.209,0.000,1.265,1.445,97878,9602,88276,247,25,25,6264192,254736,17,17,0
824,1.048,0.207,0.000,1.255,1.373,97878,9602,88276,247,25,25,6264192,254736,17,17,0
825,1.089,0.230,0.000,1.320,1.362,97878,9602,88276,247,25,25,6264192,254736,17,17,0
826,1.124,0.221,0.000,1.345,1.431,97878,9602,88276,247,25,25,6264192,254736,17,17,0
827,1.108,0.198,0.000,1.306,1.459,97878,9602,88276,247,25,25,6264192,254736,17,17,0
828,1.096,0.208,0.000,1.303,1.415,97878,9602,88276,247,25,25,6264192,254736,17,17,0
829,1.117,0.196,0.000,1.312,1.414,97878,9602,88276,247,25,25,6264192,254736,17,17,0
830,1.113,0.202,0.000,1.315,1.424,97878,9602,88276,247,25,25,6264192,254736,17,17,0
831,1.098,0.228,0.000,1.326,1.427,97878,9602,88276,247,25,25,6264192,254736,17,17,0
832,1.113,0.214,0.000,1.327,1.431,97878,9602,88276,247,25,25,6264192,254736,17,17,0
833,1.127,0.209,0.000,1.336,1.435,97878,9602,88276,247,25,25,6264192,254736,17,17,0
834,1.031,0.203,0.000,1.235,1.449,97878,9602,88276,247,25,25,6264192,254736,17,17,0
835,1.115,0.220,0.000,1.335,1.347,97878,9602,88276,247,25,25,6264192,254736,17,17,0
836,1.101,0.208,0.000,1.309,1.448,97878,9602,88276,247,25,25,6264192,254736,17,17,0
837,1.092,0.212,0.000,1.304,1.424,97878,9602,88276,247,25,25,6264192,254736,17,17,0
838,1.130,0.207,0.000,1.337,1.418,97878,9602,88276,247,25,25,6264192,254736,17,17,0
839,1.113,0.223,0.000,1.336,1.450,97878,9602,88276,247,25,25,6264192,254736,17,17,0
840,1.114,0.229,0.000,1.343,1.448,97878,9602,88276,247,25,25,6264192,254736,17,17,0
841,1.087,0.202,0.000,1.289,1.455,97878,9602,88276,247,25,25,6264192,254736,17,17,0
842,1.098,0.218,0.000,1.316,1.405,97878,9602,88276,247,25,25,6264192,254736,17,17,0
843,1.105,0.227,0.000,1.332,1.428,97878,9602,88276,247,25,25,6264192,254736,17,17,0
844,1.106,0.230,0.000,1.336,1.446,97878,9602,88276,247,25,25,6264192,254736,17,17,0
845,1.093,0.203,0.000,1.296,1.447,97878,9602,88276,247,25,25,6264192,254736,17,17,0
846,1.110,0.204,0.000,1.315,1.404,97878,9602,88276,247,25,25,6264192,254736,17,17,0
847,1.113,0.220,0.000,1.334,1.422,97878,9602,88276,247,25,25,6264192,254736,17,17,0
848,1.102,0.207,0.000,1.309,1.446,97878,9602,88276,247,25,25,6264192,254736,17,17,0
849,1.081,0.226,0.000,1.307,1.421,97878,9602,88276,247,25,25,6264192,254736,17,17,0
850,1.121,0.224,0.000,1.345,1.418,97878,9602,88276,247,25,25,6264192,254736,17,17,0
851,1.138,0.229,0.000,1.367,1.455,97878,9602,88276,247,25,25,6264192,254736,17,17,0
852,1.107,0.211,0.000,1.319,1.478,97878,9602,88276,247,25,25,6264192,254736,17,17,0
853,1.126,0.205,0.000,1.331,1.428,97878,9602,88276,247,25,25,6264192,254736,17,17,0
854,1.087,0.205,0.000,1.292,1.444,97878,9602,88276,247,25,25,6264192,254736,17,17,0
855,1.099,0.205,0.000,1.304,1.402,97878,9602,88276,247,25,25,6264192,254736,17,17,0
856,1.087,0.227,0.000,1.313,1.416,97878,9602,88276,247,25,25,6264192,254736,17,17,0
857,1.100,0.209,0.000,1.309,1.424,97878,9602,88276,247,25,25,6264192,254736,17,17,0
858,1.132,0.203,0.000,1.335,1.425,97878,9602,88276,247,25,25,6264192,254736,17,17,0
859,1.122,0.229,0.000,1.351,1.446,97878,9602,88276,247,25,25,6264192,254736,17,17,0
860,1.077,0.236,0.000,1.313,1.463,97878,9602,88276,247,25,25,6264192,254736,17,17,0
861,1.109,0.231,0.000,1.340,1.417,97878,9602,88276,247,25,25,6264192,254736,17,17,0
862,1.120,0.230,0.000,1.350,1.452,97878,9602,88276,247,25,25,6264192,254736,17,17,0
863,1.092,0.228,0.000,1.320,1.461,97878,9602,88276,247,25,25,6264192,254736,17,17,0
864,1.110,0.238,0.000,1.348,1.433,97878,9602,88276,247,25,25,6264192,254736,17,17,0
865,1.101,0.204,0.000,1.305,1.461,97878,9602,88276,247,25,25,6264192,254736,17,17,0
866,1.096,0.242,0.000,1.339,1.417,97878,9602,88276,247,25,25,6264192,254736,17,17,0
867,1.087,0.207,0.000,1.295,1.446,97878,9602,88276,247,25,25,6264192,254736,17,17,0
868,1.113,0.227,0.000,1.340,1.408,97878,9602,88276,247,25,25,6264192,254736,17,17,0
869,1.108,0.210,0.000,1.318,1.452,97878,9602,88276,247,25,25,6264192,254736,17,17,0
870,1.110,0.206,0.000,1.316,1.430,97878,9602,88276,247,25,25,6264192,254736,17,17,0
871,1.095,0.183,0.000,1.279,1.427,97878,9602,88276,247,25,25,6264192,254736,17,17,0
872,1.056,0.260,0.000,1.316,1.390,97878,9602,88276,247,25,25,6264192,254736,17,17,0
873,1.137,0.253,0.000,1.390,1.440,97878,9602,88276,247,25,25,6264192,254736,17,17,0
874,1.120,0.217,0.000,1.337,1.509,97878,9602,88276,247,25,25,6264192,254736,17,17,0
875,1.116,0.205,0.000,1.321,1.453,97878,9602,88276,247,25,25,6264192,254736,17,17,0
876,1.030,0.202,0.000,1.232,1.429,97878,9602,88276,247,25,25,6264192,254736,17,17,0
877,1.048,0.205,0.000,1.253,1.348,97878,9602,88276,247,25,25,6264192,254736,17,17,0
878,1.007,0.244,0.000,1.251,1.360,97878,9602,88276,247,25,25,6264192,254736,17,17,0
879,1.119,0.233,0.000,1.352,1.370,97878,9602,88276,247,25,25,6264192,254736,17,17,0
880,1.084,0.211,0.000,1.296,1.465,97878,9602,88276,247,25,25,6264192,254736,17,17,0
881,1.080,0.211,0.000,1.291,1.407,97878,9602,88276,247,25,25,6264192,254736,17,17,0
882,1.049,0.202,0.000,1.252,1.401,97878,9602,88276,247,25,25,6264192,254736,17,17,0
883,1.035,0.223,0.000,1.258,1.360,97878,9602,88276,247,25,25,6264192,254736,17,17,0
884,1.066,0.209,0.000,1.276,1.367,97878,9602,88276,247,25,25,6264192,254736,17,17,0
885,1.084,0.196,0.000,1.279,1.391,97878,9602,88276,247,25,25,6264192,254736,17,17,0
886,1.016,0.207,0.000,1.223,1.396,97878,9602,88276,247,25,25,6264192,254736,17,17,0
887,1.032,0.203,0.000,1.235,1.343,97878,9602,88276,247,25,25,6264192,254736,17,17,0
888,1.029,0.207,0.000,1.236,1.346,97878,9602,88276,247,25,25,6264192,254736,17,17,0
889,1.548,0.185,0.000,1.734,1.346,97878,9602,88276,247,25,25,6264192,254736,17,17,0
890,1.011,0.210,0.000,1.221,1.852,97878,9602,88276,247,25,25,6264192,254736,17,17,0
891,1.027,0.206,0.000,1.233,1.329,97878,9602,88276,247,25,25,6264192,254736,17,17,0
892,1.022,0.214,0.000,1.236,1.346,97878,9602,88276,247,25,25,6264192,254736,17,17,0
893,1.110,0.224,0.000,1.334,1.351,97878,9602,88276,247,25,25,6264192,254736,17,17,0
894,1.114,0.209,0.000,1.323,1.446,97878,9602,88276,247,25,25,6264192,254736,17,17,0
895,1.074,0.205,0.000,1.280,1.437,97878,9602,88276,247,25,25,6264192,254736,17,17,0
896,1.018,0.234,0.000,1.252,1.406,97878,9602,88276,247,25,25,6264192,254736,17,17,0
897,1.155,0.232,0.000,1.387,1.362,97878,9602,88276,247,25,25,6264192,254736,17,17,0
898,1.173,0.206,0.000,1.379,1.503,97878,9602,88276,247,25,25,6264192,254736,17,17,0
899,1.159,0.207,0.000,1.366,1.493,97878,9602,88276,247,25,25,6264192,254736,17,17,0
900,1.169,0.226,0.000,1.395,1.479,97878,9602,88276,247,25,25,6264192,254736,17,17,0
901,1.071,0.253,0.000,1.324,1.509,97878,9602,88276,247,25,25,6264192,254736,17,17,0
902,1.186,0.218,0.000,1.405,1.438,97878,9602,88276,247,25,25,6264192,254736,17,17,0
903,1.204,0.226,0.000,1.430,1.525,97878,9602,88276,247,25,25,6264192,254736,17,17,0
904,1.188,0.227,0.000,1.414,1.542,97878,9602,88276,247,25,25,6264192,254736,17,17,0
905,1.157,0.237,0.000,1.394,1.527,97878,9602,88276,247,25,25,6264192,254736,17,17,0
906,1.136,0.213,0.000,1.349,1.508,97878,9602,88276,247,25,25,6264192,254736,17,17,0
907,1.104,0.232,0.000,1.335,1.460,97878,9602,88276,247,25,25,6264192,254736,17,17,0
908,1.117,0.250,0.000,1.367,1.449,97878,9602,88276,247,25,25,6264192,254736,17,17,0
909,1.146,0.222,0.000,1.368,1.478,97878,9602,88276,247,25,25,6264192,254736,17,17,0
910,1.119,0.213,0.000,1.332,1.479,97878,9602,88276,247,25,25,6264192,254736,17,17,0
911,1.160,0.226,0.000,1.386,1.445,97878,9602,88276,247,25,25,6264192,254736,17,17,0
912,1.151,0.208,0.000,1.359,1.497,97878,9602,88276,247,25,25,6264192,254736,17,17,0
913,1.149,0.232,0.000,1.381,1.469,97878,9602,88276,247,25,25,6264192,254736,17,17,0
914,1.090,0.222,0.000,1.312,1.494,97878,9602,88276,247,25,25,6264192,254736,17,17,0
915,1.126,0.241,0.000,1.367,1.424,97878,9602,88276,247,25,25,6264192,254736,17,17,0
916,1.040,0.207,0.000,1.246,1.479,97878,9602,88276,247,25,25,6264192,254736,17,17,0
917,1.014,0.202,0.000,1.216,1.361,97878,9602,88276,247,25,25,6264192,254736,17,17,0
918,1.007,0.193,0.000,1.200,1.329,97878,9602,88276,247,25,25,6264192,254736,17,17,0
919,1.654,0.248,0.000,1.902,1.311,97878,9602,88276,247,25,25,6264192,254736,17,17,0
920,1.176,0.225,0.000,1.400,2.014,97878,9602,88276,247,25,25,6264192,254736,17,17,0
921,1.113,0.201,0.000,1.314,1.512,97878,9602,88276,247,25,25,6264192,254736,17,17,0
922,1.164,0.217,0.000,1.382,1.424,97878,9602,88276,247,25,25,6264192,254736,17,17,0
923,1.168,0.189,0.000,1.357,1.496,97878,9602,88276,247,25,25,6264192,254736,17,17,0
924,1.091,0.219,0.000,1.310,1.464,97878,9602,88276,247,25,25,6264192,254736,17,17,0
925,1.128,0.235,0.000,1.362,1.421,97878,9602,88276,247,25,25,6264192,254736,17,17,0
926,1.139,0.209,0.000,1.347,1.475,97878,9602,88276,247,25,25,6264192,254736,17,17,0
927,1.157,0.221,0.000,1.378,1.459,97878,9602,88276,247,25,25,6264192,254736,17,17,0
928,1.118,0.259,0.000,1.378,1.490,97878,9602,88276,247,25,25,6264192,254736,17,17,0
929,1.198,0.185,0.000,1.384,1.498,97878,9602,88276,247,25,25,6264192,254736,17,17,0
930,1.188,0.223,0.000,1.411,1.508,97878,9602,88276,247,25,25,6264192,254736,17,17,0
931,1.149,0.242,0.000,1.391,1.520,97878,9602,88276,247,25,25,6264192,254736,17,17,0
932,1.136,0.209,0.000,1.345,1.505,97878,9602,88276,247,25,25,6264192,254736,17,17,0
933,1.124,0.246,0.000,1.370,1.452,97878,9602,88276,247,25,25,6264192,254736,17,17,0
934,1.116,0.212,0.000,1.329,1.492,97878,9602,88276,247,25,25,6264192,254736,17,17,0
935,1.104,0.237,0.000,1.341,1.444,97878,9602,88276,247,25,25,6264192,254736,17,17,0
936,1.171,0.252,0.000,1.423,1.454,97878,9602,88276,247,25,25,6264192,254736,17,17,0
937,1.155,0.233,0.000,1.388,1.535,97878,9602,88276,247,25,25,6264192,254736,17,17,0
938,1.157,0.227,0.000,1.385,1.496,97878,9602,88276,247,25,25,6264192,254736,17,17,0
939,1.141,0.234,0.000,1.375,1.497,97878,9602,88276,247,25,25,6264192,254736,17,17,0
940,1.168,0.230,0.000,1.398,1.489,97878,9602,88276,247,25,25,6264192,254736,17,17,0
941,1.083,0.228,0.000,1.311,1.506,97878,9602,88276,247,25,25,6264192,254736,17,17,0
942,1.166,0.206,0.000,1.372,1.421,97878,9602,88276,247,25,25,6264192,254736,17,17,0
943,1.130,0.211,0.000,1.341,1.479,97878,9602,88276,247,25,25,6264192,254736,17,17,0
944,1.017,0.200,0.000,1.217,1.456,97878,9602,88276,247,25,25,6264192,254736,17,17,0
945,1.118,0.227,0.000,1.345,1.326,97878,9602,88276,247,25,25,6264192,254736,17,17,0
946,1.123,0.234,0.000,1.356,1.458,97878,9602,88276,247,25,25,6264192,254736,17,17,0
947,1.115,0.200,0.000,1.316,1.469,97878,9602,88276,247,25,25,6264192,254736,17,17,0
948,1.099,0.220,0.000,1.319,1.427,97878,9602,88276,247,25,25,6264192,254736,17,17,0
949,1.091,0.233,0.000,1.324,1.431,97878,9602,88276,247,25,25,6264192,254736,17,17,0
950,1.095,0.244,0.000,1.339,1.435,97878,9602,88276,247,25,25,6264192,254736,17,17,0
951,1.120,0.224,0.000,1.344,1.451,97878,9602,88276,247,25,25,6264192,254736,17,17,0
952,1.066,0.244,0.000,1.310,1.456,97878,9602,88276,247,25,25,6264192,254736,17,17,0
953,1.091,0.216,0.000,1.307,1.422,97878,9602,88276,247,25,25,6264192,254736,17,17,0
954,1.117,0.246,0.000,1.363,1.417,97878,9602,88276,247,25,25,6264192,254736,17,17,0
955,1.092,0.245,0.000,1.337,1.477,97878,9602,88276,247,25,25,6264192,254736,17,17,0
956,1.096,0.213,0.000,1.309,1.444,97878,9602,88276,247,25,25,6264192,254736,17,17,0
957,1.094,0.215,0.000,1.309,1.418,97878,9602,88276,247,25,25,6264192,254736,17,17,0
958,1.084,0.220,0.000,1.304,1.423,97878,9602,88276,247,25,25,6264192,254736,17,17,0
959,1.089,0.236,0.000,1.325,1.417,97878,9602,88276,247,25,25,6264192,254736,17,17,0
960,1.083,0.249,0.000,1.332,1.438,97878,9602,88276,247,25,25,6264192,254736,17,17,0
961,1.068,0.221,0.000,1.289,1.440,97878,9602,88276,247,25,25,6264192,254736,17,17,0
962,1.114,0.210,0.000,1.324,1.398,97878,9602,88276,247,25,25,6264192,254736,17,17,0
963,1.110,0.220,0.000,1.330,1.439,97878,9602,88276,247,25,25,6264192,254736,17,17,0
964,1.078,0.231,0.000,1.308,1.442,97878,9602,88276,247,25,25,6264192,254736,17,17,0
965,1.076,0.242,0.000,1.318,1.421,97878,9602,88276,247,25,25,6264192,254736,17,17,0
966,1.085,0.229,0.000,1.315,1.422,97878,9602,88276,247,25,25,6264192,254736,17,17,0
967,1.086,0.239,0.000,1.325,1.425,97878,9602,88276,247,25,25,6264192,254736,17,17,0
968,1.103,0.203,0.000,1.306,1.438,97878,9602,88276,247,25,25,6264192,254736,17,17,0
969,1.109,0.228,0.000,1.337,1.419,97878,9602,88276,247,25,25,6264192,254736,17,17,0
970,1.078,0.228,0.000,1.307,1.449,97878,9602,88276,247,25,25,6264192,254736,17,17,0
971,1.107,0.243,0.000,1.350,1.422,97878,9602,88276,247,25,25,6264192,254736,17,17,0
972,1.091,0.235,0.000,1.326,1.464,97878,9602,88276,247,25,25,6264192,254736,17,17,0
973,1.075,0.256,0.000,1.331,1.439,97878,9602,88276,247,25,25,6264192,254736,17,17,0
974,1.145,0.250,0.000,1.396,1.448,97878,9602,88276,247,25,25,6264192,254736,17,17,0
975,1.110,0.226,0.000,1.336,1.506,97878,9602,88276,247,25,25,6264192,254736,17,17,0
976,1.086,0.230,0.000,1.316,1.452,97878,9602,88276,247,25,25,6264192,254736,17,17,0
977,1.085,0.246,0.000,1.331,1.423,97878,9602,88276,247,25,25,6264192,254736,17,17,0
978,1.102,0.238,0.000,1.341,1.442,97878,9602,88276,247,25,25,6264192,254736,17,17,0
979,1.093,0.248,0.000,1.342,1.452,97878,9602,88276,247,25,25,6264192,254736,17,17,0
980,1.548,0.214,0.000,1.762,1.448,97878,9602,88276,247,25,25,6264192,254736,17,17,0
981,1.095,0.269,0.000,1.364,1.881,97878,9602,88276,247,25,25,6264192,254736,17,17,0
982,1.176,0.251,0.000,1.427,1.469,97878,9602,88276,247,25,25,6264192,254736,17,17,0
983,1.098,0.229,0.000,1.326,1.540,97878,9602,88276,247,25,25,6264192,254736,17,17,0
984,1.087,0.227,0.000,1.315,1.443,97878,9602,88276,247,25,25,6264192,254736,17,17,0
985,1.136,0.236,0.000,1.372,1.427,97878,9602,88276,247,25,25,6264192,254736,17,17,0
986,1.082,0.230,0.000,1.313,1.489,97878,9602,88276,247,25,25,6264192,254736,17,17,0
987,1.088,0.204,0.000,1.292,1.426,97878,9602,88276,247,25,25,6264192,254736,17,17,0
988,1.069,0.242,0.000,1.311,1.404,97878,9602,88276,247,25,25,6264192,254736,17,17,0
989,1.104,0.231,0.000,1.335,1.423,97878,9602,88276,247,25,25,6264192,254736,17,17,0
990,1.087,0.226,0.000,1.313,1.445,97878,9602,88276,247,25,25,6264192,254736,17,17,0
991,1.118,0.227,0.000,1.345,1.421,97878,9602,88276,247,25,25,6264192,254736,17,17,0
992,1.077,0.239,0.000,1.316,1.460,97878,9602,88276,247,25,25,6264192,254736,17,17,0
993,1.096,0.214,0.000,1.310,1.430,97878,9602,88276,247,25,25,6264192,254736,17,17,0
994,1.071,0.218,0.000,1.289,1.424,97878,9602,88276,247,25,25,6264192,254736,17,17,0
995,1.084,0.216,0.000,1.300,1.400,97878,9602,88276,247,25,25,6264192,254736,17,17,0
996,1.100,0.226,0.000,1.326,1.412,97878,9602,88276,247,25,25,6264192,254736,17,17,0
997,1.102,0.223,0.000,1.324,1.437,97878,9602,88276,247,25,25,6264192,254736,17,17,0
998,1.069,0.226,0.000,1.294,1.436,97878,9602,88276,247,25,25,6264192,254736,17,17,0
999,1.091,0.239,0.000,1.330,1.406,97878,9602,88276,247,25,25,6264192,254736,17,17,0
1000,1.086,0.228,0.000,1.314,1.442,97878,9602,88276,247,25,25,6264192,254736,17,17,0
1001,1.122,0.249,0.000,1.371,1.424,97878,9602,88276,247,25,25,6264192,254736,17,17,0
1002,1.080,0.247,0.000,1.327,1.485,97878,9602,88276,247,25,25,6264192,254736,17,17,0
1003,1.096,0.211,0.000,1.306,1.440,97878,9602,88276,247,25,25,6264192,254736,17,17,0
1004,1.085,0.233,0.000,1.318,1.420,97878,9602,88276,247,25,25,6264192,254736,17,17,0
1005,1.077,0.229,0.000,1.307,1.433,97878,9602,88276,247,25,25,6264192,254736,17,17,0
1006,1.085,0.221,0.000,1.306,1.424,97878,9602,88276,247,25,25,6264192,254736,17,17,0
1007,1.069,0.213,0.000,1.283,1.419,97878,9602,88276,247,25,25,6264192,254736,17,17,0
1008,1.089,0.204,0.000,1.293,1.392,97878,9602,88276,247,25,25,6264192,254736,17,17,0
1009,1.133,0.232,0.000,1.366,1.403,97878,9602,88276,247,25,25,6264192,254736,17,17,0
1010,1.083,0.226,0.000,1.309,1.478,97878,9602,88276,247,25,25,6264192,254736,17,17,0
1011,1.082,0.228,0.000,1.310,1.421,97878,9602,88276,247,25,25,6264192,254736,17,17,0
1012,1.080,0.230,0.000,1.310,1.419,97878,9602,88276,247,25,25,6264192,254736,17,17,0
1013,1.099,0.227,0.000,1.327,1.422,97878,9602,88276,247,25,25,6264192,254736,17,17,0
1014,1.095,0.199,0.000,1.295,1.432,97878,9602,88276,247,25,25,6264192,254736,17,17,0
1015,1.043,0.208,0.000,1.252,1.410,97878,9602,88276,247,25,25,6264192,254736,17,17,0
1016,1.020,0.211,0.000,1.231,1.368,97878,9602,88276,247,25,25,6264192,254736,17,17,0
1017,1.044,0.246,0.000,1.291,1.371,97878,9602,88276,247,25,25,6264192,254736,17,17,0
1018,1.133,0.229,0.000,1.362,1.399,97878,9602,88276,247,25,25,6264192,254736,17,17,0
1019,1.048,0.246,0.000,1.294,1.472,97878,9602,88276,247,25,25,6264192,254736,17,17,0
1020,1.037,0.205,0.000,1.242,1.403,97878,9602,88276,247,25,25,6264192,254736,17,17,0
1021,1.047,0.200,0.000,1.248,1.350,97878,9602,88276,247,25,25,6264192,254736,17,17,0
1022,1.020,0.216,0.000,1.236,1.359,97878,9602,88276,247,25,25,6264192,254736,17,17,0
1023,1.033,0.249,0.000,1.282,1.343,97878,9602,88276,247,25,25,6264192,254736,17,17,0
1024,1.086,0.245,0.000,1.331,1.391,97878,9602,88276,247,25,25,6264192,254736,17,17,0
1025,1.525,0.230,0.000,1.755,1.444,97878,9602,88276,247,25,25,6264192,254736,17,17,0
1026,1.135,0.223,0.000,1.358,1.869,97878,9602,88276,247,25,25,6264192,254736,17,17,0
1027,1.119,0.200,0.000,1.319,1.470,97878,9602,88276,247,25,25,6264192,254736,17,17,0
1028,1.080,0.232,0.000,1.312,1.428,97878,9602,88276,247,25,25,6264192,254736,17,17,0
1029,1.102,0.223,0.000,1.324,1.420,97878,9602,88276,247,25,25,6264192,254736,17,17,0
1030,1.107,0.220,0.000,1.327,1.441,97878,9602,88276,247,25,25,6264192,254736,17,17,0
1031,1.105,0.223,0.000,1.327,1.432,97878,9602,88276,247,25,25,6264192,254736,17,17,0
1032,1.118,0.189,0.000,1.308,1.440,97878,9602,88276,247,25,25,6264192,254736,17,17,0
1033,1.108,0.219,0.000,1.327,1.420,97878,9602,88276,247,25,25,6264192,254736,17,17,0
1034,1.087,0.243,0.000,1.330,1.434,97878,9602,88276,247,25,25,6264192,254736,17,17,0
1035,1.100,0.234,0.000,1.335,1.458,97878,9602,88276,247,25,25,6264192,254736,17,17,0
1036,1.594,0.306,0.000,1.900,1.431,97878,9602,88276,247,25,25,6264192,254736,17,17,0
1037,1.218,0.292,0.000,1.510,2.016,97878,9602,88276,247,25,25,6264192,254736,17,17,0
1038,1.120,0.218,0.000,1.338,1.629,97878,9602,88276,247,25,25,6264192,254736,17,17,0
1039,1.098,0.238,0.000,1.335,1.454,97878,9602,88276,247,25,25,6264192,254736,17,17,0
1040,1.092,0.252,0.000,1.344,1.450,97878,9602,88276,247,25,25,6264192,254736,17,17,0
1041,1.116,0.251,0.000,1.367,1.442,97878,9602,88276,247,25,25,6264192,254736,17,17,0
1042,1.144,0.207,0.000,1.350,1.469,97878,9602,88276,247,25,25,6264192,254736,17,17,0
1043,1.132,0.232,0.000,1.365,1.462,97878,9602,88276,247,25,25,6264192,254736,17,17,0
1044,1.121,0.259,0.000,1.379,1.472,97878,9602,88276,247,25,25,6264192,254736,17,17,0
1045,1.094,0.248,0.000,1.341,1.494,97878,9602,88276,247,25,25,6264192,254736,17,17,0
1046,1.107,0.242,0.000,1.349,1.454,97878,9602,88276,247,25,25,6264192,254736,17,17,0
1047,1.109,0.235,0.000,1.343,1.460,97878,9602,88276,247,25,25,6264192,254736,17,17,0
1048,1.108,0.236,0.000,1.344,1.452,97878,9602,88276,247,25,25,6264192,254736,17,17,0
1049,1.159,0.197,0.000,1.356,1.452,97878,9602,88276,247,25,25,6264192,254736,17,17,0
1050,1.110,0.262,0.000,1.372,1.460,97878,9602,88276,247,25,25,6264192,254736,17,17,0
1051,1.124,0.236,0.000,1.360,1.481,97878,9602,88276,247,25,25,6264192,254736,17,17,0
1052,1.118,0.233,0.000,1.350,1.472,97878,9602,88276,247,25,25,6264192,254736,17,17,0
1053,1.100,0.236,0.000,1.336,1.465,97878,9602,88276,247,25,25,6264192,254736,17,17,0
1054,1.135,0.213,0.000,1.348,1.448,97878,9602,88276,247,25,25,6264192,254736,17,17,0
1055,1.112,0.213,0.000,1.325,1.460,97878,9602,88276,247,25,25,6264192,254736,17,17,0
1056,1.110,0.260,0.000,1.370,1.440,97878,9602,88276,247,25,25,6264192,254736,17,17,0
1057,1.092,0.243,0.000,1.335,1.476,97878,9602,88276,247,25,25,6264192,254736,17,17,0
1058,1.099,0.226,0.000,1.325,1.449,97878,9602,88276,247,25,25,6264192,254736,17,17,0
1059,1.161,0.228,0.000,1.388,1.438,97878,9602,88276,247,25,25,6264192,254736,17,17,0
1060,1.091,0.208,0.000,1.299,1.501,97878,9602,88276,247,25,25,6264192,254736,17,17,0
1061,1.180,0.237,0.000,1.417,1.399,97878,9602,88276,247,25,25,6264192,254736,17,17,0
1062,1.093,0.247,0.000,1.340,1.526,97878,9602,88276,247,25,25,6264192,254736,17,17,0
1063,1.097,0.259,0.000,1.356,1.447,97878,9602,88276,247,25,25,6264192,254736,17,17,0
1064,1.100,0.245,0.000,1.345,1.468,97878,9602,88276,247,25,25,6264192,254736,17,17,0
1065,1.135,0.207,0.000,1.342,1.448,97878,9602,88276,247,25,25,6264192,254736,17,17,0
1066,1.113,0.214,0.000,1.328,1.453,97878,9602,88276,247,25,25,6264192,254736,17,17,0
1067,1.093,0.235,0.000,1.328,1.442,97878,9602,88276,247,25,25,6264192,254736,17,17,0
1068,1.096,0.217,0.000,1.313,1.442,97878,9602,88276,247,25,25,6264192,254736,17,17,0
1069,1.094,0.268,0.000,1.363,1.425,97878,9602,88276,247,25,25,6264192,254736,17,17,0
1070,1.161,0.264,0.000,1.425,1.493,97878,9602,88276,247,25,25,6264192,254736,17,17,0
1071,1.136,0.244,0.000,1.380,1.536,97878,9602,88276,247,25,25,6264192,254736,17,17,0
1072,1.104,0.229,0.000,1.333,1.493,97878,9602,88276,247,25,25,6264192,254736,17,17,0
1073,1.094,0.256,0.000,1.350,1.447,97878,9602,88276,247,25,25,6264192,254736,17,17,0
1074,1.121,0.234,0.000,1.355,1.464,97878,9602,88276,247,25,25,6264192,254736,17,17,0
1075,1.112,0.254,0.000,1.366,1.468,97878,9602,88276,247,25,25,6264192,254736,17,17,0
1076,1.127,0.235,0.000,1.362,1.476,97878,9602,88276,247,25,25,6264192,254736,17,17,0
1077,1.113,0.234,0.000,1.348,1.475,97878,9602,88276,247,25,25,6264192,254736,17,17,0
1078,1.088,0.223,0.000,1.310,1.460,97878,9602,88276,247,25,25,6264192,254736,17,17,0
1079,1.029,0.215,0.000,1.244,1.404,97878,9602,88276,247,25,25,6264192,254736,17,17,0
1080,1.013,0.213,0.000,1.226,1.344,97878,9602,88276,247,25,25,6264192,254736,17,17,0
1081,1.024,0.211,0.000,1.235,1.325,97878,9602,88276,247,25,25,6264192,254736,17,17,0
1082,1.146,0.227,0.000,1.373,1.333,97878,9602,88276,247,25,25,6264192,254736,17,17,0
1083,1.098,0.217,0.000,1.315,1.480,97878,9602,88276,247,25,25,6264192,254736,17,17,0
1084,1.141,0.206,0.000,1.347,1.422,97878,9602,88276,247,25,25,6264192,254736,17,17,0
1085,1.103,0.228,0.000,1.332,1.459,97878,9602,88276,247,25,25,6264192,254736,17,17,0
1086,1.104,0.233,0.000,1.338,1.431,97878,9602,88276,247,25,25,6264192,254736,17,17,0
1087,1.089,0.232,0.000,1.320,1.452,97878,9602,88276,247,25,25,6264192,254736,17,17,0
1088,1.144,0.237,0.000,1.380,1.434,97878,9602,88276,247,25,25,6264192,254736,17,17,0
1089,1.108,0.194,0.000,1.302,1.494,97878,9602,88276,247,25,25,6264192,254736,17,17,0
1090,1.096,0.237,0.000,1.333,1.410,97878,9602,88276,247,25,25,6264192,254736,17,17,0
1091,1.110,0.237,0.000,1.348,1.444,97878,9602,88276,247,25,25,6264192,254736,17,17,0
1092,1.098,0.212,0.000,1.311,1.460,97878,9602,88276,247,25,25,6264192,254736,17,17,0
1093,1.092,0.228,0.000,1.320,1.420,97878,9602,88276,247,25,25,6264192,254736,17,17,0
1094,1.111,0.216,0.000,1.327,1.434,97878,9602,88276,247,25,25,6264192,254736,17,17,0
1095,1.086,0.217,0.000,1.303,1.435,97878,9602,88276,247,25,25,6264192,254736,17,17,0
1096,1.155,0.261,0.000,1.416,1.415,97878,9602,88276,247,25,25,6264192,254736,17,17,0
1097,1.109,0.242,0.000,1.351,1.513,97878,9602,88276,247,25,25,6264192,254736,17,17,0
1098,1.112,0.236,0.000,1.347,1.464,97878,9602,88276,247,25,25,6264192,254736,17,17,0
1099,1.073,0.204,0.000,1.277,1.457,97878,9602,88276,247,25,25,6264192,254736,17,17,0
1100,1.132,0.228,0.000,1.360,1.386,97878,9602,88276,247,25,25,6264192,254736,17,17,0
1101,1.098,0.207,0.000,1.305,1.475,97878,9602,88276,247,25,25,6264192,254736,17,17,0
1102,1.115,0.256,0.000,1.372,1.419,97878,9602,88276,247,25,25,6264192,254736,17,17,0
1103,1.093,0.254,0.000,1.347,1.475,97878,9602,88276,247,25,25,6264192,254736,17,17,0
1104,1.120,0.247,0.000,1.368,1.457,97878,9602,88276,247,25,25,6264192,254736,17,17,0
1105,1.121,0.215,0.000,1.336,1.481,97878,9602,88276,247,25,25,6264192,254736,17,17,0
1106,1.108,0.218,0.000,1.327,1.442,97878,9602,88276,247,25,25,6264192,254736,17,17,0
1107,1.059,0.255,0.000,1.314,1.439,97878,9602,88276,247,25,25,6264192,254736,17,17,0
1108,1.115,0.257,0.000,1.372,1.428,97878,9602,88276,247,25,25,6264192,254736,17,17,0
1109,1.085,0.225,0.000,1.310,1.483,97878,9602,88276,247,25,25,6264192,254736,17,17,0
1110,1.100,0.230,0.000,1.330,1.420,97878,9602,88276,247,25,25,6264192,254736,17,17,0
1111,1.143,0.234,0.000,1.378,1.438,97878,9602,88276,247,25,25,6264192,254736,17,17,0
1112,1.109,0.219,0.000,1.328,1.490,97878,9602,88276,247,25,25,6264192,254736,17,17,0
1113,1.095,0.227,0.000,1.323,1.441,97878,9602,88276,247,25,25,6264192,254736,17,17,0
1114,1.104,0.230,0.000,1.334,1.436,97878,9602,88276,247,25,25,6264192,254736,17,17,0
1115,1.069,0.211,0.000,1.280,1.449,97878,9602,88276,247,25,25,6264192,254736,17,17,0
1116,1.105,0.270,0.000,1.375,1.386,97878,9602,88276,247,25,25,6264192,254736,17,17,0
1117,1.149,0.252,0.000,1.401,1.496,97878,9602,88276,247,25,25,6264192,254736,17,17,0
1118,1.139,0.229,0.000,1.367,1.514,97878,9602,88276,247,25,25,6264192,254736,17,17,0
1119,1.110,0.229,0.000,1.339,1.476,97878,9602,88276,247,25,25,6264192,254736,17,17,0
1120,1.136,0.258,0.000,1.394,1.454,97878,9602,88276,247,25,25,6264192,254736,17,17,0
1121,1.094,0.253,0.000,1.347,1.508,97878,9602,88276,247,25,25,6264192,254736,17,17,0
1122,1.099,0.221,0.000,1.320,1.458,97878,9602,88276,247,25,25,6264192,254736,17,17,0
1123,1.121,0.230,0.000,1.351,1.433,97878,9602,88276,247,25,25,6264192,254736,17,17,0
1124,1.121,0.229,0.000,1.350,1.461,97878,9602,88276,247,25,25,6264192,254736,17,17,0
1125,1.083,0.236,0.000,1.320,1.464,97878,9602,88276,247,25,25,6264192,254736,17,17,0
1126,1.118,0.243,0.000,1.360,1.432,97878,9602,88276,247,25,25,6264192,254736,17,17,0
1127,1.099,0.251,0.000,1.351,1.467,97878,9602,88276,247,25,25,6264192,254736,17,17,0
1128,1.132,0.209,0.000,1.341,1.454,97878,9602,88276,247,25,25,6264192,254736,17,17,0
1129,1.125,0.232,0.000,1.357,1.449,97878,9602,88276,247,25,25,6264192,254736,17,17,0
1130,1.103,0.241,0.000,1.344,1.471,97878,9602,88276,247,25,25,6264192,254736,17,17,0
1131,1.085,0.255,0.000,1.340,1.454,97878,9602,88276,247,25,25,6264192,254736,17,17,0
1132,1.119,0.263,0.000,1.381,1.454,97878,9602,88276,247,25,25,6264192,254736,17,17,0
1133,1.076,0.214,0.000,1.290,1.496,97878,9602,88276,247,25,25,6264192,254736,17,17,0
1134,1.146,0.206,0.000,1.353,1.385,97878,9602,88276,247,25,25,6264192,254736,17,17,0
1135,1.112,0.232,0.000,1.344,1.459,97878,9602,88276,247,25,25,6264192,254736,17,17,0
1136,1.089,0.219,0.000,1.308,1.453,97878,9602,88276,247,25,25,6264192,254736,17,17,0
1137,1.088,0.229,0.000,1.318,1.417,97878,9602,88276,247,25,25,6264192,254736,17,17,0
1138,1.094,0.219,0.000,1.313,1.434,97878,9602,88276,247,25,25,6264192,254736,17,17,0
1139,1.139,0.237,0.000,1.377,1.427,97878,9602,88276,247,25,25,6264192,254736,17,17,0
1140,1.111,0.224,0.000,1.335,1.484,97878,9602,88276,247,25,25,6264192,254736,17,17,0
1141,1.110,0.239,0.000,1.349,1.442,97878,9602,88276,247,25,25,6264192,254736,17,17,0
1142,1.100,0.230,0.000,1.330,1.462,97878,9602,88276,247,25,25,6264192,254736,17,17,0
1143,1.078,0.224,0.000,1.302,1.445,97878,9602,88276,247,25,25,6264192,254736,17,17,0
1144,1.111,0.232,0.000,1.343,1.412,97878,9602,88276,247,25,25,6264192,254736,17,17,0
1145,1.093,0.229,0.000,1.322,1.457,97878,9602,88276,247,25,25,6264192,254736,17,17,0
1146,1.103,0.224,0.000,1.328,1.437,97878,9602,88276,247,25,25,6264192,254736,17,17,0
1147,1.128,0.211,0.000,1.338,1.439,97878,9602,88276,247,25,25,6264192,254736,17,17,0
1148,1.101,0.226,0.000,1.327,1.451,97878,9602,88276,247,25,25,6264192,254736,17,17,0
1149,1.090,0.236,0.000,1.326,1.439,97878,9602,88276,247,25,25,6264192,254736,17,17,0
1150,1.101,0.213,0.000,1.314,1.431,97878,9602,88276,247,25,25,6264192,254736,17,17,0
1151,1.123,0.223,0.000,1.347,1.425,97878,9602,88276,247,25,25,6264192,254736,17,17,0
1152,1.119,0.231,0.000,1.351,1.453,97878,9602,88276,247,25,25,6264192,254736,17,17,0
1153,1.104,0.234,0.000,1.338,1.465,97878,9602,88276,247,25,25,6264192,254736,17,17,0
1154,1.096,0.247,0.000,1.342,1.452,97878,9602,88276,247,25,25,6264192,254736,17,17,0
1155,1.074,0.236,0.000,1.310,1.456,97878,9602,88276,247,25,25,6264192,254736,17,17,0
1156,1.134,0.210,0.000,1.345,1.416,97878,9602,88276,247,25,25,6264192,254736,17,17,0
1157,1.075,0.232,0.000,1.306,1.459,97878,9602,88276,247,25,25,6264192,254736,17,17,0
1158,1.080,0.209,0.000,1.289,1.419,97878,9602,88276,247,25,25,6264192,254736,17,17,0
1159,1.070,0.220,0.000,1.290,1.404,97878,9602,88276,247,25,25,6264192,254736,17,17,0
1160,1.089,0.233,0.000,1.322,1.403,97878,9602,88276,247,25,25,6264192,254736,17,17,0
1161,1.114,0.248,0.000,1.362,1.434,97878,9602,88276,247,25,25,6264192,254736,17,17,0
1162,1.114,0.260,0.000,1.374,1.473,97878,9602,88276,247,25,25,6264192,254736,17,17,0
1163,1.122,0.215,0.000,1.338,1.494,97878,9602,88276,247,25,25,6264192,254736,17,17,0
1164,1.140,0.243,0.000,1.383,1.452,97878,9602,88276,247,25,25,6264192,254736,17,17,0
1165,1.092,0.249,0.000,1.341,1.496,97878,9602,88276,247,25,25,6264192,254736,17,17,0
1166,1.091,0.221,0.000,1.312,1.455,97878,9602,88276,247,25,25,6264192,254736,17,17,0
1167,1.111,0.211,0.000,1.322,1.424,97878,9602,88276,247,25,25,6264192,254736,17,17,0
1168,1.112,0.222,0.000,1.334,1.437,97878,9602,88276,247,25,25,6264192,254736,17,17,0
1169,1.122,0.211,0.000,1.333,1.446,97878,9602,88276,247,25,25,6264192,254736,17,17,0
1170,1.078,0.214,0.000,1.292,1.443,97878,9602,88276,247,25,25,6264192,254736,17,17,0
1171,1.072,0.241,0.000,1.313,2.114,97878,9602,88276,247,25,25,6264192,254736,17,17,0
1172,0.992,0.252,0.000,1.244,1.438,97878,9602,88276,247,25,25,6264192,254736,17,17,0
1173,1.055,0.250,0.000,1.306,1.344,97878,9602,88276,247,25,25,6264192,254736,17,17,0
1174,1.060,0.220,0.000,1.280,1.417,97878,9602,88276,247,25,25,6264192,254736,17,17,0
1175,1.029,0.216,0.000,1.245,1.391,97878,9602,88276,247,25,25,6264192,254736,17,17,0
1176,1.016,0.223,0.000,1.239,1.354,97878,9602,88276,247,25,25,6264192,254736,17,17,0
1177,1.016,0.218,0.000,1.234,1.351,97878,9602,88276,247,25,25,6264192,254736,17,17,0
1178,1.049,0.227,0.000,1.275,1.346,97878,9602,88276,247,25,25,6264192,254736,17,17,0
1179,1.123,0.238,0.000,1.361,1.386,97878,9602,88276,247,25,25,6264192,254736,17,17,0
1180,1.106,0.192,0.000,1.298,1.471,97878,9602,88276,247,25,25,6264192,254736,17,17,0
1181,1.117,0.199,0.000,1.316,1.409,97878,9602,88276,247,25,25,6264192,254736,17,17,0
1182,1.095,0.239,0.000,1.335,1.426,97878,9602,88276,247,25,25,6264192,254736,17,17,0
1183,1.087,0.251,0.000,1.338,1.447,97878,9602,88276,247,25,25,6264192,254736,17,17,0
1184,1.083,0.234,0.000,1.317,1.451,97878,9602,88276,247,25,25,6264192,254736,17,17,0
1185,1.110,0.227,0.000,1.337,1.430,97878,9602,88276,247,25,25,6264192,254736,17,17,0
1186,1.116,0.224,0.000,1.340,1.449,97878,9602,88276,247,25,25,6264192,254736,17,17,0
1187,1.091,0.215,0.000,1.306,1.451,97878,9602,88276,247,25,25,6264192,254736,17,17,0
1188,1.088,0.205,0.000,1.292,1.421,97878,9602,88276,247,25,25,6264192,254736,17,17,0
1189,1.100,0.242,0.000,1.342,1.406,97878,9602,88276,247,25,25,6264192,254736,17,17,0
1190,1.102,0.230,0.000,1.332,1.450,97878,9602,88276,247,25,25,6264192,254736,17,17,0
1191,1.131,0.234,0.000,1.365,1.443,97878,9602,88276,247,25,25,6264192,254736,17,17,0
1192,1.125,0.219,0.000,1.344,1.478,97878,9602,88276,247,25,25,6264192,254736,17,17,0
1193,1.080,0.209,0.000,1.289,1.457,97878,9602,88276,247,25,25,6264192,254736,17,17,0
1194,1.087,0.224,0.000,1.311,1.400,97878,9602,88276,247,25,25,6264192,254736,17,17,0
1195,1.085,0.224,0.000,1.309,1.422,97878,9602,88276,247,25,25,6264192,254736,17,17,0
1196,1.100,0.209,0.000,1.309,1.421,97878,9602,88276,247,25,25,6264192,254736,17,17,0
1197,1.117,0.243,0.000,1.361,1.421,97878,9602,88276,247,25,25,6264192,254736,17,17,0
1198,1.108,0.208,0.000,1.317,1.476,97878,9602,88276,247,25,25,6264192,254736,17,17,0
1199,1.035,0.222,0.000,1.257,1.429,97878,9602,88276,247,25,25,6264192,254736,17,17,0
1200,1.098,0.225,0.000,1.323,1.365,97878,9602,88276,247,25,25,6264192,254736,17,17,0
