frame,update_ms,render_ms,swap_ms,frame_ms,loop_ms,total_vertices,visible_vertices,culled_vertices,total_batches,visible_batches,draw_calls,vbo_bytes,index_bytes,texture_binds,material_changes,reflection_passes
1,0.095,0.055,16.859,17.009,17.009,0,0,0,0,0,0,0,0,0,0,0
2,0.046,0.027,16.943,17.016,17.720,0,0,0,0,0,0,0,0,0,0,0
3,0.105,0.061,15.854,16.020,20.842,0,0,0,0,0,0,0,0,0,0,0
4,0.051,0.045,16.575,16.670,18.603,0,0,0,0,0,0,0,0,0,0,0
5,0.049,0.030,16.089,16.168,17.073,0,0,0,0,0,0,0,0,0,0,0
6,0.069,0.041,16.901,17.011,18.078,0,0,0,0,0,0,0,0,0,0,0
7,0.065,0.035,16.907,17.007,19.540,0,0,0,0,0,0,0,0,0,0,0
8,0.057,0.027,16.139,16.223,17.305,0,0,0,0,0,0,0,0,0,0,0
9,0.077,0.026,16.909,17.012,17.160,0,0,0,0,0,0,0,0,0,0,0
10,0.092,0.057,16.862,17.011,20.635,0,0,0,0,0,0,0,0,0,0,0
11,0.079,0.049,16.881,17.010,17.464,0,0,0,0,0,0,0,0,0,0,0
12,0.084,0.055,16.870,17.009,17.143,0,0,0,0,0,0,0,0,0,0,0
13,0.051,0.040,16.920,17.011,17.179,0,0,0,0,0,0,0,0,0,0,0
14,0.035,0.031,16.957,17.023,17.137,0,0,0,0,0,0,0,0,0,0,0
15,0.034,0.070,16.912,17.016,17.214,0,0,0,0,0,0,0,0,0,0,0
16,0.038,0.038,16.939,17.015,17.205,0,0,0,0,0,0,0,0,0,0,0
17,0.037,0.037,16.938,17.012,17.206,0,0,0,0,0,0,0,0,0,0,0
18,0.051,0.044,16.922,17.017,17.298,0,0,0,0,0,0,0,0,0,0,0
19,0.045,0.041,16.921,17.007,17.212,0,0,0,0,0,0,0,0,0,0,0
20,0.047,0.040,16.924,17.011,17.183,0,0,0,0,0,0,0,0,0,0,0
21,0.076,0.060,16.874,17.009,17.223,0,0,0,0,0,0,0,0,0,0,0
22,0.058,0.078,16.870,17.007,17.240,0,0,0,0,0,0,0,0,0,0,0
23,0.043,0.043,16.918,17.004,17.171,0,0,0,0,0,0,0,0,0,0,0
24,0.039,0.051,16.913,17.003,17.145,0,0,0,0,0,0,0,0,0,0,0
25,0.031,0.035,16.590,16.656,17.137,0,0,0,0,0,0,0,0,0,0,0
26,0.033,0.051,16.918,17.003,16.782,0,0,0,0,0,0,0,0,0,0,0
27,0.026,0.027,16.952,17.005,17.121,0,0,0,0,0,0,0,0,0,0,0
28,0.026,0.024,16.962,17.012,17.127,0,0,0,0,0,0,0,0,0,0,0
29,0.034,0.028,16.941,17.004,17.137,0,0,0,0,0,0,0,0,0,0,0
30,0.028,0.026,16.950,17.004,17.127,0,0,0,0,0,0,0,0,0,0,0
31,0.027,0.025,16.953,17.005,17.120,0,0,0,0,0,0,0,0,0,0,0
32,0.026,0.031,16.946,17.003,17.130,0,0,0,0,0,0,0,0,0,0,0
33,0.026,0.025,16.953,17.004,17.122,0,0,0,0,0,0,0,0,0,0,0
34,0.026,0.030,16.953,17.009,17.124,0,0,0,0,0,0,0,0,0,0,0
35,0.043,0.036,16.926,17.005,17.127,0,0,0,0,0,0,0,0,0,0,0
36,0.042,0.035,16.928,17.006,17.127,0,0,0,0,0,0,0,0,0,0,0
37,0.038,0.034,16.944,17.015,17.135,0,0,0,0,0,0,0,0,0,0,0
38,0.052,0.041,16.916,17.009,17.158,0,0,0,0,0,0,0,0,0,0,0
39,0.056,0.035,16.912,17.004,17.137,0,0,0,0,0,0,0,0,0,0,0
40,0.050,0.042,16.933,17.024,17.128,0,0,0,0,0,0,0,0,0,0,0
41,0.045,0.041,16.089,16.174,17.208,0,0,0,0,0,0,0,0,0,0,0
42,0.051,8.134,8.799,16.984,16.317,0,0,0,0,0,0,0,0,0,0,0
43,0.063,0.044,16.901,17.009,17.136,0,0,0,0,0,0,0,0,0,0,0
44,0.043,0.029,16.935,17.007,17.137,0,0,0,0,0,0,0,0,0,0,0
45,0.076,0.109,16.829,17.014,18.938,0,0,0,0,0,0,0,0,0,0,0
46,0.055,0.050,16.907,17.012,17.185,0,0,0,0,0,0,0,0,0,0,0
47,0.056,0.047,16.144,16.247,17.212,0,0,0,0,0,0,0,0,0,0,0
48,0.041,0.034,16.082,16.156,17.387,0,0,0,0,0,0,0,0,0,0,0
49,0.076,0.055,16.878,17.010,16.472,0,0,0,0,0,0,0,0,0,0,0
50,0.046,0.034,16.926,17.006,17.177,0,0,0,0,0,0,0,0,0,0,0
51,0.045,0.033,16.934,17.012,17.132,0,0,0,0,0,0,0,0,0,0,0
52,0.061,0.030,16.922,17.013,17.178,0,0,0,0,0,0,0,0,0,0,0
53,0.030,0.025,16.952,17.007,17.138,0,0,0,0,0,0,0,0,0,0,0
54,0.038,0.042,16.930,17.011,17.177,0,0,0,0,0,0,0,0,0,0,0
55,0.034,0.032,16.944,17.011,17.154,0,0,0,0,0,0,0,0,0,0,0
56,0.037,0.028,16.946,17.011,17.157,0,0,0,0,0,0,0,0,0,0,0
57,0.033,0.033,16.941,17.008,17.151,0,0,0,0,0,0,0,0,0,0,0
58,0.035,0.043,16.942,17.020,17.160,0,0,0,0,0,0,0,0,0,0,0
59,0.064,0.060,16.923,17.047,17.353,0,0,0,0,0,0,0,0,0,0,0
60,0.543,0.236,16.253,17.033,17.625,0,0,0,0,0,0,0,0,0,0,0
61,0.279,0.212,15.895,16.387,17.599,0,0,0,0,0,0,0,0,0,0,0
62,0.420,0.236,16.370,17.025,16.881,0,0,0,0,0,0,0,0,0,0,0
63,0.199,0.178,16.533,16.910,17.901,0,0,0,0,0,0,0,0,0,0,0
64,0.277,0.254,16.488,17.018,17.467,0,0,0,0,0,0,0,0,0,0,0
65,0.144,0.177,16.652,16.973,17.388,0,0,0,0,0,0,0,0,0,0,0
66,0.347,0.205,15.541,16.094,17.777,0,0,0,0,0,0,0,0,0,0,0
67,0.510,0.309,16.210,17.029,16.728,0,0,0,0,0,0,0,0,0,0,0
68,0.254,0.232,16.471,16.957,17.690,0,0,0,0,0,0,0,0,0,0,0
69,0.403,0.264,16.363,17.031,17.522,0,0,0,0,0,0,0,0,0,0,0
70,0.341,0.369,16.320,17.030,17.863,0,0,0,0,0,0,0,0,0,0,0
71,0.108,0.064,16.838,17.010,17.211,0,0,0,0,0,0,0,0,0,0,0
72,0.066,0.068,16.878,17.012,17.168,0,0,0,0,0,0,0,0,0,0,0
73,0.042,0.045,16.924,17.012,17.155,0,0,0,0,0,0,0,0,0,0,0
74,0.045,0.045,16.918,17.009,17.157,0,0,0,0,0,0,0,0,0,0,0
75,0.042,0.054,16.933,17.029,17.157,0,0,0,0,0,0,0,0,0,0,0
76,0.526,0.308,15.720,16.555,17.525,0,0,0,0,0,0,0,0,0,0,0
77,0.269,0.231,16.523,17.022,17.053,0,0,0,0,0,0,0,0,0,0,0
78,0.210,0.121,16.698,17.028,17.349,0,0,0,0,0,0,0,0,0,0,0
79,0.321,0.300,15.927,16.548,17.695,0,0,0,0,0,0,0,0,0,0,0
80,0.176,0.148,16.701,17.025,16.913,0,0,0,0,0,0,0,0,0,0,0
81,0.285,0.148,16.594,17.026,17.383,0,0,0,0,0,0,0,0,0,0,0
82,0.249,0.423,15.802,16.474,17.512,0,0,0,0,0,0,0,0,0,0,0
83,0.367,0.228,15.710,16.304,16.942,0,0,0,0,0,0,0,0,0,0,0
84,0.438,0.363,16.222,17.024,17.060,0,0,0,0,0,0,0,0,0,0,0
85,0.261,0.244,16.529,17.033,17.426,0,0,0,0,0,0,0,0,0,0,0
86,0.353,0.432,16.233,17.018,17.389,0,0,0,0,0,0,0,0,0,0,0
87,0.236,0.180,16.175,16.591,17.415,0,0,0,0,0,0,0,0,0,0,0
88,0.294,0.207,16.533,17.034,17.058,0,0,0,0,0,0,0,0,0,0,0
89,0.335,0.301,16.393,17.028,17.789,0,0,0,0,0,0,0,0,0,0,0
90,0.304,0.196,16.521,17.020,17.667,0,0,0,0,0,0,0,0,0,0,0
91,0.211,0.180,16.640,17.031,17.407,0,0,0,0,0,0,0,0,0,0,0
92,0.290,0.217,16.519,17.026,17.669,0,0,0,0,0,0,0,0,0,0,0
93,0.250,0.175,16.597,17.022,17.342,0,0,0,0,0,0,0,0,0,0,0
94,0.171,0.144,16.707,17.022,17.378,0,0,0,0,0,0,0,0,0,0,0
95,0.170,0.120,16.735,17.025,17.363,0,0,0,0,0,0,0,0,0,0,0
96,0.264,0.247,16.546,17.057,17.641,0,0,0,0,0,0,0,0,0,0,0
97,0.268,0.309,15.904,16.482,17.719,0,0,0,0,0,0,0,0,0,0,0
98,0.255,0.242,16.532,17.029,16.989,0,0,0,0,0,0,0,0,0,0,0
99,0.350,0.236,16.436,17.022,17.696,0,0,0,0,0,0,0,0,0,0,0
100,0.245,0.156,16.618,17.019,17.405,0,0,0,0,0,0,0,0,0,0,0
101,0.227,0.157,16.646,17.031,17.442,0,0,0,0,0,0,0,0,0,0,0
102,0.387,0.246,15.867,16.500,17.724,0,0,0,0,0,0,0,0,0,0,0
103,0.387,0.310,16.324,17.021,16.992,0,0,0,0,0,0,0,0,0,0,0
104,0.267,0.196,16.564,17.028,17.428,0,0,0,0,0,0,0,0,0,0,0
105,0.504,0.451,16.085,17.040,17.808,0,0,0,0,0,0,0,0,0,0,0
106,0.326,0.228,16.470,17.025,17.558,0,0,0,0,0,0,0,0,0,0,0
107,0.295,0.224,16.516,17.035,17.449,0,0,0,0,0,0,0,0,0,0,0
108,0.431,0.279,16.329,17.039,17.788,0,0,0,0,0,0,0,0,0,0,0
109,0.322,0.265,16.451,17.038,17.796,0,0,0,0,0,0,0,0,0,0,0
110,0.443,0.291,16.297,17.030,17.748,0,0,0,0,0,0,0,0,0,0,0
111,0.260,0.143,16.620,17.023,17.699,0,0,0,0,0,0,0,0,0,0,0
112,0.318,0.207,16.508,17.033,17.417,0,0,0,0,0,0,0,0,0,0,0
113,0.270,0.224,16.536,17.030,17.656,0,0,0,0,0,0,0,0,0,0,0
114,0.273,0.199,16.560,17.032,17.445,0,0,0,0,0,0,0,0,0,0,0
115,0.295,0.231,16.501,17.026,17.654,0,0,0,0,0,0,0,0,0,0,0
116,0.197,0.162,16.665,17.024,17.608,0,0,0,0,0,0,0,0,0,0,0
117,0.201,0.228,16.585,17.014,17.622,0,0,0,0,0,0,0,0,0,0,0
118,0.091,0.118,16.812,17.020,17.286,0,0,0,0,0,0,0,0,0,0,0
119,0.275,0.201,16.549,17.025,17.364,0,0,0,0,0,0,0,0,0,0,0
120,0.266,0.267,16.506,17.040,17.545,0,0,0,0,0,0,0,0,0,0,0
121,0.310,0.146,16.452,16.909,17.708,0,0,0,0,0,0,0,0,0,0,0
122,0.366,0.234,15.739,16.338,17.442,0,0,0,0,0,0,0,0,0,0,0
123,0.273,0.202,16.549,17.024,16.760,0,0,0,0,0,0,0,0,0,0,0
124,0.333,0.287,16.408,17.028,17.499,0,0,0,0,0,0,0,0,0,0,0
125,0.338,0.301,16.395,17.034,17.753,0,0,0,0,0,0,0,0,0,0,0
126,0.256,0.202,16.563,17.021,17.497,0,0,0,0,0,0,0,0,0,0,0
127,0.317,0.251,16.457,17.025,17.417,0,0,0,0,0,0,0,0,0,0,0
128,0.277,0.194,16.551,17.022,17.693,0,0,0,0,0,0,0,0,0,0,0
129,0.325,0.368,16.355,17.048,17.445,0,0,0,0,0,0,0,0,0,0,0
130,0.228,0.126,16.660,17.014,17.426,0,0,0,0,0,0,0,0,0,0,0
131,0.104,0.082,16.823,17.010,17.290,0,0,0,0,0,0,0,0,0,0,0
132,0.082,0.070,16.863,17.015,17.226,0,0,0,0,0,0,0,0,0,0,0
133,0.122,0.146,16.777,17.044,17.320,0,0,0,0,0,0,0,0,0,0,0
134,0.405,0.323,16.299,17.027,17.571,0,0,0,0,0,0,0,0,0,0,0
135,0.288,0.233,16.505,17.025,17.421,0,0,0,0,0,0,0,0,0,0,0
136,0.326,0.208,16.485,17.019,17.496,0,0,0,0,0,0,0,0,0,0,0
137,0.205,0.180,16.637,17.022,17.403,0,0,0,0,0,0,0,0,0,0,0
138,0.267,0.204,16.153,16.625,17.354,0,0,0,0,0,0,0,0,0,0,0
139,0.314,0.628,16.081,17.023,17.426,0,0,0,0,0,0,0,0,0,0,0
140,0.308,0.250,16.473,17.031,17.501,0,0,0,0,0,0,0,0,0,0,0
141,0.404,0.321,16.296,17.021,17.461,0,0,0,0,0,0,0,0,0,0,0
142,0.251,0.204,16.393,16.848,17.404,0,0,0,0,0,0,0,0,0,0,0
143,0.463,0.262,15.769,16.493,17.302,0,0,0,0,0,0,0,0,0,0,0
144,0.494,0.336,16.197,17.027,17.327,0,0,0,0,0,0,0,0,0,0,0
145,0.306,0.266,16.453,17.025,17.693,0,0,0,0,0,0,0,0,0,0,0
146,0.254,0.207,16.554,17.015,17.395,0,0,0,0,0,0,0,0,0,0,0
147,0.214,0.253,16.557,17.024,17.335,0,0,0,0,0,0,0,0,0,0,0
148,0.355,0.202,16.469,17.026,17.537,0,0,0,0,0,0,0,0,0,0,0
149,0.276,0.219,15.828,16.322,17.538,0,0,0,0,0,0,0,0,0,0,0
150,0.306,0.277,16.437,17.019,16.755,0,0,0,0,0,0,0,0,0,0,0
151,2.059,0.222,14.222,16.504,17.459,0,0,0,0,0,0,0,0,0,0,0
152,0.328,0.295,15.796,16.419,17.098,0,0,0,0,0,0,0,0,0,0,0
153,0.312,0.300,16.454,17.065,16.858,0,0,0,0,0,0,0,0,0,0,0
154,0.444,0.316,16.273,17.034,17.832,0,0,0,0,0,0,0,0,0,0,0
155,0.470,0.274,16.288,17.032,17.544,0,0,0,0,0,0,0,0,0,0,0
156,0.367,0.258,15.844,16.469,17.498,0,0,0,0,0,0,0,0,0,0,0
157,0.314,0.178,16.528,17.019,18.672,0,0,0,0,0,0,0,0,0,0,0
158,0.161,0.132,16.753,17.046,17.966,0,0,0,0,0,0,0,0,0,0,0
159,0.410,0.324,16.296,17.031,17.706,0,0,0,0,0,0,0,0,0,0,0
160,0.297,0.235,16.495,17.027,17.508,0,0,0,0,0,0,0,0,0,0,0
161,0.344,0.246,16.442,17.032,18.265,0,0,0,0,0,0,0,0,0,0,0
162,0.263,0.236,16.529,17.029,17.671,0,0,0,0,0,0,0,0,0,0,0
163,0.324,0.279,16.421,17.024,17.683,0,0,0,0,0,0,0,0,0,0,0
164,0.178,0.153,16.683,17.013,18.016,0,0,0,0,0,0,0,0,0,0,0
165,0.277,0.334,16.420,17.031,17.345,0,0,0,0,0,0,0,0,0,0,0
166,0.245,0.229,16.555,17.028,17.667,0,0,0,0,0,0,0,0,0,0,0
167,0.312,0.270,16.442,17.025,17.664,0,0,0,0,0,0,0,0,0,0,0
168,0.310,0.245,16.475,17.030,17.652,0,0,0,0,0,0,0,0,0,0,0
169,0.295,0.269,16.457,17.021,17.699,0,0,0,0,0,0,0,0,0,0,0
170,0.217,0.244,16.565,17.026,17.635,0,0,0,0,0,0,0,0,0,0,0
171,0.266,0.390,16.368,17.024,17.654,0,0,0,0,0,0,0,0,0,0,0
172,0.221,0.174,16.628,17.023,17.623,0,0,0,0,0,0,0,0,0,0,0
173,0.172,0.181,16.671,17.024,17.588,0,0,0,0,0,0,0,0,0,0,0
174,0.227,0.220,16.594,17.042,17.611,0,0,0,0,0,0,0,0,0,0,0
175,0.161,0.148,16.715,17.024,17.608,0,0,0,0,0,0,0,0,0,0,0
176,0.275,0.162,16.581,17.018,17.657,0,0,0,0,0,0,0,0,0,0,0
177,0.142,0.137,16.741,17.020,17.291,0,0,0,0,0,0,0,0,0,0,0
178,0.091,0.088,16.841,17.021,17.597,0,0,0,0,0,0,0,0,0,0,0
179,0.272,0.224,16.533,17.028,17.696,0,0,0,0,0,0,0,0,0,0,0
180,0.257,0.223,16.552,17.032,17.668,0,0,0,0,0,0,0,0,0,0,0
181,0.282,0.184,16.553,17.018,17.650,0,0,0,0,0,0,0,0,0,0,0
182,0.157,0.174,16.704,17.036,17.376,0,0,0,0,0,0,0,0,0,0,0
183,0.362,0.234,16.218,16.813,17.522,0,0,0,0,0,0,0,0,0,0,0
184,0.643,0.390,15.998,17.031,17.674,0,0,0,0,0,0,0,0,0,0,0
185,0.330,0.437,16.261,17.029,17.734,0,0,0,0,0,0,0,0,0,0,0
186,0.405,0.283,16.359,17.047,17.766,0,0,0,0,0,0,0,0,0,0,0
187,0.576,0.238,16.232,17.046,17.538,0,0,0,0,0,0,0,0,0,0,0
188,0.365,0.265,16.402,17.032,17.774,0,0,0,0,0,0,0,0,0,0,0
189,0.251,0.118,16.646,17.015,17.296,0,0,0,0,0,0,0,0,0,0,0
190,0.092,0.062,16.859,17.012,17.200,0,0,0,0,0,0,0,0,0,0,0
191,0.083,0.063,16.867,17.013,17.212,0,0,0,0,0,0,0,0,0,0,0
192,0.105,0.082,16.824,17.011,17.271,0,0,0,0,0,0,0,0,0,0,0
193,0.108,0.060,16.862,17.031,17.254,0,0,0,0,0,0,0,0,0,0,0
194,0.314,0.185,16.393,16.892,17.375,0,0,0,0,0,0,0,0,0,0,0
195,0.324,0.140,16.554,17.018,17.246,0,0,0,0,0,0,0,0,0,0,0
196,0.190,0.157,16.689,17.037,17.350,0,0,0,0,0,0,0,0,0,0,0
197,0.283,0.248,16.495,17.027,17.721,0,0,0,0,0,0,0,0,0,0,0
198,0.287,0.207,16.530,17.024,17.559,0,0,0,0,0,0,0,0,0,0,0
199,0.243,0.190,15.782,16.216,17.394,0,0,0,0,0,0,0,0,0,0,0
200,0.265,0.137,16.613,17.015,16.599,0,0,0,0,0,0,0,0,0,0,0
201,0.257,0.246,16.525,17.028,17.425,0,0,0,0,0,0,0,0,0,0,0
202,0.273,0.137,16.616,17.027,17.630,0,0,0,0,0,0,0,0,0,0,0
203,0.442,0.294,16.283,17.020,17.465,0,0,0,0,0,0,0,0,0,0,0
204,0.222,0.237,16.494,16.954,17.405,0,0,0,0,0,0,0,0,0,0,0
205,0.373,0.239,16.420,17.032,17.413,0,0,0,0,0,0,0,0,0,0,0
206,0.281,0.161,15.667,16.109,17.398,0,0,0,0,0,0,0,0,0,0,0
207,0.338,0.557,16.136,17.031,16.875,0,0,0,0,0,0,0,0,0,0,0
208,0.414,0.259,16.354,17.027,17.510,0,0,0,0,0,0,0,0,0,0,0
209,0.368,0.303,16.202,16.874,17.768,0,0,0,0,0,0,0,0,0,0,0
210,0.692,0.317,15.760,16.769,17.994,0,0,0,0,0,0,0,0,0,0,0
211,0.269,0.182,16.574,17.025,17.172,0,0,0,0,0,0,0,0,0,0,0
212,0.390,0.175,16.235,16.799,17.513,0,0,0,0,0,0,0,0,0,0,0
213,0.211,0.152,15.769,16.132,17.113,0,0,0,0,0,0,0,0,0,0,0
214,0.220,0.204,16.603,17.027,16.502,0,0,0,0,0,0,0,0,0,0,0
215,0.357,0.254,15.449,16.061,17.709,0,0,0,0,0,0,0,0,0,0,0
216,0.268,0.230,16.525,17.022,16.492,0,0,0,0,0,0,0,0,0,0,0
217,0.265,0.189,16.575,17.029,17.367,0,0,0,0,0,0,0,0,0,0,0
218,0.380,0.221,16.427,17.028,17.728,0,0,0,0,0,0,0,0,0,0,0
219,0.262,0.229,16.531,17.022,17.377,0,0,0,0,0,0,0,0,0,0,0
220,0.297,0.195,16.533,17.025,17.382,0,0,0,0,0,0,0,0,0,0,0
221,0.211,0.191,16.628,17.030,17.659,0,0,0,0,0,0,0,0,0,0,0
222,0.438,0.308,16.277,17.022,17.750,0,0,0,0,0,0,0,0,0,0,0
223,0.168,0.153,16.700,17.022,17.308,0,0,0,0,0,0,0,0,0,0,0
224,0.117,0.128,16.149,16.394,17.269,0,0,0,0,0,0,0,0,0,0,0
225,0.337,0.286,15.434,16.058,16.721,0,0,0,0,0,0,0,0,0,0,0
226,0.370,0.268,16.417,17.054,16.723,0,0,0,0,0,0,0,0,0,0,0
227,0.300,0.252,16.476,17.027,17.709,0,0,0,0,0,0,0,0,0,0,0
228,0.226,0.205,16.598,17.029,17.414,0,0,0,0,0,0,0,0,0,0,0
229,0.317,0.208,16.505,17.029,17.376,0,0,0,0,0,0,0,0,0,0,0
230,0.259,0.240,16.529,17.028,17.749,0,0,0,0,0,0,0,0,0,0,0
231,0.375,0.260,16.400,17.036,17.511,0,0,0,0,0,0,0,0,0,0,0
232,0.383,0.321,15.395,16.099,17.765,0,0,0,0,0,0,0,0,0,0,0
233,0.653,0.262,16.128,17.043,16.509,0,0,0,0,0,0,0,0,0,0,0
234,0.360,0.283,16.376,17.019,17.805,0,0,0,0,0,0,0,0,0,0,0
235,0.322,0.279,16.418,17.019,17.512,0,0,0,0,0,0,0,0,0,0,0
236,0.327,0.150,16.558,17.034,17.455,0,0,0,0,0,0,0,0,0,0,0
237,0.650,0.450,15.932,17.033,17.641,0,0,0,0,0,0,0,0,0,0,0
238,0.279,0.218,16.529,17.027,17.418,0,0,0,0,0,0,0,0,0,0,0
239,0.358,0.283,16.388,17.029,17.468,0,0,0,0,0,0,0,0,0,0,0
240,0.256,0.261,16.531,17.048,17.409,0,0,0,0,0,0,0,0,0,0,0
241,0.595,0.344,16.134,17.072,17.908,0,0,0,0,0,0,0,0,0,0,0
242,0.397,0.309,15.940,16.646,17.807,0,0,0,0,0,0,0,0,0,0,0
243,0.311,0.222,16.489,17.023,17.096,0,0,0,0,0,0,0,0,0,0,0
244,0.487,0.288,16.257,17.032,17.415,0,0,0,0,0,0,0,0,0,0,0
245,0.463,0.293,15.686,16.442,17.909,0,0,0,0,0,0,0,0,0,0,0
246,0.269,0.224,16.534,17.028,16.843,0,0,0,0,0,0,0,0,0,0,0
247,0.266,0.213,16.115,16.594,17.460,0,0,0,0,0,0,0,0,0,0,0
248,0.206,0.107,16.513,16.826,16.846,0,0,0,0,0,0,0,0,0,0,0
249,0.181,0.109,16.058,16.348,16.993,0,0,0,0,0,0,0,0,0,0,0
250,0.071,0.061,16.879,17.010,16.507,0,0,0,0,0,0,0,0,0,0,0
251,0.119,0.071,16.825,17.015,17.229,0,0,0,0,0,0,0,0,0,0,0
252,0.118,0.070,16.830,17.019,17.235,0,0,0,0,0,0,0,0,0,0,0
253,0.093,0.115,16.839,17.048,17.217,0,0,0,0,0,0,0,0,0,0,0
254,0.253,0.150,16.622,17.025,17.427,0,0,0,0,0,0,0,0,0,0,0
255,0.185,0.175,16.667,17.027,17.459,0,0,0,0,0,0,0,0,0,0,0
256,0.273,0.369,16.383,17.025,17.640,0,0,0,0,0,0,0,0,0,0,0
257,0.195,0.157,16.666,17.017,17.418,0,0,0,0,0,0,0,0,0,0,0
258,0.230,0.140,15.911,16.280,17.519,0,0,0,0,0,0,0,0,0,0,0
259,0.236,0.160,16.628,17.024,16.664,0,0,0,0,0,0,0,0,0,0,0
260,0.411,0.210,16.409,17.030,17.389,0,0,0,0,0,0,0,0,0,0,0
261,0.351,0.210,16.462,17.023,17.379,0,0,0,0,0,0,0,0,0,0,0
262,0.241,0.176,15.932,16.349,17.447,0,0,0,0,0,0,0,0,0,0,0
263,0.484,0.271,16.280,17.035,16.825,0,0,0,0,0,0,0,0,0,0,0
264,0.462,0.254,16.316,17.031,17.481,0,0,0,0,0,0,0,0,0,0,0
265,0.629,0.332,16.077,17.038,17.505,0,0,0,0,0,0,0,0,0,0,0
266,0.181,0.152,16.693,17.025,17.350,0,0,0,0,0,0,0,0,0,0,0
267,0.360,0.312,16.368,17.040,17.482,0,0,0,0,0,0,0,0,0,0,0
268,0.610,0.358,16.063,17.031,17.880,0,0,0,0,0,0,0,0,0,0,0
269,0.303,0.227,16.496,17.026,17.459,0,0,0,0,0,0,0,0,0,0,0
270,0.385,0.340,16.302,17.027,17.415,0,0,0,0,0,0,0,0,0,0,0
271,0.388,0.209,16.426,17.023,17.514,0,0,0,0,0,0,0,0,0,0,0
272,0.470,0.236,16.338,17.044,17.526,0,0,0,0,0,0,0,0,0,0,0
273,0.484,0.322,16.223,17.029,17.789,0,0,0,0,0,0,0,0,0,0,0
274,0.381,0.279,16.373,17.033,17.511,0,0,0,0,0,0,0,0,0,0,0
275,0.541,0.439,16.041,17.021,17.630,0,0,0,0,0,0,0,0,0,0,0
276,0.279,0.183,16.562,17.024,17.354,0,0,0,0,0,0,0,0,0,0,0
277,0.400,0.237,16.390,17.026,17.537,0,0,0,0,0,0,0,0,0,0,0
278,0.346,0.275,15.794,16.415,17.409,0,0,0,0,0,0,0,0,0,0,0
279,0.395,0.230,16.402,17.027,16.771,0,0,0,0,0,0,0,0,0,0,0
280,0.293,0.206,16.546,17.045,17.718,0,0,0,0,0,0,0,0,0,0,0
281,0.657,0.369,16.012,17.038,17.744,0,0,0,0,0,0,0,0,0,0,0
282,0.536,0.359,16.143,17.037,17.997,0,0,0,0,0,0,0,0,0,0,0
283,0.342,0.260,16.424,17.027,17.784,0,0,0,0,0,0,0,0,0,0,0
284,0.400,0.294,16.325,17.020,17.476,0,0,0,0,0,0,0,0,0,0,0
285,0.163,0.218,16.651,17.032,17.299,0,0,0,0,0,0,0,0,0,0,0
286,0.345,0.249,16.141,16.735,17.492,0,0,0,0,0,0,0,0,0,0,0
287,0.670,0.420,15.945,17.035,17.603,0,0,0,0,0,0,0,0,0,0,0
288,0.327,0.285,16.367,16.979,17.719,0,0,0,0,0,0,0,0,0,0,0
289,0.329,0.225,16.472,17.026,17.386,0,0,0,0,0,0,0,0,0,0,0
290,0.312,0.216,16.434,16.962,17.502,0,0,0,0,0,0,0,0,0,0,0
291,0.291,0.131,15.679,16.101,17.504,0,0,0,0,0,0,0,0,0,0,0
292,0.290,0.201,16.523,17.014,16.490,0,0,0,0,0,0,0,0,0,0,0
293,0.298,0.209,16.517,17.023,17.532,0,0,0,0,0,0,0,0,0,0,0
294,0.359,0.199,16.466,17.024,17.426,0,0,0,0,0,0,0,0,0,0,0
295,0.253,0.182,16.585,17.020,17.399,0,0,0,0,0,0,0,0,0,0,0
296,0.137,0.108,16.779,17.024,17.302,0,0,0,0,0,0,0,0,0,0,0
297,0.301,0.240,16.482,17.022,17.635,0,0,0,0,0,0,0,0,0,0,0
298,0.291,0.234,16.477,17.002,17.347,0,0,0,0,0,0,0,0,0,0,0
299,0.205,0.222,16.600,17.027,17.357,0,0,0,0,0,0,0,0,0,0,0
300,0.322,0.264,15.907,16.493,17.427,0,0,0,0,0,0,0,0,0,0,0
301,0.294,0.167,16.563,17.024,16.875,0,0,0,0,0,0,0,0,0,0,0
302,0.401,0.197,15.589,16.188,17.399,0,0,0,0,0,0,0,0,0,0,0
303,0.208,0.164,16.490,16.862,16.509,0,0,0,0,0,0,0,0,0,0,0
304,0.251,0.228,16.555,17.033,17.215,0,0,0,0,0,0,0,0,0,0,0
305,0.347,0.307,16.376,17.031,17.755,0,0,0,0,0,0,0,0,0,0,0
306,0.596,0.331,16.107,17.034,17.526,0,0,0,0,0,0,0,0,0,0,0
307,0.500,0.388,16.142,17.030,17.382,0,0,0,0,0,0,0,0,0,0,0
308,0.247,0.143,16.632,17.023,17.258,0,0,0,0,0,0,0,0,0,0,0
309,0.121,0.085,16.815,17.021,17.182,0,0,0,0,0,0,0,0,0,0,0
310,0.212,0.116,16.681,17.009,17.231,0,0,0,0,0,0,0,0,0,0,0
311,0.098,0.064,16.853,17.015,17.127,0,0,0,0,0,0,0,0,0,0,0
312,0.079,0.069,16.865,17.013,17.214,0,0,0,0,0,0,0,0,0,0,0
313,0.089,0.069,16.874,17.032,17.224,0,0,0,0,0,0,0,0,0,0,0
314,0.323,0.309,16.385,17.018,17.525,0,0,0,0,0,0,0,0,0,0,0
315,0.312,0.238,16.471,17.021,17.343,0,0,0,0,0,0,0,0,0,0,0
316,0.365,0.196,16.464,17.026,17.464,0,0,0,0,0,0,0,0,0,0,0
317,0.421,0.345,16.265,17.031,17.770,0,0,0,0,0,0,0,0,0,0,0
318,0.316,0.256,16.464,17.036,17.700,0,0,0,0,0,0,0,0,0,0,0
319,0.232,0.212,16.589,17.034,17.747,0,0,0,0,0,0,0,0,0,0,0
320,0.498,0.352,16.189,17.039,17.488,0,0,0,0,0,0,0,0,0,0,0
321,0.543,0.408,16.074,17.025,17.470,0,0,0,0,0,0,0,0,0,0,0
322,0.298,0.248,16.482,17.028,17.710,0,0,0,0,0,0,0,0,0,0,0
323,0.189,0.171,16.663,17.023,17.589,0,0,0,0,0,0,0,0,0,0,0
324,0.189,0.138,15.865,16.192,17.307,0,0,0,0,0,0,0,0,0,0,0
325,0.234,0.128,15.999,16.361,16.498,0,0,0,0,0,0,0,0,0,0,0
326,0.164,0.138,16.706,17.008,16.658,0,0,0,0,0,0,0,0,0,0,0
327,0.347,0.249,16.427,17.022,17.371,0,0,0,0,0,0,0,0,0,0,0
328,0.272,0.168,16.589,17.029,17.367,0,0,0,0,0,0,0,0,0,0,0
329,0.383,0.248,16.400,17.031,17.423,0,0,0,0,0,0,0,0,0,0,0
330,0.177,3.661,13.186,17.024,17.200,0,0,0,0,0,0,0,0,0,0,0
331,0.103,0.100,16.807,17.010,17.177,0,0,0,0,0,0,0,0,0,0,0
332,0.086,0.061,16.902,17.049,17.149,0,0,0,0,0,0,0,0,0,0,0
333,0.304,0.267,16.453,17.024,17.459,0,0,0,0,0,0,0,0,0,0,0
334,0.252,0.196,16.576,17.024,17.524,0,0,0,0,0,0,0,0,0,0,0
335,0.221,0.216,16.593,17.029,17.436,0,0,0,0,0,0,0,0,0,0,0
336,0.265,0.184,16.581,17.030,17.394,0,0,0,0,0,0,0,0,0,0,0
337,0.299,0.244,16.485,17.028,17.668,0,0,0,0,0,0,0,0,0,0,0
338,0.239,0.256,16.532,17.027,17.634,0,0,0,0,0,0,0,0,0,0,0
339,0.294,0.242,16.497,17.032,17.698,0,0,0,0,0,0,0,0,0,0,0
340,0.505,0.418,16.120,17.044,17.773,0,0,0,0,0,0,0,0,0,0,0
341,0.267,0.278,15.862,16.406,17.698,0,0,0,0,0,0,0,0,0,0,0
342,0.235,0.472,16.128,16.836,16.783,0,0,0,0,0,0,0,0,0,0,0
343,0.410,0.302,16.181,16.893,17.607,0,0,0,0,0,0,0,0,0,0,0
344,0.423,0.309,16.295,17.027,17.347,0,0,0,0,0,0,0,0,0,0,0
345,0.443,0.246,15.402,16.091,17.747,0,0,0,0,0,0,0,0,0,0,0
346,0.326,0.417,16.282,17.025,16.447,0,0,0,0,0,0,0,0,0,0,0
347,0.362,0.230,16.435,17.027,17.585,0,0,0,0,0,0,0,0,0,0,0
348,0.288,0.200,16.543,17.032,17.388,0,0,0,0,0,0,0,0,0,0,0
349,0.351,0.232,16.435,17.017,17.682,0,0,0,0,0,0,0,0,0,0,0
350,0.184,0.132,16.704,17.021,17.279,0,0,0,0,0,0,0,0,0,0,0
351,0.260,0.175,15.729,16.164,17.359,0,0,0,0,0,0,0,0,0,0,0
352,0.411,0.325,16.286,17.023,16.816,0,0,0,0,0,0,0,0,0,0,0
353,0.252,0.174,16.613,17.038,17.363,0,0,0,0,0,0,0,0,0,0,0
354,0.588,0.312,16.140,17.040,17.854,0,0,0,0,0,0,0,0,0,0,0
355,0.252,0.378,16.403,17.033,17.628,0,0,0,0,0,0,0,0,0,0,0
356,0.405,0.309,16.309,17.023,17.693,0,0,0,0,0,0,0,0,0,0,0
357,0.215,0.177,16.632,17.024,17.329,0,0,0,0,0,0,0,0,0,0,0
358,0.264,0.190,16.573,17.026,17.365,0,0,0,0,0,0,0,0,0,0,0
359,0.297,0.178,16.558,17.034,17.386,0,0,0,0,0,0,0,0,0,0,0
360,0.465,0.275,16.296,17.037,17.742,0,0,0,0,0,0,0,0,0,0,0
361,0.570,0.373,16.083,17.027,17.857,0,0,0,0,0,0,0,0,0,0,0
362,0.253,0.195,16.146,16.594,17.456,0,0,0,0,0,0,0,0,0,0,0
363,0.387,0.296,16.357,17.039,17.032,0,0,0,0,0,0,0,0,0,0,0
364,0.446,0.288,16.305,17.039,17.905,0,0,0,0,0,0,0,0,0,0,0
365,0.365,0.286,16.396,17.047,17.830,0,0,0,0,0,0,0,0,0,0,0
366,0.430,0.297,16.312,17.039,17.794,0,0,0,0,0,0,0,0,0,0,0
367,0.336,0.159,16.528,17.023,17.312,0,0,0,0,0,0,0,0,0,0,0
368,0.191,0.110,16.727,17.028,17.202,0,0,0,0,0,0,0,0,0,0,0
369,0.089,0.057,16.293,16.439,17.183,0,0,0,0,0,0,0,0,0,0,0
370,0.116,0.049,16.844,17.009,16.613,0,0,0,0,0,0,0,0,0,0,0
371,0.065,0.056,16.898,17.019,17.164,0,0,0,0,0,0,0,0,0,0,0
372,0.049,0.046,16.912,17.007,17.211,0,0,0,0,0,0,0,0,0,0,0
373,0.048,0.050,16.911,17.009,17.253,0,0,0,0,0,0,0,0,0,0,0
374,0.045,0.060,16.916,17.021,17.205,0,0,0,0,0,0,0,0,0,0,0
375,0.285,0.260,16.307,16.852,17.390,0,0,0,0,0,0,0,0,0,0,0
376,0.237,0.217,16.574,17.028,17.144,0,0,0,0,0,0,0,0,0,0,0
377,0.216,0.288,16.526,17.029,17.444,0,0,0,0,0,0,0,0,0,0,0
378,0.275,0.218,16.542,17.036,17.365,0,0,0,0,0,0,0,0,0,0,0
379,0.440,0.333,15.911,16.684,17.796,0,0,0,0,0,0,0,0,0,0,0
380,0.285,0.338,16.408,17.032,17.394,0,0,0,0,0,0,0,0,0,0,0
381,0.275,0.248,16.083,16.606,17.715,0,0,0,0,0,0,0,0,0,0,0
382,0.261,0.197,16.575,17.034,16.999,0,0,0,0,0,0,0,0,0,0,0
383,0.457,0.502,16.065,17.025,17.801,0,0,0,0,0,0,0,0,0,0,0
384,0.216,0.308,16.516,17.041,17.438,0,0,0,0,0,0,0,0,0,0,0
385,0.354,0.326,16.347,17.027,17.760,0,0,0,0,0,0,0,0,0,0,0
386,0.244,0.153,16.624,17.021,17.478,0,0,0,0,0,0,0,0,0,0,0
387,0.267,0.175,16.584,17.026,17.467,0,0,0,0,0,0,0,0,0,0,0
388,0.257,0.201,16.560,17.018,17.646,0,0,0,0,0,0,0,0,0,0,0
389,0.094,0.112,16.823,17.030,17.288,0,0,0,0,0,0,0,0,0,0,0
390,0.235,0.206,16.576,17.016,17.417,0,0,0,0,0,0,0,0,0,0,0
391,0.168,0.138,15.785,16.092,17.310,0,0,0,0,0,0,0,0,0,0,0
392,0.117,0.147,16.108,16.372,16.372,0,0,0,0,0,0,0,0,0,0,0
393,0.358,0.337,15.940,16.635,17.034,0,0,0,0,0,0,0,0,0,0,0
394,0.318,0.232,16.467,17.017,16.894,0,0,0,0,0,0,0,0,0,0,0
395,0.141,0.162,16.726,17.029,17.283,0,0,0,0,0,0,0,0,0,0,0
396,0.209,0.114,16.705,17.029,17.358,0,0,0,0,0,0,0,0,0,0,0
397,0.289,0.273,16.481,17.044,17.421,0,0,0,0,0,0,0,0,0,0,0
398,0.368,0.315,16.344,17.027,17.883,0,0,0,0,0,0,0,0,0,0,0
399,0.210,0.169,16.642,17.020,17.362,0,0,0,0,0,0,0,0,0,0,0
400,0.243,0.201,16.578,17.022,17.396,0,0,0,0,0,0,0,0,0,0,0
401,0.202,0.217,16.622,17.041,17.538,0,0,0,0,0,0,0,0,0,0,0
402,0.587,0.405,16.051,17.043,17.847,0,0,0,0,0,0,0,0,0,0,0
403,0.266,0.242,16.520,17.027,17.707,0,0,0,0,0,0,0,0,0,0,0
404,0.278,0.355,16.389,17.022,17.504,0,0,0,0,0,0,0,0,0,0,0
405,0.192,0.170,16.669,17.031,17.372,0,0,0,0,0,0,0,0,0,0,0
406,0.350,0.392,16.056,16.798,17.740,0,0,0,0,0,0,0,0,0,0,0
407,0.184,0.166,16.665,17.015,17.146,0,0,0,0,0,0,0,0,0,0,0
408,0.181,0.172,16.671,17.024,17.376,0,0,0,0,0,0,0,0,0,0,0
409,0.324,0.280,16.420,17.024,17.495,0,0,0,0,0,0,0,0,0,0,0
410,0.264,0.194,16.563,17.022,17.454,0,0,0,0,0,0,0,0,0,0,0
411,0.113,0.123,16.787,17.023,17.312,0,0,0,0,0,0,0,0,0,0,0
412,0.258,0.236,16.539,17.034,17.655,0,0,0,0,0,0,0,0,0,0,0
413,0.158,0.178,16.679,17.015,17.671,0,0,0,0,0,0,0,0,0,0,0
414,0.124,0.150,16.750,17.024,17.339,0,0,0,0,0,0,0,0,0,0,0
415,0.185,0.203,16.635,17.023,17.431,0,0,0,0,0,0,0,0,0,0,0
416,0.232,0.235,16.190,16.657,17.460,0,0,0,0,0,0,0,0,0,0,0
417,0.279,0.233,16.514,17.026,17.053,0,0,0,0,0,0,0,0,0,0,0
418,0.252,0.239,16.560,17.051,17.428,0,0,0,0,0,0,0,0,0,0,0
419,0.439,0.385,15.759,16.584,17.815,0,0,0,0,0,0,0,0,0,0,0
420,0.210,0.182,16.646,17.037,16.958,0,0,0,0,0,0,0,0,0,0,0
421,0.514,0.436,15.661,16.611,17.853,0,0,0,0,0,0,0,0,0,0,0
422,0.252,0.242,16.445,16.940,17.044,0,0,0,0,0,0,0,0,0,0,0
423,0.350,0.468,15.611,16.429,17.355,0,0,0,0,0,0,0,0,0,0,0
424,0.153,0.172,16.709,17.035,16.768,0,0,0,0,0,0,0,0,0,0,0
425,0.481,0.337,16.208,17.026,17.613,0,0,0,0,0,0,0,0,0,0,0
426,0.321,0.229,15.566,16.116,17.489,0,0,0,0,0,0,0,0,0,0,0
427,0.214,0.221,16.581,17.017,16.269,0,0,0,0,0,0,0,0,0,0,0
428,0.084,0.072,16.861,17.017,17.210,0,0,0,0,0,0,0,0,0,0,0
429,0.084,0.064,16.877,17.025,17.233,0,0,0,0,0,0,0,0,0,0,0
430,0.096,0.076,16.842,17.014,17.253,0,0,0,0,0,0,0,0,0,0,0
431,0.082,0.087,16.854,17.023,17.263,0,0,0,0,0,0,0,0,0,0,0
432,0.263,0.197,16.566,17.026,17.388,0,0,0,0,0,0,0,0,0,0,0
433,0.339,0.265,16.429,17.033,17.711,0,0,0,0,0,0,0,0,0,0,0
434,0.235,0.274,15.861,16.369,17.650,0,0,0,0,0,0,0,0,0,0,0
435,0.266,0.209,16.558,17.033,16.772,0,0,0,0,0,0,0,0,0,0,0
436,0.375,0.334,16.212,16.921,17.727,0,0,0,0,0,0,0,0,0,0,0
437,0.226,0.232,16.561,17.020,17.548,0,0,0,0,0,0,0,0,0,0,0
438,0.136,0.207,16.675,17.018,17.323,0,0,0,0,0,0,0,0,0,0,0
439,0.191,0.205,16.633,17.030,17.373,0,0,0,0,0,0,0,0,0,0,0
440,0.467,0.628,15.682,16.778,17.390,0,0,0,0,0,0,0,0,0,0,0
441,0.271,0.299,16.449,17.020,17.460,0,0,0,0,0,0,0,0,0,0,0
442,0.247,0.236,16.543,17.026,17.412,0,0,0,0,0,0,0,0,0,0,0
443,0.319,0.290,16.430,17.038,17.435,0,0,0,0,0,0,0,0,0,0,0
444,0.395,0.342,16.293,17.030,17.814,0,0,0,0,0,0,0,0,0,0,0
445,0.221,0.218,16.598,17.037,17.639,0,0,0,0,0,0,0,0,0,0,0
446,0.134,0.130,16.250,16.515,17.332,0,0,0,0,0,0,0,0,0,0,0
447,0.222,0.193,16.613,17.028,16.907,0,0,0,0,0,0,0,0,0,0,0
448,0.253,0.250,16.500,17.003,17.422,0,0,0,0,0,0,0,0,0,0,0
449,0.256,0.237,16.537,17.030,17.697,0,0,0,0,0,0,0,0,0,0,0
450,0.318,0.385,16.324,17.027,17.815,0,0,0,0,0,0,0,0,0,0,0
451,0.172,0.179,16.670,17.022,17.337,0,0,0,0,0,0,0,0,0,0,0
452,0.319,0.271,16.432,17.021,17.450,0,0,0,0,0,0,0,0,0,0,0
453,0.118,0.151,16.757,17.026,17.304,0,0,0,0,0,0,0,0,0,0,0
454,0.272,0.178,15.947,16.396,17.480,0,0,0,0,0,0,0,0,0,0,0
455,0.241,0.213,16.583,17.037,16.882,0,0,0,0,0,0,0,0,0,0,0
456,0.274,0.286,16.469,17.028,17.609,0,0,0,0,0,0,0,0,0,0,0
457,0.306,0.228,16.486,17.021,17.500,0,0,0,0,0,0,0,0,0,0,0
458,0.190,0.188,16.657,17.035,17.388,0,0,0,0,0,0,0,0,0,0,0
459,0.321,0.320,16.142,16.783,17.785,0,0,0,0,0,0,0,0,0,0,0
460,0.300,0.289,16.447,17.037,17.489,0,0,0,0,0,0,0,0,0,0,0
461,0.366,0.334,16.336,17.036,17.780,0,0,0,0,0,0,0,0,0,0,0
462,0.494,0.338,16.188,17.020,17.787,0,0,0,0,0,0,0,0,0,0,0
463,0.198,0.169,16.454,16.821,17.377,0,0,0,0,0,0,0,0,0,0,0
464,0.279,0.275,16.472,17.027,17.287,0,0,0,0,0,0,0,0,0,0,0
465,0.306,0.292,16.432,17.030,17.740,0,0,0,0,0,0,0,0,0,0,0
466,0.248,0.234,16.080,16.562,17.542,0,0,0,0,0,0,0,0,0,0,0
467,0.307,0.660,16.054,17.021,17.338,0,0,0,0,0,0,0,0,0,0,0
468,0.164,0.165,16.502,16.832,17.398,0,0,0,0,0,0,0,0,0,0,0
469,0.357,0.322,16.351,17.029,17.664,0,0,0,0,0,0,0,0,0,0,0
470,0.233,0.300,16.490,17.023,17.590,0,0,0,0,0,0,0,0,0,0,0
471,0.282,0.220,16.528,17.030,17.467,0,0,0,0,0,0,0,0,0,0,0
472,0.245,0.233,16.548,17.026,17.692,0,0,0,0,0,0,0,0,0,0,0
473,0.259,0.241,16.023,16.524,17.575,0,0,0,0,0,0,0,0,0,0,0
474,0.228,0.224,16.299,16.752,16.963,0,0,0,0,0,0,0,0,0,0,0
475,0.227,0.250,16.548,17.025,17.397,0,0,0,0,0,0,0,0,0,0,0
476,0.257,0.296,16.475,17.028,17.411,0,0,0,0,0,0,0,0,0,0,0
477,0.207,0.222,16.026,16.454,17.452,0,0,0,0,0,0,0,0,0,0,0
478,0.254,0.216,16.552,17.022,16.901,0,0,0,0,0,0,0,0,0,0,0
479,0.237,0.184,16.319,16.741,17.417,0,0,0,0,0,0,0,0,0,0,0
480,0.319,0.396,16.323,17.039,17.482,0,0,0,0,0,0,0,0,0,0,0
481,0.319,0.266,16.446,17.031,17.771,0,0,0,0,0,0,0,0,0,0,0
482,0.152,0.174,16.691,17.017,17.578,0,0,0,0,0,0,0,0,0,0,0
483,0.248,0.251,16.526,17.025,17.435,0,0,0,0,0,0,0,0,0,0,0
484,0.249,0.221,16.556,17.026,17.727,0,0,0,0,0,0,0,0,0,0,0
485,0.264,0.255,16.522,17.040,17.474,0,0,0,0,0,0,0,0,0,0,0
486,0.183,0.136,16.697,17.017,17.351,0,0,0,0,0,0,0,0,0,0,0
487,0.071,0.066,16.883,17.020,17.207,0,0,0,0,0,0,0,0,0,0,0
488,0.088,0.112,16.841,17.041,17.298,0,0,0,0,0,0,0,0,0,0,0
489,0.414,0.271,16.341,17.026,17.523,0,0,0,0,0,0,0,0,0,0,0
490,0.265,0.219,15.827,16.311,17.452,0,0,0,0,0,0,0,0,0,0,0
491,0.362,0.342,16.320,17.025,17.125,0,0,0,0,0,0,0,0,0,0,0
492,0.258,0.244,16.540,17.042,17.750,0,0,0,0,0,0,0,0,0,0,0
493,0.267,0.282,16.486,17.035,17.701,0,0,0,0,0,0,0,0,0,0,0
494,0.243,0.235,16.559,17.037,17.712,0,0,0,0,0,0,0,0,0,0,0
495,0.239,0.263,15.885,16.387,17.672,0,0,0,0,0,0,0,0,0,0,0
496,0.128,0.159,16.370,16.656,16.648,0,0,0,0,0,0,0,0,0,0,0
497,0.255,0.107,16.651,17.013,16.850,0,0,0,0,0,0,0,0,0,0,0
498,0.224,0.080,16.722,17.027,17.985,0,0,0,0,0,0,0,0,0,0,0
499,0.228,0.219,16.582,17.029,17.409,0,0,0,0,0,0,0,0,0,0,0
500,0.264,0.230,16.128,16.623,17.516,0,0,0,0,0,0,0,0,0,0,0
501,0.242,0.205,16.578,17.025,17.068,0,0,0,0,0,0,0,0,0,0,0
502,0.269,0.324,16.429,17.022,17.454,0,0,0,0,0,0,0,0,0,0,0
503,0.222,0.154,16.643,17.019,17.508,0,0,0,0,0,0,0,0,0,0,0
504,0.198,0.187,16.638,17.023,17.421,0,0,0,0,0,0,0,0,0,0,0
505,0.324,0.197,16.498,17.020,17.447,0,0,0,0,0,0,0,0,0,0,0
506,0.217,0.191,16.612,17.020,17.383,0,0,0,0,0,0,0,0,0,0,0
507,0.147,0.100,16.111,16.358,17.331,0,0,0,0,0,0,0,0,0,0,0
508,0.101,0.089,16.822,17.012,16.637,0,0,0,0,0,0,0,0,0,0,0
509,0.135,0.118,16.767,17.020,17.303,0,0,0,0,0,0,0,0,0,0,0
510,0.156,0.119,16.742,17.018,17.300,0,0,0,0,0,0,0,0,0,0,0
511,0.106,0.084,16.592,16.781,17.291,0,0,0,0,0,0,0,0,0,0,0
512,0.141,0.210,16.662,17.013,17.148,0,0,0,0,0,0,0,0,0,0,0
513,0.126,0.104,16.791,17.022,17.306,0,0,0,0,0,0,0,0,0,0,0
514,0.179,0.104,15.827,16.110,17.438,0,0,0,0,0,0,0,0,0,0,0
515,0.179,0.118,16.719,17.016,16.450,0,0,0,0,0,0,0,0,0,0,0
516,0.169,0.136,16.002,16.307,17.347,0,0,0,0,0,0,0,0,0,0,0
517,0.289,0.171,15.788,16.248,16.723,0,0,0,0,0,0,0,0,0,0,0
518,0.203,0.172,16.394,16.769,16.674,0,0,0,0,0,0,0,0,0,0,0
519,0.254,0.205,16.565,17.023,17.212,0,0,0,0,0,0,0,0,0,0,0
520,0.228,0.168,16.621,17.017,17.423,0,0,0,0,0,0,0,0,0,0,0
521,0.184,0.172,16.509,16.865,17.388,0,0,0,0,0,0,0,0,0,0,0
522,0.196,0.145,16.682,17.024,17.264,0,0,0,0,0,0,0,0,0,0,0
523,0.195,0.190,16.636,17.021,17.476,0,0,0,0,0,0,0,0,0,0,0
524,0.234,0.187,16.603,17.024,17.401,0,0,0,0,0,0,0,0,0,0,0
525,0.219,0.163,16.642,17.025,17.419,0,0,0,0,0,0,0,0,0,0,0
526,0.260,0.444,15.682,16.386,17.453,0,0,0,0,0,0,0,0,0,0,0
527,0.243,0.129,16.647,17.019,17.066,0,0,0,0,0,0,0,0,0,0,0
528,0.098,0.068,16.846,17.012,17.214,0,0,0,0,0,0,0,0,0,0,0
529,0.066,0.050,16.907,17.024,17.211,0,0,0,0,0,0,0,0,0,0,0
530,0.340,0.235,16.460,17.035,17.367,0,0,0,0,0,0,0,0,0,0,0
531,0.081,0.061,16.867,17.009,17.217,0,0,0,0,0,0,0,0,0,0,0
532,0.052,0.035,16.919,17.006,17.148,0,0,0,0,0,0,0,0,0,0,0
533,0.029,0.022,16.954,17.004,17.118,0,0,0,0,0,0,0,0,0,0,0
534,0.033,0.031,16.941,17.005,17.111,0,0,0,0,0,0,0,0,0,0,0
535,0.023,0.018,16.639,16.679,17.106,0,0,0,0,0,0,0,0,0,0,0
536,0.023,0.024,16.956,17.003,16.769,0,0,0,0,0,0,0,0,0,0,0
537,0.020,0.022,16.961,17.003,17.085,0,0,0,0,0,0,0,0,0,0,0
538,0.022,0.016,16.965,17.003,17.088,0,0,0,0,0,0,0,0,0,0,0
539,0.025,0.019,16.109,16.153,17.086,0,0,0,0,0,0,0,0,0,0,0
540,0.019,0.017,16.967,17.003,16.239,0,0,0,0,0,0,0,0,0,0,0
541,0.024,0.017,16.963,17.004,17.088,0,0,0,0,0,0,0,0,0,0,0
542,0.019,0.015,16.973,17.007,17.093,0,0,0,0,0,0,0,0,0,0,0
543,0.019,0.021,16.963,17.003,17.097,0,0,0,0,0,0,0,0,0,0,0
544,0.021,0.021,16.963,17.005,17.089,0,0,0,0,0,0,0,0,0,0,0
545,0.019,0.016,16.968,17.003,17.094,0,0,0,0,0,0,0,0,0,0,0
546,0.020,0.020,16.964,17.004,17.088,0,0,0,0,0,0,0,0,0,0,0
547,0.035,0.033,16.938,17.007,17.091,0,0,0,0,0,0,0,0,0,0,0
548,0.027,0.024,16.954,17.005,17.095,0,0,0,0,0,0,0,0,0,0,0
549,0.030,0.020,16.953,17.003,17.096,0,0,0,0,0,0,0,0,0,0,0
550,0.025,0.017,16.969,17.011,17.099,0,0,0,0,0,0,0,0,0,0,0
551,0.080,0.042,16.885,17.008,17.112,0,0,0,0,0,0,0,0,0,0,0
552,0.051,0.068,16.888,17.008,17.117,0,0,0,0,0,0,0,0,0,0,0
553,0.044,0.033,16.928,17.005,17.105,0,0,0,0,0,0,0,0,0,0,0
554,0.038,0.030,16.937,17.005,17.098,0,0,0,0,0,0,0,0,0,0,0
555,0.052,0.049,16.905,17.006,17.116,0,0,0,0,0,0,0,0,0,0,0
556,0.033,0.027,16.945,17.005,17.094,0,0,0,0,0,0,0,0,0,0,0
557,0.032,0.025,16.952,17.009,17.099,0,0,0,0,0,0,0,0,0,0,0
558,0.057,0.042,16.905,17.004,17.107,0,0,0,0,0,0,0,0,0,0,0
559,0.029,0.024,16.951,17.004,17.097,0,0,0,0,0,0,0,0,0,0,0
560,0.022,0.024,16.957,17.003,17.091,0,0,0,0,0,0,0,0,0,0,0
561,0.021,0.021,16.966,17.009,17.093,0,0,0,0,0,0,0,0,0,0,0
562,0.020,0.022,16.968,17.011,17.094,0,0,0,0,0,0,0,0,0,0,0
563,0.032,0.028,16.196,16.256,17.103,0,0,0,0,0,0,0,0,0,0,0
564,0.022,0.019,16.964,17.005,16.349,0,0,0,0,0,0,0,0,0,0,0
565,0.021,0.020,16.973,17.014,17.095,0,0,0,0,0,0,0,0,0,0,0
566,0.036,0.036,16.934,17.005,17.108,0,0,0,0,0,0,0,0,0,0,0
567,0.020,0.023,16.971,17.014,17.095,0,0,0,0,0,0,0,0,0,0,0
568,0.026,0.023,16.962,17.011,17.102,0,0,0,0,0,0,0,0,0,0,0
569,0.024,0.021,16.963,17.007,17.097,0,0,0,0,0,0,0,0,0,0,0
570,0.030,0.025,16.955,17.010,17.109,0,0,0,0,0,0,0,0,0,0,0
571,0.021,0.017,16.965,17.003,17.092,0,0,0,0,0,0,0,0,0,0,0
572,0.020,0.022,16.964,17.005,17.088,0,0,0,0,0,0,0,0,0,0,0
573,0.019,0.018,16.977,17.015,17.090,0,0,0,0,0,0,0,0,0,0,0
574,0.037,0.032,16.717,16.786,17.117,0,0,0,0,0,0,0,0,0,0,0
575,0.037,0.028,16.506,16.571,16.885,0,0,0,0,0,0,0,0,0,0,0
576,0.029,0.033,16.943,17.005,16.659,0,0,0,0,0,0,0,0,0,0,0
577,0.023,0.022,16.963,17.007,17.095,0,0,0,0,0,0,0,0,0,0,0
578,0.019,0.025,16.965,17.009,17.092,0,0,0,0,0,0,0,0,0,0,0
579,0.018,0.016,16.517,16.551,17.096,0,0,0,0,0,0,0,0,0,0,0
580,0.029,0.022,16.962,17.014,16.670,0,0,0,0,0,0,0,0,0,0,0
581,0.049,0.025,16.850,16.925,17.111,0,0,0,0,0,0,0,0,0,0,0
582,0.033,0.024,16.947,17.004,17.024,0,0,0,0,0,0,0,0,0,0,0
583,0.022,0.022,16.967,17.010,17.095,0,0,0,0,0,0,0,0,0,0,0
584,0.020,0.019,16.970,17.009,17.099,0,0,0,0,0,0,0,0,0,0,0
585,0.019,0.019,16.968,17.005,17.098,0,0,0,0,0,0,0,0,0,0,0
586,0.018,0.015,16.972,17.005,17.098,0,0,0,0,0,0,0,0,0,0,0
587,0.018,0.022,16.460,16.500,17.093,0,0,0,0,0,0,0,0,0,0,0
588,0.022,0.023,16.530,16.575,16.591,0,0,0,0,0,0,0,0,0,0,0
589,0.017,0.025,16.532,16.574,16.660,0,0,0,0,0,0,0,0,0,0,0
590,0.019,0.021,16.535,16.575,16.666,0,0,0,0,0,0,0,0,0,0,0
591,0.017,0.021,16.966,17.005,16.659,0,0,0,0,0,0,0,0,0,0,0
592,0.029,0.017,16.966,17.012,17.100,0,0,0,0,0,0,0,0,0,0,0
593,0.024,0.022,16.964,17.009,17.099,0,0,0,0,0,0,0,0,0,0,0
594,0.021,0.050,16.943,17.014,17.094,0,0,0,0,0,0,0,0,0,0,0
595,0.026,0.021,16.724,16.772,17.101,0,0,0,0,0,0,0,0,0,0,0
596,0.030,0.052,16.923,17.005,16.870,0,0,0,0,0,0,0,0,0,0,0
597,0.019,0.017,16.274,16.310,17.093,0,0,0,0,0,0,0,0,0,0,0
598,0.021,0.043,16.944,17.008,16.410,0,0,0,0,0,0,0,0,0,0,0
599,0.019,0.015,16.972,17.006,17.094,0,0,0,0,0,0,0,0,0,0,0
600,0.018,0.020,16.971,17.010,17.098,0,0,0,0,0,0,0,0,0,0,0
601,0.024,0.019,16.968,17.010,17.101,0,0,0,0,0,0,0,0,0,0,0
602,0.020,0.018,16.888,16.925,17.096,0,0,0,0,0,0,0,0,0,0,0
603,0.021,0.020,16.963,17.004,17.013,0,0,0,0,0,0,0,0,0,0,0
604,0.018,0.015,16.977,17.010,17.091,0,0,0,0,0,0,0,0,0,0,0
605,0.019,0.019,16.972,17.010,17.097,0,0,0,0,0,0,0,0,0,0,0
606,0.017,0.018,16.971,17.006,17.097,0,0,0,0,0,0,0,0,0,0,0
607,0.018,0.019,16.915,16.951,17.087,0,0,0,0,0,0,0,0,0,0,0
608,0.021,0.026,16.521,16.567,17.048,0,0,0,0,0,0,0,0,0,0,0
609,0.019,0.017,16.541,16.577,16.657,0,0,0,0,0,0,0,0,0,0,0
610,0.020,0.018,16.532,16.570,16.672,0,0,0,0,0,0,0,0,0,0,0
611,0.021,0.027,16.153,16.202,16.658,0,0,0,0,0,0,0,0,0,0,0
612,0.019,0.017,16.843,16.879,16.292,0,0,0,0,0,0,0,0,0,0,0
613,0.023,0.022,16.604,16.649,16.969,0,0,0,0,0,0,0,0,0,0,0
614,0.025,0.025,16.960,17.009,16.743,0,0,0,0,0,0,0,0,0,0,0
615,0.037,0.032,16.068,16.137,17.099,0,0,0,0,0,0,0,0,0,0,0
616,0.022,0.020,16.524,16.567,16.235,0,0,0,0,0,0,0,0,0,0,0
617,0.021,0.017,16.683,16.721,16.708,0,0,0,0,0,0,0,0,0,0,0
618,0.018,0.016,16.157,16.191,16.809,0,0,0,0,0,0,0,0,0,0,0
619,0.017,0.026,16.964,17.007,16.284,0,0,0,0,0,0,0,0,0,0,0
620,0.017,0.021,16.297,16.336,17.098,0,0,0,0,0,0,0,0,0,0,0
621,0.020,0.021,16.967,17.009,16.436,0,0,0,0,0,0,0,0,0,0,0
622,0.026,0.023,16.963,17.013,17.115,0,0,0,0,0,0,0,0,0,0,0
623,0.031,0.022,16.953,17.006,17.106,0,0,0,0,0,0,0,0,0,0,0
624,0.020,0.018,16.975,17.013,17.090,0,0,0,0,0,0,0,0,0,0,0
625,0.021,0.023,16.839,16.883,17.122,0,0,0,0,0,0,0,0,0,0,0
626,0.020,0.017,16.970,17.007,16.982,0,0,0,0,0,0,0,0,0,0,0
627,0.019,0.025,16.960,17.004,17.096,0,0,0,0,0,0,0,0,0,0,0
628,0.019,0.019,16.967,17.005,17.093,0,0,0,0,0,0,0,0,0,0,0
629,0.018,0.015,16.972,17.005,17.093,0,0,0,0,0,0,0,0,0,0,0
630,0.018,0.019,16.908,16.944,17.093,0,0,0,0,0,0,0,0,0,0,0
631,0.051,0.041,16.919,17.012,17.044,0,0,0,0,0,0,0,0,0,0,0
632,0.044,0.029,16.933,17.007,17.109,0,0,0,0,0,0,0,0,0,0,0
633,0.027,0.025,16.960,17.012,17.096,0,0,0,0,0,0,0,0,0,0,0
634,0.040,0.031,16.935,17.006,17.110,0,0,0,0,0,0,0,0,0,0,0
635,0.038,0.026,16.941,17.005,17.098,0,0,0,0,0,0,0,0,0,0,0
636,0.055,0.043,16.352,16.450,17.109,0,0,0,0,0,0,0,0,0,0,0
637,0.044,0.053,16.913,17.010,16.543,0,0,0,0,0,0,0,0,0,0,0
638,0.034,0.031,16.942,17.007,17.108,0,0,0,0,0,0,0,0,0,0,0
639,0.046,0.033,16.925,17.005,17.107,0,0,0,0,0,0,0,0,0,0,0
640,0.044,0.041,16.923,17.009,17.109,0,0,0,0,0,0,0,0,0,0,0
641,0.033,0.025,16.955,17.014,17.110,0,0,0,0,0,0,0,0,0,0,0
642,0.051,0.029,16.926,17.005,17.128,0,0,0,0,0,0,0,0,0,0,0
643,0.024,0.026,16.957,17.007,17.102,0,0,0,0,0,0,0,0,0,0,0
644,0.053,0.037,16.917,17.008,17.110,0,0,0,0,0,0,0,0,0,0,0
645,0.059,0.053,16.899,17.011,17.110,0,0,0,0,0,0,0,0,0,0,0
646,0.060,0.043,16.906,17.009,17.117,0,0,0,0,0,0,0,0,0,0,0
647,0.040,0.032,16.934,17.006,17.109,0,0,0,0,0,0,0,0,0,0,0
648,0.027,0.035,16.947,17.009,17.097,0,0,0,0,0,0,0,0,0,0,0
649,0.045,0.085,15.978,16.109,17.113,0,0,0,0,0,0,0,0,0,0,0
650,0.037,0.030,16.938,17.005,16.211,0,0,0,0,0,0,0,0,0,0,0
651,0.028,0.025,16.957,17.010,17.103,0,0,0,0,0,0,0,0,0,0,0
652,0.048,0.034,16.928,17.010,17.113,0,0,0,0,0,0,0,0,0,0,0
653,0.052,0.045,16.440,16.537,17.192,0,0,0,0,0,0,0,0,0,0,0
654,0.050,0.035,16.425,16.509,16.697,0,0,0,0,0,0,0,0,0,0,0
655,0.047,0.039,16.924,17.011,16.676,0,0,0,0,0,0,0,0,0,0,0
656,0.048,0.036,16.922,17.006,17.173,0,0,0,0,0,0,0,0,0,0,0
657,0.041,0.037,16.933,17.011,17.159,0,0,0,0,0,0,0,0,0,0,0
658,0.041,0.032,16.932,17.005,17.175,0,0,0,0,0,0,0,0,0,0,0
659,0.040,0.033,16.936,17.010,17.159,0,0,0,0,0,0,0,0,0,0,0
660,0.043,0.043,16.924,17.010,17.172,0,0,0,0,0,0,0,0,0,0,0
661,0.044,0.032,16.930,17.006,17.175,0,0,0,0,0,0,0,0,0,0,0
662,0.042,0.039,16.925,17.007,17.155,0,0,0,0,0,0,0,0,0,0,0
663,0.038,0.030,16.937,17.005,17.168,0,0,0,0,0,0,0,0,0,0,0
664,0.036,0.030,16.951,17.017,17.140,0,0,0,0,0,0,0,0,0,0,0
665,0.045,0.033,16.932,17.010,17.151,0,0,0,0,0,0,0,0,0,0,0
666,0.032,0.027,16.948,17.008,17.141,0,0,0,0,0,0,0,0,0,0,0
667,0.029,0.029,16.952,17.010,17.130,0,0,0,0,0,0,0,0,0,0,0
668,0.039,0.033,16.939,17.011,17.137,0,0,0,0,0,0,0,0,0,0,0
669,0.050,0.038,16.924,17.012,17.154,0,0,0,0,0,0,0,0,0,0,0
670,0.042,0.044,16.920,17.005,17.146,0,0,0,0,0,0,0,0,0,0,0
671,0.031,0.030,16.944,17.005,17.142,0,0,0,0,0,0,0,0,0,0,0
672,0.065,0.066,16.882,17.013,17.155,0,0,0,0,0,0,0,0,0,0,0
673,0.063,0.043,16.906,17.011,17.156,0,0,0,0,0,0,0,0,0,0,0
674,0.043,0.035,16.928,17.006,17.140,0,0,0,0,0,0,0,0,0,0,0
675,0.032,0.028,16.951,17.012,17.136,0,0,0,0,0,0,0,0,0,0,0
676,0.050,0.037,16.922,17.009,17.150,0,0,0,0,0,0,0,0,0,0,0
677,0.039,0.025,16.941,17.005,17.141,0,0,0,0,0,0,0,0,0,0,0
678,0.026,0.023,16.957,17.006,17.131,0,0,0,0,0,0,0,0,0,0,0
679,0.024,0.037,16.948,17.008,17.132,0,0,0,0,0,0,0,0,0,0,0
680,0.022,0.020,16.866,16.907,17.126,0,0,0,0,0,0,0,0,0,0,0
681,0.039,0.031,16.943,17.014,17.038,0,0,0,0,0,0,0,0,0,0,0
682,0.036,0.028,16.942,17.006,17.151,0,0,0,0,0,0,0,0,0,0,0
683,0.026,0.056,16.928,17.010,17.126,0,0,0,0,0,0,0,0,0,0,0
684,0.035,0.025,16.950,17.010,17.146,0,0,0,0,0,0,0,0,0,0,0
685,0.023,0.019,16.972,17.014,17.148,0,0,0,0,0,0,0,0,0,0,0
686,0.026,0.019,16.189,16.234,17.141,0,0,0,0,0,0,0,0,0,0,0
687,0.022,0.018,16.971,17.012,16.355,0,0,0,0,0,0,0,0,0,0,0
688,0.028,0.027,16.954,17.010,17.141,0,0,0,0,0,0,0,0,0,0,0
689,0.024,0.021,16.960,17.005,17.145,0,0,0,0,0,0,0,0,0,0,0
690,0.020,0.016,16.974,17.010,17.123,0,0,0,0,0,0,0,0,0,0,0
691,0.033,0.029,16.947,17.009,17.134,0,0,0,0,0,0,0,0,0,0,0
692,0.030,0.033,16.215,16.278,17.138,0,0,0,0,0,0,0,0,0,0,0
693,0.026,0.022,16.957,17.005,16.415,0,0,0,0,0,0,0,0,0,0,0
694,0.021,0.025,16.966,17.012,17.128,0,0,0,0,0,0,0,0,0,0,0
695,0.025,0.022,16.962,17.009,17.101,0,0,0,0,0,0,0,0,0,0,0
696,0.020,0.049,16.945,17.015,17.091,0,0,0,0,0,0,0,0,0,0,0
697,0.023,0.018,16.962,17.004,17.104,0,0,0,0,0,0,0,0,0,0,0
698,0.020,0.019,16.969,17.008,17.087,0,0,0,0,0,0,0,0,0,0,0
699,0.027,0.022,16.961,17.010,17.100,0,0,0,0,0,0,0,0,0,0,0
700,0.036,0.027,16.950,17.012,17.108,0,0,0,0,0,0,0,0,0,0,0
701,0.029,0.024,16.958,17.010,17.105,0,0,0,0,0,0,0,0,0,0,0
702,0.022,0.023,16.965,17.010,17.095,0,0,0,0,0,0,0,0,0,0,0
703,0.031,0.029,16.274,16.334,17.103,0,0,0,0,0,0,0,0,0,0,0
704,0.026,0.027,16.956,17.009,16.427,0,0,0,0,0,0,0,0,0,0,0
705,0.023,0.018,16.972,17.013,17.099,0,0,0,0,0,0,0,0,0,0,0
706,0.025,0.019,16.965,17.010,17.100,0,0,0,0,0,0,0,0,0,0,0
707,0.022,0.018,16.974,17.014,17.095,0,0,0,0,0,0,0,0,0,0,0
708,0.035,0.031,16.843,16.909,17.116,0,0,0,0,0,0,0,0,0,0,0
709,0.027,0.024,16.959,17.009,17.001,0,0,0,0,0,0,0,0,0,0,0
710,0.037,0.028,16.944,17.009,17.111,0,0,0,0,0,0,0,0,0,0,0
711,0.040,0.029,16.945,17.014,17.106,0,0,0,0,0,0,0,0,0,0,0
712,0.034,0.037,16.939,17.010,17.117,0,0,0,0,0,0,0,0,0,0,0
713,0.028,0.024,16.955,17.007,17.105,0,0,0,0,0,0,0,0,0,0,0
714,0.021,0.019,16.969,17.009,17.097,0,0,0,0,0,0,0,0,0,0,0
715,0.018,0.026,16.969,17.013,17.099,0,0,0,0,0,0,0,0,0,0,0
716,0.089,0.060,16.861,17.011,17.138,0,0,0,0,0,0,0,0,0,0,0
717,0.047,0.037,16.929,17.014,17.114,0,0,0,0,0,0,0,0,0,0,0
718,0.044,0.029,16.934,17.007,17.118,0,0,0,0,0,0,0,0,0,0,0
719,0.043,0.020,16.943,17.005,17.098,0,0,0,0,0,0,0,0,0,0,0
720,0.023,0.021,16.965,17.008,17.095,0,0,0,0,0,0,0,0,0,0,0
721,0.024,0.049,16.935,17.008,17.097,0,0,0,0,0,0,0,0,0,0,0
722,0.030,0.026,16.948,17.004,17.104,0,0,0,0,0,0,0,0,0,0,0
723,0.034,0.027,16.946,17.008,17.154,0,0,0,0,0,0,0,0,0,0,0
724,0.061,0.049,16.897,17.006,17.114,0,0,0,0,0,0,0,0,0,0,0
725,0.042,0.030,16.938,17.010,17.103,0,0,0,0,0,0,0,0,0,0,0
726,0.033,0.028,16.947,17.008,17.101,0,0,0,0,0,0,0,0,0,0,0
727,0.031,0.058,16.919,17.008,17.099,0,0,0,0,0,0,0,0,0,0,0
728,0.036,0.026,16.943,17.005,17.108,0,0,0,0,0,0,0,0,0,0,0
729,0.021,0.017,16.973,17.010,17.091,0,0,0,0,0,0,0,0,0,0,0
730,0.026,0.033,16.961,17.020,17.119,0,0,0,0,0,0,0,0,0,0,0
731,0.023,0.027,16.966,17.015,17.181,0,0,0,0,0,0,0,0,0,0,0
732,0.025,0.020,16.607,16.653,17.193,0,0,0,0,0,0,0,0,0,0,0
733,0.026,0.022,16.969,17.017,16.825,0,0,0,0,0,0,0,0,0,0,0
734,0.026,0.022,16.973,17.021,17.172,0,0,0,0,0,0,0,0,0,0,0
735,0.030,0.027,16.964,17.021,17.202,0,0,0,0,0,0,0,0,0,0,0
736,0.034,0.038,16.946,17.018,17.211,0,0,0,0,0,0,0,0,0,0,0
737,0.040,0.031,16.939,17.010,17.243,0,0,0,0,0,0,0,0,0,0,0
738,0.051,0.044,16.916,17.011,17.227,0,0,0,0,0,0,0,0,0,0,0
739,0.070,0.065,16.890,17.026,17.179,0,0,0,0,0,0,0,0,0,0,0
740,0.322,0.187,16.517,17.026,17.617,0,0,0,0,0,0,0,0,0,0,0
741,0.096,0.066,16.860,17.021,17.290,0,0,0,0,0,0,0,0,0,0,0
742,0.155,0.099,16.762,17.016,17.224,0,0,0,0,0,0,0,0,0,0,0
743,0.084,0.050,16.876,17.011,17.151,0,0,0,0,0,0,0,0,0,0,0
744,0.060,0.038,16.910,17.009,17.130,0,0,0,0,0,0,0,0,0,0,0
745,0.067,0.043,16.901,17.011,17.119,0,0,0,0,0,0,0,0,0,0,0
746,0.068,0.043,16.911,17.022,17.118,0,0,0,0,0,0,0,0,0,0,0
747,0.117,0.083,16.813,17.013,17.163,0,0,0,0,0,0,0,0,0,0,0
748,0.050,0.035,16.924,17.009,17.120,0,0,0,0,0,0,0,0,0,0,0
749,0.051,0.036,16.925,17.012,17.120,0,0,0,0,0,0,0,0,0,0,0
750,0.064,0.041,16.899,17.005,17.127,0,0,0,0,0,0,0,0,0,0,0
751,0.042,0.032,16.934,17.007,17.095,0,0,0,0,0,0,0,0,0,0,0
752,0.046,0.031,16.933,17.009,17.107,0,0,0,0,0,0,0,0,0,0,0
753,0.044,0.034,16.931,17.010,17.114,0,0,0,0,0,0,0,0,0,0,0
754,0.063,0.033,16.916,17.013,17.124,0,0,0,0,0,0,0,0,0,0,0
755,0.075,0.042,16.896,17.013,17.105,0,0,0,0,0,0,0,0,0,0,0
756,0.055,0.049,16.555,16.659,17.109,0,0,0,0,0,0,0,0,0,0,0
757,0.085,0.064,16.861,17.010,16.829,0,0,0,0,0,0,0,0,0,0,0
758,0.059,0.048,16.899,17.006,17.145,0,0,0,0,0,0,0,0,0,0,0
759,0.040,0.036,16.942,17.019,17.113,0,0,0,0,0,0,0,0,0,0,0
760,0.066,0.047,16.985,17.098,17.151,0,0,0,0,0,0,0,0,0,0,0
761,0.049,0.034,15.957,16.040,17.244,0,0,0,0,0,0,0,0,0,0,0
762,0.058,0.036,16.911,17.006,16.145,0,0,0,0,0,0,0,0,0,0,0
763,0.038,0.032,16.935,17.005,17.126,0,0,0,0,0,0,0,0,0,0,0
764,0.045,0.035,16.981,17.061,17.109,0,0,0,0,0,0,0,0,0,0,0
765,0.073,0.081,16.017,16.171,17.172,0,0,0,0,0,0,0,0,0,0,0
766,0.097,0.051,15.984,16.132,16.370,0,0,0,0,0,0,0,0,0,0,0
767,0.074,0.047,16.891,17.012,16.504,0,0,0,0,0,0,0,0,0,0,0
768,0.064,0.077,16.009,16.150,17.115,0,0,0,0,0,0,0,0,0,0,0
769,0.076,0.041,16.890,17.007,16.554,0,0,0,0,0,0,0,0,0,0,0
770,0.065,0.039,16.907,17.011,17.125,0,0,0,0,0,0,0,0,0,0,0
771,0.076,0.039,16.891,17.007,17.129,0,0,0,0,0,0,0,0,0,0,0
772,0.062,0.036,16.913,17.011,17.117,0,0,0,0,0,0,0,0,0,0,0
773,0.060,0.039,15.924,16.023,17.112,0,0,0,0,0,0,0,0,0,0,0
774,0.089,0.043,16.965,17.097,16.313,0,0,0,0,0,0,0,0,0,0,0
775,0.071,0.050,16.099,16.220,17.200,0,0,0,0,0,0,0,0,0,0,0
776,0.074,0.046,16.889,17.009,16.515,0,0,0,0,0,0,0,0,0,0,0
777,0.055,0.040,16.099,16.194,17.105,0,0,0,0,0,0,0,0,0,0,0
778,0.097,0.054,16.053,16.205,16.549,0,0,0,0,0,0,0,0,0,0,0
779,0.083,0.064,15.955,16.102,16.540,0,0,0,0,0,0,0,0,0,0,0
780,0.079,0.056,16.020,16.154,16.441,0,0,0,0,0,0,0,0,0,0,0
781,0.102,0.094,16.818,17.014,16.496,0,0,0,0,0,0,0,0,0,0,0
782,0.092,0.049,16.870,17.011,17.126,0,0,0,0,0,0,0,0,0,0,0
783,0.059,0.039,16.914,17.012,17.109,0,0,0,0,0,0,0,0,0,0,0
784,0.043,0.026,16.942,17.011,17.109,0,0,0,0,0,0,0,0,0,0,0
785,0.025,0.024,16.570,16.619,17.105,0,0,0,0,0,0,0,0,0,0,0
786,0.034,0.022,16.522,16.578,16.708,0,0,0,0,0,0,0,0,0,0,0
787,0.024,0.023,16.525,16.573,16.667,0,0,0,0,0,0,0,0,0,0,0
788,0.019,0.017,16.545,16.581,16.662,0,0,0,0,0,0,0,0,0,0,0
789,0.022,0.017,16.539,16.578,16.668,0,0,0,0,0,0,0,0,0,0,0
790,0.021,0.022,16.535,16.578,16.664,0,0,0,0,0,0,0,0,0,0,0
791,0.028,0.021,16.524,16.573,16.674,0,0,0,0,0,0,0,0,0,0,0
792,0.068,0.047,16.893,17.009,17.031,0,0,0,0,0,0,0,0,0,0,0
793,0.094,0.061,15.858,16.014,17.118,0,0,0,0,0,0,0,0,0,0,0
794,0.060,0.046,16.903,17.010,16.121,0,0,0,0,0,0,0,0,0,0,0
795,0.039,0.029,16.944,17.012,17.102,0,0,0,0,0,0,0,0,0,0,0
796,0.024,0.020,16.962,17.006,17.141,0,0,0,0,0,0,0,0,0,0,0
797,0.027,0.023,16.958,17.009,17.117,0,0,0,0,0,0,0,0,0,0,0
798,0.030,0.024,16.958,17.011,17.124,0,0,0,0,0,0,0,0,0,0,0
799,0.032,0.035,16.948,17.015,17.150,0,0,0,0,0,0,0,0,0,0,0
800,0.027,0.044,16.941,17.012,17.160,0,0,0,0,0,0,0,0,0,0,0
801,0.070,0.046,16.907,17.023,17.189,0,0,0,0,0,0,0,0,0,0,0
802,0.061,0.037,16.918,17.016,17.156,0,0,0,0,0,0,0,0,0,0,0
803,0.046,0.029,16.934,17.008,17.136,0,0,0,0,0,0,0,0,0,0,0
804,0.035,0.026,16.950,17.010,17.135,0,0,0,0,0,0,0,0,0,0,0
805,0.034,0.036,16.946,17.015,17.151,0,0,0,0,0,0,0,0,0,0,0
806,0.053,0.058,16.905,17.015,17.177,0,0,0,0,0,0,0,0,0,0,0
807,0.033,0.028,16.955,17.015,17.170,0,0,0,0,0,0,0,0,0,0,0
808,0.054,0.040,16.916,17.011,17.218,0,0,0,0,0,0,0,0,0,0,0
809,0.049,0.038,16.924,17.011,17.235,0,0,0,0,0,0,0,0,0,0,0
810,0.046,0.037,16.929,17.012,17.205,0,0,0,0,0,0,0,0,0,0,0
811,0.057,0.068,16.935,17.061,17.246,0,0,0,0,0,0,0,0,0,0,0
812,0.380,0.324,16.337,17.040,17.685,0,0,0,0,0,0,0,0,0,0,0
813,0.302,0.197,16.535,17.033,17.446,0,0,0,0,0,0,0,0,0,0,0
814,0.451,0.347,16.234,17.032,17.764,0,0,0,0,0,0,0,0,0,0,0
815,0.165,0.121,16.410,16.696,17.317,0,0,0,0,0,0,0,0,0,0,0
816,0.299,0.204,15.741,16.244,17.217,0,0,0,0,0,0,0,0,0,0,0
817,0.308,0.204,16.511,17.023,16.936,0,0,0,0,0,0,0,0,0,0,0
818,0.209,0.166,16.648,17.023,17.627,0,0,0,0,0,0,0,0,0,0,0
819,0.216,0.219,16.600,17.035,17.463,0,0,0,0,0,0,0,0,0,0,0
820,0.269,0.152,16.610,17.031,17.430,0,0,0,0,0,0,0,0,0,0,0
821,0.181,0.144,16.693,17.018,17.694,0,0,0,0,0,0,0,0,0,0,0
822,0.239,0.247,16.541,17.027,17.474,0,0,0,0,0,0,0,0,0,0,0
823,0.301,0.250,16.473,17.023,17.524,0,0,0,0,0,0,0,0,0,0,0
824,0.246,0.196,16.586,17.027,17.456,0,0,0,0,0,0,0,0,0,0,0
825,0.393,0.239,16.026,16.658,17.434,0,0,0,0,0,0,0,0,0,0,0
826,0.223,0.207,16.603,17.032,17.110,0,0,0,0,0,0,0,0,0,0,0
827,0.294,0.235,15.699,16.228,17.540,0,0,0,0,0,0,0,0,0,0,0
828,0.361,0.179,15.918,16.458,16.734,0,0,0,0,0,0,0,0,0,0,0
829,0.341,0.275,16.427,17.044,17.142,0,0,0,0,0,0,0,0,0,0,0
830,0.326,0.161,16.536,17.023,17.435,0,0,0,0,0,0,0,0,0,0,0
831,0.201,0.171,16.670,17.042,17.636,0,0,0,0,0,0,0,0,0,0,0
832,0.208,0.153,15.911,16.272,17.316,0,0,0,0,0,0,0,0,0,0,0
833,0.434,0.311,16.291,17.036,16.949,0,0,0,0,0,0,0,0,0,0,0
834,0.251,0.212,16.565,17.028,17.622,0,0,0,0,0,0,0,0,0,0,0
835,0.219,0.234,16.580,17.033,17.612,0,0,0,0,0,0,0,0,0,0,0
836,0.509,0.293,16.230,17.032,17.509,0,0,0,0,0,0,0,0,0,0,0
837,0.263,0.197,16.561,17.021,17.622,0,0,0,0,0,0,0,0,0,0,0
838,0.190,0.166,15.908,16.265,17.375,0,0,0,0,0,0,0,0,0,0,0
839,0.263,0.213,16.559,17.036,16.696,0,0,0,0,0,0,0,0,0,0,0
840,0.508,0.300,16.225,17.033,17.466,0,0,0,0,0,0,0,0,0,0,0
841,0.369,0.214,16.452,17.035,17.472,0,0,0,0,0,0,0,0,0,0,0
842,0.585,0.361,16.095,17.040,17.786,0,0,0,0,0,0,0,0,0,0,0
843,0.316,0.296,16.429,17.040,17.496,0,0,0,0,0,0,0,0,0,0,0
844,0.260,0.135,16.620,17.015,17.291,0,0,0,0,0,0,0,0,0,0,0
845,0.109,0.064,16.837,17.010,17.259,0,0,0,0,0,0,0,0,0,0,0
846,0.067,0.050,16.901,17.018,17.134,0,0,0,0,0,0,0,0,0,0,0
847,0.049,0.050,16.925,17.025,17.173,0,0,0,0,0,0,0,0,0,0,0
848,0.107,0.049,16.504,16.661,17.216,0,0,0,0,0,0,0,0,0,0,0
849,0.066,0.046,16.902,17.014,16.838,0,0,0,0,0,0,0,0,0,0,0
850,0.047,0.047,16.922,17.016,17.216,0,0,0,0,0,0,0,0,0,0,0
851,0.052,0.050,16.913,17.015,17.235,0,0,0,0,0,0,0,0,0,0,0
852,0.058,0.055,16.899,17.012,17.224,0,0,0,0,0,0,0,0,0,0,0
853,0.055,0.050,16.923,17.029,17.255,0,0,0,0,0,0,0,0,0,0,0
854,0.277,0.312,16.453,17.042,17.505,0,0,0,0,0,0,0,0,0,0,0
855,0.271,0.171,16.586,17.028,17.470,0,0,0,0,0,0,0,0,0,0,0
856,0.113,0.069,16.858,17.040,17.255,0,0,0,0,0,0,0,0,0,0,0
857,0.479,0.353,16.195,17.027,17.466,0,0,0,0,0,0,0,0,0,0,0
858,0.199,0.229,16.600,17.029,17.331,0,0,0,0,0,0,0,0,0,0,0
859,0.450,0.325,16.262,17.037,17.500,0,0,0,0,0,0,0,0,0,0,0
860,0.476,0.294,16.257,17.028,17.833,0,0,0,0,0,0,0,0,0,0,0
861,0.294,0.186,16.554,17.034,17.443,0,0,0,0,0,0,0,0,0,0,0
862,0.188,0.147,16.689,17.024,17.640,0,0,0,0,0,0,0,0,0,0,0
863,0.173,0.102,16.737,17.012,17.375,0,0,0,0,0,0,0,0,0,0,0
864,0.180,0.182,16.654,17.016,17.311,0,0,0,0,0,0,0,0,0,0,0
865,0.206,0.150,16.285,16.641,17.364,0,0,0,0,0,0,0,0,0,0,0
866,0.297,0.324,16.405,17.027,16.952,0,0,0,0,0,0,0,0,0,0,0
867,0.412,0.250,16.374,17.036,17.440,0,0,0,0,0,0,0,0,0,0,0
868,0.451,0.285,15.605,16.342,17.325,0,0,0,0,0,0,0,0,0,0,0
869,0.247,0.224,16.561,17.032,16.648,0,0,0,0,0,0,0,0,0,0,0
870,0.358,0.353,16.329,17.041,17.746,0,0,0,0,0,0,0,0,0,0,0
871,0.502,0.315,16.215,17.031,17.473,0,0,0,0,0,0,0,0,0,0,0
872,0.356,0.238,16.449,17.043,17.441,0,0,0,0,0,0,0,0,0,0,0
873,0.400,0.357,16.270,17.027,17.891,0,0,0,0,0,0,0,0,0,0,0
874,0.275,0.167,16.589,17.030,17.520,0,0,0,0,0,0,0,0,0,0,0
875,0.444,0.314,16.272,17.030,17.427,0,0,0,0,0,0,0,0,0,0,0
876,0.250,0.185,16.193,16.628,17.437,0,0,0,0,0,0,0,0,0,0,0
877,0.205,0.184,16.647,17.036,16.984,0,0,0,0,0,0,0,0,0,0,0
878,0.630,0.395,15.999,17.024,17.868,0,0,0,0,0,0,0,0,0,0,0
879,0.208,0.165,16.663,17.036,17.378,0,0,0,0,0,0,0,0,0,0,0
880,0.271,0.252,16.505,17.028,17.497,0,0,0,0,0,0,0,0,0,0,0
881,0.249,0.188,16.601,17.039,17.461,0,0,0,0,0,0,0,0,0,0,0
882,0.282,0.189,16.578,17.049,17.382,0,0,0,0,0,0,0,0,0,0,0
883,0.300,0.243,16.481,17.024,17.508,0,0,0,0,0,0,0,0,0,0,0
884,0.269,0.192,16.569,17.030,17.749,0,0,0,0,0,0,0,0,0,0,0
885,0.337,0.211,16.474,17.023,17.490,0,0,0,0,0,0,0,0,0,0,0
886,0.418,0.298,16.318,17.034,17.351,0,0,0,0,0,0,0,0,0,0,0
887,0.331,0.220,16.470,17.021,17.507,0,0,0,0,0,0,0,0,0,0,0
888,0.220,0.195,16.609,17.024,17.380,0,0,0,0,0,0,0,0,0,0,0
889,0.206,0.176,16.652,17.033,17.448,0,0,0,0,0,0,0,0,0,0,0
890,0.535,0.468,16.021,17.024,17.789,0,0,0,0,0,0,0,0,0,0,0
891,0.246,0.214,16.568,17.027,17.428,0,0,0,0,0,0,0,0,0,0,0
892,0.357,0.282,16.388,17.027,18.004,0,0,0,0,0,0,0,0,0,0,0
893,0.194,0.179,16.669,17.042,17.427,0,0,0,0,0,0,0,0,0,0,0
894,0.305,0.286,16.012,16.603,17.919,0,0,0,0,0,0,0,0,0,0,0
895,0.269,0.231,15.589,16.088,17.044,0,0,0,0,0,0,0,0,0,0,0
896,0.234,0.277,16.507,17.018,16.592,0,0,0,0,0,0,0,0,0,0,0
897,0.267,0.180,16.575,17.021,17.529,0,0,0,0,0,0,0,0,0,0,0
898,0.255,0.169,16.607,17.031,17.480,0,0,0,0,0,0,0,0,0,0,0
899,0.236,0.146,16.644,17.026,17.397,0,0,0,0,0,0,0,0,0,0,0
900,0.305,0.197,15.582,16.083,17.795,0,0,0,0,0,0,0,0,0,0,0
901,0.240,0.169,16.627,17.035,16.735,0,0,0,0,0,0,0,0,0,0,0
902,0.320,0.257,16.444,17.020,17.633,0,0,0,0,0,0,0,0,0,0,0
903,0.145,0.115,16.760,17.019,17.313,0,0,0,0,0,0,0,0,0,0,0
904,0.268,0.181,16.588,17.038,17.414,0,0,0,0,0,0,0,0,0,0,0
905,0.450,0.233,16.344,17.027,17.476,0,0,0,0,0,0,0,0,0,0,0
906,0.199,0.220,16.608,17.026,17.643,0,0,0,0,0,0,0,0,0,0,0
907,0.254,0.264,16.251,16.769,17.716,0,0,0,0,0,0,0,0,0,0,0
908,0.192,0.229,16.620,17.040,17.170,0,0,0,0,0,0,0,0,0,0,0
909,0.592,0.389,16.048,17.029,17.793,0,0,0,0,0,0,0,0,0,0,0
910,0.222,0.226,16.580,17.027,17.381,0,0,0,0,0,0,0,0,0,0,0
911,0.235,0.207,16.578,17.019,17.445,0,0,0,0,0,0,0,0,0,0,0
912,0.289,0.221,16.307,16.816,17.455,0,0,0,0,0,0,0,0,0,0,0
913,0.516,0.359,16.154,17.029,17.361,0,0,0,0,0,0,0,0,0,0,0
914,0.270,0.187,16.565,17.022,17.432,0,0,0,0,0,0,0,0,0,0,0
915,0.194,0.178,16.654,17.026,17.363,0,0,0,0,0,0,0,0,0,0,0
916,0.246,0.157,16.635,17.039,17.459,0,0,0,0,0,0,0,0,0,0,0
917,0.474,0.275,16.276,17.025,17.449,0,0,0,0,0,0,0,0,0,0,0
918,0.274,0.252,16.544,17.070,17.516,0,0,0,0,0,0,0,0,0,0,0
919,0.480,0.323,16.233,17.036,17.854,0,0,0,0,0,0,0,0,0,0,0
920,0.255,0.192,16.589,17.037,17.317,0,0,0,0,0,0,0,0,0,0,0
921,0.449,0.347,16.237,17.033,17.746,0,0,0,0,0,0,0,0,0,0,0
922,0.247,0.252,16.533,17.032,17.637,0,0,0,0,0,0,0,0,0,0,0
923,0.241,0.205,16.586,17.032,17.682,0,0,0,0,0,0,0,0,0,0,0
924,0.455,0.233,16.335,17.023,17.485,0,0,0,0,0,0,0,0,0,0,0
925,0.266,0.249,16.526,17.040,17.399,0,0,0,0,0,0,0,0,0,0,0
926,0.285,0.220,16.525,17.030,17.715,0,0,0,0,0,0,0,0,0,0,0
927,0.200,0.175,16.659,17.034,17.649,0,0,0,0,0,0,0,0,0,0,0
928,0.338,0.269,16.421,17.028,17.714,0,0,0,0,0,0,0,0,0,0,0
929,0.184,0.153,16.683,17.021,17.609,0,0,0,0,0,0,0,0,0,0,0
930,0.242,0.219,16.567,17.029,17.342,0,0,0,0,0,0,0,0,0,0,0
931,0.130,0.122,16.769,17.021,17.442,0,0,0,0,0,0,0,0,0,0,0
932,0.252,0.157,16.615,17.024,17.331,0,0,0,0,0,0,0,0,0,0,0
933,0.261,0.210,16.547,17.017,17.747,0,0,0,0,0,0,0,0,0,0,0
934,0.179,0.119,16.722,17.020,17.298,0,0,0,0,0,0,0,0,0,0,0
935,0.292,0.341,16.395,17.028,17.405,0,0,0,0,0,0,0,0,0,0,0
936,0.208,0.151,16.658,17.017,17.353,0,0,0,0,0,0,0,0,0,0,0
937,0.226,0.103,16.718,17.047,17.391,0,0,0,0,0,0,0,0,0,0,0
938,0.351,0.230,16.449,17.030,17.745,0,0,0,0,0,0,0,0,0,0,0
939,0.156,0.267,16.609,17.031,17.429,0,0,0,0,0,0,0,0,0,0,0
940,0.385,0.254,16.392,17.030,17.770,0,0,0,0,0,0,0,0,0,0,0
941,0.126,0.113,16.299,16.537,17.449,0,0,0,0,0,0,0,0,0,0,0
942,0.274,0.240,16.275,16.789,16.936,0,0,0,0,0,0,0,0,0,0,0
943,0.450,0.243,16.334,17.028,17.542,0,0,0,0,0,0,0,0,0,0,0
944,0.178,0.120,16.732,17.031,17.367,0,0,0,0,0,0,0,0,0,0,0
945,0.403,0.209,16.421,17.034,17.537,0,0,0,0,0,0,0,0,0,0,0
946,0.178,0.133,16.725,17.037,17.500,0,0,0,0,0,0,0,0,0,0,0
947,0.435,0.225,16.366,17.026,17.890,0,0,0,0,0,0,0,0,0,0,0
948,0.220,0.174,16.654,17.047,17.381,0,0,0,0,0,0,0,0,0,0,0
949,0.192,0.118,16.736,17.046,17.468,0,0,0,0,0,0,0,0,0,0,0
950,0.298,0.261,16.474,17.033,17.793,0,0,0,0,0,0,0,0,0,0,0
951,0.277,0.194,16.569,17.041,17.656,0,0,0,0,0,0,0,0,0,0,0
952,0.300,0.202,16.528,17.030,17.643,0,0,0,0,0,0,0,0,0,0,0
953,0.144,0.152,16.726,17.022,17.635,0,0,0,0,0,0,0,0,0,0,0
954,0.153,0.155,16.713,17.021,17.608,0,0,0,0,0,0,0,0,0,0,0
955,0.125,0.098,16.792,17.015,17.350,0,0,0,0,0,0,0,0,0,0,0
956,0.136,0.098,16.783,17.017,17.321,0,0,0,0,0,0,0,0,0,0,0
957,0.148,0.109,16.603,16.860,17.293,0,0,0,0,0,0,0,0,0,0,0
958,0.203,0.137,16.689,17.029,17.219,0,0,0,0,0,0,0,0,0,0,0
959,0.141,0.073,16.800,17.014,17.237,0,0,0,0,0,0,0,0,0,0,0
960,0.111,0.063,16.839,17.012,17.177,0,0,0,0,0,0,0,0,0,0,0
961,0.085,0.050,16.879,17.014,17.141,0,0,0,0,0,0,0,0,0,0,0
962,0.108,0.060,16.839,17.006,17.136,0,0,0,0,0,0,0,0,0,0,0
963,0.083,0.044,16.887,17.014,17.112,0,0,0,0,0,0,0,0,0,0,0
964,0.049,0.032,16.338,16.419,17.153,0,0,0,0,0,0,0,0,0,0,0
965,0.046,0.034,16.930,17.010,16.566,0,0,0,0,0,0,0,0,0,0,0
966,0.053,0.044,16.916,17.013,17.148,0,0,0,0,0,0,0,0,0,0,0
967,0.059,0.036,16.923,17.018,17.169,0,0,0,0,0,0,0,0,0,0,0
968,0.037,0.029,16.950,17.016,17.185,0,0,0,0,0,0,0,0,0,0,0
969,0.032,0.026,16.953,17.011,17.174,0,0,0,0,0,0,0,0,0,0,0
970,0.044,0.041,16.924,17.009,17.228,0,0,0,0,0,0,0,0,0,0,0
971,0.069,0.073,16.872,17.014,17.206,0,0,0,0,0,0,0,0,0,0,0
972,0.048,0.037,16.938,17.023,17.238,0,0,0,0,0,0,0,0,0,0,0
973,0.035,0.031,16.945,17.011,17.197,0,0,0,0,0,0,0,0,0,0,0
974,0.081,0.044,16.899,17.024,17.154,0,0,0,0,0,0,0,0,0,0,0
975,0.037,0.116,16.866,17.020,17.186,0,0,0,0,0,0,0,0,0,0,0
976,0.031,0.030,16.962,17.024,17.186,0,0,0,0,0,0,0,0,0,0,0
977,0.031,0.030,16.953,17.014,17.212,0,0,0,0,0,0,0,0,0,0,0
978,0.054,0.137,16.822,17.013,17.201,0,0,0,0,0,0,0,0,0,0,0
979,0.058,0.040,16.916,17.015,17.224,0,0,0,0,0,0,0,0,0,0,0
980,0.042,0.043,16.927,17.013,17.205,0,0,0,0,0,0,0,0,0,0,0
981,0.073,0.045,16.925,17.042,17.227,0,0,0,0,0,0,0,0,0,0,0
982,0.333,0.365,16.342,17.041,17.507,0,0,0,0,0,0,0,0,0,0,0
983,0.262,0.200,16.573,17.035,17.837,0,0,0,0,0,0,0,0,0,0,0
984,0.179,0.185,16.660,17.023,17.604,0,0,0,0,0,0,0,0,0,0,0
985,0.170,0.158,16.337,16.665,17.611,0,0,0,0,0,0,0,0,0,0,0
986,0.191,0.169,16.668,17.028,17.257,0,0,0,0,0,0,0,0,0,0,0
987,0.178,0.315,16.113,16.606,17.430,0,0,0,0,0,0,0,0,0,0,0
988,0.292,0.197,16.564,17.053,17.232,0,0,0,0,0,0,0,0,0,0,0
989,0.571,0.321,16.155,17.046,17.755,0,0,0,0,0,0,0,0,0,0,0
990,0.194,0.207,16.643,17.045,17.652,0,0,0,0,0,0,0,0,0,0,0
991,0.192,0.155,16.670,17.018,17.636,0,0,0,0,0,0,0,0,0,0,0
992,0.165,0.145,16.715,17.024,17.331,0,0,0,0,0,0,0,0,0,0,0
993,0.226,0.165,16.639,17.029,17.386,0,0,0,0,0,0,0,0,0,0,0
994,0.315,0.201,16.527,17.043,17.795,0,0,0,0,0,0,0,0,0,0,0
995,0.441,0.305,16.283,17.029,17.859,0,0,0,0,0,0,0,0,0,0,0
996,0.196,0.159,16.672,17.027,17.325,0,0,0,0,0,0,0,0,0,0,0
997,0.384,0.274,15.433,16.090,17.784,0,0,0,0,0,0,0,0,0,0,0
998,0.160,0.134,16.725,17.019,16.440,0,0,0,0,0,0,0,0,0,0,0
999,0.210,0.196,16.622,17.029,17.375,0,0,0,0,0,0,0,0,0,0,0
1000,0.270,0.152,16.608,17.030,17.501,0,0,0,0,0,0,0,0,0,0,0
1001,0.220,0.105,16.698,17.023,17.396,0,0,0,0,0,0,0,0,0,0,0
1002,0.236,0.362,16.431,17.029,17.347,0,0,0,0,0,0,0,0,0,0,0
1003,0.212,0.225,16.587,17.024,17.632,0,0,0,0,0,0,0,0,0,0,0
1004,0.242,0.222,16.393,16.858,17.393,0,0,0,0,0,0,0,0,0,0,0
1005,0.536,0.368,15.841,16.744,17.787,0,0,0,0,0,0,0,0,0,0,0
1006,0.242,0.253,16.487,16.982,17.059,0,0,0,0,0,0,0,0,0,0,0
1007,0.374,0.229,16.416,17.019,17.449,0,0,0,0,0,0,0,0,0,0,0
1008,0.172,0.119,16.743,17.034,17.386,0,0,0,0,0,0,0,0,0,0,0
1009,0.476,0.328,15.609,16.413,17.980,0,0,0,0,0,0,0,0,0,0,0
1010,0.209,0.224,16.588,17.021,16.912,0,0,0,0,0,0,0,0,0,0,0
1011,0.289,0.230,16.512,17.031,17.637,0,0,0,0,0,0,0,0,0,0,0
1012,0.439,0.243,16.344,17.025,17.519,0,0,0,0,0,0,0,0,0,0,0
1013,0.336,0.233,16.460,17.029,17.427,0,0,0,0,0,0,0,0,0,0,0
1014,0.234,0.366,16.420,17.020,17.575,0,0,0,0,0,0,0,0,0,0,0
1015,0.141,0.161,16.654,16.956,17.340,0,0,0,0,0,0,0,0,0,0,0
1016,0.487,0.255,16.281,17.023,17.425,0,0,0,0,0,0,0,0,0,0,0
1017,0.201,0.179,16.641,17.021,17.428,0,0,0,0,0,0,0,0,0,0,0
1018,0.203,0.176,16.646,17.026,17.383,0,0,0,0,0,0,0,0,0,0,0
1019,0.299,0.158,16.575,17.032,17.423,0,0,0,0,0,0,0,0,0,0,0
1020,0.346,0.241,16.442,17.029,17.798,0,0,0,0,0,0,0,0,0,0,0
1021,0.189,0.215,16.622,17.026,17.639,0,0,0,0,0,0,0,0,0,0,0
1022,0.202,0.205,16.614,17.021,17.648,0,0,0,0,0,0,0,0,0,0,0
1023,0.270,0.268,16.506,17.043,17.581,0,0,0,0,0,0,0,0,0,0,0
1024,0.517,0.512,15.994,17.023,17.775,0,0,0,0,0,0,0,0,0,0,0
1025,0.198,0.129,16.690,17.017,17.347,0,0,0,0,0,0,0,0,0,0,0
1026,0.235,0.143,16.648,17.026,17.716,0,0,0,0,0,0,0,0,0,0,0
1027,0.235,0.150,16.651,17.037,17.827,0,0,0,0,0,0,0,0,0,0,0
1028,0.360,0.197,16.462,17.019,17.617,0,0,0,0,0,0,0,0,0,0,0
1029,0.109,0.078,16.839,17.026,17.275,0,0,0,0,0,0,0,0,0,0,0
1030,0.132,0.094,16.804,17.030,17.575,0,0,0,0,0,0,0,0,0,0,0
1031,0.159,0.093,16.776,17.028,17.330,0,0,0,0,0,0,0,0,0,0,0
1032,0.172,0.105,16.739,17.016,17.600,0,0,0,0,0,0,0,0,0,0,0
1033,0.143,0.189,16.628,16.960,17.384,0,0,0,0,0,0,0,0,0,0,0
1034,0.185,0.139,16.695,17.018,17.486,0,0,0,0,0,0,0,0,0,0,0
1035,0.209,0.196,16.629,17.034,17.377,0,0,0,0,0,0,0,0,0,0,0
1036,0.239,0.118,15.695,16.053,17.281,0,0,0,0,0,0,0,0,0,0,0
1037,0.074,0.111,16.824,17.008,16.255,0,0,0,0,0,0,0,0,0,0,0
1038,0.064,0.077,16.882,17.023,17.210,0,0,0,0,0,0,0,0,0,0,0
1039,0.319,0.236,16.465,17.020,17.526,0,0,0,0,0,0,0,0,0,0,0
1040,0.262,0.190,16.580,17.032,17.510,0,0,0,0,0,0,0,0,0,0,0
1041,0.388,0.271,16.369,17.028,17.762,0,0,0,0,0,0,0,0,0,0,0
1042,0.184,0.152,16.682,17.018,17.626,0,0,0,0,0,0,0,0,0,0,0
1043,0.202,0.161,16.660,17.022,17.403,0,0,0,0,0,0,0,0,0,0,0
1044,0.270,0.213,16.550,17.032,17.711,0,0,0,0,0,0,0,0,0,0,0
1045,0.214,0.133,16.676,17.022,17.520,0,0,0,0,0,0,0,0,0,0,0
1046,0.171,0.208,16.645,17.024,17.378,0,0,0,0,0,0,0,0,0,0,0
1047,0.342,0.266,16.249,16.858,17.746,0,0,0,0,0,0,0,0,0,0,0
1048,0.362,0.231,16.441,17.034,17.203,0,0,0,0,0,0,0,0,0,0,0
1049,0.157,0.095,16.769,17.021,17.274,0,0,0,0,0,0,0,0,0,0,0
1050,0.087,0.077,16.860,17.023,17.254,0,0,0,0,0,0,0,0,0,0,0
1051,0.054,0.039,16.920,17.013,17.228,0,0,0,0,0,0,0,0,0,0,0
1052,0.059,0.056,16.921,17.036,17.273,0,0,0,0,0,0,0,0,0,0,0
1053,0.332,0.281,16.413,17.026,17.556,0,0,0,0,0,0,0,0,0,0,0
1054,0.286,0.212,16.553,17.051,17.690,0,0,0,0,0,0,0,0,0,0,0
1055,0.317,0.225,15.583,16.125,17.747,0,0,0,0,0,0,0,0,0,0,0
1056,0.352,0.286,15.932,16.569,16.899,0,0,0,0,0,0,0,0,0,0,0
1057,0.231,0.186,16.609,17.027,17.451,0,0,0,0,0,0,0,0,0,0,0
1058,0.174,0.168,16.179,16.522,17.386,0,0,0,0,0,0,0,0,0,0,0
1059,0.310,0.360,16.167,16.837,17.185,0,0,0,0,0,0,0,0,0,0,0
1060,0.267,0.248,15.818,16.333,17.324,0,0,0,0,0,0,0,0,0,0,0
1061,0.194,0.169,16.659,17.022,16.766,0,0,0,0,0,0,0,0,0,0,0
1062,0.326,0.316,16.385,17.027,17.445,0,0,0,0,0,0,0,0,0,0,0
1063,0.171,0.136,16.716,17.023,17.339,0,0,0,0,0,0,0,0,0,0,0
1064,0.211,0.163,16.661,17.036,17.419,0,0,0,0,0,0,0,0,0,0,0
1065,0.309,0.209,16.508,17.026,17.755,0,0,0,0,0,0,0,0,0,0,0
1066,0.180,0.149,16.691,17.021,17.424,0,0,0,0,0,0,0,0,0,0,0
1067,0.459,0.274,16.300,17.034,17.488,0,0,0,0,0,0,0,0,0,0,0
1068,0.218,0.169,16.628,17.014,17.650,0,0,0,0,0,0,0,0,0,0,0
1069,0.126,0.079,16.809,17.014,17.282,0,0,0,0,0,0,0,0,0,0,0
1070,0.118,0.084,16.814,17.016,17.277,0,0,0,0,0,0,0,0,0,0,0
1071,0.218,0.159,16.641,17.018,17.331,0,0,0,0,0,0,0,0,0,0,0
1072,0.219,0.136,15.803,16.159,17.320,0,0,0,0,0,0,0,0,0,0,0
1073,0.142,0.115,16.761,17.018,16.471,0,0,0,0,0,0,0,0,0,0,0
1074,0.256,0.197,16.569,17.022,17.377,0,0,0,0,0,0,0,0,0,0,0
1075,0.216,0.182,15.874,16.271,17.338,0,0,0,0,0,0,0,0,0,0,0
1076,0.208,0.152,16.657,17.018,16.646,0,0,0,0,0,0,0,0,0,0,0
1077,0.219,0.165,16.632,17.017,17.438,0,0,0,0,0,0,0,0,0,0,0
1078,0.175,0.201,16.644,17.021,17.367,0,0,0,0,0,0,0,0,0,0,0
1079,0.256,0.207,16.566,17.029,17.436,0,0,0,0,0,0,0,0,0,0,0
1080,0.187,0.213,16.625,17.025,17.502,0,0,0,0,0,0,0,0,0,0,0
1081,0.262,0.135,16.632,17.029,19.999,0,0,0,0,0,0,0,0,0,0,0
1082,0.113,0.073,16.308,16.494,17.301,0,0,0,0,0,0,0,0,0,0,0
1083,0.341,0.227,15.518,16.086,16.917,0,0,0,0,0,0,0,0,0,0,0
1084,0.287,0.244,16.495,17.026,16.533,0,0,0,0,0,0,0,0,0,0,0
1085,0.218,0.213,16.589,17.021,17.401,0,0,0,0,0,0,0,0,0,0,0
1086,0.266,0.239,16.521,17.027,17.453,0,0,0,0,0,0,0,0,0,0,0
1087,0.178,0.137,16.718,17.033,17.662,0,0,0,0,0,0,0,0,0,0,0
1088,0.267,0.310,16.453,17.030,17.474,0,0,0,0,0,0,0,0,0,0,0
1089,0.240,0.181,16.605,17.025,17.462,0,0,0,0,0,0,0,0,0,0,0
1090,0.211,0.189,16.637,17.037,17.503,0,0,0,0,0,0,0,0,0,0,0
1091,0.394,0.288,16.363,17.044,17.785,0,0,0,0,0,0,0,0,0,0,0
1092,0.288,0.239,16.507,17.034,17.567,0,0,0,0,0,0,0,0,0,0,0
1093,0.206,0.190,16.628,17.023,17.528,0,0,0,0,0,0,0,0,0,0,0
1094,0.206,0.177,16.633,17.015,17.617,0,0,0,0,0,0,0,0,0,0,0
1095,0.065,0.059,16.665,16.789,17.229,0,0,0,0,0,0,0,0,0,0,0
1096,0.176,0.156,16.695,17.027,17.380,0,0,0,0,0,0,0,0,0,0,0
1097,0.149,0.122,16.754,17.024,17.568,0,0,0,0,0,0,0,0,0,0,0
1098,0.175,0.128,15.763,16.066,17.589,0,0,0,0,0,0,0,0,0,0,0
1099,0.118,0.115,16.780,17.013,16.317,0,0,0,0,0,0,0,0,0,0,0
1100,0.136,0.112,16.767,17.015,17.293,0,0,0,0,0,0,0,0,0,0,0
1101,0.119,0.098,15.947,16.164,17.289,0,0,0,0,0,0,0,0,0,0,0
1102,0.148,0.129,16.741,17.018,16.503,0,0,0,0,0,0,0,0,0,0,0
1103,0.281,0.190,16.556,17.028,17.441,0,0,0,0,0,0,0,0,0,0,0
1104,0.192,0.183,16.650,17.025,17.344,0,0,0,0,0,0,0,0,0,0,0
1105,0.243,0.149,16.630,17.023,17.410,0,0,0,0,0,0,0,0,0,0,0
1106,0.234,0.394,16.399,17.026,17.460,0,0,0,0,0,0,0,0,0,0,0
1107,0.287,0.208,15.998,16.494,17.722,0,0,0,0,0,0,0,0,0,0,0
1108,0.286,0.215,16.522,17.023,16.888,0,0,0,0,0,0,0,0,0,0,0
1109,0.165,0.144,16.711,17.020,17.562,0,0,0,0,0,0,0,0,0,0,0
1110,0.211,0.406,16.414,17.030,17.410,0,0,0,0,0,0,0,0,0,0,0
1111,0.202,0.158,16.661,17.021,17.418,0,0,0,0,0,0,0,0,0,0,0
1112,0.240,0.200,16.584,17.024,17.448,0,0,0,0,0,0,0,0,0,0,0
1113,0.226,0.161,16.228,16.615,17.452,0,0,0,0,0,0,0,0,0,0,0
1114,0.171,0.169,16.690,17.030,17.021,0,0,0,0,0,0,0,0,0,0,0
1115,0.398,0.239,16.391,17.028,17.449,0,0,0,0,0,0,0,0,0,0,0
1116,0.184,0.172,16.669,17.025,17.626,0,0,0,0,0,0,0,0,0,0,0
1117,0.208,0.159,16.660,17.026,17.667,0,0,0,0,0,0,0,0,0,0,0
1118,0.199,0.160,16.677,17.036,17.386,0,0,0,0,0,0,0,0,0,0,0
1119,0.259,0.160,16.605,17.024,17.503,0,0,0,0,0,0,0,0,0,0,0
1120,0.297,0.286,16.446,17.029,17.686,0,0,0,0,0,0,0,0,0,0,0
1121,0.251,0.225,16.551,17.027,17.681,0,0,0,0,0,0,0,0,0,0,0
1122,0.360,0.260,16.400,17.019,17.435,0,0,0,0,0,0,0,0,0,0,0
1123,0.147,0.130,16.747,17.024,17.341,0,0,0,0,0,0,0,0,0,0,0
1124,0.239,0.191,16.594,17.025,17.448,0,0,0,0,0,0,0,0,0,0,0
1125,0.231,0.202,16.589,17.022,17.626,0,0,0,0,0,0,0,0,0,0,0
1126,0.232,0.193,16.612,17.037,17.351,0,0,0,0,0,0,0,0,0,0,0
1127,0.332,0.259,16.437,17.028,17.389,0,0,0,0,0,0,0,0,0,0,0
1128,0.224,0.197,15.902,16.323,17.570,0,0,0,0,0,0,0,0,0,0,0
1129,0.292,0.203,15.908,16.403,16.799,0,0,0,0,0,0,0,0,0,0,0
1130,0.292,0.257,16.477,17.026,17.104,0,0,0,0,0,0,0,0,0,0,0
1131,0.215,0.174,16.642,17.031,17.394,0,0,0,0,0,0,0,0,0,0,0
1132,0.241,0.217,15.990,16.448,17.723,0,0,0,0,0,0,0,0,0,0,0
1133,0.226,0.247,16.551,17.024,16.869,0,0,0,0,0,0,0,0,0,0,0
1134,0.276,0.189,16.558,17.024,17.426,0,0,0,0,0,0,0,0,0,0,0
1135,0.202,0.154,16.345,16.700,17.336,0,0,0,0,0,0,0,0,0,0,0
1136,0.206,0.155,15.952,16.313,17.069,0,0,0,0,0,0,0,0,0,0,0
1137,0.219,0.183,15.821,16.222,16.754,0,0,0,0,0,0,0,0,0,0,0
1138,0.232,0.229,16.570,17.031,16.832,0,0,0,0,0,0,0,0,0,0,0
1139,0.412,0.295,16.321,17.028,17.492,0,0,0,0,0,0,0,0,0,0,0
1140,0.272,0.205,16.550,17.028,17.664,0,0,0,0,0,0,0,0,0,0,0
1141,0.245,0.182,16.601,17.028,17.453,0,0,0,0,0,0,0,0,0,0,0
1142,0.238,0.264,16.127,16.629,17.686,0,0,0,0,0,0,0,0,0,0,0
1143,0.232,0.134,15.815,16.181,17.093,0,0,0,0,0,0,0,0,0,0,0
1144,0.374,0.502,15.593,16.468,16.939,0,0,0,0,0,0,0,0,0,0,0
1145,0.181,0.174,16.668,17.024,16.807,0,0,0,0,0,0,0,0,0,0,0
1146,0.249,0.197,16.571,17.017,17.392,0,0,0,0,0,0,0,0,0,0,0
1147,0.149,0.104,16.764,17.017,17.329,0,0,0,0,0,0,0,0,0,0,0
1148,0.179,0.148,16.690,17.017,17.354,0,0,0,0,0,0,0,0,0,0,0
1149,0.140,0.097,16.787,17.024,17.281,0,0,0,0,0,0,0,0,0,0,0
1150,0.082,0.099,16.834,17.016,17.271,0,0,0,0,0,0,0,0,0,0,0
1151,0.141,0.096,16.566,16.803,17.304,0,0,0,0,0,0,0,0,0,0,0
1152,0.136,0.111,16.774,17.020,17.396,0,0,0,0,0,0,0,0,0,0,0
1153,0.165,0.091,16.468,16.724,17.361,0,0,0,0,0,0,0,0,0,0,0
1154,0.124,0.090,16.205,16.419,17.026,0,0,0,0,0,0,0,0,0,0,0
1155,0.144,0.117,16.764,17.025,16.728,0,0,0,0,0,0,0,0,0,0,0
1156,0.317,0.193,16.506,17.016,17.447,0,0,0,0,0,0,0,0,0,0,0
1157,0.196,0.178,16.244,16.618,17.384,0,0,0,0,0,0,0,0,0,0,0
1158,0.252,0.187,16.577,17.016,17.029,0,0,0,0,0,0,0,0,0,0,0
1159,0.220,0.178,16.297,16.695,17.492,0,0,0,0,0,0,0,0,0,0,0
1160,0.189,0.166,16.676,17.031,17.062,0,0,0,0,0,0,0,0,0,0,0
1161,0.295,0.197,16.526,17.018,17.463,0,0,0,0,0,0,0,0,0,0,0
1162,0.174,0.149,16.694,17.016,17.356,0,0,0,0,0,0,0,0,0,0,0
1163,0.291,0.223,16.507,17.021,17.393,0,0,0,0,0,0,0,0,0,0,0
1164,0.178,0.144,16.617,16.939,17.602,0,0,0,0,0,0,0,0,0,0,0
1165,0.095,0.070,16.852,17.018,17.201,0,0,0,0,0,0,0,0,0,0,0
1166,0.124,0.093,16.720,16.937,17.287,0,0,0,0,0,0,0,0,0,0,0
1167,0.168,0.117,16.742,17.028,17.236,0,0,0,0,0,0,0,0,0,0,0
1168,0.308,0.196,16.523,17.026,17.405,0,0,0,0,0,0,0,0,0,0,0
1169,0.165,0.170,16.327,16.663,17.397,0,0,0,0,0,0,0,0,0,0,0
1170,0.294,0.224,16.232,16.750,17.132,0,0,0,0,0,0,0,0,0,0,0
1171,0.218,0.202,16.615,17.036,17.182,0,0,0,0,0,0,0,0,0,0,0
1172,0.197,0.124,16.710,17.031,17.543,0,0,0,0,0,0,0,0,0,0,0
1173,0.290,0.232,16.520,17.042,17.723,0,0,0,0,0,0,0,0,0,0,0
1174,0.225,0.276,15.885,16.386,17.699,0,0,0,0,0,0,0,0,0,0,0
1175,0.221,0.177,16.630,17.028,16.830,0,0,0,0,0,0,0,0,0,0,0
1176,0.337,0.250,16.446,17.033,17.727,0,0,0,0,0,0,0,0,0,0,0
1177,0.278,0.209,16.539,17.027,17.440,0,0,0,0,0,0,0,0,0,0,0
1178,0.253,0.223,16.155,16.631,17.725,0,0,0,0,0,0,0,0,0,0,0
1179,0.190,0.165,16.664,17.020,17.200,0,0,0,0,0,0,0,0,0,0,0
1180,0.158,0.091,16.768,17.017,17.309,0,0,0,0,0,0,0,0,0,0,0
1181,0.099,0.079,16.573,16.751,17.280,0,0,0,0,0,0,0,0,0,0,0
1182,0.113,0.074,16.627,16.814,17.023,0,0,0,0,0,0,0,0,0,0,0
1183,0.142,0.109,16.768,17.019,17.144,0,0,0,0,0,0,0,0,0,0,0
1184,0.126,0.175,15.800,16.101,17.360,0,0,0,0,0,0,0,0,0,0,0
1185,0.300,0.191,16.531,17.023,16.482,0,0,0,0,0,0,0,0,0,0,0
1186,0.144,0.130,16.763,17.038,17.345,0,0,0,0,0,0,0,0,0,0,0
1187,0.266,0.226,16.531,17.022,17.454,0,0,0,0,0,0,0,0,0,0,0
1188,0.208,0.170,16.636,17.014,17.365,0,0,0,0,0,0,0,0,0,0,0
1189,0.212,0.169,16.271,16.652,17.433,0,0,0,0,0,0,0,0,0,0,0
1190,0.212,0.143,15.938,16.292,17.035,0,0,0,0,0,0,0,0,0,0,0
1191,0.308,0.331,15.781,16.420,17.059,0,0,0,0,0,0,0,0,0,0,0
1192,0.227,0.176,16.619,17.022,16.804,0,0,0,0,0,0,0,0,0,0,0
1193,0.223,0.187,16.614,17.023,17.367,0,0,0,0,0,0,0,0,0,0,0
1194,0.239,0.222,16.565,17.026,17.432,0,0,0,0,0,0,0,0,0,0,0
1195,0.190,0.354,16.493,17.037,17.415,0,0,0,0,0,0,0,0,0,0,0
1196,0.291,0.256,16.482,17.029,17.511,0,0,0,0,0,0,0,0,0,0,0
1197,0.290,0.171,16.566,17.026,17.504,0,0,0,0,0,0,0,0,0,0,0
1198,0.156,0.117,16.756,17.030,17.362,0,0,0,0,0,0,0,0,0,0,0
1199,0.251,0.201,16.610,17.062,17.465,0,0,0,0,0,0,0,0,0,0,0
1200,0.373,0.239,16.417,17.029,17.916,0,0,0,0,0,0,0,0,0,0,0
1201,0.228,0.161,16.640,17.030,17.471,0,0,0,0,0,0,0,0,0,0,0
1202,0.275,0.188,16.572,17.036,17.595,0,0,0,0,0,0,0,0,0,0,0
1203,0.247,0.188,16.593,17.028,17.821,0,0,0,0,0,0,0,0,0,0,0
1204,0.281,0.207,16.534,17.023,17.430,0,0,0,0,0,0,0,0,0,0,0
1205,0.152,0.205,16.661,17.019,17.337,0,0,0,0,0,0,0,0,0,0,0
1206,0.269,0.284,16.469,17.022,17.416,0,0,0,0,0,0,0,0,0,0,0
1207,0.155,0.340,16.527,17.023,17.354,0,0,0,0,0,0,0,0,0,0,0
1208,0.261,0.182,16.596,17.039,17.764,0,0,0,0,0,0,0,0,0,0,0
1209,0.406,0.274,16.350,17.030,17.774,0,0,0,0,0,0,0,0,0,0,0
1210,0.220,0.202,16.607,17.029,17.489,0,0,0,0,0,0,0,0,0,0,0
1211,0.219,0.145,16.384,16.748,17.477,0,0,0,0,0,0,0,0,0,0,0
1212,0.301,0.224,16.506,17.031,17.588,0,0,0,0,0,0,0,0,0,0,0
1213,0.269,0.216,16.536,17.020,17.501,0,0,0,0,0,0,0,0,0,0,0
1214,0.276,0.166,16.580,17.022,17.412,0,0,0,0,0,0,0,0,0,0,0
1215,0.200,0.160,16.658,17.018,17.385,0,0,0,0,0,0,0,0,0,0,0
1216,0.199,0.122,16.095,16.416,17.331,0,0,0,0,0,0,0,0,0,0,0
1217,0.117,0.108,15.939,16.164,16.670,0,0,0,0,0,0,0,0,0,0,0
1218,0.105,0.085,16.830,17.019,16.410,0,0,0,0,0,0,0,0,0,0,0
1219,0.182,0.107,15.749,16.038,17.345,0,0,0,0,0,0,0,0,0,0,0
1220,0.133,0.175,16.122,16.430,16.309,0,0,0,0,0,0,0,0,0,0,0
1221,0.257,0.176,16.136,16.569,16.738,0,0,0,0,0,0,0,0,0,0,0
1222,0.107,0.090,16.828,17.026,16.868,0,0,0,0,0,0,0,0,0,0,0
1223,0.274,0.179,15.606,16.060,17.416,0,0,0,0,0,0,0,0,0,0,0
1224,0.182,0.135,16.701,17.018,16.392,0,0,0,0,0,0,0,0,0,0,0
1225,0.189,0.145,16.693,17.027,17.333,0,0,0,0,0,0,0,0,0,0,0
1226,0.234,0.130,16.652,17.016,17.426,0,0,0,0,0,0,0,0,0,0,0
1227,0.177,0.192,16.652,17.021,17.367,0,0,0,0,0,0,0,0,0,0,0
1228,0.276,0.199,16.546,17.021,17.469,0,0,0,0,0,0,0,0,0,0,0
1229,0.200,0.355,16.473,17.028,17.399,0,0,0,0,0,0,0,0,0,0,0
1230,0.254,0.228,16.463,16.944,17.425,0,0,0,0,0,0,0,0,0,0,0
1231,0.218,0.137,16.663,17.019,17.274,0,0,0,0,0,0,0,0,0,0,0
1232,0.129,0.100,16.797,17.026,17.348,0,0,0,0,0,0,0,0,0,0,0
1233,0.231,0.121,16.666,17.018,17.362,0,0,0,0,0,0,0,0,0,0,0
1234,0.184,0.156,16.681,17.021,17.373,0,0,0,0,0,0,0,0,0,0,0
1235,0.245,0.191,16.082,16.518,17.411,0,0,0,0,0,0,0,0,0,0,0
1236,0.282,0.182,16.555,17.019,17.033,0,0,0,0,0,0,0,0,0,0,0
1237,0.189,0.143,16.693,17.025,17.368,0,0,0,0,0,0,0,0,0,0,0
1238,0.358,0.242,16.417,17.017,17.441,0,0,0,0,0,0,0,0,0,0,0
1239,0.208,0.145,16.665,17.018,17.338,0,0,0,0,0,0,0,0,0,0,0
1240,0.218,0.177,16.627,17.022,17.404,0,0,0,0,0,0,0,0,0,0,0
1241,0.241,0.265,16.521,17.027,17.386,0,0,0,0,0,0,0,0,0,0,0
1242,0.279,0.177,16.565,17.021,17.515,0,0,0,0,0,0,0,0,0,0,0
1243,0.255,0.197,16.579,17.032,17.572,0,0,0,0,0,0,0,0,0,0,0
1244,0.275,0.227,16.175,16.676,17.740,0,0,0,0,0,0,0,0,0,0,0
1245,0.166,0.108,16.743,17.017,16.959,0,0,0,0,0,0,0,0,0,0,0
1246,0.087,0.076,16.856,17.019,17.306,0,0,0,0,0,0,0,0,0,0,0
1247,0.157,0.314,15.578,16.048,17.392,0,0,0,0,0,0,0,0,0,0,0
1248,0.309,0.271,16.439,17.019,16.723,0,0,0,0,0,0,0,0,0,0,0
1249,0.149,0.106,15.998,16.253,17.361,0,0,0,0,0,0,0,0,0,0,0
1250,0.133,0.098,16.780,17.011,16.539,0,0,0,0,0,0,0,0,0,0,0
1251,0.108,0.111,16.796,17.016,17.291,0,0,0,0,0,0,0,0,0,0,0
1252,0.160,0.096,16.760,17.016,17.308,0,0,0,0,0,0,0,0,0,0,0
1253,0.133,0.145,16.740,17.019,17.325,0,0,0,0,0,0,0,0,0,0,0
1254,0.203,0.150,16.663,17.016,17.350,0,0,0,0,0,0,0,0,0,0,0
1255,0.201,0.126,16.686,17.013,17.390,0,0,0,0,0,0,0,0,0,0,0
1256,0.152,0.121,16.747,17.020,17.316,0,0,0,0,0,0,0,0,0,0,0
1257,0.218,0.174,16.631,17.023,17.394,0,0,0,0,0,0,0,0,0,0,0
1258,0.216,0.176,16.626,17.017,17.435,0,0,0,0,0,0,0,0,0,0,0
1259,0.211,0.183,16.622,17.017,17.416,0,0,0,0,0,0,0,0,0,0,0
1260,0.207,0.155,16.663,17.025,17.394,0,0,0,0,0,0,0,0,0,0,0
1261,0.267,0.232,16.541,17.039,17.420,0,0,0,0,0,0,0,0,0,0,0
1262,0.174,0.080,16.769,17.023,17.343,0,0,0,0,0,0,0,0,0,0,0
1263,0.076,0.050,16.885,17.012,17.181,0,0,0,0,0,0,0,0,0,0,0
1264,0.068,0.045,16.897,17.010,17.138,0,0,0,0,0,0,0,0,0,0,0
1265,0.042,0.040,16.936,17.019,17.123,0,0,0,0,0,0,0,0,0,0,0
1266,0.028,0.026,16.960,17.014,17.172,0,0,0,0,0,0,0,0,0,0,0
1267,0.045,0.035,16.047,16.127,17.155,0,0,0,0,0,0,0,0,0,0,0
1268,0.055,0.045,16.912,17.012,16.274,0,0,0,0,0,0,0,0,0,0,0
1269,0.055,0.035,16.928,17.018,17.178,0,0,0,0,0,0,0,0,0,0,0
1270,0.042,0.043,16.922,17.008,17.209,0,0,0,0,0,0,0,0,0,0,0
1271,0.039,0.032,16.952,17.023,17.170,0,0,0,0,0,0,0,0,0,0,0
1272,0.045,0.042,16.936,17.023,17.236,0,0,0,0,0,0,0,0,0,0,0
1273,0.050,0.048,16.929,17.027,17.269,0,0,0,0,0,0,0,0,0,0,0
1274,0.355,0.251,16.423,17.030,17.524,0,0,0,0,0,0,0,0,0,0,0
1275,0.328,0.182,16.505,17.016,17.455,0,0,0,0,0,0,0,0,0,0,0
1276,0.199,0.139,16.649,16.988,17.326,0,0,0,0,0,0,0,0,0,0,0
1277,0.240,0.417,16.368,17.025,17.392,0,0,0,0,0,0,0,0,0,0,0
1278,0.132,0.131,16.749,17.012,17.342,0,0,0,0,0,0,0,0,0,0,0
1279,0.148,0.091,16.778,17.018,17.324,0,0,0,0,0,0,0,0,0,0,0
1280,0.116,0.183,16.712,17.011,17.270,0,0,0,0,0,0,0,0,0,0,0
1281,0.080,0.056,16.874,17.010,17.238,0,0,0,0,0,0,0,0,0,0,0
1282,0.238,0.093,16.683,17.015,17.369,0,0,0,0,0,0,0,0,0,0,0
1283,0.089,0.066,16.860,17.014,17.275,0,0,0,0,0,0,0,0,0,0,0
1284,0.144,0.107,16.764,17.015,17.327,0,0,0,0,0,0,0,0,0,0,0
1285,0.075,0.049,16.885,17.010,17.266,0,0,0,0,0,0,0,0,0,0,0
1286,0.102,0.077,16.841,17.020,17.486,0,0,0,0,0,0,0,0,0,0,0
1287,0.101,0.074,16.840,17.015,17.312,0,0,0,0,0,0,0,0,0,0,0
1288,0.114,0.065,16.128,16.307,17.298,0,0,0,0,0,0,0,0,0,0,0
1289,0.133,0.125,16.754,17.012,16.601,0,0,0,0,0,0,0,0,0,0,0
1290,0.124,0.112,16.713,16.949,17.330,0,0,0,0,0,0,0,0,0,0,0
1291,0.198,0.150,16.666,17.014,17.288,0,0,0,0,0,0,0,0,0,0,0
1292,0.123,0.100,16.794,17.017,17.297,0,0,0,0,0,0,0,0,0,0,0
1293,0.198,0.146,16.674,17.018,17.359,0,0,0,0,0,0,0,0,0,0,0
1294,0.186,0.110,16.723,17.019,17.378,0,0,0,0,0,0,0,0,0,0,0
1295,0.196,0.152,16.680,17.027,17.352,0,0,0,0,0,0,0,0,0,0,0
1296,0.301,0.178,16.002,16.482,17.455,0,0,0,0,0,0,0,0,0,0,0
1297,0.202,0.201,16.408,16.810,16.885,0,0,0,0,0,0,0,0,0,0,0
1298,0.176,0.142,16.663,16.981,17.144,0,0,0,0,0,0,0,0,0,0,0
1299,0.291,0.190,16.465,16.946,17.385,0,0,0,0,0,0,0,0,0,0,0
1300,0.130,0.114,16.778,17.023,17.270,0,0,0,0,0,0,0,0,0,0,0
1301,0.239,0.195,16.590,17.024,17.424,0,0,0,0,0,0,0,0,0,0,0
1302,0.161,0.182,15.909,16.252,17.343,0,0,0,0,0,0,0,0,0,0,0
1303,0.283,0.200,15.960,16.443,17.405,0,0,0,0,0,0,0,0,0,0,0
1304,0.195,0.158,16.667,17.021,16.810,0,0,0,0,0,0,0,0,0,0,0
1305,0.261,0.214,16.551,17.027,17.409,0,0,0,0,0,0,0,0,0,0,0
1306,0.210,0.184,16.621,17.015,17.389,0,0,0,0,0,0,0,0,0,0,0
1307,0.193,0.179,16.648,17.020,17.460,0,0,0,0,0,0,0,0,0,0,0
1308,0.340,0.313,16.374,17.027,17.402,0,0,0,0,0,0,0,0,0,0,0
1309,0.211,0.156,16.650,17.018,17.385,0,0,0,0,0,0,0,0,0,0,0
1310,0.166,0.138,16.718,17.022,17.327,0,0,0,0,0,0,0,0,0,0,0
1311,0.294,0.278,16.454,17.026,17.394,0,0,0,0,0,0,0,0,0,0,0
1312,0.417,0.317,15.669,16.403,17.410,0,0,0,0,0,0,0,0,0,0,0
1313,0.286,0.379,16.359,17.023,16.815,0,0,0,0,0,0,0,0,0,0,0
1314,0.224,0.189,16.605,17.018,17.398,0,0,0,0,0,0,0,0,0,0,0
1315,0.227,0.148,16.653,17.028,17.419,0,0,0,0,0,0,0,0,0,0,0
1316,0.283,0.234,15.817,16.334,17.731,0,0,0,0,0,0,0,0,0,0,0
1317,0.169,0.098,16.771,17.038,16.652,0,0,0,0,0,0,0,0,0,0,0
1318,0.306,0.262,16.465,17.033,17.467,0,0,0,0,0,0,0,0,0,0,0
1319,0.275,0.270,16.498,17.043,17.578,0,0,0,0,0,0,0,0,0,0,0
1320,0.469,0.300,15.596,16.365,17.844,0,0,0,0,0,0,0,0,0,0,0
1321,0.214,0.171,15.847,16.232,16.767,0,0,0,0,0,0,0,0,0,0,0
1322,0.302,0.228,16.502,17.032,16.513,0,0,0,0,0,0,0,0,0,0,0
1323,0.104,0.090,16.819,17.013,17.278,0,0,0,0,0,0,0,0,0,0,0
1324,0.065,0.049,16.920,17.034,17.258,0,0,0,0,0,0,0,0,0,0,0
1325,0.437,0.256,16.342,17.035,17.437,0,0,0,0,0,0,0,0,0,0,0
1326,0.305,0.217,16.505,17.026,17.819,0,0,0,0,0,0,0,0,0,0,0
1327,0.292,0.202,15.557,16.051,17.473,0,0,0,0,0,0,0,0,0,0,0
1328,0.233,0.182,16.614,17.028,16.796,0,0,0,0,0,0,0,0,0,0,0
1329,0.171,0.143,15.746,16.059,17.649,0,0,0,0,0,0,0,0,0,0,0
1330,0.175,0.147,16.705,17.027,16.603,0,0,0,0,0,0,0,0,0,0,0
1331,0.170,0.147,16.714,17.031,17.605,0,0,0,0,0,0,0,0,0,0,0
1332,0.254,0.178,16.610,17.041,17.678,0,0,0,0,0,0,0,0,0,0,0
1333,0.216,0.158,16.650,17.024,17.603,0,0,0,0,0,0,0,0,0,0,0
1334,0.195,0.221,16.611,17.027,17.622,0,0,0,0,0,0,0,0,0,0,0
1335,0.171,0.140,16.712,17.022,17.597,0,0,0,0,0,0,0,0,0,0,0
1336,0.310,0.199,16.514,17.023,17.642,0,0,0,0,0,0,0,0,0,0,0
1337,0.155,0.163,16.216,16.534,17.371,0,0,0,0,0,0,0,0,0,0,0
1338,0.231,0.183,16.612,17.026,16.858,0,0,0,0,0,0,0,0,0,0,0
1339,0.226,0.144,16.665,17.035,17.485,0,0,0,0,0,0,0,0,0,0,0
1340,0.384,0.187,16.459,17.030,17.479,0,0,0,0,0,0,0,0,0,0,0
1341,0.304,0.286,16.449,17.038,17.442,0,0,0,0,0,0,0,0,0,0,0
1342,0.471,0.395,16.168,17.035,17.713,0,0,0,0,0,0,0,0,0,0,0
1343,0.300,0.219,16.509,17.027,17.717,0,0,0,0,0,0,0,0,0,0,0
1344,0.303,0.212,16.490,17.005,17.653,0,0,0,0,0,0,0,0,0,0,0
1345,0.200,0.183,15.958,16.341,17.419,0,0,0,0,0,0,0,0,0,0,0
1346,0.164,0.147,15.841,16.152,16.694,0,0,0,0,0,0,0,0,0,0,0
1347,0.308,0.181,16.539,17.027,16.595,0,0,0,0,0,0,0,0,0,0,0
1348,0.266,0.216,16.548,17.030,17.777,0,0,0,0,0,0,0,0,0,0,0
1349,0.223,0.297,16.503,17.023,17.713,0,0,0,0,0,0,0,0,0,0,0
1350,0.252,0.191,16.584,17.027,17.577,0,0,0,0,0,0,0,0,0,0,0
1351,0.482,0.345,16.205,17.032,17.459,0,0,0,0,0,0,0,0,0,0,0
1352,0.294,0.268,16.471,17.033,17.435,0,0,0,0,0,0,0,0,0,0,0
1353,0.298,0.203,16.518,17.019,17.461,0,0,0,0,0,0,0,0,0,0,0
1354,0.133,0.117,16.569,16.819,17.323,0,0,0,0,0,0,0,0,0,0,0
1355,0.373,0.284,16.375,17.033,17.212,0,0,0,0,0,0,0,0,0,0,0
1356,0.246,0.273,16.502,17.022,17.515,0,0,0,0,0,0,0,0,0,0,0
1357,0.225,0.223,16.211,16.660,17.449,0,0,0,0,0,0,0,0,0,0,0
1358,0.233,0.201,16.502,16.936,17.103,0,0,0,0,0,0,0,0,0,0,0
1359,0.490,0.260,16.267,17.018,17.394,0,0,0,0,0,0,0,0,0,0,0
1360,0.174,0.122,16.732,17.027,17.284,0,0,0,0,0,0,0,0,0,0,0
1361,0.217,0.207,16.599,17.022,17.387,0,0,0,0,0,0,0,0,0,0,0
1362,0.202,0.192,16.630,17.024,17.431,0,0,0,0,0,0,0,0,0,0,0
1363,0.503,0.223,15.678,16.403,17.536,0,0,0,0,0,0,0,0,0,0,0
1364,0.274,0.238,15.695,16.208,16.897,0,0,0,0,0,0,0,0,0,0,0
1365,0.295,0.255,15.676,16.226,16.629,0,0,0,0,0,0,0,0,0,0,0
1366,0.485,0.480,15.658,16.623,17.026,0,0,0,0,0,0,0,0,0,0,0
1367,0.215,0.156,16.657,17.028,17.011,0,0,0,0,0,0,0,0,0,0,0
1368,0.202,0.185,16.645,17.033,17.631,0,0,0,0,0,0,0,0,0,0,0
1369,0.201,0.213,16.612,17.027,17.499,0,0,0,0,0,0,0,0,0,0,0
1370,0.421,0.305,16.300,17.026,17.489,0,0,0,0,0,0,0,0,0,0,0
1371,0.285,0.127,16.201,16.614,17.615,0,0,0,0,0,0,0,0,0,0,0
1372,0.332,0.256,15.582,16.170,17.315,0,0,0,0,0,0,0,0,0,0,0
1373,0.177,0.167,15.809,16.153,16.501,0,0,0,0,0,0,0,0,0,0,0
1374,0.482,0.338,16.221,17.041,16.591,0,0,0,0,0,0,0,0,0,0,0
1375,0.323,0.241,15.554,16.118,17.444,0,0,0,0,0,0,0,0,0,0,0
1376,0.149,0.208,16.702,17.059,16.514,0,0,0,0,0,0,0,0,0,0,0
1377,0.300,0.466,16.281,17.046,17.676,0,0,0,0,0,0,0,0,0,0,0
1378,0.647,0.321,15.875,16.843,18.051,0,0,0,0,0,0,0,0,0,0,0
1379,0.250,0.219,16.554,17.023,17.181,0,0,0,0,0,0,0,0,0,0,0
1380,0.394,0.289,16.334,17.017,17.452,0,0,0,0,0,0,0,0,0,0,0
1381,0.223,0.184,16.639,17.046,17.389,0,0,0,0,0,0,0,0,0,0,0
1382,0.428,0.265,16.320,17.013,17.806,0,0,0,0,0,0,0,0,0,0,0
1383,0.186,0.157,16.682,17.025,17.360,0,0,0,0,0,0,0,0,0,0,0
1384,0.190,0.214,15.983,16.388,17.439,0,0,0,0,0,0,0,0,0,0,0
1385,0.258,0.162,16.622,17.043,16.789,0,0,0,0,0,0,0,0,0,0,0
1386,0.247,0.227,16.549,17.023,17.644,0,0,0,0,0,0,0,0,0,0,0
1387,0.200,0.196,16.631,17.028,17.642,0,0,0,0,0,0,0,0,0,0,0
1388,0.165,0.147,16.715,17.027,17.610,0,0,0,0,0,0,0,0,0,0,0
1389,0.129,0.107,16.784,17.020,17.567,0,0,0,0,0,0,0,0,0,0,0
1390,0.130,0.101,16.787,17.018,17.285,0,0,0,0,0,0,0,0,0,0,0
1391,0.142,0.117,16.757,17.016,17.567,0,0,0,0,0,0,0,0,0,0,0
1392,0.173,0.121,16.721,17.014,17.326,0,0,0,0,0,0,0,0,0,0,0
1393,0.160,0.102,16.766,17.028,17.354,0,0,0,0,0,0,0,0,0,0,0
1394,0.505,0.269,16.252,17.026,17.495,0,0,0,0,0,0,0,0,0,0,0
1395,0.160,0.141,16.717,17.018,17.340,0,0,0,0,0,0,0,0,0,0,0
1396,0.177,0.204,15.861,16.241,17.377,0,0,0,0,0,0,0,0,0,0,0
1397,0.238,0.162,16.634,17.033,16.582,0,0,0,0,0,0,0,0,0,0,0
1398,0.323,0.300,16.408,17.032,17.652,0,0,0,0,0,0,0,0,0,0,0
1399,0.147,0.100,16.113,16.360,17.340,0,0,0,0,0,0,0,0,0,0,0
1400,0.162,0.137,16.742,17.041,16.798,0,0,0,0,0,0,0,0,0,0,0
1401,0.398,0.199,16.427,17.024,17.477,0,0,0,0,0,0,0,0,0,0,0
1402,0.358,0.212,15.506,16.076,17.669,0,0,0,0,0,0,0,0,0,0,0
1403,0.225,0.189,16.604,17.018,16.465,0,0,0,0,0,0,0,0,0,0,0
1404,0.617,0.135,16.272,17.023,17.468,0,0,0,0,0,0,0,0,0,0,0
1405,0.292,0.187,16.549,17.028,17.787,0,0,0,0,0,0,0,0,0,0,0
1406,0.219,0.170,16.635,17.025,17.678,0,0,0,0,0,0,0,0,0,0,0
1407,0.203,0.150,16.672,17.025,17.417,0,0,0,0,0,0,0,0,0,0,0
1408,0.265,0.360,15.885,16.510,17.738,0,0,0,0,0,0,0,0,0,0,0
1409,0.452,0.267,16.223,16.942,16.942,0,0,0,0,0,0,0,0,0,0,0
1410,0.259,0.222,16.400,16.881,17.671,0,0,0,0,0,0,0,0,0,0,0
1411,0.273,0.254,15.737,16.264,17.278,0,0,0,0,0,0,0,0,0,0,0
1412,0.224,0.198,16.612,17.034,16.815,0,0,0,0,0,0,0,0,0,0,0
1413,0.484,0.168,16.371,17.023,17.468,0,0,0,0,0,0,0,0,0,0,0
1414,0.256,0.218,16.347,16.821,17.521,0,0,0,0,0,0,0,0,0,0,0
1415,0.175,0.150,16.698,17.023,17.184,0,0,0,0,0,0,0,0,0,0,0
1416,0.312,0.175,16.539,17.026,17.363,0,0,0,0,0,0,0,0,0,0,0
1417,0.170,0.137,16.712,17.020,17.378,0,0,0,0,0,0,0,0,0,0,0
1418,0.208,0.146,16.687,17.041,17.385,0,0,0,0,0,0,0,0,0,0,0
1419,0.329,0.295,16.409,17.033,17.723,0,0,0,0,0,0,0,0,0,0,0
1420,0.275,0.260,16.488,17.023,17.719,0,0,0,0,0,0,0,0,0,0,0
1421,0.239,0.179,16.615,17.033,17.426,0,0,0,0,0,0,0,0,0,0,0
1422,0.220,0.196,16.604,17.019,17.493,0,0,0,0,0,0,0,0,0,0,0
1423,0.262,0.209,16.563,17.034,17.409,0,0,0,0,0,0,0,0,0,0,0
1424,0.291,0.145,16.585,17.021,17.534,0,0,0,0,0,0,0,0,0,0,0
1425,0.206,0.180,16.644,17.029,17.348,0,0,0,0,0,0,0,0,0,0,0
1426,0.268,0.274,16.479,17.022,17.433,0,0,0,0,0,0,0,0,0,0,0
1427,0.245,0.203,16.601,17.049,17.437,0,0,0,0,0,0,0,0,0,0,0
1428,0.601,0.391,16.033,17.025,17.881,0,0,0,0,0,0,0,0,0,0,0
1429,0.182,0.130,16.668,16.980,17.363,0,0,0,0,0,0,0,0,0,0,0
1430,0.222,0.203,16.609,17.035,17.345,0,0,0,0,0,0,0,0,0,0,0
1431,0.584,0.385,16.071,17.039,17.842,0,0,0,0,0,0,0,0,0,0,0
1432,0.411,0.311,16.300,17.022,17.487,0,0,0,0,0,0,0,0,0,0,0
1433,0.190,0.122,16.707,17.019,17.331,0,0,0,0,0,0,0,0,0,0,0
1434,0.108,0.098,16.809,17.015,17.303,0,0,0,0,0,0,0,0,0,0,0
1435,0.229,0.145,16.645,17.019,17.391,0,0,0,0,0,0,0,0,0,0,0
1436,0.236,0.153,16.633,17.022,17.428,0,0,0,0,0,0,0,0,0,0,0
1437,0.176,0.168,16.675,17.019,17.316,0,0,0,0,0,0,0,0,0,0,0
1438,0.177,0.136,16.702,17.015,17.358,0,0,0,0,0,0,0,0,0,0,0
1439,0.134,0.097,16.798,17.029,17.321,0,0,0,0,0,0,0,0,0,0,0
1440,0.304,0.234,16.484,17.021,17.735,0,0,0,0,0,0,0,0,0,0,0
1441,0.144,0.134,16.735,17.014,17.323,0,0,0,0,0,0,0,0,0,0,0
1442,0.156,0.137,16.732,17.025,17.381,0,0,0,0,0,0,0,0,0,0,0
1443,0.257,0.177,16.596,17.029,17.381,0,0,0,0,0,0,0,0,0,0,0
1444,0.333,0.240,16.458,17.031,17.709,0,0,0,0,0,0,0,0,0,0,0
1445,0.340,0.266,16.429,17.035,17.719,0,0,0,0,0,0,0,0,0,0,0
1446,0.171,0.149,16.724,17.044,17.375,0,0,0,0,0,0,0,0,0,0,0
1447,0.586,0.577,15.876,17.039,17.903,0,0,0,0,0,0,0,0,0,0,0
1448,0.330,0.242,16.461,17.033,17.786,0,0,0,0,0,0,0,0,0,0,0
1449,0.321,0.243,16.471,17.035,17.445,0,0,0,0,0,0,0,0,0,0,0
1450,0.164,0.146,16.717,17.027,17.368,0,0,0,0,0,0,0,0,0,0,0
1451,0.385,0.418,16.217,17.020,17.723,0,0,0,0,0,0,0,0,0,0,0
1452,0.148,0.104,16.762,17.014,17.404,0,0,0,0,0,0,0,0,0,0,0
1453,0.214,0.195,16.619,17.029,17.522,0,0,0,0,0,0,0,0,0,0,0
1454,0.277,0.152,16.596,17.025,17.488,0,0,0,0,0,0,0,0,0,0,0
1455,0.385,0.196,16.453,17.034,17.399,0,0,0,0,0,0,0,0,0,0,0
1456,0.309,0.188,15.783,16.279,17.456,0,0,0,0,0,0,0,0,0,0,0
1457,0.342,0.232,16.453,17.027,16.939,0,0,0,0,0,0,0,0,0,0,0
1458,0.175,0.105,16.749,17.029,17.365,0,0,0,0,0,0,0,0,0,0,0
1459,0.157,0.131,16.729,17.016,17.568,0,0,0,0,0,0,0,0,0,0,0
1460,0.171,0.121,16.746,17.038,17.296,0,0,0,0,0,0,0,0,0,0,0
1461,0.330,0.196,16.501,17.027,17.719,0,0,0,0,0,0,0,0,0,0,0
1462,0.212,0.258,16.554,17.025,17.608,0,0,0,0,0,0,0,0,0,0,0
1463,0.209,0.156,16.659,17.024,17.638,0,0,0,0,0,0,0,0,0,0,0
1464,0.172,0.153,16.697,17.022,17.619,0,0,0,0,0,0,0,0,0,0,0
1465,0.185,0.149,16.691,17.024,17.603,0,0,0,0,0,0,0,0,0,0,0
1466,0.187,0.139,16.702,17.028,17.638,0,0,0,0,0,0,0,0,0,0,0
1467,0.117,0.113,16.574,16.804,17.303,0,0,0,0,0,0,0,0,0,0,0
1468,0.162,0.155,16.715,17.031,17.145,0,0,0,0,0,0,0,0,0,0,0
1469,0.267,0.192,16.565,17.024,17.682,0,0,0,0,0,0,0,0,0,0,0
1470,0.217,0.197,16.610,17.024,17.366,0,0,0,0,0,0,0,0,0,0,0
1471,0.207,0.167,16.631,17.005,17.338,0,0,0,0,0,0,0,0,0,0,0
1472,0.187,0.186,16.650,17.023,17.407,0,0,0,0,0,0,0,0,0,0,0
1473,0.202,0.129,16.692,17.023,17.357,0,0,0,0,0,0,0,0,0,0,0
1474,0.294,0.150,16.574,17.018,17.387,0,0,0,0,0,0,0,0,0,0,0
1475,0.223,0.121,16.656,17.001,17.371,0,0,0,0,0,0,0,0,0,0,0
1476,0.265,0.199,16.564,17.029,17.445,0,0,0,0,0,0,0,0,0,0,0
1477,0.230,0.191,16.624,17.046,17.461,0,0,0,0,0,0,0,0,0,0,0
1478,0.471,0.341,16.222,17.034,17.834,0,0,0,0,0,0,0,0,0,0,0
1479,0.250,0.184,16.599,17.033,17.433,0,0,0,0,0,0,0,0,0,0,0
1480,0.235,0.237,16.550,17.021,17.496,0,0,0,0,0,0,0,0,0,0,0
1481,0.343,0.181,16.513,17.036,17.381,0,0,0,0,0,0,0,0,0,0,0
1482,0.251,0.364,16.409,17.024,17.728,0,0,0,0,0,0,0,0,0,0,0
1483,0.212,0.244,16.574,17.030,17.348,0,0,0,0,0,0,0,0,0,0,0
1484,0.315,0.252,16.470,17.037,17.663,0,0,0,0,0,0,0,0,0,0,0
1485,0.279,0.222,16.531,17.032,17.425,0,0,0,0,0,0,0,0,0,0,0
1486,0.261,0.233,15.689,16.183,17.782,0,0,0,0,0,0,0,0,0,0,0
1487,0.284,0.282,15.664,16.231,16.581,0,0,0,0,0,0,0,0,0,0,0
1488,0.280,0.192,16.564,17.035,16.883,0,0,0,0,0,0,0,0,0,0,0
1489,0.369,0.290,15.832,16.491,17.763,0,0,0,0,0,0,0,0,0,0,0
1490,0.256,0.146,16.370,16.771,16.954,0,0,0,0,0,0,0,0,0,0,0
1491,0.168,0.135,16.714,17.017,17.166,0,0,0,0,0,0,0,0,0,0,0
1492,0.233,0.172,16.617,17.023,17.343,0,0,0,0,0,0,0,0,0,0,0
1493,0.331,0.211,16.483,17.025,17.380,0,0,0,0,0,0,0,0,0,0,0
1494,0.241,0.314,16.476,17.030,17.463,0,0,0,0,0,0,0,0,0,0,0
1495,0.354,0.211,16.469,17.034,17.517,0,0,0,0,0,0,0,0,0,0,0
1496,0.225,0.197,16.616,17.038,17.498,0,0,0,0,0,0,0,0,0,0,0
1497,0.489,0.281,16.257,17.028,17.760,0,0,0,0,0,0,0,0,0,0,0
1498,0.281,0.204,16.228,16.713,17.451,0,0,0,0,0,0,0,0,0,0,0
1499,0.271,0.229,16.539,17.039,17.198,0,0,0,0,0,0,0,0,0,0,0
1500,0.596,0.508,15.920,17.025,17.780,0,0,0,0,0,0,0,0,0,0,0
1501,0.201,0.145,16.684,17.030,17.338,0,0,0,0,0,0,0,0,0,0,0
1502,0.335,0.176,16.520,17.031,17.408,0,0,0,0,0,0,0,0,0,0,0
1503,0.223,0.172,16.443,16.837,17.647,0,0,0,0,0,0,0,0,0,0,0
1504,0.378,0.337,15.461,16.175,17.187,0,0,0,0,0,0,0,0,0,0,0
1505,0.241,0.142,16.056,16.439,16.552,0,0,0,0,0,0,0,0,0,0,0
1506,0.346,0.302,16.375,17.023,17.154,0,0,0,0,0,0,0,0,0,0,0
1507,0.303,0.391,15.717,16.412,17.446,0,0,0,0,0,0,0,0,0,0,0
1508,0.292,0.246,16.495,17.033,16.755,0,0,0,0,0,0,0,0,0,0,0
1509,0.294,0.237,16.494,17.026,17.788,0,0,0,0,0,0,0,0,0,0,0
1510,0.177,0.158,16.684,17.018,17.378,0,0,0,0,0,0,0,0,0,0,0
1511,0.209,0.156,16.660,17.025,17.445,0,0,0,0,0,0,0,0,0,0,0
1512,0.412,0.315,16.308,17.035,17.725,0,0,0,0,0,0,0,0,0,0,0
1513,0.262,0.206,16.554,17.022,17.435,0,0,0,0,0,0,0,0,0,0,0
1514,0.334,0.203,16.494,17.031,17.454,0,0,0,0,0,0,0,0,0,0,0
1515,0.218,0.224,16.593,17.035,17.666,0,0,0,0,0,0,0,0,0,0,0
1516,0.206,0.202,16.612,17.020,17.629,0,0,0,0,0,0,0,0,0,0,0
1517,0.172,0.138,16.049,16.359,17.398,0,0,0,0,0,0,0,0,0,0,0
1518,0.318,0.229,16.477,17.024,16.798,0,0,0,0,0,0,0,0,0,0,0
1519,0.199,0.101,16.722,17.021,17.342,0,0,0,0,0,0,0,0,0,0,0
1520,0.283,0.166,16.575,17.023,17.329,0,0,0,0,0,0,0,0,0,0,0
1521,0.260,0.236,16.534,17.029,17.649,0,0,0,0,0,0,0,0,0,0,0
1522,0.156,0.133,15.980,16.269,17.604,0,0,0,0,0,0,0,0,0,0,0
1523,0.177,0.161,16.692,17.030,16.886,0,0,0,0,0,0,0,0,0,0,0
1524,0.170,0.153,16.700,17.024,17.600,0,0,0,0,0,0,0,0,0,0,0
1525,0.198,0.169,16.664,17.031,17.471,0,0,0,0,0,0,0,0,0,0,0
1526,0.280,0.294,16.447,17.021,17.413,0,0,0,0,0,0,0,0,0,0,0
1527,0.231,0.144,15.736,16.111,17.388,0,0,0,0,0,0,0,0,0,0,0
1528,0.284,0.238,16.498,17.020,16.476,0,0,0,0,0,0,0,0,0,0,0
1529,0.218,0.177,16.052,16.446,17.427,0,0,0,0,0,0,0,0,0,0,0
1530,0.191,0.172,16.670,17.034,16.896,0,0,0,0,0,0,0,0,0,0,0
1531,0.437,0.277,16.327,17.040,17.485,0,0,0,0,0,0,0,0,0,0,0
1532,0.280,0.192,16.558,17.030,17.679,0,0,0,0,0,0,0,0,0,0,0
1533,0.413,0.395,15.233,16.040,17.414,0,0,0,0,0,0,0,0,0,0,0
1534,0.140,0.140,16.748,17.029,16.356,0,0,0,0,0,0,0,0,0,0,0
1535,0.408,0.390,16.229,17.027,17.456,0,0,0,0,0,0,0,0,0,0,0
1536,0.250,0.369,16.409,17.028,17.409,0,0,0,0,0,0,0,0,0,0,0
1537,0.252,0.190,16.602,17.044,17.712,0,0,0,0,0,0,0,0,0,0,0
1538,0.394,0.296,16.344,17.034,17.526,0,0,0,0,0,0,0,0,0,0,0
1539,0.386,0.222,15.705,16.313,17.807,0,0,0,0,0,0,0,0,0,0,0
1540,0.308,0.198,16.519,17.025,16.774,0,0,0,0,0,0,0,0,0,0,0
1541,0.200,0.176,16.638,17.014,17.456,0,0,0,0,0,0,0,0,0,0,0
1542,0.286,0.249,16.503,17.038,17.766,0,0,0,0,0,0,0,0,0,0,0
1543,0.460,0.270,15.927,16.657,17.887,0,0,0,0,0,0,0,0,0,0,0
1544,0.262,0.221,16.042,16.525,17.106,0,0,0,0,0,0,0,0,0,0,0
1545,0.306,0.178,16.555,17.040,16.937,0,0,0,0,0,0,0,0,0,0,0
1546,0.309,0.228,16.501,17.038,17.783,0,0,0,0,0,0,0,0,0,0,0
1547,0.264,0.201,16.559,17.024,17.394,0,0,0,0,0,0,0,0,0,0,0
1548,0.354,0.284,16.382,17.020,17.479,0,0,0,0,0,0,0,0,0,0,0
1549,0.285,0.187,15.776,16.249,17.440,0,0,0,0,0,0,0,0,0,0,0
1550,0.249,0.134,16.645,17.027,16.579,0,0,0,0,0,0,0,0,0,0,0
1551,0.211,0.137,16.677,17.025,17.596,0,0,0,0,0,0,0,0,0,0,0
1552,0.183,0.163,16.559,16.905,17.588,0,0,0,0,0,0,0,0,0,0,0
1553,0.178,0.169,16.679,17.026,17.252,0,0,0,0,0,0,0,0,0,0,0
1554,0.265,0.216,16.549,17.030,17.335,0,0,0,0,0,0,0,0,0,0,0
1555,0.407,0.276,16.340,17.022,17.596,0,0,0,0,0,0,0,0,0,0,0
1556,0.192,0.151,15.848,16.191,17.390,0,0,0,0,0,0,0,0,0,0,0
1557,0.287,0.213,16.527,17.027,16.658,0,0,0,0,0,0,0,0,0,0,0
1558,0.305,0.217,16.499,17.021,17.391,0,0,0,0,0,0,0,0,0,0,0
1559,0.237,0.131,16.537,16.906,17.441,0,0,0,0,0,0,0,0,0,0,0
1560,0.453,0.306,16.269,17.029,17.631,0,0,0,0,0,0,0,0,0,0,0
1561,0.190,0.166,16.671,17.026,17.524,0,0,0,0,0,0,0,0,0,0,0
1562,0.453,0.320,16.259,17.032,17.482,0,0,0,0,0,0,0,0,0,0,0
1563,0.278,0.197,16.543,17.019,17.440,0,0,0,0,0,0,0,0,0,0,0
1564,0.242,0.230,16.550,17.022,17.450,0,0,0,0,0,0,0,0,0,0,0
1565,0.312,0.274,16.457,17.043,17.421,0,0,0,0,0,0,0,0,0,0,0
1566,0.512,0.571,15.943,17.026,17.787,0,0,0,0,0,0,0,0,0,0,0
1567,0.166,0.138,16.715,17.019,17.340,0,0,0,0,0,0,0,0,0,0,0
1568,0.261,0.264,15.551,16.076,17.517,0,0,0,0,0,0,0,0,0,0,0
1569,0.229,0.150,16.656,17.035,16.488,0,0,0,0,0,0,0,0,0,0,0
1570,0.435,0.227,16.360,17.022,17.446,0,0,0,0,0,0,0,0,0,0,0
1571,0.289,0.194,16.545,17.027,17.462,0,0,0,0,0,0,0,0,0,0,0
1572,0.352,0.215,16.459,17.026,17.449,0,0,0,0,0,0,0,0,0,0,0
1573,0.221,0.183,16.643,17.047,17.404,0,0,0,0,0,0,0,0,0,0,0
1574,0.430,0.313,16.281,17.024,17.878,0,0,0,0,0,0,0,0,0,0,0
1575,0.174,0.222,16.632,17.028,17.351,0,0,0,0,0,0,0,0,0,0,0
1576,0.253,0.252,16.536,17.040,17.475,0,0,0,0,0,0,0,0,0,0,0
1577,0.444,0.285,15.308,16.036,17.768,0,0,0,0,0,0,0,0,0,0,0
1578,0.313,0.209,16.507,17.029,16.726,0,0,0,0,0,0,0,0,0,0,0
1579,0.234,0.284,16.501,17.019,17.659,0,0,0,0,0,0,0,0,0,0,0
1580,0.240,0.215,16.578,17.033,17.523,0,0,0,0,0,0,0,0,0,0,0
1581,0.427,0.223,16.377,17.028,17.448,0,0,0,0,0,0,0,0,0,0,0
1582,0.322,0.272,16.438,17.032,17.718,0,0,0,0,0,0,0,0,0,0,0
1583,0.265,0.192,16.568,17.026,17.645,0,0,0,0,0,0,0,0,0,0,0
1584,0.196,0.198,16.641,17.034,17.610,0,0,0,0,0,0,0,0,0,0,0
1585,0.243,0.194,16.585,17.022,17.672,0,0,0,0,0,0,0,0,0,0,0
1586,0.212,0.171,16.634,17.017,17.523,0,0,0,0,0,0,0,0,0,0,0
1587,0.093,0.109,16.814,17.015,17.260,0,0,0,0,0,0,0,0,0,0,0
1588,0.170,0.160,16.688,17.018,17.615,0,0,0,0,0,0,0,0,0,0,0
1589,0.131,0.095,16.794,17.019,17.327,0,0,0,0,0,0,0,0,0,0,0
1590,0.138,0.157,16.701,16.995,17.627,0,0,0,0,0,0,0,0,0,0,0
1591,0.173,0.114,16.726,17.013,17.280,0,0,0,0,0,0,0,0,0,0,0
1592,0.095,0.111,16.823,17.029,17.269,0,0,0,0,0,0,0,0,0,0,0
1593,0.404,0.236,16.382,17.022,17.712,0,0,0,0,0,0,0,0,0,0,0
1594,0.120,0.090,16.806,17.017,17.345,0,0,0,0,0,0,0,0,0,0,0
1595,0.128,0.105,16.790,17.023,17.285,0,0,0,0,0,0,0,0,0,0,0
1596,0.288,0.170,16.121,16.578,17.378,0,0,0,0,0,0,0,0,0,0,0
1597,0.338,0.214,16.477,17.029,17.237,0,0,0,0,0,0,0,0,0,0,0
1598,0.206,0.208,16.615,17.029,17.630,0,0,0,0,0,0,0,0,0,0,0
1599,0.199,0.199,16.160,16.559,17.532,0,0,0,0,0,0,0,0,0,0,0
1600,0.292,0.271,16.462,17.025,17.178,0,0,0,0,0,0,0,0,0,0,0
1601,0.137,0.123,16.759,17.019,17.333,0,0,0,0,0,0,0,0,0,0,0
1602,0.218,0.148,16.672,17.037,17.560,0,0,0,0,0,0,0,0,0,0,0
1603,0.482,0.332,16.221,17.035,17.794,0,0,0,0,0,0,0,0,0,0,0
1604,0.511,0.413,16.114,17.038,17.438,0,0,0,0,0,0,0,0,0,0,0
1605,0.167,0.147,16.710,17.024,17.596,0,0,0,0,0,0,0,0,0,0,0
1606,0.199,0.168,16.082,16.450,17.604,0,0,0,0,0,0,0,0,0,0,0
1607,0.216,0.162,16.644,17.022,17.030,0,0,0,0,0,0,0,0,0,0,0
1608,0.242,0.159,16.627,17.028,17.357,0,0,0,0,0,0,0,0,0,0,0
1609,0.195,0.149,16.674,17.017,17.623,0,0,0,0,0,0,0,0,0,0,0
1610,0.237,0.155,16.625,17.017,17.365,0,0,0,0,0,0,0,0,0,0,0
1611,0.151,0.279,16.590,17.019,17.343,0,0,0,0,0,0,0,0,0,0,0
1612,0.317,0.210,16.493,17.020,17.290,0,0,0,0,0,0,0,0,0,0,0
1613,0.160,0.107,16.751,17.018,17.342,0,0,0,0,0,0,0,0,0,0,0
1614,0.211,0.122,16.689,17.022,17.346,0,0,0,0,0,0,0,0,0,0,0
1615,0.256,0.158,16.334,16.748,17.365,0,0,0,0,0,0,0,0,0,0,0
1616,0.317,0.183,15.664,16.164,17.162,0,0,0,0,0,0,0,0,0,0,0
1617,0.174,0.101,16.479,16.754,16.470,0,0,0,0,0,0,0,0,0,0,0
1618,0.214,0.304,16.507,17.025,17.378,0,0,0,0,0,0,0,0,0,0,0
1619,0.198,0.155,16.666,17.019,17.605,0,0,0,0,0,0,0,0,0,0,0
1620,0.162,0.159,16.700,17.021,17.495,0,0,0,0,0,0,0,0,0,0,0
1621,0.238,0.301,16.484,17.024,17.428,0,0,0,0,0,0,0,0,0,0,0
1622,0.390,0.477,16.179,17.046,17.740,0,0,0,0,0,0,0,0,0,0,0
1623,0.211,0.220,16.598,17.029,17.649,0,0,0,0,0,0,0,0,0,0,0
1624,0.270,0.204,16.555,17.028,17.460,0,0,0,0,0,0,0,0,0,0,0
1625,0.181,0.131,16.720,17.033,17.604,0,0,0,0,0,0,0,0,0,0,0
1626,0.172,0.121,16.740,17.032,17.617,0,0,0,0,0,0,0,0,0,0,0
1627,0.145,0.117,16.398,16.660,17.622,0,0,0,0,0,0,0,0,0,0,0
1628,0.184,0.134,16.704,17.022,17.212,0,0,0,0,0,0,0,0,0,0,0
1629,0.177,0.135,15.784,16.095,17.589,0,0,0,0,0,0,0,0,0,0,0
1630,0.176,0.145,16.201,16.522,16.726,0,0,0,0,0,0,0,0,0,0,0
1631,0.077,0.076,16.868,17.021,16.761,0,0,0,0,0,0,0,0,0,0,0
1632,0.215,0.250,16.559,17.024,17.657,0,0,0,0,0,0,0,0,0,0,0
1633,0.125,0.083,16.819,17.026,17.579,0,0,0,0,0,0,0,0,0,0,0
1634,0.298,0.241,16.481,17.020,17.681,0,0,0,0,0,0,0,0,0,0,0
1635,0.091,0.112,16.821,17.023,17.283,0,0,0,0,0,0,0,0,0,0,0
1636,0.211,0.145,16.673,17.029,17.389,0,0,0,0,0,0,0,0,0,0,0
1637,0.148,0.133,16.741,17.022,17.619,0,0,0,0,0,0,0,0,0,0,0
1638,0.183,0.132,16.702,17.018,17.369,0,0,0,0,0,0,0,0,0,0,0
1639,0.208,0.197,16.620,17.026,17.430,0,0,0,0,0,0,0,0,0,0,0
1640,0.263,0.212,16.438,16.913,17.678,0,0,0,0,0,0,0,0,0,0,0
1641,0.370,0.229,16.425,17.024,17.384,0,0,0,0,0,0,0,0,0,0,0
1642,0.128,0.116,16.770,17.013,17.297,0,0,0,0,0,0,0,0,0,0,0
1643,0.160,0.182,16.682,17.024,17.328,0,0,0,0,0,0,0,0,0,0,0
1644,0.234,0.147,16.635,17.017,17.632,0,0,0,0,0,0,0,0,0,0,0
1645,0.087,0.067,16.865,17.019,17.258,0,0,0,0,0,0,0,0,0,0,0
1646,0.145,0.054,16.812,17.012,17.573,0,0,0,0,0,0,0,0,0,0,0
1647,0.085,0.095,16.840,17.020,17.256,0,0,0,0,0,0,0,0,0,0,0
1648,0.150,0.131,16.235,16.516,17.322,0,0,0,0,0,0,0,0,0,0,0
1649,0.105,0.092,16.793,16.990,16.801,0,0,0,0,0,0,0,0,0,0,0
1650,0.184,0.161,16.675,17.020,17.221,0,0,0,0,0,0,0,0,0,0,0
1651,0.286,0.461,16.278,17.025,17.250,0,0,0,0,0,0,0,0,0,0,0
1652,0.206,0.144,15.779,16.129,17.369,0,0,0,0,0,0,0,0,0,0,0
1653,0.235,0.195,16.606,17.036,16.511,0,0,0,0,0,0,0,0,0,0,0
1654,0.426,0.325,16.279,17.030,17.772,0,0,0,0,0,0,0,0,0,0,0
1655,0.268,0.227,16.445,16.939,17.411,0,0,0,0,0,0,0,0,0,0,0
1656,0.352,0.297,16.395,17.044,17.681,0,0,0,0,0,0,0,0,0,0,0
1657,0.225,0.218,16.578,17.021,17.598,0,0,0,0,0,0,0,0,0,0,0
1658,0.290,0.205,16.526,17.021,17.452,0,0,0,0,0,0,0,0,0,0,0
1659,0.244,0.313,16.480,17.036,17.753,0,0,0,0,0,0,0,0,0,0,0
1660,0.226,0.296,15.774,16.295,17.458,0,0,0,0,0,0,0,0,0,0,0
1661,0.238,0.208,16.581,17.027,16.702,0,0,0,0,0,0,0,0,0,0,0
1662,0.255,0.192,16.583,17.030,17.721,0,0,0,0,0,0,0,0,0,0,0
1663,0.320,0.226,16.481,17.027,17.623,0,0,0,0,0,0,0,0,0,0,0
1664,0.194,0.183,16.395,16.772,17.583,0,0,0,0,0,0,0,0,0,0,0
1665,0.199,0.143,15.903,16.245,17.400,0,0,0,0,0,0,0,0,0,0,0
1666,0.182,0.189,16.653,17.023,16.865,0,0,0,0,0,0,0,0,0,0,0
1667,0.186,0.358,16.483,17.027,17.650,0,0,0,0,0,0,0,0,0,0,0
1668,0.154,0.118,16.757,17.029,17.332,0,0,0,0,0,0,0,0,0,0,0
1669,0.231,0.180,16.613,17.024,17.649,0,0,0,0,0,0,0,0,0,0,0
1670,0.270,0.158,16.596,17.024,17.389,0,0,0,0,0,0,0,0,0,0,0
1671,0.214,0.226,16.587,17.027,17.617,0,0,0,0,0,0,0,0,0,0,0
1672,0.190,0.177,16.654,17.020,17.621,0,0,0,0,0,0,0,0,0,0,0
1673,0.152,0.128,16.739,17.019,17.561,0,0,0,0,0,0,0,0,0,0,0
1674,0.182,0.146,16.699,17.027,17.583,0,0,0,0,0,0,0,0,0,0,0
1675,0.175,0.194,16.655,17.024,17.609,0,0,0,0,0,0,0,0,0,0,0
1676,0.263,0.134,16.625,17.022,17.615,0,0,0,0,0,0,0,0,0,0,0
1677,0.281,0.132,16.612,17.026,17.630,0,0,0,0,0,0,0,0,0,0,0
1678,0.163,0.145,15.799,16.106,17.575,0,0,0,0,0,0,0,0,0,0,0
1679,0.242,0.187,16.607,17.035,16.470,0,0,0,0,0,0,0,0,0,0,0
1680,0.263,0.198,16.559,17.020,17.671,0,0,0,0,0,0,0,0,0,0,0
1681,0.226,0.159,16.645,17.029,17.337,0,0,0,0,0,0,0,0,0,0,0
1682,0.379,0.291,16.351,17.021,17.825,0,0,0,0,0,0,0,0,0,0,0
1683,0.121,0.161,16.738,17.021,17.312,0,0,0,0,0,0,0,0,0,0,0
1684,0.317,0.229,16.475,17.021,17.455,0,0,0,0,0,0,0,0,0,0,0
1685,0.158,0.196,16.370,16.724,17.352,0,0,0,0,0,0,0,0,0,0,0
1686,0.257,0.277,16.492,17.026,17.095,0,0,0,0,0,0,0,0,0,0,0
1687,0.287,0.244,15.837,16.368,17.343,0,0,0,0,0,0,0,0,0,0,0
1688,0.309,0.262,16.475,17.046,16.983,0,0,0,0,0,0,0,0,0,0,0
1689,0.251,0.305,16.474,17.030,17.506,0,0,0,0,0,0,0,0,0,0,0
1690,0.224,0.278,15.629,16.132,17.411,0,0,0,0,0,0,0,0,0,0,0
1691,0.268,0.225,16.530,17.023,16.724,0,0,0,0,0,0,0,0,0,0,0
1692,0.165,0.111,16.741,17.017,17.304,0,0,0,0,0,0,0,0,0,0,0
1693,0.199,0.169,16.061,16.428,17.364,0,0,0,0,0,0,0,0,0,0,0
1694,0.296,0.190,16.527,17.014,16.825,0,0,0,0,0,0,0,0,0,0,0
1695,0.144,0.162,16.711,17.017,17.327,0,0,0,0,0,0,0,0,0,0,0
1696,0.172,0.142,16.715,17.029,17.378,0,0,0,0,0,0,0,0,0,0,0
1697,0.330,0.367,16.336,17.033,17.843,0,0,0,0,0,0,0,0,0,0,0
1698,0.315,0.216,16.492,17.023,17.764,0,0,0,0,0,0,0,0,0,0,0
1699,0.325,0.255,16.445,17.026,17.497,0,0,0,0,0,0,0,0,0,0,0
1700,0.213,0.169,16.643,17.025,17.442,0,0,0,0,0,0,0,0,0,0,0
1701,0.245,0.203,16.573,17.020,17.748,0,0,0,0,0,0,0,0,0,0,0
1702,0.092,0.084,16.824,17.001,17.261,0,0,0,0,0,0,0,0,0,0,0
1703,0.113,0.103,16.822,17.038,17.273,0,0,0,0,0,0,0,0,0,0,0
1704,0.294,0.242,15.823,16.360,17.698,0,0,0,0,0,0,0,0,0,0,0
1705,0.216,0.175,16.635,17.026,16.799,0,0,0,0,0,0,0,0,0,0,0
1706,0.281,0.217,16.519,17.017,17.390,0,0,0,0,0,0,0,0,0,0,0
1707,0.220,0.396,16.423,17.039,17.583,0,0,0,0,0,0,0,0,0,0,0
1708,0.216,0.166,16.651,17.033,17.433,0,0,0,0,0,0,0,0,0,0,0
1709,0.294,0.227,16.507,17.029,17.742,0,0,0,0,0,0,0,0,0,0,0
1710,0.238,0.185,16.610,17.032,17.466,0,0,0,0,0,0,0,0,0,0,0
1711,0.277,0.275,16.475,17.028,17.636,0,0,0,0,0,0,0,0,0,0,0
1712,0.287,0.224,15.815,16.326,17.705,0,0,0,0,0,0,0,0,0,0,0
1713,0.351,0.291,15.934,16.576,17.035,0,0,0,0,0,0,0,0,0,0,0
1714,0.178,0.184,16.669,17.030,16.995,0,0,0,0,0,0,0,0,0,0,0
1715,0.386,0.248,16.084,16.718,17.495,0,0,0,0,0,0,0,0,0,0,0
1716,0.266,0.229,16.524,17.019,17.596,0,0,0,0,0,0,0,0,0,0,0
1717,0.102,0.095,16.823,17.020,17.269,0,0,0,0,0,0,0,0,0,0,0
1718,0.260,0.392,16.051,16.703,17.519,0,0,0,0,0,0,0,0,0,0,0
1719,0.263,0.282,16.487,17.032,17.304,0,0,0,0,0,0,0,0,0,0,0
1720,0.329,0.221,16.474,17.025,17.419,0,0,0,0,0,0,0,0,0,0,0
1721,0.200,0.136,16.676,17.012,17.355,0,0,0,0,0,0,0,0,0,0,0
1722,0.186,0.210,16.628,17.024,17.374,0,0,0,0,0,0,0,0,0,0,0
1723,0.241,0.148,16.630,17.020,17.428,0,0,0,0,0,0,0,0,0,0,0
1724,0.226,0.212,16.525,16.963,17.476,0,0,0,0,0,0,0,0,0,0,0
1725,0.241,0.163,16.617,17.021,17.328,0,0,0,0,0,0,0,0,0,0,0
1726,0.225,0.232,16.579,17.036,17.582,0,0,0,0,0,0,0,0,0,0,0
1727,0.260,0.232,16.538,17.030,17.482,0,0,0,0,0,0,0,0,0,0,0
1728,0.345,0.325,16.065,16.735,17.754,0,0,0,0,0,0,0,0,0,0,0
1729,0.222,0.196,15.937,16.355,17.155,0,0,0,0,0,0,0,0,0,0,0
1730,0.282,0.248,16.496,17.026,16.786,0,0,0,0,0,0,0,0,0,0,0
1731,0.215,0.261,16.556,17.033,17.661,0,0,0,0,0,0,0,0,0,0,0
1732,0.276,0.258,15.913,16.447,17.441,0,0,0,0,0,0,0,0,0,0,0
1733,0.294,0.245,16.498,17.036,17.144,0,0,0,0,0,0,0,0,0,0,0
1734,0.229,0.175,16.576,16.981,17.687,0,0,0,0,0,0,0,0,0,0,0
1735,0.108,0.162,16.747,17.017,17.238,0,0,0,0,0,0,0,0,0,0,0
1736,0.163,0.415,15.462,16.039,17.346,0,0,0,0,0,0,0,0,0,0,0
1737,0.248,0.176,16.599,17.023,16.421,0,0,0,0,0,0,0,0,0,0,0
1738,0.224,0.183,16.634,17.041,17.456,0,0,0,0,0,0,0,0,0,0,0
1739,0.279,0.277,16.469,17.024,17.479,0,0,0,0,0,0,0,0,0,0,0
1740,0.282,0.247,16.347,16.875,17.455,0,0,0,0,0,0,0,0,0,0,0
1741,0.198,0.179,16.661,17.039,17.416,0,0,0,0,0,0,0,0,0,0,0
1742,0.310,0.190,15.697,16.196,17.494,0,0,0,0,0,0,0,0,0,0,0
1743,0.203,0.199,16.625,17.027,16.538,0,0,0,0,0,0,0,0,0,0,0
1744,0.284,0.229,16.512,17.025,17.429,0,0,0,0,0,0,0,0,0,0,0
1745,0.231,0.185,16.422,16.838,17.434,0,0,0,0,0,0,0,0,0,0,0
1746,0.257,0.187,16.585,17.029,17.296,0,0,0,0,0,0,0,0,0,0,0
1747,0.245,0.247,16.554,17.045,17.421,0,0,0,0,0,0,0,0,0,0,0
1748,0.344,0.269,16.417,17.029,17.857,0,0,0,0,0,0,0,0,0,0,0
1749,0.305,0.225,15.729,16.259,17.435,0,0,0,0,0,0,0,0,0,0,0
1750,0.229,0.274,16.365,16.869,16.887,0,0,0,0,0,0,0,0,0,0,0
1751,0.228,0.250,16.512,16.990,17.367,0,0,0,0,0,0,0,0,0,0,0
1752,0.286,0.208,15.560,16.054,17.364,0,0,0,0,0,0,0,0,0,0,0
1753,0.144,0.188,16.687,17.019,16.349,0,0,0,0,0,0,0,0,0,0,0
1754,0.225,0.161,16.638,17.024,17.719,0,0,0,0,0,0,0,0,0,0,0
1755,0.201,0.219,16.602,17.022,17.395,0,0,0,0,0,0,0,0,0,0,0
1756,0.244,0.176,16.599,17.020,17.446,0,0,0,0,0,0,0,0,0,0,0
1757,0.252,0.203,16.582,17.037,17.688,0,0,0,0,0,0,0,0,0,0,0
1758,0.317,0.290,15.464,16.071,17.781,0,0,0,0,0,0,0,0,0,0,0
1759,0.345,0.325,16.352,17.022,16.763,0,0,0,0,0,0,0,0,0,0,0
1760,0.212,0.274,16.544,17.030,17.513,0,0,0,0,0,0,0,0,0,0,0
1761,0.180,0.133,16.711,17.023,17.409,0,0,0,0,0,0,0,0,0,0,0
1762,0.175,0.180,16.693,17.049,17.380,0,0,0,0,0,0,0,0,0,0,0
1763,0.275,0.220,16.527,17.021,17.474,0,0,0,0,0,0,0,0,0,0,0
1764,0.244,0.201,16.161,16.606,17.410,0,0,0,0,0,0,0,0,0,0,0
1765,0.200,0.198,16.622,17.020,16.961,0,0,0,0,0,0,0,0,0,0,0
1766,0.208,0.123,16.692,17.023,17.495,0,0,0,0,0,0,0,0,0,0,0
1767,0.252,0.381,16.388,17.021,17.485,0,0,0,0,0,0,0,0,0,0,0
1768,0.244,0.172,16.618,17.035,17.462,0,0,0,0,0,0,0,0,0,0,0
1769,0.374,0.296,16.368,17.038,17.747,0,0,0,0,0,0,0,0,0,0,0
1770,0.274,0.256,16.505,17.035,17.460,0,0,0,0,0,0,0,0,0,0,0
1771,0.281,0.288,16.452,17.022,17.602,0,0,0,0,0,0,0,0,0,0,0
1772,0.226,0.201,16.217,16.644,17.536,0,0,0,0,0,0,0,0,0,0,0
1773,0.278,0.196,15.748,16.222,17.017,0,0,0,0,0,0,0,0,0,0,0
1774,0.211,0.172,16.640,17.022,16.637,0,0,0,0,0,0,0,0,0,0,0
1775,0.261,0.232,16.514,17.007,17.544,0,0,0,0,0,0,0,0,0,0,0
1776,0.373,0.185,16.463,17.021,17.584,0,0,0,0,0,0,0,0,0,0,0
1777,0.246,0.221,16.562,17.028,17.550,0,0,0,0,0,0,0,0,0,0,0
1778,0.303,0.242,16.489,17.034,17.511,0,0,0,0,0,0,0,0,0,0,0
1779,0.256,0.309,16.460,17.026,17.725,0,0,0,0,0,0,0,0,0,0,0
1780,0.220,0.212,16.598,17.030,17.398,0,0,0,0,0,0,0,0,0,0,0
1781,0.205,0.202,16.617,17.025,17.425,0,0,0,0,0,0,0,0,0,0,0
1782,0.234,0.280,16.511,17.025,17.464,0,0,0,0,0,0,0,0,0,0,0
1783,0.230,0.206,16.597,17.033,17.421,0,0,0,0,0,0,0,0,0,0,0
1784,0.245,0.265,16.514,17.024,17.757,0,0,0,0,0,0,0,0,0,0,0
1785,0.387,0.228,15.787,16.402,17.477,0,0,0,0,0,0,0,0,0,0,0
1786,0.196,0.184,16.654,17.033,16.896,0,0,0,0,0,0,0,0,0,0,0
1787,0.265,0.202,16.553,17.020,17.395,0,0,0,0,0,0,0,0,0,0,0
1788,0.136,0.125,16.760,17.022,17.306,0,0,0,0,0,0,0,0,0,0,0
1789,0.223,0.480,16.338,17.041,17.547,0,0,0,0,0,0,0,0,0,0,0
1790,0.250,0.198,16.579,17.027,17.495,0,0,0,0,0,0,0,0,0,0,0
1791,0.249,0.297,16.479,17.026,17.683,0,0,0,0,0,0,0,0,0,0,0
1792,0.281,0.489,16.261,17.030,17.418,0,0,0,0,0,0,0,0,0,0,0
1793,0.191,0.132,15.850,16.173,17.628,0,0,0,0,0,0,0,0,0,0,0
1794,0.274,0.233,16.537,17.043,16.715,0,0,0,0,0,0,0,0,0,0,0
1795,0.442,0.294,16.306,17.042,17.754,0,0,0,0,0,0,0,0,0,0,0
1796,0.236,0.185,16.358,16.779,17.798,0,0,0,0,0,0,0,0,0,0,0
1797,0.153,0.142,15.854,16.148,17.172,0,0,0,0,0,0,0,0,0,0,0
1798,0.174,0.156,16.688,17.019,16.480,0,0,0,0,0,0,0,0,0,0,0
1799,0.261,0.201,16.561,17.023,17.394,0,0,0,0,0,0,0,0,0,0,0
1800,0.297,0.226,16.520,17.043,17.401,0,0,0,0,0,0,0,0,0,0,0
1801,0.244,0.222,16.566,17.032,17.622,0,0,0,0,0,0,0,0,0,0,0
1802,0.416,0.311,16.310,17.038,17.768,0,0,0,0,0,0,0,0,0,0,0
1803,0.212,0.337,16.473,17.023,17.495,0,0,0,0,0,0,0,0,0,0,0
1804,0.216,0.161,15.766,16.142,17.418,0,0,0,0,0,0,0,0,0,0,0
1805,0.277,0.220,16.547,17.044,16.949,0,0,0,0,0,0,0,0,0,0,0
1806,0.306,0.240,16.481,17.027,17.500,0,0,0,0,0,0,0,0,0,0,0
1807,0.259,0.192,16.585,17.036,17.422,0,0,0,0,0,0,0,0,0,0,0
1808,0.221,0.181,16.642,17.045,17.622,0,0,0,0,0,0,0,0,0,0,0
1809,0.297,0.220,16.541,17.058,17.446,0,0,0,0,0,0,0,0,0,0,0
1810,0.113,0.105,16.800,17.018,17.353,0,0,0,0,0,0,0,0,0,0,0
1811,0.218,0.234,16.577,17.029,17.402,0,0,0,0,0,0,0,0,0,0,0
1812,0.217,0.251,16.564,17.031,17.480,0,0,0,0,0,0,0,0,0,0,0
1813,0.247,0.220,16.577,17.044,17.745,0,0,0,0,0,0,0,0,0,0,0
1814,0.255,0.264,16.046,16.566,17.452,0,0,0,0,0,0,0,0,0,0,0
1815,0.263,0.272,16.504,17.039,17.152,0,0,0,0,0,0,0,0,0,0,0
1816,0.221,0.209,16.600,17.030,17.558,0,0,0,0,0,0,0,0,0,0,0
1817,0.270,0.234,16.530,17.034,17.419,0,0,0,0,0,0,0,0,0,0,0
1818,0.299,0.209,16.515,17.023,17.742,0,0,0,0,0,0,0,0,0,0,0
1819,0.330,0.280,16.423,17.033,17.440,0,0,0,0,0,0,0,0,0,0,0
1820,0.266,0.386,16.381,17.033,17.588,0,0,0,0,0,0,0,0,0,0,0
1821,0.295,0.246,16.491,17.032,17.516,0,0,0,0,0,0,0,0,0,0,0
1822,0.307,0.241,16.530,17.078,17.749,0,0,0,0,0,0,0,0,0,0,0
1823,0.203,0.194,16.636,17.033,17.536,0,0,0,0,0,0,0,0,0,0,0
1824,0.373,0.365,16.370,17.109,17.792,0,0,0,0,0,0,0,0,0,0,0
1825,0.256,0.195,16.593,17.044,17.511,0,0,0,0,0,0,0,0,0,0,0
1826,0.389,0.272,16.374,17.035,17.763,0,0,0,0,0,0,0,0,0,0,0
1827,0.200,0.292,15.569,16.061,17.436,0,0,0,0,0,0,0,0,0,0,0
1828,0.184,0.186,16.649,17.019,16.466,0,0,0,0,0,0,0,0,0,0,0
1829,0.188,0.170,16.285,16.644,17.268,0,0,0,0,0,0,0,0,0,0,0
1830,0.182,0.126,16.706,17.015,16.928,0,0,0,0,0,0,0,0,0,0,0
1831,0.144,0.112,16.766,17.022,17.289,0,0,0,0,0,0,0,0,0,0,0
1832,0.154,0.181,16.521,16.856,17.268,0,0,0,0,0,0,0,0,0,0,0
1833,0.196,0.136,16.685,17.017,17.195,0,0,0,0,0,0,0,0,0,0,0
1834,0.154,0.152,16.752,17.058,17.346,0,0,0,0,0,0,0,0,0,0,0
1835,0.159,0.168,16.691,17.018,17.411,0,0,0,0,0,0,0,0,0,0,0
1836,0.168,0.236,16.611,17.014,17.348,0,0,0,0,0,0,0,0,0,0,0
1837,0.144,0.127,16.745,17.017,17.336,0,0,0,0,0,0,0,0,0,0,0
1838,0.159,0.127,15.792,16.079,17.354,0,0,0,0,0,0,0,0,0,0,0
1839,0.139,0.132,15.875,16.146,16.371,0,0,0,0,0,0,0,0,0,0,0
1840,0.193,0.150,16.673,17.016,16.474,0,0,0,0,0,0,0,0,0,0,0
1841,0.174,0.149,16.647,16.970,17.290,0,0,0,0,0,0,0,0,0,0,0
1842,0.164,0.112,16.742,17.018,17.288,0,0,0,0,0,0,0,0,0,0,0
1843,0.179,0.121,16.713,17.013,17.556,0,0,0,0,0,0,0,0,0,0,0
1844,0.139,0.105,16.770,17.015,17.340,0,0,0,0,0,0,0,0,0,0,0
1845,0.161,0.121,16.250,16.531,17.333,0,0,0,0,0,0,0,0,0,0,0
1846,0.136,0.151,16.735,17.021,16.857,0,0,0,0,0,0,0,0,0,0,0
1847,0.151,0.109,16.755,17.015,17.338,0,0,0,0,0,0,0,0,0,0,0
1848,0.135,0.108,16.770,17.012,17.325,0,0,0,0,0,0,0,0,0,0,0
1849,0.113,0.093,16.810,17.016,17.314,0,0,0,0,0,0,0,0,0,0,0
1850,0.175,0.117,16.729,17.020,17.321,0,0,0,0,0,0,0,0,0,0,0
1851,0.122,0.126,16.770,17.017,17.332,0,0,0,0,0,0,0,0,0,0,0
1852,0.180,0.128,16.710,17.018,17.336,0,0,0,0,0,0,0,0,0,0,0
1853,0.167,0.165,16.690,17.022,17.331,0,0,0,0,0,0,0,0,0,0,0
1854,0.236,0.181,16.606,17.024,17.451,0,0,0,0,0,0,0,0,0,0,0
1855,0.247,0.175,16.595,17.016,17.448,0,0,0,0,0,0,0,0,0,0,0
1856,0.251,0.251,16.524,17.026,17.379,0,0,0,0,0,0,0,0,0,0,0
1857,0.258,0.187,16.006,16.451,17.443,0,0,0,0,0,0,0,0,0,0,0
1858,0.232,0.253,16.304,16.789,16.914,0,0,0,0,0,0,0,0,0,0,0
1859,0.275,0.245,16.498,17.019,17.211,0,0,0,0,0,0,0,0,0,0,0
1860,0.193,0.120,16.245,16.557,17.357,0,0,0,0,0,0,0,0,0,0,0
1861,0.105,0.094,15.844,16.043,16.857,0,0,0,0,0,0,0,0,0,0,0
1862,0.155,0.113,16.748,17.017,16.364,0,0,0,0,0,0,0,0,0,0,0
1863,0.122,0.124,16.774,17.020,17.311,0,0,0,0,0,0,0,0,0,0,0
1864,0.188,0.154,16.676,17.018,17.350,0,0,0,0,0,0,0,0,0,0,0
1865,0.205,0.197,16.615,17.017,17.368,0,0,0,0,0,0,0,0,0,0,0
1866,0.180,0.138,16.707,17.025,17.363,0,0,0,0,0,0,0,0,0,0,0
1867,0.266,0.224,15.748,16.238,17.475,0,0,0,0,0,0,0,0,0,0,0
1868,0.246,0.159,16.615,17.019,16.740,0,0,0,0,0,0,0,0,0,0,0
1869,0.104,0.090,16.831,17.025,17.305,0,0,0,0,0,0,0,0,0,0,0
1870,0.159,0.152,16.704,17.014,17.372,0,0,0,0,0,0,0,0,0,0,0
1871,0.137,0.117,16.615,16.869,17.324,0,0,0,0,0,0,0,0,0,0,0
1872,0.191,0.172,16.652,17.015,17.220,0,0,0,0,0,0,0,0,0,0,0
1873,0.144,0.130,16.742,17.017,17.371,0,0,0,0,0,0,0,0,0,0,0
1874,0.204,0.164,16.651,17.019,17.376,0,0,0,0,0,0,0,0,0,0,0
1875,0.215,0.215,16.259,16.688,17.394,0,0,0,0,0,0,0,0,0,0,0
1876,0.217,0.150,16.654,17.021,17.057,0,0,0,0,0,0,0,0,0,0,0
1877,0.208,0.163,16.648,17.018,17.389,0,0,0,0,0,0,0,0,0,0,0
1878,0.201,0.360,16.468,17.028,17.427,0,0,0,0,0,0,0,0,0,0,0
1879,0.340,0.207,15.790,16.337,17.439,0,0,0,0,0,0,0,0,0,0,0
1880,0.186,0.150,16.683,17.019,16.724,0,0,0,0,0,0,0,0,0,0,0
1881,0.236,0.168,16.615,17.018,17.377,0,0,0,0,0,0,0,0,0,0,0
1882,0.151,0.092,16.778,17.021,17.348,0,0,0,0,0,0,0,0,0,0,0
1883,0.083,0.061,16.867,17.012,17.294,0,0,0,0,0,0,0,0,0,0,0
1884,0.133,0.084,16.800,17.017,17.334,0,0,0,0,0,0,0,0,0,0,0
1885,0.095,0.090,16.838,17.023,17.310,0,0,0,0,0,0,0,0,0,0,0
1886,0.184,0.179,15.834,16.197,17.472,0,0,0,0,0,0,0,0,0,0,0
1887,0.200,0.175,15.883,16.258,16.640,0,0,0,0,0,0,0,0,0,0,0
1888,0.231,0.340,16.456,17.026,16.639,0,0,0,0,0,0,0,0,0,0,0
1889,0.178,0.208,15.772,16.158,17.562,0,0,0,0,0,0,0,0,0,0,0
1890,0.182,0.143,16.697,17.022,16.517,0,0,0,0,0,0,0,0,0,0,0
1891,0.282,0.227,16.229,16.738,17.443,0,0,0,0,0,0,0,0,0,0,0
1892,0.258,0.203,15.822,16.283,17.226,0,0,0,0,0,0,0,0,0,0,0
1893,0.226,0.155,16.642,17.023,16.689,0,0,0,0,0,0,0,0,0,0,0
1894,0.293,0.156,16.569,17.019,17.444,0,0,0,0,0,0,0,0,0,0,0
1895,0.165,0.125,16.729,17.019,17.392,0,0,0,0,0,0,0,0,0,0,0
1896,0.249,0.153,16.617,17.018,17.432,0,0,0,0,0,0,0,0,0,0,0
1897,0.193,0.155,16.671,17.019,17.398,0,0,0,0,0,0,0,0,0,0,0
1898,0.232,0.251,16.134,16.618,17.424,0,0,0,0,0,0,0,0,0,0,0
1899,0.224,0.220,16.586,17.029,17.032,0,0,0,0,0,0,0,0,0,0,0
1900,0.254,0.212,16.560,17.026,17.534,0,0,0,0,0,0,0,0,0,0,0
1901,0.294,0.204,16.524,17.022,17.428,0,0,0,0,0,0,0,0,0,0,0
1902,0.179,0.134,16.706,17.019,17.377,0,0,0,0,0,0,0,0,0,0,0
1903,0.229,0.103,16.022,16.353,17.548,0,0,0,0,0,0,0,0,0,0,0
1904,0.192,0.184,15.928,16.305,16.771,0,0,0,0,0,0,0,0,0,0,0
1905,0.239,0.310,16.470,17.020,16.695,0,0,0,0,0,0,0,0,0,0,0
1906,0.213,0.159,16.536,16.908,17.401,0,0,0,0,0,0,0,0,0,0,0
1907,0.162,0.140,16.720,17.022,17.243,0,0,0,0,0,0,0,0,0,0,0
1908,0.234,0.225,16.568,17.027,17.437,0,0,0,0,0,0,0,0,0,0,0
1909,0.210,0.169,16.646,17.025,17.408,0,0,0,0,0,0,0,0,0,0,0
1910,0.281,0.261,15.747,16.288,17.428,0,0,0,0,0,0,0,0,0,0,0
1911,0.209,0.164,16.652,17.025,16.698,0,0,0,0,0,0,0,0,0,0,0
1912,0.258,0.203,16.566,17.027,17.430,0,0,0,0,0,0,0,0,0,0,0
1913,0.336,0.208,16.484,17.028,17.443,0,0,0,0,0,0,0,0,0,0,0
1914,0.207,0.161,16.002,16.370,17.432,0,0,0,0,0,0,0,0,0,0,0
1915,0.254,0.144,16.626,17.025,16.810,0,0,0,0,0,0,0,0,0,0,0
1916,0.207,0.160,16.657,17.023,17.445,0,0,0,0,0,0,0,0,0,0,0
1917,0.233,0.252,16.542,17.026,17.425,0,0,0,0,0,0,0,0,0,0,0
1918,0.216,0.205,15.822,16.243,17.501,0,0,0,0,0,0,0,0,0,0,0
1919,0.138,0.106,16.752,16.997,16.635,0,0,0,0,0,0,0,0,0,0,0
1920,0.133,0.110,16.788,17.032,17.302,0,0,0,0,0,0,0,0,0,0,0
1921,0.260,0.191,16.579,17.031,17.703,0,0,0,0,0,0,0,0,0,0,0
1922,0.194,0.199,16.050,16.443,17.643,0,0,0,0,0,0,0,0,0,0,0
1923,0.204,0.164,16.666,17.034,17.099,0,0,0,0,0,0,0,0,0,0,0
1924,0.199,0.154,16.673,17.026,17.699,0,0,0,0,0,0,0,0,0,0,0
1925,0.184,0.175,16.661,17.020,17.598,0,0,0,0,0,0,0,0,0,0,0
1926,0.140,0.122,16.763,17.025,17.593,0,0,0,0,0,0,0,0,0,0,0
1927,0.156,0.122,16.746,17.024,17.760,0,0,0,0,0,0,0,0,0,0,0
1928,0.163,0.152,16.705,17.020,17.601,0,0,0,0,0,0,0,0,0,0,0
1929,0.127,0.144,16.760,17.031,17.338,0,0,0,0,0,0,0,0,0,0,0
1930,0.167,0.126,16.728,17.022,17.600,0,0,0,0,0,0,0,0,0,0,0
1931,0.200,0.160,16.290,16.649,17.359,0,0,0,0,0,0,0,0,0,0,0
1932,0.262,0.270,16.495,17.027,17.074,0,0,0,0,0,0,0,0,0,0,0
1933,0.232,0.200,16.589,17.021,17.738,0,0,0,0,0,0,0,0,0,0,0
1934,0.124,0.115,16.781,17.021,17.288,0,0,0,0,0,0,0,0,0,0,0
1935,0.246,0.176,16.590,17.012,17.385,0,0,0,0,0,0,0,0,0,0,0
1936,0.191,0.130,16.696,17.017,17.366,0,0,0,0,0,0,0,0,0,0,0
1937,0.196,0.130,16.688,17.015,17.326,0,0,0,0,0,0,0,0,0,0,0
1938,0.201,0.169,15.966,16.336,17.373,0,0,0,0,0,0,0,0,0,0,0
1939,0.261,0.198,15.682,16.140,16.713,0,0,0,0,0,0,0,0,0,0,0
1940,0.389,0.244,16.397,17.030,16.907,0,0,0,0,0,0,0,0,0,0,0
1941,0.284,0.203,15.990,16.478,17.439,0,0,0,0,0,0,0,0,0,0,0
1942,0.417,0.282,16.331,17.029,16.889,0,0,0,0,0,0,0,0,0,0,0
1943,0.406,0.288,16.338,17.032,17.689,0,0,0,0,0,0,0,0,0,0,0
1944,0.278,0.263,16.490,17.031,17.746,0,0,0,0,0,0,0,0,0,0,0
1945,0.221,0.219,16.578,17.018,17.444,0,0,0,0,0,0,0,0,0,0,0
1946,0.270,0.296,16.462,17.029,17.463,0,0,0,0,0,0,0,0,0,0,0
1947,0.235,0.153,16.279,16.667,17.483,0,0,0,0,0,0,0,0,0,0,0
1948,0.389,0.289,16.357,17.035,17.539,0,0,0,0,0,0,0,0,0,0,0
1949,0.362,0.271,16.408,17.041,17.504,0,0,0,0,0,0,0,0,0,0,0
1950,0.488,0.239,16.317,17.044,17.503,0,0,0,0,0,0,0,0,0,0,0
1951,0.484,0.252,16.280,17.015,17.446,0,0,0,0,0,0,0,0,0,0,0
1952,0.096,0.099,16.836,17.031,17.272,0,0,0,0,0,0,0,0,0,0,0
1953,0.191,0.172,16.669,17.032,17.729,0,0,0,0,0,0,0,0,0,0,0
1954,0.418,0.260,16.348,17.025,17.802,0,0,0,0,0,0,0,0,0,0,0
1955,0.288,0.210,16.537,17.035,17.694,0,0,0,0,0,0,0,0,0,0,0
1956,0.265,0.180,16.573,17.018,17.379,0,0,0,0,0,0,0,0,0,0,0
1957,0.173,0.156,16.699,17.028,17.354,0,0,0,0,0,0,0,0,0,0,0
1958,0.353,0.285,16.384,17.022,17.704,0,0,0,0,0,0,0,0,0,0,0
1959,0.164,0.331,16.534,17.029,17.298,0,0,0,0,0,0,0,0,0,0,0
1960,0.237,0.164,16.623,17.024,17.358,0,0,0,0,0,0,0,0,0,0,0
1961,0.271,0.219,16.100,16.591,17.658,0,0,0,0,0,0,0,0,0,0,0
1962,0.200,0.183,16.654,17.037,17.220,0,0,0,0,0,0,0,0,0,0,0
1963,0.183,0.345,16.501,17.029,17.706,0,0,0,0,0,0,0,0,0,0,0
1964,0.171,0.122,16.737,17.030,17.638,0,0,0,0,0,0,0,0,0,0,0
1965,0.183,0.169,16.673,17.025,17.638,0,0,0,0,0,0,0,0,0,0,0
1966,0.154,0.119,16.755,17.028,17.596,0,0,0,0,0,0,0,0,0,0,0
1967,0.206,0.170,16.660,17.035,17.612,0,0,0,0,0,0,0,0,0,0,0
1968,0.230,0.161,16.635,17.026,17.655,0,0,0,0,0,0,0,0,0,0,0
1969,0.199,0.156,15.967,16.321,17.615,0,0,0,0,0,0,0,0,0,0,0
1970,0.182,0.281,15.588,16.050,16.636,0,0,0,0,0,0,0,0,0,0,0
1971,0.205,0.213,16.611,17.029,16.565,0,0,0,0,0,0,0,0,0,0,0
1972,0.236,0.164,16.633,17.033,17.639,0,0,0,0,0,0,0,0,0,0,0
1973,0.497,0.394,16.135,17.025,17.790,0,0,0,0,0,0,0,0,0,0,0
1974,0.242,0.265,15.601,16.109,17.385,0,0,0,0,0,0,0,0,0,0,0
1975,0.255,0.178,16.598,17.030,16.537,0,0,0,0,0,0,0,0,0,0,0
1976,0.239,0.144,16.355,16.738,17.374,0,0,0,0,0,0,0,0,0,0,0
1977,0.221,0.148,16.034,16.403,17.078,0,0,0,0,0,0,0,0,0,0,0
1978,0.201,0.175,16.650,17.025,16.804,0,0,0,0,0,0,0,0,0,0,0
1979,0.185,0.128,16.710,17.022,17.668,0,0,0,0,0,0,0,0,0,0,0
1980,0.293,0.228,16.502,17.022,17.394,0,0,0,0,0,0,0,0,0,0,0
1981,0.350,0.336,16.340,17.027,17.494,0,0,0,0,0,0,0,0,0,0,0
1982,0.304,0.161,15.915,16.379,17.447,0,0,0,0,0,0,0,0,0,0,0
1983,0.177,0.151,16.700,17.028,16.744,0,0,0,0,0,0,0,0,0,0,0
1984,0.308,0.281,16.454,17.043,17.589,0,0,0,0,0,0,0,0,0,0,0
1985,0.469,0.303,16.251,17.024,17.899,0,0,0,0,0,0,0,0,0,0,0
1986,0.229,0.187,16.612,17.028,17.384,0,0,0,0,0,0,0,0,0,0,0
1987,0.378,0.243,16.400,17.022,17.427,0,0,0,0,0,0,0,0,0,0,0
1988,0.230,0.180,16.487,16.897,17.654,0,0,0,0,0,0,0,0,0,0,0
1989,0.174,0.366,16.307,16.846,17.246,0,0,0,0,0,0,0,0,0,0,0
1990,0.383,0.231,16.406,17.021,17.612,0,0,0,0,0,0,0,0,0,0,0
1991,0.218,0.193,15.927,16.339,17.408,0,0,0,0,0,0,0,0,0,0,0
1992,0.502,0.344,16.184,17.030,17.033,0,0,0,0,0,0,0,0,0,0,0
1993,0.217,0.194,16.608,17.018,17.464,0,0,0,0,0,0,0,0,0,0,0
1994,0.192,0.156,16.672,17.020,17.396,0,0,0,0,0,0,0,0,0,0,0
1995,0.122,0.114,16.779,17.015,17.296,0,0,0,0,0,0,0,0,0,0,0
1996,0.140,0.101,16.777,17.017,17.280,0,0,0,0,0,0,0,0,0,0,0
1997,0.168,0.132,16.718,17.018,17.384,0,0,0,0,0,0,0,0,0,0,0
1998,0.144,0.133,16.748,17.025,17.369,0,0,0,0,0,0,0,0,0,0,0
1999,0.347,0.175,16.507,17.030,17.478,0,0,0,0,0,0,0,0,0,0,0
2000,0.384,0.315,16.338,17.036,17.486,0,0,0,0,0,0,0,0,0,0,0
2001,0.424,0.270,16.182,16.877,17.470,0,0,0,0,0,0,0,0,0,0,0
2002,0.345,0.297,16.389,17.030,17.437,0,0,0,0,0,0,0,0,0,0,0
2003,0.237,0.161,16.634,17.033,17.422,0,0,0,0,0,0,0,0,0,0,0
2004,0.500,0.348,16.181,17.029,17.463,0,0,0,0,0,0,0,0,0,0,0
2005,0.212,0.183,15.959,16.354,17.363,0,0,0,0,0,0,0,0,0,0,0
2006,0.189,0.279,16.561,17.030,17.027,0,0,0,0,0,0,0,0,0,0,0
2007,0.230,0.205,16.580,17.016,17.426,0,0,0,0,0,0,0,0,0,0,0
2008,0.215,0.142,16.015,16.372,17.396,0,0,0,0,0,0,0,0,0,0,0
2009,0.223,0.172,16.631,17.026,16.778,0,0,0,0,0,0,0,0,0,0,0
2010,0.272,0.235,16.537,17.044,17.705,0,0,0,0,0,0,0,0,0,0,0
2011,0.307,0.236,16.484,17.028,17.425,0,0,0,0,0,0,0,0,0,0,0
2012,0.282,0.215,16.279,16.776,17.731,0,0,0,0,0,0,0,0,0,0,0
2013,0.178,0.156,16.267,16.601,17.156,0,0,0,0,0,0,0,0,0,0,0
2014,0.299,0.184,16.548,17.031,17.232,0,0,0,0,0,0,0,0,0,0,0
2015,0.194,0.135,16.690,17.019,17.651,0,0,0,0,0,0,0,0,0,0,0
2016,0.160,0.180,16.679,17.019,17.372,0,0,0,0,0,0,0,0,0,0,0
2017,0.156,0.134,16.735,17.026,17.389,0,0,0,0,0,0,0,0,0,0,0
2018,0.310,0.223,16.491,17.023,17.367,0,0,0,0,0,0,0,0,0,0,0
2019,0.318,0.189,15.579,16.086,17.430,0,0,0,0,0,0,0,0,0,0,0
2020,0.331,0.244,16.451,17.027,16.766,0,0,0,0,0,0,0,0,0,0,0
2021,0.170,0.146,16.142,16.458,17.609,0,0,0,0,0,0,0,0,0,0,0
2022,0.175,0.151,16.704,17.030,17.125,0,0,0,0,0,0,0,0,0,0,0
2023,0.198,0.169,16.654,17.021,17.660,0,0,0,0,0,0,0,0,0,0,0
2024,0.197,0.183,15.996,16.376,17.622,0,0,0,0,0,0,0,0,0,0,0
2025,0.192,0.140,16.698,17.030,16.685,0,0,0,0,0,0,0,0,0,0,0
2026,0.287,0.304,16.453,17.043,17.693,0,0,0,0,0,0,0,0,0,0,0
2027,0.392,0.511,16.115,17.019,17.780,0,0,0,0,0,0,0,0,0,0,0
2028,0.222,0.164,16.633,17.019,17.394,0,0,0,0,0,0,0,0,0,0,0
2029,0.218,0.217,16.594,17.030,17.535,0,0,0,0,0,0,0,0,0,0,0
2030,0.201,0.166,16.657,17.024,17.440,0,0,0,0,0,0,0,0,0,0,0
2031,0.224,0.242,15.722,16.187,17.655,0,0,0,0,0,0,0,0,0,0,0
2032,0.280,0.233,15.687,16.200,16.662,0,0,0,0,0,0,0,0,0,0,0
2033,0.364,0.294,16.366,17.025,16.981,0,0,0,0,0,0,0,0,0,0,0
2034,0.157,0.114,16.095,16.366,17.432,0,0,0,0,0,0,0,0,0,0,0
2035,0.310,0.205,16.522,17.036,17.085,0,0,0,0,0,0,0,0,0,0,0
2036,0.285,0.245,16.506,17.036,17.680,0,0,0,0,0,0,0,0,0,0,0
2037,0.177,0.143,16.716,17.036,17.588,0,0,0,0,0,0,0,0,0,0,0
2038,0.221,0.221,16.583,17.025,17.650,0,0,0,0,0,0,0,0,0,0,0
2039,0.198,0.175,16.660,17.033,17.586,0,0,0,0,0,0,0,0,0,0,0
2040,0.184,0.188,15.883,16.255,17.601,0,0,0,0,0,0,0,0,0,0,0
2041,0.234,0.193,16.604,17.032,16.664,0,0,0,0,0,0,0,0,0,0,0
2042,0.237,0.190,16.593,17.021,17.372,0,0,0,0,0,0,0,0,0,0,0
2043,0.238,0.200,16.586,17.024,17.760,0,0,0,0,0,0,0,0,0,0,0
2044,0.197,0.123,16.713,17.033,17.381,0,0,0,0,0,0,0,0,0,0,0
2045,0.312,0.275,16.451,17.038,17.702,0,0,0,0,0,0,0,0,0,0,0
2046,0.410,0.294,16.330,17.034,17.815,0,0,0,0,0,0,0,0,0,0,0
2047,0.212,0.190,16.505,16.908,17.478,0,0,0,0,0,0,0,0,0,0,0
2048,0.238,0.368,16.425,17.031,17.509,0,0,0,0,0,0,0,0,0,0,0
2049,0.183,0.116,16.720,17.019,17.586,0,0,0,0,0,0,0,0,0,0,0
2050,0.108,0.094,16.812,17.014,17.385,0,0,0,0,0,0,0,0,0,0,0
2051,0.103,0.078,16.065,16.246,17.354,0,0,0,0,0,0,0,0,0,0,0
2052,0.170,0.113,16.735,17.018,16.611,0,0,0,0,0,0,0,0,0,0,0
2053,0.164,0.151,16.715,17.029,17.342,0,0,0,0,0,0,0,0,0,0,0
2054,0.365,0.210,15.945,16.521,17.421,0,0,0,0,0,0,0,0,0,0,0
2055,0.146,0.106,16.770,17.021,16.819,0,0,0,0,0,0,0,0,0,0,0
2056,0.291,0.178,16.554,17.023,17.544,0,0,0,0,0,0,0,0,0,0,0
2057,0.374,0.243,16.411,17.028,17.412,0,0,0,0,0,0,0,0,0,0,0
2058,0.223,0.175,15.814,16.212,17.633,0,0,0,0,0,0,0,0,0,0,0
2059,0.286,0.501,16.245,17.032,16.620,0,0,0,0,0,0,0,0,0,0,0
2060,0.273,0.212,16.544,17.028,17.488,0,0,0,0,0,0,0,0,0,0,0
2061,0.248,0.152,16.624,17.023,17.500,0,0,0,0,0,0,0,0,0,0,0
2062,0.243,0.210,16.576,17.029,17.485,0,0,0,0,0,0,0,0,0,0,0
2063,0.246,0.225,16.565,17.035,17.590,0,0,0,0,0,0,0,0,0,0,0
2064,0.412,0.304,16.315,17.030,17.461,0,0,0,0,0,0,0,0,0,0,0
2065,0.437,0.217,16.384,17.038,17.478,0,0,0,0,0,0,0,0,0,0,0
2066,0.240,0.243,16.533,17.016,17.647,0,0,0,0,0,0,0,0,0,0,0
2067,0.137,0.118,16.757,17.013,17.292,0,0,0,0,0,0,0,0,0,0,0
2068,0.122,0.093,16.814,17.030,17.305,0,0,0,0,0,0,0,0,0,0,0
2069,0.461,0.281,16.283,17.025,17.806,0,0,0,0,0,0,0,0,0,0,0
2070,0.218,0.232,16.582,17.032,17.381,0,0,0,0,0,0,0,0,0,0,0
2071,0.333,0.227,16.464,17.024,17.434,0,0,0,0,0,0,0,0,0,0,0
2072,0.169,0.178,16.704,17.051,17.376,0,0,0,0,0,0,0,0,0,0,0
2073,0.508,0.292,16.228,17.028,17.808,0,0,0,0,0,0,0,0,0,0,0
2074,0.277,0.460,16.287,17.025,17.707,0,0,0,0,0,0,0,0,0,0,0
2075,0.270,0.164,16.599,17.034,17.429,0,0,0,0,0,0,0,0,0,0,0
2076,0.494,0.267,16.258,17.019,18.155,0,0,0,0,0,0,0,0,0,0,0
2077,0.218,0.156,16.651,17.024,17.367,0,0,0,0,0,0,0,0,0,0,0
2078,0.247,0.218,16.559,17.024,17.345,0,0,0,0,0,0,0,0,0,0,0
2079,0.196,0.184,16.639,17.018,17.447,0,0,0,0,0,0,0,0,0,0,0
2080,0.232,0.193,16.592,17.016,17.456,0,0,0,0,0,0,0,0,0,0,0
2081,0.222,0.124,16.676,17.023,17.358,0,0,0,0,0,0,0,0,0,0,0
2082,0.260,0.221,16.566,17.048,17.557,0,0,0,0,0,0,0,0,0,0,0
2083,0.405,0.291,15.604,16.300,17.752,0,0,0,0,0,0,0,0,0,0,0
2084,0.226,0.175,16.626,17.026,16.937,0,0,0,0,0,0,0,0,0,0,0
2085,0.196,0.135,16.702,17.034,17.633,0,0,0,0,0,0,0,0,0,0,0
2086,0.150,0.116,16.758,17.024,17.590,0,0,0,0,0,0,0,0,0,0,0
2087,0.177,0.174,16.674,17.025,17.607,0,0,0,0,0,0,0,0,0,0,0
2088,0.121,0.151,16.743,17.015,17.341,0,0,0,0,0,0,0,0,0,0,0
2089,0.173,0.135,16.382,16.691,17.316,0,0,0,0,0,0,0,0,0,0,0
2090,0.282,0.194,16.392,16.868,17.070,0,0,0,0,0,0,0,0,0,0,0
2091,0.238,0.228,16.564,17.030,17.279,0,0,0,0,0,0,0,0,0,0,0
2092,0.343,0.200,16.487,17.031,17.413,0,0,0,0,0,0,0,0,0,0,0
2093,0.245,0.431,16.353,17.029,17.669,0,0,0,0,0,0,0,0,0,0,0
2094,0.191,0.231,16.516,16.938,17.428,0,0,0,0,0,0,0,0,0,0,0
2095,0.554,0.382,16.105,17.041,17.737,0,0,0,0,0,0,0,0,0,0,0
2096,0.303,0.204,15.681,16.188,17.707,0,0,0,0,0,0,0,0,0,0,0
2097,0.251,0.218,16.548,17.017,16.917,0,0,0,0,0,0,0,0,0,0,0
2098,0.161,0.139,16.718,17.018,17.350,0,0,0,0,0,0,0,0,0,0,0
2099,0.265,0.140,15.730,16.135,17.469,0,0,0,0,0,0,0,0,0,0,0
2100,0.373,0.255,16.396,17.023,16.496,0,0,0,0,0,0,0,0,0,0,0
2101,0.178,0.143,16.723,17.044,17.494,0,0,0,0,0,0,0,0,0,0,0
2102,0.428,0.414,16.186,17.028,17.484,0,0,0,0,0,0,0,0,0,0,0
2103,0.259,0.222,15.866,16.347,17.513,0,0,0,0,0,0,0,0,0,0,0
2104,0.277,0.210,16.532,17.019,16.947,0,0,0,0,0,0,0,0,0,0,0
2105,0.189,0.182,16.658,17.029,17.368,0,0,0,0,0,0,0,0,0,0,0
2106,0.399,0.236,16.397,17.032,17.733,0,0,0,0,0,0,0,0,0,0,0
2107,0.294,0.214,16.510,17.018,17.670,0,0,0,0,0,0,0,0,0,0,0
2108,0.174,0.129,16.718,17.021,17.339,0,0,0,0,0,0,0,0,0,0,0
2109,0.222,0.142,15.718,16.083,17.637,0,0,0,0,0,0,0,0,0,0,0
2110,0.212,0.207,16.610,17.030,16.496,0,0,0,0,0,0,0,0,0,0,0
2111,0.421,0.261,16.349,17.031,17.443,0,0,0,0,0,0,0,0,0,0,0
2112,0.208,0.249,16.566,17.022,17.647,0,0,0,0,0,0,0,0,0,0,0
2113,0.212,0.183,16.639,17.034,17.375,0,0,0,0,0,0,0,0,0,0,0
2114,0.176,0.213,16.638,17.027,17.608,0,0,0,0,0,0,0,0,0,0,0
2115,0.273,0.284,16.470,17.027,17.676,0,0,0,0,0,0,0,0,0,0,0
2116,0.192,0.200,16.633,17.026,17.398,0,0,0,0,0,0,0,0,0,0,0
2117,0.312,0.261,16.448,17.021,17.497,0,0,0,0,0,0,0,0,0,0,0
2118,0.230,0.190,16.609,17.029,17.451,0,0,0,0,0,0,0,0,0,0,0
2119,0.332,0.283,16.444,17.059,17.852,0,0,0,0,0,0,0,0,0,0,0
2120,0.182,0.172,16.679,17.033,17.416,0,0,0,0,0,0,0,0,0,0,0
2121,0.402,0.276,15.487,16.165,17.459,0,0,0,0,0,0,0,0,0,0,0
2122,0.353,0.206,16.467,17.027,16.793,0,0,0,0,0,0,0,0,0,0,0
2123,0.238,0.219,16.574,17.031,17.618,0,0,0,0,0,0,0,0,0,0,0
2124,0.300,0.236,16.500,17.036,17.616,0,0,0,0,0,0,0,0,0,0,0
2125,0.224,0.178,16.629,17.031,17.772,0,0,0,0,0,0,0,0,0,0,0
2126,0.409,0.343,15.776,16.528,17.711,0,0,0,0,0,0,0,0,0,0,0
2127,0.234,0.223,16.574,17.031,16.920,0,0,0,0,0,0,0,0,0,0,0
2128,0.280,0.194,16.556,17.030,17.459,0,0,0,0,0,0,0,0,0,0,0
2129,0.319,0.215,16.495,17.029,17.416,0,0,0,0,0,0,0,0,0,0,0
2130,0.450,0.458,16.136,17.045,17.398,0,0,0,0,0,0,0,0,0,0,0
2131,0.456,0.276,16.295,17.026,17.474,0,0,0,0,0,0,0,0,0,0,0
2132,0.252,0.222,16.567,17.041,17.443,0,0,0,0,0,0,0,0,0,0,0
2133,0.430,0.286,16.312,17.028,17.482,0,0,0,0,0,0,0,0,0,0,0
2134,0.603,0.584,15.837,17.024,17.842,0,0,0,0,0,0,0,0,0,0,0
2135,0.259,0.165,15.959,16.383,17.370,0,0,0,0,0,0,0,0,0,0,0
2136,0.283,0.191,16.577,17.051,16.843,0,0,0,0,0,0,0,0,0,0,0
2137,0.324,0.369,15.859,16.552,17.667,0,0,0,0,0,0,0,0,0,0,0
2138,0.440,0.256,16.327,17.023,16.918,0,0,0,0,0,0,0,0,0,0,0
2139,0.225,0.179,16.622,17.026,17.430,0,0,0,0,0,0,0,0,0,0,0
2140,0.355,0.234,15.489,16.077,17.355,0,0,0,0,0,0,0,0,0,0,0
2141,0.192,0.156,16.685,17.033,16.440,0,0,0,0,0,0,0,0,0,0,0
2142,0.512,0.234,16.276,17.022,17.842,0,0,0,0,0,0,0,0,0,0,0
2143,0.129,0.093,16.798,17.020,17.317,0,0,0,0,0,0,0,0,0,0,0
2144,0.101,0.152,16.770,17.022,17.313,0,0,0,0,0,0,0,0,0,0,0
2145,0.237,0.181,16.067,16.486,17.369,0,0,0,0,0,0,0,0,0,0,0
2146,0.199,0.131,16.193,16.523,16.819,0,0,0,0,0,0,0,0,0,0,0
2147,0.209,0.130,16.684,17.023,16.901,0,0,0,0,0,0,0,0,0,0,0
2148,0.290,0.212,16.525,17.028,17.549,0,0,0,0,0,0,0,0,0,0,0
2149,0.312,0.214,16.509,17.035,17.421,0,0,0,0,0,0,0,0,0,0,0
2150,0.448,0.294,16.305,17.047,17.832,0,0,0,0,0,0,0,0,0,0,0
2151,0.221,0.162,16.534,16.918,17.415,0,0,0,0,0,0,0,0,0,0,0
2152,0.315,0.174,16.544,17.034,17.318,0,0,0,0,0,0,0,0,0,0,0
2153,0.343,0.182,16.497,17.023,17.708,0,0,0,0,0,0,0,0,0,0,0
2154,0.269,0.212,16.450,16.932,17.379,0,0,0,0,0,0,0,0,0,0,0
2155,0.515,0.415,16.099,17.029,17.708,0,0,0,0,0,0,0,0,0,0,0
2156,0.159,0.151,16.714,17.024,17.422,0,0,0,0,0,0,0,0,0,0,0
2157,0.435,0.332,16.279,17.046,17.429,0,0,0,0,0,0,0,0,0,0,0
2158,0.299,0.434,16.308,17.041,17.732,0,0,0,0,0,0,0,0,0,0,0
2159,0.234,0.215,16.202,16.651,17.476,0,0,0,0,0,0,0,0,0,0,0
2160,0.214,0.263,16.554,17.030,17.323,0,0,0,0,0,0,0,0,0,0,0
2161,0.335,0.297,16.396,17.028,17.621,0,0,0,0,0,0,0,0,0,0,0
2162,0.161,0.127,16.732,17.021,17.543,0,0,0,0,0,0,0,0,0,0,0
2163,0.170,0.139,16.707,17.017,17.607,0,0,0,0,0,0,0,0,0,0,0
2164,0.167,0.133,15.895,16.196,17.298,0,0,0,0,0,0,0,0,0,0,0
2165,0.211,0.167,16.643,17.020,16.800,0,0,0,0,0,0,0,0,0,0,0
2166,0.246,0.209,16.578,17.033,17.384,0,0,0,0,0,0,0,0,0,0,0
2167,0.439,0.287,16.292,17.018,17.833,0,0,0,0,0,0,0,0,0,0,0
2168,0.238,0.162,15.941,16.341,17.447,0,0,0,0,0,0,0,0,0,0,0
2169,0.263,0.211,16.093,16.567,17.196,0,0,0,0,0,0,0,0,0,0,0
2170,0.190,0.172,16.669,17.031,16.955,0,0,0,0,0,0,0,0,0,0,0
2171,0.296,0.203,16.422,16.921,17.574,0,0,0,0,0,0,0,0,0,0,0
2172,0.234,0.128,16.660,17.021,17.243,0,0,0,0,0,0,0,0,0,0,0
2173,0.198,0.162,16.668,17.028,17.399,0,0,0,0,0,0,0,0,0,0,0
2174,0.166,0.132,16.730,17.028,17.420,0,0,0,0,0,0,0,0,0,0,0
2175,0.183,0.107,16.730,17.020,17.365,0,0,0,0,0,0,0,0,0,0,0
2176,0.246,0.146,16.628,17.020,17.480,0,0,0,0,0,0,0,0,0,0,0
2177,0.206,0.152,15.966,16.324,17.374,0,0,0,0,0,0,0,0,0,0,0
2178,0.128,0.101,16.798,17.027,16.689,0,0,0,0,0,0,0,0,0,0,0
2179,0.199,0.128,16.703,17.030,17.360,0,0,0,0,0,0,0,0,0,0,0
2180,0.244,0.135,16.639,17.019,17.425,0,0,0,0,0,0,0,0,0,0,0
2181,0.205,0.113,16.698,17.016,17.341,0,0,0,0,0,0,0,0,0,0,0
2182,0.192,0.163,16.668,17.023,17.379,0,0,0,0,0,0,0,0,0,0,0
2183,0.222,0.177,16.643,17.042,17.381,0,0,0,0,0,0,0,0,0,0,0
2184,0.461,0.298,16.262,17.022,17.715,0,0,0,0,0,0,0,0,0,0,0
2185,0.179,0.175,15.913,16.267,17.366,0,0,0,0,0,0,0,0,0,0,0
2186,0.377,0.311,16.340,17.027,17.142,0,0,0,0,0,0,0,0,0,0,0
2187,0.184,0.211,16.636,17.031,17.645,0,0,0,0,0,0,0,0,0,0,0
2188,0.246,0.202,16.583,17.031,17.675,0,0,0,0,0,0,0,0,0,0,0
2189,0.163,0.147,16.715,17.025,17.609,0,0,0,0,0,0,0,0,0,0,0
2190,0.223,0.168,16.628,17.019,17.446,0,0,0,0,0,0,0,0,0,0,0
2191,0.251,0.124,16.647,17.022,17.429,0,0,0,0,0,0,0,0,0,0,0
2192,0.368,0.265,16.392,17.025,17.456,0,0,0,0,0,0,0,0,0,0,0
2193,0.251,0.153,16.621,17.025,17.353,0,0,0,0,0,0,0,0,0,0,0
2194,0.170,0.172,16.676,17.018,17.608,0,0,0,0,0,0,0,0,0,0,0
2195,0.146,0.128,16.741,17.015,17.564,0,0,0,0,0,0,0,0,0,0,0
2196,0.086,0.086,16.857,17.029,17.309,0,0,0,0,0,0,0,0,0,0,0
2197,0.186,0.223,16.049,16.458,17.701,0,0,0,0,0,0,0,0,0,0,0
2198,0.177,0.190,15.779,16.146,16.869,0,0,0,0,0,0,0,0,0,0,0
2199,0.264,0.144,16.612,17.020,16.487,0,0,0,0,0,0,0,0,0,0,0
2200,0.258,0.147,16.581,16.987,17.380,0,0,0,0,0,0,0,0,0,0,0
2201,0.233,0.199,16.592,17.024,17.525,0,0,0,0,0,0,0,0,0,0,0
2202,0.187,0.162,16.676,17.025,17.394,0,0,0,0,0,0,0,0,0,0,0
2203,0.311,0.185,16.205,16.701,17.385,0,0,0,0,0,0,0,0,0,0,0
2204,0.293,0.246,16.492,17.031,17.379,0,0,0,0,0,0,0,0,0,0,0
2205,0.357,0.264,16.410,17.031,17.453,0,0,0,0,0,0,0,0,0,0,0
2206,0.221,0.184,16.046,16.451,17.658,0,0,0,0,0,0,0,0,0,0,0
2207,0.194,0.178,16.653,17.025,17.062,0,0,0,0,0,0,0,0,0,0,0
2208,0.124,0.160,16.730,17.013,17.362,0,0,0,0,0,0,0,0,0,0,0
2209,0.127,0.191,16.702,17.021,17.355,0,0,0,0,0,0,0,0,0,0,0
2210,0.150,0.095,16.542,16.787,17.296,0,0,0,0,0,0,0,0,0,0,0
2211,0.140,0.171,16.709,17.020,17.075,0,0,0,0,0,0,0,0,0,0,0
2212,0.234,0.185,16.603,17.023,17.396,0,0,0,0,0,0,0,0,0,0,0
2213,0.187,0.148,16.681,17.016,17.339,0,0,0,0,0,0,0,0,0,0,0
2214,0.204,0.172,16.206,16.581,17.334,0,0,0,0,0,0,0,0,0,0,0
2215,0.211,0.136,16.673,17.021,16.882,0,0,0,0,0,0,0,0,0,0,0
2216,0.098,0.075,16.843,17.016,17.266,0,0,0,0,0,0,0,0,0,0,0
2217,0.084,0.090,16.840,17.014,17.295,0,0,0,0,0,0,0,0,0,0,0
2218,0.185,0.144,16.689,17.018,17.326,0,0,0,0,0,0,0,0,0,0,0
2219,0.291,0.290,15.736,16.317,17.423,0,0,0,0,0,0,0,0,0,0,0
2220,0.245,0.150,16.224,16.619,16.686,0,0,0,0,0,0,0,0,0,0,0
2221,0.169,0.156,16.696,17.021,16.929,0,0,0,0,0,0,0,0,0,0,0
2222,0.258,0.185,16.577,17.021,17.405,0,0,0,0,0,0,0,0,0,0,0
2223,0.239,0.153,15.801,16.193,17.387,0,0,0,0,0,0,0,0,0,0,0
2224,0.273,0.217,16.533,17.022,16.672,0,0,0,0,0,0,0,0,0,0,0
2225,0.235,0.172,16.081,16.488,17.391,0,0,0,0,0,0,0,0,0,0,0
2226,0.198,0.170,16.653,17.021,16.900,0,0,0,0,0,0,0,0,0,0,0
2227,0.242,0.165,16.609,17.015,17.615,0,0,0,0,0,0,0,0,0,0,0
2228,0.209,0.192,16.326,16.727,17.399,0,0,0,0,0,0,0,0,0,0,0
2229,0.236,0.263,15.790,16.289,17.111,0,0,0,0,0,0,0,0,0,0,0
2230,0.295,0.242,16.485,17.022,16.697,0,0,0,0,0,0,0,0,0,0,0
2231,0.112,0.102,16.818,17.032,17.259,0,0,0,0,0,0,0,0,0,0,0
2232,0.223,0.160,16.641,17.023,17.355,0,0,0,0,0,0,0,0,0,0,0
2233,0.168,0.167,16.679,17.014,17.346,0,0,0,0,0,0,0,0,0,0,0
2234,0.134,0.098,16.783,17.015,17.308,0,0,0,0,0,0,0,0,0,0,0
2235,0.136,0.086,16.788,17.010,17.273,0,0,0,0,0,0,0,0,0,0,0
2236,0.077,0.060,16.879,17.016,17.244,0,0,0,0,0,0,0,0,0,0,0
2237,0.155,0.136,16.728,17.019,17.307,0,0,0,0,0,0,0,0,0,0,0
2238,0.097,0.096,16.823,17.016,17.324,0,0,0,0,0,0,0,0,0,0,0
2239,0.112,0.092,16.810,17.014,17.296,0,0,0,0,0,0,0,0,0,0,0
2240,0.117,0.129,16.770,17.016,17.278,0,0,0,0,0,0,0,0,0,0,0
2241,0.153,0.139,16.726,17.018,17.313,0,0,0,0,0,0,0,0,0,0,0
2242,0.151,0.105,16.777,17.032,17.311,0,0,0,0,0,0,0,0,0,0,0
2243,0.166,0.144,16.730,17.041,17.385,0,0,0,0,0,0,0,0,0,0,0
2244,0.264,0.154,16.599,17.017,17.436,0,0,0,0,0,0,0,0,0,0,0
2245,0.167,0.164,15.923,16.254,17.335,0,0,0,0,0,0,0,0,0,0,0
2246,0.306,0.265,16.455,17.025,16.653,0,0,0,0,0,0,0,0,0,0,0
2247,0.251,0.182,16.590,17.024,17.433,0,0,0,0,0,0,0,0,0,0,0
2248,0.241,0.175,16.612,17.028,17.416,0,0,0,0,0,0,0,0,0,0,0
2249,0.313,0.190,16.516,17.019,17.401,0,0,0,0,0,0,0,0,0,0,0
2250,0.272,0.207,15.708,16.187,17.392,0,0,0,0,0,0,0,0,0,0,0
2251,0.103,0.112,16.808,17.023,16.442,0,0,0,0,0,0,0,0,0,0,0
2252,0.156,0.116,16.741,17.012,17.297,0,0,0,0,0,0,0,0,0,0,0
2253,0.063,0.052,16.899,17.013,17.227,0,0,0,0,0,0,0,0,0,0,0
2254,0.134,0.085,16.801,17.021,17.278,0,0,0,0,0,0,0,0,0,0,0
2255,0.100,0.092,16.602,16.794,17.280,0,0,0,0,0,0,0,0,0,0,0
2256,0.142,0.098,16.778,17.019,17.100,0,0,0,0,0,0,0,0,0,0,0
2257,0.079,0.099,16.723,16.902,17.311,0,0,0,0,0,0,0,0,0,0,0
2258,0.089,0.102,16.830,17.021,17.183,0,0,0,0,0,0,0,0,0,0,0
2259,0.144,0.130,16.747,17.021,17.336,0,0,0,0,0,0,0,0,0,0,0
2260,0.084,0.072,16.866,17.022,17.289,0,0,0,0,0,0,0,0,0,0,0
2261,0.178,0.117,16.728,17.023,17.392,0,0,0,0,0,0,0,0,0,0,0
2262,0.138,0.158,16.722,17.018,17.319,0,0,0,0,0,0,0,0,0,0,0
2263,0.158,0.130,16.726,17.014,17.341,0,0,0,0,0,0,0,0,0,0,0
2264,0.171,0.125,16.718,17.015,17.335,0,0,0,0,0,0,0,0,0,0,0
2265,0.184,0.160,16.675,17.019,17.377,0,0,0,0,0,0,0,0,0,0,0
2266,0.305,0.274,16.439,17.017,17.468,0,0,0,0,0,0,0,0,0,0,0
2267,0.107,0.090,16.830,17.026,17.283,0,0,0,0,0,0,0,0,0,0,0
2268,0.267,0.198,16.561,17.025,17.432,0,0,0,0,0,0,0,0,0,0,0
2269,0.198,0.213,16.608,17.019,17.402,0,0,0,0,0,0,0,0,0,0,0
2270,0.256,0.211,16.119,16.586,17.432,0,0,0,0,0,0,0,0,0,0,0
2271,0.239,0.158,16.628,17.025,17.091,0,0,0,0,0,0,0,0,0,0,0
2272,0.202,0.230,16.593,17.025,17.285,0,0,0,0,0,0,0,0,0,0,0
2273,0.345,0.191,16.482,17.018,17.469,0,0,0,0,0,0,0,0,0,0,0
2274,0.148,0.135,16.737,17.020,17.307,0,0,0,0,0,0,0,0,0,0,0
2275,0.199,0.139,16.685,17.023,17.395,0,0,0,0,0,0,0,0,0,0,0
2276,0.248,0.182,16.623,17.053,17.534,0,0,0,0,0,0,0,0,0,0,0
2277,0.229,0.168,16.625,17.022,17.417,0,0,0,0,0,0,0,0,0,0,0
2278,0.233,0.166,16.623,17.022,17.416,0,0,0,0,0,0,0,0,0,0,0
2279,0.246,0.209,16.405,16.860,17.432,0,0,0,0,0,0,0,0,0,0,0
2280,0.263,0.215,15.912,16.389,17.302,0,0,0,0,0,0,0,0,0,0,0
2281,0.153,0.204,16.671,17.029,16.710,0,0,0,0,0,0,0,0,0,0,0
2282,0.315,0.231,16.092,16.638,17.562,0,0,0,0,0,0,0,0,0,0,0
2283,0.232,0.180,16.609,17.021,16.955,0,0,0,0,0,0,0,0,0,0,0
2284,0.131,0.100,16.787,17.018,17.324,0,0,0,0,0,0,0,0,0,0,0
2285,0.232,0.161,16.626,17.020,17.470,0,0,0,0,0,0,0,0,0,0,0
2286,0.163,0.163,16.695,17.020,17.318,0,0,0,0,0,0,0,0,0,0,0
2287,0.205,0.239,16.577,17.021,17.359,0,0,0,0,0,0,0,0,0,0,0
2288,0.205,0.174,16.650,17.029,17.386,0,0,0,0,0,0,0,0,0,0,0
2289,0.174,0.165,16.585,16.924,17.425,0,0,0,0,0,0,0,0,0,0,0
2290,0.240,0.252,16.537,17.030,17.349,0,0,0,0,0,0,0,0,0,0,0
2291,0.303,0.194,16.525,17.022,17.536,0,0,0,0,0,0,0,0,0,0,0
2292,0.206,0.179,16.526,16.911,17.437,0,0,0,0,0,0,0,0,0,0,0
2293,0.220,0.210,16.587,17.017,17.303,0,0,0,0,0,0,0,0,0,0,0
2294,0.240,0.164,16.614,17.017,17.430,0,0,0,0,0,0,0,0,0,0,0
2295,0.282,0.270,16.466,17.018,17.411,0,0,0,0,0,0,0,0,0,0,0
2296,0.189,0.160,16.670,17.019,17.354,0,0,0,0,0,0,0,0,0,0,0
2297,0.231,0.187,15.949,16.366,17.402,0,0,0,0,0,0,0,0,0,0,0
2298,0.251,0.233,16.555,17.039,16.865,0,0,0,0,0,0,0,0,0,0,0
2299,0.277,0.202,16.258,16.737,17.501,0,0,0,0,0,0,0,0,0,0,0
2300,0.260,0.235,16.544,17.038,17.454,0,0,0,0,0,0,0,0,0,0,0
2301,0.300,0.515,16.211,17.026,17.735,0,0,0,0,0,0,0,0,0,0,0
2302,0.380,0.177,16.274,16.832,18.055,0,0,0,0,0,0,0,0,0,0,0
2303,0.196,0.190,16.636,17.022,17.231,0,0,0,0,0,0,0,0,0,0,0
2304,0.301,0.385,16.342,17.029,17.508,0,0,0,0,0,0,0,0,0,0,0
2305,0.292,0.295,16.442,17.028,17.774,0,0,0,0,0,0,0,0,0,0,0
2306,0.225,0.109,16.692,17.027,17.507,0,0,0,0,0,0,0,0,0,0,0
2307,0.258,0.223,16.552,17.033,17.508,0,0,0,0,0,0,0,0,0,0,0
2308,0.280,0.208,16.550,17.037,17.598,0,0,0,0,0,0,0,0,0,0,0
2309,0.337,0.229,16.457,17.023,17.743,0,0,0,0,0,0,0,0,0,0,0
2310,0.265,0.199,16.560,17.023,17.398,0,0,0,0,0,0,0,0,0,0,0
2311,0.249,0.134,16.639,17.022,17.410,0,0,0,0,0,0,0,0,0,0,0
2312,0.207,0.183,16.642,17.032,17.401,0,0,0,0,0,0,0,0,0,0,0
2313,0.326,0.226,16.476,17.028,17.739,0,0,0,0,0,0,0,0,0,0,0
2314,0.223,0.244,16.550,17.017,17.555,0,0,0,0,0,0,0,0,0,0,0
2315,0.206,0.231,16.583,17.020,17.357,0,0,0,0,0,0,0,0,0,0,0
2316,0.364,0.292,16.373,17.029,17.559,0,0,0,0,0,0,0,0,0,0,0
2317,0.199,0.194,16.656,17.050,17.402,0,0,0,0,0,0,0,0,0,0,0
2318,0.275,0.228,16.533,17.036,17.466,0,0,0,0,0,0,0,0,0,0,0
2319,0.304,0.274,15.606,16.184,17.803,0,0,0,0,0,0,0,0,0,0,0
2320,0.232,0.185,16.610,17.027,16.857,0,0,0,0,0,0,0,0,0,0,0
2321,0.217,0.170,16.638,17.024,17.643,0,0,0,0,0,0,0,0,0,0,0
2322,0.126,0.149,16.749,17.024,17.351,0,0,0,0,0,0,0,0,0,0,0
2323,0.341,0.393,16.306,17.040,17.450,0,0,0,0,0,0,0,0,0,0,0
2324,0.187,0.168,16.023,16.378,17.431,0,0,0,0,0,0,0,0,0,0,0
2325,0.272,0.222,15.612,16.106,16.823,0,0,0,0,0,0,0,0,0,0,0
2326,0.434,0.312,16.130,16.876,16.927,0,0,0,0,0,0,0,0,0,0,0
2327,0.206,0.476,15.977,16.659,17.266,0,0,0,0,0,0,0,0,0,0,0
2328,0.291,0.449,15.503,16.243,17.405,0,0,0,0,0,0,0,0,0,0,0
2329,0.241,0.241,16.540,17.022,16.784,0,0,0,0,0,0,0,0,0,0,0
2330,0.262,0.149,16.619,17.031,17.440,0,0,0,0,0,0,0,0,0,0,0
2331,0.295,0.245,15.711,16.251,17.973,0,0,0,0,0,0,0,0,0,0,0
2332,0.249,0.253,16.522,17.025,16.898,0,0,0,0,0,0,0,0,0,0,0
2333,0.357,0.235,16.439,17.031,17.612,0,0,0,0,0,0,0,0,0,0,0
2334,0.241,0.187,16.593,17.021,17.472,0,0,0,0,0,0,0,0,0,0,0
2335,0.332,0.202,16.490,17.024,17.626,0,0,0,0,0,0,0,0,0,0,0
2336,0.191,0.227,16.609,17.027,17.620,0,0,0,0,0,0,0,0,0,0,0
2337,0.286,0.237,16.502,17.025,17.455,0,0,0,0,0,0,0,0,0,0,0
2338,0.200,0.171,16.649,17.020,17.428,0,0,0,0,0,0,0,0,0,0,0
2339,0.207,0.177,16.322,16.706,17.283,0,0,0,0,0,0,0,0,0,0,0
2340,0.233,0.160,16.646,17.039,17.122,0,0,0,0,0,0,0,0,0,0,0
2341,0.293,0.281,15.825,16.399,17.741,0,0,0,0,0,0,0,0,0,0,0
2342,0.261,0.144,16.630,17.035,16.782,0,0,0,0,0,0,0,0,0,0,0
2343,0.163,0.127,15.826,16.115,17.616,0,0,0,0,0,0,0,0,0,0,0
2344,0.158,0.139,16.736,17.034,16.502,0,0,0,0,0,0,0,0,0,0,0
2345,0.322,0.239,16.476,17.037,17.766,0,0,0,0,0,0,0,0,0,0,0
2346,0.255,0.186,16.592,17.033,17.697,0,0,0,0,0,0,0,0,0,0,0
2347,0.241,0.314,16.100,16.655,17.443,0,0,0,0,0,0,0,0,0,0,0
2348,0.223,0.215,15.631,16.070,17.097,0,0,0,0,0,0,0,0,0,0,0
2349,0.312,0.310,16.417,17.039,16.702,0,0,0,0,0,0,0,0,0,0,0
2350,0.394,0.229,16.411,17.034,17.297,0,0,0,0,0,0,0,0,0,0,0
2351,0.357,0.258,16.418,17.033,17.292,0,0,0,0,0,0,0,0,0,0,0
2352,0.333,0.300,16.401,17.034,17.507,0,0,0,0,0,0,0,0,0,0,0
2353,0.366,0.313,16.353,17.032,17.741,0,0,0,0,0,0,0,0,0,0,0
2354,0.212,0.164,16.655,17.031,17.444,0,0,0,0,0,0,0,0,0,0,0
2355,0.296,0.258,15.973,16.527,17.724,0,0,0,0,0,0,0,0,0,0,0
2356,0.087,0.090,16.861,17.038,16.791,0,0,0,0,0,0,0,0,0,0,0
2357,0.370,0.244,16.427,17.040,17.716,0,0,0,0,0,0,0,0,0,0,0
2358,0.196,0.179,16.648,17.024,17.609,0,0,0,0,0,0,0,0,0,0,0
2359,0.170,0.169,16.687,17.025,17.620,0,0,0,0,0,0,0,0,0,0,0
2360,0.167,0.133,16.713,17.013,17.591,0,0,0,0,0,0,0,0,0,0,0
2361,0.112,0.069,15.913,16.094,17.246,0,0,0,0,0,0,0,0,0,0,0
2362,0.197,0.147,16.678,17.022,16.426,0,0,0,0,0,0,0,0,0,0,0
2363,0.168,0.177,16.454,16.799,17.375,0,0,0,0,0,0,0,0,0,0,0
2364,0.318,0.202,16.501,17.021,17.208,0,0,0,0,0,0,0,0,0,0,0
2365,0.136,0.240,16.642,17.018,17.345,0,0,0,0,0,0,0,0,0,0,0
2366,0.211,0.152,16.256,16.619,17.349,0,0,0,0,0,0,0,0,0,0,0
2367,0.348,0.273,16.409,17.030,17.327,0,0,0,0,0,0,0,0,0,0,0
2368,0.190,0.213,16.628,17.031,17.420,0,0,0,0,0,0,0,0,0,0,0
2369,0.441,0.344,16.243,17.029,17.780,0,0,0,0,0,0,0,0,0,0,0
2370,0.204,0.222,16.258,16.684,17.465,0,0,0,0,0,0,0,0,0,0,0
2371,0.227,0.217,16.573,17.017,17.132,0,0,0,0,0,0,0,0,0,0,0
2372,0.160,0.146,16.707,17.012,17.332,0,0,0,0,0,0,0,0,0,0,0
2373,0.185,0.185,16.660,17.029,17.350,0,0,0,0,0,0,0,0,0,0,0
2374,0.371,0.269,16.279,16.918,17.476,0,0,0,0,0,0,0,0,0,0,0
2375,0.196,0.180,16.656,17.032,17.604,0,0,0,0,0,0,0,0,0,0,0
2376,0.371,0.281,16.384,17.037,17.372,0,0,0,0,0,0,0,0,0,0,0
2377,0.189,0.206,16.623,17.018,17.596,0,0,0,0,0,0,0,0,0,0,0
2378,0.241,0.206,16.578,17.024,17.441,0,0,0,0,0,0,0,0,0,0,0
2379,0.349,0.330,15.948,16.627,17.774,0,0,0,0,0,0,0,0,0,0,0
2380,0.292,0.232,16.506,17.031,17.307,0,0,0,0,0,0,0,0,0,0,0
2381,0.331,0.291,16.196,16.818,17.632,0,0,0,0,0,0,0,0,0,0,0
2382,0.334,0.289,16.408,17.031,17.759,0,0,0,0,0,0,0,0,0,0,0
2383,0.343,0.244,16.438,17.026,17.536,0,0,0,0,0,0,0,0,0,0,0
2384,0.223,0.190,16.398,16.811,17.502,0,0,0,0,0,0,0,0,0,0,0
2385,0.248,0.195,16.378,16.821,17.293,0,0,0,0,0,0,0,0,0,0,0
2386,0.450,0.368,16.216,17.034,17.795,0,0,0,0,0,0,0,0,0,0,0
2387,0.269,0.226,16.297,16.792,17.626,0,0,0,0,0,0,0,0,0,0,0
2388,0.392,0.350,15.324,16.067,17.357,0,0,0,0,0,0,0,0,0,0,0
2389,0.239,0.323,16.478,17.041,16.615,0,0,0,0,0,0,0,0,0,0,0
2390,0.240,0.340,16.443,17.023,17.507,0,0,0,0,0,0,0,0,0,0,0
2391,0.341,0.410,16.285,17.037,18.031,0,0,0,0,0,0,0,0,0,0,0
2392,0.312,0.242,16.475,17.029,17.700,0,0,0,0,0,0,0,0,0,0,0
2393,0.200,0.149,16.689,17.038,17.489,0,0,0,0,0,0,0,0,0,0,0
2394,0.260,0.180,15.622,16.062,17.907,0,0,0,0,0,0,0,0,0,0,0
2395,0.263,0.177,16.596,17.035,16.478,0,0,0,0,0,0,0,0,0,0,0
2396,0.276,0.231,16.515,17.022,17.956,0,0,0,0,0,0,0,0,0,0,0
2397,0.131,0.093,16.793,17.016,17.424,0,0,0,0,0,0,0,0,0,0,0
2398,0.166,0.126,16.402,16.693,17.631,0,0,0,0,0,0,0,0,0,0,0
2399,0.106,0.167,16.280,16.553,17.506,0,0,0,0,0,0,0,0,0,0,0
2400,0.126,0.133,16.755,17.015,17.050,0,0,0,0,0,0,0,0,0,0,0
2401,0.154,0.103,16.759,17.017,17.375,0,0,0,0,0,0,0,0,0,0,0
2402,0.153,0.083,16.776,17.013,17.373,0,0,0,0,0,0,0,0,0,0,0
2403,0.127,0.095,16.842,17.064,17.382,0,0,0,0,0,0,0,0,0,0,0
2404,0.129,0.098,16.793,17.020,17.429,0,0,0,0,0,0,0,0,0,0,0
2405,0.209,0.147,16.298,16.654,17.407,0,0,0,0,0,0,0,0,0,0,0
2406,0.163,0.130,16.721,17.014,17.072,0,0,0,0,0,0,0,0,0,0,0
2407,0.186,0.121,16.708,17.015,17.434,0,0,0,0,0,0,0,0,0,0,0
2408,0.123,0.093,16.800,17.016,17.386,0,0,0,0,0,0,0,0,0,0,0
2409,0.228,0.170,16.626,17.024,17.483,0,0,0,0,0,0,0,0,0,0,0
2410,0.267,0.175,16.578,17.020,17.593,0,0,0,0,0,0,0,0,0,0,0
2411,0.170,0.188,16.666,17.024,17.449,0,0,0,0,0,0,0,0,0,0,0
2412,0.279,0.404,16.341,17.024,17.520,0,0,0,0,0,0,0,0,0,0,0
2413,0.228,0.237,16.559,17.025,17.544,0,0,0,0,0,0,0,0,0,0,0
2414,0.244,0.200,16.008,16.452,17.544,0,0,0,0,0,0,0,0,0,0,0
2415,0.144,0.500,16.372,17.017,16.839,0,0,0,0,0,0,0,0,0,0,0
2416,0.087,0.072,16.854,17.013,17.351,0,0,0,0,0,0,0,0,0,0,0
2417,0.175,0.129,16.116,16.420,17.437,0,0,0,0,0,0,0,0,0,0,0
2418,0.126,0.107,16.671,16.904,16.822,0,0,0,0,0,0,0,0,0,0,0
2419,0.201,0.133,16.682,17.016,17.367,0,0,0,0,0,0,0,0,0,0,0
2420,0.187,0.162,16.061,16.410,17.481,0,0,0,0,0,0,0,0,0,0,0
2421,0.269,0.233,16.527,17.029,16.877,0,0,0,0,0,0,0,0,0,0,0
2422,0.270,0.188,15.897,16.355,17.612,0,0,0,0,0,0,0,0,0,0,0
2423,0.185,0.232,16.260,16.677,16.844,0,0,0,0,0,0,0,0,0,0,0
2424,0.305,0.247,16.477,17.030,17.221,0,0,0,0,0,0,0,0,0,0,0
2425,0.218,0.149,16.670,17.037,17.522,0,0,0,0,0,0,0,0,0,0,0
2426,0.275,0.229,16.523,17.027,17.572,0,0,0,0,0,0,0,0,0,0,0
2427,0.221,0.168,16.635,17.025,17.559,0,0,0,0,0,0,0,0,0,0,0
2428,0.261,0.193,16.575,17.029,17.499,0,0,0,0,0,0,0,0,0,0,0
2429,0.222,0.167,16.626,17.016,17.559,0,0,0,0,0,0,0,0,0,0,0
2430,0.170,0.197,16.650,17.016,17.476,0,0,0,0,0,0,0,0,0,0,0
2431,0.336,0.208,16.476,17.020,17.484,0,0,0,0,0,0,0,0,0,0,0
2432,0.166,0.192,16.671,17.028,17.439,0,0,0,0,0,0,0,0,0,0,0
2433,0.277,0.225,16.462,16.964,17.520,0,0,0,0,0,0,0,0,0,0,0
2434,0.245,0.195,16.582,17.021,17.515,0,0,0,0,0,0,0,0,0,0,0
2435,0.178,0.172,16.676,17.027,17.439,0,0,0,0,0,0,0,0,0,0,0
2436,0.326,0.255,16.436,17.017,17.387,0,0,0,0,0,0,0,0,0,0,0
2437,0.188,0.187,16.645,17.020,17.472,0,0,0,0,0,0,0,0,0,0,0
2438,0.256,0.132,16.628,17.016,17.828,0,0,0,0,0,0,0,0,0,0,0
2439,0.207,0.157,16.655,17.019,17.472,0,0,0,0,0,0,0,0,0,0,0
2440,0.199,0.138,16.560,16.897,17.473,0,0,0,0,0,0,0,0,0,0,0
2441,0.309,0.213,16.501,17.024,17.427,0,0,0,0,0,0,0,0,0,0,0
2442,0.146,0.120,16.755,17.021,17.412,0,0,0,0,0,0,0,0,0,0,0
2443,0.271,0.242,16.508,17.020,17.531,0,0,0,0,0,0,0,0,0,0,0
2444,0.167,0.140,16.719,17.027,17.422,0,0,0,0,0,0,0,0,0,0,0
2445,0.263,0.180,16.583,17.026,17.604,0,0,0,0,0,0,0,0,0,0,0
2446,0.227,0.156,16.656,17.039,17.462,0,0,0,0,0,0,0,0,0,0,0
2447,0.340,0.269,16.424,17.034,18.115,0,0,0,0,0,0,0,0,0,0,0
2448,0.278,0.243,15.840,16.361,17.994,0,0,0,0,0,0,0,0,0,0,0
2449,0.256,0.197,16.571,17.023,16.836,0,0,0,0,0,0,0,0,0,0,0
2450,0.232,0.205,15.932,16.369,17.530,0,0,0,0,0,0,0,0,0,0,0
2451,0.334,0.196,16.503,17.033,17.191,0,0,0,0,0,0,0,0,0,0,0
2452,0.214,0.187,16.632,17.033,17.484,0,0,0,0,0,0,0,0,0,0,0
2453,0.343,0.283,16.402,17.028,17.862,0,0,0,0,0,0,0,0,0,0,0
2454,0.246,0.269,16.373,16.888,17.889,0,0,0,0,0,0,0,0,0,0,0
2455,0.381,0.425,16.227,17.033,17.706,0,0,0,0,0,0,0,0,0,0,0
2456,0.238,0.201,16.499,16.939,17.838,0,0,0,0,0,0,0,0,0,0,0
2457,0.205,0.124,16.505,16.835,17.807,0,0,0,0,0,0,0,0,0,0,0
2458,0.150,0.142,16.733,17.025,17.214,0,0,0,0,0,0,0,0,0,0,0
2459,0.184,0.112,16.728,17.024,17.437,0,0,0,0,0,0,0,0,0,0,0
2460,0.329,0.307,16.390,17.026,18.093,0,0,0,0,0,0,0,0,0,0,0
2461,0.204,0.195,16.632,17.031,17.504,0,0,0,0,0,0,0,0,0,0,0
2462,0.347,0.283,16.393,17.023,17.807,0,0,0,0,0,0,0,0,0,0,0
2463,0.243,0.205,16.574,17.023,17.522,0,0,0,0,0,0,0,0,0,0,0
2464,0.242,0.255,16.523,17.020,17.510,0,0,0,0,0,0,0,0,0,0,0
2465,0.213,0.151,15.917,16.280,17.476,0,0,0,0,0,0,0,0,0,0,0
2466,0.247,0.189,16.587,17.022,16.812,0,0,0,0,0,0,0,0,0,0,0
2467,0.274,0.207,16.532,17.014,17.526,0,0,0,0,0,0,0,0,0,0,0
2468,0.141,0.149,16.727,17.017,17.449,0,0,0,0,0,0,0,0,0,0,0
2469,0.317,0.228,16.482,17.027,17.518,0,0,0,0,0,0,0,0,0,0,0
2470,0.197,0.183,16.639,17.018,17.494,0,0,0,0,0,0,0,0,0,0,0
2471,0.092,0.177,16.754,17.024,17.340,0,0,0,0,0,0,0,0,0,0,0
2472,0.336,0.267,16.418,17.021,17.962,0,0,0,0,0,0,0,0,0,0,0
2473,0.133,0.114,16.783,17.029,17.401,0,0,0,0,0,0,0,0,0,0,0
2474,0.307,0.187,16.540,17.035,17.989,0,0,0,0,0,0,0,0,0,0,0
2475,0.233,0.442,15.883,16.559,17.942,0,0,0,0,0,0,0,0,0,0,0
2476,0.322,0.233,15.993,16.548,17.071,0,0,0,0,0,0,0,0,0,0,0
2477,0.183,0.167,16.683,17.032,17.004,0,0,0,0,0,0,0,0,0,0,0
2478,0.374,0.250,15.917,16.541,17.950,0,0,0,0,0,0,0,0,0,0,0
2479,0.299,0.222,16.506,17.027,17.051,0,0,0,0,0,0,0,0,0,0,0
2480,0.217,0.218,16.588,17.023,17.653,0,0,0,0,0,0,0,0,0,0,0
2481,0.258,0.194,16.576,17.029,17.458,0,0,0,0,0,0,0,0,0,0,0
2482,0.149,0.132,16.742,17.022,17.799,0,0,0,0,0,0,0,0,0,0,0
2483,0.229,0.160,16.095,16.484,17.495,0,0,0,0,0,0,0,0,0,0,0
2484,0.234,0.276,16.519,17.030,17.167,0,0,0,0,0,0,0,0,0,0,0
2485,0.272,0.266,16.504,17.042,17.876,0,0,0,0,0,0,0,0,0,0,0
2486,0.339,0.263,16.416,17.018,18.097,0,0,0,0,0,0,0,0,0,0,0
2487,0.142,0.101,16.704,16.946,17.438,0,0,0,0,0,0,0,0,0,0,0
2488,0.212,0.150,16.667,17.028,17.460,0,0,0,0,0,0,0,0,0,0,0
2489,0.229,0.180,16.623,17.031,17.866,0,0,0,0,0,0,0,0,0,0,0
2490,0.248,0.162,16.620,17.030,17.536,0,0,0,0,0,0,0,0,0,0,0
2491,0.266,0.202,16.559,17.027,17.886,0,0,0,0,0,0,0,0,0,0,0
2492,0.227,0.160,16.659,17.046,17.879,0,0,0,0,0,0,0,0,0,0,0
2493,0.301,0.257,16.464,17.022,17.920,0,0,0,0,0,0,0,0,0,0,0
2494,0.088,0.098,16.674,16.860,17.401,0,0,0,0,0,0,0,0,0,0,0
2495,0.298,0.318,16.416,17.032,17.374,0,0,0,0,0,0,0,0,0,0,0
2496,0.192,0.239,16.589,17.020,17.492,0,0,0,0,0,0,0,0,0,0,0
2497,0.214,0.290,16.518,17.022,17.513,0,0,0,0,0,0,0,0,0,0,0
2498,0.245,0.180,16.602,17.026,17.562,0,0,0,0,0,0,0,0,0,0,0
2499,0.223,0.195,16.159,16.577,17.699,0,0,0,0,0,0,0,0,0,0,0
2500,0.261,0.176,16.586,17.022,17.068,0,0,0,0,0,0,0,0,0,0,0
2501,0.178,0.150,16.700,17.028,17.539,0,0,0,0,0,0,0,0,0,0,0
2502,0.329,0.277,15.876,16.482,17.469,0,0,0,0,0,0,0,0,0,0,0
2503,0.192,0.172,16.660,17.024,16.945,0,0,0,0,0,0,0,0,0,0,0
2504,0.256,0.196,16.583,17.035,17.969,0,0,0,0,0,0,0,0,0,0,0
2505,0.253,0.307,15.960,16.520,17.988,0,0,0,0,0,0,0,0,0,0,0
2506,0.252,0.250,16.530,17.032,17.305,0,0,0,0,0,0,0,0,0,0,0
2507,0.217,0.207,15.648,16.072,17.832,0,0,0,0,0,0,0,0,0,0,0
2508,0.169,0.144,16.710,17.024,16.885,0,0,0,0,0,0,0,0,0,0,0
2509,0.175,0.135,16.613,16.923,17.788,0,0,0,0,0,0,0,0,0,0,0
2510,0.155,0.108,16.193,16.456,17.336,0,0,0,0,0,0,0,0,0,0,0
2511,0.078,0.085,16.858,17.021,16.816,0,0,0,0,0,0,0,0,0,0,0
2512,0.219,0.135,16.666,17.019,17.401,0,0,0,0,0,0,0,0,0,0,0
2513,0.247,0.182,16.599,17.027,17.841,0,0,0,0,0,0,0,0,0,0,0
2514,0.178,0.122,16.421,16.721,17.461,0,0,0,0,0,0,0,0,0,0,0
2515,0.251,0.171,16.608,17.029,17.212,0,0,0,0,0,0,0,0,0,0,0
2516,0.321,0.184,15.538,16.042,17.444,0,0,0,0,0,0,0,0,0,0,0
2517,0.293,0.170,16.010,16.473,16.552,0,0,0,0,0,0,0,0,0,0,0
2518,0.213,0.233,16.592,17.039,16.958,0,0,0,0,0,0,0,0,0,0,0
2519,0.341,0.221,16.469,17.031,17.437,0,0,0,0,0,0,0,0,0,0,0
2520,0.288,0.178,15.999,16.465,17.508,0,0,0,0,0,0,0,0,0,0,0
2521,0.215,0.112,16.703,17.031,16.895,0,0,0,0,0,0,0,0,0,0,0
2522,0.321,0.213,16.492,17.027,17.915,0,0,0,0,0,0,0,0,0,0,0
2523,0.203,0.157,16.669,17.029,17.519,0,0,0,0,0,0,0,0,0,0,0
2524,0.426,0.283,16.312,17.021,17.595,0,0,0,0,0,0,0,0,0,0,0
2525,0.333,0.251,16.446,17.030,17.734,0,0,0,0,0,0,0,0,0,0,0
2526,0.359,0.259,16.417,17.036,17.479,0,0,0,0,0,0,0,0,0,0,0
2527,0.227,0.181,16.395,16.803,17.528,0,0,0,0,0,0,0,0,0,0,0
2528,0.312,0.233,16.474,17.019,17.732,0,0,0,0,0,0,0,0,0,0,0
2529,0.092,0.069,16.853,17.014,17.361,0,0,0,0,0,0,0,0,0,0,0
2530,0.136,0.126,16.765,17.026,17.403,0,0,0,0,0,0,0,0,0,0,0
2531,0.362,0.221,16.443,17.026,17.501,0,0,0,0,0,0,0,0,0,0,0
2532,0.208,0.152,16.652,17.012,17.805,0,0,0,0,0,0,0,0,0,0,0
2533,0.147,0.113,16.757,17.018,17.477,0,0,0,0,0,0,0,0,0,0,0
2534,0.254,0.202,16.576,17.032,17.464,0,0,0,0,0,0,0,0,0,0,0
2535,0.295,0.181,16.538,17.014,17.489,0,0,0,0,0,0,0,0,0,0,0
2536,0.365,0.349,16.314,17.028,18.033,0,0,0,0,0,0,0,0,0,0,0
2537,0.190,0.151,16.697,17.039,17.773,0,0,0,0,0,0,0,0,0,0,0
2538,0.372,0.250,16.327,16.948,17.936,0,0,0,0,0,0,0,0,0,0,0
2539,0.261,0.238,16.523,17.023,17.774,0,0,0,0,0,0,0,0,0,0,0
2540,0.156,0.126,16.740,17.021,17.789,0,0,0,0,0,0,0,0,0,0,0
2541,0.214,0.183,16.646,17.042,17.639,0,0,0,0,0,0,0,0,0,0,0
2542,0.181,0.158,16.686,17.025,17.834,0,0,0,0,0,0,0,0,0,0,0
2543,0.171,0.133,16.728,17.032,17.799,0,0,0,0,0,0,0,0,0,0,0
2544,0.173,0.188,16.664,17.024,17.854,0,0,0,0,0,0,0,0,0,0,0
2545,0.160,0.152,16.294,16.606,17.791,0,0,0,0,0,0,0,0,0,0,0
2546,0.242,0.205,16.587,17.034,17.455,0,0,0,0,0,0,0,0,0,0,0
2547,0.173,0.344,16.506,17.024,17.803,0,0,0,0,0,0,0,0,0,0,0
2548,0.184,0.222,16.618,17.024,17.834,0,0,0,0,0,0,0,0,0,0,0
2549,0.160,0.141,16.508,16.810,17.787,0,0,0,0,0,0,0,0,0,0,0
2550,0.186,0.181,16.646,17.013,17.595,0,0,0,0,0,0,0,0,0,0,0
2551,0.174,0.155,16.694,17.023,17.809,0,0,0,0,0,0,0,0,0,0,0
2552,0.214,0.158,16.656,17.028,17.657,0,0,0,0,0,0,0,0,0,0,0
2553,0.101,0.104,16.816,17.021,17.378,0,0,0,0,0,0,0,0,0,0,0
2554,0.273,0.144,16.601,17.019,17.453,0,0,0,0,0,0,0,0,0,0,0
2555,0.147,0.121,16.751,17.019,17.434,0,0,0,0,0,0,0,0,0,0,0
2556,0.152,0.179,16.692,17.023,17.528,0,0,0,0,0,0,0,0,0,0,0
2557,0.236,0.166,16.633,17.034,17.465,0,0,0,0,0,0,0,0,0,0,0
2558,0.332,0.168,16.525,17.025,17.544,0,0,0,0,0,0,0,0,0,0,0
2559,0.258,0.196,16.587,17.041,17.622,0,0,0,0,0,0,0,0,0,0,0
2560,0.242,0.415,16.367,17.024,17.914,0,0,0,0,0,0,0,0,0,0,0
2561,0.205,0.198,16.661,17.063,17.495,0,0,0,0,0,0,0,0,0,0,0
2562,0.395,0.353,16.282,17.030,18.190,0,0,0,0,0,0,0,0,0,0,0
2563,0.237,0.194,16.605,17.036,17.505,0,0,0,0,0,0,0,0,0,0,0
2564,0.328,0.230,16.460,17.018,17.665,0,0,0,0,0,0,0,0,0,0,0
2565,0.233,0.176,16.618,17.027,17.446,0,0,0,0,0,0,0,0,0,0,0
2566,0.377,0.209,15.882,16.468,17.499,0,0,0,0,0,0,0,0,0,0,0
2567,0.212,0.161,16.646,17.020,16.915,0,0,0,0,0,0,0,0,0,0,0
2568,0.212,0.233,16.588,17.033,17.541,0,0,0,0,0,0,0,0,0,0,0
2569,0.510,0.229,16.294,17.033,17.539,0,0,0,0,0,0,0,0,0,0,0
2570,0.396,0.460,16.196,17.052,17.859,0,0,0,0,0,0,0,0,0,0,0
2571,0.369,0.305,16.357,17.031,17.617,0,0,0,0,0,0,0,0,0,0,0
2572,0.183,0.126,16.724,17.033,17.877,0,0,0,0,0,0,0,0,0,0,0
2573,0.336,0.240,16.450,17.026,18.001,0,0,0,0,0,0,0,0,0,0,0
2574,0.320,0.216,16.491,17.026,17.750,0,0,0,0,0,0,0,0,0,0,0
2575,0.181,0.198,16.653,17.031,17.546,0,0,0,0,0,0,0,0,0,0,0
2576,0.313,0.290,16.434,17.036,17.567,0,0,0,0,0,0,0,0,0,0,0
2577,0.362,0.259,16.400,17.021,18.004,0,0,0,0,0,0,0,0,0,0,0
2578,0.084,0.067,16.868,17.019,17.355,0,0,0,0,0,0,0,0,0,0,0
2579,0.163,0.144,16.722,17.029,17.802,0,0,0,0,0,0,0,0,0,0,0
2580,0.188,0.171,16.312,16.671,17.814,0,0,0,0,0,0,0,0,0,0,0
2581,0.183,0.221,15.888,16.292,17.159,0,0,0,0,0,0,0,0,0,0,0
2582,0.187,0.190,16.640,17.017,17.050,0,0,0,0,0,0,0,0,0,0,0
2583,0.160,0.099,16.768,17.027,17.369,0,0,0,0,0,0,0,0,0,0,0
2584,0.237,0.163,16.321,16.722,17.580,0,0,0,0,0,0,0,0,0,0,0
2585,0.269,0.168,16.587,17.023,17.141,0,0,0,0,0,0,0,0,0,0,0
2586,0.162,0.130,16.726,17.018,17.844,0,0,0,0,0,0,0,0,0,0,0
2587,0.151,0.141,16.733,17.025,17.437,0,0,0,0,0,0,0,0,0,0,0
2588,0.330,0.175,16.518,17.023,17.474,0,0,0,0,0,0,0,0,0,0,0
2589,0.290,0.175,16.568,17.033,17.480,0,0,0,0,0,0,0,0,0,0,0
2590,0.317,0.217,16.499,17.033,17.467,0,0,0,0,0,0,0,0,0,0,0
2591,0.200,0.158,16.683,17.041,17.872,0,0,0,0,0,0,0,0,0,0,0
2592,0.373,0.299,16.369,17.041,17.941,0,0,0,0,0,0,0,0,0,0,0
2593,0.200,0.129,16.700,17.029,17.545,0,0,0,0,0,0,0,0,0,0,0
2594,0.309,0.260,16.466,17.035,17.698,0,0,0,0,0,0,0,0,0,0,0
2595,0.267,0.158,16.612,17.037,17.467,0,0,0,0,0,0,0,0,0,0,0
2596,0.220,0.168,15.680,16.067,17.932,0,0,0,0,0,0,0,0,0,0,0
2597,0.203,0.159,16.489,16.851,16.885,0,0,0,0,0,0,0,0,0,0,0
2598,0.197,0.186,16.648,17.030,17.635,0,0,0,0,0,0,0,0,0,0,0
2599,0.164,0.128,16.746,17.037,17.821,0,0,0,0,0,0,0,0,0,0,0
2600,0.180,0.167,16.684,17.031,17.881,0,0,0,0,0,0,0,0,0,0,0
2601,0.352,0.212,16.074,16.639,17.914,0,0,0,0,0,0,0,0,0,0,0
2602,0.133,0.115,16.430,16.677,17.145,0,0,0,0,0,0,0,0,0,0,0
2603,0.202,0.403,16.424,17.029,17.145,0,0,0,0,0,0,0,0,0,0,0
2604,0.447,0.299,16.284,17.030,18.249,0,0,0,0,0,0,0,0,0,0,0
2605,0.217,0.184,16.627,17.028,17.885,0,0,0,0,0,0,0,0,0,0,0
2606,0.156,0.131,16.741,17.029,17.800,0,0,0,0,0,0,0,0,0,0,0
2607,0.258,0.192,15.879,16.329,17.894,0,0,0,0,0,0,0,0,0,0,0
2608,0.160,0.170,16.059,16.390,16.775,0,0,0,0,0,0,0,0,0,0,0
2609,0.226,0.143,16.663,17.031,16.858,0,0,0,0,0,0,0,0,0,0,0
2610,0.131,0.114,16.773,17.018,17.374,0,0,0,0,0,0,0,0,0,0,0
2611,0.290,0.156,15.703,16.149,17.439,0,0,0,0,0,0,0,0,0,0,0
2612,0.171,0.114,16.744,17.028,16.578,0,0,0,0,0,0,0,0,0,0,0
2613,0.280,0.201,16.554,17.035,17.423,0,0,0,0,0,0,0,0,0,0,0
2614,0.268,0.310,16.472,17.049,17.939,0,0,0,0,0,0,0,0,0,0,0
2615,0.283,0.227,16.531,17.041,17.940,0,0,0,0,0,0,0,0,0,0,0
2616,0.224,0.250,16.558,17.033,17.895,0,0,0,0,0,0,0,0,0,0,0
2617,0.169,0.135,16.729,17.033,17.792,0,0,0,0,0,0,0,0,0,0,0
2618,0.236,0.163,15.758,16.157,17.951,0,0,0,0,0,0,0,0,0,0,0
2619,0.192,0.216,16.621,17.029,16.994,0,0,0,0,0,0,0,0,0,0,0
2620,0.168,0.172,16.681,17.021,17.660,0,0,0,0,0,0,0,0,0,0,0
2621,0.205,0.276,15.914,16.395,17.871,0,0,0,0,0,0,0,0,0,0,0
2622,0.201,0.166,16.654,17.021,17.222,0,0,0,0,0,0,0,0,0,0,0
2623,0.106,0.077,16.311,16.493,17.845,0,0,0,0,0,0,0,0,0,0,0
2624,0.170,0.198,15.951,16.319,16.887,0,0,0,0,0,0,0,0,0,0,0
2625,0.250,0.232,15.631,16.113,17.148,0,0,0,0,0,0,0,0,0,0,0
2626,0.505,0.275,16.243,17.023,17.153,0,0,0,0,0,0,0,0,0,0,0
2627,0.198,0.152,16.669,17.020,17.464,0,0,0,0,0,0,0,0,0,0,0
2628,0.235,0.191,16.601,17.027,17.503,0,0,0,0,0,0,0,0,0,0,0
2629,0.216,0.177,16.625,17.019,17.869,0,0,0,0,0,0,0,0,0,0,0
2630,0.124,0.093,16.805,17.022,17.360,0,0,0,0,0,0,0,0,0,0,0
2631,0.186,0.143,16.690,17.019,17.809,0,0,0,0,0,0,0,0,0,0,0
2632,0.109,0.165,16.250,16.524,17.430,0,0,0,0,0,0,0,0,0,0,0
2633,0.145,0.128,16.746,17.019,16.913,0,0,0,0,0,0,0,0,0,0,0
2634,0.334,0.208,15.543,16.086,17.553,0,0,0,0,0,0,0,0,0,0,0
2635,0.241,0.199,16.136,16.576,16.571,0,0,0,0,0,0,0,0,0,0,0
2636,0.200,0.138,16.681,17.018,16.913,0,0,0,0,0,0,0,0,0,0,0
2637,0.138,0.117,16.765,17.020,17.335,0,0,0,0,0,0,0,0,0,0,0
2638,0.235,0.157,16.637,17.029,17.415,0,0,0,0,0,0,0,0,0,0,0
2639,0.208,0.175,16.652,17.035,17.830,0,0,0,0,0,0,0,0,0,0,0
2640,0.154,0.179,16.694,17.027,17.818,0,0,0,0,0,0,0,0,0,0,0
2641,0.345,0.317,16.359,17.021,17.909,0,0,0,0,0,0,0,0,0,0,0
2642,0.111,0.210,16.697,17.018,17.344,0,0,0,0,0,0,0,0,0,0,0
2643,0.160,0.141,16.718,17.019,17.768,0,0,0,0,0,0,0,0,0,0,0
2644,0.137,0.172,16.712,17.020,17.475,0,0,0,0,0,0,0,0,0,0,0
2645,0.382,0.251,16.381,17.015,17.471,0,0,0,0,0,0,0,0,0,0,0
2646,0.125,0.250,15.734,16.109,17.338,0,0,0,0,0,0,0,0,0,0,0
2647,0.207,0.168,16.664,17.039,16.528,0,0,0,0,0,0,0,0,0,0,0
2648,0.334,0.236,16.444,17.013,17.917,0,0,0,0,0,0,0,0,0,0,0
2649,0.357,0.200,16.472,17.029,17.899,0,0,0,0,0,0,0,0,0,0,0
2650,0.262,0.197,16.589,17.048,17.844,0,0,0,0,0,0,0,0,0,0,0
2651,0.220,0.202,16.603,17.025,17.982,0,0,0,0,0,0,0,0,0,0,0
2652,0.129,0.113,16.784,17.026,17.736,0,0,0,0,0,0,0,0,0,0,0
2653,0.304,0.155,16.557,17.015,17.459,0,0,0,0,0,0,0,0,0,0,0
2654,0.153,0.123,16.746,17.022,17.503,0,0,0,0,0,0,0,0,0,0,0
2655,0.262,0.186,16.575,17.023,17.466,0,0,0,0,0,0,0,0,0,0,0
2656,0.268,0.253,16.505,17.027,17.513,0,0,0,0,0,0,0,0,0,0,0
2657,0.320,0.180,15.605,16.105,17.602,0,0,0,0,0,0,0,0,0,0,0
2658,0.263,0.166,15.598,16.027,16.579,0,0,0,0,0,0,0,0,0,0,0
2659,0.239,0.206,16.056,16.502,16.459,0,0,0,0,0,0,0,0,0,0,0
2660,0.375,0.278,16.379,17.032,17.517,0,0,0,0,0,0,0,0,0,0,0
2661,0.430,0.241,16.353,17.025,17.650,0,0,0,0,0,0,0,0,0,0,0
2662,0.206,0.158,16.667,17.031,17.476,0,0,0,0,0,0,0,0,0,0,0
2663,0.222,0.233,16.567,17.022,17.857,0,0,0,0,0,0,0,0,0,0,0
2664,0.252,0.122,16.642,17.016,17.396,0,0,0,0,0,0,0,0,0,0,0
2665,0.139,0.117,16.768,17.023,17.351,0,0,0,0,0,0,0,0,0,0,0
2666,0.290,0.414,16.331,17.035,17.900,0,0,0,0,0,0,0,0,0,0,0
2667,0.200,0.210,16.614,17.024,17.828,0,0,0,0,0,0,0,0,0,0,0
2668,0.382,0.268,16.373,17.023,17.531,0,0,0,0,0,0,0,0,0,0,0
2669,0.223,0.119,15.899,16.240,17.468,0,0,0,0,0,0,0,0,0,0,0
2670,0.226,0.200,16.598,17.024,16.731,0,0,0,0,0,0,0,0,0,0,0
2671,0.231,0.145,16.654,17.031,17.638,0,0,0,0,0,0,0,0,0,0,0
2672,0.437,0.242,16.355,17.034,17.646,0,0,0,0,0,0,0,0,0,0,0
2673,0.336,0.254,16.458,17.048,17.631,0,0,0,0,0,0,0,0,0,0,0
2674,0.466,0.293,16.278,17.037,18.082,0,0,0,0,0,0,0,0,0,0,0
2675,0.209,0.219,16.608,17.036,17.514,0,0,0,0,0,0,0,0,0,0,0
2676,0.427,0.256,16.352,17.036,18.194,0,0,0,0,0,0,0,0,0,0,0
2677,0.332,0.286,16.411,17.029,17.964,0,0,0,0,0,0,0,0,0,0,0
2678,0.262,0.229,16.538,17.029,17.538,0,0,0,0,0,0,0,0,0,0,0
2679,0.241,0.246,16.544,17.031,17.535,0,0,0,0,0,0,0,0,0,0,0
2680,0.438,0.260,16.342,17.040,17.605,0,0,0,0,0,0,0,0,0,0,0
2681,0.519,0.403,15.247,16.170,17.990,0,0,0,0,0,0,0,0,0,0,0
2682,0.218,0.201,16.331,16.750,16.617,0,0,0,0,0,0,0,0,0,0,0
2683,0.508,0.407,16.124,17.039,17.584,0,0,0,0,0,0,0,0,0,0,0
2684,0.417,0.326,16.290,17.033,17.932,0,0,0,0,0,0,0,0,0,0,0
2685,0.299,0.240,16.490,17.029,17.401,0,0,0,0,0,0,0,0,0,0,0
2686,0.268,0.261,16.511,17.039,17.524,0,0,0,0,0,0,0,0,0,0,0
2687,0.429,0.301,16.294,17.025,17.545,0,0,0,0,0,0,0,0,0,0,0
2688,0.292,0.248,16.496,17.036,17.506,0,0,0,0,0,0,0,0,0,0,0
2689,0.418,0.238,16.379,17.035,17.668,0,0,0,0,0,0,0,0,0,0,0
2690,0.394,0.265,16.373,17.031,17.603,0,0,0,0,0,0,0,0,0,0,0
2691,0.426,0.268,15.653,16.347,17.445,0,0,0,0,0,0,0,0,0,0,0
2692,0.290,0.228,16.137,16.655,16.850,0,0,0,0,0,0,0,0,0,0,0
2693,0.161,0.114,16.760,17.034,17.015,0,0,0,0,0,0,0,0,0,0,0
2694,0.280,0.256,16.496,17.031,17.866,0,0,0,0,0,0,0,0,0,0,0
2695,0.294,0.218,16.517,17.029,17.506,0,0,0,0,0,0,0,0,0,0,0
2696,0.241,0.232,16.546,17.019,17.455,0,0,0,0,0,0,0,0,0,0,0
2697,0.240,0.208,16.578,17.026,17.424,0,0,0,0,0,0,0,0,0,0,0
2698,0.193,0.160,16.061,16.413,17.470,0,0,0,0,0,0,0,0,0,0,0
2699,0.206,0.214,16.606,17.026,16.803,0,0,0,0,0,0,0,0,0,0,0
2700,0.427,0.325,15.955,16.707,17.867,0,0,0,0,0,0,0,0,0,0,0
2701,0.216,0.174,16.636,17.026,17.354,0,0,0,0,0,0,0,0,0,0,0
2702,0.256,0.206,16.454,16.917,17.497,0,0,0,0,0,0,0,0,0,0,0
2703,0.315,0.239,16.479,17.033,17.839,0,0,0,0,0,0,0,0,0,0,0
2704,0.304,0.214,16.505,17.023,17.624,0,0,0,0,0,0,0,0,0,0,0
2705,0.257,0.231,16.545,17.032,17.507,0,0,0,0,0,0,0,0,0,0,0
2706,0.458,0.285,16.284,17.027,17.609,0,0,0,0,0,0,0,0,0,0,0
2707,0.267,0.169,15.828,16.264,17.559,0,0,0,0,0,0,0,0,0,0,0
2708,0.235,0.200,16.597,17.032,16.806,0,0,0,0,0,0,0,0,0,0,0
2709,0.284,0.260,15.870,16.414,17.599,0,0,0,0,0,0,0,0,0,0,0
2710,0.673,0.414,15.951,17.038,17.383,0,0,0,0,0,0,0,0,0,0,0
2711,0.215,0.190,16.616,17.021,17.680,0,0,0,0,0,0,0,0,0,0,0
2712,0.287,0.210,16.134,16.631,17.536,0,0,0,0,0,0,0,0,0,0,0
2713,0.225,0.191,16.611,17.027,17.123,0,0,0,0,0,0,0,0,0,0,0
2714,0.331,0.274,16.414,17.019,18.022,0,0,0,0,0,0,0,0,0,0,0
2715,0.238,0.184,16.608,17.029,17.492,0,0,0,0,0,0,0,0,0,0,0
2716,0.255,0.229,16.537,17.021,17.814,0,0,0,0,0,0,0,0,0,0,0
2717,0.328,0.216,15.845,16.389,17.451,0,0,0,0,0,0,0,0,0,0,0
2718,0.315,0.265,16.184,16.764,17.399,0,0,0,0,0,0,0,0,0,0,0
2719,0.202,0.180,16.655,17.036,17.262,0,0,0,0,0,0,0,0,0,0,0
2720,0.214,0.239,16.573,17.026,17.827,0,0,0,0,0,0,0,0,0,0,0
2721,0.426,0.244,16.357,17.027,17.965,0,0,0,0,0,0,0,0,0,0,0
2722,0.229,0.176,16.617,17.022,17.807,0,0,0,0,0,0,0,0,0,0,0
2723,0.277,0.265,16.486,17.028,17.482,0,0,0,0,0,0,0,0,0,0,0
2724,0.401,0.303,16.345,17.049,17.941,0,0,0,0,0,0,0,0,0,0,0
2725,0.537,0.279,16.202,17.018,17.601,0,0,0,0,0,0,0,0,0,0,0
2726,0.120,0.095,16.806,17.021,17.397,0,0,0,0,0,0,0,0,0,0,0
2727,0.132,0.168,16.592,16.891,17.415,0,0,0,0,0,0,0,0,0,0,0
2728,0.139,0.128,15.819,16.085,17.301,0,0,0,0,0,0,0,0,0,0,0
2729,0.330,0.276,16.426,17.032,16.675,0,0,0,0,0,0,0,0,0,0,0
2730,0.177,0.126,16.471,16.775,17.402,0,0,0,0,0,0,0,0,0,0,0
2731,0.282,0.300,16.442,17.024,17.298,0,0,0,0,0,0,0,0,0,0,0
2732,0.205,0.149,16.674,17.027,17.524,0,0,0,0,0,0,0,0,0,0,0
2733,0.395,0.357,16.280,17.032,17.462,0,0,0,0,0,0,0,0,0,0,0
2734,0.238,0.225,16.557,17.020,17.556,0,0,0,0,0,0,0,0,0,0,0
2735,0.228,0.234,16.561,17.023,17.548,0,0,0,0,0,0,0,0,0,0,0
2736,0.329,0.266,16.431,17.026,17.756,0,0,0,0,0,0,0,0,0,0,0
2737,0.282,0.155,16.593,17.030,17.577,0,0,0,0,0,0,0,0,0,0,0
2738,0.487,0.371,16.184,17.042,17.976,0,0,0,0,0,0,0,0,0,0,0
2739,0.193,0.172,16.661,17.026,17.550,0,0,0,0,0,0,0,0,0,0,0
2740,0.311,0.405,15.438,16.154,17.533,0,0,0,0,0,0,0,0,0,0,0
2741,0.360,0.233,16.440,17.033,17.189,0,0,0,0,0,0,0,0,0,0,0
2742,0.221,0.240,16.052,16.513,17.873,0,0,0,0,0,0,0,0,0,0,0
2743,0.130,0.114,16.793,17.037,17.007,0,0,0,0,0,0,0,0,0,0,0
2744,0.525,0.304,16.201,17.029,17.705,0,0,0,0,0,0,0,0,0,0,0
2745,0.199,0.124,16.695,17.019,17.375,0,0,0,0,0,0,0,0,0,0,0
2746,0.227,0.199,16.298,16.724,17.561,0,0,0,0,0,0,0,0,0,0,0
2747,0.231,0.151,15.857,16.239,17.153,0,0,0,0,0,0,0,0,0,0,0
2748,0.238,0.135,16.654,17.027,16.716,0,0,0,0,0,0,0,0,0,0,0
2749,0.266,0.185,16.576,17.027,17.593,0,0,0,0,0,0,0,0,0,0,0
2750,0.301,0.267,15.883,16.451,17.591,0,0,0,0,0,0,0,0,0,0,0
2751,0.196,0.139,16.685,17.020,16.904,0,0,0,0,0,0,0,0,0,0,0
2752,0.338,0.255,16.448,17.041,17.511,0,0,0,0,0,0,0,0,0,0,0
2753,0.432,0.277,16.322,17.031,17.979,0,0,0,0,0,0,0,0,0,0,0
2754,0.251,0.187,16.595,17.032,17.545,0,0,0,0,0,0,0,0,0,0,0
2755,0.386,0.284,16.369,17.039,18.101,0,0,0,0,0,0,0,0,0,0,0
2756,0.221,0.169,16.628,17.018,17.863,0,0,0,0,0,0,0,0,0,0,0
2757,0.186,0.120,16.718,17.024,17.405,0,0,0,0,0,0,0,0,0,0,0
2758,0.192,0.154,16.694,17.040,17.824,0,0,0,0,0,0,0,0,0,0,0
2759,0.241,0.241,16.551,17.033,17.884,0,0,0,0,0,0,0,0,0,0,0
2760,0.184,0.129,16.714,17.027,17.858,0,0,0,0,0,0,0,0,0,0,0
2761,0.145,0.140,16.731,17.017,17.766,0,0,0,0,0,0,0,0,0,0,0
2762,0.137,0.110,16.750,16.997,17.385,0,0,0,0,0,0,0,0,0,0,0
2763,0.286,0.195,16.559,17.040,17.410,0,0,0,0,0,0,0,0,0,0,0
2764,0.303,0.212,15.885,16.399,17.923,0,0,0,0,0,0,0,0,0,0,0
2765,0.176,0.126,16.716,17.018,16.890,0,0,0,0,0,0,0,0,0,0,0
2766,0.314,0.180,16.555,17.048,17.433,0,0,0,0,0,0,0,0,0,0,0
2767,0.336,0.249,16.445,17.029,17.534,0,0,0,0,0,0,0,0,0,0,0
2768,0.254,0.174,16.594,17.023,17.548,0,0,0,0,0,0,0,0,0,0,0
2769,0.285,0.166,16.584,17.035,17.637,0,0,0,0,0,0,0,0,0,0,0
2770,0.221,0.148,16.452,16.821,17.832,0,0,0,0,0,0,0,0,0,0,0
2771,0.516,0.371,16.149,17.035,17.881,0,0,0,0,0,0,0,0,0,0,0
2772,0.187,0.135,16.701,17.023,17.529,0,0,0,0,0,0,0,0,0,0,0
2773,0.299,0.218,16.111,16.628,17.522,0,0,0,0,0,0,0,0,0,0,0
2774,0.282,0.275,16.030,16.587,17.166,0,0,0,0,0,0,0,0,0,0,0
2775,0.203,0.132,16.688,17.022,17.676,0,0,0,0,0,0,0,0,0,0,0
2776,0.197,0.207,16.621,17.025,17.842,0,0,0,0,0,0,0,0,0,0,0
2777,0.159,0.152,16.716,17.027,17.776,0,0,0,0,0,0,0,0,0,0,0
2778,0.170,0.153,16.698,17.021,17.816,0,0,0,0,0,0,0,0,0,0,0
2779,0.143,0.114,16.757,17.014,17.753,0,0,0,0,0,0,0,0,0,0,0
2780,0.134,0.097,16.789,17.020,17.377,0,0,0,0,0,0,0,0,0,0,0
2781,0.201,0.164,15.711,16.075,17.494,0,0,0,0,0,0,0,0,0,0,0
2782,0.281,0.179,16.589,17.049,16.504,0,0,0,0,0,0,0,0,0,0,0
2783,0.409,0.321,16.297,17.027,18.002,0,0,0,0,0,0,0,0,0,0,0
2784,0.195,0.184,16.651,17.031,17.430,0,0,0,0,0,0,0,0,0,0,0
2785,0.255,0.209,15.682,16.146,17.566,0,0,0,0,0,0,0,0,0,0,0
2786,0.339,0.191,16.495,17.025,16.766,0,0,0,0,0,0,0,0,0,0,0
2787,0.262,0.201,16.564,17.027,17.498,0,0,0,0,0,0,0,0,0,0,0
2788,0.491,0.342,16.198,17.031,18.110,0,0,0,0,0,0,0,0,0,0,0
2789,0.217,0.199,16.614,17.030,17.511,0,0,0,0,0,0,0,0,0,0,0
2790,0.222,0.179,15.897,16.298,17.896,0,0,0,0,0,0,0,0,0,0,0
2791,0.265,0.235,16.453,16.954,17.166,0,0,0,0,0,0,0,0,0,0,0
2792,0.248,0.192,16.466,16.906,17.776,0,0,0,0,0,0,0,0,0,0,0
2793,0.173,0.151,16.699,17.023,17.666,0,0,0,0,0,0,0,0,0,0,0
2794,0.086,0.065,16.871,17.021,17.361,0,0,0,0,0,0,0,0,0,0,0
2795,0.197,0.197,16.633,17.027,17.404,0,0,0,0,0,0,0,0,0,0,0
2796,0.197,0.159,16.671,17.027,17.807,0,0,0,0,0,0,0,0,0,0,0
2797,0.299,0.245,16.483,17.026,17.497,0,0,0,0,0,0,0,0,0,0,0
2798,0.191,0.197,16.638,17.026,17.467,0,0,0,0,0,0,0,0,0,0,0
2799,0.320,0.239,16.472,17.031,17.936,0,0,0,0,0,0,0,0,0,0,0
2800,0.392,0.321,15.889,16.602,18.005,0,0,0,0,0,0,0,0,0,0,0
2801,0.148,0.230,16.645,17.022,17.086,0,0,0,0,0,0,0,0,0,0,0
2802,0.271,0.225,15.776,16.273,17.589,0,0,0,0,0,0,0,0,0,0,0
2803,0.236,0.183,15.993,16.413,17.137,0,0,0,0,0,0,0,0,0,0,0
2804,0.231,0.168,15.725,16.125,16.954,0,0,0,0,0,0,0,0,0,0,0
2805,0.385,0.199,16.438,17.023,16.720,0,0,0,0,0,0,0,0,0,0,0
2806,0.162,0.164,16.689,17.015,17.514,0,0,0,0,0,0,0,0,0,0,0
2807,0.134,0.184,16.695,17.012,17.386,0,0,0,0,0,0,0,0,0,0,0
2808,0.072,0.073,16.867,17.012,17.340,0,0,0,0,0,0,0,0,0,0,0
2809,0.145,0.118,15.949,16.212,17.392,0,0,0,0,0,0,0,0,0,0,0
2810,0.162,0.123,16.737,17.022,16.572,0,0,0,0,0,0,0,0,0,0,0
2811,0.111,0.097,16.232,16.440,17.588,0,0,0,0,0,0,0,0,0,0,0
2812,0.137,0.099,16.779,17.014,16.781,0,0,0,0,0,0,0,0,0,0,0
2813,0.121,0.192,16.704,17.017,17.360,0,0,0,0,0,0,0,0,0,0,0
2814,0.145,0.122,16.022,16.289,17.326,0,0,0,0,0,0,0,0,0,0,0
2815,0.158,0.151,16.705,17.013,16.692,0,0,0,0,0,0,0,0,0,0,0
2816,0.091,0.205,16.719,17.014,17.348,0,0,0,0,0,0,0,0,0,0,0
2817,0.170,0.141,16.711,17.022,17.480,0,0,0,0,0,0,0,0,0,0,0
2818,0.079,0.060,16.806,16.945,17.345,0,0,0,0,0,0,0,0,0,0,0
2819,0.164,0.123,16.731,17.017,17.376,0,0,0,0,0,0,0,0,0,0,0
2820,0.093,0.072,16.850,17.014,17.379,0,0,0,0,0,0,0,0,0,0,0
2821,0.079,0.053,16.880,17.012,17.357,0,0,0,0,0,0,0,0,0,0,0
2822,0.166,0.100,16.755,17.021,17.390,0,0,0,0,0,0,0,0,0,0,0
2823,0.217,0.178,16.628,17.024,17.370,0,0,0,0,0,0,0,0,0,0,0
2824,0.134,0.076,16.809,17.020,17.425,0,0,0,0,0,0,0,0,0,0,0
2825,0.081,0.083,16.846,17.010,17.341,0,0,0,0,0,0,0,0,0,0,0
2826,0.078,0.056,16.879,17.014,17.337,0,0,0,0,0,0,0,0,0,0,0
2827,0.132,0.160,16.719,17.011,17.380,0,0,0,0,0,0,0,0,0,0,0
2828,0.066,0.052,16.899,17.016,17.322,0,0,0,0,0,0,0,0,0,0,0
2829,0.143,0.093,16.773,17.010,17.389,0,0,0,0,0,0,0,0,0,0,0
2830,0.150,0.121,16.753,17.023,17.346,0,0,0,0,0,0,0,0,0,0,0
2831,0.172,0.131,16.471,16.775,17.477,0,0,0,0,0,0,0,0,0,0,0
2832,0.085,0.065,16.862,17.012,17.132,0,0,0,0,0,0,0,0,0,0,0
2833,0.084,0.076,16.857,17.016,17.328,0,0,0,0,0,0,0,0,0,0,0
2834,0.142,0.135,16.747,17.025,17.426,0,0,0,0,0,0,0,0,0,0,0
2835,0.143,0.240,16.637,17.020,17.785,0,0,0,0,0,0,0,0,0,0,0
2836,0.161,0.128,16.725,17.013,17.461,0,0,0,0,0,0,0,0,0,0,0
2837,0.114,0.080,16.597,16.791,17.393,0,0,0,0,0,0,0,0,0,0,0
2838,0.119,0.148,16.760,17.027,17.188,0,0,0,0,0,0,0,0,0,0,0
2839,0.248,0.196,16.425,16.869,17.523,0,0,0,0,0,0,0,0,0,0,0
2840,0.274,0.216,16.532,17.022,17.390,0,0,0,0,0,0,0,0,0,0,0
2841,0.222,0.172,16.625,17.019,17.495,0,0,0,0,0,0,0,0,0,0,0
2842,0.221,0.182,16.621,17.023,17.552,0,0,0,0,0,0,0,0,0,0,0
2843,0.258,0.226,16.454,16.937,17.481,0,0,0,0,0,0,0,0,0,0,0
2844,0.238,0.170,16.623,17.030,17.426,0,0,0,0,0,0,0,0,0,0,0
2845,0.245,0.180,16.594,17.019,17.457,0,0,0,0,0,0,0,0,0,0,0
2846,0.196,0.133,16.080,16.409,17.453,0,0,0,0,0,0,0,0,0,0,0
2847,0.118,0.107,16.789,17.014,16.799,0,0,0,0,0,0,0,0,0,0,0
2848,0.140,0.143,16.736,17.019,17.391,0,0,0,0,0,0,0,0,0,0,0
2849,0.126,0.106,16.276,16.509,17.392,0,0,0,0,0,0,0,0,0,0,0
2850,0.145,0.118,16.742,17.005,16.923,0,0,0,0,0,0,0,0,0,0,0
2851,0.170,0.110,16.744,17.024,17.441,0,0,0,0,0,0,0,0,0,0,0
2852,0.081,0.065,16.222,16.367,17.387,0,0,0,0,0,0,0,0,0,0,0
2853,0.181,0.110,16.729,17.020,16.798,0,0,0,0,0,0,0,0,0,0,0
2854,0.151,0.155,16.714,17.020,17.382,0,0,0,0,0,0,0,0,0,0,0
2855,0.223,0.176,16.617,17.015,17.478,0,0,0,0,0,0,0,0,0,0,0
2856,0.109,0.095,16.008,16.212,17.391,0,0,0,0,0,0,0,0,0,0,0
2857,0.260,0.319,16.444,17.024,16.748,0,0,0,0,0,0,0,0,0,0,0
2858,0.345,0.194,16.486,17.025,17.708,0,0,0,0,0,0,0,0,0,0,0
2859,0.184,0.227,16.507,16.919,17.465,0,0,0,0,0,0,0,0,0,0,0
2860,0.335,0.220,16.469,17.024,17.542,0,0,0,0,0,0,0,0,0,0,0
2861,0.213,0.184,16.628,17.025,17.528,0,0,0,0,0,0,0,0,0,0,0
2862,0.216,0.178,16.629,17.022,17.412,0,0,0,0,0,0,0,0,0,0,0
2863,0.241,0.175,16.608,17.024,17.523,0,0,0,0,0,0,0,0,0,0,0
2864,0.214,0.161,16.645,17.020,17.498,0,0,0,0,0,0,0,0,0,0,0
2865,0.235,0.174,16.510,16.920,17.497,0,0,0,0,0,0,0,0,0,0,0
2866,0.182,0.160,16.303,16.645,17.353,0,0,0,0,0,0,0,0,0,0,0
2867,0.300,0.312,16.411,17.023,17.170,0,0,0,0,0,0,0,0,0,0,0
2868,0.218,0.241,16.585,17.043,17.479,0,0,0,0,0,0,0,0,0,0,0
2869,0.283,0.223,16.543,17.049,17.840,0,0,0,0,0,0,0,0,0,0,0
2870,0.261,0.221,16.542,17.024,17.640,0,0,0,0,0,0,0,0,0,0,0
2871,0.174,0.166,16.678,17.018,17.458,0,0,0,0,0,0,0,0,0,0,0
2872,0.272,0.229,16.516,17.016,17.491,0,0,0,0,0,0,0,0,0,0,0
2873,0.202,0.164,16.658,17.024,17.476,0,0,0,0,0,0,0,0,0,0,0
2874,0.202,0.137,16.678,17.017,17.500,0,0,0,0,0,0,0,0,0,0,0
2875,0.188,0.173,15.683,16.045,17.457,0,0,0,0,0,0,0,0,0,0,0
2876,0.188,0.118,15.938,16.245,16.553,0,0,0,0,0,0,0,0,0,0,0
2877,0.359,0.247,16.412,17.019,16.899,0,0,0,0,0,0,0,0,0,0,0
2878,0.218,0.153,15.889,16.260,17.517,0,0,0,0,0,0,0,0,0,0,0
2879,0.264,0.219,16.538,17.021,16.725,0,0,0,0,0,0,0,0,0,0,0
2880,0.220,0.210,16.591,17.021,17.482,0,0,0,0,0,0,0,0,0,0,0
2881,0.230,0.187,16.601,17.018,17.495,0,0,0,0,0,0,0,0,0,0,0
2882,0.252,0.210,15.879,16.341,17.472,0,0,0,0,0,0,0,0,0,0,0
2883,0.209,0.159,16.651,17.018,16.762,0,0,0,0,0,0,0,0,0,0,0
2884,0.242,0.192,16.581,17.015,17.465,0,0,0,0,0,0,0,0,0,0,0
2885,0.178,0.153,16.691,17.022,17.413,0,0,0,0,0,0,0,0,0,0,0
2886,0.236,0.204,16.587,17.027,17.500,0,0,0,0,0,0,0,0,0,0,0
2887,0.228,0.161,16.632,17.020,17.507,0,0,0,0,0,0,0,0,0,0,0
2888,0.228,0.195,16.603,17.027,17.493,0,0,0,0,0,0,0,0,0,0,0
2889,0.278,0.189,16.557,17.024,17.451,0,0,0,0,0,0,0,0,0,0,0
2890,0.155,0.131,16.740,17.026,17.402,0,0,0,0,0,0,0,0,0,0,0
2891,0.179,0.239,16.619,17.037,17.649,0,0,0,0,0,0,0,0,0,0,0
2892,0.298,0.251,16.234,16.783,17.972,0,0,0,0,0,0,0,0,0,0,0
2893,0.232,0.164,16.623,17.019,17.252,0,0,0,0,0,0,0,0,0,0,0
2894,0.272,0.213,16.401,16.886,17.727,0,0,0,0,0,0,0,0,0,0,0
2895,0.251,0.217,16.572,17.040,17.739,0,0,0,0,0,0,0,0,0,0,0
2896,0.401,0.323,16.305,17.029,18.000,0,0,0,0,0,0,0,0,0,0,0
2897,0.210,0.219,16.591,17.020,17.600,0,0,0,0,0,0,0,0,0,0,0
2898,0.237,0.212,16.199,16.648,17.495,0,0,0,0,0,0,0,0,0,0,0
2899,0.275,0.235,15.565,16.075,17.441,0,0,0,0,0,0,0,0,0,0,0
2900,0.409,0.227,16.410,17.047,16.982,0,0,0,0,0,0,0,0,0,0,0
2901,0.413,0.325,16.288,17.026,17.882,0,0,0,0,0,0,0,0,0,0,0
2902,0.217,0.391,15.509,16.117,17.469,0,0,0,0,0,0,0,0,0,0,0
2903,0.311,0.248,16.467,17.026,17.042,0,0,0,0,0,0,0,0,0,0,0
2904,0.315,0.270,16.450,17.036,17.925,0,0,0,0,0,0,0,0,0,0,0
2905,0.211,0.178,16.315,16.704,18.093,0,0,0,0,0,0,0,0,0,0,0
2906,0.227,0.246,16.563,17.036,17.245,0,0,0,0,0,0,0,0,0,0,0
2907,0.343,0.213,16.300,16.857,17.919,0,0,0,0,0,0,0,0,0,0,0
2908,0.297,0.273,15.607,16.177,17.334,0,0,0,0,0,0,0,0,0,0,0
2909,0.165,0.150,16.721,17.037,16.597,0,0,0,0,0,0,0,0,0,0,0
2910,0.283,0.348,16.388,17.018,17.762,0,0,0,0,0,0,0,0,0,0,0
2911,0.119,0.087,16.811,17.017,17.399,0,0,0,0,0,0,0,0,0,0,0
2912,0.239,0.162,16.628,17.029,17.494,0,0,0,0,0,0,0,0,0,0,0
2913,0.247,0.191,16.591,17.030,17.844,0,0,0,0,0,0,0,0,0,0,0
2914,0.266,0.281,16.487,17.034,17.979,0,0,0,0,0,0,0,0,0,0,0
2915,0.439,0.347,16.002,16.788,18.117,0,0,0,0,0,0,0,0,0,0,0
2916,0.220,0.181,16.625,17.026,17.347,0,0,0,0,0,0,0,0,0,0,0
2917,0.271,0.178,15.952,16.400,17.580,0,0,0,0,0,0,0,0,0,0,0
2918,0.227,0.191,16.633,17.051,17.086,0,0,0,0,0,0,0,0,0,0,0
2919,0.301,0.941,15.785,17.027,17.679,0,0,0,0,0,0,0,0,0,0,0
2920,0.311,0.243,16.476,17.030,17.550,0,0,0,0,0,0,0,0,0,0,0
2921,0.240,0.199,16.587,17.027,17.706,0,0,0,0,0,0,0,0,0,0,0
2922,0.232,0.167,16.619,17.019,17.529,0,0,0,0,0,0,0,0,0,0,0
2923,0.200,0.215,16.607,17.022,17.492,0,0,0,0,0,0,0,0,0,0,0
2924,0.283,0.217,16.526,17.026,17.497,0,0,0,0,0,0,0,0,0,0,0
2925,0.229,0.169,15.643,16.040,17.507,0,0,0,0,0,0,0,0,0,0,0
2926,0.232,0.350,16.443,17.025,16.725,0,0,0,0,0,0,0,0,0,0,0
2927,0.339,0.237,16.388,16.964,17.665,0,0,0,0,0,0,0,0,0,0,0
2928,0.258,0.202,16.567,17.028,17.925,0,0,0,0,0,0,0,0,0,0,0
2929,0.305,0.226,16.494,17.025,17.516,0,0,0,0,0,0,0,0,0,0,0
2930,0.204,0.186,16.634,17.025,17.652,0,0,0,0,0,0,0,0,0,0,0
2931,0.256,0.205,16.564,17.025,17.521,0,0,0,0,0,0,0,0,0,0,0
2932,0.259,0.260,15.803,16.322,17.530,0,0,0,0,0,0,0,0,0,0,0
2933,0.347,0.290,16.398,17.035,17.274,0,0,0,0,0,0,0,0,0,0,0
2934,0.285,0.325,16.424,17.034,17.920,0,0,0,0,0,0,0,0,0,0,0
2935,0.224,0.272,16.528,17.024,17.872,0,0,0,0,0,0,0,0,0,0,0
2936,0.089,0.081,16.338,16.508,17.397,0,0,0,0,0,0,0,0,0,0,0
2937,0.071,0.100,16.846,17.018,16.961,0,0,0,0,0,0,0,0,0,0,0
2938,0.121,0.119,16.773,17.013,17.369,0,0,0,0,0,0,0,0,0,0,0
2939,0.138,0.126,16.749,17.013,17.356,0,0,0,0,0,0,0,0,0,0,0
2940,0.105,0.086,16.433,16.624,17.345,0,0,0,0,0,0,0,0,0,0,0
2941,0.204,0.129,16.685,17.019,17.029,0,0,0,0,0,0,0,0,0,0,0
2942,0.178,0.145,16.704,17.028,17.491,0,0,0,0,0,0,0,0,0,0,0
2943,0.254,0.212,16.375,16.841,17.536,0,0,0,0,0,0,0,0,0,0,0
2944,0.222,0.266,16.530,17.018,17.310,0,0,0,0,0,0,0,0,0,0,0
2945,0.158,0.136,16.726,17.020,17.456,0,0,0,0,0,0,0,0,0,0,0
2946,0.317,0.201,16.498,17.016,17.549,0,0,0,0,0,0,0,0,0,0,0
2947,0.195,0.183,16.651,17.029,17.507,0,0,0,0,0,0,0,0,0,0,0
2948,0.236,0.181,16.025,16.442,17.659,0,0,0,0,0,0,0,0,0,0,0
2949,0.217,0.190,16.612,17.019,16.936,0,0,0,0,0,0,0,0,0,0,0
2950,0.228,0.194,16.604,17.026,17.616,0,0,0,0,0,0,0,0,0,0,0
2951,0.209,0.150,16.659,17.018,17.476,0,0,0,0,0,0,0,0,0,0,0
2952,0.211,0.189,15.868,16.269,17.465,0,0,0,0,0,0,0,0,0,0,0
2953,0.313,0.228,16.495,17.036,16.745,0,0,0,0,0,0,0,0,0,0,0
2954,0.312,0.307,16.416,17.034,17.887,0,0,0,0,0,0,0,0,0,0,0
2955,0.221,0.241,16.558,17.019,17.461,0,0,0,0,0,0,0,0,0,0,0
2956,0.227,0.201,16.596,17.024,17.400,0,0,0,0,0,0,0,0,0,0,0
2957,0.235,0.243,15.881,16.358,17.419,0,0,0,0,0,0,0,0,0,0,0
2958,0.333,0.256,15.713,16.302,16.754,0,0,0,0,0,0,0,0,0,0,0
2959,0.243,0.213,15.640,16.097,16.899,0,0,0,0,0,0,0,0,0,0,0
2960,0.183,0.174,16.674,17.031,16.718,0,0,0,0,0,0,0,0,0,0,0
2961,0.294,0.260,16.126,16.680,17.994,0,0,0,0,0,0,0,0,0,0,0
2962,0.240,0.254,15.788,16.282,17.188,0,0,0,0,0,0,0,0,0,0,0
2963,0.274,0.255,16.473,17.003,16.726,0,0,0,0,0,0,0,0,0,0,0
2964,0.221,0.214,16.590,17.024,17.438,0,0,0,0,0,0,0,0,0,0,0
2965,0.224,0.218,16.578,17.021,17.479,0,0,0,0,0,0,0,0,0,0,0
2966,0.290,0.358,16.379,17.027,17.579,0,0,0,0,0,0,0,0,0,0,0
2967,0.249,0.216,16.568,17.033,17.697,0,0,0,0,0,0,0,0,0,0,0
2968,0.282,0.209,16.535,17.026,17.473,0,0,0,0,0,0,0,0,0,0,0
2969,0.180,0.142,16.722,17.045,17.429,0,0,0,0,0,0,0,0,0,0,0
2970,0.201,0.155,16.258,16.614,17.396,0,0,0,0,0,0,0,0,0,0,0
2971,0.159,0.130,16.730,17.019,16.944,0,0,0,0,0,0,0,0,0,0,0
2972,0.215,0.162,16.383,16.760,17.368,0,0,0,0,0,0,0,0,0,0,0
2973,0.140,0.121,16.763,17.023,17.085,0,0,0,0,0,0,0,0,0,0,0
2974,0.252,0.228,16.123,16.603,17.933,0,0,0,0,0,0,0,0,0,0,0
2975,0.214,0.164,16.646,17.024,16.955,0,0,0,0,0,0,0,0,0,0,0
2976,0.147,0.157,16.726,17.029,17.399,0,0,0,0,0,0,0,0,0,0,0
2977,0.244,0.195,16.588,17.026,17.432,0,0,0,0,0,0,0,0,0,0,0
2978,0.212,0.183,16.628,17.023,17.395,0,0,0,0,0,0,0,0,0,0,0
2979,0.270,0.212,16.060,16.542,17.456,0,0,0,0,0,0,0,0,0,0,0
2980,0.330,0.256,15.850,16.436,17.048,0,0,0,0,0,0,0,0,0,0,0
2981,0.236,0.252,16.558,17.046,17.028,0,0,0,0,0,0,0,0,0,0,0
2982,0.219,0.119,16.683,17.020,17.426,0,0,0,0,0,0,0,0,0,0,0
2983,0.097,0.120,16.817,17.034,17.354,0,0,0,0,0,0,0,0,0,0,0
2984,0.279,0.274,16.483,17.036,17.542,0,0,0,0,0,0,0,0,0,0,0
2985,0.339,0.314,16.374,17.027,17.451,0,0,0,0,0,0,0,0,0,0,0
2986,0.248,0.203,15.843,16.294,17.492,0,0,0,0,0,0,0,0,0,0,0
2987,0.338,0.474,15.794,16.606,16.730,0,0,0,0,0,0,0,0,0,0,0
2988,0.227,0.260,16.548,17.034,17.021,0,0,0,0,0,0,0,0,0,0,0
2989,0.368,0.285,16.373,17.026,17.491,0,0,0,0,0,0,0,0,0,0,0
2990,0.235,0.209,16.576,17.021,17.432,0,0,0,0,0,0,0,0,0,0,0
2991,0.257,0.200,16.573,17.029,17.455,0,0,0,0,0,0,0,0,0,0,0
2992,0.299,0.251,16.326,16.876,17.455,0,0,0,0,0,0,0,0,0,0,0
2993,0.240,0.220,16.425,16.885,17.278,0,0,0,0,0,0,0,0,0,0,0
2994,0.397,0.304,16.334,17.035,17.296,0,0,0,0,0,0,0,0,0,0,0
2995,0.244,0.212,16.577,17.033,17.479,0,0,0,0,0,0,0,0,0,0,0
2996,0.364,0.297,15.966,16.627,17.509,0,0,0,0,0,0,0,0,0,0,0
2997,0.348,0.295,15.723,16.366,17.121,0,0,0,0,0,0,0,0,0,0,0
2998,0.256,0.271,16.497,17.025,16.744,0,0,0,0,0,0,0,0,0,0,0
2999,0.321,0.288,16.425,17.034,17.577,0,0,0,0,0,0,0,0,0,0,0
3000,0.220,0.211,16.601,17.032,17.417,0,0,0,0,0,0,0,0,0,0,0
3001,0.320,0.263,16.440,17.024,17.482,0,0,0,0,0,0,0,0,0,0,0
3002,0.200,0.193,16.631,17.025,17.466,0,0,0,0,0,0,0,0,0,0,0
3003,0.187,0.241,16.316,16.744,17.477,0,0,0,0,0,0,0,0,0,0,0
3004,0.288,0.414,16.320,17.021,17.127,0,0,0,0,0,0,0,0,0,0,0
3005,0.191,0.208,16.632,17.031,17.481,0,0,0,0,0,0,0,0,0,0,0
3006,0.272,0.252,16.503,17.026,17.431,0,0,0,0,0,0,0,0,0,0,0
3007,0.233,0.214,16.585,17.032,17.497,0,0,0,0,0,0,0,0,0,0,0
3008,0.245,0.251,15.853,16.349,17.526,0,0,0,0,0,0,0,0,0,0,0
3009,0.193,0.190,16.636,17.019,16.742,0,0,0,0,0,0,0,0,0,0,0
3010,0.227,0.168,16.632,17.027,17.540,0,0,0,0,0,0,0,0,0,0,0
3011,0.281,0.203,16.545,17.028,17.475,0,0,0,0,0,0,0,0,0,0,0
3012,0.186,0.171,16.670,17.027,17.393,0,0,0,0,0,0,0,0,0,0,0
3013,0.274,0.214,16.539,17.027,17.489,0,0,0,0,0,0,0,0,0,0,0
3014,0.207,0.195,16.675,17.077,17.344,0,0,0,0,0,0,0,0,0,0,0
3015,0.221,0.176,16.640,17.037,17.468,0,0,0,0,0,0,0,0,0,0,0
3016,0.409,0.392,15.945,16.745,17.394,0,0,0,0,0,0,0,0,0,0,0
3017,0.225,0.224,15.846,16.295,17.157,0,0,0,0,0,0,0,0,0,0,0
3018,0.288,0.240,16.503,17.031,16.674,0,0,0,0,0,0,0,0,0,0,0
3019,0.214,0.237,16.571,17.022,17.604,0,0,0,0,0,0,0,0,0,0,0
3020,0.257,0.219,16.555,17.031,17.586,0,0,0,0,0,0,0,0,0,0,0
3021,0.220,0.208,16.593,17.022,17.484,0,0,0,0,0,0,0,0,0,0,0
3022,0.212,0.199,16.297,16.708,17.394,0,0,0,0,0,0,0,0,0,0,0
3023,0.292,0.242,16.316,16.850,17.085,0,0,0,0,0,0,0,0,0,0,0
3024,0.230,0.219,16.580,17.029,17.274,0,0,0,0,0,0,0,0,0,0,0
3025,0.326,0.274,15.571,16.171,17.450,0,0,0,0,0,0,0,0,0,0,0
3026,0.269,0.228,15.893,16.390,16.571,0,0,0,0,0,0,0,0,0,0,0
3027,0.172,0.163,16.693,17.028,16.780,0,0,0,0,0,0,0,0,0,0,0
3028,0.351,0.267,16.411,17.029,17.457,0,0,0,0,0,0,0,0,0,0,0
3029,0.245,0.289,16.560,17.094,17.434,0,0,0,0,0,0,0,0,0,0,0
3030,0.324,0.452,16.243,17.018,17.536,0,0,0,0,0,0,0,0,0,0,0
3031,0.233,0.214,16.576,17.024,17.434,0,0,0,0,0,0,0,0,0,0,0
3032,0.200,0.213,16.618,17.031,17.416,0,0,0,0,0,0,0,0,0,0,0
3033,0.283,0.246,15.678,16.206,17.470,0,0,0,0,0,0,0,0,0,0,0
3034,0.246,0.319,16.285,16.850,16.686,0,0,0,0,0,0,0,0,0,0,0
3035,0.299,0.245,16.483,17.027,17.360,0,0,0,0,0,0,0,0,0,0,0
3036,0.232,0.208,16.581,17.021,17.506,0,0,0,0,0,0,0,0,0,0,0
3037,0.570,0.195,16.259,17.025,17.521,0,0,0,0,0,0,0,0,0,0,0
3038,0.199,0.198,16.629,17.025,17.480,0,0,0,0,0,0,0,0,0,0,0
3039,0.192,0.182,16.652,17.026,17.514,0,0,0,0,0,0,0,0,0,0,0
3040,0.262,0.251,15.603,16.117,17.516,0,0,0,0,0,0,0,0,0,0,0
3041,0.207,0.191,16.625,17.023,16.564,0,0,0,0,0,0,0,0,0,0,0
3042,0.309,0.254,16.463,17.026,17.522,0,0,0,0,0,0,0,0,0,0,0
3043,0.208,0.222,16.595,17.024,17.441,0,0,0,0,0,0,0,0,0,0,0
3044,0.253,0.234,16.541,17.029,17.501,0,0,0,0,0,0,0,0,0,0,0
3045,0.215,0.228,16.582,17.026,17.469,0,0,0,0,0,0,0,0,0,0,0
3046,0.228,0.265,16.534,17.028,17.382,0,0,0,0,0,0,0,0,0,0,0
3047,0.305,0.230,16.485,17.019,17.421,0,0,0,0,0,0,0,0,0,0,0
3048,0.222,0.189,15.638,16.049,17.399,0,0,0,0,0,0,0,0,0,0,0
3049,0.240,0.239,16.544,17.024,16.418,0,0,0,0,0,0,0,0,0,0,0
3050,0.206,0.193,16.375,16.775,17.386,0,0,0,0,0,0,0,0,0,0,0
3051,0.209,0.215,16.602,17.026,17.137,0,0,0,0,0,0,0,0,0,0,0
3052,0.247,0.243,16.534,17.024,17.393,0,0,0,0,0,0,0,0,0,0,0
3053,0.199,0.247,16.475,16.921,17.383,0,0,0,0,0,0,0,0,0,0,0
3054,0.354,0.247,16.426,17.026,17.325,0,0,0,0,0,0,0,0,0,0,0
3055,0.235,0.226,16.573,17.033,17.396,0,0,0,0,0,0,0,0,0,0,0
3056,0.292,0.226,16.507,17.025,17.584,0,0,0,0,0,0,0,0,0,0,0
3057,0.179,0.154,15.996,16.329,17.369,0,0,0,0,0,0,0,0,0,0,0
3058,0.174,0.162,16.684,17.021,16.703,0,0,0,0,0,0,0,0,0,0,0
3059,0.196,0.160,16.661,17.016,17.417,0,0,0,0,0,0,0,0,0,0,0
3060,0.145,0.142,15.824,16.111,17.406,0,0,0,0,0,0,0,0,0,0,0
3061,0.222,0.148,16.649,17.020,16.494,0,0,0,0,0,0,0,0,0,0,0
3062,0.142,0.142,16.734,17.019,17.387,0,0,0,0,0,0,0,0,0,0,0
3063,0.125,0.106,16.139,16.370,17.410,0,0,0,0,0,0,0,0,0,0,0
3064,0.150,0.132,16.567,16.849,16.737,0,0,0,0,0,0,0,0,0,0,0
3065,0.145,0.145,16.729,17.019,17.164,0,0,0,0,0,0,0,0,0,0,0
3066,0.211,0.156,16.656,17.024,17.444,0,0,0,0,0,0,0,0,0,0,0
3067,0.157,0.264,16.602,17.023,17.437,0,0,0,0,0,0,0,0,0,0,0
3068,0.181,0.164,16.674,17.018,17.450,0,0,0,0,0,0,0,0,0,0,0
3069,0.195,0.172,16.648,17.015,17.417,0,0,0,0,0,0,0,0,0,0,0
3070,0.190,0.218,16.618,17.026,17.433,0,0,0,0,0,0,0,0,0,0,0
3071,0.297,0.212,16.515,17.023,17.521,0,0,0,0,0,0,0,0,0,0,0
3072,0.201,0.326,16.502,17.029,17.542,0,0,0,0,0,0,0,0,0,0,0
3073,0.517,0.211,16.122,16.850,17.698,0,0,0,0,0,0,0,0,0,0,0
3074,0.232,0.204,16.589,17.025,17.338,0,0,0,0,0,0,0,0,0,0,0
3075,0.218,0.139,16.672,17.028,17.553,0,0,0,0,0,0,0,0,0,0,0
3076,0.308,0.239,16.482,17.029,17.546,0,0,0,0,0,0,0,0,0,0,0
3077,0.329,0.297,16.410,17.036,17.759,0,0,0,0,0,0,0,0,0,0,0
3078,0.303,0.242,16.479,17.024,17.571,0,0,0,0,0,0,0,0,0,0,0
3079,0.203,0.199,16.625,17.027,17.458,0,0,0,0,0,0,0,0,0,0,0
3080,0.238,0.207,16.588,17.032,17.528,0,0,0,0,0,0,0,0,0,0,0
3081,0.253,0.371,16.405,17.029,17.539,0,0,0,0,0,0,0,0,0,0,0
3082,0.245,0.239,16.560,17.044,17.593,0,0,0,0,0,0,0,0,0,0,0
3083,0.448,0.359,16.222,17.028,18.036,0,0,0,0,0,0,0,0,0,0,0
3084,0.241,0.194,16.612,17.047,17.592,0,0,0,0,0,0,0,0,0,0,0
3085,0.251,0.212,16.281,16.745,17.601,0,0,0,0,0,0,0,0,0,0,0
3086,0.311,0.251,16.466,17.028,17.620,0,0,0,0,0,0,0,0,0,0,0
3087,0.243,0.163,16.436,16.842,17.594,0,0,0,0,0,0,0,0,0,0,0
3088,0.232,0.320,16.470,17.021,17.380,0,0,0,0,0,0,0,0,0,0,0
3089,0.172,0.211,16.640,17.023,17.495,0,0,0,0,0,0,0,0,0,0,0
3090,0.224,0.222,16.175,16.620,17.491,0,0,0,0,0,0,0,0,0,0,0
3091,0.211,0.213,16.681,17.105,17.137,0,0,0,0,0,0,0,0,0,0,0
3092,0.294,0.254,16.485,17.033,17.603,0,0,0,0,0,0,0,0,0,0,0
3093,0.337,0.269,16.446,17.052,17.960,0,0,0,0,0,0,0,0,0,0,0
3094,0.442,0.400,16.188,17.030,18.010,0,0,0,0,0,0,0,0,0,0,0
3095,0.165,0.096,16.760,17.021,17.436,0,0,0,0,0,0,0,0,0,0,0
3096,0.172,0.136,16.733,17.042,17.880,0,0,0,0,0,0,0,0,0,0,0
3097,0.154,0.136,16.245,16.534,17.736,0,0,0,0,0,0,0,0,0,0,0
3098,0.461,0.367,16.205,17.034,17.699,0,0,0,0,0,0,0,0,0,0,0
3099,0.324,0.183,16.530,17.038,17.363,0,0,0,0,0,0,0,0,0,0,0
3100,0.337,0.265,16.431,17.033,17.893,0,0,0,0,0,0,0,0,0,0,0
3101,0.265,0.211,16.559,17.036,17.838,0,0,0,0,0,0,0,0,0,0,0
3102,0.392,0.284,16.366,17.042,17.826,0,0,0,0,0,0,0,0,0,0,0
3103,0.463,0.247,16.328,17.038,17.886,0,0,0,0,0,0,0,0,0,0,0
3104,0.344,0.323,15.781,16.448,17.946,0,0,0,0,0,0,0,0,0,0,0
3105,0.318,0.262,16.459,17.039,17.358,0,0,0,0,0,0,0,0,0,0,0
3106,0.298,0.233,16.503,17.033,17.759,0,0,0,0,0,0,0,0,0,0,0
3107,0.294,0.249,16.506,17.048,17.870,0,0,0,0,0,0,0,0,0,0,0
3108,0.257,0.229,16.544,17.030,17.854,0,0,0,0,0,0,0,0,0,0,0
3109,0.472,0.381,16.170,17.022,17.952,0,0,0,0,0,0,0,0,0,0,0
3110,0.249,0.154,16.615,17.017,17.439,0,0,0,0,0,0,0,0,0,0,0
3111,0.197,0.156,15.939,16.291,17.459,0,0,0,0,0,0,0,0,0,0,0
3112,0.289,0.222,16.533,17.044,17.075,0,0,0,0,0,0,0,0,0,0,0
3113,0.371,0.255,16.134,16.760,17.902,0,0,0,0,0,0,0,0,0,0,0
3114,0.228,0.182,16.613,17.023,17.309,0,0,0,0,0,0,0,0,0,0,0
3115,0.154,0.164,16.702,17.020,17.488,0,0,0,0,0,0,0,0,0,0,0
3116,0.147,0.125,16.752,17.024,17.495,0,0,0,0,0,0,0,0,0,0,0
3117,0.270,0.176,16.586,17.032,17.359,0,0,0,0,0,0,0,0,0,0,0
3118,0.373,0.283,16.383,17.040,17.869,0,0,0,0,0,0,0,0,0,0,0
3119,0.272,0.220,16.546,17.038,17.863,0,0,0,0,0,0,0,0,0,0,0
3120,0.265,0.250,15.632,16.146,17.903,0,0,0,0,0,0,0,0,0,0,0
3121,0.472,0.418,16.081,16.971,16.952,0,0,0,0,0,0,0,0,0,0,0
3122,0.309,0.288,16.331,16.928,17.905,0,0,0,0,0,0,0,0,0,0,0
3123,0.239,0.208,16.578,17.025,17.790,0,0,0,0,0,0,0,0,0,0,0
3124,0.243,0.194,16.593,17.031,17.809,0,0,0,0,0,0,0,0,0,0,0
3125,0.323,0.246,16.255,16.824,17.865,0,0,0,0,0,0,0,0,0,0,0
3126,0.187,0.232,16.604,17.024,17.190,0,0,0,0,0,0,0,0,0,0,0
3127,0.204,0.217,16.201,16.622,17.480,0,0,0,0,0,0,0,0,0,0,0
3128,0.307,0.360,16.363,17.030,17.126,0,0,0,0,0,0,0,0,0,0,0
3129,0.286,0.202,16.179,16.667,17.442,0,0,0,0,0,0,0,0,0,0,0
3130,0.234,0.160,16.628,17.022,17.125,0,0,0,0,0,0,0,0,0,0,0
3131,0.242,0.181,16.436,16.859,17.564,0,0,0,0,0,0,0,0,0,0,0
3132,0.161,0.122,16.754,17.037,17.393,0,0,0,0,0,0,0,0,0,0,0
3133,0.559,0.292,16.178,17.028,18.033,0,0,0,0,0,0,0,0,0,0,0
3134,0.229,0.219,15.793,16.241,17.759,0,0,0,0,0,0,0,0,0,0,0
3135,0.247,0.179,16.594,17.020,16.713,0,0,0,0,0,0,0,0,0,0,0
3136,0.166,0.189,16.520,16.876,17.510,0,0,0,0,0,0,0,0,0,0,0
3137,0.208,0.236,16.577,17.021,17.370,0,0,0,0,0,0,0,0,0,0,0
3138,0.269,0.252,16.502,17.023,17.375,0,0,0,0,0,0,0,0,0,0,0
3139,0.228,0.184,16.638,17.050,17.555,0,0,0,0,0,0,0,0,0,0,0
3140,0.615,0.395,16.018,17.028,17.987,0,0,0,0,0,0,0,0,0,0,0
3141,0.192,0.199,16.637,17.028,17.485,0,0,0,0,0,0,0,0,0,0,0
3142,0.235,0.217,16.174,16.626,17.483,0,0,0,0,0,0,0,0,0,0,0
3143,0.317,0.162,16.546,17.024,17.190,0,0,0,0,0,0,0,0,0,0,0
3144,0.255,0.204,16.577,17.035,17.978,0,0,0,0,0,0,0,0,0,0,0
3145,0.524,0.397,16.104,17.024,18.066,0,0,0,0,0,0,0,0,0,0,0
3146,0.186,0.197,16.640,17.023,17.544,0,0,0,0,0,0,0,0,0,0,0
3147,0.385,0.342,16.303,17.030,17.520,0,0,0,0,0,0,0,0,0,0,0
3148,0.201,0.201,16.638,17.039,17.569,0,0,0,0,0,0,0,0,0,0,0
3149,0.368,0.303,16.355,17.026,17.683,0,0,0,0,0,0,0,0,0,0,0
3150,0.302,0.248,15.858,16.407,17.584,0,0,0,0,0,0,0,0,0,0,0
3151,0.441,0.291,16.306,17.038,17.068,0,0,0,0,0,0,0,0,0,0,0
3152,0.449,0.281,15.990,16.719,18.037,0,0,0,0,0,0,0,0,0,0,0
3153,0.254,0.220,16.580,17.054,17.181,0,0,0,0,0,0,0,0,0,0,0
3154,0.217,0.167,16.644,17.028,17.476,0,0,0,0,0,0,0,0,0,0,0
3155,0.357,0.296,16.228,16.880,17.497,0,0,0,0,0,0,0,0,0,0,0
3156,0.296,0.235,16.519,17.051,17.465,0,0,0,0,0,0,0,0,0,0,0
3157,0.411,0.248,16.011,16.670,18.095,0,0,0,0,0,0,0,0,0,0,0
3158,0.227,0.263,16.534,17.024,17.198,0,0,0,0,0,0,0,0,0,0,0
3159,0.415,0.363,16.261,17.039,17.416,0,0,0,0,0,0,0,0,0,0,0
3160,0.190,0.103,16.758,17.051,17.407,0,0,0,0,0,0,0,0,0,0,0
3161,0.274,0.179,16.603,17.056,17.577,0,0,0,0,0,0,0,0,0,0,0
3162,0.331,0.290,16.425,17.045,18.002,0,0,0,0,0,0,0,0,0,0,0
3163,0.416,0.321,15.446,16.182,17.629,0,0,0,0,0,0,0,0,0,0,0
3164,0.357,0.283,16.394,17.034,16.655,0,0,0,0,0,0,0,0,0,0,0
3165,0.268,0.324,16.437,17.029,17.752,0,0,0,0,0,0,0,0,0,0,0
3166,0.400,0.315,16.323,17.038,17.572,0,0,0,0,0,0,0,0,0,0,0
3167,0.398,0.236,16.402,17.036,17.501,0,0,0,0,0,0,0,0,0,0,0
3168,0.350,0.348,15.640,16.338,17.960,0,0,0,0,0,0,0,0,0,0,0
3169,0.293,0.218,16.515,17.026,16.753,0,0,0,0,0,0,0,0,0,0,0
3170,0.467,0.320,16.257,17.044,17.442,0,0,0,0,0,0,0,0,0,0,0
3171,0.311,0.261,16.149,16.722,17.454,0,0,0,0,0,0,0,0,0,0,0
3172,0.245,0.234,16.548,17.028,17.221,0,0,0,0,0,0,0,0,0,0,0
3173,0.236,0.278,16.514,17.028,17.348,0,0,0,0,0,0,0,0,0,0,0
3174,0.388,0.299,16.340,17.026,17.528,0,0,0,0,0,0,0,0,0,0,0
3175,0.246,0.230,16.563,17.039,17.516,0,0,0,0,0,0,0,0,0,0,0
3176,0.244,0.176,16.617,17.038,17.695,0,0,0,0,0,0,0,0,0,0,0
3177,0.334,0.278,16.430,17.042,17.593,0,0,0,0,0,0,0,0,0,0,0
3178,0.368,0.407,16.256,17.030,17.525,0,0,0,0,0,0,0,0,0,0,0
3179,0.268,0.316,15.778,16.362,17.636,0,0,0,0,0,0,0,0,0,0,0
3180,0.245,0.162,16.619,17.026,16.888,0,0,0,0,0,0,0,0,0,0,0
3181,0.232,0.237,16.554,17.023,17.469,0,0,0,0,0,0,0,0,0,0,0
3182,0.280,0.157,15.867,16.303,17.892,0,0,0,0,0,0,0,0,0,0,0
3183,0.263,0.194,16.563,17.020,17.153,0,0,0,0,0,0,0,0,0,0,0
3184,0.119,0.104,16.799,17.022,17.379,0,0,0,0,0,0,0,0,0,0,0
3185,0.218,0.151,16.649,17.018,17.368,0,0,0,0,0,0,0,0,0,0,0
3186,0.248,0.183,16.586,17.017,17.471,0,0,0,0,0,0,0,0,0,0,0
3187,0.154,0.107,16.755,17.017,17.422,0,0,0,0,0,0,0,0,0,0,0
3188,0.220,0.172,16.624,17.016,17.354,0,0,0,0,0,0,0,0,0,0,0
3189,0.181,0.140,16.716,17.036,17.344,0,0,0,0,0,0,0,0,0,0,0
3190,0.407,0.275,16.340,17.022,17.967,0,0,0,0,0,0,0,0,0,0,0
3191,0.249,0.191,16.592,17.031,17.547,0,0,0,0,0,0,0,0,0,0,0
3192,0.257,0.181,16.593,17.031,17.601,0,0,0,0,0,0,0,0,0,0,0
3193,0.356,0.258,16.413,17.027,17.532,0,0,0,0,0,0,0,0,0,0,0
3194,0.270,0.198,16.555,17.023,17.513,0,0,0,0,0,0,0,0,0,0,0
3195,0.303,0.245,16.481,17.030,17.504,0,0,0,0,0,0,0,0,0,0,0
3196,0.298,0.253,15.809,16.360,17.863,0,0,0,0,0,0,0,0,0,0,0
3197,0.386,0.317,16.338,17.040,17.267,0,0,0,0,0,0,0,0,0,0,0
3198,0.331,0.261,16.431,17.024,17.926,0,0,0,0,0,0,0,0,0,0,0
3199,0.234,0.190,16.617,17.041,17.443,0,0,0,0,0,0,0,0,0,0,0
3200,0.296,0.298,16.492,17.086,17.859,0,0,0,0,0,0,0,0,0,0,0
3201,0.299,0.292,16.033,16.623,17.501,0,0,0,0,0,0,0,0,0,0,0
3202,0.339,0.279,16.423,17.041,17.434,0,0,0,0,0,0,0,0,0,0,0
3203,0.278,0.179,16.248,16.705,17.809,0,0,0,0,0,0,0,0,0,0,0
3204,0.422,0.316,16.291,17.028,17.140,0,0,0,0,0,0,0,0,0,0,0
3205,0.343,0.325,16.363,17.031,17.540,0,0,0,0,0,0,0,0,0,0,0
3206,0.386,0.333,15.828,16.547,17.624,0,0,0,0,0,0,0,0,0,0,0
3207,0.334,0.294,16.403,17.031,17.119,0,0,0,0,0,0,0,0,0,0,0
3208,0.310,0.190,16.538,17.038,17.551,0,0,0,0,0,0,0,0,0,0,0
3209,0.448,0.250,16.074,16.772,17.505,0,0,0,0,0,0,0,0,0,0,0
3210,0.361,0.287,16.384,17.032,17.217,0,0,0,0,0,0,0,0,0,0,0
3211,0.267,0.281,16.485,17.033,17.450,0,0,0,0,0,0,0,0,0,0,0
3212,0.410,0.308,16.308,17.026,17.507,0,0,0,0,0,0,0,0,0,0,0
3213,0.285,0.217,16.138,16.640,17.541,0,0,0,0,0,0,0,0,0,0,0
3214,0.301,0.244,16.485,17.030,17.068,0,0,0,0,0,0,0,0,0,0,0
3215,0.245,0.215,16.561,17.021,17.500,0,0,0,0,0,0,0,0,0,0,0
3216,0.212,0.350,16.466,17.028,17.439,0,0,0,0,0,0,0,0,0,0,0
3217,0.197,0.201,15.768,16.166,17.440,0,0,0,0,0,0,0,0,0,0,0
3218,0.169,0.195,16.657,17.021,16.570,0,0,0,0,0,0,0,0,0,0,0
3219,0.172,0.145,16.705,17.021,17.374,0,0,0,0,0,0,0,0,0,0,0
3220,0.214,0.191,16.520,16.925,17.413,0,0,0,0,0,0,0,0,0,0,0
3221,0.222,0.195,16.609,17.026,17.320,0,0,0,0,0,0,0,0,0,0,0
3222,0.184,0.204,16.637,17.025,17.433,0,0,0,0,0,0,0,0,0,0,0
3223,0.213,0.144,16.672,17.029,17.448,0,0,0,0,0,0,0,0,0,0,0
3224,0.317,0.226,15.943,16.485,17.483,0,0,0,0,0,0,0,0,0,0,0
3225,0.264,0.211,16.552,17.027,16.939,0,0,0,0,0,0,0,0,0,0,0
3226,0.290,0.226,16.061,16.577,17.452,0,0,0,0,0,0,0,0,0,0,0
3227,0.335,0.203,16.491,17.029,16.989,0,0,0,0,0,0,0,0,0,0,0
3228,0.277,0.192,16.552,17.021,17.567,0,0,0,0,0,0,0,0,0,0,0
3229,0.215,0.216,16.593,17.024,17.469,0,0,0,0,0,0,0,0,0,0,0
3230,0.224,0.208,16.596,17.028,17.478,0,0,0,0,0,0,0,0,0,0,0
3231,0.273,0.235,15.702,16.211,17.596,0,0,0,0,0,0,0,0,0,0,0
3232,0.367,0.342,16.323,17.032,17.001,0,0,0,0,0,0,0,0,0,0,0
3233,0.359,0.254,16.416,17.029,17.592,0,0,0,0,0,0,0,0,0,0,0
3234,0.265,0.210,16.558,17.034,17.875,0,0,0,0,0,0,0,0,0,0,0
3235,0.237,0.178,16.634,17.049,17.565,0,0,0,0,0,0,0,0,0,0,0
3236,0.564,0.395,15.956,16.915,18.056,0,0,0,0,0,0,0,0,0,0,0
3237,0.314,0.315,16.426,17.055,17.421,0,0,0,0,0,0,0,0,0,0,0
3238,0.328,0.234,16.466,17.028,17.875,0,0,0,0,0,0,0,0,0,0,0
3239,0.251,0.256,16.308,16.816,17.894,0,0,0,0,0,0,0,0,0,0,0
3240,0.182,0.182,16.439,16.803,17.614,0,0,0,0,0,0,0,0,0,0,0
3241,0.173,0.152,16.702,17.028,17.566,0,0,0,0,0,0,0,0,0,0,0
3242,0.218,0.162,16.647,17.027,17.467,0,0,0,0,0,0,0,0,0,0,0
3243,0.285,0.342,16.397,17.024,17.558,0,0,0,0,0,0,0,0,0,0,0
3244,0.351,0.191,16.492,17.033,17.460,0,0,0,0,0,0,0,0,0,0,0
3245,0.276,0.164,16.579,17.018,17.590,0,0,0,0,0,0,0,0,0,0,0
3246,0.161,0.110,16.348,16.618,17.468,0,0,0,0,0,0,0,0,0,0,0
3247,0.299,0.149,16.566,17.014,17.034,0,0,0,0,0,0,0,0,0,0,0
3248,0.199,0.132,16.695,17.026,17.392,0,0,0,0,0,0,0,0,0,0,0
3249,0.260,0.248,16.256,16.764,17.570,0,0,0,0,0,0,0,0,0,0,0
3250,0.353,0.206,16.481,17.040,17.367,0,0,0,0,0,0,0,0,0,0,0
3251,0.263,0.334,16.436,17.034,17.885,0,0,0,0,0,0,0,0,0,0,0
3252,0.289,0.176,16.567,17.032,17.554,0,0,0,0,0,0,0,0,0,0,0
3253,0.191,0.159,16.698,17.048,17.661,0,0,0,0,0,0,0,0,0,0,0
3254,0.496,0.329,16.208,17.033,17.600,0,0,0,0,0,0,0,0,0,0,0
3255,0.243,0.192,16.592,17.027,17.861,0,0,0,0,0,0,0,0,0,0,0
3256,0.292,0.247,16.501,17.040,17.543,0,0,0,0,0,0,0,0,0,0,0
3257,0.327,0.389,15.754,16.470,17.938,0,0,0,0,0,0,0,0,0,0,0
3258,0.342,0.301,16.008,16.652,16.985,0,0,0,0,0,0,0,0,0,0,0
3259,0.472,0.321,16.240,17.033,17.807,0,0,0,0,0,0,0,0,0,0,0
3260,0.175,0.136,16.717,17.027,17.443,0,0,0,0,0,0,0,0,0,0,0
3261,0.238,0.216,16.578,17.032,17.540,0,0,0,0,0,0,0,0,0,0,0
3262,0.526,0.328,16.186,17.040,17.537,0,0,0,0,0,0,0,0,0,0,0
3263,0.376,0.310,16.343,17.029,17.694,0,0,0,0,0,0,0,0,0,0,0
3264,0.303,0.267,16.009,16.579,17.651,0,0,0,0,0,0,0,0,0,0,0
3265,0.261,0.201,15.811,16.273,17.043,0,0,0,0,0,0,0,0,0,0,0
3266,0.375,0.261,16.404,17.039,16.749,0,0,0,0,0,0,0,0,0,0,0
3267,0.435,0.258,16.353,17.047,17.999,0,0,0,0,0,0,0,0,0,0,0
3268,0.275,0.169,16.592,17.035,17.612,0,0,0,0,0,0,0,0,0,0,0
3269,0.389,0.212,16.433,17.034,17.448,0,0,0,0,0,0,0,0,0,0,0
3270,0.316,0.172,16.543,17.031,17.623,0,0,0,0,0,0,0,0,0,0,0
3271,0.299,0.238,16.495,17.031,17.509,0,0,0,0,0,0,0,0,0,0,0
3272,0.252,0.277,15.629,16.158,17.918,0,0,0,0,0,0,0,0,0,0,0
3273,0.293,0.175,16.561,17.029,16.581,0,0,0,0,0,0,0,0,0,0,0
3274,0.197,0.166,16.670,17.032,17.616,0,0,0,0,0,0,0,0,0,0,0
3275,0.233,0.202,16.585,17.020,17.492,0,0,0,0,0,0,0,0,0,0,0
3276,0.172,0.110,16.740,17.022,17.381,0,0,0,0,0,0,0,0,0,0,0
3277,0.278,0.162,15.651,16.092,17.445,0,0,0,0,0,0,0,0,0,0,0
3278,0.322,0.267,16.443,17.031,17.041,0,0,0,0,0,0,0,0,0,0,0
3279,0.178,0.144,16.696,17.018,17.828,0,0,0,0,0,0,0,0,0,0,0
3280,0.165,0.120,16.757,17.042,17.401,0,0,0,0,0,0,0,0,0,0,0
3281,0.434,0.279,15.340,16.053,18.081,0,0,0,0,0,0,0,0,0,0,0
3282,0.223,0.176,16.630,17.029,16.608,0,0,0,0,0,0,0,0,0,0,0
3283,0.320,0.204,16.499,17.023,17.587,0,0,0,0,0,0,0,0,0,0,0
3284,0.326,0.172,16.541,17.039,17.550,0,0,0,0,0,0,0,0,0,0,0
3285,0.367,0.237,16.422,17.026,17.537,0,0,0,0,0,0,0,0,0,0,0
3286,0.170,0.230,16.618,17.019,17.464,0,0,0,0,0,0,0,0,0,0,0
3287,0.167,0.197,16.661,17.024,17.424,0,0,0,0,0,0,0,0,0,0,0
3288,0.294,0.195,16.547,17.036,17.546,0,0,0,0,0,0,0,0,0,0,0
3289,0.459,0.275,16.295,17.029,17.617,0,0,0,0,0,0,0,0,0,0,0
3290,0.336,0.168,15.663,16.167,17.498,0,0,0,0,0,0,0,0,0,0,0
3291,0.262,0.211,16.572,17.046,16.877,0,0,0,0,0,0,0,0,0,0,0
3292,0.254,0.165,16.363,16.782,17.627,0,0,0,0,0,0,0,0,0,0,0
3293,0.592,0.387,16.046,17.026,17.972,0,0,0,0,0,0,0,0,0,0,0
3294,0.153,0.118,16.766,17.038,17.279,0,0,0,0,0,0,0,0,0,0,0
3295,0.494,0.357,16.184,17.035,17.764,0,0,0,0,0,0,0,0,0,0,0
3296,0.327,0.313,16.164,16.804,17.721,0,0,0,0,0,0,0,0,0,0,0
3297,0.206,0.241,16.584,17.031,17.517,0,0,0,0,0,0,0,0,0,0,0
3298,0.176,0.179,16.597,16.953,17.402,0,0,0,0,0,0,0,0,0,0,0
3299,0.261,0.198,16.582,17.041,17.596,0,0,0,0,0,0,0,0,0,0,0
3300,0.486,0.304,16.230,17.020,17.469,0,0,0,0,0,0,0,0,0,0,0
3301,0.206,0.166,16.667,17.039,17.391,0,0,0,0,0,0,0,0,0,0,0
3302,0.485,0.344,16.219,17.048,17.830,0,0,0,0,0,0,0,0,0,0,0
3303,0.275,0.280,16.479,17.034,17.703,0,0,0,0,0,0,0,0,0,0,0
3304,0.258,0.163,16.273,16.695,17.348,0,0,0,0,0,0,0,0,0,0,0
3305,0.363,0.303,16.299,16.964,17.466,0,0,0,0,0,0,0,0,0,0,0
3306,0.169,0.226,16.627,17.022,17.372,0,0,0,0,0,0,0,0,0,0,0
3307,0.298,0.288,16.447,17.033,17.451,0,0,0,0,0,0,0,0,0,0,0
3308,0.405,0.309,16.313,17.027,17.460,0,0,0,0,0,0,0,0,0,0,0
3309,0.328,0.269,15.646,16.243,17.528,0,0,0,0,0,0,0,0,0,0,0
3310,0.241,0.213,16.571,17.024,16.952,0,0,0,0,0,0,0,0,0,0,0
3311,0.272,0.225,16.555,17.053,17.503,0,0,0,0,0,0,0,0,0,0,0
3312,0.687,0.449,15.888,17.024,17.978,0,0,0,0,0,0,0,0,0,0,0
3313,0.226,0.172,16.631,17.029,17.361,0,0,0,0,0,0,0,0,0,0,0
3314,0.246,0.172,16.612,17.031,17.329,0,0,0,0,0,0,0,0,0,0,0
3315,0.298,0.254,16.482,17.035,17.703,0,0,0,0,0,0,0,0,0,0,0
3316,0.211,0.190,16.617,17.018,17.718,0,0,0,0,0,0,0,0,0,0,0
3317,0.143,0.124,16.756,17.023,17.296,0,0,0,0,0,0,0,0,0,0,0
3318,0.301,0.284,16.448,17.034,17.455,0,0,0,0,0,0,0,0,0,0,0
3319,0.384,0.276,16.374,17.034,17.716,0,0,0,0,0,0,0,0,0,0,0
3320,0.193,0.177,16.266,16.636,17.410,0,0,0,0,0,0,0,0,0,0,0
3321,0.381,0.272,16.380,17.033,17.075,0,0,0,0,0,0,0,0,0,0,0
3322,0.246,0.175,16.611,17.032,17.498,0,0,0,0,0,0,0,0,0,0,0
3323,0.297,0.167,16.568,17.033,17.501,0,0,0,0,0,0,0,0,0,0,0
3324,0.269,0.268,16.490,17.027,17.715,0,0,0,0,0,0,0,0,0,0,0
3325,0.250,0.442,16.350,17.042,17.509,0,0,0,0,0,0,0,0,0,0,0
3326,0.372,0.270,16.387,17.029,17.923,0,0,0,0,0,0,0,0,0,0,0
3327,0.168,0.395,16.462,17.025,17.354,0,0,0,0,0,0,0,0,0,0,0
3328,0.254,0.294,16.479,17.027,17.442,0,0,0,0,0,0,0,0,0,0,0
3329,0.350,0.375,16.309,17.034,17.764,0,0,0,0,0,0,0,0,0,0,0
3330,0.223,0.150,16.660,17.033,17.760,0,0,0,0,0,0,0,0,0,0,0
3331,0.373,0.242,16.422,17.037,17.623,0,0,0,0,0,0,0,0,0,0,0
3332,0.362,0.262,16.412,17.036,17.586,0,0,0,0,0,0,0,0,0,0,0
3333,0.242,0.282,16.518,17.042,17.641,0,0,0,0,0,0,0,0,0,0,0
3334,0.495,0.334,16.206,17.035,17.836,0,0,0,0,0,0,0,0,0,0,0
3335,0.227,0.152,16.648,17.027,17.389,0,0,0,0,0,0,0,0,0,0,0
3336,0.285,0.276,16.468,17.029,17.648,0,0,0,0,0,0,0,0,0,0,0
3337,0.277,0.191,16.559,17.027,17.472,0,0,0,0,0,0,0,0,0,0,0
3338,0.351,0.300,16.385,17.035,17.707,0,0,0,0,0,0,0,0,0,0,0
3339,0.251,0.301,15.785,16.337,17.633,0,0,0,0,0,0,0,0,0,0,0
3340,0.372,0.264,16.398,17.034,16.764,0,0,0,0,0,0,0,0,0,0,0
3341,0.182,0.152,16.693,17.027,17.613,0,0,0,0,0,0,0,0,0,0,0
3342,0.310,0.290,16.428,17.027,17.292,0,0,0,0,0,0,0,0,0,0,0
3343,0.129,0.089,16.798,17.016,17.457,0,0,0,0,0,0,0,0,0,0,0
3344,0.077,0.074,16.478,16.630,17.293,0,0,0,0,0,0,0,0,0,0,0
3345,0.155,0.152,16.714,17.021,16.922,0,0,0,0,0,0,0,0,0,0,0
3346,0.261,0.147,16.617,17.025,17.365,0,0,0,0,0,0,0,0,0,0,0
3347,0.235,0.212,16.062,16.509,17.702,0,0,0,0,0,0,0,0,0,0,0
3348,0.186,0.145,16.480,16.812,16.904,0,0,0,0,0,0,0,0,0,0,0
3349,0.260,0.224,16.555,17.039,17.184,0,0,0,0,0,0,0,0,0,0,0
3350,0.431,0.311,16.282,17.024,17.765,0,0,0,0,0,0,0,0,0,0,0
3351,0.144,0.106,16.790,17.040,17.301,0,0,0,0,0,0,0,0,0,0,0
3352,0.484,0.306,16.235,17.025,17.862,0,0,0,0,0,0,0,0,0,0,0
3353,0.258,0.186,15.733,16.177,17.464,0,0,0,0,0,0,0,0,0,0,0
3354,0.440,0.259,16.324,17.024,16.960,0,0,0,0,0,0,0,0,0,0,0
3355,0.220,0.235,16.564,17.019,17.437,0,0,0,0,0,0,0,0,0,0,0
3356,0.241,0.224,16.512,16.977,17.473,0,0,0,0,0,0,0,0,0,0,0
3357,0.424,0.292,16.313,17.029,17.412,0,0,0,0,0,0,0,0,0,0,0
3358,0.380,0.197,16.453,17.030,17.503,0,0,0,0,0,0,0,0,0,0,0
3359,0.269,0.182,16.580,17.032,17.560,0,0,0,0,0,0,0,0,0,0,0
3360,0.336,0.267,16.423,17.027,17.787,0,0,0,0,0,0,0,0,0,0,0
3361,0.217,0.212,16.596,17.026,17.647,0,0,0,0,0,0,0,0,0,0,0
3362,0.213,0.134,16.673,17.020,17.384,0,0,0,0,0,0,0,0,0,0,0
3363,0.106,0.084,16.668,16.858,17.331,0,0,0,0,0,0,0,0,0,0,0
3364,0.170,0.103,16.756,17.029,17.141,0,0,0,0,0,0,0,0,0,0,0
3365,0.230,0.180,16.614,17.023,17.674,0,0,0,0,0,0,0,0,0,0,0
3366,0.193,0.155,16.678,17.025,17.376,0,0,0,0,0,0,0,0,0,0,0
3367,0.254,0.205,16.596,17.055,17.559,0,0,0,0,0,0,0,0,0,0,0
3368,0.428,0.265,16.344,17.037,17.548,0,0,0,0,0,0,0,0,0,0,0
3369,0.269,0.267,16.484,17.020,17.707,0,0,0,0,0,0,0,0,0,0,0
3370,0.188,0.197,16.647,17.032,17.351,0,0,0,0,0,0,0,0,0,0,0
3371,0.427,0.364,16.246,17.038,17.582,0,0,0,0,0,0,0,0,0,0,0
3372,0.327,0.280,16.422,17.029,17.749,0,0,0,0,0,0,0,0,0,0,0
3373,0.278,0.297,16.455,17.030,17.727,0,0,0,0,0,0,0,0,0,0,0
3374,0.191,0.171,16.655,17.017,17.603,0,0,0,0,0,0,0,0,0,0,0
3375,0.190,0.184,16.666,17.039,17.377,0,0,0,0,0,0,0,0,0,0,0
3376,0.453,0.278,16.307,17.039,17.779,0,0,0,0,0,0,0,0,0,0,0
3377,0.233,0.222,16.577,17.033,17.434,0,0,0,0,0,0,0,0,0,0,0
3378,0.441,0.312,16.274,17.028,17.402,0,0,0,0,0,0,0,0,0,0,0
3379,0.295,0.278,16.451,17.024,17.427,0,0,0,0,0,0,0,0,0,0,0
3380,0.385,0.274,15.520,16.178,17.432,0,0,0,0,0,0,0,0,0,0,0
3381,0.321,0.237,16.477,17.035,16.825,0,0,0,0,0,0,0,0,0,0,0
3382,0.201,0.194,16.625,17.021,17.409,0,0,0,0,0,0,0,0,0,0,0
3383,0.227,0.200,16.601,17.027,17.478,0,0,0,0,0,0,0,0,0,0,0
3384,0.166,0.144,16.715,17.025,17.599,0,0,0,0,0,0,0,0,0,0,0
3385,0.157,0.135,16.736,17.028,17.340,0,0,0,0,0,0,0,0,0,0,0
3386,0.286,0.205,16.537,17.028,17.587,0,0,0,0,0,0,0,0,0,0,0
3387,0.257,0.327,16.449,17.033,17.708,0,0,0,0,0,0,0,0,0,0,0
3388,0.197,0.223,16.604,17.023,17.501,0,0,0,0,0,0,0,0,0,0,0
3389,0.215,0.231,16.583,17.029,17.376,0,0,0,0,0,0,0,0,0,0,0
3390,0.190,0.157,16.673,17.020,17.676,0,0,0,0,0,0,0,0,0,0,0
3391,0.123,0.101,15.811,16.034,17.261,0,0,0,0,0,0,0,0,0,0,0
3392,0.279,0.320,16.442,17.041,16.538,0,0,0,0,0,0,0,0,0,0,0
3393,0.352,0.259,16.414,17.025,17.788,0,0,0,0,0,0,0,0,0,0,0
3394,0.192,0.151,16.677,17.020,17.443,0,0,0,0,0,0,0,0,0,0,0
3395,0.302,0.222,16.500,17.024,17.435,0,0,0,0,0,0,0,0,0,0,0
3396,0.225,0.211,16.254,16.690,17.706,0,0,0,0,0,0,0,0,0,0,0
3397,0.293,0.259,16.104,16.656,17.093,0,0,0,0,0,0,0,0,0,0,0
3398,0.211,0.191,16.623,17.025,17.067,0,0,0,0,0,0,0,0,0,0,0
3399,0.316,0.254,16.461,17.031,17.751,0,0,0,0,0,0,0,0,0,0,0
3400,0.355,0.339,16.342,17.036,17.455,0,0,0,0,0,0,0,0,0,0,0
3401,0.222,0.178,16.632,17.031,17.629,0,0,0,0,0,0,0,0,0,0,0
3402,0.150,0.131,16.129,16.410,17.602,0,0,0,0,0,0,0,0,0,0,0
3403,0.203,0.255,16.349,16.807,17.022,0,0,0,0,0,0,0,0,0,0,0
3404,0.298,0.248,16.490,17.036,17.409,0,0,0,0,0,0,0,0,0,0,0
3405,0.228,0.217,16.582,17.026,17.676,0,0,0,0,0,0,0,0,0,0,0
3406,0.191,0.162,16.673,17.027,17.598,0,0,0,0,0,0,0,0,0,0,0
3407,0.209,0.249,15.792,16.250,17.549,0,0,0,0,0,0,0,0,0,0,0
3408,0.107,0.101,16.806,17.014,16.701,0,0,0,0,0,0,0,0,0,0,0
3409,0.197,0.164,16.662,17.023,17.314,0,0,0,0,0,0,0,0,0,0,0
3410,0.235,0.224,15.902,16.361,17.445,0,0,0,0,0,0,0,0,0,0,0
3411,0.296,0.273,16.467,17.036,17.033,0,0,0,0,0,0,0,0,0,0,0
3412,0.256,0.212,16.552,17.019,17.450,0,0,0,0,0,0,0,0,0,0,0
3413,0.166,0.157,16.708,17.031,17.388,0,0,0,0,0,0,0,0,0,0,0
3414,0.269,0.352,16.409,17.030,17.462,0,0,0,0,0,0,0,0,0,0,0
3415,0.235,0.185,16.610,17.031,17.478,0,0,0,0,0,0,0,0,0,0,0
3416,0.224,0.228,16.524,16.976,17.475,0,0,0,0,0,0,0,0,0,0,0
3417,0.370,0.299,16.367,17.037,17.735,0,0,0,0,0,0,0,0,0,0,0
3418,0.299,0.234,16.501,17.034,17.735,0,0,0,0,0,0,0,0,0,0,0
3419,0.260,0.345,16.419,17.024,17.694,0,0,0,0,0,0,0,0,0,0,0
3420,0.144,0.119,16.756,17.019,17.288,0,0,0,0,0,0,0,0,0,0,0
3421,0.192,0.332,15.715,16.239,17.397,0,0,0,0,0,0,0,0,0,0,0
3422,0.274,0.228,16.528,17.030,16.971,0,0,0,0,0,0,0,0,0,0,0
3423,0.238,0.170,16.626,17.034,17.461,0,0,0,0,0,0,0,0,0,0,0
3424,0.281,0.234,16.529,17.044,17.677,0,0,0,0,0,0,0,0,0,0,0
3425,0.173,0.140,16.704,17.017,17.668,0,0,0,0,0,0,0,0,0,0,0
3426,0.087,0.144,16.778,17.010,17.272,0,0,0,0,0,0,0,0,0,0,0
3427,0.074,0.058,16.885,17.016,17.235,0,0,0,0,0,0,0,0,0,0,0
3428,0.221,0.214,16.588,17.023,17.361,0,0,0,0,0,0,0,0,0,0,0
3429,0.209,0.151,16.666,17.026,17.372,0,0,0,0,0,0,0,0,0,0,0
3430,0.220,0.164,16.641,17.025,17.511,0,0,0,0,0,0,0,0,0,0,0
3431,0.315,0.230,16.486,17.031,17.620,0,0,0,0,0,0,0,0,0,0,0
3432,0.169,0.153,16.703,17.025,17.429,0,0,0,0,0,0,0,0,0,0,0
3433,0.265,0.153,16.608,17.026,17.438,0,0,0,0,0,0,0,0,0,0,0
3434,0.166,0.179,16.677,17.022,17.516,0,0,0,0,0,0,0,0,0,0,0
3435,0.261,0.291,16.475,17.027,17.407,0,0,0,0,0,0,0,0,0,0,0
3436,0.236,0.218,16.578,17.031,17.437,0,0,0,0,0,0,0,0,0,0,0
3437,0.282,0.306,16.455,17.043,17.699,0,0,0,0,0,0,0,0,0,0,0
3438,0.428,0.295,16.315,17.038,17.780,0,0,0,0,0,0,0,0,0,0,0
3439,0.125,0.116,16.795,17.036,17.355,0,0,0,0,0,0,0,0,0,0,0
3440,0.290,0.287,16.443,17.021,17.437,0,0,0,0,0,0,0,0,0,0,0
3441,0.164,0.135,16.715,17.014,17.346,0,0,0,0,0,0,0,0,0,0,0
3442,0.163,0.195,16.091,16.450,17.406,0,0,0,0,0,0,0,0,0,0,0
3443,0.326,0.221,16.491,17.038,16.876,0,0,0,0,0,0,0,0,0,0,0
3444,0.330,0.290,16.290,16.909,17.863,0,0,0,0,0,0,0,0,0,0,0
3445,0.378,0.246,16.416,17.040,17.374,0,0,0,0,0,0,0,0,0,0,0
3446,0.230,0.252,15.590,16.072,17.468,0,0,0,0,0,0,0,0,0,0,0
3447,0.246,0.142,15.816,16.203,16.544,0,0,0,0,0,0,0,0,0,0,0
3448,0.366,0.284,16.381,17.031,16.981,0,0,0,0,0,0,0,0,0,0,0
3449,0.210,0.161,15.922,16.294,17.655,0,0,0,0,0,0,0,0,0,0,0
3450,0.183,0.179,16.651,17.013,16.681,0,0,0,0,0,0,0,0,0,0,0
3451,0.183,0.164,16.699,17.045,17.352,0,0,0,0,0,0,0,0,0,0,0
3452,0.191,0.153,16.695,17.038,17.432,0,0,0,0,0,0,0,0,0,0,0
3453,0.423,0.288,15.574,16.286,17.777,0,0,0,0,0,0,0,0,0,0,0
3454,0.267,0.249,16.524,17.040,16.975,0,0,0,0,0,0,0,0,0,0,0
3455,0.364,0.281,16.384,17.029,17.775,0,0,0,0,0,0,0,0,0,0,0
3456,0.170,0.278,16.583,17.030,17.371,0,0,0,0,0,0,0,0,0,0,0
3457,0.295,0.224,15.977,16.496,17.390,0,0,0,0,0,0,0,0,0,0,0
3458,0.170,0.135,16.715,17.020,16.816,0,0,0,0,0,0,0,0,0,0,0
3459,0.147,0.172,16.695,17.014,17.570,0,0,0,0,0,0,0,0,0,0,0
3460,0.103,0.089,15.991,16.183,17.245,0,0,0,0,0,0,0,0,0,0,0
3461,0.108,0.077,16.831,17.016,16.467,0,0,0,0,0,0,0,0,0,0,0
3462,0.154,0.106,15.859,16.119,17.309,0,0,0,0,0,0,0,0,0,0,0
3463,0.114,0.110,16.792,17.016,16.389,0,0,0,0,0,0,0,0,0,0,0
3464,0.170,0.186,16.205,16.561,17.332,0,0,0,0,0,0,0,0,0,0,0
3465,0.189,0.131,16.694,17.014,16.902,0,0,0,0,0,0,0,0,0,0,0
3466,0.179,0.167,16.671,17.017,17.328,0,0,0,0,0,0,0,0,0,0,0
3467,0.264,0.216,16.339,16.820,17.351,0,0,0,0,0,0,0,0,0,0,0
3468,0.155,0.132,16.744,17.030,17.132,0,0,0,0,0,0,0,0,0,0,0
3469,0.242,0.205,16.573,17.020,17.427,0,0,0,0,0,0,0,0,0,0,0
3470,0.240,0.184,16.597,17.021,17.446,0,0,0,0,0,0,0,0,0,0,0
3471,0.139,0.143,16.738,17.020,17.333,0,0,0,0,0,0,0,0,0,0,0
3472,0.291,0.204,16.530,17.024,17.413,0,0,0,0,0,0,0,0,0,0,0
3473,0.258,0.193,16.572,17.024,17.420,0,0,0,0,0,0,0,0,0,0,0
3474,0.222,0.161,16.636,17.019,17.503,0,0,0,0,0,0,0,0,0,0,0
3475,0.203,0.177,16.638,17.018,17.380,0,0,0,0,0,0,0,0,0,0,0
3476,0.221,0.224,16.577,17.021,17.421,0,0,0,0,0,0,0,0,0,0,0
3477,0.239,0.186,15.971,16.396,17.402,0,0,0,0,0,0,0,0,0,0,0
3478,0.212,0.242,16.574,17.028,16.855,0,0,0,0,0,0,0,0,0,0,0
3479,0.269,0.161,16.598,17.029,17.412,0,0,0,0,0,0,0,0,0,0,0
3480,0.218,0.173,16.636,17.027,17.649,0,0,0,0,0,0,0,0,0,0,0
3481,0.319,0.219,15.836,16.374,17.430,0,0,0,0,0,0,0,0,0,0,0
3482,0.241,0.252,16.532,17.025,17.065,0,0,0,0,0,0,0,0,0,0,0
3483,0.259,0.240,16.536,17.035,17.639,0,0,0,0,0,0,0,0,0,0,0
3484,0.308,0.229,16.487,17.023,17.613,0,0,0,0,0,0,0,0,0,0,0
3485,0.150,0.171,16.786,17.107,17.378,0,0,0,0,0,0,0,0,0,0,0
3486,0.250,0.165,16.608,17.023,17.516,0,0,0,0,0,0,0,0,0,0,0
3487,0.210,0.200,16.630,17.040,17.431,0,0,0,0,0,0,0,0,0,0,0
3488,0.222,0.197,16.603,17.022,17.457,0,0,0,0,0,0,0,0,0,0,0
3489,0.218,0.200,16.610,17.028,17.418,0,0,0,0,0,0,0,0,0,0,0
3490,0.190,0.199,16.637,17.025,17.512,0,0,0,0,0,0,0,0,0,0,0
3491,0.325,0.232,16.475,17.031,17.448,0,0,0,0,0,0,0,0,0,0,0
3492,0.227,0.259,16.540,17.026,17.443,0,0,0,0,0,0,0,0,0,0,0
3493,0.386,0.326,16.315,17.028,17.465,0,0,0,0,0,0,0,0,0,0,0
3494,0.264,0.193,16.567,17.024,17.524,0,0,0,0,0,0,0,0,0,0,0
3495,0.248,0.354,15.660,16.261,17.490,0,0,0,0,0,0,0,0,0,0,0
3496,0.253,0.215,16.557,17.025,16.656,0,0,0,0,0,0,0,0,0,0,0
3497,0.200,0.185,16.641,17.026,17.385,0,0,0,0,0,0,0,0,0,0,0
3498,0.281,0.159,16.584,17.024,17.434,0,0,0,0,0,0,0,0,0,0,0
3499,0.177,0.359,16.493,17.029,17.356,0,0,0,0,0,0,0,0,0,0,0
3500,0.229,0.190,16.615,17.033,17.477,0,0,0,0,0,0,0,0,0,0,0
3501,0.370,0.239,16.417,17.025,17.736,0,0,0,0,0,0,0,0,0,0,0
3502,0.144,0.111,16.768,17.023,17.567,0,0,0,0,0,0,0,0,0,0,0
3503,0.171,0.142,16.707,17.020,17.570,0,0,0,0,0,0,0,0,0,0,0
3504,0.066,0.053,16.732,16.851,17.271,0,0,0,0,0,0,0,0,0,0,0
3505,0.205,0.148,16.677,17.030,17.544,0,0,0,0,0,0,0,0,0,0,0
3506,0.244,0.219,16.564,17.027,17.666,0,0,0,0,0,0,0,0,0,0,0
3507,0.219,0.205,15.795,16.220,17.456,0,0,0,0,0,0,0,0,0,0,0
3508,0.433,0.391,15.396,16.221,16.953,0,0,0,0,0,0,0,0,0,0,0
3509,0.230,0.188,16.613,17.031,16.666,0,0,0,0,0,0,0,0,0,0,0
3510,0.273,0.231,16.528,17.032,17.746,0,0,0,0,0,0,0,0,0,0,0
3511,0.159,0.248,16.609,17.017,17.609,0,0,0,0,0,0,0,0,0,0,0
3512,0.115,0.105,16.802,17.023,17.283,0,0,0,0,0,0,0,0,0,0,0
3513,0.258,0.200,16.563,17.021,17.300,0,0,0,0,0,0,0,0,0,0,0
3514,0.191,0.135,16.325,16.652,17.633,0,0,0,0,0,0,0,0,0,0,0
3515,0.240,0.182,16.266,16.689,16.985,0,0,0,0,0,0,0,0,0,0,0
3516,0.267,0.260,16.503,17.029,17.111,0,0,0,0,0,0,0,0,0,0,0
3517,0.241,0.178,16.615,17.035,17.456,0,0,0,0,0,0,0,0,0,0,0
3518,0.244,0.220,16.559,17.024,17.502,0,0,0,0,0,0,0,0,0,0,0
3519,0.224,0.173,16.645,17.042,17.525,0,0,0,0,0,0,0,0,0,0,0
3520,0.479,0.435,16.118,17.031,17.800,0,0,0,0,0,0,0,0,0,0,0
3521,0.219,0.116,16.685,17.019,17.648,0,0,0,0,0,0,0,0,0,0,0
3522,0.271,0.193,16.561,17.024,17.396,0,0,0,0,0,0,0,0,0,0,0
3523,0.188,0.148,16.683,17.018,17.383,0,0,0,0,0,0,0,0,0,0,0
3524,0.229,0.181,16.614,17.024,17.390,0,0,0,0,0,0,0,0,0,0,0
3525,0.267,0.151,16.615,17.033,17.483,0,0,0,0,0,0,0,0,0,0,0
3526,0.252,0.209,16.567,17.027,17.684,0,0,0,0,0,0,0,0,0,0,0
3527,0.388,0.286,16.349,17.024,17.443,0,0,0,0,0,0,0,0,0,0,0
3528,0.126,0.124,16.770,17.020,17.396,0,0,0,0,0,0,0,0,0,0,0
3529,0.308,0.263,16.410,16.981,17.444,0,0,0,0,0,0,0,0,0,0,0
3530,0.185,0.165,16.677,17.026,17.343,0,0,0,0,0,0,0,0,0,0,0
3531,0.241,0.195,16.591,17.026,17.474,0,0,0,0,0,0,0,0,0,0,0
3532,0.251,0.217,16.561,17.029,17.402,0,0,0,0,0,0,0,0,0,0,0
3533,0.225,0.205,16.589,17.019,17.539,0,0,0,0,0,0,0,0,0,0,0
3534,0.229,0.187,16.601,17.018,17.422,0,0,0,0,0,0,0,0,0,0,0
3535,0.210,0.198,16.617,17.025,17.328,0,0,0,0,0,0,0,0,0,0,0
3536,0.206,0.218,16.611,17.035,17.398,0,0,0,0,0,0,0,0,0,0,0
3537,0.250,0.219,16.557,17.025,17.629,0,0,0,0,0,0,0,0,0,0,0
3538,0.175,0.174,16.686,17.035,17.329,0,0,0,0,0,0,0,0,0,0,0
3539,0.335,0.349,16.340,17.024,17.726,0,0,0,0,0,0,0,0,0,0,0
3540,0.155,0.124,16.748,17.027,17.347,0,0,0,0,0,0,0,0,0,0,0
3541,0.238,0.188,16.598,17.024,17.402,0,0,0,0,0,0,0,0,0,0,0
3542,0.159,0.174,16.680,17.013,17.591,0,0,0,0,0,0,0,0,0,0,0
3543,0.110,0.080,16.829,17.020,17.263,0,0,0,0,0,0,0,0,0,0,0
3544,0.223,0.182,16.613,17.018,17.641,0,0,0,0,0,0,0,0,0,0,0
3545,0.142,0.134,16.743,17.020,17.320,0,0,0,0,0,0,0,0,0,0,0
3546,0.190,0.098,16.728,17.016,17.469,0,0,0,0,0,0,0,0,0,0,0
3547,0.129,0.119,16.767,17.015,17.281,0,0,0,0,0,0,0,0,0,0,0
3548,0.127,0.123,16.134,16.384,17.288,0,0,0,0,0,0,0,0,0,0,0
3549,0.114,0.162,16.739,17.015,16.689,0,0,0,0,0,0,0,0,0,0,0
3550,0.145,0.112,16.761,17.018,17.323,0,0,0,0,0,0,0,0,0,0,0
3551,0.216,0.155,16.643,17.014,17.350,0,0,0,0,0,0,0,0,0,0,0
3552,0.147,0.165,16.705,17.017,17.330,0,0,0,0,0,0,0,0,0,0,0
3553,0.259,0.159,16.474,16.892,17.391,0,0,0,0,0,0,0,0,0,0,0
3554,0.157,0.116,16.752,17.024,17.226,0,0,0,0,0,0,0,0,0,0,0
3555,0.195,0.149,16.677,17.021,17.452,0,0,0,0,0,0,0,0,0,0,0
3556,0.268,0.195,16.552,17.015,17.412,0,0,0,0,0,0,0,0,0,0,0
3557,0.128,0.124,16.781,17.033,17.314,0,0,0,0,0,0,0,0,0,0,0
3558,0.383,0.282,15.944,16.609,17.487,0,0,0,0,0,0,0,0,0,0,0
3559,0.203,0.169,16.648,17.019,17.022,0,0,0,0,0,0,0,0,0,0,0
3560,0.182,0.188,16.657,17.027,17.391,0,0,0,0,0,0,0,0,0,0,0
3561,0.334,0.211,16.475,17.020,17.428,0,0,0,0,0,0,0,0,0,0,0
3562,0.113,0.094,16.818,17.024,17.290,0,0,0,0,0,0,0,0,0,0,0
3563,0.276,0.241,16.511,17.027,17.417,0,0,0,0,0,0,0,0,0,0,0
3564,0.190,0.162,16.666,17.018,17.408,0,0,0,0,0,0,0,0,0,0,0
3565,0.240,0.120,16.271,16.631,17.741,0,0,0,0,0,0,0,0,0,0,0
3566,0.192,0.174,16.657,17.023,17.036,0,0,0,0,0,0,0,0,0,0,0
3567,0.205,0.157,16.665,17.028,17.430,0,0,0,0,0,0,0,0,0,0,0
3568,0.310,0.215,16.497,17.022,17.439,0,0,0,0,0,0,0,0,0,0,0
3569,0.105,0.095,16.822,17.022,17.280,0,0,0,0,0,0,0,0,0,0,0
3570,0.233,0.166,16.616,17.016,17.402,0,0,0,0,0,0,0,0,0,0,0
3571,0.178,0.180,16.663,17.021,17.347,0,0,0,0,0,0,0,0,0,0,0
3572,0.234,0.268,16.011,16.513,17.408,0,0,0,0,0,0,0,0,0,0,0
3573,0.230,0.176,16.609,17.015,16.980,0,0,0,0,0,0,0,0,0,0,0
3574,0.122,0.157,16.737,17.015,17.294,0,0,0,0,0,0,0,0,0,0,0
3575,0.223,0.144,16.656,17.023,17.416,0,0,0,0,0,0,0,0,0,0,0
3576,0.177,0.209,16.633,17.019,17.376,0,0,0,0,0,0,0,0,0,0,0
3577,0.253,0.230,16.542,17.025,17.414,0,0,0,0,0,0,0,0,0,0,0
3578,0.219,0.219,15.717,16.154,17.412,0,0,0,0,0,0,0,0,0,0,0
3579,0.181,0.173,16.301,16.655,16.526,0,0,0,0,0,0,0,0,0,0,0
3580,0.284,0.250,16.485,17.019,17.040,0,0,0,0,0,0,0,0,0,0,0
3581,0.207,0.178,16.509,16.893,17.364,0,0,0,0,0,0,0,0,0,0,0
3582,0.169,0.159,16.691,17.019,17.233,0,0,0,0,0,0,0,0,0,0,0
3583,0.219,0.217,16.585,17.021,17.366,0,0,0,0,0,0,0,0,0,0,0
3584,0.215,0.399,15.594,16.208,17.399,0,0,0,0,0,0,0,0,0,0,0
3585,0.238,0.168,16.609,17.014,16.613,0,0,0,0,0,0,0,0,0,0,0
3586,0.207,0.146,16.667,17.019,17.365,0,0,0,0,0,0,0,0,0,0,0
3587,0.269,0.286,15.522,16.077,17.444,0,0,0,0,0,0,0,0,0,0,0
3588,0.228,0.163,16.637,17.028,16.552,0,0,0,0,0,0,0,0,0,0,0
3589,0.342,0.242,16.449,17.032,17.823,0,0,0,0,0,0,0,0,0,0,0
3590,0.244,0.165,16.415,16.824,17.685,0,0,0,0,0,0,0,0,0,0,0
3591,0.204,0.170,16.180,16.554,17.198,0,0,0,0,0,0,0,0,0,0,0
3592,0.232,0.252,16.542,17.026,16.957,0,0,0,0,0,0,0,0,0,0,0
3593,0.233,0.181,15.920,16.334,17.488,0,0,0,0,0,0,0,0,0,0,0
3594,0.272,0.196,16.579,17.048,16.839,0,0,0,0,0,0,0,0,0,0,0
3595,0.273,0.355,16.399,17.026,17.459,0,0,0,0,0,0,0,0,0,0,0
3596,0.236,0.262,16.285,16.782,17.474,0,0,0,0,0,0,0,0,0,0,0
3597,0.254,0.208,16.560,17.022,17.277,0,0,0,0,0,0,0,0,0,0,0
3598,0.194,0.165,16.169,16.527,17.391,0,0,0,0,0,0,0,0,0,0,0
3599,0.263,0.222,16.541,17.026,16.984,0,0,0,0,0,0,0,0,0,0,0
3600,0.203,0.137,16.689,17.029,17.407,0,0,0,0,0,0,0,0,0,0,0
3601,0.276,0.225,15.651,16.152,17.480,0,0,0,0,0,0,0,0,0,0,0
3602,0.313,0.262,16.247,16.822,16.799,0,0,0,0,0,0,0,0,0,0,0
3603,0.220,0.194,16.615,17.028,17.409,0,0,0,0,0,0,0,0,0,0,0
3604,0.190,0.137,15.872,16.199,17.667,0,0,0,0,0,0,0,0,0,0,0
3605,0.102,0.102,16.809,17.012,16.495,0,0,0,0,0,0,0,0,0,0,0
3606,0.181,0.136,16.711,17.028,17.405,0,0,0,0,0,0,0,0,0,0,0
3607,0.219,0.212,16.587,17.018,17.692,0,0,0,0,0,0,0,0,0,0,0
3608,0.215,0.217,16.611,17.043,17.533,0,0,0,0,0,0,0,0,0,0,0
3609,0.252,0.233,16.550,17.035,17.398,0,0,0,0,0,0,0,0,0,0,0
3610,0.206,0.167,16.295,16.668,17.519,0,0,0,0,0,0,0,0,0,0,0
3611,0.220,0.169,16.652,17.041,17.028,0,0,0,0,0,0,0,0,0,0,0
3612,0.170,0.142,16.713,17.024,17.422,0,0,0,0,0,0,0,0,0,0,0
3613,0.248,0.220,16.558,17.027,17.466,0,0,0,0,0,0,0,0,0,0,0
3614,0.251,0.208,16.562,17.022,17.385,0,0,0,0,0,0,0,0,0,0,0
3615,0.191,0.149,16.684,17.024,17.398,0,0,0,0,0,0,0,0,0,0,0
3616,0.187,0.210,16.076,16.474,17.367,0,0,0,0,0,0,0,0,0,0,0
3617,0.250,0.199,15.772,16.220,16.922,0,0,0,0,0,0,0,0,0,0,0
3618,0.250,0.187,16.594,17.031,16.651,0,0,0,0,0,0,0,0,0,0,0
3619,0.250,0.251,16.110,16.611,17.601,0,0,0,0,0,0,0,0,0,0,0
3620,0.277,0.372,16.381,17.030,17.326,0,0,0,0,0,0,0,0,0,0,0
3621,0.344,0.221,16.459,17.024,17.445,0,0,0,0,0,0,0,0,0,0,0
3622,0.225,0.190,15.739,16.154,17.435,0,0,0,0,0,0,0,0,0,0,0
3623,0.279,0.239,16.513,17.032,16.570,0,0,0,0,0,0,0,0,0,0,0
3624,0.305,0.233,16.490,17.028,17.740,0,0,0,0,0,0,0,0,0,0,0
3625,0.266,0.211,16.551,17.029,17.386,0,0,0,0,0,0,0,0,0,0,0
3626,0.182,0.149,16.688,17.019,17.635,0,0,0,0,0,0,0,0,0,0,0
3627,0.183,0.272,16.569,17.024,17.344,0,0,0,0,0,0,0,0,0,0,0
3628,0.264,0.205,15.894,16.362,17.406,0,0,0,0,0,0,0,0,0,0,0
3629,0.261,0.205,16.563,17.029,17.083,0,0,0,0,0,0,0,0,0,0,0
3630,0.279,0.285,16.443,17.007,17.704,0,0,0,0,0,0,0,0,0,0,0
3631,0.192,0.193,16.637,17.022,17.469,0,0,0,0,0,0,0,0,0,0,0
3632,0.271,0.272,15.631,16.174,17.820,0,0,0,0,0,0,0,0,0,0,0
3633,0.330,0.224,16.469,17.024,16.639,0,0,0,0,0,0,0,0,0,0,0
3634,0.171,0.170,16.683,17.024,17.368,0,0,0,0,0,0,0,0,0,0,0
3635,0.269,0.208,15.638,16.115,17.438,0,0,0,0,0,0,0,0,0,0,0
3636,0.242,0.189,16.596,17.027,16.576,0,0,0,0,0,0,0,0,0,0,0
3637,0.264,0.260,16.512,17.037,17.712,0,0,0,0,0,0,0,0,0,0,0
3638,0.349,0.371,16.164,16.884,17.768,0,0,0,0,0,0,0,0,0,0,0
3639,0.182,0.200,16.643,17.025,17.348,0,0,0,0,0,0,0,0,0,0,0
3640,0.302,4.714,12.007,17.023,17.684,0,0,0,0,0,0,0,0,0,0,0
3641,0.237,0.177,16.612,17.027,17.474,0,0,0,0,0,0,0,0,0,0,0
3642,0.246,0.201,16.572,17.019,17.477,0,0,0,0,0,0,0,0,0,0,0
3643,0.213,0.218,16.055,16.486,17.465,0,0,0,0,0,0,0,0,0,0,0
3644,0.215,0.248,16.566,17.029,17.110,0,0,0,0,0,0,0,0,0,0,0
3645,0.376,0.299,16.355,17.029,17.732,0,0,0,0,0,0,0,0,0,0,0
3646,0.149,0.161,16.718,17.028,17.368,0,0,0,0,0,0,0,0,0,0,0
3647,0.278,0.218,16.529,17.025,17.407,0,0,0,0,0,0,0,0,0,0,0
3648,0.202,0.198,16.631,17.031,17.622,0,0,0,0,0,0,0,0,0,0,0
3649,0.246,0.226,16.554,17.026,17.440,0,0,0,0,0,0,0,0,0,0,0
3650,0.180,0.118,16.371,16.668,17.330,0,0,0,0,0,0,0,0,0,0,0
3651,0.207,0.173,16.638,17.018,17.341,0,0,0,0,0,0,0,0,0,0,0
3652,0.123,0.116,16.777,17.016,17.381,0,0,0,0,0,0,0,0,0,0,0
3653,0.176,0.178,16.671,17.026,17.363,0,0,0,0,0,0,0,0,0,0,0
3654,0.234,0.212,16.586,17.031,17.409,0,0,0,0,0,0,0,0,0,0,0
3655,0.219,0.176,16.633,17.028,17.453,0,0,0,0,0,0,0,0,0,0,0
3656,0.209,0.251,16.444,16.904,17.650,0,0,0,0,0,0,0,0,0,0,0
3657,0.293,0.232,16.500,17.025,17.352,0,0,0,0,0,0,0,0,0,0,0
3658,0.194,0.205,16.621,17.020,17.374,0,0,0,0,0,0,0,0,0,0,0
3659,0.217,0.232,16.579,17.027,17.400,0,0,0,0,0,0,0,0,0,0,0
3660,0.227,0.242,16.553,17.023,17.375,0,0,0,0,0,0,0,0,0,0,0
3661,0.261,0.241,16.540,17.042,17.675,0,0,0,0,0,0,0,0,0,0,0
3662,0.346,0.307,16.383,17.036,17.902,0,0,0,0,0,0,0,0,0,0,0
3663,0.218,0.209,16.656,17.083,17.448,0,0,0,0,0,0,0,0,0,0,0
3664,0.363,0.274,16.407,17.044,17.445,0,0,0,0,0,0,0,0,0,0,0
3665,0.330,0.308,16.400,17.038,17.558,0,0,0,0,0,0,0,0,0,0,0
3666,0.374,0.451,15.940,16.765,17.368,0,0,0,0,0,0,0,0,0,0,0
3667,0.303,0.254,16.462,17.020,17.117,0,0,0,0,0,0,0,0,0,0,0
3668,0.237,0.250,16.539,17.026,17.343,0,0,0,0,0,0,0,0,0,0,0
3669,0.359,0.278,15.934,16.572,17.459,0,0,0,0,0,0,0,0,0,0,0
3670,0.220,0.372,16.444,17.037,16.926,0,0,0,0,0,0,0,0,0,0,0
3671,0.243,0.182,16.595,17.021,17.439,0,0,0,0,0,0,0,0,0,0,0
3672,0.230,0.229,16.007,16.467,17.353,0,0,0,0,0,0,0,0,0,0,0
3673,0.224,0.218,16.587,17.029,16.861,0,0,0,0,0,0,0,0,0,0,0
3674,0.347,0.247,16.468,17.062,17.375,0,0,0,0,0,0,0,0,0,0,0
3675,0.486,0.375,16.172,17.033,17.893,0,0,0,0,0,0,0,0,0,0,0
3676,0.288,0.265,16.468,17.021,17.715,0,0,0,0,0,0,0,0,0,0,0
3677,0.189,0.153,16.687,17.028,17.344,0,0,0,0,0,0,0,0,0,0,0
3678,0.248,0.224,16.257,16.729,17.705,0,0,0,0,0,0,0,0,0,0,0
3679,0.280,0.247,16.170,16.697,17.392,0,0,0,0,0,0,0,0,0,0,0
3680,0.296,0.451,16.294,17.041,17.379,0,0,0,0,0,0,0,0,0,0,0
3681,0.295,0.246,16.065,16.606,17.695,0,0,0,0,0,0,0,0,0,0,0
3682,0.241,0.198,16.092,16.531,17.253,0,0,0,0,0,0,0,0,0,0,0
3683,0.360,0.281,16.391,17.031,17.198,0,0,0,0,0,0,0,0,0,0,0
3684,0.290,0.188,15.580,16.058,17.442,0,0,0,0,0,0,0,0,0,0,0
3685,0.184,0.162,16.679,17.025,16.468,0,0,0,0,0,0,0,0,0,0,0
3686,0.311,0.205,16.520,17.036,17.342,0,0,0,0,0,0,0,0,0,0,0
3687,0.327,0.252,16.464,17.043,17.716,0,0,0,0,0,0,0,0,0,0,0
3688,0.313,0.294,16.431,17.039,17.604,0,0,0,0,0,0,0,0,0,0,0
3689,0.292,0.250,16.491,17.033,17.709,0,0,0,0,0,0,0,0,0,0,0
3690,0.361,0.345,16.187,16.892,17.703,0,0,0,0,0,0,0,0,0,0,0
3691,0.589,0.414,15.446,16.449,17.716,0,0,0,0,0,0,0,0,0,0,0
3692,0.238,0.239,16.560,17.037,17.078,0,0,0,0,0,0,0,0,0,0,0
3693,0.327,0.241,15.965,16.533,17.676,0,0,0,0,0,0,0,0,0,0,0
3694,0.383,0.268,16.381,17.032,17.189,0,0,0,0,0,0,0,0,0,0,0
3695,0.255,0.233,16.552,17.039,17.816,0,0,0,0,0,0,0,0,0,0,0
3696,0.287,0.240,16.502,17.028,17.728,0,0,0,0,0,0,0,0,0,0,0
3697,0.275,0.236,16.529,17.040,17.633,0,0,0,0,0,0,0,0,0,0,0
3698,0.349,0.282,16.394,17.024,17.705,0,0,0,0,0,0,0,0,0,0,0
3699,0.157,0.132,16.730,17.019,17.363,0,0,0,0,0,0,0,0,0,0,0
3700,0.228,0.180,16.549,16.957,17.362,0,0,0,0,0,0,0,0,0,0,0
3701,0.145,0.141,16.738,17.023,17.230,0,0,0,0,0,0,0,0,0,0,0
3702,0.228,0.179,16.640,17.047,17.328,0,0,0,0,0,0,0,0,0,0,0
3703,0.184,0.171,16.159,16.514,17.480,0,0,0,0,0,0,0,0,0,0,0
3704,0.140,0.301,16.578,17.020,16.885,0,0,0,0,0,0,0,0,0,0,0
3705,0.202,0.161,16.660,17.023,17.297,0,0,0,0,0,0,0,0,0,0,0
3706,0.247,0.184,16.590,17.020,17.356,0,0,0,0,0,0,0,0,0,0,0
3707,0.223,0.168,16.097,16.489,17.372,0,0,0,0,0,0,0,0,0,0,0
3708,0.274,0.219,16.534,17.027,17.203,0,0,0,0,0,0,0,0,0,0,0
3709,0.242,0.202,16.602,17.046,17.450,0,0,0,0,0,0,0,0,0,0,0
3710,0.420,0.388,16.223,17.032,17.857,0,0,0,0,0,0,0,0,0,0,0
3711,0.251,0.202,16.579,17.032,17.378,0,0,0,0,0,0,0,0,0,0,0
3712,0.389,0.435,16.209,17.033,17.461,0,0,0,0,0,0,0,0,0,0,0
3713,0.516,0.480,15.462,16.458,17.540,0,0,0,0,0,0,0,0,0,0,0
3714,0.242,0.206,16.592,17.040,16.883,0,0,0,0,0,0,0,0,0,0,0
3715,0.357,0.299,16.370,17.026,17.768,0,0,0,0,0,0,0,0,0,0,0
3716,0.224,0.160,16.642,17.027,17.368,0,0,0,0,0,0,0,0,0,0,0
3717,0.289,0.270,16.476,17.034,17.318,0,0,0,0,0,0,0,0,0,0,0
3718,0.294,0.230,16.522,17.047,17.361,0,0,0,0,0,0,0,0,0,0,0
3719,0.239,0.156,16.709,17.104,17.438,0,0,0,0,0,0,0,0,0,0,0
3720,0.200,0.169,16.653,17.022,17.409,0,0,0,0,0,0,0,0,0,0,0
3721,0.213,0.137,16.677,17.027,17.335,0,0,0,0,0,0,0,0,0,0,0
3722,0.164,0.146,16.710,17.021,17.367,0,0,0,0,0,0,0,0,0,0,0
3723,0.183,0.157,16.681,17.021,17.284,0,0,0,0,0,0,0,0,0,0,0
3724,0.176,0.147,16.694,17.017,17.411,0,0,0,0,0,0,0,0,0,0,0
3725,0.185,0.139,16.698,17.022,17.310,0,0,0,0,0,0,0,0,0,0,0
3726,0.185,0.147,16.475,16.807,17.312,0,0,0,0,0,0,0,0,0,0,0
3727,0.198,0.160,16.395,16.753,17.108,0,0,0,0,0,0,0,0,0,0,0
3728,0.205,0.156,16.657,17.017,17.064,0,0,0,0,0,0,0,0,0,0,0
3729,0.183,0.145,16.691,17.018,17.316,0,0,0,0,0,0,0,0,0,0,0
3730,0.190,0.157,16.053,16.400,17.309,0,0,0,0,0,0,0,0,0,0,0
3731,0.165,0.133,16.645,16.944,16.692,0,0,0,0,0,0,0,0,0,0,0
3732,0.240,0.189,16.603,17.033,17.229,0,0,0,0,0,0,0,0,0,0,0
3733,0.283,0.198,15.970,16.451,17.339,0,0,0,0,0,0,0,0,0,0,0
3734,0.290,0.409,16.333,17.032,16.808,0,0,0,0,0,0,0,0,0,0,0
3735,0.193,0.171,16.387,16.751,17.362,0,0,0,0,0,0,0,0,0,0,0
3736,0.273,0.237,16.260,16.771,17.082,0,0,0,0,0,0,0,0,0,0,0
3737,0.262,0.206,16.131,16.600,17.295,0,0,0,0,0,0,0,0,0,0,0
3738,0.280,0.233,16.516,17.029,17.003,0,0,0,0,0,0,0,0,0,0,0
3739,0.381,0.366,15.872,16.619,17.470,0,0,0,0,0,0,0,0,0,0,0
3740,0.272,0.286,16.480,17.038,16.979,0,0,0,0,0,0,0,0,0,0,0
3741,0.344,0.329,16.362,17.035,17.438,0,0,0,0,0,0,0,0,0,0,0
3742,0.365,0.285,16.386,17.036,17.458,0,0,0,0,0,0,0,0,0,0,0
3743,0.257,0.211,16.181,16.649,17.394,0,0,0,0,0,0,0,0,0,0,0
3744,0.249,0.245,16.526,17.021,16.973,0,0,0,0,0,0,0,0,0,0,0
3745,0.245,0.197,16.619,17.062,17.364,0,0,0,0,0,0,0,0,0,0,0
3746,0.224,0.195,16.616,17.034,17.396,0,0,0,0,0,0,0,0,0,0,0
3747,0.211,0.212,16.608,17.031,17.707,0,0,0,0,0,0,0,0,0,0,0
3748,0.390,0.388,16.254,17.032,17.453,0,0,0,0,0,0,0,0,0,0,0
3749,0.244,0.214,16.571,17.029,17.418,0,0,0,0,0,0,0,0,0,0,0
3750,0.260,0.240,16.535,17.034,17.447,0,0,0,0,0,0,0,0,0,0,0
3751,0.321,0.324,16.384,17.030,17.441,0,0,0,0,0,0,0,0,0,0,0
3752,0.347,0.286,16.402,17.034,17.435,0,0,0,0,0,0,0,0,0,0,0
3753,0.365,0.351,16.310,17.027,17.449,0,0,0,0,0,0,0,0,0,0,0
3754,0.320,0.274,15.951,16.545,17.413,0,0,0,0,0,0,0,0,0,0,0
3755,0.290,0.409,16.343,17.041,17.008,0,0,0,0,0,0,0,0,0,0,0
3756,0.424,0.302,16.074,16.801,17.494,0,0,0,0,0,0,0,0,0,0,0
3757,0.399,0.310,16.335,17.044,17.245,0,0,0,0,0,0,0,0,0,0,0
3758,0.398,0.310,16.383,17.090,17.436,0,0,0,0,0,0,0,0,0,0,0
3759,0.278,0.241,16.139,16.658,17.475,0,0,0,0,0,0,0,0,0,0,0
3760,0.472,0.357,16.200,17.030,17.197,0,0,0,0,0,0,0,0,0,0,0
3761,0.248,0.222,15.769,16.239,17.428,0,0,0,0,0,0,0,0,0,0,0
3762,0.311,0.418,16.295,17.023,16.665,0,0,0,0,0,0,0,0,0,0,0
3763,0.433,0.242,16.369,17.043,17.331,0,0,0,0,0,0,0,0,0,0,0
3764,0.397,0.326,16.312,17.035,17.472,0,0,0,0,0,0,0,0,0,0,0
3765,0.381,0.459,16.202,17.043,17.441,0,0,0,0,0,0,0,0,0,0,0
3766,0.239,0.280,16.505,17.024,17.415,0,0,0,0,0,0,0,0,0,0,0
3767,0.278,0.244,16.319,16.841,17.455,0,0,0,0,0,0,0,0,0,0,0
3768,0.408,0.313,16.314,17.035,17.270,0,0,0,0,0,0,0,0,0,0,0
3769,0.246,0.236,16.555,17.037,17.375,0,0,0,0,0,0,0,0,0,0,0
3770,0.358,0.316,16.359,17.033,17.431,0,0,0,0,0,0,0,0,0,0,0
3771,0.409,0.338,16.293,17.039,18.056,0,0,0,0,0,0,0,0,0,0,0
3772,0.411,0.283,16.341,17.035,17.455,0,0,0,0,0,0,0,0,0,0,0
3773,0.309,0.270,16.031,16.610,17.427,0,0,0,0,0,0,0,0,0,0,0
3774,0.314,0.307,16.417,17.038,17.005,0,0,0,0,0,0,0,0,0,0,0
3775,0.470,0.379,16.183,17.032,17.442,0,0,0,0,0,0,0,0,0,0,0
3776,0.303,0.298,16.435,17.036,17.418,0,0,0,0,0,0,0,0,0,0,0
3777,0.373,0.311,15.675,16.359,17.476,0,0,0,0,0,0,0,0,0,0,0
3778,0.273,0.222,16.536,17.031,16.739,0,0,0,0,0,0,0,0,0,0,0
3779,0.413,0.333,16.279,17.024,17.446,0,0,0,0,0,0,0,0,0,0,0
3780,0.278,0.303,16.445,17.026,17.401,0,0,0,0,0,0,0,0,0,0,0
3781,0.309,0.249,16.473,17.031,17.398,0,0,0,0,0,0,0,0,0,0,0
3782,0.303,0.265,16.225,16.793,17.413,0,0,0,0,0,0,0,0,0,0,0
3783,0.609,0.332,16.086,17.027,17.217,0,0,0,0,0,0,0,0,0,0,0
3784,0.309,0.265,16.451,17.025,17.408,0,0,0,0,0,0,0,0,0,0,0
3785,0.220,0.228,16.575,17.024,17.440,0,0,0,0,0,0,0,0,0,0,0
3786,0.266,0.230,16.534,17.030,17.458,0,0,0,0,0,0,0,0,0,0,0
3787,0.330,0.304,16.361,16.995,17.361,0,0,0,0,0,0,0,0,0,0,0
3788,0.262,0.248,16.573,17.083,17.347,0,0,0,0,0,0,0,0,0,0,0
3789,0.382,0.346,16.309,17.038,17.454,0,0,0,0,0,0,0,0,0,0,0
3790,0.211,0.174,16.643,17.028,17.536,0,0,0,0,0,0,0,0,0,0,0
3791,0.413,0.340,15.696,16.449,17.477,0,0,0,0,0,0,0,0,0,0,0
3792,0.277,0.254,16.493,17.024,16.879,0,0,0,0,0,0,0,0,0,0,0
3793,0.283,0.231,16.533,17.047,17.479,0,0,0,0,0,0,0,0,0,0,0
3794,0.445,0.352,16.257,17.054,17.520,0,0,0,0,0,0,0,0,0,0,0
3795,0.376,0.318,15.692,16.386,17.481,0,0,0,0,0,0,0,0,0,0,0
3796,0.384,0.289,16.358,17.031,17.002,0,0,0,0,0,0,0,0,0,0,0
3797,0.219,0.199,16.095,16.512,17.363,0,0,0,0,0,0,0,0,0,0,0
3798,0.310,0.307,15.965,16.582,16.857,0,0,0,0,0,0,0,0,0,0,0
3799,0.257,0.267,16.501,17.024,16.929,0,0,0,0,0,0,0,0,0,0,0
3800,0.209,0.195,16.626,17.029,17.364,0,0,0,0,0,0,0,0,0,0,0
3801,0.371,0.265,15.788,16.424,17.385,0,0,0,0,0,0,0,0,0,0,0
3802,0.335,0.212,16.482,17.029,16.813,0,0,0,0,0,0,0,0,0,0,0
3803,0.309,0.272,16.443,17.024,17.392,0,0,0,0,0,0,0,0,0,0,0
3804,0.269,0.256,16.081,16.605,17.410,0,0,0,0,0,0,0,0,0,0,0
3805,0.230,0.188,16.604,17.022,16.946,0,0,0,0,0,0,0,0,0,0,0
3806,0.261,0.228,16.532,17.021,17.375,0,0,0,0,0,0,0,0,0,0,0
3807,0.182,0.161,16.679,17.021,17.337,0,0,0,0,0,0,0,0,0,0,0
3808,0.222,0.172,16.628,17.022,17.384,0,0,0,0,0,0,0,0,0,0,0
3809,0.173,0.139,16.058,16.369,17.339,0,0,0,0,0,0,0,0,0,0,0
3810,0.259,0.261,16.508,17.028,16.697,0,0,0,0,0,0,0,0,0,0,0
3811,0.248,0.218,16.558,17.025,17.361,0,0,0,0,0,0,0,0,0,0,0
3812,0.165,0.149,16.716,17.030,17.329,0,0,0,0,0,0,0,0,0,0,0
3813,0.260,0.213,16.557,17.030,17.341,0,0,0,0,0,0,0,0,0,0,0
3814,0.239,0.201,16.579,17.019,17.363,0,0,0,0,0,0,0,0,0,0,0
3815,0.249,0.187,16.591,17.027,17.364,0,0,0,0,0,0,0,0,0,0,0
3816,0.262,0.210,15.819,16.291,17.367,0,0,0,0,0,0,0,0,0,0,0
3817,0.191,0.148,16.691,17.030,16.623,0,0,0,0,0,0,0,0,0,0,0
3818,0.304,0.236,16.489,17.029,17.366,0,0,0,0,0,0,0,0,0,0,0
3819,0.173,0.180,16.667,17.021,17.365,0,0,0,0,0,0,0,0,0,0,0
3820,0.207,0.183,16.639,17.028,17.361,0,0,0,0,0,0,0,0,0,0,0
3821,0.343,0.330,16.359,17.032,17.423,0,0,0,0,0,0,0,0,0,0,0
3822,0.363,0.308,16.349,17.020,17.476,0,0,0,0,0,0,0,0,0,0,0
3823,0.382,0.377,16.268,17.027,17.449,0,0,0,0,0,0,0,0,0,0,0
3824,0.233,0.240,16.215,16.688,17.428,0,0,0,0,0,0,0,0,0,0,0
3825,0.258,0.196,15.843,16.298,17.120,0,0,0,0,0,0,0,0,0,0,0
3826,0.382,0.345,16.298,17.025,16.737,0,0,0,0,0,0,0,0,0,0,0
3827,0.237,0.191,16.124,16.552,17.409,0,0,0,0,0,0,0,0,0,0,0
3828,0.360,0.320,15.947,16.628,16.967,0,0,0,0,0,0,0,0,0,0,0
3829,0.437,0.336,16.262,17.035,17.065,0,0,0,0,0,0,0,0,0,0,0
3830,0.397,0.368,16.266,17.030,17.468,0,0,0,0,0,0,0,0,0,0,0
3831,0.275,0.220,15.779,16.274,17.361,0,0,0,0,0,0,0,0,0,0,0
3832,0.330,0.652,16.048,17.030,16.677,0,0,0,0,0,0,0,0,0,0,0
3833,0.323,0.253,16.449,17.025,17.419,0,0,0,0,0,0,0,0,0,0,0
3834,0.355,0.299,16.376,17.030,17.455,0,0,0,0,0,0,0,0,0,0,0
3835,0.382,0.317,16.335,17.035,17.474,0,0,0,0,0,0,0,0,0,0,0
3836,0.342,0.286,16.407,17.035,17.483,0,0,0,0,0,0,0,0,0,0,0
3837,0.409,0.426,15.546,16.381,17.465,0,0,0,0,0,0,0,0,0,0,0
3838,0.275,0.233,16.517,17.024,16.776,0,0,0,0,0,0,0,0,0,0,0
3839,0.370,0.259,16.396,17.025,17.443,0,0,0,0,0,0,0,0,0,0,0
3840,0.289,0.355,16.384,17.028,17.421,0,0,0,0,0,0,0,0,0,0,0
3841,0.242,0.183,16.601,17.025,17.309,0,0,0,0,0,0,0,0,0,0,0
3842,0.224,0.186,16.611,17.021,17.317,0,0,0,0,0,0,0,0,0,0,0
3843,0.154,0.137,16.731,17.023,17.329,0,0,0,0,0,0,0,0,0,0,0
3844,0.208,0.149,15.833,16.190,17.414,0,0,0,0,0,0,0,0,0,0,0
3845,0.340,0.293,16.317,16.950,16.749,0,0,0,0,0,0,0,0,0,0,0
3846,0.278,0.214,16.544,17.036,17.233,0,0,0,0,0,0,0,0,0,0,0
3847,0.281,0.377,16.378,17.036,17.374,0,0,0,0,0,0,0,0,0,0,0
3848,0.271,0.224,15.982,16.477,17.388,0,0,0,0,0,0,0,0,0,0,0
3849,0.407,0.454,15.944,16.804,17.029,0,0,0,0,0,0,0,0,0,0,0
3850,0.299,0.268,16.455,17.022,17.194,0,0,0,0,0,0,0,0,0,0,0
3851,0.239,0.260,16.538,17.037,17.410,0,0,0,0,0,0,0,0,0,0,0
3852,0.499,0.365,16.160,17.024,17.502,0,0,0,0,0,0,0,0,0,0,0
3853,0.264,0.234,15.593,16.092,17.472,0,0,0,0,0,0,0,0,0,0,0
3854,0.292,0.248,16.489,17.029,16.516,0,0,0,0,0,0,0,0,0,0,0
3855,0.369,0.288,16.371,17.027,17.450,0,0,0,0,0,0,0,0,0,0,0
3856,0.399,0.343,15.504,16.246,17.375,0,0,0,0,0,0,0,0,0,0,0
3857,0.380,0.302,16.356,17.038,16.708,0,0,0,0,0,0,0,0,0,0,0
3858,0.246,0.266,16.519,17.030,17.466,0,0,0,0,0,0,0,0,0,0,0
3859,0.413,0.329,16.298,17.040,17.481,0,0,0,0,0,0,0,0,0,0,0
3860,0.414,0.323,16.304,17.042,17.478,0,0,0,0,0,0,0,0,0,0,0
3861,0.431,0.326,16.275,17.032,17.518,0,0,0,0,0,0,0,0,0,0,0
3862,0.362,0.346,16.319,17.027,17.390,0,0,0,0,0,0,0,0,0,0,0
3863,0.330,0.263,16.306,16.899,17.410,0,0,0,0,0,0,0,0,0,0,0
3864,0.409,0.285,16.348,17.042,17.318,0,0,0,0,0,0,0,0,0,0,0
3865,0.381,0.305,16.350,17.037,17.331,0,0,0,0,0,0,0,0,0,0,0
3866,0.363,0.291,16.390,17.045,17.414,0,0,0,0,0,0,0,0,0,0,0
3867,0.257,0.205,16.580,17.042,17.386,0,0,0,0,0,0,0,0,0,0,0
3868,0.408,0.343,15.770,16.521,17.423,0,0,0,0,0,0,0,0,0,0,0
3869,0.487,0.322,15.259,16.068,16.894,0,0,0,0,0,0,0,0,0,0,0
3870,0.279,0.273,15.630,16.182,16.951,0,0,0,0,0,0,0,0,0,0,0
3871,0.245,0.321,16.462,17.028,16.491,0,0,0,0,0,0,0,0,0,0,0
3872,0.384,0.348,16.295,17.026,17.403,0,0,0,0,0,0,0,0,0,0,0
3873,0.336,0.258,16.445,17.039,17.421,0,0,0,0,0,0,0,0,0,0,0
3874,0.377,0.296,16.355,17.028,17.381,0,0,0,0,0,0,0,0,0,0,0
3875,0.270,0.291,16.531,17.092,17.361,0,0,0,0,0,0,0,0,0,0,0
3876,0.407,0.306,16.316,17.028,17.372,0,0,0,0,0,0,0,0,0,0,0
3877,0.263,0.275,15.601,16.139,17.270,0,0,0,0,0,0,0,0,0,0,0
3878,0.293,0.314,16.083,16.690,16.582,0,0,0,0,0,0,0,0,0,0,0
3879,0.403,0.320,16.304,17.028,17.114,0,0,0,0,0,0,0,0,0,0,0
3880,0.369,0.294,16.423,17.086,17.400,0,0,0,0,0,0,0,0,0,0,0
3881,0.368,0.324,15.675,16.368,17.447,0,0,0,0,0,0,0,0,0,0,0
3882,0.299,0.275,16.472,17.046,16.714,0,0,0,0,0,0,0,0,0,0,0
3883,0.265,0.292,16.525,17.082,17.367,0,0,0,0,0,0,0,0,0,0,0
3884,0.287,0.281,16.478,17.046,17.410,0,0,0,0,0,0,0,0,0,0,0
3885,0.319,0.189,16.564,17.071,17.532,0,0,0,0,0,0,0,0,0,0,0
3886,0.387,0.324,16.393,17.104,17.416,0,0,0,0,0,0,0,0,0,0,0
3887,0.430,0.326,16.274,17.030,17.529,0,0,0,0,0,0,0,0,0,0,0
3888,0.419,0.314,16.352,17.084,17.609,0,0,0,0,0,0,0,0,0,0,0
3889,0.308,0.285,16.448,17.041,17.469,0,0,0,0,0,0,0,0,0,0,0
3890,0.475,0.232,16.333,17.039,17.403,0,0,0,0,0,0,0,0,0,0,0
3891,0.467,0.326,15.327,16.120,17.341,0,0,0,0,0,0,0,0,0,0,0
3892,0.296,0.259,16.475,17.030,16.457,0,0,0,0,0,0,0,0,0,0,0
3893,0.347,0.257,16.444,17.049,17.383,0,0,0,0,0,0,0,0,0,0,0
3894,0.379,0.350,15.744,16.473,17.385,0,0,0,0,0,0,0,0,0,0,0
3895,0.609,0.434,15.992,17.035,16.856,0,0,0,0,0,0,0,0,0,0,0
3896,0.343,0.314,16.378,17.035,17.442,0,0,0,0,0,0,0,0,0,0,0
3897,0.416,0.329,16.289,17.034,17.394,0,0,0,0,0,0,0,0,0,0,0
3898,0.293,0.226,16.511,17.029,17.360,0,0,0,0,0,0,0,0,0,0,0
3899,0.402,0.347,16.340,17.089,17.411,0,0,0,0,0,0,0,0,0,0,0
3900,0.407,0.387,16.243,17.037,17.457,0,0,0,0,0,0,0,0,0,0,0
3901,0.314,0.336,15.664,16.314,17.433,0,0,0,0,0,0,0,0,0,0,0
3902,0.257,0.220,15.808,16.285,16.721,0,0,0,0,0,0,0,0,0,0,0
3903,0.359,0.320,15.647,16.325,16.615,0,0,0,0,0,0,0,0,0,0,0
3904,0.287,0.323,15.742,16.352,16.627,0,0,0,0,0,0,0,0,0,0,0
3905,0.384,0.338,16.305,17.027,16.688,0,0,0,0,0,0,0,0,0,0,0
3906,0.274,0.239,16.517,17.029,17.357,0,0,0,0,0,0,0,0,0,0,0
3907,0.440,0.292,15.950,16.681,17.412,0,0,0,0,0,0,0,0,0,0,0
3908,0.267,0.241,16.515,17.023,17.070,0,0,0,0,0,0,0,0,0,0,0
3909,0.287,0.252,16.499,17.038,17.381,0,0,0,0,0,0,0,0,0,0,0
3910,0.401,0.392,16.237,17.031,17.379,0,0,0,0,0,0,0,0,0,0,0
3911,0.294,0.265,15.993,16.553,17.441,0,0,0,0,0,0,0,0,0,0,0
3912,0.381,0.342,16.311,17.034,16.890,0,0,0,0,0,0,0,0,0,0,0
3913,0.338,0.288,16.414,17.040,17.337,0,0,0,0,0,0,0,0,0,0,0
3914,0.425,0.389,16.219,17.033,17.412,0,0,0,0,0,0,0,0,0,0,0
3915,0.388,0.362,16.273,17.024,17.456,0,0,0,0,0,0,0,0,0,0,0
3916,0.292,0.249,16.494,17.035,17.374,0,0,0,0,0,0,0,0,0,0,0
3917,0.289,0.247,16.191,16.726,17.438,0,0,0,0,0,0,0,0,0,0,0
3918,0.246,0.204,16.577,17.027,17.121,0,0,0,0,0,0,0,0,0,0,0
3919,0.403,0.352,16.276,17.032,17.402,0,0,0,0,0,0,0,0,0,0,0
3920,0.310,0.255,16.464,17.029,17.391,0,0,0,0,0,0,0,0,0,0,0
3921,0.237,0.222,16.095,16.554,17.350,0,0,0,0,0,0,0,0,0,0,0
3922,0.429,0.645,15.955,17.029,16.915,0,0,0,0,0,0,0,0,0,0,0
3923,0.265,0.241,16.523,17.028,17.415,0,0,0,0,0,0,0,0,0,0,0
3924,0.388,0.304,16.334,17.026,17.426,0,0,0,0,0,0,0,0,0,0,0
3925,0.265,0.263,16.500,17.028,17.426,0,0,0,0,0,0,0,0,0,0,0
3926,0.461,0.566,16.005,17.032,17.427,0,0,0,0,0,0,0,0,0,0,0
3927,0.287,0.227,16.510,17.024,17.431,0,0,0,0,0,0,0,0,0,0,0
3928,0.254,0.216,16.565,17.035,17.444,0,0,0,0,0,0,0,0,0,0,0
3929,0.466,0.272,16.291,17.029,17.526,0,0,0,0,0,0,0,0,0,0,0
3930,0.304,0.272,16.447,17.024,17.521,0,0,0,0,0,0,0,0,0,0,0
3931,0.295,0.227,16.509,17.032,17.417,0,0,0,0,0,0,0,0,0,0,0
3932,0.345,0.438,15.782,16.565,17.466,0,0,0,0,0,0,0,0,0,0,0
3933,0.427,0.257,16.253,16.937,16.981,0,0,0,0,0,0,0,0,0,0,0
3934,0.409,0.490,16.134,17.033,17.352,0,0,0,0,0,0,0,0,0,0,0
3935,0.238,0.202,16.594,17.035,17.545,0,0,0,0,0,0,0,0,0,0,0
3936,0.380,0.333,16.325,17.038,17.466,0,0,0,0,0,0,0,0,0,0,0
3937,0.449,0.303,16.287,17.039,17.474,0,0,0,0,0,0,0,0,0,0,0
3938,0.389,0.200,16.440,17.029,17.469,0,0,0,0,0,0,0,0,0,0,0
3939,0.299,0.266,15.997,16.562,17.450,0,0,0,0,0,0,0,0,0,0,0
3940,0.207,0.185,16.640,17.032,16.951,0,0,0,0,0,0,0,0,0,0,0
3941,0.493,0.384,16.150,17.027,17.474,0,0,0,0,0,0,0,0,0,0,0
3942,0.247,0.289,15.725,16.261,17.410,0,0,0,0,0,0,0,0,0,0,0
3943,0.226,0.204,16.594,17.024,16.649,0,0,0,0,0,0,0,0,0,0,0
3944,0.203,0.209,16.346,16.758,17.437,0,0,0,0,0,0,0,0,0,0,0
3945,0.442,0.313,16.273,17.029,17.230,0,0,0,0,0,0,0,0,0,0,0
3946,0.244,0.234,16.020,16.498,17.382,0,0,0,0,0,0,0,0,0,0,0
3947,0.222,0.229,16.465,16.916,16.835,0,0,0,0,0,0,0,0,0,0,0
3948,0.278,0.178,16.575,17.030,17.390,0,0,0,0,0,0,0,0,0,0,0
3949,0.344,0.265,15.491,16.101,17.431,0,0,0,0,0,0,0,0,0,0,0
3950,0.202,0.169,16.655,17.025,16.472,0,0,0,0,0,0,0,0,0,0,0
3951,0.334,0.245,16.442,17.021,17.385,0,0,0,0,0,0,0,0,0,0,0
3952,0.226,0.200,16.599,17.025,17.327,0,0,0,0,0,0,0,0,0,0,0
3953,0.309,0.252,15.847,16.408,17.378,0,0,0,0,0,0,0,0,0,0,0
3954,0.263,0.228,16.543,17.034,16.772,0,0,0,0,0,0,0,0,0,0,0
3955,0.286,0.227,16.515,17.028,17.430,0,0,0,0,0,0,0,0,0,0,0
3956,0.329,0.242,16.456,17.028,17.393,0,0,0,0,0,0,0,0,0,0,0
3957,0.271,0.228,16.523,17.022,17.414,0,0,0,0,0,0,0,0,0,0,0
3958,0.282,0.279,16.466,17.027,17.379,0,0,0,0,0,0,0,0,0,0,0
3959,0.224,0.199,16.619,17.042,17.406,0,0,0,0,0,0,0,0,0,0,0
3960,0.452,0.309,16.270,17.031,17.526,0,0,0,0,0,0,0,0,0,0,0
3961,0.402,0.352,15.908,16.661,17.475,0,0,0,0,0,0,0,0,0,0,0
3962,0.234,0.169,16.624,17.027,17.062,0,0,0,0,0,0,0,0,0,0,0
3963,0.417,0.306,16.308,17.031,17.429,0,0,0,0,0,0,0,0,0,0,0
3964,0.412,0.295,16.336,17.043,17.447,0,0,0,0,0,0,0,0,0,0,0
3965,0.375,0.286,15.735,16.397,17.456,0,0,0,0,0,0,0,0,0,0,0
3966,0.242,0.294,16.486,17.022,16.840,0,0,0,0,0,0,0,0,0,0,0
3967,0.243,0.177,15.836,16.256,17.462,0,0,0,0,0,0,0,0,0,0,0
3968,0.254,0.344,16.429,17.027,16.638,0,0,0,0,0,0,0,0,0,0,0
3969,0.210,0.190,16.629,17.029,17.395,0,0,0,0,0,0,0,0,0,0,0
3970,0.437,0.345,15.315,16.097,17.507,0,0,0,0,0,0,0,0,0,0,0
3971,0.286,0.272,15.843,16.401,16.512,0,0,0,0,0,0,0,0,0,0,0
3972,0.248,0.160,15.707,16.116,16.893,0,0,0,0,0,0,0,0,0,0,0
3973,0.271,0.250,16.029,16.549,16.514,0,0,0,0,0,0,0,0,0,0,0
3974,0.253,0.236,16.548,17.037,16.990,0,0,0,0,0,0,0,0,0,0,0
3975,0.283,0.246,16.360,16.889,17.427,0,0,0,0,0,0,0,0,0,0,0
3976,0.247,0.248,16.528,17.024,17.316,0,0,0,0,0,0,0,0,0,0,0
3977,0.336,0.283,16.406,17.025,17.377,0,0,0,0,0,0,0,0,0,0,0
3978,0.250,0.302,16.474,17.027,17.414,0,0,0,0,0,0,0,0,0,0,0
3979,0.218,0.204,16.605,17.027,17.422,0,0,0,0,0,0,0,0,0,0,0
3980,0.395,0.373,16.262,17.031,17.476,0,0,0,0,0,0,0,0,0,0,0
3981,0.270,0.306,16.459,17.035,17.469,0,0,0,0,0,0,0,0,0,0,0
3982,0.287,0.235,16.506,17.028,17.423,0,0,0,0,0,0,0,0,0,0,0
3983,0.226,0.234,16.572,17.032,17.428,0,0,0,0,0,0,0,0,0,0,0
3984,0.256,0.282,16.489,17.027,17.452,0,0,0,0,0,0,0,0,0,0,0
3985,0.208,0.204,16.616,17.028,17.410,0,0,0,0,0,0,0,0,0,0,0
3986,0.226,0.209,16.593,17.028,17.435,0,0,0,0,0,0,0,0,0,0,0
3987,0.251,0.243,16.538,17.032,17.529,0,0,0,0,0,0,0,0,0,0,0
3988,0.224,0.208,16.589,17.021,17.438,0,0,0,0,0,0,0,0,0,0,0
3989,0.209,0.156,16.656,17.021,17.310,0,0,0,0,0,0,0,0,0,0,0
3990,0.134,0.157,16.458,16.749,17.313,0,0,0,0,0,0,0,0,0,0,0
3991,0.216,0.153,16.652,17.021,17.086,0,0,0,0,0,0,0,0,0,0,0
3992,0.227,0.176,16.035,16.439,17.354,0,0,0,0,0,0,0,0,0,0,0
3993,0.202,0.191,16.632,17.025,16.779,0,0,0,0,0,0,0,0,0,0,0
3994,0.264,0.235,16.518,17.017,17.388,0,0,0,0,0,0,0,0,0,0,0
3995,0.199,0.172,16.653,17.023,17.343,0,0,0,0,0,0,0,0,0,0,0
3996,0.246,0.206,16.223,16.675,17.422,0,0,0,0,0,0,0,0,0,0,0
3997,0.260,0.219,15.765,16.244,17.315,0,0,0,0,0,0,0,0,0,0,0
3998,0.213,0.202,16.619,17.034,16.642,0,0,0,0,0,0,0,0,0,0,0
3999,0.352,0.287,16.387,17.026,17.480,0,0,0,0,0,0,0,0,0,0,0
4000,0.287,0.297,16.451,17.034,17.528,0,0,0,0,0,0,0,0,0,0,0
4001,0.174,0.214,16.296,16.684,17.460,0,0,0,0,0,0,0,0,0,0,0
4002,0.191,0.232,16.609,17.032,17.065,0,0,0,0,0,0,0,0,0,0,0
4003,0.255,0.245,16.539,17.039,17.703,0,0,0,0,0,0,0,0,0,0,0
4004,0.283,0.238,16.513,17.034,17.617,0,0,0,0,0,0,0,0,0,0,0
4005,0.246,0.223,16.558,17.028,17.691,0,0,0,0,0,0,0,0,0,0,0
4006,0.300,0.259,16.473,17.031,17.452,0,0,0,0,0,0,0,0,0,0,0
4007,0.201,0.378,16.445,17.025,17.694,0,0,0,0,0,0,0,0,0,0,0
4008,0.190,0.143,16.693,17.026,17.438,0,0,0,0,0,0,0,0,0,0,0
4009,0.275,0.308,16.441,17.025,17.454,0,0,0,0,0,0,0,0,0,0,0
4010,0.202,0.177,16.812,17.191,17.412,0,0,0,0,0,0,0,0,0,0,0
4011,0.290,0.430,16.312,17.032,17.623,0,0,0,0,0,0,0,0,0,0,0
4012,0.266,0.234,15.834,16.334,17.625,0,0,0,0,0,0,0,0,0,0,0
4013,0.277,0.280,16.467,17.023,16.824,0,0,0,0,0,0,0,0,0,0,0
4014,0.176,0.198,16.787,17.160,17.614,0,0,0,0,0,0,0,0,0,0,0
4015,0.260,0.237,16.529,17.026,17.671,0,0,0,0,0,0,0,0,0,0,0
4016,0.272,0.206,16.553,17.031,17.427,0,0,0,0,0,0,0,0,0,0,0
4017,0.318,0.251,16.461,17.030,17.661,0,0,0,0,0,0,0,0,0,0,0
4018,0.289,0.440,16.296,17.025,17.468,0,0,0,0,0,0,0,0,0,0,0
4019,0.171,0.118,16.731,17.020,17.353,0,0,0,0,0,0,0,0,0,0,0
4020,0.237,0.152,16.635,17.024,17.462,0,0,0,0,0,0,0,0,0,0,0
4021,0.217,0.218,16.597,17.032,17.295,0,0,0,0,0,0,0,0,0,0,0
4022,0.249,0.234,15.980,16.462,17.755,0,0,0,0,0,0,0,0,0,0,0
4023,0.210,0.209,16.605,17.024,16.886,0,0,0,0,0,0,0,0,0,0,0
4024,0.292,0.236,15.870,16.397,17.739,0,0,0,0,0,0,0,0,0,0,0
4025,0.257,0.192,15.819,16.268,16.787,0,0,0,0,0,0,0,0,0,0,0
4026,0.139,0.175,16.767,17.081,16.633,0,0,0,0,0,0,0,0,0,0,0
4027,0.225,0.183,16.618,17.026,17.468,0,0,0,0,0,0,0,0,0,0,0
4028,0.272,0.186,16.568,17.027,17.712,0,0,0,0,0,0,0,0,0,0,0
4029,0.167,0.233,16.622,17.021,17.649,0,0,0,0,0,0,0,0,0,0,0
4030,0.144,0.097,16.779,17.020,17.306,0,0,0,0,0,0,0,0,0,0,0
4031,0.159,0.165,16.699,17.023,17.312,0,0,0,0,0,0,0,0,0,0,0
4032,0.128,0.144,16.745,17.017,17.292,0,0,0,0,0,0,0,0,0,0,0
4033,0.195,0.121,16.712,17.028,17.346,0,0,0,0,0,0,0,0,0,0,0
4034,0.185,0.158,16.678,17.020,17.358,0,0,0,0,0,0,0,0,0,0,0
4035,0.321,0.206,16.506,17.032,17.432,0,0,0,0,0,0,0,0,0,0,0
4036,0.195,0.169,16.556,16.920,17.508,0,0,0,0,0,0,0,0,0,0,0
4037,0.340,0.282,15.589,16.211,17.373,0,0,0,0,0,0,0,0,0,0,0
4038,0.325,0.313,15.535,16.174,16.705,0,0,0,0,0,0,0,0,0,0,0
4039,0.238,0.142,16.648,17.028,16.621,0,0,0,0,0,0,0,0,0,0,0
4040,0.319,0.289,15.901,16.509,17.493,0,0,0,0,0,0,0,0,0,0,0
4041,0.209,0.185,16.640,17.034,16.977,0,0,0,0,0,0,0,0,0,0,0
4042,0.261,0.227,16.540,17.028,17.520,0,0,0,0,0,0,0,0,0,0,0
4043,0.276,0.302,16.452,17.029,17.729,0,0,0,0,0,0,0,0,0,0,0
4044,0.216,0.183,16.619,17.018,17.447,0,0,0,0,0,0,0,0,0,0,0
4045,0.215,0.176,16.626,17.017,17.410,0,0,0,0,0,0,0,0,0,0,0
4046,0.161,0.141,16.720,17.022,17.358,0,0,0,0,0,0,0,0,0,0,0
4047,0.202,0.172,16.643,17.017,17.449,0,0,0,0,0,0,0,0,0,0,0
4048,0.132,0.107,16.786,17.025,17.284,0,0,0,0,0,0,0,0,0,0,0
4049,0.277,0.301,16.439,17.018,17.399,0,0,0,0,0,0,0,0,0,0,0
4050,0.169,0.151,16.708,17.027,17.362,0,0,0,0,0,0,0,0,0,0,0
4051,0.233,0.127,16.549,16.908,17.468,0,0,0,0,0,0,0,0,0,0,0
4052,0.275,0.222,16.533,17.029,17.555,0,0,0,0,0,0,0,0,0,0,0
4053,0.281,0.239,16.519,17.039,17.725,0,0,0,0,0,0,0,0,0,0,0
4054,0.373,0.333,15.725,16.430,17.386,0,0,0,0,0,0,0,0,0,0,0
4055,0.218,0.189,16.627,17.033,17.068,0,0,0,0,0,0,0,0,0,0,0
4056,0.224,0.175,16.619,17.018,17.495,0,0,0,0,0,0,0,0,0,0,0
4057,0.211,0.179,16.624,17.014,17.431,0,0,0,0,0,0,0,0,0,0,0
4058,0.103,0.101,16.816,17.020,17.286,0,0,0,0,0,0,0,0,0,0,0
4059,0.239,0.237,16.549,17.024,17.424,0,0,0,0,0,0,0,0,0,0,0
4060,0.221,0.206,16.607,17.034,17.468,0,0,0,0,0,0,0,0,0,0,0
4061,0.288,0.176,15.810,16.274,17.581,0,0,0,0,0,0,0,0,0,0,0
4062,0.251,0.308,16.466,17.025,16.844,0,0,0,0,0,0,0,0,0,0,0
4063,0.209,0.199,16.618,17.026,17.414,0,0,0,0,0,0,0,0,0,0,0
4064,0.216,0.291,16.508,17.015,17.360,0,0,0,0,0,0,0,0,0,0,0
4065,0.164,0.148,16.715,17.027,17.317,0,0,0,0,0,0,0,0,0,0,0
4066,0.297,0.233,16.499,17.029,17.415,0,0,0,0,0,0,0,0,0,0,0
4067,0.169,0.143,16.726,17.038,17.628,0,0,0,0,0,0,0,0,0,0,0
4068,0.140,0.139,16.390,16.668,17.587,0,0,0,0,0,0,0,0,0,0,0
4069,0.146,0.142,16.734,17.022,16.963,0,0,0,0,0,0,0,0,0,0,0
4070,0.212,0.188,15.710,16.109,17.370,0,0,0,0,0,0,0,0,0,0,0
4071,0.243,0.245,16.531,17.019,16.524,0,0,0,0,0,0,0,0,0,0,0
4072,0.206,0.153,16.662,17.021,17.398,0,0,0,0,0,0,0,0,0,0,0
4073,0.311,0.300,16.414,17.025,17.434,0,0,0,0,0,0,0,0,0,0,0
4074,0.229,0.211,16.132,16.573,17.432,0,0,0,0,0,0,0,0,0,0,0
4075,0.208,0.249,16.362,16.819,16.961,0,0,0,0,0,0,0,0,0,0,0
4076,0.239,0.146,16.456,16.840,17.205,0,0,0,0,0,0,0,0,0,0,0
4077,0.276,0.223,16.161,16.661,17.298,0,0,0,0,0,0,0,0,0,0,0
4078,0.271,0.236,16.522,17.029,17.045,0,0,0,0,0,0,0,0,0,0,0
4079,0.268,0.212,16.548,17.028,17.424,0,0,0,0,0,0,0,0,0,0,0
4080,0.269,0.235,16.534,17.038,17.619,0,0,0,0,0,0,0,0,0,0,0
4081,0.195,0.130,16.718,17.043,17.338,0,0,0,0,0,0,0,0,0,0,0
4082,0.313,0.252,15.715,16.280,17.414,0,0,0,0,0,0,0,0,0,0,0
4083,0.332,0.315,15.615,16.261,16.682,0,0,0,0,0,0,0,0,0,0,0
4084,0.228,0.215,16.714,17.156,16.720,0,0,0,0,0,0,0,0,0,0,0
4085,0.279,0.301,16.444,17.024,17.566,0,0,0,0,0,0,0,0,0,0,0
4086,0.315,0.405,15.659,16.380,17.451,0,0,0,0,0,0,0,0,0,0,0
4087,0.209,0.177,15.928,16.314,16.705,0,0,0,0,0,0,0,0,0,0,0
4088,0.296,0.228,15.649,16.174,16.654,0,0,0,0,0,0,0,0,0,0,0
4089,0.234,0.220,16.568,17.022,16.561,0,0,0,0,0,0,0,0,0,0,0
4090,0.226,0.196,16.603,17.025,17.352,0,0,0,0,0,0,0,0,0,0,0
4091,0.241,0.235,16.543,17.019,17.436,0,0,0,0,0,0,0,0,0,0,0
4092,0.205,0.184,16.635,17.024,17.317,0,0,0,0,0,0,0,0,0,0,0
4093,0.338,0.236,16.449,17.023,17.451,0,0,0,0,0,0,0,0,0,0,0
4094,0.227,0.224,16.576,17.027,17.419,0,0,0,0,0,0,0,0,0,0,0
4095,0.266,0.227,16.532,17.025,17.387,0,0,0,0,0,0,0,0,0,0,0
4096,0.214,0.434,16.377,17.025,17.345,0,0,0,0,0,0,0,0,0,0,0
4097,0.214,0.168,16.140,16.522,17.535,0,0,0,0,0,0,0,0,0,0,0
4098,0.282,0.204,16.548,17.034,17.128,0,0,0,0,0,0,0,0,0,0,0
4099,0.283,0.164,16.576,17.023,17.763,0,0,0,0,0,0,0,0,0,0,0
4100,0.249,0.116,16.013,16.377,17.433,0,0,0,0,0,0,0,0,0,0,0
4101,0.206,0.211,16.606,17.023,16.844,0,0,0,0,0,0,0,0,0,0,0
4102,0.236,0.312,16.322,16.870,17.355,0,0,0,0,0,0,0,0,0,0,0
4103,0.397,0.686,15.949,17.032,17.841,0,0,0,0,0,0,0,0,0,0,0
4104,0.261,0.217,15.979,16.456,17.620,0,0,0,0,0,0,0,0,0,0,0
4105,0.335,0.273,16.426,17.034,17.068,0,0,0,0,0,0,0,0,0,0,0
4106,0.339,0.325,16.364,17.028,17.500,0,0,0,0,0,0,0,0,0,0,0
4107,0.273,0.372,16.388,17.034,17.479,0,0,0,0,0,0,0,0,0,0,0
4108,0.350,0.250,16.427,17.027,17.951,0,0,0,0,0,0,0,0,0,0,0
4109,0.289,0.212,16.540,17.040,17.551,0,0,0,0,0,0,0,0,0,0,0
4110,0.433,0.314,16.285,17.032,17.979,0,0,0,0,0,0,0,0,0,0,0
4111,0.250,0.190,16.593,17.033,17.472,0,0,0,0,0,0,0,0,0,0,0
4112,0.348,0.254,15.789,16.391,17.779,0,0,0,0,0,0,0,0,0,0,0
4113,0.297,0.165,16.562,17.024,17.318,0,0,0,0,0,0,0,0,0,0,0
4114,0.281,0.339,16.415,17.035,17.454,0,0,0,0,0,0,0,0,0,0,0
4115,0.358,0.270,16.399,17.027,17.590,0,0,0,0,0,0,0,0,0,0,0
4116,0.246,0.182,16.598,17.027,17.644,0,0,0,0,0,0,0,0,0,0,0
4117,0.316,0.247,16.464,17.027,17.584,0,0,0,0,0,0,0,0,0,0,0
4118,0.271,0.254,16.497,17.022,17.694,0,0,0,0,0,0,0,0,0,0,0
4119,0.192,0.137,16.688,17.016,17.437,0,0,0,0,0,0,0,0,0,0,0
4120,0.095,0.071,16.853,17.019,17.334,0,0,0,0,0,0,0,0,0,0,0
4121,0.162,0.135,16.599,16.895,17.407,0,0,0,0,0,0,0,0,0,0,0
4122,0.122,0.120,16.775,17.017,17.254,0,0,0,0,0,0,0,0,0,0,0
4123,0.189,0.153,16.679,17.020,17.636,0,0,0,0,0,0,0,0,0,0,0
4124,0.185,0.178,16.652,17.014,17.495,0,0,0,0,0,0,0,0,0,0,0
4125,0.097,0.118,15.840,16.055,17.328,0,0,0,0,0,0,0,0,0,0,0
4126,0.135,0.126,16.759,17.019,16.439,0,0,0,0,0,0,0,0,0,0,0
4127,0.185,0.138,16.693,17.016,17.411,0,0,0,0,0,0,0,0,0,0,0
4128,0.204,0.221,16.484,16.910,17.483,0,0,0,0,0,0,0,0,0,0,0
4129,0.208,0.134,16.514,16.855,17.304,0,0,0,0,0,0,0,0,0,0,0
4130,0.163,0.143,15.834,16.139,17.313,0,0,0,0,0,0,0,0,0,0,0
4131,0.211,0.187,15.752,16.150,16.577,0,0,0,0,0,0,0,0,0,0,0
4132,0.266,0.204,16.596,17.067,16.638,0,0,0,0,0,0,0,0,0,0,0
4133,0.276,0.245,16.507,17.027,17.622,0,0,0,0,0,0,0,0,0,0,0
4134,0.221,0.231,16.571,17.023,17.569,0,0,0,0,0,0,0,0,0,0,0
4135,0.213,0.204,16.605,17.022,17.519,0,0,0,0,0,0,0,0,0,0,0
4136,0.263,0.173,16.579,17.015,17.630,0,0,0,0,0,0,0,0,0,0,0
4137,0.181,0.140,16.704,17.025,17.484,0,0,0,0,0,0,0,0,0,0,0
4138,0.267,0.209,15.630,16.106,17.534,0,0,0,0,0,0,0,0,0,0,0
4139,0.285,0.224,16.517,17.025,16.636,0,0,0,0,0,0,0,0,0,0,0
4140,0.132,0.112,16.797,17.040,17.402,0,0,0,0,0,0,0,0,0,0,0
4141,0.334,0.282,16.414,17.031,17.530,0,0,0,0,0,0,0,0,0,0,0
4142,0.219,0.223,16.579,17.021,17.515,0,0,0,0,0,0,0,0,0,0,0
4143,0.159,0.135,16.726,17.020,17.411,0,0,0,0,0,0,0,0,0,0,0
4144,0.205,0.138,16.681,17.024,17.458,0,0,0,0,0,0,0,0,0,0,0
4145,0.292,0.230,15.870,16.393,17.778,0,0,0,0,0,0,0,0,0,0,0
4146,0.575,0.404,16.044,17.024,17.438,0,0,0,0,0,0,0,0,0,0,0
4147,0.175,0.174,16.703,17.051,17.449,0,0,0,0,0,0,0,0,0,0,0
4148,0.337,0.292,16.411,17.040,17.766,0,0,0,0,0,0,0,0,0,0,0
4149,0.215,0.209,16.612,17.035,17.691,0,0,0,0,0,0,0,0,0,0,0
4150,0.281,0.333,16.419,17.033,17.601,0,0,0,0,0,0,0,0,0,0,0
4151,0.312,0.214,16.501,17.027,17.989,0,0,0,0,0,0,0,0,0,0,0
4152,0.254,0.189,16.585,17.028,17.624,0,0,0,0,0,0,0,0,0,0,0
4153,0.229,0.204,16.589,17.021,17.590,0,0,0,0,0,0,0,0,0,0,0
4154,0.216,0.174,16.634,17.024,17.778,0,0,0,0,0,0,0,0,0,0,0
4155,0.264,0.219,16.537,17.021,17.520,0,0,0,0,0,0,0,0,0,0,0
4156,0.188,0.180,16.657,17.024,17.460,0,0,0,0,0,0,0,0,0,0,0
4157,0.224,0.172,16.625,17.021,17.899,0,0,0,0,0,0,0,0,0,0,0
4158,0.083,0.195,16.741,17.019,17.330,0,0,0,0,0,0,0,0,0,0,0
4159,0.162,0.163,16.700,17.025,17.503,0,0,0,0,0,0,0,0,0,0,0
4160,0.220,0.216,16.608,17.044,17.523,0,0,0,0,0,0,0,0,0,0,0
4161,0.281,0.174,16.566,17.021,17.937,0,0,0,0,0,0,0,0,0,0,0
4162,0.157,0.160,16.706,17.022,17.557,0,0,0,0,0,0,0,0,0,0,0
4163,0.237,0.231,15.999,16.468,17.905,0,0,0,0,0,0,0,0,0,0,0
4164,0.257,0.218,16.553,17.028,17.044,0,0,0,0,0,0,0,0,0,0,0
4165,0.322,0.248,16.465,17.035,17.591,0,0,0,0,0,0,0,0,0,0,0
4166,0.282,0.328,16.417,17.027,17.707,0,0,0,0,0,0,0,0,0,0,0
4167,0.386,0.279,16.357,17.022,17.571,0,0,0,0,0,0,0,0,0,0,0
4168,0.186,0.176,16.595,16.957,17.489,0,0,0,0,0,0,0,0,0,0,0
4169,0.249,0.230,16.299,16.778,17.522,0,0,0,0,0,0,0,0,0,0,0
4170,0.201,0.191,16.639,17.031,17.244,0,0,0,0,0,0,0,0,0,0,0
4171,0.249,0.254,16.516,17.019,17.733,0,0,0,0,0,0,0,0,0,0,0
4172,0.252,0.210,16.568,17.029,17.549,0,0,0,0,0,0,0,0,0,0,0
4173,0.286,0.239,15.990,16.515,17.966,0,0,0,0,0,0,0,0,0,0,0
4174,0.270,0.206,16.561,17.037,17.007,0,0,0,0,0,0,0,0,0,0,0
4175,0.210,0.220,16.594,17.024,17.840,0,0,0,0,0,0,0,0,0,0,0
4176,0.264,0.249,16.514,17.027,17.491,0,0,0,0,0,0,0,0,0,0,0
4177,0.241,0.182,16.613,17.036,17.942,0,0,0,0,0,0,0,0,0,0,0
4178,0.191,0.360,16.473,17.024,17.814,0,0,0,0,0,0,0,0,0,0,0
4179,0.309,0.291,16.431,17.031,17.878,0,0,0,0,0,0,0,0,0,0,0
4180,0.276,0.286,16.462,17.023,17.979,0,0,0,0,0,0,0,0,0,0,0
4181,0.225,0.157,16.498,16.880,17.551,0,0,0,0,0,0,0,0,0,0,0
4182,0.227,0.513,16.313,17.053,17.425,0,0,0,0,0,0,0,0,0,0,0
4183,0.266,0.193,15.598,16.058,17.517,0,0,0,0,0,0,0,0,0,0,0
4184,0.200,0.207,16.630,17.037,16.570,0,0,0,0,0,0,0,0,0,0,0
4185,0.327,0.245,16.460,17.031,17.990,0,0,0,0,0,0,0,0,0,0,0
4186,0.198,0.113,16.707,17.018,17.868,0,0,0,0,0,0,0,0,0,0,0
4187,0.147,0.391,16.430,16.968,17.380,0,0,0,0,0,0,0,0,0,0,0
4188,0.271,0.237,16.518,17.026,17.475,0,0,0,0,0,0,0,0,0,0,0
4189,0.232,0.208,16.101,16.542,17.608,0,0,0,0,0,0,0,0,0,0,0
4190,0.247,0.171,16.602,17.019,17.042,0,0,0,0,0,0,0,0,0,0,0
4191,0.232,0.166,16.625,17.024,17.475,0,0,0,0,0,0,0,0,0,0,0
4192,0.252,0.346,15.451,16.049,17.943,0,0,0,0,0,0,0,0,0,0,0
4193,0.396,0.310,15.408,16.114,16.590,0,0,0,0,0,0,0,0,0,0,0
4194,0.170,0.157,16.696,17.023,16.555,0,0,0,0,0,0,0,0,0,0,0
4195,0.257,0.235,16.531,17.024,17.530,0,0,0,0,0,0,0,0,0,0,0
4196,0.352,0.299,16.384,17.035,17.811,0,0,0,0,0,0,0,0,0,0,0
4197,0.184,0.135,16.715,17.034,17.815,0,0,0,0,0,0,0,0,0,0,0
4198,0.418,0.315,16.299,17.032,17.981,0,0,0,0,0,0,0,0,0,0,0
4199,0.225,0.185,16.615,17.024,17.501,0,0,0,0,0,0,0,0,0,0,0
4200,0.161,0.139,16.724,17.023,17.861,0,0,0,0,0,0,0,0,0,0,0
4201,0.226,0.221,16.587,17.035,17.591,0,0,0,0,0,0,0,0,0,0,0
4202,0.224,0.195,16.614,17.033,17.598,0,0,0,0,0,0,0,0,0,0,0
4203,0.329,0.316,16.378,17.023,17.954,0,0,0,0,0,0,0,0,0,0,0
4204,0.140,0.141,16.752,17.033,17.472,0,0,0,0,0,0,0,0,0,0,0
4205,0.403,0.293,16.332,17.028,18.009,0,0,0,0,0,0,0,0,0,0,0
4206,0.240,0.252,16.156,16.648,17.482,0,0,0,0,0,0,0,0,0,0,0
4207,0.245,0.198,16.595,17.038,17.130,0,0,0,0,0,0,0,0,0,0,0
4208,0.201,0.190,16.646,17.037,17.948,0,0,0,0,0,0,0,0,0,0,0
4209,0.237,0.141,15.668,16.046,17.568,0,0,0,0,0,0,0,0,0,0,0
4210,0.238,0.221,16.563,17.023,16.614,0,0,0,0,0,0,0,0,0,0,0
4211,0.223,0.190,16.617,17.030,17.978,0,0,0,0,0,0,0,0,0,0,0
4212,0.266,0.240,16.534,17.039,17.508,0,0,0,0,0,0,0,0,0,0,0
4213,0.270,0.302,16.454,17.026,17.631,0,0,0,0,0,0,0,0,0,0,0
4214,0.249,0.344,16.425,17.018,17.484,0,0,0,0,0,0,0,0,0,0,0
4215,0.102,0.104,16.825,17.031,17.335,0,0,0,0,0,0,0,0,0,0,0
4216,0.068,0.070,16.666,16.804,17.543,0,0,0,0,0,0,0,0,0,0,0
4217,0.154,0.138,16.721,17.012,17.181,0,0,0,0,0,0,0,0,0,0,0
4218,0.107,0.095,16.783,16.985,17.328,0,0,0,0,0,0,0,0,0,0,0
4219,0.180,0.173,16.669,17.022,17.441,0,0,0,0,0,0,0,0,0,0,0
4220,0.183,0.140,16.638,16.961,17.425,0,0,0,0,0,0,0,0,0,0,0
4221,0.255,0.233,16.537,17.025,17.440,0,0,0,0,0,0,0,0,0,0,0
4222,0.244,0.189,16.594,17.027,17.555,0,0,0,0,0,0,0,0,0,0,0
4223,0.163,0.133,16.722,17.018,17.468,0,0,0,0,0,0,0,0,0,0,0
4224,0.257,0.217,16.547,17.021,17.503,0,0,0,0,0,0,0,0,0,0,0
4225,0.145,0.141,16.756,17.042,17.413,0,0,0,0,0,0,0,0,0,0,0
4226,0.273,0.232,16.521,17.025,17.590,0,0,0,0,0,0,0,0,0,0,0
4227,0.191,0.151,16.675,17.017,17.499,0,0,0,0,0,0,0,0,0,0,0
4228,0.166,0.196,16.661,17.023,17.373,0,0,0,0,0,0,0,0,0,0,0
4229,0.195,0.155,16.687,17.037,17.399,0,0,0,0,0,0,0,0,0,0,0
4230,0.300,0.186,16.533,17.019,17.904,0,0,0,0,0,0,0,0,0,0,0
4231,0.141,0.088,16.799,17.028,17.397,0,0,0,0,0,0,0,0,0,0,0
4232,0.250,0.215,16.564,17.029,17.701,0,0,0,0,0,0,0,0,0,0,0
4233,0.229,0.179,16.629,17.038,17.853,0,0,0,0,0,0,0,0,0,0,0
4234,0.483,0.356,16.197,17.035,18.122,0,0,0,0,0,0,0,0,0,0,0
4235,0.255,0.299,16.471,17.024,17.607,0,0,0,0,0,0,0,0,0,0,0
4236,0.346,0.253,15.791,16.390,17.508,0,0,0,0,0,0,0,0,0,0,0
4237,0.133,0.147,16.742,17.022,16.813,0,0,0,0,0,0,0,0,0,0,0
4238,0.242,0.181,16.612,17.036,17.517,0,0,0,0,0,0,0,0,0,0,0
4239,0.333,0.286,16.415,17.034,18.009,0,0,0,0,0,0,0,0,0,0,0
4240,0.270,0.203,16.574,17.047,17.881,0,0,0,0,0,0,0,0,0,0,0
4241,0.291,0.273,15.747,16.311,17.481,0,0,0,0,0,0,0,0,0,0,0
4242,0.240,0.215,16.571,17.026,16.817,0,0,0,0,0,0,0,0,0,0,0
4243,0.363,0.217,16.463,17.042,17.549,0,0,0,0,0,0,0,0,0,0,0
4244,0.237,0.188,16.600,17.025,17.966,0,0,0,0,0,0,0,0,0,0,0
4245,0.269,0.217,16.534,17.021,17.572,0,0,0,0,0,0,0,0,0,0,0
4246,0.165,0.182,16.683,17.030,17.474,0,0,0,0,0,0,0,0,0,0,0
4247,0.224,0.203,16.609,17.037,17.856,0,0,0,0,0,0,0,0,0,0,0
4248,0.237,0.202,15.658,16.097,17.861,0,0,0,0,0,0,0,0,0,0,0
4249,0.129,0.129,16.763,17.022,16.449,0,0,0,0,0,0,0,0,0,0,0
4250,0.295,0.213,16.273,16.781,17.474,0,0,0,0,0,0,0,0,0,0,0
4251,0.108,0.089,16.826,17.024,17.131,0,0,0,0,0,0,0,0,0,0,0
4252,0.237,0.189,16.594,17.020,17.472,0,0,0,0,0,0,0,0,0,0,0
4253,0.214,0.223,16.590,17.027,17.458,0,0,0,0,0,0,0,0,0,0,0
4254,0.252,0.216,16.559,17.027,17.852,0,0,0,0,0,0,0,0,0,0,0
4255,0.273,0.209,16.453,16.934,17.642,0,0,0,0,0,0,0,0,0,0,0
4256,0.276,0.307,16.454,17.038,17.814,0,0,0,0,0,0,0,0,0,0,0
4257,0.301,0.198,16.413,16.912,17.759,0,0,0,0,0,0,0,0,0,0,0
4258,0.266,0.246,16.519,17.030,17.787,0,0,0,0,0,0,0,0,0,0,0
4259,0.213,0.176,16.410,16.800,17.413,0,0,0,0,0,0,0,0,0,0,0
4260,0.212,0.195,16.619,17.026,17.612,0,0,0,0,0,0,0,0,0,0,0
4261,0.211,0.172,16.138,16.521,17.908,0,0,0,0,0,0,0,0,0,0,0
4262,0.165,0.181,16.677,17.023,17.356,0,0,0,0,0,0,0,0,0,0,0
4263,0.203,0.263,16.528,16.995,17.804,0,0,0,0,0,0,0,0,0,0,0
4264,0.185,0.191,16.649,17.026,17.819,0,0,0,0,0,0,0,0,0,0,0
4265,0.195,0.211,16.614,17.020,17.805,0,0,0,0,0,0,0,0,0,0,0
4266,0.151,0.137,16.733,17.020,17.768,0,0,0,0,0,0,0,0,0,0,0
4267,0.200,0.329,16.491,17.020,17.799,0,0,0,0,0,0,0,0,0,0,0
4268,0.088,0.076,16.877,17.041,17.371,0,0,0,0,0,0,0,0,0,0,0
4269,0.399,0.266,16.362,17.027,17.940,0,0,0,0,0,0,0,0,0,0,0
4270,0.254,0.147,16.623,17.025,17.442,0,0,0,0,0,0,0,0,0,0,0
4271,0.211,0.136,16.514,16.862,17.812,0,0,0,0,0,0,0,0,0,0,0
4272,0.189,0.264,16.571,17.023,17.697,0,0,0,0,0,0,0,0,0,0,0
4273,0.153,0.216,16.659,17.028,17.785,0,0,0,0,0,0,0,0,0,0,0
4274,0.230,0.174,16.623,17.027,17.908,0,0,0,0,0,0,0,0,0,0,0
4275,0.202,0.141,15.956,16.299,17.529,0,0,0,0,0,0,0,0,0,0,0
4276,0.167,0.175,16.676,17.018,16.760,0,0,0,0,0,0,0,0,0,0,0
4277,0.152,0.147,16.717,17.015,17.419,0,0,0,0,0,0,0,0,0,0,0
4278,0.208,0.159,16.209,16.576,17.453,0,0,0,0,0,0,0,0,0,0,0
4279,0.140,0.119,16.762,17.022,17.046,0,0,0,0,0,0,0,0,0,0,0
4280,0.147,0.116,16.754,17.017,17.776,0,0,0,0,0,0,0,0,0,0,0
4281,0.131,0.087,15.833,16.051,17.410,0,0,0,0,0,0,0,0,0,0,0
4282,0.187,0.110,16.724,17.021,16.436,0,0,0,0,0,0,0,0,0,0,0
4283,0.199,0.130,16.264,16.592,17.404,0,0,0,0,0,0,0,0,0,0,0
4284,0.149,0.135,16.745,17.030,17.029,0,0,0,0,0,0,0,0,0,0,0
4285,0.271,0.201,15.941,16.413,17.883,0,0,0,0,0,0,0,0,0,0,0
4286,0.406,0.292,16.319,17.017,17.288,0,0,0,0,0,0,0,0,0,0,0
4287,0.174,0.134,16.729,17.037,17.370,0,0,0,0,0,0,0,0,0,0,0
4288,0.469,0.399,16.164,17.031,18.048,0,0,0,0,0,0,0,0,0,0,0
4289,0.197,0.177,16.656,17.029,17.599,0,0,0,0,0,0,0,0,0,0,0
4290,0.407,0.236,16.377,17.020,18.074,0,0,0,0,0,0,0,0,0,0,0
4291,0.213,0.143,16.669,17.024,17.555,0,0,0,0,0,0,0,0,0,0,0
4292,0.198,0.189,16.644,17.031,17.511,0,0,0,0,0,0,0,0,0,0,0
4293,0.408,0.283,16.351,17.042,17.565,0,0,0,0,0,0,0,0,0,0,0
4294,0.406,0.244,16.377,17.026,18.011,0,0,0,0,0,0,0,0,0,0,0
4295,0.192,0.208,16.628,17.027,17.451,0,0,0,0,0,0,0,0,0,0,0
4296,0.204,0.167,16.661,17.032,17.562,0,0,0,0,0,0,0,0,0,0,0
4297,0.398,0.221,16.421,17.039,17.484,0,0,0,0,0,0,0,0,0,0,0
4298,0.385,0.312,15.778,16.475,17.798,0,0,0,0,0,0,0,0,0,0,0
4299,0.316,0.255,16.458,17.029,17.011,0,0,0,0,0,0,0,0,0,0,0
4300,0.572,0.417,16.044,17.033,17.847,0,0,0,0,0,0,0,0,0,0,0
4301,0.229,0.165,16.626,17.019,17.501,0,0,0,0,0,0,0,0,0,0,0
4302,0.204,0.248,16.571,17.022,17.504,0,0,0,0,0,0,0,0,0,0,0
4303,0.308,0.218,15.820,16.346,17.610,0,0,0,0,0,0,0,0,0,0,0
4304,0.205,0.192,16.200,16.596,17.236,0,0,0,0,0,0,0,0,0,0,0
4305,0.188,0.148,16.670,17.005,17.381,0,0,0,0,0,0,0,0,0,0,0
4306,0.228,0.202,16.597,17.026,17.837,0,0,0,0,0,0,0,0,0,0,0
4307,0.199,0.144,16.686,17.029,17.400,0,0,0,0,0,0,0,0,0,0,0
4308,0.197,0.149,16.629,16.975,17.888,0,0,0,0,0,0,0,0,0,0,0
4309,0.234,0.184,16.606,17.023,17.959,0,0,0,0,0,0,0,0,0,0,0
4310,0.216,0.237,16.581,17.034,17.517,0,0,0,0,0,0,0,0,0,0,0
4311,0.303,0.238,16.500,17.041,17.928,0,0,0,0,0,0,0,0,0,0,0
4312,0.394,0.234,16.393,17.021,17.980,0,0,0,0,0,0,0,0,0,0,0
4313,0.205,0.192,16.634,17.031,17.506,0,0,0,0,0,0,0,0,0,0,0
4314,0.311,0.277,16.446,17.034,17.569,0,0,0,0,0,0,0,0,0,0,0
4315,0.210,0.178,16.653,17.041,17.540,0,0,0,0,0,0,0,0,0,0,0
4316,0.430,0.273,16.336,17.039,17.607,0,0,0,0,0,0,0,0,0,0,0
4317,0.242,0.236,16.555,17.033,17.865,0,0,0,0,0,0,0,0,0,0,0
4318,0.123,0.110,16.798,17.031,17.810,0,0,0,0,0,0,0,0,0,0,0
4319,0.404,0.250,16.380,17.034,17.748,0,0,0,0,0,0,0,0,0,0,0
4320,0.249,0.243,16.528,17.021,17.961,0,0,0,0,0,0,0,0,0,0,0
4321,0.226,0.188,16.606,17.019,17.422,0,0,0,0,0,0,0,0,0,0,0
4322,0.173,0.163,16.695,17.030,17.416,0,0,0,0,0,0,0,0,0,0,0
4323,0.259,0.148,16.624,17.032,17.700,0,0,0,0,0,0,0,0,0,0,0
4324,0.349,0.250,16.420,17.019,17.942,0,0,0,0,0,0,0,0,0,0,0
4325,0.144,0.184,16.718,17.047,17.404,0,0,0,0,0,0,0,0,0,0,0
4326,0.387,0.286,16.357,17.030,17.984,0,0,0,0,0,0,0,0,0,0,0
4327,0.322,0.266,15.705,16.293,17.500,0,0,0,0,0,0,0,0,0,0,0
4328,0.189,0.160,15.819,16.168,16.693,0,0,0,0,0,0,0,0,0,0,0
4329,0.365,0.268,16.393,17.026,16.733,0,0,0,0,0,0,0,0,0,0,0
4330,0.390,0.232,15.860,16.482,17.519,0,0,0,0,0,0,0,0,0,0,0
4331,0.295,0.273,16.305,16.872,17.376,0,0,0,0,0,0,0,0,0,0,0
4332,0.183,0.176,16.665,17.024,17.318,0,0,0,0,0,0,0,0,0,0,0
4333,0.262,0.183,16.578,17.023,17.602,0,0,0,0,0,0,0,0,0,0,0
4334,0.220,0.212,16.610,17.042,17.544,0,0,0,0,0,0,0,0,0,0,0
4335,0.449,0.274,16.322,17.045,17.602,0,0,0,0,0,0,0,0,0,0,0
4336,0.269,0.223,16.529,17.022,17.913,0,0,0,0,0,0,0,0,0,0,0
4337,0.195,0.212,16.620,17.027,17.509,0,0,0,0,0,0,0,0,0,0,0
4338,0.333,0.264,15.801,16.398,17.761,0,0,0,0,0,0,0,0,0,0,0
4339,0.423,0.297,16.022,16.743,16.921,0,0,0,0,0,0,0,0,0,0,0
4340,0.297,0.301,16.441,17.040,17.369,0,0,0,0,0,0,0,0,0,0,0
4341,0.160,0.159,16.706,17.025,17.511,0,0,0,0,0,0,0,0,0,0,0
4342,0.201,0.235,16.603,17.039,17.586,0,0,0,0,0,0,0,0,0,0,0
4343,0.379,0.437,15.984,16.800,18.387,0,0,0,0,0,0,0,0,0,0,0
4344,0.213,0.166,16.651,17.030,17.268,0,0,0,0,0,0,0,0,0,0,0
4345,0.402,0.297,16.323,17.022,17.540,0,0,0,0,0,0,0,0,0,0,0
4346,0.251,0.195,16.576,17.022,17.572,0,0,0,0,0,0,0,0,0,0,0
4347,0.289,0.167,16.116,16.573,17.497,0,0,0,0,0,0,0,0,0,0,0
4348,0.166,0.146,16.365,16.677,17.034,0,0,0,0,0,0,0,0,0,0,0
4349,0.133,0.403,16.504,17.040,17.099,0,0,0,0,0,0,0,0,0,0,0
4350,0.391,0.272,16.361,17.024,17.630,0,0,0,0,0,0,0,0,0,0,0
4351,0.180,0.161,16.681,17.023,17.513,0,0,0,0,0,0,0,0,0,0,0
4352,0.313,0.321,16.397,17.031,17.551,0,0,0,0,0,0,0,0,0,0,0
4353,0.258,0.185,15.901,16.344,17.572,0,0,0,0,0,0,0,0,0,0,0
4354,0.420,0.212,16.144,16.777,16.891,0,0,0,0,0,0,0,0,0,0,0
4355,0.399,0.324,16.312,17.036,17.569,0,0,0,0,0,0,0,0,0,0,0
4356,0.400,0.271,16.283,16.954,17.636,0,0,0,0,0,0,0,0,0,0,0
4357,0.311,0.368,16.365,17.043,17.423,0,0,0,0,0,0,0,0,0,0,0
4358,0.598,0.376,15.783,16.757,18.085,0,0,0,0,0,0,0,0,0,0,0
4359,0.175,0.137,16.709,17.021,17.248,0,0,0,0,0,0,0,0,0,0,0
4360,0.174,0.135,16.706,17.015,17.486,0,0,0,0,0,0,0,0,0,0,0
4361,0.101,0.098,16.821,17.020,17.410,0,0,0,0,0,0,0,0,0,0,0
4362,0.234,0.123,16.670,17.027,17.396,0,0,0,0,0,0,0,0,0,0,0
4363,0.199,0.189,16.639,17.027,17.818,0,0,0,0,0,0,0,0,0,0,0
4364,0.151,0.120,16.757,17.028,17.804,0,0,0,0,0,0,0,0,0,0,0
4365,0.199,0.104,15.897,16.200,17.456,0,0,0,0,0,0,0,0,0,0,0
4366,0.248,0.153,16.616,17.017,16.724,0,0,0,0,0,0,0,0,0,0,0
4367,0.176,0.253,16.600,17.029,17.455,0,0,0,0,0,0,0,0,0,0,0
4368,0.163,0.139,16.726,17.028,17.753,0,0,0,0,0,0,0,0,0,0,0
4369,0.470,0.301,15.428,16.199,17.655,0,0,0,0,0,0,0,0,0,0,0
4370,0.453,0.290,16.297,17.039,17.172,0,0,0,0,0,0,0,0,0,0,0
4371,0.235,0.110,16.171,16.516,17.545,0,0,0,0,0,0,0,0,0,0,0
4372,0.208,0.198,16.620,17.027,17.068,0,0,0,0,0,0,0,0,0,0,0
4373,0.465,0.286,16.289,17.040,17.587,0,0,0,0,0,0,0,0,0,0,0
4374,0.299,0.240,16.488,17.027,17.993,0,0,0,0,0,0,0,0,0,0,0
4375,0.236,0.209,16.598,17.043,17.570,0,0,0,0,0,0,0,0,0,0,0
4376,0.459,0.300,16.268,17.027,17.569,0,0,0,0,0,0,0,0,0,0,0
4377,0.361,0.272,16.413,17.046,17.596,0,0,0,0,0,0,0,0,0,0,0
4378,0.198,0.169,15.718,16.085,17.851,0,0,0,0,0,0,0,0,0,0,0
4379,0.218,0.205,16.606,17.029,16.977,0,0,0,0,0,0,0,0,0,0,0
4380,0.215,0.220,16.607,17.042,18.003,0,0,0,0,0,0,0,0,0,0,0
4381,0.536,0.209,15.625,16.371,18.122,0,0,0,0,0,0,0,0,0,0,0
4382,0.247,0.191,16.589,17.027,16.995,0,0,0,0,0,0,0,0,0,0,0
4383,0.259,0.271,16.326,16.857,17.595,0,0,0,0,0,0,0,0,0,0,0
4384,0.176,0.223,16.637,17.036,17.443,0,0,0,0,0,0,0,0,0,0,0
4385,0.494,0.405,16.124,17.024,17.592,0,0,0,0,0,0,0,0,0,0,0
4386,0.237,0.206,16.587,17.029,17.536,0,0,0,0,0,0,0,0,0,0,0
4387,0.211,0.202,16.407,16.821,17.450,0,0,0,0,0,0,0,0,0,0,0
4388,0.292,0.160,16.584,17.037,17.356,0,0,0,0,0,0,0,0,0,0,0
4389,0.273,0.210,16.537,17.019,17.719,0,0,0,0,0,0,0,0,0,0,0
4390,0.168,0.139,16.714,17.021,17.620,0,0,0,0,0,0,0,0,0,0,0
4391,0.175,0.177,16.679,17.030,17.391,0,0,0,0,0,0,0,0,0,0,0
4392,0.281,0.235,15.596,16.113,17.554,0,0,0,0,0,0,0,0,0,0,0
4393,0.167,0.137,16.711,17.015,16.435,0,0,0,0,0,0,0,0,0,0,0
4394,0.093,0.077,16.850,17.019,17.293,0,0,0,0,0,0,0,0,0,0,0
4395,0.265,0.222,16.563,17.050,17.480,0,0,0,0,0,0,0,0,0,0,0
4396,0.384,0.302,15.494,16.180,17.818,0,0,0,0,0,0,0,0,0,0,0
4397,0.332,0.355,15.590,16.277,16.859,0,0,0,0,0,0,0,0,0,0,0
4398,0.224,0.188,16.616,17.029,16.647,0,0,0,0,0,0,0,0,0,0,0
4399,0.304,0.247,16.485,17.036,17.707,0,0,0,0,0,0,0,0,0,0,0
4400,0.405,0.243,16.380,17.027,17.458,0,0,0,0,0,0,0,0,0,0,0
4401,0.237,0.207,16.590,17.034,17.503,0,0,0,0,0,0,0,0,0,0,0
4402,0.263,0.146,16.607,17.016,17.433,0,0,0,0,0,0,0,0,0,0,0
4403,0.249,0.202,15.586,16.036,17.428,0,0,0,0,0,0,0,0,0,0,0
4404,0.341,0.193,16.487,17.021,16.788,0,0,0,0,0,0,0,0,0,0,0
4405,0.203,0.163,16.655,17.021,17.389,0,0,0,0,0,0,0,0,0,0,0
4406,0.213,0.265,15.934,16.412,17.330,0,0,0,0,0,0,0,0,0,0,0
4407,0.236,0.184,16.609,17.029,16.821,0,0,0,0,0,0,0,0,0,0,0
4408,0.321,0.195,16.512,17.028,17.440,0,0,0,0,0,0,0,0,0,0,0
4409,0.239,0.265,16.524,17.029,17.461,0,0,0,0,0,0,0,0,0,0,0
4410,0.249,0.211,16.570,17.030,17.566,0,0,0,0,0,0,0,0,0,0,0
4411,0.296,0.187,15.572,16.056,17.494,0,0,0,0,0,0,0,0,0,0,0
4412,0.381,0.329,16.318,17.028,16.826,0,0,0,0,0,0,0,0,0,0,0
4413,0.218,0.209,16.433,16.860,17.526,0,0,0,0,0,0,0,0,0,0,0
4414,0.262,0.222,15.806,16.290,17.261,0,0,0,0,0,0,0,0,0,0,0
4415,0.505,0.352,16.179,17.036,17.045,0,0,0,0,0,0,0,0,0,0,0
4416,0.287,0.274,16.499,17.059,17.759,0,0,0,0,0,0,0,0,0,0,0
4417,0.326,0.287,16.432,17.045,17.846,0,0,0,0,0,0,0,0,0,0,0
4418,0.351,0.345,16.331,17.027,17.831,0,0,0,0,0,0,0,0,0,0,0
4419,0.223,0.246,16.547,17.016,17.635,0,0,0,0,0,0,0,0,0,0,0
4420,0.125,0.151,16.742,17.018,17.304,0,0,0,0,0,0,0,0,0,0,0
4421,0.195,0.187,16.645,17.027,17.373,0,0,0,0,0,0,0,0,0,0,0
4422,0.175,0.169,16.682,17.026,17.644,0,0,0,0,0,0,0,0,0,0,0
4423,0.226,0.278,16.538,17.042,17.728,0,0,0,0,0,0,0,0,0,0,0
4424,0.461,0.376,16.013,16.850,17.785,0,0,0,0,0,0,0,0,0,0,0
4425,0.210,0.208,16.614,17.032,17.305,0,0,0,0,0,0,0,0,0,0,0
4426,0.324,0.239,16.465,17.028,17.414,0,0,0,0,0,0,0,0,0,0,0
4427,0.168,0.176,15.789,16.133,17.352,0,0,0,0,0,0,0,0,0,0,0
4428,0.246,0.220,16.488,16.953,16.628,0,0,0,0,0,0,0,0,0,0,0
4429,0.307,0.213,16.498,17.019,17.367,0,0,0,0,0,0,0,0,0,0,0
4430,0.223,0.177,16.624,17.024,17.431,0,0,0,0,0,0,0,0,0,0,0
4431,0.214,0.146,16.173,16.533,17.367,0,0,0,0,0,0,0,0,0,0,0
4432,0.360,0.237,16.510,17.106,17.193,0,0,0,0,0,0,0,0,0,0,0
4433,0.269,0.274,16.499,17.041,17.477,0,0,0,0,0,0,0,0,0,0,0
4434,0.516,0.389,16.128,17.033,17.926,0,0,0,0,0,0,0,0,0,0,0
4435,0.198,0.152,16.672,17.022,17.403,0,0,0,0,0,0,0,0,0,0,0
4436,0.229,0.141,15.838,16.207,17.442,0,0,0,0,0,0,0,0,0,0,0
4437,0.203,0.218,16.614,17.035,16.650,0,0,0,0,0,0,0,0,0,0,0
4438,0.402,0.428,16.199,17.029,17.467,0,0,0,0,0,0,0,0,0,0,0
4439,0.295,0.135,16.653,17.083,17.632,0,0,0,0,0,0,0,0,0,0,0
4440,0.281,0.404,16.343,17.029,17.563,0,0,0,0,0,0,0,0,0,0,0
4441,0.337,0.416,16.279,17.032,17.357,0,0,0,0,0,0,0,0,0,0,0
4442,0.394,0.253,16.376,17.022,17.449,0,0,0,0,0,0,0,0,0,0,0
4443,0.200,0.300,16.516,17.016,17.402,0,0,0,0,0,0,0,0,0,0,0
4444,0.205,0.214,16.602,17.021,17.393,0,0,0,0,0,0,0,0,0,0,0
4445,0.269,0.171,16.586,17.026,17.422,0,0,0,0,0,0,0,0,0,0,0
4446,0.275,0.165,16.307,16.747,17.496,0,0,0,0,0,0,0,0,0,0,0
4447,0.323,0.243,16.464,17.030,17.464,0,0,0,0,0,0,0,0,0,0,0
4448,0.162,0.192,16.031,16.384,17.631,0,0,0,0,0,0,0,0,0,0,0
4449,0.200,0.167,16.657,17.024,16.989,0,0,0,0,0,0,0,0,0,0,0
4450,0.264,0.191,16.567,17.022,17.352,0,0,0,0,0,0,0,0,0,0,0
4451,0.175,0.171,16.671,17.017,17.413,0,0,0,0,0,0,0,0,0,0,0
4452,0.166,0.096,16.759,17.021,17.385,0,0,0,0,0,0,0,0,0,0,0
4453,0.389,0.229,16.413,17.031,17.473,0,0,0,0,0,0,0,0,0,0,0
4454,0.288,0.197,16.550,17.036,17.714,0,0,0,0,0,0,0,0,0,0,0
4455,0.299,0.257,16.468,17.025,17.724,0,0,0,0,0,0,0,0,0,0,0
4456,0.183,0.255,16.044,16.483,17.409,0,0,0,0,0,0,0,0,0,0,0
4457,0.288,0.161,16.586,17.035,16.918,0,0,0,0,0,0,0,0,0,0,0
4458,0.426,0.305,16.296,17.026,17.784,0,0,0,0,0,0,0,0,0,0,0
4459,0.251,0.284,16.490,17.025,17.480,0,0,0,0,0,0,0,0,0,0,0
4460,0.334,0.271,16.428,17.032,17.503,0,0,0,0,0,0,0,0,0,0,0
4461,0.381,0.242,16.409,17.031,17.454,0,0,0,0,0,0,0,0,0,0,0
4462,0.535,0.308,15.196,16.039,17.449,0,0,0,0,0,0,0,0,0,0,0
4463,0.249,0.263,16.510,17.021,16.443,0,0,0,0,0,0,0,0,0,0,0
4464,0.252,0.157,16.628,17.037,17.449,0,0,0,0,0,0,0,0,0,0,0
4465,0.723,0.333,15.531,16.588,17.791,0,0,0,0,0,0,0,0,0,0,0
4466,0.237,0.201,16.592,17.030,17.245,0,0,0,0,0,0,0,0,0,0,0
4467,0.290,0.176,16.562,17.028,17.449,0,0,0,0,0,0,0,0,0,0,0
4468,0.297,0.263,16.482,17.041,17.659,0,0,0,0,0,0,0,0,0,0,0
4469,0.266,0.242,16.523,17.031,17.730,0,0,0,0,0,0,0,0,0,0,0
4470,0.185,0.209,16.010,16.404,17.418,0,0,0,0,0,0,0,0,0,0,0
4471,0.253,0.172,16.030,16.456,16.737,0,0,0,0,0,0,0,0,0,0,0
4472,0.223,0.177,15.977,16.378,16.872,0,0,0,0,0,0,0,0,0,0,0
4473,0.463,0.282,16.318,17.063,17.098,0,0,0,0,0,0,0,0,0,0,0
4474,0.401,0.290,16.337,17.028,17.438,0,0,0,0,0,0,0,0,0,0,0
4475,0.266,0.273,16.491,17.031,17.550,0,0,0,0,0,0,0,0,0,0,0
4476,0.179,0.186,16.671,17.036,17.626,0,0,0,0,0,0,0,0,0,0,0
4477,0.152,0.148,16.726,17.026,17.609,0,0,0,0,0,0,0,0,0,0,0
4478,0.189,0.176,16.659,17.024,17.619,0,0,0,0,0,0,0,0,0,0,0
4479,0.244,0.182,16.609,17.036,17.376,0,0,0,0,0,0,0,0,0,0,0
4480,0.354,0.281,16.387,17.022,17.413,0,0,0,0,0,0,0,0,0,0,0
4481,0.282,0.162,16.580,17.024,17.369,0,0,0,0,0,0,0,0,0,0,0
4482,0.246,0.201,16.591,17.037,17.529,0,0,0,0,0,0,0,0,0,0,0
4483,0.350,0.289,16.398,17.037,17.757,0,0,0,0,0,0,0,0,0,0,0
4484,0.414,0.271,15.783,16.467,17.469,0,0,0,0,0,0,0,0,0,0,0
4485,0.361,0.276,16.390,17.028,16.947,0,0,0,0,0,0,0,0,0,0,0
4486,0.203,0.159,16.675,17.037,17.538,0,0,0,0,0,0,0,0,0,0,0
4487,0.311,0.235,16.485,17.030,17.736,0,0,0,0,0,0,0,0,0,0,0
4488,0.252,0.161,16.608,17.021,17.702,0,0,0,0,0,0,0,0,0,0,0
4489,0.145,0.191,16.684,17.021,17.333,0,0,0,0,0,0,0,0,0,0,0
4490,0.218,0.195,16.608,17.021,17.418,0,0,0,0,0,0,0,0,0,0,0
4491,0.291,0.261,16.480,17.031,17.286,0,0,0,0,0,0,0,0,0,0,0
4492,0.403,0.300,16.337,17.041,17.453,0,0,0,0,0,0,0,0,0,0,0
4493,0.289,0.300,16.438,17.027,17.446,0,0,0,0,0,0,0,0,0,0,0
4494,0.235,0.193,16.596,17.025,17.440,0,0,0,0,0,0,0,0,0,0,0
4495,0.205,0.135,16.693,17.034,17.481,0,0,0,0,0,0,0,0,0,0,0
4496,0.656,0.472,15.074,16.202,17.734,0,0,0,0,0,0,0,0,0,0,0
4497,0.225,0.192,16.615,17.032,16.624,0,0,0,0,0,0,0,0,0,0,0
4498,0.460,0.329,16.238,17.027,17.454,0,0,0,0,0,0,0,0,0,0,0
4499,0.233,0.248,16.550,17.031,17.480,0,0,0,0,0,0,0,0,0,0,0
4500,0.521,0.274,15.235,16.030,17.502,0,0,0,0,0,0,0,0,0,0,0
4501,0.231,0.216,16.584,17.031,16.481,0,0,0,0,0,0,0,0,0,0,0
4502,0.182,0.210,16.645,17.037,17.435,0,0,0,0,0,0,0,0,0,0,0
4503,0.415,0.301,16.308,17.024,17.469,0,0,0,0,0,0,0,0,0,0,0
4504,0.203,0.216,16.603,17.023,17.428,0,0,0,0,0,0,0,0,0,0,0
4505,0.262,0.160,16.608,17.030,17.372,0,0,0,0,0,0,0,0,0,0,0
4506,0.162,0.138,16.427,16.727,17.570,0,0,0,0,0,0,0,0,0,0,0
4507,0.149,0.116,16.751,17.016,17.006,0,0,0,0,0,0,0,0,0,0,0
4508,0.170,0.132,16.724,17.026,17.317,0,0,0,0,0,0,0,0,0,0,0
4509,0.227,0.199,16.593,17.019,17.616,0,0,0,0,0,0,0,0,0,0,0
4510,0.199,0.130,16.693,17.021,17.402,0,0,0,0,0,0,0,0,0,0,0
4511,0.276,0.190,16.570,17.037,17.399,0,0,0,0,0,0,0,0,0,0,0
4512,0.256,0.222,16.553,17.030,17.473,0,0,0,0,0,0,0,0,0,0,0
4513,0.351,0.258,16.416,17.025,17.704,0,0,0,0,0,0,0,0,0,0,0
4514,0.219,0.196,16.618,17.034,17.417,0,0,0,0,0,0,0,0,0,0,0
4515,0.557,0.385,16.083,17.024,17.826,0,0,0,0,0,0,0,0,0,0,0
4516,0.235,0.263,15.774,16.272,17.400,0,0,0,0,0,0,0,0,0,0,0
4517,0.252,0.198,16.574,17.024,16.704,0,0,0,0,0,0,0,0,0,0,0
4518,0.191,0.159,16.678,17.028,17.595,0,0,0,0,0,0,0,0,0,0,0
4519,0.205,0.364,15.681,16.250,17.624,0,0,0,0,0,0,0,0,0,0,0
4520,0.140,0.119,16.749,17.008,16.540,0,0,0,0,0,0,0,0,0,0,0
4521,0.230,0.218,16.579,17.027,17.534,0,0,0,0,0,0,0,0,0,0,0
4522,0.219,0.151,16.651,17.021,17.387,0,0,0,0,0,0,0,0,0,0,0
4523,0.186,0.316,16.523,17.025,17.339,0,0,0,0,0,0,0,0,0,0,0
4524,0.251,0.190,16.581,17.022,17.434,0,0,0,0,0,0,0,0,0,0,0
4525,0.227,0.170,15.994,16.391,17.365,0,0,0,0,0,0,0,0,0,0,0
4526,0.255,0.220,16.563,17.038,16.739,0,0,0,0,0,0,0,0,0,0,0
4527,0.238,0.160,15.982,16.380,17.546,0,0,0,0,0,0,0,0,0,0,0
4528,0.312,0.354,16.353,17.019,16.901,0,0,0,0,0,0,0,0,0,0,0
4529,0.211,0.237,16.586,17.034,17.483,0,0,0,0,0,0,0,0,0,0,0
4530,0.422,0.295,16.320,17.036,17.475,0,0,0,0,0,0,0,0,0,0,0
4531,0.451,0.267,16.315,17.033,17.779,0,0,0,0,0,0,0,0,0,0,0
4532,0.316,0.221,16.329,16.866,17.467,0,0,0,0,0,0,0,0,0,0,0
4533,0.156,0.090,16.769,17.016,17.128,0,0,0,0,0,0,0,0,0,0,0
4534,0.138,0.073,16.800,17.011,17.242,0,0,0,0,0,0,0,0,0,0,0
4535,0.079,0.049,16.911,17.039,17.208,0,0,0,0,0,0,0,0,0,0,0
4536,0.296,0.210,16.514,17.019,17.429,0,0,0,0,0,0,0,0,0,0,0
4537,0.184,0.091,16.754,17.029,17.322,0,0,0,0,0,0,0,0,0,0,0
4538,0.241,0.174,16.616,17.031,17.637,0,0,0,0,0,0,0,0,0,0,0
4539,0.253,0.194,16.580,17.027,17.718,0,0,0,0,0,0,0,0,0,0,0
4540,0.221,0.219,16.591,17.030,17.667,0,0,0,0,0,0,0,0,0,0,0
4541,0.222,0.157,16.643,17.023,17.641,0,0,0,0,0,0,0,0,0,0,0
4542,0.121,0.128,16.765,17.014,17.480,0,0,0,0,0,0,0,0,0,0,0
4543,0.183,0.206,16.634,17.023,17.371,0,0,0,0,0,0,0,0,0,0,0
4544,0.267,0.214,16.542,17.023,17.356,0,0,0,0,0,0,0,0,0,0,0
4545,0.260,0.171,16.601,17.032,17.374,0,0,0,0,0,0,0,0,0,0,0
4546,0.292,0.333,16.404,17.029,17.797,0,0,0,0,0,0,0,0,0,0,0
4547,0.394,0.222,16.407,17.024,17.672,0,0,0,0,0,0,0,0,0,0,0
4548,0.205,0.144,16.674,17.022,17.458,0,0,0,0,0,0,0,0,0,0,0
4549,0.231,0.172,16.624,17.027,17.399,0,0,0,0,0,0,0,0,0,0,0
4550,0.201,0.194,16.634,17.029,17.394,0,0,0,0,0,0,0,0,0,0,0
4551,0.189,0.191,16.641,17.021,17.378,0,0,0,0,0,0,0,0,0,0,0
4552,0.230,0.241,16.572,17.043,17.515,0,0,0,0,0,0,0,0,0,0,0
4553,0.318,0.196,16.516,17.031,17.449,0,0,0,0,0,0,0,0,0,0,0
4554,0.303,0.255,15.789,16.347,17.924,0,0,0,0,0,0,0,0,0,0,0
4555,0.236,0.276,16.524,17.036,16.742,0,0,0,0,0,0,0,0,0,0,0
4556,0.278,0.209,16.558,17.045,17.794,0,0,0,0,0,0,0,0,0,0,0
4557,0.203,0.164,16.666,17.033,17.723,0,0,0,0,0,0,0,0,0,0,0
4558,0.196,0.144,16.619,16.959,17.649,0,0,0,0,0,0,0,0,0,0,0
4559,0.218,0.168,16.633,17.018,17.778,0,0,0,0,0,0,0,0,0,0,0
4560,0.144,0.115,16.763,17.022,17.289,0,0,0,0,0,0,0,0,0,0,0
4561,0.239,0.229,16.569,17.036,17.757,0,0,0,0,0,0,0,0,0,0,0
4562,0.199,0.164,15.922,16.285,17.695,0,0,0,0,0,0,0,0,0,0,0
4563,0.179,0.154,15.765,16.099,16.856,0,0,0,0,0,0,0,0,0,0,0
4564,0.437,0.232,16.359,17.029,16.734,0,0,0,0,0,0,0,0,0,0,0
4565,0.195,0.146,16.687,17.027,17.653,0,0,0,0,0,0,0,0,0,0,0
4566,0.226,0.259,16.541,17.026,17.637,0,0,0,0,0,0,0,0,0,0,0
4567,0.182,0.140,16.705,17.027,17.611,0,0,0,0,0,0,0,0,0,0,0
4568,0.127,0.108,16.024,16.259,17.309,0,0,0,0,0,0,0,0,0,0,0
4569,0.248,0.263,16.363,16.874,16.932,0,0,0,0,0,0,0,0,0,0,0
4570,0.174,0.113,16.730,17.017,17.218,0,0,0,0,0,0,0,0,0,0,0
4571,0.168,0.147,16.719,17.034,17.373,0,0,0,0,0,0,0,0,0,0,0
4572,0.247,0.245,16.544,17.036,17.479,0,0,0,0,0,0,0,0,0,0,0
4573,0.344,0.316,16.369,17.029,17.759,0,0,0,0,0,0,0,0,0,0,0
4574,0.166,0.177,15.724,16.067,17.391,0,0,0,0,0,0,0,0,0,0,0
4575,0.317,0.231,15.871,16.419,16.504,0,0,0,0,0,0,0,0,0,0,0
4576,0.214,0.262,15.647,16.124,16.928,0,0,0,0,0,0,0,0,0,0,0
4577,0.286,0.188,15.982,16.456,16.785,0,0,0,0,0,0,0,0,0,0,0
4578,0.267,0.230,16.527,17.025,17.131,0,0,0,0,0,0,0,0,0,0,0
4579,0.222,0.193,16.618,17.033,17.443,0,0,0,0,0,0,0,0,0,0,0
4580,0.317,0.286,15.432,16.035,17.813,0,0,0,0,0,0,0,0,0,0,0
4581,0.149,0.137,16.738,17.024,16.389,0,0,0,0,0,0,0,0,0,0,0
4582,0.285,0.224,15.944,16.452,17.450,0,0,0,0,0,0,0,0,0,0,0
4583,0.179,0.174,16.673,17.027,16.854,0,0,0,0,0,0,0,0,0,0,0
4584,0.256,0.256,16.510,17.023,17.672,0,0,0,0,0,0,0,0,0,0,0
4585,0.254,0.254,15.580,16.088,17.591,0,0,0,0,0,0,0,0,0,0,0
4586,0.318,0.282,16.420,17.019,16.614,0,0,0,0,0,0,0,0,0,0,0
4587,0.226,0.242,16.550,17.018,17.432,0,0,0,0,0,0,0,0,0,0,0
4588,0.200,0.187,15.954,16.340,17.412,0,0,0,0,0,0,0,0,0,0,0
4589,0.249,0.239,16.538,17.025,16.748,0,0,0,0,0,0,0,0,0,0,0
4590,0.261,0.220,16.540,17.021,17.468,0,0,0,0,0,0,0,0,0,0,0
4591,0.208,0.201,16.609,17.019,17.573,0,0,0,0,0,0,0,0,0,0,0
4592,0.356,0.185,16.488,17.030,17.456,0,0,0,0,0,0,0,0,0,0,0
4593,0.204,0.265,16.454,16.924,17.510,0,0,0,0,0,0,0,0,0,0,0
4594,0.281,0.236,16.512,17.029,17.321,0,0,0,0,0,0,0,0,0,0,0
4595,0.219,0.188,16.635,17.041,17.657,0,0,0,0,0,0,0,0,0,0,0
4596,0.192,0.183,16.045,16.420,17.663,0,0,0,0,0,0,0,0,0,0,0
4597,0.105,0.114,16.798,17.017,16.708,0,0,0,0,0,0,0,0,0,0,0
4598,0.189,0.282,16.088,16.559,17.392,0,0,0,0,0,0,0,0,0,0,0
4599,0.222,0.145,16.654,17.021,16.964,0,0,0,0,0,0,0,0,0,0,0
4600,0.201,0.224,16.596,17.021,17.448,0,0,0,0,0,0,0,0,0,0,0
4601,0.264,0.190,15.943,16.396,17.507,0,0,0,0,0,0,0,0,0,0,0
4602,0.233,0.214,16.580,17.026,16.861,0,0,0,0,0,0,0,0,0,0,0
4603,0.245,0.223,15.939,16.407,17.697,0,0,0,0,0,0,0,0,0,0,0
4604,0.284,0.166,16.033,16.482,16.855,0,0,0,0,0,0,0,0,0,0,0
4605,0.215,0.244,16.567,17.026,16.896,0,0,0,0,0,0,0,0,0,0,0
4606,0.282,0.249,16.490,17.021,17.452,0,0,0,0,0,0,0,0,0,0,0
4607,0.114,0.107,16.034,16.255,17.277,0,0,0,0,0,0,0,0,0,0,0
4608,0.220,0.339,16.482,17.041,16.613,0,0,0,0,0,0,0,0,0,0,0
4609,0.187,0.146,16.685,17.018,17.706,0,0,0,0,0,0,0,0,0,0,0
4610,0.166,0.142,15.727,16.035,17.400,0,0,0,0,0,0,0,0,0,0,0
4611,0.263,0.263,16.493,17.020,16.455,0,0,0,0,0,0,0,0,0,0,0
4612,0.213,0.202,16.375,16.790,17.406,0,0,0,0,0,0,0,0,0,0,0
4613,0.227,0.167,16.625,17.019,17.230,0,0,0,0,0,0,0,0,0,0,0
4614,0.177,0.309,16.546,17.032,17.389,0,0,0,0,0,0,0,0,0,0,0
4615,0.283,0.240,16.507,17.030,17.743,0,0,0,0,0,0,0,0,0,0,0
4616,0.306,0.227,16.491,17.024,17.437,0,0,0,0,0,0,0,0,0,0,0
4617,0.196,0.177,16.654,17.027,17.413,0,0,0,0,0,0,0,0,0,0,0
4618,0.253,0.220,16.553,17.026,17.438,0,0,0,0,0,0,0,0,0,0,0
4619,0.239,0.287,16.502,17.028,17.451,0,0,0,0,0,0,0,0,0,0,0
4620,0.271,0.322,16.026,16.619,17.577,0,0,0,0,0,0,0,0,0,0,0
4621,0.371,0.243,16.419,17.033,17.371,0,0,0,0,0,0,0,0,0,0,0
4622,0.181,0.181,16.664,17.026,17.378,0,0,0,0,0,0,0,0,0,0,0
4623,0.290,0.230,16.504,17.025,17.467,0,0,0,0,0,0,0,0,0,0,0
4624,0.162,0.197,16.665,17.024,17.630,0,0,0,0,0,0,0,0,0,0,0
4625,0.167,0.166,16.690,17.022,17.631,0,0,0,0,0,0,0,0,0,0,0
4626,0.276,0.231,16.521,17.028,17.582,0,0,0,0,0,0,0,0,0,0,0
4627,0.225,0.431,16.369,17.025,17.675,0,0,0,0,0,0,0,0,0,0,0
4628,0.291,0.146,16.587,17.024,17.449,0,0,0,0,0,0,0,0,0,0,0
4629,0.193,0.171,16.663,17.027,17.379,0,0,0,0,0,0,0,0,0,0,0
4630,0.257,0.284,15.493,16.034,17.414,0,0,0,0,0,0,0,0,0,0,0
4631,0.271,0.203,16.546,17.020,16.458,0,0,0,0,0,0,0,0,0,0,0
4632,0.233,0.177,16.619,17.030,17.532,0,0,0,0,0,0,0,0,0,0,0
4633,0.252,0.209,16.562,17.023,17.487,0,0,0,0,0,0,0,0,0,0,0
4634,0.239,0.187,16.594,17.020,17.685,0,0,0,0,0,0,0,0,0,0,0
4635,0.231,0.176,16.612,17.019,17.410,0,0,0,0,0,0,0,0,0,0,0
4636,0.149,0.167,16.718,17.033,17.339,0,0,0,0,0,0,0,0,0,0,0
4637,0.259,0.200,16.570,17.030,17.431,0,0,0,0,0,0,0,0,0,0,0
4638,0.242,0.171,16.614,17.026,17.448,0,0,0,0,0,0,0,0,0,0,0
4639,0.261,0.180,16.588,17.029,17.709,0,0,0,0,0,0,0,0,0,0,0
4640,0.219,0.184,15.688,16.091,17.376,0,0,0,0,0,0,0,0,0,0,0
4641,0.209,0.202,15.793,16.205,16.686,0,0,0,0,0,0,0,0,0,0,0
4642,0.173,0.191,16.663,17.027,16.629,0,0,0,0,0,0,0,0,0,0,0
4643,0.266,0.259,16.507,17.032,17.631,0,0,0,0,0,0,0,0,0,0,0
4644,0.242,0.199,16.588,17.030,17.690,0,0,0,0,0,0,0,0,0,0,0
4645,0.177,0.146,16.692,17.014,17.674,0,0,0,0,0,0,0,0,0,0,0
4646,0.074,0.093,16.849,17.017,17.250,0,0,0,0,0,0,0,0,0,0,0
4647,0.146,0.110,16.765,17.022,17.314,0,0,0,0,0,0,0,0,0,0,0
4648,0.174,0.156,16.693,17.023,17.344,0,0,0,0,0,0,0,0,0,0,0
4649,0.240,0.188,16.593,17.020,17.374,0,0,0,0,0,0,0,0,0,0,0
4650,0.213,0.150,16.658,17.020,17.358,0,0,0,0,0,0,0,0,0,0,0
4651,0.181,0.217,16.619,17.018,17.362,0,0,0,0,0,0,0,0,0,0,0
4652,0.186,0.132,15.803,16.120,17.337,0,0,0,0,0,0,0,0,0,0,0
4653,0.178,0.180,16.662,17.020,16.437,0,0,0,0,0,0,0,0,0,0,0
4654,0.211,0.194,16.242,16.648,17.351,0,0,0,0,0,0,0,0,0,0,0
4655,0.217,0.179,16.624,17.020,16.990,0,0,0,0,0,0,0,0,0,0,0
4656,0.102,0.097,16.819,17.019,17.289,0,0,0,0,0,0,0,0,0,0,0
4657,0.315,0.206,15.683,16.205,17.461,0,0,0,0,0,0,0,0,0,0,0
4658,0.189,0.183,16.654,17.026,16.588,0,0,0,0,0,0,0,0,0,0,0
4659,0.278,0.256,16.497,17.031,17.474,0,0,0,0,0,0,0,0,0,0,0
4660,0.245,0.181,16.595,17.022,17.447,0,0,0,0,0,0,0,0,0,0,0
4661,0.141,0.170,16.707,17.017,17.410,0,0,0,0,0,0,0,0,0,0,0
4662,0.284,0.265,16.484,17.034,17.492,0,0,0,0,0,0,0,0,0,0,0
4663,0.262,0.231,16.485,16.978,17.914,0,0,0,0,0,0,0,0,0,0,0
4664,0.288,0.284,16.451,17.023,17.370,0,0,0,0,0,0,0,0,0,0,0
4665,0.220,0.178,16.646,17.045,17.379,0,0,0,0,0,0,0,0,0,0,0
4666,0.277,0.260,16.501,17.038,17.490,0,0,0,0,0,0,0,0,0,0,0
4667,0.286,0.222,16.524,17.032,17.728,0,0,0,0,0,0,0,0,0,0,0
4668,0.245,0.198,16.579,17.022,17.531,0,0,0,0,0,0,0,0,0,0,0
4669,0.220,0.204,16.603,17.027,17.491,0,0,0,0,0,0,0,0,0,0,0
4670,0.161,0.172,16.327,16.659,17.435,0,0,0,0,0,0,0,0,0,0,0
4671,0.238,0.222,16.560,17.020,17.069,0,0,0,0,0,0,0,0,0,0,0
4672,0.148,0.244,16.292,16.684,17.338,0,0,0,0,0,0,0,0,0,0,0
4673,0.239,0.206,15.853,16.297,17.141,0,0,0,0,0,0,0,0,0,0,0
4674,0.279,0.227,16.524,17.031,16.689,0,0,0,0,0,0,0,0,0,0,0
4675,0.342,0.227,15.491,16.060,17.749,0,0,0,0,0,0,0,0,0,0,0
4676,0.184,0.142,16.689,17.015,16.479,0,0,0,0,0,0,0,0,0,0,0
4677,0.199,0.196,16.625,17.020,17.423,0,0,0,0,0,0,0,0,0,0,0
4678,0.283,0.212,16.536,17.031,17.481,0,0,0,0,0,0,0,0,0,0,0
4679,0.375,0.275,16.384,17.034,17.775,0,0,0,0,0,0,0,0,0,0,0
4680,0.202,0.169,16.662,17.033,17.400,0,0,0,0,0,0,0,0,0,0,0
4681,0.501,0.305,16.220,17.025,17.835,0,0,0,0,0,0,0,0,0,0,0
4682,0.175,0.172,16.682,17.029,17.430,0,0,0,0,0,0,0,0,0,0,0
4683,0.218,0.183,16.618,17.019,17.403,0,0,0,0,0,0,0,0,0,0,0
4684,0.210,0.185,16.628,17.024,17.361,0,0,0,0,0,0,0,0,0,0,0
4685,0.109,0.104,16.808,17.021,17.289,0,0,0,0,0,0,0,0,0,0,0
4686,0.255,0.185,16.097,16.537,17.410,0,0,0,0,0,0,0,0,0,0,0
4687,0.204,0.237,16.582,17.023,17.013,0,0,0,0,0,0,0,0,0,0,0
4688,0.321,0.273,16.134,16.728,17.377,0,0,0,0,0,0,0,0,0,0,0
4689,0.164,0.159,16.697,17.019,17.097,0,0,0,0,0,0,0,0,0,0,0
4690,0.193,0.294,16.362,16.849,17.471,0,0,0,0,0,0,0,0,0,0,0
4691,0.250,0.204,16.570,17.024,17.396,0,0,0,0,0,0,0,0,0,0,0
4692,0.196,0.161,16.660,17.017,17.611,0,0,0,0,0,0,0,0,0,0,0
4693,0.148,0.106,16.767,17.022,17.315,0,0,0,0,0,0,0,0,0,0,0
4694,0.216,0.283,16.525,17.024,17.605,0,0,0,0,0,0,0,0,0,0,0
4695,0.143,0.193,15.999,16.335,17.369,0,0,0,0,0,0,0,0,0,0,0
4696,0.156,0.110,16.764,17.029,16.718,0,0,0,0,0,0,0,0,0,0,0
4697,0.215,0.166,16.636,17.018,17.609,0,0,0,0,0,0,0,0,0,0,0
4698,0.146,0.113,16.757,17.016,17.306,0,0,0,0,0,0,0,0,0,0,0
4699,0.247,0.186,15.854,16.286,17.664,0,0,0,0,0,0,0,0,0,0,0
4700,0.177,0.118,16.728,17.023,16.614,0,0,0,0,0,0,0,0,0,0,0
4701,0.201,0.153,16.668,17.021,17.424,0,0,0,0,0,0,0,0,0,0,0
4702,0.213,0.159,16.542,16.913,17.361,0,0,0,0,0,0,0,0,0,0,0
4703,0.244,0.160,16.620,17.023,17.407,0,0,0,0,0,0,0,0,0,0,0
4704,0.166,0.225,16.553,16.944,17.354,0,0,0,0,0,0,0,0,0,0,0
4705,0.212,0.132,16.675,17.019,17.410,0,0,0,0,0,0,0,0,0,0,0
4706,0.121,0.087,16.806,17.013,17.324,0,0,0,0,0,0,0,0,0,0,0
4707,0.096,0.086,16.837,17.019,17.270,0,0,0,0,0,0,0,0,0,0,0
4708,0.179,0.128,16.237,16.543,17.307,0,0,0,0,0,0,0,0,0,0,0
4709,0.119,0.095,16.801,17.015,16.825,0,0,0,0,0,0,0,0,0,0,0
4710,0.218,0.158,16.639,17.015,17.334,0,0,0,0,0,0,0,0,0,0,0
4711,0.150,0.115,16.053,16.318,17.357,0,0,0,0,0,0,0,0,0,0,0
4712,0.171,0.130,16.719,17.020,16.623,0,0,0,0,0,0,0,0,0,0,0
4713,0.200,0.148,16.673,17.020,17.405,0,0,0,0,0,0,0,0,0,0,0
4714,0.195,0.121,15.906,16.221,17.375,0,0,0,0,0,0,0,0,0,0,0
4715,0.334,0.283,15.773,16.390,16.634,0,0,0,0,0,0,0,0,0,0,0
4716,0.214,0.212,15.820,16.246,16.825,0,0,0,0,0,0,0,0,0,0,0
4717,0.218,0.143,16.674,17.035,16.655,0,0,0,0,0,0,0,0,0,0,0
4718,0.211,0.170,16.642,17.022,17.404,0,0,0,0,0,0,0,0,0,0,0
4719,0.260,0.288,16.472,17.020,17.412,0,0,0,0,0,0,0,0,0,0,0
4720,0.264,0.379,16.377,17.020,17.395,0,0,0,0,0,0,0,0,0,0,0
4721,0.197,0.145,16.001,16.343,17.393,0,0,0,0,0,0,0,0,0,0,0
4722,0.396,0.249,16.378,17.023,16.793,0,0,0,0,0,0,0,0,0,0,0
4723,0.136,0.144,16.740,17.020,17.304,0,0,0,0,0,0,0,0,0,0,0
4724,0.326,0.239,16.454,17.019,17.388,0,0,0,0,0,0,0,0,0,0,0
4725,0.171,0.164,16.692,17.028,17.412,0,0,0,0,0,0,0,0,0,0,0
4726,0.306,0.351,15.628,16.284,17.713,0,0,0,0,0,0,0,0,0,0,0
4727,0.328,0.268,16.442,17.038,17.028,0,0,0,0,0,0,0,0,0,0,0
4728,0.226,0.207,15.772,16.204,17.495,0,0,0,0,0,0,0,0,0,0,0
4729,0.252,0.188,16.579,17.019,16.720,0,0,0,0,0,0,0,0,0,0,0
4730,0.163,0.137,16.725,17.025,17.356,0,0,0,0,0,0,0,0,0,0,0
4731,0.274,0.313,16.441,17.028,17.422,0,0,0,0,0,0,0,0,0,0,0
4732,0.226,0.175,16.628,17.029,17.490,0,0,0,0,0,0,0,0,0,0,0
4733,0.223,0.192,16.607,17.022,17.471,0,0,0,0,0,0,0,0,0,0,0
4734,0.271,0.207,16.550,17.029,17.547,0,0,0,0,0,0,0,0,0,0,0
4735,0.240,0.210,16.579,17.029,17.712,0,0,0,0,0,0,0,0,0,0,0
4736,0.282,0.306,16.448,17.036,17.451,0,0,0,0,0,0,0,0,0,0,0
4737,0.227,0.200,15.927,16.355,17.420,0,0,0,0,0,0,0,0,0,0,0
4738,0.241,0.202,16.577,17.019,16.823,0,0,0,0,0,0,0,0,0,0,0
4739,0.282,0.168,16.577,17.027,17.432,0,0,0,0,0,0,0,0,0,0,0
4740,0.236,0.160,16.621,17.017,17.622,0,0,0,0,0,0,0,0,0,0,0
4741,0.129,0.137,16.762,17.028,17.256,0,0,0,0,0,0,0,0,0,0,0
4742,0.279,0.280,16.470,17.029,17.697,0,0,0,0,0,0,0,0,0,0,0
4743,0.303,0.359,16.363,17.025,17.510,0,0,0,0,0,0,0,0,0,0,0
4744,0.308,0.281,15.990,16.578,17.509,0,0,0,0,0,0,0,0,0,0,0
4745,0.184,0.157,16.689,17.030,16.927,0,0,0,0,0,0,0,0,0,0,0
4746,0.235,0.196,15.790,16.221,17.472,0,0,0,0,0,0,0,0,0,0,0
4747,0.219,0.263,16.548,17.030,16.623,0,0,0,0,0,0,0,0,0,0,0
4748,0.249,0.184,16.591,17.024,17.555,0,0,0,0,0,0,0,0,0,0,0
4749,0.214,0.246,16.468,16.928,17.412,0,0,0,0,0,0,0,0,0,0,0
4750,0.206,0.194,16.555,16.955,17.543,0,0,0,0,0,0,0,0,0,0,0
4751,0.344,0.267,16.354,16.965,17.642,0,0,0,0,0,0,0,0,0,0,0
4752,0.265,0.248,16.515,17.028,17.725,0,0,0,0,0,0,0,0,0,0,0
4753,0.347,0.251,15.707,16.305,17.448,0,0,0,0,0,0,0,0,0,0,0
4754,0.165,0.249,16.611,17.026,16.652,0,0,0,0,0,0,0,0,0,0,0
4755,0.200,0.178,16.652,17.029,17.540,0,0,0,0,0,0,0,0,0,0,0
4756,0.376,0.307,16.351,17.035,17.413,0,0,0,0,0,0,0,0,0,0,0
4757,0.197,0.166,16.661,17.024,17.617,0,0,0,0,0,0,0,0,0,0,0
4758,0.308,0.284,16.465,17.057,17.705,0,0,0,0,0,0,0,0,0,0,0
4759,0.299,0.309,16.427,17.035,17.757,0,0,0,0,0,0,0,0,0,0,0
4760,0.215,0.186,16.628,17.029,17.475,0,0,0,0,0,0,0,0,0,0,0
4761,0.282,0.234,16.513,17.029,17.681,0,0,0,0,0,0,0,0,0,0,0
4762,0.282,0.234,16.519,17.035,17.439,0,0,0,0,0,0,0,0,0,0,0
4763,0.305,0.245,16.481,17.031,17.492,0,0,0,0,0,0,0,0,0,0,0
4764,0.193,0.159,16.683,17.035,17.498,0,0,0,0,0,0,0,0,0,0,0
4765,0.333,0.219,16.477,17.029,17.431,0,0,0,0,0,0,0,0,0,0,0
4766,0.188,0.191,16.648,17.027,17.451,0,0,0,0,0,0,0,0,0,0,0
4767,0.214,0.187,16.625,17.026,17.443,0,0,0,0,0,0,0,0,0,0,0
4768,0.235,0.248,16.451,16.934,17.476,0,0,0,0,0,0,0,0,0,0,0
4769,0.274,0.251,16.540,17.065,17.595,0,0,0,0,0,0,0,0,0,0,0
4770,0.304,0.274,16.453,17.031,17.789,0,0,0,0,0,0,0,0,0,0,0
4771,0.258,0.197,15.953,16.408,17.691,0,0,0,0,0,0,0,0,0,0,0
4772,0.308,0.242,16.483,17.033,16.850,0,0,0,0,0,0,0,0,0,0,0
4773,0.224,0.215,16.595,17.035,17.396,0,0,0,0,0,0,0,0,0,0,0
4774,0.115,0.092,16.806,17.014,17.378,0,0,0,0,0,0,0,0,0,0,0
4775,0.136,0.102,16.782,17.021,17.299,0,0,0,0,0,0,0,0,0,0,0
4776,0.116,0.124,16.776,17.016,17.291,0,0,0,0,0,0,0,0,0,0,0
4777,0.144,0.112,16.758,17.014,17.308,0,0,0,0,0,0,0,0,0,0,0
4778,0.096,0.084,16.839,17.019,17.269,0,0,0,0,0,0,0,0,0,0,0
4779,0.253,0.375,16.394,17.022,17.417,0,0,0,0,0,0,0,0,0,0,0
4780,0.240,0.216,16.563,17.019,17.566,0,0,0,0,0,0,0,0,0,0,0
4781,0.177,0.171,16.671,17.018,17.348,0,0,0,0,0,0,0,0,0,0,0
4782,0.217,0.166,15.813,16.196,17.432,0,0,0,0,0,0,0,0,0,0,0
4783,0.201,0.168,16.649,17.019,16.565,0,0,0,0,0,0,0,0,0,0,0
4784,0.245,0.338,16.436,17.018,17.395,0,0,0,0,0,0,0,0,0,0,0
4785,0.212,0.167,16.641,17.020,17.414,0,0,0,0,0,0,0,0,0,0,0
4786,0.236,0.142,16.640,17.018,17.406,0,0,0,0,0,0,0,0,0,0,0
4787,0.238,0.174,16.600,17.011,17.377,0,0,0,0,0,0,0,0,0,0,0
4788,0.205,0.225,16.590,17.020,17.446,0,0,0,0,0,0,0,0,0,0,0
4789,0.331,0.196,16.490,17.017,17.529,0,0,0,0,0,0,0,0,0,0,0
4790,0.155,0.178,16.619,16.953,17.326,0,0,0,0,0,0,0,0,0,0,0
4791,0.267,0.314,16.445,17.026,17.420,0,0,0,0,0,0,0,0,0,0,0
4792,0.287,0.175,16.565,17.028,17.441,0,0,0,0,0,0,0,0,0,0,0
4793,0.276,0.275,16.484,17.036,17.574,0,0,0,0,0,0,0,0,0,0,0
4794,0.296,0.241,16.497,17.035,17.413,0,0,0,0,0,0,0,0,0,0,0
4795,0.250,0.241,16.158,16.650,17.551,0,0,0,0,0,0,0,0,0,0,0
4796,0.233,0.193,16.607,17.032,17.056,0,0,0,0,0,0,0,0,0,0,0
4797,0.292,0.220,16.513,17.025,17.739,0,0,0,0,0,0,0,0,0,0,0
4798,0.193,0.137,16.563,16.893,17.394,0,0,0,0,0,0,0,0,0,0,0
4799,0.361,0.296,16.376,17.034,17.444,0,0,0,0,0,0,0,0,0,0,0
4800,0.189,0.217,15.856,16.263,17.421,0,0,0,0,0,0,0,0,0,0,0
4801,0.221,0.190,16.091,16.501,16.655,0,0,0,0,0,0,0,0,0,0,0
4802,0.255,0.221,16.556,17.031,17.055,0,0,0,0,0,0,0,0,0,0,0
4803,0.216,0.308,16.513,17.036,17.420,0,0,0,0,0,0,0,0,0,0,0
4804,0.244,0.180,16.599,17.023,17.646,0,0,0,0,0,0,0,0,0,0,0
4805,0.138,0.140,16.750,17.029,17.590,0,0,0,0,0,0,0,0,0,0,0
4806,0.300,0.230,16.503,17.033,17.592,0,0,0,0,0,0,0,0,0,0,0
4807,0.275,0.322,16.402,17.000,17.731,0,0,0,0,0,0,0,0,0,0,0
4808,0.246,0.168,16.609,17.024,17.385,0,0,0,0,0,0,0,0,0,0,0
4809,0.187,0.163,16.671,17.021,17.402,0,0,0,0,0,0,0,0,0,0,0
4810,0.216,0.302,16.525,17.043,17.531,0,0,0,0,0,0,0,0,0,0,0
4811,0.369,0.367,16.295,17.031,17.856,0,0,0,0,0,0,0,0,0,0,0
4812,0.237,0.206,16.591,17.033,17.478,0,0,0,0,0,0,0,0,0,0,0
4813,0.479,0.530,16.032,17.041,17.476,0,0,0,0,0,0,0,0,0,0,0
4814,0.272,0.261,16.519,17.052,17.636,0,0,0,0,0,0,0,0,0,0,0
4815,0.318,0.347,15.956,16.621,17.510,0,0,0,0,0,0,0,0,0,0,0
4816,0.350,0.279,16.395,17.024,17.285,0,0,0,0,0,0,0,0,0,0,0
4817,0.214,0.211,16.600,17.026,17.403,0,0,0,0,0,0,0,0,0,0,0
4818,0.271,0.222,16.171,16.664,17.456,0,0,0,0,0,0,0,0,0,0,0
4819,0.211,0.214,16.606,17.031,17.084,0,0,0,0,0,0,0,0,0,0,0
4820,0.297,0.262,15.964,16.523,17.463,0,0,0,0,0,0,0,0,0,0,0
4821,0.227,0.211,16.596,17.033,16.790,0,0,0,0,0,0,0,0,0,0,0
4822,0.245,0.200,16.592,17.037,17.453,0,0,0,0,0,0,0,0,0,0,0
4823,0.243,0.225,16.562,17.030,17.468,0,0,0,0,0,0,0,0,0,0,0
4824,0.226,0.267,15.648,16.142,17.712,0,0,0,0,0,0,0,0,0,0,0
4825,0.283,0.168,16.568,17.020,16.520,0,0,0,0,0,0,0,0,0,0,0
4826,0.216,0.194,16.612,17.022,17.427,0,0,0,0,0,0,0,0,0,0,0
4827,0.225,0.218,16.585,17.028,17.384,0,0,0,0,0,0,0,0,0,0,0
4828,0.321,0.234,16.475,17.030,17.735,0,0,0,0,0,0,0,0,0,0,0
4829,0.276,0.229,15.771,16.276,17.669,0,0,0,0,0,0,0,0,0,0,0
4830,0.350,0.239,15.623,16.212,17.028,0,0,0,0,0,0,0,0,0,0,0
4831,0.213,0.213,15.811,16.237,16.718,0,0,0,0,0,0,0,0,0,0,0
4832,0.250,0.243,16.538,17.030,16.714,0,0,0,0,0,0,0,0,0,0,0
4833,0.277,0.217,16.535,17.029,17.709,0,0,0,0,0,0,0,0,0,0,0
4834,0.266,0.302,16.458,17.027,17.479,0,0,0,0,0,0,0,0,0,0,0
4835,0.318,0.255,16.454,17.027,17.436,0,0,0,0,0,0,0,0,0,0,0
4836,0.235,0.210,16.580,17.024,17.385,0,0,0,0,0,0,0,0,0,0,0
4837,0.167,0.166,16.249,16.582,17.684,0,0,0,0,0,0,0,0,0,0,0
4838,0.257,0.156,16.610,17.023,17.022,0,0,0,0,0,0,0,0,0,0,0
4839,0.239,0.232,16.554,17.025,17.634,0,0,0,0,0,0,0,0,0,0,0
4840,0.151,0.141,16.736,17.027,17.600,0,0,0,0,0,0,0,0,0,0,0
4841,0.169,0.156,16.730,17.054,17.649,0,0,0,0,0,0,0,0,0,0,0
4842,0.179,0.141,16.702,17.023,17.631,0,0,0,0,0,0,0,0,0,0,0
4843,0.190,0.212,16.626,17.028,17.693,0,0,0,0,0,0,0,0,0,0,0
4844,0.363,0.302,15.419,16.084,17.722,0,0,0,0,0,0,0,0,0,0,0
4845,0.313,0.234,16.494,17.041,16.426,0,0,0,0,0,0,0,0,0,0,0
4846,0.372,0.329,16.323,17.025,17.686,0,0,0,0,0,0,0,0,0,0,0
4847,0.184,0.158,15.983,16.324,17.360,0,0,0,0,0,0,0,0,0,0,0
4848,0.268,0.225,16.547,17.040,16.944,0,0,0,0,0,0,0,0,0,0,0
4849,0.380,0.313,16.333,17.026,17.704,0,0,0,0,0,0,0,0,0,0,0
4850,0.217,0.184,16.629,17.030,17.621,0,0,0,0,0,0,0,0,0,0,0
4851,0.159,0.180,15.702,16.041,17.573,0,0,0,0,0,0,0,0,0,0,0
4852,0.200,0.193,16.637,17.030,16.640,0,0,0,0,0,0,0,0,0,0,0
4853,0.195,0.155,16.677,17.027,17.672,0,0,0,0,0,0,0,0,0,0,0
4854,0.210,0.257,16.560,17.027,17.622,0,0,0,0,0,0,0,0,0,0,0
4855,0.137,0.132,16.746,17.015,17.563,0,0,0,0,0,0,0,0,0,0,0
4856,0.102,0.116,15.879,16.097,17.278,0,0,0,0,0,0,0,0,0,0,0
4857,0.191,0.121,16.711,17.022,16.451,0,0,0,0,0,0,0,0,0,0,0
4858,0.198,0.157,16.672,17.027,17.366,0,0,0,0,0,0,0,0,0,0,0
4859,0.264,0.206,16.559,17.029,17.693,0,0,0,0,0,0,0,0,0,0,0
4860,0.273,0.218,15.952,16.443,17.673,0,0,0,0,0,0,0,0,0,0,0
4861,0.145,0.363,16.149,16.656,16.807,0,0,0,0,0,0,0,0,0,0,0
4862,0.228,0.231,16.034,16.492,17.119,0,0,0,0,0,0,0,0,0,0,0
4863,0.208,0.264,16.556,17.028,16.909,0,0,0,0,0,0,0,0,0,0,0
4864,0.474,0.533,15.601,16.608,17.408,0,0,0,0,0,0,0,0,0,0,0
4865,0.281,0.302,16.449,17.032,17.276,0,0,0,0,0,0,0,0,0,0,0
4866,0.350,0.218,15.733,16.301,17.768,0,0,0,0,0,0,0,0,0,0,0
4867,0.140,0.126,16.778,17.044,16.598,0,0,0,0,0,0,0,0,0,0,0
4868,0.524,0.296,16.204,17.024,17.480,0,0,0,0,0,0,0,0,0,0,0
4869,0.213,0.218,16.021,16.451,17.319,0,0,0,0,0,0,0,0,0,0,0
4870,0.238,0.200,16.606,17.044,16.913,0,0,0,0,0,0,0,0,0,0,0
4871,0.511,0.377,16.156,17.044,17.782,0,0,0,0,0,0,0,0,0,0,0
4872,0.295,0.247,16.492,17.035,17.670,0,0,0,0,0,0,0,0,0,0,0
4873,0.296,0.270,15.666,16.231,17.642,0,0,0,0,0,0,0,0,0,0,0
4874,0.253,0.194,16.570,17.017,16.618,0,0,0,0,0,0,0,0,0,0,0
4875,0.189,0.228,16.623,17.039,17.401,0,0,0,0,0,0,0,0,0,0,0
4876,0.443,0.267,16.322,17.033,17.774,0,0,0,0,0,0,0,0,0,0,0
4877,0.191,0.167,16.670,17.028,17.378,0,0,0,0,0,0,0,0,0,0,0
4878,0.350,0.233,16.441,17.023,17.451,0,0,0,0,0,0,0,0,0,0,0
4879,0.218,0.182,16.639,17.039,17.409,0,0,0,0,0,0,0,0,0,0,0
4880,0.358,0.232,16.444,17.035,17.766,0,0,0,0,0,0,0,0,0,0,0
4881,0.270,0.261,16.551,17.082,17.683,0,0,0,0,0,0,0,0,0,0,0
4882,0.285,0.146,16.601,17.032,17.462,0,0,0,0,0,0,0,0,0,0,0
4883,0.319,0.188,16.523,17.030,17.446,0,0,0,0,0,0,0,0,0,0,0
4884,0.287,0.231,16.502,17.020,17.766,0,0,0,0,0,0,0,0,0,0,0
4885,0.270,0.180,16.578,17.028,17.439,0,0,0,0,0,0,0,0,0,0,0
4886,0.263,0.362,16.412,17.036,17.737,0,0,0,0,0,0,0,0,0,0,0
4887,0.274,0.348,16.403,17.024,17.681,0,0,0,0,0,0,0,0,0,0,0
4888,0.257,0.223,16.553,17.033,17.421,0,0,0,0,0,0,0,0,0,0,0
4889,0.181,0.187,16.168,16.536,17.625,0,0,0,0,0,0,0,0,0,0,0
4890,0.205,0.130,16.684,17.020,16.835,0,0,0,0,0,0,0,0,0,0,0
4891,0.137,0.097,16.799,17.033,17.287,0,0,0,0,0,0,0,0,0,0,0
4892,0.234,0.204,16.583,17.022,17.638,0,0,0,0,0,0,0,0,0,0,0
4893,0.150,0.126,16.746,17.021,17.304,0,0,0,0,0,0,0,0,0,0,0
4894,0.222,0.132,15.768,16.122,17.386,0,0,0,0,0,0,0,0,0,0,0
4895,0.354,0.238,15.597,16.188,16.862,0,0,0,0,0,0,0,0,0,0,0
4896,0.218,0.201,16.615,17.034,16.644,0,0,0,0,0,0,0,0,0,0,0
4897,0.332,0.210,16.487,17.030,17.433,0,0,0,0,0,0,0,0,0,0,0
4898,0.192,0.172,16.660,17.025,17.679,0,0,0,0,0,0,0,0,0,0,0
4899,0.410,0.306,16.308,17.023,17.441,0,0,0,0,0,0,0,0,0,0,0
4900,0.175,0.144,16.708,17.027,17.404,0,0,0,0,0,0,0,0,0,0,0
4901,0.206,0.192,16.625,17.023,17.425,0,0,0,0,0,0,0,0,0,0,0
4902,0.249,0.202,16.583,17.034,17.472,0,0,0,0,0,0,0,0,0,0,0
4903,0.424,0.325,15.344,16.092,17.443,0,0,0,0,0,0,0,0,0,0,0
4904,0.292,0.208,16.491,16.991,16.554,0,0,0,0,0,0,0,0,0,0,0
4905,0.246,0.265,16.536,17.047,17.466,0,0,0,0,0,0,0,0,0,0,0
4906,0.316,0.205,16.529,17.050,17.779,0,0,0,0,0,0,0,0,0,0,0
4907,0.576,0.499,15.963,17.038,18.011,0,0,0,0,0,0,0,0,0,0,0
4908,0.353,0.346,16.341,17.040,17.900,0,0,0,0,0,0,0,0,0,0,0
4909,0.368,0.329,16.336,17.033,17.463,0,0,0,0,0,0,0,0,0,0,0
4910,0.355,0.263,16.410,17.027,17.888,0,0,0,0,0,0,0,0,0,0,0
4911,0.206,0.234,16.596,17.036,17.674,0,0,0,0,0,0,0,0,0,0,0
4912,0.198,0.210,16.094,16.503,17.672,0,0,0,0,0,0,0,0,0,0,0
4913,0.307,0.285,16.436,17.028,17.132,0,0,0,0,0,0,0,0,0,0,0
4914,0.295,0.266,16.469,17.030,17.498,0,0,0,0,0,0,0,0,0,0,0
4915,0.203,0.175,16.648,17.026,17.669,0,0,0,0,0,0,0,0,0,0,0
4916,0.204,0.104,16.716,17.024,17.449,0,0,0,0,0,0,0,0,0,0,0
4917,0.171,0.173,16.673,17.018,17.491,0,0,0,0,0,0,0,0,0,0,0
4918,0.172,0.151,16.390,16.712,17.297,0,0,0,0,0,0,0,0,0,0,0
4919,0.233,0.198,15.848,16.278,17.305,0,0,0,0,0,0,0,0,0,0,0
4920,0.159,0.144,16.720,17.023,16.601,0,0,0,0,0,0,0,0,0,0,0
4921,0.281,0.207,16.557,17.044,17.365,0,0,0,0,0,0,0,0,0,0,0
4922,0.248,0.268,16.508,17.024,17.710,0,0,0,0,0,0,0,0,0,0,0
4923,0.275,0.294,16.454,17.023,17.386,0,0,0,0,0,0,0,0,0,0,0
4924,0.189,0.175,16.656,17.020,17.411,0,0,0,0,0,0,0,0,0,0,0
4925,0.221,0.142,16.244,16.607,17.457,0,0,0,0,0,0,0,0,0,0,0
4926,0.507,0.300,16.223,17.030,17.390,0,0,0,0,0,0,0,0,0,0,0
4927,0.152,0.138,16.740,17.030,17.313,0,0,0,0,0,0,0,0,0,0,0
4928,0.348,0.294,16.389,17.031,17.362,0,0,0,0,0,0,0,0,0,0,0
4929,0.189,0.165,16.078,16.432,17.619,0,0,0,0,0,0,0,0,0,0,0
4930,0.205,0.199,16.627,17.031,17.054,0,0,0,0,0,0,0,0,0,0,0
4931,0.252,0.258,16.515,17.025,17.580,0,0,0,0,0,0,0,0,0,0,0
4932,0.206,0.186,16.643,17.035,17.434,0,0,0,0,0,0,0,0,0,0,0
4933,0.337,0.209,16.481,17.028,17.388,0,0,0,0,0,0,0,0,0,0,0
4934,0.285,0.216,16.525,17.026,17.413,0,0,0,0,0,0,0,0,0,0,0
4935,0.266,0.235,16.529,17.031,17.408,0,0,0,0,0,0,0,0,0,0,0
4936,0.278,0.239,15.987,16.505,17.445,0,0,0,0,0,0,0,0,0,0,0
4937,0.436,0.294,16.311,17.041,16.932,0,0,0,0,0,0,0,0,0,0,0
4938,0.304,0.276,16.452,17.032,17.814,0,0,0,0,0,0,0,0,0,0,0
4939,0.259,0.284,16.480,17.023,17.466,0,0,0,0,0,0,0,0,0,0,0
4940,0.323,0.285,16.435,17.043,17.411,0,0,0,0,0,0,0,0,0,0,0
4941,0.542,0.317,16.162,17.021,17.844,0,0,0,0,0,0,0,0,0,0,0
4942,0.221,0.161,16.500,16.882,17.333,0,0,0,0,0,0,0,0,0,0,0
4943,0.319,0.279,16.438,17.037,17.589,0,0,0,0,0,0,0,0,0,0,0
4944,0.097,0.101,16.824,17.022,17.619,0,0,0,0,0,0,0,0,0,0,0
4945,0.204,0.274,16.142,16.620,17.648,0,0,0,0,0,0,0,0,0,0,0
4946,0.217,0.259,15.620,16.096,17.053,0,0,0,0,0,0,0,0,0,0,0
4947,0.231,0.208,16.583,17.022,16.701,0,0,0,0,0,0,0,0,0,0,0
4948,0.255,0.183,16.586,17.024,17.364,0,0,0,0,0,0,0,0,0,0,0
4949,0.429,0.342,16.256,17.027,17.435,0,0,0,0,0,0,0,0,0,0,0
4950,0.248,0.435,16.344,17.027,17.417,0,0,0,0,0,0,0,0,0,0,0
4951,0.240,0.183,16.603,17.026,17.695,0,0,0,0,0,0,0,0,0,0,0
4952,0.293,0.171,16.555,17.020,17.389,0,0,0,0,0,0,0,0,0,0,0
4953,0.287,0.200,16.550,17.036,17.410,0,0,0,0,0,0,0,0,0,0,0
4954,0.278,0.489,16.268,17.036,17.556,0,0,0,0,0,0,0,0,0,0,0
4955,0.195,0.165,16.670,17.031,17.437,0,0,0,0,0,0,0,0,0,0,0
4956,0.388,0.285,16.356,17.028,17.459,0,0,0,0,0,0,0,0,0,0,0
4957,0.280,0.200,15.660,16.140,17.680,0,0,0,0,0,0,0,0,0,0,0
4958,0.177,0.213,16.647,17.036,16.507,0,0,0,0,0,0,0,0,0,0,0
4959,0.400,0.263,16.384,17.047,17.482,0,0,0,0,0,0,0,0,0,0,0
4960,0.589,0.450,15.987,17.026,17.850,0,0,0,0,0,0,0,0,0,0,0
4961,0.255,0.147,16.623,17.026,17.420,0,0,0,0,0,0,0,0,0,0,0
4962,0.197,0.180,16.647,17.024,17.388,0,0,0,0,0,0,0,0,0,0,0
4963,0.245,0.207,16.583,17.035,17.569,0,0,0,0,0,0,0,0,0,0,0
4964,0.411,0.273,16.337,17.021,17.434,0,0,0,0,0,0,0,0,0,0,0
4965,0.200,0.157,15.803,16.161,17.354,0,0,0,0,0,0,0,0,0,0,0
4966,0.288,0.288,16.460,17.036,16.738,0,0,0,0,0,0,0,0,0,0,0
4967,0.334,0.274,16.426,17.034,17.846,0,0,0,0,0,0,0,0,0,0,0
4968,0.194,0.170,16.675,17.039,17.727,0,0,0,0,0,0,0,0,0,0,0
4969,0.223,0.170,16.631,17.025,17.678,0,0,0,0,0,0,0,0,0,0,0
4970,0.173,0.201,16.650,17.023,17.474,0,0,0,0,0,0,0,0,0,0,0
4971,0.334,0.276,16.410,17.020,17.438,0,0,0,0,0,0,0,0,0,0,0
4972,0.363,0.256,16.407,17.026,17.434,0,0,0,0,0,0,0,0,0,0,0
4973,0.248,0.181,16.598,17.026,17.443,0,0,0,0,0,0,0,0,0,0,0
4974,0.305,0.231,15.918,16.454,17.740,0,0,0,0,0,0,0,0,0,0,0
4975,0.277,0.220,16.530,17.026,17.154,0,0,0,0,0,0,0,0,0,0,0
4976,0.285,0.211,16.536,17.031,17.534,0,0,0,0,0,0,0,0,0,0,0
4977,0.174,0.145,16.705,17.025,17.427,0,0,0,0,0,0,0,0,0,0,0
4978,0.235,0.172,16.621,17.028,17.518,0,0,0,0,0,0,0,0,0,0,0
4979,0.373,0.211,16.440,17.023,17.455,0,0,0,0,0,0,0,0,0,0,0
4980,0.270,0.137,16.613,17.020,17.421,0,0,0,0,0,0,0,0,0,0,0
4981,0.211,0.190,16.400,16.802,17.392,0,0,0,0,0,0,0,0,0,0,0
4982,0.332,0.366,16.337,17.036,17.510,0,0,0,0,0,0,0,0,0,0,0
4983,0.428,0.286,16.315,17.029,17.442,0,0,0,0,0,0,0,0,0,0,0
4984,0.246,0.199,16.590,17.034,17.486,0,0,0,0,0,0,0,0,0,0,0
4985,0.249,0.295,16.489,17.034,17.449,0,0,0,0,0,0,0,0,0,0,0
4986,0.302,0.226,16.492,17.021,17.756,0,0,0,0,0,0,0,0,0,0,0
4987,0.168,0.188,16.665,17.021,17.391,0,0,0,0,0,0,0,0,0,0,0
4988,0.387,0.294,16.352,17.033,17.492,0,0,0,0,0,0,0,0,0,0,0
4989,0.252,0.203,16.567,17.023,17.432,0,0,0,0,0,0,0,0,0,0,0
4990,0.212,0.249,16.570,17.031,17.460,0,0,0,0,0,0,0,0,0,0,0
4991,0.328,0.202,16.514,17.043,17.487,0,0,0,0,0,0,0,0,0,0,0
4992,0.246,0.274,16.514,17.033,17.473,0,0,0,0,0,0,0,0,0,0,0
4993,0.373,0.282,16.372,17.026,17.602,0,0,0,0,0,0,0,0,0,0,0
4994,0.401,0.285,16.351,17.036,17.474,0,0,0,0,0,0,0,0,0,0,0
4995,0.436,0.265,16.359,17.060,17.675,0,0,0,0,0,0,0,0,0,0,0
4996,0.309,0.230,16.076,16.614,17.825,0,0,0,0,0,0,0,0,0,0,0
4997,0.182,0.172,16.678,17.032,17.116,0,0,0,0,0,0,0,0,0,0,0
4998,0.317,0.267,16.449,17.033,17.729,0,0,0,0,0,0,0,0,0,0,0
4999,0.280,0.227,16.533,17.040,17.405,0,0,0,0,0,0,0,0,0,0,0
5000,0.229,0.118,16.693,17.039,17.337,0,0,0,0,0,0,0,0,0,0,0
5001,0.297,0.271,16.467,17.034,17.480,0,0,0,0,0,0,0,0,0,0,0
5002,0.490,0.344,15.479,16.313,17.493,0,0,0,0,0,0,0,0,0,0,0
5003,0.275,0.320,16.437,17.032,16.732,0,0,0,0,0,0,0,0,0,0,0
5004,0.335,0.208,16.480,17.023,17.744,0,0,0,0,0,0,0,0,0,0,0
5005,0.182,0.139,16.703,17.024,17.579,0,0,0,0,0,0,0,0,0,0,0
5006,0.228,0.238,16.560,17.026,17.707,0,0,0,0,0,0,0,0,0,0,0
5007,0.261,0.200,16.563,17.023,17.694,0,0,0,0,0,0,0,0,0,0,0
5008,0.162,0.145,16.715,17.023,17.588,0,0,0,0,0,0,0,0,0,0,0
5009,0.252,0.201,16.582,17.035,17.391,0,0,0,0,0,0,0,0,0,0,0
5010,0.353,0.242,16.437,17.031,17.666,0,0,0,0,0,0,0,0,0,0,0
5011,0.223,0.140,16.660,17.023,17.379,0,0,0,0,0,0,0,0,0,0,0
5012,0.149,0.128,16.636,16.913,17.331,0,0,0,0,0,0,0,0,0,0,0
5013,0.166,0.121,16.747,17.034,17.284,0,0,0,0,0,0,0,0,0,0,0
5014,0.323,0.332,16.370,17.024,17.761,0,0,0,0,0,0,0,0,0,0,0
5015,0.134,0.139,16.756,17.029,17.329,0,0,0,0,0,0,0,0,0,0,0
5016,0.202,0.169,16.685,17.056,17.414,0,0,0,0,0,0,0,0,0,0,0
5017,0.401,0.273,16.352,17.026,17.514,0,0,0,0,0,0,0,0,0,0,0
5018,0.278,0.298,16.253,16.829,17.441,0,0,0,0,0,0,0,0,0,0,0
5019,0.397,0.362,16.268,17.026,17.246,0,0,0,0,0,0,0,0,0,0,0
5020,0.158,0.142,16.275,16.576,17.371,0,0,0,0,0,0,0,0,0,0,0
5021,0.551,0.341,16.143,17.035,16.996,0,0,0,0,0,0,0,0,0,0,0
5022,0.275,0.209,16.542,17.026,17.644,0,0,0,0,0,0,0,0,0,0,0
5023,0.266,0.233,16.532,17.031,17.474,0,0,0,0,0,0,0,0,0,0,0
5024,0.410,0.425,16.228,17.062,17.757,0,0,0,0,0,0,0,0,0,0,0
5025,0.366,1.334,15.325,17.025,17.764,0,0,0,0,0,0,0,0,0,0,0
5026,0.241,0.157,16.479,16.877,17.302,0,0,0,0,0,0,0,0,0,0,0
5027,0.255,0.210,16.589,17.053,17.343,0,0,0,0,0,0,0,0,0,0,0
5028,0.273,0.248,16.517,17.038,17.787,0,0,0,0,0,0,0,0,0,0,0
5029,0.569,0.281,16.178,17.028,17.937,0,0,0,0,0,0,0,0,0,0,0
5030,0.270,0.294,16.460,17.024,17.427,0,0,0,0,0,0,0,0,0,0,0
5031,0.403,0.547,16.076,17.026,17.580,0,0,0,0,0,0,0,0,0,0,0
5032,0.197,0.183,16.638,17.018,17.457,0,0,0,0,0,0,0,0,0,0,0
5033,0.311,0.375,16.345,17.031,17.400,0,0,0,0,0,0,0,0,0,0,0
5034,0.378,0.260,16.393,17.030,17.496,0,0,0,0,0,0,0,0,0,0,0
5035,0.145,0.347,16.541,17.033,17.398,0,0,0,0,0,0,0,0,0,0,0
5036,0.429,0.230,16.374,17.033,17.482,0,0,0,0,0,0,0,0,0,0,0
5037,0.328,0.234,16.470,17.032,17.498,0,0,0,0,0,0,0,0,0,0,0
5038,0.281,0.205,16.538,17.024,17.472,0,0,0,0,0,0,0,0,0,0,0
5039,0.227,0.162,15.879,16.268,17.430,0,0,0,0,0,0,0,0,0,0,0
5040,0.409,0.307,16.305,17.022,16.680,0,0,0,0,0,0,0,0,0,0,0
5041,0.245,0.175,16.603,17.023,17.347,0,0,0,0,0,0,0,0,0,0,0
5042,0.234,0.241,16.567,17.041,17.459,0,0,0,0,0,0,0,0,0,0,0
5043,0.410,0.300,16.326,17.035,17.472,0,0,0,0,0,0,0,0,0,0,0
5044,0.328,0.201,16.501,17.031,17.701,0,0,0,0,0,0,0,0,0,0,0
5045,0.224,0.234,16.571,17.029,17.452,0,0,0,0,0,0,0,0,0,0,0
5046,0.286,0.241,15.536,16.063,17.328,0,0,0,0,0,0,0,0,0,0,0
5047,0.239,0.219,16.573,17.031,16.630,0,0,0,0,0,0,0,0,0,0,0
5048,0.406,0.276,16.352,17.035,17.605,0,0,0,0,0,0,0,0,0,0,0
5049,0.457,0.311,16.140,16.907,17.651,0,0,0,0,0,0,0,0,0,0,0
5050,0.240,0.306,16.480,17.026,17.423,0,0,0,0,0,0,0,0,0,0,0
5051,0.268,0.229,16.539,17.035,17.447,0,0,0,0,0,0,0,0,0,0,0
5052,0.516,0.295,15.492,16.302,17.757,0,0,0,0,0,0,0,0,0,0,0
5053,0.215,0.187,16.619,17.022,16.693,0,0,0,0,0,0,0,0,0,0,0
5054,0.227,0.262,16.551,17.040,17.522,0,0,0,0,0,0,0,0,0,0,0
5055,0.657,0.329,15.360,16.346,17.800,0,0,0,0,0,0,0,0,0,0,0
5056,0.230,0.198,16.601,17.029,16.760,0,0,0,0,0,0,0,0,0,0,0
5057,0.305,0.286,16.438,17.029,17.463,0,0,0,0,0,0,0,0,0,0,0
5058,0.224,0.216,16.579,17.020,17.542,0,0,0,0,0,0,0,0,0,0,0
5059,0.328,0.173,16.527,17.028,17.417,0,0,0,0,0,0,0,0,0,0,0
5060,0.376,0.242,16.123,16.741,17.857,0,0,0,0,0,0,0,0,0,0,0
5061,0.270,0.192,16.567,17.030,17.200,0,0,0,0,0,0,0,0,0,0,0
5062,0.541,0.282,16.213,17.036,17.771,0,0,0,0,0,0,0,0,0,0,0
5063,0.251,0.223,16.552,17.027,17.527,0,0,0,0,0,0,0,0,0,0,0
5064,0.306,0.228,16.497,17.032,17.368,0,0,0,0,0,0,0,0,0,0,0
5065,0.333,0.269,16.428,17.029,17.707,0,0,0,0,0,0,0,0,0,0,0
5066,0.189,0.178,16.674,17.041,17.635,0,0,0,0,0,0,0,0,0,0,0
5067,0.472,0.372,15.243,16.088,17.789,0,0,0,0,0,0,0,0,0,0,0
5068,0.203,0.149,16.674,17.026,16.442,0,0,0,0,0,0,0,0,0,0,0
5069,0.253,0.191,16.590,17.035,17.458,0,0,0,0,0,0,0,0,0,0,0
5070,0.263,0.200,16.568,17.031,17.728,0,0,0,0,0,0,0,0,0,0,0
5071,0.468,0.330,16.228,17.025,17.453,0,0,0,0,0,0,0,0,0,0,0
5072,0.231,0.237,16.558,17.026,17.417,0,0,0,0,0,0,0,0,0,0,0
5073,0.246,0.164,16.450,16.860,17.558,0,0,0,0,0,0,0,0,0,0,0
5074,0.283,0.137,15.631,16.050,17.546,0,0,0,0,0,0,0,0,0,0,0
5075,0.267,0.205,16.555,17.028,16.434,0,0,0,0,0,0,0,0,0,0,0
5076,0.270,0.215,16.536,17.020,17.438,0,0,0,0,0,0,0,0,0,0,0
5077,0.261,0.176,16.580,17.017,17.593,0,0,0,0,0,0,0,0,0,0,0
5078,0.155,0.229,16.645,17.029,17.303,0,0,0,0,0,0,0,0,0,0,0
5079,0.203,0.160,16.655,17.019,17.626,0,0,0,0,0,0,0,0,0,0,0
5080,0.192,0.215,15.937,16.343,17.420,0,0,0,0,0,0,0,0,0,0,0
5081,0.241,0.160,16.626,17.027,16.744,0,0,0,0,0,0,0,0,0,0,0
5082,0.419,0.260,16.343,17.022,17.429,0,0,0,0,0,0,0,0,0,0,0
5083,0.262,0.195,16.571,17.029,17.411,0,0,0,0,0,0,0,0,0,0,0
5084,0.308,0.247,15.803,16.359,17.465,0,0,0,0,0,0,0,0,0,0,0
5085,0.210,0.180,16.645,17.035,16.826,0,0,0,0,0,0,0,0,0,0,0
5086,0.588,0.457,15.985,17.031,17.539,0,0,0,0,0,0,0,0,0,0,0
5087,0.214,0.160,16.648,17.022,17.331,0,0,0,0,0,0,0,0,0,0,0
5088,0.294,0.336,16.410,17.040,17.440,0,0,0,0,0,0,0,0,0,0,0
5089,0.289,0.224,16.514,17.027,17.684,0,0,0,0,0,0,0,0,0,0,0
5090,0.218,0.501,16.308,17.028,17.674,0,0,0,0,0,0,0,0,0,0,0
5091,0.162,0.179,16.693,17.034,17.581,0,0,0,0,0,0,0,0,0,0,0
5092,0.322,0.257,16.446,17.025,17.676,0,0,0,0,0,0,0,0,0,0,0
5093,0.242,0.167,16.475,16.884,17.728,0,0,0,0,0,0,0,0,0,0,0
5094,0.156,0.133,16.732,17.021,17.235,0,0,0,0,0,0,0,0,0,0,0
5095,0.259,0.252,15.665,16.176,17.472,0,0,0,0,0,0,0,0,0,0,0
5096,0.273,0.220,16.303,16.796,16.642,0,0,0,0,0,0,0,0,0,0,0
5097,0.276,0.227,16.536,17.040,17.366,0,0,0,0,0,0,0,0,0,0,0
5098,0.403,0.293,16.334,17.029,17.873,0,0,0,0,0,0,0,0,0,0,0
5099,0.220,0.241,16.560,17.020,17.423,0,0,0,0,0,0,0,0,0,0,0
5100,0.254,0.167,16.606,17.027,17.425,0,0,0,0,0,0,0,0,0,0,0
5101,0.189,0.170,15.785,16.143,17.422,0,0,0,0,0,0,0,0,0,0,0
5102,0.443,0.436,16.156,17.034,16.849,0,0,0,0,0,0,0,0,0,0,0
5103,0.302,0.291,16.427,17.020,17.484,0,0,0,0,0,0,0,0,0,0,0
5104,0.232,0.235,16.553,17.019,17.431,0,0,0,0,0,0,0,0,0,0,0
5105,0.434,0.356,16.237,17.027,17.359,0,0,0,0,0,0,0,0,0,0,0
5106,0.265,0.218,16.545,17.028,17.377,0,0,0,0,0,0,0,0,0,0,0
5107,0.271,0.238,16.518,17.027,17.441,0,0,0,0,0,0,0,0,0,0,0
5108,0.412,0.312,16.306,17.031,17.694,0,0,0,0,0,0,0,0,0,0,0
5109,0.203,0.193,16.626,17.023,17.679,0,0,0,0,0,0,0,0,0,0,0
5110,0.188,0.354,16.480,17.022,17.612,0,0,0,0,0,0,0,0,0,0,0
5111,0.219,0.201,16.608,17.028,17.392,0,0,0,0,0,0,0,0,0,0,0
5112,0.212,0.153,15.892,16.258,17.397,0,0,0,0,0,0,0,0,0,0,0
5113,0.372,0.243,16.413,17.028,16.930,0,0,0,0,0,0,0,0,0,0,0
5114,0.274,0.234,16.515,17.023,17.438,0,0,0,0,0,0,0,0,0,0,0
5115,0.250,0.190,16.599,17.039,17.406,0,0,0,0,0,0,0,0,0,0,0
5116,0.257,0.246,16.527,17.029,17.702,0,0,0,0,0,0,0,0,0,0,0
5117,0.350,0.263,16.409,17.023,17.456,0,0,0,0,0,0,0,0,0,0,0
5118,0.253,0.421,16.360,17.035,17.575,0,0,0,0,0,0,0,0,0,0,0
5119,0.291,0.231,16.503,17.024,17.477,0,0,0,0,0,0,0,0,0,0,0
5120,0.400,0.351,16.279,17.030,17.460,0,0,0,0,0,0,0,0,0,0,0
5121,0.308,0.161,16.555,17.024,17.469,0,0,0,0,0,0,0,0,0,0,0
5122,0.180,0.118,16.728,17.026,17.330,0,0,0,0,0,0,0,0,0,0,0
5123,0.191,0.156,16.671,17.019,17.640,0,0,0,0,0,0,0,0,0,0,0
5124,0.161,0.100,16.762,17.023,17.351,0,0,0,0,0,0,0,0,0,0,0
5125,0.236,0.385,16.400,17.021,17.635,0,0,0,0,0,0,0,0,0,0,0
5126,0.255,0.194,16.156,16.604,17.334,0,0,0,0,0,0,0,0,0,0,0
5127,0.238,0.211,16.584,17.033,16.967,0,0,0,0,0,0,0,0,0,0,0
5128,0.270,0.234,16.521,17.025,17.471,0,0,0,0,0,0,0,0,0,0,0
5129,0.242,0.229,16.550,17.022,17.364,0,0,0,0,0,0,0,0,0,0,0
5130,0.191,0.158,16.674,17.023,17.365,0,0,0,0,0,0,0,0,0,0,0
5131,0.229,0.271,16.538,17.037,17.357,0,0,0,0,0,0,0,0,0,0,0
5132,0.407,0.304,16.313,17.024,17.842,0,0,0,0,0,0,0,0,0,0,0
5133,0.149,0.141,16.731,17.020,17.340,0,0,0,0,0,0,0,0,0,0,0
5134,0.206,0.152,16.666,17.023,17.387,0,0,0,0,0,0,0,0,0,0,0
5135,0.288,0.285,16.440,17.013,17.736,0,0,0,0,0,0,0,0,0,0,0
5136,0.289,0.294,16.014,16.597,17.717,0,0,0,0,0,0,0,0,0,0,0
5137,0.200,0.171,16.646,17.017,16.951,0,0,0,0,0,0,0,0,0,0,0
5138,0.202,0.195,16.629,17.026,17.374,0,0,0,0,0,0,0,0,0,0,0
5139,0.239,0.187,16.606,17.032,17.650,0,0,0,0,0,0,0,0,0,0,0
5140,0.193,0.141,16.701,17.035,17.669,0,0,0,0,0,0,0,0,0,0,0
5141,0.138,0.125,16.756,17.019,17.668,0,0,0,0,0,0,0,0,0,0,0
5142,0.164,0.210,16.650,17.024,17.597,0,0,0,0,0,0,0,0,0,0,0
5143,0.151,0.140,16.728,17.019,17.613,0,0,0,0,0,0,0,0,0,0,0
5144,0.161,0.135,16.727,17.023,17.572,0,0,0,0,0,0,0,0,0,0,0
5145,0.280,0.208,16.555,17.044,17.438,0,0,0,0,0,0,0,0,0,0,0
5146,0.330,0.567,16.128,17.025,17.782,0,0,0,0,0,0,0,0,0,0,0
5147,0.185,0.381,15.865,16.431,17.539,0,0,0,0,0,0,0,0,0,0,0
5148,0.249,0.182,16.593,17.024,16.857,0,0,0,0,0,0,0,0,0,0,0
5149,0.187,0.174,16.671,17.033,17.645,0,0,0,0,0,0,0,0,0,0,0
5150,0.259,0.248,16.524,17.030,17.507,0,0,0,0,0,0,0,0,0,0,0
5151,0.337,0.213,16.233,16.782,17.744,0,0,0,0,0,0,0,0,0,0,0
5152,0.186,0.213,16.240,16.639,17.225,0,0,0,0,0,0,0,0,0,0,0
5153,0.402,0.230,16.389,17.020,17.453,0,0,0,0,0,0,0,0,0,0,0
5154,0.323,0.206,16.498,17.027,17.469,0,0,0,0,0,0,0,0,0,0,0
5155,0.237,0.155,16.137,16.530,17.542,0,0,0,0,0,0,0,0,0,0,0
5156,0.273,0.295,16.463,17.031,17.205,0,0,0,0,0,0,0,0,0,0,0
5157,0.212,0.193,15.697,16.102,17.715,0,0,0,0,0,0,0,0,0,0,0
5158,0.269,0.242,15.914,16.425,16.587,0,0,0,0,0,0,0,0,0,0,0
5159,0.171,0.208,16.648,17.026,16.888,0,0,0,0,0,0,0,0,0,0,0
5160,0.296,0.275,15.986,16.557,17.537,0,0,0,0,0,0,0,0,0,0,0
5161,0.282,0.184,16.564,17.031,17.045,0,0,0,0,0,0,0,0,0,0,0
5162,0.205,0.186,16.652,17.043,17.473,0,0,0,0,0,0,0,0,0,0,0
5163,0.276,0.278,16.469,17.023,17.461,0,0,0,0,0,0,0,0,0,0,0
5164,0.183,0.156,15.984,16.322,17.375,0,0,0,0,0,0,0,0,0,0,0
5165,0.386,0.195,16.446,17.027,16.762,0,0,0,0,0,0,0,0,0,0,0
5166,0.215,0.184,16.631,17.030,17.415,0,0,0,0,0,0,0,0,0,0,0
5167,0.282,0.165,16.570,17.017,17.543,0,0,0,0,0,0,0,0,0,0,0
5168,0.207,0.195,16.625,17.028,17.499,0,0,0,0,0,0,0,0,0,0,0
5169,0.390,0.265,16.382,17.036,17.731,0,0,0,0,0,0,0,0,0,0,0
5170,0.300,0.258,15.533,16.091,17.916,0,0,0,0,0,0,0,0,0,0,0
5171,0.194,0.188,16.638,17.019,16.404,0,0,0,0,0,0,0,0,0,0,0
5172,0.243,0.229,16.559,17.031,17.462,0,0,0,0,0,0,0,0,0,0,0
5173,0.230,0.206,16.594,17.031,17.652,0,0,0,0,0,0,0,0,0,0,0
5174,0.253,0.289,16.503,17.045,17.486,0,0,0,0,0,0,0,0,0,0,0
5175,0.383,0.344,15.353,16.080,17.852,0,0,0,0,0,0,0,0,0,0,0
5176,0.139,0.172,16.709,17.020,16.454,0,0,0,0,0,0,0,0,0,0,0
5177,0.298,0.199,16.524,17.022,17.523,0,0,0,0,0,0,0,0,0,0,0
5178,0.145,0.131,16.747,17.024,17.331,0,0,0,0,0,0,0,0,0,0,0
5179,0.236,0.160,16.636,17.032,17.455,0,0,0,0,0,0,0,0,0,0,0
5180,0.295,0.212,16.523,17.031,17.762,0,0,0,0,0,0,0,0,0,0,0
5181,0.245,0.174,16.603,17.023,17.457,0,0,0,0,0,0,0,0,0,0,0
5182,0.264,0.220,16.545,17.030,17.293,0,0,0,0,0,0,0,0,0,0,0
5183,0.244,0.264,16.522,17.029,17.674,0,0,0,0,0,0,0,0,0,0,0
5184,0.255,0.249,16.513,17.017,17.450,0,0,0,0,0,0,0,0,0,0,0
5185,0.168,0.174,16.170,16.513,17.362,0,0,0,0,0,0,0,0,0,0,0
5186,0.218,0.248,16.573,17.038,17.089,0,0,0,0,0,0,0,0,0,0,0
5187,0.355,0.254,16.430,17.039,17.761,0,0,0,0,0,0,0,0,0,0,0
5188,0.185,0.149,16.727,17.061,17.703,0,0,0,0,0,0,0,0,0,0,0
5189,0.353,0.231,16.437,17.021,17.820,0,0,0,0,0,0,0,0,0,0,0
5190,0.189,0.197,16.651,17.037,17.449,0,0,0,0,0,0,0,0,0,0,0
5191,0.238,0.216,16.584,17.038,17.456,0,0,0,0,0,0,0,0,0,0,0
5192,0.293,0.338,16.404,17.035,17.364,0,0,0,0,0,0,0,0,0,0,0
5193,0.247,0.207,16.571,17.025,17.532,0,0,0,0,0,0,0,0,0,0,0
5194,0.272,0.212,16.539,17.023,17.379,0,0,0,0,0,0,0,0,0,0,0
5195,0.166,0.178,16.674,17.018,17.531,0,0,0,0,0,0,0,0,0,0,0
5196,0.205,0.176,16.642,17.022,17.504,0,0,0,0,0,0,0,0,0,0,0
5197,0.248,0.215,16.564,17.026,17.580,0,0,0,0,0,0,0,0,0,0,0
5198,0.223,0.214,16.588,17.025,17.519,0,0,0,0,0,0,0,0,0,0,0
5199,0.251,0.205,16.577,17.034,17.467,0,0,0,0,0,0,0,0,0,0,0
5200,0.265,0.268,16.499,17.032,17.686,0,0,0,0,0,0,0,0,0,0,0
5201,0.306,0.293,16.088,16.688,17.728,0,0,0,0,0,0,0,0,0,0,0
5202,0.224,0.500,16.299,17.022,17.227,0,0,0,0,0,0,0,0,0,0,0
5203,0.293,0.194,16.535,17.021,17.485,0,0,0,0,0,0,0,0,0,0,0
5204,0.214,0.217,16.597,17.028,17.464,0,0,0,0,0,0,0,0,0,0,0
5205,0.213,0.144,16.669,17.026,17.478,0,0,0,0,0,0,0,0,0,0,0
5206,0.220,0.285,16.519,17.024,17.461,0,0,0,0,0,0,0,0,0,0,0
5207,0.296,0.233,16.501,17.030,17.742,0,0,0,0,0,0,0,0,0,0,0
5208,0.229,0.197,15.871,16.296,17.463,0,0,0,0,0,0,0,0,0,0,0
5209,0.182,0.225,16.627,17.035,16.716,0,0,0,0,0,0,0,0,0,0,0
5210,0.257,0.271,16.500,17.028,17.482,0,0,0,0,0,0,0,0,0,0,0
5211,0.311,0.262,16.370,16.943,17.777,0,0,0,0,0,0,0,0,0,0,0
5212,0.302,0.245,16.479,17.026,17.367,0,0,0,0,0,0,0,0,0,0,0
5213,0.234,0.194,16.592,17.020,17.404,0,0,0,0,0,0,0,0,0,0,0
5214,0.146,0.199,16.556,16.900,17.350,0,0,0,0,0,0,0,0,0,0,0
5215,0.238,0.150,16.630,17.018,17.281,0,0,0,0,0,0,0,0,0,0,0
5216,0.232,0.246,16.549,17.027,17.431,0,0,0,0,0,0,0,0,0,0,0
5217,0.314,0.287,16.425,17.026,17.500,0,0,0,0,0,0,0,0,0,0,0
5218,0.301,0.247,16.487,17.034,17.488,0,0,0,0,0,0,0,0,0,0,0
5219,0.257,0.182,16.586,17.025,17.678,0,0,0,0,0,0,0,0,0,0,0
5220,0.261,0.230,16.537,17.028,17.485,0,0,0,0,0,0,0,0,0,0,0
5221,0.277,0.373,16.375,17.024,17.724,0,0,0,0,0,0,0,0,0,0,0
5222,0.218,0.176,16.626,17.020,17.485,0,0,0,0,0,0,0,0,0,0,0
5223,0.310,0.298,16.413,17.021,17.353,0,0,0,0,0,0,0,0,0,0,0
5224,0.254,0.213,16.561,17.028,17.413,0,0,0,0,0,0,0,0,0,0,0
5225,0.265,0.194,16.575,17.034,17.434,0,0,0,0,0,0,0,0,0,0,0
5226,0.182,0.250,15.826,16.258,17.723,0,0,0,0,0,0,0,0,0,0,0
5227,0.382,0.341,15.773,16.496,17.038,0,0,0,0,0,0,0,0,0,0,0
5228,0.175,0.227,16.624,17.026,16.908,0,0,0,0,0,0,0,0,0,0,0
5229,0.277,0.163,15.601,16.041,17.541,0,0,0,0,0,0,0,0,0,0,0
5230,0.297,0.261,16.464,17.022,16.511,0,0,0,0,0,0,0,0,0,0,0
5231,0.146,0.144,16.731,17.021,17.384,0,0,0,0,0,0,0,0,0,0,0
5232,0.334,0.231,16.460,17.025,17.462,0,0,0,0,0,0,0,0,0,0,0
5233,0.269,0.450,16.311,17.029,17.695,0,0,0,0,0,0,0,0,0,0,0
5234,0.203,0.164,16.660,17.028,17.450,0,0,0,0,0,0,0,0,0,0,0
5235,0.257,0.213,16.440,16.909,17.716,0,0,0,0,0,0,0,0,0,0,0
5236,0.289,0.211,16.533,17.033,17.365,0,0,0,0,0,0,0,0,0,0,0
5237,0.446,0.314,16.264,17.024,17.849,0,0,0,0,0,0,0,0,0,0,0
5238,0.217,0.189,16.621,17.027,17.364,0,0,0,0,0,0,0,0,0,0,0
5239,0.463,0.320,16.249,17.031,17.464,0,0,0,0,0,0,0,0,0,0,0
5240,0.151,0.119,16.755,17.025,17.318,0,0,0,0,0,0,0,0,0,0,0
5241,0.194,0.189,16.518,16.901,17.393,0,0,0,0,0,0,0,0,0,0,0
5242,0.331,0.272,16.427,17.030,17.606,0,0,0,0,0,0,0,0,0,0,0
5243,0.227,0.218,16.593,17.038,17.403,0,0,0,0,0,0,0,0,0,0,0
5244,0.441,0.335,16.262,17.038,17.920,0,0,0,0,0,0,0,0,0,0,0
5245,0.221,0.282,16.283,16.787,17.486,0,0,0,0,0,0,0,0,0,0,0
5246,0.146,0.207,15.764,16.117,17.206,0,0,0,0,0,0,0,0,0,0,0
5247,0.210,0.185,16.641,17.037,16.682,0,0,0,0,0,0,0,0,0,0,0
5248,0.268,0.285,16.475,17.028,17.646,0,0,0,0,0,0,0,0,0,0,0
5249,0.270,0.196,15.856,16.323,17.504,0,0,0,0,0,0,0,0,0,0,0
5250,0.209,0.178,16.505,16.891,16.741,0,0,0,0,0,0,0,0,0,0,0
5251,0.283,0.209,16.534,17.025,17.369,0,0,0,0,0,0,0,0,0,0,0
5252,0.269,0.234,16.532,17.036,17.695,0,0,0,0,0,0,0,0,0,0,0
5253,0.274,0.219,16.530,17.023,17.506,0,0,0,0,0,0,0,0,0,0,0
5254,0.226,0.166,16.631,17.023,17.402,0,0,0,0,0,0,0,0,0,0,0
5255,0.209,0.189,16.641,17.039,17.376,0,0,0,0,0,0,0,0,0,0,0
5256,0.209,0.173,16.637,17.019,17.644,0,0,0,0,0,0,0,0,0,0,0
5257,0.178,0.208,16.634,17.020,17.418,0,0,0,0,0,0,0,0,0,0,0
5258,0.154,0.122,16.740,17.016,17.391,0,0,0,0,0,0,0,0,0,0,0
5259,0.137,0.186,16.692,17.015,17.324,0,0,0,0,0,0,0,0,0,0,0
5260,0.170,0.135,16.722,17.028,17.358,0,0,0,0,0,0,0,0,0,0,0
5261,0.343,0.295,16.382,17.020,17.637,0,0,0,0,0,0,0,0,0,0,0
5262,0.198,0.220,16.607,17.024,17.411,0,0,0,0,0,0,0,0,0,0,0
5263,0.275,0.252,16.501,17.029,17.444,0,0,0,0,0,0,0,0,0,0,0
5264,0.197,0.165,16.660,17.022,17.624,0,0,0,0,0,0,0,0,0,0,0
5265,0.270,0.188,16.566,17.023,17.456,0,0,0,0,0,0,0,0,0,0,0
5266,0.193,0.233,15.823,16.250,17.633,0,0,0,0,0,0,0,0,0,0,0
5267,0.267,0.204,16.554,17.025,16.958,0,0,0,0,0,0,0,0,0,0,0
5268,0.161,0.131,15.746,16.037,17.361,0,0,0,0,0,0,0,0,0,0,0
5269,0.202,0.234,16.584,17.020,16.645,0,0,0,0,0,0,0,0,0,0,0
5270,0.173,0.166,16.013,16.352,17.357,0,0,0,0,0,0,0,0,0,0,0
5271,0.219,0.164,16.644,17.027,16.956,0,0,0,0,0,0,0,0,0,0,0
5272,0.235,0.190,16.596,17.021,17.634,0,0,0,0,0,0,0,0,0,0,0
5273,0.141,0.111,16.761,17.013,17.292,0,0,0,0,0,0,0,0,0,0,0
5274,0.115,0.122,16.783,17.020,17.302,0,0,0,0,0,0,0,0,0,0,0
5275,0.198,0.152,15.997,16.347,17.336,0,0,0,0,0,0,0,0,0,0,0
5276,0.185,0.143,16.692,17.020,16.714,0,0,0,0,0,0,0,0,0,0,0
5277,0.211,0.182,16.496,16.889,17.373,0,0,0,0,0,0,0,0,0,0,0
5278,0.179,0.150,16.690,17.019,17.283,0,0,0,0,0,0,0,0,0,0,0
5279,0.163,0.163,16.720,17.046,17.335,0,0,0,0,0,0,0,0,0,0,0
5280,0.269,0.317,16.223,16.809,17.476,0,0,0,0,0,0,0,0,0,0,0
5281,0.211,0.246,15.670,16.128,17.204,0,0,0,0,0,0,0,0,0,0,0
5282,0.228,0.184,16.608,17.020,16.577,0,0,0,0,0,0,0,0,0,0,0
5283,0.276,0.203,15.947,16.425,17.403,0,0,0,0,0,0,0,0,0,0,0
5284,0.144,0.154,16.723,17.021,16.726,0,0,0,0,0,0,0,0,0,0,0
5285,0.277,0.228,16.249,16.754,17.426,0,0,0,0,0,0,0,0,0,0,0
5286,0.227,0.175,16.621,17.024,17.159,0,0,0,0,0,0,0,0,0,0,0
5287,0.243,0.340,16.450,17.033,17.674,0,0,0,0,0,0,0,0,0,0,0
5288,0.265,0.229,15.873,16.367,17.719,0,0,0,0,0,0,0,0,0,0,0
5289,0.233,0.162,15.937,16.332,16.834,0,0,0,0,0,0,0,0,0,0,0
5290,0.254,0.216,16.555,17.025,16.976,0,0,0,0,0,0,0,0,0,0,0
5291,0.091,0.266,16.664,17.021,17.279,0,0,0,0,0,0,0,0,0,0,0
5292,0.209,0.137,16.673,17.019,17.426,0,0,0,0,0,0,0,0,0,0,0
5293,0.134,0.156,16.736,17.026,17.307,0,0,0,0,0,0,0,0,0,0,0
5294,0.229,0.144,16.577,16.951,17.370,0,0,0,0,0,0,0,0,0,0,0
5295,0.226,0.327,16.473,17.026,17.324,0,0,0,0,0,0,0,0,0,0,0
5296,0.307,0.206,15.864,16.376,17.763,0,0,0,0,0,0,0,0,0,0,0
5297,0.369,0.292,16.356,17.017,16.993,0,0,0,0,0,0,0,0,0,0,0
5298,0.224,0.166,16.636,17.027,17.492,0,0,0,0,0,0,0,0,0,0,0
5299,0.268,0.209,16.544,17.021,17.456,0,0,0,0,0,0,0,0,0,0,0
5300,0.207,0.142,16.685,17.034,17.405,0,0,0,0,0,0,0,0,0,0,0
5301,0.307,0.196,16.533,17.036,17.765,0,0,0,0,0,0,0,0,0,0,0
5302,0.356,0.332,15.586,16.273,17.830,0,0,0,0,0,0,0,0,0,0,0
5303,0.246,0.203,16.581,17.031,17.017,0,0,0,0,0,0,0,0,0,0,0
5304,0.279,0.261,16.483,17.023,17.454,0,0,0,0,0,0,0,0,0,0,0
5305,0.170,0.207,16.650,17.027,17.384,0,0,0,0,0,0,0,0,0,0,0
5306,0.265,0.271,16.496,17.031,17.481,0,0,0,0,0,0,0,0,0,0,0
5307,0.333,0.211,16.488,17.032,17.733,0,0,0,0,0,0,0,0,0,0,0
5308,0.235,0.211,16.581,17.028,17.511,0,0,0,0,0,0,0,0,0,0,0
5309,0.295,0.230,16.501,17.026,17.573,0,0,0,0,0,0,0,0,0,0,0
5310,0.226,0.190,16.020,16.436,17.680,0,0,0,0,0,0,0,0,0,0,0
5311,0.263,0.194,16.564,17.021,16.830,0,0,0,0,0,0,0,0,0,0,0
5312,0.236,0.239,16.558,17.033,17.380,0,0,0,0,0,0,0,0,0,0,0
5313,0.325,0.276,16.426,17.027,17.525,0,0,0,0,0,0,0,0,0,0,0
5314,0.316,0.183,15.933,16.431,17.481,0,0,0,0,0,0,0,0,0,0,0
5315,0.236,0.184,15.866,16.285,17.076,0,0,0,0,0,0,0,0,0,0,0
5316,0.436,0.332,16.256,17.024,17.062,0,0,0,0,0,0,0,0,0,0,0
5317,0.137,0.228,16.653,17.019,17.376,0,0,0,0,0,0,0,0,0,0,0
5318,0.236,0.177,16.619,17.031,17.388,0,0,0,0,0,0,0,0,0,0,0
5319,0.270,0.245,16.526,17.042,17.726,0,0,0,0,0,0,0,0,0,0,0
5320,0.275,0.251,16.500,17.026,17.716,0,0,0,0,0,0,0,0,0,0,0
5321,0.306,0.231,16.486,17.023,17.431,0,0,0,0,0,0,0,0,0,0,0
5322,0.168,0.122,16.760,17.050,17.467,0,0,0,0,0,0,0,0,0,0,0
5323,0.282,0.271,16.468,17.021,17.473,0,0,0,0,0,0,0,0,0,0,0
5324,0.142,0.136,16.738,17.017,17.341,0,0,0,0,0,0,0,0,0,0,0
5325,0.201,0.162,15.753,16.116,17.393,0,0,0,0,0,0,0,0,0,0,0
5326,0.237,0.214,16.586,17.037,16.515,0,0,0,0,0,0,0,0,0,0,0
5327,0.295,0.285,16.447,17.028,17.726,0,0,0,0,0,0,0,0,0,0,0
5328,0.213,0.174,16.636,17.023,17.414,0,0,0,0,0,0,0,0,0,0,0
5329,0.208,0.237,16.585,17.029,17.412,0,0,0,0,0,0,0,0,0,0,0
5330,0.258,0.204,16.554,17.016,17.562,0,0,0,0,0,0,0,0,0,0,0
5331,0.126,0.100,16.801,17.027,17.328,0,0,0,0,0,0,0,0,0,0,0
5332,0.291,0.253,16.510,17.054,17.590,0,0,0,0,0,0,0,0,0,0,0
5333,0.533,0.390,15.151,16.074,17.899,0,0,0,0,0,0,0,0,0,0,0
5334,0.203,0.233,16.589,17.025,16.496,0,0,0,0,0,0,0,0,0,0,0
5335,0.331,0.192,16.344,16.866,17.570,0,0,0,0,0,0,0,0,0,0,0
5336,0.203,0.184,16.636,17.024,17.268,0,0,0,0,0,0,0,0,0,0,0
5337,0.234,0.232,16.396,16.861,17.484,0,0,0,0,0,0,0,0,0,0,0
5338,0.388,0.283,16.355,17.026,17.623,0,0,0,0,0,0,0,0,0,0,0
5339,0.190,0.174,16.674,17.038,17.512,0,0,0,0,0,0,0,0,0,0,0
5340,0.423,0.318,16.128,16.869,17.777,0,0,0,0,0,0,0,0,0,0,0
5341,0.193,0.243,15.877,16.313,17.353,0,0,0,0,0,0,0,0,0,0,0
5342,0.244,0.177,16.610,17.031,16.753,0,0,0,0,0,0,0,0,0,0,0
5343,0.239,0.205,16.583,17.028,17.670,0,0,0,0,0,0,0,0,0,0,0
5344,0.175,0.254,16.590,17.018,17.629,0,0,0,0,0,0,0,0,0,0,0
5345,0.157,0.135,16.738,17.029,17.335,0,0,0,0,0,0,0,0,0,0,0
5346,0.187,0.182,16.651,17.020,17.416,0,0,0,0,0,0,0,0,0,0,0
5347,0.277,0.259,16.492,17.028,17.352,0,0,0,0,0,0,0,0,0,0,0
5348,0.191,0.131,16.705,17.027,17.396,0,0,0,0,0,0,0,0,0,0,0
5349,0.277,0.245,16.511,17.033,17.476,0,0,0,0,0,0,0,0,0,0,0
5350,0.182,0.150,15.847,16.179,17.468,0,0,0,0,0,0,0,0,0,0,0
5351,0.274,0.278,16.485,17.036,16.722,0,0,0,0,0,0,0,0,0,0,0
5352,0.319,0.255,16.460,17.034,17.607,0,0,0,0,0,0,0,0,0,0,0
5353,0.241,0.258,15.677,16.176,17.696,0,0,0,0,0,0,0,0,0,0,0
5354,0.226,0.235,15.992,16.453,16.794,0,0,0,0,0,0,0,0,0,0,0
5355,0.326,0.298,16.414,17.038,17.162,0,0,0,0,0,0,0,0,0,0,0
5356,0.314,0.223,16.492,17.029,17.855,0,0,0,0,0,0,0,0,0,0,0
5357,0.350,0.301,16.372,17.024,17.841,0,0,0,0,0,0,0,0,0,0,0
5358,0.114,0.097,16.804,17.014,17.351,0,0,0,0,0,0,0,0,0,0,0
5359,0.238,0.150,16.634,17.021,17.364,0,0,0,0,0,0,0,0,0,0,0
5360,0.162,0.136,16.726,17.024,17.571,0,0,0,0,0,0,0,0,0,0,0
5361,0.136,0.189,16.691,17.016,17.574,0,0,0,0,0,0,0,0,0,0,0
5362,0.102,0.114,16.797,17.013,17.262,0,0,0,0,0,0,0,0,0,0,0
5363,0.094,0.106,16.816,17.016,17.241,0,0,0,0,0,0,0,0,0,0,0
5364,0.159,0.121,15.882,16.162,17.316,0,0,0,0,0,0,0,0,0,0,0
5365,0.167,0.222,16.630,17.019,16.480,0,0,0,0,0,0,0,0,0,0,0
5366,0.268,0.243,16.511,17.023,17.434,0,0,0,0,0,0,0,0,0,0,0
5367,0.205,0.185,16.644,17.034,17.399,0,0,0,0,0,0,0,0,0,0,0
5368,0.322,0.266,16.454,17.041,17.754,0,0,0,0,0,0,0,0,0,0,0
5369,0.327,0.262,16.435,17.024,17.489,0,0,0,0,0,0,0,0,0,0,0
5370,0.204,0.200,16.616,17.020,17.516,0,0,0,0,0,0,0,0,0,0,0
5371,0.270,0.282,16.472,17.024,17.419,0,0,0,0,0,0,0,0,0,0,0
5372,0.241,0.419,16.364,17.025,17.533,0,0,0,0,0,0,0,0,0,0,0
5373,0.211,0.317,16.025,16.553,17.460,0,0,0,0,0,0,0,0,0,0,0
5374,0.263,0.252,16.518,17.033,17.306,0,0,0,0,0,0,0,0,0,0,0
5375,0.280,0.261,16.486,17.027,17.713,0,0,0,0,0,0,0,0,0,0,0
5376,0.290,0.479,16.256,17.026,17.436,0,0,0,0,0,0,0,0,0,0,0
5377,0.178,0.207,16.635,17.020,17.414,0,0,0,0,0,0,0,0,0,0,0
5378,0.364,0.270,16.397,17.032,17.498,0,0,0,0,0,0,0,0,0,0,0
5379,0.288,0.236,16.510,17.034,17.685,0,0,0,0,0,0,0,0,0,0,0
5380,0.194,0.159,16.673,17.026,17.434,0,0,0,0,0,0,0,0,0,0,0
5381,0.271,0.195,16.550,17.017,17.405,0,0,0,0,0,0,0,0,0,0,0
5382,0.182,0.191,16.647,17.020,17.353,0,0,0,0,0,0,0,0,0,0,0
5383,0.262,0.150,16.480,16.892,17.413,0,0,0,0,0,0,0,0,0,0,0
5384,0.340,0.224,16.020,16.584,17.610,0,0,0,0,0,0,0,0,0,0,0
5385,0.239,0.202,16.250,16.691,16.981,0,0,0,0,0,0,0,0,0,0,0
5386,0.269,0.196,16.564,17.028,17.433,0,0,0,0,0,0,0,0,0,0,0
5387,0.264,0.329,16.439,17.031,17.517,0,0,0,0,0,0,0,0,0,0,0
5388,0.351,0.275,16.408,17.035,17.490,0,0,0,0,0,0,0,0,0,0,0
5389,0.253,0.273,16.502,17.028,17.764,0,0,0,0,0,0,0,0,0,0,0
5390,0.261,0.247,16.509,17.017,17.446,0,0,0,0,0,0,0,0,0,0,0
5391,0.188,0.159,16.672,17.019,17.380,0,0,0,0,0,0,0,0,0,0,0
5392,0.223,0.179,16.625,17.028,17.402,0,0,0,0,0,0,0,0,0,0,0
5393,0.268,0.221,16.543,17.032,17.744,0,0,0,0,0,0,0,0,0,0,0
5394,0.263,0.279,16.487,17.030,17.712,0,0,0,0,0,0,0,0,0,0,0
5395,0.340,0.239,15.584,16.164,17.415,0,0,0,0,0,0,0,0,0,0,0
5396,0.201,0.183,16.481,16.865,16.849,0,0,0,0,0,0,0,0,0,0,0
5397,0.271,0.237,16.520,17.028,17.285,0,0,0,0,0,0,0,0,0,0,0
5398,0.281,0.294,16.459,17.035,17.724,0,0,0,0,0,0,0,0,0,0,0
5399,0.216,0.161,16.646,17.022,17.664,0,0,0,0,0,0,0,0,0,0,0
5400,0.204,0.199,16.617,17.021,17.388,0,0,0,0,0,0,0,0,0,0,0
5401,0.152,0.153,16.367,16.673,17.373,0,0,0,0,0,0,0,0,0,0,0
5402,0.272,0.159,16.596,17.027,17.010,0,0,0,0,0,0,0,0,0,0,0
5403,0.264,0.279,16.486,17.029,17.758,0,0,0,0,0,0,0,0,0,0,0
5404,0.253,0.186,16.594,17.034,17.469,0,0,0,0,0,0,0,0,0,0,0
5405,0.247,0.210,15.864,16.322,17.483,0,0,0,0,0,0,0,0,0,0,0
5406,0.183,0.159,16.684,17.026,16.702,0,0,0,0,0,0,0,0,0,0,0
5407,0.220,0.290,16.520,17.029,17.453,0,0,0,0,0,0,0,0,0,0,0
5408,0.226,0.215,16.580,17.022,17.433,0,0,0,0,0,0,0,0,0,0,0
5409,0.270,0.188,16.564,17.022,17.478,0,0,0,0,0,0,0,0,0,0,0
5410,0.154,0.132,16.742,17.028,17.382,0,0,0,0,0,0,0,0,0,0,0
5411,0.258,0.204,16.566,17.027,17.511,0,0,0,0,0,0,0,0,0,0,0
5412,0.282,0.250,16.498,17.030,17.611,0,0,0,0,0,0,0,0,0,0,0
5413,0.262,0.268,16.503,17.033,17.710,0,0,0,0,0,0,0,0,0,0,0
5414,0.316,0.228,16.486,17.030,17.438,0,0,0,0,0,0,0,0,0,0,0
5415,0.166,0.160,16.702,17.028,17.624,0,0,0,0,0,0,0,0,0,0,0
5416,0.227,0.196,16.616,17.039,17.430,0,0,0,0,0,0,0,0,0,0,0
5417,0.342,0.302,16.045,16.688,17.761,0,0,0,0,0,0,0,0,0,0,0
5418,0.239,0.240,16.548,17.027,17.421,0,0,0,0,0,0,0,0,0,0,0
5419,0.371,0.349,16.301,17.021,17.731,0,0,0,0,0,0,0,0,0,0,0
5420,0.195,0.171,16.654,17.019,17.593,0,0,0,0,0,0,0,0,0,0,0
5421,0.239,0.117,16.669,17.025,17.492,0,0,0,0,0,0,0,0,0,0,0
5422,0.324,0.213,16.489,17.026,17.885,0,0,0,0,0,0,0,0,0,0,0
5423,0.233,0.214,16.030,16.477,17.749,0,0,0,0,0,0,0,0,0,0,0
5424,0.267,0.253,16.523,17.043,17.093,0,0,0,0,0,0,0,0,0,0,0
5425,0.165,0.199,16.662,17.026,17.600,0,0,0,0,0,0,0,0,0,0,0
5426,0.160,0.149,16.722,17.030,17.574,0,0,0,0,0,0,0,0,0,0,0
5427,0.180,0.203,16.643,17.027,17.622,0,0,0,0,0,0,0,0,0,0,0
5428,0.186,0.190,16.649,17.025,17.621,0,0,0,0,0,0,0,0,0,0,0
5429,0.142,0.124,16.755,17.021,17.593,0,0,0,0,0,0,0,0,0,0,0
5430,0.128,0.148,16.745,17.021,17.594,0,0,0,0,0,0,0,0,0,0,0
5431,0.257,0.212,16.551,17.020,17.638,0,0,0,0,0,0,0,0,0,0,0
5432,0.153,0.141,16.735,17.030,17.617,0,0,0,0,0,0,0,0,0,0,0
5433,0.154,0.142,16.732,17.027,17.599,0,0,0,0,0,0,0,0,0,0,0
5434,0.248,0.200,16.121,16.569,17.653,0,0,0,0,0,0,0,0,0,0,0
5435,0.167,0.103,16.663,16.934,16.863,0,0,0,0,0,0,0,0,0,0,0
5436,0.343,0.252,16.425,17.020,17.606,0,0,0,0,0,0,0,0,0,0,0
5437,0.165,0.182,15.970,16.317,17.303,0,0,0,0,0,0,0,0,0,0,0
5438,0.336,0.223,16.467,17.026,16.681,0,0,0,0,0,0,0,0,0,0,0
5439,0.158,0.146,16.242,16.546,17.312,0,0,0,0,0,0,0,0,0,0,0
5440,0.230,0.173,16.618,17.022,16.915,0,0,0,0,0,0,0,0,0,0,0
5441,0.213,0.183,16.636,17.032,17.454,0,0,0,0,0,0,0,0,0,0,0
5442,0.304,0.204,16.531,17.039,17.417,0,0,0,0,0,0,0,0,0,0,0
5443,0.276,0.216,16.551,17.044,17.402,0,0,0,0,0,0,0,0,0,0,0
5444,0.694,0.454,15.890,17.038,17.770,0,0,0,0,0,0,0,0,0,0,0
5445,0.180,0.146,16.697,17.023,17.595,0,0,0,0,0,0,0,0,0,0,0
5446,0.257,0.167,16.596,17.020,17.358,0,0,0,0,0,0,0,0,0,0,0
5447,0.227,0.219,16.575,17.021,17.556,0,0,0,0,0,0,0,0,0,0,0
5448,0.194,0.152,16.674,17.019,17.366,0,0,0,0,0,0,0,0,0,0,0
5449,0.209,0.215,16.598,17.022,17.741,0,0,0,0,0,0,0,0,0,0,0
5450,0.242,0.153,16.634,17.029,17.344,0,0,0,0,0,0,0,0,0,0,0
5451,0.159,0.213,16.662,17.034,17.631,0,0,0,0,0,0,0,0,0,0,0
5452,0.264,0.238,16.515,17.017,17.676,0,0,0,0,0,0,0,0,0,0,0
5453,0.164,0.115,16.409,16.688,17.351,0,0,0,0,0,0,0,0,0,0,0
5454,0.423,0.295,16.305,17.023,17.419,0,0,0,0,0,0,0,0,0,0,0
5455,0.192,0.160,16.666,17.018,17.357,0,0,0,0,0,0,0,0,0,0,0
5456,0.191,0.299,16.540,17.031,17.485,0,0,0,0,0,0,0,0,0,0,0
5457,0.334,0.219,16.467,17.020,17.465,0,0,0,0,0,0,0,0,0,0,0
5458,0.161,0.167,15.761,16.089,17.357,0,0,0,0,0,0,0,0,0,0,0
5459,0.242,0.216,16.569,17.027,16.485,0,0,0,0,0,0,0,0,0,0,0
5460,0.259,0.202,16.075,16.536,17.438,0,0,0,0,0,0,0,0,0,0,0
5461,0.400,0.286,16.348,17.034,16.959,0,0,0,0,0,0,0,0,0,0,0
5462,0.369,0.496,16.163,17.028,17.801,0,0,0,0,0,0,0,0,0,0,0
5463,0.188,0.128,16.712,17.028,17.426,0,0,0,0,0,0,0,0,0,0,0
5464,0.265,0.213,16.550,17.029,17.435,0,0,0,0,0,0,0,0,0,0,0
5465,0.399,0.384,16.239,17.021,17.439,0,0,0,0,0,0,0,0,0,0,0
5466,0.307,0.163,16.552,17.023,17.378,0,0,0,0,0,0,0,0,0,0,0
5467,0.180,0.224,16.617,17.021,17.334,0,0,0,0,0,0,0,0,0,0,0
5468,0.211,0.177,15.961,16.348,17.504,0,0,0,0,0,0,0,0,0,0,0
5469,0.398,0.278,16.357,17.033,16.749,0,0,0,0,0,0,0,0,0,0,0
5470,0.260,0.200,16.565,17.025,17.663,0,0,0,0,0,0,0,0,0,0,0
5471,0.275,0.249,16.494,17.018,17.433,0,0,0,0,0,0,0,0,0,0,0
5472,0.222,0.294,15.569,16.084,17.483,0,0,0,0,0,0,0,0,0,0,0
5473,0.477,0.315,16.237,17.029,16.829,0,0,0,0,0,0,0,0,0,0,0
5474,0.195,0.143,16.677,17.016,17.376,0,0,0,0,0,0,0,0,0,0,0
5475,0.171,0.141,16.708,17.020,17.327,0,0,0,0,0,0,0,0,0,0,0
5476,0.204,0.227,15.847,16.278,17.474,0,0,0,0,0,0,0,0,0,0,0
5477,0.356,0.221,15.621,16.198,16.739,0,0,0,0,0,0,0,0,0,0,0
5478,0.204,0.132,16.699,17.035,16.637,0,0,0,0,0,0,0,0,0,0,0
5479,0.469,0.297,16.259,17.025,17.774,0,0,0,0,0,0,0,0,0,0,0
5480,0.241,0.162,16.646,17.049,17.364,0,0,0,0,0,0,0,0,0,0,0
5481,0.365,0.275,16.390,17.031,17.795,0,0,0,0,0,0,0,0,0,0,0
5482,0.245,0.235,16.545,17.025,17.436,0,0,0,0,0,0,0,0,0,0,0
5483,0.226,0.212,16.598,17.036,17.396,0,0,0,0,0,0,0,0,0,0,0
5484,0.490,0.409,16.126,17.026,17.802,0,0,0,0,0,0,0,0,0,0,0
5485,0.237,0.204,15.971,16.413,17.379,0,0,0,0,0,0,0,0,0,0,0
5486,0.256,0.162,16.610,17.029,17.021,0,0,0,0,0,0,0,0,0,0,0
5487,0.149,0.124,16.753,17.026,17.589,0,0,0,0,0,0,0,0,0,0,0
5488,0.611,0.393,16.023,17.028,17.905,0,0,0,0,0,0,0,0,0,0,0
5489,0.187,0.136,16.698,17.021,17.345,0,0,0,0,0,0,0,0,0,0,0
5490,0.261,0.163,16.607,17.032,17.473,0,0,0,0,0,0,0,0,0,0,0
5491,0.393,0.317,16.331,17.041,17.628,0,0,0,0,0,0,0,0,0,0,0
5492,0.359,0.322,16.354,17.035,17.621,0,0,0,0,0,0,0,0,0,0,0
5493,0.316,0.273,16.441,17.030,17.406,0,0,0,0,0,0,0,0,0,0,0
5494,0.322,0.279,16.434,17.036,17.636,0,0,0,0,0,0,0,0,0,0,0
5495,0.269,0.268,16.504,17.041,17.488,0,0,0,0,0,0,0,0,0,0,0
5496,0.428,0.347,16.245,17.021,17.772,0,0,0,0,0,0,0,0,0,0,0
5497,0.207,0.128,16.715,17.051,17.388,0,0,0,0,0,0,0,0,0,0,0
5498,0.468,0.315,16.257,17.040,17.813,0,0,0,0,0,0,0,0,0,0,0
5499,0.365,0.288,16.357,17.010,17.733,0,0,0,0,0,0,0,0,0,0,0
5500,0.336,0.240,16.455,17.031,17.682,0,0,0,0,0,0,0,0,0,0,0
5501,0.199,0.196,16.624,17.018,17.423,0,0,0,0,0,0,0,0,0,0,0
5502,0.268,0.225,16.543,17.036,17.441,0,0,0,0,0,0,0,0,0,0,0
5503,0.417,0.258,16.353,17.027,17.475,0,0,0,0,0,0,0,0,0,0,0
5504,0.354,0.343,16.391,17.088,17.490,0,0,0,0,0,0,0,0,0,0,0
5505,0.300,0.294,16.430,17.024,17.573,0,0,0,0,0,0,0,0,0,0,0
5506,0.246,0.217,16.569,17.032,17.638,0,0,0,0,0,0,0,0,0,0,0
5507,0.327,0.259,16.437,17.023,17.453,0,0,0,0,0,0,0,0,0,0,0
5508,0.311,0.284,16.261,16.857,17.698,0,0,0,0,0,0,0,0,0,0,0
5509,0.242,0.221,16.563,17.026,17.285,0,0,0,0,0,0,0,0,0,0,0
5510,0.293,0.211,16.535,17.040,17.417,0,0,0,0,0,0,0,0,0,0,0
5511,0.506,0.258,16.270,17.034,17.788,0,0,0,0,0,0,0,0,0,0,0
5512,0.278,0.206,16.536,17.020,17.437,0,0,0,0,0,0,0,0,0,0,0
5513,0.214,0.201,16.606,17.022,17.440,0,0,0,0,0,0,0,0,0,0,0
5514,0.270,0.215,16.204,16.689,17.458,0,0,0,0,0,0,0,0,0,0,0
5515,0.397,0.382,16.254,17.033,17.158,0,0,0,0,0,0,0,0,0,0,0
5516,0.276,0.242,16.509,17.027,17.600,0,0,0,0,0,0,0,0,0,0,0
5517,0.362,0.317,16.349,17.027,17.456,0,0,0,0,0,0,0,0,0,0,0
5518,0.209,0.179,16.648,17.035,17.460,0,0,0,0,0,0,0,0,0,0,0
5519,0.418,0.360,16.262,17.040,17.951,0,0,0,0,0,0,0,0,0,0,0
5520,0.260,0.276,16.484,17.021,17.455,0,0,0,0,0,0,0,0,0,0,0
5521,0.173,0.156,16.560,16.888,17.487,0,0,0,0,0,0,0,0,0,0,0
5522,0.406,0.249,16.369,17.024,17.306,0,0,0,0,0,0,0,0,0,0,0
5523,0.231,0.179,16.618,17.028,17.366,0,0,0,0,0,0,0,0,0,0,0
5524,0.289,0.233,16.496,17.019,17.466,0,0,0,0,0,0,0,0,0,0,0
5525,0.241,0.241,16.547,17.029,17.484,0,0,0,0,0,0,0,0,0,0,0
5526,0.440,0.326,15.671,16.436,17.458,0,0,0,0,0,0,0,0,0,0,0
5527,0.373,0.313,16.344,17.031,16.888,0,0,0,0,0,0,0,0,0,0,0
5528,0.119,0.106,16.651,16.876,17.277,0,0,0,0,0,0,0,0,0,0,0
5529,0.187,0.248,16.604,17.039,17.464,0,0,0,0,0,0,0,0,0,0,0
5530,0.482,0.325,16.244,17.050,17.829,0,0,0,0,0,0,0,0,0,0,0
5531,0.255,0.174,16.605,17.034,17.468,0,0,0,0,0,0,0,0,0,0,0
5532,0.583,0.501,15.040,16.124,17.930,0,0,0,0,0,0,0,0,0,0,0
5533,0.262,0.240,16.545,17.046,16.808,0,0,0,0,0,0,0,0,0,0,0
5534,0.300,0.242,16.477,17.020,17.688,0,0,0,0,0,0,0,0,0,0,0
5535,0.128,0.118,16.500,16.746,17.331,0,0,0,0,0,0,0,0,0,0,0
5536,0.428,0.352,16.253,17.033,17.481,0,0,0,0,0,0,0,0,0,0,0
5537,0.261,0.193,16.386,16.840,17.451,0,0,0,0,0,0,0,0,0,0,0
5538,0.256,0.155,16.613,17.024,17.251,0,0,0,0,0,0,0,0,0,0,0
5539,0.236,0.233,16.557,17.026,17.446,0,0,0,0,0,0,0,0,0,0,0
5540,0.246,0.226,16.554,17.026,17.477,0,0,0,0,0,0,0,0,0,0,0
5541,0.359,0.436,16.232,17.027,17.461,0,0,0,0,0,0,0,0,0,0,0
5542,0.256,0.145,16.624,17.024,17.445,0,0,0,0,0,0,0,0,0,0,0
5543,0.251,0.273,16.499,17.023,17.402,0,0,0,0,0,0,0,0,0,0,0
5544,0.179,0.219,16.625,17.023,17.425,0,0,0,0,0,0,0,0,0,0,0
5545,0.287,0.199,16.542,17.027,17.386,0,0,0,0,0,0,0,0,0,0,0
5546,0.427,0.307,15.805,16.539,17.474,0,0,0,0,0,0,0,0,0,0,0
5547,0.233,0.536,16.263,17.032,17.102,0,0,0,0,0,0,0,0,0,0,0
5548,0.362,0.302,16.369,17.033,17.776,0,0,0,0,0,0,0,0,0,0,0
5549,0.452,0.241,16.330,17.022,17.463,0,0,0,0,0,0,0,0,0,0,0
5550,0.234,0.104,16.685,17.022,17.374,0,0,0,0,0,0,0,0,0,0,0
5551,0.198,0.200,16.632,17.030,17.359,0,0,0,0,0,0,0,0,0,0,0
5552,0.271,0.240,16.555,17.066,17.705,0,0,0,0,0,0,0,0,0,0,0
5553,0.600,0.316,16.112,17.028,17.911,0,0,0,0,0,0,0,0,0,0,0
5554,0.220,0.182,16.621,17.024,17.406,0,0,0,0,0,0,0,0,0,0,0
5555,0.262,0.224,16.299,16.786,17.485,0,0,0,0,0,0,0,0,0,0,0
5556,0.154,0.209,16.678,17.040,17.319,0,0,0,0,0,0,0,0,0,0,0
5557,0.521,0.332,16.170,17.023,17.805,0,0,0,0,0,0,0,0,0,0,0
5558,0.261,0.268,16.488,17.017,17.373,0,0,0,0,0,0,0,0,0,0,0
5559,0.191,0.176,16.658,17.025,17.416,0,0,0,0,0,0,0,0,0,0,0
5560,0.292,0.186,16.344,16.823,17.552,0,0,0,0,0,0,0,0,0,0,0
5561,0.331,0.270,16.437,17.037,17.271,0,0,0,0,0,0,0,0,0,0,0
5562,0.396,0.243,16.393,17.032,17.454,0,0,0,0,0,0,0,0,0,0,0
5563,0.416,0.404,15.729,16.550,17.920,0,0,0,0,0,0,0,0,0,0,0
5564,0.269,0.205,16.278,16.751,16.893,0,0,0,0,0,0,0,0,0,0,0
5565,0.186,0.167,16.676,17.029,17.075,0,0,0,0,0,0,0,0,0,0,0
5566,0.186,0.218,16.316,16.719,17.445,0,0,0,0,0,0,0,0,0,0,0
5567,0.390,0.270,16.387,17.046,17.528,0,0,0,0,0,0,0,0,0,0,0
5568,0.281,0.342,15.538,16.161,17.733,0,0,0,0,0,0,0,0,0,0,0
5569,0.267,0.270,15.690,16.226,16.575,0,0,0,0,0,0,0,0,0,0,0
5570,0.233,0.196,16.595,17.023,16.868,0,0,0,0,0,0,0,0,0,0,0
5571,0.183,0.166,16.672,17.021,17.445,0,0,0,0,0,0,0,0,0,0,0
5572,0.344,0.210,16.474,17.028,17.351,0,0,0,0,0,0,0,0,0,0,0
5573,0.181,0.149,16.694,17.024,17.619,0,0,0,0,0,0,0,0,0,0,0
5574,0.150,0.138,16.740,17.028,17.605,0,0,0,0,0,0,0,0,0,0,0
5575,0.170,0.149,16.145,16.463,17.592,0,0,0,0,0,0,0,0,0,0,0
5576,0.336,0.251,16.110,16.697,17.074,0,0,0,0,0,0,0,0,0,0,0
5577,0.150,0.193,16.695,17.038,16.990,0,0,0,0,0,0,0,0,0,0,0
5578,0.317,0.262,16.454,17.033,17.702,0,0,0,0,0,0,0,0,0,0,0
5579,0.234,0.199,15.813,16.247,17.389,0,0,0,0,0,0,0,0,0,0,0
5580,0.143,0.131,16.744,17.018,16.595,0,0,0,0,0,0,0,0,0,0,0
5581,0.261,0.225,15.714,16.200,17.481,0,0,0,0,0,0,0,0,0,0,0
5582,0.202,0.159,16.550,16.911,16.561,0,0,0,0,0,0,0,0,0,0,0
5583,0.312,0.277,16.453,17.042,17.645,0,0,0,0,0,0,0,0,0,0,0
5584,0.539,0.325,16.039,16.903,18.100,0,0,0,0,0,0,0,0,0,0,0
5585,0.266,0.222,16.535,17.023,17.269,0,0,0,0,0,0,0,0,0,0,0
5586,0.260,0.162,16.605,17.028,17.424,0,0,0,0,0,0,0,0,0,0,0
5587,0.230,0.328,16.473,17.031,17.474,0,0,0,0,0,0,0,0,0,0,0
5588,0.437,0.281,16.328,17.046,17.511,0,0,0,0,0,0,0,0,0,0,0
5589,0.498,0.394,16.146,17.037,17.840,0,0,0,0,0,0,0,0,0,0,0
5590,0.257,0.298,16.478,17.033,17.777,0,0,0,0,0,0,0,0,0,0,0
5591,0.264,0.228,16.537,17.028,17.640,0,0,0,0,0,0,0,0,0,0,0
5592,0.211,0.183,16.626,17.021,17.645,0,0,0,0,0,0,0,0,0,0,0
5593,0.137,0.119,16.777,17.033,17.315,0,0,0,0,0,0,0,0,0,0,0
5594,0.302,0.171,16.037,16.510,17.672,0,0,0,0,0,0,0,0,0,0,0
5595,0.394,0.262,16.366,17.022,17.205,0,0,0,0,0,0,0,0,0,0,0
5596,0.168,0.138,16.713,17.020,17.345,0,0,0,0,0,0,0,0,0,0,0
5597,0.214,0.272,16.424,16.910,17.399,0,0,0,0,0,0,0,0,0,0,0
5598,0.295,0.169,16.559,17.023,17.347,0,0,0,0,0,0,0,0,0,0,0
5599,0.325,0.204,16.503,17.031,17.577,0,0,0,0,0,0,0,0,0,0,0
5600,0.275,0.311,16.464,17.050,17.438,0,0,0,0,0,0,0,0,0,0,0
5601,0.242,0.261,15.916,16.419,17.495,0,0,0,0,0,0,0,0,0,0,0
5602,0.254,0.228,16.553,17.035,16.832,0,0,0,0,0,0,0,0,0,0,0
5603,0.514,0.307,16.209,17.029,17.940,0,0,0,0,0,0,0,0,0,0,0
5604,0.268,0.258,16.496,17.022,17.443,0,0,0,0,0,0,0,0,0,0,0
5605,0.247,0.227,16.552,17.026,17.721,0,0,0,0,0,0,0,0,0,0,0
5606,0.218,0.181,16.636,17.035,17.393,0,0,0,0,0,0,0,0,0,0,0
5607,0.270,0.228,16.545,17.043,17.797,0,0,0,0,0,0,0,0,0,0,0
5608,0.501,0.410,16.117,17.028,17.823,0,0,0,0,0,0,0,0,0,0,0
5609,0.183,0.195,16.661,17.040,17.423,0,0,0,0,0,0,0,0,0,0,0
5610,0.338,0.276,16.421,17.035,17.460,0,0,0,0,0,0,0,0,0,0,0
5611,0.374,0.359,16.321,17.054,17.792,0,0,0,0,0,0,0,0,0,0,0
5612,0.239,0.232,16.502,16.973,17.604,0,0,0,0,0,0,0,0,0,0,0
5613,0.177,0.187,16.670,17.035,17.306,0,0,0,0,0,0,0,0,0,0,0
5614,0.436,0.268,15.493,16.196,17.443,0,0,0,0,0,0,0,0,0,0,0
5615,0.200,0.162,16.659,17.020,16.514,0,0,0,0,0,0,0,0,0,0,0
5616,0.241,0.342,16.205,16.787,17.429,0,0,0,0,0,0,0,0,0,0,0
5617,0.288,0.244,16.504,17.036,17.235,0,0,0,0,0,0,0,0,0,0,0
5618,0.533,0.282,16.214,17.030,17.930,0,0,0,0,0,0,0,0,0,0,0
5619,0.359,0.306,16.374,17.039,17.455,0,0,0,0,0,0,0,0,0,0,0
5620,0.351,0.265,16.373,16.988,17.344,0,0,0,0,0,0,0,0,0,0,0
5621,0.247,0.255,16.534,17.036,17.688,0,0,0,0,0,0,0,0,0,0,0
5622,0.224,0.216,16.584,17.024,17.736,0,0,0,0,0,0,0,0,0,0,0
5623,0.208,0.185,16.627,17.020,17.647,0,0,0,0,0,0,0,0,0,0,0
5624,0.209,0.159,16.655,17.023,17.451,0,0,0,0,0,0,0,0,0,0,0
5625,0.275,0.386,16.385,17.046,17.413,0,0,0,0,0,0,0,0,0,0,0
5626,0.343,0.209,16.462,17.013,17.755,0,0,0,0,0,0,0,0,0,0,0
5627,0.454,0.340,16.221,17.015,17.765,0,0,0,0,0,0,0,0,0,0,0
5628,0.193,0.247,16.593,17.032,17.394,0,0,0,0,0,0,0,0,0,0,0
5629,0.267,0.284,16.481,17.031,17.410,0,0,0,0,0,0,0,0,0,0,0
5630,0.286,0.266,16.486,17.038,17.707,0,0,0,0,0,0,0,0,0,0,0
5631,0.283,0.295,16.442,17.021,17.419,0,0,0,0,0,0,0,0,0,0,0
5632,0.172,0.307,16.544,17.023,17.324,0,0,0,0,0,0,0,0,0,0,0
5633,0.464,0.254,15.557,16.275,17.522,0,0,0,0,0,0,0,0,0,0,0
5634,0.275,0.225,16.518,17.018,16.782,0,0,0,0,0,0,0,0,0,0,0
5635,0.170,0.135,16.713,17.017,17.403,0,0,0,0,0,0,0,0,0,0,0
5636,0.227,0.300,15.639,16.166,17.409,0,0,0,0,0,0,0,0,0,0,0
5637,0.656,0.375,15.584,16.615,16.941,0,0,0,0,0,0,0,0,0,0,0
5638,0.192,0.184,16.657,17.033,16.938,0,0,0,0,0,0,0,0,0,0,0
5639,0.386,0.232,16.405,17.023,17.545,0,0,0,0,0,0,0,0,0,0,0
5640,0.186,0.196,16.651,17.034,17.342,0,0,0,0,0,0,0,0,0,0,0
5641,0.478,0.335,16.008,16.821,17.767,0,0,0,0,0,0,0,0,0,0,0
5642,0.301,0.231,16.493,17.024,17.519,0,0,0,0,0,0,0,0,0,0,0
5643,0.187,0.228,16.167,16.581,17.403,0,0,0,0,0,0,0,0,0,0,0
5644,0.320,0.276,16.429,17.025,17.067,0,0,0,0,0,0,0,0,0,0,0
5645,0.279,0.194,16.569,17.041,17.406,0,0,0,0,0,0,0,0,0,0,0
5646,0.468,0.343,15.418,16.229,17.880,0,0,0,0,0,0,0,0,0,0,0
5647,0.172,0.154,16.691,17.018,16.588,0,0,0,0,0,0,0,0,0,0,0
5648,0.194,0.269,16.565,17.028,17.370,0,0,0,0,0,0,0,0,0,0,0
5649,0.319,0.240,15.969,16.527,17.710,0,0,0,0,0,0,0,0,0,0,0
5650,0.115,0.096,16.808,17.019,16.835,0,0,0,0,0,0,0,0,0,0,0
5651,0.150,0.116,16.758,17.024,17.327,0,0,0,0,0,0,0,0,0,0,0
5652,0.212,0.147,16.670,17.029,17.348,0,0,0,0,0,0,0,0,0,0,0
5653,0.421,0.341,15.754,16.516,17.807,0,0,0,0,0,0,0,0,0,0,0
5654,0.234,0.196,16.604,17.035,16.910,0,0,0,0,0,0,0,0,0,0,0
5655,0.322,0.220,16.488,17.030,17.730,0,0,0,0,0,0,0,0,0,0,0
5656,0.451,0.247,16.329,17.027,17.485,0,0,0,0,0,0,0,0,0,0,0
5657,0.215,0.175,16.256,16.647,17.430,0,0,0,0,0,0,0,0,0,0,0
5658,0.432,0.293,16.285,17.011,17.129,0,0,0,0,0,0,0,0,0,0,0
5659,0.166,0.162,16.708,17.037,17.418,0,0,0,0,0,0,0,0,0,0,0
5660,0.482,0.340,16.199,17.021,17.458,0,0,0,0,0,0,0,0,0,0,0
5661,0.223,0.229,16.575,17.026,17.329,0,0,0,0,0,0,0,0,0,0,0
5662,0.277,0.256,16.498,17.031,17.620,0,0,0,0,0,0,0,0,0,0,0
5663,0.289,0.212,15.937,16.438,17.492,0,0,0,0,0,0,0,0,0,0,0
5664,0.374,0.338,16.316,17.028,16.867,0,0,0,0,0,0,0,0,0,0,0
5665,0.431,0.308,15.452,16.191,17.493,0,0,0,0,0,0,0,0,0,0,0
5666,0.213,0.195,16.614,17.022,16.614,0,0,0,0,0,0,0,0,0,0,0
5667,0.279,0.392,16.362,17.033,17.435,0,0,0,0,0,0,0,0,0,0,0
5668,0.509,0.372,16.145,17.026,17.808,0,0,0,0,0,0,0,0,0,0,0
5669,0.226,0.153,16.643,17.021,17.348,0,0,0,0,0,0,0,0,0,0,0
5670,0.374,0.270,16.381,17.025,17.641,0,0,0,0,0,0,0,0,0,0,0
5671,0.205,0.148,16.672,17.025,17.462,0,0,0,0,0,0,0,0,0,0,0
5672,0.491,0.344,16.197,17.032,17.410,0,0,0,0,0,0,0,0,0,0,0
5673,0.174,0.134,16.709,17.017,17.392,0,0,0,0,0,0,0,0,0,0,0
5674,0.200,0.173,16.246,16.619,17.456,0,0,0,0,0,0,0,0,0,0,0
5675,0.545,0.388,16.098,17.031,16.907,0,0,0,0,0,0,0,0,0,0,0
5676,0.383,0.304,16.338,17.025,17.452,0,0,0,0,0,0,0,0,0,0,0
5677,0.263,0.198,15.588,16.049,17.424,0,0,0,0,0,0,0,0,0,0,0
5678,0.253,0.256,16.521,17.029,16.703,0,0,0,0,0,0,0,0,0,0,0
5679,0.314,0.205,16.509,17.029,17.656,0,0,0,0,0,0,0,0,0,0,0
5680,0.314,0.224,16.491,17.028,17.516,0,0,0,0,0,0,0,0,0,0,0
5681,0.168,0.142,16.720,17.030,17.403,0,0,0,0,0,0,0,0,0,0,0
5682,0.283,0.202,16.543,17.028,17.421,0,0,0,0,0,0,0,0,0,0,0
5683,0.385,0.258,16.383,17.027,17.432,0,0,0,0,0,0,0,0,0,0,0
5684,0.267,0.150,16.530,16.948,17.425,0,0,0,0,0,0,0,0,0,0,0
5685,0.191,0.200,16.640,17.031,17.400,0,0,0,0,0,0,0,0,0,0,0
5686,0.247,0.299,16.504,17.051,17.681,0,0,0,0,0,0,0,0,0,0,0
5687,0.570,0.374,15.621,16.564,17.832,0,0,0,0,0,0,0,0,0,0,0
5688,0.258,0.314,15.684,16.255,16.995,0,0,0,0,0,0,0,0,0,0,0
5689,0.360,0.218,16.244,16.823,16.675,0,0,0,0,0,0,0,0,0,0,0
5690,0.166,0.165,15.887,16.218,17.185,0,0,0,0,0,0,0,0,0,0,0
5691,0.464,0.281,16.282,17.027,17.111,0,0,0,0,0,0,0,0,0,0,0
5692,0.243,0.207,16.579,17.029,17.421,0,0,0,0,0,0,0,0,0,0,0
5693,0.291,0.270,16.062,16.623,17.947,0,0,0,0,0,0,0,0,0,0,0
5694,0.158,0.134,16.731,17.022,17.052,0,0,0,0,0,0,0,0,0,0,0
5695,0.297,0.199,16.528,17.024,17.453,0,0,0,0,0,0,0,0,0,0,0
5696,0.271,0.292,16.472,17.035,17.461,0,0,0,0,0,0,0,0,0,0,0
5697,0.241,0.187,16.596,17.024,17.465,0,0,0,0,0,0,0,0,0,0,0
5698,0.229,0.221,16.589,17.039,17.489,0,0,0,0,0,0,0,0,0,0,0
5699,0.442,0.379,16.031,16.851,17.790,0,0,0,0,0,0,0,0,0,0,0
5700,0.261,0.330,16.434,17.025,17.288,0,0,0,0,0,0,0,0,0,0,0
5701,0.249,0.207,16.577,17.034,17.462,0,0,0,0,0,0,0,0,0,0,0
5702,0.507,0.373,16.142,17.022,17.819,0,0,0,0,0,0,0,0,0,0,0
5703,0.258,0.246,16.202,16.706,17.384,0,0,0,0,0,0,0,0,0,0,0
5704,0.347,0.256,16.422,17.026,17.239,0,0,0,0,0,0,0,0,0,0,0
5705,0.197,0.193,16.654,17.044,17.551,0,0,0,0,0,0,0,0,0,0,0
5706,0.575,0.349,16.103,17.027,17.527,0,0,0,0,0,0,0,0,0,0,0
5707,0.262,0.298,16.253,16.813,17.623,0,0,0,0,0,0,0,0,0,0,0
5708,0.274,0.296,16.457,17.027,17.507,0,0,0,0,0,0,0,0,0,0,0
5709,0.154,0.159,16.703,17.016,17.331,0,0,0,0,0,0,0,0,0,0,0
5710,0.163,0.351,16.526,17.040,17.334,0,0,0,0,0,0,0,0,0,0,0
5711,0.453,0.329,16.254,17.035,17.722,0,0,0,0,0,0,0,0,0,0,0
5712,0.216,0.232,15.904,16.351,17.389,0,0,0,0,0,0,0,0,0,0,0
5713,0.307,0.251,16.204,16.761,16.777,0,0,0,0,0,0,0,0,0,0,0
5714,0.180,0.344,16.502,17.026,17.134,0,0,0,0,0,0,0,0,0,0,0
5715,0.402,0.272,15.567,16.240,17.430,0,0,0,0,0,0,0,0,0,0,0
5716,0.317,0.202,16.515,17.034,16.921,0,0,0,0,0,0,0,0,0,0,0
5717,0.230,0.243,16.558,17.031,17.653,0,0,0,0,0,0,0,0,0,0,0
5718,0.198,0.424,16.407,17.029,17.658,0,0,0,0,0,0,0,0,0,0,0
5719,0.232,0.223,16.588,17.044,17.663,0,0,0,0,0,0,0,0,0,0,0
5720,0.229,0.232,15.746,16.207,17.737,0,0,0,0,0,0,0,0,0,0,0
5721,0.232,0.259,16.538,17.029,16.794,0,0,0,0,0,0,0,0,0,0,0
5722,0.230,0.208,16.591,17.029,17.726,0,0,0,0,0,0,0,0,0,0,0
5723,0.180,0.224,16.459,16.863,17.622,0,0,0,0,0,0,0,0,0,0,0
5724,0.166,0.145,16.713,17.023,17.464,0,0,0,0,0,0,0,0,0,0,0
5725,0.422,0.357,16.258,17.037,17.857,0,0,0,0,0,0,0,0,0,0,0
5726,0.146,0.134,16.736,17.016,17.371,0,0,0,0,0,0,0,0,0,0,0
5727,0.181,0.111,16.735,17.027,17.403,0,0,0,0,0,0,0,0,0,0,0
5728,0.278,0.293,16.453,17.025,17.426,0,0,0,0,0,0,0,0,0,0,0
5729,0.246,0.202,15.912,16.360,17.633,0,0,0,0,0,0,0,0,0,0,0
5730,0.243,0.214,16.568,17.025,16.893,0,0,0,0,0,0,0,0,0,0,0
5731,0.293,0.270,16.459,17.023,17.697,0,0,0,0,0,0,0,0,0,0,0
5732,0.209,0.191,16.626,17.026,17.452,0,0,0,0,0,0,0,0,0,0,0
5733,0.174,0.188,16.688,17.050,17.428,0,0,0,0,0,0,0,0,0,0,0
5734,0.214,0.201,16.610,17.025,17.618,0,0,0,0,0,0,0,0,0,0,0
5735,0.371,0.310,16.340,17.021,17.409,0,0,0,0,0,0,0,0,0,0,0
5736,0.186,0.153,16.688,17.026,17.392,0,0,0,0,0,0,0,0,0,0,0
5737,0.276,0.176,15.994,16.446,17.470,0,0,0,0,0,0,0,0,0,0,0
5738,0.235,0.196,16.598,17.030,16.883,0,0,0,0,0,0,0,0,0,0,0
5739,0.193,0.237,16.597,17.027,17.450,0,0,0,0,0,0,0,0,0,0,0
5740,0.228,0.217,16.585,17.030,17.575,0,0,0,0,0,0,0,0,0,0,0
5741,0.258,0.289,16.474,17.022,17.693,0,0,0,0,0,0,0,0,0,0,0
5742,0.239,0.196,16.588,17.023,17.403,0,0,0,0,0,0,0,0,0,0,0
5743,0.195,0.167,15.794,16.155,17.656,0,0,0,0,0,0,0,0,0,0,0
5744,0.386,0.441,16.163,16.990,16.891,0,0,0,0,0,0,0,0,0,0,0
5745,0.202,0.179,16.642,17.023,17.450,0,0,0,0,0,0,0,0,0,0,0
5746,0.264,0.235,16.535,17.034,17.662,0,0,0,0,0,0,0,0,0,0,0
5747,0.421,0.389,16.209,17.019,17.772,0,0,0,0,0,0,0,0,0,0,0
5748,0.121,0.130,16.773,17.024,17.281,0,0,0,0,0,0,0,0,0,0,0
5749,0.343,0.251,16.430,17.024,17.679,0,0,0,0,0,0,0,0,0,0,0
5750,0.282,0.292,15.679,16.254,17.425,0,0,0,0,0,0,0,0,0,0,0
5751,0.282,0.222,16.522,17.026,16.967,0,0,0,0,0,0,0,0,0,0,0
5752,0.194,0.167,15.682,16.042,17.363,0,0,0,0,0,0,0,0,0,0,0
5753,0.210,0.185,16.634,17.029,16.597,0,0,0,0,0,0,0,0,0,0,0
5754,0.362,0.262,16.402,17.027,17.489,0,0,0,0,0,0,0,0,0,0,0
5755,0.182,0.177,16.666,17.026,17.400,0,0,0,0,0,0,0,0,0,0,0
5756,0.185,0.143,16.698,17.026,17.425,0,0,0,0,0,0,0,0,0,0,0
5757,0.193,0.149,16.743,17.085,17.413,0,0,0,0,0,0,0,0,0,0,0
5758,0.264,0.227,16.542,17.032,17.561,0,0,0,0,0,0,0,0,0,0,0
5759,0.293,0.294,16.437,17.023,17.472,0,0,0,0,0,0,0,0,0,0,0
5760,0.222,0.230,16.576,17.028,17.562,0,0,0,0,0,0,0,0,0,0,0
5761,0.243,0.178,16.607,17.028,17.444,0,0,0,0,0,0,0,0,0,0,0
5762,0.229,0.212,16.580,17.021,17.686,0,0,0,0,0,0,0,0,0,0,0
5763,0.223,0.197,16.600,17.020,17.403,0,0,0,0,0,0,0,0,0,0,0
5764,0.227,0.189,16.545,16.961,17.439,0,0,0,0,0,0,0,0,0,0,0
5765,0.190,0.212,16.251,16.653,17.368,0,0,0,0,0,0,0,0,0,0,0
5766,0.269,0.168,16.234,16.670,17.080,0,0,0,0,0,0,0,0,0,0,0
5767,0.230,0.190,16.613,17.034,17.095,0,0,0,0,0,0,0,0,0,0,0
5768,0.276,0.337,16.414,17.027,17.447,0,0,0,0,0,0,0,0,0,0,0
5769,0.223,0.220,15.966,16.408,17.473,0,0,0,0,0,0,0,0,0,0,0
5770,0.308,0.290,16.282,16.880,17.168,0,0,0,0,0,0,0,0,0,0,0
5771,0.279,0.360,16.386,17.025,17.295,0,0,0,0,0,0,0,0,0,0,0
5772,0.221,0.241,15.798,16.259,17.659,0,0,0,0,0,0,0,0,0,0,0
5773,0.278,0.179,15.969,16.425,16.673,0,0,0,0,0,0,0,0,0,0,0
5774,0.249,0.241,15.619,16.110,16.797,0,0,0,0,0,0,0,0,0,0,0
5775,0.249,0.205,16.446,16.900,16.505,0,0,0,0,0,0,0,0,0,0,0
5776,0.193,0.170,16.670,17.033,17.366,0,0,0,0,0,0,0,0,0,0,0
5777,0.265,0.232,16.529,17.027,17.742,0,0,0,0,0,0,0,0,0,0,0
5778,0.350,0.241,16.433,17.024,17.727,0,0,0,0,0,0,0,0,0,0,0
5779,0.165,0.144,16.715,17.024,17.400,0,0,0,0,0,0,0,0,0,0,0
5780,0.186,0.235,16.606,17.026,17.303,0,0,0,0,0,0,0,0,0,0,0
5781,0.148,0.148,16.477,16.773,17.359,0,0,0,0,0,0,0,0,0,0,0
5782,0.262,0.308,16.456,17.027,17.415,0,0,0,0,0,0,0,0,0,0,0
5783,0.176,0.190,15.875,16.240,17.390,0,0,0,0,0,0,0,0,0,0,0
5784,0.153,0.142,16.749,17.044,16.645,0,0,0,0,0,0,0,0,0,0,0
5785,0.279,0.243,16.509,17.031,17.475,0,0,0,0,0,0,0,0,0,0,0
5786,0.148,0.206,16.667,17.021,17.619,0,0,0,0,0,0,0,0,0,0,0
5787,0.228,0.199,16.615,17.042,17.416,0,0,0,0,0,0,0,0,0,0,0
5788,0.399,0.290,16.346,17.034,17.895,0,0,0,0,0,0,0,0,0,0,0
5789,0.181,0.153,16.697,17.030,17.615,0,0,0,0,0,0,0,0,0,0,0
5790,0.233,0.138,16.365,16.737,17.678,0,0,0,0,0,0,0,0,0,0,0
5791,0.199,0.228,16.598,17.024,17.116,0,0,0,0,0,0,0,0,0,0,0
5792,0.324,0.339,16.374,17.037,17.478,0,0,0,0,0,0,0,0,0,0,0
5793,0.287,0.259,16.231,16.777,17.473,0,0,0,0,0,0,0,0,0,0,0
5794,0.300,0.396,16.345,17.041,17.199,0,0,0,0,0,0,0,0,0,0,0
5795,0.438,0.342,16.261,17.041,17.776,0,0,0,0,0,0,0,0,0,0,0
5796,0.289,0.226,16.525,17.039,17.689,0,0,0,0,0,0,0,0,0,0,0
5797,0.454,0.254,16.314,17.022,17.685,0,0,0,0,0,0,0,0,0,0,0
5798,0.131,0.130,16.760,17.021,17.332,0,0,0,0,0,0,0,0,0,0,0
5799,0.290,0.378,16.363,17.031,17.436,0,0,0,0,0,0,0,0,0,0,0
5800,0.397,0.188,16.432,17.017,17.734,0,0,0,0,0,0,0,0,0,0,0
5801,0.133,0.125,16.759,17.016,17.333,0,0,0,0,0,0,0,0,0,0,0
5802,0.221,0.188,16.401,16.810,17.383,0,0,0,0,0,0,0,0,0,0,0
5803,0.271,0.377,16.390,17.038,17.515,0,0,0,0,0,0,0,0,0,0,0
5804,0.236,0.198,16.592,17.026,17.704,0,0,0,0,0,0,0,0,0,0,0
5805,0.160,0.147,16.716,17.023,17.335,0,0,0,0,0,0,0,0,0,0,0
5806,0.208,0.273,15.957,16.437,17.411,0,0,0,0,0,0,0,0,0,0,0
5807,0.391,0.300,16.358,17.049,16.903,0,0,0,0,0,0,0,0,0,0,0
5808,0.269,0.198,16.577,17.043,17.728,0,0,0,0,0,0,0,0,0,0,0
5809,0.365,0.217,16.461,17.043,17.735,0,0,0,0,0,0,0,0,0,0,0
5810,0.285,0.233,16.189,16.706,17.750,0,0,0,0,0,0,0,0,0,0,0
5811,0.217,0.160,15.878,16.254,17.340,0,0,0,0,0,0,0,0,0,0,0
5812,0.097,0.072,16.113,16.283,16.737,0,0,0,0,0,0,0,0,0,0,0
5813,0.093,0.085,16.210,16.388,16.554,0,0,0,0,0,0,0,0,0,0,0
5814,0.170,0.135,16.541,16.846,16.674,0,0,0,0,0,0,0,0,0,0,0
5815,0.111,0.083,16.404,16.597,17.140,0,0,0,0,0,0,0,0,0,0,0
5816,0.223,0.167,16.630,17.020,17.020,0,0,0,0,0,0,0,0,0,0,0
5817,0.237,0.163,16.618,17.019,17.346,0,0,0,0,0,0,0,0,0,0,0
5818,0.171,0.139,16.710,17.020,17.334,0,0,0,0,0,0,0,0,0,0,0
5819,0.265,0.209,16.542,17.016,17.366,0,0,0,0,0,0,0,0,0,0,0
5820,0.161,0.136,16.745,17.042,17.392,0,0,0,0,0,0,0,0,0,0,0
5821,0.277,0.187,15.720,16.183,17.432,0,0,0,0,0,0,0,0,0,0,0
5822,0.179,0.156,15.926,16.261,16.569,0,0,0,0,0,0,0,0,0,0,0
5823,0.145,0.130,16.756,17.030,16.675,0,0,0,0,0,0,0,0,0,0,0
5824,0.368,0.342,16.318,17.028,17.507,0,0,0,0,0,0,0,0,0,0,0
5825,0.228,0.256,16.544,17.028,17.505,0,0,0,0,0,0,0,0,0,0,0
5826,0.356,0.219,15.763,16.339,17.546,0,0,0,0,0,0,0,0,0,0,0
5827,0.397,0.316,15.917,16.630,17.276,0,0,0,0,0,0,0,0,0,0,0
5828,0.262,0.270,16.496,17.028,17.178,0,0,0,0,0,0,0,0,0,0,0
5829,0.369,0.299,16.369,17.037,17.912,0,0,0,0,0,0,0,0,0,0,0
5830,0.342,0.272,16.467,17.081,18.001,0,0,0,0,0,0,0,0,0,0,0
5831,0.550,0.458,15.671,16.678,18.131,0,0,0,0,0,0,0,0,0,0,0
5832,0.255,0.305,16.447,17.006,17.236,0,0,0,0,0,0,0,0,0,0,0
5833,0.392,0.297,16.200,16.888,18.087,0,0,0,0,0,0,0,0,0,0,0
5834,0.247,0.246,16.529,17.022,17.386,0,0,0,0,0,0,0,0,0,0,0
5835,0.213,0.242,16.578,17.033,17.506,0,0,0,0,0,0,0,0,0,0,0
5836,0.381,0.284,15.911,16.576,17.610,0,0,0,0,0,0,0,0,0,0,0
5837,0.560,0.286,16.222,17.067,17.531,0,0,0,0,0,0,0,0,0,0,0
5838,0.517,0.364,15.955,16.835,18.100,0,0,0,0,0,0,0,0,0,0,0
5839,0.330,0.280,16.109,16.719,17.785,0,0,0,0,0,0,0,0,0,0,0
5840,0.347,0.235,16.438,17.020,17.181,0,0,0,0,0,0,0,0,0,0,0
5841,0.370,0.208,16.319,16.898,18.141,0,0,0,0,0,0,0,0,0,0,0
5842,0.178,0.135,16.719,17.032,17.290,0,0,0,0,0,0,0,0,0,0,0
5843,0.277,0.290,16.460,17.028,17.516,0,0,0,0,0,0,0,0,0,0,0
5844,0.328,0.258,15.939,16.525,17.523,0,0,0,0,0,0,0,0,0,0,0
5845,0.298,0.219,16.530,17.047,16.968,0,0,0,0,0,0,0,0,0,0,0
5846,0.247,0.236,15.962,16.444,17.566,0,0,0,0,0,0,0,0,0,0,0
5847,0.197,0.145,16.676,17.017,16.884,0,0,0,0,0,0,0,0,0,0,0
5848,0.178,0.180,16.683,17.041,17.650,0,0,0,0,0,0,0,0,0,0,0
5849,0.354,0.350,16.341,17.046,17.846,0,0,0,0,0,0,0,0,0,0,0
5850,0.367,0.296,16.288,16.950,17.464,0,0,0,0,0,0,0,0,0,0,0
5851,0.241,0.239,15.767,16.247,17.375,0,0,0,0,0,0,0,0,0,0,0
5852,0.277,0.218,16.537,17.032,16.730,0,0,0,0,0,0,0,0,0,0,0
5853,0.187,0.179,16.651,17.017,17.458,0,0,0,0,0,0,0,0,0,0,0
5854,0.183,0.136,16.700,17.019,17.473,0,0,0,0,0,0,0,0,0,0,0
5855,0.207,0.180,16.624,17.011,17.446,0,0,0,0,0,0,0,0,0,0,0
5856,0.079,0.083,16.371,16.534,17.330,0,0,0,0,0,0,0,0,0,0,0
5857,0.194,0.146,16.673,17.013,16.923,0,0,0,0,0,0,0,0,0,0,0
5858,0.123,0.119,16.597,16.839,17.357,0,0,0,0,0,0,0,0,0,0,0
5859,0.147,0.136,16.729,17.012,17.196,0,0,0,0,0,0,0,0,0,0,0
5860,0.118,0.094,16.509,16.721,17.366,0,0,0,0,0,0,0,0,0,0,0
5861,0.102,0.088,16.820,17.011,17.090,0,0,0,0,0,0,0,0,0,0,0
5862,0.123,0.099,15.936,16.158,17.378,0,0,0,0,0,0,0,0,0,0,0
5863,0.107,0.121,16.615,16.844,16.555,0,0,0,0,0,0,0,0,0,0,0
5864,0.180,0.111,16.723,17.014,17.276,0,0,0,0,0,0,0,0,0,0,0
5865,0.142,0.127,16.746,17.015,17.421,0,0,0,0,0,0,0,0,0,0,0
5866,0.155,0.137,16.668,16.961,17.434,0,0,0,0,0,0,0,0,0,0,0
5867,0.286,0.233,16.503,17.022,17.420,0,0,0,0,0,0,0,0,0,0,0
5868,0.134,0.110,16.779,17.023,17.414,0,0,0,0,0,0,0,0,0,0,0
5869,0.331,0.243,16.450,17.024,17.592,0,0,0,0,0,0,0,0,0,0,0
5870,0.188,0.149,16.689,17.026,17.436,0,0,0,0,0,0,0,0,0,0,0
5871,0.244,0.199,15.808,16.251,17.546,0,0,0,0,0,0,0,0,0,0,0
5872,0.249,0.202,16.565,17.016,16.792,0,0,0,0,0,0,0,0,0,0,0
5873,0.148,0.130,16.714,16.993,17.430,0,0,0,0,0,0,0,0,0,0,0
5874,0.227,0.169,16.626,17.022,17.478,0,0,0,0,0,0,0,0,0,0,0
5875,0.156,0.160,16.702,17.018,17.514,0,0,0,0,0,0,0,0,0,0,0
5876,0.304,0.131,16.583,17.017,17.606,0,0,0,0,0,0,0,0,0,0,0
5877,0.199,0.168,16.653,17.020,17.516,0,0,0,0,0,0,0,0,0,0,0
5878,0.210,0.204,16.606,17.020,17.520,0,0,0,0,0,0,0,0,0,0,0
5879,0.252,0.377,16.388,17.016,17.499,0,0,0,0,0,0,0,0,0,0,0
5880,0.164,0.179,16.672,17.016,17.455,0,0,0,0,0,0,0,0,0,0,0
5881,0.207,0.171,16.640,17.018,17.503,0,0,0,0,0,0,0,0,0,0,0
5882,0.201,0.160,16.660,17.021,17.509,0,0,0,0,0,0,0,0,0,0,0
5883,0.253,0.225,16.540,17.018,17.628,0,0,0,0,0,0,0,0,0,0,0
5884,0.203,0.176,16.644,17.023,17.541,0,0,0,0,0,0,0,0,0,0,0
5885,0.205,0.286,16.528,17.018,17.527,0,0,0,0,0,0,0,0,0,0,0
5886,0.246,0.206,16.291,16.744,17.482,0,0,0,0,0,0,0,0,0,0,0
5887,0.199,0.209,16.242,16.650,17.264,0,0,0,0,0,0,0,0,0,0,0
5888,0.345,0.442,16.233,17.020,17.134,0,0,0,0,0,0,0,0,0,0,0
5889,0.161,0.089,16.784,17.033,17.444,0,0,0,0,0,0,0,0,0,0,0
5890,0.246,0.201,16.576,17.024,17.553,0,0,0,0,0,0,0,0,0,0,0
5891,0.251,0.217,16.553,17.021,17.515,0,0,0,0,0,0,0,0,0,0,0
5892,0.181,0.151,16.689,17.021,17.459,0,0,0,0,0,0,0,0,0,0,0
5893,0.320,0.200,16.501,17.021,17.499,0,0,0,0,0,0,0,0,0,0,0
5894,0.205,0.166,16.656,17.027,17.503,0,0,0,0,0,0,0,0,0,0,0
5895,0.270,0.194,16.557,17.021,17.550,0,0,0,0,0,0,0,0,0,0,0
5896,0.196,0.149,15.703,16.047,17.473,0,0,0,0,0,0,0,0,0,0,0
5897,0.245,0.178,16.608,17.031,16.506,0,0,0,0,0,0,0,0,0,0,0
5898,0.226,0.177,16.213,16.616,17.554,0,0,0,0,0,0,0,0,0,0,0
5899,0.177,0.183,16.334,16.694,17.041,0,0,0,0,0,0,0,0,0,0,0
5900,0.309,0.280,16.437,17.026,17.221,0,0,0,0,0,0,0,0,0,0,0
5901,0.196,0.151,16.672,17.020,17.493,0,0,0,0,0,0,0,0,0,0,0
5902,0.111,0.117,16.376,16.603,17.373,0,0,0,0,0,0,0,0,0,0,0
5903,0.268,0.256,16.491,17.015,17.088,0,0,0,0,0,0,0,0,0,0,0
5904,0.167,0.136,16.724,17.027,17.424,0,0,0,0,0,0,0,0,0,0,0
5905,0.241,0.208,16.574,17.023,17.532,0,0,0,0,0,0,0,0,0,0,0
5906,0.209,0.244,16.608,17.061,17.549,0,0,0,0,0,0,0,0,0,0,0
5907,0.306,0.243,16.469,17.017,17.609,0,0,0,0,0,0,0,0,0,0,0
5908,0.205,0.165,16.651,17.022,17.478,0,0,0,0,0,0,0,0,0,0,0
5909,0.249,0.236,16.537,17.022,17.488,0,0,0,0,0,0,0,0,0,0,0
5910,0.358,0.238,16.421,17.017,17.520,0,0,0,0,0,0,0,0,0,0,0
5911,0.215,0.190,16.621,17.026,17.481,0,0,0,0,0,0,0,0,0,0,0
5912,0.277,0.171,16.569,17.017,17.512,0,0,0,0,0,0,0,0,0,0,0
5913,0.180,0.147,16.696,17.023,17.447,0,0,0,0,0,0,0,0,0,0,0
5914,0.239,0.210,16.574,17.022,17.516,0,0,0,0,0,0,0,0,0,0,0
5915,0.231,0.201,16.589,17.021,17.512,0,0,0,0,0,0,0,0,0,0,0
5916,0.128,0.105,16.552,16.784,17.409,0,0,0,0,0,0,0,0,0,0,0
5917,0.166,0.116,16.738,17.020,17.177,0,0,0,0,0,0,0,0,0,0,0
5918,0.123,0.091,16.801,17.015,17.370,0,0,0,0,0,0,0,0,0,0,0
5919,0.169,0.129,16.723,17.021,17.541,0,0,0,0,0,0,0,0,0,0,0
5920,0.133,0.151,16.731,17.015,17.401,0,0,0,0,0,0,0,0,0,0,0
5921,0.195,0.155,15.753,16.103,17.464,0,0,0,0,0,0,0,0,0,0,0
5922,0.214,0.172,15.647,16.033,16.602,0,0,0,0,0,0,0,0,0,0,0
5923,0.200,0.177,16.649,17.026,16.548,0,0,0,0,0,0,0,0,0,0,0
5924,0.300,0.221,16.519,17.040,17.486,0,0,0,0,0,0,0,0,0,0,0
5925,0.190,0.122,16.723,17.035,17.485,0,0,0,0,0,0,0,0,0,0,0
5926,0.324,0.250,16.157,16.732,17.571,0,0,0,0,0,0,0,0,0,0,0
5927,0.268,0.320,15.735,16.323,17.254,0,0,0,0,0,0,0,0,0,0,0
5928,0.173,0.139,16.712,17.023,16.796,0,0,0,0,0,0,0,0,0,0,0
5929,0.323,0.211,16.491,17.025,17.520,0,0,0,0,0,0,0,0,0,0,0
5930,0.214,0.161,16.038,16.414,17.494,0,0,0,0,0,0,0,0,0,0,0
5931,0.239,0.311,16.473,17.022,16.944,0,0,0,0,0,0,0,0,0,0,0
5932,0.215,0.221,16.587,17.023,17.562,0,0,0,0,0,0,0,0,0,0,0
5933,0.241,0.235,16.548,17.024,17.537,0,0,0,0,0,0,0,0,0,0,0
5934,0.274,0.254,16.502,17.031,17.583,0,0,0,0,0,0,0,0,0,0,0
5935,0.181,0.166,16.686,17.033,17.493,0,0,0,0,0,0,0,0,0,0,0
5936,0.272,0.219,15.589,16.079,17.516,0,0,0,0,0,0,0,0,0,0,0
5937,0.236,0.161,16.624,17.020,16.583,0,0,0,0,0,0,0,0,0,0,0
5938,0.198,0.141,16.686,17.025,17.508,0,0,0,0,0,0,0,0,0,0,0
5939,0.317,0.326,16.376,17.018,17.558,0,0,0,0,0,0,0,0,0,0,0
5940,0.137,0.131,16.749,17.017,17.428,0,0,0,0,0,0,0,0,0,0,0
5941,0.272,0.205,16.540,17.017,17.525,0,0,0,0,0,0,0,0,0,0,0
5942,0.187,0.229,16.604,17.020,17.470,0,0,0,0,0,0,0,0,0,0,0
5943,0.224,0.187,16.611,17.022,17.549,0,0,0,0,0,0,0,0,0,0,0
5944,0.217,0.166,16.635,17.018,17.494,0,0,0,0,0,0,0,0,0,0,0
5945,0.193,0.125,16.704,17.022,17.485,0,0,0,0,0,0,0,0,0,0,0
5946,0.299,0.216,16.506,17.021,17.552,0,0,0,0,0,0,0,0,0,0,0
5947,0.200,0.184,16.640,17.023,17.470,0,0,0,0,0,0,0,0,0,0,0
5948,0.267,0.166,16.583,17.016,17.587,0,0,0,0,0,0,0,0,0,0,0
5949,0.158,0.235,16.639,17.032,17.490,0,0,0,0,0,0,0,0,0,0,0
5950,0.199,0.196,15.872,16.266,17.520,0,0,0,0,0,0,0,0,0,0,0
5951,0.196,0.225,15.970,16.391,16.794,0,0,0,0,0,0,0,0,0,0,0
5952,0.144,0.162,16.432,16.739,16.810,0,0,0,0,0,0,0,0,0,0,0
5953,0.289,0.233,16.156,16.678,17.110,0,0,0,0,0,0,0,0,0,0,0
5954,0.233,0.222,16.589,17.044,17.129,0,0,0,0,0,0,0,0,0,0,0
5955,0.228,0.197,16.600,17.025,17.583,0,0,0,0,0,0,0,0,0,0,0
5956,0.306,0.197,16.517,17.020,17.513,0,0,0,0,0,0,0,0,0,0,0
5957,0.199,0.161,16.583,16.943,17.476,0,0,0,0,0,0,0,0,0,0,0
5958,0.267,0.190,16.563,17.020,17.426,0,0,0,0,0,0,0,0,0,0,0
5959,0.179,0.155,16.692,17.025,17.457,0,0,0,0,0,0,0,0,0,0,0
5960,0.289,0.171,15.652,16.112,17.594,0,0,0,0,0,0,0,0,0,0,0
5961,0.192,0.183,15.930,16.305,16.624,0,0,0,0,0,0,0,0,0,0,0
5962,0.198,0.167,16.660,17.024,16.779,0,0,0,0,0,0,0,0,0,0,0
5963,0.238,0.374,16.416,17.029,17.515,0,0,0,0,0,0,0,0,0,0,0
5964,0.189,0.201,16.502,16.893,17.489,0,0,0,0,0,0,0,0,0,0,0
5965,0.319,0.191,15.677,16.187,17.371,0,0,0,0,0,0,0,0,0,0,0
5966,0.185,0.140,16.582,16.907,16.702,0,0,0,0,0,0,0,0,0,0,0
5967,0.206,0.215,16.604,17.025,17.361,0,0,0,0,0,0,0,0,0,0,0
5968,0.144,0.102,16.770,17.016,17.401,0,0,0,0,0,0,0,0,0,0,0
5969,0.116,0.112,16.165,16.393,17.377,0,0,0,0,0,0,0,0,0,0,0
5970,0.176,0.140,16.699,17.015,16.754,0,0,0,0,0,0,0,0,0,0,0
5971,0.105,0.092,16.817,17.015,17.369,0,0,0,0,0,0,0,0,0,0,0
5972,0.168,0.133,16.729,17.030,17.424,0,0,0,0,0,0,0,0,0,0,0
5973,0.273,0.248,15.574,16.095,17.867,0,0,0,0,0,0,0,0,0,0,0
5974,0.244,0.345,15.521,16.110,17.088,0,0,0,0,0,0,0,0,0,0,0
5975,0.343,0.315,16.371,17.028,17.366,0,0,0,0,0,0,0,0,0,0,0
5976,0.216,0.351,16.476,17.042,17.466,0,0,0,0,0,0,0,0,0,0,0
5977,0.220,0.160,16.022,16.402,17.953,0,0,0,0,0,0,0,0,0,0,0
5978,0.185,0.182,16.658,17.025,16.844,0,0,0,0,0,0,0,0,0,0,0
5979,0.310,0.250,16.466,17.026,17.557,0,0,0,0,0,0,0,0,0,0,0
5980,0.247,0.194,16.580,17.022,17.545,0,0,0,0,0,0,0,0,0,0,0
5981,0.238,0.188,16.598,17.024,17.795,0,0,0,0,0,0,0,0,0,0,0
5982,0.244,0.180,16.609,17.033,17.548,0,0,0,0,0,0,0,0,0,0,0
5983,0.243,0.192,16.594,17.029,17.896,0,0,0,0,0,0,0,0,0,0,0
5984,0.270,0.314,16.439,17.023,17.537,0,0,0,0,0,0,0,0,0,0,0
5985,0.185,0.143,16.691,17.018,17.442,0,0,0,0,0,0,0,0,0,0,0
5986,0.159,0.220,16.648,17.027,17.497,0,0,0,0,0,0,0,0,0,0,0
5987,0.426,0.318,16.293,17.038,17.543,0,0,0,0,0,0,0,0,0,0,0
5988,0.195,0.152,16.674,17.021,17.968,0,0,0,0,0,0,0,0,0,0,0
5989,0.115,0.147,16.751,17.014,17.386,0,0,0,0,0,0,0,0,0,0,0
5990,0.208,0.215,16.343,16.766,17.550,0,0,0,0,0,0,0,0,0,0,0
5991,0.258,0.158,16.608,17.024,17.314,0,0,0,0,0,0,0,0,0,0,0
5992,0.199,0.177,16.639,17.015,17.480,0,0,0,0,0,0,0,0,0,0,0
5993,0.195,0.195,16.634,17.024,17.452,0,0,0,0,0,0,0,0,0,0,0
5994,0.324,0.181,16.513,17.018,17.572,0,0,0,0,0,0,0,0,0,0,0
5995,0.131,0.153,16.742,17.026,17.397,0,0,0,0,0,0,0,0,0,0,0
5996,0.278,0.234,16.519,17.032,17.508,0,0,0,0,0,0,0,0,0,0,0
5997,0.191,0.182,16.661,17.034,17.834,0,0,0,0,0,0,0,0,0,0,0
5998,0.293,0.276,16.460,17.028,17.536,0,0,0,0,0,0,0,0,0,0,0
5999,0.248,0.175,15.763,16.186,17.492,0,0,0,0,0,0,0,0,0,0,0
6000,0.207,0.174,16.637,17.018,16.707,0,0,0,0,0,0,0,0,0,0,0
