frame,update_ms,render_ms,swap_ms,frame_ms,loop_ms,total_vertices,visible_vertices,culled_vertices,total_batches,visible_batches,draw_calls,vbo_bytes,index_bytes,texture_binds,material_changes,reflection_passes
1,1.487,0.667,0.000,2.154,2.154,697965,1781607,0,811,761,761,44669760,1412988,394,422,0
2,1.589,0.636,0.000,2.225,2.349,697965,1781607,0,811,761,761,44669760,1412988,394,422,0
3,1.573,0.649,0.000,2.222,2.359,697965,1781607,0,811,761,761,44669760,1412988,394,422,0
4,1.577,0.684,0.000,2.261,2.348,697965,1781607,0,811,761,761,44669760,1412988,394,422,0
5,1.533,0.649,0.000,2.182,2.392,697965,1781607,0,811,761,761,44669760,1412988,394,422,0
6,1.546,0.716,0.000,2.263,2.311,697965,1781607,0,811,761,761,44669760,1412988,394,422,0
7,1.683,0.665,0.000,2.348,2.410,697965,1781607,0,811,761,761,44669760,1412988,394,422,0
8,1.541,0.687,0.000,2.227,2.473,697965,1781607,0,811,761,761,44669760,1412988,394,422,0
9,1.537,0.654,0.000,2.191,2.351,697965,1781607,0,811,761,761,44669760,1412988,394,422,0
10,1.554,0.668,0.000,2.223,2.316,697965,1781607,0,811,761,761,44669760,1412988,394,422,0
11,1.541,0.684,0.000,2.225,2.350,697965,1781607,0,811,761,761,44669760,1412988,394,422,0
12,1.513,0.676,0.000,2.189,2.353,697965,1781607,0,811,761,761,44669760,1412988,394,422,0
13,1.556,0.655,0.000,2.211,2.315,697965,1781607,0,811,761,761,44669760,1412988,394,422,0
14,1.547,0.661,0.000,2.208,2.334,697965,1781607,0,811,761,761,44669760,1412988,394,422,0
15,1.531,0.678,0.000,2.209,2.333,697965,1781607,0,811,761,761,44669760,1412988,394,422,0
16,1.549,0.661,0.000,2.210,2.333,697965,1781607,0,811,761,761,44669760,1412988,394,422,0
17,1.528,0.658,0.000,2.186,2.332,697965,1781607,0,811,761,761,44669760,1412988,394,422,0
18,1.523,0.676,0.000,2.199,2.313,697965,1781607,0,811,761,761,44669760,1412988,394,422,0
19,1.522,0.665,0.000,2.187,2.323,697965,1781607,0,811,761,761,44669760,1412988,394,422,0
20,1.513,0.663,0.000,2.176,2.308,697965,1781607,0,811,761,761,44669760,1412988,394,422,0
21,1.511,0.660,0.000,2.171,2.299,697965,1781607,0,811,761,761,44669760,1412988,394,422,0
22,1.527,0.660,0.000,2.187,2.295,697965,1781607,0,811,761,761,44669760,1412988,394,422,0
23,1.534,0.670,0.000,2.204,2.310,697965,1781607,0,811,761,761,44669760,1412988,394,422,0
24,1.478,0.690,0.000,2.168,2.328,697965,1781607,0,811,761,761,44669760,1412988,394,422,0
25,1.520,0.685,0.000,2.205,2.301,697965,1781607,0,811,761,761,44669760,1412988,394,422,0
26,1.566,0.660,0.000,2.226,2.330,697965,1781607,0,811,761,761,44669760,1412988,394,422,0
27,1.459,0.696,0.000,2.155,2.346,697965,1781607,0,811,761,761,44669760,1412988,394,422,0
28,1.470,0.635,0.000,2.105,2.275,697965,1781607,0,811,761,761,44669760,1412988,394,422,0
29,1.445,0.673,0.000,2.118,2.219,697965,1781607,0,811,761,761,44669760,1412988,394,422,0
30,1.522,0.675,0.000,2.197,2.249,697965,1781607,0,811,761,761,44669760,1412988,394,422,0
31,1.483,0.686,0.000,2.169,2.324,697965,1781607,0,811,761,761,44669760,1412988,394,422,0
32,1.489,0.652,0.000,2.141,2.297,697965,1781607,0,811,761,761,44669760,1412988,394,422,0
33,1.521,0.658,0.000,2.180,2.262,697965,1781607,0,811,761,761,44669760,1412988,394,422,0
34,1.552,0.650,0.000,2.202,2.304,697965,1781607,0,811,761,761,44669760,1412988,394,422,0
35,1.482,0.660,0.000,2.142,2.326,697965,1781607,0,811,761,761,44669760,1412988,394,422,0
36,1.512,0.661,0.000,2.173,2.263,697965,1781607,0,811,761,761,44669760,1412988,394,422,0
37,1.487,0.678,0.000,2.164,2.294,697965,1781607,0,811,761,761,44669760,1412988,394,422,0
38,1.512,0.671,0.000,2.184,2.289,697965,1781607,0,811,761,761,44669760,1412988,394,422,0
39,1.525,0.650,0.000,2.175,2.309,697965,1781607,0,811,761,761,44669760,1412988,394,422,0
40,1.535,0.648,0.000,2.183,2.298,697965,1781607,0,811,761,761,44669760,1412988,394,422,0
41,1.483,0.686,0.000,2.169,2.311,697965,1781607,0,811,761,761,44669760,1412988,394,422,0
42,1.485,0.655,0.000,2.140,2.291,697965,1781607,0,811,761,761,44669760,1412988,394,422,0
43,1.499,0.648,0.000,2.147,2.265,697965,1781607,0,811,761,761,44669760,1412988,394,422,0
44,1.475,0.638,0.000,2.114,2.269,697965,1781607,0,811,761,761,44669760,1412988,394,422,0
45,1.494,0.684,0.000,2.178,2.240,697965,1781607,0,811,761,761,44669760,1412988,394,422,0
46,1.508,0.677,0.000,2.185,2.273,697965,1781607,0,811,761,761,44669760,1412988,394,422,0
47,1.499,0.669,0.000,2.168,2.281,697965,1781607,0,811,761,761,44669760,1412988,394,422,0
48,1.497,0.701,0.000,2.198,2.263,697965,1781607,0,811,761,761,44669760,1412988,394,422,0
49,1.493,0.680,0.000,2.173,2.295,697965,1781607,0,811,761,761,44669760,1412988,394,422,0
50,1.514,0.642,0.000,2.156,2.269,697965,1781607,0,811,761,761,44669760,1412988,394,422,0
51,1.559,0.715,0.000,2.274,2.257,697965,1781607,0,811,761,761,44669760,1412988,394,422,0
52,1.501,0.647,0.000,2.149,2.375,697965,1781607,0,811,761,761,44669760,1412988,394,422,0
53,1.470,0.659,0.000,2.130,2.249,697965,1781607,0,811,761,761,44669760,1412988,394,422,0
54,1.530,0.659,0.000,2.188,2.230,697965,1781607,0,811,761,761,44669760,1412988,394,422,0
55,1.519,0.686,0.000,2.205,2.285,697965,1781607,0,811,761,761,44669760,1412988,394,422,0
56,1.564,0.658,0.000,2.221,2.300,697965,1781607,0,811,761,761,44669760,1412988,394,422,0
57,1.536,0.683,0.000,2.218,2.326,697965,1781607,0,811,761,761,44669760,1412988,394,422,0
58,1.538,0.688,0.000,2.227,2.318,697965,1781607,0,811,761,761,44669760,1412988,394,422,0
59,1.516,0.675,0.000,2.191,2.321,697965,1781607,0,811,761,761,44669760,1412988,394,422,0
60,1.585,0.674,0.000,2.259,2.288,697965,1781607,0,811,761,761,44669760,1412988,394,422,0
61,1.542,0.642,0.000,2.184,2.356,697965,1781607,0,811,761,761,44669760,1412988,394,422,0
62,1.513,0.674,0.000,2.187,2.277,697965,1781607,0,811,761,761,44669760,1412988,394,422,0
63,1.505,0.683,0.000,2.188,2.286,697965,1781607,0,811,761,761,44669760,1412988,394,422,0
64,1.516,0.675,0.000,2.191,2.283,697965,1781607,0,811,761,761,44669760,1412988,394,422,0
65,1.509,0.653,0.000,2.163,2.286,697965,1781607,0,811,761,761,44669760,1412988,394,422,0
66,1.485,0.679,0.000,2.164,2.265,697965,1781607,0,811,761,761,44669760,1412988,394,422,0
67,1.493,0.698,0.000,2.190,2.262,697965,1781607,0,811,761,761,44669760,1412988,394,422,0
68,1.520,0.676,0.000,2.196,2.289,697965,1781607,0,811,761,761,44669760,1412988,394,422,0
69,1.505,0.670,0.000,2.175,2.291,697965,1781607,0,811,761,761,44669760,1412988,394,422,0
70,1.487,0.678,0.000,2.165,2.279,697965,1781607,0,811,761,761,44669760,1412988,394,422,0
71,1.520,0.662,0.000,2.182,2.261,697965,1781607,0,811,761,761,44669760,1412988,394,422,0
72,1.484,0.672,0.000,2.156,2.275,697965,1781607,0,811,761,761,44669760,1412988,394,422,0
73,1.472,0.684,0.000,2.156,2.250,697965,1781607,0,811,761,761,44669760,1412988,394,422,0
74,1.484,0.680,0.000,2.164,2.258,697965,1781607,0,811,761,761,44669760,1412988,394,422,0
75,1.525,0.663,0.000,2.189,2.263,697965,1781607,0,811,761,761,44669760,1412988,394,422,0
76,1.523,0.659,0.000,2.182,2.282,697965,1781607,0,811,761,761,44669760,1412988,394,422,0
77,1.525,0.684,0.000,2.209,2.280,697965,1781607,0,811,761,761,44669760,1412988,394,422,0
78,1.622,0.674,0.000,2.296,2.303,697965,1781607,0,811,761,761,44669760,1412988,394,422,0
79,1.518,0.653,0.000,2.171,2.390,697965,1781607,0,811,761,761,44669760,1412988,394,422,0
80,1.537,0.658,0.000,2.195,2.267,697965,1781607,0,811,761,761,44669760,1412988,394,422,0
81,1.511,0.660,0.000,2.171,2.293,697965,1781607,0,811,761,761,44669760,1412988,394,422,0
82,1.505,0.669,0.000,2.174,2.270,697965,1781607,0,811,761,761,44669760,1412988,394,422,0
83,1.474,0.658,0.000,2.132,2.269,697965,1781607,0,811,761,761,44669760,1412988,394,422,0
84,1.498,0.673,0.000,2.171,2.227,697965,1781607,0,811,761,761,44669760,1412988,394,422,0
85,1.514,0.666,0.000,2.181,2.266,697965,1781607,0,811,761,761,44669760,1412988,394,422,0
86,1.465,0.652,0.000,2.117,2.277,697965,1781607,0,811,761,761,44669760,1412988,394,422,0
87,1.463,0.699,0.000,2.162,2.212,697965,1781607,0,811,761,761,44669760,1412988,394,422,0
88,1.462,0.676,0.000,2.138,2.258,697965,1781607,0,811,761,761,44669760,1412988,394,422,0
89,1.499,0.687,0.000,2.185,2.235,697965,1781607,0,811,761,761,44669760,1412988,394,422,0
90,1.483,0.689,0.000,2.173,2.280,697965,1781607,0,811,761,761,44669760,1412988,394,422,0
91,1.463,0.686,0.000,2.150,2.291,697965,1781607,0,811,761,761,44669760,1412988,394,422,0
92,1.487,0.670,0.000,2.157,2.244,697965,1781607,0,811,761,761,44669760,1412988,394,422,0
93,1.494,0.649,0.000,2.143,2.251,697965,1781607,0,811,761,761,44669760,1412988,394,422,0
94,1.470,0.690,0.000,2.161,2.243,697965,1781607,0,811,761,761,44669760,1412988,394,422,0
95,1.460,0.678,0.000,2.138,2.259,697965,1781607,0,811,761,761,44669760,1412988,394,422,0
96,1.462,0.662,0.000,2.124,2.235,697965,1781607,0,811,761,761,44669760,1412988,394,422,0
97,1.496,0.670,0.000,2.166,2.221,697965,1781607,0,811,761,761,44669760,1412988,394,422,0
98,1.521,0.649,0.000,2.170,2.260,697965,1781607,0,811,761,761,44669760,1412988,394,422,0
99,1.451,0.692,0.000,2.142,2.267,697965,1781607,0,811,761,761,44669760,1412988,394,422,0
100,1.498,0.676,0.000,2.174,2.237,697965,1781607,0,811,761,761,44669760,1412988,394,422,0
101,1.503,0.697,0.000,2.200,2.269,697965,1781607,0,811,761,761,44669760,1412988,394,422,0
102,1.475,0.685,0.000,2.161,2.298,697965,1781607,0,811,761,761,44669760,1412988,394,422,0
103,1.481,0.667,0.000,2.149,2.256,697965,1781607,0,811,761,761,44669760,1412988,394,422,0
104,1.523,0.651,0.000,2.174,2.243,697965,1781607,0,811,761,761,44669760,1412988,394,422,0
105,1.530,0.663,0.000,2.193,2.272,697965,1781607,0,811,761,761,44669760,1412988,394,422,0
106,1.507,0.627,0.000,2.134,2.288,697965,1781607,0,811,761,761,44669760,1412988,394,422,0
107,1.525,0.678,0.000,2.202,2.230,697965,1781607,0,811,761,761,44669760,1412988,394,422,0
108,1.522,0.667,0.000,2.188,2.299,697965,1781607,0,811,761,761,44669760,1412988,394,422,0
109,1.508,0.685,0.000,2.193,2.286,697965,1781607,0,811,761,761,44669760,1412988,394,422,0
110,1.483,0.644,0.000,2.128,2.294,697965,1781607,0,811,761,761,44669760,1412988,394,422,0
111,1.523,0.646,0.000,2.169,2.222,697965,1781607,0,811,761,761,44669760,1412988,394,422,0
112,1.508,0.670,0.000,2.179,2.267,697965,1781607,0,811,761,761,44669760,1412988,394,422,0
113,1.467,0.679,0.000,2.146,2.276,697965,1781607,0,811,761,761,44669760,1412988,394,422,0
114,1.519,0.646,0.000,2.165,2.245,697965,1781607,0,811,761,761,44669760,1412988,394,422,0
115,1.472,0.668,0.000,2.139,2.260,697965,1781607,0,811,761,761,44669760,1412988,394,422,0
116,1.479,0.648,0.000,2.127,2.240,697965,1781607,0,811,761,761,44669760,1412988,394,422,0
117,1.510,0.678,0.000,2.188,2.225,697965,1781607,0,811,761,761,44669760,1412988,394,422,0
118,1.488,0.654,0.000,2.142,2.281,697965,1781607,0,811,761,761,44669760,1412988,394,422,0
119,1.478,0.667,0.000,2.145,2.250,697965,1781607,0,811,761,761,44669760,1412988,394,422,0
120,1.494,0.677,0.000,2.171,2.240,697965,1781607,0,811,761,761,44669760,1412988,394,422,0
121,1.507,0.644,0.000,2.151,2.267,697965,1781607,0,811,761,761,44669760,1412988,394,422,0
122,1.492,0.673,0.000,2.166,2.255,697965,1781607,0,811,761,761,44669760,1412988,394,422,0
123,1.492,0.698,0.000,2.190,2.260,697965,1781607,0,811,761,761,44669760,1412988,394,422,0
124,1.605,0.674,0.000,2.279,2.314,697965,1781607,0,811,761,761,44669760,1412988,394,422,0
125,1.549,0.709,0.000,2.257,2.388,697965,1781607,0,811,761,761,44669760,1412988,394,422,0
126,1.525,0.677,0.000,2.202,2.359,697965,1781607,0,811,761,761,44669760,1412988,394,422,0
127,1.513,0.644,0.000,2.157,2.299,697965,1781607,0,811,761,761,44669760,1412988,394,422,0
128,1.540,0.650,0.000,2.190,2.252,697965,1781607,0,811,761,761,44669760,1412988,394,422,0
129,1.517,0.720,0.000,2.237,2.287,697965,1781607,0,811,761,761,44669760,1412988,394,422,0
130,1.551,0.646,0.000,2.197,2.341,697965,1781607,0,811,761,761,44669760,1412988,394,422,0
131,1.525,0.659,0.000,2.184,2.294,697965,1781607,0,811,761,761,44669760,1412988,394,422,0
132,1.504,0.649,0.000,2.152,2.279,697965,1781607,0,811,761,761,44669760,1412988,394,422,0
133,1.506,0.677,0.000,2.183,2.249,697965,1781607,0,811,761,761,44669760,1412988,394,422,0
134,1.542,0.671,0.000,2.213,2.280,697965,1781607,0,811,761,761,44669760,1412988,394,422,0
135,1.477,0.638,0.000,2.115,2.311,697965,1781607,0,811,761,761,44669760,1412988,394,422,0
136,1.446,0.686,0.000,2.132,2.216,697965,1781607,0,811,761,761,44669760,1412988,394,422,0
137,1.477,0.677,0.000,2.154,2.243,697965,1781607,0,811,761,761,44669760,1412988,394,422,0
138,1.516,0.662,0.000,2.178,2.252,697965,1781607,0,811,761,761,44669760,1412988,394,422,0
139,1.500,0.672,0.000,2.172,2.280,697965,1781607,0,811,761,761,44669760,1412988,394,422,0
140,1.500,0.630,0.000,2.130,2.276,697965,1781607,0,811,761,761,44669760,1412988,394,422,0
141,1.502,0.670,0.000,2.172,2.232,697965,1781607,0,811,761,761,44669760,1412988,394,422,0
142,1.545,0.675,0.000,2.219,2.270,697965,1781607,0,811,761,761,44669760,1412988,394,422,0
143,1.475,0.680,0.000,2.155,2.317,697965,1781607,0,811,761,761,44669760,1412988,394,422,0
144,1.473,0.675,0.000,2.148,2.249,697965,1781607,0,811,761,761,44669760,1412988,394,422,0
145,1.507,0.658,0.000,2.165,2.242,697965,1781607,0,811,761,761,44669760,1412988,394,422,0
146,1.465,0.683,0.000,2.148,2.261,697965,1781607,0,811,761,761,44669760,1412988,394,422,0
147,1.462,0.678,0.000,2.140,2.242,697965,1781607,0,811,761,761,44669760,1412988,394,422,0
148,1.515,0.663,0.000,2.178,2.235,697965,1781607,0,811,761,761,44669760,1412988,394,422,0
149,1.521,0.672,0.000,2.194,2.274,697965,1781607,0,811,761,761,44669760,1412988,394,422,0
150,1.506,0.671,0.000,2.177,2.289,697965,1781607,0,811,761,761,44669760,1412988,394,422,0
151,1.475,0.678,0.000,2.153,2.270,697965,1781607,0,811,761,761,44669760,1412988,394,422,0
152,1.523,0.668,0.000,2.191,2.248,697965,1781607,0,811,761,761,44669760,1412988,394,422,0
153,1.491,0.665,0.000,2.156,2.286,697965,1781607,0,811,761,761,44669760,1412988,394,422,0
154,1.484,0.670,0.000,2.155,2.255,697965,1781607,0,811,761,761,44669760,1412988,394,422,0
155,1.505,0.658,0.000,2.163,2.252,697965,1781607,0,811,761,761,44669760,1412988,394,422,0
156,1.495,0.638,0.000,2.133,2.260,697965,1781607,0,811,761,761,44669760,1412988,394,422,0
157,1.505,0.671,0.000,2.176,2.230,697965,1781607,0,811,761,761,44669760,1412988,394,422,0
158,1.528,0.674,0.000,2.202,2.271,697965,1781607,0,811,761,761,44669760,1412988,394,422,0
159,1.473,0.680,0.000,2.153,2.296,697965,1781607,0,811,761,761,44669760,1412988,394,422,0
160,1.518,0.686,0.000,2.203,2.248,697965,1781607,0,811,761,761,44669760,1412988,394,422,0
161,1.483,0.690,0.000,2.173,2.303,697965,1781607,0,811,761,761,44669760,1412988,394,422,0
162,1.507,0.666,0.000,2.173,2.271,697965,1781607,0,811,761,761,44669760,1412988,394,422,0
163,1.453,0.657,0.000,2.110,2.269,697965,1781607,0,811,761,761,44669760,1412988,394,422,0
164,1.513,0.658,0.000,2.171,2.205,697965,1781607,0,811,761,761,44669760,1412988,394,422,0
165,1.440,0.663,0.000,2.103,2.268,697965,1781607,0,811,761,761,44669760,1412988,394,422,0
166,1.511,0.644,0.000,2.155,2.198,697965,1781607,0,811,761,761,44669760,1412988,394,422,0
167,1.486,0.684,0.000,2.170,2.249,697965,1781607,0,811,761,761,44669760,1412988,394,422,0
168,1.485,0.676,0.000,2.161,2.266,697965,1781607,0,811,761,761,44669760,1412988,394,422,0
169,1.453,0.666,0.000,2.119,2.257,697965,1781607,0,811,761,761,44669760,1412988,394,422,0
170,1.492,0.650,0.000,2.142,2.216,697965,1781607,0,811,761,761,44669760,1412988,394,422,0
171,1.424,0.634,0.000,2.058,2.237,697965,1781607,0,811,761,761,44669760,1412988,394,422,0
172,1.472,0.647,0.000,2.120,2.153,697965,1781607,0,811,761,761,44669760,1412988,394,422,0
173,1.477,0.666,0.000,2.143,2.214,697965,1781607,0,811,761,761,44669760,1412988,394,422,0
174,1.492,0.653,0.000,2.146,2.239,697965,1781607,0,811,761,761,44669760,1412988,394,422,0
175,1.497,0.659,0.000,2.157,2.240,697965,1781607,0,811,761,761,44669760,1412988,394,422,0
176,1.478,0.682,0.000,2.160,2.249,697965,1781607,0,811,761,761,44669760,1412988,394,422,0
177,1.479,0.667,0.000,2.146,2.255,697965,1781607,0,811,761,761,44669760,1412988,394,422,0
178,1.486,0.669,0.000,2.155,2.240,697965,1781607,0,811,761,761,44669760,1412988,394,422,0
179,1.443,0.666,0.000,2.109,2.252,697965,1781607,0,811,761,761,44669760,1412988,394,422,0
180,1.486,0.664,0.000,2.150,2.204,697965,1781607,0,811,761,761,44669760,1412988,394,422,0
181,1.506,0.665,0.000,2.172,2.248,697965,1781607,0,811,761,761,44669760,1412988,394,422,0
182,1.515,0.648,0.000,2.164,2.292,697965,1781607,0,811,761,761,44669760,1412988,394,422,0
183,1.463,0.679,0.000,2.142,2.257,697965,1781607,0,811,761,761,44669760,1412988,394,422,0
184,1.487,0.684,0.000,2.171,2.235,697965,1781607,0,811,761,761,44669760,1412988,394,422,0
185,1.522,0.673,0.000,2.195,2.269,697965,1781607,0,811,761,761,44669760,1412988,394,422,0
186,1.520,0.650,0.000,2.170,2.291,697965,1781607,0,811,761,761,44669760,1412988,394,422,0
187,1.476,0.684,0.000,2.160,2.263,697965,1781607,0,811,761,761,44669760,1412988,394,422,0
188,1.491,0.669,0.000,2.161,2.256,697965,1781607,0,811,761,761,44669760,1412988,394,422,0
189,1.501,0.679,0.000,2.181,2.254,697965,1781607,0,811,761,761,44669760,1412988,394,422,0
190,1.503,0.643,0.000,2.146,2.274,697965,1781607,0,811,761,761,44669760,1412988,394,422,0
191,1.537,0.685,0.000,2.222,2.240,697965,1781607,0,811,761,761,44669760,1412988,394,422,0
192,1.473,0.668,0.000,2.141,2.319,697965,1781607,0,811,761,761,44669760,1412988,394,422,0
193,1.511,0.674,0.000,2.185,2.235,697965,1781607,0,811,761,761,44669760,1412988,394,422,0
194,1.539,0.673,0.000,2.212,2.280,697965,1781607,0,811,761,761,44669760,1412988,394,422,0
195,1.487,0.672,0.000,2.159,2.306,697965,1781607,0,811,761,761,44669760,1412988,394,422,0
196,1.492,0.660,0.000,2.152,2.256,697965,1781607,0,811,761,761,44669760,1412988,394,422,0
197,1.503,0.656,0.000,2.159,2.246,697965,1781607,0,811,761,761,44669760,1412988,394,422,0
198,1.491,0.662,0.000,2.154,2.251,697965,1781607,0,811,761,761,44669760,1412988,394,422,0
199,1.494,0.652,0.000,2.146,2.250,697965,1781607,0,811,761,761,44669760,1412988,394,422,0
200,1.507,0.637,0.000,2.143,2.240,697965,1781607,0,811,761,761,44669760,1412988,394,422,0
201,1.468,0.675,0.000,2.143,2.236,697965,1781607,0,811,761,761,44669760,1412988,394,422,0
202,1.464,0.684,0.000,2.148,2.236,697965,1781607,0,811,761,761,44669760,1412988,394,422,0
203,1.497,0.658,0.000,2.155,2.247,697965,1781607,0,811,761,761,44669760,1412988,394,422,0
204,1.497,0.662,0.000,2.159,2.249,697965,1781607,0,811,761,761,44669760,1412988,394,422,0
205,1.475,0.672,0.000,2.146,2.252,697965,1781607,0,811,761,761,44669760,1412988,394,422,0
206,1.535,0.670,0.000,2.205,2.238,697965,1781607,0,811,761,761,44669760,1412988,394,422,0
207,1.492,0.645,0.000,2.137,2.304,697965,1781607,0,811,761,761,44669760,1412988,394,422,0
208,1.538,0.654,0.000,2.193,2.232,697965,1781607,0,811,761,761,44669760,1412988,394,422,0
209,1.531,0.661,0.000,2.192,2.286,697965,1781607,0,811,761,761,44669760,1412988,394,422,0
210,1.486,0.670,0.000,2.156,2.287,697965,1781607,0,811,761,761,44669760,1412988,394,422,0
211,1.485,0.670,0.000,2.154,2.252,697965,1781607,0,811,761,761,44669760,1412988,394,422,0
212,1.508,0.654,0.000,2.162,2.247,697965,1781607,0,811,761,761,44669760,1412988,394,422,0
213,1.495,0.683,0.000,2.178,2.257,697965,1781607,0,811,761,761,44669760,1412988,394,422,0
214,1.491,0.663,0.000,2.154,2.273,697965,1781607,0,811,761,761,44669760,1412988,394,422,0
215,1.511,0.672,0.000,2.183,2.250,697965,1781607,0,811,761,761,44669760,1412988,394,422,0
216,1.572,0.676,0.000,2.248,2.277,697965,1781607,0,811,761,761,44669760,1412988,394,422,0
217,1.500,0.681,0.000,2.181,2.343,697965,1781607,0,811,761,761,44669760,1412988,394,422,0
218,1.519,0.657,0.000,2.177,2.273,697965,1781607,0,811,761,761,44669760,1412988,394,422,0
219,1.529,0.677,0.000,2.206,2.279,697965,1781607,0,811,761,761,44669760,1412988,394,422,0
220,1.463,0.672,0.000,2.135,2.300,697965,1781607,0,811,761,761,44669760,1412988,394,422,0
221,1.469,0.644,0.000,2.113,2.228,697965,1781607,0,811,761,761,44669760,1412988,394,422,0
222,1.511,0.636,0.000,2.147,2.208,697965,1781607,0,811,761,761,44669760,1412988,394,422,0
223,1.492,0.666,0.000,2.158,2.241,697965,1781607,0,811,761,761,44669760,1412988,394,422,0
224,1.482,0.662,0.000,2.144,2.253,697965,1781607,0,811,761,761,44669760,1412988,394,422,0
225,1.455,0.679,0.000,2.135,2.239,697965,1781607,0,811,761,761,44669760,1412988,394,422,0
226,1.459,0.645,0.000,2.104,2.228,697965,1781607,0,811,761,761,44669760,1412988,394,422,0
227,1.464,0.664,0.000,2.128,2.199,697965,1781607,0,811,761,761,44669760,1412988,394,422,0
228,1.517,0.669,0.000,2.186,2.235,697965,1781607,0,811,761,761,44669760,1412988,394,422,0
229,1.500,0.666,0.000,2.166,2.278,697965,1781607,0,811,761,761,44669760,1412988,394,422,0
230,1.463,0.678,0.000,2.141,2.267,697965,1781607,0,811,761,761,44669760,1412988,394,422,0
231,1.508,0.661,0.000,2.168,2.234,697965,1781607,0,811,761,761,44669760,1412988,394,422,0
232,1.467,0.669,0.000,2.136,2.262,697965,1781607,0,811,761,761,44669760,1412988,394,422,0
233,1.464,0.663,0.000,2.127,2.233,697965,1781607,0,811,761,761,44669760,1412988,394,422,0
234,1.465,0.652,0.000,2.117,2.220,697965,1781607,0,811,761,761,44669760,1412988,394,422,0
235,1.476,0.676,0.000,2.152,2.209,697965,1781607,0,811,761,761,44669760,1412988,394,422,0
236,1.493,0.671,0.000,2.164,2.246,697965,1781607,0,811,761,761,44669760,1412988,394,422,0
237,1.497,0.669,0.000,2.166,2.258,697965,1781607,0,811,761,761,44669760,1412988,394,422,0
238,1.489,0.644,0.000,2.133,2.261,697965,1781607,0,811,761,761,44669760,1412988,394,422,0
239,1.503,0.658,0.000,2.162,2.227,697965,1781607,0,811,761,761,44669760,1412988,394,422,0
240,1.467,0.657,0.000,2.124,2.256,697965,1781607,0,811,761,761,44669760,1412988,394,422,0
241,1.509,0.679,0.000,2.189,2.221,697965,1781607,0,811,761,761,44669760,1412988,394,422,0
242,1.502,0.645,0.000,2.148,2.282,697965,1781607,0,811,761,761,44669760,1412988,394,422,0
243,1.493,0.644,0.000,2.137,2.240,697965,1781607,0,811,761,761,44669760,1412988,394,422,0
244,1.486,0.682,0.000,2.168,2.232,697965,1781607,0,811,761,761,44669760,1412988,394,422,0
245,1.488,0.673,0.000,2.161,2.262,697965,1781607,0,811,761,761,44669760,1412988,394,422,0
246,1.479,0.649,0.000,2.128,2.255,697965,1781607,0,811,761,761,44669760,1412988,394,422,0
247,1.493,0.681,0.000,2.174,2.223,697965,1781607,0,811,761,761,44669760,1412988,394,422,0
248,1.491,0.685,0.000,2.177,2.267,697965,1781607,0,811,761,761,44669760,1412988,394,422,0
249,1.428,0.651,0.000,2.080,2.268,697965,1781607,0,811,761,761,44669760,1412988,394,422,0
250,1.488,0.675,0.000,2.162,2.173,697965,1781607,0,811,761,761,44669760,1412988,394,422,0
251,1.475,0.680,0.000,2.154,2.255,697965,1781607,0,811,761,761,44669760,1412988,394,422,0
252,1.487,0.684,0.000,2.171,2.250,697965,1781607,0,811,761,761,44669760,1412988,394,422,0
253,1.482,0.677,0.000,2.159,2.267,697965,1781607,0,811,761,761,44669760,1412988,394,422,0
254,1.478,0.664,0.000,2.142,2.251,697965,1781607,0,811,761,761,44669760,1412988,394,422,0
255,1.483,0.694,0.000,2.176,2.236,697965,1781607,0,811,761,761,44669760,1412988,394,422,0
256,1.500,0.669,0.000,2.170,2.271,697965,1781607,0,811,761,761,44669760,1412988,394,422,0
257,1.482,0.668,0.000,2.151,2.262,697965,1781607,0,811,761,761,44669760,1412988,394,422,0
258,1.450,0.659,0.000,2.109,2.249,697965,1781607,0,811,761,761,44669760,1412988,394,422,0
259,1.464,0.686,0.000,2.150,2.202,697965,1781607,0,811,761,761,44669760,1412988,394,422,0
260,1.498,0.677,0.000,2.175,2.241,697965,1781607,0,811,761,761,44669760,1412988,394,422,0
261,1.483,0.676,0.000,2.159,2.272,697965,1781607,0,811,761,761,44669760,1412988,394,422,0
262,1.482,0.660,0.000,2.143,2.255,697965,1781607,0,811,761,761,44669760,1412988,394,422,0
263,1.480,0.684,0.000,2.164,2.235,697965,1781607,0,811,761,761,44669760,1412988,394,422,0
264,1.496,0.648,0.000,2.144,2.258,697965,1781607,0,811,761,761,44669760,1412988,394,422,0
265,1.505,0.672,0.000,2.177,2.237,697965,1781607,0,811,761,761,44669760,1412988,394,422,0
266,1.464,0.671,0.000,2.135,2.271,697965,1781607,0,811,761,761,44669760,1412988,394,422,0
267,1.480,0.657,0.000,2.137,2.230,697965,1781607,0,811,761,761,44669760,1412988,394,422,0
268,1.480,0.665,0.000,2.145,2.230,697965,1781607,0,811,761,761,44669760,1412988,394,422,0
269,1.500,0.684,0.000,2.183,2.240,697965,1781607,0,811,761,761,44669760,1412988,394,422,0
270,1.478,0.660,0.000,2.138,2.278,697965,1781607,0,811,761,761,44669760,1412988,394,422,0
271,1.479,0.684,0.000,2.163,2.233,697965,1781607,0,811,761,761,44669760,1412988,394,422,0
272,1.481,0.667,0.000,2.148,2.258,697965,1781607,0,811,761,761,44669760,1412988,394,422,0
273,1.488,0.671,0.000,2.158,2.262,697965,1781607,0,811,761,761,44669760,1412988,394,422,0
274,1.482,0.657,0.000,2.138,2.252,697965,1781607,0,811,761,761,44669760,1412988,394,422,0
275,1.496,0.661,0.000,2.157,2.233,697965,1781607,0,811,761,761,44669760,1412988,394,422,0
276,1.493,0.670,0.000,2.163,2.254,697965,1781607,0,811,761,761,44669760,1412988,394,422,0
277,1.512,0.656,0.000,2.168,2.256,697965,1781607,0,811,761,761,44669760,1412988,394,422,0
278,1.462,0.635,0.000,2.098,2.262,697965,1781607,0,811,761,761,44669760,1412988,394,422,0
279,1.482,0.677,0.000,2.160,2.197,697965,1781607,0,811,761,761,44669760,1412988,394,422,0
280,1.503,0.677,0.000,2.180,2.255,697965,1781607,0,811,761,761,44669760,1412988,394,422,0
281,1.505,0.678,0.000,2.183,2.274,697965,1781607,0,811,761,761,44669760,1412988,394,422,0
282,1.492,0.675,0.000,2.167,2.276,697965,1781607,0,811,761,761,44669760,1412988,394,422,0
283,1.498,0.651,0.000,2.149,2.261,697965,1781607,0,811,761,761,44669760,1412988,394,422,0
284,1.486,0.665,0.000,2.151,2.245,697965,1781607,0,811,761,761,44669760,1412988,394,422,0
285,1.505,0.671,0.000,2.176,2.244,697965,1781607,0,811,761,761,44669760,1412988,394,422,0
286,1.462,0.654,0.000,2.116,2.272,697965,1781607,0,811,761,761,44669760,1412988,394,422,0
287,1.494,0.661,0.000,2.156,2.209,697965,1781607,0,811,761,761,44669760,1412988,394,422,0
288,1.475,0.664,0.000,2.139,2.264,697965,1781607,0,811,761,761,44669760,1412988,394,422,0
289,1.512,0.667,0.000,2.180,2.233,697965,1781607,0,811,761,761,44669760,1412988,394,422,0
290,1.512,0.657,0.000,2.169,2.274,697965,1781607,0,811,761,761,44669760,1412988,394,422,0
291,1.505,0.670,0.000,2.176,2.261,697965,1781607,0,811,761,761,44669760,1412988,394,422,0
292,1.492,0.653,0.000,2.144,2.270,697965,1781607,0,811,761,761,44669760,1412988,394,422,0
293,1.489,0.687,0.000,2.176,2.238,697965,1781607,0,811,761,761,44669760,1412988,394,422,0
294,1.499,0.678,0.000,2.177,2.271,697965,1781607,0,811,761,761,44669760,1412988,394,422,0
295,1.489,0.684,0.000,2.173,2.271,697965,1781607,0,811,761,761,44669760,1412988,394,422,0
296,1.484,0.677,0.000,2.161,2.266,697965,1781607,0,811,761,761,44669760,1412988,394,422,0
297,1.472,0.679,0.000,2.151,2.257,697965,1781607,0,811,761,761,44669760,1412988,394,422,0
298,1.472,0.688,0.000,2.160,2.244,697965,1781607,0,811,761,761,44669760,1412988,394,422,0
299,1.457,0.698,0.000,2.155,2.257,697965,1781607,0,811,761,761,44669760,1412988,394,422,0
300,1.480,0.673,0.000,2.153,2.252,697965,1781607,0,811,761,761,44669760,1412988,394,422,0
301,1.478,0.680,0.000,2.158,2.247,697965,1781607,0,811,761,761,44669760,1412988,394,422,0
302,1.460,0.666,0.000,2.127,2.251,697965,1781607,0,811,761,761,44669760,1412988,394,422,0
303,1.461,0.668,0.000,2.129,2.222,697965,1781607,0,811,761,761,44669760,1412988,394,422,0
304,1.509,0.651,0.000,2.160,2.222,697965,1781607,0,811,761,761,44669760,1412988,394,422,0
305,1.491,0.683,0.000,2.174,2.254,697965,1781607,0,811,761,761,44669760,1412988,394,422,0
306,1.475,0.647,0.000,2.122,2.269,697965,1781607,0,811,761,761,44669760,1412988,394,422,0
307,1.480,0.674,0.000,2.155,2.216,697965,1781607,0,811,761,761,44669760,1412988,394,422,0
308,1.479,0.666,0.000,2.145,2.256,697965,1781607,0,811,761,761,44669760,1412988,394,422,0
309,1.495,0.676,0.000,2.171,2.238,697965,1781607,0,811,761,761,44669760,1412988,394,422,0
310,1.470,0.641,0.000,2.111,2.269,697965,1781607,0,811,761,761,44669760,1412988,394,422,0
311,1.361,0.657,0.000,2.018,2.211,697965,1781607,0,811,761,761,44669760,1412988,394,422,0
312,1.365,0.640,0.000,2.005,2.112,697965,1781607,0,811,761,761,44669760,1412988,394,422,0
313,1.376,0.635,0.000,2.011,2.099,697965,1781607,0,811,761,761,44669760,1412988,394,422,0
314,1.357,0.644,0.000,2.001,2.112,697965,1781607,0,811,761,761,44669760,1412988,394,422,0
315,1.363,0.648,0.000,2.010,2.099,697965,1781607,0,811,761,761,44669760,1412988,394,422,0
316,1.443,0.639,0.000,2.082,2.104,697965,1781607,0,811,761,761,44669760,1412988,394,422,0
317,1.454,0.671,0.000,2.125,2.178,697965,1781607,0,811,761,761,44669760,1412988,394,422,0
318,1.472,0.684,0.000,2.156,2.221,697965,1781607,0,811,761,761,44669760,1412988,394,422,0
319,1.622,0.706,0.000,2.328,2.262,697965,1781607,0,811,761,761,44669760,1412988,394,422,0
320,1.517,0.656,0.000,2.173,2.433,697965,1781607,0,811,761,761,44669760,1412988,394,422,0
321,1.454,0.690,0.000,2.144,2.267,697965,1781607,0,811,761,761,44669760,1412988,394,422,0
322,1.509,0.657,0.000,2.165,2.240,697965,1781607,0,811,761,761,44669760,1412988,394,422,0
323,1.559,0.689,0.000,2.248,2.263,697965,1781607,0,811,761,761,44669760,1412988,394,422,0
324,1.516,0.687,0.000,2.203,2.342,697965,1781607,0,811,761,761,44669760,1412988,394,422,0
325,1.493,0.684,0.000,2.177,2.301,697965,1781607,0,811,761,761,44669760,1412988,394,422,0
326,1.579,0.653,0.000,2.232,2.270,697965,1781607,0,811,761,761,44669760,1412988,394,422,0
327,1.581,0.721,0.000,2.303,2.331,697965,1781607,0,811,761,761,44669760,1412988,394,422,0
328,1.518,0.657,0.000,2.175,2.399,697965,1781607,0,811,761,761,44669760,1412988,394,422,0
329,1.539,0.673,0.000,2.212,2.271,697965,1781607,0,811,761,761,44669760,1412988,394,422,0
330,1.555,0.647,0.000,2.202,2.313,697965,1781607,0,811,761,761,44669760,1412988,394,422,0
331,1.484,0.678,0.000,2.162,2.298,697965,1781607,0,811,761,761,44669760,1412988,394,422,0
332,1.530,0.643,0.000,2.173,2.258,697965,1781607,0,811,761,761,44669760,1412988,394,422,0
333,1.540,0.653,0.000,2.193,2.268,697965,1781607,0,811,761,761,44669760,1412988,394,422,0
334,1.530,0.651,0.000,2.181,2.291,697965,1781607,0,811,761,761,44669760,1412988,394,422,0
335,1.506,0.681,0.000,2.186,2.275,697965,1781607,0,811,761,761,44669760,1412988,394,422,0
336,1.509,0.656,0.000,2.165,2.280,697965,1781607,0,811,761,761,44669760,1412988,394,422,0
337,1.584,0.656,0.000,2.240,2.262,697965,1781607,0,811,761,761,44669760,1412988,394,422,0
338,1.503,0.635,0.000,2.138,2.338,697965,1781607,0,811,761,761,44669760,1412988,394,422,0
339,1.530,0.644,0.000,2.174,2.231,697965,1781607,0,811,761,761,44669760,1412988,394,422,0
340,1.533,0.649,0.000,2.182,2.270,697965,1781607,0,811,761,761,44669760,1412988,394,422,0
341,1.541,0.675,0.000,2.216,2.276,697965,1781607,0,811,761,761,44669760,1412988,394,422,0
342,1.528,0.641,0.000,2.170,2.309,697965,1781607,0,811,761,761,44669760,1412988,394,422,0
343,1.511,0.664,0.000,2.175,2.266,697965,1781607,0,811,761,761,44669760,1412988,394,422,0
344,1.534,0.649,0.000,2.183,2.270,697965,1781607,0,811,761,761,44669760,1412988,394,422,0
345,1.491,0.657,0.000,2.148,2.279,697965,1781607,0,811,761,761,44669760,1412988,394,422,0
346,1.485,0.639,0.000,2.124,2.248,697965,1781607,0,811,761,761,44669760,1412988,394,422,0
347,1.408,0.639,0.000,2.047,2.217,697965,1781607,0,811,761,761,44669760,1412988,394,422,0
348,1.523,0.624,0.000,2.147,2.139,697965,1781607,0,811,761,761,44669760,1412988,394,422,0
349,1.391,0.640,0.000,2.031,2.241,697965,1781607,0,811,761,761,44669760,1412988,394,422,0
350,1.444,0.640,0.000,2.084,2.124,697965,1781607,0,811,761,761,44669760,1412988,394,422,0
351,1.478,0.656,0.000,2.135,2.173,697965,1781607,0,811,761,761,44669760,1412988,394,422,0
352,1.493,0.680,0.000,2.173,2.228,697965,1781607,0,811,761,761,44669760,1412988,394,422,0
353,1.532,0.616,0.000,2.148,2.266,697965,1781607,0,811,761,761,44669760,1412988,394,422,0
354,1.495,0.647,0.000,2.142,2.245,697965,1781607,0,811,761,761,44669760,1412988,394,422,0
355,1.466,0.671,0.000,2.137,2.235,697965,1781607,0,811,761,761,44669760,1412988,394,422,0
356,1.527,0.641,0.000,2.168,2.229,697965,1781607,0,811,761,761,44669760,1412988,394,422,0
357,1.488,0.636,0.000,2.125,2.264,697965,1781607,0,811,761,761,44669760,1412988,394,422,0
358,1.430,0.638,0.000,2.068,2.219,697965,1781607,0,811,761,761,44669760,1412988,394,422,0
359,1.480,0.686,0.000,2.167,2.158,697965,1781607,0,811,761,761,44669760,1412988,394,422,0
360,1.478,0.630,0.000,2.108,2.261,697965,1781607,0,811,761,761,44669760,1412988,394,422,0
361,1.486,0.673,0.000,2.160,2.203,697965,1781607,0,811,761,761,44669760,1412988,394,422,0
362,1.438,0.659,0.000,2.097,2.254,697965,1781607,0,811,761,761,44669760,1412988,394,422,0
363,1.488,0.646,0.000,2.133,2.192,697965,1781607,0,811,761,761,44669760,1412988,394,422,0
364,1.493,0.638,0.000,2.132,2.256,697965,1781607,0,811,761,761,44669760,1412988,394,422,0
365,1.458,0.664,0.000,2.122,2.224,697965,1781607,0,811,761,761,44669760,1412988,394,422,0
366,1.499,0.641,0.000,2.141,2.217,697965,1781607,0,811,761,761,44669760,1412988,394,422,0
367,1.509,0.656,0.000,2.165,2.233,697965,1781607,0,811,761,761,44669760,1412988,394,422,0
368,1.565,0.646,0.000,2.210,2.259,697965,1781607,0,811,761,761,44669760,1412988,394,422,0
369,1.518,0.664,0.000,2.182,2.307,697965,1781607,0,811,761,761,44669760,1412988,394,422,0
370,1.513,0.675,0.000,2.188,2.274,697965,1781607,0,811,761,761,44669760,1412988,394,422,0
371,1.520,0.649,0.000,2.169,2.283,697965,1781607,0,811,761,761,44669760,1412988,394,422,0
372,1.511,0.674,0.000,2.185,2.264,697965,1781607,0,811,761,761,44669760,1412988,394,422,0
373,1.521,0.671,0.000,2.191,2.279,697965,1781607,0,811,761,761,44669760,1412988,394,422,0
374,1.502,0.661,0.000,2.162,2.292,697965,1781607,0,811,761,761,44669760,1412988,394,422,0
375,1.498,0.638,0.000,2.136,2.256,697965,1781607,0,811,761,761,44669760,1412988,394,422,0
376,1.477,0.652,0.000,2.129,2.229,697965,1781607,0,811,761,761,44669760,1412988,394,422,0
377,1.458,0.674,0.000,2.133,2.222,697965,1781607,0,811,761,761,44669760,1412988,394,422,0
378,1.534,0.655,0.000,2.189,2.226,697965,1781607,0,811,761,761,44669760,1412988,394,422,0
379,1.551,0.663,0.000,2.214,2.282,697965,1781607,0,811,761,761,44669760,1412988,394,422,0
380,1.502,0.648,0.000,2.150,2.309,697965,1781607,0,811,761,761,44669760,1412988,394,422,0
381,1.538,0.670,0.000,2.208,2.244,697965,1781607,0,811,761,761,44669760,1412988,394,422,0
382,1.517,0.644,0.000,2.161,2.304,697965,1781607,0,811,761,761,44669760,1412988,394,422,0
383,1.494,0.662,0.000,2.156,2.255,697965,1781607,0,811,761,761,44669760,1412988,394,422,0
384,1.451,0.647,0.000,2.098,2.255,697965,1781607,0,811,761,761,44669760,1412988,394,422,0
385,1.486,0.673,0.000,2.159,2.198,697965,1781607,0,811,761,761,44669760,1412988,394,422,0
386,1.490,0.626,0.000,2.116,2.254,697965,1781607,0,811,761,761,44669760,1412988,394,422,0
387,1.510,0.661,0.000,2.171,2.211,697965,1781607,0,811,761,761,44669760,1412988,394,422,0
388,1.524,0.660,0.000,2.183,2.266,697965,1781607,0,811,761,761,44669760,1412988,394,422,0
389,1.619,0.635,0.000,2.254,2.277,697965,1781607,0,811,761,761,44669760,1412988,394,422,0
390,1.543,0.630,0.000,2.173,2.348,697965,1781607,0,811,761,761,44669760,1412988,394,422,0
391,1.557,0.639,0.000,2.196,2.269,697965,1781607,0,811,761,761,44669760,1412988,394,422,0
392,1.498,0.670,0.000,2.167,2.290,697965,1781607,0,811,761,761,44669760,1412988,394,422,0
393,1.519,0.633,0.000,2.152,2.259,697965,1781607,0,811,761,761,44669760,1412988,394,422,0
394,1.526,0.674,0.000,2.201,2.248,697965,1781607,0,811,761,761,44669760,1412988,394,422,0
395,1.478,0.665,0.000,2.143,2.298,697965,1781607,0,811,761,761,44669760,1412988,394,422,0
396,1.470,0.666,0.000,2.136,2.238,697965,1781607,0,811,761,761,44669760,1412988,394,422,0
397,1.488,0.652,0.000,2.140,2.231,697965,1781607,0,811,761,761,44669760,1412988,394,422,0
398,1.569,0.664,0.000,2.234,2.232,697965,1781607,0,811,761,761,44669760,1412988,394,422,0
399,1.534,0.671,0.000,2.205,2.330,697965,1781607,0,811,761,761,44669760,1412988,394,422,0
400,1.571,0.630,0.000,2.202,2.300,697965,1781607,0,811,761,761,44669760,1412988,394,422,0
401,1.539,0.656,0.000,2.195,2.297,697965,1781607,0,811,761,761,44669760,1412988,394,422,0
402,1.507,0.654,0.000,2.161,2.290,697965,1781607,0,811,761,761,44669760,1412988,394,422,0
403,1.485,0.666,0.000,2.152,2.257,697965,1781607,0,811,761,761,44669760,1412988,394,422,0
404,1.491,0.657,0.000,2.148,2.245,697965,1781607,0,811,761,761,44669760,1412988,394,422,0
405,1.459,0.661,0.000,2.120,2.242,697965,1781607,0,811,761,761,44669760,1412988,394,422,0
406,1.507,0.644,0.000,2.151,2.214,697965,1781607,0,811,761,761,44669760,1412988,394,422,0
407,1.590,0.633,0.000,2.222,2.245,697965,1781607,0,811,761,761,44669760,1412988,394,422,0
408,1.450,0.640,0.000,2.090,2.318,697965,1781607,0,811,761,761,44669760,1412988,394,422,0
409,1.506,0.655,0.000,2.162,2.182,697965,1781607,0,811,761,761,44669760,1412988,394,422,0
410,1.533,0.659,0.000,2.193,2.272,697965,1781607,0,811,761,761,44669760,1412988,394,422,0
411,1.502,0.663,0.000,2.164,2.285,697965,1781607,0,811,761,761,44669760,1412988,394,422,0
412,1.521,0.632,0.000,2.154,2.257,697965,1781607,0,811,761,761,44669760,1412988,394,422,0
413,1.540,0.631,0.000,2.171,2.303,697965,1781607,0,811,761,761,44669760,1412988,394,422,0
414,1.452,0.662,0.000,2.114,2.336,697965,1781607,0,811,761,761,44669760,1412988,394,422,0
415,1.494,0.675,0.000,2.168,2.293,697965,1781607,0,811,761,761,44669760,1412988,394,422,0
416,1.540,0.639,0.000,2.179,2.272,697965,1781607,0,811,761,761,44669760,1412988,394,422,0
417,1.558,0.716,0.000,2.274,2.378,697965,1781607,0,811,761,761,44669760,1412988,394,422,0
418,1.492,0.682,0.000,2.174,2.416,697965,1781607,0,811,761,761,44669760,1412988,394,422,0
419,1.568,0.688,0.000,2.256,2.326,697965,1781607,0,811,761,761,44669760,1412988,394,422,0
420,1.545,0.741,0.000,2.286,2.380,697965,1781607,0,811,761,761,44669760,1412988,394,422,0
421,1.750,0.728,0.000,2.477,2.501,697965,1781607,0,811,761,761,44669760,1412988,394,422,0
422,1.680,0.711,0.000,2.391,2.592,697965,1781607,0,811,761,761,44669760,1412988,394,422,0
423,1.621,0.769,0.000,2.391,2.525,697965,1781607,0,811,761,761,44669760,1412988,394,422,0
424,1.626,0.726,0.000,2.352,2.493,697965,1781607,0,811,761,761,44669760,1412988,394,422,0
425,1.762,0.714,0.000,2.476,2.487,697965,1781607,0,811,761,761,44669760,1412988,394,422,0
426,1.554,0.717,0.000,2.271,2.578,697965,1781607,0,811,761,761,44669760,1412988,394,422,0
427,1.577,0.669,0.000,2.246,2.388,697965,1781607,0,811,761,761,44669760,1412988,394,422,0
428,1.571,0.649,0.000,2.220,2.346,697965,1781607,0,811,761,761,44669760,1412988,394,422,0
429,1.581,0.667,0.000,2.248,2.314,697965,1781607,0,811,761,761,44669760,1412988,394,422,0
430,1.537,0.682,0.000,2.219,2.344,697965,1781607,0,811,761,761,44669760,1412988,394,422,0
431,1.612,0.656,0.000,2.268,2.318,697965,1781607,0,811,761,761,44669760,1412988,394,422,0
432,1.593,0.660,0.000,2.253,2.362,697965,1781607,0,811,761,761,44669760,1412988,394,422,0
433,1.571,0.662,0.000,2.233,2.349,697965,1781607,0,811,761,761,44669760,1412988,394,422,0
434,1.540,0.681,0.000,2.221,2.332,697965,1781607,0,811,761,761,44669760,1412988,394,422,0
435,1.561,0.680,0.000,2.241,2.314,697965,1781607,0,811,761,761,44669760,1412988,394,422,0
436,1.564,0.637,0.000,2.201,2.337,697965,1781607,0,811,761,761,44669760,1412988,394,422,0
437,1.495,0.682,0.000,2.177,2.297,697965,1781607,0,811,761,761,44669760,1412988,394,422,0
438,1.490,0.677,0.000,2.167,2.268,697965,1781607,0,811,761,761,44669760,1412988,394,422,0
439,1.500,0.689,0.000,2.189,2.262,697965,1781607,0,811,761,761,44669760,1412988,394,422,0
440,1.515,0.673,0.000,2.188,2.286,697965,1781607,0,811,761,761,44669760,1412988,394,422,0
441,1.552,0.673,0.000,2.225,2.286,697965,1781607,0,811,761,761,44669760,1412988,394,422,0
442,1.556,0.681,0.000,2.237,2.324,697965,1781607,0,811,761,761,44669760,1412988,394,422,0
443,1.507,0.667,0.000,2.174,2.331,697965,1781607,0,811,761,761,44669760,1412988,394,422,0
444,1.517,0.675,0.000,2.193,2.269,697965,1781607,0,811,761,761,44669760,1412988,394,422,0
445,1.540,0.662,0.000,2.202,2.290,697965,1781607,0,811,761,761,44669760,1412988,394,422,0
446,1.566,0.636,0.000,2.202,2.295,697965,1781607,0,811,761,761,44669760,1412988,394,422,0
447,1.564,1.057,0.000,2.621,2.285,697965,1781607,0,811,761,761,44669760,1412988,394,422,0
448,2.019,0.993,0.000,3.012,2.753,697965,1781607,0,811,761,761,44669760,1412988,394,422,0
449,1.688,0.894,0.000,2.582,3.115,697965,1781607,0,811,761,761,44669760,1412988,394,422,0
450,1.680,0.721,0.000,2.401,2.685,697965,1781607,0,811,761,761,44669760,1412988,394,422,0
451,1.644,0.781,0.000,2.425,2.504,697965,1781607,0,811,761,761,44669760,1412988,394,422,0
452,1.603,0.736,0.000,2.339,2.526,697965,1781607,0,811,761,761,44669760,1412988,394,422,0
453,1.598,0.723,0.000,2.320,2.431,697965,1781607,0,811,761,761,44669760,1412988,394,422,0
454,1.542,0.753,0.000,2.295,2.416,697965,1781607,0,811,761,761,44669760,1412988,394,422,0
455,1.558,0.730,0.000,2.288,2.401,697965,1781607,0,811,761,761,44669760,1412988,394,422,0
456,1.569,0.683,0.000,2.253,2.393,697965,1781607,0,811,761,761,44669760,1412988,394,422,0
457,1.585,0.701,0.000,2.286,2.349,697965,1781607,0,811,761,761,44669760,1412988,394,422,0
458,1.542,0.726,0.000,2.269,2.378,697965,1781607,0,811,761,761,44669760,1412988,394,422,0
459,1.604,0.703,0.000,2.307,2.364,697965,1781607,0,811,761,761,44669760,1412988,394,422,0
460,1.614,0.655,0.000,2.269,2.398,697965,1781607,0,811,761,761,44669760,1412988,394,422,0
461,1.572,0.712,0.000,2.284,2.361,697965,1781607,0,811,761,761,44669760,1412988,394,422,0
462,1.584,0.691,0.000,2.275,2.382,697965,1781607,0,811,761,761,44669760,1412988,394,422,0
463,1.543,0.699,0.000,2.242,2.368,697965,1781607,0,811,761,761,44669760,1412988,394,422,0
464,1.558,0.688,0.000,2.246,2.333,697965,1781607,0,811,761,761,44669760,1412988,394,422,0
465,1.507,0.707,0.000,2.214,2.343,697965,1781607,0,811,761,761,44669760,1412988,394,422,0
466,1.502,0.706,0.000,2.208,2.305,697965,1781607,0,811,761,761,44669760,1412988,394,422,0
467,1.539,0.655,0.000,2.194,2.298,697965,1781607,0,811,761,761,44669760,1412988,394,422,0
468,1.568,0.746,0.000,2.314,2.289,697965,1781607,0,811,761,761,44669760,1412988,394,422,0
469,1.635,0.752,0.000,2.387,2.430,697965,1781607,0,811,761,761,44669760,1412988,394,422,0
470,1.576,0.664,0.000,2.240,2.481,697965,1781607,0,811,761,761,44669760,1412988,394,422,0
471,1.545,0.676,0.000,2.221,2.333,697965,1781607,0,811,761,761,44669760,1412988,394,422,0
472,1.561,0.708,0.000,2.269,2.312,697965,1781607,0,811,761,761,44669760,1412988,394,422,0
473,1.574,0.646,0.000,2.220,2.361,697965,1781607,0,811,761,761,44669760,1412988,394,422,0
474,1.535,0.669,0.000,2.204,2.319,697965,1781607,0,811,761,761,44669760,1412988,394,422,0
475,1.516,0.690,0.000,2.205,2.300,697965,1781607,0,811,761,761,44669760,1412988,394,422,0
476,1.551,0.682,0.000,2.233,2.297,697965,1781607,0,811,761,761,44669760,1412988,394,422,0
477,1.516,0.676,0.000,2.192,2.331,697965,1781607,0,811,761,761,44669760,1412988,394,422,0
478,1.514,0.664,0.000,2.179,2.283,697965,1781607,0,811,761,761,44669760,1412988,394,422,0
479,1.486,0.689,0.000,2.176,2.271,697965,1781607,0,811,761,761,44669760,1412988,394,422,0
480,1.507,0.691,0.000,2.198,2.269,697965,1781607,0,811,761,761,44669760,1412988,394,422,0
481,1.456,0.705,0.000,2.161,2.289,697965,1781607,0,811,761,761,44669760,1412988,394,422,0
482,1.622,0.696,0.000,2.318,2.268,697965,1781607,0,811,761,761,44669760,1412988,394,422,0
483,1.515,0.699,0.000,2.214,2.412,697965,1781607,0,811,761,761,44669760,1412988,394,422,0
484,1.483,0.673,0.000,2.156,2.308,697965,1781607,0,811,761,761,44669760,1412988,394,422,0
485,1.555,0.677,0.000,2.232,2.248,697965,1781607,0,811,761,761,44669760,1412988,394,422,0
486,1.507,0.662,0.000,2.169,2.327,697965,1781607,0,811,761,761,44669760,1412988,394,422,0
487,1.493,0.672,0.000,2.165,2.263,697965,1781607,0,811,761,761,44669760,1412988,394,422,0
488,1.519,0.681,0.000,2.201,2.257,697965,1781607,0,811,761,761,44669760,1412988,394,422,0
489,1.502,0.693,0.000,2.195,2.296,697965,1781607,0,811,761,761,44669760,1412988,394,422,0
490,1.532,0.665,0.000,2.197,2.291,697965,1781607,0,811,761,761,44669760,1412988,394,422,0
491,1.476,0.686,0.000,2.163,2.288,697965,1781607,0,811,761,761,44669760,1412988,394,422,0
492,1.478,0.650,0.000,2.129,2.254,697965,1781607,0,811,761,761,44669760,1412988,394,422,0
493,1.483,0.659,0.000,2.142,2.220,697965,1781607,0,811,761,761,44669760,1412988,394,422,0
494,1.500,0.693,0.000,2.193,2.235,697965,1781607,0,811,761,761,44669760,1412988,394,422,0
495,1.507,0.691,0.000,2.198,2.287,697965,1781607,0,811,761,761,44669760,1412988,394,422,0
496,1.475,0.681,0.000,2.156,2.293,697965,1781607,0,811,761,761,44669760,1412988,394,422,0
497,1.486,0.664,0.000,2.150,2.247,697965,1781607,0,811,761,761,44669760,1412988,394,422,0
498,1.406,0.672,0.000,2.078,2.248,697965,1781607,0,811,761,761,44669760,1412988,394,422,0
499,1.481,0.729,0.000,2.210,2.169,697965,1781607,0,811,761,761,44669760,1412988,394,422,0
500,1.488,0.663,0.000,2.150,2.304,697965,1781607,0,811,761,761,44669760,1412988,394,422,0
501,1.504,0.678,0.000,2.182,2.256,697965,1781607,0,811,761,761,44669760,1412988,394,422,0
502,1.536,0.668,0.000,2.204,2.273,697965,1781607,0,811,761,761,44669760,1412988,394,422,0
503,1.514,0.652,0.000,2.165,2.304,697965,1781607,0,811,761,761,44669760,1412988,394,422,0
504,1.510,0.669,0.000,2.179,2.265,697965,1781607,0,811,761,761,44669760,1412988,394,422,0
505,1.504,0.651,0.000,2.155,2.274,697965,1781607,0,811,761,761,44669760,1412988,394,422,0
506,1.509,0.655,0.000,2.164,2.250,697965,1781607,0,811,761,761,44669760,1412988,394,422,0
507,1.492,0.695,0.000,2.187,2.256,697965,1781607,0,811,761,761,44669760,1412988,394,422,0
508,1.485,0.673,0.000,2.158,2.278,697965,1781607,0,811,761,761,44669760,1412988,394,422,0
509,1.479,0.693,0.000,2.172,2.252,697965,1781607,0,811,761,761,44669760,1412988,394,422,0
510,1.516,0.674,0.000,2.190,2.264,697965,1781607,0,811,761,761,44669760,1412988,394,422,0
511,1.483,0.681,0.000,2.163,2.287,697965,1781607,0,811,761,761,44669760,1412988,394,422,0
512,1.496,0.651,0.000,2.148,2.258,697965,1781607,0,811,761,761,44669760,1412988,394,422,0
513,1.505,0.663,0.000,2.168,2.240,697965,1781607,0,811,761,761,44669760,1412988,394,422,0
514,1.502,0.665,0.000,2.167,2.267,697965,1781607,0,811,761,761,44669760,1412988,394,422,0
515,1.505,0.662,0.000,2.168,2.261,697965,1781607,0,811,761,761,44669760,1412988,394,422,0
516,1.481,0.683,0.000,2.164,2.260,697965,1781607,0,811,761,761,44669760,1412988,394,422,0
517,1.501,0.678,0.000,2.179,2.260,697965,1781607,0,811,761,761,44669760,1412988,394,422,0
518,1.505,0.676,0.000,2.181,2.271,697965,1781607,0,811,761,761,44669760,1412988,394,422,0
519,1.462,0.639,0.000,2.101,2.273,697965,1781607,0,811,761,761,44669760,1412988,394,422,0
520,1.478,0.654,0.000,2.132,2.195,697965,1781607,0,811,761,761,44669760,1412988,394,422,0
521,1.493,0.660,0.000,2.153,2.225,697965,1781607,0,811,761,761,44669760,1412988,394,422,0
522,1.503,0.665,0.000,2.168,2.245,697965,1781607,0,811,761,761,44669760,1412988,394,422,0
523,1.508,0.668,0.000,2.176,2.265,697965,1781607,0,811,761,761,44669760,1412988,394,422,0
524,1.525,0.666,0.000,2.191,2.273,697965,1781607,0,811,761,761,44669760,1412988,394,422,0
525,1.499,0.663,0.000,2.162,2.285,697965,1781607,0,811,761,761,44669760,1412988,394,422,0
526,1.520,0.630,0.000,2.149,2.254,697965,1781607,0,811,761,761,44669760,1412988,394,422,0
527,1.497,0.694,0.000,2.192,2.242,697965,1781607,0,811,761,761,44669760,1412988,394,422,0
528,1.483,0.657,0.000,2.140,2.286,697965,1781607,0,811,761,761,44669760,1412988,394,422,0
529,1.481,0.688,0.000,2.169,2.233,697965,1781607,0,811,761,761,44669760,1412988,394,422,0
530,1.549,0.649,0.000,2.197,2.265,697965,1781607,0,811,761,761,44669760,1412988,394,422,0
531,1.486,0.689,0.000,2.175,2.295,697965,1781607,0,811,761,761,44669760,1412988,394,422,0
532,1.530,0.682,0.000,2.212,2.269,697965,1781607,0,811,761,761,44669760,1412988,394,422,0
533,1.553,0.660,0.000,2.212,2.304,697965,1781607,0,811,761,761,44669760,1412988,394,422,0
534,1.479,0.668,0.000,2.147,2.305,697965,1781607,0,811,761,761,44669760,1412988,394,422,0
535,1.515,0.680,0.000,2.195,2.239,697965,1781607,0,811,761,761,44669760,1412988,394,422,0
536,1.477,0.676,0.000,2.154,2.287,697965,1781607,0,811,761,761,44669760,1412988,394,422,0
537,1.402,0.664,0.000,2.066,2.248,697965,1781607,0,811,761,761,44669760,1412988,394,422,0
538,1.491,0.674,0.000,2.165,2.155,697965,1781607,0,811,761,761,44669760,1412988,394,422,0
539,1.475,0.664,0.000,2.139,2.255,697965,1781607,0,811,761,761,44669760,1412988,394,422,0
540,1.488,0.660,0.000,2.148,2.233,697965,1781607,0,811,761,761,44669760,1412988,394,422,0
541,1.496,0.667,0.000,2.163,2.240,697965,1781607,0,811,761,761,44669760,1412988,394,422,0
542,1.490,0.668,0.000,2.157,2.262,697965,1781607,0,811,761,761,44669760,1412988,394,422,0
543,1.485,0.679,0.000,2.163,2.251,697965,1781607,0,811,761,761,44669760,1412988,394,422,0
544,1.514,0.661,0.000,2.175,2.257,697965,1781607,0,811,761,761,44669760,1412988,394,422,0
545,1.516,0.715,0.000,2.231,2.270,697965,1781607,0,811,761,761,44669760,1412988,394,422,0
546,1.486,0.661,0.000,2.147,2.339,697965,1781607,0,811,761,761,44669760,1412988,394,422,0
547,1.498,0.681,0.000,2.179,2.239,697965,1781607,0,811,761,761,44669760,1412988,394,422,0
548,1.498,0.657,0.000,2.155,2.271,697965,1781607,0,811,761,761,44669760,1412988,394,422,0
549,1.494,0.683,0.000,2.177,2.253,697965,1781607,0,811,761,761,44669760,1412988,394,422,0
550,1.543,0.682,0.000,2.225,2.267,697965,1781607,0,811,761,761,44669760,1412988,394,422,0
551,1.493,0.669,0.000,2.161,2.322,697965,1781607,0,811,761,761,44669760,1412988,394,422,0
552,1.479,0.660,0.000,2.139,2.252,697965,1781607,0,811,761,761,44669760,1412988,394,422,0
553,1.451,0.665,0.000,2.115,2.232,697965,1781607,0,811,761,761,44669760,1412988,394,422,0
554,1.497,0.676,0.000,2.173,2.211,697965,1781607,0,811,761,761,44669760,1412988,394,422,0
555,1.458,0.641,0.000,2.099,2.264,697965,1781607,0,811,761,761,44669760,1412988,394,422,0
556,1.490,0.647,0.000,2.137,2.193,697965,1781607,0,811,761,761,44669760,1412988,394,422,0
557,1.521,0.668,0.000,2.189,2.229,697965,1781607,0,811,761,761,44669760,1412988,394,422,0
558,1.461,0.671,0.000,2.132,2.281,697965,1781607,0,811,761,761,44669760,1412988,394,422,0
559,1.472,0.661,0.000,2.133,2.228,697965,1781607,0,811,761,761,44669760,1412988,394,422,0
560,1.508,0.682,0.000,2.190,2.225,697965,1781607,0,811,761,761,44669760,1412988,394,422,0
561,1.442,0.674,0.000,2.116,2.286,697965,1781607,0,811,761,761,44669760,1412988,394,422,0
562,1.484,0.676,0.000,2.161,2.210,697965,1781607,0,811,761,761,44669760,1412988,394,422,0
563,1.515,0.660,0.000,2.175,2.252,697965,1781607,0,811,761,761,44669760,1412988,394,422,0
564,1.515,0.660,0.000,2.175,2.267,697965,1781607,0,811,761,761,44669760,1412988,394,422,0
565,1.488,0.671,0.000,2.160,2.268,697965,1781607,0,811,761,761,44669760,1412988,394,422,0
566,1.497,0.651,0.000,2.148,2.259,697965,1781607,0,811,761,761,44669760,1412988,394,422,0
567,1.505,0.665,0.000,2.170,2.237,697965,1781607,0,811,761,761,44669760,1412988,394,422,0
568,1.461,0.659,0.000,2.120,2.265,697965,1781607,0,811,761,761,44669760,1412988,394,422,0
569,1.480,0.650,0.000,2.130,2.210,697965,1781607,0,811,761,761,44669760,1412988,394,422,0
570,1.473,0.671,0.000,2.144,2.224,697965,1781607,0,811,761,761,44669760,1412988,394,422,0
571,1.460,0.667,0.000,2.127,2.247,697965,1781607,0,811,761,761,44669760,1412988,394,422,0
572,1.503,0.657,0.000,2.160,2.224,697965,1781607,0,811,761,761,44669760,1412988,394,422,0
573,1.482,0.668,0.000,2.150,2.254,697965,1781607,0,811,761,761,44669760,1412988,394,422,0
574,1.489,0.646,0.000,2.135,2.242,697965,1781607,0,811,761,761,44669760,1412988,394,422,0
575,1.511,0.658,0.000,2.169,2.227,697965,1781607,0,811,761,761,44669760,1412988,394,422,0
576,1.497,0.652,0.000,2.149,2.265,697965,1781607,0,811,761,761,44669760,1412988,394,422,0
577,1.505,0.671,0.000,2.176,2.241,697965,1781607,0,811,761,761,44669760,1412988,394,422,0
578,1.510,0.647,0.000,2.158,2.267,697965,1781607,0,811,761,761,44669760,1412988,394,422,0
579,1.500,0.675,0.000,2.176,2.252,697965,1781607,0,811,761,761,44669760,1412988,394,422,0
580,1.488,0.682,0.000,2.170,2.268,697965,1781607,0,811,761,761,44669760,1412988,394,422,0
581,1.458,0.683,0.000,2.140,2.264,697965,1781607,0,811,761,761,44669760,1412988,394,422,0
582,1.494,0.662,0.000,2.157,2.231,697965,1781607,0,811,761,761,44669760,1412988,394,422,0
583,1.483,0.688,0.000,2.171,2.253,697965,1781607,0,811,761,761,44669760,1412988,394,422,0
584,1.492,0.652,0.000,2.144,2.265,697965,1781607,0,811,761,761,44669760,1412988,394,422,0
585,1.504,0.663,0.000,2.167,2.238,697965,1781607,0,811,761,761,44669760,1412988,394,422,0
586,1.510,0.680,0.000,2.190,2.261,697965,1781607,0,811,761,761,44669760,1412988,394,422,0
587,1.495,0.679,0.000,2.174,2.284,697965,1781607,0,811,761,761,44669760,1412988,394,422,0
588,1.505,0.671,0.000,2.176,2.267,697965,1781607,0,811,761,761,44669760,1412988,394,422,0
589,1.482,0.653,0.000,2.135,2.266,697965,1781607,0,811,761,761,44669760,1412988,394,422,0
590,1.482,0.677,0.000,2.159,2.225,697965,1781607,0,811,761,761,44669760,1412988,394,422,0
591,1.476,0.682,0.000,2.158,2.263,697965,1781607,0,811,761,761,44669760,1412988,394,422,0
592,1.539,0.642,0.000,2.181,2.262,697965,1781607,0,811,761,761,44669760,1412988,394,422,0
593,1.485,0.703,0.000,2.188,2.275,697965,1781607,0,811,761,761,44669760,1412988,394,422,0
594,1.481,0.658,0.000,2.139,2.280,697965,1781607,0,811,761,761,44669760,1412988,394,422,0
595,1.480,0.657,0.000,2.138,2.234,697965,1781607,0,811,761,761,44669760,1412988,394,422,0
596,1.503,0.640,0.000,2.143,2.234,697965,1781607,0,811,761,761,44669760,1412988,394,422,0
597,1.481,0.684,0.000,2.165,2.234,697965,1781607,0,811,761,761,44669760,1412988,394,422,0
598,1.490,0.687,0.000,2.177,2.258,697965,1781607,0,811,761,761,44669760,1412988,394,422,0
599,1.491,0.645,0.000,2.136,2.269,697965,1781607,0,811,761,761,44669760,1412988,394,422,0
600,1.497,0.665,0.000,2.162,2.229,697965,1781607,0,811,761,761,44669760,1412988,394,422,0
601,1.501,0.659,0.000,2.160,2.256,697965,1781607,0,811,761,761,44669760,1412988,394,422,0
602,1.514,0.668,0.000,2.181,2.254,697965,1781607,0,811,761,761,44669760,1412988,394,422,0
603,1.493,0.657,0.000,2.150,2.276,697965,1781607,0,811,761,761,44669760,1412988,394,422,0
604,1.497,0.667,0.000,2.164,2.246,697965,1781607,0,811,761,761,44669760,1412988,394,422,0
605,1.490,0.670,0.000,2.159,2.256,697965,1781607,0,811,761,761,44669760,1412988,394,422,0
606,1.472,0.662,0.000,2.134,2.253,697965,1781607,0,811,761,761,44669760,1412988,394,422,0
607,1.532,0.644,0.000,2.176,2.225,697965,1781607,0,811,761,761,44669760,1412988,394,422,0
608,1.564,0.735,0.000,2.299,2.276,697965,1781607,0,811,761,761,44669760,1412988,394,422,0
609,1.547,0.699,0.000,2.246,2.457,697965,1781607,0,811,761,761,44669760,1412988,394,422,0
610,1.582,0.701,0.000,2.283,2.340,697965,1781607,0,811,761,761,44669760,1412988,394,422,0
611,1.502,0.654,0.000,2.156,2.377,697965,1781607,0,811,761,761,44669760,1412988,394,422,0
612,1.415,0.643,0.000,2.058,2.260,697965,1781607,0,811,761,761,44669760,1412988,394,422,0
613,1.423,0.673,0.000,2.096,2.148,697965,1781607,0,811,761,761,44669760,1412988,394,422,0
614,1.570,0.643,0.000,2.214,2.188,697965,1781607,0,811,761,761,44669760,1412988,394,422,0
615,1.538,0.677,0.000,2.215,2.306,697965,1781607,0,811,761,761,44669760,1412988,394,422,0
616,1.519,0.676,0.000,2.195,2.307,697965,1781607,0,811,761,761,44669760,1412988,394,422,0
617,1.504,0.671,0.000,2.175,2.286,697965,1781607,0,811,761,761,44669760,1412988,394,422,0
618,1.555,0.679,0.000,2.234,2.273,697965,1781607,0,811,761,761,44669760,1412988,394,422,0
619,1.503,0.680,0.000,2.183,2.325,697965,1781607,0,811,761,761,44669760,1412988,394,422,0
620,1.526,0.670,0.000,2.196,2.273,697965,1781607,0,811,761,761,44669760,1412988,394,422,0
621,1.502,0.674,0.000,2.176,2.296,697965,1781607,0,811,761,761,44669760,1412988,394,422,0
622,1.506,0.700,0.000,2.206,2.273,697965,1781607,0,811,761,761,44669760,1412988,394,422,0
623,1.647,0.654,0.000,2.300,2.313,697965,1781607,0,811,761,761,44669760,1412988,394,422,0
624,1.589,0.698,0.000,2.287,2.398,697965,1781607,0,811,761,761,44669760,1412988,394,422,0
625,1.574,0.667,0.000,2.241,2.384,697965,1781607,0,811,761,761,44669760,1412988,394,422,0
626,1.511,0.662,0.000,2.173,2.336,697965,1781607,0,811,761,761,44669760,1412988,394,422,0
627,1.507,0.689,0.000,2.197,2.266,697965,1781607,0,811,761,761,44669760,1412988,394,422,0
628,1.525,0.677,0.000,2.201,2.298,697965,1781607,0,811,761,761,44669760,1412988,394,422,0
629,1.503,0.685,0.000,2.188,2.299,697965,1781607,0,811,761,761,44669760,1412988,394,422,0
630,1.503,0.657,0.000,2.160,2.282,697965,1781607,0,811,761,761,44669760,1412988,394,422,0
631,1.515,0.655,0.000,2.171,2.255,697965,1781607,0,811,761,761,44669760,1412988,394,422,0
632,1.529,0.692,0.000,2.221,2.262,697965,1781607,0,811,761,761,44669760,1412988,394,422,0
633,1.476,0.666,0.000,2.142,2.315,697965,1781607,0,811,761,761,44669760,1412988,394,422,0
634,1.536,0.653,0.000,2.189,2.235,697965,1781607,0,811,761,761,44669760,1412988,394,422,0
635,1.942,0.630,0.000,2.571,2.282,697965,1781607,0,811,761,761,44669760,1412988,394,422,0
636,1.555,0.660,0.000,2.215,2.666,697965,1781607,0,811,761,761,44669760,1412988,394,422,0
637,1.541,0.680,0.000,2.222,2.311,697965,1781607,0,811,761,761,44669760,1412988,394,422,0
638,1.498,0.676,0.000,2.174,2.325,697965,1781607,0,811,761,761,44669760,1412988,394,422,0
639,1.506,0.663,0.000,2.169,2.268,697965,1781607,0,811,761,761,44669760,1412988,394,422,0
640,1.530,0.662,0.000,2.192,2.267,697965,1781607,0,811,761,761,44669760,1412988,394,422,0
641,1.508,0.671,0.000,2.179,2.289,697965,1781607,0,811,761,761,44669760,1412988,394,422,0
642,1.494,0.656,0.000,2.150,2.275,697965,1781607,0,811,761,761,44669760,1412988,394,422,0
643,1.516,0.656,0.000,2.172,2.242,697965,1781607,0,811,761,761,44669760,1412988,394,422,0
644,1.509,0.652,0.000,2.161,2.263,697965,1781607,0,811,761,761,44669760,1412988,394,422,0
645,1.513,0.663,0.000,2.177,2.257,697965,1781607,0,811,761,761,44669760,1412988,394,422,0
646,1.488,0.658,0.000,2.146,2.268,697965,1781607,0,811,761,761,44669760,1412988,394,422,0
647,1.492,0.688,0.000,2.181,2.238,697965,1781607,0,811,761,761,44669760,1412988,394,422,0
648,1.497,0.676,0.000,2.173,2.274,697965,1781607,0,811,761,761,44669760,1412988,394,422,0
649,1.469,0.690,0.000,2.159,2.271,697965,1781607,0,811,761,761,44669760,1412988,394,422,0
650,1.497,0.680,0.000,2.177,2.256,697965,1781607,0,811,761,761,44669760,1412988,394,422,0
651,1.528,0.671,0.000,2.199,2.270,697965,1781607,0,811,761,761,44669760,1412988,394,422,0
652,1.532,0.687,0.000,2.220,2.291,697965,1781607,0,811,761,761,44669760,1412988,394,422,0
653,1.480,0.698,0.000,2.178,2.314,697965,1781607,0,811,761,761,44669760,1412988,394,422,0
654,1.538,0.673,0.000,2.210,2.269,697965,1781607,0,811,761,761,44669760,1412988,394,422,0
655,1.503,0.670,0.000,2.173,2.303,697965,1781607,0,811,761,761,44669760,1412988,394,422,0
656,1.499,0.678,0.000,2.177,2.267,697965,1781607,0,811,761,761,44669760,1412988,394,422,0
657,1.481,0.664,0.000,2.145,2.270,697965,1781607,0,811,761,761,44669760,1412988,394,422,0
658,1.509,0.671,0.000,2.180,2.236,697965,1781607,0,811,761,761,44669760,1412988,394,422,0
659,1.543,0.679,0.000,2.222,2.274,697965,1781607,0,811,761,761,44669760,1412988,394,422,0
660,1.484,0.665,0.000,2.149,2.314,697965,1781607,0,811,761,761,44669760,1412988,394,422,0
661,1.489,0.683,0.000,2.172,2.239,697965,1781607,0,811,761,761,44669760,1412988,394,422,0
662,1.530,0.642,0.000,2.172,2.264,697965,1781607,0,811,761,761,44669760,1412988,394,422,0
663,1.502,0.682,0.000,2.184,2.264,697965,1781607,0,811,761,761,44669760,1412988,394,422,0
664,1.501,0.689,0.000,2.190,2.280,697965,1781607,0,811,761,761,44669760,1412988,394,422,0
665,1.494,0.685,0.000,2.179,2.285,697965,1781607,0,811,761,761,44669760,1412988,394,422,0
666,1.485,0.683,0.000,2.167,2.271,697965,1781607,0,811,761,761,44669760,1412988,394,422,0
667,1.476,0.661,0.000,2.137,2.260,697965,1781607,0,811,761,761,44669760,1412988,394,422,0
668,1.520,0.660,0.000,2.180,2.229,697965,1781607,0,811,761,761,44669760,1412988,394,422,0
669,1.506,0.685,0.000,2.191,2.273,697965,1781607,0,811,761,761,44669760,1412988,394,422,0
670,1.507,0.657,0.000,2.164,2.285,697965,1781607,0,811,761,761,44669760,1412988,394,422,0
671,1.456,0.668,0.000,2.124,2.257,697965,1781607,0,811,761,761,44669760,1412988,394,422,0
672,1.478,0.673,0.000,2.151,2.215,697965,1781607,0,811,761,761,44669760,1412988,394,422,0
673,1.501,0.672,0.000,2.173,2.245,697965,1781607,0,811,761,761,44669760,1412988,394,422,0
674,1.482,0.676,0.000,2.159,2.265,697965,1781607,0,811,761,761,44669760,1412988,394,422,0
675,1.451,0.692,0.000,2.143,2.249,697965,1781607,0,811,761,761,44669760,1412988,394,422,0
676,1.525,0.681,0.000,2.206,2.235,697965,1781607,0,811,761,761,44669760,1412988,394,422,0
677,1.499,0.689,0.000,2.188,2.298,697965,1781607,0,811,761,761,44669760,1412988,394,422,0
678,1.499,0.663,0.000,2.162,2.283,697965,1781607,0,811,761,761,44669760,1412988,394,422,0
679,1.490,0.677,0.000,2.167,2.254,697965,1781607,0,811,761,761,44669760,1412988,394,422,0
680,1.530,0.667,0.000,2.197,2.264,697965,1781607,0,811,761,761,44669760,1412988,394,422,0
681,1.470,0.691,0.000,2.161,2.294,697965,1781607,0,811,761,761,44669760,1412988,394,422,0
682,1.502,0.677,0.000,2.178,2.253,697965,1781607,0,811,761,761,44669760,1412988,394,422,0
683,1.467,0.684,0.000,2.151,2.285,697965,1781607,0,811,761,761,44669760,1412988,394,422,0
684,1.511,0.668,0.000,2.179,2.243,697965,1781607,0,811,761,761,44669760,1412988,394,422,0
685,1.488,0.669,0.000,2.157,2.271,697965,1781607,0,811,761,761,44669760,1412988,394,422,0
686,1.389,0.633,0.000,2.021,2.247,697965,1781607,0,811,761,761,44669760,1412988,394,422,0
687,1.403,0.681,0.000,2.084,2.115,697965,1781607,0,811,761,761,44669760,1412988,394,422,0
688,1.485,0.652,0.000,2.137,2.181,697965,1781607,0,811,761,761,44669760,1412988,394,422,0
689,1.394,0.648,0.000,2.042,2.228,697965,1781607,0,811,761,761,44669760,1412988,394,422,0
690,1.392,0.655,0.000,2.047,2.136,697965,1781607,0,811,761,761,44669760,1412988,394,422,0
691,1.492,0.685,0.000,2.177,2.138,697965,1781607,0,811,761,761,44669760,1412988,394,422,0
692,1.498,0.682,0.000,2.180,2.270,697965,1781607,0,811,761,761,44669760,1412988,394,422,0
693,1.489,0.682,0.000,2.171,2.274,697965,1781607,0,811,761,761,44669760,1412988,394,422,0
694,1.491,0.667,0.000,2.158,2.263,697965,1781607,0,811,761,761,44669760,1412988,394,422,0
695,1.508,0.670,0.000,2.178,2.252,697965,1781607,0,811,761,761,44669760,1412988,394,422,0
696,1.467,0.705,0.000,2.172,2.271,697965,1781607,0,811,761,761,44669760,1412988,394,422,0
697,1.551,0.709,0.000,2.260,2.287,697965,1781607,0,811,761,761,44669760,1412988,394,422,0
698,1.575,0.708,0.000,2.283,2.358,697965,1781607,0,811,761,761,44669760,1412988,394,422,0
699,1.523,0.665,0.000,2.188,2.377,697965,1781607,0,811,761,761,44669760,1412988,394,422,0
700,1.516,0.689,0.000,2.205,2.281,697965,1781607,0,811,761,761,44669760,1412988,394,422,0
701,1.513,0.679,0.000,2.192,2.301,697965,1781607,0,811,761,761,44669760,1412988,394,422,0
702,1.504,0.708,0.000,2.212,2.291,697965,1781607,0,811,761,761,44669760,1412988,394,422,0
703,1.493,0.675,0.000,2.168,2.304,697965,1781607,0,811,761,761,44669760,1412988,394,422,0
704,1.494,0.703,0.000,2.197,2.263,697965,1781607,0,811,761,761,44669760,1412988,394,422,0
705,1.528,0.664,0.000,2.192,2.290,697965,1781607,0,811,761,761,44669760,1412988,394,422,0
706,1.485,0.673,0.000,2.158,2.285,697965,1781607,0,811,761,761,44669760,1412988,394,422,0
707,1.512,0.687,0.000,2.199,2.252,697965,1781607,0,811,761,761,44669760,1412988,394,422,0
708,1.493,0.680,0.000,2.174,2.294,697965,1781607,0,811,761,761,44669760,1412988,394,422,0
709,1.487,0.720,0.000,2.208,2.266,697965,1781607,0,811,761,761,44669760,1412988,394,422,0
710,1.645,0.706,0.000,2.350,2.319,697965,1781607,0,811,761,761,44669760,1412988,394,422,0
711,1.508,0.682,0.000,2.190,2.459,697965,1781607,0,811,761,761,44669760,1412988,394,422,0
712,1.540,0.677,0.000,2.218,2.283,697965,1781607,0,811,761,761,44669760,1412988,394,422,0
713,1.505,0.678,0.000,2.183,2.313,697965,1781607,0,811,761,761,44669760,1412988,394,422,0
714,1.525,0.666,0.000,2.191,2.277,697965,1781607,0,811,761,761,44669760,1412988,394,422,0
715,1.507,0.660,0.000,2.168,2.285,697965,1781607,0,811,761,761,44669760,1412988,394,422,0
716,1.506,0.684,0.000,2.190,2.263,697965,1781607,0,811,761,761,44669760,1412988,394,422,0
717,1.472,0.657,0.000,2.128,2.283,697965,1781607,0,811,761,761,44669760,1412988,394,422,0
718,1.496,0.674,0.000,2.170,2.220,697965,1781607,0,811,761,761,44669760,1412988,394,422,0
719,1.473,0.678,0.000,2.150,2.263,697965,1781607,0,811,761,761,44669760,1412988,394,422,0
720,1.510,0.641,0.000,2.151,2.243,697965,1781607,0,811,761,761,44669760,1412988,394,422,0
721,1.481,0.669,0.000,2.150,2.244,697965,1781607,0,811,761,761,44669760,1412988,394,422,0
722,1.512,0.683,0.000,2.195,2.244,697965,1781607,0,811,761,761,44669760,1412988,394,422,0
723,1.471,0.669,0.000,2.140,2.287,697965,1781607,0,811,761,761,44669760,1412988,394,422,0
724,1.474,0.678,0.000,2.152,2.230,697965,1781607,0,811,761,761,44669760,1412988,394,422,0
725,1.476,0.691,0.000,2.168,2.246,697965,1781607,0,811,761,761,44669760,1412988,394,422,0
726,1.424,0.642,0.000,2.066,2.260,697965,1781607,0,811,761,761,44669760,1412988,394,422,0
727,1.373,0.638,0.000,2.011,2.163,697965,1781607,0,811,761,761,44669760,1412988,394,422,0
728,1.406,0.641,0.000,2.047,2.120,697965,1781607,0,811,761,761,44669760,1412988,394,422,0
729,1.475,0.682,0.000,2.157,2.161,697965,1781607,0,811,761,761,44669760,1412988,394,422,0
730,1.483,0.666,0.000,2.149,2.253,697965,1781607,0,811,761,761,44669760,1412988,394,422,0
731,1.459,0.689,0.000,2.148,2.241,697965,1781607,0,811,761,761,44669760,1412988,394,422,0
732,1.529,0.655,0.000,2.184,2.240,697965,1781607,0,811,761,761,44669760,1412988,394,422,0
733,1.458,0.676,0.000,2.134,2.277,697965,1781607,0,811,761,761,44669760,1412988,394,422,0
734,1.499,0.688,0.000,2.187,2.232,697965,1781607,0,811,761,761,44669760,1412988,394,422,0
735,1.516,0.675,0.000,2.191,2.278,697965,1781607,0,811,761,761,44669760,1412988,394,422,0
736,1.494,0.657,0.000,2.151,2.285,697965,1781607,0,811,761,761,44669760,1412988,394,422,0
737,1.474,0.673,0.000,2.147,2.244,697965,1781607,0,811,761,761,44669760,1412988,394,422,0
738,1.467,0.659,0.000,2.127,2.238,697965,1781607,0,811,761,761,44669760,1412988,394,422,0
739,1.506,0.671,0.000,2.177,2.220,697965,1781607,0,811,761,761,44669760,1412988,394,422,0
740,1.513,0.645,0.000,2.158,2.270,697965,1781607,0,811,761,761,44669760,1412988,394,422,0
741,1.475,0.663,0.000,2.138,2.254,697965,1781607,0,811,761,761,44669760,1412988,394,422,0
742,1.476,0.661,0.000,2.136,2.232,697965,1781607,0,811,761,761,44669760,1412988,394,422,0
743,1.505,0.698,0.000,2.203,2.227,697965,1781607,0,811,761,761,44669760,1412988,394,422,0
744,1.504,0.669,0.000,2.173,2.298,697965,1781607,0,811,761,761,44669760,1412988,394,422,0
745,1.491,0.682,0.000,2.173,2.264,697965,1781607,0,811,761,761,44669760,1412988,394,422,0
746,1.491,0.665,0.000,2.156,2.263,697965,1781607,0,811,761,761,44669760,1412988,394,422,0
747,1.539,0.672,0.000,2.210,2.248,697965,1781607,0,811,761,761,44669760,1412988,394,422,0
748,1.516,0.656,0.000,2.171,2.302,697965,1781607,0,811,761,761,44669760,1412988,394,422,0
749,1.490,0.684,0.000,2.174,2.263,697965,1781607,0,811,761,761,44669760,1412988,394,422,0
750,1.496,0.660,0.000,2.156,2.266,697965,1781607,0,811,761,761,44669760,1412988,394,422,0
751,1.487,0.667,0.000,2.154,2.248,697965,1781607,0,811,761,761,44669760,1412988,394,422,0
752,1.507,0.667,0.000,2.174,2.245,697965,1781607,0,811,761,761,44669760,1412988,394,422,0
753,1.461,0.673,0.000,2.133,2.266,697965,1781607,0,811,761,761,44669760,1412988,394,422,0
754,1.475,0.670,0.000,2.144,2.226,697965,1781607,0,811,761,761,44669760,1412988,394,422,0
755,1.564,0.687,0.000,2.251,2.239,697965,1781607,0,811,761,761,44669760,1412988,394,422,0
756,1.501,0.657,0.000,2.159,2.350,697965,1781607,0,811,761,761,44669760,1412988,394,422,0
757,1.466,0.678,0.000,2.145,2.250,697965,1781607,0,811,761,761,44669760,1412988,394,422,0
758,1.480,0.662,0.000,2.141,2.239,697965,1781607,0,811,761,761,44669760,1412988,394,422,0
759,1.517,0.667,0.000,2.184,2.234,697965,1781607,0,811,761,761,44669760,1412988,394,422,0
760,1.523,0.695,0.000,2.218,2.274,697965,1781607,0,811,761,761,44669760,1412988,394,422,0
761,1.466,0.669,0.000,2.135,2.313,697965,1781607,0,811,761,761,44669760,1412988,394,422,0
762,1.494,0.671,0.000,2.165,2.228,697965,1781607,0,811,761,761,44669760,1412988,394,422,0
763,1.510,0.697,0.000,2.207,2.256,697965,1781607,0,811,761,761,44669760,1412988,394,422,0
764,1.545,0.709,0.000,2.253,2.313,697965,1781607,0,811,761,761,44669760,1412988,394,422,0
765,1.492,0.671,0.000,2.163,2.349,697965,1781607,0,811,761,761,44669760,1412988,394,422,0
766,1.503,0.666,0.000,2.170,2.255,697965,1781607,0,811,761,761,44669760,1412988,394,422,0
767,1.481,0.660,0.000,2.141,2.262,697965,1781607,0,811,761,761,44669760,1412988,394,422,0
768,1.491,0.682,0.000,2.172,2.234,697965,1781607,0,811,761,761,44669760,1412988,394,422,0
769,1.472,0.674,0.000,2.146,2.265,697965,1781607,0,811,761,761,44669760,1412988,394,422,0
770,1.492,0.668,0.000,2.160,2.239,697965,1781607,0,811,761,761,44669760,1412988,394,422,0
771,1.465,0.674,0.000,2.139,2.256,697965,1781607,0,811,761,761,44669760,1412988,394,422,0
772,1.532,0.659,0.000,2.192,2.231,697965,1781607,0,811,761,761,44669760,1412988,394,422,0
773,1.470,0.672,0.000,2.143,2.284,697965,1781607,0,811,761,761,44669760,1412988,394,422,0
774,1.479,0.673,0.000,2.152,2.235,697965,1781607,0,811,761,761,44669760,1412988,394,422,0
775,1.483,0.645,0.000,2.128,2.245,697965,1781607,0,811,761,761,44669760,1412988,394,422,0
776,1.418,0.630,0.000,2.048,2.228,697965,1781607,0,811,761,761,44669760,1412988,394,422,0
777,1.385,0.677,0.000,2.062,2.142,697965,1781607,0,811,761,761,44669760,1412988,394,422,0
778,1.485,0.663,0.000,2.149,2.157,697965,1781607,0,811,761,761,44669760,1412988,394,422,0
779,1.380,0.648,0.000,2.028,2.242,697965,1781607,0,811,761,761,44669760,1412988,394,422,0
780,1.430,0.641,0.000,2.071,2.119,697965,1781607,0,811,761,761,44669760,1412988,394,422,0
781,1.387,0.669,0.000,2.056,2.161,697965,1781607,0,811,761,761,44669760,1412988,394,422,0
782,1.462,0.677,0.000,2.139,2.149,697965,1781607,0,811,761,761,44669760,1412988,394,422,0
783,1.481,0.641,0.000,2.121,2.232,697965,1781607,0,811,761,761,44669760,1412988,394,422,0
784,1.491,0.653,0.000,2.145,2.216,697965,1781607,0,811,761,761,44669760,1412988,394,422,0
785,1.392,0.662,0.000,2.054,2.238,697965,1781607,0,811,761,761,44669760,1412988,394,422,0
786,1.422,0.679,0.000,2.101,2.146,697965,1781607,0,811,761,761,44669760,1412988,394,422,0
787,1.467,0.671,0.000,2.138,2.194,697965,1781607,0,811,761,761,44669760,1412988,394,422,0
788,1.455,0.654,0.000,2.109,2.235,697965,1781607,0,811,761,761,44669760,1412988,394,422,0
789,1.495,0.647,0.000,2.142,2.205,697965,1781607,0,811,761,761,44669760,1412988,394,422,0
790,1.480,0.658,0.000,2.138,2.237,697965,1781607,0,811,761,761,44669760,1412988,394,422,0
791,1.480,0.670,0.000,2.150,2.230,697965,1781607,0,811,761,761,44669760,1412988,394,422,0
792,1.469,0.654,0.000,2.123,2.242,697965,1781607,0,811,761,761,44669760,1412988,394,422,0
793,1.471,0.666,0.000,2.137,2.215,697965,1781607,0,811,761,761,44669760,1412988,394,422,0
794,1.449,0.639,0.000,2.088,2.229,697965,1781607,0,811,761,761,44669760,1412988,394,422,0
795,1.453,0.665,0.000,2.118,2.178,697965,1781607,0,811,761,761,44669760,1412988,394,422,0
796,1.439,0.685,0.000,2.124,2.212,697965,1781607,0,811,761,761,44669760,1412988,394,422,0
797,1.485,0.659,0.000,2.145,2.217,697965,1781607,0,811,761,761,44669760,1412988,394,422,0
798,1.510,0.643,0.000,2.154,2.244,697965,1781607,0,811,761,761,44669760,1412988,394,422,0
799,1.526,0.670,0.000,2.195,2.248,697965,1781607,0,811,761,761,44669760,1412988,394,422,0
800,1.488,0.651,0.000,2.139,2.286,697965,1781607,0,811,761,761,44669760,1412988,394,422,0
801,1.462,0.646,0.000,2.108,2.233,697965,1781607,0,811,761,761,44669760,1412988,394,422,0
802,1.485,0.653,0.000,2.138,2.201,697965,1781607,0,811,761,761,44669760,1412988,394,422,0
803,1.413,0.692,0.000,2.104,2.230,697965,1781607,0,811,761,761,44669760,1412988,394,422,0
804,1.460,0.652,0.000,2.113,2.207,697965,1781607,0,811,761,761,44669760,1412988,394,422,0
805,1.469,0.658,0.000,2.126,2.221,697965,1781607,0,811,761,761,44669760,1412988,394,422,0
806,1.524,0.652,0.000,2.176,2.223,697965,1781607,0,811,761,761,44669760,1412988,394,422,0
807,1.524,0.662,0.000,2.186,2.271,697965,1781607,0,811,761,761,44669760,1412988,394,422,0
808,1.505,0.668,0.000,2.173,2.277,697965,1781607,0,811,761,761,44669760,1412988,394,422,0
809,1.504,0.661,0.000,2.165,2.264,697965,1781607,0,811,761,761,44669760,1412988,394,422,0
810,1.525,0.618,0.000,2.143,2.258,697965,1781607,0,811,761,761,44669760,1412988,394,422,0
811,1.485,0.651,0.000,2.136,2.240,697965,1781607,0,811,761,761,44669760,1412988,394,422,0
812,1.466,0.663,0.000,2.129,2.229,697965,1781607,0,811,761,761,44669760,1412988,394,422,0
813,1.467,0.655,0.000,2.122,2.224,697965,1781607,0,811,761,761,44669760,1412988,394,422,0
814,1.502,0.640,0.000,2.142,2.214,697965,1781607,0,811,761,761,44669760,1412988,394,422,0
815,1.526,0.666,0.000,2.192,2.236,697965,1781607,0,811,761,761,44669760,1412988,394,422,0
816,1.498,0.663,0.000,2.161,2.285,697965,1781607,0,811,761,761,44669760,1412988,394,422,0
817,1.528,0.621,0.000,2.149,2.254,697965,1781607,0,811,761,761,44669760,1412988,394,422,0
818,1.456,0.634,0.000,2.089,2.243,697965,1781607,0,811,761,761,44669760,1412988,394,422,0
819,1.486,0.711,0.000,2.197,2.314,697965,1781607,0,811,761,761,44669760,1412988,394,422,0
820,1.546,0.618,0.000,2.164,2.291,697965,1781607,0,811,761,761,44669760,1412988,394,422,0
821,1.526,0.656,0.000,2.182,2.258,697965,1781607,0,811,761,761,44669760,1412988,394,422,0
822,1.497,0.693,0.000,2.189,2.276,697965,1781607,0,811,761,761,44669760,1412988,394,422,0
823,1.468,0.649,0.000,2.117,2.282,697965,1781607,0,811,761,761,44669760,1412988,394,422,0
824,1.477,0.672,0.000,2.149,2.213,697965,1781607,0,811,761,761,44669760,1412988,394,422,0
825,1.504,0.662,0.000,2.167,2.242,697965,1781607,0,811,761,761,44669760,1412988,394,422,0
826,1.546,0.658,0.000,2.203,2.258,697965,1781607,0,811,761,761,44669760,1412988,394,422,0
827,1.646,0.655,0.000,2.301,2.295,697965,1781607,0,811,761,761,44669760,1412988,394,422,0
828,1.547,0.653,0.000,2.200,2.399,697965,1781607,0,811,761,761,44669760,1412988,394,422,0
829,1.494,0.689,0.000,2.183,2.295,697965,1781607,0,811,761,761,44669760,1412988,394,422,0
830,1.475,0.656,0.000,2.131,2.279,697965,1781607,0,811,761,761,44669760,1412988,394,422,0
831,1.496,0.642,0.000,2.138,2.224,697965,1781607,0,811,761,761,44669760,1412988,394,422,0
832,1.549,0.630,0.000,2.180,2.230,697965,1781607,0,811,761,761,44669760,1412988,394,422,0
833,1.531,0.669,0.000,2.201,2.273,697965,1781607,0,811,761,761,44669760,1412988,394,422,0
834,1.541,0.649,0.000,2.189,2.293,697965,1781607,0,811,761,761,44669760,1412988,394,422,0
835,1.516,0.651,0.000,2.167,2.281,697965,1781607,0,811,761,761,44669760,1412988,394,422,0
836,1.515,0.642,0.000,2.157,2.259,697965,1781607,0,811,761,761,44669760,1412988,394,422,0
837,1.504,0.669,0.000,2.173,2.250,697965,1781607,0,811,761,761,44669760,1412988,394,422,0
838,1.539,0.620,0.000,2.160,2.270,697965,1781607,0,811,761,761,44669760,1412988,394,422,0
839,1.475,0.672,0.000,2.148,2.253,697965,1781607,0,811,761,761,44669760,1412988,394,422,0
840,1.511,0.655,0.000,2.166,2.240,697965,1781607,0,811,761,761,44669760,1412988,394,422,0
841,1.546,0.660,0.000,2.206,2.260,697965,1781607,0,811,761,761,44669760,1412988,394,422,0
842,1.509,0.630,0.000,2.140,2.298,697965,1781607,0,811,761,761,44669760,1412988,394,422,0
843,1.468,0.687,0.000,2.155,2.232,697965,1781607,0,811,761,761,44669760,1412988,394,422,0
844,1.475,0.695,0.000,2.170,2.248,697965,1781607,0,811,761,761,44669760,1412988,394,422,0
845,1.438,0.676,0.000,2.113,2.264,697965,1781607,0,811,761,761,44669760,1412988,394,422,0
846,1.573,0.630,0.000,2.204,2.205,697965,1781607,0,811,761,761,44669760,1412988,394,422,0
847,1.509,0.657,0.000,2.166,2.296,697965,1781607,0,811,761,761,44669760,1412988,394,422,0
848,1.475,0.658,0.000,2.132,2.259,697965,1781607,0,811,761,761,44669760,1412988,394,422,0
849,1.492,0.660,0.000,2.152,2.224,697965,1781607,0,811,761,761,44669760,1412988,394,422,0
850,1.537,0.646,0.000,2.184,2.245,697965,1781607,0,811,761,761,44669760,1412988,394,422,0
851,1.433,0.669,0.000,2.102,2.290,697965,1781607,0,811,761,761,44669760,1412988,394,422,0
852,1.451,0.675,0.000,2.126,2.195,697965,1781607,0,811,761,761,44669760,1412988,394,422,0
853,1.575,0.621,0.000,2.195,2.218,697965,1781607,0,811,761,761,44669760,1412988,394,422,0
854,1.562,0.645,0.000,2.206,2.292,697965,1781607,0,811,761,761,44669760,1412988,394,422,0
855,1.481,0.695,0.000,2.176,2.301,697965,1781607,0,811,761,761,44669760,1412988,394,422,0
856,1.533,0.649,0.000,2.181,2.267,697965,1781607,0,811,761,761,44669760,1412988,394,422,0
857,1.525,0.657,0.000,2.182,2.275,697965,1781607,0,811,761,761,44669760,1412988,394,422,0
858,1.512,0.619,0.000,2.131,2.274,697965,1781607,0,811,761,761,44669760,1412988,394,422,0
859,1.513,0.662,0.000,2.175,2.223,697965,1781607,0,811,761,761,44669760,1412988,394,422,0
860,1.525,0.650,0.000,2.174,2.265,697965,1781607,0,811,761,761,44669760,1412988,394,422,0
861,1.523,0.646,0.000,2.168,2.348,697965,1781607,0,811,761,761,44669760,1412988,394,422,0
862,1.485,0.641,0.000,2.126,2.261,697965,1781607,0,811,761,761,44669760,1412988,394,422,0
863,1.500,0.662,0.000,2.162,2.216,697965,1781607,0,811,761,761,44669760,1412988,394,422,0
864,1.500,0.649,0.000,2.149,2.256,697965,1781607,0,811,761,761,44669760,1412988,394,422,0
865,1.530,0.634,0.000,2.164,2.241,697965,1781607,0,811,761,761,44669760,1412988,394,422,0
866,1.488,0.650,0.000,2.137,2.259,697965,1781607,0,811,761,761,44669760,1412988,394,422,0
867,1.471,0.651,0.000,2.122,2.229,697965,1781607,0,811,761,761,44669760,1412988,394,422,0
868,1.460,0.631,0.000,2.091,2.217,697965,1781607,0,811,761,761,44669760,1412988,394,422,0
869,1.483,0.654,0.000,2.137,2.184,697965,1781607,0,811,761,761,44669760,1412988,394,422,0
870,1.519,0.645,0.000,2.164,2.230,697965,1781607,0,811,761,761,44669760,1412988,394,422,0
871,1.468,0.655,0.000,2.123,2.256,697965,1781607,0,811,761,761,44669760,1412988,394,422,0
872,1.487,0.642,0.000,2.128,2.217,697965,1781607,0,811,761,761,44669760,1412988,394,422,0
873,1.541,0.646,0.000,2.188,2.225,697965,1781607,0,811,761,761,44669760,1412988,394,422,0
874,1.524,0.645,0.000,2.168,2.281,697965,1781607,0,811,761,761,44669760,1412988,394,422,0
875,1.472,0.678,0.000,2.150,2.261,697965,1781607,0,811,761,761,44669760,1412988,394,422,0
876,1.532,0.620,0.000,2.153,2.242,697965,1781607,0,811,761,761,44669760,1412988,394,422,0
877,1.520,0.668,0.000,2.187,2.244,697965,1781607,0,811,761,761,44669760,1412988,394,422,0
878,1.497,0.672,0.000,2.169,2.281,697965,1781607,0,811,761,761,44669760,1412988,394,422,0
879,1.519,0.669,0.000,2.188,2.260,697965,1781607,0,811,761,761,44669760,1412988,394,422,0
880,1.504,0.629,0.000,2.133,2.291,697965,1781607,0,811,761,761,44669760,1412988,394,422,0
881,1.530,0.680,0.000,2.210,2.226,697965,1781607,0,811,761,761,44669760,1412988,394,422,0
882,1.528,0.661,0.000,2.188,2.300,697965,1781607,0,811,761,761,44669760,1412988,394,422,0
883,1.505,0.664,0.000,2.169,2.283,697965,1781607,0,811,761,761,44669760,1412988,394,422,0
884,1.532,0.646,0.000,2.178,2.262,697965,1781607,0,811,761,761,44669760,1412988,394,422,0
885,1.464,0.685,0.000,2.149,2.277,697965,1781607,0,811,761,761,44669760,1412988,394,422,0
886,1.451,0.659,0.000,2.110,2.243,697965,1781607,0,811,761,761,44669760,1412988,394,422,0
887,1.458,0.646,0.000,2.104,2.205,697965,1781607,0,811,761,761,44669760,1412988,394,422,0
888,1.435,0.638,0.000,2.073,2.197,697965,1781607,0,811,761,761,44669760,1412988,394,422,0
889,1.498,0.648,0.000,2.146,2.167,697965,1781607,0,811,761,761,44669760,1412988,394,422,0
890,1.539,0.654,0.000,2.192,2.237,697965,1781607,0,811,761,761,44669760,1412988,394,422,0
891,1.528,0.647,0.000,2.175,2.285,697965,1781607,0,811,761,761,44669760,1412988,394,422,0
892,1.509,0.642,0.000,2.151,2.272,697965,1781607,0,811,761,761,44669760,1412988,394,422,0
893,1.493,0.667,0.000,2.159,2.244,697965,1781607,0,811,761,761,44669760,1412988,394,422,0
894,1.514,0.647,0.000,2.161,2.264,697965,1781607,0,811,761,761,44669760,1412988,394,422,0
895,1.500,0.665,0.000,2.165,2.253,697965,1781607,0,811,761,761,44669760,1412988,394,422,0
896,1.523,0.649,0.000,2.171,2.257,697965,1781607,0,811,761,761,44669760,1412988,394,422,0
897,1.545,0.665,0.000,2.211,2.266,697965,1781607,0,811,761,761,44669760,1412988,394,422,0
898,1.532,0.667,0.000,2.199,2.304,697965,1781607,0,811,761,761,44669760,1412988,394,422,0
899,1.496,0.677,0.000,2.173,2.289,697965,1781607,0,811,761,761,44669760,1412988,394,422,0
900,1.505,0.648,0.000,2.153,2.268,697965,1781607,0,811,761,761,44669760,1412988,394,422,0
901,1.546,0.718,0.000,2.264,2.244,697965,1781607,0,811,761,761,44669760,1412988,394,422,0
902,1.544,0.713,0.000,2.257,2.453,697965,1781607,0,811,761,761,44669760,1412988,394,422,0
903,1.413,0.679,0.000,2.092,2.352,697965,1781607,0,811,761,761,44669760,1412988,394,422,0
904,1.510,0.658,0.000,2.168,2.185,697965,1781607,0,811,761,761,44669760,1412988,394,422,0
905,1.521,0.669,0.000,2.190,2.261,697965,1781607,0,811,761,761,44669760,1412988,394,422,0
906,1.501,0.680,0.000,2.181,2.287,697965,1781607,0,811,761,761,44669760,1412988,394,422,0
907,1.456,0.697,0.000,2.152,2.272,697965,1781607,0,811,761,761,44669760,1412988,394,422,0
908,1.501,0.674,0.000,2.175,2.248,697965,1781607,0,811,761,761,44669760,1412988,394,422,0
909,1.535,0.667,0.000,2.201,2.269,697965,1781607,0,811,761,761,44669760,1412988,394,422,0
910,1.514,0.674,0.000,2.188,2.294,697965,1781607,0,811,761,761,44669760,1412988,394,422,0
911,1.526,0.673,0.000,2.199,2.282,697965,1781607,0,811,761,761,44669760,1412988,394,422,0
912,1.495,0.671,0.000,2.166,2.291,697965,1781607,0,811,761,761,44669760,1412988,394,422,0
913,1.496,0.657,0.000,2.153,2.258,697965,1781607,0,811,761,761,44669760,1412988,394,422,0
914,1.482,0.669,0.000,2.150,2.255,697965,1781607,0,811,761,761,44669760,1412988,394,422,0
915,1.486,0.688,0.000,2.174,2.243,697965,1781607,0,811,761,761,44669760,1412988,394,422,0
916,1.485,0.674,0.000,2.159,2.267,697965,1781607,0,811,761,761,44669760,1412988,394,422,0
917,1.516,0.649,0.000,2.165,2.257,697965,1781607,0,811,761,761,44669760,1412988,394,422,0
918,1.507,0.655,0.000,2.162,2.256,697965,1781607,0,811,761,761,44669760,1412988,394,422,0
919,1.457,0.665,0.000,2.121,2.251,697965,1781607,0,811,761,761,44669760,1412988,394,422,0
920,1.521,0.661,0.000,2.182,2.214,697965,1781607,0,811,761,761,44669760,1412988,394,422,0
921,1.516,0.676,0.000,2.192,2.276,697965,1781607,0,811,761,761,44669760,1412988,394,422,0
922,1.455,0.650,0.000,2.105,2.285,697965,1781607,0,811,761,761,44669760,1412988,394,422,0
923,1.480,0.672,0.000,2.152,2.197,697965,1781607,0,811,761,761,44669760,1412988,394,422,0
924,1.488,0.675,0.000,2.163,2.242,697965,1781607,0,811,761,761,44669760,1412988,394,422,0
925,1.477,0.687,0.000,2.164,2.261,697965,1781607,0,811,761,761,44669760,1412988,394,422,0
926,1.504,0.667,0.000,2.171,2.257,697965,1781607,0,811,761,761,44669760,1412988,394,422,0
927,1.518,0.645,0.000,2.163,2.263,697965,1781607,0,811,761,761,44669760,1412988,394,422,0
928,1.471,0.647,0.000,2.118,2.257,697965,1781607,0,811,761,761,44669760,1412988,394,422,0
929,1.500,0.649,0.000,2.149,2.209,697965,1781607,0,811,761,761,44669760,1412988,394,422,0
930,1.496,0.664,0.000,2.160,2.244,697965,1781607,0,811,761,761,44669760,1412988,394,422,0
931,1.499,0.685,0.000,2.184,2.253,697965,1781607,0,811,761,761,44669760,1412988,394,422,0
932,1.456,0.654,0.000,2.110,2.276,697965,1781607,0,811,761,761,44669760,1412988,394,422,0
933,1.463,0.671,0.000,2.134,2.200,697965,1781607,0,811,761,761,44669760,1412988,394,422,0
934,1.485,0.663,0.000,2.148,2.226,697965,1781607,0,811,761,761,44669760,1412988,394,422,0
935,1.513,0.681,0.000,2.195,2.243,697965,1781607,0,811,761,761,44669760,1412988,394,422,0
936,1.492,0.680,0.000,2.172,2.291,697965,1781607,0,811,761,761,44669760,1412988,394,422,0
937,1.506,0.674,0.000,2.180,2.269,697965,1781607,0,811,761,761,44669760,1412988,394,422,0
938,1.521,0.668,0.000,2.189,2.271,697965,1781607,0,811,761,761,44669760,1412988,394,422,0
939,1.480,0.682,0.000,2.161,2.282,697965,1781607,0,811,761,761,44669760,1412988,394,422,0
940,1.491,0.665,0.000,2.156,2.257,697965,1781607,0,811,761,761,44669760,1412988,394,422,0
941,1.494,0.658,0.000,2.152,2.247,697965,1781607,0,811,761,761,44669760,1412988,394,422,0
942,1.497,0.654,0.000,2.151,2.244,697965,1781607,0,811,761,761,44669760,1412988,394,422,0
943,1.500,0.659,0.000,2.159,2.242,697965,1781607,0,811,761,761,44669760,1412988,394,422,0
944,1.526,0.674,0.000,2.200,2.251,697965,1781607,0,811,761,761,44669760,1412988,394,422,0
945,1.498,0.671,0.000,2.168,2.297,697965,1781607,0,811,761,761,44669760,1412988,394,422,0
946,1.501,0.667,0.000,2.167,2.262,697965,1781607,0,811,761,761,44669760,1412988,394,422,0
947,1.503,0.662,0.000,2.165,2.259,697965,1781607,0,811,761,761,44669760,1412988,394,422,0
948,1.473,0.672,0.000,2.145,2.261,697965,1781607,0,811,761,761,44669760,1412988,394,422,0
949,1.483,0.686,0.000,2.169,2.237,697965,1781607,0,811,761,761,44669760,1412988,394,422,0
950,1.491,0.682,0.000,2.174,2.262,697965,1781607,0,811,761,761,44669760,1412988,394,422,0
951,1.497,0.664,0.000,2.161,2.266,697965,1781607,0,811,761,761,44669760,1412988,394,422,0
952,1.481,0.687,0.000,2.168,2.258,697965,1781607,0,811,761,761,44669760,1412988,394,422,0
953,1.490,0.679,0.000,2.169,2.263,697965,1781607,0,811,761,761,44669760,1412988,394,422,0
954,1.494,0.674,0.000,2.169,2.261,697965,1781607,0,811,761,761,44669760,1412988,394,422,0
955,1.485,0.678,0.000,2.162,2.260,697965,1781607,0,811,761,761,44669760,1412988,394,422,0
956,1.480,0.653,0.000,2.133,2.256,697965,1781607,0,811,761,761,44669760,1412988,394,422,0
957,1.497,0.688,0.000,2.185,2.226,697965,1781607,0,811,761,761,44669760,1412988,394,422,0
958,1.518,0.676,0.000,2.194,2.277,697965,1781607,0,811,761,761,44669760,1412988,394,422,0
959,1.478,0.691,0.000,2.169,2.287,697965,1781607,0,811,761,761,44669760,1412988,394,422,0
960,1.481,0.690,0.000,2.171,2.263,697965,1781607,0,811,761,761,44669760,1412988,394,422,0
961,1.517,0.683,0.000,2.200,2.266,697965,1781607,0,811,761,761,44669760,1412988,394,422,0
962,1.475,0.688,0.000,2.164,2.296,697965,1781607,0,811,761,761,44669760,1412988,394,422,0
963,1.477,0.672,0.000,2.149,2.257,697965,1781607,0,811,761,761,44669760,1412988,394,422,0
964,1.463,0.669,0.000,2.132,2.244,697965,1781607,0,811,761,761,44669760,1412988,394,422,0
965,1.493,0.663,0.000,2.155,2.230,697965,1781607,0,811,761,761,44669760,1412988,394,422,0
966,1.506,0.662,0.000,2.168,2.245,697965,1781607,0,811,761,761,44669760,1412988,394,422,0
967,1.453,0.678,0.000,2.131,2.265,697965,1781607,0,811,761,761,44669760,1412988,394,422,0
968,1.521,0.651,0.000,2.173,2.223,697965,1781607,0,811,761,761,44669760,1412988,394,422,0
969,1.479,0.673,0.000,2.151,2.265,697965,1781607,0,811,761,761,44669760,1412988,394,422,0
970,1.495,0.659,0.000,2.154,2.246,697965,1781607,0,811,761,761,44669760,1412988,394,422,0
971,1.512,0.706,0.000,2.219,2.247,697965,1781607,0,811,761,761,44669760,1412988,394,422,0
972,1.495,0.668,0.000,2.163,2.309,697965,1781607,0,811,761,761,44669760,1412988,394,422,0
973,1.473,0.646,0.000,2.119,2.256,697965,1781607,0,811,761,761,44669760,1412988,394,422,0
974,1.505,0.676,0.000,2.181,2.214,697965,1781607,0,811,761,761,44669760,1412988,394,422,0
975,1.476,0.698,0.000,2.174,2.273,697965,1781607,0,811,761,761,44669760,1412988,394,422,0
976,1.480,0.669,0.000,2.149,2.268,697965,1781607,0,811,761,761,44669760,1412988,394,422,0
977,1.535,0.669,0.000,2.203,2.243,697965,1781607,0,811,761,761,44669760,1412988,394,422,0
978,1.475,0.661,0.000,2.136,2.298,697965,1781607,0,811,761,761,44669760,1412988,394,422,0
979,1.506,0.669,0.000,2.176,2.231,697965,1781607,0,811,761,761,44669760,1412988,394,422,0
980,1.478,0.640,0.000,2.118,2.268,697965,1781607,0,811,761,761,44669760,1412988,394,422,0
981,1.487,0.684,0.000,2.171,2.212,697965,1781607,0,811,761,761,44669760,1412988,394,422,0
982,1.509,0.685,0.000,2.194,2.263,697965,1781607,0,811,761,761,44669760,1412988,394,422,0
983,1.450,0.663,0.000,2.112,2.289,697965,1781607,0,811,761,761,44669760,1412988,394,422,0
984,1.499,0.674,0.000,2.172,2.205,697965,1781607,0,811,761,761,44669760,1412988,394,422,0
985,1.473,0.658,0.000,2.131,2.266,697965,1781607,0,811,761,761,44669760,1412988,394,422,0
986,1.464,0.665,0.000,2.129,2.222,697965,1781607,0,811,761,761,44669760,1412988,394,422,0
987,1.475,0.666,0.000,2.141,2.221,697965,1781607,0,811,761,761,44669760,1412988,394,422,0
988,1.513,0.644,0.000,2.157,2.234,697965,1781607,0,811,761,761,44669760,1412988,394,422,0
989,1.473,0.677,0.000,2.150,2.251,697965,1781607,0,811,761,761,44669760,1412988,394,422,0
990,1.469,0.655,0.000,2.124,2.244,697965,1781607,0,811,761,761,44669760,1412988,394,422,0
991,1.522,0.662,0.000,2.184,2.216,697965,1781607,0,811,761,761,44669760,1412988,394,422,0
992,1.481,0.667,0.000,2.148,2.278,697965,1781607,0,811,761,761,44669760,1412988,394,422,0
993,1.494,0.654,0.000,2.149,2.249,697965,1781607,0,811,761,761,44669760,1412988,394,422,0
994,1.514,0.681,0.000,2.195,2.242,697965,1781607,0,811,761,761,44669760,1412988,394,422,0
995,1.477,0.669,0.000,2.146,2.295,697965,1781607,0,811,761,761,44669760,1412988,394,422,0
996,1.496,0.667,0.000,2.164,2.239,697965,1781607,0,811,761,761,44669760,1412988,394,422,0
997,1.514,0.667,0.000,2.181,2.255,697965,1781607,0,811,761,761,44669760,1412988,394,422,0
998,1.519,0.667,0.000,2.186,2.276,697965,1781607,0,811,761,761,44669760,1412988,394,422,0
999,1.503,0.669,0.000,2.172,2.283,697965,1781607,0,811,761,761,44669760,1412988,394,422,0
1000,1.463,0.658,0.000,2.121,2.264,697965,1781607,0,811,761,761,44669760,1412988,394,422,0
1001,1.496,0.674,0.000,2.170,2.216,697965,1781607,0,811,761,761,44669760,1412988,394,422,0
1002,1.501,0.642,0.000,2.143,2.261,697965,1781607,0,811,761,761,44669760,1412988,394,422,0
1003,1.480,0.654,0.000,2.134,2.233,697965,1781607,0,811,761,761,44669760,1412988,394,422,0
1004,1.447,0.644,0.000,2.091,2.226,697965,1781607,0,811,761,761,44669760,1412988,394,422,0
1005,1.491,0.675,0.000,2.166,2.182,697965,1781607,0,811,761,761,44669760,1412988,394,422,0
1006,1.513,0.660,0.000,2.174,2.259,697965,1781607,0,811,761,761,44669760,1412988,394,422,0
1007,1.484,0.659,0.000,2.143,2.268,697965,1781607,0,811,761,761,44669760,1412988,394,422,0
1008,1.488,0.691,0.000,2.179,2.234,697965,1781607,0,811,761,761,44669760,1412988,394,422,0
1009,1.482,0.636,0.000,2.118,2.272,697965,1781607,0,811,761,761,44669760,1412988,394,422,0
1010,1.506,0.673,0.000,2.179,2.209,697965,1781607,0,811,761,761,44669760,1412988,394,422,0
1011,1.457,0.674,0.000,2.132,2.270,697965,1781607,0,811,761,761,44669760,1412988,394,422,0
1012,1.473,0.664,0.000,2.136,2.225,697965,1781607,0,811,761,761,44669760,1412988,394,422,0
1013,1.490,0.669,0.000,2.159,2.234,697965,1781607,0,811,761,761,44669760,1412988,394,422,0
1014,1.502,0.685,0.000,2.187,2.252,697965,1781607,0,811,761,761,44669760,1412988,394,422,0
1015,1.454,0.679,0.000,2.133,2.279,697965,1781607,0,811,761,761,44669760,1412988,394,422,0
1016,1.504,0.670,0.000,2.174,2.224,697965,1781607,0,811,761,761,44669760,1412988,394,422,0
1017,1.547,0.652,0.000,2.199,2.265,697965,1781607,0,811,761,761,44669760,1412988,394,422,0
1018,1.464,0.654,0.000,2.119,2.295,697965,1781607,0,811,761,761,44669760,1412988,394,422,0
1019,1.483,0.659,0.000,2.141,2.212,697965,1781607,0,811,761,761,44669760,1412988,394,422,0
1020,1.459,0.639,0.000,2.099,2.234,697965,1781607,0,811,761,761,44669760,1412988,394,422,0
1021,1.511,0.650,0.000,2.160,2.190,697965,1781607,0,811,761,761,44669760,1412988,394,422,0
1022,1.495,0.674,0.000,2.168,2.253,697965,1781607,0,811,761,761,44669760,1412988,394,422,0
1023,1.440,0.661,0.000,2.101,2.262,697965,1781607,0,811,761,761,44669760,1412988,394,422,0
1024,1.477,0.644,0.000,2.121,2.194,697965,1781607,0,811,761,761,44669760,1412988,394,422,0
1025,1.462,0.674,0.000,2.136,2.213,697965,1781607,0,811,761,761,44669760,1412988,394,422,0
1026,1.506,0.673,0.000,2.180,2.230,697965,1781607,0,811,761,761,44669760,1412988,394,422,0
1027,1.492,0.675,0.000,2.167,2.271,697965,1781607,0,811,761,761,44669760,1412988,394,422,0
1028,1.513,0.642,0.000,2.155,2.269,697965,1781607,0,811,761,761,44669760,1412988,394,422,0
1029,1.470,0.666,0.000,2.135,2.257,697965,1781607,0,811,761,761,44669760,1412988,394,422,0
1030,1.499,0.665,0.000,2.164,2.227,697965,1781607,0,811,761,761,44669760,1412988,394,422,0
1031,1.497,0.657,0.000,2.154,2.255,697965,1781607,0,811,761,761,44669760,1412988,394,422,0
1032,1.482,0.675,0.000,2.158,2.247,697965,1781607,0,811,761,761,44669760,1412988,394,422,0
1033,1.507,0.676,0.000,2.183,2.250,697965,1781607,0,811,761,761,44669760,1412988,394,422,0
1034,1.471,0.656,0.000,2.127,2.277,697965,1781607,0,811,761,761,44669760,1412988,394,422,0
1035,1.494,0.672,0.000,2.165,2.224,697965,1781607,0,811,761,761,44669760,1412988,394,422,0
1036,1.477,0.648,0.000,2.125,2.259,697965,1781607,0,811,761,761,44669760,1412988,394,422,0
1037,1.507,0.654,0.000,2.161,2.218,697965,1781607,0,811,761,761,44669760,1412988,394,422,0
1038,1.473,0.680,0.000,2.153,2.253,697965,1781607,0,811,761,761,44669760,1412988,394,422,0
1039,1.503,0.682,0.000,2.184,2.246,697965,1781607,0,811,761,761,44669760,1412988,394,422,0
1040,1.503,0.673,0.000,2.176,2.278,697965,1781607,0,811,761,761,44669760,1412988,394,422,0
1041,1.500,0.684,0.000,2.183,2.267,697965,1781607,0,811,761,761,44669760,1412988,394,422,0
1042,1.630,0.650,0.000,2.281,2.274,697965,1781607,0,811,761,761,44669760,1412988,394,422,0
1043,1.611,0.658,0.000,2.269,2.438,697965,1781607,0,811,761,761,44669760,1412988,394,422,0
1044,1.567,0.685,0.000,2.252,2.361,697965,1781607,0,811,761,761,44669760,1412988,394,422,0
1045,1.517,0.676,0.000,2.193,2.352,697965,1781607,0,811,761,761,44669760,1412988,394,422,0
1046,1.496,0.660,0.000,2.157,2.286,697965,1781607,0,811,761,761,44669760,1412988,394,422,0
1047,1.519,0.666,0.000,2.185,2.250,697965,1781607,0,811,761,761,44669760,1412988,394,422,0
1048,1.560,0.663,0.000,2.223,2.281,697965,1781607,0,811,761,761,44669760,1412988,394,422,0
1049,1.511,0.696,0.000,2.206,2.316,697965,1781607,0,811,761,761,44669760,1412988,394,422,0
1050,1.486,0.662,0.000,2.149,2.298,697965,1781607,0,811,761,761,44669760,1412988,394,422,0
1051,1.539,0.662,0.000,2.200,2.242,697965,1781607,0,811,761,761,44669760,1412988,394,422,0
1052,1.511,0.681,0.000,2.192,2.297,697965,1781607,0,811,761,761,44669760,1412988,394,422,0
1053,1.516,0.683,0.000,2.199,2.295,697965,1781607,0,811,761,761,44669760,1412988,394,422,0
1054,1.543,0.640,0.000,2.183,2.291,697965,1781607,0,811,761,761,44669760,1412988,394,422,0
1055,1.559,0.672,0.000,2.230,2.275,697965,1781607,0,811,761,761,44669760,1412988,394,422,0
1056,1.500,0.651,0.000,2.151,2.326,697965,1781607,0,811,761,761,44669760,1412988,394,422,0
1057,1.498,0.671,0.000,2.169,2.246,697965,1781607,0,811,761,761,44669760,1412988,394,422,0
1058,1.534,0.653,0.000,2.187,2.262,697965,1781607,0,811,761,761,44669760,1412988,394,422,0
1059,1.507,0.660,0.000,2.167,2.278,697965,1781607,0,811,761,761,44669760,1412988,394,422,0
1060,1.522,0.653,0.000,2.175,2.263,697965,1781607,0,811,761,761,44669760,1412988,394,422,0
1061,1.497,0.635,0.000,2.132,2.345,697965,1781607,0,811,761,761,44669760,1412988,394,422,0
1062,1.482,0.636,0.000,2.118,2.311,697965,1781607,0,811,761,761,44669760,1412988,394,422,0
1063,1.450,0.663,0.000,2.113,2.295,697965,1781607,0,811,761,761,44669760,1412988,394,422,0
1064,1.454,0.636,0.000,2.089,2.290,697965,1781607,0,811,761,761,44669760,1412988,394,422,0
1065,1.459,0.632,0.000,2.091,2.287,697965,1781607,0,811,761,761,44669760,1412988,394,422,0
1066,1.466,0.637,0.000,2.103,2.351,697965,1781607,0,811,761,761,44669760,1412988,394,422,0
1067,1.559,0.692,0.000,2.251,2.297,697965,1781607,0,811,761,761,44669760,1412988,394,422,0
1068,1.510,0.690,0.000,2.200,2.409,697965,1781607,0,811,761,761,44669760,1412988,394,422,0
1069,1.399,0.664,0.000,2.063,2.368,697965,1781607,0,811,761,761,44669760,1412988,394,422,0
1070,1.386,0.647,0.000,2.033,2.156,697965,1781607,0,811,761,761,44669760,1412988,394,422,0
1071,1.387,0.658,0.000,2.046,2.125,697965,1781607,0,811,761,761,44669760,1412988,394,422,0
1072,1.419,0.643,0.000,2.062,2.138,697965,1781607,0,811,761,761,44669760,1412988,394,422,0
1073,1.393,0.641,0.000,2.034,2.157,697965,1781607,0,811,761,761,44669760,1412988,394,422,0
1074,1.363,0.633,0.000,1.996,2.127,697965,1781607,0,811,761,761,44669760,1412988,394,422,0
1075,1.415,0.676,0.000,2.091,2.089,697965,1781607,0,811,761,761,44669760,1412988,394,422,0
1076,1.443,0.666,0.000,2.109,2.219,697965,1781607,0,811,761,761,44669760,1412988,394,422,0
1077,1.458,0.697,0.000,2.156,2.206,697965,1781607,0,811,761,761,44669760,1412988,394,422,0
1078,1.425,0.667,0.000,2.091,2.259,697965,1781607,0,811,761,761,44669760,1412988,394,422,0
1079,1.390,0.658,0.000,2.048,2.186,697965,1781607,0,811,761,761,44669760,1412988,394,422,0
1080,1.407,0.668,0.000,2.075,2.143,697965,1781607,0,811,761,761,44669760,1412988,394,422,0
1081,1.383,0.657,0.000,2.041,2.167,697965,1781607,0,811,761,761,44669760,1412988,394,422,0
1082,1.499,0.658,0.000,2.157,2.132,697965,1781607,0,811,761,761,44669760,1412988,394,422,0
1083,1.529,0.688,0.000,2.216,2.251,697965,1781607,0,811,761,761,44669760,1412988,394,422,0
1084,1.518,0.673,0.000,2.191,2.308,697965,1781607,0,811,761,761,44669760,1412988,394,422,0
1085,1.499,0.693,0.000,2.192,2.285,697965,1781607,0,811,761,761,44669760,1412988,394,422,0
1086,1.507,0.685,0.000,2.193,2.287,697965,1781607,0,811,761,761,44669760,1412988,394,422,0
1087,1.503,0.672,0.000,2.175,2.285,697965,1781607,0,811,761,761,44669760,1412988,394,422,0
1088,1.534,0.664,0.000,2.198,2.271,697965,1781607,0,811,761,761,44669760,1412988,394,422,0
1089,1.529,0.678,0.000,2.207,2.290,697965,1781607,0,811,761,761,44669760,1412988,394,422,0
1090,1.535,0.641,0.000,2.176,2.303,697965,1781607,0,811,761,761,44669760,1412988,394,422,0
1091,1.550,0.666,0.000,2.216,2.270,697965,1781607,0,811,761,761,44669760,1412988,394,422,0
1092,1.529,0.671,0.000,2.200,2.310,697965,1781607,0,811,761,761,44669760,1412988,394,422,0
1093,1.491,0.683,0.000,2.174,2.292,697965,1781607,0,811,761,761,44669760,1412988,394,422,0
1094,1.521,0.650,0.000,2.171,2.268,697965,1781607,0,811,761,761,44669760,1412988,394,422,0
1095,1.499,0.682,0.000,2.181,2.264,697965,1781607,0,811,761,761,44669760,1412988,394,422,0
1096,1.492,0.654,0.000,2.146,2.273,697965,1781607,0,811,761,761,44669760,1412988,394,422,0
1097,1.501,0.677,0.000,2.177,2.238,697965,1781607,0,811,761,761,44669760,1412988,394,422,0
1098,1.540,0.655,0.000,2.195,2.271,697965,1781607,0,811,761,761,44669760,1412988,394,422,0
1099,1.530,0.675,0.000,2.205,2.288,697965,1781607,0,811,761,761,44669760,1412988,394,422,0
1100,1.500,0.663,0.000,2.163,2.298,697965,1781607,0,811,761,761,44669760,1412988,394,422,0
1101,1.490,0.672,0.000,2.161,2.255,697965,1781607,0,811,761,761,44669760,1412988,394,422,0
1102,1.540,0.670,0.000,2.210,2.260,697965,1781607,0,811,761,761,44669760,1412988,394,422,0
1103,1.496,0.685,0.000,2.181,2.303,697965,1781607,0,811,761,761,44669760,1412988,394,422,0
1104,1.496,0.670,0.000,2.167,2.274,697965,1781607,0,811,761,761,44669760,1412988,394,422,0
1105,1.477,0.637,0.000,2.114,2.273,697965,1781607,0,811,761,761,44669760,1412988,394,422,0
1106,1.474,0.657,0.000,2.131,2.268,697965,1781607,0,811,761,761,44669760,1412988,394,422,0
1107,1.486,0.637,0.000,2.124,2.310,697965,1781607,0,811,761,761,44669760,1412988,394,422,0
1108,1.556,0.653,0.000,2.208,2.307,697965,1781607,0,811,761,761,44669760,1412988,394,422,0
1109,1.492,0.671,0.000,2.164,2.303,697965,1781607,0,811,761,761,44669760,1412988,394,422,0
1110,1.529,0.683,0.000,2.211,2.258,697965,1781607,0,811,761,761,44669760,1412988,394,422,0
1111,1.507,0.682,0.000,2.189,2.304,697965,1781607,0,811,761,761,44669760,1412988,394,422,0
1112,1.503,0.659,0.000,2.162,2.280,697965,1781607,0,811,761,761,44669760,1412988,394,422,0
1113,1.506,0.648,0.000,2.153,2.257,697965,1781607,0,811,761,761,44669760,1412988,394,422,0
1114,1.489,0.658,0.000,2.147,2.248,697965,1781607,0,811,761,761,44669760,1412988,394,422,0
1115,1.481,0.663,0.000,2.144,2.237,697965,1781607,0,811,761,761,44669760,1412988,394,422,0
1116,1.542,0.665,0.000,2.207,2.240,697965,1781607,0,811,761,761,44669760,1412988,394,422,0
1117,1.470,0.672,0.000,2.143,2.299,697965,1781607,0,811,761,761,44669760,1412988,394,422,0
1118,1.501,0.661,0.000,2.162,2.236,697965,1781607,0,811,761,761,44669760,1412988,394,422,0
1119,1.504,0.692,0.000,2.197,2.259,697965,1781607,0,811,761,761,44669760,1412988,394,422,0
1120,1.536,0.640,0.000,2.176,2.297,697965,1781607,0,811,761,761,44669760,1412988,394,422,0
1121,1.533,0.676,0.000,2.209,2.268,697965,1781607,0,811,761,761,44669760,1412988,394,422,0
1122,1.480,0.673,0.000,2.154,2.305,697965,1781607,0,811,761,761,44669760,1412988,394,422,0
1123,1.506,0.670,0.000,2.177,2.250,697965,1781607,0,811,761,761,44669760,1412988,394,422,0
1124,1.469,0.641,0.000,2.110,2.270,697965,1781607,0,811,761,761,44669760,1412988,394,422,0
1125,1.468,0.663,0.000,2.131,2.205,697965,1781607,0,811,761,761,44669760,1412988,394,422,0
1126,1.477,0.662,0.000,2.139,2.224,697965,1781607,0,811,761,761,44669760,1412988,394,422,0
1127,1.475,0.659,0.000,2.135,2.233,697965,1781607,0,811,761,761,44669760,1412988,394,422,0
1128,1.493,0.666,0.000,2.159,2.228,697965,1781607,0,811,761,761,44669760,1412988,394,422,0
1129,1.490,0.683,0.000,2.173,2.252,697965,1781607,0,811,761,761,44669760,1412988,394,422,0
1130,1.468,0.678,0.000,2.146,2.268,697965,1781607,0,811,761,761,44669760,1412988,394,422,0
1131,1.484,0.650,0.000,2.134,2.239,697965,1781607,0,811,761,761,44669760,1412988,394,422,0
1132,1.525,0.651,0.000,2.176,2.229,697965,1781607,0,811,761,761,44669760,1412988,394,422,0
1133,1.489,0.672,0.000,2.161,2.269,697965,1781607,0,811,761,761,44669760,1412988,394,422,0
1134,1.477,0.666,0.000,2.143,2.255,697965,1781607,0,811,761,761,44669760,1412988,394,422,0
1135,1.497,0.674,0.000,2.171,2.235,697965,1781607,0,811,761,761,44669760,1412988,394,422,0
1136,1.469,0.648,0.000,2.118,2.266,697965,1781607,0,811,761,761,44669760,1412988,394,422,0
1137,1.491,0.695,0.000,2.186,2.227,697965,1781607,0,811,761,761,44669760,1412988,394,422,0
1138,1.484,0.656,0.000,2.140,2.291,697965,1781607,0,811,761,761,44669760,1412988,394,422,0
1139,1.477,0.675,0.000,2.152,2.241,697965,1781607,0,811,761,761,44669760,1412988,394,422,0
1140,1.479,0.649,0.000,2.128,2.243,697965,1781607,0,811,761,761,44669760,1412988,394,422,0
1141,1.482,0.674,0.000,2.156,2.226,697965,1781607,0,811,761,761,44669760,1412988,394,422,0
1142,1.469,0.661,0.000,2.130,2.248,697965,1781607,0,811,761,761,44669760,1412988,394,422,0
1143,1.494,0.647,0.000,2.141,2.222,697965,1781607,0,811,761,761,44669760,1412988,394,422,0
1144,1.469,0.673,0.000,2.142,2.234,697965,1781607,0,811,761,761,44669760,1412988,394,422,0
1145,1.476,0.671,0.000,2.147,2.234,697965,1781607,0,811,761,761,44669760,1412988,394,422,0
1146,1.513,0.646,0.000,2.159,2.239,697965,1781607,0,811,761,761,44669760,1412988,394,422,0
1147,1.488,0.678,0.000,2.166,2.251,697965,1781607,0,811,761,761,44669760,1412988,394,422,0
1148,1.527,0.645,0.000,2.171,2.261,697965,1781607,0,811,761,761,44669760,1412988,394,422,0
1149,1.494,0.676,0.000,2.170,2.262,697965,1781607,0,811,761,761,44669760,1412988,394,422,0
1150,1.458,0.665,0.000,2.123,2.263,697965,1781607,0,811,761,761,44669760,1412988,394,422,0
1151,1.483,0.689,0.000,2.173,2.215,697965,1781607,0,811,761,761,44669760,1412988,394,422,0
1152,1.495,0.659,0.000,2.153,2.266,697965,1781607,0,811,761,761,44669760,1412988,394,422,0
1153,1.478,0.675,0.000,2.153,2.249,697965,1781607,0,811,761,761,44669760,1412988,394,422,0
1154,1.461,0.670,0.000,2.132,2.245,697965,1781607,0,811,761,761,44669760,1412988,394,422,0
1155,1.482,0.678,0.000,2.160,2.232,697965,1781607,0,811,761,761,44669760,1412988,394,422,0
1156,1.480,0.664,0.000,2.144,2.254,697965,1781607,0,811,761,761,44669760,1412988,394,422,0
1157,1.543,0.674,0.000,2.216,2.237,697965,1781607,0,811,761,761,44669760,1412988,394,422,0
1158,1.476,0.652,0.000,2.128,2.317,697965,1781607,0,811,761,761,44669760,1412988,394,422,0
1159,1.475,0.661,0.000,2.136,2.220,697965,1781607,0,811,761,761,44669760,1412988,394,422,0
1160,1.496,0.674,0.000,2.170,2.227,697965,1781607,0,811,761,761,44669760,1412988,394,422,0
1161,1.507,0.659,0.000,2.165,2.264,697965,1781607,0,811,761,761,44669760,1412988,394,422,0
1162,1.461,0.681,0.000,2.142,2.261,697965,1781607,0,811,761,761,44669760,1412988,394,422,0
1163,1.517,0.651,0.000,2.168,2.232,697965,1781607,0,811,761,761,44669760,1412988,394,422,0
1164,1.504,0.675,0.000,2.179,2.261,697965,1781607,0,811,761,761,44669760,1412988,394,422,0
1165,1.526,0.676,0.000,2.202,2.271,697965,1781607,0,811,761,761,44669760,1412988,394,422,0
1166,1.473,0.650,0.000,2.123,2.299,697965,1781607,0,811,761,761,44669760,1412988,394,422,0
1167,1.445,0.657,0.000,2.103,2.216,697965,1781607,0,811,761,761,44669760,1412988,394,422,0
1168,1.504,0.652,0.000,2.156,2.194,697965,1781607,0,811,761,761,44669760,1412988,394,422,0
1169,1.539,0.668,0.000,2.207,2.251,697965,1781607,0,811,761,761,44669760,1412988,394,422,0
1170,1.481,0.666,0.000,2.147,2.301,697965,1781607,0,811,761,761,44669760,1412988,394,422,0
1171,1.503,0.657,0.000,2.159,2.239,697965,1781607,0,811,761,761,44669760,1412988,394,422,0
1172,1.501,0.617,0.000,2.118,2.253,697965,1781607,0,811,761,761,44669760,1412988,394,422,0
1173,1.515,0.673,0.000,2.188,2.214,697965,1781607,0,811,761,761,44669760,1412988,394,422,0
1174,1.460,0.645,0.000,2.105,2.281,697965,1781607,0,811,761,761,44669760,1412988,394,422,0
1175,1.492,0.656,0.000,2.147,2.199,697965,1781607,0,811,761,761,44669760,1412988,394,422,0
1176,1.513,0.681,0.000,2.194,2.238,697965,1781607,0,811,761,761,44669760,1412988,394,422,0
1177,1.507,0.656,0.000,2.162,2.287,697965,1781607,0,811,761,761,44669760,1412988,394,422,0
1178,1.478,0.682,0.000,2.160,2.256,697965,1781607,0,811,761,761,44669760,1412988,394,422,0
1179,1.486,0.676,0.000,2.162,2.253,697965,1781607,0,811,761,761,44669760,1412988,394,422,0
1180,1.485,0.646,0.000,2.132,2.258,697965,1781607,0,811,761,761,44669760,1412988,394,422,0
1181,1.491,0.673,0.000,2.164,2.226,697965,1781607,0,811,761,761,44669760,1412988,394,422,0
1182,1.469,0.682,0.000,2.150,2.258,697965,1781607,0,811,761,761,44669760,1412988,394,422,0
1183,1.465,0.661,0.000,2.126,2.245,697965,1781607,0,811,761,761,44669760,1412988,394,422,0
1184,1.520,0.656,0.000,2.176,2.219,697965,1781607,0,811,761,761,44669760,1412988,394,422,0
1185,1.477,0.670,0.000,2.147,2.270,697965,1781607,0,811,761,761,44669760,1412988,394,422,0
1186,1.494,0.653,0.000,2.147,2.243,697965,1781607,0,811,761,761,44669760,1412988,394,422,0
1187,1.469,0.675,0.000,2.145,2.240,697965,1781607,0,811,761,761,44669760,1412988,394,422,0
1188,1.502,0.672,0.000,2.173,2.237,697965,1781607,0,811,761,761,44669760,1412988,394,422,0
1189,1.460,0.658,0.000,2.118,2.268,697965,1781607,0,811,761,761,44669760,1412988,394,422,0
1190,1.487,0.675,0.000,2.163,2.214,697965,1781607,0,811,761,761,44669760,1412988,394,422,0
1191,1.506,0.672,0.000,2.178,2.254,697965,1781607,0,811,761,761,44669760,1412988,394,422,0
1192,1.495,0.667,0.000,2.162,2.271,697965,1781607,0,811,761,761,44669760,1412988,394,422,0
1193,1.507,0.674,0.000,2.181,2.254,697965,1781607,0,811,761,761,44669760,1412988,394,422,0
1194,1.502,0.680,0.000,2.181,2.275,697965,1781607,0,811,761,761,44669760,1412988,394,422,0
1195,1.489,0.684,0.000,2.173,2.276,697965,1781607,0,811,761,761,44669760,1412988,394,422,0
1196,1.497,0.672,0.000,2.169,2.265,697965,1781607,0,811,761,761,44669760,1412988,394,422,0
1197,1.485,0.672,0.000,2.157,2.263,697965,1781607,0,811,761,761,44669760,1412988,394,422,0
1198,1.468,0.655,0.000,2.122,2.251,697965,1781607,0,811,761,761,44669760,1412988,394,422,0
1199,1.503,0.688,0.000,2.191,2.214,697965,1781607,0,811,761,761,44669760,1412988,394,422,0
1200,1.502,0.680,0.000,2.183,2.285,697965,1781607,0,811,761,761,44669760,1412988,394,422,0
