    Checking places v0.7.0 (/Users/connordawkins/Documents/GitHub/Places)
    Finished `dev` profile [unoptimized + debuginfo] target(s) in 4.54s
   Compiling places v0.7.0 (/Users/connordawkins/Documents/GitHub/Places)
    Finished `test` profile [unoptimized + debuginfo] target(s) in 3.32s
     Running unittests src/main.rs (target/debug/deps/places-febb7d61995c3093)

running 1332 tests
test architecture_audit::test_arriving_at_a_platform_is_not_walled_off_by_its_rim ... ok
test architecture_audit::test_architecture_overlap_rules ... ok
test architecture_audit::test_architecture_validation_boundaries ... ok
test architecture_audit::test_archway_openings_transmit_light ... ok
test architecture_audit::test_column_shadow_is_local ... ok
test architecture_audit::test_every_home_baseboard_stands_proud_of_its_wall ... ok
test architecture_audit::test_every_material_bearing_field_is_discovered ... ok
test architecture_audit::test_architecture_uvs_stay_at_world_scale ... ok
test architecture_audit::test_column_default_height_resolves_the_local_ceiling_and_region_floor ... ok
test architecture_audit::test_half_walls_and_guardrails_occlude_without_black_bands ... ok
test architecture_audit::test_loader_and_controller_agree_on_the_walkable_riser_limit ... ok
test architecture_audit::test_guardrail_follows_a_stair_flight_as_a_handrail ... ok
test architecture_audit::test_half_wall_caps_and_end_materials ... ok
test architecture_audit::test_loader_rejects_baseboards_and_thresholds_buried_in_walls ... ok
test architecture_audit::test_ramp_sweep_is_monotone_in_every_orientation ... ok
test architecture_audit::test_room_floor_grid_is_continuous_around_cell_boundaries ... ok
test architecture_audit::test_arc_wall_uvs_tile_by_arc_length_at_world_scale ... ok
test architecture_audit::test_ramp_faces_wind_out_of_their_solid_in_every_orientation ... FAILED
test architecture_audit::test_arc_end_caps_face_outward_for_both_sweep_signs ... ok
test architecture_audit::test_stair_sweep_steps_exactly_once_per_tread ... ok
test architecture_audit::test_archway_soffit_shading_follows_the_segment_slope ... ok
test architecture_audit::test_cased_archway_never_shares_a_plane_with_its_wall ... ok
test architecture_audit::test_architecture_geometry_sweep_is_structurally_sound ... ok
test architecture_audit::test_the_demo_stair_handrails_follow_the_nosing_line ... ok
test architecture_audit::test_walkable_floor_matches_surface_atlas_around_ramp_and_region_edges ... ok
test architecture_audit::test_stair_faces_wind_out_of_their_solid_on_both_axes ... FAILED
test architecture_audit::test_ramp_side_skirt_gradient_follows_height_not_run ... ok
test architecture_audit::test_walking_surfaces_may_not_span_rooms_with_different_floors ... ok
test assets::tests::catalog_rejects_emission_outside_material_definitions ... ok
test assets::tests::catalog_rejects_an_emissive_mask_without_a_png_file ... ok
test architecture_audit::test_rotated_trim_keeps_its_length_and_plane ... ok
test assets::tests::catalog_rejects_emissive_masks_that_are_not_loadable_textures ... ok
test assets::tests::catalog_rejects_non_finite_emission_values ... ok
test assets::tests::duplicate_logical_ids_are_rejected ... ok
test architecture_audit::test_z_axis_and_floating_box_caps_face_out_of_their_solid ... FAILED
test assets::tests::emissive_materials_parse_and_are_exposed_only_through_material_accessors ... ok
test assets::tests::future_themes_and_classes_parse_without_an_engine_change ... ok
test assets::tests::legacy_props_shaped_catalog_still_parses ... ok
test assets::tests::catalog_rejects_malformed_emission_values ... ok
test architecture_audit::test_archway_openings_stay_clear_for_every_configuration ... ok
test assets::tests::malformed_catalog_entries_are_rejected_with_a_useful_message ... ok
test architecture_audit::test_guardrails_work_at_every_orientation ... ok
test assets::tests::shipped_texture_policy_accepts_the_upgraded_art_and_rejects_breaches ... ok
test assets::tests::every_file_asset_exists_exactly_once ... ok
test assets::tests::spooner_man_is_an_entity_not_a_theme ... ok
test bench::tests::a_huge_warmup_counter_never_overflows_or_records ... ok
test bench::tests::a_scripted_window_cycle_selects_actions_by_frame ... ok
test bench::tests::disabled_bench_records_nothing_and_holds_no_file ... ok
test bench::tests::frame_limits_and_completion_are_exact ... ok
test bench::tests::parse_camera_accepts_yaw_and_optional_pitch ... ok
test bench::tests::parse_vsync_override_maps_human_words ... ok
test bench::tests::parse_window_action_accepts_the_documented_set ... ok
test bench::tests::timing_summary_handles_empty_and_single_samples ... ok
test bench::tests::timing_summary_percentiles_use_nearest_rank ... ok
test assets::tests::shipped_catalog_classifies_environments_themes_and_entities ... ok
test collision::tests::test_a_rim_blocks_cliffs_but_never_a_walkable_step ... ok
test collision::tests::test_architecture_pieces_block_and_trim_never_does ... ok
test collision::tests::test_below_zero_rooms_and_gable_rooms_collide_at_their_own_geometry ... ok
test collision::tests::test_collision_stops_player_at_wall ... ok
test collision::tests::test_corner_collision_stops_both_axes ... ok
test collision::tests::test_doorway_header_never_blocks_the_player ... ok
test collision::tests::test_doorway_wall_lets_the_player_pass_through ... ok
test collision::tests::test_player_band_follows_the_foot_height ... ok
test collision::tests::test_ray_aabb_entry_hits_faces_and_misses_cleanly ... ok
test collision::tests::test_recess_rims_block_from_below_but_not_from_above ... ok
test collision::tests::test_segment_overlaps_aabb_catches_fast_thin_crossings ... ok
test collision::tests::test_shallow_recesses_have_no_collision_rims ... ok
test collision::tests::test_showcase_level_collision_matches_the_solid_flags ... ok
test collision::tests::test_solid_prop_blocks_the_player ... ok
test assets::tests::level_material_references_cover_floor_regions_too ... ok
test collision::tests::test_variable_height_wall_collision ... ok
test collision::tests::test_wall_aabb_creation ... ok
test collision::tests::test_wall_sliding_allows_tangential_motion ... ok
test collision::tests::test_window_with_sill_blocks_the_player ... ok
test collision_index::tests::a_large_sparse_world_stays_within_the_cell_budget ... ok
test collision_index::tests::an_empty_index_visits_every_box ... ok
test assets::tests::levels_only_reference_catalog_ids ... ok
test collision_index::tests::disc_queries_visit_each_box_at_most_once ... ok
test collision_index::tests::non_finite_boxes_do_not_panic_or_drop_real_ones ... ok
test collision_index::tests::point_queries_match_the_linear_scan ... ok
test collision_index::tests::ray_queries_are_a_superset_of_the_segment ... ok
test display::tests::an_unknown_work_area_offers_every_common_mode ... ok
test display::tests::fitting_keeps_the_aspect_and_never_leaves_the_work_area ... ok
test display::tests::stepping_wraps_in_both_directions_and_starts_from_a_missing_size ... ok
test collision_index::tests::disc_queries_match_the_linear_scan ... ok
test display::tests::the_current_size_is_always_representable ... ok
test display::tests::the_resolution_row_describes_the_mode_in_force ... ok
test display::tests::the_standard_modes_fit_the_standard_desktop ... ok
test entity::tests::a_face_step_turns_to_the_authored_yaw ... ok
test entity::tests::a_fast_move_cannot_tunnel_through_a_wall_or_leave_the_floor ... ok
test collision::tests::test_the_floating_demo_duck_has_no_collision_box ... ok
test entity::tests::a_move_route_walks_to_the_waypoint_at_the_authored_speed ... ok
test entity::tests::a_one_shot_route_holds_a_final_play_clip_but_settles_after_a_walk ... ok
test entity::tests::angle_helpers_wrap_the_short_way ... ok
test font::tests::test_char_uv_bounds ... ok
test entity::tests::a_play_step_sets_its_clip_and_a_looping_route_restarts ... ok
test font::tests::test_font_atlas_generation ... ok
test game::tests::a_crouch_toggle_in_water_does_not_fabricate_a_trigger_crossing ... ok
test entity::tests::nominal_step_rounding_is_tolerated_but_larger_steps_block ... ok
test game::tests::a_fast_fall_through_a_thin_trigger_band_is_caught ... ok
test game::tests::a_ladder_never_attaches_from_its_exit_side ... ok
test game::tests::a_ladder_obstruction_holds_the_climber_in_place ... ok
test game::tests::a_mid_depth_pool_wades_and_recovers_from_a_crouch ... ok
test game::tests::a_programmatic_animation_without_a_clip_is_unsupported_not_a_panic ... ok
test game::tests::a_prop_underside_blocks_the_head_and_a_crouch_fits_under ... ok
test game::tests::a_route_moves_the_entity_and_its_live_anchor_follows ... ok
test game::tests::a_route_never_walks_the_entity_through_a_wall ... ok
test game::tests::a_route_turn_reorients_the_live_aim_bounds ... ok
test game::tests::a_shallow_pool_still_lets_the_swimmer_submerge ... ok
test game::tests::a_swept_crossing_of_a_later_trigger_is_deferred_not_dropped ... ok
test game::tests::area_triggers_enter_once_rearm_and_honour_cooldown_and_once ... ok
test game::tests::blocked_uncrouch_keeps_the_crouched_body ... ok
test game::tests::capture_stairs_walk_trace ... ignored, developer diagnostic; writes a CSV when PLACES_STAIRS_TRACE is set
test game::tests::ceiling_bump_clamps_the_head_and_zeroes_upward_velocity ... ok
test game::tests::crouch_toggles_and_anchors_the_feet ... ok
test game::tests::crouched_eye_height_and_occlusion_respect_geometry ... ok
test game::tests::a_floor_rim_never_drags_a_surface_swimmer_down ... ok
test game::tests::dispatch_reports_missing_targets_unsupported_actions_and_stops_after_reset ... ok
test game::tests::a_frame_hitch_does_not_tunnel_or_launch ... ok
test collision::tests::indexed_queries_match_the_linear_scan_for_random_probes ... ok
test game::tests::explicit_targets_can_be_label_only_props ... ok
test game::tests::falling_into_deep_water_switches_to_swimming ... ok
test game::tests::holding_jump_across_a_reset_does_not_launch_or_stick ... ok
test game::tests::gameplay_consumes_fast_taps_once_without_a_held_frame ... ok
test game::tests::grounded_player_never_falls_through_the_floor ... ok
test game::tests::interaction_press_latches_once_and_never_fires_while_paused ... ok
test game::tests::interaction_targeting_is_nearest_in_reach_and_duplicates_are_independent ... ok
test game::tests::holding_jump_rises_to_the_float_line_and_stabilizes ... ok
test game::tests::jump_apex_is_frame_rate_independent ... ok
test game::tests::labels_reset_on_level_load_and_survive_reset_to_start ... ok
test game::tests::jump_starts_only_while_grounded_and_never_double_jumps ... ok
test game::tests::locomotion_states_follow_walking_jumping_and_water ... ok
test game::tests::mouse_motion_is_consumed_but_not_applied_outside_playing ... ok
test game::tests::mouse_motion_turns_the_camera_by_sensitivity_and_is_consumed_once ... ok
test game::tests::non_finite_mouse_motion_never_reaches_the_camera ... ok
test game::tests::landing_on_a_staircase_uses_the_rendered_tread ... ok
test game::tests::off_room_spawn_stands_on_the_historical_floor ... ok
test game::tests::play_animation_can_pose_a_prop_with_no_interaction_of_its_own ... ok
test game::tests::play_animation_sets_a_pose_override_that_reset_clears ... ok
test game::tests::releasing_jump_descends_in_water ... ok
test game::tests::reset_retargets_toggles_to_rest_and_clears_playing_animations ... ok
test game::tests::reset_to_spawn_restores_a_routed_entitys_authored_anchor_and_bounds ... ok
test game::tests::reset_to_start_clears_state_and_never_sweeps_the_teleport ... ok
test game::tests::shallow_water_is_walked_and_can_still_jump ... ok
test assets::tests::the_shared_white_sheet_is_a_committed_opaque_white_png ... ok
test game::tests::jumping_through_the_demo_doorway_never_teleports_or_clips ... ok
test architecture_audit::test_a_ramp_arriving_at_a_platform_closes_its_sides ... ok
test architecture_audit::test_rotated_guardrail_posts_keep_a_real_uv_axis ... ok
test game::tests::swimming_to_a_shallow_step_stands_up_and_walks ... ok
test game::tests::stance_changes_in_water_do_not_move_the_eye ... ok
test game::tests::test_controller_cannot_walk_off_the_last_floor_into_the_void ... ok
test game::tests::test_controller_climbs_a_maximum_slope_ramp_at_low_frame_rates ... ok
test game::tests::repeated_jumps_under_the_demo_header_stay_bounded ... ok
test game::tests::test_controller_cannot_climb_a_tall_step_or_a_wall ... ok
test game::tests::test_controller_climbs_a_staircase_of_floor_regions ... ok
test game::tests::test_controller_climbs_an_exact_limit_riser_at_an_elevated_floor ... ok
test game::tests::test_controller_descends_a_maximum_slope_ramp_without_stalling ... ok
test game::tests::test_controller_steps_down_into_a_shallow_recess_and_back_out ... ok
test game::tests::test_controller_climbs_the_home_staircase_and_the_ramp ... ok
test game::tests::test_controller_walks_a_staircase_smoothly_down ... ok
test game::tests::test_escape_pause_toggle ... ok
test game::tests::test_invert_look_flips_vertical_look_only ... ok
test game::tests::test_menu_state_transitions ... ok
test game::tests::test_paused_gameplay_does_not_move_or_turn ... ok
test game::tests::test_pitch_movement_and_clamping ... ok
test game::tests::test_sim_delta_is_clamped ... ok
test game::tests::test_controller_walks_a_staircase_smoothly_up ... ok
test game::tests::test_walk_surface_stays_between_the_treads_it_connects ... ok
test game::tests::test_spawn_position_resolves_the_local_floor ... ok
test game::tests::test_controller_traverses_the_home_split_level_both_ways ... ok
test game::tests::test_controller_walks_off_a_deep_edge_and_falls ... ok
test game::tests::the_entity_showcase_runs_two_independent_rat_routes ... ok
test game::tests::demo_spoonerman_completes_six_seated_destinations_without_blocking ... ok
test game::tests::the_pit_carpet_hole_is_a_real_fall ... ok
test game::tests::the_demo_authors_entity_and_duplicate_prop_labels ... ok
test game::tests::toggle_animation_flips_one_instance_and_composes_with_a_label ... ok
test game::tests::toggle_animation_rejects_a_missing_clip_or_target ... ok
test game::tests::the_demo_pool_ladder_climbs_from_the_water_to_the_deck ... ok
test game::tests::walkable_ceiling_follows_the_room_profile ... ok
test game::tests::the_demo_staircase_joins_the_hall_and_the_balcony ... ok
test game::tests::stance_changes_on_stairs_in_air_and_on_ladders_anchor_the_feet ... ok
test geometry_check::tests::checker_arguments_and_reports_are_stable ... ok
test game::tests::walking_is_classified_at_every_frame_rate ... ok
test game::tests::standing_jump_lands_on_the_demo_desk_top ... ok
test geometry_check::tests::the_broken_fixture_reports_its_planted_defects ... ok
test geometry_check::tests::the_invalid_fixture_is_rejected_and_the_checker_still_names_the_problems ... ok
test game::tests::wading_uses_the_stance_eye_offset_on_the_real_step ... ok
test game::tests::walking_off_the_demo_deck_falls_into_the_pool_and_swims ... ok
test gltf::tests::a_missing_or_malformed_clip_marker_keeps_the_clip_defaults ... ok
test gltf::tests::a_primitive_without_a_material_uses_the_default_slot ... ok
test gltf::tests::an_animated_unskinned_prop_parses_as_a_rigid_animated_model ... ok
test gltf::tests::assigns_materials_and_textures_per_primitive ... ok
test gltf::tests::emissive_materials_carry_factor_strength_and_mask ... ok
test geometry_check::tests::the_intentional_fixture_is_clean ... ok
test gltf::tests::morph_tangent_deltas_are_vec3_without_handedness ... ok
test game::tests::the_pool_ladder_releases_on_backing_away_and_jump ... ok
test gltf::tests::nested_node_transforms_compose ... ok
test gltf::tests::node_transforms_move_only_the_meshes_below_them ... ok
test gltf::tests::over_budget_models_still_load ... ok
test gltf::tests::parses_a_skinned_model_into_bind_pose_geometry_and_a_retained_rig ... ok
test geometry_check::tests::curved_primitives_generate_tight_collision_and_material_variety ... ok
test gltf::tests::parses_normalised_colours_and_16_bit_indices ... ok
test gltf::tests::parses_animation_clips_with_linear_and_step_samplers ... ok
test gltf::tests::parses_the_shipped_chair_asset ... ok
test gltf::tests::rejects_a_count_larger_than_the_buffer_can_hold ... ok
test gltf::tests::rejects_attribute_count_mismatches ... ok
test gltf::tests::rejects_malformed_assets_with_actionable_messages ... ok
test gltf::tests::over_ceiling_models_fail ... ok
test gltf::tests::rejects_malformed_skins_and_animation_samplers ... ok
test gltf::tests::rejects_models_over_the_primitive_material_and_image_ceilings ... ok
test gltf::tests::rejects_node_cycles_and_dangling_references ... ok
test gltf::tests::rejects_non_finite_transformed_geometry ... ok
test gltf::tests::rejects_second_texture_coordinate_sets ... ok
test gltf::tests::rejects_textures_above_the_prop_edge_limit ... ok
test gltf::tests::rejects_truncated_and_oversized_containers ... ok
test gltf::tests::rejects_unsupported_images_extensions_and_sparse_data ... ok
test gltf::tests::rejects_unsupported_primitive_shapes ... ok
test gltf::tests::rejects_zero_stride_accessors_that_claim_many_elements ... ok
test gltf::tests::untextured_materials_multiply_their_base_color_factor ... ok
test input::tests::a_complete_tap_retains_one_press_until_consumed_or_cleared ... ok
test input::tests::clear_gameplay_inputs_discards_mouse_motion_too ... ok
test input::tests::e_is_a_gameplay_binding_not_a_menu_key ... ok
test input::tests::interact_rebinding_repeat_suppression_and_release_all ... ok
test input::tests::mouse_motion_accumulates_and_is_consumed_exactly_once ... ok
test input::tests::non_finite_mouse_motion_is_ignored ... ok
test input::tests::reserved_keys_are_not_gameplay_bindings ... ok
test input::tests::space_is_a_gameplay_binding_not_a_menu_key ... ok
test input::tests::test_default_bindings_map_wasd_and_arrows ... ok
test input::tests::test_diagonal_movement_combinations ... ok
test input::tests::test_held_keys_survive_repeat_events_and_release_individually ... ok
test input::tests::test_legacy_default_keys_no_longer_drive_controls ... ok
test input::tests::test_menu_nav_uses_wasd_and_arrows ... ok
test input::tests::test_simultaneous_movement_and_looking ... ok
test interact::tests::labels_render_through_the_ui_text_pipeline_and_respect_occlusion ... ok
test interact::tests::nearest_target_respects_reach_and_occlusion ... ok
test interact::tests::projection_maps_the_view_to_the_reference_space ... ok
test interact::tests::rotated_half_extents_are_conservative ... ok
test interact::tests::view_direction_matches_camera_conventions ... ok
test level::tests::a_level_without_shine_keeps_every_override_empty ... ok
test level::tests::every_authored_shine_survives_a_json_round_trip ... ok
test level::tests::material_references_carry_the_surface_override ... ok
test level::tests::raised_region_keeps_its_height_through_the_room_edge_tolerance ... ok
test level::tests::test_action_defs_parse_as_tagged_objects ... ok
test geometry_check::tests::walking_crouching_and_landing_at_curved_surfaces ... ok
test level::tests::test_area_triggers_resolve_ids_and_bounds ... ok
test level::tests::test_ceiling_grid_decals_snap_in_the_rooms_own_frame ... ok
test level::tests::test_ceiling_tile_frame_round_trips_and_rotates ... ok
test level::tests::test_architecture_solids_cover_walls_piers_rails_and_not_trim ... ok
test level::tests::test_ceiling_uvs_follow_the_room_tile_frame ... ok
test level::tests::test_collision_aabbs_for_z_axis_wall_follow_depth ... ok
test level::tests::test_collision_aabbs_include_solid_props_only ... ok
test level::tests::test_estimate_geometry_accounts_for_regions_and_gables ... ok
test level::tests::test_estimate_geometry_saturates_on_extreme_input ... ok
test level::tests::test_estimate_geometry_scales_with_rooms_not_area ... ok
test level::tests::test_floor_grid_cuts_at_region_edges_and_carries_offsets ... ok
test level::tests::test_floor_region_offsets_resolve_inside_outside_and_last_wins ... ok
test level::tests::test_floor_region_rims_are_solid_only_for_unwalkable_steps ... ok
test level::tests::test_gable_ceiling_interpolates_eave_to_ridge_on_both_axes ... ok
test level::tests::test_gable_room_helpers_report_the_ridge ... ok
test level::tests::test_grid_alignment_counts_and_periods_match ... ok
test level::tests::test_grid_alignment_leaves_round_downlights_and_gable_ceilings_alone ... ok
test level::tests::test_grid_alignment_none_keeps_the_authored_position ... ok
test level::tests::test_grid_alignment_snaps_a_fluorescent_panel_to_cell_centres ... ok
test level::tests::test_grid_alignment_uses_the_panel_module_not_the_sheet_repeat ... ok
test level::tests::test_grid_alignment_without_a_ceiling_period_stays_put ... ok
test level::tests::test_legacy_room_gets_zero_elevation_flat_ceiling_and_the_new_default_height ... ok
test level::tests::test_malformed_area_triggers_are_skipped_at_resolution ... ok
test level::tests::test_malformed_gable_profiles_degrade_to_the_eave_plane ... ok
test level::tests::test_parse_multi_room_level_with_walls ... ok
test level::tests::test_parse_single_room_level ... ok
test level::tests::test_parse_variable_wall_properties ... ok
test level::tests::test_parse_wall_with_doorway_opening ... ok
test level::tests::test_prop_float_is_optional_and_defaults_fill_in ... ok
test level::tests::test_prop_instance_ids_default_deterministically ... ok
test level::tests::test_ramp_offset_is_linear_and_signed ... ok
test level::tests::test_room_elevation_moves_floor_and_ceiling_together ... ok
test level::tests::test_round_primitives_parse_with_sensible_defaults ... ok
test level::tests::test_staircase_offset_steps_over_its_risers ... ok
test level::tests::test_walkable_floor_follows_ramps_and_stairs ... ok
test level::tests::test_walkable_floor_matches_the_surface_queries ... ok
test level::tests::test_wall_axis_and_length_helpers ... ok
test level::tests::test_wall_solid_slices_clamps_oversized_opening ... ok
test level::tests::test_wall_solid_slices_ignores_out_of_range_openings ... ok
test level::tests::test_wall_solid_slices_with_doorway ... ok
test level::tests::test_wall_solid_slices_with_opening_flush_to_wall_end ... ok
test level::tests::test_wall_solid_slices_with_two_openings ... ok
test level::tests::test_wall_solid_slices_with_window_above_floor ... ok
test level::tests::test_wall_solid_slices_without_openings_is_one_full_slice ... ok
test level::tests::test_estimate_geometry_accounts_for_openings_and_props ... ok
test level::tests::test_wall_solid_slices_z_axis_wall ... ok
test level::tests::test_water_contains_disc_requires_one_volume_to_hold_the_whole_disc ... ok
test level::tests::test_water_volumes_resolve_surface_bottom_and_legacy_default ... ok
test level::tests::wall_face_shine_resolves_face_then_wall_then_material ... ok
test gltf::tests::parses_the_shipped_spoonerman_bind_pose_and_skeleton ... ok
test lighting::bake::room_index_tests::nonfinite_room_bounds_keep_linear_candidates_above_index_threshold ... ok
test gltf::tests::rejects_models_over_the_vertex_ceiling ... ok
test lighting::light::tests::a_black_light_is_inactive ... ok
test lighting::light::tests::a_disabled_light_is_inactive_but_keeps_its_values ... ok
test lighting::light::tests::a_line_is_a_thin_rectangle_along_its_local_x_axis ... ok
test lighting::light::tests::a_point_light_carries_the_documented_defaults ... ok
test lighting::light::tests::a_point_shape_has_no_extent ... ok
test lighting::light::tests::a_quarter_turn_swaps_the_world_extents ... ok
test lighting::light::tests::a_rectangle_keeps_its_authored_axes_and_edge_lengths ... ok
test lighting::light::tests::every_curve_starts_full_and_ends_empty ... ok
test lighting::light::tests::falloff_names_round_trip_and_parse_case_insensitively ... ok
test lighting::light::tests::fixture_distribution_audit_report ... ignored, developer measurement: prints per-family fixture pool profiles
test lighting::light::tests::sanitizing_a_source_clamps_range_intensity_colour_and_position ... ok
test lighting::light::tests::sanitizing_clamps_extents_and_never_produces_nan ... ok
test lighting::light::tests::the_smooth_curve_is_exactly_the_historical_pool_curve ... ok
test lighting::light::tests::validity_rejects_missing_and_absurd_dimensions ... ok
test game::tests::the_pit_carpet_holes_reset_and_the_carpet_is_safe ... ok
test lighting::bake::room_index_tests::spatial_room_queries_match_linear_reference ... ok
test gltf::tests::every_shipped_prop_model_parses_as_real_geometry ... ok
test lighting::bake::light_index_tests::spatial_light_samples_match_full_candidates_exactly ... ok
test lighting::lightmap::continuity::a_right_angle_corner_keeps_each_faces_own_light ... ok
test lighting::lightmap::fill::tests::a_single_texel_axis_samples_the_middle ... ok
test lighting::lightmap::fill::tests::a_wall_chart_samples_just_off_its_own_face ... ok
test lighting::lightmap::fill::tests::a_wall_junction_texel_falls_back_to_the_walked_path ... ok
test lighting::lightmap::fill::tests::fill_chart_of_an_empty_chart_is_empty ... ok
test lighting::lightmap::fill::tests::fill_chart_samples_a_patch_outside_every_room_through_sample ... ok
test lighting::lightmap::fill::tests::fill_chart_spans_the_patch_edge_to_edge_row_major_along_v ... ok
test lighting::lightmap::tests::a_page_encodes_as_a_decodable_png ... ok
test lighting::lightmap::tests::a_two_page_allocator_still_reports_the_same_overflow ... ok
test lighting::lightmap::tests::an_oversized_patch_is_clamped_to_a_page_not_dropped ... ok
test lighting::lightmap::continuity::a_material_boundary_across_the_other_axis_does_not_step ... ok
test lighting::lightmap::tests::atlas_dilates_each_charts_border_into_its_own_gutter ... ok
test lighting::lightmap::tests::atlas_rejects_a_fill_of_the_wrong_size_or_with_non_finite_values ... ok
test lighting::lightmap::tests::chart_texels_are_clamped_to_the_usable_edge ... ok
test lighting::lightmap::tests::chart_texels_match_the_density_and_are_profile_specific ... ok
test lighting::lightmap::tests::chart_uvs_stay_inside_the_chart ... ok
test lighting::lightmap::tests::content_key_is_stable_and_changes_with_the_inputs ... ok
test lighting::lightmap::tests::degenerate_quads_are_rejected ... ok
test lighting::lightmap::tests::disk_cache_failure_is_a_miss_and_does_not_break_the_memory_store ... ok
test lighting::lightmap::tests::disk_cache_ignores_interrupted_publication_and_preserves_the_previous_entry ... ok
test lighting::lightmap::tests::disk_cache_rejects_equal_length_corruption_and_rebuilds ... ok
test lighting::lightmap::tests::disk_cache_rejects_oversized_headers_and_wrong_keys_before_reading_payloads ... ok
test lighting::lightmap::tests::disk_cache_round_trips_a_page_set ... ok
test lighting::lightmap::tests::disk_load_rejects_a_mismatched_format_version ... ok
test lighting::lightmap::tests::measure_demo_chart_statistics ... ignored, developer measurement: prints places_demo's chart statistics
test lighting::lightmap::tests::memory_cache_evicts_the_least_recently_used_entry_without_invalidating_owners ... ok
test lighting::lightmap::tests::memory_cache_returns_the_same_allocation_and_clears ... ok
test lighting::lightmap::tests::overflow_is_reported_not_hidden ... ok
test lighting::lightmap::tests::packing_is_deterministic_and_disjoint ... ok
test lighting::lightmap::tests::patch_axes_follow_the_quad_winding ... ok
test lighting::lightmap::tests::patch_extents_are_axis_lengths ... ok
test lighting::lightmap::tests::patch_local_round_trip ... ok
test lighting::lightmap::tests::plan_fails_over_on_a_visible_malformed_quad ... ok
test lighting::lightmap::tests::plan_reports_page_overflow ... ok
test lighting::lightmap::tests::plan_skips_an_invisible_sliver_and_keeps_the_rest ... ok
test lighting::lightmap::tests::plan_stamps_the_six_vertices_with_the_chart_mapping ... ok
test lighting::lightmap::continuity::a_material_boundary_on_one_floor_does_not_step ... ok
test lighting::lightmap::tests::the_format_version_is_current_and_is_part_of_every_key_prefix ... ok
test lighting::lightmap::tests::the_packer_uses_best_short_side_fit ... ok
test lighting::lightmap::continuity::a_same_material_chart_split_does_not_step ... ok
test lighting::lightmap::tests::an_unrelated_distant_room_does_not_darken_a_lit_room ... ok
test lighting::lightmap::tests::the_shipped_page_budget_is_used_when_genuinely_needed ... ok
test assets::tests::renderer_and_catalog_agree_on_surface_and_decal_ids ... ok
test lighting::occlusion::tests::a_concave_model_does_not_fill_its_own_opening ... ok
test lighting::occlusion::tests::a_desk_derives_a_thin_top_and_legs_not_one_oversized_box ... ok
test lighting::occlusion::tests::a_failed_asset_falls_back_to_the_placeholder_box_occluder ... ok
test lighting::occlusion::tests::a_finer_cell_separates_detail_a_coarse_cell_merges ... ok
test lighting::occlusion::tests::a_flat_quad_gets_a_minimum_thickness ... ok
test lighting::occlusion::tests::a_level_without_props_does_no_loading ... ok
test lighting::occlusion::tests::a_loadable_model_never_also_contributes_a_placeholder_box ... ok
test lighting::occlusion::tests::a_model_too_detailed_for_the_cap_is_re_ground_at_a_coarser_cell ... ok
test lighting::occlusion::tests::a_multi_primitive_model_occludes_every_primitive ... ok
test lighting::occlusion::tests::a_parallel_segment_is_inside_the_rectangle_it_lies_in ... ok
test lighting::occlusion::tests::a_prop_receives_the_shadow_of_a_nearby_prop ... ok
test lighting::occlusion::tests::a_prop_receives_the_shadow_of_a_nearby_wall ... ok
test lighting::occlusion::tests::a_props_far_side_is_shaded_by_its_own_body ... ok
test lighting::occlusion::tests::a_solid_box_merges_into_one_occluder ... ok
test lighting::occlusion::tests::a_vertical_panel_still_occludes ... ok
test lighting::occlusion::tests::a_z_axis_aligned_panel_inside_the_bounds_still_occludes ... ok
test lighting::occlusion::tests::an_axis_aligned_panel_inside_the_bounds_still_occludes ... ok
test lighting::occlusion::tests::an_axis_aligned_panel_on_the_max_edge_still_occludes ... ok
test lighting::occlusion::tests::an_empty_model_contributes_nothing ... ok
test lighting::occlusion::tests::an_unknown_model_still_shades_like_the_box_it_draws ... ok
test lighting::occlusion::tests::boxes_never_leave_the_model_bounds ... ok
test assets::tests::every_shipped_sheet_satisfies_its_texture_kind_contract ... ok
test lighting::occlusion::tests::measure_receiver_self_shadowing ... ok
test lighting::occlusion::tests::measure_demo_level_box_totals ... ok
test lighting::occlusion::tests::the_historical_cell_reproduces_the_historical_boxes ... ok
test lighting::occlusion::tests::the_instance_transform_matches_the_renderers_matrix ... ok
test lighting::lightmap::tests::reordering_equivalent_lights_does_not_change_the_bake ... ok
test lighting::occlusion::tests::the_placeholder_box_matches_the_drawn_prop_box ... ok
test lighting::occlusion::tests::winding_does_not_remove_an_occluder ... ok
test lighting::tests::a_blue_fixture_lights_geometry_blue ... ok
test lighting::tests::a_colour_that_emits_nothing_is_dark_but_valid ... ok
test lighting::tests::a_disabled_fixture_keeps_its_emission_but_casts_no_light ... ok
test lighting::tests::a_fixture_can_author_an_independent_emissive_strength ... ok
test lighting::tests::a_fixture_can_author_its_own_pool_shape ... ok
test lighting::tests::a_fixture_pool_reaches_its_whole_ceiling_without_a_ring ... ok
test lighting::occlusion::tests::the_model_cache_is_keyed_by_the_grid_cell ... ok
test lighting::tests::a_lit_corner_does_not_transmit_diagonally ... ok
test lighting::tests::a_missing_intensity_behaves_as_a_standard_fixture ... ok
test lighting::tests::a_narrow_corridor_keeps_one_baseline_across_the_zone_grid ... ok
test lighting::tests::a_floor_texel_under_a_prop_is_darker_than_open_floor_beside_it ... ok
test lighting::tests::a_prop_light_is_placed_by_the_props_own_transform ... ok
test lighting::tests::a_prop_against_a_wall_still_occludes ... ok
test lighting::tests::a_prop_over_a_raised_floor_region_occludes_from_its_own_base ... ok
test lighting::tests::a_prop_light_lights_its_room_and_a_disabled_one_does_not ... ok
test lighting::tests::a_red_fixture_lights_geometry_red ... ok
test lighting::tests::a_room_without_fixtures_is_dim_but_never_black ... ok
test lighting::tests::a_props_own_light_lights_around_its_body ... ok
test lighting::occlusion::tests::shipped_models_stay_within_the_box_cap_on_a_finer_grid ... ok
test lighting::tests::a_rotated_prop_occludes_its_rotated_footprint_not_its_bounding_box ... ok
test lighting::tests::a_wall_fixture_needs_a_height_and_validation_says_so ... ok
test lighting::tests::a_scaled_prop_occludes_proportionally ... ok
test lighting::tests::a_window_jamb_does_not_transmit_beside_itself ... ok
test lighting::tests::brighter_fixtures_raise_the_room_baseline ... ok
test lighting::tests::brightness_changes_smoothly_instead_of_in_bands ... ok
test lighting::tests::a_static_prop_blocks_light_and_leaves_the_covered_side_darker ... ok
test lighting::tests::coloured_accumulation_stays_finite_and_bounded ... ok
test lighting::tests::brightness_saturates_instead_of_growing_without_bound ... ok
test lighting::tests::elevated_room_fixtures_hang_from_their_own_ceiling ... ok
test lighting::tests::fixture_families_own_their_footprint_and_mount ... ok
test lighting::tests::fixture_panel_follows_a_gable_eave_and_ridge ... ok
test lighting::tests::fixture_plane_follows_the_room_ceiling ... ok
test lighting::tests::helper_curves_are_monotonic_and_numerically_safe ... ok
test lighting::tests::higher_ceilings_lower_the_effective_illumination ... ok
test lighting::tests::intensities_multiply_the_authored_colour_per_channel ... ok
test lighting::tests::legacy_levels_without_a_colour_use_the_documented_default ... ok
test lighting::tests::larger_rooms_are_dimmer_for_the_same_lights ... ok
test lighting::tests::lightmap_texel_with_no_room_resolves_by_containment ... ok
test lighting::tests::bake_terms_reproduce_the_sample_paths ... ok
test lighting::tests::lightmap_texels_evaluate_point_rect_and_line_sources_like_the_vertex_path ... ok
test lighting::tests::local_pools_scale_with_fixture_intensity ... ok
test lighting::tests::malformed_inputs_stay_finite_and_never_panic ... ok
test lighting::tests::lightmap_texels_match_the_vertex_path_exactly ... ok
test lighting::tests::more_lights_raise_the_room_baseline ... ok
test lighting::tests::malformed_prop_lights_are_rejected_or_skipped_without_panicking ... ok
test lighting::tests::openings_blend_between_differently_lit_rooms ... ok
test lighting::tests::openings_do_not_blend_through_solid_walls ... ok
test lighting::tests::overlapping_rooms_own_lights_deterministically_and_only_once ... ok
test lighting::tests::multiple_props_stack_their_shadows ... ok
test lighting::tests::pool_terms_reproduce_the_pool_cap ... ok
test lighting::tests::lightmap_texels_respect_range_falloff_colour_and_enabled ... ok
test lighting::tests::prop_occluders_do_not_create_a_dark_hole_outside_their_footprint ... ok
test lighting::tests::sample_points_use_the_smaller_overlapping_room ... ok
test lighting::tests::samples_under_a_fixture_are_brighter_than_distant_samples ... ok
test lighting::tests::summaries_describe_the_bake ... ok
test lighting::tests::prop_emission_is_never_illumination ... ok
test lighting::tests::the_intensity_alias_is_accepted_and_negative_values_are_sanitized ... ok
test lighting::tests::the_lightmap_content_key_covers_the_occluder_set ... ok
test lighting::tests::prop_occluders_do_not_split_a_room_into_baseline_zones ... ok
test lighting::tests::the_occlusion_fingerprint_tracks_the_solids_the_bake_uses ... ok
test lighting::tests::three_arbitrary_colours_accumulate_independently ... ok
test lighting::tests::vertically_offset_samples_follow_their_true_position ... ok
test lighting::tests::warm_and_cool_fixtures_mix_without_losing_either_colour ... ok
test lighting::tests::write_lighting_candidate_sweep ... ignored, developer report; writes target/diagnostics/lighting
test lighting::tests::write_lighting_developer_report ... ignored, developer report; writes target/diagnostics/lighting
test lighting::tests::zones_in_room_describes_uniform_and_partitioned_rooms ... ok
test lighting::visibility::tests::a_baseboard_against_its_wall_does_not_shadow_the_open_floor ... ok
test lighting::visibility::tests::a_degenerate_oriented_box_is_rejected ... ok
test lighting::visibility::tests::a_flush_sconce_keeps_its_pool_under_soft_sampling ... ok
test lighting::visibility::tests::a_gable_ceiling_body_sits_above_the_slope ... ok
test lighting::visibility::tests::a_lowered_basin_is_not_sealed_from_its_room ... ok
test lighting::visibility::tests::a_point_emitter_has_no_penumbra ... ok
test lighting::visibility::tests::a_raised_platform_does_not_isolate_the_room_above_it ... ok
test lighting::visibility::tests::a_room_is_not_blocked_by_its_own_floor_or_ceiling ... ok
test lighting::visibility::tests::a_sample_an_ulp_below_its_own_floor_is_still_lit ... ok
test lighting::visibility::tests::a_site_radius_covers_the_emitter_extent_beyond_the_range ... ok
test lighting::visibility::tests::a_site_that_never_registered_blocks_nothing ... ok
test lighting::visibility::tests::a_slanted_segment_to_the_ceiling_is_not_blocked_by_that_ceiling ... ok
test lighting::visibility::tests::a_surface_mounted_fixture_is_not_blocked_by_its_own_wall ... ok
test lighting::visibility::tests::a_threshold_height_step_shadows_only_its_own_footprint ... ok
test lighting::visibility::tests::a_vent_transmits_through_its_hole_and_blocks_around_it ... ok
test lighting::visibility::tests::a_wall_shadow_starts_at_the_wall_base_and_only_brightens_outward ... ok
test lighting::visibility::tests::a_yawed_box_blocks_only_its_rotated_volume ... ok
test lighting::visibility::tests::abutting_wall_pieces_leave_no_seam ... ok
test lighting::visibility::tests::an_axis_aligned_oriented_box_behaves_like_a_plain_box ... ok
test lighting::visibility::tests::doorway_span_passes_but_the_header_blocks ... ok
test lighting::visibility::tests::floors_and_ceilings_block_vertical_light ... ok
test lighting::visibility::tests::hard_sampling_reproduces_occludes_exactly_over_a_level ... ok
test lighting::visibility::tests::measure_home_corridor_bake ... ignored, developer measurement, run with --ignored --nocapture
test lighting::visibility::tests::occluders_rebuild_deterministically ... ok
test lighting::visibility::tests::segment_is_blocked_by_a_solid_wall ... ok
test lighting::visibility::tests::soft_sampling_resolves_a_real_penumbra ... ok
test lighting::visibility::tests::the_seam_beside_an_opening_is_airtight ... ok
test lighting::tests::the_demo_exit_sign_and_ball_light_really_illuminate ... ok
test lighting::visibility::tests::the_tap_table_is_bounded_and_ordered_by_cost ... ok
test lighting::visibility::tests::wall_connectivity_is_blind_to_horizontal_solids ... ok
test lighting::visibility::tests::zero_gap_stacking_still_isolates_without_swallowing_fixtures ... ok
test lighting::tests::the_shipped_levels_bake_bounded_prop_occlusion ... ok
test lighting_audit::budget_estimate_bounds_generated_geometry_for_opening_heavy_walls ... ok
test lighting_audit::draw_calls_do_not_scale_with_fixture_count_and_batching_is_stable ... ok
test lighting_audit::deterministic_fuzz_levels_bake_and_build_within_budget ... ok
test lighting::visibility::tests::the_shared_walk_matches_the_per_tap_definition ... ok
test architecture_audit::test_the_prepared_demo_validates_and_emits_no_zero_area_triangles ... ok
test lighting_audit::merged_floor_and_ceiling_quads_keep_exact_samples_and_tile_the_room ... ok
test lighting_audit::merged_wall_strips_share_exact_edges ... ok
test lighting_audit::regression_fractional_rotations_agree_between_bake_and_panel_geometry ... ok
test lighting_audit::regression_invalid_openings_do_not_create_phantom_doorways ... ok
test lighting_audit::regression_raised_walls_do_not_blend_through_their_openings ... ok
test lighting_audit::regression_wall_reveals_take_light_from_both_rooms ... ok
test architecture_audit::test_the_shipped_demo_emits_no_zero_area_triangles ... ok
test lighting_audit_cases::group_a_larger_area_lowers_the_baseline_and_stays_continuous ... ok
test lighting_audit_cases::group_a_room_area_extremes_stay_inside_the_budget ... ok
test lighting_audit_cases::group_b_a_zero_intensity_fixture_behaves_like_no_fixture ... ok
test lighting_audit_cases::group_b_zero_light_rooms_stay_at_minimum_ambient_and_render ... ok
test lighting_audit::ten_chairs_in_different_lighting_stay_one_batch ... ok
test lighting_audit_cases::group_d_intensity_boundaries_are_sanitized_deterministically ... ok
test lighting_audit_cases::group_d_intensity_inputs_brighten_monotonically_up_to_the_clamp ... ok
test lighting_audit_cases::group_d_loader_rejects_invalid_intensities_and_accepts_both_spellings ... ok
test lighting_audit_cases::group_e_ceiling_height_correction_is_monotonic_bounded_and_safe ... ok
test lighting_audit_cases::group_e_taller_rooms_stay_dim_but_valid_and_lower_rooms_stay_bounded ... ok
test lighting_audit_cases::group_f_duplicate_and_overlapping_fixtures_count_once_each_and_saturate ... ok
test lighting_audit_cases::group_f_fixture_ownership_follows_the_epsilon_boundary_exactly ... ok
test lighting_audit_cases::group_f_fixture_placement_variants_are_all_deterministic ... ok
test lighting_audit_cases::group_f_rotation_swaps_the_panel_pool_orientation ... ok
test lighting_audit_cases::group_g_equal_area_overlaps_resolve_by_level_order ... ok
test lighting_audit_cases::group_g_props_inside_overlapping_rooms_are_lit_by_the_smallest_room ... ok
test lighting_audit_cases::group_g_smallest_containing_room_wins_for_every_lookup ... ok
test lighting_audit_cases::group_g_three_overlapping_rooms_order_by_area_strictly ... ok
test lighting_audit_cases::group_h_doorway_transition_is_smooth_and_symmetric ... ok
test lighting_audit_cases::group_h_opening_variants_blend_or_do_not_without_artifacts ... ok
test lighting_audit_cases::group_h_two_openings_between_the_same_rooms_stay_bounded ... ok
test lighting_audit_cases::group_h_vertical_fade_above_the_header_and_non_connecting_openings ... ok
test lighting_audit_cases::group_i_propagation_is_one_hop_only ... ok
test lighting_audit_cases::group_j_pools_fall_off_monotonically_and_reach_the_room_baseline ... ok
test lighting_audit_cases::group_k_local_pool_saturation_is_capped_and_finite ... ok
test lighting_audit_cases::group_l_lighting_multiplies_materials_instead_of_replacing_them ... ok
test lighting_audit_cases::group_c_dense_fixture_grids_saturate_without_overflow_or_geometry_explosion ... ok
test lighting_audit_cases::group_n_extreme_prop_offsets_are_lit_without_correction_or_rejection ... ok
test lighting_audit_cases::group_o_fixtures_outside_rooms_are_defined_and_isolated ... ok
test lighting_audit_cases::group_p_degenerate_levels_never_panic_and_never_emit_bad_vertices ... ok
test lighting_audit_cases::group_q_coloured_fixtures_tint_floor_and_wall_geometry ... ok
test lighting_audit_cases::group_q_legacy_and_explicit_default_colours_bake_identically ... ok
test lighting_audit_cases::group_q_mixed_colours_stay_distinct_and_bounded ... ok
test lighting_audit_cases::group_q_tall_coloured_rooms_keep_the_height_response ... ok
test lighting_isolation::a_dark_room_stays_dark_and_does_not_darken_its_neighbour ... ok
test lighting_isolation::a_doorway_transmits_light_where_the_aperture_is ... ok
test lighting_isolation::a_lit_corner_has_no_artificial_collapse ... ok
test lighting_isolation::a_window_transmits_over_its_sill_but_not_under_it ... ok
test lighting_isolation::an_interior_stub_blocks_a_pool_inside_one_room ... ok
test lighting_isolation::an_opaque_wall_blocks_a_white_fixture_pool ... ok
test lighting_isolation::an_opaque_wall_blocks_colour_not_only_brightness ... ok
test lighting_isolation::an_unlit_room_is_exactly_ambient_everywhere ... ok
test lighting_audit_cases::group_m_n_real_props_are_lit_from_their_transformed_world_position ... ok
test lighting_isolation::every_fixture_contributes_independently_near_a_coloured_corner ... ok
test lighting_isolation::emitted_wall_faces_are_lit_by_the_room_they_open_into ... FAILED
test lighting_isolation::two_coloured_rooms_keep_their_own_light ... ok
test lighting_isolation::isolation_geometry_bakes_safe_vertices ... ok
test lighting_leak_audit::the_shipped_demos_wall_faces_open_into_their_own_room ... ok
test lighting_partition_audit::tests::a_partitioned_room_bakes_deterministically ... ok
test lighting_partition_audit::tests::case_1_a_solid_partition_isolates_the_unlit_side ... ok
test lighting_partition_audit::tests::case_2_a_doorway_transmits_a_bounded_amount ... ok
test lighting_partition_audit::tests::case_3_fixtures_on_both_sides_keep_their_own_colour ... ok
test lighting_partition_audit::tests::case_4_an_open_room_keeps_one_uniform_baseline ... ok
test lighting_partition_audit::tests::case_5_a_fixture_against_the_partition_does_not_teleport_its_baseline ... ok
test lighting_partition_audit::tests::case_6_a_wall_below_the_ceiling_is_not_a_partition ... ok
test lighting_partition_audit::tests::case_6_b_a_stub_partition_does_not_divide_the_room ... ok
test lighting_partition_audit::tests::case_6_c_a_window_does_not_connect_baselines ... ok
test lighting_partition_audit::tests::case_6_d_two_doors_transmit_separately_and_stay_bounded ... ok
test lighting_partition_audit::tests::case_6_e_an_edge_wall_does_not_erase_the_room ... ok
test lighting_partition_audit::tests::case_6_f_baking_a_partitioned_level_is_deterministic ... ok
test lighting_partition_audit::tests::case_6_g_malformed_dimensions_stay_finite ... ok
test lighting_vertical_audit::tests::a_floor_slab_does_not_mix_colours_between_storeys ... ok
test lighting_vertical_audit::tests::a_gable_ridge_is_lit_by_its_own_fixture ... ok
test lighting_vertical_audit::tests::a_height_above_every_room_falls_back_to_the_flat_lookup ... ok
test lighting_vertical_audit::tests::a_lit_lower_storey_stays_sealed_from_the_upper_one ... ok
test lighting_vertical_audit::tests::a_lit_upper_storey_stays_sealed_from_the_lower_one ... ok
test lighting_vertical_audit::tests::a_lowered_basin_and_a_raised_platform_stay_connected_to_their_room ... ok
test lighting_vertical_audit::tests::a_raised_neighbour_keeps_its_own_light_behind_the_shared_wall ... ok
test lighting_vertical_audit::tests::a_stacked_room_does_not_change_the_lower_rooms_baseline ... ok
test lighting_vertical_audit::tests::an_open_side_of_an_upper_floor_transmits_light ... ok
test lighting_vertical_audit::tests::stacked_rooms_bake_deterministically ... ok
test lighting_vertical_audit::tests::two_bakes_of_a_stacked_level_are_identical ... ok
test lighting_vertical_audit::tests::upper_floor_occlusion_follows_its_own_footprint ... ok
test loader::tests::test_ceiling_light_colour_is_optional_validated_and_round_trips ... ok
test loader::tests::test_ceiling_light_intensity_is_optional_and_sanitized ... ok
test loader::tests::test_ceiling_tile_frame_validation ... ok
test loader::tests::test_custom_levels_are_discovered_and_loaded ... ok
test loader::tests::test_damaged_material_variants_resolve ... ok
test loader::tests::test_decals_parse_with_defaults_and_validate ... ok
test loader::tests::test_extract_zip_shares_texture_blobs_between_aliases ... ok
test loader::tests::test_fixture_sheets_resolve_one_sheet_per_family_from_the_catalog ... ok
test loader::tests::test_fixtures_without_a_sheet_resolve_to_nothing ... ok
test architecture_audit::test_architecture_stress_builds_with_bounded_geometry ... ok
test loader::tests::test_missing_pack_materials_use_the_diagnostic_texture_with_an_error ... ok
test loader::tests::test_parse_hex_color ... ok
test loader::tests::test_parse_materials_json ... ok
test loader::tests::test_prepare_level_generates_office_baseboards_around_floor_openings ... ok
test loader::tests::test_prepare_level_lets_an_authored_run_suppress_the_generated_one ... ok
test loader::tests::test_prepare_level_skips_a_face_whose_floor_changes_along_the_run ... ok
test loader::tests::test_prepare_level_skips_faces_that_front_no_walkable_floor ... ok
test lighting_audit::geometry_storage_does_not_over_reserve_wildly ... ok
test lighting::lightmap::tests::the_pit_bakes_into_the_shipped_page_budget_at_full ... ok
test loader::tests::test_prop_catalog_falls_back_for_unknown_model ... ok
test loader::tests::test_prop_catalog_from_json_str ... ok
test loader::tests::test_read_zip_level_json_missing_entry_errors ... ok
test loader::tests::test_read_zip_level_json_only_reads_level_json ... ok
test loader::tests::test_rendering_diagnostic_level_shows_every_decal_sheet ... ok
test loader::tests::test_round_dimension_diagnostics_name_the_constraint ... ok
test loader::tests::test_shipped_prop_catalog_covers_shipped_levels ... ok
test loader::tests::test_shipped_prop_catalog_parses ... ok
test loader::tests::test_shipped_test_room_demonstrates_openings_and_props ... ok
test loader::tests::test_the_decal_count_is_bounded ... ok
test loader::tests::test_legacy_maps_load_without_interactions_or_triggers ... ok
test lighting_leak_audit::the_shipped_demos_fixture_pools_are_occlusion_exact ... ok
test lighting_audit::lighting_benchmark_report ... ok
test loader::tests::test_prepared_demo_aligns_panels_and_gains_office_baseboards ... ok
test loader::tests::test_the_shipped_demo_duck_validates ... ok
test loader::tests::test_valid_round_primitives_pass_validation ... ok
test loader::tests::test_validate_accepts_a_clear_entity_route ... ok
test loader::tests::test_validate_accepts_a_label_only_target ... ok
test loader::tests::test_validate_accepts_a_legacy_level_without_any_shine ... ok
test loader::tests::test_validate_accepts_every_shine_value_in_range ... ok
test loader::tests::test_validate_accepts_ids_interactions_and_area_triggers ... ok
test loader::tests::test_validate_accepts_legacy_and_vertical_rooms ... ok
test loader::tests::test_validate_accepts_moderately_large_level ... ok
test loader::tests::test_validate_accepts_sunk_and_intersecting_props ... ok
test loader::tests::test_validate_accepts_the_demo_duck_and_the_contract_boundaries ... ok
test loader::tests::test_validate_accepts_the_home_showcase_fixture ... ok
test loader::tests::test_validate_accepts_valid_door_and_window ... ok
test loader::tests::test_validate_ladders_accepts_the_demo_and_rejects_bad_reach ... ok
test loader::tests::test_validate_level_invalid_version ... ok
test loader::tests::test_validate_level_preserves_overlapping_geometry ... ok
test loader::tests::test_validate_level_rejects_malformed_decals ... ok
test loader::tests::test_validate_level_success ... ok
test loader::tests::test_validate_permits_overlapping_rooms_within_budget ... ok
test loader::tests::test_validate_rejects_a_decal_that_straddles_a_height_change ... ok
test loader::tests::test_validate_rejects_a_route_on_a_floating_prop ... ok
test loader::tests::test_validate_rejects_a_threshold_over_an_elevation_change ... ok
test loader::tests::test_validate_rejects_ceiling_decals_on_a_gable ... ok
test loader::tests::test_validate_rejects_door_beyond_wall ... ok
test loader::tests::test_validate_rejects_duplicate_and_malformed_instance_ids ... ok
test loader::tests::test_validate_rejects_huge_geometry_without_overflowing ... ok
test loader::tests::test_validate_rejects_impossible_gable_definitions ... ok
test loader::tests::test_validate_rejects_invalid_opening_numbers ... ok
test loader::tests::test_validate_rejects_invalid_props ... ok
test loader::tests::test_validate_rejects_malformed_archways ... ok
test loader::tests::test_validate_rejects_malformed_area_triggers ... ok
test loader::tests::test_validate_rejects_malformed_entity_routes ... ok
test loader::tests::test_validate_rejects_malformed_float_props ... ok
test loader::tests::test_validate_rejects_malformed_floor_regions ... ok
test loader::tests::test_validate_rejects_malformed_ramps ... ok
test loader::tests::test_validate_rejects_malformed_shine_by_surface_name ... ok
test loader::tests::test_validate_rejects_malformed_staircases ... ok
test loader::tests::test_validate_rejects_malformed_trim_and_rails ... ok
test loader::tests::test_validate_rejects_non_finite_room_elevation ... ok
test loader::tests::test_validate_rejects_pathological_huge_room ... ok
test loader::tests::test_validate_rejects_too_many_actions_on_one_source ... ok
test loader::tests::test_validate_rejects_too_many_floor_patches ... ok
test loader::tests::test_validate_rejects_too_many_floor_regions ... ok
test loader::tests::test_validate_rejects_too_many_wall_openings ... ok
test loader::tests::test_validate_rejects_unimplemented_audio_and_checks_animation_actions ... ok
test loader::tests::test_validate_rejects_unknown_or_missing_label_targets ... ok
test loader::tests::test_validate_rejects_walking_surfaces_that_overlap ... ok
test loader::tests::test_validate_rejects_window_and_unknown_opening_beyond_wall ... ok
test loader::tests::test_validate_water_accepts_a_valid_volume_and_rejects_bad_ones ... ok
test loader::tests::test_vertical_diagnostic_level_exercises_the_new_geometry ... ok
test loader::tests::test_vertical_room_fields_round_trip ... ok
test loader::tests::test_zip_extraction_and_path_traversal_rejection ... ok
test loader::tests::test_zip_level_pack_extraction ... ok
test loader::tests::test_zip_reads_are_capped_by_output_not_the_declared_size ... ok
test loader::tests::validate_routes_uses_the_runtime_minimum_disc_radius ... ok
test loading::cache_tests::byte_budget_evicts_old_builds_and_oversized_entries_are_not_retained ... ok
test loading::cache_tests::cache_hits_reuse_the_exact_build_and_lru_eviction_keeps_displayed_arcs_alive ... ok
test loading::cache_tests::cancelled_preparation_keeps_displayed_weak_identity_without_retaining_geometry ... ok
test loading::cache_tests::definition_lightmap_mode_and_root_change_the_prepared_identity ... ok
test loading::cache_tests::only_used_model_bytes_invalidate_and_missing_restored_inputs_change_identity ... ok
test loading::tests::a_retained_build_only_matches_the_same_level_content ... ok
test loading::tests::cancelled_completion_cannot_activate_and_worker_can_retry ... ok
test loading::tests::failed_preparation_leaves_worker_available_for_retry ... ok
test loading::tests::shutdown_does_not_join_a_live_preparation ... ok
test loading::tests::superseded_completion_is_discarded_and_only_latest_pending_runs ... ok
test logging::tests::only_an_explicit_truthy_value_enables_telemetry ... ok
test materials::emission::tests::a_default_material_is_not_emissive ... ok
test materials::emission::tests::a_mask_survives_sanitizing_and_is_optional ... ok
test materials::emission::tests::a_zero_intensity_or_black_colour_is_not_emissive ... ok
test materials::emission::tests::colour_and_intensity_multiply_into_the_uploaded_value ... ok
test materials::emission::tests::emission_is_clamped_to_the_documented_maximum ... ok
test materials::emission::tests::sanitize_clamps_and_never_produces_nan ... ok
test materials::image::content_revision_tests::encoded_changes_replace_cache_revision_without_mutating_old_owner ... ok
test materials::image::content_revision_tests::replacing_file_bytes_refreshes_without_timestamp_identity ... ok
test materials::image::content_revision_tests::same_pack_path_with_new_bytes_uses_new_cpu_and_gpu_identity ... ok
test materials::image::tests::a_fully_transparent_decal_sheet_keeps_its_alpha_when_scaled ... ok
test materials::image::tests::a_power_of_two_sheet_halves_exactly ... ok
test materials::image::tests::a_zero_budget_or_zero_sized_image_is_refused ... ok
test materials::image::tests::an_image_within_budget_is_left_alone ... ok
test materials::image::tests::downscaling_averages_the_covered_texels ... ok
test materials::image::tests::downscaling_is_deterministic_and_never_leaves_a_stale_buffer ... ok
test materials::image::tests::non_power_of_two_edges_keep_their_aspect_and_round_up ... ok
test materials::image::tests::retention_budget_preserves_under_budget_deduplication ... ok
test materials::image::tests::retention_budget_releases_only_cache_ownership ... ok
test materials::reflection::tests::a_zero_strength_material_never_reflects ... ok
test materials::reflection::tests::mode_names_round_trip_case_insensitively ... ok
test materials::reflection::tests::only_planar_needs_the_reflection_pass ... ok
test materials::reflection::tests::sanitize_clamps_and_drops_non_finite_strengths ... ok
test materials::reflection::tests::the_default_is_no_reflection ... ok
test materials::response::tests::a_fully_matte_material_keeps_its_roughness ... ok
test materials::response::tests::a_normal_map_alone_activates_the_response_without_a_sheen ... ok
test materials::response::tests::a_sheen_alone_activates_the_response_without_a_normal_map ... ok
test materials::response::tests::a_zero_opacity_blend_material_is_not_drawn_translucent ... ok
test materials::response::tests::alpha_classification_separates_the_three_passes ... ok
test materials::response::tests::alpha_mode_round_trips_through_its_names ... ok
test materials::response::tests::alpha_sanitize_clamps_and_neutralises_nan ... ok
test materials::response::tests::default_response_is_inactive_and_matches_the_legacy_look ... ok
test materials::response::tests::opaque_alpha_is_the_legacy_state ... ok
test materials::response::tests::sanitize_clamps_every_field_and_neutralises_nan ... ok
test materials::tests::a_legacy_roughness_material_keeps_its_exact_roughness ... ok
test materials::tests::a_material_without_response_fields_keeps_the_default_surface_look ... ok
test loader::tests::test_the_default_level_is_the_shipped_demo ... ok
test materials::tests::a_normal_map_resolves_into_the_texture_table_at_its_authored_strength ... ok
test materials::tests::a_normal_map_that_cannot_resolve_degrades_the_whole_material ... ok
test materials::tests::a_shiny_material_is_not_a_mirror_without_a_reflection_mode ... ok
test materials::tests::a_translucent_emissive_material_keeps_both_properties ... ok
test materials::tests::an_opacity_or_cutoff_without_a_mode_is_a_catalog_error ... ok
test materials::tests::an_unknown_alpha_mode_is_rejected_by_name ... ok
test materials::tests::authoring_both_shine_and_roughness_is_a_named_catalog_error ... ok
test materials::tests::cache_decodes_each_key_once_and_reuses_the_buffer ... ok
test materials::tests::catalog_rejects_materials_with_dangling_or_non_png_textures ... ok
test materials::tests::catalog_rejects_materials_without_a_texture_and_bad_material_metadata ... ok
test materials::tests::decode_png_accepts_rgb_grayscale_palette_and_sixteen_bit_images ... ok
test materials::tests::decode_png_round_trips_rgba_exactly ... ok
test materials::tests::alpha_modes_resolve_to_the_three_draw_passes ... ok
test materials::tests::emissive_material_without_a_mask_has_no_mask_index ... ok
test materials::tests::every_shipped_material_resolves_to_a_png_texture ... ok
test materials::tests::malformed_and_truncated_pngs_are_errors_not_panics ... ok
test loader::tests::test_the_demo_loads_every_fixture_family_with_its_sheet ... ok
test materials::tests::emissive_catalog_material_resolves_colour_intensity_and_shared_mask ... ok
test materials::tests::missing_emissive_mask_falls_back_to_the_diagnostic_texture ... ok
test materials::tests::missing_png_falls_back_to_the_diagnostic_and_names_both_ids ... ok
test materials::tests::opening_glass_materials_are_referenced_by_the_material_scan ... ok
test materials::tests::oversized_pngs_are_rejected_with_a_clear_message ... ok
test loader::tests::test_the_embedded_demo_is_always_listed_and_loadable ... ok
test materials::tests::pack_material_without_a_texture_is_a_context_rich_error ... ok
test materials::tests::pack_materials_accept_shine_and_prefer_it_over_roughness ... ok
test materials::tests::pack_materials_may_author_response_and_alpha_fields ... ok
test materials::tests::material_id_in_the_wrong_type_is_reported ... ok
test materials::tests::pack_materials_parse_both_shapes_and_decode_from_pack_bytes ... ok
test materials::tests::pool_tiles_keep_a_restrained_visible_sheen ... ok
test materials::tests::referenced_ids_are_deterministic_and_cover_faces_patches_and_regions ... ok
test materials::tests::pack_material_emission_resolves_pack_local_and_catalog_masks ... ok
test materials::tests::pack_materials_may_reuse_a_catalog_texture_or_name_a_missing_file ... ok
test materials::tests::shine_outside_the_unit_range_is_a_named_catalog_error ... ok
test materials::tests::roughness_defaults_and_out_of_range_values_are_clamped_by_the_catalog ... ok
test materials::tests::materials_without_emission_stay_non_emissive ... ok
test materials::tests::shine_is_the_author_facing_spelling_and_roughness_is_its_inverse ... ok
test materials::tests::two_materials_sharing_a_texture_share_one_resolved_texture ... ok
test materials::tests::specular_strength_and_colour_are_the_product_the_shader_uploads ... ok
test perf::actions::tests::script_validation_is_bounded_and_strict ... FAILED
test perf::tests::test_calculate_cpu_percentage ... ok
test perf::tests::test_gpu_sampler_never_uses_clock_frequency ... ok
test perf::tests::test_parse_debugfs_utilization ... ok
test perf::tests::test_parse_devfreq_load ... ok
test perf::tests::test_parse_drm_busy_percent ... ok
test perf::tests::test_parse_proc_stat_valid ... ok
test perf::tests::test_perf_overlay_defaults_and_toggle ... ok
test perf::tests::test_perf_overlay_text_format_and_caching ... ok
test perf::tests::test_sample_gpu_from_paths_with_mock_devfreq_load ... ok
test perf::tests::test_startup_timeline_accumulates_deltas_and_reports_once ... ok
test perf::tests::test_startup_timeline_capacity_is_bounded ... ok
test props::tests::a_missing_model_is_reported_once_and_never_retried ... ok
test props::tests::a_native_256_prop_texture_is_unremarkable ... ok
test props::tests::a_normal_256_collection_fits_the_desktop_pack_budget_with_headroom ... ok
test props::tests::a_pathological_texture_pack_is_still_rejected ... ok
test props::tests::art_budget_warnings_name_the_broken_budget_and_never_fail_a_load ... ok
test props::tests::assets_are_shared_between_instances ... ok
test props::tests::refreshed_prop_inputs_preserve_shared_models_and_replace_changed_or_restored_files ... ok
test props::tests::request_retention_removes_unrelated_inputs_and_failures ... ok
test materials::tests::shipped_materials_resolve_through_the_catalog ... ok
test props::tests::texture_bytes_sums_every_texture_in_the_model ... ok
test quality::tests::a_prop_sheet_is_smaller_than_a_surface_sheet_under_every_level ... ok
test quality::tests::advanced_quality_names_labels_and_parse_round_trip ... ok
test quality::tests::an_image_already_within_budget_is_never_copied ... ok
test quality::tests::budgets_are_power_of_two_so_downscaling_is_a_clean_halving_chain ... ok
test materials::tests::unknown_material_uses_the_diagnostic_texture_with_a_useful_error ... ok
test quality::tests::high_and_medium_keep_a_native_256_prop_texture_exactly ... ok
test quality::tests::high_uploads_a_shipped_surface_sheet_exactly_as_decoded ... ok
test quality::tests::lightmap_configs_are_the_documented_low_medium_high_values ... ok
test quality::tests::lightmap_quality_bakes_match_the_validated_configurations ... ok
test quality::tests::low_and_high_delegate_to_the_validated_profiles ... ok
test quality::tests::low_halves_a_native_prop_texture_to_the_documented_budget ... ok
test props::tests::shipped_prop_assets_match_the_catalogue_and_budgets ... ok
test quality::tests::medium_budgets_are_the_documented_intermediate ... ok
test quality::tests::low_quarters_the_same_sheet_to_the_documented_budget ... ok
test quality::tests::names_round_trip_and_parse_is_forgiving_about_case ... ok
test quality::tests::only_low_reserves_the_optional_feature_hook ... ok
test quality::tests::reflection_quality_gates_are_exact ... ok
test quality::tests::shadow_quality_scales_with_the_level ... ok
test quality::tests::surface_response_is_drawn_except_on_low ... ok
test quality::tests::medium_halves_the_same_sheet_to_the_documented_budget ... ok
test quality::tests::the_advanced_preset_table_is_exact ... ok
test quality::tests::the_default_level_is_high ... ok
test quality::tests::the_profile_mapping_is_the_content_key_boundary ... ok
test render::boundary_tests::engine_modules_do_not_import_a_renderer_backend ... ok
test render::boundary_tests::only_the_wgpu_backend_and_facade_name_wgpu ... ok
test quality::tests::fitting_is_deterministic_for_the_same_input ... ok
test render::boundary_tests::the_neutral_layer_does_not_depend_on_the_backend ... ok
test render::common::animation::tests::a_flicker_is_at_rest_most_of_the_time ... ok
test render::common::animation::tests::a_non_finite_time_is_the_identity ... ok
test render::common::animation::tests::a_pulse_is_a_slow_breath_and_is_not_always_dim ... ok
test render::common::animation::tests::an_animation_stays_within_its_bounds ... ok
test render::common::animation::tests::both_effects_start_at_full_brightness ... ok
test render::common::animation::tests::effect_names_round_trip ... ok
test render::common::animation::tests::no_animation_is_exactly_the_identity ... ok
test render::common::animation::tests::sanitize_clamps_every_field ... ok
test render::boundary_tests::the_engine_bootstrap_owns_no_platform_gpu_calls ... ok
test render::common::api::tests::a_cached_atlas_activates_without_a_fill ... ok
test render::common::api::tests::a_cancelled_fill_reports_cancelled_not_a_failure ... ok
test render::common::api::tests::a_bake_settings_change_is_a_new_cache_entry ... ok
test materials::tests::the_shipped_glass_and_response_materials_resolve_with_their_pngs ... ok
test render::common::api::tests::the_fill_request_is_send_and_sync ... ok
test render::common::api::tests::the_lightmap_setting_owns_the_build_configuration ... ok
test render::common::api::tests::the_renderer_vertex_lit_entry_point_is_quality_independent ... ok
test render::common::api::tests::the_transition_status_is_idle_by_default ... ok
test render::common::architecture::tests::guardrail_posts_are_even_and_never_crowded ... ok
test render::common::atmosphere::tests::a_zero_density_fog_is_exactly_off ... ok
test render::common::atmosphere::tests::the_amount_is_bounded_for_extreme_inputs ... ok
test render::common::atmosphere::tests::the_height_term_only_ever_thickens_the_air ... ok
test render::common::atmosphere::tests::the_shipped_fog_is_invisible_up_close_and_subtle_far_away ... ok
test render::common::character::tests::a_clipped_rig_maps_states_to_clips_by_name ... ok
test render::common::character::tests::a_one_shot_holds_its_last_pose_while_the_next_cue_fades_in ... ok
test render::common::character::tests::a_skinned_vertex_follows_its_joint_delta ... ok
test render::common::character::tests::a_state_change_crossfades_between_clips ... ok
test render::common::character::tests::a_walk_cue_uses_declared_reference_speeds_and_prefers_run ... ok
test render::common::character::tests::an_unclassifiable_rig_stays_at_rest ... ok
test render::common::character::tests::clip_sampling_interpolates_linearly_and_holds_step_keys ... ok
test render::common::character::tests::cubic_spline_sampling_hits_endpoints_tangents_and_midpoints ... ok
test render::common::character::tests::cue_completion_does_not_leak_and_can_restart ... ok
test render::common::character::tests::explicit_clips_hold_once_pause_and_resume ... ok
test render::common::character::tests::linear_rotation_keys_take_the_shortest_arc ... ok
test render::common::character::tests::morph_weight_channels_animate_the_target_weights ... ok
test render::common::character::tests::phase_advances_only_with_speed ... ok
test render::common::character::tests::state_weights_converge_without_resetting ... ok
test render::common::character::tests::switching_states_keeps_matrices_finite_and_rigid ... ok
test render::common::character::tests::the_pose_is_frame_rate_independent ... ok
test render::common::character::tests::updating_never_reallocates_the_pose_buffers ... ok
test render::common::dynamic::tests::a_dynamic_mesh_keeps_model_space_vertices_and_albedo_colours ... ok
test render::common::dynamic::tests::a_floating_duck_spawns_at_the_water_surface_at_rest ... ok
test render::common::dynamic::tests::a_floating_ducks_pose_stays_inside_its_envelope_all_cycle ... ok
test render::common::dynamic::tests::a_level_that_places_a_model_statically_does_not_re_decode_it_for_dynamics ... ok
test render::common::dynamic::tests::a_level_with_no_machine_spawns_nothing ... ok
test render::common::api::tests::a_worker_fill_is_byte_identical_to_the_inline_fill ... ok
test render::common::dynamic::tests::a_level_without_floats_spawns_none ... ok
test render::common::dynamic::tests::a_model_with_nothing_drawable_never_spawns ... ok
test render::common::dynamic::tests::a_non_finite_clock_is_read_as_zero ... ok
test render::common::dynamic::tests::a_light_probe_refreshes_on_movement_and_not_on_spin ... ok
test render::common::dynamic::tests::a_probe_is_baked_light_and_never_allows_black_or_overbright ... ok
test render::common::dynamic::tests::a_transform_is_translation_yaw_then_uniform_scale ... ok
test render::common::dynamic::tests::an_emissive_dynamic_object_routes_emission_independently_of_light ... ok
test render::common::dynamic::tests::an_oriented_spawn_pitches_and_spins_about_the_named_axis ... ok
test render::common::dynamic::tests::distinct_mesh_budget_is_enforced_and_meshes_stay_registered ... ok
test render::common::dynamic::tests::set_transform_updates_only_the_named_object ... ok
test render::common::dynamic::tests::spawn_is_bounded_deterministic_and_ordered ... ok
test render::common::dynamic::tests::spawning_two_objects_of_one_model_shares_one_mesh ... ok
test render::common::dynamic::tests::spinning_advances_the_default_yaw_and_wraps_deterministically ... ok
test render::common::dynamic::tests::the_demo_drum_spins_inside_a_stationary_machine_body ... ok
test render::common::dynamic::tests::clearing_and_respawning_floats_is_idempotent ... ok
test quality::tests::switching_levels_changes_every_derived_decision ... ok
test render::common::dynamic::tests::the_demo_places_the_drum_inside_the_machines_cavity ... ok
test render::common::dynamic::tests::the_demo_follows_a_rotated_machine ... ok
test render::common::dynamic::tests::the_demo_scales_the_drum_with_the_machine ... ok
test render::common::fixtures::tests::a_fixtures_pool_falls_off_monotonically_from_its_drawn_centre ... ok
test render::common::dynamic::tests::two_floats_with_different_phases_bob_independently ... ok
test render::common::fixtures::tests::emitter_planes_and_drawn_faces_share_their_centre_and_extents ... ok
test render::common::fixtures::tests::every_luminous_face_points_into_its_room ... ok
test render::common::fixtures::tests::only_the_luminous_face_is_emissive ... ok
test render::common::fixtures::tests::the_wall_lens_sits_on_the_front_face_at_the_authored_point ... ok
test render::common::framebuffer::tests::a_smaller_than_reference_drawable_is_never_upscaled ... ok
test render::common::framebuffer::tests::an_empty_drawable_stays_empty ... ok
test render::common::framebuffer::tests::high_renders_at_the_drawable_resolution ... ok
test render::common::framebuffer::tests::low_caps_the_scene_width_at_the_reference_and_keeps_the_aspect ... ok
test render::common::framebuffer::tests::low_is_the_identity_on_the_reference_device ... ok
test render::common::framebuffer::tests::medium_follows_low_when_low_is_already_above_half ... ok
test render::common::framebuffer::tests::medium_halves_a_large_drawable_and_keeps_the_aspect ... ok
test render::common::framebuffer::tests::medium_is_between_low_and_the_drawable_on_a_large_drawable ... ok
test render::common::framebuffer::tests::tiny_drawables_still_produce_a_drawable_target ... ok
test render::common::postprocess::tests::a_tiny_scene_still_gets_a_one_texel_target ... ok
test render::common::postprocess::tests::bloom_is_an_independent_choice_on_every_level ... ok
test render::common::postprocess::tests::bloom_targets_are_a_quarter_of_the_scene ... ok
test render::common::postprocess::tests::the_tone_and_grade_stack_is_the_documented_low_medium_high_mapping ... ok
test render::common::postprocess::tests::the_tone_knee_leaves_the_common_range_alone ... ok
test render::common::reflections::tests::a_planar_distance_is_signed ... ok
test render::common::reflections::tests::mirroring_twice_is_the_identity ... ok
test render::common::dynamic::tests::the_demo_scene_draws_one_call_per_primitive_and_never_touches_static_geometry ... ok
test render::common::reflections::tests::only_off_disables_the_planar_pass ... ok
test render::common::reflections::tests::the_mirror_matrix_reflects_points_and_fixes_the_plane ... ok
test render::common::reflections::tests::the_planar_target_is_half_the_scene ... ok
test render::common::wall_coverage_tests::parallel_doorway_covers_only_the_header_at_the_opening ... ok
test render::common::wall_coverage_tests::perpendicular_doorway_keeps_the_open_aperture_out_of_coverage ... ok
test render::tests::a_broken_model_falls_back_to_the_placeholder_box_without_panicking ... ok
test render::tests::a_catalogued_png_decal_draws_from_its_own_sheet ... ok
test render::tests::a_camera_inside_a_batch_never_culls_it ... ok
test render::tests::a_fixture_face_can_glow_independently_of_its_light ... ok
test render::tests::a_fixture_face_is_texture_first_and_never_repainted_by_the_light_colour ... ok
test render::tests::a_floating_duck_never_becomes_a_character ... ok
test render::tests::a_floor_decal_stays_flat_and_rotates_in_its_plane ... ok
test render::common::props::lighting_reuse_tests::seam_vertices_keep_exact_colours_and_uvs_across_instances ... ok
test render::tests::a_floor_patch_keeps_its_exact_edges_without_a_second_slab ... ok
test render::tests::a_full_height_partition_does_not_emit_the_wall_face_hidden_behind_it ... ok
test render::tests::a_per_surface_shine_override_reaches_the_batch_key ... ok
test render::tests::a_floating_prop_is_skipped_by_the_static_path_and_never_drops_a_box ... ok
test render::tests::a_range_bounds_is_never_empty_and_never_contains_nan ... ok
test render::tests::a_room_without_fixtures_stays_visible_and_within_range ... ok
test render::tests::a_scrub_cue_reverses_from_the_current_pose_and_holds_its_ends ... ok
test render::tests::a_placed_spooner_man_becomes_a_character_and_a_chair_does_not ... ok
test render::tests::a_second_instance_of_a_multi_material_prop_still_batches ... ok
test render::tests::a_single_range_larger_than_the_index_space_is_split_not_wrapped ... ok
test render::tests::a_small_level_stays_a_small_number_of_batches ... ok
test render::common::api::tests::bounded_chart_workers_match_serial_atlas_and_handle_cancellation ... ok
test render::tests::a_tall_chamber_with_lightmaps_off_is_still_lit_by_its_panel ... ok
test render::tests::a_two_material_prop_becomes_two_draw_ranges_with_two_textures ... ok
test render::tests::a_vertex_lit_build_is_identical_across_quality_levels ... ok
test render::tests::a_wall_decal_lies_on_its_wall_plane_lifted_by_the_decal_offset ... ok
test render::tests::a_wall_end_abutting_an_opening_keeps_its_exposed_reveal ... ok
test render::tests::a_wall_with_no_twin_is_emitted_exactly_as_authored ... ok
test render::tests::a_second_bake_of_the_same_level_is_bit_identical ... ok
test render::tests::a_water_volume_draws_one_translucent_surface_quad ... ok
test render::tests::a_water_volume_honours_its_opacity_and_material ... ok
test render::tests::an_empty_material_id_emits_a_bare_key_not_an_arbitrary_material ... ok
test render::tests::an_idle_rigid_prop_holds_its_bind_pose ... ok
test render::tests::an_overlay_only_covers_a_hole_when_it_is_solid_there ... ok
test render::tests::a_lightmapped_build_keeps_its_architectural_vertex_colours_independent_of_fixture_brightness ... ok
test render::tests::atlas_overflow_rebuilds_with_vertex_lighting ... ok
test render::tests::coincident_overlay_walls_become_one_surface_with_material_runs ... ok
test render::tests::decal_rotation_is_a_pure_in_plane_spin ... ok
test render::tests::decals_are_lit_by_the_rooms_own_baked_light ... ok
test render::tests::decals_are_the_last_static_kind_and_keep_the_world_families ... ok
test render::tests::decals_tucked_into_a_corner_keep_their_offsets ... ok
test render::tests::emission_routing_follows_the_surface_kind ... ok
test render::tests::every_decal_material_resolves_to_one_sheet_slot ... ok
test render::tests::every_decal_surface_lifts_its_marking_by_the_shared_offset ... ok
test render::tests::every_fixture_family_has_a_stable_sheet_slot ... ok
test render::tests::a_warm_lightmap_cache_reproduces_the_cold_atlas_exactly ... ok
test render::tests::a_tall_chamber_receives_per_texel_light_from_a_directional_ceiling_fixture ... ok
test render::tests::every_material_property_resolves_into_the_renderers_per_material_state ... ok
test render::tests::every_range_bounds_contains_its_own_vertices ... ok
test render::tests::every_range_is_indexed_correctly_and_keeps_its_own_vertex_block ... ok
test render::tests::every_window_cap_spans_its_opening_in_world_space ... ok
test render::tests::external_decal_sheets_pin_their_world_orientation ... ok
test render::tests::extreemely_distant_geometry_is_culled_by_the_far_plane ... ok
test render::tests::fixture_faces_carry_their_own_family_sheet_and_the_housing_stays_bare ... ok
test render::tests::fixture_sheets_are_fitted_once_and_keep_their_aspect ... ok
test render::tests::floors_are_lit_by_the_baseline_and_the_local_fixture_pool ... ok
test render::tests::generated_decal_atlas_cells_match_their_sheet_slots ... ok
test render::tests::graphics_rebuild_preserves_each_characters_live_playback_by_instance_id ... ok
test render::tests::indexing_shrinks_static_geometry_without_losing_triangles ... ok
test render::tests::lightmapped_vertex_colours_carry_tint_and_face_shade_only ... ok
test lighting_audit::group_r_repeated_builds_are_bit_identical ... ok
test render::tests::looking_straight_up_or_down_still_sees_the_room_shell ... ok
test render::tests::malformed_decals_never_emit_geometry ... ok
test render::tests::malformed_geometry_never_reaches_the_vertex_buffer ... ok
test render::tests::material_ids_resolve_to_their_own_keys_tiling_and_tint ... ok
test render::tests::negative_and_extreme_level_coordinates_still_batch_and_cull ... ok
test render::tests::non_indexed_submission_duplicates_prop_vertices ... ok
test render::tests::overlapping_rooms_and_sunken_props_keep_every_cell_cullable ... ok
test render::tests::placeholder_prop_box_faces_point_out_of_the_box ... ok
test render::tests::placeholder_prop_boxes_receive_the_environment_lighting ... ok
test render::tests::prop_transforms_follow_position_rotation_scale_and_vertical_offset ... ok
test render::tests::props_intersecting_a_wall_keep_their_own_cell_bounds ... ok
test render::tests::real_prop_geometry_replaces_the_placeholder_box ... ok
test render::tests::real_props_are_lit_per_vertex_and_stay_batched ... ok
test render::tests::repeated_instances_share_one_batch_and_reuse_the_model ... ok
test render::tests::room_material_overrides_pick_the_damaged_sheets_for_that_room_only ... ok
test render::tests::rotated_decals_keep_the_full_normal_offset ... ok
test render::tests::surface_shine_quantises_to_whole_percent_and_inverts_the_roughness ... ok
test render::tests::test_a_resize_updates_scene_and_bloom_targets ... ok
test render::tests::test_build_geometry_from_test_room ... ok
test loader::tests::test_the_official_demo_exercises_every_showcased_feature ... ok
test render::tests::test_carpet_png_has_no_metre_checker ... ok
test render::tests::test_drawable_aspect_ratio ... ok
test render::tests::test_elevated_room_shifts_floor_and_ceiling_together ... ok
test render::tests::test_floor_geometry_does_not_scale_with_room_area ... ok
test render::tests::test_framebuffer_size_changes_update_scale ... ok
test render::tests::test_gable_ceiling_is_real_sloped_geometry ... ok
test render::tests::test_gable_end_wall_follows_the_sloped_ceiling ... ok
test render::tests::test_geometry_without_openings_contains_floor_ceiling_and_wall_batches ... ok
test render::tests::test_hidpi_1080p_window_renders_through_the_drawable_path ... ok
test render::tests::test_hidpi_uses_physical_pixels_not_logical_size ... ok
test render::tests::test_horizontal_decals_follow_the_real_surface_height ... ok
test render::tests::test_prop_batch_is_populated_for_one_prop ... ok
test render::tests::test_prop_catalog_supplies_size_and_colour ... ok
test render::tests::test_props_stand_on_the_local_walkable_floor ... ok
test render::tests::test_props_with_invalid_extents_are_skipped ... ok
test render::tests::test_recessed_region_emits_a_lowered_slab_and_real_transition_faces ... ok
test render::tests::test_shallow_region_transition_faces_still_render ... ok
test loader::tests::test_prepared_demo_baseboard_geometry_sits_at_floor_level ... ok
test render::tests::test_shipped_surface_textures_tile ... ok
test render::tests::test_taller_displays_preserve_horizontal_view ... ok
test render::tests::test_the_home_showcase_architecture_is_well_formed ... ok
test render::tests::test_shipped_texture_assets_are_opaque_and_within_budget ... ok
test render::tests::test_the_home_showcase_draws_every_architectural_material ... ok
test render::tests::test_ui_viewport_baseline_is_identity ... ok
test render::tests::test_ui_viewport_is_uniform_and_centred ... ok
test render::tests::test_vertical_diagnostic_geometry_has_no_degenerate_or_misoriented_faces ... ok
test render::tests::test_vertical_fov_baseline_is_identity ... ok
test render::tests::test_vertical_fov_handles_degenerate_aspects ... ok
test render::tests::test_wall_with_doorway_emits_more_wall_quads ... ok
test render::tests::test_wall_with_window_emits_sill_and_header_faces ... ok
test render::tests::test_wall_without_openings_emits_four_faces ... ok
test render::tests::test_walls_follow_the_local_ceiling_when_their_origin_is_not_at_zero ... ok
test render::tests::test_wider_displays_expand_horizontally ... ok
test render::tests::test_world_faces_wind_outward ... ok
test render::tests::test_z_axis_wall_geometry_runs_along_z ... ok
test render::tests::test_zero_sized_drawable_is_empty_and_safe ... ok
test render::tests::the_cutout_and_translucent_materials_are_built_but_never_blended_together ... ok
test render::tests::the_decal_depth_bias_is_deterministic_and_sub_visible ... ok
test geometry_check::tests::the_shipped_demo_has_no_confirmed_defects has been running for over 60 seconds
test lighting::bake::range_audit::baked_light_range_audit_report has been running for over 60 seconds
test lighting::lightmap::continuity::a_wall_run_across_a_room_boundary_does_not_step has been running for over 60 seconds
test render::tests::test_build_geometry_from_the_shipped_demo ... ok
test lighting::lightmap::tests::the_shipped_demo_fits_the_page_budget_at_both_profiles has been running for over 60 seconds
test render::tests::every_level_shares_the_patch_set_at_different_densities ... ok
test lighting::lightmap::tests::the_three_storey_tower_needs_the_raised_page_budget has been running for over 60 seconds
test render::tests::test_the_home_showcase_bakes_lightmaps_with_every_surface_vertex_charted ... ok
test render::tests::the_demo_authors_water_over_the_basin_and_the_walk_in_step ... ok
test render::tests::lightmaps_off_reproduces_the_historical_vertex_lit_mesh ... ok
test render::tests::the_demos_matte_linoleum_keeps_its_probe_and_its_material_default ... ok
test render::tests::the_dynamic_demonstration_drum_spins_inside_the_static_machine ... ok
test render::tests::atlas_bytes_match_the_fill_pass_exactly has been running for over 60 seconds
test render::tests::every_lightmapped_vertex_uv_lands_on_its_own_chart_corner has been running for over 60 seconds
test render::tests::the_dynamic_demonstration_machine_stays_a_static_prop ... ok
test render::tests::the_neutral_resolver_applies_material_defaults ... ok
test render::tests::the_neutral_resolver_lets_the_shine_override_win_and_keeps_the_material_otherwise ... ok
test render::tests::the_neutral_resolver_treats_a_fixture_or_decal_key_as_plain ... ok
test render::tests::the_neutral_resolver_zeroes_the_response_and_reflection_strength_on_a_gated_profile ... ok
test render::tests::the_office_panel_emits_a_real_housing_and_one_emissive_diffuser ... ok
test render::tests::the_opaque_cutout_and_translucent_passes_are_decided_by_the_material ... ok
test render::tests::the_packer_keeps_every_range_inside_16_bit_indices ... ok
test render::tests::the_places_demo_level_places_its_animated_props_once ... ok
test render::tests::the_post_process_fallback_is_the_historical_presentation ... ok
test render::tests::the_real_prop_batches_carry_bounds_and_split_by_cell ... ok
test render::tests::the_round_diffuser_ring_has_no_uv_seam ... ok
test render::tests::the_same_level_always_splits_into_the_same_batches ... ok
test render::tests::the_scene_projection_uses_the_full_depth_buffer ... ok
test render::tests::the_scene_target_size_follows_the_drawable_and_the_level ... ok
test render::tests::the_shipped_demo_and_the_rendering_fixture_resolve_their_stain_overlays ... ok
test render::tests::the_shipped_mannequin_selects_its_poses_through_cues ... ok
test render::tests::the_shipped_rat_walks_and_runs_with_declared_reference_speeds ... ok
test render::tests::the_shipped_skeleton_sits_through_its_pose_cues ... ok
test render::tests::the_showcase_level_renders_every_core_prop_with_real_geometry ... ok
test render::tests::the_static_path_still_bakes_the_spooner_man_bind_pose ... ok
test render::tests::the_stress_level_batches_repeats_into_one_draw_per_model_and_cell ... ok
test render::tests::the_surface_frame_follows_the_uv_orientation_and_flips_with_mirrored_uvs ... ok
test render::tests::the_unit_quantiser_clamps_instead_of_wrapping ... ok
test render::tests::the_unit_quantiser_is_accurate_at_the_lighting_extremes_and_in_between ... ok
test render::tests::the_unit_quantiser_preserves_alpha_for_props_and_the_hud ... ok
test render::tests::turning_the_camera_away_rejects_an_entire_cluster ... ok
test render::tests::two_placed_characters_follow_independent_entity_frames ... ok
test render::tests::unknown_decal_materials_are_skipped_without_failing_the_build ... ok
test render::tests::vertically_offset_props_sample_their_true_world_position ... ok
test render::tests::wall_faces_vary_with_the_baked_lighting ... ok
test render::tests::wall_material_and_face_overrides_apply_only_to_the_faces_they_name ... ok
test render::tests::wall_reveals_and_ends_face_out_of_the_solid_on_both_axes ... FAILED
test render::tests::water_is_ordered_with_the_other_translucent_surfaces ... ok
test render::wgpu::character::tests::an_empty_scene_reports_nothing ... ok
test render::wgpu::decals::tests::a_decal_range_packs_one_draw_with_its_sheet_and_bounds ... ok
test render::wgpu::decals::tests::a_range_samples_its_atlas_cell_or_the_whole_external_sheet ... ok
test render::wgpu::decals::tests::an_empty_or_decal_less_mesh_packs_no_draws_and_no_chunks ... ok
test render::wgpu::decals::tests::decal_sheets_sample_display_space_bytes_like_the_reference ... ok
test render::wgpu::decals::tests::decal_vertices_reach_the_gpu_layout_field_for_field ... ok
test render::wgpu::decals::tests::sheet_indices_address_the_atlas_then_each_external_sheet ... ok
test render::wgpu::decals::tests::the_decal_fragment_tests_texture_alpha_and_converts_the_product_once ... ok
test render::wgpu::decals::tests::the_decal_shader_declares_the_camera_and_the_sheet_bindings ... ok
test render::wgpu::decals::tests::the_depth_bias_maps_gl_polygon_offset_towards_the_camera ... ok
test render::wgpu::decals::tests::the_generated_atlas_fits_every_level_budget ... ok
test render::wgpu::decals::tests::the_mip_chain_stops_at_one_by_one_and_halves_every_level ... ok
test render::wgpu::dynamic::tests::an_empty_scene_reports_nothing ... ok
test render::wgpu::environment::tests::a_disabled_atlas_sets_the_switch_to_zero ... ok
test render::wgpu::environment::tests::the_static_environment_is_unit_scale_and_fogged ... ok
test render::wgpu::lightmap::tests::a_page_set_that_cannot_share_one_array_reports_no_pages ... ok
test render::wgpu::lightmap::tests::a_truncated_page_is_padded_with_white_never_uninitialized ... ok
test render::wgpu::lightmap::tests::an_upload_fallback_never_rebakes_a_plan_failure ... ok
test render::wgpu::lightmap::tests::array_upload_stats_count_pages_texels_and_resident_bytes ... ok
test render::wgpu::lightmap::tests::no_atlas_reports_zero_pages_and_the_full_capacity ... ok
test render::wgpu::lightmap::tests::rgb8_pages_convert_to_opaque_rgba_in_texel_order ... ok
test render::wgpu::lightmap::tests::the_array_contract_is_eight_layers_at_every_profile ... ok
test render::wgpu::lightmap::tests::the_page_format_is_raw_rgba8_linear ... ok
test render::wgpu::material::tests::a_gated_material_never_sets_a_reflection_mode ... ok
test render::wgpu::material::tests::a_normal_mapped_reflective_state_sets_its_bits ... ok
test render::wgpu::material::tests::a_numeric_shine_override_that_matches_no_other_still_splits ... ok
test render::wgpu::material::tests::a_plain_state_packs_to_a_gated_opaque_record ... ok
test render::wgpu::material::tests::a_stale_normal_index_falls_back_with_the_gate_off ... ok
test render::wgpu::material::tests::equal_identities_dedupe_and_overrides_do_not ... ok
test render::wgpu::material::tests::the_flag_bits_are_the_documented_ones ... ok
test render::wgpu::material::tests::the_key_is_material_and_shine_only ... ok
test render::wgpu::material::tests::the_material_uniform_layout_matches_the_declared_offsets ... ok
test render::wgpu::material::tests::the_profile_gate_clears_the_response_and_reflection_eligibility ... ok
test render::wgpu::material::tests::the_reflection_mode_rule_matches_the_reference_gates ... ok
test render::wgpu::postprocess::tests::identity_settings_take_the_present_copy ... ok
test render::wgpu::postprocess::tests::resolve_maths_mirror_the_shader ... ok
test render::wgpu::postprocess::tests::target_sizes_follow_the_level_and_never_upscale ... ok
test render::wgpu::postprocess::tests::the_bloom_chain_is_raw_display_space ... ok
test render::wgpu::postprocess::tests::the_blur_kernel_is_the_reference_five_tap ... ok
test render::wgpu::postprocess::tests::the_blur_steps_one_source_texel ... ok
test render::wgpu::postprocess::tests::the_default_stats_are_an_empty_uncreated_set ... ok
test render::wgpu::postprocess::tests::the_present_quad_is_the_reference_data ... ok
test render::wgpu::postprocess::tests::the_present_wgsl_is_the_reference_copy ... ok
test render::wgpu::postprocess::tests::the_resolve_wgsl_is_the_reference_expression ... ok
test render::wgpu::postprocess::tests::the_scene_target_is_raw_display_space ... ok
test render::wgpu::postprocess::tests::the_uniform_layouts_are_aligned_slots ... ok
test render::wgpu::postprocess::tests::the_wgsl_declares_the_bindings_the_layouts_use ... ok
test render::wgpu::props::tests::an_empty_batch_list_uploads_nothing ... ok
test render::wgpu::props::tests::the_world_vertex_carries_the_prop_vertex_field_for_field ... ok
test render::wgpu::reflections::tests::a_capture_frame_extracts_a_matching_frustum ... ok
test render::wgpu::reflections::tests::a_probe_bakes_above_the_surface_that_asked_for_it ... ok
test render::wgpu::reflections::tests::a_probe_face_looks_along_its_direction ... ok
test render::wgpu::reflections::tests::the_cube_round_trip_matches_the_reference_face_convention ... ignored, requires a GPU adapter
test render::wgpu::reflections::tests::the_planar_matrix_is_the_reference_mirror_composition ... ok
test render::wgpu::reflections::tests::the_planar_target_is_half_the_render_size ... ok
test render::wgpu::reflections::tests::the_probe_face_set_is_the_reference_cube ... ok
test render::wgpu::reflections::tests::the_probe_face_size_follows_the_reflections_setting ... ok
test render::wgpu::reflections::tests::the_probe_projection_is_ninety_degrees_square ... ok
test render::wgpu::reflections::tests::the_reflection_format_is_raw_display_space ... ok
test render::wgpu::renderer::tests::a_bloom_only_change_is_zero_work ... ok
test render::wgpu::renderer::tests::a_combined_change_is_classified_in_one_diff ... ok
test render::wgpu::renderer::tests::a_filtering_only_change_is_zero_work ... ok
test render::wgpu::renderer::tests::a_forced_first_upload_asks_for_everything ... ok
test render::wgpu::renderer::tests::a_lightmap_only_change_needs_one_build_and_no_texture_refit ... ok
test render::wgpu::renderer::tests::a_quality_only_change_reuses_the_retained_build ... ok
test render::wgpu::renderer::tests::a_reflection_only_change_needs_no_build_and_no_texture_refit ... ok
test render::wgpu::renderer::tests::an_unchanged_configuration_has_an_empty_delta ... ok
test render::wgpu::renderer::tests::every_override_combination_is_classified_once ... ok
test render::wgpu::surface::tests::a_surface_without_an_srgb_format_falls_back_to_what_it_reports ... ok
test render::wgpu::surface::tests::a_surface_without_immediate_keeps_the_synchronized_path ... ok
test render::wgpu::surface::tests::an_opaque_surface_is_preferred_with_a_defined_fallback ... ok
test render::wgpu::surface::tests::the_clear_colours_are_the_reference_display_value_in_both_spaces ... ok
test render::wgpu::surface::tests::the_depth_format_really_is_a_depth_format ... ok
test render::wgpu::surface::tests::the_native_backend_is_the_one_this_platform_ships ... ok
test render::wgpu::surface::tests::the_preferred_srgb_format_wins_when_supported ... ok
test render::wgpu::surface::tests::the_recovery_policy_covers_every_surface_status ... ok
test render::wgpu::surface::tests::the_second_preference_is_used_without_the_first ... ok
test render::wgpu::surface::tests::vsync_selects_the_synchronized_path ... ok
test render::wgpu::texture::image_identity_tests::embedded_identity_tracks_dimensions_and_every_channel ... ok
test render::wgpu::texture::tests::a_constant_image_has_a_constant_chain ... ok
test render::wgpu::texture::tests::a_wrap_selects_the_matching_sampler_policy_at_every_level ... ok
test render::wgpu::texture::tests::an_unsupported_adapter_clamps_only_the_world_presets_to_one ... ok
test render::wgpu::texture::tests::each_filtering_level_selects_its_own_linear_policy_and_anisotropy ... ok
test render::wgpu::texture::tests::every_policy_has_a_distinct_stable_label ... ok
test render::wgpu::texture::tests::every_semantic_samples_raw_display_space ... ok
test render::wgpu::texture::tests::halving_an_odd_image_clamps_the_edge_block ... ok
test render::wgpu::texture::tests::halving_averages_each_two_by_two_block ... ok
test render::wgpu::texture::tests::halving_one_by_one_is_idempotent ... ok
test render::wgpu::texture::tests::prepared_textures_match_the_serial_fit_and_chain ... ok
test render::wgpu::texture::tests::rows_are_tightly_packed_and_never_padded ... ok
test render::wgpu::texture::tests::the_embedded_fallback_is_the_committed_asset ... ok
test render::wgpu::texture::tests::the_fallback_is_the_committed_white_sheet ... ok
test render::wgpu::texture::tests::the_fallback_sheet_binds_the_same_clamped_nearest_policy_at_every_level ... ok
test render::wgpu::texture::tests::the_filtering_setting_parses_the_three_levels_and_legacy_names ... ok
test render::wgpu::texture::tests::the_mip_chain_stops_at_one_by_one_and_halves_every_level ... ok
test render::wgpu::texture::tests::the_mip_count_is_the_full_chain_down_to_one_texel ... ok
test render::wgpu::texture::tests::the_parallel_preparation_matches_the_serial_chain_in_request_order ... ok
test render::wgpu::texture::tests::the_repeating_policies_repeat_and_the_clamped_policies_clamp ... ok
test render::wgpu::texture::tests::the_resident_byte_count_covers_every_level ... ok
test render::wgpu::texture::tests::the_row_slice_halving_matches_the_reference_on_ragged_and_degenerate_input ... ok
test render::wgpu::texture::tests::the_row_slice_halving_matches_the_texel_reference_on_every_shape ... ok
test render::wgpu::texture::tests::the_specialized_policies_never_take_a_world_preset ... ok
test render::wgpu::texture::tests::the_srgb_sample_round_trip_is_measured_on_this_adapter ... ignored, requires a GPU adapter
test render::wgpu::texture::tests::the_texture_key_separates_semantic_class_and_level ... ok
test render::wgpu::ui::tests::a_zero_size_drawable_or_empty_list_draws_nothing ... ok
test render::wgpu::ui::tests::the_blend_is_the_reference_blend_func_on_colour_and_alpha ... ok
test render::wgpu::ui::tests::the_camera_uniform_matches_the_ui_shader_layout ... ok
test render::wgpu::ui::tests::the_clip_correction_touches_z_alone ... ok
test render::wgpu::ui::tests::the_font_atlas_is_display_space_nearest_and_clamped ... ok
test render::wgpu::ui::tests::the_ui_ortho_maps_the_reference_corners_top_left_first ... ok
test render::wgpu::ui::tests::the_ui_shader_is_the_plain_ui_contract ... ok
test render::wgpu::ui::tests::the_ui_viewport_is_the_neutral_centred_region_as_f32 ... ok
test render::wgpu::world::tests::a_drawable_size_change_only_changes_the_projection ... ok
test render::wgpu::world::tests::a_flat_normal_map_leaves_the_geometric_normal_unchanged ... ok
test render::wgpu::world::tests::a_floor_quad_is_front_facing_from_above_and_back_facing_from_below ... ok
test render::wgpu::world::tests::a_known_tangent_space_sample_reconstructs_the_expected_world_normal ... ok
test render::wgpu::world::tests::a_packed_draw_keeps_its_range_material_key ... ok
test render::wgpu::world::tests::a_per_surface_shine_override_reaches_the_draw ... ok
test render::wgpu::world::tests::a_renderer_neutral_vertex_converts_field_for_field ... ok
test render::tests::the_demo_bakes_inside_the_page_budget_on_every_level has been running for over 60 seconds
test render::wgpu::world::tests::a_shipped_material_resolves_through_its_texture_slot ... FAILED
test render::wgpu::world::tests::a_still_camera_skips_the_uniform_write_but_an_eye_move_does_not ... ok
test render::wgpu::world::tests::a_wall_face_is_front_facing_from_the_room_it_looks_into ... ok
test render::wgpu::world::tests::a_zero_opacity_blend_material_stays_opaque ... ok
test render::wgpu::world::tests::a_zero_strength_gates_the_normal_map_entirely ... ok
test render::wgpu::world::tests::alpha_never_passes_through_the_colour_transfer_functions ... ok
test render::wgpu::world::tests::an_empty_material_key_never_indexes_the_texture_table ... ok
test render::wgpu::world::tests::an_empty_or_decal_only_world_packs_to_nothing ... ok
test render::wgpu::world::tests::only_architectural_surfaces_with_a_real_material_resolve_a_base_texture ... ok
test render::wgpu::world::tests::packing_covers_every_selected_index_exactly_once ... ok
test render::wgpu::world::tests::strength_scaling_happens_before_the_final_normalization ... ok
test render::wgpu::world::tests::the_camera_uniform_matches_the_wgsl_uniform_layout ... ok
test render::wgpu::world::tests::the_clip_correction_maps_gl_depth_onto_the_wgpu_range ... ok
test render::wgpu::world::tests::the_clip_correction_never_mirrors_x_or_y ... ok
test render::wgpu::world::tests::the_display_space_assembly_adds_the_sheen_before_one_conversion ... ok
test render::wgpu::world::tests::the_display_space_material_multiply_matches_the_reference_values ... ok
test render::wgpu::world::tests::the_display_space_product_rounds_to_the_reference_byte ... ok
test render::wgpu::world::tests::the_draw_bounds_come_from_the_neutral_range ... ok
test render::wgpu::world::tests::the_environment_uniform_matches_the_wgsl_layout ... ok
test render::wgpu::world::tests::the_family_breakdown_counts_draws_per_surface_kind ... ok
test render::wgpu::world::tests::the_five_pipelines_declare_the_reference_material_states ... ok
test render::wgpu::world::tests::the_fog_term_is_the_reference_formula ... ok
test render::wgpu::world::tests::the_light_seam_selects_pages_and_falls_back_like_the_reference ... ok
test render::wgpu::world::tests::the_planar_sampling_is_the_reference_projection_with_the_capture_flip ... ok
test render::wgpu::world::tests::the_sheen_matches_the_reference_equation_and_gate ... ok
test render::wgpu::world::tests::the_sheen_matches_the_reference_formula_on_a_tilted_normal ... ok
test render::wgpu::world::tests::the_sheen_uses_the_prepared_material_normal ... ok
test render::tests::the_demo_bakes_lightmaps_with_every_surface_vertex_charted has been running for over 60 seconds
test render::tests::the_demo_glazes_every_window_and_classifies_the_panes_translucent has been running for over 60 seconds
test render::tests::the_demo_routes_its_reflective_materials_to_a_plane_and_a_probe has been running for over 60 seconds
test render::wgpu::world::tests::the_shipped_demo_resolves_every_architectural_draw_to_a_base_texture ... ok
test render::wgpu::world::tests::the_shipped_demo_uploads_every_static_world_index_exactly_once ... ok
test render::wgpu::world::tests::the_unlit_bypass_survives_only_for_a_white_vertex_unit_light_and_no_sheen ... ok
test geometry_check::tests::the_shipped_demo_has_no_confirmed_defects ... ok
test render::wgpu::world::tests::the_vertex_lit_bake_dims_the_material_factor_and_subdivides_the_grid ... ok
test render::wgpu::world::tests::the_world_draw_set_includes_cutout_and_translucent_materials ... ok
test render::wgpu::world::tests::the_world_draw_set_keeps_every_static_family_but_decals ... ok
test render::wgpu::world::tests::the_world_frame_uses_the_places_camera_and_full_depth_range ... ok
test render::wgpu::world::tests::the_world_shader_binds_a_base_texture_and_sampler_at_group_one ... ok
test render::wgpu::world::tests::the_world_shader_binds_the_material_at_group_two ... ok
test render::wgpu::world::tests::the_world_shader_declares_the_lightmap_light_seam ... ok
test render::wgpu::world::tests::the_world_shader_declares_the_material_uniform_layout ... ok
test render::wgpu::world::tests::the_world_shader_has_the_two_fragment_entry_points ... ok
test render::wgpu::world::tests::the_world_shader_reproduces_the_reference_material_math ... ok
test render::wgpu::world::tests::the_world_shader_samples_display_space_and_converts_once ... ok
test render::wgpu::world::tests::the_world_vertex_is_sixty_four_bytes_with_the_declared_attributes ... ok
test render::wgpu::world::tests::translucent_draws_sort_farthest_first_and_skip_opaque_ranges ... ok
test render::wgpu::world::tests::translucent_order_ignores_empty_ranges ... ok
test render::wgpu::world::tests::translucent_ties_keep_the_packed_order ... ok
test settings::tests::interact_binding_serde_compatibility ... ok
test settings::tests::interact_migration_never_overwrites_a_customized_e_binding ... ok
test settings::tests::jump_binding_serde_compatibility ... ok
test settings::tests::mouse_sensitivity_is_sanitized_into_its_documented_range ... ok
test settings::tests::test_a_valid_older_advanced_file_is_not_renamed ... ok
test settings::tests::test_action_labels_are_player_facing ... ok
test settings::tests::test_adopting_the_real_window_size_never_invents_a_larger_one ... ok
test settings::tests::test_advanced_overrides_never_change_the_quality_label ... ok
test settings::tests::test_advanced_overrides_persist_round_trip ... ok
test settings::tests::test_advanced_setters_clear_their_startup_override ... ok
test settings::tests::test_bench_graphics_cycle_grammar ... ok
test settings::tests::test_binding_conflict_detection ... ok
test settings::tests::test_default_action_map_is_wasd_and_arrows_only ... ok
test settings::tests::test_default_wasd_and_arrow_bindings ... ok
test settings::tests::test_display_values_are_sanitized ... ok
test settings::tests::test_ensure_saved_writes_defaults_only_once ... ok
test settings::tests::test_graphics_settings_are_independent ... ok
test settings::tests::test_legacy_boolean_advanced_values_map_to_full_and_off ... ok
test settings::tests::test_legacy_filtering_is_preserved_while_missing_advanced_keys_derive ... ok
test settings::tests::test_legacy_settings_files_receive_modern_defaults ... ok
test settings::tests::test_malformed_settings_file_is_preserved_and_recovered ... ok
test settings::tests::test_missing_advanced_keys_derive_from_the_saved_quality ... ok
test settings::tests::test_missing_or_invalid_preferences_fallback ... ok
test settings::tests::test_new_preferences_persist_round_trip ... ok
test settings::tests::test_quality_and_filtering_persist_round_trip ... ok
test settings::tests::test_quality_and_texture_filtering_are_independent ... ok
test settings::tests::test_quality_cascades_the_advanced_presets_and_requests_one_graphics_apply ... ok
test settings::tests::test_quality_defaults_validates_and_round_trips ... ok
test settings::tests::test_reselecting_the_same_value_is_inert ... ok
test settings::tests::test_reset_to_defaults_restores_wasd_and_arrows ... ok
test settings::tests::test_restore_defaults_resets_display_and_graphics ... ok
test settings::tests::test_sanitize_repairs_reserved_empty_and_duplicate_bindings ... ok
test settings::tests::test_settings_bounds_sanitization ... ok
test settings::tests::test_settings_persistence ... ok
test settings::tests::test_startup_overrides_outrank_saved_values_until_changed ... ok
test settings::tests::test_texture_filtering_defaults_and_legacy_names ... ok
test settings::tests::test_texture_filtering_step_cycles_low_medium_high_both_ways ... ok
test settings::tests::test_the_default_window_is_1920x1080 ... ok
test settings::tests::test_the_quality_preset_mapping_table_is_exact ... ok
test spatial::tests::a_box_far_outside_the_lateral_planes_is_culled ... ok
test spatial::tests::a_box_straight_ahead_is_visible_and_the_same_box_behind_is_culled ... ok
test spatial::tests::a_box_the_camera_is_inside_is_never_culled ... ok
test spatial::tests::a_box_touching_a_plane_is_kept ... ok
test spatial::tests::a_huge_box_crossing_the_frustum_is_never_culled ... ok
test spatial::tests::a_per_axis_grid_keys_each_axis_independently ... ok
test spatial::tests::a_range_is_split_before_it_overflows_16_bit_indices ... ok
test spatial::tests::a_trailing_partial_quad_is_kept_rather_than_dropped ... ok
test spatial::tests::a_zero_area_box_is_treated_as_invisible ... ok
test spatial::tests::add_run_keeps_a_prop_box_in_one_piece_across_a_cell_boundary ... ok
test spatial::tests::bounds_union_and_centre ... ok
test spatial::tests::cell_order_is_sorted_rather_than_insertion_order ... ok
test spatial::tests::cells_are_stable_for_negative_and_extreme_coordinates ... ok
test spatial::tests::empty_bounds_are_empty_and_never_grow_from_non_finite_input ... ok
test spatial::tests::indexed_draining_is_deterministic ... ok
test spatial::tests::indexing_keeps_triangles_in_the_same_winding ... ok
test spatial::tests::indexing_never_merges_vertices_that_differ_in_any_attribute ... ok
test spatial::tests::indexing_never_merges_vertices_that_differ_in_baked_lighting ... ok
test spatial::tests::indexing_turns_six_vertices_per_quad_into_four ... ok
test spatial::tests::pitch_and_yaw_rotate_the_visible_set ... ok
test spatial::tests::quads_are_routed_to_their_own_cells_and_keep_every_vertex ... ok
test spatial::tests::the_adaptive_grid_keeps_the_cell_count_bounded ... ok
test spatial::tests::the_explicit_override_is_not_clamped_to_the_adaptive_range ... ok
test surface_audit::a_chain_of_doorways_has_one_floor_owner_per_threshold ... ok
test surface_audit::a_coalesced_groups_interior_step_emits_no_cap_pair ... ok
test surface_audit::a_doorway_close_to_a_room_corner_is_clean ... ok
test surface_audit::a_doorway_threshold_is_covered_by_exactly_one_floor_surface ... ok
test surface_audit::a_raised_threshold_region_does_not_duplicate_the_floor ... ok
test surface_audit::a_same_material_doorway_is_owned_by_exactly_one_floor_surface ... ok
test surface_audit::a_sill_over_a_lower_floor_keeps_its_exposed_ledge ... ok
test surface_audit::a_wall_end_abutting_another_wall_emits_no_hidden_face ... ok
test surface_audit::adjacent_rooms_with_different_floor_materials_do_not_overlap ... ok
test surface_audit::coincident_walls_with_different_vertical_extents_emit_one_surface ... ok
test surface_audit::decals_are_offset_from_the_surface_they_mark_by_the_shared_bias ... ok
test surface_audit::different_floor_materials_transition_at_the_shared_boundary ... ok
test surface_audit::different_room_dimensions_still_own_the_threshold_once ... ok
test surface_audit::doorways_work_on_both_wall_orientations ... ok
test surface_audit::every_shipped_demo_decal_owns_its_depth_plane ... ok
test surface_audit::intentionally_overlapping_rooms_still_emit_both_floors ... ok
test surface_audit::multiple_doorways_keep_one_floor_owner_each ... ok
test surface_audit::multiple_openings_on_one_wall_keep_one_surface_per_span ... ok
test surface_audit::places_demo_doorway_thresholds_are_owned_once ... ok
test surface_audit::the_decal_depth_solution_is_sub_visible_and_resolvable_where_it_matters ... ok
test render::wgpu::world::tests::the_vertex_lit_build_matches_the_reference_mesh ... ok
test surface_audit::the_home_showcase_has_no_coincident_architecture_surfaces ... ok
test surface_audit::wide_and_narrow_doorways_are_clean ... ok
test surface_audit::z_axis_wall_caps_face_out_of_the_wall_solid ... ok
test ui::tests::bloom_toggles_immediately_and_independently_of_the_quality_level ... ok
test ui::tests::display_and_vsync_changes_ask_the_window_backend_to_reapply ... ok
test ui::tests::enter_toggles_the_advanced_group_and_left_right_is_ignored ... ok
test ui::tests::every_page_generates_exactly_the_rows_it_declares ... ok
test ui::tests::every_screen_draws_inside_the_reference_frame ... ok
test ui::tests::every_settings_row_activates_without_breaking_the_settings ... ok
test ui::tests::fit_text_truncates_without_exceeding_its_budget ... ok
test ui::tests::restore_defaults_resets_every_persisted_preference_and_requests_every_apply ... ok
test ui::tests::status_messages_carry_their_own_error_flag ... ok
test ui::tests::text_width_counts_every_glyph_including_spaces_and_unknowns ... ok
test ui::tests::the_advanced_group_starts_collapsed ... ok
test ui::tests::the_advanced_selectors_cycle_all_three_values ... ok
test ui::tests::the_controls_page_shows_jump_and_mouse_sensitivity ... ok
test ui::tests::the_controls_page_shows_the_authoritative_bindings ... ok
test ui::tests::the_expanded_advanced_rows_show_only_player_facing_values ... ok
test ui::tests::the_filtering_selector_cycles_low_medium_high_independently ... ok
test ui::tests::the_menu_shows_effective_values_not_stale_saved_ones ... ok
test ui::tests::the_quality_selector_cycles_low_medium_high_and_requests_a_graphics ... ok
test ui::tests::the_rebind_prompt_fits_the_panel_for_every_action ... ok
test ui::tests::vsync_is_applied_immediately_rather_than_at_restart ... ok
test zoo_audit::the_dense_capacity_fixture_holds_and_collides_at_scale ... ok
test zoo_audit::the_raised_caps_accept_content_past_the_old_boundary ... ok
test zoo_audit::the_sparse_capacity_fixture_works_kilometres_from_the_origin ... ok
test zoo_audit::the_zoo_contains_every_required_demonstration ... ok
test zoo_audit::the_zoo_displays_every_catalogued_placeable ... ok
test zoo_audit::the_zoo_instance_ids_are_stable_and_unique ... ok
test zoo_audit::the_zoo_is_well_lit_by_its_own_fixtures ... ok
test zoo_audit::the_zoo_light_props_really_illuminate ... ok
test zoo_audit::the_zoo_spawn_is_clear_and_on_the_floor ... ok
test surface_audit::the_shipped_demo_has_no_coincident_architecture_surfaces has been running for over 60 seconds
test surface_audit::the_shipped_demo_has_no_coincident_architecture_surfaces ... ok
test lighting::lightmap::continuity::a_wall_run_across_a_room_boundary_does_not_step ... ok
test lighting::lightmap::tests::the_shipped_demo_fits_the_page_budget_at_both_profiles ... ok
test render::tests::the_demo_glazes_every_window_and_classifies_the_panes_translucent ... ok
test render::tests::the_demo_routes_its_reflective_materials_to_a_plane_and_a_probe ... ok
test render::tests::the_demo_bakes_lightmaps_with_every_surface_vertex_charted ... ok
test render::tests::every_lightmapped_vertex_uv_lands_on_its_own_chart_corner ... ok
test lighting::lightmap::tests::the_three_storey_tower_needs_the_raised_page_budget ... ok
test render::tests::the_demo_bakes_inside_the_page_budget_on_every_level ... ok
test lighting::bake::range_audit::baked_light_range_audit_report ... ok
test render::tests::atlas_bytes_match_the_fill_pass_exactly ... ok

failures:

---- architecture_audit::test_ramp_faces_wind_out_of_their_solid_in_every_orientation stdout ----

thread 'architecture_audit::test_ramp_faces_wind_out_of_their_solid_in_every_orientation' (9918235) panicked at src/architecture_audit.rs:2889:13:
a ramp face points into the wedge (rise -1.2): normal [0.0, 0.0, 1.0] at [3.3333333, -0.8, 2.0]
note: run with `RUST_BACKTRACE=1` environment variable to display a backtrace

---- architecture_audit::test_stair_faces_wind_out_of_their_solid_on_both_axes stdout ----

thread 'architecture_audit::test_stair_faces_wind_out_of_their_solid_on_both_axes' (9918241) panicked at src/architecture_audit.rs:2970:17:
a stair face must be axis aligned, got [0.0, -1.0, 0.0]

---- architecture_audit::test_z_axis_and_floating_box_caps_face_out_of_their_solid stdout ----

thread 'architecture_audit::test_z_axis_and_floating_box_caps_face_out_of_their_solid' (9918248) panicked at src/architecture_audit.rs:2805:5:
the floating box's underside must face down: 0

---- lighting_isolation::emitted_wall_faces_are_lit_by_the_room_they_open_into stdout ----

thread 'lighting_isolation::emitted_wall_faces_are_lit_by_the_room_they_open_into' (9918985) panicked at src/lighting_isolation.rs:460:5:
the boundary end of the red cell's north wall must emit vertices

---- perf::actions::tests::script_validation_is_bounded_and_strict stdout ----

thread 'perf::actions::tests::script_validation_is_bounded_and_strict' (9919326) panicked at src/perf/actions.rs:290:9:
assertion failed: parse(br#"[{"after":"start","delay_ms":0,"action":{"kind":"quit","extra":true}}]"#).is_err()

---- render::tests::wall_reveals_and_ends_face_out_of_the_solid_on_both_axes stdout ----

thread 'render::tests::wall_reveals_and_ends_face_out_of_the_solid_on_both_axes' (9920624) panicked at src/render/tests.rs:7631:9:
the X-axis wall's start cap must face out along -X

---- render::wgpu::world::tests::a_shipped_material_resolves_through_its_texture_slot stdout ----

thread 'render::wgpu::world::tests::a_shipped_material_resolves_through_its_texture_slot' (9920793) panicked at src/render/wgpu/world.rs:2939:9:
assertion `left == right` failed
  left: "core:tex_carpet_beige_01#png-v1-1c7ea0e873b097b9"
 right: "core:tex_carpet_beige_01"


failures:
    architecture_audit::test_ramp_faces_wind_out_of_their_solid_in_every_orientation
    architecture_audit::test_stair_faces_wind_out_of_their_solid_on_both_axes
    architecture_audit::test_z_axis_and_floating_box_caps_face_out_of_their_solid
    lighting_isolation::emitted_wall_faces_are_lit_by_the_room_they_open_into
    perf::actions::tests::script_validation_is_bounded_and_strict
    render::tests::wall_reveals_and_ends_face_out_of_the_solid_on_both_axes
    render::wgpu::world::tests::a_shipped_material_resolves_through_its_texture_slot

test result: FAILED. 1317 passed; 7 failed; 8 ignored; 0 measured; 0 filtered out; finished in 694.06s

error: test failed, to rerun pass `--bin places`
real 703.44
user 3413.77
sys 15.53
