frame,update_ms,render_ms,swap_ms,frame_ms,loop_ms,total_vertices,visible_vertices,culled_vertices,total_batches,visible_batches,draw_calls,vbo_bytes,index_bytes,texture_binds,material_changes,reflection_passes
1,1.544,0.639,0.000,2.183,2.183,697965,1781607,0,811,761,761,44669760,1412988,394,422,0
2,1.500,0.639,0.000,2.139,2.377,697965,1781607,0,811,761,761,44669760,1412988,394,422,0
3,1.457,0.629,0.000,2.086,2.288,697965,1781607,0,811,761,761,44669760,1412988,394,422,0
4,1.472,0.658,0.000,2.130,2.224,697965,1781607,0,811,761,761,44669760,1412988,394,422,0
5,1.505,0.663,0.000,2.168,2.256,697965,1781607,0,811,761,761,44669760,1412988,394,422,0
6,1.492,0.669,0.000,2.161,2.290,697965,1781607,0,811,761,761,44669760,1412988,394,422,0
7,1.482,0.641,0.000,2.123,2.281,697965,1781607,0,811,761,761,44669760,1412988,394,422,0
8,1.490,0.642,0.000,2.132,2.244,697965,1781607,0,811,761,761,44669760,1412988,394,422,0
9,1.471,0.664,0.000,2.135,2.263,697965,1781607,0,811,761,761,44669760,1412988,394,422,0
10,1.496,0.669,0.000,2.165,2.286,697965,1781607,0,811,761,761,44669760,1412988,394,422,0
11,1.462,0.647,0.000,2.109,2.307,697965,1781607,0,811,761,761,44669760,1412988,394,422,0
12,1.494,0.629,0.000,2.123,2.229,697965,1781607,0,811,761,761,44669760,1412988,394,422,0
13,1.491,0.639,0.000,2.130,2.255,697965,1781607,0,811,761,761,44669760,1412988,394,422,0
14,1.448,0.630,0.000,2.078,2.254,697965,1781607,0,811,761,761,44669760,1412988,394,422,0
15,1.458,0.637,0.000,2.095,2.212,697965,1781607,0,811,761,761,44669760,1412988,394,422,0
16,1.467,0.644,0.000,2.111,2.221,697965,1781607,0,811,761,761,44669760,1412988,394,422,0
17,1.496,0.650,0.000,2.147,2.233,697965,1781607,0,811,761,761,44669760,1412988,394,422,0
18,1.475,0.652,0.000,2.127,2.296,697965,1781607,0,811,761,761,44669760,1412988,394,422,0
19,1.464,0.649,0.000,2.113,2.262,697965,1781607,0,811,761,761,44669760,1412988,394,422,0
20,1.501,0.650,0.000,2.151,2.264,697965,1781607,0,811,761,761,44669760,1412988,394,422,0
21,1.489,0.637,0.000,2.126,2.276,697965,1781607,0,811,761,761,44669760,1412988,394,422,0
22,1.471,0.652,0.000,2.123,2.253,697965,1781607,0,811,761,761,44669760,1412988,394,422,0
23,1.492,0.691,0.000,2.183,2.248,697965,1781607,0,811,761,761,44669760,1412988,394,422,0
24,1.506,0.627,0.000,2.133,2.306,697965,1781607,0,811,761,761,44669760,1412988,394,422,0
25,1.452,0.646,0.000,2.098,2.254,697965,1781607,0,811,761,761,44669760,1412988,394,422,0
26,1.466,0.634,0.000,2.100,2.235,697965,1781607,0,811,761,761,44669760,1412988,394,422,0
27,1.556,0.659,0.000,2.215,2.222,697965,1781607,0,811,761,761,44669760,1412988,394,422,0
28,1.510,0.642,0.000,2.152,2.352,697965,1781607,0,811,761,761,44669760,1412988,394,422,0
29,1.474,0.658,0.000,2.132,2.270,697965,1781607,0,811,761,761,44669760,1412988,394,422,0
30,1.533,0.646,0.000,2.180,2.263,697965,1781607,0,811,761,761,44669760,1412988,394,422,0
31,1.450,0.641,0.000,2.091,2.300,697965,1781607,0,811,761,761,44669760,1412988,394,422,0
32,1.525,0.644,0.000,2.169,2.223,697965,1781607,0,811,761,761,44669760,1412988,394,422,0
33,1.620,1.381,0.000,3.000,2.303,697965,1781607,0,811,761,761,44669760,1412988,394,422,0
34,1.515,0.868,0.000,2.383,3.137,697965,1781607,0,811,761,761,44669760,1412988,394,422,0
35,1.435,0.661,0.000,2.096,2.522,697965,1781607,0,811,761,761,44669760,1412988,394,422,0
36,1.456,0.720,0.000,2.176,2.218,697965,1781607,0,811,761,761,44669760,1412988,394,422,0
37,1.430,0.684,0.000,2.114,2.308,697965,1781607,0,811,761,761,44669760,1412988,394,422,0
38,1.428,0.642,0.000,2.070,2.245,697965,1781607,0,811,761,761,44669760,1412988,394,422,0
39,1.411,0.658,0.000,2.069,2.190,697965,1781607,0,811,761,761,44669760,1412988,394,422,0
40,1.521,0.674,0.000,2.194,2.196,697965,1781607,0,811,761,761,44669760,1412988,394,422,0
41,1.536,0.687,0.000,2.224,2.313,697965,1781607,0,811,761,761,44669760,1412988,394,422,0
42,1.510,0.664,0.000,2.174,2.379,697965,1781607,0,811,761,761,44669760,1412988,394,422,0
43,1.553,0.725,0.000,2.278,2.313,697965,1781607,0,811,761,761,44669760,1412988,394,422,0
44,1.470,0.660,0.000,2.129,2.406,697965,1781607,0,811,761,761,44669760,1412988,394,422,0
45,1.460,0.668,0.000,2.128,2.275,697965,1781607,0,811,761,761,44669760,1412988,394,422,0
46,1.477,0.672,0.000,2.148,2.237,697965,1781607,0,811,761,761,44669760,1412988,394,422,0
47,1.517,0.689,0.000,2.206,2.239,697965,1781607,0,811,761,761,44669760,1412988,394,422,0
48,1.517,0.697,0.000,2.214,2.309,697965,1781607,0,811,761,761,44669760,1412988,394,422,0
49,1.558,0.679,0.000,2.238,2.309,697965,1781607,0,811,761,761,44669760,1412988,394,422,0
50,1.506,0.710,0.000,2.216,2.348,697965,1781607,0,811,761,761,44669760,1412988,394,422,0
51,1.490,0.673,0.000,2.163,2.319,697965,1781607,0,811,761,761,44669760,1412988,394,422,0
52,1.495,0.658,0.000,2.153,2.257,697965,1781607,0,811,761,761,44669760,1412988,394,422,0
53,1.527,0.667,0.000,2.194,2.252,697965,1781607,0,811,761,761,44669760,1412988,394,422,0
54,1.468,0.669,0.000,2.137,2.288,697965,1781607,0,811,761,761,44669760,1412988,394,422,0
55,1.457,0.650,0.000,2.108,2.250,697965,1781607,0,811,761,761,44669760,1412988,394,422,0
56,1.455,0.630,0.000,2.084,2.197,697965,1781607,0,811,761,761,44669760,1412988,394,422,0
57,1.484,0.658,0.000,2.142,2.190,697965,1781607,0,811,761,761,44669760,1412988,394,422,0
58,1.479,0.649,0.000,2.129,2.243,697965,1781607,0,811,761,761,44669760,1412988,394,422,0
59,1.477,0.648,0.000,2.125,2.229,697965,1781607,0,811,761,761,44669760,1412988,394,422,0
60,1.496,0.670,0.000,2.166,2.220,697965,1781607,0,811,761,761,44669760,1412988,394,422,0
61,1.545,0.690,0.000,2.235,2.281,697965,1781607,0,811,761,761,44669760,1412988,394,422,0
62,1.463,0.638,0.000,2.101,2.350,697965,1781607,0,811,761,761,44669760,1412988,394,422,0
63,1.506,0.670,0.000,2.176,2.198,697965,1781607,0,811,761,761,44669760,1412988,394,422,0
64,1.462,0.676,0.000,2.138,2.272,697965,1781607,0,811,761,761,44669760,1412988,394,422,0
65,1.474,0.660,0.000,2.134,2.230,697965,1781607,0,811,761,761,44669760,1412988,394,422,0
66,1.486,0.643,0.000,2.129,2.229,697965,1781607,0,811,761,761,44669760,1412988,394,422,0
67,1.529,0.659,0.000,2.187,2.231,697965,1781607,0,811,761,761,44669760,1412988,394,422,0
68,1.483,0.642,0.000,2.125,2.286,697965,1781607,0,811,761,761,44669760,1412988,394,422,0
69,1.480,0.683,0.000,2.163,2.232,697965,1781607,0,811,761,761,44669760,1412988,394,422,0
70,1.515,0.639,0.000,2.155,2.255,697965,1781607,0,811,761,761,44669760,1412988,394,422,0
71,1.522,0.642,0.000,2.163,2.249,697965,1781607,0,811,761,761,44669760,1412988,394,422,0
72,1.462,0.666,0.000,2.128,2.274,697965,1781607,0,811,761,761,44669760,1412988,394,422,0
73,1.527,0.672,0.000,2.199,2.236,697965,1781607,0,811,761,761,44669760,1412988,394,422,0
74,1.497,0.619,0.000,2.117,2.295,697965,1781607,0,811,761,761,44669760,1412988,394,422,0
75,1.493,0.627,0.000,2.120,2.213,697965,1781607,0,811,761,761,44669760,1412988,394,422,0
76,1.482,0.617,0.000,2.099,2.217,697965,1781607,0,811,761,761,44669760,1412988,394,422,0
77,1.511,0.631,0.000,2.142,2.210,697965,1781607,0,811,761,761,44669760,1412988,394,422,0
78,1.492,0.643,0.000,2.135,2.230,697965,1781607,0,811,761,761,44669760,1412988,394,422,0
79,1.484,0.640,0.000,2.124,2.237,697965,1781607,0,811,761,761,44669760,1412988,394,422,0
80,1.470,0.646,0.000,2.115,2.217,697965,1781607,0,811,761,761,44669760,1412988,394,422,0
81,1.459,0.654,0.000,2.113,2.218,697965,1781607,0,811,761,761,44669760,1412988,394,422,0
82,1.490,0.651,0.000,2.142,2.208,697965,1781607,0,811,761,761,44669760,1412988,394,422,0
83,1.519,0.671,0.000,2.190,2.242,697965,1781607,0,811,761,761,44669760,1412988,394,422,0
84,1.484,0.644,0.000,2.128,2.288,697965,1781607,0,811,761,761,44669760,1412988,394,422,0
85,1.459,0.639,0.000,2.098,2.233,697965,1781607,0,811,761,761,44669760,1412988,394,422,0
86,1.496,0.650,0.000,2.146,2.190,697965,1781607,0,811,761,761,44669760,1412988,394,422,0
87,1.499,0.651,0.000,2.150,2.249,697965,1781607,0,811,761,761,44669760,1412988,394,422,0
88,1.462,0.647,0.000,2.109,2.249,697965,1781607,0,811,761,761,44669760,1412988,394,422,0
89,1.474,0.604,0.000,2.078,2.211,697965,1781607,0,811,761,761,44669760,1412988,394,422,0
90,1.406,0.626,0.000,2.032,2.175,697965,1781607,0,811,761,761,44669760,1412988,394,422,0
91,1.436,0.613,0.000,2.049,2.144,697965,1781607,0,811,761,761,44669760,1412988,394,422,0
92,1.441,0.610,0.000,2.051,2.149,697965,1781607,0,811,761,761,44669760,1412988,394,422,0
93,1.415,0.716,0.000,2.131,2.159,697965,1781607,0,811,761,761,44669760,1412988,394,422,0
94,1.493,0.633,0.000,2.126,2.279,697965,1781607,0,811,761,761,44669760,1412988,394,422,0
95,1.411,0.631,0.000,2.043,2.313,697965,1781607,0,811,761,761,44669760,1412988,394,422,0
96,1.458,0.638,0.000,2.096,2.151,697965,1781607,0,811,761,761,44669760,1412988,394,422,0
97,1.446,0.635,0.000,2.081,2.198,697965,1781607,0,811,761,761,44669760,1412988,394,422,0
98,1.401,0.612,0.000,2.013,2.190,697965,1781607,0,811,761,761,44669760,1412988,394,422,0
99,1.422,0.620,0.000,2.043,2.136,697965,1781607,0,811,761,761,44669760,1412988,394,422,0
100,1.424,0.613,0.000,2.037,2.147,697965,1781607,0,811,761,761,44669760,1412988,394,422,0
101,1.419,0.600,0.000,2.019,2.164,697965,1781607,0,811,761,761,44669760,1412988,394,422,0
102,1.439,0.627,0.000,2.067,2.144,697965,1781607,0,811,761,761,44669760,1412988,394,422,0
103,1.517,0.654,0.000,2.171,2.174,697965,1781607,0,811,761,761,44669760,1412988,394,422,0
104,1.469,0.644,0.000,2.113,2.277,697965,1781607,0,811,761,761,44669760,1412988,394,422,0
105,1.484,0.634,0.000,2.118,2.222,697965,1781607,0,811,761,761,44669760,1412988,394,422,0
106,1.515,0.633,0.000,2.148,2.222,697965,1781607,0,811,761,761,44669760,1412988,394,422,0
107,1.471,0.638,0.000,2.109,2.261,697965,1781607,0,811,761,761,44669760,1412988,394,422,0
108,1.485,0.645,0.000,2.130,2.200,697965,1781607,0,811,761,761,44669760,1412988,394,422,0
109,1.520,0.639,0.000,2.160,2.224,697965,1781607,0,811,761,761,44669760,1412988,394,422,0
110,1.467,0.635,0.000,2.101,2.265,697965,1781607,0,811,761,761,44669760,1412988,394,422,0
111,1.470,0.657,0.000,2.127,2.192,697965,1781607,0,811,761,761,44669760,1412988,394,422,0
112,1.501,0.679,0.000,2.180,2.233,697965,1781607,0,811,761,761,44669760,1412988,394,422,0
113,1.445,0.632,0.000,2.077,2.277,697965,1781607,0,811,761,761,44669760,1412988,394,422,0
114,1.487,0.647,0.000,2.134,2.176,697965,1781607,0,811,761,761,44669760,1412988,394,422,0
115,1.502,0.623,0.000,2.126,2.230,697965,1781607,0,811,761,761,44669760,1412988,394,422,0
116,1.452,0.631,0.000,2.083,2.223,697965,1781607,0,811,761,761,44669760,1412988,394,422,0
117,1.514,0.649,0.000,2.162,2.180,697965,1781607,0,811,761,761,44669760,1412988,394,422,0
118,1.473,0.651,0.000,2.124,2.253,697965,1781607,0,811,761,761,44669760,1412988,394,422,0
119,1.508,0.644,0.000,2.152,2.220,697965,1781607,0,811,761,761,44669760,1412988,394,422,0
120,1.474,0.634,0.000,2.108,2.243,697965,1781607,0,811,761,761,44669760,1412988,394,422,0
121,1.508,0.630,0.000,2.138,2.209,697965,1781607,0,811,761,761,44669760,1412988,394,422,0
122,1.458,0.628,0.000,2.086,2.233,697965,1781607,0,811,761,761,44669760,1412988,394,422,0
123,1.509,0.663,0.000,2.172,2.184,697965,1781607,0,811,761,761,44669760,1412988,394,422,0
124,1.498,0.636,0.000,2.133,2.266,697965,1781607,0,811,761,761,44669760,1412988,394,422,0
125,1.465,0.633,0.000,2.098,2.239,697965,1781607,0,811,761,761,44669760,1412988,394,422,0
126,1.467,0.637,0.000,2.105,2.193,697965,1781607,0,811,761,761,44669760,1412988,394,422,0
127,1.514,0.641,0.000,2.155,2.204,697965,1781607,0,811,761,761,44669760,1412988,394,422,0
128,1.469,0.656,0.000,2.126,2.258,697965,1781607,0,811,761,761,44669760,1412988,394,422,0
129,1.541,0.632,0.000,2.173,2.219,697965,1781607,0,811,761,761,44669760,1412988,394,422,0
130,1.504,0.648,0.000,2.152,2.268,697965,1781607,0,811,761,761,44669760,1412988,394,422,0
131,1.505,0.636,0.000,2.141,2.250,697965,1781607,0,811,761,761,44669760,1412988,394,422,0
132,1.443,0.659,0.000,2.102,2.239,697965,1781607,0,811,761,761,44669760,1412988,394,422,0
133,1.493,0.628,0.000,2.121,2.192,697965,1781607,0,811,761,761,44669760,1412988,394,422,0
134,1.511,0.637,0.000,2.149,2.217,697965,1781607,0,811,761,761,44669760,1412988,394,422,0
135,1.446,0.633,0.000,2.080,2.246,697965,1781607,0,811,761,761,44669760,1412988,394,422,0
136,1.475,0.618,0.000,2.094,2.179,697965,1781607,0,811,761,761,44669760,1412988,394,422,0
137,1.476,0.615,0.000,2.090,2.201,697965,1781607,0,811,761,761,44669760,1412988,394,422,0
138,1.503,0.643,0.000,2.146,2.190,697965,1781607,0,811,761,761,44669760,1412988,394,422,0
139,1.472,0.673,0.000,2.145,2.238,697965,1781607,0,811,761,761,44669760,1412988,394,422,0
140,1.506,0.668,0.000,2.174,2.241,697965,1781607,0,811,761,761,44669760,1412988,394,422,0
141,1.507,0.679,0.000,2.186,2.281,697965,1781607,0,811,761,761,44669760,1412988,394,422,0
142,1.470,0.656,0.000,2.126,2.293,697965,1781607,0,811,761,761,44669760,1412988,394,422,0
143,1.498,0.640,0.001,2.139,2.223,697965,1781607,0,811,761,761,44669760,1412988,394,422,0
144,1.495,0.646,0.000,2.142,2.235,697965,1781607,0,811,761,761,44669760,1412988,394,422,0
145,1.500,0.622,0.000,2.122,2.235,697965,1781607,0,811,761,761,44669760,1412988,394,422,0
146,1.512,0.641,0.000,2.152,2.214,697965,1781607,0,811,761,761,44669760,1412988,394,422,0
147,1.489,0.612,0.000,2.101,2.251,697965,1781607,0,811,761,761,44669760,1412988,394,422,0
148,1.474,0.641,0.000,2.115,2.207,697965,1781607,0,811,761,761,44669760,1412988,394,422,0
149,1.539,0.743,0.000,2.282,2.214,697965,1781607,0,811,761,761,44669760,1412988,394,422,0
150,1.765,1.319,0.000,3.083,2.393,697965,1781607,0,811,761,761,44669760,1412988,394,422,0
151,1.867,0.975,0.000,2.841,3.218,697965,1781607,0,811,761,761,44669760,1412988,394,422,0
152,1.718,0.839,0.000,2.557,2.998,697965,1781607,0,811,761,761,44669760,1412988,394,422,0
153,1.577,0.693,0.000,2.269,2.664,697965,1781607,0,811,761,761,44669760,1412988,394,422,0
154,1.578,0.778,0.000,2.356,2.379,697965,1781607,0,811,761,761,44669760,1412988,394,422,0
155,1.625,0.730,0.000,2.355,2.467,697965,1781607,0,811,761,761,44669760,1412988,394,422,0
156,1.610,0.689,0.000,2.299,2.460,697965,1781607,0,811,761,761,44669760,1412988,394,422,0
157,1.556,0.737,0.000,2.293,2.404,697965,1781607,0,811,761,761,44669760,1412988,394,422,0
158,1.602,0.730,0.000,2.332,2.424,697965,1781607,0,811,761,761,44669760,1412988,394,422,0
159,1.541,0.668,0.000,2.209,2.437,697965,1781607,0,811,761,761,44669760,1412988,394,422,0
160,1.581,0.728,0.000,2.309,2.317,697965,1781607,0,811,761,761,44669760,1412988,394,422,0
161,1.567,0.690,0.000,2.257,2.428,697965,1781607,0,811,761,761,44669760,1412988,394,422,0
162,1.538,0.718,0.000,2.256,2.358,697965,1781607,0,811,761,761,44669760,1412988,394,422,0
163,1.528,0.688,0.000,2.216,2.362,697965,1781607,0,811,761,761,44669760,1412988,394,422,0
164,1.497,0.717,0.000,2.214,2.322,697965,1781607,0,811,761,761,44669760,1412988,394,422,0
165,1.534,0.696,0.000,2.230,2.320,697965,1781607,0,811,761,761,44669760,1412988,394,422,0
166,1.520,0.706,0.000,2.226,2.335,697965,1781607,0,811,761,761,44669760,1412988,394,422,0
167,1.614,0.727,0.000,2.341,2.356,697965,1781607,0,811,761,761,44669760,1412988,394,422,0
168,1.529,0.700,0.000,2.229,2.445,697965,1781607,0,811,761,761,44669760,1412988,394,422,0
169,1.523,0.682,0.000,2.205,2.344,697965,1781607,0,811,761,761,44669760,1412988,394,422,0
170,1.599,0.735,0.000,2.335,2.321,697965,1781607,0,811,761,761,44669760,1412988,394,422,0
171,1.645,0.917,0.000,2.561,2.468,697965,1781607,0,811,761,761,44669760,1412988,394,422,0
172,1.519,0.644,0.000,2.163,2.666,697965,1781607,0,811,761,761,44669760,1412988,394,422,0
173,1.524,0.726,0.000,2.250,2.310,697965,1781607,0,811,761,761,44669760,1412988,394,422,0
174,1.534,0.658,0.000,2.192,2.356,697965,1781607,0,811,761,761,44669760,1412988,394,422,0
175,1.575,0.688,0.000,2.263,2.287,697965,1781607,0,811,761,761,44669760,1412988,394,422,0
176,1.540,0.711,0.000,2.251,2.356,697965,1781607,0,811,761,761,44669760,1412988,394,422,0
177,1.573,0.678,0.000,2.251,2.358,697965,1781607,0,811,761,761,44669760,1412988,394,422,0
178,1.523,0.660,0.000,2.183,2.358,697965,1781607,0,811,761,761,44669760,1412988,394,422,0
179,1.522,0.701,0.000,2.222,2.290,697965,1781607,0,811,761,761,44669760,1412988,394,422,0
180,1.588,0.672,0.000,2.260,2.315,697965,1781607,0,811,761,761,44669760,1412988,394,422,0
181,1.518,0.653,0.000,2.170,2.362,697965,1781607,0,811,761,761,44669760,1412988,394,422,0
182,1.530,0.724,0.000,2.255,2.299,697965,1781607,0,811,761,761,44669760,1412988,394,422,0
183,1.563,0.685,0.000,2.248,2.356,697965,1781607,0,811,761,761,44669760,1412988,394,422,0
184,1.556,0.677,0.000,2.234,2.351,697965,1781607,0,811,761,761,44669760,1412988,394,422,0
185,1.585,0.682,0.000,2.268,2.326,697965,1781607,0,811,761,761,44669760,1412988,394,422,0
186,1.575,0.689,0.000,2.265,2.362,697965,1781607,0,811,761,761,44669760,1412988,394,422,0
187,1.563,0.695,0.000,2.258,2.387,697965,1781607,0,811,761,761,44669760,1412988,394,422,0
188,1.547,0.695,0.000,2.242,2.365,697965,1781607,0,811,761,761,44669760,1412988,394,422,0
189,1.528,0.669,0.000,2.198,2.348,697965,1781607,0,811,761,761,44669760,1412988,394,422,0
190,1.518,0.673,0.000,2.191,2.302,697965,1781607,0,811,761,761,44669760,1412988,394,422,0
191,1.527,0.656,0.000,2.183,2.298,697965,1781607,0,811,761,761,44669760,1412988,394,422,0
192,1.539,0.700,0.000,2.239,2.292,697965,1781607,0,811,761,761,44669760,1412988,394,422,0
193,1.486,0.661,0.000,2.148,2.350,697965,1781607,0,811,761,761,44669760,1412988,394,422,0
194,1.541,0.680,0.000,2.221,2.238,697965,1781607,0,811,761,761,44669760,1412988,394,422,0
195,1.552,0.665,0.000,2.217,2.314,697965,1781607,0,811,761,761,44669760,1412988,394,422,0
196,1.527,0.674,0.000,2.201,2.312,697965,1781607,0,811,761,761,44669760,1412988,394,422,0
197,1.537,0.666,0.000,2.203,2.291,697965,1781607,0,811,761,761,44669760,1412988,394,422,0
198,1.522,0.666,0.000,2.188,2.302,697965,1781607,0,811,761,761,44669760,1412988,394,422,0
199,1.538,0.656,0.000,2.194,2.289,697965,1781607,0,811,761,761,44669760,1412988,394,422,0
200,1.518,0.685,0.000,2.202,2.304,697965,1781607,0,811,761,761,44669760,1412988,394,422,0
201,1.532,0.671,0.000,2.203,2.310,697965,1781607,0,811,761,761,44669760,1412988,394,422,0
202,1.488,0.666,0.000,2.154,2.303,697965,1781607,0,811,761,761,44669760,1412988,394,422,0
203,1.538,0.672,0.000,2.210,2.250,697965,1781607,0,811,761,761,44669760,1412988,394,422,0
204,1.532,0.661,0.000,2.193,2.301,697965,1781607,0,811,761,761,44669760,1412988,394,422,0
205,1.523,0.654,0.000,2.178,2.284,697965,1781607,0,811,761,761,44669760,1412988,394,422,0
206,1.529,0.660,0.000,2.190,2.283,697965,1781607,0,811,761,761,44669760,1412988,394,422,0
207,1.502,0.661,0.000,2.163,2.286,697965,1781607,0,811,761,761,44669760,1412988,394,422,0
208,1.485,0.666,0.000,2.151,2.270,697965,1781607,0,811,761,761,44669760,1412988,394,422,0
209,1.500,0.671,0.000,2.171,2.246,697965,1781607,0,811,761,761,44669760,1412988,394,422,0
210,1.531,0.660,0.000,2.191,2.262,697965,1781607,0,811,761,761,44669760,1412988,394,422,0
211,1.523,0.676,0.000,2.199,2.298,697965,1781607,0,811,761,761,44669760,1412988,394,422,0
212,1.525,0.671,0.000,2.196,2.292,697965,1781607,0,811,761,761,44669760,1412988,394,422,0
213,1.510,0.679,0.000,2.189,2.290,697965,1781607,0,811,761,761,44669760,1412988,394,422,0
214,1.503,0.677,0.000,2.181,2.286,697965,1781607,0,811,761,761,44669760,1412988,394,422,0
215,1.495,0.675,0.000,2.170,2.286,697965,1781607,0,811,761,761,44669760,1412988,394,422,0
216,1.485,0.657,0.000,2.142,2.276,697965,1781607,0,811,761,761,44669760,1412988,394,422,0
217,1.487,0.665,0.000,2.153,2.245,697965,1781607,0,811,761,761,44669760,1412988,394,422,0
218,1.545,0.658,0.000,2.203,2.257,697965,1781607,0,811,761,761,44669760,1412988,394,422,0
219,1.481,0.673,0.000,2.154,2.299,697965,1781607,0,811,761,761,44669760,1412988,394,422,0
220,1.497,0.643,0.000,2.139,2.244,697965,1781607,0,811,761,761,44669760,1412988,394,422,0
221,1.556,0.655,0.000,2.211,2.238,697965,1781607,0,811,761,761,44669760,1412988,394,422,0
222,1.479,0.647,0.000,2.126,2.307,697965,1781607,0,811,761,761,44669760,1412988,394,422,0
223,1.503,0.651,0.001,2.155,2.228,697965,1781607,0,811,761,761,44669760,1412988,394,422,0
224,1.511,0.643,0.000,2.154,2.258,697965,1781607,0,811,761,761,44669760,1412988,394,422,0
225,1.506,0.663,0.000,2.170,2.250,697965,1781607,0,811,761,761,44669760,1412988,394,422,0
226,1.457,0.638,0.000,2.096,2.275,697965,1781607,0,811,761,761,44669760,1412988,394,422,0
227,1.482,0.637,0.000,2.119,2.190,697965,1781607,0,811,761,761,44669760,1412988,394,422,0
228,1.536,0.636,0.000,2.172,2.226,697965,1781607,0,811,761,761,44669760,1412988,394,422,0
229,1.483,0.635,0.000,2.119,2.275,697965,1781607,0,811,761,761,44669760,1412988,394,422,0
230,1.493,0.628,0.000,2.121,2.216,697965,1781607,0,811,761,761,44669760,1412988,394,422,0
231,1.517,0.639,0.000,2.156,2.213,697965,1781607,0,811,761,761,44669760,1412988,394,422,0
232,1.531,0.664,0.000,2.196,2.258,697965,1781607,0,811,761,761,44669760,1412988,394,422,0
233,1.484,0.655,0.000,2.140,2.300,697965,1781607,0,811,761,761,44669760,1412988,394,422,0
234,1.545,0.666,0.000,2.211,2.245,697965,1781607,0,811,761,761,44669760,1412988,394,422,0
235,1.481,0.639,0.000,2.120,2.317,697965,1781607,0,811,761,761,44669760,1412988,394,422,0
236,1.529,0.627,0.000,2.156,2.213,697965,1781607,0,811,761,761,44669760,1412988,394,422,0
237,1.532,0.657,0.000,2.189,2.253,697965,1781607,0,811,761,761,44669760,1412988,394,422,0
238,1.504,0.628,0.000,2.132,2.303,697965,1781607,0,811,761,761,44669760,1412988,394,422,0
239,1.491,0.640,0.000,2.130,2.224,697965,1781607,0,811,761,761,44669760,1412988,394,422,0
240,1.509,0.665,0.000,2.175,2.223,697965,1781607,0,811,761,761,44669760,1412988,394,422,0
241,1.538,0.625,0.000,2.163,2.278,697965,1781607,0,811,761,761,44669760,1412988,394,422,0
242,1.502,0.662,0.000,2.164,2.268,697965,1781607,0,811,761,761,44669760,1412988,394,422,0
243,1.539,0.662,0.000,2.202,2.277,697965,1781607,0,811,761,761,44669760,1412988,394,422,0
244,1.509,0.659,0.000,2.168,2.298,697965,1781607,0,811,761,761,44669760,1412988,394,422,0
245,1.506,0.632,0.001,2.139,2.265,697965,1781607,0,811,761,761,44669760,1412988,394,422,0
246,1.512,0.659,0.000,2.172,2.242,697965,1781607,0,811,761,761,44669760,1412988,394,422,0
247,1.499,0.649,0.000,2.148,2.272,697965,1781607,0,811,761,761,44669760,1412988,394,422,0
248,1.492,0.657,0.000,2.149,2.243,697965,1781607,0,811,761,761,44669760,1412988,394,422,0
249,1.528,0.678,0.000,2.206,2.245,697965,1781607,0,811,761,761,44669760,1412988,394,422,0
250,1.567,0.678,0.000,2.245,2.316,697965,1781607,0,811,761,761,44669760,1412988,394,422,0
251,1.537,0.679,0.000,2.215,2.348,697965,1781607,0,811,761,761,44669760,1412988,394,422,0
252,1.506,0.657,0.000,2.163,2.321,697965,1781607,0,811,761,761,44669760,1412988,394,422,0
253,1.464,0.638,0.000,2.102,2.268,697965,1781607,0,811,761,761,44669760,1412988,394,422,0
254,1.509,0.669,0.000,2.178,2.197,697965,1781607,0,811,761,761,44669760,1412988,394,422,0
255,1.510,0.642,0.000,2.152,2.283,697965,1781607,0,811,761,761,44669760,1412988,394,422,0
256,1.448,0.636,0.000,2.083,2.248,697965,1781607,0,811,761,761,44669760,1412988,394,422,0
257,1.501,0.662,0.000,2.163,2.184,697965,1781607,0,811,761,761,44669760,1412988,394,422,0
258,1.500,0.662,0.000,2.162,2.259,697965,1781607,0,811,761,761,44669760,1412988,394,422,0
259,1.497,0.631,0.000,2.128,2.264,697965,1781607,0,811,761,761,44669760,1412988,394,422,0
260,1.477,0.667,0.000,2.144,2.230,697965,1781607,0,811,761,761,44669760,1412988,394,422,0
261,1.493,0.645,0.000,2.138,2.234,697965,1781607,0,811,761,761,44669760,1412988,394,422,0
262,1.558,0.630,0.000,2.188,2.232,697965,1781607,0,811,761,761,44669760,1412988,394,422,0
263,1.510,0.645,0.000,2.155,2.289,697965,1781607,0,811,761,761,44669760,1412988,394,422,0
264,1.476,0.677,0.000,2.153,2.259,697965,1781607,0,811,761,761,44669760,1412988,394,422,0
265,1.524,0.680,0.000,2.204,2.259,697965,1781607,0,811,761,761,44669760,1412988,394,422,0
266,1.585,0.657,0.000,2.242,2.307,697965,1781607,0,811,761,761,44669760,1412988,394,422,0
267,1.516,0.677,0.000,2.193,2.338,697965,1781607,0,811,761,761,44669760,1412988,394,422,0
268,1.506,0.649,0.000,2.155,2.290,697965,1781607,0,811,761,761,44669760,1412988,394,422,0
269,1.531,0.658,0.000,2.189,2.250,697965,1781607,0,811,761,761,44669760,1412988,394,422,0
270,1.523,0.668,0.000,2.191,2.292,697965,1781607,0,811,761,761,44669760,1412988,394,422,0
271,1.506,0.647,0.000,2.153,2.286,697965,1781607,0,811,761,761,44669760,1412988,394,422,0
272,1.508,0.638,0.000,2.146,2.247,697965,1781607,0,811,761,761,44669760,1412988,394,422,0
273,1.494,0.670,0.000,2.163,2.265,697965,1781607,0,811,761,761,44669760,1412988,394,422,0
274,1.479,0.655,0.000,2.134,2.257,697965,1781607,0,811,761,761,44669760,1412988,394,422,0
275,1.507,0.653,0.000,2.161,2.238,697965,1781607,0,811,761,761,44669760,1412988,394,422,0
276,1.457,0.630,0.000,2.086,2.256,697965,1781607,0,811,761,761,44669760,1412988,394,422,0
277,1.505,0.676,0.000,2.181,2.182,697965,1781607,0,811,761,761,44669760,1412988,394,422,0
278,1.521,0.654,0.000,2.176,2.272,697965,1781607,0,811,761,761,44669760,1412988,394,422,0
279,1.520,0.651,0.000,2.171,2.275,697965,1781607,0,811,761,761,44669760,1412988,394,422,0
280,1.466,0.642,0.000,2.108,2.269,697965,1781607,0,811,761,761,44669760,1412988,394,422,0
281,1.484,0.651,0.000,2.135,2.197,697965,1781607,0,811,761,761,44669760,1412988,394,422,0
282,1.505,0.610,0.000,2.116,2.227,697965,1781607,0,811,761,761,44669760,1412988,394,422,0
283,1.508,0.643,0.000,2.151,2.208,697965,1781607,0,811,761,761,44669760,1412988,394,422,0
284,1.497,0.652,0.000,2.148,2.245,697965,1781607,0,811,761,761,44669760,1412988,394,422,0
285,1.521,0.630,0.000,2.150,2.254,697965,1781607,0,811,761,761,44669760,1412988,394,422,0
286,1.460,0.660,0.000,2.121,2.256,697965,1781607,0,811,761,761,44669760,1412988,394,422,0
287,1.506,0.632,0.000,2.138,2.214,697965,1781607,0,811,761,761,44669760,1412988,394,422,0
288,1.530,0.632,0.000,2.162,2.240,697965,1781607,0,811,761,761,44669760,1412988,394,422,0
289,1.458,0.614,0.000,2.072,2.258,697965,1781607,0,811,761,761,44669760,1412988,394,422,0
290,1.499,0.638,0.000,2.137,2.161,697965,1781607,0,811,761,761,44669760,1412988,394,422,0
291,1.516,0.622,0.000,2.138,2.235,697965,1781607,0,811,761,761,44669760,1412988,394,422,0
292,1.486,0.638,0.000,2.125,2.233,697965,1781607,0,811,761,761,44669760,1412988,394,422,0
293,1.499,0.623,0.000,2.122,2.213,697965,1781607,0,811,761,761,44669760,1412988,394,422,0
294,1.510,0.641,0.000,2.151,2.224,697965,1781607,0,811,761,761,44669760,1412988,394,422,0
295,1.473,0.661,0.000,2.135,2.259,697965,1781607,0,811,761,761,44669760,1412988,394,422,0
296,1.515,0.665,0.000,2.180,2.222,697965,1781607,0,811,761,761,44669760,1412988,394,422,0
297,1.488,0.645,0.000,2.133,2.272,697965,1781607,0,811,761,761,44669760,1412988,394,422,0
298,1.498,0.639,0.000,2.137,2.242,697965,1781607,0,811,761,761,44669760,1412988,394,422,0
299,1.545,0.671,0.000,2.216,2.229,697965,1781607,0,811,761,761,44669760,1412988,394,422,0
300,1.513,0.631,0.000,2.144,2.313,697965,1781607,0,811,761,761,44669760,1412988,394,422,0
301,1.457,0.643,0.000,2.100,2.243,697965,1781607,0,811,761,761,44669760,1412988,394,422,0
302,1.500,0.638,0.000,2.138,2.194,697965,1781607,0,811,761,761,44669760,1412988,394,422,0
303,1.559,0.646,0.000,2.205,2.240,697965,1781607,0,811,761,761,44669760,1412988,394,422,0
304,1.474,0.635,0.000,2.110,2.310,697965,1781607,0,811,761,761,44669760,1412988,394,422,0
305,1.541,0.648,0.000,2.189,2.222,697965,1781607,0,811,761,761,44669760,1412988,394,422,0
306,1.540,0.659,0.000,2.200,2.285,697965,1781607,0,811,761,761,44669760,1412988,394,422,0
307,1.523,0.627,0.000,2.150,2.295,697965,1781607,0,811,761,761,44669760,1412988,394,422,0
308,1.518,0.658,0.000,2.176,2.245,697965,1781607,0,811,761,761,44669760,1412988,394,422,0
309,1.512,0.654,0.000,2.166,2.279,697965,1781607,0,811,761,761,44669760,1412988,394,422,0
310,1.462,0.657,0.000,2.119,2.269,697965,1781607,0,811,761,761,44669760,1412988,394,422,0
311,1.497,0.604,0.000,2.101,2.211,697965,1781607,0,811,761,761,44669760,1412988,394,422,0
312,2.057,0.871,0.000,2.929,2.206,697965,1781607,0,811,761,761,44669760,1412988,394,422,0
313,1.498,0.595,0.000,2.093,3.041,697965,1781607,0,811,761,761,44669760,1412988,394,422,0
314,1.478,0.686,0.000,2.165,2.207,697965,1781607,0,811,761,761,44669760,1412988,394,422,0
315,1.511,0.659,0.000,2.170,2.270,697965,1781607,0,811,761,761,44669760,1412988,394,422,0
316,1.552,0.667,0.000,2.220,2.272,697965,1781607,0,811,761,761,44669760,1412988,394,422,0
317,1.480,0.676,0.000,2.157,2.319,697965,1781607,0,811,761,761,44669760,1412988,394,422,0
318,1.520,0.651,0.000,2.171,2.260,697965,1781607,0,811,761,761,44669760,1412988,394,422,0
319,1.500,0.658,0.000,2.159,2.292,697965,1781607,0,811,761,761,44669760,1412988,394,422,0
320,1.530,0.634,0.000,2.164,2.255,697965,1781607,0,811,761,761,44669760,1412988,394,422,0
321,1.498,0.657,0.000,2.155,2.269,697965,1781607,0,811,761,761,44669760,1412988,394,422,0
322,1.476,0.608,0.000,2.084,2.261,697965,1781607,0,811,761,761,44669760,1412988,394,422,0
323,1.487,0.646,0.000,2.133,2.176,697965,1781607,0,811,761,761,44669760,1412988,394,422,0
324,1.538,0.649,0.000,2.187,2.234,697965,1781607,0,811,761,761,44669760,1412988,394,422,0
325,1.499,0.662,0.000,2.161,2.283,697965,1781607,0,811,761,761,44669760,1412988,394,422,0
326,1.548,0.691,0.000,2.239,2.278,697965,1781607,0,811,761,761,44669760,1412988,394,422,0
327,1.490,0.647,0.000,2.137,2.349,697965,1781607,0,811,761,761,44669760,1412988,394,422,0
328,1.505,0.682,0.000,2.188,2.227,697965,1781607,0,811,761,761,44669760,1412988,394,422,0
329,1.530,0.618,0.000,2.147,2.284,697965,1781607,0,811,761,761,44669760,1412988,394,422,0
330,1.487,0.610,0.000,2.097,2.246,697965,1781607,0,811,761,761,44669760,1412988,394,422,0
331,1.472,0.639,0.000,2.110,2.201,697965,1781607,0,811,761,761,44669760,1412988,394,422,0
332,1.557,0.663,0.000,2.220,2.223,697965,1781607,0,811,761,761,44669760,1412988,394,422,0
333,1.461,0.650,0.000,2.111,2.327,697965,1781607,0,811,761,761,44669760,1412988,394,422,0
334,1.445,0.626,0.000,2.072,2.212,697965,1781607,0,811,761,761,44669760,1412988,394,422,0
335,1.510,0.627,0.000,2.137,2.174,697965,1781607,0,811,761,761,44669760,1412988,394,422,0
336,1.496,0.641,0.000,2.137,2.231,697965,1781607,0,811,761,761,44669760,1412988,394,422,0
337,1.528,0.680,0.000,2.208,2.248,697965,1781607,0,811,761,761,44669760,1412988,394,422,0
338,1.494,0.658,0.000,2.152,2.315,697965,1781607,0,811,761,761,44669760,1412988,394,422,0
339,1.506,0.661,0.000,2.167,2.244,697965,1781607,0,811,761,761,44669760,1412988,394,422,0
340,1.510,0.632,0.000,2.142,2.261,697965,1781607,0,811,761,761,44669760,1412988,394,422,0
341,1.459,0.644,0.000,2.103,2.253,697965,1781607,0,811,761,761,44669760,1412988,394,422,0
342,1.489,0.647,0.001,2.136,2.205,697965,1781607,0,811,761,761,44669760,1412988,394,422,0
343,1.507,0.632,0.000,2.139,2.239,697965,1781607,0,811,761,761,44669760,1412988,394,422,0
344,1.458,0.631,0.000,2.090,2.239,697965,1781607,0,811,761,761,44669760,1412988,394,422,0
345,1.498,0.645,0.000,2.143,2.188,697965,1781607,0,811,761,761,44669760,1412988,394,422,0
346,1.506,0.634,0.000,2.140,2.238,697965,1781607,0,811,761,761,44669760,1412988,394,422,0
347,1.515,0.638,0.000,2.153,2.247,697965,1781607,0,811,761,761,44669760,1412988,394,422,0
348,1.506,0.656,0.000,2.161,2.247,697965,1781607,0,811,761,761,44669760,1412988,394,422,0
349,1.506,0.653,0.000,2.159,2.253,697965,1781607,0,811,761,761,44669760,1412988,394,422,0
350,1.535,0.673,0.000,2.208,2.264,697965,1781607,0,811,761,761,44669760,1412988,394,422,0
351,1.518,0.659,0.000,2.178,2.318,697965,1781607,0,811,761,761,44669760,1412988,394,422,0
352,1.513,0.658,0.000,2.171,2.290,697965,1781607,0,811,761,761,44669760,1412988,394,422,0
353,1.530,0.661,0.000,2.191,2.275,697965,1781607,0,811,761,761,44669760,1412988,394,422,0
354,1.555,0.665,0.000,2.220,2.289,697965,1781607,0,811,761,761,44669760,1412988,394,422,0
355,1.514,0.662,0.000,2.176,2.324,697965,1781607,0,811,761,761,44669760,1412988,394,422,0
356,1.518,0.651,0.000,2.169,2.272,697965,1781607,0,811,761,761,44669760,1412988,394,422,0
357,1.515,0.648,0.000,2.163,2.271,697965,1781607,0,811,761,761,44669760,1412988,394,422,0
358,1.486,0.651,0.000,2.137,2.260,697965,1781607,0,811,761,761,44669760,1412988,394,422,0
359,1.518,0.674,0.000,2.192,2.246,697965,1781607,0,811,761,761,44669760,1412988,394,422,0
360,1.484,0.634,0.000,2.119,2.298,697965,1781607,0,811,761,761,44669760,1412988,394,422,0
361,1.512,0.662,0.000,2.174,2.207,697965,1781607,0,811,761,761,44669760,1412988,394,422,0
362,1.537,0.646,0.000,2.184,2.271,697965,1781607,0,811,761,761,44669760,1412988,394,422,0
363,1.474,0.633,0.000,2.107,2.287,697965,1781607,0,811,761,761,44669760,1412988,394,422,0
364,1.490,0.614,0.000,2.104,2.230,697965,1781607,0,811,761,761,44669760,1412988,394,422,0
365,1.478,0.633,0.000,2.111,2.196,697965,1781607,0,811,761,761,44669760,1412988,394,422,0
366,1.525,0.641,0.000,2.166,2.211,697965,1781607,0,811,761,761,44669760,1412988,394,422,0
367,1.505,0.630,0.000,2.135,2.277,697965,1781607,0,811,761,761,44669760,1412988,394,422,0
368,1.464,0.667,0.000,2.131,2.240,697965,1781607,0,811,761,761,44669760,1412988,394,422,0
369,1.546,0.660,0.000,2.206,2.228,697965,1781607,0,811,761,761,44669760,1412988,394,422,0
370,1.496,0.647,0.000,2.143,2.297,697965,1781607,0,811,761,761,44669760,1412988,394,422,0
371,1.500,0.651,0.000,2.151,2.239,697965,1781607,0,811,761,761,44669760,1412988,394,422,0
372,1.503,0.641,0.000,2.144,2.255,697965,1781607,0,811,761,761,44669760,1412988,394,422,0
373,1.510,0.652,0.000,2.161,2.243,697965,1781607,0,811,761,761,44669760,1412988,394,422,0
374,1.506,0.631,0.000,2.138,2.254,697965,1781607,0,811,761,761,44669760,1412988,394,422,0
375,1.481,0.661,0.000,2.142,2.238,697965,1781607,0,811,761,761,44669760,1412988,394,422,0
376,1.512,0.638,0.000,2.149,2.236,697965,1781607,0,811,761,761,44669760,1412988,394,422,0
377,1.517,0.635,0.000,2.152,2.245,697965,1781607,0,811,761,761,44669760,1412988,394,422,0
378,1.456,0.639,0.000,2.095,2.249,697965,1781607,0,811,761,761,44669760,1412988,394,422,0
379,1.487,0.636,0.000,2.123,2.195,697965,1781607,0,811,761,761,44669760,1412988,394,422,0
380,1.519,0.652,0.000,2.171,2.218,697965,1781607,0,811,761,761,44669760,1412988,394,422,0
381,1.483,0.639,0.000,2.122,2.268,697965,1781607,0,811,761,761,44669760,1412988,394,422,0
382,1.499,0.642,0.000,2.142,2.228,697965,1781607,0,811,761,761,44669760,1412988,394,422,0
383,1.490,0.641,0.000,2.131,2.233,697965,1781607,0,811,761,761,44669760,1412988,394,422,0
384,1.565,0.776,0.000,2.341,2.232,697965,1781607,0,811,761,761,44669760,1412988,394,422,0
385,1.498,0.668,0.000,2.166,2.461,697965,1781607,0,811,761,761,44669760,1412988,394,422,0
386,1.477,0.648,0.000,2.125,2.276,697965,1781607,0,811,761,761,44669760,1412988,394,422,0
387,1.515,0.671,0.000,2.185,2.237,697965,1781607,0,811,761,761,44669760,1412988,394,422,0
388,1.552,0.653,0.000,2.205,2.280,697965,1781607,0,811,761,761,44669760,1412988,394,422,0
389,1.497,0.636,0.000,2.133,2.297,697965,1781607,0,811,761,761,44669760,1412988,394,422,0
390,1.480,0.659,0.000,2.139,2.236,697965,1781607,0,811,761,761,44669760,1412988,394,422,0
391,1.505,0.664,0.000,2.169,2.247,697965,1781607,0,811,761,761,44669760,1412988,394,422,0
392,1.547,0.666,0.000,2.214,2.261,697965,1781607,0,811,761,761,44669760,1412988,394,422,0
393,1.544,0.665,0.000,2.209,2.306,697965,1781607,0,811,761,761,44669760,1412988,394,422,0
394,1.494,0.616,0.000,2.110,2.302,697965,1781607,0,811,761,761,44669760,1412988,394,422,0
395,1.504,0.646,0.000,2.150,2.209,697965,1781607,0,811,761,761,44669760,1412988,394,422,0
396,1.501,0.656,0.000,2.156,2.247,697965,1781607,0,811,761,761,44669760,1412988,394,422,0
397,1.485,0.658,0.000,2.144,2.246,697965,1781607,0,811,761,761,44669760,1412988,394,422,0
398,1.531,0.646,0.000,2.178,2.254,697965,1781607,0,811,761,761,44669760,1412988,394,422,0
399,1.513,0.658,0.000,2.170,2.274,697965,1781607,0,811,761,761,44669760,1412988,394,422,0
400,1.497,0.645,0.000,2.142,2.289,697965,1781607,0,811,761,761,44669760,1412988,394,422,0
401,1.470,0.654,0.000,2.123,2.247,697965,1781607,0,811,761,761,44669760,1412988,394,422,0
402,1.500,0.659,0.000,2.158,2.216,697965,1781607,0,811,761,761,44669760,1412988,394,422,0
403,1.496,0.635,0.000,2.131,2.265,697965,1781607,0,811,761,761,44669760,1412988,394,422,0
404,1.536,0.649,0.000,2.184,2.231,697965,1781607,0,811,761,761,44669760,1412988,394,422,0
405,1.487,0.648,0.000,2.135,2.280,697965,1781607,0,811,761,761,44669760,1412988,394,422,0
406,1.535,0.632,0.000,2.168,2.242,697965,1781607,0,811,761,761,44669760,1412988,394,422,0
407,1.488,0.622,0.000,2.111,2.268,697965,1781607,0,811,761,761,44669760,1412988,394,422,0
408,1.501,0.667,0.000,2.168,2.204,697965,1781607,0,811,761,761,44669760,1412988,394,422,0
409,1.515,0.614,0.000,2.129,2.270,697965,1781607,0,811,761,761,44669760,1412988,394,422,0
410,1.430,0.651,0.000,2.081,2.242,697965,1781607,0,811,761,761,44669760,1412988,394,422,0
411,1.439,0.633,0.000,2.072,2.180,697965,1781607,0,811,761,761,44669760,1412988,394,422,0
412,1.451,0.622,0.000,2.073,2.194,697965,1781607,0,811,761,761,44669760,1412988,394,422,0
413,1.489,0.651,0.000,2.140,2.178,697965,1781607,0,811,761,761,44669760,1412988,394,422,0
414,1.530,0.667,0.000,2.197,2.239,697965,1781607,0,811,761,761,44669760,1412988,394,422,0
415,1.551,0.651,0.000,2.203,2.295,697965,1781607,0,811,761,761,44669760,1412988,394,422,0
416,1.542,0.643,0.000,2.185,2.303,697965,1781607,0,811,761,761,44669760,1412988,394,422,0
417,1.479,0.647,0.000,2.126,2.286,697965,1781607,0,811,761,761,44669760,1412988,394,422,0
418,1.494,0.639,0.000,2.132,2.221,697965,1781607,0,811,761,761,44669760,1412988,394,422,0
419,1.523,0.660,0.000,2.183,2.225,697965,1781607,0,811,761,761,44669760,1412988,394,422,0
420,1.535,0.636,0.000,2.170,2.285,697965,1781607,0,811,761,761,44669760,1412988,394,422,0
421,1.502,0.663,0.000,2.165,2.285,697965,1781607,0,811,761,761,44669760,1412988,394,422,0
422,1.488,0.652,0.000,2.140,2.272,697965,1781607,0,811,761,761,44669760,1412988,394,422,0
423,1.515,0.646,0.000,2.161,2.254,697965,1781607,0,811,761,761,44669760,1412988,394,422,0
424,1.488,0.641,0.000,2.129,2.269,697965,1781607,0,811,761,761,44669760,1412988,394,422,0
425,1.526,0.654,0.000,2.180,2.228,697965,1781607,0,811,761,761,44669760,1412988,394,422,0
426,1.479,0.641,0.000,2.120,2.276,697965,1781607,0,811,761,761,44669760,1412988,394,422,0
427,1.594,0.655,0.000,2.248,2.288,697965,1781607,0,811,761,761,44669760,1412988,394,422,0
428,1.538,0.654,0.000,2.192,2.368,697965,1781607,0,811,761,761,44669760,1412988,394,422,0
429,1.505,0.633,0.000,2.138,2.315,697965,1781607,0,811,761,761,44669760,1412988,394,422,0
430,1.464,0.636,0.000,2.100,2.237,697965,1781607,0,811,761,761,44669760,1412988,394,422,0
431,1.499,0.621,0.000,2.120,2.196,697965,1781607,0,811,761,761,44669760,1412988,394,422,0
432,1.691,0.812,0.000,2.503,2.223,697965,1781607,0,811,761,761,44669760,1412988,394,422,0
433,1.542,0.718,0.000,2.259,2.604,697965,1781607,0,811,761,761,44669760,1412988,394,422,0
434,1.482,0.680,0.000,2.162,2.367,697965,1781607,0,811,761,761,44669760,1412988,394,422,0
435,1.540,0.678,0.000,2.218,2.262,697965,1781607,0,811,761,761,44669760,1412988,394,422,0
436,1.589,0.722,0.000,2.311,2.311,697965,1781607,0,811,761,761,44669760,1412988,394,422,0
437,1.548,0.673,0.000,2.221,2.411,697965,1781607,0,811,761,761,44669760,1412988,394,422,0
438,1.550,0.692,0.000,2.241,2.328,697965,1781607,0,811,761,761,44669760,1412988,394,422,0
439,1.581,0.723,0.000,2.304,2.337,697965,1781607,0,811,761,761,44669760,1412988,394,422,0
440,1.484,0.685,0.000,2.169,2.404,697965,1781607,0,811,761,761,44669760,1412988,394,422,0
441,1.493,0.705,0.000,2.199,2.261,697965,1781607,0,811,761,761,44669760,1412988,394,422,0
442,1.617,0.706,0.000,2.323,2.298,697965,1781607,0,811,761,761,44669760,1412988,394,422,0
443,1.581,0.689,0.000,2.269,2.433,697965,1781607,0,811,761,761,44669760,1412988,394,422,0
444,1.510,0.679,0.000,2.189,2.374,697965,1781607,0,811,761,761,44669760,1412988,394,422,0
445,1.525,0.664,0.000,2.190,2.299,697965,1781607,0,811,761,761,44669760,1412988,394,422,0
446,1.501,0.699,0.000,2.200,2.297,697965,1781607,0,811,761,761,44669760,1412988,394,422,0
447,1.425,0.647,0.000,2.071,2.309,697965,1781607,0,811,761,761,44669760,1412988,394,422,0
448,1.556,0.696,0.000,2.253,2.169,697965,1781607,0,811,761,761,44669760,1412988,394,422,0
449,1.439,0.663,0.000,2.102,2.347,697965,1781607,0,811,761,761,44669760,1412988,394,422,0
450,1.546,0.691,0.000,2.237,2.206,697965,1781607,0,811,761,761,44669760,1412988,394,422,0
451,1.432,0.645,0.000,2.077,2.343,697965,1781607,0,811,761,761,44669760,1412988,394,422,0
452,1.496,0.679,0.000,2.175,2.176,697965,1781607,0,811,761,761,44669760,1412988,394,422,0
453,1.436,0.658,0.000,2.094,2.280,697965,1781607,0,811,761,761,44669760,1412988,394,422,0
454,1.452,0.638,0.000,2.090,2.185,697965,1781607,0,811,761,761,44669760,1412988,394,422,0
455,1.569,0.669,0.000,2.239,2.205,697965,1781607,0,811,761,761,44669760,1412988,394,422,0
456,1.491,0.663,0.000,2.154,2.346,697965,1781607,0,811,761,761,44669760,1412988,394,422,0
457,1.550,0.643,0.000,2.192,2.245,697965,1781607,0,811,761,761,44669760,1412988,394,422,0
458,1.523,0.669,0.000,2.193,2.283,697965,1781607,0,811,761,761,44669760,1412988,394,422,0
459,1.514,0.634,0.000,2.148,2.293,697965,1781607,0,811,761,761,44669760,1412988,394,422,0
460,1.511,0.685,0.000,2.196,2.253,697965,1781607,0,811,761,761,44669760,1412988,394,422,0
461,1.525,0.682,0.000,2.207,2.299,697965,1781607,0,811,761,761,44669760,1412988,394,422,0
462,1.530,0.672,0.000,2.202,2.322,697965,1781607,0,811,761,761,44669760,1412988,394,422,0
463,1.472,0.663,0.000,2.134,2.312,697965,1781607,0,811,761,761,44669760,1412988,394,422,0
464,1.612,0.782,0.000,2.395,2.233,697965,1781607,0,811,761,761,44669760,1412988,394,422,0
465,1.570,0.735,0.000,2.305,2.515,697965,1781607,0,811,761,761,44669760,1412988,394,422,0
466,1.557,0.675,0.000,2.232,2.421,697965,1781607,0,811,761,761,44669760,1412988,394,422,0
467,1.510,0.657,0.000,2.167,2.335,697965,1781607,0,811,761,761,44669760,1412988,394,422,0
468,1.519,0.659,0.000,2.178,2.260,697965,1781607,0,811,761,761,44669760,1412988,394,422,0
469,1.531,0.650,0.000,2.182,2.275,697965,1781607,0,811,761,761,44669760,1412988,394,422,0
470,1.483,0.648,0.000,2.131,2.284,697965,1781607,0,811,761,761,44669760,1412988,394,422,0
471,1.515,0.671,0.000,2.186,2.240,697965,1781607,0,811,761,761,44669760,1412988,394,422,0
472,1.655,0.817,0.000,2.473,2.295,697965,1781607,0,811,761,761,44669760,1412988,394,422,0
473,1.636,0.819,0.000,2.455,2.596,697965,1781607,0,811,761,761,44669760,1412988,394,422,0
474,1.644,0.754,0.000,2.398,2.566,697965,1781607,0,811,761,761,44669760,1412988,394,422,0
475,1.535,0.692,0.001,2.228,2.505,697965,1781607,0,811,761,761,44669760,1412988,394,422,0
476,1.540,0.689,0.000,2.229,2.334,697965,1781607,0,811,761,761,44669760,1412988,394,422,0
477,1.585,0.720,0.000,2.305,2.334,697965,1781607,0,811,761,761,44669760,1412988,394,422,0
478,1.490,0.661,0.000,2.151,2.419,697965,1781607,0,811,761,761,44669760,1412988,394,422,0
479,1.576,0.706,0.000,2.283,2.273,697965,1781607,0,811,761,761,44669760,1412988,394,422,0
480,1.485,0.672,0.000,2.157,2.395,697965,1781607,0,811,761,761,44669760,1412988,394,422,0
481,1.487,0.628,0.000,2.115,2.249,697965,1781607,0,811,761,761,44669760,1412988,394,422,0
482,1.527,0.645,0.000,2.172,2.213,697965,1781607,0,811,761,761,44669760,1412988,394,422,0
483,1.498,0.648,0.000,2.145,2.272,697965,1781607,0,811,761,761,44669760,1412988,394,422,0
484,1.527,0.645,0.000,2.172,2.251,697965,1781607,0,811,761,761,44669760,1412988,394,422,0
485,1.543,0.647,0.000,2.190,2.265,697965,1781607,0,811,761,761,44669760,1412988,394,422,0
486,1.575,0.652,0.000,2.227,2.285,697965,1781607,0,811,761,761,44669760,1412988,394,422,0
487,1.515,0.664,0.000,2.179,2.329,697965,1781607,0,811,761,761,44669760,1412988,394,422,0
488,1.493,0.658,0.000,2.150,2.281,697965,1781607,0,811,761,761,44669760,1412988,394,422,0
489,1.552,0.682,0.000,2.234,2.251,697965,1781607,0,811,761,761,44669760,1412988,394,422,0
490,1.539,0.649,0.000,2.188,2.329,697965,1781607,0,811,761,761,44669760,1412988,394,422,0
491,1.512,0.659,0.000,2.171,2.285,697965,1781607,0,811,761,761,44669760,1412988,394,422,0
492,1.495,0.664,0.000,2.159,2.273,697965,1781607,0,811,761,761,44669760,1412988,394,422,0
493,1.507,0.652,0.000,2.159,2.251,697965,1781607,0,811,761,761,44669760,1412988,394,422,0
494,1.515,0.655,0.000,2.170,2.267,697965,1781607,0,811,761,761,44669760,1412988,394,422,0
495,1.487,0.655,0.000,2.142,2.280,697965,1781607,0,811,761,761,44669760,1412988,394,422,0
496,1.494,0.621,0.000,2.115,2.234,697965,1781607,0,811,761,761,44669760,1412988,394,422,0
497,1.542,0.669,0.000,2.211,2.226,697965,1781607,0,811,761,761,44669760,1412988,394,422,0
498,1.524,0.664,0.000,2.188,2.338,697965,1781607,0,811,761,761,44669760,1412988,394,422,0
499,1.502,0.650,0.000,2.151,2.283,697965,1781607,0,811,761,761,44669760,1412988,394,422,0
500,1.518,0.654,0.000,2.172,2.244,697965,1781607,0,811,761,761,44669760,1412988,394,422,0
501,1.546,0.672,0.000,2.217,2.289,697965,1781607,0,811,761,761,44669760,1412988,394,422,0
502,1.483,0.671,0.000,2.154,2.323,697965,1781607,0,811,761,761,44669760,1412988,394,422,0
503,1.513,0.643,0.000,2.157,2.251,697965,1781607,0,811,761,761,44669760,1412988,394,422,0
504,1.538,0.640,0.000,2.178,2.257,697965,1781607,0,811,761,761,44669760,1412988,394,422,0
505,1.522,0.633,0.000,2.155,2.274,697965,1781607,0,811,761,761,44669760,1412988,394,422,0
506,1.475,0.617,0.000,2.092,2.263,697965,1781607,0,811,761,761,44669760,1412988,394,422,0
507,1.526,0.664,0.000,2.190,2.183,697965,1781607,0,811,761,761,44669760,1412988,394,422,0
508,1.508,0.630,0.000,2.138,2.293,697965,1781607,0,811,761,761,44669760,1412988,394,422,0
509,1.485,0.647,0.000,2.131,2.237,697965,1781607,0,811,761,761,44669760,1412988,394,422,0
510,1.485,0.632,0.000,2.118,2.237,697965,1781607,0,811,761,761,44669760,1412988,394,422,0
511,1.468,0.635,0.000,2.104,2.215,697965,1781607,0,811,761,761,44669760,1412988,394,422,0
512,1.525,0.635,0.000,2.160,2.205,697965,1781607,0,811,761,761,44669760,1412988,394,422,0
513,1.546,0.667,0.000,2.213,2.272,697965,1781607,0,811,761,761,44669760,1412988,394,422,0
514,1.518,0.675,0.000,2.193,2.331,697965,1781607,0,811,761,761,44669760,1412988,394,422,0
515,1.473,0.664,0.000,2.137,2.299,697965,1781607,0,811,761,761,44669760,1412988,394,422,0
516,1.525,0.622,0.000,2.147,2.228,697965,1781607,0,811,761,761,44669760,1412988,394,422,0
517,1.528,0.635,0.000,2.163,2.250,697965,1781607,0,811,761,761,44669760,1412988,394,422,0
518,1.476,0.652,0.000,2.128,2.264,697965,1781607,0,811,761,761,44669760,1412988,394,422,0
519,1.522,0.687,0.000,2.209,2.224,697965,1781607,0,811,761,761,44669760,1412988,394,422,0
520,1.681,0.713,0.000,2.394,2.306,697965,1781607,0,811,761,761,44669760,1412988,394,422,0
521,1.525,0.649,0.000,2.174,2.506,697965,1781607,0,811,761,761,44669760,1412988,394,422,0
522,1.562,0.660,0.000,2.222,2.266,697965,1781607,0,811,761,761,44669760,1412988,394,422,0
523,1.575,0.632,0.000,2.207,2.319,697965,1781607,0,811,761,761,44669760,1412988,394,422,0
524,1.517,0.679,0.000,2.197,2.306,697965,1781607,0,811,761,761,44669760,1412988,394,422,0
525,1.510,0.649,0.000,2.160,2.295,697965,1781607,0,811,761,761,44669760,1412988,394,422,0
526,1.536,0.618,0.000,2.154,2.263,697965,1781607,0,811,761,761,44669760,1412988,394,422,0
527,1.474,0.644,0.000,2.117,2.264,697965,1781607,0,811,761,761,44669760,1412988,394,422,0
528,1.604,0.746,0.000,2.351,2.211,697965,1781607,0,811,761,761,44669760,1412988,394,422,0
529,1.528,0.664,0.000,2.193,2.459,697965,1781607,0,811,761,761,44669760,1412988,394,422,0
530,1.588,0.632,0.000,2.220,2.287,697965,1781607,0,811,761,761,44669760,1412988,394,422,0
531,1.509,0.655,0.000,2.163,2.323,697965,1781607,0,811,761,761,44669760,1412988,394,422,0
532,1.510,0.636,0.000,2.146,2.265,697965,1781607,0,811,761,761,44669760,1412988,394,422,0
533,1.529,0.637,0.000,2.167,2.243,697965,1781607,0,811,761,761,44669760,1412988,394,422,0
534,1.487,0.624,0.000,2.111,2.274,697965,1781607,0,811,761,761,44669760,1412988,394,422,0
535,1.467,0.616,0.000,2.083,2.213,697965,1781607,0,811,761,761,44669760,1412988,394,422,0
536,1.559,0.655,0.000,2.214,2.191,697965,1781607,0,811,761,761,44669760,1412988,394,422,0
537,1.486,0.663,0.000,2.149,2.314,697965,1781607,0,811,761,761,44669760,1412988,394,422,0
538,1.493,0.636,0.000,2.129,2.260,697965,1781607,0,811,761,761,44669760,1412988,394,422,0
539,1.526,0.628,0.000,2.154,2.219,697965,1781607,0,811,761,761,44669760,1412988,394,422,0
540,1.522,0.636,0.000,2.158,2.251,697965,1781607,0,811,761,761,44669760,1412988,394,422,0
541,1.500,0.630,0.000,2.130,2.260,697965,1781607,0,811,761,761,44669760,1412988,394,422,0
542,1.481,0.651,0.000,2.132,2.236,697965,1781607,0,811,761,761,44669760,1412988,394,422,0
543,1.502,0.656,0.000,2.158,2.226,697965,1781607,0,811,761,761,44669760,1412988,394,422,0
544,1.512,0.653,0.000,2.165,2.257,697965,1781607,0,811,761,761,44669760,1412988,394,422,0
545,1.475,0.658,0.000,2.133,2.268,697965,1781607,0,811,761,761,44669760,1412988,394,422,0
546,1.580,0.680,0.000,2.260,2.255,697965,1781607,0,811,761,761,44669760,1412988,394,422,0
547,1.499,0.655,0.000,2.154,2.370,697965,1781607,0,811,761,761,44669760,1412988,394,422,0
548,1.501,0.643,0.000,2.144,2.249,697965,1781607,0,811,761,761,44669760,1412988,394,422,0
549,1.506,0.630,0.000,2.136,2.238,697965,1781607,0,811,761,761,44669760,1412988,394,422,0
550,1.514,0.647,0.000,2.161,2.241,697965,1781607,0,811,761,761,44669760,1412988,394,422,0
551,1.504,0.678,0.000,2.182,2.274,697965,1781607,0,811,761,761,44669760,1412988,394,422,0
552,1.539,0.670,0.000,2.209,2.300,697965,1781607,0,811,761,761,44669760,1412988,394,422,0
553,1.516,0.649,0.000,2.165,2.316,697965,1781607,0,811,761,761,44669760,1412988,394,422,0
554,1.488,0.663,0.000,2.152,2.273,697965,1781607,0,811,761,761,44669760,1412988,394,422,0
555,1.514,0.694,0.000,2.209,2.257,697965,1781607,0,811,761,761,44669760,1412988,394,422,0
556,1.444,0.629,0.000,2.073,2.303,697965,1781607,0,811,761,761,44669760,1412988,394,422,0
557,1.433,0.659,0.000,2.092,2.313,697965,1781607,0,811,761,761,44669760,1412988,394,422,0
558,1.482,0.645,0.000,2.128,2.216,697965,1781607,0,811,761,761,44669760,1412988,394,422,0
559,1.496,0.640,0.000,2.136,2.235,697965,1781607,0,811,761,761,44669760,1412988,394,422,0
560,1.536,0.654,0.000,2.190,2.230,697965,1781607,0,811,761,761,44669760,1412988,394,422,0
561,1.496,0.641,0.000,2.137,2.286,697965,1781607,0,811,761,761,44669760,1412988,394,422,0
562,1.532,0.631,0.000,2.162,2.236,697965,1781607,0,811,761,761,44669760,1412988,394,422,0
563,1.506,0.663,0.000,2.169,2.268,697965,1781607,0,811,761,761,44669760,1412988,394,422,0
564,1.504,0.637,0.000,2.141,2.283,697965,1781607,0,811,761,761,44669760,1412988,394,422,0
565,1.505,0.630,0.000,2.135,2.252,697965,1781607,0,811,761,761,44669760,1412988,394,422,0
566,1.543,0.636,0.000,2.179,2.226,697965,1781607,0,811,761,761,44669760,1412988,394,422,0
567,1.533,0.644,0.000,2.177,2.278,697965,1781607,0,811,761,761,44669760,1412988,394,422,0
568,1.499,0.636,0.000,2.136,2.273,697965,1781607,0,811,761,761,44669760,1412988,394,422,0
569,1.483,0.933,0.000,2.416,2.252,697965,1781607,0,811,761,761,44669760,1412988,394,422,0
570,1.972,1.481,0.000,3.453,2.566,697965,1781607,0,811,761,761,44669760,1412988,394,422,0
571,1.766,0.882,0.000,2.648,3.567,697965,1781607,0,811,761,761,44669760,1412988,394,422,0
572,1.614,0.686,0.000,2.300,2.739,697965,1781607,0,811,761,761,44669760,1412988,394,422,0
573,1.573,0.736,0.000,2.309,2.410,697965,1781607,0,811,761,761,44669760,1412988,394,422,0
574,1.548,0.749,0.000,2.297,2.411,697965,1781607,0,811,761,761,44669760,1412988,394,422,0
575,1.657,0.875,0.000,2.533,2.413,697965,1781607,0,811,761,761,44669760,1412988,394,422,0
576,1.542,0.644,0.000,2.185,2.639,697965,1781607,0,811,761,761,44669760,1412988,394,422,0
577,1.548,0.708,0.000,2.257,2.286,697965,1781607,0,811,761,761,44669760,1412988,394,422,0
578,1.516,0.694,0.000,2.210,2.364,697965,1781607,0,811,761,761,44669760,1412988,394,422,0
579,1.512,0.704,0.000,2.215,2.328,697965,1781607,0,811,761,761,44669760,1412988,394,422,0
580,1.541,0.672,0.000,2.212,2.324,697965,1781607,0,811,761,761,44669760,1412988,394,422,0
581,1.547,0.699,0.000,2.246,2.326,697965,1781607,0,811,761,761,44669760,1412988,394,422,0
582,1.532,0.691,0.000,2.223,2.354,697965,1781607,0,811,761,761,44669760,1412988,394,422,0
583,1.535,0.683,0.000,2.217,2.320,697965,1781607,0,811,761,761,44669760,1412988,394,422,0
584,1.515,0.721,0.000,2.235,2.313,697965,1781607,0,811,761,761,44669760,1412988,394,422,0
585,1.531,0.702,0.003,2.237,2.334,697965,1781607,0,811,761,761,44669760,1412988,394,422,0
586,1.530,0.707,0.000,2.238,2.355,697965,1781607,0,811,761,761,44669760,1412988,394,422,0
587,1.593,0.677,0.000,2.270,2.332,697965,1781607,0,811,761,761,44669760,1412988,394,422,0
588,1.574,0.665,0.000,2.239,2.373,697965,1781607,0,811,761,761,44669760,1412988,394,422,0
589,1.530,0.669,0.000,2.199,2.336,697965,1781607,0,811,761,761,44669760,1412988,394,422,0
590,1.507,0.670,0.000,2.178,2.300,697965,1781607,0,811,761,761,44669760,1412988,394,422,0
591,1.495,0.661,0.000,2.156,2.296,697965,1781607,0,811,761,761,44669760,1412988,394,422,0
592,1.513,0.711,0.000,2.223,2.280,697965,1781607,0,811,761,761,44669760,1412988,394,422,0
593,1.503,0.691,0.000,2.193,2.320,697965,1781607,0,811,761,761,44669760,1412988,394,422,0
594,1.527,0.665,0.000,2.192,2.309,697965,1781607,0,811,761,761,44669760,1412988,394,422,0
595,1.524,0.680,0.000,2.203,2.296,697965,1781607,0,811,761,761,44669760,1412988,394,422,0
596,1.499,0.664,0.000,2.163,2.312,697965,1781607,0,811,761,761,44669760,1412988,394,422,0
597,1.558,0.656,0.000,2.215,2.264,697965,1781607,0,811,761,761,44669760,1412988,394,422,0
598,1.552,0.638,0.000,2.190,2.326,697965,1781607,0,811,761,761,44669760,1412988,394,422,0
599,1.553,0.662,0.000,2.215,2.297,697965,1781607,0,811,761,761,44669760,1412988,394,422,0
600,1.522,0.701,0.000,2.223,2.321,697965,1781607,0,811,761,761,44669760,1412988,394,422,0
601,1.586,0.690,0.000,2.276,2.332,697965,1781607,0,811,761,761,44669760,1412988,394,422,0
602,1.519,0.695,0.000,2.215,2.390,697965,1781607,0,811,761,761,44669760,1412988,394,422,0
603,1.512,0.672,0.000,2.184,2.319,697965,1781607,0,811,761,761,44669760,1412988,394,422,0
604,1.523,0.663,0.000,2.187,2.284,697965,1781607,0,811,761,761,44669760,1412988,394,422,0
605,1.549,0.658,0.000,2.206,2.277,697965,1781607,0,811,761,761,44669760,1412988,394,422,0
606,1.553,0.652,0.000,2.205,2.304,697965,1781607,0,811,761,761,44669760,1412988,394,422,0
607,1.513,0.666,0.000,2.179,2.303,697965,1781607,0,811,761,761,44669760,1412988,394,422,0
608,1.475,0.648,0.000,2.123,2.289,697965,1781607,0,811,761,761,44669760,1412988,394,422,0
609,1.546,0.682,0.000,2.228,2.246,697965,1781607,0,811,761,761,44669760,1412988,394,422,0
610,1.528,0.646,0.000,2.174,2.338,697965,1781607,0,811,761,761,44669760,1412988,394,422,0
611,1.522,0.641,0.000,2.164,2.264,697965,1781607,0,811,761,761,44669760,1412988,394,422,0
612,1.566,0.636,0.000,2.202,2.266,697965,1781607,0,811,761,761,44669760,1412988,394,422,0
613,1.500,0.665,0.000,2.165,2.306,697965,1781607,0,811,761,761,44669760,1412988,394,422,0
614,1.473,0.672,0.000,2.144,2.264,697965,1781607,0,811,761,761,44669760,1412988,394,422,0
615,1.504,0.637,0.000,2.141,2.244,697965,1781607,0,811,761,761,44669760,1412988,394,422,0
616,1.545,0.650,0.000,2.195,2.239,697965,1781607,0,811,761,761,44669760,1412988,394,422,0
617,1.503,0.643,0.000,2.146,2.291,697965,1781607,0,811,761,761,44669760,1412988,394,422,0
618,1.541,0.682,0.000,2.223,2.252,697965,1781607,0,811,761,761,44669760,1412988,394,422,0
619,1.542,0.640,0.000,2.182,2.333,697965,1781607,0,811,761,761,44669760,1412988,394,422,0
620,1.569,0.649,0.000,2.218,2.288,697965,1781607,0,811,761,761,44669760,1412988,394,422,0
621,1.536,0.681,0.000,2.217,2.310,697965,1781607,0,811,761,761,44669760,1412988,394,422,0
622,1.572,0.676,0.000,2.248,2.311,697965,1781607,0,811,761,761,44669760,1412988,394,422,0
623,1.580,0.694,0.000,2.273,2.341,697965,1781607,0,811,761,761,44669760,1412988,394,422,0
624,1.501,0.654,0.000,2.154,2.375,697965,1781607,0,811,761,761,44669760,1412988,394,422,0
625,1.528,0.665,0.000,2.192,2.249,697965,1781607,0,811,761,761,44669760,1412988,394,422,0
626,1.534,0.650,0.000,2.184,2.290,697965,1781607,0,811,761,761,44669760,1412988,394,422,0
627,1.503,0.634,0.000,2.136,2.281,697965,1781607,0,811,761,761,44669760,1412988,394,422,0
628,1.511,0.638,0.000,2.148,2.240,697965,1781607,0,811,761,761,44669760,1412988,394,422,0
629,1.525,0.674,0.000,2.198,2.242,697965,1781607,0,811,761,761,44669760,1412988,394,422,0
630,1.671,0.660,0.000,2.331,2.301,697965,1781607,0,811,761,761,44669760,1412988,394,422,0
631,1.585,0.657,0.000,2.242,2.453,697965,1781607,0,811,761,761,44669760,1412988,394,422,0
632,1.536,0.644,0.000,2.180,2.350,697965,1781607,0,811,761,761,44669760,1412988,394,422,0
633,1.521,0.626,0.000,2.147,2.283,697965,1781607,0,811,761,761,44669760,1412988,394,422,0
634,1.544,0.673,0.000,2.217,2.249,697965,1781607,0,811,761,761,44669760,1412988,394,422,0
635,1.527,0.670,0.000,2.197,2.322,697965,1781607,0,811,761,761,44669760,1412988,394,422,0
636,1.547,0.623,0.000,2.170,2.299,697965,1781607,0,811,761,761,44669760,1412988,394,422,0
637,1.553,0.655,0.000,2.208,2.272,697965,1781607,0,811,761,761,44669760,1412988,394,422,0
638,1.478,0.676,0.000,2.154,2.313,697965,1781607,0,811,761,761,44669760,1412988,394,422,0
639,1.494,0.631,0.000,2.125,2.266,697965,1781607,0,811,761,761,44669760,1412988,394,422,0
640,1.529,0.652,0.000,2.181,2.228,697965,1781607,0,811,761,761,44669760,1412988,394,422,0
641,1.531,0.644,0.000,2.175,2.278,697965,1781607,0,811,761,761,44669760,1412988,394,422,0
642,1.500,0.640,0.000,2.140,2.285,697965,1781607,0,811,761,761,44669760,1412988,394,422,0
643,1.495,0.696,0.000,2.191,2.232,697965,1781607,0,811,761,761,44669760,1412988,394,422,0
644,1.530,0.658,0.000,2.188,2.289,697965,1781607,0,811,761,761,44669760,1412988,394,422,0
645,1.582,0.666,0.000,2.249,2.288,697965,1781607,0,811,761,761,44669760,1412988,394,422,0
646,1.547,0.660,0.000,2.207,2.342,697965,1781607,0,811,761,761,44669760,1412988,394,422,0
647,1.537,0.639,0.000,2.176,2.301,697965,1781607,0,811,761,761,44669760,1412988,394,422,0
648,1.533,0.645,0.000,2.177,2.284,697965,1781607,0,811,761,761,44669760,1412988,394,422,0
649,1.475,0.650,0.000,2.125,2.279,697965,1781607,0,811,761,761,44669760,1412988,394,422,0
650,1.531,0.635,0.000,2.166,2.229,697965,1781607,0,811,761,761,44669760,1412988,394,422,0
651,1.530,0.668,0.000,2.199,2.259,697965,1781607,0,811,761,761,44669760,1412988,394,422,0
652,1.520,0.648,0.000,2.168,2.289,697965,1781607,0,811,761,761,44669760,1412988,394,422,0
653,1.550,0.656,0.000,2.207,2.265,697965,1781607,0,811,761,761,44669760,1412988,394,422,0
654,1.494,0.648,0.000,2.141,2.314,697965,1781607,0,811,761,761,44669760,1412988,394,422,0
655,1.487,0.645,0.000,2.131,2.243,697965,1781607,0,811,761,761,44669760,1412988,394,422,0
656,1.516,0.643,0.000,2.159,2.226,697965,1781607,0,811,761,761,44669760,1412988,394,422,0
657,1.498,0.631,0.000,2.129,2.253,697965,1781607,0,811,761,761,44669760,1412988,394,422,0
658,1.557,0.625,0.000,2.182,2.228,697965,1781607,0,811,761,761,44669760,1412988,394,422,0
659,1.519,0.659,0.000,2.177,2.278,697965,1781607,0,811,761,761,44669760,1412988,394,422,0
660,1.483,0.642,0.000,2.125,2.279,697965,1781607,0,811,761,761,44669760,1412988,394,422,0
661,1.491,0.629,0.000,2.121,2.231,697965,1781607,0,811,761,761,44669760,1412988,394,422,0
662,1.563,0.678,0.000,2.242,2.212,697965,1781607,0,811,761,761,44669760,1412988,394,422,0
663,1.554,0.643,0.000,2.197,2.335,697965,1781607,0,811,761,761,44669760,1412988,394,422,0
664,1.515,0.640,0.000,2.155,2.287,697965,1781607,0,811,761,761,44669760,1412988,394,422,0
665,1.583,0.659,0.000,2.242,2.254,697965,1781607,0,811,761,761,44669760,1412988,394,422,0
666,1.569,0.676,0.000,2.245,2.339,697965,1781607,0,811,761,761,44669760,1412988,394,422,0
667,1.596,0.915,0.000,2.511,2.343,697965,1781607,0,811,761,761,44669760,1412988,394,422,0
668,1.538,0.580,0.000,2.118,2.628,697965,1781607,0,811,761,761,44669760,1412988,394,422,0
669,1.488,0.670,0.000,2.158,2.221,697965,1781607,0,811,761,761,44669760,1412988,394,422,0
670,1.517,0.648,0.000,2.165,2.256,697965,1781607,0,811,761,761,44669760,1412988,394,422,0
671,1.516,0.640,0.000,2.156,2.268,697965,1781607,0,811,761,761,44669760,1412988,394,422,0
672,1.450,0.647,0.000,2.098,2.250,697965,1781607,0,811,761,761,44669760,1412988,394,422,0
673,1.491,0.658,0.000,2.149,2.191,697965,1781607,0,811,761,761,44669760,1412988,394,422,0
674,1.511,0.637,0.000,2.148,2.250,697965,1781607,0,811,761,761,44669760,1412988,394,422,0
675,1.465,0.628,0.000,2.093,2.242,697965,1781607,0,811,761,761,44669760,1412988,394,422,0
676,1.490,0.650,0.000,2.140,2.192,697965,1781607,0,811,761,761,44669760,1412988,394,422,0
677,1.525,0.613,0.000,2.138,2.235,697965,1781607,0,811,761,761,44669760,1412988,394,422,0
678,1.475,0.659,0.000,2.134,2.237,697965,1781607,0,811,761,761,44669760,1412988,394,422,0
679,1.522,0.651,0.000,2.173,2.241,697965,1781607,0,811,761,761,44669760,1412988,394,422,0
680,1.499,0.646,0.000,2.145,2.263,697965,1781607,0,811,761,761,44669760,1412988,394,422,0
681,1.506,0.615,0.000,2.121,2.251,697965,1781607,0,811,761,761,44669760,1412988,394,422,0
682,1.528,0.652,0.000,2.180,2.215,697965,1781607,0,811,761,761,44669760,1412988,394,422,0
683,1.525,0.658,0.000,2.183,2.282,697965,1781607,0,811,761,761,44669760,1412988,394,422,0
684,1.526,0.642,0.000,2.168,2.279,697965,1781607,0,811,761,761,44669760,1412988,394,422,0
685,1.459,0.636,0.000,2.094,2.262,697965,1781607,0,811,761,761,44669760,1412988,394,422,0
686,1.510,0.648,0.000,2.158,2.204,697965,1781607,0,811,761,761,44669760,1412988,394,422,0
687,1.530,0.688,0.000,2.218,2.251,697965,1781607,0,811,761,761,44669760,1412988,394,422,0
688,1.681,0.961,0.000,2.642,2.327,697965,1781607,0,811,761,761,44669760,1412988,394,422,0
689,1.574,0.625,0.000,2.199,2.747,697965,1781607,0,811,761,761,44669760,1412988,394,422,0
690,1.524,0.673,0.000,2.198,2.299,697965,1781607,0,811,761,761,44669760,1412988,394,422,0
691,1.530,0.644,0.000,2.174,2.289,697965,1781607,0,811,761,761,44669760,1412988,394,422,0
692,1.527,0.646,0.000,2.173,2.267,697965,1781607,0,811,761,761,44669760,1412988,394,422,0
693,1.498,0.647,0.000,2.145,2.273,697965,1781607,0,811,761,761,44669760,1412988,394,422,0
694,1.843,1.431,0.000,3.273,2.362,697965,1781607,0,811,761,761,44669760,1412988,394,422,0
695,1.843,0.884,0.000,2.727,3.401,697965,1781607,0,811,761,761,44669760,1412988,394,422,0
696,1.624,0.820,0.000,2.444,2.821,697965,1781607,0,811,761,761,44669760,1412988,394,422,0
697,1.572,0.646,0.000,2.218,2.551,697965,1781607,0,811,761,761,44669760,1412988,394,422,0
698,1.579,0.726,0.000,2.304,2.318,697965,1781607,0,811,761,761,44669760,1412988,394,422,0
699,1.564,0.689,0.000,2.253,2.415,697965,1781607,0,811,761,761,44669760,1412988,394,422,0
700,1.567,0.670,0.000,2.238,2.362,697965,1781607,0,811,761,761,44669760,1412988,394,422,0
701,1.532,0.660,0.000,2.192,2.345,697965,1781607,0,811,761,761,44669760,1412988,394,422,0
702,1.532,0.707,0.000,2.240,2.307,697965,1781607,0,811,761,761,44669760,1412988,394,422,0
703,1.638,0.929,0.001,2.568,2.353,697965,1781607,0,811,761,761,44669760,1412988,394,422,0
704,1.541,0.648,0.000,2.188,2.692,697965,1781607,0,811,761,761,44669760,1412988,394,422,0
705,1.534,0.731,0.000,2.265,2.310,697965,1781607,0,811,761,761,44669760,1412988,394,422,0
706,1.529,0.679,0.000,2.208,2.369,697965,1781607,0,811,761,761,44669760,1412988,394,422,0
707,1.575,0.683,0.000,2.257,2.311,697965,1781607,0,811,761,761,44669760,1412988,394,422,0
708,1.540,0.730,0.000,2.270,2.362,697965,1781607,0,811,761,761,44669760,1412988,394,422,0
709,1.526,0.691,0.000,2.217,2.375,697965,1781607,0,811,761,761,44669760,1412988,394,422,0
710,1.480,0.669,0.000,2.150,2.316,697965,1781607,0,811,761,761,44669760,1412988,394,422,0
711,1.498,0.676,0.000,2.174,2.257,697965,1781607,0,811,761,761,44669760,1412988,394,422,0
712,1.509,0.659,0.000,2.168,2.268,697965,1781607,0,811,761,761,44669760,1412988,394,422,0
713,1.552,0.656,0.000,2.209,2.266,697965,1781607,0,811,761,761,44669760,1412988,394,422,0
714,1.491,0.713,0.000,2.203,2.317,697965,1781607,0,811,761,761,44669760,1412988,394,422,0
715,1.566,0.714,0.000,2.280,2.327,697965,1781607,0,811,761,761,44669760,1412988,394,422,0
716,1.468,0.686,0.000,2.155,2.397,697965,1781607,0,811,761,761,44669760,1412988,394,422,0
717,1.512,0.694,0.000,2.206,2.255,697965,1781607,0,811,761,761,44669760,1412988,394,422,0
718,1.487,0.683,0.000,2.169,2.317,697965,1781607,0,811,761,761,44669760,1412988,394,422,0
719,1.529,0.637,0.000,2.166,2.271,697965,1781607,0,811,761,761,44669760,1412988,394,422,0
720,1.517,0.670,0.000,2.187,2.259,697965,1781607,0,811,761,761,44669760,1412988,394,422,0
721,1.546,0.665,0.000,2.211,2.297,697965,1781607,0,811,761,761,44669760,1412988,394,422,0
722,1.537,0.679,0.000,2.216,2.328,697965,1781607,0,811,761,761,44669760,1412988,394,422,0
723,1.504,0.670,0.000,2.174,2.325,697965,1781607,0,811,761,761,44669760,1412988,394,422,0
724,1.490,0.681,0.000,2.172,2.278,697965,1781607,0,811,761,761,44669760,1412988,394,422,0
725,1.527,0.694,0.000,2.222,2.266,697965,1781607,0,811,761,761,44669760,1412988,394,422,0
726,1.548,0.705,0.000,2.252,2.322,697965,1781607,0,811,761,761,44669760,1412988,394,422,0
727,1.471,0.669,0.000,2.140,2.355,697965,1781607,0,811,761,761,44669760,1412988,394,422,0
728,1.509,0.664,0.000,2.173,2.236,697965,1781607,0,811,761,761,44669760,1412988,394,422,0
729,1.556,0.691,0.000,2.247,2.286,697965,1781607,0,811,761,761,44669760,1412988,394,422,0
730,1.479,0.675,0.000,2.153,2.377,697965,1781607,0,811,761,761,44669760,1412988,394,422,0
731,1.536,0.641,0.000,2.177,2.245,697965,1781607,0,811,761,761,44669760,1412988,394,422,0
732,1.550,0.657,0.000,2.207,2.280,697965,1781607,0,811,761,761,44669760,1412988,394,422,0
733,1.506,0.642,0.000,2.148,2.311,697965,1781607,0,811,761,761,44669760,1412988,394,422,0
734,1.503,0.659,0.000,2.162,2.254,697965,1781607,0,811,761,761,44669760,1412988,394,422,0
735,1.506,0.662,0.000,2.168,2.254,697965,1781607,0,811,761,761,44669760,1412988,394,422,0
736,1.529,0.661,0.000,2.190,2.266,697965,1781607,0,811,761,761,44669760,1412988,394,422,0
737,1.535,0.698,0.000,2.233,2.289,697965,1781607,0,811,761,761,44669760,1412988,394,422,0
738,1.542,0.685,0.000,2.227,2.341,697965,1781607,0,811,761,761,44669760,1412988,394,422,0
739,1.541,0.697,0.000,2.238,2.335,697965,1781607,0,811,761,761,44669760,1412988,394,422,0
740,1.504,0.632,0.000,2.136,2.354,697965,1781607,0,811,761,761,44669760,1412988,394,422,0
741,1.502,0.653,0.000,2.155,2.236,697965,1781607,0,811,761,761,44669760,1412988,394,422,0
742,1.530,0.649,0.000,2.179,2.253,697965,1781607,0,811,761,761,44669760,1412988,394,422,0
743,1.514,0.649,0.000,2.164,2.270,697965,1781607,0,811,761,761,44669760,1412988,394,422,0
744,1.527,0.618,0.000,2.146,2.267,697965,1781607,0,811,761,761,44669760,1412988,394,422,0
745,1.484,0.663,0.000,2.146,2.250,697965,1781607,0,811,761,761,44669760,1412988,394,422,0
746,1.526,0.630,0.000,2.156,2.240,697965,1781607,0,811,761,761,44669760,1412988,394,422,0
747,1.546,0.650,0.000,2.196,2.249,697965,1781607,0,811,761,761,44669760,1412988,394,422,0
748,1.504,0.651,0.000,2.155,2.296,697965,1781607,0,811,761,761,44669760,1412988,394,422,0
749,1.498,0.637,0.000,2.135,2.252,697965,1781607,0,811,761,761,44669760,1412988,394,422,0
750,1.495,0.671,0.000,2.167,2.226,697965,1781607,0,811,761,761,44669760,1412988,394,422,0
751,1.551,0.645,0.000,2.196,2.268,697965,1781607,0,811,761,761,44669760,1412988,394,422,0
752,1.432,0.649,0.000,2.080,2.292,697965,1781607,0,811,761,761,44669760,1412988,394,422,0
753,1.492,0.643,0.000,2.135,2.178,697965,1781607,0,811,761,761,44669760,1412988,394,422,0
754,1.552,0.640,0.000,2.191,2.230,697965,1781607,0,811,761,761,44669760,1412988,394,422,0
755,1.456,0.662,0.000,2.118,2.289,697965,1781607,0,811,761,761,44669760,1412988,394,422,0
756,1.521,0.648,0.000,2.169,2.213,697965,1781607,0,811,761,761,44669760,1412988,394,422,0
757,1.503,0.662,0.000,2.165,2.260,697965,1781607,0,811,761,761,44669760,1412988,394,422,0
758,1.490,0.632,0.000,2.122,2.267,697965,1781607,0,811,761,761,44669760,1412988,394,422,0
759,1.477,0.661,0.000,2.138,2.229,697965,1781607,0,811,761,761,44669760,1412988,394,422,0
760,1.488,0.626,0.000,2.115,2.228,697965,1781607,0,811,761,761,44669760,1412988,394,422,0
761,1.517,0.639,0.000,2.157,2.222,697965,1781607,0,811,761,761,44669760,1412988,394,422,0
762,1.489,0.647,0.000,2.137,2.263,697965,1781607,0,811,761,761,44669760,1412988,394,422,0
763,1.469,0.651,0.000,2.120,2.242,697965,1781607,0,811,761,761,44669760,1412988,394,422,0
764,1.510,0.648,0.000,2.158,2.224,697965,1781607,0,811,761,761,44669760,1412988,394,422,0
765,1.498,0.664,0.000,2.162,2.250,697965,1781607,0,811,761,761,44669760,1412988,394,422,0
766,1.487,0.642,0.000,2.130,2.253,697965,1781607,0,811,761,761,44669760,1412988,394,422,0
767,1.519,0.632,0.000,2.151,2.231,697965,1781607,0,811,761,761,44669760,1412988,394,422,0
768,1.485,0.667,0.000,2.152,2.253,697965,1781607,0,811,761,761,44669760,1412988,394,422,0
769,1.489,0.637,0.000,2.126,2.244,697965,1781607,0,811,761,761,44669760,1412988,394,422,0
770,1.518,0.632,0.000,2.149,2.221,697965,1781607,0,811,761,761,44669760,1412988,394,422,0
771,1.505,0.649,0.000,2.153,2.249,697965,1781607,0,811,761,761,44669760,1412988,394,422,0
772,1.466,0.660,0.000,2.126,2.260,697965,1781607,0,811,761,761,44669760,1412988,394,422,0
773,1.528,0.621,0.000,2.150,2.220,697965,1781607,0,811,761,761,44669760,1412988,394,422,0
774,1.514,0.649,0.000,2.163,2.246,697965,1781607,0,811,761,761,44669760,1412988,394,422,0
775,1.521,0.639,0.000,2.160,2.263,697965,1781607,0,811,761,761,44669760,1412988,394,422,0
776,1.484,0.637,0.000,2.121,2.256,697965,1781607,0,811,761,761,44669760,1412988,394,422,0
777,1.554,0.640,0.000,2.194,2.216,697965,1781607,0,811,761,761,44669760,1412988,394,422,0
778,1.503,0.649,0.000,2.152,2.294,697965,1781607,0,811,761,761,44669760,1412988,394,422,0
779,1.486,0.648,0.000,2.134,2.243,697965,1781607,0,811,761,761,44669760,1412988,394,422,0
780,1.505,0.640,0.000,2.145,2.231,697965,1781607,0,811,761,761,44669760,1412988,394,422,0
781,1.440,0.654,0.000,2.094,2.250,697965,1781607,0,811,761,761,44669760,1412988,394,422,0
782,1.487,0.627,0.000,2.114,2.189,697965,1781607,0,811,761,761,44669760,1412988,394,422,0
783,1.467,0.647,0.000,2.114,2.220,697965,1781607,0,811,761,761,44669760,1412988,394,422,0
784,1.479,0.658,0.000,2.137,2.204,697965,1781607,0,811,761,761,44669760,1412988,394,422,0
785,1.482,0.632,0.000,2.114,2.239,697965,1781607,0,811,761,761,44669760,1412988,394,422,0
786,1.473,0.637,0.000,2.110,2.226,697965,1781607,0,811,761,761,44669760,1412988,394,422,0
787,1.498,0.633,0.000,2.131,2.201,697965,1781607,0,811,761,761,44669760,1412988,394,422,0
788,1.503,0.650,0.000,2.153,2.236,697965,1781607,0,811,761,761,44669760,1412988,394,422,0
789,1.488,0.665,0.000,2.153,2.250,697965,1781607,0,811,761,761,44669760,1412988,394,422,0
790,1.475,0.648,0.000,2.123,2.259,697965,1781607,0,811,761,761,44669760,1412988,394,422,0
791,1.558,0.696,0.000,2.255,2.231,697965,1781607,0,811,761,761,44669760,1412988,394,422,0
792,1.528,0.685,0.000,2.214,2.387,697965,1781607,0,811,761,761,44669760,1412988,394,422,0
793,1.474,0.667,0.000,2.141,2.327,697965,1781607,0,811,761,761,44669760,1412988,394,422,0
794,1.501,0.682,0.000,2.183,2.239,697965,1781607,0,811,761,761,44669760,1412988,394,422,0
795,1.500,0.657,0.000,2.157,2.274,697965,1781607,0,811,761,761,44669760,1412988,394,422,0
796,1.543,0.644,0.000,2.187,2.263,697965,1781607,0,811,761,761,44669760,1412988,394,422,0
797,1.460,0.645,0.000,2.106,2.283,697965,1781607,0,811,761,761,44669760,1412988,394,422,0
798,1.522,0.646,0.000,2.168,2.220,697965,1781607,0,811,761,761,44669760,1412988,394,422,0
799,1.535,0.673,0.000,2.208,2.268,697965,1781607,0,811,761,761,44669760,1412988,394,422,0
800,1.520,0.670,0.000,2.189,2.313,697965,1781607,0,811,761,761,44669760,1412988,394,422,0
801,1.512,0.641,0.000,2.153,2.283,697965,1781607,0,811,761,761,44669760,1412988,394,422,0
802,1.531,0.649,0.000,2.180,2.256,697965,1781607,0,811,761,761,44669760,1412988,394,422,0
803,1.476,0.663,0.000,2.139,2.281,697965,1781607,0,811,761,761,44669760,1412988,394,422,0
804,1.530,0.648,0.000,2.179,2.230,697965,1781607,0,811,761,761,44669760,1412988,394,422,0
805,1.521,0.652,0.000,2.174,2.271,697965,1781607,0,811,761,761,44669760,1412988,394,422,0
806,1.488,0.652,0.000,2.140,2.279,697965,1781607,0,811,761,761,44669760,1412988,394,422,0
807,1.492,0.660,0.000,2.152,2.240,697965,1781607,0,811,761,761,44669760,1412988,394,422,0
808,1.497,0.635,0.000,2.132,2.246,697965,1781607,0,811,761,761,44669760,1412988,394,422,0
809,1.502,0.628,0.000,2.130,2.238,697965,1781607,0,811,761,761,44669760,1412988,394,422,0
810,1.469,0.642,0.000,2.110,2.228,697965,1781607,0,811,761,761,44669760,1412988,394,422,0
811,1.498,0.631,0.000,2.129,2.205,697965,1781607,0,811,761,761,44669760,1412988,394,422,0
812,1.498,0.631,0.000,2.129,2.229,697965,1781607,0,811,761,761,44669760,1412988,394,422,0
813,1.488,0.647,0.000,2.135,2.232,697965,1781607,0,811,761,761,44669760,1412988,394,422,0
814,1.476,0.641,0.000,2.118,2.236,697965,1781607,0,811,761,761,44669760,1412988,394,422,0
815,1.523,0.625,0.000,2.148,2.209,697965,1781607,0,811,761,761,44669760,1412988,394,422,0
816,1.516,0.645,0.000,2.161,2.245,697965,1781607,0,811,761,761,44669760,1412988,394,422,0
817,1.485,0.630,0.000,2.115,2.266,697965,1781607,0,811,761,761,44669760,1412988,394,422,0
818,1.555,0.646,0.000,2.201,2.207,697965,1781607,0,811,761,761,44669760,1412988,394,422,0
819,1.507,0.646,0.000,2.154,2.294,697965,1781607,0,811,761,761,44669760,1412988,394,422,0
820,1.515,0.654,0.000,2.169,2.257,697965,1781607,0,811,761,761,44669760,1412988,394,422,0
821,1.472,0.647,0.000,2.119,2.274,697965,1781607,0,811,761,761,44669760,1412988,394,422,0
822,1.507,0.654,0.000,2.162,2.210,697965,1781607,0,811,761,761,44669760,1412988,394,422,0
823,1.507,0.650,0.000,2.157,2.255,697965,1781607,0,811,761,761,44669760,1412988,394,422,0
824,1.469,0.635,0.000,2.104,2.251,697965,1781607,0,811,761,761,44669760,1412988,394,422,0
825,1.489,0.658,0.000,2.147,2.209,697965,1781607,0,811,761,761,44669760,1412988,394,422,0
826,1.542,0.654,0.000,2.196,2.247,697965,1781607,0,811,761,761,44669760,1412988,394,422,0
827,1.500,0.635,0.000,2.136,2.291,697965,1781607,0,811,761,761,44669760,1412988,394,422,0
828,1.543,0.668,0.000,2.211,2.234,697965,1781607,0,811,761,761,44669760,1412988,394,422,0
829,1.529,0.673,0.000,2.202,2.326,697965,1781607,0,811,761,761,44669760,1412988,394,422,0
830,1.471,0.655,0.000,2.125,2.310,697965,1781607,0,811,761,761,44669760,1412988,394,422,0
831,1.523,0.664,0.000,2.188,2.220,697965,1781607,0,811,761,761,44669760,1412988,394,422,0
832,1.496,0.642,0.000,2.138,2.283,697965,1781607,0,811,761,761,44669760,1412988,394,422,0
833,1.471,0.638,0.000,2.109,2.240,697965,1781607,0,811,761,761,44669760,1412988,394,422,0
834,1.520,0.680,0.000,2.199,2.214,697965,1781607,0,811,761,761,44669760,1412988,394,422,0
835,1.527,0.673,0.000,2.200,2.296,697965,1781607,0,811,761,761,44669760,1412988,394,422,0
836,1.538,0.649,0.000,2.187,2.304,697965,1781607,0,811,761,761,44669760,1412988,394,422,0
837,1.471,0.655,0.000,2.127,2.293,697965,1781607,0,811,761,761,44669760,1412988,394,422,0
838,1.517,0.662,0.000,2.179,2.238,697965,1781607,0,811,761,761,44669760,1412988,394,422,0
839,1.497,0.643,0.000,2.141,2.274,697965,1781607,0,811,761,761,44669760,1412988,394,422,0
840,1.496,0.650,0.000,2.146,2.235,697965,1781607,0,811,761,761,44669760,1412988,394,422,0
841,1.537,0.655,0.000,2.191,2.244,697965,1781607,0,811,761,761,44669760,1412988,394,422,0
842,1.453,0.638,0.000,2.091,2.286,697965,1781607,0,811,761,761,44669760,1412988,394,422,0
843,1.505,0.636,0.000,2.141,2.193,697965,1781607,0,811,761,761,44669760,1412988,394,422,0
844,1.541,0.663,0.000,2.204,2.232,697965,1781607,0,811,761,761,44669760,1412988,394,422,0
845,1.509,0.637,0.000,2.145,2.298,697965,1781607,0,811,761,761,44669760,1412988,394,422,0
846,1.476,0.641,0.000,2.117,2.249,697965,1781607,0,811,761,761,44669760,1412988,394,422,0
847,1.467,0.615,0.000,2.082,2.221,697965,1781607,0,811,761,761,44669760,1412988,394,422,0
848,1.511,0.626,0.000,2.137,2.178,697965,1781607,0,811,761,761,44669760,1412988,394,422,0
849,1.479,0.650,0.000,2.130,2.246,697965,1781607,0,811,761,761,44669760,1412988,394,422,0
850,1.507,0.681,0.000,2.188,2.230,697965,1781607,0,811,761,761,44669760,1412988,394,422,0
851,1.523,0.655,0.000,2.178,2.287,697965,1781607,0,811,761,761,44669760,1412988,394,422,0
852,1.529,0.646,0.000,2.174,2.284,697965,1781607,0,811,761,761,44669760,1412988,394,422,0
853,1.500,0.620,0.000,2.120,2.282,697965,1781607,0,811,761,761,44669760,1412988,394,422,0
854,1.460,0.653,0.000,2.112,2.218,697965,1781607,0,811,761,761,44669760,1412988,394,422,0
855,1.530,0.650,0.000,2.179,2.210,697965,1781607,0,811,761,761,44669760,1412988,394,422,0
856,1.469,0.653,0.000,2.122,2.280,697965,1781607,0,811,761,761,44669760,1412988,394,422,0
857,1.475,0.620,0.000,2.095,2.215,697965,1781607,0,811,761,761,44669760,1412988,394,422,0
858,1.531,0.633,0.000,2.164,2.195,697965,1781607,0,811,761,761,44669760,1412988,394,422,0
859,1.456,0.647,0.000,2.103,2.266,697965,1781607,0,811,761,761,44669760,1412988,394,422,0
860,1.485,0.631,0.000,2.116,2.194,697965,1781607,0,811,761,761,44669760,1412988,394,422,0
861,1.500,0.641,0.000,2.141,2.219,697965,1781607,0,811,761,761,44669760,1412988,394,422,0
862,1.503,0.643,0.000,2.146,2.232,697965,1781607,0,811,761,761,44669760,1412988,394,422,0
863,1.503,0.646,0.000,2.149,2.242,697965,1781607,0,811,761,761,44669760,1412988,394,422,0
864,1.472,0.648,0.000,2.120,2.246,697965,1781607,0,811,761,761,44669760,1412988,394,422,0
865,1.484,0.618,0.000,2.102,2.213,697965,1781607,0,811,761,761,44669760,1412988,394,422,0
866,1.434,0.606,0.000,2.041,2.206,697965,1781607,0,811,761,761,44669760,1412988,394,422,0
867,1.445,0.615,0.000,2.059,2.136,697965,1781607,0,811,761,761,44669760,1412988,394,422,0
868,1.521,1.379,0.000,2.900,2.153,697965,1781607,0,811,761,761,44669760,1412988,394,422,0
869,1.489,0.898,0.000,2.387,2.994,697965,1781607,0,811,761,761,44669760,1412988,394,422,0
870,1.502,0.665,0.000,2.168,2.483,697965,1781607,0,811,761,761,44669760,1412988,394,422,0
871,1.508,0.691,0.000,2.199,2.272,697965,1781607,0,811,761,761,44669760,1412988,394,422,0
872,1.498,0.666,0.000,2.164,2.293,697965,1781607,0,811,761,761,44669760,1412988,394,422,0
873,1.494,0.660,0.000,2.154,2.260,697965,1781607,0,811,761,761,44669760,1412988,394,422,0
874,1.474,0.676,0.000,2.150,2.260,697965,1781607,0,811,761,761,44669760,1412988,394,422,0
875,1.461,0.696,0.000,2.157,2.261,697965,1781607,0,811,761,761,44669760,1412988,394,422,0
876,1.498,0.664,0.000,2.163,2.250,697965,1781607,0,811,761,761,44669760,1412988,394,422,0
877,1.493,0.677,0.000,2.170,2.260,697965,1781607,0,811,761,761,44669760,1412988,394,422,0
878,1.548,0.700,0.000,2.248,2.284,697965,1781607,0,811,761,761,44669760,1412988,394,422,0
879,1.469,0.674,0.000,2.142,2.356,697965,1781607,0,811,761,761,44669760,1412988,394,422,0
880,1.509,0.689,0.000,2.199,2.243,697965,1781607,0,811,761,761,44669760,1412988,394,422,0
881,1.482,0.681,0.000,2.163,2.302,697965,1781607,0,811,761,761,44669760,1412988,394,422,0
882,1.561,0.657,0.000,2.218,2.254,697965,1781607,0,811,761,761,44669760,1412988,394,422,0
883,1.480,0.664,0.000,2.144,2.314,697965,1781607,0,811,761,761,44669760,1412988,394,422,0
884,1.477,0.652,0.000,2.129,2.238,697965,1781607,0,811,761,761,44669760,1412988,394,422,0
885,1.500,0.651,0.000,2.151,2.225,697965,1781607,0,811,761,761,44669760,1412988,394,422,0
886,1.524,0.649,0.000,2.173,2.257,697965,1781607,0,811,761,761,44669760,1412988,394,422,0
887,1.504,0.690,0.000,2.193,2.277,697965,1781607,0,811,761,761,44669760,1412988,394,422,0
888,1.509,0.697,0.000,2.206,2.284,697965,1781607,0,811,761,761,44669760,1412988,394,422,0
889,1.499,0.640,0.000,2.139,2.298,697965,1781607,0,811,761,761,44669760,1412988,394,422,0
890,1.506,0.638,0.000,2.144,2.238,697965,1781607,0,811,761,761,44669760,1412988,394,422,0
891,1.500,0.640,0.000,2.140,2.248,697965,1781607,0,811,761,761,44669760,1412988,394,422,0
892,1.439,0.693,0.000,2.132,2.251,697965,1781607,0,811,761,761,44669760,1412988,394,422,0
893,1.476,0.646,0.000,2.123,2.222,697965,1781607,0,811,761,761,44669760,1412988,394,422,0
894,1.515,0.651,0.000,2.166,2.224,697965,1781607,0,811,761,761,44669760,1412988,394,422,0
895,1.473,0.619,0.000,2.092,2.264,697965,1781607,0,811,761,761,44669760,1412988,394,422,0
896,1.473,0.641,0.000,2.113,2.188,697965,1781607,0,811,761,761,44669760,1412988,394,422,0
897,1.520,0.641,0.000,2.161,2.215,697965,1781607,0,811,761,761,44669760,1412988,394,422,0
898,1.477,0.641,0.000,2.119,2.263,697965,1781607,0,811,761,761,44669760,1412988,394,422,0
899,1.493,0.646,0.000,2.140,2.223,697965,1781607,0,811,761,761,44669760,1412988,394,422,0
900,1.499,0.642,0.000,2.141,2.231,697965,1781607,0,811,761,761,44669760,1412988,394,422,0
901,1.519,0.647,0.000,2.166,2.236,697965,1781607,0,811,761,761,44669760,1412988,394,422,0
902,1.464,0.681,0.000,2.144,2.274,697965,1781607,0,811,761,761,44669760,1412988,394,422,0
903,1.486,0.646,0.000,2.132,2.238,697965,1781607,0,811,761,761,44669760,1412988,394,422,0
904,1.507,0.637,0.000,2.144,2.228,697965,1781607,0,811,761,761,44669760,1412988,394,422,0
905,1.470,0.641,0.000,2.111,2.246,697965,1781607,0,811,761,761,44669760,1412988,394,422,0
906,1.496,0.628,0.000,2.124,2.202,697965,1781607,0,811,761,761,44669760,1412988,394,422,0
907,1.500,0.631,0.000,2.130,2.216,697965,1781607,0,811,761,761,44669760,1412988,394,422,0
908,1.543,0.655,0.000,2.198,2.227,697965,1781607,0,811,761,761,44669760,1412988,394,422,0
909,1.533,0.669,0.000,2.203,2.309,697965,1781607,0,811,761,761,44669760,1412988,394,422,0
910,1.493,0.646,0.000,2.139,2.327,697965,1781607,0,811,761,761,44669760,1412988,394,422,0
911,1.497,0.653,0.000,2.151,2.237,697965,1781607,0,811,761,761,44669760,1412988,394,422,0
912,1.513,0.660,0.000,2.173,2.244,697965,1781607,0,811,761,761,44669760,1412988,394,422,0
913,1.466,0.646,0.000,2.112,2.274,697965,1781607,0,811,761,761,44669760,1412988,394,422,0
914,1.478,0.665,0.000,2.143,2.202,697965,1781607,0,811,761,761,44669760,1412988,394,422,0
915,1.539,0.671,0.000,2.210,2.239,697965,1781607,0,811,761,761,44669760,1412988,394,422,0
916,1.466,0.636,0.000,2.102,2.316,697965,1781607,0,811,761,761,44669760,1412988,394,422,0
917,1.481,0.639,0.000,2.121,2.193,697965,1781607,0,811,761,761,44669760,1412988,394,422,0
918,1.525,0.648,0.000,2.173,2.222,697965,1781607,0,811,761,761,44669760,1412988,394,422,0
919,1.456,0.656,0.000,2.112,2.278,697965,1781607,0,811,761,761,44669760,1412988,394,422,0
920,1.499,0.643,0.000,2.142,2.201,697965,1781607,0,811,761,761,44669760,1412988,394,422,0
921,1.486,0.639,0.000,2.125,2.245,697965,1781607,0,811,761,761,44669760,1412988,394,422,0
922,1.456,0.640,0.000,2.096,2.227,697965,1781607,0,811,761,761,44669760,1412988,394,422,0
923,1.504,0.659,0.000,2.163,2.187,697965,1781607,0,811,761,761,44669760,1412988,394,422,0
924,1.497,0.629,0.000,2.126,2.267,697965,1781607,0,811,761,761,44669760,1412988,394,422,0
925,1.436,0.662,0.000,2.098,2.229,697965,1781607,0,811,761,761,44669760,1412988,394,422,0
926,1.491,0.660,0.000,2.151,2.190,697965,1781607,0,811,761,761,44669760,1412988,394,422,0
927,1.533,0.643,0.000,2.175,2.253,697965,1781607,0,811,761,761,44669760,1412988,394,422,0
928,1.472,0.649,0.000,2.120,2.270,697965,1781607,0,811,761,761,44669760,1412988,394,422,0
929,1.495,0.650,0.000,2.146,2.248,697965,1781607,0,811,761,761,44669760,1412988,394,422,0
930,1.501,0.646,0.000,2.147,2.241,697965,1781607,0,811,761,761,44669760,1412988,394,422,0
931,1.623,0.683,0.000,2.307,2.243,697965,1781607,0,811,761,761,44669760,1412988,394,422,0
932,1.562,0.738,0.000,2.300,2.406,697965,1781607,0,811,761,761,44669760,1412988,394,422,0
933,1.473,0.651,0.000,2.124,2.407,697965,1781607,0,811,761,761,44669760,1412988,394,422,0
934,1.485,0.649,0.000,2.134,2.227,697965,1781607,0,811,761,761,44669760,1412988,394,422,0
935,1.529,0.668,0.000,2.197,2.231,697965,1781607,0,811,761,761,44669760,1412988,394,422,0
936,1.526,0.629,0.000,2.154,2.294,697965,1781607,0,811,761,761,44669760,1412988,394,422,0
937,1.471,0.631,0.000,2.101,2.252,697965,1781607,0,811,761,761,44669760,1412988,394,422,0
938,1.491,0.626,0.000,2.117,2.204,697965,1781607,0,811,761,761,44669760,1412988,394,422,0
939,1.542,0.631,0.000,2.174,2.212,697965,1781607,0,811,761,761,44669760,1412988,394,422,0
940,1.534,0.645,0.000,2.180,2.279,697965,1781607,0,811,761,761,44669760,1412988,394,422,0
941,1.468,0.636,0.000,2.104,2.274,697965,1781607,0,811,761,761,44669760,1412988,394,422,0
942,1.489,0.628,0.000,2.117,2.208,697965,1781607,0,811,761,761,44669760,1412988,394,422,0
943,1.491,0.629,0.000,2.121,2.208,697965,1781607,0,811,761,761,44669760,1412988,394,422,0
944,1.484,0.640,0.000,2.123,2.215,697965,1781607,0,811,761,761,44669760,1412988,394,422,0
945,1.494,0.649,0.000,2.143,2.236,697965,1781607,0,811,761,761,44669760,1412988,394,422,0
946,1.491,0.677,0.000,2.168,2.245,697965,1781607,0,811,761,761,44669760,1412988,394,422,0
947,1.536,0.689,0.000,2.225,2.269,697965,1781607,0,811,761,761,44669760,1412988,394,422,0
948,1.495,0.656,0.000,2.151,2.319,697965,1781607,0,811,761,761,44669760,1412988,394,422,0
949,1.505,0.657,0.000,2.162,2.245,697965,1781607,0,811,761,761,44669760,1412988,394,422,0
950,1.529,0.685,0.000,2.213,2.269,697965,1781607,0,811,761,761,44669760,1412988,394,422,0
951,1.498,0.649,0.000,2.147,2.319,697965,1781607,0,811,761,761,44669760,1412988,394,422,0
952,1.498,0.641,0.000,2.139,2.258,697965,1781607,0,811,761,761,44669760,1412988,394,422,0
953,1.492,0.630,0.000,2.122,2.230,697965,1781607,0,811,761,761,44669760,1412988,394,422,0
954,1.495,0.630,0.000,2.126,2.222,697965,1781607,0,811,761,761,44669760,1412988,394,422,0
955,1.455,0.616,0.000,2.071,2.224,697965,1781607,0,811,761,761,44669760,1412988,394,422,0
956,1.454,0.614,0.000,2.068,2.165,697965,1781607,0,811,761,761,44669760,1412988,394,422,0
957,1.454,0.665,0.000,2.118,2.166,697965,1781607,0,811,761,761,44669760,1412988,394,422,0
958,1.493,0.652,0.000,2.145,2.212,697965,1781607,0,811,761,761,44669760,1412988,394,422,0
959,1.486,0.627,0.000,2.113,2.243,697965,1781607,0,811,761,761,44669760,1412988,394,422,0
960,1.491,0.609,0.000,2.100,2.206,697965,1781607,0,811,761,761,44669760,1412988,394,422,0
961,1.536,0.631,0.000,2.167,2.200,697965,1781607,0,811,761,761,44669760,1412988,394,422,0
962,1.479,0.636,0.000,2.115,2.271,697965,1781607,0,811,761,761,44669760,1412988,394,422,0
963,1.481,0.639,0.000,2.120,2.205,697965,1781607,0,811,761,761,44669760,1412988,394,422,0
964,1.491,0.660,0.000,2.151,2.224,697965,1781607,0,811,761,761,44669760,1412988,394,422,0
965,1.455,0.655,0.000,2.110,2.247,697965,1781607,0,811,761,761,44669760,1412988,394,422,0
966,1.468,0.607,0.000,2.074,2.225,697965,1781607,0,811,761,761,44669760,1412988,394,422,0
967,1.531,0.648,0.000,2.179,2.171,697965,1781607,0,811,761,761,44669760,1412988,394,422,0
968,1.483,0.657,0.000,2.140,2.282,697965,1781607,0,811,761,761,44669760,1412988,394,422,0
969,1.498,0.653,0.000,2.151,2.231,697965,1781607,0,811,761,761,44669760,1412988,394,422,0
970,1.524,0.629,0.000,2.154,2.244,697965,1781607,0,811,761,761,44669760,1412988,394,422,0
971,1.484,0.662,0.000,2.146,2.258,697965,1781607,0,811,761,761,44669760,1412988,394,422,0
972,1.528,0.675,0.000,2.203,2.255,697965,1781607,0,811,761,761,44669760,1412988,394,422,0
973,1.487,0.659,0.000,2.146,2.309,697965,1781607,0,811,761,761,44669760,1412988,394,422,0
974,1.504,0.673,0.000,2.177,2.250,697965,1781607,0,811,761,761,44669760,1412988,394,422,0
975,1.517,0.655,0.000,2.172,2.285,697965,1781607,0,811,761,761,44669760,1412988,394,422,0
976,1.470,0.667,0.000,2.138,2.279,697965,1781607,0,811,761,761,44669760,1412988,394,422,0
977,1.543,0.663,0.000,2.206,2.253,697965,1781607,0,811,761,761,44669760,1412988,394,422,0
978,1.505,0.640,0.000,2.145,2.315,697965,1781607,0,811,761,761,44669760,1412988,394,422,0
979,1.517,0.724,0.000,2.241,2.252,697965,1781607,0,811,761,761,44669760,1412988,394,422,0
980,1.643,1.005,0.000,2.648,2.348,697965,1781607,0,811,761,761,44669760,1412988,394,422,0
981,1.455,0.692,0.000,2.147,2.773,697965,1781607,0,811,761,761,44669760,1412988,394,422,0
982,1.473,0.694,0.000,2.167,2.251,697965,1781607,0,811,761,761,44669760,1412988,394,422,0
983,1.518,0.695,0.000,2.213,2.273,697965,1781607,0,811,761,761,44669760,1412988,394,422,0
984,1.509,0.675,0.000,2.184,2.325,697965,1781607,0,811,761,761,44669760,1412988,394,422,0
985,1.528,0.674,0.000,2.203,2.278,697965,1781607,0,811,761,761,44669760,1412988,394,422,0
986,1.533,0.654,0.000,2.187,2.295,697965,1781607,0,811,761,761,44669760,1412988,394,422,0
987,1.521,0.650,0.000,2.171,2.281,697965,1781607,0,811,761,761,44669760,1412988,394,422,0
988,1.500,0.627,0.000,2.127,2.278,697965,1781607,0,811,761,761,44669760,1412988,394,422,0
989,1.513,0.662,0.000,2.175,2.228,697965,1781607,0,811,761,761,44669760,1412988,394,422,0
990,1.525,0.654,0.000,2.179,2.265,697965,1781607,0,811,761,761,44669760,1412988,394,422,0
991,1.555,0.768,0.000,2.323,2.279,697965,1781607,0,811,761,761,44669760,1412988,394,422,0
992,1.491,0.674,0.000,2.165,2.443,697965,1781607,0,811,761,761,44669760,1412988,394,422,0
993,1.492,0.657,0.000,2.148,2.267,697965,1781607,0,811,761,761,44669760,1412988,394,422,0
994,1.503,0.685,0.000,2.188,2.249,697965,1781607,0,811,761,761,44669760,1412988,394,422,0
995,1.693,1.093,0.000,2.786,2.294,697965,1781607,0,811,761,761,44669760,1412988,394,422,0
996,1.681,1.215,0.000,2.896,2.905,697965,1781607,0,811,761,761,44669760,1412988,394,422,0
997,1.596,0.922,0.000,2.517,3.024,697965,1781607,0,811,761,761,44669760,1412988,394,422,0
998,1.553,0.659,0.000,2.212,2.610,697965,1781607,0,811,761,761,44669760,1412988,394,422,0
999,1.599,0.745,0.000,2.343,2.312,697965,1781607,0,811,761,761,44669760,1412988,394,422,0
1000,1.539,0.704,0.000,2.243,2.443,697965,1781607,0,811,761,761,44669760,1412988,394,422,0
1001,1.523,0.716,0.000,2.239,2.354,697965,1781607,0,811,761,761,44669760,1412988,394,422,0
1002,1.513,0.686,0.000,2.199,2.343,697965,1781607,0,811,761,761,44669760,1412988,394,422,0
1003,1.503,0.738,0.000,2.241,2.306,697965,1781607,0,811,761,761,44669760,1412988,394,422,0
1004,1.667,0.900,0.000,2.567,2.356,697965,1781607,0,811,761,761,44669760,1412988,394,422,0
1005,1.506,0.621,0.000,2.127,2.665,697965,1781607,0,811,761,761,44669760,1412988,394,422,0
1006,1.508,0.699,0.000,2.207,2.227,697965,1781607,0,811,761,761,44669760,1412988,394,422,0
1007,1.515,0.680,0.000,2.195,2.305,697965,1781607,0,811,761,761,44669760,1412988,394,422,0
1008,1.596,0.711,0.000,2.307,2.291,697965,1781607,0,811,761,761,44669760,1412988,394,422,0
1009,1.504,0.645,0.000,2.149,2.412,697965,1781607,0,811,761,761,44669760,1412988,394,422,0
1010,1.530,0.668,0.000,2.198,2.239,697965,1781607,0,811,761,761,44669760,1412988,394,422,0
1011,1.525,0.685,0.000,2.210,2.309,697965,1781607,0,811,761,761,44669760,1412988,394,422,0
1012,1.524,0.656,0.000,2.181,2.310,697965,1781607,0,811,761,761,44669760,1412988,394,422,0
1013,1.516,0.685,0.000,2.201,2.292,697965,1781607,0,811,761,761,44669760,1412988,394,422,0
1014,1.555,0.658,0.000,2.213,2.306,697965,1781607,0,811,761,761,44669760,1412988,394,422,0
1015,1.517,0.728,0.000,2.245,2.313,697965,1781607,0,811,761,761,44669760,1412988,394,422,0
1016,1.540,0.703,0.000,2.243,2.375,697965,1781607,0,811,761,761,44669760,1412988,394,422,0
1017,1.510,0.687,0.000,2.198,2.361,697965,1781607,0,811,761,761,44669760,1412988,394,422,0
1018,1.517,0.689,0.000,2.206,2.299,697965,1781607,0,811,761,761,44669760,1412988,394,422,0
1019,1.523,0.652,0.000,2.175,2.312,697965,1781607,0,811,761,761,44669760,1412988,394,422,0
1020,1.505,0.671,0.000,2.176,2.270,697965,1781607,0,811,761,761,44669760,1412988,394,422,0
1021,1.540,0.666,0.000,2.206,2.281,697965,1781607,0,811,761,761,44669760,1412988,394,422,0
1022,1.485,0.684,0.000,2.169,2.307,697965,1781607,0,811,761,761,44669760,1412988,394,422,0
1023,1.528,0.673,0.000,2.201,2.260,697965,1781607,0,811,761,761,44669760,1412988,394,422,0
1024,1.525,0.668,0.000,2.193,2.314,697965,1781607,0,811,761,761,44669760,1412988,394,422,0
1025,1.504,0.652,0.000,2.156,2.292,697965,1781607,0,811,761,761,44669760,1412988,394,422,0
1026,1.503,0.631,0.000,2.135,2.265,697965,1781607,0,811,761,761,44669760,1412988,394,422,0
1027,1.511,0.661,0.000,2.172,2.238,697965,1781607,0,811,761,761,44669760,1412988,394,422,0
1028,1.523,0.666,0.000,2.189,2.263,697965,1781607,0,811,761,761,44669760,1412988,394,422,0
1029,1.506,0.667,0.000,2.173,2.284,697965,1781607,0,811,761,761,44669760,1412988,394,422,0
1030,1.572,0.702,0.000,2.274,2.286,697965,1781607,0,811,761,761,44669760,1412988,394,422,0
1031,1.520,0.661,0.000,2.180,2.380,697965,1781607,0,811,761,761,44669760,1412988,394,422,0
1032,1.532,0.669,0.000,2.201,2.276,697965,1781607,0,811,761,761,44669760,1412988,394,422,0
1033,1.580,0.672,0.000,2.252,2.292,697965,1781607,0,811,761,761,44669760,1412988,394,422,0
1034,1.522,0.669,0.000,2.191,2.347,697965,1781607,0,811,761,761,44669760,1412988,394,422,0
1035,1.539,0.669,0.000,2.208,2.285,697965,1781607,0,811,761,761,44669760,1412988,394,422,0
1036,1.531,0.684,0.000,2.215,2.299,697965,1781607,0,811,761,761,44669760,1412988,394,422,0
1037,1.545,0.694,0.000,2.239,2.324,697965,1781607,0,811,761,761,44669760,1412988,394,422,0
1038,1.492,0.658,0.000,2.150,2.364,697965,1781607,0,811,761,761,44669760,1412988,394,422,0
1039,1.545,0.661,0.000,2.206,2.247,697965,1781607,0,811,761,761,44669760,1412988,394,422,0
1040,1.532,0.675,0.000,2.207,2.296,697965,1781607,0,811,761,761,44669760,1412988,394,422,0
1041,1.560,0.671,0.000,2.231,2.300,697965,1781607,0,811,761,761,44669760,1412988,394,422,0
1042,1.527,0.649,0.000,2.176,2.326,697965,1781607,0,811,761,761,44669760,1412988,394,422,0
1043,1.498,0.651,0.000,2.149,2.270,697965,1781607,0,811,761,761,44669760,1412988,394,422,0
1044,1.544,0.648,0.000,2.192,2.258,697965,1781607,0,811,761,761,44669760,1412988,394,422,0
1045,1.465,0.643,0.000,2.108,2.293,697965,1781607,0,811,761,761,44669760,1412988,394,422,0
1046,1.491,0.666,0.000,2.157,2.210,697965,1781607,0,811,761,761,44669760,1412988,394,422,0
1047,1.529,0.630,0.000,2.158,2.253,697965,1781607,0,811,761,761,44669760,1412988,394,422,0
1048,1.543,0.655,0.000,2.198,2.260,697965,1781607,0,811,761,761,44669760,1412988,394,422,0
1049,1.469,0.653,0.000,2.122,2.301,697965,1781607,0,811,761,761,44669760,1412988,394,422,0
1050,1.467,0.621,0.000,2.088,2.225,697965,1781607,0,811,761,761,44669760,1412988,394,422,0
1051,1.527,0.663,0.000,2.190,2.176,697965,1781607,0,811,761,761,44669760,1412988,394,422,0
1052,1.537,0.656,0.000,2.193,2.292,697965,1781607,0,811,761,761,44669760,1412988,394,422,0
1053,1.497,0.654,0.000,2.151,2.288,697965,1781607,0,811,761,761,44669760,1412988,394,422,0
1054,1.467,0.632,0.000,2.099,2.252,697965,1781607,0,811,761,761,44669760,1412988,394,422,0
1055,1.550,0.661,0.000,2.211,2.191,697965,1781607,0,811,761,761,44669760,1412988,394,422,0
1056,1.519,0.641,0.000,2.160,2.306,697965,1781607,0,811,761,761,44669760,1412988,394,422,0
1057,1.507,0.675,0.000,2.182,2.266,697965,1781607,0,811,761,761,44669760,1412988,394,422,0
1058,1.505,0.646,0.000,2.152,2.277,697965,1781607,0,811,761,761,44669760,1412988,394,422,0
1059,1.550,0.679,0.000,2.229,2.243,697965,1781607,0,811,761,761,44669760,1412988,394,422,0
1060,1.512,0.660,0.000,2.172,2.322,697965,1781607,0,811,761,761,44669760,1412988,394,422,0
1061,1.503,0.647,0.000,2.150,2.273,697965,1781607,0,811,761,761,44669760,1412988,394,422,0
1062,1.498,0.661,0.000,2.159,2.256,697965,1781607,0,811,761,761,44669760,1412988,394,422,0
1063,1.496,0.634,0.000,2.130,2.267,697965,1781607,0,811,761,761,44669760,1412988,394,422,0
1064,1.510,0.644,0.000,2.154,2.221,697965,1781607,0,811,761,761,44669760,1412988,394,422,0
1065,1.578,0.670,0.000,2.248,2.252,697965,1781607,0,811,761,761,44669760,1412988,394,422,0
1066,1.523,0.662,0.000,2.185,2.339,697965,1781607,0,811,761,761,44669760,1412988,394,422,0
1067,1.504,0.652,0.000,2.156,2.278,697965,1781607,0,811,761,761,44669760,1412988,394,422,0
1068,1.502,0.655,0.000,2.157,2.258,697965,1781607,0,811,761,761,44669760,1412988,394,422,0
1069,1.527,0.662,0.000,2.189,2.248,697965,1781607,0,811,761,761,44669760,1412988,394,422,0
1070,1.504,0.623,0.000,2.127,2.285,697965,1781607,0,811,761,761,44669760,1412988,394,422,0
1071,1.528,0.645,0.000,2.173,2.224,697965,1781607,0,811,761,761,44669760,1412988,394,422,0
1072,1.521,0.655,0.000,2.177,2.270,697965,1781607,0,811,761,761,44669760,1412988,394,422,0
1073,1.544,0.655,0.000,2.199,2.276,697965,1781607,0,811,761,761,44669760,1412988,394,422,0
1074,1.460,0.632,0.000,2.092,2.299,697965,1781607,0,811,761,761,44669760,1412988,394,422,0
1075,1.501,0.665,0.000,2.166,2.184,697965,1781607,0,811,761,761,44669760,1412988,394,422,0
1076,1.490,0.650,0.000,2.140,2.257,697965,1781607,0,811,761,761,44669760,1412988,394,422,0
1077,1.525,0.661,0.000,2.186,2.240,697965,1781607,0,811,761,761,44669760,1412988,394,422,0
1078,1.469,0.652,0.000,2.121,2.284,697965,1781607,0,811,761,761,44669760,1412988,394,422,0
1079,1.528,0.651,0.000,2.180,2.212,697965,1781607,0,811,761,761,44669760,1412988,394,422,0
1080,1.514,0.638,0.000,2.152,2.277,697965,1781607,0,811,761,761,44669760,1412988,394,422,0
1081,1.519,0.644,0.000,2.163,2.246,697965,1781607,0,811,761,761,44669760,1412988,394,422,0
1082,1.490,0.640,0.000,2.130,2.266,697965,1781607,0,811,761,761,44669760,1412988,394,422,0
1083,1.493,0.638,0.000,2.131,2.224,697965,1781607,0,811,761,761,44669760,1412988,394,422,0
1084,1.506,0.636,0.000,2.142,2.227,697965,1781607,0,811,761,761,44669760,1412988,394,422,0
1085,1.475,0.651,0.000,2.127,2.236,697965,1781607,0,811,761,761,44669760,1412988,394,422,0
1086,1.498,0.642,0.000,2.140,2.233,697965,1781607,0,811,761,761,44669760,1412988,394,422,0
1087,1.480,0.645,0.000,2.125,2.242,697965,1781607,0,811,761,761,44669760,1412988,394,422,0
1088,1.474,0.635,0.000,2.109,2.230,697965,1781607,0,811,761,761,44669760,1412988,394,422,0
1089,1.474,0.645,0.000,2.119,2.200,697965,1781607,0,811,761,761,44669760,1412988,394,422,0
1090,1.523,0.656,0.000,2.179,2.214,697965,1781607,0,811,761,761,44669760,1412988,394,422,0
1091,1.472,0.671,0.000,2.143,2.285,697965,1781607,0,811,761,761,44669760,1412988,394,422,0
1092,1.580,0.683,0.000,2.263,2.258,697965,1781607,0,811,761,761,44669760,1412988,394,422,0
1093,1.552,0.676,0.000,2.228,2.381,697965,1781607,0,811,761,761,44669760,1412988,394,422,0
1094,1.520,0.667,0.000,2.186,2.328,697965,1781607,0,811,761,761,44669760,1412988,394,422,0
1095,1.514,0.662,0.000,2.176,2.278,697965,1781607,0,811,761,761,44669760,1412988,394,422,0
1096,1.516,0.655,0.000,2.171,2.274,697965,1781607,0,811,761,761,44669760,1412988,394,422,0
1097,1.493,0.645,0.000,2.138,2.273,697965,1781607,0,811,761,761,44669760,1412988,394,422,0
1098,1.528,0.649,0.000,2.178,2.231,697965,1781607,0,811,761,761,44669760,1412988,394,422,0
1099,1.505,0.643,0.000,2.148,2.283,697965,1781607,0,811,761,761,44669760,1412988,394,422,0
1100,1.487,0.653,0.000,2.140,2.246,697965,1781607,0,811,761,761,44669760,1412988,394,422,0
1101,1.515,0.668,0.000,2.183,2.237,697965,1781607,0,811,761,761,44669760,1412988,394,422,0
1102,1.520,0.666,0.000,2.186,2.279,697965,1781607,0,811,761,761,44669760,1412988,394,422,0
1103,1.493,0.650,0.000,2.143,2.278,697965,1781607,0,811,761,761,44669760,1412988,394,422,0
1104,1.511,0.646,0.000,2.157,2.237,697965,1781607,0,811,761,761,44669760,1412988,394,422,0
1105,1.505,0.627,0.000,2.132,2.261,697965,1781607,0,811,761,761,44669760,1412988,394,422,0
1106,1.484,0.657,0.000,2.141,2.224,697965,1781607,0,811,761,761,44669760,1412988,394,422,0
1107,1.526,0.655,0.000,2.181,2.238,697965,1781607,0,811,761,761,44669760,1412988,394,422,0
1108,1.476,0.666,0.000,2.142,2.285,697965,1781607,0,811,761,761,44669760,1412988,394,422,0
1109,1.548,0.665,0.000,2.213,2.262,697965,1781607,0,811,761,761,44669760,1412988,394,422,0
1110,1.518,0.682,0.000,2.200,2.322,697965,1781607,0,811,761,761,44669760,1412988,394,422,0
1111,1.542,0.671,0.000,2.213,2.302,697965,1781607,0,811,761,761,44669760,1412988,394,422,0
1112,1.523,0.667,0.000,2.190,2.318,697965,1781607,0,811,761,761,44669760,1412988,394,422,0
1113,1.544,0.689,0.000,2.232,2.295,697965,1781607,0,811,761,761,44669760,1412988,394,422,0
1114,1.497,0.640,0.000,2.137,2.347,697965,1781607,0,811,761,761,44669760,1412988,394,422,0
1115,1.484,0.649,0.000,2.133,2.237,697965,1781607,0,811,761,761,44669760,1412988,394,422,0
1116,1.526,0.626,0.000,2.153,2.230,697965,1781607,0,811,761,761,44669760,1412988,394,422,0
1117,1.478,0.620,0.000,2.098,2.252,697965,1781607,0,811,761,761,44669760,1412988,394,422,0
1118,1.495,0.656,0.000,2.152,2.191,697965,1781607,0,811,761,761,44669760,1412988,394,422,0
1119,1.511,0.657,0.000,2.168,2.258,697965,1781607,0,811,761,761,44669760,1412988,394,422,0
1120,1.484,0.656,0.000,2.140,2.265,697965,1781607,0,811,761,761,44669760,1412988,394,422,0
1121,1.474,0.629,0.000,2.103,2.237,697965,1781607,0,811,761,761,44669760,1412988,394,422,0
1122,1.489,0.606,0.000,2.095,2.198,697965,1781607,0,811,761,761,44669760,1412988,394,422,0
1123,1.547,0.642,0.000,2.190,2.191,697965,1781607,0,811,761,761,44669760,1412988,394,422,0
1124,1.504,0.640,0.000,2.144,2.300,697965,1781607,0,811,761,761,44669760,1412988,394,422,0
1125,1.499,0.648,0.000,2.147,2.245,697965,1781607,0,811,761,761,44669760,1412988,394,422,0
1126,1.499,0.642,0.000,2.141,2.258,697965,1781607,0,811,761,761,44669760,1412988,394,422,0
1127,1.513,0.666,0.000,2.179,2.232,697965,1781607,0,811,761,761,44669760,1412988,394,422,0
1128,1.539,0.629,0.000,2.168,2.281,697965,1781607,0,811,761,761,44669760,1412988,394,422,0
1129,1.479,0.632,0.000,2.111,2.274,697965,1781607,0,811,761,761,44669760,1412988,394,422,0
1130,1.483,0.651,0.000,2.134,2.211,697965,1781607,0,811,761,761,44669760,1412988,394,422,0
1131,1.511,0.610,0.000,2.122,2.228,697965,1781607,0,811,761,761,44669760,1412988,394,422,0
1132,1.527,0.630,0.000,2.157,2.222,697965,1781607,0,811,761,761,44669760,1412988,394,422,0
1133,1.497,0.644,0.000,2.141,2.260,697965,1781607,0,811,761,761,44669760,1412988,394,422,0
1134,1.497,0.649,0.000,2.146,2.243,697965,1781607,0,811,761,761,44669760,1412988,394,422,0
1135,1.498,0.679,0.000,2.177,2.240,697965,1781607,0,811,761,761,44669760,1412988,394,422,0
1136,1.505,0.647,0.000,2.152,2.275,697965,1781607,0,811,761,761,44669760,1412988,394,422,0
1137,1.464,0.651,0.000,2.115,2.246,697965,1781607,0,811,761,761,44669760,1412988,394,422,0
1138,1.509,0.657,0.000,2.166,2.233,697965,1781607,0,811,761,761,44669760,1412988,394,422,0
1139,1.504,0.689,0.000,2.193,2.269,697965,1781607,0,811,761,761,44669760,1412988,394,422,0
1140,1.532,0.663,0.000,2.195,2.294,697965,1781607,0,811,761,761,44669760,1412988,394,422,0
1141,1.512,0.645,0.000,2.157,2.291,697965,1781607,0,811,761,761,44669760,1412988,394,422,0
1142,1.521,0.629,0.000,2.150,2.259,697965,1781607,0,811,761,761,44669760,1412988,394,422,0
1143,1.468,0.652,0.000,2.120,2.257,697965,1781607,0,811,761,761,44669760,1412988,394,422,0
1144,1.513,0.657,0.000,2.170,2.212,697965,1781607,0,811,761,761,44669760,1412988,394,422,0
1145,1.547,0.667,0.000,2.214,2.274,697965,1781607,0,811,761,761,44669760,1412988,394,422,0
1146,1.474,0.635,0.000,2.109,2.318,697965,1781607,0,811,761,761,44669760,1412988,394,422,0
1147,1.506,0.657,0.000,2.163,2.214,697965,1781607,0,811,761,761,44669760,1412988,394,422,0
1148,1.504,0.642,0.000,2.147,2.261,697965,1781607,0,811,761,761,44669760,1412988,394,422,0
1149,1.496,0.625,0.000,2.121,2.244,697965,1781607,0,811,761,761,44669760,1412988,394,422,0
1150,1.500,0.635,0.000,2.135,2.214,697965,1781607,0,811,761,761,44669760,1412988,394,422,0
1151,1.514,0.643,0.000,2.157,2.336,697965,1781607,0,811,761,761,44669760,1412988,394,422,0
1152,1.475,0.639,0.000,2.114,2.281,697965,1781607,0,811,761,761,44669760,1412988,394,422,0
1153,1.507,0.645,0.000,2.152,2.284,697965,1781607,0,811,761,761,44669760,1412988,394,422,0
1154,1.488,0.639,0.000,2.126,2.333,697965,1781607,0,811,761,761,44669760,1412988,394,422,0
1155,1.488,0.628,0.000,2.116,2.246,697965,1781607,0,811,761,761,44669760,1412988,394,422,0
1156,1.562,0.642,0.000,2.204,2.235,697965,1781607,0,811,761,761,44669760,1412988,394,422,0
1157,1.488,0.644,0.000,2.133,2.391,697965,1781607,0,811,761,761,44669760,1412988,394,422,0
1158,1.488,0.619,0.000,2.107,2.227,697965,1781607,0,811,761,761,44669760,1412988,394,422,0
1159,1.491,0.636,0.000,2.127,2.258,697965,1781607,0,811,761,761,44669760,1412988,394,422,0
1160,1.495,0.618,0.000,2.114,2.250,697965,1781607,0,811,761,761,44669760,1412988,394,422,0
1161,1.510,0.631,0.000,2.140,2.284,697965,1781607,0,811,761,761,44669760,1412988,394,422,0
1162,1.505,0.637,0.000,2.142,2.359,697965,1781607,0,811,761,761,44669760,1412988,394,422,0
1163,1.473,0.637,0.000,2.110,2.280,697965,1781607,0,811,761,761,44669760,1412988,394,422,0
1164,1.536,0.618,0.000,2.154,2.247,697965,1781607,0,811,761,761,44669760,1412988,394,422,0
1165,1.568,0.669,0.000,2.237,2.457,697965,1781607,0,811,761,761,44669760,1412988,394,422,0
1166,1.597,0.685,0.000,2.282,2.463,697965,1781607,0,811,761,761,44669760,1412988,394,422,0
1167,1.527,0.664,0.000,2.191,2.515,697965,1781607,0,811,761,761,44669760,1412988,394,422,0
1168,1.499,0.638,0.000,2.136,2.384,697965,1781607,0,811,761,761,44669760,1412988,394,422,0
1169,1.548,0.645,0.000,2.193,2.332,697965,1781607,0,811,761,761,44669760,1412988,394,422,0
1170,1.534,0.641,0.000,2.175,2.394,697965,1781607,0,811,761,761,44669760,1412988,394,422,0
1171,1.553,0.694,0.000,2.246,2.398,697965,1781607,0,811,761,761,44669760,1412988,394,422,0
1172,1.542,0.652,0.000,2.194,2.395,697965,1781607,0,811,761,761,44669760,1412988,394,422,0
1173,1.532,0.663,0.000,2.195,2.427,697965,1781607,0,811,761,761,44669760,1412988,394,422,0
1174,1.519,0.658,0.000,2.178,2.376,697965,1781607,0,811,761,761,44669760,1412988,394,422,0
1175,1.447,0.654,0.000,2.101,2.372,697965,1781607,0,811,761,761,44669760,1412988,394,422,0
1176,1.491,0.657,0.000,2.147,2.200,697965,1781607,0,811,761,761,44669760,1412988,394,422,0
1177,1.491,0.648,0.000,2.139,2.353,697965,1781607,0,811,761,761,44669760,1412988,394,422,0
1178,1.514,0.636,0.000,2.150,2.300,697965,1781607,0,811,761,761,44669760,1412988,394,422,0
1179,1.499,0.631,0.000,2.130,2.292,697965,1781607,0,811,761,761,44669760,1412988,394,422,0
1180,1.488,0.633,0.000,2.121,2.287,697965,1781607,0,811,761,761,44669760,1412988,394,422,0
1181,1.536,0.656,0.000,2.192,2.359,697965,1781607,0,811,761,761,44669760,1412988,394,422,0
1182,1.517,0.649,0.000,2.166,2.343,697965,1781607,0,811,761,761,44669760,1412988,394,422,0
1183,1.479,0.647,0.000,2.126,2.384,697965,1781607,0,811,761,761,44669760,1412988,394,422,0
1184,1.480,0.651,0.000,2.131,2.274,697965,1781607,0,811,761,761,44669760,1412988,394,422,0
1185,1.460,0.632,0.000,2.092,2.268,697965,1781607,0,811,761,761,44669760,1412988,394,422,0
1186,1.480,0.628,0.000,2.108,2.197,697965,1781607,0,811,761,761,44669760,1412988,394,422,0
1187,1.444,0.630,0.000,2.074,2.209,697965,1781607,0,811,761,761,44669760,1412988,394,422,0
1188,1.483,0.617,0.000,2.099,2.169,697965,1781607,0,811,761,761,44669760,1412988,394,422,0
1189,1.501,0.637,0.000,2.138,2.254,697965,1781607,0,811,761,761,44669760,1412988,394,422,0
1190,1.500,0.637,0.000,2.136,2.266,697965,1781607,0,811,761,761,44669760,1412988,394,422,0
1191,1.514,0.643,0.000,2.157,2.367,697965,1781607,0,811,761,761,44669760,1412988,394,422,0
1192,1.472,0.650,0.000,2.122,2.289,697965,1781607,0,811,761,761,44669760,1412988,394,422,0
1193,1.498,0.629,0.000,2.128,2.284,697965,1781607,0,811,761,761,44669760,1412988,394,422,0
1194,1.478,0.621,0.000,2.099,2.226,697965,1781607,0,811,761,761,44669760,1412988,394,422,0
1195,1.483,0.645,0.000,2.128,2.242,697965,1781607,0,811,761,761,44669760,1412988,394,422,0
1196,1.494,0.636,0.000,2.130,2.227,697965,1781607,0,811,761,761,44669760,1412988,394,422,0
1197,1.499,0.651,0.000,2.150,2.366,697965,1781607,0,811,761,761,44669760,1412988,394,422,0
1198,1.475,0.621,0.000,2.096,2.384,697965,1781607,0,811,761,761,44669760,1412988,394,422,0
1199,1.495,0.641,0.000,2.137,2.188,697965,1781607,0,811,761,761,44669760,1412988,394,422,0
1200,1.517,0.644,0.000,2.161,2.307,697965,1781607,0,811,761,761,44669760,1412988,394,422,0
