frame,update_ms,render_ms,swap_ms,frame_ms,loop_ms,total_vertices,visible_vertices,culled_vertices,total_batches,visible_batches,draw_calls,vbo_bytes,index_bytes,texture_binds,material_changes,reflection_passes
1,1.116,0.247,0.000,1.363,1.363,97878,9602,88276,247,25,25,6264192,254736,17,17,0
2,1.151,0.258,0.000,1.409,1.573,97878,9602,88276,247,25,25,6264192,254736,17,17,0
3,1.099,0.248,0.000,1.346,1.571,97878,9602,88276,247,25,25,6264192,254736,17,17,0
4,1.115,0.232,0.000,1.347,1.491,97878,9602,88276,247,25,25,6264192,254736,17,17,0
5,1.138,0.232,0.000,1.370,1.490,97878,9602,88276,247,25,25,6264192,254736,17,17,0
6,1.073,0.249,0.000,1.322,1.514,97878,9602,88276,247,25,25,6264192,254736,17,17,0
7,1.089,0.208,0.000,1.297,1.462,97878,9602,88276,247,25,25,6264192,254736,17,17,0
8,1.110,0.210,0.000,1.320,1.440,97878,9602,88276,247,25,25,6264192,254736,17,17,0
9,1.145,0.213,0.000,1.358,1.452,97878,9602,88276,247,25,25,6264192,254736,17,17,0
10,1.087,0.216,0.000,1.303,1.498,97878,9602,88276,247,25,25,6264192,254736,17,17,0
11,1.107,0.224,0.000,1.332,1.436,97878,9602,88276,247,25,25,6264192,254736,17,17,0
12,1.083,0.229,0.000,1.311,1.473,97878,9602,88276,247,25,25,6264192,254736,17,17,0
13,1.079,0.226,0.000,1.305,1.451,97878,9602,88276,247,25,25,6264192,254736,17,17,0
14,1.112,0.225,0.000,1.337,1.448,97878,9602,88276,247,25,25,6264192,254736,17,17,0
15,1.095,0.232,0.000,1.327,1.479,97878,9602,88276,247,25,25,6264192,254736,17,17,0
16,1.096,0.199,0.000,1.295,1.469,97878,9602,88276,247,25,25,6264192,254736,17,17,0
17,1.074,0.241,0.000,1.315,1.433,97878,9602,88276,247,25,25,6264192,254736,17,17,0
18,1.091,0.220,0.000,1.311,1.456,97878,9602,88276,247,25,25,6264192,254736,17,17,0
19,1.102,0.222,0.000,1.325,1.457,97878,9602,88276,247,25,25,6264192,254736,17,17,0
20,1.119,0.233,0.000,1.352,1.464,97878,9602,88276,247,25,25,6264192,254736,17,17,0
21,1.096,0.212,0.000,1.308,1.493,97878,9602,88276,247,25,25,6264192,254736,17,17,0
22,1.100,0.227,0.000,1.328,1.448,97878,9602,88276,247,25,25,6264192,254736,17,17,0
23,1.080,0.238,0.000,1.318,1.467,97878,9602,88276,247,25,25,6264192,254736,17,17,0
24,1.072,0.233,0.000,1.306,1.455,97878,9602,88276,247,25,25,6264192,254736,17,17,0
25,1.099,0.231,0.000,1.330,1.449,97878,9602,88276,247,25,25,6264192,254736,17,17,0
26,1.138,0.231,0.000,1.369,1.468,97878,9602,88276,247,25,25,6264192,254736,17,17,0
27,1.095,0.208,0.000,1.303,1.507,97878,9602,88276,247,25,25,6264192,254736,17,17,0
28,1.086,0.237,0.000,1.323,1.443,97878,9602,88276,247,25,25,6264192,254736,17,17,0
29,1.078,0.239,0.000,1.318,1.462,97878,9602,88276,247,25,25,6264192,254736,17,17,0
30,1.112,0.233,0.000,1.344,1.455,97878,9602,88276,247,25,25,6264192,254736,17,17,0
31,1.105,0.210,0.000,1.315,1.481,97878,9602,88276,247,25,25,6264192,254736,17,17,0
32,1.095,0.222,0.000,1.317,1.455,97878,9602,88276,247,25,25,6264192,254736,17,17,0
33,1.098,0.208,0.000,1.306,1.457,97878,9602,88276,247,25,25,6264192,254736,17,17,0
34,1.112,0.228,0.000,1.341,1.446,97878,9602,88276,247,25,25,6264192,254736,17,17,0
35,1.080,0.226,0.000,1.306,1.484,97878,9602,88276,247,25,25,6264192,254736,17,17,0
36,1.102,0.238,0.000,1.340,1.445,97878,9602,88276,247,25,25,6264192,254736,17,17,0
37,1.117,0.235,0.000,1.352,1.475,97878,9602,88276,247,25,25,6264192,254736,17,17,0
38,1.088,0.215,0.000,1.303,1.491,97878,9602,88276,247,25,25,6264192,254736,17,17,0
39,1.098,0.231,0.000,1.329,1.447,97878,9602,88276,247,25,25,6264192,254736,17,17,0
40,1.063,0.219,0.000,1.282,1.467,97878,9602,88276,247,25,25,6264192,254736,17,17,0
41,1.087,0.205,0.000,1.292,1.421,97878,9602,88276,247,25,25,6264192,254736,17,17,0
42,1.101,0.222,0.000,1.322,1.434,97878,9602,88276,247,25,25,6264192,254736,17,17,0
43,1.115,0.218,0.000,1.333,1.457,97878,9602,88276,247,25,25,6264192,254736,17,17,0
44,1.099,0.229,0.000,1.328,1.474,97878,9602,88276,247,25,25,6264192,254736,17,17,0
45,1.080,0.240,0.000,1.321,1.458,97878,9602,88276,247,25,25,6264192,254736,17,17,0
46,1.079,0.243,0.000,1.322,1.462,97878,9602,88276,247,25,25,6264192,254736,17,17,0
47,1.072,0.243,0.000,1.315,1.462,97878,9602,88276,247,25,25,6264192,254736,17,17,0
48,1.052,0.234,0.000,1.286,1.459,97878,9602,88276,247,25,25,6264192,254736,17,17,0
49,1.083,0.206,0.000,1.289,1.398,97878,9602,88276,247,25,25,6264192,254736,17,17,0
50,1.097,0.225,0.000,1.322,1.403,97878,9602,88276,247,25,25,6264192,254736,17,17,0
51,1.080,0.218,0.000,1.297,1.434,97878,9602,88276,247,25,25,6264192,254736,17,17,0
52,1.072,0.214,0.000,1.286,1.404,97878,9602,88276,247,25,25,6264192,254736,17,17,0
53,1.080,0.233,0.000,1.313,1.400,97878,9602,88276,247,25,25,6264192,254736,17,17,0
54,1.087,0.234,0.000,1.321,1.418,97878,9602,88276,247,25,25,6264192,254736,17,17,0
55,1.095,0.222,0.000,1.317,1.435,97878,9602,88276,247,25,25,6264192,254736,17,17,0
56,1.101,0.224,0.000,1.325,1.430,97878,9602,88276,247,25,25,6264192,254736,17,17,0
57,1.079,0.199,0.000,1.278,1.441,97878,9602,88276,247,25,25,6264192,254736,17,17,0
58,1.085,0.224,0.000,1.309,1.389,97878,9602,88276,247,25,25,6264192,254736,17,17,0
59,1.079,0.194,0.000,1.273,1.421,97878,9602,88276,247,25,25,6264192,254736,17,17,0
60,1.074,0.233,0.000,1.307,1.384,97878,9602,88276,247,25,25,6264192,254736,17,17,0
61,1.082,0.224,0.000,1.306,1.421,97878,9602,88276,247,25,25,6264192,254736,17,17,0
62,1.102,0.240,0.000,1.343,1.417,97878,9602,88276,247,25,25,6264192,254736,17,17,0
63,1.079,0.225,0.000,1.304,1.456,97878,9602,88276,247,25,25,6264192,254736,17,17,0
64,1.092,0.218,0.000,1.309,1.416,97878,9602,88276,247,25,25,6264192,254736,17,17,0
65,1.079,0.198,0.000,1.277,1.423,97878,9602,88276,247,25,25,6264192,254736,17,17,0
66,1.102,0.233,0.000,1.335,1.387,97878,9602,88276,247,25,25,6264192,254736,17,17,0
67,1.094,0.226,0.000,1.320,1.448,97878,9602,88276,247,25,25,6264192,254736,17,17,0
68,1.100,0.232,0.000,1.332,1.431,97878,9602,88276,247,25,25,6264192,254736,17,17,0
69,1.084,0.243,0.000,1.327,1.439,97878,9602,88276,247,25,25,6264192,254736,17,17,0
70,1.079,0.238,0.000,1.317,1.440,97878,9602,88276,247,25,25,6264192,254736,17,17,0
71,1.071,0.259,0.000,1.330,1.429,97878,9602,88276,247,25,25,6264192,254736,17,17,0
72,1.126,0.253,0.000,1.379,1.457,97878,9602,88276,247,25,25,6264192,254736,17,17,0
73,1.119,0.241,0.000,1.360,1.491,97878,9602,88276,247,25,25,6264192,254736,17,17,0
74,1.094,0.238,0.000,1.332,1.475,97878,9602,88276,247,25,25,6264192,254736,17,17,0
75,1.082,0.233,0.000,1.315,1.453,97878,9602,88276,247,25,25,6264192,254736,17,17,0
76,1.090,0.213,0.000,1.303,1.427,97878,9602,88276,247,25,25,6264192,254736,17,17,0
77,1.084,0.238,0.000,1.322,1.410,97878,9602,88276,247,25,25,6264192,254736,17,17,0
78,1.087,0.225,0.000,1.311,1.430,97878,9602,88276,247,25,25,6264192,254736,17,17,0
79,1.113,0.231,0.000,1.344,1.429,97878,9602,88276,247,25,25,6264192,254736,17,17,0
80,1.110,0.245,0.000,1.354,1.454,97878,9602,88276,247,25,25,6264192,254736,17,17,0
81,1.072,0.228,0.000,1.300,1.466,97878,9602,88276,247,25,25,6264192,254736,17,17,0
82,1.098,0.243,0.000,1.341,1.415,97878,9602,88276,247,25,25,6264192,254736,17,17,0
83,1.083,0.222,0.000,1.306,1.453,97878,9602,88276,247,25,25,6264192,254736,17,17,0
84,1.082,0.228,0.000,1.310,1.418,97878,9602,88276,247,25,25,6264192,254736,17,17,0
85,1.110,0.223,0.000,1.334,1.414,97878,9602,88276,247,25,25,6264192,254736,17,17,0
86,1.074,0.251,0.000,1.325,1.451,97878,9602,88276,247,25,25,6264192,254736,17,17,0
87,1.078,0.244,0.000,1.322,1.434,97878,9602,88276,247,25,25,6264192,254736,17,17,0
88,1.076,0.243,0.000,1.318,1.427,97878,9602,88276,247,25,25,6264192,254736,17,17,0
89,1.100,0.227,0.000,1.326,1.431,97878,9602,88276,247,25,25,6264192,254736,17,17,0
90,1.107,0.206,0.000,1.314,1.437,97878,9602,88276,247,25,25,6264192,254736,17,17,0
91,1.110,0.202,0.000,1.312,1.428,97878,9602,88276,247,25,25,6264192,254736,17,17,0
92,1.097,0.207,0.000,1.304,1.423,97878,9602,88276,247,25,25,6264192,254736,17,17,0
93,1.083,0.228,0.000,1.311,1.415,97878,9602,88276,247,25,25,6264192,254736,17,17,0
94,1.093,0.223,0.000,1.316,1.422,97878,9602,88276,247,25,25,6264192,254736,17,17,0
95,1.075,0.230,0.000,1.305,1.429,97878,9602,88276,247,25,25,6264192,254736,17,17,0
96,1.109,0.218,0.000,1.327,1.420,97878,9602,88276,247,25,25,6264192,254736,17,17,0
97,1.089,0.228,0.000,1.318,1.439,97878,9602,88276,247,25,25,6264192,254736,17,17,0
98,1.089,0.242,0.000,1.332,1.444,97878,9602,88276,247,25,25,6264192,254736,17,17,0
99,1.082,0.224,0.000,1.306,1.444,97878,9602,88276,247,25,25,6264192,254736,17,17,0
100,1.082,0.227,0.000,1.310,1.419,97878,9602,88276,247,25,25,6264192,254736,17,17,0
101,1.090,0.243,0.000,1.333,1.428,97878,9602,88276,247,25,25,6264192,254736,17,17,0
102,1.103,0.220,0.000,1.322,1.444,97878,9602,88276,247,25,25,6264192,254736,17,17,0
103,1.074,0.233,0.000,1.307,1.444,97878,9602,88276,247,25,25,6264192,254736,17,17,0
104,1.083,0.228,0.000,1.311,1.420,97878,9602,88276,247,25,25,6264192,254736,17,17,0
105,1.071,0.246,0.000,1.317,1.423,97878,9602,88276,247,25,25,6264192,254736,17,17,0
106,1.081,0.240,0.000,1.321,1.425,97878,9602,88276,247,25,25,6264192,254736,17,17,0
107,1.102,0.231,0.000,1.333,1.427,97878,9602,88276,247,25,25,6264192,254736,17,17,0
108,1.096,0.242,0.000,1.338,1.439,97878,9602,88276,247,25,25,6264192,254736,17,17,0
109,1.089,0.218,0.000,1.307,1.448,97878,9602,88276,247,25,25,6264192,254736,17,17,0
110,1.061,0.240,0.000,1.301,1.421,97878,9602,88276,247,25,25,6264192,254736,17,17,0
111,1.100,0.268,0.000,1.368,1.427,97878,9602,88276,247,25,25,6264192,254736,17,17,0
112,1.103,0.263,0.000,1.366,1.485,97878,9602,88276,247,25,25,6264192,254736,17,17,0
113,1.100,0.204,0.000,1.305,1.479,97878,9602,88276,247,25,25,6264192,254736,17,17,0
114,1.113,0.217,0.000,1.330,1.416,97878,9602,88276,247,25,25,6264192,254736,17,17,0
115,1.105,0.232,0.000,1.337,1.442,97878,9602,88276,247,25,25,6264192,254736,17,17,0
116,1.107,0.240,0.000,1.347,1.449,97878,9602,88276,247,25,25,6264192,254736,17,17,0
117,1.090,0.221,0.000,1.311,1.460,97878,9602,88276,247,25,25,6264192,254736,17,17,0
118,1.095,0.262,0.000,1.357,1.423,97878,9602,88276,247,25,25,6264192,254736,17,17,0
119,1.099,0.232,0.000,1.332,1.465,97878,9602,88276,247,25,25,6264192,254736,17,17,0
120,1.096,0.203,0.000,1.299,1.445,97878,9602,88276,247,25,25,6264192,254736,17,17,0
121,1.106,0.228,0.000,1.333,1.412,97878,9602,88276,247,25,25,6264192,254736,17,17,0
122,1.100,0.203,0.000,1.303,1.448,97878,9602,88276,247,25,25,6264192,254736,17,17,0
123,1.077,0.226,0.000,1.303,1.412,97878,9602,88276,247,25,25,6264192,254736,17,17,0
124,1.093,0.224,0.000,1.317,1.419,97878,9602,88276,247,25,25,6264192,254736,17,17,0
125,1.106,0.236,0.000,1.342,1.432,97878,9602,88276,247,25,25,6264192,254736,17,17,0
126,1.107,0.224,0.000,1.331,1.458,97878,9602,88276,247,25,25,6264192,254736,17,17,0
127,1.082,0.218,0.000,1.300,1.445,97878,9602,88276,247,25,25,6264192,254736,17,17,0
128,1.088,0.213,0.000,1.301,1.412,97878,9602,88276,247,25,25,6264192,254736,17,17,0
129,1.091,0.257,0.000,1.348,1.409,97878,9602,88276,247,25,25,6264192,254736,17,17,0
130,1.135,0.232,0.000,1.367,1.461,97878,9602,88276,247,25,25,6264192,254736,17,17,0
131,1.104,0.240,0.000,1.345,1.485,97878,9602,88276,247,25,25,6264192,254736,17,17,0
132,1.123,0.240,0.000,1.363,1.456,97878,9602,88276,247,25,25,6264192,254736,17,17,0
133,1.085,0.250,0.000,1.336,1.475,97878,9602,88276,247,25,25,6264192,254736,17,17,0
134,1.081,0.222,0.000,1.303,1.445,97878,9602,88276,247,25,25,6264192,254736,17,17,0
135,1.089,0.226,0.000,1.315,1.417,97878,9602,88276,247,25,25,6264192,254736,17,17,0
136,1.116,0.215,0.000,1.332,1.422,97878,9602,88276,247,25,25,6264192,254736,17,17,0
137,1.094,0.232,0.000,1.326,1.445,97878,9602,88276,247,25,25,6264192,254736,17,17,0
138,1.094,0.226,0.000,1.320,1.439,97878,9602,88276,247,25,25,6264192,254736,17,17,0
139,1.095,0.222,0.000,1.317,1.433,97878,9602,88276,247,25,25,6264192,254736,17,17,0
140,1.085,0.230,0.000,1.315,1.431,97878,9602,88276,247,25,25,6264192,254736,17,17,0
141,1.092,0.211,0.000,1.303,1.428,97878,9602,88276,247,25,25,6264192,254736,17,17,0
142,1.099,0.228,0.000,1.327,1.417,97878,9602,88276,247,25,25,6264192,254736,17,17,0
143,1.081,0.216,0.000,1.297,1.438,97878,9602,88276,247,25,25,6264192,254736,17,17,0
144,1.092,0.246,0.000,1.338,1.408,97878,9602,88276,247,25,25,6264192,254736,17,17,0
145,1.071,0.243,0.000,1.314,1.452,97878,9602,88276,247,25,25,6264192,254736,17,17,0
146,1.082,0.224,0.000,1.306,1.427,97878,9602,88276,247,25,25,6264192,254736,17,17,0
147,1.085,0.221,0.000,1.306,1.427,97878,9602,88276,247,25,25,6264192,254736,17,17,0
148,1.108,0.233,0.000,1.341,1.420,97878,9602,88276,247,25,25,6264192,254736,17,17,0
149,1.120,0.226,0.000,1.346,1.458,97878,9602,88276,247,25,25,6264192,254736,17,17,0
150,1.077,0.236,0.000,1.313,1.456,97878,9602,88276,247,25,25,6264192,254736,17,17,0
151,1.079,0.230,0.000,1.309,1.417,97878,9602,88276,247,25,25,6264192,254736,17,17,0
152,1.094,0.226,0.000,1.319,1.427,97878,9602,88276,247,25,25,6264192,254736,17,17,0
153,1.074,0.224,0.000,1.298,1.432,97878,9602,88276,247,25,25,6264192,254736,17,17,0
154,1.100,0.228,0.000,1.328,1.412,97878,9602,88276,247,25,25,6264192,254736,17,17,0
155,1.100,0.234,0.000,1.334,1.439,97878,9602,88276,247,25,25,6264192,254736,17,17,0
156,1.087,0.248,0.000,1.335,1.446,97878,9602,88276,247,25,25,6264192,254736,17,17,0
157,1.073,0.226,0.000,1.299,1.445,97878,9602,88276,247,25,25,6264192,254736,17,17,0
158,1.094,0.239,0.000,1.334,1.411,97878,9602,88276,247,25,25,6264192,254736,17,17,0
159,1.098,0.234,0.000,1.332,1.443,97878,9602,88276,247,25,25,6264192,254736,17,17,0
160,1.089,0.209,0.000,1.298,1.444,97878,9602,88276,247,25,25,6264192,254736,17,17,0
161,1.091,0.234,0.000,1.325,1.412,97878,9602,88276,247,25,25,6264192,254736,17,17,0
162,1.074,0.198,0.000,1.272,1.435,97878,9602,88276,247,25,25,6264192,254736,17,17,0
163,1.087,0.241,0.000,1.328,1.377,97878,9602,88276,247,25,25,6264192,254736,17,17,0
164,1.116,0.249,0.000,1.365,1.442,97878,9602,88276,247,25,25,6264192,254736,17,17,0
165,1.080,0.209,0.000,1.289,1.484,97878,9602,88276,247,25,25,6264192,254736,17,17,0
166,1.099,0.204,0.000,1.304,1.396,97878,9602,88276,247,25,25,6264192,254736,17,17,0
167,1.101,0.204,0.000,1.305,1.417,97878,9602,88276,247,25,25,6264192,254736,17,17,0
168,1.110,0.225,0.000,1.335,1.415,97878,9602,88276,247,25,25,6264192,254736,17,17,0
169,1.091,0.225,0.000,1.316,1.446,97878,9602,88276,247,25,25,6264192,254736,17,17,0
170,1.090,0.226,0.000,1.316,1.429,97878,9602,88276,247,25,25,6264192,254736,17,17,0
171,1.081,0.234,0.000,1.315,1.422,97878,9602,88276,247,25,25,6264192,254736,17,17,0
172,1.107,0.215,0.000,1.322,1.428,97878,9602,88276,247,25,25,6264192,254736,17,17,0
173,1.099,0.221,0.000,1.319,1.439,97878,9602,88276,247,25,25,6264192,254736,17,17,0
174,1.083,0.259,0.000,1.342,1.434,97878,9602,88276,247,25,25,6264192,254736,17,17,0
175,1.065,0.223,0.000,1.288,1.453,97878,9602,88276,247,25,25,6264192,254736,17,17,0
176,1.093,0.220,0.000,1.314,1.402,97878,9602,88276,247,25,25,6264192,254736,17,17,0
177,1.116,0.231,0.000,1.347,1.425,97878,9602,88276,247,25,25,6264192,254736,17,17,0
178,1.119,0.212,0.000,1.331,1.456,97878,9602,88276,247,25,25,6264192,254736,17,17,0
179,1.090,0.228,0.000,1.319,1.446,97878,9602,88276,247,25,25,6264192,254736,17,17,0
180,1.091,0.226,0.000,1.317,1.432,97878,9602,88276,247,25,25,6264192,254736,17,17,0
181,1.082,0.244,0.000,1.326,1.431,97878,9602,88276,247,25,25,6264192,254736,17,17,0
182,1.126,0.209,0.000,1.335,1.433,97878,9602,88276,247,25,25,6264192,254736,17,17,0
183,1.105,0.229,0.000,1.335,1.448,97878,9602,88276,247,25,25,6264192,254736,17,17,0
184,1.106,0.213,0.000,1.319,1.447,97878,9602,88276,247,25,25,6264192,254736,17,17,0
185,1.199,0.313,0.000,1.512,1.424,97878,9602,88276,247,25,25,6264192,254736,17,17,0
186,1.120,0.275,0.000,1.395,1.631,97878,9602,88276,247,25,25,6264192,254736,17,17,0
187,1.110,0.228,0.000,1.338,1.506,97878,9602,88276,247,25,25,6264192,254736,17,17,0
188,1.140,0.198,0.000,1.339,1.447,97878,9602,88276,247,25,25,6264192,254736,17,17,0
189,1.124,0.227,0.000,1.351,1.448,97878,9602,88276,247,25,25,6264192,254736,17,17,0
190,1.096,0.225,0.000,1.321,1.460,97878,9602,88276,247,25,25,6264192,254736,17,17,0
191,1.100,0.244,0.000,1.344,1.431,97878,9602,88276,247,25,25,6264192,254736,17,17,0
192,1.082,0.203,0.000,1.285,1.460,97878,9602,88276,247,25,25,6264192,254736,17,17,0
193,1.126,0.241,0.000,1.367,1.395,97878,9602,88276,247,25,25,6264192,254736,17,17,0
194,1.133,0.206,0.000,1.340,1.478,97878,9602,88276,247,25,25,6264192,254736,17,17,0
195,1.097,0.233,0.000,1.330,1.464,97878,9602,88276,247,25,25,6264192,254736,17,17,0
196,1.094,0.209,0.000,1.303,1.442,97878,9602,88276,247,25,25,6264192,254736,17,17,0
197,1.112,0.231,0.000,1.343,1.416,97878,9602,88276,247,25,25,6264192,254736,17,17,0
198,1.089,0.210,0.000,1.298,1.455,97878,9602,88276,247,25,25,6264192,254736,17,17,0
199,1.070,0.222,0.000,1.292,1.416,97878,9602,88276,247,25,25,6264192,254736,17,17,0
200,1.108,0.214,0.000,1.323,1.404,97878,9602,88276,247,25,25,6264192,254736,17,17,0
201,1.087,0.234,0.000,1.321,1.433,97878,9602,88276,247,25,25,6264192,254736,17,17,0
202,1.099,0.243,0.000,1.342,1.432,97878,9602,88276,247,25,25,6264192,254736,17,17,0
203,1.085,0.232,0.000,1.317,1.456,97878,9602,88276,247,25,25,6264192,254736,17,17,0
204,1.101,0.232,0.000,1.333,1.426,97878,9602,88276,247,25,25,6264192,254736,17,17,0
205,1.110,0.227,0.000,1.337,1.444,97878,9602,88276,247,25,25,6264192,254736,17,17,0
206,1.114,0.228,0.000,1.342,1.454,97878,9602,88276,247,25,25,6264192,254736,17,17,0
207,1.069,0.224,0.000,1.293,1.453,97878,9602,88276,247,25,25,6264192,254736,17,17,0
208,1.094,0.226,0.000,1.320,1.402,97878,9602,88276,247,25,25,6264192,254736,17,17,0
209,1.103,0.235,0.000,1.338,1.427,97878,9602,88276,247,25,25,6264192,254736,17,17,0
210,1.089,0.221,0.000,1.310,1.450,97878,9602,88276,247,25,25,6264192,254736,17,17,0
211,1.104,0.224,0.000,1.328,1.421,97878,9602,88276,247,25,25,6264192,254736,17,17,0
212,1.123,0.208,0.000,1.331,1.436,97878,9602,88276,247,25,25,6264192,254736,17,17,0
213,1.059,0.234,0.000,1.293,1.443,97878,9602,88276,247,25,25,6264192,254736,17,17,0
214,1.087,0.224,0.000,1.312,1.402,97878,9602,88276,247,25,25,6264192,254736,17,17,0
215,1.094,0.232,0.000,1.326,1.421,97878,9602,88276,247,25,25,6264192,254736,17,17,0
216,1.102,0.232,0.000,1.334,1.430,97878,9602,88276,247,25,25,6264192,254736,17,17,0
217,1.109,0.227,0.000,1.336,1.446,97878,9602,88276,247,25,25,6264192,254736,17,17,0
218,1.108,0.207,0.000,1.315,1.445,97878,9602,88276,247,25,25,6264192,254736,17,17,0
219,1.137,0.239,0.000,1.376,1.427,97878,9602,88276,247,25,25,6264192,254736,17,17,0
220,1.084,0.221,0.000,1.304,1.490,97878,9602,88276,247,25,25,6264192,254736,17,17,0
221,1.085,0.239,0.000,1.324,1.411,97878,9602,88276,247,25,25,6264192,254736,17,17,0
222,1.077,0.222,0.000,1.299,1.430,97878,9602,88276,247,25,25,6264192,254736,17,17,0
223,1.108,0.209,0.000,1.317,1.405,97878,9602,88276,247,25,25,6264192,254736,17,17,0
224,1.125,0.230,0.000,1.355,1.430,97878,9602,88276,247,25,25,6264192,254736,17,17,0
225,1.083,0.239,0.000,1.321,1.467,97878,9602,88276,247,25,25,6264192,254736,17,17,0
226,1.093,0.242,0.000,1.335,1.429,97878,9602,88276,247,25,25,6264192,254736,17,17,0
227,1.079,0.234,0.000,1.313,1.447,97878,9602,88276,247,25,25,6264192,254736,17,17,0
228,1.086,0.215,0.000,1.300,1.421,97878,9602,88276,247,25,25,6264192,254736,17,17,0
229,1.080,0.226,0.000,1.305,1.418,97878,9602,88276,247,25,25,6264192,254736,17,17,0
230,1.099,0.228,0.000,1.327,1.415,97878,9602,88276,247,25,25,6264192,254736,17,17,0
231,1.096,0.233,0.000,1.330,1.437,97878,9602,88276,247,25,25,6264192,254736,17,17,0
232,1.024,0.203,0.000,1.227,1.437,97878,9602,88276,247,25,25,6264192,254736,17,17,0
233,1.014,0.212,0.000,1.225,1.338,97878,9602,88276,247,25,25,6264192,254736,17,17,0
234,1.092,0.225,0.000,1.317,1.335,97878,9602,88276,247,25,25,6264192,254736,17,17,0
235,1.128,0.203,0.000,1.331,1.428,97878,9602,88276,247,25,25,6264192,254736,17,17,0
236,1.092,0.222,0.000,1.315,1.443,97878,9602,88276,247,25,25,6264192,254736,17,17,0
237,1.087,0.242,0.000,1.330,1.425,97878,9602,88276,247,25,25,6264192,254736,17,17,0
238,1.097,0.209,0.000,1.306,1.445,97878,9602,88276,247,25,25,6264192,254736,17,17,0
239,1.085,0.213,0.000,1.298,1.418,97878,9602,88276,247,25,25,6264192,254736,17,17,0
240,1.096,0.258,0.000,1.353,1.407,97878,9602,88276,247,25,25,6264192,254736,17,17,0
241,1.133,0.210,0.000,1.343,1.469,97878,9602,88276,247,25,25,6264192,254736,17,17,0
242,1.093,0.234,0.000,1.327,1.450,97878,9602,88276,247,25,25,6264192,254736,17,17,0
243,1.086,0.223,0.000,1.309,1.438,97878,9602,88276,247,25,25,6264192,254736,17,17,0
244,1.080,0.212,0.000,1.292,1.431,97878,9602,88276,247,25,25,6264192,254736,17,17,0
245,1.090,0.208,0.000,1.298,1.401,97878,9602,88276,247,25,25,6264192,254736,17,17,0
246,1.133,0.210,0.000,1.343,1.398,97878,9602,88276,247,25,25,6264192,254736,17,17,0
247,1.129,0.232,0.000,1.361,1.454,97878,9602,88276,247,25,25,6264192,254736,17,17,0
248,1.153,0.195,0.000,1.348,1.477,97878,9602,88276,247,25,25,6264192,254736,17,17,0
249,1.064,0.196,0.000,1.260,1.456,97878,9602,88276,247,25,25,6264192,254736,17,17,0
250,1.063,0.196,0.000,1.258,1.372,97878,9602,88276,247,25,25,6264192,254736,17,17,0
251,1.110,0.229,0.000,1.338,1.367,97878,9602,88276,247,25,25,6264192,254736,17,17,0
252,1.067,0.225,0.000,1.291,1.451,97878,9602,88276,247,25,25,6264192,254736,17,17,0
253,1.097,0.235,0.000,1.332,1.406,97878,9602,88276,247,25,25,6264192,254736,17,17,0
254,1.104,0.249,0.000,1.353,1.442,97878,9602,88276,247,25,25,6264192,254736,17,17,0
255,1.086,0.230,0.000,1.316,1.464,97878,9602,88276,247,25,25,6264192,254736,17,17,0
256,1.124,0.211,0.000,1.335,1.426,97878,9602,88276,247,25,25,6264192,254736,17,17,0
257,1.091,0.235,0.000,1.325,1.444,97878,9602,88276,247,25,25,6264192,254736,17,17,0
258,1.096,0.225,0.000,1.321,1.441,97878,9602,88276,247,25,25,6264192,254736,17,17,0
259,1.081,0.219,0.000,1.300,1.430,97878,9602,88276,247,25,25,6264192,254736,17,17,0
260,1.090,0.237,0.000,1.328,1.412,97878,9602,88276,247,25,25,6264192,254736,17,17,0
261,1.118,0.239,0.000,1.357,1.441,97878,9602,88276,247,25,25,6264192,254736,17,17,0
262,1.088,0.226,0.000,1.315,1.467,97878,9602,88276,247,25,25,6264192,254736,17,17,0
263,1.090,0.226,0.000,1.317,1.425,97878,9602,88276,247,25,25,6264192,254736,17,17,0
264,1.088,0.194,0.000,1.282,1.426,97878,9602,88276,247,25,25,6264192,254736,17,17,0
265,1.146,0.209,0.000,1.355,1.386,97878,9602,88276,247,25,25,6264192,254736,17,17,0
266,1.101,0.200,0.000,1.301,1.465,97878,9602,88276,247,25,25,6264192,254736,17,17,0
267,1.086,0.217,0.000,1.303,1.407,97878,9602,88276,247,25,25,6264192,254736,17,17,0
268,1.079,0.205,0.000,1.284,1.415,97878,9602,88276,247,25,25,6264192,254736,17,17,0
269,1.093,0.226,0.000,1.318,1.393,97878,9602,88276,247,25,25,6264192,254736,17,17,0
270,1.151,0.218,0.000,1.369,1.437,97878,9602,88276,247,25,25,6264192,254736,17,17,0
271,1.174,0.284,0.000,1.459,1.486,97878,9602,88276,247,25,25,6264192,254736,17,17,0
272,1.143,0.258,0.000,1.401,1.565,97878,9602,88276,247,25,25,6264192,254736,17,17,0
273,1.106,0.258,0.000,1.363,1.512,97878,9602,88276,247,25,25,6264192,254736,17,17,0
274,1.087,0.245,0.000,1.331,1.473,97878,9602,88276,247,25,25,6264192,254736,17,17,0
275,1.146,0.234,0.000,1.380,1.441,97878,9602,88276,247,25,25,6264192,254736,17,17,0
276,1.136,0.218,0.000,1.355,1.493,97878,9602,88276,247,25,25,6264192,254736,17,17,0
277,1.143,0.229,0.000,1.372,1.463,97878,9602,88276,247,25,25,6264192,254736,17,17,0
278,1.104,0.242,0.000,1.346,1.481,97878,9602,88276,247,25,25,6264192,254736,17,17,0
279,1.034,0.214,0.000,1.249,1.456,97878,9602,88276,247,25,25,6264192,254736,17,17,0
280,1.048,0.215,0.000,1.264,1.360,97878,9602,88276,247,25,25,6264192,254736,17,17,0
281,1.046,0.211,0.000,1.257,1.377,97878,9602,88276,247,25,25,6264192,254736,17,17,0
282,1.104,0.229,0.000,1.332,1.365,97878,9602,88276,247,25,25,6264192,254736,17,17,0
283,1.083,0.221,0.000,1.304,1.442,97878,9602,88276,247,25,25,6264192,254736,17,17,0
284,1.108,0.239,0.000,1.347,1.414,97878,9602,88276,247,25,25,6264192,254736,17,17,0
285,1.097,0.203,0.000,1.300,1.454,97878,9602,88276,247,25,25,6264192,254736,17,17,0
286,1.083,0.215,0.000,1.299,1.408,97878,9602,88276,247,25,25,6264192,254736,17,17,0
287,1.089,0.234,0.000,1.323,1.410,97878,9602,88276,247,25,25,6264192,254736,17,17,0
288,1.106,0.229,0.000,1.336,1.432,97878,9602,88276,247,25,25,6264192,254736,17,17,0
289,1.136,0.207,0.000,1.343,1.440,97878,9602,88276,247,25,25,6264192,254736,17,17,0
290,1.098,0.206,0.000,1.305,1.453,97878,9602,88276,247,25,25,6264192,254736,17,17,0
291,1.073,0.229,0.000,1.302,1.413,97878,9602,88276,247,25,25,6264192,254736,17,17,0
292,1.080,0.221,0.000,1.301,1.412,97878,9602,88276,247,25,25,6264192,254736,17,17,0
293,1.103,0.213,0.000,1.316,1.420,97878,9602,88276,247,25,25,6264192,254736,17,17,0
294,1.111,0.219,0.000,1.330,1.432,97878,9602,88276,247,25,25,6264192,254736,17,17,0
295,1.065,0.209,0.000,1.274,1.442,97878,9602,88276,247,25,25,6264192,254736,17,17,0
296,1.090,0.222,0.000,1.311,1.382,97878,9602,88276,247,25,25,6264192,254736,17,17,0
297,1.066,0.247,0.000,1.313,1.425,97878,9602,88276,247,25,25,6264192,254736,17,17,0
298,1.075,0.248,0.000,1.323,1.420,97878,9602,88276,247,25,25,6264192,254736,17,17,0
299,1.063,0.207,0.000,1.270,1.430,97878,9602,88276,247,25,25,6264192,254736,17,17,0
300,1.111,0.204,0.000,1.315,1.379,97878,9602,88276,247,25,25,6264192,254736,17,17,0
301,1.088,0.238,0.000,1.326,1.427,97878,9602,88276,247,25,25,6264192,254736,17,17,0
302,1.088,0.238,0.000,1.326,1.429,97878,9602,88276,247,25,25,6264192,254736,17,17,0
303,1.086,0.223,0.000,1.310,1.434,97878,9602,88276,247,25,25,6264192,254736,17,17,0
304,1.077,0.245,0.000,1.322,1.415,97878,9602,88276,247,25,25,6264192,254736,17,17,0
305,1.115,0.215,0.000,1.330,1.433,97878,9602,88276,247,25,25,6264192,254736,17,17,0
306,1.078,0.204,0.000,1.282,1.440,97878,9602,88276,247,25,25,6264192,254736,17,17,0
307,1.085,0.238,0.000,1.323,1.390,97878,9602,88276,247,25,25,6264192,254736,17,17,0
308,1.090,0.211,0.000,1.300,1.433,97878,9602,88276,247,25,25,6264192,254736,17,17,0
309,1.089,0.250,0.000,1.340,1.411,97878,9602,88276,247,25,25,6264192,254736,17,17,0
310,1.128,0.243,0.000,1.371,1.455,97878,9602,88276,247,25,25,6264192,254736,17,17,0
311,1.112,0.233,0.000,1.345,1.480,97878,9602,88276,247,25,25,6264192,254736,17,17,0
312,1.102,0.218,0.000,1.320,1.454,97878,9602,88276,247,25,25,6264192,254736,17,17,0
313,1.095,0.229,0.000,1.324,1.432,97878,9602,88276,247,25,25,6264192,254736,17,17,0
314,1.081,0.226,0.000,1.307,1.435,97878,9602,88276,247,25,25,6264192,254736,17,17,0
315,1.087,0.226,0.000,1.312,1.419,97878,9602,88276,247,25,25,6264192,254736,17,17,0
316,1.105,0.229,0.000,1.335,1.424,97878,9602,88276,247,25,25,6264192,254736,17,17,0
317,1.139,0.209,0.000,1.348,1.442,97878,9602,88276,247,25,25,6264192,254736,17,17,0
318,1.034,0.212,0.000,1.246,1.461,97878,9602,88276,247,25,25,6264192,254736,17,17,0
319,1.029,0.231,0.000,1.261,1.351,97878,9602,88276,247,25,25,6264192,254736,17,17,0
320,1.021,0.222,0.000,1.244,1.374,97878,9602,88276,247,25,25,6264192,254736,17,17,0
321,1.069,0.220,0.000,1.289,1.354,97878,9602,88276,247,25,25,6264192,254736,17,17,0
322,1.057,0.218,0.000,1.275,1.400,97878,9602,88276,247,25,25,6264192,254736,17,17,0
323,1.045,0.201,0.000,1.247,1.381,97878,9602,88276,247,25,25,6264192,254736,17,17,0
324,1.036,0.214,0.000,1.250,1.355,97878,9602,88276,247,25,25,6264192,254736,17,17,0
325,1.045,0.218,0.000,1.262,1.356,97878,9602,88276,247,25,25,6264192,254736,17,17,0
326,1.136,0.229,0.000,1.364,1.372,97878,9602,88276,247,25,25,6264192,254736,17,17,0
327,1.122,0.217,0.000,1.339,1.475,97878,9602,88276,247,25,25,6264192,254736,17,17,0
328,1.114,0.218,0.000,1.332,1.446,97878,9602,88276,247,25,25,6264192,254736,17,17,0
329,1.110,0.212,0.000,1.322,1.442,97878,9602,88276,247,25,25,6264192,254736,17,17,0
330,1.091,0.225,0.000,1.316,1.433,97878,9602,88276,247,25,25,6264192,254736,17,17,0
331,1.088,0.239,0.000,1.327,1.421,97878,9602,88276,247,25,25,6264192,254736,17,17,0
332,1.097,0.229,0.000,1.327,1.436,97878,9602,88276,247,25,25,6264192,254736,17,17,0
333,1.102,0.230,0.000,1.332,1.435,97878,9602,88276,247,25,25,6264192,254736,17,17,0
334,1.119,0.235,0.000,1.354,1.445,97878,9602,88276,247,25,25,6264192,254736,17,17,0
335,1.124,0.211,0.000,1.335,1.461,97878,9602,88276,247,25,25,6264192,254736,17,17,0
336,1.039,0.211,0.000,1.250,1.451,97878,9602,88276,247,25,25,6264192,254736,17,17,0
337,1.076,0.208,0.000,1.285,1.355,97878,9602,88276,247,25,25,6264192,254736,17,17,0
338,1.114,0.257,0.000,1.371,1.390,97878,9602,88276,247,25,25,6264192,254736,17,17,0
339,1.073,0.266,0.000,1.339,1.490,97878,9602,88276,247,25,25,6264192,254736,17,17,0
340,1.170,0.238,0.000,1.407,1.459,97878,9602,88276,247,25,25,6264192,254736,17,17,0
341,1.119,0.228,0.000,1.347,1.521,97878,9602,88276,247,25,25,6264192,254736,17,17,0
342,1.084,0.215,0.000,1.299,1.471,97878,9602,88276,247,25,25,6264192,254736,17,17,0
343,1.039,0.218,0.000,1.257,1.401,97878,9602,88276,247,25,25,6264192,254736,17,17,0
344,1.066,0.213,0.000,1.279,1.359,97878,9602,88276,247,25,25,6264192,254736,17,17,0
345,1.050,0.212,0.000,1.262,1.382,97878,9602,88276,247,25,25,6264192,254736,17,17,0
346,1.084,0.205,0.000,1.289,1.371,97878,9602,88276,247,25,25,6264192,254736,17,17,0
347,1.081,0.206,0.000,1.286,1.389,97878,9602,88276,247,25,25,6264192,254736,17,17,0
348,1.095,0.222,0.000,1.318,1.404,97878,9602,88276,247,25,25,6264192,254736,17,17,0
349,1.121,0.255,0.000,1.375,1.429,97878,9602,88276,247,25,25,6264192,254736,17,17,0
350,1.080,0.240,0.000,1.320,1.485,97878,9602,88276,247,25,25,6264192,254736,17,17,0
351,1.076,0.234,0.000,1.310,1.426,97878,9602,88276,247,25,25,6264192,254736,17,17,0
352,1.106,0.235,0.000,1.341,1.420,97878,9602,88276,247,25,25,6264192,254736,17,17,0
353,1.091,0.208,0.000,1.299,1.454,97878,9602,88276,247,25,25,6264192,254736,17,17,0
354,1.093,0.248,0.000,1.341,1.411,97878,9602,88276,247,25,25,6264192,254736,17,17,0
355,1.093,0.248,0.000,1.341,1.454,97878,9602,88276,247,25,25,6264192,254736,17,17,0
356,1.089,0.245,0.000,1.333,1.450,97878,9602,88276,247,25,25,6264192,254736,17,17,0
357,1.159,0.279,0.000,1.438,1.467,97878,9602,88276,247,25,25,6264192,254736,17,17,0
358,1.109,0.244,0.000,1.353,1.551,97878,9602,88276,247,25,25,6264192,254736,17,17,0
359,1.111,0.247,0.000,1.358,1.465,97878,9602,88276,247,25,25,6264192,254736,17,17,0
360,1.077,0.220,0.000,1.297,1.471,97878,9602,88276,247,25,25,6264192,254736,17,17,0
361,1.031,0.246,0.000,1.277,1.398,97878,9602,88276,247,25,25,6264192,254736,17,17,0
362,1.091,0.252,0.000,1.342,1.388,97878,9602,88276,247,25,25,6264192,254736,17,17,0
363,1.127,0.249,0.000,1.376,1.453,97878,9602,88276,247,25,25,6264192,254736,17,17,0
364,1.109,0.229,0.000,1.338,1.486,97878,9602,88276,247,25,25,6264192,254736,17,17,0
365,1.115,0.241,0.000,1.356,1.444,97878,9602,88276,247,25,25,6264192,254736,17,17,0
366,1.073,0.200,0.000,1.273,1.466,97878,9602,88276,247,25,25,6264192,254736,17,17,0
367,1.096,0.203,0.000,1.299,1.388,97878,9602,88276,247,25,25,6264192,254736,17,17,0
368,1.088,0.228,0.000,1.316,1.410,97878,9602,88276,247,25,25,6264192,254736,17,17,0
369,1.117,0.239,0.000,1.356,1.421,97878,9602,88276,247,25,25,6264192,254736,17,17,0
370,1.116,0.234,0.000,1.350,1.466,97878,9602,88276,247,25,25,6264192,254736,17,17,0
371,1.079,0.231,0.000,1.310,1.462,97878,9602,88276,247,25,25,6264192,254736,17,17,0
372,1.086,0.238,0.000,1.324,1.420,97878,9602,88276,247,25,25,6264192,254736,17,17,0
373,1.060,0.220,0.000,1.280,1.433,97878,9602,88276,247,25,25,6264192,254736,17,17,0
374,1.071,0.224,0.000,1.296,1.391,97878,9602,88276,247,25,25,6264192,254736,17,17,0
375,1.114,0.236,0.000,1.350,1.408,97878,9602,88276,247,25,25,6264192,254736,17,17,0
376,1.137,0.192,0.000,1.329,1.460,97878,9602,88276,247,25,25,6264192,254736,17,17,0
377,1.092,0.221,0.000,1.313,1.430,97878,9602,88276,247,25,25,6264192,254736,17,17,0
378,1.076,0.211,0.000,1.287,1.423,97878,9602,88276,247,25,25,6264192,254736,17,17,0
379,1.091,0.238,0.000,1.329,1.393,97878,9602,88276,247,25,25,6264192,254736,17,17,0
380,1.079,0.241,0.000,1.319,1.438,97878,9602,88276,247,25,25,6264192,254736,17,17,0
381,1.124,0.209,0.000,1.332,1.422,97878,9602,88276,247,25,25,6264192,254736,17,17,0
382,1.090,0.212,0.000,1.302,1.444,97878,9602,88276,247,25,25,6264192,254736,17,17,0
383,1.113,0.216,0.000,1.329,1.411,97878,9602,88276,247,25,25,6264192,254736,17,17,0
384,1.090,0.194,0.000,1.284,1.436,97878,9602,88276,247,25,25,6264192,254736,17,17,0
385,1.115,0.228,0.000,1.343,1.394,97878,9602,88276,247,25,25,6264192,254736,17,17,0
386,1.096,0.228,0.000,1.324,1.449,97878,9602,88276,247,25,25,6264192,254736,17,17,0
387,1.128,0.227,0.000,1.355,1.434,97878,9602,88276,247,25,25,6264192,254736,17,17,0
388,1.110,0.234,0.000,1.344,1.465,97878,9602,88276,247,25,25,6264192,254736,17,17,0
389,1.104,0.236,0.000,1.340,1.457,97878,9602,88276,247,25,25,6264192,254736,17,17,0
390,1.083,0.226,0.000,1.309,1.464,97878,9602,88276,247,25,25,6264192,254736,17,17,0
391,1.109,0.223,0.000,1.332,1.419,97878,9602,88276,247,25,25,6264192,254736,17,17,0
392,1.094,0.420,0.000,1.514,1.441,97878,9602,88276,247,25,25,6264192,254736,17,17,0
393,1.425,0.428,0.000,1.853,1.640,97878,9602,88276,247,25,25,6264192,254736,17,17,0
394,1.324,0.314,0.000,1.638,1.963,97878,9602,88276,247,25,25,6264192,254736,17,17,0
395,1.173,0.254,0.000,1.427,1.745,97878,9602,88276,247,25,25,6264192,254736,17,17,0
396,1.167,0.224,0.000,1.391,1.539,97878,9602,88276,247,25,25,6264192,254736,17,17,0
397,1.192,0.246,0.000,1.438,1.498,97878,9602,88276,247,25,25,6264192,254736,17,17,0
398,1.183,0.228,0.000,1.411,1.547,97878,9602,88276,247,25,25,6264192,254736,17,17,0
399,1.143,0.244,0.000,1.387,1.522,97878,9602,88276,247,25,25,6264192,254736,17,17,0
400,1.140,0.249,0.000,1.389,1.502,97878,9602,88276,247,25,25,6264192,254736,17,17,0
401,1.149,0.239,0.000,1.388,1.497,97878,9602,88276,247,25,25,6264192,254736,17,17,0
402,1.165,0.245,0.000,1.410,1.500,97878,9602,88276,247,25,25,6264192,254736,17,17,0
403,1.169,0.236,0.000,1.405,1.527,97878,9602,88276,247,25,25,6264192,254736,17,17,0
404,1.169,0.206,0.000,1.375,1.509,97878,9602,88276,247,25,25,6264192,254736,17,17,0
405,1.154,0.225,0.000,1.379,1.483,97878,9602,88276,247,25,25,6264192,254736,17,17,0
406,1.145,0.225,0.000,1.369,1.490,97878,9602,88276,247,25,25,6264192,254736,17,17,0
407,1.111,0.218,0.000,1.329,1.481,97878,9602,88276,247,25,25,6264192,254736,17,17,0
408,1.147,0.227,0.000,1.374,1.439,97878,9602,88276,247,25,25,6264192,254736,17,17,0
409,1.127,0.224,0.000,1.351,1.491,97878,9602,88276,247,25,25,6264192,254736,17,17,0
410,1.097,0.226,0.000,1.323,1.459,97878,9602,88276,247,25,25,6264192,254736,17,17,0
411,1.093,0.227,0.000,1.320,1.435,97878,9602,88276,247,25,25,6264192,254736,17,17,0
412,1.104,0.223,0.000,1.326,1.431,97878,9602,88276,247,25,25,6264192,254736,17,17,0
413,1.140,0.210,0.000,1.350,1.437,97878,9602,88276,247,25,25,6264192,254736,17,17,0
414,1.134,0.225,0.000,1.359,1.459,97878,9602,88276,247,25,25,6264192,254736,17,17,0
415,1.129,0.239,0.000,1.368,1.468,97878,9602,88276,247,25,25,6264192,254736,17,17,0
416,1.147,0.214,0.000,1.361,1.479,97878,9602,88276,247,25,25,6264192,254736,17,17,0
417,1.139,0.250,0.000,1.389,1.468,97878,9602,88276,247,25,25,6264192,254736,17,17,0
418,1.106,0.233,0.000,1.339,1.501,97878,9602,88276,247,25,25,6264192,254736,17,17,0
419,1.131,0.208,0.000,1.339,1.453,97878,9602,88276,247,25,25,6264192,254736,17,17,0
420,1.134,0.228,0.000,1.362,1.452,97878,9602,88276,247,25,25,6264192,254736,17,17,0
421,1.139,0.232,0.000,1.372,1.470,97878,9602,88276,247,25,25,6264192,254736,17,17,0
422,1.092,0.232,0.000,1.324,1.480,97878,9602,88276,247,25,25,6264192,254736,17,17,0
423,1.120,0.249,0.000,1.369,1.437,97878,9602,88276,247,25,25,6264192,254736,17,17,0
424,1.097,0.217,0.000,1.314,1.476,97878,9602,88276,247,25,25,6264192,254736,17,17,0
425,1.134,0.215,0.000,1.350,1.419,97878,9602,88276,247,25,25,6264192,254736,17,17,0
426,1.124,0.231,0.000,1.355,1.464,97878,9602,88276,247,25,25,6264192,254736,17,17,0
427,1.129,0.217,0.000,1.347,1.467,97878,9602,88276,247,25,25,6264192,254736,17,17,0
428,1.128,0.226,0.000,1.354,1.457,97878,9602,88276,247,25,25,6264192,254736,17,17,0
429,1.130,0.226,0.000,1.357,1.467,97878,9602,88276,247,25,25,6264192,254736,17,17,0
430,1.120,0.235,0.000,1.355,1.469,97878,9602,88276,247,25,25,6264192,254736,17,17,0
431,1.132,0.210,0.000,1.341,1.466,97878,9602,88276,247,25,25,6264192,254736,17,17,0
432,1.124,0.234,0.000,1.358,1.447,97878,9602,88276,247,25,25,6264192,254736,17,17,0
433,1.108,0.239,0.000,1.347,1.467,97878,9602,88276,247,25,25,6264192,254736,17,17,0
434,1.081,0.193,0.000,1.274,1.458,97878,9602,88276,247,25,25,6264192,254736,17,17,0
435,1.107,0.227,0.000,1.334,1.382,97878,9602,88276,247,25,25,6264192,254736,17,17,0
436,1.149,0.213,0.000,1.362,1.436,97878,9602,88276,247,25,25,6264192,254736,17,17,0
437,1.148,0.224,0.000,1.372,1.476,97878,9602,88276,247,25,25,6264192,254736,17,17,0
438,1.112,0.210,0.000,1.323,1.483,97878,9602,88276,247,25,25,6264192,254736,17,17,0
439,1.085,0.228,0.000,1.314,1.447,97878,9602,88276,247,25,25,6264192,254736,17,17,0
440,1.084,0.234,0.000,1.318,1.425,97878,9602,88276,247,25,25,6264192,254736,17,17,0
441,1.122,0.232,0.000,1.354,1.428,97878,9602,88276,247,25,25,6264192,254736,17,17,0
442,1.152,0.223,0.000,1.375,1.467,97878,9602,88276,247,25,25,6264192,254736,17,17,0
443,1.143,0.232,0.000,1.375,1.487,97878,9602,88276,247,25,25,6264192,254736,17,17,0
444,1.104,0.212,0.000,1.316,1.488,97878,9602,88276,247,25,25,6264192,254736,17,17,0
445,1.094,0.230,0.000,1.323,1.429,97878,9602,88276,247,25,25,6264192,254736,17,17,0
446,1.115,0.244,0.000,1.359,1.430,97878,9602,88276,247,25,25,6264192,254736,17,17,0
447,1.100,0.223,0.000,1.323,1.471,97878,9602,88276,247,25,25,6264192,254736,17,17,0
448,1.133,0.239,0.000,1.372,1.435,97878,9602,88276,247,25,25,6264192,254736,17,17,0
449,1.104,0.264,0.000,1.368,1.483,97878,9602,88276,247,25,25,6264192,254736,17,17,0
450,1.121,0.217,0.000,1.338,1.483,97878,9602,88276,247,25,25,6264192,254736,17,17,0
451,1.121,0.248,0.000,1.369,1.450,97878,9602,88276,247,25,25,6264192,254736,17,17,0
452,1.104,0.234,0.000,1.338,1.479,97878,9602,88276,247,25,25,6264192,254736,17,17,0
453,1.121,0.237,0.000,1.357,1.451,97878,9602,88276,247,25,25,6264192,254736,17,17,0
454,1.117,0.226,0.000,1.343,1.466,97878,9602,88276,247,25,25,6264192,254736,17,17,0
455,1.136,0.226,0.000,1.361,1.455,97878,9602,88276,247,25,25,6264192,254736,17,17,0
456,1.110,0.246,0.000,1.356,1.473,97878,9602,88276,247,25,25,6264192,254736,17,17,0
457,1.093,0.220,0.000,1.314,1.459,97878,9602,88276,247,25,25,6264192,254736,17,17,0
458,1.081,0.222,0.000,1.304,1.427,97878,9602,88276,247,25,25,6264192,254736,17,17,0
459,1.115,0.229,0.000,1.344,1.416,97878,9602,88276,247,25,25,6264192,254736,17,17,0
460,1.122,0.237,0.000,1.359,1.454,97878,9602,88276,247,25,25,6264192,254736,17,17,0
461,1.111,0.212,0.000,1.323,1.466,97878,9602,88276,247,25,25,6264192,254736,17,17,0
462,1.085,0.236,0.000,1.321,1.434,97878,9602,88276,247,25,25,6264192,254736,17,17,0
463,1.085,0.219,0.000,1.304,1.434,97878,9602,88276,247,25,25,6264192,254736,17,17,0
464,1.074,0.235,0.000,1.309,1.413,97878,9602,88276,247,25,25,6264192,254736,17,17,0
465,1.115,0.220,0.000,1.335,1.422,97878,9602,88276,247,25,25,6264192,254736,17,17,0
466,1.127,0.237,0.000,1.364,1.444,97878,9602,88276,247,25,25,6264192,254736,17,17,0
467,1.146,0.219,0.000,1.366,1.473,97878,9602,88276,247,25,25,6264192,254736,17,17,0
468,1.123,0.218,0.000,1.341,1.476,97878,9602,88276,247,25,25,6264192,254736,17,17,0
469,1.069,0.199,0.000,1.268,1.452,97878,9602,88276,247,25,25,6264192,254736,17,17,0
470,1.120,0.221,0.000,1.341,1.380,97878,9602,88276,247,25,25,6264192,254736,17,17,0
471,1.138,0.218,0.000,1.356,1.451,97878,9602,88276,247,25,25,6264192,254736,17,17,0
472,1.131,0.223,0.000,1.354,1.466,97878,9602,88276,247,25,25,6264192,254736,17,17,0
473,1.113,0.234,0.000,1.347,1.465,97878,9602,88276,247,25,25,6264192,254736,17,17,0
474,1.110,0.226,0.000,1.336,1.453,97878,9602,88276,247,25,25,6264192,254736,17,17,0
475,1.072,0.236,0.000,1.308,1.447,97878,9602,88276,247,25,25,6264192,254736,17,17,0
476,1.135,0.225,0.000,1.360,1.412,97878,9602,88276,247,25,25,6264192,254736,17,17,0
477,1.116,0.223,0.000,1.339,1.474,97878,9602,88276,247,25,25,6264192,254736,17,17,0
478,1.105,0.211,0.000,1.316,1.448,97878,9602,88276,247,25,25,6264192,254736,17,17,0
479,1.088,0.231,0.000,1.318,1.427,97878,9602,88276,247,25,25,6264192,254736,17,17,0
480,1.102,0.254,0.000,1.356,1.422,97878,9602,88276,247,25,25,6264192,254736,17,17,0
481,1.090,0.223,0.000,1.313,1.457,97878,9602,88276,247,25,25,6264192,254736,17,17,0
482,1.116,0.221,0.000,1.337,1.421,97878,9602,88276,247,25,25,6264192,254736,17,17,0
483,1.129,0.214,0.000,1.343,1.451,97878,9602,88276,247,25,25,6264192,254736,17,17,0
484,1.140,0.212,0.000,1.351,1.455,97878,9602,88276,247,25,25,6264192,254736,17,17,0
485,1.110,0.248,0.000,1.358,1.461,97878,9602,88276,247,25,25,6264192,254736,17,17,0
486,1.085,0.239,0.000,1.324,1.469,97878,9602,88276,247,25,25,6264192,254736,17,17,0
487,1.083,0.211,0.000,1.294,1.436,97878,9602,88276,247,25,25,6264192,254736,17,17,0
488,1.101,0.236,0.000,1.337,1.417,97878,9602,88276,247,25,25,6264192,254736,17,17,0
489,1.129,0.239,0.000,1.368,1.446,97878,9602,88276,247,25,25,6264192,254736,17,17,0
490,1.098,0.229,0.000,1.327,1.477,97878,9602,88276,247,25,25,6264192,254736,17,17,0
491,1.114,0.241,0.000,1.355,1.443,97878,9602,88276,247,25,25,6264192,254736,17,17,0
492,1.100,0.230,0.000,1.330,1.464,97878,9602,88276,247,25,25,6264192,254736,17,17,0
493,1.116,0.212,0.000,1.328,1.442,97878,9602,88276,247,25,25,6264192,254736,17,17,0
494,1.110,0.222,0.000,1.333,1.441,97878,9602,88276,247,25,25,6264192,254736,17,17,0
495,1.121,0.201,0.000,1.322,1.444,97878,9602,88276,247,25,25,6264192,254736,17,17,0
496,1.112,0.213,0.000,1.325,1.433,97878,9602,88276,247,25,25,6264192,254736,17,17,0
497,1.103,0.244,0.000,1.347,1.438,97878,9602,88276,247,25,25,6264192,254736,17,17,0
498,1.097,0.218,0.000,1.314,1.456,97878,9602,88276,247,25,25,6264192,254736,17,17,0
499,1.128,0.225,0.000,1.353,1.423,97878,9602,88276,247,25,25,6264192,254736,17,17,0
500,1.107,0.212,0.000,1.318,1.466,97878,9602,88276,247,25,25,6264192,254736,17,17,0
501,1.117,0.219,0.000,1.336,1.427,97878,9602,88276,247,25,25,6264192,254736,17,17,0
502,1.086,0.232,0.000,1.318,1.447,97878,9602,88276,247,25,25,6264192,254736,17,17,0
503,1.080,0.226,0.000,1.306,1.425,97878,9602,88276,247,25,25,6264192,254736,17,17,0
504,1.081,0.242,0.000,1.323,1.418,97878,9602,88276,247,25,25,6264192,254736,17,17,0
505,1.092,0.233,0.000,1.325,1.431,97878,9602,88276,247,25,25,6264192,254736,17,17,0
506,1.110,0.234,0.000,1.343,1.434,97878,9602,88276,247,25,25,6264192,254736,17,17,0
507,1.108,0.201,0.000,1.308,1.455,97878,9602,88276,247,25,25,6264192,254736,17,17,0
508,1.088,0.232,0.000,1.319,1.419,97878,9602,88276,247,25,25,6264192,254736,17,17,0
509,1.112,0.222,0.000,1.335,1.430,97878,9602,88276,247,25,25,6264192,254736,17,17,0
510,1.101,0.224,0.000,1.325,1.445,97878,9602,88276,247,25,25,6264192,254736,17,17,0
511,1.123,0.235,0.000,1.358,1.436,97878,9602,88276,247,25,25,6264192,254736,17,17,0
512,1.113,0.239,0.000,1.352,1.469,97878,9602,88276,247,25,25,6264192,254736,17,17,0
513,1.118,0.222,0.000,1.339,1.461,97878,9602,88276,247,25,25,6264192,254736,17,17,0
514,1.095,0.245,0.000,1.341,1.453,97878,9602,88276,247,25,25,6264192,254736,17,17,0
515,1.097,0.230,0.000,1.327,1.452,97878,9602,88276,247,25,25,6264192,254736,17,17,0
516,1.103,0.220,0.000,1.323,1.438,97878,9602,88276,247,25,25,6264192,254736,17,17,0
517,1.098,0.214,0.000,1.312,1.435,97878,9602,88276,247,25,25,6264192,254736,17,17,0
518,1.116,0.220,0.000,1.335,1.421,97878,9602,88276,247,25,25,6264192,254736,17,17,0
519,1.121,0.200,0.000,1.321,1.446,97878,9602,88276,247,25,25,6264192,254736,17,17,0
520,1.077,0.211,0.000,1.288,1.426,97878,9602,88276,247,25,25,6264192,254736,17,17,0
521,1.080,0.264,0.000,1.344,1.400,97878,9602,88276,247,25,25,6264192,254736,17,17,0
522,1.145,0.252,0.000,1.397,1.463,97878,9602,88276,247,25,25,6264192,254736,17,17,0
523,1.151,0.243,0.000,1.394,1.511,97878,9602,88276,247,25,25,6264192,254736,17,17,0
524,1.084,0.207,0.000,1.291,1.506,97878,9602,88276,247,25,25,6264192,254736,17,17,0
525,1.093,0.207,0.000,1.301,1.398,97878,9602,88276,247,25,25,6264192,254736,17,17,0
526,1.148,0.288,0.000,1.436,1.408,97878,9602,88276,247,25,25,6264192,254736,17,17,0
527,1.099,0.233,0.000,1.332,1.540,97878,9602,88276,247,25,25,6264192,254736,17,17,0
528,1.051,0.226,0.000,1.277,1.445,97878,9602,88276,247,25,25,6264192,254736,17,17,0
529,1.076,0.215,0.000,1.291,1.385,97878,9602,88276,247,25,25,6264192,254736,17,17,0
530,1.052,0.215,0.000,1.267,1.402,97878,9602,88276,247,25,25,6264192,254736,17,17,0
531,1.026,0.225,0.000,1.251,1.414,97878,9602,88276,247,25,25,6264192,254736,17,17,0
532,1.025,0.211,0.000,1.237,1.396,97878,9602,88276,247,25,25,6264192,254736,17,17,0
533,1.044,0.198,0.000,1.243,1.364,97878,9602,88276,247,25,25,6264192,254736,17,17,0
534,1.126,0.228,0.000,1.354,1.354,97878,9602,88276,247,25,25,6264192,254736,17,17,0
535,1.137,0.237,0.000,1.373,1.466,97878,9602,88276,247,25,25,6264192,254736,17,17,0
536,1.127,0.231,0.000,1.358,1.483,97878,9602,88276,247,25,25,6264192,254736,17,17,0
537,1.149,0.258,0.000,1.407,1.479,97878,9602,88276,247,25,25,6264192,254736,17,17,0
538,1.170,0.227,0.000,1.397,1.514,97878,9602,88276,247,25,25,6264192,254736,17,17,0
539,1.098,0.242,0.000,1.340,1.507,97878,9602,88276,247,25,25,6264192,254736,17,17,0
540,1.117,0.193,0.000,1.310,1.447,97878,9602,88276,247,25,25,6264192,254736,17,17,0
541,1.125,0.216,0.000,1.341,1.418,97878,9602,88276,247,25,25,6264192,254736,17,17,0
542,1.115,0.235,0.000,1.349,1.452,97878,9602,88276,247,25,25,6264192,254736,17,17,0
543,1.117,0.223,0.000,1.340,1.458,97878,9602,88276,247,25,25,6264192,254736,17,17,0
544,1.100,0.222,0.000,1.321,1.453,97878,9602,88276,247,25,25,6264192,254736,17,17,0
545,1.113,0.244,0.000,1.356,1.434,97878,9602,88276,247,25,25,6264192,254736,17,17,0
546,1.097,0.227,0.000,1.323,1.466,97878,9602,88276,247,25,25,6264192,254736,17,17,0
547,1.110,0.230,0.000,1.340,1.432,97878,9602,88276,247,25,25,6264192,254736,17,17,0
548,1.079,0.219,0.000,1.298,1.452,97878,9602,88276,247,25,25,6264192,254736,17,17,0
549,1.109,0.230,0.000,1.339,1.408,97878,9602,88276,247,25,25,6264192,254736,17,17,0
550,1.088,0.240,0.000,1.328,1.448,97878,9602,88276,247,25,25,6264192,254736,17,17,0
551,1.094,0.232,0.000,1.326,1.443,97878,9602,88276,247,25,25,6264192,254736,17,17,0
552,1.146,0.212,0.000,1.358,1.436,97878,9602,88276,247,25,25,6264192,254736,17,17,0
553,1.148,0.214,0.000,1.362,1.468,97878,9602,88276,247,25,25,6264192,254736,17,17,0
554,1.085,0.234,0.000,1.320,1.477,97878,9602,88276,247,25,25,6264192,254736,17,17,0
555,1.104,0.245,0.000,1.349,1.433,97878,9602,88276,247,25,25,6264192,254736,17,17,0
556,1.112,0.231,0.000,1.343,1.458,97878,9602,88276,247,25,25,6264192,254736,17,17,0
557,1.091,0.232,0.000,1.323,1.455,97878,9602,88276,247,25,25,6264192,254736,17,17,0
558,1.122,0.241,0.000,1.363,1.432,97878,9602,88276,247,25,25,6264192,254736,17,17,0
559,1.110,0.221,0.000,1.330,1.476,97878,9602,88276,247,25,25,6264192,254736,17,17,0
560,1.099,0.235,0.000,1.334,1.441,97878,9602,88276,247,25,25,6264192,254736,17,17,0
561,1.103,0.222,0.000,1.325,1.444,97878,9602,88276,247,25,25,6264192,254736,17,17,0
562,1.114,0.236,0.000,1.351,1.436,97878,9602,88276,247,25,25,6264192,254736,17,17,0
563,1.104,0.238,0.000,1.342,1.464,97878,9602,88276,247,25,25,6264192,254736,17,17,0
564,1.110,0.228,0.000,1.338,1.452,97878,9602,88276,247,25,25,6264192,254736,17,17,0
565,1.087,0.236,0.000,1.323,1.445,97878,9602,88276,247,25,25,6264192,254736,17,17,0
566,1.088,0.213,0.000,1.300,1.434,97878,9602,88276,247,25,25,6264192,254736,17,17,0
567,1.123,0.236,0.000,1.359,1.413,97878,9602,88276,247,25,25,6264192,254736,17,17,0
568,1.107,0.249,0.000,1.356,1.474,97878,9602,88276,247,25,25,6264192,254736,17,17,0
569,1.074,0.216,0.000,1.290,1.468,97878,9602,88276,247,25,25,6264192,254736,17,17,0
570,1.128,0.222,0.000,1.350,1.398,97878,9602,88276,247,25,25,6264192,254736,17,17,0
571,1.115,0.214,0.000,1.329,1.459,97878,9602,88276,247,25,25,6264192,254736,17,17,0
572,1.095,0.241,0.000,1.336,1.442,97878,9602,88276,247,25,25,6264192,254736,17,17,0
573,1.088,0.226,0.000,1.314,1.448,97878,9602,88276,247,25,25,6264192,254736,17,17,0
574,1.084,0.202,0.000,1.286,1.424,97878,9602,88276,247,25,25,6264192,254736,17,17,0
575,1.098,0.237,0.000,1.335,1.389,97878,9602,88276,247,25,25,6264192,254736,17,17,0
576,1.118,0.211,0.000,1.330,1.441,97878,9602,88276,247,25,25,6264192,254736,17,17,0
577,1.091,0.242,0.000,1.333,1.438,97878,9602,88276,247,25,25,6264192,254736,17,17,0
578,1.107,0.215,0.000,1.323,1.438,97878,9602,88276,247,25,25,6264192,254736,17,17,0
579,1.087,0.239,0.000,1.326,1.437,97878,9602,88276,247,25,25,6264192,254736,17,17,0
580,1.083,0.235,0.000,1.318,1.435,97878,9602,88276,247,25,25,6264192,254736,17,17,0
581,1.101,0.205,0.000,1.306,1.426,97878,9602,88276,247,25,25,6264192,254736,17,17,0
582,1.120,0.212,0.000,1.332,1.413,97878,9602,88276,247,25,25,6264192,254736,17,17,0
583,1.117,0.223,0.000,1.340,1.444,97878,9602,88276,247,25,25,6264192,254736,17,17,0
584,1.091,0.192,0.000,1.283,1.451,97878,9602,88276,247,25,25,6264192,254736,17,17,0
585,1.102,0.242,0.000,1.344,1.406,97878,9602,88276,247,25,25,6264192,254736,17,17,0
586,1.081,0.229,0.000,1.310,1.455,97878,9602,88276,247,25,25,6264192,254736,17,17,0
587,1.103,0.228,0.000,1.331,1.422,97878,9602,88276,247,25,25,6264192,254736,17,17,0
588,1.086,0.231,0.000,1.316,1.442,97878,9602,88276,247,25,25,6264192,254736,17,17,0
589,1.079,0.224,0.000,1.303,1.425,97878,9602,88276,247,25,25,6264192,254736,17,17,0
590,1.098,0.225,0.000,1.323,1.405,97878,9602,88276,247,25,25,6264192,254736,17,17,0
591,1.092,0.238,0.000,1.330,1.434,97878,9602,88276,247,25,25,6264192,254736,17,17,0
592,1.093,0.232,0.000,1.325,1.440,97878,9602,88276,247,25,25,6264192,254736,17,17,0
593,1.100,0.234,0.000,1.333,1.438,97878,9602,88276,247,25,25,6264192,254736,17,17,0
594,1.096,0.240,0.000,1.337,1.445,97878,9602,88276,247,25,25,6264192,254736,17,17,0
595,1.079,0.233,0.000,1.312,1.446,97878,9602,88276,247,25,25,6264192,254736,17,17,0
596,1.098,0.259,0.000,1.357,1.422,97878,9602,88276,247,25,25,6264192,254736,17,17,0
597,1.110,0.239,0.000,1.348,1.475,97878,9602,88276,247,25,25,6264192,254736,17,17,0
598,1.106,0.216,0.000,1.322,1.455,97878,9602,88276,247,25,25,6264192,254736,17,17,0
599,1.116,0.246,0.000,1.362,1.431,97878,9602,88276,247,25,25,6264192,254736,17,17,0
600,1.079,0.216,0.000,1.295,1.476,97878,9602,88276,247,25,25,6264192,254736,17,17,0
601,1.108,0.222,0.000,1.330,1.406,97878,9602,88276,247,25,25,6264192,254736,17,17,0
602,1.100,0.226,0.000,1.326,1.441,97878,9602,88276,247,25,25,6264192,254736,17,17,0
603,1.132,0.229,0.000,1.361,1.432,97878,9602,88276,247,25,25,6264192,254736,17,17,0
604,1.110,0.212,0.000,1.322,1.469,97878,9602,88276,247,25,25,6264192,254736,17,17,0
605,1.102,0.235,0.000,1.337,1.433,97878,9602,88276,247,25,25,6264192,254736,17,17,0
606,1.079,0.241,0.000,1.319,1.439,97878,9602,88276,247,25,25,6264192,254736,17,17,0
607,1.085,0.225,0.000,1.310,1.428,97878,9602,88276,247,25,25,6264192,254736,17,17,0
608,1.082,0.241,0.000,1.324,1.411,97878,9602,88276,247,25,25,6264192,254736,17,17,0
609,1.142,0.226,0.000,1.368,1.426,97878,9602,88276,247,25,25,6264192,254736,17,17,0
610,1.111,0.202,0.000,1.313,1.482,97878,9602,88276,247,25,25,6264192,254736,17,17,0
611,1.134,0.235,0.000,1.369,1.425,97878,9602,88276,247,25,25,6264192,254736,17,17,0
612,1.086,0.241,0.000,1.327,1.478,97878,9602,88276,247,25,25,6264192,254736,17,17,0
613,1.099,0.225,0.000,1.324,1.435,97878,9602,88276,247,25,25,6264192,254736,17,17,0
614,1.079,0.221,0.000,1.300,1.435,97878,9602,88276,247,25,25,6264192,254736,17,17,0
615,1.121,0.216,0.000,1.337,1.412,97878,9602,88276,247,25,25,6264192,254736,17,17,0
616,1.107,0.204,0.000,1.311,1.447,97878,9602,88276,247,25,25,6264192,254736,17,17,0
617,1.112,0.235,0.000,1.346,1.427,97878,9602,88276,247,25,25,6264192,254736,17,17,0
618,1.075,0.231,0.000,1.306,1.457,97878,9602,88276,247,25,25,6264192,254736,17,17,0
619,1.069,0.242,0.000,1.311,1.414,97878,9602,88276,247,25,25,6264192,254736,17,17,0
620,1.077,0.229,0.000,1.306,1.413,97878,9602,88276,247,25,25,6264192,254736,17,17,0
621,1.116,0.224,0.000,1.340,1.411,97878,9602,88276,247,25,25,6264192,254736,17,17,0
622,1.095,0.233,0.000,1.328,1.452,97878,9602,88276,247,25,25,6264192,254736,17,17,0
623,1.076,0.199,0.000,1.275,1.439,97878,9602,88276,247,25,25,6264192,254736,17,17,0
624,1.071,0.236,0.000,1.307,1.385,97878,9602,88276,247,25,25,6264192,254736,17,17,0
625,1.089,0.243,0.000,1.332,1.418,97878,9602,88276,247,25,25,6264192,254736,17,17,0
626,1.108,0.214,0.000,1.322,1.442,97878,9602,88276,247,25,25,6264192,254736,17,17,0
627,1.100,0.211,0.000,1.311,1.431,97878,9602,88276,247,25,25,6264192,254736,17,17,0
628,1.109,0.203,0.000,1.312,1.427,97878,9602,88276,247,25,25,6264192,254736,17,17,0
629,1.079,0.234,0.000,1.313,1.425,97878,9602,88276,247,25,25,6264192,254736,17,17,0
630,1.081,0.252,0.000,1.332,1.418,97878,9602,88276,247,25,25,6264192,254736,17,17,0
631,1.097,0.214,0.000,1.311,1.445,97878,9602,88276,247,25,25,6264192,254736,17,17,0
632,1.085,0.230,0.000,1.315,1.422,97878,9602,88276,247,25,25,6264192,254736,17,17,0
633,1.108,0.244,0.000,1.352,1.426,97878,9602,88276,247,25,25,6264192,254736,17,17,0
634,1.175,0.230,0.000,1.405,1.476,97878,9602,88276,247,25,25,6264192,254736,17,17,0
635,1.094,0.243,0.000,1.338,1.515,97878,9602,88276,247,25,25,6264192,254736,17,17,0
636,1.098,0.250,0.000,1.349,1.449,97878,9602,88276,247,25,25,6264192,254736,17,17,0
637,1.066,0.223,0.000,1.290,1.455,97878,9602,88276,247,25,25,6264192,254736,17,17,0
638,1.134,0.213,0.000,1.347,1.399,97878,9602,88276,247,25,25,6264192,254736,17,17,0
639,1.097,0.210,0.000,1.308,1.461,97878,9602,88276,247,25,25,6264192,254736,17,17,0
640,1.105,0.234,0.000,1.339,1.422,97878,9602,88276,247,25,25,6264192,254736,17,17,0
641,1.085,0.238,0.000,1.322,1.448,97878,9602,88276,247,25,25,6264192,254736,17,17,0
642,1.103,0.255,0.000,1.358,1.428,97878,9602,88276,247,25,25,6264192,254736,17,17,0
643,1.097,0.244,0.000,1.340,1.469,97878,9602,88276,247,25,25,6264192,254736,17,17,0
644,1.091,0.202,0.000,1.293,1.449,97878,9602,88276,247,25,25,6264192,254736,17,17,0
645,1.140,0.214,0.000,1.353,1.402,97878,9602,88276,247,25,25,6264192,254736,17,17,0
646,1.100,0.208,0.000,1.308,1.465,97878,9602,88276,247,25,25,6264192,254736,17,17,0
647,1.092,0.225,0.000,1.317,1.418,97878,9602,88276,247,25,25,6264192,254736,17,17,0
648,1.090,0.237,0.000,1.327,1.431,97878,9602,88276,247,25,25,6264192,254736,17,17,0
649,1.183,0.232,0.000,1.414,1.427,97878,9602,88276,247,25,25,6264192,254736,17,17,0
650,1.097,0.226,0.000,1.323,1.524,97878,9602,88276,247,25,25,6264192,254736,17,17,0
651,1.124,0.232,0.000,1.356,1.437,97878,9602,88276,247,25,25,6264192,254736,17,17,0
652,1.090,0.234,0.000,1.325,1.469,97878,9602,88276,247,25,25,6264192,254736,17,17,0
653,1.098,0.250,0.000,1.349,1.437,97878,9602,88276,247,25,25,6264192,254736,17,17,0
654,1.079,0.226,0.000,1.305,1.458,97878,9602,88276,247,25,25,6264192,254736,17,17,0
655,1.130,0.232,0.000,1.362,1.416,97878,9602,88276,247,25,25,6264192,254736,17,17,0
656,1.099,0.214,0.000,1.312,1.472,97878,9602,88276,247,25,25,6264192,254736,17,17,0
657,1.103,0.212,0.000,1.315,1.424,97878,9602,88276,247,25,25,6264192,254736,17,17,0
658,1.101,0.221,0.000,1.321,1.428,97878,9602,88276,247,25,25,6264192,254736,17,17,0
659,1.103,0.238,0.000,1.342,1.429,97878,9602,88276,247,25,25,6264192,254736,17,17,0
660,1.105,0.235,0.000,1.340,1.447,97878,9602,88276,247,25,25,6264192,254736,17,17,0
661,1.099,0.231,0.000,1.330,1.451,97878,9602,88276,247,25,25,6264192,254736,17,17,0
662,1.084,0.207,0.000,1.290,1.441,97878,9602,88276,247,25,25,6264192,254736,17,17,0
663,1.100,0.225,0.000,1.325,1.402,97878,9602,88276,247,25,25,6264192,254736,17,17,0
664,1.088,0.214,0.000,1.303,1.437,97878,9602,88276,247,25,25,6264192,254736,17,17,0
665,1.084,0.236,0.000,1.320,1.414,97878,9602,88276,247,25,25,6264192,254736,17,17,0
666,1.083,0.222,0.000,1.305,1.428,97878,9602,88276,247,25,25,6264192,254736,17,17,0
667,1.104,0.207,0.000,1.311,1.413,97878,9602,88276,247,25,25,6264192,254736,17,17,0
668,1.108,0.205,0.000,1.313,1.423,97878,9602,88276,247,25,25,6264192,254736,17,17,0
669,1.093,0.229,0.000,1.322,1.427,97878,9602,88276,247,25,25,6264192,254736,17,17,0
670,1.079,0.198,0.000,1.277,1.434,97878,9602,88276,247,25,25,6264192,254736,17,17,0
671,1.084,0.217,0.000,1.301,1.384,97878,9602,88276,247,25,25,6264192,254736,17,17,0
672,1.075,0.217,0.000,1.292,1.415,97878,9602,88276,247,25,25,6264192,254736,17,17,0
673,1.105,0.213,0.000,1.318,1.397,97878,9602,88276,247,25,25,6264192,254736,17,17,0
674,1.087,0.210,0.000,1.296,1.429,97878,9602,88276,247,25,25,6264192,254736,17,17,0
675,1.127,0.211,0.000,1.338,1.407,97878,9602,88276,247,25,25,6264192,254736,17,17,0
676,1.090,0.233,0.000,1.323,1.449,97878,9602,88276,247,25,25,6264192,254736,17,17,0
677,1.080,0.210,0.000,1.290,1.437,97878,9602,88276,247,25,25,6264192,254736,17,17,0
678,1.097,0.216,0.000,1.313,1.398,97878,9602,88276,247,25,25,6264192,254736,17,17,0
679,1.120,0.213,0.000,1.332,1.427,97878,9602,88276,247,25,25,6264192,254736,17,17,0
680,1.159,0.196,0.000,1.354,1.445,97878,9602,88276,247,25,25,6264192,254736,17,17,0
681,1.118,0.207,0.000,1.325,1.463,97878,9602,88276,247,25,25,6264192,254736,17,17,0
682,1.104,0.226,0.000,1.329,1.434,97878,9602,88276,247,25,25,6264192,254736,17,17,0
683,1.083,0.236,0.000,1.319,1.447,97878,9602,88276,247,25,25,6264192,254736,17,17,0
684,1.080,0.204,0.000,1.284,1.428,97878,9602,88276,247,25,25,6264192,254736,17,17,0
685,1.103,0.200,0.000,1.304,1.393,97878,9602,88276,247,25,25,6264192,254736,17,17,0
686,1.088,0.220,0.000,1.308,1.413,97878,9602,88276,247,25,25,6264192,254736,17,17,0
687,1.121,0.205,0.000,1.325,1.420,97878,9602,88276,247,25,25,6264192,254736,17,17,0
688,1.111,0.224,0.000,1.335,1.428,97878,9602,88276,247,25,25,6264192,254736,17,17,0
689,1.101,0.193,0.000,1.294,1.443,97878,9602,88276,247,25,25,6264192,254736,17,17,0
690,1.153,0.243,0.000,1.396,1.399,97878,9602,88276,247,25,25,6264192,254736,17,17,0
691,1.188,0.239,0.000,1.427,1.564,97878,9602,88276,247,25,25,6264192,254736,17,17,0
692,1.116,0.221,0.000,1.338,1.534,97878,9602,88276,247,25,25,6264192,254736,17,17,0
693,1.128,0.233,0.000,1.361,1.442,97878,9602,88276,247,25,25,6264192,254736,17,17,0
694,1.125,0.228,0.000,1.353,1.470,97878,9602,88276,247,25,25,6264192,254736,17,17,0
695,1.108,0.253,0.000,1.361,1.466,97878,9602,88276,247,25,25,6264192,254736,17,17,0
696,1.147,0.239,0.000,1.386,1.469,97878,9602,88276,247,25,25,6264192,254736,17,17,0
697,1.145,0.200,0.000,1.345,1.504,97878,9602,88276,247,25,25,6264192,254736,17,17,0
698,1.102,0.218,0.000,1.320,1.452,97878,9602,88276,247,25,25,6264192,254736,17,17,0
699,1.099,0.231,0.000,1.330,1.429,97878,9602,88276,247,25,25,6264192,254736,17,17,0
700,1.101,0.227,0.000,1.328,1.444,97878,9602,88276,247,25,25,6264192,254736,17,17,0
701,1.124,0.249,0.000,1.373,1.441,97878,9602,88276,247,25,25,6264192,254736,17,17,0
702,1.120,0.221,0.000,1.342,1.487,97878,9602,88276,247,25,25,6264192,254736,17,17,0
703,1.113,0.217,0.000,1.330,1.452,97878,9602,88276,247,25,25,6264192,254736,17,17,0
704,1.110,0.235,0.000,1.345,1.441,97878,9602,88276,247,25,25,6264192,254736,17,17,0
705,1.091,0.254,0.000,1.345,1.458,97878,9602,88276,247,25,25,6264192,254736,17,17,0
706,1.084,0.227,0.000,1.310,1.453,97878,9602,88276,247,25,25,6264192,254736,17,17,0
707,1.097,0.235,0.000,1.332,1.424,97878,9602,88276,247,25,25,6264192,254736,17,17,0
708,1.082,0.204,0.000,1.286,1.445,97878,9602,88276,247,25,25,6264192,254736,17,17,0
709,1.092,0.198,0.000,1.290,1.382,97878,9602,88276,247,25,25,6264192,254736,17,17,0
710,1.149,0.206,0.000,1.355,1.408,97878,9602,88276,247,25,25,6264192,254736,17,17,0
711,1.102,0.225,0.000,1.327,1.466,97878,9602,88276,247,25,25,6264192,254736,17,17,0
712,1.112,0.223,0.000,1.335,1.438,97878,9602,88276,247,25,25,6264192,254736,17,17,0
713,1.092,0.229,0.000,1.322,1.451,97878,9602,88276,247,25,25,6264192,254736,17,17,0
714,1.130,0.235,0.000,1.365,1.436,97878,9602,88276,247,25,25,6264192,254736,17,17,0
715,1.114,0.212,0.000,1.327,1.479,97878,9602,88276,247,25,25,6264192,254736,17,17,0
716,1.113,0.210,0.000,1.323,1.439,97878,9602,88276,247,25,25,6264192,254736,17,17,0
717,1.101,0.240,0.000,1.341,1.428,97878,9602,88276,247,25,25,6264192,254736,17,17,0
718,1.109,0.226,0.000,1.336,1.454,97878,9602,88276,247,25,25,6264192,254736,17,17,0
719,1.105,0.245,0.000,1.351,1.446,97878,9602,88276,247,25,25,6264192,254736,17,17,0
720,1.119,0.214,0.000,1.333,1.456,97878,9602,88276,247,25,25,6264192,254736,17,17,0
721,1.112,0.209,0.000,1.322,1.449,97878,9602,88276,247,25,25,6264192,254736,17,17,0
722,1.102,0.227,0.000,1.329,1.431,97878,9602,88276,247,25,25,6264192,254736,17,17,0
723,1.096,0.211,0.000,1.307,1.440,97878,9602,88276,247,25,25,6264192,254736,17,17,0
724,1.104,0.190,0.000,1.293,1.410,97878,9602,88276,247,25,25,6264192,254736,17,17,0
725,1.089,0.218,0.000,1.308,1.404,97878,9602,88276,247,25,25,6264192,254736,17,17,0
726,1.115,0.241,0.000,1.356,1.418,97878,9602,88276,247,25,25,6264192,254736,17,17,0
727,1.103,0.203,0.000,1.306,1.470,97878,9602,88276,247,25,25,6264192,254736,17,17,0
728,1.076,0.224,0.000,1.300,1.416,97878,9602,88276,247,25,25,6264192,254736,17,17,0
729,1.102,0.218,0.000,1.321,1.409,97878,9602,88276,247,25,25,6264192,254736,17,17,0
730,1.124,0.226,0.000,1.350,1.429,97878,9602,88276,247,25,25,6264192,254736,17,17,0
731,1.098,0.234,0.000,1.332,1.460,97878,9602,88276,247,25,25,6264192,254736,17,17,0
732,1.103,0.213,0.000,1.316,1.451,97878,9602,88276,247,25,25,6264192,254736,17,17,0
733,1.096,0.202,0.000,1.298,1.426,97878,9602,88276,247,25,25,6264192,254736,17,17,0
734,1.118,0.204,0.000,1.322,1.407,97878,9602,88276,247,25,25,6264192,254736,17,17,0
735,1.068,0.229,0.000,1.297,1.431,97878,9602,88276,247,25,25,6264192,254736,17,17,0
736,1.112,0.232,0.000,1.344,1.405,97878,9602,88276,247,25,25,6264192,254736,17,17,0
737,1.110,0.220,0.000,1.330,1.449,97878,9602,88276,247,25,25,6264192,254736,17,17,0
738,1.122,0.226,0.000,1.348,1.440,97878,9602,88276,247,25,25,6264192,254736,17,17,0
739,1.098,0.229,0.000,1.327,1.458,97878,9602,88276,247,25,25,6264192,254736,17,17,0
740,1.102,0.219,0.000,1.321,1.433,97878,9602,88276,247,25,25,6264192,254736,17,17,0
741,1.097,0.247,0.000,1.344,1.423,97878,9602,88276,247,25,25,6264192,254736,17,17,0
742,1.084,0.233,0.000,1.318,1.455,97878,9602,88276,247,25,25,6264192,254736,17,17,0
743,1.115,0.225,0.000,1.341,1.430,97878,9602,88276,247,25,25,6264192,254736,17,17,0
744,1.128,0.207,0.000,1.335,1.450,97878,9602,88276,247,25,25,6264192,254736,17,17,0
745,1.107,0.231,0.000,1.338,1.443,97878,9602,88276,247,25,25,6264192,254736,17,17,0
746,1.103,0.227,0.000,1.330,1.449,97878,9602,88276,247,25,25,6264192,254736,17,17,0
747,1.099,0.212,0.000,1.310,1.442,97878,9602,88276,247,25,25,6264192,254736,17,17,0
748,1.096,0.243,0.000,1.339,1.420,97878,9602,88276,247,25,25,6264192,254736,17,17,0
749,1.128,0.223,0.000,1.351,1.453,97878,9602,88276,247,25,25,6264192,254736,17,17,0
750,1.116,0.203,0.000,1.320,1.462,97878,9602,88276,247,25,25,6264192,254736,17,17,0
751,1.114,0.229,0.000,1.344,1.432,97878,9602,88276,247,25,25,6264192,254736,17,17,0
752,1.088,0.228,0.000,1.316,1.455,97878,9602,88276,247,25,25,6264192,254736,17,17,0
753,1.089,0.215,0.000,1.304,1.437,97878,9602,88276,247,25,25,6264192,254736,17,17,0
754,1.100,0.235,0.000,1.335,1.413,97878,9602,88276,247,25,25,6264192,254736,17,17,0
755,1.101,0.228,0.000,1.329,1.445,97878,9602,88276,247,25,25,6264192,254736,17,17,0
756,1.095,0.205,0.000,1.300,1.441,97878,9602,88276,247,25,25,6264192,254736,17,17,0
757,1.097,0.232,0.000,1.329,1.412,97878,9602,88276,247,25,25,6264192,254736,17,17,0
758,1.088,0.219,0.000,1.307,1.439,97878,9602,88276,247,25,25,6264192,254736,17,17,0
759,1.085,0.204,0.000,1.289,1.418,97878,9602,88276,247,25,25,6264192,254736,17,17,0
760,1.087,0.244,0.000,1.331,1.398,97878,9602,88276,247,25,25,6264192,254736,17,17,0
761,1.109,0.223,0.000,1.332,1.448,97878,9602,88276,247,25,25,6264192,254736,17,17,0
762,1.116,0.195,0.000,1.311,1.442,97878,9602,88276,247,25,25,6264192,254736,17,17,0
763,1.083,0.218,0.000,1.301,1.425,97878,9602,88276,247,25,25,6264192,254736,17,17,0
764,1.086,0.228,0.000,1.314,1.414,97878,9602,88276,247,25,25,6264192,254736,17,17,0
765,1.096,0.232,0.000,1.329,1.427,97878,9602,88276,247,25,25,6264192,254736,17,17,0
766,1.080,0.214,0.000,1.295,1.434,97878,9602,88276,247,25,25,6264192,254736,17,17,0
767,1.091,0.205,0.000,1.296,1.406,97878,9602,88276,247,25,25,6264192,254736,17,17,0
768,1.107,0.207,0.000,1.314,1.409,97878,9602,88276,247,25,25,6264192,254736,17,17,0
769,1.086,0.237,0.000,1.323,1.417,97878,9602,88276,247,25,25,6264192,254736,17,17,0
770,1.120,0.206,0.000,1.326,1.432,97878,9602,88276,247,25,25,6264192,254736,17,17,0
771,1.083,0.242,0.000,1.324,1.442,97878,9602,88276,247,25,25,6264192,254736,17,17,0
772,1.060,0.227,0.000,1.287,1.435,97878,9602,88276,247,25,25,6264192,254736,17,17,0
773,1.122,0.234,0.000,1.356,1.397,97878,9602,88276,247,25,25,6264192,254736,17,17,0
774,1.155,0.194,0.000,1.350,1.473,97878,9602,88276,247,25,25,6264192,254736,17,17,0
775,1.099,0.226,0.000,1.325,1.465,97878,9602,88276,247,25,25,6264192,254736,17,17,0
776,1.110,0.227,0.000,1.337,1.437,97878,9602,88276,247,25,25,6264192,254736,17,17,0
777,1.101,0.227,0.000,1.328,1.439,97878,9602,88276,247,25,25,6264192,254736,17,17,0
778,1.103,0.224,0.000,1.327,1.439,97878,9602,88276,247,25,25,6264192,254736,17,17,0
779,1.111,0.201,0.000,1.312,1.436,97878,9602,88276,247,25,25,6264192,254736,17,17,0
780,1.096,0.230,0.000,1.327,1.435,97878,9602,88276,247,25,25,6264192,254736,17,17,0
781,1.107,0.241,0.000,1.348,1.442,97878,9602,88276,247,25,25,6264192,254736,17,17,0
782,1.103,0.222,0.000,1.325,1.458,97878,9602,88276,247,25,25,6264192,254736,17,17,0
783,1.097,0.218,0.000,1.315,1.435,97878,9602,88276,247,25,25,6264192,254736,17,17,0
784,1.120,0.210,0.000,1.330,1.424,97878,9602,88276,247,25,25,6264192,254736,17,17,0
785,1.102,0.201,0.000,1.303,1.444,97878,9602,88276,247,25,25,6264192,254736,17,17,0
786,1.092,0.236,0.000,1.328,1.414,97878,9602,88276,247,25,25,6264192,254736,17,17,0
787,1.076,0.224,0.000,1.299,1.443,97878,9602,88276,247,25,25,6264192,254736,17,17,0
788,1.123,0.206,0.000,1.329,1.413,97878,9602,88276,247,25,25,6264192,254736,17,17,0
789,1.110,0.235,0.000,1.345,1.441,97878,9602,88276,247,25,25,6264192,254736,17,17,0
790,1.130,0.228,0.000,1.358,1.454,97878,9602,88276,247,25,25,6264192,254736,17,17,0
791,1.111,0.225,0.000,1.336,1.470,97878,9602,88276,247,25,25,6264192,254736,17,17,0
792,1.106,0.247,0.000,1.353,1.450,97878,9602,88276,247,25,25,6264192,254736,17,17,0
793,1.095,0.229,0.000,1.324,1.464,97878,9602,88276,247,25,25,6264192,254736,17,17,0
794,1.092,0.230,0.000,1.323,1.431,97878,9602,88276,247,25,25,6264192,254736,17,17,0
795,1.095,0.230,0.000,1.325,1.433,97878,9602,88276,247,25,25,6264192,254736,17,17,0
796,1.109,0.208,0.000,1.317,1.430,97878,9602,88276,247,25,25,6264192,254736,17,17,0
797,1.103,0.210,0.000,1.313,1.427,97878,9602,88276,247,25,25,6264192,254736,17,17,0
798,1.106,0.229,0.000,1.335,1.425,97878,9602,88276,247,25,25,6264192,254736,17,17,0
799,1.092,0.226,0.000,1.317,1.448,97878,9602,88276,247,25,25,6264192,254736,17,17,0
800,1.082,0.199,0.000,1.281,1.429,97878,9602,88276,247,25,25,6264192,254736,17,17,0
801,1.086,0.219,0.000,1.305,1.388,97878,9602,88276,247,25,25,6264192,254736,17,17,0
802,1.122,0.212,0.000,1.335,1.417,97878,9602,88276,247,25,25,6264192,254736,17,17,0
803,1.094,0.232,0.000,1.325,1.446,97878,9602,88276,247,25,25,6264192,254736,17,17,0
804,1.086,0.217,0.000,1.303,1.436,97878,9602,88276,247,25,25,6264192,254736,17,17,0
805,1.093,0.227,0.000,1.319,1.416,97878,9602,88276,247,25,25,6264192,254736,17,17,0
806,1.108,0.229,0.000,1.338,1.431,97878,9602,88276,247,25,25,6264192,254736,17,17,0
807,1.091,0.224,0.000,1.315,1.453,97878,9602,88276,247,25,25,6264192,254736,17,17,0
808,1.104,0.199,0.000,1.303,1.425,97878,9602,88276,247,25,25,6264192,254736,17,17,0
809,1.106,0.219,0.000,1.325,1.413,97878,9602,88276,247,25,25,6264192,254736,17,17,0
810,1.089,0.237,0.000,1.325,1.431,97878,9602,88276,247,25,25,6264192,254736,17,17,0
811,1.104,0.246,0.000,1.350,1.435,97878,9602,88276,247,25,25,6264192,254736,17,17,0
812,1.104,0.228,0.000,1.332,1.462,97878,9602,88276,247,25,25,6264192,254736,17,17,0
813,1.078,0.242,0.000,1.320,1.442,97878,9602,88276,247,25,25,6264192,254736,17,17,0
814,1.131,0.217,0.000,1.347,1.429,97878,9602,88276,247,25,25,6264192,254736,17,17,0
815,1.082,0.214,0.000,1.296,1.460,97878,9602,88276,247,25,25,6264192,254736,17,17,0
816,1.075,0.205,0.000,1.280,1.404,97878,9602,88276,247,25,25,6264192,254736,17,17,0
817,1.087,0.246,0.000,1.333,1.390,97878,9602,88276,247,25,25,6264192,254736,17,17,0
818,1.204,0.275,0.000,1.479,1.453,97878,9602,88276,247,25,25,6264192,254736,17,17,0
819,1.119,0.232,0.000,1.352,1.600,97878,9602,88276,247,25,25,6264192,254736,17,17,0
820,1.123,0.215,0.000,1.338,1.462,97878,9602,88276,247,25,25,6264192,254736,17,17,0
821,1.104,0.210,0.000,1.314,1.453,97878,9602,88276,247,25,25,6264192,254736,17,17,0
822,1.145,0.275,0.000,1.420,1.426,97878,9602,88276,247,25,25,6264192,254736,17,17,0
823,1.133,0.253,0.000,1.386,1.537,97878,9602,88276,247,25,25,6264192,254736,17,17,0
824,1.144,0.253,0.000,1.397,1.489,97878,9602,88276,247,25,25,6264192,254736,17,17,0
825,1.088,0.237,0.000,1.325,1.507,97878,9602,88276,247,25,25,6264192,254736,17,17,0
826,1.117,0.217,0.000,1.334,1.437,97878,9602,88276,247,25,25,6264192,254736,17,17,0
827,1.095,0.228,0.000,1.324,1.444,97878,9602,88276,247,25,25,6264192,254736,17,17,0
828,1.102,0.228,0.000,1.329,1.434,97878,9602,88276,247,25,25,6264192,254736,17,17,0
829,1.089,0.204,0.000,1.293,1.443,97878,9602,88276,247,25,25,6264192,254736,17,17,0
830,1.120,0.234,0.000,1.353,1.403,97878,9602,88276,247,25,25,6264192,254736,17,17,0
831,1.102,0.303,0.000,1.405,1.463,97878,9602,88276,247,25,25,6264192,254736,17,17,0
832,1.043,0.221,0.000,1.264,1.519,97878,9602,88276,247,25,25,6264192,254736,17,17,0
833,1.035,0.219,0.000,1.254,1.374,97878,9602,88276,247,25,25,6264192,254736,17,17,0
834,1.013,0.206,0.000,1.219,1.365,97878,9602,88276,247,25,25,6264192,254736,17,17,0
835,1.012,0.211,0.000,1.223,1.329,97878,9602,88276,247,25,25,6264192,254736,17,17,0
836,1.040,0.201,0.000,1.241,1.335,97878,9602,88276,247,25,25,6264192,254736,17,17,0
837,1.035,0.208,0.000,1.243,1.350,97878,9602,88276,247,25,25,6264192,254736,17,17,0
838,0.987,0.228,0.000,1.215,1.347,97878,9602,88276,247,25,25,6264192,254736,17,17,0
839,1.018,0.238,0.000,1.255,1.321,97878,9602,88276,247,25,25,6264192,254736,17,17,0
840,1.121,0.252,0.000,1.373,1.367,97878,9602,88276,247,25,25,6264192,254736,17,17,0
841,1.077,0.236,0.000,1.313,1.483,97878,9602,88276,247,25,25,6264192,254736,17,17,0
842,1.121,0.230,0.000,1.351,1.431,97878,9602,88276,247,25,25,6264192,254736,17,17,0
843,1.099,0.214,0.000,1.314,1.464,97878,9602,88276,247,25,25,6264192,254736,17,17,0
844,1.121,0.243,0.000,1.364,1.427,97878,9602,88276,247,25,25,6264192,254736,17,17,0
845,1.075,0.249,0.000,1.324,1.477,97878,9602,88276,247,25,25,6264192,254736,17,17,0
846,1.100,0.241,0.000,1.341,1.427,97878,9602,88276,247,25,25,6264192,254736,17,17,0
847,1.101,0.213,0.000,1.314,1.451,97878,9602,88276,247,25,25,6264192,254736,17,17,0
848,1.123,0.226,0.000,1.349,1.427,97878,9602,88276,247,25,25,6264192,254736,17,17,0
849,1.100,0.223,0.000,1.323,1.464,97878,9602,88276,247,25,25,6264192,254736,17,17,0
850,1.078,0.235,0.000,1.312,1.432,97878,9602,88276,247,25,25,6264192,254736,17,17,0
851,1.081,0.210,0.000,1.291,1.423,97878,9602,88276,247,25,25,6264192,254736,17,17,0
852,1.098,0.219,0.000,1.316,1.401,97878,9602,88276,247,25,25,6264192,254736,17,17,0
853,1.085,0.224,0.000,1.309,1.427,97878,9602,88276,247,25,25,6264192,254736,17,17,0
854,1.116,0.227,0.000,1.343,1.418,97878,9602,88276,247,25,25,6264192,254736,17,17,0
855,1.117,0.223,0.000,1.340,1.454,97878,9602,88276,247,25,25,6264192,254736,17,17,0
856,1.087,0.239,0.000,1.325,1.452,97878,9602,88276,247,25,25,6264192,254736,17,17,0
857,1.078,0.253,0.000,1.332,1.428,97878,9602,88276,247,25,25,6264192,254736,17,17,0
858,1.106,0.232,0.000,1.337,1.435,97878,9602,88276,247,25,25,6264192,254736,17,17,0
859,1.085,0.203,0.000,1.289,1.451,97878,9602,88276,247,25,25,6264192,254736,17,17,0
860,1.062,0.206,0.000,1.268,1.398,97878,9602,88276,247,25,25,6264192,254736,17,17,0
861,1.033,0.207,0.000,1.241,1.376,97878,9602,88276,247,25,25,6264192,254736,17,17,0
862,1.010,0.218,0.000,1.228,1.350,97878,9602,88276,247,25,25,6264192,254736,17,17,0
863,1.077,0.218,0.000,1.295,1.340,97878,9602,88276,247,25,25,6264192,254736,17,17,0
864,1.103,0.221,0.000,1.324,1.406,97878,9602,88276,247,25,25,6264192,254736,17,17,0
865,1.053,0.200,0.000,1.253,1.430,97878,9602,88276,247,25,25,6264192,254736,17,17,0
866,1.056,0.196,0.000,1.253,1.371,97878,9602,88276,247,25,25,6264192,254736,17,17,0
867,1.026,0.202,0.000,1.228,1.370,97878,9602,88276,247,25,25,6264192,254736,17,17,0
868,1.003,0.206,0.000,1.209,1.375,97878,9602,88276,247,25,25,6264192,254736,17,17,0
869,1.016,0.217,0.000,1.234,1.352,97878,9602,88276,247,25,25,6264192,254736,17,17,0
870,1.009,0.202,0.000,1.211,1.374,97878,9602,88276,247,25,25,6264192,254736,17,17,0
871,1.041,0.198,0.000,1.240,1.318,97878,9602,88276,247,25,25,6264192,254736,17,17,0
872,1.044,0.204,0.000,1.248,1.356,97878,9602,88276,247,25,25,6264192,254736,17,17,0
873,1.012,0.202,0.000,1.214,1.371,97878,9602,88276,247,25,25,6264192,254736,17,17,0
874,1.026,0.209,0.000,1.236,1.332,97878,9602,88276,247,25,25,6264192,254736,17,17,0
875,1.027,0.213,0.000,1.240,1.361,97878,9602,88276,247,25,25,6264192,254736,17,17,0
876,1.017,0.239,0.000,1.256,1.363,97878,9602,88276,247,25,25,6264192,254736,17,17,0
877,1.057,0.219,0.000,1.276,1.381,97878,9602,88276,247,25,25,6264192,254736,17,17,0
878,1.055,0.212,0.000,1.267,1.400,97878,9602,88276,247,25,25,6264192,254736,17,17,0
879,1.032,0.237,0.000,1.270,1.388,97878,9602,88276,247,25,25,6264192,254736,17,17,0
880,1.025,0.204,0.000,1.229,1.396,97878,9602,88276,247,25,25,6264192,254736,17,17,0
881,1.028,0.203,0.000,1.230,1.345,97878,9602,88276,247,25,25,6264192,254736,17,17,0
882,1.140,0.239,0.000,1.379,1.325,97878,9602,88276,247,25,25,6264192,254736,17,17,0
883,1.085,0.236,0.000,1.321,1.490,97878,9602,88276,247,25,25,6264192,254736,17,17,0
884,1.100,0.232,0.000,1.332,1.440,97878,9602,88276,247,25,25,6264192,254736,17,17,0
885,1.062,0.209,0.000,1.271,1.426,97878,9602,88276,247,25,25,6264192,254736,17,17,0
886,1.099,0.242,0.000,1.342,1.365,97878,9602,88276,247,25,25,6264192,254736,17,17,0
887,1.096,0.226,0.000,1.322,1.439,97878,9602,88276,247,25,25,6264192,254736,17,17,0
888,1.075,0.232,0.000,1.307,1.414,97878,9602,88276,247,25,25,6264192,254736,17,17,0
889,1.169,0.231,0.000,1.400,1.414,97878,9602,88276,247,25,25,6264192,254736,17,17,0
890,1.124,0.210,0.000,1.334,1.493,97878,9602,88276,247,25,25,6264192,254736,17,17,0
891,1.088,0.227,0.000,1.314,1.430,97878,9602,88276,247,25,25,6264192,254736,17,17,0
892,1.098,0.246,0.000,1.344,1.411,97878,9602,88276,247,25,25,6264192,254736,17,17,0
893,1.146,0.226,0.000,1.372,1.439,97878,9602,88276,247,25,25,6264192,254736,17,17,0
894,1.145,0.213,0.000,1.357,1.467,97878,9602,88276,247,25,25,6264192,254736,17,17,0
895,1.118,0.242,0.000,1.360,1.451,97878,9602,88276,247,25,25,6264192,254736,17,17,0
896,1.099,0.229,0.000,1.329,1.453,97878,9602,88276,247,25,25,6264192,254736,17,17,0
897,1.107,0.217,0.000,1.324,1.424,97878,9602,88276,247,25,25,6264192,254736,17,17,0
898,1.129,0.242,0.000,1.371,1.418,97878,9602,88276,247,25,25,6264192,254736,17,17,0
899,1.104,0.201,0.000,1.304,1.465,97878,9602,88276,247,25,25,6264192,254736,17,17,0
900,1.121,0.223,0.000,1.344,1.396,97878,9602,88276,247,25,25,6264192,254736,17,17,0
901,1.108,0.213,0.000,1.321,1.435,97878,9602,88276,247,25,25,6264192,254736,17,17,0
902,1.136,0.197,0.000,1.333,1.412,97878,9602,88276,247,25,25,6264192,254736,17,17,0
903,1.102,0.226,0.000,1.328,1.427,97878,9602,88276,247,25,25,6264192,254736,17,17,0
904,1.087,0.232,0.000,1.319,1.424,97878,9602,88276,247,25,25,6264192,254736,17,17,0
905,1.070,0.219,0.000,1.290,1.411,97878,9602,88276,247,25,25,6264192,254736,17,17,0
906,1.141,0.219,0.000,1.360,1.395,97878,9602,88276,247,25,25,6264192,254736,17,17,0
907,1.089,0.204,0.000,1.292,1.455,97878,9602,88276,247,25,25,6264192,254736,17,17,0
908,1.128,0.217,0.000,1.345,1.385,97878,9602,88276,247,25,25,6264192,254736,17,17,0
909,1.092,0.220,0.000,1.312,1.436,97878,9602,88276,247,25,25,6264192,254736,17,17,0
910,1.075,0.223,0.000,1.297,1.407,97878,9602,88276,247,25,25,6264192,254736,17,17,0
911,1.118,0.240,0.000,1.358,1.390,97878,9602,88276,247,25,25,6264192,254736,17,17,0
912,1.077,0.226,0.000,1.303,1.453,97878,9602,88276,247,25,25,6264192,254736,17,17,0
913,1.112,0.210,0.000,1.322,1.398,97878,9602,88276,247,25,25,6264192,254736,17,17,0
914,1.108,0.241,0.000,1.350,1.414,97878,9602,88276,247,25,25,6264192,254736,17,17,0
915,1.067,0.212,0.000,1.279,1.443,97878,9602,88276,247,25,25,6264192,254736,17,17,0
916,1.096,0.238,0.000,1.334,1.374,97878,9602,88276,247,25,25,6264192,254736,17,17,0
917,1.113,0.221,0.000,1.334,1.426,97878,9602,88276,247,25,25,6264192,254736,17,17,0
918,1.116,0.212,0.000,1.327,1.427,97878,9602,88276,247,25,25,6264192,254736,17,17,0
919,1.140,0.250,0.000,1.390,1.421,97878,9602,88276,247,25,25,6264192,254736,17,17,0
920,1.084,0.218,0.000,1.301,1.485,97878,9602,88276,247,25,25,6264192,254736,17,17,0
921,1.103,0.211,0.000,1.314,1.397,97878,9602,88276,247,25,25,6264192,254736,17,17,0
922,1.116,0.224,0.000,1.340,1.408,97878,9602,88276,247,25,25,6264192,254736,17,17,0
923,1.080,0.209,0.000,1.289,1.436,97878,9602,88276,247,25,25,6264192,254736,17,17,0
924,1.098,0.214,0.000,1.311,1.385,97878,9602,88276,247,25,25,6264192,254736,17,17,0
925,1.116,0.216,0.000,1.332,1.405,97878,9602,88276,247,25,25,6264192,254736,17,17,0
926,1.116,0.211,0.000,1.328,1.424,97878,9602,88276,247,25,25,6264192,254736,17,17,0
927,1.110,0.193,0.000,1.304,1.423,97878,9602,88276,247,25,25,6264192,254736,17,17,0
928,1.100,0.229,0.000,1.330,1.400,97878,9602,88276,247,25,25,6264192,254736,17,17,0
929,1.025,0.208,0.000,1.233,1.428,97878,9602,88276,247,25,25,6264192,254736,17,17,0
930,1.052,0.206,0.000,1.258,1.325,97878,9602,88276,247,25,25,6264192,254736,17,17,0
931,1.071,0.215,0.000,1.286,1.352,97878,9602,88276,247,25,25,6264192,254736,17,17,0
932,1.031,0.198,0.000,1.230,1.379,97878,9602,88276,247,25,25,6264192,254736,17,17,0
933,1.020,0.209,0.000,1.229,1.322,97878,9602,88276,247,25,25,6264192,254736,17,17,0
934,1.050,0.205,0.000,1.256,1.322,97878,9602,88276,247,25,25,6264192,254736,17,17,0
935,1.030,0.232,0.000,1.261,1.352,97878,9602,88276,247,25,25,6264192,254736,17,17,0
936,1.026,0.219,0.000,1.245,1.354,97878,9602,88276,247,25,25,6264192,254736,17,17,0
937,1.017,0.205,0.000,1.222,1.339,97878,9602,88276,247,25,25,6264192,254736,17,17,0
938,1.023,0.201,0.000,1.224,1.318,97878,9602,88276,247,25,25,6264192,254736,17,17,0
939,1.047,0.228,0.000,1.275,1.317,97878,9602,88276,247,25,25,6264192,254736,17,17,0
940,1.078,0.200,0.000,1.277,1.369,97878,9602,88276,247,25,25,6264192,254736,17,17,0
941,1.026,0.206,0.000,1.232,1.373,97878,9602,88276,247,25,25,6264192,254736,17,17,0
942,1.016,0.211,0.000,1.227,1.326,97878,9602,88276,247,25,25,6264192,254736,17,17,0
943,1.011,0.221,0.000,1.232,1.320,97878,9602,88276,247,25,25,6264192,254736,17,17,0
944,1.056,0.195,0.000,1.251,1.324,97878,9602,88276,247,25,25,6264192,254736,17,17,0
945,1.023,0.215,0.000,1.238,1.347,97878,9602,88276,247,25,25,6264192,254736,17,17,0
946,1.016,0.218,0.000,1.234,1.332,97878,9602,88276,247,25,25,6264192,254736,17,17,0
947,1.037,0.228,0.000,1.264,1.328,97878,9602,88276,247,25,25,6264192,254736,17,17,0
948,1.018,0.211,0.000,1.229,1.361,97878,9602,88276,247,25,25,6264192,254736,17,17,0
949,1.099,0.224,0.000,1.322,1.323,97878,9602,88276,247,25,25,6264192,254736,17,17,0
950,1.090,0.225,0.000,1.315,1.417,97878,9602,88276,247,25,25,6264192,254736,17,17,0
951,1.110,0.220,0.000,1.330,1.411,97878,9602,88276,247,25,25,6264192,254736,17,17,0
952,1.130,0.238,0.000,1.368,1.426,97878,9602,88276,247,25,25,6264192,254736,17,17,0
953,1.128,0.244,0.000,1.372,1.460,97878,9602,88276,247,25,25,6264192,254736,17,17,0
954,1.124,0.226,0.000,1.350,1.467,97878,9602,88276,247,25,25,6264192,254736,17,17,0
955,1.116,0.225,0.000,1.341,1.445,97878,9602,88276,247,25,25,6264192,254736,17,17,0
956,1.109,0.214,0.000,1.323,1.438,97878,9602,88276,247,25,25,6264192,254736,17,17,0
957,1.129,0.248,0.000,1.377,1.418,97878,9602,88276,247,25,25,6264192,254736,17,17,0
958,1.118,0.230,0.000,1.348,1.467,97878,9602,88276,247,25,25,6264192,254736,17,17,0
959,1.116,0.233,0.000,1.349,1.442,97878,9602,88276,247,25,25,6264192,254736,17,17,0
960,1.109,0.228,0.000,1.338,1.447,97878,9602,88276,247,25,25,6264192,254736,17,17,0
961,1.148,0.223,0.000,1.371,1.434,97878,9602,88276,247,25,25,6264192,254736,17,17,0
962,1.140,0.208,0.000,1.349,1.466,97878,9602,88276,247,25,25,6264192,254736,17,17,0
963,1.115,0.229,0.000,1.344,1.444,97878,9602,88276,247,25,25,6264192,254736,17,17,0
964,1.130,0.220,0.000,1.350,1.436,97878,9602,88276,247,25,25,6264192,254736,17,17,0
965,1.076,0.206,0.000,1.282,1.443,97878,9602,88276,247,25,25,6264192,254736,17,17,0
966,1.108,0.227,0.000,1.335,1.379,97878,9602,88276,247,25,25,6264192,254736,17,17,0
967,1.160,0.245,0.000,1.405,1.427,97878,9602,88276,247,25,25,6264192,254736,17,17,0
968,1.106,0.224,0.000,1.330,1.509,97878,9602,88276,247,25,25,6264192,254736,17,17,0
969,1.077,0.237,0.000,1.314,1.439,97878,9602,88276,247,25,25,6264192,254736,17,17,0
970,1.136,0.231,0.000,1.367,1.425,97878,9602,88276,247,25,25,6264192,254736,17,17,0
971,1.114,0.239,0.000,1.353,1.473,97878,9602,88276,247,25,25,6264192,254736,17,17,0
972,1.149,0.213,0.000,1.363,1.467,97878,9602,88276,247,25,25,6264192,254736,17,17,0
973,1.139,0.220,0.000,1.360,1.469,97878,9602,88276,247,25,25,6264192,254736,17,17,0
974,1.093,0.215,0.000,1.308,1.470,97878,9602,88276,247,25,25,6264192,254736,17,17,0
975,1.102,0.230,0.000,1.332,1.422,97878,9602,88276,247,25,25,6264192,254736,17,17,0
976,1.114,0.219,0.000,1.333,1.447,97878,9602,88276,247,25,25,6264192,254736,17,17,0
977,1.117,0.224,0.000,1.341,1.443,97878,9602,88276,247,25,25,6264192,254736,17,17,0
978,1.107,0.195,0.000,1.302,1.452,97878,9602,88276,247,25,25,6264192,254736,17,17,0
979,1.128,0.212,0.000,1.340,1.414,97878,9602,88276,247,25,25,6264192,254736,17,17,0
980,1.095,0.219,0.000,1.314,1.444,97878,9602,88276,247,25,25,6264192,254736,17,17,0
981,1.066,0.245,0.000,1.311,1.422,97878,9602,88276,247,25,25,6264192,254736,17,17,0
982,1.087,0.222,0.000,1.309,1.417,97878,9602,88276,247,25,25,6264192,254736,17,17,0
983,1.133,0.234,0.000,1.367,1.417,97878,9602,88276,247,25,25,6264192,254736,17,17,0
984,1.127,0.220,0.000,1.348,1.479,97878,9602,88276,247,25,25,6264192,254736,17,17,0
985,1.084,0.232,0.000,1.316,1.459,97878,9602,88276,247,25,25,6264192,254736,17,17,0
986,1.080,0.214,0.000,1.294,1.425,97878,9602,88276,247,25,25,6264192,254736,17,17,0
987,1.061,0.212,0.000,1.274,1.401,97878,9602,88276,247,25,25,6264192,254736,17,17,0
988,1.087,0.234,0.000,1.321,1.375,97878,9602,88276,247,25,25,6264192,254736,17,17,0
989,1.050,0.205,0.000,1.255,1.440,97878,9602,88276,247,25,25,6264192,254736,17,17,0
990,1.124,0.199,0.000,1.323,1.363,97878,9602,88276,247,25,25,6264192,254736,17,17,0
991,1.065,0.193,0.000,1.257,1.431,97878,9602,88276,247,25,25,6264192,254736,17,17,0
992,1.039,0.210,0.000,1.249,1.366,97878,9602,88276,247,25,25,6264192,254736,17,17,0
993,1.088,0.225,0.000,1.314,1.351,97878,9602,88276,247,25,25,6264192,254736,17,17,0
994,1.080,0.232,0.000,1.313,1.418,97878,9602,88276,247,25,25,6264192,254736,17,17,0
995,1.120,0.232,0.000,1.352,1.423,97878,9602,88276,247,25,25,6264192,254736,17,17,0
996,1.097,0.217,0.000,1.314,1.460,97878,9602,88276,247,25,25,6264192,254736,17,17,0
997,1.107,0.222,0.000,1.329,1.426,97878,9602,88276,247,25,25,6264192,254736,17,17,0
998,1.046,0.206,0.000,1.252,1.440,97878,9602,88276,247,25,25,6264192,254736,17,17,0
999,1.037,0.219,0.000,1.256,1.364,97878,9602,88276,247,25,25,6264192,254736,17,17,0
1000,1.069,0.226,0.000,1.296,1.360,97878,9602,88276,247,25,25,6264192,254736,17,17,0
1001,1.133,0.231,0.000,1.364,1.402,97878,9602,88276,247,25,25,6264192,254736,17,17,0
1002,1.129,0.213,0.000,1.342,1.466,97878,9602,88276,247,25,25,6264192,254736,17,17,0
1003,1.118,0.214,0.000,1.332,1.446,97878,9602,88276,247,25,25,6264192,254736,17,17,0
1004,1.093,0.237,0.000,1.330,1.445,97878,9602,88276,247,25,25,6264192,254736,17,17,0
1005,1.115,0.242,0.000,1.357,1.444,97878,9602,88276,247,25,25,6264192,254736,17,17,0
1006,1.093,0.223,0.000,1.317,1.466,97878,9602,88276,247,25,25,6264192,254736,17,17,0
1007,1.098,0.224,0.000,1.323,1.421,97878,9602,88276,247,25,25,6264192,254736,17,17,0
1008,1.094,0.219,0.000,1.314,1.433,97878,9602,88276,247,25,25,6264192,254736,17,17,0
1009,1.093,0.205,0.000,1.298,1.425,97878,9602,88276,247,25,25,6264192,254736,17,17,0
1010,1.032,0.216,0.000,1.248,1.411,97878,9602,88276,247,25,25,6264192,254736,17,17,0
1011,1.095,0.224,0.000,1.319,1.358,97878,9602,88276,247,25,25,6264192,254736,17,17,0
1012,1.068,0.232,0.000,1.301,1.431,97878,9602,88276,247,25,25,6264192,254736,17,17,0
1013,1.095,0.226,0.000,1.320,1.409,97878,9602,88276,247,25,25,6264192,254736,17,17,0
1014,1.114,0.239,0.000,1.353,1.430,97878,9602,88276,247,25,25,6264192,254736,17,17,0
1015,1.089,0.232,0.000,1.321,1.466,97878,9602,88276,247,25,25,6264192,254736,17,17,0
1016,1.071,0.235,0.000,1.305,1.430,97878,9602,88276,247,25,25,6264192,254736,17,17,0
1017,1.099,0.213,0.000,1.313,1.406,97878,9602,88276,247,25,25,6264192,254736,17,17,0
1018,1.064,0.208,0.000,1.273,1.427,97878,9602,88276,247,25,25,6264192,254736,17,17,0
1019,1.101,0.213,0.000,1.314,1.384,97878,9602,88276,247,25,25,6264192,254736,17,17,0
1020,1.113,0.224,0.000,1.337,1.425,97878,9602,88276,247,25,25,6264192,254736,17,17,0
1021,1.092,0.239,0.000,1.331,1.446,97878,9602,88276,247,25,25,6264192,254736,17,17,0
1022,1.087,0.215,0.000,1.302,1.442,97878,9602,88276,247,25,25,6264192,254736,17,17,0
1023,1.069,0.197,0.000,1.266,1.414,97878,9602,88276,247,25,25,6264192,254736,17,17,0
1024,1.116,0.196,0.000,1.312,1.377,97878,9602,88276,247,25,25,6264192,254736,17,17,0
1025,1.104,0.208,0.000,1.312,1.421,97878,9602,88276,247,25,25,6264192,254736,17,17,0
1026,1.108,0.212,0.000,1.320,1.427,97878,9602,88276,247,25,25,6264192,254736,17,17,0
1027,1.082,0.213,0.000,1.296,1.426,97878,9602,88276,247,25,25,6264192,254736,17,17,0
1028,1.076,0.228,0.000,1.304,1.398,97878,9602,88276,247,25,25,6264192,254736,17,17,0
1029,1.094,0.228,0.000,1.322,1.411,97878,9602,88276,247,25,25,6264192,254736,17,17,0
1030,1.088,0.215,0.000,1.303,1.433,97878,9602,88276,247,25,25,6264192,254736,17,17,0
1031,1.122,0.201,0.000,1.323,1.421,97878,9602,88276,247,25,25,6264192,254736,17,17,0
1032,1.105,0.200,0.000,1.305,1.437,97878,9602,88276,247,25,25,6264192,254736,17,17,0
1033,1.112,0.233,0.000,1.345,1.415,97878,9602,88276,247,25,25,6264192,254736,17,17,0
1034,1.066,0.225,0.000,1.291,1.455,97878,9602,88276,247,25,25,6264192,254736,17,17,0
1035,1.124,0.230,0.000,1.354,1.401,97878,9602,88276,247,25,25,6264192,254736,17,17,0
1036,1.096,0.241,0.000,1.336,1.460,97878,9602,88276,247,25,25,6264192,254736,17,17,0
1037,1.069,0.208,0.000,1.277,1.446,97878,9602,88276,247,25,25,6264192,254736,17,17,0
1038,1.113,0.232,0.000,1.345,1.383,97878,9602,88276,247,25,25,6264192,254736,17,17,0
1039,1.126,0.207,0.000,1.333,1.457,97878,9602,88276,247,25,25,6264192,254736,17,17,0
1040,1.091,0.227,0.000,1.319,1.445,97878,9602,88276,247,25,25,6264192,254736,17,17,0
1041,1.096,0.245,0.000,1.341,1.425,97878,9602,88276,247,25,25,6264192,254736,17,17,0
1042,1.122,0.195,0.000,1.317,1.451,97878,9602,88276,247,25,25,6264192,254736,17,17,0
1043,1.125,0.207,0.000,1.332,1.422,97878,9602,88276,247,25,25,6264192,254736,17,17,0
1044,1.152,0.213,0.000,1.365,1.439,97878,9602,88276,247,25,25,6264192,254736,17,17,0
1045,1.087,0.279,0.000,1.366,1.481,97878,9602,88276,247,25,25,6264192,254736,17,17,0
1046,1.192,0.228,0.000,1.421,1.484,97878,9602,88276,247,25,25,6264192,254736,17,17,0
1047,1.126,0.236,0.000,1.363,1.532,97878,9602,88276,247,25,25,6264192,254736,17,17,0
1048,1.128,0.278,0.000,1.407,1.476,97878,9602,88276,247,25,25,6264192,254736,17,17,0
1049,1.148,0.266,0.000,1.414,1.522,97878,9602,88276,247,25,25,6264192,254736,17,17,0
1050,1.106,0.247,0.000,1.353,1.523,97878,9602,88276,247,25,25,6264192,254736,17,17,0
1051,1.095,0.258,0.000,1.352,1.467,97878,9602,88276,247,25,25,6264192,254736,17,17,0
1052,1.085,0.251,0.000,1.336,1.464,97878,9602,88276,247,25,25,6264192,254736,17,17,0
1053,1.084,0.231,0.000,1.315,1.449,97878,9602,88276,247,25,25,6264192,254736,17,17,0
1054,1.119,0.230,0.000,1.349,1.425,97878,9602,88276,247,25,25,6264192,254736,17,17,0
1055,1.090,0.237,0.000,1.326,1.459,97878,9602,88276,247,25,25,6264192,254736,17,17,0
1056,1.088,0.211,0.000,1.299,1.433,97878,9602,88276,247,25,25,6264192,254736,17,17,0
1057,1.103,0.231,0.000,1.333,1.412,97878,9602,88276,247,25,25,6264192,254736,17,17,0
1058,1.087,0.220,0.000,1.307,1.443,97878,9602,88276,247,25,25,6264192,254736,17,17,0
1059,1.115,0.224,0.000,1.338,1.417,97878,9602,88276,247,25,25,6264192,254736,17,17,0
1060,1.102,0.211,0.000,1.313,1.449,97878,9602,88276,247,25,25,6264192,254736,17,17,0
1061,1.088,0.209,0.000,1.297,1.427,97878,9602,88276,247,25,25,6264192,254736,17,17,0
1062,1.099,0.238,0.000,1.338,1.407,97878,9602,88276,247,25,25,6264192,254736,17,17,0
1063,1.080,0.237,0.000,1.317,1.442,97878,9602,88276,247,25,25,6264192,254736,17,17,0
1064,1.077,0.245,0.000,1.322,1.430,97878,9602,88276,247,25,25,6264192,254736,17,17,0
1065,1.106,0.223,0.000,1.329,1.433,97878,9602,88276,247,25,25,6264192,254736,17,17,0
1066,1.096,0.213,0.000,1.310,1.439,97878,9602,88276,247,25,25,6264192,254736,17,17,0
1067,1.072,0.223,0.000,1.295,1.423,97878,9602,88276,247,25,25,6264192,254736,17,17,0
1068,1.104,0.223,0.000,1.326,1.407,97878,9602,88276,247,25,25,6264192,254736,17,17,0
1069,1.074,0.232,0.000,1.306,1.437,97878,9602,88276,247,25,25,6264192,254736,17,17,0
1070,1.079,0.215,0.000,1.295,1.414,97878,9602,88276,247,25,25,6264192,254736,17,17,0
1071,1.125,0.192,0.000,1.317,1.407,97878,9602,88276,247,25,25,6264192,254736,17,17,0
1072,1.114,0.217,0.000,1.331,1.429,97878,9602,88276,247,25,25,6264192,254736,17,17,0
1073,1.107,0.221,0.000,1.328,1.442,97878,9602,88276,247,25,25,6264192,254736,17,17,0
1074,1.046,0.219,0.000,1.264,1.432,97878,9602,88276,247,25,25,6264192,254736,17,17,0
1075,1.085,0.240,0.000,1.325,1.373,97878,9602,88276,247,25,25,6264192,254736,17,17,0
1076,1.105,0.243,0.000,1.348,1.439,97878,9602,88276,247,25,25,6264192,254736,17,17,0
1077,1.115,0.217,0.000,1.332,1.454,97878,9602,88276,247,25,25,6264192,254736,17,17,0
1078,1.118,0.206,0.000,1.324,1.446,97878,9602,88276,247,25,25,6264192,254736,17,17,0
1079,1.078,0.223,0.000,1.301,1.437,97878,9602,88276,247,25,25,6264192,254736,17,17,0
1080,1.107,0.247,0.000,1.354,1.412,97878,9602,88276,247,25,25,6264192,254736,17,17,0
1081,1.080,0.232,0.000,1.313,1.465,97878,9602,88276,247,25,25,6264192,254736,17,17,0
1082,1.099,0.222,0.000,1.321,1.423,97878,9602,88276,247,25,25,6264192,254736,17,17,0
1083,1.098,0.226,0.000,1.324,1.435,97878,9602,88276,247,25,25,6264192,254736,17,17,0
1084,1.108,0.217,0.000,1.324,1.432,97878,9602,88276,247,25,25,6264192,254736,17,17,0
1085,1.086,0.220,0.000,1.307,1.435,97878,9602,88276,247,25,25,6264192,254736,17,17,0
1086,1.093,0.252,0.000,1.345,1.420,97878,9602,88276,247,25,25,6264192,254736,17,17,0
1087,1.109,0.228,0.000,1.337,1.457,97878,9602,88276,247,25,25,6264192,254736,17,17,0
1088,1.089,0.223,0.000,1.312,1.453,97878,9602,88276,247,25,25,6264192,254736,17,17,0
1089,1.090,0.227,0.000,1.317,1.423,97878,9602,88276,247,25,25,6264192,254736,17,17,0
1090,1.092,0.204,0.000,1.296,1.429,97878,9602,88276,247,25,25,6264192,254736,17,17,0
1091,1.102,0.222,0.000,1.324,1.406,97878,9602,88276,247,25,25,6264192,254736,17,17,0
1092,1.088,0.228,0.000,1.316,1.437,97878,9602,88276,247,25,25,6264192,254736,17,17,0
1093,1.098,0.232,0.000,1.330,1.423,97878,9602,88276,247,25,25,6264192,254736,17,17,0
1094,1.078,0.199,0.000,1.277,1.441,97878,9602,88276,247,25,25,6264192,254736,17,17,0
1095,1.098,0.218,0.000,1.316,1.386,97878,9602,88276,247,25,25,6264192,254736,17,17,0
1096,1.135,0.193,0.000,1.327,1.427,97878,9602,88276,247,25,25,6264192,254736,17,17,0
1097,1.101,0.218,0.000,1.318,1.436,97878,9602,88276,247,25,25,6264192,254736,17,17,0
1098,1.088,0.229,0.000,1.317,1.430,97878,9602,88276,247,25,25,6264192,254736,17,17,0
1099,1.098,0.216,0.000,1.314,1.424,97878,9602,88276,247,25,25,6264192,254736,17,17,0
1100,1.089,0.229,0.000,1.318,1.427,97878,9602,88276,247,25,25,6264192,254736,17,17,0
1101,1.094,0.216,0.000,1.310,1.431,97878,9602,88276,247,25,25,6264192,254736,17,17,0
1102,1.101,0.202,0.000,1.303,1.421,97878,9602,88276,247,25,25,6264192,254736,17,17,0
1103,1.085,0.242,0.000,1.327,1.415,97878,9602,88276,247,25,25,6264192,254736,17,17,0
1104,1.100,0.226,0.000,1.326,1.434,97878,9602,88276,247,25,25,6264192,254736,17,17,0
1105,1.086,0.229,0.000,1.315,1.435,97878,9602,88276,247,25,25,6264192,254736,17,17,0
1106,1.103,0.201,0.000,1.304,1.426,97878,9602,88276,247,25,25,6264192,254736,17,17,0
1107,1.137,0.229,0.000,1.366,1.412,97878,9602,88276,247,25,25,6264192,254736,17,17,0
1108,1.077,0.214,0.000,1.290,1.476,97878,9602,88276,247,25,25,6264192,254736,17,17,0
1109,1.093,0.225,0.000,1.319,1.403,97878,9602,88276,247,25,25,6264192,254736,17,17,0
1110,1.137,0.239,0.000,1.376,1.429,97878,9602,88276,247,25,25,6264192,254736,17,17,0
1111,1.094,0.248,0.000,1.342,1.492,97878,9602,88276,247,25,25,6264192,254736,17,17,0
1112,1.098,0.221,0.000,1.320,1.443,97878,9602,88276,247,25,25,6264192,254736,17,17,0
1113,1.132,0.194,0.000,1.326,1.427,97878,9602,88276,247,25,25,6264192,254736,17,17,0
1114,1.147,0.244,0.000,1.391,1.431,97878,9602,88276,247,25,25,6264192,254736,17,17,0
1115,1.292,0.459,0.000,1.751,1.505,97878,9602,88276,247,25,25,6264192,254736,17,17,0
1116,1.277,0.366,0.000,1.644,1.881,97878,9602,88276,247,25,25,6264192,254736,17,17,0
1117,1.208,0.401,0.000,1.610,1.760,97878,9602,88276,247,25,25,6264192,254736,17,17,0
1118,1.290,0.309,0.000,1.599,1.727,97878,9602,88276,247,25,25,6264192,254736,17,17,0
1119,1.129,0.261,0.000,1.390,1.704,97878,9602,88276,247,25,25,6264192,254736,17,17,0
1120,1.153,0.250,0.000,1.404,1.495,97878,9602,88276,247,25,25,6264192,254736,17,17,0
1121,1.107,0.262,0.000,1.368,1.515,97878,9602,88276,247,25,25,6264192,254736,17,17,0
1122,1.173,0.279,0.000,1.452,1.480,97878,9602,88276,247,25,25,6264192,254736,17,17,0
1123,1.179,0.234,0.000,1.413,1.565,97878,9602,88276,247,25,25,6264192,254736,17,17,0
1124,1.142,0.229,0.000,1.371,1.522,97878,9602,88276,247,25,25,6264192,254736,17,17,0
1125,1.138,0.236,0.000,1.375,1.477,97878,9602,88276,247,25,25,6264192,254736,17,17,0
1126,1.114,0.256,0.000,1.370,1.487,97878,9602,88276,247,25,25,6264192,254736,17,17,0
1127,1.126,0.255,0.000,1.382,1.482,97878,9602,88276,247,25,25,6264192,254736,17,17,0
1128,1.176,0.231,0.000,1.407,1.491,97878,9602,88276,247,25,25,6264192,254736,17,17,0
1129,1.169,0.224,0.000,1.393,1.516,97878,9602,88276,247,25,25,6264192,254736,17,17,0
1130,1.164,0.228,0.000,1.391,1.504,97878,9602,88276,247,25,25,6264192,254736,17,17,0
1131,1.101,0.237,0.000,1.338,1.502,97878,9602,88276,247,25,25,6264192,254736,17,17,0
1132,1.125,0.249,0.000,1.374,1.450,97878,9602,88276,247,25,25,6264192,254736,17,17,0
1133,1.120,0.242,0.000,1.362,1.487,97878,9602,88276,247,25,25,6264192,254736,17,17,0
1134,1.129,0.232,0.000,1.361,1.474,97878,9602,88276,247,25,25,6264192,254736,17,17,0
1135,1.108,0.206,0.000,1.314,1.471,97878,9602,88276,247,25,25,6264192,254736,17,17,0
1136,1.133,0.229,0.000,1.363,1.423,97878,9602,88276,247,25,25,6264192,254736,17,17,0
1137,1.105,0.233,0.000,1.338,1.476,97878,9602,88276,247,25,25,6264192,254736,17,17,0
1138,1.132,0.245,0.000,1.377,1.444,97878,9602,88276,247,25,25,6264192,254736,17,17,0
1139,1.143,0.254,0.000,1.396,1.486,97878,9602,88276,247,25,25,6264192,254736,17,17,0
1140,1.140,0.222,0.000,1.362,1.512,97878,9602,88276,247,25,25,6264192,254736,17,17,0
1141,1.106,0.235,0.000,1.340,1.469,97878,9602,88276,247,25,25,6264192,254736,17,17,0
1142,1.093,0.233,0.000,1.326,1.451,97878,9602,88276,247,25,25,6264192,254736,17,17,0
1143,1.096,0.227,0.000,1.323,1.435,97878,9602,88276,247,25,25,6264192,254736,17,17,0
1144,1.122,0.203,0.000,1.326,1.435,97878,9602,88276,247,25,25,6264192,254736,17,17,0
1145,1.182,0.240,0.000,1.423,1.433,97878,9602,88276,247,25,25,6264192,254736,17,17,0
1146,1.110,0.224,0.000,1.334,1.537,97878,9602,88276,247,25,25,6264192,254736,17,17,0
1147,1.094,0.211,0.000,1.305,1.440,97878,9602,88276,247,25,25,6264192,254736,17,17,0
1148,1.082,0.213,0.000,1.296,1.423,97878,9602,88276,247,25,25,6264192,254736,17,17,0
1149,1.115,0.218,0.000,1.333,1.408,97878,9602,88276,247,25,25,6264192,254736,17,17,0
1150,1.111,0.237,0.000,1.348,1.443,97878,9602,88276,247,25,25,6264192,254736,17,17,0
1151,1.134,0.231,0.000,1.365,1.455,97878,9602,88276,247,25,25,6264192,254736,17,17,0
1152,1.115,0.211,0.000,1.326,1.476,97878,9602,88276,247,25,25,6264192,254736,17,17,0
1153,1.113,0.214,0.000,1.328,1.436,97878,9602,88276,247,25,25,6264192,254736,17,17,0
1154,1.107,0.212,0.000,1.319,1.439,97878,9602,88276,247,25,25,6264192,254736,17,17,0
1155,1.113,0.238,0.000,1.351,1.428,97878,9602,88276,247,25,25,6264192,254736,17,17,0
1156,1.093,0.223,0.000,1.316,1.459,97878,9602,88276,247,25,25,6264192,254736,17,17,0
1157,1.129,0.228,0.000,1.357,1.432,97878,9602,88276,247,25,25,6264192,254736,17,17,0
1158,1.122,0.246,0.000,1.368,1.468,97878,9602,88276,247,25,25,6264192,254736,17,17,0
1159,1.131,0.241,0.000,1.372,1.485,97878,9602,88276,247,25,25,6264192,254736,17,17,0
1160,1.095,0.249,0.000,1.344,1.480,97878,9602,88276,247,25,25,6264192,254736,17,17,0
1161,1.095,0.228,0.000,1.323,1.456,97878,9602,88276,247,25,25,6264192,254736,17,17,0
1162,1.110,0.201,0.000,1.311,1.431,97878,9602,88276,247,25,25,6264192,254736,17,17,0
1163,1.045,0.230,0.000,1.276,2.417,97878,9602,88276,247,25,25,6264192,254736,17,17,0
1164,1.019,0.311,0.000,1.330,1.398,97878,9602,88276,247,25,25,6264192,254736,17,17,0
1165,1.068,0.244,0.000,1.312,1.430,97878,9602,88276,247,25,25,6264192,254736,17,17,0
1166,1.019,0.209,0.000,1.227,1.422,97878,9602,88276,247,25,25,6264192,254736,17,17,0
1167,1.021,0.231,0.000,1.253,1.337,97878,9602,88276,247,25,25,6264192,254736,17,17,0
1168,1.054,0.192,0.000,1.246,1.363,97878,9602,88276,247,25,25,6264192,254736,17,17,0
1169,1.066,0.203,0.000,1.270,1.362,97878,9602,88276,247,25,25,6264192,254736,17,17,0
1170,1.057,0.208,0.000,1.265,1.375,97878,9602,88276,247,25,25,6264192,254736,17,17,0
1171,1.100,0.230,0.000,1.330,1.374,97878,9602,88276,247,25,25,6264192,254736,17,17,0
1172,1.096,0.221,0.000,1.317,1.446,97878,9602,88276,247,25,25,6264192,254736,17,17,0
1173,1.122,0.228,0.000,1.350,1.429,97878,9602,88276,247,25,25,6264192,254736,17,17,0
1174,1.147,0.216,0.000,1.363,1.455,97878,9602,88276,247,25,25,6264192,254736,17,17,0
1175,1.102,0.214,0.000,1.316,1.475,97878,9602,88276,247,25,25,6264192,254736,17,17,0
1176,1.092,0.216,0.000,1.308,1.429,97878,9602,88276,247,25,25,6264192,254736,17,17,0
1177,1.098,0.232,0.000,1.329,1.417,97878,9602,88276,247,25,25,6264192,254736,17,17,0
1178,1.083,0.223,0.000,1.307,1.439,97878,9602,88276,247,25,25,6264192,254736,17,17,0
1179,1.149,0.224,0.000,1.372,1.403,97878,9602,88276,247,25,25,6264192,254736,17,17,0
1180,1.140,0.234,0.000,1.374,1.482,97878,9602,88276,247,25,25,6264192,254736,17,17,0
1181,1.111,0.229,0.000,1.340,1.478,97878,9602,88276,247,25,25,6264192,254736,17,17,0
1182,1.083,0.238,0.000,1.321,1.451,97878,9602,88276,247,25,25,6264192,254736,17,17,0
1183,1.081,0.204,0.000,1.285,1.424,97878,9602,88276,247,25,25,6264192,254736,17,17,0
1184,1.093,0.216,0.000,1.310,1.392,97878,9602,88276,247,25,25,6264192,254736,17,17,0
1185,1.105,0.198,0.000,1.303,1.421,97878,9602,88276,247,25,25,6264192,254736,17,17,0
1186,1.136,0.212,0.000,1.348,1.413,97878,9602,88276,247,25,25,6264192,254736,17,17,0
1187,1.129,0.236,0.000,1.365,1.456,97878,9602,88276,247,25,25,6264192,254736,17,17,0
1188,1.080,0.221,0.000,1.301,1.479,97878,9602,88276,247,25,25,6264192,254736,17,17,0
1189,1.054,0.220,0.000,1.274,1.415,97878,9602,88276,247,25,25,6264192,254736,17,17,0
1190,1.087,0.232,0.000,1.319,1.384,97878,9602,88276,247,25,25,6264192,254736,17,17,0
1191,1.138,0.210,0.000,1.348,1.431,97878,9602,88276,247,25,25,6264192,254736,17,17,0
1192,1.103,0.200,0.000,1.303,1.453,97878,9602,88276,247,25,25,6264192,254736,17,17,0
1193,1.067,0.272,0.000,1.338,1.412,97878,9602,88276,247,25,25,6264192,254736,17,17,0
1194,1.181,0.305,0.000,1.486,1.457,97878,9602,88276,247,25,25,6264192,254736,17,17,0
1195,1.146,0.253,0.000,1.399,1.603,97878,9602,88276,247,25,25,6264192,254736,17,17,0
1196,1.117,0.220,0.000,1.337,1.512,97878,9602,88276,247,25,25,6264192,254736,17,17,0
1197,1.127,0.221,0.000,1.347,1.453,97878,9602,88276,247,25,25,6264192,254736,17,17,0
1198,1.119,0.218,0.000,1.336,1.460,97878,9602,88276,247,25,25,6264192,254736,17,17,0
1199,1.099,0.256,0.000,1.355,1.451,97878,9602,88276,247,25,25,6264192,254736,17,17,0
1200,1.116,0.224,0.000,1.340,1.469,97878,9602,88276,247,25,25,6264192,254736,17,17,0
