[package] /private/var/folders/sl/yxxj_m9n37sgntkntqw0x8yw0000gn/T/places-art-style-hero-d7c0_tzl (assets: /private/var/folders/sl/yxxj_m9n37sgntkntqw0x8yw0000gn/T/places-art-style-hero-d7c0_tzl/assets/levels)
[package] asset root: /private/var/folders/sl/yxxj_m9n37sgntkntqw0x8yw0000gn/T/places-art-style-hero-d7c0_tzl/assets
[settings] quality high (saved high) [startup override] | lighting high | bloom on | reflections full | lightmaps full | vsync off | filtering high | window Windowed 640 x 360
[assets] 204 placeable asset(s) of 352 catalog entries; themes: office, pool, home, outdoor, winter
[renderer] wgpu | adapter: Apple M2 Pro | backend: Metal | device type: IntegratedGpu | surface format: Bgra8UnormSrgb | present mode: Fifo | alpha mode: Opaque | depth format: Depth32Float | drawable: 1280x720
[wgpu] texture filtering: world presets low 4x / medium 8x / high 16x requested | anisotropy supported
[wgpu] present mode Immediate (immediate)
[window] logical 640x360 | drawable 1280x720 pixels | backing scale 2.0x
[wgpu] world pipeline for surface format Bgra8UnormSrgb
[wgpu] post targets: scene 1280x720, bloom 320x180, presented 1280x720
[startup] total 247.8 ms
[startup]   package root: +0.2 ms (0.2 ms)
[startup]   settings: +2.0 ms (2.2 ms)
[startup]   window: +109.6 ms (111.8 ms)
[startup]   asset catalog: +1.5 ms (113.2 ms)
[startup]   renderer device: +9.6 ms (122.8 ms)
[startup]   input responsive: +56.6 ms (179.4 ms)
[startup]   first scene attempted: +27.9 ms (207.4 ms)
[startup]   first UI attempted: +0.0 ms (207.4 ms)
[startup]   first presented: +40.4 ms (247.8 ms)
[loading] package identity level=art_style_hero variant=full sha256=3eeecc62e7fbf242037e6c25dab73329974e6653ac16808dbba3365638da432a source=/var/folders/sl/yxxj_m9n37sgntkntqw0x8yw0000gn/T/places-art-style-hero-d7c0_tzl/assets/levels/art_style_hero.placesmap
[loading] compiled-cache miss level=art_style_hero variant=full
[lightmaps] atlas array: 2 page(s) in 4 layer(s), 1024-texel edge, 33554432 bytes resident
[wgpu] world upload: 312 vertices, 480 indices, 14 draws in 1 chunk(s) (neutral mesh: 312 vertices, 480 indices, 14 ranges)
[wgpu] textures: 10 unique, 9 uploaded, 3 cache hits, 1 fallbacks, 0 missing of 14 draws (53127840 bytes resident, max edge 1024px, high filtering)
[wgpu] materials: 11 resolved (6 response, 1 reflection-eligible), 2 normal maps (2 uploaded, 0 cache hits), 13 opaque / 0 cutout / 1 translucent of 14 draws (enabled response, high level)
[wgpu] decals: 0 draw(s), 0 chunk(s), 1 sheet(s) (0 external, 0 diagnostic)
[wgpu] sky `outdoor:tex_sky_stars_01`: 1024x512 uploaded
[wgpu] uploaded 1 packaged reflection probe(s) at 64 texels, 7 mip level(s)
[loading] committed art_style_hero
[props] 16 models cached (0 failed), 5300 triangles, 3856 KiB of textures, 21 draw call(s)
[level] 312 static vertices, 15900 prop vertices, 21 prop draw call(s), built in 0.2 ms (lighting 0.0 + props 0.0 + surfaces 0.0)
[spatial] 14 static batch(es) (floor 4 / ceiling 1 / wall 7 / light 2 / prop box 0 / decal 0), 21 prop batch(es)
[lighting] baked 3 room(s) / 3 baseline area(s) from 4 fixture(s): 14 wall + 36 slab + 222 prop blocker(s), baselines 0.31..0.41 (avg 0.37)
[lightmaps] 2 page(s), 5354 chart(s), 203798 chart texels, 2097152 page texels (32768 KiB), filled in 0.0 ms
[dynamic] 0 object(s): 0 draw call(s), 0 vertices (the demonstration path; never part of the static bake); doors: 0/0
[lighting-sequence] frame=1 action=Spawn { key: 1000, model: "home:dining_chair", character: false, position: [1.7, 0.0, 1.1], yaw: 0.0, scale: 1.0 } applied=true
[lighting-sequence] frame=1 action=Spawn { key: 1001, model: "home:dining_chair", character: false, position: [2.35, 0.0, 1.1], yaw: 0.0, scale: 1.0 } applied=true
[lighting-sequence] frame=1 action=Spawn { key: 1002, model: "home:dining_chair", character: false, position: [3.0, 0.0, 1.1], yaw: 0.0, scale: 1.0 } applied=true
[lighting-sequence] frame=1 action=Spawn { key: 1003, model: "home:dining_chair", character: false, position: [3.65, 0.0, 1.1], yaw: 0.0, scale: 1.0 } applied=true
[lighting-sequence] frame=1 action=Spawn { key: 1004, model: "home:dining_chair", character: false, position: [4.3, 0.0, 1.1], yaw: 0.0, scale: 1.0 } applied=true
[lighting-sequence] frame=1 action=Spawn { key: 1005, model: "home:dining_chair", character: false, position: [4.95, 0.0, 1.1], yaw: 0.0, scale: 1.0 } applied=true
[lighting-sequence] frame=1 action=Spawn { key: 1006, model: "home:dining_chair", character: false, position: [5.6, 0.0, 1.1], yaw: 0.0, scale: 1.0 } applied=true
[lighting-sequence] frame=1 action=Spawn { key: 1007, model: "home:dining_chair", character: false, position: [6.25, 0.0, 1.1], yaw: 0.0, scale: 1.0 } applied=true
[lighting-sequence] frame=1 action=Spawn { key: 1008, model: "home:dining_chair", character: false, position: [1.7, 0.0, 1.65], yaw: 0.0, scale: 1.0 } applied=true
[lighting-sequence] frame=1 action=Spawn { key: 1009, model: "home:dining_chair", character: false, position: [2.35, 0.0, 1.65], yaw: 0.0, scale: 1.0 } applied=true
[lighting-sequence] frame=1 action=Spawn { key: 1010, model: "home:dining_chair", character: false, position: [3.0, 0.0, 1.65], yaw: 0.0, scale: 1.0 } applied=true
[lighting-sequence] frame=1 action=Spawn { key: 1011, model: "home:dining_chair", character: false, position: [3.65, 0.0, 1.65], yaw: 0.0, scale: 1.0 } applied=true
[lighting-sequence] frame=1 action=Spawn { key: 1012, model: "home:dining_chair", character: false, position: [4.3, 0.0, 1.65], yaw: 0.0, scale: 1.0 } applied=true
[lighting-sequence] frame=1 action=Spawn { key: 1013, model: "home:dining_chair", character: false, position: [4.95, 0.0, 1.65], yaw: 0.0, scale: 1.0 } applied=true
[lighting-sequence] frame=1 action=Spawn { key: 1014, model: "home:dining_chair", character: false, position: [5.6, 0.0, 1.65], yaw: 0.0, scale: 1.0 } applied=true
[lighting-sequence] frame=1 action=Spawn { key: 1015, model: "home:dining_chair", character: false, position: [6.25, 0.0, 1.65], yaw: 0.0, scale: 1.0 } applied=true
[lighting-sequence] frame=1 action=Spawn { key: 1016, model: "home:dining_chair", character: false, position: [1.7, 0.0, 2.2], yaw: 0.0, scale: 1.0 } applied=true
[lighting-sequence] frame=1 action=Spawn { key: 1017, model: "home:dining_chair", character: false, position: [2.35, 0.0, 2.2], yaw: 0.0, scale: 1.0 } applied=true
[lighting-sequence] frame=1 action=Spawn { key: 1018, model: "home:dining_chair", character: false, position: [3.0, 0.0, 2.2], yaw: 0.0, scale: 1.0 } applied=true
[lighting-sequence] frame=1 action=Spawn { key: 1019, model: "home:dining_chair", character: false, position: [3.65, 0.0, 2.2], yaw: 0.0, scale: 1.0 } applied=true
[lighting-sequence] frame=1 action=Spawn { key: 1020, model: "home:dining_chair", character: false, position: [4.3, 0.0, 2.2], yaw: 0.0, scale: 1.0 } applied=true
[lighting-sequence] frame=1 action=Spawn { key: 1021, model: "home:dining_chair", character: false, position: [4.95, 0.0, 2.2], yaw: 0.0, scale: 1.0 } applied=true
[lighting-sequence] frame=1 action=Spawn { key: 1022, model: "home:dining_chair", character: false, position: [5.6, 0.0, 2.2], yaw: 0.0, scale: 1.0 } applied=true
[lighting-sequence] frame=1 action=Spawn { key: 1023, model: "home:dining_chair", character: false, position: [6.25, 0.0, 2.2], yaw: 0.0, scale: 1.0 } applied=true
[lighting-sequence] frame=1 action=Spawn { key: 1024, model: "home:dining_chair", character: false, position: [1.7, 0.0, 2.75], yaw: 0.0, scale: 1.0 } applied=true
[lighting-sequence] frame=1 action=Spawn { key: 1025, model: "home:dining_chair", character: false, position: [2.35, 0.0, 2.75], yaw: 0.0, scale: 1.0 } applied=true
[lighting-sequence] frame=1 action=Spawn { key: 1026, model: "home:dining_chair", character: false, position: [3.0, 0.0, 2.75], yaw: 0.0, scale: 1.0 } applied=true
[lighting-sequence] frame=1 action=Spawn { key: 1027, model: "home:dining_chair", character: false, position: [3.65, 0.0, 2.75], yaw: 0.0, scale: 1.0 } applied=true
[lighting-sequence] frame=1 action=Spawn { key: 1028, model: "home:dining_chair", character: false, position: [4.3, 0.0, 2.75], yaw: 0.0, scale: 1.0 } applied=true
[lighting-sequence] frame=1 action=Spawn { key: 1029, model: "home:dining_chair", character: false, position: [4.95, 0.0, 2.75], yaw: 0.0, scale: 1.0 } applied=true
[lighting-sequence] frame=1 action=Spawn { key: 1030, model: "home:dining_chair", character: false, position: [5.6, 0.0, 2.75], yaw: 0.0, scale: 1.0 } applied=true
[characters] `home:dining_chair` spawns through the dynamic path: the runtime model `environment/home/props/models/dining_chair.glb` carries no skin or animation; it cannot be posed
[lighting-sequence] frame=130 action=Move { key: 1000, position: [1.7, 0.0, 1.1], yaw: 0.0 } applied=true
[lighting-sequence] frame=131 action=Move { key: 1000, position: [1.7005, 0.0, 1.1], yaw: 0.0 } applied=true
[lighting-sequence] frame=132 action=Move { key: 1000, position: [1.701, 0.0, 1.1], yaw: 0.0 } applied=true
[lighting-sequence] frame=133 action=Move { key: 1000, position: [1.7015, 0.0, 1.1], yaw: 0.0 } applied=true
[lighting-sequence] frame=134 action=Move { key: 1000, position: [1.702, 0.0, 1.1], yaw: 0.0 } applied=true
[lighting-sequence] frame=135 action=Move { key: 1000, position: [1.7025, 0.0, 1.1], yaw: 0.0 } applied=true
[lighting-sequence] frame=136 action=Move { key: 1000, position: [1.703, 0.0, 1.1], yaw: 0.0 } applied=true
[lighting-sequence] frame=137 action=Move { key: 1000, position: [1.7035, 0.0, 1.1], yaw: 0.0 } applied=true
[lighting-sequence] frame=138 action=Move { key: 1000, position: [1.704, 0.0, 1.1], yaw: 0.0 } applied=true
[lighting-sequence] frame=139 action=Move { key: 1000, position: [1.7045, 0.0, 1.1], yaw: 0.0 } applied=true
[lighting-sequence] frame=140 action=Move { key: 1000, position: [1.705, 0.0, 1.1], yaw: 0.0 } applied=true
[lighting-sequence] frame=141 action=Move { key: 1000, position: [1.7055, 0.0, 1.1], yaw: 0.0 } applied=true
[lighting-sequence] frame=142 action=Move { key: 1000, position: [1.706, 0.0, 1.1], yaw: 0.0 } applied=true
[lighting-sequence] frame=143 action=Move { key: 1000, position: [1.7065, 0.0, 1.1], yaw: 0.0 } applied=true
[lighting-sequence] frame=144 action=Move { key: 1000, position: [1.707, 0.0, 1.1], yaw: 0.0 } applied=true
[lighting-sequence] frame=145 action=Move { key: 1000, position: [1.7075, 0.0, 1.1], yaw: 0.0 } applied=true
[lighting-sequence] frame=146 action=Move { key: 1000, position: [1.708, 0.0, 1.1], yaw: 0.0 } applied=true
[lighting-sequence] frame=147 action=Move { key: 1000, position: [1.7085, 0.0, 1.1], yaw: 0.0 } applied=true
[lighting-sequence] frame=148 action=Move { key: 1000, position: [1.709, 0.0, 1.1], yaw: 0.0 } applied=true
[lighting-sequence] frame=149 action=Move { key: 1000, position: [1.7095, 0.0, 1.1], yaw: 0.0 } applied=true
[lighting-sequence] frame=150 action=Move { key: 1000, position: [1.71, 0.0, 1.1], yaw: 0.0 } applied=true
[lighting-sequence] frame=151 action=Move { key: 1000, position: [1.7105, 0.0, 1.1], yaw: 0.0 } applied=true
[lighting-sequence] frame=152 action=Move { key: 1000, position: [1.711, 0.0, 1.1], yaw: 0.0 } applied=true
[lighting-sequence] frame=153 action=Move { key: 1000, position: [1.7115, 0.0, 1.1], yaw: 0.0 } applied=true
[lighting-sequence] frame=154 action=Move { key: 1000, position: [1.712, 0.0, 1.1], yaw: 0.0 } applied=true
[lighting-sequence] frame=155 action=Move { key: 1000, position: [1.7125, 0.0, 1.1], yaw: 0.0 } applied=true
[lighting-sequence] frame=156 action=Move { key: 1000, position: [1.713, 0.0, 1.1], yaw: 0.0 } applied=true
[lighting-sequence] frame=157 action=Move { key: 1000, position: [1.7135, 0.0, 1.1], yaw: 0.0 } applied=true
[lighting-sequence] frame=158 action=Move { key: 1000, position: [1.714, 0.0, 1.1], yaw: 0.0 } applied=true
[lighting-sequence] frame=159 action=Move { key: 1000, position: [1.7145, 0.0, 1.1], yaw: 0.0 } applied=true
[lighting-sequence] frame=160 action=Move { key: 1000, position: [1.715, 0.0, 1.1], yaw: 0.0 } applied=true
[lighting-sequence] frame=161 action=Move { key: 1000, position: [1.7155, 0.0, 1.1], yaw: 0.0 } applied=true
[lighting-sequence] frame=162 action=Move { key: 1000, position: [1.716, 0.0, 1.1], yaw: 0.0 } applied=true
[lighting-sequence] frame=163 action=Move { key: 1000, position: [1.7165, 0.0, 1.1], yaw: 0.0 } applied=true
[lighting-sequence] frame=164 action=Move { key: 1000, position: [1.717, 0.0, 1.1], yaw: 0.0 } applied=true
[lighting-sequence] frame=165 action=Move { key: 1000, position: [1.7175, 0.0, 1.1], yaw: 0.0 } applied=true
[lighting-sequence] frame=166 action=Move { key: 1000, position: [1.718, 0.0, 1.1], yaw: 0.0 } applied=true
[lighting-sequence] frame=167 action=Move { key: 1000, position: [1.7185, 0.0, 1.1], yaw: 0.0 } applied=true
[lighting-sequence] frame=168 action=Move { key: 1000, position: [1.719, 0.0, 1.1], yaw: 0.0 } applied=true
[lighting-sequence] frame=169 action=Move { key: 1000, position: [1.7195, 0.0, 1.1], yaw: 0.0 } applied=true
[lighting-sequence] frame=170 action=Move { key: 1000, position: [1.72, 0.0, 1.1], yaw: 0.0 } applied=true
[lighting-sequence] frame=171 action=Move { key: 1000, position: [1.7205, 0.0, 1.1], yaw: 0.0 } applied=true
[lighting-sequence] frame=172 action=Move { key: 1000, position: [1.721, 0.0, 1.1], yaw: 0.0 } applied=true
[lighting-sequence] frame=173 action=Move { key: 1000, position: [1.7215, 0.0, 1.1], yaw: 0.0 } applied=true
[lighting-sequence] frame=174 action=Move { key: 1000, position: [1.722, 0.0, 1.1], yaw: 0.0 } applied=true
[lighting-sequence] frame=175 action=Move { key: 1000, position: [1.7225, 0.0, 1.1], yaw: 0.0 } applied=true
[lighting-sequence] frame=176 action=Move { key: 1000, position: [1.723, 0.0, 1.1], yaw: 0.0 } applied=true
[lighting-sequence] frame=177 action=Move { key: 1000, position: [1.7235, 0.0, 1.1], yaw: 0.0 } applied=true
[lighting-sequence] frame=178 action=Move { key: 1000, position: [1.724, 0.0, 1.1], yaw: 0.0 } applied=true
[lighting-sequence] frame=179 action=Move { key: 1000, position: [1.7245, 0.0, 1.1], yaw: 0.0 } applied=true
[lighting-sequence] frame=180 action=Move { key: 1000, position: [1.725, 0.0, 1.1], yaw: 0.0 } applied=true
[lighting-sequence] frame=181 action=Move { key: 1000, position: [1.7255, 0.0, 1.1], yaw: 0.0 } applied=true
[lighting-sequence] frame=182 action=Move { key: 1000, position: [1.726, 0.0, 1.1], yaw: 0.0 } applied=true
[lighting-sequence] frame=183 action=Move { key: 1000, position: [1.7265, 0.0, 1.1], yaw: 0.0 } applied=true
[lighting-sequence] frame=184 action=Move { key: 1000, position: [1.727, 0.0, 1.1], yaw: 0.0 } applied=true
[lighting-sequence] frame=185 action=Move { key: 1000, position: [1.7275, 0.0, 1.1], yaw: 0.0 } applied=true
[lighting-sequence] frame=186 action=Move { key: 1000, position: [1.728, 0.0, 1.1], yaw: 0.0 } applied=true
[lighting-sequence] frame=187 action=Move { key: 1000, position: [1.7285, 0.0, 1.1], yaw: 0.0 } applied=true
[lighting-sequence] frame=188 action=Move { key: 1000, position: [1.729, 0.0, 1.1], yaw: 0.0 } applied=true
[lighting-sequence] frame=189 action=Move { key: 1000, position: [1.7295, 0.0, 1.1], yaw: 0.0 } applied=true
[lighting-sequence] frame=190 action=Move { key: 1000, position: [1.73, 0.0, 1.1], yaw: 0.0 } applied=true
[lighting-sequence] frame=191 action=Move { key: 1000, position: [1.7305, 0.0, 1.1], yaw: 0.0 } applied=true
[lighting-sequence] frame=192 action=Move { key: 1000, position: [1.731, 0.0, 1.1], yaw: 0.0 } applied=true
[lighting-sequence] frame=193 action=Move { key: 1000, position: [1.7315, 0.0, 1.1], yaw: 0.0 } applied=true
[lighting-sequence] frame=194 action=Move { key: 1000, position: [1.732, 0.0, 1.1], yaw: 0.0 } applied=true
[lighting-sequence] frame=195 action=Move { key: 1000, position: [1.7325, 0.0, 1.1], yaw: 0.0 } applied=true
[lighting-sequence] frame=196 action=Move { key: 1000, position: [1.733, 0.0, 1.1], yaw: 0.0 } applied=true
[lighting-sequence] frame=197 action=Move { key: 1000, position: [1.7335, 0.0, 1.1], yaw: 0.0 } applied=true
[lighting-sequence] frame=198 action=Move { key: 1000, position: [1.734, 0.0, 1.1], yaw: 0.0 } applied=true
[lighting-sequence] frame=199 action=Move { key: 1000, position: [1.7345, 0.0, 1.1], yaw: 0.0 } applied=true
[lighting-sequence] frame=200 action=Move { key: 1000, position: [1.735, 0.0, 1.1], yaw: 0.0 } applied=true
[lighting-sequence] frame=201 action=Move { key: 1000, position: [1.7355, 0.0, 1.1], yaw: 0.0 } applied=true
[lighting-sequence] frame=202 action=Move { key: 1000, position: [1.736, 0.0, 1.1], yaw: 0.0 } applied=true
[lighting-sequence] frame=203 action=Move { key: 1000, position: [1.7365, 0.0, 1.1], yaw: 0.0 } applied=true
[lighting-sequence] frame=204 action=Move { key: 1000, position: [1.737, 0.0, 1.1], yaw: 0.0 } applied=true
[lighting-sequence] frame=205 action=Move { key: 1000, position: [1.7375, 0.0, 1.1], yaw: 0.0 } applied=true
[lighting-sequence] frame=206 action=Move { key: 1000, position: [1.738, 0.0, 1.1], yaw: 0.0 } applied=true
[lighting-sequence] frame=207 action=Move { key: 1000, position: [1.7385, 0.0, 1.1], yaw: 0.0 } applied=true
[lighting-sequence] frame=208 action=Move { key: 1000, position: [1.739, 0.0, 1.1], yaw: 0.0 } applied=true
[lighting-sequence] frame=209 action=Move { key: 1000, position: [1.7395, 0.0, 1.1], yaw: 0.0 } applied=true
[lighting-sequence] frame=210 action=Move { key: 1000, position: [1.74, 0.0, 1.1], yaw: 0.0 } applied=true
[lighting-sequence] frame=211 action=Move { key: 1000, position: [1.7405, 0.0, 1.1], yaw: 0.0 } applied=true
[lighting-sequence] frame=212 action=Move { key: 1000, position: [1.741, 0.0, 1.1], yaw: 0.0 } applied=true
[lighting-sequence] frame=213 action=Move { key: 1000, position: [1.7415, 0.0, 1.1], yaw: 0.0 } applied=true
[lighting-sequence] frame=214 action=Move { key: 1000, position: [1.742, 0.0, 1.1], yaw: 0.0 } applied=true
[lighting-sequence] frame=215 action=Move { key: 1000, position: [1.7425, 0.0, 1.1], yaw: 0.0 } applied=true
[lighting-sequence] frame=216 action=Move { key: 1000, position: [1.743, 0.0, 1.1], yaw: 0.0 } applied=true
[lighting-sequence] frame=217 action=Move { key: 1000, position: [1.7435, 0.0, 1.1], yaw: 0.0 } applied=true
[lighting-sequence] frame=218 action=Move { key: 1000, position: [1.744, 0.0, 1.1], yaw: 0.0 } applied=true
[lighting-sequence] frame=219 action=Move { key: 1000, position: [1.7445, 0.0, 1.1], yaw: 0.0 } applied=true
[lighting-sequence] frame=220 action=Move { key: 1000, position: [1.745, 0.0, 1.1], yaw: 0.0 } applied=true
[lighting-sequence] frame=221 action=Move { key: 1000, position: [1.7455, 0.0, 1.1], yaw: 0.0 } applied=true
[lighting-sequence] frame=222 action=Move { key: 1000, position: [1.746, 0.0, 1.1], yaw: 0.0 } applied=true
[lighting-sequence] frame=223 action=Move { key: 1000, position: [1.7465, 0.0, 1.1], yaw: 0.0 } applied=true
[lighting-sequence] frame=224 action=Move { key: 1000, position: [1.747, 0.0, 1.1], yaw: 0.0 } applied=true
[lighting-sequence] frame=225 action=Move { key: 1000, position: [1.7475, 0.0, 1.1], yaw: 0.0 } applied=true
[lighting-sequence] frame=226 action=Move { key: 1000, position: [1.748, 0.0, 1.1], yaw: 0.0 } applied=true
[lighting-sequence] frame=227 action=Move { key: 1000, position: [1.7485, 0.0, 1.1], yaw: 0.0 } applied=true
[lighting-sequence] frame=228 action=Move { key: 1000, position: [1.749, 0.0, 1.1], yaw: 0.0 } applied=true
[lighting-sequence] frame=229 action=Move { key: 1000, position: [1.7495, 0.0, 1.1], yaw: 0.0 } applied=true
[lighting-sequence] frame=230 action=Move { key: 1000, position: [1.7, 0.0, 1.1], yaw: 0.0 } applied=true
[lighting-sequence] frame=231 action=Move { key: 1000, position: [1.7005, 0.0, 1.1], yaw: 0.0 } applied=true
[lighting-sequence] frame=232 action=Move { key: 1000, position: [1.701, 0.0, 1.1], yaw: 0.0 } applied=true
[lighting-sequence] frame=233 action=Move { key: 1000, position: [1.7015, 0.0, 1.1], yaw: 0.0 } applied=true
[lighting-sequence] frame=234 action=Move { key: 1000, position: [1.702, 0.0, 1.1], yaw: 0.0 } applied=true
[lighting-sequence] frame=235 action=Move { key: 1000, position: [1.7025, 0.0, 1.1], yaw: 0.0 } applied=true
[lighting-sequence] frame=236 action=Move { key: 1000, position: [1.703, 0.0, 1.1], yaw: 0.0 } applied=true
[lighting-sequence] frame=237 action=Move { key: 1000, position: [1.7035, 0.0, 1.1], yaw: 0.0 } applied=true
[lighting-sequence] frame=238 action=Move { key: 1000, position: [1.704, 0.0, 1.1], yaw: 0.0 } applied=true
[lighting-sequence] frame=239 action=Move { key: 1000, position: [1.7045, 0.0, 1.1], yaw: 0.0 } applied=true
[lighting-sequence] frame=240 action=Move { key: 1000, position: [1.705, 0.0, 1.1], yaw: 0.0 } applied=true
[lighting-sequence] frame=241 action=Move { key: 1000, position: [1.7055, 0.0, 1.1], yaw: 0.0 } applied=true
[lighting-sequence] frame=242 action=Move { key: 1000, position: [1.706, 0.0, 1.1], yaw: 0.0 } applied=true
[lighting-sequence] frame=243 action=Move { key: 1000, position: [1.7065, 0.0, 1.1], yaw: 0.0 } applied=true
[lighting-sequence] frame=244 action=Move { key: 1000, position: [1.707, 0.0, 1.1], yaw: 0.0 } applied=true
[lighting-sequence] frame=245 action=Move { key: 1000, position: [1.7075, 0.0, 1.1], yaw: 0.0 } applied=true
[lighting-sequence] frame=246 action=Move { key: 1000, position: [1.708, 0.0, 1.1], yaw: 0.0 } applied=true
[lighting-sequence] frame=247 action=Move { key: 1000, position: [1.7085, 0.0, 1.1], yaw: 0.0 } applied=true
[lighting-sequence] frame=248 action=Move { key: 1000, position: [1.709, 0.0, 1.1], yaw: 0.0 } applied=true
[lighting-sequence] frame=249 action=Move { key: 1000, position: [1.7095, 0.0, 1.1], yaw: 0.0 } applied=true
[lighting-sequence] frame=250 action=Move { key: 1000, position: [1.71, 0.0, 1.1], yaw: 0.0 } applied=true
[lighting-sequence] frame=251 action=Move { key: 1000, position: [1.7105, 0.0, 1.1], yaw: 0.0 } applied=true
[lighting-sequence] frame=252 action=Move { key: 1000, position: [1.711, 0.0, 1.1], yaw: 0.0 } applied=true
[lighting-sequence] frame=253 action=Move { key: 1000, position: [1.7115, 0.0, 1.1], yaw: 0.0 } applied=true
[lighting-sequence] frame=254 action=Move { key: 1000, position: [1.712, 0.0, 1.1], yaw: 0.0 } applied=true
[lighting-sequence] frame=255 action=Move { key: 1000, position: [1.7125, 0.0, 1.1], yaw: 0.0 } applied=true
[lighting-sequence] frame=256 action=Move { key: 1000, position: [1.713, 0.0, 1.1], yaw: 0.0 } applied=true
[lighting-sequence] frame=257 action=Move { key: 1000, position: [1.7135, 0.0, 1.1], yaw: 0.0 } applied=true
[lighting-sequence] frame=258 action=Move { key: 1000, position: [1.714, 0.0, 1.1], yaw: 0.0 } applied=true
[lighting-sequence] frame=259 action=Move { key: 1000, position: [1.7145, 0.0, 1.1], yaw: 0.0 } applied=true
[lighting-sequence] frame=260 action=Move { key: 1000, position: [1.715, 0.0, 1.1], yaw: 0.0 } applied=true
[lighting-sequence] frame=261 action=Move { key: 1000, position: [1.7155, 0.0, 1.1], yaw: 0.0 } applied=true
[lighting-sequence] frame=262 action=Move { key: 1000, position: [1.716, 0.0, 1.1], yaw: 0.0 } applied=true
[lighting-sequence] frame=263 action=Move { key: 1000, position: [1.7165, 0.0, 1.1], yaw: 0.0 } applied=true
[lighting-sequence] frame=264 action=Move { key: 1000, position: [1.717, 0.0, 1.1], yaw: 0.0 } applied=true
[lighting-sequence] frame=265 action=Move { key: 1000, position: [1.7175, 0.0, 1.1], yaw: 0.0 } applied=true
[lighting-sequence] frame=266 action=Move { key: 1000, position: [1.718, 0.0, 1.1], yaw: 0.0 } applied=true
[lighting-sequence] frame=267 action=Move { key: 1000, position: [1.7185, 0.0, 1.1], yaw: 0.0 } applied=true
[lighting-sequence] frame=268 action=Move { key: 1000, position: [1.719, 0.0, 1.1], yaw: 0.0 } applied=true
[lighting-sequence] frame=269 action=Move { key: 1000, position: [1.7195, 0.0, 1.1], yaw: 0.0 } applied=true
[lighting-sequence] frame=270 action=Move { key: 1000, position: [1.72, 0.0, 1.1], yaw: 0.0 } applied=true
[lighting-sequence] frame=271 action=Move { key: 1000, position: [1.7205, 0.0, 1.1], yaw: 0.0 } applied=true
[lighting-sequence] frame=272 action=Move { key: 1000, position: [1.721, 0.0, 1.1], yaw: 0.0 } applied=true
[lighting-sequence] frame=273 action=Move { key: 1000, position: [1.7215, 0.0, 1.1], yaw: 0.0 } applied=true
[lighting-sequence] frame=274 action=Move { key: 1000, position: [1.722, 0.0, 1.1], yaw: 0.0 } applied=true
[lighting-sequence] frame=275 action=Move { key: 1000, position: [1.7225, 0.0, 1.1], yaw: 0.0 } applied=true
[lighting-sequence] frame=276 action=Move { key: 1000, position: [1.723, 0.0, 1.1], yaw: 0.0 } applied=true
[lighting-sequence] frame=277 action=Move { key: 1000, position: [1.7235, 0.0, 1.1], yaw: 0.0 } applied=true
[lighting-sequence] frame=278 action=Move { key: 1000, position: [1.724, 0.0, 1.1], yaw: 0.0 } applied=true
[lighting-sequence] frame=279 action=Move { key: 1000, position: [1.7245, 0.0, 1.1], yaw: 0.0 } applied=true
[lighting-sequence] frame=280 action=Move { key: 1000, position: [1.725, 0.0, 1.1], yaw: 0.0 } applied=true
[lighting-sequence] frame=281 action=Move { key: 1000, position: [1.7255, 0.0, 1.1], yaw: 0.0 } applied=true
[lighting-sequence] frame=282 action=Move { key: 1000, position: [1.726, 0.0, 1.1], yaw: 0.0 } applied=true
[lighting-sequence] frame=283 action=Move { key: 1000, position: [1.7265, 0.0, 1.1], yaw: 0.0 } applied=true
[lighting-sequence] frame=284 action=Move { key: 1000, position: [1.727, 0.0, 1.1], yaw: 0.0 } applied=true
[lighting-sequence] frame=285 action=Move { key: 1000, position: [1.7275, 0.0, 1.1], yaw: 0.0 } applied=true
[lighting-sequence] frame=286 action=Move { key: 1000, position: [1.728, 0.0, 1.1], yaw: 0.0 } applied=true
[lighting-sequence] frame=287 action=Move { key: 1000, position: [1.7285, 0.0, 1.1], yaw: 0.0 } applied=true
[lighting-sequence] frame=288 action=Move { key: 1000, position: [1.729, 0.0, 1.1], yaw: 0.0 } applied=true
[lighting-sequence] frame=289 action=Move { key: 1000, position: [1.7295, 0.0, 1.1], yaw: 0.0 } applied=true
[lighting-sequence] frame=290 action=Move { key: 1000, position: [1.73, 0.0, 1.1], yaw: 0.0 } applied=true
[lighting-sequence] frame=291 action=Move { key: 1000, position: [1.7305, 0.0, 1.1], yaw: 0.0 } applied=true
[lighting-sequence] frame=292 action=Move { key: 1000, position: [1.731, 0.0, 1.1], yaw: 0.0 } applied=true
[lighting-sequence] frame=293 action=Move { key: 1000, position: [1.7315, 0.0, 1.1], yaw: 0.0 } applied=true
[lighting-sequence] frame=294 action=Move { key: 1000, position: [1.732, 0.0, 1.1], yaw: 0.0 } applied=true
[lighting-sequence] frame=295 action=Move { key: 1000, position: [1.7325, 0.0, 1.1], yaw: 0.0 } applied=true
[lighting-sequence] frame=296 action=Move { key: 1000, position: [1.733, 0.0, 1.1], yaw: 0.0 } applied=true
[lighting-sequence] frame=297 action=Move { key: 1000, position: [1.7335, 0.0, 1.1], yaw: 0.0 } applied=true
[lighting-sequence] frame=298 action=Move { key: 1000, position: [1.734, 0.0, 1.1], yaw: 0.0 } applied=true
[lighting-sequence] frame=299 action=Move { key: 1000, position: [1.7345, 0.0, 1.1], yaw: 0.0 } applied=true
[lighting-sequence] frame=300 action=Move { key: 1000, position: [1.735, 0.0, 1.1], yaw: 0.0 } applied=true
[lighting-sequence] frame=301 action=Move { key: 1000, position: [1.7355, 0.0, 1.1], yaw: 0.0 } applied=true
[lighting-sequence] frame=302 action=Move { key: 1000, position: [1.736, 0.0, 1.1], yaw: 0.0 } applied=true
[lighting-sequence] frame=303 action=Move { key: 1000, position: [1.7365, 0.0, 1.1], yaw: 0.0 } applied=true
[lighting-sequence] frame=304 action=Move { key: 1000, position: [1.737, 0.0, 1.1], yaw: 0.0 } applied=true
[lighting-sequence] frame=305 action=Move { key: 1000, position: [1.7375, 0.0, 1.1], yaw: 0.0 } applied=true
[lighting-sequence] frame=306 action=Move { key: 1000, position: [1.738, 0.0, 1.1], yaw: 0.0 } applied=true
[lighting-sequence] frame=307 action=Move { key: 1000, position: [1.7385, 0.0, 1.1], yaw: 0.0 } applied=true
[lighting-sequence] frame=308 action=Move { key: 1000, position: [1.739, 0.0, 1.1], yaw: 0.0 } applied=true
[lighting-sequence] frame=309 action=Move { key: 1000, position: [1.7395, 0.0, 1.1], yaw: 0.0 } applied=true
[lighting-sequence] frame=310 action=Move { key: 1000, position: [1.74, 0.0, 1.1], yaw: 0.0 } applied=true
[lighting-sequence] frame=311 action=Move { key: 1000, position: [1.7405, 0.0, 1.1], yaw: 0.0 } applied=true
[lighting-sequence] frame=312 action=Move { key: 1000, position: [1.741, 0.0, 1.1], yaw: 0.0 } applied=true
[lighting-sequence] frame=313 action=Move { key: 1000, position: [1.7415, 0.0, 1.1], yaw: 0.0 } applied=true
[lighting-sequence] frame=314 action=Move { key: 1000, position: [1.742, 0.0, 1.1], yaw: 0.0 } applied=true
[lighting-sequence] frame=315 action=Move { key: 1000, position: [1.7425, 0.0, 1.1], yaw: 0.0 } applied=true
[lighting-sequence] frame=316 action=Move { key: 1000, position: [1.743, 0.0, 1.1], yaw: 0.0 } applied=true
[lighting-sequence] frame=317 action=Move { key: 1000, position: [1.7435, 0.0, 1.1], yaw: 0.0 } applied=true
[lighting-sequence] frame=318 action=Move { key: 1000, position: [1.744, 0.0, 1.1], yaw: 0.0 } applied=true
[lighting-sequence] frame=319 action=Move { key: 1000, position: [1.7445, 0.0, 1.1], yaw: 0.0 } applied=true
[lighting-sequence] frame=320 action=Move { key: 1000, position: [1.745, 0.0, 1.1], yaw: 0.0 } applied=true
[lighting-sequence] frame=321 action=Move { key: 1000, position: [1.7455, 0.0, 1.1], yaw: 0.0 } applied=true
[lighting-sequence] frame=322 action=Move { key: 1000, position: [1.746, 0.0, 1.1], yaw: 0.0 } applied=true
[lighting-sequence] frame=323 action=Move { key: 1000, position: [1.7465, 0.0, 1.1], yaw: 0.0 } applied=true
[lighting-sequence] frame=324 action=Move { key: 1000, position: [1.747, 0.0, 1.1], yaw: 0.0 } applied=true
[lighting-sequence] frame=325 action=Move { key: 1000, position: [1.7475, 0.0, 1.1], yaw: 0.0 } applied=true
[lighting-sequence] frame=326 action=Move { key: 1000, position: [1.748, 0.0, 1.1], yaw: 0.0 } applied=true
[lighting-sequence] frame=327 action=Move { key: 1000, position: [1.7485, 0.0, 1.1], yaw: 0.0 } applied=true
[lighting-sequence] frame=328 action=Move { key: 1000, position: [1.749, 0.0, 1.1], yaw: 0.0 } applied=true
[lighting-sequence] frame=329 action=Move { key: 1000, position: [1.7495, 0.0, 1.1], yaw: 0.0 } applied=true
[lighting-sequence] frame=330 action=Move { key: 1000, position: [1.7, 0.0, 1.1], yaw: 0.0 } applied=true
[lighting-sequence] frame=331 action=Move { key: 1000, position: [1.7005, 0.0, 1.1], yaw: 0.0 } applied=true
[lighting-sequence] frame=332 action=Move { key: 1000, position: [1.701, 0.0, 1.1], yaw: 0.0 } applied=true
[lighting-sequence] frame=333 action=Move { key: 1000, position: [1.7015, 0.0, 1.1], yaw: 0.0 } applied=true
[lighting-sequence] frame=334 action=Move { key: 1000, position: [1.702, 0.0, 1.1], yaw: 0.0 } applied=true
[lighting-sequence] frame=335 action=Move { key: 1000, position: [1.7025, 0.0, 1.1], yaw: 0.0 } applied=true
[lighting-sequence] frame=336 action=Move { key: 1000, position: [1.703, 0.0, 1.1], yaw: 0.0 } applied=true
[lighting-sequence] frame=337 action=Move { key: 1000, position: [1.7035, 0.0, 1.1], yaw: 0.0 } applied=true
[lighting-sequence] frame=338 action=Move { key: 1000, position: [1.704, 0.0, 1.1], yaw: 0.0 } applied=true
[lighting-sequence] frame=339 action=Move { key: 1000, position: [1.7045, 0.0, 1.1], yaw: 0.0 } applied=true
[lighting-sequence] frame=340 action=Move { key: 1000, position: [1.705, 0.0, 1.1], yaw: 0.0 } applied=true
[lighting-sequence] frame=341 action=Move { key: 1000, position: [1.7055, 0.0, 1.1], yaw: 0.0 } applied=true
[lighting-sequence] frame=342 action=Move { key: 1000, position: [1.706, 0.0, 1.1], yaw: 0.0 } applied=true
[lighting-sequence] frame=343 action=Move { key: 1000, position: [1.7065, 0.0, 1.1], yaw: 0.0 } applied=true
[lighting-sequence] frame=344 action=Move { key: 1000, position: [1.707, 0.0, 1.1], yaw: 0.0 } applied=true
[lighting-sequence] frame=345 action=Move { key: 1000, position: [1.7075, 0.0, 1.1], yaw: 0.0 } applied=true
[lighting-sequence] frame=346 action=Move { key: 1000, position: [1.708, 0.0, 1.1], yaw: 0.0 } applied=true
[lighting-sequence] frame=347 action=Move { key: 1000, position: [1.7085, 0.0, 1.1], yaw: 0.0 } applied=true
[lighting-sequence] frame=348 action=Move { key: 1000, position: [1.709, 0.0, 1.1], yaw: 0.0 } applied=true
[lighting-sequence] frame=349 action=Move { key: 1000, position: [1.7095, 0.0, 1.1], yaw: 0.0 } applied=true
[lighting-sequence] frame=350 action=Move { key: 1000, position: [1.71, 0.0, 1.1], yaw: 0.0 } applied=true
[lighting-sequence] frame=351 action=Move { key: 1000, position: [1.7105, 0.0, 1.1], yaw: 0.0 } applied=true
[lighting-sequence] frame=352 action=Move { key: 1000, position: [1.711, 0.0, 1.1], yaw: 0.0 } applied=true
[lighting-sequence] frame=353 action=Move { key: 1000, position: [1.7115, 0.0, 1.1], yaw: 0.0 } applied=true
[lighting-sequence] frame=354 action=Move { key: 1000, position: [1.712, 0.0, 1.1], yaw: 0.0 } applied=true
[lighting-sequence] frame=355 action=Move { key: 1000, position: [1.7125, 0.0, 1.1], yaw: 0.0 } applied=true
[lighting-sequence] frame=356 action=Move { key: 1000, position: [1.713, 0.0, 1.1], yaw: 0.0 } applied=true
[lighting-sequence] frame=357 action=Move { key: 1000, position: [1.7135, 0.0, 1.1], yaw: 0.0 } applied=true
[lighting-sequence] frame=358 action=Move { key: 1000, position: [1.714, 0.0, 1.1], yaw: 0.0 } applied=true
[lighting-sequence] frame=359 action=Move { key: 1000, position: [1.7145, 0.0, 1.1], yaw: 0.0 } applied=true
[lighting-sequence] frame=360 action=Move { key: 1000, position: [1.715, 0.0, 1.1], yaw: 0.0 } applied=true
[lighting-sequence] frame=361 action=Move { key: 1000, position: [1.7155, 0.0, 1.1], yaw: 0.0 } applied=true
[lighting-sequence] frame=362 action=Move { key: 1000, position: [1.716, 0.0, 1.1], yaw: 0.0 } applied=true
[lighting-sequence] frame=363 action=Move { key: 1000, position: [1.7165, 0.0, 1.1], yaw: 0.0 } applied=true
[lighting-sequence] frame=364 action=Move { key: 1000, position: [1.717, 0.0, 1.1], yaw: 0.0 } applied=true
[lighting-sequence] frame=365 action=Move { key: 1000, position: [1.7175, 0.0, 1.1], yaw: 0.0 } applied=true
[lighting-sequence] frame=366 action=Move { key: 1000, position: [1.718, 0.0, 1.1], yaw: 0.0 } applied=true
[lighting-sequence] frame=367 action=Move { key: 1000, position: [1.7185, 0.0, 1.1], yaw: 0.0 } applied=true
[lighting-sequence] frame=368 action=Move { key: 1000, position: [1.719, 0.0, 1.1], yaw: 0.0 } applied=true
[lighting-sequence] frame=369 action=Move { key: 1000, position: [1.7195, 0.0, 1.1], yaw: 0.0 } applied=true
[lighting-sequence] frame=370 action=Move { key: 1000, position: [1.72, 0.0, 1.1], yaw: 0.0 } applied=true
[lighting-sequence] frame=371 action=Move { key: 1000, position: [1.7205, 0.0, 1.1], yaw: 0.0 } applied=true
[lighting-sequence] frame=372 action=Move { key: 1000, position: [1.721, 0.0, 1.1], yaw: 0.0 } applied=true
[lighting-sequence] frame=373 action=Move { key: 1000, position: [1.7215, 0.0, 1.1], yaw: 0.0 } applied=true
[lighting-sequence] frame=374 action=Move { key: 1000, position: [1.722, 0.0, 1.1], yaw: 0.0 } applied=true
[lighting-sequence] frame=375 action=Move { key: 1000, position: [1.7225, 0.0, 1.1], yaw: 0.0 } applied=true
[lighting-sequence] frame=376 action=Move { key: 1000, position: [1.723, 0.0, 1.1], yaw: 0.0 } applied=true
[lighting-sequence] frame=377 action=Move { key: 1000, position: [1.7235, 0.0, 1.1], yaw: 0.0 } applied=true
[lighting-sequence] frame=378 action=Move { key: 1000, position: [1.724, 0.0, 1.1], yaw: 0.0 } applied=true
[lighting-sequence] frame=379 action=Move { key: 1000, position: [1.7245, 0.0, 1.1], yaw: 0.0 } applied=true
[lighting-sequence] frame=380 action=Move { key: 1000, position: [1.725, 0.0, 1.1], yaw: 0.0 } applied=true
[lighting-sequence] frame=381 action=Move { key: 1000, position: [1.7255, 0.0, 1.1], yaw: 0.0 } applied=true
[lighting-sequence] frame=382 action=Move { key: 1000, position: [1.726, 0.0, 1.1], yaw: 0.0 } applied=true
[lighting-sequence] frame=383 action=Move { key: 1000, position: [1.7265, 0.0, 1.1], yaw: 0.0 } applied=true
[lighting-sequence] frame=384 action=Move { key: 1000, position: [1.727, 0.0, 1.1], yaw: 0.0 } applied=true
[lighting-sequence] frame=385 action=Move { key: 1000, position: [1.7275, 0.0, 1.1], yaw: 0.0 } applied=true
[lighting-sequence] frame=386 action=Move { key: 1000, position: [1.728, 0.0, 1.1], yaw: 0.0 } applied=true
[lighting-sequence] frame=387 action=Move { key: 1000, position: [1.7285, 0.0, 1.1], yaw: 0.0 } applied=true
[lighting-sequence] frame=388 action=Move { key: 1000, position: [1.729, 0.0, 1.1], yaw: 0.0 } applied=true
[lighting-sequence] frame=389 action=Move { key: 1000, position: [1.7295, 0.0, 1.1], yaw: 0.0 } applied=true
[lighting-sequence] frame=390 action=Move { key: 1000, position: [1.73, 0.0, 1.1], yaw: 0.0 } applied=true
[lighting-sequence] frame=391 action=Move { key: 1000, position: [1.7305, 0.0, 1.1], yaw: 0.0 } applied=true
[lighting-sequence] frame=392 action=Move { key: 1000, position: [1.731, 0.0, 1.1], yaw: 0.0 } applied=true
[lighting-sequence] frame=393 action=Move { key: 1000, position: [1.7315, 0.0, 1.1], yaw: 0.0 } applied=true
[lighting-sequence] frame=394 action=Move { key: 1000, position: [1.732, 0.0, 1.1], yaw: 0.0 } applied=true
[lighting-sequence] frame=395 action=Move { key: 1000, position: [1.7325, 0.0, 1.1], yaw: 0.0 } applied=true
[lighting-sequence] frame=396 action=Move { key: 1000, position: [1.733, 0.0, 1.1], yaw: 0.0 } applied=true
[lighting-sequence] frame=397 action=Move { key: 1000, position: [1.7335, 0.0, 1.1], yaw: 0.0 } applied=true
[lighting-sequence] frame=398 action=Move { key: 1000, position: [1.734, 0.0, 1.1], yaw: 0.0 } applied=true
[lighting-sequence] frame=399 action=Move { key: 1000, position: [1.7345, 0.0, 1.1], yaw: 0.0 } applied=true
[lighting-sequence] frame=400 action=Move { key: 1000, position: [1.735, 0.0, 1.1], yaw: 0.0 } applied=true
[lighting-sequence] frame=401 action=Move { key: 1000, position: [1.7355, 0.0, 1.1], yaw: 0.0 } applied=true
[lighting-sequence] frame=402 action=Move { key: 1000, position: [1.736, 0.0, 1.1], yaw: 0.0 } applied=true
[lighting-sequence] frame=403 action=Move { key: 1000, position: [1.7365, 0.0, 1.1], yaw: 0.0 } applied=true
[lighting-sequence] frame=404 action=Move { key: 1000, position: [1.737, 0.0, 1.1], yaw: 0.0 } applied=true
[lighting-sequence] frame=405 action=Move { key: 1000, position: [1.7375, 0.0, 1.1], yaw: 0.0 } applied=true
[lighting-sequence] frame=406 action=Move { key: 1000, position: [1.738, 0.0, 1.1], yaw: 0.0 } applied=true
[lighting-sequence] frame=407 action=Move { key: 1000, position: [1.7385, 0.0, 1.1], yaw: 0.0 } applied=true
[lighting-sequence] frame=408 action=Move { key: 1000, position: [1.739, 0.0, 1.1], yaw: 0.0 } applied=true
[lighting-sequence] frame=409 action=Move { key: 1000, position: [1.7395, 0.0, 1.1], yaw: 0.0 } applied=true
[lighting-sequence] frame=410 action=Move { key: 1000, position: [1.74, 0.0, 1.1], yaw: 0.0 } applied=true
[lighting-sequence] frame=411 action=Move { key: 1000, position: [1.7405, 0.0, 1.1], yaw: 0.0 } applied=true
[lighting-sequence] frame=412 action=Move { key: 1000, position: [1.741, 0.0, 1.1], yaw: 0.0 } applied=true
[lighting-sequence] frame=413 action=Move { key: 1000, position: [1.7415, 0.0, 1.1], yaw: 0.0 } applied=true
[lighting-sequence] frame=414 action=Move { key: 1000, position: [1.742, 0.0, 1.1], yaw: 0.0 } applied=true
[lighting-sequence] frame=415 action=Move { key: 1000, position: [1.7425, 0.0, 1.1], yaw: 0.0 } applied=true
[lighting-sequence] frame=416 action=Move { key: 1000, position: [1.743, 0.0, 1.1], yaw: 0.0 } applied=true
[lighting-sequence] frame=417 action=Move { key: 1000, position: [1.7435, 0.0, 1.1], yaw: 0.0 } applied=true
[lighting-sequence] frame=418 action=Move { key: 1000, position: [1.744, 0.0, 1.1], yaw: 0.0 } applied=true
[lighting-sequence] frame=419 action=Move { key: 1000, position: [1.7445, 0.0, 1.1], yaw: 0.0 } applied=true
[lighting-sequence] frame=420 action=Move { key: 1000, position: [1.745, 0.0, 1.1], yaw: 0.0 } applied=true
[lighting-sequence] frame=421 action=Move { key: 1000, position: [1.7455, 0.0, 1.1], yaw: 0.0 } applied=true
[lighting-sequence] frame=422 action=Move { key: 1000, position: [1.746, 0.0, 1.1], yaw: 0.0 } applied=true
[lighting-sequence] frame=423 action=Move { key: 1000, position: [1.7465, 0.0, 1.1], yaw: 0.0 } applied=true
[lighting-sequence] frame=424 action=Move { key: 1000, position: [1.747, 0.0, 1.1], yaw: 0.0 } applied=true
[lighting-sequence] frame=425 action=Move { key: 1000, position: [1.7475, 0.0, 1.1], yaw: 0.0 } applied=true
[lighting-sequence] frame=426 action=Move { key: 1000, position: [1.748, 0.0, 1.1], yaw: 0.0 } applied=true
[lighting-sequence] frame=427 action=Move { key: 1000, position: [1.7485, 0.0, 1.1], yaw: 0.0 } applied=true
[lighting-sequence] frame=428 action=Move { key: 1000, position: [1.749, 0.0, 1.1], yaw: 0.0 } applied=true
[lighting-sequence] frame=429 action=Move { key: 1000, position: [1.7495, 0.0, 1.1], yaw: 0.0 } applied=true
[lighting-sequence] frame=430 action=Move { key: 1000, position: [1.7, 0.0, 1.1], yaw: 0.0 } applied=true
[lighting-sequence] frame=431 action=Move { key: 1000, position: [1.7005, 0.0, 1.1], yaw: 0.0 } applied=true
[lighting-sequence] frame=432 action=Move { key: 1000, position: [1.701, 0.0, 1.1], yaw: 0.0 } applied=true
[lighting-sequence] frame=433 action=Move { key: 1000, position: [1.7015, 0.0, 1.1], yaw: 0.0 } applied=true
[lighting-sequence] frame=434 action=Move { key: 1000, position: [1.702, 0.0, 1.1], yaw: 0.0 } applied=true
[lighting-sequence] frame=435 action=Move { key: 1000, position: [1.7025, 0.0, 1.1], yaw: 0.0 } applied=true
[lighting-sequence] frame=436 action=Move { key: 1000, position: [1.703, 0.0, 1.1], yaw: 0.0 } applied=true
[lighting-sequence] frame=437 action=Move { key: 1000, position: [1.7035, 0.0, 1.1], yaw: 0.0 } applied=true
[lighting-sequence] frame=438 action=Move { key: 1000, position: [1.704, 0.0, 1.1], yaw: 0.0 } applied=true
[lighting-sequence] frame=439 action=Move { key: 1000, position: [1.7045, 0.0, 1.1], yaw: 0.0 } applied=true
[lighting-sequence] frame=440 action=Move { key: 1000, position: [1.705, 0.0, 1.1], yaw: 0.0 } applied=true
[lighting-sequence] frame=441 action=Move { key: 1000, position: [1.7055, 0.0, 1.1], yaw: 0.0 } applied=true
[lighting-sequence] frame=442 action=Move { key: 1000, position: [1.706, 0.0, 1.1], yaw: 0.0 } applied=true
[lighting-sequence] frame=443 action=Move { key: 1000, position: [1.7065, 0.0, 1.1], yaw: 0.0 } applied=true
[lighting-sequence] frame=444 action=Move { key: 1000, position: [1.707, 0.0, 1.1], yaw: 0.0 } applied=true
[lighting-sequence] frame=445 action=Move { key: 1000, position: [1.7075, 0.0, 1.1], yaw: 0.0 } applied=true
[lighting-sequence] frame=446 action=Move { key: 1000, position: [1.708, 0.0, 1.1], yaw: 0.0 } applied=true
[lighting-sequence] frame=447 action=Move { key: 1000, position: [1.7085, 0.0, 1.1], yaw: 0.0 } applied=true
[lighting-sequence] frame=448 action=Move { key: 1000, position: [1.709, 0.0, 1.1], yaw: 0.0 } applied=true
[lighting-sequence] frame=449 action=Move { key: 1000, position: [1.7095, 0.0, 1.1], yaw: 0.0 } applied=true
[lighting-sequence] frame=450 action=Move { key: 1000, position: [1.71, 0.0, 1.1], yaw: 0.0 } applied=true
[lighting-sequence] frame=451 action=Move { key: 1000, position: [1.7105, 0.0, 1.1], yaw: 0.0 } applied=true
[lighting-sequence] frame=452 action=Move { key: 1000, position: [1.711, 0.0, 1.1], yaw: 0.0 } applied=true
[lighting-sequence] frame=453 action=Move { key: 1000, position: [1.7115, 0.0, 1.1], yaw: 0.0 } applied=true
[lighting-sequence] frame=454 action=Move { key: 1000, position: [1.712, 0.0, 1.1], yaw: 0.0 } applied=true
[lighting-sequence] frame=455 action=Move { key: 1000, position: [1.7125, 0.0, 1.1], yaw: 0.0 } applied=true
[lighting-sequence] frame=456 action=Move { key: 1000, position: [1.713, 0.0, 1.1], yaw: 0.0 } applied=true
[lighting-sequence] frame=457 action=Move { key: 1000, position: [1.7135, 0.0, 1.1], yaw: 0.0 } applied=true
[lighting-sequence] frame=458 action=Move { key: 1000, position: [1.714, 0.0, 1.1], yaw: 0.0 } applied=true
[lighting-sequence] frame=459 action=Move { key: 1000, position: [1.7145, 0.0, 1.1], yaw: 0.0 } applied=true
[lighting-sequence] frame=460 action=Move { key: 1000, position: [1.715, 0.0, 1.1], yaw: 0.0 } applied=true
[lighting-sequence] frame=461 action=Move { key: 1000, position: [1.7155, 0.0, 1.1], yaw: 0.0 } applied=true
[lighting-sequence] frame=462 action=Move { key: 1000, position: [1.716, 0.0, 1.1], yaw: 0.0 } applied=true
[lighting-sequence] frame=463 action=Move { key: 1000, position: [1.7165, 0.0, 1.1], yaw: 0.0 } applied=true
[lighting-sequence] frame=464 action=Move { key: 1000, position: [1.717, 0.0, 1.1], yaw: 0.0 } applied=true
[lighting-sequence] frame=465 action=Move { key: 1000, position: [1.7175, 0.0, 1.1], yaw: 0.0 } applied=true
[lighting-sequence] frame=466 action=Move { key: 1000, position: [1.718, 0.0, 1.1], yaw: 0.0 } applied=true
[lighting-sequence] frame=467 action=Move { key: 1000, position: [1.7185, 0.0, 1.1], yaw: 0.0 } applied=true
[lighting-sequence] frame=468 action=Move { key: 1000, position: [1.719, 0.0, 1.1], yaw: 0.0 } applied=true
[lighting-sequence] frame=469 action=Move { key: 1000, position: [1.7195, 0.0, 1.1], yaw: 0.0 } applied=true
[lighting-sequence] frame=470 action=Move { key: 1000, position: [1.72, 0.0, 1.1], yaw: 0.0 } applied=true
[lighting-sequence] frame=471 action=Move { key: 1000, position: [1.7205, 0.0, 1.1], yaw: 0.0 } applied=true
[lighting-sequence] frame=472 action=Move { key: 1000, position: [1.721, 0.0, 1.1], yaw: 0.0 } applied=true
[lighting-sequence] frame=473 action=Move { key: 1000, position: [1.7215, 0.0, 1.1], yaw: 0.0 } applied=true
[lighting-sequence] frame=474 action=Move { key: 1000, position: [1.722, 0.0, 1.1], yaw: 0.0 } applied=true
[lighting-sequence] frame=475 action=Move { key: 1000, position: [1.7225, 0.0, 1.1], yaw: 0.0 } applied=true
[lighting-sequence] frame=476 action=Move { key: 1000, position: [1.723, 0.0, 1.1], yaw: 0.0 } applied=true
[lighting-sequence] frame=477 action=Move { key: 1000, position: [1.7235, 0.0, 1.1], yaw: 0.0 } applied=true
[lighting-sequence] frame=478 action=Move { key: 1000, position: [1.724, 0.0, 1.1], yaw: 0.0 } applied=true
[lighting-sequence] frame=479 action=Move { key: 1000, position: [1.7245, 0.0, 1.1], yaw: 0.0 } applied=true
[lighting-sequence] frame=480 action=Move { key: 1000, position: [1.725, 0.0, 1.1], yaw: 0.0 } applied=true
[lighting-sequence] frame=481 action=Move { key: 1000, position: [1.7255, 0.0, 1.1], yaw: 0.0 } applied=true
[lighting-sequence] frame=482 action=Move { key: 1000, position: [1.726, 0.0, 1.1], yaw: 0.0 } applied=true
[lighting-sequence] frame=483 action=Move { key: 1000, position: [1.7265, 0.0, 1.1], yaw: 0.0 } applied=true
[lighting-sequence] frame=484 action=Move { key: 1000, position: [1.727, 0.0, 1.1], yaw: 0.0 } applied=true
[lighting-sequence] frame=485 action=Move { key: 1000, position: [1.7275, 0.0, 1.1], yaw: 0.0 } applied=true
[lighting-sequence] frame=486 action=Move { key: 1000, position: [1.728, 0.0, 1.1], yaw: 0.0 } applied=true
[lighting-sequence] frame=487 action=Move { key: 1000, position: [1.7285, 0.0, 1.1], yaw: 0.0 } applied=true
[lighting-sequence] frame=488 action=Move { key: 1000, position: [1.729, 0.0, 1.1], yaw: 0.0 } applied=true
[lighting-sequence] frame=489 action=Move { key: 1000, position: [1.7295, 0.0, 1.1], yaw: 0.0 } applied=true
[lighting-sequence] frame=490 action=Move { key: 1000, position: [1.73, 0.0, 1.1], yaw: 0.0 } applied=true
[lighting-sequence] frame=491 action=Move { key: 1000, position: [1.7305, 0.0, 1.1], yaw: 0.0 } applied=true
[lighting-sequence] frame=492 action=Move { key: 1000, position: [1.731, 0.0, 1.1], yaw: 0.0 } applied=true
[lighting-sequence] frame=493 action=Move { key: 1000, position: [1.7315, 0.0, 1.1], yaw: 0.0 } applied=true
[lighting-sequence] frame=494 action=Move { key: 1000, position: [1.732, 0.0, 1.1], yaw: 0.0 } applied=true
[lighting-sequence] frame=495 action=Move { key: 1000, position: [1.7325, 0.0, 1.1], yaw: 0.0 } applied=true
[lighting-sequence] frame=496 action=Move { key: 1000, position: [1.733, 0.0, 1.1], yaw: 0.0 } applied=true
[lighting-sequence] frame=497 action=Move { key: 1000, position: [1.7335, 0.0, 1.1], yaw: 0.0 } applied=true
[lighting-sequence] frame=498 action=Move { key: 1000, position: [1.734, 0.0, 1.1], yaw: 0.0 } applied=true
[lighting-sequence] frame=499 action=Move { key: 1000, position: [1.7345, 0.0, 1.1], yaw: 0.0 } applied=true
[lighting-sequence] frame=500 action=Move { key: 1000, position: [1.735, 0.0, 1.1], yaw: 0.0 } applied=true
[lighting-sequence] frame=501 action=Move { key: 1000, position: [1.7355, 0.0, 1.1], yaw: 0.0 } applied=true
[lighting-sequence] frame=502 action=Move { key: 1000, position: [1.736, 0.0, 1.1], yaw: 0.0 } applied=true
[lighting-sequence] frame=503 action=Move { key: 1000, position: [1.7365, 0.0, 1.1], yaw: 0.0 } applied=true
[lighting-sequence] frame=504 action=Move { key: 1000, position: [1.737, 0.0, 1.1], yaw: 0.0 } applied=true
[lighting-sequence] frame=505 action=Move { key: 1000, position: [1.7375, 0.0, 1.1], yaw: 0.0 } applied=true
[lighting-sequence] frame=506 action=Move { key: 1000, position: [1.738, 0.0, 1.1], yaw: 0.0 } applied=true
[lighting-sequence] frame=507 action=Move { key: 1000, position: [1.7385, 0.0, 1.1], yaw: 0.0 } applied=true
[lighting-sequence] frame=508 action=Move { key: 1000, position: [1.739, 0.0, 1.1], yaw: 0.0 } applied=true
[lighting-sequence] frame=509 action=Move { key: 1000, position: [1.7395, 0.0, 1.1], yaw: 0.0 } applied=true
[lighting-sequence] frame=510 action=Move { key: 1000, position: [1.74, 0.0, 1.1], yaw: 0.0 } applied=true
[lighting-sequence] frame=511 action=Move { key: 1000, position: [1.7405, 0.0, 1.1], yaw: 0.0 } applied=true
[lighting-sequence] frame=512 action=Move { key: 1000, position: [1.741, 0.0, 1.1], yaw: 0.0 } applied=true
[lighting-sequence] frame=513 action=Move { key: 1000, position: [1.7415, 0.0, 1.1], yaw: 0.0 } applied=true
[lighting-sequence] frame=514 action=Move { key: 1000, position: [1.742, 0.0, 1.1], yaw: 0.0 } applied=true
[lighting-sequence] frame=515 action=Move { key: 1000, position: [1.7425, 0.0, 1.1], yaw: 0.0 } applied=true
[lighting-sequence] frame=516 action=Move { key: 1000, position: [1.743, 0.0, 1.1], yaw: 0.0 } applied=true
[lighting-sequence] frame=517 action=Move { key: 1000, position: [1.7435, 0.0, 1.1], yaw: 0.0 } applied=true
[lighting-sequence] frame=518 action=Move { key: 1000, position: [1.744, 0.0, 1.1], yaw: 0.0 } applied=true
[lighting-sequence] frame=519 action=Move { key: 1000, position: [1.7445, 0.0, 1.1], yaw: 0.0 } applied=true
[lighting-sequence] frame=520 action=Move { key: 1000, position: [1.745, 0.0, 1.1], yaw: 0.0 } applied=true
[lighting-sequence] frame=521 action=Move { key: 1000, position: [1.7455, 0.0, 1.1], yaw: 0.0 } applied=true
[lighting-sequence] frame=522 action=Move { key: 1000, position: [1.746, 0.0, 1.1], yaw: 0.0 } applied=true
[lighting-sequence] frame=523 action=Move { key: 1000, position: [1.7465, 0.0, 1.1], yaw: 0.0 } applied=true
[lighting-sequence] frame=524 action=Move { key: 1000, position: [1.747, 0.0, 1.1], yaw: 0.0 } applied=true
[lighting-sequence] frame=525 action=Move { key: 1000, position: [1.7475, 0.0, 1.1], yaw: 0.0 } applied=true
[lighting-sequence] frame=526 action=Move { key: 1000, position: [1.748, 0.0, 1.1], yaw: 0.0 } applied=true
[lighting-sequence] frame=527 action=Move { key: 1000, position: [1.7485, 0.0, 1.1], yaw: 0.0 } applied=true
[lighting-sequence] frame=528 action=Move { key: 1000, position: [1.749, 0.0, 1.1], yaw: 0.0 } applied=true
[lighting-sequence] frame=529 action=Move { key: 1000, position: [1.7495, 0.0, 1.1], yaw: 0.0 } applied=true
[lighting-sequence] frame=530 action=Move { key: 1000, position: [1.7, 0.0, 1.1], yaw: 0.0 } applied=true
[lighting-sequence] frame=531 action=Move { key: 1000, position: [1.7005, 0.0, 1.1], yaw: 0.0 } applied=true
[lighting-sequence] frame=532 action=Move { key: 1000, position: [1.701, 0.0, 1.1], yaw: 0.0 } applied=true
[lighting-sequence] frame=533 action=Move { key: 1000, position: [1.7015, 0.0, 1.1], yaw: 0.0 } applied=true
[lighting-sequence] frame=534 action=Move { key: 1000, position: [1.702, 0.0, 1.1], yaw: 0.0 } applied=true
[lighting-sequence] frame=535 action=Move { key: 1000, position: [1.7025, 0.0, 1.1], yaw: 0.0 } applied=true
[lighting-sequence] frame=536 action=Move { key: 1000, position: [1.703, 0.0, 1.1], yaw: 0.0 } applied=true
[lighting-sequence] frame=537 action=Move { key: 1000, position: [1.7035, 0.0, 1.1], yaw: 0.0 } applied=true
[lighting-sequence] frame=538 action=Move { key: 1000, position: [1.704, 0.0, 1.1], yaw: 0.0 } applied=true
[lighting-sequence] frame=539 action=Move { key: 1000, position: [1.7045, 0.0, 1.1], yaw: 0.0 } applied=true
[lighting-sequence] frame=540 action=Move { key: 1000, position: [1.705, 0.0, 1.1], yaw: 0.0 } applied=true
[lighting-sequence] frame=541 action=Move { key: 1000, position: [1.7055, 0.0, 1.1], yaw: 0.0 } applied=true
[lighting-sequence] frame=542 action=Move { key: 1000, position: [1.706, 0.0, 1.1], yaw: 0.0 } applied=true
[lighting-sequence] frame=543 action=Move { key: 1000, position: [1.7065, 0.0, 1.1], yaw: 0.0 } applied=true
[lighting-sequence] frame=544 action=Move { key: 1000, position: [1.707, 0.0, 1.1], yaw: 0.0 } applied=true
[lighting-sequence] frame=545 action=Move { key: 1000, position: [1.7075, 0.0, 1.1], yaw: 0.0 } applied=true
[lighting-sequence] frame=546 action=Move { key: 1000, position: [1.708, 0.0, 1.1], yaw: 0.0 } applied=true
[lighting-sequence] frame=547 action=Move { key: 1000, position: [1.7085, 0.0, 1.1], yaw: 0.0 } applied=true
[lighting-sequence] frame=548 action=Move { key: 1000, position: [1.709, 0.0, 1.1], yaw: 0.0 } applied=true
[lighting-sequence] frame=549 action=Move { key: 1000, position: [1.7095, 0.0, 1.1], yaw: 0.0 } applied=true
[lighting-sequence] frame=550 action=Move { key: 1000, position: [1.71, 0.0, 1.1], yaw: 0.0 } applied=true
[lighting-sequence] frame=551 action=Move { key: 1000, position: [1.7105, 0.0, 1.1], yaw: 0.0 } applied=true
[lighting-sequence] frame=552 action=Move { key: 1000, position: [1.711, 0.0, 1.1], yaw: 0.0 } applied=true
[lighting-sequence] frame=553 action=Move { key: 1000, position: [1.7115, 0.0, 1.1], yaw: 0.0 } applied=true
[lighting-sequence] frame=554 action=Move { key: 1000, position: [1.712, 0.0, 1.1], yaw: 0.0 } applied=true
[lighting-sequence] frame=555 action=Move { key: 1000, position: [1.7125, 0.0, 1.1], yaw: 0.0 } applied=true
[lighting-sequence] frame=556 action=Move { key: 1000, position: [1.713, 0.0, 1.1], yaw: 0.0 } applied=true
[lighting-sequence] frame=557 action=Move { key: 1000, position: [1.7135, 0.0, 1.1], yaw: 0.0 } applied=true
[lighting-sequence] frame=558 action=Move { key: 1000, position: [1.714, 0.0, 1.1], yaw: 0.0 } applied=true
[lighting-sequence] frame=559 action=Move { key: 1000, position: [1.7145, 0.0, 1.1], yaw: 0.0 } applied=true
[lighting-sequence] frame=560 action=Move { key: 1000, position: [1.715, 0.0, 1.1], yaw: 0.0 } applied=true
[lighting-sequence] frame=561 action=Move { key: 1000, position: [1.7155, 0.0, 1.1], yaw: 0.0 } applied=true
[lighting-sequence] frame=562 action=Move { key: 1000, position: [1.716, 0.0, 1.1], yaw: 0.0 } applied=true
[lighting-sequence] frame=563 action=Move { key: 1000, position: [1.7165, 0.0, 1.1], yaw: 0.0 } applied=true
[lighting-sequence] frame=564 action=Move { key: 1000, position: [1.717, 0.0, 1.1], yaw: 0.0 } applied=true
[lighting-sequence] frame=565 action=Move { key: 1000, position: [1.7175, 0.0, 1.1], yaw: 0.0 } applied=true
[lighting-sequence] frame=566 action=Move { key: 1000, position: [1.718, 0.0, 1.1], yaw: 0.0 } applied=true
[lighting-sequence] frame=567 action=Move { key: 1000, position: [1.7185, 0.0, 1.1], yaw: 0.0 } applied=true
[lighting-sequence] frame=568 action=Move { key: 1000, position: [1.719, 0.0, 1.1], yaw: 0.0 } applied=true
[lighting-sequence] frame=569 action=Move { key: 1000, position: [1.7195, 0.0, 1.1], yaw: 0.0 } applied=true
[lighting-sequence] frame=570 action=Move { key: 1000, position: [1.72, 0.0, 1.1], yaw: 0.0 } applied=true
[lighting-sequence] frame=571 action=Move { key: 1000, position: [1.7205, 0.0, 1.1], yaw: 0.0 } applied=true
[lighting-sequence] frame=572 action=Move { key: 1000, position: [1.721, 0.0, 1.1], yaw: 0.0 } applied=true
[lighting-sequence] frame=573 action=Move { key: 1000, position: [1.7215, 0.0, 1.1], yaw: 0.0 } applied=true
[lighting-sequence] frame=574 action=Move { key: 1000, position: [1.722, 0.0, 1.1], yaw: 0.0 } applied=true
[lighting-sequence] frame=575 action=Move { key: 1000, position: [1.7225, 0.0, 1.1], yaw: 0.0 } applied=true
[lighting-sequence] frame=576 action=Move { key: 1000, position: [1.723, 0.0, 1.1], yaw: 0.0 } applied=true
[lighting-sequence] frame=577 action=Move { key: 1000, position: [1.7235, 0.0, 1.1], yaw: 0.0 } applied=true
[lighting-sequence] frame=578 action=Move { key: 1000, position: [1.724, 0.0, 1.1], yaw: 0.0 } applied=true
[lighting-sequence] frame=579 action=Move { key: 1000, position: [1.7245, 0.0, 1.1], yaw: 0.0 } applied=true
[lighting-sequence] frame=580 action=Move { key: 1000, position: [1.725, 0.0, 1.1], yaw: 0.0 } applied=true
[lighting-sequence] frame=581 action=Move { key: 1000, position: [1.7255, 0.0, 1.1], yaw: 0.0 } applied=true
[lighting-sequence] frame=582 action=Move { key: 1000, position: [1.726, 0.0, 1.1], yaw: 0.0 } applied=true
[lighting-sequence] frame=583 action=Move { key: 1000, position: [1.7265, 0.0, 1.1], yaw: 0.0 } applied=true
[lighting-sequence] frame=584 action=Move { key: 1000, position: [1.727, 0.0, 1.1], yaw: 0.0 } applied=true
[lighting-sequence] frame=585 action=Move { key: 1000, position: [1.7275, 0.0, 1.1], yaw: 0.0 } applied=true
[lighting-sequence] frame=586 action=Move { key: 1000, position: [1.728, 0.0, 1.1], yaw: 0.0 } applied=true
[lighting-sequence] frame=587 action=Move { key: 1000, position: [1.7285, 0.0, 1.1], yaw: 0.0 } applied=true
[lighting-sequence] frame=588 action=Move { key: 1000, position: [1.729, 0.0, 1.1], yaw: 0.0 } applied=true
[lighting-sequence] frame=589 action=Move { key: 1000, position: [1.7295, 0.0, 1.1], yaw: 0.0 } applied=true
[lighting-sequence] frame=590 action=Move { key: 1000, position: [1.73, 0.0, 1.1], yaw: 0.0 } applied=true
[lighting-sequence] frame=591 action=Move { key: 1000, position: [1.7305, 0.0, 1.1], yaw: 0.0 } applied=true
[lighting-sequence] frame=592 action=Move { key: 1000, position: [1.731, 0.0, 1.1], yaw: 0.0 } applied=true
[lighting-sequence] frame=593 action=Move { key: 1000, position: [1.7315, 0.0, 1.1], yaw: 0.0 } applied=true
[lighting-sequence] frame=594 action=Move { key: 1000, position: [1.732, 0.0, 1.1], yaw: 0.0 } applied=true
[lighting-sequence] frame=595 action=Move { key: 1000, position: [1.7325, 0.0, 1.1], yaw: 0.0 } applied=true
[lighting-sequence] frame=596 action=Move { key: 1000, position: [1.733, 0.0, 1.1], yaw: 0.0 } applied=true
[lighting-sequence] frame=597 action=Move { key: 1000, position: [1.7335, 0.0, 1.1], yaw: 0.0 } applied=true
[lighting-sequence] frame=598 action=Move { key: 1000, position: [1.734, 0.0, 1.1], yaw: 0.0 } applied=true
[lighting-sequence] frame=599 action=Move { key: 1000, position: [1.7345, 0.0, 1.1], yaw: 0.0 } applied=true
[lighting-sequence] frame=600 action=Move { key: 1000, position: [1.735, 0.0, 1.1], yaw: 0.0 } applied=true
[lighting-sequence] frame=601 action=Move { key: 1000, position: [1.7355, 0.0, 1.1], yaw: 0.0 } applied=true
[lighting-sequence] frame=602 action=Move { key: 1000, position: [1.736, 0.0, 1.1], yaw: 0.0 } applied=true
[lighting-sequence] frame=603 action=Move { key: 1000, position: [1.7365, 0.0, 1.1], yaw: 0.0 } applied=true
[lighting-sequence] frame=604 action=Move { key: 1000, position: [1.737, 0.0, 1.1], yaw: 0.0 } applied=true
[lighting-sequence] frame=605 action=Move { key: 1000, position: [1.7375, 0.0, 1.1], yaw: 0.0 } applied=true
[lighting-sequence] frame=606 action=Move { key: 1000, position: [1.738, 0.0, 1.1], yaw: 0.0 } applied=true
[lighting-sequence] frame=607 action=Move { key: 1000, position: [1.7385, 0.0, 1.1], yaw: 0.0 } applied=true
[lighting-sequence] frame=608 action=Move { key: 1000, position: [1.739, 0.0, 1.1], yaw: 0.0 } applied=true
[lighting-sequence] frame=609 action=Move { key: 1000, position: [1.7395, 0.0, 1.1], yaw: 0.0 } applied=true
[lighting-sequence] frame=610 action=Move { key: 1000, position: [1.74, 0.0, 1.1], yaw: 0.0 } applied=true
[lighting-sequence] frame=611 action=Move { key: 1000, position: [1.7405, 0.0, 1.1], yaw: 0.0 } applied=true
[lighting-sequence] frame=612 action=Move { key: 1000, position: [1.741, 0.0, 1.1], yaw: 0.0 } applied=true
[lighting-sequence] frame=613 action=Move { key: 1000, position: [1.7415, 0.0, 1.1], yaw: 0.0 } applied=true
[lighting-sequence] frame=614 action=Move { key: 1000, position: [1.742, 0.0, 1.1], yaw: 0.0 } applied=true
[lighting-sequence] frame=615 action=Move { key: 1000, position: [1.7425, 0.0, 1.1], yaw: 0.0 } applied=true
[lighting-sequence] frame=616 action=Move { key: 1000, position: [1.743, 0.0, 1.1], yaw: 0.0 } applied=true
[lighting-sequence] frame=617 action=Move { key: 1000, position: [1.7435, 0.0, 1.1], yaw: 0.0 } applied=true
[lighting-sequence] frame=618 action=Move { key: 1000, position: [1.744, 0.0, 1.1], yaw: 0.0 } applied=true
[lighting-sequence] frame=619 action=Move { key: 1000, position: [1.7445, 0.0, 1.1], yaw: 0.0 } applied=true
[lighting-sequence] frame=620 action=Move { key: 1000, position: [1.745, 0.0, 1.1], yaw: 0.0 } applied=true
[lighting-sequence] frame=621 action=Move { key: 1000, position: [1.7455, 0.0, 1.1], yaw: 0.0 } applied=true
[lighting-sequence] frame=622 action=Move { key: 1000, position: [1.746, 0.0, 1.1], yaw: 0.0 } applied=true
[lighting-sequence] frame=623 action=Move { key: 1000, position: [1.7465, 0.0, 1.1], yaw: 0.0 } applied=true
[lighting-sequence] frame=624 action=Move { key: 1000, position: [1.747, 0.0, 1.1], yaw: 0.0 } applied=true
[lighting-sequence] frame=625 action=Move { key: 1000, position: [1.7475, 0.0, 1.1], yaw: 0.0 } applied=true
[lighting-sequence] frame=626 action=Move { key: 1000, position: [1.748, 0.0, 1.1], yaw: 0.0 } applied=true
[lighting-sequence] frame=627 action=Move { key: 1000, position: [1.7485, 0.0, 1.1], yaw: 0.0 } applied=true
[lighting-sequence] frame=628 action=Move { key: 1000, position: [1.749, 0.0, 1.1], yaw: 0.0 } applied=true
[lighting-sequence] frame=629 action=Move { key: 1000, position: [1.7495, 0.0, 1.1], yaw: 0.0 } applied=true
[lighting-sequence] frame=630 action=Move { key: 1000, position: [1.7, 0.0, 1.1], yaw: 0.0 } applied=true
[lighting-sequence] frame=631 action=Move { key: 1000, position: [1.7005, 0.0, 1.1], yaw: 0.0 } applied=true
[lighting-sequence] frame=632 action=Move { key: 1000, position: [1.701, 0.0, 1.1], yaw: 0.0 } applied=true
[lighting-sequence] frame=633 action=Move { key: 1000, position: [1.7015, 0.0, 1.1], yaw: 0.0 } applied=true
[lighting-sequence] frame=634 action=Move { key: 1000, position: [1.702, 0.0, 1.1], yaw: 0.0 } applied=true
[lighting-sequence] frame=635 action=Move { key: 1000, position: [1.7025, 0.0, 1.1], yaw: 0.0 } applied=true
[lighting-sequence] frame=636 action=Move { key: 1000, position: [1.703, 0.0, 1.1], yaw: 0.0 } applied=true
[lighting-sequence] frame=637 action=Move { key: 1000, position: [1.7035, 0.0, 1.1], yaw: 0.0 } applied=true
[lighting-sequence] frame=638 action=Move { key: 1000, position: [1.704, 0.0, 1.1], yaw: 0.0 } applied=true
[lighting-sequence] frame=639 action=Move { key: 1000, position: [1.7045, 0.0, 1.1], yaw: 0.0 } applied=true
[lighting-sequence] frame=640 action=Move { key: 1000, position: [1.705, 0.0, 1.1], yaw: 0.0 } applied=true
[lighting-sequence] frame=641 action=Move { key: 1000, position: [1.7055, 0.0, 1.1], yaw: 0.0 } applied=true
[lighting-sequence] frame=642 action=Move { key: 1000, position: [1.706, 0.0, 1.1], yaw: 0.0 } applied=true
[lighting-sequence] frame=643 action=Move { key: 1000, position: [1.7065, 0.0, 1.1], yaw: 0.0 } applied=true
[lighting-sequence] frame=644 action=Move { key: 1000, position: [1.707, 0.0, 1.1], yaw: 0.0 } applied=true
[lighting-sequence] frame=645 action=Move { key: 1000, position: [1.7075, 0.0, 1.1], yaw: 0.0 } applied=true
[lighting-sequence] frame=646 action=Move { key: 1000, position: [1.708, 0.0, 1.1], yaw: 0.0 } applied=true
[lighting-sequence] frame=647 action=Move { key: 1000, position: [1.7085, 0.0, 1.1], yaw: 0.0 } applied=true
[lighting-sequence] frame=648 action=Move { key: 1000, position: [1.709, 0.0, 1.1], yaw: 0.0 } applied=true
[lighting-sequence] frame=649 action=Move { key: 1000, position: [1.7095, 0.0, 1.1], yaw: 0.0 } applied=true
[lighting-sequence] frame=650 action=Move { key: 1000, position: [1.71, 0.0, 1.1], yaw: 0.0 } applied=true
[lighting-sequence] frame=651 action=Move { key: 1000, position: [1.7105, 0.0, 1.1], yaw: 0.0 } applied=true
[lighting-sequence] frame=652 action=Move { key: 1000, position: [1.711, 0.0, 1.1], yaw: 0.0 } applied=true
[lighting-sequence] frame=653 action=Move { key: 1000, position: [1.7115, 0.0, 1.1], yaw: 0.0 } applied=true
[lighting-sequence] frame=654 action=Move { key: 1000, position: [1.712, 0.0, 1.1], yaw: 0.0 } applied=true
[lighting-sequence] frame=655 action=Move { key: 1000, position: [1.7125, 0.0, 1.1], yaw: 0.0 } applied=true
[lighting-sequence] frame=656 action=Move { key: 1000, position: [1.713, 0.0, 1.1], yaw: 0.0 } applied=true
[lighting-sequence] frame=657 action=Move { key: 1000, position: [1.7135, 0.0, 1.1], yaw: 0.0 } applied=true
[lighting-sequence] frame=658 action=Move { key: 1000, position: [1.714, 0.0, 1.1], yaw: 0.0 } applied=true
[lighting-sequence] frame=659 action=Move { key: 1000, position: [1.7145, 0.0, 1.1], yaw: 0.0 } applied=true
[lighting-sequence] frame=660 action=Move { key: 1000, position: [1.715, 0.0, 1.1], yaw: 0.0 } applied=true
[lighting-sequence] frame=661 action=Move { key: 1000, position: [1.7155, 0.0, 1.1], yaw: 0.0 } applied=true
[lighting-sequence] frame=662 action=Move { key: 1000, position: [1.716, 0.0, 1.1], yaw: 0.0 } applied=true
[lighting-sequence] frame=663 action=Move { key: 1000, position: [1.7165, 0.0, 1.1], yaw: 0.0 } applied=true
[lighting-sequence] frame=664 action=Move { key: 1000, position: [1.717, 0.0, 1.1], yaw: 0.0 } applied=true
[lighting-sequence] frame=665 action=Move { key: 1000, position: [1.7175, 0.0, 1.1], yaw: 0.0 } applied=true
[lighting-sequence] frame=666 action=Move { key: 1000, position: [1.718, 0.0, 1.1], yaw: 0.0 } applied=true
[lighting-sequence] frame=667 action=Move { key: 1000, position: [1.7185, 0.0, 1.1], yaw: 0.0 } applied=true
[lighting-sequence] frame=668 action=Move { key: 1000, position: [1.719, 0.0, 1.1], yaw: 0.0 } applied=true
[lighting-sequence] frame=669 action=Move { key: 1000, position: [1.7195, 0.0, 1.1], yaw: 0.0 } applied=true
[lighting-sequence] frame=670 action=Move { key: 1000, position: [1.72, 0.0, 1.1], yaw: 0.0 } applied=true
[lighting-sequence] frame=671 action=Move { key: 1000, position: [1.7205, 0.0, 1.1], yaw: 0.0 } applied=true
[lighting-sequence] frame=672 action=Move { key: 1000, position: [1.721, 0.0, 1.1], yaw: 0.0 } applied=true
[lighting-sequence] frame=673 action=Move { key: 1000, position: [1.7215, 0.0, 1.1], yaw: 0.0 } applied=true
[lighting-sequence] frame=674 action=Move { key: 1000, position: [1.722, 0.0, 1.1], yaw: 0.0 } applied=true
[lighting-sequence] frame=675 action=Move { key: 1000, position: [1.7225, 0.0, 1.1], yaw: 0.0 } applied=true
[lighting-sequence] frame=676 action=Move { key: 1000, position: [1.723, 0.0, 1.1], yaw: 0.0 } applied=true
[lighting-sequence] frame=677 action=Move { key: 1000, position: [1.7235, 0.0, 1.1], yaw: 0.0 } applied=true
[lighting-sequence] frame=678 action=Move { key: 1000, position: [1.724, 0.0, 1.1], yaw: 0.0 } applied=true
[lighting-sequence] frame=679 action=Move { key: 1000, position: [1.7245, 0.0, 1.1], yaw: 0.0 } applied=true
[lighting-sequence] frame=680 action=Move { key: 1000, position: [1.725, 0.0, 1.1], yaw: 0.0 } applied=true
[lighting-sequence] frame=681 action=Move { key: 1000, position: [1.7255, 0.0, 1.1], yaw: 0.0 } applied=true
[lighting-sequence] frame=682 action=Move { key: 1000, position: [1.726, 0.0, 1.1], yaw: 0.0 } applied=true
[lighting-sequence] frame=683 action=Move { key: 1000, position: [1.7265, 0.0, 1.1], yaw: 0.0 } applied=true
[lighting-sequence] frame=684 action=Move { key: 1000, position: [1.727, 0.0, 1.1], yaw: 0.0 } applied=true
[lighting-sequence] frame=685 action=Move { key: 1000, position: [1.7275, 0.0, 1.1], yaw: 0.0 } applied=true
[lighting-sequence] frame=686 action=Move { key: 1000, position: [1.728, 0.0, 1.1], yaw: 0.0 } applied=true
[lighting-sequence] frame=687 action=Move { key: 1000, position: [1.7285, 0.0, 1.1], yaw: 0.0 } applied=true
[lighting-sequence] frame=688 action=Move { key: 1000, position: [1.729, 0.0, 1.1], yaw: 0.0 } applied=true
[lighting-sequence] frame=689 action=Move { key: 1000, position: [1.7295, 0.0, 1.1], yaw: 0.0 } applied=true
[lighting-sequence] frame=690 action=Move { key: 1000, position: [1.73, 0.0, 1.1], yaw: 0.0 } applied=true
[lighting-sequence] frame=691 action=Move { key: 1000, position: [1.7305, 0.0, 1.1], yaw: 0.0 } applied=true
[lighting-sequence] frame=692 action=Move { key: 1000, position: [1.731, 0.0, 1.1], yaw: 0.0 } applied=true
[lighting-sequence] frame=693 action=Move { key: 1000, position: [1.7315, 0.0, 1.1], yaw: 0.0 } applied=true
[lighting-sequence] frame=694 action=Move { key: 1000, position: [1.732, 0.0, 1.1], yaw: 0.0 } applied=true
[lighting-sequence] frame=695 action=Move { key: 1000, position: [1.7325, 0.0, 1.1], yaw: 0.0 } applied=true
[lighting-sequence] frame=696 action=Move { key: 1000, position: [1.733, 0.0, 1.1], yaw: 0.0 } applied=true
[lighting-sequence] frame=697 action=Move { key: 1000, position: [1.7335, 0.0, 1.1], yaw: 0.0 } applied=true
[lighting-sequence] frame=698 action=Move { key: 1000, position: [1.734, 0.0, 1.1], yaw: 0.0 } applied=true
[lighting-sequence] frame=699 action=Move { key: 1000, position: [1.7345, 0.0, 1.1], yaw: 0.0 } applied=true
[lighting-sequence] frame=700 action=Move { key: 1000, position: [1.735, 0.0, 1.1], yaw: 0.0 } applied=true
[lighting-sequence] frame=701 action=Move { key: 1000, position: [1.7355, 0.0, 1.1], yaw: 0.0 } applied=true
[lighting-sequence] frame=702 action=Move { key: 1000, position: [1.736, 0.0, 1.1], yaw: 0.0 } applied=true
[lighting-sequence] frame=703 action=Move { key: 1000, position: [1.7365, 0.0, 1.1], yaw: 0.0 } applied=true
[lighting-sequence] frame=704 action=Move { key: 1000, position: [1.737, 0.0, 1.1], yaw: 0.0 } applied=true
[lighting-sequence] frame=705 action=Move { key: 1000, position: [1.7375, 0.0, 1.1], yaw: 0.0 } applied=true
[lighting-sequence] frame=706 action=Move { key: 1000, position: [1.738, 0.0, 1.1], yaw: 0.0 } applied=true
[lighting-sequence] frame=707 action=Move { key: 1000, position: [1.7385, 0.0, 1.1], yaw: 0.0 } applied=true
[lighting-sequence] frame=708 action=Move { key: 1000, position: [1.739, 0.0, 1.1], yaw: 0.0 } applied=true
[lighting-sequence] frame=709 action=Move { key: 1000, position: [1.7395, 0.0, 1.1], yaw: 0.0 } applied=true
[lighting-sequence] frame=710 action=Move { key: 1000, position: [1.74, 0.0, 1.1], yaw: 0.0 } applied=true
[lighting-sequence] frame=711 action=Move { key: 1000, position: [1.7405, 0.0, 1.1], yaw: 0.0 } applied=true
[lighting-sequence] frame=712 action=Move { key: 1000, position: [1.741, 0.0, 1.1], yaw: 0.0 } applied=true
[lighting-sequence] frame=713 action=Move { key: 1000, position: [1.7415, 0.0, 1.1], yaw: 0.0 } applied=true
[lighting-sequence] frame=714 action=Move { key: 1000, position: [1.742, 0.0, 1.1], yaw: 0.0 } applied=true
[lighting-sequence] frame=715 action=Move { key: 1000, position: [1.7425, 0.0, 1.1], yaw: 0.0 } applied=true
[lighting-sequence] frame=716 action=Move { key: 1000, position: [1.743, 0.0, 1.1], yaw: 0.0 } applied=true
[lighting-sequence] frame=717 action=Move { key: 1000, position: [1.7435, 0.0, 1.1], yaw: 0.0 } applied=true
[lighting-sequence] frame=718 action=Move { key: 1000, position: [1.744, 0.0, 1.1], yaw: 0.0 } applied=true
[lighting-sequence] frame=719 action=Move { key: 1000, position: [1.7445, 0.0, 1.1], yaw: 0.0 } applied=true
[lighting-sequence] frame=720 action=Move { key: 1000, position: [1.745, 0.0, 1.1], yaw: 0.0 } applied=true
[lighting-sequence] frame=721 action=Move { key: 1000, position: [1.7455, 0.0, 1.1], yaw: 0.0 } applied=true
[lighting-sequence] frame=722 action=Move { key: 1000, position: [1.746, 0.0, 1.1], yaw: 0.0 } applied=true
[lighting-sequence] frame=723 action=Move { key: 1000, position: [1.7465, 0.0, 1.1], yaw: 0.0 } applied=true
[lighting-sequence] frame=724 action=Move { key: 1000, position: [1.747, 0.0, 1.1], yaw: 0.0 } applied=true
[lighting-sequence] frame=725 action=Move { key: 1000, position: [1.7475, 0.0, 1.1], yaw: 0.0 } applied=true
[lighting-sequence] frame=726 action=Move { key: 1000, position: [1.748, 0.0, 1.1], yaw: 0.0 } applied=true
[lighting-sequence] frame=727 action=Move { key: 1000, position: [1.7485, 0.0, 1.1], yaw: 0.0 } applied=true
[lighting-sequence] frame=728 action=Move { key: 1000, position: [1.749, 0.0, 1.1], yaw: 0.0 } applied=true
[lighting-sequence] frame=729 action=Move { key: 1000, position: [1.7495, 0.0, 1.1], yaw: 0.0 } applied=true
[lighting-sequence] frame=730 action=Move { key: 1000, position: [1.7, 0.0, 1.1], yaw: 0.0 } applied=true
[lighting-sequence] frame=731 action=Move { key: 1000, position: [1.7005, 0.0, 1.1], yaw: 0.0 } applied=true
[lighting-sequence] frame=732 action=Move { key: 1000, position: [1.701, 0.0, 1.1], yaw: 0.0 } applied=true
[lighting-sequence] frame=733 action=Move { key: 1000, position: [1.7015, 0.0, 1.1], yaw: 0.0 } applied=true
[lighting-sequence] frame=734 action=Move { key: 1000, position: [1.702, 0.0, 1.1], yaw: 0.0 } applied=true
[lighting-sequence] frame=735 action=Move { key: 1000, position: [1.7025, 0.0, 1.1], yaw: 0.0 } applied=true
[lighting-sequence] frame=736 action=Move { key: 1000, position: [1.703, 0.0, 1.1], yaw: 0.0 } applied=true
[lighting-sequence] frame=737 action=Move { key: 1000, position: [1.7035, 0.0, 1.1], yaw: 0.0 } applied=true
[lighting-sequence] frame=738 action=Move { key: 1000, position: [1.704, 0.0, 1.1], yaw: 0.0 } applied=true
[lighting-sequence] frame=739 action=Move { key: 1000, position: [1.7045, 0.0, 1.1], yaw: 0.0 } applied=true
[lighting-sequence] frame=740 action=Move { key: 1000, position: [1.705, 0.0, 1.1], yaw: 0.0 } applied=true
[lighting-sequence] frame=741 action=Move { key: 1000, position: [1.7055, 0.0, 1.1], yaw: 0.0 } applied=true
[lighting-sequence] frame=742 action=Move { key: 1000, position: [1.706, 0.0, 1.1], yaw: 0.0 } applied=true
[lighting-sequence] frame=743 action=Move { key: 1000, position: [1.7065, 0.0, 1.1], yaw: 0.0 } applied=true
[lighting-sequence] frame=744 action=Move { key: 1000, position: [1.707, 0.0, 1.1], yaw: 0.0 } applied=true
[lighting-sequence] frame=745 action=Move { key: 1000, position: [1.7075, 0.0, 1.1], yaw: 0.0 } applied=true
[lighting-sequence] frame=746 action=Move { key: 1000, position: [1.708, 0.0, 1.1], yaw: 0.0 } applied=true
[lighting-sequence] frame=747 action=Move { key: 1000, position: [1.7085, 0.0, 1.1], yaw: 0.0 } applied=true
[lighting-sequence] frame=748 action=Move { key: 1000, position: [1.709, 0.0, 1.1], yaw: 0.0 } applied=true
[lighting-sequence] frame=749 action=Move { key: 1000, position: [1.7095, 0.0, 1.1], yaw: 0.0 } applied=true
[lighting-sequence] frame=750 action=Move { key: 1000, position: [1.71, 0.0, 1.1], yaw: 0.0 } applied=true
[lighting-sequence] frame=751 action=Move { key: 1000, position: [1.7105, 0.0, 1.1], yaw: 0.0 } applied=true
[lighting-sequence] frame=752 action=Move { key: 1000, position: [1.711, 0.0, 1.1], yaw: 0.0 } applied=true
[lighting-sequence] frame=753 action=Move { key: 1000, position: [1.7115, 0.0, 1.1], yaw: 0.0 } applied=true
[lighting-sequence] frame=754 action=Move { key: 1000, position: [1.712, 0.0, 1.1], yaw: 0.0 } applied=true
[lighting-sequence] frame=755 action=Move { key: 1000, position: [1.7125, 0.0, 1.1], yaw: 0.0 } applied=true
[lighting-sequence] frame=756 action=Move { key: 1000, position: [1.713, 0.0, 1.1], yaw: 0.0 } applied=true
[lighting-sequence] frame=757 action=Move { key: 1000, position: [1.7135, 0.0, 1.1], yaw: 0.0 } applied=true
[lighting-sequence] frame=758 action=Move { key: 1000, position: [1.714, 0.0, 1.1], yaw: 0.0 } applied=true
[lighting-sequence] frame=759 action=Move { key: 1000, position: [1.7145, 0.0, 1.1], yaw: 0.0 } applied=true
[lighting-sequence] frame=760 action=Move { key: 1000, position: [1.715, 0.0, 1.1], yaw: 0.0 } applied=true
[lighting-sequence] frame=761 action=Move { key: 1000, position: [1.7155, 0.0, 1.1], yaw: 0.0 } applied=true
[lighting-sequence] frame=762 action=Move { key: 1000, position: [1.716, 0.0, 1.1], yaw: 0.0 } applied=true
[lighting-sequence] frame=763 action=Move { key: 1000, position: [1.7165, 0.0, 1.1], yaw: 0.0 } applied=true
[lighting-sequence] frame=764 action=Move { key: 1000, position: [1.717, 0.0, 1.1], yaw: 0.0 } applied=true
[lighting-sequence] frame=765 action=Move { key: 1000, position: [1.7175, 0.0, 1.1], yaw: 0.0 } applied=true
[lighting-sequence] frame=766 action=Move { key: 1000, position: [1.718, 0.0, 1.1], yaw: 0.0 } applied=true
[lighting-sequence] frame=767 action=Move { key: 1000, position: [1.7185, 0.0, 1.1], yaw: 0.0 } applied=true
[lighting-sequence] frame=768 action=Move { key: 1000, position: [1.719, 0.0, 1.1], yaw: 0.0 } applied=true
[lighting-sequence] frame=769 action=Move { key: 1000, position: [1.7195, 0.0, 1.1], yaw: 0.0 } applied=true
[lighting-sequence] frame=770 action=Move { key: 1000, position: [1.72, 0.0, 1.1], yaw: 0.0 } applied=true
[lighting-sequence] frame=771 action=Move { key: 1000, position: [1.7205, 0.0, 1.1], yaw: 0.0 } applied=true
[lighting-sequence] frame=772 action=Move { key: 1000, position: [1.721, 0.0, 1.1], yaw: 0.0 } applied=true
[lighting-sequence] frame=773 action=Move { key: 1000, position: [1.7215, 0.0, 1.1], yaw: 0.0 } applied=true
[lighting-sequence] frame=774 action=Move { key: 1000, position: [1.722, 0.0, 1.1], yaw: 0.0 } applied=true
[lighting-sequence] frame=775 action=Move { key: 1000, position: [1.7225, 0.0, 1.1], yaw: 0.0 } applied=true
[lighting-sequence] frame=776 action=Move { key: 1000, position: [1.723, 0.0, 1.1], yaw: 0.0 } applied=true
[lighting-sequence] frame=777 action=Move { key: 1000, position: [1.7235, 0.0, 1.1], yaw: 0.0 } applied=true
[lighting-sequence] frame=778 action=Move { key: 1000, position: [1.724, 0.0, 1.1], yaw: 0.0 } applied=true
[lighting-sequence] frame=779 action=Move { key: 1000, position: [1.7245, 0.0, 1.1], yaw: 0.0 } applied=true
[lighting-sequence] frame=780 action=Move { key: 1000, position: [1.725, 0.0, 1.1], yaw: 0.0 } applied=true
[lighting-sequence] frame=781 action=Move { key: 1000, position: [1.7255, 0.0, 1.1], yaw: 0.0 } applied=true
[lighting-sequence] frame=782 action=Move { key: 1000, position: [1.726, 0.0, 1.1], yaw: 0.0 } applied=true
[lighting-sequence] frame=783 action=Move { key: 1000, position: [1.7265, 0.0, 1.1], yaw: 0.0 } applied=true
[lighting-sequence] frame=784 action=Move { key: 1000, position: [1.727, 0.0, 1.1], yaw: 0.0 } applied=true
[lighting-sequence] frame=785 action=Move { key: 1000, position: [1.7275, 0.0, 1.1], yaw: 0.0 } applied=true
[lighting-sequence] frame=786 action=Move { key: 1000, position: [1.728, 0.0, 1.1], yaw: 0.0 } applied=true
[lighting-sequence] frame=787 action=Move { key: 1000, position: [1.7285, 0.0, 1.1], yaw: 0.0 } applied=true
[lighting-sequence] frame=788 action=Move { key: 1000, position: [1.729, 0.0, 1.1], yaw: 0.0 } applied=true
[lighting-sequence] frame=789 action=Move { key: 1000, position: [1.7295, 0.0, 1.1], yaw: 0.0 } applied=true
[lighting-sequence] frame=790 action=Move { key: 1000, position: [1.73, 0.0, 1.1], yaw: 0.0 } applied=true
[lighting-sequence] frame=791 action=Move { key: 1000, position: [1.7305, 0.0, 1.1], yaw: 0.0 } applied=true
[lighting-sequence] frame=792 action=Move { key: 1000, position: [1.731, 0.0, 1.1], yaw: 0.0 } applied=true
[lighting-sequence] frame=793 action=Move { key: 1000, position: [1.7315, 0.0, 1.1], yaw: 0.0 } applied=true
[lighting-sequence] frame=794 action=Move { key: 1000, position: [1.732, 0.0, 1.1], yaw: 0.0 } applied=true
[lighting-sequence] frame=795 action=Move { key: 1000, position: [1.7325, 0.0, 1.1], yaw: 0.0 } applied=true
[lighting-sequence] frame=796 action=Move { key: 1000, position: [1.733, 0.0, 1.1], yaw: 0.0 } applied=true
[lighting-sequence] frame=797 action=Move { key: 1000, position: [1.7335, 0.0, 1.1], yaw: 0.0 } applied=true
[lighting-sequence] frame=798 action=Move { key: 1000, position: [1.734, 0.0, 1.1], yaw: 0.0 } applied=true
[lighting-sequence] frame=799 action=Move { key: 1000, position: [1.7345, 0.0, 1.1], yaw: 0.0 } applied=true
[lighting-sequence] frame=800 action=Move { key: 1000, position: [1.735, 0.0, 1.1], yaw: 0.0 } applied=true
[lighting-sequence] frame=801 action=Move { key: 1000, position: [1.7355, 0.0, 1.1], yaw: 0.0 } applied=true
[lighting-sequence] frame=802 action=Move { key: 1000, position: [1.736, 0.0, 1.1], yaw: 0.0 } applied=true
[lighting-sequence] frame=803 action=Move { key: 1000, position: [1.7365, 0.0, 1.1], yaw: 0.0 } applied=true
[lighting-sequence] frame=804 action=Move { key: 1000, position: [1.737, 0.0, 1.1], yaw: 0.0 } applied=true
[lighting-sequence] frame=805 action=Move { key: 1000, position: [1.7375, 0.0, 1.1], yaw: 0.0 } applied=true
[lighting-sequence] frame=806 action=Move { key: 1000, position: [1.738, 0.0, 1.1], yaw: 0.0 } applied=true
[lighting-sequence] frame=807 action=Move { key: 1000, position: [1.7385, 0.0, 1.1], yaw: 0.0 } applied=true
[lighting-sequence] frame=808 action=Move { key: 1000, position: [1.739, 0.0, 1.1], yaw: 0.0 } applied=true
[lighting-sequence] frame=809 action=Move { key: 1000, position: [1.7395, 0.0, 1.1], yaw: 0.0 } applied=true
[lighting-sequence] frame=810 action=Move { key: 1000, position: [1.74, 0.0, 1.1], yaw: 0.0 } applied=true
[lighting-sequence] frame=811 action=Move { key: 1000, position: [1.7405, 0.0, 1.1], yaw: 0.0 } applied=true
[lighting-sequence] frame=812 action=Move { key: 1000, position: [1.741, 0.0, 1.1], yaw: 0.0 } applied=true
[lighting-sequence] frame=813 action=Move { key: 1000, position: [1.7415, 0.0, 1.1], yaw: 0.0 } applied=true
[lighting-sequence] frame=814 action=Move { key: 1000, position: [1.742, 0.0, 1.1], yaw: 0.0 } applied=true
[lighting-sequence] frame=815 action=Move { key: 1000, position: [1.7425, 0.0, 1.1], yaw: 0.0 } applied=true
[lighting-sequence] frame=816 action=Move { key: 1000, position: [1.743, 0.0, 1.1], yaw: 0.0 } applied=true
[lighting-sequence] frame=817 action=Move { key: 1000, position: [1.7435, 0.0, 1.1], yaw: 0.0 } applied=true
[lighting-sequence] frame=818 action=Move { key: 1000, position: [1.744, 0.0, 1.1], yaw: 0.0 } applied=true
[lighting-sequence] frame=819 action=Move { key: 1000, position: [1.7445, 0.0, 1.1], yaw: 0.0 } applied=true
[lighting-sequence] frame=820 action=Move { key: 1000, position: [1.745, 0.0, 1.1], yaw: 0.0 } applied=true
[lighting-sequence] frame=821 action=Move { key: 1000, position: [1.7455, 0.0, 1.1], yaw: 0.0 } applied=true
[lighting-sequence] frame=822 action=Move { key: 1000, position: [1.746, 0.0, 1.1], yaw: 0.0 } applied=true
[lighting-sequence] frame=823 action=Move { key: 1000, position: [1.7465, 0.0, 1.1], yaw: 0.0 } applied=true
[lighting-sequence] frame=824 action=Move { key: 1000, position: [1.747, 0.0, 1.1], yaw: 0.0 } applied=true
[lighting-sequence] frame=825 action=Move { key: 1000, position: [1.7475, 0.0, 1.1], yaw: 0.0 } applied=true
[lighting-sequence] frame=826 action=Move { key: 1000, position: [1.748, 0.0, 1.1], yaw: 0.0 } applied=true
[lighting-sequence] frame=827 action=Move { key: 1000, position: [1.7485, 0.0, 1.1], yaw: 0.0 } applied=true
[lighting-sequence] frame=828 action=Move { key: 1000, position: [1.749, 0.0, 1.1], yaw: 0.0 } applied=true
[lighting-sequence] frame=829 action=Move { key: 1000, position: [1.7495, 0.0, 1.1], yaw: 0.0 } applied=true
[lighting-sequence] frame=830 action=Move { key: 1000, position: [1.7, 0.0, 1.1], yaw: 0.0 } applied=true
[lighting-sequence] frame=831 action=Move { key: 1000, position: [1.7005, 0.0, 1.1], yaw: 0.0 } applied=true
[lighting-sequence] frame=832 action=Move { key: 1000, position: [1.701, 0.0, 1.1], yaw: 0.0 } applied=true
[lighting-sequence] frame=833 action=Move { key: 1000, position: [1.7015, 0.0, 1.1], yaw: 0.0 } applied=true
[lighting-sequence] frame=834 action=Move { key: 1000, position: [1.702, 0.0, 1.1], yaw: 0.0 } applied=true
[lighting-sequence] frame=835 action=Move { key: 1000, position: [1.7025, 0.0, 1.1], yaw: 0.0 } applied=true
[lighting-sequence] frame=836 action=Move { key: 1000, position: [1.703, 0.0, 1.1], yaw: 0.0 } applied=true
[lighting-sequence] frame=837 action=Move { key: 1000, position: [1.7035, 0.0, 1.1], yaw: 0.0 } applied=true
[lighting-sequence] frame=838 action=Move { key: 1000, position: [1.704, 0.0, 1.1], yaw: 0.0 } applied=true
[lighting-sequence] frame=839 action=Move { key: 1000, position: [1.7045, 0.0, 1.1], yaw: 0.0 } applied=true
[lighting-sequence] frame=840 action=Move { key: 1000, position: [1.705, 0.0, 1.1], yaw: 0.0 } applied=true
[lighting-sequence] frame=841 action=Move { key: 1000, position: [1.7055, 0.0, 1.1], yaw: 0.0 } applied=true
[lighting-sequence] frame=842 action=Move { key: 1000, position: [1.706, 0.0, 1.1], yaw: 0.0 } applied=true
[lighting-sequence] frame=843 action=Move { key: 1000, position: [1.7065, 0.0, 1.1], yaw: 0.0 } applied=true
[lighting-sequence] frame=844 action=Move { key: 1000, position: [1.707, 0.0, 1.1], yaw: 0.0 } applied=true
[lighting-sequence] frame=845 action=Move { key: 1000, position: [1.7075, 0.0, 1.1], yaw: 0.0 } applied=true
[lighting-sequence] frame=846 action=Move { key: 1000, position: [1.708, 0.0, 1.1], yaw: 0.0 } applied=true
[lighting-sequence] frame=847 action=Move { key: 1000, position: [1.7085, 0.0, 1.1], yaw: 0.0 } applied=true
[lighting-sequence] frame=848 action=Move { key: 1000, position: [1.709, 0.0, 1.1], yaw: 0.0 } applied=true
[lighting-sequence] frame=849 action=Move { key: 1000, position: [1.7095, 0.0, 1.1], yaw: 0.0 } applied=true
[lighting-sequence] frame=850 action=Move { key: 1000, position: [1.71, 0.0, 1.1], yaw: 0.0 } applied=true
[lighting-sequence] frame=851 action=Move { key: 1000, position: [1.7105, 0.0, 1.1], yaw: 0.0 } applied=true
[lighting-sequence] frame=852 action=Move { key: 1000, position: [1.711, 0.0, 1.1], yaw: 0.0 } applied=true
[lighting-sequence] frame=853 action=Move { key: 1000, position: [1.7115, 0.0, 1.1], yaw: 0.0 } applied=true
[lighting-sequence] frame=854 action=Move { key: 1000, position: [1.712, 0.0, 1.1], yaw: 0.0 } applied=true
[lighting-sequence] frame=855 action=Move { key: 1000, position: [1.7125, 0.0, 1.1], yaw: 0.0 } applied=true
[lighting-sequence] frame=856 action=Move { key: 1000, position: [1.713, 0.0, 1.1], yaw: 0.0 } applied=true
[lighting-sequence] frame=857 action=Move { key: 1000, position: [1.7135, 0.0, 1.1], yaw: 0.0 } applied=true
[lighting-sequence] frame=858 action=Move { key: 1000, position: [1.714, 0.0, 1.1], yaw: 0.0 } applied=true
[lighting-sequence] frame=859 action=Move { key: 1000, position: [1.7145, 0.0, 1.1], yaw: 0.0 } applied=true
[lighting-sequence] frame=860 action=Move { key: 1000, position: [1.715, 0.0, 1.1], yaw: 0.0 } applied=true
[lighting-sequence] frame=861 action=Move { key: 1000, position: [1.7155, 0.0, 1.1], yaw: 0.0 } applied=true
[lighting-sequence] frame=862 action=Move { key: 1000, position: [1.716, 0.0, 1.1], yaw: 0.0 } applied=true
[lighting-sequence] frame=863 action=Move { key: 1000, position: [1.7165, 0.0, 1.1], yaw: 0.0 } applied=true
[lighting-sequence] frame=864 action=Move { key: 1000, position: [1.717, 0.0, 1.1], yaw: 0.0 } applied=true
[lighting-sequence] frame=865 action=Move { key: 1000, position: [1.7175, 0.0, 1.1], yaw: 0.0 } applied=true
[lighting-sequence] frame=866 action=Move { key: 1000, position: [1.718, 0.0, 1.1], yaw: 0.0 } applied=true
[lighting-sequence] frame=867 action=Move { key: 1000, position: [1.7185, 0.0, 1.1], yaw: 0.0 } applied=true
[lighting-sequence] frame=868 action=Move { key: 1000, position: [1.719, 0.0, 1.1], yaw: 0.0 } applied=true
[lighting-sequence] frame=869 action=Move { key: 1000, position: [1.7195, 0.0, 1.1], yaw: 0.0 } applied=true
[lighting-sequence] frame=870 action=Move { key: 1000, position: [1.72, 0.0, 1.1], yaw: 0.0 } applied=true
[lighting-sequence] frame=871 action=Move { key: 1000, position: [1.7205, 0.0, 1.1], yaw: 0.0 } applied=true
[lighting-sequence] frame=872 action=Move { key: 1000, position: [1.721, 0.0, 1.1], yaw: 0.0 } applied=true
[lighting-sequence] frame=873 action=Move { key: 1000, position: [1.7215, 0.0, 1.1], yaw: 0.0 } applied=true
[lighting-sequence] frame=874 action=Move { key: 1000, position: [1.722, 0.0, 1.1], yaw: 0.0 } applied=true
[lighting-sequence] frame=875 action=Move { key: 1000, position: [1.7225, 0.0, 1.1], yaw: 0.0 } applied=true
[lighting-sequence] frame=876 action=Move { key: 1000, position: [1.723, 0.0, 1.1], yaw: 0.0 } applied=true
[lighting-sequence] frame=877 action=Move { key: 1000, position: [1.7235, 0.0, 1.1], yaw: 0.0 } applied=true
[lighting-sequence] frame=878 action=Move { key: 1000, position: [1.724, 0.0, 1.1], yaw: 0.0 } applied=true
[lighting-sequence] frame=879 action=Move { key: 1000, position: [1.7245, 0.0, 1.1], yaw: 0.0 } applied=true
[lighting-sequence] frame=880 action=Move { key: 1000, position: [1.725, 0.0, 1.1], yaw: 0.0 } applied=true
[lighting-sequence] frame=881 action=Move { key: 1000, position: [1.7255, 0.0, 1.1], yaw: 0.0 } applied=true
[lighting-sequence] frame=882 action=Move { key: 1000, position: [1.726, 0.0, 1.1], yaw: 0.0 } applied=true
[lighting-sequence] frame=883 action=Move { key: 1000, position: [1.7265, 0.0, 1.1], yaw: 0.0 } applied=true
[lighting-sequence] frame=884 action=Move { key: 1000, position: [1.727, 0.0, 1.1], yaw: 0.0 } applied=true
[lighting-sequence] frame=885 action=Move { key: 1000, position: [1.7275, 0.0, 1.1], yaw: 0.0 } applied=true
[lighting-sequence] frame=886 action=Move { key: 1000, position: [1.728, 0.0, 1.1], yaw: 0.0 } applied=true
[lighting-sequence] frame=887 action=Move { key: 1000, position: [1.7285, 0.0, 1.1], yaw: 0.0 } applied=true
[lighting-sequence] frame=888 action=Move { key: 1000, position: [1.729, 0.0, 1.1], yaw: 0.0 } applied=true
[lighting-sequence] frame=889 action=Move { key: 1000, position: [1.7295, 0.0, 1.1], yaw: 0.0 } applied=true
[lighting-sequence] frame=890 action=Move { key: 1000, position: [1.73, 0.0, 1.1], yaw: 0.0 } applied=true
[lighting-sequence] frame=891 action=Move { key: 1000, position: [1.7305, 0.0, 1.1], yaw: 0.0 } applied=true
[lighting-sequence] frame=892 action=Move { key: 1000, position: [1.731, 0.0, 1.1], yaw: 0.0 } applied=true
[lighting-sequence] frame=893 action=Move { key: 1000, position: [1.7315, 0.0, 1.1], yaw: 0.0 } applied=true
[lighting-sequence] frame=894 action=Move { key: 1000, position: [1.732, 0.0, 1.1], yaw: 0.0 } applied=true
[lighting-sequence] frame=895 action=Move { key: 1000, position: [1.7325, 0.0, 1.1], yaw: 0.0 } applied=true
[lighting-sequence] frame=896 action=Move { key: 1000, position: [1.733, 0.0, 1.1], yaw: 0.0 } applied=true
[lighting-sequence] frame=897 action=Move { key: 1000, position: [1.7335, 0.0, 1.1], yaw: 0.0 } applied=true
[lighting-sequence] frame=898 action=Move { key: 1000, position: [1.734, 0.0, 1.1], yaw: 0.0 } applied=true
[lighting-sequence] frame=899 action=Move { key: 1000, position: [1.7345, 0.0, 1.1], yaw: 0.0 } applied=true
[lighting-sequence] frame=900 action=Move { key: 1000, position: [1.735, 0.0, 1.1], yaw: 0.0 } applied=true
[lighting-sequence] frame=901 action=Move { key: 1000, position: [1.7355, 0.0, 1.1], yaw: 0.0 } applied=true
[lighting-sequence] frame=902 action=Move { key: 1000, position: [1.736, 0.0, 1.1], yaw: 0.0 } applied=true
[lighting-sequence] frame=903 action=Move { key: 1000, position: [1.7365, 0.0, 1.1], yaw: 0.0 } applied=true
[lighting-sequence] frame=904 action=Move { key: 1000, position: [1.737, 0.0, 1.1], yaw: 0.0 } applied=true
[lighting-sequence] frame=905 action=Move { key: 1000, position: [1.7375, 0.0, 1.1], yaw: 0.0 } applied=true
[lighting-sequence] frame=906 action=Move { key: 1000, position: [1.738, 0.0, 1.1], yaw: 0.0 } applied=true
[lighting-sequence] frame=907 action=Move { key: 1000, position: [1.7385, 0.0, 1.1], yaw: 0.0 } applied=true
[lighting-sequence] frame=908 action=Move { key: 1000, position: [1.739, 0.0, 1.1], yaw: 0.0 } applied=true
[lighting-sequence] frame=909 action=Move { key: 1000, position: [1.7395, 0.0, 1.1], yaw: 0.0 } applied=true
[lighting-sequence] frame=910 action=Move { key: 1000, position: [1.74, 0.0, 1.1], yaw: 0.0 } applied=true
[lighting-sequence] frame=911 action=Move { key: 1000, position: [1.7405, 0.0, 1.1], yaw: 0.0 } applied=true
[lighting-sequence] frame=912 action=Move { key: 1000, position: [1.741, 0.0, 1.1], yaw: 0.0 } applied=true
[lighting-sequence] frame=913 action=Move { key: 1000, position: [1.7415, 0.0, 1.1], yaw: 0.0 } applied=true
[lighting-sequence] frame=914 action=Move { key: 1000, position: [1.742, 0.0, 1.1], yaw: 0.0 } applied=true
[lighting-sequence] frame=915 action=Move { key: 1000, position: [1.7425, 0.0, 1.1], yaw: 0.0 } applied=true
[lighting-sequence] frame=916 action=Move { key: 1000, position: [1.743, 0.0, 1.1], yaw: 0.0 } applied=true
[lighting-sequence] frame=917 action=Move { key: 1000, position: [1.7435, 0.0, 1.1], yaw: 0.0 } applied=true
[lighting-sequence] frame=918 action=Move { key: 1000, position: [1.744, 0.0, 1.1], yaw: 0.0 } applied=true
[lighting-sequence] frame=919 action=Move { key: 1000, position: [1.7445, 0.0, 1.1], yaw: 0.0 } applied=true
[lighting-sequence] frame=920 action=Move { key: 1000, position: [1.745, 0.0, 1.1], yaw: 0.0 } applied=true
[lighting-sequence] frame=921 action=Move { key: 1000, position: [1.7455, 0.0, 1.1], yaw: 0.0 } applied=true
[lighting-sequence] frame=922 action=Move { key: 1000, position: [1.746, 0.0, 1.1], yaw: 0.0 } applied=true
[lighting-sequence] frame=923 action=Move { key: 1000, position: [1.7465, 0.0, 1.1], yaw: 0.0 } applied=true
[lighting-sequence] frame=924 action=Move { key: 1000, position: [1.747, 0.0, 1.1], yaw: 0.0 } applied=true
[lighting-sequence] frame=925 action=Move { key: 1000, position: [1.7475, 0.0, 1.1], yaw: 0.0 } applied=true
[lighting-sequence] frame=926 action=Move { key: 1000, position: [1.748, 0.0, 1.1], yaw: 0.0 } applied=true
[lighting-sequence] frame=927 action=Move { key: 1000, position: [1.7485, 0.0, 1.1], yaw: 0.0 } applied=true
[lighting-sequence] frame=928 action=Move { key: 1000, position: [1.749, 0.0, 1.1], yaw: 0.0 } applied=true
[lighting-sequence] frame=929 action=Move { key: 1000, position: [1.7495, 0.0, 1.1], yaw: 0.0 } applied=true
[lighting-sequence] frame=930 action=Move { key: 1000, position: [1.7, 0.0, 1.1], yaw: 0.0 } applied=true
[lighting-sequence] frame=931 action=Move { key: 1000, position: [1.7005, 0.0, 1.1], yaw: 0.0 } applied=true
[lighting-sequence] frame=932 action=Move { key: 1000, position: [1.701, 0.0, 1.1], yaw: 0.0 } applied=true
[lighting-sequence] frame=933 action=Move { key: 1000, position: [1.7015, 0.0, 1.1], yaw: 0.0 } applied=true
[lighting-sequence] frame=934 action=Move { key: 1000, position: [1.702, 0.0, 1.1], yaw: 0.0 } applied=true
[lighting-sequence] frame=935 action=Move { key: 1000, position: [1.7025, 0.0, 1.1], yaw: 0.0 } applied=true
[lighting-sequence] frame=936 action=Move { key: 1000, position: [1.703, 0.0, 1.1], yaw: 0.0 } applied=true
[lighting-sequence] frame=937 action=Move { key: 1000, position: [1.7035, 0.0, 1.1], yaw: 0.0 } applied=true
[lighting-sequence] frame=938 action=Move { key: 1000, position: [1.704, 0.0, 1.1], yaw: 0.0 } applied=true
[lighting-sequence] frame=939 action=Move { key: 1000, position: [1.7045, 0.0, 1.1], yaw: 0.0 } applied=true
[lighting-sequence] frame=940 action=Move { key: 1000, position: [1.705, 0.0, 1.1], yaw: 0.0 } applied=true
[lighting-sequence] frame=941 action=Move { key: 1000, position: [1.7055, 0.0, 1.1], yaw: 0.0 } applied=true
[lighting-sequence] frame=942 action=Move { key: 1000, position: [1.706, 0.0, 1.1], yaw: 0.0 } applied=true
[lighting-sequence] frame=943 action=Move { key: 1000, position: [1.7065, 0.0, 1.1], yaw: 0.0 } applied=true
[lighting-sequence] frame=944 action=Move { key: 1000, position: [1.707, 0.0, 1.1], yaw: 0.0 } applied=true
[lighting-sequence] frame=945 action=Move { key: 1000, position: [1.7075, 0.0, 1.1], yaw: 0.0 } applied=true
[lighting-sequence] frame=946 action=Move { key: 1000, position: [1.708, 0.0, 1.1], yaw: 0.0 } applied=true
[lighting-sequence] frame=947 action=Move { key: 1000, position: [1.7085, 0.0, 1.1], yaw: 0.0 } applied=true
[lighting-sequence] frame=948 action=Move { key: 1000, position: [1.709, 0.0, 1.1], yaw: 0.0 } applied=true
[lighting-sequence] frame=949 action=Move { key: 1000, position: [1.7095, 0.0, 1.1], yaw: 0.0 } applied=true
[lighting-sequence] frame=950 action=Move { key: 1000, position: [1.71, 0.0, 1.1], yaw: 0.0 } applied=true
[lighting-sequence] frame=951 action=Move { key: 1000, position: [1.7105, 0.0, 1.1], yaw: 0.0 } applied=true
[lighting-sequence] frame=952 action=Move { key: 1000, position: [1.711, 0.0, 1.1], yaw: 0.0 } applied=true
[lighting-sequence] frame=953 action=Move { key: 1000, position: [1.7115, 0.0, 1.1], yaw: 0.0 } applied=true
[lighting-sequence] frame=954 action=Move { key: 1000, position: [1.712, 0.0, 1.1], yaw: 0.0 } applied=true
[lighting-sequence] frame=955 action=Move { key: 1000, position: [1.7125, 0.0, 1.1], yaw: 0.0 } applied=true
[lighting-sequence] frame=956 action=Move { key: 1000, position: [1.713, 0.0, 1.1], yaw: 0.0 } applied=true
[lighting-sequence] frame=957 action=Move { key: 1000, position: [1.7135, 0.0, 1.1], yaw: 0.0 } applied=true
[lighting-sequence] frame=958 action=Move { key: 1000, position: [1.714, 0.0, 1.1], yaw: 0.0 } applied=true
[lighting-sequence] frame=959 action=Move { key: 1000, position: [1.7145, 0.0, 1.1], yaw: 0.0 } applied=true
[lighting-sequence] frame=960 action=Move { key: 1000, position: [1.715, 0.0, 1.1], yaw: 0.0 } applied=true
[lighting-sequence] frame=961 action=Move { key: 1000, position: [1.7155, 0.0, 1.1], yaw: 0.0 } applied=true
[lighting-sequence] frame=962 action=Move { key: 1000, position: [1.716, 0.0, 1.1], yaw: 0.0 } applied=true
[lighting-sequence] frame=963 action=Move { key: 1000, position: [1.7165, 0.0, 1.1], yaw: 0.0 } applied=true
[lighting-sequence] frame=964 action=Move { key: 1000, position: [1.717, 0.0, 1.1], yaw: 0.0 } applied=true
[lighting-sequence] frame=965 action=Move { key: 1000, position: [1.7175, 0.0, 1.1], yaw: 0.0 } applied=true
[lighting-sequence] frame=966 action=Move { key: 1000, position: [1.718, 0.0, 1.1], yaw: 0.0 } applied=true
[lighting-sequence] frame=967 action=Move { key: 1000, position: [1.7185, 0.0, 1.1], yaw: 0.0 } applied=true
[lighting-sequence] frame=968 action=Move { key: 1000, position: [1.719, 0.0, 1.1], yaw: 0.0 } applied=true
[lighting-sequence] frame=969 action=Move { key: 1000, position: [1.7195, 0.0, 1.1], yaw: 0.0 } applied=true
[lighting-sequence] frame=970 action=Move { key: 1000, position: [1.72, 0.0, 1.1], yaw: 0.0 } applied=true
[lighting-sequence] frame=971 action=Move { key: 1000, position: [1.7205, 0.0, 1.1], yaw: 0.0 } applied=true
[lighting-sequence] frame=972 action=Move { key: 1000, position: [1.721, 0.0, 1.1], yaw: 0.0 } applied=true
[lighting-sequence] frame=973 action=Move { key: 1000, position: [1.7215, 0.0, 1.1], yaw: 0.0 } applied=true
[lighting-sequence] frame=974 action=Move { key: 1000, position: [1.722, 0.0, 1.1], yaw: 0.0 } applied=true
[lighting-sequence] frame=975 action=Move { key: 1000, position: [1.7225, 0.0, 1.1], yaw: 0.0 } applied=true
[lighting-sequence] frame=976 action=Move { key: 1000, position: [1.723, 0.0, 1.1], yaw: 0.0 } applied=true
[lighting-sequence] frame=977 action=Move { key: 1000, position: [1.7235, 0.0, 1.1], yaw: 0.0 } applied=true
[lighting-sequence] frame=978 action=Move { key: 1000, position: [1.724, 0.0, 1.1], yaw: 0.0 } applied=true
[lighting-sequence] frame=979 action=Move { key: 1000, position: [1.7245, 0.0, 1.1], yaw: 0.0 } applied=true
[lighting-sequence] frame=980 action=Move { key: 1000, position: [1.725, 0.0, 1.1], yaw: 0.0 } applied=true
[lighting-sequence] frame=981 action=Move { key: 1000, position: [1.7255, 0.0, 1.1], yaw: 0.0 } applied=true
[lighting-sequence] frame=982 action=Move { key: 1000, position: [1.726, 0.0, 1.1], yaw: 0.0 } applied=true
[lighting-sequence] frame=983 action=Move { key: 1000, position: [1.7265, 0.0, 1.1], yaw: 0.0 } applied=true
[lighting-sequence] frame=984 action=Move { key: 1000, position: [1.727, 0.0, 1.1], yaw: 0.0 } applied=true
[lighting-sequence] frame=985 action=Move { key: 1000, position: [1.7275, 0.0, 1.1], yaw: 0.0 } applied=true
[lighting-sequence] frame=986 action=Move { key: 1000, position: [1.728, 0.0, 1.1], yaw: 0.0 } applied=true
[lighting-sequence] frame=987 action=Move { key: 1000, position: [1.7285, 0.0, 1.1], yaw: 0.0 } applied=true
[lighting-sequence] frame=988 action=Move { key: 1000, position: [1.729, 0.0, 1.1], yaw: 0.0 } applied=true
[lighting-sequence] frame=989 action=Move { key: 1000, position: [1.7295, 0.0, 1.1], yaw: 0.0 } applied=true
[lighting-sequence] frame=990 action=Move { key: 1000, position: [1.73, 0.0, 1.1], yaw: 0.0 } applied=true
[lighting-sequence] frame=991 action=Move { key: 1000, position: [1.7305, 0.0, 1.1], yaw: 0.0 } applied=true
[lighting-sequence] frame=992 action=Move { key: 1000, position: [1.731, 0.0, 1.1], yaw: 0.0 } applied=true
[lighting-sequence] frame=993 action=Move { key: 1000, position: [1.7315, 0.0, 1.1], yaw: 0.0 } applied=true
[lighting-sequence] frame=994 action=Move { key: 1000, position: [1.732, 0.0, 1.1], yaw: 0.0 } applied=true
[lighting-sequence] frame=995 action=Move { key: 1000, position: [1.7325, 0.0, 1.1], yaw: 0.0 } applied=true
[lighting-sequence] frame=996 action=Move { key: 1000, position: [1.733, 0.0, 1.1], yaw: 0.0 } applied=true
[lighting-sequence] frame=997 action=Move { key: 1000, position: [1.7335, 0.0, 1.1], yaw: 0.0 } applied=true
[lighting-sequence] frame=998 action=Move { key: 1000, position: [1.734, 0.0, 1.1], yaw: 0.0 } applied=true
[lighting-sequence] frame=999 action=Move { key: 1000, position: [1.7345, 0.0, 1.1], yaw: 0.0 } applied=true
[lighting-sequence] frame=1000 action=Move { key: 1000, position: [1.735, 0.0, 1.1], yaw: 0.0 } applied=true
[lighting-sequence] frame=1001 action=Move { key: 1000, position: [1.7355, 0.0, 1.1], yaw: 0.0 } applied=true
[lighting-sequence] frame=1002 action=Move { key: 1000, position: [1.736, 0.0, 1.1], yaw: 0.0 } applied=true
[lighting-sequence] frame=1003 action=Move { key: 1000, position: [1.7365, 0.0, 1.1], yaw: 0.0 } applied=true
[lighting-sequence] frame=1004 action=Move { key: 1000, position: [1.737, 0.0, 1.1], yaw: 0.0 } applied=true
[lighting-sequence] frame=1005 action=Move { key: 1000, position: [1.7375, 0.0, 1.1], yaw: 0.0 } applied=true
[lighting-sequence] frame=1006 action=Move { key: 1000, position: [1.738, 0.0, 1.1], yaw: 0.0 } applied=true
[lighting-sequence] frame=1007 action=Move { key: 1000, position: [1.7385, 0.0, 1.1], yaw: 0.0 } applied=true
[lighting-sequence] frame=1008 action=Move { key: 1000, position: [1.739, 0.0, 1.1], yaw: 0.0 } applied=true
[lighting-sequence] frame=1009 action=Move { key: 1000, position: [1.7395, 0.0, 1.1], yaw: 0.0 } applied=true
[lighting-sequence] frame=1010 action=Move { key: 1000, position: [1.74, 0.0, 1.1], yaw: 0.0 } applied=true
[lighting-sequence] frame=1011 action=Move { key: 1000, position: [1.7405, 0.0, 1.1], yaw: 0.0 } applied=true
[lighting-sequence] frame=1012 action=Move { key: 1000, position: [1.741, 0.0, 1.1], yaw: 0.0 } applied=true
[lighting-sequence] frame=1013 action=Move { key: 1000, position: [1.7415, 0.0, 1.1], yaw: 0.0 } applied=true
[lighting-sequence] frame=1014 action=Move { key: 1000, position: [1.742, 0.0, 1.1], yaw: 0.0 } applied=true
[lighting-sequence] frame=1015 action=Move { key: 1000, position: [1.7425, 0.0, 1.1], yaw: 0.0 } applied=true
[lighting-sequence] frame=1016 action=Move { key: 1000, position: [1.743, 0.0, 1.1], yaw: 0.0 } applied=true
[lighting-sequence] frame=1017 action=Move { key: 1000, position: [1.7435, 0.0, 1.1], yaw: 0.0 } applied=true
[lighting-sequence] frame=1018 action=Move { key: 1000, position: [1.744, 0.0, 1.1], yaw: 0.0 } applied=true
[lighting-sequence] frame=1019 action=Move { key: 1000, position: [1.7445, 0.0, 1.1], yaw: 0.0 } applied=true
[lighting-sequence] frame=1020 action=Move { key: 1000, position: [1.745, 0.0, 1.1], yaw: 0.0 } applied=true
[lighting-sequence] frame=1021 action=Move { key: 1000, position: [1.7455, 0.0, 1.1], yaw: 0.0 } applied=true
[lighting-sequence] frame=1022 action=Move { key: 1000, position: [1.746, 0.0, 1.1], yaw: 0.0 } applied=true
[lighting-sequence] frame=1023 action=Move { key: 1000, position: [1.7465, 0.0, 1.1], yaw: 0.0 } applied=true
[lighting-sequence] frame=1024 action=Move { key: 1000, position: [1.747, 0.0, 1.1], yaw: 0.0 } applied=true
[lighting-sequence] frame=1025 action=Move { key: 1000, position: [1.7475, 0.0, 1.1], yaw: 0.0 } applied=true
[lighting-sequence] frame=1026 action=Move { key: 1000, position: [1.748, 0.0, 1.1], yaw: 0.0 } applied=true
[lighting-sequence] frame=1027 action=Move { key: 1000, position: [1.7485, 0.0, 1.1], yaw: 0.0 } applied=true
[lighting-sequence] frame=1028 action=Move { key: 1000, position: [1.749, 0.0, 1.1], yaw: 0.0 } applied=true
[lighting-sequence] frame=1029 action=Move { key: 1000, position: [1.7495, 0.0, 1.1], yaw: 0.0 } applied=true
[lighting-sequence] frame=1030 action=Move { key: 1000, position: [1.7, 0.0, 1.1], yaw: 0.0 } applied=true
[lighting-sequence] frame=1031 action=Move { key: 1000, position: [1.7005, 0.0, 1.1], yaw: 0.0 } applied=true
[lighting-sequence] frame=1032 action=Move { key: 1000, position: [1.701, 0.0, 1.1], yaw: 0.0 } applied=true
[lighting-sequence] frame=1033 action=Move { key: 1000, position: [1.7015, 0.0, 1.1], yaw: 0.0 } applied=true
[lighting-sequence] frame=1034 action=Move { key: 1000, position: [1.702, 0.0, 1.1], yaw: 0.0 } applied=true
[lighting-sequence] frame=1035 action=Move { key: 1000, position: [1.7025, 0.0, 1.1], yaw: 0.0 } applied=true
[lighting-sequence] frame=1036 action=Move { key: 1000, position: [1.703, 0.0, 1.1], yaw: 0.0 } applied=true
[lighting-sequence] frame=1037 action=Move { key: 1000, position: [1.7035, 0.0, 1.1], yaw: 0.0 } applied=true
[lighting-sequence] frame=1038 action=Move { key: 1000, position: [1.704, 0.0, 1.1], yaw: 0.0 } applied=true
[lighting-sequence] frame=1039 action=Move { key: 1000, position: [1.7045, 0.0, 1.1], yaw: 0.0 } applied=true
[lighting-sequence] frame=1040 action=Move { key: 1000, position: [1.705, 0.0, 1.1], yaw: 0.0 } applied=true
[lighting-sequence] frame=1041 action=Move { key: 1000, position: [1.7055, 0.0, 1.1], yaw: 0.0 } applied=true
[lighting-sequence] frame=1042 action=Move { key: 1000, position: [1.706, 0.0, 1.1], yaw: 0.0 } applied=true
[lighting-sequence] frame=1043 action=Move { key: 1000, position: [1.7065, 0.0, 1.1], yaw: 0.0 } applied=true
[lighting-sequence] frame=1044 action=Move { key: 1000, position: [1.707, 0.0, 1.1], yaw: 0.0 } applied=true
[lighting-sequence] frame=1045 action=Move { key: 1000, position: [1.7075, 0.0, 1.1], yaw: 0.0 } applied=true
[lighting-sequence] frame=1046 action=Move { key: 1000, position: [1.708, 0.0, 1.1], yaw: 0.0 } applied=true
[lighting-sequence] frame=1047 action=Move { key: 1000, position: [1.7085, 0.0, 1.1], yaw: 0.0 } applied=true
[lighting-sequence] frame=1048 action=Move { key: 1000, position: [1.709, 0.0, 1.1], yaw: 0.0 } applied=true
[lighting-sequence] frame=1049 action=Move { key: 1000, position: [1.7095, 0.0, 1.1], yaw: 0.0 } applied=true
[lighting-sequence] frame=1050 action=Move { key: 1000, position: [1.71, 0.0, 1.1], yaw: 0.0 } applied=true
[lighting-sequence] frame=1051 action=Move { key: 1000, position: [1.7105, 0.0, 1.1], yaw: 0.0 } applied=true
[lighting-sequence] frame=1052 action=Move { key: 1000, position: [1.711, 0.0, 1.1], yaw: 0.0 } applied=true
[lighting-sequence] frame=1053 action=Move { key: 1000, position: [1.7115, 0.0, 1.1], yaw: 0.0 } applied=true
[lighting-sequence] frame=1054 action=Move { key: 1000, position: [1.712, 0.0, 1.1], yaw: 0.0 } applied=true
[lighting-sequence] frame=1055 action=Move { key: 1000, position: [1.7125, 0.0, 1.1], yaw: 0.0 } applied=true
[lighting-sequence] frame=1056 action=Move { key: 1000, position: [1.713, 0.0, 1.1], yaw: 0.0 } applied=true
[lighting-sequence] frame=1057 action=Move { key: 1000, position: [1.7135, 0.0, 1.1], yaw: 0.0 } applied=true
[lighting-sequence] frame=1058 action=Move { key: 1000, position: [1.714, 0.0, 1.1], yaw: 0.0 } applied=true
[lighting-sequence] frame=1059 action=Move { key: 1000, position: [1.7145, 0.0, 1.1], yaw: 0.0 } applied=true
[lighting-sequence] frame=1060 action=Move { key: 1000, position: [1.715, 0.0, 1.1], yaw: 0.0 } applied=true
[lighting-sequence] frame=1061 action=Move { key: 1000, position: [1.7155, 0.0, 1.1], yaw: 0.0 } applied=true
[lighting-sequence] frame=1062 action=Move { key: 1000, position: [1.716, 0.0, 1.1], yaw: 0.0 } applied=true
[lighting-sequence] frame=1063 action=Move { key: 1000, position: [1.7165, 0.0, 1.1], yaw: 0.0 } applied=true
[lighting-sequence] frame=1064 action=Move { key: 1000, position: [1.717, 0.0, 1.1], yaw: 0.0 } applied=true
[lighting-sequence] frame=1065 action=Move { key: 1000, position: [1.7175, 0.0, 1.1], yaw: 0.0 } applied=true
[lighting-sequence] frame=1066 action=Move { key: 1000, position: [1.718, 0.0, 1.1], yaw: 0.0 } applied=true
[lighting-sequence] frame=1067 action=Move { key: 1000, position: [1.7185, 0.0, 1.1], yaw: 0.0 } applied=true
[lighting-sequence] frame=1068 action=Move { key: 1000, position: [1.719, 0.0, 1.1], yaw: 0.0 } applied=true
[lighting-sequence] frame=1069 action=Move { key: 1000, position: [1.7195, 0.0, 1.1], yaw: 0.0 } applied=true
[lighting-sequence] frame=1070 action=Move { key: 1000, position: [1.72, 0.0, 1.1], yaw: 0.0 } applied=true
[lighting-sequence] frame=1071 action=Move { key: 1000, position: [1.7205, 0.0, 1.1], yaw: 0.0 } applied=true
[lighting-sequence] frame=1072 action=Move { key: 1000, position: [1.721, 0.0, 1.1], yaw: 0.0 } applied=true
[lighting-sequence] frame=1073 action=Move { key: 1000, position: [1.7215, 0.0, 1.1], yaw: 0.0 } applied=true
[lighting-sequence] frame=1074 action=Move { key: 1000, position: [1.722, 0.0, 1.1], yaw: 0.0 } applied=true
[lighting-sequence] frame=1075 action=Move { key: 1000, position: [1.7225, 0.0, 1.1], yaw: 0.0 } applied=true
[lighting-sequence] frame=1076 action=Move { key: 1000, position: [1.723, 0.0, 1.1], yaw: 0.0 } applied=true
[lighting-sequence] frame=1077 action=Move { key: 1000, position: [1.7235, 0.0, 1.1], yaw: 0.0 } applied=true
[lighting-sequence] frame=1078 action=Move { key: 1000, position: [1.724, 0.0, 1.1], yaw: 0.0 } applied=true
[lighting-sequence] frame=1079 action=Move { key: 1000, position: [1.7245, 0.0, 1.1], yaw: 0.0 } applied=true
[lighting-sequence] frame=1080 action=Move { key: 1000, position: [1.725, 0.0, 1.1], yaw: 0.0 } applied=true
[lighting-sequence] frame=1081 action=Move { key: 1000, position: [1.7255, 0.0, 1.1], yaw: 0.0 } applied=true
[lighting-sequence] frame=1082 action=Move { key: 1000, position: [1.726, 0.0, 1.1], yaw: 0.0 } applied=true
[lighting-sequence] frame=1083 action=Move { key: 1000, position: [1.7265, 0.0, 1.1], yaw: 0.0 } applied=true
[lighting-sequence] frame=1084 action=Move { key: 1000, position: [1.727, 0.0, 1.1], yaw: 0.0 } applied=true
[lighting-sequence] frame=1085 action=Move { key: 1000, position: [1.7275, 0.0, 1.1], yaw: 0.0 } applied=true
[lighting-sequence] frame=1086 action=Move { key: 1000, position: [1.728, 0.0, 1.1], yaw: 0.0 } applied=true
[lighting-sequence] frame=1087 action=Move { key: 1000, position: [1.7285, 0.0, 1.1], yaw: 0.0 } applied=true
[lighting-sequence] frame=1088 action=Move { key: 1000, position: [1.729, 0.0, 1.1], yaw: 0.0 } applied=true
[lighting-sequence] frame=1089 action=Move { key: 1000, position: [1.7295, 0.0, 1.1], yaw: 0.0 } applied=true
[lighting-sequence] frame=1090 action=Move { key: 1000, position: [1.73, 0.0, 1.1], yaw: 0.0 } applied=true
[lighting-sequence] frame=1091 action=Move { key: 1000, position: [1.7305, 0.0, 1.1], yaw: 0.0 } applied=true
[lighting-sequence] frame=1092 action=Move { key: 1000, position: [1.731, 0.0, 1.1], yaw: 0.0 } applied=true
[lighting-sequence] frame=1093 action=Move { key: 1000, position: [1.7315, 0.0, 1.1], yaw: 0.0 } applied=true
[lighting-sequence] frame=1094 action=Move { key: 1000, position: [1.732, 0.0, 1.1], yaw: 0.0 } applied=true
[lighting-sequence] frame=1095 action=Move { key: 1000, position: [1.7325, 0.0, 1.1], yaw: 0.0 } applied=true
[lighting-sequence] frame=1096 action=Move { key: 1000, position: [1.733, 0.0, 1.1], yaw: 0.0 } applied=true
[lighting-sequence] frame=1097 action=Move { key: 1000, position: [1.7335, 0.0, 1.1], yaw: 0.0 } applied=true
[lighting-sequence] frame=1098 action=Move { key: 1000, position: [1.734, 0.0, 1.1], yaw: 0.0 } applied=true
[lighting-sequence] frame=1099 action=Move { key: 1000, position: [1.7345, 0.0, 1.1], yaw: 0.0 } applied=true
[lighting-sequence] frame=1100 action=Move { key: 1000, position: [1.735, 0.0, 1.1], yaw: 0.0 } applied=true
[lighting-sequence] frame=1101 action=Move { key: 1000, position: [1.7355, 0.0, 1.1], yaw: 0.0 } applied=true
[lighting-sequence] frame=1102 action=Move { key: 1000, position: [1.736, 0.0, 1.1], yaw: 0.0 } applied=true
[lighting-sequence] frame=1103 action=Move { key: 1000, position: [1.7365, 0.0, 1.1], yaw: 0.0 } applied=true
[lighting-sequence] frame=1104 action=Move { key: 1000, position: [1.737, 0.0, 1.1], yaw: 0.0 } applied=true
[lighting-sequence] frame=1105 action=Move { key: 1000, position: [1.7375, 0.0, 1.1], yaw: 0.0 } applied=true
[lighting-sequence] frame=1106 action=Move { key: 1000, position: [1.738, 0.0, 1.1], yaw: 0.0 } applied=true
[lighting-sequence] frame=1107 action=Move { key: 1000, position: [1.7385, 0.0, 1.1], yaw: 0.0 } applied=true
[lighting-sequence] frame=1108 action=Move { key: 1000, position: [1.739, 0.0, 1.1], yaw: 0.0 } applied=true
[lighting-sequence] frame=1109 action=Move { key: 1000, position: [1.7395, 0.0, 1.1], yaw: 0.0 } applied=true
[lighting-sequence] frame=1110 action=Move { key: 1000, position: [1.74, 0.0, 1.1], yaw: 0.0 } applied=true
[lighting-sequence] frame=1111 action=Move { key: 1000, position: [1.7405, 0.0, 1.1], yaw: 0.0 } applied=true
[lighting-sequence] frame=1112 action=Move { key: 1000, position: [1.741, 0.0, 1.1], yaw: 0.0 } applied=true
[lighting-sequence] frame=1113 action=Move { key: 1000, position: [1.7415, 0.0, 1.1], yaw: 0.0 } applied=true
[lighting-sequence] frame=1114 action=Move { key: 1000, position: [1.742, 0.0, 1.1], yaw: 0.0 } applied=true
[lighting-sequence] frame=1115 action=Move { key: 1000, position: [1.7425, 0.0, 1.1], yaw: 0.0 } applied=true
[lighting-sequence] frame=1116 action=Move { key: 1000, position: [1.743, 0.0, 1.1], yaw: 0.0 } applied=true
[lighting-sequence] frame=1117 action=Move { key: 1000, position: [1.7435, 0.0, 1.1], yaw: 0.0 } applied=true
[lighting-sequence] frame=1118 action=Move { key: 1000, position: [1.744, 0.0, 1.1], yaw: 0.0 } applied=true
[lighting-sequence] frame=1119 action=Move { key: 1000, position: [1.7445, 0.0, 1.1], yaw: 0.0 } applied=true
[lighting-sequence] frame=1120 action=Move { key: 1000, position: [1.745, 0.0, 1.1], yaw: 0.0 } applied=true
[lighting-sequence] frame=1121 action=Move { key: 1000, position: [1.7455, 0.0, 1.1], yaw: 0.0 } applied=true
[lighting-sequence] frame=1122 action=Move { key: 1000, position: [1.746, 0.0, 1.1], yaw: 0.0 } applied=true
[lighting-sequence] frame=1123 action=Move { key: 1000, position: [1.7465, 0.0, 1.1], yaw: 0.0 } applied=true
[lighting-sequence] frame=1124 action=Move { key: 1000, position: [1.747, 0.0, 1.1], yaw: 0.0 } applied=true
[lighting-sequence] frame=1125 action=Move { key: 1000, position: [1.7475, 0.0, 1.1], yaw: 0.0 } applied=true
[lighting-sequence] frame=1126 action=Move { key: 1000, position: [1.748, 0.0, 1.1], yaw: 0.0 } applied=true
[lighting-sequence] frame=1127 action=Move { key: 1000, position: [1.7485, 0.0, 1.1], yaw: 0.0 } applied=true
[lighting-sequence] frame=1128 action=Move { key: 1000, position: [1.749, 0.0, 1.1], yaw: 0.0 } applied=true
[lighting-sequence] frame=1129 action=Move { key: 1000, position: [1.7495, 0.0, 1.1], yaw: 0.0 } applied=true
[lighting-sequence] frame=1130 action=Move { key: 1000, position: [1.7, 0.0, 1.1], yaw: 0.0 } applied=true
[lighting-sequence] frame=1131 action=Move { key: 1000, position: [1.7005, 0.0, 1.1], yaw: 0.0 } applied=true
[lighting-sequence] frame=1132 action=Move { key: 1000, position: [1.701, 0.0, 1.1], yaw: 0.0 } applied=true
[lighting-sequence] frame=1133 action=Move { key: 1000, position: [1.7015, 0.0, 1.1], yaw: 0.0 } applied=true
[lighting-sequence] frame=1134 action=Move { key: 1000, position: [1.702, 0.0, 1.1], yaw: 0.0 } applied=true
[lighting-sequence] frame=1135 action=Move { key: 1000, position: [1.7025, 0.0, 1.1], yaw: 0.0 } applied=true
[lighting-sequence] frame=1136 action=Move { key: 1000, position: [1.703, 0.0, 1.1], yaw: 0.0 } applied=true
[lighting-sequence] frame=1137 action=Move { key: 1000, position: [1.7035, 0.0, 1.1], yaw: 0.0 } applied=true
[lighting-sequence] frame=1138 action=Move { key: 1000, position: [1.704, 0.0, 1.1], yaw: 0.0 } applied=true
[lighting-sequence] frame=1139 action=Move { key: 1000, position: [1.7045, 0.0, 1.1], yaw: 0.0 } applied=true
[lighting-sequence] frame=1140 action=Move { key: 1000, position: [1.705, 0.0, 1.1], yaw: 0.0 } applied=true
[lighting-sequence] frame=1141 action=Move { key: 1000, position: [1.7055, 0.0, 1.1], yaw: 0.0 } applied=true
[lighting-sequence] frame=1142 action=Move { key: 1000, position: [1.706, 0.0, 1.1], yaw: 0.0 } applied=true
[lighting-sequence] frame=1143 action=Move { key: 1000, position: [1.7065, 0.0, 1.1], yaw: 0.0 } applied=true
[lighting-sequence] frame=1144 action=Move { key: 1000, position: [1.707, 0.0, 1.1], yaw: 0.0 } applied=true
[lighting-sequence] frame=1145 action=Move { key: 1000, position: [1.7075, 0.0, 1.1], yaw: 0.0 } applied=true
[lighting-sequence] frame=1146 action=Move { key: 1000, position: [1.708, 0.0, 1.1], yaw: 0.0 } applied=true
[lighting-sequence] frame=1147 action=Move { key: 1000, position: [1.7085, 0.0, 1.1], yaw: 0.0 } applied=true
[lighting-sequence] frame=1148 action=Move { key: 1000, position: [1.709, 0.0, 1.1], yaw: 0.0 } applied=true
[lighting-sequence] frame=1149 action=Move { key: 1000, position: [1.7095, 0.0, 1.1], yaw: 0.0 } applied=true
[lighting-sequence] frame=1150 action=Move { key: 1000, position: [1.71, 0.0, 1.1], yaw: 0.0 } applied=true
[lighting-sequence] frame=1151 action=Move { key: 1000, position: [1.7105, 0.0, 1.1], yaw: 0.0 } applied=true
[lighting-sequence] frame=1152 action=Move { key: 1000, position: [1.711, 0.0, 1.1], yaw: 0.0 } applied=true
[lighting-sequence] frame=1153 action=Move { key: 1000, position: [1.7115, 0.0, 1.1], yaw: 0.0 } applied=true
[lighting-sequence] frame=1154 action=Move { key: 1000, position: [1.712, 0.0, 1.1], yaw: 0.0 } applied=true
[lighting-sequence] frame=1155 action=Move { key: 1000, position: [1.7125, 0.0, 1.1], yaw: 0.0 } applied=true
[lighting-sequence] frame=1156 action=Move { key: 1000, position: [1.713, 0.0, 1.1], yaw: 0.0 } applied=true
[lighting-sequence] frame=1157 action=Move { key: 1000, position: [1.7135, 0.0, 1.1], yaw: 0.0 } applied=true
[lighting-sequence] frame=1158 action=Move { key: 1000, position: [1.714, 0.0, 1.1], yaw: 0.0 } applied=true
[lighting-sequence] frame=1159 action=Move { key: 1000, position: [1.7145, 0.0, 1.1], yaw: 0.0 } applied=true
[lighting-sequence] frame=1160 action=Move { key: 1000, position: [1.715, 0.0, 1.1], yaw: 0.0 } applied=true
[lighting-sequence] frame=1161 action=Move { key: 1000, position: [1.7155, 0.0, 1.1], yaw: 0.0 } applied=true
[lighting-sequence] frame=1162 action=Move { key: 1000, position: [1.716, 0.0, 1.1], yaw: 0.0 } applied=true
[lighting-sequence] frame=1163 action=Move { key: 1000, position: [1.7165, 0.0, 1.1], yaw: 0.0 } applied=true
[lighting-sequence] frame=1164 action=Move { key: 1000, position: [1.717, 0.0, 1.1], yaw: 0.0 } applied=true
[lighting-sequence] frame=1165 action=Move { key: 1000, position: [1.7175, 0.0, 1.1], yaw: 0.0 } applied=true
[lighting-sequence] frame=1166 action=Move { key: 1000, position: [1.718, 0.0, 1.1], yaw: 0.0 } applied=true
[lighting-sequence] frame=1167 action=Move { key: 1000, position: [1.7185, 0.0, 1.1], yaw: 0.0 } applied=true
[lighting-sequence] frame=1168 action=Move { key: 1000, position: [1.719, 0.0, 1.1], yaw: 0.0 } applied=true
[lighting-sequence] frame=1169 action=Move { key: 1000, position: [1.7195, 0.0, 1.1], yaw: 0.0 } applied=true
[lighting-sequence] frame=1170 action=Move { key: 1000, position: [1.72, 0.0, 1.1], yaw: 0.0 } applied=true
[lighting-sequence] frame=1171 action=Move { key: 1000, position: [1.7205, 0.0, 1.1], yaw: 0.0 } applied=true
[lighting-sequence] frame=1172 action=Move { key: 1000, position: [1.721, 0.0, 1.1], yaw: 0.0 } applied=true
[lighting-sequence] frame=1173 action=Move { key: 1000, position: [1.7215, 0.0, 1.1], yaw: 0.0 } applied=true
[lighting-sequence] frame=1174 action=Move { key: 1000, position: [1.722, 0.0, 1.1], yaw: 0.0 } applied=true
[lighting-sequence] frame=1175 action=Move { key: 1000, position: [1.7225, 0.0, 1.1], yaw: 0.0 } applied=true
[lighting-sequence] frame=1176 action=Move { key: 1000, position: [1.723, 0.0, 1.1], yaw: 0.0 } applied=true
[lighting-sequence] frame=1177 action=Move { key: 1000, position: [1.7235, 0.0, 1.1], yaw: 0.0 } applied=true
[lighting-sequence] frame=1178 action=Move { key: 1000, position: [1.724, 0.0, 1.1], yaw: 0.0 } applied=true
[lighting-sequence] frame=1179 action=Move { key: 1000, position: [1.7245, 0.0, 1.1], yaw: 0.0 } applied=true
[lighting-sequence] frame=1180 action=Move { key: 1000, position: [1.725, 0.0, 1.1], yaw: 0.0 } applied=true
[lighting-sequence] frame=1181 action=Move { key: 1000, position: [1.7255, 0.0, 1.1], yaw: 0.0 } applied=true
[lighting-sequence] frame=1182 action=Move { key: 1000, position: [1.726, 0.0, 1.1], yaw: 0.0 } applied=true
[lighting-sequence] frame=1183 action=Move { key: 1000, position: [1.7265, 0.0, 1.1], yaw: 0.0 } applied=true
[lighting-sequence] frame=1184 action=Move { key: 1000, position: [1.727, 0.0, 1.1], yaw: 0.0 } applied=true
[lighting-sequence] frame=1185 action=Move { key: 1000, position: [1.7275, 0.0, 1.1], yaw: 0.0 } applied=true
[lighting-sequence] frame=1186 action=Move { key: 1000, position: [1.728, 0.0, 1.1], yaw: 0.0 } applied=true
[lighting-sequence] frame=1187 action=Move { key: 1000, position: [1.7285, 0.0, 1.1], yaw: 0.0 } applied=true
[lighting-sequence] frame=1188 action=Move { key: 1000, position: [1.729, 0.0, 1.1], yaw: 0.0 } applied=true
[lighting-sequence] frame=1189 action=Move { key: 1000, position: [1.7295, 0.0, 1.1], yaw: 0.0 } applied=true
[lighting-sequence] frame=1190 action=Move { key: 1000, position: [1.73, 0.0, 1.1], yaw: 0.0 } applied=true
[lighting-sequence] frame=1191 action=Move { key: 1000, position: [1.7305, 0.0, 1.1], yaw: 0.0 } applied=true
[lighting-sequence] frame=1192 action=Move { key: 1000, position: [1.731, 0.0, 1.1], yaw: 0.0 } applied=true
[lighting-sequence] frame=1193 action=Move { key: 1000, position: [1.7315, 0.0, 1.1], yaw: 0.0 } applied=true
[lighting-sequence] frame=1194 action=Move { key: 1000, position: [1.732, 0.0, 1.1], yaw: 0.0 } applied=true
[lighting-sequence] frame=1195 action=Move { key: 1000, position: [1.7325, 0.0, 1.1], yaw: 0.0 } applied=true
[lighting-sequence] frame=1196 action=Move { key: 1000, position: [1.733, 0.0, 1.1], yaw: 0.0 } applied=true
[lighting-sequence] frame=1197 action=Move { key: 1000, position: [1.7335, 0.0, 1.1], yaw: 0.0 } applied=true
[lighting-sequence] frame=1198 action=Move { key: 1000, position: [1.734, 0.0, 1.1], yaw: 0.0 } applied=true
[lighting-sequence] frame=1199 action=Move { key: 1000, position: [1.7345, 0.0, 1.1], yaw: 0.0 } applied=true
[lighting-sequence] frame=1200 action=Move { key: 1000, position: [1.735, 0.0, 1.1], yaw: 0.0 } applied=true
[lighting-sequence] frame=1201 action=Move { key: 1000, position: [1.7355, 0.0, 1.1], yaw: 0.0 } applied=true
[lighting-sequence] frame=1202 action=Move { key: 1000, position: [1.736, 0.0, 1.1], yaw: 0.0 } applied=true
[lighting-sequence] frame=1203 action=Move { key: 1000, position: [1.7365, 0.0, 1.1], yaw: 0.0 } applied=true
[lighting-sequence] frame=1204 action=Move { key: 1000, position: [1.737, 0.0, 1.1], yaw: 0.0 } applied=true
[lighting-sequence] frame=1205 action=Move { key: 1000, position: [1.7375, 0.0, 1.1], yaw: 0.0 } applied=true
[lighting-sequence] frame=1206 action=Move { key: 1000, position: [1.738, 0.0, 1.1], yaw: 0.0 } applied=true
[lighting-sequence] frame=1207 action=Move { key: 1000, position: [1.7385, 0.0, 1.1], yaw: 0.0 } applied=true
[lighting-sequence] frame=1208 action=Move { key: 1000, position: [1.739, 0.0, 1.1], yaw: 0.0 } applied=true
[lighting-sequence] frame=1209 action=Move { key: 1000, position: [1.7395, 0.0, 1.1], yaw: 0.0 } applied=true
[lighting-sequence] frame=1210 action=Move { key: 1000, position: [1.74, 0.0, 1.1], yaw: 0.0 } applied=true
[lighting-sequence] frame=1211 action=Move { key: 1000, position: [1.7405, 0.0, 1.1], yaw: 0.0 } applied=true
[lighting-sequence] frame=1212 action=Move { key: 1000, position: [1.741, 0.0, 1.1], yaw: 0.0 } applied=true
[lighting-sequence] frame=1213 action=Move { key: 1000, position: [1.7415, 0.0, 1.1], yaw: 0.0 } applied=true
[lighting-sequence] frame=1214 action=Move { key: 1000, position: [1.742, 0.0, 1.1], yaw: 0.0 } applied=true
[lighting-sequence] frame=1215 action=Move { key: 1000, position: [1.7425, 0.0, 1.1], yaw: 0.0 } applied=true
[lighting-sequence] frame=1216 action=Move { key: 1000, position: [1.743, 0.0, 1.1], yaw: 0.0 } applied=true
[lighting-sequence] frame=1217 action=Move { key: 1000, position: [1.7435, 0.0, 1.1], yaw: 0.0 } applied=true
[lighting-sequence] frame=1218 action=Move { key: 1000, position: [1.744, 0.0, 1.1], yaw: 0.0 } applied=true
[lighting-sequence] frame=1219 action=Move { key: 1000, position: [1.7445, 0.0, 1.1], yaw: 0.0 } applied=true
[lighting-sequence] frame=1220 action=Move { key: 1000, position: [1.745, 0.0, 1.1], yaw: 0.0 } applied=true
[lighting-sequence] frame=1221 action=Move { key: 1000, position: [1.7455, 0.0, 1.1], yaw: 0.0 } applied=true
[lighting-sequence] frame=1222 action=Move { key: 1000, position: [1.746, 0.0, 1.1], yaw: 0.0 } applied=true
[lighting-sequence] frame=1223 action=Move { key: 1000, position: [1.7465, 0.0, 1.1], yaw: 0.0 } applied=true
[lighting-sequence] frame=1224 action=Move { key: 1000, position: [1.747, 0.0, 1.1], yaw: 0.0 } applied=true
[lighting-sequence] frame=1225 action=Move { key: 1000, position: [1.7475, 0.0, 1.1], yaw: 0.0 } applied=true
[lighting-sequence] frame=1226 action=Move { key: 1000, position: [1.748, 0.0, 1.1], yaw: 0.0 } applied=true
[lighting-sequence] frame=1227 action=Move { key: 1000, position: [1.7485, 0.0, 1.1], yaw: 0.0 } applied=true
[lighting-sequence] frame=1228 action=Move { key: 1000, position: [1.749, 0.0, 1.1], yaw: 0.0 } applied=true
[lighting-sequence] frame=1229 action=Move { key: 1000, position: [1.7495, 0.0, 1.1], yaw: 0.0 } applied=true
[lighting-sequence] frame=1230 action=Move { key: 1000, position: [1.7, 0.0, 1.1], yaw: 0.0 } applied=true
[lighting-sequence] frame=1231 action=Move { key: 1000, position: [1.7005, 0.0, 1.1], yaw: 0.0 } applied=true
[lighting-sequence] frame=1232 action=Move { key: 1000, position: [1.701, 0.0, 1.1], yaw: 0.0 } applied=true
[lighting-sequence] frame=1233 action=Move { key: 1000, position: [1.7015, 0.0, 1.1], yaw: 0.0 } applied=true
[lighting-sequence] frame=1234 action=Move { key: 1000, position: [1.702, 0.0, 1.1], yaw: 0.0 } applied=true
[lighting-sequence] frame=1235 action=Move { key: 1000, position: [1.7025, 0.0, 1.1], yaw: 0.0 } applied=true
[lighting-sequence] frame=1236 action=Move { key: 1000, position: [1.703, 0.0, 1.1], yaw: 0.0 } applied=true
[lighting-sequence] frame=1237 action=Move { key: 1000, position: [1.7035, 0.0, 1.1], yaw: 0.0 } applied=true
[lighting-sequence] frame=1238 action=Move { key: 1000, position: [1.704, 0.0, 1.1], yaw: 0.0 } applied=true
[lighting-sequence] frame=1239 action=Move { key: 1000, position: [1.7045, 0.0, 1.1], yaw: 0.0 } applied=true
[lighting-sequence] frame=1240 action=Move { key: 1000, position: [1.705, 0.0, 1.1], yaw: 0.0 } applied=true
[lighting-sequence] frame=1241 action=Move { key: 1000, position: [1.7055, 0.0, 1.1], yaw: 0.0 } applied=true
[lighting-sequence] frame=1242 action=Move { key: 1000, position: [1.706, 0.0, 1.1], yaw: 0.0 } applied=true
[lighting-sequence] frame=1243 action=Move { key: 1000, position: [1.7065, 0.0, 1.1], yaw: 0.0 } applied=true
[lighting-sequence] frame=1244 action=Move { key: 1000, position: [1.707, 0.0, 1.1], yaw: 0.0 } applied=true
[lighting-sequence] frame=1245 action=Move { key: 1000, position: [1.7075, 0.0, 1.1], yaw: 0.0 } applied=true
[lighting-sequence] frame=1246 action=Move { key: 1000, position: [1.708, 0.0, 1.1], yaw: 0.0 } applied=true
[lighting-sequence] frame=1247 action=Move { key: 1000, position: [1.7085, 0.0, 1.1], yaw: 0.0 } applied=true
[lighting-sequence] frame=1248 action=Move { key: 1000, position: [1.709, 0.0, 1.1], yaw: 0.0 } applied=true
[lighting-sequence] frame=1249 action=Move { key: 1000, position: [1.7095, 0.0, 1.1], yaw: 0.0 } applied=true
[lighting-sequence] frame=1250 action=Move { key: 1000, position: [1.71, 0.0, 1.1], yaw: 0.0 } applied=true
[lighting-sequence] frame=1251 action=Move { key: 1000, position: [1.7105, 0.0, 1.1], yaw: 0.0 } applied=true
[lighting-sequence] frame=1252 action=Move { key: 1000, position: [1.711, 0.0, 1.1], yaw: 0.0 } applied=true
[lighting-sequence] frame=1253 action=Move { key: 1000, position: [1.7115, 0.0, 1.1], yaw: 0.0 } applied=true
[lighting-sequence] frame=1254 action=Move { key: 1000, position: [1.712, 0.0, 1.1], yaw: 0.0 } applied=true
[lighting-sequence] frame=1255 action=Move { key: 1000, position: [1.7125, 0.0, 1.1], yaw: 0.0 } applied=true
[lighting-sequence] frame=1256 action=Move { key: 1000, position: [1.713, 0.0, 1.1], yaw: 0.0 } applied=true
[lighting-sequence] frame=1257 action=Move { key: 1000, position: [1.7135, 0.0, 1.1], yaw: 0.0 } applied=true
[lighting-sequence] frame=1258 action=Move { key: 1000, position: [1.714, 0.0, 1.1], yaw: 0.0 } applied=true
[lighting-sequence] frame=1259 action=Move { key: 1000, position: [1.7145, 0.0, 1.1], yaw: 0.0 } applied=true
[lighting-sequence] frame=1260 action=Move { key: 1000, position: [1.715, 0.0, 1.1], yaw: 0.0 } applied=true
[lighting-sequence] frame=1261 action=Move { key: 1000, position: [1.7155, 0.0, 1.1], yaw: 0.0 } applied=true
[lighting-sequence] frame=1262 action=Move { key: 1000, position: [1.716, 0.0, 1.1], yaw: 0.0 } applied=true
[lighting-sequence] frame=1263 action=Move { key: 1000, position: [1.7165, 0.0, 1.1], yaw: 0.0 } applied=true
[lighting-sequence] frame=1264 action=Move { key: 1000, position: [1.717, 0.0, 1.1], yaw: 0.0 } applied=true
[lighting-sequence] frame=1265 action=Move { key: 1000, position: [1.7175, 0.0, 1.1], yaw: 0.0 } applied=true
[lighting-sequence] frame=1266 action=Move { key: 1000, position: [1.718, 0.0, 1.1], yaw: 0.0 } applied=true
[lighting-sequence] frame=1267 action=Move { key: 1000, position: [1.7185, 0.0, 1.1], yaw: 0.0 } applied=true
[lighting-sequence] frame=1268 action=Move { key: 1000, position: [1.719, 0.0, 1.1], yaw: 0.0 } applied=true
[lighting-sequence] frame=1269 action=Move { key: 1000, position: [1.7195, 0.0, 1.1], yaw: 0.0 } applied=true
[lighting-sequence] frame=1270 action=Move { key: 1000, position: [1.72, 0.0, 1.1], yaw: 0.0 } applied=true
[lighting-sequence] frame=1271 action=Move { key: 1000, position: [1.7205, 0.0, 1.1], yaw: 0.0 } applied=true
[lighting-sequence] frame=1272 action=Move { key: 1000, position: [1.721, 0.0, 1.1], yaw: 0.0 } applied=true
[lighting-sequence] frame=1273 action=Move { key: 1000, position: [1.7215, 0.0, 1.1], yaw: 0.0 } applied=true
[lighting-sequence] frame=1274 action=Move { key: 1000, position: [1.722, 0.0, 1.1], yaw: 0.0 } applied=true
[lighting-sequence] frame=1275 action=Move { key: 1000, position: [1.7225, 0.0, 1.1], yaw: 0.0 } applied=true
[lighting-sequence] frame=1276 action=Move { key: 1000, position: [1.723, 0.0, 1.1], yaw: 0.0 } applied=true
[lighting-sequence] frame=1277 action=Move { key: 1000, position: [1.7235, 0.0, 1.1], yaw: 0.0 } applied=true
[lighting-sequence] frame=1278 action=Move { key: 1000, position: [1.724, 0.0, 1.1], yaw: 0.0 } applied=true
[lighting-sequence] frame=1279 action=Move { key: 1000, position: [1.7245, 0.0, 1.1], yaw: 0.0 } applied=true
[lighting-sequence] frame=1280 action=Move { key: 1000, position: [1.725, 0.0, 1.1], yaw: 0.0 } applied=true
[lighting-sequence] frame=1281 action=Move { key: 1000, position: [1.7255, 0.0, 1.1], yaw: 0.0 } applied=true
[lighting-sequence] frame=1282 action=Move { key: 1000, position: [1.726, 0.0, 1.1], yaw: 0.0 } applied=true
[lighting-sequence] frame=1283 action=Move { key: 1000, position: [1.7265, 0.0, 1.1], yaw: 0.0 } applied=true
[lighting-sequence] frame=1284 action=Move { key: 1000, position: [1.727, 0.0, 1.1], yaw: 0.0 } applied=true
[lighting-sequence] frame=1285 action=Move { key: 1000, position: [1.7275, 0.0, 1.1], yaw: 0.0 } applied=true
[lighting-sequence] frame=1286 action=Move { key: 1000, position: [1.728, 0.0, 1.1], yaw: 0.0 } applied=true
[lighting-sequence] frame=1287 action=Move { key: 1000, position: [1.7285, 0.0, 1.1], yaw: 0.0 } applied=true
[lighting-sequence] frame=1288 action=Move { key: 1000, position: [1.729, 0.0, 1.1], yaw: 0.0 } applied=true
[lighting-sequence] frame=1289 action=Move { key: 1000, position: [1.7295, 0.0, 1.1], yaw: 0.0 } applied=true
[lighting-sequence] frame=1290 action=Move { key: 1000, position: [1.73, 0.0, 1.1], yaw: 0.0 } applied=true
[lighting-sequence] frame=1291 action=Move { key: 1000, position: [1.7305, 0.0, 1.1], yaw: 0.0 } applied=true
[lighting-sequence] frame=1292 action=Move { key: 1000, position: [1.731, 0.0, 1.1], yaw: 0.0 } applied=true
[lighting-sequence] frame=1293 action=Move { key: 1000, position: [1.7315, 0.0, 1.1], yaw: 0.0 } applied=true
[lighting-sequence] frame=1294 action=Move { key: 1000, position: [1.732, 0.0, 1.1], yaw: 0.0 } applied=true
[lighting-sequence] frame=1295 action=Move { key: 1000, position: [1.7325, 0.0, 1.1], yaw: 0.0 } applied=true
[lighting-sequence] frame=1296 action=Move { key: 1000, position: [1.733, 0.0, 1.1], yaw: 0.0 } applied=true
[lighting-sequence] frame=1297 action=Move { key: 1000, position: [1.7335, 0.0, 1.1], yaw: 0.0 } applied=true
[lighting-sequence] frame=1298 action=Move { key: 1000, position: [1.734, 0.0, 1.1], yaw: 0.0 } applied=true
[lighting-sequence] frame=1299 action=Move { key: 1000, position: [1.7345, 0.0, 1.1], yaw: 0.0 } applied=true
[lighting-sequence] frame=1300 action=Move { key: 1000, position: [1.735, 0.0, 1.1], yaw: 0.0 } applied=true
[lighting-sequence] frame=1301 action=Move { key: 1000, position: [1.7355, 0.0, 1.1], yaw: 0.0 } applied=true
[lighting-sequence] frame=1302 action=Move { key: 1000, position: [1.736, 0.0, 1.1], yaw: 0.0 } applied=true
[lighting-sequence] frame=1303 action=Move { key: 1000, position: [1.7365, 0.0, 1.1], yaw: 0.0 } applied=true
[lighting-sequence] frame=1304 action=Move { key: 1000, position: [1.737, 0.0, 1.1], yaw: 0.0 } applied=true
[lighting-sequence] frame=1305 action=Move { key: 1000, position: [1.7375, 0.0, 1.1], yaw: 0.0 } applied=true
[lighting-sequence] frame=1306 action=Move { key: 1000, position: [1.738, 0.0, 1.1], yaw: 0.0 } applied=true
[lighting-sequence] frame=1307 action=Move { key: 1000, position: [1.7385, 0.0, 1.1], yaw: 0.0 } applied=true
[lighting-sequence] frame=1308 action=Move { key: 1000, position: [1.739, 0.0, 1.1], yaw: 0.0 } applied=true
[lighting-sequence] frame=1309 action=Move { key: 1000, position: [1.7395, 0.0, 1.1], yaw: 0.0 } applied=true
[lighting-sequence] frame=1310 action=Move { key: 1000, position: [1.74, 0.0, 1.1], yaw: 0.0 } applied=true
[lighting-sequence] frame=1311 action=Move { key: 1000, position: [1.7405, 0.0, 1.1], yaw: 0.0 } applied=true
[lighting-sequence] frame=1312 action=Move { key: 1000, position: [1.741, 0.0, 1.1], yaw: 0.0 } applied=true
[lighting-sequence] frame=1313 action=Move { key: 1000, position: [1.7415, 0.0, 1.1], yaw: 0.0 } applied=true
[lighting-sequence] frame=1314 action=Move { key: 1000, position: [1.742, 0.0, 1.1], yaw: 0.0 } applied=true
[lighting-sequence] frame=1315 action=Move { key: 1000, position: [1.7425, 0.0, 1.1], yaw: 0.0 } applied=true
[lighting-sequence] frame=1316 action=Move { key: 1000, position: [1.743, 0.0, 1.1], yaw: 0.0 } applied=true
[lighting-sequence] frame=1317 action=Move { key: 1000, position: [1.7435, 0.0, 1.1], yaw: 0.0 } applied=true
[lighting-sequence] frame=1318 action=Move { key: 1000, position: [1.744, 0.0, 1.1], yaw: 0.0 } applied=true
[lighting-sequence] frame=1319 action=Move { key: 1000, position: [1.7445, 0.0, 1.1], yaw: 0.0 } applied=true
[lighting-sequence] frame=1320 action=Move { key: 1000, position: [1.745, 0.0, 1.1], yaw: 0.0 } applied=true
[lighting-sequence] frame=1321 action=Move { key: 1000, position: [1.7455, 0.0, 1.1], yaw: 0.0 } applied=true
[lighting-sequence] frame=1322 action=Move { key: 1000, position: [1.746, 0.0, 1.1], yaw: 0.0 } applied=true
[lighting-sequence] frame=1323 action=Move { key: 1000, position: [1.7465, 0.0, 1.1], yaw: 0.0 } applied=true
[lighting-sequence] frame=1324 action=Move { key: 1000, position: [1.747, 0.0, 1.1], yaw: 0.0 } applied=true
[lighting-sequence] frame=1325 action=Move { key: 1000, position: [1.7475, 0.0, 1.1], yaw: 0.0 } applied=true
[lighting-sequence] frame=1326 action=Move { key: 1000, position: [1.748, 0.0, 1.1], yaw: 0.0 } applied=true
[lighting-sequence] frame=1327 action=Move { key: 1000, position: [1.7485, 0.0, 1.1], yaw: 0.0 } applied=true
[lighting-sequence] frame=1328 action=Move { key: 1000, position: [1.749, 0.0, 1.1], yaw: 0.0 } applied=true
[lighting-sequence] frame=1329 action=Move { key: 1000, position: [1.7495, 0.0, 1.1], yaw: 0.0 } applied=true
[lighting-sequence] frame=1330 action=Move { key: 1000, position: [1.7, 0.0, 1.1], yaw: 0.0 } applied=true
[lighting-sequence] frame=1331 action=Move { key: 1000, position: [1.7005, 0.0, 1.1], yaw: 0.0 } applied=true
[lighting-sequence] frame=1332 action=Move { key: 1000, position: [1.701, 0.0, 1.1], yaw: 0.0 } applied=true
[lighting-sequence] frame=1333 action=Move { key: 1000, position: [1.7015, 0.0, 1.1], yaw: 0.0 } applied=true
[lighting-sequence] frame=1334 action=Move { key: 1000, position: [1.702, 0.0, 1.1], yaw: 0.0 } applied=true
[lighting-sequence] frame=1335 action=Move { key: 1000, position: [1.7025, 0.0, 1.1], yaw: 0.0 } applied=true
[lighting-sequence] frame=1336 action=Move { key: 1000, position: [1.703, 0.0, 1.1], yaw: 0.0 } applied=true
[lighting-sequence] frame=1337 action=Move { key: 1000, position: [1.7035, 0.0, 1.1], yaw: 0.0 } applied=true
[lighting-sequence] frame=1338 action=Move { key: 1000, position: [1.704, 0.0, 1.1], yaw: 0.0 } applied=true
[lighting-sequence] frame=1339 action=Move { key: 1000, position: [1.7045, 0.0, 1.1], yaw: 0.0 } applied=true
[lighting-sequence] frame=1340 action=Move { key: 1000, position: [1.705, 0.0, 1.1], yaw: 0.0 } applied=true
[lighting-sequence] frame=1341 action=Move { key: 1000, position: [1.7055, 0.0, 1.1], yaw: 0.0 } applied=true
[lighting-sequence] frame=1342 action=Move { key: 1000, position: [1.706, 0.0, 1.1], yaw: 0.0 } applied=true
[lighting-sequence] frame=1343 action=Move { key: 1000, position: [1.7065, 0.0, 1.1], yaw: 0.0 } applied=true
[lighting-sequence] frame=1344 action=Move { key: 1000, position: [1.707, 0.0, 1.1], yaw: 0.0 } applied=true
[lighting-sequence] frame=1345 action=Move { key: 1000, position: [1.7075, 0.0, 1.1], yaw: 0.0 } applied=true
[lighting-sequence] frame=1346 action=Move { key: 1000, position: [1.708, 0.0, 1.1], yaw: 0.0 } applied=true
[lighting-sequence] frame=1347 action=Move { key: 1000, position: [1.7085, 0.0, 1.1], yaw: 0.0 } applied=true
[lighting-sequence] frame=1348 action=Move { key: 1000, position: [1.709, 0.0, 1.1], yaw: 0.0 } applied=true
[lighting-sequence] frame=1349 action=Move { key: 1000, position: [1.7095, 0.0, 1.1], yaw: 0.0 } applied=true
[lighting-sequence] frame=1350 action=Move { key: 1000, position: [1.71, 0.0, 1.1], yaw: 0.0 } applied=true
[lighting-sequence] frame=1351 action=Move { key: 1000, position: [1.7105, 0.0, 1.1], yaw: 0.0 } applied=true
[lighting-sequence] frame=1352 action=Move { key: 1000, position: [1.711, 0.0, 1.1], yaw: 0.0 } applied=true
[lighting-sequence] frame=1353 action=Move { key: 1000, position: [1.7115, 0.0, 1.1], yaw: 0.0 } applied=true
[lighting-sequence] frame=1354 action=Move { key: 1000, position: [1.712, 0.0, 1.1], yaw: 0.0 } applied=true
[lighting-sequence] frame=1355 action=Move { key: 1000, position: [1.7125, 0.0, 1.1], yaw: 0.0 } applied=true
[lighting-sequence] frame=1356 action=Move { key: 1000, position: [1.713, 0.0, 1.1], yaw: 0.0 } applied=true
[lighting-sequence] frame=1357 action=Move { key: 1000, position: [1.7135, 0.0, 1.1], yaw: 0.0 } applied=true
[lighting-sequence] frame=1358 action=Move { key: 1000, position: [1.714, 0.0, 1.1], yaw: 0.0 } applied=true
[lighting-sequence] frame=1359 action=Move { key: 1000, position: [1.7145, 0.0, 1.1], yaw: 0.0 } applied=true
[lighting-sequence] frame=1360 action=Move { key: 1000, position: [1.715, 0.0, 1.1], yaw: 0.0 } applied=true
[lighting-sequence] frame=1361 action=Move { key: 1000, position: [1.7155, 0.0, 1.1], yaw: 0.0 } applied=true
[lighting-sequence] frame=1362 action=Move { key: 1000, position: [1.716, 0.0, 1.1], yaw: 0.0 } applied=true
[lighting-sequence] frame=1363 action=Move { key: 1000, position: [1.7165, 0.0, 1.1], yaw: 0.0 } applied=true
[lighting-sequence] frame=1364 action=Move { key: 1000, position: [1.717, 0.0, 1.1], yaw: 0.0 } applied=true
[lighting-sequence] frame=1365 action=Move { key: 1000, position: [1.7175, 0.0, 1.1], yaw: 0.0 } applied=true
[lighting-sequence] frame=1366 action=Move { key: 1000, position: [1.718, 0.0, 1.1], yaw: 0.0 } applied=true
[lighting-sequence] frame=1367 action=Move { key: 1000, position: [1.7185, 0.0, 1.1], yaw: 0.0 } applied=true
[lighting-sequence] frame=1368 action=Move { key: 1000, position: [1.719, 0.0, 1.1], yaw: 0.0 } applied=true
[lighting-sequence] frame=1369 action=Move { key: 1000, position: [1.7195, 0.0, 1.1], yaw: 0.0 } applied=true
[lighting-sequence] frame=1370 action=Move { key: 1000, position: [1.72, 0.0, 1.1], yaw: 0.0 } applied=true
[lighting-sequence] frame=1371 action=Move { key: 1000, position: [1.7205, 0.0, 1.1], yaw: 0.0 } applied=true
[lighting-sequence] frame=1372 action=Move { key: 1000, position: [1.721, 0.0, 1.1], yaw: 0.0 } applied=true
[lighting-sequence] frame=1373 action=Move { key: 1000, position: [1.7215, 0.0, 1.1], yaw: 0.0 } applied=true
[lighting-sequence] frame=1374 action=Move { key: 1000, position: [1.722, 0.0, 1.1], yaw: 0.0 } applied=true
[lighting-sequence] frame=1375 action=Move { key: 1000, position: [1.7225, 0.0, 1.1], yaw: 0.0 } applied=true
[lighting-sequence] frame=1376 action=Move { key: 1000, position: [1.723, 0.0, 1.1], yaw: 0.0 } applied=true
[lighting-sequence] frame=1377 action=Move { key: 1000, position: [1.7235, 0.0, 1.1], yaw: 0.0 } applied=true
[lighting-sequence] frame=1378 action=Move { key: 1000, position: [1.724, 0.0, 1.1], yaw: 0.0 } applied=true
[lighting-sequence] frame=1379 action=Move { key: 1000, position: [1.7245, 0.0, 1.1], yaw: 0.0 } applied=true
[lighting-sequence] frame=1380 action=Move { key: 1000, position: [1.725, 0.0, 1.1], yaw: 0.0 } applied=true
[lighting-sequence] frame=1381 action=Move { key: 1000, position: [1.7255, 0.0, 1.1], yaw: 0.0 } applied=true
[lighting-sequence] frame=1382 action=Move { key: 1000, position: [1.726, 0.0, 1.1], yaw: 0.0 } applied=true
[lighting-sequence] frame=1383 action=Move { key: 1000, position: [1.7265, 0.0, 1.1], yaw: 0.0 } applied=true
[lighting-sequence] frame=1384 action=Move { key: 1000, position: [1.727, 0.0, 1.1], yaw: 0.0 } applied=true
[lighting-sequence] frame=1385 action=Move { key: 1000, position: [1.7275, 0.0, 1.1], yaw: 0.0 } applied=true
[lighting-sequence] frame=1386 action=Move { key: 1000, position: [1.728, 0.0, 1.1], yaw: 0.0 } applied=true
[lighting-sequence] frame=1387 action=Move { key: 1000, position: [1.7285, 0.0, 1.1], yaw: 0.0 } applied=true
[lighting-sequence] frame=1388 action=Move { key: 1000, position: [1.729, 0.0, 1.1], yaw: 0.0 } applied=true
[lighting-sequence] frame=1389 action=Move { key: 1000, position: [1.7295, 0.0, 1.1], yaw: 0.0 } applied=true
[lighting-sequence] frame=1390 action=Move { key: 1000, position: [1.73, 0.0, 1.1], yaw: 0.0 } applied=true
[lighting-sequence] frame=1391 action=Move { key: 1000, position: [1.7305, 0.0, 1.1], yaw: 0.0 } applied=true
[lighting-sequence] frame=1392 action=Move { key: 1000, position: [1.731, 0.0, 1.1], yaw: 0.0 } applied=true
[lighting-sequence] frame=1393 action=Move { key: 1000, position: [1.7315, 0.0, 1.1], yaw: 0.0 } applied=true
[lighting-sequence] frame=1394 action=Move { key: 1000, position: [1.732, 0.0, 1.1], yaw: 0.0 } applied=true
[lighting-sequence] frame=1395 action=Move { key: 1000, position: [1.7325, 0.0, 1.1], yaw: 0.0 } applied=true
[lighting-sequence] frame=1396 action=Move { key: 1000, position: [1.733, 0.0, 1.1], yaw: 0.0 } applied=true
[lighting-sequence] frame=1397 action=Move { key: 1000, position: [1.7335, 0.0, 1.1], yaw: 0.0 } applied=true
[lighting-sequence] frame=1398 action=Move { key: 1000, position: [1.734, 0.0, 1.1], yaw: 0.0 } applied=true
[lighting-sequence] frame=1399 action=Move { key: 1000, position: [1.7345, 0.0, 1.1], yaw: 0.0 } applied=true
[lighting-sequence] frame=1400 action=Move { key: 1000, position: [1.735, 0.0, 1.1], yaw: 0.0 } applied=true
[lighting-sequence] frame=1401 action=Move { key: 1000, position: [1.7355, 0.0, 1.1], yaw: 0.0 } applied=true
[lighting-sequence] frame=1402 action=Move { key: 1000, position: [1.736, 0.0, 1.1], yaw: 0.0 } applied=true
[lighting-sequence] frame=1403 action=Move { key: 1000, position: [1.7365, 0.0, 1.1], yaw: 0.0 } applied=true
[lighting-sequence] frame=1404 action=Move { key: 1000, position: [1.737, 0.0, 1.1], yaw: 0.0 } applied=true
[lighting-sequence] frame=1405 action=Move { key: 1000, position: [1.7375, 0.0, 1.1], yaw: 0.0 } applied=true
[lighting-sequence] frame=1406 action=Move { key: 1000, position: [1.738, 0.0, 1.1], yaw: 0.0 } applied=true
[lighting-sequence] frame=1407 action=Move { key: 1000, position: [1.7385, 0.0, 1.1], yaw: 0.0 } applied=true
[lighting-sequence] frame=1408 action=Move { key: 1000, position: [1.739, 0.0, 1.1], yaw: 0.0 } applied=true
[lighting-sequence] frame=1409 action=Move { key: 1000, position: [1.7395, 0.0, 1.1], yaw: 0.0 } applied=true
[lighting-sequence] frame=1410 action=Move { key: 1000, position: [1.74, 0.0, 1.1], yaw: 0.0 } applied=true
[lighting-sequence] frame=1411 action=Move { key: 1000, position: [1.7405, 0.0, 1.1], yaw: 0.0 } applied=true
[lighting-sequence] frame=1412 action=Move { key: 1000, position: [1.741, 0.0, 1.1], yaw: 0.0 } applied=true
[lighting-sequence] frame=1413 action=Move { key: 1000, position: [1.7415, 0.0, 1.1], yaw: 0.0 } applied=true
[lighting-sequence] frame=1414 action=Move { key: 1000, position: [1.742, 0.0, 1.1], yaw: 0.0 } applied=true
[lighting-sequence] frame=1415 action=Move { key: 1000, position: [1.7425, 0.0, 1.1], yaw: 0.0 } applied=true
[lighting-sequence] frame=1416 action=Move { key: 1000, position: [1.743, 0.0, 1.1], yaw: 0.0 } applied=true
[lighting-sequence] frame=1417 action=Move { key: 1000, position: [1.7435, 0.0, 1.1], yaw: 0.0 } applied=true
[lighting-sequence] frame=1418 action=Move { key: 1000, position: [1.744, 0.0, 1.1], yaw: 0.0 } applied=true
[lighting-sequence] frame=1419 action=Move { key: 1000, position: [1.7445, 0.0, 1.1], yaw: 0.0 } applied=true
[lighting-sequence] frame=1420 action=Move { key: 1000, position: [1.745, 0.0, 1.1], yaw: 0.0 } applied=true
[lighting-sequence] frame=1421 action=Move { key: 1000, position: [1.7455, 0.0, 1.1], yaw: 0.0 } applied=true
[lighting-sequence] frame=1422 action=Move { key: 1000, position: [1.746, 0.0, 1.1], yaw: 0.0 } applied=true
[lighting-sequence] frame=1423 action=Move { key: 1000, position: [1.7465, 0.0, 1.1], yaw: 0.0 } applied=true
[lighting-sequence] frame=1424 action=Move { key: 1000, position: [1.747, 0.0, 1.1], yaw: 0.0 } applied=true
[lighting-sequence] frame=1425 action=Move { key: 1000, position: [1.7475, 0.0, 1.1], yaw: 0.0 } applied=true
[lighting-sequence] frame=1426 action=Move { key: 1000, position: [1.748, 0.0, 1.1], yaw: 0.0 } applied=true
[lighting-sequence] frame=1427 action=Move { key: 1000, position: [1.7485, 0.0, 1.1], yaw: 0.0 } applied=true
[lighting-sequence] frame=1428 action=Move { key: 1000, position: [1.749, 0.0, 1.1], yaw: 0.0 } applied=true
[lighting-sequence] frame=1429 action=Move { key: 1000, position: [1.7495, 0.0, 1.1], yaw: 0.0 } applied=true
[lighting-sequence] frame=1430 action=Move { key: 1000, position: [1.7, 0.0, 1.1], yaw: 0.0 } applied=true
[lighting-sequence] frame=1431 action=Move { key: 1000, position: [1.7005, 0.0, 1.1], yaw: 0.0 } applied=true
[lighting-sequence] frame=1432 action=Move { key: 1000, position: [1.701, 0.0, 1.1], yaw: 0.0 } applied=true
[lighting-sequence] frame=1433 action=Move { key: 1000, position: [1.7015, 0.0, 1.1], yaw: 0.0 } applied=true
[lighting-sequence] frame=1434 action=Move { key: 1000, position: [1.702, 0.0, 1.1], yaw: 0.0 } applied=true
[lighting-sequence] frame=1435 action=Move { key: 1000, position: [1.7025, 0.0, 1.1], yaw: 0.0 } applied=true
[lighting-sequence] frame=1436 action=Move { key: 1000, position: [1.703, 0.0, 1.1], yaw: 0.0 } applied=true
[lighting-sequence] frame=1437 action=Move { key: 1000, position: [1.7035, 0.0, 1.1], yaw: 0.0 } applied=true
[lighting-sequence] frame=1438 action=Move { key: 1000, position: [1.704, 0.0, 1.1], yaw: 0.0 } applied=true
[lighting-sequence] frame=1439 action=Move { key: 1000, position: [1.7045, 0.0, 1.1], yaw: 0.0 } applied=true
[lighting-sequence] frame=1440 action=Move { key: 1000, position: [1.705, 0.0, 1.1], yaw: 0.0 } applied=true
[lighting-sequence] frame=1441 action=Move { key: 1000, position: [1.7055, 0.0, 1.1], yaw: 0.0 } applied=true
[lighting-sequence] frame=1442 action=Move { key: 1000, position: [1.706, 0.0, 1.1], yaw: 0.0 } applied=true
[lighting-sequence] frame=1443 action=Move { key: 1000, position: [1.7065, 0.0, 1.1], yaw: 0.0 } applied=true
[lighting-sequence] frame=1444 action=Move { key: 1000, position: [1.707, 0.0, 1.1], yaw: 0.0 } applied=true
[lighting-sequence] frame=1445 action=Move { key: 1000, position: [1.7075, 0.0, 1.1], yaw: 0.0 } applied=true
[lighting-sequence] frame=1446 action=Move { key: 1000, position: [1.708, 0.0, 1.1], yaw: 0.0 } applied=true
[lighting-sequence] frame=1447 action=Move { key: 1000, position: [1.7085, 0.0, 1.1], yaw: 0.0 } applied=true
[lighting-sequence] frame=1448 action=Move { key: 1000, position: [1.709, 0.0, 1.1], yaw: 0.0 } applied=true
[lighting-sequence] frame=1449 action=Move { key: 1000, position: [1.7095, 0.0, 1.1], yaw: 0.0 } applied=true
[lighting-sequence] frame=1450 action=Move { key: 1000, position: [1.71, 0.0, 1.1], yaw: 0.0 } applied=true
[lighting-sequence] frame=1451 action=Move { key: 1000, position: [1.7105, 0.0, 1.1], yaw: 0.0 } applied=true
[lighting-sequence] frame=1452 action=Move { key: 1000, position: [1.711, 0.0, 1.1], yaw: 0.0 } applied=true
[lighting-sequence] frame=1453 action=Move { key: 1000, position: [1.7115, 0.0, 1.1], yaw: 0.0 } applied=true
[lighting-sequence] frame=1454 action=Move { key: 1000, position: [1.712, 0.0, 1.1], yaw: 0.0 } applied=true
[lighting-sequence] frame=1455 action=Move { key: 1000, position: [1.7125, 0.0, 1.1], yaw: 0.0 } applied=true
[lighting-sequence] frame=1456 action=Move { key: 1000, position: [1.713, 0.0, 1.1], yaw: 0.0 } applied=true
[lighting-sequence] frame=1457 action=Move { key: 1000, position: [1.7135, 0.0, 1.1], yaw: 0.0 } applied=true
[lighting-sequence] frame=1458 action=Move { key: 1000, position: [1.714, 0.0, 1.1], yaw: 0.0 } applied=true
[lighting-sequence] frame=1459 action=Move { key: 1000, position: [1.7145, 0.0, 1.1], yaw: 0.0 } applied=true
[lighting-sequence] frame=1460 action=Move { key: 1000, position: [1.715, 0.0, 1.1], yaw: 0.0 } applied=true
[lighting-sequence] frame=1461 action=Move { key: 1000, position: [1.7155, 0.0, 1.1], yaw: 0.0 } applied=true
[lighting-sequence] frame=1462 action=Move { key: 1000, position: [1.716, 0.0, 1.1], yaw: 0.0 } applied=true
[lighting-sequence] frame=1463 action=Move { key: 1000, position: [1.7165, 0.0, 1.1], yaw: 0.0 } applied=true
[lighting-sequence] frame=1464 action=Move { key: 1000, position: [1.717, 0.0, 1.1], yaw: 0.0 } applied=true
[lighting-sequence] frame=1465 action=Move { key: 1000, position: [1.7175, 0.0, 1.1], yaw: 0.0 } applied=true
[lighting-sequence] frame=1466 action=Move { key: 1000, position: [1.718, 0.0, 1.1], yaw: 0.0 } applied=true
[lighting-sequence] frame=1467 action=Move { key: 1000, position: [1.7185, 0.0, 1.1], yaw: 0.0 } applied=true
[lighting-sequence] frame=1468 action=Move { key: 1000, position: [1.719, 0.0, 1.1], yaw: 0.0 } applied=true
[lighting-sequence] frame=1469 action=Move { key: 1000, position: [1.7195, 0.0, 1.1], yaw: 0.0 } applied=true
[lighting-sequence] frame=1470 action=Move { key: 1000, position: [1.72, 0.0, 1.1], yaw: 0.0 } applied=true
[lighting-sequence] frame=1471 action=Move { key: 1000, position: [1.7205, 0.0, 1.1], yaw: 0.0 } applied=true
[lighting-sequence] frame=1472 action=Move { key: 1000, position: [1.721, 0.0, 1.1], yaw: 0.0 } applied=true
[lighting-sequence] frame=1473 action=Move { key: 1000, position: [1.7215, 0.0, 1.1], yaw: 0.0 } applied=true
[lighting-sequence] frame=1474 action=Move { key: 1000, position: [1.722, 0.0, 1.1], yaw: 0.0 } applied=true
[lighting-sequence] frame=1475 action=Move { key: 1000, position: [1.7225, 0.0, 1.1], yaw: 0.0 } applied=true
[lighting-sequence] frame=1476 action=Move { key: 1000, position: [1.723, 0.0, 1.1], yaw: 0.0 } applied=true
[lighting-sequence] frame=1477 action=Move { key: 1000, position: [1.7235, 0.0, 1.1], yaw: 0.0 } applied=true
[lighting-sequence] frame=1478 action=Move { key: 1000, position: [1.724, 0.0, 1.1], yaw: 0.0 } applied=true
[lighting-sequence] frame=1479 action=Move { key: 1000, position: [1.7245, 0.0, 1.1], yaw: 0.0 } applied=true
[lighting-sequence] frame=1480 action=Move { key: 1000, position: [1.725, 0.0, 1.1], yaw: 0.0 } applied=true
[lighting-sequence] frame=1481 action=Move { key: 1000, position: [1.7255, 0.0, 1.1], yaw: 0.0 } applied=true
[lighting-sequence] frame=1482 action=Move { key: 1000, position: [1.726, 0.0, 1.1], yaw: 0.0 } applied=true
[lighting-sequence] frame=1483 action=Move { key: 1000, position: [1.7265, 0.0, 1.1], yaw: 0.0 } applied=true
[lighting-sequence] frame=1484 action=Move { key: 1000, position: [1.727, 0.0, 1.1], yaw: 0.0 } applied=true
[lighting-sequence] frame=1485 action=Move { key: 1000, position: [1.7275, 0.0, 1.1], yaw: 0.0 } applied=true
[lighting-sequence] frame=1486 action=Move { key: 1000, position: [1.728, 0.0, 1.1], yaw: 0.0 } applied=true
[lighting-sequence] frame=1487 action=Move { key: 1000, position: [1.7285, 0.0, 1.1], yaw: 0.0 } applied=true
[lighting-sequence] frame=1488 action=Move { key: 1000, position: [1.729, 0.0, 1.1], yaw: 0.0 } applied=true
[lighting-sequence] frame=1489 action=Move { key: 1000, position: [1.7295, 0.0, 1.1], yaw: 0.0 } applied=true
[lighting-sequence] frame=1490 action=Move { key: 1000, position: [1.73, 0.0, 1.1], yaw: 0.0 } applied=true
[lighting-sequence] frame=1491 action=Move { key: 1000, position: [1.7305, 0.0, 1.1], yaw: 0.0 } applied=true
[lighting-sequence] frame=1492 action=Move { key: 1000, position: [1.731, 0.0, 1.1], yaw: 0.0 } applied=true
[lighting-sequence] frame=1493 action=Move { key: 1000, position: [1.7315, 0.0, 1.1], yaw: 0.0 } applied=true
[lighting-sequence] frame=1494 action=Move { key: 1000, position: [1.732, 0.0, 1.1], yaw: 0.0 } applied=true
[lighting-sequence] frame=1495 action=Move { key: 1000, position: [1.7325, 0.0, 1.1], yaw: 0.0 } applied=true
[lighting-sequence] frame=1496 action=Move { key: 1000, position: [1.733, 0.0, 1.1], yaw: 0.0 } applied=true
[lighting-sequence] frame=1497 action=Move { key: 1000, position: [1.7335, 0.0, 1.1], yaw: 0.0 } applied=true
[lighting-sequence] frame=1498 action=Move { key: 1000, position: [1.734, 0.0, 1.1], yaw: 0.0 } applied=true
[lighting-sequence] frame=1499 action=Move { key: 1000, position: [1.7345, 0.0, 1.1], yaw: 0.0 } applied=true
[lighting-sequence] frame=1500 action=Move { key: 1000, position: [1.735, 0.0, 1.1], yaw: 0.0 } applied=true
[lighting-sequence] frame=1501 action=Move { key: 1000, position: [1.7355, 0.0, 1.1], yaw: 0.0 } applied=true
[lighting-sequence] frame=1502 action=Move { key: 1000, position: [1.736, 0.0, 1.1], yaw: 0.0 } applied=true
[lighting-sequence] frame=1503 action=Move { key: 1000, position: [1.7365, 0.0, 1.1], yaw: 0.0 } applied=true
[lighting-sequence] frame=1504 action=Move { key: 1000, position: [1.737, 0.0, 1.1], yaw: 0.0 } applied=true
[lighting-sequence] frame=1505 action=Move { key: 1000, position: [1.7375, 0.0, 1.1], yaw: 0.0 } applied=true
[lighting-sequence] frame=1506 action=Move { key: 1000, position: [1.738, 0.0, 1.1], yaw: 0.0 } applied=true
[lighting-sequence] frame=1507 action=Move { key: 1000, position: [1.7385, 0.0, 1.1], yaw: 0.0 } applied=true
[lighting-sequence] frame=1508 action=Move { key: 1000, position: [1.739, 0.0, 1.1], yaw: 0.0 } applied=true
[lighting-sequence] frame=1509 action=Move { key: 1000, position: [1.7395, 0.0, 1.1], yaw: 0.0 } applied=true
[lighting-sequence] frame=1510 action=Move { key: 1000, position: [1.74, 0.0, 1.1], yaw: 0.0 } applied=true
[lighting-sequence] frame=1511 action=Move { key: 1000, position: [1.7405, 0.0, 1.1], yaw: 0.0 } applied=true
[lighting-sequence] frame=1512 action=Move { key: 1000, position: [1.741, 0.0, 1.1], yaw: 0.0 } applied=true
[lighting-sequence] frame=1513 action=Move { key: 1000, position: [1.7415, 0.0, 1.1], yaw: 0.0 } applied=true
[lighting-sequence] frame=1514 action=Move { key: 1000, position: [1.742, 0.0, 1.1], yaw: 0.0 } applied=true
[lighting-sequence] frame=1515 action=Move { key: 1000, position: [1.7425, 0.0, 1.1], yaw: 0.0 } applied=true
[lighting-sequence] frame=1516 action=Move { key: 1000, position: [1.743, 0.0, 1.1], yaw: 0.0 } applied=true
[lighting-sequence] frame=1517 action=Move { key: 1000, position: [1.7435, 0.0, 1.1], yaw: 0.0 } applied=true
[lighting-sequence] frame=1518 action=Move { key: 1000, position: [1.744, 0.0, 1.1], yaw: 0.0 } applied=true
[lighting-sequence] frame=1519 action=Move { key: 1000, position: [1.7445, 0.0, 1.1], yaw: 0.0 } applied=true
[lighting-sequence] frame=1520 action=Move { key: 1000, position: [1.745, 0.0, 1.1], yaw: 0.0 } applied=true
[lighting-sequence] frame=1521 action=Move { key: 1000, position: [1.7455, 0.0, 1.1], yaw: 0.0 } applied=true
[lighting-sequence] frame=1522 action=Move { key: 1000, position: [1.746, 0.0, 1.1], yaw: 0.0 } applied=true
[lighting-sequence] frame=1523 action=Move { key: 1000, position: [1.7465, 0.0, 1.1], yaw: 0.0 } applied=true
[lighting-sequence] frame=1524 action=Move { key: 1000, position: [1.747, 0.0, 1.1], yaw: 0.0 } applied=true
[lighting-sequence] frame=1525 action=Move { key: 1000, position: [1.7475, 0.0, 1.1], yaw: 0.0 } applied=true
[lighting-sequence] frame=1526 action=Move { key: 1000, position: [1.748, 0.0, 1.1], yaw: 0.0 } applied=true
[lighting-sequence] frame=1527 action=Move { key: 1000, position: [1.7485, 0.0, 1.1], yaw: 0.0 } applied=true
[lighting-sequence] frame=1528 action=Move { key: 1000, position: [1.749, 0.0, 1.1], yaw: 0.0 } applied=true
[lighting-sequence] frame=1529 action=Move { key: 1000, position: [1.7495, 0.0, 1.1], yaw: 0.0 } applied=true
[lighting-sequence] frame=1530 action=Move { key: 1000, position: [1.7, 0.0, 1.1], yaw: 0.0 } applied=true
[lighting-sequence] frame=1531 action=Move { key: 1000, position: [1.7005, 0.0, 1.1], yaw: 0.0 } applied=true
[lighting-sequence] frame=1532 action=Move { key: 1000, position: [1.701, 0.0, 1.1], yaw: 0.0 } applied=true
[lighting-sequence] frame=1533 action=Move { key: 1000, position: [1.7015, 0.0, 1.1], yaw: 0.0 } applied=true
[lighting-sequence] frame=1534 action=Move { key: 1000, position: [1.702, 0.0, 1.1], yaw: 0.0 } applied=true
[lighting-sequence] frame=1535 action=Move { key: 1000, position: [1.7025, 0.0, 1.1], yaw: 0.0 } applied=true
[lighting-sequence] frame=1536 action=Move { key: 1000, position: [1.703, 0.0, 1.1], yaw: 0.0 } applied=true
[lighting-sequence] frame=1537 action=Move { key: 1000, position: [1.7035, 0.0, 1.1], yaw: 0.0 } applied=true
[lighting-sequence] frame=1538 action=Move { key: 1000, position: [1.704, 0.0, 1.1], yaw: 0.0 } applied=true
[lighting-sequence] frame=1539 action=Move { key: 1000, position: [1.7045, 0.0, 1.1], yaw: 0.0 } applied=true
[lighting-sequence] frame=1540 action=Move { key: 1000, position: [1.705, 0.0, 1.1], yaw: 0.0 } applied=true
[lighting-sequence] frame=1541 action=Move { key: 1000, position: [1.7055, 0.0, 1.1], yaw: 0.0 } applied=true
[lighting-sequence] frame=1542 action=Move { key: 1000, position: [1.706, 0.0, 1.1], yaw: 0.0 } applied=true
[lighting-sequence] frame=1543 action=Move { key: 1000, position: [1.7065, 0.0, 1.1], yaw: 0.0 } applied=true
[lighting-sequence] frame=1544 action=Move { key: 1000, position: [1.707, 0.0, 1.1], yaw: 0.0 } applied=true
[lighting-sequence] frame=1545 action=Move { key: 1000, position: [1.7075, 0.0, 1.1], yaw: 0.0 } applied=true
[lighting-sequence] frame=1546 action=Move { key: 1000, position: [1.708, 0.0, 1.1], yaw: 0.0 } applied=true
[lighting-sequence] frame=1547 action=Move { key: 1000, position: [1.7085, 0.0, 1.1], yaw: 0.0 } applied=true
[lighting-sequence] frame=1548 action=Move { key: 1000, position: [1.709, 0.0, 1.1], yaw: 0.0 } applied=true
[lighting-sequence] frame=1549 action=Move { key: 1000, position: [1.7095, 0.0, 1.1], yaw: 0.0 } applied=true
[lighting-sequence] frame=1550 action=Move { key: 1000, position: [1.71, 0.0, 1.1], yaw: 0.0 } applied=true
[lighting-sequence] frame=1551 action=Move { key: 1000, position: [1.7105, 0.0, 1.1], yaw: 0.0 } applied=true
[lighting-sequence] frame=1552 action=Move { key: 1000, position: [1.711, 0.0, 1.1], yaw: 0.0 } applied=true
[lighting-sequence] frame=1553 action=Move { key: 1000, position: [1.7115, 0.0, 1.1], yaw: 0.0 } applied=true
[lighting-sequence] frame=1554 action=Move { key: 1000, position: [1.712, 0.0, 1.1], yaw: 0.0 } applied=true
[lighting-sequence] frame=1555 action=Move { key: 1000, position: [1.7125, 0.0, 1.1], yaw: 0.0 } applied=true
[lighting-sequence] frame=1556 action=Move { key: 1000, position: [1.713, 0.0, 1.1], yaw: 0.0 } applied=true
[lighting-sequence] frame=1557 action=Move { key: 1000, position: [1.7135, 0.0, 1.1], yaw: 0.0 } applied=true
[lighting-sequence] frame=1558 action=Move { key: 1000, position: [1.714, 0.0, 1.1], yaw: 0.0 } applied=true
[lighting-sequence] frame=1559 action=Move { key: 1000, position: [1.7145, 0.0, 1.1], yaw: 0.0 } applied=true
[lighting-sequence] frame=1560 action=Move { key: 1000, position: [1.715, 0.0, 1.1], yaw: 0.0 } applied=true
[lighting-sequence] frame=1561 action=Move { key: 1000, position: [1.7155, 0.0, 1.1], yaw: 0.0 } applied=true
[lighting-sequence] frame=1562 action=Move { key: 1000, position: [1.716, 0.0, 1.1], yaw: 0.0 } applied=true
[lighting-sequence] frame=1563 action=Move { key: 1000, position: [1.7165, 0.0, 1.1], yaw: 0.0 } applied=true
[lighting-sequence] frame=1564 action=Move { key: 1000, position: [1.717, 0.0, 1.1], yaw: 0.0 } applied=true
[lighting-sequence] frame=1565 action=Move { key: 1000, position: [1.7175, 0.0, 1.1], yaw: 0.0 } applied=true
[lighting-sequence] frame=1566 action=Move { key: 1000, position: [1.718, 0.0, 1.1], yaw: 0.0 } applied=true
[lighting-sequence] frame=1567 action=Move { key: 1000, position: [1.7185, 0.0, 1.1], yaw: 0.0 } applied=true
[lighting-sequence] frame=1568 action=Move { key: 1000, position: [1.719, 0.0, 1.1], yaw: 0.0 } applied=true
[lighting-sequence] frame=1569 action=Move { key: 1000, position: [1.7195, 0.0, 1.1], yaw: 0.0 } applied=true
[lighting-sequence] frame=1570 action=Move { key: 1000, position: [1.72, 0.0, 1.1], yaw: 0.0 } applied=true
[lighting-sequence] frame=1571 action=Move { key: 1000, position: [1.7205, 0.0, 1.1], yaw: 0.0 } applied=true
[lighting-sequence] frame=1572 action=Move { key: 1000, position: [1.721, 0.0, 1.1], yaw: 0.0 } applied=true
[lighting-sequence] frame=1573 action=Move { key: 1000, position: [1.7215, 0.0, 1.1], yaw: 0.0 } applied=true
[lighting-sequence] frame=1574 action=Move { key: 1000, position: [1.722, 0.0, 1.1], yaw: 0.0 } applied=true
[lighting-sequence] frame=1575 action=Move { key: 1000, position: [1.7225, 0.0, 1.1], yaw: 0.0 } applied=true
[lighting-sequence] frame=1576 action=Move { key: 1000, position: [1.723, 0.0, 1.1], yaw: 0.0 } applied=true
[lighting-sequence] frame=1577 action=Move { key: 1000, position: [1.7235, 0.0, 1.1], yaw: 0.0 } applied=true
[lighting-sequence] frame=1578 action=Move { key: 1000, position: [1.724, 0.0, 1.1], yaw: 0.0 } applied=true
[lighting-sequence] frame=1579 action=Move { key: 1000, position: [1.7245, 0.0, 1.1], yaw: 0.0 } applied=true
[lighting-sequence] frame=1580 action=Move { key: 1000, position: [1.725, 0.0, 1.1], yaw: 0.0 } applied=true
[lighting-sequence] frame=1581 action=Move { key: 1000, position: [1.7255, 0.0, 1.1], yaw: 0.0 } applied=true
[lighting-sequence] frame=1582 action=Move { key: 1000, position: [1.726, 0.0, 1.1], yaw: 0.0 } applied=true
[lighting-sequence] frame=1583 action=Move { key: 1000, position: [1.7265, 0.0, 1.1], yaw: 0.0 } applied=true
[lighting-sequence] frame=1584 action=Move { key: 1000, position: [1.727, 0.0, 1.1], yaw: 0.0 } applied=true
[lighting-sequence] frame=1585 action=Move { key: 1000, position: [1.7275, 0.0, 1.1], yaw: 0.0 } applied=true
[lighting-sequence] frame=1586 action=Move { key: 1000, position: [1.728, 0.0, 1.1], yaw: 0.0 } applied=true
[lighting-sequence] frame=1587 action=Move { key: 1000, position: [1.7285, 0.0, 1.1], yaw: 0.0 } applied=true
[lighting-sequence] frame=1588 action=Move { key: 1000, position: [1.729, 0.0, 1.1], yaw: 0.0 } applied=true
[lighting-sequence] frame=1589 action=Move { key: 1000, position: [1.7295, 0.0, 1.1], yaw: 0.0 } applied=true
[lighting-sequence] frame=1590 action=Move { key: 1000, position: [1.73, 0.0, 1.1], yaw: 0.0 } applied=true
[lighting-sequence] frame=1591 action=Move { key: 1000, position: [1.7305, 0.0, 1.1], yaw: 0.0 } applied=true
[lighting-sequence] frame=1592 action=Move { key: 1000, position: [1.731, 0.0, 1.1], yaw: 0.0 } applied=true
[lighting-sequence] frame=1593 action=Move { key: 1000, position: [1.7315, 0.0, 1.1], yaw: 0.0 } applied=true
[lighting-sequence] frame=1594 action=Move { key: 1000, position: [1.732, 0.0, 1.1], yaw: 0.0 } applied=true
[lighting-sequence] frame=1595 action=Move { key: 1000, position: [1.7325, 0.0, 1.1], yaw: 0.0 } applied=true
[lighting-sequence] frame=1596 action=Move { key: 1000, position: [1.733, 0.0, 1.1], yaw: 0.0 } applied=true
[lighting-sequence] frame=1597 action=Move { key: 1000, position: [1.7335, 0.0, 1.1], yaw: 0.0 } applied=true
[lighting-sequence] frame=1598 action=Move { key: 1000, position: [1.734, 0.0, 1.1], yaw: 0.0 } applied=true
[lighting-sequence] frame=1599 action=Move { key: 1000, position: [1.7345, 0.0, 1.1], yaw: 0.0 } applied=true
[lighting-sequence] frame=1600 action=Move { key: 1000, position: [1.735, 0.0, 1.1], yaw: 0.0 } applied=true
[lighting-sequence] frame=1601 action=Move { key: 1000, position: [1.7355, 0.0, 1.1], yaw: 0.0 } applied=true
[lighting-sequence] frame=1602 action=Move { key: 1000, position: [1.736, 0.0, 1.1], yaw: 0.0 } applied=true
[lighting-sequence] frame=1603 action=Move { key: 1000, position: [1.7365, 0.0, 1.1], yaw: 0.0 } applied=true
[lighting-sequence] frame=1604 action=Move { key: 1000, position: [1.737, 0.0, 1.1], yaw: 0.0 } applied=true
[lighting-sequence] frame=1605 action=Move { key: 1000, position: [1.7375, 0.0, 1.1], yaw: 0.0 } applied=true
[lighting-sequence] frame=1606 action=Move { key: 1000, position: [1.738, 0.0, 1.1], yaw: 0.0 } applied=true
[lighting-sequence] frame=1607 action=Move { key: 1000, position: [1.7385, 0.0, 1.1], yaw: 0.0 } applied=true
[lighting-sequence] frame=1608 action=Move { key: 1000, position: [1.739, 0.0, 1.1], yaw: 0.0 } applied=true
[lighting-sequence] frame=1609 action=Move { key: 1000, position: [1.7395, 0.0, 1.1], yaw: 0.0 } applied=true
[lighting-sequence] frame=1610 action=Move { key: 1000, position: [1.74, 0.0, 1.1], yaw: 0.0 } applied=true
[lighting-sequence] frame=1611 action=Move { key: 1000, position: [1.7405, 0.0, 1.1], yaw: 0.0 } applied=true
[lighting-sequence] frame=1612 action=Move { key: 1000, position: [1.741, 0.0, 1.1], yaw: 0.0 } applied=true
[lighting-sequence] frame=1613 action=Move { key: 1000, position: [1.7415, 0.0, 1.1], yaw: 0.0 } applied=true
[lighting-sequence] frame=1614 action=Move { key: 1000, position: [1.742, 0.0, 1.1], yaw: 0.0 } applied=true
[lighting-sequence] frame=1615 action=Move { key: 1000, position: [1.7425, 0.0, 1.1], yaw: 0.0 } applied=true
[lighting-sequence] frame=1616 action=Move { key: 1000, position: [1.743, 0.0, 1.1], yaw: 0.0 } applied=true
[lighting-sequence] frame=1617 action=Move { key: 1000, position: [1.7435, 0.0, 1.1], yaw: 0.0 } applied=true
[lighting-sequence] frame=1618 action=Move { key: 1000, position: [1.744, 0.0, 1.1], yaw: 0.0 } applied=true
[lighting-sequence] frame=1619 action=Move { key: 1000, position: [1.7445, 0.0, 1.1], yaw: 0.0 } applied=true
[lighting-sequence] frame=1620 action=Move { key: 1000, position: [1.745, 0.0, 1.1], yaw: 0.0 } applied=true
[lighting-sequence] frame=1621 action=Move { key: 1000, position: [1.7455, 0.0, 1.1], yaw: 0.0 } applied=true
[lighting-sequence] frame=1622 action=Move { key: 1000, position: [1.746, 0.0, 1.1], yaw: 0.0 } applied=true
[lighting-sequence] frame=1623 action=Move { key: 1000, position: [1.7465, 0.0, 1.1], yaw: 0.0 } applied=true
[lighting-sequence] frame=1624 action=Move { key: 1000, position: [1.747, 0.0, 1.1], yaw: 0.0 } applied=true
[lighting-sequence] frame=1625 action=Move { key: 1000, position: [1.7475, 0.0, 1.1], yaw: 0.0 } applied=true
[lighting-sequence] frame=1626 action=Move { key: 1000, position: [1.748, 0.0, 1.1], yaw: 0.0 } applied=true
[lighting-sequence] frame=1627 action=Move { key: 1000, position: [1.7485, 0.0, 1.1], yaw: 0.0 } applied=true
[lighting-sequence] frame=1628 action=Move { key: 1000, position: [1.749, 0.0, 1.1], yaw: 0.0 } applied=true
[lighting-sequence] frame=1629 action=Move { key: 1000, position: [1.7495, 0.0, 1.1], yaw: 0.0 } applied=true
[lighting-sequence] frame=1630 action=Move { key: 1000, position: [1.7, 0.0, 1.1], yaw: 0.0 } applied=true
[lighting-sequence] frame=1631 action=Move { key: 1000, position: [1.7005, 0.0, 1.1], yaw: 0.0 } applied=true
[lighting-sequence] frame=1632 action=Move { key: 1000, position: [1.701, 0.0, 1.1], yaw: 0.0 } applied=true
[lighting-sequence] frame=1633 action=Move { key: 1000, position: [1.7015, 0.0, 1.1], yaw: 0.0 } applied=true
[lighting-sequence] frame=1634 action=Move { key: 1000, position: [1.702, 0.0, 1.1], yaw: 0.0 } applied=true
[lighting-sequence] frame=1635 action=Move { key: 1000, position: [1.7025, 0.0, 1.1], yaw: 0.0 } applied=true
[lighting-sequence] frame=1636 action=Move { key: 1000, position: [1.703, 0.0, 1.1], yaw: 0.0 } applied=true
[lighting-sequence] frame=1637 action=Move { key: 1000, position: [1.7035, 0.0, 1.1], yaw: 0.0 } applied=true
[lighting-sequence] frame=1638 action=Move { key: 1000, position: [1.704, 0.0, 1.1], yaw: 0.0 } applied=true
[lighting-sequence] frame=1639 action=Move { key: 1000, position: [1.7045, 0.0, 1.1], yaw: 0.0 } applied=true
[lighting-sequence] frame=1640 action=Move { key: 1000, position: [1.705, 0.0, 1.1], yaw: 0.0 } applied=true
[lighting-sequence] frame=1641 action=Move { key: 1000, position: [1.7055, 0.0, 1.1], yaw: 0.0 } applied=true
[lighting-sequence] frame=1642 action=Move { key: 1000, position: [1.706, 0.0, 1.1], yaw: 0.0 } applied=true
[lighting-sequence] frame=1643 action=Move { key: 1000, position: [1.7065, 0.0, 1.1], yaw: 0.0 } applied=true
[lighting-sequence] frame=1644 action=Move { key: 1000, position: [1.707, 0.0, 1.1], yaw: 0.0 } applied=true
[lighting-sequence] frame=1645 action=Move { key: 1000, position: [1.7075, 0.0, 1.1], yaw: 0.0 } applied=true
[lighting-sequence] frame=1646 action=Move { key: 1000, position: [1.708, 0.0, 1.1], yaw: 0.0 } applied=true
[lighting-sequence] frame=1647 action=Move { key: 1000, position: [1.7085, 0.0, 1.1], yaw: 0.0 } applied=true
[lighting-sequence] frame=1648 action=Move { key: 1000, position: [1.709, 0.0, 1.1], yaw: 0.0 } applied=true
[lighting-sequence] frame=1649 action=Move { key: 1000, position: [1.7095, 0.0, 1.1], yaw: 0.0 } applied=true
[lighting-sequence] frame=1650 action=Move { key: 1000, position: [1.71, 0.0, 1.1], yaw: 0.0 } applied=true
[lighting-sequence] frame=1651 action=Move { key: 1000, position: [1.7105, 0.0, 1.1], yaw: 0.0 } applied=true
[lighting-sequence] frame=1652 action=Move { key: 1000, position: [1.711, 0.0, 1.1], yaw: 0.0 } applied=true
[lighting-sequence] frame=1653 action=Move { key: 1000, position: [1.7115, 0.0, 1.1], yaw: 0.0 } applied=true
[lighting-sequence] frame=1654 action=Move { key: 1000, position: [1.712, 0.0, 1.1], yaw: 0.0 } applied=true
[lighting-sequence] frame=1655 action=Move { key: 1000, position: [1.7125, 0.0, 1.1], yaw: 0.0 } applied=true
[lighting-sequence] frame=1656 action=Move { key: 1000, position: [1.713, 0.0, 1.1], yaw: 0.0 } applied=true
[lighting-sequence] frame=1657 action=Move { key: 1000, position: [1.7135, 0.0, 1.1], yaw: 0.0 } applied=true
[lighting-sequence] frame=1658 action=Move { key: 1000, position: [1.714, 0.0, 1.1], yaw: 0.0 } applied=true
[lighting-sequence] frame=1659 action=Move { key: 1000, position: [1.7145, 0.0, 1.1], yaw: 0.0 } applied=true
[lighting-sequence] frame=1660 action=Move { key: 1000, position: [1.715, 0.0, 1.1], yaw: 0.0 } applied=true
[lighting-sequence] frame=1661 action=Move { key: 1000, position: [1.7155, 0.0, 1.1], yaw: 0.0 } applied=true
[lighting-sequence] frame=1662 action=Move { key: 1000, position: [1.716, 0.0, 1.1], yaw: 0.0 } applied=true
[lighting-sequence] frame=1663 action=Move { key: 1000, position: [1.7165, 0.0, 1.1], yaw: 0.0 } applied=true
[lighting-sequence] frame=1664 action=Move { key: 1000, position: [1.717, 0.0, 1.1], yaw: 0.0 } applied=true
[lighting-sequence] frame=1665 action=Move { key: 1000, position: [1.7175, 0.0, 1.1], yaw: 0.0 } applied=true
[lighting-sequence] frame=1666 action=Move { key: 1000, position: [1.718, 0.0, 1.1], yaw: 0.0 } applied=true
[lighting-sequence] frame=1667 action=Move { key: 1000, position: [1.7185, 0.0, 1.1], yaw: 0.0 } applied=true
[lighting-sequence] frame=1668 action=Move { key: 1000, position: [1.719, 0.0, 1.1], yaw: 0.0 } applied=true
[lighting-sequence] frame=1669 action=Move { key: 1000, position: [1.7195, 0.0, 1.1], yaw: 0.0 } applied=true
[lighting-sequence] frame=1670 action=Move { key: 1000, position: [1.72, 0.0, 1.1], yaw: 0.0 } applied=true
[lighting-sequence] frame=1671 action=Move { key: 1000, position: [1.7205, 0.0, 1.1], yaw: 0.0 } applied=true
[lighting-sequence] frame=1672 action=Move { key: 1000, position: [1.721, 0.0, 1.1], yaw: 0.0 } applied=true
[lighting-sequence] frame=1673 action=Move { key: 1000, position: [1.7215, 0.0, 1.1], yaw: 0.0 } applied=true
[lighting-sequence] frame=1674 action=Move { key: 1000, position: [1.722, 0.0, 1.1], yaw: 0.0 } applied=true
[lighting-sequence] frame=1675 action=Move { key: 1000, position: [1.7225, 0.0, 1.1], yaw: 0.0 } applied=true
[lighting-sequence] frame=1676 action=Move { key: 1000, position: [1.723, 0.0, 1.1], yaw: 0.0 } applied=true
[lighting-sequence] frame=1677 action=Move { key: 1000, position: [1.7235, 0.0, 1.1], yaw: 0.0 } applied=true
[lighting-sequence] frame=1678 action=Move { key: 1000, position: [1.724, 0.0, 1.1], yaw: 0.0 } applied=true
[lighting-sequence] frame=1679 action=Move { key: 1000, position: [1.7245, 0.0, 1.1], yaw: 0.0 } applied=true
[lighting-sequence] frame=1680 action=Move { key: 1000, position: [1.725, 0.0, 1.1], yaw: 0.0 } applied=true
[lighting-sequence] frame=1681 action=Move { key: 1000, position: [1.7255, 0.0, 1.1], yaw: 0.0 } applied=true
[lighting-sequence] frame=1682 action=Move { key: 1000, position: [1.726, 0.0, 1.1], yaw: 0.0 } applied=true
[lighting-sequence] frame=1683 action=Move { key: 1000, position: [1.7265, 0.0, 1.1], yaw: 0.0 } applied=true
[lighting-sequence] frame=1684 action=Move { key: 1000, position: [1.727, 0.0, 1.1], yaw: 0.0 } applied=true
[lighting-sequence] frame=1685 action=Move { key: 1000, position: [1.7275, 0.0, 1.1], yaw: 0.0 } applied=true
[lighting-sequence] frame=1686 action=Move { key: 1000, position: [1.728, 0.0, 1.1], yaw: 0.0 } applied=true
[lighting-sequence] frame=1687 action=Move { key: 1000, position: [1.7285, 0.0, 1.1], yaw: 0.0 } applied=true
[lighting-sequence] frame=1688 action=Move { key: 1000, position: [1.729, 0.0, 1.1], yaw: 0.0 } applied=true
[lighting-sequence] frame=1689 action=Move { key: 1000, position: [1.7295, 0.0, 1.1], yaw: 0.0 } applied=true
[lighting-sequence] frame=1690 action=Move { key: 1000, position: [1.73, 0.0, 1.1], yaw: 0.0 } applied=true
[lighting-sequence] frame=1691 action=Move { key: 1000, position: [1.7305, 0.0, 1.1], yaw: 0.0 } applied=true
[lighting-sequence] frame=1692 action=Move { key: 1000, position: [1.731, 0.0, 1.1], yaw: 0.0 } applied=true
[lighting-sequence] frame=1693 action=Move { key: 1000, position: [1.7315, 0.0, 1.1], yaw: 0.0 } applied=true
[lighting-sequence] frame=1694 action=Move { key: 1000, position: [1.732, 0.0, 1.1], yaw: 0.0 } applied=true
[lighting-sequence] frame=1695 action=Move { key: 1000, position: [1.7325, 0.0, 1.1], yaw: 0.0 } applied=true
[lighting-sequence] frame=1696 action=Move { key: 1000, position: [1.733, 0.0, 1.1], yaw: 0.0 } applied=true
[lighting-sequence] frame=1697 action=Move { key: 1000, position: [1.7335, 0.0, 1.1], yaw: 0.0 } applied=true
[lighting-sequence] frame=1698 action=Move { key: 1000, position: [1.734, 0.0, 1.1], yaw: 0.0 } applied=true
[lighting-sequence] frame=1699 action=Move { key: 1000, position: [1.7345, 0.0, 1.1], yaw: 0.0 } applied=true
[lighting-sequence] frame=1700 action=Move { key: 1000, position: [1.735, 0.0, 1.1], yaw: 0.0 } applied=true
[lighting-sequence] frame=1701 action=Move { key: 1000, position: [1.7355, 0.0, 1.1], yaw: 0.0 } applied=true
[lighting-sequence] frame=1702 action=Move { key: 1000, position: [1.736, 0.0, 1.1], yaw: 0.0 } applied=true
[lighting-sequence] frame=1703 action=Move { key: 1000, position: [1.7365, 0.0, 1.1], yaw: 0.0 } applied=true
[lighting-sequence] frame=1704 action=Move { key: 1000, position: [1.737, 0.0, 1.1], yaw: 0.0 } applied=true
[lighting-sequence] frame=1705 action=Move { key: 1000, position: [1.7375, 0.0, 1.1], yaw: 0.0 } applied=true
[lighting-sequence] frame=1706 action=Move { key: 1000, position: [1.738, 0.0, 1.1], yaw: 0.0 } applied=true
[lighting-sequence] frame=1707 action=Move { key: 1000, position: [1.7385, 0.0, 1.1], yaw: 0.0 } applied=true
[lighting-sequence] frame=1708 action=Move { key: 1000, position: [1.739, 0.0, 1.1], yaw: 0.0 } applied=true
[lighting-sequence] frame=1709 action=Move { key: 1000, position: [1.7395, 0.0, 1.1], yaw: 0.0 } applied=true
[lighting-sequence] frame=1710 action=Move { key: 1000, position: [1.74, 0.0, 1.1], yaw: 0.0 } applied=true
[lighting-sequence] frame=1711 action=Move { key: 1000, position: [1.7405, 0.0, 1.1], yaw: 0.0 } applied=true
[lighting-sequence] frame=1712 action=Move { key: 1000, position: [1.741, 0.0, 1.1], yaw: 0.0 } applied=true
[lighting-sequence] frame=1713 action=Move { key: 1000, position: [1.7415, 0.0, 1.1], yaw: 0.0 } applied=true
[lighting-sequence] frame=1714 action=Move { key: 1000, position: [1.742, 0.0, 1.1], yaw: 0.0 } applied=true
[lighting-sequence] frame=1715 action=Move { key: 1000, position: [1.7425, 0.0, 1.1], yaw: 0.0 } applied=true
[lighting-sequence] frame=1716 action=Move { key: 1000, position: [1.743, 0.0, 1.1], yaw: 0.0 } applied=true
[lighting-sequence] frame=1717 action=Move { key: 1000, position: [1.7435, 0.0, 1.1], yaw: 0.0 } applied=true
[lighting-sequence] frame=1718 action=Move { key: 1000, position: [1.744, 0.0, 1.1], yaw: 0.0 } applied=true
[lighting-sequence] frame=1719 action=Move { key: 1000, position: [1.7445, 0.0, 1.1], yaw: 0.0 } applied=true
[lighting-sequence] frame=1720 action=Move { key: 1000, position: [1.745, 0.0, 1.1], yaw: 0.0 } applied=true
[lighting-sequence] frame=1721 action=Move { key: 1000, position: [1.7455, 0.0, 1.1], yaw: 0.0 } applied=true
[lighting-sequence] frame=1722 action=Move { key: 1000, position: [1.746, 0.0, 1.1], yaw: 0.0 } applied=true
[lighting-sequence] frame=1723 action=Move { key: 1000, position: [1.7465, 0.0, 1.1], yaw: 0.0 } applied=true
[lighting-sequence] frame=1724 action=Move { key: 1000, position: [1.747, 0.0, 1.1], yaw: 0.0 } applied=true
[lighting-sequence] frame=1725 action=Move { key: 1000, position: [1.7475, 0.0, 1.1], yaw: 0.0 } applied=true
[lighting-sequence] frame=1726 action=Move { key: 1000, position: [1.748, 0.0, 1.1], yaw: 0.0 } applied=true
[lighting-sequence] frame=1727 action=Move { key: 1000, position: [1.7485, 0.0, 1.1], yaw: 0.0 } applied=true
[lighting-sequence] frame=1728 action=Move { key: 1000, position: [1.749, 0.0, 1.1], yaw: 0.0 } applied=true
[lighting-sequence] frame=1729 action=Move { key: 1000, position: [1.7495, 0.0, 1.1], yaw: 0.0 } applied=true
[lighting-sequence] frame=1730 action=Move { key: 1000, position: [1.7, 0.0, 1.1], yaw: 0.0 } applied=true
[lighting-sequence] frame=1731 action=Move { key: 1000, position: [1.7005, 0.0, 1.1], yaw: 0.0 } applied=true
[lighting-sequence] frame=1732 action=Move { key: 1000, position: [1.701, 0.0, 1.1], yaw: 0.0 } applied=true
[lighting-sequence] frame=1733 action=Move { key: 1000, position: [1.7015, 0.0, 1.1], yaw: 0.0 } applied=true
[lighting-sequence] frame=1734 action=Move { key: 1000, position: [1.702, 0.0, 1.1], yaw: 0.0 } applied=true
[lighting-sequence] frame=1735 action=Move { key: 1000, position: [1.7025, 0.0, 1.1], yaw: 0.0 } applied=true
[lighting-sequence] frame=1736 action=Move { key: 1000, position: [1.703, 0.0, 1.1], yaw: 0.0 } applied=true
[lighting-sequence] frame=1737 action=Move { key: 1000, position: [1.7035, 0.0, 1.1], yaw: 0.0 } applied=true
[lighting-sequence] frame=1738 action=Move { key: 1000, position: [1.704, 0.0, 1.1], yaw: 0.0 } applied=true
[lighting-sequence] frame=1739 action=Move { key: 1000, position: [1.7045, 0.0, 1.1], yaw: 0.0 } applied=true
[lighting-sequence] frame=1740 action=Move { key: 1000, position: [1.705, 0.0, 1.1], yaw: 0.0 } applied=true
[lighting-sequence] frame=1741 action=Move { key: 1000, position: [1.7055, 0.0, 1.1], yaw: 0.0 } applied=true
[lighting-sequence] frame=1742 action=Move { key: 1000, position: [1.706, 0.0, 1.1], yaw: 0.0 } applied=true
[lighting-sequence] frame=1743 action=Move { key: 1000, position: [1.7065, 0.0, 1.1], yaw: 0.0 } applied=true
[lighting-sequence] frame=1744 action=Move { key: 1000, position: [1.707, 0.0, 1.1], yaw: 0.0 } applied=true
[lighting-sequence] frame=1745 action=Move { key: 1000, position: [1.7075, 0.0, 1.1], yaw: 0.0 } applied=true
[lighting-sequence] frame=1746 action=Move { key: 1000, position: [1.708, 0.0, 1.1], yaw: 0.0 } applied=true
[lighting-sequence] frame=1747 action=Move { key: 1000, position: [1.7085, 0.0, 1.1], yaw: 0.0 } applied=true
[lighting-sequence] frame=1748 action=Move { key: 1000, position: [1.709, 0.0, 1.1], yaw: 0.0 } applied=true
[lighting-sequence] frame=1749 action=Move { key: 1000, position: [1.7095, 0.0, 1.1], yaw: 0.0 } applied=true
[lighting-sequence] frame=1750 action=Move { key: 1000, position: [1.71, 0.0, 1.1], yaw: 0.0 } applied=true
[lighting-sequence] frame=1751 action=Move { key: 1000, position: [1.7105, 0.0, 1.1], yaw: 0.0 } applied=true
[lighting-sequence] frame=1752 action=Move { key: 1000, position: [1.711, 0.0, 1.1], yaw: 0.0 } applied=true
[lighting-sequence] frame=1753 action=Move { key: 1000, position: [1.7115, 0.0, 1.1], yaw: 0.0 } applied=true
[lighting-sequence] frame=1754 action=Move { key: 1000, position: [1.712, 0.0, 1.1], yaw: 0.0 } applied=true
[lighting-sequence] frame=1755 action=Move { key: 1000, position: [1.7125, 0.0, 1.1], yaw: 0.0 } applied=true
[lighting-sequence] frame=1756 action=Move { key: 1000, position: [1.713, 0.0, 1.1], yaw: 0.0 } applied=true
[lighting-sequence] frame=1757 action=Move { key: 1000, position: [1.7135, 0.0, 1.1], yaw: 0.0 } applied=true
[lighting-sequence] frame=1758 action=Move { key: 1000, position: [1.714, 0.0, 1.1], yaw: 0.0 } applied=true
[lighting-sequence] frame=1759 action=Move { key: 1000, position: [1.7145, 0.0, 1.1], yaw: 0.0 } applied=true
[lighting-sequence] frame=1760 action=Move { key: 1000, position: [1.715, 0.0, 1.1], yaw: 0.0 } applied=true
[lighting-sequence] frame=1761 action=Move { key: 1000, position: [1.7155, 0.0, 1.1], yaw: 0.0 } applied=true
[lighting-sequence] frame=1762 action=Move { key: 1000, position: [1.716, 0.0, 1.1], yaw: 0.0 } applied=true
[lighting-sequence] frame=1763 action=Move { key: 1000, position: [1.7165, 0.0, 1.1], yaw: 0.0 } applied=true
[lighting-sequence] frame=1764 action=Move { key: 1000, position: [1.717, 0.0, 1.1], yaw: 0.0 } applied=true
[lighting-sequence] frame=1765 action=Move { key: 1000, position: [1.7175, 0.0, 1.1], yaw: 0.0 } applied=true
[lighting-sequence] frame=1766 action=Move { key: 1000, position: [1.718, 0.0, 1.1], yaw: 0.0 } applied=true
[lighting-sequence] frame=1767 action=Move { key: 1000, position: [1.7185, 0.0, 1.1], yaw: 0.0 } applied=true
[lighting-sequence] frame=1768 action=Move { key: 1000, position: [1.719, 0.0, 1.1], yaw: 0.0 } applied=true
[lighting-sequence] frame=1769 action=Move { key: 1000, position: [1.7195, 0.0, 1.1], yaw: 0.0 } applied=true
[lighting-sequence] frame=1770 action=Move { key: 1000, position: [1.72, 0.0, 1.1], yaw: 0.0 } applied=true
[lighting-sequence] frame=1771 action=Move { key: 1000, position: [1.7205, 0.0, 1.1], yaw: 0.0 } applied=true
[lighting-sequence] frame=1772 action=Move { key: 1000, position: [1.721, 0.0, 1.1], yaw: 0.0 } applied=true
[lighting-sequence] frame=1773 action=Move { key: 1000, position: [1.7215, 0.0, 1.1], yaw: 0.0 } applied=true
[lighting-sequence] frame=1774 action=Move { key: 1000, position: [1.722, 0.0, 1.1], yaw: 0.0 } applied=true
[lighting-sequence] frame=1775 action=Move { key: 1000, position: [1.7225, 0.0, 1.1], yaw: 0.0 } applied=true
[lighting-sequence] frame=1776 action=Move { key: 1000, position: [1.723, 0.0, 1.1], yaw: 0.0 } applied=true
[lighting-sequence] frame=1777 action=Move { key: 1000, position: [1.7235, 0.0, 1.1], yaw: 0.0 } applied=true
[lighting-sequence] frame=1778 action=Move { key: 1000, position: [1.724, 0.0, 1.1], yaw: 0.0 } applied=true
[lighting-sequence] frame=1779 action=Move { key: 1000, position: [1.7245, 0.0, 1.1], yaw: 0.0 } applied=true
[lighting-sequence] frame=1780 action=Move { key: 1000, position: [1.725, 0.0, 1.1], yaw: 0.0 } applied=true
[lighting-sequence] frame=1781 action=Move { key: 1000, position: [1.7255, 0.0, 1.1], yaw: 0.0 } applied=true
[lighting-sequence] frame=1782 action=Move { key: 1000, position: [1.726, 0.0, 1.1], yaw: 0.0 } applied=true
[lighting-sequence] frame=1783 action=Move { key: 1000, position: [1.7265, 0.0, 1.1], yaw: 0.0 } applied=true
[lighting-sequence] frame=1784 action=Move { key: 1000, position: [1.727, 0.0, 1.1], yaw: 0.0 } applied=true
[lighting-sequence] frame=1785 action=Move { key: 1000, position: [1.7275, 0.0, 1.1], yaw: 0.0 } applied=true
[lighting-sequence] frame=1786 action=Move { key: 1000, position: [1.728, 0.0, 1.1], yaw: 0.0 } applied=true
[lighting-sequence] frame=1787 action=Move { key: 1000, position: [1.7285, 0.0, 1.1], yaw: 0.0 } applied=true
[lighting-sequence] frame=1788 action=Move { key: 1000, position: [1.729, 0.0, 1.1], yaw: 0.0 } applied=true
[lighting-sequence] frame=1789 action=Move { key: 1000, position: [1.7295, 0.0, 1.1], yaw: 0.0 } applied=true
[lighting-sequence] frame=1790 action=Move { key: 1000, position: [1.73, 0.0, 1.1], yaw: 0.0 } applied=true
[lighting-sequence] frame=1791 action=Move { key: 1000, position: [1.7305, 0.0, 1.1], yaw: 0.0 } applied=true
[lighting-sequence] frame=1792 action=Move { key: 1000, position: [1.731, 0.0, 1.1], yaw: 0.0 } applied=true
[lighting-sequence] frame=1793 action=Move { key: 1000, position: [1.7315, 0.0, 1.1], yaw: 0.0 } applied=true
[lighting-sequence] frame=1794 action=Move { key: 1000, position: [1.732, 0.0, 1.1], yaw: 0.0 } applied=true
[lighting-sequence] frame=1795 action=Move { key: 1000, position: [1.7325, 0.0, 1.1], yaw: 0.0 } applied=true
[lighting-sequence] frame=1796 action=Move { key: 1000, position: [1.733, 0.0, 1.1], yaw: 0.0 } applied=true
[lighting-sequence] frame=1797 action=Move { key: 1000, position: [1.7335, 0.0, 1.1], yaw: 0.0 } applied=true
[lighting-sequence] frame=1798 action=Move { key: 1000, position: [1.734, 0.0, 1.1], yaw: 0.0 } applied=true
[lighting-sequence] frame=1799 action=Move { key: 1000, position: [1.7345, 0.0, 1.1], yaw: 0.0 } applied=true
[lighting-sequence] frame=1800 action=Move { key: 1000, position: [1.735, 0.0, 1.1], yaw: 0.0 } applied=true
[lighting-sequence] frame=1801 action=Move { key: 1000, position: [1.7355, 0.0, 1.1], yaw: 0.0 } applied=true
[lighting-sequence] frame=1802 action=Move { key: 1000, position: [1.736, 0.0, 1.1], yaw: 0.0 } applied=true
[lighting-sequence] frame=1803 action=Move { key: 1000, position: [1.7365, 0.0, 1.1], yaw: 0.0 } applied=true
[lighting-sequence] frame=1804 action=Move { key: 1000, position: [1.737, 0.0, 1.1], yaw: 0.0 } applied=true
[lighting-sequence] frame=1805 action=Move { key: 1000, position: [1.7375, 0.0, 1.1], yaw: 0.0 } applied=true
[lighting-sequence] frame=1806 action=Move { key: 1000, position: [1.738, 0.0, 1.1], yaw: 0.0 } applied=true
[lighting-sequence] frame=1807 action=Move { key: 1000, position: [1.7385, 0.0, 1.1], yaw: 0.0 } applied=true
[lighting-sequence] frame=1808 action=Move { key: 1000, position: [1.739, 0.0, 1.1], yaw: 0.0 } applied=true
[lighting-sequence] frame=1809 action=Move { key: 1000, position: [1.7395, 0.0, 1.1], yaw: 0.0 } applied=true
[lighting-sequence] frame=1810 action=Move { key: 1000, position: [1.74, 0.0, 1.1], yaw: 0.0 } applied=true
[lighting-sequence] frame=1811 action=Move { key: 1000, position: [1.7405, 0.0, 1.1], yaw: 0.0 } applied=true
[lighting-sequence] frame=1812 action=Move { key: 1000, position: [1.741, 0.0, 1.1], yaw: 0.0 } applied=true
[lighting-sequence] frame=1813 action=Move { key: 1000, position: [1.7415, 0.0, 1.1], yaw: 0.0 } applied=true
[lighting-sequence] frame=1814 action=Move { key: 1000, position: [1.742, 0.0, 1.1], yaw: 0.0 } applied=true
[lighting-sequence] frame=1815 action=Move { key: 1000, position: [1.7425, 0.0, 1.1], yaw: 0.0 } applied=true
[lighting-sequence] frame=1816 action=Move { key: 1000, position: [1.743, 0.0, 1.1], yaw: 0.0 } applied=true
[lighting-sequence] frame=1817 action=Move { key: 1000, position: [1.7435, 0.0, 1.1], yaw: 0.0 } applied=true
[lighting-sequence] frame=1818 action=Move { key: 1000, position: [1.744, 0.0, 1.1], yaw: 0.0 } applied=true
[lighting-sequence] frame=1819 action=Move { key: 1000, position: [1.7445, 0.0, 1.1], yaw: 0.0 } applied=true
[lighting-sequence] frame=1820 action=Move { key: 1000, position: [1.745, 0.0, 1.1], yaw: 0.0 } applied=true
[lighting-sequence] frame=1821 action=Move { key: 1000, position: [1.7455, 0.0, 1.1], yaw: 0.0 } applied=true
[lighting-sequence] frame=1822 action=Move { key: 1000, position: [1.746, 0.0, 1.1], yaw: 0.0 } applied=true
[lighting-sequence] frame=1823 action=Move { key: 1000, position: [1.7465, 0.0, 1.1], yaw: 0.0 } applied=true
[lighting-sequence] frame=1824 action=Move { key: 1000, position: [1.747, 0.0, 1.1], yaw: 0.0 } applied=true
[lighting-sequence] frame=1825 action=Move { key: 1000, position: [1.7475, 0.0, 1.1], yaw: 0.0 } applied=true
[lighting-sequence] frame=1826 action=Move { key: 1000, position: [1.748, 0.0, 1.1], yaw: 0.0 } applied=true
[lighting-sequence] frame=1827 action=Move { key: 1000, position: [1.7485, 0.0, 1.1], yaw: 0.0 } applied=true
[lighting-sequence] frame=1828 action=Move { key: 1000, position: [1.749, 0.0, 1.1], yaw: 0.0 } applied=true
[lighting-sequence] frame=1829 action=Move { key: 1000, position: [1.7495, 0.0, 1.1], yaw: 0.0 } applied=true
[lighting-sequence] frame=1830 action=Move { key: 1000, position: [1.7, 0.0, 1.1], yaw: 0.0 } applied=true
[lighting-sequence] frame=1831 action=Move { key: 1000, position: [1.7005, 0.0, 1.1], yaw: 0.0 } applied=true
[lighting-sequence] frame=1832 action=Move { key: 1000, position: [1.701, 0.0, 1.1], yaw: 0.0 } applied=true
[lighting-sequence] frame=1833 action=Move { key: 1000, position: [1.7015, 0.0, 1.1], yaw: 0.0 } applied=true
[lighting-sequence] frame=1834 action=Move { key: 1000, position: [1.702, 0.0, 1.1], yaw: 0.0 } applied=true
[lighting-sequence] frame=1835 action=Move { key: 1000, position: [1.7025, 0.0, 1.1], yaw: 0.0 } applied=true
[lighting-sequence] frame=1836 action=Move { key: 1000, position: [1.703, 0.0, 1.1], yaw: 0.0 } applied=true
[lighting-sequence] frame=1837 action=Move { key: 1000, position: [1.7035, 0.0, 1.1], yaw: 0.0 } applied=true
[lighting-sequence] frame=1838 action=Move { key: 1000, position: [1.704, 0.0, 1.1], yaw: 0.0 } applied=true
[lighting-sequence] frame=1839 action=Move { key: 1000, position: [1.7045, 0.0, 1.1], yaw: 0.0 } applied=true
[lighting-sequence] frame=1840 action=Move { key: 1000, position: [1.705, 0.0, 1.1], yaw: 0.0 } applied=true
[lighting-sequence] frame=1841 action=Move { key: 1000, position: [1.7055, 0.0, 1.1], yaw: 0.0 } applied=true
[lighting-sequence] frame=1842 action=Move { key: 1000, position: [1.706, 0.0, 1.1], yaw: 0.0 } applied=true
[lighting-sequence] frame=1843 action=Move { key: 1000, position: [1.7065, 0.0, 1.1], yaw: 0.0 } applied=true
[lighting-sequence] frame=1844 action=Move { key: 1000, position: [1.707, 0.0, 1.1], yaw: 0.0 } applied=true
[lighting-sequence] frame=1845 action=Move { key: 1000, position: [1.7075, 0.0, 1.1], yaw: 0.0 } applied=true
[lighting-sequence] frame=1846 action=Move { key: 1000, position: [1.708, 0.0, 1.1], yaw: 0.0 } applied=true
[lighting-sequence] frame=1847 action=Move { key: 1000, position: [1.7085, 0.0, 1.1], yaw: 0.0 } applied=true
[lighting-sequence] frame=1848 action=Move { key: 1000, position: [1.709, 0.0, 1.1], yaw: 0.0 } applied=true
[lighting-sequence] frame=1849 action=Move { key: 1000, position: [1.7095, 0.0, 1.1], yaw: 0.0 } applied=true
[lighting-sequence] frame=1850 action=Move { key: 1000, position: [1.71, 0.0, 1.1], yaw: 0.0 } applied=true
[lighting-sequence] frame=1851 action=Move { key: 1000, position: [1.7105, 0.0, 1.1], yaw: 0.0 } applied=true
[lighting-sequence] frame=1852 action=Move { key: 1000, position: [1.711, 0.0, 1.1], yaw: 0.0 } applied=true
[lighting-sequence] frame=1853 action=Move { key: 1000, position: [1.7115, 0.0, 1.1], yaw: 0.0 } applied=true
[lighting-sequence] frame=1854 action=Move { key: 1000, position: [1.712, 0.0, 1.1], yaw: 0.0 } applied=true
[lighting-sequence] frame=1855 action=Move { key: 1000, position: [1.7125, 0.0, 1.1], yaw: 0.0 } applied=true
[lighting-sequence] frame=1856 action=Move { key: 1000, position: [1.713, 0.0, 1.1], yaw: 0.0 } applied=true
[lighting-sequence] frame=1857 action=Move { key: 1000, position: [1.7135, 0.0, 1.1], yaw: 0.0 } applied=true
[lighting-sequence] frame=1858 action=Move { key: 1000, position: [1.714, 0.0, 1.1], yaw: 0.0 } applied=true
[lighting-sequence] frame=1859 action=Move { key: 1000, position: [1.7145, 0.0, 1.1], yaw: 0.0 } applied=true
[lighting-sequence] frame=1860 action=Move { key: 1000, position: [1.715, 0.0, 1.1], yaw: 0.0 } applied=true
[lighting-sequence] frame=1861 action=Move { key: 1000, position: [1.7155, 0.0, 1.1], yaw: 0.0 } applied=true
[lighting-sequence] frame=1862 action=Move { key: 1000, position: [1.716, 0.0, 1.1], yaw: 0.0 } applied=true
[lighting-sequence] frame=1863 action=Move { key: 1000, position: [1.7165, 0.0, 1.1], yaw: 0.0 } applied=true
[lighting-sequence] frame=1864 action=Move { key: 1000, position: [1.717, 0.0, 1.1], yaw: 0.0 } applied=true
[lighting-sequence] frame=1865 action=Move { key: 1000, position: [1.7175, 0.0, 1.1], yaw: 0.0 } applied=true
[lighting-sequence] frame=1866 action=Move { key: 1000, position: [1.718, 0.0, 1.1], yaw: 0.0 } applied=true
[lighting-sequence] frame=1867 action=Move { key: 1000, position: [1.7185, 0.0, 1.1], yaw: 0.0 } applied=true
[lighting-sequence] frame=1868 action=Move { key: 1000, position: [1.719, 0.0, 1.1], yaw: 0.0 } applied=true
[lighting-sequence] frame=1869 action=Move { key: 1000, position: [1.7195, 0.0, 1.1], yaw: 0.0 } applied=true
[lighting-sequence] frame=1870 action=Move { key: 1000, position: [1.72, 0.0, 1.1], yaw: 0.0 } applied=true
[lighting-sequence] frame=1871 action=Move { key: 1000, position: [1.7205, 0.0, 1.1], yaw: 0.0 } applied=true
[lighting-sequence] frame=1872 action=Move { key: 1000, position: [1.721, 0.0, 1.1], yaw: 0.0 } applied=true
[lighting-sequence] frame=1873 action=Move { key: 1000, position: [1.7215, 0.0, 1.1], yaw: 0.0 } applied=true
[lighting-sequence] frame=1874 action=Move { key: 1000, position: [1.722, 0.0, 1.1], yaw: 0.0 } applied=true
[lighting-sequence] frame=1875 action=Move { key: 1000, position: [1.7225, 0.0, 1.1], yaw: 0.0 } applied=true
[lighting-sequence] frame=1876 action=Move { key: 1000, position: [1.723, 0.0, 1.1], yaw: 0.0 } applied=true
[lighting-sequence] frame=1877 action=Move { key: 1000, position: [1.7235, 0.0, 1.1], yaw: 0.0 } applied=true
[lighting-sequence] frame=1878 action=Move { key: 1000, position: [1.724, 0.0, 1.1], yaw: 0.0 } applied=true
[lighting-sequence] frame=1879 action=Move { key: 1000, position: [1.7245, 0.0, 1.1], yaw: 0.0 } applied=true
[lighting-sequence] frame=1880 action=Move { key: 1000, position: [1.725, 0.0, 1.1], yaw: 0.0 } applied=true
[lighting-sequence] frame=1881 action=Move { key: 1000, position: [1.7255, 0.0, 1.1], yaw: 0.0 } applied=true
[lighting-sequence] frame=1882 action=Move { key: 1000, position: [1.726, 0.0, 1.1], yaw: 0.0 } applied=true
[lighting-sequence] frame=1883 action=Move { key: 1000, position: [1.7265, 0.0, 1.1], yaw: 0.0 } applied=true
[lighting-sequence] frame=1884 action=Move { key: 1000, position: [1.727, 0.0, 1.1], yaw: 0.0 } applied=true
[lighting-sequence] frame=1885 action=Move { key: 1000, position: [1.7275, 0.0, 1.1], yaw: 0.0 } applied=true
[lighting-sequence] frame=1886 action=Move { key: 1000, position: [1.728, 0.0, 1.1], yaw: 0.0 } applied=true
[lighting-sequence] frame=1887 action=Move { key: 1000, position: [1.7285, 0.0, 1.1], yaw: 0.0 } applied=true
[lighting-sequence] frame=1888 action=Move { key: 1000, position: [1.729, 0.0, 1.1], yaw: 0.0 } applied=true
[lighting-sequence] frame=1889 action=Move { key: 1000, position: [1.7295, 0.0, 1.1], yaw: 0.0 } applied=true
[lighting-sequence] frame=1890 action=Move { key: 1000, position: [1.73, 0.0, 1.1], yaw: 0.0 } applied=true
[lighting-sequence] frame=1891 action=Move { key: 1000, position: [1.7305, 0.0, 1.1], yaw: 0.0 } applied=true
[lighting-sequence] frame=1892 action=Move { key: 1000, position: [1.731, 0.0, 1.1], yaw: 0.0 } applied=true
[lighting-sequence] frame=1893 action=Move { key: 1000, position: [1.7315, 0.0, 1.1], yaw: 0.0 } applied=true
[lighting-sequence] frame=1894 action=Move { key: 1000, position: [1.732, 0.0, 1.1], yaw: 0.0 } applied=true
[lighting-sequence] frame=1895 action=Move { key: 1000, position: [1.7325, 0.0, 1.1], yaw: 0.0 } applied=true
[lighting-sequence] frame=1896 action=Move { key: 1000, position: [1.733, 0.0, 1.1], yaw: 0.0 } applied=true
[lighting-sequence] frame=1897 action=Move { key: 1000, position: [1.7335, 0.0, 1.1], yaw: 0.0 } applied=true
[lighting-sequence] frame=1898 action=Move { key: 1000, position: [1.734, 0.0, 1.1], yaw: 0.0 } applied=true
[lighting-sequence] frame=1899 action=Move { key: 1000, position: [1.7345, 0.0, 1.1], yaw: 0.0 } applied=true
[lighting-sequence] frame=1900 action=Move { key: 1000, position: [1.735, 0.0, 1.1], yaw: 0.0 } applied=true
[lighting-sequence] frame=1901 action=Move { key: 1000, position: [1.7355, 0.0, 1.1], yaw: 0.0 } applied=true
[lighting-sequence] frame=1902 action=Move { key: 1000, position: [1.736, 0.0, 1.1], yaw: 0.0 } applied=true
[lighting-sequence] frame=1903 action=Move { key: 1000, position: [1.7365, 0.0, 1.1], yaw: 0.0 } applied=true
[lighting-sequence] frame=1904 action=Move { key: 1000, position: [1.737, 0.0, 1.1], yaw: 0.0 } applied=true
[lighting-sequence] frame=1905 action=Move { key: 1000, position: [1.7375, 0.0, 1.1], yaw: 0.0 } applied=true
[lighting-sequence] frame=1906 action=Move { key: 1000, position: [1.738, 0.0, 1.1], yaw: 0.0 } applied=true
[lighting-sequence] frame=1907 action=Move { key: 1000, position: [1.7385, 0.0, 1.1], yaw: 0.0 } applied=true
[lighting-sequence] frame=1908 action=Move { key: 1000, position: [1.739, 0.0, 1.1], yaw: 0.0 } applied=true
[lighting-sequence] frame=1909 action=Move { key: 1000, position: [1.7395, 0.0, 1.1], yaw: 0.0 } applied=true
[lighting-sequence] frame=1910 action=Move { key: 1000, position: [1.74, 0.0, 1.1], yaw: 0.0 } applied=true
[lighting-sequence] frame=1911 action=Move { key: 1000, position: [1.7405, 0.0, 1.1], yaw: 0.0 } applied=true
[lighting-sequence] frame=1912 action=Move { key: 1000, position: [1.741, 0.0, 1.1], yaw: 0.0 } applied=true
[lighting-sequence] frame=1913 action=Move { key: 1000, position: [1.7415, 0.0, 1.1], yaw: 0.0 } applied=true
[lighting-sequence] frame=1914 action=Move { key: 1000, position: [1.742, 0.0, 1.1], yaw: 0.0 } applied=true
[lighting-sequence] frame=1915 action=Move { key: 1000, position: [1.7425, 0.0, 1.1], yaw: 0.0 } applied=true
[lighting-sequence] frame=1916 action=Move { key: 1000, position: [1.743, 0.0, 1.1], yaw: 0.0 } applied=true
[lighting-sequence] frame=1917 action=Move { key: 1000, position: [1.7435, 0.0, 1.1], yaw: 0.0 } applied=true
[lighting-sequence] frame=1918 action=Move { key: 1000, position: [1.744, 0.0, 1.1], yaw: 0.0 } applied=true
[lighting-sequence] frame=1919 action=Move { key: 1000, position: [1.7445, 0.0, 1.1], yaw: 0.0 } applied=true
[lighting-sequence] frame=1920 action=Move { key: 1000, position: [1.745, 0.0, 1.1], yaw: 0.0 } applied=true
[lighting-sequence] frame=1921 action=Move { key: 1000, position: [1.7455, 0.0, 1.1], yaw: 0.0 } applied=true
[lighting-sequence] frame=1922 action=Move { key: 1000, position: [1.746, 0.0, 1.1], yaw: 0.0 } applied=true
[lighting-sequence] frame=1923 action=Move { key: 1000, position: [1.7465, 0.0, 1.1], yaw: 0.0 } applied=true
[lighting-sequence] frame=1924 action=Move { key: 1000, position: [1.747, 0.0, 1.1], yaw: 0.0 } applied=true
[lighting-sequence] frame=1925 action=Move { key: 1000, position: [1.7475, 0.0, 1.1], yaw: 0.0 } applied=true
[lighting-sequence] frame=1926 action=Move { key: 1000, position: [1.748, 0.0, 1.1], yaw: 0.0 } applied=true
[lighting-sequence] frame=1927 action=Move { key: 1000, position: [1.7485, 0.0, 1.1], yaw: 0.0 } applied=true
[lighting-sequence] frame=1928 action=Move { key: 1000, position: [1.749, 0.0, 1.1], yaw: 0.0 } applied=true
[lighting-sequence] frame=1929 action=Move { key: 1000, position: [1.7495, 0.0, 1.1], yaw: 0.0 } applied=true
[lighting-sequence] frame=1930 action=Move { key: 1000, position: [1.7, 0.0, 1.1], yaw: 0.0 } applied=true
[lighting-sequence] frame=1931 action=Move { key: 1000, position: [1.7005, 0.0, 1.1], yaw: 0.0 } applied=true
[lighting-sequence] frame=1932 action=Move { key: 1000, position: [1.701, 0.0, 1.1], yaw: 0.0 } applied=true
[lighting-sequence] frame=1933 action=Move { key: 1000, position: [1.7015, 0.0, 1.1], yaw: 0.0 } applied=true
[lighting-sequence] frame=1934 action=Move { key: 1000, position: [1.702, 0.0, 1.1], yaw: 0.0 } applied=true
[lighting-sequence] frame=1935 action=Move { key: 1000, position: [1.7025, 0.0, 1.1], yaw: 0.0 } applied=true
[lighting-sequence] frame=1936 action=Move { key: 1000, position: [1.703, 0.0, 1.1], yaw: 0.0 } applied=true
[lighting-sequence] frame=1937 action=Move { key: 1000, position: [1.7035, 0.0, 1.1], yaw: 0.0 } applied=true
[lighting-sequence] frame=1938 action=Move { key: 1000, position: [1.704, 0.0, 1.1], yaw: 0.0 } applied=true
[lighting-sequence] frame=1939 action=Move { key: 1000, position: [1.7045, 0.0, 1.1], yaw: 0.0 } applied=true
[lighting-sequence] frame=1940 action=Move { key: 1000, position: [1.705, 0.0, 1.1], yaw: 0.0 } applied=true
[lighting-sequence] frame=1941 action=Move { key: 1000, position: [1.7055, 0.0, 1.1], yaw: 0.0 } applied=true
[lighting-sequence] frame=1942 action=Move { key: 1000, position: [1.706, 0.0, 1.1], yaw: 0.0 } applied=true
[lighting-sequence] frame=1943 action=Move { key: 1000, position: [1.7065, 0.0, 1.1], yaw: 0.0 } applied=true
[lighting-sequence] frame=1944 action=Move { key: 1000, position: [1.707, 0.0, 1.1], yaw: 0.0 } applied=true
[lighting-sequence] frame=1945 action=Move { key: 1000, position: [1.7075, 0.0, 1.1], yaw: 0.0 } applied=true
[lighting-sequence] frame=1946 action=Move { key: 1000, position: [1.708, 0.0, 1.1], yaw: 0.0 } applied=true
[lighting-sequence] frame=1947 action=Move { key: 1000, position: [1.7085, 0.0, 1.1], yaw: 0.0 } applied=true
[lighting-sequence] frame=1948 action=Move { key: 1000, position: [1.709, 0.0, 1.1], yaw: 0.0 } applied=true
[lighting-sequence] frame=1949 action=Move { key: 1000, position: [1.7095, 0.0, 1.1], yaw: 0.0 } applied=true
[lighting-sequence] frame=1950 action=Move { key: 1000, position: [1.71, 0.0, 1.1], yaw: 0.0 } applied=true
[lighting-sequence] frame=1951 action=Move { key: 1000, position: [1.7105, 0.0, 1.1], yaw: 0.0 } applied=true
[lighting-sequence] frame=1952 action=Move { key: 1000, position: [1.711, 0.0, 1.1], yaw: 0.0 } applied=true
[lighting-sequence] frame=1953 action=Move { key: 1000, position: [1.7115, 0.0, 1.1], yaw: 0.0 } applied=true
[lighting-sequence] frame=1954 action=Move { key: 1000, position: [1.712, 0.0, 1.1], yaw: 0.0 } applied=true
[lighting-sequence] frame=1955 action=Move { key: 1000, position: [1.7125, 0.0, 1.1], yaw: 0.0 } applied=true
[lighting-sequence] frame=1956 action=Move { key: 1000, position: [1.713, 0.0, 1.1], yaw: 0.0 } applied=true
[lighting-sequence] frame=1957 action=Move { key: 1000, position: [1.7135, 0.0, 1.1], yaw: 0.0 } applied=true
[lighting-sequence] frame=1958 action=Move { key: 1000, position: [1.714, 0.0, 1.1], yaw: 0.0 } applied=true
[lighting-sequence] frame=1959 action=Move { key: 1000, position: [1.7145, 0.0, 1.1], yaw: 0.0 } applied=true
[lighting-sequence] frame=1960 action=Move { key: 1000, position: [1.715, 0.0, 1.1], yaw: 0.0 } applied=true
[lighting-sequence] frame=1961 action=Move { key: 1000, position: [1.7155, 0.0, 1.1], yaw: 0.0 } applied=true
[lighting-sequence] frame=1962 action=Move { key: 1000, position: [1.716, 0.0, 1.1], yaw: 0.0 } applied=true
[lighting-sequence] frame=1963 action=Move { key: 1000, position: [1.7165, 0.0, 1.1], yaw: 0.0 } applied=true
[lighting-sequence] frame=1964 action=Move { key: 1000, position: [1.717, 0.0, 1.1], yaw: 0.0 } applied=true
[lighting-sequence] frame=1965 action=Move { key: 1000, position: [1.7175, 0.0, 1.1], yaw: 0.0 } applied=true
[lighting-sequence] frame=1966 action=Move { key: 1000, position: [1.718, 0.0, 1.1], yaw: 0.0 } applied=true
[lighting-sequence] frame=1967 action=Move { key: 1000, position: [1.7185, 0.0, 1.1], yaw: 0.0 } applied=true
[lighting-sequence] frame=1968 action=Move { key: 1000, position: [1.719, 0.0, 1.1], yaw: 0.0 } applied=true
[lighting-sequence] frame=1969 action=Move { key: 1000, position: [1.7195, 0.0, 1.1], yaw: 0.0 } applied=true
[lighting-sequence] frame=1970 action=Move { key: 1000, position: [1.72, 0.0, 1.1], yaw: 0.0 } applied=true
[lighting-sequence] frame=1971 action=Move { key: 1000, position: [1.7205, 0.0, 1.1], yaw: 0.0 } applied=true
[lighting-sequence] frame=1972 action=Move { key: 1000, position: [1.721, 0.0, 1.1], yaw: 0.0 } applied=true
[lighting-sequence] frame=1973 action=Move { key: 1000, position: [1.7215, 0.0, 1.1], yaw: 0.0 } applied=true
[lighting-sequence] frame=1974 action=Move { key: 1000, position: [1.722, 0.0, 1.1], yaw: 0.0 } applied=true
[lighting-sequence] frame=1975 action=Move { key: 1000, position: [1.7225, 0.0, 1.1], yaw: 0.0 } applied=true
[lighting-sequence] frame=1976 action=Move { key: 1000, position: [1.723, 0.0, 1.1], yaw: 0.0 } applied=true
[lighting-sequence] frame=1977 action=Move { key: 1000, position: [1.7235, 0.0, 1.1], yaw: 0.0 } applied=true
[lighting-sequence] frame=1978 action=Move { key: 1000, position: [1.724, 0.0, 1.1], yaw: 0.0 } applied=true
[lighting-sequence] frame=1979 action=Move { key: 1000, position: [1.7245, 0.0, 1.1], yaw: 0.0 } applied=true
[lighting-sequence] frame=1980 action=Move { key: 1000, position: [1.725, 0.0, 1.1], yaw: 0.0 } applied=true
[lighting-sequence] frame=1981 action=Move { key: 1000, position: [1.7255, 0.0, 1.1], yaw: 0.0 } applied=true
[lighting-sequence] frame=1982 action=Move { key: 1000, position: [1.726, 0.0, 1.1], yaw: 0.0 } applied=true
[lighting-sequence] frame=1983 action=Move { key: 1000, position: [1.7265, 0.0, 1.1], yaw: 0.0 } applied=true
[lighting-sequence] frame=1984 action=Move { key: 1000, position: [1.727, 0.0, 1.1], yaw: 0.0 } applied=true
[lighting-sequence] frame=1985 action=Move { key: 1000, position: [1.7275, 0.0, 1.1], yaw: 0.0 } applied=true
[lighting-sequence] frame=1986 action=Move { key: 1000, position: [1.728, 0.0, 1.1], yaw: 0.0 } applied=true
[lighting-sequence] frame=1987 action=Move { key: 1000, position: [1.7285, 0.0, 1.1], yaw: 0.0 } applied=true
[lighting-sequence] frame=1988 action=Move { key: 1000, position: [1.729, 0.0, 1.1], yaw: 0.0 } applied=true
[lighting-sequence] frame=1989 action=Move { key: 1000, position: [1.7295, 0.0, 1.1], yaw: 0.0 } applied=true
[lighting-sequence] frame=1990 action=Move { key: 1000, position: [1.73, 0.0, 1.1], yaw: 0.0 } applied=true
[lighting-sequence] frame=1991 action=Move { key: 1000, position: [1.7305, 0.0, 1.1], yaw: 0.0 } applied=true
[lighting-sequence] frame=1992 action=Move { key: 1000, position: [1.731, 0.0, 1.1], yaw: 0.0 } applied=true
[lighting-sequence] frame=1993 action=Move { key: 1000, position: [1.7315, 0.0, 1.1], yaw: 0.0 } applied=true
[lighting-sequence] frame=1994 action=Move { key: 1000, position: [1.732, 0.0, 1.1], yaw: 0.0 } applied=true
[lighting-sequence] frame=1995 action=Move { key: 1000, position: [1.7325, 0.0, 1.1], yaw: 0.0 } applied=true
[lighting-sequence] frame=1996 action=Move { key: 1000, position: [1.733, 0.0, 1.1], yaw: 0.0 } applied=true
[lighting-sequence] frame=1997 action=Move { key: 1000, position: [1.7335, 0.0, 1.1], yaw: 0.0 } applied=true
[lighting-sequence] frame=1998 action=Move { key: 1000, position: [1.734, 0.0, 1.1], yaw: 0.0 } applied=true
[lighting-sequence] frame=1999 action=Move { key: 1000, position: [1.7345, 0.0, 1.1], yaw: 0.0 } applied=true
[lighting-sequence] frame=2000 action=Move { key: 1000, position: [1.735, 0.0, 1.1], yaw: 0.0 } applied=true
[lighting-sequence] frame=2001 action=Move { key: 1000, position: [1.7355, 0.0, 1.1], yaw: 0.0 } applied=true
[lighting-sequence] frame=2002 action=Move { key: 1000, position: [1.736, 0.0, 1.1], yaw: 0.0 } applied=true
[lighting-sequence] frame=2003 action=Move { key: 1000, position: [1.7365, 0.0, 1.1], yaw: 0.0 } applied=true
[lighting-sequence] frame=2004 action=Move { key: 1000, position: [1.737, 0.0, 1.1], yaw: 0.0 } applied=true
[lighting-sequence] frame=2005 action=Move { key: 1000, position: [1.7375, 0.0, 1.1], yaw: 0.0 } applied=true
[lighting-sequence] frame=2006 action=Move { key: 1000, position: [1.738, 0.0, 1.1], yaw: 0.0 } applied=true
[lighting-sequence] frame=2007 action=Move { key: 1000, position: [1.7385, 0.0, 1.1], yaw: 0.0 } applied=true
[lighting-sequence] frame=2008 action=Move { key: 1000, position: [1.739, 0.0, 1.1], yaw: 0.0 } applied=true
[lighting-sequence] frame=2009 action=Move { key: 1000, position: [1.7395, 0.0, 1.1], yaw: 0.0 } applied=true
[lighting-sequence] frame=2010 action=Move { key: 1000, position: [1.74, 0.0, 1.1], yaw: 0.0 } applied=true
[lighting-sequence] frame=2011 action=Move { key: 1000, position: [1.7405, 0.0, 1.1], yaw: 0.0 } applied=true
[lighting-sequence] frame=2012 action=Move { key: 1000, position: [1.741, 0.0, 1.1], yaw: 0.0 } applied=true
[lighting-sequence] frame=2013 action=Move { key: 1000, position: [1.7415, 0.0, 1.1], yaw: 0.0 } applied=true
[lighting-sequence] frame=2014 action=Move { key: 1000, position: [1.742, 0.0, 1.1], yaw: 0.0 } applied=true
[lighting-sequence] frame=2015 action=Move { key: 1000, position: [1.7425, 0.0, 1.1], yaw: 0.0 } applied=true
[lighting-sequence] frame=2016 action=Move { key: 1000, position: [1.743, 0.0, 1.1], yaw: 0.0 } applied=true
[lighting-sequence] frame=2017 action=Move { key: 1000, position: [1.7435, 0.0, 1.1], yaw: 0.0 } applied=true
[lighting-sequence] frame=2018 action=Move { key: 1000, position: [1.744, 0.0, 1.1], yaw: 0.0 } applied=true
[lighting-sequence] frame=2019 action=Move { key: 1000, position: [1.7445, 0.0, 1.1], yaw: 0.0 } applied=true
[lighting-sequence] frame=2020 action=Move { key: 1000, position: [1.745, 0.0, 1.1], yaw: 0.0 } applied=true
[lighting-sequence] frame=2021 action=Move { key: 1000, position: [1.7455, 0.0, 1.1], yaw: 0.0 } applied=true
[lighting-sequence] frame=2022 action=Move { key: 1000, position: [1.746, 0.0, 1.1], yaw: 0.0 } applied=true
[lighting-sequence] frame=2023 action=Move { key: 1000, position: [1.7465, 0.0, 1.1], yaw: 0.0 } applied=true
[lighting-sequence] frame=2024 action=Move { key: 1000, position: [1.747, 0.0, 1.1], yaw: 0.0 } applied=true
[lighting-sequence] frame=2025 action=Move { key: 1000, position: [1.7475, 0.0, 1.1], yaw: 0.0 } applied=true
[lighting-sequence] frame=2026 action=Move { key: 1000, position: [1.748, 0.0, 1.1], yaw: 0.0 } applied=true
[lighting-sequence] frame=2027 action=Move { key: 1000, position: [1.7485, 0.0, 1.1], yaw: 0.0 } applied=true
[lighting-sequence] frame=2028 action=Move { key: 1000, position: [1.749, 0.0, 1.1], yaw: 0.0 } applied=true
[lighting-sequence] frame=2029 action=Move { key: 1000, position: [1.7495, 0.0, 1.1], yaw: 0.0 } applied=true
[lighting-sequence] frame=2030 action=Move { key: 1000, position: [1.7, 0.0, 1.1], yaw: 0.0 } applied=true
[lighting-sequence] frame=2031 action=Move { key: 1000, position: [1.7005, 0.0, 1.1], yaw: 0.0 } applied=true
[lighting-sequence] frame=2032 action=Move { key: 1000, position: [1.701, 0.0, 1.1], yaw: 0.0 } applied=true
[lighting-sequence] frame=2033 action=Move { key: 1000, position: [1.7015, 0.0, 1.1], yaw: 0.0 } applied=true
[lighting-sequence] frame=2034 action=Move { key: 1000, position: [1.702, 0.0, 1.1], yaw: 0.0 } applied=true
[lighting-sequence] frame=2035 action=Move { key: 1000, position: [1.7025, 0.0, 1.1], yaw: 0.0 } applied=true
[lighting-sequence] frame=2036 action=Move { key: 1000, position: [1.703, 0.0, 1.1], yaw: 0.0 } applied=true
[lighting-sequence] frame=2037 action=Move { key: 1000, position: [1.7035, 0.0, 1.1], yaw: 0.0 } applied=true
[lighting-sequence] frame=2038 action=Move { key: 1000, position: [1.704, 0.0, 1.1], yaw: 0.0 } applied=true
[lighting-sequence] frame=2039 action=Move { key: 1000, position: [1.7045, 0.0, 1.1], yaw: 0.0 } applied=true
[lighting-sequence] frame=2040 action=Move { key: 1000, position: [1.705, 0.0, 1.1], yaw: 0.0 } applied=true
[lighting-sequence] frame=2041 action=Move { key: 1000, position: [1.7055, 0.0, 1.1], yaw: 0.0 } applied=true
[lighting-sequence] frame=2042 action=Move { key: 1000, position: [1.706, 0.0, 1.1], yaw: 0.0 } applied=true
[lighting-sequence] frame=2043 action=Move { key: 1000, position: [1.7065, 0.0, 1.1], yaw: 0.0 } applied=true
[lighting-sequence] frame=2044 action=Move { key: 1000, position: [1.707, 0.0, 1.1], yaw: 0.0 } applied=true
[lighting-sequence] frame=2045 action=Move { key: 1000, position: [1.7075, 0.0, 1.1], yaw: 0.0 } applied=true
[lighting-sequence] frame=2046 action=Move { key: 1000, position: [1.708, 0.0, 1.1], yaw: 0.0 } applied=true
[lighting-sequence] frame=2047 action=Move { key: 1000, position: [1.7085, 0.0, 1.1], yaw: 0.0 } applied=true
[lighting-sequence] frame=2048 action=Move { key: 1000, position: [1.709, 0.0, 1.1], yaw: 0.0 } applied=true
[lighting-sequence] frame=2049 action=Move { key: 1000, position: [1.7095, 0.0, 1.1], yaw: 0.0 } applied=true
[lighting-sequence] frame=2050 action=Move { key: 1000, position: [1.71, 0.0, 1.1], yaw: 0.0 } applied=true
[lighting-sequence] frame=2051 action=Move { key: 1000, position: [1.7105, 0.0, 1.1], yaw: 0.0 } applied=true
[lighting-sequence] frame=2052 action=Move { key: 1000, position: [1.711, 0.0, 1.1], yaw: 0.0 } applied=true
[lighting-sequence] frame=2053 action=Move { key: 1000, position: [1.7115, 0.0, 1.1], yaw: 0.0 } applied=true
[lighting-sequence] frame=2054 action=Move { key: 1000, position: [1.712, 0.0, 1.1], yaw: 0.0 } applied=true
[lighting-sequence] frame=2055 action=Move { key: 1000, position: [1.7125, 0.0, 1.1], yaw: 0.0 } applied=true
[lighting-sequence] frame=2056 action=Move { key: 1000, position: [1.713, 0.0, 1.1], yaw: 0.0 } applied=true
[lighting-sequence] frame=2057 action=Move { key: 1000, position: [1.7135, 0.0, 1.1], yaw: 0.0 } applied=true
[lighting-sequence] frame=2058 action=Move { key: 1000, position: [1.714, 0.0, 1.1], yaw: 0.0 } applied=true
[lighting-sequence] frame=2059 action=Move { key: 1000, position: [1.7145, 0.0, 1.1], yaw: 0.0 } applied=true
[lighting-sequence] frame=2060 action=Move { key: 1000, position: [1.715, 0.0, 1.1], yaw: 0.0 } applied=true
[lighting-sequence] frame=2061 action=Move { key: 1000, position: [1.7155, 0.0, 1.1], yaw: 0.0 } applied=true
[lighting-sequence] frame=2062 action=Move { key: 1000, position: [1.716, 0.0, 1.1], yaw: 0.0 } applied=true
[lighting-sequence] frame=2063 action=Move { key: 1000, position: [1.7165, 0.0, 1.1], yaw: 0.0 } applied=true
[lighting-sequence] frame=2064 action=Move { key: 1000, position: [1.717, 0.0, 1.1], yaw: 0.0 } applied=true
[lighting-sequence] frame=2065 action=Move { key: 1000, position: [1.7175, 0.0, 1.1], yaw: 0.0 } applied=true
[lighting-sequence] frame=2066 action=Move { key: 1000, position: [1.718, 0.0, 1.1], yaw: 0.0 } applied=true
[lighting-sequence] frame=2067 action=Move { key: 1000, position: [1.7185, 0.0, 1.1], yaw: 0.0 } applied=true
[lighting-sequence] frame=2068 action=Move { key: 1000, position: [1.719, 0.0, 1.1], yaw: 0.0 } applied=true
[lighting-sequence] frame=2069 action=Move { key: 1000, position: [1.7195, 0.0, 1.1], yaw: 0.0 } applied=true
[lighting-sequence] frame=2070 action=Move { key: 1000, position: [1.72, 0.0, 1.1], yaw: 0.0 } applied=true
[lighting-sequence] frame=2071 action=Move { key: 1000, position: [1.7205, 0.0, 1.1], yaw: 0.0 } applied=true
[lighting-sequence] frame=2072 action=Move { key: 1000, position: [1.721, 0.0, 1.1], yaw: 0.0 } applied=true
[lighting-sequence] frame=2073 action=Move { key: 1000, position: [1.7215, 0.0, 1.1], yaw: 0.0 } applied=true
[lighting-sequence] frame=2074 action=Move { key: 1000, position: [1.722, 0.0, 1.1], yaw: 0.0 } applied=true
[lighting-sequence] frame=2075 action=Move { key: 1000, position: [1.7225, 0.0, 1.1], yaw: 0.0 } applied=true
[lighting-sequence] frame=2076 action=Move { key: 1000, position: [1.723, 0.0, 1.1], yaw: 0.0 } applied=true
[lighting-sequence] frame=2077 action=Move { key: 1000, position: [1.7235, 0.0, 1.1], yaw: 0.0 } applied=true
[lighting-sequence] frame=2078 action=Move { key: 1000, position: [1.724, 0.0, 1.1], yaw: 0.0 } applied=true
[lighting-sequence] frame=2079 action=Move { key: 1000, position: [1.7245, 0.0, 1.1], yaw: 0.0 } applied=true
[lighting-sequence] frame=2080 action=Move { key: 1000, position: [1.725, 0.0, 1.1], yaw: 0.0 } applied=true
[lighting-sequence] frame=2081 action=Move { key: 1000, position: [1.7255, 0.0, 1.1], yaw: 0.0 } applied=true
[lighting-sequence] frame=2082 action=Move { key: 1000, position: [1.726, 0.0, 1.1], yaw: 0.0 } applied=true
[lighting-sequence] frame=2083 action=Move { key: 1000, position: [1.7265, 0.0, 1.1], yaw: 0.0 } applied=true
[lighting-sequence] frame=2084 action=Move { key: 1000, position: [1.727, 0.0, 1.1], yaw: 0.0 } applied=true
[lighting-sequence] frame=2085 action=Move { key: 1000, position: [1.7275, 0.0, 1.1], yaw: 0.0 } applied=true
[lighting-sequence] frame=2086 action=Move { key: 1000, position: [1.728, 0.0, 1.1], yaw: 0.0 } applied=true
[lighting-sequence] frame=2087 action=Move { key: 1000, position: [1.7285, 0.0, 1.1], yaw: 0.0 } applied=true
[lighting-sequence] frame=2088 action=Move { key: 1000, position: [1.729, 0.0, 1.1], yaw: 0.0 } applied=true
[lighting-sequence] frame=2089 action=Move { key: 1000, position: [1.7295, 0.0, 1.1], yaw: 0.0 } applied=true
[lighting-sequence] frame=2090 action=Move { key: 1000, position: [1.73, 0.0, 1.1], yaw: 0.0 } applied=true
[lighting-sequence] frame=2091 action=Move { key: 1000, position: [1.7305, 0.0, 1.1], yaw: 0.0 } applied=true
[lighting-sequence] frame=2092 action=Move { key: 1000, position: [1.731, 0.0, 1.1], yaw: 0.0 } applied=true
[lighting-sequence] frame=2093 action=Move { key: 1000, position: [1.7315, 0.0, 1.1], yaw: 0.0 } applied=true
[lighting-sequence] frame=2094 action=Move { key: 1000, position: [1.732, 0.0, 1.1], yaw: 0.0 } applied=true
[lighting-sequence] frame=2095 action=Move { key: 1000, position: [1.7325, 0.0, 1.1], yaw: 0.0 } applied=true
[lighting-sequence] frame=2096 action=Move { key: 1000, position: [1.733, 0.0, 1.1], yaw: 0.0 } applied=true
[lighting-sequence] frame=2097 action=Move { key: 1000, position: [1.7335, 0.0, 1.1], yaw: 0.0 } applied=true
[lighting-sequence] frame=2098 action=Move { key: 1000, position: [1.734, 0.0, 1.1], yaw: 0.0 } applied=true
[lighting-sequence] frame=2099 action=Move { key: 1000, position: [1.7345, 0.0, 1.1], yaw: 0.0 } applied=true
[lighting-sequence] frame=2100 action=Move { key: 1000, position: [1.735, 0.0, 1.1], yaw: 0.0 } applied=true
[lighting-sequence] frame=2101 action=Move { key: 1000, position: [1.7355, 0.0, 1.1], yaw: 0.0 } applied=true
[lighting-sequence] frame=2102 action=Move { key: 1000, position: [1.736, 0.0, 1.1], yaw: 0.0 } applied=true
[lighting-sequence] frame=2103 action=Move { key: 1000, position: [1.7365, 0.0, 1.1], yaw: 0.0 } applied=true
[lighting-sequence] frame=2104 action=Move { key: 1000, position: [1.737, 0.0, 1.1], yaw: 0.0 } applied=true
[lighting-sequence] frame=2105 action=Move { key: 1000, position: [1.7375, 0.0, 1.1], yaw: 0.0 } applied=true
[lighting-sequence] frame=2106 action=Move { key: 1000, position: [1.738, 0.0, 1.1], yaw: 0.0 } applied=true
[lighting-sequence] frame=2107 action=Move { key: 1000, position: [1.7385, 0.0, 1.1], yaw: 0.0 } applied=true
[lighting-sequence] frame=2108 action=Move { key: 1000, position: [1.739, 0.0, 1.1], yaw: 0.0 } applied=true
[lighting-sequence] frame=2109 action=Move { key: 1000, position: [1.7395, 0.0, 1.1], yaw: 0.0 } applied=true
[lighting-sequence] frame=2110 action=Move { key: 1000, position: [1.74, 0.0, 1.1], yaw: 0.0 } applied=true
[lighting-sequence] frame=2111 action=Move { key: 1000, position: [1.7405, 0.0, 1.1], yaw: 0.0 } applied=true
[lighting-sequence] frame=2112 action=Move { key: 1000, position: [1.741, 0.0, 1.1], yaw: 0.0 } applied=true
[lighting-sequence] frame=2113 action=Move { key: 1000, position: [1.7415, 0.0, 1.1], yaw: 0.0 } applied=true
[lighting-sequence] frame=2114 action=Move { key: 1000, position: [1.742, 0.0, 1.1], yaw: 0.0 } applied=true
[lighting-sequence] frame=2115 action=Move { key: 1000, position: [1.7425, 0.0, 1.1], yaw: 0.0 } applied=true
[lighting-sequence] frame=2116 action=Move { key: 1000, position: [1.743, 0.0, 1.1], yaw: 0.0 } applied=true
[lighting-sequence] frame=2117 action=Move { key: 1000, position: [1.7435, 0.0, 1.1], yaw: 0.0 } applied=true
[lighting-sequence] frame=2118 action=Move { key: 1000, position: [1.744, 0.0, 1.1], yaw: 0.0 } applied=true
[lighting-sequence] frame=2119 action=Move { key: 1000, position: [1.7445, 0.0, 1.1], yaw: 0.0 } applied=true
[lighting-sequence] frame=2120 action=Move { key: 1000, position: [1.745, 0.0, 1.1], yaw: 0.0 } applied=true
[lighting-sequence] frame=2121 action=Move { key: 1000, position: [1.7455, 0.0, 1.1], yaw: 0.0 } applied=true
[lighting-sequence] frame=2122 action=Move { key: 1000, position: [1.746, 0.0, 1.1], yaw: 0.0 } applied=true
[lighting-sequence] frame=2123 action=Move { key: 1000, position: [1.7465, 0.0, 1.1], yaw: 0.0 } applied=true
[lighting-sequence] frame=2124 action=Move { key: 1000, position: [1.747, 0.0, 1.1], yaw: 0.0 } applied=true
[lighting-sequence] frame=2125 action=Move { key: 1000, position: [1.7475, 0.0, 1.1], yaw: 0.0 } applied=true
[lighting-sequence] frame=2126 action=Move { key: 1000, position: [1.748, 0.0, 1.1], yaw: 0.0 } applied=true
[lighting-sequence] frame=2127 action=Move { key: 1000, position: [1.7485, 0.0, 1.1], yaw: 0.0 } applied=true
[lighting-sequence] frame=2128 action=Move { key: 1000, position: [1.749, 0.0, 1.1], yaw: 0.0 } applied=true
[lighting-sequence] frame=2129 action=Move { key: 1000, position: [1.7495, 0.0, 1.1], yaw: 0.0 } applied=true
[lighting-sequence] frame=2130 action=Move { key: 1000, position: [1.7, 0.0, 1.1], yaw: 0.0 } applied=true
[lighting-sequence] frame=2131 action=Move { key: 1000, position: [1.7005, 0.0, 1.1], yaw: 0.0 } applied=true
[lighting-sequence] frame=2132 action=Move { key: 1000, position: [1.701, 0.0, 1.1], yaw: 0.0 } applied=true
[lighting-sequence] frame=2133 action=Move { key: 1000, position: [1.7015, 0.0, 1.1], yaw: 0.0 } applied=true
[lighting-sequence] frame=2134 action=Move { key: 1000, position: [1.702, 0.0, 1.1], yaw: 0.0 } applied=true
[lighting-sequence] frame=2135 action=Move { key: 1000, position: [1.7025, 0.0, 1.1], yaw: 0.0 } applied=true
[lighting-sequence] frame=2136 action=Move { key: 1000, position: [1.703, 0.0, 1.1], yaw: 0.0 } applied=true
[lighting-sequence] frame=2137 action=Move { key: 1000, position: [1.7035, 0.0, 1.1], yaw: 0.0 } applied=true
[lighting-sequence] frame=2138 action=Move { key: 1000, position: [1.704, 0.0, 1.1], yaw: 0.0 } applied=true
[lighting-sequence] frame=2139 action=Move { key: 1000, position: [1.7045, 0.0, 1.1], yaw: 0.0 } applied=true
[lighting-sequence] frame=2140 action=Move { key: 1000, position: [1.705, 0.0, 1.1], yaw: 0.0 } applied=true
[lighting-sequence] frame=2141 action=Move { key: 1000, position: [1.7055, 0.0, 1.1], yaw: 0.0 } applied=true
[lighting-sequence] frame=2142 action=Move { key: 1000, position: [1.706, 0.0, 1.1], yaw: 0.0 } applied=true
[lighting-sequence] frame=2143 action=Move { key: 1000, position: [1.7065, 0.0, 1.1], yaw: 0.0 } applied=true
[lighting-sequence] frame=2144 action=Move { key: 1000, position: [1.707, 0.0, 1.1], yaw: 0.0 } applied=true
[lighting-sequence] frame=2145 action=Move { key: 1000, position: [1.7075, 0.0, 1.1], yaw: 0.0 } applied=true
[lighting-sequence] frame=2146 action=Move { key: 1000, position: [1.708, 0.0, 1.1], yaw: 0.0 } applied=true
[lighting-sequence] frame=2147 action=Move { key: 1000, position: [1.7085, 0.0, 1.1], yaw: 0.0 } applied=true
[lighting-sequence] frame=2148 action=Move { key: 1000, position: [1.709, 0.0, 1.1], yaw: 0.0 } applied=true
[lighting-sequence] frame=2149 action=Move { key: 1000, position: [1.7095, 0.0, 1.1], yaw: 0.0 } applied=true
[lighting-sequence] frame=2150 action=Move { key: 1000, position: [1.71, 0.0, 1.1], yaw: 0.0 } applied=true
[lighting-sequence] frame=2151 action=Move { key: 1000, position: [1.7105, 0.0, 1.1], yaw: 0.0 } applied=true
[lighting-sequence] frame=2152 action=Move { key: 1000, position: [1.711, 0.0, 1.1], yaw: 0.0 } applied=true
[lighting-sequence] frame=2153 action=Move { key: 1000, position: [1.7115, 0.0, 1.1], yaw: 0.0 } applied=true
[lighting-sequence] frame=2154 action=Move { key: 1000, position: [1.712, 0.0, 1.1], yaw: 0.0 } applied=true
[lighting-sequence] frame=2155 action=Move { key: 1000, position: [1.7125, 0.0, 1.1], yaw: 0.0 } applied=true
[lighting-sequence] frame=2156 action=Move { key: 1000, position: [1.713, 0.0, 1.1], yaw: 0.0 } applied=true
[lighting-sequence] frame=2157 action=Move { key: 1000, position: [1.7135, 0.0, 1.1], yaw: 0.0 } applied=true
[lighting-sequence] frame=2158 action=Move { key: 1000, position: [1.714, 0.0, 1.1], yaw: 0.0 } applied=true
[lighting-sequence] frame=2159 action=Move { key: 1000, position: [1.7145, 0.0, 1.1], yaw: 0.0 } applied=true
[lighting-sequence] frame=2160 action=Move { key: 1000, position: [1.715, 0.0, 1.1], yaw: 0.0 } applied=true
[lighting-sequence] frame=2161 action=Move { key: 1000, position: [1.7155, 0.0, 1.1], yaw: 0.0 } applied=true
[lighting-sequence] frame=2162 action=Move { key: 1000, position: [1.716, 0.0, 1.1], yaw: 0.0 } applied=true
[lighting-sequence] frame=2163 action=Move { key: 1000, position: [1.7165, 0.0, 1.1], yaw: 0.0 } applied=true
[lighting-sequence] frame=2164 action=Move { key: 1000, position: [1.717, 0.0, 1.1], yaw: 0.0 } applied=true
[lighting-sequence] frame=2165 action=Move { key: 1000, position: [1.7175, 0.0, 1.1], yaw: 0.0 } applied=true
[lighting-sequence] frame=2166 action=Move { key: 1000, position: [1.718, 0.0, 1.1], yaw: 0.0 } applied=true
[lighting-sequence] frame=2167 action=Move { key: 1000, position: [1.7185, 0.0, 1.1], yaw: 0.0 } applied=true
[lighting-sequence] frame=2168 action=Move { key: 1000, position: [1.719, 0.0, 1.1], yaw: 0.0 } applied=true
[lighting-sequence] frame=2169 action=Move { key: 1000, position: [1.7195, 0.0, 1.1], yaw: 0.0 } applied=true
[lighting-sequence] frame=2170 action=Move { key: 1000, position: [1.72, 0.0, 1.1], yaw: 0.0 } applied=true
[lighting-sequence] frame=2171 action=Move { key: 1000, position: [1.7205, 0.0, 1.1], yaw: 0.0 } applied=true
[lighting-sequence] frame=2172 action=Move { key: 1000, position: [1.721, 0.0, 1.1], yaw: 0.0 } applied=true
[lighting-sequence] frame=2173 action=Move { key: 1000, position: [1.7215, 0.0, 1.1], yaw: 0.0 } applied=true
[lighting-sequence] frame=2174 action=Move { key: 1000, position: [1.722, 0.0, 1.1], yaw: 0.0 } applied=true
[lighting-sequence] frame=2175 action=Move { key: 1000, position: [1.7225, 0.0, 1.1], yaw: 0.0 } applied=true
[lighting-sequence] frame=2176 action=Move { key: 1000, position: [1.723, 0.0, 1.1], yaw: 0.0 } applied=true
[lighting-sequence] frame=2177 action=Move { key: 1000, position: [1.7235, 0.0, 1.1], yaw: 0.0 } applied=true
[lighting-sequence] frame=2178 action=Move { key: 1000, position: [1.724, 0.0, 1.1], yaw: 0.0 } applied=true
[lighting-sequence] frame=2179 action=Move { key: 1000, position: [1.7245, 0.0, 1.1], yaw: 0.0 } applied=true
[lighting-sequence] frame=2180 action=Move { key: 1000, position: [1.725, 0.0, 1.1], yaw: 0.0 } applied=true
[lighting-sequence] frame=2181 action=Move { key: 1000, position: [1.7255, 0.0, 1.1], yaw: 0.0 } applied=true
[lighting-sequence] frame=2182 action=Move { key: 1000, position: [1.726, 0.0, 1.1], yaw: 0.0 } applied=true
[lighting-sequence] frame=2183 action=Move { key: 1000, position: [1.7265, 0.0, 1.1], yaw: 0.0 } applied=true
[lighting-sequence] frame=2184 action=Move { key: 1000, position: [1.727, 0.0, 1.1], yaw: 0.0 } applied=true
[lighting-sequence] frame=2185 action=Move { key: 1000, position: [1.7275, 0.0, 1.1], yaw: 0.0 } applied=true
[lighting-sequence] frame=2186 action=Move { key: 1000, position: [1.728, 0.0, 1.1], yaw: 0.0 } applied=true
[lighting-sequence] frame=2187 action=Move { key: 1000, position: [1.7285, 0.0, 1.1], yaw: 0.0 } applied=true
[lighting-sequence] frame=2188 action=Move { key: 1000, position: [1.729, 0.0, 1.1], yaw: 0.0 } applied=true
[lighting-sequence] frame=2189 action=Move { key: 1000, position: [1.7295, 0.0, 1.1], yaw: 0.0 } applied=true
[lighting-sequence] frame=2190 action=Move { key: 1000, position: [1.73, 0.0, 1.1], yaw: 0.0 } applied=true
[lighting-sequence] frame=2191 action=Move { key: 1000, position: [1.7305, 0.0, 1.1], yaw: 0.0 } applied=true
[lighting-sequence] frame=2192 action=Move { key: 1000, position: [1.731, 0.0, 1.1], yaw: 0.0 } applied=true
[lighting-sequence] frame=2193 action=Move { key: 1000, position: [1.7315, 0.0, 1.1], yaw: 0.0 } applied=true
[lighting-sequence] frame=2194 action=Move { key: 1000, position: [1.732, 0.0, 1.1], yaw: 0.0 } applied=true
[lighting-sequence] frame=2195 action=Move { key: 1000, position: [1.7325, 0.0, 1.1], yaw: 0.0 } applied=true
[lighting-sequence] frame=2196 action=Move { key: 1000, position: [1.733, 0.0, 1.1], yaw: 0.0 } applied=true
[lighting-sequence] frame=2197 action=Move { key: 1000, position: [1.7335, 0.0, 1.1], yaw: 0.0 } applied=true
[lighting-sequence] frame=2198 action=Move { key: 1000, position: [1.734, 0.0, 1.1], yaw: 0.0 } applied=true
[lighting-sequence] frame=2199 action=Move { key: 1000, position: [1.7345, 0.0, 1.1], yaw: 0.0 } applied=true
[lighting-sequence] frame=2200 action=Move { key: 1000, position: [1.735, 0.0, 1.1], yaw: 0.0 } applied=true
[lighting-sequence] frame=2201 action=Move { key: 1000, position: [1.7355, 0.0, 1.1], yaw: 0.0 } applied=true
[lighting-sequence] frame=2202 action=Move { key: 1000, position: [1.736, 0.0, 1.1], yaw: 0.0 } applied=true
[lighting-sequence] frame=2203 action=Move { key: 1000, position: [1.7365, 0.0, 1.1], yaw: 0.0 } applied=true
[lighting-sequence] frame=2204 action=Move { key: 1000, position: [1.737, 0.0, 1.1], yaw: 0.0 } applied=true
[lighting-sequence] frame=2205 action=Move { key: 1000, position: [1.7375, 0.0, 1.1], yaw: 0.0 } applied=true
[lighting-sequence] frame=2206 action=Move { key: 1000, position: [1.738, 0.0, 1.1], yaw: 0.0 } applied=true
[lighting-sequence] frame=2207 action=Move { key: 1000, position: [1.7385, 0.0, 1.1], yaw: 0.0 } applied=true
[lighting-sequence] frame=2208 action=Move { key: 1000, position: [1.739, 0.0, 1.1], yaw: 0.0 } applied=true
[lighting-sequence] frame=2209 action=Move { key: 1000, position: [1.7395, 0.0, 1.1], yaw: 0.0 } applied=true
[lighting-sequence] frame=2210 action=Move { key: 1000, position: [1.74, 0.0, 1.1], yaw: 0.0 } applied=true
[lighting-sequence] frame=2211 action=Move { key: 1000, position: [1.7405, 0.0, 1.1], yaw: 0.0 } applied=true
[lighting-sequence] frame=2212 action=Move { key: 1000, position: [1.741, 0.0, 1.1], yaw: 0.0 } applied=true
[lighting-sequence] frame=2213 action=Move { key: 1000, position: [1.7415, 0.0, 1.1], yaw: 0.0 } applied=true
[lighting-sequence] frame=2214 action=Move { key: 1000, position: [1.742, 0.0, 1.1], yaw: 0.0 } applied=true
[lighting-sequence] frame=2215 action=Move { key: 1000, position: [1.7425, 0.0, 1.1], yaw: 0.0 } applied=true
[lighting-sequence] frame=2216 action=Move { key: 1000, position: [1.743, 0.0, 1.1], yaw: 0.0 } applied=true
[lighting-sequence] frame=2217 action=Move { key: 1000, position: [1.7435, 0.0, 1.1], yaw: 0.0 } applied=true
[lighting-sequence] frame=2218 action=Move { key: 1000, position: [1.744, 0.0, 1.1], yaw: 0.0 } applied=true
[lighting-sequence] frame=2219 action=Move { key: 1000, position: [1.7445, 0.0, 1.1], yaw: 0.0 } applied=true
[lighting-sequence] frame=2220 action=Move { key: 1000, position: [1.745, 0.0, 1.1], yaw: 0.0 } applied=true
[lighting-sequence] frame=2221 action=Move { key: 1000, position: [1.7455, 0.0, 1.1], yaw: 0.0 } applied=true
[lighting-sequence] frame=2222 action=Move { key: 1000, position: [1.746, 0.0, 1.1], yaw: 0.0 } applied=true
[lighting-sequence] frame=2223 action=Move { key: 1000, position: [1.7465, 0.0, 1.1], yaw: 0.0 } applied=true
[lighting-sequence] frame=2224 action=Move { key: 1000, position: [1.747, 0.0, 1.1], yaw: 0.0 } applied=true
[lighting-sequence] frame=2225 action=Move { key: 1000, position: [1.7475, 0.0, 1.1], yaw: 0.0 } applied=true
[lighting-sequence] frame=2226 action=Move { key: 1000, position: [1.748, 0.0, 1.1], yaw: 0.0 } applied=true
[lighting-sequence] frame=2227 action=Move { key: 1000, position: [1.7485, 0.0, 1.1], yaw: 0.0 } applied=true
[lighting-sequence] frame=2228 action=Move { key: 1000, position: [1.749, 0.0, 1.1], yaw: 0.0 } applied=true
[lighting-sequence] frame=2229 action=Move { key: 1000, position: [1.7495, 0.0, 1.1], yaw: 0.0 } applied=true
[lighting-sequence] frame=2230 action=Move { key: 1000, position: [1.7, 0.0, 1.1], yaw: 0.0 } applied=true
[lighting-sequence] frame=2231 action=Move { key: 1000, position: [1.7005, 0.0, 1.1], yaw: 0.0 } applied=true
[lighting-sequence] frame=2232 action=Move { key: 1000, position: [1.701, 0.0, 1.1], yaw: 0.0 } applied=true
[lighting-sequence] frame=2233 action=Move { key: 1000, position: [1.7015, 0.0, 1.1], yaw: 0.0 } applied=true
[lighting-sequence] frame=2234 action=Move { key: 1000, position: [1.702, 0.0, 1.1], yaw: 0.0 } applied=true
[lighting-sequence] frame=2235 action=Move { key: 1000, position: [1.7025, 0.0, 1.1], yaw: 0.0 } applied=true
[lighting-sequence] frame=2236 action=Move { key: 1000, position: [1.703, 0.0, 1.1], yaw: 0.0 } applied=true
[lighting-sequence] frame=2237 action=Move { key: 1000, position: [1.7035, 0.0, 1.1], yaw: 0.0 } applied=true
[lighting-sequence] frame=2238 action=Move { key: 1000, position: [1.704, 0.0, 1.1], yaw: 0.0 } applied=true
[lighting-sequence] frame=2239 action=Move { key: 1000, position: [1.7045, 0.0, 1.1], yaw: 0.0 } applied=true
[lighting-sequence] frame=2240 action=Move { key: 1000, position: [1.705, 0.0, 1.1], yaw: 0.0 } applied=true
[lighting-sequence] frame=2241 action=Move { key: 1000, position: [1.7055, 0.0, 1.1], yaw: 0.0 } applied=true
[lighting-sequence] frame=2242 action=Move { key: 1000, position: [1.706, 0.0, 1.1], yaw: 0.0 } applied=true
[lighting-sequence] frame=2243 action=Move { key: 1000, position: [1.7065, 0.0, 1.1], yaw: 0.0 } applied=true
[lighting-sequence] frame=2244 action=Move { key: 1000, position: [1.707, 0.0, 1.1], yaw: 0.0 } applied=true
[lighting-sequence] frame=2245 action=Move { key: 1000, position: [1.7075, 0.0, 1.1], yaw: 0.0 } applied=true
[lighting-sequence] frame=2246 action=Move { key: 1000, position: [1.708, 0.0, 1.1], yaw: 0.0 } applied=true
[lighting-sequence] frame=2247 action=Move { key: 1000, position: [1.7085, 0.0, 1.1], yaw: 0.0 } applied=true
[lighting-sequence] frame=2248 action=Move { key: 1000, position: [1.709, 0.0, 1.1], yaw: 0.0 } applied=true
[lighting-sequence] frame=2249 action=Move { key: 1000, position: [1.7095, 0.0, 1.1], yaw: 0.0 } applied=true
[lighting-sequence] frame=2250 action=Move { key: 1000, position: [1.71, 0.0, 1.1], yaw: 0.0 } applied=true
[lighting-sequence] frame=2251 action=Move { key: 1000, position: [1.7105, 0.0, 1.1], yaw: 0.0 } applied=true
[lighting-sequence] frame=2252 action=Move { key: 1000, position: [1.711, 0.0, 1.1], yaw: 0.0 } applied=true
[lighting-sequence] frame=2253 action=Move { key: 1000, position: [1.7115, 0.0, 1.1], yaw: 0.0 } applied=true
[lighting-sequence] frame=2254 action=Move { key: 1000, position: [1.712, 0.0, 1.1], yaw: 0.0 } applied=true
[lighting-sequence] frame=2255 action=Move { key: 1000, position: [1.7125, 0.0, 1.1], yaw: 0.0 } applied=true
[lighting-sequence] frame=2256 action=Move { key: 1000, position: [1.713, 0.0, 1.1], yaw: 0.0 } applied=true
[lighting-sequence] frame=2257 action=Move { key: 1000, position: [1.7135, 0.0, 1.1], yaw: 0.0 } applied=true
[lighting-sequence] frame=2258 action=Move { key: 1000, position: [1.714, 0.0, 1.1], yaw: 0.0 } applied=true
[lighting-sequence] frame=2259 action=Move { key: 1000, position: [1.7145, 0.0, 1.1], yaw: 0.0 } applied=true
[lighting-sequence] frame=2260 action=Move { key: 1000, position: [1.715, 0.0, 1.1], yaw: 0.0 } applied=true
[lighting-sequence] frame=2261 action=Move { key: 1000, position: [1.7155, 0.0, 1.1], yaw: 0.0 } applied=true
[lighting-sequence] frame=2262 action=Move { key: 1000, position: [1.716, 0.0, 1.1], yaw: 0.0 } applied=true
[lighting-sequence] frame=2263 action=Move { key: 1000, position: [1.7165, 0.0, 1.1], yaw: 0.0 } applied=true
[lighting-sequence] frame=2264 action=Move { key: 1000, position: [1.717, 0.0, 1.1], yaw: 0.0 } applied=true
[lighting-sequence] frame=2265 action=Move { key: 1000, position: [1.7175, 0.0, 1.1], yaw: 0.0 } applied=true
[lighting-sequence] frame=2266 action=Move { key: 1000, position: [1.718, 0.0, 1.1], yaw: 0.0 } applied=true
[lighting-sequence] frame=2267 action=Move { key: 1000, position: [1.7185, 0.0, 1.1], yaw: 0.0 } applied=true
[lighting-sequence] frame=2268 action=Move { key: 1000, position: [1.719, 0.0, 1.1], yaw: 0.0 } applied=true
[lighting-sequence] frame=2269 action=Move { key: 1000, position: [1.7195, 0.0, 1.1], yaw: 0.0 } applied=true
[lighting-sequence] frame=2270 action=Move { key: 1000, position: [1.72, 0.0, 1.1], yaw: 0.0 } applied=true
[lighting-sequence] frame=2271 action=Move { key: 1000, position: [1.7205, 0.0, 1.1], yaw: 0.0 } applied=true
[lighting-sequence] frame=2272 action=Move { key: 1000, position: [1.721, 0.0, 1.1], yaw: 0.0 } applied=true
[lighting-sequence] frame=2273 action=Move { key: 1000, position: [1.7215, 0.0, 1.1], yaw: 0.0 } applied=true
[lighting-sequence] frame=2274 action=Move { key: 1000, position: [1.722, 0.0, 1.1], yaw: 0.0 } applied=true
[lighting-sequence] frame=2275 action=Move { key: 1000, position: [1.7225, 0.0, 1.1], yaw: 0.0 } applied=true
[lighting-sequence] frame=2276 action=Move { key: 1000, position: [1.723, 0.0, 1.1], yaw: 0.0 } applied=true
[lighting-sequence] frame=2277 action=Move { key: 1000, position: [1.7235, 0.0, 1.1], yaw: 0.0 } applied=true
[lighting-sequence] frame=2278 action=Move { key: 1000, position: [1.724, 0.0, 1.1], yaw: 0.0 } applied=true
[lighting-sequence] frame=2279 action=Move { key: 1000, position: [1.7245, 0.0, 1.1], yaw: 0.0 } applied=true
[lighting-sequence] frame=2280 action=Move { key: 1000, position: [1.725, 0.0, 1.1], yaw: 0.0 } applied=true
[lighting-sequence] frame=2281 action=Move { key: 1000, position: [1.7255, 0.0, 1.1], yaw: 0.0 } applied=true
[lighting-sequence] frame=2282 action=Move { key: 1000, position: [1.726, 0.0, 1.1], yaw: 0.0 } applied=true
[lighting-sequence] frame=2283 action=Move { key: 1000, position: [1.7265, 0.0, 1.1], yaw: 0.0 } applied=true
[lighting-sequence] frame=2284 action=Move { key: 1000, position: [1.727, 0.0, 1.1], yaw: 0.0 } applied=true
[lighting-sequence] frame=2285 action=Move { key: 1000, position: [1.7275, 0.0, 1.1], yaw: 0.0 } applied=true
[lighting-sequence] frame=2286 action=Move { key: 1000, position: [1.728, 0.0, 1.1], yaw: 0.0 } applied=true
[lighting-sequence] frame=2287 action=Move { key: 1000, position: [1.7285, 0.0, 1.1], yaw: 0.0 } applied=true
[lighting-sequence] frame=2288 action=Move { key: 1000, position: [1.729, 0.0, 1.1], yaw: 0.0 } applied=true
[lighting-sequence] frame=2289 action=Move { key: 1000, position: [1.7295, 0.0, 1.1], yaw: 0.0 } applied=true
[lighting-sequence] frame=2290 action=Move { key: 1000, position: [1.73, 0.0, 1.1], yaw: 0.0 } applied=true
[lighting-sequence] frame=2291 action=Move { key: 1000, position: [1.7305, 0.0, 1.1], yaw: 0.0 } applied=true
[lighting-sequence] frame=2292 action=Move { key: 1000, position: [1.731, 0.0, 1.1], yaw: 0.0 } applied=true
[lighting-sequence] frame=2293 action=Move { key: 1000, position: [1.7315, 0.0, 1.1], yaw: 0.0 } applied=true
[lighting-sequence] frame=2294 action=Move { key: 1000, position: [1.732, 0.0, 1.1], yaw: 0.0 } applied=true
[lighting-sequence] frame=2295 action=Move { key: 1000, position: [1.7325, 0.0, 1.1], yaw: 0.0 } applied=true
[lighting-sequence] frame=2296 action=Move { key: 1000, position: [1.733, 0.0, 1.1], yaw: 0.0 } applied=true
[lighting-sequence] frame=2297 action=Move { key: 1000, position: [1.7335, 0.0, 1.1], yaw: 0.0 } applied=true
[lighting-sequence] frame=2298 action=Move { key: 1000, position: [1.734, 0.0, 1.1], yaw: 0.0 } applied=true
[lighting-sequence] frame=2299 action=Move { key: 1000, position: [1.7345, 0.0, 1.1], yaw: 0.0 } applied=true
[lighting-sequence] frame=2300 action=Move { key: 1000, position: [1.735, 0.0, 1.1], yaw: 0.0 } applied=true
[lighting-sequence] frame=2301 action=Move { key: 1000, position: [1.7355, 0.0, 1.1], yaw: 0.0 } applied=true
[lighting-sequence] frame=2302 action=Move { key: 1000, position: [1.736, 0.0, 1.1], yaw: 0.0 } applied=true
[lighting-sequence] frame=2303 action=Move { key: 1000, position: [1.7365, 0.0, 1.1], yaw: 0.0 } applied=true
[lighting-sequence] frame=2304 action=Move { key: 1000, position: [1.737, 0.0, 1.1], yaw: 0.0 } applied=true
[lighting-sequence] frame=2305 action=Move { key: 1000, position: [1.7375, 0.0, 1.1], yaw: 0.0 } applied=true
[lighting-sequence] frame=2306 action=Move { key: 1000, position: [1.738, 0.0, 1.1], yaw: 0.0 } applied=true
[lighting-sequence] frame=2307 action=Move { key: 1000, position: [1.7385, 0.0, 1.1], yaw: 0.0 } applied=true
[lighting-sequence] frame=2308 action=Move { key: 1000, position: [1.739, 0.0, 1.1], yaw: 0.0 } applied=true
[lighting-sequence] frame=2309 action=Move { key: 1000, position: [1.7395, 0.0, 1.1], yaw: 0.0 } applied=true
[lighting-sequence] frame=2310 action=Move { key: 1000, position: [1.74, 0.0, 1.1], yaw: 0.0 } applied=true
[lighting-sequence] frame=2311 action=Move { key: 1000, position: [1.7405, 0.0, 1.1], yaw: 0.0 } applied=true
[lighting-sequence] frame=2312 action=Move { key: 1000, position: [1.741, 0.0, 1.1], yaw: 0.0 } applied=true
[lighting-sequence] frame=2313 action=Move { key: 1000, position: [1.7415, 0.0, 1.1], yaw: 0.0 } applied=true
[lighting-sequence] frame=2314 action=Move { key: 1000, position: [1.742, 0.0, 1.1], yaw: 0.0 } applied=true
[lighting-sequence] frame=2315 action=Move { key: 1000, position: [1.7425, 0.0, 1.1], yaw: 0.0 } applied=true
[lighting-sequence] frame=2316 action=Move { key: 1000, position: [1.743, 0.0, 1.1], yaw: 0.0 } applied=true
[lighting-sequence] frame=2317 action=Move { key: 1000, position: [1.7435, 0.0, 1.1], yaw: 0.0 } applied=true
[lighting-sequence] frame=2318 action=Move { key: 1000, position: [1.744, 0.0, 1.1], yaw: 0.0 } applied=true
[lighting-sequence] frame=2319 action=Move { key: 1000, position: [1.7445, 0.0, 1.1], yaw: 0.0 } applied=true
[lighting-sequence] frame=2320 action=Move { key: 1000, position: [1.745, 0.0, 1.1], yaw: 0.0 } applied=true
[lighting-sequence] frame=2321 action=Move { key: 1000, position: [1.7455, 0.0, 1.1], yaw: 0.0 } applied=true
[lighting-sequence] frame=2322 action=Move { key: 1000, position: [1.746, 0.0, 1.1], yaw: 0.0 } applied=true
[lighting-sequence] frame=2323 action=Move { key: 1000, position: [1.7465, 0.0, 1.1], yaw: 0.0 } applied=true
[lighting-sequence] frame=2324 action=Move { key: 1000, position: [1.747, 0.0, 1.1], yaw: 0.0 } applied=true
[lighting-sequence] frame=2325 action=Move { key: 1000, position: [1.7475, 0.0, 1.1], yaw: 0.0 } applied=true
[lighting-sequence] frame=2326 action=Move { key: 1000, position: [1.748, 0.0, 1.1], yaw: 0.0 } applied=true
[lighting-sequence] frame=2327 action=Move { key: 1000, position: [1.7485, 0.0, 1.1], yaw: 0.0 } applied=true
[lighting-sequence] frame=2328 action=Move { key: 1000, position: [1.749, 0.0, 1.1], yaw: 0.0 } applied=true
[lighting-sequence] frame=2329 action=Move { key: 1000, position: [1.7495, 0.0, 1.1], yaw: 0.0 } applied=true
[lighting-sequence] frame=2330 action=Move { key: 1000, position: [1.7, 0.0, 1.1], yaw: 0.0 } applied=true
[lighting-sequence] frame=2331 action=Move { key: 1000, position: [1.7005, 0.0, 1.1], yaw: 0.0 } applied=true
[lighting-sequence] frame=2332 action=Move { key: 1000, position: [1.701, 0.0, 1.1], yaw: 0.0 } applied=true
[lighting-sequence] frame=2333 action=Move { key: 1000, position: [1.7015, 0.0, 1.1], yaw: 0.0 } applied=true
[lighting-sequence] frame=2334 action=Move { key: 1000, position: [1.702, 0.0, 1.1], yaw: 0.0 } applied=true
[lighting-sequence] frame=2335 action=Move { key: 1000, position: [1.7025, 0.0, 1.1], yaw: 0.0 } applied=true
[lighting-sequence] frame=2336 action=Move { key: 1000, position: [1.703, 0.0, 1.1], yaw: 0.0 } applied=true
[lighting-sequence] frame=2337 action=Move { key: 1000, position: [1.7035, 0.0, 1.1], yaw: 0.0 } applied=true
[lighting-sequence] frame=2338 action=Move { key: 1000, position: [1.704, 0.0, 1.1], yaw: 0.0 } applied=true
[lighting-sequence] frame=2339 action=Move { key: 1000, position: [1.7045, 0.0, 1.1], yaw: 0.0 } applied=true
[lighting-sequence] frame=2340 action=Move { key: 1000, position: [1.705, 0.0, 1.1], yaw: 0.0 } applied=true
[lighting-sequence] frame=2341 action=Move { key: 1000, position: [1.7055, 0.0, 1.1], yaw: 0.0 } applied=true
[lighting-sequence] frame=2342 action=Move { key: 1000, position: [1.706, 0.0, 1.1], yaw: 0.0 } applied=true
[lighting-sequence] frame=2343 action=Move { key: 1000, position: [1.7065, 0.0, 1.1], yaw: 0.0 } applied=true
[lighting-sequence] frame=2344 action=Move { key: 1000, position: [1.707, 0.0, 1.1], yaw: 0.0 } applied=true
[lighting-sequence] frame=2345 action=Move { key: 1000, position: [1.7075, 0.0, 1.1], yaw: 0.0 } applied=true
[lighting-sequence] frame=2346 action=Move { key: 1000, position: [1.708, 0.0, 1.1], yaw: 0.0 } applied=true
[lighting-sequence] frame=2347 action=Move { key: 1000, position: [1.7085, 0.0, 1.1], yaw: 0.0 } applied=true
[lighting-sequence] frame=2348 action=Move { key: 1000, position: [1.709, 0.0, 1.1], yaw: 0.0 } applied=true
[lighting-sequence] frame=2349 action=Move { key: 1000, position: [1.7095, 0.0, 1.1], yaw: 0.0 } applied=true
[lighting-sequence] frame=2350 action=Move { key: 1000, position: [1.71, 0.0, 1.1], yaw: 0.0 } applied=true
[lighting-sequence] frame=2351 action=Move { key: 1000, position: [1.7105, 0.0, 1.1], yaw: 0.0 } applied=true
[lighting-sequence] frame=2352 action=Move { key: 1000, position: [1.711, 0.0, 1.1], yaw: 0.0 } applied=true
[lighting-sequence] frame=2353 action=Move { key: 1000, position: [1.7115, 0.0, 1.1], yaw: 0.0 } applied=true
[lighting-sequence] frame=2354 action=Move { key: 1000, position: [1.712, 0.0, 1.1], yaw: 0.0 } applied=true
[lighting-sequence] frame=2355 action=Move { key: 1000, position: [1.7125, 0.0, 1.1], yaw: 0.0 } applied=true
[lighting-sequence] frame=2356 action=Move { key: 1000, position: [1.713, 0.0, 1.1], yaw: 0.0 } applied=true
[lighting-sequence] frame=2357 action=Move { key: 1000, position: [1.7135, 0.0, 1.1], yaw: 0.0 } applied=true
[lighting-sequence] frame=2358 action=Move { key: 1000, position: [1.714, 0.0, 1.1], yaw: 0.0 } applied=true
[lighting-sequence] frame=2359 action=Move { key: 1000, position: [1.7145, 0.0, 1.1], yaw: 0.0 } applied=true
[lighting-sequence] frame=2360 action=Move { key: 1000, position: [1.715, 0.0, 1.1], yaw: 0.0 } applied=true
[lighting-sequence] frame=2361 action=Move { key: 1000, position: [1.7155, 0.0, 1.1], yaw: 0.0 } applied=true
[lighting-sequence] frame=2362 action=Move { key: 1000, position: [1.716, 0.0, 1.1], yaw: 0.0 } applied=true
[lighting-sequence] frame=2363 action=Move { key: 1000, position: [1.7165, 0.0, 1.1], yaw: 0.0 } applied=true
[lighting-sequence] frame=2364 action=Move { key: 1000, position: [1.717, 0.0, 1.1], yaw: 0.0 } applied=true
[lighting-sequence] frame=2365 action=Move { key: 1000, position: [1.7175, 0.0, 1.1], yaw: 0.0 } applied=true
[lighting-sequence] frame=2366 action=Move { key: 1000, position: [1.718, 0.0, 1.1], yaw: 0.0 } applied=true
[lighting-sequence] frame=2367 action=Move { key: 1000, position: [1.7185, 0.0, 1.1], yaw: 0.0 } applied=true
[lighting-sequence] frame=2368 action=Move { key: 1000, position: [1.719, 0.0, 1.1], yaw: 0.0 } applied=true
[lighting-sequence] frame=2369 action=Move { key: 1000, position: [1.7195, 0.0, 1.1], yaw: 0.0 } applied=true
[lighting-sequence] frame=2370 action=Move { key: 1000, position: [1.72, 0.0, 1.1], yaw: 0.0 } applied=true
[lighting-sequence] frame=2371 action=Move { key: 1000, position: [1.7205, 0.0, 1.1], yaw: 0.0 } applied=true
[lighting-sequence] frame=2372 action=Move { key: 1000, position: [1.721, 0.0, 1.1], yaw: 0.0 } applied=true
[lighting-sequence] frame=2373 action=Move { key: 1000, position: [1.7215, 0.0, 1.1], yaw: 0.0 } applied=true
[lighting-sequence] frame=2374 action=Move { key: 1000, position: [1.722, 0.0, 1.1], yaw: 0.0 } applied=true
[lighting-sequence] frame=2375 action=Move { key: 1000, position: [1.7225, 0.0, 1.1], yaw: 0.0 } applied=true
[lighting-sequence] frame=2376 action=Move { key: 1000, position: [1.723, 0.0, 1.1], yaw: 0.0 } applied=true
[lighting-sequence] frame=2377 action=Move { key: 1000, position: [1.7235, 0.0, 1.1], yaw: 0.0 } applied=true
[lighting-sequence] frame=2378 action=Move { key: 1000, position: [1.724, 0.0, 1.1], yaw: 0.0 } applied=true
[lighting-sequence] frame=2379 action=Move { key: 1000, position: [1.7245, 0.0, 1.1], yaw: 0.0 } applied=true
[lighting-sequence] frame=2380 action=Move { key: 1000, position: [1.725, 0.0, 1.1], yaw: 0.0 } applied=true
[lighting-sequence] frame=2381 action=Move { key: 1000, position: [1.7255, 0.0, 1.1], yaw: 0.0 } applied=true
[lighting-sequence] frame=2382 action=Move { key: 1000, position: [1.726, 0.0, 1.1], yaw: 0.0 } applied=true
[lighting-sequence] frame=2383 action=Move { key: 1000, position: [1.7265, 0.0, 1.1], yaw: 0.0 } applied=true
[lighting-sequence] frame=2384 action=Move { key: 1000, position: [1.727, 0.0, 1.1], yaw: 0.0 } applied=true
[lighting-sequence] frame=2385 action=Move { key: 1000, position: [1.7275, 0.0, 1.1], yaw: 0.0 } applied=true
[lighting-sequence] frame=2386 action=Move { key: 1000, position: [1.728, 0.0, 1.1], yaw: 0.0 } applied=true
[lighting-sequence] frame=2387 action=Move { key: 1000, position: [1.7285, 0.0, 1.1], yaw: 0.0 } applied=true
[lighting-sequence] frame=2388 action=Move { key: 1000, position: [1.729, 0.0, 1.1], yaw: 0.0 } applied=true
[lighting-sequence] frame=2389 action=Move { key: 1000, position: [1.7295, 0.0, 1.1], yaw: 0.0 } applied=true
[lighting-sequence] frame=2390 action=Move { key: 1000, position: [1.73, 0.0, 1.1], yaw: 0.0 } applied=true
[lighting-sequence] frame=2391 action=Move { key: 1000, position: [1.7305, 0.0, 1.1], yaw: 0.0 } applied=true
[lighting-sequence] frame=2392 action=Move { key: 1000, position: [1.731, 0.0, 1.1], yaw: 0.0 } applied=true
[lighting-sequence] frame=2393 action=Move { key: 1000, position: [1.7315, 0.0, 1.1], yaw: 0.0 } applied=true
[lighting-sequence] frame=2394 action=Move { key: 1000, position: [1.732, 0.0, 1.1], yaw: 0.0 } applied=true
[lighting-sequence] frame=2395 action=Move { key: 1000, position: [1.7325, 0.0, 1.1], yaw: 0.0 } applied=true
[lighting-sequence] frame=2396 action=Move { key: 1000, position: [1.733, 0.0, 1.1], yaw: 0.0 } applied=true
[lighting-sequence] frame=2397 action=Move { key: 1000, position: [1.7335, 0.0, 1.1], yaw: 0.0 } applied=true
[lighting-sequence] frame=2398 action=Move { key: 1000, position: [1.734, 0.0, 1.1], yaw: 0.0 } applied=true
[lighting-sequence] frame=2399 action=Move { key: 1000, position: [1.7345, 0.0, 1.1], yaw: 0.0 } applied=true
[lighting-sequence] frame=2400 action=Move { key: 1000, position: [1.735, 0.0, 1.1], yaw: 0.0 } applied=true
[lighting-sequence] frame=2401 action=Move { key: 1000, position: [1.7355, 0.0, 1.1], yaw: 0.0 } applied=true
[lighting-sequence] frame=2402 action=Move { key: 1000, position: [1.736, 0.0, 1.1], yaw: 0.0 } applied=true
[lighting-sequence] frame=2403 action=Move { key: 1000, position: [1.7365, 0.0, 1.1], yaw: 0.0 } applied=true
[lighting-sequence] frame=2404 action=Move { key: 1000, position: [1.737, 0.0, 1.1], yaw: 0.0 } applied=true
[lighting-sequence] frame=2405 action=Move { key: 1000, position: [1.7375, 0.0, 1.1], yaw: 0.0 } applied=true
[lighting-sequence] frame=2406 action=Move { key: 1000, position: [1.738, 0.0, 1.1], yaw: 0.0 } applied=true
[lighting-sequence] frame=2407 action=Move { key: 1000, position: [1.7385, 0.0, 1.1], yaw: 0.0 } applied=true
[lighting-sequence] frame=2408 action=Move { key: 1000, position: [1.739, 0.0, 1.1], yaw: 0.0 } applied=true
[lighting-sequence] frame=2409 action=Move { key: 1000, position: [1.7395, 0.0, 1.1], yaw: 0.0 } applied=true
[lighting-sequence] frame=2410 action=Move { key: 1000, position: [1.74, 0.0, 1.1], yaw: 0.0 } applied=true
[lighting-sequence] frame=2411 action=Move { key: 1000, position: [1.7405, 0.0, 1.1], yaw: 0.0 } applied=true
[lighting-sequence] frame=2412 action=Move { key: 1000, position: [1.741, 0.0, 1.1], yaw: 0.0 } applied=true
[lighting-sequence] frame=2413 action=Move { key: 1000, position: [1.7415, 0.0, 1.1], yaw: 0.0 } applied=true
[lighting-sequence] frame=2414 action=Move { key: 1000, position: [1.742, 0.0, 1.1], yaw: 0.0 } applied=true
[lighting-sequence] frame=2415 action=Move { key: 1000, position: [1.7425, 0.0, 1.1], yaw: 0.0 } applied=true
[lighting-sequence] frame=2416 action=Move { key: 1000, position: [1.743, 0.0, 1.1], yaw: 0.0 } applied=true
[lighting-sequence] frame=2417 action=Move { key: 1000, position: [1.7435, 0.0, 1.1], yaw: 0.0 } applied=true
[lighting-sequence] frame=2418 action=Move { key: 1000, position: [1.744, 0.0, 1.1], yaw: 0.0 } applied=true
[lighting-sequence] frame=2419 action=Move { key: 1000, position: [1.7445, 0.0, 1.1], yaw: 0.0 } applied=true
[lighting-sequence] frame=2420 action=Move { key: 1000, position: [1.745, 0.0, 1.1], yaw: 0.0 } applied=true
[lighting-sequence] frame=2421 action=Move { key: 1000, position: [1.7455, 0.0, 1.1], yaw: 0.0 } applied=true
[lighting-sequence] frame=2422 action=Move { key: 1000, position: [1.746, 0.0, 1.1], yaw: 0.0 } applied=true
[lighting-sequence] frame=2423 action=Move { key: 1000, position: [1.7465, 0.0, 1.1], yaw: 0.0 } applied=true
[lighting-sequence] frame=2424 action=Move { key: 1000, position: [1.747, 0.0, 1.1], yaw: 0.0 } applied=true
[lighting-sequence] frame=2425 action=Move { key: 1000, position: [1.7475, 0.0, 1.1], yaw: 0.0 } applied=true
[lighting-sequence] frame=2426 action=Move { key: 1000, position: [1.748, 0.0, 1.1], yaw: 0.0 } applied=true
[lighting-sequence] frame=2427 action=Move { key: 1000, position: [1.7485, 0.0, 1.1], yaw: 0.0 } applied=true
[lighting-sequence] frame=2428 action=Move { key: 1000, position: [1.749, 0.0, 1.1], yaw: 0.0 } applied=true
[lighting-sequence] frame=2429 action=Move { key: 1000, position: [1.7495, 0.0, 1.1], yaw: 0.0 } applied=true
[lighting-sequence] frame=2430 action=Move { key: 1000, position: [1.7, 0.0, 1.1], yaw: 0.0 } applied=true
[lighting-sequence] frame=2431 action=Move { key: 1000, position: [1.7005, 0.0, 1.1], yaw: 0.0 } applied=true
[lighting-sequence] frame=2432 action=Move { key: 1000, position: [1.701, 0.0, 1.1], yaw: 0.0 } applied=true
[lighting-sequence] frame=2433 action=Move { key: 1000, position: [1.7015, 0.0, 1.1], yaw: 0.0 } applied=true
[lighting-sequence] frame=2434 action=Move { key: 1000, position: [1.702, 0.0, 1.1], yaw: 0.0 } applied=true
[lighting-sequence] frame=2435 action=Move { key: 1000, position: [1.7025, 0.0, 1.1], yaw: 0.0 } applied=true
[lighting-sequence] frame=2436 action=Move { key: 1000, position: [1.703, 0.0, 1.1], yaw: 0.0 } applied=true
[lighting-sequence] frame=2437 action=Move { key: 1000, position: [1.7035, 0.0, 1.1], yaw: 0.0 } applied=true
[lighting-sequence] frame=2438 action=Move { key: 1000, position: [1.704, 0.0, 1.1], yaw: 0.0 } applied=true
[lighting-sequence] frame=2439 action=Move { key: 1000, position: [1.7045, 0.0, 1.1], yaw: 0.0 } applied=true
[lighting-sequence] frame=2440 action=Move { key: 1000, position: [1.705, 0.0, 1.1], yaw: 0.0 } applied=true
[lighting-sequence] frame=2441 action=Move { key: 1000, position: [1.7055, 0.0, 1.1], yaw: 0.0 } applied=true
[lighting-sequence] frame=2442 action=Move { key: 1000, position: [1.706, 0.0, 1.1], yaw: 0.0 } applied=true
[lighting-sequence] frame=2443 action=Move { key: 1000, position: [1.7065, 0.0, 1.1], yaw: 0.0 } applied=true
[lighting-sequence] frame=2444 action=Move { key: 1000, position: [1.707, 0.0, 1.1], yaw: 0.0 } applied=true
[lighting-sequence] frame=2445 action=Move { key: 1000, position: [1.7075, 0.0, 1.1], yaw: 0.0 } applied=true
[lighting-sequence] frame=2446 action=Move { key: 1000, position: [1.708, 0.0, 1.1], yaw: 0.0 } applied=true
[lighting-sequence] frame=2447 action=Move { key: 1000, position: [1.7085, 0.0, 1.1], yaw: 0.0 } applied=true
[lighting-sequence] frame=2448 action=Move { key: 1000, position: [1.709, 0.0, 1.1], yaw: 0.0 } applied=true
[lighting-sequence] frame=2449 action=Move { key: 1000, position: [1.7095, 0.0, 1.1], yaw: 0.0 } applied=true
[lighting-sequence] frame=2450 action=Move { key: 1000, position: [1.71, 0.0, 1.1], yaw: 0.0 } applied=true
[lighting-sequence] frame=2451 action=Move { key: 1000, position: [1.7105, 0.0, 1.1], yaw: 0.0 } applied=true
[lighting-sequence] frame=2452 action=Move { key: 1000, position: [1.711, 0.0, 1.1], yaw: 0.0 } applied=true
[lighting-sequence] frame=2453 action=Move { key: 1000, position: [1.7115, 0.0, 1.1], yaw: 0.0 } applied=true
[lighting-sequence] frame=2454 action=Move { key: 1000, position: [1.712, 0.0, 1.1], yaw: 0.0 } applied=true
[lighting-sequence] frame=2455 action=Move { key: 1000, position: [1.7125, 0.0, 1.1], yaw: 0.0 } applied=true
[lighting-sequence] frame=2456 action=Move { key: 1000, position: [1.713, 0.0, 1.1], yaw: 0.0 } applied=true
[lighting-sequence] frame=2457 action=Move { key: 1000, position: [1.7135, 0.0, 1.1], yaw: 0.0 } applied=true
[lighting-sequence] frame=2458 action=Move { key: 1000, position: [1.714, 0.0, 1.1], yaw: 0.0 } applied=true
[lighting-sequence] frame=2459 action=Move { key: 1000, position: [1.7145, 0.0, 1.1], yaw: 0.0 } applied=true
[lighting-sequence] frame=2460 action=Move { key: 1000, position: [1.715, 0.0, 1.1], yaw: 0.0 } applied=true
[lighting-sequence] frame=2461 action=Move { key: 1000, position: [1.7155, 0.0, 1.1], yaw: 0.0 } applied=true
[lighting-sequence] frame=2462 action=Move { key: 1000, position: [1.716, 0.0, 1.1], yaw: 0.0 } applied=true
[lighting-sequence] frame=2463 action=Move { key: 1000, position: [1.7165, 0.0, 1.1], yaw: 0.0 } applied=true
[lighting-sequence] frame=2464 action=Move { key: 1000, position: [1.717, 0.0, 1.1], yaw: 0.0 } applied=true
[lighting-sequence] frame=2465 action=Move { key: 1000, position: [1.7175, 0.0, 1.1], yaw: 0.0 } applied=true
[lighting-sequence] frame=2466 action=Move { key: 1000, position: [1.718, 0.0, 1.1], yaw: 0.0 } applied=true
[lighting-sequence] frame=2467 action=Move { key: 1000, position: [1.7185, 0.0, 1.1], yaw: 0.0 } applied=true
[lighting-sequence] frame=2468 action=Move { key: 1000, position: [1.719, 0.0, 1.1], yaw: 0.0 } applied=true
[lighting-sequence] frame=2469 action=Move { key: 1000, position: [1.7195, 0.0, 1.1], yaw: 0.0 } applied=true
[lighting-sequence] frame=2470 action=Move { key: 1000, position: [1.72, 0.0, 1.1], yaw: 0.0 } applied=true
[lighting-sequence] frame=2471 action=Move { key: 1000, position: [1.7205, 0.0, 1.1], yaw: 0.0 } applied=true
[lighting-sequence] frame=2472 action=Move { key: 1000, position: [1.721, 0.0, 1.1], yaw: 0.0 } applied=true
[lighting-sequence] frame=2473 action=Move { key: 1000, position: [1.7215, 0.0, 1.1], yaw: 0.0 } applied=true
[lighting-sequence] frame=2474 action=Move { key: 1000, position: [1.722, 0.0, 1.1], yaw: 0.0 } applied=true
[lighting-sequence] frame=2475 action=Move { key: 1000, position: [1.7225, 0.0, 1.1], yaw: 0.0 } applied=true
[lighting-sequence] frame=2476 action=Move { key: 1000, position: [1.723, 0.0, 1.1], yaw: 0.0 } applied=true
[lighting-sequence] frame=2477 action=Move { key: 1000, position: [1.7235, 0.0, 1.1], yaw: 0.0 } applied=true
[lighting-sequence] frame=2478 action=Move { key: 1000, position: [1.724, 0.0, 1.1], yaw: 0.0 } applied=true
[lighting-sequence] frame=2479 action=Move { key: 1000, position: [1.7245, 0.0, 1.1], yaw: 0.0 } applied=true
[lighting-sequence] frame=2480 action=Move { key: 1000, position: [1.725, 0.0, 1.1], yaw: 0.0 } applied=true
[lighting-sequence] frame=2481 action=Move { key: 1000, position: [1.7255, 0.0, 1.1], yaw: 0.0 } applied=true
[lighting-sequence] frame=2482 action=Move { key: 1000, position: [1.726, 0.0, 1.1], yaw: 0.0 } applied=true
[lighting-sequence] frame=2483 action=Move { key: 1000, position: [1.7265, 0.0, 1.1], yaw: 0.0 } applied=true
[lighting-sequence] frame=2484 action=Move { key: 1000, position: [1.727, 0.0, 1.1], yaw: 0.0 } applied=true
[lighting-sequence] frame=2485 action=Move { key: 1000, position: [1.7275, 0.0, 1.1], yaw: 0.0 } applied=true
[lighting-sequence] frame=2486 action=Move { key: 1000, position: [1.728, 0.0, 1.1], yaw: 0.0 } applied=true
[lighting-sequence] frame=2487 action=Move { key: 1000, position: [1.7285, 0.0, 1.1], yaw: 0.0 } applied=true
[lighting-sequence] frame=2488 action=Move { key: 1000, position: [1.729, 0.0, 1.1], yaw: 0.0 } applied=true
[lighting-sequence] frame=2489 action=Move { key: 1000, position: [1.7295, 0.0, 1.1], yaw: 0.0 } applied=true
[lighting-sequence] frame=2490 action=Move { key: 1000, position: [1.73, 0.0, 1.1], yaw: 0.0 } applied=true
[lighting-sequence] frame=2491 action=Move { key: 1000, position: [1.7305, 0.0, 1.1], yaw: 0.0 } applied=true
[lighting-sequence] frame=2492 action=Move { key: 1000, position: [1.731, 0.0, 1.1], yaw: 0.0 } applied=true
[lighting-sequence] frame=2493 action=Move { key: 1000, position: [1.7315, 0.0, 1.1], yaw: 0.0 } applied=true
[lighting-sequence] frame=2494 action=Move { key: 1000, position: [1.732, 0.0, 1.1], yaw: 0.0 } applied=true
[lighting-sequence] frame=2495 action=Move { key: 1000, position: [1.7325, 0.0, 1.1], yaw: 0.0 } applied=true
[lighting-sequence] frame=2496 action=Move { key: 1000, position: [1.733, 0.0, 1.1], yaw: 0.0 } applied=true
[lighting-sequence] frame=2497 action=Move { key: 1000, position: [1.7335, 0.0, 1.1], yaw: 0.0 } applied=true
[lighting-sequence] frame=2498 action=Move { key: 1000, position: [1.734, 0.0, 1.1], yaw: 0.0 } applied=true
[lighting-sequence] frame=2499 action=Move { key: 1000, position: [1.7345, 0.0, 1.1], yaw: 0.0 } applied=true
[lighting-sequence] frame=2500 action=Move { key: 1000, position: [1.735, 0.0, 1.1], yaw: 0.0 } applied=true
[lighting-sequence] frame=2501 action=Move { key: 1000, position: [1.7355, 0.0, 1.1], yaw: 0.0 } applied=true
[lighting-sequence] frame=2502 action=Move { key: 1000, position: [1.736, 0.0, 1.1], yaw: 0.0 } applied=true
[lighting-sequence] frame=2503 action=Move { key: 1000, position: [1.7365, 0.0, 1.1], yaw: 0.0 } applied=true
[lighting-sequence] frame=2504 action=Move { key: 1000, position: [1.737, 0.0, 1.1], yaw: 0.0 } applied=true
[lighting-sequence] frame=2505 action=Move { key: 1000, position: [1.7375, 0.0, 1.1], yaw: 0.0 } applied=true
[lighting-sequence] frame=2506 action=Move { key: 1000, position: [1.738, 0.0, 1.1], yaw: 0.0 } applied=true
[lighting-sequence] frame=2507 action=Move { key: 1000, position: [1.7385, 0.0, 1.1], yaw: 0.0 } applied=true
[lighting-sequence] frame=2508 action=Move { key: 1000, position: [1.739, 0.0, 1.1], yaw: 0.0 } applied=true
[lighting-sequence] frame=2509 action=Move { key: 1000, position: [1.7395, 0.0, 1.1], yaw: 0.0 } applied=true
[lighting-sequence] frame=2510 action=Move { key: 1000, position: [1.74, 0.0, 1.1], yaw: 0.0 } applied=true
[lighting-sequence] frame=2511 action=Move { key: 1000, position: [1.7405, 0.0, 1.1], yaw: 0.0 } applied=true
[lighting-sequence] frame=2512 action=Move { key: 1000, position: [1.741, 0.0, 1.1], yaw: 0.0 } applied=true
[lighting-sequence] frame=2513 action=Move { key: 1000, position: [1.7415, 0.0, 1.1], yaw: 0.0 } applied=true
[lighting-sequence] frame=2514 action=Move { key: 1000, position: [1.742, 0.0, 1.1], yaw: 0.0 } applied=true
[lighting-sequence] frame=2515 action=Move { key: 1000, position: [1.7425, 0.0, 1.1], yaw: 0.0 } applied=true
[lighting-sequence] frame=2516 action=Move { key: 1000, position: [1.743, 0.0, 1.1], yaw: 0.0 } applied=true
[lighting-sequence] frame=2517 action=Move { key: 1000, position: [1.7435, 0.0, 1.1], yaw: 0.0 } applied=true
[lighting-sequence] frame=2518 action=Move { key: 1000, position: [1.744, 0.0, 1.1], yaw: 0.0 } applied=true
[lighting-sequence] frame=2519 action=Move { key: 1000, position: [1.7445, 0.0, 1.1], yaw: 0.0 } applied=true
[lighting-sequence] frame=2520 action=Move { key: 1000, position: [1.745, 0.0, 1.1], yaw: 0.0 } applied=true
[lighting-sequence] frame=2521 action=Move { key: 1000, position: [1.7455, 0.0, 1.1], yaw: 0.0 } applied=true
[lighting-sequence] frame=2522 action=Move { key: 1000, position: [1.746, 0.0, 1.1], yaw: 0.0 } applied=true
[lighting-sequence] frame=2523 action=Move { key: 1000, position: [1.7465, 0.0, 1.1], yaw: 0.0 } applied=true
[lighting-sequence] frame=2524 action=Move { key: 1000, position: [1.747, 0.0, 1.1], yaw: 0.0 } applied=true
[lighting-sequence] frame=2525 action=Move { key: 1000, position: [1.7475, 0.0, 1.1], yaw: 0.0 } applied=true
[lighting-sequence] frame=2526 action=Move { key: 1000, position: [1.748, 0.0, 1.1], yaw: 0.0 } applied=true
[lighting-sequence] frame=2527 action=Move { key: 1000, position: [1.7485, 0.0, 1.1], yaw: 0.0 } applied=true
[lighting-sequence] frame=2528 action=Move { key: 1000, position: [1.749, 0.0, 1.1], yaw: 0.0 } applied=true
[lighting-sequence] frame=2529 action=Move { key: 1000, position: [1.7495, 0.0, 1.1], yaw: 0.0 } applied=true
[lighting-sequence] frame=2530 action=Move { key: 1000, position: [1.7, 0.0, 1.1], yaw: 0.0 } applied=true
[lighting-sequence] frame=2531 action=Move { key: 1000, position: [1.7005, 0.0, 1.1], yaw: 0.0 } applied=true
[lighting-sequence] frame=2532 action=Move { key: 1000, position: [1.701, 0.0, 1.1], yaw: 0.0 } applied=true
[lighting-sequence] frame=2533 action=Move { key: 1000, position: [1.7015, 0.0, 1.1], yaw: 0.0 } applied=true
[lighting-sequence] frame=2534 action=Move { key: 1000, position: [1.702, 0.0, 1.1], yaw: 0.0 } applied=true
[lighting-sequence] frame=2535 action=Move { key: 1000, position: [1.7025, 0.0, 1.1], yaw: 0.0 } applied=true
[lighting-sequence] frame=2536 action=Move { key: 1000, position: [1.703, 0.0, 1.1], yaw: 0.0 } applied=true
[lighting-sequence] frame=2537 action=Move { key: 1000, position: [1.7035, 0.0, 1.1], yaw: 0.0 } applied=true
[lighting-sequence] frame=2538 action=Move { key: 1000, position: [1.704, 0.0, 1.1], yaw: 0.0 } applied=true
[lighting-sequence] frame=2539 action=Move { key: 1000, position: [1.7045, 0.0, 1.1], yaw: 0.0 } applied=true
[lighting-sequence] frame=2540 action=Move { key: 1000, position: [1.705, 0.0, 1.1], yaw: 0.0 } applied=true
[lighting-sequence] frame=2541 action=Move { key: 1000, position: [1.7055, 0.0, 1.1], yaw: 0.0 } applied=true
[lighting-sequence] frame=2542 action=Move { key: 1000, position: [1.706, 0.0, 1.1], yaw: 0.0 } applied=true
[lighting-sequence] frame=2543 action=Move { key: 1000, position: [1.7065, 0.0, 1.1], yaw: 0.0 } applied=true
[lighting-sequence] frame=2544 action=Move { key: 1000, position: [1.707, 0.0, 1.1], yaw: 0.0 } applied=true
[lighting-sequence] frame=2545 action=Move { key: 1000, position: [1.7075, 0.0, 1.1], yaw: 0.0 } applied=true
[lighting-sequence] frame=2546 action=Move { key: 1000, position: [1.708, 0.0, 1.1], yaw: 0.0 } applied=true
[lighting-sequence] frame=2547 action=Move { key: 1000, position: [1.7085, 0.0, 1.1], yaw: 0.0 } applied=true
[lighting-sequence] frame=2548 action=Move { key: 1000, position: [1.709, 0.0, 1.1], yaw: 0.0 } applied=true
[lighting-sequence] frame=2549 action=Move { key: 1000, position: [1.7095, 0.0, 1.1], yaw: 0.0 } applied=true
[lighting-sequence] frame=2550 action=Move { key: 1000, position: [1.71, 0.0, 1.1], yaw: 0.0 } applied=true
[lighting-sequence] frame=2551 action=Move { key: 1000, position: [1.7105, 0.0, 1.1], yaw: 0.0 } applied=true
[lighting-sequence] frame=2552 action=Move { key: 1000, position: [1.711, 0.0, 1.1], yaw: 0.0 } applied=true
[lighting-sequence] frame=2553 action=Move { key: 1000, position: [1.7115, 0.0, 1.1], yaw: 0.0 } applied=true
[lighting-sequence] frame=2554 action=Move { key: 1000, position: [1.712, 0.0, 1.1], yaw: 0.0 } applied=true
[lighting-sequence] frame=2555 action=Move { key: 1000, position: [1.7125, 0.0, 1.1], yaw: 0.0 } applied=true
[lighting-sequence] frame=2556 action=Move { key: 1000, position: [1.713, 0.0, 1.1], yaw: 0.0 } applied=true
[lighting-sequence] frame=2557 action=Move { key: 1000, position: [1.7135, 0.0, 1.1], yaw: 0.0 } applied=true
[lighting-sequence] frame=2558 action=Move { key: 1000, position: [1.714, 0.0, 1.1], yaw: 0.0 } applied=true
[lighting-sequence] frame=2559 action=Move { key: 1000, position: [1.7145, 0.0, 1.1], yaw: 0.0 } applied=true
[lighting-sequence] frame=2560 action=Move { key: 1000, position: [1.715, 0.0, 1.1], yaw: 0.0 } applied=true
[lighting-sequence] frame=2561 action=Move { key: 1000, position: [1.7155, 0.0, 1.1], yaw: 0.0 } applied=true
[lighting-sequence] frame=2562 action=Move { key: 1000, position: [1.716, 0.0, 1.1], yaw: 0.0 } applied=true
[lighting-sequence] frame=2563 action=Move { key: 1000, position: [1.7165, 0.0, 1.1], yaw: 0.0 } applied=true
[lighting-sequence] frame=2564 action=Move { key: 1000, position: [1.717, 0.0, 1.1], yaw: 0.0 } applied=true
[lighting-sequence] frame=2565 action=Move { key: 1000, position: [1.7175, 0.0, 1.1], yaw: 0.0 } applied=true
[lighting-sequence] frame=2566 action=Move { key: 1000, position: [1.718, 0.0, 1.1], yaw: 0.0 } applied=true
[lighting-sequence] frame=2567 action=Move { key: 1000, position: [1.7185, 0.0, 1.1], yaw: 0.0 } applied=true
[lighting-sequence] frame=2568 action=Move { key: 1000, position: [1.719, 0.0, 1.1], yaw: 0.0 } applied=true
[lighting-sequence] frame=2569 action=Move { key: 1000, position: [1.7195, 0.0, 1.1], yaw: 0.0 } applied=true
[lighting-sequence] frame=2570 action=Move { key: 1000, position: [1.72, 0.0, 1.1], yaw: 0.0 } applied=true
[lighting-sequence] frame=2571 action=Move { key: 1000, position: [1.7205, 0.0, 1.1], yaw: 0.0 } applied=true
[lighting-sequence] frame=2572 action=Move { key: 1000, position: [1.721, 0.0, 1.1], yaw: 0.0 } applied=true
[lighting-sequence] frame=2573 action=Move { key: 1000, position: [1.7215, 0.0, 1.1], yaw: 0.0 } applied=true
[lighting-sequence] frame=2574 action=Move { key: 1000, position: [1.722, 0.0, 1.1], yaw: 0.0 } applied=true
[lighting-sequence] frame=2575 action=Move { key: 1000, position: [1.7225, 0.0, 1.1], yaw: 0.0 } applied=true
[lighting-sequence] frame=2576 action=Move { key: 1000, position: [1.723, 0.0, 1.1], yaw: 0.0 } applied=true
[lighting-sequence] frame=2577 action=Move { key: 1000, position: [1.7235, 0.0, 1.1], yaw: 0.0 } applied=true
[lighting-sequence] frame=2578 action=Move { key: 1000, position: [1.724, 0.0, 1.1], yaw: 0.0 } applied=true
[lighting-sequence] frame=2579 action=Move { key: 1000, position: [1.7245, 0.0, 1.1], yaw: 0.0 } applied=true
[lighting-sequence] frame=2580 action=Move { key: 1000, position: [1.725, 0.0, 1.1], yaw: 0.0 } applied=true
[lighting-sequence] frame=2581 action=Move { key: 1000, position: [1.7255, 0.0, 1.1], yaw: 0.0 } applied=true
[lighting-sequence] frame=2582 action=Move { key: 1000, position: [1.726, 0.0, 1.1], yaw: 0.0 } applied=true
[lighting-sequence] frame=2583 action=Move { key: 1000, position: [1.7265, 0.0, 1.1], yaw: 0.0 } applied=true
[lighting-sequence] frame=2584 action=Move { key: 1000, position: [1.727, 0.0, 1.1], yaw: 0.0 } applied=true
[lighting-sequence] frame=2585 action=Move { key: 1000, position: [1.7275, 0.0, 1.1], yaw: 0.0 } applied=true
[lighting-sequence] frame=2586 action=Move { key: 1000, position: [1.728, 0.0, 1.1], yaw: 0.0 } applied=true
[lighting-sequence] frame=2587 action=Move { key: 1000, position: [1.7285, 0.0, 1.1], yaw: 0.0 } applied=true
[lighting-sequence] frame=2588 action=Move { key: 1000, position: [1.729, 0.0, 1.1], yaw: 0.0 } applied=true
[lighting-sequence] frame=2589 action=Move { key: 1000, position: [1.7295, 0.0, 1.1], yaw: 0.0 } applied=true
[lighting-sequence] frame=2590 action=Move { key: 1000, position: [1.73, 0.0, 1.1], yaw: 0.0 } applied=true
[lighting-sequence] frame=2591 action=Move { key: 1000, position: [1.7305, 0.0, 1.1], yaw: 0.0 } applied=true
[lighting-sequence] frame=2592 action=Move { key: 1000, position: [1.731, 0.0, 1.1], yaw: 0.0 } applied=true
[lighting-sequence] frame=2593 action=Move { key: 1000, position: [1.7315, 0.0, 1.1], yaw: 0.0 } applied=true
[lighting-sequence] frame=2594 action=Move { key: 1000, position: [1.732, 0.0, 1.1], yaw: 0.0 } applied=true
[lighting-sequence] frame=2595 action=Move { key: 1000, position: [1.7325, 0.0, 1.1], yaw: 0.0 } applied=true
[lighting-sequence] frame=2596 action=Move { key: 1000, position: [1.733, 0.0, 1.1], yaw: 0.0 } applied=true
[lighting-sequence] frame=2597 action=Move { key: 1000, position: [1.7335, 0.0, 1.1], yaw: 0.0 } applied=true
[lighting-sequence] frame=2598 action=Move { key: 1000, position: [1.734, 0.0, 1.1], yaw: 0.0 } applied=true
[lighting-sequence] frame=2599 action=Move { key: 1000, position: [1.7345, 0.0, 1.1], yaw: 0.0 } applied=true
[lighting-sequence] frame=2600 action=Move { key: 1000, position: [1.735, 0.0, 1.1], yaw: 0.0 } applied=true
[lighting-sequence] frame=2601 action=Move { key: 1000, position: [1.7355, 0.0, 1.1], yaw: 0.0 } applied=true
[lighting-sequence] frame=2602 action=Move { key: 1000, position: [1.736, 0.0, 1.1], yaw: 0.0 } applied=true
[lighting-sequence] frame=2603 action=Move { key: 1000, position: [1.7365, 0.0, 1.1], yaw: 0.0 } applied=true
[lighting-sequence] frame=2604 action=Move { key: 1000, position: [1.737, 0.0, 1.1], yaw: 0.0 } applied=true
[lighting-sequence] frame=2605 action=Move { key: 1000, position: [1.7375, 0.0, 1.1], yaw: 0.0 } applied=true
[lighting-sequence] frame=2606 action=Move { key: 1000, position: [1.738, 0.0, 1.1], yaw: 0.0 } applied=true
[lighting-sequence] frame=2607 action=Move { key: 1000, position: [1.7385, 0.0, 1.1], yaw: 0.0 } applied=true
[lighting-sequence] frame=2608 action=Move { key: 1000, position: [1.739, 0.0, 1.1], yaw: 0.0 } applied=true
[lighting-sequence] frame=2609 action=Move { key: 1000, position: [1.7395, 0.0, 1.1], yaw: 0.0 } applied=true
[lighting-sequence] frame=2610 action=Move { key: 1000, position: [1.74, 0.0, 1.1], yaw: 0.0 } applied=true
[lighting-sequence] frame=2611 action=Move { key: 1000, position: [1.7405, 0.0, 1.1], yaw: 0.0 } applied=true
[lighting-sequence] frame=2612 action=Move { key: 1000, position: [1.741, 0.0, 1.1], yaw: 0.0 } applied=true
[lighting-sequence] frame=2613 action=Move { key: 1000, position: [1.7415, 0.0, 1.1], yaw: 0.0 } applied=true
[lighting-sequence] frame=2614 action=Move { key: 1000, position: [1.742, 0.0, 1.1], yaw: 0.0 } applied=true
[lighting-sequence] frame=2615 action=Move { key: 1000, position: [1.7425, 0.0, 1.1], yaw: 0.0 } applied=true
[lighting-sequence] frame=2616 action=Move { key: 1000, position: [1.743, 0.0, 1.1], yaw: 0.0 } applied=true
[lighting-sequence] frame=2617 action=Move { key: 1000, position: [1.7435, 0.0, 1.1], yaw: 0.0 } applied=true
[lighting-sequence] frame=2618 action=Move { key: 1000, position: [1.744, 0.0, 1.1], yaw: 0.0 } applied=true
[lighting-sequence] frame=2619 action=Move { key: 1000, position: [1.7445, 0.0, 1.1], yaw: 0.0 } applied=true
[lighting-sequence] frame=2620 action=Move { key: 1000, position: [1.745, 0.0, 1.1], yaw: 0.0 } applied=true
[lighting-sequence] frame=2621 action=Move { key: 1000, position: [1.7455, 0.0, 1.1], yaw: 0.0 } applied=true
[lighting-sequence] frame=2622 action=Move { key: 1000, position: [1.746, 0.0, 1.1], yaw: 0.0 } applied=true
[lighting-sequence] frame=2623 action=Move { key: 1000, position: [1.7465, 0.0, 1.1], yaw: 0.0 } applied=true
[lighting-sequence] frame=2624 action=Move { key: 1000, position: [1.747, 0.0, 1.1], yaw: 0.0 } applied=true
[lighting-sequence] frame=2625 action=Move { key: 1000, position: [1.7475, 0.0, 1.1], yaw: 0.0 } applied=true
[lighting-sequence] frame=2626 action=Move { key: 1000, position: [1.748, 0.0, 1.1], yaw: 0.0 } applied=true
[lighting-sequence] frame=2627 action=Move { key: 1000, position: [1.7485, 0.0, 1.1], yaw: 0.0 } applied=true
[lighting-sequence] frame=2628 action=Move { key: 1000, position: [1.749, 0.0, 1.1], yaw: 0.0 } applied=true
[lighting-sequence] frame=2629 action=Move { key: 1000, position: [1.7495, 0.0, 1.1], yaw: 0.0 } applied=true
[lighting-sequence] frame=2630 action=Move { key: 1000, position: [1.7, 0.0, 1.1], yaw: 0.0 } applied=true
[lighting-sequence] frame=2631 action=Move { key: 1000, position: [1.7005, 0.0, 1.1], yaw: 0.0 } applied=true
[lighting-sequence] frame=2632 action=Move { key: 1000, position: [1.701, 0.0, 1.1], yaw: 0.0 } applied=true
[lighting-sequence] frame=2633 action=Move { key: 1000, position: [1.7015, 0.0, 1.1], yaw: 0.0 } applied=true
[lighting-sequence] frame=2634 action=Move { key: 1000, position: [1.702, 0.0, 1.1], yaw: 0.0 } applied=true
[lighting-sequence] frame=2635 action=Move { key: 1000, position: [1.7025, 0.0, 1.1], yaw: 0.0 } applied=true
[lighting-sequence] frame=2636 action=Move { key: 1000, position: [1.703, 0.0, 1.1], yaw: 0.0 } applied=true
[lighting-sequence] frame=2637 action=Move { key: 1000, position: [1.7035, 0.0, 1.1], yaw: 0.0 } applied=true
[lighting-sequence] frame=2638 action=Move { key: 1000, position: [1.704, 0.0, 1.1], yaw: 0.0 } applied=true
[lighting-sequence] frame=2639 action=Move { key: 1000, position: [1.7045, 0.0, 1.1], yaw: 0.0 } applied=true
[lighting-sequence] frame=2640 action=Move { key: 1000, position: [1.705, 0.0, 1.1], yaw: 0.0 } applied=true
[lighting-sequence] frame=2641 action=Move { key: 1000, position: [1.7055, 0.0, 1.1], yaw: 0.0 } applied=true
[lighting-sequence] frame=2642 action=Move { key: 1000, position: [1.706, 0.0, 1.1], yaw: 0.0 } applied=true
[lighting-sequence] frame=2643 action=Move { key: 1000, position: [1.7065, 0.0, 1.1], yaw: 0.0 } applied=true
[lighting-sequence] frame=2644 action=Move { key: 1000, position: [1.707, 0.0, 1.1], yaw: 0.0 } applied=true
[lighting-sequence] frame=2645 action=Move { key: 1000, position: [1.7075, 0.0, 1.1], yaw: 0.0 } applied=true
[lighting-sequence] frame=2646 action=Move { key: 1000, position: [1.708, 0.0, 1.1], yaw: 0.0 } applied=true
[lighting-sequence] frame=2647 action=Move { key: 1000, position: [1.7085, 0.0, 1.1], yaw: 0.0 } applied=true
[lighting-sequence] frame=2648 action=Move { key: 1000, position: [1.709, 0.0, 1.1], yaw: 0.0 } applied=true
[lighting-sequence] frame=2649 action=Move { key: 1000, position: [1.7095, 0.0, 1.1], yaw: 0.0 } applied=true
[lighting-sequence] frame=2650 action=Move { key: 1000, position: [1.71, 0.0, 1.1], yaw: 0.0 } applied=true
[lighting-sequence] frame=2651 action=Move { key: 1000, position: [1.7105, 0.0, 1.1], yaw: 0.0 } applied=true
[lighting-sequence] frame=2652 action=Move { key: 1000, position: [1.711, 0.0, 1.1], yaw: 0.0 } applied=true
[lighting-sequence] frame=2653 action=Move { key: 1000, position: [1.7115, 0.0, 1.1], yaw: 0.0 } applied=true
[lighting-sequence] frame=2654 action=Move { key: 1000, position: [1.712, 0.0, 1.1], yaw: 0.0 } applied=true
[lighting-sequence] frame=2655 action=Move { key: 1000, position: [1.7125, 0.0, 1.1], yaw: 0.0 } applied=true
[lighting-sequence] frame=2656 action=Move { key: 1000, position: [1.713, 0.0, 1.1], yaw: 0.0 } applied=true
[lighting-sequence] frame=2657 action=Move { key: 1000, position: [1.7135, 0.0, 1.1], yaw: 0.0 } applied=true
[lighting-sequence] frame=2658 action=Move { key: 1000, position: [1.714, 0.0, 1.1], yaw: 0.0 } applied=true
[lighting-sequence] frame=2659 action=Move { key: 1000, position: [1.7145, 0.0, 1.1], yaw: 0.0 } applied=true
[lighting-sequence] frame=2660 action=Move { key: 1000, position: [1.715, 0.0, 1.1], yaw: 0.0 } applied=true
[lighting-sequence] frame=2661 action=Move { key: 1000, position: [1.7155, 0.0, 1.1], yaw: 0.0 } applied=true
[lighting-sequence] frame=2662 action=Move { key: 1000, position: [1.716, 0.0, 1.1], yaw: 0.0 } applied=true
[lighting-sequence] frame=2663 action=Move { key: 1000, position: [1.7165, 0.0, 1.1], yaw: 0.0 } applied=true
[lighting-sequence] frame=2664 action=Move { key: 1000, position: [1.717, 0.0, 1.1], yaw: 0.0 } applied=true
[lighting-sequence] frame=2665 action=Move { key: 1000, position: [1.7175, 0.0, 1.1], yaw: 0.0 } applied=true
[lighting-sequence] frame=2666 action=Move { key: 1000, position: [1.718, 0.0, 1.1], yaw: 0.0 } applied=true
[lighting-sequence] frame=2667 action=Move { key: 1000, position: [1.7185, 0.0, 1.1], yaw: 0.0 } applied=true
[lighting-sequence] frame=2668 action=Move { key: 1000, position: [1.719, 0.0, 1.1], yaw: 0.0 } applied=true
[lighting-sequence] frame=2669 action=Move { key: 1000, position: [1.7195, 0.0, 1.1], yaw: 0.0 } applied=true
[lighting-sequence] frame=2670 action=Move { key: 1000, position: [1.72, 0.0, 1.1], yaw: 0.0 } applied=true
[lighting-sequence] frame=2671 action=Move { key: 1000, position: [1.7205, 0.0, 1.1], yaw: 0.0 } applied=true
[lighting-sequence] frame=2672 action=Move { key: 1000, position: [1.721, 0.0, 1.1], yaw: 0.0 } applied=true
[lighting-sequence] frame=2673 action=Move { key: 1000, position: [1.7215, 0.0, 1.1], yaw: 0.0 } applied=true
[lighting-sequence] frame=2674 action=Move { key: 1000, position: [1.722, 0.0, 1.1], yaw: 0.0 } applied=true
[lighting-sequence] frame=2675 action=Move { key: 1000, position: [1.7225, 0.0, 1.1], yaw: 0.0 } applied=true
[lighting-sequence] frame=2676 action=Move { key: 1000, position: [1.723, 0.0, 1.1], yaw: 0.0 } applied=true
[lighting-sequence] frame=2677 action=Move { key: 1000, position: [1.7235, 0.0, 1.1], yaw: 0.0 } applied=true
[lighting-sequence] frame=2678 action=Move { key: 1000, position: [1.724, 0.0, 1.1], yaw: 0.0 } applied=true
[lighting-sequence] frame=2679 action=Move { key: 1000, position: [1.7245, 0.0, 1.1], yaw: 0.0 } applied=true
[lighting-sequence] frame=2680 action=Move { key: 1000, position: [1.725, 0.0, 1.1], yaw: 0.0 } applied=true
[lighting-sequence] frame=2681 action=Move { key: 1000, position: [1.7255, 0.0, 1.1], yaw: 0.0 } applied=true
[lighting-sequence] frame=2682 action=Move { key: 1000, position: [1.726, 0.0, 1.1], yaw: 0.0 } applied=true
[lighting-sequence] frame=2683 action=Move { key: 1000, position: [1.7265, 0.0, 1.1], yaw: 0.0 } applied=true
[lighting-sequence] frame=2684 action=Move { key: 1000, position: [1.727, 0.0, 1.1], yaw: 0.0 } applied=true
[lighting-sequence] frame=2685 action=Move { key: 1000, position: [1.7275, 0.0, 1.1], yaw: 0.0 } applied=true
[lighting-sequence] frame=2686 action=Move { key: 1000, position: [1.728, 0.0, 1.1], yaw: 0.0 } applied=true
[lighting-sequence] frame=2687 action=Move { key: 1000, position: [1.7285, 0.0, 1.1], yaw: 0.0 } applied=true
[lighting-sequence] frame=2688 action=Move { key: 1000, position: [1.729, 0.0, 1.1], yaw: 0.0 } applied=true
[lighting-sequence] frame=2689 action=Move { key: 1000, position: [1.7295, 0.0, 1.1], yaw: 0.0 } applied=true
[lighting-sequence] frame=2690 action=Move { key: 1000, position: [1.73, 0.0, 1.1], yaw: 0.0 } applied=true
[lighting-sequence] frame=2691 action=Move { key: 1000, position: [1.7305, 0.0, 1.1], yaw: 0.0 } applied=true
[lighting-sequence] frame=2692 action=Move { key: 1000, position: [1.731, 0.0, 1.1], yaw: 0.0 } applied=true
[lighting-sequence] frame=2693 action=Move { key: 1000, position: [1.7315, 0.0, 1.1], yaw: 0.0 } applied=true
[lighting-sequence] frame=2694 action=Move { key: 1000, position: [1.732, 0.0, 1.1], yaw: 0.0 } applied=true
[lighting-sequence] frame=2695 action=Move { key: 1000, position: [1.7325, 0.0, 1.1], yaw: 0.0 } applied=true
[lighting-sequence] frame=2696 action=Move { key: 1000, position: [1.733, 0.0, 1.1], yaw: 0.0 } applied=true
[lighting-sequence] frame=2697 action=Move { key: 1000, position: [1.7335, 0.0, 1.1], yaw: 0.0 } applied=true
[lighting-sequence] frame=2698 action=Move { key: 1000, position: [1.734, 0.0, 1.1], yaw: 0.0 } applied=true
[lighting-sequence] frame=2699 action=Move { key: 1000, position: [1.7345, 0.0, 1.1], yaw: 0.0 } applied=true
[lighting-sequence] frame=2700 action=Move { key: 1000, position: [1.735, 0.0, 1.1], yaw: 0.0 } applied=true
[lighting-sequence] frame=2701 action=Move { key: 1000, position: [1.7355, 0.0, 1.1], yaw: 0.0 } applied=true
[lighting-sequence] frame=2702 action=Move { key: 1000, position: [1.736, 0.0, 1.1], yaw: 0.0 } applied=true
[lighting-sequence] frame=2703 action=Move { key: 1000, position: [1.7365, 0.0, 1.1], yaw: 0.0 } applied=true
[lighting-sequence] frame=2704 action=Move { key: 1000, position: [1.737, 0.0, 1.1], yaw: 0.0 } applied=true
[lighting-sequence] frame=2705 action=Move { key: 1000, position: [1.7375, 0.0, 1.1], yaw: 0.0 } applied=true
[lighting-sequence] frame=2706 action=Move { key: 1000, position: [1.738, 0.0, 1.1], yaw: 0.0 } applied=true
[lighting-sequence] frame=2707 action=Move { key: 1000, position: [1.7385, 0.0, 1.1], yaw: 0.0 } applied=true
[lighting-sequence] frame=2708 action=Move { key: 1000, position: [1.739, 0.0, 1.1], yaw: 0.0 } applied=true
[lighting-sequence] frame=2709 action=Move { key: 1000, position: [1.7395, 0.0, 1.1], yaw: 0.0 } applied=true
[lighting-sequence] frame=2710 action=Move { key: 1000, position: [1.74, 0.0, 1.1], yaw: 0.0 } applied=true
[lighting-sequence] frame=2711 action=Move { key: 1000, position: [1.7405, 0.0, 1.1], yaw: 0.0 } applied=true
[lighting-sequence] frame=2712 action=Move { key: 1000, position: [1.741, 0.0, 1.1], yaw: 0.0 } applied=true
[lighting-sequence] frame=2713 action=Move { key: 1000, position: [1.7415, 0.0, 1.1], yaw: 0.0 } applied=true
[lighting-sequence] frame=2714 action=Move { key: 1000, position: [1.742, 0.0, 1.1], yaw: 0.0 } applied=true
[lighting-sequence] frame=2715 action=Move { key: 1000, position: [1.7425, 0.0, 1.1], yaw: 0.0 } applied=true
[lighting-sequence] frame=2716 action=Move { key: 1000, position: [1.743, 0.0, 1.1], yaw: 0.0 } applied=true
[lighting-sequence] frame=2717 action=Move { key: 1000, position: [1.7435, 0.0, 1.1], yaw: 0.0 } applied=true
[lighting-sequence] frame=2718 action=Move { key: 1000, position: [1.744, 0.0, 1.1], yaw: 0.0 } applied=true
[lighting-sequence] frame=2719 action=Move { key: 1000, position: [1.7445, 0.0, 1.1], yaw: 0.0 } applied=true
[lighting-sequence] frame=2720 action=Move { key: 1000, position: [1.745, 0.0, 1.1], yaw: 0.0 } applied=true
[lighting-sequence] frame=2721 action=Move { key: 1000, position: [1.7455, 0.0, 1.1], yaw: 0.0 } applied=true
[lighting-sequence] frame=2722 action=Move { key: 1000, position: [1.746, 0.0, 1.1], yaw: 0.0 } applied=true
[lighting-sequence] frame=2723 action=Move { key: 1000, position: [1.7465, 0.0, 1.1], yaw: 0.0 } applied=true
[lighting-sequence] frame=2724 action=Move { key: 1000, position: [1.747, 0.0, 1.1], yaw: 0.0 } applied=true
[lighting-sequence] frame=2725 action=Move { key: 1000, position: [1.7475, 0.0, 1.1], yaw: 0.0 } applied=true
[lighting-sequence] frame=2726 action=Move { key: 1000, position: [1.748, 0.0, 1.1], yaw: 0.0 } applied=true
[lighting-sequence] frame=2727 action=Move { key: 1000, position: [1.7485, 0.0, 1.1], yaw: 0.0 } applied=true
[lighting-sequence] frame=2728 action=Move { key: 1000, position: [1.749, 0.0, 1.1], yaw: 0.0 } applied=true
[lighting-sequence] frame=2729 action=Move { key: 1000, position: [1.7495, 0.0, 1.1], yaw: 0.0 } applied=true
[lighting-sequence] frame=2730 action=Move { key: 1000, position: [1.7, 0.0, 1.1], yaw: 0.0 } applied=true
[lighting-sequence] frame=2731 action=Move { key: 1000, position: [1.7005, 0.0, 1.1], yaw: 0.0 } applied=true
[lighting-sequence] frame=2732 action=Move { key: 1000, position: [1.701, 0.0, 1.1], yaw: 0.0 } applied=true
[lighting-sequence] frame=2733 action=Move { key: 1000, position: [1.7015, 0.0, 1.1], yaw: 0.0 } applied=true
[lighting-sequence] frame=2734 action=Move { key: 1000, position: [1.702, 0.0, 1.1], yaw: 0.0 } applied=true
[lighting-sequence] frame=2735 action=Move { key: 1000, position: [1.7025, 0.0, 1.1], yaw: 0.0 } applied=true
[lighting-sequence] frame=2736 action=Move { key: 1000, position: [1.703, 0.0, 1.1], yaw: 0.0 } applied=true
[lighting-sequence] frame=2737 action=Move { key: 1000, position: [1.7035, 0.0, 1.1], yaw: 0.0 } applied=true
[lighting-sequence] frame=2738 action=Move { key: 1000, position: [1.704, 0.0, 1.1], yaw: 0.0 } applied=true
[lighting-sequence] frame=2739 action=Move { key: 1000, position: [1.7045, 0.0, 1.1], yaw: 0.0 } applied=true
[lighting-sequence] frame=2740 action=Move { key: 1000, position: [1.705, 0.0, 1.1], yaw: 0.0 } applied=true
[lighting-sequence] frame=2741 action=Move { key: 1000, position: [1.7055, 0.0, 1.1], yaw: 0.0 } applied=true
[lighting-sequence] frame=2742 action=Move { key: 1000, position: [1.706, 0.0, 1.1], yaw: 0.0 } applied=true
[lighting-sequence] frame=2743 action=Move { key: 1000, position: [1.7065, 0.0, 1.1], yaw: 0.0 } applied=true
[lighting-sequence] frame=2744 action=Move { key: 1000, position: [1.707, 0.0, 1.1], yaw: 0.0 } applied=true
[lighting-sequence] frame=2745 action=Move { key: 1000, position: [1.7075, 0.0, 1.1], yaw: 0.0 } applied=true
[lighting-sequence] frame=2746 action=Move { key: 1000, position: [1.708, 0.0, 1.1], yaw: 0.0 } applied=true
[lighting-sequence] frame=2747 action=Move { key: 1000, position: [1.7085, 0.0, 1.1], yaw: 0.0 } applied=true
[lighting-sequence] frame=2748 action=Move { key: 1000, position: [1.709, 0.0, 1.1], yaw: 0.0 } applied=true
[lighting-sequence] frame=2749 action=Move { key: 1000, position: [1.7095, 0.0, 1.1], yaw: 0.0 } applied=true
[lighting-sequence] frame=2750 action=Move { key: 1000, position: [1.71, 0.0, 1.1], yaw: 0.0 } applied=true
[lighting-sequence] frame=2751 action=Move { key: 1000, position: [1.7105, 0.0, 1.1], yaw: 0.0 } applied=true
[lighting-sequence] frame=2752 action=Move { key: 1000, position: [1.711, 0.0, 1.1], yaw: 0.0 } applied=true
[lighting-sequence] frame=2753 action=Move { key: 1000, position: [1.7115, 0.0, 1.1], yaw: 0.0 } applied=true
[lighting-sequence] frame=2754 action=Move { key: 1000, position: [1.712, 0.0, 1.1], yaw: 0.0 } applied=true
[lighting-sequence] frame=2755 action=Move { key: 1000, position: [1.7125, 0.0, 1.1], yaw: 0.0 } applied=true
[lighting-sequence] frame=2756 action=Move { key: 1000, position: [1.713, 0.0, 1.1], yaw: 0.0 } applied=true
[lighting-sequence] frame=2757 action=Move { key: 1000, position: [1.7135, 0.0, 1.1], yaw: 0.0 } applied=true
[lighting-sequence] frame=2758 action=Move { key: 1000, position: [1.714, 0.0, 1.1], yaw: 0.0 } applied=true
[lighting-sequence] frame=2759 action=Move { key: 1000, position: [1.7145, 0.0, 1.1], yaw: 0.0 } applied=true
[lighting-sequence] frame=2760 action=Move { key: 1000, position: [1.715, 0.0, 1.1], yaw: 0.0 } applied=true
[lighting-sequence] frame=2761 action=Move { key: 1000, position: [1.7155, 0.0, 1.1], yaw: 0.0 } applied=true
[lighting-sequence] frame=2762 action=Move { key: 1000, position: [1.716, 0.0, 1.1], yaw: 0.0 } applied=true
[lighting-sequence] frame=2763 action=Move { key: 1000, position: [1.7165, 0.0, 1.1], yaw: 0.0 } applied=true
[lighting-sequence] frame=2764 action=Move { key: 1000, position: [1.717, 0.0, 1.1], yaw: 0.0 } applied=true
[lighting-sequence] frame=2765 action=Move { key: 1000, position: [1.7175, 0.0, 1.1], yaw: 0.0 } applied=true
[lighting-sequence] frame=2766 action=Move { key: 1000, position: [1.718, 0.0, 1.1], yaw: 0.0 } applied=true
[lighting-sequence] frame=2767 action=Move { key: 1000, position: [1.7185, 0.0, 1.1], yaw: 0.0 } applied=true
[lighting-sequence] frame=2768 action=Move { key: 1000, position: [1.719, 0.0, 1.1], yaw: 0.0 } applied=true
[lighting-sequence] frame=2769 action=Move { key: 1000, position: [1.7195, 0.0, 1.1], yaw: 0.0 } applied=true
[lighting-sequence] frame=2770 action=Move { key: 1000, position: [1.72, 0.0, 1.1], yaw: 0.0 } applied=true
[lighting-sequence] frame=2771 action=Move { key: 1000, position: [1.7205, 0.0, 1.1], yaw: 0.0 } applied=true
[lighting-sequence] frame=2772 action=Move { key: 1000, position: [1.721, 0.0, 1.1], yaw: 0.0 } applied=true
[lighting-sequence] frame=2773 action=Move { key: 1000, position: [1.7215, 0.0, 1.1], yaw: 0.0 } applied=true
[lighting-sequence] frame=2774 action=Move { key: 1000, position: [1.722, 0.0, 1.1], yaw: 0.0 } applied=true
[lighting-sequence] frame=2775 action=Move { key: 1000, position: [1.7225, 0.0, 1.1], yaw: 0.0 } applied=true
[lighting-sequence] frame=2776 action=Move { key: 1000, position: [1.723, 0.0, 1.1], yaw: 0.0 } applied=true
[lighting-sequence] frame=2777 action=Move { key: 1000, position: [1.7235, 0.0, 1.1], yaw: 0.0 } applied=true
[lighting-sequence] frame=2778 action=Move { key: 1000, position: [1.724, 0.0, 1.1], yaw: 0.0 } applied=true
[lighting-sequence] frame=2779 action=Move { key: 1000, position: [1.7245, 0.0, 1.1], yaw: 0.0 } applied=true
[lighting-sequence] frame=2780 action=Move { key: 1000, position: [1.725, 0.0, 1.1], yaw: 0.0 } applied=true
[lighting-sequence] frame=2781 action=Move { key: 1000, position: [1.7255, 0.0, 1.1], yaw: 0.0 } applied=true
[lighting-sequence] frame=2782 action=Move { key: 1000, position: [1.726, 0.0, 1.1], yaw: 0.0 } applied=true
[lighting-sequence] frame=2783 action=Move { key: 1000, position: [1.7265, 0.0, 1.1], yaw: 0.0 } applied=true
[lighting-sequence] frame=2784 action=Move { key: 1000, position: [1.727, 0.0, 1.1], yaw: 0.0 } applied=true
[lighting-sequence] frame=2785 action=Move { key: 1000, position: [1.7275, 0.0, 1.1], yaw: 0.0 } applied=true
[lighting-sequence] frame=2786 action=Move { key: 1000, position: [1.728, 0.0, 1.1], yaw: 0.0 } applied=true
[lighting-sequence] frame=2787 action=Move { key: 1000, position: [1.7285, 0.0, 1.1], yaw: 0.0 } applied=true
[lighting-sequence] frame=2788 action=Move { key: 1000, position: [1.729, 0.0, 1.1], yaw: 0.0 } applied=true
[lighting-sequence] frame=2789 action=Move { key: 1000, position: [1.7295, 0.0, 1.1], yaw: 0.0 } applied=true
[lighting-sequence] frame=2790 action=Move { key: 1000, position: [1.73, 0.0, 1.1], yaw: 0.0 } applied=true
[lighting-sequence] frame=2791 action=Move { key: 1000, position: [1.7305, 0.0, 1.1], yaw: 0.0 } applied=true
[lighting-sequence] frame=2792 action=Move { key: 1000, position: [1.731, 0.0, 1.1], yaw: 0.0 } applied=true
[lighting-sequence] frame=2793 action=Move { key: 1000, position: [1.7315, 0.0, 1.1], yaw: 0.0 } applied=true
[lighting-sequence] frame=2794 action=Move { key: 1000, position: [1.732, 0.0, 1.1], yaw: 0.0 } applied=true
[lighting-sequence] frame=2795 action=Move { key: 1000, position: [1.7325, 0.0, 1.1], yaw: 0.0 } applied=true
[lighting-sequence] frame=2796 action=Move { key: 1000, position: [1.733, 0.0, 1.1], yaw: 0.0 } applied=true
[lighting-sequence] frame=2797 action=Move { key: 1000, position: [1.7335, 0.0, 1.1], yaw: 0.0 } applied=true
[lighting-sequence] frame=2798 action=Move { key: 1000, position: [1.734, 0.0, 1.1], yaw: 0.0 } applied=true
[lighting-sequence] frame=2799 action=Move { key: 1000, position: [1.7345, 0.0, 1.1], yaw: 0.0 } applied=true
[lighting-sequence] frame=2800 action=Move { key: 1000, position: [1.735, 0.0, 1.1], yaw: 0.0 } applied=true
[lighting-sequence] frame=2801 action=Move { key: 1000, position: [1.7355, 0.0, 1.1], yaw: 0.0 } applied=true
[lighting-sequence] frame=2802 action=Move { key: 1000, position: [1.736, 0.0, 1.1], yaw: 0.0 } applied=true
[lighting-sequence] frame=2803 action=Move { key: 1000, position: [1.7365, 0.0, 1.1], yaw: 0.0 } applied=true
[lighting-sequence] frame=2804 action=Move { key: 1000, position: [1.737, 0.0, 1.1], yaw: 0.0 } applied=true
[lighting-sequence] frame=2805 action=Move { key: 1000, position: [1.7375, 0.0, 1.1], yaw: 0.0 } applied=true
[lighting-sequence] frame=2806 action=Move { key: 1000, position: [1.738, 0.0, 1.1], yaw: 0.0 } applied=true
[lighting-sequence] frame=2807 action=Move { key: 1000, position: [1.7385, 0.0, 1.1], yaw: 0.0 } applied=true
[lighting-sequence] frame=2808 action=Move { key: 1000, position: [1.739, 0.0, 1.1], yaw: 0.0 } applied=true
[lighting-sequence] frame=2809 action=Move { key: 1000, position: [1.7395, 0.0, 1.1], yaw: 0.0 } applied=true
[lighting-sequence] frame=2810 action=Move { key: 1000, position: [1.74, 0.0, 1.1], yaw: 0.0 } applied=true
[lighting-sequence] frame=2811 action=Move { key: 1000, position: [1.7405, 0.0, 1.1], yaw: 0.0 } applied=true
[lighting-sequence] frame=2812 action=Move { key: 1000, position: [1.741, 0.0, 1.1], yaw: 0.0 } applied=true
[lighting-sequence] frame=2813 action=Move { key: 1000, position: [1.7415, 0.0, 1.1], yaw: 0.0 } applied=true
[lighting-sequence] frame=2814 action=Move { key: 1000, position: [1.742, 0.0, 1.1], yaw: 0.0 } applied=true
[lighting-sequence] frame=2815 action=Move { key: 1000, position: [1.7425, 0.0, 1.1], yaw: 0.0 } applied=true
[lighting-sequence] frame=2816 action=Move { key: 1000, position: [1.743, 0.0, 1.1], yaw: 0.0 } applied=true
[lighting-sequence] frame=2817 action=Move { key: 1000, position: [1.7435, 0.0, 1.1], yaw: 0.0 } applied=true
[lighting-sequence] frame=2818 action=Move { key: 1000, position: [1.744, 0.0, 1.1], yaw: 0.0 } applied=true
[lighting-sequence] frame=2819 action=Move { key: 1000, position: [1.7445, 0.0, 1.1], yaw: 0.0 } applied=true
[lighting-sequence] frame=2820 action=Move { key: 1000, position: [1.745, 0.0, 1.1], yaw: 0.0 } applied=true
[lighting-sequence] frame=2821 action=Move { key: 1000, position: [1.7455, 0.0, 1.1], yaw: 0.0 } applied=true
[lighting-sequence] frame=2822 action=Move { key: 1000, position: [1.746, 0.0, 1.1], yaw: 0.0 } applied=true
[lighting-sequence] frame=2823 action=Move { key: 1000, position: [1.7465, 0.0, 1.1], yaw: 0.0 } applied=true
[lighting-sequence] frame=2824 action=Move { key: 1000, position: [1.747, 0.0, 1.1], yaw: 0.0 } applied=true
[lighting-sequence] frame=2825 action=Move { key: 1000, position: [1.7475, 0.0, 1.1], yaw: 0.0 } applied=true
[lighting-sequence] frame=2826 action=Move { key: 1000, position: [1.748, 0.0, 1.1], yaw: 0.0 } applied=true
[lighting-sequence] frame=2827 action=Move { key: 1000, position: [1.7485, 0.0, 1.1], yaw: 0.0 } applied=true
[lighting-sequence] frame=2828 action=Move { key: 1000, position: [1.749, 0.0, 1.1], yaw: 0.0 } applied=true
[lighting-sequence] frame=2829 action=Move { key: 1000, position: [1.7495, 0.0, 1.1], yaw: 0.0 } applied=true
[lighting-sequence] frame=2830 action=Move { key: 1000, position: [1.7, 0.0, 1.1], yaw: 0.0 } applied=true
[lighting-sequence] frame=2831 action=Move { key: 1000, position: [1.7005, 0.0, 1.1], yaw: 0.0 } applied=true
[lighting-sequence] frame=2832 action=Move { key: 1000, position: [1.701, 0.0, 1.1], yaw: 0.0 } applied=true
[lighting-sequence] frame=2833 action=Move { key: 1000, position: [1.7015, 0.0, 1.1], yaw: 0.0 } applied=true
[lighting-sequence] frame=2834 action=Move { key: 1000, position: [1.702, 0.0, 1.1], yaw: 0.0 } applied=true
[lighting-sequence] frame=2835 action=Move { key: 1000, position: [1.7025, 0.0, 1.1], yaw: 0.0 } applied=true
[lighting-sequence] frame=2836 action=Move { key: 1000, position: [1.703, 0.0, 1.1], yaw: 0.0 } applied=true
[lighting-sequence] frame=2837 action=Move { key: 1000, position: [1.7035, 0.0, 1.1], yaw: 0.0 } applied=true
[lighting-sequence] frame=2838 action=Move { key: 1000, position: [1.704, 0.0, 1.1], yaw: 0.0 } applied=true
[lighting-sequence] frame=2839 action=Move { key: 1000, position: [1.7045, 0.0, 1.1], yaw: 0.0 } applied=true
[lighting-sequence] frame=2840 action=Move { key: 1000, position: [1.705, 0.0, 1.1], yaw: 0.0 } applied=true
[lighting-sequence] frame=2841 action=Move { key: 1000, position: [1.7055, 0.0, 1.1], yaw: 0.0 } applied=true
[lighting-sequence] frame=2842 action=Move { key: 1000, position: [1.706, 0.0, 1.1], yaw: 0.0 } applied=true
[lighting-sequence] frame=2843 action=Move { key: 1000, position: [1.7065, 0.0, 1.1], yaw: 0.0 } applied=true
[lighting-sequence] frame=2844 action=Move { key: 1000, position: [1.707, 0.0, 1.1], yaw: 0.0 } applied=true
[lighting-sequence] frame=2845 action=Move { key: 1000, position: [1.7075, 0.0, 1.1], yaw: 0.0 } applied=true
[lighting-sequence] frame=2846 action=Move { key: 1000, position: [1.708, 0.0, 1.1], yaw: 0.0 } applied=true
[lighting-sequence] frame=2847 action=Move { key: 1000, position: [1.7085, 0.0, 1.1], yaw: 0.0 } applied=true
[lighting-sequence] frame=2848 action=Move { key: 1000, position: [1.709, 0.0, 1.1], yaw: 0.0 } applied=true
[lighting-sequence] frame=2849 action=Move { key: 1000, position: [1.7095, 0.0, 1.1], yaw: 0.0 } applied=true
[lighting-sequence] frame=2850 action=Move { key: 1000, position: [1.71, 0.0, 1.1], yaw: 0.0 } applied=true
[lighting-sequence] frame=2851 action=Move { key: 1000, position: [1.7105, 0.0, 1.1], yaw: 0.0 } applied=true
[lighting-sequence] frame=2852 action=Move { key: 1000, position: [1.711, 0.0, 1.1], yaw: 0.0 } applied=true
[lighting-sequence] frame=2853 action=Move { key: 1000, position: [1.7115, 0.0, 1.1], yaw: 0.0 } applied=true
[lighting-sequence] frame=2854 action=Move { key: 1000, position: [1.712, 0.0, 1.1], yaw: 0.0 } applied=true
[lighting-sequence] frame=2855 action=Move { key: 1000, position: [1.7125, 0.0, 1.1], yaw: 0.0 } applied=true
[lighting-sequence] frame=2856 action=Move { key: 1000, position: [1.713, 0.0, 1.1], yaw: 0.0 } applied=true
[lighting-sequence] frame=2857 action=Move { key: 1000, position: [1.7135, 0.0, 1.1], yaw: 0.0 } applied=true
[lighting-sequence] frame=2858 action=Move { key: 1000, position: [1.714, 0.0, 1.1], yaw: 0.0 } applied=true
[lighting-sequence] frame=2859 action=Move { key: 1000, position: [1.7145, 0.0, 1.1], yaw: 0.0 } applied=true
[lighting-sequence] frame=2860 action=Move { key: 1000, position: [1.715, 0.0, 1.1], yaw: 0.0 } applied=true
[lighting-sequence] frame=2861 action=Move { key: 1000, position: [1.7155, 0.0, 1.1], yaw: 0.0 } applied=true
[lighting-sequence] frame=2862 action=Move { key: 1000, position: [1.716, 0.0, 1.1], yaw: 0.0 } applied=true
[lighting-sequence] frame=2863 action=Move { key: 1000, position: [1.7165, 0.0, 1.1], yaw: 0.0 } applied=true
[lighting-sequence] frame=2864 action=Move { key: 1000, position: [1.717, 0.0, 1.1], yaw: 0.0 } applied=true
[lighting-sequence] frame=2865 action=Move { key: 1000, position: [1.7175, 0.0, 1.1], yaw: 0.0 } applied=true
[lighting-sequence] frame=2866 action=Move { key: 1000, position: [1.718, 0.0, 1.1], yaw: 0.0 } applied=true
[lighting-sequence] frame=2867 action=Move { key: 1000, position: [1.7185, 0.0, 1.1], yaw: 0.0 } applied=true
[lighting-sequence] frame=2868 action=Move { key: 1000, position: [1.719, 0.0, 1.1], yaw: 0.0 } applied=true
[lighting-sequence] frame=2869 action=Move { key: 1000, position: [1.7195, 0.0, 1.1], yaw: 0.0 } applied=true
[lighting-sequence] frame=2870 action=Move { key: 1000, position: [1.72, 0.0, 1.1], yaw: 0.0 } applied=true
[lighting-sequence] frame=2871 action=Move { key: 1000, position: [1.7205, 0.0, 1.1], yaw: 0.0 } applied=true
[lighting-sequence] frame=2872 action=Move { key: 1000, position: [1.721, 0.0, 1.1], yaw: 0.0 } applied=true
[lighting-sequence] frame=2873 action=Move { key: 1000, position: [1.7215, 0.0, 1.1], yaw: 0.0 } applied=true
[lighting-sequence] frame=2874 action=Move { key: 1000, position: [1.722, 0.0, 1.1], yaw: 0.0 } applied=true
[lighting-sequence] frame=2875 action=Move { key: 1000, position: [1.7225, 0.0, 1.1], yaw: 0.0 } applied=true
[lighting-sequence] frame=2876 action=Move { key: 1000, position: [1.723, 0.0, 1.1], yaw: 0.0 } applied=true
[lighting-sequence] frame=2877 action=Move { key: 1000, position: [1.7235, 0.0, 1.1], yaw: 0.0 } applied=true
[lighting-sequence] frame=2878 action=Move { key: 1000, position: [1.724, 0.0, 1.1], yaw: 0.0 } applied=true
[lighting-sequence] frame=2879 action=Move { key: 1000, position: [1.7245, 0.0, 1.1], yaw: 0.0 } applied=true
[lighting-sequence] frame=2880 action=Move { key: 1000, position: [1.725, 0.0, 1.1], yaw: 0.0 } applied=true
[lighting-sequence] frame=2881 action=Move { key: 1000, position: [1.7255, 0.0, 1.1], yaw: 0.0 } applied=true
[lighting-sequence] frame=2882 action=Move { key: 1000, position: [1.726, 0.0, 1.1], yaw: 0.0 } applied=true
[lighting-sequence] frame=2883 action=Move { key: 1000, position: [1.7265, 0.0, 1.1], yaw: 0.0 } applied=true
[lighting-sequence] frame=2884 action=Move { key: 1000, position: [1.727, 0.0, 1.1], yaw: 0.0 } applied=true
[lighting-sequence] frame=2885 action=Move { key: 1000, position: [1.7275, 0.0, 1.1], yaw: 0.0 } applied=true
[lighting-sequence] frame=2886 action=Move { key: 1000, position: [1.728, 0.0, 1.1], yaw: 0.0 } applied=true
[lighting-sequence] frame=2887 action=Move { key: 1000, position: [1.7285, 0.0, 1.1], yaw: 0.0 } applied=true
[lighting-sequence] frame=2888 action=Move { key: 1000, position: [1.729, 0.0, 1.1], yaw: 0.0 } applied=true
[lighting-sequence] frame=2889 action=Move { key: 1000, position: [1.7295, 0.0, 1.1], yaw: 0.0 } applied=true
[lighting-sequence] frame=2890 action=Move { key: 1000, position: [1.73, 0.0, 1.1], yaw: 0.0 } applied=true
[lighting-sequence] frame=2891 action=Move { key: 1000, position: [1.7305, 0.0, 1.1], yaw: 0.0 } applied=true
[lighting-sequence] frame=2892 action=Move { key: 1000, position: [1.731, 0.0, 1.1], yaw: 0.0 } applied=true
[lighting-sequence] frame=2893 action=Move { key: 1000, position: [1.7315, 0.0, 1.1], yaw: 0.0 } applied=true
[lighting-sequence] frame=2894 action=Move { key: 1000, position: [1.732, 0.0, 1.1], yaw: 0.0 } applied=true
[lighting-sequence] frame=2895 action=Move { key: 1000, position: [1.7325, 0.0, 1.1], yaw: 0.0 } applied=true
[lighting-sequence] frame=2896 action=Move { key: 1000, position: [1.733, 0.0, 1.1], yaw: 0.0 } applied=true
[lighting-sequence] frame=2897 action=Move { key: 1000, position: [1.7335, 0.0, 1.1], yaw: 0.0 } applied=true
[lighting-sequence] frame=2898 action=Move { key: 1000, position: [1.734, 0.0, 1.1], yaw: 0.0 } applied=true
[lighting-sequence] frame=2899 action=Move { key: 1000, position: [1.7345, 0.0, 1.1], yaw: 0.0 } applied=true
[lighting-sequence] frame=2900 action=Move { key: 1000, position: [1.735, 0.0, 1.1], yaw: 0.0 } applied=true
[lighting-sequence] frame=2901 action=Move { key: 1000, position: [1.7355, 0.0, 1.1], yaw: 0.0 } applied=true
[lighting-sequence] frame=2902 action=Move { key: 1000, position: [1.736, 0.0, 1.1], yaw: 0.0 } applied=true
[lighting-sequence] frame=2903 action=Move { key: 1000, position: [1.7365, 0.0, 1.1], yaw: 0.0 } applied=true
[lighting-sequence] frame=2904 action=Move { key: 1000, position: [1.737, 0.0, 1.1], yaw: 0.0 } applied=true
[lighting-sequence] frame=2905 action=Move { key: 1000, position: [1.7375, 0.0, 1.1], yaw: 0.0 } applied=true
[lighting-sequence] frame=2906 action=Move { key: 1000, position: [1.738, 0.0, 1.1], yaw: 0.0 } applied=true
[lighting-sequence] frame=2907 action=Move { key: 1000, position: [1.7385, 0.0, 1.1], yaw: 0.0 } applied=true
[lighting-sequence] frame=2908 action=Move { key: 1000, position: [1.739, 0.0, 1.1], yaw: 0.0 } applied=true
[lighting-sequence] frame=2909 action=Move { key: 1000, position: [1.7395, 0.0, 1.1], yaw: 0.0 } applied=true
[lighting-sequence] frame=2910 action=Move { key: 1000, position: [1.74, 0.0, 1.1], yaw: 0.0 } applied=true
[lighting-sequence] frame=2911 action=Move { key: 1000, position: [1.7405, 0.0, 1.1], yaw: 0.0 } applied=true
[lighting-sequence] frame=2912 action=Move { key: 1000, position: [1.741, 0.0, 1.1], yaw: 0.0 } applied=true
[lighting-sequence] frame=2913 action=Move { key: 1000, position: [1.7415, 0.0, 1.1], yaw: 0.0 } applied=true
[lighting-sequence] frame=2914 action=Move { key: 1000, position: [1.742, 0.0, 1.1], yaw: 0.0 } applied=true
[lighting-sequence] frame=2915 action=Move { key: 1000, position: [1.7425, 0.0, 1.1], yaw: 0.0 } applied=true
[lighting-sequence] frame=2916 action=Move { key: 1000, position: [1.743, 0.0, 1.1], yaw: 0.0 } applied=true
[lighting-sequence] frame=2917 action=Move { key: 1000, position: [1.7435, 0.0, 1.1], yaw: 0.0 } applied=true
[lighting-sequence] frame=2918 action=Move { key: 1000, position: [1.744, 0.0, 1.1], yaw: 0.0 } applied=true
[lighting-sequence] frame=2919 action=Move { key: 1000, position: [1.7445, 0.0, 1.1], yaw: 0.0 } applied=true
[lighting-sequence] frame=2920 action=Move { key: 1000, position: [1.745, 0.0, 1.1], yaw: 0.0 } applied=true
[lighting-sequence] frame=2921 action=Move { key: 1000, position: [1.7455, 0.0, 1.1], yaw: 0.0 } applied=true
[lighting-sequence] frame=2922 action=Move { key: 1000, position: [1.746, 0.0, 1.1], yaw: 0.0 } applied=true
[lighting-sequence] frame=2923 action=Move { key: 1000, position: [1.7465, 0.0, 1.1], yaw: 0.0 } applied=true
[lighting-sequence] frame=2924 action=Move { key: 1000, position: [1.747, 0.0, 1.1], yaw: 0.0 } applied=true
[lighting-sequence] frame=2925 action=Move { key: 1000, position: [1.7475, 0.0, 1.1], yaw: 0.0 } applied=true
[lighting-sequence] frame=2926 action=Move { key: 1000, position: [1.748, 0.0, 1.1], yaw: 0.0 } applied=true
[lighting-sequence] frame=2927 action=Move { key: 1000, position: [1.7485, 0.0, 1.1], yaw: 0.0 } applied=true
[lighting-sequence] frame=2928 action=Move { key: 1000, position: [1.749, 0.0, 1.1], yaw: 0.0 } applied=true
[lighting-sequence] frame=2929 action=Move { key: 1000, position: [1.7495, 0.0, 1.1], yaw: 0.0 } applied=true
[lighting-sequence] frame=2930 action=Move { key: 1000, position: [1.7, 0.0, 1.1], yaw: 0.0 } applied=true
[lighting-sequence] frame=2931 action=Move { key: 1000, position: [1.7005, 0.0, 1.1], yaw: 0.0 } applied=true
[lighting-sequence] frame=2932 action=Move { key: 1000, position: [1.701, 0.0, 1.1], yaw: 0.0 } applied=true
[lighting-sequence] frame=2933 action=Move { key: 1000, position: [1.7015, 0.0, 1.1], yaw: 0.0 } applied=true
[lighting-sequence] frame=2934 action=Move { key: 1000, position: [1.702, 0.0, 1.1], yaw: 0.0 } applied=true
[lighting-sequence] frame=2935 action=Move { key: 1000, position: [1.7025, 0.0, 1.1], yaw: 0.0 } applied=true
[lighting-sequence] frame=2936 action=Move { key: 1000, position: [1.703, 0.0, 1.1], yaw: 0.0 } applied=true
[lighting-sequence] frame=2937 action=Move { key: 1000, position: [1.7035, 0.0, 1.1], yaw: 0.0 } applied=true
[lighting-sequence] frame=2938 action=Move { key: 1000, position: [1.704, 0.0, 1.1], yaw: 0.0 } applied=true
[lighting-sequence] frame=2939 action=Move { key: 1000, position: [1.7045, 0.0, 1.1], yaw: 0.0 } applied=true
[lighting-sequence] frame=2940 action=Move { key: 1000, position: [1.705, 0.0, 1.1], yaw: 0.0 } applied=true
[lighting-sequence] frame=2941 action=Move { key: 1000, position: [1.7055, 0.0, 1.1], yaw: 0.0 } applied=true
[lighting-sequence] frame=2942 action=Move { key: 1000, position: [1.706, 0.0, 1.1], yaw: 0.0 } applied=true
[lighting-sequence] frame=2943 action=Move { key: 1000, position: [1.7065, 0.0, 1.1], yaw: 0.0 } applied=true
[lighting-sequence] frame=2944 action=Move { key: 1000, position: [1.707, 0.0, 1.1], yaw: 0.0 } applied=true
[lighting-sequence] frame=2945 action=Move { key: 1000, position: [1.7075, 0.0, 1.1], yaw: 0.0 } applied=true
[lighting-sequence] frame=2946 action=Move { key: 1000, position: [1.708, 0.0, 1.1], yaw: 0.0 } applied=true
[lighting-sequence] frame=2947 action=Move { key: 1000, position: [1.7085, 0.0, 1.1], yaw: 0.0 } applied=true
[lighting-sequence] frame=2948 action=Move { key: 1000, position: [1.709, 0.0, 1.1], yaw: 0.0 } applied=true
[lighting-sequence] frame=2949 action=Move { key: 1000, position: [1.7095, 0.0, 1.1], yaw: 0.0 } applied=true
[lighting-sequence] frame=2950 action=Move { key: 1000, position: [1.71, 0.0, 1.1], yaw: 0.0 } applied=true
[lighting-sequence] frame=2951 action=Move { key: 1000, position: [1.7105, 0.0, 1.1], yaw: 0.0 } applied=true
[lighting-sequence] frame=2952 action=Move { key: 1000, position: [1.711, 0.0, 1.1], yaw: 0.0 } applied=true
[lighting-sequence] frame=2953 action=Move { key: 1000, position: [1.7115, 0.0, 1.1], yaw: 0.0 } applied=true
[lighting-sequence] frame=2954 action=Move { key: 1000, position: [1.712, 0.0, 1.1], yaw: 0.0 } applied=true
[lighting-sequence] frame=2955 action=Move { key: 1000, position: [1.7125, 0.0, 1.1], yaw: 0.0 } applied=true
[lighting-sequence] frame=2956 action=Move { key: 1000, position: [1.713, 0.0, 1.1], yaw: 0.0 } applied=true
[lighting-sequence] frame=2957 action=Move { key: 1000, position: [1.7135, 0.0, 1.1], yaw: 0.0 } applied=true
[lighting-sequence] frame=2958 action=Move { key: 1000, position: [1.714, 0.0, 1.1], yaw: 0.0 } applied=true
[lighting-sequence] frame=2959 action=Move { key: 1000, position: [1.7145, 0.0, 1.1], yaw: 0.0 } applied=true
[lighting-sequence] frame=2960 action=Move { key: 1000, position: [1.715, 0.0, 1.1], yaw: 0.0 } applied=true
[lighting-sequence] frame=2961 action=Move { key: 1000, position: [1.7155, 0.0, 1.1], yaw: 0.0 } applied=true
[lighting-sequence] frame=2962 action=Move { key: 1000, position: [1.716, 0.0, 1.1], yaw: 0.0 } applied=true
[lighting-sequence] frame=2963 action=Move { key: 1000, position: [1.7165, 0.0, 1.1], yaw: 0.0 } applied=true
[lighting-sequence] frame=2964 action=Move { key: 1000, position: [1.717, 0.0, 1.1], yaw: 0.0 } applied=true
[lighting-sequence] frame=2965 action=Move { key: 1000, position: [1.7175, 0.0, 1.1], yaw: 0.0 } applied=true
[lighting-sequence] frame=2966 action=Move { key: 1000, position: [1.718, 0.0, 1.1], yaw: 0.0 } applied=true
[lighting-sequence] frame=2967 action=Move { key: 1000, position: [1.7185, 0.0, 1.1], yaw: 0.0 } applied=true
[lighting-sequence] frame=2968 action=Move { key: 1000, position: [1.719, 0.0, 1.1], yaw: 0.0 } applied=true
[lighting-sequence] frame=2969 action=Move { key: 1000, position: [1.7195, 0.0, 1.1], yaw: 0.0 } applied=true
[lighting-sequence] frame=2970 action=Move { key: 1000, position: [1.72, 0.0, 1.1], yaw: 0.0 } applied=true
[lighting-sequence] frame=2971 action=Move { key: 1000, position: [1.7205, 0.0, 1.1], yaw: 0.0 } applied=true
[lighting-sequence] frame=2972 action=Move { key: 1000, position: [1.721, 0.0, 1.1], yaw: 0.0 } applied=true
[lighting-sequence] frame=2973 action=Move { key: 1000, position: [1.7215, 0.0, 1.1], yaw: 0.0 } applied=true
[lighting-sequence] frame=2974 action=Move { key: 1000, position: [1.722, 0.0, 1.1], yaw: 0.0 } applied=true
[lighting-sequence] frame=2975 action=Move { key: 1000, position: [1.7225, 0.0, 1.1], yaw: 0.0 } applied=true
[lighting-sequence] frame=2976 action=Move { key: 1000, position: [1.723, 0.0, 1.1], yaw: 0.0 } applied=true
[lighting-sequence] frame=2977 action=Move { key: 1000, position: [1.7235, 0.0, 1.1], yaw: 0.0 } applied=true
[lighting-sequence] frame=2978 action=Move { key: 1000, position: [1.724, 0.0, 1.1], yaw: 0.0 } applied=true
[lighting-sequence] frame=2979 action=Move { key: 1000, position: [1.7245, 0.0, 1.1], yaw: 0.0 } applied=true
[lighting-sequence] frame=2980 action=Move { key: 1000, position: [1.725, 0.0, 1.1], yaw: 0.0 } applied=true
[lighting-sequence] frame=2981 action=Move { key: 1000, position: [1.7255, 0.0, 1.1], yaw: 0.0 } applied=true
[lighting-sequence] frame=2982 action=Move { key: 1000, position: [1.726, 0.0, 1.1], yaw: 0.0 } applied=true
[lighting-sequence] frame=2983 action=Move { key: 1000, position: [1.7265, 0.0, 1.1], yaw: 0.0 } applied=true
[lighting-sequence] frame=2984 action=Move { key: 1000, position: [1.727, 0.0, 1.1], yaw: 0.0 } applied=true
[lighting-sequence] frame=2985 action=Move { key: 1000, position: [1.7275, 0.0, 1.1], yaw: 0.0 } applied=true
[lighting-sequence] frame=2986 action=Move { key: 1000, position: [1.728, 0.0, 1.1], yaw: 0.0 } applied=true
[lighting-sequence] frame=2987 action=Move { key: 1000, position: [1.7285, 0.0, 1.1], yaw: 0.0 } applied=true
[lighting-sequence] frame=2988 action=Move { key: 1000, position: [1.729, 0.0, 1.1], yaw: 0.0 } applied=true
[lighting-sequence] frame=2989 action=Move { key: 1000, position: [1.7295, 0.0, 1.1], yaw: 0.0 } applied=true
[lighting-sequence] frame=2990 action=Move { key: 1000, position: [1.73, 0.0, 1.1], yaw: 0.0 } applied=true
[lighting-sequence] frame=2991 action=Move { key: 1000, position: [1.7305, 0.0, 1.1], yaw: 0.0 } applied=true
[lighting-sequence] frame=2992 action=Move { key: 1000, position: [1.731, 0.0, 1.1], yaw: 0.0 } applied=true
[lighting-sequence] frame=2993 action=Move { key: 1000, position: [1.7315, 0.0, 1.1], yaw: 0.0 } applied=true
[lighting-sequence] frame=2994 action=Move { key: 1000, position: [1.732, 0.0, 1.1], yaw: 0.0 } applied=true
[lighting-sequence] frame=2995 action=Move { key: 1000, position: [1.7325, 0.0, 1.1], yaw: 0.0 } applied=true
[lighting-sequence] frame=2996 action=Move { key: 1000, position: [1.733, 0.0, 1.1], yaw: 0.0 } applied=true
[lighting-sequence] frame=2997 action=Move { key: 1000, position: [1.7335, 0.0, 1.1], yaw: 0.0 } applied=true
[lighting-sequence] frame=2998 action=Move { key: 1000, position: [1.734, 0.0, 1.1], yaw: 0.0 } applied=true
[lighting-sequence] frame=2999 action=Move { key: 1000, position: [1.7345, 0.0, 1.1], yaw: 0.0 } applied=true
[lighting-sequence] frame=3000 action=Move { key: 1000, position: [1.735, 0.0, 1.1], yaw: 0.0 } applied=true
[lighting-sequence] frame=3001 action=Move { key: 1000, position: [1.7355, 0.0, 1.1], yaw: 0.0 } applied=true
[lighting-sequence] frame=3002 action=Move { key: 1000, position: [1.736, 0.0, 1.1], yaw: 0.0 } applied=true
[lighting-sequence] frame=3003 action=Move { key: 1000, position: [1.7365, 0.0, 1.1], yaw: 0.0 } applied=true
[lighting-sequence] frame=3004 action=Move { key: 1000, position: [1.737, 0.0, 1.1], yaw: 0.0 } applied=true
[lighting-sequence] frame=3005 action=Move { key: 1000, position: [1.7375, 0.0, 1.1], yaw: 0.0 } applied=true
[lighting-sequence] frame=3006 action=Move { key: 1000, position: [1.738, 0.0, 1.1], yaw: 0.0 } applied=true
[lighting-sequence] frame=3007 action=Move { key: 1000, position: [1.7385, 0.0, 1.1], yaw: 0.0 } applied=true
[lighting-sequence] frame=3008 action=Move { key: 1000, position: [1.739, 0.0, 1.1], yaw: 0.0 } applied=true
[lighting-sequence] frame=3009 action=Move { key: 1000, position: [1.7395, 0.0, 1.1], yaw: 0.0 } applied=true
[lighting-sequence] frame=3010 action=Move { key: 1000, position: [1.74, 0.0, 1.1], yaw: 0.0 } applied=true
[lighting-sequence] frame=3011 action=Move { key: 1000, position: [1.7405, 0.0, 1.1], yaw: 0.0 } applied=true
[lighting-sequence] frame=3012 action=Move { key: 1000, position: [1.741, 0.0, 1.1], yaw: 0.0 } applied=true
[lighting-sequence] frame=3013 action=Move { key: 1000, position: [1.7415, 0.0, 1.1], yaw: 0.0 } applied=true
[lighting-sequence] frame=3014 action=Move { key: 1000, position: [1.742, 0.0, 1.1], yaw: 0.0 } applied=true
[lighting-sequence] frame=3015 action=Move { key: 1000, position: [1.7425, 0.0, 1.1], yaw: 0.0 } applied=true
[lighting-sequence] frame=3016 action=Move { key: 1000, position: [1.743, 0.0, 1.1], yaw: 0.0 } applied=true
[lighting-sequence] frame=3017 action=Move { key: 1000, position: [1.7435, 0.0, 1.1], yaw: 0.0 } applied=true
[lighting-sequence] frame=3018 action=Move { key: 1000, position: [1.744, 0.0, 1.1], yaw: 0.0 } applied=true
[lighting-sequence] frame=3019 action=Move { key: 1000, position: [1.7445, 0.0, 1.1], yaw: 0.0 } applied=true
[lighting-sequence] frame=3020 action=Move { key: 1000, position: [1.745, 0.0, 1.1], yaw: 0.0 } applied=true
[lighting-sequence] frame=3021 action=Move { key: 1000, position: [1.7455, 0.0, 1.1], yaw: 0.0 } applied=true
[lighting-sequence] frame=3022 action=Move { key: 1000, position: [1.746, 0.0, 1.1], yaw: 0.0 } applied=true
[lighting-sequence] frame=3023 action=Move { key: 1000, position: [1.7465, 0.0, 1.1], yaw: 0.0 } applied=true
[lighting-sequence] frame=3024 action=Move { key: 1000, position: [1.747, 0.0, 1.1], yaw: 0.0 } applied=true
[lighting-sequence] frame=3025 action=Move { key: 1000, position: [1.7475, 0.0, 1.1], yaw: 0.0 } applied=true
[lighting-sequence] frame=3026 action=Move { key: 1000, position: [1.748, 0.0, 1.1], yaw: 0.0 } applied=true
[lighting-sequence] frame=3027 action=Move { key: 1000, position: [1.7485, 0.0, 1.1], yaw: 0.0 } applied=true
[lighting-sequence] frame=3028 action=Move { key: 1000, position: [1.749, 0.0, 1.1], yaw: 0.0 } applied=true
[lighting-sequence] frame=3029 action=Move { key: 1000, position: [1.7495, 0.0, 1.1], yaw: 0.0 } applied=true
[lighting-sequence] frame=3030 action=Move { key: 1000, position: [1.7, 0.0, 1.1], yaw: 0.0 } applied=true
[lighting-sequence] frame=3031 action=Move { key: 1000, position: [1.7005, 0.0, 1.1], yaw: 0.0 } applied=true
[lighting-sequence] frame=3032 action=Move { key: 1000, position: [1.701, 0.0, 1.1], yaw: 0.0 } applied=true
[lighting-sequence] frame=3033 action=Move { key: 1000, position: [1.7015, 0.0, 1.1], yaw: 0.0 } applied=true
[lighting-sequence] frame=3034 action=Move { key: 1000, position: [1.702, 0.0, 1.1], yaw: 0.0 } applied=true
[lighting-sequence] frame=3035 action=Move { key: 1000, position: [1.7025, 0.0, 1.1], yaw: 0.0 } applied=true
[lighting-sequence] frame=3036 action=Move { key: 1000, position: [1.703, 0.0, 1.1], yaw: 0.0 } applied=true
[lighting-sequence] frame=3037 action=Move { key: 1000, position: [1.7035, 0.0, 1.1], yaw: 0.0 } applied=true
[lighting-sequence] frame=3038 action=Move { key: 1000, position: [1.704, 0.0, 1.1], yaw: 0.0 } applied=true
[lighting-sequence] frame=3039 action=Move { key: 1000, position: [1.7045, 0.0, 1.1], yaw: 0.0 } applied=true
[lighting-sequence] frame=3040 action=Move { key: 1000, position: [1.705, 0.0, 1.1], yaw: 0.0 } applied=true
[lighting-sequence] frame=3041 action=Move { key: 1000, position: [1.7055, 0.0, 1.1], yaw: 0.0 } applied=true
[lighting-sequence] frame=3042 action=Move { key: 1000, position: [1.706, 0.0, 1.1], yaw: 0.0 } applied=true
[lighting-sequence] frame=3043 action=Move { key: 1000, position: [1.7065, 0.0, 1.1], yaw: 0.0 } applied=true
[lighting-sequence] frame=3044 action=Move { key: 1000, position: [1.707, 0.0, 1.1], yaw: 0.0 } applied=true
[lighting-sequence] frame=3045 action=Move { key: 1000, position: [1.7075, 0.0, 1.1], yaw: 0.0 } applied=true
[lighting-sequence] frame=3046 action=Move { key: 1000, position: [1.708, 0.0, 1.1], yaw: 0.0 } applied=true
[lighting-sequence] frame=3047 action=Move { key: 1000, position: [1.7085, 0.0, 1.1], yaw: 0.0 } applied=true
[lighting-sequence] frame=3048 action=Move { key: 1000, position: [1.709, 0.0, 1.1], yaw: 0.0 } applied=true
[lighting-sequence] frame=3049 action=Move { key: 1000, position: [1.7095, 0.0, 1.1], yaw: 0.0 } applied=true
[lighting-sequence] frame=3050 action=Move { key: 1000, position: [1.71, 0.0, 1.1], yaw: 0.0 } applied=true
[lighting-sequence] frame=3051 action=Move { key: 1000, position: [1.7105, 0.0, 1.1], yaw: 0.0 } applied=true
[lighting-sequence] frame=3052 action=Move { key: 1000, position: [1.711, 0.0, 1.1], yaw: 0.0 } applied=true
[lighting-sequence] frame=3053 action=Move { key: 1000, position: [1.7115, 0.0, 1.1], yaw: 0.0 } applied=true
[lighting-sequence] frame=3054 action=Move { key: 1000, position: [1.712, 0.0, 1.1], yaw: 0.0 } applied=true
[lighting-sequence] frame=3055 action=Move { key: 1000, position: [1.7125, 0.0, 1.1], yaw: 0.0 } applied=true
[lighting-sequence] frame=3056 action=Move { key: 1000, position: [1.713, 0.0, 1.1], yaw: 0.0 } applied=true
[lighting-sequence] frame=3057 action=Move { key: 1000, position: [1.7135, 0.0, 1.1], yaw: 0.0 } applied=true
[lighting-sequence] frame=3058 action=Move { key: 1000, position: [1.714, 0.0, 1.1], yaw: 0.0 } applied=true
[lighting-sequence] frame=3059 action=Move { key: 1000, position: [1.7145, 0.0, 1.1], yaw: 0.0 } applied=true
[lighting-sequence] frame=3060 action=Move { key: 1000, position: [1.715, 0.0, 1.1], yaw: 0.0 } applied=true
[lighting-sequence] frame=3061 action=Move { key: 1000, position: [1.7155, 0.0, 1.1], yaw: 0.0 } applied=true
[lighting-sequence] frame=3062 action=Move { key: 1000, position: [1.716, 0.0, 1.1], yaw: 0.0 } applied=true
[lighting-sequence] frame=3063 action=Move { key: 1000, position: [1.7165, 0.0, 1.1], yaw: 0.0 } applied=true
[lighting-sequence] frame=3064 action=Move { key: 1000, position: [1.717, 0.0, 1.1], yaw: 0.0 } applied=true
[lighting-sequence] frame=3065 action=Move { key: 1000, position: [1.7175, 0.0, 1.1], yaw: 0.0 } applied=true
[lighting-sequence] frame=3066 action=Move { key: 1000, position: [1.718, 0.0, 1.1], yaw: 0.0 } applied=true
[lighting-sequence] frame=3067 action=Move { key: 1000, position: [1.7185, 0.0, 1.1], yaw: 0.0 } applied=true
[lighting-sequence] frame=3068 action=Move { key: 1000, position: [1.719, 0.0, 1.1], yaw: 0.0 } applied=true
[lighting-sequence] frame=3069 action=Move { key: 1000, position: [1.7195, 0.0, 1.1], yaw: 0.0 } applied=true
[lighting-sequence] frame=3070 action=Move { key: 1000, position: [1.72, 0.0, 1.1], yaw: 0.0 } applied=true
[lighting-sequence] frame=3071 action=Move { key: 1000, position: [1.7205, 0.0, 1.1], yaw: 0.0 } applied=true
[lighting-sequence] frame=3072 action=Move { key: 1000, position: [1.721, 0.0, 1.1], yaw: 0.0 } applied=true
[lighting-sequence] frame=3073 action=Move { key: 1000, position: [1.7215, 0.0, 1.1], yaw: 0.0 } applied=true
[lighting-sequence] frame=3074 action=Move { key: 1000, position: [1.722, 0.0, 1.1], yaw: 0.0 } applied=true
[lighting-sequence] frame=3075 action=Move { key: 1000, position: [1.7225, 0.0, 1.1], yaw: 0.0 } applied=true
[lighting-sequence] frame=3076 action=Move { key: 1000, position: [1.723, 0.0, 1.1], yaw: 0.0 } applied=true
[lighting-sequence] frame=3077 action=Move { key: 1000, position: [1.7235, 0.0, 1.1], yaw: 0.0 } applied=true
[lighting-sequence] frame=3078 action=Move { key: 1000, position: [1.724, 0.0, 1.1], yaw: 0.0 } applied=true
[lighting-sequence] frame=3079 action=Move { key: 1000, position: [1.7245, 0.0, 1.1], yaw: 0.0 } applied=true
[lighting-sequence] frame=3080 action=Move { key: 1000, position: [1.725, 0.0, 1.1], yaw: 0.0 } applied=true
[lighting-sequence] frame=3081 action=Move { key: 1000, position: [1.7255, 0.0, 1.1], yaw: 0.0 } applied=true
[lighting-sequence] frame=3082 action=Move { key: 1000, position: [1.726, 0.0, 1.1], yaw: 0.0 } applied=true
[lighting-sequence] frame=3083 action=Move { key: 1000, position: [1.7265, 0.0, 1.1], yaw: 0.0 } applied=true
[lighting-sequence] frame=3084 action=Move { key: 1000, position: [1.727, 0.0, 1.1], yaw: 0.0 } applied=true
[lighting-sequence] frame=3085 action=Move { key: 1000, position: [1.7275, 0.0, 1.1], yaw: 0.0 } applied=true
[lighting-sequence] frame=3086 action=Move { key: 1000, position: [1.728, 0.0, 1.1], yaw: 0.0 } applied=true
[lighting-sequence] frame=3087 action=Move { key: 1000, position: [1.7285, 0.0, 1.1], yaw: 0.0 } applied=true
[lighting-sequence] frame=3088 action=Move { key: 1000, position: [1.729, 0.0, 1.1], yaw: 0.0 } applied=true
[lighting-sequence] frame=3089 action=Move { key: 1000, position: [1.7295, 0.0, 1.1], yaw: 0.0 } applied=true
[lighting-sequence] frame=3090 action=Move { key: 1000, position: [1.73, 0.0, 1.1], yaw: 0.0 } applied=true
[lighting-sequence] frame=3091 action=Move { key: 1000, position: [1.7305, 0.0, 1.1], yaw: 0.0 } applied=true
[lighting-sequence] frame=3092 action=Move { key: 1000, position: [1.731, 0.0, 1.1], yaw: 0.0 } applied=true
[lighting-sequence] frame=3093 action=Move { key: 1000, position: [1.7315, 0.0, 1.1], yaw: 0.0 } applied=true
[lighting-sequence] frame=3094 action=Move { key: 1000, position: [1.732, 0.0, 1.1], yaw: 0.0 } applied=true
[lighting-sequence] frame=3095 action=Move { key: 1000, position: [1.7325, 0.0, 1.1], yaw: 0.0 } applied=true
[lighting-sequence] frame=3096 action=Move { key: 1000, position: [1.733, 0.0, 1.1], yaw: 0.0 } applied=true
[lighting-sequence] frame=3097 action=Move { key: 1000, position: [1.7335, 0.0, 1.1], yaw: 0.0 } applied=true
[lighting-sequence] frame=3098 action=Move { key: 1000, position: [1.734, 0.0, 1.1], yaw: 0.0 } applied=true
[lighting-sequence] frame=3099 action=Move { key: 1000, position: [1.7345, 0.0, 1.1], yaw: 0.0 } applied=true
[lighting-sequence] frame=3100 action=Move { key: 1000, position: [1.735, 0.0, 1.1], yaw: 0.0 } applied=true
[lighting-sequence] frame=3101 action=Move { key: 1000, position: [1.7355, 0.0, 1.1], yaw: 0.0 } applied=true
[lighting-sequence] frame=3102 action=Move { key: 1000, position: [1.736, 0.0, 1.1], yaw: 0.0 } applied=true
[lighting-sequence] frame=3103 action=Move { key: 1000, position: [1.7365, 0.0, 1.1], yaw: 0.0 } applied=true
[lighting-sequence] frame=3104 action=Move { key: 1000, position: [1.737, 0.0, 1.1], yaw: 0.0 } applied=true
[lighting-sequence] frame=3105 action=Move { key: 1000, position: [1.7375, 0.0, 1.1], yaw: 0.0 } applied=true
[lighting-sequence] frame=3106 action=Move { key: 1000, position: [1.738, 0.0, 1.1], yaw: 0.0 } applied=true
[lighting-sequence] frame=3107 action=Move { key: 1000, position: [1.7385, 0.0, 1.1], yaw: 0.0 } applied=true
[lighting-sequence] frame=3108 action=Move { key: 1000, position: [1.739, 0.0, 1.1], yaw: 0.0 } applied=true
[lighting-sequence] frame=3109 action=Move { key: 1000, position: [1.7395, 0.0, 1.1], yaw: 0.0 } applied=true
[lighting-sequence] frame=3110 action=Move { key: 1000, position: [1.74, 0.0, 1.1], yaw: 0.0 } applied=true
[lighting-sequence] frame=3111 action=Move { key: 1000, position: [1.7405, 0.0, 1.1], yaw: 0.0 } applied=true
[lighting-sequence] frame=3112 action=Move { key: 1000, position: [1.741, 0.0, 1.1], yaw: 0.0 } applied=true
[lighting-sequence] frame=3113 action=Move { key: 1000, position: [1.7415, 0.0, 1.1], yaw: 0.0 } applied=true
[lighting-sequence] frame=3114 action=Move { key: 1000, position: [1.742, 0.0, 1.1], yaw: 0.0 } applied=true
[lighting-sequence] frame=3115 action=Move { key: 1000, position: [1.7425, 0.0, 1.1], yaw: 0.0 } applied=true
[lighting-sequence] frame=3116 action=Move { key: 1000, position: [1.743, 0.0, 1.1], yaw: 0.0 } applied=true
[lighting-sequence] frame=3117 action=Move { key: 1000, position: [1.7435, 0.0, 1.1], yaw: 0.0 } applied=true
[lighting-sequence] frame=3118 action=Move { key: 1000, position: [1.744, 0.0, 1.1], yaw: 0.0 } applied=true
[lighting-sequence] frame=3119 action=Move { key: 1000, position: [1.7445, 0.0, 1.1], yaw: 0.0 } applied=true
[lighting-sequence] frame=3120 action=Move { key: 1000, position: [1.745, 0.0, 1.1], yaw: 0.0 } applied=true
[lighting-sequence] frame=3121 action=Move { key: 1000, position: [1.7455, 0.0, 1.1], yaw: 0.0 } applied=true
[lighting-sequence] frame=3122 action=Move { key: 1000, position: [1.746, 0.0, 1.1], yaw: 0.0 } applied=true
[lighting-sequence] frame=3123 action=Move { key: 1000, position: [1.7465, 0.0, 1.1], yaw: 0.0 } applied=true
[lighting-sequence] frame=3124 action=Move { key: 1000, position: [1.747, 0.0, 1.1], yaw: 0.0 } applied=true
[lighting-sequence] frame=3125 action=Move { key: 1000, position: [1.7475, 0.0, 1.1], yaw: 0.0 } applied=true
[lighting-sequence] frame=3126 action=Move { key: 1000, position: [1.748, 0.0, 1.1], yaw: 0.0 } applied=true
[lighting-sequence] frame=3127 action=Move { key: 1000, position: [1.7485, 0.0, 1.1], yaw: 0.0 } applied=true
[lighting-sequence] frame=3128 action=Move { key: 1000, position: [1.749, 0.0, 1.1], yaw: 0.0 } applied=true
[lighting-sequence] frame=3129 action=Move { key: 1000, position: [1.7495, 0.0, 1.1], yaw: 0.0 } applied=true
[lighting-sequence] frame=3130 action=Move { key: 1000, position: [1.7, 0.0, 1.1], yaw: 0.0 } applied=true
[lighting-sequence] frame=3131 action=Move { key: 1000, position: [1.7005, 0.0, 1.1], yaw: 0.0 } applied=true
[lighting-sequence] frame=3132 action=Move { key: 1000, position: [1.701, 0.0, 1.1], yaw: 0.0 } applied=true
[lighting-sequence] frame=3133 action=Move { key: 1000, position: [1.7015, 0.0, 1.1], yaw: 0.0 } applied=true
[lighting-sequence] frame=3134 action=Move { key: 1000, position: [1.702, 0.0, 1.1], yaw: 0.0 } applied=true
[lighting-sequence] frame=3135 action=Move { key: 1000, position: [1.7025, 0.0, 1.1], yaw: 0.0 } applied=true
[lighting-sequence] frame=3136 action=Move { key: 1000, position: [1.703, 0.0, 1.1], yaw: 0.0 } applied=true
[lighting-sequence] frame=3137 action=Move { key: 1000, position: [1.7035, 0.0, 1.1], yaw: 0.0 } applied=true
[lighting-sequence] frame=3138 action=Move { key: 1000, position: [1.704, 0.0, 1.1], yaw: 0.0 } applied=true
[lighting-sequence] frame=3139 action=Move { key: 1000, position: [1.7045, 0.0, 1.1], yaw: 0.0 } applied=true
[lighting-sequence] frame=3140 action=Move { key: 1000, position: [1.705, 0.0, 1.1], yaw: 0.0 } applied=true
[lighting-sequence] frame=3141 action=Move { key: 1000, position: [1.7055, 0.0, 1.1], yaw: 0.0 } applied=true
[lighting-sequence] frame=3142 action=Move { key: 1000, position: [1.706, 0.0, 1.1], yaw: 0.0 } applied=true
[lighting-sequence] frame=3143 action=Move { key: 1000, position: [1.7065, 0.0, 1.1], yaw: 0.0 } applied=true
[lighting-sequence] frame=3144 action=Move { key: 1000, position: [1.707, 0.0, 1.1], yaw: 0.0 } applied=true
[lighting-sequence] frame=3145 action=Move { key: 1000, position: [1.7075, 0.0, 1.1], yaw: 0.0 } applied=true
[lighting-sequence] frame=3146 action=Move { key: 1000, position: [1.708, 0.0, 1.1], yaw: 0.0 } applied=true
[lighting-sequence] frame=3147 action=Move { key: 1000, position: [1.7085, 0.0, 1.1], yaw: 0.0 } applied=true
[lighting-sequence] frame=3148 action=Move { key: 1000, position: [1.709, 0.0, 1.1], yaw: 0.0 } applied=true
[lighting-sequence] frame=3149 action=Move { key: 1000, position: [1.7095, 0.0, 1.1], yaw: 0.0 } applied=true
[lighting-sequence] frame=3150 action=Move { key: 1000, position: [1.71, 0.0, 1.1], yaw: 0.0 } applied=true
[lighting-sequence] frame=3151 action=Move { key: 1000, position: [1.7105, 0.0, 1.1], yaw: 0.0 } applied=true
[lighting-sequence] frame=3152 action=Move { key: 1000, position: [1.711, 0.0, 1.1], yaw: 0.0 } applied=true
[lighting-sequence] frame=3153 action=Move { key: 1000, position: [1.7115, 0.0, 1.1], yaw: 0.0 } applied=true
[lighting-sequence] frame=3154 action=Move { key: 1000, position: [1.712, 0.0, 1.1], yaw: 0.0 } applied=true
[lighting-sequence] frame=3155 action=Move { key: 1000, position: [1.7125, 0.0, 1.1], yaw: 0.0 } applied=true
[lighting-sequence] frame=3156 action=Move { key: 1000, position: [1.713, 0.0, 1.1], yaw: 0.0 } applied=true
[lighting-sequence] frame=3157 action=Move { key: 1000, position: [1.7135, 0.0, 1.1], yaw: 0.0 } applied=true
[lighting-sequence] frame=3158 action=Move { key: 1000, position: [1.714, 0.0, 1.1], yaw: 0.0 } applied=true
[lighting-sequence] frame=3159 action=Move { key: 1000, position: [1.7145, 0.0, 1.1], yaw: 0.0 } applied=true
[lighting-sequence] frame=3160 action=Move { key: 1000, position: [1.715, 0.0, 1.1], yaw: 0.0 } applied=true
[lighting-sequence] frame=3161 action=Move { key: 1000, position: [1.7155, 0.0, 1.1], yaw: 0.0 } applied=true
[lighting-sequence] frame=3162 action=Move { key: 1000, position: [1.716, 0.0, 1.1], yaw: 0.0 } applied=true
[lighting-sequence] frame=3163 action=Move { key: 1000, position: [1.7165, 0.0, 1.1], yaw: 0.0 } applied=true
[lighting-sequence] frame=3164 action=Move { key: 1000, position: [1.717, 0.0, 1.1], yaw: 0.0 } applied=true
[lighting-sequence] frame=3165 action=Move { key: 1000, position: [1.7175, 0.0, 1.1], yaw: 0.0 } applied=true
[lighting-sequence] frame=3166 action=Move { key: 1000, position: [1.718, 0.0, 1.1], yaw: 0.0 } applied=true
[lighting-sequence] frame=3167 action=Move { key: 1000, position: [1.7185, 0.0, 1.1], yaw: 0.0 } applied=true
[lighting-sequence] frame=3168 action=Move { key: 1000, position: [1.719, 0.0, 1.1], yaw: 0.0 } applied=true
[lighting-sequence] frame=3169 action=Move { key: 1000, position: [1.7195, 0.0, 1.1], yaw: 0.0 } applied=true
[lighting-sequence] frame=3170 action=Move { key: 1000, position: [1.72, 0.0, 1.1], yaw: 0.0 } applied=true
[lighting-sequence] frame=3171 action=Move { key: 1000, position: [1.7205, 0.0, 1.1], yaw: 0.0 } applied=true
[lighting-sequence] frame=3172 action=Move { key: 1000, position: [1.721, 0.0, 1.1], yaw: 0.0 } applied=true
[lighting-sequence] frame=3173 action=Move { key: 1000, position: [1.7215, 0.0, 1.1], yaw: 0.0 } applied=true
[lighting-sequence] frame=3174 action=Move { key: 1000, position: [1.722, 0.0, 1.1], yaw: 0.0 } applied=true
[lighting-sequence] frame=3175 action=Move { key: 1000, position: [1.7225, 0.0, 1.1], yaw: 0.0 } applied=true
[lighting-sequence] frame=3176 action=Move { key: 1000, position: [1.723, 0.0, 1.1], yaw: 0.0 } applied=true
[lighting-sequence] frame=3177 action=Move { key: 1000, position: [1.7235, 0.0, 1.1], yaw: 0.0 } applied=true
[lighting-sequence] frame=3178 action=Move { key: 1000, position: [1.724, 0.0, 1.1], yaw: 0.0 } applied=true
[lighting-sequence] frame=3179 action=Move { key: 1000, position: [1.7245, 0.0, 1.1], yaw: 0.0 } applied=true
[lighting-sequence] frame=3180 action=Move { key: 1000, position: [1.725, 0.0, 1.1], yaw: 0.0 } applied=true
[lighting-sequence] frame=3181 action=Move { key: 1000, position: [1.7255, 0.0, 1.1], yaw: 0.0 } applied=true
[lighting-sequence] frame=3182 action=Move { key: 1000, position: [1.726, 0.0, 1.1], yaw: 0.0 } applied=true
[lighting-sequence] frame=3183 action=Move { key: 1000, position: [1.7265, 0.0, 1.1], yaw: 0.0 } applied=true
[lighting-sequence] frame=3184 action=Move { key: 1000, position: [1.727, 0.0, 1.1], yaw: 0.0 } applied=true
[lighting-sequence] frame=3185 action=Move { key: 1000, position: [1.7275, 0.0, 1.1], yaw: 0.0 } applied=true
[lighting-sequence] frame=3186 action=Move { key: 1000, position: [1.728, 0.0, 1.1], yaw: 0.0 } applied=true
[lighting-sequence] frame=3187 action=Move { key: 1000, position: [1.7285, 0.0, 1.1], yaw: 0.0 } applied=true
[lighting-sequence] frame=3188 action=Move { key: 1000, position: [1.729, 0.0, 1.1], yaw: 0.0 } applied=true
[lighting-sequence] frame=3189 action=Move { key: 1000, position: [1.7295, 0.0, 1.1], yaw: 0.0 } applied=true
[lighting-sequence] frame=3190 action=Move { key: 1000, position: [1.73, 0.0, 1.1], yaw: 0.0 } applied=true
[lighting-sequence] frame=3191 action=Move { key: 1000, position: [1.7305, 0.0, 1.1], yaw: 0.0 } applied=true
[lighting-sequence] frame=3192 action=Move { key: 1000, position: [1.731, 0.0, 1.1], yaw: 0.0 } applied=true
[lighting-sequence] frame=3193 action=Move { key: 1000, position: [1.7315, 0.0, 1.1], yaw: 0.0 } applied=true
[lighting-sequence] frame=3194 action=Move { key: 1000, position: [1.732, 0.0, 1.1], yaw: 0.0 } applied=true
[lighting-sequence] frame=3195 action=Move { key: 1000, position: [1.7325, 0.0, 1.1], yaw: 0.0 } applied=true
[lighting-sequence] frame=3196 action=Move { key: 1000, position: [1.733, 0.0, 1.1], yaw: 0.0 } applied=true
[lighting-sequence] frame=3197 action=Move { key: 1000, position: [1.7335, 0.0, 1.1], yaw: 0.0 } applied=true
[lighting-sequence] frame=3198 action=Move { key: 1000, position: [1.734, 0.0, 1.1], yaw: 0.0 } applied=true
[lighting-sequence] frame=3199 action=Move { key: 1000, position: [1.7345, 0.0, 1.1], yaw: 0.0 } applied=true
[lighting-sequence] frame=3200 action=Move { key: 1000, position: [1.735, 0.0, 1.1], yaw: 0.0 } applied=true
[lighting-sequence] frame=3201 action=Move { key: 1000, position: [1.7355, 0.0, 1.1], yaw: 0.0 } applied=true
[lighting-sequence] frame=3202 action=Move { key: 1000, position: [1.736, 0.0, 1.1], yaw: 0.0 } applied=true
[lighting-sequence] frame=3203 action=Move { key: 1000, position: [1.7365, 0.0, 1.1], yaw: 0.0 } applied=true
[lighting-sequence] frame=3204 action=Move { key: 1000, position: [1.737, 0.0, 1.1], yaw: 0.0 } applied=true
[lighting-sequence] frame=3205 action=Move { key: 1000, position: [1.7375, 0.0, 1.1], yaw: 0.0 } applied=true
[lighting-sequence] frame=3206 action=Move { key: 1000, position: [1.738, 0.0, 1.1], yaw: 0.0 } applied=true
[lighting-sequence] frame=3207 action=Move { key: 1000, position: [1.7385, 0.0, 1.1], yaw: 0.0 } applied=true
[lighting-sequence] frame=3208 action=Move { key: 1000, position: [1.739, 0.0, 1.1], yaw: 0.0 } applied=true
[lighting-sequence] frame=3209 action=Move { key: 1000, position: [1.7395, 0.0, 1.1], yaw: 0.0 } applied=true
[lighting-sequence] frame=3210 action=Move { key: 1000, position: [1.74, 0.0, 1.1], yaw: 0.0 } applied=true
[lighting-sequence] frame=3211 action=Move { key: 1000, position: [1.7405, 0.0, 1.1], yaw: 0.0 } applied=true
[lighting-sequence] frame=3212 action=Move { key: 1000, position: [1.741, 0.0, 1.1], yaw: 0.0 } applied=true
[lighting-sequence] frame=3213 action=Move { key: 1000, position: [1.7415, 0.0, 1.1], yaw: 0.0 } applied=true
[lighting-sequence] frame=3214 action=Move { key: 1000, position: [1.742, 0.0, 1.1], yaw: 0.0 } applied=true
[lighting-sequence] frame=3215 action=Move { key: 1000, position: [1.7425, 0.0, 1.1], yaw: 0.0 } applied=true
[lighting-sequence] frame=3216 action=Move { key: 1000, position: [1.743, 0.0, 1.1], yaw: 0.0 } applied=true
[lighting-sequence] frame=3217 action=Move { key: 1000, position: [1.7435, 0.0, 1.1], yaw: 0.0 } applied=true
[lighting-sequence] frame=3218 action=Move { key: 1000, position: [1.744, 0.0, 1.1], yaw: 0.0 } applied=true
[lighting-sequence] frame=3219 action=Move { key: 1000, position: [1.7445, 0.0, 1.1], yaw: 0.0 } applied=true
[lighting-sequence] frame=3220 action=Move { key: 1000, position: [1.745, 0.0, 1.1], yaw: 0.0 } applied=true
[lighting-sequence] frame=3221 action=Move { key: 1000, position: [1.7455, 0.0, 1.1], yaw: 0.0 } applied=true
[lighting-sequence] frame=3222 action=Move { key: 1000, position: [1.746, 0.0, 1.1], yaw: 0.0 } applied=true
[lighting-sequence] frame=3223 action=Move { key: 1000, position: [1.7465, 0.0, 1.1], yaw: 0.0 } applied=true
[lighting-sequence] frame=3224 action=Move { key: 1000, position: [1.747, 0.0, 1.1], yaw: 0.0 } applied=true
[lighting-sequence] frame=3225 action=Move { key: 1000, position: [1.7475, 0.0, 1.1], yaw: 0.0 } applied=true
[lighting-sequence] frame=3226 action=Move { key: 1000, position: [1.748, 0.0, 1.1], yaw: 0.0 } applied=true
[lighting-sequence] frame=3227 action=Move { key: 1000, position: [1.7485, 0.0, 1.1], yaw: 0.0 } applied=true
[lighting-sequence] frame=3228 action=Move { key: 1000, position: [1.749, 0.0, 1.1], yaw: 0.0 } applied=true
[lighting-sequence] frame=3229 action=Move { key: 1000, position: [1.7495, 0.0, 1.1], yaw: 0.0 } applied=true
[lighting-sequence] frame=3230 action=Move { key: 1000, position: [1.7, 0.0, 1.1], yaw: 0.0 } applied=true
[lighting-sequence] frame=3231 action=Move { key: 1000, position: [1.7005, 0.0, 1.1], yaw: 0.0 } applied=true
[lighting-sequence] frame=3232 action=Move { key: 1000, position: [1.701, 0.0, 1.1], yaw: 0.0 } applied=true
[lighting-sequence] frame=3233 action=Move { key: 1000, position: [1.7015, 0.0, 1.1], yaw: 0.0 } applied=true
[lighting-sequence] frame=3234 action=Move { key: 1000, position: [1.702, 0.0, 1.1], yaw: 0.0 } applied=true
[lighting-sequence] frame=3235 action=Move { key: 1000, position: [1.7025, 0.0, 1.1], yaw: 0.0 } applied=true
[lighting-sequence] frame=3236 action=Move { key: 1000, position: [1.703, 0.0, 1.1], yaw: 0.0 } applied=true
[lighting-sequence] frame=3237 action=Move { key: 1000, position: [1.7035, 0.0, 1.1], yaw: 0.0 } applied=true
[lighting-sequence] frame=3238 action=Move { key: 1000, position: [1.704, 0.0, 1.1], yaw: 0.0 } applied=true
[lighting-sequence] frame=3239 action=Move { key: 1000, position: [1.7045, 0.0, 1.1], yaw: 0.0 } applied=true
[lighting-sequence] frame=3240 action=Move { key: 1000, position: [1.705, 0.0, 1.1], yaw: 0.0 } applied=true
[lighting-sequence] frame=3241 action=Move { key: 1000, position: [1.7055, 0.0, 1.1], yaw: 0.0 } applied=true
[lighting-sequence] frame=3242 action=Move { key: 1000, position: [1.706, 0.0, 1.1], yaw: 0.0 } applied=true
[lighting-sequence] frame=3243 action=Move { key: 1000, position: [1.7065, 0.0, 1.1], yaw: 0.0 } applied=true
[lighting-sequence] frame=3244 action=Move { key: 1000, position: [1.707, 0.0, 1.1], yaw: 0.0 } applied=true
[lighting-sequence] frame=3245 action=Move { key: 1000, position: [1.7075, 0.0, 1.1], yaw: 0.0 } applied=true
[lighting-sequence] frame=3246 action=Move { key: 1000, position: [1.708, 0.0, 1.1], yaw: 0.0 } applied=true
[lighting-sequence] frame=3247 action=Move { key: 1000, position: [1.7085, 0.0, 1.1], yaw: 0.0 } applied=true
[lighting-sequence] frame=3248 action=Move { key: 1000, position: [1.709, 0.0, 1.1], yaw: 0.0 } applied=true
[lighting-sequence] frame=3249 action=Move { key: 1000, position: [1.7095, 0.0, 1.1], yaw: 0.0 } applied=true
[lighting-sequence] frame=3250 action=Move { key: 1000, position: [1.71, 0.0, 1.1], yaw: 0.0 } applied=true
[lighting-sequence] frame=3251 action=Move { key: 1000, position: [1.7105, 0.0, 1.1], yaw: 0.0 } applied=true
[lighting-sequence] frame=3252 action=Move { key: 1000, position: [1.711, 0.0, 1.1], yaw: 0.0 } applied=true
[lighting-sequence] frame=3253 action=Move { key: 1000, position: [1.7115, 0.0, 1.1], yaw: 0.0 } applied=true
[lighting-sequence] frame=3254 action=Move { key: 1000, position: [1.712, 0.0, 1.1], yaw: 0.0 } applied=true
[lighting-sequence] frame=3255 action=Move { key: 1000, position: [1.7125, 0.0, 1.1], yaw: 0.0 } applied=true
[lighting-sequence] frame=3256 action=Move { key: 1000, position: [1.713, 0.0, 1.1], yaw: 0.0 } applied=true
[lighting-sequence] frame=3257 action=Move { key: 1000, position: [1.7135, 0.0, 1.1], yaw: 0.0 } applied=true
[lighting-sequence] frame=3258 action=Move { key: 1000, position: [1.714, 0.0, 1.1], yaw: 0.0 } applied=true
[lighting-sequence] frame=3259 action=Move { key: 1000, position: [1.7145, 0.0, 1.1], yaw: 0.0 } applied=true
[lighting-sequence] frame=3260 action=Move { key: 1000, position: [1.715, 0.0, 1.1], yaw: 0.0 } applied=true
[lighting-sequence] frame=3261 action=Move { key: 1000, position: [1.7155, 0.0, 1.1], yaw: 0.0 } applied=true
[lighting-sequence] frame=3262 action=Move { key: 1000, position: [1.716, 0.0, 1.1], yaw: 0.0 } applied=true
[lighting-sequence] frame=3263 action=Move { key: 1000, position: [1.7165, 0.0, 1.1], yaw: 0.0 } applied=true
[lighting-sequence] frame=3264 action=Move { key: 1000, position: [1.717, 0.0, 1.1], yaw: 0.0 } applied=true
[lighting-sequence] frame=3265 action=Move { key: 1000, position: [1.7175, 0.0, 1.1], yaw: 0.0 } applied=true
[lighting-sequence] frame=3266 action=Move { key: 1000, position: [1.718, 0.0, 1.1], yaw: 0.0 } applied=true
[lighting-sequence] frame=3267 action=Move { key: 1000, position: [1.7185, 0.0, 1.1], yaw: 0.0 } applied=true
[lighting-sequence] frame=3268 action=Move { key: 1000, position: [1.719, 0.0, 1.1], yaw: 0.0 } applied=true
[lighting-sequence] frame=3269 action=Move { key: 1000, position: [1.7195, 0.0, 1.1], yaw: 0.0 } applied=true
[lighting-sequence] frame=3270 action=Move { key: 1000, position: [1.72, 0.0, 1.1], yaw: 0.0 } applied=true
[lighting-sequence] frame=3271 action=Move { key: 1000, position: [1.7205, 0.0, 1.1], yaw: 0.0 } applied=true
[lighting-sequence] frame=3272 action=Move { key: 1000, position: [1.721, 0.0, 1.1], yaw: 0.0 } applied=true
[lighting-sequence] frame=3273 action=Move { key: 1000, position: [1.7215, 0.0, 1.1], yaw: 0.0 } applied=true
[lighting-sequence] frame=3274 action=Move { key: 1000, position: [1.722, 0.0, 1.1], yaw: 0.0 } applied=true
[lighting-sequence] frame=3275 action=Move { key: 1000, position: [1.7225, 0.0, 1.1], yaw: 0.0 } applied=true
[lighting-sequence] frame=3276 action=Move { key: 1000, position: [1.723, 0.0, 1.1], yaw: 0.0 } applied=true
[lighting-sequence] frame=3277 action=Move { key: 1000, position: [1.7235, 0.0, 1.1], yaw: 0.0 } applied=true
[lighting-sequence] frame=3278 action=Move { key: 1000, position: [1.724, 0.0, 1.1], yaw: 0.0 } applied=true
[lighting-sequence] frame=3279 action=Move { key: 1000, position: [1.7245, 0.0, 1.1], yaw: 0.0 } applied=true
[lighting-sequence] frame=3280 action=Move { key: 1000, position: [1.725, 0.0, 1.1], yaw: 0.0 } applied=true
[lighting-sequence] frame=3281 action=Move { key: 1000, position: [1.7255, 0.0, 1.1], yaw: 0.0 } applied=true
[lighting-sequence] frame=3282 action=Move { key: 1000, position: [1.726, 0.0, 1.1], yaw: 0.0 } applied=true
[lighting-sequence] frame=3283 action=Move { key: 1000, position: [1.7265, 0.0, 1.1], yaw: 0.0 } applied=true
[lighting-sequence] frame=3284 action=Move { key: 1000, position: [1.727, 0.0, 1.1], yaw: 0.0 } applied=true
[lighting-sequence] frame=3285 action=Move { key: 1000, position: [1.7275, 0.0, 1.1], yaw: 0.0 } applied=true
[lighting-sequence] frame=3286 action=Move { key: 1000, position: [1.728, 0.0, 1.1], yaw: 0.0 } applied=true
[lighting-sequence] frame=3287 action=Move { key: 1000, position: [1.7285, 0.0, 1.1], yaw: 0.0 } applied=true
[lighting-sequence] frame=3288 action=Move { key: 1000, position: [1.729, 0.0, 1.1], yaw: 0.0 } applied=true
[lighting-sequence] frame=3289 action=Move { key: 1000, position: [1.7295, 0.0, 1.1], yaw: 0.0 } applied=true
[lighting-sequence] frame=3290 action=Move { key: 1000, position: [1.73, 0.0, 1.1], yaw: 0.0 } applied=true
[lighting-sequence] frame=3291 action=Move { key: 1000, position: [1.7305, 0.0, 1.1], yaw: 0.0 } applied=true
[lighting-sequence] frame=3292 action=Move { key: 1000, position: [1.731, 0.0, 1.1], yaw: 0.0 } applied=true
[lighting-sequence] frame=3293 action=Move { key: 1000, position: [1.7315, 0.0, 1.1], yaw: 0.0 } applied=true
[lighting-sequence] frame=3294 action=Move { key: 1000, position: [1.732, 0.0, 1.1], yaw: 0.0 } applied=true
[lighting-sequence] frame=3295 action=Move { key: 1000, position: [1.7325, 0.0, 1.1], yaw: 0.0 } applied=true
[lighting-sequence] frame=3296 action=Move { key: 1000, position: [1.733, 0.0, 1.1], yaw: 0.0 } applied=true
[lighting-sequence] frame=3297 action=Move { key: 1000, position: [1.7335, 0.0, 1.1], yaw: 0.0 } applied=true
[lighting-sequence] frame=3298 action=Move { key: 1000, position: [1.734, 0.0, 1.1], yaw: 0.0 } applied=true
[lighting-sequence] frame=3299 action=Move { key: 1000, position: [1.7345, 0.0, 1.1], yaw: 0.0 } applied=true
[lighting-sequence] frame=3300 action=Move { key: 1000, position: [1.735, 0.0, 1.1], yaw: 0.0 } applied=true
[lighting-sequence] frame=3301 action=Move { key: 1000, position: [1.7355, 0.0, 1.1], yaw: 0.0 } applied=true
[lighting-sequence] frame=3302 action=Move { key: 1000, position: [1.736, 0.0, 1.1], yaw: 0.0 } applied=true
[lighting-sequence] frame=3303 action=Move { key: 1000, position: [1.7365, 0.0, 1.1], yaw: 0.0 } applied=true
[lighting-sequence] frame=3304 action=Move { key: 1000, position: [1.737, 0.0, 1.1], yaw: 0.0 } applied=true
[lighting-sequence] frame=3305 action=Move { key: 1000, position: [1.7375, 0.0, 1.1], yaw: 0.0 } applied=true
[lighting-sequence] frame=3306 action=Move { key: 1000, position: [1.738, 0.0, 1.1], yaw: 0.0 } applied=true
[lighting-sequence] frame=3307 action=Move { key: 1000, position: [1.7385, 0.0, 1.1], yaw: 0.0 } applied=true
[lighting-sequence] frame=3308 action=Move { key: 1000, position: [1.739, 0.0, 1.1], yaw: 0.0 } applied=true
[lighting-sequence] frame=3309 action=Move { key: 1000, position: [1.7395, 0.0, 1.1], yaw: 0.0 } applied=true
[lighting-sequence] frame=3310 action=Move { key: 1000, position: [1.74, 0.0, 1.1], yaw: 0.0 } applied=true
[lighting-sequence] frame=3311 action=Move { key: 1000, position: [1.7405, 0.0, 1.1], yaw: 0.0 } applied=true
[lighting-sequence] frame=3312 action=Move { key: 1000, position: [1.741, 0.0, 1.1], yaw: 0.0 } applied=true
[lighting-sequence] frame=3313 action=Move { key: 1000, position: [1.7415, 0.0, 1.1], yaw: 0.0 } applied=true
[lighting-sequence] frame=3314 action=Move { key: 1000, position: [1.742, 0.0, 1.1], yaw: 0.0 } applied=true
[lighting-sequence] frame=3315 action=Move { key: 1000, position: [1.7425, 0.0, 1.1], yaw: 0.0 } applied=true
[lighting-sequence] frame=3316 action=Move { key: 1000, position: [1.743, 0.0, 1.1], yaw: 0.0 } applied=true
[lighting-sequence] frame=3317 action=Move { key: 1000, position: [1.7435, 0.0, 1.1], yaw: 0.0 } applied=true
[lighting-sequence] frame=3318 action=Move { key: 1000, position: [1.744, 0.0, 1.1], yaw: 0.0 } applied=true
[lighting-sequence] frame=3319 action=Move { key: 1000, position: [1.7445, 0.0, 1.1], yaw: 0.0 } applied=true
[lighting-sequence] frame=3320 action=Move { key: 1000, position: [1.745, 0.0, 1.1], yaw: 0.0 } applied=true
[lighting-sequence] frame=3321 action=Move { key: 1000, position: [1.7455, 0.0, 1.1], yaw: 0.0 } applied=true
[lighting-sequence] frame=3322 action=Move { key: 1000, position: [1.746, 0.0, 1.1], yaw: 0.0 } applied=true
[lighting-sequence] frame=3323 action=Move { key: 1000, position: [1.7465, 0.0, 1.1], yaw: 0.0 } applied=true
[lighting-sequence] frame=3324 action=Move { key: 1000, position: [1.747, 0.0, 1.1], yaw: 0.0 } applied=true
[lighting-sequence] frame=3325 action=Move { key: 1000, position: [1.7475, 0.0, 1.1], yaw: 0.0 } applied=true
[lighting-sequence] frame=3326 action=Move { key: 1000, position: [1.748, 0.0, 1.1], yaw: 0.0 } applied=true
[lighting-sequence] frame=3327 action=Move { key: 1000, position: [1.7485, 0.0, 1.1], yaw: 0.0 } applied=true
[lighting-sequence] frame=3328 action=Move { key: 1000, position: [1.749, 0.0, 1.1], yaw: 0.0 } applied=true
[lighting-sequence] frame=3329 action=Move { key: 1000, position: [1.7495, 0.0, 1.1], yaw: 0.0 } applied=true
[lighting-sequence] frame=3330 action=Move { key: 1000, position: [1.7, 0.0, 1.1], yaw: 0.0 } applied=true
[lighting-sequence] frame=3331 action=Move { key: 1000, position: [1.7005, 0.0, 1.1], yaw: 0.0 } applied=true
[lighting-sequence] frame=3332 action=Move { key: 1000, position: [1.701, 0.0, 1.1], yaw: 0.0 } applied=true
[lighting-sequence] frame=3333 action=Move { key: 1000, position: [1.7015, 0.0, 1.1], yaw: 0.0 } applied=true
[lighting-sequence] frame=3334 action=Move { key: 1000, position: [1.702, 0.0, 1.1], yaw: 0.0 } applied=true
[lighting-sequence] frame=3335 action=Move { key: 1000, position: [1.7025, 0.0, 1.1], yaw: 0.0 } applied=true
[lighting-sequence] frame=3336 action=Move { key: 1000, position: [1.703, 0.0, 1.1], yaw: 0.0 } applied=true
[lighting-sequence] frame=3337 action=Move { key: 1000, position: [1.7035, 0.0, 1.1], yaw: 0.0 } applied=true
[lighting-sequence] frame=3338 action=Move { key: 1000, position: [1.704, 0.0, 1.1], yaw: 0.0 } applied=true
[lighting-sequence] frame=3339 action=Move { key: 1000, position: [1.7045, 0.0, 1.1], yaw: 0.0 } applied=true
[lighting-sequence] frame=3340 action=Move { key: 1000, position: [1.705, 0.0, 1.1], yaw: 0.0 } applied=true
[lighting-sequence] frame=3341 action=Move { key: 1000, position: [1.7055, 0.0, 1.1], yaw: 0.0 } applied=true
[lighting-sequence] frame=3342 action=Move { key: 1000, position: [1.706, 0.0, 1.1], yaw: 0.0 } applied=true
[lighting-sequence] frame=3343 action=Move { key: 1000, position: [1.7065, 0.0, 1.1], yaw: 0.0 } applied=true
[lighting-sequence] frame=3344 action=Move { key: 1000, position: [1.707, 0.0, 1.1], yaw: 0.0 } applied=true
[lighting-sequence] frame=3345 action=Move { key: 1000, position: [1.7075, 0.0, 1.1], yaw: 0.0 } applied=true
[lighting-sequence] frame=3346 action=Move { key: 1000, position: [1.708, 0.0, 1.1], yaw: 0.0 } applied=true
[lighting-sequence] frame=3347 action=Move { key: 1000, position: [1.7085, 0.0, 1.1], yaw: 0.0 } applied=true
[lighting-sequence] frame=3348 action=Move { key: 1000, position: [1.709, 0.0, 1.1], yaw: 0.0 } applied=true
[lighting-sequence] frame=3349 action=Move { key: 1000, position: [1.7095, 0.0, 1.1], yaw: 0.0 } applied=true
[lighting-sequence] frame=3350 action=Move { key: 1000, position: [1.71, 0.0, 1.1], yaw: 0.0 } applied=true
[lighting-sequence] frame=3351 action=Move { key: 1000, position: [1.7105, 0.0, 1.1], yaw: 0.0 } applied=true
[lighting-sequence] frame=3352 action=Move { key: 1000, position: [1.711, 0.0, 1.1], yaw: 0.0 } applied=true
[lighting-sequence] frame=3353 action=Move { key: 1000, position: [1.7115, 0.0, 1.1], yaw: 0.0 } applied=true
[lighting-sequence] frame=3354 action=Move { key: 1000, position: [1.712, 0.0, 1.1], yaw: 0.0 } applied=true
[lighting-sequence] frame=3355 action=Move { key: 1000, position: [1.7125, 0.0, 1.1], yaw: 0.0 } applied=true
[lighting-sequence] frame=3356 action=Move { key: 1000, position: [1.713, 0.0, 1.1], yaw: 0.0 } applied=true
[lighting-sequence] frame=3357 action=Move { key: 1000, position: [1.7135, 0.0, 1.1], yaw: 0.0 } applied=true
[lighting-sequence] frame=3358 action=Move { key: 1000, position: [1.714, 0.0, 1.1], yaw: 0.0 } applied=true
[lighting-sequence] frame=3359 action=Move { key: 1000, position: [1.7145, 0.0, 1.1], yaw: 0.0 } applied=true
[lighting-sequence] frame=3360 action=Move { key: 1000, position: [1.715, 0.0, 1.1], yaw: 0.0 } applied=true
[lighting-sequence] frame=3361 action=Move { key: 1000, position: [1.7155, 0.0, 1.1], yaw: 0.0 } applied=true
[lighting-sequence] frame=3362 action=Move { key: 1000, position: [1.716, 0.0, 1.1], yaw: 0.0 } applied=true
[lighting-sequence] frame=3363 action=Move { key: 1000, position: [1.7165, 0.0, 1.1], yaw: 0.0 } applied=true
[lighting-sequence] frame=3364 action=Move { key: 1000, position: [1.717, 0.0, 1.1], yaw: 0.0 } applied=true
[lighting-sequence] frame=3365 action=Move { key: 1000, position: [1.7175, 0.0, 1.1], yaw: 0.0 } applied=true
[lighting-sequence] frame=3366 action=Move { key: 1000, position: [1.718, 0.0, 1.1], yaw: 0.0 } applied=true
[lighting-sequence] frame=3367 action=Move { key: 1000, position: [1.7185, 0.0, 1.1], yaw: 0.0 } applied=true
[lighting-sequence] frame=3368 action=Move { key: 1000, position: [1.719, 0.0, 1.1], yaw: 0.0 } applied=true
[lighting-sequence] frame=3369 action=Move { key: 1000, position: [1.7195, 0.0, 1.1], yaw: 0.0 } applied=true
[lighting-sequence] frame=3370 action=Move { key: 1000, position: [1.72, 0.0, 1.1], yaw: 0.0 } applied=true
[lighting-sequence] frame=3371 action=Move { key: 1000, position: [1.7205, 0.0, 1.1], yaw: 0.0 } applied=true
[lighting-sequence] frame=3372 action=Move { key: 1000, position: [1.721, 0.0, 1.1], yaw: 0.0 } applied=true
[lighting-sequence] frame=3373 action=Move { key: 1000, position: [1.7215, 0.0, 1.1], yaw: 0.0 } applied=true
[lighting-sequence] frame=3374 action=Move { key: 1000, position: [1.722, 0.0, 1.1], yaw: 0.0 } applied=true
[lighting-sequence] frame=3375 action=Move { key: 1000, position: [1.7225, 0.0, 1.1], yaw: 0.0 } applied=true
[lighting-sequence] frame=3376 action=Move { key: 1000, position: [1.723, 0.0, 1.1], yaw: 0.0 } applied=true
[lighting-sequence] frame=3377 action=Move { key: 1000, position: [1.7235, 0.0, 1.1], yaw: 0.0 } applied=true
[lighting-sequence] frame=3378 action=Move { key: 1000, position: [1.724, 0.0, 1.1], yaw: 0.0 } applied=true
[lighting-sequence] frame=3379 action=Move { key: 1000, position: [1.7245, 0.0, 1.1], yaw: 0.0 } applied=true
[lighting-sequence] frame=3380 action=Move { key: 1000, position: [1.725, 0.0, 1.1], yaw: 0.0 } applied=true
[lighting-sequence] frame=3381 action=Move { key: 1000, position: [1.7255, 0.0, 1.1], yaw: 0.0 } applied=true
[lighting-sequence] frame=3382 action=Move { key: 1000, position: [1.726, 0.0, 1.1], yaw: 0.0 } applied=true
[lighting-sequence] frame=3383 action=Move { key: 1000, position: [1.7265, 0.0, 1.1], yaw: 0.0 } applied=true
[lighting-sequence] frame=3384 action=Move { key: 1000, position: [1.727, 0.0, 1.1], yaw: 0.0 } applied=true
[lighting-sequence] frame=3385 action=Move { key: 1000, position: [1.7275, 0.0, 1.1], yaw: 0.0 } applied=true
[lighting-sequence] frame=3386 action=Move { key: 1000, position: [1.728, 0.0, 1.1], yaw: 0.0 } applied=true
[lighting-sequence] frame=3387 action=Move { key: 1000, position: [1.7285, 0.0, 1.1], yaw: 0.0 } applied=true
[lighting-sequence] frame=3388 action=Move { key: 1000, position: [1.729, 0.0, 1.1], yaw: 0.0 } applied=true
[lighting-sequence] frame=3389 action=Move { key: 1000, position: [1.7295, 0.0, 1.1], yaw: 0.0 } applied=true
[lighting-sequence] frame=3390 action=Move { key: 1000, position: [1.73, 0.0, 1.1], yaw: 0.0 } applied=true
[lighting-sequence] frame=3391 action=Move { key: 1000, position: [1.7305, 0.0, 1.1], yaw: 0.0 } applied=true
[lighting-sequence] frame=3392 action=Move { key: 1000, position: [1.731, 0.0, 1.1], yaw: 0.0 } applied=true
[lighting-sequence] frame=3393 action=Move { key: 1000, position: [1.7315, 0.0, 1.1], yaw: 0.0 } applied=true
[lighting-sequence] frame=3394 action=Move { key: 1000, position: [1.732, 0.0, 1.1], yaw: 0.0 } applied=true
[lighting-sequence] frame=3395 action=Move { key: 1000, position: [1.7325, 0.0, 1.1], yaw: 0.0 } applied=true
[lighting-sequence] frame=3396 action=Move { key: 1000, position: [1.733, 0.0, 1.1], yaw: 0.0 } applied=true
[lighting-sequence] frame=3397 action=Move { key: 1000, position: [1.7335, 0.0, 1.1], yaw: 0.0 } applied=true
[lighting-sequence] frame=3398 action=Move { key: 1000, position: [1.734, 0.0, 1.1], yaw: 0.0 } applied=true
[lighting-sequence] frame=3399 action=Move { key: 1000, position: [1.7345, 0.0, 1.1], yaw: 0.0 } applied=true
[lighting-sequence] frame=3400 action=Move { key: 1000, position: [1.735, 0.0, 1.1], yaw: 0.0 } applied=true
[lighting-sequence] frame=3401 action=Move { key: 1000, position: [1.7355, 0.0, 1.1], yaw: 0.0 } applied=true
[lighting-sequence] frame=3402 action=Move { key: 1000, position: [1.736, 0.0, 1.1], yaw: 0.0 } applied=true
[lighting-sequence] frame=3403 action=Move { key: 1000, position: [1.7365, 0.0, 1.1], yaw: 0.0 } applied=true
[lighting-sequence] frame=3404 action=Move { key: 1000, position: [1.737, 0.0, 1.1], yaw: 0.0 } applied=true
[lighting-sequence] frame=3405 action=Move { key: 1000, position: [1.7375, 0.0, 1.1], yaw: 0.0 } applied=true
[lighting-sequence] frame=3406 action=Move { key: 1000, position: [1.738, 0.0, 1.1], yaw: 0.0 } applied=true
[lighting-sequence] frame=3407 action=Move { key: 1000, position: [1.7385, 0.0, 1.1], yaw: 0.0 } applied=true
[lighting-sequence] frame=3408 action=Move { key: 1000, position: [1.739, 0.0, 1.1], yaw: 0.0 } applied=true
[lighting-sequence] frame=3409 action=Move { key: 1000, position: [1.7395, 0.0, 1.1], yaw: 0.0 } applied=true
[lighting-sequence] frame=3410 action=Move { key: 1000, position: [1.74, 0.0, 1.1], yaw: 0.0 } applied=true
[lighting-sequence] frame=3411 action=Move { key: 1000, position: [1.7405, 0.0, 1.1], yaw: 0.0 } applied=true
[lighting-sequence] frame=3412 action=Move { key: 1000, position: [1.741, 0.0, 1.1], yaw: 0.0 } applied=true
[lighting-sequence] frame=3413 action=Move { key: 1000, position: [1.7415, 0.0, 1.1], yaw: 0.0 } applied=true
[lighting-sequence] frame=3414 action=Move { key: 1000, position: [1.742, 0.0, 1.1], yaw: 0.0 } applied=true
[lighting-sequence] frame=3415 action=Move { key: 1000, position: [1.7425, 0.0, 1.1], yaw: 0.0 } applied=true
[lighting-sequence] frame=3416 action=Move { key: 1000, position: [1.743, 0.0, 1.1], yaw: 0.0 } applied=true
[lighting-sequence] frame=3417 action=Move { key: 1000, position: [1.7435, 0.0, 1.1], yaw: 0.0 } applied=true
[lighting-sequence] frame=3418 action=Move { key: 1000, position: [1.744, 0.0, 1.1], yaw: 0.0 } applied=true
[lighting-sequence] frame=3419 action=Move { key: 1000, position: [1.7445, 0.0, 1.1], yaw: 0.0 } applied=true
[lighting-sequence] frame=3420 action=Move { key: 1000, position: [1.745, 0.0, 1.1], yaw: 0.0 } applied=true
[lighting-sequence] frame=3421 action=Move { key: 1000, position: [1.7455, 0.0, 1.1], yaw: 0.0 } applied=true
[lighting-sequence] frame=3422 action=Move { key: 1000, position: [1.746, 0.0, 1.1], yaw: 0.0 } applied=true
[lighting-sequence] frame=3423 action=Move { key: 1000, position: [1.7465, 0.0, 1.1], yaw: 0.0 } applied=true
[lighting-sequence] frame=3424 action=Move { key: 1000, position: [1.747, 0.0, 1.1], yaw: 0.0 } applied=true
[lighting-sequence] frame=3425 action=Move { key: 1000, position: [1.7475, 0.0, 1.1], yaw: 0.0 } applied=true
[lighting-sequence] frame=3426 action=Move { key: 1000, position: [1.748, 0.0, 1.1], yaw: 0.0 } applied=true
[lighting-sequence] frame=3427 action=Move { key: 1000, position: [1.7485, 0.0, 1.1], yaw: 0.0 } applied=true
[lighting-sequence] frame=3428 action=Move { key: 1000, position: [1.749, 0.0, 1.1], yaw: 0.0 } applied=true
[lighting-sequence] frame=3429 action=Move { key: 1000, position: [1.7495, 0.0, 1.1], yaw: 0.0 } applied=true
[lighting-sequence] frame=3430 action=Move { key: 1000, position: [1.7, 0.0, 1.1], yaw: 0.0 } applied=true
[lighting-sequence] frame=3431 action=Move { key: 1000, position: [1.7005, 0.0, 1.1], yaw: 0.0 } applied=true
[lighting-sequence] frame=3432 action=Move { key: 1000, position: [1.701, 0.0, 1.1], yaw: 0.0 } applied=true
[lighting-sequence] frame=3433 action=Move { key: 1000, position: [1.7015, 0.0, 1.1], yaw: 0.0 } applied=true
[lighting-sequence] frame=3434 action=Move { key: 1000, position: [1.702, 0.0, 1.1], yaw: 0.0 } applied=true
[lighting-sequence] frame=3435 action=Move { key: 1000, position: [1.7025, 0.0, 1.1], yaw: 0.0 } applied=true
[lighting-sequence] frame=3436 action=Move { key: 1000, position: [1.703, 0.0, 1.1], yaw: 0.0 } applied=true
[lighting-sequence] frame=3437 action=Move { key: 1000, position: [1.7035, 0.0, 1.1], yaw: 0.0 } applied=true
[lighting-sequence] frame=3438 action=Move { key: 1000, position: [1.704, 0.0, 1.1], yaw: 0.0 } applied=true
[lighting-sequence] frame=3439 action=Move { key: 1000, position: [1.7045, 0.0, 1.1], yaw: 0.0 } applied=true
[lighting-sequence] frame=3440 action=Move { key: 1000, position: [1.705, 0.0, 1.1], yaw: 0.0 } applied=true
[lighting-sequence] frame=3441 action=Move { key: 1000, position: [1.7055, 0.0, 1.1], yaw: 0.0 } applied=true
[lighting-sequence] frame=3442 action=Move { key: 1000, position: [1.706, 0.0, 1.1], yaw: 0.0 } applied=true
[lighting-sequence] frame=3443 action=Move { key: 1000, position: [1.7065, 0.0, 1.1], yaw: 0.0 } applied=true
[lighting-sequence] frame=3444 action=Move { key: 1000, position: [1.707, 0.0, 1.1], yaw: 0.0 } applied=true
[lighting-sequence] frame=3445 action=Move { key: 1000, position: [1.7075, 0.0, 1.1], yaw: 0.0 } applied=true
[lighting-sequence] frame=3446 action=Move { key: 1000, position: [1.708, 0.0, 1.1], yaw: 0.0 } applied=true
[lighting-sequence] frame=3447 action=Move { key: 1000, position: [1.7085, 0.0, 1.1], yaw: 0.0 } applied=true
[lighting-sequence] frame=3448 action=Move { key: 1000, position: [1.709, 0.0, 1.1], yaw: 0.0 } applied=true
[lighting-sequence] frame=3449 action=Move { key: 1000, position: [1.7095, 0.0, 1.1], yaw: 0.0 } applied=true
[lighting-sequence] frame=3450 action=Move { key: 1000, position: [1.71, 0.0, 1.1], yaw: 0.0 } applied=true
[lighting-sequence] frame=3451 action=Move { key: 1000, position: [1.7105, 0.0, 1.1], yaw: 0.0 } applied=true
[lighting-sequence] frame=3452 action=Move { key: 1000, position: [1.711, 0.0, 1.1], yaw: 0.0 } applied=true
[lighting-sequence] frame=3453 action=Move { key: 1000, position: [1.7115, 0.0, 1.1], yaw: 0.0 } applied=true
[lighting-sequence] frame=3454 action=Move { key: 1000, position: [1.712, 0.0, 1.1], yaw: 0.0 } applied=true
[lighting-sequence] frame=3455 action=Move { key: 1000, position: [1.7125, 0.0, 1.1], yaw: 0.0 } applied=true
[lighting-sequence] frame=3456 action=Move { key: 1000, position: [1.713, 0.0, 1.1], yaw: 0.0 } applied=true
[lighting-sequence] frame=3457 action=Move { key: 1000, position: [1.7135, 0.0, 1.1], yaw: 0.0 } applied=true
[lighting-sequence] frame=3458 action=Move { key: 1000, position: [1.714, 0.0, 1.1], yaw: 0.0 } applied=true
[lighting-sequence] frame=3459 action=Move { key: 1000, position: [1.7145, 0.0, 1.1], yaw: 0.0 } applied=true
[lighting-sequence] frame=3460 action=Move { key: 1000, position: [1.715, 0.0, 1.1], yaw: 0.0 } applied=true
[lighting-sequence] frame=3461 action=Move { key: 1000, position: [1.7155, 0.0, 1.1], yaw: 0.0 } applied=true
[lighting-sequence] frame=3462 action=Move { key: 1000, position: [1.716, 0.0, 1.1], yaw: 0.0 } applied=true
[lighting-sequence] frame=3463 action=Move { key: 1000, position: [1.7165, 0.0, 1.1], yaw: 0.0 } applied=true
[lighting-sequence] frame=3464 action=Move { key: 1000, position: [1.717, 0.0, 1.1], yaw: 0.0 } applied=true
[lighting-sequence] frame=3465 action=Move { key: 1000, position: [1.7175, 0.0, 1.1], yaw: 0.0 } applied=true
[lighting-sequence] frame=3466 action=Move { key: 1000, position: [1.718, 0.0, 1.1], yaw: 0.0 } applied=true
[lighting-sequence] frame=3467 action=Move { key: 1000, position: [1.7185, 0.0, 1.1], yaw: 0.0 } applied=true
[lighting-sequence] frame=3468 action=Move { key: 1000, position: [1.719, 0.0, 1.1], yaw: 0.0 } applied=true
[lighting-sequence] frame=3469 action=Move { key: 1000, position: [1.7195, 0.0, 1.1], yaw: 0.0 } applied=true
[lighting-sequence] frame=3470 action=Move { key: 1000, position: [1.72, 0.0, 1.1], yaw: 0.0 } applied=true
[lighting-sequence] frame=3471 action=Move { key: 1000, position: [1.7205, 0.0, 1.1], yaw: 0.0 } applied=true
[lighting-sequence] frame=3472 action=Move { key: 1000, position: [1.721, 0.0, 1.1], yaw: 0.0 } applied=true
[lighting-sequence] frame=3473 action=Move { key: 1000, position: [1.7215, 0.0, 1.1], yaw: 0.0 } applied=true
[lighting-sequence] frame=3474 action=Move { key: 1000, position: [1.722, 0.0, 1.1], yaw: 0.0 } applied=true
[lighting-sequence] frame=3475 action=Move { key: 1000, position: [1.7225, 0.0, 1.1], yaw: 0.0 } applied=true
[lighting-sequence] frame=3476 action=Move { key: 1000, position: [1.723, 0.0, 1.1], yaw: 0.0 } applied=true
[lighting-sequence] frame=3477 action=Move { key: 1000, position: [1.7235, 0.0, 1.1], yaw: 0.0 } applied=true
[lighting-sequence] frame=3478 action=Move { key: 1000, position: [1.724, 0.0, 1.1], yaw: 0.0 } applied=true
[lighting-sequence] frame=3479 action=Move { key: 1000, position: [1.7245, 0.0, 1.1], yaw: 0.0 } applied=true
[lighting-sequence] frame=3480 action=Move { key: 1000, position: [1.725, 0.0, 1.1], yaw: 0.0 } applied=true
[lighting-sequence] frame=3481 action=Move { key: 1000, position: [1.7255, 0.0, 1.1], yaw: 0.0 } applied=true
[lighting-sequence] frame=3482 action=Move { key: 1000, position: [1.726, 0.0, 1.1], yaw: 0.0 } applied=true
[lighting-sequence] frame=3483 action=Move { key: 1000, position: [1.7265, 0.0, 1.1], yaw: 0.0 } applied=true
[lighting-sequence] frame=3484 action=Move { key: 1000, position: [1.727, 0.0, 1.1], yaw: 0.0 } applied=true
[lighting-sequence] frame=3485 action=Move { key: 1000, position: [1.7275, 0.0, 1.1], yaw: 0.0 } applied=true
[lighting-sequence] frame=3486 action=Move { key: 1000, position: [1.728, 0.0, 1.1], yaw: 0.0 } applied=true
[lighting-sequence] frame=3487 action=Move { key: 1000, position: [1.7285, 0.0, 1.1], yaw: 0.0 } applied=true
[lighting-sequence] frame=3488 action=Move { key: 1000, position: [1.729, 0.0, 1.1], yaw: 0.0 } applied=true
[lighting-sequence] frame=3489 action=Move { key: 1000, position: [1.7295, 0.0, 1.1], yaw: 0.0 } applied=true
[lighting-sequence] frame=3490 action=Move { key: 1000, position: [1.73, 0.0, 1.1], yaw: 0.0 } applied=true
[lighting-sequence] frame=3491 action=Move { key: 1000, position: [1.7305, 0.0, 1.1], yaw: 0.0 } applied=true
[lighting-sequence] frame=3492 action=Move { key: 1000, position: [1.731, 0.0, 1.1], yaw: 0.0 } applied=true
[lighting-sequence] frame=3493 action=Move { key: 1000, position: [1.7315, 0.0, 1.1], yaw: 0.0 } applied=true
[lighting-sequence] frame=3494 action=Move { key: 1000, position: [1.732, 0.0, 1.1], yaw: 0.0 } applied=true
[lighting-sequence] frame=3495 action=Move { key: 1000, position: [1.7325, 0.0, 1.1], yaw: 0.0 } applied=true
[lighting-sequence] frame=3496 action=Move { key: 1000, position: [1.733, 0.0, 1.1], yaw: 0.0 } applied=true
[lighting-sequence] frame=3497 action=Move { key: 1000, position: [1.7335, 0.0, 1.1], yaw: 0.0 } applied=true
[lighting-sequence] frame=3498 action=Move { key: 1000, position: [1.734, 0.0, 1.1], yaw: 0.0 } applied=true
[lighting-sequence] frame=3499 action=Move { key: 1000, position: [1.7345, 0.0, 1.1], yaw: 0.0 } applied=true
[lighting-sequence] frame=3500 action=Move { key: 1000, position: [1.735, 0.0, 1.1], yaw: 0.0 } applied=true
[lighting-sequence] frame=3501 action=Move { key: 1000, position: [1.7355, 0.0, 1.1], yaw: 0.0 } applied=true
[lighting-sequence] frame=3502 action=Move { key: 1000, position: [1.736, 0.0, 1.1], yaw: 0.0 } applied=true
[lighting-sequence] frame=3503 action=Move { key: 1000, position: [1.7365, 0.0, 1.1], yaw: 0.0 } applied=true
[lighting-sequence] frame=3504 action=Move { key: 1000, position: [1.737, 0.0, 1.1], yaw: 0.0 } applied=true
[lighting-sequence] frame=3505 action=Move { key: 1000, position: [1.7375, 0.0, 1.1], yaw: 0.0 } applied=true
[lighting-sequence] frame=3506 action=Move { key: 1000, position: [1.738, 0.0, 1.1], yaw: 0.0 } applied=true
[lighting-sequence] frame=3507 action=Move { key: 1000, position: [1.7385, 0.0, 1.1], yaw: 0.0 } applied=true
[lighting-sequence] frame=3508 action=Move { key: 1000, position: [1.739, 0.0, 1.1], yaw: 0.0 } applied=true
[lighting-sequence] frame=3509 action=Move { key: 1000, position: [1.7395, 0.0, 1.1], yaw: 0.0 } applied=true
[lighting-sequence] frame=3510 action=Move { key: 1000, position: [1.74, 0.0, 1.1], yaw: 0.0 } applied=true
[lighting-sequence] frame=3511 action=Move { key: 1000, position: [1.7405, 0.0, 1.1], yaw: 0.0 } applied=true
[lighting-sequence] frame=3512 action=Move { key: 1000, position: [1.741, 0.0, 1.1], yaw: 0.0 } applied=true
[lighting-sequence] frame=3513 action=Move { key: 1000, position: [1.7415, 0.0, 1.1], yaw: 0.0 } applied=true
[lighting-sequence] frame=3514 action=Move { key: 1000, position: [1.742, 0.0, 1.1], yaw: 0.0 } applied=true
[lighting-sequence] frame=3515 action=Move { key: 1000, position: [1.7425, 0.0, 1.1], yaw: 0.0 } applied=true
[lighting-sequence] frame=3516 action=Move { key: 1000, position: [1.743, 0.0, 1.1], yaw: 0.0 } applied=true
[lighting-sequence] frame=3517 action=Move { key: 1000, position: [1.7435, 0.0, 1.1], yaw: 0.0 } applied=true
[lighting-sequence] frame=3518 action=Move { key: 1000, position: [1.744, 0.0, 1.1], yaw: 0.0 } applied=true
[lighting-sequence] frame=3519 action=Move { key: 1000, position: [1.7445, 0.0, 1.1], yaw: 0.0 } applied=true
[lighting-sequence] frame=3520 action=Move { key: 1000, position: [1.745, 0.0, 1.1], yaw: 0.0 } applied=true
[lighting-sequence] frame=3521 action=Move { key: 1000, position: [1.7455, 0.0, 1.1], yaw: 0.0 } applied=true
[lighting-sequence] frame=3522 action=Move { key: 1000, position: [1.746, 0.0, 1.1], yaw: 0.0 } applied=true
[lighting-sequence] frame=3523 action=Move { key: 1000, position: [1.7465, 0.0, 1.1], yaw: 0.0 } applied=true
[lighting-sequence] frame=3524 action=Move { key: 1000, position: [1.747, 0.0, 1.1], yaw: 0.0 } applied=true
[lighting-sequence] frame=3525 action=Move { key: 1000, position: [1.7475, 0.0, 1.1], yaw: 0.0 } applied=true
[lighting-sequence] frame=3526 action=Move { key: 1000, position: [1.748, 0.0, 1.1], yaw: 0.0 } applied=true
[lighting-sequence] frame=3527 action=Move { key: 1000, position: [1.7485, 0.0, 1.1], yaw: 0.0 } applied=true
[lighting-sequence] frame=3528 action=Move { key: 1000, position: [1.749, 0.0, 1.1], yaw: 0.0 } applied=true
[lighting-sequence] frame=3529 action=Move { key: 1000, position: [1.7495, 0.0, 1.1], yaw: 0.0 } applied=true
[lighting-sequence] frame=3530 action=Move { key: 1000, position: [1.7, 0.0, 1.1], yaw: 0.0 } applied=true
[lighting-sequence] frame=3531 action=Move { key: 1000, position: [1.7005, 0.0, 1.1], yaw: 0.0 } applied=true
[lighting-sequence] frame=3532 action=Move { key: 1000, position: [1.701, 0.0, 1.1], yaw: 0.0 } applied=true
[lighting-sequence] frame=3533 action=Move { key: 1000, position: [1.7015, 0.0, 1.1], yaw: 0.0 } applied=true
[lighting-sequence] frame=3534 action=Move { key: 1000, position: [1.702, 0.0, 1.1], yaw: 0.0 } applied=true
[lighting-sequence] frame=3535 action=Move { key: 1000, position: [1.7025, 0.0, 1.1], yaw: 0.0 } applied=true
[lighting-sequence] frame=3536 action=Move { key: 1000, position: [1.703, 0.0, 1.1], yaw: 0.0 } applied=true
[lighting-sequence] frame=3537 action=Move { key: 1000, position: [1.7035, 0.0, 1.1], yaw: 0.0 } applied=true
[lighting-sequence] frame=3538 action=Move { key: 1000, position: [1.704, 0.0, 1.1], yaw: 0.0 } applied=true
[lighting-sequence] frame=3539 action=Move { key: 1000, position: [1.7045, 0.0, 1.1], yaw: 0.0 } applied=true
[lighting-sequence] frame=3540 action=Move { key: 1000, position: [1.705, 0.0, 1.1], yaw: 0.0 } applied=true
[lighting-sequence] frame=3541 action=Move { key: 1000, position: [1.7055, 0.0, 1.1], yaw: 0.0 } applied=true
[lighting-sequence] frame=3542 action=Move { key: 1000, position: [1.706, 0.0, 1.1], yaw: 0.0 } applied=true
[lighting-sequence] frame=3543 action=Move { key: 1000, position: [1.7065, 0.0, 1.1], yaw: 0.0 } applied=true
[lighting-sequence] frame=3544 action=Move { key: 1000, position: [1.707, 0.0, 1.1], yaw: 0.0 } applied=true
[lighting-sequence] frame=3545 action=Move { key: 1000, position: [1.7075, 0.0, 1.1], yaw: 0.0 } applied=true
[lighting-sequence] frame=3546 action=Move { key: 1000, position: [1.708, 0.0, 1.1], yaw: 0.0 } applied=true
[lighting-sequence] frame=3547 action=Move { key: 1000, position: [1.7085, 0.0, 1.1], yaw: 0.0 } applied=true
[lighting-sequence] frame=3548 action=Move { key: 1000, position: [1.709, 0.0, 1.1], yaw: 0.0 } applied=true
[lighting-sequence] frame=3549 action=Move { key: 1000, position: [1.7095, 0.0, 1.1], yaw: 0.0 } applied=true
[lighting-sequence] frame=3550 action=Move { key: 1000, position: [1.71, 0.0, 1.1], yaw: 0.0 } applied=true
[lighting-sequence] frame=3551 action=Move { key: 1000, position: [1.7105, 0.0, 1.1], yaw: 0.0 } applied=true
[lighting-sequence] frame=3552 action=Move { key: 1000, position: [1.711, 0.0, 1.1], yaw: 0.0 } applied=true
[lighting-sequence] frame=3553 action=Move { key: 1000, position: [1.7115, 0.0, 1.1], yaw: 0.0 } applied=true
[lighting-sequence] frame=3554 action=Move { key: 1000, position: [1.712, 0.0, 1.1], yaw: 0.0 } applied=true
[lighting-sequence] frame=3555 action=Move { key: 1000, position: [1.7125, 0.0, 1.1], yaw: 0.0 } applied=true
[lighting-sequence] frame=3556 action=Move { key: 1000, position: [1.713, 0.0, 1.1], yaw: 0.0 } applied=true
[lighting-sequence] frame=3557 action=Move { key: 1000, position: [1.7135, 0.0, 1.1], yaw: 0.0 } applied=true
[lighting-sequence] frame=3558 action=Move { key: 1000, position: [1.714, 0.0, 1.1], yaw: 0.0 } applied=true
[lighting-sequence] frame=3559 action=Move { key: 1000, position: [1.7145, 0.0, 1.1], yaw: 0.0 } applied=true
[lighting-sequence] frame=3560 action=Move { key: 1000, position: [1.715, 0.0, 1.1], yaw: 0.0 } applied=true
[lighting-sequence] frame=3561 action=Move { key: 1000, position: [1.7155, 0.0, 1.1], yaw: 0.0 } applied=true
[lighting-sequence] frame=3562 action=Move { key: 1000, position: [1.716, 0.0, 1.1], yaw: 0.0 } applied=true
[lighting-sequence] frame=3563 action=Move { key: 1000, position: [1.7165, 0.0, 1.1], yaw: 0.0 } applied=true
[lighting-sequence] frame=3564 action=Move { key: 1000, position: [1.717, 0.0, 1.1], yaw: 0.0 } applied=true
[lighting-sequence] frame=3565 action=Move { key: 1000, position: [1.7175, 0.0, 1.1], yaw: 0.0 } applied=true
[lighting-sequence] frame=3566 action=Move { key: 1000, position: [1.718, 0.0, 1.1], yaw: 0.0 } applied=true
[lighting-sequence] frame=3567 action=Move { key: 1000, position: [1.7185, 0.0, 1.1], yaw: 0.0 } applied=true
[lighting-sequence] frame=3568 action=Move { key: 1000, position: [1.719, 0.0, 1.1], yaw: 0.0 } applied=true
[lighting-sequence] frame=3569 action=Move { key: 1000, position: [1.7195, 0.0, 1.1], yaw: 0.0 } applied=true
[lighting-sequence] frame=3570 action=Move { key: 1000, position: [1.72, 0.0, 1.1], yaw: 0.0 } applied=true
[lighting-sequence] frame=3571 action=Move { key: 1000, position: [1.7205, 0.0, 1.1], yaw: 0.0 } applied=true
[lighting-sequence] frame=3572 action=Move { key: 1000, position: [1.721, 0.0, 1.1], yaw: 0.0 } applied=true
[lighting-sequence] frame=3573 action=Move { key: 1000, position: [1.7215, 0.0, 1.1], yaw: 0.0 } applied=true
[lighting-sequence] frame=3574 action=Move { key: 1000, position: [1.722, 0.0, 1.1], yaw: 0.0 } applied=true
[lighting-sequence] frame=3575 action=Move { key: 1000, position: [1.7225, 0.0, 1.1], yaw: 0.0 } applied=true
[lighting-sequence] frame=3576 action=Move { key: 1000, position: [1.723, 0.0, 1.1], yaw: 0.0 } applied=true
[lighting-sequence] frame=3577 action=Move { key: 1000, position: [1.7235, 0.0, 1.1], yaw: 0.0 } applied=true
[lighting-sequence] frame=3578 action=Move { key: 1000, position: [1.724, 0.0, 1.1], yaw: 0.0 } applied=true
[lighting-sequence] frame=3579 action=Move { key: 1000, position: [1.7245, 0.0, 1.1], yaw: 0.0 } applied=true
[lighting-sequence] frame=3580 action=Move { key: 1000, position: [1.725, 0.0, 1.1], yaw: 0.0 } applied=true
[lighting-sequence] frame=3581 action=Move { key: 1000, position: [1.7255, 0.0, 1.1], yaw: 0.0 } applied=true
[lighting-sequence] frame=3582 action=Move { key: 1000, position: [1.726, 0.0, 1.1], yaw: 0.0 } applied=true
[lighting-sequence] frame=3583 action=Move { key: 1000, position: [1.7265, 0.0, 1.1], yaw: 0.0 } applied=true
[lighting-sequence] frame=3584 action=Move { key: 1000, position: [1.727, 0.0, 1.1], yaw: 0.0 } applied=true
[lighting-sequence] frame=3585 action=Move { key: 1000, position: [1.7275, 0.0, 1.1], yaw: 0.0 } applied=true
[lighting-sequence] frame=3586 action=Move { key: 1000, position: [1.728, 0.0, 1.1], yaw: 0.0 } applied=true
[lighting-sequence] frame=3587 action=Move { key: 1000, position: [1.7285, 0.0, 1.1], yaw: 0.0 } applied=true
[lighting-sequence] frame=3588 action=Move { key: 1000, position: [1.729, 0.0, 1.1], yaw: 0.0 } applied=true
[lighting-sequence] frame=3589 action=Move { key: 1000, position: [1.7295, 0.0, 1.1], yaw: 0.0 } applied=true
[lighting-sequence] frame=3590 action=Move { key: 1000, position: [1.73, 0.0, 1.1], yaw: 0.0 } applied=true
[lighting-sequence] frame=3591 action=Move { key: 1000, position: [1.7305, 0.0, 1.1], yaw: 0.0 } applied=true
[lighting-sequence] frame=3592 action=Move { key: 1000, position: [1.731, 0.0, 1.1], yaw: 0.0 } applied=true
[lighting-sequence] frame=3593 action=Move { key: 1000, position: [1.7315, 0.0, 1.1], yaw: 0.0 } applied=true
[lighting-sequence] frame=3594 action=Move { key: 1000, position: [1.732, 0.0, 1.1], yaw: 0.0 } applied=true
[lighting-sequence] frame=3595 action=Move { key: 1000, position: [1.7325, 0.0, 1.1], yaw: 0.0 } applied=true
[lighting-sequence] frame=3596 action=Move { key: 1000, position: [1.733, 0.0, 1.1], yaw: 0.0 } applied=true
[lighting-sequence] frame=3597 action=Move { key: 1000, position: [1.7335, 0.0, 1.1], yaw: 0.0 } applied=true
[lighting-sequence] frame=3598 action=Move { key: 1000, position: [1.734, 0.0, 1.1], yaw: 0.0 } applied=true
[lighting-sequence] frame=3599 action=Move { key: 1000, position: [1.7345, 0.0, 1.1], yaw: 0.0 } applied=true
[lighting-sequence] frame=3600 action=Move { key: 1000, position: [1.735, 0.0, 1.1], yaw: 0.0 } applied=true
[lighting-sequence] frame=3601 action=Move { key: 1000, position: [1.7355, 0.0, 1.1], yaw: 0.0 } applied=true
[lighting-sequence] frame=3602 action=Move { key: 1000, position: [1.736, 0.0, 1.1], yaw: 0.0 } applied=true
[lighting-sequence] frame=3603 action=Move { key: 1000, position: [1.7365, 0.0, 1.1], yaw: 0.0 } applied=true
[lighting-sequence] frame=3604 action=Move { key: 1000, position: [1.737, 0.0, 1.1], yaw: 0.0 } applied=true
[lighting-sequence] frame=3605 action=Move { key: 1000, position: [1.7375, 0.0, 1.1], yaw: 0.0 } applied=true
[lighting-sequence] frame=3606 action=Move { key: 1000, position: [1.738, 0.0, 1.1], yaw: 0.0 } applied=true
[lighting-sequence] frame=3607 action=Move { key: 1000, position: [1.7385, 0.0, 1.1], yaw: 0.0 } applied=true
[lighting-sequence] frame=3608 action=Move { key: 1000, position: [1.739, 0.0, 1.1], yaw: 0.0 } applied=true
[lighting-sequence] frame=3609 action=Move { key: 1000, position: [1.7395, 0.0, 1.1], yaw: 0.0 } applied=true
[lighting-sequence] frame=3610 action=Move { key: 1000, position: [1.74, 0.0, 1.1], yaw: 0.0 } applied=true
[lighting-sequence] frame=3611 action=Move { key: 1000, position: [1.7405, 0.0, 1.1], yaw: 0.0 } applied=true
[lighting-sequence] frame=3612 action=Move { key: 1000, position: [1.741, 0.0, 1.1], yaw: 0.0 } applied=true
[lighting-sequence] frame=3613 action=Move { key: 1000, position: [1.7415, 0.0, 1.1], yaw: 0.0 } applied=true
[lighting-sequence] frame=3614 action=Move { key: 1000, position: [1.742, 0.0, 1.1], yaw: 0.0 } applied=true
[lighting-sequence] frame=3615 action=Move { key: 1000, position: [1.7425, 0.0, 1.1], yaw: 0.0 } applied=true
[lighting-sequence] frame=3616 action=Move { key: 1000, position: [1.743, 0.0, 1.1], yaw: 0.0 } applied=true
[lighting-sequence] frame=3617 action=Move { key: 1000, position: [1.7435, 0.0, 1.1], yaw: 0.0 } applied=true
[lighting-sequence] frame=3618 action=Move { key: 1000, position: [1.744, 0.0, 1.1], yaw: 0.0 } applied=true
[lighting-sequence] frame=3619 action=Move { key: 1000, position: [1.7445, 0.0, 1.1], yaw: 0.0 } applied=true
[lighting-sequence] frame=3620 action=Move { key: 1000, position: [1.745, 0.0, 1.1], yaw: 0.0 } applied=true
[lighting-sequence] frame=3621 action=Move { key: 1000, position: [1.7455, 0.0, 1.1], yaw: 0.0 } applied=true
[lighting-sequence] frame=3622 action=Move { key: 1000, position: [1.746, 0.0, 1.1], yaw: 0.0 } applied=true
[lighting-sequence] frame=3623 action=Move { key: 1000, position: [1.7465, 0.0, 1.1], yaw: 0.0 } applied=true
[lighting-sequence] frame=3624 action=Move { key: 1000, position: [1.747, 0.0, 1.1], yaw: 0.0 } applied=true
[lighting-sequence] frame=3625 action=Move { key: 1000, position: [1.7475, 0.0, 1.1], yaw: 0.0 } applied=true
[lighting-sequence] frame=3626 action=Move { key: 1000, position: [1.748, 0.0, 1.1], yaw: 0.0 } applied=true
[lighting-sequence] frame=3627 action=Move { key: 1000, position: [1.7485, 0.0, 1.1], yaw: 0.0 } applied=true
[lighting-sequence] frame=3628 action=Move { key: 1000, position: [1.749, 0.0, 1.1], yaw: 0.0 } applied=true
[lighting-sequence] frame=3629 action=Move { key: 1000, position: [1.7495, 0.0, 1.1], yaw: 0.0 } applied=true
[lighting-sequence] frame=3630 action=Move { key: 1000, position: [1.7, 0.0, 1.1], yaw: 0.0 } applied=true
[lighting-sequence] frame=3631 action=Move { key: 1000, position: [1.7005, 0.0, 1.1], yaw: 0.0 } applied=true
[lighting-sequence] frame=3632 action=Move { key: 1000, position: [1.701, 0.0, 1.1], yaw: 0.0 } applied=true
[lighting-sequence] frame=3633 action=Move { key: 1000, position: [1.7015, 0.0, 1.1], yaw: 0.0 } applied=true
[lighting-sequence] frame=3634 action=Move { key: 1000, position: [1.702, 0.0, 1.1], yaw: 0.0 } applied=true
[lighting-sequence] frame=3635 action=Move { key: 1000, position: [1.7025, 0.0, 1.1], yaw: 0.0 } applied=true
[lighting-sequence] frame=3636 action=Move { key: 1000, position: [1.703, 0.0, 1.1], yaw: 0.0 } applied=true
[lighting-sequence] frame=3637 action=Move { key: 1000, position: [1.7035, 0.0, 1.1], yaw: 0.0 } applied=true
[lighting-sequence] frame=3638 action=Move { key: 1000, position: [1.704, 0.0, 1.1], yaw: 0.0 } applied=true
[lighting-sequence] frame=3639 action=Move { key: 1000, position: [1.7045, 0.0, 1.1], yaw: 0.0 } applied=true
[lighting-sequence] frame=3640 action=Move { key: 1000, position: [1.705, 0.0, 1.1], yaw: 0.0 } applied=true
[lighting-sequence] frame=3641 action=Move { key: 1000, position: [1.7055, 0.0, 1.1], yaw: 0.0 } applied=true
[lighting-sequence] frame=3642 action=Move { key: 1000, position: [1.706, 0.0, 1.1], yaw: 0.0 } applied=true
[lighting-sequence] frame=3643 action=Move { key: 1000, position: [1.7065, 0.0, 1.1], yaw: 0.0 } applied=true
[lighting-sequence] frame=3644 action=Move { key: 1000, position: [1.707, 0.0, 1.1], yaw: 0.0 } applied=true
[lighting-sequence] frame=3645 action=Move { key: 1000, position: [1.7075, 0.0, 1.1], yaw: 0.0 } applied=true
[lighting-sequence] frame=3646 action=Move { key: 1000, position: [1.708, 0.0, 1.1], yaw: 0.0 } applied=true
[lighting-sequence] frame=3647 action=Move { key: 1000, position: [1.7085, 0.0, 1.1], yaw: 0.0 } applied=true
[lighting-sequence] frame=3648 action=Move { key: 1000, position: [1.709, 0.0, 1.1], yaw: 0.0 } applied=true
[lighting-sequence] frame=3649 action=Move { key: 1000, position: [1.7095, 0.0, 1.1], yaw: 0.0 } applied=true
[lighting-sequence] frame=3650 action=Move { key: 1000, position: [1.71, 0.0, 1.1], yaw: 0.0 } applied=true
[lighting-sequence] frame=3651 action=Move { key: 1000, position: [1.7105, 0.0, 1.1], yaw: 0.0 } applied=true
[lighting-sequence] frame=3652 action=Move { key: 1000, position: [1.711, 0.0, 1.1], yaw: 0.0 } applied=true
[lighting-sequence] frame=3653 action=Move { key: 1000, position: [1.7115, 0.0, 1.1], yaw: 0.0 } applied=true
[lighting-sequence] frame=3654 action=Move { key: 1000, position: [1.712, 0.0, 1.1], yaw: 0.0 } applied=true
[lighting-sequence] frame=3655 action=Move { key: 1000, position: [1.7125, 0.0, 1.1], yaw: 0.0 } applied=true
[lighting-sequence] frame=3656 action=Move { key: 1000, position: [1.713, 0.0, 1.1], yaw: 0.0 } applied=true
[lighting-sequence] frame=3657 action=Move { key: 1000, position: [1.7135, 0.0, 1.1], yaw: 0.0 } applied=true
[lighting-sequence] frame=3658 action=Move { key: 1000, position: [1.714, 0.0, 1.1], yaw: 0.0 } applied=true
[lighting-sequence] frame=3659 action=Move { key: 1000, position: [1.7145, 0.0, 1.1], yaw: 0.0 } applied=true
[lighting-sequence] frame=3660 action=Move { key: 1000, position: [1.715, 0.0, 1.1], yaw: 0.0 } applied=true
[lighting-sequence] frame=3661 action=Move { key: 1000, position: [1.7155, 0.0, 1.1], yaw: 0.0 } applied=true
[lighting-sequence] frame=3662 action=Move { key: 1000, position: [1.716, 0.0, 1.1], yaw: 0.0 } applied=true
[lighting-sequence] frame=3663 action=Move { key: 1000, position: [1.7165, 0.0, 1.1], yaw: 0.0 } applied=true
[lighting-sequence] frame=3664 action=Move { key: 1000, position: [1.717, 0.0, 1.1], yaw: 0.0 } applied=true
[lighting-sequence] frame=3665 action=Move { key: 1000, position: [1.7175, 0.0, 1.1], yaw: 0.0 } applied=true
[lighting-sequence] frame=3666 action=Move { key: 1000, position: [1.718, 0.0, 1.1], yaw: 0.0 } applied=true
[lighting-sequence] frame=3667 action=Move { key: 1000, position: [1.7185, 0.0, 1.1], yaw: 0.0 } applied=true
[lighting-sequence] frame=3668 action=Move { key: 1000, position: [1.719, 0.0, 1.1], yaw: 0.0 } applied=true
[lighting-sequence] frame=3669 action=Move { key: 1000, position: [1.7195, 0.0, 1.1], yaw: 0.0 } applied=true
[lighting-sequence] frame=3670 action=Move { key: 1000, position: [1.72, 0.0, 1.1], yaw: 0.0 } applied=true
[lighting-sequence] frame=3671 action=Move { key: 1000, position: [1.7205, 0.0, 1.1], yaw: 0.0 } applied=true
[lighting-sequence] frame=3672 action=Move { key: 1000, position: [1.721, 0.0, 1.1], yaw: 0.0 } applied=true
[lighting-sequence] frame=3673 action=Move { key: 1000, position: [1.7215, 0.0, 1.1], yaw: 0.0 } applied=true
[lighting-sequence] frame=3674 action=Move { key: 1000, position: [1.722, 0.0, 1.1], yaw: 0.0 } applied=true
[lighting-sequence] frame=3675 action=Move { key: 1000, position: [1.7225, 0.0, 1.1], yaw: 0.0 } applied=true
[lighting-sequence] frame=3676 action=Move { key: 1000, position: [1.723, 0.0, 1.1], yaw: 0.0 } applied=true
[lighting-sequence] frame=3677 action=Move { key: 1000, position: [1.7235, 0.0, 1.1], yaw: 0.0 } applied=true
[lighting-sequence] frame=3678 action=Move { key: 1000, position: [1.724, 0.0, 1.1], yaw: 0.0 } applied=true
[lighting-sequence] frame=3679 action=Move { key: 1000, position: [1.7245, 0.0, 1.1], yaw: 0.0 } applied=true
[lighting-sequence] frame=3680 action=Move { key: 1000, position: [1.725, 0.0, 1.1], yaw: 0.0 } applied=true
[lighting-sequence] frame=3681 action=Move { key: 1000, position: [1.7255, 0.0, 1.1], yaw: 0.0 } applied=true
[lighting-sequence] frame=3682 action=Move { key: 1000, position: [1.726, 0.0, 1.1], yaw: 0.0 } applied=true
[lighting-sequence] frame=3683 action=Move { key: 1000, position: [1.7265, 0.0, 1.1], yaw: 0.0 } applied=true
[lighting-sequence] frame=3684 action=Move { key: 1000, position: [1.727, 0.0, 1.1], yaw: 0.0 } applied=true
[lighting-sequence] frame=3685 action=Move { key: 1000, position: [1.7275, 0.0, 1.1], yaw: 0.0 } applied=true
[lighting-sequence] frame=3686 action=Move { key: 1000, position: [1.728, 0.0, 1.1], yaw: 0.0 } applied=true
[lighting-sequence] frame=3687 action=Move { key: 1000, position: [1.7285, 0.0, 1.1], yaw: 0.0 } applied=true
[lighting-sequence] frame=3688 action=Move { key: 1000, position: [1.729, 0.0, 1.1], yaw: 0.0 } applied=true
[lighting-sequence] frame=3689 action=Move { key: 1000, position: [1.7295, 0.0, 1.1], yaw: 0.0 } applied=true
[lighting-sequence] frame=3690 action=Move { key: 1000, position: [1.73, 0.0, 1.1], yaw: 0.0 } applied=true
[lighting-sequence] frame=3691 action=Move { key: 1000, position: [1.7305, 0.0, 1.1], yaw: 0.0 } applied=true
[lighting-sequence] frame=3692 action=Move { key: 1000, position: [1.731, 0.0, 1.1], yaw: 0.0 } applied=true
[lighting-sequence] frame=3693 action=Move { key: 1000, position: [1.7315, 0.0, 1.1], yaw: 0.0 } applied=true
[lighting-sequence] frame=3694 action=Move { key: 1000, position: [1.732, 0.0, 1.1], yaw: 0.0 } applied=true
[lighting-sequence] frame=3695 action=Move { key: 1000, position: [1.7325, 0.0, 1.1], yaw: 0.0 } applied=true
[lighting-sequence] frame=3696 action=Move { key: 1000, position: [1.733, 0.0, 1.1], yaw: 0.0 } applied=true
[lighting-sequence] frame=3697 action=Move { key: 1000, position: [1.7335, 0.0, 1.1], yaw: 0.0 } applied=true
[lighting-sequence] frame=3698 action=Move { key: 1000, position: [1.734, 0.0, 1.1], yaw: 0.0 } applied=true
[lighting-sequence] frame=3699 action=Move { key: 1000, position: [1.7345, 0.0, 1.1], yaw: 0.0 } applied=true
[lighting-sequence] frame=3700 action=Move { key: 1000, position: [1.735, 0.0, 1.1], yaw: 0.0 } applied=true
[lighting-sequence] frame=3701 action=Move { key: 1000, position: [1.7355, 0.0, 1.1], yaw: 0.0 } applied=true
[lighting-sequence] frame=3702 action=Move { key: 1000, position: [1.736, 0.0, 1.1], yaw: 0.0 } applied=true
[lighting-sequence] frame=3703 action=Move { key: 1000, position: [1.7365, 0.0, 1.1], yaw: 0.0 } applied=true
[lighting-sequence] frame=3704 action=Move { key: 1000, position: [1.737, 0.0, 1.1], yaw: 0.0 } applied=true
[lighting-sequence] frame=3705 action=Move { key: 1000, position: [1.7375, 0.0, 1.1], yaw: 0.0 } applied=true
[lighting-sequence] frame=3706 action=Move { key: 1000, position: [1.738, 0.0, 1.1], yaw: 0.0 } applied=true
[lighting-sequence] frame=3707 action=Move { key: 1000, position: [1.7385, 0.0, 1.1], yaw: 0.0 } applied=true
[lighting-sequence] frame=3708 action=Move { key: 1000, position: [1.739, 0.0, 1.1], yaw: 0.0 } applied=true
[lighting-sequence] frame=3709 action=Move { key: 1000, position: [1.7395, 0.0, 1.1], yaw: 0.0 } applied=true
[lighting-sequence] frame=3710 action=Move { key: 1000, position: [1.74, 0.0, 1.1], yaw: 0.0 } applied=true
[lighting-sequence] frame=3711 action=Move { key: 1000, position: [1.7405, 0.0, 1.1], yaw: 0.0 } applied=true
[lighting-sequence] frame=3712 action=Move { key: 1000, position: [1.741, 0.0, 1.1], yaw: 0.0 } applied=true
[lighting-sequence] frame=3713 action=Move { key: 1000, position: [1.7415, 0.0, 1.1], yaw: 0.0 } applied=true
[lighting-sequence] frame=3714 action=Move { key: 1000, position: [1.742, 0.0, 1.1], yaw: 0.0 } applied=true
[lighting-sequence] frame=3715 action=Move { key: 1000, position: [1.7425, 0.0, 1.1], yaw: 0.0 } applied=true
[lighting-sequence] frame=3716 action=Move { key: 1000, position: [1.743, 0.0, 1.1], yaw: 0.0 } applied=true
[lighting-sequence] frame=3717 action=Move { key: 1000, position: [1.7435, 0.0, 1.1], yaw: 0.0 } applied=true
[lighting-sequence] frame=3718 action=Move { key: 1000, position: [1.744, 0.0, 1.1], yaw: 0.0 } applied=true
[lighting-sequence] frame=3719 action=Move { key: 1000, position: [1.7445, 0.0, 1.1], yaw: 0.0 } applied=true
[lighting-sequence] frame=3720 action=Move { key: 1000, position: [1.745, 0.0, 1.1], yaw: 0.0 } applied=true
[lighting-sequence] frame=3721 action=Move { key: 1000, position: [1.7455, 0.0, 1.1], yaw: 0.0 } applied=true
[lighting-sequence] frame=3722 action=Move { key: 1000, position: [1.746, 0.0, 1.1], yaw: 0.0 } applied=true
[lighting-sequence] frame=3723 action=Move { key: 1000, position: [1.7465, 0.0, 1.1], yaw: 0.0 } applied=true
[lighting-sequence] frame=3724 action=Move { key: 1000, position: [1.747, 0.0, 1.1], yaw: 0.0 } applied=true
[lighting-sequence] frame=3725 action=Move { key: 1000, position: [1.7475, 0.0, 1.1], yaw: 0.0 } applied=true
[lighting-sequence] frame=3726 action=Move { key: 1000, position: [1.748, 0.0, 1.1], yaw: 0.0 } applied=true
[lighting-sequence] frame=3727 action=Move { key: 1000, position: [1.7485, 0.0, 1.1], yaw: 0.0 } applied=true
[lighting-sequence] frame=3728 action=Move { key: 1000, position: [1.749, 0.0, 1.1], yaw: 0.0 } applied=true
[lighting-sequence] frame=3729 action=Move { key: 1000, position: [1.7495, 0.0, 1.1], yaw: 0.0 } applied=true
[lighting-sequence] frame=3730 action=Move { key: 1000, position: [1.7, 0.0, 1.1], yaw: 0.0 } applied=true
[lighting-sequence] frame=3731 action=Move { key: 1000, position: [1.7005, 0.0, 1.1], yaw: 0.0 } applied=true
[lighting-sequence] frame=3732 action=Move { key: 1000, position: [1.701, 0.0, 1.1], yaw: 0.0 } applied=true
[lighting-sequence] frame=3733 action=Move { key: 1000, position: [1.7015, 0.0, 1.1], yaw: 0.0 } applied=true
[lighting-sequence] frame=3734 action=Move { key: 1000, position: [1.702, 0.0, 1.1], yaw: 0.0 } applied=true
[lighting-sequence] frame=3735 action=Move { key: 1000, position: [1.7025, 0.0, 1.1], yaw: 0.0 } applied=true
[lighting-sequence] frame=3736 action=Move { key: 1000, position: [1.703, 0.0, 1.1], yaw: 0.0 } applied=true
[lighting-sequence] frame=3737 action=Move { key: 1000, position: [1.7035, 0.0, 1.1], yaw: 0.0 } applied=true
[lighting-sequence] frame=3738 action=Move { key: 1000, position: [1.704, 0.0, 1.1], yaw: 0.0 } applied=true
[lighting-sequence] frame=3739 action=Move { key: 1000, position: [1.7045, 0.0, 1.1], yaw: 0.0 } applied=true
[lighting-sequence] frame=3740 action=Move { key: 1000, position: [1.705, 0.0, 1.1], yaw: 0.0 } applied=true
[lighting-sequence] frame=3741 action=Move { key: 1000, position: [1.7055, 0.0, 1.1], yaw: 0.0 } applied=true
[lighting-sequence] frame=3742 action=Move { key: 1000, position: [1.706, 0.0, 1.1], yaw: 0.0 } applied=true
[lighting-sequence] frame=3743 action=Move { key: 1000, position: [1.7065, 0.0, 1.1], yaw: 0.0 } applied=true
[lighting-sequence] frame=3744 action=Move { key: 1000, position: [1.707, 0.0, 1.1], yaw: 0.0 } applied=true
[lighting-sequence] frame=3745 action=Move { key: 1000, position: [1.7075, 0.0, 1.1], yaw: 0.0 } applied=true
[lighting-sequence] frame=3746 action=Move { key: 1000, position: [1.708, 0.0, 1.1], yaw: 0.0 } applied=true
[lighting-sequence] frame=3747 action=Move { key: 1000, position: [1.7085, 0.0, 1.1], yaw: 0.0 } applied=true
[lighting-sequence] frame=3748 action=Move { key: 1000, position: [1.709, 0.0, 1.1], yaw: 0.0 } applied=true
[lighting-sequence] frame=3749 action=Move { key: 1000, position: [1.7095, 0.0, 1.1], yaw: 0.0 } applied=true
[lighting-sequence] frame=3750 action=Move { key: 1000, position: [1.71, 0.0, 1.1], yaw: 0.0 } applied=true
[lighting-sequence] frame=3751 action=Move { key: 1000, position: [1.7105, 0.0, 1.1], yaw: 0.0 } applied=true
[lighting-sequence] frame=3752 action=Move { key: 1000, position: [1.711, 0.0, 1.1], yaw: 0.0 } applied=true
[lighting-sequence] frame=3753 action=Move { key: 1000, position: [1.7115, 0.0, 1.1], yaw: 0.0 } applied=true
[lighting-sequence] frame=3754 action=Move { key: 1000, position: [1.712, 0.0, 1.1], yaw: 0.0 } applied=true
[lighting-sequence] frame=3755 action=Move { key: 1000, position: [1.7125, 0.0, 1.1], yaw: 0.0 } applied=true
[lighting-sequence] frame=3756 action=Move { key: 1000, position: [1.713, 0.0, 1.1], yaw: 0.0 } applied=true
[lighting-sequence] frame=3757 action=Move { key: 1000, position: [1.7135, 0.0, 1.1], yaw: 0.0 } applied=true
[lighting-sequence] frame=3758 action=Move { key: 1000, position: [1.714, 0.0, 1.1], yaw: 0.0 } applied=true
[lighting-sequence] frame=3759 action=Move { key: 1000, position: [1.7145, 0.0, 1.1], yaw: 0.0 } applied=true
[lighting-sequence] frame=3760 action=Move { key: 1000, position: [1.715, 0.0, 1.1], yaw: 0.0 } applied=true
[lighting-sequence] frame=3761 action=Move { key: 1000, position: [1.7155, 0.0, 1.1], yaw: 0.0 } applied=true
[lighting-sequence] frame=3762 action=Move { key: 1000, position: [1.716, 0.0, 1.1], yaw: 0.0 } applied=true
[lighting-sequence] frame=3763 action=Move { key: 1000, position: [1.7165, 0.0, 1.1], yaw: 0.0 } applied=true
[lighting-sequence] frame=3764 action=Move { key: 1000, position: [1.717, 0.0, 1.1], yaw: 0.0 } applied=true
[lighting-sequence] frame=3765 action=Move { key: 1000, position: [1.7175, 0.0, 1.1], yaw: 0.0 } applied=true
[lighting-sequence] frame=3766 action=Move { key: 1000, position: [1.718, 0.0, 1.1], yaw: 0.0 } applied=true
[lighting-sequence] frame=3767 action=Move { key: 1000, position: [1.7185, 0.0, 1.1], yaw: 0.0 } applied=true
[lighting-sequence] frame=3768 action=Move { key: 1000, position: [1.719, 0.0, 1.1], yaw: 0.0 } applied=true
[lighting-sequence] frame=3769 action=Move { key: 1000, position: [1.7195, 0.0, 1.1], yaw: 0.0 } applied=true
[lighting-sequence] frame=3770 action=Move { key: 1000, position: [1.72, 0.0, 1.1], yaw: 0.0 } applied=true
[lighting-sequence] frame=3771 action=Move { key: 1000, position: [1.7205, 0.0, 1.1], yaw: 0.0 } applied=true
[lighting-sequence] frame=3772 action=Move { key: 1000, position: [1.721, 0.0, 1.1], yaw: 0.0 } applied=true
[lighting-sequence] frame=3773 action=Move { key: 1000, position: [1.7215, 0.0, 1.1], yaw: 0.0 } applied=true
[lighting-sequence] frame=3774 action=Move { key: 1000, position: [1.722, 0.0, 1.1], yaw: 0.0 } applied=true
[lighting-sequence] frame=3775 action=Move { key: 1000, position: [1.7225, 0.0, 1.1], yaw: 0.0 } applied=true
[lighting-sequence] frame=3776 action=Move { key: 1000, position: [1.723, 0.0, 1.1], yaw: 0.0 } applied=true
[lighting-sequence] frame=3777 action=Move { key: 1000, position: [1.7235, 0.0, 1.1], yaw: 0.0 } applied=true
[lighting-sequence] frame=3778 action=Move { key: 1000, position: [1.724, 0.0, 1.1], yaw: 0.0 } applied=true
[lighting-sequence] frame=3779 action=Move { key: 1000, position: [1.7245, 0.0, 1.1], yaw: 0.0 } applied=true
[lighting-sequence] frame=3780 action=Move { key: 1000, position: [1.725, 0.0, 1.1], yaw: 0.0 } applied=true
[lighting-sequence] frame=3781 action=Move { key: 1000, position: [1.7255, 0.0, 1.1], yaw: 0.0 } applied=true
[lighting-sequence] frame=3782 action=Move { key: 1000, position: [1.726, 0.0, 1.1], yaw: 0.0 } applied=true
[lighting-sequence] frame=3783 action=Move { key: 1000, position: [1.7265, 0.0, 1.1], yaw: 0.0 } applied=true
[lighting-sequence] frame=3784 action=Move { key: 1000, position: [1.727, 0.0, 1.1], yaw: 0.0 } applied=true
[lighting-sequence] frame=3785 action=Move { key: 1000, position: [1.7275, 0.0, 1.1], yaw: 0.0 } applied=true
[lighting-sequence] frame=3786 action=Move { key: 1000, position: [1.728, 0.0, 1.1], yaw: 0.0 } applied=true
[lighting-sequence] frame=3787 action=Move { key: 1000, position: [1.7285, 0.0, 1.1], yaw: 0.0 } applied=true
[lighting-sequence] frame=3788 action=Move { key: 1000, position: [1.729, 0.0, 1.1], yaw: 0.0 } applied=true
[lighting-sequence] frame=3789 action=Move { key: 1000, position: [1.7295, 0.0, 1.1], yaw: 0.0 } applied=true
[lighting-sequence] frame=3790 action=Move { key: 1000, position: [1.73, 0.0, 1.1], yaw: 0.0 } applied=true
[lighting-sequence] frame=3791 action=Move { key: 1000, position: [1.7305, 0.0, 1.1], yaw: 0.0 } applied=true
[lighting-sequence] frame=3792 action=Move { key: 1000, position: [1.731, 0.0, 1.1], yaw: 0.0 } applied=true
[lighting-sequence] frame=3793 action=Move { key: 1000, position: [1.7315, 0.0, 1.1], yaw: 0.0 } applied=true
[lighting-sequence] frame=3794 action=Move { key: 1000, position: [1.732, 0.0, 1.1], yaw: 0.0 } applied=true
[lighting-sequence] frame=3795 action=Move { key: 1000, position: [1.7325, 0.0, 1.1], yaw: 0.0 } applied=true
[lighting-sequence] frame=3796 action=Move { key: 1000, position: [1.733, 0.0, 1.1], yaw: 0.0 } applied=true
[lighting-sequence] frame=3797 action=Move { key: 1000, position: [1.7335, 0.0, 1.1], yaw: 0.0 } applied=true
[lighting-sequence] frame=3798 action=Move { key: 1000, position: [1.734, 0.0, 1.1], yaw: 0.0 } applied=true
[lighting-sequence] frame=3799 action=Move { key: 1000, position: [1.7345, 0.0, 1.1], yaw: 0.0 } applied=true
[lighting-sequence] frame=3800 action=Move { key: 1000, position: [1.735, 0.0, 1.1], yaw: 0.0 } applied=true
[lighting-sequence] frame=3801 action=Move { key: 1000, position: [1.7355, 0.0, 1.1], yaw: 0.0 } applied=true
[lighting-sequence] frame=3802 action=Move { key: 1000, position: [1.736, 0.0, 1.1], yaw: 0.0 } applied=true
[lighting-sequence] frame=3803 action=Move { key: 1000, position: [1.7365, 0.0, 1.1], yaw: 0.0 } applied=true
[lighting-sequence] frame=3804 action=Move { key: 1000, position: [1.737, 0.0, 1.1], yaw: 0.0 } applied=true
[lighting-sequence] frame=3805 action=Move { key: 1000, position: [1.7375, 0.0, 1.1], yaw: 0.0 } applied=true
[lighting-sequence] frame=3806 action=Move { key: 1000, position: [1.738, 0.0, 1.1], yaw: 0.0 } applied=true
[lighting-sequence] frame=3807 action=Move { key: 1000, position: [1.7385, 0.0, 1.1], yaw: 0.0 } applied=true
[lighting-sequence] frame=3808 action=Move { key: 1000, position: [1.739, 0.0, 1.1], yaw: 0.0 } applied=true
[lighting-sequence] frame=3809 action=Move { key: 1000, position: [1.7395, 0.0, 1.1], yaw: 0.0 } applied=true
[lighting-sequence] frame=3810 action=Move { key: 1000, position: [1.74, 0.0, 1.1], yaw: 0.0 } applied=true
[lighting-sequence] frame=3811 action=Move { key: 1000, position: [1.7405, 0.0, 1.1], yaw: 0.0 } applied=true
[lighting-sequence] frame=3812 action=Move { key: 1000, position: [1.741, 0.0, 1.1], yaw: 0.0 } applied=true
[lighting-sequence] frame=3813 action=Move { key: 1000, position: [1.7415, 0.0, 1.1], yaw: 0.0 } applied=true
[lighting-sequence] frame=3814 action=Move { key: 1000, position: [1.742, 0.0, 1.1], yaw: 0.0 } applied=true
[lighting-sequence] frame=3815 action=Move { key: 1000, position: [1.7425, 0.0, 1.1], yaw: 0.0 } applied=true
[lighting-sequence] frame=3816 action=Move { key: 1000, position: [1.743, 0.0, 1.1], yaw: 0.0 } applied=true
[lighting-sequence] frame=3817 action=Move { key: 1000, position: [1.7435, 0.0, 1.1], yaw: 0.0 } applied=true
[lighting-sequence] frame=3818 action=Move { key: 1000, position: [1.744, 0.0, 1.1], yaw: 0.0 } applied=true
[lighting-sequence] frame=3819 action=Move { key: 1000, position: [1.7445, 0.0, 1.1], yaw: 0.0 } applied=true
[lighting-sequence] frame=3820 action=Move { key: 1000, position: [1.745, 0.0, 1.1], yaw: 0.0 } applied=true
[lighting-sequence] frame=3821 action=Move { key: 1000, position: [1.7455, 0.0, 1.1], yaw: 0.0 } applied=true
[lighting-sequence] frame=3822 action=Move { key: 1000, position: [1.746, 0.0, 1.1], yaw: 0.0 } applied=true
[lighting-sequence] frame=3823 action=Move { key: 1000, position: [1.7465, 0.0, 1.1], yaw: 0.0 } applied=true
[lighting-sequence] frame=3824 action=Move { key: 1000, position: [1.747, 0.0, 1.1], yaw: 0.0 } applied=true
[lighting-sequence] frame=3825 action=Move { key: 1000, position: [1.7475, 0.0, 1.1], yaw: 0.0 } applied=true
[lighting-sequence] frame=3826 action=Move { key: 1000, position: [1.748, 0.0, 1.1], yaw: 0.0 } applied=true
[lighting-sequence] frame=3827 action=Move { key: 1000, position: [1.7485, 0.0, 1.1], yaw: 0.0 } applied=true
[lighting-sequence] frame=3828 action=Move { key: 1000, position: [1.749, 0.0, 1.1], yaw: 0.0 } applied=true
[lighting-sequence] frame=3829 action=Move { key: 1000, position: [1.7495, 0.0, 1.1], yaw: 0.0 } applied=true
[lighting-sequence] frame=3830 action=Move { key: 1000, position: [1.7, 0.0, 1.1], yaw: 0.0 } applied=true
[lighting-sequence] frame=3831 action=Move { key: 1000, position: [1.7005, 0.0, 1.1], yaw: 0.0 } applied=true
[lighting-sequence] frame=3832 action=Move { key: 1000, position: [1.701, 0.0, 1.1], yaw: 0.0 } applied=true
[lighting-sequence] frame=3833 action=Move { key: 1000, position: [1.7015, 0.0, 1.1], yaw: 0.0 } applied=true
[lighting-sequence] frame=3834 action=Move { key: 1000, position: [1.702, 0.0, 1.1], yaw: 0.0 } applied=true
[lighting-sequence] frame=3835 action=Move { key: 1000, position: [1.7025, 0.0, 1.1], yaw: 0.0 } applied=true
[lighting-sequence] frame=3836 action=Move { key: 1000, position: [1.703, 0.0, 1.1], yaw: 0.0 } applied=true
[lighting-sequence] frame=3837 action=Move { key: 1000, position: [1.7035, 0.0, 1.1], yaw: 0.0 } applied=true
[lighting-sequence] frame=3838 action=Move { key: 1000, position: [1.704, 0.0, 1.1], yaw: 0.0 } applied=true
[lighting-sequence] frame=3839 action=Move { key: 1000, position: [1.7045, 0.0, 1.1], yaw: 0.0 } applied=true
[lighting-sequence] frame=3840 action=Move { key: 1000, position: [1.705, 0.0, 1.1], yaw: 0.0 } applied=true
[lighting-sequence] frame=3841 action=Move { key: 1000, position: [1.7055, 0.0, 1.1], yaw: 0.0 } applied=true
[lighting-sequence] frame=3842 action=Move { key: 1000, position: [1.706, 0.0, 1.1], yaw: 0.0 } applied=true
[lighting-sequence] frame=3843 action=Move { key: 1000, position: [1.7065, 0.0, 1.1], yaw: 0.0 } applied=true
[lighting-sequence] frame=3844 action=Move { key: 1000, position: [1.707, 0.0, 1.1], yaw: 0.0 } applied=true
[lighting-sequence] frame=3845 action=Move { key: 1000, position: [1.7075, 0.0, 1.1], yaw: 0.0 } applied=true
[lighting-sequence] frame=3846 action=Move { key: 1000, position: [1.708, 0.0, 1.1], yaw: 0.0 } applied=true
[lighting-sequence] frame=3847 action=Move { key: 1000, position: [1.7085, 0.0, 1.1], yaw: 0.0 } applied=true
[lighting-sequence] frame=3848 action=Move { key: 1000, position: [1.709, 0.0, 1.1], yaw: 0.0 } applied=true
[lighting-sequence] frame=3849 action=Move { key: 1000, position: [1.7095, 0.0, 1.1], yaw: 0.0 } applied=true
[lighting-sequence] frame=3850 action=Move { key: 1000, position: [1.71, 0.0, 1.1], yaw: 0.0 } applied=true
[lighting-sequence] frame=3851 action=Move { key: 1000, position: [1.7105, 0.0, 1.1], yaw: 0.0 } applied=true
[lighting-sequence] frame=3852 action=Move { key: 1000, position: [1.711, 0.0, 1.1], yaw: 0.0 } applied=true
[lighting-sequence] frame=3853 action=Move { key: 1000, position: [1.7115, 0.0, 1.1], yaw: 0.0 } applied=true
[lighting-sequence] frame=3854 action=Move { key: 1000, position: [1.712, 0.0, 1.1], yaw: 0.0 } applied=true
[lighting-sequence] frame=3855 action=Move { key: 1000, position: [1.7125, 0.0, 1.1], yaw: 0.0 } applied=true
[lighting-sequence] frame=3856 action=Move { key: 1000, position: [1.713, 0.0, 1.1], yaw: 0.0 } applied=true
[lighting-sequence] frame=3857 action=Move { key: 1000, position: [1.7135, 0.0, 1.1], yaw: 0.0 } applied=true
[lighting-sequence] frame=3858 action=Move { key: 1000, position: [1.714, 0.0, 1.1], yaw: 0.0 } applied=true
[lighting-sequence] frame=3859 action=Move { key: 1000, position: [1.7145, 0.0, 1.1], yaw: 0.0 } applied=true
[lighting-sequence] frame=3860 action=Move { key: 1000, position: [1.715, 0.0, 1.1], yaw: 0.0 } applied=true
[lighting-sequence] frame=3861 action=Move { key: 1000, position: [1.7155, 0.0, 1.1], yaw: 0.0 } applied=true
[lighting-sequence] frame=3862 action=Move { key: 1000, position: [1.716, 0.0, 1.1], yaw: 0.0 } applied=true
[lighting-sequence] frame=3863 action=Move { key: 1000, position: [1.7165, 0.0, 1.1], yaw: 0.0 } applied=true
[lighting-sequence] frame=3864 action=Move { key: 1000, position: [1.717, 0.0, 1.1], yaw: 0.0 } applied=true
[lighting-sequence] frame=3865 action=Move { key: 1000, position: [1.7175, 0.0, 1.1], yaw: 0.0 } applied=true
[lighting-sequence] frame=3866 action=Move { key: 1000, position: [1.718, 0.0, 1.1], yaw: 0.0 } applied=true
[lighting-sequence] frame=3867 action=Move { key: 1000, position: [1.7185, 0.0, 1.1], yaw: 0.0 } applied=true
[lighting-sequence] frame=3868 action=Move { key: 1000, position: [1.719, 0.0, 1.1], yaw: 0.0 } applied=true
[lighting-sequence] frame=3869 action=Move { key: 1000, position: [1.7195, 0.0, 1.1], yaw: 0.0 } applied=true
[lighting-sequence] frame=3870 action=Move { key: 1000, position: [1.72, 0.0, 1.1], yaw: 0.0 } applied=true
[lighting-sequence] frame=3871 action=Move { key: 1000, position: [1.7205, 0.0, 1.1], yaw: 0.0 } applied=true
[lighting-sequence] frame=3872 action=Move { key: 1000, position: [1.721, 0.0, 1.1], yaw: 0.0 } applied=true
[lighting-sequence] frame=3873 action=Move { key: 1000, position: [1.7215, 0.0, 1.1], yaw: 0.0 } applied=true
[lighting-sequence] frame=3874 action=Move { key: 1000, position: [1.722, 0.0, 1.1], yaw: 0.0 } applied=true
[lighting-sequence] frame=3875 action=Move { key: 1000, position: [1.7225, 0.0, 1.1], yaw: 0.0 } applied=true
[lighting-sequence] frame=3876 action=Move { key: 1000, position: [1.723, 0.0, 1.1], yaw: 0.0 } applied=true
[lighting-sequence] frame=3877 action=Move { key: 1000, position: [1.7235, 0.0, 1.1], yaw: 0.0 } applied=true
[lighting-sequence] frame=3878 action=Move { key: 1000, position: [1.724, 0.0, 1.1], yaw: 0.0 } applied=true
[lighting-sequence] frame=3879 action=Move { key: 1000, position: [1.7245, 0.0, 1.1], yaw: 0.0 } applied=true
[lighting-sequence] frame=3880 action=Move { key: 1000, position: [1.725, 0.0, 1.1], yaw: 0.0 } applied=true
[lighting-sequence] frame=3881 action=Move { key: 1000, position: [1.7255, 0.0, 1.1], yaw: 0.0 } applied=true
[lighting-sequence] frame=3882 action=Move { key: 1000, position: [1.726, 0.0, 1.1], yaw: 0.0 } applied=true
[lighting-sequence] frame=3883 action=Move { key: 1000, position: [1.7265, 0.0, 1.1], yaw: 0.0 } applied=true
[lighting-sequence] frame=3884 action=Move { key: 1000, position: [1.727, 0.0, 1.1], yaw: 0.0 } applied=true
[lighting-sequence] frame=3885 action=Move { key: 1000, position: [1.7275, 0.0, 1.1], yaw: 0.0 } applied=true
[lighting-sequence] frame=3886 action=Move { key: 1000, position: [1.728, 0.0, 1.1], yaw: 0.0 } applied=true
[lighting-sequence] frame=3887 action=Move { key: 1000, position: [1.7285, 0.0, 1.1], yaw: 0.0 } applied=true
[lighting-sequence] frame=3888 action=Move { key: 1000, position: [1.729, 0.0, 1.1], yaw: 0.0 } applied=true
[lighting-sequence] frame=3889 action=Move { key: 1000, position: [1.7295, 0.0, 1.1], yaw: 0.0 } applied=true
[lighting-sequence] frame=3890 action=Move { key: 1000, position: [1.73, 0.0, 1.1], yaw: 0.0 } applied=true
[lighting-sequence] frame=3891 action=Move { key: 1000, position: [1.7305, 0.0, 1.1], yaw: 0.0 } applied=true
[lighting-sequence] frame=3892 action=Move { key: 1000, position: [1.731, 0.0, 1.1], yaw: 0.0 } applied=true
[lighting-sequence] frame=3893 action=Move { key: 1000, position: [1.7315, 0.0, 1.1], yaw: 0.0 } applied=true
[lighting-sequence] frame=3894 action=Move { key: 1000, position: [1.732, 0.0, 1.1], yaw: 0.0 } applied=true
[lighting-sequence] frame=3895 action=Move { key: 1000, position: [1.7325, 0.0, 1.1], yaw: 0.0 } applied=true
[lighting-sequence] frame=3896 action=Move { key: 1000, position: [1.733, 0.0, 1.1], yaw: 0.0 } applied=true
[lighting-sequence] frame=3897 action=Move { key: 1000, position: [1.7335, 0.0, 1.1], yaw: 0.0 } applied=true
[lighting-sequence] frame=3898 action=Move { key: 1000, position: [1.734, 0.0, 1.1], yaw: 0.0 } applied=true
[lighting-sequence] frame=3899 action=Move { key: 1000, position: [1.7345, 0.0, 1.1], yaw: 0.0 } applied=true
[lighting-sequence] frame=3900 action=Move { key: 1000, position: [1.735, 0.0, 1.1], yaw: 0.0 } applied=true
[lighting-sequence] frame=3901 action=Move { key: 1000, position: [1.7355, 0.0, 1.1], yaw: 0.0 } applied=true
[lighting-sequence] frame=3902 action=Move { key: 1000, position: [1.736, 0.0, 1.1], yaw: 0.0 } applied=true
[lighting-sequence] frame=3903 action=Move { key: 1000, position: [1.7365, 0.0, 1.1], yaw: 0.0 } applied=true
[lighting-sequence] frame=3904 action=Move { key: 1000, position: [1.737, 0.0, 1.1], yaw: 0.0 } applied=true
[lighting-sequence] frame=3905 action=Move { key: 1000, position: [1.7375, 0.0, 1.1], yaw: 0.0 } applied=true
[lighting-sequence] frame=3906 action=Move { key: 1000, position: [1.738, 0.0, 1.1], yaw: 0.0 } applied=true
[lighting-sequence] frame=3907 action=Move { key: 1000, position: [1.7385, 0.0, 1.1], yaw: 0.0 } applied=true
[lighting-sequence] frame=3908 action=Move { key: 1000, position: [1.739, 0.0, 1.1], yaw: 0.0 } applied=true
[lighting-sequence] frame=3909 action=Move { key: 1000, position: [1.7395, 0.0, 1.1], yaw: 0.0 } applied=true
[lighting-sequence] frame=3910 action=Move { key: 1000, position: [1.74, 0.0, 1.1], yaw: 0.0 } applied=true
[lighting-sequence] frame=3911 action=Move { key: 1000, position: [1.7405, 0.0, 1.1], yaw: 0.0 } applied=true
[lighting-sequence] frame=3912 action=Move { key: 1000, position: [1.741, 0.0, 1.1], yaw: 0.0 } applied=true
[lighting-sequence] frame=3913 action=Move { key: 1000, position: [1.7415, 0.0, 1.1], yaw: 0.0 } applied=true
[lighting-sequence] frame=3914 action=Move { key: 1000, position: [1.742, 0.0, 1.1], yaw: 0.0 } applied=true
[lighting-sequence] frame=3915 action=Move { key: 1000, position: [1.7425, 0.0, 1.1], yaw: 0.0 } applied=true
[lighting-sequence] frame=3916 action=Move { key: 1000, position: [1.743, 0.0, 1.1], yaw: 0.0 } applied=true
[lighting-sequence] frame=3917 action=Move { key: 1000, position: [1.7435, 0.0, 1.1], yaw: 0.0 } applied=true
[lighting-sequence] frame=3918 action=Move { key: 1000, position: [1.744, 0.0, 1.1], yaw: 0.0 } applied=true
[lighting-sequence] frame=3919 action=Move { key: 1000, position: [1.7445, 0.0, 1.1], yaw: 0.0 } applied=true
[lighting-sequence] frame=3920 action=Move { key: 1000, position: [1.745, 0.0, 1.1], yaw: 0.0 } applied=true
[lighting-sequence] frame=3921 action=Move { key: 1000, position: [1.7455, 0.0, 1.1], yaw: 0.0 } applied=true
[lighting-sequence] frame=3922 action=Move { key: 1000, position: [1.746, 0.0, 1.1], yaw: 0.0 } applied=true
[lighting-sequence] frame=3923 action=Move { key: 1000, position: [1.7465, 0.0, 1.1], yaw: 0.0 } applied=true
[lighting-sequence] frame=3924 action=Move { key: 1000, position: [1.747, 0.0, 1.1], yaw: 0.0 } applied=true
[lighting-sequence] frame=3925 action=Move { key: 1000, position: [1.7475, 0.0, 1.1], yaw: 0.0 } applied=true
[lighting-sequence] frame=3926 action=Move { key: 1000, position: [1.748, 0.0, 1.1], yaw: 0.0 } applied=true
[lighting-sequence] frame=3927 action=Move { key: 1000, position: [1.7485, 0.0, 1.1], yaw: 0.0 } applied=true
[lighting-sequence] frame=3928 action=Move { key: 1000, position: [1.749, 0.0, 1.1], yaw: 0.0 } applied=true
[lighting-sequence] frame=3929 action=Move { key: 1000, position: [1.7495, 0.0, 1.1], yaw: 0.0 } applied=true
[lighting-sequence] frame=3930 action=Move { key: 1000, position: [1.7, 0.0, 1.1], yaw: 0.0 } applied=true
[lighting-sequence] frame=3931 action=Move { key: 1000, position: [1.7005, 0.0, 1.1], yaw: 0.0 } applied=true
[lighting-sequence] frame=3932 action=Move { key: 1000, position: [1.701, 0.0, 1.1], yaw: 0.0 } applied=true
[lighting-sequence] frame=3933 action=Move { key: 1000, position: [1.7015, 0.0, 1.1], yaw: 0.0 } applied=true
[lighting-sequence] frame=3934 action=Move { key: 1000, position: [1.702, 0.0, 1.1], yaw: 0.0 } applied=true
[lighting-sequence] frame=3935 action=Move { key: 1000, position: [1.7025, 0.0, 1.1], yaw: 0.0 } applied=true
[lighting-sequence] frame=3936 action=Move { key: 1000, position: [1.703, 0.0, 1.1], yaw: 0.0 } applied=true
[lighting-sequence] frame=3937 action=Move { key: 1000, position: [1.7035, 0.0, 1.1], yaw: 0.0 } applied=true
[lighting-sequence] frame=3938 action=Move { key: 1000, position: [1.704, 0.0, 1.1], yaw: 0.0 } applied=true
[lighting-sequence] frame=3939 action=Move { key: 1000, position: [1.7045, 0.0, 1.1], yaw: 0.0 } applied=true
[lighting-sequence] frame=3940 action=Move { key: 1000, position: [1.705, 0.0, 1.1], yaw: 0.0 } applied=true
[lighting-sequence] frame=3941 action=Move { key: 1000, position: [1.7055, 0.0, 1.1], yaw: 0.0 } applied=true
[lighting-sequence] frame=3942 action=Move { key: 1000, position: [1.706, 0.0, 1.1], yaw: 0.0 } applied=true
[lighting-sequence] frame=3943 action=Move { key: 1000, position: [1.7065, 0.0, 1.1], yaw: 0.0 } applied=true
[lighting-sequence] frame=3944 action=Move { key: 1000, position: [1.707, 0.0, 1.1], yaw: 0.0 } applied=true
[lighting-sequence] frame=3945 action=Move { key: 1000, position: [1.7075, 0.0, 1.1], yaw: 0.0 } applied=true
[lighting-sequence] frame=3946 action=Move { key: 1000, position: [1.708, 0.0, 1.1], yaw: 0.0 } applied=true
[lighting-sequence] frame=3947 action=Move { key: 1000, position: [1.7085, 0.0, 1.1], yaw: 0.0 } applied=true
[lighting-sequence] frame=3948 action=Move { key: 1000, position: [1.709, 0.0, 1.1], yaw: 0.0 } applied=true
[lighting-sequence] frame=3949 action=Move { key: 1000, position: [1.7095, 0.0, 1.1], yaw: 0.0 } applied=true
[lighting-sequence] frame=3950 action=Move { key: 1000, position: [1.71, 0.0, 1.1], yaw: 0.0 } applied=true
[lighting-sequence] frame=3951 action=Move { key: 1000, position: [1.7105, 0.0, 1.1], yaw: 0.0 } applied=true
[lighting-sequence] frame=3952 action=Move { key: 1000, position: [1.711, 0.0, 1.1], yaw: 0.0 } applied=true
[lighting-sequence] frame=3953 action=Move { key: 1000, position: [1.7115, 0.0, 1.1], yaw: 0.0 } applied=true
[lighting-sequence] frame=3954 action=Move { key: 1000, position: [1.712, 0.0, 1.1], yaw: 0.0 } applied=true
[lighting-sequence] frame=3955 action=Move { key: 1000, position: [1.7125, 0.0, 1.1], yaw: 0.0 } applied=true
[lighting-sequence] frame=3956 action=Move { key: 1000, position: [1.713, 0.0, 1.1], yaw: 0.0 } applied=true
[lighting-sequence] frame=3957 action=Move { key: 1000, position: [1.7135, 0.0, 1.1], yaw: 0.0 } applied=true
[lighting-sequence] frame=3958 action=Move { key: 1000, position: [1.714, 0.0, 1.1], yaw: 0.0 } applied=true
[lighting-sequence] frame=3959 action=Move { key: 1000, position: [1.7145, 0.0, 1.1], yaw: 0.0 } applied=true
[lighting-sequence] frame=3960 action=Move { key: 1000, position: [1.715, 0.0, 1.1], yaw: 0.0 } applied=true
[lighting-sequence] frame=3961 action=Move { key: 1000, position: [1.7155, 0.0, 1.1], yaw: 0.0 } applied=true
[lighting-sequence] frame=3962 action=Move { key: 1000, position: [1.716, 0.0, 1.1], yaw: 0.0 } applied=true
[lighting-sequence] frame=3963 action=Move { key: 1000, position: [1.7165, 0.0, 1.1], yaw: 0.0 } applied=true
[lighting-sequence] frame=3964 action=Move { key: 1000, position: [1.717, 0.0, 1.1], yaw: 0.0 } applied=true
[lighting-sequence] frame=3965 action=Move { key: 1000, position: [1.7175, 0.0, 1.1], yaw: 0.0 } applied=true
[lighting-sequence] frame=3966 action=Move { key: 1000, position: [1.718, 0.0, 1.1], yaw: 0.0 } applied=true
[lighting-sequence] frame=3967 action=Move { key: 1000, position: [1.7185, 0.0, 1.1], yaw: 0.0 } applied=true
[lighting-sequence] frame=3968 action=Move { key: 1000, position: [1.719, 0.0, 1.1], yaw: 0.0 } applied=true
[lighting-sequence] frame=3969 action=Move { key: 1000, position: [1.7195, 0.0, 1.1], yaw: 0.0 } applied=true
[lighting-sequence] frame=3970 action=Move { key: 1000, position: [1.72, 0.0, 1.1], yaw: 0.0 } applied=true
[lighting-sequence] frame=3971 action=Move { key: 1000, position: [1.7205, 0.0, 1.1], yaw: 0.0 } applied=true
[lighting-sequence] frame=3972 action=Move { key: 1000, position: [1.721, 0.0, 1.1], yaw: 0.0 } applied=true
[lighting-sequence] frame=3973 action=Move { key: 1000, position: [1.7215, 0.0, 1.1], yaw: 0.0 } applied=true
[lighting-sequence] frame=3974 action=Move { key: 1000, position: [1.722, 0.0, 1.1], yaw: 0.0 } applied=true
[lighting-sequence] frame=3975 action=Move { key: 1000, position: [1.7225, 0.0, 1.1], yaw: 0.0 } applied=true
[lighting-sequence] frame=3976 action=Move { key: 1000, position: [1.723, 0.0, 1.1], yaw: 0.0 } applied=true
[lighting-sequence] frame=3977 action=Move { key: 1000, position: [1.7235, 0.0, 1.1], yaw: 0.0 } applied=true
[lighting-sequence] frame=3978 action=Move { key: 1000, position: [1.724, 0.0, 1.1], yaw: 0.0 } applied=true
[lighting-sequence] frame=3979 action=Move { key: 1000, position: [1.7245, 0.0, 1.1], yaw: 0.0 } applied=true
[lighting-sequence] frame=3980 action=Move { key: 1000, position: [1.725, 0.0, 1.1], yaw: 0.0 } applied=true
[lighting-sequence] frame=3981 action=Move { key: 1000, position: [1.7255, 0.0, 1.1], yaw: 0.0 } applied=true
[lighting-sequence] frame=3982 action=Move { key: 1000, position: [1.726, 0.0, 1.1], yaw: 0.0 } applied=true
[lighting-sequence] frame=3983 action=Move { key: 1000, position: [1.7265, 0.0, 1.1], yaw: 0.0 } applied=true
[lighting-sequence] frame=3984 action=Move { key: 1000, position: [1.727, 0.0, 1.1], yaw: 0.0 } applied=true
[lighting-sequence] frame=3985 action=Move { key: 1000, position: [1.7275, 0.0, 1.1], yaw: 0.0 } applied=true
[lighting-sequence] frame=3986 action=Move { key: 1000, position: [1.728, 0.0, 1.1], yaw: 0.0 } applied=true
[lighting-sequence] frame=3987 action=Move { key: 1000, position: [1.7285, 0.0, 1.1], yaw: 0.0 } applied=true
[lighting-sequence] frame=3988 action=Move { key: 1000, position: [1.729, 0.0, 1.1], yaw: 0.0 } applied=true
[lighting-sequence] frame=3989 action=Move { key: 1000, position: [1.7295, 0.0, 1.1], yaw: 0.0 } applied=true
[lighting-sequence] frame=3990 action=Move { key: 1000, position: [1.73, 0.0, 1.1], yaw: 0.0 } applied=true
[lighting-sequence] frame=3991 action=Move { key: 1000, position: [1.7305, 0.0, 1.1], yaw: 0.0 } applied=true
[lighting-sequence] frame=3992 action=Move { key: 1000, position: [1.731, 0.0, 1.1], yaw: 0.0 } applied=true
[lighting-sequence] frame=3993 action=Move { key: 1000, position: [1.7315, 0.0, 1.1], yaw: 0.0 } applied=true
[lighting-sequence] frame=3994 action=Move { key: 1000, position: [1.732, 0.0, 1.1], yaw: 0.0 } applied=true
[lighting-sequence] frame=3995 action=Move { key: 1000, position: [1.7325, 0.0, 1.1], yaw: 0.0 } applied=true
[lighting-sequence] frame=3996 action=Move { key: 1000, position: [1.733, 0.0, 1.1], yaw: 0.0 } applied=true
[lighting-sequence] frame=3997 action=Move { key: 1000, position: [1.7335, 0.0, 1.1], yaw: 0.0 } applied=true
[lighting-sequence] frame=3998 action=Move { key: 1000, position: [1.734, 0.0, 1.1], yaw: 0.0 } applied=true
[lighting-sequence] frame=3999 action=Move { key: 1000, position: [1.7345, 0.0, 1.1], yaw: 0.0 } applied=true
[lighting-sequence] frame=4000 action=Move { key: 1000, position: [1.735, 0.0, 1.1], yaw: 0.0 } applied=true
[lighting-sequence] frame=4001 action=Move { key: 1000, position: [1.7355, 0.0, 1.1], yaw: 0.0 } applied=true
[lighting-sequence] frame=4002 action=Move { key: 1000, position: [1.736, 0.0, 1.1], yaw: 0.0 } applied=true
[lighting-sequence] frame=4003 action=Move { key: 1000, position: [1.7365, 0.0, 1.1], yaw: 0.0 } applied=true
[lighting-sequence] frame=4004 action=Move { key: 1000, position: [1.737, 0.0, 1.1], yaw: 0.0 } applied=true
[lighting-sequence] frame=4005 action=Move { key: 1000, position: [1.7375, 0.0, 1.1], yaw: 0.0 } applied=true
[lighting-sequence] frame=4006 action=Move { key: 1000, position: [1.738, 0.0, 1.1], yaw: 0.0 } applied=true
[lighting-sequence] frame=4007 action=Move { key: 1000, position: [1.7385, 0.0, 1.1], yaw: 0.0 } applied=true
[lighting-sequence] frame=4008 action=Move { key: 1000, position: [1.739, 0.0, 1.1], yaw: 0.0 } applied=true
[lighting-sequence] frame=4009 action=Move { key: 1000, position: [1.7395, 0.0, 1.1], yaw: 0.0 } applied=true
[lighting-sequence] frame=4010 action=Move { key: 1000, position: [1.74, 0.0, 1.1], yaw: 0.0 } applied=true
[lighting-sequence] frame=4011 action=Move { key: 1000, position: [1.7405, 0.0, 1.1], yaw: 0.0 } applied=true
[lighting-sequence] frame=4012 action=Move { key: 1000, position: [1.741, 0.0, 1.1], yaw: 0.0 } applied=true
[lighting-sequence] frame=4013 action=Move { key: 1000, position: [1.7415, 0.0, 1.1], yaw: 0.0 } applied=true
[lighting-sequence] frame=4014 action=Move { key: 1000, position: [1.742, 0.0, 1.1], yaw: 0.0 } applied=true
[lighting-sequence] frame=4015 action=Move { key: 1000, position: [1.7425, 0.0, 1.1], yaw: 0.0 } applied=true
[lighting-sequence] frame=4016 action=Move { key: 1000, position: [1.743, 0.0, 1.1], yaw: 0.0 } applied=true
[lighting-sequence] frame=4017 action=Move { key: 1000, position: [1.7435, 0.0, 1.1], yaw: 0.0 } applied=true
[lighting-sequence] frame=4018 action=Move { key: 1000, position: [1.744, 0.0, 1.1], yaw: 0.0 } applied=true
[lighting-sequence] frame=4019 action=Move { key: 1000, position: [1.7445, 0.0, 1.1], yaw: 0.0 } applied=true
[lighting-sequence] frame=4020 action=Move { key: 1000, position: [1.745, 0.0, 1.1], yaw: 0.0 } applied=true
[lighting-sequence] frame=4021 action=Move { key: 1000, position: [1.7455, 0.0, 1.1], yaw: 0.0 } applied=true
[lighting-sequence] frame=4022 action=Move { key: 1000, position: [1.746, 0.0, 1.1], yaw: 0.0 } applied=true
[lighting-sequence] frame=4023 action=Move { key: 1000, position: [1.7465, 0.0, 1.1], yaw: 0.0 } applied=true
[lighting-sequence] frame=4024 action=Move { key: 1000, position: [1.747, 0.0, 1.1], yaw: 0.0 } applied=true
[lighting-sequence] frame=4025 action=Move { key: 1000, position: [1.7475, 0.0, 1.1], yaw: 0.0 } applied=true
[lighting-sequence] frame=4026 action=Move { key: 1000, position: [1.748, 0.0, 1.1], yaw: 0.0 } applied=true
[lighting-sequence] frame=4027 action=Move { key: 1000, position: [1.7485, 0.0, 1.1], yaw: 0.0 } applied=true
[lighting-sequence] frame=4028 action=Move { key: 1000, position: [1.749, 0.0, 1.1], yaw: 0.0 } applied=true
[lighting-sequence] frame=4029 action=Move { key: 1000, position: [1.7495, 0.0, 1.1], yaw: 0.0 } applied=true
[lighting-sequence] frame=4030 action=Move { key: 1000, position: [1.7, 0.0, 1.1], yaw: 0.0 } applied=true
[lighting-sequence] frame=4031 action=Move { key: 1000, position: [1.7005, 0.0, 1.1], yaw: 0.0 } applied=true
[lighting-sequence] frame=4032 action=Move { key: 1000, position: [1.701, 0.0, 1.1], yaw: 0.0 } applied=true
[lighting-sequence] frame=4033 action=Move { key: 1000, position: [1.7015, 0.0, 1.1], yaw: 0.0 } applied=true
[lighting-sequence] frame=4034 action=Move { key: 1000, position: [1.702, 0.0, 1.1], yaw: 0.0 } applied=true
[lighting-sequence] frame=4035 action=Move { key: 1000, position: [1.7025, 0.0, 1.1], yaw: 0.0 } applied=true
[lighting-sequence] frame=4036 action=Move { key: 1000, position: [1.703, 0.0, 1.1], yaw: 0.0 } applied=true
[lighting-sequence] frame=4037 action=Move { key: 1000, position: [1.7035, 0.0, 1.1], yaw: 0.0 } applied=true
[lighting-sequence] frame=4038 action=Move { key: 1000, position: [1.704, 0.0, 1.1], yaw: 0.0 } applied=true
[lighting-sequence] frame=4039 action=Move { key: 1000, position: [1.7045, 0.0, 1.1], yaw: 0.0 } applied=true
[lighting-sequence] frame=4040 action=Move { key: 1000, position: [1.705, 0.0, 1.1], yaw: 0.0 } applied=true
[lighting-sequence] frame=4041 action=Move { key: 1000, position: [1.7055, 0.0, 1.1], yaw: 0.0 } applied=true
[lighting-sequence] frame=4042 action=Move { key: 1000, position: [1.706, 0.0, 1.1], yaw: 0.0 } applied=true
[lighting-sequence] frame=4043 action=Move { key: 1000, position: [1.7065, 0.0, 1.1], yaw: 0.0 } applied=true
[lighting-sequence] frame=4044 action=Move { key: 1000, position: [1.707, 0.0, 1.1], yaw: 0.0 } applied=true
[lighting-sequence] frame=4045 action=Move { key: 1000, position: [1.7075, 0.0, 1.1], yaw: 0.0 } applied=true
[lighting-sequence] frame=4046 action=Move { key: 1000, position: [1.708, 0.0, 1.1], yaw: 0.0 } applied=true
[lighting-sequence] frame=4047 action=Move { key: 1000, position: [1.7085, 0.0, 1.1], yaw: 0.0 } applied=true
[lighting-sequence] frame=4048 action=Move { key: 1000, position: [1.709, 0.0, 1.1], yaw: 0.0 } applied=true
[lighting-sequence] frame=4049 action=Move { key: 1000, position: [1.7095, 0.0, 1.1], yaw: 0.0 } applied=true
[lighting-sequence] frame=4050 action=Move { key: 1000, position: [1.71, 0.0, 1.1], yaw: 0.0 } applied=true
[lighting-sequence] frame=4051 action=Move { key: 1000, position: [1.7105, 0.0, 1.1], yaw: 0.0 } applied=true
[lighting-sequence] frame=4052 action=Move { key: 1000, position: [1.711, 0.0, 1.1], yaw: 0.0 } applied=true
[lighting-sequence] frame=4053 action=Move { key: 1000, position: [1.7115, 0.0, 1.1], yaw: 0.0 } applied=true
[lighting-sequence] frame=4054 action=Move { key: 1000, position: [1.712, 0.0, 1.1], yaw: 0.0 } applied=true
[lighting-sequence] frame=4055 action=Move { key: 1000, position: [1.7125, 0.0, 1.1], yaw: 0.0 } applied=true
[lighting-sequence] frame=4056 action=Move { key: 1000, position: [1.713, 0.0, 1.1], yaw: 0.0 } applied=true
[lighting-sequence] frame=4057 action=Move { key: 1000, position: [1.7135, 0.0, 1.1], yaw: 0.0 } applied=true
[lighting-sequence] frame=4058 action=Move { key: 1000, position: [1.714, 0.0, 1.1], yaw: 0.0 } applied=true
[lighting-sequence] frame=4059 action=Move { key: 1000, position: [1.7145, 0.0, 1.1], yaw: 0.0 } applied=true
[lighting-sequence] frame=4060 action=Move { key: 1000, position: [1.715, 0.0, 1.1], yaw: 0.0 } applied=true
[lighting-sequence] frame=4061 action=Move { key: 1000, position: [1.7155, 0.0, 1.1], yaw: 0.0 } applied=true
[lighting-sequence] frame=4062 action=Move { key: 1000, position: [1.716, 0.0, 1.1], yaw: 0.0 } applied=true
[lighting-sequence] frame=4063 action=Move { key: 1000, position: [1.7165, 0.0, 1.1], yaw: 0.0 } applied=true
[lighting-sequence] frame=4064 action=Move { key: 1000, position: [1.717, 0.0, 1.1], yaw: 0.0 } applied=true
[lighting-sequence] frame=4065 action=Move { key: 1000, position: [1.7175, 0.0, 1.1], yaw: 0.0 } applied=true
[lighting-sequence] frame=4066 action=Move { key: 1000, position: [1.718, 0.0, 1.1], yaw: 0.0 } applied=true
[lighting-sequence] frame=4067 action=Move { key: 1000, position: [1.7185, 0.0, 1.1], yaw: 0.0 } applied=true
[lighting-sequence] frame=4068 action=Move { key: 1000, position: [1.719, 0.0, 1.1], yaw: 0.0 } applied=true
[lighting-sequence] frame=4069 action=Move { key: 1000, position: [1.7195, 0.0, 1.1], yaw: 0.0 } applied=true
[lighting-sequence] frame=4070 action=Move { key: 1000, position: [1.72, 0.0, 1.1], yaw: 0.0 } applied=true
[lighting-sequence] frame=4071 action=Move { key: 1000, position: [1.7205, 0.0, 1.1], yaw: 0.0 } applied=true
[lighting-sequence] frame=4072 action=Move { key: 1000, position: [1.721, 0.0, 1.1], yaw: 0.0 } applied=true
[lighting-sequence] frame=4073 action=Move { key: 1000, position: [1.7215, 0.0, 1.1], yaw: 0.0 } applied=true
[lighting-sequence] frame=4074 action=Move { key: 1000, position: [1.722, 0.0, 1.1], yaw: 0.0 } applied=true
[lighting-sequence] frame=4075 action=Move { key: 1000, position: [1.7225, 0.0, 1.1], yaw: 0.0 } applied=true
[lighting-sequence] frame=4076 action=Move { key: 1000, position: [1.723, 0.0, 1.1], yaw: 0.0 } applied=true
[lighting-sequence] frame=4077 action=Move { key: 1000, position: [1.7235, 0.0, 1.1], yaw: 0.0 } applied=true
[lighting-sequence] frame=4078 action=Move { key: 1000, position: [1.724, 0.0, 1.1], yaw: 0.0 } applied=true
[lighting-sequence] frame=4079 action=Move { key: 1000, position: [1.7245, 0.0, 1.1], yaw: 0.0 } applied=true
[lighting-sequence] frame=4080 action=Move { key: 1000, position: [1.725, 0.0, 1.1], yaw: 0.0 } applied=true
[lighting-sequence] frame=4081 action=Move { key: 1000, position: [1.7255, 0.0, 1.1], yaw: 0.0 } applied=true
[lighting-sequence] frame=4082 action=Move { key: 1000, position: [1.726, 0.0, 1.1], yaw: 0.0 } applied=true
[lighting-sequence] frame=4083 action=Move { key: 1000, position: [1.7265, 0.0, 1.1], yaw: 0.0 } applied=true
[lighting-sequence] frame=4084 action=Move { key: 1000, position: [1.727, 0.0, 1.1], yaw: 0.0 } applied=true
[lighting-sequence] frame=4085 action=Move { key: 1000, position: [1.7275, 0.0, 1.1], yaw: 0.0 } applied=true
[lighting-sequence] frame=4086 action=Move { key: 1000, position: [1.728, 0.0, 1.1], yaw: 0.0 } applied=true
[lighting-sequence] frame=4087 action=Move { key: 1000, position: [1.7285, 0.0, 1.1], yaw: 0.0 } applied=true
[lighting-sequence] frame=4088 action=Move { key: 1000, position: [1.729, 0.0, 1.1], yaw: 0.0 } applied=true
[lighting-sequence] frame=4089 action=Move { key: 1000, position: [1.7295, 0.0, 1.1], yaw: 0.0 } applied=true
[lighting-sequence] frame=4090 action=Move { key: 1000, position: [1.73, 0.0, 1.1], yaw: 0.0 } applied=true
[lighting-sequence] frame=4091 action=Move { key: 1000, position: [1.7305, 0.0, 1.1], yaw: 0.0 } applied=true
[lighting-sequence] frame=4092 action=Move { key: 1000, position: [1.731, 0.0, 1.1], yaw: 0.0 } applied=true
[lighting-sequence] frame=4093 action=Move { key: 1000, position: [1.7315, 0.0, 1.1], yaw: 0.0 } applied=true
[lighting-sequence] frame=4094 action=Move { key: 1000, position: [1.732, 0.0, 1.1], yaw: 0.0 } applied=true
[lighting-sequence] frame=4095 action=Move { key: 1000, position: [1.7325, 0.0, 1.1], yaw: 0.0 } applied=true
[lighting-sequence] frame=4096 action=Move { key: 1000, position: [1.733, 0.0, 1.1], yaw: 0.0 } applied=true
[lighting-sequence] frame=4097 action=Move { key: 1000, position: [1.7335, 0.0, 1.1], yaw: 0.0 } applied=true
[lighting-sequence] frame=4098 action=Move { key: 1000, position: [1.734, 0.0, 1.1], yaw: 0.0 } applied=true
[lighting-sequence] frame=4099 action=Move { key: 1000, position: [1.7345, 0.0, 1.1], yaw: 0.0 } applied=true
BENCH_SUMMARY {"level":"art_style_hero","frames":12000,"swap_interval":0,"update_mean_ms":3.020,"render_mean_ms":3.025,"swap_mean_ms":0.019,"frame_mean_ms":6.064,"loop_mean_ms":6.276,"frame_median_ms":7.644,"loop_median_ms":7.867,"frame_p95_ms":13.175,"frame_p99_ms":15.073,"loop_p95_ms":13.449,"loop_p99_ms":15.394,"frame_min_ms":0.593,"frame_max_ms":19.437,"loop_min_ms":0.678,"loop_max_ms":100.157,"fps_median":127.11,"fps_p95":74.35,"fps_p99":64.96,"fps_1pct_low":64.96,"fps_mean":159.34,"measured_fps_mean":164.92,"worst_fps":9.98,"total_vertices":30036,"visible_vertices":28008,"culled_vertices":2028,"total_batches":67,"visible_batches":57,"draw_calls":57,"vbo_bytes":1264944,"index_bytes":33984,"texture_binds":51,"material_changes":53,"reflection_passes":0}
BENCH_SUMMARY {"level":"art_style_hero","frames":12000,"swap_interval":0,"update_mean_ms":3.020,"render_mean_ms":3.025,"swap_mean_ms":0.019,"frame_mean_ms":6.064,"loop_mean_ms":6.276,"frame_median_ms":7.644,"loop_median_ms":7.867,"frame_p95_ms":13.175,"frame_p99_ms":15.073,"loop_p95_ms":13.449,"loop_p99_ms":15.394,"frame_min_ms":0.593,"frame_max_ms":19.437,"loop_min_ms":0.678,"loop_max_ms":100.157,"fps_median":127.11,"fps_p95":74.35,"fps_p99":64.96,"fps_1pct_low":64.96,"fps_mean":159.34,"measured_fps_mean":164.92,"worst_fps":9.98,"total_vertices":30036,"visible_vertices":28008,"culled_vertices":2028,"total_batches":67,"visible_batches":57,"draw_calls":57,"vbo_bytes":1264944,"index_bytes":33984,"texture_binds":51,"material_changes":53,"reflection_passes":0}
       76.46 real        45.42 user        12.88 sys
           454737920  maximum resident set size
                   0  average shared memory size
                   0  average unshared data size
                   0  average unshared stack size
               34209  page reclaims
                 298  page faults
                   0  swaps
                   0  block input operations
                   0  block output operations
                   0  messages sent
                   0  messages received
                   0  signals received
                 129  voluntary context switches
              580340  involuntary context switches
        549329449207  instructions retired
        151210414668  cycles elapsed
           522028376  peak memory footprint
