frame,update_ms,render_ms,swap_ms,frame_ms,loop_ms,total_vertices,visible_vertices,culled_vertices,total_batches,visible_batches,draw_calls,vbo_bytes,index_bytes,texture_binds,material_changes,reflection_passes
1,0.578,0.462,0.013,1.053,1.053,16644,23067,0,36,33,33,1264944,33984,29,31,0
2,0.551,10.116,0.013,10.680,1.191,16644,23067,0,36,33,33,1264944,33984,29,31,0
3,0.465,0.230,0.013,0.708,10.813,16644,23067,0,36,33,33,1264944,33984,29,31,0
4,0.440,1.404,0.009,1.854,0.820,16644,23067,0,36,33,33,1264944,33984,29,31,0
5,0.478,5.491,0.011,5.980,1.984,16644,23067,0,36,33,33,1264944,33984,29,31,0
6,0.489,0.251,0.012,0.752,6.112,16644,23067,0,36,33,33,1264944,33984,29,31,0
7,0.437,0.211,0.011,0.659,0.868,16644,23067,0,36,33,33,1264944,33984,29,31,0
8,0.500,1.353,0.011,1.864,0.764,16644,23067,0,36,33,33,1264944,33984,29,31,0
9,0.441,3.504,0.010,3.955,1.988,16644,23067,0,36,33,33,1264944,33984,29,31,0
10,0.451,0.208,0.011,0.669,4.083,16644,23067,0,36,33,33,1264944,33984,29,31,0
11,0.440,1.118,0.012,1.570,0.786,16644,23067,0,36,33,33,1264944,33984,29,31,0
12,0.464,1.641,0.010,2.116,1.698,16644,23067,0,36,33,33,1264944,33984,29,31,0
13,0.466,3.434,0.010,3.910,2.241,16644,23067,0,36,33,33,1264944,33984,29,31,0
14,0.463,2.972,0.010,3.446,4.041,16644,23067,0,36,33,33,1264944,33984,29,31,0
15,0.497,4.202,0.011,4.710,3.569,16644,23067,0,36,33,33,1264944,33984,29,31,0
16,0.465,7.591,0.009,8.064,4.832,16644,23067,0,36,33,33,1264944,33984,29,31,0
17,0.727,0.367,0.011,1.105,8.197,16644,23067,0,36,33,33,1264944,33984,29,31,0
18,0.492,0.272,0.012,0.776,1.228,16644,23067,0,36,33,33,1264944,33984,29,31,0
19,0.468,0.226,0.011,0.706,0.890,16644,23067,0,36,33,33,1264944,33984,29,31,0
20,0.439,1.056,0.016,1.511,0.816,16644,23067,0,36,33,33,1264944,33984,29,31,0
21,0.454,3.365,0.010,3.829,1.644,16644,23067,0,36,33,33,1264944,33984,29,31,0
22,0.463,0.610,0.008,1.080,3.950,16644,23067,0,36,33,33,1264944,33984,29,31,0
23,0.462,0.259,0.011,0.732,1.214,16644,23067,0,36,33,33,1264944,33984,29,31,0
24,0.745,0.219,0.007,0.971,0.848,16644,23067,0,36,33,33,1264944,33984,29,31,0
25,0.434,0.280,0.012,0.727,1.084,16644,23067,0,36,33,33,1264944,33984,29,31,0
26,0.467,2.551,0.013,3.031,0.847,16644,23067,0,36,33,33,1264944,33984,29,31,0
27,0.484,0.483,0.008,0.976,3.164,16644,23067,0,36,33,33,1264944,33984,29,31,0
28,0.452,2.740,0.009,3.202,1.097,16644,23067,0,36,33,33,1264944,33984,29,31,0
29,0.957,12.711,0.009,13.677,3.333,16644,23067,0,36,33,33,1264944,33984,29,31,0
30,0.764,7.055,0.009,7.829,13.803,16644,23067,0,36,33,33,1264944,33984,29,31,0
31,0.746,0.342,0.018,1.106,7.960,16644,23067,0,36,33,33,1264944,33984,29,31,0
32,0.473,0.248,0.010,0.730,1.224,16644,23067,0,36,33,33,1264944,33984,29,31,0
33,0.444,0.223,0.006,0.673,0.846,16644,23067,0,36,33,33,1264944,33984,29,31,0
34,0.450,0.491,0.010,0.951,0.784,16644,23067,0,36,33,33,1264944,33984,29,31,0
35,0.439,1.616,0.013,2.069,1.077,16644,23067,0,36,33,33,1264944,33984,29,31,0
36,0.473,1.737,0.007,2.216,2.205,16644,23067,0,36,33,33,1264944,33984,29,31,0
37,0.744,2.330,0.007,3.082,2.347,16644,23067,0,36,33,33,1264944,33984,29,31,0
38,0.437,13.155,0.013,13.605,3.207,16644,23067,0,36,33,33,1264944,33984,29,31,0
39,0.476,7.333,0.006,7.815,13.734,16644,23067,0,36,33,33,1264944,33984,29,31,0
40,0.746,0.373,0.010,1.128,7.938,16644,23067,0,36,33,33,1264944,33984,29,31,0
41,0.461,0.274,0.009,0.744,1.255,16644,23067,0,36,33,33,1264944,33984,29,31,0
42,0.438,0.319,0.012,0.769,0.873,16644,23067,0,36,33,33,1264944,33984,29,31,0
43,0.432,0.234,0.011,0.677,0.895,16644,23067,0,36,33,33,1264944,33984,29,31,0
44,0.433,0.784,0.015,1.232,0.782,16644,23067,0,36,33,33,1264944,33984,29,31,0
45,0.434,3.924,0.008,4.366,1.339,16644,23067,0,36,33,33,1264944,33984,29,31,0
46,0.809,14.779,0.016,15.605,4.493,16644,23067,0,36,33,33,1264944,33984,29,31,0
47,0.743,7.410,0.006,8.159,15.729,16644,23067,0,36,33,33,1264944,33984,29,31,0
48,0.452,1.441,0.011,1.905,8.289,16644,23067,0,36,33,33,1264944,33984,29,31,0
49,0.645,0.268,0.009,0.922,2.030,16644,23067,0,36,33,33,1264944,33984,29,31,0
50,0.490,0.231,0.011,0.731,1.038,16644,23067,0,36,33,33,1264944,33984,29,31,0
51,0.444,0.280,0.008,0.732,0.875,16644,23067,0,36,33,33,1264944,33984,29,31,0
52,0.481,0.572,0.008,1.061,0.818,16644,23067,0,36,33,33,1264944,33984,29,31,0
53,0.463,3.744,0.008,4.215,1.144,16644,23067,0,36,33,33,1264944,33984,29,31,0
54,0.777,13.883,0.008,14.668,4.308,16644,23067,0,36,33,33,1264944,33984,29,31,0
55,0.741,7.469,0.006,8.217,14.764,16644,23067,0,36,33,33,1264944,33984,29,31,0
56,0.774,0.636,0.008,1.418,8.320,16644,23067,0,36,33,33,1264944,33984,29,31,0
57,0.468,0.256,0.009,0.732,1.515,16644,23067,0,36,33,33,1264944,33984,29,31,0
58,0.443,0.259,0.007,0.709,0.821,16644,23067,0,36,33,33,1264944,33984,29,31,0
59,0.445,0.258,0.008,0.711,0.807,16644,23067,0,36,33,33,1264944,33984,29,31,0
60,14.513,1.121,0.017,15.651,6.116,16750,23167,0,36,33,33,1273000,34824,29,31,0
61,1.231,0.420,0.019,1.670,15.762,16750,23167,0,36,33,33,1273000,34824,29,31,0
62,2.911,0.639,0.012,3.562,1.780,16750,23167,0,36,33,33,1273000,34824,29,31,0
63,0.436,8.233,0.009,8.678,3.666,16750,23167,0,36,33,33,1273000,34824,29,31,0
64,0.434,7.200,0.009,7.642,8.788,16750,23167,0,36,33,33,1273000,34824,29,31,0
65,0.440,7.877,0.012,8.329,7.751,16750,23167,0,36,33,33,1273000,34824,29,31,0
66,0.453,7.771,0.007,8.231,8.448,16750,23167,0,36,33,33,1273000,34824,29,31,0
67,0.480,0.663,0.009,1.153,8.340,16750,23167,0,36,33,33,1273000,34824,29,31,0
68,0.480,0.272,0.008,0.759,1.258,16750,23167,0,36,33,33,1273000,34824,29,31,0
69,0.442,0.256,0.010,0.708,0.869,16750,23167,0,36,33,33,1273000,34824,29,31,0
70,0.454,0.296,0.012,0.762,0.798,16750,23167,0,36,33,33,1273000,34824,29,31,0
71,0.491,0.505,0.011,1.007,0.867,16750,23167,0,36,33,33,1273000,34824,29,31,0
72,0.466,2.627,0.011,3.104,1.116,16750,23167,0,36,33,33,1273000,34824,29,31,0
73,0.473,16.683,0.009,17.165,3.216,16750,23167,0,36,33,33,1273000,34824,29,31,0
74,0.508,7.241,0.008,7.757,17.291,16750,23167,0,36,33,33,1273000,34824,29,31,0
75,0.504,0.632,0.012,1.148,7.874,16750,23167,0,36,33,33,1273000,34824,29,31,0
76,0.530,0.451,0.010,0.992,1.267,16750,23167,0,36,33,33,1273000,34824,29,31,0
77,0.529,0.255,0.011,0.795,1.114,16750,23167,0,36,33,33,1273000,34824,29,31,0
78,0.533,0.323,0.008,0.863,0.910,16750,23167,0,36,33,33,1273000,34824,29,31,0
79,0.501,11.972,0.010,12.483,0.980,16750,23167,0,36,33,33,1273000,34824,29,31,0
80,0.562,7.974,0.012,8.548,12.618,16750,23167,0,36,33,33,1273000,34824,29,31,0
81,0.601,7.210,0.011,7.822,8.690,16750,23167,0,36,33,33,1273000,34824,29,31,0
82,0.582,0.487,0.014,1.083,7.958,16750,23167,0,36,33,33,1273000,34824,29,31,0
83,0.570,0.342,0.010,0.922,1.212,16750,23167,0,36,33,33,1273000,34824,29,31,0
84,0.572,0.310,0.013,0.894,1.050,16750,23167,0,36,33,33,1273000,34824,29,31,0
85,0.575,0.318,0.012,0.904,1.018,16750,23167,0,36,33,33,1273000,34824,29,31,0
86,0.571,0.281,0.009,0.860,1.030,16750,23167,0,36,33,33,1273000,34824,29,31,0
87,0.553,0.291,0.010,0.854,0.992,16750,23167,0,36,33,33,1273000,34824,29,31,0
88,0.566,1.265,0.011,1.841,0.971,16750,23167,0,36,33,33,1273000,34824,29,31,0
89,0.523,3.186,0.011,3.720,1.973,16750,23167,0,36,33,33,1273000,34824,29,31,0
90,0.535,12.669,0.009,13.213,3.846,16750,23167,0,36,33,33,1273000,34824,29,31,0
91,0.582,7.291,0.013,7.886,13.345,16750,23167,0,36,33,33,1273000,34824,29,31,0
92,0.652,0.507,0.008,1.167,8.032,16750,23167,0,36,33,33,1273000,34824,29,31,0
93,0.627,0.329,0.007,0.962,1.309,16750,23167,0,36,33,33,1273000,34824,29,31,0
94,0.583,0.319,0.014,0.916,1.083,16750,23167,0,36,33,33,1273000,34824,29,31,0
95,0.566,0.533,0.011,1.109,1.048,16750,23167,0,36,33,33,1273000,34824,29,31,0
96,0.578,0.292,0.012,0.882,1.241,16750,23167,0,36,33,33,1273000,34824,29,31,0
97,0.571,4.475,0.012,5.059,0.995,16750,23167,0,36,33,33,1273000,34824,29,31,0
98,0.571,14.026,0.013,14.610,5.195,16750,23167,0,36,33,33,1273000,34824,29,31,0
99,0.596,6.749,0.012,7.357,14.799,16750,23167,0,36,33,33,1273000,34824,29,31,0
100,0.618,0.665,0.010,1.293,7.510,16750,23167,0,36,33,33,1273000,34824,29,31,0
101,0.623,0.329,0.016,0.967,1.450,16750,23167,0,36,33,33,1273000,34824,29,31,0
102,0.624,0.309,0.017,0.950,1.110,16750,23167,0,36,33,33,1273000,34824,29,31,0
103,0.611,0.274,0.012,0.896,1.078,16750,23167,0,36,33,33,1273000,34824,29,31,0
104,0.612,0.288,0.018,0.918,1.058,16750,23167,0,36,33,33,1273000,34824,29,31,0
105,0.546,10.483,0.008,11.037,1.057,16750,23167,0,36,33,33,1273000,34824,29,31,0
106,0.639,7.706,0.007,8.353,11.172,16750,23167,0,36,33,33,1273000,34824,29,31,0
107,0.628,7.250,0.012,7.890,8.487,16750,23167,0,36,33,33,1273000,34824,29,31,0
108,0.611,0.524,0.013,1.148,8.048,16750,23167,0,36,33,33,1273000,34824,29,31,0
109,0.594,0.319,0.008,0.921,1.293,16750,23167,0,36,33,33,1273000,34824,29,31,0
110,0.605,0.355,0.010,0.970,1.062,16750,23167,0,36,33,33,1273000,34824,29,31,0
111,0.588,0.273,0.011,0.873,1.107,16750,23167,0,36,33,33,1273000,34824,29,31,0
112,0.620,0.272,0.012,0.904,1.005,16750,23167,0,36,33,33,1273000,34824,29,31,0
113,0.591,3.354,0.013,3.957,1.038,16750,23167,0,36,33,33,1273000,34824,29,31,0
114,0.603,14.964,0.006,15.574,4.102,16750,23167,0,36,33,33,1273000,34824,29,31,0
115,0.504,7.227,0.008,7.738,15.685,16750,23167,0,36,33,33,1273000,34824,29,31,0
116,0.492,0.857,0.011,1.360,7.846,16750,23167,0,36,33,33,1273000,34824,29,31,0
117,0.471,0.266,0.006,0.743,1.469,16750,23167,0,36,33,33,1273000,34824,29,31,0
118,0.458,0.541,0.010,1.009,0.838,16750,23167,0,36,33,33,1273000,34824,29,31,0
119,0.464,0.227,0.010,0.701,1.117,16750,23167,0,36,33,33,1273000,34824,29,31,0
120,0.443,0.513,0.011,0.966,0.797,16750,23167,0,36,33,33,1273000,34824,29,31,0
121,0.429,11.003,0.010,11.442,1.068,16750,23167,0,36,33,33,1273000,34824,29,31,0
122,0.474,8.446,0.006,8.926,11.542,16750,23167,0,36,33,33,1273000,34824,29,31,0
123,0.765,6.542,0.010,7.317,9.027,16750,23167,0,36,33,33,1273000,34824,29,31,0
124,0.464,0.730,0.006,1.201,7.419,16750,23167,0,36,33,33,1273000,34824,29,31,0
125,0.448,0.272,0.006,0.726,1.297,16750,23167,0,36,33,33,1273000,34824,29,31,0
126,0.413,0.213,0.006,0.632,0.816,16750,23167,0,36,33,33,1273000,34824,29,31,0
127,0.754,0.356,0.007,1.118,0.720,16750,23167,0,36,33,33,1273000,34824,29,31,0
128,0.450,0.728,0.010,1.189,1.211,16750,23167,0,36,33,33,1273000,34824,29,31,0
129,0.421,10.966,0.007,11.394,1.294,16750,23167,0,36,33,33,1273000,34824,29,31,0
130,0.726,7.203,0.007,7.937,11.496,16750,23167,0,36,33,33,1273000,34824,29,31,0
131,0.778,7.755,0.011,8.544,8.036,16750,23167,0,36,33,33,1273000,34824,29,31,0
132,0.868,0.339,0.010,1.217,8.715,16750,23167,0,36,33,33,1273000,34824,29,31,0
133,0.681,0.321,0.014,1.016,1.391,16750,23167,0,36,33,33,1273000,34824,29,31,0
134,0.652,0.395,0.010,1.057,1.177,16750,23167,0,36,33,33,1273000,34824,29,31,0
135,0.670,0.381,0.010,1.061,1.213,16750,23167,0,36,33,33,1273000,34824,29,31,0
136,0.676,0.325,0.012,1.014,1.222,16750,23167,0,36,33,33,1273000,34824,29,31,0
137,0.676,2.485,0.014,3.175,1.167,16750,23167,0,36,33,33,1273000,34824,29,31,0
138,0.685,14.925,0.018,15.628,3.334,16750,23167,0,36,33,33,1273000,34824,29,31,0
139,0.948,6.920,0.012,7.880,15.780,16750,23167,0,36,33,33,1273000,34824,29,31,0
140,0.750,0.339,0.012,1.101,8.072,16750,23167,0,36,33,33,1273000,34824,29,31,0
141,0.884,0.344,0.009,1.237,1.282,16750,23167,0,36,33,33,1273000,34824,29,31,0
142,0.641,0.311,0.014,0.966,1.389,16750,23167,0,36,33,33,1273000,34824,29,31,0
143,0.675,0.303,0.009,0.988,1.121,16750,23167,0,36,33,33,1273000,34824,29,31,0
144,0.691,0.423,0.007,1.121,1.139,16750,23167,0,36,33,33,1273000,34824,29,31,0
145,0.667,0.936,0.012,1.616,1.286,16750,23167,0,36,33,33,1273000,34824,29,31,0
146,0.643,2.719,0.012,3.373,1.774,16750,23167,0,36,33,33,1273000,34824,29,31,0
147,0.925,13.060,0.014,13.999,3.536,16750,23167,0,36,33,33,1273000,34824,29,31,0
148,0.959,6.791,0.015,7.765,14.172,16750,23167,0,36,33,33,1273000,34824,29,31,0
149,0.773,0.881,0.014,1.669,7.949,16750,23167,0,36,33,33,1273000,34824,29,31,0
150,0.761,0.412,0.014,1.187,1.856,16750,23167,0,36,33,33,1273000,34824,29,31,0
151,0.757,0.329,0.010,1.095,1.360,16750,23167,0,36,33,33,1273000,34824,29,31,0
152,0.770,0.329,0.014,1.113,1.262,16750,23167,0,36,33,33,1273000,34824,29,31,0
153,0.649,3.793,0.016,4.458,1.267,16750,23167,0,36,33,33,1273000,34824,29,31,0
154,0.919,14.021,0.017,14.957,4.642,16750,23167,0,36,33,33,1273000,34824,29,31,0
155,0.769,9.042,0.016,9.828,15.156,16750,23167,0,36,33,33,1273000,34824,29,31,0
156,1.018,6.868,0.008,7.893,10.013,16750,23167,0,36,33,33,1273000,34824,29,31,0
157,0.658,6.452,0.014,7.124,8.026,16750,23167,0,36,33,33,1273000,34824,29,31,0
158,1.046,5.828,0.013,6.887,7.345,16750,23167,0,36,33,33,1273000,34824,29,31,0
159,0.881,7.007,0.015,7.903,7.095,16750,23167,0,36,33,33,1273000,34824,29,31,0
160,0.916,0.412,0.017,1.344,8.120,16750,23167,0,36,33,33,1273000,34824,29,31,0
161,0.909,1.261,0.014,2.184,1.544,16750,23167,0,36,33,33,1273000,34824,29,31,0
162,1.027,0.414,0.014,1.455,2.389,16750,23167,0,36,33,33,1273000,34824,29,31,0
163,0.938,1.195,0.023,2.157,1.657,16750,23167,0,36,33,33,1273000,34824,29,31,0
164,0.654,4.143,0.014,4.811,2.293,16750,23167,0,36,33,33,1273000,34824,29,31,0
165,0.645,11.615,0.016,12.276,4.941,16750,23167,0,36,33,33,1273000,34824,29,31,0
166,0.894,7.003,0.015,7.911,12.494,16750,23167,0,36,33,33,1273000,34824,29,31,0
167,0.927,0.545,0.028,1.499,8.125,16750,23167,0,36,33,33,1273000,34824,29,31,0
168,1.169,1.095,0.027,2.292,1.758,16750,23167,0,36,33,33,1273000,34824,29,31,0
169,1.139,0.482,0.017,1.638,2.586,16750,23167,0,36,33,33,1273000,34824,29,31,0
170,1.121,0.411,0.021,1.553,1.933,16750,23167,0,36,33,33,1273000,34824,29,31,0
171,0.799,3.324,0.020,4.144,1.754,16750,23167,0,36,33,33,1273000,34824,29,31,0
172,0.907,11.933,0.018,12.858,4.354,16750,23167,0,36,33,33,1273000,34824,29,31,0
173,1.191,7.123,0.029,8.343,13.107,16750,23167,0,36,33,33,1273000,34824,29,31,0
174,1.273,0.561,0.021,1.855,8.622,16750,23167,0,36,33,33,1273000,34824,29,31,0
175,1.153,0.578,0.015,1.746,2.127,16750,23167,0,36,33,33,1273000,34824,29,31,0
176,0.951,0.483,0.017,1.450,1.992,16750,23167,0,36,33,33,1273000,34824,29,31,0
177,0.904,1.364,0.019,2.287,1.679,16750,23167,0,36,33,33,1273000,34824,29,31,0
178,0.974,2.958,0.015,3.947,2.466,16750,23167,0,36,33,33,1273000,34824,29,31,0
179,0.927,12.651,0.017,13.595,4.158,16750,23167,0,36,33,33,1273000,34824,29,31,0
180,1.104,5.376,37.329,43.808,13.870,16750,23167,0,36,33,33,1273000,34824,29,31,0
181,0.969,0.370,0.011,1.349,43.931,16750,23167,0,36,33,33,1273000,34824,29,31,0
182,0.634,9.482,0.013,10.128,1.491,16750,23167,0,36,33,33,1273000,34824,29,31,0
183,0.857,0.298,0.012,1.167,10.285,16750,23167,0,36,33,33,1273000,34824,29,31,0
184,0.634,2.444,0.013,3.090,1.294,16750,23167,0,36,33,33,1273000,34824,29,31,0
185,0.679,3.618,0.012,4.310,3.254,16750,23167,0,36,33,33,1273000,34824,29,31,0
186,0.908,0.402,0.031,1.341,4.466,16750,23167,0,36,33,33,1273000,34824,29,31,0
187,0.648,1.667,0.012,2.328,1.484,16750,23167,0,36,33,33,1273000,34824,29,31,0
188,0.662,0.766,0.013,1.441,2.476,16750,23167,0,36,33,33,1273000,34824,29,31,0
189,0.667,1.427,0.012,2.106,1.587,16750,23167,0,36,33,33,1273000,34824,29,31,0
190,0.675,0.946,0.009,1.630,2.251,16750,23167,0,36,33,33,1273000,34824,29,31,0
191,0.630,0.312,0.012,0.954,1.784,16750,23167,0,36,33,33,1273000,34824,29,31,0
192,0.633,0.444,0.010,1.087,1.097,16750,23167,0,36,33,33,1273000,34824,29,31,0
193,0.649,1.510,0.013,2.172,1.224,16750,23167,0,36,33,33,1273000,34824,29,31,0
194,0.610,4.956,0.010,5.576,2.332,16750,23167,0,36,33,33,1273000,34824,29,31,0
195,0.890,3.834,0.012,4.737,5.721,16750,23167,0,36,33,33,1273000,34824,29,31,0
196,0.620,7.405,0.011,8.036,4.889,16750,23167,0,36,33,33,1273000,34824,29,31,0
197,0.841,0.337,0.007,1.185,8.180,16750,23167,0,36,33,33,1273000,34824,29,31,0
198,0.644,1.393,0.009,2.045,1.337,16750,23167,0,36,33,33,1273000,34824,29,31,0
199,0.653,0.506,0.007,1.166,2.191,16750,23167,0,36,33,33,1273000,34824,29,31,0
200,0.645,1.492,0.012,2.149,1.299,16750,23167,0,36,33,33,1273000,34824,29,31,0
201,0.652,1.582,0.013,2.247,2.308,16750,23167,0,36,33,33,1273000,34824,29,31,0
202,0.663,1.230,0.011,1.904,2.398,16750,23167,0,36,33,33,1273000,34824,29,31,0
203,0.617,0.411,0.014,1.042,2.052,16750,23167,0,36,33,33,1273000,34824,29,31,0
204,0.870,0.997,0.010,1.878,1.185,16750,23167,0,36,33,33,1273000,34824,29,31,0
205,0.664,4.011,0.011,4.686,2.025,16750,23167,0,36,33,33,1273000,34824,29,31,0
206,0.613,13.336,0.020,13.968,4.842,16750,23167,0,36,33,33,1273000,34824,29,31,0
207,0.674,7.122,0.013,7.809,14.153,16750,23167,0,36,33,33,1273000,34824,29,31,0
208,0.913,0.320,0.014,1.246,7.974,16750,23167,0,36,33,33,1273000,34824,29,31,0
209,0.716,1.271,0.012,1.999,1.414,16750,23167,0,36,33,33,1273000,34824,29,31,0
210,0.663,0.504,0.011,1.178,2.155,16750,23167,0,36,33,33,1273000,34824,29,31,0
211,0.710,1.128,0.018,1.856,1.319,16750,23167,0,36,33,33,1273000,34824,29,31,0
212,0.651,3.449,0.010,4.110,2.004,16750,23167,0,36,33,33,1273000,34824,29,31,0
213,0.904,13.235,0.012,14.151,4.282,16750,23167,0,36,33,33,1273000,34824,29,31,0
214,0.948,6.761,0.023,7.732,14.305,16750,23167,0,36,33,33,1273000,34824,29,31,0
215,0.769,0.350,0.015,1.134,7.914,16750,23167,0,36,33,33,1273000,34824,29,31,0
216,0.753,0.401,0.014,1.168,1.302,16750,23167,0,36,33,33,1273000,34824,29,31,0
217,1.075,0.296,0.013,1.384,1.336,16750,23167,0,36,33,33,1273000,34824,29,31,0
218,0.700,0.351,0.015,1.067,1.535,16750,23167,0,36,33,33,1273000,34824,29,31,0
219,0.700,10.506,0.014,11.220,1.238,16750,23167,0,36,33,33,1273000,34824,29,31,0
220,0.692,8.293,0.016,9.001,11.372,16750,23167,0,36,33,33,1273000,34824,29,31,0
221,0.728,6.754,0.020,7.501,9.182,16750,23167,0,36,33,33,1273000,34824,29,31,0
222,0.690,0.420,0.017,1.127,7.643,16750,23167,0,36,33,33,1273000,34824,29,31,0
223,0.625,0.364,0.030,1.019,1.270,16750,23167,0,36,33,33,1273000,34824,29,31,0
224,0.662,0.395,0.017,1.073,1.166,16750,23167,0,36,33,33,1273000,34824,29,31,0
225,0.734,0.364,0.012,1.110,1.200,16750,23167,0,36,33,33,1273000,34824,29,31,0
226,0.635,0.356,0.012,1.003,1.252,16750,23167,0,36,33,33,1273000,34824,29,31,0
227,0.599,9.963,0.018,10.580,1.145,16750,23167,0,36,33,33,1273000,34824,29,31,0
228,0.659,8.258,0.018,8.935,10.729,16750,23167,0,36,33,33,1273000,34824,29,31,0
229,0.600,6.548,0.017,7.165,9.074,16750,23167,0,36,33,33,1273000,34824,29,31,0
230,0.577,0.842,0.013,1.432,7.290,16750,23167,0,36,33,33,1273000,34824,29,31,0
231,0.616,0.496,0.011,1.123,1.568,16750,23167,0,36,33,33,1273000,34824,29,31,0
232,0.617,0.332,0.010,0.960,1.256,16750,23167,0,36,33,33,1273000,34824,29,31,0
233,0.584,0.364,0.009,0.957,1.084,16750,23167,0,36,33,33,1273000,34824,29,31,0
234,0.541,0.319,0.011,0.872,1.068,16750,23167,0,36,33,33,1273000,34824,29,31,0
235,0.537,10.154,0.013,10.704,0.982,16750,23167,0,36,33,33,1273000,34824,29,31,0
236,0.571,8.322,0.009,8.901,10.839,16750,23167,0,36,33,33,1273000,34824,29,31,0
237,0.601,6.793,0.009,7.403,9.035,16750,23167,0,36,33,33,1273000,34824,29,31,0
238,0.610,0.852,0.014,1.476,7.527,16750,23167,0,36,33,33,1273000,34824,29,31,0
239,0.632,0.364,0.011,1.007,1.628,16750,23167,0,36,33,33,1273000,34824,29,31,0
240,21.373,0.770,0.012,22.155,5.274,16644,23067,0,36,33,33,1264944,33984,29,31,0
241,1.304,0.246,0.011,1.561,22.261,16644,23067,0,36,33,33,1264944,33984,29,31,0
242,3.156,0.477,0.008,3.642,1.660,16644,23067,0,36,33,33,1264944,33984,29,31,0
243,0.483,0.685,0.011,1.180,3.741,16644,23067,0,36,33,33,1264944,33984,29,31,0
244,0.448,6.569,0.011,7.028,1.296,16644,23067,0,36,33,33,1264944,33984,29,31,0
245,0.443,7.813,0.010,8.266,7.144,16644,23067,0,36,33,33,1264944,33984,29,31,0
246,0.451,7.857,0.014,8.322,8.370,16644,23067,0,36,33,33,1264944,33984,29,31,0
247,0.470,7.711,0.009,8.190,8.427,16644,23067,0,36,33,33,1264944,33984,29,31,0
248,0.471,0.700,0.010,1.181,8.293,16644,23067,0,36,33,33,1264944,33984,29,31,0
249,0.503,0.252,0.013,0.768,1.280,16644,23067,0,36,33,33,1264944,33984,29,31,0
250,0.433,0.271,0.019,0.723,0.864,16644,23067,0,36,33,33,1264944,33984,29,31,0
251,0.452,0.342,0.009,0.803,0.822,16644,23067,0,36,33,33,1264944,33984,29,31,0
252,0.478,1.715,0.011,2.204,0.883,16644,23067,0,36,33,33,1264944,33984,29,31,0
253,0.484,1.577,0.007,2.068,2.318,16644,23067,0,36,33,33,1264944,33984,29,31,0
254,0.420,2.803,0.008,3.230,2.179,16644,23067,0,36,33,33,1264944,33984,29,31,0
255,0.452,13.004,0.009,13.465,3.338,16644,23067,0,36,33,33,1264944,33984,29,31,0
256,0.538,7.622,0.007,8.168,13.581,16644,23067,0,36,33,33,1264944,33984,29,31,0
257,0.516,0.531,0.010,1.058,8.277,16644,23067,0,36,33,33,1264944,33984,29,31,0
258,0.536,0.281,0.012,0.829,1.188,16644,23067,0,36,33,33,1264944,33984,29,31,0
259,0.520,0.271,0.008,0.799,0.936,16644,23067,0,36,33,33,1264944,33984,29,31,0
260,0.506,0.281,0.007,0.794,0.903,16644,23067,0,36,33,33,1264944,33984,29,31,0
261,0.525,0.282,0.011,0.818,0.890,16644,23067,0,36,33,33,1264944,33984,29,31,0
262,0.493,11.381,0.010,11.883,0.914,16644,23067,0,36,33,33,1264944,33984,29,31,0
263,0.568,7.854,0.010,8.431,12.007,16644,23067,0,36,33,33,1264944,33984,29,31,0
264,0.549,7.366,0.010,7.925,8.554,16644,23067,0,36,33,33,1264944,33984,29,31,0
265,0.604,0.527,0.012,1.142,8.057,16644,23067,0,36,33,33,1264944,33984,29,31,0
266,0.629,0.333,0.012,0.975,1.265,16644,23067,0,36,33,33,1264944,33984,29,31,0
267,0.566,0.324,0.008,0.898,1.099,16644,23067,0,36,33,33,1264944,33984,29,31,0
268,0.540,0.304,0.014,0.858,1.020,16644,23067,0,36,33,33,1264944,33984,29,31,0
269,0.574,0.442,0.010,1.026,0.964,16644,23067,0,36,33,33,1264944,33984,29,31,0
270,0.563,1.991,0.007,2.561,1.135,16644,23067,0,36,33,33,1264944,33984,29,31,0
271,0.526,2.847,0.008,3.381,2.689,16644,23067,0,36,33,33,1264944,33984,29,31,0
272,0.564,12.653,0.011,13.229,3.506,16644,23067,0,36,33,33,1264944,33984,29,31,0
273,0.584,7.521,0.010,8.114,13.363,16644,23067,0,36,33,33,1264944,33984,29,31,0
274,0.593,0.623,0.012,1.228,8.252,16644,23067,0,36,33,33,1264944,33984,29,31,0
275,0.641,0.302,0.011,0.954,1.359,16644,23067,0,36,33,33,1264944,33984,29,31,0
276,0.631,0.262,0.011,0.904,1.087,16644,23067,0,36,33,33,1264944,33984,29,31,0
277,0.618,0.378,0.015,1.011,1.031,16644,23067,0,36,33,33,1264944,33984,29,31,0
278,0.636,0.839,0.012,1.487,1.148,16644,23067,0,36,33,33,1264944,33984,29,31,0
279,0.618,1.166,0.009,1.792,1.622,16644,23067,0,36,33,33,1264944,33984,29,31,0
280,0.579,2.827,0.009,3.415,1.923,16644,23067,0,36,33,33,1264944,33984,29,31,0
281,0.587,12.905,0.012,13.503,3.545,16644,23067,0,36,33,33,1264944,33984,29,31,0
282,0.641,7.239,0.010,7.889,13.643,16644,23067,0,36,33,33,1264944,33984,29,31,0
283,0.898,0.253,0.009,1.160,8.031,16644,23067,0,36,33,33,1264944,33984,29,31,0
284,0.639,0.479,0.010,1.127,1.301,16644,23067,0,36,33,33,1264944,33984,29,31,0
285,0.650,0.332,0.007,0.989,1.263,16644,23067,0,36,33,33,1264944,33984,29,31,0
286,0.668,0.362,0.008,1.038,1.123,16644,23067,0,36,33,33,1264944,33984,29,31,0
287,0.673,11.227,0.010,11.910,1.173,16644,23067,0,36,33,33,1264944,33984,29,31,0
288,0.927,7.397,0.013,8.337,12.066,16644,23067,0,36,33,33,1264944,33984,29,31,0
289,0.692,7.469,0.008,8.169,8.489,16644,23067,0,36,33,33,1264944,33984,29,31,0
290,0.709,0.697,0.014,1.421,8.327,16644,23067,0,36,33,33,1264944,33984,29,31,0
291,0.773,0.320,0.011,1.103,1.572,16644,23067,0,36,33,33,1264944,33984,29,31,0
292,0.726,0.351,0.015,1.092,1.254,16644,23067,0,36,33,33,1264944,33984,29,31,0
293,0.727,0.382,0.013,1.121,1.237,16644,23067,0,36,33,33,1264944,33984,29,31,0
294,0.685,4.044,0.011,4.740,1.277,16644,23067,0,36,33,33,1264944,33984,29,31,0
295,0.705,13.824,0.015,14.545,4.911,16644,23067,0,36,33,33,1264944,33984,29,31,0
296,0.943,7.233,0.011,8.187,14.711,16644,23067,0,36,33,33,1264944,33984,29,31,0
297,0.721,0.606,0.012,1.339,8.348,16644,23067,0,36,33,33,1264944,33984,29,31,0
298,0.801,0.283,0.013,1.096,1.500,16644,23067,0,36,33,33,1264944,33984,29,31,0
299,0.697,0.339,0.023,1.060,1.266,16644,23067,0,36,33,33,1264944,33984,29,31,0
300,0.723,0.373,0.012,1.108,1.203,16644,23067,0,36,33,33,1264944,33984,29,31,0
301,0.711,2.910,0.013,3.634,1.268,16644,23067,0,36,33,33,1264944,33984,29,31,0
302,0.701,15.506,0.013,16.221,3.793,16644,23067,0,36,33,33,1264944,33984,29,31,0
303,0.972,6.705,0.013,7.690,16.422,16644,23067,0,36,33,33,1264944,33984,29,31,0
304,0.802,0.574,0.035,1.411,7.868,16644,23067,0,36,33,33,1264944,33984,29,31,0
305,0.799,0.434,0.015,1.248,1.577,16644,23067,0,36,33,33,1264944,33984,29,31,0
306,1.052,0.345,0.010,1.407,1.422,16644,23067,0,36,33,33,1264944,33984,29,31,0
307,0.806,0.325,0.014,1.145,1.576,16644,23067,0,36,33,33,1264944,33984,29,31,0
308,0.706,1.018,0.014,1.737,1.306,16644,23067,0,36,33,33,1264944,33984,29,31,0
309,0.723,2.500,0.012,3.235,1.898,16644,23067,0,36,33,33,1264944,33984,29,31,0
310,1.016,13.054,0.014,14.084,3.435,16644,23067,0,36,33,33,1264944,33984,29,31,0
311,0.977,6.850,0.013,7.840,14.268,16644,23067,0,36,33,33,1264944,33984,29,31,0
312,0.805,0.374,0.010,1.189,8.017,16644,23067,0,36,33,33,1264944,33984,29,31,0
313,0.940,0.410,0.011,1.360,1.358,16644,23067,0,36,33,33,1264944,33984,29,31,0
314,0.778,4.459,0.013,5.250,1.526,16644,23067,0,36,33,33,1264944,33984,29,31,0
315,0.961,4.246,0.010,5.217,5.434,16644,23067,0,36,33,33,1264944,33984,29,31,0
316,0.831,10.378,0.017,11.226,5.389,16644,23067,0,36,33,33,1264944,33984,29,31,0
317,0.922,6.972,0.014,7.908,11.436,16644,23067,0,36,33,33,1264944,33984,29,31,0
318,1.086,6.698,0.015,7.800,8.113,16644,23067,0,36,33,33,1264944,33984,29,31,0
319,0.914,7.391,0.011,8.316,8.013,16644,23067,0,36,33,33,1264944,33984,29,31,0
320,1.071,7.372,0.019,8.462,8.535,16644,23067,0,36,33,33,1264944,33984,29,31,0
321,1.142,6.619,0.034,7.795,8.704,16644,23067,0,36,33,33,1264944,33984,29,31,0
322,1.117,0.480,0.016,1.614,8.039,16644,23067,0,36,33,33,1264944,33984,29,31,0
323,1.182,0.404,0.015,1.601,1.816,16644,23067,0,36,33,33,1264944,33984,29,31,0
324,0.941,0.471,0.023,1.435,1.800,16644,23067,0,36,33,33,1264944,33984,29,31,0
325,0.922,0.388,0.021,1.332,1.634,16644,23067,0,36,33,33,1264944,33984,29,31,0
326,0.914,0.392,0.014,1.320,1.524,16644,23067,0,36,33,33,1264944,33984,29,31,0
327,0.927,3.030,0.010,3.967,1.508,16644,23067,0,36,33,33,1264944,33984,29,31,0
328,1.053,11.531,0.015,12.599,4.182,16644,23067,0,36,33,33,1264944,33984,29,31,0
329,1.069,6.820,0.013,7.901,12.841,16644,23067,0,36,33,33,1264944,33984,29,31,0
330,1.269,0.524,0.014,1.807,8.242,16644,23067,0,36,33,33,1264944,33984,29,31,0
331,1.014,0.552,0.018,1.584,2.027,16644,23067,0,36,33,33,1264944,33984,29,31,0
332,1.001,0.507,0.018,1.525,1.788,16644,23067,0,36,33,33,1264944,33984,29,31,0
333,0.955,3.444,0.026,4.425,1.733,16644,23067,0,36,33,33,1264944,33984,29,31,0
334,0.952,13.665,0.015,14.632,4.639,16644,23067,0,36,33,33,1264944,33984,29,31,0
335,1.101,6.672,0.014,7.786,14.843,16644,23067,0,36,33,33,1264944,33984,29,31,0
336,0.926,0.414,0.022,1.362,8.010,16644,23067,0,36,33,33,1264944,33984,29,31,0
337,1.165,0.471,0.016,1.652,1.575,16644,23067,0,36,33,33,1264944,33984,29,31,0
338,0.958,3.473,0.013,4.443,1.863,16644,23067,0,36,33,33,1264944,33984,29,31,0
339,0.959,3.603,0.012,4.574,4.651,16644,23067,0,36,33,33,1264944,33984,29,31,0
340,0.961,11.488,0.015,12.463,4.777,16644,23067,0,36,33,33,1264944,33984,29,31,0
341,1.083,6.656,0.025,7.763,12.686,16644,23067,0,36,33,33,1264944,33984,29,31,0
342,1.183,0.506,0.024,1.712,8.050,16644,23067,0,36,33,33,1264944,33984,29,31,0
343,0.927,0.535,0.014,1.476,1.938,16644,23067,0,36,33,33,1264944,33984,29,31,0
344,1.120,0.613,0.015,1.749,1.689,16644,23067,0,36,33,33,1264944,33984,29,31,0
345,1.013,1.234,0.012,2.258,1.971,16644,23067,0,36,33,33,1264944,33984,29,31,0
346,0.957,3.579,0.015,4.551,2.466,16644,23067,0,36,33,33,1264944,33984,29,31,0
347,0.968,11.203,0.017,12.188,4.765,16644,23067,0,36,33,33,1264944,33984,29,31,0
348,0.973,6.764,0.018,7.755,12.411,16644,23067,0,36,33,33,1264944,33984,29,31,0
349,0.951,0.454,0.020,1.425,7.981,16644,23067,0,36,33,33,1264944,33984,29,31,0
350,0.964,0.481,0.020,1.465,1.621,16644,23067,0,36,33,33,1264944,33984,29,31,0
351,1.092,0.471,0.018,1.582,1.663,16644,23067,0,36,33,33,1264944,33984,29,31,0
352,1.035,1.638,0.013,2.686,1.783,16644,23067,0,36,33,33,1264944,33984,29,31,0
353,0.935,2.861,0.015,3.811,2.913,16644,23067,0,36,33,33,1264944,33984,29,31,0
354,0.856,12.394,0.014,13.264,3.991,16644,23067,0,36,33,33,1264944,33984,29,31,0
355,1.014,6.586,0.025,7.625,13.491,16644,23067,0,36,33,33,1264944,33984,29,31,0
356,1.074,0.387,0.016,1.477,7.843,16644,23067,0,36,33,33,1264944,33984,29,31,0
357,0.945,0.421,0.016,1.383,1.676,16644,23067,0,36,33,33,1264944,33984,29,31,0
358,0.917,0.755,0.023,1.696,1.589,16644,23067,0,36,33,33,1264944,33984,29,31,0
359,0.995,0.706,0.018,1.720,1.907,16644,23067,0,36,33,33,1264944,33984,29,31,0
360,0.963,0.432,52.406,53.801,1.921,16644,23067,0,36,33,33,1264944,33984,29,31,0
361,0.677,0.385,0.013,1.075,53.910,16644,23067,0,36,33,33,1264944,33984,29,31,0
362,0.872,1.415,0.013,2.301,1.197,16644,23067,0,36,33,33,1264944,33984,29,31,0
363,0.553,5.223,0.016,5.791,2.421,16644,23067,0,36,33,33,1264944,33984,29,31,0
364,0.834,0.620,0.012,1.465,5.909,16644,23067,0,36,33,33,1264944,33984,29,31,0
365,0.521,4.392,0.011,4.923,1.577,16644,23067,0,36,33,33,1264944,33984,29,31,0
366,0.569,9.679,0.010,10.258,5.063,16644,23067,0,36,33,33,1264944,33984,29,31,0
367,0.586,6.949,0.008,7.543,10.390,16644,23067,0,36,33,33,1264944,33984,29,31,0
368,0.844,0.622,0.027,1.492,7.668,16644,23067,0,36,33,33,1264944,33984,29,31,0
369,0.819,0.417,0.015,1.251,1.703,16644,23067,0,36,33,33,1264944,33984,29,31,0
370,0.589,0.362,0.015,0.966,1.378,16644,23067,0,36,33,33,1264944,33984,29,31,0
371,0.634,2.626,0.013,3.273,1.090,16644,23067,0,36,33,33,1264944,33984,29,31,0
372,0.576,0.295,0.007,0.878,3.394,16644,23067,0,36,33,33,1264944,33984,29,31,0
373,0.555,3.177,0.008,3.740,1.000,16644,23067,0,36,33,33,1264944,33984,29,31,0
374,0.832,12.278,0.008,13.118,3.860,16644,23067,0,36,33,33,1264944,33984,29,31,0
375,0.590,7.128,0.008,7.726,13.252,16644,23067,0,36,33,33,1264944,33984,29,31,0
376,0.574,0.544,0.012,1.130,7.854,16644,23067,0,36,33,33,1264944,33984,29,31,0
377,0.879,0.369,0.011,1.259,1.263,16644,23067,0,36,33,33,1264944,33984,29,31,0
378,0.644,0.320,0.010,0.974,1.385,16644,23067,0,36,33,33,1264944,33984,29,31,0
379,0.628,0.607,0.025,1.259,1.100,16644,23067,0,36,33,33,1264944,33984,29,31,0
380,0.908,10.764,0.009,11.681,1.453,16644,23067,0,36,33,33,1264944,33984,29,31,0
381,0.926,7.742,0.013,8.681,11.822,16644,23067,0,36,33,33,1264944,33984,29,31,0
382,0.962,6.475,0.008,7.444,8.842,16644,23067,0,36,33,33,1264944,33984,29,31,0
383,0.908,0.272,0.012,1.192,7.586,16644,23067,0,36,33,33,1264944,33984,29,31,0
384,0.639,0.580,0.014,1.234,1.336,16644,23067,0,36,33,33,1264944,33984,29,31,0
385,0.673,0.513,0.013,1.199,1.381,16644,23067,0,36,33,33,1264944,33984,29,31,0
386,0.996,0.577,0.020,1.592,1.432,16644,23067,0,36,33,33,1264944,33984,29,31,0
387,0.691,3.926,0.013,4.630,1.737,16644,23067,0,36,33,33,1264944,33984,29,31,0
388,0.676,13.890,0.009,14.575,4.792,16644,23067,0,36,33,33,1264944,33984,29,31,0
389,1.000,6.676,0.011,7.688,14.732,16644,23067,0,36,33,33,1264944,33984,29,31,0
390,0.703,0.599,0.018,1.320,7.865,16644,23067,0,36,33,33,1264944,33984,29,31,0
391,0.991,0.359,0.010,1.361,1.468,16644,23067,0,36,33,33,1264944,33984,29,31,0
392,0.700,0.345,0.008,1.053,1.527,16644,23067,0,36,33,33,1264944,33984,29,31,0
393,0.741,0.347,0.011,1.099,1.199,16644,23067,0,36,33,33,1264944,33984,29,31,0
394,0.611,10.658,0.012,11.281,1.232,16644,23067,0,36,33,33,1264944,33984,29,31,0
395,0.954,7.830,0.014,8.798,11.442,16644,23067,0,36,33,33,1264944,33984,29,31,0
396,0.757,6.547,0.019,7.323,8.955,16644,23067,0,36,33,33,1264944,33984,29,31,0
397,0.897,0.309,0.037,1.243,7.481,16644,23067,0,36,33,33,1264944,33984,29,31,0
398,0.699,0.390,0.013,1.102,1.404,16644,23067,0,36,33,33,1264944,33984,29,31,0
399,0.695,0.346,0.018,1.058,1.259,16644,23067,0,36,33,33,1264944,33984,29,31,0
400,0.700,0.355,0.017,1.072,1.200,16644,23067,0,36,33,33,1264944,33984,29,31,0
401,0.742,11.203,0.017,11.961,1.205,16644,23067,0,36,33,33,1264944,33984,29,31,0
402,0.730,7.761,0.012,8.504,12.122,16644,23067,0,36,33,33,1264944,33984,29,31,0
403,1.012,6.417,0.013,7.442,8.665,16644,23067,0,36,33,33,1264944,33984,29,31,0
404,0.800,0.332,0.016,1.148,7.620,16644,23067,0,36,33,33,1264944,33984,29,31,0
405,0.977,0.703,0.020,1.700,1.327,16644,23067,0,36,33,33,1264944,33984,29,31,0
406,0.725,0.387,0.008,1.119,1.848,16644,23067,0,36,33,33,1264944,33984,29,31,0
407,0.758,2.677,0.014,3.449,1.273,16644,23067,0,36,33,33,1264944,33984,29,31,0
408,0.719,3.726,0.016,4.461,3.609,16644,23067,0,36,33,33,1264944,33984,29,31,0
409,0.931,11.744,0.018,12.693,4.657,16644,23067,0,36,33,33,1264944,33984,29,31,0
410,0.806,7.003,0.014,7.822,12.873,16644,23067,0,36,33,33,1264944,33984,29,31,0
411,0.957,0.908,0.016,1.881,8.001,16644,23067,0,36,33,33,1264944,33984,29,31,0
412,0.830,0.379,0.014,1.223,2.063,16644,23067,0,36,33,33,1264944,33984,29,31,0
413,0.833,0.393,0.013,1.239,1.412,16644,23067,0,36,33,33,1264944,33984,29,31,0
414,0.829,0.409,0.017,1.255,1.424,16644,23067,0,36,33,33,1264944,33984,29,31,0
415,0.811,9.350,0.016,10.176,1.416,16644,23067,0,36,33,33,1264944,33984,29,31,0
416,0.985,7.615,0.015,8.615,10.369,16644,23067,0,36,33,33,1264944,33984,29,31,0
417,0.845,6.495,0.013,7.354,8.797,16644,23067,0,36,33,33,1264944,33984,29,31,0
418,0.955,0.341,0.019,1.316,7.549,16644,23067,0,36,33,33,1264944,33984,29,31,0
419,0.794,0.339,0.014,1.147,1.480,16644,23067,0,36,33,33,1264944,33984,29,31,0
420,24.764,1.297,0.018,26.078,5.706,16644,23067,0,36,33,33,1264944,33984,29,31,0
421,1.488,0.299,0.011,1.797,26.212,16644,23067,0,36,33,33,1264944,33984,29,31,0
422,7.094,0.588,0.009,7.691,1.907,16644,23067,0,36,33,33,1264944,33984,29,31,0
423,0.472,3.868,0.011,4.351,7.813,16644,23067,0,36,33,33,1264944,33984,29,31,0
424,0.448,0.237,0.011,0.696,4.470,16644,23067,0,36,33,33,1264944,33984,29,31,0
425,0.432,6.597,0.010,7.039,0.793,16644,23067,0,36,33,33,1264944,33984,29,31,0
426,0.440,7.767,0.009,8.216,7.150,16644,23067,0,36,33,33,1264944,33984,29,31,0
427,0.473,7.922,0.008,8.403,8.327,16644,23067,0,36,33,33,1264944,33984,29,31,0
428,0.470,2.885,0.008,3.362,8.507,16644,23067,0,36,33,33,1264944,33984,29,31,0
429,0.470,12.890,0.007,13.367,3.470,16644,23067,0,36,33,33,1264944,33984,29,31,0
430,0.515,7.260,0.010,7.785,13.480,16644,23067,0,36,33,33,1264944,33984,29,31,0
431,0.540,0.549,0.016,1.105,7.897,16644,23067,0,36,33,33,1264944,33984,29,31,0
432,0.526,0.285,0.010,0.821,1.218,16644,23067,0,36,33,33,1264944,33984,29,31,0
433,0.524,0.288,0.010,0.822,0.929,16644,23067,0,36,33,33,1264944,33984,29,31,0
434,0.501,4.842,0.010,5.352,0.927,16644,23067,0,36,33,33,1264944,33984,29,31,0
435,0.530,1.430,0.007,1.968,5.469,16644,23067,0,36,33,33,1264944,33984,29,31,0
436,0.561,14.382,0.014,14.957,2.089,16644,23067,0,36,33,33,1264944,33984,29,31,0
437,0.588,7.065,0.008,7.661,15.082,16644,23067,0,36,33,33,1264944,33984,29,31,0
438,0.620,0.595,0.012,1.227,7.788,16644,23067,0,36,33,33,1264944,33984,29,31,0
439,0.598,0.349,0.017,0.964,1.351,16644,23067,0,36,33,33,1264944,33984,29,31,0
440,0.585,0.342,0.018,0.945,1.086,16644,23067,0,36,33,33,1264944,33984,29,31,0
441,0.622,2.671,0.012,3.305,1.069,16644,23067,0,36,33,33,1264944,33984,29,31,0
442,0.600,0.633,0.011,1.244,3.435,16644,23067,0,36,33,33,1264944,33984,29,31,0
443,0.596,1.418,0.012,2.026,1.364,16644,23067,0,36,33,33,1264944,33984,29,31,0
444,0.601,14.172,0.012,14.784,2.144,16644,23067,0,36,33,33,1264944,33984,29,31,0
445,0.613,7.310,0.010,7.933,14.924,16644,23067,0,36,33,33,1264944,33984,29,31,0
446,0.638,0.450,0.013,1.101,8.078,16644,23067,0,36,33,33,1264944,33984,29,31,0
447,0.642,0.360,0.015,1.017,1.251,16644,23067,0,36,33,33,1264944,33984,29,31,0
448,0.656,0.305,0.011,0.973,1.164,16644,23067,0,36,33,33,1264944,33984,29,31,0
449,0.597,0.317,0.010,0.923,1.095,16644,23067,0,36,33,33,1264944,33984,29,31,0
450,0.628,0.268,0.015,0.911,1.052,16644,23067,0,36,33,33,1264944,33984,29,31,0
451,0.600,0.308,0.012,0.919,1.021,16644,23067,0,36,33,33,1264944,33984,29,31,0
452,0.589,3.182,0.009,3.780,1.031,16644,23067,0,36,33,33,1264944,33984,29,31,0
453,0.581,14.056,0.012,14.649,3.923,16644,23067,0,36,33,33,1264944,33984,29,31,0
454,0.649,7.158,0.011,7.818,14.791,16644,23067,0,36,33,33,1264944,33984,29,31,0
455,0.620,0.442,0.012,1.073,7.952,16644,23067,0,36,33,33,1264944,33984,29,31,0
456,0.655,1.522,0.009,2.186,1.213,16644,23067,0,36,33,33,1264944,33984,29,31,0
457,0.627,0.568,0.008,1.203,2.332,16644,23067,0,36,33,33,1264944,33984,29,31,0
458,0.783,1.218,0.012,2.013,1.331,16644,23067,0,36,33,33,1264944,33984,29,31,0
459,0.655,4.415,0.012,5.083,2.166,16644,23067,0,36,33,33,1264944,33984,29,31,0
460,0.924,14.599,0.014,15.538,5.230,16644,23067,0,36,33,33,1264944,33984,29,31,0
461,0.910,4.722,0.013,5.646,15.690,16644,23067,0,36,33,33,1264944,33984,29,31,0
462,0.683,0.297,0.014,0.994,5.810,16644,23067,0,36,33,33,1264944,33984,29,31,0
463,0.689,0.338,0.012,1.039,1.137,16644,23067,0,36,33,33,1264944,33984,29,31,0
464,0.731,1.632,0.011,2.374,1.188,16644,23067,0,36,33,33,1264944,33984,29,31,0
465,0.963,0.291,0.012,1.266,2.544,16644,23067,0,36,33,33,1264944,33984,29,31,0
466,0.755,2.036,0.009,2.800,1.414,16644,23067,0,36,33,33,1264944,33984,29,31,0
467,0.740,4.484,0.014,5.238,2.962,16644,23067,0,36,33,33,1264944,33984,29,31,0
468,0.906,8.925,0.011,9.842,5.398,16644,23067,0,36,33,33,1264944,33984,29,31,0
469,0.904,7.440,0.009,8.353,10.005,16644,23067,0,36,33,33,1264944,33984,29,31,0
470,0.751,0.415,0.015,1.181,8.516,16644,23067,0,36,33,33,1264944,33984,29,31,0
471,0.853,1.106,0.012,1.971,1.354,16644,23067,0,36,33,33,1264944,33984,29,31,0
472,0.838,0.293,0.015,1.147,2.354,16644,23067,0,36,33,33,1264944,33984,29,31,0
473,0.761,1.318,0.019,2.098,1.290,16644,23067,0,36,33,33,1264944,33984,29,31,0
474,0.720,4.208,0.012,4.939,2.268,16644,23067,0,36,33,33,1264944,33984,29,31,0
475,0.704,11.935,0.015,12.653,5.097,16644,23067,0,36,33,33,1264944,33984,29,31,0
476,0.944,6.866,0.022,7.831,12.852,16644,23067,0,36,33,33,1264944,33984,29,31,0
477,0.855,0.355,0.014,1.224,8.021,16644,23067,0,36,33,33,1264944,33984,29,31,0
478,1.094,1.135,0.010,2.240,1.397,16644,23067,0,36,33,33,1264944,33984,29,31,0
479,0.854,0.371,0.016,1.241,2.420,16644,23067,0,36,33,33,1264944,33984,29,31,0
480,0.854,1.206,0.017,2.077,1.418,16644,23067,0,36,33,33,1264944,33984,29,31,0
481,0.837,2.956,0.016,3.809,2.252,16644,23067,0,36,33,33,1264944,33984,29,31,0
482,0.977,12.691,0.017,13.685,3.988,16644,23067,0,36,33,33,1264944,33984,29,31,0
483,0.792,7.384,0.016,8.192,13.870,16644,23067,0,36,33,33,1264944,33984,29,31,0
484,0.925,0.412,0.017,1.354,8.406,16644,23067,0,36,33,33,1264944,33984,29,31,0
485,1.004,0.342,0.015,1.360,1.553,16644,23067,0,36,33,33,1264944,33984,29,31,0
486,0.785,0.348,0.013,1.146,1.561,16644,23067,0,36,33,33,1264944,33984,29,31,0
487,0.811,0.530,0.019,1.360,1.317,16644,23067,0,36,33,33,1264944,33984,29,31,0
488,0.795,1.425,0.019,2.239,1.535,16644,23067,0,36,33,33,1264944,33984,29,31,0
489,0.799,4.624,0.015,5.437,2.414,16644,23067,0,36,33,33,1264944,33984,29,31,0
490,0.987,10.029,0.014,11.031,5.629,16644,23067,0,36,33,33,1264944,33984,29,31,0
491,0.806,6.979,0.014,7.799,11.215,16644,23067,0,36,33,33,1264944,33984,29,31,0
492,1.070,8.859,0.013,9.943,7.999,16644,23067,0,36,33,33,1264944,33984,29,31,0
493,1.050,6.185,0.016,7.251,10.124,16644,23067,0,36,33,33,1264944,33984,29,31,0
494,1.085,5.976,0.013,7.075,7.480,16644,23067,0,36,33,33,1264944,33984,29,31,0
495,0.936,6.969,0.012,7.916,7.297,16644,23067,0,36,33,33,1264944,33984,29,31,0
496,0.960,0.392,0.019,1.370,8.130,16644,23067,0,36,33,33,1264944,33984,29,31,0
497,0.915,0.417,0.019,1.352,1.576,16644,23067,0,36,33,33,1264944,33984,29,31,0
498,0.945,1.091,0.017,2.054,1.544,16644,23067,0,36,33,33,1264944,33984,29,31,0
499,1.005,0.765,0.018,1.788,2.273,16644,23067,0,36,33,33,1264944,33984,29,31,0
500,0.926,0.412,0.011,1.349,1.990,16644,23067,0,36,33,33,1264944,33984,29,31,0
501,0.840,4.217,0.017,5.075,1.549,16644,23067,0,36,33,33,1264944,33984,29,31,0
502,0.798,10.256,0.014,11.068,5.263,16644,23067,0,36,33,33,1264944,33984,29,31,0
503,0.931,6.952,0.014,7.897,11.286,16644,23067,0,36,33,33,1264944,33984,29,31,0
504,1.048,0.387,0.016,1.451,8.111,16644,23067,0,36,33,33,1264944,33984,29,31,0
505,0.931,0.396,0.016,1.343,1.661,16644,23067,0,36,33,33,1264944,33984,29,31,0
506,0.968,1.320,0.016,2.304,1.538,16644,23067,0,36,33,33,1264944,33984,29,31,0
507,0.816,5.257,0.015,6.088,2.479,16644,23067,0,36,33,33,1264944,33984,29,31,0
508,0.830,12.037,0.015,12.882,6.277,16644,23067,0,36,33,33,1264944,33984,29,31,0
509,1.090,6.731,0.019,7.840,13.109,16644,23067,0,36,33,33,1264944,33984,29,31,0
510,0.993,0.420,0.020,1.432,8.067,16644,23067,0,36,33,33,1264944,33984,29,31,0
511,0.799,0.389,0.027,1.214,1.609,16644,23067,0,36,33,33,1264944,33984,29,31,0
512,0.784,0.741,0.019,1.544,1.381,16644,23067,0,36,33,33,1264944,33984,29,31,0
513,1.022,2.400,0.021,3.442,1.731,16644,23067,0,36,33,33,1264944,33984,29,31,0
514,0.862,3.299,0.013,4.174,3.625,16644,23067,0,36,33,33,1264944,33984,29,31,0
515,0.862,11.867,0.012,12.741,4.366,16644,23067,0,36,33,33,1264944,33984,29,31,0
516,0.863,6.910,0.015,7.788,12.954,16644,23067,0,36,33,33,1264944,33984,29,31,0
517,1.103,0.436,0.022,1.560,8.015,16644,23067,0,36,33,33,1264944,33984,29,31,0
518,0.915,0.412,0.015,1.341,1.765,16644,23067,0,36,33,33,1264944,33984,29,31,0
519,0.818,0.429,0.011,1.258,1.519,16644,23067,0,36,33,33,1264944,33984,29,31,0
520,0.814,0.405,0.021,1.240,1.430,16644,23067,0,36,33,33,1264944,33984,29,31,0
521,0.838,3.332,0.014,4.184,1.404,16644,23067,0,36,33,33,1264944,33984,29,31,0
522,0.863,13.652,0.012,14.528,4.362,16644,23067,0,36,33,33,1264944,33984,29,31,0
523,1.022,6.766,0.015,7.802,14.719,16644,23067,0,36,33,33,1264944,33984,29,31,0
524,1.091,0.439,0.019,1.549,8.018,16644,23067,0,36,33,33,1264944,33984,29,31,0
525,0.860,0.435,0.015,1.311,1.746,16644,23067,0,36,33,33,1264944,33984,29,31,0
526,0.795,0.474,0.022,1.291,1.487,16644,23067,0,36,33,33,1264944,33984,29,31,0
527,0.887,2.441,0.015,3.343,1.449,16644,23067,0,36,33,33,1264944,33984,29,31,0
528,0.809,3.401,0.010,4.220,3.525,16644,23067,0,36,33,33,1264944,33984,29,31,0
529,0.999,11.600,0.012,12.611,4.403,16644,23067,0,36,33,33,1264944,33984,29,31,0
530,1.139,6.530,0.018,7.686,12.839,16644,23067,0,36,33,33,1264944,33984,29,31,0
531,1.247,0.356,0.014,1.616,7.923,16644,23067,0,36,33,33,1264944,33984,29,31,0
532,0.794,0.682,0.015,1.491,1.789,16644,23067,0,36,33,33,1264944,33984,29,31,0
533,0.811,0.623,0.010,1.444,1.662,16644,23067,0,36,33,33,1264944,33984,29,31,0
534,0.806,0.414,0.013,1.233,1.620,16644,23067,0,36,33,33,1264944,33984,29,31,0
535,0.828,3.177,0.016,4.020,1.409,16644,23067,0,36,33,33,1264944,33984,29,31,0
536,1.043,13.362,0.012,14.417,4.206,16644,23067,0,36,33,33,1264944,33984,29,31,0
537,1.072,6.706,0.017,7.796,14.636,16644,23067,0,36,33,33,1264944,33984,29,31,0
538,0.940,0.386,0.015,1.341,8.005,16644,23067,0,36,33,33,1264944,33984,29,31,0
539,0.906,0.410,0.015,1.331,1.547,16644,23067,0,36,33,33,1264944,33984,29,31,0
540,1.073,0.519,108.328,109.920,1.530,16644,23067,0,36,33,33,1264944,33984,29,31,0
541,0.548,0.361,0.012,0.920,110.027,16644,23067,0,36,33,33,1264944,33984,29,31,0
542,0.481,9.849,0.010,10.340,1.015,16644,23067,0,36,33,33,1264944,33984,29,31,0
543,0.506,7.885,0.010,8.402,10.453,16644,23067,0,36,33,33,1264944,33984,29,31,0
544,0.528,0.899,0.011,1.438,8.523,16644,23067,0,36,33,33,1264944,33984,29,31,0
545,0.478,0.298,0.013,0.789,1.545,16644,23067,0,36,33,33,1264944,33984,29,31,0
546,0.498,0.555,0.012,1.065,0.883,16644,23067,0,36,33,33,1264944,33984,29,31,0
547,0.498,3.960,0.009,4.467,1.162,16644,23067,0,36,33,33,1264944,33984,29,31,0
548,0.496,3.141,0.009,3.646,4.576,16644,23067,0,36,33,33,1264944,33984,29,31,0
549,0.518,12.538,0.015,13.072,3.751,16644,23067,0,36,33,33,1264944,33984,29,31,0
550,0.539,7.448,0.015,8.002,13.189,16644,23067,0,36,33,33,1264944,33984,29,31,0
551,0.516,0.890,0.011,1.417,8.116,16644,23067,0,36,33,33,1264944,33984,29,31,0
552,0.526,0.287,0.010,0.822,1.532,16644,23067,0,36,33,33,1264944,33984,29,31,0
553,0.534,0.310,0.013,0.857,0.945,16644,23067,0,36,33,33,1264944,33984,29,31,0
554,0.518,4.093,0.012,4.623,0.958,16644,23067,0,36,33,33,1264944,33984,29,31,0
555,0.509,3.701,0.010,4.220,4.731,16644,23067,0,36,33,33,1264944,33984,29,31,0
556,0.600,12.147,0.011,12.758,4.376,16644,23067,0,36,33,33,1264944,33984,29,31,0
557,0.600,7.148,0.011,7.759,12.881,16644,23067,0,36,33,33,1264944,33984,29,31,0
558,0.593,0.508,0.010,1.110,7.883,16644,23067,0,36,33,33,1264944,33984,29,31,0
559,0.560,0.321,0.014,0.896,1.229,16644,23067,0,36,33,33,1264944,33984,29,31,0
560,0.569,3.262,0.011,3.842,1.004,16644,23067,0,36,33,33,1264944,33984,29,31,0
561,0.570,1.158,0.013,1.741,3.976,16644,23067,0,36,33,33,1264944,33984,29,31,0
562,0.538,3.462,0.014,4.014,1.868,16644,23067,0,36,33,33,1264944,33984,29,31,0
563,0.592,12.362,0.010,12.965,4.142,16644,23067,0,36,33,33,1264944,33984,29,31,0
564,0.596,7.240,0.009,7.844,13.095,16644,23067,0,36,33,33,1264944,33984,29,31,0
565,0.962,0.279,0.012,1.253,7.981,16644,23067,0,36,33,33,1264944,33984,29,31,0
566,0.625,0.362,0.011,0.998,1.392,16644,23067,0,36,33,33,1264944,33984,29,31,0
567,0.640,0.539,0.009,1.188,1.135,16644,23067,0,36,33,33,1264944,33984,29,31,0
568,0.598,0.481,0.012,1.090,1.329,16644,23067,0,36,33,33,1264944,33984,29,31,0
569,0.648,2.327,0.015,2.990,1.209,16644,23067,0,36,33,33,1264944,33984,29,31,0
570,0.574,2.808,0.009,3.392,3.126,16644,23067,0,36,33,33,1264944,33984,29,31,0
571,0.876,12.678,0.013,13.567,3.524,16644,23067,0,36,33,33,1264944,33984,29,31,0
572,0.655,7.126,0.011,7.792,13.704,16644,23067,0,36,33,33,1264944,33984,29,31,0
573,0.633,0.639,0.012,1.284,7.935,16644,23067,0,36,33,33,1264944,33984,29,31,0
574,0.634,0.325,0.011,0.970,1.420,16644,23067,0,36,33,33,1264944,33984,29,31,0
575,0.616,0.287,0.011,0.913,1.106,16644,23067,0,36,33,33,1264944,33984,29,31,0
576,0.839,0.381,0.012,1.232,1.028,16644,23067,0,36,33,33,1264944,33984,29,31,0
577,0.677,2.369,0.010,3.055,1.363,16644,23067,0,36,33,33,1264944,33984,29,31,0
578,0.610,3.167,0.010,3.787,3.195,16644,23067,0,36,33,33,1264944,33984,29,31,0
579,0.930,12.236,0.011,13.177,3.928,16644,23067,0,36,33,33,1264944,33984,29,31,0
580,0.931,6.975,0.014,7.920,13.336,16644,23067,0,36,33,33,1264944,33984,29,31,0
581,0.971,0.293,0.013,1.276,8.065,16644,23067,0,36,33,33,1264944,33984,29,31,0
582,0.698,0.847,0.013,1.558,1.427,16644,23067,0,36,33,33,1264944,33984,29,31,0
583,0.681,0.410,0.009,1.100,1.704,16644,23067,0,36,33,33,1264944,33984,29,31,0
584,0.712,0.419,0.017,1.148,1.241,16644,23067,0,36,33,33,1264944,33984,29,31,0
585,0.678,3.860,0.008,4.546,1.297,16644,23067,0,36,33,33,1264944,33984,29,31,0
586,0.625,13.891,0.012,14.528,4.693,16644,23067,0,36,33,33,1264944,33984,29,31,0
587,0.691,7.316,0.013,8.020,14.696,16644,23067,0,36,33,33,1264944,33984,29,31,0
588,0.921,0.278,0.010,1.209,8.178,16644,23067,0,36,33,33,1264944,33984,29,31,0
589,0.701,0.350,0.018,1.069,1.367,16644,23067,0,36,33,33,1264944,33984,29,31,0
590,0.671,0.357,0.009,1.037,1.231,16644,23067,0,36,33,33,1264944,33984,29,31,0
591,0.679,0.411,0.013,1.103,1.191,16644,23067,0,36,33,33,1264944,33984,29,31,0
592,0.770,2.110,0.011,2.891,1.253,16644,23067,0,36,33,33,1264944,33984,29,31,0
593,0.612,2.811,0.011,3.433,3.032,16644,23067,0,36,33,33,1264944,33984,29,31,0
594,0.913,13.053,0.011,13.976,3.583,16644,23067,0,36,33,33,1264944,33984,29,31,0
595,1.001,6.351,0.013,7.365,14.135,16644,23067,0,36,33,33,1264944,33984,29,31,0
596,0.703,0.346,0.015,1.064,7.529,16644,23067,0,36,33,33,1264944,33984,29,31,0
597,0.706,0.347,0.012,1.065,1.219,16644,23067,0,36,33,33,1264944,33984,29,31,0
598,0.983,0.379,0.015,1.377,1.218,16644,23067,0,36,33,33,1264944,33984,29,31,0
599,0.727,2.479,0.018,3.223,1.528,16644,23067,0,36,33,33,1264944,33984,29,31,0
600,19.219,1.317,0.018,20.554,5.387,16644,23067,0,36,33,33,1264944,33984,29,31,0
601,1.283,0.268,0.016,1.567,20.656,16644,23067,0,36,33,33,1264944,33984,29,31,0
602,4.898,0.489,0.008,5.394,1.696,16644,23067,0,36,33,33,1264944,33984,29,31,0
603,0.431,5.288,0.011,5.730,5.498,16644,23067,0,36,33,33,1264944,33984,29,31,0
604,0.428,7.959,0.010,8.397,5.840,16644,23067,0,36,33,33,1264944,33984,29,31,0
605,0.446,7.878,0.007,8.331,8.503,16644,23067,0,36,33,33,1264944,33984,29,31,0
606,0.462,7.746,0.007,8.216,8.431,16644,23067,0,36,33,33,1264944,33984,29,31,0
607,0.486,0.742,0.011,1.239,8.318,16644,23067,0,36,33,33,1264944,33984,29,31,0
608,0.511,0.265,0.011,0.787,1.349,16644,23067,0,36,33,33,1264944,33984,29,31,0
609,0.463,5.544,0.008,6.015,0.876,16644,23067,0,36,33,33,1264944,33984,29,31,0
610,0.473,3.430,0.008,3.911,6.122,16644,23067,0,36,33,33,1264944,33984,29,31,0
611,0.514,12.420,0.010,12.944,4.033,16644,23067,0,36,33,33,1264944,33984,29,31,0
612,0.572,7.389,0.011,7.972,13.060,16644,23067,0,36,33,33,1264944,33984,29,31,0
613,0.544,0.473,0.009,1.027,8.108,16644,23067,0,36,33,33,1264944,33984,29,31,0
614,0.559,0.297,0.007,0.863,1.147,16644,23067,0,36,33,33,1264944,33984,29,31,0
615,0.528,0.306,0.008,0.842,0.974,16644,23067,0,36,33,33,1264944,33984,29,31,0
616,0.569,0.623,0.025,1.217,0.938,16644,23067,0,36,33,33,1264944,33984,29,31,0
617,0.737,0.400,0.013,1.150,1.371,16644,23067,0,36,33,33,1264944,33984,29,31,0
618,0.611,1.575,0.009,2.194,1.281,16644,23067,0,36,33,33,1264944,33984,29,31,0
619,0.550,3.399,0.017,3.966,2.326,16644,23067,0,36,33,33,1264944,33984,29,31,0
620,0.570,12.457,0.010,13.038,4.086,16644,23067,0,36,33,33,1264944,33984,29,31,0
621,0.595,7.256,0.009,7.860,13.163,16644,23067,0,36,33,33,1264944,33984,29,31,0
622,0.613,0.545,0.012,1.170,7.986,16644,23067,0,36,33,33,1264944,33984,29,31,0
623,0.604,0.337,0.009,0.950,1.298,16644,23067,0,36,33,33,1264944,33984,29,31,0
624,0.621,0.351,0.015,0.986,1.075,16644,23067,0,36,33,33,1264944,33984,29,31,0
625,0.614,0.418,0.019,1.051,1.105,16644,23067,0,36,33,33,1264944,33984,29,31,0
626,0.609,11.528,0.009,12.147,1.176,16644,23067,0,36,33,33,1264944,33984,29,31,0
627,0.605,7.973,0.012,8.590,12.287,16644,23067,0,36,33,33,1264944,33984,29,31,0
628,0.614,6.908,0.011,7.533,8.733,16644,23067,0,36,33,33,1264944,33984,29,31,0
629,0.653,0.451,0.012,1.116,7.680,16644,23067,0,36,33,33,1264944,33984,29,31,0
630,0.626,0.371,0.011,1.008,1.258,16644,23067,0,36,33,33,1264944,33984,29,31,0
631,0.692,0.336,0.011,1.039,1.150,16644,23067,0,36,33,33,1264944,33984,29,31,0
632,0.667,0.353,0.008,1.029,1.170,16644,23067,0,36,33,33,1264944,33984,29,31,0
633,0.673,2.668,0.009,3.349,1.157,16644,23067,0,36,33,33,1264944,33984,29,31,0
634,0.605,3.322,0.008,3.935,3.483,16644,23067,0,36,33,33,1264944,33984,29,31,0
635,0.611,12.333,0.009,12.952,4.070,16644,23067,0,36,33,33,1264944,33984,29,31,0
636,0.646,7.124,0.016,7.786,13.098,16644,23067,0,36,33,33,1264944,33984,29,31,0
637,0.663,0.509,0.015,1.187,7.932,16644,23067,0,36,33,33,1264944,33984,29,31,0
638,0.653,0.330,0.011,0.993,1.322,16644,23067,0,36,33,33,1264944,33984,29,31,0
639,0.677,0.363,0.013,1.053,1.135,16644,23067,0,36,33,33,1264944,33984,29,31,0
640,0.646,0.347,0.017,1.010,1.172,16644,23067,0,36,33,33,1264944,33984,29,31,0
641,0.675,2.771,0.016,3.463,1.148,16644,23067,0,36,33,33,1264944,33984,29,31,0
642,0.643,3.556,0.008,4.207,3.605,16644,23067,0,36,33,33,1264944,33984,29,31,0
643,0.655,11.950,0.013,12.618,4.355,16644,23067,0,36,33,33,1264944,33984,29,31,0
644,0.938,6.757,0.014,7.709,12.775,16644,23067,0,36,33,33,1264944,33984,29,31,0
645,0.929,0.307,0.020,1.256,7.870,16644,23067,0,36,33,33,1264944,33984,29,31,0
646,0.691,0.380,0.019,1.089,1.409,16644,23067,0,36,33,33,1264944,33984,29,31,0
647,0.704,0.494,0.009,1.206,1.246,16644,23067,0,36,33,33,1264944,33984,29,31,0
648,0.684,0.347,0.013,1.044,1.356,16644,23067,0,36,33,33,1264944,33984,29,31,0
649,0.678,11.077,0.015,11.770,1.173,16644,23067,0,36,33,33,1264944,33984,29,31,0
650,0.997,7.504,0.012,8.513,11.934,16644,23067,0,36,33,33,1264944,33984,29,31,0
651,0.966,6.355,0.012,7.333,8.675,16644,23067,0,36,33,33,1264944,33984,29,31,0
652,1.020,0.313,0.012,1.346,7.492,16644,23067,0,36,33,33,1264944,33984,29,31,0
653,0.696,0.366,0.015,1.078,1.518,16644,23067,0,36,33,33,1264944,33984,29,31,0
654,0.679,0.388,0.015,1.082,1.229,16644,23067,0,36,33,33,1264944,33984,29,31,0
655,0.734,2.254,0.012,3.000,1.232,16644,23067,0,36,33,33,1264944,33984,29,31,0
656,0.764,0.474,0.012,1.250,3.166,16644,23067,0,36,33,33,1264944,33984,29,31,0
657,0.669,4.607,0.012,5.288,1.403,16644,23067,0,36,33,33,1264944,33984,29,31,0
658,0.683,10.917,0.018,11.618,5.452,16644,23067,0,36,33,33,1264944,33984,29,31,0
659,1.013,6.663,0.014,7.690,11.795,16644,23067,0,36,33,33,1264944,33984,29,31,0
660,0.783,7.083,0.014,7.880,7.888,16644,23067,0,36,33,33,1264944,33984,29,31,0
661,0.810,7.119,0.014,7.943,8.321,16644,23067,0,36,33,33,1264944,33984,29,31,0
662,1.003,7.196,0.010,8.209,8.128,16644,23067,0,36,33,33,1264944,33984,29,31,0
663,1.056,6.873,0.020,7.949,8.401,16644,23067,0,36,33,33,1264944,33984,29,31,0
664,0.926,0.385,0.015,1.327,8.168,16644,23067,0,36,33,33,1264944,33984,29,31,0
665,0.916,0.503,0.018,1.438,1.519,16644,23067,0,36,33,33,1264944,33984,29,31,0
666,0.780,0.596,0.012,1.388,1.612,16644,23067,0,36,33,33,1264944,33984,29,31,0
667,0.949,2.665,0.013,3.627,1.545,16644,23067,0,36,33,33,1264944,33984,29,31,0
668,0.784,2.831,0.014,3.629,3.809,16644,23067,0,36,33,33,1264944,33984,29,31,0
669,1.004,12.254,0.014,13.271,3.819,16644,23067,0,36,33,33,1264944,33984,29,31,0
670,1.080,6.555,0.018,7.653,13.483,16644,23067,0,36,33,33,1264944,33984,29,31,0
671,1.159,0.396,0.017,1.571,7.891,16644,23067,0,36,33,33,1264944,33984,29,31,0
672,0.936,0.433,0.015,1.384,1.764,16644,23067,0,36,33,33,1264944,33984,29,31,0
673,0.857,0.444,0.012,1.314,1.588,16644,23067,0,36,33,33,1264944,33984,29,31,0
674,0.842,0.423,0.015,1.281,1.486,16644,23067,0,36,33,33,1264944,33984,29,31,0
675,0.837,9.695,0.016,10.548,1.457,16644,23067,0,36,33,33,1264944,33984,29,31,0
676,1.002,7.518,0.023,8.543,10.752,16644,23067,0,36,33,33,1264944,33984,29,31,0
677,0.949,6.231,0.018,7.198,8.763,16644,23067,0,36,33,33,1264944,33984,29,31,0
678,0.936,0.450,0.021,1.407,7.426,16644,23067,0,36,33,33,1264944,33984,29,31,0
679,1.209,0.431,0.026,1.667,1.609,16644,23067,0,36,33,33,1264944,33984,29,31,0
680,0.937,0.441,0.025,1.403,1.875,16644,23067,0,36,33,33,1264944,33984,29,31,0
681,0.884,2.134,0.035,3.053,1.601,16644,23067,0,36,33,33,1264944,33984,29,31,0
682,0.778,3.213,0.010,4.001,3.234,16644,23067,0,36,33,33,1264944,33984,29,31,0
683,0.986,11.841,0.013,12.839,4.199,16644,23067,0,36,33,33,1264944,33984,29,31,0
684,1.124,6.475,0.014,7.613,13.051,16644,23067,0,36,33,33,1264944,33984,29,31,0
685,0.915,0.405,0.020,1.340,7.828,16644,23067,0,36,33,33,1264944,33984,29,31,0
686,0.919,0.444,0.019,1.383,1.531,16644,23067,0,36,33,33,1264944,33984,29,31,0
687,1.100,0.526,0.014,1.640,1.584,16644,23067,0,36,33,33,1264944,33984,29,31,0
688,1.027,1.036,0.024,2.086,1.842,16644,23067,0,36,33,33,1264944,33984,29,31,0
689,0.961,0.434,0.024,1.419,2.298,16644,23067,0,36,33,33,1264944,33984,29,31,0
690,0.862,2.442,0.025,3.329,1.609,16644,23067,0,36,33,33,1264944,33984,29,31,0
691,1.092,11.734,0.016,12.843,3.524,16644,23067,0,36,33,33,1264944,33984,29,31,0
692,1.085,6.560,0.015,7.660,13.086,16644,23067,0,36,33,33,1264944,33984,29,31,0
693,0.919,0.388,0.018,1.326,7.888,16644,23067,0,36,33,33,1264944,33984,29,31,0
694,0.909,0.533,0.021,1.462,1.536,16644,23067,0,36,33,33,1264944,33984,29,31,0
695,1.084,0.818,0.015,1.917,1.658,16644,23067,0,36,33,33,1264944,33984,29,31,0
696,0.815,0.410,0.010,1.234,2.093,16644,23067,0,36,33,33,1264944,33984,29,31,0
697,0.846,3.370,0.070,4.286,1.412,16644,23067,0,36,33,33,1264944,33984,29,31,0
698,1.232,12.816,0.015,14.063,4.547,16644,23067,0,36,33,33,1264944,33984,29,31,0
699,1.056,6.549,0.019,7.624,14.252,16644,23067,0,36,33,33,1264944,33984,29,31,0
700,0.934,0.393,0.029,1.355,7.848,16644,23067,0,36,33,33,1264944,33984,29,31,0
701,0.788,0.423,0.018,1.229,1.547,16644,23067,0,36,33,33,1264944,33984,29,31,0
702,0.957,0.481,0.018,1.456,1.400,16644,23067,0,36,33,33,1264944,33984,29,31,0
703,0.951,2.642,0.012,3.605,1.641,16644,23067,0,36,33,33,1264944,33984,29,31,0
704,0.800,3.346,0.017,4.163,3.785,16644,23067,0,36,33,33,1264944,33984,29,31,0
705,0.880,11.560,0.015,12.454,4.368,16644,23067,0,36,33,33,1264944,33984,29,31,0
706,1.527,6.323,0.015,7.865,12.640,16644,23067,0,36,33,33,1264944,33984,29,31,0
707,1.087,0.403,0.024,1.514,8.095,16644,23067,0,36,33,33,1264944,33984,29,31,0
708,0.939,0.472,0.013,1.424,1.713,16644,23067,0,36,33,33,1264944,33984,29,31,0
709,0.825,1.598,0.021,2.445,1.599,16644,23067,0,36,33,33,1264944,33984,29,31,0
710,0.927,0.720,0.012,1.659,2.625,16644,23067,0,36,33,33,1264944,33984,29,31,0
711,0.816,4.072,0.024,4.912,1.845,16644,23067,0,36,33,33,1264944,33984,29,31,0
712,1.109,11.337,0.016,12.462,5.132,16644,23067,0,36,33,33,1264944,33984,29,31,0
713,1.085,6.677,0.014,7.775,12.711,16644,23067,0,36,33,33,1264944,33984,29,31,0
714,0.924,0.658,0.017,1.599,7.994,16644,23067,0,36,33,33,1264944,33984,29,31,0
715,1.084,0.502,0.012,1.598,1.803,16644,23067,0,36,33,33,1264944,33984,29,31,0
716,0.975,0.586,0.016,1.577,1.812,16644,23067,0,36,33,33,1264944,33984,29,31,0
717,0.970,1.001,0.014,1.984,1.778,16644,23067,0,36,33,33,1264944,33984,29,31,0
718,0.914,3.062,0.021,3.997,2.186,16644,23067,0,36,33,33,1264944,33984,29,31,0
719,1.132,12.019,0.016,13.167,4.207,16644,23067,0,36,33,33,1264944,33984,29,31,0
720,1.089,6.437,53.195,60.721,13.417,16644,23067,0,36,33,33,1264944,33984,29,31,0
721,0.682,0.396,0.019,1.097,60.845,16644,23067,0,36,33,33,1264944,33984,29,31,0
722,0.598,2.571,0.010,3.180,1.212,16644,23067,0,36,33,33,1264944,33984,29,31,0
723,0.660,8.197,0.015,8.871,3.328,16644,23067,0,36,33,33,1264944,33984,29,31,0
724,0.689,0.658,0.014,1.361,8.991,16644,23067,0,36,33,33,1264944,33984,29,31,0
725,0.569,0.344,0.013,0.927,1.475,16644,23067,0,36,33,33,1264944,33984,29,31,0
726,0.528,0.358,0.013,0.898,1.025,16644,23067,0,36,33,33,1264944,33984,29,31,0
727,0.553,3.785,0.012,4.349,1.004,16644,23067,0,36,33,33,1264944,33984,29,31,0
728,0.557,3.577,0.015,4.149,4.460,16644,23067,0,36,33,33,1264944,33984,29,31,0
729,0.558,12.301,0.011,12.871,4.283,16644,23067,0,36,33,33,1264944,33984,29,31,0
730,0.610,7.052,0.012,7.674,12.983,16644,23067,0,36,33,33,1264944,33984,29,31,0
731,0.509,0.705,0.014,1.228,7.790,16644,23067,0,36,33,33,1264944,33984,29,31,0
732,0.504,0.300,0.008,0.813,1.340,16644,23067,0,36,33,33,1264944,33984,29,31,0
733,0.523,0.403,0.012,0.938,0.908,16644,23067,0,36,33,33,1264944,33984,29,31,0
734,0.509,1.400,0.011,1.920,1.029,16644,23067,0,36,33,33,1264944,33984,29,31,0
735,0.519,3.745,0.008,4.273,2.018,16644,23067,0,36,33,33,1264944,33984,29,31,0
736,0.530,15.067,0.007,15.605,4.390,16644,23067,0,36,33,33,1264944,33984,29,31,0
737,0.564,7.362,0.013,7.939,15.723,16644,23067,0,36,33,33,1264944,33984,29,31,0
738,0.578,0.643,0.012,1.234,8.061,16644,23067,0,36,33,33,1264944,33984,29,31,0
739,0.628,0.335,0.013,0.976,1.377,16644,23067,0,36,33,33,1264944,33984,29,31,0
740,0.574,0.302,0.011,0.886,1.094,16644,23067,0,36,33,33,1264944,33984,29,31,0
741,0.557,1.346,0.010,1.913,0.991,16644,23067,0,36,33,33,1264944,33984,29,31,0
742,0.559,4.129,0.010,4.698,2.022,16644,23067,0,36,33,33,1264944,33984,29,31,0
743,0.592,14.099,0.012,14.703,4.834,16644,23067,0,36,33,33,1264944,33984,29,31,0
744,0.606,7.284,0.012,7.902,14.840,16644,23067,0,36,33,33,1264944,33984,29,31,0
745,0.635,0.546,0.012,1.193,8.036,16644,23067,0,36,33,33,1264944,33984,29,31,0
746,0.621,0.308,0.012,0.941,1.333,16644,23067,0,36,33,33,1264944,33984,29,31,0
747,0.598,0.316,0.010,0.924,1.068,16644,23067,0,36,33,33,1264944,33984,29,31,0
748,0.623,4.159,0.012,4.793,1.039,16644,23067,0,36,33,33,1264944,33984,29,31,0
749,0.603,3.660,0.016,4.278,4.932,16644,23067,0,36,33,33,1264944,33984,29,31,0
750,0.626,11.997,0.013,12.637,4.419,16644,23067,0,36,33,33,1264944,33984,29,31,0
751,0.692,7.021,0.008,7.721,12.784,16644,23067,0,36,33,33,1264944,33984,29,31,0
752,0.648,0.486,0.012,1.146,7.870,16644,23067,0,36,33,33,1264944,33984,29,31,0
753,0.659,0.334,0.021,1.015,1.284,16644,23067,0,36,33,33,1264944,33984,29,31,0
754,0.664,0.346,0.009,1.019,1.148,16644,23067,0,36,33,33,1264944,33984,29,31,0
755,0.678,3.859,0.012,4.549,1.155,16644,23067,0,36,33,33,1264944,33984,29,31,0
756,0.624,3.673,0.010,4.308,4.694,16644,23067,0,36,33,33,1264944,33984,29,31,0
757,0.651,11.803,0.010,12.464,4.446,16644,23067,0,36,33,33,1264944,33984,29,31,0
758,0.643,7.064,0.012,7.719,12.623,16644,23067,0,36,33,33,1264944,33984,29,31,0
759,0.703,0.459,0.013,1.174,7.857,16644,23067,0,36,33,33,1264944,33984,29,31,0
760,0.743,0.335,0.011,1.089,1.331,16644,23067,0,36,33,33,1264944,33984,29,31,0
761,0.654,0.856,0.010,1.520,1.228,16644,23067,0,36,33,33,1264944,33984,29,31,0
762,0.618,3.143,0.008,3.769,1.657,16644,23067,0,36,33,33,1264944,33984,29,31,0
763,0.625,3.203,0.015,3.843,3.914,16644,23067,0,36,33,33,1264944,33984,29,31,0
764,0.694,12.564,0.009,13.267,3.977,16644,23067,0,36,33,33,1264944,33984,29,31,0
765,0.731,7.089,0.015,7.835,13.445,16644,23067,0,36,33,33,1264944,33984,29,31,0
766,0.730,0.557,0.015,1.302,7.996,16644,23067,0,36,33,33,1264944,33984,29,31,0
767,0.723,0.375,0.008,1.106,1.456,16644,23067,0,36,33,33,1264944,33984,29,31,0
768,0.723,0.378,0.015,1.116,1.254,16644,23067,0,36,33,33,1264944,33984,29,31,0
769,0.731,0.401,0.013,1.146,1.266,16644,23067,0,36,33,33,1264944,33984,29,31,0
770,0.735,4.549,0.014,5.298,1.291,16644,23067,0,36,33,33,1264944,33984,29,31,0
771,0.723,13.681,0.016,14.420,5.453,16644,23067,0,36,33,33,1264944,33984,29,31,0
772,0.819,6.907,0.010,7.736,14.610,16644,23067,0,36,33,33,1264944,33984,29,31,0
773,0.807,0.336,0.014,1.158,7.928,16644,23067,0,36,33,33,1264944,33984,29,31,0
774,0.778,0.422,0.014,1.214,1.373,16644,23067,0,36,33,33,1264944,33984,29,31,0
775,0.780,0.649,0.016,1.444,1.387,16644,23067,0,36,33,33,1264944,33984,29,31,0
776,0.875,1.682,0.010,2.567,1.607,16644,23067,0,36,33,33,1264944,33984,29,31,0
777,0.817,0.387,0.013,1.217,2.744,16644,23067,0,36,33,33,1264944,33984,29,31,0
778,0.730,2.696,0.013,3.438,1.391,16644,23067,0,36,33,33,1264944,33984,29,31,0
779,0.757,12.416,0.010,13.183,3.609,16644,23067,0,36,33,33,1264944,33984,29,31,0
780,11.785,1.285,0.015,13.086,7.563,16750,23167,0,36,33,33,1273000,34824,29,31,0
781,1.543,0.369,0.010,1.922,13.197,16750,23167,0,36,33,33,1273000,34824,29,31,0
782,3.282,0.329,0.009,3.620,2.021,16750,23167,0,36,33,33,1273000,34824,29,31,0
783,0.502,5.927,0.013,6.442,3.741,16750,23167,0,36,33,33,1273000,34824,29,31,0
784,0.498,6.732,0.013,7.243,6.571,16750,23167,0,36,33,33,1273000,34824,29,31,0
785,0.525,8.219,0.013,8.756,7.362,16750,23167,0,36,33,33,1273000,34824,29,31,0
786,0.503,7.688,0.016,8.207,8.874,16750,23167,0,36,33,33,1273000,34824,29,31,0
787,0.484,7.837,0.010,8.331,8.338,16750,23167,0,36,33,33,1273000,34824,29,31,0
788,0.516,7.509,0.009,8.034,8.455,16750,23167,0,36,33,33,1273000,34824,29,31,0
789,0.552,0.770,0.011,1.333,8.164,16750,23167,0,36,33,33,1273000,34824,29,31,0
790,0.526,0.327,0.012,0.865,1.462,16750,23167,0,36,33,33,1273000,34824,29,31,0
791,0.548,0.266,0.012,0.826,0.986,16750,23167,0,36,33,33,1273000,34824,29,31,0
792,0.524,0.334,0.010,0.869,0.942,16750,23167,0,36,33,33,1273000,34824,29,31,0
793,0.559,0.249,0.011,0.818,0.987,16750,23167,0,36,33,33,1273000,34824,29,31,0
794,0.555,1.376,0.012,1.944,0.927,16750,23167,0,36,33,33,1273000,34824,29,31,0
795,0.569,17.289,0.011,17.869,2.062,16750,23167,0,36,33,33,1273000,34824,29,31,0
796,0.600,7.192,0.009,7.801,18.007,16750,23167,0,36,33,33,1273000,34824,29,31,0
797,0.617,0.580,0.012,1.209,7.934,16750,23167,0,36,33,33,1273000,34824,29,31,0
798,0.606,0.326,0.014,0.947,1.338,16750,23167,0,36,33,33,1273000,34824,29,31,0
799,0.575,0.365,0.021,0.961,1.068,16750,23167,0,36,33,33,1273000,34824,29,31,0
800,0.562,0.247,0.013,0.822,1.092,16750,23167,0,36,33,33,1273000,34824,29,31,0
801,0.564,0.351,0.012,0.927,0.932,16750,23167,0,36,33,33,1273000,34824,29,31,0
802,0.572,3.410,0.011,3.993,1.058,16750,23167,0,36,33,33,1273000,34824,29,31,0
803,0.544,14.865,0.016,15.425,4.124,16750,23167,0,36,33,33,1273000,34824,29,31,0
804,0.612,7.215,0.029,7.856,15.570,16750,23167,0,36,33,33,1273000,34824,29,31,0
805,0.619,0.604,0.016,1.239,8.011,16750,23167,0,36,33,33,1273000,34824,29,31,0
806,0.625,0.355,0.012,0.993,1.385,16750,23167,0,36,33,33,1273000,34824,29,31,0
807,0.579,0.331,0.010,0.921,1.117,16750,23167,0,36,33,33,1273000,34824,29,31,0
808,0.577,0.332,0.012,0.921,1.043,16750,23167,0,36,33,33,1273000,34824,29,31,0
809,0.561,0.305,0.016,0.883,1.040,16750,23167,0,36,33,33,1273000,34824,29,31,0
810,0.550,0.376,0.038,0.964,1.007,16750,23167,0,36,33,33,1273000,34824,29,31,0
811,0.586,3.362,0.012,3.960,1.103,16750,23167,0,36,33,33,1273000,34824,29,31,0
812,0.569,13.635,0.010,14.215,4.105,16750,23167,0,36,33,33,1273000,34824,29,31,0
813,0.633,7.549,0.012,8.194,14.354,16750,23167,0,36,33,33,1273000,34824,29,31,0
814,0.597,0.510,0.012,1.119,8.345,16750,23167,0,36,33,33,1273000,34824,29,31,0
815,0.632,0.323,0.014,0.968,1.259,16750,23167,0,36,33,33,1273000,34824,29,31,0
816,0.607,0.341,0.013,0.961,1.105,16750,23167,0,36,33,33,1273000,34824,29,31,0
817,0.589,0.292,0.011,0.892,1.095,16750,23167,0,36,33,33,1273000,34824,29,31,0
818,0.612,0.347,0.013,0.972,1.011,16750,23167,0,36,33,33,1273000,34824,29,31,0
819,0.630,3.203,0.014,3.847,1.107,16750,23167,0,36,33,33,1273000,34824,29,31,0
820,0.610,14.846,0.012,15.469,4.001,16750,23167,0,36,33,33,1273000,34824,29,31,0
821,0.626,7.405,0.011,8.042,15.626,16750,23167,0,36,33,33,1273000,34824,29,31,0
822,0.657,0.437,0.011,1.104,8.205,16750,23167,0,36,33,33,1273000,34824,29,31,0
823,0.675,0.355,0.013,1.044,1.268,16750,23167,0,36,33,33,1273000,34824,29,31,0
824,0.628,0.307,0.008,0.942,1.188,16750,23167,0,36,33,33,1273000,34824,29,31,0
825,0.614,0.484,0.017,1.115,1.069,16750,23167,0,36,33,33,1273000,34824,29,31,0
826,0.750,0.477,0.014,1.241,1.324,16750,23167,0,36,33,33,1273000,34824,29,31,0
827,0.669,1.049,0.012,1.729,1.395,16750,23167,0,36,33,33,1273000,34824,29,31,0
828,0.606,3.366,0.009,3.980,1.859,16750,23167,0,36,33,33,1273000,34824,29,31,0
829,0.614,12.213,0.010,12.837,4.130,16750,23167,0,36,33,33,1273000,34824,29,31,0
830,0.832,7.133,0.012,7.976,12.991,16750,23167,0,36,33,33,1273000,34824,29,31,0
831,0.666,0.422,0.012,1.100,8.144,16750,23167,0,36,33,33,1273000,34824,29,31,0
832,0.669,0.355,0.009,1.034,1.260,16750,23167,0,36,33,33,1273000,34824,29,31,0
833,0.610,0.312,0.007,0.929,1.174,16750,23167,0,36,33,33,1273000,34824,29,31,0
834,0.647,0.333,0.008,0.987,1.057,16750,23167,0,36,33,33,1273000,34824,29,31,0
835,0.619,0.481,0.013,1.113,1.122,16750,23167,0,36,33,33,1273000,34824,29,31,0
836,0.672,1.334,0.009,2.015,1.258,16750,23167,0,36,33,33,1273000,34824,29,31,0
837,0.574,3.412,0.011,3.997,2.158,16750,23167,0,36,33,33,1273000,34824,29,31,0
838,0.913,11.826,0.011,12.750,4.148,16750,23167,0,36,33,33,1273000,34824,29,31,0
839,0.912,7.105,0.013,8.030,12.894,16750,23167,0,36,33,33,1273000,34824,29,31,0
840,0.663,0.445,0.013,1.121,8.201,16750,23167,0,36,33,33,1273000,34824,29,31,0
841,0.658,0.376,0.012,1.045,1.284,16750,23167,0,36,33,33,1273000,34824,29,31,0
842,0.913,0.417,0.015,1.346,1.199,16750,23167,0,36,33,33,1273000,34824,29,31,0
843,0.672,0.398,0.012,1.082,1.493,16750,23167,0,36,33,33,1273000,34824,29,31,0
844,0.644,0.271,0.013,0.928,1.234,16750,23167,0,36,33,33,1273000,34824,29,31,0
845,0.619,3.714,0.008,4.341,1.072,16750,23167,0,36,33,33,1273000,34824,29,31,0
846,0.583,13.838,0.013,14.434,4.496,16750,23167,0,36,33,33,1273000,34824,29,31,0
847,0.647,7.079,0.010,7.737,14.592,16750,23167,0,36,33,33,1273000,34824,29,31,0
848,0.690,7.765,0.012,8.468,7.892,16750,23167,0,36,33,33,1273000,34824,29,31,0
849,0.652,7.430,0.014,8.096,8.621,16750,23167,0,36,33,33,1273000,34824,29,31,0
850,0.761,7.578,0.016,8.355,8.289,16750,23167,0,36,33,33,1273000,34824,29,31,0
851,0.765,7.033,0.012,7.810,8.544,16750,23167,0,36,33,33,1273000,34824,29,31,0
852,0.743,0.347,0.020,1.111,8.011,16750,23167,0,36,33,33,1273000,34824,29,31,0
853,0.746,0.346,0.015,1.106,1.276,16750,23167,0,36,33,33,1273000,34824,29,31,0
854,0.743,0.353,0.021,1.118,1.287,16750,23167,0,36,33,33,1273000,34824,29,31,0
855,0.796,0.430,0.015,1.241,1.287,16750,23167,0,36,33,33,1273000,34824,29,31,0
856,0.760,10.428,0.012,11.200,1.413,16750,23167,0,36,33,33,1273000,34824,29,31,0
857,0.929,7.610,0.014,8.553,11.373,16750,23167,0,36,33,33,1273000,34824,29,31,0
858,0.755,7.040,0.014,7.809,8.753,16750,23167,0,36,33,33,1273000,34824,29,31,0
859,0.862,0.468,0.015,1.344,8.025,16750,23167,0,36,33,33,1273000,34824,29,31,0
860,0.910,0.381,0.013,1.304,1.551,16750,23167,0,36,33,33,1273000,34824,29,31,0
861,1.014,0.344,0.009,1.366,1.480,16750,23167,0,36,33,33,1273000,34824,29,31,0
862,0.758,0.345,0.016,1.119,1.536,16750,23167,0,36,33,33,1273000,34824,29,31,0
863,0.742,3.628,0.013,4.383,1.281,16750,23167,0,36,33,33,1273000,34824,29,31,0
864,0.783,13.898,0.013,14.694,4.572,16750,23167,0,36,33,33,1273000,34824,29,31,0
865,0.772,7.004,0.015,7.792,14.885,16750,23167,0,36,33,33,1273000,34824,29,31,0
866,1.066,0.422,0.025,1.514,8.012,16750,23167,0,36,33,33,1273000,34824,29,31,0
867,0.809,0.385,0.017,1.211,1.718,16750,23167,0,36,33,33,1273000,34824,29,31,0
868,0.765,0.490,0.012,1.268,1.378,16750,23167,0,36,33,33,1273000,34824,29,31,0
869,0.819,0.410,0.018,1.247,1.455,16750,23167,0,36,33,33,1273000,34824,29,31,0
870,0.778,9.872,0.009,10.660,1.416,16750,23167,0,36,33,33,1273000,34824,29,31,0
871,0.767,7.916,0.015,8.698,10.853,16750,23167,0,36,33,33,1273000,34824,29,31,0
872,0.983,6.606,0.015,7.605,8.882,16750,23167,0,36,33,33,1273000,34824,29,31,0
873,1.103,0.374,0.023,1.500,7.817,16750,23167,0,36,33,33,1273000,34824,29,31,0
874,0.777,0.433,0.016,1.226,1.694,16750,23167,0,36,33,33,1273000,34824,29,31,0
875,0.778,0.389,0.015,1.181,1.398,16750,23167,0,36,33,33,1273000,34824,29,31,0
876,0.835,0.415,0.015,1.265,1.358,16750,23167,0,36,33,33,1273000,34824,29,31,0
877,0.794,0.956,0.015,1.765,1.450,16750,23167,0,36,33,33,1273000,34824,29,31,0
878,0.758,2.889,0.017,3.664,1.942,16750,23167,0,36,33,33,1273000,34824,29,31,0
879,1.026,12.219,0.009,13.255,3.844,16750,23167,0,36,33,33,1273000,34824,29,31,0
880,0.928,6.889,0.009,7.826,13.449,16750,23167,0,36,33,33,1273000,34824,29,31,0
881,0.799,0.389,0.016,1.204,8.005,16750,23167,0,36,33,33,1273000,34824,29,31,0
882,1.127,0.348,0.013,1.488,1.407,16750,23167,0,36,33,33,1273000,34824,29,31,0
883,0.746,0.356,0.015,1.118,1.679,16750,23167,0,36,33,33,1273000,34824,29,31,0
884,0.787,0.383,0.020,1.190,1.301,16750,23167,0,36,33,33,1273000,34824,29,31,0
885,0.750,9.937,0.019,10.705,1.363,16750,23167,0,36,33,33,1273000,34824,29,31,0
886,0.962,8.015,0.017,8.995,10.902,16750,23167,0,36,33,33,1273000,34824,29,31,0
887,0.882,6.416,0.014,7.311,9.199,16750,23167,0,36,33,33,1273000,34824,29,31,0
888,0.876,0.375,0.022,1.273,7.530,16750,23167,0,36,33,33,1273000,34824,29,31,0
889,1.004,0.391,0.012,1.408,1.472,16750,23167,0,36,33,33,1273000,34824,29,31,0
890,0.870,0.425,0.019,1.313,1.614,16750,23167,0,36,33,33,1273000,34824,29,31,0
891,0.767,0.374,0.010,1.151,1.501,16750,23167,0,36,33,33,1273000,34824,29,31,0
892,0.798,9.826,0.015,10.639,1.323,16750,23167,0,36,33,33,1273000,34824,29,31,0
893,0.758,8.081,0.022,8.860,10.825,16750,23167,0,36,33,33,1273000,34824,29,31,0
894,1.057,6.218,0.016,7.292,9.084,16750,23167,0,36,33,33,1273000,34824,29,31,0
895,0.882,0.439,0.013,1.334,7.500,16750,23167,0,36,33,33,1273000,34824,29,31,0
896,0.892,0.416,0.042,1.349,1.535,16750,23167,0,36,33,33,1273000,34824,29,31,0
897,0.880,0.358,0.012,1.249,1.551,16750,23167,0,36,33,33,1273000,34824,29,31,0
898,0.762,0.349,0.015,1.126,1.422,16750,23167,0,36,33,33,1273000,34824,29,31,0
899,0.798,0.367,0.034,1.199,1.304,16750,23167,0,36,33,33,1273000,34824,29,31,0
900,0.770,8.667,38.451,47.888,1.362,16750,23167,0,36,33,33,1273000,34824,29,31,0
901,0.613,0.374,0.013,1.000,48.021,16750,23167,0,36,33,33,1273000,34824,29,31,0
902,0.534,0.924,0.011,1.469,1.151,16750,23167,0,36,33,33,1273000,34824,29,31,0
903,0.827,7.575,0.010,8.412,1.587,16750,23167,0,36,33,33,1273000,34824,29,31,0
904,0.568,0.591,0.012,1.171,8.538,16750,23167,0,36,33,33,1273000,34824,29,31,0
905,0.582,0.323,0.010,0.914,1.313,16750,23167,0,36,33,33,1273000,34824,29,31,0
906,0.870,0.369,0.008,1.247,1.041,16750,23167,0,36,33,33,1273000,34824,29,31,0
907,0.582,0.292,0.013,0.887,1.375,16750,23167,0,36,33,33,1273000,34824,29,31,0
908,0.558,0.338,0.008,0.905,1.017,16750,23167,0,36,33,33,1273000,34824,29,31,0
909,0.530,4.304,0.015,4.849,1.025,16750,23167,0,36,33,33,1273000,34824,29,31,0
910,0.537,13.928,0.006,14.471,4.977,16750,23167,0,36,33,33,1273000,34824,29,31,0
911,0.586,7.299,0.011,7.896,14.611,16750,23167,0,36,33,33,1273000,34824,29,31,0
912,0.873,0.433,0.012,1.319,8.033,16750,23167,0,36,33,33,1273000,34824,29,31,0
913,0.637,0.277,0.012,0.926,1.451,16750,23167,0,36,33,33,1273000,34824,29,31,0
914,0.563,0.296,0.021,0.880,1.046,16750,23167,0,36,33,33,1273000,34824,29,31,0
915,0.538,0.266,0.013,0.818,0.994,16750,23167,0,36,33,33,1273000,34824,29,31,0
916,0.575,0.486,0.009,1.070,0.943,16750,23167,0,36,33,33,1273000,34824,29,31,0
917,0.566,4.404,0.010,4.981,1.211,16750,23167,0,36,33,33,1273000,34824,29,31,0
918,0.817,13.604,0.011,14.432,5.118,16750,23167,0,36,33,33,1273000,34824,29,31,0
919,0.913,6.880,0.010,7.803,14.576,16750,23167,0,36,33,33,1273000,34824,29,31,0
920,0.624,0.505,0.011,1.139,7.949,16750,23167,0,36,33,33,1273000,34824,29,31,0
921,0.610,0.346,0.013,0.968,1.280,16750,23167,0,36,33,33,1273000,34824,29,31,0
922,0.722,0.268,0.011,1.002,1.098,16750,23167,0,36,33,33,1273000,34824,29,31,0
923,0.622,0.308,0.010,0.939,1.143,16750,23167,0,36,33,33,1273000,34824,29,31,0
924,0.630,0.356,0.018,1.003,1.073,16750,23167,0,36,33,33,1273000,34824,29,31,0
925,0.607,10.279,0.010,10.896,1.142,16750,23167,0,36,33,33,1273000,34824,29,31,0
926,0.914,7.972,0.022,8.907,11.050,16750,23167,0,36,33,33,1273000,34824,29,31,0
927,0.604,6.777,0.013,7.394,9.050,16750,23167,0,36,33,33,1273000,34824,29,31,0
928,0.548,0.520,0.012,1.079,7.536,16750,23167,0,36,33,33,1273000,34824,29,31,0
929,0.537,0.333,0.012,0.882,1.217,16750,23167,0,36,33,33,1273000,34824,29,31,0
930,0.547,0.330,0.014,0.891,1.003,16750,23167,0,36,33,33,1273000,34824,29,31,0
931,0.535,0.294,0.011,0.840,1.029,16750,23167,0,36,33,33,1273000,34824,29,31,0
932,0.543,0.344,0.015,0.902,0.982,16750,23167,0,36,33,33,1273000,34824,29,31,0
933,0.526,0.480,0.010,1.016,1.029,16750,23167,0,36,33,33,1273000,34824,29,31,0
934,0.569,3.913,0.010,4.492,1.179,16750,23167,0,36,33,33,1273000,34824,29,31,0
935,0.536,13.592,0.010,14.138,4.619,16750,23167,0,36,33,33,1273000,34824,29,31,0
936,0.592,7.186,0.011,7.788,14.280,16750,23167,0,36,33,33,1273000,34824,29,31,0
937,0.595,0.663,0.009,1.268,7.916,16750,23167,0,36,33,33,1273000,34824,29,31,0
938,0.590,0.315,0.018,0.923,1.396,16750,23167,0,36,33,33,1273000,34824,29,31,0
939,0.564,0.300,0.011,0.875,1.048,16750,23167,0,36,33,33,1273000,34824,29,31,0
940,0.558,0.328,0.012,0.898,1.000,16750,23167,0,36,33,33,1273000,34824,29,31,0
941,0.581,0.271,0.012,0.863,1.013,16750,23167,0,36,33,33,1273000,34824,29,31,0
942,0.565,10.756,0.010,11.332,0.984,16750,23167,0,36,33,33,1273000,34824,29,31,0
943,0.591,8.118,0.011,8.720,11.470,16750,23167,0,36,33,33,1273000,34824,29,31,0
944,0.611,6.931,0.012,7.554,8.851,16750,23167,0,36,33,33,1273000,34824,29,31,0
945,0.629,0.526,0.011,1.167,7.702,16750,23167,0,36,33,33,1273000,34824,29,31,0
946,0.636,0.351,0.010,0.996,1.313,16750,23167,0,36,33,33,1273000,34824,29,31,0
947,0.625,0.311,0.014,0.950,1.130,16750,23167,0,36,33,33,1273000,34824,29,31,0
948,0.716,0.280,0.009,1.005,1.083,16750,23167,0,36,33,33,1273000,34824,29,31,0
949,0.559,0.278,0.010,0.848,1.130,16750,23167,0,36,33,33,1273000,34824,29,31,0
950,0.558,10.388,0.011,10.958,0.978,16750,23167,0,36,33,33,1273000,34824,29,31,0
951,0.893,7.547,0.011,8.451,11.109,16750,23167,0,36,33,33,1273000,34824,29,31,0
952,0.608,7.502,0.012,8.121,8.591,16750,23167,0,36,33,33,1273000,34824,29,31,0
953,0.612,0.832,0.010,1.455,8.261,16750,23167,0,36,33,33,1273000,34824,29,31,0
954,0.853,0.333,0.009,1.195,1.596,16750,23167,0,36,33,33,1273000,34824,29,31,0
955,0.594,0.322,0.011,0.927,1.339,16750,23167,0,36,33,33,1273000,34824,29,31,0
956,0.629,0.350,0.011,0.990,1.060,16750,23167,0,36,33,33,1273000,34824,29,31,0
957,0.606,0.271,0.012,0.889,1.128,16750,23167,0,36,33,33,1273000,34824,29,31,0
958,0.598,3.590,0.009,4.196,1.017,16750,23167,0,36,33,33,1273000,34824,29,31,0
959,0.600,13.771,0.009,14.381,4.339,16750,23167,0,36,33,33,1273000,34824,29,31,0
960,20.992,0.806,0.013,21.811,7.862,16644,23067,0,36,33,33,1264944,33984,29,31,0
961,1.314,0.249,0.012,1.575,21.912,16644,23067,0,36,33,33,1264944,33984,29,31,0
962,3.528,0.526,0.011,4.064,1.694,16644,23067,0,36,33,33,1264944,33984,29,31,0
963,0.440,5.020,0.009,5.469,4.176,16644,23067,0,36,33,33,1264944,33984,29,31,0
964,0.438,1.174,0.008,1.620,5.578,16644,23067,0,36,33,33,1264944,33984,29,31,0
965,0.410,14.052,0.018,14.480,1.713,16644,23067,0,36,33,33,1264944,33984,29,31,0
966,0.473,7.890,0.010,8.372,14.592,16644,23067,0,36,33,33,1264944,33984,29,31,0
967,0.468,8.145,0.009,8.622,8.482,16644,23067,0,36,33,33,1264944,33984,29,31,0
968,0.498,7.268,0.010,7.776,8.735,16644,23067,0,36,33,33,1264944,33984,29,31,0
969,0.497,2.965,0.011,3.473,7.892,16644,23067,0,36,33,33,1264944,33984,29,31,0
970,0.495,12.733,0.010,13.238,3.576,16644,23067,0,36,33,33,1264944,33984,29,31,0
971,0.565,7.727,0.011,8.303,13.366,16644,23067,0,36,33,33,1264944,33984,29,31,0
972,0.573,0.838,0.013,1.424,8.440,16644,23067,0,36,33,33,1264944,33984,29,31,0
973,0.594,0.336,0.017,0.946,1.554,16644,23067,0,36,33,33,1264944,33984,29,31,0
974,0.593,2.250,0.013,2.857,1.057,16644,23067,0,36,33,33,1264944,33984,29,31,0
975,0.562,4.249,0.009,4.820,2.972,16644,23067,0,36,33,33,1264944,33984,29,31,0
976,0.578,13.856,0.010,14.444,4.940,16644,23067,0,36,33,33,1264944,33984,29,31,0
977,0.605,7.471,0.013,8.089,14.585,16644,23067,0,36,33,33,1264944,33984,29,31,0
978,0.655,0.388,0.009,1.052,8.235,16644,23067,0,36,33,33,1264944,33984,29,31,0
979,0.667,0.371,0.009,1.046,1.191,16644,23067,0,36,33,33,1264944,33984,29,31,0
980,0.600,0.326,0.022,0.949,1.171,16644,23067,0,36,33,33,1264944,33984,29,31,0
981,0.599,4.227,0.019,4.845,1.067,16644,23067,0,36,33,33,1264944,33984,29,31,0
982,0.586,3.864,0.011,4.461,4.982,16644,23067,0,36,33,33,1264944,33984,29,31,0
983,0.587,11.500,0.010,12.098,4.595,16644,23067,0,36,33,33,1264944,33984,29,31,0
984,0.668,7.214,0.007,7.889,12.247,16644,23067,0,36,33,33,1264944,33984,29,31,0
985,0.637,0.510,0.013,1.160,8.041,16644,23067,0,36,33,33,1264944,33984,29,31,0
986,0.638,0.328,0.015,0.980,1.301,16644,23067,0,36,33,33,1264944,33984,29,31,0
987,0.663,0.338,0.010,1.011,1.102,16644,23067,0,36,33,33,1264944,33984,29,31,0
988,0.656,4.063,0.008,4.727,1.147,16644,23067,0,36,33,33,1264944,33984,29,31,0
989,0.650,4.056,0.011,4.717,4.877,16644,23067,0,36,33,33,1264944,33984,29,31,0
990,0.645,11.257,0.012,11.914,4.860,16644,23067,0,36,33,33,1264944,33984,29,31,0
991,0.963,6.914,0.011,7.889,12.074,16644,23067,0,36,33,33,1264944,33984,29,31,0
992,0.701,0.532,0.012,1.244,8.051,16644,23067,0,36,33,33,1264944,33984,29,31,0
993,0.988,0.432,0.015,1.435,1.402,16644,23067,0,36,33,33,1264944,33984,29,31,0
994,0.699,0.375,0.026,1.100,1.585,16644,23067,0,36,33,33,1264944,33984,29,31,0
995,0.709,0.359,0.016,1.085,1.251,16644,23067,0,36,33,33,1264944,33984,29,31,0
996,0.726,10.451,0.010,11.187,1.224,16644,23067,0,36,33,33,1264944,33984,29,31,0
997,0.957,8.177,0.012,9.146,11.348,16644,23067,0,36,33,33,1264944,33984,29,31,0
998,0.726,6.321,0.009,7.056,9.312,16644,23067,0,36,33,33,1264944,33984,29,31,0
999,0.844,0.306,0.011,1.161,7.217,16644,23067,0,36,33,33,1264944,33984,29,31,0
1000,0.711,0.347,0.013,1.072,1.309,16644,23067,0,36,33,33,1264944,33984,29,31,0
1001,0.738,0.347,0.012,1.097,1.219,16644,23067,0,36,33,33,1264944,33984,29,31,0
1002,0.729,0.356,0.012,1.097,1.231,16644,23067,0,36,33,33,1264944,33984,29,31,0
1003,0.708,2.436,0.011,3.155,1.251,16644,23067,0,36,33,33,1264944,33984,29,31,0
1004,0.767,0.577,0.014,1.358,3.308,16644,23067,0,36,33,33,1264944,33984,29,31,0
1005,0.738,1.045,0.017,1.800,1.517,16644,23067,0,36,33,33,1264944,33984,29,31,0
1006,0.706,2.594,0.009,3.309,1.957,16644,23067,0,36,33,33,1264944,33984,29,31,0
1007,0.704,0.321,0.014,1.039,3.480,16644,23067,0,36,33,33,1264944,33984,29,31,0
1008,0.968,2.943,0.010,3.922,1.197,16644,23067,0,36,33,33,1264944,33984,29,31,0
1009,0.722,12.159,0.012,12.893,4.086,16644,23067,0,36,33,33,1264944,33984,29,31,0
1010,0.918,6.789,0.011,7.718,13.065,16644,23067,0,36,33,33,1264944,33984,29,31,0
1011,0.904,2.703,0.012,3.619,7.868,16644,23067,0,36,33,33,1264944,33984,29,31,0
1012,0.721,12.489,0.013,13.223,3.780,16644,23067,0,36,33,33,1264944,33984,29,31,0
1013,0.944,6.870,0.011,7.824,13.403,16644,23067,0,36,33,33,1264944,33984,29,31,0
1014,0.821,0.358,0.024,1.203,8.011,16644,23067,0,36,33,33,1264944,33984,29,31,0
1015,1.112,0.359,0.019,1.490,1.372,16644,23067,0,36,33,33,1264944,33984,29,31,0
1016,0.788,0.375,0.010,1.174,1.664,16644,23067,0,36,33,33,1264944,33984,29,31,0
1017,0.820,0.347,0.014,1.181,1.336,16644,23067,0,36,33,33,1264944,33984,29,31,0
1018,0.802,10.217,0.018,11.037,1.339,16644,23067,0,36,33,33,1264944,33984,29,31,0
1019,0.827,7.701,0.018,8.546,11.226,16644,23067,0,36,33,33,1264944,33984,29,31,0
1020,0.946,6.474,0.009,7.430,8.735,16644,23067,0,36,33,33,1264944,33984,29,31,0
1021,0.833,0.366,0.016,1.215,7.614,16644,23067,0,36,33,33,1264944,33984,29,31,0
1022,0.772,0.341,0.014,1.127,1.412,16644,23067,0,36,33,33,1264944,33984,29,31,0
1023,0.784,0.398,0.012,1.193,1.306,16644,23067,0,36,33,33,1264944,33984,29,31,0
1024,1.063,0.347,0.012,1.423,1.363,16644,23067,0,36,33,33,1264944,33984,29,31,0
1025,0.730,10.470,0.013,11.214,1.599,16644,23067,0,36,33,33,1264944,33984,29,31,0
1026,1.012,8.104,0.019,9.135,11.406,16644,23067,0,36,33,33,1264944,33984,29,31,0
1027,0.925,6.079,0.014,7.017,9.312,16644,23067,0,36,33,33,1264944,33984,29,31,0
1028,1.042,6.610,0.013,7.666,7.188,16644,23067,0,36,33,33,1264944,33984,29,31,0
1029,0.783,7.743,0.012,8.537,7.846,16644,23067,0,36,33,33,1264944,33984,29,31,0
1030,1.078,7.308,0.016,8.402,8.754,16644,23067,0,36,33,33,1264944,33984,29,31,0
1031,1.053,6.726,0.015,7.794,8.621,16644,23067,0,36,33,33,1264944,33984,29,31,0
1032,0.929,0.384,0.019,1.332,8.007,16644,23067,0,36,33,33,1264944,33984,29,31,0
1033,1.174,0.423,0.016,1.613,1.530,16644,23067,0,36,33,33,1264944,33984,29,31,0
1034,0.920,0.455,0.016,1.392,1.825,16644,23067,0,36,33,33,1264944,33984,29,31,0
1035,0.838,0.440,0.018,1.296,1.573,16644,23067,0,36,33,33,1264944,33984,29,31,0
1036,0.809,0.753,0.010,1.572,1.466,16644,23067,0,36,33,33,1264944,33984,29,31,0
1037,0.802,3.114,0.010,3.926,1.744,16644,23067,0,36,33,33,1264944,33984,29,31,0
1038,0.963,11.781,0.012,12.756,4.112,16644,23067,0,36,33,33,1264944,33984,29,31,0
1039,1.018,6.922,0.012,7.952,12.953,16644,23067,0,36,33,33,1264944,33984,29,31,0
1040,1.055,0.397,0.022,1.474,8.169,16644,23067,0,36,33,33,1264944,33984,29,31,0
1041,0.812,0.353,0.019,1.185,1.669,16644,23067,0,36,33,33,1264944,33984,29,31,0
1042,0.794,0.456,0.019,1.269,1.354,16644,23067,0,36,33,33,1264944,33984,29,31,0
1043,0.859,1.550,0.035,2.445,1.446,16644,23067,0,36,33,33,1264944,33984,29,31,0
1044,1.090,0.374,0.013,1.476,2.637,16644,23067,0,36,33,33,1264944,33984,29,31,0
1045,0.826,2.286,0.016,3.128,1.657,16644,23067,0,36,33,33,1264944,33984,29,31,0
1046,0.850,12.236,0.019,13.105,3.318,16644,23067,0,36,33,33,1264944,33984,29,31,0
1047,1.081,6.791,0.012,7.883,13.306,16644,23067,0,36,33,33,1264944,33984,29,31,0
1048,0.930,0.404,0.024,1.358,8.097,16644,23067,0,36,33,33,1264944,33984,29,31,0
1049,0.935,0.713,0.025,1.672,1.555,16644,23067,0,36,33,33,1264944,33984,29,31,0
1050,1.205,0.434,0.017,1.656,1.873,16644,23067,0,36,33,33,1264944,33984,29,31,0
1051,0.948,1.819,0.012,2.779,1.863,16644,23067,0,36,33,33,1264944,33984,29,31,0
1052,0.932,7.396,0.018,8.346,2.983,16644,23067,0,36,33,33,1264944,33984,29,31,0
1053,0.941,7.790,0.026,8.757,8.569,16644,23067,0,36,33,33,1264944,33984,29,31,0
1054,1.092,6.120,0.017,7.229,8.977,16644,23067,0,36,33,33,1264944,33984,29,31,0
1055,0.944,0.404,0.024,1.371,7.465,16644,23067,0,36,33,33,1264944,33984,29,31,0
1056,1.181,0.429,0.012,1.622,1.565,16644,23067,0,36,33,33,1264944,33984,29,31,0
1057,0.963,0.493,0.023,1.480,1.819,16644,23067,0,36,33,33,1264944,33984,29,31,0
1058,0.947,1.951,0.012,2.909,1.688,16644,23067,0,36,33,33,1264944,33984,29,31,0
1059,0.980,3.501,0.014,4.496,3.111,16644,23067,0,36,33,33,1264944,33984,29,31,0
1060,1.071,11.133,0.017,12.222,4.712,16644,23067,0,36,33,33,1264944,33984,29,31,0
1061,1.082,6.677,0.017,7.776,12.442,16644,23067,0,36,33,33,1264944,33984,29,31,0
1062,1.062,0.424,0.017,1.503,7.999,16644,23067,0,36,33,33,1264944,33984,29,31,0
1063,0.930,0.534,0.015,1.479,1.708,16644,23067,0,36,33,33,1264944,33984,29,31,0
1064,0.953,0.529,0.014,1.496,1.675,16644,23067,0,36,33,33,1264944,33984,29,31,0
1065,0.999,1.942,0.016,2.957,1.733,16644,23067,0,36,33,33,1264944,33984,29,31,0
1066,1.105,3.126,0.014,4.246,3.151,16644,23067,0,36,33,33,1264944,33984,29,31,0
1067,0.942,11.630,0.017,12.589,4.463,16644,23067,0,36,33,33,1264944,33984,29,31,0
1068,1.087,6.613,0.019,7.719,12.808,16644,23067,0,36,33,33,1264944,33984,29,31,0
1069,1.291,0.395,0.025,1.711,7.983,16644,23067,0,36,33,33,1264944,33984,29,31,0
1070,0.940,0.459,0.016,1.415,1.905,16644,23067,0,36,33,33,1264944,33984,29,31,0
1071,0.960,0.515,0.029,1.503,1.614,16644,23067,0,36,33,33,1264944,33984,29,31,0
1072,1.005,1.307,0.018,2.329,1.717,16644,23067,0,36,33,33,1264944,33984,29,31,0
1073,0.920,3.078,0.011,4.009,2.542,16644,23067,0,36,33,33,1264944,33984,29,31,0
1074,0.944,12.074,0.012,13.030,4.216,16644,23067,0,36,33,33,1264944,33984,29,31,0
1075,0.922,6.816,0.011,7.749,13.237,16644,23067,0,36,33,33,1264944,33984,29,31,0
1076,1.068,0.415,0.013,1.496,7.961,16644,23067,0,36,33,33,1264944,33984,29,31,0
1077,0.960,0.493,0.012,1.466,1.702,16644,23067,0,36,33,33,1264944,33984,29,31,0
1078,0.982,0.524,0.019,1.525,1.661,16644,23067,0,36,33,33,1264944,33984,29,31,0
1079,0.977,1.931,0.017,2.925,1.738,16644,23067,0,36,33,33,1264944,33984,29,31,0
1080,0.933,3.260,122.109,126.302,3.125,16644,23067,0,36,33,33,1264944,33984,29,31,0
1081,0.472,0.288,0.013,0.773,126.395,16644,23067,0,36,33,33,1264944,33984,29,31,0
1082,0.441,1.468,0.016,1.925,0.867,16644,23067,0,36,33,33,1264944,33984,29,31,0
1083,0.784,2.588,0.009,3.381,2.024,16644,23067,0,36,33,33,1264944,33984,29,31,0
1084,0.429,3.088,0.010,3.526,3.489,16644,23067,0,36,33,33,1264944,33984,29,31,0
1085,0.487,12.936,0.009,13.432,3.642,16644,23067,0,36,33,33,1264944,33984,29,31,0
1086,0.499,7.115,0.008,7.622,13.539,16644,23067,0,36,33,33,1264944,33984,29,31,0
1087,0.490,0.699,0.010,1.199,7.728,16644,23067,0,36,33,33,1264944,33984,29,31,0
1088,0.492,0.277,0.010,0.780,1.309,16644,23067,0,36,33,33,1264944,33984,29,31,0
1089,0.491,1.601,0.008,2.100,0.875,16644,23067,0,36,33,33,1264944,33984,29,31,0
1090,0.494,3.366,0.008,3.867,2.200,16644,23067,0,36,33,33,1264944,33984,29,31,0
1091,0.474,4.192,0.008,4.673,3.971,16644,23067,0,36,33,33,1264944,33984,29,31,0
1092,0.506,11.819,0.006,12.331,4.784,16644,23067,0,36,33,33,1264944,33984,29,31,0
1093,0.530,7.301,0.009,7.841,12.449,16644,23067,0,36,33,33,1264944,33984,29,31,0
1094,0.831,0.232,0.009,1.072,7.964,16644,23067,0,36,33,33,1264944,33984,29,31,0
1095,0.521,0.299,0.009,0.830,1.181,16644,23067,0,36,33,33,1264944,33984,29,31,0
1096,0.522,0.570,0.012,1.104,0.932,16644,23067,0,36,33,33,1264944,33984,29,31,0
1097,0.540,3.368,0.012,3.920,1.208,16644,23067,0,36,33,33,1264944,33984,29,31,0
1098,0.554,0.287,0.013,0.854,4.055,16644,23067,0,36,33,33,1264944,33984,29,31,0
1099,0.538,3.540,0.008,4.086,0.970,16644,23067,0,36,33,33,1264944,33984,29,31,0
1100,0.938,11.840,0.016,12.795,4.224,16644,23067,0,36,33,33,1264944,33984,29,31,0
1101,0.631,7.080,0.007,7.718,12.932,16644,23067,0,36,33,33,1264944,33984,29,31,0
1102,0.603,0.521,0.009,1.133,7.848,16644,23067,0,36,33,33,1264944,33984,29,31,0
1103,0.624,0.320,0.011,0.956,1.261,16644,23067,0,36,33,33,1264944,33984,29,31,0
1104,0.585,0.318,0.012,0.915,1.089,16644,23067,0,36,33,33,1264944,33984,29,31,0
1105,0.592,0.376,0.010,0.977,1.021,16644,23067,0,36,33,33,1264944,33984,29,31,0
1106,0.625,3.260,0.010,3.895,1.099,16644,23067,0,36,33,33,1264944,33984,29,31,0
1107,0.575,2.994,0.010,3.580,4.026,16644,23067,0,36,33,33,1264944,33984,29,31,0
1108,0.602,12.642,0.011,13.256,3.713,16644,23067,0,36,33,33,1264944,33984,29,31,0
1109,0.610,7.079,0.010,7.700,13.388,16644,23067,0,36,33,33,1264944,33984,29,31,0
1110,0.650,0.491,0.014,1.155,7.851,16644,23067,0,36,33,33,1264944,33984,29,31,0
1111,0.637,0.323,0.013,0.973,1.298,16644,23067,0,36,33,33,1264944,33984,29,31,0
1112,0.621,0.331,0.015,0.968,1.095,16644,23067,0,36,33,33,1264944,33984,29,31,0
1113,0.668,0.339,0.009,1.016,1.093,16644,23067,0,36,33,33,1264944,33984,29,31,0
1114,0.660,2.675,0.012,3.346,1.150,16644,23067,0,36,33,33,1264944,33984,29,31,0
1115,0.615,3.229,0.010,3.854,3.489,16644,23067,0,36,33,33,1264944,33984,29,31,0
1116,0.646,12.387,0.011,13.045,4.003,16644,23067,0,36,33,33,1264944,33984,29,31,0
1117,0.909,6.852,0.007,7.769,13.186,16644,23067,0,36,33,33,1264944,33984,29,31,0
1118,0.624,0.548,0.012,1.185,7.905,16644,23067,0,36,33,33,1264944,33984,29,31,0
1119,0.716,0.360,0.017,1.094,1.330,16644,23067,0,36,33,33,1264944,33984,29,31,0
1120,0.714,0.335,0.009,1.057,1.249,16644,23067,0,36,33,33,1264944,33984,29,31,0
1121,0.932,0.786,0.031,1.748,1.209,16644,23067,0,36,33,33,1264944,33984,29,31,0
1122,0.867,1.659,0.016,2.541,1.941,16644,23067,0,36,33,33,1264944,33984,29,31,0
1123,0.653,2.610,0.008,3.271,2.694,16644,23067,0,36,33,33,1264944,33984,29,31,0
1124,0.923,12.400,0.011,13.334,3.412,16644,23067,0,36,33,33,1264944,33984,29,31,0
1125,0.906,7.035,0.015,7.956,13.498,16644,23067,0,36,33,33,1264944,33984,29,31,0
1126,0.721,0.352,0.012,1.085,8.130,16644,23067,0,36,33,33,1264944,33984,29,31,0
1127,0.701,0.374,0.015,1.090,1.237,16644,23067,0,36,33,33,1264944,33984,29,31,0
1128,0.974,0.373,0.017,1.364,1.240,16644,23067,0,36,33,33,1264944,33984,29,31,0
1129,0.664,0.422,0.010,1.097,1.509,16644,23067,0,36,33,33,1264944,33984,29,31,0
1130,0.623,10.852,0.011,11.487,1.231,16644,23067,0,36,33,33,1264944,33984,29,31,0
1131,0.928,7.817,0.012,8.756,11.634,16644,23067,0,36,33,33,1264944,33984,29,31,0
1132,0.947,6.688,0.012,7.646,8.914,16644,23067,0,36,33,33,1264944,33984,29,31,0
1133,0.696,0.751,0.013,1.460,7.806,16644,23067,0,36,33,33,1264944,33984,29,31,0
1134,0.720,0.321,0.018,1.060,1.619,16644,23067,0,36,33,33,1264944,33984,29,31,0
1135,0.695,0.414,0.009,1.118,1.220,16644,23067,0,36,33,33,1264944,33984,29,31,0
1136,0.884,0.361,0.012,1.257,1.266,16644,23067,0,36,33,33,1264944,33984,29,31,0
1137,0.728,10.299,0.009,11.035,1.398,16644,23067,0,36,33,33,1264944,33984,29,31,0
1138,0.870,7.668,0.012,8.550,11.187,16644,23067,0,36,33,33,1264944,33984,29,31,0
1139,0.843,7.052,0.013,7.908,8.717,16644,23067,0,36,33,33,1264944,33984,29,31,0
1140,11.377,1.076,0.010,12.463,8.473,16750,23167,0,36,33,33,1273000,34824,29,31,0
1141,1.288,0.316,0.017,1.620,12.577,16750,23167,0,36,33,33,1273000,34824,29,31,0
1142,4.127,0.245,0.010,4.382,1.742,16750,23167,0,36,33,33,1273000,34824,29,31,0
1143,0.433,5.481,0.011,5.925,4.501,16750,23167,0,36,33,33,1273000,34824,29,31,0
1144,0.450,7.545,0.011,8.006,6.034,16750,23167,0,36,33,33,1273000,34824,29,31,0
1145,0.469,7.779,0.013,8.261,8.107,16750,23167,0,36,33,33,1273000,34824,29,31,0
1146,0.500,7.991,0.010,8.501,8.376,16750,23167,0,36,33,33,1273000,34824,29,31,0
1147,0.461,7.913,0.007,8.382,8.620,16750,23167,0,36,33,33,1273000,34824,29,31,0
1148,0.521,7.440,0.009,7.970,8.508,16750,23167,0,36,33,33,1273000,34824,29,31,0
1149,0.558,0.647,0.017,1.222,8.091,16750,23167,0,36,33,33,1273000,34824,29,31,0
1150,0.536,0.314,0.012,0.863,1.354,16750,23167,0,36,33,33,1273000,34824,29,31,0
1151,0.530,0.233,0.015,0.778,0.983,16750,23167,0,36,33,33,1273000,34824,29,31,0
1152,0.533,0.278,0.008,0.819,0.891,16750,23167,0,36,33,33,1273000,34824,29,31,0
1153,0.561,0.557,0.010,1.128,0.937,16750,23167,0,36,33,33,1273000,34824,29,31,0
1154,0.529,10.672,0.009,11.209,1.251,16750,23167,0,36,33,33,1273000,34824,29,31,0
1155,0.529,7.793,0.010,8.332,11.339,16750,23167,0,36,33,33,1273000,34824,29,31,0
1156,0.565,7.499,0.012,8.076,8.469,16750,23167,0,36,33,33,1273000,34824,29,31,0
1157,0.589,0.568,0.011,1.169,8.217,16750,23167,0,36,33,33,1273000,34824,29,31,0
1158,0.561,0.314,0.009,0.884,1.300,16750,23167,0,36,33,33,1273000,34824,29,31,0
1159,0.569,0.380,0.013,0.963,1.007,16750,23167,0,36,33,33,1273000,34824,29,31,0
1160,0.549,0.306,0.010,0.865,1.094,16750,23167,0,36,33,33,1273000,34824,29,31,0
1161,0.584,0.293,0.010,0.887,0.999,16750,23167,0,36,33,33,1273000,34824,29,31,0
1162,0.555,10.495,0.010,11.060,1.019,16750,23167,0,36,33,33,1273000,34824,29,31,0
1163,0.588,7.784,0.013,8.384,11.200,16750,23167,0,36,33,33,1273000,34824,29,31,0
1164,0.616,7.211,0.013,7.839,8.525,16750,23167,0,36,33,33,1273000,34824,29,31,0
1165,0.623,0.773,0.013,1.410,7.985,16750,23167,0,36,33,33,1273000,34824,29,31,0
1166,0.598,0.284,0.012,0.894,1.558,16750,23167,0,36,33,33,1273000,34824,29,31,0
1167,0.587,0.270,0.012,0.869,1.026,16750,23167,0,36,33,33,1273000,34824,29,31,0
1168,0.605,0.325,0.009,0.939,1.003,16750,23167,0,36,33,33,1273000,34824,29,31,0
1169,0.647,0.311,0.014,0.972,1.085,16750,23167,0,36,33,33,1273000,34824,29,31,0
1170,0.602,10.319,0.008,10.929,1.109,16750,23167,0,36,33,33,1273000,34824,29,31,0
1171,0.632,7.727,0.012,8.371,11.074,16750,23167,0,36,33,33,1273000,34824,29,31,0
1172,0.614,7.415,0.012,8.041,8.525,16750,23167,0,36,33,33,1273000,34824,29,31,0
1173,0.673,0.452,0.015,1.140,8.213,16750,23167,0,36,33,33,1273000,34824,29,31,0
1174,0.666,0.366,0.014,1.046,1.300,16750,23167,0,36,33,33,1273000,34824,29,31,0
1175,0.623,0.305,0.009,0.937,1.185,16750,23167,0,36,33,33,1273000,34824,29,31,0
1176,0.626,0.357,0.010,0.993,1.068,16750,23167,0,36,33,33,1273000,34824,29,31,0
1177,0.596,0.286,0.010,0.892,1.134,16750,23167,0,36,33,33,1273000,34824,29,31,0
1178,0.610,3.272,0.011,3.893,1.016,16750,23167,0,36,33,33,1273000,34824,29,31,0
1179,0.614,14.872,0.014,15.499,4.043,16750,23167,0,36,33,33,1273000,34824,29,31,0
1180,0.924,6.885,0.013,7.822,15.669,16750,23167,0,36,33,33,1273000,34824,29,31,0
1181,0.678,0.528,0.012,1.217,7.981,16750,23167,0,36,33,33,1273000,34824,29,31,0
1182,0.948,0.328,0.014,1.290,1.383,16750,23167,0,36,33,33,1273000,34824,29,31,0
1183,0.651,0.287,0.011,0.949,1.449,16750,23167,0,36,33,33,1273000,34824,29,31,0
1184,0.631,0.592,0.012,1.235,1.077,16750,23167,0,36,33,33,1273000,34824,29,31,0
1185,0.597,10.665,0.008,11.271,1.395,16750,23167,0,36,33,33,1273000,34824,29,31,0
1186,0.959,7.432,0.014,8.406,11.433,16750,23167,0,36,33,33,1273000,34824,29,31,0
1187,0.656,7.076,0.012,7.744,8.569,16750,23167,0,36,33,33,1273000,34824,29,31,0
1188,0.930,0.340,0.012,1.283,7.907,16750,23167,0,36,33,33,1273000,34824,29,31,0
1189,0.715,0.585,0.013,1.314,1.430,16750,23167,0,36,33,33,1273000,34824,29,31,0
1190,0.677,0.348,0.013,1.038,1.466,16750,23167,0,36,33,33,1273000,34824,29,31,0
1191,0.685,0.328,0.010,1.023,1.187,16750,23167,0,36,33,33,1273000,34824,29,31,0
1192,0.686,0.371,0.010,1.067,1.179,16750,23167,0,36,33,33,1273000,34824,29,31,0
1193,0.665,0.822,0.010,1.497,1.213,16750,23167,0,36,33,33,1273000,34824,29,31,0
1194,0.589,3.520,0.008,4.118,1.639,16750,23167,0,36,33,33,1273000,34824,29,31,0
1195,0.894,11.993,0.009,12.896,4.273,16750,23167,0,36,33,33,1273000,34824,29,31,0
1196,0.937,6.993,0.008,7.938,13.064,16750,23167,0,36,33,33,1273000,34824,29,31,0
1197,0.964,0.289,0.011,1.264,8.099,16750,23167,0,36,33,33,1273000,34824,29,31,0
1198,0.686,0.438,0.015,1.138,1.418,16750,23167,0,36,33,33,1273000,34824,29,31,0
1199,0.669,0.352,0.011,1.032,1.306,16750,23167,0,36,33,33,1273000,34824,29,31,0
1200,0.678,0.299,0.015,0.991,1.178,16750,23167,0,36,33,33,1273000,34824,29,31,0
1201,0.660,0.314,0.011,0.985,1.134,16750,23167,0,36,33,33,1273000,34824,29,31,0
1202,0.647,3.790,0.011,4.448,1.134,16750,23167,0,36,33,33,1273000,34824,29,31,0
1203,0.896,13.624,0.012,14.531,4.597,16750,23167,0,36,33,33,1273000,34824,29,31,0
1204,0.922,6.646,0.009,7.577,14.693,16750,23167,0,36,33,33,1273000,34824,29,31,0
1205,0.743,7.201,0.025,7.969,7.736,16750,23167,0,36,33,33,1273000,34824,29,31,0
1206,0.742,7.667,0.012,8.420,8.154,16750,23167,0,36,33,33,1273000,34824,29,31,0
1207,0.750,7.696,0.019,8.464,8.612,16750,23167,0,36,33,33,1273000,34824,29,31,0
1208,0.769,7.030,0.012,7.812,8.646,16750,23167,0,36,33,33,1273000,34824,29,31,0
1209,0.948,0.322,0.022,1.292,7.999,16750,23167,0,36,33,33,1273000,34824,29,31,0
1210,0.760,0.371,0.011,1.143,1.466,16750,23167,0,36,33,33,1273000,34824,29,31,0
1211,0.760,0.437,0.014,1.211,1.316,16750,23167,0,36,33,33,1273000,34824,29,31,0
1212,0.831,0.424,0.018,1.274,1.394,16750,23167,0,36,33,33,1273000,34824,29,31,0
1213,0.752,10.190,0.016,10.957,1.448,16750,23167,0,36,33,33,1273000,34824,29,31,0
1214,0.778,7.921,0.016,8.715,11.138,16750,23167,0,36,33,33,1273000,34824,29,31,0
1215,0.758,6.778,0.019,7.555,8.891,16750,23167,0,36,33,33,1273000,34824,29,31,0
1216,0.890,0.484,0.016,1.390,7.752,16750,23167,0,36,33,33,1273000,34824,29,31,0
1217,1.015,0.332,0.016,1.363,1.599,16750,23167,0,36,33,33,1273000,34824,29,31,0
1218,0.784,0.344,0.009,1.137,1.539,16750,23167,0,36,33,33,1273000,34824,29,31,0
1219,0.773,0.368,0.016,1.156,1.308,16750,23167,0,36,33,33,1273000,34824,29,31,0
1220,0.774,3.612,0.016,4.402,1.322,16750,23167,0,36,33,33,1273000,34824,29,31,0
1221,0.770,13.995,0.018,14.784,4.580,16750,23167,0,36,33,33,1273000,34824,29,31,0
1222,0.983,6.759,0.011,7.752,14.967,16750,23167,0,36,33,33,1273000,34824,29,31,0
1223,0.870,0.408,0.018,1.296,7.970,16750,23167,0,36,33,33,1273000,34824,29,31,0
1224,0.843,0.359,0.025,1.227,1.498,16750,23167,0,36,33,33,1273000,34824,29,31,0
1225,0.763,0.385,0.011,1.159,1.401,16750,23167,0,36,33,33,1273000,34824,29,31,0
1226,0.784,0.358,0.010,1.152,1.326,16750,23167,0,36,33,33,1273000,34824,29,31,0
1227,0.739,10.316,0.011,11.066,1.321,16750,23167,0,36,33,33,1273000,34824,29,31,0
1228,0.954,7.777,0.015,8.747,11.259,16750,23167,0,36,33,33,1273000,34824,29,31,0
1229,0.793,6.742,0.013,7.548,8.946,16750,23167,0,36,33,33,1273000,34824,29,31,0
1230,1.052,0.385,0.012,1.449,7.752,16750,23167,0,36,33,33,1273000,34824,29,31,0
1231,0.749,0.335,0.021,1.105,1.632,16750,23167,0,36,33,33,1273000,34824,29,31,0
1232,0.771,0.329,0.024,1.124,1.269,16750,23167,0,36,33,33,1273000,34824,29,31,0
1233,0.769,0.330,0.014,1.113,1.296,16750,23167,0,36,33,33,1273000,34824,29,31,0
1234,0.750,10.136,0.016,10.902,1.282,16750,23167,0,36,33,33,1273000,34824,29,31,0
1235,0.956,7.796,0.015,8.767,11.094,16750,23167,0,36,33,33,1273000,34824,29,31,0
1236,0.987,6.423,0.018,7.428,8.952,16750,23167,0,36,33,33,1273000,34824,29,31,0
1237,1.039,0.409,0.017,1.465,7.639,16750,23167,0,36,33,33,1273000,34824,29,31,0
1238,0.906,0.392,0.016,1.315,1.669,16750,23167,0,36,33,33,1273000,34824,29,31,0
1239,0.733,0.366,0.015,1.114,1.501,16750,23167,0,36,33,33,1273000,34824,29,31,0
1240,0.806,0.392,0.014,1.212,1.296,16750,23167,0,36,33,33,1273000,34824,29,31,0
1241,0.781,9.975,0.012,10.769,1.386,16750,23167,0,36,33,33,1273000,34824,29,31,0
1242,0.756,8.005,0.018,8.778,10.965,16750,23167,0,36,33,33,1273000,34824,29,31,0
1243,1.062,6.246,0.029,7.338,8.985,16750,23167,0,36,33,33,1273000,34824,29,31,0
1244,0.880,0.390,0.020,1.290,7.554,16750,23167,0,36,33,33,1273000,34824,29,31,0
1245,0.889,0.441,0.019,1.349,1.490,16750,23167,0,36,33,33,1273000,34824,29,31,0
1246,1.049,0.827,0.033,1.909,1.548,16750,23167,0,36,33,33,1273000,34824,29,31,0
1247,1.169,0.614,0.020,1.803,2.153,16750,23167,0,36,33,33,1273000,34824,29,31,0
1248,0.788,0.519,0.015,1.321,1.997,16750,23167,0,36,33,33,1273000,34824,29,31,0
1249,0.812,2.514,0.010,3.335,1.504,16750,23167,0,36,33,33,1273000,34824,29,31,0
1250,1.035,12.031,0.016,13.082,3.527,16750,23167,0,36,33,33,1273000,34824,29,31,0
1251,0.988,6.656,0.013,7.657,13.284,16750,23167,0,36,33,33,1273000,34824,29,31,0
1252,0.763,0.351,0.013,1.128,7.853,16750,23167,0,36,33,33,1273000,34824,29,31,0
1253,0.745,0.350,0.013,1.107,1.307,16750,23167,0,36,33,33,1273000,34824,29,31,0
1254,0.768,0.457,0.016,1.240,1.291,16750,23167,0,36,33,33,1273000,34824,29,31,0
1255,0.944,0.461,0.013,1.418,1.414,16750,23167,0,36,33,33,1273000,34824,29,31,0
1256,0.824,0.376,0.024,1.225,1.613,16750,23167,0,36,33,33,1273000,34824,29,31,0
1257,0.842,1.132,0.013,1.987,1.412,16750,23167,0,36,33,33,1273000,34824,29,31,0
1258,0.831,6.507,0.024,7.362,2.195,16750,23167,0,36,33,33,1273000,34824,29,31,0
1259,0.775,4.230,0.017,5.022,7.557,16750,23167,0,36,33,33,1273000,34824,29,31,0
1260,0.784,10.826,38.942,50.552,5.226,16750,23167,0,36,33,33,1273000,34824,29,31,0
1261,0.738,0.491,0.013,1.241,50.701,16750,23167,0,36,33,33,1273000,34824,29,31,0
1262,0.579,0.349,0.016,0.944,1.366,16750,23167,0,36,33,33,1273000,34824,29,31,0
1263,0.569,4.066,0.014,4.649,1.067,16750,23167,0,36,33,33,1273000,34824,29,31,0
1264,0.876,10.863,0.014,11.753,4.802,16750,23167,0,36,33,33,1273000,34824,29,31,0
1265,0.890,7.157,0.011,8.058,11.902,16750,23167,0,36,33,33,1273000,34824,29,31,0
1266,0.870,0.466,0.010,1.346,8.192,16750,23167,0,36,33,33,1273000,34824,29,31,0
1267,0.630,0.384,0.014,1.029,1.493,16750,23167,0,36,33,33,1273000,34824,29,31,0
1268,0.615,0.528,0.016,1.158,1.154,16750,23167,0,36,33,33,1273000,34824,29,31,0
1269,0.615,0.352,0.015,0.982,1.311,16750,23167,0,36,33,33,1273000,34824,29,31,0
1270,0.599,0.327,0.018,0.944,1.103,16750,23167,0,36,33,33,1273000,34824,29,31,0
1271,0.580,4.171,0.013,4.764,1.071,16750,23167,0,36,33,33,1273000,34824,29,31,0
1272,0.884,13.243,0.012,14.139,4.913,16750,23167,0,36,33,33,1273000,34824,29,31,0
1273,0.663,7.008,0.014,7.685,14.314,16750,23167,0,36,33,33,1273000,34824,29,31,0
1274,0.870,0.343,0.015,1.228,7.827,16750,23167,0,36,33,33,1273000,34824,29,31,0
1275,0.673,0.420,0.015,1.109,1.360,16750,23167,0,36,33,33,1273000,34824,29,31,0
1276,0.650,0.337,0.011,0.998,1.262,16750,23167,0,36,33,33,1273000,34824,29,31,0
1277,0.601,0.570,0.016,1.187,1.126,16750,23167,0,36,33,33,1273000,34824,29,31,0
1278,0.582,0.292,0.008,0.881,1.335,16750,23167,0,36,33,33,1273000,34824,29,31,0
1279,0.580,4.332,0.013,4.926,1.006,16750,23167,0,36,33,33,1273000,34824,29,31,0
1280,0.598,13.831,0.013,14.441,5.067,16750,23167,0,36,33,33,1273000,34824,29,31,0
1281,0.668,6.863,0.016,7.547,14.594,16750,23167,0,36,33,33,1273000,34824,29,31,0
1282,0.645,0.739,0.016,1.400,7.689,16750,23167,0,36,33,33,1273000,34824,29,31,0
1283,0.564,0.376,0.016,0.957,1.540,16750,23167,0,36,33,33,1273000,34824,29,31,0
1284,0.530,0.302,0.013,0.844,1.087,16750,23167,0,36,33,33,1273000,34824,29,31,0
1285,0.537,0.461,0.012,1.010,0.957,16750,23167,0,36,33,33,1273000,34824,29,31,0
1286,0.573,0.542,0.025,1.140,1.146,16750,23167,0,36,33,33,1273000,34824,29,31,0
1287,0.523,4.265,0.014,4.802,1.258,16750,23167,0,36,33,33,1273000,34824,29,31,0
1288,0.579,13.621,0.018,14.218,4.925,16750,23167,0,36,33,33,1273000,34824,29,31,0
1289,0.573,7.230,0.013,7.815,14.351,16750,23167,0,36,33,33,1273000,34824,29,31,0
1290,0.566,0.812,0.008,1.387,7.939,16750,23167,0,36,33,33,1273000,34824,29,31,0
1291,0.550,0.336,0.018,0.904,1.517,16750,23167,0,36,33,33,1273000,34824,29,31,0
1292,0.568,0.312,0.016,0.896,1.035,16750,23167,0,36,33,33,1273000,34824,29,31,0
1293,0.563,0.333,0.011,0.907,1.017,16750,23167,0,36,33,33,1273000,34824,29,31,0
1294,0.572,0.831,0.018,1.421,1.047,16750,23167,0,36,33,33,1273000,34824,29,31,0
1295,0.536,4.507,0.011,5.054,1.549,16750,23167,0,36,33,33,1273000,34824,29,31,0
1296,0.598,14.740,0.013,15.351,5.214,16750,23167,0,36,33,33,1273000,34824,29,31,0
1297,0.623,5.662,0.011,6.296,15.482,16750,23167,0,36,33,33,1273000,34824,29,31,0
1298,0.587,0.628,0.016,1.231,6.430,16750,23167,0,36,33,33,1273000,34824,29,31,0
1299,0.619,1.749,0.012,2.381,1.369,16750,23167,0,36,33,33,1273000,34824,29,31,0
1300,0.599,0.726,0.009,1.335,2.526,16750,23167,0,36,33,33,1273000,34824,29,31,0
1301,0.606,1.841,0.010,2.457,1.477,16750,23167,0,36,33,33,1273000,34824,29,31,0
1302,0.599,5.369,0.014,5.983,2.600,16750,23167,0,36,33,33,1273000,34824,29,31,0
1303,0.622,10.356,0.010,10.987,6.119,16750,23167,0,36,33,33,1273000,34824,29,31,0
1304,0.605,7.516,0.042,8.163,11.131,16750,23167,0,36,33,33,1273000,34824,29,31,0
1305,0.656,0.557,0.012,1.225,8.312,16750,23167,0,36,33,33,1273000,34824,29,31,0
1306,0.631,1.280,0.011,1.922,1.368,16750,23167,0,36,33,33,1273000,34824,29,31,0
1307,0.632,0.630,0.011,1.274,2.078,16750,23167,0,36,33,33,1273000,34824,29,31,0
1308,0.625,1.555,0.012,2.192,1.417,16750,23167,0,36,33,33,1273000,34824,29,31,0
1309,0.672,4.651,0.013,5.336,2.339,16750,23167,0,36,33,33,1273000,34824,29,31,0
1310,0.623,11.627,0.019,12.269,5.477,16750,23167,0,36,33,33,1273000,34824,29,31,0
1311,0.670,7.204,0.020,7.894,12.426,16750,23167,0,36,33,33,1273000,34824,29,31,0
1312,0.696,0.431,0.012,1.139,8.061,16750,23167,0,36,33,33,1273000,34824,29,31,0
1313,0.687,1.213,0.012,1.911,1.291,16750,23167,0,36,33,33,1273000,34824,29,31,0
1314,0.704,0.396,0.011,1.111,2.073,16750,23167,0,36,33,33,1273000,34824,29,31,0
1315,0.712,1.569,0.014,2.295,1.260,16750,23167,0,36,33,33,1273000,34824,29,31,0
1316,0.712,4.404,0.015,5.130,2.461,16750,23167,0,36,33,33,1273000,34824,29,31,0
1317,0.697,11.901,0.015,12.613,5.300,16750,23167,0,36,33,33,1273000,34824,29,31,0
1318,0.700,7.687,0.014,8.401,12.785,16750,23167,0,36,33,33,1273000,34824,29,31,0
1319,0.763,0.386,0.013,1.162,8.594,16750,23167,0,36,33,33,1273000,34824,29,31,0
1320,19.841,0.883,0.015,20.740,7.946,16644,23067,0,36,33,33,1264944,33984,29,31,0
1321,1.281,0.298,0.015,1.594,20.844,16644,23067,0,36,33,33,1264944,33984,29,31,0
1322,4.245,0.504,0.010,4.759,1.701,16644,23067,0,36,33,33,1264944,33984,29,31,0
1323,0.477,5.684,0.009,6.170,4.875,16644,23067,0,36,33,33,1264944,33984,29,31,0
1324,0.439,7.325,0.010,7.774,6.284,16644,23067,0,36,33,33,1264944,33984,29,31,0
1325,0.455,7.897,0.008,8.360,7.880,16644,23067,0,36,33,33,1264944,33984,29,31,0
1326,0.467,7.608,0.007,8.082,8.464,16644,23067,0,36,33,33,1264944,33984,29,31,0
1327,0.503,0.637,0.012,1.152,8.189,16644,23067,0,36,33,33,1264944,33984,29,31,0
1328,0.505,0.263,0.012,0.780,1.259,16644,23067,0,36,33,33,1264944,33984,29,31,0
1329,0.491,0.470,0.016,0.976,0.885,16644,23067,0,36,33,33,1264944,33984,29,31,0
1330,0.490,2.660,0.010,3.160,1.073,16644,23067,0,36,33,33,1264944,33984,29,31,0
1331,0.523,1.263,0.009,1.794,3.269,16644,23067,0,36,33,33,1264944,33984,29,31,0
1332,0.482,2.842,0.007,3.331,1.900,16644,23067,0,36,33,33,1264944,33984,29,31,0
1333,0.527,12.774,0.009,13.309,3.443,16644,23067,0,36,33,33,1264944,33984,29,31,0
1334,0.526,7.413,0.008,7.947,13.425,16644,23067,0,36,33,33,1264944,33984,29,31,0
1335,0.535,0.591,0.011,1.138,8.065,16644,23067,0,36,33,33,1264944,33984,29,31,0
1336,0.540,0.286,0.008,0.834,1.257,16644,23067,0,36,33,33,1264944,33984,29,31,0
1337,0.538,0.425,0.011,0.974,0.947,16644,23067,0,36,33,33,1264944,33984,29,31,0
1338,0.529,1.276,0.006,1.812,1.071,16644,23067,0,36,33,33,1264944,33984,29,31,0
1339,0.531,2.666,0.007,3.204,1.933,16644,23067,0,36,33,33,1264944,33984,29,31,0
1340,0.524,2.503,0.008,3.036,3.326,16644,23067,0,36,33,33,1264944,33984,29,31,0
1341,0.542,12.963,0.010,13.516,3.163,16644,23067,0,36,33,33,1264944,33984,29,31,0
1342,0.592,7.476,0.010,8.078,13.640,16644,23067,0,36,33,33,1264944,33984,29,31,0
1343,0.592,0.458,0.013,1.063,8.208,16644,23067,0,36,33,33,1264944,33984,29,31,0
1344,0.624,0.318,0.010,0.952,1.192,16644,23067,0,36,33,33,1264944,33984,29,31,0
1345,0.601,0.317,0.024,0.942,1.077,16644,23067,0,36,33,33,1264944,33984,29,31,0
1346,0.603,0.344,0.017,0.963,1.057,16644,23067,0,36,33,33,1264944,33984,29,31,0
1347,0.608,0.540,0.015,1.163,1.090,16644,23067,0,36,33,33,1264944,33984,29,31,0
1348,0.614,1.897,0.010,2.521,1.288,16644,23067,0,36,33,33,1264944,33984,29,31,0
1349,0.594,3.389,0.009,3.992,2.656,16644,23067,0,36,33,33,1264944,33984,29,31,0
1350,0.611,11.896,0.011,12.518,4.127,16644,23067,0,36,33,33,1264944,33984,29,31,0
1351,0.591,7.301,0.012,7.903,12.655,16644,23067,0,36,33,33,1264944,33984,29,31,0
1352,0.652,0.535,0.013,1.200,8.044,16644,23067,0,36,33,33,1264944,33984,29,31,0
1353,0.639,0.315,0.011,0.966,1.345,16644,23067,0,36,33,33,1264944,33984,29,31,0
1354,0.654,0.280,0.011,0.945,1.107,16644,23067,0,36,33,33,1264944,33984,29,31,0
1355,0.613,0.528,0.013,1.154,1.082,16644,23067,0,36,33,33,1264944,33984,29,31,0
1356,0.676,1.435,0.020,2.131,1.284,16644,23067,0,36,33,33,1264944,33984,29,31,0
1357,0.645,0.605,0.018,1.268,2.275,16644,23067,0,36,33,33,1264944,33984,29,31,0
1358,0.638,3.710,0.008,4.356,1.406,16644,23067,0,36,33,33,1264944,33984,29,31,0
1359,0.631,11.695,0.015,12.341,4.497,16644,23067,0,36,33,33,1264944,33984,29,31,0
1360,0.647,7.324,0.011,7.981,12.485,16644,23067,0,36,33,33,1264944,33984,29,31,0
1361,0.910,0.269,0.011,1.190,8.124,16644,23067,0,36,33,33,1264944,33984,29,31,0
1362,0.659,0.345,0.014,1.019,1.325,16644,23067,0,36,33,33,1264944,33984,29,31,0
1363,0.683,0.325,0.011,1.018,1.154,16644,23067,0,36,33,33,1264944,33984,29,31,0
1364,0.651,0.314,0.013,0.978,1.162,16644,23067,0,36,33,33,1264944,33984,29,31,0
1365,0.651,0.364,0.011,1.027,1.103,16644,23067,0,36,33,33,1264944,33984,29,31,0
1366,0.616,3.553,0.011,4.180,1.164,16644,23067,0,36,33,33,1264944,33984,29,31,0
1367,0.898,13.757,0.009,14.665,4.329,16644,23067,0,36,33,33,1264944,33984,29,31,0
1368,0.623,7.468,0.013,8.103,14.807,16644,23067,0,36,33,33,1264944,33984,29,31,0
1369,0.887,0.323,0.014,1.224,8.264,16644,23067,0,36,33,33,1264944,33984,29,31,0
1370,0.665,0.282,0.009,0.957,1.383,16644,23067,0,36,33,33,1264944,33984,29,31,0
1371,0.632,0.328,0.009,0.969,1.091,16644,23067,0,36,33,33,1264944,33984,29,31,0
1372,0.639,1.023,0.009,1.671,1.103,16644,23067,0,36,33,33,1264944,33984,29,31,0
1373,0.635,10.550,0.014,11.200,1.808,16644,23067,0,36,33,33,1264944,33984,29,31,0
1374,0.925,7.507,0.010,8.442,11.344,16644,23067,0,36,33,33,1264944,33984,29,31,0
1375,0.670,7.171,0.012,7.853,8.591,16644,23067,0,36,33,33,1264944,33984,29,31,0
1376,0.969,0.284,0.012,1.265,8.017,16644,23067,0,36,33,33,1264944,33984,29,31,0
1377,0.682,0.297,0.013,0.993,1.408,16644,23067,0,36,33,33,1264944,33984,29,31,0
1378,0.702,0.332,0.022,1.056,1.138,16644,23067,0,36,33,33,1264944,33984,29,31,0
1379,0.740,0.411,0.015,1.165,1.216,16644,23067,0,36,33,33,1264944,33984,29,31,0
1380,0.705,0.998,0.015,1.717,1.316,16644,23067,0,36,33,33,1264944,33984,29,31,0
1381,0.658,0.295,0.017,0.970,1.866,16644,23067,0,36,33,33,1264944,33984,29,31,0
1382,0.632,3.081,0.015,3.729,1.100,16644,23067,0,36,33,33,1264944,33984,29,31,0
1383,0.897,12.132,0.012,13.041,3.881,16644,23067,0,36,33,33,1264944,33984,29,31,0
1384,0.935,7.194,0.011,8.140,13.201,16644,23067,0,36,33,33,1264944,33984,29,31,0
1385,0.958,0.289,0.012,1.259,8.300,16644,23067,0,36,33,33,1264944,33984,29,31,0
1386,0.683,0.292,0.009,0.984,1.426,16644,23067,0,36,33,33,1264944,33984,29,31,0
1387,0.689,0.345,0.019,1.053,1.141,16644,23067,0,36,33,33,1264944,33984,29,31,0
1388,0.717,0.622,0.013,1.352,1.213,16644,23067,0,36,33,33,1264944,33984,29,31,0
1389,0.706,10.835,0.011,11.552,1.507,16644,23067,0,36,33,33,1264944,33984,29,31,0
1390,0.955,7.106,0.010,8.071,11.710,16644,23067,0,36,33,33,1264944,33984,29,31,0
1391,0.898,6.808,0.013,7.718,8.224,16644,23067,0,36,33,33,1264944,33984,29,31,0
1392,0.773,7.326,0.012,8.112,7.882,16644,23067,0,36,33,33,1264944,33984,29,31,0
1393,0.956,7.416,0.015,8.387,8.289,16644,23067,0,36,33,33,1264944,33984,29,31,0
1394,0.791,7.542,0.015,8.347,8.578,16644,23067,0,36,33,33,1264944,33984,29,31,0
1395,0.781,7.301,0.015,8.096,8.531,16644,23067,0,36,33,33,1264944,33984,29,31,0
1396,1.052,0.437,0.019,1.508,8.322,16644,23067,0,36,33,33,1264944,33984,29,31,0
1397,0.827,0.607,0.014,1.448,1.687,16644,23067,0,36,33,33,1264944,33984,29,31,0
1398,0.813,0.489,0.074,1.376,1.616,16644,23067,0,36,33,33,1264944,33984,29,31,0
1399,1.191,1.886,0.012,3.090,1.651,16644,23067,0,36,33,33,1264944,33984,29,31,0
1400,0.801,2.925,0.010,3.736,3.277,16644,23067,0,36,33,33,1264944,33984,29,31,0
1401,1.061,11.658,0.012,12.731,3.927,16644,23067,0,36,33,33,1264944,33984,29,31,0
1402,0.953,7.075,0.016,8.044,12.921,16644,23067,0,36,33,33,1264944,33984,29,31,0
1403,1.052,0.427,0.024,1.503,8.262,16644,23067,0,36,33,33,1264944,33984,29,31,0
1404,0.939,0.427,0.015,1.381,1.713,16644,23067,0,36,33,33,1264944,33984,29,31,0
1405,0.861,1.843,0.016,2.720,1.555,16644,23067,0,36,33,33,1264944,33984,29,31,0
1406,0.907,0.894,0.015,1.817,2.901,16644,23067,0,36,33,33,1264944,33984,29,31,0
1407,0.782,3.564,0.010,4.356,1.996,16644,23067,0,36,33,33,1264944,33984,29,31,0
1408,0.956,11.187,0.013,12.156,4.529,16644,23067,0,36,33,33,1264944,33984,29,31,0
1409,1.051,6.998,0.014,8.063,12.338,16644,23067,0,36,33,33,1264944,33984,29,31,0
1410,0.919,0.393,0.014,1.326,8.249,16644,23067,0,36,33,33,1264944,33984,29,31,0
1411,0.885,0.518,0.018,1.422,1.525,16644,23067,0,36,33,33,1264944,33984,29,31,0
1412,0.812,0.626,0.016,1.454,1.603,16644,23067,0,36,33,33,1264944,33984,29,31,0
1413,0.981,2.182,0.020,3.182,1.614,16644,23067,0,36,33,33,1264944,33984,29,31,0
1414,0.790,2.877,0.021,3.687,3.365,16644,23067,0,36,33,33,1264944,33984,29,31,0
1415,0.831,12.515,0.012,13.358,3.868,16644,23067,0,36,33,33,1264944,33984,29,31,0
1416,0.908,6.787,0.016,7.711,13.550,16644,23067,0,36,33,33,1264944,33984,29,31,0
1417,1.095,0.433,0.015,1.544,7.929,16644,23067,0,36,33,33,1264944,33984,29,31,0
1418,0.958,0.447,0.015,1.420,1.757,16644,23067,0,36,33,33,1264944,33984,29,31,0
1419,0.939,0.467,0.018,1.423,1.622,16644,23067,0,36,33,33,1264944,33984,29,31,0
1420,0.921,0.505,0.015,1.441,1.621,16644,23067,0,36,33,33,1264944,33984,29,31,0
1421,0.820,0.351,0.014,1.185,1.616,16644,23067,0,36,33,33,1264944,33984,29,31,0
1422,0.777,2.900,0.014,3.691,1.352,16644,23067,0,36,33,33,1264944,33984,29,31,0
1423,1.042,12.310,0.012,13.363,3.875,16644,23067,0,36,33,33,1264944,33984,29,31,0
1424,0.843,6.941,0.018,7.803,13.551,16644,23067,0,36,33,33,1264944,33984,29,31,0
1425,0.944,0.416,0.017,1.378,8.010,16644,23067,0,36,33,33,1264944,33984,29,31,0
1426,0.934,0.448,0.012,1.394,1.580,16644,23067,0,36,33,33,1264944,33984,29,31,0
1427,0.804,0.406,0.013,1.223,1.567,16644,23067,0,36,33,33,1264944,33984,29,31,0
1428,0.987,0.764,0.016,1.767,1.405,16644,23067,0,36,33,33,1264944,33984,29,31,0
1429,0.822,0.474,0.012,1.307,1.945,16644,23067,0,36,33,33,1264944,33984,29,31,0
1430,0.799,3.743,0.015,4.556,1.478,16644,23067,0,36,33,33,1264944,33984,29,31,0
1431,0.824,11.284,0.011,12.120,4.749,16644,23067,0,36,33,33,1264944,33984,29,31,0
1432,1.082,6.914,0.013,8.008,12.333,16644,23067,0,36,33,33,1264944,33984,29,31,0
1433,0.930,0.378,0.016,1.324,8.228,16644,23067,0,36,33,33,1264944,33984,29,31,0
1434,0.943,0.454,0.021,1.418,1.518,16644,23067,0,36,33,33,1264944,33984,29,31,0
1435,0.898,0.421,0.011,1.331,1.609,16644,23067,0,36,33,33,1264944,33984,29,31,0
1436,0.820,0.400,0.012,1.232,1.515,16644,23067,0,36,33,33,1264944,33984,29,31,0
1437,0.812,9.844,0.013,10.669,1.402,16644,23067,0,36,33,33,1264944,33984,29,31,0
1438,0.840,7.554,0.014,8.407,10.849,16644,23067,0,36,33,33,1264944,33984,29,31,0
1439,0.801,6.764,0.010,7.575,8.599,16644,23067,0,36,33,33,1264944,33984,29,31,0
1440,0.936,0.384,52.163,53.483,7.797,16644,23067,0,36,33,33,1264944,33984,29,31,0
1441,0.702,0.420,0.011,1.133,53.600,16644,23067,0,36,33,33,1264944,33984,29,31,0
1442,0.629,2.004,0.009,2.642,1.264,16644,23067,0,36,33,33,1264944,33984,29,31,0
1443,0.521,8.288,0.012,8.821,2.746,16644,23067,0,36,33,33,1264944,33984,29,31,0
1444,0.776,0.410,0.011,1.197,8.959,16644,23067,0,36,33,33,1264944,33984,29,31,0
1445,0.535,0.301,0.012,0.849,1.310,16644,23067,0,36,33,33,1264944,33984,29,31,0
1446,0.548,3.892,0.010,4.450,0.943,16644,23067,0,36,33,33,1264944,33984,29,31,0
1447,0.530,0.490,0.009,1.029,4.571,16644,23067,0,36,33,33,1264944,33984,29,31,0
1448,0.511,3.366,0.012,3.890,1.145,16644,23067,0,36,33,33,1264944,33984,29,31,0
1449,0.553,12.637,0.013,13.203,4.018,16644,23067,0,36,33,33,1264944,33984,29,31,0
1450,0.869,6.938,0.010,7.817,13.337,16644,23067,0,36,33,33,1264944,33984,29,31,0
1451,0.610,0.493,0.012,1.115,7.949,16644,23067,0,36,33,33,1264944,33984,29,31,0
1452,0.615,0.327,0.007,0.948,1.245,16644,23067,0,36,33,33,1264944,33984,29,31,0
1453,0.816,0.350,0.009,1.175,1.076,16644,23067,0,36,33,33,1264944,33984,29,31,0
1454,0.628,0.342,0.012,0.982,1.293,16644,23067,0,36,33,33,1264944,33984,29,31,0
1455,0.542,11.443,0.012,11.996,1.097,16644,23067,0,36,33,33,1264944,33984,29,31,0
1456,0.584,8.249,0.013,8.846,12.139,16644,23067,0,36,33,33,1264944,33984,29,31,0
1457,0.963,6.490,0.013,7.466,8.990,16644,23067,0,36,33,33,1264944,33984,29,31,0
1458,0.616,0.588,0.014,1.218,7.605,16644,23067,0,36,33,33,1264944,33984,29,31,0
1459,0.625,0.327,0.012,0.964,1.367,16644,23067,0,36,33,33,1264944,33984,29,31,0
1460,0.924,0.283,0.012,1.219,1.104,16644,23067,0,36,33,33,1264944,33984,29,31,0
1461,0.665,0.325,0.008,0.999,1.350,16644,23067,0,36,33,33,1264944,33984,29,31,0
1462,0.624,11.137,0.009,11.770,1.121,16644,23067,0,36,33,33,1264944,33984,29,31,0
1463,0.892,7.725,0.010,8.626,11.922,16644,23067,0,36,33,33,1264944,33984,29,31,0
1464,0.643,6.683,0.009,7.334,8.766,16644,23067,0,36,33,33,1264944,33984,29,31,0
1465,0.624,0.456,0.013,1.093,7.487,16644,23067,0,36,33,33,1264944,33984,29,31,0
1466,0.924,0.320,0.011,1.254,1.234,16644,23067,0,36,33,33,1264944,33984,29,31,0
1467,0.635,0.322,0.011,0.969,1.388,16644,23067,0,36,33,33,1264944,33984,29,31,0
1468,0.635,3.975,0.014,4.625,1.090,16644,23067,0,36,33,33,1264944,33984,29,31,0
1469,0.645,3.568,0.009,4.222,4.767,16644,23067,0,36,33,33,1264944,33984,29,31,0
1470,0.771,11.667,0.013,12.450,4.373,16644,23067,0,36,33,33,1264944,33984,29,31,0
1471,0.983,6.842,0.011,7.836,12.603,16644,23067,0,36,33,33,1264944,33984,29,31,0
1472,0.965,0.306,0.009,1.280,7.994,16644,23067,0,36,33,33,1264944,33984,29,31,0
1473,0.716,0.347,0.011,1.075,1.432,16644,23067,0,36,33,33,1264944,33984,29,31,0
1474,0.706,2.848,0.012,3.566,1.221,16644,23067,0,36,33,33,1264944,33984,29,31,0
1475,0.751,0.871,0.013,1.635,3.733,16644,23067,0,36,33,33,1264944,33984,29,31,0
1476,0.682,3.256,0.011,3.949,1.794,16644,23067,0,36,33,33,1264944,33984,29,31,0
1477,0.878,11.908,0.012,12.798,4.103,16644,23067,0,36,33,33,1264944,33984,29,31,0
1478,0.944,6.941,0.013,7.898,12.971,16644,23067,0,36,33,33,1264944,33984,29,31,0
1479,0.750,0.676,0.017,1.443,8.069,16644,23067,0,36,33,33,1264944,33984,29,31,0
1480,1.037,0.454,0.013,1.505,1.606,16644,23067,0,36,33,33,1264944,33984,29,31,0
1481,0.815,0.714,0.030,1.558,1.693,16644,23067,0,36,33,33,1264944,33984,29,31,0
1482,1.020,0.505,0.015,1.540,1.782,16644,23067,0,36,33,33,1264944,33984,29,31,0
1483,0.815,9.246,0.016,10.077,1.706,16644,23067,0,36,33,33,1264944,33984,29,31,0
1484,0.739,7.974,0.015,8.728,10.247,16644,23067,0,36,33,33,1264944,33984,29,31,0
1485,1.006,6.366,0.029,7.402,8.887,16644,23067,0,36,33,33,1264944,33984,29,31,0
1486,0.817,0.328,0.015,1.160,7.598,16644,23067,0,36,33,33,1264944,33984,29,31,0
1487,0.783,0.437,0.017,1.237,1.339,16644,23067,0,36,33,33,1264944,33984,29,31,0
1488,0.820,0.393,0.012,1.226,1.415,16644,23067,0,36,33,33,1264944,33984,29,31,0
1489,0.874,3.004,0.010,3.888,1.365,16644,23067,0,36,33,33,1264944,33984,29,31,0
1490,0.692,3.361,0.010,4.063,4.060,16644,23067,0,36,33,33,1264944,33984,29,31,0
1491,0.949,11.754,0.014,12.717,4.220,16644,23067,0,36,33,33,1264944,33984,29,31,0
1492,0.965,6.864,0.010,7.839,12.897,16644,23067,0,36,33,33,1264944,33984,29,31,0
1493,1.045,0.349,0.021,1.415,8.030,16644,23067,0,36,33,33,1264944,33984,29,31,0
1494,0.781,0.440,0.015,1.236,1.599,16644,23067,0,36,33,33,1264944,33984,29,31,0
1495,0.863,2.207,0.020,3.090,1.410,16644,23067,0,36,33,33,1264944,33984,29,31,0
1496,0.873,0.609,0.015,1.497,3.263,16644,23067,0,36,33,33,1264944,33984,29,31,0
1497,0.792,3.564,0.013,4.368,1.671,16644,23067,0,36,33,33,1264944,33984,29,31,0
1498,0.981,11.539,0.012,12.532,4.544,16644,23067,0,36,33,33,1264944,33984,29,31,0
1499,0.805,7.012,0.019,7.836,12.714,16644,23067,0,36,33,33,1264944,33984,29,31,0
1500,21.863,1.320,0.010,23.192,5.580,16644,23067,0,36,33,33,1264944,33984,29,31,0
1501,1.484,0.272,0.012,1.768,23.307,16644,23067,0,36,33,33,1264944,33984,29,31,0
1502,4.141,0.574,0.012,4.728,1.886,16644,23067,0,36,33,33,1264944,33984,29,31,0
1503,0.454,5.150,0.009,5.613,4.842,16644,23067,0,36,33,33,1264944,33984,29,31,0
1504,0.445,3.680,0.007,4.132,5.722,16644,23067,0,36,33,33,1264944,33984,29,31,0
1505,0.511,11.308,0.010,11.830,4.246,16644,23067,0,36,33,33,1264944,33984,29,31,0
1506,0.476,7.754,0.008,8.238,11.937,16644,23067,0,36,33,33,1264944,33984,29,31,0
1507,0.500,0.688,0.012,1.200,8.355,16644,23067,0,36,33,33,1264944,33984,29,31,0
1508,0.511,0.302,0.010,0.823,1.314,16644,23067,0,36,33,33,1264944,33984,29,31,0
1509,0.499,5.587,0.010,6.096,0.912,16644,23067,0,36,33,33,1264944,33984,29,31,0
1510,0.468,3.325,0.009,3.801,6.204,16644,23067,0,36,33,33,1264944,33984,29,31,0
1511,0.465,12.555,0.008,13.028,3.912,16644,23067,0,36,33,33,1264944,33984,29,31,0
1512,0.508,7.298,0.009,7.816,13.144,16644,23067,0,36,33,33,1264944,33984,29,31,0
1513,0.533,0.566,0.010,1.109,7.930,16644,23067,0,36,33,33,1264944,33984,29,31,0
1514,0.530,0.295,0.010,0.835,1.218,16644,23067,0,36,33,33,1264944,33984,29,31,0
1515,0.546,1.223,0.009,1.779,0.934,16644,23067,0,36,33,33,1264944,33984,29,31,0
1516,0.539,3.743,0.012,4.293,1.893,16644,23067,0,36,33,33,1264944,33984,29,31,0
1517,0.544,3.402,0.010,3.957,4.408,16644,23067,0,36,33,33,1264944,33984,29,31,0
1518,0.588,11.940,0.010,12.538,4.081,16644,23067,0,36,33,33,1264944,33984,29,31,0
1519,0.617,7.548,0.009,8.174,12.664,16644,23067,0,36,33,33,1264944,33984,29,31,0
1520,0.573,0.492,0.013,1.079,8.310,16644,23067,0,36,33,33,1264944,33984,29,31,0
1521,0.604,0.328,0.015,0.947,1.212,16644,23067,0,36,33,33,1264944,33984,29,31,0
1522,0.582,0.344,0.011,0.937,1.066,16644,23067,0,36,33,33,1264944,33984,29,31,0
1523,0.592,3.163,0.011,3.766,1.053,16644,23067,0,36,33,33,1264944,33984,29,31,0
1524,0.583,0.308,0.013,0.904,3.902,16644,23067,0,36,33,33,1264944,33984,29,31,0
1525,0.590,3.013,0.015,3.618,1.025,16644,23067,0,36,33,33,1264944,33984,29,31,0
1526,0.603,12.319,0.011,12.933,3.748,16644,23067,0,36,33,33,1264944,33984,29,31,0
1527,0.640,7.452,0.009,8.101,13.081,16644,23067,0,36,33,33,1264944,33984,29,31,0
1528,0.628,0.762,0.019,1.409,8.235,16644,23067,0,36,33,33,1264944,33984,29,31,0
1529,0.665,0.347,0.011,1.023,1.544,16644,23067,0,36,33,33,1264944,33984,29,31,0
1530,0.664,0.340,0.015,1.019,1.169,16644,23067,0,36,33,33,1264944,33984,29,31,0
1531,0.650,0.415,0.013,1.077,1.144,16644,23067,0,36,33,33,1264944,33984,29,31,0
1532,0.665,11.022,0.014,11.702,1.215,16644,23067,0,36,33,33,1264944,33984,29,31,0
1533,0.623,7.678,0.010,8.311,11.838,16644,23067,0,36,33,33,1264944,33984,29,31,0
1534,0.636,7.313,0.010,7.958,8.455,16644,23067,0,36,33,33,1264944,33984,29,31,0
1535,0.710,0.350,0.015,1.074,8.114,16644,23067,0,36,33,33,1264944,33984,29,31,0
1536,0.700,0.366,0.014,1.079,1.235,16644,23067,0,36,33,33,1264944,33984,29,31,0
1537,0.698,0.337,0.012,1.047,1.236,16644,23067,0,36,33,33,1264944,33984,29,31,0
1538,0.622,3.962,0.010,4.594,1.170,16644,23067,0,36,33,33,1264944,33984,29,31,0
1539,0.623,3.277,0.024,3.925,4.745,16644,23067,0,36,33,33,1264944,33984,29,31,0
1540,0.713,11.939,0.013,12.664,4.098,16644,23067,0,36,33,33,1264944,33984,29,31,0
1541,0.733,7.012,0.014,7.760,12.814,16644,23067,0,36,33,33,1264944,33984,29,31,0
1542,0.697,0.402,0.012,1.111,7.911,16644,23067,0,36,33,33,1264944,33984,29,31,0
1543,0.686,0.338,0.014,1.038,1.264,16644,23067,0,36,33,33,1264944,33984,29,31,0
1544,0.697,0.368,0.012,1.078,1.187,16644,23067,0,36,33,33,1264944,33984,29,31,0
1545,0.726,3.923,0.014,4.663,1.214,16644,23067,0,36,33,33,1264944,33984,29,31,0
1546,0.705,3.159,0.012,3.876,4.826,16644,23067,0,36,33,33,1264944,33984,29,31,0
1547,0.722,12.104,0.013,12.839,4.042,16644,23067,0,36,33,33,1264944,33984,29,31,0
1548,0.776,7.028,0.010,7.813,12.998,16644,23067,0,36,33,33,1264944,33984,29,31,0
1549,0.813,0.363,0.029,1.205,8.009,16644,23067,0,36,33,33,1264944,33984,29,31,0
1550,0.806,0.374,0.015,1.196,1.386,16644,23067,0,36,33,33,1264944,33984,29,31,0
1551,0.696,0.384,0.015,1.096,1.349,16644,23067,0,36,33,33,1264944,33984,29,31,0
1552,0.715,3.276,0.013,4.004,1.231,16644,23067,0,36,33,33,1264944,33984,29,31,0
1553,0.695,3.386,0.017,4.098,4.164,16644,23067,0,36,33,33,1264944,33984,29,31,0
1554,0.713,12.025,0.011,12.749,4.260,16644,23067,0,36,33,33,1264944,33984,29,31,0
1555,0.799,6.985,0.012,7.796,12.965,16644,23067,0,36,33,33,1264944,33984,29,31,0
1556,0.806,0.327,0.020,1.153,7.979,16644,23067,0,36,33,33,1264944,33984,29,31,0
1557,0.777,0.399,0.016,1.192,1.324,16644,23067,0,36,33,33,1264944,33984,29,31,0
1558,0.814,2.431,0.013,3.258,1.371,16644,23067,0,36,33,33,1264944,33984,29,31,0
1559,0.730,1.369,0.018,2.117,3.427,16644,23067,0,36,33,33,1264944,33984,29,31,0
1560,0.688,4.180,0.013,4.881,2.267,16644,23067,0,36,33,33,1264944,33984,29,31,0
1561,0.798,11.217,0.014,12.029,5.063,16644,23067,0,36,33,33,1264944,33984,29,31,0
1562,0.783,6.636,0.014,7.433,12.210,16644,23067,0,36,33,33,1264944,33984,29,31,0
1563,0.801,7.443,0.015,8.259,7.619,16644,23067,0,36,33,33,1264944,33984,29,31,0
1564,0.777,7.290,0.011,8.078,8.437,16644,23067,0,36,33,33,1264944,33984,29,31,0
1565,0.923,7.260,0.017,8.199,8.301,16644,23067,0,36,33,33,1264944,33984,29,31,0
1566,0.923,6.916,0.017,7.856,8.417,16644,23067,0,36,33,33,1264944,33984,29,31,0
1567,0.926,0.389,0.018,1.333,8.071,16644,23067,0,36,33,33,1264944,33984,29,31,0
1568,0.904,0.491,0.015,1.410,1.538,16644,23067,0,36,33,33,1264944,33984,29,31,0
1569,0.979,1.984,0.027,2.989,1.613,16644,23067,0,36,33,33,1264944,33984,29,31,0
1570,0.989,0.745,0.016,1.750,3.199,16644,23067,0,36,33,33,1264944,33984,29,31,0
1571,0.925,2.752,0.011,3.688,1.956,16644,23067,0,36,33,33,1264944,33984,29,31,0
1572,1.010,12.297,0.017,13.324,3.913,16644,23067,0,36,33,33,1264944,33984,29,31,0
1573,0.946,6.758,0.015,7.720,13.544,16644,23067,0,36,33,33,1264944,33984,29,31,0
1574,0.965,0.438,0.016,1.420,7.931,16644,23067,0,36,33,33,1264944,33984,29,31,0
1575,0.950,0.640,0.016,1.607,1.612,16644,23067,0,36,33,33,1264944,33984,29,31,0
1576,1.009,1.240,0.015,2.264,1.809,16644,23067,0,36,33,33,1264944,33984,29,31,0
1577,1.015,0.894,0.015,1.924,2.472,16644,23067,0,36,33,33,1264944,33984,29,31,0
1578,0.981,3.102,0.014,4.096,2.135,16644,23067,0,36,33,33,1264944,33984,29,31,0
1579,0.959,11.686,0.012,12.657,4.317,16644,23067,0,36,33,33,1264944,33984,29,31,0
1580,0.950,6.962,0.016,7.928,12.870,16644,23067,0,36,33,33,1264944,33984,29,31,0
1581,0.925,0.409,0.015,1.349,8.141,16644,23067,0,36,33,33,1264944,33984,29,31,0
1582,0.944,0.488,0.023,1.455,1.546,16644,23067,0,36,33,33,1264944,33984,29,31,0
1583,0.962,1.634,0.020,2.616,1.656,16644,23067,0,36,33,33,1264944,33984,29,31,0
1584,0.999,0.933,0.016,1.948,2.827,16644,23067,0,36,33,33,1264944,33984,29,31,0
1585,0.943,3.752,0.011,4.706,2.147,16644,23067,0,36,33,33,1264944,33984,29,31,0
1586,0.937,10.965,0.013,11.914,4.924,16644,23067,0,36,33,33,1264944,33984,29,31,0
1587,0.927,7.046,0.018,7.991,12.154,16644,23067,0,36,33,33,1264944,33984,29,31,0
1588,1.146,0.500,0.026,1.671,8.233,16644,23067,0,36,33,33,1264944,33984,29,31,0
1589,0.941,0.455,0.041,1.438,1.918,16644,23067,0,36,33,33,1264944,33984,29,31,0
1590,1.013,0.479,0.014,1.506,1.651,16644,23067,0,36,33,33,1264944,33984,29,31,0
1591,0.920,0.488,0.013,1.421,1.713,16644,23067,0,36,33,33,1264944,33984,29,31,0
1592,0.913,2.432,0.011,3.357,1.616,16644,23067,0,36,33,33,1264944,33984,29,31,0
1593,0.974,13.654,0.011,14.639,3.558,16644,23067,0,36,33,33,1264944,33984,29,31,0
1594,0.972,6.730,0.016,7.718,14.875,16644,23067,0,36,33,33,1264944,33984,29,31,0
1595,0.924,0.392,0.019,1.335,7.938,16644,23067,0,36,33,33,1264944,33984,29,31,0
1596,0.915,0.627,0.016,1.558,1.532,16644,23067,0,36,33,33,1264944,33984,29,31,0
1597,0.992,0.601,0.018,1.611,1.761,16644,23067,0,36,33,33,1264944,33984,29,31,0
1598,0.959,1.827,0.010,2.796,1.822,16644,23067,0,36,33,33,1264944,33984,29,31,0
1599,0.792,3.557,0.015,4.364,2.973,16644,23067,0,36,33,33,1264944,33984,29,31,0
1600,0.977,11.446,0.013,12.436,4.585,16644,23067,0,36,33,33,1264944,33984,29,31,0
1601,0.941,6.748,0.011,7.700,12.665,16644,23067,0,36,33,33,1264944,33984,29,31,0
1602,0.932,0.402,0.020,1.353,7.929,16644,23067,0,36,33,33,1264944,33984,29,31,0
1603,0.943,0.457,0.020,1.420,1.555,16644,23067,0,36,33,33,1264944,33984,29,31,0
1604,0.987,1.842,0.018,2.847,1.618,16644,23067,0,36,33,33,1264944,33984,29,31,0
1605,0.986,0.507,0.025,1.518,3.073,16644,23067,0,36,33,33,1264944,33984,29,31,0
1606,0.921,3.405,0.011,4.337,1.718,16644,23067,0,36,33,33,1264944,33984,29,31,0
1607,0.951,11.464,0.024,12.438,4.551,16644,23067,0,36,33,33,1264944,33984,29,31,0
1608,0.943,7.137,0.020,8.099,12.650,16644,23067,0,36,33,33,1264944,33984,29,31,0
1609,1.105,0.466,0.019,1.590,8.372,16644,23067,0,36,33,33,1264944,33984,29,31,0
1610,0.990,0.400,0.016,1.406,1.831,16644,23067,0,36,33,33,1264944,33984,29,31,0
1611,0.951,0.472,0.018,1.442,1.618,16644,23067,0,36,33,33,1264944,33984,29,31,0
1612,0.991,1.438,0.017,2.447,1.637,16644,23067,0,36,33,33,1264944,33984,29,31,0
1613,0.926,3.514,0.038,4.479,2.650,16644,23067,0,36,33,33,1264944,33984,29,31,0
1614,1.253,11.591,0.021,12.865,4.810,16644,23067,0,36,33,33,1264944,33984,29,31,0
1615,1.026,6.319,0.021,7.366,13.121,16644,23067,0,36,33,33,1264944,33984,29,31,0
1616,0.962,0.488,0.017,1.467,7.603,16644,23067,0,36,33,33,1264944,33984,29,31,0
1617,0.960,0.532,0.018,1.509,1.665,16644,23067,0,36,33,33,1264944,33984,29,31,0
1618,1.025,0.496,0.021,1.541,1.710,16644,23067,0,36,33,33,1264944,33984,29,31,0
1619,0.982,0.473,0.023,1.478,1.759,16644,23067,0,36,33,33,1264944,33984,29,31,0
1620,0.829,9.016,115.329,125.173,1.652,16644,23067,0,36,33,33,1264944,33984,29,31,0
1621,0.580,0.453,0.014,1.047,125.294,16644,23067,0,36,33,33,1264944,33984,29,31,0
1622,0.471,1.365,0.011,1.847,1.145,16644,23067,0,36,33,33,1264944,33984,29,31,0
1623,0.510,5.006,0.010,5.527,1.944,16644,23067,0,36,33,33,1264944,33984,29,31,0
1624,0.444,3.682,0.013,4.139,5.638,16644,23067,0,36,33,33,1264944,33984,29,31,0
1625,0.470,12.710,0.010,13.190,4.250,16644,23067,0,36,33,33,1264944,33984,29,31,0
1626,0.470,6.856,0.014,7.340,13.300,16644,23067,0,36,33,33,1264944,33984,29,31,0
1627,0.482,0.702,0.013,1.197,7.448,16644,23067,0,36,33,33,1264944,33984,29,31,0
1628,0.528,0.277,0.012,0.817,1.315,16644,23067,0,36,33,33,1264944,33984,29,31,0
1629,0.501,3.468,0.011,3.980,0.902,16644,23067,0,36,33,33,1264944,33984,29,31,0
1630,0.504,1.485,0.009,1.999,4.098,16644,23067,0,36,33,33,1264944,33984,29,31,0
1631,0.461,3.717,0.015,4.194,2.105,16644,23067,0,36,33,33,1264944,33984,29,31,0
1632,0.554,12.199,0.010,12.763,4.322,16644,23067,0,36,33,33,1264944,33984,29,31,0
1633,0.552,7.253,0.008,7.813,12.882,16644,23067,0,36,33,33,1264944,33984,29,31,0
1634,0.553,0.550,0.014,1.118,7.930,16644,23067,0,36,33,33,1264944,33984,29,31,0
1635,0.571,0.308,0.009,0.888,1.233,16644,23067,0,36,33,33,1264944,33984,29,31,0
1636,0.571,4.150,0.010,4.730,0.993,16644,23067,0,36,33,33,1264944,33984,29,31,0
1637,0.532,0.648,0.011,1.192,4.842,16644,23067,0,36,33,33,1264944,33984,29,31,0
1638,0.559,3.774,0.016,4.349,1.302,16644,23067,0,36,33,33,1264944,33984,29,31,0
1639,0.578,12.002,0.010,12.591,4.479,16644,23067,0,36,33,33,1264944,33984,29,31,0
1640,0.615,7.112,0.010,7.737,12.712,16644,23067,0,36,33,33,1264944,33984,29,31,0
1641,0.582,0.819,0.012,1.413,7.872,16644,23067,0,36,33,33,1264944,33984,29,31,0
1642,0.620,0.330,0.016,0.966,1.548,16644,23067,0,36,33,33,1264944,33984,29,31,0
1643,0.607,0.264,0.011,0.882,1.111,16644,23067,0,36,33,33,1264944,33984,29,31,0
1644,0.596,0.315,0.007,0.918,0.996,16644,23067,0,36,33,33,1264944,33984,29,31,0
1645,0.570,11.394,0.009,11.973,1.035,16644,23067,0,36,33,33,1264944,33984,29,31,0
1646,0.613,8.079,0.012,8.704,12.107,16644,23067,0,36,33,33,1264944,33984,29,31,0
1647,0.660,6.897,0.012,7.570,8.845,16644,23067,0,36,33,33,1264944,33984,29,31,0
1648,0.654,0.552,0.018,1.224,7.714,16644,23067,0,36,33,33,1264944,33984,29,31,0
1649,0.647,0.343,0.016,1.005,1.367,16644,23067,0,36,33,33,1264944,33984,29,31,0
1650,0.653,0.358,0.019,1.030,1.139,16644,23067,0,36,33,33,1264944,33984,29,31,0
1651,0.673,0.358,0.012,1.043,1.158,16644,23067,0,36,33,33,1264944,33984,29,31,0
1652,0.633,2.619,0.011,3.263,1.174,16644,23067,0,36,33,33,1264944,33984,29,31,0
1653,0.574,3.384,0.009,3.968,3.394,16644,23067,0,36,33,33,1264944,33984,29,31,0
1654,0.656,12.115,0.012,12.783,4.116,16644,23067,0,36,33,33,1264944,33984,29,31,0
1655,0.625,7.380,0.012,8.017,12.920,16644,23067,0,36,33,33,1264944,33984,29,31,0
1656,0.649,0.540,0.014,1.202,8.154,16644,23067,0,36,33,33,1264944,33984,29,31,0
1657,0.679,0.329,0.012,1.019,1.352,16644,23067,0,36,33,33,1264944,33984,29,31,0
1658,0.643,0.369,0.010,1.022,1.164,16644,23067,0,36,33,33,1264944,33984,29,31,0
1659,0.669,0.340,0.019,1.028,1.157,16644,23067,0,36,33,33,1264944,33984,29,31,0
1660,0.636,11.217,0.012,11.864,1.150,16644,23067,0,36,33,33,1264944,33984,29,31,0
1661,0.648,8.029,0.014,8.691,12.011,16644,23067,0,36,33,33,1264944,33984,29,31,0
1662,0.736,6.751,0.012,7.499,8.841,16644,23067,0,36,33,33,1264944,33984,29,31,0
1663,0.681,0.420,0.014,1.115,7.677,16644,23067,0,36,33,33,1264944,33984,29,31,0
1664,0.711,0.367,0.014,1.092,1.279,16644,23067,0,36,33,33,1264944,33984,29,31,0
1665,0.711,0.374,0.010,1.095,1.243,16644,23067,0,36,33,33,1264944,33984,29,31,0
1666,0.748,0.414,0.013,1.174,1.246,16644,23067,0,36,33,33,1264944,33984,29,31,0
1667,0.727,11.009,0.011,11.748,1.315,16644,23067,0,36,33,33,1264944,33984,29,31,0
1668,0.719,7.850,0.013,8.582,11.900,16644,23067,0,36,33,33,1264944,33984,29,31,0
1669,0.719,6.600,0.009,7.328,8.738,16644,23067,0,36,33,33,1264944,33984,29,31,0
1670,0.715,0.389,0.018,1.122,7.495,16644,23067,0,36,33,33,1264944,33984,29,31,0
1671,0.709,0.379,0.012,1.101,1.280,16644,23067,0,36,33,33,1264944,33984,29,31,0
1672,0.703,0.332,0.011,1.047,1.242,16644,23067,0,36,33,33,1264944,33984,29,31,0
1673,0.752,3.820,0.020,4.593,1.188,16644,23067,0,36,33,33,1264944,33984,29,31,0
1674,0.701,3.458,0.010,4.169,4.758,16644,23067,0,36,33,33,1264944,33984,29,31,0
1675,0.725,11.669,0.013,12.407,4.327,16644,23067,0,36,33,33,1264944,33984,29,31,0
1676,0.710,7.214,0.014,7.938,12.568,16644,23067,0,36,33,33,1264944,33984,29,31,0
1677,0.865,0.440,0.017,1.323,8.133,16644,23067,0,36,33,33,1264944,33984,29,31,0
1678,0.815,0.521,0.013,1.349,1.494,16644,23067,0,36,33,33,1264944,33984,29,31,0
1679,0.697,0.420,0.014,1.131,1.512,16644,23067,0,36,33,33,1264944,33984,29,31,0
1680,19.279,1.388,0.016,20.683,5.320,16644,23067,0,36,33,33,1264944,33984,29,31,0
1681,1.265,0.661,0.012,1.938,20.800,16644,23067,0,36,33,33,1264944,33984,29,31,0
1682,3.381,6.973,0.012,10.366,2.058,16644,23067,0,36,33,33,1264944,33984,29,31,0
1683,0.462,3.325,0.011,3.798,10.491,16644,23067,0,36,33,33,1264944,33984,29,31,0
1684,0.489,11.869,0.010,12.368,3.919,16644,23067,0,36,33,33,1264944,33984,29,31,0
1685,0.492,7.719,0.008,8.219,12.471,16644,23067,0,36,33,33,1264944,33984,29,31,0
1686,0.497,0.565,0.010,1.072,8.325,16644,23067,0,36,33,33,1264944,33984,29,31,0
1687,0.488,0.268,0.010,0.766,1.175,16644,23067,0,36,33,33,1264944,33984,29,31,0
1688,0.483,5.944,0.009,6.436,0.861,16644,23067,0,36,33,33,1264944,33984,29,31,0
1689,0.467,2.702,0.010,3.178,6.545,16644,23067,0,36,33,33,1264944,33984,29,31,0
1690,0.488,13.188,0.011,13.687,3.292,16644,23067,0,36,33,33,1264944,33984,29,31,0
1691,0.530,7.302,0.010,7.842,13.800,16644,23067,0,36,33,33,1264944,33984,29,31,0
1692,0.532,0.612,0.014,1.158,7.960,16644,23067,0,36,33,33,1264944,33984,29,31,0
1693,0.550,0.279,0.010,0.840,1.270,16644,23067,0,36,33,33,1264944,33984,29,31,0
1694,0.519,0.294,0.010,0.823,0.948,16644,23067,0,36,33,33,1264944,33984,29,31,0
1695,0.544,0.568,0.011,1.123,0.920,16644,23067,0,36,33,33,1264944,33984,29,31,0
1696,0.552,3.144,0.007,3.703,1.227,16644,23067,0,36,33,33,1264944,33984,29,31,0
1697,0.524,2.813,0.009,3.346,3.832,16644,23067,0,36,33,33,1264944,33984,29,31,0
1698,0.553,12.701,0.009,13.263,3.473,16644,23067,0,36,33,33,1264944,33984,29,31,0
1699,0.573,7.609,0.010,8.192,13.386,16644,23067,0,36,33,33,1264944,33984,29,31,0
1700,0.590,0.614,0.010,1.214,8.322,16644,23067,0,36,33,33,1264944,33984,29,31,0
1701,0.634,0.313,0.010,0.958,1.342,16644,23067,0,36,33,33,1264944,33984,29,31,0
1702,0.587,0.306,0.010,0.903,1.084,16644,23067,0,36,33,33,1264944,33984,29,31,0
1703,0.609,0.283,0.011,0.903,1.027,16644,23067,0,36,33,33,1264944,33984,29,31,0
1704,0.593,0.328,0.010,0.931,1.013,16644,23067,0,36,33,33,1264944,33984,29,31,0
1705,0.569,1.862,0.007,2.437,1.048,16644,23067,0,36,33,33,1264944,33984,29,31,0
1706,0.583,2.541,0.015,3.139,2.572,16644,23067,0,36,33,33,1264944,33984,29,31,0
1707,0.571,13.257,0.015,13.843,3.273,16644,23067,0,36,33,33,1264944,33984,29,31,0
1708,0.658,7.187,0.011,7.857,13.985,16644,23067,0,36,33,33,1264944,33984,29,31,0
1709,0.608,0.429,0.013,1.049,8.010,16644,23067,0,36,33,33,1264944,33984,29,31,0
1710,0.658,0.308,0.012,0.979,1.191,16644,23067,0,36,33,33,1264944,33984,29,31,0
1711,0.621,0.384,0.009,1.015,1.116,16644,23067,0,36,33,33,1264944,33984,29,31,0
1712,0.648,0.288,0.009,0.945,1.153,16644,23067,0,36,33,33,1264944,33984,29,31,0
1713,0.597,0.330,0.016,0.944,1.055,16644,23067,0,36,33,33,1264944,33984,29,31,0
1714,0.604,1.783,0.005,2.392,1.063,16644,23067,0,36,33,33,1264944,33984,29,31,0
1715,0.562,2.791,0.012,3.365,2.523,16644,23067,0,36,33,33,1264944,33984,29,31,0
1716,0.582,12.941,0.009,13.532,3.492,16644,23067,0,36,33,33,1264944,33984,29,31,0
1717,0.623,7.196,0.011,7.829,13.683,16644,23067,0,36,33,33,1264944,33984,29,31,0
1718,0.606,0.408,0.012,1.026,7.965,16644,23067,0,36,33,33,1264944,33984,29,31,0
1719,0.648,0.309,0.011,0.967,1.165,16644,23067,0,36,33,33,1264944,33984,29,31,0
1720,0.623,0.291,0.007,0.921,1.101,16644,23067,0,36,33,33,1264944,33984,29,31,0
1721,0.625,0.318,0.010,0.952,1.046,16644,23067,0,36,33,33,1264944,33984,29,31,0
1722,0.634,2.216,0.011,2.861,1.078,16644,23067,0,36,33,33,1264944,33984,29,31,0
1723,0.621,0.281,0.011,0.913,2.999,16644,23067,0,36,33,33,1264944,33984,29,31,0
1724,0.622,2.592,0.009,3.223,1.051,16644,23067,0,36,33,33,1264944,33984,29,31,0
1725,0.598,12.677,0.015,13.290,3.370,16644,23067,0,36,33,33,1264944,33984,29,31,0
1726,0.595,7.367,0.024,7.986,13.431,16644,23067,0,36,33,33,1264944,33984,29,31,0
1727,0.708,7.891,0.032,8.631,8.142,16644,23067,0,36,33,33,1264944,33984,29,31,0
1728,0.688,7.178,0.017,7.883,8.781,16644,23067,0,36,33,33,1264944,33984,29,31,0
1729,0.698,7.730,0.013,8.441,8.036,16644,23067,0,36,33,33,1264944,33984,29,31,0
1730,0.698,7.182,0.016,7.896,8.605,16644,23067,0,36,33,33,1264944,33984,29,31,0
1731,0.830,0.396,0.014,1.240,8.082,16644,23067,0,36,33,33,1264944,33984,29,31,0
1732,0.810,0.422,0.016,1.248,1.415,16644,23067,0,36,33,33,1264944,33984,29,31,0
1733,0.709,0.360,0.015,1.084,1.398,16644,23067,0,36,33,33,1264944,33984,29,31,0
1734,0.723,0.405,0.010,1.138,1.243,16644,23067,0,36,33,33,1264944,33984,29,31,0
1735,0.731,2.049,0.011,2.791,1.294,16644,23067,0,36,33,33,1264944,33984,29,31,0
1736,0.677,2.989,0.014,3.680,2.949,16644,23067,0,36,33,33,1264944,33984,29,31,0
1737,0.689,12.316,0.013,13.018,3.834,16644,23067,0,36,33,33,1264944,33984,29,31,0
1738,0.822,6.903,0.016,7.741,13.194,16644,23067,0,36,33,33,1264944,33984,29,31,0
1739,0.780,0.325,0.019,1.124,7.924,16644,23067,0,36,33,33,1264944,33984,29,31,0
1740,0.791,0.409,0.014,1.215,1.312,16644,23067,0,36,33,33,1264944,33984,29,31,0
1741,0.789,0.670,0.012,1.471,1.379,16644,23067,0,36,33,33,1264944,33984,29,31,0
1742,0.742,0.938,0.019,1.699,1.647,16644,23067,0,36,33,33,1264944,33984,29,31,0
1743,0.711,1.409,0.022,2.142,1.853,16644,23067,0,36,33,33,1264944,33984,29,31,0
1744,0.831,2.802,0.013,3.646,2.330,16644,23067,0,36,33,33,1264944,33984,29,31,0
1745,0.776,12.142,0.028,12.947,3.824,16644,23067,0,36,33,33,1264944,33984,29,31,0
1746,0.844,6.991,0.013,7.849,13.129,16644,23067,0,36,33,33,1264944,33984,29,31,0
1747,0.813,0.390,0.017,1.220,8.028,16644,23067,0,36,33,33,1264944,33984,29,31,0
1748,0.815,0.648,0.019,1.482,1.397,16644,23067,0,36,33,33,1264944,33984,29,31,0
1749,0.833,0.479,0.011,1.324,1.653,16644,23067,0,36,33,33,1264944,33984,29,31,0
1750,0.896,1.016,0.015,1.927,1.507,16644,23067,0,36,33,33,1264944,33984,29,31,0
1751,0.826,0.388,0.020,1.234,2.115,16644,23067,0,36,33,33,1264944,33984,29,31,0
1752,0.809,3.296,0.011,4.116,1.401,16644,23067,0,36,33,33,1264944,33984,29,31,0
1753,0.879,11.936,0.015,12.831,4.307,16644,23067,0,36,33,33,1264944,33984,29,31,0
1754,0.830,6.927,0.015,7.773,13.024,16644,23067,0,36,33,33,1264944,33984,29,31,0
1755,0.935,0.423,0.019,1.377,7.974,16644,23067,0,36,33,33,1264944,33984,29,31,0
1756,0.962,0.481,0.015,1.459,1.571,16644,23067,0,36,33,33,1264944,33984,29,31,0
1757,0.822,0.418,0.009,1.249,1.631,16644,23067,0,36,33,33,1264944,33984,29,31,0
1758,0.853,1.239,0.015,2.107,1.422,16644,23067,0,36,33,33,1264944,33984,29,31,0
1759,0.806,0.373,0.014,1.193,2.289,16644,23067,0,36,33,33,1264944,33984,29,31,0
1760,0.769,3.545,0.017,4.331,1.368,16644,23067,0,36,33,33,1264944,33984,29,31,0
1761,0.819,11.530,0.012,12.361,4.537,16644,23067,0,36,33,33,1264944,33984,29,31,0
1762,0.958,6.687,0.020,7.665,12.585,16644,23067,0,36,33,33,1264944,33984,29,31,0
1763,0.929,0.411,0.016,1.356,7.870,16644,23067,0,36,33,33,1264944,33984,29,31,0
1764,0.955,0.408,0.018,1.381,1.557,16644,23067,0,36,33,33,1264944,33984,29,31,0
1765,0.782,0.417,0.009,1.208,1.554,16644,23067,0,36,33,33,1264944,33984,29,31,0
1766,0.801,0.432,0.014,1.248,1.372,16644,23067,0,36,33,33,1264944,33984,29,31,0
1767,0.810,9.967,0.012,10.789,1.402,16644,23067,0,36,33,33,1264944,33984,29,31,0
1768,0.800,7.865,0.014,8.680,10.970,16644,23067,0,36,33,33,1264944,33984,29,31,0
1769,0.803,6.588,0.019,7.409,8.868,16644,23067,0,36,33,33,1264944,33984,29,31,0
1770,0.912,0.410,0.016,1.339,7.620,16644,23067,0,36,33,33,1264944,33984,29,31,0
1771,0.796,0.563,0.015,1.373,1.530,16644,23067,0,36,33,33,1264944,33984,29,31,0
1772,0.815,0.581,0.020,1.416,1.549,16644,23067,0,36,33,33,1264944,33984,29,31,0
1773,0.847,2.670,0.021,3.538,1.592,16644,23067,0,36,33,33,1264944,33984,29,31,0
1774,0.791,2.931,0.013,3.735,3.704,16644,23067,0,36,33,33,1264944,33984,29,31,0
1775,0.831,12.093,0.022,12.945,3.921,16644,23067,0,36,33,33,1264944,33984,29,31,0
1776,0.927,6.754,0.017,7.698,13.152,16644,23067,0,36,33,33,1264944,33984,29,31,0
1777,0.946,0.441,0.018,1.405,7.900,16644,23067,0,36,33,33,1264944,33984,29,31,0
1778,0.924,0.503,0.023,1.450,1.596,16644,23067,0,36,33,33,1264944,33984,29,31,0
1779,0.962,0.456,0.016,1.433,1.645,16644,23067,0,36,33,33,1264944,33984,29,31,0
1780,0.915,1.163,0.018,2.095,1.615,16644,23067,0,36,33,33,1264944,33984,29,31,0
1781,0.826,0.367,0.016,1.209,2.270,16644,23067,0,36,33,33,1264944,33984,29,31,0
1782,0.788,2.633,0.017,3.438,1.371,16644,23067,0,36,33,33,1264944,33984,29,31,0
1783,0.836,12.363,0.013,13.212,3.626,16644,23067,0,36,33,33,1264944,33984,29,31,0
1784,0.984,6.654,0.017,7.655,13.429,16644,23067,0,36,33,33,1264944,33984,29,31,0
1785,0.932,0.397,0.022,1.351,7.872,16644,23067,0,36,33,33,1264944,33984,29,31,0
1786,0.866,0.602,0.016,1.485,1.546,16644,23067,0,36,33,33,1264944,33984,29,31,0
1787,0.835,0.415,0.020,1.270,1.653,16644,23067,0,36,33,33,1264944,33984,29,31,0
1788,0.931,1.029,0.015,1.975,1.474,16644,23067,0,36,33,33,1264944,33984,29,31,0
1789,0.803,0.351,0.019,1.173,2.155,16644,23067,0,36,33,33,1264944,33984,29,31,0
1790,0.795,3.241,0.016,4.053,1.345,16644,23067,0,36,33,33,1264944,33984,29,31,0
1791,0.804,11.892,0.013,12.709,4.236,16644,23067,0,36,33,33,1264944,33984,29,31,0
1792,0.959,6.824,0.014,7.797,12.908,16644,23067,0,36,33,33,1264944,33984,29,31,0
1793,0.926,0.386,0.018,1.331,8.015,16644,23067,0,36,33,33,1264944,33984,29,31,0
1794,0.936,0.465,0.012,1.412,1.526,16644,23067,0,36,33,33,1264944,33984,29,31,0
1795,0.912,0.478,0.012,1.402,1.609,16644,23067,0,36,33,33,1264944,33984,29,31,0
1796,0.930,2.565,0.013,3.508,1.603,16644,23067,0,36,33,33,1264944,33984,29,31,0
1797,0.792,3.610,0.011,4.413,3.698,16644,23067,0,36,33,33,1264944,33984,29,31,0
1798,0.812,11.250,0.011,12.073,4.605,16644,23067,0,36,33,33,1264944,33984,29,31,0
1799,0.950,6.940,0.025,7.916,12.316,16644,23067,0,36,33,33,1264944,33984,29,31,0
1800,0.958,0.460,51.722,53.140,8.138,16644,23067,0,36,33,33,1264944,33984,29,31,0
1801,0.683,0.403,0.013,1.099,53.255,16644,23067,0,36,33,33,1264944,33984,29,31,0
1802,0.590,1.074,0.010,1.674,1.220,16644,23067,0,36,33,33,1264944,33984,29,31,0
1803,0.563,0.460,0.008,1.032,1.788,16644,23067,0,36,33,33,1264944,33984,29,31,0
1804,0.558,8.211,0.011,8.780,1.156,16644,23067,0,36,33,33,1264944,33984,29,31,0
1805,0.536,1.629,0.010,2.175,8.899,16644,23067,0,36,33,33,1264944,33984,29,31,0
1806,0.544,1.037,0.019,1.600,2.304,16644,23067,0,36,33,33,1264944,33984,29,31,0
1807,0.597,3.531,0.010,4.137,1.708,16644,23067,0,36,33,33,1264944,33984,29,31,0
1808,0.510,3.874,0.015,4.399,4.260,16644,23067,0,36,33,33,1264944,33984,29,31,0
1809,0.582,12.025,0.026,12.633,4.540,16644,23067,0,36,33,33,1264944,33984,29,31,0
1810,0.643,7.237,0.015,7.894,12.817,16644,23067,0,36,33,33,1264944,33984,29,31,0
1811,0.637,0.432,0.012,1.080,8.022,16644,23067,0,36,33,33,1264944,33984,29,31,0
1812,0.600,0.361,0.015,0.976,1.208,16644,23067,0,36,33,33,1264944,33984,29,31,0
1813,0.589,0.383,0.014,0.986,1.084,16644,23067,0,36,33,33,1264944,33984,29,31,0
1814,0.596,3.836,0.016,4.449,1.108,16644,23067,0,36,33,33,1264944,33984,29,31,0
1815,0.529,3.625,0.021,4.175,4.571,16644,23067,0,36,33,33,1264944,33984,29,31,0
1816,0.570,12.126,0.012,12.708,4.288,16644,23067,0,36,33,33,1264944,33984,29,31,0
1817,0.591,7.104,0.010,7.705,12.838,16644,23067,0,36,33,33,1264944,33984,29,31,0
1818,0.565,0.582,0.012,1.159,7.826,16644,23067,0,36,33,33,1264944,33984,29,31,0
1819,0.578,0.328,0.012,0.917,1.281,16644,23067,0,36,33,33,1264944,33984,29,31,0
1820,0.580,3.433,0.012,4.024,1.018,16644,23067,0,36,33,33,1264944,33984,29,31,0
1821,0.610,1.204,0.013,1.826,4.158,16644,23067,0,36,33,33,1264944,33984,29,31,0
1822,0.537,3.743,0.010,4.289,1.962,16644,23067,0,36,33,33,1264944,33984,29,31,0
1823,0.542,11.633,0.010,12.185,4.418,16644,23067,0,36,33,33,1264944,33984,29,31,0
1824,0.604,7.680,0.012,8.296,12.325,16644,23067,0,36,33,33,1264944,33984,29,31,0
1825,0.612,0.574,0.011,1.197,8.433,16644,23067,0,36,33,33,1264944,33984,29,31,0
1826,0.608,0.345,0.012,0.965,1.325,16644,23067,0,36,33,33,1264944,33984,29,31,0
1827,0.598,0.330,0.010,0.938,1.080,16644,23067,0,36,33,33,1264944,33984,29,31,0
1828,0.611,3.790,0.011,4.411,1.058,16644,23067,0,36,33,33,1264944,33984,29,31,0
1829,0.634,3.381,0.014,4.029,4.553,16644,23067,0,36,33,33,1264944,33984,29,31,0
1830,0.608,12.281,0.011,12.900,4.160,16644,23067,0,36,33,33,1264944,33984,29,31,0
1831,0.641,7.181,0.008,7.830,13.043,16644,23067,0,36,33,33,1264944,33984,29,31,0
1832,0.620,0.404,0.014,1.037,7.973,16644,23067,0,36,33,33,1264944,33984,29,31,0
1833,0.639,0.329,0.014,0.983,1.169,16644,23067,0,36,33,33,1264944,33984,29,31,0
1834,0.690,0.332,0.012,1.034,1.102,16644,23067,0,36,33,33,1264944,33984,29,31,0
1835,0.605,4.247,0.015,4.866,1.164,16644,23067,0,36,33,33,1264944,33984,29,31,0
1836,0.661,3.365,0.011,4.037,5.013,16644,23067,0,36,33,33,1264944,33984,29,31,0
1837,0.659,11.863,0.009,12.531,4.189,16644,23067,0,36,33,33,1264944,33984,29,31,0
1838,0.632,7.198,0.011,7.840,12.687,16644,23067,0,36,33,33,1264944,33984,29,31,0
1839,0.708,0.364,0.010,1.082,8.009,16644,23067,0,36,33,33,1264944,33984,29,31,0
1840,0.707,0.366,0.012,1.085,1.234,16644,23067,0,36,33,33,1264944,33984,29,31,0
1841,0.724,0.929,0.012,1.665,1.231,16644,23067,0,36,33,33,1264944,33984,29,31,0
1842,0.665,2.991,0.011,3.667,1.802,16644,23067,0,36,33,33,1264944,33984,29,31,0
1843,0.622,3.321,0.012,3.955,3.819,16644,23067,0,36,33,33,1264944,33984,29,31,0
1844,0.664,12.374,0.013,13.051,4.098,16644,23067,0,36,33,33,1264944,33984,29,31,0
1845,0.707,7.114,0.013,7.834,13.210,16644,23067,0,36,33,33,1264944,33984,29,31,0
1846,0.723,0.585,0.011,1.318,7.996,16644,23067,0,36,33,33,1264944,33984,29,31,0
1847,0.722,0.347,0.014,1.083,1.472,16644,23067,0,36,33,33,1264944,33984,29,31,0
1848,0.709,0.352,0.014,1.076,1.233,16644,23067,0,36,33,33,1264944,33984,29,31,0
1849,0.746,3.276,0.025,4.047,1.216,16644,23067,0,36,33,33,1264944,33984,29,31,0
1850,0.741,3.019,0.016,3.776,4.217,16644,23067,0,36,33,33,1264944,33984,29,31,0
1851,0.723,12.452,0.017,13.192,3.925,16644,23067,0,36,33,33,1264944,33984,29,31,0
1852,0.827,6.803,0.016,7.647,13.394,16644,23067,0,36,33,33,1264944,33984,29,31,0
1853,0.796,0.353,0.022,1.170,7.838,16644,23067,0,36,33,33,1264944,33984,29,31,0
1854,0.810,0.418,0.015,1.244,1.362,16644,23067,0,36,33,33,1264944,33984,29,31,0
1855,0.856,1.833,0.011,2.700,1.414,16644,23067,0,36,33,33,1264944,33984,29,31,0
1856,0.859,1.696,0.021,2.576,2.888,16644,23067,0,36,33,33,1264944,33984,29,31,0
1857,0.804,2.908,0.023,3.735,3.855,16644,23067,0,36,33,33,1264944,33984,29,31,0
1858,0.776,11.069,0.015,11.860,4.051,16644,23067,0,36,33,33,1264944,33984,29,31,0
1859,0.785,6.850,0.013,7.648,12.114,16644,23067,0,36,33,33,1264944,33984,29,31,0
1860,11.467,1.205,0.018,12.689,5.390,16750,23167,0,36,33,33,1273000,34824,29,31,0
1861,4.041,0.392,0.008,4.441,12.874,16750,23167,0,36,33,33,1273000,34824,29,31,0
1862,1.641,0.430,0.014,2.086,4.606,16750,23167,0,36,33,33,1273000,34824,29,31,0
1863,0.486,7.116,0.015,7.618,2.334,16750,23167,0,36,33,33,1273000,34824,29,31,0
1864,0.522,8.455,0.010,8.987,7.820,16750,23167,0,36,33,33,1273000,34824,29,31,0
1865,0.485,6.519,0.012,7.017,9.183,16750,23167,0,36,33,33,1273000,34824,29,31,0
1866,0.510,8.355,0.008,8.874,7.213,16750,23167,0,36,33,33,1273000,34824,29,31,0
1867,0.513,7.355,0.012,7.881,9.052,16750,23167,0,36,33,33,1273000,34824,29,31,0
1868,0.510,0.647,0.011,1.167,8.073,16750,23167,0,36,33,33,1273000,34824,29,31,0
1869,0.505,0.363,0.014,0.881,1.352,16750,23167,0,36,33,33,1273000,34824,29,31,0
1870,0.498,0.283,0.015,0.796,1.057,16750,23167,0,36,33,33,1273000,34824,29,31,0
1871,0.510,0.281,0.014,0.804,0.980,16750,23167,0,36,33,33,1273000,34824,29,31,0
1872,0.501,0.395,0.015,0.911,0.970,16750,23167,0,36,33,33,1273000,34824,29,31,0
1873,0.503,0.880,0.009,1.393,1.082,16750,23167,0,36,33,33,1273000,34824,29,31,0
1874,0.492,0.836,0.017,1.345,1.563,16750,23167,0,36,33,33,1273000,34824,29,31,0
1875,0.485,16.173,0.008,16.666,1.525,16750,23167,0,36,33,33,1273000,34824,29,31,0
1876,0.529,7.280,0.009,7.818,16.851,16750,23167,0,36,33,33,1273000,34824,29,31,0
1877,0.480,0.789,0.012,1.281,7.967,16750,23167,0,36,33,33,1273000,34824,29,31,0
1878,0.479,0.348,0.008,0.835,1.445,16750,23167,0,36,33,33,1273000,34824,29,31,0
1879,0.464,0.311,0.012,0.787,1.029,16750,23167,0,36,33,33,1273000,34824,29,31,0
1880,0.464,0.673,0.009,1.146,0.952,16750,23167,0,36,33,33,1273000,34824,29,31,0
1881,0.451,0.303,0.012,0.766,1.312,16750,23167,0,36,33,33,1273000,34824,29,31,0
1882,0.472,0.299,0.012,0.783,1.631,16750,23167,0,36,33,33,1273000,34824,29,31,0
1883,0.523,1.165,0.009,1.697,0.974,16750,23167,0,36,33,33,1273000,34824,29,31,0
1884,0.448,12.280,0.009,12.738,5.152,16750,23167,0,36,33,33,1273000,34824,29,31,0
1885,0.463,7.100,0.009,7.572,12.862,16750,23167,0,36,33,33,1273000,34824,29,31,0
1886,0.462,0.637,0.007,1.106,7.694,16750,23167,0,36,33,33,1273000,34824,29,31,0
1887,0.464,0.273,0.008,0.745,1.232,16750,23167,0,36,33,33,1273000,34824,29,31,0
1888,0.410,0.217,0.010,0.638,0.854,16750,23167,0,36,33,33,1273000,34824,29,31,0
1889,0.432,0.569,0.009,1.010,0.764,16750,23167,0,36,33,33,1273000,34824,29,31,0
1890,0.401,0.469,0.012,0.883,1.143,16750,23167,0,36,33,33,1273000,34824,29,31,0
1891,0.426,0.234,0.007,0.667,1.008,16750,23167,0,36,33,33,1273000,34824,29,31,0
1892,0.415,0.211,0.012,0.638,0.800,16750,23167,0,36,33,33,1273000,34824,29,31,0
1893,0.418,3.222,0.011,3.650,0.764,16750,23167,0,36,33,33,1273000,34824,29,31,0
1894,0.532,14.186,0.009,14.727,3.818,16750,23167,0,36,33,33,1273000,34824,29,31,0
1895,0.477,7.485,0.011,7.974,14.852,16750,23167,0,36,33,33,1273000,34824,29,31,0
1896,0.482,0.690,0.014,1.186,8.122,16750,23167,0,36,33,33,1273000,34824,29,31,0
1897,0.465,0.302,0.008,0.775,1.323,16750,23167,0,36,33,33,1273000,34824,29,31,0
1898,0.406,0.228,0.007,0.640,0.909,16750,23167,0,36,33,33,1273000,34824,29,31,0
1899,0.435,0.434,0.012,0.880,0.767,16750,23167,0,36,33,33,1273000,34824,29,31,0
1900,0.406,0.569,0.009,0.984,1.006,16750,23167,0,36,33,33,1273000,34824,29,31,0
1901,0.633,0.334,0.012,0.979,1.161,16750,23167,0,36,33,33,1273000,34824,29,31,0
1902,0.585,3.400,0.012,3.997,1.160,16750,23167,0,36,33,33,1273000,34824,29,31,0
1903,0.603,14.053,0.012,14.668,4.186,16750,23167,0,36,33,33,1273000,34824,29,31,0
1904,0.575,7.565,0.024,8.164,14.860,16750,23167,0,36,33,33,1273000,34824,29,31,0
1905,0.701,0.293,0.012,1.006,8.374,16750,23167,0,36,33,33,1273000,34824,29,31,0
1906,0.657,0.304,0.012,0.972,1.214,16750,23167,0,36,33,33,1273000,34824,29,31,0
1907,0.660,0.278,0.010,0.948,1.167,16750,23167,0,36,33,33,1273000,34824,29,31,0
1908,0.595,0.280,0.013,0.888,1.131,16750,23167,0,36,33,33,1273000,34824,29,31,0
1909,0.604,0.414,0.008,1.026,1.057,16750,23167,0,36,33,33,1273000,34824,29,31,0
1910,0.599,3.298,0.013,3.909,1.196,16750,23167,0,36,33,33,1273000,34824,29,31,0
1911,0.621,14.513,0.013,15.147,4.102,16750,23167,0,36,33,33,1273000,34824,29,31,0
1912,0.658,7.103,0.014,7.775,15.357,16750,23167,0,36,33,33,1273000,34824,29,31,0
1913,0.675,0.294,0.011,0.980,7.990,16750,23167,0,36,33,33,1273000,34824,29,31,0
1914,0.657,0.312,0.013,0.982,1.173,16750,23167,0,36,33,33,1273000,34824,29,31,0
1915,0.674,0.365,0.012,1.052,1.181,16750,23167,0,36,33,33,1273000,34824,29,31,0
1916,0.658,0.369,0.010,1.036,1.257,16750,23167,0,36,33,33,1273000,34824,29,31,0
1917,0.668,0.335,0.023,1.027,1.228,16750,23167,0,36,33,33,1273000,34824,29,31,0
1918,0.645,3.418,0.011,4.073,1.218,16750,23167,0,36,33,33,1273000,34824,29,31,0
1919,0.647,14.256,0.017,14.919,4.271,16750,23167,0,36,33,33,1273000,34824,29,31,0
1920,0.643,6.984,0.012,7.640,15.114,16750,23167,0,36,33,33,1273000,34824,29,31,0
1921,0.686,7.445,0.011,8.142,7.844,16750,23167,0,36,33,33,1273000,34824,29,31,0
1922,0.758,7.600,0.009,8.367,8.368,16750,23167,0,36,33,33,1273000,34824,29,31,0
1923,0.758,7.471,0.013,8.242,8.610,16750,23167,0,36,33,33,1273000,34824,29,31,0
1924,0.744,7.161,0.035,7.939,8.477,16750,23167,0,36,33,33,1273000,34824,29,31,0
1925,0.880,0.388,0.010,1.278,8.208,16750,23167,0,36,33,33,1273000,34824,29,31,0
1926,0.854,0.422,0.017,1.293,1.546,16750,23167,0,36,33,33,1273000,34824,29,31,0
1927,0.765,0.367,0.013,1.145,1.538,16750,23167,0,36,33,33,1273000,34824,29,31,0
1928,0.771,0.393,0.023,1.187,1.370,16750,23167,0,36,33,33,1273000,34824,29,31,0
1929,0.809,9.735,0.026,10.570,1.416,16750,23167,0,36,33,33,1273000,34824,29,31,0
1930,0.771,7.939,0.018,8.728,10.812,16750,23167,0,36,33,33,1273000,34824,29,31,0
1931,0.903,6.602,0.023,7.528,9.007,16750,23167,0,36,33,33,1273000,34824,29,31,0
1932,0.880,0.386,0.012,1.278,7.796,16750,23167,0,36,33,33,1273000,34824,29,31,0
1933,0.854,0.398,0.016,1.268,1.537,16750,23167,0,36,33,33,1273000,34824,29,31,0
1934,0.874,0.423,0.011,1.308,1.521,16750,23167,0,36,33,33,1273000,34824,29,31,0
1935,0.746,0.319,0.012,1.077,1.557,16750,23167,0,36,33,33,1273000,34824,29,31,0
1936,0.730,9.540,0.013,10.283,1.297,16750,23167,0,36,33,33,1273000,34824,29,31,0
1937,0.784,7.992,0.016,8.792,10.531,16750,23167,0,36,33,33,1273000,34824,29,31,0
1938,0.893,6.836,0.014,7.744,9.089,16750,23167,0,36,33,33,1273000,34824,29,31,0
1939,0.899,0.530,0.020,1.449,8.019,16750,23167,0,36,33,33,1273000,34824,29,31,0
1940,0.879,0.392,0.017,1.288,1.723,16750,23167,0,36,33,33,1273000,34824,29,31,0
1941,0.882,0.344,0.011,1.238,1.546,16750,23167,0,36,33,33,1273000,34824,29,31,0
1942,0.794,0.351,0.016,1.161,1.458,16750,23167,0,36,33,33,1273000,34824,29,31,0
1943,0.764,0.502,0.013,1.280,1.382,16750,23167,0,36,33,33,1273000,34824,29,31,0
1944,0.756,2.920,0.015,3.691,1.499,16750,23167,0,36,33,33,1273000,34824,29,31,0
1945,0.764,12.352,0.025,13.140,3.930,16750,23167,0,36,33,33,1273000,34824,29,31,0
1946,0.768,7.240,0.009,8.017,13.377,16750,23167,0,36,33,33,1273000,34824,29,31,0
1947,0.773,0.337,0.024,1.135,8.261,16750,23167,0,36,33,33,1273000,34824,29,31,0
1948,0.753,0.335,0.015,1.104,1.359,16750,23167,0,36,33,33,1273000,34824,29,31,0
1949,0.757,0.348,0.013,1.118,1.325,16750,23167,0,36,33,33,1273000,34824,29,31,0
1950,0.776,0.383,0.017,1.176,1.337,16750,23167,0,36,33,33,1273000,34824,29,31,0
1951,0.767,10.131,0.012,10.910,1.403,16750,23167,0,36,33,33,1273000,34824,29,31,0
1952,0.756,7.937,0.012,8.705,11.154,16750,23167,0,36,33,33,1273000,34824,29,31,0
1953,0.881,6.696,0.015,7.592,8.984,16750,23167,0,36,33,33,1273000,34824,29,31,0
1954,0.903,0.549,0.019,1.471,7.859,16750,23167,0,36,33,33,1273000,34824,29,31,0
1955,0.849,0.336,0.013,1.198,1.746,16750,23167,0,36,33,33,1273000,34824,29,31,0
1956,0.794,0.450,0.025,1.269,1.431,16750,23167,0,36,33,33,1273000,34824,29,31,0
1957,0.803,10.712,0.028,11.543,1.504,16750,23167,0,36,33,33,1273000,34824,29,31,0
1958,0.898,7.769,0.015,8.682,11.837,16750,23167,0,36,33,33,1273000,34824,29,31,0
1959,0.898,6.616,0.017,7.531,8.978,16750,23167,0,36,33,33,1273000,34824,29,31,0
1960,0.877,0.523,0.025,1.424,7.801,16750,23167,0,36,33,33,1273000,34824,29,31,0
1961,0.875,0.471,0.017,1.363,1.695,16750,23167,0,36,33,33,1273000,34824,29,31,0
1962,0.932,0.451,0.016,1.399,1.618,16750,23167,0,36,33,33,1273000,34824,29,31,0
1963,0.882,0.374,0.016,1.272,1.656,16750,23167,0,36,33,33,1273000,34824,29,31,0
1964,0.755,0.768,0.010,1.533,1.500,16750,23167,0,36,33,33,1273000,34824,29,31,0
1965,0.776,0.335,0.014,1.125,1.763,16750,23167,0,36,33,33,1273000,34824,29,31,0
1966,0.758,0.344,0.015,1.117,1.355,16750,23167,0,36,33,33,1273000,34824,29,31,0
1967,0.733,0.342,0.017,1.092,1.338,16750,23167,0,36,33,33,1273000,34824,29,31,0
1968,0.768,0.355,0.015,1.138,1.337,16750,23167,0,36,33,33,1273000,34824,29,31,0
1969,0.788,0.378,0.012,1.178,1.361,16750,23167,0,36,33,33,1273000,34824,29,31,0
1970,0.749,0.359,0.017,1.124,1.413,16750,23167,0,36,33,33,1273000,34824,29,31,0
1971,0.717,3.216,0.008,3.940,1.345,16750,23167,0,36,33,33,1273000,34824,29,31,0
1972,0.686,11.717,0.017,12.419,4.140,16750,23167,0,36,33,33,1273000,34824,29,31,0
1973,0.791,7.112,0.020,7.923,12.662,16750,23167,0,36,33,33,1273000,34824,29,31,0
1974,0.793,0.383,0.010,1.186,8.180,16750,23167,0,36,33,33,1273000,34824,29,31,0
1975,0.687,0.312,0.013,1.013,1.413,16750,23167,0,36,33,33,1273000,34824,29,31,0
1976,0.667,0.463,0.012,1.142,1.215,16750,23167,0,36,33,33,1273000,34824,29,31,0
1977,0.676,0.373,0.016,1.065,1.340,16750,23167,0,36,33,33,1273000,34824,29,31,0
1978,0.676,0.390,0.012,1.077,1.257,16750,23167,0,36,33,33,1273000,34824,29,31,0
1979,0.676,0.302,0.011,0.989,1.274,16750,23167,0,36,33,33,1273000,34824,29,31,0
1980,0.667,3.054,41.479,45.201,1.241,16750,23167,0,36,33,33,1273000,34824,29,31,0
1981,0.571,0.338,0.009,0.917,45.357,16750,23167,0,36,33,33,1273000,34824,29,31,0
1982,0.558,1.224,0.019,1.802,1.096,16750,23167,0,36,33,33,1273000,34824,29,31,0
1983,0.571,5.369,0.011,5.951,1.977,16750,23167,0,36,33,33,1273000,34824,29,31,0
1984,0.576,0.724,0.012,1.313,6.137,16750,23167,0,36,33,33,1273000,34824,29,31,0
1985,0.526,6.282,0.011,6.819,1.476,16750,23167,0,36,33,33,1273000,34824,29,31,0
1986,0.599,7.966,0.013,8.579,6.990,16750,23167,0,36,33,33,1273000,34824,29,31,0
1987,0.616,7.119,0.012,7.746,8.767,16750,23167,0,36,33,33,1273000,34824,29,31,0
1988,0.604,0.688,0.012,1.304,7.925,16750,23167,0,36,33,33,1273000,34824,29,31,0
1989,0.605,0.360,0.027,0.992,1.482,16750,23167,0,36,33,33,1273000,34824,29,31,0
1990,0.608,0.332,0.014,0.954,1.161,16750,23167,0,36,33,33,1273000,34824,29,31,0
1991,0.582,0.385,0.015,0.981,1.120,16750,23167,0,36,33,33,1273000,34824,29,31,0
1992,0.587,0.354,0.012,0.953,1.163,16750,23167,0,36,33,33,1273000,34824,29,31,0
1993,0.562,0.295,0.013,0.870,1.123,16750,23167,0,36,33,33,1273000,34824,29,31,0
1994,0.557,1.263,0.009,1.830,1.033,16750,23167,0,36,33,33,1273000,34824,29,31,0
1995,0.585,0.327,0.008,0.920,1.998,16750,23167,0,36,33,33,1273000,34824,29,31,0
1996,0.570,0.561,0.019,1.149,1.067,16750,23167,0,36,33,33,1273000,34824,29,31,0
1997,0.534,0.312,0.019,0.866,1.316,16750,23167,0,36,33,33,1273000,34824,29,31,0
1998,0.547,0.274,0.013,0.834,1.010,16750,23167,0,36,33,33,1273000,34824,29,31,0
1999,0.563,0.412,0.034,1.010,0.984,16750,23167,0,36,33,33,1273000,34824,29,31,0
2000,0.583,0.919,0.010,1.512,1.173,16750,23167,0,36,33,33,1273000,34824,29,31,0
2001,0.542,4.117,0.010,4.668,1.676,16750,23167,0,36,33,33,1273000,34824,29,31,0
2002,0.558,11.664,0.007,12.229,4.834,16750,23167,0,36,33,33,1273000,34824,29,31,0
2003,0.573,7.027,0.010,7.610,12.411,16750,23167,0,36,33,33,1273000,34824,29,31,0
2004,0.570,0.570,0.010,1.151,7.784,16750,23167,0,36,33,33,1273000,34824,29,31,0
2005,0.577,0.334,0.008,0.920,1.322,16750,23167,0,36,33,33,1273000,34824,29,31,0
2006,0.593,0.300,0.011,0.904,1.090,16750,23167,0,36,33,33,1273000,34824,29,31,0
2007,0.567,0.291,0.009,0.868,1.071,16750,23167,0,36,33,33,1273000,34824,29,31,0
2008,0.583,0.283,0.011,0.877,1.027,16750,23167,0,36,33,33,1273000,34824,29,31,0
2009,0.554,3.524,0.013,4.091,1.041,16750,23167,0,36,33,33,1273000,34824,29,31,0
2010,0.520,14.833,0.011,15.365,4.256,16750,23167,0,36,33,33,1273000,34824,29,31,0
2011,0.589,7.153,0.011,7.753,15.542,16750,23167,0,36,33,33,1273000,34824,29,31,0
2012,0.617,0.676,0.010,1.304,7.937,16750,23167,0,36,33,33,1273000,34824,29,31,0
2013,0.608,0.330,0.011,0.950,1.497,16750,23167,0,36,33,33,1273000,34824,29,31,0
2014,0.602,0.308,0.011,0.922,1.134,16750,23167,0,36,33,33,1273000,34824,29,31,0
2015,0.597,0.473,0.032,1.102,1.102,16750,23167,0,36,33,33,1273000,34824,29,31,0
2016,0.699,0.429,0.011,1.139,1.303,16750,23167,0,36,33,33,1273000,34824,29,31,0
2017,0.641,9.912,0.012,10.565,1.318,16750,23167,0,36,33,33,1273000,34824,29,31,0
2018,0.604,7.467,0.021,8.091,10.754,16750,23167,0,36,33,33,1273000,34824,29,31,0
2019,0.635,7.385,0.010,8.030,8.281,16750,23167,0,36,33,33,1273000,34824,29,31,0
2020,0.616,0.482,0.011,1.109,8.227,16750,23167,0,36,33,33,1273000,34824,29,31,0
2021,0.636,0.358,0.017,1.011,1.303,16750,23167,0,36,33,33,1273000,34824,29,31,0
2022,0.632,0.328,0.012,0.972,1.204,16750,23167,0,36,33,33,1273000,34824,29,31,0
2023,0.619,0.270,0.007,0.897,1.152,16750,23167,0,36,33,33,1273000,34824,29,31,0
2024,0.624,0.405,0.013,1.042,1.060,16750,23167,0,36,33,33,1273000,34824,29,31,0
2025,0.645,9.929,0.012,10.587,1.232,16750,23167,0,36,33,33,1273000,34824,29,31,0
2026,0.598,7.573,0.010,8.182,10.787,16750,23167,0,36,33,33,1273000,34824,29,31,0
2027,0.631,7.326,0.012,7.969,8.377,16750,23167,0,36,33,33,1273000,34824,29,31,0
2028,0.677,0.354,0.013,1.044,8.185,16750,23167,0,36,33,33,1273000,34824,29,31,0
2029,0.699,0.384,0.008,1.091,1.252,16750,23167,0,36,33,33,1273000,34824,29,31,0
2030,0.619,0.396,0.015,1.030,1.290,16750,23167,0,36,33,33,1273000,34824,29,31,0
2031,0.617,0.327,0.010,0.955,1.206,16750,23167,0,36,33,33,1273000,34824,29,31,0
2032,0.587,11.110,0.012,11.709,1.126,16750,23167,0,36,33,33,1273000,34824,29,31,0
2033,0.692,7.728,0.018,8.438,11.925,16750,23167,0,36,33,33,1273000,34824,29,31,0
2034,0.695,7.042,0.012,7.748,8.636,16750,23167,0,36,33,33,1273000,34824,29,31,0
2035,0.663,0.478,0.016,1.157,7.953,16750,23167,0,36,33,33,1273000,34824,29,31,0
2036,0.685,0.375,0.014,1.074,1.356,16750,23167,0,36,33,33,1273000,34824,29,31,0
2037,0.666,0.365,0.014,1.045,1.271,16750,23167,0,36,33,33,1273000,34824,29,31,0
2038,0.694,0.397,0.015,1.105,1.252,16750,23167,0,36,33,33,1273000,34824,29,31,0
2039,0.658,10.590,0.011,11.259,1.303,16750,23167,0,36,33,33,1273000,34824,29,31,0
2040,20.000,0.794,0.013,20.807,5.426,16644,23067,0,36,33,33,1264944,33984,29,31,0
2041,1.224,0.238,0.012,1.474,20.941,16644,23067,0,36,33,33,1264944,33984,29,31,0
2042,4.241,0.494,0.008,4.744,1.606,16644,23067,0,36,33,33,1264944,33984,29,31,0
2043,0.480,3.280,0.009,3.769,4.897,16644,23067,0,36,33,33,1264944,33984,29,31,0
2044,0.450,7.767,0.009,8.226,3.909,16644,23067,0,36,33,33,1264944,33984,29,31,0
2045,0.427,7.378,0.014,7.819,8.358,16644,23067,0,36,33,33,1264944,33984,29,31,0
2046,0.460,8.055,0.010,8.525,7.954,16644,23067,0,36,33,33,1264944,33984,29,31,0
2047,0.480,2.517,0.009,3.005,8.667,16644,23067,0,36,33,33,1264944,33984,29,31,0
2048,0.506,13.052,0.011,13.568,3.148,16644,23067,0,36,33,33,1264944,33984,29,31,0
2049,0.502,7.348,0.007,7.857,13.718,16644,23067,0,36,33,33,1264944,33984,29,31,0
2050,0.532,0.664,0.012,1.208,8.017,16644,23067,0,36,33,33,1264944,33984,29,31,0
2051,0.575,0.347,0.008,0.930,1.373,16644,23067,0,36,33,33,1264944,33984,29,31,0
2052,0.560,0.299,0.012,0.871,1.083,16644,23067,0,36,33,33,1264944,33984,29,31,0
2053,0.531,4.165,0.010,4.705,1.006,16644,23067,0,36,33,33,1264944,33984,29,31,0
2054,0.518,3.895,0.010,4.423,4.858,16644,23067,0,36,33,33,1264944,33984,29,31,0
2055,0.538,11.804,0.009,12.352,4.575,16644,23067,0,36,33,33,1264944,33984,29,31,0
2056,0.569,7.304,0.011,7.884,12.520,16644,23067,0,36,33,33,1264944,33984,29,31,0
2057,0.546,0.466,0.011,1.023,8.049,16644,23067,0,36,33,33,1264944,33984,29,31,0
2058,0.572,0.378,0.013,0.963,1.175,16644,23067,0,36,33,33,1264944,33984,29,31,0
2059,0.624,0.312,0.011,0.947,1.122,16644,23067,0,36,33,33,1264944,33984,29,31,0
2060,0.591,0.325,0.011,0.927,1.102,16644,23067,0,36,33,33,1264944,33984,29,31,0
2061,0.531,11.877,0.010,12.419,1.068,16644,23067,0,36,33,33,1264944,33984,29,31,0
2062,0.619,7.866,0.010,8.494,12.597,16644,23067,0,36,33,33,1264944,33984,29,31,0
2063,0.607,6.865,0.013,7.485,8.679,16644,23067,0,36,33,33,1264944,33984,29,31,0
2064,0.623,0.462,0.012,1.096,7.675,16644,23067,0,36,33,33,1264944,33984,29,31,0
2065,0.669,0.318,0.012,0.999,1.291,16644,23067,0,36,33,33,1264944,33984,29,31,0
2066,0.650,0.329,0.014,0.993,1.171,16644,23067,0,36,33,33,1264944,33984,29,31,0
2067,0.632,0.337,0.013,0.982,1.151,16644,23067,0,36,33,33,1264944,33984,29,31,0
2068,0.625,11.280,0.011,11.916,1.150,16644,23067,0,36,33,33,1264944,33984,29,31,0
2069,0.655,7.562,0.012,8.228,12.110,16644,23067,0,36,33,33,1264944,33984,29,31,0
2070,0.637,7.125,0.011,7.772,8.415,16644,23067,0,36,33,33,1264944,33984,29,31,0
2071,0.626,0.692,0.012,1.329,7.969,16644,23067,0,36,33,33,1264944,33984,29,31,0
2072,0.658,0.328,0.011,0.998,1.509,16644,23067,0,36,33,33,1264944,33984,29,31,0
2073,0.637,0.307,0.012,0.955,1.168,16644,23067,0,36,33,33,1264944,33984,29,31,0
2074,0.643,0.348,0.013,1.004,1.114,16644,23067,0,36,33,33,1264944,33984,29,31,0
2075,0.605,11.182,0.010,11.798,1.169,16644,23067,0,36,33,33,1264944,33984,29,31,0
2076,0.628,8.001,0.013,8.642,11.989,16644,23067,0,36,33,33,1264944,33984,29,31,0
2077,0.714,6.652,0.012,7.377,8.853,16644,23067,0,36,33,33,1264944,33984,29,31,0
2078,0.682,0.369,0.019,1.070,7.589,16644,23067,0,36,33,33,1264944,33984,29,31,0
2079,0.716,0.354,0.011,1.081,1.264,16644,23067,0,36,33,33,1264944,33984,29,31,0
2080,0.689,0.375,0.010,1.075,1.279,16644,23067,0,36,33,33,1264944,33984,29,31,0
2081,0.720,0.356,0.014,1.091,1.272,16644,23067,0,36,33,33,1264944,33984,29,31,0
2082,0.713,0.347,0.015,1.075,1.295,16644,23067,0,36,33,33,1264944,33984,29,31,0
2083,0.727,0.792,0.013,1.533,1.268,16644,23067,0,36,33,33,1264944,33984,29,31,0
2084,0.669,3.262,0.014,3.944,1.701,16644,23067,0,36,33,33,1264944,33984,29,31,0
2085,0.625,12.357,0.013,12.994,4.135,16644,23067,0,36,33,33,1264944,33984,29,31,0
2086,0.712,6.998,0.014,7.724,13.220,16644,23067,0,36,33,33,1264944,33984,29,31,0
2087,0.674,0.382,0.013,1.070,7.922,16644,23067,0,36,33,33,1264944,33984,29,31,0
2088,0.729,0.380,0.011,1.119,1.271,16644,23067,0,36,33,33,1264944,33984,29,31,0
2089,0.692,0.364,0.014,1.069,1.313,16644,23067,0,36,33,33,1264944,33984,29,31,0
2090,0.720,0.391,0.013,1.124,1.268,16644,23067,0,36,33,33,1264944,33984,29,31,0
2091,0.690,10.862,0.011,11.564,1.309,16644,23067,0,36,33,33,1264944,33984,29,31,0
2092,0.715,7.407,0.013,8.135,11.782,16644,23067,0,36,33,33,1264944,33984,29,31,0
2093,0.695,7.328,0.012,8.036,8.345,16644,23067,0,36,33,33,1264944,33984,29,31,0
2094,0.734,0.617,0.014,1.365,8.253,16644,23067,0,36,33,33,1264944,33984,29,31,0
2095,0.697,0.358,0.012,1.066,1.571,16644,23067,0,36,33,33,1264944,33984,29,31,0
2096,0.765,0.386,0.009,1.160,1.288,16644,23067,0,36,33,33,1264944,33984,29,31,0
2097,0.699,0.367,0.017,1.083,1.354,16644,23067,0,36,33,33,1264944,33984,29,31,0
2098,0.688,10.397,0.012,11.097,1.284,16644,23067,0,36,33,33,1264944,33984,29,31,0
2099,0.681,7.803,0.014,8.498,11.299,16644,23067,0,36,33,33,1264944,33984,29,31,0
2100,0.799,6.863,0.009,7.672,8.724,16644,23067,0,36,33,33,1264944,33984,29,31,0
2101,0.786,0.325,0.014,1.125,7.912,16644,23067,0,36,33,33,1264944,33984,29,31,0
2102,0.779,0.470,0.015,1.264,1.350,16644,23067,0,36,33,33,1264944,33984,29,31,0
2103,0.836,0.502,0.026,1.364,1.491,16644,23067,0,36,33,33,1264944,33984,29,31,0
2104,0.836,2.785,0.011,3.632,1.586,16644,23067,0,36,33,33,1264944,33984,29,31,0
2105,0.678,3.447,0.013,4.137,3.849,16644,23067,0,36,33,33,1264944,33984,29,31,0
2106,0.705,11.890,0.013,12.608,4.349,16644,23067,0,36,33,33,1264944,33984,29,31,0
2107,0.789,6.731,0.014,7.533,12.850,16644,23067,0,36,33,33,1264944,33984,29,31,0
2108,0.793,0.321,0.022,1.136,7.777,16644,23067,0,36,33,33,1264944,33984,29,31,0
2109,0.795,0.409,0.014,1.217,1.360,16644,23067,0,36,33,33,1264944,33984,29,31,0
2110,0.791,0.401,0.013,1.205,1.443,16644,23067,0,36,33,33,1264944,33984,29,31,0
2111,0.841,3.063,0.015,3.919,1.414,16644,23067,0,36,33,33,1264944,33984,29,31,0
2112,0.813,4.409,0.022,5.244,4.161,16644,23067,0,36,33,33,1264944,33984,29,31,0
2113,0.810,10.531,0.019,11.359,5.481,16644,23067,0,36,33,33,1264944,33984,29,31,0
2114,0.786,6.776,0.013,7.575,11.585,16644,23067,0,36,33,33,1264944,33984,29,31,0
2115,0.802,7.187,0.012,8.001,7.803,16644,23067,0,36,33,33,1264944,33984,29,31,0
2116,0.847,7.401,0.018,8.266,8.231,16644,23067,0,36,33,33,1264944,33984,29,31,0
2117,0.931,7.108,0.017,8.056,8.539,16644,23067,0,36,33,33,1264944,33984,29,31,0
2118,0.921,6.858,0.011,7.789,8.359,16644,23067,0,36,33,33,1264944,33984,29,31,0
2119,0.921,0.481,0.020,1.421,8.072,16644,23067,0,36,33,33,1264944,33984,29,31,0
2120,0.903,0.515,0.017,1.435,1.678,16644,23067,0,36,33,33,1264944,33984,29,31,0
2121,0.912,4.019,0.031,4.963,1.699,16644,23067,0,36,33,33,1264944,33984,29,31,0
2122,0.821,3.066,0.056,3.943,5.203,16644,23067,0,36,33,33,1264944,33984,29,31,0
2123,1.121,11.531,0.015,12.667,4.265,16644,23067,0,36,33,33,1264944,33984,29,31,0
2124,1.022,6.564,0.015,7.600,13.004,16644,23067,0,36,33,33,1264944,33984,29,31,0
2125,0.947,0.493,0.021,1.461,7.877,16644,23067,0,36,33,33,1264944,33984,29,31,0
2126,0.969,0.454,0.017,1.440,1.730,16644,23067,0,36,33,33,1264944,33984,29,31,0
2127,0.963,0.568,0.024,1.555,1.699,16644,23067,0,36,33,33,1264944,33984,29,31,0
2128,0.983,0.482,0.018,1.483,1.818,16644,23067,0,36,33,33,1264944,33984,29,31,0
2129,0.935,8.562,0.015,9.513,1.754,16644,23067,0,36,33,33,1264944,33984,29,31,0
2130,0.976,7.504,0.028,8.508,9.787,16644,23067,0,36,33,33,1264944,33984,29,31,0
2131,0.944,6.467,0.011,7.423,8.808,16644,23067,0,36,33,33,1264944,33984,29,31,0
2132,0.940,0.417,0.024,1.381,7.688,16644,23067,0,36,33,33,1264944,33984,29,31,0
2133,0.973,0.492,0.016,1.482,1.651,16644,23067,0,36,33,33,1264944,33984,29,31,0
2134,0.993,0.484,0.010,1.486,1.738,16644,23067,0,36,33,33,1264944,33984,29,31,0
2135,0.828,1.707,0.019,2.553,1.710,16644,23067,0,36,33,33,1264944,33984,29,31,0
2136,0.794,3.128,0.014,3.936,2.781,16644,23067,0,36,33,33,1264944,33984,29,31,0
2137,0.816,12.279,0.020,13.115,4.173,16644,23067,0,36,33,33,1264944,33984,29,31,0
2138,0.980,6.713,0.026,7.720,13.418,16644,23067,0,36,33,33,1264944,33984,29,31,0
2139,0.914,0.401,0.017,1.332,8.006,16644,23067,0,36,33,33,1264944,33984,29,31,0
2140,0.927,0.427,0.011,1.365,1.585,16644,23067,0,36,33,33,1264944,33984,29,31,0
2141,0.944,0.684,0.024,1.653,1.625,16644,23067,0,36,33,33,1264944,33984,29,31,0
2142,0.996,0.415,0.019,1.430,1.958,16644,23067,0,36,33,33,1264944,33984,29,31,0
2143,0.792,0.367,0.018,1.176,1.666,16644,23067,0,36,33,33,1264944,33984,29,31,0
2144,0.811,2.560,0.015,3.386,1.391,16644,23067,0,36,33,33,1264944,33984,29,31,0
2145,0.816,12.322,0.011,13.149,3.645,16644,23067,0,36,33,33,1264944,33984,29,31,0
2146,0.966,6.766,0.016,7.748,13.449,16644,23067,0,36,33,33,1264944,33984,29,31,0
2147,0.918,0.389,0.022,1.329,8.028,16644,23067,0,36,33,33,1264944,33984,29,31,0
2148,0.969,0.394,0.024,1.386,1.581,16644,23067,0,36,33,33,1264944,33984,29,31,0
2149,0.796,0.444,0.018,1.259,1.641,16644,23067,0,36,33,33,1264944,33984,29,31,0
2150,0.818,0.394,0.011,1.223,1.489,16644,23067,0,36,33,33,1264944,33984,29,31,0
2151,0.812,9.609,0.015,10.436,1.450,16644,23067,0,36,33,33,1264944,33984,29,31,0
2152,0.859,7.699,0.011,8.569,10.673,16644,23067,0,36,33,33,1264944,33984,29,31,0
2153,0.929,6.172,0.011,7.112,8.852,16644,23067,0,36,33,33,1264944,33984,29,31,0
2154,0.927,0.397,0.022,1.346,7.382,16644,23067,0,36,33,33,1264944,33984,29,31,0
2155,0.920,0.468,0.016,1.405,1.607,16644,23067,0,36,33,33,1264944,33984,29,31,0
2156,0.830,0.439,0.010,1.279,1.642,16644,23067,0,36,33,33,1264944,33984,29,31,0
2157,0.857,1.237,0.017,2.111,1.524,16644,23067,0,36,33,33,1264944,33984,29,31,0
2158,0.810,0.385,0.015,1.211,2.346,16644,23067,0,36,33,33,1264944,33984,29,31,0
2159,0.847,3.140,0.016,4.003,1.437,16644,23067,0,36,33,33,1264944,33984,29,31,0
2160,0.820,11.555,113.736,126.111,4.254,16644,23067,0,36,33,33,1264944,33984,29,31,0
2161,0.593,0.409,0.012,1.014,126.237,16644,23067,0,36,33,33,1264944,33984,29,31,0
2162,0.494,0.439,0.013,0.946,1.147,16644,23067,0,36,33,33,1264944,33984,29,31,0
2163,0.469,2.972,0.013,3.454,1.080,16644,23067,0,36,33,33,1264944,33984,29,31,0
2164,0.455,12.598,0.019,13.072,3.593,16644,23067,0,36,33,33,1264944,33984,29,31,0
2165,0.504,7.416,0.011,7.932,13.206,16644,23067,0,36,33,33,1264944,33984,29,31,0
2166,0.471,0.758,0.010,1.238,8.071,16644,23067,0,36,33,33,1264944,33984,29,31,0
2167,0.469,0.284,0.012,0.766,1.359,16644,23067,0,36,33,33,1264944,33984,29,31,0
2168,0.486,3.830,0.012,4.327,0.878,16644,23067,0,36,33,33,1264944,33984,29,31,0
2169,0.503,0.949,0.011,1.462,4.470,16644,23067,0,36,33,33,1264944,33984,29,31,0
2170,0.478,3.213,0.009,3.701,1.594,16644,23067,0,36,33,33,1264944,33984,29,31,0
2171,0.497,12.470,0.010,12.977,3.852,16644,23067,0,36,33,33,1264944,33984,29,31,0
2172,0.494,7.371,0.011,7.876,13.138,16644,23067,0,36,33,33,1264944,33984,29,31,0
2173,0.538,0.479,0.011,1.028,8.033,16644,23067,0,36,33,33,1264944,33984,29,31,0
2174,0.549,0.305,0.008,0.861,1.180,16644,23067,0,36,33,33,1264944,33984,29,31,0
2175,0.555,0.320,0.011,0.886,1.006,16644,23067,0,36,33,33,1264944,33984,29,31,0
2176,0.513,3.255,0.010,3.777,1.017,16644,23067,0,36,33,33,1264944,33984,29,31,0
2177,0.541,0.386,0.011,0.938,3.941,16644,23067,0,36,33,33,1264944,33984,29,31,0
2178,0.508,3.422,0.008,3.938,1.089,16644,23067,0,36,33,33,1264944,33984,29,31,0
2179,0.548,12.449,0.010,13.007,4.099,16644,23067,0,36,33,33,1264944,33984,29,31,0
2180,0.524,7.291,0.009,7.824,13.177,16644,23067,0,36,33,33,1264944,33984,29,31,0
2181,0.548,0.477,0.010,1.035,8.001,16644,23067,0,36,33,33,1264944,33984,29,31,0
2182,0.561,0.302,0.007,0.870,1.189,16644,23067,0,36,33,33,1264944,33984,29,31,0
2183,0.571,0.311,0.011,0.893,1.027,16644,23067,0,36,33,33,1264944,33984,29,31,0
2184,0.558,0.310,0.008,0.876,1.026,16644,23067,0,36,33,33,1264944,33984,29,31,0
2185,0.560,3.398,0.009,3.967,1.017,16644,23067,0,36,33,33,1264944,33984,29,31,0
2186,0.550,3.112,0.009,3.671,4.135,16644,23067,0,36,33,33,1264944,33984,29,31,0
2187,0.558,12.323,0.020,12.901,3.840,16644,23067,0,36,33,33,1264944,33984,29,31,0
2188,0.582,7.248,0.011,7.840,13.069,16644,23067,0,36,33,33,1264944,33984,29,31,0
2189,0.625,0.425,0.013,1.063,8.010,16644,23067,0,36,33,33,1264944,33984,29,31,0
2190,0.647,0.319,0.010,0.976,1.246,16644,23067,0,36,33,33,1264944,33984,29,31,0
2191,0.587,0.306,0.013,0.907,1.142,16644,23067,0,36,33,33,1264944,33984,29,31,0
2192,0.580,0.304,0.010,0.894,1.065,16644,23067,0,36,33,33,1264944,33984,29,31,0
2193,0.591,2.924,0.007,3.522,1.051,16644,23067,0,36,33,33,1264944,33984,29,31,0
2194,0.585,3.113,0.011,3.709,3.699,16644,23067,0,36,33,33,1264944,33984,29,31,0
2195,0.602,12.445,0.011,13.058,3.891,16644,23067,0,36,33,33,1264944,33984,29,31,0
2196,0.613,7.378,0.013,8.005,13.241,16644,23067,0,36,33,33,1264944,33984,29,31,0
2197,0.624,0.380,0.012,1.017,8.206,16644,23067,0,36,33,33,1264944,33984,29,31,0
2198,0.670,0.354,0.013,1.038,1.203,16644,23067,0,36,33,33,1264944,33984,29,31,0
2199,0.653,0.315,0.016,0.984,1.217,16644,23067,0,36,33,33,1264944,33984,29,31,0
2200,0.647,0.335,0.031,1.013,1.155,16644,23067,0,36,33,33,1264944,33984,29,31,0
2201,0.651,11.207,0.014,11.872,1.186,16644,23067,0,36,33,33,1264944,33984,29,31,0
2202,0.654,7.949,0.012,8.616,12.066,16644,23067,0,36,33,33,1264944,33984,29,31,0
2203,0.670,6.681,0.011,7.363,8.806,16644,23067,0,36,33,33,1264944,33984,29,31,0
2204,0.693,0.297,0.014,1.003,7.582,16644,23067,0,36,33,33,1264944,33984,29,31,0
2205,0.696,0.348,0.010,1.054,1.207,16644,23067,0,36,33,33,1264944,33984,29,31,0
2206,0.667,0.331,0.010,1.008,1.263,16644,23067,0,36,33,33,1264944,33984,29,31,0
2207,0.633,1.887,0.021,2.541,1.181,16644,23067,0,36,33,33,1264944,33984,29,31,0
2208,0.693,1.049,0.011,1.753,2.735,16644,23067,0,36,33,33,1264944,33984,29,31,0
2209,0.612,3.164,0.008,3.784,1.933,16644,23067,0,36,33,33,1264944,33984,29,31,0
2210,0.661,12.108,0.010,12.780,3.979,16644,23067,0,36,33,33,1264944,33984,29,31,0
2211,0.683,7.118,0.019,7.820,12.997,16644,23067,0,36,33,33,1264944,33984,29,31,0
2212,0.679,0.390,0.017,1.087,8.027,16644,23067,0,36,33,33,1264944,33984,29,31,0
2213,0.707,0.347,0.014,1.068,1.283,16644,23067,0,36,33,33,1264944,33984,29,31,0
2214,0.694,0.346,0.012,1.052,1.259,16644,23067,0,36,33,33,1264944,33984,29,31,0
2215,0.698,0.395,0.019,1.112,1.258,16644,23067,0,36,33,33,1264944,33984,29,31,0
2216,0.714,10.888,0.013,11.614,1.311,16644,23067,0,36,33,33,1264944,33984,29,31,0
2217,0.704,8.008,0.014,8.726,11.831,16644,23067,0,36,33,33,1264944,33984,29,31,0
2218,0.755,6.592,0.019,7.366,8.942,16644,23067,0,36,33,33,1264944,33984,29,31,0
2219,0.801,0.357,0.014,1.172,7.607,16644,23067,0,36,33,33,1264944,33984,29,31,0
2220,0.798,0.411,0.011,1.220,1.406,16644,23067,0,36,33,33,1264944,33984,29,31,0
2221,0.690,0.393,0.011,1.094,1.439,16644,23067,0,36,33,33,1264944,33984,29,31,0
2222,0.721,1.921,0.013,2.655,1.288,16644,23067,0,36,33,33,1264944,33984,29,31,0
2223,0.711,0.350,0.010,1.072,2.868,16644,23067,0,36,33,33,1264944,33984,29,31,0
2224,0.719,3.278,0.008,4.005,1.266,16644,23067,0,36,33,33,1264944,33984,29,31,0
2225,0.713,11.821,0.013,12.548,4.212,16644,23067,0,36,33,33,1264944,33984,29,31,0
2226,0.686,7.201,0.014,7.901,12.776,16644,23067,0,36,33,33,1264944,33984,29,31,0
2227,0.786,0.339,0.012,1.137,8.140,16644,23067,0,36,33,33,1264944,33984,29,31,0
2228,0.724,0.363,0.011,1.097,1.372,16644,23067,0,36,33,33,1264944,33984,29,31,0
2229,0.680,0.370,0.010,1.059,1.292,16644,23067,0,36,33,33,1264944,33984,29,31,0
2230,0.831,1.995,0.020,2.845,1.324,16644,23067,0,36,33,33,1264944,33984,29,31,0
2231,0.752,0.372,0.012,1.135,3.059,16644,23067,0,36,33,33,1264944,33984,29,31,0
2232,0.742,2.686,0.014,3.442,1.326,16644,23067,0,36,33,33,1264944,33984,29,31,0
2233,0.729,12.210,0.012,12.951,3.666,16644,23067,0,36,33,33,1264944,33984,29,31,0
2234,0.800,6.838,0.010,7.648,13.197,16644,23067,0,36,33,33,1264944,33984,29,31,0
2235,0.805,0.352,0.016,1.173,7.881,16644,23067,0,36,33,33,1264944,33984,29,31,0
2236,0.809,0.548,0.010,1.367,1.390,16644,23067,0,36,33,33,1264944,33984,29,31,0
2237,0.776,0.411,0.026,1.214,1.589,16644,23067,0,36,33,33,1264944,33984,29,31,0
2238,0.777,2.882,0.013,3.671,1.437,16644,23067,0,36,33,33,1264944,33984,29,31,0
2239,0.691,3.186,0.012,3.889,3.868,16644,23067,0,36,33,33,1264944,33984,29,31,0
2240,0.725,12.144,0.014,12.884,4.104,16644,23067,0,36,33,33,1264944,33984,29,31,0
2241,0.790,6.901,0.013,7.704,13.130,16644,23067,0,36,33,33,1264944,33984,29,31,0
2242,0.826,0.357,0.017,1.200,7.950,16644,23067,0,36,33,33,1264944,33984,29,31,0
2243,0.793,0.434,0.015,1.242,1.425,16644,23067,0,36,33,33,1264944,33984,29,31,0
2244,0.823,1.948,0.016,2.787,1.464,16644,23067,0,36,33,33,1264944,33984,29,31,0
2245,0.878,1.411,0.013,2.302,3.041,16644,23067,0,36,33,33,1264944,33984,29,31,0
2246,0.804,3.342,0.024,4.170,2.529,16644,23067,0,36,33,33,1264944,33984,29,31,0
2247,0.794,11.402,0.014,12.211,4.443,16644,23067,0,36,33,33,1264944,33984,29,31,0
2248,0.787,7.180,0.016,7.984,12.457,16644,23067,0,36,33,33,1264944,33984,29,31,0
2249,0.911,0.381,0.018,1.309,8.257,16644,23067,0,36,33,33,1264944,33984,29,31,0
2250,0.931,0.434,0.017,1.381,1.577,16644,23067,0,36,33,33,1264944,33984,29,31,0
2251,0.794,0.451,0.027,1.273,1.605,16644,23067,0,36,33,33,1264944,33984,29,31,0
2252,0.829,2.342,0.015,3.186,1.510,16644,23067,0,36,33,33,1264944,33984,29,31,0
2253,0.796,3.606,0.013,4.415,3.416,16644,23067,0,36,33,33,1264944,33984,29,31,0
2254,0.776,11.669,0.011,12.456,4.651,16644,23067,0,36,33,33,1264944,33984,29,31,0
2255,0.949,6.543,0.016,7.508,12.737,16644,23067,0,36,33,33,1264944,33984,29,31,0
2256,0.969,0.444,0.022,1.435,7.799,16644,23067,0,36,33,33,1264944,33984,29,31,0
2257,0.964,0.460,0.016,1.441,1.698,16644,23067,0,36,33,33,1264944,33984,29,31,0
2258,0.971,0.466,0.013,1.450,1.701,16644,23067,0,36,33,33,1264944,33984,29,31,0
2259,0.866,1.694,0.011,2.571,1.681,16644,23067,0,36,33,33,1264944,33984,29,31,0
2260,0.808,3.478,0.011,4.297,2.798,16644,23067,0,36,33,33,1264944,33984,29,31,0
2261,0.818,11.856,0.016,12.690,4.539,16644,23067,0,36,33,33,1264944,33984,29,31,0
2262,0.924,6.718,0.011,7.653,12.971,16644,23067,0,36,33,33,1264944,33984,29,31,0
2263,0.921,0.407,0.018,1.346,7.937,16644,23067,0,36,33,33,1264944,33984,29,31,0
2264,0.896,0.511,0.017,1.424,1.602,16644,23067,0,36,33,33,1264944,33984,29,31,0
2265,0.931,0.445,0.022,1.398,1.695,16644,23067,0,36,33,33,1264944,33984,29,31,0
2266,0.878,2.125,0.016,3.019,1.628,16644,23067,0,36,33,33,1264944,33984,29,31,0
2267,0.804,3.098,0.018,3.919,3.254,16644,23067,0,36,33,33,1264944,33984,29,31,0
2268,0.962,11.749,0.011,12.722,4.201,16644,23067,0,36,33,33,1264944,33984,29,31,0
2269,0.930,6.695,0.014,7.640,13.006,16644,23067,0,36,33,33,1264944,33984,29,31,0
2270,0.953,0.402,0.016,1.371,7.927,16644,23067,0,36,33,33,1264944,33984,29,31,0
2271,0.906,0.633,0.016,1.555,1.622,16644,23067,0,36,33,33,1264944,33984,29,31,0
2272,0.966,0.488,0.019,1.473,1.810,16644,23067,0,36,33,33,1264944,33984,29,31,0
2273,0.931,0.469,0.021,1.421,1.727,16644,23067,0,36,33,33,1264944,33984,29,31,0
2274,0.989,2.685,0.009,3.683,1.682,16644,23067,0,36,33,33,1264944,33984,29,31,0
2275,0.816,13.540,0.011,14.367,3.926,16644,23067,0,36,33,33,1264944,33984,29,31,0
2276,0.947,6.827,0.018,7.792,14.640,16644,23067,0,36,33,33,1264944,33984,29,31,0
2277,0.934,0.381,0.018,1.333,8.075,16644,23067,0,36,33,33,1264944,33984,29,31,0
2278,0.953,0.468,0.015,1.435,1.583,16644,23067,0,36,33,33,1264944,33984,29,31,0
2279,0.923,0.544,0.029,1.496,1.686,16644,23067,0,36,33,33,1264944,33984,29,31,0
2280,1.012,1.578,0.016,2.605,1.763,16644,23067,0,36,33,33,1264944,33984,29,31,0
2281,0.910,2.986,0.016,3.912,2.877,16644,23067,0,36,33,33,1264944,33984,29,31,0
2282,0.967,11.984,0.016,12.967,4.198,16644,23067,0,36,33,33,1264944,33984,29,31,0
2283,0.967,6.692,0.017,7.675,13.251,16644,23067,0,36,33,33,1264944,33984,29,31,0
2284,0.910,0.407,0.012,1.330,7.958,16644,23067,0,36,33,33,1264944,33984,29,31,0
2285,0.931,0.410,0.021,1.362,1.588,16644,23067,0,36,33,33,1264944,33984,29,31,0
2286,0.920,0.591,0.016,1.528,1.627,16644,23067,0,36,33,33,1264944,33984,29,31,0
2287,0.953,0.432,0.014,1.399,1.799,16644,23067,0,36,33,33,1264944,33984,29,31,0
2288,0.831,2.107,0.013,2.950,1.632,16644,23067,0,36,33,33,1264944,33984,29,31,0
2289,0.795,14.243,0.018,15.055,3.204,16644,23067,0,36,33,33,1264944,33984,29,31,0
2290,0.954,6.757,0.011,7.721,15.343,16644,23067,0,36,33,33,1264944,33984,29,31,0
2291,0.914,0.386,0.027,1.326,8.010,16644,23067,0,36,33,33,1264944,33984,29,31,0
2292,0.941,0.404,0.011,1.356,1.586,16644,23067,0,36,33,33,1264944,33984,29,31,0
2293,0.928,0.402,0.014,1.344,1.611,16644,23067,0,36,33,33,1264944,33984,29,31,0
2294,0.891,11.013,0.023,11.926,1.610,16644,23067,0,36,33,33,1264944,33984,29,31,0
2295,0.966,7.603,0.015,8.584,12.204,16644,23067,0,36,33,33,1264944,33984,29,31,0
2296,0.961,6.389,0.012,7.362,8.862,16644,23067,0,36,33,33,1264944,33984,29,31,0
2297,0.905,0.390,0.015,1.311,7.629,16644,23067,0,36,33,33,1264944,33984,29,31,0
2298,0.924,0.455,0.012,1.391,1.598,16644,23067,0,36,33,33,1264944,33984,29,31,0
2299,0.947,0.525,0.030,1.502,1.650,16644,23067,0,36,33,33,1264944,33984,29,31,0
2300,0.972,11.336,0.015,12.323,1.800,16644,23067,0,36,33,33,1264944,33984,29,31,0
2301,0.944,7.166,0.015,8.125,12.607,16644,23067,0,36,33,33,1264944,33984,29,31,0
2302,0.929,6.650,0.014,7.593,8.398,16644,23067,0,36,33,33,1264944,33984,29,31,0
2303,1.099,6.892,0.024,8.015,7.869,16644,23067,0,36,33,33,1264944,33984,29,31,0
2304,1.128,6.418,0.017,7.563,8.348,16644,23067,0,36,33,33,1264944,33984,29,31,0
2305,1.137,6.858,0.026,8.021,7.916,16644,23067,0,36,33,33,1264944,33984,29,31,0
2306,1.130,7.644,0.035,8.808,8.380,16644,23067,0,36,33,33,1264944,33984,29,31,0
2307,1.804,1.406,0.019,3.230,9.264,16644,23067,0,36,33,33,1264944,33984,29,31,0
2308,1.139,0.449,0.020,1.607,3.593,16644,23067,0,36,33,33,1264944,33984,29,31,0
2309,0.932,0.445,0.026,1.403,1.875,16644,23067,0,36,33,33,1264944,33984,29,31,0
2310,0.923,3.147,0.017,4.087,1.675,16644,23067,0,36,33,33,1264944,33984,29,31,0
2311,1.004,11.444,0.016,12.465,4.362,16644,23067,0,36,33,33,1264944,33984,29,31,0
2312,0.949,6.832,0.016,7.798,12.780,16644,23067,0,36,33,33,1264944,33984,29,31,0
2313,1.129,0.565,0.034,1.728,8.076,16644,23067,0,36,33,33,1264944,33984,29,31,0
2314,1.009,0.403,0.014,1.426,2.054,16644,23067,0,36,33,33,1264944,33984,29,31,0
2315,0.954,0.506,0.023,1.483,1.732,16644,23067,0,36,33,33,1264944,33984,29,31,0
2316,0.942,3.036,0.018,3.996,1.753,16644,23067,0,36,33,33,1264944,33984,29,31,0
2317,0.988,14.148,0.016,15.153,4.278,16644,23067,0,36,33,33,1264944,33984,29,31,0
2318,0.991,6.537,0.022,7.550,15.445,16644,23067,0,36,33,33,1264944,33984,29,31,0
2319,1.149,0.536,0.020,1.705,7.885,16644,23067,0,36,33,33,1264944,33984,29,31,0
2320,1.024,0.520,0.016,1.560,2.047,16644,23067,0,36,33,33,1264944,33984,29,31,0
2321,0.984,0.468,0.036,1.488,1.818,16644,23067,0,36,33,33,1264944,33984,29,31,0
2322,1.028,0.995,0.020,2.043,1.764,16644,23067,0,36,33,33,1264944,33984,29,31,0
2323,0.929,3.043,0.022,3.994,2.304,16644,23067,0,36,33,33,1264944,33984,29,31,0
2324,0.934,12.015,0.011,12.961,4.271,16644,23067,0,36,33,33,1264944,33984,29,31,0
2325,0.973,6.441,0.014,7.428,13.245,16644,23067,0,36,33,33,1264944,33984,29,31,0
2326,0.913,0.395,0.024,1.333,7.724,16644,23067,0,36,33,33,1264944,33984,29,31,0
2327,0.934,0.719,0.021,1.673,1.602,16644,23067,0,36,33,33,1264944,33984,29,31,0
2328,0.974,0.495,0.017,1.486,1.937,16644,23067,0,36,33,33,1264944,33984,29,31,0
2329,0.960,10.559,0.021,11.540,1.739,16644,23067,0,36,33,33,1264944,33984,29,31,0
2330,0.960,7.245,0.017,8.222,11.825,16644,23067,0,36,33,33,1264944,33984,29,31,0
2331,0.978,6.702,0.017,7.696,8.540,16644,23067,0,36,33,33,1264944,33984,29,31,0
2332,1.097,0.481,0.029,1.607,8.035,16644,23067,0,36,33,33,1264944,33984,29,31,0
2333,1.098,0.491,0.059,1.649,1.917,16644,23067,0,36,33,33,1264944,33984,29,31,0
2334,1.296,0.908,0.021,2.225,2.008,16644,23067,0,36,33,33,1264944,33984,29,31,0
2335,1.006,9.389,0.025,10.419,2.509,16644,23067,0,36,33,33,1264944,33984,29,31,0
2336,1.014,6.855,0.025,7.894,10.733,16644,23067,0,36,33,33,1264944,33984,29,31,0
2337,1.023,6.510,0.013,7.546,8.191,16644,23067,0,36,33,33,1264944,33984,29,31,0
2338,0.929,0.444,0.013,1.386,7.841,16644,23067,0,36,33,33,1264944,33984,29,31,0
2339,0.971,0.542,0.018,1.531,1.637,16644,23067,0,36,33,33,1264944,33984,29,31,0
2340,1.025,1.158,0.017,2.200,1.800,16644,23067,0,36,33,33,1264944,33984,29,31,0
2341,0.975,0.698,0.026,1.699,2.470,16644,23067,0,36,33,33,1264944,33984,29,31,0
2342,0.995,2.191,0.016,3.202,1.960,16644,23067,0,36,33,33,1264944,33984,29,31,0
2343,1.008,12.514,0.044,13.567,3.487,16644,23067,0,36,33,33,1264944,33984,29,31,0
2344,1.006,6.818,0.022,7.847,13.891,16644,23067,0,36,33,33,1264944,33984,29,31,0
2345,0.976,0.486,0.019,1.480,8.141,16644,23067,0,36,33,33,1264944,33984,29,31,0
2346,0.973,0.496,0.021,1.490,1.749,16644,23067,0,36,33,33,1264944,33984,29,31,0
2347,0.957,0.548,0.018,1.522,1.746,16644,23067,0,36,33,33,1264944,33984,29,31,0
2348,1.002,1.189,0.013,2.205,1.802,16644,23067,0,36,33,33,1264944,33984,29,31,0
2349,0.871,4.231,0.044,5.146,2.436,16644,23067,0,36,33,33,1264944,33984,29,31,0
2350,0.897,11.401,0.022,12.320,5.430,16644,23067,0,36,33,33,1264944,33984,29,31,0
2351,1.032,6.146,0.018,7.195,12.646,16644,23067,0,36,33,33,1264944,33984,29,31,0
2352,0.985,0.450,0.029,1.464,7.526,16644,23067,0,36,33,33,1264944,33984,29,31,0
2353,0.979,0.493,0.016,1.488,1.719,16644,23067,0,36,33,33,1264944,33984,29,31,0
2354,0.825,1.591,0.020,2.436,1.744,16644,23067,0,36,33,33,1264944,33984,29,31,0
2355,0.844,0.489,0.020,1.353,2.681,16644,23067,0,36,33,33,1264944,33984,29,31,0
2356,0.814,3.619,0.013,4.445,1.567,16644,23067,0,36,33,33,1264944,33984,29,31,0
2357,0.893,11.428,0.012,12.334,4.681,16644,23067,0,36,33,33,1264944,33984,29,31,0
2358,0.816,7.065,0.019,7.900,12.592,16644,23067,0,36,33,33,1264944,33984,29,31,0
2359,0.937,0.438,0.018,1.393,8.182,16644,23067,0,36,33,33,1264944,33984,29,31,0
2360,0.931,0.470,0.018,1.419,1.645,16644,23067,0,36,33,33,1264944,33984,29,31,0
2361,0.863,0.845,0.013,1.720,1.645,16644,23067,0,36,33,33,1264944,33984,29,31,0
2362,0.868,1.641,0.012,2.520,1.949,16644,23067,0,36,33,33,1264944,33984,29,31,0
2363,0.798,3.384,0.015,4.197,2.755,16644,23067,0,36,33,33,1264944,33984,29,31,0
2364,0.824,11.903,0.017,12.744,4.447,16644,23067,0,36,33,33,1264944,33984,29,31,0
2365,0.947,6.702,0.016,7.665,13.017,16644,23067,0,36,33,33,1264944,33984,29,31,0
2366,0.962,0.481,0.018,1.460,7.967,16644,23067,0,36,33,33,1264944,33984,29,31,0
2367,1.006,0.473,0.017,1.496,1.735,16644,23067,0,36,33,33,1264944,33984,29,31,0
2368,0.988,0.430,0.016,1.434,1.767,16644,23067,0,36,33,33,1264944,33984,29,31,0
2369,0.822,0.416,0.010,1.248,1.651,16644,23067,0,36,33,33,1264944,33984,29,31,0
2370,0.862,2.790,0.013,3.665,1.483,16644,23067,0,36,33,33,1264944,33984,29,31,0
2371,0.800,13.763,0.020,14.583,3.912,16644,23067,0,36,33,33,1264944,33984,29,31,0
2372,0.876,7.296,0.016,8.188,14.821,16644,23067,0,36,33,33,1264944,33984,29,31,0
2373,0.838,0.442,0.016,1.296,8.429,16644,23067,0,36,33,33,1264944,33984,29,31,0
2374,0.741,0.486,0.015,1.242,1.518,16644,23067,0,36,33,33,1264944,33984,29,31,0
2375,0.748,0.615,0.017,1.380,1.453,16644,23067,0,36,33,33,1264944,33984,29,31,0
2376,0.696,1.991,0.013,2.700,1.575,16644,23067,0,36,33,33,1264944,33984,29,31,0
2377,0.678,3.184,0.015,3.877,2.888,16644,23067,0,36,33,33,1264944,33984,29,31,0
2378,0.694,12.323,0.020,13.036,4.117,16644,23067,0,36,33,33,1264944,33984,29,31,0
2379,0.754,6.880,0.012,7.646,13.269,16644,23067,0,36,33,33,1264944,33984,29,31,0
2380,0.667,0.499,0.011,1.177,7.851,16644,23067,0,36,33,33,1264944,33984,29,31,0
2381,0.697,0.393,0.025,1.115,1.377,16644,23067,0,36,33,33,1264944,33984,29,31,0
2382,0.644,0.386,0.014,1.044,1.297,16644,23067,0,36,33,33,1264944,33984,29,31,0
2383,0.677,3.093,0.011,3.781,1.234,16644,23067,0,36,33,33,1264944,33984,29,31,0
2384,0.636,3.278,0.016,3.930,3.976,16644,23067,0,36,33,33,1264944,33984,29,31,0
2385,0.665,12.229,0.013,12.907,4.124,16644,23067,0,36,33,33,1264944,33984,29,31,0
2386,0.653,7.028,0.012,7.694,13.113,16644,23067,0,36,33,33,1264944,33984,29,31,0
2387,0.647,0.462,0.014,1.124,7.877,16644,23067,0,36,33,33,1264944,33984,29,31,0
2388,0.766,0.365,0.014,1.144,1.335,16644,23067,0,36,33,33,1264944,33984,29,31,0
2389,0.695,0.334,0.015,1.044,1.339,16644,23067,0,36,33,33,1264944,33984,29,31,0
2390,0.683,0.376,0.019,1.078,1.208,16644,23067,0,36,33,33,1264944,33984,29,31,0
2391,0.718,2.158,0.012,2.888,1.271,16644,23067,0,36,33,33,1264944,33984,29,31,0
2392,0.632,3.169,0.010,3.811,3.063,16644,23067,0,36,33,33,1264944,33984,29,31,0
2393,0.694,12.315,0.009,13.018,4.001,16644,23067,0,36,33,33,1264944,33984,29,31,0
2394,0.742,6.887,0.012,7.642,13.244,16644,23067,0,36,33,33,1264944,33984,29,31,0
2395,0.698,0.306,0.014,1.018,7.866,16644,23067,0,36,33,33,1264944,33984,29,31,0
2396,0.703,0.373,0.010,1.086,1.217,16644,23067,0,36,33,33,1264944,33984,29,31,0
2397,0.721,0.339,0.020,1.080,1.285,16644,23067,0,36,33,33,1264944,33984,29,31,0
2398,0.723,2.003,0.015,2.740,1.282,16644,23067,0,36,33,33,1264944,33984,29,31,0
2399,0.669,0.528,0.012,1.209,2.931,16644,23067,0,36,33,33,1264944,33984,29,31,0
2400,0.612,3.174,0.015,3.802,1.391,16644,23067,0,36,33,33,1264944,33984,29,31,0
2401,0.721,12.332,0.013,13.067,4.011,16644,23067,0,36,33,33,1264944,33984,29,31,0
2402,0.695,7.219,0.013,7.926,13.274,16644,23067,0,36,33,33,1264944,33984,29,31,0
2403,0.698,0.393,0.016,1.107,8.140,16644,23067,0,36,33,33,1264944,33984,29,31,0
2404,0.733,0.358,0.013,1.103,1.317,16644,23067,0,36,33,33,1264944,33984,29,31,0
2405,0.696,0.359,0.011,1.067,1.301,16644,23067,0,36,33,33,1264944,33984,29,31,0
2406,0.691,0.349,0.013,1.053,1.266,16644,23067,0,36,33,33,1264944,33984,29,31,0
2407,0.695,10.971,0.008,11.675,1.239,16644,23067,0,36,33,33,1264944,33984,29,31,0
2408,0.694,7.753,0.016,8.463,11.878,16644,23067,0,36,33,33,1264944,33984,29,31,0
2409,0.709,6.513,0.009,7.231,8.669,16644,23067,0,36,33,33,1264944,33984,29,31,0
2410,0.689,0.304,0.012,1.005,7.444,16644,23067,0,36,33,33,1264944,33984,29,31,0
2411,0.694,0.421,0.014,1.129,1.203,16644,23067,0,36,33,33,1264944,33984,29,31,0
2412,0.767,0.377,0.013,1.157,1.326,16644,23067,0,36,33,33,1264944,33984,29,31,0
2413,0.733,0.401,0.013,1.146,1.353,16644,23067,0,36,33,33,1264944,33984,29,31,0
2414,0.707,10.942,0.010,11.660,1.353,16644,23067,0,36,33,33,1264944,33984,29,31,0
2415,0.732,7.777,0.013,8.522,11.872,16644,23067,0,36,33,33,1264944,33984,29,31,0
2416,0.735,6.522,0.011,7.268,8.732,16644,23067,0,36,33,33,1264944,33984,29,31,0
2417,0.687,0.307,0.020,1.014,7.496,16644,23067,0,36,33,33,1264944,33984,29,31,0
2418,0.710,0.389,0.014,1.112,1.213,16644,23067,0,36,33,33,1264944,33984,29,31,0
2419,0.716,0.452,0.016,1.184,1.315,16644,23067,0,36,33,33,1264944,33984,29,31,0
2420,0.729,1.921,0.014,2.663,1.392,16644,23067,0,36,33,33,1264944,33984,29,31,0
