frame,update_ms,render_ms,swap_ms,frame_ms,loop_ms,total_vertices,visible_vertices,culled_vertices,total_batches,visible_batches,draw_calls,vbo_bytes,index_bytes,texture_binds,material_changes,reflection_passes
1,0.614,0.362,0.012,0.988,0.988,16644,23067,0,36,33,33,1264944,33984,29,31,0
2,0.478,10.154,0.014,10.645,1.130,16644,23067,0,36,33,33,1264944,33984,29,31,0
3,0.790,0.294,0.015,1.098,10.812,16644,23067,0,36,33,33,1264944,33984,29,31,0
4,0.510,3.332,0.012,3.853,1.240,16644,23067,0,36,33,33,1264944,33984,29,31,0
5,0.471,3.055,0.011,3.537,3.989,16644,23067,0,36,33,33,1264944,33984,29,31,0
6,0.495,0.512,0.012,1.020,3.690,16644,23067,0,36,33,33,1264944,33984,29,31,0
7,0.473,3.140,0.007,3.620,1.169,16644,23067,0,36,33,33,1264944,33984,29,31,0
8,0.781,1.918,0.010,2.709,3.761,16644,23067,0,36,33,33,1264944,33984,29,31,0
9,0.476,0.239,0.010,0.725,2.858,16644,23067,0,36,33,33,1264944,33984,29,31,0
10,0.472,3.165,0.013,3.650,0.845,16644,23067,0,36,33,33,1264944,33984,29,31,0
11,0.500,2.258,0.009,2.767,3.792,16644,23067,0,36,33,33,1264944,33984,29,31,0
12,0.469,0.264,0.010,0.743,2.916,16644,23067,0,36,33,33,1264944,33984,29,31,0
13,0.479,5.356,0.016,5.851,0.901,16644,23067,0,36,33,33,1264944,33984,29,31,0
14,0.508,3.505,0.011,4.024,6.009,16644,23067,0,36,33,33,1264944,33984,29,31,0
15,0.795,5.924,0.009,6.727,4.170,16644,23067,0,36,33,33,1264944,33984,29,31,0
16,0.492,0.936,0.010,1.438,6.865,16644,23067,0,36,33,33,1264944,33984,29,31,0
17,0.493,1.834,0.007,2.334,1.580,16644,23067,0,36,33,33,1264944,33984,29,31,0
18,0.759,0.682,0.011,1.452,2.492,16644,23067,0,36,33,33,1264944,33984,29,31,0
19,0.504,1.658,0.009,2.171,1.599,16644,23067,0,36,33,33,1264944,33984,29,31,0
20,0.491,1.168,0.008,1.667,2.320,16644,23067,0,36,33,33,1264944,33984,29,31,0
21,0.489,1.908,0.017,2.415,1.807,16644,23067,0,36,33,33,1264944,33984,29,31,0
22,0.500,0.858,0.009,1.367,2.558,16644,23067,0,36,33,33,1264944,33984,29,31,0
23,0.492,1.817,0.009,2.319,1.506,16644,23067,0,36,33,33,1264944,33984,29,31,0
24,0.479,4.727,0.012,5.218,2.473,16644,23067,0,36,33,33,1264944,33984,29,31,0
25,0.527,11.020,0.009,11.556,5.365,16644,23067,0,36,33,33,1264944,33984,29,31,0
26,0.537,7.214,0.012,7.762,11.718,16644,23067,0,36,33,33,1264944,33984,29,31,0
27,0.540,0.594,0.007,1.142,7.933,16644,23067,0,36,33,33,1264944,33984,29,31,0
28,0.858,1.360,0.018,2.235,1.303,16644,23067,0,36,33,33,1264944,33984,29,31,0
29,0.556,0.637,0.012,1.204,2.394,16644,23067,0,36,33,33,1264944,33984,29,31,0
30,0.578,1.360,0.009,1.947,1.357,16644,23067,0,36,33,33,1264944,33984,29,31,0
31,0.569,4.313,0.010,4.892,2.109,16644,23067,0,36,33,33,1264944,33984,29,31,0
32,0.537,12.611,0.010,13.157,5.061,16644,23067,0,36,33,33,1264944,33984,29,31,0
33,0.597,7.248,0.016,7.861,13.335,16644,23067,0,36,33,33,1264944,33984,29,31,0
34,0.637,0.326,0.021,0.985,8.053,16644,23067,0,36,33,33,1264944,33984,29,31,0
35,0.690,1.521,0.014,2.225,1.167,16644,23067,0,36,33,33,1264944,33984,29,31,0
36,0.646,0.310,0.010,0.965,2.410,16644,23067,0,36,33,33,1264944,33984,29,31,0
37,0.679,1.005,0.018,1.701,1.129,16644,23067,0,36,33,33,1264944,33984,29,31,0
38,0.616,3.214,0.012,3.842,2.076,16644,23067,0,36,33,33,1264944,33984,29,31,0
39,0.648,13.516,0.027,14.191,4.026,16644,23067,0,36,33,33,1264944,33984,29,31,0
40,0.634,7.190,0.014,7.838,14.397,16644,23067,0,36,33,33,1264944,33984,29,31,0
41,0.720,0.295,0.017,1.033,8.052,16644,23067,0,36,33,33,1264944,33984,29,31,0
42,0.626,0.288,0.010,0.924,1.239,16644,23067,0,36,33,33,1264944,33984,29,31,0
43,0.628,0.323,0.010,0.961,1.111,16644,23067,0,36,33,33,1264944,33984,29,31,0
44,0.633,0.343,0.009,0.985,1.142,16644,23067,0,36,33,33,1264944,33984,29,31,0
45,0.691,0.335,0.015,1.040,1.171,16644,23067,0,36,33,33,1264944,33984,29,31,0
46,0.612,4.328,0.012,4.952,1.216,16644,23067,0,36,33,33,1264944,33984,29,31,0
47,0.628,13.307,0.011,13.946,5.143,16644,23067,0,36,33,33,1264944,33984,29,31,0
48,0.704,7.256,0.012,7.971,14.154,16644,23067,0,36,33,33,1264944,33984,29,31,0
49,0.722,0.298,0.012,1.031,8.177,16644,23067,0,36,33,33,1264944,33984,29,31,0
50,0.696,0.345,0.012,1.053,1.235,16644,23067,0,36,33,33,1264944,33984,29,31,0
51,0.725,0.337,0.011,1.072,1.271,16644,23067,0,36,33,33,1264944,33984,29,31,0
52,0.690,0.343,0.008,1.041,1.231,16644,23067,0,36,33,33,1264944,33984,29,31,0
53,0.648,0.323,0.010,0.982,1.200,16644,23067,0,36,33,33,1264944,33984,29,31,0
54,0.663,1.266,0.009,1.938,1.115,16644,23067,0,36,33,33,1264944,33984,29,31,0
55,0.869,1.354,0.008,2.230,2.075,16644,23067,0,36,33,33,1264944,33984,29,31,0
56,0.653,14.294,0.012,14.959,2.380,16644,23067,0,36,33,33,1264944,33984,29,31,0
57,0.977,6.801,0.013,7.791,15.111,16644,23067,0,36,33,33,1264944,33984,29,31,0
58,0.713,0.442,0.013,1.168,7.961,16644,23067,0,36,33,33,1264944,33984,29,31,0
59,0.964,0.347,0.017,1.329,1.323,16644,23067,0,36,33,33,1264944,33984,29,31,0
60,11.627,1.178,0.021,12.826,8.066,16750,23167,0,36,33,33,1273000,34824,29,31,0
61,1.328,0.344,0.011,1.684,12.946,16750,23167,0,36,33,33,1273000,34824,29,31,0
62,3.787,7.179,0.009,10.974,1.792,16750,23167,0,36,33,33,1273000,34824,29,31,0
63,0.443,6.671,0.009,7.123,11.090,16750,23167,0,36,33,33,1273000,34824,29,31,0
64,0.464,7.733,0.015,8.213,7.234,16750,23167,0,36,33,33,1273000,34824,29,31,0
65,0.524,7.907,0.011,8.442,8.343,16750,23167,0,36,33,33,1273000,34824,29,31,0
66,0.549,8.189,0.031,8.769,8.575,16750,23167,0,36,33,33,1273000,34824,29,31,0
67,0.521,7.157,0.012,7.689,8.887,16750,23167,0,36,33,33,1273000,34824,29,31,0
68,0.553,0.896,0.012,1.461,7.809,16750,23167,0,36,33,33,1273000,34824,29,31,0
69,0.537,0.281,0.008,0.826,1.593,16750,23167,0,36,33,33,1273000,34824,29,31,0
70,0.523,0.352,0.008,0.882,0.938,16750,23167,0,36,33,33,1273000,34824,29,31,0
71,0.538,0.292,0.008,0.838,0.994,16750,23167,0,36,33,33,1273000,34824,29,31,0
72,0.536,0.503,0.013,1.052,0.947,16750,23167,0,36,33,33,1273000,34824,29,31,0
73,0.524,3.944,0.011,4.479,1.180,16750,23167,0,36,33,33,1273000,34824,29,31,0
74,0.578,14.611,0.020,15.208,4.613,16750,23167,0,36,33,33,1273000,34824,29,31,0
75,0.572,7.130,0.010,7.712,15.331,16750,23167,0,36,33,33,1273000,34824,29,31,0
76,0.584,0.554,0.012,1.150,7.844,16750,23167,0,36,33,33,1273000,34824,29,31,0
77,0.559,0.330,0.012,0.900,1.289,16750,23167,0,36,33,33,1273000,34824,29,31,0
78,0.579,0.275,0.015,0.869,1.028,16750,23167,0,36,33,33,1273000,34824,29,31,0
79,0.552,0.326,0.007,0.885,0.996,16750,23167,0,36,33,33,1273000,34824,29,31,0
80,0.573,0.325,0.015,0.913,1.002,16750,23167,0,36,33,33,1273000,34824,29,31,0
81,0.552,10.625,0.011,11.189,1.043,16750,23167,0,36,33,33,1273000,34824,29,31,0
82,0.595,8.044,0.015,8.654,11.326,16750,23167,0,36,33,33,1273000,34824,29,31,0
83,0.600,7.118,0.016,7.734,8.790,16750,23167,0,36,33,33,1273000,34824,29,31,0
84,0.646,0.444,0.012,1.102,7.883,16750,23167,0,36,33,33,1273000,34824,29,31,0
85,0.620,0.337,0.010,0.967,1.239,16750,23167,0,36,33,33,1273000,34824,29,31,0
86,0.613,0.366,0.011,0.990,1.106,16750,23167,0,36,33,33,1273000,34824,29,31,0
87,0.594,0.304,0.013,0.911,1.120,16750,23167,0,36,33,33,1273000,34824,29,31,0
88,0.607,0.311,0.013,0.931,1.035,16750,23167,0,36,33,33,1273000,34824,29,31,0
89,0.564,3.215,0.010,3.789,1.056,16750,23167,0,36,33,33,1273000,34824,29,31,0
90,0.568,15.241,0.008,15.817,3.925,16750,23167,0,36,33,33,1273000,34824,29,31,0
91,0.631,7.063,0.008,7.702,15.965,16750,23167,0,36,33,33,1273000,34824,29,31,0
92,0.593,0.901,0.010,1.505,7.841,16750,23167,0,36,33,33,1273000,34824,29,31,0
93,0.650,0.327,0.012,0.989,1.654,16750,23167,0,36,33,33,1273000,34824,29,31,0
94,0.610,0.248,0.012,0.869,1.120,16750,23167,0,36,33,33,1273000,34824,29,31,0
95,0.603,0.290,0.082,0.975,1.010,16750,23167,0,36,33,33,1273000,34824,29,31,0
96,0.864,0.635,0.021,1.520,1.164,16750,23167,0,36,33,33,1273000,34824,29,31,0
97,0.675,3.278,0.014,3.968,1.672,16750,23167,0,36,33,33,1273000,34824,29,31,0
98,0.649,13.933,0.012,14.594,4.121,16750,23167,0,36,33,33,1273000,34824,29,31,0
99,0.620,7.073,0.010,7.702,14.739,16750,23167,0,36,33,33,1273000,34824,29,31,0
100,0.622,0.532,0.014,1.167,7.841,16750,23167,0,36,33,33,1273000,34824,29,31,0
101,0.637,0.449,0.013,1.099,1.322,16750,23167,0,36,33,33,1273000,34824,29,31,0
102,0.630,0.306,0.016,0.951,1.240,16750,23167,0,36,33,33,1273000,34824,29,31,0
103,0.646,0.370,0.012,1.027,1.100,16750,23167,0,36,33,33,1273000,34824,29,31,0
104,0.621,11.334,0.014,11.969,1.165,16750,23167,0,36,33,33,1273000,34824,29,31,0
105,0.610,7.631,0.011,8.252,12.113,16750,23167,0,36,33,33,1273000,34824,29,31,0
106,0.623,7.212,0.011,7.846,8.409,16750,23167,0,36,33,33,1273000,34824,29,31,0
107,0.691,0.365,0.012,1.068,8.015,16750,23167,0,36,33,33,1273000,34824,29,31,0
108,0.678,0.375,0.013,1.066,1.224,16750,23167,0,36,33,33,1273000,34824,29,31,0
109,0.662,0.391,0.021,1.074,1.225,16750,23167,0,36,33,33,1273000,34824,29,31,0
110,0.724,0.373,0.016,1.112,1.235,16750,23167,0,36,33,33,1273000,34824,29,31,0
111,0.704,0.332,0.036,1.072,1.260,16750,23167,0,36,33,33,1273000,34824,29,31,0
112,0.626,1.167,0.012,1.805,1.206,16750,23167,0,36,33,33,1273000,34824,29,31,0
113,0.574,3.394,0.012,3.979,1.949,16750,23167,0,36,33,33,1273000,34824,29,31,0
114,0.601,12.069,0.010,12.681,4.133,16750,23167,0,36,33,33,1273000,34824,29,31,0
115,0.656,7.415,0.011,8.081,12.858,16750,23167,0,36,33,33,1273000,34824,29,31,0
116,0.940,0.286,0.009,1.235,8.246,16750,23167,0,36,33,33,1273000,34824,29,31,0
117,0.683,0.331,0.013,1.027,1.393,16750,23167,0,36,33,33,1273000,34824,29,31,0
118,0.686,0.317,0.013,1.015,1.175,16750,23167,0,36,33,33,1273000,34824,29,31,0
119,0.698,0.386,0.010,1.094,1.160,16750,23167,0,36,33,33,1273000,34824,29,31,0
120,0.705,10.851,0.011,11.566,1.262,16750,23167,0,36,33,33,1273000,34824,29,31,0
121,0.955,7.348,0.012,8.315,11.733,16750,23167,0,36,33,33,1273000,34824,29,31,0
122,0.679,7.367,0.012,8.058,8.480,16750,23167,0,36,33,33,1273000,34824,29,31,0
123,0.961,0.303,0.012,1.276,8.213,16750,23167,0,36,33,33,1273000,34824,29,31,0
124,0.668,0.377,0.012,1.057,1.425,16750,23167,0,36,33,33,1273000,34824,29,31,0
125,0.681,0.377,0.016,1.074,1.220,16750,23167,0,36,33,33,1273000,34824,29,31,0
126,0.706,0.324,0.016,1.046,1.238,16750,23167,0,36,33,33,1273000,34824,29,31,0
127,0.667,10.764,0.009,11.440,1.196,16750,23167,0,36,33,33,1273000,34824,29,31,0
128,0.955,7.479,0.012,8.445,11.601,16750,23167,0,36,33,33,1273000,34824,29,31,0
129,0.915,6.945,0.013,7.873,8.599,16750,23167,0,36,33,33,1273000,34824,29,31,0
130,1.038,0.361,0.015,1.413,8.065,16750,23167,0,36,33,33,1273000,34824,29,31,0
131,0.735,0.344,0.022,1.101,1.592,16750,23167,0,36,33,33,1273000,34824,29,31,0
132,0.679,0.339,0.008,1.026,1.271,16750,23167,0,36,33,33,1273000,34824,29,31,0
133,0.696,0.330,0.012,1.038,1.192,16750,23167,0,36,33,33,1273000,34824,29,31,0
134,0.641,10.562,0.010,11.213,1.192,16750,23167,0,36,33,33,1273000,34824,29,31,0
135,0.660,7.780,0.014,8.453,11.377,16750,23167,0,36,33,33,1273000,34824,29,31,0
136,0.784,7.109,0.018,7.911,8.635,16750,23167,0,36,33,33,1273000,34824,29,31,0
137,0.950,0.403,0.018,1.371,8.098,16750,23167,0,36,33,33,1273000,34824,29,31,0
138,0.798,0.445,0.015,1.258,1.544,16750,23167,0,36,33,33,1273000,34824,29,31,0
139,0.757,0.423,0.012,1.191,1.434,16750,23167,0,36,33,33,1273000,34824,29,31,0
140,0.737,0.348,0.013,1.098,1.365,16750,23167,0,36,33,33,1273000,34824,29,31,0
141,0.670,10.283,0.012,10.965,1.251,16750,23167,0,36,33,33,1273000,34824,29,31,0
142,0.975,7.456,0.014,8.446,11.129,16750,23167,0,36,33,33,1273000,34824,29,31,0
143,0.816,6.908,0.009,7.733,8.629,16750,23167,0,36,33,33,1273000,34824,29,31,0
144,0.783,0.369,0.010,1.162,7.922,16750,23167,0,36,33,33,1273000,34824,29,31,0
145,0.791,0.351,0.015,1.157,1.349,16750,23167,0,36,33,33,1273000,34824,29,31,0
146,0.905,0.363,0.014,1.283,1.335,16750,23167,0,36,33,33,1273000,34824,29,31,0
147,0.794,0.404,0.016,1.215,1.454,16750,23167,0,36,33,33,1273000,34824,29,31,0
148,0.698,0.319,0.015,1.032,1.392,16750,23167,0,36,33,33,1273000,34824,29,31,0
149,0.671,0.498,0.016,1.185,1.185,16750,23167,0,36,33,33,1273000,34824,29,31,0
150,0.690,3.381,0.010,4.081,1.342,16750,23167,0,36,33,33,1273000,34824,29,31,0
151,0.965,11.892,0.010,12.867,4.246,16750,23167,0,36,33,33,1273000,34824,29,31,0
152,0.932,6.989,0.019,7.939,13.053,16750,23167,0,36,33,33,1273000,34824,29,31,0
153,0.965,0.343,0.010,1.318,8.119,16750,23167,0,36,33,33,1273000,34824,29,31,0
154,0.764,0.352,0.014,1.130,1.486,16750,23167,0,36,33,33,1273000,34824,29,31,0
155,0.758,0.377,0.014,1.149,1.331,16750,23167,0,36,33,33,1273000,34824,29,31,0
156,0.707,0.384,0.012,1.104,1.321,16750,23167,0,36,33,33,1273000,34824,29,31,0
157,0.665,0.325,0.014,1.004,1.260,16750,23167,0,36,33,33,1273000,34824,29,31,0
158,0.671,2.820,0.012,3.503,1.153,16750,23167,0,36,33,33,1273000,34824,29,31,0
159,0.675,14.006,0.010,14.691,3.669,16750,23167,0,36,33,33,1273000,34824,29,31,0
160,0.943,6.979,0.019,7.942,14.875,16750,23167,0,36,33,33,1273000,34824,29,31,0
161,1.042,0.364,0.010,1.416,8.137,16750,23167,0,36,33,33,1273000,34824,29,31,0
162,0.780,0.384,0.023,1.187,1.605,16750,23167,0,36,33,33,1273000,34824,29,31,0
163,0.761,0.339,0.012,1.113,1.355,16750,23167,0,36,33,33,1273000,34824,29,31,0
164,0.796,0.363,0.023,1.182,1.303,16750,23167,0,36,33,33,1273000,34824,29,31,0
165,0.653,10.305,0.015,10.974,1.327,16750,23167,0,36,33,33,1273000,34824,29,31,0
166,0.972,7.412,0.015,8.399,11.158,16750,23167,0,36,33,33,1273000,34824,29,31,0
167,0.786,7.070,0.014,7.871,8.585,16750,23167,0,36,33,33,1273000,34824,29,31,0
168,0.774,0.537,0.011,1.322,8.057,16750,23167,0,36,33,33,1273000,34824,29,31,0
169,0.783,0.384,0.011,1.179,1.512,16750,23167,0,36,33,33,1273000,34824,29,31,0
170,0.919,0.404,0.009,1.333,1.379,16750,23167,0,36,33,33,1273000,34824,29,31,0
171,0.794,0.390,0.018,1.202,1.511,16750,23167,0,36,33,33,1273000,34824,29,31,0
172,0.777,4.038,0.015,4.830,1.388,16750,23167,0,36,33,33,1273000,34824,29,31,0
173,0.773,13.910,0.016,14.699,5.020,16750,23167,0,36,33,33,1273000,34824,29,31,0
174,0.743,6.441,0.013,7.198,14.876,16750,23167,0,36,33,33,1273000,34824,29,31,0
175,0.958,7.199,0.032,8.189,7.379,16750,23167,0,36,33,33,1273000,34824,29,31,0
176,0.893,7.246,0.012,8.151,8.385,16750,23167,0,36,33,33,1273000,34824,29,31,0
177,1.035,7.246,0.021,8.302,8.370,16750,23167,0,36,33,33,1273000,34824,29,31,0
178,1.157,6.918,0.019,8.094,8.522,16750,23167,0,36,33,33,1273000,34824,29,31,0
179,1.041,0.448,0.017,1.506,8.320,16750,23167,0,36,33,33,1273000,34824,29,31,0
180,0.934,0.420,33.428,34.782,1.711,16750,23167,0,36,33,33,1273000,34824,29,31,0
181,0.706,0.361,0.014,1.081,34.909,16750,23167,0,36,33,33,1273000,34824,29,31,0
182,0.601,1.311,0.010,1.922,1.227,16750,23167,0,36,33,33,1273000,34824,29,31,0
183,0.593,5.013,0.012,5.618,2.077,16750,23167,0,36,33,33,1273000,34824,29,31,0
184,0.884,0.295,0.014,1.193,5.759,16750,23167,0,36,33,33,1273000,34824,29,31,0
185,0.550,3.025,0.010,3.585,1.325,16750,23167,0,36,33,33,1273000,34824,29,31,0
186,0.582,11.524,0.010,12.115,3.729,16750,23167,0,36,33,33,1273000,34824,29,31,0
187,0.848,6.758,0.009,7.616,12.262,16750,23167,0,36,33,33,1273000,34824,29,31,0
188,0.888,0.387,0.023,1.299,7.760,16750,23167,0,36,33,33,1273000,34824,29,31,0
189,0.641,0.304,0.017,0.962,1.440,16750,23167,0,36,33,33,1273000,34824,29,31,0
190,0.600,0.325,0.013,0.938,1.091,16750,23167,0,36,33,33,1273000,34824,29,31,0
191,0.595,0.321,0.014,0.930,1.078,16750,23167,0,36,33,33,1273000,34824,29,31,0
192,0.623,0.364,0.012,0.998,1.082,16750,23167,0,36,33,33,1273000,34824,29,31,0
193,0.573,0.272,0.011,0.856,1.134,16750,23167,0,36,33,33,1273000,34824,29,31,0
194,0.550,0.434,0.009,0.993,0.985,16750,23167,0,36,33,33,1273000,34824,29,31,0
195,0.558,8.011,0.012,8.582,1.124,16750,23167,0,36,33,33,1273000,34824,29,31,0
196,0.557,8.131,0.008,8.696,8.728,16750,23167,0,36,33,33,1273000,34824,29,31,0
197,0.596,7.141,0.010,7.748,8.847,16750,23167,0,36,33,33,1273000,34824,29,31,0
198,0.847,0.819,0.012,1.678,7.895,16750,23167,0,36,33,33,1273000,34824,29,31,0
199,0.598,0.271,0.008,0.877,1.827,16750,23167,0,36,33,33,1273000,34824,29,31,0
200,0.613,0.406,0.012,1.031,1.010,16750,23167,0,36,33,33,1273000,34824,29,31,0
201,0.614,0.659,0.018,1.291,1.173,16750,23167,0,36,33,33,1273000,34824,29,31,0
202,0.601,10.571,0.010,11.182,1.432,16750,23167,0,36,33,33,1273000,34824,29,31,0
203,0.869,7.366,0.013,8.248,11.324,16750,23167,0,36,33,33,1273000,34824,29,31,0
204,0.615,7.204,0.017,7.836,8.379,16750,23167,0,36,33,33,1273000,34824,29,31,0
205,0.613,0.637,0.012,1.261,7.964,16750,23167,0,36,33,33,1273000,34824,29,31,0
206,0.515,0.440,0.011,0.966,1.380,16750,23167,0,36,33,33,1273000,34824,29,31,0
207,0.525,0.581,0.012,1.117,1.101,16750,23167,0,36,33,33,1273000,34824,29,31,0
208,0.735,0.482,0.011,1.228,1.252,16750,23167,0,36,33,33,1273000,34824,29,31,0
209,0.557,0.324,0.010,0.891,1.348,16750,23167,0,36,33,33,1273000,34824,29,31,0
210,0.514,1.812,0.010,2.336,1.004,16750,23167,0,36,33,33,1273000,34824,29,31,0
211,0.483,3.982,0.010,4.475,2.463,16750,23167,0,36,33,33,1273000,34824,29,31,0
212,0.543,11.814,0.010,12.368,4.604,16750,23167,0,36,33,33,1273000,34824,29,31,0
213,0.998,6.779,0.010,7.787,12.503,16750,23167,0,36,33,33,1273000,34824,29,31,0
214,0.531,1.047,0.010,1.588,7.915,16750,23167,0,36,33,33,1273000,34824,29,31,0
215,0.851,0.323,0.009,1.182,1.719,16750,23167,0,36,33,33,1273000,34824,29,31,0
216,0.555,0.268,0.014,0.836,1.302,16750,23167,0,36,33,33,1273000,34824,29,31,0
217,0.547,0.612,0.011,1.170,0.973,16750,23167,0,36,33,33,1273000,34824,29,31,0
218,0.565,10.679,0.010,11.254,1.300,16750,23167,0,36,33,33,1273000,34824,29,31,0
219,0.871,7.672,0.011,8.554,11.388,16750,23167,0,36,33,33,1273000,34824,29,31,0
220,0.559,7.219,0.010,7.788,8.691,16750,23167,0,36,33,33,1273000,34824,29,31,0
221,0.567,1.161,0.012,1.740,7.931,16750,23167,0,36,33,33,1273000,34824,29,31,0
222,0.558,0.283,0.012,0.853,1.893,16750,23167,0,36,33,33,1273000,34824,29,31,0
223,0.549,0.364,0.007,0.921,0.977,16750,23167,0,36,33,33,1273000,34824,29,31,0
224,0.899,0.299,0.010,1.208,1.042,16750,23167,0,36,33,33,1273000,34824,29,31,0
225,0.593,10.513,0.008,11.114,1.342,16750,23167,0,36,33,33,1273000,34824,29,31,0
226,0.918,7.679,0.011,8.607,11.267,16750,23167,0,36,33,33,1273000,34824,29,31,0
227,0.898,6.818,0.009,7.726,8.744,16750,23167,0,36,33,33,1273000,34824,29,31,0
228,0.823,0.336,0.013,1.172,7.874,16750,23167,0,36,33,33,1273000,34824,29,31,0
229,0.636,0.326,0.014,0.976,1.323,16750,23167,0,36,33,33,1273000,34824,29,31,0
230,0.639,0.391,0.010,1.040,1.101,16750,23167,0,36,33,33,1273000,34824,29,31,0
231,0.617,0.319,0.009,0.945,1.180,16750,23167,0,36,33,33,1273000,34824,29,31,0
232,0.646,0.294,0.010,0.950,1.074,16750,23167,0,36,33,33,1273000,34824,29,31,0
233,0.589,3.176,0.012,3.776,1.081,16750,23167,0,36,33,33,1273000,34824,29,31,0
234,0.614,14.931,0.009,15.554,4.083,16750,23167,0,36,33,33,1273000,34824,29,31,0
235,0.635,7.137,0.009,7.781,15.708,16750,23167,0,36,33,33,1273000,34824,29,31,0
236,0.889,0.296,0.011,1.197,7.939,16750,23167,0,36,33,33,1273000,34824,29,31,0
237,0.660,0.318,0.007,0.985,1.344,16750,23167,0,36,33,33,1273000,34824,29,31,0
238,0.614,0.303,0.018,0.936,1.114,16750,23167,0,36,33,33,1273000,34824,29,31,0
239,0.597,0.253,0.014,0.864,1.067,16750,23167,0,36,33,33,1273000,34824,29,31,0
240,20.688,0.715,0.014,21.417,5.362,16644,23067,0,36,33,33,1264944,33984,29,31,0
241,1.280,0.240,0.010,1.529,21.522,16644,23067,0,36,33,33,1264944,33984,29,31,0
242,3.141,0.494,0.008,3.643,1.626,16644,23067,0,36,33,33,1264944,33984,29,31,0
243,0.422,0.378,0.013,0.813,3.743,16644,23067,0,36,33,33,1264944,33984,29,31,0
244,0.466,7.657,0.016,8.139,0.892,16644,23067,0,36,33,33,1264944,33984,29,31,0
245,0.449,7.587,0.016,8.052,8.251,16644,23067,0,36,33,33,1264944,33984,29,31,0
246,0.439,7.567,0.008,8.014,8.163,16644,23067,0,36,33,33,1264944,33984,29,31,0
247,0.473,7.861,0.012,8.345,8.126,16644,23067,0,36,33,33,1264944,33984,29,31,0
248,0.463,0.747,0.008,1.218,8.445,16644,23067,0,36,33,33,1264944,33984,29,31,0
249,0.481,0.261,0.012,0.754,1.314,16644,23067,0,36,33,33,1264944,33984,29,31,0
250,0.427,0.208,0.006,0.642,0.851,16644,23067,0,36,33,33,1264944,33984,29,31,0
251,0.422,0.493,0.009,0.924,0.736,16644,23067,0,36,33,33,1264944,33984,29,31,0
252,0.442,0.815,0.009,1.265,1.000,16644,23067,0,36,33,33,1264944,33984,29,31,0
253,0.478,1.317,0.007,1.802,1.373,16644,23067,0,36,33,33,1264944,33984,29,31,0
254,0.483,0.534,0.007,1.024,1.909,16644,23067,0,36,33,33,1264944,33984,29,31,0
255,0.431,2.895,0.008,3.333,1.123,16644,23067,0,36,33,33,1264944,33984,29,31,0
256,0.428,13.078,0.010,13.515,3.439,16644,23067,0,36,33,33,1264944,33984,29,31,0
257,0.503,7.613,0.010,8.125,13.625,16644,23067,0,36,33,33,1264944,33984,29,31,0
258,0.511,0.577,0.009,1.097,8.248,16644,23067,0,36,33,33,1264944,33984,29,31,0
259,0.513,0.267,0.007,0.787,1.212,16644,23067,0,36,33,33,1264944,33984,29,31,0
260,0.503,0.228,0.008,0.738,0.893,16644,23067,0,36,33,33,1264944,33984,29,31,0
261,0.507,0.251,0.006,0.765,0.830,16644,23067,0,36,33,33,1264944,33984,29,31,0
262,0.473,3.895,0.008,4.377,0.860,16644,23067,0,36,33,33,1264944,33984,29,31,0
263,0.506,2.691,0.008,3.205,4.495,16644,23067,0,36,33,33,1264944,33984,29,31,0
264,0.533,13.147,0.009,13.689,3.325,16644,23067,0,36,33,33,1264944,33984,29,31,0
265,0.555,7.288,0.009,7.852,13.821,16644,23067,0,36,33,33,1264944,33984,29,31,0
266,0.591,0.502,0.011,1.104,7.989,16644,23067,0,36,33,33,1264944,33984,29,31,0
267,0.622,0.319,0.010,0.951,1.234,16644,23067,0,36,33,33,1264944,33984,29,31,0
268,0.581,0.324,0.007,0.912,1.074,16644,23067,0,36,33,33,1264944,33984,29,31,0
269,0.597,0.412,0.012,1.020,1.035,16644,23067,0,36,33,33,1264944,33984,29,31,0
270,0.627,0.417,0.012,1.056,1.154,16644,23067,0,36,33,33,1264944,33984,29,31,0
271,0.582,1.950,0.010,2.542,1.191,16644,23067,0,36,33,33,1264944,33984,29,31,0
272,0.577,3.404,0.007,3.988,2.684,16644,23067,0,36,33,33,1264944,33984,29,31,0
273,0.622,12.048,0.011,12.681,4.124,16644,23067,0,36,33,33,1264944,33984,29,31,0
274,0.624,7.182,0.010,7.817,12.819,16644,23067,0,36,33,33,1264944,33984,29,31,0
275,0.639,0.445,0.009,1.093,7.954,16644,23067,0,36,33,33,1264944,33984,29,31,0
276,0.669,0.318,0.011,0.999,1.229,16644,23067,0,36,33,33,1264944,33984,29,31,0
277,0.626,0.310,0.010,0.946,1.133,16644,23067,0,36,33,33,1264944,33984,29,31,0
278,0.613,0.299,0.012,0.925,1.071,16644,23067,0,36,33,33,1264944,33984,29,31,0
279,0.594,2.162,0.010,2.765,1.052,16644,23067,0,36,33,33,1264944,33984,29,31,0
280,0.584,0.274,0.012,0.870,2.899,16644,23067,0,36,33,33,1264944,33984,29,31,0
281,0.565,2.968,0.010,3.543,0.996,16644,23067,0,36,33,33,1264944,33984,29,31,0
282,0.615,12.571,0.016,13.202,3.679,16644,23067,0,36,33,33,1264944,33984,29,31,0
283,0.627,7.447,0.009,8.082,13.338,16644,23067,0,36,33,33,1264944,33984,29,31,0
284,0.653,0.691,0.014,1.358,8.232,16644,23067,0,36,33,33,1264944,33984,29,31,0
285,0.627,0.325,0.010,0.961,1.499,16644,23067,0,36,33,33,1264944,33984,29,31,0
286,0.893,0.308,0.011,1.212,1.092,16644,23067,0,36,33,33,1264944,33984,29,31,0
287,0.657,0.309,0.010,0.976,1.350,16644,23067,0,36,33,33,1264944,33984,29,31,0
288,0.636,4.808,0.010,5.453,1.113,16644,23067,0,36,33,33,1264944,33984,29,31,0
289,0.618,13.832,0.007,14.457,5.602,16644,23067,0,36,33,33,1264944,33984,29,31,0
290,0.611,7.182,0.012,7.806,14.600,16644,23067,0,36,33,33,1264944,33984,29,31,0
291,0.708,0.650,0.015,1.373,7.965,16644,23067,0,36,33,33,1264944,33984,29,31,0
292,0.974,0.345,0.012,1.331,1.524,16644,23067,0,36,33,33,1264944,33984,29,31,0
293,0.716,0.562,0.008,1.287,1.472,16644,23067,0,36,33,33,1264944,33984,29,31,0
294,0.714,0.525,0.009,1.248,1.449,16644,23067,0,36,33,33,1264944,33984,29,31,0
295,0.739,4.146,0.014,4.899,1.419,16644,23067,0,36,33,33,1264944,33984,29,31,0
296,0.969,13.296,0.012,14.277,5.054,16644,23067,0,36,33,33,1264944,33984,29,31,0
297,0.961,6.736,0.013,7.710,14.435,16644,23067,0,36,33,33,1264944,33984,29,31,0
298,0.687,0.554,0.012,1.254,7.866,16644,23067,0,36,33,33,1264944,33984,29,31,0
299,0.689,0.337,0.013,1.039,1.403,16644,23067,0,36,33,33,1264944,33984,29,31,0
300,0.899,0.334,0.007,1.240,1.184,16644,23067,0,36,33,33,1264944,33984,29,31,0
301,0.749,0.370,0.017,1.136,1.387,16644,23067,0,36,33,33,1264944,33984,29,31,0
302,0.682,10.882,0.011,11.575,1.278,16644,23067,0,36,33,33,1264944,33984,29,31,0
303,0.976,7.604,0.011,8.591,11.733,16644,23067,0,36,33,33,1264944,33984,29,31,0
304,0.805,6.986,0.009,7.800,8.771,16644,23067,0,36,33,33,1264944,33984,29,31,0
305,0.816,0.704,0.017,1.537,7.982,16644,23067,0,36,33,33,1264944,33984,29,31,0
306,0.996,0.440,0.015,1.450,1.715,16644,23067,0,36,33,33,1264944,33984,29,31,0
307,0.811,0.416,0.022,1.249,1.622,16644,23067,0,36,33,33,1264944,33984,29,31,0
308,0.812,0.397,0.023,1.231,1.415,16644,23067,0,36,33,33,1264944,33984,29,31,0
309,0.696,1.978,0.010,2.684,1.401,16644,23067,0,36,33,33,1264944,33984,29,31,0
310,0.735,15.207,0.012,15.954,2.851,16644,23067,0,36,33,33,1264944,33984,29,31,0
311,0.784,6.945,0.014,7.743,16.139,16644,23067,0,36,33,33,1264944,33984,29,31,0
312,1.018,0.342,0.015,1.375,7.916,16644,23067,0,36,33,33,1264944,33984,29,31,0
313,0.782,0.774,0.012,1.568,1.557,16644,23067,0,36,33,33,1264944,33984,29,31,0
314,0.838,0.613,0.017,1.468,1.746,16644,23067,0,36,33,33,1264944,33984,29,31,0
315,0.892,0.430,0.021,1.342,1.655,16644,23067,0,36,33,33,1264944,33984,29,31,0
316,0.815,9.472,0.011,10.298,1.511,16644,23067,0,36,33,33,1264944,33984,29,31,0
317,1.011,7.628,0.013,8.652,10.485,16644,23067,0,36,33,33,1264944,33984,29,31,0
318,0.786,6.963,0.015,7.764,8.834,16644,23067,0,36,33,33,1264944,33984,29,31,0
319,0.940,1.373,0.014,2.327,7.971,16644,23067,0,36,33,33,1264944,33984,29,31,0
320,1.093,0.472,0.011,1.576,2.528,16644,23067,0,36,33,33,1264944,33984,29,31,0
321,0.867,0.448,0.016,1.330,1.775,16644,23067,0,36,33,33,1264944,33984,29,31,0
322,0.774,3.172,0.014,3.960,1.495,16644,23067,0,36,33,33,1264944,33984,29,31,0
323,1.110,13.643,0.011,14.764,4.153,16644,23067,0,36,33,33,1264944,33984,29,31,0
324,1.067,6.811,0.022,7.900,14.978,16644,23067,0,36,33,33,1264944,33984,29,31,0
325,1.080,0.406,0.015,1.501,8.110,16644,23067,0,36,33,33,1264944,33984,29,31,0
326,0.914,0.680,0.027,1.621,1.696,16644,23067,0,36,33,33,1264944,33984,29,31,0
327,0.951,1.799,0.016,2.767,1.829,16644,23067,0,36,33,33,1264944,33984,29,31,0
328,0.842,0.424,0.019,1.285,2.959,16644,23067,0,36,33,33,1264944,33984,29,31,0
329,1.043,2.668,0.017,3.728,1.445,16644,23067,0,36,33,33,1264944,33984,29,31,0
330,0.843,12.406,0.016,13.265,3.905,16644,23067,0,36,33,33,1264944,33984,29,31,0
331,0.967,6.867,0.018,7.852,13.465,16644,23067,0,36,33,33,1264944,33984,29,31,0
332,1.105,0.443,0.015,1.563,8.076,16644,23067,0,36,33,33,1264944,33984,29,31,0
333,0.823,0.359,0.013,1.195,1.750,16644,23067,0,36,33,33,1264944,33984,29,31,0
334,0.795,0.484,0.015,1.294,1.370,16644,23067,0,36,33,33,1264944,33984,29,31,0
335,0.856,2.759,0.012,3.627,1.469,16644,23067,0,36,33,33,1264944,33984,29,31,0
336,0.794,4.821,0.016,5.631,3.820,16644,23067,0,36,33,33,1264944,33984,29,31,0
337,1.030,10.056,0.015,11.100,5.811,16644,23067,0,36,33,33,1264944,33984,29,31,0
338,0.904,7.066,0.013,7.984,11.283,16644,23067,0,36,33,33,1264944,33984,29,31,0
339,0.921,7.303,0.017,8.241,8.188,16644,23067,0,36,33,33,1264944,33984,29,31,0
340,0.923,6.813,0.013,7.749,8.444,16644,23067,0,36,33,33,1264944,33984,29,31,0
341,0.930,7.292,0.017,8.239,7.965,16644,23067,0,36,33,33,1264944,33984,29,31,0
342,0.930,6.951,0.020,7.901,8.444,16644,23067,0,36,33,33,1264944,33984,29,31,0
343,1.128,0.495,0.019,1.643,8.158,16644,23067,0,36,33,33,1264944,33984,29,31,0
344,1.042,0.463,0.012,1.517,1.890,16644,23067,0,36,33,33,1264944,33984,29,31,0
345,0.968,0.529,0.017,1.513,1.714,16644,23067,0,36,33,33,1264944,33984,29,31,0
346,1.007,1.764,0.015,2.786,1.714,16644,23067,0,36,33,33,1264944,33984,29,31,0
347,0.937,3.538,0.013,4.488,2.995,16644,23067,0,36,33,33,1264944,33984,29,31,0
348,1.021,11.330,0.016,12.367,4.719,16644,23067,0,36,33,33,1264944,33984,29,31,0
349,0.971,6.513,0.019,7.503,12.594,16644,23067,0,36,33,33,1264944,33984,29,31,0
350,0.965,0.439,0.017,1.421,7.736,16644,23067,0,36,33,33,1264944,33984,29,31,0
351,0.940,0.506,0.015,1.461,1.620,16644,23067,0,36,33,33,1264944,33984,29,31,0
352,1.015,1.919,0.018,2.951,1.665,16644,23067,0,36,33,33,1264944,33984,29,31,0
353,0.967,0.416,0.014,1.398,3.168,16644,23067,0,36,33,33,1264944,33984,29,31,0
354,0.932,3.502,0.020,4.454,1.603,16644,23067,0,36,33,33,1264944,33984,29,31,0
355,1.016,11.281,0.012,12.310,4.678,16644,23067,0,36,33,33,1264944,33984,29,31,0
356,0.961,6.834,0.019,7.815,12.533,16644,23067,0,36,33,33,1264944,33984,29,31,0
357,0.962,0.410,0.015,1.387,8.030,16644,23067,0,36,33,33,1264944,33984,29,31,0
358,0.933,0.479,0.019,1.431,1.588,16644,23067,0,36,33,33,1264944,33984,29,31,0
359,0.926,0.472,0.012,1.410,1.632,16644,23067,0,36,33,33,1264944,33984,29,31,0
360,1.050,0.486,52.328,53.864,1.615,16644,23067,0,36,33,33,1264944,33984,29,31,0
361,0.674,0.393,0.012,1.080,53.986,16644,23067,0,36,33,33,1264944,33984,29,31,0
362,0.613,1.122,0.013,1.748,1.207,16644,23067,0,36,33,33,1264944,33984,29,31,0
363,0.541,0.294,0.011,0.846,1.868,16644,23067,0,36,33,33,1264944,33984,29,31,0
364,0.827,2.344,0.008,3.180,0.953,16644,23067,0,36,33,33,1264944,33984,29,31,0
365,0.544,0.728,0.013,1.285,3.295,16644,23067,0,36,33,33,1264944,33984,29,31,0
366,0.580,1.245,0.013,1.839,1.391,16644,23067,0,36,33,33,1264944,33984,29,31,0
367,0.550,2.366,0.007,2.923,1.948,16644,23067,0,36,33,33,1264944,33984,29,31,0
368,0.574,1.353,0.011,1.939,3.055,16644,23067,0,36,33,33,1264944,33984,29,31,0
369,0.517,3.140,0.009,3.666,2.055,16644,23067,0,36,33,33,1264944,33984,29,31,0
370,0.867,12.276,0.010,13.152,3.798,16644,23067,0,36,33,33,1264944,33984,29,31,0
371,0.868,6.845,0.009,7.722,13.279,16644,23067,0,36,33,33,1264944,33984,29,31,0
372,0.563,0.582,0.014,1.159,7.848,16644,23067,0,36,33,33,1264944,33984,29,31,0
373,0.571,0.306,0.011,0.888,1.273,16644,23067,0,36,33,33,1264944,33984,29,31,0
374,0.858,0.312,0.009,1.179,1.008,16644,23067,0,36,33,33,1264944,33984,29,31,0
375,0.580,0.255,0.012,0.847,1.301,16644,23067,0,36,33,33,1264944,33984,29,31,0
376,0.572,0.334,0.010,0.916,0.950,16644,23067,0,36,33,33,1264944,33984,29,31,0
377,0.533,10.893,0.010,11.436,1.021,16644,23067,0,36,33,33,1264944,33984,29,31,0
378,0.624,8.046,0.010,8.680,11.578,16644,23067,0,36,33,33,1264944,33984,29,31,0
379,0.928,6.576,0.017,7.522,8.811,16644,23067,0,36,33,33,1264944,33984,29,31,0
380,0.633,0.467,0.010,1.110,7.660,16644,23067,0,36,33,33,1264944,33984,29,31,0
381,0.605,0.324,0.011,0.940,1.245,16644,23067,0,36,33,33,1264944,33984,29,31,0
382,0.878,0.356,0.013,1.246,1.065,16644,23067,0,36,33,33,1264944,33984,29,31,0
383,0.622,0.334,0.008,0.965,1.387,16644,23067,0,36,33,33,1264944,33984,29,31,0
384,0.603,0.355,0.007,0.965,1.081,16644,23067,0,36,33,33,1264944,33984,29,31,0
385,0.594,4.209,0.011,4.814,1.081,16644,23067,0,36,33,33,1264944,33984,29,31,0
386,0.634,13.644,0.015,14.293,4.951,16644,23067,0,36,33,33,1264944,33984,29,31,0
387,0.656,7.298,0.011,7.965,14.452,16644,23067,0,36,33,33,1264944,33984,29,31,0
388,0.919,0.378,0.010,1.307,8.108,16644,23067,0,36,33,33,1264944,33984,29,31,0
389,0.707,0.342,0.010,1.059,1.445,16644,23067,0,36,33,33,1264944,33984,29,31,0
390,0.661,0.294,0.012,0.967,1.192,16644,23067,0,36,33,33,1264944,33984,29,31,0
391,0.656,0.494,0.008,1.158,1.103,16644,23067,0,36,33,33,1264944,33984,29,31,0
392,0.673,1.342,0.014,2.029,1.293,16644,23067,0,36,33,33,1264944,33984,29,31,0
393,0.664,0.343,0.014,1.020,2.181,16644,23067,0,36,33,33,1264944,33984,29,31,0
394,0.684,2.845,0.012,3.542,1.159,16644,23067,0,36,33,33,1264944,33984,29,31,0
395,0.923,12.277,0.010,13.210,3.688,16644,23067,0,36,33,33,1264944,33984,29,31,0
396,0.984,6.841,0.015,7.840,13.349,16644,23067,0,36,33,33,1264944,33984,29,31,0
397,0.914,0.296,0.014,1.224,7.992,16644,23067,0,36,33,33,1264944,33984,29,31,0
398,0.629,0.355,0.017,1.001,1.356,16644,23067,0,36,33,33,1264944,33984,29,31,0
399,0.689,0.318,0.010,1.017,1.147,16644,23067,0,36,33,33,1264944,33984,29,31,0
400,0.642,0.353,0.012,1.007,1.154,16644,23067,0,36,33,33,1264944,33984,29,31,0
401,0.651,11.441,0.013,12.105,1.146,16644,23067,0,36,33,33,1264944,33984,29,31,0
402,0.948,7.643,0.011,8.602,12.259,16644,23067,0,36,33,33,1264944,33984,29,31,0
403,0.665,6.760,0.010,7.435,8.754,16644,23067,0,36,33,33,1264944,33984,29,31,0
404,0.719,0.787,0.012,1.518,7.591,16644,23067,0,36,33,33,1264944,33984,29,31,0
405,0.877,0.338,0.012,1.226,1.681,16644,23067,0,36,33,33,1264944,33984,29,31,0
406,0.733,0.370,0.009,1.112,1.384,16644,23067,0,36,33,33,1264944,33984,29,31,0
407,0.682,0.380,0.023,1.084,1.256,16644,23067,0,36,33,33,1264944,33984,29,31,0
408,0.621,4.211,0.012,4.844,1.225,16644,23067,0,36,33,33,1264944,33984,29,31,0
409,0.932,13.546,0.012,14.490,4.995,16644,23067,0,36,33,33,1264944,33984,29,31,0
410,0.933,6.917,0.014,7.865,14.643,16644,23067,0,36,33,33,1264944,33984,29,31,0
411,0.725,0.554,0.014,1.293,8.027,16644,23067,0,36,33,33,1264944,33984,29,31,0
412,1.001,0.359,0.013,1.372,1.453,16644,23067,0,36,33,33,1264944,33984,29,31,0
413,0.716,0.356,0.010,1.082,1.567,16644,23067,0,36,33,33,1264944,33984,29,31,0
414,0.732,0.388,0.012,1.131,1.243,16644,23067,0,36,33,33,1264944,33984,29,31,0
415,0.688,10.389,0.013,11.090,1.276,16644,23067,0,36,33,33,1264944,33984,29,31,0
416,0.712,8.063,0.011,8.786,11.259,16644,23067,0,36,33,33,1264944,33984,29,31,0
417,0.724,6.622,0.010,7.356,8.941,16644,23067,0,36,33,33,1264944,33984,29,31,0
418,0.958,0.377,0.016,1.351,7.543,16644,23067,0,36,33,33,1264944,33984,29,31,0
419,0.802,0.638,0.012,1.452,1.523,16644,23067,0,36,33,33,1264944,33984,29,31,0
420,24.010,1.178,0.018,25.206,5.583,16644,23067,0,36,33,33,1264944,33984,29,31,0
421,1.438,0.265,0.015,1.718,25.331,16644,23067,0,36,33,33,1264944,33984,29,31,0
422,4.034,0.545,0.012,4.591,1.819,16644,23067,0,36,33,33,1264944,33984,29,31,0
423,0.485,3.423,0.018,3.927,4.710,16644,23067,0,36,33,33,1264944,33984,29,31,0
424,0.427,7.408,0.010,7.844,4.035,16644,23067,0,36,33,33,1264944,33984,29,31,0
425,0.442,7.872,0.009,8.322,7.946,16644,23067,0,36,33,33,1264944,33984,29,31,0
426,0.483,7.694,0.008,8.185,8.439,16644,23067,0,36,33,33,1264944,33984,29,31,0
427,0.467,0.595,0.010,1.072,8.290,16644,23067,0,36,33,33,1264944,33984,29,31,0
428,0.466,0.266,0.008,0.740,1.174,16644,23067,0,36,33,33,1264944,33984,29,31,0
429,0.470,0.451,0.011,0.932,0.828,16644,23067,0,36,33,33,1264944,33984,29,31,0
430,0.467,3.639,0.007,4.114,1.024,16644,23067,0,36,33,33,1264944,33984,29,31,0
431,0.478,0.514,0.010,1.002,4.233,16644,23067,0,36,33,33,1264944,33984,29,31,0
432,0.455,2.817,0.008,3.280,1.105,16644,23067,0,36,33,33,1264944,33984,29,31,0
433,0.507,12.933,0.011,13.451,3.391,16644,23067,0,36,33,33,1264944,33984,29,31,0
434,0.519,7.449,0.007,7.975,13.565,16644,23067,0,36,33,33,1264944,33984,29,31,0
435,0.536,0.527,0.012,1.076,8.090,16644,23067,0,36,33,33,1264944,33984,29,31,0
436,0.535,0.297,0.018,0.849,1.188,16644,23067,0,36,33,33,1264944,33984,29,31,0
437,0.555,0.266,0.010,0.832,0.965,16644,23067,0,36,33,33,1264944,33984,29,31,0
438,0.534,1.222,0.010,1.766,0.929,16644,23067,0,36,33,33,1264944,33984,29,31,0
439,0.533,2.742,0.010,3.286,1.881,16644,23067,0,36,33,33,1264944,33984,29,31,0
440,0.553,2.593,0.009,3.155,3.419,16644,23067,0,36,33,33,1264944,33984,29,31,0
441,0.512,13.023,0.010,13.545,3.277,16644,23067,0,36,33,33,1264944,33984,29,31,0
442,0.563,7.599,0.013,8.175,13.669,16644,23067,0,36,33,33,1264944,33984,29,31,0
443,0.566,0.611,0.010,1.187,8.292,16644,23067,0,36,33,33,1264944,33984,29,31,0
444,0.606,0.333,0.011,0.950,1.311,16644,23067,0,36,33,33,1264944,33984,29,31,0
445,0.608,0.313,0.015,0.935,1.075,16644,23067,0,36,33,33,1264944,33984,29,31,0
446,0.608,0.329,0.016,0.953,1.047,16644,23067,0,36,33,33,1264944,33984,29,31,0
447,0.591,11.683,0.015,12.289,1.075,16644,23067,0,36,33,33,1264944,33984,29,31,0
448,0.618,7.706,0.010,8.335,12.423,16644,23067,0,36,33,33,1264944,33984,29,31,0
449,0.599,7.252,0.011,7.862,8.460,16644,23067,0,36,33,33,1264944,33984,29,31,0
450,0.649,0.349,0.010,1.009,8.020,16644,23067,0,36,33,33,1264944,33984,29,31,0
451,0.667,0.314,0.019,1.000,1.148,16644,23067,0,36,33,33,1264944,33984,29,31,0
452,0.625,0.327,0.013,0.965,1.138,16644,23067,0,36,33,33,1264944,33984,29,31,0
453,0.668,0.318,0.011,0.998,1.088,16644,23067,0,36,33,33,1264944,33984,29,31,0
454,0.601,3.132,0.010,3.743,1.127,16644,23067,0,36,33,33,1264944,33984,29,31,0
455,0.581,3.317,0.008,3.907,3.883,16644,23067,0,36,33,33,1264944,33984,29,31,0
456,0.626,12.035,0.014,12.674,4.047,16644,23067,0,36,33,33,1264944,33984,29,31,0
457,0.915,7.074,0.010,7.999,12.816,16644,23067,0,36,33,33,1264944,33984,29,31,0
458,0.770,0.307,0.009,1.086,8.142,16644,23067,0,36,33,33,1264944,33984,29,31,0
459,0.638,0.341,0.008,0.987,1.226,16644,23067,0,36,33,33,1264944,33984,29,31,0
460,0.609,0.315,0.010,0.934,1.123,16644,23067,0,36,33,33,1264944,33984,29,31,0
461,0.669,0.333,0.009,1.011,1.056,16644,23067,0,36,33,33,1264944,33984,29,31,0
462,0.662,2.861,0.009,3.532,1.145,16644,23067,0,36,33,33,1264944,33984,29,31,0
463,0.618,3.241,0.010,3.869,3.677,16644,23067,0,36,33,33,1264944,33984,29,31,0
464,0.638,11.949,0.011,12.598,4.016,16644,23067,0,36,33,33,1264944,33984,29,31,0
465,0.941,7.121,0.011,8.073,12.750,16644,23067,0,36,33,33,1264944,33984,29,31,0
466,0.689,0.336,0.014,1.038,8.232,16644,23067,0,36,33,33,1264944,33984,29,31,0
467,0.707,0.360,0.010,1.077,1.200,16644,23067,0,36,33,33,1264944,33984,29,31,0
468,0.707,0.326,0.017,1.050,1.234,16644,23067,0,36,33,33,1264944,33984,29,31,0
469,0.968,0.354,0.013,1.335,1.183,16644,23067,0,36,33,33,1264944,33984,29,31,0
470,0.643,11.078,0.016,11.737,1.485,16644,23067,0,36,33,33,1264944,33984,29,31,0
471,0.952,7.330,0.011,8.293,11.883,16644,23067,0,36,33,33,1264944,33984,29,31,0
472,0.933,6.777,0.010,7.720,8.460,16644,23067,0,36,33,33,1264944,33984,29,31,0
473,0.935,0.312,0.024,1.271,7.871,16644,23067,0,36,33,33,1264944,33984,29,31,0
474,0.714,0.341,0.012,1.068,1.429,16644,23067,0,36,33,33,1264944,33984,29,31,0
475,0.684,0.342,0.013,1.039,1.227,16644,23067,0,36,33,33,1264944,33984,29,31,0
476,0.686,2.052,0.011,2.749,1.194,16644,23067,0,36,33,33,1264944,33984,29,31,0
477,0.712,0.823,0.012,1.547,2.910,16644,23067,0,36,33,33,1264944,33984,29,31,0
478,0.669,3.265,0.011,3.944,1.702,16644,23067,0,36,33,33,1264944,33984,29,31,0
479,0.946,11.768,0.011,12.725,4.104,16644,23067,0,36,33,33,1264944,33984,29,31,0
480,0.974,6.850,0.010,7.834,12.884,16644,23067,0,36,33,33,1264944,33984,29,31,0
481,0.714,0.614,0.013,1.341,7.996,16644,23067,0,36,33,33,1264944,33984,29,31,0
482,0.754,0.318,0.013,1.085,1.501,16644,23067,0,36,33,33,1264944,33984,29,31,0
483,0.689,0.362,0.009,1.060,1.252,16644,23067,0,36,33,33,1264944,33984,29,31,0
484,0.706,0.744,0.018,1.468,1.212,16644,23067,0,36,33,33,1264944,33984,29,31,0
485,0.745,10.471,0.011,11.227,1.621,16644,23067,0,36,33,33,1264944,33984,29,31,0
486,0.973,7.696,0.016,8.686,11.391,16644,23067,0,36,33,33,1264944,33984,29,31,0
487,0.821,6.537,0.011,7.369,8.860,16644,23067,0,36,33,33,1264944,33984,29,31,0
488,1.021,0.344,0.012,1.377,7.558,16644,23067,0,36,33,33,1264944,33984,29,31,0
489,0.789,0.447,0.016,1.252,1.553,16644,23067,0,36,33,33,1264944,33984,29,31,0
490,0.796,0.401,0.012,1.209,1.430,16644,23067,0,36,33,33,1264944,33984,29,31,0
491,0.720,1.910,0.014,2.644,1.349,16644,23067,0,36,33,33,1264944,33984,29,31,0
492,0.675,0.296,0.013,0.984,2.822,16644,23067,0,36,33,33,1264944,33984,29,31,0
493,0.692,3.124,0.013,3.829,1.115,16644,23067,0,36,33,33,1264944,33984,29,31,0
494,1.001,11.790,0.010,12.800,4.016,16644,23067,0,36,33,33,1264944,33984,29,31,0
495,0.970,6.819,0.014,7.803,12.993,16644,23067,0,36,33,33,1264944,33984,29,31,0
496,0.791,0.322,0.011,1.124,7.980,16644,23067,0,36,33,33,1264944,33984,29,31,0
497,0.948,0.353,0.015,1.316,1.296,16644,23067,0,36,33,33,1264944,33984,29,31,0
498,0.780,0.334,0.012,1.126,1.485,16644,23067,0,36,33,33,1264944,33984,29,31,0
499,0.808,0.403,0.014,1.226,1.300,16644,23067,0,36,33,33,1264944,33984,29,31,0
500,0.808,10.451,0.010,11.269,1.402,16644,23067,0,36,33,33,1264944,33984,29,31,0
501,0.966,7.689,0.015,8.670,11.454,16644,23067,0,36,33,33,1264944,33984,29,31,0
502,1.116,6.574,0.014,7.705,8.845,16644,23067,0,36,33,33,1264944,33984,29,31,0
503,0.940,0.552,0.017,1.510,7.915,16644,23067,0,36,33,33,1264944,33984,29,31,0
504,0.972,0.439,0.014,1.425,1.722,16644,23067,0,36,33,33,1264944,33984,29,31,0
505,0.838,0.417,0.014,1.269,1.607,16644,23067,0,36,33,33,1264944,33984,29,31,0
506,0.808,0.393,0.014,1.214,1.435,16644,23067,0,36,33,33,1264944,33984,29,31,0
507,0.807,2.940,0.013,3.760,1.375,16644,23067,0,36,33,33,1264944,33984,29,31,0
508,0.996,13.630,0.014,14.639,3.959,16644,23067,0,36,33,33,1264944,33984,29,31,0
509,0.968,6.896,0.013,7.877,14.821,16644,23067,0,36,33,33,1264944,33984,29,31,0
510,0.955,0.345,0.009,1.309,8.073,16644,23067,0,36,33,33,1264944,33984,29,31,0
511,0.797,0.364,0.014,1.174,1.472,16644,23067,0,36,33,33,1264944,33984,29,31,0
512,0.846,0.517,0.009,1.373,1.355,16644,23067,0,36,33,33,1264944,33984,29,31,0
513,0.810,0.398,0.019,1.227,1.541,16644,23067,0,36,33,33,1264944,33984,29,31,0
514,0.802,3.012,0.014,3.828,1.395,16644,23067,0,36,33,33,1264944,33984,29,31,0
515,0.970,14.370,0.013,15.354,4.013,16644,23067,0,36,33,33,1264944,33984,29,31,0
516,0.959,6.965,0.025,7.948,15.558,16644,23067,0,36,33,33,1264944,33984,29,31,0
517,0.828,0.385,0.015,1.228,8.137,16644,23067,0,36,33,33,1264944,33984,29,31,0
518,0.807,0.359,0.013,1.179,1.400,16644,23067,0,36,33,33,1264944,33984,29,31,0
519,1.025,0.734,0.015,1.773,1.341,16644,23067,0,36,33,33,1264944,33984,29,31,0
520,0.825,0.366,0.017,1.208,1.947,16644,23067,0,36,33,33,1264944,33984,29,31,0
521,0.805,9.956,0.015,10.776,1.368,16644,23067,0,36,33,33,1264944,33984,29,31,0
522,0.797,7.871,0.015,8.683,10.955,16644,23067,0,36,33,33,1264944,33984,29,31,0
523,0.787,6.500,0.014,7.300,8.858,16644,23067,0,36,33,33,1264944,33984,29,31,0
524,0.969,7.078,0.019,8.066,7.468,16644,23067,0,36,33,33,1264944,33984,29,31,0
525,0.936,7.082,0.011,8.029,8.276,16644,23067,0,36,33,33,1264944,33984,29,31,0
526,1.096,7.119,0.018,8.233,8.252,16644,23067,0,36,33,33,1264944,33984,29,31,0
527,1.074,6.853,0.023,7.949,8.444,16644,23067,0,36,33,33,1264944,33984,29,31,0
528,0.947,0.407,0.019,1.373,8.169,16644,23067,0,36,33,33,1264944,33984,29,31,0
529,0.949,0.476,0.019,1.444,1.575,16644,23067,0,36,33,33,1264944,33984,29,31,0
530,0.956,0.461,0.024,1.440,1.645,16644,23067,0,36,33,33,1264944,33984,29,31,0
531,1.023,2.283,0.017,3.323,1.635,16644,23067,0,36,33,33,1264944,33984,29,31,0
532,0.915,3.126,0.021,4.062,3.528,16644,23067,0,36,33,33,1264944,33984,29,31,0
533,1.141,11.696,0.016,12.853,4.309,16644,23067,0,36,33,33,1264944,33984,29,31,0
534,1.095,6.602,0.022,7.718,13.084,16644,23067,0,36,33,33,1264944,33984,29,31,0
535,1.240,0.379,0.015,1.634,7.951,16644,23067,0,36,33,33,1264944,33984,29,31,0
536,0.920,0.463,0.012,1.395,1.833,16644,23067,0,36,33,33,1264944,33984,29,31,0
537,0.967,1.482,0.018,2.467,1.589,16644,23067,0,36,33,33,1264944,33984,29,31,0
538,1.006,0.550,0.015,1.571,2.682,16644,23067,0,36,33,33,1264944,33984,29,31,0
539,0.915,2.849,0.011,3.775,1.780,16644,23067,0,36,33,33,1264944,33984,29,31,0
540,1.166,11.782,117.874,130.822,3.974,16644,23067,0,36,33,33,1264944,33984,29,31,0
541,0.629,0.433,0.015,1.077,130.933,16644,23067,0,36,33,33,1264944,33984,29,31,0
542,0.484,13.345,0.029,13.858,1.170,16644,23067,0,36,33,33,1264944,33984,29,31,0
543,0.505,7.735,0.010,8.249,13.970,16644,23067,0,36,33,33,1264944,33984,29,31,0
544,0.523,0.675,0.014,1.211,8.364,16644,23067,0,36,33,33,1264944,33984,29,31,0
545,0.518,0.303,0.011,0.832,1.331,16644,23067,0,36,33,33,1264944,33984,29,31,0
546,0.478,5.487,0.013,5.978,0.928,16644,23067,0,36,33,33,1264944,33984,29,31,0
547,0.497,3.454,0.010,3.961,6.086,16644,23067,0,36,33,33,1264944,33984,29,31,0
548,0.527,12.146,0.012,12.685,4.076,16644,23067,0,36,33,33,1264944,33984,29,31,0
549,0.540,7.245,0.020,7.805,12.796,16644,23067,0,36,33,33,1264944,33984,29,31,0
550,0.564,0.430,0.019,1.013,7.947,16644,23067,0,36,33,33,1264944,33984,29,31,0
551,0.536,0.305,0.011,0.852,1.126,16644,23067,0,36,33,33,1264944,33984,29,31,0
552,0.546,0.348,0.015,0.909,0.962,16644,23067,0,36,33,33,1264944,33984,29,31,0
553,0.529,3.036,0.014,3.579,1.010,16644,23067,0,36,33,33,1264944,33984,29,31,0
554,0.549,0.789,0.011,1.349,3.702,16644,23067,0,36,33,33,1264944,33984,29,31,0
555,0.519,4.354,0.010,4.883,1.464,16644,23067,0,36,33,33,1264944,33984,29,31,0
556,0.549,11.519,0.009,12.077,5.005,16644,23067,0,36,33,33,1264944,33984,29,31,0
557,0.609,7.220,0.008,7.837,12.197,16644,23067,0,36,33,33,1264944,33984,29,31,0
558,0.596,0.551,0.011,1.157,7.968,16644,23067,0,36,33,33,1264944,33984,29,31,0
559,0.564,0.326,0.012,0.902,1.279,16644,23067,0,36,33,33,1264944,33984,29,31,0
560,0.567,0.308,0.014,0.888,1.024,16644,23067,0,36,33,33,1264944,33984,29,31,0
561,0.554,3.088,0.022,3.664,0.992,16644,23067,0,36,33,33,1264944,33984,29,31,0
562,0.587,0.274,0.012,0.874,3.793,16644,23067,0,36,33,33,1264944,33984,29,31,0
563,0.535,3.680,0.010,4.225,0.997,16644,23067,0,36,33,33,1264944,33984,29,31,0
564,0.607,12.110,0.008,12.725,4.349,16644,23067,0,36,33,33,1264944,33984,29,31,0
565,0.932,6.866,0.012,7.810,12.869,16644,23067,0,36,33,33,1264944,33984,29,31,0
566,0.589,0.480,0.009,1.079,7.943,16644,23067,0,36,33,33,1264944,33984,29,31,0
567,0.864,0.325,0.011,1.200,1.211,16644,23067,0,36,33,33,1264944,33984,29,31,0
568,0.612,0.983,0.010,1.605,1.344,16644,23067,0,36,33,33,1264944,33984,29,31,0
569,0.651,0.447,0.012,1.111,1.738,16644,23067,0,36,33,33,1264944,33984,29,31,0
570,0.642,10.772,0.014,11.428,1.233,16644,23067,0,36,33,33,1264944,33984,29,31,0
571,0.620,8.030,0.009,8.660,11.575,16644,23067,0,36,33,33,1264944,33984,29,31,0
572,0.642,6.894,0.010,7.546,8.800,16644,23067,0,36,33,33,1264944,33984,29,31,0
573,0.907,0.318,0.010,1.234,7.711,16644,23067,0,36,33,33,1264944,33984,29,31,0
574,0.674,0.343,0.010,1.027,1.383,16644,23067,0,36,33,33,1264944,33984,29,31,0
575,0.639,0.390,0.012,1.041,1.176,16644,23067,0,36,33,33,1264944,33984,29,31,0
576,0.648,0.669,0.013,1.331,1.183,16644,23067,0,36,33,33,1264944,33984,29,31,0
577,0.648,10.811,0.010,11.468,1.451,16644,23067,0,36,33,33,1264944,33984,29,31,0
578,0.643,7.999,0.011,8.653,11.613,16644,23067,0,36,33,33,1264944,33984,29,31,0
579,0.645,6.713,0.014,7.372,8.803,16644,23067,0,36,33,33,1264944,33984,29,31,0
580,0.914,0.307,0.014,1.235,7.544,16644,23067,0,36,33,33,1264944,33984,29,31,0
581,0.695,0.352,0.014,1.062,1.387,16644,23067,0,36,33,33,1264944,33984,29,31,0
582,0.685,0.321,0.013,1.019,1.225,16644,23067,0,36,33,33,1264944,33984,29,31,0
583,0.635,0.432,0.011,1.078,1.158,16644,23067,0,36,33,33,1264944,33984,29,31,0
584,0.648,2.375,0.012,3.035,1.207,16644,23067,0,36,33,33,1264944,33984,29,31,0
585,0.894,2.974,0.009,3.876,3.172,16644,23067,0,36,33,33,1264944,33984,29,31,0
586,0.634,12.381,0.015,13.030,4.021,16644,23067,0,36,33,33,1264944,33984,29,31,0
587,0.709,7.178,0.015,7.902,13.182,16644,23067,0,36,33,33,1264944,33984,29,31,0
588,0.742,0.348,0.015,1.105,8.063,16644,23067,0,36,33,33,1264944,33984,29,31,0
589,0.741,0.393,0.013,1.146,1.252,16644,23067,0,36,33,33,1264944,33984,29,31,0
590,0.695,0.353,0.013,1.061,1.303,16644,23067,0,36,33,33,1264944,33984,29,31,0
591,0.730,2.185,0.014,2.930,1.229,16644,23067,0,36,33,33,1264944,33984,29,31,0
592,0.721,0.323,0.015,1.059,3.106,16644,23067,0,36,33,33,1264944,33984,29,31,0
593,0.717,2.790,0.009,3.516,1.203,16644,23067,0,36,33,33,1264944,33984,29,31,0
594,0.630,12.758,0.011,13.400,3.660,16644,23067,0,36,33,33,1264944,33984,29,31,0
595,0.716,7.050,0.010,7.776,13.563,16644,23067,0,36,33,33,1264944,33984,29,31,0
596,0.710,0.512,0.012,1.234,7.940,16644,23067,0,36,33,33,1264944,33984,29,31,0
597,0.733,0.350,0.009,1.091,1.389,16644,23067,0,36,33,33,1264944,33984,29,31,0
598,0.728,0.351,0.020,1.098,1.242,16644,23067,0,36,33,33,1264944,33984,29,31,0
599,0.722,0.388,0.013,1.123,1.245,16644,23067,0,36,33,33,1264944,33984,29,31,0
600,19.325,1.168,0.012,20.505,5.287,16644,23067,0,36,33,33,1264944,33984,29,31,0
601,1.207,0.229,0.012,1.449,20.609,16644,23067,0,36,33,33,1264944,33984,29,31,0
602,3.167,3.423,0.008,6.597,1.569,16644,23067,0,36,33,33,1264944,33984,29,31,0
603,0.454,7.852,0.009,8.315,6.701,16644,23067,0,36,33,33,1264944,33984,29,31,0
604,0.475,7.078,0.009,7.562,8.425,16644,23067,0,36,33,33,1264944,33984,29,31,0
605,0.488,7.709,0.008,8.205,7.671,16644,23067,0,36,33,33,1264944,33984,29,31,0
606,0.495,0.634,0.009,1.138,8.310,16644,23067,0,36,33,33,1264944,33984,29,31,0
607,0.469,0.257,0.009,0.736,1.238,16644,23067,0,36,33,33,1264944,33984,29,31,0
608,0.443,5.890,0.010,6.343,0.825,16644,23067,0,36,33,33,1264944,33984,29,31,0
609,0.507,2.373,0.010,2.890,6.456,16644,23067,0,36,33,33,1264944,33984,29,31,0
610,0.493,13.278,0.009,13.781,2.999,16644,23067,0,36,33,33,1264944,33984,29,31,0
611,0.508,7.605,0.010,8.123,13.892,16644,23067,0,36,33,33,1264944,33984,29,31,0
612,0.563,0.769,0.009,1.340,8.243,16644,23067,0,36,33,33,1264944,33984,29,31,0
613,0.549,0.304,0.008,0.862,1.461,16644,23067,0,36,33,33,1264944,33984,29,31,0
614,0.509,0.238,0.011,0.759,0.975,16644,23067,0,36,33,33,1264944,33984,29,31,0
615,0.513,0.537,0.009,1.059,0.853,16644,23067,0,36,33,33,1264944,33984,29,31,0
616,0.560,3.016,0.008,3.583,1.168,16644,23067,0,36,33,33,1264944,33984,29,31,0
617,0.508,2.872,0.013,3.393,3.706,16644,23067,0,36,33,33,1264944,33984,29,31,0
618,0.543,12.948,0.009,13.500,3.511,16644,23067,0,36,33,33,1264944,33984,29,31,0
619,0.547,7.365,0.009,7.921,13.646,16644,23067,0,36,33,33,1264944,33984,29,31,0
620,0.595,0.419,0.012,1.026,8.053,16644,23067,0,36,33,33,1264944,33984,29,31,0
621,0.598,0.332,0.008,0.938,1.154,16644,23067,0,36,33,33,1264944,33984,29,31,0
622,0.618,0.313,0.014,0.945,1.065,16644,23067,0,36,33,33,1264944,33984,29,31,0
623,0.594,0.349,0.010,0.953,1.053,16644,23067,0,36,33,33,1264944,33984,29,31,0
624,0.584,3.332,0.009,3.924,1.063,16644,23067,0,36,33,33,1264944,33984,29,31,0
625,0.570,3.325,0.011,3.906,4.055,16644,23067,0,36,33,33,1264944,33984,29,31,0
626,0.609,12.127,0.008,12.745,4.041,16644,23067,0,36,33,33,1264944,33984,29,31,0
627,0.589,7.269,0.012,7.870,12.884,16644,23067,0,36,33,33,1264944,33984,29,31,0
628,0.632,0.389,0.011,1.032,8.007,16644,23067,0,36,33,33,1264944,33984,29,31,0
629,0.671,0.326,0.012,1.010,1.173,16644,23067,0,36,33,33,1264944,33984,29,31,0
630,0.625,0.320,0.012,0.958,1.156,16644,23067,0,36,33,33,1264944,33984,29,31,0
631,0.605,0.336,0.010,0.951,1.079,16644,23067,0,36,33,33,1264944,33984,29,31,0
632,0.629,3.149,0.017,3.794,1.062,16644,23067,0,36,33,33,1264944,33984,29,31,0
633,0.645,2.394,0.012,3.051,3.939,16644,23067,0,36,33,33,1264944,33984,29,31,0
634,0.608,12.864,0.012,13.484,3.198,16644,23067,0,36,33,33,1264944,33984,29,31,0
635,0.645,7.277,0.011,7.933,13.623,16644,23067,0,36,33,33,1264944,33984,29,31,0
636,0.628,0.737,0.009,1.374,8.071,16644,23067,0,36,33,33,1264944,33984,29,31,0
637,0.658,0.322,0.012,0.992,1.512,16644,23067,0,36,33,33,1264944,33984,29,31,0
638,0.658,0.283,0.012,0.953,1.129,16644,23067,0,36,33,33,1264944,33984,29,31,0
639,0.647,0.330,0.012,0.989,1.083,16644,23067,0,36,33,33,1264944,33984,29,31,0
640,0.644,2.580,0.007,3.230,1.116,16644,23067,0,36,33,33,1264944,33984,29,31,0
641,0.625,3.441,0.012,4.078,3.375,16644,23067,0,36,33,33,1264944,33984,29,31,0
642,0.662,12.182,0.013,12.858,4.229,16644,23067,0,36,33,33,1264944,33984,29,31,0
643,1.027,6.985,0.013,8.025,13.015,16644,23067,0,36,33,33,1264944,33984,29,31,0
644,0.707,0.542,0.012,1.261,8.181,16644,23067,0,36,33,33,1264944,33984,29,31,0
645,0.703,0.358,0.011,1.072,1.412,16644,23067,0,36,33,33,1264944,33984,29,31,0
646,0.914,0.372,0.009,1.295,1.221,16644,23067,0,36,33,33,1264944,33984,29,31,0
647,0.697,0.463,0.016,1.175,1.444,16644,23067,0,36,33,33,1264944,33984,29,31,0
648,0.740,10.243,0.012,10.995,1.334,16644,23067,0,36,33,33,1264944,33984,29,31,0
649,0.940,7.548,0.012,8.501,11.159,16644,23067,0,36,33,33,1264944,33984,29,31,0
650,0.998,6.772,0.011,7.781,8.671,16644,23067,0,36,33,33,1264944,33984,29,31,0
651,1.027,0.346,0.010,1.383,7.969,16644,23067,0,36,33,33,1264944,33984,29,31,0
652,0.802,0.526,0.018,1.346,1.557,16644,23067,0,36,33,33,1264944,33984,29,31,0
653,0.719,0.606,0.009,1.334,1.507,16644,23067,0,36,33,33,1264944,33984,29,31,0
654,0.746,1.330,0.014,2.089,1.487,16644,23067,0,36,33,33,1264944,33984,29,31,0
655,0.729,0.331,0.012,1.072,2.256,16644,23067,0,36,33,33,1264944,33984,29,31,0
656,0.686,3.186,0.016,3.888,1.242,16644,23067,0,36,33,33,1264944,33984,29,31,0
657,0.910,12.063,0.010,12.983,4.057,16644,23067,0,36,33,33,1264944,33984,29,31,0
658,0.945,6.943,0.013,7.901,13.149,16644,23067,0,36,33,33,1264944,33984,29,31,0
659,0.800,0.474,0.016,1.290,8.081,16644,23067,0,36,33,33,1264944,33984,29,31,0
660,0.964,0.399,0.014,1.377,1.479,16644,23067,0,36,33,33,1264944,33984,29,31,0
661,0.709,0.369,0.009,1.087,1.536,16644,23067,0,36,33,33,1264944,33984,29,31,0
662,0.702,0.360,0.013,1.075,1.229,16644,23067,0,36,33,33,1264944,33984,29,31,0
663,0.730,10.603,0.018,11.351,1.216,16644,23067,0,36,33,33,1264944,33984,29,31,0
664,0.705,7.805,0.016,8.526,11.514,16644,23067,0,36,33,33,1264944,33984,29,31,0
665,0.949,6.929,0.015,7.894,8.692,16644,23067,0,36,33,33,1264944,33984,29,31,0
666,0.846,0.705,0.014,1.564,8.076,16644,23067,0,36,33,33,1264944,33984,29,31,0
667,0.835,0.395,0.013,1.243,1.741,16644,23067,0,36,33,33,1264944,33984,29,31,0
668,0.927,0.388,0.008,1.322,1.416,16644,23067,0,36,33,33,1264944,33984,29,31,0
669,0.768,2.548,0.013,3.330,1.480,16644,23067,0,36,33,33,1264944,33984,29,31,0
670,0.700,3.607,0.008,4.316,3.492,16644,23067,0,36,33,33,1264944,33984,29,31,0
671,0.949,11.194,0.014,12.157,4.494,16644,23067,0,36,33,33,1264944,33984,29,31,0
672,0.982,6.783,0.015,7.780,12.353,16644,23067,0,36,33,33,1264944,33984,29,31,0
673,0.805,0.339,0.010,1.154,7.956,16644,23067,0,36,33,33,1264944,33984,29,31,0
674,0.929,0.414,0.037,1.381,1.324,16644,23067,0,36,33,33,1264944,33984,29,31,0
675,0.807,0.740,0.014,1.561,1.556,16644,23067,0,36,33,33,1264944,33984,29,31,0
676,0.844,2.571,0.014,3.429,1.737,16644,23067,0,36,33,33,1264944,33984,29,31,0
677,0.944,2.654,0.015,3.613,3.613,16644,23067,0,36,33,33,1264944,33984,29,31,0
678,0.857,12.275,0.012,13.144,3.801,16644,23067,0,36,33,33,1264944,33984,29,31,0
679,1.028,6.981,0.015,8.024,13.327,16644,23067,0,36,33,33,1264944,33984,29,31,0
680,0.780,0.339,0.018,1.136,8.207,16644,23067,0,36,33,33,1264944,33984,29,31,0
681,0.776,0.473,0.019,1.267,1.303,16644,23067,0,36,33,33,1264944,33984,29,31,0
682,0.936,0.402,0.019,1.356,1.441,16644,23067,0,36,33,33,1264944,33984,29,31,0
683,0.800,2.955,0.016,3.772,1.520,16644,23067,0,36,33,33,1264944,33984,29,31,0
684,0.784,4.646,0.014,5.444,3.957,16644,23067,0,36,33,33,1264944,33984,29,31,0
685,0.777,10.626,0.016,11.419,5.620,16644,23067,0,36,33,33,1264944,33984,29,31,0
686,0.794,6.727,0.011,7.532,11.595,16644,23067,0,36,33,33,1264944,33984,29,31,0
687,0.911,7.058,0.019,7.988,7.741,16644,23067,0,36,33,33,1264944,33984,29,31,0
688,1.128,7.282,0.016,8.426,8.191,16644,23067,0,36,33,33,1264944,33984,29,31,0
689,1.077,7.072,0.016,8.166,8.643,16644,23067,0,36,33,33,1264944,33984,29,31,0
690,0.917,6.892,0.026,7.834,8.385,16644,23067,0,36,33,33,1264944,33984,29,31,0
691,1.890,0.495,0.028,2.414,8.115,16644,23067,0,36,33,33,1264944,33984,29,31,0
692,1.171,0.438,0.022,1.632,2.658,16644,23067,0,36,33,33,1264944,33984,29,31,0
693,1.011,0.485,0.021,1.517,1.850,16644,23067,0,36,33,33,1264944,33984,29,31,0
694,0.927,2.354,0.013,3.294,1.714,16644,23067,0,36,33,33,1264944,33984,29,31,0
695,1.001,14.543,0.015,15.559,3.514,16644,23067,0,36,33,33,1264944,33984,29,31,0
696,1.265,6.431,0.018,7.713,15.815,16644,23067,0,36,33,33,1264944,33984,29,31,0
697,0.934,0.376,0.018,1.328,7.936,16644,23067,0,36,33,33,1264944,33984,29,31,0
698,1.169,0.507,0.029,1.704,1.524,16644,23067,0,36,33,33,1264944,33984,29,31,0
699,0.987,0.508,0.025,1.521,1.912,16644,23067,0,36,33,33,1264944,33984,29,31,0
700,1.008,1.647,0.024,2.679,1.723,16644,23067,0,36,33,33,1264944,33984,29,31,0
701,0.938,3.101,0.030,4.069,2.879,16644,23067,0,36,33,33,1264944,33984,29,31,0
702,1.091,11.796,0.011,12.898,4.307,16644,23067,0,36,33,33,1264944,33984,29,31,0
703,0.949,6.626,0.013,7.589,13.117,16644,23067,0,36,33,33,1264944,33984,29,31,0
704,1.153,0.470,0.017,1.639,7.853,16644,23067,0,36,33,33,1264944,33984,29,31,0
705,0.910,0.479,0.023,1.412,1.887,16644,23067,0,36,33,33,1264944,33984,29,31,0
706,0.949,0.521,0.011,1.480,1.606,16644,23067,0,36,33,33,1264944,33984,29,31,0
707,0.999,1.888,0.016,2.903,1.678,16644,23067,0,36,33,33,1264944,33984,29,31,0
708,0.919,3.642,0.015,4.575,3.108,16644,23067,0,36,33,33,1264944,33984,29,31,0
709,1.095,11.164,0.021,12.280,4.806,16644,23067,0,36,33,33,1264944,33984,29,31,0
710,1.095,6.527,0.010,7.632,12.518,16644,23067,0,36,33,33,1264944,33984,29,31,0
711,0.919,0.381,0.016,1.316,7.871,16644,23067,0,36,33,33,1264944,33984,29,31,0
712,1.096,1.010,0.034,2.139,1.519,16644,23067,0,36,33,33,1264944,33984,29,31,0
713,1.368,1.037,0.027,2.431,2.432,16644,23067,0,36,33,33,1264944,33984,29,31,0
714,1.034,0.458,0.019,1.511,2.663,16644,23067,0,36,33,33,1264944,33984,29,31,0
715,0.994,2.540,0.014,3.548,1.730,16644,23067,0,36,33,33,1264944,33984,29,31,0
716,1.071,11.821,0.012,12.904,3.739,16644,23067,0,36,33,33,1264944,33984,29,31,0
717,0.936,6.763,0.012,7.711,13.125,16644,23067,0,36,33,33,1264944,33984,29,31,0
718,1.060,0.386,0.015,1.461,7.925,16644,23067,0,36,33,33,1264944,33984,29,31,0
719,0.949,0.403,0.022,1.374,1.667,16644,23067,0,36,33,33,1264944,33984,29,31,0
720,0.944,0.821,51.940,53.704,1.572,16644,23067,0,36,33,33,1264944,33984,29,31,0
721,0.931,0.506,0.014,1.452,53.824,16644,23067,0,36,33,33,1264944,33984,29,31,0
722,0.664,1.279,0.016,1.959,1.577,16644,23067,0,36,33,33,1264944,33984,29,31,0
723,0.538,4.980,0.015,5.533,2.088,16644,23067,0,36,33,33,1264944,33984,29,31,0
724,0.554,0.626,0.012,1.192,5.693,16644,23067,0,36,33,33,1264944,33984,29,31,0
725,0.534,0.775,0.009,1.319,1.305,16644,23067,0,36,33,33,1264944,33984,29,31,0
726,0.496,0.737,0.009,1.241,1.439,16644,23067,0,36,33,33,1264944,33984,29,31,0
727,0.546,0.953,0.016,1.516,1.346,16644,23067,0,36,33,33,1264944,33984,29,31,0
728,0.554,1.732,0.011,2.298,1.634,16644,23067,0,36,33,33,1264944,33984,29,31,0
729,0.482,3.486,0.011,3.979,2.443,16644,23067,0,36,33,33,1264944,33984,29,31,0
730,0.581,4.015,0.010,4.606,4.104,16644,23067,0,36,33,33,1264944,33984,29,31,0
731,0.551,7.370,0.007,7.929,4.726,16644,23067,0,36,33,33,1264944,33984,29,31,0
732,0.546,0.795,0.012,1.352,8.042,16644,23067,0,36,33,33,1264944,33984,29,31,0
733,0.552,1.500,0.012,2.064,1.457,16644,23067,0,36,33,33,1264944,33984,29,31,0
734,0.553,0.677,0.009,1.240,2.173,16644,23067,0,36,33,33,1264944,33984,29,31,0
735,0.529,1.479,0.010,2.018,1.358,16644,23067,0,36,33,33,1264944,33984,29,31,0
736,0.538,1.242,0.011,1.790,2.133,16644,23067,0,36,33,33,1264944,33984,29,31,0
737,0.573,1.540,0.009,2.122,1.907,16644,23067,0,36,33,33,1264944,33984,29,31,0
738,0.554,0.589,0.010,1.153,2.255,16644,23067,0,36,33,33,1264944,33984,29,31,0
739,0.543,1.801,0.007,2.351,1.260,16644,23067,0,36,33,33,1264944,33984,29,31,0
740,0.541,10.189,0.015,10.745,2.465,16644,23067,0,36,33,33,1264944,33984,29,31,0
741,0.607,7.132,0.011,7.751,10.880,16644,23067,0,36,33,33,1264944,33984,29,31,0
742,0.552,7.221,0.010,7.783,7.869,16644,23067,0,36,33,33,1264944,33984,29,31,0
743,0.574,0.577,0.014,1.165,7.903,16644,23067,0,36,33,33,1264944,33984,29,31,0
744,0.599,1.652,0.009,2.260,1.287,16644,23067,0,36,33,33,1264944,33984,29,31,0
745,0.587,0.737,0.022,1.346,2.388,16644,23067,0,36,33,33,1264944,33984,29,31,0
746,0.666,1.658,0.010,2.334,1.483,16644,23067,0,36,33,33,1264944,33984,29,31,0
747,0.583,4.561,0.010,5.153,2.468,16644,23067,0,36,33,33,1264944,33984,29,31,0
748,0.628,11.466,0.010,12.105,5.281,16644,23067,0,36,33,33,1264944,33984,29,31,0
749,0.611,7.281,0.012,7.904,12.237,16644,23067,0,36,33,33,1264944,33984,29,31,0
750,0.691,0.407,0.015,1.112,8.053,16644,23067,0,36,33,33,1264944,33984,29,31,0
751,0.648,1.347,0.010,2.005,1.257,16644,23067,0,36,33,33,1264944,33984,29,31,0
752,0.621,0.539,0.008,1.167,2.157,16644,23067,0,36,33,33,1264944,33984,29,31,0
753,0.658,1.451,0.008,2.117,1.284,16644,23067,0,36,33,33,1264944,33984,29,31,0
754,0.650,4.595,0.012,5.257,2.233,16644,23067,0,36,33,33,1264944,33984,29,31,0
755,0.667,12.218,0.012,12.897,5.421,16644,23067,0,36,33,33,1264944,33984,29,31,0
756,0.914,7.457,0.015,8.386,13.050,16644,23067,0,36,33,33,1264944,33984,29,31,0
757,0.640,0.356,0.012,1.009,8.553,16644,23067,0,36,33,33,1264944,33984,29,31,0
758,0.638,0.883,0.015,1.537,1.141,16644,23067,0,36,33,33,1264944,33984,29,31,0
759,0.643,1.488,0.012,2.143,1.684,16644,23067,0,36,33,33,1264944,33984,29,31,0
760,0.958,10.089,0.015,11.063,2.296,16644,23067,0,36,33,33,1264944,33984,29,31,0
761,0.937,7.949,0.013,8.899,11.226,16644,23067,0,36,33,33,1264944,33984,29,31,0
762,0.962,6.365,0.012,7.339,9.066,16644,23067,0,36,33,33,1264944,33984,29,31,0
763,0.934,0.300,0.012,1.247,7.507,16644,23067,0,36,33,33,1264944,33984,29,31,0
764,0.701,1.645,0.018,2.364,1.410,16644,23067,0,36,33,33,1264944,33984,29,31,0
765,0.761,0.575,0.019,1.355,2.522,16644,23067,0,36,33,33,1264944,33984,29,31,0
766,0.756,1.537,0.011,2.303,1.517,16644,23067,0,36,33,33,1264944,33984,29,31,0
767,0.932,4.287,0.037,5.256,2.469,16644,23067,0,36,33,33,1264944,33984,29,31,0
768,0.712,11.261,0.014,11.986,5.417,16644,23067,0,36,33,33,1264944,33984,29,31,0
769,0.982,7.112,0.016,8.110,12.168,16644,23067,0,36,33,33,1264944,33984,29,31,0
770,0.801,0.338,0.018,1.157,8.299,16644,23067,0,36,33,33,1264944,33984,29,31,0
771,0.784,0.596,0.011,1.391,1.325,16644,23067,0,36,33,33,1264944,33984,29,31,0
772,1.018,0.808,0.039,1.865,1.565,16644,23067,0,36,33,33,1264944,33984,29,31,0
773,1.099,0.602,0.021,1.722,2.101,16644,23067,0,36,33,33,1264944,33984,29,31,0
774,0.869,4.202,0.024,5.095,1.947,16644,23067,0,36,33,33,1264944,33984,29,31,0
775,0.885,11.842,0.022,12.749,5.294,16644,23067,0,36,33,33,1264944,33984,29,31,0
776,0.804,6.921,0.011,7.737,12.933,16644,23067,0,36,33,33,1264944,33984,29,31,0
777,0.778,0.723,0.015,1.516,7.924,16644,23067,0,36,33,33,1264944,33984,29,31,0
778,0.799,1.650,0.010,2.459,1.707,16644,23067,0,36,33,33,1264944,33984,29,31,0
779,0.833,0.442,0.015,1.291,2.631,16644,23067,0,36,33,33,1264944,33984,29,31,0
780,11.281,1.339,0.014,12.635,5.312,16750,23167,0,36,33,33,1273000,34824,29,31,0
781,1.278,0.395,0.013,1.686,12.744,16750,23167,0,36,33,33,1273000,34824,29,31,0
782,2.630,2.334,0.016,4.979,1.798,16750,23167,0,36,33,33,1273000,34824,29,31,0
783,0.483,8.707,0.013,9.203,5.087,16750,23167,0,36,33,33,1273000,34824,29,31,0
784,0.499,7.211,0.011,7.721,9.323,16750,23167,0,36,33,33,1273000,34824,29,31,0
785,0.509,7.663,0.011,8.183,7.838,16750,23167,0,36,33,33,1273000,34824,29,31,0
786,0.516,7.214,0.006,7.736,8.303,16750,23167,0,36,33,33,1273000,34824,29,31,0
787,0.561,0.715,0.013,1.288,7.856,16750,23167,0,36,33,33,1273000,34824,29,31,0
788,0.542,0.312,0.008,0.861,1.420,16750,23167,0,36,33,33,1273000,34824,29,31,0
789,0.571,0.319,0.009,0.899,0.977,16750,23167,0,36,33,33,1273000,34824,29,31,0
790,0.570,0.628,0.007,1.205,1.004,16750,23167,0,36,33,33,1273000,34824,29,31,0
791,0.596,0.555,0.014,1.165,1.395,16750,23167,0,36,33,33,1273000,34824,29,31,0
792,0.535,0.303,0.016,0.854,1.279,16750,23167,0,36,33,33,1273000,34824,29,31,0
793,0.540,0.562,0.009,1.111,0.953,16750,23167,0,36,33,33,1273000,34824,29,31,0
794,0.630,0.909,0.021,1.561,1.230,16750,23167,0,36,33,33,1273000,34824,29,31,0
795,0.582,15.225,0.011,15.818,1.668,16750,23167,0,36,33,33,1273000,34824,29,31,0
796,0.579,6.884,0.007,7.471,15.944,16750,23167,0,36,33,33,1273000,34824,29,31,0
797,0.538,0.584,0.007,1.129,7.593,16750,23167,0,36,33,33,1273000,34824,29,31,0
798,0.554,0.328,0.015,0.897,1.258,16750,23167,0,36,33,33,1273000,34824,29,31,0
799,0.559,0.347,0.015,0.922,1.012,16750,23167,0,36,33,33,1273000,34824,29,31,0
800,0.512,0.284,0.008,0.804,1.042,16750,23167,0,36,33,33,1273000,34824,29,31,0
801,0.513,0.279,0.008,0.800,0.914,16750,23167,0,36,33,33,1273000,34824,29,31,0
802,0.532,0.449,0.009,0.990,0.911,16750,23167,0,36,33,33,1273000,34824,29,31,0
803,0.572,1.219,0.007,1.798,1.110,16750,23167,0,36,33,33,1273000,34824,29,31,0
804,0.558,1.188,0.012,1.758,1.909,16750,23167,0,36,33,33,1273000,34824,29,31,0
805,0.536,14.613,0.011,15.160,1.893,16750,23167,0,36,33,33,1273000,34824,29,31,0
806,0.551,7.554,0.017,8.122,15.275,16750,23167,0,36,33,33,1273000,34824,29,31,0
807,0.615,0.574,0.012,1.200,8.254,16750,23167,0,36,33,33,1273000,34824,29,31,0
808,0.593,0.335,0.008,0.937,1.333,16750,23167,0,36,33,33,1273000,34824,29,31,0
809,0.576,0.333,0.011,0.921,1.062,16750,23167,0,36,33,33,1273000,34824,29,31,0
810,0.559,0.297,0.010,0.866,1.046,16750,23167,0,36,33,33,1273000,34824,29,31,0
811,0.542,0.280,0.008,0.830,0.984,16750,23167,0,36,33,33,1273000,34824,29,31,0
812,0.520,0.302,0.009,0.831,0.951,16750,23167,0,36,33,33,1273000,34824,29,31,0
813,0.516,3.586,0.010,4.113,0.957,16750,23167,0,36,33,33,1273000,34824,29,31,0
814,0.540,13.846,0.012,14.398,4.241,16750,23167,0,36,33,33,1273000,34824,29,31,0
815,0.589,7.246,0.012,7.847,14.533,16750,23167,0,36,33,33,1273000,34824,29,31,0
816,0.582,0.477,0.011,1.069,7.987,16750,23167,0,36,33,33,1273000,34824,29,31,0
817,0.566,1.420,0.010,1.996,1.195,16750,23167,0,36,33,33,1273000,34824,29,31,0
818,0.581,0.379,0.012,0.971,2.130,16750,23167,0,36,33,33,1273000,34824,29,31,0
819,0.578,2.077,0.012,2.668,1.097,16750,23167,0,36,33,33,1273000,34824,29,31,0
820,0.606,4.433,0.010,5.049,2.812,16750,23167,0,36,33,33,1273000,34824,29,31,0
821,0.586,12.379,0.015,12.980,5.181,16750,23167,0,36,33,33,1273000,34824,29,31,0
822,0.623,7.294,0.009,7.926,13.133,16750,23167,0,36,33,33,1273000,34824,29,31,0
823,0.596,0.506,0.011,1.113,8.078,16750,23167,0,36,33,33,1273000,34824,29,31,0
824,0.619,1.425,0.012,2.057,1.255,16750,23167,0,36,33,33,1273000,34824,29,31,0
825,0.603,0.481,0.013,1.096,2.215,16750,23167,0,36,33,33,1273000,34824,29,31,0
826,0.625,1.850,0.012,2.486,1.259,16750,23167,0,36,33,33,1273000,34824,29,31,0
827,0.602,4.800,0.013,5.415,2.638,16750,23167,0,36,33,33,1273000,34824,29,31,0
828,0.903,11.466,0.011,12.380,5.567,16750,23167,0,36,33,33,1273000,34824,29,31,0
829,0.700,7.222,0.009,7.931,12.533,16750,23167,0,36,33,33,1273000,34824,29,31,0
830,0.649,0.768,0.012,1.430,8.089,16750,23167,0,36,33,33,1273000,34824,29,31,0
831,0.892,1.280,0.008,2.180,1.587,16750,23167,0,36,33,33,1273000,34824,29,31,0
832,0.676,0.505,0.013,1.194,2.336,16750,23167,0,36,33,33,1273000,34824,29,31,0
833,0.650,1.865,0.013,2.528,1.347,16750,23167,0,36,33,33,1273000,34824,29,31,0
834,0.666,4.671,0.012,5.349,2.688,16750,23167,0,36,33,33,1273000,34824,29,31,0
835,0.650,10.678,0.014,11.343,5.509,16750,23167,0,36,33,33,1273000,34824,29,31,0
836,0.668,7.507,0.017,8.191,11.514,16750,23167,0,36,33,33,1273000,34824,29,31,0
837,0.731,0.370,0.013,1.114,8.374,16750,23167,0,36,33,33,1273000,34824,29,31,0
838,0.692,1.513,0.013,2.218,1.274,16750,23167,0,36,33,33,1273000,34824,29,31,0
839,0.679,0.664,0.013,1.356,2.381,16750,23167,0,36,33,33,1273000,34824,29,31,0
840,0.738,1.318,0.012,2.067,1.524,16750,23167,0,36,33,33,1273000,34824,29,31,0
841,0.683,3.261,0.015,3.959,2.234,16750,23167,0,36,33,33,1273000,34824,29,31,0
842,0.750,12.406,0.017,13.173,4.112,16750,23167,0,36,33,33,1273000,34824,29,31,0
843,0.795,7.599,0.015,8.409,13.368,16750,23167,0,36,33,33,1273000,34824,29,31,0
844,0.764,0.380,0.013,1.157,8.591,16750,23167,0,36,33,33,1273000,34824,29,31,0
845,0.797,0.411,0.016,1.224,1.332,16750,23167,0,36,33,33,1273000,34824,29,31,0
846,0.799,0.440,0.016,1.254,1.394,16750,23167,0,36,33,33,1273000,34824,29,31,0
847,0.846,2.741,0.018,3.604,1.413,16750,23167,0,36,33,33,1273000,34824,29,31,0
848,0.787,16.242,0.014,17.042,3.785,16750,23167,0,36,33,33,1273000,34824,29,31,0
849,0.807,7.302,0.016,8.125,17.242,16750,23167,0,36,33,33,1273000,34824,29,31,0
850,0.907,0.463,0.020,1.390,8.324,16750,23167,0,36,33,33,1273000,34824,29,31,0
851,0.806,0.990,0.013,1.809,1.572,16750,23167,0,36,33,33,1273000,34824,29,31,0
852,0.817,0.388,0.017,1.222,2.000,16750,23167,0,36,33,33,1273000,34824,29,31,0
853,0.747,0.345,0.011,1.104,1.399,16750,23167,0,36,33,33,1273000,34824,29,31,0
854,0.779,4.343,0.012,5.134,1.270,16750,23167,0,36,33,33,1273000,34824,29,31,0
855,0.773,12.440,0.012,13.226,5.315,16750,23167,0,36,33,33,1273000,34824,29,31,0
856,0.904,7.120,0.021,8.044,13.450,16750,23167,0,36,33,33,1273000,34824,29,31,0
857,0.942,0.509,0.021,1.472,8.264,16750,23167,0,36,33,33,1273000,34824,29,31,0
858,0.940,0.454,0.019,1.412,1.671,16750,23167,0,36,33,33,1273000,34824,29,31,0
859,0.782,0.367,0.011,1.161,1.609,16750,23167,0,36,33,33,1273000,34824,29,31,0
860,0.817,0.401,0.017,1.235,1.332,16750,23167,0,36,33,33,1273000,34824,29,31,0
861,0.775,0.350,0.020,1.145,1.408,16750,23167,0,36,33,33,1273000,34824,29,31,0
862,0.759,4.935,0.018,5.713,1.309,16750,23167,0,36,33,33,1273000,34824,29,31,0
863,0.766,10.824,0.017,11.606,5.895,16750,23167,0,36,33,33,1273000,34824,29,31,0
864,0.793,6.898,0.013,7.705,11.807,16750,23167,0,36,33,33,1273000,34824,29,31,0
865,0.824,0.591,0.019,1.434,7.900,16750,23167,0,36,33,33,1273000,34824,29,31,0
866,0.918,0.396,0.019,1.333,1.650,16750,23167,0,36,33,33,1273000,34824,29,31,0
867,0.809,0.369,0.011,1.189,1.516,16750,23167,0,36,33,33,1273000,34824,29,31,0
868,0.791,0.397,0.018,1.206,1.353,16750,23167,0,36,33,33,1273000,34824,29,31,0
869,0.774,5.178,0.010,5.963,1.387,16750,23167,0,36,33,33,1273000,34824,29,31,0
870,0.825,12.121,0.028,12.975,6.146,16750,23167,0,36,33,33,1273000,34824,29,31,0
871,0.784,7.261,0.013,8.058,13.188,16750,23167,0,36,33,33,1273000,34824,29,31,0
872,0.937,0.413,0.018,1.367,8.294,16750,23167,0,36,33,33,1273000,34824,29,31,0
873,0.859,0.363,0.011,1.233,1.570,16750,23167,0,36,33,33,1273000,34824,29,31,0
874,0.773,0.766,0.014,1.553,1.420,16750,23167,0,36,33,33,1273000,34824,29,31,0
875,0.792,2.868,0.013,3.673,1.738,16750,23167,0,36,33,33,1273000,34824,29,31,0
876,0.775,4.696,0.009,5.481,3.855,16750,23167,0,36,33,33,1273000,34824,29,31,0
877,0.787,10.565,0.022,11.374,5.588,16750,23167,0,36,33,33,1273000,34824,29,31,0
878,0.909,6.651,0.020,7.580,11.585,16750,23167,0,36,33,33,1273000,34824,29,31,0
879,1.087,6.739,0.020,7.846,7.793,16750,23167,0,36,33,33,1273000,34824,29,31,0
880,0.868,7.005,0.011,7.884,8.073,16750,23167,0,36,33,33,1273000,34824,29,31,0
881,1.016,7.305,0.021,8.341,8.107,16750,23167,0,36,33,33,1273000,34824,29,31,0
882,0.885,6.858,0.053,7.796,8.564,16750,23167,0,36,33,33,1273000,34824,29,31,0
883,1.035,0.446,0.014,1.496,8.006,16750,23167,0,36,33,33,1273000,34824,29,31,0
884,0.905,0.430,0.021,1.355,1.716,16750,23167,0,36,33,33,1273000,34824,29,31,0
885,0.886,0.418,0.011,1.314,1.550,16750,23167,0,36,33,33,1273000,34824,29,31,0
886,0.880,0.393,0.018,1.291,1.512,16750,23167,0,36,33,33,1273000,34824,29,31,0
887,0.895,9.474,0.018,10.388,1.495,16750,23167,0,36,33,33,1273000,34824,29,31,0
888,0.916,7.598,0.037,8.551,10.613,16750,23167,0,36,33,33,1273000,34824,29,31,0
889,1.031,6.537,0.019,7.587,8.763,16750,23167,0,36,33,33,1273000,34824,29,31,0
890,1.209,0.495,0.013,1.717,7.867,16750,23167,0,36,33,33,1273000,34824,29,31,0
891,1.061,0.408,0.016,1.486,1.968,16750,23167,0,36,33,33,1273000,34824,29,31,0
892,0.901,0.429,0.015,1.345,1.707,16750,23167,0,36,33,33,1273000,34824,29,31,0
893,0.886,0.414,0.017,1.316,1.547,16750,23167,0,36,33,33,1273000,34824,29,31,0
894,0.881,0.392,0.016,1.289,1.529,16750,23167,0,36,33,33,1273000,34824,29,31,0
895,1.123,1.609,0.011,2.743,1.490,16750,23167,0,36,33,33,1273000,34824,29,31,0
896,0.775,13.181,0.015,13.971,2.920,16750,23167,0,36,33,33,1273000,34824,29,31,0
897,1.093,6.744,0.015,7.853,14.229,16750,23167,0,36,33,33,1273000,34824,29,31,0
898,0.907,0.483,0.021,1.411,8.076,16750,23167,0,36,33,33,1273000,34824,29,31,0
899,0.924,0.465,0.020,1.408,1.623,16750,23167,0,36,33,33,1273000,34824,29,31,0
900,0.997,0.530,32.912,34.439,1.603,16750,23167,0,36,33,33,1273000,34824,29,31,0
901,0.859,0.330,0.015,1.204,34.571,16750,23167,0,36,33,33,1273000,34824,29,31,0
902,0.558,9.181,0.008,9.748,1.328,16750,23167,0,36,33,33,1273000,34824,29,31,0
903,0.563,0.278,0.007,0.848,9.899,16750,23167,0,36,33,33,1273000,34824,29,31,0
904,0.818,1.192,0.011,2.022,0.975,16750,23167,0,36,33,33,1273000,34824,29,31,0
905,0.581,5.153,0.012,5.746,2.169,16750,23167,0,36,33,33,1273000,34824,29,31,0
906,0.876,0.649,0.011,1.536,5.888,16750,23167,0,36,33,33,1273000,34824,29,31,0
907,0.637,0.572,0.011,1.221,1.663,16750,23167,0,36,33,33,1273000,34824,29,31,0
908,0.576,0.322,0.012,0.910,1.354,16750,23167,0,36,33,33,1273000,34824,29,31,0
909,0.607,0.335,0.014,0.956,1.037,16750,23167,0,36,33,33,1273000,34824,29,31,0
910,0.590,0.288,0.009,0.887,1.087,16750,23167,0,36,33,33,1273000,34824,29,31,0
911,0.574,0.283,0.010,0.866,1.015,16750,23167,0,36,33,33,1273000,34824,29,31,0
912,0.557,0.663,0.008,1.228,0.994,16750,23167,0,36,33,33,1273000,34824,29,31,0
913,0.872,0.305,0.010,1.186,1.363,16750,23167,0,36,33,33,1273000,34824,29,31,0
914,0.643,0.366,0.014,1.023,1.316,16750,23167,0,36,33,33,1273000,34824,29,31,0
915,0.578,0.355,0.008,0.941,1.147,16750,23167,0,36,33,33,1273000,34824,29,31,0
916,0.614,2.502,0.010,3.126,1.064,16750,23167,0,36,33,33,1273000,34824,29,31,0
917,0.531,4.647,0.011,5.189,3.252,16750,23167,0,36,33,33,1273000,34824,29,31,0
918,0.897,3.610,0.014,4.521,5.330,16750,23167,0,36,33,33,1273000,34824,29,31,0
919,0.577,7.532,0.007,8.116,4.653,16750,23167,0,36,33,33,1273000,34824,29,31,0
920,0.572,0.605,0.009,1.186,8.260,16750,23167,0,36,33,33,1273000,34824,29,31,0
921,0.630,2.392,0.008,3.029,1.320,16750,23167,0,36,33,33,1273000,34824,29,31,0
922,0.567,0.649,0.010,1.226,3.165,16750,23167,0,36,33,33,1273000,34824,29,31,0
923,0.736,1.394,0.011,2.140,1.353,16750,23167,0,36,33,33,1273000,34824,29,31,0
924,0.586,0.812,0.011,1.409,2.278,16750,23167,0,36,33,33,1273000,34824,29,31,0
925,0.596,1.362,0.007,1.965,1.546,16750,23167,0,36,33,33,1273000,34824,29,31,0
926,0.611,0.539,0.009,1.160,2.099,16750,23167,0,36,33,33,1273000,34824,29,31,0
927,0.947,1.105,0.009,2.061,1.301,16750,23167,0,36,33,33,1273000,34824,29,31,0
928,0.657,4.325,0.009,4.991,2.206,16750,23167,0,36,33,33,1273000,34824,29,31,0
929,0.625,12.329,0.012,12.965,5.139,16750,23167,0,36,33,33,1273000,34824,29,31,0
930,0.926,6.867,0.011,7.804,13.113,16750,23167,0,36,33,33,1273000,34824,29,31,0
931,0.638,0.584,0.012,1.234,7.951,16750,23167,0,36,33,33,1273000,34824,29,31,0
932,0.635,1.302,0.007,1.944,1.378,16750,23167,0,36,33,33,1273000,34824,29,31,0
933,0.830,0.290,0.011,1.131,2.073,16750,23167,0,36,33,33,1273000,34824,29,31,0
934,0.674,1.772,0.010,2.456,1.276,16750,23167,0,36,33,33,1273000,34824,29,31,0
935,0.628,4.634,0.012,5.274,2.599,16750,23167,0,36,33,33,1273000,34824,29,31,0
936,0.749,11.796,0.014,12.559,5.420,16750,23167,0,36,33,33,1273000,34824,29,31,0
937,0.628,7.152,0.013,7.792,12.700,16750,23167,0,36,33,33,1273000,34824,29,31,0
938,0.553,0.598,0.010,1.161,7.916,16750,23167,0,36,33,33,1273000,34824,29,31,0
939,0.590,1.708,0.017,2.315,1.290,16750,23167,0,36,33,33,1273000,34824,29,31,0
940,0.578,0.798,0.012,1.388,2.444,16750,23167,0,36,33,33,1273000,34824,29,31,0
941,0.611,1.409,0.010,2.031,1.512,16750,23167,0,36,33,33,1273000,34824,29,31,0
942,0.593,3.327,0.013,3.933,2.153,16750,23167,0,36,33,33,1273000,34824,29,31,0
943,0.546,13.404,0.013,13.963,4.059,16750,23167,0,36,33,33,1273000,34824,29,31,0
944,0.613,7.193,0.012,7.819,14.096,16750,23167,0,36,33,33,1273000,34824,29,31,0
945,0.610,0.812,0.014,1.435,7.969,16750,23167,0,36,33,33,1273000,34824,29,31,0
946,0.644,1.384,0.012,2.040,1.579,16750,23167,0,36,33,33,1273000,34824,29,31,0
947,0.587,0.492,0.016,1.095,2.176,16750,23167,0,36,33,33,1273000,34824,29,31,0
948,0.600,1.464,0.011,2.076,1.235,16750,23167,0,36,33,33,1273000,34824,29,31,0
949,0.645,2.968,0.023,3.636,2.219,16750,23167,0,36,33,33,1273000,34824,29,31,0
950,0.620,13.765,0.011,14.396,3.789,16750,23167,0,36,33,33,1273000,34824,29,31,0
951,0.674,7.000,0.010,7.684,14.543,16750,23167,0,36,33,33,1273000,34824,29,31,0
952,0.634,0.921,0.012,1.567,7.868,16750,23167,0,36,33,33,1273000,34824,29,31,0
953,0.654,1.573,0.009,2.236,1.720,16750,23167,0,36,33,33,1273000,34824,29,31,0
954,0.658,0.512,0.015,1.184,2.376,16750,23167,0,36,33,33,1273000,34824,29,31,0
955,0.630,1.685,0.014,2.329,1.324,16750,23167,0,36,33,33,1273000,34824,29,31,0
956,0.668,3.316,0.013,3.997,2.473,16750,23167,0,36,33,33,1273000,34824,29,31,0
957,0.923,11.958,0.010,12.891,4.143,16750,23167,0,36,33,33,1273000,34824,29,31,0
958,0.614,7.491,0.016,8.121,13.045,16750,23167,0,36,33,33,1273000,34824,29,31,0
959,0.656,0.304,0.011,0.971,8.286,16750,23167,0,36,33,33,1273000,34824,29,31,0
960,20.893,0.789,0.013,21.695,5.438,16644,23067,0,36,33,33,1264944,33984,29,31,0
961,1.242,0.247,0.008,1.496,21.803,16644,23067,0,36,33,33,1264944,33984,29,31,0
962,3.600,0.483,0.010,4.093,1.596,16644,23067,0,36,33,33,1264944,33984,29,31,0
963,0.456,0.740,0.010,1.205,4.202,16644,23067,0,36,33,33,1264944,33984,29,31,0
964,0.451,6.580,0.009,7.041,1.323,16644,23067,0,36,33,33,1264944,33984,29,31,0
965,0.422,7.916,0.007,8.345,7.142,16644,23067,0,36,33,33,1264944,33984,29,31,0
966,0.448,7.646,0.007,8.100,8.446,16644,23067,0,36,33,33,1264944,33984,29,31,0
967,0.466,7.792,0.012,8.270,8.211,16644,23067,0,36,33,33,1264944,33984,29,31,0
968,0.518,0.641,0.012,1.171,8.373,16644,23067,0,36,33,33,1264944,33984,29,31,0
969,0.498,0.410,0.093,1.002,1.276,16644,23067,0,36,33,33,1264944,33984,29,31,0
970,0.692,0.427,0.010,1.130,1.149,16644,23067,0,36,33,33,1264944,33984,29,31,0
971,0.587,2.574,0.011,3.171,1.243,16644,23067,0,36,33,33,1264944,33984,29,31,0
972,0.544,0.810,0.011,1.365,3.287,16644,23067,0,36,33,33,1264944,33984,29,31,0
973,0.492,3.274,0.009,3.775,1.470,16644,23067,0,36,33,33,1264944,33984,29,31,0
974,0.509,12.401,0.010,12.921,3.890,16644,23067,0,36,33,33,1264944,33984,29,31,0
975,0.527,7.391,0.015,7.933,13.030,16644,23067,0,36,33,33,1264944,33984,29,31,0
976,0.545,0.488,0.012,1.045,8.054,16644,23067,0,36,33,33,1264944,33984,29,31,0
977,0.541,0.294,0.009,0.844,1.163,16644,23067,0,36,33,33,1264944,33984,29,31,0
978,0.558,0.299,0.012,0.870,0.960,16644,23067,0,36,33,33,1264944,33984,29,31,0
979,0.536,1.163,0.010,1.709,0.974,16644,23067,0,36,33,33,1264944,33984,29,31,0
980,0.587,2.856,0.010,3.453,1.817,16644,23067,0,36,33,33,1264944,33984,29,31,0
981,0.535,2.729,0.010,3.275,3.581,16644,23067,0,36,33,33,1264944,33984,29,31,0
982,0.590,12.637,0.012,13.239,3.399,16644,23067,0,36,33,33,1264944,33984,29,31,0
983,0.590,7.627,0.008,8.225,13.373,16644,23067,0,36,33,33,1264944,33984,29,31,0
984,0.594,0.488,0.011,1.093,8.353,16644,23067,0,36,33,33,1264944,33984,29,31,0
985,0.607,0.312,0.009,0.927,1.219,16644,23067,0,36,33,33,1264944,33984,29,31,0
986,0.609,0.301,0.011,0.921,1.056,16644,23067,0,36,33,33,1264944,33984,29,31,0
987,0.601,3.038,0.012,3.651,1.032,16644,23067,0,36,33,33,1264944,33984,29,31,0
988,0.593,0.280,0.011,0.884,3.795,16644,23067,0,36,33,33,1264944,33984,29,31,0
989,0.570,2.956,0.011,3.536,1.012,16644,23067,0,36,33,33,1264944,33984,29,31,0
990,0.609,12.619,0.014,13.243,3.670,16644,23067,0,36,33,33,1264944,33984,29,31,0
991,0.643,7.365,0.012,8.021,13.397,16644,23067,0,36,33,33,1264944,33984,29,31,0
992,0.617,0.585,0.012,1.214,8.175,16644,23067,0,36,33,33,1264944,33984,29,31,0
993,0.648,0.325,0.013,0.986,1.355,16644,23067,0,36,33,33,1264944,33984,29,31,0
994,0.640,0.311,0.016,0.967,1.125,16644,23067,0,36,33,33,1264944,33984,29,31,0
995,0.631,0.335,0.013,0.979,1.083,16644,23067,0,36,33,33,1264944,33984,29,31,0
996,0.627,11.446,0.011,12.084,1.107,16644,23067,0,36,33,33,1264944,33984,29,31,0
997,0.652,7.624,0.011,8.286,12.228,16644,23067,0,36,33,33,1264944,33984,29,31,0
998,0.907,7.111,0.025,8.042,8.429,16644,23067,0,36,33,33,1264944,33984,29,31,0
999,0.756,0.334,0.014,1.104,8.207,16644,23067,0,36,33,33,1264944,33984,29,31,0
1000,0.718,0.346,0.009,1.073,1.254,16644,23067,0,36,33,33,1264944,33984,29,31,0
1001,0.863,0.316,0.039,1.217,1.227,16644,23067,0,36,33,33,1264944,33984,29,31,0
1002,0.646,0.322,0.010,0.978,1.343,16644,23067,0,36,33,33,1264944,33984,29,31,0
1003,0.646,11.029,0.012,11.687,1.103,16644,23067,0,36,33,33,1264944,33984,29,31,0
1004,0.919,7.224,0.012,8.155,11.832,16644,23067,0,36,33,33,1264944,33984,29,31,0
1005,0.918,7.018,0.017,7.953,8.317,16644,23067,0,36,33,33,1264944,33984,29,31,0
1006,0.907,0.306,0.012,1.225,8.118,16644,23067,0,36,33,33,1264944,33984,29,31,0
1007,0.729,0.369,0.020,1.118,1.371,16644,23067,0,36,33,33,1264944,33984,29,31,0
1008,0.686,0.370,0.016,1.073,1.279,16644,23067,0,36,33,33,1264944,33984,29,31,0
1009,0.716,0.378,0.016,1.110,1.223,16644,23067,0,36,33,33,1264944,33984,29,31,0
1010,0.741,2.398,0.014,3.152,1.258,16644,23067,0,36,33,33,1264944,33984,29,31,0
1011,0.698,2.564,0.011,3.272,3.315,16644,23067,0,36,33,33,1264944,33984,29,31,0
1012,0.724,12.587,0.013,13.324,3.432,16644,23067,0,36,33,33,1264944,33984,29,31,0
1013,0.989,6.802,0.008,7.799,13.473,16644,23067,0,36,33,33,1264944,33984,29,31,0
1014,0.697,0.535,0.015,1.247,7.953,16644,23067,0,36,33,33,1264944,33984,29,31,0
1015,0.944,0.312,0.009,1.265,1.410,16644,23067,0,36,33,33,1264944,33984,29,31,0
1016,0.710,0.360,0.009,1.079,1.442,16644,23067,0,36,33,33,1264944,33984,29,31,0
1017,0.711,0.726,0.013,1.449,1.229,16644,23067,0,36,33,33,1264944,33984,29,31,0
1018,0.670,10.612,0.015,11.297,1.602,16644,23067,0,36,33,33,1264944,33984,29,31,0
1019,1.003,7.282,0.017,8.302,11.457,16644,23067,0,36,33,33,1264944,33984,29,31,0
1020,0.809,6.866,0.012,7.686,8.480,16644,23067,0,36,33,33,1264944,33984,29,31,0
1021,0.931,0.332,0.014,1.277,7.858,16644,23067,0,36,33,33,1264944,33984,29,31,0
1022,0.805,0.444,0.010,1.259,1.446,16644,23067,0,36,33,33,1264944,33984,29,31,0
1023,0.804,0.385,0.015,1.203,1.443,16644,23067,0,36,33,33,1264944,33984,29,31,0
1024,0.826,11.738,0.025,12.589,1.369,16644,23067,0,36,33,33,1264944,33984,29,31,0
1025,0.806,7.774,0.015,8.596,12.773,16644,23067,0,36,33,33,1264944,33984,29,31,0
1026,0.973,6.420,0.013,7.406,8.796,16644,23067,0,36,33,33,1264944,33984,29,31,0
1027,1.096,0.419,0.018,1.533,7.623,16644,23067,0,36,33,33,1264944,33984,29,31,0
1028,0.934,0.439,0.014,1.387,1.737,16644,23067,0,36,33,33,1264944,33984,29,31,0
1029,0.808,2.280,0.020,3.109,1.548,16644,23067,0,36,33,33,1264944,33984,29,31,0
1030,0.829,0.637,0.018,1.483,3.308,16644,23067,0,36,33,33,1264944,33984,29,31,0
1031,0.828,3.049,0.010,3.888,1.663,16644,23067,0,36,33,33,1264944,33984,29,31,0
1032,0.994,11.692,0.015,12.701,4.081,16644,23067,0,36,33,33,1264944,33984,29,31,0
1033,0.790,7.027,0.011,7.828,12.892,16644,23067,0,36,33,33,1264944,33984,29,31,0
1034,1.077,0.452,0.014,1.542,8.016,16644,23067,0,36,33,33,1264944,33984,29,31,0
1035,0.882,0.406,0.023,1.310,1.749,16644,23067,0,36,33,33,1264944,33984,29,31,0
1036,0.814,0.418,0.013,1.245,1.480,16644,23067,0,36,33,33,1264944,33984,29,31,0
1037,0.830,2.515,0.018,3.363,1.413,16644,23067,0,36,33,33,1264944,33984,29,31,0
1038,0.796,3.296,0.010,4.101,3.530,16644,23067,0,36,33,33,1264944,33984,29,31,0
1039,1.001,11.674,0.015,12.689,4.289,16644,23067,0,36,33,33,1264944,33984,29,31,0
1040,0.956,6.901,0.018,7.874,12.886,16644,23067,0,36,33,33,1264944,33984,29,31,0
1041,0.935,0.413,0.017,1.365,8.087,16644,23067,0,36,33,33,1264944,33984,29,31,0
1042,0.824,0.427,0.014,1.266,1.564,16644,23067,0,36,33,33,1264944,33984,29,31,0
1043,0.780,0.414,0.014,1.208,1.434,16644,23067,0,36,33,33,1264944,33984,29,31,0
1044,0.877,2.780,0.012,3.669,1.373,16644,23067,0,36,33,33,1264944,33984,29,31,0
1045,0.793,3.188,0.015,3.997,3.855,16644,23067,0,36,33,33,1264944,33984,29,31,0
1046,0.977,11.739,0.013,12.728,4.176,16644,23067,0,36,33,33,1264944,33984,29,31,0
1047,1.097,6.722,0.012,7.832,12.941,16644,23067,0,36,33,33,1264944,33984,29,31,0
1048,1.144,0.409,0.014,1.567,8.047,16644,23067,0,36,33,33,1264944,33984,29,31,0
1049,0.958,0.641,0.017,1.616,1.777,16644,23067,0,36,33,33,1264944,33984,29,31,0
1050,0.988,0.614,0.019,1.621,1.819,16644,23067,0,36,33,33,1264944,33984,29,31,0
1051,0.887,1.447,0.016,2.351,1.831,16644,23067,0,36,33,33,1264944,33984,29,31,0
1052,0.790,3.338,0.014,4.141,2.528,16644,23067,0,36,33,33,1264944,33984,29,31,0
1053,0.842,11.932,0.017,12.791,4.369,16644,23067,0,36,33,33,1264944,33984,29,31,0
1054,0.923,6.786,0.014,7.723,12.998,16644,23067,0,36,33,33,1264944,33984,29,31,0
1055,1.065,0.375,0.016,1.455,7.952,16644,23067,0,36,33,33,1264944,33984,29,31,0
1056,0.938,0.443,0.018,1.399,1.662,16644,23067,0,36,33,33,1264944,33984,29,31,0
1057,0.910,0.683,0.012,1.604,1.608,16644,23067,0,36,33,33,1264944,33984,29,31,0
1058,0.948,0.477,0.024,1.449,1.809,16644,23067,0,36,33,33,1264944,33984,29,31,0
1059,0.825,9.026,0.017,9.867,1.652,16644,23067,0,36,33,33,1264944,33984,29,31,0
1060,1.007,7.781,0.015,8.803,10.055,16644,23067,0,36,33,33,1264944,33984,29,31,0
1061,1.138,6.237,0.016,7.390,9.022,16644,23067,0,36,33,33,1264944,33984,29,31,0
1062,0.916,0.377,0.013,1.306,7.601,16644,23067,0,36,33,33,1264944,33984,29,31,0
1063,0.899,0.451,0.038,1.388,1.497,16644,23067,0,36,33,33,1264944,33984,29,31,0
1064,1.000,1.712,0.016,2.728,1.579,16644,23067,0,36,33,33,1264944,33984,29,31,0
1065,0.868,1.188,0.011,2.067,2.922,16644,23067,0,36,33,33,1264944,33984,29,31,0
1066,0.840,6.041,0.018,6.899,2.239,16644,23067,0,36,33,33,1264944,33984,29,31,0
1067,0.925,9.227,0.017,10.169,7.115,16644,23067,0,36,33,33,1264944,33984,29,31,0
1068,0.921,6.482,0.021,7.425,10.376,16644,23067,0,36,33,33,1264944,33984,29,31,0
1069,1.101,6.698,0.017,7.815,7.644,16644,23067,0,36,33,33,1264944,33984,29,31,0
1070,0.991,7.400,0.018,8.409,8.028,16644,23067,0,36,33,33,1264944,33984,29,31,0
1071,1.158,7.180,0.034,8.372,8.666,16644,23067,0,36,33,33,1264944,33984,29,31,0
1072,1.124,6.716,0.026,7.867,8.649,16644,23067,0,36,33,33,1264944,33984,29,31,0
1073,1.123,0.494,0.025,1.642,8.141,16644,23067,0,36,33,33,1264944,33984,29,31,0
1074,1.126,0.586,0.019,1.731,1.881,16644,23067,0,36,33,33,1264944,33984,29,31,0
1075,1.123,1.615,0.019,2.757,1.989,16644,23067,0,36,33,33,1264944,33984,29,31,0
1076,0.951,0.466,0.022,1.439,2.974,16644,23067,0,36,33,33,1264944,33984,29,31,0
1077,1.033,1.615,0.024,2.672,1.633,16644,23067,0,36,33,33,1264944,33984,29,31,0
1078,0.982,12.888,0.022,13.892,2.882,16644,23067,0,36,33,33,1264944,33984,29,31,0
1079,1.043,6.499,0.023,7.565,14.128,16644,23067,0,36,33,33,1264944,33984,29,31,0
1080,1.153,0.497,111.350,113.000,7.836,16644,23067,0,36,33,33,1264944,33984,29,31,0
1081,0.490,0.303,0.009,0.802,113.099,16644,23067,0,36,33,33,1264944,33984,29,31,0
1082,0.515,9.590,0.010,10.116,0.905,16644,23067,0,36,33,33,1264944,33984,29,31,0
1083,0.504,7.755,0.009,8.268,10.224,16644,23067,0,36,33,33,1264944,33984,29,31,0
1084,0.515,0.661,0.012,1.188,8.374,16644,23067,0,36,33,33,1264944,33984,29,31,0
1085,0.512,0.297,0.011,0.820,1.303,16644,23067,0,36,33,33,1264944,33984,29,31,0
1086,0.487,4.093,0.009,4.589,0.915,16644,23067,0,36,33,33,1264944,33984,29,31,0
1087,0.520,0.748,0.010,1.277,4.699,16644,23067,0,36,33,33,1264944,33984,29,31,0
1088,0.485,3.429,0.009,3.923,1.371,16644,23067,0,36,33,33,1264944,33984,29,31,0
1089,0.496,12.300,0.010,12.806,4.037,16644,23067,0,36,33,33,1264944,33984,29,31,0
1090,0.505,7.329,0.011,7.844,12.931,16644,23067,0,36,33,33,1264944,33984,29,31,0
1091,0.824,0.283,0.010,1.117,7.961,16644,23067,0,36,33,33,1264944,33984,29,31,0
1092,0.556,0.321,0.009,0.886,1.225,16644,23067,0,36,33,33,1264944,33984,29,31,0
1093,0.576,0.311,0.011,0.898,0.992,16644,23067,0,36,33,33,1264944,33984,29,31,0
1094,0.501,3.255,0.012,3.768,0.998,16644,23067,0,36,33,33,1264944,33984,29,31,0
1095,0.543,0.630,0.012,1.185,3.886,16644,23067,0,36,33,33,1264944,33984,29,31,0
1096,0.489,3.741,0.008,4.239,1.294,16644,23067,0,36,33,33,1264944,33984,29,31,0
1097,0.541,11.891,0.007,12.438,4.359,16644,23067,0,36,33,33,1264944,33984,29,31,0
1098,0.821,7.070,0.013,7.903,12.558,16644,23067,0,36,33,33,1264944,33984,29,31,0
1099,0.854,0.274,0.014,1.142,8.028,16644,23067,0,36,33,33,1264944,33984,29,31,0
1100,0.569,0.298,0.010,0.877,1.259,16644,23067,0,36,33,33,1264944,33984,29,31,0
1101,0.572,0.343,0.010,0.926,0.983,16644,23067,0,36,33,33,1264944,33984,29,31,0
1102,0.562,2.453,0.011,3.026,1.032,16644,23067,0,36,33,33,1264944,33984,29,31,0
1103,0.624,1.587,0.010,2.222,3.168,16644,23067,0,36,33,33,1264944,33984,29,31,0
1104,0.533,3.637,0.008,4.178,2.351,16644,23067,0,36,33,33,1264944,33984,29,31,0
1105,0.837,11.596,0.010,12.443,4.297,16644,23067,0,36,33,33,1264944,33984,29,31,0
1106,0.910,6.945,0.007,7.863,12.576,16644,23067,0,36,33,33,1264944,33984,29,31,0
1107,0.585,0.594,0.010,1.189,7.995,16644,23067,0,36,33,33,1264944,33984,29,31,0
1108,0.724,0.317,0.012,1.053,1.323,16644,23067,0,36,33,33,1264944,33984,29,31,0
1109,0.611,0.306,0.011,0.928,1.178,16644,23067,0,36,33,33,1264944,33984,29,31,0
1110,0.605,0.381,0.015,1.001,1.047,16644,23067,0,36,33,33,1264944,33984,29,31,0
1111,0.638,0.347,0.010,0.996,1.124,16644,23067,0,36,33,33,1264944,33984,29,31,0
1112,0.617,1.512,0.013,2.142,1.114,16644,23067,0,36,33,33,1264944,33984,29,31,0
1113,0.600,3.001,0.009,3.610,2.261,16644,23067,0,36,33,33,1264944,33984,29,31,0
1114,0.586,12.807,0.018,13.412,3.748,16644,23067,0,36,33,33,1264944,33984,29,31,0
1115,0.913,6.846,0.012,7.770,13.539,16644,23067,0,36,33,33,1264944,33984,29,31,0
1116,0.636,0.414,0.013,1.062,7.910,16644,23067,0,36,33,33,1264944,33984,29,31,0
1117,0.664,0.356,0.013,1.033,1.204,16644,23067,0,36,33,33,1264944,33984,29,31,0
1118,0.748,0.360,0.011,1.119,1.173,16644,23067,0,36,33,33,1264944,33984,29,31,0
1119,0.618,0.314,0.008,0.940,1.258,16644,23067,0,36,33,33,1264944,33984,29,31,0
1120,0.601,0.412,0.013,1.026,1.059,16644,23067,0,36,33,33,1264944,33984,29,31,0
1121,0.635,1.501,0.013,2.149,1.148,16644,23067,0,36,33,33,1264944,33984,29,31,0
1122,0.578,2.676,0.009,3.263,2.278,16644,23067,0,36,33,33,1264944,33984,29,31,0
1123,0.892,12.742,0.010,13.644,3.395,16644,23067,0,36,33,33,1264944,33984,29,31,0
1124,0.621,7.202,0.011,7.834,13.800,16644,23067,0,36,33,33,1264944,33984,29,31,0
1125,0.622,0.394,0.010,1.026,7.972,16644,23067,0,36,33,33,1264944,33984,29,31,0
1126,0.646,0.316,0.008,0.970,1.164,16644,23067,0,36,33,33,1264944,33984,29,31,0
1127,0.657,0.330,0.010,0.997,1.103,16644,23067,0,36,33,33,1264944,33984,29,31,0
1128,0.634,0.302,0.008,0.944,1.129,16644,23067,0,36,33,33,1264944,33984,29,31,0
1129,0.655,0.361,0.013,1.030,1.066,16644,23067,0,36,33,33,1264944,33984,29,31,0
1130,0.644,0.305,0.017,0.965,1.170,16644,23067,0,36,33,33,1264944,33984,29,31,0
1131,0.629,2.876,0.015,3.519,1.095,16644,23067,0,36,33,33,1264944,33984,29,31,0
1132,0.591,14.355,0.012,14.958,3.665,16644,23067,0,36,33,33,1264944,33984,29,31,0
1133,0.636,7.097,0.011,7.744,15.096,16644,23067,0,36,33,33,1264944,33984,29,31,0
1134,0.610,0.760,0.017,1.387,7.878,16644,23067,0,36,33,33,1264944,33984,29,31,0
1135,0.647,1.500,0.010,2.157,1.531,16644,23067,0,36,33,33,1264944,33984,29,31,0
1136,0.643,0.352,0.010,1.006,2.294,16644,23067,0,36,33,33,1264944,33984,29,31,0
1137,0.669,1.340,0.012,2.021,1.141,16644,23067,0,36,33,33,1264944,33984,29,31,0
1138,0.678,4.378,0.011,5.066,2.164,16644,23067,0,36,33,33,1264944,33984,29,31,0
1139,0.656,12.311,0.011,12.978,5.207,16644,23067,0,36,33,33,1264944,33984,29,31,0
1140,11.320,1.175,0.012,12.507,8.373,16750,23167,0,36,33,33,1273000,34824,29,31,0
1141,1.320,0.309,0.008,1.638,12.631,16750,23167,0,36,33,33,1273000,34824,29,31,0
1142,3.950,0.275,0.009,4.234,1.757,16750,23167,0,36,33,33,1273000,34824,29,31,0
1143,0.460,5.596,0.010,6.067,4.353,16750,23167,0,36,33,33,1273000,34824,29,31,0
1144,0.458,8.697,0.009,9.164,6.170,16750,23167,0,36,33,33,1273000,34824,29,31,0
1145,0.469,8.009,0.008,8.486,9.272,16750,23167,0,36,33,33,1273000,34824,29,31,0
1146,0.460,6.306,0.009,6.776,8.602,16750,23167,0,36,33,33,1273000,34824,29,31,0
1147,0.506,8.043,0.008,8.556,6.897,16750,23167,0,36,33,33,1273000,34824,29,31,0
1148,0.505,7.855,0.008,8.368,8.700,16750,23167,0,36,33,33,1273000,34824,29,31,0
1149,0.533,0.269,0.008,0.810,8.504,16750,23167,0,36,33,33,1273000,34824,29,31,0
1150,0.549,0.694,0.008,1.251,0.923,16750,23167,0,36,33,33,1273000,34824,29,31,0
1151,0.524,1.546,0.010,2.080,1.374,16750,23167,0,36,33,33,1273000,34824,29,31,0
1152,0.568,0.634,0.008,1.210,2.202,16750,23167,0,36,33,33,1273000,34824,29,31,0
1153,0.558,1.377,0.008,1.943,1.331,16750,23167,0,36,33,33,1273000,34824,29,31,0
1154,0.533,4.622,0.010,5.165,2.072,16750,23167,0,36,33,33,1273000,34824,29,31,0
1155,0.529,12.584,0.011,13.124,5.299,16750,23167,0,36,33,33,1273000,34824,29,31,0
1156,0.578,5.892,0.009,6.480,13.260,16750,23167,0,36,33,33,1273000,34824,29,31,0
1157,0.570,0.879,0.008,1.457,6.614,16750,23167,0,36,33,33,1273000,34824,29,31,0
1158,0.578,1.433,0.010,2.021,1.588,16750,23167,0,36,33,33,1273000,34824,29,31,0
1159,0.580,0.448,0.044,1.072,2.150,16750,23167,0,36,33,33,1273000,34824,29,31,0
1160,0.596,1.563,0.016,2.175,1.208,16750,23167,0,36,33,33,1273000,34824,29,31,0
1161,0.554,5.168,0.009,5.731,2.310,16750,23167,0,36,33,33,1273000,34824,29,31,0
1162,0.588,11.608,0.011,12.207,5.866,16750,23167,0,36,33,33,1273000,34824,29,31,0
1163,0.631,7.187,0.007,7.825,12.354,16750,23167,0,36,33,33,1273000,34824,29,31,0
1164,0.625,0.552,0.028,1.205,7.959,16750,23167,0,36,33,33,1273000,34824,29,31,0
1165,0.614,1.471,0.011,2.097,1.359,16750,23167,0,36,33,33,1273000,34824,29,31,0
1166,0.628,0.649,0.014,1.291,2.245,16750,23167,0,36,33,33,1273000,34824,29,31,0
1167,0.635,1.763,0.011,2.409,1.426,16750,23167,0,36,33,33,1273000,34824,29,31,0
1168,0.579,4.696,0.010,5.285,2.556,16750,23167,0,36,33,33,1273000,34824,29,31,0
1169,0.601,11.614,0.013,12.229,5.436,16750,23167,0,36,33,33,1273000,34824,29,31,0
1170,0.671,7.217,0.017,7.905,12.396,16750,23167,0,36,33,33,1273000,34824,29,31,0
1171,0.668,0.494,0.012,1.174,8.063,16750,23167,0,36,33,33,1273000,34824,29,31,0
1172,0.683,0.359,0.016,1.058,1.333,16750,23167,0,36,33,33,1273000,34824,29,31,0
1173,0.690,0.394,0.022,1.106,1.214,16750,23167,0,36,33,33,1273000,34824,29,31,0
1174,0.687,0.380,0.036,1.102,1.253,16750,23167,0,36,33,33,1273000,34824,29,31,0
1175,0.641,10.929,0.010,11.579,1.254,16750,23167,0,36,33,33,1273000,34824,29,31,0
1176,0.956,7.766,0.010,8.731,11.745,16750,23167,0,36,33,33,1273000,34824,29,31,0
1177,0.692,6.639,0.012,7.343,8.888,16750,23167,0,36,33,33,1273000,34824,29,31,0
1178,0.659,0.493,0.012,1.164,7.517,16750,23167,0,36,33,33,1273000,34824,29,31,0
1179,0.706,0.351,0.011,1.067,1.324,16750,23167,0,36,33,33,1273000,34824,29,31,0
1180,0.751,0.353,0.015,1.119,1.221,16750,23167,0,36,33,33,1273000,34824,29,31,0
1181,0.705,0.402,0.034,1.141,1.267,16750,23167,0,36,33,33,1273000,34824,29,31,0
1182,0.672,0.319,0.010,1.001,1.288,16750,23167,0,36,33,33,1273000,34824,29,31,0
1183,0.694,9.574,0.013,10.281,1.157,16750,23167,0,36,33,33,1273000,34824,29,31,0
1184,0.940,7.906,0.010,8.856,10.445,16750,23167,0,36,33,33,1273000,34824,29,31,0
1185,0.981,6.503,0.013,7.497,9.010,16750,23167,0,36,33,33,1273000,34824,29,31,0
1186,0.677,0.457,0.013,1.147,7.653,16750,23167,0,36,33,33,1273000,34824,29,31,0
1187,0.711,0.401,0.017,1.129,1.308,16750,23167,0,36,33,33,1273000,34824,29,31,0
1188,0.687,0.372,0.011,1.070,1.287,16750,23167,0,36,33,33,1273000,34824,29,31,0
1189,0.941,0.324,0.013,1.278,1.223,16750,23167,0,36,33,33,1273000,34824,29,31,0
1190,0.662,10.779,0.010,11.452,1.439,16750,23167,0,36,33,33,1273000,34824,29,31,0
1191,0.970,7.725,0.013,8.709,11.615,16750,23167,0,36,33,33,1273000,34824,29,31,0
1192,0.979,6.466,0.014,7.460,8.865,16750,23167,0,36,33,33,1273000,34824,29,31,0
1193,0.755,0.333,0.012,1.100,7.650,16750,23167,0,36,33,33,1273000,34824,29,31,0
1194,0.950,0.313,0.012,1.275,1.277,16750,23167,0,36,33,33,1273000,34824,29,31,0
1195,0.663,0.286,0.016,0.966,1.435,16750,23167,0,36,33,33,1273000,34824,29,31,0
1196,0.657,0.411,0.022,1.090,1.119,16750,23167,0,36,33,33,1273000,34824,29,31,0
1197,0.663,10.842,0.014,11.519,1.253,16750,23167,0,36,33,33,1273000,34824,29,31,0
1198,0.951,7.747,0.010,8.709,11.684,16750,23167,0,36,33,33,1273000,34824,29,31,0
1199,0.665,6.851,0.032,7.548,8.867,16750,23167,0,36,33,33,1273000,34824,29,31,0
1200,0.986,0.388,0.012,1.386,7.742,16750,23167,0,36,33,33,1273000,34824,29,31,0
1201,0.806,0.392,0.015,1.213,1.565,16750,23167,0,36,33,33,1273000,34824,29,31,0
1202,0.698,0.367,0.014,1.079,1.381,16750,23167,0,36,33,33,1273000,34824,29,31,0
1203,0.714,0.405,0.007,1.126,1.229,16750,23167,0,36,33,33,1273000,34824,29,31,0
1204,0.665,4.174,0.012,4.851,1.276,16750,23167,0,36,33,33,1273000,34824,29,31,0
1205,0.762,13.811,0.016,14.589,5.023,16750,23167,0,36,33,33,1273000,34824,29,31,0
1206,0.927,6.896,0.015,7.838,14.775,16750,23167,0,36,33,33,1273000,34824,29,31,0
1207,0.942,0.336,0.012,1.289,8.029,16750,23167,0,36,33,33,1273000,34824,29,31,0
1208,0.758,0.332,0.011,1.101,1.479,16750,23167,0,36,33,33,1273000,34824,29,31,0
1209,0.751,0.328,0.015,1.094,1.281,16750,23167,0,36,33,33,1273000,34824,29,31,0
1210,0.732,0.305,0.010,1.047,1.281,16750,23167,0,36,33,33,1273000,34824,29,31,0
1211,0.651,10.652,0.012,11.314,1.192,16750,23167,0,36,33,33,1273000,34824,29,31,0
1212,1.031,7.804,0.016,8.850,11.517,16750,23167,0,36,33,33,1273000,34824,29,31,0
1213,1.035,6.236,0.017,7.287,9.037,16750,23167,0,36,33,33,1273000,34824,29,31,0
1214,0.779,0.625,0.014,1.418,7.470,16750,23167,0,36,33,33,1273000,34824,29,31,0
1215,0.954,0.390,0.009,1.353,1.600,16750,23167,0,36,33,33,1273000,34824,29,31,0
1216,0.805,0.465,0.014,1.284,1.521,16750,23167,0,36,33,33,1273000,34824,29,31,0
1217,0.764,3.995,0.012,4.772,1.458,16750,23167,0,36,33,33,1273000,34824,29,31,0
1218,0.938,14.790,0.011,15.738,4.964,16750,23167,0,36,33,33,1273000,34824,29,31,0
1219,0.876,6.836,0.015,7.727,15.958,16750,23167,0,36,33,33,1273000,34824,29,31,0
1220,0.873,0.369,0.013,1.256,7.931,16750,23167,0,36,33,33,1273000,34824,29,31,0
1221,0.864,0.410,0.015,1.289,1.459,16750,23167,0,36,33,33,1273000,34824,29,31,0
1222,0.920,0.381,0.010,1.311,1.497,16750,23167,0,36,33,33,1273000,34824,29,31,0
1223,0.805,0.387,0.014,1.206,1.489,16750,23167,0,36,33,33,1273000,34824,29,31,0
1224,0.789,3.894,0.012,4.695,1.381,16750,23167,0,36,33,33,1273000,34824,29,31,0
1225,0.770,13.585,0.014,14.370,4.875,16750,23167,0,36,33,33,1273000,34824,29,31,0
1226,0.902,6.963,0.017,7.882,14.578,16750,23167,0,36,33,33,1273000,34824,29,31,0
1227,0.886,0.407,0.022,1.315,8.095,16750,23167,0,36,33,33,1273000,34824,29,31,0
1228,0.874,0.394,0.015,1.283,1.512,16750,23167,0,36,33,33,1273000,34824,29,31,0
1229,0.868,0.370,0.015,1.253,1.478,16750,23167,0,36,33,33,1273000,34824,29,31,0
1230,0.911,0.397,0.015,1.323,1.455,16750,23167,0,36,33,33,1273000,34824,29,31,0
1231,0.747,9.983,0.015,10.745,1.491,16750,23167,0,36,33,33,1273000,34824,29,31,0
1232,0.893,7.739,0.041,8.672,10.958,16750,23167,0,36,33,33,1273000,34824,29,31,0
1233,0.911,6.409,0.016,7.336,8.882,16750,23167,0,36,33,33,1273000,34824,29,31,0
1234,0.890,0.400,0.013,1.303,7.554,16750,23167,0,36,33,33,1273000,34824,29,31,0
1235,0.877,0.479,0.019,1.375,1.492,16750,23167,0,36,33,33,1273000,34824,29,31,0
1236,0.927,0.558,0.015,1.500,1.576,16750,23167,0,36,33,33,1273000,34824,29,31,0
1237,0.911,5.145,0.017,6.073,1.709,16750,23167,0,36,33,33,1273000,34824,29,31,0
1238,0.875,13.570,0.019,14.463,6.272,16750,23167,0,36,33,33,1273000,34824,29,31,0
1239,0.886,6.395,0.027,7.308,14.668,16750,23167,0,36,33,33,1273000,34824,29,31,0
1240,0.872,7.450,0.024,8.346,7.522,16750,23167,0,36,33,33,1273000,34824,29,31,0
1241,1.059,6.918,0.013,7.990,8.589,16750,23167,0,36,33,33,1273000,34824,29,31,0
1242,1.121,7.169,0.027,8.317,8.249,16750,23167,0,36,33,33,1273000,34824,29,31,0
1243,1.606,7.316,0.086,9.009,8.595,16750,23167,0,36,33,33,1273000,34824,29,31,0
1244,1.775,1.229,0.054,3.058,9.453,16750,23167,0,36,33,33,1273000,34824,29,31,0
1245,1.078,0.521,0.024,1.623,3.466,16750,23167,0,36,33,33,1273000,34824,29,31,0
1246,1.028,8.911,0.016,9.955,1.871,16750,23167,0,36,33,33,1273000,34824,29,31,0
1247,1.067,7.343,0.020,8.431,10.218,16750,23167,0,36,33,33,1273000,34824,29,31,0
1248,1.189,6.479,0.021,7.690,8.729,16750,23167,0,36,33,33,1273000,34824,29,31,0
1249,1.112,0.529,0.018,1.659,7.955,16750,23167,0,36,33,33,1273000,34824,29,31,0
1250,1.109,0.485,0.018,1.612,1.907,16750,23167,0,36,33,33,1273000,34824,29,31,0
1251,0.943,0.433,0.017,1.394,1.869,16750,23167,0,36,33,33,1273000,34824,29,31,0
1252,0.907,10.339,0.021,11.267,1.603,16750,23167,0,36,33,33,1273000,34824,29,31,0
1253,1.075,7.073,0.012,8.160,11.482,16750,23167,0,36,33,33,1273000,34824,29,31,0
1254,0.985,6.826,0.024,7.835,8.394,16750,23167,0,36,33,33,1273000,34824,29,31,0
1255,1.181,0.442,0.021,1.644,8.101,16750,23167,0,36,33,33,1273000,34824,29,31,0
1256,0.930,0.426,0.014,1.370,1.863,16750,23167,0,36,33,33,1273000,34824,29,31,0
1257,0.937,0.535,0.031,1.503,1.578,16750,23167,0,36,33,33,1273000,34824,29,31,0
1258,0.931,0.462,0.021,1.414,1.713,16750,23167,0,36,33,33,1273000,34824,29,31,0
1259,0.894,0.405,0.015,1.314,1.638,16750,23167,0,36,33,33,1273000,34824,29,31,0
1260,0.754,3.603,43.512,47.868,1.490,16750,23167,0,36,33,33,1273000,34824,29,31,0
1261,0.695,0.428,0.013,1.137,48.005,16750,23167,0,36,33,33,1273000,34824,29,31,0
1262,0.615,1.369,0.010,1.994,1.300,16750,23167,0,36,33,33,1273000,34824,29,31,0
1263,0.591,0.286,0.011,0.888,2.128,16750,23167,0,36,33,33,1273000,34824,29,31,0
1264,0.581,4.502,0.011,5.095,1.022,16750,23167,0,36,33,33,1273000,34824,29,31,0
1265,0.592,0.842,0.010,1.445,5.235,16750,23167,0,36,33,33,1273000,34824,29,31,0
1266,0.857,0.348,0.011,1.216,1.586,16750,23167,0,36,33,33,1273000,34824,29,31,0
1267,0.622,0.333,0.010,0.965,1.352,16750,23167,0,36,33,33,1273000,34824,29,31,0
1268,0.587,0.560,0.008,1.155,1.088,16750,23167,0,36,33,33,1273000,34824,29,31,0
1269,0.535,0.345,0.012,0.892,1.285,16750,23167,0,36,33,33,1273000,34824,29,31,0
1270,0.549,3.627,0.008,4.185,1.017,16750,23167,0,36,33,33,1273000,34824,29,31,0
1271,0.897,5.296,0.010,6.202,4.313,16750,23167,0,36,33,33,1273000,34824,29,31,0
1272,0.548,7.265,0.010,7.823,6.331,16750,23167,0,36,33,33,1273000,34824,29,31,0
1273,0.564,0.571,0.011,1.146,7.967,16750,23167,0,36,33,33,1273000,34824,29,31,0
1274,0.593,0.362,0.008,0.963,1.283,16750,23167,0,36,33,33,1273000,34824,29,31,0
1275,0.597,0.327,0.009,0.932,1.085,16750,23167,0,36,33,33,1273000,34824,29,31,0
1276,0.587,0.264,0.011,0.862,1.055,16750,23167,0,36,33,33,1273000,34824,29,31,0
1277,0.561,0.272,0.009,0.841,0.989,16750,23167,0,36,33,33,1273000,34824,29,31,0
1278,0.549,0.328,0.011,0.887,0.972,16750,23167,0,36,33,33,1273000,34824,29,31,0
1279,0.536,0.337,0.012,0.885,1.023,16750,23167,0,36,33,33,1273000,34824,29,31,0
1280,0.550,0.725,0.008,1.284,1.011,16750,23167,0,36,33,33,1273000,34824,29,31,0
1281,0.526,0.269,0.010,0.805,1.411,16750,23167,0,36,33,33,1273000,34824,29,31,0
1282,0.530,0.264,0.011,0.805,0.937,16750,23167,0,36,33,33,1273000,34824,29,31,0
1283,0.539,0.319,0.008,0.866,0.928,16750,23167,0,36,33,33,1273000,34824,29,31,0
1284,0.763,0.307,0.008,1.079,0.975,16750,23167,0,36,33,33,1273000,34824,29,31,0
1285,0.509,0.281,0.017,0.807,1.185,16750,23167,0,36,33,33,1273000,34824,29,31,0
1286,0.545,0.534,0.009,1.089,0.923,16750,23167,0,36,33,33,1273000,34824,29,31,0
1287,0.497,0.968,0.013,1.478,1.210,16750,23167,0,36,33,33,1273000,34824,29,31,0
1288,0.529,3.068,0.010,3.607,1.598,16750,23167,0,36,33,33,1273000,34824,29,31,0
1289,0.591,13.018,0.016,13.625,3.724,16750,23167,0,36,33,33,1273000,34824,29,31,0
1290,0.592,7.091,0.009,7.692,13.771,16750,23167,0,36,33,33,1273000,34824,29,31,0
1291,0.803,0.317,0.009,1.129,7.810,16750,23167,0,36,33,33,1273000,34824,29,31,0
1292,0.593,0.348,0.007,0.948,1.256,16750,23167,0,36,33,33,1273000,34824,29,31,0
1293,0.531,0.300,0.016,0.846,1.063,16750,23167,0,36,33,33,1273000,34824,29,31,0
1294,0.517,0.269,0.027,0.813,0.964,16750,23167,0,36,33,33,1273000,34824,29,31,0
1295,0.768,0.583,0.019,1.369,1.017,16750,23167,0,36,33,33,1273000,34824,29,31,0
1296,0.577,0.404,0.012,0.993,1.482,16750,23167,0,36,33,33,1273000,34824,29,31,0
1297,0.579,0.469,0.008,1.056,1.115,16750,23167,0,36,33,33,1273000,34824,29,31,0
1298,0.487,3.382,0.008,3.877,1.172,16750,23167,0,36,33,33,1273000,34824,29,31,0
1299,0.525,12.298,0.010,12.833,3.994,16750,23167,0,36,33,33,1273000,34824,29,31,0
1300,0.553,7.548,0.009,8.110,12.961,16750,23167,0,36,33,33,1273000,34824,29,31,0
1301,0.817,0.431,0.009,1.257,8.237,16750,23167,0,36,33,33,1273000,34824,29,31,0
1302,0.568,0.305,0.007,0.880,1.377,16750,23167,0,36,33,33,1273000,34824,29,31,0
1303,0.517,0.278,0.009,0.804,1.001,16750,23167,0,36,33,33,1273000,34824,29,31,0
1304,0.530,0.278,0.007,0.814,0.915,16750,23167,0,36,33,33,1273000,34824,29,31,0
1305,0.536,0.427,0.013,0.976,0.935,16750,23167,0,36,33,33,1273000,34824,29,31,0
1306,0.575,0.523,0.010,1.108,1.099,16750,23167,0,36,33,33,1273000,34824,29,31,0
1307,0.579,0.771,0.010,1.360,1.226,16750,23167,0,36,33,33,1273000,34824,29,31,0
1308,0.518,3.307,0.010,3.835,1.479,16750,23167,0,36,33,33,1273000,34824,29,31,0
1309,0.803,12.243,0.010,13.056,3.959,16750,23167,0,36,33,33,1273000,34824,29,31,0
1310,0.842,7.048,0.009,7.899,13.193,16750,23167,0,36,33,33,1273000,34824,29,31,0
1311,0.817,0.333,0.010,1.160,8.029,16750,23167,0,36,33,33,1273000,34824,29,31,0
1312,0.592,0.306,0.010,0.908,1.300,16750,23167,0,36,33,33,1273000,34824,29,31,0
1313,0.570,0.295,0.012,0.876,1.029,16750,23167,0,36,33,33,1273000,34824,29,31,0
1314,0.551,0.309,0.012,0.872,0.994,16750,23167,0,36,33,33,1273000,34824,29,31,0
1315,0.582,0.284,0.012,0.878,1.003,16750,23167,0,36,33,33,1273000,34824,29,31,0
1316,0.653,0.382,0.012,1.047,1.026,16750,23167,0,36,33,33,1273000,34824,29,31,0
1317,0.566,1.062,0.010,1.638,1.175,16750,23167,0,36,33,33,1273000,34824,29,31,0
1318,0.502,3.300,0.008,3.811,1.758,16750,23167,0,36,33,33,1273000,34824,29,31,0
1319,0.874,11.970,0.007,12.851,3.941,16750,23167,0,36,33,33,1273000,34824,29,31,0
1320,19.275,0.810,0.013,20.097,8.102,16644,23067,0,36,33,33,1264944,33984,29,31,0
1321,1.243,0.229,0.011,1.483,20.200,16644,23067,0,36,33,33,1264944,33984,29,31,0
1322,4.703,0.507,0.008,5.218,1.578,16644,23067,0,36,33,33,1264944,33984,29,31,0
1323,0.432,5.275,0.008,5.716,5.323,16644,23067,0,36,33,33,1264944,33984,29,31,0
1324,0.441,7.893,0.010,8.344,5.828,16644,23067,0,36,33,33,1264944,33984,29,31,0
1325,0.459,7.865,0.009,8.333,8.456,16644,23067,0,36,33,33,1264944,33984,29,31,0
1326,0.450,7.980,0.007,8.437,8.439,16644,23067,0,36,33,33,1264944,33984,29,31,0
1327,0.483,7.599,0.008,8.090,8.547,16644,23067,0,36,33,33,1264944,33984,29,31,0
1328,0.522,0.601,0.010,1.134,8.208,16644,23067,0,36,33,33,1264944,33984,29,31,0
1329,0.554,0.275,0.009,0.838,1.245,16644,23067,0,36,33,33,1264944,33984,29,31,0
1330,0.511,5.407,0.010,5.928,0.934,16644,23067,0,36,33,33,1264944,33984,29,31,0
1331,0.486,2.761,0.008,3.254,6.037,16644,23067,0,36,33,33,1264944,33984,29,31,0
1332,0.504,12.926,0.010,13.440,3.366,16644,23067,0,36,33,33,1264944,33984,29,31,0
1333,0.527,7.544,0.011,8.081,13.556,16644,23067,0,36,33,33,1264944,33984,29,31,0
1334,0.559,0.855,0.013,1.426,8.198,16644,23067,0,36,33,33,1264944,33984,29,31,0
1335,0.593,0.302,0.010,0.905,1.545,16644,23067,0,36,33,33,1264944,33984,29,31,0
1336,0.552,0.250,0.010,0.812,1.026,16644,23067,0,36,33,33,1264944,33984,29,31,0
1337,0.525,0.303,0.011,0.838,0.916,16644,23067,0,36,33,33,1264944,33984,29,31,0
1338,0.562,2.285,0.014,2.862,0.951,16644,23067,0,36,33,33,1264944,33984,29,31,0
1339,0.563,0.281,0.010,0.854,2.983,16644,23067,0,36,33,33,1264944,33984,29,31,0
1340,0.537,2.860,0.010,3.407,0.978,16644,23067,0,36,33,33,1264944,33984,29,31,0
1341,0.558,12.795,0.010,13.363,3.538,16644,23067,0,36,33,33,1264944,33984,29,31,0
1342,0.583,7.202,0.015,7.800,13.500,16644,23067,0,36,33,33,1264944,33984,29,31,0
1343,0.608,0.473,0.011,1.091,7.929,16644,23067,0,36,33,33,1264944,33984,29,31,0
1344,0.622,0.327,0.009,0.957,1.218,16644,23067,0,36,33,33,1264944,33984,29,31,0
1345,0.586,0.296,0.009,0.892,1.082,16644,23067,0,36,33,33,1264944,33984,29,31,0
1346,0.589,0.320,0.011,0.920,1.008,16644,23067,0,36,33,33,1264944,33984,29,31,0
1347,0.612,3.395,0.011,4.018,1.039,16644,23067,0,36,33,33,1264944,33984,29,31,0
1348,0.561,3.096,0.009,3.666,4.156,16644,23067,0,36,33,33,1264944,33984,29,31,0
1349,0.587,12.346,0.010,12.943,3.816,16644,23067,0,36,33,33,1264944,33984,29,31,0
1350,0.633,7.125,0.010,7.767,13.079,16644,23067,0,36,33,33,1264944,33984,29,31,0
1351,0.608,0.411,0.011,1.030,7.906,16644,23067,0,36,33,33,1264944,33984,29,31,0
1352,0.656,0.320,0.011,0.987,1.169,16644,23067,0,36,33,33,1264944,33984,29,31,0
1353,0.629,0.332,0.009,0.970,1.122,16644,23067,0,36,33,33,1264944,33984,29,31,0
1354,0.604,0.290,0.011,0.905,1.095,16644,23067,0,36,33,33,1264944,33984,29,31,0
1355,0.638,0.352,0.010,1.001,1.027,16644,23067,0,36,33,33,1264944,33984,29,31,0
1356,0.613,1.964,0.011,2.588,1.132,16644,23067,0,36,33,33,1264944,33984,29,31,0
1357,0.589,2.604,0.012,3.205,2.717,16644,23067,0,36,33,33,1264944,33984,29,31,0
1358,0.584,12.899,0.012,13.495,3.350,16644,23067,0,36,33,33,1264944,33984,29,31,0
1359,0.895,7.073,0.011,7.978,13.640,16644,23067,0,36,33,33,1264944,33984,29,31,0
1360,0.653,0.405,0.008,1.066,8.125,16644,23067,0,36,33,33,1264944,33984,29,31,0
1361,0.633,0.313,0.009,0.955,1.197,16644,23067,0,36,33,33,1264944,33984,29,31,0
1362,0.906,0.561,0.007,1.474,1.084,16644,23067,0,36,33,33,1264944,33984,29,31,0
1363,0.643,0.846,0.012,1.500,1.909,16644,23067,0,36,33,33,1264944,33984,29,31,0
1364,0.636,0.513,0.010,1.159,1.664,16644,23067,0,36,33,33,1264944,33984,29,31,0
1365,0.639,0.310,0.012,0.961,3.617,16644,23067,0,36,33,33,1264944,33984,29,31,0
1366,0.618,0.590,0.009,1.217,1.220,16644,23067,0,36,33,33,1264944,33984,29,31,0
1367,0.891,12.274,0.009,13.174,1.421,16644,23067,0,36,33,33,1264944,33984,29,31,0
1368,0.595,7.197,0.010,7.801,13.401,16644,23067,0,36,33,33,1264944,33984,29,31,0
1369,0.593,0.466,0.010,1.070,8.008,16644,23067,0,36,33,33,1264944,33984,29,31,0
1370,0.624,0.430,0.011,1.065,1.281,16644,23067,0,36,33,33,1264944,33984,29,31,0
1371,0.857,0.371,0.010,1.238,1.287,16644,23067,0,36,33,33,1264944,33984,29,31,0
1372,0.675,0.356,0.016,1.047,1.458,16644,23067,0,36,33,33,1264944,33984,29,31,0
1373,0.615,3.411,0.011,4.037,1.246,16644,23067,0,36,33,33,1264944,33984,29,31,0
1374,0.613,15.208,0.013,15.834,4.252,16644,23067,0,36,33,33,1264944,33984,29,31,0
1375,0.918,6.558,0.013,7.489,16.063,16644,23067,0,36,33,33,1264944,33984,29,31,0
1376,0.755,0.324,0.013,1.092,7.743,16644,23067,0,36,33,33,1264944,33984,29,31,0
1377,0.696,0.345,0.011,1.051,1.318,16644,23067,0,36,33,33,1264944,33984,29,31,0
1378,0.686,0.351,0.013,1.050,1.273,16644,23067,0,36,33,33,1264944,33984,29,31,0
1379,0.622,0.275,0.009,0.905,1.255,16644,23067,0,36,33,33,1264944,33984,29,31,0
1380,0.596,0.308,0.014,0.918,1.104,16644,23067,0,36,33,33,1264944,33984,29,31,0
1381,0.640,3.839,0.014,4.492,1.104,16644,23067,0,36,33,33,1264944,33984,29,31,0
1382,0.600,13.787,0.015,14.402,4.691,16644,23067,0,36,33,33,1264944,33984,29,31,0
1383,0.820,6.837,0.012,7.668,14.643,16644,23067,0,36,33,33,1264944,33984,29,31,0
1384,0.674,0.397,0.014,1.085,7.899,16644,23067,0,36,33,33,1264944,33984,29,31,0
1385,0.701,0.350,0.012,1.062,1.309,16644,23067,0,36,33,33,1264944,33984,29,31,0
1386,0.915,0.293,0.010,1.217,1.273,16644,23067,0,36,33,33,1264944,33984,29,31,0
1387,0.703,0.418,0.015,1.135,1.436,16644,23067,0,36,33,33,1264944,33984,29,31,0
1388,0.698,2.160,0.011,2.870,1.362,16644,23067,0,36,33,33,1264944,33984,29,31,0
1389,0.673,3.375,0.008,4.057,3.101,16644,23067,0,36,33,33,1264944,33984,29,31,0
1390,0.813,11.609,0.012,12.434,4.283,16644,23067,0,36,33,33,1264944,33984,29,31,0
1391,0.673,7.032,0.011,7.717,12.665,16644,23067,0,36,33,33,1264944,33984,29,31,0
1392,0.838,0.330,0.009,1.178,7.959,16644,23067,0,36,33,33,1264944,33984,29,31,0
1393,0.719,0.370,0.015,1.104,1.427,16644,23067,0,36,33,33,1264944,33984,29,31,0
1394,0.687,0.332,0.011,1.030,1.326,16644,23067,0,36,33,33,1264944,33984,29,31,0
1395,0.699,0.381,0.009,1.089,1.256,16644,23067,0,36,33,33,1264944,33984,29,31,0
1396,0.707,2.087,0.024,2.818,1.315,16644,23067,0,36,33,33,1264944,33984,29,31,0
1397,0.819,3.205,0.011,4.036,3.038,16644,23067,0,36,33,33,1264944,33984,29,31,0
1398,0.704,11.777,0.012,12.494,4.286,16644,23067,0,36,33,33,1264944,33984,29,31,0
1399,0.866,6.868,0.009,7.742,12.735,16644,23067,0,36,33,33,1264944,33984,29,31,0
1400,0.622,0.629,0.009,1.260,7.940,16644,23067,0,36,33,33,1264944,33984,29,31,0
1401,0.651,0.345,0.009,1.004,1.466,16644,23067,0,36,33,33,1264944,33984,29,31,0
1402,0.644,0.314,0.013,0.971,1.200,16644,23067,0,36,33,33,1264944,33984,29,31,0
1403,0.623,0.642,0.013,1.278,1.166,16644,23067,0,36,33,33,1264944,33984,29,31,0
1404,0.641,2.157,0.013,2.811,1.484,16644,23067,0,36,33,33,1264944,33984,29,31,0
1405,0.599,3.618,0.013,4.230,3.031,16644,23067,0,36,33,33,1264944,33984,29,31,0
1406,0.577,11.675,0.006,12.258,4.428,16644,23067,0,36,33,33,1264944,33984,29,31,0
1407,0.747,7.206,0.008,7.960,12.427,16644,23067,0,36,33,33,1264944,33984,29,31,0
1408,0.465,0.941,0.009,1.415,8.140,16644,23067,0,36,33,33,1264944,33984,29,31,0
1409,0.447,0.214,0.005,0.667,1.612,16644,23067,0,36,33,33,1264944,33984,29,31,0
1410,0.790,0.487,0.009,1.286,0.785,16644,23067,0,36,33,33,1264944,33984,29,31,0
1411,0.474,2.435,0.008,2.917,1.406,16644,23067,0,36,33,33,1264944,33984,29,31,0
1412,0.474,0.454,0.007,0.935,3.055,16644,23067,0,36,33,33,1264944,33984,29,31,0
1413,0.487,3.155,0.016,3.658,1.061,16644,23067,0,36,33,33,1264944,33984,29,31,0
1414,0.761,12.160,0.007,12.928,3.780,16644,23067,0,36,33,33,1264944,33984,29,31,0
1415,0.745,7.164,0.008,7.917,13.048,16644,23067,0,36,33,33,1264944,33984,29,31,0
1416,0.771,0.378,0.008,1.156,8.047,16644,23067,0,36,33,33,1264944,33984,29,31,0
1417,0.473,0.274,0.009,0.756,1.273,16644,23067,0,36,33,33,1264944,33984,29,31,0
1418,0.460,1.135,0.008,1.602,0.873,16644,23067,0,36,33,33,1264944,33984,29,31,0
1419,0.458,2.695,0.008,3.161,1.739,16644,23067,0,36,33,33,1264944,33984,29,31,0
1420,0.429,0.735,0.006,1.170,3.303,16644,23067,0,36,33,33,1264944,33984,29,31,0
1421,0.777,2.478,0.006,3.261,1.297,16644,23067,0,36,33,33,1264944,33984,29,31,0
1422,0.481,12.785,0.005,13.272,3.384,16644,23067,0,36,33,33,1264944,33984,29,31,0
1423,0.735,7.209,0.006,7.951,13.396,16644,23067,0,36,33,33,1264944,33984,29,31,0
1424,0.476,0.750,0.007,1.233,8.078,16644,23067,0,36,33,33,1264944,33984,29,31,0
1425,0.579,0.262,0.005,0.845,1.352,16644,23067,0,36,33,33,1264944,33984,29,31,0
1426,0.453,0.212,0.007,0.672,0.966,16644,23067,0,36,33,33,1264944,33984,29,31,0
1427,0.440,0.798,0.009,1.247,0.796,16644,23067,0,36,33,33,1264944,33984,29,31,0
1428,0.455,3.366,0.006,3.827,1.365,16644,23067,0,36,33,33,1264944,33984,29,31,0
1429,0.450,2.749,0.006,3.204,3.958,16644,23067,0,36,33,33,1264944,33984,29,31,0
1430,0.710,12.680,0.006,13.396,3.331,16644,23067,0,36,33,33,1264944,33984,29,31,0
1431,0.743,7.914,0.025,8.682,13.541,16644,23067,0,36,33,33,1264944,33984,29,31,0
1432,1.524,0.483,0.013,2.020,9.155,16644,23067,0,36,33,33,1264944,33984,29,31,0
1433,0.441,0.238,0.011,0.690,2.170,16644,23067,0,36,33,33,1264944,33984,29,31,0
1434,0.483,0.304,0.006,0.792,0.824,16644,23067,0,36,33,33,1264944,33984,29,31,0
1435,0.742,11.618,0.019,12.378,0.914,16644,23067,0,36,33,33,1264944,33984,29,31,0
1436,1.144,7.349,0.045,8.537,12.697,16644,23067,0,36,33,33,1264944,33984,29,31,0
1437,1.539,5.757,0.020,7.316,8.978,16644,23067,0,36,33,33,1264944,33984,29,31,0
1438,1.213,0.471,0.018,1.701,7.658,16644,23067,0,36,33,33,1264944,33984,29,31,0
1439,1.095,0.493,0.012,1.601,2.024,16644,23067,0,36,33,33,1264944,33984,29,31,0
1440,1.090,0.409,54.236,55.735,1.920,16644,23067,0,36,33,33,1264944,33984,29,31,0
1441,0.576,0.331,0.009,0.916,55.880,16644,23067,0,36,33,33,1264944,33984,29,31,0
1442,0.538,1.292,0.015,1.845,1.064,16644,23067,0,36,33,33,1264944,33984,29,31,0
1443,0.844,2.209,0.016,3.069,2.013,16644,23067,0,36,33,33,1264944,33984,29,31,0
1444,0.569,0.892,0.027,1.488,3.239,16644,23067,0,36,33,33,1264944,33984,29,31,0
1445,0.523,1.079,0.010,1.613,1.635,16644,23067,0,36,33,33,1264944,33984,29,31,0
1446,0.550,0.627,0.011,1.188,1.764,16644,23067,0,36,33,33,1264944,33984,29,31,0
1447,0.565,2.703,0.012,3.280,1.332,16644,23067,0,36,33,33,1264944,33984,29,31,0
1448,0.547,4.209,0.011,4.767,3.448,16644,23067,0,36,33,33,1264944,33984,29,31,0
1449,0.533,2.866,0.007,3.406,4.938,16644,23067,0,36,33,33,1264944,33984,29,31,0
1450,0.875,7.216,0.009,8.100,3.563,16644,23067,0,36,33,33,1264944,33984,29,31,0
1451,0.874,0.272,0.010,1.156,8.281,16644,23067,0,36,33,33,1264944,33984,29,31,0
1452,0.586,0.644,0.014,1.244,1.308,16644,23067,0,36,33,33,1264944,33984,29,31,0
1453,0.576,0.582,0.010,1.168,1.411,16644,23067,0,36,33,33,1264944,33984,29,31,0
1454,0.587,0.571,0.010,1.169,1.328,16644,23067,0,36,33,33,1264944,33984,29,31,0
1455,0.582,1.966,0.012,2.559,1.314,16644,23067,0,36,33,33,1264944,33984,29,31,0
1456,0.579,0.803,0.010,1.392,2.730,16644,23067,0,36,33,33,1264944,33984,29,31,0
1457,0.862,0.519,0.009,1.390,1.548,16644,23067,0,36,33,33,1264944,33984,29,31,0
1458,0.559,2.506,0.011,3.076,1.550,16644,23067,0,36,33,33,1264944,33984,29,31,0
1459,0.618,1.221,0.010,1.848,3.257,16644,23067,0,36,33,33,1264944,33984,29,31,0
1460,0.564,3.234,0.011,3.809,2.009,16644,23067,0,36,33,33,1264944,33984,29,31,0
1461,0.556,12.188,0.009,12.753,3.981,16644,23067,0,36,33,33,1264944,33984,29,31,0
1462,0.580,7.273,0.009,7.861,12.935,16644,23067,0,36,33,33,1264944,33984,29,31,0
1463,0.880,0.256,0.013,1.149,8.035,16644,23067,0,36,33,33,1264944,33984,29,31,0
1464,0.597,0.535,0.011,1.143,1.308,16644,23067,0,36,33,33,1264944,33984,29,31,0
1465,0.628,0.421,0.040,1.089,1.323,16644,23067,0,36,33,33,1264944,33984,29,31,0
1466,0.627,0.313,0.010,0.950,1.277,16644,23067,0,36,33,33,1264944,33984,29,31,0
1467,0.618,0.905,0.011,1.533,1.109,16644,23067,0,36,33,33,1264944,33984,29,31,0
1468,0.623,0.826,0.010,1.460,1.707,16644,23067,0,36,33,33,1264944,33984,29,31,0
1469,0.579,3.079,0.009,3.666,1.625,16644,23067,0,36,33,33,1264944,33984,29,31,0
1470,0.585,12.401,0.008,12.993,3.842,16644,23067,0,36,33,33,1264944,33984,29,31,0
1471,0.903,6.843,0.023,7.768,13.182,16644,23067,0,36,33,33,1264944,33984,29,31,0
1472,0.629,0.436,0.010,1.074,7.960,16644,23067,0,36,33,33,1264944,33984,29,31,0
1473,0.630,0.307,0.012,0.949,1.258,16644,23067,0,36,33,33,1264944,33984,29,31,0
1474,0.630,0.312,0.015,0.957,1.118,16644,23067,0,36,33,33,1264944,33984,29,31,0
1475,0.891,0.268,0.009,1.168,1.133,16644,23067,0,36,33,33,1264944,33984,29,31,0
1476,0.634,0.321,0.010,0.965,1.349,16644,23067,0,36,33,33,1264944,33984,29,31,0
1477,0.636,3.803,0.011,4.450,1.146,16644,23067,0,36,33,33,1264944,33984,29,31,0
1478,0.639,13.791,0.008,14.438,4.641,16644,23067,0,36,33,33,1264944,33984,29,31,0
1479,0.612,7.270,0.012,7.894,14.624,16644,23067,0,36,33,33,1264944,33984,29,31,0
1480,0.705,0.285,0.011,1.001,8.100,16644,23067,0,36,33,33,1264944,33984,29,31,0
1481,0.676,1.297,0.015,1.988,1.201,16644,23067,0,36,33,33,1264944,33984,29,31,0
1482,0.898,0.247,0.015,1.159,2.181,16644,23067,0,36,33,33,1264944,33984,29,31,0
1483,0.645,1.529,0.012,2.186,1.328,16644,23067,0,36,33,33,1264944,33984,29,31,0
1484,0.653,4.454,0.036,5.142,2.368,16644,23067,0,36,33,33,1264944,33984,29,31,0
1485,0.752,13.682,0.011,14.445,5.355,16644,23067,0,36,33,33,1264944,33984,29,31,0
1486,0.883,5.466,0.016,6.365,14.659,16644,23067,0,36,33,33,1264944,33984,29,31,0
1487,0.733,0.306,0.011,1.051,6.574,16644,23067,0,36,33,33,1264944,33984,29,31,0
1488,0.715,1.485,0.014,2.214,1.245,16644,23067,0,36,33,33,1264944,33984,29,31,0
1489,0.909,3.643,0.012,4.564,2.428,16644,23067,0,36,33,33,1264944,33984,29,31,0
1490,0.725,16.367,0.013,17.105,4.774,16644,23067,0,36,33,33,1264944,33984,29,31,0
1491,0.959,6.677,0.014,7.650,17.353,16644,23067,0,36,33,33,1264944,33984,29,31,0
1492,0.793,0.605,0.015,1.413,7.882,16644,23067,0,36,33,33,1264944,33984,29,31,0
1493,0.833,1.339,0.009,2.182,1.647,16644,23067,0,36,33,33,1264944,33984,29,31,0
1494,0.970,0.346,0.014,1.330,2.414,16644,23067,0,36,33,33,1264944,33984,29,31,0
1495,0.777,1.820,0.013,2.610,1.582,16644,23067,0,36,33,33,1264944,33984,29,31,0
1496,0.820,4.743,0.014,5.577,2.843,16644,23067,0,36,33,33,1264944,33984,29,31,0
1497,0.968,9.530,0.017,10.515,5.818,16644,23067,0,36,33,33,1264944,33984,29,31,0
1498,1.043,6.793,0.023,7.860,10.797,16644,23067,0,36,33,33,1264944,33984,29,31,0
1499,0.979,0.452,0.018,1.449,8.151,16644,23067,0,36,33,33,1264944,33984,29,31,0
1500,20.837,1.176,0.015,22.028,5.601,16644,23067,0,36,33,33,1264944,33984,29,31,0
1501,1.421,0.244,0.014,1.678,22.161,16644,23067,0,36,33,33,1264944,33984,29,31,0
1502,3.778,0.575,0.012,4.365,1.813,16644,23067,0,36,33,33,1264944,33984,29,31,0
1503,0.457,0.260,0.011,0.729,4.515,16644,23067,0,36,33,33,1264944,33984,29,31,0
1504,0.445,6.835,0.011,7.291,0.863,16644,23067,0,36,33,33,1264944,33984,29,31,0
1505,0.462,6.429,0.009,6.900,7.428,16644,23067,0,36,33,33,1264944,33984,29,31,0
1506,0.443,7.646,0.010,8.099,7.041,16644,23067,0,36,33,33,1264944,33984,29,31,0
1507,0.482,7.648,0.011,8.141,8.228,16644,23067,0,36,33,33,1264944,33984,29,31,0
1508,0.506,0.507,0.009,1.023,8.301,16644,23067,0,36,33,33,1264944,33984,29,31,0
1509,0.472,1.398,0.008,1.879,1.156,16644,23067,0,36,33,33,1264944,33984,29,31,0
1510,0.488,1.928,0.009,2.426,2.013,16644,23067,0,36,33,33,1264944,33984,29,31,0
1511,0.465,10.678,0.017,11.160,2.564,16644,23067,0,36,33,33,1264944,33984,29,31,0
1512,0.520,7.938,0.013,8.471,11.308,16644,23067,0,36,33,33,1264944,33984,29,31,0
1513,0.568,7.194,0.006,7.768,8.624,16644,23067,0,36,33,33,1264944,33984,29,31,0
1514,0.544,0.506,0.013,1.063,7.915,16644,23067,0,36,33,33,1264944,33984,29,31,0
1515,0.540,0.296,0.013,0.850,1.209,16644,23067,0,36,33,33,1264944,33984,29,31,0
1516,0.537,5.669,0.011,6.217,0.980,16644,23067,0,36,33,33,1264944,33984,29,31,0
1517,0.541,3.687,0.007,4.235,6.382,16644,23067,0,36,33,33,1264944,33984,29,31,0
1518,0.557,11.778,0.010,12.345,4.400,16644,23067,0,36,33,33,1264944,33984,29,31,0
1519,0.601,7.315,0.010,7.925,12.518,16644,23067,0,36,33,33,1264944,33984,29,31,0
1520,0.595,0.494,0.017,1.106,8.100,16644,23067,0,36,33,33,1264944,33984,29,31,0
1521,0.594,0.309,0.011,0.914,1.270,16644,23067,0,36,33,33,1264944,33984,29,31,0
1522,0.606,0.330,0.017,0.953,1.062,16644,23067,0,36,33,33,1264944,33984,29,31,0
1523,0.594,4.142,0.011,4.748,1.101,16644,23067,0,36,33,33,1264944,33984,29,31,0
1524,0.583,3.473,0.007,4.064,4.923,16644,23067,0,36,33,33,1264944,33984,29,31,0
1525,0.580,11.825,0.010,12.415,4.238,16644,23067,0,36,33,33,1264944,33984,29,31,0
1526,0.628,7.244,0.007,7.879,12.606,16644,23067,0,36,33,33,1264944,33984,29,31,0
1527,0.651,0.644,0.011,1.306,8.062,16644,23067,0,36,33,33,1264944,33984,29,31,0
1528,0.664,0.322,0.020,1.006,1.485,16644,23067,0,36,33,33,1264944,33984,29,31,0
1529,0.625,0.324,0.010,0.959,1.182,16644,23067,0,36,33,33,1264944,33984,29,31,0
1530,0.656,3.541,0.011,4.207,1.119,16644,23067,0,36,33,33,1264944,33984,29,31,0
1531,0.611,3.413,0.010,4.034,4.393,16644,23067,0,36,33,33,1264944,33984,29,31,0
1532,0.620,12.156,0.016,12.792,4.219,16644,23067,0,36,33,33,1264944,33984,29,31,0
1533,0.665,7.112,0.009,7.786,12.982,16644,23067,0,36,33,33,1264944,33984,29,31,0
1534,0.881,0.307,0.022,1.210,8.000,16644,23067,0,36,33,33,1264944,33984,29,31,0
1535,0.724,0.410,0.013,1.147,1.411,16644,23067,0,36,33,33,1264944,33984,29,31,0
1536,0.748,0.369,0.011,1.128,1.355,16644,23067,0,36,33,33,1264944,33984,29,31,0
1537,0.728,3.335,0.045,4.108,1.335,16644,23067,0,36,33,33,1264944,33984,29,31,0
1538,0.962,3.261,0.022,4.245,4.316,16644,23067,0,36,33,33,1264944,33984,29,31,0
1539,0.728,11.576,0.010,12.314,4.459,16644,23067,0,36,33,33,1264944,33984,29,31,0
1540,0.976,6.820,0.012,7.808,12.524,16644,23067,0,36,33,33,1264944,33984,29,31,0
1541,0.894,0.319,0.012,1.225,8.015,16644,23067,0,36,33,33,1264944,33984,29,31,0
1542,0.726,0.380,0.021,1.126,1.422,16644,23067,0,36,33,33,1264944,33984,29,31,0
1543,0.700,0.624,0.016,1.339,1.331,16644,23067,0,36,33,33,1264944,33984,29,31,0
1544,0.720,3.022,0.012,3.755,1.529,16644,23067,0,36,33,33,1264944,33984,29,31,0
1545,0.681,3.164,0.011,3.857,3.962,16644,23067,0,36,33,33,1264944,33984,29,31,0
1546,0.930,12.014,0.016,12.960,4.066,16644,23067,0,36,33,33,1264944,33984,29,31,0
1547,0.829,6.768,0.020,7.617,13.209,16644,23067,0,36,33,33,1264944,33984,29,31,0
1548,0.944,0.350,0.028,1.322,7.862,16644,23067,0,36,33,33,1264944,33984,29,31,0
1549,0.798,0.585,0.014,1.396,1.537,16644,23067,0,36,33,33,1264944,33984,29,31,0
1550,0.862,1.503,0.017,2.381,1.625,16644,23067,0,36,33,33,1264944,33984,29,31,0
1551,0.728,1.331,0.014,2.073,2.592,16644,23067,0,36,33,33,1264944,33984,29,31,0
1552,0.693,3.142,0.013,3.848,2.275,16644,23067,0,36,33,33,1264944,33984,29,31,0
1553,0.918,12.063,0.012,12.993,4.051,16644,23067,0,36,33,33,1264944,33984,29,31,0
1554,0.964,6.688,0.014,7.666,13.236,16644,23067,0,36,33,33,1264944,33984,29,31,0
1555,0.933,0.342,0.014,1.289,7.918,16644,23067,0,36,33,33,1264944,33984,29,31,0
1556,0.781,0.415,0.013,1.209,1.522,16644,23067,0,36,33,33,1264944,33984,29,31,0
1557,0.769,0.381,0.011,1.162,1.438,16644,23067,0,36,33,33,1264944,33984,29,31,0
1558,0.838,3.153,0.014,4.004,1.379,16644,23067,0,36,33,33,1264944,33984,29,31,0
1559,0.815,3.509,0.010,4.334,4.247,16644,23067,0,36,33,33,1264944,33984,29,31,0
1560,0.819,11.206,0.012,12.037,4.575,16644,23067,0,36,33,33,1264944,33984,29,31,0
1561,0.785,7.131,0.022,7.938,12.274,16644,23067,0,36,33,33,1264944,33984,29,31,0
1562,1.035,0.457,0.024,1.516,8.221,16644,23067,0,36,33,33,1264944,33984,29,31,0
1563,0.924,0.446,0.022,1.392,1.777,16644,23067,0,36,33,33,1264944,33984,29,31,0
1564,0.828,0.436,0.009,1.274,1.614,16644,23067,0,36,33,33,1264944,33984,29,31,0
1565,0.838,1.950,0.015,2.803,1.496,16644,23067,0,36,33,33,1264944,33984,29,31,0
1566,0.784,3.266,0.027,4.076,3.031,16644,23067,0,36,33,33,1264944,33984,29,31,0
1567,0.824,11.855,0.017,12.697,4.329,16644,23067,0,36,33,33,1264944,33984,29,31,0
1568,1.098,6.622,0.026,7.746,12.976,16644,23067,0,36,33,33,1264944,33984,29,31,0
1569,0.928,0.412,0.015,1.355,8.039,16644,23067,0,36,33,33,1264944,33984,29,31,0
1570,1.056,0.618,0.014,1.688,1.611,16644,23067,0,36,33,33,1264944,33984,29,31,0
1571,0.832,0.430,0.020,1.282,1.922,16644,23067,0,36,33,33,1264944,33984,29,31,0
1572,0.872,1.904,0.011,2.786,1.506,16644,23067,0,36,33,33,1264944,33984,29,31,0
1573,0.814,3.833,0.011,4.659,3.015,16644,23067,0,36,33,33,1264944,33984,29,31,0
1574,0.814,11.341,0.017,12.173,4.901,16644,23067,0,36,33,33,1264944,33984,29,31,0
1575,0.917,6.813,0.014,7.744,12.456,16644,23067,0,36,33,33,1264944,33984,29,31,0
1576,1.035,0.396,0.016,1.448,8.016,16644,23067,0,36,33,33,1264944,33984,29,31,0
1577,0.939,0.474,0.021,1.433,1.709,16644,23067,0,36,33,33,1264944,33984,29,31,0
1578,0.904,0.492,0.014,1.410,1.697,16644,23067,0,36,33,33,1264944,33984,29,31,0
1579,0.853,2.001,0.021,2.875,1.646,16644,23067,0,36,33,33,1264944,33984,29,31,0
1580,0.953,2.895,0.015,3.864,3.102,16644,23067,0,36,33,33,1264944,33984,29,31,0
1581,0.845,11.952,0.022,12.819,4.109,16644,23067,0,36,33,33,1264944,33984,29,31,0
1582,1.116,6.516,0.015,7.647,13.100,16644,23067,0,36,33,33,1264944,33984,29,31,0
1583,1.175,0.400,0.019,1.594,7.928,16644,23067,0,36,33,33,1264944,33984,29,31,0
1584,0.982,0.504,0.022,1.508,1.850,16644,23067,0,36,33,33,1264944,33984,29,31,0
1585,0.845,1.538,0.012,2.396,1.743,16644,23067,0,36,33,33,1264944,33984,29,31,0
1586,0.815,0.610,0.015,1.439,2.614,16644,23067,0,36,33,33,1264944,33984,29,31,0
1587,0.787,2.805,0.013,3.605,1.670,16644,23067,0,36,33,33,1264944,33984,29,31,0
1588,0.999,12.609,0.017,13.626,3.842,16644,23067,0,36,33,33,1264944,33984,29,31,0
1589,0.987,6.520,0.017,7.524,13.910,16644,23067,0,36,33,33,1264944,33984,29,31,0
1590,1.050,0.416,0.015,1.482,7.804,16644,23067,0,36,33,33,1264944,33984,29,31,0
1591,0.919,0.443,0.011,1.373,1.743,16644,23067,0,36,33,33,1264944,33984,29,31,0
1592,0.980,1.320,0.015,2.315,1.629,16644,23067,0,36,33,33,1264944,33984,29,31,0
1593,0.880,0.751,0.018,1.650,2.563,16644,23067,0,36,33,33,1264944,33984,29,31,0
1594,0.788,3.617,0.020,4.424,1.868,16644,23067,0,36,33,33,1264944,33984,29,31,0
1595,0.918,11.886,0.016,12.820,4.653,16644,23067,0,36,33,33,1264944,33984,29,31,0
1596,1.085,6.497,0.015,7.597,13.095,16644,23067,0,36,33,33,1264944,33984,29,31,0
1597,0.914,0.375,0.013,1.303,7.895,16644,23067,0,36,33,33,1264944,33984,29,31,0
1598,0.925,0.447,0.020,1.392,1.556,16644,23067,0,36,33,33,1264944,33984,29,31,0
1599,1.095,0.551,0.017,1.663,1.644,16644,23067,0,36,33,33,1264944,33984,29,31,0
1600,0.844,1.439,0.008,2.291,1.910,16644,23067,0,36,33,33,1264944,33984,29,31,0
1601,0.776,3.670,0.012,4.459,2.526,16644,23067,0,36,33,33,1264944,33984,29,31,0
1602,0.945,11.776,0.017,12.739,4.743,16644,23067,0,36,33,33,1264944,33984,29,31,0
1603,1.062,6.541,0.017,7.620,13.039,16644,23067,0,36,33,33,1264944,33984,29,31,0
1604,1.081,0.466,0.027,1.575,7.918,16644,23067,0,36,33,33,1264944,33984,29,31,0
1605,0.989,0.664,0.018,1.671,1.848,16644,23067,0,36,33,33,1264944,33984,29,31,0
1606,0.946,0.468,0.024,1.438,1.928,16644,23067,0,36,33,33,1264944,33984,29,31,0
1607,0.913,2.453,0.016,3.382,1.708,16644,23067,0,36,33,33,1264944,33984,29,31,0
1608,0.864,15.066,0.018,15.949,3.633,16644,23067,0,36,33,33,1264944,33984,29,31,0
1609,1.134,6.495,0.011,7.640,16.245,16644,23067,0,36,33,33,1264944,33984,29,31,0
1610,0.923,0.397,0.017,1.336,7.923,16644,23067,0,36,33,33,1264944,33984,29,31,0
1611,0.938,0.577,0.017,1.532,1.594,16644,23067,0,36,33,33,1264944,33984,29,31,0
1612,1.027,1.038,0.019,2.084,1.802,16644,23067,0,36,33,33,1264944,33984,29,31,0
1613,0.975,0.707,0.016,1.698,2.375,16644,23067,0,36,33,33,1264944,33984,29,31,0
1614,0.950,3.198,0.015,4.162,1.952,16644,23067,0,36,33,33,1264944,33984,29,31,0
1615,0.944,11.871,0.016,12.830,4.476,16644,23067,0,36,33,33,1264944,33984,29,31,0
1616,1.095,6.561,0.014,7.671,13.122,16644,23067,0,36,33,33,1264944,33984,29,31,0
1617,0.921,0.380,0.017,1.318,7.944,16644,23067,0,36,33,33,1264944,33984,29,31,0
1618,0.917,0.471,0.015,1.402,1.573,16644,23067,0,36,33,33,1264944,33984,29,31,0
1619,0.923,12.977,0.017,13.917,1.657,16644,23067,0,36,33,33,1264944,33984,29,31,0
1620,0.933,7.623,119.569,128.125,14.190,16644,23067,0,36,33,33,1264944,33984,29,31,0
1621,0.550,0.387,0.013,0.950,128.258,16644,23067,0,36,33,33,1264944,33984,29,31,0
1622,0.469,10.188,0.011,10.668,1.078,16644,23067,0,36,33,33,1264944,33984,29,31,0
1623,0.445,7.987,0.009,8.441,10.802,16644,23067,0,36,33,33,1264944,33984,29,31,0
1624,0.501,0.766,0.012,1.279,8.583,16644,23067,0,36,33,33,1264944,33984,29,31,0
1625,0.811,0.279,0.024,1.113,1.423,16644,23067,0,36,33,33,1264944,33984,29,31,0
1626,0.484,4.843,0.009,5.335,1.233,16644,23067,0,36,33,33,1264944,33984,29,31,0
1627,0.452,2.849,0.010,3.311,5.476,16644,23067,0,36,33,33,1264944,33984,29,31,0
1628,0.796,12.389,0.008,13.193,3.455,16644,23067,0,36,33,33,1264944,33984,29,31,0
1629,0.807,7.125,0.009,7.941,13.334,16644,23067,0,36,33,33,1264944,33984,29,31,0
1630,0.835,0.253,0.009,1.096,8.099,16644,23067,0,36,33,33,1264944,33984,29,31,0
1631,0.525,0.273,0.010,0.809,1.239,16644,23067,0,36,33,33,1264944,33984,29,31,0
1632,0.522,1.658,0.010,2.190,0.941,16644,23067,0,36,33,33,1264944,33984,29,31,0
1633,0.541,3.363,0.008,3.912,2.344,16644,23067,0,36,33,33,1264944,33984,29,31,0
1634,0.822,2.299,0.008,3.129,4.072,16644,23067,0,36,33,33,1264944,33984,29,31,0
1635,0.531,13.052,0.011,13.594,3.296,16644,23067,0,36,33,33,1264944,33984,29,31,0
1636,0.566,7.060,0.011,7.637,13.765,16644,23067,0,36,33,33,1264944,33984,29,31,0
1637,0.586,0.412,0.017,1.015,7.810,16644,23067,0,36,33,33,1264944,33984,29,31,0
1638,0.631,0.333,0.011,0.974,1.191,16644,23067,0,36,33,33,1264944,33984,29,31,0
1639,0.584,0.314,0.011,0.908,1.140,16644,23067,0,36,33,33,1264944,33984,29,31,0
1640,0.856,0.347,0.014,1.217,1.057,16644,23067,0,36,33,33,1264944,33984,29,31,0
1641,0.580,2.782,0.008,3.370,1.371,16644,23067,0,36,33,33,1264944,33984,29,31,0
1642,0.573,3.017,0.010,3.600,3.535,16644,23067,0,36,33,33,1264944,33984,29,31,0
1643,0.581,12.662,0.011,13.253,3.804,16644,23067,0,36,33,33,1264944,33984,29,31,0
1644,0.590,7.192,0.011,7.793,13.385,16644,23067,0,36,33,33,1264944,33984,29,31,0
1645,0.813,0.356,0.017,1.186,7.930,16644,23067,0,36,33,33,1264944,33984,29,31,0
1646,0.669,0.312,0.011,0.992,1.328,16644,23067,0,36,33,33,1264944,33984,29,31,0
1647,0.649,0.302,0.012,0.963,1.133,16644,23067,0,36,33,33,1264944,33984,29,31,0
1648,0.614,0.324,0.012,0.950,1.073,16644,23067,0,36,33,33,1264944,33984,29,31,0
1649,0.614,11.729,0.011,12.354,1.078,16644,23067,0,36,33,33,1264944,33984,29,31,0
1650,0.616,7.929,0.013,8.558,12.489,16644,23067,0,36,33,33,1264944,33984,29,31,0
1651,0.623,6.838,0.008,7.469,8.702,16644,23067,0,36,33,33,1264944,33984,29,31,0
1652,0.632,0.553,0.014,1.199,7.616,16644,23067,0,36,33,33,1264944,33984,29,31,0
1653,0.681,0.325,0.008,1.014,1.343,16644,23067,0,36,33,33,1264944,33984,29,31,0
1654,0.909,0.359,0.010,1.278,1.153,16644,23067,0,36,33,33,1264944,33984,29,31,0
1655,0.653,0.316,0.036,1.005,1.411,16644,23067,0,36,33,33,1264944,33984,29,31,0
1656,0.631,11.228,0.016,11.875,1.131,16644,23067,0,36,33,33,1264944,33984,29,31,0
1657,0.644,7.863,0.010,8.517,12.023,16644,23067,0,36,33,33,1264944,33984,29,31,0
1658,0.929,6.669,0.012,7.610,8.676,16644,23067,0,36,33,33,1264944,33984,29,31,0
1659,0.876,0.336,0.014,1.227,7.773,16644,23067,0,36,33,33,1264944,33984,29,31,0
1660,0.729,0.371,0.013,1.113,1.387,16644,23067,0,36,33,33,1264944,33984,29,31,0
1661,0.630,0.550,0.010,1.191,1.260,16644,23067,0,36,33,33,1264944,33984,29,31,0
1662,0.644,0.420,0.012,1.076,1.324,16644,23067,0,36,33,33,1264944,33984,29,31,0
1663,0.641,10.897,0.018,11.555,1.198,16644,23067,0,36,33,33,1264944,33984,29,31,0
1664,0.968,7.631,0.012,8.611,11.707,16644,23067,0,36,33,33,1264944,33984,29,31,0
1665,0.961,6.470,0.015,7.446,8.773,16644,23067,0,36,33,33,1264944,33984,29,31,0
1666,0.725,0.317,0.011,1.053,7.608,16644,23067,0,36,33,33,1264944,33984,29,31,0
1667,0.701,0.354,0.030,1.086,1.200,16644,23067,0,36,33,33,1264944,33984,29,31,0
1668,0.916,0.330,0.020,1.266,1.234,16644,23067,0,36,33,33,1264944,33984,29,31,0
1669,0.748,3.414,0.013,4.175,1.414,16644,23067,0,36,33,33,1264944,33984,29,31,0
1670,0.715,3.281,0.010,4.006,4.328,16644,23067,0,36,33,33,1264944,33984,29,31,0
1671,0.947,11.814,0.012,12.773,4.165,16644,23067,0,36,33,33,1264944,33984,29,31,0
1672,0.963,7.013,0.013,7.990,12.937,16644,23067,0,36,33,33,1264944,33984,29,31,0
1673,0.824,0.390,0.016,1.230,8.180,16644,23067,0,36,33,33,1264944,33984,29,31,0
1674,0.740,0.378,0.012,1.130,1.403,16644,23067,0,36,33,33,1264944,33984,29,31,0
1675,0.935,0.353,0.021,1.309,1.286,16644,23067,0,36,33,33,1264944,33984,29,31,0
1676,0.749,3.149,0.010,3.908,1.442,16644,23067,0,36,33,33,1264944,33984,29,31,0
1677,0.686,3.234,0.011,3.931,4.068,16644,23067,0,36,33,33,1264944,33984,29,31,0
1678,0.864,12.084,0.010,12.958,4.086,16644,23067,0,36,33,33,1264944,33984,29,31,0
1679,0.974,6.657,0.012,7.642,13.144,16644,23067,0,36,33,33,1264944,33984,29,31,0
1680,19.724,1.180,0.013,20.917,5.537,16644,23067,0,36,33,33,1264944,33984,29,31,0
1681,1.233,0.229,0.010,1.473,21.022,16644,23067,0,36,33,33,1264944,33984,29,31,0
1682,3.373,0.499,0.009,3.880,1.601,16644,23067,0,36,33,33,1264944,33984,29,31,0
1683,0.438,0.324,0.009,0.771,3.996,16644,23067,0,36,33,33,1264944,33984,29,31,0
1684,0.458,7.565,0.005,8.029,0.883,16644,23067,0,36,33,33,1264944,33984,29,31,0
1685,0.441,7.908,0.009,8.358,8.134,16644,23067,0,36,33,33,1264944,33984,29,31,0
1686,0.470,7.611,0.007,8.088,8.470,16644,23067,0,36,33,33,1264944,33984,29,31,0
1687,0.467,7.802,0.010,8.279,8.189,16644,23067,0,36,33,33,1264944,33984,29,31,0
1688,0.474,0.624,0.010,1.108,8.387,16644,23067,0,36,33,33,1264944,33984,29,31,0
1689,0.517,0.297,0.012,0.825,1.227,16644,23067,0,36,33,33,1264944,33984,29,31,0
1690,0.479,5.835,0.009,6.323,0.914,16644,23067,0,36,33,33,1264944,33984,29,31,0
1691,0.488,2.895,0.010,3.393,6.425,16644,23067,0,36,33,33,1264944,33984,29,31,0
1692,0.509,12.910,0.009,13.427,3.507,16644,23067,0,36,33,33,1264944,33984,29,31,0
1693,0.528,7.455,0.012,7.996,13.545,16644,23067,0,36,33,33,1264944,33984,29,31,0
1694,0.566,0.519,0.011,1.096,8.131,16644,23067,0,36,33,33,1264944,33984,29,31,0
1695,0.574,0.328,0.016,0.918,1.214,16644,23067,0,36,33,33,1264944,33984,29,31,0
1696,0.601,0.309,0.011,0.921,1.035,16644,23067,0,36,33,33,1264944,33984,29,31,0
1697,0.539,0.387,0.015,0.942,1.028,16644,23067,0,36,33,33,1264944,33984,29,31,0
1698,0.518,3.104,0.011,3.634,1.043,16644,23067,0,36,33,33,1264944,33984,29,31,0
1699,0.524,2.867,0.010,3.400,3.756,16644,23067,0,36,33,33,1264944,33984,29,31,0
1700,0.549,12.738,0.008,13.295,3.518,16644,23067,0,36,33,33,1264944,33984,29,31,0
1701,0.590,7.470,0.010,8.071,13.420,16644,23067,0,36,33,33,1264944,33984,29,31,0
1702,0.574,0.551,0.009,1.133,8.197,16644,23067,0,36,33,33,1264944,33984,29,31,0
1703,0.593,0.309,0.010,0.911,1.267,16644,23067,0,36,33,33,1264944,33984,29,31,0
1704,0.605,0.289,0.011,0.905,1.037,16644,23067,0,36,33,33,1264944,33984,29,31,0
1705,0.589,0.470,0.011,1.071,1.016,16644,23067,0,36,33,33,1264944,33984,29,31,0
1706,0.610,2.955,0.009,3.574,1.192,16644,23067,0,36,33,33,1264944,33984,29,31,0
1707,0.578,2.857,0.011,3.446,3.703,16644,23067,0,36,33,33,1264944,33984,29,31,0
1708,0.599,12.561,0.010,13.170,3.583,16644,23067,0,36,33,33,1264944,33984,29,31,0
1709,0.621,7.460,0.010,8.091,13.309,16644,23067,0,36,33,33,1264944,33984,29,31,0
1710,0.611,0.415,0.011,1.037,8.225,16644,23067,0,36,33,33,1264944,33984,29,31,0
1711,0.653,0.343,0.013,1.009,1.175,16644,23067,0,36,33,33,1264944,33984,29,31,0
1712,0.638,0.320,0.015,0.973,1.142,16644,23067,0,36,33,33,1264944,33984,29,31,0
1713,0.619,0.310,0.012,0.942,1.109,16644,23067,0,36,33,33,1264944,33984,29,31,0
1714,0.648,0.407,0.014,1.068,1.066,16644,23067,0,36,33,33,1264944,33984,29,31,0
1715,0.645,1.682,0.027,2.354,1.200,16644,23067,0,36,33,33,1264944,33984,29,31,0
1716,0.580,2.409,0.010,3.000,2.474,16644,23067,0,36,33,33,1264944,33984,29,31,0
1717,0.565,13.397,0.010,13.973,3.131,16644,23067,0,36,33,33,1264944,33984,29,31,0
1718,0.624,7.282,0.010,7.916,14.116,16644,23067,0,36,33,33,1264944,33984,29,31,0
1719,0.629,0.411,0.012,1.053,8.063,16644,23067,0,36,33,33,1264944,33984,29,31,0
1720,0.638,0.351,0.011,1.000,1.188,16644,23067,0,36,33,33,1264944,33984,29,31,0
1721,0.651,0.342,0.011,1.004,1.135,16644,23067,0,36,33,33,1264944,33984,29,31,0
1722,0.641,0.303,0.008,0.952,1.137,16644,23067,0,36,33,33,1264944,33984,29,31,0
1723,0.630,0.365,0.011,1.005,1.077,16644,23067,0,36,33,33,1264944,33984,29,31,0
1724,0.704,1.647,0.013,2.364,1.135,16644,23067,0,36,33,33,1264944,33984,29,31,0
1725,0.614,2.678,0.011,3.302,2.498,16644,23067,0,36,33,33,1264944,33984,29,31,0
1726,0.611,12.747,0.012,13.370,3.462,16644,23067,0,36,33,33,1264944,33984,29,31,0
1727,0.614,7.336,0.013,7.963,13.524,16644,23067,0,36,33,33,1264944,33984,29,31,0
1728,0.712,0.511,0.014,1.237,8.117,16644,23067,0,36,33,33,1264944,33984,29,31,0
1729,0.704,0.348,0.010,1.062,1.396,16644,23067,0,36,33,33,1264944,33984,29,31,0
1730,0.670,0.367,0.013,1.051,1.211,16644,23067,0,36,33,33,1264944,33984,29,31,0
1731,0.687,0.325,0.007,1.018,1.200,16644,23067,0,36,33,33,1264944,33984,29,31,0
1732,0.648,11.401,0.012,12.062,1.152,16644,23067,0,36,33,33,1264944,33984,29,31,0
1733,0.694,7.557,0.015,8.265,12.214,16644,23067,0,36,33,33,1264944,33984,29,31,0
1734,0.744,6.970,0.013,7.727,8.428,16644,23067,0,36,33,33,1264944,33984,29,31,0
1735,0.970,0.303,0.011,1.284,7.878,16644,23067,0,36,33,33,1264944,33984,29,31,0
1736,0.735,0.353,0.012,1.100,1.434,16644,23067,0,36,33,33,1264944,33984,29,31,0
1737,0.687,0.325,0.027,1.039,1.250,16644,23067,0,36,33,33,1264944,33984,29,31,0
1738,0.723,0.336,0.014,1.074,1.178,16644,23067,0,36,33,33,1264944,33984,29,31,0
1739,0.711,10.833,0.014,11.559,1.214,16644,23067,0,36,33,33,1264944,33984,29,31,0
1740,0.964,7.431,0.012,8.406,11.716,16644,23067,0,36,33,33,1264944,33984,29,31,0
1741,0.950,6.920,0.011,7.881,8.570,16644,23067,0,36,33,33,1264944,33984,29,31,0
1742,0.959,0.543,0.018,1.521,8.039,16644,23067,0,36,33,33,1264944,33984,29,31,0
1743,0.718,0.389,0.013,1.120,1.678,16644,23067,0,36,33,33,1264944,33984,29,31,0
1744,0.780,0.369,0.015,1.164,1.290,16644,23067,0,36,33,33,1264944,33984,29,31,0
1745,0.797,0.425,0.014,1.235,1.343,16644,23067,0,36,33,33,1264944,33984,29,31,0
1746,0.719,1.672,0.013,2.403,1.378,16644,23067,0,36,33,33,1264944,33984,29,31,0
1747,0.686,3.445,0.008,4.139,2.558,16644,23067,0,36,33,33,1264944,33984,29,31,0
1748,0.892,11.474,0.019,12.385,4.296,16644,23067,0,36,33,33,1264944,33984,29,31,0
1749,0.769,7.109,0.010,7.888,12.556,16644,23067,0,36,33,33,1264944,33984,29,31,0
1750,0.811,0.361,0.014,1.186,8.098,16644,23067,0,36,33,33,1264944,33984,29,31,0
1751,0.813,0.453,0.011,1.277,1.358,16644,23067,0,36,33,33,1264944,33984,29,31,0
1752,0.787,0.656,0.015,1.458,1.451,16644,23067,0,36,33,33,1264944,33984,29,31,0
1753,0.850,1.678,0.013,2.541,1.627,16644,23067,0,36,33,33,1264944,33984,29,31,0
1754,0.785,0.381,0.012,1.179,2.740,16644,23067,0,36,33,33,1264944,33984,29,31,0
1755,0.749,2.861,0.018,3.628,1.347,16644,23067,0,36,33,33,1264944,33984,29,31,0
1756,0.772,12.063,0.013,12.847,3.791,16644,23067,0,36,33,33,1264944,33984,29,31,0
1757,0.818,6.888,0.015,7.721,13.034,16644,23067,0,36,33,33,1264944,33984,29,31,0
1758,0.816,0.331,0.013,1.160,7.899,16644,23067,0,36,33,33,1264944,33984,29,31,0
1759,0.818,0.420,0.016,1.255,1.334,16644,23067,0,36,33,33,1264944,33984,29,31,0
1760,0.823,0.421,0.016,1.260,1.426,16644,23067,0,36,33,33,1264944,33984,29,31,0
1761,0.728,0.362,0.013,1.102,1.418,16644,23067,0,36,33,33,1264944,33984,29,31,0
1762,0.726,11.017,0.016,11.759,1.235,16644,23067,0,36,33,33,1264944,33984,29,31,0
1763,0.728,7.399,0.013,8.140,11.921,16644,23067,0,36,33,33,1264944,33984,29,31,0
1764,0.796,6.972,0.015,7.782,8.325,16644,23067,0,36,33,33,1264944,33984,29,31,0
1765,0.790,0.337,0.015,1.141,7.978,16644,23067,0,36,33,33,1264944,33984,29,31,0
1766,0.803,0.393,0.012,1.209,1.323,16644,23067,0,36,33,33,1264944,33984,29,31,0
1767,0.774,0.383,0.014,1.171,1.389,16644,23067,0,36,33,33,1264944,33984,29,31,0
1768,0.823,1.952,0.013,2.789,1.339,16644,23067,0,36,33,33,1264944,33984,29,31,0
1769,0.715,0.367,0.013,1.096,2.947,16644,23067,0,36,33,33,1264944,33984,29,31,0
1770,0.718,2.904,0.022,3.643,1.254,16644,23067,0,36,33,33,1264944,33984,29,31,0
1771,0.741,12.420,0.014,13.175,3.829,16644,23067,0,36,33,33,1264944,33984,29,31,0
1772,0.816,6.850,0.015,7.681,13.354,16644,23067,0,36,33,33,1264944,33984,29,31,0
1773,0.822,0.435,0.015,1.271,7.868,16644,23067,0,36,33,33,1264944,33984,29,31,0
1774,0.767,0.363,0.012,1.143,1.434,16644,23067,0,36,33,33,1264944,33984,29,31,0
1775,0.684,0.345,0.015,1.044,1.294,16644,23067,0,36,33,33,1264944,33984,29,31,0
1776,0.738,2.365,0.016,3.120,1.187,16644,23067,0,36,33,33,1264944,33984,29,31,0
1777,0.752,0.357,0.013,1.123,3.291,16644,23067,0,36,33,33,1264944,33984,29,31,0
1778,0.705,2.745,0.014,3.464,1.271,16644,23067,0,36,33,33,1264944,33984,29,31,0
1779,0.708,12.487,0.015,13.209,3.622,16644,23067,0,36,33,33,1264944,33984,29,31,0
1780,0.816,6.754,0.010,7.580,13.401,16644,23067,0,36,33,33,1264944,33984,29,31,0
1781,0.794,0.334,0.016,1.143,7.765,16644,23067,0,36,33,33,1264944,33984,29,31,0
1782,0.782,0.451,0.016,1.249,1.303,16644,23067,0,36,33,33,1264944,33984,29,31,0
1783,0.809,0.386,0.010,1.205,1.430,16644,23067,0,36,33,33,1264944,33984,29,31,0
1784,0.707,0.838,0.010,1.555,1.353,16644,23067,0,36,33,33,1264944,33984,29,31,0
1785,0.692,10.734,0.013,11.440,1.705,16644,23067,0,36,33,33,1264944,33984,29,31,0
1786,0.802,7.412,0.018,8.232,11.625,16644,23067,0,36,33,33,1264944,33984,29,31,0
1787,0.796,7.002,0.012,7.810,8.414,16644,23067,0,36,33,33,1264944,33984,29,31,0
1788,0.962,7.266,0.016,8.243,8.019,16644,23067,0,36,33,33,1264944,33984,29,31,0
1789,0.791,6.895,0.016,7.702,8.414,16644,23067,0,36,33,33,1264944,33984,29,31,0
1790,1.092,7.078,0.012,8.181,7.929,16644,23067,0,36,33,33,1264944,33984,29,31,0
1791,0.917,6.907,0.016,7.840,8.401,16644,23067,0,36,33,33,1264944,33984,29,31,0
1792,1.069,0.408,0.018,1.495,8.069,16644,23067,0,36,33,33,1264944,33984,29,31,0
1793,0.930,0.462,0.017,1.409,1.694,16644,23067,0,36,33,33,1264944,33984,29,31,0
1794,1.038,1.928,0.017,2.983,1.599,16644,23067,0,36,33,33,1264944,33984,29,31,0
1795,0.989,0.525,0.019,1.534,3.187,16644,23067,0,36,33,33,1264944,33984,29,31,0
1796,0.887,3.380,0.037,4.305,1.741,16644,23067,0,36,33,33,1264944,33984,29,31,0
1797,0.863,11.787,0.024,12.674,4.503,16644,23067,0,36,33,33,1264944,33984,29,31,0
1798,0.948,6.831,0.021,7.800,12.896,16644,23067,0,36,33,33,1264944,33984,29,31,0
1799,0.926,0.395,0.016,1.337,8.014,16644,23067,0,36,33,33,1264944,33984,29,31,0
1800,0.940,0.448,53.020,54.408,1.536,16644,23067,0,36,33,33,1264944,33984,29,31,0
1801,0.642,0.375,0.016,1.034,54.526,16644,23067,0,36,33,33,1264944,33984,29,31,0
1802,0.570,1.693,0.012,2.275,1.149,16644,23067,0,36,33,33,1264944,33984,29,31,0
1803,0.711,5.868,0.015,6.594,2.393,16644,23067,0,36,33,33,1264944,33984,29,31,0
1804,0.652,0.848,0.017,1.516,6.737,16644,23067,0,36,33,33,1264944,33984,29,31,0
1805,0.590,0.897,0.007,1.495,1.634,16644,23067,0,36,33,33,1264944,33984,29,31,0
1806,0.518,0.712,0.015,1.244,1.600,16644,23067,0,36,33,33,1264944,33984,29,31,0
1807,0.526,11.633,0.026,12.186,1.347,16644,23067,0,36,33,33,1264944,33984,29,31,0
1808,0.722,1.286,0.016,2.024,12.332,16644,23067,0,36,33,33,1264944,33984,29,31,0
1809,0.545,0.335,0.011,0.891,2.151,16644,23067,0,36,33,33,1264944,33984,29,31,0
1810,0.501,4.136,0.010,4.647,1.002,16644,23067,0,36,33,33,1264944,33984,29,31,0
1811,0.524,0.692,0.013,1.229,4.759,16644,23067,0,36,33,33,1264944,33984,29,31,0
1812,0.537,1.798,0.014,2.348,1.329,16644,23067,0,36,33,33,1264944,33984,29,31,0
1813,0.551,3.762,0.009,4.322,2.461,16644,23067,0,36,33,33,1264944,33984,29,31,0
1814,0.519,0.719,0.007,1.245,4.431,16644,23067,0,36,33,33,1264944,33984,29,31,0
1815,0.553,1.079,0.011,1.643,1.365,16644,23067,0,36,33,33,1264944,33984,29,31,0
1816,0.508,3.191,0.011,3.711,1.744,16644,23067,0,36,33,33,1264944,33984,29,31,0
1817,0.570,0.585,0.009,1.164,3.828,16644,23067,0,36,33,33,1264944,33984,29,31,0
1818,0.521,1.795,0.008,2.325,1.276,16644,23067,0,36,33,33,1264944,33984,29,31,0
1819,0.556,14.324,0.018,14.899,2.434,16644,23067,0,36,33,33,1264944,33984,29,31,0
1820,0.666,7.041,0.014,7.721,15.024,16644,23067,0,36,33,33,1264944,33984,29,31,0
1821,0.549,0.629,0.012,1.191,7.833,16644,23067,0,36,33,33,1264944,33984,29,31,0
1822,0.630,0.324,0.012,0.966,1.318,16644,23067,0,36,33,33,1264944,33984,29,31,0
1823,0.536,0.331,0.010,0.878,1.084,16644,23067,0,36,33,33,1264944,33984,29,31,0
1824,0.556,0.264,0.009,0.829,0.990,16644,23067,0,36,33,33,1264944,33984,29,31,0
1825,0.556,0.728,0.010,1.294,0.940,16644,23067,0,36,33,33,1264944,33984,29,31,0
1826,0.520,3.324,0.008,3.851,1.396,16644,23067,0,36,33,33,1264944,33984,29,31,0
1827,0.836,14.825,0.009,15.671,3.968,16644,23067,0,36,33,33,1264944,33984,29,31,0
1828,0.853,6.911,0.015,7.778,15.804,16644,23067,0,36,33,33,1264944,33984,29,31,0
1829,0.658,0.515,0.012,1.184,7.925,16644,23067,0,36,33,33,1264944,33984,29,31,0
1830,0.628,0.350,0.013,0.992,1.316,16644,23067,0,36,33,33,1264944,33984,29,31,0
1831,0.885,0.313,0.007,1.205,1.112,16644,23067,0,36,33,33,1264944,33984,29,31,0
1832,0.646,0.338,0.007,0.991,1.340,16644,23067,0,36,33,33,1264944,33984,29,31,0
1833,0.608,0.356,0.013,0.977,1.112,16644,23067,0,36,33,33,1264944,33984,29,31,0
1834,0.549,0.281,0.011,0.841,1.089,16644,23067,0,36,33,33,1264944,33984,29,31,0
1835,0.560,3.216,0.011,3.787,0.953,16644,23067,0,36,33,33,1264944,33984,29,31,0
1836,0.534,15.167,0.011,15.712,3.901,16644,23067,0,36,33,33,1264944,33984,29,31,0
1837,0.609,6.117,0.012,6.738,15.851,16644,23067,0,36,33,33,1264944,33984,29,31,0
1838,0.597,0.283,0.013,0.893,6.883,16644,23067,0,36,33,33,1264944,33984,29,31,0
1839,0.876,0.629,0.012,1.516,1.015,16644,23067,0,36,33,33,1264944,33984,29,31,0
1840,0.622,1.373,0.009,2.004,1.655,16644,23067,0,36,33,33,1264944,33984,29,31,0
1841,0.621,0.448,0.009,1.078,2.138,16644,23067,0,36,33,33,1264944,33984,29,31,0
1842,0.610,1.700,0.010,2.320,1.219,16644,23067,0,36,33,33,1264944,33984,29,31,0
1843,0.577,4.739,0.013,5.328,2.453,16644,23067,0,36,33,33,1264944,33984,29,31,0
1844,0.878,10.435,0.012,11.325,5.463,16644,23067,0,36,33,33,1264944,33984,29,31,0
1845,0.667,6.921,0.010,7.598,11.472,16644,23067,0,36,33,33,1264944,33984,29,31,0
1846,0.824,0.416,0.012,1.251,7.738,16644,23067,0,36,33,33,1264944,33984,29,31,0
1847,0.662,1.728,0.012,2.402,1.382,16644,23067,0,36,33,33,1264944,33984,29,31,0
1848,0.686,0.523,0.013,1.222,2.540,16644,23067,0,36,33,33,1264944,33984,29,31,0
1849,0.698,1.364,0.009,2.071,1.359,16644,23067,0,36,33,33,1264944,33984,29,31,0
1850,0.676,4.103,0.011,4.790,2.220,16644,23067,0,36,33,33,1264944,33984,29,31,0
1851,0.932,11.754,0.007,12.694,4.923,16644,23067,0,36,33,33,1264944,33984,29,31,0
1852,0.912,6.994,0.013,7.919,12.836,16644,23067,0,36,33,33,1264944,33984,29,31,0
1853,0.722,0.297,0.010,1.030,8.083,16644,23067,0,36,33,33,1264944,33984,29,31,0
1854,0.691,1.626,0.012,2.328,1.174,16644,23067,0,36,33,33,1264944,33984,29,31,0
1855,0.723,0.474,0.014,1.211,2.498,16644,23067,0,36,33,33,1264944,33984,29,31,0
1856,0.983,1.280,0.013,2.276,1.358,16644,23067,0,36,33,33,1264944,33984,29,31,0
1857,0.641,4.572,0.011,5.224,2.417,16644,23067,0,36,33,33,1264944,33984,29,31,0
1858,0.655,11.648,0.012,12.315,5.363,16644,23067,0,36,33,33,1264944,33984,29,31,0
1859,0.958,6.844,0.013,7.815,12.474,16644,23067,0,36,33,33,1264944,33984,29,31,0
1860,11.551,0.859,0.014,12.424,7.082,16750,23167,0,36,33,33,1273000,34824,29,31,0
1861,1.268,0.348,0.010,1.625,12.538,16750,23167,0,36,33,33,1273000,34824,29,31,0
1862,3.015,0.311,0.010,3.336,1.726,16750,23167,0,36,33,33,1273000,34824,29,31,0
1863,0.465,7.055,0.013,7.533,3.452,16750,23167,0,36,33,33,1273000,34824,29,31,0
1864,0.456,7.374,0.006,7.836,7.635,16750,23167,0,36,33,33,1273000,34824,29,31,0
1865,0.507,7.810,0.010,8.327,7.933,16750,23167,0,36,33,33,1273000,34824,29,31,0
1866,0.461,7.765,0.010,8.236,8.441,16750,23167,0,36,33,33,1273000,34824,29,31,0
1867,0.485,8.025,0.008,8.518,8.353,16750,23167,0,36,33,33,1273000,34824,29,31,0
1868,0.517,7.395,0.010,7.922,8.648,16750,23167,0,36,33,33,1273000,34824,29,31,0
1869,0.548,0.773,0.011,1.332,8.045,16750,23167,0,36,33,33,1273000,34824,29,31,0
1870,0.567,1.405,0.008,1.981,1.468,16750,23167,0,36,33,33,1273000,34824,29,31,0
1871,0.546,0.667,0.009,1.222,2.107,16750,23167,0,36,33,33,1273000,34824,29,31,0
1872,0.552,1.685,0.018,2.254,1.343,16750,23167,0,36,33,33,1273000,34824,29,31,0
1873,0.535,4.789,0.013,5.336,2.378,16750,23167,0,36,33,33,1273000,34824,29,31,0
1874,0.555,12.157,0.015,12.727,5.464,16750,23167,0,36,33,33,1273000,34824,29,31,0
1875,0.594,7.216,0.012,7.822,12.869,16750,23167,0,36,33,33,1273000,34824,29,31,0
1876,0.564,0.594,0.009,1.167,7.959,16750,23167,0,36,33,33,1273000,34824,29,31,0
1877,0.573,0.368,0.016,0.957,1.305,16750,23167,0,36,33,33,1273000,34824,29,31,0
1878,0.648,0.321,0.012,0.980,1.093,16750,23167,0,36,33,33,1273000,34824,29,31,0
1879,0.548,0.289,0.017,0.854,1.097,16750,23167,0,36,33,33,1273000,34824,29,31,0
1880,0.581,0.292,0.010,0.883,0.974,16750,23167,0,36,33,33,1273000,34824,29,31,0
1881,0.559,3.358,0.011,3.928,1.009,16750,23167,0,36,33,33,1273000,34824,29,31,0
1882,0.563,15.093,0.011,15.668,4.070,16750,23167,0,36,33,33,1273000,34824,29,31,0
1883,0.632,7.130,0.009,7.771,15.830,16750,23167,0,36,33,33,1273000,34824,29,31,0
1884,0.618,0.511,0.012,1.141,7.921,16750,23167,0,36,33,33,1273000,34824,29,31,0
1885,0.639,0.340,0.012,0.991,1.279,16750,23167,0,36,33,33,1273000,34824,29,31,0
1886,0.642,0.382,0.020,1.045,1.129,16750,23167,0,36,33,33,1273000,34824,29,31,0
1887,0.626,0.306,0.007,0.939,1.183,16750,23167,0,36,33,33,1273000,34824,29,31,0
1888,0.619,0.312,0.013,0.944,1.072,16750,23167,0,36,33,33,1273000,34824,29,31,0
1889,0.595,3.332,0.008,3.935,1.080,16750,23167,0,36,33,33,1273000,34824,29,31,0
1890,0.602,14.803,0.009,15.414,4.076,16750,23167,0,36,33,33,1273000,34824,29,31,0
1891,0.619,7.210,0.010,7.840,15.563,16750,23167,0,36,33,33,1273000,34824,29,31,0
1892,0.639,0.757,0.011,1.406,7.979,16750,23167,0,36,33,33,1273000,34824,29,31,0
1893,0.686,0.324,0.012,1.022,1.573,16750,23167,0,36,33,33,1273000,34824,29,31,0
1894,0.664,0.319,0.013,0.997,1.174,16750,23167,0,36,33,33,1273000,34824,29,31,0
1895,0.665,0.397,0.010,1.072,1.140,16750,23167,0,36,33,33,1273000,34824,29,31,0
1896,0.599,0.265,0.012,0.876,1.205,16750,23167,0,36,33,33,1273000,34824,29,31,0
1897,0.594,3.259,0.012,3.865,1.014,16750,23167,0,36,33,33,1273000,34824,29,31,0
1898,0.593,14.557,0.015,15.165,4.017,16750,23167,0,36,33,33,1273000,34824,29,31,0
1899,0.969,6.734,0.014,7.717,15.317,16750,23167,0,36,33,33,1273000,34824,29,31,0
1900,0.902,0.312,0.008,1.223,7.869,16750,23167,0,36,33,33,1273000,34824,29,31,0
1901,0.668,0.295,0.013,0.976,1.375,16750,23167,0,36,33,33,1273000,34824,29,31,0
1902,0.652,0.564,0.010,1.227,1.131,16750,23167,0,36,33,33,1273000,34824,29,31,0
1903,0.653,0.324,0.014,0.991,1.378,16750,23167,0,36,33,33,1273000,34824,29,31,0
1904,0.585,11.115,0.014,11.714,1.128,16750,23167,0,36,33,33,1273000,34824,29,31,0
1905,0.936,7.859,0.009,8.803,11.872,16750,23167,0,36,33,33,1273000,34824,29,31,0
1906,0.663,6.709,0.008,7.380,8.961,16750,23167,0,36,33,33,1273000,34824,29,31,0
1907,0.937,0.281,0.011,1.229,7.546,16750,23167,0,36,33,33,1273000,34824,29,31,0
1908,0.678,0.286,0.017,0.981,1.379,16750,23167,0,36,33,33,1273000,34824,29,31,0
1909,0.672,0.339,0.010,1.021,1.131,16750,23167,0,36,33,33,1273000,34824,29,31,0
1910,0.688,0.329,0.008,1.026,1.168,16750,23167,0,36,33,33,1273000,34824,29,31,0
1911,0.693,0.356,0.023,1.072,1.174,16750,23167,0,36,33,33,1273000,34824,29,31,0
1912,0.706,1.122,0.011,1.839,1.228,16750,23167,0,36,33,33,1273000,34824,29,31,0
1913,0.640,2.958,0.009,3.607,2.011,16750,23167,0,36,33,33,1273000,34824,29,31,0
1914,0.941,12.509,0.012,13.462,3.775,16750,23167,0,36,33,33,1273000,34824,29,31,0
1915,0.967,6.801,0.012,7.780,13.616,16750,23167,0,36,33,33,1273000,34824,29,31,0
1916,0.671,0.517,0.016,1.204,7.943,16750,23167,0,36,33,33,1273000,34824,29,31,0
1917,0.669,0.384,0.009,1.062,1.356,16750,23167,0,36,33,33,1273000,34824,29,31,0
1918,0.865,0.345,0.016,1.226,1.216,16750,23167,0,36,33,33,1273000,34824,29,31,0
1919,0.699,0.336,0.009,1.043,1.373,16750,23167,0,36,33,33,1273000,34824,29,31,0
1920,0.667,10.738,0.008,11.414,1.197,16750,23167,0,36,33,33,1273000,34824,29,31,0
1921,0.938,7.842,0.016,8.795,11.576,16750,23167,0,36,33,33,1273000,34824,29,31,0
1922,0.941,6.699,0.012,7.651,8.986,16750,23167,0,36,33,33,1273000,34824,29,31,0
1923,0.778,0.711,0.018,1.507,7.829,16750,23167,0,36,33,33,1273000,34824,29,31,0
1924,1.006,0.342,0.021,1.369,1.690,16750,23167,0,36,33,33,1273000,34824,29,31,0
1925,0.805,0.451,0.009,1.265,1.546,16750,23167,0,36,33,33,1273000,34824,29,31,0
1926,0.786,0.352,0.013,1.152,1.445,16750,23167,0,36,33,33,1273000,34824,29,31,0
1927,0.802,1.356,0.013,2.170,1.320,16750,23167,0,36,33,33,1273000,34824,29,31,0
1928,0.655,3.671,0.011,4.338,2.336,16750,23167,0,36,33,33,1273000,34824,29,31,0
1929,0.930,11.163,0.014,12.107,4.502,16750,23167,0,36,33,33,1273000,34824,29,31,0
1930,0.765,7.166,0.010,7.940,12.283,16750,23167,0,36,33,33,1273000,34824,29,31,0
1931,0.747,0.435,0.015,1.197,8.124,16750,23167,0,36,33,33,1273000,34824,29,31,0
1932,0.829,0.396,0.017,1.242,1.376,16750,23167,0,36,33,33,1273000,34824,29,31,0
1933,0.796,0.399,0.016,1.211,1.427,16750,23167,0,36,33,33,1273000,34824,29,31,0
1934,0.783,0.344,0.013,1.140,1.390,16750,23167,0,36,33,33,1273000,34824,29,31,0
1935,0.751,10.218,0.015,10.984,1.310,16750,23167,0,36,33,33,1273000,34824,29,31,0
1936,0.759,8.072,0.015,8.847,11.163,16750,23167,0,36,33,33,1273000,34824,29,31,0
1937,0.971,6.430,0.013,7.414,9.031,16750,23167,0,36,33,33,1273000,34824,29,31,0
1938,0.765,0.385,0.019,1.169,7.597,16750,23167,0,36,33,33,1273000,34824,29,31,0
1939,0.768,0.352,0.014,1.134,1.346,16750,23167,0,36,33,33,1273000,34824,29,31,0
1940,1.021,0.348,0.010,1.379,1.303,16750,23167,0,36,33,33,1273000,34824,29,31,0
1941,0.789,0.381,0.015,1.185,1.548,16750,23167,0,36,33,33,1273000,34824,29,31,0
1942,0.714,10.311,0.016,11.041,1.358,16750,23167,0,36,33,33,1273000,34824,29,31,0
1943,0.963,7.710,0.013,8.687,11.219,16750,23167,0,36,33,33,1273000,34824,29,31,0
1944,0.760,6.891,0.012,7.663,8.866,16750,23167,0,36,33,33,1273000,34824,29,31,0
1945,0.758,0.744,0.014,1.516,7.840,16750,23167,0,36,33,33,1273000,34824,29,31,0
1946,0.991,0.346,0.014,1.351,1.697,16750,23167,0,36,33,33,1273000,34824,29,31,0
1947,0.811,0.368,0.013,1.191,1.522,16750,23167,0,36,33,33,1273000,34824,29,31,0
1948,0.808,0.364,0.015,1.187,1.359,16750,23167,0,36,33,33,1273000,34824,29,31,0
1949,0.765,1.430,0.021,2.215,1.356,16750,23167,0,36,33,33,1273000,34824,29,31,0
1950,0.742,3.205,0.012,3.958,2.393,16750,23167,0,36,33,33,1273000,34824,29,31,0
1951,0.942,11.447,0.013,12.402,4.146,16750,23167,0,36,33,33,1273000,34824,29,31,0
1952,0.956,6.825,0.009,7.790,12.578,16750,23167,0,36,33,33,1273000,34824,29,31,0
1953,0.751,0.421,0.014,1.186,7.981,16750,23167,0,36,33,33,1273000,34824,29,31,0
1954,0.754,0.323,0.013,1.091,1.357,16750,23167,0,36,33,33,1273000,34824,29,31,0
1955,1.001,0.340,0.011,1.352,1.268,16750,23167,0,36,33,33,1273000,34824,29,31,0
1956,0.762,0.411,0.012,1.185,1.524,16750,23167,0,36,33,33,1273000,34824,29,31,0
1957,0.821,0.397,0.014,1.233,1.363,16750,23167,0,36,33,33,1273000,34824,29,31,0
1958,0.741,0.357,0.019,1.117,1.417,16750,23167,0,36,33,33,1273000,34824,29,31,0
1959,0.695,2.990,0.012,3.697,1.284,16750,23167,0,36,33,33,1273000,34824,29,31,0
1960,0.940,12.250,0.015,13.205,3.855,16750,23167,0,36,33,33,1273000,34824,29,31,0
1961,0.919,6.738,0.010,7.667,13.409,16750,23167,0,36,33,33,1273000,34824,29,31,0
1962,0.776,0.358,0.014,1.148,7.851,16750,23167,0,36,33,33,1273000,34824,29,31,0
1963,0.759,0.362,0.019,1.140,1.323,16750,23167,0,36,33,33,1273000,34824,29,31,0
1964,0.749,0.335,0.023,1.106,1.325,16750,23167,0,36,33,33,1273000,34824,29,31,0
1965,0.900,0.395,0.013,1.308,1.285,16750,23167,0,36,33,33,1273000,34824,29,31,0
1966,0.735,10.586,0.015,11.336,1.482,16750,23167,0,36,33,33,1273000,34824,29,31,0
1967,0.959,7.772,0.014,8.745,11.525,16750,23167,0,36,33,33,1273000,34824,29,31,0
1968,0.969,6.677,0.015,7.662,8.929,16750,23167,0,36,33,33,1273000,34824,29,31,0
1969,0.787,0.746,0.013,1.546,7.841,16750,23167,0,36,33,33,1273000,34824,29,31,0
1970,0.993,0.329,0.013,1.335,1.727,16750,23167,0,36,33,33,1273000,34824,29,31,0
1971,0.782,0.408,0.016,1.206,1.518,16750,23167,0,36,33,33,1273000,34824,29,31,0
1972,0.805,0.381,0.023,1.208,1.382,16750,23167,0,36,33,33,1273000,34824,29,31,0
1973,0.812,0.978,0.013,1.804,1.372,16750,23167,0,36,33,33,1273000,34824,29,31,0
1974,0.750,3.395,0.009,4.153,1.975,16750,23167,0,36,33,33,1273000,34824,29,31,0
1975,1.039,11.471,0.014,12.524,4.326,16750,23167,0,36,33,33,1273000,34824,29,31,0
1976,0.942,6.812,0.019,7.773,12.729,16750,23167,0,36,33,33,1273000,34824,29,31,0
1977,0.772,0.622,0.013,1.407,7.965,16750,23167,0,36,33,33,1273000,34824,29,31,0
1978,1.020,0.428,0.013,1.461,1.591,16750,23167,0,36,33,33,1273000,34824,29,31,0
1979,0.735,0.413,0.017,1.166,1.637,16750,23167,0,36,33,33,1273000,34824,29,31,0
1980,0.786,0.407,31.178,32.371,1.335,16750,23167,0,36,33,33,1273000,34824,29,31,0
1981,0.542,0.319,0.008,0.868,32.489,16750,23167,0,36,33,33,1273000,34824,29,31,0
1982,0.833,2.651,0.012,3.495,0.994,16750,23167,0,36,33,33,1273000,34824,29,31,0
1983,0.544,7.750,0.009,8.303,3.626,16750,23167,0,36,33,33,1273000,34824,29,31,0
1984,0.525,8.264,0.009,8.798,8.435,16750,23167,0,36,33,33,1273000,34824,29,31,0
1985,0.594,6.972,0.007,7.574,8.932,16750,23167,0,36,33,33,1273000,34824,29,31,0
1986,0.600,0.656,0.010,1.266,7.715,16750,23167,0,36,33,33,1273000,34824,29,31,0
1987,0.608,0.363,0.009,0.980,1.410,16750,23167,0,36,33,33,1273000,34824,29,31,0
1988,0.893,0.408,0.021,1.322,1.120,16750,23167,0,36,33,33,1273000,34824,29,31,0
1989,0.598,0.305,0.010,0.914,1.455,16750,23167,0,36,33,33,1273000,34824,29,31,0
1990,0.580,0.342,0.034,0.956,1.030,16750,23167,0,36,33,33,1273000,34824,29,31,0
1991,0.579,4.391,0.010,4.979,1.087,16750,23167,0,36,33,33,1273000,34824,29,31,0
1992,0.624,13.386,0.013,14.023,5.117,16750,23167,0,36,33,33,1273000,34824,29,31,0
1993,0.853,6.965,0.011,7.830,14.158,16750,23167,0,36,33,33,1273000,34824,29,31,0
1994,0.646,0.601,0.012,1.259,7.978,16750,23167,0,36,33,33,1273000,34824,29,31,0
1995,0.872,0.327,0.009,1.208,1.404,16750,23167,0,36,33,33,1273000,34824,29,31,0
1996,0.652,0.322,0.010,0.984,1.355,16750,23167,0,36,33,33,1273000,34824,29,31,0
1997,0.673,0.426,0.011,1.110,1.117,16750,23167,0,36,33,33,1273000,34824,29,31,0
1998,0.592,0.312,0.018,0.921,1.247,16750,23167,0,36,33,33,1273000,34824,29,31,0
1999,0.575,4.120,0.011,4.706,1.052,16750,23167,0,36,33,33,1273000,34824,29,31,0
2000,0.604,13.544,0.011,14.159,4.840,16750,23167,0,36,33,33,1273000,34824,29,31,0
2001,0.916,7.011,0.013,7.940,14.308,16750,23167,0,36,33,33,1273000,34824,29,31,0
2002,0.643,0.508,0.010,1.161,8.092,16750,23167,0,36,33,33,1273000,34824,29,31,0
2003,0.628,0.490,0.009,1.127,1.301,16750,23167,0,36,33,33,1273000,34824,29,31,0
2004,0.615,0.303,0.010,0.927,1.258,16750,23167,0,36,33,33,1273000,34824,29,31,0
2005,0.711,0.609,0.012,1.332,1.047,16750,23167,0,36,33,33,1273000,34824,29,31,0
2006,0.610,0.284,0.009,0.903,1.486,16750,23167,0,36,33,33,1273000,34824,29,31,0
2007,0.598,3.892,0.013,4.503,1.049,16750,23167,0,36,33,33,1273000,34824,29,31,0
2008,0.594,15.115,0.012,15.720,4.652,16750,23167,0,36,33,33,1273000,34824,29,31,0
2009,0.646,5.991,0.009,6.645,15.878,16750,23167,0,36,33,33,1273000,34824,29,31,0
2010,0.609,0.316,0.011,0.936,6.792,16750,23167,0,36,33,33,1273000,34824,29,31,0
2011,0.606,0.286,0.012,0.905,1.067,16750,23167,0,36,33,33,1273000,34824,29,31,0
2012,0.612,2.007,0.012,2.632,1.049,16750,23167,0,36,33,33,1273000,34824,29,31,0
2013,0.734,0.484,0.011,1.230,2.786,16750,23167,0,36,33,33,1273000,34824,29,31,0
2014,0.642,2.320,0.013,2.975,1.381,16750,23167,0,36,33,33,1273000,34824,29,31,0
2015,0.641,5.348,0.011,6.000,3.120,16750,23167,0,36,33,33,1273000,34824,29,31,0
2016,0.905,8.137,0.014,9.056,6.146,16750,23167,0,36,33,33,1273000,34824,29,31,0
2017,0.648,7.445,0.015,8.108,9.197,16750,23167,0,36,33,33,1273000,34824,29,31,0
2018,0.668,0.491,0.011,1.169,8.243,16750,23167,0,36,33,33,1273000,34824,29,31,0
2019,0.580,1.778,0.012,2.369,1.296,16750,23167,0,36,33,33,1273000,34824,29,31,0
2020,0.589,0.885,0.016,1.490,2.514,16750,23167,0,36,33,33,1273000,34824,29,31,0
2021,0.749,1.326,0.012,2.087,1.641,16750,23167,0,36,33,33,1273000,34824,29,31,0
2022,0.641,4.539,0.014,5.194,2.218,16750,23167,0,36,33,33,1273000,34824,29,31,0
2023,0.579,11.593,0.012,12.184,5.337,16750,23167,0,36,33,33,1273000,34824,29,31,0
2024,0.586,7.042,0.011,7.639,12.307,16750,23167,0,36,33,33,1273000,34824,29,31,0
2025,0.587,0.553,0.013,1.153,7.767,16750,23167,0,36,33,33,1273000,34824,29,31,0
2026,0.623,1.496,0.008,2.127,1.308,16750,23167,0,36,33,33,1273000,34824,29,31,0
2027,0.579,0.575,0.009,1.163,2.255,16750,23167,0,36,33,33,1273000,34824,29,31,0
2028,0.559,1.950,0.011,2.521,1.288,16750,23167,0,36,33,33,1273000,34824,29,31,0
2029,0.599,4.594,0.011,5.203,2.655,16750,23167,0,36,33,33,1273000,34824,29,31,0
2030,0.592,11.820,0.012,12.424,5.328,16750,23167,0,36,33,33,1273000,34824,29,31,0
2031,0.631,7.160,0.009,7.800,12.578,16750,23167,0,36,33,33,1273000,34824,29,31,0
2032,0.629,0.737,0.009,1.376,7.949,16750,23167,0,36,33,33,1273000,34824,29,31,0
2033,0.640,1.373,0.012,2.025,1.520,16750,23167,0,36,33,33,1273000,34824,29,31,0
2034,0.619,0.562,0.010,1.191,2.172,16750,23167,0,36,33,33,1273000,34824,29,31,0
2035,0.655,1.444,0.012,2.111,1.326,16750,23167,0,36,33,33,1273000,34824,29,31,0
2036,0.612,2.950,0.014,3.576,2.238,16750,23167,0,36,33,33,1273000,34824,29,31,0
2037,0.901,13.713,0.014,14.628,3.713,16750,23167,0,36,33,33,1273000,34824,29,31,0
2038,0.923,7.071,0.012,8.006,14.780,16750,23167,0,36,33,33,1273000,34824,29,31,0
2039,0.627,0.457,0.013,1.098,8.168,16750,23167,0,36,33,33,1273000,34824,29,31,0
2040,20.026,0.838,0.015,20.878,5.387,16644,23067,0,36,33,33,1264944,33984,29,31,0
2041,1.328,0.244,0.010,1.583,20.973,16644,23067,0,36,33,33,1264944,33984,29,31,0
2042,3.102,0.585,0.012,3.699,1.696,16644,23067,0,36,33,33,1264944,33984,29,31,0
2043,0.436,0.543,0.010,0.990,3.816,16644,23067,0,36,33,33,1264944,33984,29,31,0
2044,0.461,7.523,0.010,7.994,1.076,16644,23067,0,36,33,33,1264944,33984,29,31,0
2045,0.441,7.950,0.008,8.399,8.106,16644,23067,0,36,33,33,1264944,33984,29,31,0
2046,0.446,7.642,0.009,8.097,8.503,16644,23067,0,36,33,33,1264944,33984,29,31,0
2047,0.483,7.827,0.009,8.319,8.205,16644,23067,0,36,33,33,1264944,33984,29,31,0
2048,0.496,0.670,0.009,1.175,8.432,16644,23067,0,36,33,33,1264944,33984,29,31,0
2049,0.533,0.286,0.008,0.828,1.285,16644,23067,0,36,33,33,1264944,33984,29,31,0
2050,0.466,0.377,0.009,0.852,0.935,16644,23067,0,36,33,33,1264944,33984,29,31,0
2051,0.462,3.013,0.010,3.485,0.947,16644,23067,0,36,33,33,1264944,33984,29,31,0
2052,0.496,0.924,0.005,1.425,3.594,16644,23067,0,36,33,33,1264944,33984,29,31,0
2053,0.477,2.696,0.010,3.184,1.522,16644,23067,0,36,33,33,1264944,33984,29,31,0
2054,0.499,13.032,0.007,13.538,3.292,16644,23067,0,36,33,33,1264944,33984,29,31,0
2055,0.494,7.451,0.009,7.953,13.647,16644,23067,0,36,33,33,1264944,33984,29,31,0
2056,0.538,0.557,0.009,1.104,8.075,16644,23067,0,36,33,33,1264944,33984,29,31,0
2057,0.536,0.281,0.008,0.825,1.218,16644,23067,0,36,33,33,1264944,33984,29,31,0
2058,0.527,0.444,0.012,0.982,0.927,16644,23067,0,36,33,33,1264944,33984,29,31,0
2059,0.511,3.485,0.008,4.004,1.085,16644,23067,0,36,33,33,1264944,33984,29,31,0
2060,0.510,0.352,0.010,0.872,4.128,16644,23067,0,36,33,33,1264944,33984,29,31,0
2061,0.514,2.807,0.007,3.328,0.988,16644,23067,0,36,33,33,1264944,33984,29,31,0
2062,0.529,12.800,0.011,13.340,3.447,16644,23067,0,36,33,33,1264944,33984,29,31,0
2063,0.549,7.811,0.012,8.373,13.460,16644,23067,0,36,33,33,1264944,33984,29,31,0
2064,0.602,0.462,0.010,1.073,8.508,16644,23067,0,36,33,33,1264944,33984,29,31,0
2065,0.586,0.339,0.010,0.935,1.200,16644,23067,0,36,33,33,1264944,33984,29,31,0
2066,0.587,0.332,0.010,0.929,1.056,16644,23067,0,36,33,33,1264944,33984,29,31,0
2067,0.588,0.363,0.012,0.964,1.049,16644,23067,0,36,33,33,1264944,33984,29,31,0
2068,0.584,11.571,0.011,12.167,1.087,16644,23067,0,36,33,33,1264944,33984,29,31,0
2069,0.583,7.589,0.011,8.182,12.296,16644,23067,0,36,33,33,1264944,33984,29,31,0
2070,0.594,7.586,0.012,8.192,8.310,16644,23067,0,36,33,33,1264944,33984,29,31,0
2071,0.616,0.414,0.013,1.043,8.332,16644,23067,0,36,33,33,1264944,33984,29,31,0
2072,0.666,0.319,0.011,0.996,1.179,16644,23067,0,36,33,33,1264944,33984,29,31,0
2073,0.629,0.316,0.009,0.955,1.128,16644,23067,0,36,33,33,1264944,33984,29,31,0
2074,0.606,0.300,0.006,0.912,1.089,16644,23067,0,36,33,33,1264944,33984,29,31,0
2075,0.592,0.357,0.014,0.963,1.027,16644,23067,0,36,33,33,1264944,33984,29,31,0
2076,0.581,3.795,0.007,4.384,1.069,16644,23067,0,36,33,33,1264944,33984,29,31,0
2077,0.595,14.443,0.015,15.054,4.514,16644,23067,0,36,33,33,1264944,33984,29,31,0
2078,0.634,7.234,0.009,7.877,15.197,16644,23067,0,36,33,33,1264944,33984,29,31,0
2079,0.808,0.281,0.011,1.100,8.015,16644,23067,0,36,33,33,1264944,33984,29,31,0
2080,0.681,0.338,0.012,1.031,1.247,16644,23067,0,36,33,33,1264944,33984,29,31,0
2081,0.630,0.315,0.012,0.957,1.164,16644,23067,0,36,33,33,1264944,33984,29,31,0
2082,0.622,0.286,0.015,0.922,1.090,16644,23067,0,36,33,33,1264944,33984,29,31,0
2083,0.643,3.159,0.010,3.812,1.047,16644,23067,0,36,33,33,1264944,33984,29,31,0
2084,0.640,7.683,0.012,8.334,3.951,16644,23067,0,36,33,33,1264944,33984,29,31,0
2085,0.643,7.531,0.013,8.187,8.479,16644,23067,0,36,33,33,1264944,33984,29,31,0
2086,0.924,6.951,0.014,7.888,8.328,16644,23067,0,36,33,33,1264944,33984,29,31,0
2087,0.835,0.267,0.012,1.114,8.035,16644,23067,0,36,33,33,1264944,33984,29,31,0
2088,0.709,0.322,0.008,1.039,1.277,16644,23067,0,36,33,33,1264944,33984,29,31,0
2089,0.687,0.488,0.016,1.191,1.196,16644,23067,0,36,33,33,1264944,33984,29,31,0
2090,0.682,0.386,0.010,1.078,1.340,16644,23067,0,36,33,33,1264944,33984,29,31,0
2091,0.645,0.865,0.012,1.522,1.228,16644,23067,0,36,33,33,1264944,33984,29,31,0
2092,0.666,0.615,0.011,1.292,1.660,16644,23067,0,36,33,33,1264944,33984,29,31,0
2093,0.744,2.449,0.013,3.206,1.425,16644,23067,0,36,33,33,1264944,33984,29,31,0
2094,0.639,12.922,0.010,13.572,3.348,16644,23067,0,36,33,33,1264944,33984,29,31,0
2095,0.692,7.320,0.010,8.022,13.726,16644,23067,0,36,33,33,1264944,33984,29,31,0
2096,0.673,0.646,0.013,1.332,8.181,16644,23067,0,36,33,33,1264944,33984,29,31,0
2097,0.721,0.342,0.010,1.072,1.488,16644,23067,0,36,33,33,1264944,33984,29,31,0
2098,0.936,0.281,0.013,1.230,1.222,16644,23067,0,36,33,33,1264944,33984,29,31,0
2099,0.701,0.344,0.013,1.058,1.383,16644,23067,0,36,33,33,1264944,33984,29,31,0
2100,0.697,10.773,0.013,11.483,1.211,16644,23067,0,36,33,33,1264944,33984,29,31,0
2101,0.706,7.292,0.014,8.012,11.638,16644,23067,0,36,33,33,1264944,33984,29,31,0
2102,0.953,7.173,0.015,8.141,8.163,16644,23067,0,36,33,33,1264944,33984,29,31,0
2103,0.945,0.341,0.016,1.302,8.327,16644,23067,0,36,33,33,1264944,33984,29,31,0
2104,0.803,0.387,0.010,1.200,1.490,16644,23067,0,36,33,33,1264944,33984,29,31,0
2105,0.806,0.390,0.009,1.205,1.374,16644,23067,0,36,33,33,1264944,33984,29,31,0
2106,0.720,0.340,0.013,1.073,1.354,16644,23067,0,36,33,33,1264944,33984,29,31,0
2107,0.730,10.577,0.014,11.321,1.220,16644,23067,0,36,33,33,1264944,33984,29,31,0
2108,0.716,7.541,0.019,8.276,11.486,16644,23067,0,36,33,33,1264944,33984,29,31,0
2109,0.791,7.032,0.012,7.834,8.449,16644,23067,0,36,33,33,1264944,33984,29,31,0
2110,0.958,0.373,0.013,1.344,8.012,16644,23067,0,36,33,33,1264944,33984,29,31,0
2111,0.793,0.645,0.014,1.451,1.515,16644,23067,0,36,33,33,1264944,33984,29,31,0
2112,0.779,0.358,0.009,1.147,1.627,16644,23067,0,36,33,33,1264944,33984,29,31,0
2113,0.839,0.393,0.023,1.255,1.318,16644,23067,0,36,33,33,1264944,33984,29,31,0
2114,0.803,3.776,0.017,4.595,1.425,16644,23067,0,36,33,33,1264944,33984,29,31,0
2115,1.015,13.302,0.013,14.329,4.775,16644,23067,0,36,33,33,1264944,33984,29,31,0
2116,0.957,7.171,0.015,8.143,14.514,16644,23067,0,36,33,33,1264944,33984,29,31,0
2117,0.798,1.260,0.012,2.070,8.327,16644,23067,0,36,33,33,1264944,33984,29,31,0
2118,0.964,0.393,0.017,1.375,2.265,16644,23067,0,36,33,33,1264944,33984,29,31,0
2119,0.839,0.400,0.012,1.250,1.536,16644,23067,0,36,33,33,1264944,33984,29,31,0
2120,0.804,10.634,0.011,11.449,1.426,16644,23067,0,36,33,33,1264944,33984,29,31,0
2121,0.791,7.649,0.015,8.456,11.627,16644,23067,0,36,33,33,1264944,33984,29,31,0
2122,1.149,6.601,0.019,7.770,8.657,16644,23067,0,36,33,33,1264944,33984,29,31,0
2123,1.069,0.488,0.021,1.578,7.981,16644,23067,0,36,33,33,1264944,33984,29,31,0
2124,0.960,0.521,0.015,1.496,1.798,16644,23067,0,36,33,33,1264944,33984,29,31,0
2125,0.938,0.668,0.014,1.619,1.702,16644,23067,0,36,33,33,1264944,33984,29,31,0
2126,0.840,2.049,0.014,2.902,1.804,16644,23067,0,36,33,33,1264944,33984,29,31,0
2127,1.048,3.019,0.015,4.082,3.078,16644,23067,0,36,33,33,1264944,33984,29,31,0
2128,0.818,11.829,0.012,12.658,4.280,16644,23067,0,36,33,33,1264944,33984,29,31,0
2129,1.065,6.161,0.013,7.239,12.888,16644,23067,0,36,33,33,1264944,33984,29,31,0
2130,0.923,0.389,0.019,1.331,7.446,16644,23067,0,36,33,33,1264944,33984,29,31,0
2131,0.922,0.461,0.019,1.402,1.531,16644,23067,0,36,33,33,1264944,33984,29,31,0
2132,1.036,0.601,0.010,1.647,1.592,16644,23067,0,36,33,33,1264944,33984,29,31,0
2133,0.847,2.127,0.013,2.988,1.839,16644,23067,0,36,33,33,1264944,33984,29,31,0
2134,0.787,3.214,0.010,4.011,3.151,16644,23067,0,36,33,33,1264944,33984,29,31,0
2135,0.797,11.978,0.016,12.790,4.199,16644,23067,0,36,33,33,1264944,33984,29,31,0
2136,1.038,6.855,0.016,7.909,12.969,16644,23067,0,36,33,33,1264944,33984,29,31,0
2137,0.934,0.416,0.013,1.364,8.119,16644,23067,0,36,33,33,1264944,33984,29,31,0
2138,0.931,0.575,0.012,1.518,1.556,16644,23067,0,36,33,33,1264944,33984,29,31,0
2139,0.964,0.498,0.011,1.474,1.716,16644,23067,0,36,33,33,1264944,33984,29,31,0
2140,0.956,2.418,0.016,3.390,1.673,16644,23067,0,36,33,33,1264944,33984,29,31,0
2141,0.798,3.577,0.011,4.386,3.572,16644,23067,0,36,33,33,1264944,33984,29,31,0
2142,0.980,11.044,0.014,12.038,4.569,16644,23067,0,36,33,33,1264944,33984,29,31,0
2143,1.064,6.790,0.039,7.892,12.269,16644,23067,0,36,33,33,1264944,33984,29,31,0
2144,0.937,0.401,0.021,1.359,8.113,16644,23067,0,36,33,33,1264944,33984,29,31,0
2145,0.922,0.639,0.020,1.581,1.559,16644,23067,0,36,33,33,1264944,33984,29,31,0
2146,1.105,0.413,0.013,1.532,1.776,16644,23067,0,36,33,33,1264944,33984,29,31,0
2147,0.793,0.438,0.017,1.248,1.709,16644,23067,0,36,33,33,1264944,33984,29,31,0
2148,0.831,3.463,0.012,4.306,1.423,16644,23067,0,36,33,33,1264944,33984,29,31,0
2149,0.829,13.283,0.018,14.130,4.494,16644,23067,0,36,33,33,1264944,33984,29,31,0
2150,1.063,6.733,0.013,7.808,14.349,16644,23067,0,36,33,33,1264944,33984,29,31,0
2151,0.929,0.394,0.027,1.350,8.023,16644,23067,0,36,33,33,1264944,33984,29,31,0
2152,0.917,0.591,0.014,1.521,1.542,16644,23067,0,36,33,33,1264944,33984,29,31,0
2153,1.094,0.990,0.030,2.115,1.724,16644,23067,0,36,33,33,1264944,33984,29,31,0
2154,1.210,0.987,0.014,2.211,2.373,16644,23067,0,36,33,33,1264944,33984,29,31,0
2155,0.838,3.142,0.011,3.991,2.396,16644,23067,0,36,33,33,1264944,33984,29,31,0
2156,0.975,11.828,0.016,12.818,4.192,16644,23067,0,36,33,33,1264944,33984,29,31,0
2157,0.954,6.913,0.021,7.887,13.013,16644,23067,0,36,33,33,1264944,33984,29,31,0
2158,0.935,0.412,0.018,1.365,8.102,16644,23067,0,36,33,33,1264944,33984,29,31,0
2159,0.921,0.682,0.018,1.622,1.559,16644,23067,0,36,33,33,1264944,33984,29,31,0
2160,0.958,0.531,110.627,112.117,1.827,16644,23067,0,36,33,33,1264944,33984,29,31,0
2161,0.479,0.309,0.017,0.805,112.209,16644,23067,0,36,33,33,1264944,33984,29,31,0
2162,0.464,7.287,0.009,7.760,0.915,16644,23067,0,36,33,33,1264944,33984,29,31,0
2163,0.787,7.585,0.010,8.382,7.869,16644,23067,0,36,33,33,1264944,33984,29,31,0
2164,0.754,0.436,0.008,1.199,8.488,16644,23067,0,36,33,33,1264944,33984,29,31,0
2165,0.476,0.324,0.011,0.811,1.296,16644,23067,0,36,33,33,1264944,33984,29,31,0
2166,0.434,5.627,0.008,6.070,0.897,16644,23067,0,36,33,33,1264944,33984,29,31,0
2167,0.443,2.784,0.013,3.240,6.177,16644,23067,0,36,33,33,1264944,33984,29,31,0
2168,0.473,12.999,0.010,13.481,3.347,16644,23067,0,36,33,33,1264944,33984,29,31,0
2169,0.516,7.281,0.009,7.806,13.594,16644,23067,0,36,33,33,1264944,33984,29,31,0
2170,0.490,0.833,0.007,1.330,7.923,16644,23067,0,36,33,33,1264944,33984,29,31,0
2171,0.517,0.270,0.008,0.796,1.439,16644,23067,0,36,33,33,1264944,33984,29,31,0
2172,0.507,1.256,0.007,1.769,0.886,16644,23067,0,36,33,33,1264944,33984,29,31,0
2173,0.522,3.405,0.010,3.936,1.868,16644,23067,0,36,33,33,1264944,33984,29,31,0
2174,0.486,3.496,0.009,3.991,4.045,16644,23067,0,36,33,33,1264944,33984,29,31,0
2175,0.526,12.473,0.009,13.008,4.109,16644,23067,0,36,33,33,1264944,33984,29,31,0
2176,0.544,7.255,0.009,7.808,13.126,16644,23067,0,36,33,33,1264944,33984,29,31,0
2177,0.558,0.539,0.010,1.107,7.930,16644,23067,0,36,33,33,1264944,33984,29,31,0
2178,0.559,0.331,0.007,0.898,1.228,16644,23067,0,36,33,33,1264944,33984,29,31,0
2179,0.573,0.292,0.011,0.876,1.004,16644,23067,0,36,33,33,1264944,33984,29,31,0
2180,0.532,4.639,0.010,5.181,0.981,16644,23067,0,36,33,33,1264944,33984,29,31,0
2181,0.545,3.655,0.007,4.206,5.315,16644,23067,0,36,33,33,1264944,33984,29,31,0
2182,0.572,11.787,0.007,12.366,4.336,16644,23067,0,36,33,33,1264944,33984,29,31,0
2183,0.894,6.945,0.009,7.848,12.495,16644,23067,0,36,33,33,1264944,33984,29,31,0
2184,0.915,0.260,0.012,1.188,7.990,16644,23067,0,36,33,33,1264944,33984,29,31,0
2185,0.626,0.446,0.007,1.079,1.329,16644,23067,0,36,33,33,1264944,33984,29,31,0
2186,0.621,0.632,0.011,1.264,1.215,16644,23067,0,36,33,33,1264944,33984,29,31,0
2187,0.602,3.736,0.013,4.350,1.387,16644,23067,0,36,33,33,1264944,33984,29,31,0
2188,0.798,2.970,0.014,3.782,4.492,16644,23067,0,36,33,33,1264944,33984,29,31,0
2189,0.665,12.204,0.007,12.876,3.927,16644,23067,0,36,33,33,1264944,33984,29,31,0
2190,0.919,7.080,0.010,8.008,13.019,16644,23067,0,36,33,33,1264944,33984,29,31,0
2191,0.625,0.505,0.015,1.145,8.153,16644,23067,0,36,33,33,1264944,33984,29,31,0
2192,0.901,0.376,0.012,1.289,1.284,16644,23067,0,36,33,33,1264944,33984,29,31,0
2193,0.724,2.420,0.016,3.160,1.427,16644,23067,0,36,33,33,1264944,33984,29,31,0
2194,0.744,1.133,0.023,1.900,3.314,16644,23067,0,36,33,33,1264944,33984,29,31,0
2195,0.639,3.325,0.010,3.974,2.040,16644,23067,0,36,33,33,1264944,33984,29,31,0
2196,0.910,12.081,0.015,13.006,4.127,16644,23067,0,36,33,33,1264944,33984,29,31,0
2197,0.966,6.945,0.023,7.934,13.157,16644,23067,0,36,33,33,1264944,33984,29,31,0
2198,0.755,0.333,0.014,1.102,8.102,16644,23067,0,36,33,33,1264944,33984,29,31,0
2199,0.716,0.372,0.014,1.102,1.247,16644,23067,0,36,33,33,1264944,33984,29,31,0
2200,0.944,0.386,0.012,1.342,1.251,16644,23067,0,36,33,33,1264944,33984,29,31,0
2201,0.744,3.144,0.017,3.905,1.504,16644,23067,0,36,33,33,1264944,33984,29,31,0
2202,0.723,3.574,0.010,4.306,4.095,16644,23067,0,36,33,33,1264944,33984,29,31,0
2203,0.869,11.692,0.033,12.594,4.468,16644,23067,0,36,33,33,1264944,33984,29,31,0
2204,0.897,7.051,0.013,7.960,12.763,16644,23067,0,36,33,33,1264944,33984,29,31,0
2205,0.978,0.351,0.013,1.342,8.111,16644,23067,0,36,33,33,1264944,33984,29,31,0
2206,0.769,0.437,0.016,1.222,1.501,16644,23067,0,36,33,33,1264944,33984,29,31,0
2207,0.708,0.612,0.011,1.331,1.367,16644,23067,0,36,33,33,1264944,33984,29,31,0
2208,0.735,2.896,0.017,3.647,1.481,16644,23067,0,36,33,33,1264944,33984,29,31,0
2209,0.695,3.517,0.014,4.227,3.818,16644,23067,0,36,33,33,1264944,33984,29,31,0
2210,0.872,11.627,0.016,12.515,4.374,16644,23067,0,36,33,33,1264944,33984,29,31,0
2211,0.997,6.858,0.015,7.870,12.712,16644,23067,0,36,33,33,1264944,33984,29,31,0
2212,0.812,0.411,0.014,1.237,8.061,16644,23067,0,36,33,33,1264944,33984,29,31,0
2213,0.981,0.734,0.015,1.730,1.415,16644,23067,0,36,33,33,1264944,33984,29,31,0
2214,0.888,1.976,0.017,2.881,1.929,16644,23067,0,36,33,33,1264944,33984,29,31,0
2215,0.820,0.593,0.015,1.428,3.060,16644,23067,0,36,33,33,1264944,33984,29,31,0
2216,0.797,3.226,0.015,4.038,1.599,16644,23067,0,36,33,33,1264944,33984,29,31,0
2217,0.805,12.055,0.011,12.871,4.233,16644,23067,0,36,33,33,1264944,33984,29,31,0
2218,0.976,6.794,0.024,7.794,13.049,16644,23067,0,36,33,33,1264944,33984,29,31,0
2219,0.796,0.417,0.017,1.230,7.983,16644,23067,0,36,33,33,1264944,33984,29,31,0
2220,0.839,0.406,0.014,1.259,1.406,16644,23067,0,36,33,33,1264944,33984,29,31,0
2221,0.960,0.425,0.009,1.394,1.427,16644,23067,0,36,33,33,1264944,33984,29,31,0
2222,0.802,0.438,0.020,1.261,1.569,16644,23067,0,36,33,33,1264944,33984,29,31,0
2223,0.807,10.160,0.013,10.980,1.429,16644,23067,0,36,33,33,1264944,33984,29,31,0
2224,0.981,7.717,0.011,8.709,11.165,16644,23067,0,36,33,33,1264944,33984,29,31,0
2225,0.792,6.692,0.019,7.503,8.901,16644,23067,0,36,33,33,1264944,33984,29,31,0
2226,0.896,0.693,0.014,1.603,7.698,16644,23067,0,36,33,33,1264944,33984,29,31,0
2227,1.088,1.070,0.036,2.194,1.808,16644,23067,0,36,33,33,1264944,33984,29,31,0
2228,1.075,0.501,0.021,1.598,2.469,16644,23067,0,36,33,33,1264944,33984,29,31,0
2229,0.853,3.442,0.014,4.309,1.916,16644,23067,0,36,33,33,1264944,33984,29,31,0
2230,0.789,13.448,0.021,14.258,4.502,16644,23067,0,36,33,33,1264944,33984,29,31,0
2231,0.950,6.723,0.016,7.689,14.494,16644,23067,0,36,33,33,1264944,33984,29,31,0
2232,1.058,0.408,0.017,1.482,7.901,16644,23067,0,36,33,33,1264944,33984,29,31,0
2233,0.929,0.563,0.017,1.510,1.681,16644,23067,0,36,33,33,1264944,33984,29,31,0
2234,0.991,0.469,0.014,1.474,1.715,16644,23067,0,36,33,33,1264944,33984,29,31,0
2235,0.927,0.722,0.015,1.664,1.667,16644,23067,0,36,33,33,1264944,33984,29,31,0
2236,0.792,0.365,0.013,1.170,1.842,16644,23067,0,36,33,33,1264944,33984,29,31,0
2237,0.788,2.590,0.013,3.391,1.340,16644,23067,0,36,33,33,1264944,33984,29,31,0
2238,0.835,12.523,0.028,13.386,3.565,16644,23067,0,36,33,33,1264944,33984,29,31,0
2239,0.944,6.803,0.012,7.758,13.590,16644,23067,0,36,33,33,1264944,33984,29,31,0
2240,1.052,0.373,0.018,1.443,7.970,16644,23067,0,36,33,33,1264944,33984,29,31,0
2241,0.938,0.411,0.014,1.363,1.642,16644,23067,0,36,33,33,1264944,33984,29,31,0
2242,0.924,0.625,0.011,1.560,1.562,16644,23067,0,36,33,33,1264944,33984,29,31,0
2243,0.819,0.413,0.016,1.247,1.739,16644,23067,0,36,33,33,1264944,33984,29,31,0
2244,0.893,9.426,0.017,10.335,1.409,16644,23067,0,36,33,33,1264944,33984,29,31,0
2245,0.834,7.754,0.041,8.629,10.528,16644,23067,0,36,33,33,1264944,33984,29,31,0
2246,1.067,6.341,0.015,7.423,8.843,16644,23067,0,36,33,33,1264944,33984,29,31,0
2247,1.051,0.399,0.025,1.474,7.634,16644,23067,0,36,33,33,1264944,33984,29,31,0
2248,0.929,0.826,0.019,1.774,1.662,16644,23067,0,36,33,33,1264944,33984,29,31,0
2249,0.964,0.751,0.015,1.731,1.972,16644,23067,0,36,33,33,1264944,33984,29,31,0
2250,0.976,1.846,0.015,2.837,1.929,16644,23067,0,36,33,33,1264944,33984,29,31,0
2251,1.090,3.735,0.012,4.837,3.040,16644,23067,0,36,33,33,1264944,33984,29,31,0
2252,0.935,10.674,0.016,11.626,5.055,16644,23067,0,36,33,33,1264944,33984,29,31,0
2253,1.107,6.667,0.010,7.784,11.842,16644,23067,0,36,33,33,1264944,33984,29,31,0
2254,1.223,0.373,0.019,1.615,8.012,16644,23067,0,36,33,33,1264944,33984,29,31,0
2255,0.949,0.500,0.018,1.467,1.811,16644,23067,0,36,33,33,1264944,33984,29,31,0
2256,0.988,1.774,0.018,2.781,1.686,16644,23067,0,36,33,33,1264944,33984,29,31,0
2257,0.943,0.435,0.017,1.395,2.989,16644,23067,0,36,33,33,1264944,33984,29,31,0
2258,0.943,2.807,0.017,3.767,1.597,16644,23067,0,36,33,33,1264944,33984,29,31,0
2259,0.980,11.911,0.025,12.916,3.982,16644,23067,0,36,33,33,1264944,33984,29,31,0
2260,1.082,6.747,0.011,7.840,13.126,16644,23067,0,36,33,33,1264944,33984,29,31,0
2261,0.940,0.442,0.022,1.404,8.061,16644,23067,0,36,33,33,1264944,33984,29,31,0
2262,1.364,0.413,0.014,1.790,1.641,16644,23067,0,36,33,33,1264944,33984,29,31,0
2263,0.962,0.596,0.017,1.575,1.987,16644,23067,0,36,33,33,1264944,33984,29,31,0
2264,0.966,0.479,0.017,1.462,1.777,16644,23067,0,36,33,33,1264944,33984,29,31,0
2265,0.970,8.700,0.018,9.688,1.659,16644,23067,0,36,33,33,1264944,33984,29,31,0
2266,0.973,7.741,0.017,8.731,9.906,16644,23067,0,36,33,33,1264944,33984,29,31,0
2267,0.962,6.322,0.021,7.305,8.935,16644,23067,0,36,33,33,1264944,33984,29,31,0
2268,1.091,0.441,0.022,1.555,7.525,16644,23067,0,36,33,33,1264944,33984,29,31,0
2269,0.961,0.528,0.014,1.503,1.759,16644,23067,0,36,33,33,1264944,33984,29,31,0
2270,0.987,0.481,0.020,1.488,1.702,16644,23067,0,36,33,33,1264944,33984,29,31,0
2271,0.933,0.437,0.018,1.388,1.685,16644,23067,0,36,33,33,1264944,33984,29,31,0
2272,0.814,2.580,0.013,3.407,1.558,16644,23067,0,36,33,33,1264944,33984,29,31,0
2273,1.112,13.746,0.016,14.874,3.605,16644,23067,0,36,33,33,1264944,33984,29,31,0
2274,0.978,6.607,0.019,7.604,15.084,16644,23067,0,36,33,33,1264944,33984,29,31,0
2275,0.928,0.435,0.015,1.378,7.820,16644,23067,0,36,33,33,1264944,33984,29,31,0
2276,0.932,0.522,0.012,1.466,1.574,16644,23067,0,36,33,33,1264944,33984,29,31,0
2277,1.108,0.640,0.020,1.768,1.663,16644,23067,0,36,33,33,1264944,33984,29,31,0
2278,1.085,1.522,0.023,2.630,1.990,16644,23067,0,36,33,33,1264944,33984,29,31,0
2279,0.919,3.395,0.042,4.356,2.827,16644,23067,0,36,33,33,1264944,33984,29,31,0
2280,0.931,11.676,0.017,12.624,4.583,16644,23067,0,36,33,33,1264944,33984,29,31,0
2281,1.110,6.647,0.012,7.769,12.851,16644,23067,0,36,33,33,1264944,33984,29,31,0
2282,0.939,0.385,0.016,1.340,7.994,16644,23067,0,36,33,33,1264944,33984,29,31,0
2283,0.918,0.457,0.020,1.395,1.528,16644,23067,0,36,33,33,1264944,33984,29,31,0
2284,0.929,0.636,0.054,1.619,1.603,16644,23067,0,36,33,33,1264944,33984,29,31,0
2285,1.006,1.679,0.015,2.700,1.834,16644,23067,0,36,33,33,1264944,33984,29,31,0
2286,0.909,3.146,0.012,4.067,2.914,16644,23067,0,36,33,33,1264944,33984,29,31,0
2287,0.952,12.006,0.012,12.971,4.270,16644,23067,0,36,33,33,1264944,33984,29,31,0
2288,1.093,6.650,0.021,7.764,13.174,16644,23067,0,36,33,33,1264944,33984,29,31,0
2289,1.101,0.408,0.016,1.525,7.979,16644,23067,0,36,33,33,1264944,33984,29,31,0
2290,0.922,0.402,0.064,1.387,1.744,16644,23067,0,36,33,33,1264944,33984,29,31,0
2291,0.935,0.640,0.019,1.595,1.584,16644,23067,0,36,33,33,1264944,33984,29,31,0
2292,1.001,1.845,0.016,2.863,1.801,16644,23067,0,36,33,33,1264944,33984,29,31,0
2293,1.104,3.030,0.017,4.150,3.076,16644,23067,0,36,33,33,1264944,33984,29,31,0
2294,0.991,11.559,0.024,12.574,4.378,16644,23067,0,36,33,33,1264944,33984,29,31,0
2295,0.956,7.104,0.018,8.078,12.795,16644,23067,0,36,33,33,1264944,33984,29,31,0
2296,1.172,0.403,0.015,1.590,8.349,16644,23067,0,36,33,33,1264944,33984,29,31,0
2297,0.933,0.441,0.020,1.394,1.796,16644,23067,0,36,33,33,1264944,33984,29,31,0
2298,0.955,0.593,0.017,1.565,1.595,16644,23067,0,36,33,33,1264944,33984,29,31,0
2299,0.975,1.055,0.022,2.052,1.762,16644,23067,0,36,33,33,1264944,33984,29,31,0
2300,0.930,2.838,0.015,3.783,2.259,16644,23067,0,36,33,33,1264944,33984,29,31,0
2301,1.081,12.120,0.012,13.213,4.014,16644,23067,0,36,33,33,1264944,33984,29,31,0
2302,1.053,6.735,0.014,7.802,13.457,16644,23067,0,36,33,33,1264944,33984,29,31,0
2303,0.930,0.393,0.015,1.337,8.011,16644,23067,0,36,33,33,1264944,33984,29,31,0
2304,0.930,0.478,0.018,1.427,1.537,16644,23067,0,36,33,33,1264944,33984,29,31,0
2305,1.096,0.502,0.020,1.618,1.615,16644,23067,0,36,33,33,1264944,33984,29,31,0
2306,0.961,0.490,0.020,1.470,1.810,16644,23067,0,36,33,33,1264944,33984,29,31,0
2307,0.958,9.182,0.018,10.158,1.678,16644,23067,0,36,33,33,1264944,33984,29,31,0
2308,0.945,7.283,0.017,8.245,10.383,16644,23067,0,36,33,33,1264944,33984,29,31,0
2309,0.967,6.576,0.012,7.555,8.467,16644,23067,0,36,33,33,1264944,33984,29,31,0
2310,1.113,0.391,0.014,1.518,7.766,16644,23067,0,36,33,33,1264944,33984,29,31,0
2311,0.933,0.520,0.030,1.483,1.710,16644,23067,0,36,33,33,1264944,33984,29,31,0
2312,1.042,0.468,0.016,1.526,1.681,16644,23067,0,36,33,33,1264944,33984,29,31,0
2313,1.003,1.945,0.027,2.974,1.722,16644,23067,0,36,33,33,1264944,33984,29,31,0
2314,1.182,3.139,0.016,4.338,3.207,16644,23067,0,36,33,33,1264944,33984,29,31,0
2315,0.944,11.216,0.021,12.181,4.569,16644,23067,0,36,33,33,1264944,33984,29,31,0
2316,1.094,6.871,0.016,7.981,12.405,16644,23067,0,36,33,33,1264944,33984,29,31,0
2317,0.907,0.394,0.026,1.327,8.204,16644,23067,0,36,33,33,1264944,33984,29,31,0
2318,0.932,0.653,0.017,1.602,1.533,16644,23067,0,36,33,33,1264944,33984,29,31,0
2319,0.964,1.913,0.023,2.900,1.811,16644,23067,0,36,33,33,1264944,33984,29,31,0
2320,0.822,0.389,0.019,1.229,3.076,16644,23067,0,36,33,33,1264944,33984,29,31,0
2321,0.811,3.464,0.012,4.288,1.398,16644,23067,0,36,33,33,1264944,33984,29,31,0
2322,0.973,11.558,0.011,12.543,4.472,16644,23067,0,36,33,33,1264944,33984,29,31,0
2323,1.058,6.694,0.014,7.766,12.766,16644,23067,0,36,33,33,1264944,33984,29,31,0
2324,0.909,0.379,0.013,1.301,7.988,16644,23067,0,36,33,33,1264944,33984,29,31,0
2325,0.904,0.436,0.014,1.355,1.496,16644,23067,0,36,33,33,1264944,33984,29,31,0
2326,1.081,0.465,0.016,1.562,1.548,16644,23067,0,36,33,33,1264944,33984,29,31,0
2327,0.913,0.428,0.022,1.362,1.754,16644,23067,0,36,33,33,1264944,33984,29,31,0
2328,0.838,9.790,0.023,10.652,1.534,16644,23067,0,36,33,33,1264944,33984,29,31,0
2329,0.944,7.385,0.014,8.343,10.874,16644,23067,0,36,33,33,1264944,33984,29,31,0
2330,0.974,6.459,0.011,7.444,8.559,16644,23067,0,36,33,33,1264944,33984,29,31,0
2331,1.072,0.421,0.016,1.509,7.659,16644,23067,0,36,33,33,1264944,33984,29,31,0
2332,0.937,0.498,0.017,1.451,1.709,16644,23067,0,36,33,33,1264944,33984,29,31,0
2333,0.964,0.476,0.016,1.455,1.651,16644,23067,0,36,33,33,1264944,33984,29,31,0
2334,0.999,0.914,0.017,1.931,1.647,16644,23067,0,36,33,33,1264944,33984,29,31,0
2335,0.933,0.405,0.014,1.352,2.128,16644,23067,0,36,33,33,1264944,33984,29,31,0
2336,1.064,2.228,0.016,3.309,1.553,16644,23067,0,36,33,33,1264944,33984,29,31,0
2337,0.846,11.960,0.011,12.817,3.504,16644,23067,0,36,33,33,1264944,33984,29,31,0
2338,1.058,6.997,0.022,8.078,13.033,16644,23067,0,36,33,33,1264944,33984,29,31,0
2339,0.936,0.454,0.016,1.407,8.297,16644,23067,0,36,33,33,1264944,33984,29,31,0
2340,0.969,0.470,0.017,1.456,1.608,16644,23067,0,36,33,33,1264944,33984,29,31,0
2341,1.169,0.382,0.013,1.563,1.649,16644,23067,0,36,33,33,1264944,33984,29,31,0
2342,0.833,0.654,0.017,1.504,1.733,16644,23067,0,36,33,33,1264944,33984,29,31,0
2343,0.822,0.356,0.012,1.191,1.678,16644,23067,0,36,33,33,1264944,33984,29,31,0
2344,0.780,2.598,0.014,3.392,1.361,16644,23067,0,36,33,33,1264944,33984,29,31,0
2345,0.830,12.634,0.014,13.479,3.568,16644,23067,0,36,33,33,1264944,33984,29,31,0
2346,1.075,6.596,0.012,7.683,13.696,16644,23067,0,36,33,33,1264944,33984,29,31,0
2347,0.930,0.382,0.018,1.330,7.910,16644,23067,0,36,33,33,1264944,33984,29,31,0
2348,0.933,0.721,0.015,1.669,1.525,16644,23067,0,36,33,33,1264944,33984,29,31,0
2349,1.115,0.434,0.016,1.565,1.867,16644,23067,0,36,33,33,1264944,33984,29,31,0
2350,0.943,0.472,0.019,1.434,1.776,16644,23067,0,36,33,33,1264944,33984,29,31,0
2351,0.961,8.943,0.017,9.921,1.633,16644,23067,0,36,33,33,1264944,33984,29,31,0
2352,0.841,7.435,0.015,8.292,10.117,16644,23067,0,36,33,33,1264944,33984,29,31,0
2353,0.959,6.677,0.011,7.647,8.505,16644,23067,0,36,33,33,1264944,33984,29,31,0
2354,1.065,0.423,0.015,1.502,7.861,16644,23067,0,36,33,33,1264944,33984,29,31,0
2355,0.946,0.446,0.013,1.406,1.708,16644,23067,0,36,33,33,1264944,33984,29,31,0
2356,0.934,0.459,0.021,1.413,1.608,16644,23067,0,36,33,33,1264944,33984,29,31,0
2357,0.832,1.136,0.015,1.983,1.606,16644,23067,0,36,33,33,1264944,33984,29,31,0
2358,0.819,0.345,0.017,1.181,2.159,16644,23067,0,36,33,33,1264944,33984,29,31,0
2359,1.012,3.068,0.029,4.109,1.343,16644,23067,0,36,33,33,1264944,33984,29,31,0
2360,0.827,11.870,0.017,12.714,4.307,16644,23067,0,36,33,33,1264944,33984,29,31,0
2361,0.926,6.781,0.013,7.720,12.917,16644,23067,0,36,33,33,1264944,33984,29,31,0
2362,1.076,6.876,0.019,7.971,7.923,16644,23067,0,36,33,33,1264944,33984,29,31,0
2363,0.907,7.162,0.013,8.082,8.179,16644,23067,0,36,33,33,1264944,33984,29,31,0
2364,1.076,7.180,0.011,8.266,8.291,16644,23067,0,36,33,33,1264944,33984,29,31,0
2365,1.070,6.856,0.022,7.947,8.500,16644,23067,0,36,33,33,1264944,33984,29,31,0
2366,1.240,0.456,0.053,1.750,8.202,16644,23067,0,36,33,33,1264944,33984,29,31,0
2367,0.936,0.463,0.025,1.424,2.001,16644,23067,0,36,33,33,1264944,33984,29,31,0
2368,0.991,0.508,0.018,1.517,1.618,16644,23067,0,36,33,33,1264944,33984,29,31,0
2369,0.993,1.716,0.015,2.723,1.724,16644,23067,0,36,33,33,1264944,33984,29,31,0
2370,0.936,3.208,0.019,4.162,2.925,16644,23067,0,36,33,33,1264944,33984,29,31,0
2371,0.979,11.522,0.024,12.525,4.381,16644,23067,0,36,33,33,1264944,33984,29,31,0
2372,1.102,6.704,0.021,7.827,12.753,16644,23067,0,36,33,33,1264944,33984,29,31,0
2373,1.226,0.467,0.027,1.720,8.041,16644,23067,0,36,33,33,1264944,33984,29,31,0
2374,0.974,0.572,0.020,1.567,1.935,16644,23067,0,36,33,33,1264944,33984,29,31,0
2375,0.871,0.487,0.016,1.373,1.744,16644,23067,0,36,33,33,1264944,33984,29,31,0
2376,0.847,1.439,0.016,2.302,1.542,16644,23067,0,36,33,33,1264944,33984,29,31,0
2377,0.853,3.818,0.040,4.711,2.472,16644,23067,0,36,33,33,1264944,33984,29,31,0
2378,1.013,11.500,0.018,12.531,4.952,16644,23067,0,36,33,33,1264944,33984,29,31,0
2379,0.790,7.024,0.014,7.828,12.705,16644,23067,0,36,33,33,1264944,33984,29,31,0
2380,0.710,0.508,0.019,1.237,8.002,16644,23067,0,36,33,33,1264944,33984,29,31,0
2381,0.709,0.408,0.011,1.128,1.406,16644,23067,0,36,33,33,1264944,33984,29,31,0
2382,0.632,0.434,0.013,1.079,1.268,16644,23067,0,36,33,33,1264944,33984,29,31,0
2383,0.680,0.477,0.016,1.173,1.213,16644,23067,0,36,33,33,1264944,33984,29,31,0
2384,0.613,4.124,0.009,4.747,1.289,16644,23067,0,36,33,33,1264944,33984,29,31,0
2385,0.620,13.985,0.012,14.617,4.888,16644,23067,0,36,33,33,1264944,33984,29,31,0
2386,0.674,7.199,0.012,7.885,14.767,16644,23067,0,36,33,33,1264944,33984,29,31,0
2387,0.642,0.518,0.016,1.176,8.028,16644,23067,0,36,33,33,1264944,33984,29,31,0
2388,0.638,0.355,0.010,1.003,1.316,16644,23067,0,36,33,33,1264944,33984,29,31,0
2389,0.668,0.341,0.011,1.020,1.130,16644,23067,0,36,33,33,1264944,33984,29,31,0
2390,0.648,4.018,0.019,4.685,1.146,16644,23067,0,36,33,33,1264944,33984,29,31,0
2391,0.625,3.781,0.011,4.417,4.834,16644,23067,0,36,33,33,1264944,33984,29,31,0
2392,0.651,11.493,0.011,12.155,4.579,16644,23067,0,36,33,33,1264944,33984,29,31,0
2393,0.627,7.293,0.011,7.931,12.308,16644,23067,0,36,33,33,1264944,33984,29,31,0
2394,0.694,0.397,0.014,1.105,8.093,16644,23067,0,36,33,33,1264944,33984,29,31,0
2395,0.973,0.332,0.011,1.317,1.257,16644,23067,0,36,33,33,1264944,33984,29,31,0
2396,0.653,2.047,0.014,2.714,1.449,16644,23067,0,36,33,33,1264944,33984,29,31,0
2397,0.729,1.586,0.015,2.329,2.870,16644,23067,0,36,33,33,1264944,33984,29,31,0
2398,0.703,2.979,0.010,3.693,2.478,16644,23067,0,36,33,33,1264944,33984,29,31,0
2399,0.887,12.458,0.012,13.358,3.866,16644,23067,0,36,33,33,1264944,33984,29,31,0
2400,0.726,7.155,0.012,7.892,13.508,16644,23067,0,36,33,33,1264944,33984,29,31,0
2401,0.923,0.315,0.012,1.250,8.073,16644,23067,0,36,33,33,1264944,33984,29,31,0
2402,0.735,0.538,0.016,1.289,1.392,16644,23067,0,36,33,33,1264944,33984,29,31,0
2403,0.719,0.363,0.021,1.102,1.438,16644,23067,0,36,33,33,1264944,33984,29,31,0
2404,0.726,3.194,0.015,3.936,1.263,16644,23067,0,36,33,33,1264944,33984,29,31,0
2405,0.936,2.794,0.009,3.740,4.097,16644,23067,0,36,33,33,1264944,33984,29,31,0
2406,0.705,12.099,0.011,12.816,3.899,16644,23067,0,36,33,33,1264944,33984,29,31,0
2407,0.929,6.922,0.018,7.869,12.969,16644,23067,0,36,33,33,1264944,33984,29,31,0
2408,0.973,0.447,0.013,1.433,8.059,16644,23067,0,36,33,33,1264944,33984,29,31,0
2409,0.825,0.405,0.015,1.245,1.601,16644,23067,0,36,33,33,1264944,33984,29,31,0
2410,0.704,0.405,0.010,1.120,1.398,16644,23067,0,36,33,33,1264944,33984,29,31,0
2411,0.720,3.314,0.011,4.045,1.256,16644,23067,0,36,33,33,1264944,33984,29,31,0
2412,0.676,3.238,0.014,3.928,4.199,16644,23067,0,36,33,33,1264944,33984,29,31,0
2413,0.924,11.723,0.021,12.667,4.080,16644,23067,0,36,33,33,1264944,33984,29,31,0
2414,0.994,7.017,0.016,8.027,12.850,16644,23067,0,36,33,33,1264944,33984,29,31,0
2415,1.063,0.360,0.013,1.435,8.197,16644,23067,0,36,33,33,1264944,33984,29,31,0
2416,0.838,0.424,0.013,1.275,1.621,16644,23067,0,36,33,33,1264944,33984,29,31,0
2417,0.791,0.435,0.016,1.242,1.443,16644,23067,0,36,33,33,1264944,33984,29,31,0
2418,0.809,0.375,0.015,1.199,1.411,16644,23067,0,36,33,33,1264944,33984,29,31,0
2419,0.735,10.145,0.015,10.896,1.333,16644,23067,0,36,33,33,1264944,33984,29,31,0
2420,0.979,7.422,0.010,8.412,11.066,16644,23067,0,36,33,33,1264944,33984,29,31,0
